"management","ES","EDS","ratio_direct"
"E",431,63,6.84126984126984
"SE",356,52,6.84615384615385
"M",256,38,6.73684210526316
"SI",226,35,6.45714285714286
"I",225,35,6.42857142857143
