"management","iteration","node_from","node_to"
"IN",1,95,295
"IN",1,95,112
"IN",1,95,126
"IN",1,99,358
"IN",1,98,358
"IN",1,97,358
"IN",1,97,351
"IN",1,358,376
"IN",1,358,377
"IN",1,358,368
"IN",1,358,367
"IN",1,358,378
"IN",1,358,374
"IN",1,358,369
"IN",1,358,365
"IN",1,358,381
"IN",1,358,380
"IN",1,358,370
"IN",1,98,470
"IN",1,98,445
"IN",1,99,412
"IN",1,94,445
"IN",1,94,429
"IN",1,94,457
"IN",1,94,438
"IN",1,96,445
"IN",1,96,438
"IN",1,95,469
"IN",1,95,445
"IN",1,95,422
"IN",1,95,438
"IN",1,99,508
"IN",1,95,196
"IN",1,95,514
"IN",1,95,516
"IN",1,95,523
"IN",1,99,495
"IN",1,99,496
"IN",1,99,497
"IN",1,99,498
"IN",1,99,499
"IN",1,99,500
"IN",1,99,501
"IN",1,99,502
"IN",1,99,503
"IN",1,99,504
"IN",1,99,505
"IN",1,352,375
"IN",1,352,365
"IN",1,358,366
"IN",1,358,382
"IN",1,477,527
"IN",1,487,527
"IN",1,489,527
"IN",1,490,527
"IN",1,479,528
"IN",1,480,528
"IN",1,488,528
"IN",1,479,529
"IN",1,480,529
"IN",1,488,529
"IN",1,479,532
"IN",1,480,532
"IN",1,488,532
"IN",1,479,533
"IN",1,480,533
"IN",1,488,533
"IN",1,477,540
"IN",1,487,540
"IN",1,489,540
"IN",1,490,540
"IN",1,477,541
"IN",1,487,541
"IN",1,489,541
"IN",1,490,541
"IN",1,356,381
"IN",1,352,376
"IN",1,356,378
"IN",1,350,365
"IN",1,491,537
"IN",1,508,550
"IN",1,358,379
"IN",1,508,545
"IN",1,508,548
"IN",1,508,549
"IN",1,478,534
"IN",1,478,540
"IN",1,478,542
"IN",1,478,543
"IN",1,364,365
"IN",2,95,295
"IN",2,95,112
"IN",2,95,126
"IN",2,99,358
"IN",2,98,358
"IN",2,97,358
"IN",2,97,351
"IN",2,358,376
"IN",2,358,377
"IN",2,358,368
"IN",2,358,367
"IN",2,358,378
"IN",2,358,374
"IN",2,358,369
"IN",2,358,365
"IN",2,358,381
"IN",2,358,380
"IN",2,358,370
"IN",2,98,470
"IN",2,98,445
"IN",2,99,412
"IN",2,94,445
"IN",2,94,429
"IN",2,94,457
"IN",2,94,438
"IN",2,96,445
"IN",2,96,438
"IN",2,95,469
"IN",2,95,445
"IN",2,95,422
"IN",2,95,438
"IN",2,99,508
"IN",2,95,196
"IN",2,95,514
"IN",2,95,516
"IN",2,95,523
"IN",2,99,495
"IN",2,99,496
"IN",2,99,497
"IN",2,99,498
"IN",2,99,499
"IN",2,99,500
"IN",2,99,501
"IN",2,99,502
"IN",2,99,503
"IN",2,99,504
"IN",2,99,505
"IN",2,338,380
"IN",2,338,372
"IN",2,358,366
"IN",2,358,382
"IN",2,479,528
"IN",2,480,528
"IN",2,488,528
"IN",2,479,529
"IN",2,480,529
"IN",2,488,529
"IN",2,479,532
"IN",2,480,532
"IN",2,488,532
"IN",2,479,533
"IN",2,480,533
"IN",2,488,533
"IN",2,479,535
"IN",2,480,535
"IN",2,488,535
"IN",2,481,539
"IN",2,356,381
"IN",2,356,378
"IN",2,350,365
"IN",2,358,379
"IN",2,508,548
"IN",2,478,534
"IN",2,478,540
"IN",2,478,542
"IN",2,478,543
"IN",2,364,365
"IN",3,95,295
"IN",3,95,112
"IN",3,95,126
"IN",3,99,358
"IN",3,98,358
"IN",3,97,358
"IN",3,97,351
"IN",3,358,376
"IN",3,358,377
"IN",3,358,368
"IN",3,358,367
"IN",3,358,378
"IN",3,358,374
"IN",3,358,369
"IN",3,358,365
"IN",3,358,381
"IN",3,358,380
"IN",3,358,370
"IN",3,98,470
"IN",3,98,445
"IN",3,99,412
"IN",3,94,445
"IN",3,94,429
"IN",3,94,457
"IN",3,94,438
"IN",3,96,445
"IN",3,96,438
"IN",3,95,469
"IN",3,95,445
"IN",3,95,422
"IN",3,95,438
"IN",3,99,508
"IN",3,95,196
"IN",3,95,514
"IN",3,95,516
"IN",3,95,523
"IN",3,99,495
"IN",3,99,496
"IN",3,99,497
"IN",3,99,498
"IN",3,99,499
"IN",3,99,500
"IN",3,99,501
"IN",3,99,502
"IN",3,99,503
"IN",3,99,504
"IN",3,99,505
"IN",3,358,366
"IN",3,358,382
"IN",3,356,381
"IN",3,356,378
"IN",3,358,379
"IN",3,508,548
"IN",3,508,549
"IN",3,337,377
"IN",3,478,534
"IN",3,478,540
"IN",3,478,542
"IN",3,478,543
"IN",3,337,365
"IN",3,337,369
"IN",3,337,376
"IN",3,337,381
"IN",3,337,378
"IN",3,337,371
"IN",3,360,365
"IN",3,360,376
"IN",4,95,295
"IN",4,95,112
"IN",4,95,126
"IN",4,99,358
"IN",4,98,358
"IN",4,97,358
"IN",4,97,351
"IN",4,358,376
"IN",4,358,377
"IN",4,358,368
"IN",4,358,367
"IN",4,358,378
"IN",4,358,374
"IN",4,358,369
"IN",4,358,365
"IN",4,358,381
"IN",4,358,380
"IN",4,358,370
"IN",4,98,470
"IN",4,98,445
"IN",4,99,412
"IN",4,94,445
"IN",4,94,429
"IN",4,94,457
"IN",4,94,438
"IN",4,96,445
"IN",4,96,438
"IN",4,95,469
"IN",4,95,445
"IN",4,95,422
"IN",4,95,438
"IN",4,99,508
"IN",4,95,196
"IN",4,95,514
"IN",4,95,516
"IN",4,95,523
"IN",4,99,495
"IN",4,99,496
"IN",4,99,497
"IN",4,99,498
"IN",4,99,499
"IN",4,99,500
"IN",4,99,501
"IN",4,99,502
"IN",4,99,503
"IN",4,99,504
"IN",4,99,505
"IN",4,352,375
"IN",4,508,544
"IN",4,352,365
"IN",4,358,366
"IN",4,358,382
"IN",4,477,527
"IN",4,487,527
"IN",4,489,527
"IN",4,490,527
"IN",4,477,540
"IN",4,487,540
"IN",4,489,540
"IN",4,490,540
"IN",4,477,541
"IN",4,487,541
"IN",4,489,541
"IN",4,490,541
"IN",4,356,381
"IN",4,352,376
"IN",4,356,378
"IN",4,491,537
"IN",4,508,550
"IN",4,347,376
"IN",4,358,379
"IN",4,508,545
"IN",4,478,534
"IN",4,478,540
"IN",4,478,542
"IN",4,478,543
"IN",4,364,365
"IN",5,95,295
"IN",5,95,112
"IN",5,95,126
"IN",5,99,358
"IN",5,98,358
"IN",5,97,358
"IN",5,97,351
"IN",5,358,376
"IN",5,358,377
"IN",5,358,368
"IN",5,358,367
"IN",5,358,378
"IN",5,358,374
"IN",5,358,369
"IN",5,358,365
"IN",5,358,381
"IN",5,358,380
"IN",5,358,370
"IN",5,98,470
"IN",5,98,445
"IN",5,99,412
"IN",5,94,445
"IN",5,94,429
"IN",5,94,457
"IN",5,94,438
"IN",5,96,445
"IN",5,96,438
"IN",5,95,469
"IN",5,95,445
"IN",5,95,422
"IN",5,95,438
"IN",5,99,508
"IN",5,95,196
"IN",5,95,514
"IN",5,95,516
"IN",5,95,523
"IN",5,99,495
"IN",5,99,496
"IN",5,99,497
"IN",5,99,498
"IN",5,99,499
"IN",5,99,500
"IN",5,99,501
"IN",5,99,502
"IN",5,99,503
"IN",5,99,504
"IN",5,99,505
"IN",5,508,544
"IN",5,358,366
"IN",5,358,382
"IN",5,477,527
"IN",5,487,527
"IN",5,489,527
"IN",5,490,527
"IN",5,479,528
"IN",5,480,528
"IN",5,488,528
"IN",5,493,528
"IN",5,479,529
"IN",5,480,529
"IN",5,488,529
"IN",5,493,529
"IN",5,493,531
"IN",5,479,532
"IN",5,480,532
"IN",5,488,532
"IN",5,493,532
"IN",5,479,533
"IN",5,480,533
"IN",5,488,533
"IN",5,493,533
"IN",5,493,538
"IN",5,477,540
"IN",5,487,540
"IN",5,489,540
"IN",5,490,540
"IN",5,477,541
"IN",5,487,541
"IN",5,489,541
"IN",5,490,541
"IN",5,356,381
"IN",5,356,378
"IN",5,358,379
"IN",5,508,548
"IN",5,508,549
"IN",5,360,365
"IN",5,360,376
"IN",6,95,295
"IN",6,95,112
"IN",6,95,126
"IN",6,99,358
"IN",6,98,358
"IN",6,97,358
"IN",6,97,351
"IN",6,358,376
"IN",6,358,377
"IN",6,358,368
"IN",6,358,367
"IN",6,358,378
"IN",6,358,374
"IN",6,358,369
"IN",6,358,365
"IN",6,358,381
"IN",6,358,380
"IN",6,358,370
"IN",6,98,470
"IN",6,98,445
"IN",6,99,412
"IN",6,94,445
"IN",6,94,429
"IN",6,94,457
"IN",6,94,438
"IN",6,96,445
"IN",6,96,438
"IN",6,95,469
"IN",6,95,445
"IN",6,95,422
"IN",6,95,438
"IN",6,99,508
"IN",6,95,196
"IN",6,95,514
"IN",6,95,516
"IN",6,95,523
"IN",6,99,495
"IN",6,99,496
"IN",6,99,497
"IN",6,99,498
"IN",6,99,499
"IN",6,99,500
"IN",6,99,501
"IN",6,99,502
"IN",6,99,503
"IN",6,99,504
"IN",6,99,505
"IN",6,508,544
"IN",6,358,366
"IN",6,358,382
"IN",6,477,527
"IN",6,484,527
"IN",6,487,527
"IN",6,489,527
"IN",6,490,527
"IN",6,477,540
"IN",6,484,540
"IN",6,487,540
"IN",6,489,540
"IN",6,490,540
"IN",6,477,541
"IN",6,484,541
"IN",6,487,541
"IN",6,489,541
"IN",6,490,541
"IN",6,356,381
"IN",6,356,378
"IN",6,350,365
"IN",6,508,545
"IN",6,508,546
"IN",6,358,379
"IN",6,484,534
"IN",6,484,542
"IN",6,484,543
"IN",6,508,548
"IN",6,478,534
"IN",6,478,540
"IN",6,478,542
"IN",6,478,543
"IN",7,95,295
"IN",7,95,112
"IN",7,95,126
"IN",7,99,358
"IN",7,98,358
"IN",7,97,358
"IN",7,97,351
"IN",7,358,376
"IN",7,358,377
"IN",7,358,368
"IN",7,358,367
"IN",7,358,378
"IN",7,358,374
"IN",7,358,369
"IN",7,358,365
"IN",7,358,381
"IN",7,358,380
"IN",7,358,370
"IN",7,98,470
"IN",7,98,445
"IN",7,99,412
"IN",7,94,445
"IN",7,94,429
"IN",7,94,457
"IN",7,94,438
"IN",7,96,445
"IN",7,96,438
"IN",7,95,469
"IN",7,95,445
"IN",7,95,422
"IN",7,95,438
"IN",7,99,508
"IN",7,95,196
"IN",7,95,514
"IN",7,95,516
"IN",7,95,523
"IN",7,99,495
"IN",7,99,496
"IN",7,99,497
"IN",7,99,498
"IN",7,99,499
"IN",7,99,500
"IN",7,99,501
"IN",7,99,502
"IN",7,99,503
"IN",7,99,504
"IN",7,99,505
"IN",7,352,375
"IN",7,508,544
"IN",7,352,365
"IN",7,358,366
"IN",7,358,382
"IN",7,477,527
"IN",7,487,527
"IN",7,489,527
"IN",7,490,527
"IN",7,479,528
"IN",7,480,528
"IN",7,488,528
"IN",7,493,528
"IN",7,494,528
"IN",7,479,529
"IN",7,480,529
"IN",7,488,529
"IN",7,493,529
"IN",7,494,529
"IN",7,493,531
"IN",7,494,531
"IN",7,479,532
"IN",7,480,532
"IN",7,488,532
"IN",7,493,532
"IN",7,494,532
"IN",7,479,533
"IN",7,480,533
"IN",7,488,533
"IN",7,493,533
"IN",7,494,533
"IN",7,479,535
"IN",7,480,535
"IN",7,488,535
"IN",7,493,538
"IN",7,494,538
"IN",7,477,540
"IN",7,487,540
"IN",7,489,540
"IN",7,490,540
"IN",7,477,541
"IN",7,487,541
"IN",7,489,541
"IN",7,490,541
"IN",7,356,381
"IN",7,352,376
"IN",7,356,378
"IN",7,508,550
"IN",7,358,379
"IN",7,494,530
"IN",7,508,545
"IN",7,478,534
"IN",7,478,540
"IN",7,478,542
"IN",7,478,543
"IN",8,95,295
"IN",8,95,112
"IN",8,95,126
"IN",8,99,358
"IN",8,98,358
"IN",8,97,358
"IN",8,97,351
"IN",8,358,376
"IN",8,358,377
"IN",8,358,368
"IN",8,358,367
"IN",8,358,378
"IN",8,358,374
"IN",8,358,369
"IN",8,358,365
"IN",8,358,381
"IN",8,358,380
"IN",8,358,370
"IN",8,98,470
"IN",8,98,445
"IN",8,99,412
"IN",8,94,445
"IN",8,94,429
"IN",8,94,457
"IN",8,94,438
"IN",8,96,445
"IN",8,96,438
"IN",8,95,469
"IN",8,95,445
"IN",8,95,422
"IN",8,95,438
"IN",8,99,508
"IN",8,95,196
"IN",8,95,514
"IN",8,95,516
"IN",8,95,523
"IN",8,99,495
"IN",8,99,496
"IN",8,99,497
"IN",8,99,498
"IN",8,99,499
"IN",8,99,500
"IN",8,99,501
"IN",8,99,502
"IN",8,99,503
"IN",8,99,504
"IN",8,99,505
"IN",8,358,366
"IN",8,358,382
"IN",8,477,527
"IN",8,487,527
"IN",8,489,527
"IN",8,490,527
"IN",8,477,540
"IN",8,487,540
"IN",8,489,540
"IN",8,490,540
"IN",8,477,541
"IN",8,487,541
"IN",8,489,541
"IN",8,490,541
"IN",8,350,365
"IN",8,508,550
"IN",8,358,379
"IN",8,360,365
"IN",8,360,376
"IN",9,95,295
"IN",9,95,112
"IN",9,95,126
"IN",9,99,358
"IN",9,98,358
"IN",9,97,358
"IN",9,97,351
"IN",9,358,376
"IN",9,358,377
"IN",9,358,368
"IN",9,358,367
"IN",9,358,378
"IN",9,358,374
"IN",9,358,369
"IN",9,358,365
"IN",9,358,381
"IN",9,358,380
"IN",9,358,370
"IN",9,98,470
"IN",9,98,445
"IN",9,99,412
"IN",9,94,445
"IN",9,94,429
"IN",9,94,457
"IN",9,94,438
"IN",9,96,445
"IN",9,96,438
"IN",9,95,469
"IN",9,95,445
"IN",9,95,422
"IN",9,95,438
"IN",9,99,508
"IN",9,95,196
"IN",9,95,514
"IN",9,95,516
"IN",9,95,523
"IN",9,99,495
"IN",9,99,496
"IN",9,99,497
"IN",9,99,498
"IN",9,99,499
"IN",9,99,500
"IN",9,99,501
"IN",9,99,502
"IN",9,99,503
"IN",9,99,504
"IN",9,99,505
"IN",9,358,366
"IN",9,358,382
"IN",9,350,365
"IN",9,508,546
"IN",9,358,379
"IN",9,508,545
"IN",9,508,549
"IN",10,95,295
"IN",10,95,112
"IN",10,95,126
"IN",10,99,358
"IN",10,98,358
"IN",10,97,358
"IN",10,97,351
"IN",10,358,376
"IN",10,358,377
"IN",10,358,368
"IN",10,358,367
"IN",10,358,378
"IN",10,358,374
"IN",10,358,369
"IN",10,358,365
"IN",10,358,381
"IN",10,358,380
"IN",10,358,370
"IN",10,98,470
"IN",10,98,445
"IN",10,99,412
"IN",10,94,445
"IN",10,94,429
"IN",10,94,457
"IN",10,94,438
"IN",10,96,445
"IN",10,96,438
"IN",10,95,469
"IN",10,95,445
"IN",10,95,422
"IN",10,95,438
"IN",10,99,508
"IN",10,95,196
"IN",10,95,514
"IN",10,95,516
"IN",10,95,523
"IN",10,99,495
"IN",10,99,496
"IN",10,99,497
"IN",10,99,498
"IN",10,99,499
"IN",10,99,500
"IN",10,99,501
"IN",10,99,502
"IN",10,99,503
"IN",10,99,504
"IN",10,99,505
"IN",10,338,380
"IN",10,338,372
"IN",10,508,544
"IN",10,358,366
"IN",10,358,382
"IN",10,479,528
"IN",10,480,528
"IN",10,488,528
"IN",10,493,528
"IN",10,494,528
"IN",10,479,529
"IN",10,480,529
"IN",10,488,529
"IN",10,493,529
"IN",10,494,529
"IN",10,493,531
"IN",10,494,531
"IN",10,479,532
"IN",10,480,532
"IN",10,488,532
"IN",10,493,532
"IN",10,494,532
"IN",10,479,533
"IN",10,480,533
"IN",10,488,533
"IN",10,493,533
"IN",10,494,533
"IN",10,493,538
"IN",10,494,538
"IN",10,350,365
"IN",10,491,537
"IN",10,493,537
"IN",10,508,546
"IN",10,358,379
"IN",10,492,530
"IN",10,494,530
"IN",10,508,548
"IN",10,478,534
"IN",10,478,540
"IN",10,478,542
"IN",10,478,543
"IN",10,364,365
"IN",10,360,365
"IN",10,360,376
"IN",11,95,295
"IN",11,95,112
"IN",11,95,126
"IN",11,99,358
"IN",11,98,358
"IN",11,97,358
"IN",11,97,351
"IN",11,358,376
"IN",11,358,377
"IN",11,358,368
"IN",11,358,367
"IN",11,358,378
"IN",11,358,374
"IN",11,358,369
"IN",11,358,365
"IN",11,358,381
"IN",11,358,380
"IN",11,358,370
"IN",11,98,470
"IN",11,98,445
"IN",11,99,412
"IN",11,94,445
"IN",11,94,429
"IN",11,94,457
"IN",11,94,438
"IN",11,96,445
"IN",11,96,438
"IN",11,95,469
"IN",11,95,445
"IN",11,95,422
"IN",11,95,438
"IN",11,99,508
"IN",11,95,196
"IN",11,95,514
"IN",11,95,516
"IN",11,95,523
"IN",11,99,495
"IN",11,99,496
"IN",11,99,497
"IN",11,99,498
"IN",11,99,499
"IN",11,99,500
"IN",11,99,501
"IN",11,99,502
"IN",11,99,503
"IN",11,99,504
"IN",11,99,505
"IN",11,352,375
"IN",11,352,365
"IN",11,358,366
"IN",11,358,382
"IN",11,352,376
"IN",11,358,379
"IN",11,508,545
"IN",11,508,548
"IN",11,508,549
"IN",11,337,377
"IN",11,478,534
"IN",11,492,536
"IN",11,478,540
"IN",11,478,542
"IN",11,478,543
"IN",11,337,365
"IN",11,337,369
"IN",11,337,376
"IN",11,337,381
"IN",11,337,378
"IN",11,337,371
"IN",11,360,365
"IN",11,360,376
"IN",12,95,295
"IN",12,95,112
"IN",12,95,126
"IN",12,99,358
"IN",12,98,358
"IN",12,97,358
"IN",12,97,351
"IN",12,358,376
"IN",12,358,377
"IN",12,358,368
"IN",12,358,367
"IN",12,358,378
"IN",12,358,374
"IN",12,358,369
"IN",12,358,365
"IN",12,358,381
"IN",12,358,380
"IN",12,358,370
"IN",12,98,470
"IN",12,98,445
"IN",12,99,412
"IN",12,94,445
"IN",12,94,429
"IN",12,94,457
"IN",12,94,438
"IN",12,96,445
"IN",12,96,438
"IN",12,95,469
"IN",12,95,445
"IN",12,95,422
"IN",12,95,438
"IN",12,99,508
"IN",12,95,196
"IN",12,95,514
"IN",12,95,516
"IN",12,95,523
"IN",12,99,495
"IN",12,99,496
"IN",12,99,497
"IN",12,99,498
"IN",12,99,499
"IN",12,99,500
"IN",12,99,501
"IN",12,99,502
"IN",12,99,503
"IN",12,99,504
"IN",12,99,505
"IN",12,352,375
"IN",12,508,544
"IN",12,352,365
"IN",12,358,366
"IN",12,358,382
"IN",12,477,527
"IN",12,487,527
"IN",12,489,527
"IN",12,490,527
"IN",12,477,540
"IN",12,487,540
"IN",12,489,540
"IN",12,490,540
"IN",12,477,541
"IN",12,487,541
"IN",12,489,541
"IN",12,490,541
"IN",12,356,381
"IN",12,352,376
"IN",12,356,378
"IN",12,508,545
"IN",12,508,546
"IN",12,347,376
"IN",12,358,379
"IN",12,508,548
"IN",12,360,365
"IN",12,360,376
"IN",13,95,295
"IN",13,95,112
"IN",13,95,126
"IN",13,99,358
"IN",13,98,358
"IN",13,97,358
"IN",13,97,351
"IN",13,358,376
"IN",13,358,377
"IN",13,358,368
"IN",13,358,367
"IN",13,358,378
"IN",13,358,374
"IN",13,358,369
"IN",13,358,365
"IN",13,358,381
"IN",13,358,380
"IN",13,358,370
"IN",13,98,470
"IN",13,98,445
"IN",13,99,412
"IN",13,94,445
"IN",13,94,429
"IN",13,94,457
"IN",13,94,438
"IN",13,96,445
"IN",13,96,438
"IN",13,95,469
"IN",13,95,445
"IN",13,95,422
"IN",13,95,438
"IN",13,99,508
"IN",13,95,196
"IN",13,95,514
"IN",13,95,516
"IN",13,95,523
"IN",13,99,495
"IN",13,99,496
"IN",13,99,497
"IN",13,99,498
"IN",13,99,499
"IN",13,99,500
"IN",13,99,501
"IN",13,99,502
"IN",13,99,503
"IN",13,99,504
"IN",13,99,505
"IN",13,508,544
"IN",13,358,366
"IN",13,358,382
"IN",13,477,527
"IN",13,487,527
"IN",13,489,527
"IN",13,490,527
"IN",13,479,528
"IN",13,480,528
"IN",13,488,528
"IN",13,493,528
"IN",13,494,528
"IN",13,479,529
"IN",13,480,529
"IN",13,488,529
"IN",13,493,529
"IN",13,494,529
"IN",13,493,531
"IN",13,494,531
"IN",13,479,532
"IN",13,480,532
"IN",13,488,532
"IN",13,493,532
"IN",13,494,532
"IN",13,479,533
"IN",13,480,533
"IN",13,488,533
"IN",13,493,533
"IN",13,494,533
"IN",13,479,535
"IN",13,480,535
"IN",13,488,535
"IN",13,493,538
"IN",13,494,538
"IN",13,481,539
"IN",13,477,540
"IN",13,487,540
"IN",13,489,540
"IN",13,490,540
"IN",13,477,541
"IN",13,487,541
"IN",13,489,541
"IN",13,490,541
"IN",13,350,365
"IN",13,508,547
"IN",13,358,379
"IN",13,492,530
"IN",13,494,530
"IN",13,508,545
"IN",13,508,548
"IN",13,508,549
"IN",13,478,534
"IN",13,492,536
"IN",13,478,540
"IN",13,478,542
"IN",13,478,543
"IN",14,95,295
"IN",14,95,112
"IN",14,95,126
"IN",14,99,358
"IN",14,98,358
"IN",14,97,358
"IN",14,97,351
"IN",14,358,376
"IN",14,358,377
"IN",14,358,368
"IN",14,358,367
"IN",14,358,378
"IN",14,358,374
"IN",14,358,369
"IN",14,358,365
"IN",14,358,381
"IN",14,358,380
"IN",14,358,370
"IN",14,98,470
"IN",14,98,445
"IN",14,99,412
"IN",14,94,445
"IN",14,94,429
"IN",14,94,457
"IN",14,94,438
"IN",14,96,445
"IN",14,96,438
"IN",14,95,469
"IN",14,95,445
"IN",14,95,422
"IN",14,95,438
"IN",14,99,508
"IN",14,95,196
"IN",14,95,514
"IN",14,95,516
"IN",14,95,523
"IN",14,99,495
"IN",14,99,496
"IN",14,99,497
"IN",14,99,498
"IN",14,99,499
"IN",14,99,500
"IN",14,99,501
"IN",14,99,502
"IN",14,99,503
"IN",14,99,504
"IN",14,99,505
"IN",14,508,544
"IN",14,358,366
"IN",14,358,382
"IN",14,477,527
"IN",14,487,527
"IN",14,489,527
"IN",14,490,527
"IN",14,479,528
"IN",14,480,528
"IN",14,488,528
"IN",14,479,529
"IN",14,480,529
"IN",14,488,529
"IN",14,479,532
"IN",14,480,532
"IN",14,488,532
"IN",14,479,533
"IN",14,480,533
"IN",14,488,533
"IN",14,479,535
"IN",14,480,535
"IN",14,488,535
"IN",14,477,540
"IN",14,487,540
"IN",14,489,540
"IN",14,490,540
"IN",14,477,541
"IN",14,487,541
"IN",14,489,541
"IN",14,490,541
"IN",14,356,381
"IN",14,356,378
"IN",14,508,545
"IN",14,508,546
"IN",14,508,547
"IN",14,508,550
"IN",14,347,376
"IN",14,358,379
"IN",14,508,548
"IN",14,478,534
"IN",14,492,536
"IN",14,478,540
"IN",14,478,542
"IN",14,478,543
"IN",15,95,295
"IN",15,95,112
"IN",15,95,126
"IN",15,99,358
"IN",15,98,358
"IN",15,97,358
"IN",15,97,351
"IN",15,358,376
"IN",15,358,377
"IN",15,358,368
"IN",15,358,367
"IN",15,358,378
"IN",15,358,374
"IN",15,358,369
"IN",15,358,365
"IN",15,358,381
"IN",15,358,380
"IN",15,358,370
"IN",15,98,470
"IN",15,98,445
"IN",15,99,412
"IN",15,94,445
"IN",15,94,429
"IN",15,94,457
"IN",15,94,438
"IN",15,96,445
"IN",15,96,438
"IN",15,95,469
"IN",15,95,445
"IN",15,95,422
"IN",15,95,438
"IN",15,99,508
"IN",15,95,196
"IN",15,95,514
"IN",15,95,516
"IN",15,95,523
"IN",15,99,495
"IN",15,99,496
"IN",15,99,497
"IN",15,99,498
"IN",15,99,499
"IN",15,99,500
"IN",15,99,501
"IN",15,99,502
"IN",15,99,503
"IN",15,99,504
"IN",15,99,505
"IN",15,352,375
"IN",15,352,365
"IN",15,358,366
"IN",15,358,382
"IN",15,479,528
"IN",15,480,528
"IN",15,488,528
"IN",15,479,529
"IN",15,480,529
"IN",15,488,529
"IN",15,479,532
"IN",15,480,532
"IN",15,488,532
"IN",15,479,533
"IN",15,480,533
"IN",15,488,533
"IN",15,479,535
"IN",15,480,535
"IN",15,488,535
"IN",15,356,381
"IN",15,352,376
"IN",15,356,378
"IN",15,350,365
"IN",15,358,379
"IN",15,508,548
"IN",15,508,549
"IN",16,95,295
"IN",16,95,112
"IN",16,95,126
"IN",16,99,358
"IN",16,98,358
"IN",16,97,358
"IN",16,97,351
"IN",16,358,376
"IN",16,358,377
"IN",16,358,368
"IN",16,358,367
"IN",16,358,378
"IN",16,358,374
"IN",16,358,369
"IN",16,358,365
"IN",16,358,381
"IN",16,358,380
"IN",16,358,370
"IN",16,98,470
"IN",16,98,445
"IN",16,99,412
"IN",16,94,445
"IN",16,94,429
"IN",16,94,457
"IN",16,94,438
"IN",16,96,445
"IN",16,96,438
"IN",16,95,469
"IN",16,95,445
"IN",16,95,422
"IN",16,95,438
"IN",16,99,508
"IN",16,95,196
"IN",16,95,514
"IN",16,95,516
"IN",16,95,523
"IN",16,99,495
"IN",16,99,496
"IN",16,99,497
"IN",16,99,498
"IN",16,99,499
"IN",16,99,500
"IN",16,99,501
"IN",16,99,502
"IN",16,99,503
"IN",16,99,504
"IN",16,99,505
"IN",16,358,366
"IN",16,358,382
"IN",16,350,365
"IN",16,508,547
"IN",16,358,379
"IN",16,508,545
"IN",16,492,530
"IN",16,508,548
"IN",16,508,549
"IN",16,478,534
"IN",16,492,536
"IN",16,478,540
"IN",16,478,542
"IN",16,478,543
"IN",17,95,295
"IN",17,95,112
"IN",17,95,126
"IN",17,99,358
"IN",17,98,358
"IN",17,97,358
"IN",17,97,351
"IN",17,358,376
"IN",17,358,377
"IN",17,358,368
"IN",17,358,367
"IN",17,358,378
"IN",17,358,374
"IN",17,358,369
"IN",17,358,365
"IN",17,358,381
"IN",17,358,380
"IN",17,358,370
"IN",17,98,470
"IN",17,98,445
"IN",17,99,412
"IN",17,94,445
"IN",17,94,429
"IN",17,94,457
"IN",17,94,438
"IN",17,96,445
"IN",17,96,438
"IN",17,95,469
"IN",17,95,445
"IN",17,95,422
"IN",17,95,438
"IN",17,99,508
"IN",17,95,196
"IN",17,95,514
"IN",17,95,516
"IN",17,95,523
"IN",17,99,495
"IN",17,99,496
"IN",17,99,497
"IN",17,99,498
"IN",17,99,499
"IN",17,99,500
"IN",17,99,501
"IN",17,99,502
"IN",17,99,503
"IN",17,99,504
"IN",17,99,505
"IN",17,358,366
"IN",17,358,382
"IN",17,477,527
"IN",17,487,527
"IN",17,489,527
"IN",17,490,527
"IN",17,479,528
"IN",17,480,528
"IN",17,488,528
"IN",17,493,528
"IN",17,479,529
"IN",17,480,529
"IN",17,488,529
"IN",17,493,529
"IN",17,493,531
"IN",17,479,532
"IN",17,480,532
"IN",17,488,532
"IN",17,493,532
"IN",17,479,533
"IN",17,480,533
"IN",17,488,533
"IN",17,493,533
"IN",17,479,535
"IN",17,480,535
"IN",17,488,535
"IN",17,493,538
"IN",17,477,540
"IN",17,487,540
"IN",17,489,540
"IN",17,490,540
"IN",17,477,541
"IN",17,487,541
"IN",17,489,541
"IN",17,490,541
"IN",17,356,381
"IN",17,356,378
"IN",17,350,365
"IN",17,508,545
"IN",17,358,379
"IN",17,508,548
"IN",17,508,549
"IN",17,478,534
"IN",17,478,540
"IN",17,478,542
"IN",17,478,543
"IN",17,364,365
"IN",18,95,295
"IN",18,95,112
"IN",18,95,126
"IN",18,99,358
"IN",18,98,358
"IN",18,97,358
"IN",18,97,351
"IN",18,358,376
"IN",18,358,377
"IN",18,358,368
"IN",18,358,367
"IN",18,358,378
"IN",18,358,374
"IN",18,358,369
"IN",18,358,365
"IN",18,358,381
"IN",18,358,380
"IN",18,358,370
"IN",18,98,470
"IN",18,98,445
"IN",18,99,412
"IN",18,94,445
"IN",18,94,429
"IN",18,94,457
"IN",18,94,438
"IN",18,96,445
"IN",18,96,438
"IN",18,95,469
"IN",18,95,445
"IN",18,95,422
"IN",18,95,438
"IN",18,99,508
"IN",18,95,196
"IN",18,95,514
"IN",18,95,516
"IN",18,95,523
"IN",18,99,495
"IN",18,99,496
"IN",18,99,497
"IN",18,99,498
"IN",18,99,499
"IN",18,99,500
"IN",18,99,501
"IN",18,99,502
"IN",18,99,503
"IN",18,99,504
"IN",18,99,505
"IN",18,338,380
"IN",18,338,372
"IN",18,508,544
"IN",18,358,366
"IN",18,358,382
"IN",18,356,381
"IN",18,356,378
"IN",18,508,545
"IN",18,358,379
"IN",18,508,546
"IN",18,508,549
"IN",18,478,534
"IN",18,478,540
"IN",18,478,542
"IN",18,478,543
"IN",18,364,365
"IN",18,360,365
"IN",18,360,376
"IN",19,95,295
"IN",19,95,112
"IN",19,95,126
"IN",19,99,358
"IN",19,98,358
"IN",19,97,358
"IN",19,97,351
"IN",19,358,376
"IN",19,358,377
"IN",19,358,368
"IN",19,358,367
"IN",19,358,378
"IN",19,358,374
"IN",19,358,369
"IN",19,358,365
"IN",19,358,381
"IN",19,358,380
"IN",19,358,370
"IN",19,98,470
"IN",19,98,445
"IN",19,99,412
"IN",19,94,445
"IN",19,94,429
"IN",19,94,457
"IN",19,94,438
"IN",19,96,445
"IN",19,96,438
"IN",19,95,469
"IN",19,95,445
"IN",19,95,422
"IN",19,95,438
"IN",19,99,508
"IN",19,95,196
"IN",19,95,514
"IN",19,95,516
"IN",19,95,523
"IN",19,99,495
"IN",19,99,496
"IN",19,99,497
"IN",19,99,498
"IN",19,99,499
"IN",19,99,500
"IN",19,99,501
"IN",19,99,502
"IN",19,99,503
"IN",19,99,504
"IN",19,99,505
"IN",19,358,366
"IN",19,358,382
"IN",19,477,527
"IN",19,487,527
"IN",19,489,527
"IN",19,490,527
"IN",19,477,540
"IN",19,487,540
"IN",19,489,540
"IN",19,490,540
"IN",19,477,541
"IN",19,487,541
"IN",19,489,541
"IN",19,490,541
"IN",19,350,365
"IN",19,508,547
"IN",19,358,379
"IN",19,508,546
"IN",19,508,545
"IN",19,508,548
"IN",19,360,365
"IN",19,360,376
"IN",20,95,295
"IN",20,95,112
"IN",20,95,126
"IN",20,99,358
"IN",20,98,358
"IN",20,97,358
"IN",20,97,351
"IN",20,358,376
"IN",20,358,377
"IN",20,358,368
"IN",20,358,367
"IN",20,358,378
"IN",20,358,374
"IN",20,358,369
"IN",20,358,365
"IN",20,358,381
"IN",20,358,380
"IN",20,358,370
"IN",20,98,470
"IN",20,98,445
"IN",20,99,412
"IN",20,94,445
"IN",20,94,429
"IN",20,94,457
"IN",20,94,438
"IN",20,96,445
"IN",20,96,438
"IN",20,95,469
"IN",20,95,445
"IN",20,95,422
"IN",20,95,438
"IN",20,99,508
"IN",20,95,196
"IN",20,95,514
"IN",20,95,516
"IN",20,95,523
"IN",20,99,495
"IN",20,99,496
"IN",20,99,497
"IN",20,99,498
"IN",20,99,499
"IN",20,99,500
"IN",20,99,501
"IN",20,99,502
"IN",20,99,503
"IN",20,99,504
"IN",20,99,505
"IN",20,352,375
"IN",20,508,544
"IN",20,352,365
"IN",20,358,366
"IN",20,358,382
"IN",20,477,527
"IN",20,487,527
"IN",20,489,527
"IN",20,490,527
"IN",20,479,528
"IN",20,480,528
"IN",20,488,528
"IN",20,493,528
"IN",20,494,528
"IN",20,479,529
"IN",20,480,529
"IN",20,488,529
"IN",20,493,529
"IN",20,494,529
"IN",20,493,531
"IN",20,494,531
"IN",20,479,532
"IN",20,480,532
"IN",20,488,532
"IN",20,493,532
"IN",20,494,532
"IN",20,479,533
"IN",20,480,533
"IN",20,488,533
"IN",20,493,533
"IN",20,494,533
"IN",20,479,535
"IN",20,480,535
"IN",20,488,535
"IN",20,493,538
"IN",20,494,538
"IN",20,477,540
"IN",20,487,540
"IN",20,489,540
"IN",20,490,540
"IN",20,477,541
"IN",20,487,541
"IN",20,489,541
"IN",20,490,541
"IN",20,356,381
"IN",20,352,376
"IN",20,356,378
"IN",20,508,545
"IN",20,508,547
"IN",20,358,379
"IN",20,492,530
"IN",20,494,530
"IN",20,508,549
"IN",21,95,295
"IN",21,95,112
"IN",21,95,126
"IN",21,99,358
"IN",21,98,358
"IN",21,97,358
"IN",21,97,351
"IN",21,358,376
"IN",21,358,377
"IN",21,358,368
"IN",21,358,367
"IN",21,358,378
"IN",21,358,374
"IN",21,358,369
"IN",21,358,365
"IN",21,358,381
"IN",21,358,380
"IN",21,358,370
"IN",21,98,470
"IN",21,98,445
"IN",21,99,412
"IN",21,94,445
"IN",21,94,429
"IN",21,94,457
"IN",21,94,438
"IN",21,96,445
"IN",21,96,438
"IN",21,95,469
"IN",21,95,445
"IN",21,95,422
"IN",21,95,438
"IN",21,99,508
"IN",21,95,196
"IN",21,95,514
"IN",21,95,516
"IN",21,95,523
"IN",21,99,495
"IN",21,99,496
"IN",21,99,497
"IN",21,99,498
"IN",21,99,499
"IN",21,99,500
"IN",21,99,501
"IN",21,99,502
"IN",21,99,503
"IN",21,99,504
"IN",21,99,505
"IN",21,352,375
"IN",21,508,544
"IN",21,352,365
"IN",21,358,366
"IN",21,358,382
"IN",21,479,528
"IN",21,480,528
"IN",21,488,528
"IN",21,479,529
"IN",21,480,529
"IN",21,488,529
"IN",21,479,532
"IN",21,480,532
"IN",21,488,532
"IN",21,479,533
"IN",21,480,533
"IN",21,488,533
"IN",21,479,535
"IN",21,480,535
"IN",21,488,535
"IN",21,481,539
"IN",21,356,381
"IN",21,352,376
"IN",21,356,378
"IN",21,350,365
"IN",21,491,537
"IN",21,508,545
"IN",21,508,550
"IN",21,358,379
"IN",21,492,536
"IN",21,364,365
"IN",22,95,295
"IN",22,95,112
"IN",22,95,126
"IN",22,99,358
"IN",22,98,358
"IN",22,97,358
"IN",22,97,351
"IN",22,358,376
"IN",22,358,377
"IN",22,358,368
"IN",22,358,367
"IN",22,358,378
"IN",22,358,374
"IN",22,358,369
"IN",22,358,365
"IN",22,358,381
"IN",22,358,380
"IN",22,358,370
"IN",22,98,470
"IN",22,98,445
"IN",22,99,412
"IN",22,94,445
"IN",22,94,429
"IN",22,94,457
"IN",22,94,438
"IN",22,96,445
"IN",22,96,438
"IN",22,95,469
"IN",22,95,445
"IN",22,95,422
"IN",22,95,438
"IN",22,99,508
"IN",22,95,196
"IN",22,95,514
"IN",22,95,516
"IN",22,95,523
"IN",22,99,495
"IN",22,99,496
"IN",22,99,497
"IN",22,99,498
"IN",22,99,499
"IN",22,99,500
"IN",22,99,501
"IN",22,99,502
"IN",22,99,503
"IN",22,99,504
"IN",22,99,505
"IN",22,352,375
"IN",22,508,544
"IN",22,352,365
"IN",22,358,366
"IN",22,358,382
"IN",22,477,527
"IN",22,487,527
"IN",22,489,527
"IN",22,490,527
"IN",22,477,540
"IN",22,487,540
"IN",22,489,540
"IN",22,490,540
"IN",22,477,541
"IN",22,487,541
"IN",22,489,541
"IN",22,490,541
"IN",22,352,376
"IN",22,350,365
"IN",22,508,545
"IN",22,358,379
"IN",22,508,546
"IN",22,508,548
"IN",23,95,295
"IN",23,95,112
"IN",23,95,126
"IN",23,99,358
"IN",23,98,358
"IN",23,97,358
"IN",23,97,351
"IN",23,358,376
"IN",23,358,377
"IN",23,358,368
"IN",23,358,367
"IN",23,358,378
"IN",23,358,374
"IN",23,358,369
"IN",23,358,365
"IN",23,358,381
"IN",23,358,380
"IN",23,358,370
"IN",23,98,470
"IN",23,98,445
"IN",23,99,412
"IN",23,94,445
"IN",23,94,429
"IN",23,94,457
"IN",23,94,438
"IN",23,96,445
"IN",23,96,438
"IN",23,95,469
"IN",23,95,445
"IN",23,95,422
"IN",23,95,438
"IN",23,99,508
"IN",23,95,196
"IN",23,95,514
"IN",23,95,516
"IN",23,95,523
"IN",23,99,495
"IN",23,99,496
"IN",23,99,497
"IN",23,99,498
"IN",23,99,499
"IN",23,99,500
"IN",23,99,501
"IN",23,99,502
"IN",23,99,503
"IN",23,99,504
"IN",23,99,505
"IN",23,508,544
"IN",23,358,366
"IN",23,358,382
"IN",23,477,527
"IN",23,484,527
"IN",23,487,527
"IN",23,489,527
"IN",23,490,527
"IN",23,479,528
"IN",23,480,528
"IN",23,488,528
"IN",23,479,529
"IN",23,480,529
"IN",23,488,529
"IN",23,479,532
"IN",23,480,532
"IN",23,488,532
"IN",23,479,533
"IN",23,480,533
"IN",23,488,533
"IN",23,479,535
"IN",23,480,535
"IN",23,488,535
"IN",23,477,540
"IN",23,484,540
"IN",23,487,540
"IN",23,489,540
"IN",23,490,540
"IN",23,477,541
"IN",23,484,541
"IN",23,487,541
"IN",23,489,541
"IN",23,490,541
"IN",23,508,546
"IN",23,358,379
"IN",23,484,534
"IN",23,484,542
"IN",23,484,543
"IN",23,508,548
"IN",23,508,549
"IN",23,337,377
"IN",23,478,534
"IN",23,478,540
"IN",23,478,542
"IN",23,478,543
"IN",23,337,365
"IN",23,337,369
"IN",23,337,376
"IN",23,337,381
"IN",23,337,378
"IN",23,360,365
"IN",23,360,376
"IN",24,95,295
"IN",24,95,112
"IN",24,95,126
"IN",24,99,358
"IN",24,98,358
"IN",24,97,358
"IN",24,97,351
"IN",24,358,376
"IN",24,358,377
"IN",24,358,368
"IN",24,358,367
"IN",24,358,378
"IN",24,358,374
"IN",24,358,369
"IN",24,358,365
"IN",24,358,381
"IN",24,358,380
"IN",24,358,370
"IN",24,98,470
"IN",24,98,445
"IN",24,99,412
"IN",24,94,445
"IN",24,94,429
"IN",24,94,457
"IN",24,94,438
"IN",24,96,445
"IN",24,96,438
"IN",24,95,469
"IN",24,95,445
"IN",24,95,422
"IN",24,95,438
"IN",24,99,508
"IN",24,95,196
"IN",24,95,514
"IN",24,95,516
"IN",24,95,523
"IN",24,99,495
"IN",24,99,496
"IN",24,99,497
"IN",24,99,498
"IN",24,99,499
"IN",24,99,500
"IN",24,99,501
"IN",24,99,502
"IN",24,99,503
"IN",24,99,504
"IN",24,99,505
"IN",24,352,375
"IN",24,338,380
"IN",24,338,372
"IN",24,352,365
"IN",24,358,366
"IN",24,358,382
"IN",24,356,381
"IN",24,352,376
"IN",24,356,378
"IN",24,350,365
"IN",24,508,546
"IN",24,508,547
"IN",24,347,376
"IN",24,358,379
"IN",24,508,548
"IN",24,478,534
"IN",24,492,536
"IN",24,478,540
"IN",24,478,542
"IN",24,478,543
"IN",25,95,295
"IN",25,95,112
"IN",25,95,126
"IN",25,99,358
"IN",25,98,358
"IN",25,97,358
"IN",25,97,351
"IN",25,358,376
"IN",25,358,377
"IN",25,358,368
"IN",25,358,367
"IN",25,358,378
"IN",25,358,374
"IN",25,358,369
"IN",25,358,365
"IN",25,358,381
"IN",25,358,380
"IN",25,358,370
"IN",25,98,470
"IN",25,98,445
"IN",25,99,412
"IN",25,94,445
"IN",25,94,429
"IN",25,94,457
"IN",25,94,438
"IN",25,96,445
"IN",25,96,438
"IN",25,95,469
"IN",25,95,445
"IN",25,95,422
"IN",25,95,438
"IN",25,99,508
"IN",25,95,196
"IN",25,95,514
"IN",25,95,516
"IN",25,95,523
"IN",25,99,495
"IN",25,99,496
"IN",25,99,497
"IN",25,99,498
"IN",25,99,499
"IN",25,99,500
"IN",25,99,501
"IN",25,99,502
"IN",25,99,503
"IN",25,99,504
"IN",25,99,505
"IN",25,352,375
"IN",25,338,380
"IN",25,338,372
"IN",25,508,544
"IN",25,352,365
"IN",25,358,366
"IN",25,358,382
"IN",25,477,527
"IN",25,487,527
"IN",25,489,527
"IN",25,490,527
"IN",25,479,528
"IN",25,480,528
"IN",25,488,528
"IN",25,493,528
"IN",25,479,529
"IN",25,480,529
"IN",25,488,529
"IN",25,493,529
"IN",25,493,531
"IN",25,479,532
"IN",25,480,532
"IN",25,488,532
"IN",25,493,532
"IN",25,479,533
"IN",25,480,533
"IN",25,488,533
"IN",25,493,533
"IN",25,479,535
"IN",25,480,535
"IN",25,488,535
"IN",25,493,538
"IN",25,477,540
"IN",25,487,540
"IN",25,489,540
"IN",25,490,540
"IN",25,477,541
"IN",25,487,541
"IN",25,489,541
"IN",25,490,541
"IN",25,352,376
"IN",25,350,365
"IN",25,508,547
"IN",25,508,550
"IN",25,347,376
"IN",25,358,379
"IN",25,492,530
"IN",25,508,548
"IN",25,478,534
"IN",25,492,536
"IN",25,478,540
"IN",25,478,542
"IN",25,478,543
"IN",26,95,295
"IN",26,95,112
"IN",26,95,126
"IN",26,99,358
"IN",26,98,358
"IN",26,97,358
"IN",26,97,351
"IN",26,358,376
"IN",26,358,377
"IN",26,358,368
"IN",26,358,367
"IN",26,358,378
"IN",26,358,374
"IN",26,358,369
"IN",26,358,365
"IN",26,358,381
"IN",26,358,380
"IN",26,358,370
"IN",26,98,470
"IN",26,98,445
"IN",26,99,412
"IN",26,94,445
"IN",26,94,429
"IN",26,94,457
"IN",26,94,438
"IN",26,96,445
"IN",26,96,438
"IN",26,95,469
"IN",26,95,445
"IN",26,95,422
"IN",26,95,438
"IN",26,99,508
"IN",26,95,196
"IN",26,95,514
"IN",26,95,516
"IN",26,95,523
"IN",26,99,495
"IN",26,99,496
"IN",26,99,497
"IN",26,99,498
"IN",26,99,499
"IN",26,99,500
"IN",26,99,501
"IN",26,99,502
"IN",26,99,503
"IN",26,99,504
"IN",26,99,505
"IN",26,508,544
"IN",26,358,366
"IN",26,358,382
"IN",26,508,545
"IN",26,508,550
"IN",26,358,379
"IN",26,508,548
"IN",26,508,549
"IN",26,478,534
"IN",26,492,536
"IN",26,478,540
"IN",26,478,542
"IN",26,478,543
"IN",26,360,365
"IN",26,360,376
"IN",27,95,295
"IN",27,95,112
"IN",27,95,126
"IN",27,99,358
"IN",27,98,358
"IN",27,97,358
"IN",27,97,351
"IN",27,358,376
"IN",27,358,377
"IN",27,358,368
"IN",27,358,367
"IN",27,358,378
"IN",27,358,374
"IN",27,358,369
"IN",27,358,365
"IN",27,358,381
"IN",27,358,380
"IN",27,358,370
"IN",27,98,470
"IN",27,98,445
"IN",27,99,412
"IN",27,94,445
"IN",27,94,429
"IN",27,94,457
"IN",27,94,438
"IN",27,96,445
"IN",27,96,438
"IN",27,95,469
"IN",27,95,445
"IN",27,95,422
"IN",27,95,438
"IN",27,99,508
"IN",27,95,196
"IN",27,95,514
"IN",27,95,516
"IN",27,95,523
"IN",27,99,495
"IN",27,99,496
"IN",27,99,497
"IN",27,99,498
"IN",27,99,499
"IN",27,99,500
"IN",27,99,501
"IN",27,99,502
"IN",27,99,503
"IN",27,99,504
"IN",27,99,505
"IN",27,358,366
"IN",27,358,382
"IN",27,481,539
"IN",27,356,381
"IN",27,356,378
"IN",27,350,365
"IN",27,508,545
"IN",27,358,379
"IN",27,508,546
"IN",27,492,530
"IN",27,508,548
"IN",27,508,549
"IN",27,337,377
"IN",27,478,534
"IN",27,492,536
"IN",27,478,540
"IN",27,478,542
"IN",27,478,543
"IN",27,337,365
"IN",27,337,369
"IN",27,337,376
"IN",27,337,381
"IN",27,337,378
"IN",27,360,365
"IN",27,360,376
"IN",28,95,295
"IN",28,95,112
"IN",28,95,126
"IN",28,99,358
"IN",28,98,358
"IN",28,97,358
"IN",28,97,351
"IN",28,358,376
"IN",28,358,377
"IN",28,358,368
"IN",28,358,367
"IN",28,358,378
"IN",28,358,374
"IN",28,358,369
"IN",28,358,365
"IN",28,358,381
"IN",28,358,380
"IN",28,358,370
"IN",28,98,470
"IN",28,98,445
"IN",28,99,412
"IN",28,94,445
"IN",28,94,429
"IN",28,94,457
"IN",28,94,438
"IN",28,96,445
"IN",28,96,438
"IN",28,95,469
"IN",28,95,445
"IN",28,95,422
"IN",28,95,438
"IN",28,99,508
"IN",28,95,196
"IN",28,95,514
"IN",28,95,516
"IN",28,95,523
"IN",28,99,495
"IN",28,99,496
"IN",28,99,497
"IN",28,99,498
"IN",28,99,499
"IN",28,99,500
"IN",28,99,501
"IN",28,99,502
"IN",28,99,503
"IN",28,99,504
"IN",28,99,505
"IN",28,352,375
"IN",28,352,365
"IN",28,358,366
"IN",28,358,382
"IN",28,477,527
"IN",28,484,527
"IN",28,487,527
"IN",28,489,527
"IN",28,490,527
"IN",28,479,528
"IN",28,480,528
"IN",28,488,528
"IN",28,493,528
"IN",28,494,528
"IN",28,479,529
"IN",28,480,529
"IN",28,488,529
"IN",28,493,529
"IN",28,494,529
"IN",28,493,531
"IN",28,494,531
"IN",28,479,532
"IN",28,480,532
"IN",28,488,532
"IN",28,493,532
"IN",28,494,532
"IN",28,479,533
"IN",28,480,533
"IN",28,488,533
"IN",28,493,533
"IN",28,494,533
"IN",28,493,538
"IN",28,494,538
"IN",28,477,540
"IN",28,484,540
"IN",28,487,540
"IN",28,489,540
"IN",28,490,540
"IN",28,477,541
"IN",28,484,541
"IN",28,487,541
"IN",28,489,541
"IN",28,490,541
"IN",28,352,376
"IN",28,508,545
"IN",28,508,550
"IN",28,358,379
"IN",28,492,530
"IN",28,494,530
"IN",28,484,534
"IN",28,484,542
"IN",28,484,543
"IN",28,508,548
"IN",28,478,534
"IN",28,478,540
"IN",28,478,542
"IN",28,478,543
"IN",29,95,295
"IN",29,95,112
"IN",29,95,126
"IN",29,99,358
"IN",29,98,358
"IN",29,97,358
"IN",29,97,351
"IN",29,358,376
"IN",29,358,377
"IN",29,358,368
"IN",29,358,367
"IN",29,358,378
"IN",29,358,374
"IN",29,358,369
"IN",29,358,365
"IN",29,358,381
"IN",29,358,380
"IN",29,358,370
"IN",29,98,470
"IN",29,98,445
"IN",29,99,412
"IN",29,94,445
"IN",29,94,429
"IN",29,94,457
"IN",29,94,438
"IN",29,96,445
"IN",29,96,438
"IN",29,95,469
"IN",29,95,445
"IN",29,95,422
"IN",29,95,438
"IN",29,99,508
"IN",29,95,196
"IN",29,95,514
"IN",29,95,516
"IN",29,95,523
"IN",29,99,495
"IN",29,99,496
"IN",29,99,497
"IN",29,99,498
"IN",29,99,499
"IN",29,99,500
"IN",29,99,501
"IN",29,99,502
"IN",29,99,503
"IN",29,99,504
"IN",29,99,505
"IN",29,352,375
"IN",29,508,544
"IN",29,352,365
"IN",29,358,366
"IN",29,358,382
"IN",29,479,528
"IN",29,480,528
"IN",29,488,528
"IN",29,493,528
"IN",29,494,528
"IN",29,479,529
"IN",29,480,529
"IN",29,488,529
"IN",29,493,529
"IN",29,494,529
"IN",29,493,531
"IN",29,494,531
"IN",29,479,532
"IN",29,480,532
"IN",29,488,532
"IN",29,493,532
"IN",29,494,532
"IN",29,479,533
"IN",29,480,533
"IN",29,488,533
"IN",29,493,533
"IN",29,494,533
"IN",29,479,535
"IN",29,480,535
"IN",29,488,535
"IN",29,493,538
"IN",29,494,538
"IN",29,352,376
"IN",29,350,365
"IN",29,508,545
"IN",29,508,547
"IN",29,508,550
"IN",29,358,379
"IN",29,508,549
"IN",29,478,534
"IN",29,478,540
"IN",29,478,542
"IN",29,478,543
"IN",29,364,365
"IN",30,95,295
"IN",30,95,112
"IN",30,95,126
"IN",30,99,358
"IN",30,98,358
"IN",30,97,358
"IN",30,97,351
"IN",30,358,376
"IN",30,358,377
"IN",30,358,368
"IN",30,358,367
"IN",30,358,378
"IN",30,358,374
"IN",30,358,369
"IN",30,358,365
"IN",30,358,381
"IN",30,358,380
"IN",30,358,370
"IN",30,98,470
"IN",30,98,445
"IN",30,99,412
"IN",30,94,445
"IN",30,94,429
"IN",30,94,457
"IN",30,94,438
"IN",30,96,445
"IN",30,96,438
"IN",30,95,469
"IN",30,95,445
"IN",30,95,422
"IN",30,95,438
"IN",30,99,508
"IN",30,95,196
"IN",30,95,514
"IN",30,95,516
"IN",30,95,523
"IN",30,99,495
"IN",30,99,496
"IN",30,99,497
"IN",30,99,498
"IN",30,99,499
"IN",30,99,500
"IN",30,99,501
"IN",30,99,502
"IN",30,99,503
"IN",30,99,504
"IN",30,99,505
"IN",30,508,544
"IN",30,358,366
"IN",30,358,382
"IN",30,477,527
"IN",30,487,527
"IN",30,489,527
"IN",30,490,527
"IN",30,477,540
"IN",30,487,540
"IN",30,489,540
"IN",30,490,540
"IN",30,477,541
"IN",30,487,541
"IN",30,489,541
"IN",30,490,541
"IN",30,356,381
"IN",30,356,378
"IN",30,350,365
"IN",30,491,537
"IN",30,508,547
"IN",30,358,379
"IN",30,478,534
"IN",30,478,540
"IN",30,478,542
"IN",30,478,543
"IN",31,95,295
"IN",31,95,112
"IN",31,95,126
"IN",31,99,358
"IN",31,98,358
"IN",31,97,358
"IN",31,97,351
"IN",31,358,376
"IN",31,358,377
"IN",31,358,368
"IN",31,358,367
"IN",31,358,378
"IN",31,358,374
"IN",31,358,369
"IN",31,358,365
"IN",31,358,381
"IN",31,358,380
"IN",31,358,370
"IN",31,98,470
"IN",31,98,445
"IN",31,99,412
"IN",31,94,445
"IN",31,94,429
"IN",31,94,457
"IN",31,94,438
"IN",31,96,445
"IN",31,96,438
"IN",31,95,469
"IN",31,95,445
"IN",31,95,422
"IN",31,95,438
"IN",31,99,508
"IN",31,95,196
"IN",31,95,514
"IN",31,95,516
"IN",31,95,523
"IN",31,99,495
"IN",31,99,496
"IN",31,99,497
"IN",31,99,498
"IN",31,99,499
"IN",31,99,500
"IN",31,99,501
"IN",31,99,502
"IN",31,99,503
"IN",31,99,504
"IN",31,99,505
"IN",31,338,380
"IN",31,338,372
"IN",31,508,544
"IN",31,358,366
"IN",31,358,382
"IN",31,477,527
"IN",31,484,527
"IN",31,487,527
"IN",31,489,527
"IN",31,490,527
"IN",31,479,528
"IN",31,480,528
"IN",31,488,528
"IN",31,493,528
"IN",31,479,529
"IN",31,480,529
"IN",31,488,529
"IN",31,493,529
"IN",31,493,531
"IN",31,479,532
"IN",31,480,532
"IN",31,488,532
"IN",31,493,532
"IN",31,479,533
"IN",31,480,533
"IN",31,488,533
"IN",31,493,533
"IN",31,479,535
"IN",31,480,535
"IN",31,488,535
"IN",31,493,538
"IN",31,477,540
"IN",31,484,540
"IN",31,487,540
"IN",31,489,540
"IN",31,490,540
"IN",31,477,541
"IN",31,484,541
"IN",31,487,541
"IN",31,489,541
"IN",31,490,541
"IN",31,356,381
"IN",31,356,378
"IN",31,350,365
"IN",31,358,379
"IN",31,492,530
"IN",31,484,534
"IN",31,484,542
"IN",31,484,543
"IN",31,508,545
"IN",31,508,548
"IN",31,478,534
"IN",31,492,536
"IN",31,478,540
"IN",31,478,542
"IN",31,478,543
"IN",32,95,295
"IN",32,95,112
"IN",32,95,126
"IN",32,99,358
"IN",32,98,358
"IN",32,97,358
"IN",32,97,351
"IN",32,358,376
"IN",32,358,377
"IN",32,358,368
"IN",32,358,367
"IN",32,358,378
"IN",32,358,374
"IN",32,358,369
"IN",32,358,365
"IN",32,358,381
"IN",32,358,380
"IN",32,358,370
"IN",32,98,470
"IN",32,98,445
"IN",32,99,412
"IN",32,94,445
"IN",32,94,429
"IN",32,94,457
"IN",32,94,438
"IN",32,96,445
"IN",32,96,438
"IN",32,95,469
"IN",32,95,445
"IN",32,95,422
"IN",32,95,438
"IN",32,99,508
"IN",32,95,196
"IN",32,95,514
"IN",32,95,516
"IN",32,95,523
"IN",32,99,495
"IN",32,99,496
"IN",32,99,497
"IN",32,99,498
"IN",32,99,499
"IN",32,99,500
"IN",32,99,501
"IN",32,99,502
"IN",32,99,503
"IN",32,99,504
"IN",32,99,505
"IN",32,352,375
"IN",32,508,544
"IN",32,352,365
"IN",32,358,366
"IN",32,358,382
"IN",32,479,528
"IN",32,480,528
"IN",32,488,528
"IN",32,493,528
"IN",32,479,529
"IN",32,480,529
"IN",32,488,529
"IN",32,493,529
"IN",32,493,531
"IN",32,479,532
"IN",32,480,532
"IN",32,488,532
"IN",32,493,532
"IN",32,479,533
"IN",32,480,533
"IN",32,488,533
"IN",32,493,533
"IN",32,479,535
"IN",32,480,535
"IN",32,488,535
"IN",32,493,538
"IN",32,481,539
"IN",32,356,381
"IN",32,352,376
"IN",32,356,378
"IN",32,491,537
"IN",32,493,537
"IN",32,508,546
"IN",32,358,379
"IN",32,508,548
"IN",32,508,549
"IN",32,478,534
"IN",32,478,540
"IN",32,478,542
"IN",32,478,543
"IN",33,95,295
"IN",33,95,112
"IN",33,95,126
"IN",33,99,358
"IN",33,98,358
"IN",33,97,358
"IN",33,97,351
"IN",33,358,376
"IN",33,358,377
"IN",33,358,368
"IN",33,358,367
"IN",33,358,378
"IN",33,358,374
"IN",33,358,369
"IN",33,358,365
"IN",33,358,381
"IN",33,358,380
"IN",33,358,370
"IN",33,98,470
"IN",33,98,445
"IN",33,99,412
"IN",33,94,445
"IN",33,94,429
"IN",33,94,457
"IN",33,94,438
"IN",33,96,445
"IN",33,96,438
"IN",33,95,469
"IN",33,95,445
"IN",33,95,422
"IN",33,95,438
"IN",33,99,508
"IN",33,95,196
"IN",33,95,514
"IN",33,95,516
"IN",33,95,523
"IN",33,99,495
"IN",33,99,496
"IN",33,99,497
"IN",33,99,498
"IN",33,99,499
"IN",33,99,500
"IN",33,99,501
"IN",33,99,502
"IN",33,99,503
"IN",33,99,504
"IN",33,99,505
"IN",33,358,366
"IN",33,358,382
"IN",33,350,365
"IN",33,508,546
"IN",33,358,379
"IN",33,492,530
"IN",33,508,548
"IN",33,508,549
"IN",33,478,534
"IN",33,492,536
"IN",33,478,540
"IN",33,478,542
"IN",33,478,543
"IN",34,95,295
"IN",34,95,112
"IN",34,95,126
"IN",34,99,358
"IN",34,98,358
"IN",34,97,358
"IN",34,97,351
"IN",34,358,376
"IN",34,358,377
"IN",34,358,368
"IN",34,358,367
"IN",34,358,378
"IN",34,358,374
"IN",34,358,369
"IN",34,358,365
"IN",34,358,381
"IN",34,358,380
"IN",34,358,370
"IN",34,98,470
"IN",34,98,445
"IN",34,99,412
"IN",34,94,445
"IN",34,94,429
"IN",34,94,457
"IN",34,94,438
"IN",34,96,445
"IN",34,96,438
"IN",34,95,469
"IN",34,95,445
"IN",34,95,422
"IN",34,95,438
"IN",34,99,508
"IN",34,95,196
"IN",34,95,514
"IN",34,95,516
"IN",34,95,523
"IN",34,99,495
"IN",34,99,496
"IN",34,99,497
"IN",34,99,498
"IN",34,99,499
"IN",34,99,500
"IN",34,99,501
"IN",34,99,502
"IN",34,99,503
"IN",34,99,504
"IN",34,99,505
"IN",34,508,544
"IN",34,358,366
"IN",34,358,382
"IN",34,477,527
"IN",34,487,527
"IN",34,489,527
"IN",34,490,527
"IN",34,477,540
"IN",34,487,540
"IN",34,489,540
"IN",34,490,540
"IN",34,477,541
"IN",34,487,541
"IN",34,489,541
"IN",34,490,541
"IN",34,350,365
"IN",34,358,379
"IN",34,508,545
"IN",34,508,548
"IN",34,508,549
"IN",34,360,365
"IN",34,360,376
"IN",35,95,295
"IN",35,95,112
"IN",35,95,126
"IN",35,99,358
"IN",35,98,358
"IN",35,97,358
"IN",35,97,351
"IN",35,358,376
"IN",35,358,377
"IN",35,358,368
"IN",35,358,367
"IN",35,358,378
"IN",35,358,374
"IN",35,358,369
"IN",35,358,365
"IN",35,358,381
"IN",35,358,380
"IN",35,358,370
"IN",35,98,470
"IN",35,98,445
"IN",35,99,412
"IN",35,94,445
"IN",35,94,429
"IN",35,94,457
"IN",35,94,438
"IN",35,96,445
"IN",35,96,438
"IN",35,95,469
"IN",35,95,445
"IN",35,95,422
"IN",35,95,438
"IN",35,99,508
"IN",35,95,196
"IN",35,95,514
"IN",35,95,516
"IN",35,95,523
"IN",35,99,495
"IN",35,99,496
"IN",35,99,497
"IN",35,99,498
"IN",35,99,499
"IN",35,99,500
"IN",35,99,501
"IN",35,99,502
"IN",35,99,503
"IN",35,99,504
"IN",35,99,505
"IN",35,358,366
"IN",35,358,382
"IN",35,479,528
"IN",35,480,528
"IN",35,488,528
"IN",35,493,528
"IN",35,479,529
"IN",35,480,529
"IN",35,488,529
"IN",35,493,529
"IN",35,493,531
"IN",35,479,532
"IN",35,480,532
"IN",35,488,532
"IN",35,493,532
"IN",35,479,533
"IN",35,480,533
"IN",35,488,533
"IN",35,493,533
"IN",35,493,538
"IN",35,491,537
"IN",35,493,537
"IN",35,508,546
"IN",35,358,379
"IN",35,508,545
"IN",35,508,548
"IN",35,508,549
"IN",35,364,365
"IN",36,95,295
"IN",36,95,112
"IN",36,95,126
"IN",36,99,358
"IN",36,98,358
"IN",36,97,358
"IN",36,97,351
"IN",36,358,376
"IN",36,358,377
"IN",36,358,368
"IN",36,358,367
"IN",36,358,378
"IN",36,358,374
"IN",36,358,369
"IN",36,358,365
"IN",36,358,381
"IN",36,358,380
"IN",36,358,370
"IN",36,98,470
"IN",36,98,445
"IN",36,99,412
"IN",36,94,445
"IN",36,94,429
"IN",36,94,457
"IN",36,94,438
"IN",36,96,445
"IN",36,96,438
"IN",36,95,469
"IN",36,95,445
"IN",36,95,422
"IN",36,95,438
"IN",36,99,508
"IN",36,95,196
"IN",36,95,514
"IN",36,95,516
"IN",36,95,523
"IN",36,99,495
"IN",36,99,496
"IN",36,99,497
"IN",36,99,498
"IN",36,99,499
"IN",36,99,500
"IN",36,99,501
"IN",36,99,502
"IN",36,99,503
"IN",36,99,504
"IN",36,99,505
"IN",36,352,375
"IN",36,338,380
"IN",36,338,372
"IN",36,508,544
"IN",36,352,365
"IN",36,358,366
"IN",36,358,382
"IN",36,356,381
"IN",36,352,376
"IN",36,356,378
"IN",36,491,537
"IN",36,508,545
"IN",36,508,547
"IN",36,347,376
"IN",36,358,379
"IN",36,508,546
"IN",36,492,530
"IN",36,508,549
"IN",36,337,377
"IN",36,478,534
"IN",36,492,536
"IN",36,478,540
"IN",36,478,542
"IN",36,478,543
"IN",36,337,365
"IN",36,364,365
"IN",36,337,369
"IN",36,337,376
"IN",36,337,381
"IN",36,337,378
"IN",36,337,371
"IN",36,360,365
"IN",36,360,376
"IN",37,95,295
"IN",37,95,112
"IN",37,95,126
"IN",37,99,358
"IN",37,98,358
"IN",37,97,358
"IN",37,97,351
"IN",37,358,376
"IN",37,358,377
"IN",37,358,368
"IN",37,358,367
"IN",37,358,378
"IN",37,358,374
"IN",37,358,369
"IN",37,358,365
"IN",37,358,381
"IN",37,358,380
"IN",37,358,370
"IN",37,98,470
"IN",37,98,445
"IN",37,99,412
"IN",37,94,445
"IN",37,94,429
"IN",37,94,457
"IN",37,94,438
"IN",37,96,445
"IN",37,96,438
"IN",37,95,469
"IN",37,95,445
"IN",37,95,422
"IN",37,95,438
"IN",37,99,508
"IN",37,95,196
"IN",37,95,514
"IN",37,95,516
"IN",37,95,523
"IN",37,99,495
"IN",37,99,496
"IN",37,99,497
"IN",37,99,498
"IN",37,99,499
"IN",37,99,500
"IN",37,99,501
"IN",37,99,502
"IN",37,99,503
"IN",37,99,504
"IN",37,99,505
"IN",37,358,366
"IN",37,358,382
"IN",37,477,527
"IN",37,487,527
"IN",37,489,527
"IN",37,490,527
"IN",37,477,540
"IN",37,487,540
"IN",37,489,540
"IN",37,490,540
"IN",37,477,541
"IN",37,487,541
"IN",37,489,541
"IN",37,490,541
"IN",37,350,365
"IN",37,508,546
"IN",37,508,547
"IN",37,508,550
"IN",37,358,379
"IN",37,492,530
"IN",37,508,548
"IN",37,478,534
"IN",37,492,536
"IN",37,478,540
"IN",37,478,542
"IN",37,478,543
"IN",37,364,365
"IN",38,95,295
"IN",38,95,112
"IN",38,95,126
"IN",38,99,358
"IN",38,98,358
"IN",38,97,358
"IN",38,97,351
"IN",38,358,376
"IN",38,358,377
"IN",38,358,368
"IN",38,358,367
"IN",38,358,378
"IN",38,358,374
"IN",38,358,369
"IN",38,358,365
"IN",38,358,381
"IN",38,358,380
"IN",38,358,370
"IN",38,98,470
"IN",38,98,445
"IN",38,99,412
"IN",38,94,445
"IN",38,94,429
"IN",38,94,457
"IN",38,94,438
"IN",38,96,445
"IN",38,96,438
"IN",38,95,469
"IN",38,95,445
"IN",38,95,422
"IN",38,95,438
"IN",38,99,508
"IN",38,95,196
"IN",38,95,514
"IN",38,95,516
"IN",38,95,523
"IN",38,99,495
"IN",38,99,496
"IN",38,99,497
"IN",38,99,498
"IN",38,99,499
"IN",38,99,500
"IN",38,99,501
"IN",38,99,502
"IN",38,99,503
"IN",38,99,504
"IN",38,99,505
"IN",38,508,544
"IN",38,358,366
"IN",38,358,382
"IN",38,477,527
"IN",38,487,527
"IN",38,489,527
"IN",38,490,527
"IN",38,479,528
"IN",38,480,528
"IN",38,488,528
"IN",38,479,529
"IN",38,480,529
"IN",38,488,529
"IN",38,479,532
"IN",38,480,532
"IN",38,488,532
"IN",38,479,533
"IN",38,480,533
"IN",38,488,533
"IN",38,479,535
"IN",38,480,535
"IN",38,488,535
"IN",38,477,540
"IN",38,487,540
"IN",38,489,540
"IN",38,490,540
"IN",38,477,541
"IN",38,487,541
"IN",38,489,541
"IN",38,490,541
"IN",38,350,365
"IN",38,358,379
"IN",38,492,530
"IN",38,364,365
"IN",38,360,365
"IN",38,360,376
"IN",39,95,295
"IN",39,95,112
"IN",39,95,126
"IN",39,99,358
"IN",39,98,358
"IN",39,97,358
"IN",39,97,351
"IN",39,358,376
"IN",39,358,377
"IN",39,358,368
"IN",39,358,367
"IN",39,358,378
"IN",39,358,374
"IN",39,358,369
"IN",39,358,365
"IN",39,358,381
"IN",39,358,380
"IN",39,358,370
"IN",39,98,470
"IN",39,98,445
"IN",39,99,412
"IN",39,94,445
"IN",39,94,429
"IN",39,94,457
"IN",39,94,438
"IN",39,96,445
"IN",39,96,438
"IN",39,95,469
"IN",39,95,445
"IN",39,95,422
"IN",39,95,438
"IN",39,99,508
"IN",39,95,196
"IN",39,95,514
"IN",39,95,516
"IN",39,95,523
"IN",39,99,495
"IN",39,99,496
"IN",39,99,497
"IN",39,99,498
"IN",39,99,499
"IN",39,99,500
"IN",39,99,501
"IN",39,99,502
"IN",39,99,503
"IN",39,99,504
"IN",39,99,505
"IN",39,352,375
"IN",39,352,365
"IN",39,358,366
"IN",39,358,382
"IN",39,477,527
"IN",39,487,527
"IN",39,489,527
"IN",39,490,527
"IN",39,479,528
"IN",39,480,528
"IN",39,488,528
"IN",39,493,528
"IN",39,494,528
"IN",39,479,529
"IN",39,480,529
"IN",39,488,529
"IN",39,493,529
"IN",39,494,529
"IN",39,493,531
"IN",39,494,531
"IN",39,479,532
"IN",39,480,532
"IN",39,488,532
"IN",39,493,532
"IN",39,494,532
"IN",39,479,533
"IN",39,480,533
"IN",39,488,533
"IN",39,493,533
"IN",39,494,533
"IN",39,493,538
"IN",39,494,538
"IN",39,477,540
"IN",39,487,540
"IN",39,489,540
"IN",39,490,540
"IN",39,477,541
"IN",39,487,541
"IN",39,489,541
"IN",39,490,541
"IN",39,352,376
"IN",39,358,379
"IN",39,494,530
"IN",39,508,548
"IN",39,508,549
"IN",39,478,534
"IN",39,478,540
"IN",39,478,542
"IN",39,478,543
"IN",40,95,295
"IN",40,95,112
"IN",40,95,126
"IN",40,99,358
"IN",40,98,358
"IN",40,97,358
"IN",40,97,351
"IN",40,358,376
"IN",40,358,377
"IN",40,358,368
"IN",40,358,367
"IN",40,358,378
"IN",40,358,374
"IN",40,358,369
"IN",40,358,365
"IN",40,358,381
"IN",40,358,380
"IN",40,358,370
"IN",40,98,470
"IN",40,98,445
"IN",40,99,412
"IN",40,94,445
"IN",40,94,429
"IN",40,94,457
"IN",40,94,438
"IN",40,96,445
"IN",40,96,438
"IN",40,95,469
"IN",40,95,445
"IN",40,95,422
"IN",40,95,438
"IN",40,99,508
"IN",40,95,196
"IN",40,95,514
"IN",40,95,516
"IN",40,95,523
"IN",40,99,495
"IN",40,99,496
"IN",40,99,497
"IN",40,99,498
"IN",40,99,499
"IN",40,99,500
"IN",40,99,501
"IN",40,99,502
"IN",40,99,503
"IN",40,99,504
"IN",40,99,505
"IN",40,358,366
"IN",40,358,382
"IN",40,477,527
"IN",40,487,527
"IN",40,489,527
"IN",40,490,527
"IN",40,479,528
"IN",40,480,528
"IN",40,488,528
"IN",40,493,528
"IN",40,494,528
"IN",40,479,529
"IN",40,480,529
"IN",40,488,529
"IN",40,493,529
"IN",40,494,529
"IN",40,493,531
"IN",40,494,531
"IN",40,479,532
"IN",40,480,532
"IN",40,488,532
"IN",40,493,532
"IN",40,494,532
"IN",40,479,533
"IN",40,480,533
"IN",40,488,533
"IN",40,493,533
"IN",40,494,533
"IN",40,479,535
"IN",40,480,535
"IN",40,488,535
"IN",40,493,538
"IN",40,494,538
"IN",40,481,539
"IN",40,477,540
"IN",40,487,540
"IN",40,489,540
"IN",40,490,540
"IN",40,477,541
"IN",40,487,541
"IN",40,489,541
"IN",40,490,541
"IN",40,356,381
"IN",40,356,378
"IN",40,350,365
"IN",40,508,545
"IN",40,508,546
"IN",40,347,376
"IN",40,358,379
"IN",40,494,530
"IN",40,508,548
"IN",40,478,534
"IN",40,478,540
"IN",40,478,542
"IN",40,478,543
"IN",41,95,295
"IN",41,95,112
"IN",41,95,126
"IN",41,99,358
"IN",41,98,358
"IN",41,97,358
"IN",41,97,351
"IN",41,358,376
"IN",41,358,377
"IN",41,358,368
"IN",41,358,367
"IN",41,358,378
"IN",41,358,374
"IN",41,358,369
"IN",41,358,365
"IN",41,358,381
"IN",41,358,380
"IN",41,358,370
"IN",41,98,470
"IN",41,98,445
"IN",41,99,412
"IN",41,94,445
"IN",41,94,429
"IN",41,94,457
"IN",41,94,438
"IN",41,96,445
"IN",41,96,438
"IN",41,95,469
"IN",41,95,445
"IN",41,95,422
"IN",41,95,438
"IN",41,99,508
"IN",41,95,196
"IN",41,95,514
"IN",41,95,516
"IN",41,95,523
"IN",41,99,495
"IN",41,99,496
"IN",41,99,497
"IN",41,99,498
"IN",41,99,499
"IN",41,99,500
"IN",41,99,501
"IN",41,99,502
"IN",41,99,503
"IN",41,99,504
"IN",41,99,505
"IN",41,358,366
"IN",41,358,382
"IN",41,477,527
"IN",41,487,527
"IN",41,489,527
"IN",41,490,527
"IN",41,479,528
"IN",41,480,528
"IN",41,488,528
"IN",41,493,528
"IN",41,494,528
"IN",41,479,529
"IN",41,480,529
"IN",41,488,529
"IN",41,493,529
"IN",41,494,529
"IN",41,493,531
"IN",41,494,531
"IN",41,479,532
"IN",41,480,532
"IN",41,488,532
"IN",41,493,532
"IN",41,494,532
"IN",41,479,533
"IN",41,480,533
"IN",41,488,533
"IN",41,493,533
"IN",41,494,533
"IN",41,493,538
"IN",41,494,538
"IN",41,477,540
"IN",41,487,540
"IN",41,489,540
"IN",41,490,540
"IN",41,477,541
"IN",41,487,541
"IN",41,489,541
"IN",41,490,541
"IN",41,350,365
"IN",41,508,547
"IN",41,358,379
"IN",41,508,545
"IN",42,95,295
"IN",42,95,112
"IN",42,95,126
"IN",42,99,358
"IN",42,98,358
"IN",42,97,358
"IN",42,97,351
"IN",42,358,376
"IN",42,358,377
"IN",42,358,368
"IN",42,358,367
"IN",42,358,378
"IN",42,358,374
"IN",42,358,369
"IN",42,358,365
"IN",42,358,381
"IN",42,358,380
"IN",42,358,370
"IN",42,98,470
"IN",42,98,445
"IN",42,99,412
"IN",42,94,445
"IN",42,94,429
"IN",42,94,457
"IN",42,94,438
"IN",42,96,445
"IN",42,96,438
"IN",42,95,469
"IN",42,95,445
"IN",42,95,422
"IN",42,95,438
"IN",42,99,508
"IN",42,95,196
"IN",42,95,514
"IN",42,95,516
"IN",42,95,523
"IN",42,99,495
"IN",42,99,496
"IN",42,99,497
"IN",42,99,498
"IN",42,99,499
"IN",42,99,500
"IN",42,99,501
"IN",42,99,502
"IN",42,99,503
"IN",42,99,504
"IN",42,99,505
"IN",42,508,544
"IN",42,358,366
"IN",42,358,382
"IN",42,477,527
"IN",42,484,527
"IN",42,487,527
"IN",42,489,527
"IN",42,490,527
"IN",42,479,528
"IN",42,480,528
"IN",42,488,528
"IN",42,493,528
"IN",42,494,528
"IN",42,479,529
"IN",42,480,529
"IN",42,488,529
"IN",42,493,529
"IN",42,494,529
"IN",42,493,531
"IN",42,494,531
"IN",42,479,532
"IN",42,480,532
"IN",42,488,532
"IN",42,493,532
"IN",42,494,532
"IN",42,479,533
"IN",42,480,533
"IN",42,488,533
"IN",42,493,533
"IN",42,494,533
"IN",42,493,538
"IN",42,494,538
"IN",42,477,540
"IN",42,484,540
"IN",42,487,540
"IN",42,489,540
"IN",42,490,540
"IN",42,477,541
"IN",42,484,541
"IN",42,487,541
"IN",42,489,541
"IN",42,490,541
"IN",42,508,545
"IN",42,358,379
"IN",42,508,546
"IN",42,494,530
"IN",42,484,534
"IN",42,484,542
"IN",42,484,543
"IN",42,508,548
"IN",42,478,534
"IN",42,478,540
"IN",42,478,542
"IN",42,478,543
"IN",43,95,295
"IN",43,95,112
"IN",43,95,126
"IN",43,99,358
"IN",43,98,358
"IN",43,97,358
"IN",43,97,351
"IN",43,358,376
"IN",43,358,377
"IN",43,358,368
"IN",43,358,367
"IN",43,358,378
"IN",43,358,374
"IN",43,358,369
"IN",43,358,365
"IN",43,358,381
"IN",43,358,380
"IN",43,358,370
"IN",43,98,470
"IN",43,98,445
"IN",43,99,412
"IN",43,94,445
"IN",43,94,429
"IN",43,94,457
"IN",43,94,438
"IN",43,96,445
"IN",43,96,438
"IN",43,95,469
"IN",43,95,445
"IN",43,95,422
"IN",43,95,438
"IN",43,99,508
"IN",43,95,196
"IN",43,95,514
"IN",43,95,516
"IN",43,95,523
"IN",43,99,495
"IN",43,99,496
"IN",43,99,497
"IN",43,99,498
"IN",43,99,499
"IN",43,99,500
"IN",43,99,501
"IN",43,99,502
"IN",43,99,503
"IN",43,99,504
"IN",43,99,505
"IN",43,352,375
"IN",43,508,544
"IN",43,352,365
"IN",43,358,366
"IN",43,358,382
"IN",43,477,527
"IN",43,484,527
"IN",43,487,527
"IN",43,489,527
"IN",43,490,527
"IN",43,481,539
"IN",43,477,540
"IN",43,484,540
"IN",43,487,540
"IN",43,489,540
"IN",43,490,540
"IN",43,477,541
"IN",43,484,541
"IN",43,487,541
"IN",43,489,541
"IN",43,490,541
"IN",43,352,376
"IN",43,350,365
"IN",43,491,537
"IN",43,358,379
"IN",43,508,546
"IN",43,484,534
"IN",43,484,542
"IN",43,484,543
"IN",43,478,534
"IN",43,478,540
"IN",43,478,542
"IN",43,478,543
"IN",44,95,295
"IN",44,95,112
"IN",44,95,126
"IN",44,99,358
"IN",44,98,358
"IN",44,97,358
"IN",44,97,351
"IN",44,358,376
"IN",44,358,377
"IN",44,358,368
"IN",44,358,367
"IN",44,358,378
"IN",44,358,374
"IN",44,358,369
"IN",44,358,365
"IN",44,358,381
"IN",44,358,380
"IN",44,358,370
"IN",44,98,470
"IN",44,98,445
"IN",44,99,412
"IN",44,94,445
"IN",44,94,429
"IN",44,94,457
"IN",44,94,438
"IN",44,96,445
"IN",44,96,438
"IN",44,95,469
"IN",44,95,445
"IN",44,95,422
"IN",44,95,438
"IN",44,99,508
"IN",44,95,196
"IN",44,95,514
"IN",44,95,516
"IN",44,95,523
"IN",44,99,495
"IN",44,99,496
"IN",44,99,497
"IN",44,99,498
"IN",44,99,499
"IN",44,99,500
"IN",44,99,501
"IN",44,99,502
"IN",44,99,503
"IN",44,99,504
"IN",44,99,505
"IN",44,508,544
"IN",44,358,366
"IN",44,358,382
"IN",44,477,527
"IN",44,484,527
"IN",44,487,527
"IN",44,489,527
"IN",44,490,527
"IN",44,479,528
"IN",44,480,528
"IN",44,488,528
"IN",44,493,528
"IN",44,494,528
"IN",44,479,529
"IN",44,480,529
"IN",44,488,529
"IN",44,493,529
"IN",44,494,529
"IN",44,493,531
"IN",44,494,531
"IN",44,479,532
"IN",44,480,532
"IN",44,488,532
"IN",44,493,532
"IN",44,494,532
"IN",44,479,533
"IN",44,480,533
"IN",44,488,533
"IN",44,493,533
"IN",44,494,533
"IN",44,479,535
"IN",44,480,535
"IN",44,488,535
"IN",44,493,538
"IN",44,494,538
"IN",44,477,540
"IN",44,484,540
"IN",44,487,540
"IN",44,489,540
"IN",44,490,540
"IN",44,477,541
"IN",44,484,541
"IN",44,487,541
"IN",44,489,541
"IN",44,490,541
"IN",44,356,381
"IN",44,356,378
"IN",44,347,376
"IN",44,358,379
"IN",44,508,546
"IN",44,484,534
"IN",44,484,542
"IN",44,484,543
"IN",44,508,545
"IN",44,508,549
"IN",44,478,534
"IN",44,478,540
"IN",44,478,542
"IN",44,478,543
"IN",45,95,295
"IN",45,95,112
"IN",45,95,126
"IN",45,99,358
"IN",45,98,358
"IN",45,97,358
"IN",45,97,351
"IN",45,358,376
"IN",45,358,377
"IN",45,358,368
"IN",45,358,367
"IN",45,358,378
"IN",45,358,374
"IN",45,358,369
"IN",45,358,365
"IN",45,358,381
"IN",45,358,380
"IN",45,358,370
"IN",45,98,470
"IN",45,98,445
"IN",45,99,412
"IN",45,94,445
"IN",45,94,429
"IN",45,94,457
"IN",45,94,438
"IN",45,96,445
"IN",45,96,438
"IN",45,95,469
"IN",45,95,445
"IN",45,95,422
"IN",45,95,438
"IN",45,99,508
"IN",45,95,196
"IN",45,95,514
"IN",45,95,516
"IN",45,95,523
"IN",45,99,495
"IN",45,99,496
"IN",45,99,497
"IN",45,99,498
"IN",45,99,499
"IN",45,99,500
"IN",45,99,501
"IN",45,99,502
"IN",45,99,503
"IN",45,99,504
"IN",45,99,505
"IN",45,358,366
"IN",45,358,382
"IN",45,479,528
"IN",45,480,528
"IN",45,488,528
"IN",45,493,528
"IN",45,479,529
"IN",45,480,529
"IN",45,488,529
"IN",45,493,529
"IN",45,493,531
"IN",45,479,532
"IN",45,480,532
"IN",45,488,532
"IN",45,493,532
"IN",45,479,533
"IN",45,480,533
"IN",45,488,533
"IN",45,493,533
"IN",45,493,538
"IN",45,508,545
"IN",45,347,376
"IN",45,358,379
"IN",45,508,549
"IN",45,360,365
"IN",45,360,376
"IN",46,95,295
"IN",46,95,112
"IN",46,95,126
"IN",46,99,358
"IN",46,98,358
"IN",46,97,358
"IN",46,97,351
"IN",46,358,376
"IN",46,358,377
"IN",46,358,368
"IN",46,358,367
"IN",46,358,378
"IN",46,358,374
"IN",46,358,369
"IN",46,358,365
"IN",46,358,381
"IN",46,358,380
"IN",46,358,370
"IN",46,98,470
"IN",46,98,445
"IN",46,99,412
"IN",46,94,445
"IN",46,94,429
"IN",46,94,457
"IN",46,94,438
"IN",46,96,445
"IN",46,96,438
"IN",46,95,469
"IN",46,95,445
"IN",46,95,422
"IN",46,95,438
"IN",46,99,508
"IN",46,95,196
"IN",46,95,514
"IN",46,95,516
"IN",46,95,523
"IN",46,99,495
"IN",46,99,496
"IN",46,99,497
"IN",46,99,498
"IN",46,99,499
"IN",46,99,500
"IN",46,99,501
"IN",46,99,502
"IN",46,99,503
"IN",46,99,504
"IN",46,99,505
"IN",46,352,375
"IN",46,352,365
"IN",46,358,366
"IN",46,358,382
"IN",46,477,527
"IN",46,484,527
"IN",46,487,527
"IN",46,489,527
"IN",46,490,527
"IN",46,479,528
"IN",46,480,528
"IN",46,488,528
"IN",46,493,528
"IN",46,494,528
"IN",46,479,529
"IN",46,480,529
"IN",46,488,529
"IN",46,493,529
"IN",46,494,529
"IN",46,493,531
"IN",46,494,531
"IN",46,479,532
"IN",46,480,532
"IN",46,488,532
"IN",46,493,532
"IN",46,494,532
"IN",46,479,533
"IN",46,480,533
"IN",46,488,533
"IN",46,493,533
"IN",46,494,533
"IN",46,493,538
"IN",46,494,538
"IN",46,477,540
"IN",46,484,540
"IN",46,487,540
"IN",46,489,540
"IN",46,490,540
"IN",46,477,541
"IN",46,484,541
"IN",46,487,541
"IN",46,489,541
"IN",46,490,541
"IN",46,352,376
"IN",46,358,379
"IN",46,508,545
"IN",46,484,534
"IN",46,484,542
"IN",46,484,543
"IN",46,508,549
"IN",46,337,377
"IN",46,478,534
"IN",46,492,536
"IN",46,478,540
"IN",46,478,542
"IN",46,478,543
"IN",46,337,365
"IN",46,337,369
"IN",46,337,376
"IN",46,337,381
"IN",46,337,378
"IN",46,337,371
"IN",46,360,365
"IN",46,360,376
"IN",47,95,295
"IN",47,95,112
"IN",47,95,126
"IN",47,99,358
"IN",47,98,358
"IN",47,97,358
"IN",47,97,351
"IN",47,358,376
"IN",47,358,377
"IN",47,358,368
"IN",47,358,367
"IN",47,358,378
"IN",47,358,374
"IN",47,358,369
"IN",47,358,365
"IN",47,358,381
"IN",47,358,380
"IN",47,358,370
"IN",47,98,470
"IN",47,98,445
"IN",47,99,412
"IN",47,94,445
"IN",47,94,429
"IN",47,94,457
"IN",47,94,438
"IN",47,96,445
"IN",47,96,438
"IN",47,95,469
"IN",47,95,445
"IN",47,95,422
"IN",47,95,438
"IN",47,99,508
"IN",47,95,196
"IN",47,95,514
"IN",47,95,516
"IN",47,95,523
"IN",47,99,495
"IN",47,99,496
"IN",47,99,497
"IN",47,99,498
"IN",47,99,499
"IN",47,99,500
"IN",47,99,501
"IN",47,99,502
"IN",47,99,503
"IN",47,99,504
"IN",47,99,505
"IN",47,508,544
"IN",47,358,366
"IN",47,358,382
"IN",47,477,527
"IN",47,484,527
"IN",47,487,527
"IN",47,489,527
"IN",47,490,527
"IN",47,477,540
"IN",47,484,540
"IN",47,487,540
"IN",47,489,540
"IN",47,490,540
"IN",47,477,541
"IN",47,484,541
"IN",47,487,541
"IN",47,489,541
"IN",47,490,541
"IN",47,356,381
"IN",47,356,378
"IN",47,508,547
"IN",47,358,379
"IN",47,508,545
"IN",47,484,534
"IN",47,484,542
"IN",47,484,543
"IN",47,508,548
"IN",47,508,549
"IN",47,337,377
"IN",47,478,534
"IN",47,478,540
"IN",47,478,542
"IN",47,478,543
"IN",47,337,365
"IN",47,337,369
"IN",47,337,376
"IN",47,337,381
"IN",47,337,378
"IN",47,337,371
"IN",47,360,365
"IN",47,360,376
"IN",48,95,295
"IN",48,95,112
"IN",48,95,126
"IN",48,99,358
"IN",48,98,358
"IN",48,97,358
"IN",48,97,351
"IN",48,358,376
"IN",48,358,377
"IN",48,358,368
"IN",48,358,367
"IN",48,358,378
"IN",48,358,374
"IN",48,358,369
"IN",48,358,365
"IN",48,358,381
"IN",48,358,380
"IN",48,358,370
"IN",48,98,470
"IN",48,98,445
"IN",48,99,412
"IN",48,94,445
"IN",48,94,429
"IN",48,94,457
"IN",48,94,438
"IN",48,96,445
"IN",48,96,438
"IN",48,95,469
"IN",48,95,445
"IN",48,95,422
"IN",48,95,438
"IN",48,99,508
"IN",48,95,196
"IN",48,95,514
"IN",48,95,516
"IN",48,95,523
"IN",48,99,495
"IN",48,99,496
"IN",48,99,497
"IN",48,99,498
"IN",48,99,499
"IN",48,99,500
"IN",48,99,501
"IN",48,99,502
"IN",48,99,503
"IN",48,99,504
"IN",48,99,505
"IN",48,508,544
"IN",48,358,366
"IN",48,358,382
"IN",48,477,527
"IN",48,487,527
"IN",48,489,527
"IN",48,490,527
"IN",48,479,528
"IN",48,480,528
"IN",48,488,528
"IN",48,479,529
"IN",48,480,529
"IN",48,488,529
"IN",48,479,532
"IN",48,480,532
"IN",48,488,532
"IN",48,479,533
"IN",48,480,533
"IN",48,488,533
"IN",48,477,540
"IN",48,487,540
"IN",48,489,540
"IN",48,490,540
"IN",48,477,541
"IN",48,487,541
"IN",48,489,541
"IN",48,490,541
"IN",48,356,381
"IN",48,356,378
"IN",48,350,365
"IN",48,508,546
"IN",48,358,379
"IN",48,508,545
"IN",48,492,530
"IN",48,508,548
"IN",48,478,534
"IN",48,478,540
"IN",48,478,542
"IN",48,478,543
"IN",49,95,295
"IN",49,95,112
"IN",49,95,126
"IN",49,99,358
"IN",49,98,358
"IN",49,97,358
"IN",49,97,351
"IN",49,358,376
"IN",49,358,377
"IN",49,358,368
"IN",49,358,367
"IN",49,358,378
"IN",49,358,374
"IN",49,358,369
"IN",49,358,365
"IN",49,358,381
"IN",49,358,380
"IN",49,358,370
"IN",49,98,470
"IN",49,98,445
"IN",49,99,412
"IN",49,94,445
"IN",49,94,429
"IN",49,94,457
"IN",49,94,438
"IN",49,96,445
"IN",49,96,438
"IN",49,95,469
"IN",49,95,445
"IN",49,95,422
"IN",49,95,438
"IN",49,99,508
"IN",49,95,196
"IN",49,95,514
"IN",49,95,516
"IN",49,95,523
"IN",49,99,495
"IN",49,99,496
"IN",49,99,497
"IN",49,99,498
"IN",49,99,499
"IN",49,99,500
"IN",49,99,501
"IN",49,99,502
"IN",49,99,503
"IN",49,99,504
"IN",49,99,505
"IN",49,338,380
"IN",49,338,372
"IN",49,508,544
"IN",49,358,366
"IN",49,358,382
"IN",49,477,527
"IN",49,487,527
"IN",49,489,527
"IN",49,490,527
"IN",49,479,528
"IN",49,480,528
"IN",49,488,528
"IN",49,493,528
"IN",49,494,528
"IN",49,479,529
"IN",49,480,529
"IN",49,488,529
"IN",49,493,529
"IN",49,494,529
"IN",49,493,531
"IN",49,494,531
"IN",49,479,532
"IN",49,480,532
"IN",49,488,532
"IN",49,493,532
"IN",49,494,532
"IN",49,479,533
"IN",49,480,533
"IN",49,488,533
"IN",49,493,533
"IN",49,494,533
"IN",49,493,538
"IN",49,494,538
"IN",49,481,539
"IN",49,477,540
"IN",49,487,540
"IN",49,489,540
"IN",49,490,540
"IN",49,477,541
"IN",49,487,541
"IN",49,489,541
"IN",49,490,541
"IN",49,350,365
"IN",49,491,537
"IN",49,493,537
"IN",49,508,546
"IN",49,347,376
"IN",49,358,379
"IN",49,494,530
"IN",49,508,545
"IN",49,508,549
"IN",49,364,365
"IN",49,360,365
"IN",49,360,376
"IN",50,95,295
"IN",50,95,112
"IN",50,95,126
"IN",50,99,358
"IN",50,98,358
"IN",50,97,358
"IN",50,97,351
"IN",50,358,376
"IN",50,358,377
"IN",50,358,368
"IN",50,358,367
"IN",50,358,378
"IN",50,358,374
"IN",50,358,369
"IN",50,358,365
"IN",50,358,381
"IN",50,358,380
"IN",50,358,370
"IN",50,98,470
"IN",50,98,445
"IN",50,99,412
"IN",50,94,445
"IN",50,94,429
"IN",50,94,457
"IN",50,94,438
"IN",50,96,445
"IN",50,96,438
"IN",50,95,469
"IN",50,95,445
"IN",50,95,422
"IN",50,95,438
"IN",50,99,508
"IN",50,95,196
"IN",50,95,514
"IN",50,95,516
"IN",50,95,523
"IN",50,99,495
"IN",50,99,496
"IN",50,99,497
"IN",50,99,498
"IN",50,99,499
"IN",50,99,500
"IN",50,99,501
"IN",50,99,502
"IN",50,99,503
"IN",50,99,504
"IN",50,99,505
"IN",50,352,375
"IN",50,352,365
"IN",50,358,366
"IN",50,358,382
"IN",50,477,527
"IN",50,487,527
"IN",50,489,527
"IN",50,490,527
"IN",50,479,528
"IN",50,480,528
"IN",50,488,528
"IN",50,479,529
"IN",50,480,529
"IN",50,488,529
"IN",50,479,532
"IN",50,480,532
"IN",50,488,532
"IN",50,479,533
"IN",50,480,533
"IN",50,488,533
"IN",50,479,535
"IN",50,480,535
"IN",50,488,535
"IN",50,477,540
"IN",50,487,540
"IN",50,489,540
"IN",50,490,540
"IN",50,477,541
"IN",50,487,541
"IN",50,489,541
"IN",50,490,541
"IN",50,356,381
"IN",50,352,376
"IN",50,356,378
"IN",50,350,365
"IN",50,508,545
"IN",50,358,379
"IN",50,492,530
"IN",50,508,548
"IN",51,95,295
"IN",51,95,112
"IN",51,95,126
"IN",51,99,358
"IN",51,98,358
"IN",51,97,358
"IN",51,97,351
"IN",51,358,376
"IN",51,358,377
"IN",51,358,368
"IN",51,358,367
"IN",51,358,378
"IN",51,358,374
"IN",51,358,369
"IN",51,358,365
"IN",51,358,381
"IN",51,358,380
"IN",51,358,370
"IN",51,98,470
"IN",51,98,445
"IN",51,99,412
"IN",51,94,445
"IN",51,94,429
"IN",51,94,457
"IN",51,94,438
"IN",51,96,445
"IN",51,96,438
"IN",51,95,469
"IN",51,95,445
"IN",51,95,422
"IN",51,95,438
"IN",51,99,508
"IN",51,95,196
"IN",51,95,514
"IN",51,95,516
"IN",51,95,523
"IN",51,99,495
"IN",51,99,496
"IN",51,99,497
"IN",51,99,498
"IN",51,99,499
"IN",51,99,500
"IN",51,99,501
"IN",51,99,502
"IN",51,99,503
"IN",51,99,504
"IN",51,99,505
"IN",51,508,544
"IN",51,358,366
"IN",51,358,382
"IN",51,477,527
"IN",51,487,527
"IN",51,489,527
"IN",51,490,527
"IN",51,479,528
"IN",51,480,528
"IN",51,488,528
"IN",51,479,529
"IN",51,480,529
"IN",51,488,529
"IN",51,479,532
"IN",51,480,532
"IN",51,488,532
"IN",51,479,533
"IN",51,480,533
"IN",51,488,533
"IN",51,477,540
"IN",51,487,540
"IN",51,489,540
"IN",51,490,540
"IN",51,477,541
"IN",51,487,541
"IN",51,489,541
"IN",51,490,541
"IN",51,350,365
"IN",51,508,545
"IN",51,358,379
"IN",51,508,549
"IN",52,95,295
"IN",52,95,112
"IN",52,95,126
"IN",52,99,358
"IN",52,98,358
"IN",52,97,358
"IN",52,97,351
"IN",52,358,376
"IN",52,358,377
"IN",52,358,368
"IN",52,358,367
"IN",52,358,378
"IN",52,358,374
"IN",52,358,369
"IN",52,358,365
"IN",52,358,381
"IN",52,358,380
"IN",52,358,370
"IN",52,98,470
"IN",52,98,445
"IN",52,99,412
"IN",52,94,445
"IN",52,94,429
"IN",52,94,457
"IN",52,94,438
"IN",52,96,445
"IN",52,96,438
"IN",52,95,469
"IN",52,95,445
"IN",52,95,422
"IN",52,95,438
"IN",52,99,508
"IN",52,95,196
"IN",52,95,514
"IN",52,95,516
"IN",52,95,523
"IN",52,99,495
"IN",52,99,496
"IN",52,99,497
"IN",52,99,498
"IN",52,99,499
"IN",52,99,500
"IN",52,99,501
"IN",52,99,502
"IN",52,99,503
"IN",52,99,504
"IN",52,99,505
"IN",52,352,375
"IN",52,508,544
"IN",52,352,365
"IN",52,358,366
"IN",52,358,382
"IN",52,477,527
"IN",52,487,527
"IN",52,489,527
"IN",52,490,527
"IN",52,477,540
"IN",52,487,540
"IN",52,489,540
"IN",52,490,540
"IN",52,477,541
"IN",52,487,541
"IN",52,489,541
"IN",52,490,541
"IN",52,356,381
"IN",52,352,376
"IN",52,356,378
"IN",52,350,365
"IN",52,508,545
"IN",52,508,547
"IN",52,358,379
"IN",53,95,295
"IN",53,95,112
"IN",53,95,126
"IN",53,99,358
"IN",53,98,358
"IN",53,97,358
"IN",53,97,351
"IN",53,358,376
"IN",53,358,377
"IN",53,358,368
"IN",53,358,367
"IN",53,358,378
"IN",53,358,374
"IN",53,358,369
"IN",53,358,365
"IN",53,358,381
"IN",53,358,380
"IN",53,358,370
"IN",53,98,470
"IN",53,98,445
"IN",53,99,412
"IN",53,94,445
"IN",53,94,429
"IN",53,94,457
"IN",53,94,438
"IN",53,96,445
"IN",53,96,438
"IN",53,95,469
"IN",53,95,445
"IN",53,95,422
"IN",53,95,438
"IN",53,99,508
"IN",53,95,196
"IN",53,95,514
"IN",53,95,516
"IN",53,95,523
"IN",53,99,495
"IN",53,99,496
"IN",53,99,497
"IN",53,99,498
"IN",53,99,499
"IN",53,99,500
"IN",53,99,501
"IN",53,99,502
"IN",53,99,503
"IN",53,99,504
"IN",53,99,505
"IN",53,358,366
"IN",53,358,382
"IN",53,350,365
"IN",53,508,550
"IN",53,347,376
"IN",53,358,379
"IN",53,508,545
"IN",53,508,548
"IN",53,478,534
"IN",53,478,540
"IN",53,478,542
"IN",53,478,543
"IN",53,364,365
"IN",54,95,295
"IN",54,95,112
"IN",54,95,126
"IN",54,99,358
"IN",54,98,358
"IN",54,97,358
"IN",54,97,351
"IN",54,358,376
"IN",54,358,377
"IN",54,358,368
"IN",54,358,367
"IN",54,358,378
"IN",54,358,374
"IN",54,358,369
"IN",54,358,365
"IN",54,358,381
"IN",54,358,380
"IN",54,358,370
"IN",54,98,470
"IN",54,98,445
"IN",54,99,412
"IN",54,94,445
"IN",54,94,429
"IN",54,94,457
"IN",54,94,438
"IN",54,96,445
"IN",54,96,438
"IN",54,95,469
"IN",54,95,445
"IN",54,95,422
"IN",54,95,438
"IN",54,99,508
"IN",54,95,196
"IN",54,95,514
"IN",54,95,516
"IN",54,95,523
"IN",54,99,495
"IN",54,99,496
"IN",54,99,497
"IN",54,99,498
"IN",54,99,499
"IN",54,99,500
"IN",54,99,501
"IN",54,99,502
"IN",54,99,503
"IN",54,99,504
"IN",54,99,505
"IN",54,352,375
"IN",54,352,365
"IN",54,358,366
"IN",54,358,382
"IN",54,477,527
"IN",54,487,527
"IN",54,489,527
"IN",54,490,527
"IN",54,477,540
"IN",54,487,540
"IN",54,489,540
"IN",54,490,540
"IN",54,477,541
"IN",54,487,541
"IN",54,489,541
"IN",54,490,541
"IN",54,352,376
"IN",54,491,537
"IN",54,508,547
"IN",54,358,379
"IN",54,508,545
"IN",54,478,534
"IN",54,478,540
"IN",54,478,542
"IN",54,478,543
"IN",54,364,365
"IN",54,360,365
"IN",54,360,376
"IN",55,95,295
"IN",55,95,112
"IN",55,95,126
"IN",55,99,358
"IN",55,98,358
"IN",55,97,358
"IN",55,97,351
"IN",55,358,376
"IN",55,358,377
"IN",55,358,368
"IN",55,358,367
"IN",55,358,378
"IN",55,358,374
"IN",55,358,369
"IN",55,358,365
"IN",55,358,381
"IN",55,358,380
"IN",55,358,370
"IN",55,98,470
"IN",55,98,445
"IN",55,99,412
"IN",55,94,445
"IN",55,94,429
"IN",55,94,457
"IN",55,94,438
"IN",55,96,445
"IN",55,96,438
"IN",55,95,469
"IN",55,95,445
"IN",55,95,422
"IN",55,95,438
"IN",55,99,508
"IN",55,95,196
"IN",55,95,514
"IN",55,95,516
"IN",55,95,523
"IN",55,99,495
"IN",55,99,496
"IN",55,99,497
"IN",55,99,498
"IN",55,99,499
"IN",55,99,500
"IN",55,99,501
"IN",55,99,502
"IN",55,99,503
"IN",55,99,504
"IN",55,99,505
"IN",55,338,380
"IN",55,338,372
"IN",55,358,366
"IN",55,358,382
"IN",55,477,527
"IN",55,487,527
"IN",55,489,527
"IN",55,490,527
"IN",55,479,528
"IN",55,480,528
"IN",55,488,528
"IN",55,493,528
"IN",55,479,529
"IN",55,480,529
"IN",55,488,529
"IN",55,493,529
"IN",55,493,531
"IN",55,479,532
"IN",55,480,532
"IN",55,488,532
"IN",55,493,532
"IN",55,479,533
"IN",55,480,533
"IN",55,488,533
"IN",55,493,533
"IN",55,479,535
"IN",55,480,535
"IN",55,488,535
"IN",55,493,538
"IN",55,477,540
"IN",55,487,540
"IN",55,489,540
"IN",55,490,540
"IN",55,477,541
"IN",55,487,541
"IN",55,489,541
"IN",55,490,541
"IN",55,356,381
"IN",55,356,378
"IN",55,350,365
"IN",55,491,537
"IN",55,493,537
"IN",55,347,376
"IN",55,358,379
"IN",55,508,546
"IN",55,508,545
"IN",55,508,548
"IN",55,508,549
"IN",55,478,534
"IN",55,478,540
"IN",55,478,542
"IN",55,478,543
"IN",56,95,295
"IN",56,95,112
"IN",56,95,126
"IN",56,99,358
"IN",56,98,358
"IN",56,97,358
"IN",56,97,351
"IN",56,358,376
"IN",56,358,377
"IN",56,358,368
"IN",56,358,367
"IN",56,358,378
"IN",56,358,374
"IN",56,358,369
"IN",56,358,365
"IN",56,358,381
"IN",56,358,380
"IN",56,358,370
"IN",56,98,470
"IN",56,98,445
"IN",56,99,412
"IN",56,94,445
"IN",56,94,429
"IN",56,94,457
"IN",56,94,438
"IN",56,96,445
"IN",56,96,438
"IN",56,95,469
"IN",56,95,445
"IN",56,95,422
"IN",56,95,438
"IN",56,99,508
"IN",56,95,196
"IN",56,95,514
"IN",56,95,516
"IN",56,95,523
"IN",56,99,495
"IN",56,99,496
"IN",56,99,497
"IN",56,99,498
"IN",56,99,499
"IN",56,99,500
"IN",56,99,501
"IN",56,99,502
"IN",56,99,503
"IN",56,99,504
"IN",56,99,505
"IN",56,338,380
"IN",56,338,372
"IN",56,508,544
"IN",56,358,366
"IN",56,358,382
"IN",56,481,539
"IN",56,356,381
"IN",56,356,378
"IN",56,358,379
"IN",56,508,545
"IN",56,508,549
"IN",56,478,534
"IN",56,478,540
"IN",56,478,542
"IN",56,478,543
"IN",56,364,365
"IN",57,95,295
"IN",57,95,112
"IN",57,95,126
"IN",57,99,358
"IN",57,98,358
"IN",57,97,358
"IN",57,97,351
"IN",57,358,376
"IN",57,358,377
"IN",57,358,368
"IN",57,358,367
"IN",57,358,378
"IN",57,358,374
"IN",57,358,369
"IN",57,358,365
"IN",57,358,381
"IN",57,358,380
"IN",57,358,370
"IN",57,98,470
"IN",57,98,445
"IN",57,99,412
"IN",57,94,445
"IN",57,94,429
"IN",57,94,457
"IN",57,94,438
"IN",57,96,445
"IN",57,96,438
"IN",57,95,469
"IN",57,95,445
"IN",57,95,422
"IN",57,95,438
"IN",57,99,508
"IN",57,95,196
"IN",57,95,514
"IN",57,95,516
"IN",57,95,523
"IN",57,99,495
"IN",57,99,496
"IN",57,99,497
"IN",57,99,498
"IN",57,99,499
"IN",57,99,500
"IN",57,99,501
"IN",57,99,502
"IN",57,99,503
"IN",57,99,504
"IN",57,99,505
"IN",57,358,366
"IN",57,358,382
"IN",57,477,527
"IN",57,487,527
"IN",57,489,527
"IN",57,490,527
"IN",57,479,528
"IN",57,480,528
"IN",57,488,528
"IN",57,479,529
"IN",57,480,529
"IN",57,488,529
"IN",57,479,532
"IN",57,480,532
"IN",57,488,532
"IN",57,479,533
"IN",57,480,533
"IN",57,488,533
"IN",57,479,535
"IN",57,480,535
"IN",57,488,535
"IN",57,481,539
"IN",57,477,540
"IN",57,487,540
"IN",57,489,540
"IN",57,490,540
"IN",57,477,541
"IN",57,487,541
"IN",57,489,541
"IN",57,490,541
"IN",57,356,381
"IN",57,356,378
"IN",57,508,545
"IN",57,508,547
"IN",57,508,550
"IN",57,358,379
"IN",57,492,530
"IN",57,508,549
"IN",58,95,295
"IN",58,95,112
"IN",58,95,126
"IN",58,99,358
"IN",58,98,358
"IN",58,97,358
"IN",58,97,351
"IN",58,358,376
"IN",58,358,377
"IN",58,358,368
"IN",58,358,367
"IN",58,358,378
"IN",58,358,374
"IN",58,358,369
"IN",58,358,365
"IN",58,358,381
"IN",58,358,380
"IN",58,358,370
"IN",58,98,470
"IN",58,98,445
"IN",58,99,412
"IN",58,94,445
"IN",58,94,429
"IN",58,94,457
"IN",58,94,438
"IN",58,96,445
"IN",58,96,438
"IN",58,95,469
"IN",58,95,445
"IN",58,95,422
"IN",58,95,438
"IN",58,99,508
"IN",58,95,196
"IN",58,95,514
"IN",58,95,516
"IN",58,95,523
"IN",58,99,495
"IN",58,99,496
"IN",58,99,497
"IN",58,99,498
"IN",58,99,499
"IN",58,99,500
"IN",58,99,501
"IN",58,99,502
"IN",58,99,503
"IN",58,99,504
"IN",58,99,505
"IN",58,358,366
"IN",58,358,382
"IN",58,479,528
"IN",58,480,528
"IN",58,488,528
"IN",58,479,529
"IN",58,480,529
"IN",58,488,529
"IN",58,479,532
"IN",58,480,532
"IN",58,488,532
"IN",58,479,533
"IN",58,480,533
"IN",58,488,533
"IN",58,479,535
"IN",58,480,535
"IN",58,488,535
"IN",58,356,381
"IN",58,356,378
"IN",58,350,365
"IN",58,358,379
"IN",58,508,548
"IN",58,508,549
"IN",58,337,377
"IN",58,478,534
"IN",58,478,540
"IN",58,478,542
"IN",58,478,543
"IN",58,337,365
"IN",58,364,365
"IN",58,337,369
"IN",58,337,376
"IN",58,337,381
"IN",58,337,378
"IN",58,337,371
"IN",58,360,365
"IN",58,360,376
"IN",59,95,295
"IN",59,95,112
"IN",59,95,126
"IN",59,99,358
"IN",59,98,358
"IN",59,97,358
"IN",59,97,351
"IN",59,358,376
"IN",59,358,377
"IN",59,358,368
"IN",59,358,367
"IN",59,358,378
"IN",59,358,374
"IN",59,358,369
"IN",59,358,365
"IN",59,358,381
"IN",59,358,380
"IN",59,358,370
"IN",59,98,470
"IN",59,98,445
"IN",59,99,412
"IN",59,94,445
"IN",59,94,429
"IN",59,94,457
"IN",59,94,438
"IN",59,96,445
"IN",59,96,438
"IN",59,95,469
"IN",59,95,445
"IN",59,95,422
"IN",59,95,438
"IN",59,99,508
"IN",59,95,196
"IN",59,95,514
"IN",59,95,516
"IN",59,95,523
"IN",59,99,495
"IN",59,99,496
"IN",59,99,497
"IN",59,99,498
"IN",59,99,499
"IN",59,99,500
"IN",59,99,501
"IN",59,99,502
"IN",59,99,503
"IN",59,99,504
"IN",59,99,505
"IN",59,508,544
"IN",59,358,366
"IN",59,358,382
"IN",59,491,537
"IN",59,358,379
"IN",59,508,546
"IN",59,508,549
"IN",59,478,534
"IN",59,478,540
"IN",59,478,542
"IN",59,478,543
"IN",60,95,295
"IN",60,95,112
"IN",60,95,126
"IN",60,99,358
"IN",60,98,358
"IN",60,97,358
"IN",60,97,351
"IN",60,358,376
"IN",60,358,377
"IN",60,358,368
"IN",60,358,367
"IN",60,358,378
"IN",60,358,374
"IN",60,358,369
"IN",60,358,365
"IN",60,358,381
"IN",60,358,380
"IN",60,358,370
"IN",60,98,470
"IN",60,98,445
"IN",60,99,412
"IN",60,94,445
"IN",60,94,429
"IN",60,94,457
"IN",60,94,438
"IN",60,96,445
"IN",60,96,438
"IN",60,95,469
"IN",60,95,445
"IN",60,95,422
"IN",60,95,438
"IN",60,99,508
"IN",60,95,196
"IN",60,95,514
"IN",60,95,516
"IN",60,95,523
"IN",60,99,495
"IN",60,99,496
"IN",60,99,497
"IN",60,99,498
"IN",60,99,499
"IN",60,99,500
"IN",60,99,501
"IN",60,99,502
"IN",60,99,503
"IN",60,99,504
"IN",60,99,505
"IN",60,338,380
"IN",60,338,372
"IN",60,508,544
"IN",60,358,366
"IN",60,358,382
"IN",60,477,527
"IN",60,487,527
"IN",60,489,527
"IN",60,490,527
"IN",60,479,528
"IN",60,480,528
"IN",60,488,528
"IN",60,479,529
"IN",60,480,529
"IN",60,488,529
"IN",60,479,532
"IN",60,480,532
"IN",60,488,532
"IN",60,479,533
"IN",60,480,533
"IN",60,488,533
"IN",60,479,535
"IN",60,480,535
"IN",60,488,535
"IN",60,481,539
"IN",60,477,540
"IN",60,487,540
"IN",60,489,540
"IN",60,490,540
"IN",60,477,541
"IN",60,487,541
"IN",60,489,541
"IN",60,490,541
"IN",60,356,381
"IN",60,356,378
"IN",60,350,365
"IN",60,347,376
"IN",60,358,379
"IN",60,508,545
"IN",60,508,546
"IN",60,360,365
"IN",60,360,376
"IN",61,95,295
"IN",61,95,112
"IN",61,95,126
"IN",61,99,358
"IN",61,98,358
"IN",61,97,358
"IN",61,97,351
"IN",61,358,376
"IN",61,358,377
"IN",61,358,368
"IN",61,358,367
"IN",61,358,378
"IN",61,358,374
"IN",61,358,369
"IN",61,358,365
"IN",61,358,381
"IN",61,358,380
"IN",61,358,370
"IN",61,98,470
"IN",61,98,445
"IN",61,99,412
"IN",61,94,445
"IN",61,94,429
"IN",61,94,457
"IN",61,94,438
"IN",61,96,445
"IN",61,96,438
"IN",61,95,469
"IN",61,95,445
"IN",61,95,422
"IN",61,95,438
"IN",61,99,508
"IN",61,95,196
"IN",61,95,514
"IN",61,95,516
"IN",61,95,523
"IN",61,99,495
"IN",61,99,496
"IN",61,99,497
"IN",61,99,498
"IN",61,99,499
"IN",61,99,500
"IN",61,99,501
"IN",61,99,502
"IN",61,99,503
"IN",61,99,504
"IN",61,99,505
"IN",61,338,380
"IN",61,338,372
"IN",61,508,544
"IN",61,358,366
"IN",61,358,382
"IN",61,477,527
"IN",61,487,527
"IN",61,489,527
"IN",61,490,527
"IN",61,479,528
"IN",61,480,528
"IN",61,488,528
"IN",61,479,529
"IN",61,480,529
"IN",61,488,529
"IN",61,479,532
"IN",61,480,532
"IN",61,488,532
"IN",61,479,533
"IN",61,480,533
"IN",61,488,533
"IN",61,479,535
"IN",61,480,535
"IN",61,488,535
"IN",61,477,540
"IN",61,487,540
"IN",61,489,540
"IN",61,490,540
"IN",61,477,541
"IN",61,487,541
"IN",61,489,541
"IN",61,490,541
"IN",61,350,365
"IN",61,491,537
"IN",61,508,547
"IN",61,358,379
"IN",61,508,545
"IN",61,478,534
"IN",61,478,540
"IN",61,478,542
"IN",61,478,543
"IN",62,95,295
"IN",62,95,112
"IN",62,95,126
"IN",62,99,358
"IN",62,98,358
"IN",62,97,358
"IN",62,97,351
"IN",62,358,376
"IN",62,358,377
"IN",62,358,368
"IN",62,358,367
"IN",62,358,378
"IN",62,358,374
"IN",62,358,369
"IN",62,358,365
"IN",62,358,381
"IN",62,358,380
"IN",62,358,370
"IN",62,98,470
"IN",62,98,445
"IN",62,99,412
"IN",62,94,445
"IN",62,94,429
"IN",62,94,457
"IN",62,94,438
"IN",62,96,445
"IN",62,96,438
"IN",62,95,469
"IN",62,95,445
"IN",62,95,422
"IN",62,95,438
"IN",62,99,508
"IN",62,95,196
"IN",62,95,514
"IN",62,95,516
"IN",62,95,523
"IN",62,99,495
"IN",62,99,496
"IN",62,99,497
"IN",62,99,498
"IN",62,99,499
"IN",62,99,500
"IN",62,99,501
"IN",62,99,502
"IN",62,99,503
"IN",62,99,504
"IN",62,99,505
"IN",62,358,366
"IN",62,358,382
"IN",62,479,528
"IN",62,480,528
"IN",62,488,528
"IN",62,479,529
"IN",62,480,529
"IN",62,488,529
"IN",62,479,532
"IN",62,480,532
"IN",62,488,532
"IN",62,479,533
"IN",62,480,533
"IN",62,488,533
"IN",62,356,381
"IN",62,356,378
"IN",62,358,379
"IN",62,508,549
"IN",62,492,536
"IN",63,95,295
"IN",63,95,112
"IN",63,95,126
"IN",63,99,358
"IN",63,98,358
"IN",63,97,358
"IN",63,97,351
"IN",63,358,376
"IN",63,358,377
"IN",63,358,368
"IN",63,358,367
"IN",63,358,378
"IN",63,358,374
"IN",63,358,369
"IN",63,358,365
"IN",63,358,381
"IN",63,358,380
"IN",63,358,370
"IN",63,98,470
"IN",63,98,445
"IN",63,99,412
"IN",63,94,445
"IN",63,94,429
"IN",63,94,457
"IN",63,94,438
"IN",63,96,445
"IN",63,96,438
"IN",63,95,469
"IN",63,95,445
"IN",63,95,422
"IN",63,95,438
"IN",63,99,508
"IN",63,95,196
"IN",63,95,514
"IN",63,95,516
"IN",63,95,523
"IN",63,99,495
"IN",63,99,496
"IN",63,99,497
"IN",63,99,498
"IN",63,99,499
"IN",63,99,500
"IN",63,99,501
"IN",63,99,502
"IN",63,99,503
"IN",63,99,504
"IN",63,99,505
"IN",63,508,544
"IN",63,358,366
"IN",63,358,382
"IN",63,477,527
"IN",63,487,527
"IN",63,489,527
"IN",63,490,527
"IN",63,479,528
"IN",63,480,528
"IN",63,488,528
"IN",63,479,529
"IN",63,480,529
"IN",63,488,529
"IN",63,479,532
"IN",63,480,532
"IN",63,488,532
"IN",63,479,533
"IN",63,480,533
"IN",63,488,533
"IN",63,479,535
"IN",63,480,535
"IN",63,488,535
"IN",63,477,540
"IN",63,487,540
"IN",63,489,540
"IN",63,490,540
"IN",63,477,541
"IN",63,487,541
"IN",63,489,541
"IN",63,490,541
"IN",63,508,546
"IN",63,508,547
"IN",63,358,379
"IN",63,508,545
"IN",63,508,548
"IN",64,95,295
"IN",64,95,112
"IN",64,95,126
"IN",64,99,358
"IN",64,98,358
"IN",64,97,358
"IN",64,97,351
"IN",64,358,376
"IN",64,358,377
"IN",64,358,368
"IN",64,358,367
"IN",64,358,378
"IN",64,358,374
"IN",64,358,369
"IN",64,358,365
"IN",64,358,381
"IN",64,358,380
"IN",64,358,370
"IN",64,98,470
"IN",64,98,445
"IN",64,99,412
"IN",64,94,445
"IN",64,94,429
"IN",64,94,457
"IN",64,94,438
"IN",64,96,445
"IN",64,96,438
"IN",64,95,469
"IN",64,95,445
"IN",64,95,422
"IN",64,95,438
"IN",64,99,508
"IN",64,95,196
"IN",64,95,514
"IN",64,95,516
"IN",64,95,523
"IN",64,99,495
"IN",64,99,496
"IN",64,99,497
"IN",64,99,498
"IN",64,99,499
"IN",64,99,500
"IN",64,99,501
"IN",64,99,502
"IN",64,99,503
"IN",64,99,504
"IN",64,99,505
"IN",64,358,366
"IN",64,358,382
"IN",64,477,527
"IN",64,487,527
"IN",64,489,527
"IN",64,490,527
"IN",64,479,528
"IN",64,480,528
"IN",64,488,528
"IN",64,479,529
"IN",64,480,529
"IN",64,488,529
"IN",64,479,532
"IN",64,480,532
"IN",64,488,532
"IN",64,479,533
"IN",64,480,533
"IN",64,488,533
"IN",64,479,535
"IN",64,480,535
"IN",64,488,535
"IN",64,477,540
"IN",64,487,540
"IN",64,489,540
"IN",64,490,540
"IN",64,477,541
"IN",64,487,541
"IN",64,489,541
"IN",64,490,541
"IN",64,356,381
"IN",64,356,378
"IN",64,508,545
"IN",64,508,546
"IN",64,508,550
"IN",64,358,379
"IN",64,508,548
"IN",64,508,549
"IN",64,478,534
"IN",64,478,540
"IN",64,478,542
"IN",64,478,543
"IN",65,95,295
"IN",65,95,112
"IN",65,95,126
"IN",65,99,358
"IN",65,98,358
"IN",65,97,358
"IN",65,97,351
"IN",65,358,376
"IN",65,358,377
"IN",65,358,368
"IN",65,358,367
"IN",65,358,378
"IN",65,358,374
"IN",65,358,369
"IN",65,358,365
"IN",65,358,381
"IN",65,358,380
"IN",65,358,370
"IN",65,98,470
"IN",65,98,445
"IN",65,99,412
"IN",65,94,445
"IN",65,94,429
"IN",65,94,457
"IN",65,94,438
"IN",65,96,445
"IN",65,96,438
"IN",65,95,469
"IN",65,95,445
"IN",65,95,422
"IN",65,95,438
"IN",65,99,508
"IN",65,95,196
"IN",65,95,514
"IN",65,95,516
"IN",65,95,523
"IN",65,99,495
"IN",65,99,496
"IN",65,99,497
"IN",65,99,498
"IN",65,99,499
"IN",65,99,500
"IN",65,99,501
"IN",65,99,502
"IN",65,99,503
"IN",65,99,504
"IN",65,99,505
"IN",65,338,380
"IN",65,338,372
"IN",65,358,366
"IN",65,358,382
"IN",65,477,527
"IN",65,487,527
"IN",65,489,527
"IN",65,490,527
"IN",65,477,540
"IN",65,487,540
"IN",65,489,540
"IN",65,490,540
"IN",65,477,541
"IN",65,487,541
"IN",65,489,541
"IN",65,490,541
"IN",65,356,381
"IN",65,356,378
"IN",65,508,547
"IN",65,358,379
"IN",65,508,548
"IN",65,508,549
"IN",65,360,365
"IN",65,360,376
"IN",66,95,295
"IN",66,95,112
"IN",66,95,126
"IN",66,99,358
"IN",66,98,358
"IN",66,97,358
"IN",66,97,351
"IN",66,358,376
"IN",66,358,377
"IN",66,358,368
"IN",66,358,367
"IN",66,358,378
"IN",66,358,374
"IN",66,358,369
"IN",66,358,365
"IN",66,358,381
"IN",66,358,380
"IN",66,358,370
"IN",66,98,470
"IN",66,98,445
"IN",66,99,412
"IN",66,94,445
"IN",66,94,429
"IN",66,94,457
"IN",66,94,438
"IN",66,96,445
"IN",66,96,438
"IN",66,95,469
"IN",66,95,445
"IN",66,95,422
"IN",66,95,438
"IN",66,99,508
"IN",66,95,196
"IN",66,95,514
"IN",66,95,516
"IN",66,95,523
"IN",66,99,495
"IN",66,99,496
"IN",66,99,497
"IN",66,99,498
"IN",66,99,499
"IN",66,99,500
"IN",66,99,501
"IN",66,99,502
"IN",66,99,503
"IN",66,99,504
"IN",66,99,505
"IN",66,358,366
"IN",66,358,382
"IN",66,477,527
"IN",66,487,527
"IN",66,489,527
"IN",66,490,527
"IN",66,479,528
"IN",66,480,528
"IN",66,488,528
"IN",66,493,528
"IN",66,494,528
"IN",66,479,529
"IN",66,480,529
"IN",66,488,529
"IN",66,493,529
"IN",66,494,529
"IN",66,493,531
"IN",66,494,531
"IN",66,479,532
"IN",66,480,532
"IN",66,488,532
"IN",66,493,532
"IN",66,494,532
"IN",66,479,533
"IN",66,480,533
"IN",66,488,533
"IN",66,493,533
"IN",66,494,533
"IN",66,479,535
"IN",66,480,535
"IN",66,488,535
"IN",66,493,538
"IN",66,494,538
"IN",66,477,540
"IN",66,487,540
"IN",66,489,540
"IN",66,490,540
"IN",66,477,541
"IN",66,487,541
"IN",66,489,541
"IN",66,490,541
"IN",66,508,546
"IN",66,358,379
"IN",66,508,548
"IN",66,478,534
"IN",66,492,536
"IN",66,478,540
"IN",66,478,542
"IN",66,478,543
"IN",67,95,295
"IN",67,95,112
"IN",67,95,126
"IN",67,99,358
"IN",67,98,358
"IN",67,97,358
"IN",67,97,351
"IN",67,358,376
"IN",67,358,377
"IN",67,358,368
"IN",67,358,367
"IN",67,358,378
"IN",67,358,374
"IN",67,358,369
"IN",67,358,365
"IN",67,358,381
"IN",67,358,380
"IN",67,358,370
"IN",67,98,470
"IN",67,98,445
"IN",67,99,412
"IN",67,94,445
"IN",67,94,429
"IN",67,94,457
"IN",67,94,438
"IN",67,96,445
"IN",67,96,438
"IN",67,95,469
"IN",67,95,445
"IN",67,95,422
"IN",67,95,438
"IN",67,99,508
"IN",67,95,196
"IN",67,95,514
"IN",67,95,516
"IN",67,95,523
"IN",67,99,495
"IN",67,99,496
"IN",67,99,497
"IN",67,99,498
"IN",67,99,499
"IN",67,99,500
"IN",67,99,501
"IN",67,99,502
"IN",67,99,503
"IN",67,99,504
"IN",67,99,505
"IN",67,508,544
"IN",67,358,366
"IN",67,358,382
"IN",67,479,528
"IN",67,480,528
"IN",67,488,528
"IN",67,493,528
"IN",67,479,529
"IN",67,480,529
"IN",67,488,529
"IN",67,493,529
"IN",67,493,531
"IN",67,479,532
"IN",67,480,532
"IN",67,488,532
"IN",67,493,532
"IN",67,479,533
"IN",67,480,533
"IN",67,488,533
"IN",67,493,533
"IN",67,493,538
"IN",67,356,381
"IN",67,356,378
"IN",67,350,365
"IN",67,491,537
"IN",67,493,537
"IN",67,508,547
"IN",67,358,379
"IN",67,508,546
"IN",67,492,530
"IN",67,508,545
"IN",67,508,549
"IN",67,478,534
"IN",67,478,540
"IN",67,478,542
"IN",67,478,543
"IN",68,95,295
"IN",68,95,112
"IN",68,95,126
"IN",68,99,358
"IN",68,98,358
"IN",68,97,358
"IN",68,97,351
"IN",68,358,376
"IN",68,358,377
"IN",68,358,368
"IN",68,358,367
"IN",68,358,378
"IN",68,358,374
"IN",68,358,369
"IN",68,358,365
"IN",68,358,381
"IN",68,358,380
"IN",68,358,370
"IN",68,98,470
"IN",68,98,445
"IN",68,99,412
"IN",68,94,445
"IN",68,94,429
"IN",68,94,457
"IN",68,94,438
"IN",68,96,445
"IN",68,96,438
"IN",68,95,469
"IN",68,95,445
"IN",68,95,422
"IN",68,95,438
"IN",68,99,508
"IN",68,95,196
"IN",68,95,514
"IN",68,95,516
"IN",68,95,523
"IN",68,99,495
"IN",68,99,496
"IN",68,99,497
"IN",68,99,498
"IN",68,99,499
"IN",68,99,500
"IN",68,99,501
"IN",68,99,502
"IN",68,99,503
"IN",68,99,504
"IN",68,99,505
"IN",68,508,544
"IN",68,358,366
"IN",68,358,382
"IN",68,479,528
"IN",68,480,528
"IN",68,488,528
"IN",68,479,529
"IN",68,480,529
"IN",68,488,529
"IN",68,479,532
"IN",68,480,532
"IN",68,488,532
"IN",68,479,533
"IN",68,480,533
"IN",68,488,533
"IN",68,479,535
"IN",68,480,535
"IN",68,488,535
"IN",68,356,381
"IN",68,356,378
"IN",68,350,365
"IN",68,508,546
"IN",68,358,379
"IN",68,508,545
"IN",68,508,548
"IN",68,478,534
"IN",68,478,540
"IN",68,478,542
"IN",68,478,543
"IN",68,364,365
"IN",69,95,295
"IN",69,95,112
"IN",69,95,126
"IN",69,99,358
"IN",69,98,358
"IN",69,97,358
"IN",69,97,351
"IN",69,358,376
"IN",69,358,377
"IN",69,358,368
"IN",69,358,367
"IN",69,358,378
"IN",69,358,374
"IN",69,358,369
"IN",69,358,365
"IN",69,358,381
"IN",69,358,380
"IN",69,358,370
"IN",69,98,470
"IN",69,98,445
"IN",69,99,412
"IN",69,94,445
"IN",69,94,429
"IN",69,94,457
"IN",69,94,438
"IN",69,96,445
"IN",69,96,438
"IN",69,95,469
"IN",69,95,445
"IN",69,95,422
"IN",69,95,438
"IN",69,99,508
"IN",69,95,196
"IN",69,95,514
"IN",69,95,516
"IN",69,95,523
"IN",69,99,495
"IN",69,99,496
"IN",69,99,497
"IN",69,99,498
"IN",69,99,499
"IN",69,99,500
"IN",69,99,501
"IN",69,99,502
"IN",69,99,503
"IN",69,99,504
"IN",69,99,505
"IN",69,352,375
"IN",69,508,544
"IN",69,352,365
"IN",69,358,366
"IN",69,358,382
"IN",69,477,527
"IN",69,487,527
"IN",69,489,527
"IN",69,490,527
"IN",69,479,528
"IN",69,480,528
"IN",69,488,528
"IN",69,493,528
"IN",69,479,529
"IN",69,480,529
"IN",69,488,529
"IN",69,493,529
"IN",69,493,531
"IN",69,479,532
"IN",69,480,532
"IN",69,488,532
"IN",69,493,532
"IN",69,479,533
"IN",69,480,533
"IN",69,488,533
"IN",69,493,533
"IN",69,479,535
"IN",69,480,535
"IN",69,488,535
"IN",69,493,538
"IN",69,477,540
"IN",69,487,540
"IN",69,489,540
"IN",69,490,540
"IN",69,477,541
"IN",69,487,541
"IN",69,489,541
"IN",69,490,541
"IN",69,352,376
"IN",69,491,537
"IN",69,493,537
"IN",69,508,545
"IN",69,347,376
"IN",69,358,379
"IN",69,508,548
"IN",69,492,536
"IN",69,364,365
"IN",70,95,295
"IN",70,95,112
"IN",70,95,126
"IN",70,99,358
"IN",70,98,358
"IN",70,97,358
"IN",70,97,351
"IN",70,358,376
"IN",70,358,377
"IN",70,358,368
"IN",70,358,367
"IN",70,358,378
"IN",70,358,374
"IN",70,358,369
"IN",70,358,365
"IN",70,358,381
"IN",70,358,380
"IN",70,358,370
"IN",70,98,470
"IN",70,98,445
"IN",70,99,412
"IN",70,94,445
"IN",70,94,429
"IN",70,94,457
"IN",70,94,438
"IN",70,96,445
"IN",70,96,438
"IN",70,95,469
"IN",70,95,445
"IN",70,95,422
"IN",70,95,438
"IN",70,99,508
"IN",70,95,196
"IN",70,95,514
"IN",70,95,516
"IN",70,95,523
"IN",70,99,495
"IN",70,99,496
"IN",70,99,497
"IN",70,99,498
"IN",70,99,499
"IN",70,99,500
"IN",70,99,501
"IN",70,99,502
"IN",70,99,503
"IN",70,99,504
"IN",70,99,505
"IN",70,508,544
"IN",70,358,366
"IN",70,358,382
"IN",70,477,527
"IN",70,487,527
"IN",70,489,527
"IN",70,490,527
"IN",70,477,540
"IN",70,487,540
"IN",70,489,540
"IN",70,490,540
"IN",70,477,541
"IN",70,487,541
"IN",70,489,541
"IN",70,490,541
"IN",70,350,365
"IN",70,347,376
"IN",70,358,379
"IN",70,508,545
"IN",70,508,549
"IN",70,478,534
"IN",70,478,540
"IN",70,478,542
"IN",70,478,543
"IN",71,95,295
"IN",71,95,112
"IN",71,95,126
"IN",71,99,358
"IN",71,98,358
"IN",71,97,358
"IN",71,97,351
"IN",71,358,376
"IN",71,358,377
"IN",71,358,368
"IN",71,358,367
"IN",71,358,378
"IN",71,358,374
"IN",71,358,369
"IN",71,358,365
"IN",71,358,381
"IN",71,358,380
"IN",71,358,370
"IN",71,98,470
"IN",71,98,445
"IN",71,99,412
"IN",71,94,445
"IN",71,94,429
"IN",71,94,457
"IN",71,94,438
"IN",71,96,445
"IN",71,96,438
"IN",71,95,469
"IN",71,95,445
"IN",71,95,422
"IN",71,95,438
"IN",71,99,508
"IN",71,95,196
"IN",71,95,514
"IN",71,95,516
"IN",71,95,523
"IN",71,99,495
"IN",71,99,496
"IN",71,99,497
"IN",71,99,498
"IN",71,99,499
"IN",71,99,500
"IN",71,99,501
"IN",71,99,502
"IN",71,99,503
"IN",71,99,504
"IN",71,99,505
"IN",71,352,375
"IN",71,338,380
"IN",71,338,372
"IN",71,508,544
"IN",71,352,365
"IN",71,358,366
"IN",71,358,382
"IN",71,479,528
"IN",71,480,528
"IN",71,488,528
"IN",71,493,528
"IN",71,494,528
"IN",71,479,529
"IN",71,480,529
"IN",71,488,529
"IN",71,493,529
"IN",71,494,529
"IN",71,493,531
"IN",71,494,531
"IN",71,479,532
"IN",71,480,532
"IN",71,488,532
"IN",71,493,532
"IN",71,494,532
"IN",71,479,533
"IN",71,480,533
"IN",71,488,533
"IN",71,493,533
"IN",71,494,533
"IN",71,479,535
"IN",71,480,535
"IN",71,488,535
"IN",71,493,538
"IN",71,494,538
"IN",71,356,381
"IN",71,352,376
"IN",71,356,378
"IN",71,347,376
"IN",71,358,379
"IN",71,508,545
"IN",71,494,530
"IN",71,508,548
"IN",71,508,549
"IN",71,478,534
"IN",71,478,540
"IN",71,478,542
"IN",71,478,543
"IN",72,95,295
"IN",72,95,112
"IN",72,95,126
"IN",72,99,358
"IN",72,98,358
"IN",72,97,358
"IN",72,97,351
"IN",72,358,376
"IN",72,358,377
"IN",72,358,368
"IN",72,358,367
"IN",72,358,378
"IN",72,358,374
"IN",72,358,369
"IN",72,358,365
"IN",72,358,381
"IN",72,358,380
"IN",72,358,370
"IN",72,98,470
"IN",72,98,445
"IN",72,99,412
"IN",72,94,445
"IN",72,94,429
"IN",72,94,457
"IN",72,94,438
"IN",72,96,445
"IN",72,96,438
"IN",72,95,469
"IN",72,95,445
"IN",72,95,422
"IN",72,95,438
"IN",72,99,508
"IN",72,95,196
"IN",72,95,514
"IN",72,95,516
"IN",72,95,523
"IN",72,99,495
"IN",72,99,496
"IN",72,99,497
"IN",72,99,498
"IN",72,99,499
"IN",72,99,500
"IN",72,99,501
"IN",72,99,502
"IN",72,99,503
"IN",72,99,504
"IN",72,99,505
"IN",72,352,375
"IN",72,508,544
"IN",72,352,365
"IN",72,358,366
"IN",72,358,382
"IN",72,479,528
"IN",72,480,528
"IN",72,488,528
"IN",72,493,528
"IN",72,494,528
"IN",72,479,529
"IN",72,480,529
"IN",72,488,529
"IN",72,493,529
"IN",72,494,529
"IN",72,493,531
"IN",72,494,531
"IN",72,479,532
"IN",72,480,532
"IN",72,488,532
"IN",72,493,532
"IN",72,494,532
"IN",72,479,533
"IN",72,480,533
"IN",72,488,533
"IN",72,493,533
"IN",72,494,533
"IN",72,479,535
"IN",72,480,535
"IN",72,488,535
"IN",72,493,538
"IN",72,494,538
"IN",72,352,376
"IN",72,508,547
"IN",72,358,379
"IN",72,508,545
"IN",72,494,530
"IN",72,360,365
"IN",72,360,376
"IN",73,95,295
"IN",73,95,112
"IN",73,95,126
"IN",73,99,358
"IN",73,98,358
"IN",73,97,358
"IN",73,97,351
"IN",73,358,376
"IN",73,358,377
"IN",73,358,368
"IN",73,358,367
"IN",73,358,378
"IN",73,358,374
"IN",73,358,369
"IN",73,358,365
"IN",73,358,381
"IN",73,358,380
"IN",73,358,370
"IN",73,98,470
"IN",73,98,445
"IN",73,99,412
"IN",73,94,445
"IN",73,94,429
"IN",73,94,457
"IN",73,94,438
"IN",73,96,445
"IN",73,96,438
"IN",73,95,469
"IN",73,95,445
"IN",73,95,422
"IN",73,95,438
"IN",73,99,508
"IN",73,95,196
"IN",73,95,514
"IN",73,95,516
"IN",73,95,523
"IN",73,99,495
"IN",73,99,496
"IN",73,99,497
"IN",73,99,498
"IN",73,99,499
"IN",73,99,500
"IN",73,99,501
"IN",73,99,502
"IN",73,99,503
"IN",73,99,504
"IN",73,99,505
"IN",73,338,380
"IN",73,338,372
"IN",73,358,366
"IN",73,358,382
"IN",73,477,527
"IN",73,487,527
"IN",73,489,527
"IN",73,490,527
"IN",73,477,540
"IN",73,487,540
"IN",73,489,540
"IN",73,490,540
"IN",73,477,541
"IN",73,487,541
"IN",73,489,541
"IN",73,490,541
"IN",73,356,381
"IN",73,356,378
"IN",73,350,365
"IN",73,508,550
"IN",73,347,376
"IN",73,358,379
"IN",73,508,545
"IN",73,508,548
"IN",73,360,365
"IN",73,360,376
"IN",74,95,295
"IN",74,95,112
"IN",74,95,126
"IN",74,99,358
"IN",74,98,358
"IN",74,97,358
"IN",74,97,351
"IN",74,358,376
"IN",74,358,377
"IN",74,358,368
"IN",74,358,367
"IN",74,358,378
"IN",74,358,374
"IN",74,358,369
"IN",74,358,365
"IN",74,358,381
"IN",74,358,380
"IN",74,358,370
"IN",74,98,470
"IN",74,98,445
"IN",74,99,412
"IN",74,94,445
"IN",74,94,429
"IN",74,94,457
"IN",74,94,438
"IN",74,96,445
"IN",74,96,438
"IN",74,95,469
"IN",74,95,445
"IN",74,95,422
"IN",74,95,438
"IN",74,99,508
"IN",74,95,196
"IN",74,95,514
"IN",74,95,516
"IN",74,95,523
"IN",74,99,495
"IN",74,99,496
"IN",74,99,497
"IN",74,99,498
"IN",74,99,499
"IN",74,99,500
"IN",74,99,501
"IN",74,99,502
"IN",74,99,503
"IN",74,99,504
"IN",74,99,505
"IN",74,352,375
"IN",74,338,380
"IN",74,338,372
"IN",74,508,544
"IN",74,352,365
"IN",74,358,366
"IN",74,358,382
"IN",74,477,527
"IN",74,487,527
"IN",74,489,527
"IN",74,490,527
"IN",74,477,540
"IN",74,487,540
"IN",74,489,540
"IN",74,490,540
"IN",74,477,541
"IN",74,487,541
"IN",74,489,541
"IN",74,490,541
"IN",74,356,381
"IN",74,352,376
"IN",74,356,378
"IN",74,508,546
"IN",74,358,379
"IN",74,508,545
"IN",74,508,549
"IN",74,478,534
"IN",74,478,540
"IN",74,478,542
"IN",74,478,543
"IN",74,364,365
"IN",75,95,295
"IN",75,95,112
"IN",75,95,126
"IN",75,99,358
"IN",75,98,358
"IN",75,97,358
"IN",75,97,351
"IN",75,358,376
"IN",75,358,377
"IN",75,358,368
"IN",75,358,367
"IN",75,358,378
"IN",75,358,374
"IN",75,358,369
"IN",75,358,365
"IN",75,358,381
"IN",75,358,380
"IN",75,358,370
"IN",75,98,470
"IN",75,98,445
"IN",75,99,412
"IN",75,94,445
"IN",75,94,429
"IN",75,94,457
"IN",75,94,438
"IN",75,96,445
"IN",75,96,438
"IN",75,95,469
"IN",75,95,445
"IN",75,95,422
"IN",75,95,438
"IN",75,99,508
"IN",75,95,196
"IN",75,95,514
"IN",75,95,516
"IN",75,95,523
"IN",75,99,495
"IN",75,99,496
"IN",75,99,497
"IN",75,99,498
"IN",75,99,499
"IN",75,99,500
"IN",75,99,501
"IN",75,99,502
"IN",75,99,503
"IN",75,99,504
"IN",75,99,505
"IN",75,508,544
"IN",75,358,366
"IN",75,358,382
"IN",75,477,527
"IN",75,487,527
"IN",75,489,527
"IN",75,490,527
"IN",75,477,540
"IN",75,487,540
"IN",75,489,540
"IN",75,490,540
"IN",75,477,541
"IN",75,487,541
"IN",75,489,541
"IN",75,490,541
"IN",75,356,381
"IN",75,356,378
"IN",75,491,537
"IN",75,508,550
"IN",75,347,376
"IN",75,358,379
"IN",75,508,545
"IN",75,508,546
"IN",75,508,548
"IN",76,95,295
"IN",76,95,112
"IN",76,95,126
"IN",76,99,358
"IN",76,98,358
"IN",76,97,358
"IN",76,97,351
"IN",76,358,376
"IN",76,358,377
"IN",76,358,368
"IN",76,358,367
"IN",76,358,378
"IN",76,358,374
"IN",76,358,369
"IN",76,358,365
"IN",76,358,381
"IN",76,358,380
"IN",76,358,370
"IN",76,98,470
"IN",76,98,445
"IN",76,99,412
"IN",76,94,445
"IN",76,94,429
"IN",76,94,457
"IN",76,94,438
"IN",76,96,445
"IN",76,96,438
"IN",76,95,469
"IN",76,95,445
"IN",76,95,422
"IN",76,95,438
"IN",76,99,508
"IN",76,95,196
"IN",76,95,514
"IN",76,95,516
"IN",76,95,523
"IN",76,99,495
"IN",76,99,496
"IN",76,99,497
"IN",76,99,498
"IN",76,99,499
"IN",76,99,500
"IN",76,99,501
"IN",76,99,502
"IN",76,99,503
"IN",76,99,504
"IN",76,99,505
"IN",76,352,375
"IN",76,338,380
"IN",76,338,372
"IN",76,508,544
"IN",76,352,365
"IN",76,358,366
"IN",76,358,382
"IN",76,479,528
"IN",76,480,528
"IN",76,488,528
"IN",76,479,529
"IN",76,480,529
"IN",76,488,529
"IN",76,479,532
"IN",76,480,532
"IN",76,488,532
"IN",76,479,533
"IN",76,480,533
"IN",76,488,533
"IN",76,356,381
"IN",76,352,376
"IN",76,356,378
"IN",76,350,365
"IN",76,358,379
"IN",76,492,530
"IN",76,508,545
"IN",76,508,548
"IN",76,478,534
"IN",76,492,536
"IN",76,478,540
"IN",76,478,542
"IN",76,478,543
"IN",76,360,365
"IN",76,360,376
"IN",77,95,295
"IN",77,95,112
"IN",77,95,126
"IN",77,99,358
"IN",77,98,358
"IN",77,97,358
"IN",77,97,351
"IN",77,358,376
"IN",77,358,377
"IN",77,358,368
"IN",77,358,367
"IN",77,358,378
"IN",77,358,374
"IN",77,358,369
"IN",77,358,365
"IN",77,358,381
"IN",77,358,380
"IN",77,358,370
"IN",77,98,470
"IN",77,98,445
"IN",77,99,412
"IN",77,94,445
"IN",77,94,429
"IN",77,94,457
"IN",77,94,438
"IN",77,96,445
"IN",77,96,438
"IN",77,95,469
"IN",77,95,445
"IN",77,95,422
"IN",77,95,438
"IN",77,99,508
"IN",77,95,196
"IN",77,95,514
"IN",77,95,516
"IN",77,95,523
"IN",77,99,495
"IN",77,99,496
"IN",77,99,497
"IN",77,99,498
"IN",77,99,499
"IN",77,99,500
"IN",77,99,501
"IN",77,99,502
"IN",77,99,503
"IN",77,99,504
"IN",77,99,505
"IN",77,358,366
"IN",77,358,382
"IN",77,479,528
"IN",77,480,528
"IN",77,488,528
"IN",77,494,528
"IN",77,479,529
"IN",77,480,529
"IN",77,488,529
"IN",77,494,529
"IN",77,494,531
"IN",77,479,532
"IN",77,480,532
"IN",77,488,532
"IN",77,494,532
"IN",77,479,533
"IN",77,480,533
"IN",77,488,533
"IN",77,494,533
"IN",77,479,535
"IN",77,480,535
"IN",77,488,535
"IN",77,494,538
"IN",77,350,365
"IN",77,508,545
"IN",77,508,546
"IN",77,358,379
"IN",77,492,530
"IN",77,494,530
"IN",77,508,548
"IN",77,508,549
"IN",77,492,536
"IN",77,364,365
"IN",78,95,295
"IN",78,95,112
"IN",78,95,126
"IN",78,99,358
"IN",78,98,358
"IN",78,97,358
"IN",78,97,351
"IN",78,358,376
"IN",78,358,377
"IN",78,358,368
"IN",78,358,367
"IN",78,358,378
"IN",78,358,374
"IN",78,358,369
"IN",78,358,365
"IN",78,358,381
"IN",78,358,380
"IN",78,358,370
"IN",78,98,470
"IN",78,98,445
"IN",78,99,412
"IN",78,94,445
"IN",78,94,429
"IN",78,94,457
"IN",78,94,438
"IN",78,96,445
"IN",78,96,438
"IN",78,95,469
"IN",78,95,445
"IN",78,95,422
"IN",78,95,438
"IN",78,99,508
"IN",78,95,196
"IN",78,95,514
"IN",78,95,516
"IN",78,95,523
"IN",78,99,495
"IN",78,99,496
"IN",78,99,497
"IN",78,99,498
"IN",78,99,499
"IN",78,99,500
"IN",78,99,501
"IN",78,99,502
"IN",78,99,503
"IN",78,99,504
"IN",78,99,505
"IN",78,352,375
"IN",78,508,544
"IN",78,352,365
"IN",78,358,366
"IN",78,358,382
"IN",78,477,527
"IN",78,484,527
"IN",78,487,527
"IN",78,489,527
"IN",78,490,527
"IN",78,479,528
"IN",78,480,528
"IN",78,488,528
"IN",78,479,529
"IN",78,480,529
"IN",78,488,529
"IN",78,479,532
"IN",78,480,532
"IN",78,488,532
"IN",78,479,533
"IN",78,480,533
"IN",78,488,533
"IN",78,477,540
"IN",78,484,540
"IN",78,487,540
"IN",78,489,540
"IN",78,490,540
"IN",78,477,541
"IN",78,484,541
"IN",78,487,541
"IN",78,489,541
"IN",78,490,541
"IN",78,356,381
"IN",78,352,376
"IN",78,356,378
"IN",78,350,365
"IN",78,491,537
"IN",78,508,547
"IN",78,508,550
"IN",78,347,376
"IN",78,358,379
"IN",78,508,546
"IN",78,484,534
"IN",78,484,542
"IN",78,484,543
"IN",78,508,545
"IN",78,508,548
"IN",78,478,534
"IN",78,478,540
"IN",78,478,542
"IN",78,478,543
"IN",79,95,295
"IN",79,95,112
"IN",79,95,126
"IN",79,99,358
"IN",79,98,358
"IN",79,97,358
"IN",79,97,351
"IN",79,358,376
"IN",79,358,377
"IN",79,358,368
"IN",79,358,367
"IN",79,358,378
"IN",79,358,374
"IN",79,358,369
"IN",79,358,365
"IN",79,358,381
"IN",79,358,380
"IN",79,358,370
"IN",79,98,470
"IN",79,98,445
"IN",79,99,412
"IN",79,94,445
"IN",79,94,429
"IN",79,94,457
"IN",79,94,438
"IN",79,96,445
"IN",79,96,438
"IN",79,95,469
"IN",79,95,445
"IN",79,95,422
"IN",79,95,438
"IN",79,99,508
"IN",79,95,196
"IN",79,95,514
"IN",79,95,516
"IN",79,95,523
"IN",79,99,495
"IN",79,99,496
"IN",79,99,497
"IN",79,99,498
"IN",79,99,499
"IN",79,99,500
"IN",79,99,501
"IN",79,99,502
"IN",79,99,503
"IN",79,99,504
"IN",79,99,505
"IN",79,338,380
"IN",79,338,372
"IN",79,508,544
"IN",79,358,366
"IN",79,358,382
"IN",79,477,527
"IN",79,487,527
"IN",79,489,527
"IN",79,490,527
"IN",79,479,528
"IN",79,480,528
"IN",79,488,528
"IN",79,493,528
"IN",79,494,528
"IN",79,479,529
"IN",79,480,529
"IN",79,488,529
"IN",79,493,529
"IN",79,494,529
"IN",79,493,531
"IN",79,494,531
"IN",79,479,532
"IN",79,480,532
"IN",79,488,532
"IN",79,493,532
"IN",79,494,532
"IN",79,479,533
"IN",79,480,533
"IN",79,488,533
"IN",79,493,533
"IN",79,494,533
"IN",79,479,535
"IN",79,480,535
"IN",79,488,535
"IN",79,493,538
"IN",79,494,538
"IN",79,477,540
"IN",79,487,540
"IN",79,489,540
"IN",79,490,540
"IN",79,477,541
"IN",79,487,541
"IN",79,489,541
"IN",79,490,541
"IN",79,350,365
"IN",79,491,537
"IN",79,493,537
"IN",79,358,379
"IN",79,508,545
"IN",79,492,530
"IN",79,494,530
"IN",79,478,534
"IN",79,492,536
"IN",79,478,540
"IN",79,478,542
"IN",79,478,543
"IN",80,95,295
"IN",80,95,112
"IN",80,95,126
"IN",80,99,358
"IN",80,98,358
"IN",80,97,358
"IN",80,97,351
"IN",80,358,376
"IN",80,358,377
"IN",80,358,368
"IN",80,358,367
"IN",80,358,378
"IN",80,358,374
"IN",80,358,369
"IN",80,358,365
"IN",80,358,381
"IN",80,358,380
"IN",80,358,370
"IN",80,98,470
"IN",80,98,445
"IN",80,99,412
"IN",80,94,445
"IN",80,94,429
"IN",80,94,457
"IN",80,94,438
"IN",80,96,445
"IN",80,96,438
"IN",80,95,469
"IN",80,95,445
"IN",80,95,422
"IN",80,95,438
"IN",80,99,508
"IN",80,95,196
"IN",80,95,514
"IN",80,95,516
"IN",80,95,523
"IN",80,99,495
"IN",80,99,496
"IN",80,99,497
"IN",80,99,498
"IN",80,99,499
"IN",80,99,500
"IN",80,99,501
"IN",80,99,502
"IN",80,99,503
"IN",80,99,504
"IN",80,99,505
"IN",80,358,366
"IN",80,358,382
"IN",80,477,527
"IN",80,484,527
"IN",80,487,527
"IN",80,489,527
"IN",80,490,527
"IN",80,479,528
"IN",80,480,528
"IN",80,488,528
"IN",80,493,528
"IN",80,494,528
"IN",80,479,529
"IN",80,480,529
"IN",80,488,529
"IN",80,493,529
"IN",80,494,529
"IN",80,493,531
"IN",80,494,531
"IN",80,479,532
"IN",80,480,532
"IN",80,488,532
"IN",80,493,532
"IN",80,494,532
"IN",80,479,533
"IN",80,480,533
"IN",80,488,533
"IN",80,493,533
"IN",80,494,533
"IN",80,479,535
"IN",80,480,535
"IN",80,488,535
"IN",80,493,538
"IN",80,494,538
"IN",80,477,540
"IN",80,484,540
"IN",80,487,540
"IN",80,489,540
"IN",80,490,540
"IN",80,477,541
"IN",80,484,541
"IN",80,487,541
"IN",80,489,541
"IN",80,490,541
"IN",80,508,546
"IN",80,358,379
"IN",80,484,534
"IN",80,484,542
"IN",80,484,543
"IN",80,508,548
"IN",80,337,377
"IN",80,478,534
"IN",80,478,540
"IN",80,478,542
"IN",80,478,543
"IN",80,337,365
"IN",80,337,369
"IN",80,337,376
"IN",80,337,381
"IN",80,337,378
"IN",80,337,371
"IN",80,360,365
"IN",80,360,376
"IN",81,95,295
"IN",81,95,112
"IN",81,95,126
"IN",81,99,358
"IN",81,98,358
"IN",81,97,358
"IN",81,97,351
"IN",81,358,376
"IN",81,358,377
"IN",81,358,368
"IN",81,358,367
"IN",81,358,378
"IN",81,358,374
"IN",81,358,369
"IN",81,358,365
"IN",81,358,381
"IN",81,358,380
"IN",81,358,370
"IN",81,98,470
"IN",81,98,445
"IN",81,99,412
"IN",81,94,445
"IN",81,94,429
"IN",81,94,457
"IN",81,94,438
"IN",81,96,445
"IN",81,96,438
"IN",81,95,469
"IN",81,95,445
"IN",81,95,422
"IN",81,95,438
"IN",81,99,508
"IN",81,95,196
"IN",81,95,514
"IN",81,95,516
"IN",81,95,523
"IN",81,99,495
"IN",81,99,496
"IN",81,99,497
"IN",81,99,498
"IN",81,99,499
"IN",81,99,500
"IN",81,99,501
"IN",81,99,502
"IN",81,99,503
"IN",81,99,504
"IN",81,99,505
"IN",81,352,375
"IN",81,338,380
"IN",81,338,372
"IN",81,352,365
"IN",81,358,366
"IN",81,358,382
"IN",81,477,527
"IN",81,487,527
"IN",81,489,527
"IN",81,490,527
"IN",81,477,540
"IN",81,487,540
"IN",81,489,540
"IN",81,490,540
"IN",81,477,541
"IN",81,487,541
"IN",81,489,541
"IN",81,490,541
"IN",81,356,381
"IN",81,352,376
"IN",81,356,378
"IN",81,350,365
"IN",81,358,379
"IN",81,508,545
"IN",81,508,546
"IN",81,492,530
"IN",81,508,548
"IN",81,478,534
"IN",81,492,536
"IN",81,478,540
"IN",81,478,542
"IN",81,478,543
"IN",82,95,295
"IN",82,95,112
"IN",82,95,126
"IN",82,99,358
"IN",82,98,358
"IN",82,97,358
"IN",82,97,351
"IN",82,358,376
"IN",82,358,377
"IN",82,358,368
"IN",82,358,367
"IN",82,358,378
"IN",82,358,374
"IN",82,358,369
"IN",82,358,365
"IN",82,358,381
"IN",82,358,380
"IN",82,358,370
"IN",82,98,470
"IN",82,98,445
"IN",82,99,412
"IN",82,94,445
"IN",82,94,429
"IN",82,94,457
"IN",82,94,438
"IN",82,96,445
"IN",82,96,438
"IN",82,95,469
"IN",82,95,445
"IN",82,95,422
"IN",82,95,438
"IN",82,99,508
"IN",82,95,196
"IN",82,95,514
"IN",82,95,516
"IN",82,95,523
"IN",82,99,495
"IN",82,99,496
"IN",82,99,497
"IN",82,99,498
"IN",82,99,499
"IN",82,99,500
"IN",82,99,501
"IN",82,99,502
"IN",82,99,503
"IN",82,99,504
"IN",82,99,505
"IN",82,338,380
"IN",82,338,372
"IN",82,508,544
"IN",82,358,366
"IN",82,358,382
"IN",82,479,528
"IN",82,480,528
"IN",82,488,528
"IN",82,493,528
"IN",82,479,529
"IN",82,480,529
"IN",82,488,529
"IN",82,493,529
"IN",82,493,531
"IN",82,479,532
"IN",82,480,532
"IN",82,488,532
"IN",82,493,532
"IN",82,479,533
"IN",82,480,533
"IN",82,488,533
"IN",82,493,533
"IN",82,479,535
"IN",82,480,535
"IN",82,488,535
"IN",82,493,538
"IN",82,356,381
"IN",82,356,378
"IN",82,350,365
"IN",82,508,545
"IN",82,508,547
"IN",82,358,379
"IN",82,508,548
"IN",82,478,534
"IN",82,478,540
"IN",82,478,542
"IN",82,478,543
"IN",83,95,295
"IN",83,95,112
"IN",83,95,126
"IN",83,99,358
"IN",83,98,358
"IN",83,97,358
"IN",83,97,351
"IN",83,358,376
"IN",83,358,377
"IN",83,358,368
"IN",83,358,367
"IN",83,358,378
"IN",83,358,374
"IN",83,358,369
"IN",83,358,365
"IN",83,358,381
"IN",83,358,380
"IN",83,358,370
"IN",83,98,470
"IN",83,98,445
"IN",83,99,412
"IN",83,94,445
"IN",83,94,429
"IN",83,94,457
"IN",83,94,438
"IN",83,96,445
"IN",83,96,438
"IN",83,95,469
"IN",83,95,445
"IN",83,95,422
"IN",83,95,438
"IN",83,99,508
"IN",83,95,196
"IN",83,95,514
"IN",83,95,516
"IN",83,95,523
"IN",83,99,495
"IN",83,99,496
"IN",83,99,497
"IN",83,99,498
"IN",83,99,499
"IN",83,99,500
"IN",83,99,501
"IN",83,99,502
"IN",83,99,503
"IN",83,99,504
"IN",83,99,505
"IN",83,352,375
"IN",83,338,380
"IN",83,338,372
"IN",83,508,544
"IN",83,352,365
"IN",83,358,366
"IN",83,358,382
"IN",83,477,527
"IN",83,487,527
"IN",83,489,527
"IN",83,490,527
"IN",83,479,528
"IN",83,480,528
"IN",83,488,528
"IN",83,493,528
"IN",83,494,528
"IN",83,479,529
"IN",83,480,529
"IN",83,488,529
"IN",83,493,529
"IN",83,494,529
"IN",83,493,531
"IN",83,494,531
"IN",83,479,532
"IN",83,480,532
"IN",83,488,532
"IN",83,493,532
"IN",83,494,532
"IN",83,479,533
"IN",83,480,533
"IN",83,488,533
"IN",83,493,533
"IN",83,494,533
"IN",83,479,535
"IN",83,480,535
"IN",83,488,535
"IN",83,493,538
"IN",83,494,538
"IN",83,477,540
"IN",83,487,540
"IN",83,489,540
"IN",83,490,540
"IN",83,477,541
"IN",83,487,541
"IN",83,489,541
"IN",83,490,541
"IN",83,352,376
"IN",83,350,365
"IN",83,508,545
"IN",83,508,546
"IN",83,347,376
"IN",83,358,379
"IN",83,494,530
"IN",83,508,549
"IN",84,95,295
"IN",84,95,112
"IN",84,95,126
"IN",84,99,358
"IN",84,98,358
"IN",84,97,358
"IN",84,97,351
"IN",84,358,376
"IN",84,358,377
"IN",84,358,368
"IN",84,358,367
"IN",84,358,378
"IN",84,358,374
"IN",84,358,369
"IN",84,358,365
"IN",84,358,381
"IN",84,358,380
"IN",84,358,370
"IN",84,98,470
"IN",84,98,445
"IN",84,99,412
"IN",84,94,445
"IN",84,94,429
"IN",84,94,457
"IN",84,94,438
"IN",84,96,445
"IN",84,96,438
"IN",84,95,469
"IN",84,95,445
"IN",84,95,422
"IN",84,95,438
"IN",84,99,508
"IN",84,95,196
"IN",84,95,514
"IN",84,95,516
"IN",84,95,523
"IN",84,99,495
"IN",84,99,496
"IN",84,99,497
"IN",84,99,498
"IN",84,99,499
"IN",84,99,500
"IN",84,99,501
"IN",84,99,502
"IN",84,99,503
"IN",84,99,504
"IN",84,99,505
"IN",84,338,380
"IN",84,338,372
"IN",84,358,366
"IN",84,358,382
"IN",84,477,527
"IN",84,487,527
"IN",84,489,527
"IN",84,490,527
"IN",84,479,528
"IN",84,480,528
"IN",84,488,528
"IN",84,493,528
"IN",84,494,528
"IN",84,479,529
"IN",84,480,529
"IN",84,488,529
"IN",84,493,529
"IN",84,494,529
"IN",84,493,531
"IN",84,494,531
"IN",84,479,532
"IN",84,480,532
"IN",84,488,532
"IN",84,493,532
"IN",84,494,532
"IN",84,479,533
"IN",84,480,533
"IN",84,488,533
"IN",84,493,533
"IN",84,494,533
"IN",84,493,538
"IN",84,494,538
"IN",84,477,540
"IN",84,487,540
"IN",84,489,540
"IN",84,490,540
"IN",84,477,541
"IN",84,487,541
"IN",84,489,541
"IN",84,490,541
"IN",84,350,365
"IN",84,491,537
"IN",84,493,537
"IN",84,508,545
"IN",84,508,547
"IN",84,508,550
"IN",84,347,376
"IN",84,358,379
"IN",84,492,530
"IN",84,494,530
"IN",84,508,548
"IN",84,478,534
"IN",84,478,540
"IN",84,478,542
"IN",84,478,543
"IN",85,95,295
"IN",85,95,112
"IN",85,95,126
"IN",85,99,358
"IN",85,98,358
"IN",85,97,358
"IN",85,97,351
"IN",85,358,376
"IN",85,358,377
"IN",85,358,368
"IN",85,358,367
"IN",85,358,378
"IN",85,358,374
"IN",85,358,369
"IN",85,358,365
"IN",85,358,381
"IN",85,358,380
"IN",85,358,370
"IN",85,98,470
"IN",85,98,445
"IN",85,99,412
"IN",85,94,445
"IN",85,94,429
"IN",85,94,457
"IN",85,94,438
"IN",85,96,445
"IN",85,96,438
"IN",85,95,469
"IN",85,95,445
"IN",85,95,422
"IN",85,95,438
"IN",85,99,508
"IN",85,95,196
"IN",85,95,514
"IN",85,95,516
"IN",85,95,523
"IN",85,99,495
"IN",85,99,496
"IN",85,99,497
"IN",85,99,498
"IN",85,99,499
"IN",85,99,500
"IN",85,99,501
"IN",85,99,502
"IN",85,99,503
"IN",85,99,504
"IN",85,99,505
"IN",85,338,380
"IN",85,338,372
"IN",85,508,544
"IN",85,358,366
"IN",85,358,382
"IN",85,479,528
"IN",85,480,528
"IN",85,488,528
"IN",85,479,529
"IN",85,480,529
"IN",85,488,529
"IN",85,479,532
"IN",85,480,532
"IN",85,488,532
"IN",85,479,533
"IN",85,480,533
"IN",85,488,533
"IN",85,479,535
"IN",85,480,535
"IN",85,488,535
"IN",85,350,365
"IN",85,491,537
"IN",85,358,379
"IN",85,508,545
"IN",85,364,365
"IN",86,95,295
"IN",86,95,112
"IN",86,95,126
"IN",86,99,358
"IN",86,98,358
"IN",86,97,358
"IN",86,97,351
"IN",86,358,376
"IN",86,358,377
"IN",86,358,368
"IN",86,358,367
"IN",86,358,378
"IN",86,358,374
"IN",86,358,369
"IN",86,358,365
"IN",86,358,381
"IN",86,358,380
"IN",86,358,370
"IN",86,98,470
"IN",86,98,445
"IN",86,99,412
"IN",86,94,445
"IN",86,94,429
"IN",86,94,457
"IN",86,94,438
"IN",86,96,445
"IN",86,96,438
"IN",86,95,469
"IN",86,95,445
"IN",86,95,422
"IN",86,95,438
"IN",86,99,508
"IN",86,95,196
"IN",86,95,514
"IN",86,95,516
"IN",86,95,523
"IN",86,99,495
"IN",86,99,496
"IN",86,99,497
"IN",86,99,498
"IN",86,99,499
"IN",86,99,500
"IN",86,99,501
"IN",86,99,502
"IN",86,99,503
"IN",86,99,504
"IN",86,99,505
"IN",86,338,380
"IN",86,338,372
"IN",86,358,366
"IN",86,358,382
"IN",86,477,527
"IN",86,487,527
"IN",86,489,527
"IN",86,490,527
"IN",86,479,528
"IN",86,480,528
"IN",86,488,528
"IN",86,493,528
"IN",86,494,528
"IN",86,479,529
"IN",86,480,529
"IN",86,488,529
"IN",86,493,529
"IN",86,494,529
"IN",86,493,531
"IN",86,494,531
"IN",86,479,532
"IN",86,480,532
"IN",86,488,532
"IN",86,493,532
"IN",86,494,532
"IN",86,479,533
"IN",86,480,533
"IN",86,488,533
"IN",86,493,533
"IN",86,494,533
"IN",86,479,535
"IN",86,480,535
"IN",86,488,535
"IN",86,493,538
"IN",86,494,538
"IN",86,477,540
"IN",86,487,540
"IN",86,489,540
"IN",86,490,540
"IN",86,477,541
"IN",86,487,541
"IN",86,489,541
"IN",86,490,541
"IN",86,356,381
"IN",86,356,378
"IN",86,508,546
"IN",86,358,379
"IN",86,508,545
"IN",86,508,549
"IN",86,478,534
"IN",86,478,540
"IN",86,478,542
"IN",86,478,543
"IN",86,364,365
"IN",86,360,365
"IN",86,360,376
"IN",87,95,295
"IN",87,95,112
"IN",87,95,126
"IN",87,99,358
"IN",87,98,358
"IN",87,97,358
"IN",87,97,351
"IN",87,358,376
"IN",87,358,377
"IN",87,358,368
"IN",87,358,367
"IN",87,358,378
"IN",87,358,374
"IN",87,358,369
"IN",87,358,365
"IN",87,358,381
"IN",87,358,380
"IN",87,358,370
"IN",87,98,470
"IN",87,98,445
"IN",87,99,412
"IN",87,94,445
"IN",87,94,429
"IN",87,94,457
"IN",87,94,438
"IN",87,96,445
"IN",87,96,438
"IN",87,95,469
"IN",87,95,445
"IN",87,95,422
"IN",87,95,438
"IN",87,99,508
"IN",87,95,196
"IN",87,95,514
"IN",87,95,516
"IN",87,95,523
"IN",87,99,495
"IN",87,99,496
"IN",87,99,497
"IN",87,99,498
"IN",87,99,499
"IN",87,99,500
"IN",87,99,501
"IN",87,99,502
"IN",87,99,503
"IN",87,99,504
"IN",87,99,505
"IN",87,358,366
"IN",87,358,382
"IN",87,477,527
"IN",87,487,527
"IN",87,489,527
"IN",87,490,527
"IN",87,477,540
"IN",87,487,540
"IN",87,489,540
"IN",87,490,540
"IN",87,477,541
"IN",87,487,541
"IN",87,489,541
"IN",87,490,541
"IN",87,350,365
"IN",87,358,379
"IN",87,508,549
"IN",87,364,365
"IN",88,95,295
"IN",88,95,112
"IN",88,95,126
"IN",88,99,358
"IN",88,98,358
"IN",88,97,358
"IN",88,97,351
"IN",88,358,376
"IN",88,358,377
"IN",88,358,368
"IN",88,358,367
"IN",88,358,378
"IN",88,358,374
"IN",88,358,369
"IN",88,358,365
"IN",88,358,381
"IN",88,358,380
"IN",88,358,370
"IN",88,98,470
"IN",88,98,445
"IN",88,99,412
"IN",88,94,445
"IN",88,94,429
"IN",88,94,457
"IN",88,94,438
"IN",88,96,445
"IN",88,96,438
"IN",88,95,469
"IN",88,95,445
"IN",88,95,422
"IN",88,95,438
"IN",88,99,508
"IN",88,95,196
"IN",88,95,514
"IN",88,95,516
"IN",88,95,523
"IN",88,99,495
"IN",88,99,496
"IN",88,99,497
"IN",88,99,498
"IN",88,99,499
"IN",88,99,500
"IN",88,99,501
"IN",88,99,502
"IN",88,99,503
"IN",88,99,504
"IN",88,99,505
"IN",88,358,366
"IN",88,358,382
"IN",88,347,376
"IN",88,358,379
"IN",88,508,545
"IN",88,508,549
"IN",88,492,536
"IN",88,364,365
"IN",89,95,295
"IN",89,95,112
"IN",89,95,126
"IN",89,99,358
"IN",89,98,358
"IN",89,97,358
"IN",89,97,351
"IN",89,358,376
"IN",89,358,377
"IN",89,358,368
"IN",89,358,367
"IN",89,358,378
"IN",89,358,374
"IN",89,358,369
"IN",89,358,365
"IN",89,358,381
"IN",89,358,380
"IN",89,358,370
"IN",89,98,470
"IN",89,98,445
"IN",89,99,412
"IN",89,94,445
"IN",89,94,429
"IN",89,94,457
"IN",89,94,438
"IN",89,96,445
"IN",89,96,438
"IN",89,95,469
"IN",89,95,445
"IN",89,95,422
"IN",89,95,438
"IN",89,99,508
"IN",89,95,196
"IN",89,95,514
"IN",89,95,516
"IN",89,95,523
"IN",89,99,495
"IN",89,99,496
"IN",89,99,497
"IN",89,99,498
"IN",89,99,499
"IN",89,99,500
"IN",89,99,501
"IN",89,99,502
"IN",89,99,503
"IN",89,99,504
"IN",89,99,505
"IN",89,508,544
"IN",89,358,366
"IN",89,358,382
"IN",89,477,527
"IN",89,487,527
"IN",89,489,527
"IN",89,490,527
"IN",89,479,528
"IN",89,480,528
"IN",89,488,528
"IN",89,493,528
"IN",89,479,529
"IN",89,480,529
"IN",89,488,529
"IN",89,493,529
"IN",89,493,531
"IN",89,479,532
"IN",89,480,532
"IN",89,488,532
"IN",89,493,532
"IN",89,479,533
"IN",89,480,533
"IN",89,488,533
"IN",89,493,533
"IN",89,479,535
"IN",89,480,535
"IN",89,488,535
"IN",89,493,538
"IN",89,477,540
"IN",89,487,540
"IN",89,489,540
"IN",89,490,540
"IN",89,477,541
"IN",89,487,541
"IN",89,489,541
"IN",89,490,541
"IN",89,350,365
"IN",89,491,537
"IN",89,493,537
"IN",89,508,547
"IN",89,358,379
"IN",89,508,546
"IN",89,508,549
"IN",89,478,534
"IN",89,478,540
"IN",89,478,542
"IN",89,478,543
"IN",89,364,365
"IN",89,360,365
"IN",89,360,376
"IN",90,95,295
"IN",90,95,112
"IN",90,95,126
"IN",90,99,358
"IN",90,98,358
"IN",90,97,358
"IN",90,97,351
"IN",90,358,376
"IN",90,358,377
"IN",90,358,368
"IN",90,358,367
"IN",90,358,378
"IN",90,358,374
"IN",90,358,369
"IN",90,358,365
"IN",90,358,381
"IN",90,358,380
"IN",90,358,370
"IN",90,98,470
"IN",90,98,445
"IN",90,99,412
"IN",90,94,445
"IN",90,94,429
"IN",90,94,457
"IN",90,94,438
"IN",90,96,445
"IN",90,96,438
"IN",90,95,469
"IN",90,95,445
"IN",90,95,422
"IN",90,95,438
"IN",90,99,508
"IN",90,95,196
"IN",90,95,514
"IN",90,95,516
"IN",90,95,523
"IN",90,99,495
"IN",90,99,496
"IN",90,99,497
"IN",90,99,498
"IN",90,99,499
"IN",90,99,500
"IN",90,99,501
"IN",90,99,502
"IN",90,99,503
"IN",90,99,504
"IN",90,99,505
"IN",90,508,544
"IN",90,358,366
"IN",90,358,382
"IN",90,477,527
"IN",90,487,527
"IN",90,489,527
"IN",90,490,527
"IN",90,477,540
"IN",90,487,540
"IN",90,489,540
"IN",90,490,540
"IN",90,477,541
"IN",90,487,541
"IN",90,489,541
"IN",90,490,541
"IN",90,350,365
"IN",90,508,547
"IN",90,358,379
"IN",90,492,530
"IN",90,508,549
"IN",90,478,534
"IN",90,492,536
"IN",90,478,540
"IN",90,478,542
"IN",90,478,543
"IN",90,364,365
"IN",91,95,295
"IN",91,95,112
"IN",91,95,126
"IN",91,99,358
"IN",91,98,358
"IN",91,97,358
"IN",91,97,351
"IN",91,358,376
"IN",91,358,377
"IN",91,358,368
"IN",91,358,367
"IN",91,358,378
"IN",91,358,374
"IN",91,358,369
"IN",91,358,365
"IN",91,358,381
"IN",91,358,380
"IN",91,358,370
"IN",91,98,470
"IN",91,98,445
"IN",91,99,412
"IN",91,94,445
"IN",91,94,429
"IN",91,94,457
"IN",91,94,438
"IN",91,96,445
"IN",91,96,438
"IN",91,95,469
"IN",91,95,445
"IN",91,95,422
"IN",91,95,438
"IN",91,99,508
"IN",91,95,196
"IN",91,95,514
"IN",91,95,516
"IN",91,95,523
"IN",91,99,495
"IN",91,99,496
"IN",91,99,497
"IN",91,99,498
"IN",91,99,499
"IN",91,99,500
"IN",91,99,501
"IN",91,99,502
"IN",91,99,503
"IN",91,99,504
"IN",91,99,505
"IN",91,352,375
"IN",91,508,544
"IN",91,352,365
"IN",91,358,366
"IN",91,358,382
"IN",91,477,527
"IN",91,487,527
"IN",91,489,527
"IN",91,490,527
"IN",91,477,540
"IN",91,487,540
"IN",91,489,540
"IN",91,490,540
"IN",91,477,541
"IN",91,487,541
"IN",91,489,541
"IN",91,490,541
"IN",91,352,376
"IN",91,508,545
"IN",91,508,550
"IN",91,358,379
"IN",91,508,548
"IN",91,508,549
"IN",91,364,365
"IN",92,95,295
"IN",92,95,112
"IN",92,95,126
"IN",92,99,358
"IN",92,98,358
"IN",92,97,358
"IN",92,97,351
"IN",92,358,376
"IN",92,358,377
"IN",92,358,368
"IN",92,358,367
"IN",92,358,378
"IN",92,358,374
"IN",92,358,369
"IN",92,358,365
"IN",92,358,381
"IN",92,358,380
"IN",92,358,370
"IN",92,98,470
"IN",92,98,445
"IN",92,99,412
"IN",92,94,445
"IN",92,94,429
"IN",92,94,457
"IN",92,94,438
"IN",92,96,445
"IN",92,96,438
"IN",92,95,469
"IN",92,95,445
"IN",92,95,422
"IN",92,95,438
"IN",92,99,508
"IN",92,95,196
"IN",92,95,514
"IN",92,95,516
"IN",92,95,523
"IN",92,99,495
"IN",92,99,496
"IN",92,99,497
"IN",92,99,498
"IN",92,99,499
"IN",92,99,500
"IN",92,99,501
"IN",92,99,502
"IN",92,99,503
"IN",92,99,504
"IN",92,99,505
"IN",92,352,375
"IN",92,352,365
"IN",92,358,366
"IN",92,358,382
"IN",92,479,528
"IN",92,480,528
"IN",92,488,528
"IN",92,479,529
"IN",92,480,529
"IN",92,488,529
"IN",92,479,532
"IN",92,480,532
"IN",92,488,532
"IN",92,479,533
"IN",92,480,533
"IN",92,488,533
"IN",92,479,535
"IN",92,480,535
"IN",92,488,535
"IN",92,352,376
"IN",92,350,365
"IN",92,347,376
"IN",92,358,379
"IN",92,492,530
"IN",92,508,545
"IN",92,508,548
"IN",92,508,549
"IN",92,337,377
"IN",92,478,534
"IN",92,478,540
"IN",92,478,542
"IN",92,478,543
"IN",92,337,365
"IN",92,337,369
"IN",92,337,376
"IN",92,337,381
"IN",92,337,378
"IN",92,337,371
"IN",92,360,365
"IN",92,360,376
"IN",93,95,295
"IN",93,95,112
"IN",93,95,126
"IN",93,99,358
"IN",93,98,358
"IN",93,97,358
"IN",93,97,351
"IN",93,358,376
"IN",93,358,377
"IN",93,358,368
"IN",93,358,367
"IN",93,358,378
"IN",93,358,374
"IN",93,358,369
"IN",93,358,365
"IN",93,358,381
"IN",93,358,380
"IN",93,358,370
"IN",93,98,470
"IN",93,98,445
"IN",93,99,412
"IN",93,94,445
"IN",93,94,429
"IN",93,94,457
"IN",93,94,438
"IN",93,96,445
"IN",93,96,438
"IN",93,95,469
"IN",93,95,445
"IN",93,95,422
"IN",93,95,438
"IN",93,99,508
"IN",93,95,196
"IN",93,95,514
"IN",93,95,516
"IN",93,95,523
"IN",93,99,495
"IN",93,99,496
"IN",93,99,497
"IN",93,99,498
"IN",93,99,499
"IN",93,99,500
"IN",93,99,501
"IN",93,99,502
"IN",93,99,503
"IN",93,99,504
"IN",93,99,505
"IN",93,352,375
"IN",93,338,380
"IN",93,338,372
"IN",93,352,365
"IN",93,358,366
"IN",93,358,382
"IN",93,477,527
"IN",93,487,527
"IN",93,489,527
"IN",93,490,527
"IN",93,479,528
"IN",93,480,528
"IN",93,488,528
"IN",93,493,528
"IN",93,479,529
"IN",93,480,529
"IN",93,488,529
"IN",93,493,529
"IN",93,493,531
"IN",93,479,532
"IN",93,480,532
"IN",93,488,532
"IN",93,493,532
"IN",93,479,533
"IN",93,480,533
"IN",93,488,533
"IN",93,493,533
"IN",93,479,535
"IN",93,480,535
"IN",93,488,535
"IN",93,493,538
"IN",93,477,540
"IN",93,487,540
"IN",93,489,540
"IN",93,490,540
"IN",93,477,541
"IN",93,487,541
"IN",93,489,541
"IN",93,490,541
"IN",93,352,376
"IN",93,350,365
"IN",93,491,537
"IN",93,493,537
"IN",93,508,547
"IN",93,358,379
"IN",93,508,546
"IN",93,508,545
"IN",93,508,548
"IN",93,508,549
"IN",93,478,534
"IN",93,492,536
"IN",93,478,540
"IN",93,478,542
"IN",93,478,543
"IN",94,95,295
"IN",94,95,112
"IN",94,95,126
"IN",94,99,358
"IN",94,98,358
"IN",94,97,358
"IN",94,97,351
"IN",94,358,376
"IN",94,358,377
"IN",94,358,368
"IN",94,358,367
"IN",94,358,378
"IN",94,358,374
"IN",94,358,369
"IN",94,358,365
"IN",94,358,381
"IN",94,358,380
"IN",94,358,370
"IN",94,98,470
"IN",94,98,445
"IN",94,99,412
"IN",94,94,445
"IN",94,94,429
"IN",94,94,457
"IN",94,94,438
"IN",94,96,445
"IN",94,96,438
"IN",94,95,469
"IN",94,95,445
"IN",94,95,422
"IN",94,95,438
"IN",94,99,508
"IN",94,95,196
"IN",94,95,514
"IN",94,95,516
"IN",94,95,523
"IN",94,99,495
"IN",94,99,496
"IN",94,99,497
"IN",94,99,498
"IN",94,99,499
"IN",94,99,500
"IN",94,99,501
"IN",94,99,502
"IN",94,99,503
"IN",94,99,504
"IN",94,99,505
"IN",94,508,544
"IN",94,358,366
"IN",94,358,382
"IN",94,479,528
"IN",94,480,528
"IN",94,488,528
"IN",94,493,528
"IN",94,494,528
"IN",94,479,529
"IN",94,480,529
"IN",94,488,529
"IN",94,493,529
"IN",94,494,529
"IN",94,493,531
"IN",94,494,531
"IN",94,479,532
"IN",94,480,532
"IN",94,488,532
"IN",94,493,532
"IN",94,494,532
"IN",94,479,533
"IN",94,480,533
"IN",94,488,533
"IN",94,493,533
"IN",94,494,533
"IN",94,493,538
"IN",94,494,538
"IN",94,356,381
"IN",94,356,378
"IN",94,508,545
"IN",94,358,379
"IN",94,508,546
"IN",94,494,530
"IN",94,508,548
"IN",94,508,549
"IN",94,478,534
"IN",94,478,540
"IN",94,478,542
"IN",94,478,543
"IN",95,95,295
"IN",95,95,112
"IN",95,95,126
"IN",95,99,358
"IN",95,98,358
"IN",95,97,358
"IN",95,97,351
"IN",95,358,376
"IN",95,358,377
"IN",95,358,368
"IN",95,358,367
"IN",95,358,378
"IN",95,358,374
"IN",95,358,369
"IN",95,358,365
"IN",95,358,381
"IN",95,358,380
"IN",95,358,370
"IN",95,98,470
"IN",95,98,445
"IN",95,99,412
"IN",95,94,445
"IN",95,94,429
"IN",95,94,457
"IN",95,94,438
"IN",95,96,445
"IN",95,96,438
"IN",95,95,469
"IN",95,95,445
"IN",95,95,422
"IN",95,95,438
"IN",95,99,508
"IN",95,95,196
"IN",95,95,514
"IN",95,95,516
"IN",95,95,523
"IN",95,99,495
"IN",95,99,496
"IN",95,99,497
"IN",95,99,498
"IN",95,99,499
"IN",95,99,500
"IN",95,99,501
"IN",95,99,502
"IN",95,99,503
"IN",95,99,504
"IN",95,99,505
"IN",95,358,366
"IN",95,358,382
"IN",95,477,527
"IN",95,484,527
"IN",95,487,527
"IN",95,489,527
"IN",95,490,527
"IN",95,477,540
"IN",95,484,540
"IN",95,487,540
"IN",95,489,540
"IN",95,490,540
"IN",95,477,541
"IN",95,484,541
"IN",95,487,541
"IN",95,489,541
"IN",95,490,541
"IN",95,356,381
"IN",95,356,378
"IN",95,350,365
"IN",95,508,547
"IN",95,347,376
"IN",95,358,379
"IN",95,508,545
"IN",95,492,530
"IN",95,484,534
"IN",95,484,542
"IN",95,484,543
"IN",95,478,534
"IN",95,492,536
"IN",95,478,540
"IN",95,478,542
"IN",95,478,543
"IN",95,364,365
"IN",96,95,295
"IN",96,95,112
"IN",96,95,126
"IN",96,99,358
"IN",96,98,358
"IN",96,97,358
"IN",96,97,351
"IN",96,358,376
"IN",96,358,377
"IN",96,358,368
"IN",96,358,367
"IN",96,358,378
"IN",96,358,374
"IN",96,358,369
"IN",96,358,365
"IN",96,358,381
"IN",96,358,380
"IN",96,358,370
"IN",96,98,470
"IN",96,98,445
"IN",96,99,412
"IN",96,94,445
"IN",96,94,429
"IN",96,94,457
"IN",96,94,438
"IN",96,96,445
"IN",96,96,438
"IN",96,95,469
"IN",96,95,445
"IN",96,95,422
"IN",96,95,438
"IN",96,99,508
"IN",96,95,196
"IN",96,95,514
"IN",96,95,516
"IN",96,95,523
"IN",96,99,495
"IN",96,99,496
"IN",96,99,497
"IN",96,99,498
"IN",96,99,499
"IN",96,99,500
"IN",96,99,501
"IN",96,99,502
"IN",96,99,503
"IN",96,99,504
"IN",96,99,505
"IN",96,508,544
"IN",96,358,366
"IN",96,358,382
"IN",96,477,527
"IN",96,484,527
"IN",96,487,527
"IN",96,489,527
"IN",96,490,527
"IN",96,479,528
"IN",96,480,528
"IN",96,488,528
"IN",96,479,529
"IN",96,480,529
"IN",96,488,529
"IN",96,479,532
"IN",96,480,532
"IN",96,488,532
"IN",96,479,533
"IN",96,480,533
"IN",96,488,533
"IN",96,479,535
"IN",96,480,535
"IN",96,488,535
"IN",96,477,540
"IN",96,484,540
"IN",96,487,540
"IN",96,489,540
"IN",96,490,540
"IN",96,477,541
"IN",96,484,541
"IN",96,487,541
"IN",96,489,541
"IN",96,490,541
"IN",96,491,537
"IN",96,358,379
"IN",96,484,534
"IN",96,484,542
"IN",96,484,543
"IN",96,508,545
"IN",96,478,534
"IN",96,478,540
"IN",96,478,542
"IN",96,478,543
"IN",97,95,295
"IN",97,95,112
"IN",97,95,126
"IN",97,99,358
"IN",97,98,358
"IN",97,97,358
"IN",97,97,351
"IN",97,358,376
"IN",97,358,377
"IN",97,358,368
"IN",97,358,367
"IN",97,358,378
"IN",97,358,374
"IN",97,358,369
"IN",97,358,365
"IN",97,358,381
"IN",97,358,380
"IN",97,358,370
"IN",97,98,470
"IN",97,98,445
"IN",97,99,412
"IN",97,94,445
"IN",97,94,429
"IN",97,94,457
"IN",97,94,438
"IN",97,96,445
"IN",97,96,438
"IN",97,95,469
"IN",97,95,445
"IN",97,95,422
"IN",97,95,438
"IN",97,99,508
"IN",97,95,196
"IN",97,95,514
"IN",97,95,516
"IN",97,95,523
"IN",97,99,495
"IN",97,99,496
"IN",97,99,497
"IN",97,99,498
"IN",97,99,499
"IN",97,99,500
"IN",97,99,501
"IN",97,99,502
"IN",97,99,503
"IN",97,99,504
"IN",97,99,505
"IN",97,352,375
"IN",97,508,544
"IN",97,352,365
"IN",97,358,366
"IN",97,358,382
"IN",97,477,527
"IN",97,484,527
"IN",97,487,527
"IN",97,489,527
"IN",97,490,527
"IN",97,479,528
"IN",97,480,528
"IN",97,488,528
"IN",97,493,528
"IN",97,479,529
"IN",97,480,529
"IN",97,488,529
"IN",97,493,529
"IN",97,493,531
"IN",97,479,532
"IN",97,480,532
"IN",97,488,532
"IN",97,493,532
"IN",97,479,533
"IN",97,480,533
"IN",97,488,533
"IN",97,493,533
"IN",97,493,538
"IN",97,477,540
"IN",97,484,540
"IN",97,487,540
"IN",97,489,540
"IN",97,490,540
"IN",97,477,541
"IN",97,484,541
"IN",97,487,541
"IN",97,489,541
"IN",97,490,541
"IN",97,352,376
"IN",97,508,545
"IN",97,508,550
"IN",97,358,379
"IN",97,484,534
"IN",97,484,542
"IN",97,484,543
"IN",97,508,548
"IN",97,508,549
"IN",97,337,377
"IN",97,478,534
"IN",97,478,540
"IN",97,478,542
"IN",97,478,543
"IN",97,337,365
"IN",97,364,365
"IN",97,337,369
"IN",97,337,376
"IN",97,337,381
"IN",97,337,378
"IN",97,337,371
"IN",97,360,365
"IN",97,360,376
"IN",98,95,295
"IN",98,95,112
"IN",98,95,126
"IN",98,99,358
"IN",98,98,358
"IN",98,97,358
"IN",98,97,351
"IN",98,358,376
"IN",98,358,377
"IN",98,358,368
"IN",98,358,367
"IN",98,358,378
"IN",98,358,374
"IN",98,358,369
"IN",98,358,365
"IN",98,358,381
"IN",98,358,380
"IN",98,358,370
"IN",98,98,470
"IN",98,98,445
"IN",98,99,412
"IN",98,94,445
"IN",98,94,429
"IN",98,94,457
"IN",98,94,438
"IN",98,96,445
"IN",98,96,438
"IN",98,95,469
"IN",98,95,445
"IN",98,95,422
"IN",98,95,438
"IN",98,99,508
"IN",98,95,196
"IN",98,95,514
"IN",98,95,516
"IN",98,95,523
"IN",98,99,495
"IN",98,99,496
"IN",98,99,497
"IN",98,99,498
"IN",98,99,499
"IN",98,99,500
"IN",98,99,501
"IN",98,99,502
"IN",98,99,503
"IN",98,99,504
"IN",98,99,505
"IN",98,352,375
"IN",98,352,365
"IN",98,358,366
"IN",98,358,382
"IN",98,356,381
"IN",98,352,376
"IN",98,356,378
"IN",98,491,537
"IN",98,508,545
"IN",98,508,546
"IN",98,508,550
"IN",98,358,379
"IN",98,508,549
"IN",99,95,295
"IN",99,95,112
"IN",99,95,126
"IN",99,99,358
"IN",99,98,358
"IN",99,97,358
"IN",99,97,351
"IN",99,358,376
"IN",99,358,377
"IN",99,358,368
"IN",99,358,367
"IN",99,358,378
"IN",99,358,374
"IN",99,358,369
"IN",99,358,365
"IN",99,358,381
"IN",99,358,380
"IN",99,358,370
"IN",99,98,470
"IN",99,98,445
"IN",99,99,412
"IN",99,94,445
"IN",99,94,429
"IN",99,94,457
"IN",99,94,438
"IN",99,96,445
"IN",99,96,438
"IN",99,95,469
"IN",99,95,445
"IN",99,95,422
"IN",99,95,438
"IN",99,99,508
"IN",99,95,196
"IN",99,95,514
"IN",99,95,516
"IN",99,95,523
"IN",99,99,495
"IN",99,99,496
"IN",99,99,497
"IN",99,99,498
"IN",99,99,499
"IN",99,99,500
"IN",99,99,501
"IN",99,99,502
"IN",99,99,503
"IN",99,99,504
"IN",99,99,505
"IN",99,508,544
"IN",99,358,366
"IN",99,358,382
"IN",99,479,528
"IN",99,480,528
"IN",99,488,528
"IN",99,479,529
"IN",99,480,529
"IN",99,488,529
"IN",99,479,532
"IN",99,480,532
"IN",99,488,532
"IN",99,479,533
"IN",99,480,533
"IN",99,488,533
"IN",99,479,535
"IN",99,480,535
"IN",99,488,535
"IN",99,350,365
"IN",99,358,379
"IN",99,478,534
"IN",99,478,540
"IN",99,478,542
"IN",99,478,543
"IN",99,364,365
"IN",100,95,295
"IN",100,95,112
"IN",100,95,126
"IN",100,99,358
"IN",100,98,358
"IN",100,97,358
"IN",100,97,351
"IN",100,358,376
"IN",100,358,377
"IN",100,358,368
"IN",100,358,367
"IN",100,358,378
"IN",100,358,374
"IN",100,358,369
"IN",100,358,365
"IN",100,358,381
"IN",100,358,380
"IN",100,358,370
"IN",100,98,470
"IN",100,98,445
"IN",100,99,412
"IN",100,94,445
"IN",100,94,429
"IN",100,94,457
"IN",100,94,438
"IN",100,96,445
"IN",100,96,438
"IN",100,95,469
"IN",100,95,445
"IN",100,95,422
"IN",100,95,438
"IN",100,99,508
"IN",100,95,196
"IN",100,95,514
"IN",100,95,516
"IN",100,95,523
"IN",100,99,495
"IN",100,99,496
"IN",100,99,497
"IN",100,99,498
"IN",100,99,499
"IN",100,99,500
"IN",100,99,501
"IN",100,99,502
"IN",100,99,503
"IN",100,99,504
"IN",100,99,505
"IN",100,338,380
"IN",100,338,372
"IN",100,358,366
"IN",100,358,382
"IN",100,477,527
"IN",100,487,527
"IN",100,489,527
"IN",100,490,527
"IN",100,477,540
"IN",100,487,540
"IN",100,489,540
"IN",100,490,540
"IN",100,477,541
"IN",100,487,541
"IN",100,489,541
"IN",100,490,541
"IN",100,491,537
"IN",100,508,550
"IN",100,358,379
"IN",100,508,545
"IN",100,508,548
"IN",100,364,365
"IN",101,95,295
"IN",101,95,112
"IN",101,95,126
"IN",101,99,358
"IN",101,98,358
"IN",101,97,358
"IN",101,97,351
"IN",101,358,376
"IN",101,358,377
"IN",101,358,368
"IN",101,358,367
"IN",101,358,378
"IN",101,358,374
"IN",101,358,369
"IN",101,358,365
"IN",101,358,381
"IN",101,358,380
"IN",101,358,370
"IN",101,98,470
"IN",101,98,445
"IN",101,99,412
"IN",101,94,445
"IN",101,94,429
"IN",101,94,457
"IN",101,94,438
"IN",101,96,445
"IN",101,96,438
"IN",101,95,469
"IN",101,95,445
"IN",101,95,422
"IN",101,95,438
"IN",101,99,508
"IN",101,95,196
"IN",101,95,514
"IN",101,95,516
"IN",101,95,523
"IN",101,99,495
"IN",101,99,496
"IN",101,99,497
"IN",101,99,498
"IN",101,99,499
"IN",101,99,500
"IN",101,99,501
"IN",101,99,502
"IN",101,99,503
"IN",101,99,504
"IN",101,99,505
"IN",101,358,366
"IN",101,358,382
"IN",101,477,527
"IN",101,484,527
"IN",101,487,527
"IN",101,489,527
"IN",101,490,527
"IN",101,477,540
"IN",101,484,540
"IN",101,487,540
"IN",101,489,540
"IN",101,490,540
"IN",101,477,541
"IN",101,484,541
"IN",101,487,541
"IN",101,489,541
"IN",101,490,541
"IN",101,358,379
"IN",101,484,534
"IN",101,484,542
"IN",101,484,543
"IN",101,508,548
"IN",101,508,549
"IN",101,478,534
"IN",101,478,540
"IN",101,478,542
"IN",101,478,543
"IN",102,95,295
"IN",102,95,112
"IN",102,95,126
"IN",102,99,358
"IN",102,98,358
"IN",102,97,358
"IN",102,97,351
"IN",102,358,376
"IN",102,358,377
"IN",102,358,368
"IN",102,358,367
"IN",102,358,378
"IN",102,358,374
"IN",102,358,369
"IN",102,358,365
"IN",102,358,381
"IN",102,358,380
"IN",102,358,370
"IN",102,98,470
"IN",102,98,445
"IN",102,99,412
"IN",102,94,445
"IN",102,94,429
"IN",102,94,457
"IN",102,94,438
"IN",102,96,445
"IN",102,96,438
"IN",102,95,469
"IN",102,95,445
"IN",102,95,422
"IN",102,95,438
"IN",102,99,508
"IN",102,95,196
"IN",102,95,514
"IN",102,95,516
"IN",102,95,523
"IN",102,99,495
"IN",102,99,496
"IN",102,99,497
"IN",102,99,498
"IN",102,99,499
"IN",102,99,500
"IN",102,99,501
"IN",102,99,502
"IN",102,99,503
"IN",102,99,504
"IN",102,99,505
"IN",102,352,375
"IN",102,338,380
"IN",102,338,372
"IN",102,508,544
"IN",102,352,365
"IN",102,358,366
"IN",102,358,382
"IN",102,477,527
"IN",102,487,527
"IN",102,489,527
"IN",102,490,527
"IN",102,479,528
"IN",102,480,528
"IN",102,488,528
"IN",102,493,528
"IN",102,494,528
"IN",102,479,529
"IN",102,480,529
"IN",102,488,529
"IN",102,493,529
"IN",102,494,529
"IN",102,493,531
"IN",102,494,531
"IN",102,479,532
"IN",102,480,532
"IN",102,488,532
"IN",102,493,532
"IN",102,494,532
"IN",102,479,533
"IN",102,480,533
"IN",102,488,533
"IN",102,493,533
"IN",102,494,533
"IN",102,479,535
"IN",102,480,535
"IN",102,488,535
"IN",102,493,538
"IN",102,494,538
"IN",102,481,539
"IN",102,477,540
"IN",102,487,540
"IN",102,489,540
"IN",102,490,540
"IN",102,477,541
"IN",102,487,541
"IN",102,489,541
"IN",102,490,541
"IN",102,352,376
"IN",102,350,365
"IN",102,491,537
"IN",102,493,537
"IN",102,508,545
"IN",102,508,550
"IN",102,358,379
"IN",102,478,534
"IN",102,478,540
"IN",102,478,542
"IN",102,478,543
"IN",103,95,295
"IN",103,95,112
"IN",103,95,126
"IN",103,99,358
"IN",103,98,358
"IN",103,97,358
"IN",103,97,351
"IN",103,358,376
"IN",103,358,377
"IN",103,358,368
"IN",103,358,367
"IN",103,358,378
"IN",103,358,374
"IN",103,358,369
"IN",103,358,365
"IN",103,358,381
"IN",103,358,380
"IN",103,358,370
"IN",103,98,470
"IN",103,98,445
"IN",103,99,412
"IN",103,94,445
"IN",103,94,429
"IN",103,94,457
"IN",103,94,438
"IN",103,96,445
"IN",103,96,438
"IN",103,95,469
"IN",103,95,445
"IN",103,95,422
"IN",103,95,438
"IN",103,99,508
"IN",103,95,196
"IN",103,95,514
"IN",103,95,516
"IN",103,95,523
"IN",103,99,495
"IN",103,99,496
"IN",103,99,497
"IN",103,99,498
"IN",103,99,499
"IN",103,99,500
"IN",103,99,501
"IN",103,99,502
"IN",103,99,503
"IN",103,99,504
"IN",103,99,505
"IN",103,508,544
"IN",103,358,366
"IN",103,358,382
"IN",103,481,539
"IN",103,350,365
"IN",103,508,547
"IN",103,508,550
"IN",103,347,376
"IN",103,358,379
"IN",103,508,545
"IN",103,508,548
"IN",103,508,549
"IN",104,95,295
"IN",104,95,112
"IN",104,95,126
"IN",104,99,358
"IN",104,98,358
"IN",104,97,358
"IN",104,97,351
"IN",104,358,376
"IN",104,358,377
"IN",104,358,368
"IN",104,358,367
"IN",104,358,378
"IN",104,358,374
"IN",104,358,369
"IN",104,358,365
"IN",104,358,381
"IN",104,358,380
"IN",104,358,370
"IN",104,98,470
"IN",104,98,445
"IN",104,99,412
"IN",104,94,445
"IN",104,94,429
"IN",104,94,457
"IN",104,94,438
"IN",104,96,445
"IN",104,96,438
"IN",104,95,469
"IN",104,95,445
"IN",104,95,422
"IN",104,95,438
"IN",104,99,508
"IN",104,95,196
"IN",104,95,514
"IN",104,95,516
"IN",104,95,523
"IN",104,99,495
"IN",104,99,496
"IN",104,99,497
"IN",104,99,498
"IN",104,99,499
"IN",104,99,500
"IN",104,99,501
"IN",104,99,502
"IN",104,99,503
"IN",104,99,504
"IN",104,99,505
"IN",104,352,375
"IN",104,338,380
"IN",104,338,372
"IN",104,508,544
"IN",104,352,365
"IN",104,358,366
"IN",104,358,382
"IN",104,479,528
"IN",104,480,528
"IN",104,488,528
"IN",104,493,528
"IN",104,479,529
"IN",104,480,529
"IN",104,488,529
"IN",104,493,529
"IN",104,493,531
"IN",104,479,532
"IN",104,480,532
"IN",104,488,532
"IN",104,493,532
"IN",104,479,533
"IN",104,480,533
"IN",104,488,533
"IN",104,493,533
"IN",104,493,538
"IN",104,352,376
"IN",104,350,365
"IN",104,508,547
"IN",104,508,550
"IN",104,358,379
"IN",104,508,546
"IN",104,508,549
"IN",104,492,536
"IN",105,95,295
"IN",105,95,112
"IN",105,95,126
"IN",105,99,358
"IN",105,98,358
"IN",105,97,358
"IN",105,97,351
"IN",105,358,376
"IN",105,358,377
"IN",105,358,368
"IN",105,358,367
"IN",105,358,378
"IN",105,358,374
"IN",105,358,369
"IN",105,358,365
"IN",105,358,381
"IN",105,358,380
"IN",105,358,370
"IN",105,98,470
"IN",105,98,445
"IN",105,99,412
"IN",105,94,445
"IN",105,94,429
"IN",105,94,457
"IN",105,94,438
"IN",105,96,445
"IN",105,96,438
"IN",105,95,469
"IN",105,95,445
"IN",105,95,422
"IN",105,95,438
"IN",105,99,508
"IN",105,95,196
"IN",105,95,514
"IN",105,95,516
"IN",105,95,523
"IN",105,99,495
"IN",105,99,496
"IN",105,99,497
"IN",105,99,498
"IN",105,99,499
"IN",105,99,500
"IN",105,99,501
"IN",105,99,502
"IN",105,99,503
"IN",105,99,504
"IN",105,99,505
"IN",105,352,375
"IN",105,338,380
"IN",105,338,372
"IN",105,508,544
"IN",105,352,365
"IN",105,358,366
"IN",105,358,382
"IN",105,477,527
"IN",105,487,527
"IN",105,489,527
"IN",105,490,527
"IN",105,479,528
"IN",105,480,528
"IN",105,488,528
"IN",105,493,528
"IN",105,479,529
"IN",105,480,529
"IN",105,488,529
"IN",105,493,529
"IN",105,493,531
"IN",105,479,532
"IN",105,480,532
"IN",105,488,532
"IN",105,493,532
"IN",105,479,533
"IN",105,480,533
"IN",105,488,533
"IN",105,493,533
"IN",105,493,538
"IN",105,477,540
"IN",105,487,540
"IN",105,489,540
"IN",105,490,540
"IN",105,477,541
"IN",105,487,541
"IN",105,489,541
"IN",105,490,541
"IN",105,356,381
"IN",105,352,376
"IN",105,356,378
"IN",105,350,365
"IN",105,358,379
"IN",105,508,545
"IN",105,337,377
"IN",105,478,534
"IN",105,478,540
"IN",105,478,542
"IN",105,478,543
"IN",105,337,365
"IN",105,337,369
"IN",105,337,376
"IN",105,337,381
"IN",105,337,378
"IN",105,337,371
"IN",105,360,365
"IN",105,360,376
"IN",106,95,295
"IN",106,95,112
"IN",106,95,126
"IN",106,99,358
"IN",106,98,358
"IN",106,97,358
"IN",106,97,351
"IN",106,358,376
"IN",106,358,377
"IN",106,358,368
"IN",106,358,367
"IN",106,358,378
"IN",106,358,374
"IN",106,358,369
"IN",106,358,365
"IN",106,358,381
"IN",106,358,380
"IN",106,358,370
"IN",106,98,470
"IN",106,98,445
"IN",106,99,412
"IN",106,94,445
"IN",106,94,429
"IN",106,94,457
"IN",106,94,438
"IN",106,96,445
"IN",106,96,438
"IN",106,95,469
"IN",106,95,445
"IN",106,95,422
"IN",106,95,438
"IN",106,99,508
"IN",106,95,196
"IN",106,95,514
"IN",106,95,516
"IN",106,95,523
"IN",106,99,495
"IN",106,99,496
"IN",106,99,497
"IN",106,99,498
"IN",106,99,499
"IN",106,99,500
"IN",106,99,501
"IN",106,99,502
"IN",106,99,503
"IN",106,99,504
"IN",106,99,505
"IN",106,508,544
"IN",106,358,366
"IN",106,358,382
"IN",106,477,527
"IN",106,484,527
"IN",106,487,527
"IN",106,489,527
"IN",106,490,527
"IN",106,481,539
"IN",106,477,540
"IN",106,484,540
"IN",106,487,540
"IN",106,489,540
"IN",106,490,540
"IN",106,477,541
"IN",106,484,541
"IN",106,487,541
"IN",106,489,541
"IN",106,490,541
"IN",106,356,381
"IN",106,356,378
"IN",106,508,547
"IN",106,358,379
"IN",106,492,530
"IN",106,484,534
"IN",106,484,542
"IN",106,484,543
"IN",106,508,548
"IN",106,508,549
"IN",106,478,534
"IN",106,492,536
"IN",106,478,540
"IN",106,478,542
"IN",106,478,543
"IN",106,364,365
"IN",107,95,295
"IN",107,95,112
"IN",107,95,126
"IN",107,99,358
"IN",107,98,358
"IN",107,97,358
"IN",107,97,351
"IN",107,358,376
"IN",107,358,377
"IN",107,358,368
"IN",107,358,367
"IN",107,358,378
"IN",107,358,374
"IN",107,358,369
"IN",107,358,365
"IN",107,358,381
"IN",107,358,380
"IN",107,358,370
"IN",107,98,470
"IN",107,98,445
"IN",107,99,412
"IN",107,94,445
"IN",107,94,429
"IN",107,94,457
"IN",107,94,438
"IN",107,96,445
"IN",107,96,438
"IN",107,95,469
"IN",107,95,445
"IN",107,95,422
"IN",107,95,438
"IN",107,99,508
"IN",107,95,196
"IN",107,95,514
"IN",107,95,516
"IN",107,95,523
"IN",107,99,495
"IN",107,99,496
"IN",107,99,497
"IN",107,99,498
"IN",107,99,499
"IN",107,99,500
"IN",107,99,501
"IN",107,99,502
"IN",107,99,503
"IN",107,99,504
"IN",107,99,505
"IN",107,352,375
"IN",107,508,544
"IN",107,352,365
"IN",107,358,366
"IN",107,358,382
"IN",107,477,527
"IN",107,487,527
"IN",107,489,527
"IN",107,490,527
"IN",107,477,540
"IN",107,487,540
"IN",107,489,540
"IN",107,490,540
"IN",107,477,541
"IN",107,487,541
"IN",107,489,541
"IN",107,490,541
"IN",107,356,381
"IN",107,352,376
"IN",107,356,378
"IN",107,508,546
"IN",107,358,379
"IN",107,508,545
"IN",107,508,548
"IN",107,508,549
"IN",108,95,295
"IN",108,95,112
"IN",108,95,126
"IN",108,99,358
"IN",108,98,358
"IN",108,97,358
"IN",108,97,351
"IN",108,358,376
"IN",108,358,377
"IN",108,358,368
"IN",108,358,367
"IN",108,358,378
"IN",108,358,374
"IN",108,358,369
"IN",108,358,365
"IN",108,358,381
"IN",108,358,380
"IN",108,358,370
"IN",108,98,470
"IN",108,98,445
"IN",108,99,412
"IN",108,94,445
"IN",108,94,429
"IN",108,94,457
"IN",108,94,438
"IN",108,96,445
"IN",108,96,438
"IN",108,95,469
"IN",108,95,445
"IN",108,95,422
"IN",108,95,438
"IN",108,99,508
"IN",108,95,196
"IN",108,95,514
"IN",108,95,516
"IN",108,95,523
"IN",108,99,495
"IN",108,99,496
"IN",108,99,497
"IN",108,99,498
"IN",108,99,499
"IN",108,99,500
"IN",108,99,501
"IN",108,99,502
"IN",108,99,503
"IN",108,99,504
"IN",108,99,505
"IN",108,338,380
"IN",108,338,372
"IN",108,358,366
"IN",108,358,382
"IN",108,479,528
"IN",108,480,528
"IN",108,488,528
"IN",108,493,528
"IN",108,494,528
"IN",108,479,529
"IN",108,480,529
"IN",108,488,529
"IN",108,493,529
"IN",108,494,529
"IN",108,493,531
"IN",108,494,531
"IN",108,479,532
"IN",108,480,532
"IN",108,488,532
"IN",108,493,532
"IN",108,494,532
"IN",108,479,533
"IN",108,480,533
"IN",108,488,533
"IN",108,493,533
"IN",108,494,533
"IN",108,493,538
"IN",108,494,538
"IN",108,356,381
"IN",108,356,378
"IN",108,350,365
"IN",108,491,537
"IN",108,493,537
"IN",108,508,550
"IN",108,358,379
"IN",108,508,546
"IN",108,494,530
"IN",108,508,549
"IN",108,478,534
"IN",108,478,540
"IN",108,478,542
"IN",108,478,543
"IN",109,95,295
"IN",109,95,112
"IN",109,95,126
"IN",109,99,358
"IN",109,98,358
"IN",109,97,358
"IN",109,97,351
"IN",109,358,376
"IN",109,358,377
"IN",109,358,368
"IN",109,358,367
"IN",109,358,378
"IN",109,358,374
"IN",109,358,369
"IN",109,358,365
"IN",109,358,381
"IN",109,358,380
"IN",109,358,370
"IN",109,98,470
"IN",109,98,445
"IN",109,99,412
"IN",109,94,445
"IN",109,94,429
"IN",109,94,457
"IN",109,94,438
"IN",109,96,445
"IN",109,96,438
"IN",109,95,469
"IN",109,95,445
"IN",109,95,422
"IN",109,95,438
"IN",109,99,508
"IN",109,95,196
"IN",109,95,514
"IN",109,95,516
"IN",109,95,523
"IN",109,99,495
"IN",109,99,496
"IN",109,99,497
"IN",109,99,498
"IN",109,99,499
"IN",109,99,500
"IN",109,99,501
"IN",109,99,502
"IN",109,99,503
"IN",109,99,504
"IN",109,99,505
"IN",109,352,375
"IN",109,352,365
"IN",109,358,366
"IN",109,358,382
"IN",109,479,528
"IN",109,480,528
"IN",109,488,528
"IN",109,479,529
"IN",109,480,529
"IN",109,488,529
"IN",109,479,532
"IN",109,480,532
"IN",109,488,532
"IN",109,479,533
"IN",109,480,533
"IN",109,488,533
"IN",109,479,535
"IN",109,480,535
"IN",109,488,535
"IN",109,352,376
"IN",109,350,365
"IN",109,358,379
"IN",109,508,546
"IN",109,492,530
"IN",109,508,545
"IN",109,492,536
"IN",109,360,365
"IN",109,360,376
"IN",110,95,295
"IN",110,95,112
"IN",110,95,126
"IN",110,99,358
"IN",110,98,358
"IN",110,97,358
"IN",110,97,351
"IN",110,358,376
"IN",110,358,377
"IN",110,358,368
"IN",110,358,367
"IN",110,358,378
"IN",110,358,374
"IN",110,358,369
"IN",110,358,365
"IN",110,358,381
"IN",110,358,380
"IN",110,358,370
"IN",110,98,470
"IN",110,98,445
"IN",110,99,412
"IN",110,94,445
"IN",110,94,429
"IN",110,94,457
"IN",110,94,438
"IN",110,96,445
"IN",110,96,438
"IN",110,95,469
"IN",110,95,445
"IN",110,95,422
"IN",110,95,438
"IN",110,99,508
"IN",110,95,196
"IN",110,95,514
"IN",110,95,516
"IN",110,95,523
"IN",110,99,495
"IN",110,99,496
"IN",110,99,497
"IN",110,99,498
"IN",110,99,499
"IN",110,99,500
"IN",110,99,501
"IN",110,99,502
"IN",110,99,503
"IN",110,99,504
"IN",110,99,505
"IN",110,352,375
"IN",110,338,380
"IN",110,338,372
"IN",110,352,365
"IN",110,358,366
"IN",110,358,382
"IN",110,477,527
"IN",110,484,527
"IN",110,487,527
"IN",110,489,527
"IN",110,490,527
"IN",110,479,528
"IN",110,480,528
"IN",110,488,528
"IN",110,479,529
"IN",110,480,529
"IN",110,488,529
"IN",110,479,532
"IN",110,480,532
"IN",110,488,532
"IN",110,479,533
"IN",110,480,533
"IN",110,488,533
"IN",110,479,535
"IN",110,480,535
"IN",110,488,535
"IN",110,477,540
"IN",110,484,540
"IN",110,487,540
"IN",110,489,540
"IN",110,490,540
"IN",110,477,541
"IN",110,484,541
"IN",110,487,541
"IN",110,489,541
"IN",110,490,541
"IN",110,352,376
"IN",110,350,365
"IN",110,491,537
"IN",110,358,379
"IN",110,508,545
"IN",110,484,534
"IN",110,484,542
"IN",110,484,543
"IN",110,508,548
"IN",110,508,549
"IN",110,478,534
"IN",110,478,540
"IN",110,478,542
"IN",110,478,543
"IN",111,95,295
"IN",111,95,112
"IN",111,95,126
"IN",111,99,358
"IN",111,98,358
"IN",111,97,358
"IN",111,97,351
"IN",111,358,376
"IN",111,358,377
"IN",111,358,368
"IN",111,358,367
"IN",111,358,378
"IN",111,358,374
"IN",111,358,369
"IN",111,358,365
"IN",111,358,381
"IN",111,358,380
"IN",111,358,370
"IN",111,98,470
"IN",111,98,445
"IN",111,99,412
"IN",111,94,445
"IN",111,94,429
"IN",111,94,457
"IN",111,94,438
"IN",111,96,445
"IN",111,96,438
"IN",111,95,469
"IN",111,95,445
"IN",111,95,422
"IN",111,95,438
"IN",111,99,508
"IN",111,95,196
"IN",111,95,514
"IN",111,95,516
"IN",111,95,523
"IN",111,99,495
"IN",111,99,496
"IN",111,99,497
"IN",111,99,498
"IN",111,99,499
"IN",111,99,500
"IN",111,99,501
"IN",111,99,502
"IN",111,99,503
"IN",111,99,504
"IN",111,99,505
"IN",111,358,366
"IN",111,358,382
"IN",111,479,528
"IN",111,480,528
"IN",111,488,528
"IN",111,479,529
"IN",111,480,529
"IN",111,488,529
"IN",111,479,532
"IN",111,480,532
"IN",111,488,532
"IN",111,479,533
"IN",111,480,533
"IN",111,488,533
"IN",111,479,535
"IN",111,480,535
"IN",111,488,535
"IN",111,508,550
"IN",111,358,379
"IN",111,492,530
"IN",111,508,545
"IN",111,508,548
"IN",111,508,549
"IN",111,478,534
"IN",111,492,536
"IN",111,478,540
"IN",111,478,542
"IN",111,478,543
"IN",111,364,365
"IN",111,360,365
"IN",111,360,376
"IN",112,95,295
"IN",112,95,112
"IN",112,95,126
"IN",112,99,358
"IN",112,98,358
"IN",112,97,358
"IN",112,97,351
"IN",112,358,376
"IN",112,358,377
"IN",112,358,368
"IN",112,358,367
"IN",112,358,378
"IN",112,358,374
"IN",112,358,369
"IN",112,358,365
"IN",112,358,381
"IN",112,358,380
"IN",112,358,370
"IN",112,98,470
"IN",112,98,445
"IN",112,99,412
"IN",112,94,445
"IN",112,94,429
"IN",112,94,457
"IN",112,94,438
"IN",112,96,445
"IN",112,96,438
"IN",112,95,469
"IN",112,95,445
"IN",112,95,422
"IN",112,95,438
"IN",112,99,508
"IN",112,95,196
"IN",112,95,514
"IN",112,95,516
"IN",112,95,523
"IN",112,99,495
"IN",112,99,496
"IN",112,99,497
"IN",112,99,498
"IN",112,99,499
"IN",112,99,500
"IN",112,99,501
"IN",112,99,502
"IN",112,99,503
"IN",112,99,504
"IN",112,99,505
"IN",112,338,380
"IN",112,338,372
"IN",112,508,544
"IN",112,358,366
"IN",112,358,382
"IN",112,477,527
"IN",112,487,527
"IN",112,489,527
"IN",112,490,527
"IN",112,477,540
"IN",112,487,540
"IN",112,489,540
"IN",112,490,540
"IN",112,477,541
"IN",112,487,541
"IN",112,489,541
"IN",112,490,541
"IN",112,356,381
"IN",112,356,378
"IN",112,350,365
"IN",112,491,537
"IN",112,508,546
"IN",112,358,379
"IN",112,508,548
"IN",112,364,365
"IN",112,360,365
"IN",112,360,376
"IN",113,95,295
"IN",113,95,112
"IN",113,95,126
"IN",113,99,358
"IN",113,98,358
"IN",113,97,358
"IN",113,97,351
"IN",113,358,376
"IN",113,358,377
"IN",113,358,368
"IN",113,358,367
"IN",113,358,378
"IN",113,358,374
"IN",113,358,369
"IN",113,358,365
"IN",113,358,381
"IN",113,358,380
"IN",113,358,370
"IN",113,98,470
"IN",113,98,445
"IN",113,99,412
"IN",113,94,445
"IN",113,94,429
"IN",113,94,457
"IN",113,94,438
"IN",113,96,445
"IN",113,96,438
"IN",113,95,469
"IN",113,95,445
"IN",113,95,422
"IN",113,95,438
"IN",113,99,508
"IN",113,95,196
"IN",113,95,514
"IN",113,95,516
"IN",113,95,523
"IN",113,99,495
"IN",113,99,496
"IN",113,99,497
"IN",113,99,498
"IN",113,99,499
"IN",113,99,500
"IN",113,99,501
"IN",113,99,502
"IN",113,99,503
"IN",113,99,504
"IN",113,99,505
"IN",113,358,366
"IN",113,358,382
"IN",113,477,527
"IN",113,487,527
"IN",113,489,527
"IN",113,490,527
"IN",113,479,528
"IN",113,480,528
"IN",113,488,528
"IN",113,493,528
"IN",113,494,528
"IN",113,479,529
"IN",113,480,529
"IN",113,488,529
"IN",113,493,529
"IN",113,494,529
"IN",113,493,531
"IN",113,494,531
"IN",113,479,532
"IN",113,480,532
"IN",113,488,532
"IN",113,493,532
"IN",113,494,532
"IN",113,479,533
"IN",113,480,533
"IN",113,488,533
"IN",113,493,533
"IN",113,494,533
"IN",113,479,535
"IN",113,480,535
"IN",113,488,535
"IN",113,493,538
"IN",113,494,538
"IN",113,477,540
"IN",113,487,540
"IN",113,489,540
"IN",113,490,540
"IN",113,477,541
"IN",113,487,541
"IN",113,489,541
"IN",113,490,541
"IN",113,491,537
"IN",113,493,537
"IN",113,508,550
"IN",113,358,379
"IN",113,508,545
"IN",113,478,534
"IN",113,492,536
"IN",113,478,540
"IN",113,478,542
"IN",113,478,543
"IN",114,95,295
"IN",114,95,112
"IN",114,95,126
"IN",114,99,358
"IN",114,98,358
"IN",114,97,358
"IN",114,97,351
"IN",114,358,376
"IN",114,358,377
"IN",114,358,368
"IN",114,358,367
"IN",114,358,378
"IN",114,358,374
"IN",114,358,369
"IN",114,358,365
"IN",114,358,381
"IN",114,358,380
"IN",114,358,370
"IN",114,98,470
"IN",114,98,445
"IN",114,99,412
"IN",114,94,445
"IN",114,94,429
"IN",114,94,457
"IN",114,94,438
"IN",114,96,445
"IN",114,96,438
"IN",114,95,469
"IN",114,95,445
"IN",114,95,422
"IN",114,95,438
"IN",114,99,508
"IN",114,95,196
"IN",114,95,514
"IN",114,95,516
"IN",114,95,523
"IN",114,99,495
"IN",114,99,496
"IN",114,99,497
"IN",114,99,498
"IN",114,99,499
"IN",114,99,500
"IN",114,99,501
"IN",114,99,502
"IN",114,99,503
"IN",114,99,504
"IN",114,99,505
"IN",114,508,544
"IN",114,358,366
"IN",114,358,382
"IN",114,477,527
"IN",114,484,527
"IN",114,487,527
"IN",114,489,527
"IN",114,490,527
"IN",114,479,528
"IN",114,480,528
"IN",114,488,528
"IN",114,493,528
"IN",114,494,528
"IN",114,479,529
"IN",114,480,529
"IN",114,488,529
"IN",114,493,529
"IN",114,494,529
"IN",114,493,531
"IN",114,494,531
"IN",114,479,532
"IN",114,480,532
"IN",114,488,532
"IN",114,493,532
"IN",114,494,532
"IN",114,479,533
"IN",114,480,533
"IN",114,488,533
"IN",114,493,533
"IN",114,494,533
"IN",114,493,538
"IN",114,494,538
"IN",114,477,540
"IN",114,484,540
"IN",114,487,540
"IN",114,489,540
"IN",114,490,540
"IN",114,477,541
"IN",114,484,541
"IN",114,487,541
"IN",114,489,541
"IN",114,490,541
"IN",114,356,381
"IN",114,356,378
"IN",114,350,365
"IN",114,347,376
"IN",114,358,379
"IN",114,492,530
"IN",114,494,530
"IN",114,484,534
"IN",114,484,542
"IN",114,484,543
"IN",114,508,549
"IN",114,337,377
"IN",114,478,534
"IN",114,492,536
"IN",114,478,540
"IN",114,478,542
"IN",114,478,543
"IN",114,337,365
"IN",114,337,369
"IN",114,337,376
"IN",114,337,381
"IN",114,337,378
"IN",114,337,371
"IN",114,360,365
"IN",114,360,376
"IN",115,95,295
"IN",115,95,112
"IN",115,95,126
"IN",115,99,358
"IN",115,98,358
"IN",115,97,358
"IN",115,97,351
"IN",115,358,376
"IN",115,358,377
"IN",115,358,368
"IN",115,358,367
"IN",115,358,378
"IN",115,358,374
"IN",115,358,369
"IN",115,358,365
"IN",115,358,381
"IN",115,358,380
"IN",115,358,370
"IN",115,98,470
"IN",115,98,445
"IN",115,99,412
"IN",115,94,445
"IN",115,94,429
"IN",115,94,457
"IN",115,94,438
"IN",115,96,445
"IN",115,96,438
"IN",115,95,469
"IN",115,95,445
"IN",115,95,422
"IN",115,95,438
"IN",115,99,508
"IN",115,95,196
"IN",115,95,514
"IN",115,95,516
"IN",115,95,523
"IN",115,99,495
"IN",115,99,496
"IN",115,99,497
"IN",115,99,498
"IN",115,99,499
"IN",115,99,500
"IN",115,99,501
"IN",115,99,502
"IN",115,99,503
"IN",115,99,504
"IN",115,99,505
"IN",115,352,375
"IN",115,508,544
"IN",115,352,365
"IN",115,358,366
"IN",115,358,382
"IN",115,479,528
"IN",115,480,528
"IN",115,488,528
"IN",115,493,528
"IN",115,494,528
"IN",115,479,529
"IN",115,480,529
"IN",115,488,529
"IN",115,493,529
"IN",115,494,529
"IN",115,493,531
"IN",115,494,531
"IN",115,479,532
"IN",115,480,532
"IN",115,488,532
"IN",115,493,532
"IN",115,494,532
"IN",115,479,533
"IN",115,480,533
"IN",115,488,533
"IN",115,493,533
"IN",115,494,533
"IN",115,479,535
"IN",115,480,535
"IN",115,488,535
"IN",115,493,538
"IN",115,494,538
"IN",115,352,376
"IN",115,350,365
"IN",115,491,537
"IN",115,493,537
"IN",115,508,545
"IN",115,508,550
"IN",115,358,379
"IN",115,492,530
"IN",115,494,530
"IN",115,508,548
"IN",115,508,549
"IN",115,492,536
"IN",116,95,295
"IN",116,95,112
"IN",116,95,126
"IN",116,99,358
"IN",116,98,358
"IN",116,97,358
"IN",116,97,351
"IN",116,358,376
"IN",116,358,377
"IN",116,358,368
"IN",116,358,367
"IN",116,358,378
"IN",116,358,374
"IN",116,358,369
"IN",116,358,365
"IN",116,358,381
"IN",116,358,380
"IN",116,358,370
"IN",116,98,470
"IN",116,98,445
"IN",116,99,412
"IN",116,94,445
"IN",116,94,429
"IN",116,94,457
"IN",116,94,438
"IN",116,96,445
"IN",116,96,438
"IN",116,95,469
"IN",116,95,445
"IN",116,95,422
"IN",116,95,438
"IN",116,99,508
"IN",116,95,196
"IN",116,95,514
"IN",116,95,516
"IN",116,95,523
"IN",116,99,495
"IN",116,99,496
"IN",116,99,497
"IN",116,99,498
"IN",116,99,499
"IN",116,99,500
"IN",116,99,501
"IN",116,99,502
"IN",116,99,503
"IN",116,99,504
"IN",116,99,505
"IN",116,352,375
"IN",116,352,365
"IN",116,358,366
"IN",116,358,382
"IN",116,477,527
"IN",116,487,527
"IN",116,489,527
"IN",116,490,527
"IN",116,477,540
"IN",116,487,540
"IN",116,489,540
"IN",116,490,540
"IN",116,477,541
"IN",116,487,541
"IN",116,489,541
"IN",116,490,541
"IN",116,352,376
"IN",116,350,365
"IN",116,508,546
"IN",116,358,379
"IN",116,508,549
"IN",117,95,295
"IN",117,95,112
"IN",117,95,126
"IN",117,99,358
"IN",117,98,358
"IN",117,97,358
"IN",117,97,351
"IN",117,358,376
"IN",117,358,377
"IN",117,358,368
"IN",117,358,367
"IN",117,358,378
"IN",117,358,374
"IN",117,358,369
"IN",117,358,365
"IN",117,358,381
"IN",117,358,380
"IN",117,358,370
"IN",117,98,470
"IN",117,98,445
"IN",117,99,412
"IN",117,94,445
"IN",117,94,429
"IN",117,94,457
"IN",117,94,438
"IN",117,96,445
"IN",117,96,438
"IN",117,95,469
"IN",117,95,445
"IN",117,95,422
"IN",117,95,438
"IN",117,99,508
"IN",117,95,196
"IN",117,95,514
"IN",117,95,516
"IN",117,95,523
"IN",117,99,495
"IN",117,99,496
"IN",117,99,497
"IN",117,99,498
"IN",117,99,499
"IN",117,99,500
"IN",117,99,501
"IN",117,99,502
"IN",117,99,503
"IN",117,99,504
"IN",117,99,505
"IN",117,358,366
"IN",117,358,382
"IN",117,477,527
"IN",117,484,527
"IN",117,487,527
"IN",117,489,527
"IN",117,490,527
"IN",117,477,540
"IN",117,484,540
"IN",117,487,540
"IN",117,489,540
"IN",117,490,540
"IN",117,477,541
"IN",117,484,541
"IN",117,487,541
"IN",117,489,541
"IN",117,490,541
"IN",117,508,545
"IN",117,358,379
"IN",117,484,534
"IN",117,484,542
"IN",117,484,543
"IN",117,508,549
"IN",117,478,534
"IN",117,478,540
"IN",117,478,542
"IN",117,478,543
"IN",118,95,295
"IN",118,95,112
"IN",118,95,126
"IN",118,99,358
"IN",118,98,358
"IN",118,97,358
"IN",118,97,351
"IN",118,358,376
"IN",118,358,377
"IN",118,358,368
"IN",118,358,367
"IN",118,358,378
"IN",118,358,374
"IN",118,358,369
"IN",118,358,365
"IN",118,358,381
"IN",118,358,380
"IN",118,358,370
"IN",118,98,470
"IN",118,98,445
"IN",118,99,412
"IN",118,94,445
"IN",118,94,429
"IN",118,94,457
"IN",118,94,438
"IN",118,96,445
"IN",118,96,438
"IN",118,95,469
"IN",118,95,445
"IN",118,95,422
"IN",118,95,438
"IN",118,99,508
"IN",118,95,196
"IN",118,95,514
"IN",118,95,516
"IN",118,95,523
"IN",118,99,495
"IN",118,99,496
"IN",118,99,497
"IN",118,99,498
"IN",118,99,499
"IN",118,99,500
"IN",118,99,501
"IN",118,99,502
"IN",118,99,503
"IN",118,99,504
"IN",118,99,505
"IN",118,352,375
"IN",118,338,380
"IN",118,338,372
"IN",118,508,544
"IN",118,352,365
"IN",118,358,366
"IN",118,358,382
"IN",118,477,527
"IN",118,484,527
"IN",118,487,527
"IN",118,489,527
"IN",118,490,527
"IN",118,479,528
"IN",118,480,528
"IN",118,488,528
"IN",118,493,528
"IN",118,494,528
"IN",118,479,529
"IN",118,480,529
"IN",118,488,529
"IN",118,493,529
"IN",118,494,529
"IN",118,493,531
"IN",118,494,531
"IN",118,479,532
"IN",118,480,532
"IN",118,488,532
"IN",118,493,532
"IN",118,494,532
"IN",118,479,533
"IN",118,480,533
"IN",118,488,533
"IN",118,493,533
"IN",118,494,533
"IN",118,493,538
"IN",118,494,538
"IN",118,477,540
"IN",118,484,540
"IN",118,487,540
"IN",118,489,540
"IN",118,490,540
"IN",118,477,541
"IN",118,484,541
"IN",118,487,541
"IN",118,489,541
"IN",118,490,541
"IN",118,352,376
"IN",118,358,379
"IN",118,508,545
"IN",118,508,546
"IN",118,492,530
"IN",118,494,530
"IN",118,484,534
"IN",118,484,542
"IN",118,484,543
"IN",118,508,548
"IN",118,508,549
"IN",118,337,377
"IN",118,478,534
"IN",118,492,536
"IN",118,478,540
"IN",118,478,542
"IN",118,478,543
"IN",118,337,365
"IN",118,364,365
"IN",118,337,369
"IN",118,337,376
"IN",118,337,381
"IN",118,337,378
"IN",118,337,371
"IN",118,360,365
"IN",118,360,376
"IN",119,95,295
"IN",119,95,112
"IN",119,95,126
"IN",119,99,358
"IN",119,98,358
"IN",119,97,358
"IN",119,97,351
"IN",119,358,376
"IN",119,358,377
"IN",119,358,368
"IN",119,358,367
"IN",119,358,378
"IN",119,358,374
"IN",119,358,369
"IN",119,358,365
"IN",119,358,381
"IN",119,358,380
"IN",119,358,370
"IN",119,98,470
"IN",119,98,445
"IN",119,99,412
"IN",119,94,445
"IN",119,94,429
"IN",119,94,457
"IN",119,94,438
"IN",119,96,445
"IN",119,96,438
"IN",119,95,469
"IN",119,95,445
"IN",119,95,422
"IN",119,95,438
"IN",119,99,508
"IN",119,95,196
"IN",119,95,514
"IN",119,95,516
"IN",119,95,523
"IN",119,99,495
"IN",119,99,496
"IN",119,99,497
"IN",119,99,498
"IN",119,99,499
"IN",119,99,500
"IN",119,99,501
"IN",119,99,502
"IN",119,99,503
"IN",119,99,504
"IN",119,99,505
"IN",119,508,544
"IN",119,358,366
"IN",119,358,382
"IN",119,477,527
"IN",119,484,527
"IN",119,487,527
"IN",119,489,527
"IN",119,490,527
"IN",119,477,540
"IN",119,484,540
"IN",119,487,540
"IN",119,489,540
"IN",119,490,540
"IN",119,477,541
"IN",119,484,541
"IN",119,487,541
"IN",119,489,541
"IN",119,490,541
"IN",119,356,381
"IN",119,356,378
"IN",119,491,537
"IN",119,508,545
"IN",119,508,546
"IN",119,508,547
"IN",119,347,376
"IN",119,358,379
"IN",119,484,534
"IN",119,484,542
"IN",119,484,543
"IN",119,508,549
"IN",119,478,534
"IN",119,478,540
"IN",119,478,542
"IN",119,478,543
"IN",119,364,365
"IN",120,95,295
"IN",120,95,112
"IN",120,95,126
"IN",120,99,358
"IN",120,98,358
"IN",120,97,358
"IN",120,97,351
"IN",120,358,376
"IN",120,358,377
"IN",120,358,368
"IN",120,358,367
"IN",120,358,378
"IN",120,358,374
"IN",120,358,369
"IN",120,358,365
"IN",120,358,381
"IN",120,358,380
"IN",120,358,370
"IN",120,98,470
"IN",120,98,445
"IN",120,99,412
"IN",120,94,445
"IN",120,94,429
"IN",120,94,457
"IN",120,94,438
"IN",120,96,445
"IN",120,96,438
"IN",120,95,469
"IN",120,95,445
"IN",120,95,422
"IN",120,95,438
"IN",120,99,508
"IN",120,95,196
"IN",120,95,514
"IN",120,95,516
"IN",120,95,523
"IN",120,99,495
"IN",120,99,496
"IN",120,99,497
"IN",120,99,498
"IN",120,99,499
"IN",120,99,500
"IN",120,99,501
"IN",120,99,502
"IN",120,99,503
"IN",120,99,504
"IN",120,99,505
"IN",120,352,375
"IN",120,508,544
"IN",120,352,365
"IN",120,358,366
"IN",120,358,382
"IN",120,481,539
"IN",120,356,381
"IN",120,352,376
"IN",120,356,378
"IN",120,350,365
"IN",120,491,537
"IN",120,358,379
"IN",120,508,545
"IN",120,508,548
"IN",121,95,295
"IN",121,95,112
"IN",121,95,126
"IN",121,99,358
"IN",121,98,358
"IN",121,97,358
"IN",121,97,351
"IN",121,358,376
"IN",121,358,377
"IN",121,358,368
"IN",121,358,367
"IN",121,358,378
"IN",121,358,374
"IN",121,358,369
"IN",121,358,365
"IN",121,358,381
"IN",121,358,380
"IN",121,358,370
"IN",121,98,470
"IN",121,98,445
"IN",121,99,412
"IN",121,94,445
"IN",121,94,429
"IN",121,94,457
"IN",121,94,438
"IN",121,96,445
"IN",121,96,438
"IN",121,95,469
"IN",121,95,445
"IN",121,95,422
"IN",121,95,438
"IN",121,99,508
"IN",121,95,196
"IN",121,95,514
"IN",121,95,516
"IN",121,95,523
"IN",121,99,495
"IN",121,99,496
"IN",121,99,497
"IN",121,99,498
"IN",121,99,499
"IN",121,99,500
"IN",121,99,501
"IN",121,99,502
"IN",121,99,503
"IN",121,99,504
"IN",121,99,505
"IN",121,352,375
"IN",121,508,544
"IN",121,352,365
"IN",121,358,366
"IN",121,358,382
"IN",121,477,527
"IN",121,487,527
"IN",121,489,527
"IN",121,490,527
"IN",121,477,540
"IN",121,487,540
"IN",121,489,540
"IN",121,490,540
"IN",121,477,541
"IN",121,487,541
"IN",121,489,541
"IN",121,490,541
"IN",121,352,376
"IN",121,350,365
"IN",121,491,537
"IN",121,508,545
"IN",121,508,546
"IN",121,508,547
"IN",121,358,379
"IN",121,508,549
"IN",121,364,365
"IN",122,95,295
"IN",122,95,112
"IN",122,95,126
"IN",122,99,358
"IN",122,98,358
"IN",122,97,358
"IN",122,97,351
"IN",122,358,376
"IN",122,358,377
"IN",122,358,368
"IN",122,358,367
"IN",122,358,378
"IN",122,358,374
"IN",122,358,369
"IN",122,358,365
"IN",122,358,381
"IN",122,358,380
"IN",122,358,370
"IN",122,98,470
"IN",122,98,445
"IN",122,99,412
"IN",122,94,445
"IN",122,94,429
"IN",122,94,457
"IN",122,94,438
"IN",122,96,445
"IN",122,96,438
"IN",122,95,469
"IN",122,95,445
"IN",122,95,422
"IN",122,95,438
"IN",122,99,508
"IN",122,95,196
"IN",122,95,514
"IN",122,95,516
"IN",122,95,523
"IN",122,99,495
"IN",122,99,496
"IN",122,99,497
"IN",122,99,498
"IN",122,99,499
"IN",122,99,500
"IN",122,99,501
"IN",122,99,502
"IN",122,99,503
"IN",122,99,504
"IN",122,99,505
"IN",122,508,544
"IN",122,358,366
"IN",122,358,382
"IN",122,481,539
"IN",122,350,365
"IN",122,491,537
"IN",122,358,379
"IN",122,508,545
"IN",123,95,295
"IN",123,95,112
"IN",123,95,126
"IN",123,99,358
"IN",123,98,358
"IN",123,97,358
"IN",123,97,351
"IN",123,358,376
"IN",123,358,377
"IN",123,358,368
"IN",123,358,367
"IN",123,358,378
"IN",123,358,374
"IN",123,358,369
"IN",123,358,365
"IN",123,358,381
"IN",123,358,380
"IN",123,358,370
"IN",123,98,470
"IN",123,98,445
"IN",123,99,412
"IN",123,94,445
"IN",123,94,429
"IN",123,94,457
"IN",123,94,438
"IN",123,96,445
"IN",123,96,438
"IN",123,95,469
"IN",123,95,445
"IN",123,95,422
"IN",123,95,438
"IN",123,99,508
"IN",123,95,196
"IN",123,95,514
"IN",123,95,516
"IN",123,95,523
"IN",123,99,495
"IN",123,99,496
"IN",123,99,497
"IN",123,99,498
"IN",123,99,499
"IN",123,99,500
"IN",123,99,501
"IN",123,99,502
"IN",123,99,503
"IN",123,99,504
"IN",123,99,505
"IN",123,352,375
"IN",123,338,380
"IN",123,338,372
"IN",123,508,544
"IN",123,352,365
"IN",123,358,366
"IN",123,358,382
"IN",123,477,527
"IN",123,487,527
"IN",123,489,527
"IN",123,490,527
"IN",123,479,528
"IN",123,480,528
"IN",123,488,528
"IN",123,479,529
"IN",123,480,529
"IN",123,488,529
"IN",123,479,532
"IN",123,480,532
"IN",123,488,532
"IN",123,479,533
"IN",123,480,533
"IN",123,488,533
"IN",123,479,535
"IN",123,480,535
"IN",123,488,535
"IN",123,477,540
"IN",123,487,540
"IN",123,489,540
"IN",123,490,540
"IN",123,477,541
"IN",123,487,541
"IN",123,489,541
"IN",123,490,541
"IN",123,356,381
"IN",123,352,376
"IN",123,356,378
"IN",123,508,547
"IN",123,358,379
"IN",123,508,545
"IN",123,508,548
"IN",123,360,365
"IN",123,360,376
"IN",124,95,295
"IN",124,95,112
"IN",124,95,126
"IN",124,99,358
"IN",124,98,358
"IN",124,97,358
"IN",124,97,351
"IN",124,358,376
"IN",124,358,377
"IN",124,358,368
"IN",124,358,367
"IN",124,358,378
"IN",124,358,374
"IN",124,358,369
"IN",124,358,365
"IN",124,358,381
"IN",124,358,380
"IN",124,358,370
"IN",124,98,470
"IN",124,98,445
"IN",124,99,412
"IN",124,94,445
"IN",124,94,429
"IN",124,94,457
"IN",124,94,438
"IN",124,96,445
"IN",124,96,438
"IN",124,95,469
"IN",124,95,445
"IN",124,95,422
"IN",124,95,438
"IN",124,99,508
"IN",124,95,196
"IN",124,95,514
"IN",124,95,516
"IN",124,95,523
"IN",124,99,495
"IN",124,99,496
"IN",124,99,497
"IN",124,99,498
"IN",124,99,499
"IN",124,99,500
"IN",124,99,501
"IN",124,99,502
"IN",124,99,503
"IN",124,99,504
"IN",124,99,505
"IN",124,358,366
"IN",124,358,382
"IN",124,477,527
"IN",124,487,527
"IN",124,489,527
"IN",124,490,527
"IN",124,477,540
"IN",124,487,540
"IN",124,489,540
"IN",124,490,540
"IN",124,477,541
"IN",124,487,541
"IN",124,489,541
"IN",124,490,541
"IN",124,356,381
"IN",124,356,378
"IN",124,508,547
"IN",124,508,550
"IN",124,347,376
"IN",124,358,379
"IN",124,508,546
"IN",124,508,545
"IN",124,478,534
"IN",124,478,540
"IN",124,478,542
"IN",124,478,543
"IN",124,360,365
"IN",124,360,376
"IN",125,95,295
"IN",125,95,112
"IN",125,95,126
"IN",125,99,358
"IN",125,98,358
"IN",125,97,358
"IN",125,97,351
"IN",125,358,376
"IN",125,358,377
"IN",125,358,368
"IN",125,358,367
"IN",125,358,378
"IN",125,358,374
"IN",125,358,369
"IN",125,358,365
"IN",125,358,381
"IN",125,358,380
"IN",125,358,370
"IN",125,98,470
"IN",125,98,445
"IN",125,99,412
"IN",125,94,445
"IN",125,94,429
"IN",125,94,457
"IN",125,94,438
"IN",125,96,445
"IN",125,96,438
"IN",125,95,469
"IN",125,95,445
"IN",125,95,422
"IN",125,95,438
"IN",125,99,508
"IN",125,95,196
"IN",125,95,514
"IN",125,95,516
"IN",125,95,523
"IN",125,99,495
"IN",125,99,496
"IN",125,99,497
"IN",125,99,498
"IN",125,99,499
"IN",125,99,500
"IN",125,99,501
"IN",125,99,502
"IN",125,99,503
"IN",125,99,504
"IN",125,99,505
"IN",125,508,544
"IN",125,358,366
"IN",125,358,382
"IN",125,479,528
"IN",125,480,528
"IN",125,488,528
"IN",125,493,528
"IN",125,494,528
"IN",125,479,529
"IN",125,480,529
"IN",125,488,529
"IN",125,493,529
"IN",125,494,529
"IN",125,493,531
"IN",125,494,531
"IN",125,479,532
"IN",125,480,532
"IN",125,488,532
"IN",125,493,532
"IN",125,494,532
"IN",125,479,533
"IN",125,480,533
"IN",125,488,533
"IN",125,493,533
"IN",125,494,533
"IN",125,479,535
"IN",125,480,535
"IN",125,488,535
"IN",125,493,538
"IN",125,494,538
"IN",125,356,381
"IN",125,356,378
"IN",125,350,365
"IN",125,358,379
"IN",125,478,534
"IN",125,492,536
"IN",125,478,540
"IN",125,478,542
"IN",125,478,543
"IN",126,95,295
"IN",126,95,112
"IN",126,95,126
"IN",126,99,358
"IN",126,98,358
"IN",126,97,358
"IN",126,97,351
"IN",126,358,376
"IN",126,358,377
"IN",126,358,368
"IN",126,358,367
"IN",126,358,378
"IN",126,358,374
"IN",126,358,369
"IN",126,358,365
"IN",126,358,381
"IN",126,358,380
"IN",126,358,370
"IN",126,98,470
"IN",126,98,445
"IN",126,99,412
"IN",126,94,445
"IN",126,94,429
"IN",126,94,457
"IN",126,94,438
"IN",126,96,445
"IN",126,96,438
"IN",126,95,469
"IN",126,95,445
"IN",126,95,422
"IN",126,95,438
"IN",126,99,508
"IN",126,95,196
"IN",126,95,514
"IN",126,95,516
"IN",126,95,523
"IN",126,99,495
"IN",126,99,496
"IN",126,99,497
"IN",126,99,498
"IN",126,99,499
"IN",126,99,500
"IN",126,99,501
"IN",126,99,502
"IN",126,99,503
"IN",126,99,504
"IN",126,99,505
"IN",126,352,375
"IN",126,352,365
"IN",126,358,366
"IN",126,358,382
"IN",126,479,528
"IN",126,480,528
"IN",126,488,528
"IN",126,479,529
"IN",126,480,529
"IN",126,488,529
"IN",126,479,532
"IN",126,480,532
"IN",126,488,532
"IN",126,479,533
"IN",126,480,533
"IN",126,488,533
"IN",126,479,535
"IN",126,480,535
"IN",126,488,535
"IN",126,352,376
"IN",126,508,550
"IN",126,358,379
"IN",126,508,546
"IN",126,508,548
"IN",126,508,549
"IN",127,95,295
"IN",127,95,112
"IN",127,95,126
"IN",127,99,358
"IN",127,98,358
"IN",127,97,358
"IN",127,97,351
"IN",127,358,376
"IN",127,358,377
"IN",127,358,368
"IN",127,358,367
"IN",127,358,378
"IN",127,358,374
"IN",127,358,369
"IN",127,358,365
"IN",127,358,381
"IN",127,358,380
"IN",127,358,370
"IN",127,98,470
"IN",127,98,445
"IN",127,99,412
"IN",127,94,445
"IN",127,94,429
"IN",127,94,457
"IN",127,94,438
"IN",127,96,445
"IN",127,96,438
"IN",127,95,469
"IN",127,95,445
"IN",127,95,422
"IN",127,95,438
"IN",127,99,508
"IN",127,95,196
"IN",127,95,514
"IN",127,95,516
"IN",127,95,523
"IN",127,99,495
"IN",127,99,496
"IN",127,99,497
"IN",127,99,498
"IN",127,99,499
"IN",127,99,500
"IN",127,99,501
"IN",127,99,502
"IN",127,99,503
"IN",127,99,504
"IN",127,99,505
"IN",127,358,366
"IN",127,358,382
"IN",127,479,528
"IN",127,480,528
"IN",127,488,528
"IN",127,479,529
"IN",127,480,529
"IN",127,488,529
"IN",127,479,532
"IN",127,480,532
"IN",127,488,532
"IN",127,479,533
"IN",127,480,533
"IN",127,488,533
"IN",127,479,535
"IN",127,480,535
"IN",127,488,535
"IN",127,356,381
"IN",127,356,378
"IN",127,350,365
"IN",127,358,379
"IN",127,492,530
"IN",127,508,545
"IN",127,508,549
"IN",127,478,534
"IN",127,478,540
"IN",127,478,542
"IN",127,478,543
"IN",127,364,365
"IN",128,95,295
"IN",128,95,112
"IN",128,95,126
"IN",128,99,358
"IN",128,98,358
"IN",128,97,358
"IN",128,97,351
"IN",128,358,376
"IN",128,358,377
"IN",128,358,368
"IN",128,358,367
"IN",128,358,378
"IN",128,358,374
"IN",128,358,369
"IN",128,358,365
"IN",128,358,381
"IN",128,358,380
"IN",128,358,370
"IN",128,98,470
"IN",128,98,445
"IN",128,99,412
"IN",128,94,445
"IN",128,94,429
"IN",128,94,457
"IN",128,94,438
"IN",128,96,445
"IN",128,96,438
"IN",128,95,469
"IN",128,95,445
"IN",128,95,422
"IN",128,95,438
"IN",128,99,508
"IN",128,95,196
"IN",128,95,514
"IN",128,95,516
"IN",128,95,523
"IN",128,99,495
"IN",128,99,496
"IN",128,99,497
"IN",128,99,498
"IN",128,99,499
"IN",128,99,500
"IN",128,99,501
"IN",128,99,502
"IN",128,99,503
"IN",128,99,504
"IN",128,99,505
"IN",128,352,375
"IN",128,508,544
"IN",128,352,365
"IN",128,358,366
"IN",128,358,382
"IN",128,477,527
"IN",128,487,527
"IN",128,489,527
"IN",128,490,527
"IN",128,479,528
"IN",128,480,528
"IN",128,488,528
"IN",128,493,528
"IN",128,479,529
"IN",128,480,529
"IN",128,488,529
"IN",128,493,529
"IN",128,493,531
"IN",128,479,532
"IN",128,480,532
"IN",128,488,532
"IN",128,493,532
"IN",128,479,533
"IN",128,480,533
"IN",128,488,533
"IN",128,493,533
"IN",128,479,535
"IN",128,480,535
"IN",128,488,535
"IN",128,493,538
"IN",128,477,540
"IN",128,487,540
"IN",128,489,540
"IN",128,490,540
"IN",128,477,541
"IN",128,487,541
"IN",128,489,541
"IN",128,490,541
"IN",128,356,381
"IN",128,352,376
"IN",128,356,378
"IN",128,350,365
"IN",128,358,379
"IN",128,508,545
"IN",128,508,546
"IN",128,478,534
"IN",128,478,540
"IN",128,478,542
"IN",128,478,543
"IN",128,360,365
"IN",128,360,376
"IN",129,95,295
"IN",129,95,112
"IN",129,95,126
"IN",129,99,358
"IN",129,98,358
"IN",129,97,358
"IN",129,97,351
"IN",129,358,376
"IN",129,358,377
"IN",129,358,368
"IN",129,358,367
"IN",129,358,378
"IN",129,358,374
"IN",129,358,369
"IN",129,358,365
"IN",129,358,381
"IN",129,358,380
"IN",129,358,370
"IN",129,98,470
"IN",129,98,445
"IN",129,99,412
"IN",129,94,445
"IN",129,94,429
"IN",129,94,457
"IN",129,94,438
"IN",129,96,445
"IN",129,96,438
"IN",129,95,469
"IN",129,95,445
"IN",129,95,422
"IN",129,95,438
"IN",129,99,508
"IN",129,95,196
"IN",129,95,514
"IN",129,95,516
"IN",129,95,523
"IN",129,99,495
"IN",129,99,496
"IN",129,99,497
"IN",129,99,498
"IN",129,99,499
"IN",129,99,500
"IN",129,99,501
"IN",129,99,502
"IN",129,99,503
"IN",129,99,504
"IN",129,99,505
"IN",129,358,366
"IN",129,358,382
"IN",129,479,528
"IN",129,480,528
"IN",129,488,528
"IN",129,479,529
"IN",129,480,529
"IN",129,488,529
"IN",129,479,532
"IN",129,480,532
"IN",129,488,532
"IN",129,479,533
"IN",129,480,533
"IN",129,488,533
"IN",129,356,381
"IN",129,356,378
"IN",129,350,365
"IN",129,508,550
"IN",129,358,379
"IN",129,508,546
"IN",129,508,545
"IN",129,508,549
"IN",129,364,365
"IN",129,360,365
"IN",129,360,376
"IN",130,95,295
"IN",130,95,112
"IN",130,95,126
"IN",130,99,358
"IN",130,98,358
"IN",130,97,358
"IN",130,97,351
"IN",130,358,376
"IN",130,358,377
"IN",130,358,368
"IN",130,358,367
"IN",130,358,378
"IN",130,358,374
"IN",130,358,369
"IN",130,358,365
"IN",130,358,381
"IN",130,358,380
"IN",130,358,370
"IN",130,98,470
"IN",130,98,445
"IN",130,99,412
"IN",130,94,445
"IN",130,94,429
"IN",130,94,457
"IN",130,94,438
"IN",130,96,445
"IN",130,96,438
"IN",130,95,469
"IN",130,95,445
"IN",130,95,422
"IN",130,95,438
"IN",130,99,508
"IN",130,95,196
"IN",130,95,514
"IN",130,95,516
"IN",130,95,523
"IN",130,99,495
"IN",130,99,496
"IN",130,99,497
"IN",130,99,498
"IN",130,99,499
"IN",130,99,500
"IN",130,99,501
"IN",130,99,502
"IN",130,99,503
"IN",130,99,504
"IN",130,99,505
"IN",130,508,544
"IN",130,358,366
"IN",130,358,382
"IN",130,479,528
"IN",130,480,528
"IN",130,488,528
"IN",130,493,528
"IN",130,494,528
"IN",130,479,529
"IN",130,480,529
"IN",130,488,529
"IN",130,493,529
"IN",130,494,529
"IN",130,493,531
"IN",130,494,531
"IN",130,479,532
"IN",130,480,532
"IN",130,488,532
"IN",130,493,532
"IN",130,494,532
"IN",130,479,533
"IN",130,480,533
"IN",130,488,533
"IN",130,493,533
"IN",130,494,533
"IN",130,493,538
"IN",130,494,538
"IN",130,491,537
"IN",130,493,537
"IN",130,358,379
"IN",130,508,545
"IN",130,508,546
"IN",130,508,549
"IN",131,95,295
"IN",131,95,112
"IN",131,95,126
"IN",131,99,358
"IN",131,98,358
"IN",131,97,358
"IN",131,97,351
"IN",131,358,376
"IN",131,358,377
"IN",131,358,368
"IN",131,358,367
"IN",131,358,378
"IN",131,358,374
"IN",131,358,369
"IN",131,358,365
"IN",131,358,381
"IN",131,358,380
"IN",131,358,370
"IN",131,98,470
"IN",131,98,445
"IN",131,99,412
"IN",131,94,445
"IN",131,94,429
"IN",131,94,457
"IN",131,94,438
"IN",131,96,445
"IN",131,96,438
"IN",131,95,469
"IN",131,95,445
"IN",131,95,422
"IN",131,95,438
"IN",131,99,508
"IN",131,95,196
"IN",131,95,514
"IN",131,95,516
"IN",131,95,523
"IN",131,99,495
"IN",131,99,496
"IN",131,99,497
"IN",131,99,498
"IN",131,99,499
"IN",131,99,500
"IN",131,99,501
"IN",131,99,502
"IN",131,99,503
"IN",131,99,504
"IN",131,99,505
"IN",131,508,544
"IN",131,358,366
"IN",131,358,382
"IN",131,356,381
"IN",131,356,378
"IN",131,358,379
"IN",131,508,546
"IN",131,364,365
"IN",132,95,295
"IN",132,95,112
"IN",132,95,126
"IN",132,99,358
"IN",132,98,358
"IN",132,97,358
"IN",132,97,351
"IN",132,358,376
"IN",132,358,377
"IN",132,358,368
"IN",132,358,367
"IN",132,358,378
"IN",132,358,374
"IN",132,358,369
"IN",132,358,365
"IN",132,358,381
"IN",132,358,380
"IN",132,358,370
"IN",132,98,470
"IN",132,98,445
"IN",132,99,412
"IN",132,94,445
"IN",132,94,429
"IN",132,94,457
"IN",132,94,438
"IN",132,96,445
"IN",132,96,438
"IN",132,95,469
"IN",132,95,445
"IN",132,95,422
"IN",132,95,438
"IN",132,99,508
"IN",132,95,196
"IN",132,95,514
"IN",132,95,516
"IN",132,95,523
"IN",132,99,495
"IN",132,99,496
"IN",132,99,497
"IN",132,99,498
"IN",132,99,499
"IN",132,99,500
"IN",132,99,501
"IN",132,99,502
"IN",132,99,503
"IN",132,99,504
"IN",132,99,505
"IN",132,352,375
"IN",132,352,365
"IN",132,358,366
"IN",132,358,382
"IN",132,477,527
"IN",132,487,527
"IN",132,489,527
"IN",132,490,527
"IN",132,477,540
"IN",132,487,540
"IN",132,489,540
"IN",132,490,540
"IN",132,477,541
"IN",132,487,541
"IN",132,489,541
"IN",132,490,541
"IN",132,352,376
"IN",132,350,365
"IN",132,508,545
"IN",132,347,376
"IN",132,358,379
"IN",132,508,546
"IN",132,508,549
"IN",132,478,534
"IN",132,478,540
"IN",132,478,542
"IN",132,478,543
"IN",133,95,295
"IN",133,95,112
"IN",133,95,126
"IN",133,99,358
"IN",133,98,358
"IN",133,97,358
"IN",133,97,351
"IN",133,358,376
"IN",133,358,377
"IN",133,358,368
"IN",133,358,367
"IN",133,358,378
"IN",133,358,374
"IN",133,358,369
"IN",133,358,365
"IN",133,358,381
"IN",133,358,380
"IN",133,358,370
"IN",133,98,470
"IN",133,98,445
"IN",133,99,412
"IN",133,94,445
"IN",133,94,429
"IN",133,94,457
"IN",133,94,438
"IN",133,96,445
"IN",133,96,438
"IN",133,95,469
"IN",133,95,445
"IN",133,95,422
"IN",133,95,438
"IN",133,99,508
"IN",133,95,196
"IN",133,95,514
"IN",133,95,516
"IN",133,95,523
"IN",133,99,495
"IN",133,99,496
"IN",133,99,497
"IN",133,99,498
"IN",133,99,499
"IN",133,99,500
"IN",133,99,501
"IN",133,99,502
"IN",133,99,503
"IN",133,99,504
"IN",133,99,505
"IN",133,508,544
"IN",133,358,366
"IN",133,358,382
"IN",133,481,539
"IN",133,356,381
"IN",133,356,378
"IN",133,508,545
"IN",133,508,546
"IN",133,358,379
"IN",133,492,530
"IN",133,508,548
"IN",133,478,534
"IN",133,492,536
"IN",133,478,540
"IN",133,478,542
"IN",133,478,543
"IN",134,95,295
"IN",134,95,112
"IN",134,95,126
"IN",134,99,358
"IN",134,98,358
"IN",134,97,358
"IN",134,97,351
"IN",134,358,376
"IN",134,358,377
"IN",134,358,368
"IN",134,358,367
"IN",134,358,378
"IN",134,358,374
"IN",134,358,369
"IN",134,358,365
"IN",134,358,381
"IN",134,358,380
"IN",134,358,370
"IN",134,98,470
"IN",134,98,445
"IN",134,99,412
"IN",134,94,445
"IN",134,94,429
"IN",134,94,457
"IN",134,94,438
"IN",134,96,445
"IN",134,96,438
"IN",134,95,469
"IN",134,95,445
"IN",134,95,422
"IN",134,95,438
"IN",134,99,508
"IN",134,95,196
"IN",134,95,514
"IN",134,95,516
"IN",134,95,523
"IN",134,99,495
"IN",134,99,496
"IN",134,99,497
"IN",134,99,498
"IN",134,99,499
"IN",134,99,500
"IN",134,99,501
"IN",134,99,502
"IN",134,99,503
"IN",134,99,504
"IN",134,99,505
"IN",134,358,366
"IN",134,358,382
"IN",134,479,528
"IN",134,480,528
"IN",134,488,528
"IN",134,479,529
"IN",134,480,529
"IN",134,488,529
"IN",134,479,532
"IN",134,480,532
"IN",134,488,532
"IN",134,479,533
"IN",134,480,533
"IN",134,488,533
"IN",134,479,535
"IN",134,480,535
"IN",134,488,535
"IN",134,508,550
"IN",134,358,379
"IN",134,508,545
"IN",134,508,546
"IN",134,492,530
"IN",134,478,534
"IN",134,492,536
"IN",134,478,540
"IN",134,478,542
"IN",134,478,543
"IN",134,360,365
"IN",134,360,376
"IN",135,95,295
"IN",135,95,112
"IN",135,95,126
"IN",135,99,358
"IN",135,98,358
"IN",135,97,358
"IN",135,97,351
"IN",135,358,376
"IN",135,358,377
"IN",135,358,368
"IN",135,358,367
"IN",135,358,378
"IN",135,358,374
"IN",135,358,369
"IN",135,358,365
"IN",135,358,381
"IN",135,358,380
"IN",135,358,370
"IN",135,98,470
"IN",135,98,445
"IN",135,99,412
"IN",135,94,445
"IN",135,94,429
"IN",135,94,457
"IN",135,94,438
"IN",135,96,445
"IN",135,96,438
"IN",135,95,469
"IN",135,95,445
"IN",135,95,422
"IN",135,95,438
"IN",135,99,508
"IN",135,95,196
"IN",135,95,514
"IN",135,95,516
"IN",135,95,523
"IN",135,99,495
"IN",135,99,496
"IN",135,99,497
"IN",135,99,498
"IN",135,99,499
"IN",135,99,500
"IN",135,99,501
"IN",135,99,502
"IN",135,99,503
"IN",135,99,504
"IN",135,99,505
"IN",135,508,544
"IN",135,358,366
"IN",135,358,382
"IN",135,477,527
"IN",135,487,527
"IN",135,489,527
"IN",135,490,527
"IN",135,479,528
"IN",135,480,528
"IN",135,488,528
"IN",135,479,529
"IN",135,480,529
"IN",135,488,529
"IN",135,479,532
"IN",135,480,532
"IN",135,488,532
"IN",135,479,533
"IN",135,480,533
"IN",135,488,533
"IN",135,479,535
"IN",135,480,535
"IN",135,488,535
"IN",135,477,540
"IN",135,487,540
"IN",135,489,540
"IN",135,490,540
"IN",135,477,541
"IN",135,487,541
"IN",135,489,541
"IN",135,490,541
"IN",135,356,381
"IN",135,356,378
"IN",135,508,547
"IN",135,508,550
"IN",135,358,379
"IN",135,508,545
"IN",135,508,546
"IN",135,492,530
"IN",135,360,365
"IN",135,360,376
"IN",136,95,295
"IN",136,95,112
"IN",136,95,126
"IN",136,99,358
"IN",136,98,358
"IN",136,97,358
"IN",136,97,351
"IN",136,358,376
"IN",136,358,377
"IN",136,358,368
"IN",136,358,367
"IN",136,358,378
"IN",136,358,374
"IN",136,358,369
"IN",136,358,365
"IN",136,358,381
"IN",136,358,380
"IN",136,358,370
"IN",136,98,470
"IN",136,98,445
"IN",136,99,412
"IN",136,94,445
"IN",136,94,429
"IN",136,94,457
"IN",136,94,438
"IN",136,96,445
"IN",136,96,438
"IN",136,95,469
"IN",136,95,445
"IN",136,95,422
"IN",136,95,438
"IN",136,99,508
"IN",136,95,196
"IN",136,95,514
"IN",136,95,516
"IN",136,95,523
"IN",136,99,495
"IN",136,99,496
"IN",136,99,497
"IN",136,99,498
"IN",136,99,499
"IN",136,99,500
"IN",136,99,501
"IN",136,99,502
"IN",136,99,503
"IN",136,99,504
"IN",136,99,505
"IN",136,352,375
"IN",136,508,544
"IN",136,352,365
"IN",136,358,366
"IN",136,358,382
"IN",136,477,527
"IN",136,484,527
"IN",136,487,527
"IN",136,489,527
"IN",136,490,527
"IN",136,481,539
"IN",136,477,540
"IN",136,484,540
"IN",136,487,540
"IN",136,489,540
"IN",136,490,540
"IN",136,477,541
"IN",136,484,541
"IN",136,487,541
"IN",136,489,541
"IN",136,490,541
"IN",136,356,381
"IN",136,352,376
"IN",136,356,378
"IN",136,358,379
"IN",136,484,534
"IN",136,484,542
"IN",136,484,543
"IN",136,508,545
"IN",136,508,548
"IN",136,508,549
"IN",136,337,377
"IN",136,478,534
"IN",136,478,540
"IN",136,478,542
"IN",136,478,543
"IN",136,337,365
"IN",136,337,369
"IN",136,337,376
"IN",136,337,381
"IN",136,337,378
"IN",136,337,371
"IN",136,360,365
"IN",136,360,376
"IN",137,95,295
"IN",137,95,112
"IN",137,95,126
"IN",137,99,358
"IN",137,98,358
"IN",137,97,358
"IN",137,97,351
"IN",137,358,376
"IN",137,358,377
"IN",137,358,368
"IN",137,358,367
"IN",137,358,378
"IN",137,358,374
"IN",137,358,369
"IN",137,358,365
"IN",137,358,381
"IN",137,358,380
"IN",137,358,370
"IN",137,98,470
"IN",137,98,445
"IN",137,99,412
"IN",137,94,445
"IN",137,94,429
"IN",137,94,457
"IN",137,94,438
"IN",137,96,445
"IN",137,96,438
"IN",137,95,469
"IN",137,95,445
"IN",137,95,422
"IN",137,95,438
"IN",137,99,508
"IN",137,95,196
"IN",137,95,514
"IN",137,95,516
"IN",137,95,523
"IN",137,99,495
"IN",137,99,496
"IN",137,99,497
"IN",137,99,498
"IN",137,99,499
"IN",137,99,500
"IN",137,99,501
"IN",137,99,502
"IN",137,99,503
"IN",137,99,504
"IN",137,99,505
"IN",137,352,375
"IN",137,352,365
"IN",137,358,366
"IN",137,358,382
"IN",137,479,528
"IN",137,480,528
"IN",137,488,528
"IN",137,479,529
"IN",137,480,529
"IN",137,488,529
"IN",137,479,532
"IN",137,480,532
"IN",137,488,532
"IN",137,479,533
"IN",137,480,533
"IN",137,488,533
"IN",137,352,376
"IN",137,350,365
"IN",137,491,537
"IN",137,347,376
"IN",137,358,379
"IN",137,508,545
"IN",137,492,530
"IN",137,508,548
"IN",137,508,549
"IN",137,478,534
"IN",137,492,536
"IN",137,478,540
"IN",137,478,542
"IN",137,478,543
"IN",137,364,365
"IN",138,95,295
"IN",138,95,112
"IN",138,95,126
"IN",138,99,358
"IN",138,98,358
"IN",138,97,358
"IN",138,97,351
"IN",138,358,376
"IN",138,358,377
"IN",138,358,368
"IN",138,358,367
"IN",138,358,378
"IN",138,358,374
"IN",138,358,369
"IN",138,358,365
"IN",138,358,381
"IN",138,358,380
"IN",138,358,370
"IN",138,98,470
"IN",138,98,445
"IN",138,99,412
"IN",138,94,445
"IN",138,94,429
"IN",138,94,457
"IN",138,94,438
"IN",138,96,445
"IN",138,96,438
"IN",138,95,469
"IN",138,95,445
"IN",138,95,422
"IN",138,95,438
"IN",138,99,508
"IN",138,95,196
"IN",138,95,514
"IN",138,95,516
"IN",138,95,523
"IN",138,99,495
"IN",138,99,496
"IN",138,99,497
"IN",138,99,498
"IN",138,99,499
"IN",138,99,500
"IN",138,99,501
"IN",138,99,502
"IN",138,99,503
"IN",138,99,504
"IN",138,99,505
"IN",138,338,380
"IN",138,338,372
"IN",138,358,366
"IN",138,358,382
"IN",138,477,527
"IN",138,484,527
"IN",138,487,527
"IN",138,489,527
"IN",138,490,527
"IN",138,477,540
"IN",138,484,540
"IN",138,487,540
"IN",138,489,540
"IN",138,490,540
"IN",138,477,541
"IN",138,484,541
"IN",138,487,541
"IN",138,489,541
"IN",138,490,541
"IN",138,356,381
"IN",138,356,378
"IN",138,350,365
"IN",138,508,547
"IN",138,358,379
"IN",138,508,545
"IN",138,484,534
"IN",138,484,542
"IN",138,484,543
"IN",138,478,534
"IN",138,478,540
"IN",138,478,542
"IN",138,478,543
"IN",139,95,295
"IN",139,95,112
"IN",139,95,126
"IN",139,99,358
"IN",139,98,358
"IN",139,97,358
"IN",139,97,351
"IN",139,358,376
"IN",139,358,377
"IN",139,358,368
"IN",139,358,367
"IN",139,358,378
"IN",139,358,374
"IN",139,358,369
"IN",139,358,365
"IN",139,358,381
"IN",139,358,380
"IN",139,358,370
"IN",139,98,470
"IN",139,98,445
"IN",139,99,412
"IN",139,94,445
"IN",139,94,429
"IN",139,94,457
"IN",139,94,438
"IN",139,96,445
"IN",139,96,438
"IN",139,95,469
"IN",139,95,445
"IN",139,95,422
"IN",139,95,438
"IN",139,99,508
"IN",139,95,196
"IN",139,95,514
"IN",139,95,516
"IN",139,95,523
"IN",139,99,495
"IN",139,99,496
"IN",139,99,497
"IN",139,99,498
"IN",139,99,499
"IN",139,99,500
"IN",139,99,501
"IN",139,99,502
"IN",139,99,503
"IN",139,99,504
"IN",139,99,505
"IN",139,338,380
"IN",139,338,372
"IN",139,508,544
"IN",139,358,366
"IN",139,358,382
"IN",139,477,527
"IN",139,487,527
"IN",139,489,527
"IN",139,490,527
"IN",139,477,540
"IN",139,487,540
"IN",139,489,540
"IN",139,490,540
"IN",139,477,541
"IN",139,487,541
"IN",139,489,541
"IN",139,490,541
"IN",139,350,365
"IN",139,358,379
"IN",139,508,545
"IN",139,508,546
"IN",139,508,548
"IN",139,508,549
"IN",139,364,365
"IN",140,95,295
"IN",140,95,112
"IN",140,95,126
"IN",140,99,358
"IN",140,98,358
"IN",140,97,358
"IN",140,97,351
"IN",140,358,376
"IN",140,358,377
"IN",140,358,368
"IN",140,358,367
"IN",140,358,378
"IN",140,358,374
"IN",140,358,369
"IN",140,358,365
"IN",140,358,381
"IN",140,358,380
"IN",140,358,370
"IN",140,98,470
"IN",140,98,445
"IN",140,99,412
"IN",140,94,445
"IN",140,94,429
"IN",140,94,457
"IN",140,94,438
"IN",140,96,445
"IN",140,96,438
"IN",140,95,469
"IN",140,95,445
"IN",140,95,422
"IN",140,95,438
"IN",140,99,508
"IN",140,95,196
"IN",140,95,514
"IN",140,95,516
"IN",140,95,523
"IN",140,99,495
"IN",140,99,496
"IN",140,99,497
"IN",140,99,498
"IN",140,99,499
"IN",140,99,500
"IN",140,99,501
"IN",140,99,502
"IN",140,99,503
"IN",140,99,504
"IN",140,99,505
"IN",140,358,366
"IN",140,358,382
"IN",140,491,537
"IN",140,508,547
"IN",140,508,550
"IN",140,358,379
"IN",140,492,530
"IN",140,508,545
"IN",140,508,548
"IN",140,492,536
"IN",141,95,295
"IN",141,95,112
"IN",141,95,126
"IN",141,99,358
"IN",141,98,358
"IN",141,97,358
"IN",141,97,351
"IN",141,358,376
"IN",141,358,377
"IN",141,358,368
"IN",141,358,367
"IN",141,358,378
"IN",141,358,374
"IN",141,358,369
"IN",141,358,365
"IN",141,358,381
"IN",141,358,380
"IN",141,358,370
"IN",141,98,470
"IN",141,98,445
"IN",141,99,412
"IN",141,94,445
"IN",141,94,429
"IN",141,94,457
"IN",141,94,438
"IN",141,96,445
"IN",141,96,438
"IN",141,95,469
"IN",141,95,445
"IN",141,95,422
"IN",141,95,438
"IN",141,99,508
"IN",141,95,196
"IN",141,95,514
"IN",141,95,516
"IN",141,95,523
"IN",141,99,495
"IN",141,99,496
"IN",141,99,497
"IN",141,99,498
"IN",141,99,499
"IN",141,99,500
"IN",141,99,501
"IN",141,99,502
"IN",141,99,503
"IN",141,99,504
"IN",141,99,505
"IN",141,508,544
"IN",141,358,366
"IN",141,358,382
"IN",141,477,527
"IN",141,487,527
"IN",141,489,527
"IN",141,490,527
"IN",141,477,540
"IN",141,487,540
"IN",141,489,540
"IN",141,490,540
"IN",141,477,541
"IN",141,487,541
"IN",141,489,541
"IN",141,490,541
"IN",141,356,381
"IN",141,356,378
"IN",141,350,365
"IN",141,508,545
"IN",141,508,550
"IN",141,358,379
"IN",141,508,548
"IN",141,508,549
"IN",142,95,295
"IN",142,95,112
"IN",142,95,126
"IN",142,99,358
"IN",142,98,358
"IN",142,97,358
"IN",142,97,351
"IN",142,358,376
"IN",142,358,377
"IN",142,358,368
"IN",142,358,367
"IN",142,358,378
"IN",142,358,374
"IN",142,358,369
"IN",142,358,365
"IN",142,358,381
"IN",142,358,380
"IN",142,358,370
"IN",142,98,470
"IN",142,98,445
"IN",142,99,412
"IN",142,94,445
"IN",142,94,429
"IN",142,94,457
"IN",142,94,438
"IN",142,96,445
"IN",142,96,438
"IN",142,95,469
"IN",142,95,445
"IN",142,95,422
"IN",142,95,438
"IN",142,99,508
"IN",142,95,196
"IN",142,95,514
"IN",142,95,516
"IN",142,95,523
"IN",142,99,495
"IN",142,99,496
"IN",142,99,497
"IN",142,99,498
"IN",142,99,499
"IN",142,99,500
"IN",142,99,501
"IN",142,99,502
"IN",142,99,503
"IN",142,99,504
"IN",142,99,505
"IN",142,338,380
"IN",142,338,372
"IN",142,358,366
"IN",142,358,382
"IN",142,477,527
"IN",142,487,527
"IN",142,489,527
"IN",142,490,527
"IN",142,477,540
"IN",142,487,540
"IN",142,489,540
"IN",142,490,540
"IN",142,477,541
"IN",142,487,541
"IN",142,489,541
"IN",142,490,541
"IN",142,356,381
"IN",142,356,378
"IN",142,491,537
"IN",142,358,379
"IN",142,508,546
"IN",142,508,545
"IN",142,508,548
"IN",142,508,549
"IN",142,360,365
"IN",142,360,376
"IN",143,95,295
"IN",143,95,112
"IN",143,95,126
"IN",143,99,358
"IN",143,98,358
"IN",143,97,358
"IN",143,97,351
"IN",143,358,376
"IN",143,358,377
"IN",143,358,368
"IN",143,358,367
"IN",143,358,378
"IN",143,358,374
"IN",143,358,369
"IN",143,358,365
"IN",143,358,381
"IN",143,358,380
"IN",143,358,370
"IN",143,98,470
"IN",143,98,445
"IN",143,99,412
"IN",143,94,445
"IN",143,94,429
"IN",143,94,457
"IN",143,94,438
"IN",143,96,445
"IN",143,96,438
"IN",143,95,469
"IN",143,95,445
"IN",143,95,422
"IN",143,95,438
"IN",143,99,508
"IN",143,95,196
"IN",143,95,514
"IN",143,95,516
"IN",143,95,523
"IN",143,99,495
"IN",143,99,496
"IN",143,99,497
"IN",143,99,498
"IN",143,99,499
"IN",143,99,500
"IN",143,99,501
"IN",143,99,502
"IN",143,99,503
"IN",143,99,504
"IN",143,99,505
"IN",143,508,544
"IN",143,358,366
"IN",143,358,382
"IN",143,477,527
"IN",143,484,527
"IN",143,487,527
"IN",143,489,527
"IN",143,490,527
"IN",143,479,528
"IN",143,480,528
"IN",143,488,528
"IN",143,493,528
"IN",143,479,529
"IN",143,480,529
"IN",143,488,529
"IN",143,493,529
"IN",143,493,531
"IN",143,479,532
"IN",143,480,532
"IN",143,488,532
"IN",143,493,532
"IN",143,479,533
"IN",143,480,533
"IN",143,488,533
"IN",143,493,533
"IN",143,493,538
"IN",143,481,539
"IN",143,477,540
"IN",143,484,540
"IN",143,487,540
"IN",143,489,540
"IN",143,490,540
"IN",143,477,541
"IN",143,484,541
"IN",143,487,541
"IN",143,489,541
"IN",143,490,541
"IN",143,356,381
"IN",143,356,378
"IN",143,350,365
"IN",143,491,537
"IN",143,493,537
"IN",143,347,376
"IN",143,358,379
"IN",143,484,534
"IN",143,484,542
"IN",143,484,543
"IN",143,508,545
"IN",143,508,548
"IN",143,508,549
"IN",143,337,377
"IN",143,478,534
"IN",143,478,540
"IN",143,478,542
"IN",143,478,543
"IN",143,337,365
"IN",143,364,365
"IN",143,337,369
"IN",143,337,376
"IN",143,337,381
"IN",143,337,378
"IN",143,337,371
"IN",143,360,365
"IN",143,360,376
"IN",144,95,295
"IN",144,95,112
"IN",144,95,126
"IN",144,99,358
"IN",144,98,358
"IN",144,97,358
"IN",144,97,351
"IN",144,358,376
"IN",144,358,377
"IN",144,358,368
"IN",144,358,367
"IN",144,358,378
"IN",144,358,374
"IN",144,358,369
"IN",144,358,365
"IN",144,358,381
"IN",144,358,380
"IN",144,358,370
"IN",144,98,470
"IN",144,98,445
"IN",144,99,412
"IN",144,94,445
"IN",144,94,429
"IN",144,94,457
"IN",144,94,438
"IN",144,96,445
"IN",144,96,438
"IN",144,95,469
"IN",144,95,445
"IN",144,95,422
"IN",144,95,438
"IN",144,99,508
"IN",144,95,196
"IN",144,95,514
"IN",144,95,516
"IN",144,95,523
"IN",144,99,495
"IN",144,99,496
"IN",144,99,497
"IN",144,99,498
"IN",144,99,499
"IN",144,99,500
"IN",144,99,501
"IN",144,99,502
"IN",144,99,503
"IN",144,99,504
"IN",144,99,505
"IN",144,352,375
"IN",144,338,380
"IN",144,338,372
"IN",144,352,365
"IN",144,358,366
"IN",144,358,382
"IN",144,479,528
"IN",144,480,528
"IN",144,488,528
"IN",144,493,528
"IN",144,479,529
"IN",144,480,529
"IN",144,488,529
"IN",144,493,529
"IN",144,493,531
"IN",144,479,532
"IN",144,480,532
"IN",144,488,532
"IN",144,493,532
"IN",144,479,533
"IN",144,480,533
"IN",144,488,533
"IN",144,493,533
"IN",144,493,538
"IN",144,352,376
"IN",144,350,365
"IN",144,508,550
"IN",144,358,379
"IN",144,508,545
"IN",144,364,365
"IN",145,95,295
"IN",145,95,112
"IN",145,95,126
"IN",145,99,358
"IN",145,98,358
"IN",145,97,358
"IN",145,97,351
"IN",145,358,376
"IN",145,358,377
"IN",145,358,368
"IN",145,358,367
"IN",145,358,378
"IN",145,358,374
"IN",145,358,369
"IN",145,358,365
"IN",145,358,381
"IN",145,358,380
"IN",145,358,370
"IN",145,98,470
"IN",145,98,445
"IN",145,99,412
"IN",145,94,445
"IN",145,94,429
"IN",145,94,457
"IN",145,94,438
"IN",145,96,445
"IN",145,96,438
"IN",145,95,469
"IN",145,95,445
"IN",145,95,422
"IN",145,95,438
"IN",145,99,508
"IN",145,95,196
"IN",145,95,514
"IN",145,95,516
"IN",145,95,523
"IN",145,99,495
"IN",145,99,496
"IN",145,99,497
"IN",145,99,498
"IN",145,99,499
"IN",145,99,500
"IN",145,99,501
"IN",145,99,502
"IN",145,99,503
"IN",145,99,504
"IN",145,99,505
"IN",145,508,544
"IN",145,358,366
"IN",145,358,382
"IN",145,479,528
"IN",145,480,528
"IN",145,488,528
"IN",145,493,528
"IN",145,494,528
"IN",145,479,529
"IN",145,480,529
"IN",145,488,529
"IN",145,493,529
"IN",145,494,529
"IN",145,493,531
"IN",145,494,531
"IN",145,479,532
"IN",145,480,532
"IN",145,488,532
"IN",145,493,532
"IN",145,494,532
"IN",145,479,533
"IN",145,480,533
"IN",145,488,533
"IN",145,493,533
"IN",145,494,533
"IN",145,479,535
"IN",145,480,535
"IN",145,488,535
"IN",145,493,538
"IN",145,494,538
"IN",145,356,381
"IN",145,356,378
"IN",145,508,546
"IN",145,358,379
"IN",145,508,549
"IN",145,364,365
"IN",146,95,295
"IN",146,95,112
"IN",146,95,126
"IN",146,99,358
"IN",146,98,358
"IN",146,97,358
"IN",146,97,351
"IN",146,358,376
"IN",146,358,377
"IN",146,358,368
"IN",146,358,367
"IN",146,358,378
"IN",146,358,374
"IN",146,358,369
"IN",146,358,365
"IN",146,358,381
"IN",146,358,380
"IN",146,358,370
"IN",146,98,470
"IN",146,98,445
"IN",146,99,412
"IN",146,94,445
"IN",146,94,429
"IN",146,94,457
"IN",146,94,438
"IN",146,96,445
"IN",146,96,438
"IN",146,95,469
"IN",146,95,445
"IN",146,95,422
"IN",146,95,438
"IN",146,99,508
"IN",146,95,196
"IN",146,95,514
"IN",146,95,516
"IN",146,95,523
"IN",146,99,495
"IN",146,99,496
"IN",146,99,497
"IN",146,99,498
"IN",146,99,499
"IN",146,99,500
"IN",146,99,501
"IN",146,99,502
"IN",146,99,503
"IN",146,99,504
"IN",146,99,505
"IN",146,508,544
"IN",146,358,366
"IN",146,358,382
"IN",146,477,527
"IN",146,487,527
"IN",146,489,527
"IN",146,490,527
"IN",146,479,528
"IN",146,480,528
"IN",146,488,528
"IN",146,479,529
"IN",146,480,529
"IN",146,488,529
"IN",146,479,532
"IN",146,480,532
"IN",146,488,532
"IN",146,479,533
"IN",146,480,533
"IN",146,488,533
"IN",146,477,540
"IN",146,487,540
"IN",146,489,540
"IN",146,490,540
"IN",146,477,541
"IN",146,487,541
"IN",146,489,541
"IN",146,490,541
"IN",146,508,545
"IN",146,508,547
"IN",146,358,379
"IN",146,508,548
"IN",146,492,536
"IN",147,95,295
"IN",147,95,112
"IN",147,95,126
"IN",147,99,358
"IN",147,98,358
"IN",147,97,358
"IN",147,97,351
"IN",147,358,376
"IN",147,358,377
"IN",147,358,368
"IN",147,358,367
"IN",147,358,378
"IN",147,358,374
"IN",147,358,369
"IN",147,358,365
"IN",147,358,381
"IN",147,358,380
"IN",147,358,370
"IN",147,98,470
"IN",147,98,445
"IN",147,99,412
"IN",147,94,445
"IN",147,94,429
"IN",147,94,457
"IN",147,94,438
"IN",147,96,445
"IN",147,96,438
"IN",147,95,469
"IN",147,95,445
"IN",147,95,422
"IN",147,95,438
"IN",147,99,508
"IN",147,95,196
"IN",147,95,514
"IN",147,95,516
"IN",147,95,523
"IN",147,99,495
"IN",147,99,496
"IN",147,99,497
"IN",147,99,498
"IN",147,99,499
"IN",147,99,500
"IN",147,99,501
"IN",147,99,502
"IN",147,99,503
"IN",147,99,504
"IN",147,99,505
"IN",147,508,544
"IN",147,358,366
"IN",147,358,382
"IN",147,477,527
"IN",147,487,527
"IN",147,489,527
"IN",147,490,527
"IN",147,477,540
"IN",147,487,540
"IN",147,489,540
"IN",147,490,540
"IN",147,477,541
"IN",147,487,541
"IN",147,489,541
"IN",147,490,541
"IN",147,356,381
"IN",147,356,378
"IN",147,350,365
"IN",147,358,379
"IN",147,508,546
"IN",147,508,545
"IN",147,508,548
"IN",148,95,295
"IN",148,95,112
"IN",148,95,126
"IN",148,99,358
"IN",148,98,358
"IN",148,97,358
"IN",148,97,351
"IN",148,358,376
"IN",148,358,377
"IN",148,358,368
"IN",148,358,367
"IN",148,358,378
"IN",148,358,374
"IN",148,358,369
"IN",148,358,365
"IN",148,358,381
"IN",148,358,380
"IN",148,358,370
"IN",148,98,470
"IN",148,98,445
"IN",148,99,412
"IN",148,94,445
"IN",148,94,429
"IN",148,94,457
"IN",148,94,438
"IN",148,96,445
"IN",148,96,438
"IN",148,95,469
"IN",148,95,445
"IN",148,95,422
"IN",148,95,438
"IN",148,99,508
"IN",148,95,196
"IN",148,95,514
"IN",148,95,516
"IN",148,95,523
"IN",148,99,495
"IN",148,99,496
"IN",148,99,497
"IN",148,99,498
"IN",148,99,499
"IN",148,99,500
"IN",148,99,501
"IN",148,99,502
"IN",148,99,503
"IN",148,99,504
"IN",148,99,505
"IN",148,508,544
"IN",148,358,366
"IN",148,358,382
"IN",148,356,381
"IN",148,356,378
"IN",148,508,546
"IN",148,358,379
"IN",148,508,545
"IN",148,508,548
"IN",148,508,549
"IN",148,364,365
"IN",149,95,295
"IN",149,95,112
"IN",149,95,126
"IN",149,99,358
"IN",149,98,358
"IN",149,97,358
"IN",149,97,351
"IN",149,358,376
"IN",149,358,377
"IN",149,358,368
"IN",149,358,367
"IN",149,358,378
"IN",149,358,374
"IN",149,358,369
"IN",149,358,365
"IN",149,358,381
"IN",149,358,380
"IN",149,358,370
"IN",149,98,470
"IN",149,98,445
"IN",149,99,412
"IN",149,94,445
"IN",149,94,429
"IN",149,94,457
"IN",149,94,438
"IN",149,96,445
"IN",149,96,438
"IN",149,95,469
"IN",149,95,445
"IN",149,95,422
"IN",149,95,438
"IN",149,99,508
"IN",149,95,196
"IN",149,95,514
"IN",149,95,516
"IN",149,95,523
"IN",149,99,495
"IN",149,99,496
"IN",149,99,497
"IN",149,99,498
"IN",149,99,499
"IN",149,99,500
"IN",149,99,501
"IN",149,99,502
"IN",149,99,503
"IN",149,99,504
"IN",149,99,505
"IN",149,352,375
"IN",149,508,544
"IN",149,352,365
"IN",149,358,366
"IN",149,358,382
"IN",149,477,527
"IN",149,484,527
"IN",149,487,527
"IN",149,489,527
"IN",149,490,527
"IN",149,481,539
"IN",149,477,540
"IN",149,484,540
"IN",149,487,540
"IN",149,489,540
"IN",149,490,540
"IN",149,477,541
"IN",149,484,541
"IN",149,487,541
"IN",149,489,541
"IN",149,490,541
"IN",149,356,381
"IN",149,352,376
"IN",149,356,378
"IN",149,508,546
"IN",149,347,376
"IN",149,358,379
"IN",149,492,530
"IN",149,484,534
"IN",149,484,542
"IN",149,484,543
"IN",149,508,545
"IN",149,478,534
"IN",149,492,536
"IN",149,478,540
"IN",149,478,542
"IN",149,478,543
"IN",150,95,295
"IN",150,95,112
"IN",150,95,126
"IN",150,99,358
"IN",150,98,358
"IN",150,97,358
"IN",150,97,351
"IN",150,358,376
"IN",150,358,377
"IN",150,358,368
"IN",150,358,367
"IN",150,358,378
"IN",150,358,374
"IN",150,358,369
"IN",150,358,365
"IN",150,358,381
"IN",150,358,380
"IN",150,358,370
"IN",150,98,470
"IN",150,98,445
"IN",150,99,412
"IN",150,94,445
"IN",150,94,429
"IN",150,94,457
"IN",150,94,438
"IN",150,96,445
"IN",150,96,438
"IN",150,95,469
"IN",150,95,445
"IN",150,95,422
"IN",150,95,438
"IN",150,99,508
"IN",150,95,196
"IN",150,95,514
"IN",150,95,516
"IN",150,95,523
"IN",150,99,495
"IN",150,99,496
"IN",150,99,497
"IN",150,99,498
"IN",150,99,499
"IN",150,99,500
"IN",150,99,501
"IN",150,99,502
"IN",150,99,503
"IN",150,99,504
"IN",150,99,505
"IN",150,508,544
"IN",150,358,366
"IN",150,358,382
"IN",150,477,527
"IN",150,487,527
"IN",150,489,527
"IN",150,490,527
"IN",150,479,528
"IN",150,480,528
"IN",150,488,528
"IN",150,493,528
"IN",150,479,529
"IN",150,480,529
"IN",150,488,529
"IN",150,493,529
"IN",150,493,531
"IN",150,479,532
"IN",150,480,532
"IN",150,488,532
"IN",150,493,532
"IN",150,479,533
"IN",150,480,533
"IN",150,488,533
"IN",150,493,533
"IN",150,493,538
"IN",150,477,540
"IN",150,487,540
"IN",150,489,540
"IN",150,490,540
"IN",150,477,541
"IN",150,487,541
"IN",150,489,541
"IN",150,490,541
"IN",150,356,381
"IN",150,356,378
"IN",150,350,365
"IN",150,491,537
"IN",150,493,537
"IN",150,358,379
"IN",150,508,548
"IN",150,478,534
"IN",150,478,540
"IN",150,478,542
"IN",150,478,543
"IN",150,364,365
"IN",151,95,295
"IN",151,95,112
"IN",151,95,126
"IN",151,99,358
"IN",151,98,358
"IN",151,97,358
"IN",151,97,351
"IN",151,358,376
"IN",151,358,377
"IN",151,358,368
"IN",151,358,367
"IN",151,358,378
"IN",151,358,374
"IN",151,358,369
"IN",151,358,365
"IN",151,358,381
"IN",151,358,380
"IN",151,358,370
"IN",151,98,470
"IN",151,98,445
"IN",151,99,412
"IN",151,94,445
"IN",151,94,429
"IN",151,94,457
"IN",151,94,438
"IN",151,96,445
"IN",151,96,438
"IN",151,95,469
"IN",151,95,445
"IN",151,95,422
"IN",151,95,438
"IN",151,99,508
"IN",151,95,196
"IN",151,95,514
"IN",151,95,516
"IN",151,95,523
"IN",151,99,495
"IN",151,99,496
"IN",151,99,497
"IN",151,99,498
"IN",151,99,499
"IN",151,99,500
"IN",151,99,501
"IN",151,99,502
"IN",151,99,503
"IN",151,99,504
"IN",151,99,505
"IN",151,358,366
"IN",151,358,382
"IN",151,479,528
"IN",151,480,528
"IN",151,488,528
"IN",151,493,528
"IN",151,479,529
"IN",151,480,529
"IN",151,488,529
"IN",151,493,529
"IN",151,493,531
"IN",151,479,532
"IN",151,480,532
"IN",151,488,532
"IN",151,493,532
"IN",151,479,533
"IN",151,480,533
"IN",151,488,533
"IN",151,493,533
"IN",151,493,538
"IN",151,481,539
"IN",151,350,365
"IN",151,491,537
"IN",151,493,537
"IN",151,508,545
"IN",151,508,547
"IN",151,347,376
"IN",151,358,379
"IN",151,508,548
"IN",151,478,534
"IN",151,478,540
"IN",151,478,542
"IN",151,478,543
"IN",151,364,365
"IN",152,95,295
"IN",152,95,112
"IN",152,95,126
"IN",152,99,358
"IN",152,98,358
"IN",152,97,358
"IN",152,97,351
"IN",152,358,376
"IN",152,358,377
"IN",152,358,368
"IN",152,358,367
"IN",152,358,378
"IN",152,358,374
"IN",152,358,369
"IN",152,358,365
"IN",152,358,381
"IN",152,358,380
"IN",152,358,370
"IN",152,98,470
"IN",152,98,445
"IN",152,99,412
"IN",152,94,445
"IN",152,94,429
"IN",152,94,457
"IN",152,94,438
"IN",152,96,445
"IN",152,96,438
"IN",152,95,469
"IN",152,95,445
"IN",152,95,422
"IN",152,95,438
"IN",152,99,508
"IN",152,95,196
"IN",152,95,514
"IN",152,95,516
"IN",152,95,523
"IN",152,99,495
"IN",152,99,496
"IN",152,99,497
"IN",152,99,498
"IN",152,99,499
"IN",152,99,500
"IN",152,99,501
"IN",152,99,502
"IN",152,99,503
"IN",152,99,504
"IN",152,99,505
"IN",152,508,544
"IN",152,358,366
"IN",152,358,382
"IN",152,479,528
"IN",152,480,528
"IN",152,488,528
"IN",152,494,528
"IN",152,479,529
"IN",152,480,529
"IN",152,488,529
"IN",152,494,529
"IN",152,494,531
"IN",152,479,532
"IN",152,480,532
"IN",152,488,532
"IN",152,494,532
"IN",152,479,533
"IN",152,480,533
"IN",152,488,533
"IN",152,494,533
"IN",152,479,535
"IN",152,480,535
"IN",152,488,535
"IN",152,494,538
"IN",152,356,381
"IN",152,356,378
"IN",152,350,365
"IN",152,508,545
"IN",152,358,379
"IN",152,492,530
"IN",152,494,530
"IN",152,508,548
"IN",152,508,549
"IN",152,478,534
"IN",152,492,536
"IN",152,478,540
"IN",152,478,542
"IN",152,478,543
"IN",152,360,365
"IN",152,360,376
"IN",153,95,295
"IN",153,95,112
"IN",153,95,126
"IN",153,99,358
"IN",153,98,358
"IN",153,97,358
"IN",153,97,351
"IN",153,358,376
"IN",153,358,377
"IN",153,358,368
"IN",153,358,367
"IN",153,358,378
"IN",153,358,374
"IN",153,358,369
"IN",153,358,365
"IN",153,358,381
"IN",153,358,380
"IN",153,358,370
"IN",153,98,470
"IN",153,98,445
"IN",153,99,412
"IN",153,94,445
"IN",153,94,429
"IN",153,94,457
"IN",153,94,438
"IN",153,96,445
"IN",153,96,438
"IN",153,95,469
"IN",153,95,445
"IN",153,95,422
"IN",153,95,438
"IN",153,99,508
"IN",153,95,196
"IN",153,95,514
"IN",153,95,516
"IN",153,95,523
"IN",153,99,495
"IN",153,99,496
"IN",153,99,497
"IN",153,99,498
"IN",153,99,499
"IN",153,99,500
"IN",153,99,501
"IN",153,99,502
"IN",153,99,503
"IN",153,99,504
"IN",153,99,505
"IN",153,338,380
"IN",153,338,372
"IN",153,508,544
"IN",153,358,366
"IN",153,358,382
"IN",153,477,527
"IN",153,487,527
"IN",153,489,527
"IN",153,490,527
"IN",153,479,528
"IN",153,480,528
"IN",153,488,528
"IN",153,493,528
"IN",153,494,528
"IN",153,479,529
"IN",153,480,529
"IN",153,488,529
"IN",153,493,529
"IN",153,494,529
"IN",153,493,531
"IN",153,494,531
"IN",153,479,532
"IN",153,480,532
"IN",153,488,532
"IN",153,493,532
"IN",153,494,532
"IN",153,479,533
"IN",153,480,533
"IN",153,488,533
"IN",153,493,533
"IN",153,494,533
"IN",153,493,538
"IN",153,494,538
"IN",153,477,540
"IN",153,487,540
"IN",153,489,540
"IN",153,490,540
"IN",153,477,541
"IN",153,487,541
"IN",153,489,541
"IN",153,490,541
"IN",153,356,381
"IN",153,356,378
"IN",153,350,365
"IN",153,347,376
"IN",153,358,379
"IN",153,508,545
"IN",154,95,295
"IN",154,95,112
"IN",154,95,126
"IN",154,99,358
"IN",154,98,358
"IN",154,97,358
"IN",154,97,351
"IN",154,358,376
"IN",154,358,377
"IN",154,358,368
"IN",154,358,367
"IN",154,358,378
"IN",154,358,374
"IN",154,358,369
"IN",154,358,365
"IN",154,358,381
"IN",154,358,380
"IN",154,358,370
"IN",154,98,470
"IN",154,98,445
"IN",154,99,412
"IN",154,94,445
"IN",154,94,429
"IN",154,94,457
"IN",154,94,438
"IN",154,96,445
"IN",154,96,438
"IN",154,95,469
"IN",154,95,445
"IN",154,95,422
"IN",154,95,438
"IN",154,99,508
"IN",154,95,196
"IN",154,95,514
"IN",154,95,516
"IN",154,95,523
"IN",154,99,495
"IN",154,99,496
"IN",154,99,497
"IN",154,99,498
"IN",154,99,499
"IN",154,99,500
"IN",154,99,501
"IN",154,99,502
"IN",154,99,503
"IN",154,99,504
"IN",154,99,505
"IN",154,508,544
"IN",154,358,366
"IN",154,358,382
"IN",154,477,527
"IN",154,487,527
"IN",154,489,527
"IN",154,490,527
"IN",154,479,528
"IN",154,480,528
"IN",154,488,528
"IN",154,493,528
"IN",154,494,528
"IN",154,479,529
"IN",154,480,529
"IN",154,488,529
"IN",154,493,529
"IN",154,494,529
"IN",154,493,531
"IN",154,494,531
"IN",154,479,532
"IN",154,480,532
"IN",154,488,532
"IN",154,493,532
"IN",154,494,532
"IN",154,479,533
"IN",154,480,533
"IN",154,488,533
"IN",154,493,533
"IN",154,494,533
"IN",154,479,535
"IN",154,480,535
"IN",154,488,535
"IN",154,493,538
"IN",154,494,538
"IN",154,477,540
"IN",154,487,540
"IN",154,489,540
"IN",154,490,540
"IN",154,477,541
"IN",154,487,541
"IN",154,489,541
"IN",154,490,541
"IN",154,350,365
"IN",154,358,379
"IN",154,508,545
"IN",154,508,549
"IN",155,95,295
"IN",155,95,112
"IN",155,95,126
"IN",155,99,358
"IN",155,98,358
"IN",155,97,358
"IN",155,97,351
"IN",155,358,376
"IN",155,358,377
"IN",155,358,368
"IN",155,358,367
"IN",155,358,378
"IN",155,358,374
"IN",155,358,369
"IN",155,358,365
"IN",155,358,381
"IN",155,358,380
"IN",155,358,370
"IN",155,98,470
"IN",155,98,445
"IN",155,99,412
"IN",155,94,445
"IN",155,94,429
"IN",155,94,457
"IN",155,94,438
"IN",155,96,445
"IN",155,96,438
"IN",155,95,469
"IN",155,95,445
"IN",155,95,422
"IN",155,95,438
"IN",155,99,508
"IN",155,95,196
"IN",155,95,514
"IN",155,95,516
"IN",155,95,523
"IN",155,99,495
"IN",155,99,496
"IN",155,99,497
"IN",155,99,498
"IN",155,99,499
"IN",155,99,500
"IN",155,99,501
"IN",155,99,502
"IN",155,99,503
"IN",155,99,504
"IN",155,99,505
"IN",155,508,544
"IN",155,358,366
"IN",155,358,382
"IN",155,479,528
"IN",155,480,528
"IN",155,488,528
"IN",155,493,528
"IN",155,494,528
"IN",155,479,529
"IN",155,480,529
"IN",155,488,529
"IN",155,493,529
"IN",155,494,529
"IN",155,493,531
"IN",155,494,531
"IN",155,479,532
"IN",155,480,532
"IN",155,488,532
"IN",155,493,532
"IN",155,494,532
"IN",155,479,533
"IN",155,480,533
"IN",155,488,533
"IN",155,493,533
"IN",155,494,533
"IN",155,479,535
"IN",155,480,535
"IN",155,488,535
"IN",155,493,538
"IN",155,494,538
"IN",155,356,381
"IN",155,356,378
"IN",155,350,365
"IN",155,508,550
"IN",155,358,379
"IN",155,508,546
"IN",155,492,530
"IN",155,494,530
"IN",155,508,545
"IN",155,508,548
"IN",155,492,536
"IN",155,364,365
"IN",156,95,295
"IN",156,95,112
"IN",156,95,126
"IN",156,99,358
"IN",156,98,358
"IN",156,97,358
"IN",156,97,351
"IN",156,358,376
"IN",156,358,377
"IN",156,358,368
"IN",156,358,367
"IN",156,358,378
"IN",156,358,374
"IN",156,358,369
"IN",156,358,365
"IN",156,358,381
"IN",156,358,380
"IN",156,358,370
"IN",156,98,470
"IN",156,98,445
"IN",156,99,412
"IN",156,94,445
"IN",156,94,429
"IN",156,94,457
"IN",156,94,438
"IN",156,96,445
"IN",156,96,438
"IN",156,95,469
"IN",156,95,445
"IN",156,95,422
"IN",156,95,438
"IN",156,99,508
"IN",156,95,196
"IN",156,95,514
"IN",156,95,516
"IN",156,95,523
"IN",156,99,495
"IN",156,99,496
"IN",156,99,497
"IN",156,99,498
"IN",156,99,499
"IN",156,99,500
"IN",156,99,501
"IN",156,99,502
"IN",156,99,503
"IN",156,99,504
"IN",156,99,505
"IN",156,352,375
"IN",156,508,544
"IN",156,352,365
"IN",156,358,366
"IN",156,358,382
"IN",156,477,527
"IN",156,484,527
"IN",156,487,527
"IN",156,489,527
"IN",156,490,527
"IN",156,481,539
"IN",156,477,540
"IN",156,484,540
"IN",156,487,540
"IN",156,489,540
"IN",156,490,540
"IN",156,477,541
"IN",156,484,541
"IN",156,487,541
"IN",156,489,541
"IN",156,490,541
"IN",156,352,376
"IN",156,350,365
"IN",156,508,545
"IN",156,508,546
"IN",156,358,379
"IN",156,484,534
"IN",156,484,542
"IN",156,484,543
"IN",156,508,548
"IN",156,508,549
"IN",156,337,377
"IN",156,478,534
"IN",156,478,540
"IN",156,478,542
"IN",156,478,543
"IN",156,337,365
"IN",156,337,369
"IN",156,337,376
"IN",156,337,381
"IN",156,337,378
"IN",156,360,365
"IN",156,360,376
"IN",157,95,295
"IN",157,95,112
"IN",157,95,126
"IN",157,99,358
"IN",157,98,358
"IN",157,97,358
"IN",157,97,351
"IN",157,358,376
"IN",157,358,377
"IN",157,358,368
"IN",157,358,367
"IN",157,358,378
"IN",157,358,374
"IN",157,358,369
"IN",157,358,365
"IN",157,358,381
"IN",157,358,380
"IN",157,358,370
"IN",157,98,470
"IN",157,98,445
"IN",157,99,412
"IN",157,94,445
"IN",157,94,429
"IN",157,94,457
"IN",157,94,438
"IN",157,96,445
"IN",157,96,438
"IN",157,95,469
"IN",157,95,445
"IN",157,95,422
"IN",157,95,438
"IN",157,99,508
"IN",157,95,196
"IN",157,95,514
"IN",157,95,516
"IN",157,95,523
"IN",157,99,495
"IN",157,99,496
"IN",157,99,497
"IN",157,99,498
"IN",157,99,499
"IN",157,99,500
"IN",157,99,501
"IN",157,99,502
"IN",157,99,503
"IN",157,99,504
"IN",157,99,505
"IN",157,352,375
"IN",157,508,544
"IN",157,352,365
"IN",157,358,366
"IN",157,358,382
"IN",157,477,527
"IN",157,487,527
"IN",157,489,527
"IN",157,490,527
"IN",157,481,539
"IN",157,477,540
"IN",157,487,540
"IN",157,489,540
"IN",157,490,540
"IN",157,477,541
"IN",157,487,541
"IN",157,489,541
"IN",157,490,541
"IN",157,352,376
"IN",157,350,365
"IN",157,508,547
"IN",157,358,379
"IN",157,508,545
"IN",157,508,548
"IN",157,508,549
"IN",157,360,365
"IN",157,360,376
"IN",158,95,295
"IN",158,95,112
"IN",158,95,126
"IN",158,99,358
"IN",158,98,358
"IN",158,97,358
"IN",158,97,351
"IN",158,358,376
"IN",158,358,377
"IN",158,358,368
"IN",158,358,367
"IN",158,358,378
"IN",158,358,374
"IN",158,358,369
"IN",158,358,365
"IN",158,358,381
"IN",158,358,380
"IN",158,358,370
"IN",158,98,470
"IN",158,98,445
"IN",158,99,412
"IN",158,94,445
"IN",158,94,429
"IN",158,94,457
"IN",158,94,438
"IN",158,96,445
"IN",158,96,438
"IN",158,95,469
"IN",158,95,445
"IN",158,95,422
"IN",158,95,438
"IN",158,99,508
"IN",158,95,196
"IN",158,95,514
"IN",158,95,516
"IN",158,95,523
"IN",158,99,495
"IN",158,99,496
"IN",158,99,497
"IN",158,99,498
"IN",158,99,499
"IN",158,99,500
"IN",158,99,501
"IN",158,99,502
"IN",158,99,503
"IN",158,99,504
"IN",158,99,505
"IN",158,352,375
"IN",158,352,365
"IN",158,358,366
"IN",158,358,382
"IN",158,479,528
"IN",158,480,528
"IN",158,488,528
"IN",158,494,528
"IN",158,479,529
"IN",158,480,529
"IN",158,488,529
"IN",158,494,529
"IN",158,494,531
"IN",158,479,532
"IN",158,480,532
"IN",158,488,532
"IN",158,494,532
"IN",158,479,533
"IN",158,480,533
"IN",158,488,533
"IN",158,494,533
"IN",158,494,538
"IN",158,352,376
"IN",158,508,546
"IN",158,358,379
"IN",158,494,530
"IN",158,508,545
"IN",158,508,549
"IN",158,478,534
"IN",158,478,540
"IN",158,478,542
"IN",158,478,543
"IN",158,364,365
"IN",159,95,295
"IN",159,95,112
"IN",159,95,126
"IN",159,99,358
"IN",159,98,358
"IN",159,97,358
"IN",159,97,351
"IN",159,358,376
"IN",159,358,377
"IN",159,358,368
"IN",159,358,367
"IN",159,358,378
"IN",159,358,374
"IN",159,358,369
"IN",159,358,365
"IN",159,358,381
"IN",159,358,380
"IN",159,358,370
"IN",159,98,470
"IN",159,98,445
"IN",159,99,412
"IN",159,94,445
"IN",159,94,429
"IN",159,94,457
"IN",159,94,438
"IN",159,96,445
"IN",159,96,438
"IN",159,95,469
"IN",159,95,445
"IN",159,95,422
"IN",159,95,438
"IN",159,99,508
"IN",159,95,196
"IN",159,95,514
"IN",159,95,516
"IN",159,95,523
"IN",159,99,495
"IN",159,99,496
"IN",159,99,497
"IN",159,99,498
"IN",159,99,499
"IN",159,99,500
"IN",159,99,501
"IN",159,99,502
"IN",159,99,503
"IN",159,99,504
"IN",159,99,505
"IN",159,352,375
"IN",159,508,544
"IN",159,352,365
"IN",159,358,366
"IN",159,358,382
"IN",159,477,527
"IN",159,487,527
"IN",159,489,527
"IN",159,490,527
"IN",159,479,528
"IN",159,480,528
"IN",159,488,528
"IN",159,493,528
"IN",159,494,528
"IN",159,479,529
"IN",159,480,529
"IN",159,488,529
"IN",159,493,529
"IN",159,494,529
"IN",159,493,531
"IN",159,494,531
"IN",159,479,532
"IN",159,480,532
"IN",159,488,532
"IN",159,493,532
"IN",159,494,532
"IN",159,479,533
"IN",159,480,533
"IN",159,488,533
"IN",159,493,533
"IN",159,494,533
"IN",159,493,538
"IN",159,494,538
"IN",159,477,540
"IN",159,487,540
"IN",159,489,540
"IN",159,490,540
"IN",159,477,541
"IN",159,487,541
"IN",159,489,541
"IN",159,490,541
"IN",159,352,376
"IN",159,350,365
"IN",159,491,537
"IN",159,493,537
"IN",159,508,545
"IN",159,508,547
"IN",159,508,550
"IN",159,358,379
"IN",159,508,548
"IN",160,95,295
"IN",160,95,112
"IN",160,95,126
"IN",160,99,358
"IN",160,98,358
"IN",160,97,358
"IN",160,97,351
"IN",160,358,376
"IN",160,358,377
"IN",160,358,368
"IN",160,358,367
"IN",160,358,378
"IN",160,358,374
"IN",160,358,369
"IN",160,358,365
"IN",160,358,381
"IN",160,358,380
"IN",160,358,370
"IN",160,98,470
"IN",160,98,445
"IN",160,99,412
"IN",160,94,445
"IN",160,94,429
"IN",160,94,457
"IN",160,94,438
"IN",160,96,445
"IN",160,96,438
"IN",160,95,469
"IN",160,95,445
"IN",160,95,422
"IN",160,95,438
"IN",160,99,508
"IN",160,95,196
"IN",160,95,514
"IN",160,95,516
"IN",160,95,523
"IN",160,99,495
"IN",160,99,496
"IN",160,99,497
"IN",160,99,498
"IN",160,99,499
"IN",160,99,500
"IN",160,99,501
"IN",160,99,502
"IN",160,99,503
"IN",160,99,504
"IN",160,99,505
"IN",160,352,375
"IN",160,338,380
"IN",160,338,372
"IN",160,508,544
"IN",160,352,365
"IN",160,358,366
"IN",160,358,382
"IN",160,352,376
"IN",160,350,365
"IN",160,491,537
"IN",160,508,545
"IN",160,358,379
"IN",160,508,548
"IN",160,478,534
"IN",160,478,540
"IN",160,478,542
"IN",160,478,543
"IN",160,360,365
"IN",160,360,376
"IN",161,95,295
"IN",161,95,112
"IN",161,95,126
"IN",161,99,358
"IN",161,98,358
"IN",161,97,358
"IN",161,97,351
"IN",161,358,376
"IN",161,358,377
"IN",161,358,368
"IN",161,358,367
"IN",161,358,378
"IN",161,358,374
"IN",161,358,369
"IN",161,358,365
"IN",161,358,381
"IN",161,358,380
"IN",161,358,370
"IN",161,98,470
"IN",161,98,445
"IN",161,99,412
"IN",161,94,445
"IN",161,94,429
"IN",161,94,457
"IN",161,94,438
"IN",161,96,445
"IN",161,96,438
"IN",161,95,469
"IN",161,95,445
"IN",161,95,422
"IN",161,95,438
"IN",161,99,508
"IN",161,95,196
"IN",161,95,514
"IN",161,95,516
"IN",161,95,523
"IN",161,99,495
"IN",161,99,496
"IN",161,99,497
"IN",161,99,498
"IN",161,99,499
"IN",161,99,500
"IN",161,99,501
"IN",161,99,502
"IN",161,99,503
"IN",161,99,504
"IN",161,99,505
"IN",161,352,375
"IN",161,508,544
"IN",161,352,365
"IN",161,358,366
"IN",161,358,382
"IN",161,477,527
"IN",161,487,527
"IN",161,489,527
"IN",161,490,527
"IN",161,481,539
"IN",161,477,540
"IN",161,487,540
"IN",161,489,540
"IN",161,490,540
"IN",161,477,541
"IN",161,487,541
"IN",161,489,541
"IN",161,490,541
"IN",161,352,376
"IN",161,350,365
"IN",161,508,550
"IN",161,358,379
"IN",161,508,546
"IN",161,492,530
"IN",161,508,548
"IN",161,508,549
"IN",161,492,536
"IN",161,364,365
"IN",161,360,365
"IN",161,360,376
"IN",162,95,295
"IN",162,95,112
"IN",162,95,126
"IN",162,99,358
"IN",162,98,358
"IN",162,97,358
"IN",162,97,351
"IN",162,358,376
"IN",162,358,377
"IN",162,358,368
"IN",162,358,367
"IN",162,358,378
"IN",162,358,374
"IN",162,358,369
"IN",162,358,365
"IN",162,358,381
"IN",162,358,380
"IN",162,358,370
"IN",162,98,470
"IN",162,98,445
"IN",162,99,412
"IN",162,94,445
"IN",162,94,429
"IN",162,94,457
"IN",162,94,438
"IN",162,96,445
"IN",162,96,438
"IN",162,95,469
"IN",162,95,445
"IN",162,95,422
"IN",162,95,438
"IN",162,99,508
"IN",162,95,196
"IN",162,95,514
"IN",162,95,516
"IN",162,95,523
"IN",162,99,495
"IN",162,99,496
"IN",162,99,497
"IN",162,99,498
"IN",162,99,499
"IN",162,99,500
"IN",162,99,501
"IN",162,99,502
"IN",162,99,503
"IN",162,99,504
"IN",162,99,505
"IN",162,508,544
"IN",162,358,366
"IN",162,358,382
"IN",162,479,528
"IN",162,480,528
"IN",162,488,528
"IN",162,493,528
"IN",162,494,528
"IN",162,479,529
"IN",162,480,529
"IN",162,488,529
"IN",162,493,529
"IN",162,494,529
"IN",162,493,531
"IN",162,494,531
"IN",162,479,532
"IN",162,480,532
"IN",162,488,532
"IN",162,493,532
"IN",162,494,532
"IN",162,479,533
"IN",162,480,533
"IN",162,488,533
"IN",162,493,533
"IN",162,494,533
"IN",162,479,535
"IN",162,480,535
"IN",162,488,535
"IN",162,493,538
"IN",162,494,538
"IN",162,350,365
"IN",162,491,537
"IN",162,493,537
"IN",162,508,550
"IN",162,358,379
"IN",162,494,530
"IN",162,508,545
"IN",162,478,534
"IN",162,478,540
"IN",162,478,542
"IN",162,478,543
"IN",162,360,365
"IN",162,360,376
"IN",163,95,295
"IN",163,95,112
"IN",163,95,126
"IN",163,99,358
"IN",163,98,358
"IN",163,97,358
"IN",163,97,351
"IN",163,358,376
"IN",163,358,377
"IN",163,358,368
"IN",163,358,367
"IN",163,358,378
"IN",163,358,374
"IN",163,358,369
"IN",163,358,365
"IN",163,358,381
"IN",163,358,380
"IN",163,358,370
"IN",163,98,470
"IN",163,98,445
"IN",163,99,412
"IN",163,94,445
"IN",163,94,429
"IN",163,94,457
"IN",163,94,438
"IN",163,96,445
"IN",163,96,438
"IN",163,95,469
"IN",163,95,445
"IN",163,95,422
"IN",163,95,438
"IN",163,99,508
"IN",163,95,196
"IN",163,95,514
"IN",163,95,516
"IN",163,95,523
"IN",163,99,495
"IN",163,99,496
"IN",163,99,497
"IN",163,99,498
"IN",163,99,499
"IN",163,99,500
"IN",163,99,501
"IN",163,99,502
"IN",163,99,503
"IN",163,99,504
"IN",163,99,505
"IN",163,358,366
"IN",163,358,382
"IN",163,479,528
"IN",163,480,528
"IN",163,488,528
"IN",163,493,528
"IN",163,479,529
"IN",163,480,529
"IN",163,488,529
"IN",163,493,529
"IN",163,493,531
"IN",163,479,532
"IN",163,480,532
"IN",163,488,532
"IN",163,493,532
"IN",163,479,533
"IN",163,480,533
"IN",163,488,533
"IN",163,493,533
"IN",163,479,535
"IN",163,480,535
"IN",163,488,535
"IN",163,493,538
"IN",163,358,379
"IN",163,508,545
"IN",163,508,548
"IN",163,478,534
"IN",163,478,540
"IN",163,478,542
"IN",163,478,543
"IN",164,95,295
"IN",164,95,112
"IN",164,95,126
"IN",164,99,358
"IN",164,98,358
"IN",164,97,358
"IN",164,97,351
"IN",164,358,376
"IN",164,358,377
"IN",164,358,368
"IN",164,358,367
"IN",164,358,378
"IN",164,358,374
"IN",164,358,369
"IN",164,358,365
"IN",164,358,381
"IN",164,358,380
"IN",164,358,370
"IN",164,98,470
"IN",164,98,445
"IN",164,99,412
"IN",164,94,445
"IN",164,94,429
"IN",164,94,457
"IN",164,94,438
"IN",164,96,445
"IN",164,96,438
"IN",164,95,469
"IN",164,95,445
"IN",164,95,422
"IN",164,95,438
"IN",164,99,508
"IN",164,95,196
"IN",164,95,514
"IN",164,95,516
"IN",164,95,523
"IN",164,99,495
"IN",164,99,496
"IN",164,99,497
"IN",164,99,498
"IN",164,99,499
"IN",164,99,500
"IN",164,99,501
"IN",164,99,502
"IN",164,99,503
"IN",164,99,504
"IN",164,99,505
"IN",164,352,375
"IN",164,352,365
"IN",164,358,366
"IN",164,358,382
"IN",164,477,527
"IN",164,487,527
"IN",164,489,527
"IN",164,490,527
"IN",164,477,540
"IN",164,487,540
"IN",164,489,540
"IN",164,490,540
"IN",164,477,541
"IN",164,487,541
"IN",164,489,541
"IN",164,490,541
"IN",164,356,381
"IN",164,352,376
"IN",164,356,378
"IN",164,350,365
"IN",164,508,546
"IN",164,358,379
"IN",164,492,530
"IN",164,508,549
"IN",164,492,536
"IN",164,360,365
"IN",164,360,376
"IN",165,95,295
"IN",165,95,112
"IN",165,95,126
"IN",165,99,358
"IN",165,98,358
"IN",165,97,358
"IN",165,97,351
"IN",165,358,376
"IN",165,358,377
"IN",165,358,368
"IN",165,358,367
"IN",165,358,378
"IN",165,358,374
"IN",165,358,369
"IN",165,358,365
"IN",165,358,381
"IN",165,358,380
"IN",165,358,370
"IN",165,98,470
"IN",165,98,445
"IN",165,99,412
"IN",165,94,445
"IN",165,94,429
"IN",165,94,457
"IN",165,94,438
"IN",165,96,445
"IN",165,96,438
"IN",165,95,469
"IN",165,95,445
"IN",165,95,422
"IN",165,95,438
"IN",165,99,508
"IN",165,95,196
"IN",165,95,514
"IN",165,95,516
"IN",165,95,523
"IN",165,99,495
"IN",165,99,496
"IN",165,99,497
"IN",165,99,498
"IN",165,99,499
"IN",165,99,500
"IN",165,99,501
"IN",165,99,502
"IN",165,99,503
"IN",165,99,504
"IN",165,99,505
"IN",165,338,380
"IN",165,338,372
"IN",165,508,544
"IN",165,358,366
"IN",165,358,382
"IN",165,477,527
"IN",165,484,527
"IN",165,487,527
"IN",165,489,527
"IN",165,490,527
"IN",165,479,528
"IN",165,480,528
"IN",165,488,528
"IN",165,493,528
"IN",165,494,528
"IN",165,479,529
"IN",165,480,529
"IN",165,488,529
"IN",165,493,529
"IN",165,494,529
"IN",165,493,531
"IN",165,494,531
"IN",165,479,532
"IN",165,480,532
"IN",165,488,532
"IN",165,493,532
"IN",165,494,532
"IN",165,479,533
"IN",165,480,533
"IN",165,488,533
"IN",165,493,533
"IN",165,494,533
"IN",165,479,535
"IN",165,480,535
"IN",165,488,535
"IN",165,493,538
"IN",165,494,538
"IN",165,477,540
"IN",165,484,540
"IN",165,487,540
"IN",165,489,540
"IN",165,490,540
"IN",165,477,541
"IN",165,484,541
"IN",165,487,541
"IN",165,489,541
"IN",165,490,541
"IN",165,356,381
"IN",165,356,378
"IN",165,350,365
"IN",165,491,537
"IN",165,493,537
"IN",165,508,545
"IN",165,508,546
"IN",165,508,550
"IN",165,347,376
"IN",165,358,379
"IN",165,484,534
"IN",165,484,542
"IN",165,484,543
"IN",165,508,548
"IN",165,508,549
"IN",165,478,534
"IN",165,492,536
"IN",165,478,540
"IN",165,478,542
"IN",165,478,543
"IN",165,364,365
"IN",166,95,295
"IN",166,95,112
"IN",166,95,126
"IN",166,99,358
"IN",166,98,358
"IN",166,97,358
"IN",166,97,351
"IN",166,358,376
"IN",166,358,377
"IN",166,358,368
"IN",166,358,367
"IN",166,358,378
"IN",166,358,374
"IN",166,358,369
"IN",166,358,365
"IN",166,358,381
"IN",166,358,380
"IN",166,358,370
"IN",166,98,470
"IN",166,98,445
"IN",166,99,412
"IN",166,94,445
"IN",166,94,429
"IN",166,94,457
"IN",166,94,438
"IN",166,96,445
"IN",166,96,438
"IN",166,95,469
"IN",166,95,445
"IN",166,95,422
"IN",166,95,438
"IN",166,99,508
"IN",166,95,196
"IN",166,95,514
"IN",166,95,516
"IN",166,95,523
"IN",166,99,495
"IN",166,99,496
"IN",166,99,497
"IN",166,99,498
"IN",166,99,499
"IN",166,99,500
"IN",166,99,501
"IN",166,99,502
"IN",166,99,503
"IN",166,99,504
"IN",166,99,505
"IN",166,352,375
"IN",166,352,365
"IN",166,358,366
"IN",166,358,382
"IN",166,477,527
"IN",166,484,527
"IN",166,487,527
"IN",166,489,527
"IN",166,490,527
"IN",166,479,528
"IN",166,480,528
"IN",166,488,528
"IN",166,479,529
"IN",166,480,529
"IN",166,488,529
"IN",166,479,532
"IN",166,480,532
"IN",166,488,532
"IN",166,479,533
"IN",166,480,533
"IN",166,488,533
"IN",166,477,540
"IN",166,484,540
"IN",166,487,540
"IN",166,489,540
"IN",166,490,540
"IN",166,477,541
"IN",166,484,541
"IN",166,487,541
"IN",166,489,541
"IN",166,490,541
"IN",166,356,381
"IN",166,352,376
"IN",166,356,378
"IN",166,508,547
"IN",166,358,379
"IN",166,508,545
"IN",166,508,546
"IN",166,484,534
"IN",166,484,542
"IN",166,484,543
"IN",166,508,549
"IN",166,478,534
"IN",166,478,540
"IN",166,478,542
"IN",166,478,543
"IN",167,95,295
"IN",167,95,112
"IN",167,95,126
"IN",167,99,358
"IN",167,98,358
"IN",167,97,358
"IN",167,97,351
"IN",167,358,376
"IN",167,358,377
"IN",167,358,368
"IN",167,358,367
"IN",167,358,378
"IN",167,358,374
"IN",167,358,369
"IN",167,358,365
"IN",167,358,381
"IN",167,358,380
"IN",167,358,370
"IN",167,98,470
"IN",167,98,445
"IN",167,99,412
"IN",167,94,445
"IN",167,94,429
"IN",167,94,457
"IN",167,94,438
"IN",167,96,445
"IN",167,96,438
"IN",167,95,469
"IN",167,95,445
"IN",167,95,422
"IN",167,95,438
"IN",167,99,508
"IN",167,95,196
"IN",167,95,514
"IN",167,95,516
"IN",167,95,523
"IN",167,99,495
"IN",167,99,496
"IN",167,99,497
"IN",167,99,498
"IN",167,99,499
"IN",167,99,500
"IN",167,99,501
"IN",167,99,502
"IN",167,99,503
"IN",167,99,504
"IN",167,99,505
"IN",167,508,544
"IN",167,358,366
"IN",167,358,382
"IN",167,477,527
"IN",167,487,527
"IN",167,489,527
"IN",167,490,527
"IN",167,479,528
"IN",167,480,528
"IN",167,488,528
"IN",167,493,528
"IN",167,494,528
"IN",167,479,529
"IN",167,480,529
"IN",167,488,529
"IN",167,493,529
"IN",167,494,529
"IN",167,493,531
"IN",167,494,531
"IN",167,479,532
"IN",167,480,532
"IN",167,488,532
"IN",167,493,532
"IN",167,494,532
"IN",167,479,533
"IN",167,480,533
"IN",167,488,533
"IN",167,493,533
"IN",167,494,533
"IN",167,493,538
"IN",167,494,538
"IN",167,477,540
"IN",167,487,540
"IN",167,489,540
"IN",167,490,540
"IN",167,477,541
"IN",167,487,541
"IN",167,489,541
"IN",167,490,541
"IN",167,356,381
"IN",167,356,378
"IN",167,350,365
"IN",167,508,545
"IN",167,358,379
"IN",167,494,530
"IN",167,508,548
"IN",167,508,549
"IN",167,478,534
"IN",167,478,540
"IN",167,478,542
"IN",167,478,543
"IN",168,95,295
"IN",168,95,112
"IN",168,95,126
"IN",168,99,358
"IN",168,98,358
"IN",168,97,358
"IN",168,97,351
"IN",168,358,376
"IN",168,358,377
"IN",168,358,368
"IN",168,358,367
"IN",168,358,378
"IN",168,358,374
"IN",168,358,369
"IN",168,358,365
"IN",168,358,381
"IN",168,358,380
"IN",168,358,370
"IN",168,98,470
"IN",168,98,445
"IN",168,99,412
"IN",168,94,445
"IN",168,94,429
"IN",168,94,457
"IN",168,94,438
"IN",168,96,445
"IN",168,96,438
"IN",168,95,469
"IN",168,95,445
"IN",168,95,422
"IN",168,95,438
"IN",168,99,508
"IN",168,95,196
"IN",168,95,514
"IN",168,95,516
"IN",168,95,523
"IN",168,99,495
"IN",168,99,496
"IN",168,99,497
"IN",168,99,498
"IN",168,99,499
"IN",168,99,500
"IN",168,99,501
"IN",168,99,502
"IN",168,99,503
"IN",168,99,504
"IN",168,99,505
"IN",168,508,544
"IN",168,358,366
"IN",168,358,382
"IN",168,477,527
"IN",168,484,527
"IN",168,487,527
"IN",168,489,527
"IN",168,490,527
"IN",168,479,528
"IN",168,480,528
"IN",168,488,528
"IN",168,493,528
"IN",168,494,528
"IN",168,479,529
"IN",168,480,529
"IN",168,488,529
"IN",168,493,529
"IN",168,494,529
"IN",168,493,531
"IN",168,494,531
"IN",168,479,532
"IN",168,480,532
"IN",168,488,532
"IN",168,493,532
"IN",168,494,532
"IN",168,479,533
"IN",168,480,533
"IN",168,488,533
"IN",168,493,533
"IN",168,494,533
"IN",168,479,535
"IN",168,480,535
"IN",168,488,535
"IN",168,493,538
"IN",168,494,538
"IN",168,477,540
"IN",168,484,540
"IN",168,487,540
"IN",168,489,540
"IN",168,490,540
"IN",168,477,541
"IN",168,484,541
"IN",168,487,541
"IN",168,489,541
"IN",168,490,541
"IN",168,347,376
"IN",168,358,379
"IN",168,508,546
"IN",168,494,530
"IN",168,484,534
"IN",168,484,542
"IN",168,484,543
"IN",168,508,545
"IN",168,508,549
"IN",168,478,534
"IN",168,478,540
"IN",168,478,542
"IN",168,478,543
"IN",169,95,295
"IN",169,95,112
"IN",169,95,126
"IN",169,99,358
"IN",169,98,358
"IN",169,97,358
"IN",169,97,351
"IN",169,358,376
"IN",169,358,377
"IN",169,358,368
"IN",169,358,367
"IN",169,358,378
"IN",169,358,374
"IN",169,358,369
"IN",169,358,365
"IN",169,358,381
"IN",169,358,380
"IN",169,358,370
"IN",169,98,470
"IN",169,98,445
"IN",169,99,412
"IN",169,94,445
"IN",169,94,429
"IN",169,94,457
"IN",169,94,438
"IN",169,96,445
"IN",169,96,438
"IN",169,95,469
"IN",169,95,445
"IN",169,95,422
"IN",169,95,438
"IN",169,99,508
"IN",169,95,196
"IN",169,95,514
"IN",169,95,516
"IN",169,95,523
"IN",169,99,495
"IN",169,99,496
"IN",169,99,497
"IN",169,99,498
"IN",169,99,499
"IN",169,99,500
"IN",169,99,501
"IN",169,99,502
"IN",169,99,503
"IN",169,99,504
"IN",169,99,505
"IN",169,508,544
"IN",169,358,366
"IN",169,358,382
"IN",169,477,527
"IN",169,487,527
"IN",169,489,527
"IN",169,490,527
"IN",169,479,528
"IN",169,480,528
"IN",169,488,528
"IN",169,493,528
"IN",169,494,528
"IN",169,479,529
"IN",169,480,529
"IN",169,488,529
"IN",169,493,529
"IN",169,494,529
"IN",169,493,531
"IN",169,494,531
"IN",169,479,532
"IN",169,480,532
"IN",169,488,532
"IN",169,493,532
"IN",169,494,532
"IN",169,479,533
"IN",169,480,533
"IN",169,488,533
"IN",169,493,533
"IN",169,494,533
"IN",169,493,538
"IN",169,494,538
"IN",169,477,540
"IN",169,487,540
"IN",169,489,540
"IN",169,490,540
"IN",169,477,541
"IN",169,487,541
"IN",169,489,541
"IN",169,490,541
"IN",169,358,379
"IN",169,508,546
"IN",169,494,530
"IN",169,508,548
"IN",170,95,295
"IN",170,95,112
"IN",170,95,126
"IN",170,99,358
"IN",170,98,358
"IN",170,97,358
"IN",170,97,351
"IN",170,358,376
"IN",170,358,377
"IN",170,358,368
"IN",170,358,367
"IN",170,358,378
"IN",170,358,374
"IN",170,358,369
"IN",170,358,365
"IN",170,358,381
"IN",170,358,380
"IN",170,358,370
"IN",170,98,470
"IN",170,98,445
"IN",170,99,412
"IN",170,94,445
"IN",170,94,429
"IN",170,94,457
"IN",170,94,438
"IN",170,96,445
"IN",170,96,438
"IN",170,95,469
"IN",170,95,445
"IN",170,95,422
"IN",170,95,438
"IN",170,99,508
"IN",170,95,196
"IN",170,95,514
"IN",170,95,516
"IN",170,95,523
"IN",170,99,495
"IN",170,99,496
"IN",170,99,497
"IN",170,99,498
"IN",170,99,499
"IN",170,99,500
"IN",170,99,501
"IN",170,99,502
"IN",170,99,503
"IN",170,99,504
"IN",170,99,505
"IN",170,352,375
"IN",170,338,380
"IN",170,338,372
"IN",170,352,365
"IN",170,358,366
"IN",170,358,382
"IN",170,477,527
"IN",170,484,527
"IN",170,487,527
"IN",170,489,527
"IN",170,490,527
"IN",170,477,540
"IN",170,484,540
"IN",170,487,540
"IN",170,489,540
"IN",170,490,540
"IN",170,477,541
"IN",170,484,541
"IN",170,487,541
"IN",170,489,541
"IN",170,490,541
"IN",170,356,381
"IN",170,352,376
"IN",170,356,378
"IN",170,350,365
"IN",170,508,550
"IN",170,347,376
"IN",170,358,379
"IN",170,508,545
"IN",170,492,530
"IN",170,484,534
"IN",170,484,542
"IN",170,484,543
"IN",170,508,548
"IN",170,337,377
"IN",170,478,534
"IN",170,492,536
"IN",170,478,540
"IN",170,478,542
"IN",170,478,543
"IN",170,337,365
"IN",170,337,369
"IN",170,337,376
"IN",170,337,381
"IN",170,337,378
"IN",170,360,365
"IN",170,360,376
"IN",171,95,295
"IN",171,95,112
"IN",171,95,126
"IN",171,99,358
"IN",171,98,358
"IN",171,97,358
"IN",171,97,351
"IN",171,358,376
"IN",171,358,377
"IN",171,358,368
"IN",171,358,367
"IN",171,358,378
"IN",171,358,374
"IN",171,358,369
"IN",171,358,365
"IN",171,358,381
"IN",171,358,380
"IN",171,358,370
"IN",171,98,470
"IN",171,98,445
"IN",171,99,412
"IN",171,94,445
"IN",171,94,429
"IN",171,94,457
"IN",171,94,438
"IN",171,96,445
"IN",171,96,438
"IN",171,95,469
"IN",171,95,445
"IN",171,95,422
"IN",171,95,438
"IN",171,99,508
"IN",171,95,196
"IN",171,95,514
"IN",171,95,516
"IN",171,95,523
"IN",171,99,495
"IN",171,99,496
"IN",171,99,497
"IN",171,99,498
"IN",171,99,499
"IN",171,99,500
"IN",171,99,501
"IN",171,99,502
"IN",171,99,503
"IN",171,99,504
"IN",171,99,505
"IN",171,352,375
"IN",171,338,380
"IN",171,338,372
"IN",171,508,544
"IN",171,352,365
"IN",171,358,366
"IN",171,358,382
"IN",171,479,528
"IN",171,480,528
"IN",171,488,528
"IN",171,493,528
"IN",171,494,528
"IN",171,479,529
"IN",171,480,529
"IN",171,488,529
"IN",171,493,529
"IN",171,494,529
"IN",171,493,531
"IN",171,494,531
"IN",171,479,532
"IN",171,480,532
"IN",171,488,532
"IN",171,493,532
"IN",171,494,532
"IN",171,479,533
"IN",171,480,533
"IN",171,488,533
"IN",171,493,533
"IN",171,494,533
"IN",171,479,535
"IN",171,480,535
"IN",171,488,535
"IN",171,493,538
"IN",171,494,538
"IN",171,352,376
"IN",171,350,365
"IN",171,358,379
"IN",171,492,530
"IN",171,494,530
"IN",171,508,548
"IN",171,508,549
"IN",171,492,536
"IN",171,360,365
"IN",171,360,376
"IN",172,95,295
"IN",172,95,112
"IN",172,95,126
"IN",172,99,358
"IN",172,98,358
"IN",172,97,358
"IN",172,97,351
"IN",172,358,376
"IN",172,358,377
"IN",172,358,368
"IN",172,358,367
"IN",172,358,378
"IN",172,358,374
"IN",172,358,369
"IN",172,358,365
"IN",172,358,381
"IN",172,358,380
"IN",172,358,370
"IN",172,98,470
"IN",172,98,445
"IN",172,99,412
"IN",172,94,445
"IN",172,94,429
"IN",172,94,457
"IN",172,94,438
"IN",172,96,445
"IN",172,96,438
"IN",172,95,469
"IN",172,95,445
"IN",172,95,422
"IN",172,95,438
"IN",172,99,508
"IN",172,95,196
"IN",172,95,514
"IN",172,95,516
"IN",172,95,523
"IN",172,99,495
"IN",172,99,496
"IN",172,99,497
"IN",172,99,498
"IN",172,99,499
"IN",172,99,500
"IN",172,99,501
"IN",172,99,502
"IN",172,99,503
"IN",172,99,504
"IN",172,99,505
"IN",172,352,375
"IN",172,508,544
"IN",172,352,365
"IN",172,358,366
"IN",172,358,382
"IN",172,477,527
"IN",172,487,527
"IN",172,489,527
"IN",172,490,527
"IN",172,479,528
"IN",172,480,528
"IN",172,488,528
"IN",172,479,529
"IN",172,480,529
"IN",172,488,529
"IN",172,479,532
"IN",172,480,532
"IN",172,488,532
"IN",172,479,533
"IN",172,480,533
"IN",172,488,533
"IN",172,479,535
"IN",172,480,535
"IN",172,488,535
"IN",172,477,540
"IN",172,487,540
"IN",172,489,540
"IN",172,490,540
"IN",172,477,541
"IN",172,487,541
"IN",172,489,541
"IN",172,490,541
"IN",172,356,381
"IN",172,352,376
"IN",172,356,378
"IN",172,508,545
"IN",172,358,379
"IN",172,508,546
"IN",172,508,549
"IN",172,478,534
"IN",172,478,540
"IN",172,478,542
"IN",172,478,543
"IN",172,364,365
"IN",173,95,295
"IN",173,95,112
"IN",173,95,126
"IN",173,99,358
"IN",173,98,358
"IN",173,97,358
"IN",173,97,351
"IN",173,358,376
"IN",173,358,377
"IN",173,358,368
"IN",173,358,367
"IN",173,358,378
"IN",173,358,374
"IN",173,358,369
"IN",173,358,365
"IN",173,358,381
"IN",173,358,380
"IN",173,358,370
"IN",173,98,470
"IN",173,98,445
"IN",173,99,412
"IN",173,94,445
"IN",173,94,429
"IN",173,94,457
"IN",173,94,438
"IN",173,96,445
"IN",173,96,438
"IN",173,95,469
"IN",173,95,445
"IN",173,95,422
"IN",173,95,438
"IN",173,99,508
"IN",173,95,196
"IN",173,95,514
"IN",173,95,516
"IN",173,95,523
"IN",173,99,495
"IN",173,99,496
"IN",173,99,497
"IN",173,99,498
"IN",173,99,499
"IN",173,99,500
"IN",173,99,501
"IN",173,99,502
"IN",173,99,503
"IN",173,99,504
"IN",173,99,505
"IN",173,352,375
"IN",173,508,544
"IN",173,352,365
"IN",173,358,366
"IN",173,358,382
"IN",173,477,527
"IN",173,484,527
"IN",173,487,527
"IN",173,489,527
"IN",173,490,527
"IN",173,479,528
"IN",173,480,528
"IN",173,488,528
"IN",173,493,528
"IN",173,494,528
"IN",173,479,529
"IN",173,480,529
"IN",173,488,529
"IN",173,493,529
"IN",173,494,529
"IN",173,493,531
"IN",173,494,531
"IN",173,479,532
"IN",173,480,532
"IN",173,488,532
"IN",173,493,532
"IN",173,494,532
"IN",173,479,533
"IN",173,480,533
"IN",173,488,533
"IN",173,493,533
"IN",173,494,533
"IN",173,479,535
"IN",173,480,535
"IN",173,488,535
"IN",173,493,538
"IN",173,494,538
"IN",173,477,540
"IN",173,484,540
"IN",173,487,540
"IN",173,489,540
"IN",173,490,540
"IN",173,477,541
"IN",173,484,541
"IN",173,487,541
"IN",173,489,541
"IN",173,490,541
"IN",173,352,376
"IN",173,350,365
"IN",173,508,550
"IN",173,358,379
"IN",173,484,534
"IN",173,484,542
"IN",173,484,543
"IN",173,508,545
"IN",173,508,549
"IN",173,337,377
"IN",173,478,534
"IN",173,492,536
"IN",173,478,540
"IN",173,478,542
"IN",173,478,543
"IN",173,337,365
"IN",173,337,369
"IN",173,337,376
"IN",173,337,381
"IN",173,337,378
"IN",173,337,371
"IN",173,360,365
"IN",173,360,376
"IN",174,95,295
"IN",174,95,112
"IN",174,95,126
"IN",174,99,358
"IN",174,98,358
"IN",174,97,358
"IN",174,97,351
"IN",174,358,376
"IN",174,358,377
"IN",174,358,368
"IN",174,358,367
"IN",174,358,378
"IN",174,358,374
"IN",174,358,369
"IN",174,358,365
"IN",174,358,381
"IN",174,358,380
"IN",174,358,370
"IN",174,98,470
"IN",174,98,445
"IN",174,99,412
"IN",174,94,445
"IN",174,94,429
"IN",174,94,457
"IN",174,94,438
"IN",174,96,445
"IN",174,96,438
"IN",174,95,469
"IN",174,95,445
"IN",174,95,422
"IN",174,95,438
"IN",174,99,508
"IN",174,95,196
"IN",174,95,514
"IN",174,95,516
"IN",174,95,523
"IN",174,99,495
"IN",174,99,496
"IN",174,99,497
"IN",174,99,498
"IN",174,99,499
"IN",174,99,500
"IN",174,99,501
"IN",174,99,502
"IN",174,99,503
"IN",174,99,504
"IN",174,99,505
"IN",174,508,544
"IN",174,358,366
"IN",174,358,382
"IN",174,477,527
"IN",174,484,527
"IN",174,487,527
"IN",174,489,527
"IN",174,490,527
"IN",174,479,528
"IN",174,480,528
"IN",174,488,528
"IN",174,479,529
"IN",174,480,529
"IN",174,488,529
"IN",174,479,532
"IN",174,480,532
"IN",174,488,532
"IN",174,479,533
"IN",174,480,533
"IN",174,488,533
"IN",174,479,535
"IN",174,480,535
"IN",174,488,535
"IN",174,477,540
"IN",174,484,540
"IN",174,487,540
"IN",174,489,540
"IN",174,490,540
"IN",174,477,541
"IN",174,484,541
"IN",174,487,541
"IN",174,489,541
"IN",174,490,541
"IN",174,356,381
"IN",174,356,378
"IN",174,350,365
"IN",174,508,550
"IN",174,358,379
"IN",174,492,530
"IN",174,484,534
"IN",174,484,542
"IN",174,484,543
"IN",174,508,545
"IN",174,508,548
"IN",174,508,549
"IN",174,478,534
"IN",174,478,540
"IN",174,478,542
"IN",174,478,543
"IN",175,95,295
"IN",175,95,112
"IN",175,95,126
"IN",175,99,358
"IN",175,98,358
"IN",175,97,358
"IN",175,97,351
"IN",175,358,376
"IN",175,358,377
"IN",175,358,368
"IN",175,358,367
"IN",175,358,378
"IN",175,358,374
"IN",175,358,369
"IN",175,358,365
"IN",175,358,381
"IN",175,358,380
"IN",175,358,370
"IN",175,98,470
"IN",175,98,445
"IN",175,99,412
"IN",175,94,445
"IN",175,94,429
"IN",175,94,457
"IN",175,94,438
"IN",175,96,445
"IN",175,96,438
"IN",175,95,469
"IN",175,95,445
"IN",175,95,422
"IN",175,95,438
"IN",175,99,508
"IN",175,95,196
"IN",175,95,514
"IN",175,95,516
"IN",175,95,523
"IN",175,99,495
"IN",175,99,496
"IN",175,99,497
"IN",175,99,498
"IN",175,99,499
"IN",175,99,500
"IN",175,99,501
"IN",175,99,502
"IN",175,99,503
"IN",175,99,504
"IN",175,99,505
"IN",175,338,380
"IN",175,338,372
"IN",175,508,544
"IN",175,358,366
"IN",175,358,382
"IN",175,477,527
"IN",175,487,527
"IN",175,489,527
"IN",175,490,527
"IN",175,479,528
"IN",175,480,528
"IN",175,488,528
"IN",175,479,529
"IN",175,480,529
"IN",175,488,529
"IN",175,479,532
"IN",175,480,532
"IN",175,488,532
"IN",175,479,533
"IN",175,480,533
"IN",175,488,533
"IN",175,479,535
"IN",175,480,535
"IN",175,488,535
"IN",175,481,539
"IN",175,477,540
"IN",175,487,540
"IN",175,489,540
"IN",175,490,540
"IN",175,477,541
"IN",175,487,541
"IN",175,489,541
"IN",175,490,541
"IN",175,356,381
"IN",175,356,378
"IN",175,350,365
"IN",175,508,545
"IN",175,358,379
"IN",175,492,530
"IN",175,508,549
"IN",175,364,365
"IN",175,360,365
"IN",175,360,376
"IN",176,95,295
"IN",176,95,112
"IN",176,95,126
"IN",176,99,358
"IN",176,98,358
"IN",176,97,358
"IN",176,97,351
"IN",176,358,376
"IN",176,358,377
"IN",176,358,368
"IN",176,358,367
"IN",176,358,378
"IN",176,358,374
"IN",176,358,369
"IN",176,358,365
"IN",176,358,381
"IN",176,358,380
"IN",176,358,370
"IN",176,98,470
"IN",176,98,445
"IN",176,99,412
"IN",176,94,445
"IN",176,94,429
"IN",176,94,457
"IN",176,94,438
"IN",176,96,445
"IN",176,96,438
"IN",176,95,469
"IN",176,95,445
"IN",176,95,422
"IN",176,95,438
"IN",176,99,508
"IN",176,95,196
"IN",176,95,514
"IN",176,95,516
"IN",176,95,523
"IN",176,99,495
"IN",176,99,496
"IN",176,99,497
"IN",176,99,498
"IN",176,99,499
"IN",176,99,500
"IN",176,99,501
"IN",176,99,502
"IN",176,99,503
"IN",176,99,504
"IN",176,99,505
"IN",176,508,544
"IN",176,358,366
"IN",176,358,382
"IN",176,479,528
"IN",176,480,528
"IN",176,488,528
"IN",176,493,528
"IN",176,494,528
"IN",176,479,529
"IN",176,480,529
"IN",176,488,529
"IN",176,493,529
"IN",176,494,529
"IN",176,493,531
"IN",176,494,531
"IN",176,479,532
"IN",176,480,532
"IN",176,488,532
"IN",176,493,532
"IN",176,494,532
"IN",176,479,533
"IN",176,480,533
"IN",176,488,533
"IN",176,493,533
"IN",176,494,533
"IN",176,479,535
"IN",176,480,535
"IN",176,488,535
"IN",176,493,538
"IN",176,494,538
"IN",176,350,365
"IN",176,347,376
"IN",176,358,379
"IN",176,508,548
"IN",176,508,549
"IN",177,95,295
"IN",177,95,112
"IN",177,95,126
"IN",177,99,358
"IN",177,98,358
"IN",177,97,358
"IN",177,97,351
"IN",177,358,376
"IN",177,358,377
"IN",177,358,368
"IN",177,358,367
"IN",177,358,378
"IN",177,358,374
"IN",177,358,369
"IN",177,358,365
"IN",177,358,381
"IN",177,358,380
"IN",177,358,370
"IN",177,98,470
"IN",177,98,445
"IN",177,99,412
"IN",177,94,445
"IN",177,94,429
"IN",177,94,457
"IN",177,94,438
"IN",177,96,445
"IN",177,96,438
"IN",177,95,469
"IN",177,95,445
"IN",177,95,422
"IN",177,95,438
"IN",177,99,508
"IN",177,95,196
"IN",177,95,514
"IN",177,95,516
"IN",177,95,523
"IN",177,99,495
"IN",177,99,496
"IN",177,99,497
"IN",177,99,498
"IN",177,99,499
"IN",177,99,500
"IN",177,99,501
"IN",177,99,502
"IN",177,99,503
"IN",177,99,504
"IN",177,99,505
"IN",177,508,544
"IN",177,358,366
"IN",177,358,382
"IN",177,479,528
"IN",177,480,528
"IN",177,488,528
"IN",177,493,528
"IN",177,479,529
"IN",177,480,529
"IN",177,488,529
"IN",177,493,529
"IN",177,493,531
"IN",177,479,532
"IN",177,480,532
"IN",177,488,532
"IN",177,493,532
"IN",177,479,533
"IN",177,480,533
"IN",177,488,533
"IN",177,493,533
"IN",177,479,535
"IN",177,480,535
"IN",177,488,535
"IN",177,493,538
"IN",177,481,539
"IN",177,356,381
"IN",177,356,378
"IN",177,350,365
"IN",177,508,547
"IN",177,508,550
"IN",177,358,379
"IN",177,508,545
"IN",177,492,530
"IN",177,508,548
"IN",177,508,549
"IN",177,478,534
"IN",177,492,536
"IN",177,478,540
"IN",177,478,542
"IN",177,478,543
"IN",178,95,295
"IN",178,95,112
"IN",178,95,126
"IN",178,99,358
"IN",178,98,358
"IN",178,97,358
"IN",178,97,351
"IN",178,358,376
"IN",178,358,377
"IN",178,358,368
"IN",178,358,367
"IN",178,358,378
"IN",178,358,374
"IN",178,358,369
"IN",178,358,365
"IN",178,358,381
"IN",178,358,380
"IN",178,358,370
"IN",178,98,470
"IN",178,98,445
"IN",178,99,412
"IN",178,94,445
"IN",178,94,429
"IN",178,94,457
"IN",178,94,438
"IN",178,96,445
"IN",178,96,438
"IN",178,95,469
"IN",178,95,445
"IN",178,95,422
"IN",178,95,438
"IN",178,99,508
"IN",178,95,196
"IN",178,95,514
"IN",178,95,516
"IN",178,95,523
"IN",178,99,495
"IN",178,99,496
"IN",178,99,497
"IN",178,99,498
"IN",178,99,499
"IN",178,99,500
"IN",178,99,501
"IN",178,99,502
"IN",178,99,503
"IN",178,99,504
"IN",178,99,505
"IN",178,338,380
"IN",178,338,372
"IN",178,508,544
"IN",178,358,366
"IN",178,358,382
"IN",178,479,528
"IN",178,480,528
"IN",178,488,528
"IN",178,493,528
"IN",178,479,529
"IN",178,480,529
"IN",178,488,529
"IN",178,493,529
"IN",178,493,531
"IN",178,479,532
"IN",178,480,532
"IN",178,488,532
"IN",178,493,532
"IN",178,479,533
"IN",178,480,533
"IN",178,488,533
"IN",178,493,533
"IN",178,493,538
"IN",178,350,365
"IN",178,508,546
"IN",178,508,547
"IN",178,358,379
"IN",178,492,530
"IN",178,508,545
"IN",178,478,534
"IN",178,478,540
"IN",178,478,542
"IN",178,478,543
"IN",179,95,295
"IN",179,95,112
"IN",179,95,126
"IN",179,99,358
"IN",179,98,358
"IN",179,97,358
"IN",179,97,351
"IN",179,358,376
"IN",179,358,377
"IN",179,358,368
"IN",179,358,367
"IN",179,358,378
"IN",179,358,374
"IN",179,358,369
"IN",179,358,365
"IN",179,358,381
"IN",179,358,380
"IN",179,358,370
"IN",179,98,470
"IN",179,98,445
"IN",179,99,412
"IN",179,94,445
"IN",179,94,429
"IN",179,94,457
"IN",179,94,438
"IN",179,96,445
"IN",179,96,438
"IN",179,95,469
"IN",179,95,445
"IN",179,95,422
"IN",179,95,438
"IN",179,99,508
"IN",179,95,196
"IN",179,95,514
"IN",179,95,516
"IN",179,95,523
"IN",179,99,495
"IN",179,99,496
"IN",179,99,497
"IN",179,99,498
"IN",179,99,499
"IN",179,99,500
"IN",179,99,501
"IN",179,99,502
"IN",179,99,503
"IN",179,99,504
"IN",179,99,505
"IN",179,352,375
"IN",179,338,380
"IN",179,338,372
"IN",179,352,365
"IN",179,358,366
"IN",179,358,382
"IN",179,477,527
"IN",179,484,527
"IN",179,487,527
"IN",179,489,527
"IN",179,490,527
"IN",179,479,528
"IN",179,480,528
"IN",179,488,528
"IN",179,493,528
"IN",179,494,528
"IN",179,479,529
"IN",179,480,529
"IN",179,488,529
"IN",179,493,529
"IN",179,494,529
"IN",179,493,531
"IN",179,494,531
"IN",179,479,532
"IN",179,480,532
"IN",179,488,532
"IN",179,493,532
"IN",179,494,532
"IN",179,479,533
"IN",179,480,533
"IN",179,488,533
"IN",179,493,533
"IN",179,494,533
"IN",179,479,535
"IN",179,480,535
"IN",179,488,535
"IN",179,493,538
"IN",179,494,538
"IN",179,477,540
"IN",179,484,540
"IN",179,487,540
"IN",179,489,540
"IN",179,490,540
"IN",179,477,541
"IN",179,484,541
"IN",179,487,541
"IN",179,489,541
"IN",179,490,541
"IN",179,352,376
"IN",179,350,365
"IN",179,508,550
"IN",179,358,379
"IN",179,484,534
"IN",179,484,542
"IN",179,484,543
"IN",179,337,377
"IN",179,478,534
"IN",179,478,540
"IN",179,478,542
"IN",179,478,543
"IN",179,337,365
"IN",179,337,369
"IN",179,337,376
"IN",179,337,381
"IN",179,337,378
"IN",179,337,371
"IN",179,360,365
"IN",179,360,376
"IN",180,95,295
"IN",180,95,112
"IN",180,95,126
"IN",180,99,358
"IN",180,98,358
"IN",180,97,358
"IN",180,97,351
"IN",180,358,376
"IN",180,358,377
"IN",180,358,368
"IN",180,358,367
"IN",180,358,378
"IN",180,358,374
"IN",180,358,369
"IN",180,358,365
"IN",180,358,381
"IN",180,358,380
"IN",180,358,370
"IN",180,98,470
"IN",180,98,445
"IN",180,99,412
"IN",180,94,445
"IN",180,94,429
"IN",180,94,457
"IN",180,94,438
"IN",180,96,445
"IN",180,96,438
"IN",180,95,469
"IN",180,95,445
"IN",180,95,422
"IN",180,95,438
"IN",180,99,508
"IN",180,95,196
"IN",180,95,514
"IN",180,95,516
"IN",180,95,523
"IN",180,99,495
"IN",180,99,496
"IN",180,99,497
"IN",180,99,498
"IN",180,99,499
"IN",180,99,500
"IN",180,99,501
"IN",180,99,502
"IN",180,99,503
"IN",180,99,504
"IN",180,99,505
"IN",180,508,544
"IN",180,358,366
"IN",180,358,382
"IN",180,356,381
"IN",180,356,378
"IN",180,350,365
"IN",180,508,545
"IN",180,358,379
"IN",180,492,536
"IN",181,95,295
"IN",181,95,112
"IN",181,95,126
"IN",181,99,358
"IN",181,98,358
"IN",181,97,358
"IN",181,97,351
"IN",181,358,376
"IN",181,358,377
"IN",181,358,368
"IN",181,358,367
"IN",181,358,378
"IN",181,358,374
"IN",181,358,369
"IN",181,358,365
"IN",181,358,381
"IN",181,358,380
"IN",181,358,370
"IN",181,98,470
"IN",181,98,445
"IN",181,99,412
"IN",181,94,445
"IN",181,94,429
"IN",181,94,457
"IN",181,94,438
"IN",181,96,445
"IN",181,96,438
"IN",181,95,469
"IN",181,95,445
"IN",181,95,422
"IN",181,95,438
"IN",181,99,508
"IN",181,95,196
"IN",181,95,514
"IN",181,95,516
"IN",181,95,523
"IN",181,99,495
"IN",181,99,496
"IN",181,99,497
"IN",181,99,498
"IN",181,99,499
"IN",181,99,500
"IN",181,99,501
"IN",181,99,502
"IN",181,99,503
"IN",181,99,504
"IN",181,99,505
"IN",181,352,375
"IN",181,338,380
"IN",181,338,372
"IN",181,508,544
"IN",181,352,365
"IN",181,358,366
"IN",181,358,382
"IN",181,352,376
"IN",181,350,365
"IN",181,347,376
"IN",181,358,379
"IN",181,508,545
"IN",181,508,548
"IN",181,478,534
"IN",181,492,536
"IN",181,478,540
"IN",181,478,542
"IN",181,478,543
"IN",181,364,365
"IN",182,95,295
"IN",182,95,112
"IN",182,95,126
"IN",182,99,358
"IN",182,98,358
"IN",182,97,358
"IN",182,97,351
"IN",182,358,376
"IN",182,358,377
"IN",182,358,368
"IN",182,358,367
"IN",182,358,378
"IN",182,358,374
"IN",182,358,369
"IN",182,358,365
"IN",182,358,381
"IN",182,358,380
"IN",182,358,370
"IN",182,98,470
"IN",182,98,445
"IN",182,99,412
"IN",182,94,445
"IN",182,94,429
"IN",182,94,457
"IN",182,94,438
"IN",182,96,445
"IN",182,96,438
"IN",182,95,469
"IN",182,95,445
"IN",182,95,422
"IN",182,95,438
"IN",182,99,508
"IN",182,95,196
"IN",182,95,514
"IN",182,95,516
"IN",182,95,523
"IN",182,99,495
"IN",182,99,496
"IN",182,99,497
"IN",182,99,498
"IN",182,99,499
"IN",182,99,500
"IN",182,99,501
"IN",182,99,502
"IN",182,99,503
"IN",182,99,504
"IN",182,99,505
"IN",182,508,544
"IN",182,358,366
"IN",182,358,382
"IN",182,479,528
"IN",182,480,528
"IN",182,488,528
"IN",182,493,528
"IN",182,479,529
"IN",182,480,529
"IN",182,488,529
"IN",182,493,529
"IN",182,493,531
"IN",182,479,532
"IN",182,480,532
"IN",182,488,532
"IN",182,493,532
"IN",182,479,533
"IN",182,480,533
"IN",182,488,533
"IN",182,493,533
"IN",182,493,538
"IN",182,356,381
"IN",182,356,378
"IN",182,350,365
"IN",182,508,545
"IN",182,508,546
"IN",182,358,379
"IN",182,508,548
"IN",182,508,549
"IN",182,492,536
"IN",183,95,295
"IN",183,95,112
"IN",183,95,126
"IN",183,99,358
"IN",183,98,358
"IN",183,97,358
"IN",183,97,351
"IN",183,358,376
"IN",183,358,377
"IN",183,358,368
"IN",183,358,367
"IN",183,358,378
"IN",183,358,374
"IN",183,358,369
"IN",183,358,365
"IN",183,358,381
"IN",183,358,380
"IN",183,358,370
"IN",183,98,470
"IN",183,98,445
"IN",183,99,412
"IN",183,94,445
"IN",183,94,429
"IN",183,94,457
"IN",183,94,438
"IN",183,96,445
"IN",183,96,438
"IN",183,95,469
"IN",183,95,445
"IN",183,95,422
"IN",183,95,438
"IN",183,99,508
"IN",183,95,196
"IN",183,95,514
"IN",183,95,516
"IN",183,95,523
"IN",183,99,495
"IN",183,99,496
"IN",183,99,497
"IN",183,99,498
"IN",183,99,499
"IN",183,99,500
"IN",183,99,501
"IN",183,99,502
"IN",183,99,503
"IN",183,99,504
"IN",183,99,505
"IN",183,508,544
"IN",183,358,366
"IN",183,358,382
"IN",183,477,527
"IN",183,487,527
"IN",183,489,527
"IN",183,490,527
"IN",183,479,528
"IN",183,480,528
"IN",183,488,528
"IN",183,493,528
"IN",183,479,529
"IN",183,480,529
"IN",183,488,529
"IN",183,493,529
"IN",183,493,531
"IN",183,479,532
"IN",183,480,532
"IN",183,488,532
"IN",183,493,532
"IN",183,479,533
"IN",183,480,533
"IN",183,488,533
"IN",183,493,533
"IN",183,479,535
"IN",183,480,535
"IN",183,488,535
"IN",183,493,538
"IN",183,477,540
"IN",183,487,540
"IN",183,489,540
"IN",183,490,540
"IN",183,477,541
"IN",183,487,541
"IN",183,489,541
"IN",183,490,541
"IN",183,350,365
"IN",183,508,546
"IN",183,347,376
"IN",183,358,379
"IN",183,508,545
"IN",183,508,549
"IN",183,360,365
"IN",183,360,376
"IN",184,95,295
"IN",184,95,112
"IN",184,95,126
"IN",184,99,358
"IN",184,98,358
"IN",184,97,358
"IN",184,97,351
"IN",184,358,376
"IN",184,358,377
"IN",184,358,368
"IN",184,358,367
"IN",184,358,378
"IN",184,358,374
"IN",184,358,369
"IN",184,358,365
"IN",184,358,381
"IN",184,358,380
"IN",184,358,370
"IN",184,98,470
"IN",184,98,445
"IN",184,99,412
"IN",184,94,445
"IN",184,94,429
"IN",184,94,457
"IN",184,94,438
"IN",184,96,445
"IN",184,96,438
"IN",184,95,469
"IN",184,95,445
"IN",184,95,422
"IN",184,95,438
"IN",184,99,508
"IN",184,95,196
"IN",184,95,514
"IN",184,95,516
"IN",184,95,523
"IN",184,99,495
"IN",184,99,496
"IN",184,99,497
"IN",184,99,498
"IN",184,99,499
"IN",184,99,500
"IN",184,99,501
"IN",184,99,502
"IN",184,99,503
"IN",184,99,504
"IN",184,99,505
"IN",184,358,366
"IN",184,358,382
"IN",184,477,527
"IN",184,487,527
"IN",184,489,527
"IN",184,490,527
"IN",184,479,528
"IN",184,480,528
"IN",184,488,528
"IN",184,479,529
"IN",184,480,529
"IN",184,488,529
"IN",184,479,532
"IN",184,480,532
"IN",184,488,532
"IN",184,479,533
"IN",184,480,533
"IN",184,488,533
"IN",184,479,535
"IN",184,480,535
"IN",184,488,535
"IN",184,481,539
"IN",184,477,540
"IN",184,487,540
"IN",184,489,540
"IN",184,490,540
"IN",184,477,541
"IN",184,487,541
"IN",184,489,541
"IN",184,490,541
"IN",184,356,381
"IN",184,356,378
"IN",184,347,376
"IN",184,358,379
"IN",184,508,545
"IN",184,508,546
"IN",184,508,548
"IN",184,508,549
"IN",184,478,534
"IN",184,478,540
"IN",184,478,542
"IN",184,478,543
"IN",185,95,295
"IN",185,95,112
"IN",185,95,126
"IN",185,99,358
"IN",185,98,358
"IN",185,97,358
"IN",185,97,351
"IN",185,358,376
"IN",185,358,377
"IN",185,358,368
"IN",185,358,367
"IN",185,358,378
"IN",185,358,374
"IN",185,358,369
"IN",185,358,365
"IN",185,358,381
"IN",185,358,380
"IN",185,358,370
"IN",185,98,470
"IN",185,98,445
"IN",185,99,412
"IN",185,94,445
"IN",185,94,429
"IN",185,94,457
"IN",185,94,438
"IN",185,96,445
"IN",185,96,438
"IN",185,95,469
"IN",185,95,445
"IN",185,95,422
"IN",185,95,438
"IN",185,99,508
"IN",185,95,196
"IN",185,95,514
"IN",185,95,516
"IN",185,95,523
"IN",185,99,495
"IN",185,99,496
"IN",185,99,497
"IN",185,99,498
"IN",185,99,499
"IN",185,99,500
"IN",185,99,501
"IN",185,99,502
"IN",185,99,503
"IN",185,99,504
"IN",185,99,505
"IN",185,352,375
"IN",185,508,544
"IN",185,352,365
"IN",185,358,366
"IN",185,358,382
"IN",185,477,527
"IN",185,487,527
"IN",185,489,527
"IN",185,490,527
"IN",185,479,528
"IN",185,480,528
"IN",185,488,528
"IN",185,479,529
"IN",185,480,529
"IN",185,488,529
"IN",185,479,532
"IN",185,480,532
"IN",185,488,532
"IN",185,479,533
"IN",185,480,533
"IN",185,488,533
"IN",185,477,540
"IN",185,487,540
"IN",185,489,540
"IN",185,490,540
"IN",185,477,541
"IN",185,487,541
"IN",185,489,541
"IN",185,490,541
"IN",185,356,381
"IN",185,352,376
"IN",185,356,378
"IN",185,508,547
"IN",185,358,379
"IN",185,508,545
"IN",185,492,530
"IN",185,508,548
"IN",185,508,549
"IN",185,492,536
"IN",185,364,365
"IN",186,95,295
"IN",186,95,112
"IN",186,95,126
"IN",186,99,358
"IN",186,98,358
"IN",186,97,358
"IN",186,97,351
"IN",186,358,376
"IN",186,358,377
"IN",186,358,368
"IN",186,358,367
"IN",186,358,378
"IN",186,358,374
"IN",186,358,369
"IN",186,358,365
"IN",186,358,381
"IN",186,358,380
"IN",186,358,370
"IN",186,98,470
"IN",186,98,445
"IN",186,99,412
"IN",186,94,445
"IN",186,94,429
"IN",186,94,457
"IN",186,94,438
"IN",186,96,445
"IN",186,96,438
"IN",186,95,469
"IN",186,95,445
"IN",186,95,422
"IN",186,95,438
"IN",186,99,508
"IN",186,95,196
"IN",186,95,514
"IN",186,95,516
"IN",186,95,523
"IN",186,99,495
"IN",186,99,496
"IN",186,99,497
"IN",186,99,498
"IN",186,99,499
"IN",186,99,500
"IN",186,99,501
"IN",186,99,502
"IN",186,99,503
"IN",186,99,504
"IN",186,99,505
"IN",186,508,544
"IN",186,358,366
"IN",186,358,382
"IN",186,477,527
"IN",186,487,527
"IN",186,489,527
"IN",186,490,527
"IN",186,479,528
"IN",186,480,528
"IN",186,488,528
"IN",186,493,528
"IN",186,494,528
"IN",186,479,529
"IN",186,480,529
"IN",186,488,529
"IN",186,493,529
"IN",186,494,529
"IN",186,493,531
"IN",186,494,531
"IN",186,479,532
"IN",186,480,532
"IN",186,488,532
"IN",186,493,532
"IN",186,494,532
"IN",186,479,533
"IN",186,480,533
"IN",186,488,533
"IN",186,493,533
"IN",186,494,533
"IN",186,493,538
"IN",186,494,538
"IN",186,477,540
"IN",186,487,540
"IN",186,489,540
"IN",186,490,540
"IN",186,477,541
"IN",186,487,541
"IN",186,489,541
"IN",186,490,541
"IN",186,350,365
"IN",186,491,537
"IN",186,493,537
"IN",186,358,379
"IN",186,508,548
"IN",186,508,549
"IN",186,364,365
"IN",187,95,295
"IN",187,95,112
"IN",187,95,126
"IN",187,99,358
"IN",187,98,358
"IN",187,97,358
"IN",187,97,351
"IN",187,358,376
"IN",187,358,377
"IN",187,358,368
"IN",187,358,367
"IN",187,358,378
"IN",187,358,374
"IN",187,358,369
"IN",187,358,365
"IN",187,358,381
"IN",187,358,380
"IN",187,358,370
"IN",187,98,470
"IN",187,98,445
"IN",187,99,412
"IN",187,94,445
"IN",187,94,429
"IN",187,94,457
"IN",187,94,438
"IN",187,96,445
"IN",187,96,438
"IN",187,95,469
"IN",187,95,445
"IN",187,95,422
"IN",187,95,438
"IN",187,99,508
"IN",187,95,196
"IN",187,95,514
"IN",187,95,516
"IN",187,95,523
"IN",187,99,495
"IN",187,99,496
"IN",187,99,497
"IN",187,99,498
"IN",187,99,499
"IN",187,99,500
"IN",187,99,501
"IN",187,99,502
"IN",187,99,503
"IN",187,99,504
"IN",187,99,505
"IN",187,352,375
"IN",187,508,544
"IN",187,352,365
"IN",187,358,366
"IN",187,358,382
"IN",187,477,527
"IN",187,487,527
"IN",187,489,527
"IN",187,490,527
"IN",187,479,528
"IN",187,480,528
"IN",187,488,528
"IN",187,493,528
"IN",187,479,529
"IN",187,480,529
"IN",187,488,529
"IN",187,493,529
"IN",187,493,531
"IN",187,479,532
"IN",187,480,532
"IN",187,488,532
"IN",187,493,532
"IN",187,479,533
"IN",187,480,533
"IN",187,488,533
"IN",187,493,533
"IN",187,479,535
"IN",187,480,535
"IN",187,488,535
"IN",187,493,538
"IN",187,477,540
"IN",187,487,540
"IN",187,489,540
"IN",187,490,540
"IN",187,477,541
"IN",187,487,541
"IN",187,489,541
"IN",187,490,541
"IN",187,356,381
"IN",187,352,376
"IN",187,356,378
"IN",187,491,537
"IN",187,493,537
"IN",187,358,379
"IN",187,508,545
"IN",187,508,548
"IN",187,508,549
"IN",188,95,295
"IN",188,95,112
"IN",188,95,126
"IN",188,99,358
"IN",188,98,358
"IN",188,97,358
"IN",188,97,351
"IN",188,358,376
"IN",188,358,377
"IN",188,358,368
"IN",188,358,367
"IN",188,358,378
"IN",188,358,374
"IN",188,358,369
"IN",188,358,365
"IN",188,358,381
"IN",188,358,380
"IN",188,358,370
"IN",188,98,470
"IN",188,98,445
"IN",188,99,412
"IN",188,94,445
"IN",188,94,429
"IN",188,94,457
"IN",188,94,438
"IN",188,96,445
"IN",188,96,438
"IN",188,95,469
"IN",188,95,445
"IN",188,95,422
"IN",188,95,438
"IN",188,99,508
"IN",188,95,196
"IN",188,95,514
"IN",188,95,516
"IN",188,95,523
"IN",188,99,495
"IN",188,99,496
"IN",188,99,497
"IN",188,99,498
"IN",188,99,499
"IN",188,99,500
"IN",188,99,501
"IN",188,99,502
"IN",188,99,503
"IN",188,99,504
"IN",188,99,505
"IN",188,352,375
"IN",188,338,380
"IN",188,338,372
"IN",188,508,544
"IN",188,352,365
"IN",188,358,366
"IN",188,358,382
"IN",188,481,539
"IN",188,356,381
"IN",188,352,376
"IN",188,356,378
"IN",188,508,546
"IN",188,347,376
"IN",188,358,379
"IN",188,508,545
"IN",188,508,549
"IN",188,478,534
"IN",188,478,540
"IN",188,478,542
"IN",188,478,543
"IN",189,95,295
"IN",189,95,112
"IN",189,95,126
"IN",189,99,358
"IN",189,98,358
"IN",189,97,358
"IN",189,97,351
"IN",189,358,376
"IN",189,358,377
"IN",189,358,368
"IN",189,358,367
"IN",189,358,378
"IN",189,358,374
"IN",189,358,369
"IN",189,358,365
"IN",189,358,381
"IN",189,358,380
"IN",189,358,370
"IN",189,98,470
"IN",189,98,445
"IN",189,99,412
"IN",189,94,445
"IN",189,94,429
"IN",189,94,457
"IN",189,94,438
"IN",189,96,445
"IN",189,96,438
"IN",189,95,469
"IN",189,95,445
"IN",189,95,422
"IN",189,95,438
"IN",189,99,508
"IN",189,95,196
"IN",189,95,514
"IN",189,95,516
"IN",189,95,523
"IN",189,99,495
"IN",189,99,496
"IN",189,99,497
"IN",189,99,498
"IN",189,99,499
"IN",189,99,500
"IN",189,99,501
"IN",189,99,502
"IN",189,99,503
"IN",189,99,504
"IN",189,99,505
"IN",189,352,375
"IN",189,338,380
"IN",189,338,372
"IN",189,508,544
"IN",189,352,365
"IN",189,358,366
"IN",189,358,382
"IN",189,477,527
"IN",189,487,527
"IN",189,489,527
"IN",189,490,527
"IN",189,479,528
"IN",189,480,528
"IN",189,488,528
"IN",189,479,529
"IN",189,480,529
"IN",189,488,529
"IN",189,479,532
"IN",189,480,532
"IN",189,488,532
"IN",189,479,533
"IN",189,480,533
"IN",189,488,533
"IN",189,479,535
"IN",189,480,535
"IN",189,488,535
"IN",189,477,540
"IN",189,487,540
"IN",189,489,540
"IN",189,490,540
"IN",189,477,541
"IN",189,487,541
"IN",189,489,541
"IN",189,490,541
"IN",189,352,376
"IN",189,358,379
"IN",189,508,548
"IN",189,508,549
"IN",189,364,365
"IN",190,95,295
"IN",190,95,112
"IN",190,95,126
"IN",190,99,358
"IN",190,98,358
"IN",190,97,358
"IN",190,97,351
"IN",190,358,376
"IN",190,358,377
"IN",190,358,368
"IN",190,358,367
"IN",190,358,378
"IN",190,358,374
"IN",190,358,369
"IN",190,358,365
"IN",190,358,381
"IN",190,358,380
"IN",190,358,370
"IN",190,98,470
"IN",190,98,445
"IN",190,99,412
"IN",190,94,445
"IN",190,94,429
"IN",190,94,457
"IN",190,94,438
"IN",190,96,445
"IN",190,96,438
"IN",190,95,469
"IN",190,95,445
"IN",190,95,422
"IN",190,95,438
"IN",190,99,508
"IN",190,95,196
"IN",190,95,514
"IN",190,95,516
"IN",190,95,523
"IN",190,99,495
"IN",190,99,496
"IN",190,99,497
"IN",190,99,498
"IN",190,99,499
"IN",190,99,500
"IN",190,99,501
"IN",190,99,502
"IN",190,99,503
"IN",190,99,504
"IN",190,99,505
"IN",190,508,544
"IN",190,358,366
"IN",190,358,382
"IN",190,477,527
"IN",190,487,527
"IN",190,489,527
"IN",190,490,527
"IN",190,479,528
"IN",190,480,528
"IN",190,488,528
"IN",190,493,528
"IN",190,494,528
"IN",190,479,529
"IN",190,480,529
"IN",190,488,529
"IN",190,493,529
"IN",190,494,529
"IN",190,493,531
"IN",190,494,531
"IN",190,479,532
"IN",190,480,532
"IN",190,488,532
"IN",190,493,532
"IN",190,494,532
"IN",190,479,533
"IN",190,480,533
"IN",190,488,533
"IN",190,493,533
"IN",190,494,533
"IN",190,479,535
"IN",190,480,535
"IN",190,488,535
"IN",190,493,538
"IN",190,494,538
"IN",190,477,540
"IN",190,487,540
"IN",190,489,540
"IN",190,490,540
"IN",190,477,541
"IN",190,487,541
"IN",190,489,541
"IN",190,490,541
"IN",190,350,365
"IN",190,508,550
"IN",190,358,379
"IN",190,494,530
"IN",190,508,545
"IN",190,508,548
"IN",190,478,534
"IN",190,478,540
"IN",190,478,542
"IN",190,478,543
"IN",191,95,295
"IN",191,95,112
"IN",191,95,126
"IN",191,99,358
"IN",191,98,358
"IN",191,97,358
"IN",191,97,351
"IN",191,358,376
"IN",191,358,377
"IN",191,358,368
"IN",191,358,367
"IN",191,358,378
"IN",191,358,374
"IN",191,358,369
"IN",191,358,365
"IN",191,358,381
"IN",191,358,380
"IN",191,358,370
"IN",191,98,470
"IN",191,98,445
"IN",191,99,412
"IN",191,94,445
"IN",191,94,429
"IN",191,94,457
"IN",191,94,438
"IN",191,96,445
"IN",191,96,438
"IN",191,95,469
"IN",191,95,445
"IN",191,95,422
"IN",191,95,438
"IN",191,99,508
"IN",191,95,196
"IN",191,95,514
"IN",191,95,516
"IN",191,95,523
"IN",191,99,495
"IN",191,99,496
"IN",191,99,497
"IN",191,99,498
"IN",191,99,499
"IN",191,99,500
"IN",191,99,501
"IN",191,99,502
"IN",191,99,503
"IN",191,99,504
"IN",191,99,505
"IN",191,508,544
"IN",191,358,366
"IN",191,358,382
"IN",191,477,527
"IN",191,487,527
"IN",191,489,527
"IN",191,490,527
"IN",191,479,528
"IN",191,480,528
"IN",191,488,528
"IN",191,479,529
"IN",191,480,529
"IN",191,488,529
"IN",191,479,532
"IN",191,480,532
"IN",191,488,532
"IN",191,479,533
"IN",191,480,533
"IN",191,488,533
"IN",191,479,535
"IN",191,480,535
"IN",191,488,535
"IN",191,477,540
"IN",191,487,540
"IN",191,489,540
"IN",191,490,540
"IN",191,477,541
"IN",191,487,541
"IN",191,489,541
"IN",191,490,541
"IN",191,356,381
"IN",191,356,378
"IN",191,350,365
"IN",191,508,545
"IN",191,508,547
"IN",191,347,376
"IN",191,358,379
"IN",191,492,530
"IN",191,508,548
"IN",191,508,549
"IN",191,337,377
"IN",191,478,534
"IN",191,478,540
"IN",191,478,542
"IN",191,478,543
"IN",191,337,365
"IN",191,364,365
"IN",191,337,369
"IN",191,337,376
"IN",191,337,381
"IN",191,337,378
"IN",191,337,371
"IN",191,360,365
"IN",191,360,376
"IN",192,95,295
"IN",192,95,112
"IN",192,95,126
"IN",192,99,358
"IN",192,98,358
"IN",192,97,358
"IN",192,97,351
"IN",192,358,376
"IN",192,358,377
"IN",192,358,368
"IN",192,358,367
"IN",192,358,378
"IN",192,358,374
"IN",192,358,369
"IN",192,358,365
"IN",192,358,381
"IN",192,358,380
"IN",192,358,370
"IN",192,98,470
"IN",192,98,445
"IN",192,99,412
"IN",192,94,445
"IN",192,94,429
"IN",192,94,457
"IN",192,94,438
"IN",192,96,445
"IN",192,96,438
"IN",192,95,469
"IN",192,95,445
"IN",192,95,422
"IN",192,95,438
"IN",192,99,508
"IN",192,95,196
"IN",192,95,514
"IN",192,95,516
"IN",192,95,523
"IN",192,99,495
"IN",192,99,496
"IN",192,99,497
"IN",192,99,498
"IN",192,99,499
"IN",192,99,500
"IN",192,99,501
"IN",192,99,502
"IN",192,99,503
"IN",192,99,504
"IN",192,99,505
"IN",192,338,380
"IN",192,338,372
"IN",192,508,544
"IN",192,358,366
"IN",192,358,382
"IN",192,477,527
"IN",192,487,527
"IN",192,489,527
"IN",192,490,527
"IN",192,479,528
"IN",192,480,528
"IN",192,488,528
"IN",192,493,528
"IN",192,494,528
"IN",192,479,529
"IN",192,480,529
"IN",192,488,529
"IN",192,493,529
"IN",192,494,529
"IN",192,493,531
"IN",192,494,531
"IN",192,479,532
"IN",192,480,532
"IN",192,488,532
"IN",192,493,532
"IN",192,494,532
"IN",192,479,533
"IN",192,480,533
"IN",192,488,533
"IN",192,493,533
"IN",192,494,533
"IN",192,493,538
"IN",192,494,538
"IN",192,477,540
"IN",192,487,540
"IN",192,489,540
"IN",192,490,540
"IN",192,477,541
"IN",192,487,541
"IN",192,489,541
"IN",192,490,541
"IN",192,508,545
"IN",192,508,547
"IN",192,358,379
"IN",192,494,530
"IN",192,508,549
"IN",192,364,365
"IN",193,95,295
"IN",193,95,112
"IN",193,95,126
"IN",193,99,358
"IN",193,98,358
"IN",193,97,358
"IN",193,97,351
"IN",193,358,376
"IN",193,358,377
"IN",193,358,368
"IN",193,358,367
"IN",193,358,378
"IN",193,358,374
"IN",193,358,369
"IN",193,358,365
"IN",193,358,381
"IN",193,358,380
"IN",193,358,370
"IN",193,98,470
"IN",193,98,445
"IN",193,99,412
"IN",193,94,445
"IN",193,94,429
"IN",193,94,457
"IN",193,94,438
"IN",193,96,445
"IN",193,96,438
"IN",193,95,469
"IN",193,95,445
"IN",193,95,422
"IN",193,95,438
"IN",193,99,508
"IN",193,95,196
"IN",193,95,514
"IN",193,95,516
"IN",193,95,523
"IN",193,99,495
"IN",193,99,496
"IN",193,99,497
"IN",193,99,498
"IN",193,99,499
"IN",193,99,500
"IN",193,99,501
"IN",193,99,502
"IN",193,99,503
"IN",193,99,504
"IN",193,99,505
"IN",193,352,375
"IN",193,508,544
"IN",193,352,365
"IN",193,358,366
"IN",193,358,382
"IN",193,477,527
"IN",193,487,527
"IN",193,489,527
"IN",193,490,527
"IN",193,479,528
"IN",193,480,528
"IN",193,488,528
"IN",193,494,528
"IN",193,479,529
"IN",193,480,529
"IN",193,488,529
"IN",193,494,529
"IN",193,494,531
"IN",193,479,532
"IN",193,480,532
"IN",193,488,532
"IN",193,494,532
"IN",193,479,533
"IN",193,480,533
"IN",193,488,533
"IN",193,494,533
"IN",193,479,535
"IN",193,480,535
"IN",193,488,535
"IN",193,494,538
"IN",193,477,540
"IN",193,487,540
"IN",193,489,540
"IN",193,490,540
"IN",193,477,541
"IN",193,487,541
"IN",193,489,541
"IN",193,490,541
"IN",193,356,381
"IN",193,352,376
"IN",193,356,378
"IN",193,350,365
"IN",193,508,546
"IN",193,347,376
"IN",193,358,379
"IN",193,508,545
"IN",193,478,534
"IN",193,492,536
"IN",193,478,540
"IN",193,478,542
"IN",193,478,543
"IN",194,95,295
"IN",194,95,112
"IN",194,95,126
"IN",194,99,358
"IN",194,98,358
"IN",194,97,358
"IN",194,97,351
"IN",194,358,376
"IN",194,358,377
"IN",194,358,368
"IN",194,358,367
"IN",194,358,378
"IN",194,358,374
"IN",194,358,369
"IN",194,358,365
"IN",194,358,381
"IN",194,358,380
"IN",194,358,370
"IN",194,98,470
"IN",194,98,445
"IN",194,99,412
"IN",194,94,445
"IN",194,94,429
"IN",194,94,457
"IN",194,94,438
"IN",194,96,445
"IN",194,96,438
"IN",194,95,469
"IN",194,95,445
"IN",194,95,422
"IN",194,95,438
"IN",194,99,508
"IN",194,95,196
"IN",194,95,514
"IN",194,95,516
"IN",194,95,523
"IN",194,99,495
"IN",194,99,496
"IN",194,99,497
"IN",194,99,498
"IN",194,99,499
"IN",194,99,500
"IN",194,99,501
"IN",194,99,502
"IN",194,99,503
"IN",194,99,504
"IN",194,99,505
"IN",194,508,544
"IN",194,358,366
"IN",194,358,382
"IN",194,477,527
"IN",194,487,527
"IN",194,489,527
"IN",194,490,527
"IN",194,477,540
"IN",194,487,540
"IN",194,489,540
"IN",194,490,540
"IN",194,477,541
"IN",194,487,541
"IN",194,489,541
"IN",194,490,541
"IN",194,508,545
"IN",194,358,379
"IN",194,508,549
"IN",195,95,295
"IN",195,95,112
"IN",195,95,126
"IN",195,99,358
"IN",195,98,358
"IN",195,97,358
"IN",195,97,351
"IN",195,358,376
"IN",195,358,377
"IN",195,358,368
"IN",195,358,367
"IN",195,358,378
"IN",195,358,374
"IN",195,358,369
"IN",195,358,365
"IN",195,358,381
"IN",195,358,380
"IN",195,358,370
"IN",195,98,470
"IN",195,98,445
"IN",195,99,412
"IN",195,94,445
"IN",195,94,429
"IN",195,94,457
"IN",195,94,438
"IN",195,96,445
"IN",195,96,438
"IN",195,95,469
"IN",195,95,445
"IN",195,95,422
"IN",195,95,438
"IN",195,99,508
"IN",195,95,196
"IN",195,95,514
"IN",195,95,516
"IN",195,95,523
"IN",195,99,495
"IN",195,99,496
"IN",195,99,497
"IN",195,99,498
"IN",195,99,499
"IN",195,99,500
"IN",195,99,501
"IN",195,99,502
"IN",195,99,503
"IN",195,99,504
"IN",195,99,505
"IN",195,508,544
"IN",195,358,366
"IN",195,358,382
"IN",195,477,527
"IN",195,484,527
"IN",195,487,527
"IN",195,489,527
"IN",195,490,527
"IN",195,477,540
"IN",195,484,540
"IN",195,487,540
"IN",195,489,540
"IN",195,490,540
"IN",195,477,541
"IN",195,484,541
"IN",195,487,541
"IN",195,489,541
"IN",195,490,541
"IN",195,350,365
"IN",195,508,545
"IN",195,508,547
"IN",195,358,379
"IN",195,508,546
"IN",195,484,534
"IN",195,484,542
"IN",195,484,543
"IN",195,508,549
"IN",195,337,377
"IN",195,478,534
"IN",195,492,536
"IN",195,478,540
"IN",195,478,542
"IN",195,478,543
"IN",195,337,365
"IN",195,337,369
"IN",195,337,376
"IN",195,337,381
"IN",195,337,378
"IN",195,360,365
"IN",195,360,376
"IN",196,95,295
"IN",196,95,112
"IN",196,95,126
"IN",196,99,358
"IN",196,98,358
"IN",196,97,358
"IN",196,97,351
"IN",196,358,376
"IN",196,358,377
"IN",196,358,368
"IN",196,358,367
"IN",196,358,378
"IN",196,358,374
"IN",196,358,369
"IN",196,358,365
"IN",196,358,381
"IN",196,358,380
"IN",196,358,370
"IN",196,98,470
"IN",196,98,445
"IN",196,99,412
"IN",196,94,445
"IN",196,94,429
"IN",196,94,457
"IN",196,94,438
"IN",196,96,445
"IN",196,96,438
"IN",196,95,469
"IN",196,95,445
"IN",196,95,422
"IN",196,95,438
"IN",196,99,508
"IN",196,95,196
"IN",196,95,514
"IN",196,95,516
"IN",196,95,523
"IN",196,99,495
"IN",196,99,496
"IN",196,99,497
"IN",196,99,498
"IN",196,99,499
"IN",196,99,500
"IN",196,99,501
"IN",196,99,502
"IN",196,99,503
"IN",196,99,504
"IN",196,99,505
"IN",196,358,366
"IN",196,358,382
"IN",196,477,527
"IN",196,487,527
"IN",196,489,527
"IN",196,490,527
"IN",196,477,540
"IN",196,487,540
"IN",196,489,540
"IN",196,490,540
"IN",196,477,541
"IN",196,487,541
"IN",196,489,541
"IN",196,490,541
"IN",196,356,381
"IN",196,356,378
"IN",196,350,365
"IN",196,358,379
"IN",196,508,545
"IN",196,508,549
"IN",197,95,295
"IN",197,95,112
"IN",197,95,126
"IN",197,99,358
"IN",197,98,358
"IN",197,97,358
"IN",197,97,351
"IN",197,358,376
"IN",197,358,377
"IN",197,358,368
"IN",197,358,367
"IN",197,358,378
"IN",197,358,374
"IN",197,358,369
"IN",197,358,365
"IN",197,358,381
"IN",197,358,380
"IN",197,358,370
"IN",197,98,470
"IN",197,98,445
"IN",197,99,412
"IN",197,94,445
"IN",197,94,429
"IN",197,94,457
"IN",197,94,438
"IN",197,96,445
"IN",197,96,438
"IN",197,95,469
"IN",197,95,445
"IN",197,95,422
"IN",197,95,438
"IN",197,99,508
"IN",197,95,196
"IN",197,95,514
"IN",197,95,516
"IN",197,95,523
"IN",197,99,495
"IN",197,99,496
"IN",197,99,497
"IN",197,99,498
"IN",197,99,499
"IN",197,99,500
"IN",197,99,501
"IN",197,99,502
"IN",197,99,503
"IN",197,99,504
"IN",197,99,505
"IN",197,338,380
"IN",197,338,372
"IN",197,508,544
"IN",197,358,366
"IN",197,358,382
"IN",197,479,528
"IN",197,480,528
"IN",197,488,528
"IN",197,493,528
"IN",197,494,528
"IN",197,479,529
"IN",197,480,529
"IN",197,488,529
"IN",197,493,529
"IN",197,494,529
"IN",197,493,531
"IN",197,494,531
"IN",197,479,532
"IN",197,480,532
"IN",197,488,532
"IN",197,493,532
"IN",197,494,532
"IN",197,479,533
"IN",197,480,533
"IN",197,488,533
"IN",197,493,533
"IN",197,494,533
"IN",197,479,535
"IN",197,480,535
"IN",197,488,535
"IN",197,493,538
"IN",197,494,538
"IN",197,356,381
"IN",197,356,378
"IN",197,358,379
"IN",197,494,530
"IN",197,508,545
"IN",197,508,548
"IN",198,95,295
"IN",198,95,112
"IN",198,95,126
"IN",198,99,358
"IN",198,98,358
"IN",198,97,358
"IN",198,97,351
"IN",198,358,376
"IN",198,358,377
"IN",198,358,368
"IN",198,358,367
"IN",198,358,378
"IN",198,358,374
"IN",198,358,369
"IN",198,358,365
"IN",198,358,381
"IN",198,358,380
"IN",198,358,370
"IN",198,98,470
"IN",198,98,445
"IN",198,99,412
"IN",198,94,445
"IN",198,94,429
"IN",198,94,457
"IN",198,94,438
"IN",198,96,445
"IN",198,96,438
"IN",198,95,469
"IN",198,95,445
"IN",198,95,422
"IN",198,95,438
"IN",198,99,508
"IN",198,95,196
"IN",198,95,514
"IN",198,95,516
"IN",198,95,523
"IN",198,99,495
"IN",198,99,496
"IN",198,99,497
"IN",198,99,498
"IN",198,99,499
"IN",198,99,500
"IN",198,99,501
"IN",198,99,502
"IN",198,99,503
"IN",198,99,504
"IN",198,99,505
"IN",198,352,375
"IN",198,338,380
"IN",198,338,372
"IN",198,508,544
"IN",198,352,365
"IN",198,358,366
"IN",198,358,382
"IN",198,477,527
"IN",198,487,527
"IN",198,489,527
"IN",198,490,527
"IN",198,477,540
"IN",198,487,540
"IN",198,489,540
"IN",198,490,540
"IN",198,477,541
"IN",198,487,541
"IN",198,489,541
"IN",198,490,541
"IN",198,352,376
"IN",198,350,365
"IN",198,491,537
"IN",198,347,376
"IN",198,358,379
"IN",198,508,549
"IN",198,478,534
"IN",198,478,540
"IN",198,478,542
"IN",198,478,543
"IN",198,364,365
"IN",199,95,295
"IN",199,95,112
"IN",199,95,126
"IN",199,99,358
"IN",199,98,358
"IN",199,97,358
"IN",199,97,351
"IN",199,358,376
"IN",199,358,377
"IN",199,358,368
"IN",199,358,367
"IN",199,358,378
"IN",199,358,374
"IN",199,358,369
"IN",199,358,365
"IN",199,358,381
"IN",199,358,380
"IN",199,358,370
"IN",199,98,470
"IN",199,98,445
"IN",199,99,412
"IN",199,94,445
"IN",199,94,429
"IN",199,94,457
"IN",199,94,438
"IN",199,96,445
"IN",199,96,438
"IN",199,95,469
"IN",199,95,445
"IN",199,95,422
"IN",199,95,438
"IN",199,99,508
"IN",199,95,196
"IN",199,95,514
"IN",199,95,516
"IN",199,95,523
"IN",199,99,495
"IN",199,99,496
"IN",199,99,497
"IN",199,99,498
"IN",199,99,499
"IN",199,99,500
"IN",199,99,501
"IN",199,99,502
"IN",199,99,503
"IN",199,99,504
"IN",199,99,505
"IN",199,358,366
"IN",199,358,382
"IN",199,350,365
"IN",199,491,537
"IN",199,508,547
"IN",199,347,376
"IN",199,358,379
"IN",199,508,546
"IN",199,508,545
"IN",199,508,548
"IN",199,508,549
"IN",199,478,534
"IN",199,492,536
"IN",199,478,540
"IN",199,478,542
"IN",199,478,543
"IN",200,95,295
"IN",200,95,112
"IN",200,95,126
"IN",200,99,358
"IN",200,98,358
"IN",200,97,358
"IN",200,97,351
"IN",200,358,376
"IN",200,358,377
"IN",200,358,368
"IN",200,358,367
"IN",200,358,378
"IN",200,358,374
"IN",200,358,369
"IN",200,358,365
"IN",200,358,381
"IN",200,358,380
"IN",200,358,370
"IN",200,98,470
"IN",200,98,445
"IN",200,99,412
"IN",200,94,445
"IN",200,94,429
"IN",200,94,457
"IN",200,94,438
"IN",200,96,445
"IN",200,96,438
"IN",200,95,469
"IN",200,95,445
"IN",200,95,422
"IN",200,95,438
"IN",200,99,508
"IN",200,95,196
"IN",200,95,514
"IN",200,95,516
"IN",200,95,523
"IN",200,99,495
"IN",200,99,496
"IN",200,99,497
"IN",200,99,498
"IN",200,99,499
"IN",200,99,500
"IN",200,99,501
"IN",200,99,502
"IN",200,99,503
"IN",200,99,504
"IN",200,99,505
"IN",200,508,544
"IN",200,358,366
"IN",200,358,382
"IN",200,477,527
"IN",200,487,527
"IN",200,489,527
"IN",200,490,527
"IN",200,479,528
"IN",200,480,528
"IN",200,488,528
"IN",200,493,528
"IN",200,494,528
"IN",200,479,529
"IN",200,480,529
"IN",200,488,529
"IN",200,493,529
"IN",200,494,529
"IN",200,493,531
"IN",200,494,531
"IN",200,479,532
"IN",200,480,532
"IN",200,488,532
"IN",200,493,532
"IN",200,494,532
"IN",200,479,533
"IN",200,480,533
"IN",200,488,533
"IN",200,493,533
"IN",200,494,533
"IN",200,479,535
"IN",200,480,535
"IN",200,488,535
"IN",200,493,538
"IN",200,494,538
"IN",200,477,540
"IN",200,487,540
"IN",200,489,540
"IN",200,490,540
"IN",200,477,541
"IN",200,487,541
"IN",200,489,541
"IN",200,490,541
"IN",200,356,381
"IN",200,356,378
"IN",200,508,550
"IN",200,358,379
"IN",200,508,548
"IN",200,508,549
"IN",201,95,295
"IN",201,95,112
"IN",201,95,126
"IN",201,99,358
"IN",201,98,358
"IN",201,97,358
"IN",201,97,351
"IN",201,358,376
"IN",201,358,377
"IN",201,358,368
"IN",201,358,367
"IN",201,358,378
"IN",201,358,374
"IN",201,358,369
"IN",201,358,365
"IN",201,358,381
"IN",201,358,380
"IN",201,358,370
"IN",201,98,470
"IN",201,98,445
"IN",201,99,412
"IN",201,94,445
"IN",201,94,429
"IN",201,94,457
"IN",201,94,438
"IN",201,96,445
"IN",201,96,438
"IN",201,95,469
"IN",201,95,445
"IN",201,95,422
"IN",201,95,438
"IN",201,99,508
"IN",201,95,196
"IN",201,95,514
"IN",201,95,516
"IN",201,95,523
"IN",201,99,495
"IN",201,99,496
"IN",201,99,497
"IN",201,99,498
"IN",201,99,499
"IN",201,99,500
"IN",201,99,501
"IN",201,99,502
"IN",201,99,503
"IN",201,99,504
"IN",201,99,505
"IN",201,338,380
"IN",201,338,372
"IN",201,358,366
"IN",201,358,382
"IN",201,477,527
"IN",201,487,527
"IN",201,489,527
"IN",201,490,527
"IN",201,479,528
"IN",201,480,528
"IN",201,488,528
"IN",201,493,528
"IN",201,494,528
"IN",201,479,529
"IN",201,480,529
"IN",201,488,529
"IN",201,493,529
"IN",201,494,529
"IN",201,493,531
"IN",201,494,531
"IN",201,479,532
"IN",201,480,532
"IN",201,488,532
"IN",201,493,532
"IN",201,494,532
"IN",201,479,533
"IN",201,480,533
"IN",201,488,533
"IN",201,493,533
"IN",201,494,533
"IN",201,493,538
"IN",201,494,538
"IN",201,477,540
"IN",201,487,540
"IN",201,489,540
"IN",201,490,540
"IN",201,477,541
"IN",201,487,541
"IN",201,489,541
"IN",201,490,541
"IN",201,356,381
"IN",201,356,378
"IN",201,508,546
"IN",201,358,379
"IN",201,492,530
"IN",201,494,530
"IN",201,508,545
"IN",201,492,536
"IN",202,95,295
"IN",202,95,112
"IN",202,95,126
"IN",202,99,358
"IN",202,98,358
"IN",202,97,358
"IN",202,97,351
"IN",202,358,376
"IN",202,358,377
"IN",202,358,368
"IN",202,358,367
"IN",202,358,378
"IN",202,358,374
"IN",202,358,369
"IN",202,358,365
"IN",202,358,381
"IN",202,358,380
"IN",202,358,370
"IN",202,98,470
"IN",202,98,445
"IN",202,99,412
"IN",202,94,445
"IN",202,94,429
"IN",202,94,457
"IN",202,94,438
"IN",202,96,445
"IN",202,96,438
"IN",202,95,469
"IN",202,95,445
"IN",202,95,422
"IN",202,95,438
"IN",202,99,508
"IN",202,95,196
"IN",202,95,514
"IN",202,95,516
"IN",202,95,523
"IN",202,99,495
"IN",202,99,496
"IN",202,99,497
"IN",202,99,498
"IN",202,99,499
"IN",202,99,500
"IN",202,99,501
"IN",202,99,502
"IN",202,99,503
"IN",202,99,504
"IN",202,99,505
"IN",202,358,366
"IN",202,358,382
"IN",202,481,539
"IN",202,356,381
"IN",202,356,378
"IN",202,350,365
"IN",202,508,545
"IN",202,508,546
"IN",202,508,547
"IN",202,358,379
"IN",202,508,548
"IN",202,478,534
"IN",202,492,536
"IN",202,478,540
"IN",202,478,542
"IN",202,478,543
"IN",203,95,295
"IN",203,95,112
"IN",203,95,126
"IN",203,99,358
"IN",203,98,358
"IN",203,97,358
"IN",203,97,351
"IN",203,358,376
"IN",203,358,377
"IN",203,358,368
"IN",203,358,367
"IN",203,358,378
"IN",203,358,374
"IN",203,358,369
"IN",203,358,365
"IN",203,358,381
"IN",203,358,380
"IN",203,358,370
"IN",203,98,470
"IN",203,98,445
"IN",203,99,412
"IN",203,94,445
"IN",203,94,429
"IN",203,94,457
"IN",203,94,438
"IN",203,96,445
"IN",203,96,438
"IN",203,95,469
"IN",203,95,445
"IN",203,95,422
"IN",203,95,438
"IN",203,99,508
"IN",203,95,196
"IN",203,95,514
"IN",203,95,516
"IN",203,95,523
"IN",203,99,495
"IN",203,99,496
"IN",203,99,497
"IN",203,99,498
"IN",203,99,499
"IN",203,99,500
"IN",203,99,501
"IN",203,99,502
"IN",203,99,503
"IN",203,99,504
"IN",203,99,505
"IN",203,352,375
"IN",203,352,365
"IN",203,358,366
"IN",203,358,382
"IN",203,477,527
"IN",203,487,527
"IN",203,489,527
"IN",203,490,527
"IN",203,479,528
"IN",203,480,528
"IN",203,488,528
"IN",203,493,528
"IN",203,494,528
"IN",203,479,529
"IN",203,480,529
"IN",203,488,529
"IN",203,493,529
"IN",203,494,529
"IN",203,493,531
"IN",203,494,531
"IN",203,479,532
"IN",203,480,532
"IN",203,488,532
"IN",203,493,532
"IN",203,494,532
"IN",203,479,533
"IN",203,480,533
"IN",203,488,533
"IN",203,493,533
"IN",203,494,533
"IN",203,479,535
"IN",203,480,535
"IN",203,488,535
"IN",203,493,538
"IN",203,494,538
"IN",203,477,540
"IN",203,487,540
"IN",203,489,540
"IN",203,490,540
"IN",203,477,541
"IN",203,487,541
"IN",203,489,541
"IN",203,490,541
"IN",203,352,376
"IN",203,350,365
"IN",203,508,547
"IN",203,358,379
"IN",203,508,545
"IN",204,95,295
"IN",204,95,112
"IN",204,95,126
"IN",204,99,358
"IN",204,98,358
"IN",204,97,358
"IN",204,97,351
"IN",204,358,376
"IN",204,358,377
"IN",204,358,368
"IN",204,358,367
"IN",204,358,378
"IN",204,358,374
"IN",204,358,369
"IN",204,358,365
"IN",204,358,381
"IN",204,358,380
"IN",204,358,370
"IN",204,98,470
"IN",204,98,445
"IN",204,99,412
"IN",204,94,445
"IN",204,94,429
"IN",204,94,457
"IN",204,94,438
"IN",204,96,445
"IN",204,96,438
"IN",204,95,469
"IN",204,95,445
"IN",204,95,422
"IN",204,95,438
"IN",204,99,508
"IN",204,95,196
"IN",204,95,514
"IN",204,95,516
"IN",204,95,523
"IN",204,99,495
"IN",204,99,496
"IN",204,99,497
"IN",204,99,498
"IN",204,99,499
"IN",204,99,500
"IN",204,99,501
"IN",204,99,502
"IN",204,99,503
"IN",204,99,504
"IN",204,99,505
"IN",204,352,375
"IN",204,508,544
"IN",204,352,365
"IN",204,358,366
"IN",204,358,382
"IN",204,477,527
"IN",204,487,527
"IN",204,489,527
"IN",204,490,527
"IN",204,479,528
"IN",204,480,528
"IN",204,488,528
"IN",204,493,528
"IN",204,494,528
"IN",204,479,529
"IN",204,480,529
"IN",204,488,529
"IN",204,493,529
"IN",204,494,529
"IN",204,493,531
"IN",204,494,531
"IN",204,479,532
"IN",204,480,532
"IN",204,488,532
"IN",204,493,532
"IN",204,494,532
"IN",204,479,533
"IN",204,480,533
"IN",204,488,533
"IN",204,493,533
"IN",204,494,533
"IN",204,479,535
"IN",204,480,535
"IN",204,488,535
"IN",204,493,538
"IN",204,494,538
"IN",204,477,540
"IN",204,487,540
"IN",204,489,540
"IN",204,490,540
"IN",204,477,541
"IN",204,487,541
"IN",204,489,541
"IN",204,490,541
"IN",204,352,376
"IN",204,350,365
"IN",204,508,545
"IN",204,508,550
"IN",204,358,379
"IN",204,492,530
"IN",204,494,530
"IN",204,508,548
"IN",204,364,365
"IN",205,95,295
"IN",205,95,112
"IN",205,95,126
"IN",205,99,358
"IN",205,98,358
"IN",205,97,358
"IN",205,97,351
"IN",205,358,376
"IN",205,358,377
"IN",205,358,368
"IN",205,358,367
"IN",205,358,378
"IN",205,358,374
"IN",205,358,369
"IN",205,358,365
"IN",205,358,381
"IN",205,358,380
"IN",205,358,370
"IN",205,98,470
"IN",205,98,445
"IN",205,99,412
"IN",205,94,445
"IN",205,94,429
"IN",205,94,457
"IN",205,94,438
"IN",205,96,445
"IN",205,96,438
"IN",205,95,469
"IN",205,95,445
"IN",205,95,422
"IN",205,95,438
"IN",205,99,508
"IN",205,95,196
"IN",205,95,514
"IN",205,95,516
"IN",205,95,523
"IN",205,99,495
"IN",205,99,496
"IN",205,99,497
"IN",205,99,498
"IN",205,99,499
"IN",205,99,500
"IN",205,99,501
"IN",205,99,502
"IN",205,99,503
"IN",205,99,504
"IN",205,99,505
"IN",205,508,544
"IN",205,358,366
"IN",205,358,382
"IN",205,477,527
"IN",205,487,527
"IN",205,489,527
"IN",205,490,527
"IN",205,477,540
"IN",205,487,540
"IN",205,489,540
"IN",205,490,540
"IN",205,477,541
"IN",205,487,541
"IN",205,489,541
"IN",205,490,541
"IN",205,350,365
"IN",205,508,545
"IN",205,358,379
"IN",205,508,546
"IN",205,364,365
"IN",205,360,365
"IN",205,360,376
"IN",206,95,295
"IN",206,95,112
"IN",206,95,126
"IN",206,99,358
"IN",206,98,358
"IN",206,97,358
"IN",206,97,351
"IN",206,358,376
"IN",206,358,377
"IN",206,358,368
"IN",206,358,367
"IN",206,358,378
"IN",206,358,374
"IN",206,358,369
"IN",206,358,365
"IN",206,358,381
"IN",206,358,380
"IN",206,358,370
"IN",206,98,470
"IN",206,98,445
"IN",206,99,412
"IN",206,94,445
"IN",206,94,429
"IN",206,94,457
"IN",206,94,438
"IN",206,96,445
"IN",206,96,438
"IN",206,95,469
"IN",206,95,445
"IN",206,95,422
"IN",206,95,438
"IN",206,99,508
"IN",206,95,196
"IN",206,95,514
"IN",206,95,516
"IN",206,95,523
"IN",206,99,495
"IN",206,99,496
"IN",206,99,497
"IN",206,99,498
"IN",206,99,499
"IN",206,99,500
"IN",206,99,501
"IN",206,99,502
"IN",206,99,503
"IN",206,99,504
"IN",206,99,505
"IN",206,352,375
"IN",206,508,544
"IN",206,352,365
"IN",206,358,366
"IN",206,358,382
"IN",206,479,528
"IN",206,480,528
"IN",206,488,528
"IN",206,493,528
"IN",206,479,529
"IN",206,480,529
"IN",206,488,529
"IN",206,493,529
"IN",206,493,531
"IN",206,479,532
"IN",206,480,532
"IN",206,488,532
"IN",206,493,532
"IN",206,479,533
"IN",206,480,533
"IN",206,488,533
"IN",206,493,533
"IN",206,479,535
"IN",206,480,535
"IN",206,488,535
"IN",206,493,538
"IN",206,481,539
"IN",206,352,376
"IN",206,350,365
"IN",206,508,545
"IN",206,508,547
"IN",206,358,379
"IN",206,508,546
"IN",206,508,548
"IN",207,95,295
"IN",207,95,112
"IN",207,95,126
"IN",207,99,358
"IN",207,98,358
"IN",207,97,358
"IN",207,97,351
"IN",207,358,376
"IN",207,358,377
"IN",207,358,368
"IN",207,358,367
"IN",207,358,378
"IN",207,358,374
"IN",207,358,369
"IN",207,358,365
"IN",207,358,381
"IN",207,358,380
"IN",207,358,370
"IN",207,98,470
"IN",207,98,445
"IN",207,99,412
"IN",207,94,445
"IN",207,94,429
"IN",207,94,457
"IN",207,94,438
"IN",207,96,445
"IN",207,96,438
"IN",207,95,469
"IN",207,95,445
"IN",207,95,422
"IN",207,95,438
"IN",207,99,508
"IN",207,95,196
"IN",207,95,514
"IN",207,95,516
"IN",207,95,523
"IN",207,99,495
"IN",207,99,496
"IN",207,99,497
"IN",207,99,498
"IN",207,99,499
"IN",207,99,500
"IN",207,99,501
"IN",207,99,502
"IN",207,99,503
"IN",207,99,504
"IN",207,99,505
"IN",207,338,380
"IN",207,338,372
"IN",207,508,544
"IN",207,358,366
"IN",207,358,382
"IN",207,350,365
"IN",207,508,546
"IN",207,508,547
"IN",207,358,379
"IN",207,364,365
"IN",208,95,295
"IN",208,95,112
"IN",208,95,126
"IN",208,99,358
"IN",208,98,358
"IN",208,97,358
"IN",208,97,351
"IN",208,358,376
"IN",208,358,377
"IN",208,358,368
"IN",208,358,367
"IN",208,358,378
"IN",208,358,374
"IN",208,358,369
"IN",208,358,365
"IN",208,358,381
"IN",208,358,380
"IN",208,358,370
"IN",208,98,470
"IN",208,98,445
"IN",208,99,412
"IN",208,94,445
"IN",208,94,429
"IN",208,94,457
"IN",208,94,438
"IN",208,96,445
"IN",208,96,438
"IN",208,95,469
"IN",208,95,445
"IN",208,95,422
"IN",208,95,438
"IN",208,99,508
"IN",208,95,196
"IN",208,95,514
"IN",208,95,516
"IN",208,95,523
"IN",208,99,495
"IN",208,99,496
"IN",208,99,497
"IN",208,99,498
"IN",208,99,499
"IN",208,99,500
"IN",208,99,501
"IN",208,99,502
"IN",208,99,503
"IN",208,99,504
"IN",208,99,505
"IN",208,508,544
"IN",208,358,366
"IN",208,358,382
"IN",208,481,539
"IN",208,356,381
"IN",208,356,378
"IN",208,508,545
"IN",208,508,547
"IN",208,508,550
"IN",208,358,379
"IN",208,508,546
"IN",208,478,534
"IN",208,478,540
"IN",208,478,542
"IN",208,478,543
"IN",209,95,295
"IN",209,95,112
"IN",209,95,126
"IN",209,99,358
"IN",209,98,358
"IN",209,97,358
"IN",209,97,351
"IN",209,358,376
"IN",209,358,377
"IN",209,358,368
"IN",209,358,367
"IN",209,358,378
"IN",209,358,374
"IN",209,358,369
"IN",209,358,365
"IN",209,358,381
"IN",209,358,380
"IN",209,358,370
"IN",209,98,470
"IN",209,98,445
"IN",209,99,412
"IN",209,94,445
"IN",209,94,429
"IN",209,94,457
"IN",209,94,438
"IN",209,96,445
"IN",209,96,438
"IN",209,95,469
"IN",209,95,445
"IN",209,95,422
"IN",209,95,438
"IN",209,99,508
"IN",209,95,196
"IN",209,95,514
"IN",209,95,516
"IN",209,95,523
"IN",209,99,495
"IN",209,99,496
"IN",209,99,497
"IN",209,99,498
"IN",209,99,499
"IN",209,99,500
"IN",209,99,501
"IN",209,99,502
"IN",209,99,503
"IN",209,99,504
"IN",209,99,505
"IN",209,352,375
"IN",209,508,544
"IN",209,352,365
"IN",209,358,366
"IN",209,358,382
"IN",209,477,527
"IN",209,487,527
"IN",209,489,527
"IN",209,490,527
"IN",209,479,528
"IN",209,480,528
"IN",209,488,528
"IN",209,493,528
"IN",209,479,529
"IN",209,480,529
"IN",209,488,529
"IN",209,493,529
"IN",209,493,531
"IN",209,479,532
"IN",209,480,532
"IN",209,488,532
"IN",209,493,532
"IN",209,479,533
"IN",209,480,533
"IN",209,488,533
"IN",209,493,533
"IN",209,493,538
"IN",209,477,540
"IN",209,487,540
"IN",209,489,540
"IN",209,490,540
"IN",209,477,541
"IN",209,487,541
"IN",209,489,541
"IN",209,490,541
"IN",209,352,376
"IN",209,350,365
"IN",209,491,537
"IN",209,493,537
"IN",209,508,546
"IN",209,508,550
"IN",209,358,379
"IN",209,508,545
"IN",209,508,548
"IN",209,478,534
"IN",209,478,540
"IN",209,478,542
"IN",209,478,543
"IN",210,95,295
"IN",210,95,112
"IN",210,95,126
"IN",210,99,358
"IN",210,98,358
"IN",210,97,358
"IN",210,97,351
"IN",210,358,376
"IN",210,358,377
"IN",210,358,368
"IN",210,358,367
"IN",210,358,378
"IN",210,358,374
"IN",210,358,369
"IN",210,358,365
"IN",210,358,381
"IN",210,358,380
"IN",210,358,370
"IN",210,98,470
"IN",210,98,445
"IN",210,99,412
"IN",210,94,445
"IN",210,94,429
"IN",210,94,457
"IN",210,94,438
"IN",210,96,445
"IN",210,96,438
"IN",210,95,469
"IN",210,95,445
"IN",210,95,422
"IN",210,95,438
"IN",210,99,508
"IN",210,95,196
"IN",210,95,514
"IN",210,95,516
"IN",210,95,523
"IN",210,99,495
"IN",210,99,496
"IN",210,99,497
"IN",210,99,498
"IN",210,99,499
"IN",210,99,500
"IN",210,99,501
"IN",210,99,502
"IN",210,99,503
"IN",210,99,504
"IN",210,99,505
"IN",210,338,380
"IN",210,338,372
"IN",210,508,544
"IN",210,358,366
"IN",210,358,382
"IN",210,477,527
"IN",210,487,527
"IN",210,489,527
"IN",210,490,527
"IN",210,479,528
"IN",210,480,528
"IN",210,488,528
"IN",210,479,529
"IN",210,480,529
"IN",210,488,529
"IN",210,479,532
"IN",210,480,532
"IN",210,488,532
"IN",210,479,533
"IN",210,480,533
"IN",210,488,533
"IN",210,479,535
"IN",210,480,535
"IN",210,488,535
"IN",210,477,540
"IN",210,487,540
"IN",210,489,540
"IN",210,490,540
"IN",210,477,541
"IN",210,487,541
"IN",210,489,541
"IN",210,490,541
"IN",210,358,379
"IN",210,508,546
"IN",210,492,530
"IN",210,508,545
"IN",210,508,548
"IN",210,508,549
"IN",210,478,534
"IN",210,492,536
"IN",210,478,540
"IN",210,478,542
"IN",210,478,543
"IN",211,95,295
"IN",211,95,112
"IN",211,95,126
"IN",211,99,358
"IN",211,98,358
"IN",211,97,358
"IN",211,97,351
"IN",211,358,376
"IN",211,358,377
"IN",211,358,368
"IN",211,358,367
"IN",211,358,378
"IN",211,358,374
"IN",211,358,369
"IN",211,358,365
"IN",211,358,381
"IN",211,358,380
"IN",211,358,370
"IN",211,98,470
"IN",211,98,445
"IN",211,99,412
"IN",211,94,445
"IN",211,94,429
"IN",211,94,457
"IN",211,94,438
"IN",211,96,445
"IN",211,96,438
"IN",211,95,469
"IN",211,95,445
"IN",211,95,422
"IN",211,95,438
"IN",211,99,508
"IN",211,95,196
"IN",211,95,514
"IN",211,95,516
"IN",211,95,523
"IN",211,99,495
"IN",211,99,496
"IN",211,99,497
"IN",211,99,498
"IN",211,99,499
"IN",211,99,500
"IN",211,99,501
"IN",211,99,502
"IN",211,99,503
"IN",211,99,504
"IN",211,99,505
"IN",211,358,366
"IN",211,358,382
"IN",211,356,381
"IN",211,356,378
"IN",211,350,365
"IN",211,347,376
"IN",211,358,379
"IN",211,508,545
"IN",211,508,546
"IN",211,478,534
"IN",211,478,540
"IN",211,478,542
"IN",211,478,543
"IN",212,95,295
"IN",212,95,112
"IN",212,95,126
"IN",212,99,358
"IN",212,98,358
"IN",212,97,358
"IN",212,97,351
"IN",212,358,376
"IN",212,358,377
"IN",212,358,368
"IN",212,358,367
"IN",212,358,378
"IN",212,358,374
"IN",212,358,369
"IN",212,358,365
"IN",212,358,381
"IN",212,358,380
"IN",212,358,370
"IN",212,98,470
"IN",212,98,445
"IN",212,99,412
"IN",212,94,445
"IN",212,94,429
"IN",212,94,457
"IN",212,94,438
"IN",212,96,445
"IN",212,96,438
"IN",212,95,469
"IN",212,95,445
"IN",212,95,422
"IN",212,95,438
"IN",212,99,508
"IN",212,95,196
"IN",212,95,514
"IN",212,95,516
"IN",212,95,523
"IN",212,99,495
"IN",212,99,496
"IN",212,99,497
"IN",212,99,498
"IN",212,99,499
"IN",212,99,500
"IN",212,99,501
"IN",212,99,502
"IN",212,99,503
"IN",212,99,504
"IN",212,99,505
"IN",212,358,366
"IN",212,358,382
"IN",212,477,527
"IN",212,487,527
"IN",212,489,527
"IN",212,490,527
"IN",212,479,528
"IN",212,480,528
"IN",212,488,528
"IN",212,493,528
"IN",212,479,529
"IN",212,480,529
"IN",212,488,529
"IN",212,493,529
"IN",212,493,531
"IN",212,479,532
"IN",212,480,532
"IN",212,488,532
"IN",212,493,532
"IN",212,479,533
"IN",212,480,533
"IN",212,488,533
"IN",212,493,533
"IN",212,493,538
"IN",212,481,539
"IN",212,477,540
"IN",212,487,540
"IN",212,489,540
"IN",212,490,540
"IN",212,477,541
"IN",212,487,541
"IN",212,489,541
"IN",212,490,541
"IN",212,508,546
"IN",212,347,376
"IN",212,358,379
"IN",212,508,545
"IN",213,95,295
"IN",213,95,112
"IN",213,95,126
"IN",213,99,358
"IN",213,98,358
"IN",213,97,358
"IN",213,97,351
"IN",213,358,376
"IN",213,358,377
"IN",213,358,368
"IN",213,358,367
"IN",213,358,378
"IN",213,358,374
"IN",213,358,369
"IN",213,358,365
"IN",213,358,381
"IN",213,358,380
"IN",213,358,370
"IN",213,98,470
"IN",213,98,445
"IN",213,99,412
"IN",213,94,445
"IN",213,94,429
"IN",213,94,457
"IN",213,94,438
"IN",213,96,445
"IN",213,96,438
"IN",213,95,469
"IN",213,95,445
"IN",213,95,422
"IN",213,95,438
"IN",213,99,508
"IN",213,95,196
"IN",213,95,514
"IN",213,95,516
"IN",213,95,523
"IN",213,99,495
"IN",213,99,496
"IN",213,99,497
"IN",213,99,498
"IN",213,99,499
"IN",213,99,500
"IN",213,99,501
"IN",213,99,502
"IN",213,99,503
"IN",213,99,504
"IN",213,99,505
"IN",213,508,544
"IN",213,358,366
"IN",213,358,382
"IN",213,477,527
"IN",213,487,527
"IN",213,489,527
"IN",213,490,527
"IN",213,479,528
"IN",213,480,528
"IN",213,488,528
"IN",213,493,528
"IN",213,494,528
"IN",213,479,529
"IN",213,480,529
"IN",213,488,529
"IN",213,493,529
"IN",213,494,529
"IN",213,493,531
"IN",213,494,531
"IN",213,479,532
"IN",213,480,532
"IN",213,488,532
"IN",213,493,532
"IN",213,494,532
"IN",213,479,533
"IN",213,480,533
"IN",213,488,533
"IN",213,493,533
"IN",213,494,533
"IN",213,493,538
"IN",213,494,538
"IN",213,477,540
"IN",213,487,540
"IN",213,489,540
"IN",213,490,540
"IN",213,477,541
"IN",213,487,541
"IN",213,489,541
"IN",213,490,541
"IN",213,356,381
"IN",213,356,378
"IN",213,350,365
"IN",213,491,537
"IN",213,493,537
"IN",213,508,547
"IN",213,508,550
"IN",213,347,376
"IN",213,358,379
"IN",213,508,545
"IN",213,508,546
"IN",213,492,530
"IN",213,494,530
"IN",213,508,548
"IN",213,478,534
"IN",213,478,540
"IN",213,478,542
"IN",213,478,543
"IN",213,364,365
"IN",214,95,295
"IN",214,95,112
"IN",214,95,126
"IN",214,99,358
"IN",214,98,358
"IN",214,97,358
"IN",214,97,351
"IN",214,358,376
"IN",214,358,377
"IN",214,358,368
"IN",214,358,367
"IN",214,358,378
"IN",214,358,374
"IN",214,358,369
"IN",214,358,365
"IN",214,358,381
"IN",214,358,380
"IN",214,358,370
"IN",214,98,470
"IN",214,98,445
"IN",214,99,412
"IN",214,94,445
"IN",214,94,429
"IN",214,94,457
"IN",214,94,438
"IN",214,96,445
"IN",214,96,438
"IN",214,95,469
"IN",214,95,445
"IN",214,95,422
"IN",214,95,438
"IN",214,99,508
"IN",214,95,196
"IN",214,95,514
"IN",214,95,516
"IN",214,95,523
"IN",214,99,495
"IN",214,99,496
"IN",214,99,497
"IN",214,99,498
"IN",214,99,499
"IN",214,99,500
"IN",214,99,501
"IN",214,99,502
"IN",214,99,503
"IN",214,99,504
"IN",214,99,505
"IN",214,508,544
"IN",214,358,366
"IN",214,358,382
"IN",214,477,527
"IN",214,487,527
"IN",214,489,527
"IN",214,490,527
"IN",214,479,528
"IN",214,480,528
"IN",214,488,528
"IN",214,493,528
"IN",214,479,529
"IN",214,480,529
"IN",214,488,529
"IN",214,493,529
"IN",214,493,531
"IN",214,479,532
"IN",214,480,532
"IN",214,488,532
"IN",214,493,532
"IN",214,479,533
"IN",214,480,533
"IN",214,488,533
"IN",214,493,533
"IN",214,493,538
"IN",214,477,540
"IN",214,487,540
"IN",214,489,540
"IN",214,490,540
"IN",214,477,541
"IN",214,487,541
"IN",214,489,541
"IN",214,490,541
"IN",214,356,381
"IN",214,356,378
"IN",214,347,376
"IN",214,358,379
"IN",214,508,545
"IN",214,508,548
"IN",214,478,534
"IN",214,478,540
"IN",214,478,542
"IN",214,478,543
"IN",215,95,295
"IN",215,95,112
"IN",215,95,126
"IN",215,99,358
"IN",215,98,358
"IN",215,97,358
"IN",215,97,351
"IN",215,358,376
"IN",215,358,377
"IN",215,358,368
"IN",215,358,367
"IN",215,358,378
"IN",215,358,374
"IN",215,358,369
"IN",215,358,365
"IN",215,358,381
"IN",215,358,380
"IN",215,358,370
"IN",215,98,470
"IN",215,98,445
"IN",215,99,412
"IN",215,94,445
"IN",215,94,429
"IN",215,94,457
"IN",215,94,438
"IN",215,96,445
"IN",215,96,438
"IN",215,95,469
"IN",215,95,445
"IN",215,95,422
"IN",215,95,438
"IN",215,99,508
"IN",215,95,196
"IN",215,95,514
"IN",215,95,516
"IN",215,95,523
"IN",215,99,495
"IN",215,99,496
"IN",215,99,497
"IN",215,99,498
"IN",215,99,499
"IN",215,99,500
"IN",215,99,501
"IN",215,99,502
"IN",215,99,503
"IN",215,99,504
"IN",215,99,505
"IN",215,338,380
"IN",215,338,372
"IN",215,508,544
"IN",215,358,366
"IN",215,358,382
"IN",215,477,527
"IN",215,487,527
"IN",215,489,527
"IN",215,490,527
"IN",215,481,539
"IN",215,477,540
"IN",215,487,540
"IN",215,489,540
"IN",215,490,540
"IN",215,477,541
"IN",215,487,541
"IN",215,489,541
"IN",215,490,541
"IN",215,356,381
"IN",215,356,378
"IN",215,350,365
"IN",215,491,537
"IN",215,508,545
"IN",215,358,379
"IN",215,478,534
"IN",215,492,536
"IN",215,478,540
"IN",215,478,542
"IN",215,478,543
"IN",216,95,295
"IN",216,95,112
"IN",216,95,126
"IN",216,99,358
"IN",216,98,358
"IN",216,97,358
"IN",216,97,351
"IN",216,358,376
"IN",216,358,377
"IN",216,358,368
"IN",216,358,367
"IN",216,358,378
"IN",216,358,374
"IN",216,358,369
"IN",216,358,365
"IN",216,358,381
"IN",216,358,380
"IN",216,358,370
"IN",216,98,470
"IN",216,98,445
"IN",216,99,412
"IN",216,94,445
"IN",216,94,429
"IN",216,94,457
"IN",216,94,438
"IN",216,96,445
"IN",216,96,438
"IN",216,95,469
"IN",216,95,445
"IN",216,95,422
"IN",216,95,438
"IN",216,99,508
"IN",216,95,196
"IN",216,95,514
"IN",216,95,516
"IN",216,95,523
"IN",216,99,495
"IN",216,99,496
"IN",216,99,497
"IN",216,99,498
"IN",216,99,499
"IN",216,99,500
"IN",216,99,501
"IN",216,99,502
"IN",216,99,503
"IN",216,99,504
"IN",216,99,505
"IN",216,352,375
"IN",216,338,380
"IN",216,338,372
"IN",216,352,365
"IN",216,358,366
"IN",216,358,382
"IN",216,477,527
"IN",216,487,527
"IN",216,489,527
"IN",216,490,527
"IN",216,477,540
"IN",216,487,540
"IN",216,489,540
"IN",216,490,540
"IN",216,477,541
"IN",216,487,541
"IN",216,489,541
"IN",216,490,541
"IN",216,356,381
"IN",216,352,376
"IN",216,356,378
"IN",216,508,545
"IN",216,347,376
"IN",216,358,379
"IN",216,508,546
"IN",216,508,548
"IN",216,478,534
"IN",216,492,536
"IN",216,478,540
"IN",216,478,542
"IN",216,478,543
"IN",217,95,295
"IN",217,95,112
"IN",217,95,126
"IN",217,99,358
"IN",217,98,358
"IN",217,97,358
"IN",217,97,351
"IN",217,358,376
"IN",217,358,377
"IN",217,358,368
"IN",217,358,367
"IN",217,358,378
"IN",217,358,374
"IN",217,358,369
"IN",217,358,365
"IN",217,358,381
"IN",217,358,380
"IN",217,358,370
"IN",217,98,470
"IN",217,98,445
"IN",217,99,412
"IN",217,94,445
"IN",217,94,429
"IN",217,94,457
"IN",217,94,438
"IN",217,96,445
"IN",217,96,438
"IN",217,95,469
"IN",217,95,445
"IN",217,95,422
"IN",217,95,438
"IN",217,99,508
"IN",217,95,196
"IN",217,95,514
"IN",217,95,516
"IN",217,95,523
"IN",217,99,495
"IN",217,99,496
"IN",217,99,497
"IN",217,99,498
"IN",217,99,499
"IN",217,99,500
"IN",217,99,501
"IN",217,99,502
"IN",217,99,503
"IN",217,99,504
"IN",217,99,505
"IN",217,352,375
"IN",217,338,380
"IN",217,338,372
"IN",217,352,365
"IN",217,358,366
"IN",217,358,382
"IN",217,352,376
"IN",217,350,365
"IN",217,508,547
"IN",217,358,379
"IN",217,508,548
"IN",217,508,549
"IN",217,478,534
"IN",217,492,536
"IN",217,478,540
"IN",217,478,542
"IN",217,478,543
"IN",217,364,365
"IN",218,95,295
"IN",218,95,112
"IN",218,95,126
"IN",218,99,358
"IN",218,98,358
"IN",218,97,358
"IN",218,97,351
"IN",218,358,376
"IN",218,358,377
"IN",218,358,368
"IN",218,358,367
"IN",218,358,378
"IN",218,358,374
"IN",218,358,369
"IN",218,358,365
"IN",218,358,381
"IN",218,358,380
"IN",218,358,370
"IN",218,98,470
"IN",218,98,445
"IN",218,99,412
"IN",218,94,445
"IN",218,94,429
"IN",218,94,457
"IN",218,94,438
"IN",218,96,445
"IN",218,96,438
"IN",218,95,469
"IN",218,95,445
"IN",218,95,422
"IN",218,95,438
"IN",218,99,508
"IN",218,95,196
"IN",218,95,514
"IN",218,95,516
"IN",218,95,523
"IN",218,99,495
"IN",218,99,496
"IN",218,99,497
"IN",218,99,498
"IN",218,99,499
"IN",218,99,500
"IN",218,99,501
"IN",218,99,502
"IN",218,99,503
"IN",218,99,504
"IN",218,99,505
"IN",218,352,375
"IN",218,508,544
"IN",218,352,365
"IN",218,358,366
"IN",218,358,382
"IN",218,477,527
"IN",218,487,527
"IN",218,489,527
"IN",218,490,527
"IN",218,479,528
"IN",218,480,528
"IN",218,488,528
"IN",218,479,529
"IN",218,480,529
"IN",218,488,529
"IN",218,479,532
"IN",218,480,532
"IN",218,488,532
"IN",218,479,533
"IN",218,480,533
"IN",218,488,533
"IN",218,479,535
"IN",218,480,535
"IN",218,488,535
"IN",218,477,540
"IN",218,487,540
"IN",218,489,540
"IN",218,490,540
"IN",218,477,541
"IN",218,487,541
"IN",218,489,541
"IN",218,490,541
"IN",218,352,376
"IN",218,508,547
"IN",218,358,379
"IN",218,508,545
"IN",218,508,546
"IN",218,492,530
"IN",218,478,534
"IN",218,492,536
"IN",218,478,540
"IN",218,478,542
"IN",218,478,543
"IN",219,95,295
"IN",219,95,112
"IN",219,95,126
"IN",219,99,358
"IN",219,98,358
"IN",219,97,358
"IN",219,97,351
"IN",219,358,376
"IN",219,358,377
"IN",219,358,368
"IN",219,358,367
"IN",219,358,378
"IN",219,358,374
"IN",219,358,369
"IN",219,358,365
"IN",219,358,381
"IN",219,358,380
"IN",219,358,370
"IN",219,98,470
"IN",219,98,445
"IN",219,99,412
"IN",219,94,445
"IN",219,94,429
"IN",219,94,457
"IN",219,94,438
"IN",219,96,445
"IN",219,96,438
"IN",219,95,469
"IN",219,95,445
"IN",219,95,422
"IN",219,95,438
"IN",219,99,508
"IN",219,95,196
"IN",219,95,514
"IN",219,95,516
"IN",219,95,523
"IN",219,99,495
"IN",219,99,496
"IN",219,99,497
"IN",219,99,498
"IN",219,99,499
"IN",219,99,500
"IN",219,99,501
"IN",219,99,502
"IN",219,99,503
"IN",219,99,504
"IN",219,99,505
"IN",219,352,375
"IN",219,352,365
"IN",219,358,366
"IN",219,358,382
"IN",219,477,527
"IN",219,487,527
"IN",219,489,527
"IN",219,490,527
"IN",219,479,528
"IN",219,480,528
"IN",219,488,528
"IN",219,479,529
"IN",219,480,529
"IN",219,488,529
"IN",219,479,532
"IN",219,480,532
"IN",219,488,532
"IN",219,479,533
"IN",219,480,533
"IN",219,488,533
"IN",219,479,535
"IN",219,480,535
"IN",219,488,535
"IN",219,477,540
"IN",219,487,540
"IN",219,489,540
"IN",219,490,540
"IN",219,477,541
"IN",219,487,541
"IN",219,489,541
"IN",219,490,541
"IN",219,356,381
"IN",219,352,376
"IN",219,356,378
"IN",219,347,376
"IN",219,358,379
"IN",219,508,545
"IN",219,508,546
"IN",219,508,548
"IN",219,508,549
"IN",219,492,536
"IN",220,95,295
"IN",220,95,112
"IN",220,95,126
"IN",220,99,358
"IN",220,98,358
"IN",220,97,358
"IN",220,97,351
"IN",220,358,376
"IN",220,358,377
"IN",220,358,368
"IN",220,358,367
"IN",220,358,378
"IN",220,358,374
"IN",220,358,369
"IN",220,358,365
"IN",220,358,381
"IN",220,358,380
"IN",220,358,370
"IN",220,98,470
"IN",220,98,445
"IN",220,99,412
"IN",220,94,445
"IN",220,94,429
"IN",220,94,457
"IN",220,94,438
"IN",220,96,445
"IN",220,96,438
"IN",220,95,469
"IN",220,95,445
"IN",220,95,422
"IN",220,95,438
"IN",220,99,508
"IN",220,95,196
"IN",220,95,514
"IN",220,95,516
"IN",220,95,523
"IN",220,99,495
"IN",220,99,496
"IN",220,99,497
"IN",220,99,498
"IN",220,99,499
"IN",220,99,500
"IN",220,99,501
"IN",220,99,502
"IN",220,99,503
"IN",220,99,504
"IN",220,99,505
"IN",220,508,544
"IN",220,358,366
"IN",220,358,382
"IN",220,477,527
"IN",220,484,527
"IN",220,487,527
"IN",220,489,527
"IN",220,490,527
"IN",220,479,528
"IN",220,480,528
"IN",220,488,528
"IN",220,493,528
"IN",220,494,528
"IN",220,479,529
"IN",220,480,529
"IN",220,488,529
"IN",220,493,529
"IN",220,494,529
"IN",220,493,531
"IN",220,494,531
"IN",220,479,532
"IN",220,480,532
"IN",220,488,532
"IN",220,493,532
"IN",220,494,532
"IN",220,479,533
"IN",220,480,533
"IN",220,488,533
"IN",220,493,533
"IN",220,494,533
"IN",220,479,535
"IN",220,480,535
"IN",220,488,535
"IN",220,493,538
"IN",220,494,538
"IN",220,477,540
"IN",220,484,540
"IN",220,487,540
"IN",220,489,540
"IN",220,490,540
"IN",220,477,541
"IN",220,484,541
"IN",220,487,541
"IN",220,489,541
"IN",220,490,541
"IN",220,356,381
"IN",220,356,378
"IN",220,508,550
"IN",220,358,379
"IN",220,492,530
"IN",220,494,530
"IN",220,484,534
"IN",220,484,542
"IN",220,484,543
"IN",220,508,545
"IN",220,478,534
"IN",220,492,536
"IN",220,478,540
"IN",220,478,542
"IN",220,478,543
"IN",221,95,295
"IN",221,95,112
"IN",221,95,126
"IN",221,99,358
"IN",221,98,358
"IN",221,97,358
"IN",221,97,351
"IN",221,358,376
"IN",221,358,377
"IN",221,358,368
"IN",221,358,367
"IN",221,358,378
"IN",221,358,374
"IN",221,358,369
"IN",221,358,365
"IN",221,358,381
"IN",221,358,380
"IN",221,358,370
"IN",221,98,470
"IN",221,98,445
"IN",221,99,412
"IN",221,94,445
"IN",221,94,429
"IN",221,94,457
"IN",221,94,438
"IN",221,96,445
"IN",221,96,438
"IN",221,95,469
"IN",221,95,445
"IN",221,95,422
"IN",221,95,438
"IN",221,99,508
"IN",221,95,196
"IN",221,95,514
"IN",221,95,516
"IN",221,95,523
"IN",221,99,495
"IN",221,99,496
"IN",221,99,497
"IN",221,99,498
"IN",221,99,499
"IN",221,99,500
"IN",221,99,501
"IN",221,99,502
"IN",221,99,503
"IN",221,99,504
"IN",221,99,505
"IN",221,508,544
"IN",221,358,366
"IN",221,358,382
"IN",221,477,527
"IN",221,487,527
"IN",221,489,527
"IN",221,490,527
"IN",221,481,539
"IN",221,477,540
"IN",221,487,540
"IN",221,489,540
"IN",221,490,540
"IN",221,477,541
"IN",221,487,541
"IN",221,489,541
"IN",221,490,541
"IN",221,350,365
"IN",221,508,550
"IN",221,358,379
"IN",221,508,546
"IN",221,508,545
"IN",221,508,548
"IN",221,508,549
"IN",221,360,365
"IN",221,360,376
"IN",222,95,295
"IN",222,95,112
"IN",222,95,126
"IN",222,99,358
"IN",222,98,358
"IN",222,97,358
"IN",222,97,351
"IN",222,358,376
"IN",222,358,377
"IN",222,358,368
"IN",222,358,367
"IN",222,358,378
"IN",222,358,374
"IN",222,358,369
"IN",222,358,365
"IN",222,358,381
"IN",222,358,380
"IN",222,358,370
"IN",222,98,470
"IN",222,98,445
"IN",222,99,412
"IN",222,94,445
"IN",222,94,429
"IN",222,94,457
"IN",222,94,438
"IN",222,96,445
"IN",222,96,438
"IN",222,95,469
"IN",222,95,445
"IN",222,95,422
"IN",222,95,438
"IN",222,99,508
"IN",222,95,196
"IN",222,95,514
"IN",222,95,516
"IN",222,95,523
"IN",222,99,495
"IN",222,99,496
"IN",222,99,497
"IN",222,99,498
"IN",222,99,499
"IN",222,99,500
"IN",222,99,501
"IN",222,99,502
"IN",222,99,503
"IN",222,99,504
"IN",222,99,505
"IN",222,352,375
"IN",222,352,365
"IN",222,358,366
"IN",222,358,382
"IN",222,477,527
"IN",222,487,527
"IN",222,489,527
"IN",222,490,527
"IN",222,477,540
"IN",222,487,540
"IN",222,489,540
"IN",222,490,540
"IN",222,477,541
"IN",222,487,541
"IN",222,489,541
"IN",222,490,541
"IN",222,352,376
"IN",222,491,537
"IN",222,508,545
"IN",222,358,379
"IN",222,508,546
"IN",222,492,530
"IN",222,508,549
"IN",222,478,534
"IN",222,492,536
"IN",222,478,540
"IN",222,478,542
"IN",222,478,543
"IN",222,364,365
"IN",223,95,295
"IN",223,95,112
"IN",223,95,126
"IN",223,99,358
"IN",223,98,358
"IN",223,97,358
"IN",223,97,351
"IN",223,358,376
"IN",223,358,377
"IN",223,358,368
"IN",223,358,367
"IN",223,358,378
"IN",223,358,374
"IN",223,358,369
"IN",223,358,365
"IN",223,358,381
"IN",223,358,380
"IN",223,358,370
"IN",223,98,470
"IN",223,98,445
"IN",223,99,412
"IN",223,94,445
"IN",223,94,429
"IN",223,94,457
"IN",223,94,438
"IN",223,96,445
"IN",223,96,438
"IN",223,95,469
"IN",223,95,445
"IN",223,95,422
"IN",223,95,438
"IN",223,99,508
"IN",223,95,196
"IN",223,95,514
"IN",223,95,516
"IN",223,95,523
"IN",223,99,495
"IN",223,99,496
"IN",223,99,497
"IN",223,99,498
"IN",223,99,499
"IN",223,99,500
"IN",223,99,501
"IN",223,99,502
"IN",223,99,503
"IN",223,99,504
"IN",223,99,505
"IN",223,352,375
"IN",223,352,365
"IN",223,358,366
"IN",223,358,382
"IN",223,477,527
"IN",223,487,527
"IN",223,489,527
"IN",223,490,527
"IN",223,479,528
"IN",223,480,528
"IN",223,488,528
"IN",223,493,528
"IN",223,479,529
"IN",223,480,529
"IN",223,488,529
"IN",223,493,529
"IN",223,493,531
"IN",223,479,532
"IN",223,480,532
"IN",223,488,532
"IN",223,493,532
"IN",223,479,533
"IN",223,480,533
"IN",223,488,533
"IN",223,493,533
"IN",223,479,535
"IN",223,480,535
"IN",223,488,535
"IN",223,493,538
"IN",223,477,540
"IN",223,487,540
"IN",223,489,540
"IN",223,490,540
"IN",223,477,541
"IN",223,487,541
"IN",223,489,541
"IN",223,490,541
"IN",223,356,381
"IN",223,352,376
"IN",223,356,378
"IN",223,350,365
"IN",223,508,550
"IN",223,358,379
"IN",223,508,545
"IN",223,492,530
"IN",223,508,548
"IN",223,478,534
"IN",223,478,540
"IN",223,478,542
"IN",223,478,543
"IN",223,364,365
"IN",224,95,295
"IN",224,95,112
"IN",224,95,126
"IN",224,99,358
"IN",224,98,358
"IN",224,97,358
"IN",224,97,351
"IN",224,358,376
"IN",224,358,377
"IN",224,358,368
"IN",224,358,367
"IN",224,358,378
"IN",224,358,374
"IN",224,358,369
"IN",224,358,365
"IN",224,358,381
"IN",224,358,380
"IN",224,358,370
"IN",224,98,470
"IN",224,98,445
"IN",224,99,412
"IN",224,94,445
"IN",224,94,429
"IN",224,94,457
"IN",224,94,438
"IN",224,96,445
"IN",224,96,438
"IN",224,95,469
"IN",224,95,445
"IN",224,95,422
"IN",224,95,438
"IN",224,99,508
"IN",224,95,196
"IN",224,95,514
"IN",224,95,516
"IN",224,95,523
"IN",224,99,495
"IN",224,99,496
"IN",224,99,497
"IN",224,99,498
"IN",224,99,499
"IN",224,99,500
"IN",224,99,501
"IN",224,99,502
"IN",224,99,503
"IN",224,99,504
"IN",224,99,505
"IN",224,352,375
"IN",224,508,544
"IN",224,352,365
"IN",224,358,366
"IN",224,358,382
"IN",224,477,527
"IN",224,487,527
"IN",224,489,527
"IN",224,490,527
"IN",224,479,528
"IN",224,480,528
"IN",224,488,528
"IN",224,493,528
"IN",224,494,528
"IN",224,479,529
"IN",224,480,529
"IN",224,488,529
"IN",224,493,529
"IN",224,494,529
"IN",224,493,531
"IN",224,494,531
"IN",224,479,532
"IN",224,480,532
"IN",224,488,532
"IN",224,493,532
"IN",224,494,532
"IN",224,479,533
"IN",224,480,533
"IN",224,488,533
"IN",224,493,533
"IN",224,494,533
"IN",224,479,535
"IN",224,480,535
"IN",224,488,535
"IN",224,493,538
"IN",224,494,538
"IN",224,477,540
"IN",224,487,540
"IN",224,489,540
"IN",224,490,540
"IN",224,477,541
"IN",224,487,541
"IN",224,489,541
"IN",224,490,541
"IN",224,352,376
"IN",224,350,365
"IN",224,508,546
"IN",224,358,379
"IN",224,494,530
"IN",224,508,548
"IN",224,508,549
"IN",225,95,295
"IN",225,95,112
"IN",225,95,126
"IN",225,99,358
"IN",225,98,358
"IN",225,97,358
"IN",225,97,351
"IN",225,358,376
"IN",225,358,377
"IN",225,358,368
"IN",225,358,367
"IN",225,358,378
"IN",225,358,374
"IN",225,358,369
"IN",225,358,365
"IN",225,358,381
"IN",225,358,380
"IN",225,358,370
"IN",225,98,470
"IN",225,98,445
"IN",225,99,412
"IN",225,94,445
"IN",225,94,429
"IN",225,94,457
"IN",225,94,438
"IN",225,96,445
"IN",225,96,438
"IN",225,95,469
"IN",225,95,445
"IN",225,95,422
"IN",225,95,438
"IN",225,99,508
"IN",225,95,196
"IN",225,95,514
"IN",225,95,516
"IN",225,95,523
"IN",225,99,495
"IN",225,99,496
"IN",225,99,497
"IN",225,99,498
"IN",225,99,499
"IN",225,99,500
"IN",225,99,501
"IN",225,99,502
"IN",225,99,503
"IN",225,99,504
"IN",225,99,505
"IN",225,338,380
"IN",225,338,372
"IN",225,508,544
"IN",225,358,366
"IN",225,358,382
"IN",225,477,527
"IN",225,487,527
"IN",225,489,527
"IN",225,490,527
"IN",225,477,540
"IN",225,487,540
"IN",225,489,540
"IN",225,490,540
"IN",225,477,541
"IN",225,487,541
"IN",225,489,541
"IN",225,490,541
"IN",225,347,376
"IN",225,358,379
"IN",225,508,548
"IN",225,508,549
"IN",225,360,365
"IN",225,360,376
"IN",226,95,295
"IN",226,95,112
"IN",226,95,126
"IN",226,99,358
"IN",226,98,358
"IN",226,97,358
"IN",226,97,351
"IN",226,358,376
"IN",226,358,377
"IN",226,358,368
"IN",226,358,367
"IN",226,358,378
"IN",226,358,374
"IN",226,358,369
"IN",226,358,365
"IN",226,358,381
"IN",226,358,380
"IN",226,358,370
"IN",226,98,470
"IN",226,98,445
"IN",226,99,412
"IN",226,94,445
"IN",226,94,429
"IN",226,94,457
"IN",226,94,438
"IN",226,96,445
"IN",226,96,438
"IN",226,95,469
"IN",226,95,445
"IN",226,95,422
"IN",226,95,438
"IN",226,99,508
"IN",226,95,196
"IN",226,95,514
"IN",226,95,516
"IN",226,95,523
"IN",226,99,495
"IN",226,99,496
"IN",226,99,497
"IN",226,99,498
"IN",226,99,499
"IN",226,99,500
"IN",226,99,501
"IN",226,99,502
"IN",226,99,503
"IN",226,99,504
"IN",226,99,505
"IN",226,352,375
"IN",226,508,544
"IN",226,352,365
"IN",226,358,366
"IN",226,358,382
"IN",226,477,527
"IN",226,487,527
"IN",226,489,527
"IN",226,490,527
"IN",226,477,540
"IN",226,487,540
"IN",226,489,540
"IN",226,490,540
"IN",226,477,541
"IN",226,487,541
"IN",226,489,541
"IN",226,490,541
"IN",226,352,376
"IN",226,491,537
"IN",226,508,550
"IN",226,358,379
"IN",226,508,545
"IN",226,508,548
"IN",226,508,549
"IN",226,364,365
"IN",227,95,295
"IN",227,95,112
"IN",227,95,126
"IN",227,99,358
"IN",227,98,358
"IN",227,97,358
"IN",227,97,351
"IN",227,358,376
"IN",227,358,377
"IN",227,358,368
"IN",227,358,367
"IN",227,358,378
"IN",227,358,374
"IN",227,358,369
"IN",227,358,365
"IN",227,358,381
"IN",227,358,380
"IN",227,358,370
"IN",227,98,470
"IN",227,98,445
"IN",227,99,412
"IN",227,94,445
"IN",227,94,429
"IN",227,94,457
"IN",227,94,438
"IN",227,96,445
"IN",227,96,438
"IN",227,95,469
"IN",227,95,445
"IN",227,95,422
"IN",227,95,438
"IN",227,99,508
"IN",227,95,196
"IN",227,95,514
"IN",227,95,516
"IN",227,95,523
"IN",227,99,495
"IN",227,99,496
"IN",227,99,497
"IN",227,99,498
"IN",227,99,499
"IN",227,99,500
"IN",227,99,501
"IN",227,99,502
"IN",227,99,503
"IN",227,99,504
"IN",227,99,505
"IN",227,358,366
"IN",227,358,382
"IN",227,477,527
"IN",227,484,527
"IN",227,487,527
"IN",227,489,527
"IN",227,490,527
"IN",227,479,528
"IN",227,480,528
"IN",227,488,528
"IN",227,493,528
"IN",227,494,528
"IN",227,479,529
"IN",227,480,529
"IN",227,488,529
"IN",227,493,529
"IN",227,494,529
"IN",227,493,531
"IN",227,494,531
"IN",227,479,532
"IN",227,480,532
"IN",227,488,532
"IN",227,493,532
"IN",227,494,532
"IN",227,479,533
"IN",227,480,533
"IN",227,488,533
"IN",227,493,533
"IN",227,494,533
"IN",227,479,535
"IN",227,480,535
"IN",227,488,535
"IN",227,493,538
"IN",227,494,538
"IN",227,477,540
"IN",227,484,540
"IN",227,487,540
"IN",227,489,540
"IN",227,490,540
"IN",227,477,541
"IN",227,484,541
"IN",227,487,541
"IN",227,489,541
"IN",227,490,541
"IN",227,356,381
"IN",227,356,378
"IN",227,350,365
"IN",227,508,546
"IN",227,508,547
"IN",227,347,376
"IN",227,358,379
"IN",227,494,530
"IN",227,484,534
"IN",227,484,542
"IN",227,484,543
"IN",227,508,549
"IN",227,478,534
"IN",227,478,540
"IN",227,478,542
"IN",227,478,543
"IN",228,95,295
"IN",228,95,112
"IN",228,95,126
"IN",228,99,358
"IN",228,98,358
"IN",228,97,358
"IN",228,97,351
"IN",228,358,376
"IN",228,358,377
"IN",228,358,368
"IN",228,358,367
"IN",228,358,378
"IN",228,358,374
"IN",228,358,369
"IN",228,358,365
"IN",228,358,381
"IN",228,358,380
"IN",228,358,370
"IN",228,98,470
"IN",228,98,445
"IN",228,99,412
"IN",228,94,445
"IN",228,94,429
"IN",228,94,457
"IN",228,94,438
"IN",228,96,445
"IN",228,96,438
"IN",228,95,469
"IN",228,95,445
"IN",228,95,422
"IN",228,95,438
"IN",228,99,508
"IN",228,95,196
"IN",228,95,514
"IN",228,95,516
"IN",228,95,523
"IN",228,99,495
"IN",228,99,496
"IN",228,99,497
"IN",228,99,498
"IN",228,99,499
"IN",228,99,500
"IN",228,99,501
"IN",228,99,502
"IN",228,99,503
"IN",228,99,504
"IN",228,99,505
"IN",228,352,375
"IN",228,508,544
"IN",228,352,365
"IN",228,358,366
"IN",228,358,382
"IN",228,477,527
"IN",228,487,527
"IN",228,489,527
"IN",228,490,527
"IN",228,479,528
"IN",228,480,528
"IN",228,488,528
"IN",228,493,528
"IN",228,494,528
"IN",228,479,529
"IN",228,480,529
"IN",228,488,529
"IN",228,493,529
"IN",228,494,529
"IN",228,493,531
"IN",228,494,531
"IN",228,479,532
"IN",228,480,532
"IN",228,488,532
"IN",228,493,532
"IN",228,494,532
"IN",228,479,533
"IN",228,480,533
"IN",228,488,533
"IN",228,493,533
"IN",228,494,533
"IN",228,479,535
"IN",228,480,535
"IN",228,488,535
"IN",228,493,538
"IN",228,494,538
"IN",228,477,540
"IN",228,487,540
"IN",228,489,540
"IN",228,490,540
"IN",228,477,541
"IN",228,487,541
"IN",228,489,541
"IN",228,490,541
"IN",228,356,381
"IN",228,352,376
"IN",228,356,378
"IN",228,350,365
"IN",228,508,545
"IN",228,358,379
"IN",228,508,546
"IN",228,508,549
"IN",229,95,295
"IN",229,95,112
"IN",229,95,126
"IN",229,99,358
"IN",229,98,358
"IN",229,97,358
"IN",229,97,351
"IN",229,358,376
"IN",229,358,377
"IN",229,358,368
"IN",229,358,367
"IN",229,358,378
"IN",229,358,374
"IN",229,358,369
"IN",229,358,365
"IN",229,358,381
"IN",229,358,380
"IN",229,358,370
"IN",229,98,470
"IN",229,98,445
"IN",229,99,412
"IN",229,94,445
"IN",229,94,429
"IN",229,94,457
"IN",229,94,438
"IN",229,96,445
"IN",229,96,438
"IN",229,95,469
"IN",229,95,445
"IN",229,95,422
"IN",229,95,438
"IN",229,99,508
"IN",229,95,196
"IN",229,95,514
"IN",229,95,516
"IN",229,95,523
"IN",229,99,495
"IN",229,99,496
"IN",229,99,497
"IN",229,99,498
"IN",229,99,499
"IN",229,99,500
"IN",229,99,501
"IN",229,99,502
"IN",229,99,503
"IN",229,99,504
"IN",229,99,505
"IN",229,352,375
"IN",229,508,544
"IN",229,352,365
"IN",229,358,366
"IN",229,358,382
"IN",229,479,528
"IN",229,480,528
"IN",229,488,528
"IN",229,493,528
"IN",229,494,528
"IN",229,479,529
"IN",229,480,529
"IN",229,488,529
"IN",229,493,529
"IN",229,494,529
"IN",229,493,531
"IN",229,494,531
"IN",229,479,532
"IN",229,480,532
"IN",229,488,532
"IN",229,493,532
"IN",229,494,532
"IN",229,479,533
"IN",229,480,533
"IN",229,488,533
"IN",229,493,533
"IN",229,494,533
"IN",229,479,535
"IN",229,480,535
"IN",229,488,535
"IN",229,493,538
"IN",229,494,538
"IN",229,356,381
"IN",229,352,376
"IN",229,356,378
"IN",229,350,365
"IN",229,508,547
"IN",229,358,379
"IN",229,508,546
"IN",229,508,545
"IN",229,508,548
"IN",229,478,534
"IN",229,478,540
"IN",229,478,542
"IN",229,478,543
"IN",229,364,365
"IN",230,95,295
"IN",230,95,112
"IN",230,95,126
"IN",230,99,358
"IN",230,98,358
"IN",230,97,358
"IN",230,97,351
"IN",230,358,376
"IN",230,358,377
"IN",230,358,368
"IN",230,358,367
"IN",230,358,378
"IN",230,358,374
"IN",230,358,369
"IN",230,358,365
"IN",230,358,381
"IN",230,358,380
"IN",230,358,370
"IN",230,98,470
"IN",230,98,445
"IN",230,99,412
"IN",230,94,445
"IN",230,94,429
"IN",230,94,457
"IN",230,94,438
"IN",230,96,445
"IN",230,96,438
"IN",230,95,469
"IN",230,95,445
"IN",230,95,422
"IN",230,95,438
"IN",230,99,508
"IN",230,95,196
"IN",230,95,514
"IN",230,95,516
"IN",230,95,523
"IN",230,99,495
"IN",230,99,496
"IN",230,99,497
"IN",230,99,498
"IN",230,99,499
"IN",230,99,500
"IN",230,99,501
"IN",230,99,502
"IN",230,99,503
"IN",230,99,504
"IN",230,99,505
"IN",230,508,544
"IN",230,358,366
"IN",230,358,382
"IN",230,479,528
"IN",230,480,528
"IN",230,488,528
"IN",230,493,528
"IN",230,479,529
"IN",230,480,529
"IN",230,488,529
"IN",230,493,529
"IN",230,493,531
"IN",230,479,532
"IN",230,480,532
"IN",230,488,532
"IN",230,493,532
"IN",230,479,533
"IN",230,480,533
"IN",230,488,533
"IN",230,493,533
"IN",230,479,535
"IN",230,480,535
"IN",230,488,535
"IN",230,493,538
"IN",230,481,539
"IN",230,508,545
"IN",230,508,550
"IN",230,358,379
"IN",230,492,530
"IN",230,478,534
"IN",230,492,536
"IN",230,478,540
"IN",230,478,542
"IN",230,478,543
"IN",231,95,295
"IN",231,95,112
"IN",231,95,126
"IN",231,99,358
"IN",231,98,358
"IN",231,97,358
"IN",231,97,351
"IN",231,358,376
"IN",231,358,377
"IN",231,358,368
"IN",231,358,367
"IN",231,358,378
"IN",231,358,374
"IN",231,358,369
"IN",231,358,365
"IN",231,358,381
"IN",231,358,380
"IN",231,358,370
"IN",231,98,470
"IN",231,98,445
"IN",231,99,412
"IN",231,94,445
"IN",231,94,429
"IN",231,94,457
"IN",231,94,438
"IN",231,96,445
"IN",231,96,438
"IN",231,95,469
"IN",231,95,445
"IN",231,95,422
"IN",231,95,438
"IN",231,99,508
"IN",231,95,196
"IN",231,95,514
"IN",231,95,516
"IN",231,95,523
"IN",231,99,495
"IN",231,99,496
"IN",231,99,497
"IN",231,99,498
"IN",231,99,499
"IN",231,99,500
"IN",231,99,501
"IN",231,99,502
"IN",231,99,503
"IN",231,99,504
"IN",231,99,505
"IN",231,508,544
"IN",231,358,366
"IN",231,358,382
"IN",231,479,528
"IN",231,480,528
"IN",231,488,528
"IN",231,493,528
"IN",231,479,529
"IN",231,480,529
"IN",231,488,529
"IN",231,493,529
"IN",231,493,531
"IN",231,479,532
"IN",231,480,532
"IN",231,488,532
"IN",231,493,532
"IN",231,479,533
"IN",231,480,533
"IN",231,488,533
"IN",231,493,533
"IN",231,479,535
"IN",231,480,535
"IN",231,488,535
"IN",231,493,538
"IN",231,356,381
"IN",231,356,378
"IN",231,508,545
"IN",231,508,546
"IN",231,358,379
"IN",231,508,549
"IN",231,360,365
"IN",231,360,376
"IN",232,95,295
"IN",232,95,112
"IN",232,95,126
"IN",232,99,358
"IN",232,98,358
"IN",232,97,358
"IN",232,97,351
"IN",232,358,376
"IN",232,358,377
"IN",232,358,368
"IN",232,358,367
"IN",232,358,378
"IN",232,358,374
"IN",232,358,369
"IN",232,358,365
"IN",232,358,381
"IN",232,358,380
"IN",232,358,370
"IN",232,98,470
"IN",232,98,445
"IN",232,99,412
"IN",232,94,445
"IN",232,94,429
"IN",232,94,457
"IN",232,94,438
"IN",232,96,445
"IN",232,96,438
"IN",232,95,469
"IN",232,95,445
"IN",232,95,422
"IN",232,95,438
"IN",232,99,508
"IN",232,95,196
"IN",232,95,514
"IN",232,95,516
"IN",232,95,523
"IN",232,99,495
"IN",232,99,496
"IN",232,99,497
"IN",232,99,498
"IN",232,99,499
"IN",232,99,500
"IN",232,99,501
"IN",232,99,502
"IN",232,99,503
"IN",232,99,504
"IN",232,99,505
"IN",232,508,544
"IN",232,358,366
"IN",232,358,382
"IN",232,477,527
"IN",232,484,527
"IN",232,487,527
"IN",232,489,527
"IN",232,490,527
"IN",232,479,528
"IN",232,480,528
"IN",232,488,528
"IN",232,479,529
"IN",232,480,529
"IN",232,488,529
"IN",232,479,532
"IN",232,480,532
"IN",232,488,532
"IN",232,479,533
"IN",232,480,533
"IN",232,488,533
"IN",232,477,540
"IN",232,484,540
"IN",232,487,540
"IN",232,489,540
"IN",232,490,540
"IN",232,477,541
"IN",232,484,541
"IN",232,487,541
"IN",232,489,541
"IN",232,490,541
"IN",232,356,381
"IN",232,356,378
"IN",232,350,365
"IN",232,358,379
"IN",232,492,530
"IN",232,484,534
"IN",232,484,542
"IN",232,484,543
"IN",232,508,545
"IN",232,508,549
"IN",232,478,534
"IN",232,492,536
"IN",232,478,540
"IN",232,478,542
"IN",232,478,543
"IN",233,95,295
"IN",233,95,112
"IN",233,95,126
"IN",233,99,358
"IN",233,98,358
"IN",233,97,358
"IN",233,97,351
"IN",233,358,376
"IN",233,358,377
"IN",233,358,368
"IN",233,358,367
"IN",233,358,378
"IN",233,358,374
"IN",233,358,369
"IN",233,358,365
"IN",233,358,381
"IN",233,358,380
"IN",233,358,370
"IN",233,98,470
"IN",233,98,445
"IN",233,99,412
"IN",233,94,445
"IN",233,94,429
"IN",233,94,457
"IN",233,94,438
"IN",233,96,445
"IN",233,96,438
"IN",233,95,469
"IN",233,95,445
"IN",233,95,422
"IN",233,95,438
"IN",233,99,508
"IN",233,95,196
"IN",233,95,514
"IN",233,95,516
"IN",233,95,523
"IN",233,99,495
"IN",233,99,496
"IN",233,99,497
"IN",233,99,498
"IN",233,99,499
"IN",233,99,500
"IN",233,99,501
"IN",233,99,502
"IN",233,99,503
"IN",233,99,504
"IN",233,99,505
"IN",233,338,380
"IN",233,338,372
"IN",233,358,366
"IN",233,358,382
"IN",233,477,527
"IN",233,487,527
"IN",233,489,527
"IN",233,490,527
"IN",233,477,540
"IN",233,487,540
"IN",233,489,540
"IN",233,490,540
"IN",233,477,541
"IN",233,487,541
"IN",233,489,541
"IN",233,490,541
"IN",233,356,381
"IN",233,356,378
"IN",233,508,545
"IN",233,508,547
"IN",233,347,376
"IN",233,358,379
"IN",233,508,548
"IN",233,508,549
"IN",233,478,534
"IN",233,492,536
"IN",233,478,540
"IN",233,478,542
"IN",233,478,543
"IN",234,95,295
"IN",234,95,112
"IN",234,95,126
"IN",234,99,358
"IN",234,98,358
"IN",234,97,358
"IN",234,97,351
"IN",234,358,376
"IN",234,358,377
"IN",234,358,368
"IN",234,358,367
"IN",234,358,378
"IN",234,358,374
"IN",234,358,369
"IN",234,358,365
"IN",234,358,381
"IN",234,358,380
"IN",234,358,370
"IN",234,98,470
"IN",234,98,445
"IN",234,99,412
"IN",234,94,445
"IN",234,94,429
"IN",234,94,457
"IN",234,94,438
"IN",234,96,445
"IN",234,96,438
"IN",234,95,469
"IN",234,95,445
"IN",234,95,422
"IN",234,95,438
"IN",234,99,508
"IN",234,95,196
"IN",234,95,514
"IN",234,95,516
"IN",234,95,523
"IN",234,99,495
"IN",234,99,496
"IN",234,99,497
"IN",234,99,498
"IN",234,99,499
"IN",234,99,500
"IN",234,99,501
"IN",234,99,502
"IN",234,99,503
"IN",234,99,504
"IN",234,99,505
"IN",234,352,375
"IN",234,508,544
"IN",234,352,365
"IN",234,358,366
"IN",234,358,382
"IN",234,477,527
"IN",234,484,527
"IN",234,487,527
"IN",234,489,527
"IN",234,490,527
"IN",234,479,528
"IN",234,480,528
"IN",234,488,528
"IN",234,493,528
"IN",234,479,529
"IN",234,480,529
"IN",234,488,529
"IN",234,493,529
"IN",234,493,531
"IN",234,479,532
"IN",234,480,532
"IN",234,488,532
"IN",234,493,532
"IN",234,479,533
"IN",234,480,533
"IN",234,488,533
"IN",234,493,533
"IN",234,479,535
"IN",234,480,535
"IN",234,488,535
"IN",234,493,538
"IN",234,477,540
"IN",234,484,540
"IN",234,487,540
"IN",234,489,540
"IN",234,490,540
"IN",234,477,541
"IN",234,484,541
"IN",234,487,541
"IN",234,489,541
"IN",234,490,541
"IN",234,356,381
"IN",234,352,376
"IN",234,356,378
"IN",234,358,379
"IN",234,492,530
"IN",234,484,534
"IN",234,484,542
"IN",234,484,543
"IN",234,508,548
"IN",234,478,534
"IN",234,492,536
"IN",234,478,540
"IN",234,478,542
"IN",234,478,543
"IN",235,95,295
"IN",235,95,112
"IN",235,95,126
"IN",235,99,358
"IN",235,98,358
"IN",235,97,358
"IN",235,97,351
"IN",235,358,376
"IN",235,358,377
"IN",235,358,368
"IN",235,358,367
"IN",235,358,378
"IN",235,358,374
"IN",235,358,369
"IN",235,358,365
"IN",235,358,381
"IN",235,358,380
"IN",235,358,370
"IN",235,98,470
"IN",235,98,445
"IN",235,99,412
"IN",235,94,445
"IN",235,94,429
"IN",235,94,457
"IN",235,94,438
"IN",235,96,445
"IN",235,96,438
"IN",235,95,469
"IN",235,95,445
"IN",235,95,422
"IN",235,95,438
"IN",235,99,508
"IN",235,95,196
"IN",235,95,514
"IN",235,95,516
"IN",235,95,523
"IN",235,99,495
"IN",235,99,496
"IN",235,99,497
"IN",235,99,498
"IN",235,99,499
"IN",235,99,500
"IN",235,99,501
"IN",235,99,502
"IN",235,99,503
"IN",235,99,504
"IN",235,99,505
"IN",235,358,366
"IN",235,358,382
"IN",235,477,527
"IN",235,487,527
"IN",235,489,527
"IN",235,490,527
"IN",235,477,540
"IN",235,487,540
"IN",235,489,540
"IN",235,490,540
"IN",235,477,541
"IN",235,487,541
"IN",235,489,541
"IN",235,490,541
"IN",235,350,365
"IN",235,347,376
"IN",235,358,379
"IN",235,492,530
"IN",235,508,545
"IN",235,508,548
"IN",235,508,549
"IN",235,478,534
"IN",235,492,536
"IN",235,478,540
"IN",235,478,542
"IN",235,478,543
"IN",236,95,295
"IN",236,95,112
"IN",236,95,126
"IN",236,99,358
"IN",236,98,358
"IN",236,97,358
"IN",236,97,351
"IN",236,358,376
"IN",236,358,377
"IN",236,358,368
"IN",236,358,367
"IN",236,358,378
"IN",236,358,374
"IN",236,358,369
"IN",236,358,365
"IN",236,358,381
"IN",236,358,380
"IN",236,358,370
"IN",236,98,470
"IN",236,98,445
"IN",236,99,412
"IN",236,94,445
"IN",236,94,429
"IN",236,94,457
"IN",236,94,438
"IN",236,96,445
"IN",236,96,438
"IN",236,95,469
"IN",236,95,445
"IN",236,95,422
"IN",236,95,438
"IN",236,99,508
"IN",236,95,196
"IN",236,95,514
"IN",236,95,516
"IN",236,95,523
"IN",236,99,495
"IN",236,99,496
"IN",236,99,497
"IN",236,99,498
"IN",236,99,499
"IN",236,99,500
"IN",236,99,501
"IN",236,99,502
"IN",236,99,503
"IN",236,99,504
"IN",236,99,505
"IN",236,508,544
"IN",236,358,366
"IN",236,358,382
"IN",236,477,527
"IN",236,484,527
"IN",236,487,527
"IN",236,489,527
"IN",236,490,527
"IN",236,479,528
"IN",236,480,528
"IN",236,488,528
"IN",236,479,529
"IN",236,480,529
"IN",236,488,529
"IN",236,479,532
"IN",236,480,532
"IN",236,488,532
"IN",236,479,533
"IN",236,480,533
"IN",236,488,533
"IN",236,477,540
"IN",236,484,540
"IN",236,487,540
"IN",236,489,540
"IN",236,490,540
"IN",236,477,541
"IN",236,484,541
"IN",236,487,541
"IN",236,489,541
"IN",236,490,541
"IN",236,356,381
"IN",236,356,378
"IN",236,350,365
"IN",236,508,545
"IN",236,508,546
"IN",236,358,379
"IN",236,484,534
"IN",236,484,542
"IN",236,484,543
"IN",236,508,549
"IN",236,478,534
"IN",236,492,536
"IN",236,478,540
"IN",236,478,542
"IN",236,478,543
"IN",237,95,295
"IN",237,95,112
"IN",237,95,126
"IN",237,99,358
"IN",237,98,358
"IN",237,97,358
"IN",237,97,351
"IN",237,358,376
"IN",237,358,377
"IN",237,358,368
"IN",237,358,367
"IN",237,358,378
"IN",237,358,374
"IN",237,358,369
"IN",237,358,365
"IN",237,358,381
"IN",237,358,380
"IN",237,358,370
"IN",237,98,470
"IN",237,98,445
"IN",237,99,412
"IN",237,94,445
"IN",237,94,429
"IN",237,94,457
"IN",237,94,438
"IN",237,96,445
"IN",237,96,438
"IN",237,95,469
"IN",237,95,445
"IN",237,95,422
"IN",237,95,438
"IN",237,99,508
"IN",237,95,196
"IN",237,95,514
"IN",237,95,516
"IN",237,95,523
"IN",237,99,495
"IN",237,99,496
"IN",237,99,497
"IN",237,99,498
"IN",237,99,499
"IN",237,99,500
"IN",237,99,501
"IN",237,99,502
"IN",237,99,503
"IN",237,99,504
"IN",237,99,505
"IN",237,352,375
"IN",237,352,365
"IN",237,358,366
"IN",237,358,382
"IN",237,477,527
"IN",237,484,527
"IN",237,487,527
"IN",237,489,527
"IN",237,490,527
"IN",237,477,540
"IN",237,484,540
"IN",237,487,540
"IN",237,489,540
"IN",237,490,540
"IN",237,477,541
"IN",237,484,541
"IN",237,487,541
"IN",237,489,541
"IN",237,490,541
"IN",237,356,381
"IN",237,352,376
"IN",237,356,378
"IN",237,350,365
"IN",237,508,545
"IN",237,508,547
"IN",237,358,379
"IN",237,484,534
"IN",237,484,542
"IN",237,484,543
"IN",237,508,548
"IN",237,508,549
"IN",237,337,377
"IN",237,478,534
"IN",237,492,536
"IN",237,478,540
"IN",237,478,542
"IN",237,478,543
"IN",237,337,365
"IN",237,364,365
"IN",237,337,369
"IN",237,337,376
"IN",237,337,381
"IN",237,337,378
"IN",237,337,371
"IN",237,360,365
"IN",237,360,376
"IN",238,95,295
"IN",238,95,112
"IN",238,95,126
"IN",238,99,358
"IN",238,98,358
"IN",238,97,358
"IN",238,97,351
"IN",238,358,376
"IN",238,358,377
"IN",238,358,368
"IN",238,358,367
"IN",238,358,378
"IN",238,358,374
"IN",238,358,369
"IN",238,358,365
"IN",238,358,381
"IN",238,358,380
"IN",238,358,370
"IN",238,98,470
"IN",238,98,445
"IN",238,99,412
"IN",238,94,445
"IN",238,94,429
"IN",238,94,457
"IN",238,94,438
"IN",238,96,445
"IN",238,96,438
"IN",238,95,469
"IN",238,95,445
"IN",238,95,422
"IN",238,95,438
"IN",238,99,508
"IN",238,95,196
"IN",238,95,514
"IN",238,95,516
"IN",238,95,523
"IN",238,99,495
"IN",238,99,496
"IN",238,99,497
"IN",238,99,498
"IN",238,99,499
"IN",238,99,500
"IN",238,99,501
"IN",238,99,502
"IN",238,99,503
"IN",238,99,504
"IN",238,99,505
"IN",238,338,380
"IN",238,338,372
"IN",238,358,366
"IN",238,358,382
"IN",238,477,527
"IN",238,487,527
"IN",238,489,527
"IN",238,490,527
"IN",238,479,528
"IN",238,480,528
"IN",238,488,528
"IN",238,493,528
"IN",238,494,528
"IN",238,479,529
"IN",238,480,529
"IN",238,488,529
"IN",238,493,529
"IN",238,494,529
"IN",238,493,531
"IN",238,494,531
"IN",238,479,532
"IN",238,480,532
"IN",238,488,532
"IN",238,493,532
"IN",238,494,532
"IN",238,479,533
"IN",238,480,533
"IN",238,488,533
"IN",238,493,533
"IN",238,494,533
"IN",238,479,535
"IN",238,480,535
"IN",238,488,535
"IN",238,493,538
"IN",238,494,538
"IN",238,477,540
"IN",238,487,540
"IN",238,489,540
"IN",238,490,540
"IN",238,477,541
"IN",238,487,541
"IN",238,489,541
"IN",238,490,541
"IN",238,350,365
"IN",238,508,545
"IN",238,508,550
"IN",238,358,379
"IN",238,508,548
"IN",238,508,549
"IN",238,478,534
"IN",238,478,540
"IN",238,478,542
"IN",238,478,543
"IN",239,95,295
"IN",239,95,112
"IN",239,95,126
"IN",239,99,358
"IN",239,98,358
"IN",239,97,358
"IN",239,97,351
"IN",239,358,376
"IN",239,358,377
"IN",239,358,368
"IN",239,358,367
"IN",239,358,378
"IN",239,358,374
"IN",239,358,369
"IN",239,358,365
"IN",239,358,381
"IN",239,358,380
"IN",239,358,370
"IN",239,98,470
"IN",239,98,445
"IN",239,99,412
"IN",239,94,445
"IN",239,94,429
"IN",239,94,457
"IN",239,94,438
"IN",239,96,445
"IN",239,96,438
"IN",239,95,469
"IN",239,95,445
"IN",239,95,422
"IN",239,95,438
"IN",239,99,508
"IN",239,95,196
"IN",239,95,514
"IN",239,95,516
"IN",239,95,523
"IN",239,99,495
"IN",239,99,496
"IN",239,99,497
"IN",239,99,498
"IN",239,99,499
"IN",239,99,500
"IN",239,99,501
"IN",239,99,502
"IN",239,99,503
"IN",239,99,504
"IN",239,99,505
"IN",239,352,375
"IN",239,508,544
"IN",239,352,365
"IN",239,358,366
"IN",239,358,382
"IN",239,477,527
"IN",239,487,527
"IN",239,489,527
"IN",239,490,527
"IN",239,479,528
"IN",239,480,528
"IN",239,488,528
"IN",239,493,528
"IN",239,494,528
"IN",239,479,529
"IN",239,480,529
"IN",239,488,529
"IN",239,493,529
"IN",239,494,529
"IN",239,493,531
"IN",239,494,531
"IN",239,479,532
"IN",239,480,532
"IN",239,488,532
"IN",239,493,532
"IN",239,494,532
"IN",239,479,533
"IN",239,480,533
"IN",239,488,533
"IN",239,493,533
"IN",239,494,533
"IN",239,479,535
"IN",239,480,535
"IN",239,488,535
"IN",239,493,538
"IN",239,494,538
"IN",239,477,540
"IN",239,487,540
"IN",239,489,540
"IN",239,490,540
"IN",239,477,541
"IN",239,487,541
"IN",239,489,541
"IN",239,490,541
"IN",239,356,381
"IN",239,352,376
"IN",239,356,378
"IN",239,508,545
"IN",239,358,379
"IN",239,508,549
"IN",240,95,295
"IN",240,95,112
"IN",240,95,126
"IN",240,99,358
"IN",240,98,358
"IN",240,97,358
"IN",240,97,351
"IN",240,358,376
"IN",240,358,377
"IN",240,358,368
"IN",240,358,367
"IN",240,358,378
"IN",240,358,374
"IN",240,358,369
"IN",240,358,365
"IN",240,358,381
"IN",240,358,380
"IN",240,358,370
"IN",240,98,470
"IN",240,98,445
"IN",240,99,412
"IN",240,94,445
"IN",240,94,429
"IN",240,94,457
"IN",240,94,438
"IN",240,96,445
"IN",240,96,438
"IN",240,95,469
"IN",240,95,445
"IN",240,95,422
"IN",240,95,438
"IN",240,99,508
"IN",240,95,196
"IN",240,95,514
"IN",240,95,516
"IN",240,95,523
"IN",240,99,495
"IN",240,99,496
"IN",240,99,497
"IN",240,99,498
"IN",240,99,499
"IN",240,99,500
"IN",240,99,501
"IN",240,99,502
"IN",240,99,503
"IN",240,99,504
"IN",240,99,505
"IN",240,508,544
"IN",240,358,366
"IN",240,358,382
"IN",240,477,527
"IN",240,487,527
"IN",240,489,527
"IN",240,490,527
"IN",240,477,540
"IN",240,487,540
"IN",240,489,540
"IN",240,490,540
"IN",240,477,541
"IN",240,487,541
"IN",240,489,541
"IN",240,490,541
"IN",240,491,537
"IN",240,358,379
"IN",240,508,545
"IN",240,508,549
"IN",240,478,534
"IN",240,478,540
"IN",240,478,542
"IN",240,478,543
"IN",241,95,295
"IN",241,95,112
"IN",241,95,126
"IN",241,99,358
"IN",241,98,358
"IN",241,97,358
"IN",241,97,351
"IN",241,358,376
"IN",241,358,377
"IN",241,358,368
"IN",241,358,367
"IN",241,358,378
"IN",241,358,374
"IN",241,358,369
"IN",241,358,365
"IN",241,358,381
"IN",241,358,380
"IN",241,358,370
"IN",241,98,470
"IN",241,98,445
"IN",241,99,412
"IN",241,94,445
"IN",241,94,429
"IN",241,94,457
"IN",241,94,438
"IN",241,96,445
"IN",241,96,438
"IN",241,95,469
"IN",241,95,445
"IN",241,95,422
"IN",241,95,438
"IN",241,99,508
"IN",241,95,196
"IN",241,95,514
"IN",241,95,516
"IN",241,95,523
"IN",241,99,495
"IN",241,99,496
"IN",241,99,497
"IN",241,99,498
"IN",241,99,499
"IN",241,99,500
"IN",241,99,501
"IN",241,99,502
"IN",241,99,503
"IN",241,99,504
"IN",241,99,505
"IN",241,338,380
"IN",241,338,372
"IN",241,508,544
"IN",241,358,366
"IN",241,358,382
"IN",241,477,527
"IN",241,487,527
"IN",241,489,527
"IN",241,490,527
"IN",241,479,528
"IN",241,480,528
"IN",241,488,528
"IN",241,493,528
"IN",241,494,528
"IN",241,479,529
"IN",241,480,529
"IN",241,488,529
"IN",241,493,529
"IN",241,494,529
"IN",241,493,531
"IN",241,494,531
"IN",241,479,532
"IN",241,480,532
"IN",241,488,532
"IN",241,493,532
"IN",241,494,532
"IN",241,479,533
"IN",241,480,533
"IN",241,488,533
"IN",241,493,533
"IN",241,494,533
"IN",241,479,535
"IN",241,480,535
"IN",241,488,535
"IN",241,493,538
"IN",241,494,538
"IN",241,477,540
"IN",241,487,540
"IN",241,489,540
"IN",241,490,540
"IN",241,477,541
"IN",241,487,541
"IN",241,489,541
"IN",241,490,541
"IN",241,356,381
"IN",241,356,378
"IN",241,347,376
"IN",241,358,379
"IN",241,508,545
"IN",241,508,549
"IN",242,95,295
"IN",242,95,112
"IN",242,95,126
"IN",242,99,358
"IN",242,98,358
"IN",242,97,358
"IN",242,97,351
"IN",242,358,376
"IN",242,358,377
"IN",242,358,368
"IN",242,358,367
"IN",242,358,378
"IN",242,358,374
"IN",242,358,369
"IN",242,358,365
"IN",242,358,381
"IN",242,358,380
"IN",242,358,370
"IN",242,98,470
"IN",242,98,445
"IN",242,99,412
"IN",242,94,445
"IN",242,94,429
"IN",242,94,457
"IN",242,94,438
"IN",242,96,445
"IN",242,96,438
"IN",242,95,469
"IN",242,95,445
"IN",242,95,422
"IN",242,95,438
"IN",242,99,508
"IN",242,95,196
"IN",242,95,514
"IN",242,95,516
"IN",242,95,523
"IN",242,99,495
"IN",242,99,496
"IN",242,99,497
"IN",242,99,498
"IN",242,99,499
"IN",242,99,500
"IN",242,99,501
"IN",242,99,502
"IN",242,99,503
"IN",242,99,504
"IN",242,99,505
"IN",242,352,375
"IN",242,508,544
"IN",242,352,365
"IN",242,358,366
"IN",242,358,382
"IN",242,479,528
"IN",242,480,528
"IN",242,488,528
"IN",242,479,529
"IN",242,480,529
"IN",242,488,529
"IN",242,479,532
"IN",242,480,532
"IN",242,488,532
"IN",242,479,533
"IN",242,480,533
"IN",242,488,533
"IN",242,352,376
"IN",242,508,546
"IN",242,358,379
"IN",242,508,545
"IN",242,508,548
"IN",242,478,534
"IN",242,478,540
"IN",242,478,542
"IN",242,478,543
"IN",243,95,295
"IN",243,95,112
"IN",243,95,126
"IN",243,99,358
"IN",243,98,358
"IN",243,97,358
"IN",243,97,351
"IN",243,358,376
"IN",243,358,377
"IN",243,358,368
"IN",243,358,367
"IN",243,358,378
"IN",243,358,374
"IN",243,358,369
"IN",243,358,365
"IN",243,358,381
"IN",243,358,380
"IN",243,358,370
"IN",243,98,470
"IN",243,98,445
"IN",243,99,412
"IN",243,94,445
"IN",243,94,429
"IN",243,94,457
"IN",243,94,438
"IN",243,96,445
"IN",243,96,438
"IN",243,95,469
"IN",243,95,445
"IN",243,95,422
"IN",243,95,438
"IN",243,99,508
"IN",243,95,196
"IN",243,95,514
"IN",243,95,516
"IN",243,95,523
"IN",243,99,495
"IN",243,99,496
"IN",243,99,497
"IN",243,99,498
"IN",243,99,499
"IN",243,99,500
"IN",243,99,501
"IN",243,99,502
"IN",243,99,503
"IN",243,99,504
"IN",243,99,505
"IN",243,352,375
"IN",243,508,544
"IN",243,352,365
"IN",243,358,366
"IN",243,358,382
"IN",243,477,527
"IN",243,487,527
"IN",243,489,527
"IN",243,490,527
"IN",243,479,528
"IN",243,480,528
"IN",243,488,528
"IN",243,479,529
"IN",243,480,529
"IN",243,488,529
"IN",243,479,532
"IN",243,480,532
"IN",243,488,532
"IN",243,479,533
"IN",243,480,533
"IN",243,488,533
"IN",243,479,535
"IN",243,480,535
"IN",243,488,535
"IN",243,481,539
"IN",243,477,540
"IN",243,487,540
"IN",243,489,540
"IN",243,490,540
"IN",243,477,541
"IN",243,487,541
"IN",243,489,541
"IN",243,490,541
"IN",243,356,381
"IN",243,352,376
"IN",243,356,378
"IN",243,350,365
"IN",243,358,379
"IN",243,508,546
"IN",243,508,545
"IN",243,337,377
"IN",243,478,534
"IN",243,478,540
"IN",243,478,542
"IN",243,478,543
"IN",243,337,365
"IN",243,337,369
"IN",243,337,376
"IN",243,337,381
"IN",243,337,378
"IN",243,337,371
"IN",243,360,365
"IN",243,360,376
"IN",244,95,295
"IN",244,95,112
"IN",244,95,126
"IN",244,99,358
"IN",244,98,358
"IN",244,97,358
"IN",244,97,351
"IN",244,358,376
"IN",244,358,377
"IN",244,358,368
"IN",244,358,367
"IN",244,358,378
"IN",244,358,374
"IN",244,358,369
"IN",244,358,365
"IN",244,358,381
"IN",244,358,380
"IN",244,358,370
"IN",244,98,470
"IN",244,98,445
"IN",244,99,412
"IN",244,94,445
"IN",244,94,429
"IN",244,94,457
"IN",244,94,438
"IN",244,96,445
"IN",244,96,438
"IN",244,95,469
"IN",244,95,445
"IN",244,95,422
"IN",244,95,438
"IN",244,99,508
"IN",244,95,196
"IN",244,95,514
"IN",244,95,516
"IN",244,95,523
"IN",244,99,495
"IN",244,99,496
"IN",244,99,497
"IN",244,99,498
"IN",244,99,499
"IN",244,99,500
"IN",244,99,501
"IN",244,99,502
"IN",244,99,503
"IN",244,99,504
"IN",244,99,505
"IN",244,358,366
"IN",244,358,382
"IN",244,477,527
"IN",244,487,527
"IN",244,489,527
"IN",244,490,527
"IN",244,477,540
"IN",244,487,540
"IN",244,489,540
"IN",244,490,540
"IN",244,477,541
"IN",244,487,541
"IN",244,489,541
"IN",244,490,541
"IN",244,508,545
"IN",244,508,550
"IN",244,358,379
"IN",244,508,548
"IN",244,508,549
"IN",245,95,295
"IN",245,95,112
"IN",245,95,126
"IN",245,99,358
"IN",245,98,358
"IN",245,97,358
"IN",245,97,351
"IN",245,358,376
"IN",245,358,377
"IN",245,358,368
"IN",245,358,367
"IN",245,358,378
"IN",245,358,374
"IN",245,358,369
"IN",245,358,365
"IN",245,358,381
"IN",245,358,380
"IN",245,358,370
"IN",245,98,470
"IN",245,98,445
"IN",245,99,412
"IN",245,94,445
"IN",245,94,429
"IN",245,94,457
"IN",245,94,438
"IN",245,96,445
"IN",245,96,438
"IN",245,95,469
"IN",245,95,445
"IN",245,95,422
"IN",245,95,438
"IN",245,99,508
"IN",245,95,196
"IN",245,95,514
"IN",245,95,516
"IN",245,95,523
"IN",245,99,495
"IN",245,99,496
"IN",245,99,497
"IN",245,99,498
"IN",245,99,499
"IN",245,99,500
"IN",245,99,501
"IN",245,99,502
"IN",245,99,503
"IN",245,99,504
"IN",245,99,505
"IN",245,358,366
"IN",245,358,382
"IN",245,477,527
"IN",245,487,527
"IN",245,489,527
"IN",245,490,527
"IN",245,479,528
"IN",245,480,528
"IN",245,488,528
"IN",245,493,528
"IN",245,479,529
"IN",245,480,529
"IN",245,488,529
"IN",245,493,529
"IN",245,493,531
"IN",245,479,532
"IN",245,480,532
"IN",245,488,532
"IN",245,493,532
"IN",245,479,533
"IN",245,480,533
"IN",245,488,533
"IN",245,493,533
"IN",245,493,538
"IN",245,477,540
"IN",245,487,540
"IN",245,489,540
"IN",245,490,540
"IN",245,477,541
"IN",245,487,541
"IN",245,489,541
"IN",245,490,541
"IN",245,358,379
"IN",245,508,546
"IN",245,508,549
"IN",245,364,365
"IN",246,95,295
"IN",246,95,112
"IN",246,95,126
"IN",246,99,358
"IN",246,98,358
"IN",246,97,358
"IN",246,97,351
"IN",246,358,376
"IN",246,358,377
"IN",246,358,368
"IN",246,358,367
"IN",246,358,378
"IN",246,358,374
"IN",246,358,369
"IN",246,358,365
"IN",246,358,381
"IN",246,358,380
"IN",246,358,370
"IN",246,98,470
"IN",246,98,445
"IN",246,99,412
"IN",246,94,445
"IN",246,94,429
"IN",246,94,457
"IN",246,94,438
"IN",246,96,445
"IN",246,96,438
"IN",246,95,469
"IN",246,95,445
"IN",246,95,422
"IN",246,95,438
"IN",246,99,508
"IN",246,95,196
"IN",246,95,514
"IN",246,95,516
"IN",246,95,523
"IN",246,99,495
"IN",246,99,496
"IN",246,99,497
"IN",246,99,498
"IN",246,99,499
"IN",246,99,500
"IN",246,99,501
"IN",246,99,502
"IN",246,99,503
"IN",246,99,504
"IN",246,99,505
"IN",246,358,366
"IN",246,358,382
"IN",246,479,528
"IN",246,480,528
"IN",246,488,528
"IN",246,479,529
"IN",246,480,529
"IN",246,488,529
"IN",246,479,532
"IN",246,480,532
"IN",246,488,532
"IN",246,479,533
"IN",246,480,533
"IN",246,488,533
"IN",246,479,535
"IN",246,480,535
"IN",246,488,535
"IN",246,358,379
"IN",246,508,548
"IN",246,508,549
"IN",246,337,377
"IN",246,478,534
"IN",246,492,536
"IN",246,478,540
"IN",246,478,542
"IN",246,478,543
"IN",246,337,365
"IN",246,337,369
"IN",246,337,376
"IN",246,337,381
"IN",246,337,378
"IN",246,337,371
"IN",246,360,365
"IN",246,360,376
"IN",247,95,295
"IN",247,95,112
"IN",247,95,126
"IN",247,99,358
"IN",247,98,358
"IN",247,97,358
"IN",247,97,351
"IN",247,358,376
"IN",247,358,377
"IN",247,358,368
"IN",247,358,367
"IN",247,358,378
"IN",247,358,374
"IN",247,358,369
"IN",247,358,365
"IN",247,358,381
"IN",247,358,380
"IN",247,358,370
"IN",247,98,470
"IN",247,98,445
"IN",247,99,412
"IN",247,94,445
"IN",247,94,429
"IN",247,94,457
"IN",247,94,438
"IN",247,96,445
"IN",247,96,438
"IN",247,95,469
"IN",247,95,445
"IN",247,95,422
"IN",247,95,438
"IN",247,99,508
"IN",247,95,196
"IN",247,95,514
"IN",247,95,516
"IN",247,95,523
"IN",247,99,495
"IN",247,99,496
"IN",247,99,497
"IN",247,99,498
"IN",247,99,499
"IN",247,99,500
"IN",247,99,501
"IN",247,99,502
"IN",247,99,503
"IN",247,99,504
"IN",247,99,505
"IN",247,508,544
"IN",247,358,366
"IN",247,358,382
"IN",247,479,528
"IN",247,480,528
"IN",247,488,528
"IN",247,493,528
"IN",247,479,529
"IN",247,480,529
"IN",247,488,529
"IN",247,493,529
"IN",247,493,531
"IN",247,479,532
"IN",247,480,532
"IN",247,488,532
"IN",247,493,532
"IN",247,479,533
"IN",247,480,533
"IN",247,488,533
"IN",247,493,533
"IN",247,479,535
"IN",247,480,535
"IN",247,488,535
"IN",247,493,538
"IN",247,356,381
"IN",247,356,378
"IN",247,350,365
"IN",247,491,537
"IN",247,493,537
"IN",247,358,379
"IN",247,508,548
"IN",248,95,295
"IN",248,95,112
"IN",248,95,126
"IN",248,99,358
"IN",248,98,358
"IN",248,97,358
"IN",248,97,351
"IN",248,358,376
"IN",248,358,377
"IN",248,358,368
"IN",248,358,367
"IN",248,358,378
"IN",248,358,374
"IN",248,358,369
"IN",248,358,365
"IN",248,358,381
"IN",248,358,380
"IN",248,358,370
"IN",248,98,470
"IN",248,98,445
"IN",248,99,412
"IN",248,94,445
"IN",248,94,429
"IN",248,94,457
"IN",248,94,438
"IN",248,96,445
"IN",248,96,438
"IN",248,95,469
"IN",248,95,445
"IN",248,95,422
"IN",248,95,438
"IN",248,99,508
"IN",248,95,196
"IN",248,95,514
"IN",248,95,516
"IN",248,95,523
"IN",248,99,495
"IN",248,99,496
"IN",248,99,497
"IN",248,99,498
"IN",248,99,499
"IN",248,99,500
"IN",248,99,501
"IN",248,99,502
"IN",248,99,503
"IN",248,99,504
"IN",248,99,505
"IN",248,508,544
"IN",248,358,366
"IN",248,358,382
"IN",248,477,527
"IN",248,484,527
"IN",248,487,527
"IN",248,489,527
"IN",248,490,527
"IN",248,479,528
"IN",248,480,528
"IN",248,488,528
"IN",248,479,529
"IN",248,480,529
"IN",248,488,529
"IN",248,479,532
"IN",248,480,532
"IN",248,488,532
"IN",248,479,533
"IN",248,480,533
"IN",248,488,533
"IN",248,479,535
"IN",248,480,535
"IN",248,488,535
"IN",248,477,540
"IN",248,484,540
"IN",248,487,540
"IN",248,489,540
"IN",248,490,540
"IN",248,477,541
"IN",248,484,541
"IN",248,487,541
"IN",248,489,541
"IN",248,490,541
"IN",248,350,365
"IN",248,491,537
"IN",248,508,546
"IN",248,358,379
"IN",248,484,534
"IN",248,484,542
"IN",248,484,543
"IN",248,508,545
"IN",248,508,548
"IN",248,508,549
"IN",248,337,377
"IN",248,478,534
"IN",248,478,540
"IN",248,478,542
"IN",248,478,543
"IN",248,337,365
"IN",248,337,369
"IN",248,337,376
"IN",248,337,381
"IN",248,337,378
"IN",248,360,365
"IN",248,360,376
"IN",249,95,295
"IN",249,95,112
"IN",249,95,126
"IN",249,99,358
"IN",249,98,358
"IN",249,97,358
"IN",249,97,351
"IN",249,358,376
"IN",249,358,377
"IN",249,358,368
"IN",249,358,367
"IN",249,358,378
"IN",249,358,374
"IN",249,358,369
"IN",249,358,365
"IN",249,358,381
"IN",249,358,380
"IN",249,358,370
"IN",249,98,470
"IN",249,98,445
"IN",249,99,412
"IN",249,94,445
"IN",249,94,429
"IN",249,94,457
"IN",249,94,438
"IN",249,96,445
"IN",249,96,438
"IN",249,95,469
"IN",249,95,445
"IN",249,95,422
"IN",249,95,438
"IN",249,99,508
"IN",249,95,196
"IN",249,95,514
"IN",249,95,516
"IN",249,95,523
"IN",249,99,495
"IN",249,99,496
"IN",249,99,497
"IN",249,99,498
"IN",249,99,499
"IN",249,99,500
"IN",249,99,501
"IN",249,99,502
"IN",249,99,503
"IN",249,99,504
"IN",249,99,505
"IN",249,508,544
"IN",249,358,366
"IN",249,358,382
"IN",249,479,528
"IN",249,480,528
"IN",249,488,528
"IN",249,493,528
"IN",249,494,528
"IN",249,479,529
"IN",249,480,529
"IN",249,488,529
"IN",249,493,529
"IN",249,494,529
"IN",249,493,531
"IN",249,494,531
"IN",249,479,532
"IN",249,480,532
"IN",249,488,532
"IN",249,493,532
"IN",249,494,532
"IN",249,479,533
"IN",249,480,533
"IN",249,488,533
"IN",249,493,533
"IN",249,494,533
"IN",249,493,538
"IN",249,494,538
"IN",249,508,546
"IN",249,347,376
"IN",249,358,379
"IN",249,508,548
"IN",249,508,549
"IN",249,478,534
"IN",249,478,540
"IN",249,478,542
"IN",249,478,543
"IN",250,95,295
"IN",250,95,112
"IN",250,95,126
"IN",250,99,358
"IN",250,98,358
"IN",250,97,358
"IN",250,97,351
"IN",250,358,376
"IN",250,358,377
"IN",250,358,368
"IN",250,358,367
"IN",250,358,378
"IN",250,358,374
"IN",250,358,369
"IN",250,358,365
"IN",250,358,381
"IN",250,358,380
"IN",250,358,370
"IN",250,98,470
"IN",250,98,445
"IN",250,99,412
"IN",250,94,445
"IN",250,94,429
"IN",250,94,457
"IN",250,94,438
"IN",250,96,445
"IN",250,96,438
"IN",250,95,469
"IN",250,95,445
"IN",250,95,422
"IN",250,95,438
"IN",250,99,508
"IN",250,95,196
"IN",250,95,514
"IN",250,95,516
"IN",250,95,523
"IN",250,99,495
"IN",250,99,496
"IN",250,99,497
"IN",250,99,498
"IN",250,99,499
"IN",250,99,500
"IN",250,99,501
"IN",250,99,502
"IN",250,99,503
"IN",250,99,504
"IN",250,99,505
"IN",250,508,544
"IN",250,358,366
"IN",250,358,382
"IN",250,356,381
"IN",250,356,378
"IN",250,358,379
"IN",250,508,546
"IN",250,508,548
"IN",251,95,295
"IN",251,95,112
"IN",251,95,126
"IN",251,99,358
"IN",251,98,358
"IN",251,97,358
"IN",251,97,351
"IN",251,358,376
"IN",251,358,377
"IN",251,358,368
"IN",251,358,367
"IN",251,358,378
"IN",251,358,374
"IN",251,358,369
"IN",251,358,365
"IN",251,358,381
"IN",251,358,380
"IN",251,358,370
"IN",251,98,470
"IN",251,98,445
"IN",251,99,412
"IN",251,94,445
"IN",251,94,429
"IN",251,94,457
"IN",251,94,438
"IN",251,96,445
"IN",251,96,438
"IN",251,95,469
"IN",251,95,445
"IN",251,95,422
"IN",251,95,438
"IN",251,99,508
"IN",251,95,196
"IN",251,95,514
"IN",251,95,516
"IN",251,95,523
"IN",251,99,495
"IN",251,99,496
"IN",251,99,497
"IN",251,99,498
"IN",251,99,499
"IN",251,99,500
"IN",251,99,501
"IN",251,99,502
"IN",251,99,503
"IN",251,99,504
"IN",251,99,505
"IN",251,352,375
"IN",251,508,544
"IN",251,352,365
"IN",251,358,366
"IN",251,358,382
"IN",251,477,527
"IN",251,487,527
"IN",251,489,527
"IN",251,490,527
"IN",251,479,528
"IN",251,480,528
"IN",251,488,528
"IN",251,493,528
"IN",251,494,528
"IN",251,479,529
"IN",251,480,529
"IN",251,488,529
"IN",251,493,529
"IN",251,494,529
"IN",251,493,531
"IN",251,494,531
"IN",251,479,532
"IN",251,480,532
"IN",251,488,532
"IN",251,493,532
"IN",251,494,532
"IN",251,479,533
"IN",251,480,533
"IN",251,488,533
"IN",251,493,533
"IN",251,494,533
"IN",251,479,535
"IN",251,480,535
"IN",251,488,535
"IN",251,493,538
"IN",251,494,538
"IN",251,477,540
"IN",251,487,540
"IN",251,489,540
"IN",251,490,540
"IN",251,477,541
"IN",251,487,541
"IN",251,489,541
"IN",251,490,541
"IN",251,352,376
"IN",251,508,545
"IN",251,508,550
"IN",251,358,379
"IN",251,508,548
"IN",251,364,365
"IN",252,95,295
"IN",252,95,112
"IN",252,95,126
"IN",252,99,358
"IN",252,98,358
"IN",252,97,358
"IN",252,97,351
"IN",252,358,376
"IN",252,358,377
"IN",252,358,368
"IN",252,358,367
"IN",252,358,378
"IN",252,358,374
"IN",252,358,369
"IN",252,358,365
"IN",252,358,381
"IN",252,358,380
"IN",252,358,370
"IN",252,98,470
"IN",252,98,445
"IN",252,99,412
"IN",252,94,445
"IN",252,94,429
"IN",252,94,457
"IN",252,94,438
"IN",252,96,445
"IN",252,96,438
"IN",252,95,469
"IN",252,95,445
"IN",252,95,422
"IN",252,95,438
"IN",252,99,508
"IN",252,95,196
"IN",252,95,514
"IN",252,95,516
"IN",252,95,523
"IN",252,99,495
"IN",252,99,496
"IN",252,99,497
"IN",252,99,498
"IN",252,99,499
"IN",252,99,500
"IN",252,99,501
"IN",252,99,502
"IN",252,99,503
"IN",252,99,504
"IN",252,99,505
"IN",252,352,375
"IN",252,508,544
"IN",252,352,365
"IN",252,358,366
"IN",252,358,382
"IN",252,479,528
"IN",252,480,528
"IN",252,488,528
"IN",252,479,529
"IN",252,480,529
"IN",252,488,529
"IN",252,479,532
"IN",252,480,532
"IN",252,488,532
"IN",252,479,533
"IN",252,480,533
"IN",252,488,533
"IN",252,479,535
"IN",252,480,535
"IN",252,488,535
"IN",252,352,376
"IN",252,350,365
"IN",252,491,537
"IN",252,508,550
"IN",252,358,379
"IN",252,508,546
"IN",252,508,548
"IN",253,95,295
"IN",253,95,112
"IN",253,95,126
"IN",253,99,358
"IN",253,98,358
"IN",253,97,358
"IN",253,97,351
"IN",253,358,376
"IN",253,358,377
"IN",253,358,368
"IN",253,358,367
"IN",253,358,378
"IN",253,358,374
"IN",253,358,369
"IN",253,358,365
"IN",253,358,381
"IN",253,358,380
"IN",253,358,370
"IN",253,98,470
"IN",253,98,445
"IN",253,99,412
"IN",253,94,445
"IN",253,94,429
"IN",253,94,457
"IN",253,94,438
"IN",253,96,445
"IN",253,96,438
"IN",253,95,469
"IN",253,95,445
"IN",253,95,422
"IN",253,95,438
"IN",253,99,508
"IN",253,95,196
"IN",253,95,514
"IN",253,95,516
"IN",253,95,523
"IN",253,99,495
"IN",253,99,496
"IN",253,99,497
"IN",253,99,498
"IN",253,99,499
"IN",253,99,500
"IN",253,99,501
"IN",253,99,502
"IN",253,99,503
"IN",253,99,504
"IN",253,99,505
"IN",253,358,366
"IN",253,358,382
"IN",253,477,527
"IN",253,487,527
"IN",253,489,527
"IN",253,490,527
"IN",253,479,528
"IN",253,480,528
"IN",253,488,528
"IN",253,479,529
"IN",253,480,529
"IN",253,488,529
"IN",253,479,532
"IN",253,480,532
"IN",253,488,532
"IN",253,479,533
"IN",253,480,533
"IN",253,488,533
"IN",253,479,535
"IN",253,480,535
"IN",253,488,535
"IN",253,477,540
"IN",253,487,540
"IN",253,489,540
"IN",253,490,540
"IN",253,477,541
"IN",253,487,541
"IN",253,489,541
"IN",253,490,541
"IN",253,350,365
"IN",253,491,537
"IN",253,358,379
"IN",253,492,530
"IN",253,508,549
"IN",253,478,534
"IN",253,492,536
"IN",253,478,540
"IN",253,478,542
"IN",253,478,543
"IN",253,360,365
"IN",253,360,376
"IN",254,95,295
"IN",254,95,112
"IN",254,95,126
"IN",254,99,358
"IN",254,98,358
"IN",254,97,358
"IN",254,97,351
"IN",254,358,376
"IN",254,358,377
"IN",254,358,368
"IN",254,358,367
"IN",254,358,378
"IN",254,358,374
"IN",254,358,369
"IN",254,358,365
"IN",254,358,381
"IN",254,358,380
"IN",254,358,370
"IN",254,98,470
"IN",254,98,445
"IN",254,99,412
"IN",254,94,445
"IN",254,94,429
"IN",254,94,457
"IN",254,94,438
"IN",254,96,445
"IN",254,96,438
"IN",254,95,469
"IN",254,95,445
"IN",254,95,422
"IN",254,95,438
"IN",254,99,508
"IN",254,95,196
"IN",254,95,514
"IN",254,95,516
"IN",254,95,523
"IN",254,99,495
"IN",254,99,496
"IN",254,99,497
"IN",254,99,498
"IN",254,99,499
"IN",254,99,500
"IN",254,99,501
"IN",254,99,502
"IN",254,99,503
"IN",254,99,504
"IN",254,99,505
"IN",254,508,544
"IN",254,358,366
"IN",254,358,382
"IN",254,477,527
"IN",254,487,527
"IN",254,489,527
"IN",254,490,527
"IN",254,479,528
"IN",254,480,528
"IN",254,488,528
"IN",254,479,529
"IN",254,480,529
"IN",254,488,529
"IN",254,479,532
"IN",254,480,532
"IN",254,488,532
"IN",254,479,533
"IN",254,480,533
"IN",254,488,533
"IN",254,479,535
"IN",254,480,535
"IN",254,488,535
"IN",254,477,540
"IN",254,487,540
"IN",254,489,540
"IN",254,490,540
"IN",254,477,541
"IN",254,487,541
"IN",254,489,541
"IN",254,490,541
"IN",254,356,381
"IN",254,356,378
"IN",254,491,537
"IN",254,508,550
"IN",254,358,379
"IN",254,508,545
"IN",254,508,546
"IN",254,492,530
"IN",254,492,536
"IN",255,95,295
"IN",255,95,112
"IN",255,95,126
"IN",255,99,358
"IN",255,98,358
"IN",255,97,358
"IN",255,97,351
"IN",255,358,376
"IN",255,358,377
"IN",255,358,368
"IN",255,358,367
"IN",255,358,378
"IN",255,358,374
"IN",255,358,369
"IN",255,358,365
"IN",255,358,381
"IN",255,358,380
"IN",255,358,370
"IN",255,98,470
"IN",255,98,445
"IN",255,99,412
"IN",255,94,445
"IN",255,94,429
"IN",255,94,457
"IN",255,94,438
"IN",255,96,445
"IN",255,96,438
"IN",255,95,469
"IN",255,95,445
"IN",255,95,422
"IN",255,95,438
"IN",255,99,508
"IN",255,95,196
"IN",255,95,514
"IN",255,95,516
"IN",255,95,523
"IN",255,99,495
"IN",255,99,496
"IN",255,99,497
"IN",255,99,498
"IN",255,99,499
"IN",255,99,500
"IN",255,99,501
"IN",255,99,502
"IN",255,99,503
"IN",255,99,504
"IN",255,99,505
"IN",255,352,375
"IN",255,352,365
"IN",255,358,366
"IN",255,358,382
"IN",255,477,527
"IN",255,487,527
"IN",255,489,527
"IN",255,490,527
"IN",255,479,528
"IN",255,480,528
"IN",255,488,528
"IN",255,493,528
"IN",255,479,529
"IN",255,480,529
"IN",255,488,529
"IN",255,493,529
"IN",255,493,531
"IN",255,479,532
"IN",255,480,532
"IN",255,488,532
"IN",255,493,532
"IN",255,479,533
"IN",255,480,533
"IN",255,488,533
"IN",255,493,533
"IN",255,479,535
"IN",255,480,535
"IN",255,488,535
"IN",255,493,538
"IN",255,477,540
"IN",255,487,540
"IN",255,489,540
"IN",255,490,540
"IN",255,477,541
"IN",255,487,541
"IN",255,489,541
"IN",255,490,541
"IN",255,356,381
"IN",255,352,376
"IN",255,356,378
"IN",255,350,365
"IN",255,508,546
"IN",255,358,379
"IN",255,508,545
"IN",255,492,530
"IN",255,508,548
"IN",255,492,536
"IN",255,364,365
"IN",256,95,295
"IN",256,95,112
"IN",256,95,126
"IN",256,99,358
"IN",256,98,358
"IN",256,97,358
"IN",256,97,351
"IN",256,358,376
"IN",256,358,377
"IN",256,358,368
"IN",256,358,367
"IN",256,358,378
"IN",256,358,374
"IN",256,358,369
"IN",256,358,365
"IN",256,358,381
"IN",256,358,380
"IN",256,358,370
"IN",256,98,470
"IN",256,98,445
"IN",256,99,412
"IN",256,94,445
"IN",256,94,429
"IN",256,94,457
"IN",256,94,438
"IN",256,96,445
"IN",256,96,438
"IN",256,95,469
"IN",256,95,445
"IN",256,95,422
"IN",256,95,438
"IN",256,99,508
"IN",256,95,196
"IN",256,95,514
"IN",256,95,516
"IN",256,95,523
"IN",256,99,495
"IN",256,99,496
"IN",256,99,497
"IN",256,99,498
"IN",256,99,499
"IN",256,99,500
"IN",256,99,501
"IN",256,99,502
"IN",256,99,503
"IN",256,99,504
"IN",256,99,505
"IN",256,338,380
"IN",256,338,372
"IN",256,508,544
"IN",256,358,366
"IN",256,358,382
"IN",256,350,365
"IN",256,491,537
"IN",256,508,550
"IN",256,358,379
"IN",256,508,549
"IN",256,364,365
"IN",257,95,295
"IN",257,95,112
"IN",257,95,126
"IN",257,99,358
"IN",257,98,358
"IN",257,97,358
"IN",257,97,351
"IN",257,358,376
"IN",257,358,377
"IN",257,358,368
"IN",257,358,367
"IN",257,358,378
"IN",257,358,374
"IN",257,358,369
"IN",257,358,365
"IN",257,358,381
"IN",257,358,380
"IN",257,358,370
"IN",257,98,470
"IN",257,98,445
"IN",257,99,412
"IN",257,94,445
"IN",257,94,429
"IN",257,94,457
"IN",257,94,438
"IN",257,96,445
"IN",257,96,438
"IN",257,95,469
"IN",257,95,445
"IN",257,95,422
"IN",257,95,438
"IN",257,99,508
"IN",257,95,196
"IN",257,95,514
"IN",257,95,516
"IN",257,95,523
"IN",257,99,495
"IN",257,99,496
"IN",257,99,497
"IN",257,99,498
"IN",257,99,499
"IN",257,99,500
"IN",257,99,501
"IN",257,99,502
"IN",257,99,503
"IN",257,99,504
"IN",257,99,505
"IN",257,508,544
"IN",257,358,366
"IN",257,358,382
"IN",257,479,528
"IN",257,480,528
"IN",257,488,528
"IN",257,479,529
"IN",257,480,529
"IN",257,488,529
"IN",257,479,532
"IN",257,480,532
"IN",257,488,532
"IN",257,479,533
"IN",257,480,533
"IN",257,488,533
"IN",257,479,535
"IN",257,480,535
"IN",257,488,535
"IN",257,350,365
"IN",257,508,550
"IN",257,358,379
"IN",257,508,545
"IN",257,508,548
"IN",257,508,549
"IN",257,492,536
"IN",257,364,365
"IN",257,360,365
"IN",257,360,376
"IN",258,95,295
"IN",258,95,112
"IN",258,95,126
"IN",258,99,358
"IN",258,98,358
"IN",258,97,358
"IN",258,97,351
"IN",258,358,376
"IN",258,358,377
"IN",258,358,368
"IN",258,358,367
"IN",258,358,378
"IN",258,358,374
"IN",258,358,369
"IN",258,358,365
"IN",258,358,381
"IN",258,358,380
"IN",258,358,370
"IN",258,98,470
"IN",258,98,445
"IN",258,99,412
"IN",258,94,445
"IN",258,94,429
"IN",258,94,457
"IN",258,94,438
"IN",258,96,445
"IN",258,96,438
"IN",258,95,469
"IN",258,95,445
"IN",258,95,422
"IN",258,95,438
"IN",258,99,508
"IN",258,95,196
"IN",258,95,514
"IN",258,95,516
"IN",258,95,523
"IN",258,99,495
"IN",258,99,496
"IN",258,99,497
"IN",258,99,498
"IN",258,99,499
"IN",258,99,500
"IN",258,99,501
"IN",258,99,502
"IN",258,99,503
"IN",258,99,504
"IN",258,99,505
"IN",258,358,366
"IN",258,358,382
"IN",258,477,527
"IN",258,487,527
"IN",258,489,527
"IN",258,490,527
"IN",258,479,528
"IN",258,480,528
"IN",258,488,528
"IN",258,493,528
"IN",258,479,529
"IN",258,480,529
"IN",258,488,529
"IN",258,493,529
"IN",258,493,531
"IN",258,479,532
"IN",258,480,532
"IN",258,488,532
"IN",258,493,532
"IN",258,479,533
"IN",258,480,533
"IN",258,488,533
"IN",258,493,533
"IN",258,493,538
"IN",258,477,540
"IN",258,487,540
"IN",258,489,540
"IN",258,490,540
"IN",258,477,541
"IN",258,487,541
"IN",258,489,541
"IN",258,490,541
"IN",258,350,365
"IN",258,358,379
"IN",258,508,548
"IN",258,508,549
"IN",258,478,534
"IN",258,492,536
"IN",258,478,540
"IN",258,478,542
"IN",258,478,543
"IN",258,360,365
"IN",258,360,376
"IN",259,95,295
"IN",259,95,112
"IN",259,95,126
"IN",259,99,358
"IN",259,98,358
"IN",259,97,358
"IN",259,97,351
"IN",259,358,376
"IN",259,358,377
"IN",259,358,368
"IN",259,358,367
"IN",259,358,378
"IN",259,358,374
"IN",259,358,369
"IN",259,358,365
"IN",259,358,381
"IN",259,358,380
"IN",259,358,370
"IN",259,98,470
"IN",259,98,445
"IN",259,99,412
"IN",259,94,445
"IN",259,94,429
"IN",259,94,457
"IN",259,94,438
"IN",259,96,445
"IN",259,96,438
"IN",259,95,469
"IN",259,95,445
"IN",259,95,422
"IN",259,95,438
"IN",259,99,508
"IN",259,95,196
"IN",259,95,514
"IN",259,95,516
"IN",259,95,523
"IN",259,99,495
"IN",259,99,496
"IN",259,99,497
"IN",259,99,498
"IN",259,99,499
"IN",259,99,500
"IN",259,99,501
"IN",259,99,502
"IN",259,99,503
"IN",259,99,504
"IN",259,99,505
"IN",259,352,375
"IN",259,338,380
"IN",259,338,372
"IN",259,508,544
"IN",259,352,365
"IN",259,358,366
"IN",259,358,382
"IN",259,479,528
"IN",259,480,528
"IN",259,488,528
"IN",259,479,529
"IN",259,480,529
"IN",259,488,529
"IN",259,479,532
"IN",259,480,532
"IN",259,488,532
"IN",259,479,533
"IN",259,480,533
"IN",259,488,533
"IN",259,352,376
"IN",259,350,365
"IN",259,508,547
"IN",259,358,379
"IN",259,508,545
"IN",259,508,546
"IN",259,508,548
"IN",259,508,549
"IN",259,360,365
"IN",259,360,376
"IN",260,95,295
"IN",260,95,112
"IN",260,95,126
"IN",260,99,358
"IN",260,98,358
"IN",260,97,358
"IN",260,97,351
"IN",260,358,376
"IN",260,358,377
"IN",260,358,368
"IN",260,358,367
"IN",260,358,378
"IN",260,358,374
"IN",260,358,369
"IN",260,358,365
"IN",260,358,381
"IN",260,358,380
"IN",260,358,370
"IN",260,98,470
"IN",260,98,445
"IN",260,99,412
"IN",260,94,445
"IN",260,94,429
"IN",260,94,457
"IN",260,94,438
"IN",260,96,445
"IN",260,96,438
"IN",260,95,469
"IN",260,95,445
"IN",260,95,422
"IN",260,95,438
"IN",260,99,508
"IN",260,95,196
"IN",260,95,514
"IN",260,95,516
"IN",260,95,523
"IN",260,99,495
"IN",260,99,496
"IN",260,99,497
"IN",260,99,498
"IN",260,99,499
"IN",260,99,500
"IN",260,99,501
"IN",260,99,502
"IN",260,99,503
"IN",260,99,504
"IN",260,99,505
"IN",260,352,375
"IN",260,338,380
"IN",260,338,372
"IN",260,508,544
"IN",260,352,365
"IN",260,358,366
"IN",260,358,382
"IN",260,479,528
"IN",260,480,528
"IN",260,488,528
"IN",260,493,528
"IN",260,479,529
"IN",260,480,529
"IN",260,488,529
"IN",260,493,529
"IN",260,493,531
"IN",260,479,532
"IN",260,480,532
"IN",260,488,532
"IN",260,493,532
"IN",260,479,533
"IN",260,480,533
"IN",260,488,533
"IN",260,493,533
"IN",260,479,535
"IN",260,480,535
"IN",260,488,535
"IN",260,493,538
"IN",260,356,381
"IN",260,352,376
"IN",260,356,378
"IN",260,350,365
"IN",260,508,550
"IN",260,347,376
"IN",260,358,379
"IN",260,508,545
"IN",260,508,548
"IN",260,478,534
"IN",260,478,540
"IN",260,478,542
"IN",260,478,543
"IN",261,95,295
"IN",261,95,112
"IN",261,95,126
"IN",261,99,358
"IN",261,98,358
"IN",261,97,358
"IN",261,97,351
"IN",261,358,376
"IN",261,358,377
"IN",261,358,368
"IN",261,358,367
"IN",261,358,378
"IN",261,358,374
"IN",261,358,369
"IN",261,358,365
"IN",261,358,381
"IN",261,358,380
"IN",261,358,370
"IN",261,98,470
"IN",261,98,445
"IN",261,99,412
"IN",261,94,445
"IN",261,94,429
"IN",261,94,457
"IN",261,94,438
"IN",261,96,445
"IN",261,96,438
"IN",261,95,469
"IN",261,95,445
"IN",261,95,422
"IN",261,95,438
"IN",261,99,508
"IN",261,95,196
"IN",261,95,514
"IN",261,95,516
"IN",261,95,523
"IN",261,99,495
"IN",261,99,496
"IN",261,99,497
"IN",261,99,498
"IN",261,99,499
"IN",261,99,500
"IN",261,99,501
"IN",261,99,502
"IN",261,99,503
"IN",261,99,504
"IN",261,99,505
"IN",261,358,366
"IN",261,358,382
"IN",261,479,528
"IN",261,480,528
"IN",261,488,528
"IN",261,493,528
"IN",261,494,528
"IN",261,479,529
"IN",261,480,529
"IN",261,488,529
"IN",261,493,529
"IN",261,494,529
"IN",261,493,531
"IN",261,494,531
"IN",261,479,532
"IN",261,480,532
"IN",261,488,532
"IN",261,493,532
"IN",261,494,532
"IN",261,479,533
"IN",261,480,533
"IN",261,488,533
"IN",261,493,533
"IN",261,494,533
"IN",261,493,538
"IN",261,494,538
"IN",261,350,365
"IN",261,491,537
"IN",261,493,537
"IN",261,508,545
"IN",261,508,546
"IN",261,508,547
"IN",261,358,379
"IN",261,508,548
"IN",262,95,295
"IN",262,95,112
"IN",262,95,126
"IN",262,99,358
"IN",262,98,358
"IN",262,97,358
"IN",262,97,351
"IN",262,358,376
"IN",262,358,377
"IN",262,358,368
"IN",262,358,367
"IN",262,358,378
"IN",262,358,374
"IN",262,358,369
"IN",262,358,365
"IN",262,358,381
"IN",262,358,380
"IN",262,358,370
"IN",262,98,470
"IN",262,98,445
"IN",262,99,412
"IN",262,94,445
"IN",262,94,429
"IN",262,94,457
"IN",262,94,438
"IN",262,96,445
"IN",262,96,438
"IN",262,95,469
"IN",262,95,445
"IN",262,95,422
"IN",262,95,438
"IN",262,99,508
"IN",262,95,196
"IN",262,95,514
"IN",262,95,516
"IN",262,95,523
"IN",262,99,495
"IN",262,99,496
"IN",262,99,497
"IN",262,99,498
"IN",262,99,499
"IN",262,99,500
"IN",262,99,501
"IN",262,99,502
"IN",262,99,503
"IN",262,99,504
"IN",262,99,505
"IN",262,352,375
"IN",262,508,544
"IN",262,352,365
"IN",262,358,366
"IN",262,358,382
"IN",262,356,381
"IN",262,352,376
"IN",262,356,378
"IN",262,350,365
"IN",262,358,379
"IN",262,492,530
"IN",262,508,548
"IN",262,478,534
"IN",262,478,540
"IN",262,478,542
"IN",262,478,543
"IN",263,95,295
"IN",263,95,112
"IN",263,95,126
"IN",263,99,358
"IN",263,98,358
"IN",263,97,358
"IN",263,97,351
"IN",263,358,376
"IN",263,358,377
"IN",263,358,368
"IN",263,358,367
"IN",263,358,378
"IN",263,358,374
"IN",263,358,369
"IN",263,358,365
"IN",263,358,381
"IN",263,358,380
"IN",263,358,370
"IN",263,98,470
"IN",263,98,445
"IN",263,99,412
"IN",263,94,445
"IN",263,94,429
"IN",263,94,457
"IN",263,94,438
"IN",263,96,445
"IN",263,96,438
"IN",263,95,469
"IN",263,95,445
"IN",263,95,422
"IN",263,95,438
"IN",263,99,508
"IN",263,95,196
"IN",263,95,514
"IN",263,95,516
"IN",263,95,523
"IN",263,99,495
"IN",263,99,496
"IN",263,99,497
"IN",263,99,498
"IN",263,99,499
"IN",263,99,500
"IN",263,99,501
"IN",263,99,502
"IN",263,99,503
"IN",263,99,504
"IN",263,99,505
"IN",263,508,544
"IN",263,358,366
"IN",263,358,382
"IN",263,479,528
"IN",263,480,528
"IN",263,488,528
"IN",263,493,528
"IN",263,494,528
"IN",263,479,529
"IN",263,480,529
"IN",263,488,529
"IN",263,493,529
"IN",263,494,529
"IN",263,493,531
"IN",263,494,531
"IN",263,479,532
"IN",263,480,532
"IN",263,488,532
"IN",263,493,532
"IN",263,494,532
"IN",263,479,533
"IN",263,480,533
"IN",263,488,533
"IN",263,493,533
"IN",263,494,533
"IN",263,479,535
"IN",263,480,535
"IN",263,488,535
"IN",263,493,538
"IN",263,494,538
"IN",263,356,381
"IN",263,356,378
"IN",263,350,365
"IN",263,508,546
"IN",263,508,547
"IN",263,508,550
"IN",263,358,379
"IN",263,478,534
"IN",263,478,540
"IN",263,478,542
"IN",263,478,543
"IN",263,364,365
"IN",264,95,295
"IN",264,95,112
"IN",264,95,126
"IN",264,99,358
"IN",264,98,358
"IN",264,97,358
"IN",264,97,351
"IN",264,358,376
"IN",264,358,377
"IN",264,358,368
"IN",264,358,367
"IN",264,358,378
"IN",264,358,374
"IN",264,358,369
"IN",264,358,365
"IN",264,358,381
"IN",264,358,380
"IN",264,358,370
"IN",264,98,470
"IN",264,98,445
"IN",264,99,412
"IN",264,94,445
"IN",264,94,429
"IN",264,94,457
"IN",264,94,438
"IN",264,96,445
"IN",264,96,438
"IN",264,95,469
"IN",264,95,445
"IN",264,95,422
"IN",264,95,438
"IN",264,99,508
"IN",264,95,196
"IN",264,95,514
"IN",264,95,516
"IN",264,95,523
"IN",264,99,495
"IN",264,99,496
"IN",264,99,497
"IN",264,99,498
"IN",264,99,499
"IN",264,99,500
"IN",264,99,501
"IN",264,99,502
"IN",264,99,503
"IN",264,99,504
"IN",264,99,505
"IN",264,508,544
"IN",264,358,366
"IN",264,358,382
"IN",264,479,528
"IN",264,480,528
"IN",264,488,528
"IN",264,493,528
"IN",264,494,528
"IN",264,479,529
"IN",264,480,529
"IN",264,488,529
"IN",264,493,529
"IN",264,494,529
"IN",264,493,531
"IN",264,494,531
"IN",264,479,532
"IN",264,480,532
"IN",264,488,532
"IN",264,493,532
"IN",264,494,532
"IN",264,479,533
"IN",264,480,533
"IN",264,488,533
"IN",264,493,533
"IN",264,494,533
"IN",264,493,538
"IN",264,494,538
"IN",264,481,539
"IN",264,356,381
"IN",264,356,378
"IN",264,358,379
"IN",264,508,545
"IN",264,508,546
"IN",264,492,530
"IN",264,494,530
"IN",264,508,548
"IN",264,508,549
"IN",264,360,365
"IN",264,360,376
"IN",265,95,295
"IN",265,95,112
"IN",265,95,126
"IN",265,99,358
"IN",265,98,358
"IN",265,97,358
"IN",265,97,351
"IN",265,358,376
"IN",265,358,377
"IN",265,358,368
"IN",265,358,367
"IN",265,358,378
"IN",265,358,374
"IN",265,358,369
"IN",265,358,365
"IN",265,358,381
"IN",265,358,380
"IN",265,358,370
"IN",265,98,470
"IN",265,98,445
"IN",265,99,412
"IN",265,94,445
"IN",265,94,429
"IN",265,94,457
"IN",265,94,438
"IN",265,96,445
"IN",265,96,438
"IN",265,95,469
"IN",265,95,445
"IN",265,95,422
"IN",265,95,438
"IN",265,99,508
"IN",265,95,196
"IN",265,95,514
"IN",265,95,516
"IN",265,95,523
"IN",265,99,495
"IN",265,99,496
"IN",265,99,497
"IN",265,99,498
"IN",265,99,499
"IN",265,99,500
"IN",265,99,501
"IN",265,99,502
"IN",265,99,503
"IN",265,99,504
"IN",265,99,505
"IN",265,508,544
"IN",265,358,366
"IN",265,358,382
"IN",265,477,527
"IN",265,487,527
"IN",265,489,527
"IN",265,490,527
"IN",265,479,528
"IN",265,480,528
"IN",265,488,528
"IN",265,493,528
"IN",265,494,528
"IN",265,479,529
"IN",265,480,529
"IN",265,488,529
"IN",265,493,529
"IN",265,494,529
"IN",265,493,531
"IN",265,494,531
"IN",265,479,532
"IN",265,480,532
"IN",265,488,532
"IN",265,493,532
"IN",265,494,532
"IN",265,479,533
"IN",265,480,533
"IN",265,488,533
"IN",265,493,533
"IN",265,494,533
"IN",265,479,535
"IN",265,480,535
"IN",265,488,535
"IN",265,493,538
"IN",265,494,538
"IN",265,481,539
"IN",265,477,540
"IN",265,487,540
"IN",265,489,540
"IN",265,490,540
"IN",265,477,541
"IN",265,487,541
"IN",265,489,541
"IN",265,490,541
"IN",265,491,537
"IN",265,493,537
"IN",265,508,545
"IN",265,508,550
"IN",265,358,379
"IN",265,508,546
"IN",265,492,530
"IN",265,494,530
"IN",265,508,549
"IN",265,492,536
"IN",265,360,365
"IN",265,360,376
"IN",266,95,295
"IN",266,95,112
"IN",266,95,126
"IN",266,99,358
"IN",266,98,358
"IN",266,97,358
"IN",266,97,351
"IN",266,358,376
"IN",266,358,377
"IN",266,358,368
"IN",266,358,367
"IN",266,358,378
"IN",266,358,374
"IN",266,358,369
"IN",266,358,365
"IN",266,358,381
"IN",266,358,380
"IN",266,358,370
"IN",266,98,470
"IN",266,98,445
"IN",266,99,412
"IN",266,94,445
"IN",266,94,429
"IN",266,94,457
"IN",266,94,438
"IN",266,96,445
"IN",266,96,438
"IN",266,95,469
"IN",266,95,445
"IN",266,95,422
"IN",266,95,438
"IN",266,99,508
"IN",266,95,196
"IN",266,95,514
"IN",266,95,516
"IN",266,95,523
"IN",266,99,495
"IN",266,99,496
"IN",266,99,497
"IN",266,99,498
"IN",266,99,499
"IN",266,99,500
"IN",266,99,501
"IN",266,99,502
"IN",266,99,503
"IN",266,99,504
"IN",266,99,505
"IN",266,352,375
"IN",266,338,380
"IN",266,338,372
"IN",266,352,365
"IN",266,358,366
"IN",266,358,382
"IN",266,479,528
"IN",266,480,528
"IN",266,488,528
"IN",266,479,529
"IN",266,480,529
"IN",266,488,529
"IN",266,479,532
"IN",266,480,532
"IN",266,488,532
"IN",266,479,533
"IN",266,480,533
"IN",266,488,533
"IN",266,479,535
"IN",266,480,535
"IN",266,488,535
"IN",266,352,376
"IN",266,350,365
"IN",266,508,546
"IN",266,508,550
"IN",266,358,379
"IN",266,508,545
"IN",266,508,548
"IN",266,478,534
"IN",266,478,540
"IN",266,478,542
"IN",266,478,543
"IN",266,360,365
"IN",266,360,376
"IN",267,95,295
"IN",267,95,112
"IN",267,95,126
"IN",267,99,358
"IN",267,98,358
"IN",267,97,358
"IN",267,97,351
"IN",267,358,376
"IN",267,358,377
"IN",267,358,368
"IN",267,358,367
"IN",267,358,378
"IN",267,358,374
"IN",267,358,369
"IN",267,358,365
"IN",267,358,381
"IN",267,358,380
"IN",267,358,370
"IN",267,98,470
"IN",267,98,445
"IN",267,99,412
"IN",267,94,445
"IN",267,94,429
"IN",267,94,457
"IN",267,94,438
"IN",267,96,445
"IN",267,96,438
"IN",267,95,469
"IN",267,95,445
"IN",267,95,422
"IN",267,95,438
"IN",267,99,508
"IN",267,95,196
"IN",267,95,514
"IN",267,95,516
"IN",267,95,523
"IN",267,99,495
"IN",267,99,496
"IN",267,99,497
"IN",267,99,498
"IN",267,99,499
"IN",267,99,500
"IN",267,99,501
"IN",267,99,502
"IN",267,99,503
"IN",267,99,504
"IN",267,99,505
"IN",267,352,375
"IN",267,338,380
"IN",267,338,372
"IN",267,508,544
"IN",267,352,365
"IN",267,358,366
"IN",267,358,382
"IN",267,477,527
"IN",267,487,527
"IN",267,489,527
"IN",267,490,527
"IN",267,477,540
"IN",267,487,540
"IN",267,489,540
"IN",267,490,540
"IN",267,477,541
"IN",267,487,541
"IN",267,489,541
"IN",267,490,541
"IN",267,356,381
"IN",267,352,376
"IN",267,356,378
"IN",267,491,537
"IN",267,508,545
"IN",267,508,550
"IN",267,358,379
"IN",267,508,548
"IN",267,508,549
"IN",267,478,534
"IN",267,478,540
"IN",267,478,542
"IN",267,478,543
"IN",267,364,365
"IN",268,95,295
"IN",268,95,112
"IN",268,95,126
"IN",268,99,358
"IN",268,98,358
"IN",268,97,358
"IN",268,97,351
"IN",268,358,376
"IN",268,358,377
"IN",268,358,368
"IN",268,358,367
"IN",268,358,378
"IN",268,358,374
"IN",268,358,369
"IN",268,358,365
"IN",268,358,381
"IN",268,358,380
"IN",268,358,370
"IN",268,98,470
"IN",268,98,445
"IN",268,99,412
"IN",268,94,445
"IN",268,94,429
"IN",268,94,457
"IN",268,94,438
"IN",268,96,445
"IN",268,96,438
"IN",268,95,469
"IN",268,95,445
"IN",268,95,422
"IN",268,95,438
"IN",268,99,508
"IN",268,95,196
"IN",268,95,514
"IN",268,95,516
"IN",268,95,523
"IN",268,99,495
"IN",268,99,496
"IN",268,99,497
"IN",268,99,498
"IN",268,99,499
"IN",268,99,500
"IN",268,99,501
"IN",268,99,502
"IN",268,99,503
"IN",268,99,504
"IN",268,99,505
"IN",268,508,544
"IN",268,358,366
"IN",268,358,382
"IN",268,477,527
"IN",268,487,527
"IN",268,489,527
"IN",268,490,527
"IN",268,477,540
"IN",268,487,540
"IN",268,489,540
"IN",268,490,540
"IN",268,477,541
"IN",268,487,541
"IN",268,489,541
"IN",268,490,541
"IN",268,350,365
"IN",268,508,546
"IN",268,508,550
"IN",268,358,379
"IN",268,508,548
"IN",268,508,549
"IN",268,364,365
"IN",269,95,295
"IN",269,95,112
"IN",269,95,126
"IN",269,99,358
"IN",269,98,358
"IN",269,97,358
"IN",269,97,351
"IN",269,358,376
"IN",269,358,377
"IN",269,358,368
"IN",269,358,367
"IN",269,358,378
"IN",269,358,374
"IN",269,358,369
"IN",269,358,365
"IN",269,358,381
"IN",269,358,380
"IN",269,358,370
"IN",269,98,470
"IN",269,98,445
"IN",269,99,412
"IN",269,94,445
"IN",269,94,429
"IN",269,94,457
"IN",269,94,438
"IN",269,96,445
"IN",269,96,438
"IN",269,95,469
"IN",269,95,445
"IN",269,95,422
"IN",269,95,438
"IN",269,99,508
"IN",269,95,196
"IN",269,95,514
"IN",269,95,516
"IN",269,95,523
"IN",269,99,495
"IN",269,99,496
"IN",269,99,497
"IN",269,99,498
"IN",269,99,499
"IN",269,99,500
"IN",269,99,501
"IN",269,99,502
"IN",269,99,503
"IN",269,99,504
"IN",269,99,505
"IN",269,508,544
"IN",269,358,366
"IN",269,358,382
"IN",269,477,527
"IN",269,487,527
"IN",269,489,527
"IN",269,490,527
"IN",269,479,528
"IN",269,480,528
"IN",269,488,528
"IN",269,493,528
"IN",269,479,529
"IN",269,480,529
"IN",269,488,529
"IN",269,493,529
"IN",269,493,531
"IN",269,479,532
"IN",269,480,532
"IN",269,488,532
"IN",269,493,532
"IN",269,479,533
"IN",269,480,533
"IN",269,488,533
"IN",269,493,533
"IN",269,493,538
"IN",269,477,540
"IN",269,487,540
"IN",269,489,540
"IN",269,490,540
"IN",269,477,541
"IN",269,487,541
"IN",269,489,541
"IN",269,490,541
"IN",269,508,546
"IN",269,508,547
"IN",269,508,550
"IN",269,358,379
"IN",269,508,549
"IN",269,478,534
"IN",269,478,540
"IN",269,478,542
"IN",269,478,543
"IN",270,95,295
"IN",270,95,112
"IN",270,95,126
"IN",270,99,358
"IN",270,98,358
"IN",270,97,358
"IN",270,97,351
"IN",270,358,376
"IN",270,358,377
"IN",270,358,368
"IN",270,358,367
"IN",270,358,378
"IN",270,358,374
"IN",270,358,369
"IN",270,358,365
"IN",270,358,381
"IN",270,358,380
"IN",270,358,370
"IN",270,98,470
"IN",270,98,445
"IN",270,99,412
"IN",270,94,445
"IN",270,94,429
"IN",270,94,457
"IN",270,94,438
"IN",270,96,445
"IN",270,96,438
"IN",270,95,469
"IN",270,95,445
"IN",270,95,422
"IN",270,95,438
"IN",270,99,508
"IN",270,95,196
"IN",270,95,514
"IN",270,95,516
"IN",270,95,523
"IN",270,99,495
"IN",270,99,496
"IN",270,99,497
"IN",270,99,498
"IN",270,99,499
"IN",270,99,500
"IN",270,99,501
"IN",270,99,502
"IN",270,99,503
"IN",270,99,504
"IN",270,99,505
"IN",270,352,375
"IN",270,338,380
"IN",270,338,372
"IN",270,352,365
"IN",270,358,366
"IN",270,358,382
"IN",270,477,527
"IN",270,487,527
"IN",270,489,527
"IN",270,490,527
"IN",270,479,528
"IN",270,480,528
"IN",270,488,528
"IN",270,493,528
"IN",270,494,528
"IN",270,479,529
"IN",270,480,529
"IN",270,488,529
"IN",270,493,529
"IN",270,494,529
"IN",270,493,531
"IN",270,494,531
"IN",270,479,532
"IN",270,480,532
"IN",270,488,532
"IN",270,493,532
"IN",270,494,532
"IN",270,479,533
"IN",270,480,533
"IN",270,488,533
"IN",270,493,533
"IN",270,494,533
"IN",270,479,535
"IN",270,480,535
"IN",270,488,535
"IN",270,493,538
"IN",270,494,538
"IN",270,481,539
"IN",270,477,540
"IN",270,487,540
"IN",270,489,540
"IN",270,490,540
"IN",270,477,541
"IN",270,487,541
"IN",270,489,541
"IN",270,490,541
"IN",270,352,376
"IN",270,358,379
"IN",270,508,549
"IN",270,364,365
"IN",271,95,295
"IN",271,95,112
"IN",271,95,126
"IN",271,99,358
"IN",271,98,358
"IN",271,97,358
"IN",271,97,351
"IN",271,358,376
"IN",271,358,377
"IN",271,358,368
"IN",271,358,367
"IN",271,358,378
"IN",271,358,374
"IN",271,358,369
"IN",271,358,365
"IN",271,358,381
"IN",271,358,380
"IN",271,358,370
"IN",271,98,470
"IN",271,98,445
"IN",271,99,412
"IN",271,94,445
"IN",271,94,429
"IN",271,94,457
"IN",271,94,438
"IN",271,96,445
"IN",271,96,438
"IN",271,95,469
"IN",271,95,445
"IN",271,95,422
"IN",271,95,438
"IN",271,99,508
"IN",271,95,196
"IN",271,95,514
"IN",271,95,516
"IN",271,95,523
"IN",271,99,495
"IN",271,99,496
"IN",271,99,497
"IN",271,99,498
"IN",271,99,499
"IN",271,99,500
"IN",271,99,501
"IN",271,99,502
"IN",271,99,503
"IN",271,99,504
"IN",271,99,505
"IN",271,352,375
"IN",271,508,544
"IN",271,352,365
"IN",271,358,366
"IN",271,358,382
"IN",271,477,527
"IN",271,484,527
"IN",271,487,527
"IN",271,489,527
"IN",271,490,527
"IN",271,481,539
"IN",271,477,540
"IN",271,484,540
"IN",271,487,540
"IN",271,489,540
"IN",271,490,540
"IN",271,477,541
"IN",271,484,541
"IN",271,487,541
"IN",271,489,541
"IN",271,490,541
"IN",271,356,381
"IN",271,352,376
"IN",271,356,378
"IN",271,358,379
"IN",271,508,546
"IN",271,484,534
"IN",271,484,542
"IN",271,484,543
"IN",271,478,534
"IN",271,492,536
"IN",271,478,540
"IN",271,478,542
"IN",271,478,543
"IN",272,95,295
"IN",272,95,112
"IN",272,95,126
"IN",272,99,358
"IN",272,98,358
"IN",272,97,358
"IN",272,97,351
"IN",272,358,376
"IN",272,358,377
"IN",272,358,368
"IN",272,358,367
"IN",272,358,378
"IN",272,358,374
"IN",272,358,369
"IN",272,358,365
"IN",272,358,381
"IN",272,358,380
"IN",272,358,370
"IN",272,98,470
"IN",272,98,445
"IN",272,99,412
"IN",272,94,445
"IN",272,94,429
"IN",272,94,457
"IN",272,94,438
"IN",272,96,445
"IN",272,96,438
"IN",272,95,469
"IN",272,95,445
"IN",272,95,422
"IN",272,95,438
"IN",272,99,508
"IN",272,95,196
"IN",272,95,514
"IN",272,95,516
"IN",272,95,523
"IN",272,99,495
"IN",272,99,496
"IN",272,99,497
"IN",272,99,498
"IN",272,99,499
"IN",272,99,500
"IN",272,99,501
"IN",272,99,502
"IN",272,99,503
"IN",272,99,504
"IN",272,99,505
"IN",272,352,375
"IN",272,508,544
"IN",272,352,365
"IN",272,358,366
"IN",272,358,382
"IN",272,356,381
"IN",272,352,376
"IN",272,356,378
"IN",272,350,365
"IN",272,347,376
"IN",272,358,379
"IN",272,508,545
"IN",272,508,546
"IN",272,492,530
"IN",272,508,548
"IN",272,478,534
"IN",272,492,536
"IN",272,478,540
"IN",272,478,542
"IN",272,478,543
"IN",272,364,365
"IN",273,95,295
"IN",273,95,112
"IN",273,95,126
"IN",273,99,358
"IN",273,98,358
"IN",273,97,358
"IN",273,97,351
"IN",273,358,376
"IN",273,358,377
"IN",273,358,368
"IN",273,358,367
"IN",273,358,378
"IN",273,358,374
"IN",273,358,369
"IN",273,358,365
"IN",273,358,381
"IN",273,358,380
"IN",273,358,370
"IN",273,98,470
"IN",273,98,445
"IN",273,99,412
"IN",273,94,445
"IN",273,94,429
"IN",273,94,457
"IN",273,94,438
"IN",273,96,445
"IN",273,96,438
"IN",273,95,469
"IN",273,95,445
"IN",273,95,422
"IN",273,95,438
"IN",273,99,508
"IN",273,95,196
"IN",273,95,514
"IN",273,95,516
"IN",273,95,523
"IN",273,99,495
"IN",273,99,496
"IN",273,99,497
"IN",273,99,498
"IN",273,99,499
"IN",273,99,500
"IN",273,99,501
"IN",273,99,502
"IN",273,99,503
"IN",273,99,504
"IN",273,99,505
"IN",273,338,380
"IN",273,338,372
"IN",273,358,366
"IN",273,358,382
"IN",273,477,527
"IN",273,487,527
"IN",273,489,527
"IN",273,490,527
"IN",273,477,540
"IN",273,487,540
"IN",273,489,540
"IN",273,490,540
"IN",273,477,541
"IN",273,487,541
"IN",273,489,541
"IN",273,490,541
"IN",273,356,381
"IN",273,356,378
"IN",273,358,379
"IN",273,508,545
"IN",273,492,530
"IN",273,508,549
"IN",273,478,534
"IN",273,492,536
"IN",273,478,540
"IN",273,478,542
"IN",273,478,543
"IN",274,95,295
"IN",274,95,112
"IN",274,95,126
"IN",274,99,358
"IN",274,98,358
"IN",274,97,358
"IN",274,97,351
"IN",274,358,376
"IN",274,358,377
"IN",274,358,368
"IN",274,358,367
"IN",274,358,378
"IN",274,358,374
"IN",274,358,369
"IN",274,358,365
"IN",274,358,381
"IN",274,358,380
"IN",274,358,370
"IN",274,98,470
"IN",274,98,445
"IN",274,99,412
"IN",274,94,445
"IN",274,94,429
"IN",274,94,457
"IN",274,94,438
"IN",274,96,445
"IN",274,96,438
"IN",274,95,469
"IN",274,95,445
"IN",274,95,422
"IN",274,95,438
"IN",274,99,508
"IN",274,95,196
"IN",274,95,514
"IN",274,95,516
"IN",274,95,523
"IN",274,99,495
"IN",274,99,496
"IN",274,99,497
"IN",274,99,498
"IN",274,99,499
"IN",274,99,500
"IN",274,99,501
"IN",274,99,502
"IN",274,99,503
"IN",274,99,504
"IN",274,99,505
"IN",274,338,380
"IN",274,338,372
"IN",274,508,544
"IN",274,358,366
"IN",274,358,382
"IN",274,477,527
"IN",274,487,527
"IN",274,489,527
"IN",274,490,527
"IN",274,481,539
"IN",274,477,540
"IN",274,487,540
"IN",274,489,540
"IN",274,490,540
"IN",274,477,541
"IN",274,487,541
"IN",274,489,541
"IN",274,490,541
"IN",274,356,381
"IN",274,356,378
"IN",274,350,365
"IN",274,491,537
"IN",274,508,547
"IN",274,358,379
"IN",274,508,545
"IN",274,508,548
"IN",274,508,549
"IN",274,478,534
"IN",274,492,536
"IN",274,478,540
"IN",274,478,542
"IN",274,478,543
"IN",275,95,295
"IN",275,95,112
"IN",275,95,126
"IN",275,99,358
"IN",275,98,358
"IN",275,97,358
"IN",275,97,351
"IN",275,358,376
"IN",275,358,377
"IN",275,358,368
"IN",275,358,367
"IN",275,358,378
"IN",275,358,374
"IN",275,358,369
"IN",275,358,365
"IN",275,358,381
"IN",275,358,380
"IN",275,358,370
"IN",275,98,470
"IN",275,98,445
"IN",275,99,412
"IN",275,94,445
"IN",275,94,429
"IN",275,94,457
"IN",275,94,438
"IN",275,96,445
"IN",275,96,438
"IN",275,95,469
"IN",275,95,445
"IN",275,95,422
"IN",275,95,438
"IN",275,99,508
"IN",275,95,196
"IN",275,95,514
"IN",275,95,516
"IN",275,95,523
"IN",275,99,495
"IN",275,99,496
"IN",275,99,497
"IN",275,99,498
"IN",275,99,499
"IN",275,99,500
"IN",275,99,501
"IN",275,99,502
"IN",275,99,503
"IN",275,99,504
"IN",275,99,505
"IN",275,352,375
"IN",275,338,380
"IN",275,338,372
"IN",275,508,544
"IN",275,352,365
"IN",275,358,366
"IN",275,358,382
"IN",275,477,527
"IN",275,487,527
"IN",275,489,527
"IN",275,490,527
"IN",275,479,528
"IN",275,480,528
"IN",275,488,528
"IN",275,493,528
"IN",275,479,529
"IN",275,480,529
"IN",275,488,529
"IN",275,493,529
"IN",275,493,531
"IN",275,479,532
"IN",275,480,532
"IN",275,488,532
"IN",275,493,532
"IN",275,479,533
"IN",275,480,533
"IN",275,488,533
"IN",275,493,533
"IN",275,493,538
"IN",275,477,540
"IN",275,487,540
"IN",275,489,540
"IN",275,490,540
"IN",275,477,541
"IN",275,487,541
"IN",275,489,541
"IN",275,490,541
"IN",275,352,376
"IN",275,508,550
"IN",275,358,379
"IN",275,508,545
"IN",275,508,546
"IN",275,508,548
"IN",275,492,536
"IN",275,364,365
"IN",275,360,365
"IN",275,360,376
"IN",276,95,295
"IN",276,95,112
"IN",276,95,126
"IN",276,99,358
"IN",276,98,358
"IN",276,97,358
"IN",276,97,351
"IN",276,358,376
"IN",276,358,377
"IN",276,358,368
"IN",276,358,367
"IN",276,358,378
"IN",276,358,374
"IN",276,358,369
"IN",276,358,365
"IN",276,358,381
"IN",276,358,380
"IN",276,358,370
"IN",276,98,470
"IN",276,98,445
"IN",276,99,412
"IN",276,94,445
"IN",276,94,429
"IN",276,94,457
"IN",276,94,438
"IN",276,96,445
"IN",276,96,438
"IN",276,95,469
"IN",276,95,445
"IN",276,95,422
"IN",276,95,438
"IN",276,99,508
"IN",276,95,196
"IN",276,95,514
"IN",276,95,516
"IN",276,95,523
"IN",276,99,495
"IN",276,99,496
"IN",276,99,497
"IN",276,99,498
"IN",276,99,499
"IN",276,99,500
"IN",276,99,501
"IN",276,99,502
"IN",276,99,503
"IN",276,99,504
"IN",276,99,505
"IN",276,508,544
"IN",276,358,366
"IN",276,358,382
"IN",276,479,528
"IN",276,480,528
"IN",276,488,528
"IN",276,479,529
"IN",276,480,529
"IN",276,488,529
"IN",276,479,532
"IN",276,480,532
"IN",276,488,532
"IN",276,479,533
"IN",276,480,533
"IN",276,488,533
"IN",276,479,535
"IN",276,480,535
"IN",276,488,535
"IN",276,350,365
"IN",276,508,545
"IN",276,347,376
"IN",276,358,379
"IN",276,508,549
"IN",276,478,534
"IN",276,478,540
"IN",276,478,542
"IN",276,478,543
"IN",276,364,365
"IN",277,95,295
"IN",277,95,112
"IN",277,95,126
"IN",277,99,358
"IN",277,98,358
"IN",277,97,358
"IN",277,97,351
"IN",277,358,376
"IN",277,358,377
"IN",277,358,368
"IN",277,358,367
"IN",277,358,378
"IN",277,358,374
"IN",277,358,369
"IN",277,358,365
"IN",277,358,381
"IN",277,358,380
"IN",277,358,370
"IN",277,98,470
"IN",277,98,445
"IN",277,99,412
"IN",277,94,445
"IN",277,94,429
"IN",277,94,457
"IN",277,94,438
"IN",277,96,445
"IN",277,96,438
"IN",277,95,469
"IN",277,95,445
"IN",277,95,422
"IN",277,95,438
"IN",277,99,508
"IN",277,95,196
"IN",277,95,514
"IN",277,95,516
"IN",277,95,523
"IN",277,99,495
"IN",277,99,496
"IN",277,99,497
"IN",277,99,498
"IN",277,99,499
"IN",277,99,500
"IN",277,99,501
"IN",277,99,502
"IN",277,99,503
"IN",277,99,504
"IN",277,99,505
"IN",277,508,544
"IN",277,358,366
"IN",277,358,382
"IN",277,479,528
"IN",277,480,528
"IN",277,488,528
"IN",277,493,528
"IN",277,494,528
"IN",277,479,529
"IN",277,480,529
"IN",277,488,529
"IN",277,493,529
"IN",277,494,529
"IN",277,493,531
"IN",277,494,531
"IN",277,479,532
"IN",277,480,532
"IN",277,488,532
"IN",277,493,532
"IN",277,494,532
"IN",277,479,533
"IN",277,480,533
"IN",277,488,533
"IN",277,493,533
"IN",277,494,533
"IN",277,479,535
"IN",277,480,535
"IN",277,488,535
"IN",277,493,538
"IN",277,494,538
"IN",277,356,381
"IN",277,356,378
"IN",277,508,545
"IN",277,508,550
"IN",277,358,379
"IN",277,492,530
"IN",277,494,530
"IN",277,492,536
"IN",278,95,295
"IN",278,95,112
"IN",278,95,126
"IN",278,99,358
"IN",278,98,358
"IN",278,97,358
"IN",278,97,351
"IN",278,358,376
"IN",278,358,377
"IN",278,358,368
"IN",278,358,367
"IN",278,358,378
"IN",278,358,374
"IN",278,358,369
"IN",278,358,365
"IN",278,358,381
"IN",278,358,380
"IN",278,358,370
"IN",278,98,470
"IN",278,98,445
"IN",278,99,412
"IN",278,94,445
"IN",278,94,429
"IN",278,94,457
"IN",278,94,438
"IN",278,96,445
"IN",278,96,438
"IN",278,95,469
"IN",278,95,445
"IN",278,95,422
"IN",278,95,438
"IN",278,99,508
"IN",278,95,196
"IN",278,95,514
"IN",278,95,516
"IN",278,95,523
"IN",278,99,495
"IN",278,99,496
"IN",278,99,497
"IN",278,99,498
"IN",278,99,499
"IN",278,99,500
"IN",278,99,501
"IN",278,99,502
"IN",278,99,503
"IN",278,99,504
"IN",278,99,505
"IN",278,352,375
"IN",278,508,544
"IN",278,352,365
"IN",278,358,366
"IN",278,358,382
"IN",278,477,527
"IN",278,487,527
"IN",278,489,527
"IN",278,490,527
"IN",278,477,540
"IN",278,487,540
"IN",278,489,540
"IN",278,490,540
"IN",278,477,541
"IN",278,487,541
"IN",278,489,541
"IN",278,490,541
"IN",278,352,376
"IN",278,350,365
"IN",278,491,537
"IN",278,508,550
"IN",278,358,379
"IN",278,508,545
"IN",278,478,534
"IN",278,478,540
"IN",278,478,542
"IN",278,478,543
"IN",279,95,295
"IN",279,95,112
"IN",279,95,126
"IN",279,99,358
"IN",279,98,358
"IN",279,97,358
"IN",279,97,351
"IN",279,358,376
"IN",279,358,377
"IN",279,358,368
"IN",279,358,367
"IN",279,358,378
"IN",279,358,374
"IN",279,358,369
"IN",279,358,365
"IN",279,358,381
"IN",279,358,380
"IN",279,358,370
"IN",279,98,470
"IN",279,98,445
"IN",279,99,412
"IN",279,94,445
"IN",279,94,429
"IN",279,94,457
"IN",279,94,438
"IN",279,96,445
"IN",279,96,438
"IN",279,95,469
"IN",279,95,445
"IN",279,95,422
"IN",279,95,438
"IN",279,99,508
"IN",279,95,196
"IN",279,95,514
"IN",279,95,516
"IN",279,95,523
"IN",279,99,495
"IN",279,99,496
"IN",279,99,497
"IN",279,99,498
"IN",279,99,499
"IN",279,99,500
"IN",279,99,501
"IN",279,99,502
"IN",279,99,503
"IN",279,99,504
"IN",279,99,505
"IN",279,338,380
"IN",279,338,372
"IN",279,358,366
"IN",279,358,382
"IN",279,479,528
"IN",279,480,528
"IN",279,488,528
"IN",279,493,528
"IN",279,494,528
"IN",279,479,529
"IN",279,480,529
"IN",279,488,529
"IN",279,493,529
"IN",279,494,529
"IN",279,493,531
"IN",279,494,531
"IN",279,479,532
"IN",279,480,532
"IN",279,488,532
"IN",279,493,532
"IN",279,494,532
"IN",279,479,533
"IN",279,480,533
"IN",279,488,533
"IN",279,493,533
"IN",279,494,533
"IN",279,479,535
"IN",279,480,535
"IN",279,488,535
"IN",279,493,538
"IN",279,494,538
"IN",279,481,539
"IN",279,356,381
"IN",279,356,378
"IN",279,358,379
"IN",279,492,530
"IN",279,494,530
"IN",279,508,548
"IN",279,508,549
"IN",279,478,534
"IN",279,478,540
"IN",279,478,542
"IN",279,478,543
"IN",280,95,295
"IN",280,95,112
"IN",280,95,126
"IN",280,99,358
"IN",280,98,358
"IN",280,97,358
"IN",280,97,351
"IN",280,358,376
"IN",280,358,377
"IN",280,358,368
"IN",280,358,367
"IN",280,358,378
"IN",280,358,374
"IN",280,358,369
"IN",280,358,365
"IN",280,358,381
"IN",280,358,380
"IN",280,358,370
"IN",280,98,470
"IN",280,98,445
"IN",280,99,412
"IN",280,94,445
"IN",280,94,429
"IN",280,94,457
"IN",280,94,438
"IN",280,96,445
"IN",280,96,438
"IN",280,95,469
"IN",280,95,445
"IN",280,95,422
"IN",280,95,438
"IN",280,99,508
"IN",280,95,196
"IN",280,95,514
"IN",280,95,516
"IN",280,95,523
"IN",280,99,495
"IN",280,99,496
"IN",280,99,497
"IN",280,99,498
"IN",280,99,499
"IN",280,99,500
"IN",280,99,501
"IN",280,99,502
"IN",280,99,503
"IN",280,99,504
"IN",280,99,505
"IN",280,508,544
"IN",280,358,366
"IN",280,358,382
"IN",280,479,528
"IN",280,480,528
"IN",280,488,528
"IN",280,479,529
"IN",280,480,529
"IN",280,488,529
"IN",280,479,532
"IN",280,480,532
"IN",280,488,532
"IN",280,479,533
"IN",280,480,533
"IN",280,488,533
"IN",280,479,535
"IN",280,480,535
"IN",280,488,535
"IN",280,481,539
"IN",280,508,545
"IN",280,508,550
"IN",280,358,379
"IN",280,508,548
"IN",280,478,534
"IN",280,478,540
"IN",280,478,542
"IN",280,478,543
"IN",280,364,365
"IN",281,95,295
"IN",281,95,112
"IN",281,95,126
"IN",281,99,358
"IN",281,98,358
"IN",281,97,358
"IN",281,97,351
"IN",281,358,376
"IN",281,358,377
"IN",281,358,368
"IN",281,358,367
"IN",281,358,378
"IN",281,358,374
"IN",281,358,369
"IN",281,358,365
"IN",281,358,381
"IN",281,358,380
"IN",281,358,370
"IN",281,98,470
"IN",281,98,445
"IN",281,99,412
"IN",281,94,445
"IN",281,94,429
"IN",281,94,457
"IN",281,94,438
"IN",281,96,445
"IN",281,96,438
"IN",281,95,469
"IN",281,95,445
"IN",281,95,422
"IN",281,95,438
"IN",281,99,508
"IN",281,95,196
"IN",281,95,514
"IN",281,95,516
"IN",281,95,523
"IN",281,99,495
"IN",281,99,496
"IN",281,99,497
"IN",281,99,498
"IN",281,99,499
"IN",281,99,500
"IN",281,99,501
"IN",281,99,502
"IN",281,99,503
"IN",281,99,504
"IN",281,99,505
"IN",281,508,544
"IN",281,358,366
"IN",281,358,382
"IN",281,479,528
"IN",281,480,528
"IN",281,488,528
"IN",281,493,528
"IN",281,494,528
"IN",281,479,529
"IN",281,480,529
"IN",281,488,529
"IN",281,493,529
"IN",281,494,529
"IN",281,493,531
"IN",281,494,531
"IN",281,479,532
"IN",281,480,532
"IN",281,488,532
"IN",281,493,532
"IN",281,494,532
"IN",281,479,533
"IN",281,480,533
"IN",281,488,533
"IN",281,493,533
"IN",281,494,533
"IN",281,493,538
"IN",281,494,538
"IN",281,356,381
"IN",281,356,378
"IN",281,491,537
"IN",281,493,537
"IN",281,508,545
"IN",281,508,546
"IN",281,358,379
"IN",281,494,530
"IN",281,508,548
"IN",281,478,534
"IN",281,478,540
"IN",281,478,542
"IN",281,478,543
"IN",281,364,365
"IN",282,95,295
"IN",282,95,112
"IN",282,95,126
"IN",282,99,358
"IN",282,98,358
"IN",282,97,358
"IN",282,97,351
"IN",282,358,376
"IN",282,358,377
"IN",282,358,368
"IN",282,358,367
"IN",282,358,378
"IN",282,358,374
"IN",282,358,369
"IN",282,358,365
"IN",282,358,381
"IN",282,358,380
"IN",282,358,370
"IN",282,98,470
"IN",282,98,445
"IN",282,99,412
"IN",282,94,445
"IN",282,94,429
"IN",282,94,457
"IN",282,94,438
"IN",282,96,445
"IN",282,96,438
"IN",282,95,469
"IN",282,95,445
"IN",282,95,422
"IN",282,95,438
"IN",282,99,508
"IN",282,95,196
"IN",282,95,514
"IN",282,95,516
"IN",282,95,523
"IN",282,99,495
"IN",282,99,496
"IN",282,99,497
"IN",282,99,498
"IN",282,99,499
"IN",282,99,500
"IN",282,99,501
"IN",282,99,502
"IN",282,99,503
"IN",282,99,504
"IN",282,99,505
"IN",282,508,544
"IN",282,358,366
"IN",282,358,382
"IN",282,477,527
"IN",282,487,527
"IN",282,489,527
"IN",282,490,527
"IN",282,477,540
"IN",282,487,540
"IN",282,489,540
"IN",282,490,540
"IN",282,477,541
"IN",282,487,541
"IN",282,489,541
"IN",282,490,541
"IN",282,356,381
"IN",282,356,378
"IN",282,350,365
"IN",282,491,537
"IN",282,508,550
"IN",282,358,379
"IN",282,508,545
"IN",282,508,548
"IN",282,508,549
"IN",283,95,295
"IN",283,95,112
"IN",283,95,126
"IN",283,99,358
"IN",283,98,358
"IN",283,97,358
"IN",283,97,351
"IN",283,358,376
"IN",283,358,377
"IN",283,358,368
"IN",283,358,367
"IN",283,358,378
"IN",283,358,374
"IN",283,358,369
"IN",283,358,365
"IN",283,358,381
"IN",283,358,380
"IN",283,358,370
"IN",283,98,470
"IN",283,98,445
"IN",283,99,412
"IN",283,94,445
"IN",283,94,429
"IN",283,94,457
"IN",283,94,438
"IN",283,96,445
"IN",283,96,438
"IN",283,95,469
"IN",283,95,445
"IN",283,95,422
"IN",283,95,438
"IN",283,99,508
"IN",283,95,196
"IN",283,95,514
"IN",283,95,516
"IN",283,95,523
"IN",283,99,495
"IN",283,99,496
"IN",283,99,497
"IN",283,99,498
"IN",283,99,499
"IN",283,99,500
"IN",283,99,501
"IN",283,99,502
"IN",283,99,503
"IN",283,99,504
"IN",283,99,505
"IN",283,508,544
"IN",283,358,366
"IN",283,358,382
"IN",283,477,527
"IN",283,487,527
"IN",283,489,527
"IN",283,490,527
"IN",283,479,528
"IN",283,480,528
"IN",283,488,528
"IN",283,493,528
"IN",283,494,528
"IN",283,479,529
"IN",283,480,529
"IN",283,488,529
"IN",283,493,529
"IN",283,494,529
"IN",283,493,531
"IN",283,494,531
"IN",283,479,532
"IN",283,480,532
"IN",283,488,532
"IN",283,493,532
"IN",283,494,532
"IN",283,479,533
"IN",283,480,533
"IN",283,488,533
"IN",283,493,533
"IN",283,494,533
"IN",283,493,538
"IN",283,494,538
"IN",283,477,540
"IN",283,487,540
"IN",283,489,540
"IN",283,490,540
"IN",283,477,541
"IN",283,487,541
"IN",283,489,541
"IN",283,490,541
"IN",283,356,381
"IN",283,356,378
"IN",283,508,545
"IN",283,358,379
"IN",283,508,546
"IN",283,494,530
"IN",283,508,549
"IN",284,95,295
"IN",284,95,112
"IN",284,95,126
"IN",284,99,358
"IN",284,98,358
"IN",284,97,358
"IN",284,97,351
"IN",284,358,376
"IN",284,358,377
"IN",284,358,368
"IN",284,358,367
"IN",284,358,378
"IN",284,358,374
"IN",284,358,369
"IN",284,358,365
"IN",284,358,381
"IN",284,358,380
"IN",284,358,370
"IN",284,98,470
"IN",284,98,445
"IN",284,99,412
"IN",284,94,445
"IN",284,94,429
"IN",284,94,457
"IN",284,94,438
"IN",284,96,445
"IN",284,96,438
"IN",284,95,469
"IN",284,95,445
"IN",284,95,422
"IN",284,95,438
"IN",284,99,508
"IN",284,95,196
"IN",284,95,514
"IN",284,95,516
"IN",284,95,523
"IN",284,99,495
"IN",284,99,496
"IN",284,99,497
"IN",284,99,498
"IN",284,99,499
"IN",284,99,500
"IN",284,99,501
"IN",284,99,502
"IN",284,99,503
"IN",284,99,504
"IN",284,99,505
"IN",284,352,375
"IN",284,508,544
"IN",284,352,365
"IN",284,358,366
"IN",284,358,382
"IN",284,477,527
"IN",284,487,527
"IN",284,489,527
"IN",284,490,527
"IN",284,479,528
"IN",284,480,528
"IN",284,488,528
"IN",284,479,529
"IN",284,480,529
"IN",284,488,529
"IN",284,479,532
"IN",284,480,532
"IN",284,488,532
"IN",284,479,533
"IN",284,480,533
"IN",284,488,533
"IN",284,477,540
"IN",284,487,540
"IN",284,489,540
"IN",284,490,540
"IN",284,477,541
"IN",284,487,541
"IN",284,489,541
"IN",284,490,541
"IN",284,356,381
"IN",284,352,376
"IN",284,356,378
"IN",284,350,365
"IN",284,358,379
"IN",284,508,546
"IN",284,508,549
"IN",284,364,365
"IN",284,360,365
"IN",284,360,376
"IN",285,95,295
"IN",285,95,112
"IN",285,95,126
"IN",285,99,358
"IN",285,98,358
"IN",285,97,358
"IN",285,97,351
"IN",285,358,376
"IN",285,358,377
"IN",285,358,368
"IN",285,358,367
"IN",285,358,378
"IN",285,358,374
"IN",285,358,369
"IN",285,358,365
"IN",285,358,381
"IN",285,358,380
"IN",285,358,370
"IN",285,98,470
"IN",285,98,445
"IN",285,99,412
"IN",285,94,445
"IN",285,94,429
"IN",285,94,457
"IN",285,94,438
"IN",285,96,445
"IN",285,96,438
"IN",285,95,469
"IN",285,95,445
"IN",285,95,422
"IN",285,95,438
"IN",285,99,508
"IN",285,95,196
"IN",285,95,514
"IN",285,95,516
"IN",285,95,523
"IN",285,99,495
"IN",285,99,496
"IN",285,99,497
"IN",285,99,498
"IN",285,99,499
"IN",285,99,500
"IN",285,99,501
"IN",285,99,502
"IN",285,99,503
"IN",285,99,504
"IN",285,99,505
"IN",285,508,544
"IN",285,358,366
"IN",285,358,382
"IN",285,479,528
"IN",285,480,528
"IN",285,488,528
"IN",285,493,528
"IN",285,494,528
"IN",285,479,529
"IN",285,480,529
"IN",285,488,529
"IN",285,493,529
"IN",285,494,529
"IN",285,493,531
"IN",285,494,531
"IN",285,479,532
"IN",285,480,532
"IN",285,488,532
"IN",285,493,532
"IN",285,494,532
"IN",285,479,533
"IN",285,480,533
"IN",285,488,533
"IN",285,493,533
"IN",285,494,533
"IN",285,493,538
"IN",285,494,538
"IN",285,356,381
"IN",285,356,378
"IN",285,508,545
"IN",285,508,546
"IN",285,358,379
"IN",285,508,548
"IN",285,508,549
"IN",286,95,295
"IN",286,95,112
"IN",286,95,126
"IN",286,99,358
"IN",286,98,358
"IN",286,97,358
"IN",286,97,351
"IN",286,358,376
"IN",286,358,377
"IN",286,358,368
"IN",286,358,367
"IN",286,358,378
"IN",286,358,374
"IN",286,358,369
"IN",286,358,365
"IN",286,358,381
"IN",286,358,380
"IN",286,358,370
"IN",286,98,470
"IN",286,98,445
"IN",286,99,412
"IN",286,94,445
"IN",286,94,429
"IN",286,94,457
"IN",286,94,438
"IN",286,96,445
"IN",286,96,438
"IN",286,95,469
"IN",286,95,445
"IN",286,95,422
"IN",286,95,438
"IN",286,99,508
"IN",286,95,196
"IN",286,95,514
"IN",286,95,516
"IN",286,95,523
"IN",286,99,495
"IN",286,99,496
"IN",286,99,497
"IN",286,99,498
"IN",286,99,499
"IN",286,99,500
"IN",286,99,501
"IN",286,99,502
"IN",286,99,503
"IN",286,99,504
"IN",286,99,505
"IN",286,508,544
"IN",286,358,366
"IN",286,358,382
"IN",286,481,539
"IN",286,356,381
"IN",286,356,378
"IN",286,350,365
"IN",286,491,537
"IN",286,508,546
"IN",286,358,379
"IN",286,508,545
"IN",286,478,534
"IN",286,478,540
"IN",286,478,542
"IN",286,478,543
"IN",286,364,365
"IN",287,95,295
"IN",287,95,112
"IN",287,95,126
"IN",287,99,358
"IN",287,98,358
"IN",287,97,358
"IN",287,97,351
"IN",287,358,376
"IN",287,358,377
"IN",287,358,368
"IN",287,358,367
"IN",287,358,378
"IN",287,358,374
"IN",287,358,369
"IN",287,358,365
"IN",287,358,381
"IN",287,358,380
"IN",287,358,370
"IN",287,98,470
"IN",287,98,445
"IN",287,99,412
"IN",287,94,445
"IN",287,94,429
"IN",287,94,457
"IN",287,94,438
"IN",287,96,445
"IN",287,96,438
"IN",287,95,469
"IN",287,95,445
"IN",287,95,422
"IN",287,95,438
"IN",287,99,508
"IN",287,95,196
"IN",287,95,514
"IN",287,95,516
"IN",287,95,523
"IN",287,99,495
"IN",287,99,496
"IN",287,99,497
"IN",287,99,498
"IN",287,99,499
"IN",287,99,500
"IN",287,99,501
"IN",287,99,502
"IN",287,99,503
"IN",287,99,504
"IN",287,99,505
"IN",287,508,544
"IN",287,358,366
"IN",287,358,382
"IN",287,479,528
"IN",287,480,528
"IN",287,488,528
"IN",287,479,529
"IN",287,480,529
"IN",287,488,529
"IN",287,479,532
"IN",287,480,532
"IN",287,488,532
"IN",287,479,533
"IN",287,480,533
"IN",287,488,533
"IN",287,356,381
"IN",287,356,378
"IN",287,350,365
"IN",287,347,376
"IN",287,358,379
"IN",287,492,530
"IN",287,508,548
"IN",287,478,534
"IN",287,492,536
"IN",287,478,540
"IN",287,478,542
"IN",287,478,543
"IN",288,95,295
"IN",288,95,112
"IN",288,95,126
"IN",288,99,358
"IN",288,98,358
"IN",288,97,358
"IN",288,97,351
"IN",288,358,376
"IN",288,358,377
"IN",288,358,368
"IN",288,358,367
"IN",288,358,378
"IN",288,358,374
"IN",288,358,369
"IN",288,358,365
"IN",288,358,381
"IN",288,358,380
"IN",288,358,370
"IN",288,98,470
"IN",288,98,445
"IN",288,99,412
"IN",288,94,445
"IN",288,94,429
"IN",288,94,457
"IN",288,94,438
"IN",288,96,445
"IN",288,96,438
"IN",288,95,469
"IN",288,95,445
"IN",288,95,422
"IN",288,95,438
"IN",288,99,508
"IN",288,95,196
"IN",288,95,514
"IN",288,95,516
"IN",288,95,523
"IN",288,99,495
"IN",288,99,496
"IN",288,99,497
"IN",288,99,498
"IN",288,99,499
"IN",288,99,500
"IN",288,99,501
"IN",288,99,502
"IN",288,99,503
"IN",288,99,504
"IN",288,99,505
"IN",288,352,375
"IN",288,508,544
"IN",288,352,365
"IN",288,358,366
"IN",288,358,382
"IN",288,477,527
"IN",288,487,527
"IN",288,489,527
"IN",288,490,527
"IN",288,479,528
"IN",288,480,528
"IN",288,488,528
"IN",288,479,529
"IN",288,480,529
"IN",288,488,529
"IN",288,479,532
"IN",288,480,532
"IN",288,488,532
"IN",288,479,533
"IN",288,480,533
"IN",288,488,533
"IN",288,477,540
"IN",288,487,540
"IN",288,489,540
"IN",288,490,540
"IN",288,477,541
"IN",288,487,541
"IN",288,489,541
"IN",288,490,541
"IN",288,352,376
"IN",288,491,537
"IN",288,358,379
"IN",288,508,545
"IN",288,508,548
"IN",288,508,549
"IN",289,95,295
"IN",289,95,112
"IN",289,95,126
"IN",289,99,358
"IN",289,98,358
"IN",289,97,358
"IN",289,97,351
"IN",289,358,376
"IN",289,358,377
"IN",289,358,368
"IN",289,358,367
"IN",289,358,378
"IN",289,358,374
"IN",289,358,369
"IN",289,358,365
"IN",289,358,381
"IN",289,358,380
"IN",289,358,370
"IN",289,98,470
"IN",289,98,445
"IN",289,99,412
"IN",289,94,445
"IN",289,94,429
"IN",289,94,457
"IN",289,94,438
"IN",289,96,445
"IN",289,96,438
"IN",289,95,469
"IN",289,95,445
"IN",289,95,422
"IN",289,95,438
"IN",289,99,508
"IN",289,95,196
"IN",289,95,514
"IN",289,95,516
"IN",289,95,523
"IN",289,99,495
"IN",289,99,496
"IN",289,99,497
"IN",289,99,498
"IN",289,99,499
"IN",289,99,500
"IN",289,99,501
"IN",289,99,502
"IN",289,99,503
"IN",289,99,504
"IN",289,99,505
"IN",289,508,544
"IN",289,358,366
"IN",289,358,382
"IN",289,479,528
"IN",289,480,528
"IN",289,488,528
"IN",289,493,528
"IN",289,494,528
"IN",289,479,529
"IN",289,480,529
"IN",289,488,529
"IN",289,493,529
"IN",289,494,529
"IN",289,493,531
"IN",289,494,531
"IN",289,479,532
"IN",289,480,532
"IN",289,488,532
"IN",289,493,532
"IN",289,494,532
"IN",289,479,533
"IN",289,480,533
"IN",289,488,533
"IN",289,493,533
"IN",289,494,533
"IN",289,479,535
"IN",289,480,535
"IN",289,488,535
"IN",289,493,538
"IN",289,494,538
"IN",289,356,381
"IN",289,356,378
"IN",289,350,365
"IN",289,347,376
"IN",289,358,379
"IN",289,508,546
"IN",289,494,530
"IN",289,508,548
"IN",289,478,534
"IN",289,478,540
"IN",289,478,542
"IN",289,478,543
"IN",290,95,295
"IN",290,95,112
"IN",290,95,126
"IN",290,99,358
"IN",290,98,358
"IN",290,97,358
"IN",290,97,351
"IN",290,358,376
"IN",290,358,377
"IN",290,358,368
"IN",290,358,367
"IN",290,358,378
"IN",290,358,374
"IN",290,358,369
"IN",290,358,365
"IN",290,358,381
"IN",290,358,380
"IN",290,358,370
"IN",290,98,470
"IN",290,98,445
"IN",290,99,412
"IN",290,94,445
"IN",290,94,429
"IN",290,94,457
"IN",290,94,438
"IN",290,96,445
"IN",290,96,438
"IN",290,95,469
"IN",290,95,445
"IN",290,95,422
"IN",290,95,438
"IN",290,99,508
"IN",290,95,196
"IN",290,95,514
"IN",290,95,516
"IN",290,95,523
"IN",290,99,495
"IN",290,99,496
"IN",290,99,497
"IN",290,99,498
"IN",290,99,499
"IN",290,99,500
"IN",290,99,501
"IN",290,99,502
"IN",290,99,503
"IN",290,99,504
"IN",290,99,505
"IN",290,508,544
"IN",290,358,366
"IN",290,358,382
"IN",290,477,527
"IN",290,487,527
"IN",290,489,527
"IN",290,490,527
"IN",290,477,540
"IN",290,487,540
"IN",290,489,540
"IN",290,490,540
"IN",290,477,541
"IN",290,487,541
"IN",290,489,541
"IN",290,490,541
"IN",290,491,537
"IN",290,508,550
"IN",290,358,379
"IN",290,508,548
"IN",290,508,549
"IN",290,364,365
"IN",290,360,365
"IN",290,360,376
"IN",291,95,295
"IN",291,95,112
"IN",291,95,126
"IN",291,99,358
"IN",291,98,358
"IN",291,97,358
"IN",291,97,351
"IN",291,358,376
"IN",291,358,377
"IN",291,358,368
"IN",291,358,367
"IN",291,358,378
"IN",291,358,374
"IN",291,358,369
"IN",291,358,365
"IN",291,358,381
"IN",291,358,380
"IN",291,358,370
"IN",291,98,470
"IN",291,98,445
"IN",291,99,412
"IN",291,94,445
"IN",291,94,429
"IN",291,94,457
"IN",291,94,438
"IN",291,96,445
"IN",291,96,438
"IN",291,95,469
"IN",291,95,445
"IN",291,95,422
"IN",291,95,438
"IN",291,99,508
"IN",291,95,196
"IN",291,95,514
"IN",291,95,516
"IN",291,95,523
"IN",291,99,495
"IN",291,99,496
"IN",291,99,497
"IN",291,99,498
"IN",291,99,499
"IN",291,99,500
"IN",291,99,501
"IN",291,99,502
"IN",291,99,503
"IN",291,99,504
"IN",291,99,505
"IN",291,352,375
"IN",291,338,380
"IN",291,338,372
"IN",291,352,365
"IN",291,358,366
"IN",291,358,382
"IN",291,477,527
"IN",291,487,527
"IN",291,489,527
"IN",291,490,527
"IN",291,479,528
"IN",291,480,528
"IN",291,488,528
"IN",291,479,529
"IN",291,480,529
"IN",291,488,529
"IN",291,479,532
"IN",291,480,532
"IN",291,488,532
"IN",291,479,533
"IN",291,480,533
"IN",291,488,533
"IN",291,479,535
"IN",291,480,535
"IN",291,488,535
"IN",291,481,539
"IN",291,477,540
"IN",291,487,540
"IN",291,489,540
"IN",291,490,540
"IN",291,477,541
"IN",291,487,541
"IN",291,489,541
"IN",291,490,541
"IN",291,352,376
"IN",291,350,365
"IN",291,508,545
"IN",291,508,546
"IN",291,347,376
"IN",291,358,379
"IN",291,492,530
"IN",291,508,548
"IN",291,508,549
"IN",291,360,365
"IN",291,360,376
"IN",292,95,295
"IN",292,95,112
"IN",292,95,126
"IN",292,99,358
"IN",292,98,358
"IN",292,97,358
"IN",292,97,351
"IN",292,358,376
"IN",292,358,377
"IN",292,358,368
"IN",292,358,367
"IN",292,358,378
"IN",292,358,374
"IN",292,358,369
"IN",292,358,365
"IN",292,358,381
"IN",292,358,380
"IN",292,358,370
"IN",292,98,470
"IN",292,98,445
"IN",292,99,412
"IN",292,94,445
"IN",292,94,429
"IN",292,94,457
"IN",292,94,438
"IN",292,96,445
"IN",292,96,438
"IN",292,95,469
"IN",292,95,445
"IN",292,95,422
"IN",292,95,438
"IN",292,99,508
"IN",292,95,196
"IN",292,95,514
"IN",292,95,516
"IN",292,95,523
"IN",292,99,495
"IN",292,99,496
"IN",292,99,497
"IN",292,99,498
"IN",292,99,499
"IN",292,99,500
"IN",292,99,501
"IN",292,99,502
"IN",292,99,503
"IN",292,99,504
"IN",292,99,505
"IN",292,338,380
"IN",292,338,372
"IN",292,358,366
"IN",292,358,382
"IN",292,479,528
"IN",292,480,528
"IN",292,488,528
"IN",292,493,528
"IN",292,494,528
"IN",292,479,529
"IN",292,480,529
"IN",292,488,529
"IN",292,493,529
"IN",292,494,529
"IN",292,493,531
"IN",292,494,531
"IN",292,479,532
"IN",292,480,532
"IN",292,488,532
"IN",292,493,532
"IN",292,494,532
"IN",292,479,533
"IN",292,480,533
"IN",292,488,533
"IN",292,493,533
"IN",292,494,533
"IN",292,493,538
"IN",292,494,538
"IN",292,350,365
"IN",292,491,537
"IN",292,493,537
"IN",292,508,545
"IN",292,508,550
"IN",292,358,379
"IN",292,508,546
"IN",292,508,548
"IN",292,508,549
"IN",292,478,534
"IN",292,478,540
"IN",292,478,542
"IN",292,478,543
"IN",293,95,295
"IN",293,95,112
"IN",293,95,126
"IN",293,99,358
"IN",293,98,358
"IN",293,97,358
"IN",293,97,351
"IN",293,358,376
"IN",293,358,377
"IN",293,358,368
"IN",293,358,367
"IN",293,358,378
"IN",293,358,374
"IN",293,358,369
"IN",293,358,365
"IN",293,358,381
"IN",293,358,380
"IN",293,358,370
"IN",293,98,470
"IN",293,98,445
"IN",293,99,412
"IN",293,94,445
"IN",293,94,429
"IN",293,94,457
"IN",293,94,438
"IN",293,96,445
"IN",293,96,438
"IN",293,95,469
"IN",293,95,445
"IN",293,95,422
"IN",293,95,438
"IN",293,99,508
"IN",293,95,196
"IN",293,95,514
"IN",293,95,516
"IN",293,95,523
"IN",293,99,495
"IN",293,99,496
"IN",293,99,497
"IN",293,99,498
"IN",293,99,499
"IN",293,99,500
"IN",293,99,501
"IN",293,99,502
"IN",293,99,503
"IN",293,99,504
"IN",293,99,505
"IN",293,358,366
"IN",293,358,382
"IN",293,479,528
"IN",293,480,528
"IN",293,488,528
"IN",293,493,528
"IN",293,494,528
"IN",293,479,529
"IN",293,480,529
"IN",293,488,529
"IN",293,493,529
"IN",293,494,529
"IN",293,493,531
"IN",293,494,531
"IN",293,479,532
"IN",293,480,532
"IN",293,488,532
"IN",293,493,532
"IN",293,494,532
"IN",293,479,533
"IN",293,480,533
"IN",293,488,533
"IN",293,493,533
"IN",293,494,533
"IN",293,493,538
"IN",293,494,538
"IN",293,356,381
"IN",293,356,378
"IN",293,508,546
"IN",293,508,547
"IN",293,358,379
"IN",293,494,530
"IN",294,95,295
"IN",294,95,112
"IN",294,95,126
"IN",294,99,358
"IN",294,98,358
"IN",294,97,358
"IN",294,97,351
"IN",294,358,376
"IN",294,358,377
"IN",294,358,368
"IN",294,358,367
"IN",294,358,378
"IN",294,358,374
"IN",294,358,369
"IN",294,358,365
"IN",294,358,381
"IN",294,358,380
"IN",294,358,370
"IN",294,98,470
"IN",294,98,445
"IN",294,99,412
"IN",294,94,445
"IN",294,94,429
"IN",294,94,457
"IN",294,94,438
"IN",294,96,445
"IN",294,96,438
"IN",294,95,469
"IN",294,95,445
"IN",294,95,422
"IN",294,95,438
"IN",294,99,508
"IN",294,95,196
"IN",294,95,514
"IN",294,95,516
"IN",294,95,523
"IN",294,99,495
"IN",294,99,496
"IN",294,99,497
"IN",294,99,498
"IN",294,99,499
"IN",294,99,500
"IN",294,99,501
"IN",294,99,502
"IN",294,99,503
"IN",294,99,504
"IN",294,99,505
"IN",294,508,544
"IN",294,358,366
"IN",294,358,382
"IN",294,350,365
"IN",294,491,537
"IN",294,347,376
"IN",294,358,379
"IN",294,508,545
"IN",294,508,546
"IN",294,492,530
"IN",294,508,548
"IN",294,508,549
"IN",294,478,534
"IN",294,492,536
"IN",294,478,540
"IN",294,478,542
"IN",294,478,543
"IN",295,95,295
"IN",295,95,112
"IN",295,95,126
"IN",295,99,358
"IN",295,98,358
"IN",295,97,358
"IN",295,97,351
"IN",295,358,376
"IN",295,358,377
"IN",295,358,368
"IN",295,358,367
"IN",295,358,378
"IN",295,358,374
"IN",295,358,369
"IN",295,358,365
"IN",295,358,381
"IN",295,358,380
"IN",295,358,370
"IN",295,98,470
"IN",295,98,445
"IN",295,99,412
"IN",295,94,445
"IN",295,94,429
"IN",295,94,457
"IN",295,94,438
"IN",295,96,445
"IN",295,96,438
"IN",295,95,469
"IN",295,95,445
"IN",295,95,422
"IN",295,95,438
"IN",295,99,508
"IN",295,95,196
"IN",295,95,514
"IN",295,95,516
"IN",295,95,523
"IN",295,99,495
"IN",295,99,496
"IN",295,99,497
"IN",295,99,498
"IN",295,99,499
"IN",295,99,500
"IN",295,99,501
"IN",295,99,502
"IN",295,99,503
"IN",295,99,504
"IN",295,99,505
"IN",295,508,544
"IN",295,358,366
"IN",295,358,382
"IN",295,477,527
"IN",295,484,527
"IN",295,487,527
"IN",295,489,527
"IN",295,490,527
"IN",295,479,528
"IN",295,480,528
"IN",295,488,528
"IN",295,493,528
"IN",295,494,528
"IN",295,479,529
"IN",295,480,529
"IN",295,488,529
"IN",295,493,529
"IN",295,494,529
"IN",295,493,531
"IN",295,494,531
"IN",295,479,532
"IN",295,480,532
"IN",295,488,532
"IN",295,493,532
"IN",295,494,532
"IN",295,479,533
"IN",295,480,533
"IN",295,488,533
"IN",295,493,533
"IN",295,494,533
"IN",295,493,538
"IN",295,494,538
"IN",295,477,540
"IN",295,484,540
"IN",295,487,540
"IN",295,489,540
"IN",295,490,540
"IN",295,477,541
"IN",295,484,541
"IN",295,487,541
"IN",295,489,541
"IN",295,490,541
"IN",295,356,381
"IN",295,356,378
"IN",295,358,379
"IN",295,508,545
"IN",295,508,546
"IN",295,484,534
"IN",295,484,542
"IN",295,484,543
"IN",295,337,377
"IN",295,478,534
"IN",295,492,536
"IN",295,478,540
"IN",295,478,542
"IN",295,478,543
"IN",295,337,365
"IN",295,337,369
"IN",295,337,376
"IN",295,337,381
"IN",295,337,378
"IN",295,337,371
"IN",295,360,365
"IN",295,360,376
"IN",296,95,295
"IN",296,95,112
"IN",296,95,126
"IN",296,99,358
"IN",296,98,358
"IN",296,97,358
"IN",296,97,351
"IN",296,358,376
"IN",296,358,377
"IN",296,358,368
"IN",296,358,367
"IN",296,358,378
"IN",296,358,374
"IN",296,358,369
"IN",296,358,365
"IN",296,358,381
"IN",296,358,380
"IN",296,358,370
"IN",296,98,470
"IN",296,98,445
"IN",296,99,412
"IN",296,94,445
"IN",296,94,429
"IN",296,94,457
"IN",296,94,438
"IN",296,96,445
"IN",296,96,438
"IN",296,95,469
"IN",296,95,445
"IN",296,95,422
"IN",296,95,438
"IN",296,99,508
"IN",296,95,196
"IN",296,95,514
"IN",296,95,516
"IN",296,95,523
"IN",296,99,495
"IN",296,99,496
"IN",296,99,497
"IN",296,99,498
"IN",296,99,499
"IN",296,99,500
"IN",296,99,501
"IN",296,99,502
"IN",296,99,503
"IN",296,99,504
"IN",296,99,505
"IN",296,352,375
"IN",296,352,365
"IN",296,358,366
"IN",296,358,382
"IN",296,477,527
"IN",296,484,527
"IN",296,487,527
"IN",296,489,527
"IN",296,490,527
"IN",296,479,528
"IN",296,480,528
"IN",296,488,528
"IN",296,494,528
"IN",296,479,529
"IN",296,480,529
"IN",296,488,529
"IN",296,494,529
"IN",296,494,531
"IN",296,479,532
"IN",296,480,532
"IN",296,488,532
"IN",296,494,532
"IN",296,479,533
"IN",296,480,533
"IN",296,488,533
"IN",296,494,533
"IN",296,494,538
"IN",296,477,540
"IN",296,484,540
"IN",296,487,540
"IN",296,489,540
"IN",296,490,540
"IN",296,477,541
"IN",296,484,541
"IN",296,487,541
"IN",296,489,541
"IN",296,490,541
"IN",296,356,381
"IN",296,352,376
"IN",296,356,378
"IN",296,508,545
"IN",296,358,379
"IN",296,484,534
"IN",296,484,542
"IN",296,484,543
"IN",296,508,548
"IN",296,508,549
"IN",296,478,534
"IN",296,478,540
"IN",296,478,542
"IN",296,478,543
"IN",296,364,365
"IN",297,95,295
"IN",297,95,112
"IN",297,95,126
"IN",297,99,358
"IN",297,98,358
"IN",297,97,358
"IN",297,97,351
"IN",297,358,376
"IN",297,358,377
"IN",297,358,368
"IN",297,358,367
"IN",297,358,378
"IN",297,358,374
"IN",297,358,369
"IN",297,358,365
"IN",297,358,381
"IN",297,358,380
"IN",297,358,370
"IN",297,98,470
"IN",297,98,445
"IN",297,99,412
"IN",297,94,445
"IN",297,94,429
"IN",297,94,457
"IN",297,94,438
"IN",297,96,445
"IN",297,96,438
"IN",297,95,469
"IN",297,95,445
"IN",297,95,422
"IN",297,95,438
"IN",297,99,508
"IN",297,95,196
"IN",297,95,514
"IN",297,95,516
"IN",297,95,523
"IN",297,99,495
"IN",297,99,496
"IN",297,99,497
"IN",297,99,498
"IN",297,99,499
"IN",297,99,500
"IN",297,99,501
"IN",297,99,502
"IN",297,99,503
"IN",297,99,504
"IN",297,99,505
"IN",297,508,544
"IN",297,358,366
"IN",297,358,382
"IN",297,479,528
"IN",297,480,528
"IN",297,488,528
"IN",297,493,528
"IN",297,494,528
"IN",297,479,529
"IN",297,480,529
"IN",297,488,529
"IN",297,493,529
"IN",297,494,529
"IN",297,493,531
"IN",297,494,531
"IN",297,479,532
"IN",297,480,532
"IN",297,488,532
"IN",297,493,532
"IN",297,494,532
"IN",297,479,533
"IN",297,480,533
"IN",297,488,533
"IN",297,493,533
"IN",297,494,533
"IN",297,479,535
"IN",297,480,535
"IN",297,488,535
"IN",297,493,538
"IN",297,494,538
"IN",297,356,381
"IN",297,356,378
"IN",297,350,365
"IN",297,508,545
"IN",297,508,550
"IN",297,358,379
"IN",297,364,365
"IN",298,95,295
"IN",298,95,112
"IN",298,95,126
"IN",298,99,358
"IN",298,98,358
"IN",298,97,358
"IN",298,97,351
"IN",298,358,376
"IN",298,358,377
"IN",298,358,368
"IN",298,358,367
"IN",298,358,378
"IN",298,358,374
"IN",298,358,369
"IN",298,358,365
"IN",298,358,381
"IN",298,358,380
"IN",298,358,370
"IN",298,98,470
"IN",298,98,445
"IN",298,99,412
"IN",298,94,445
"IN",298,94,429
"IN",298,94,457
"IN",298,94,438
"IN",298,96,445
"IN",298,96,438
"IN",298,95,469
"IN",298,95,445
"IN",298,95,422
"IN",298,95,438
"IN",298,99,508
"IN",298,95,196
"IN",298,95,514
"IN",298,95,516
"IN",298,95,523
"IN",298,99,495
"IN",298,99,496
"IN",298,99,497
"IN",298,99,498
"IN",298,99,499
"IN",298,99,500
"IN",298,99,501
"IN",298,99,502
"IN",298,99,503
"IN",298,99,504
"IN",298,99,505
"IN",298,508,544
"IN",298,358,366
"IN",298,358,382
"IN",298,477,527
"IN",298,487,527
"IN",298,489,527
"IN",298,490,527
"IN",298,479,528
"IN",298,480,528
"IN",298,488,528
"IN",298,493,528
"IN",298,479,529
"IN",298,480,529
"IN",298,488,529
"IN",298,493,529
"IN",298,493,531
"IN",298,479,532
"IN",298,480,532
"IN",298,488,532
"IN",298,493,532
"IN",298,479,533
"IN",298,480,533
"IN",298,488,533
"IN",298,493,533
"IN",298,479,535
"IN",298,480,535
"IN",298,488,535
"IN",298,493,538
"IN",298,477,540
"IN",298,487,540
"IN",298,489,540
"IN",298,490,540
"IN",298,477,541
"IN",298,487,541
"IN",298,489,541
"IN",298,490,541
"IN",298,350,365
"IN",298,508,546
"IN",298,508,547
"IN",298,508,550
"IN",298,358,379
"IN",298,508,548
"IN",298,492,536
"IN",299,95,295
"IN",299,95,112
"IN",299,95,126
"IN",299,99,358
"IN",299,98,358
"IN",299,97,358
"IN",299,97,351
"IN",299,358,376
"IN",299,358,377
"IN",299,358,368
"IN",299,358,367
"IN",299,358,378
"IN",299,358,374
"IN",299,358,369
"IN",299,358,365
"IN",299,358,381
"IN",299,358,380
"IN",299,358,370
"IN",299,98,470
"IN",299,98,445
"IN",299,99,412
"IN",299,94,445
"IN",299,94,429
"IN",299,94,457
"IN",299,94,438
"IN",299,96,445
"IN",299,96,438
"IN",299,95,469
"IN",299,95,445
"IN",299,95,422
"IN",299,95,438
"IN",299,99,508
"IN",299,95,196
"IN",299,95,514
"IN",299,95,516
"IN",299,95,523
"IN",299,99,495
"IN",299,99,496
"IN",299,99,497
"IN",299,99,498
"IN",299,99,499
"IN",299,99,500
"IN",299,99,501
"IN",299,99,502
"IN",299,99,503
"IN",299,99,504
"IN",299,99,505
"IN",299,352,375
"IN",299,352,365
"IN",299,358,366
"IN",299,358,382
"IN",299,477,527
"IN",299,487,527
"IN",299,489,527
"IN",299,490,527
"IN",299,479,528
"IN",299,480,528
"IN",299,488,528
"IN",299,493,528
"IN",299,494,528
"IN",299,479,529
"IN",299,480,529
"IN",299,488,529
"IN",299,493,529
"IN",299,494,529
"IN",299,493,531
"IN",299,494,531
"IN",299,479,532
"IN",299,480,532
"IN",299,488,532
"IN",299,493,532
"IN",299,494,532
"IN",299,479,533
"IN",299,480,533
"IN",299,488,533
"IN",299,493,533
"IN",299,494,533
"IN",299,479,535
"IN",299,480,535
"IN",299,488,535
"IN",299,493,538
"IN",299,494,538
"IN",299,477,540
"IN",299,487,540
"IN",299,489,540
"IN",299,490,540
"IN",299,477,541
"IN",299,487,541
"IN",299,489,541
"IN",299,490,541
"IN",299,352,376
"IN",299,350,365
"IN",299,358,379
"IN",299,508,545
"IN",299,478,534
"IN",299,478,540
"IN",299,478,542
"IN",299,478,543
"IN",300,95,295
"IN",300,95,112
"IN",300,95,126
"IN",300,99,358
"IN",300,98,358
"IN",300,97,358
"IN",300,97,351
"IN",300,358,376
"IN",300,358,377
"IN",300,358,368
"IN",300,358,367
"IN",300,358,378
"IN",300,358,374
"IN",300,358,369
"IN",300,358,365
"IN",300,358,381
"IN",300,358,380
"IN",300,358,370
"IN",300,98,470
"IN",300,98,445
"IN",300,99,412
"IN",300,94,445
"IN",300,94,429
"IN",300,94,457
"IN",300,94,438
"IN",300,96,445
"IN",300,96,438
"IN",300,95,469
"IN",300,95,445
"IN",300,95,422
"IN",300,95,438
"IN",300,99,508
"IN",300,95,196
"IN",300,95,514
"IN",300,95,516
"IN",300,95,523
"IN",300,99,495
"IN",300,99,496
"IN",300,99,497
"IN",300,99,498
"IN",300,99,499
"IN",300,99,500
"IN",300,99,501
"IN",300,99,502
"IN",300,99,503
"IN",300,99,504
"IN",300,99,505
"IN",300,508,544
"IN",300,358,366
"IN",300,358,382
"IN",300,479,528
"IN",300,480,528
"IN",300,488,528
"IN",300,493,528
"IN",300,479,529
"IN",300,480,529
"IN",300,488,529
"IN",300,493,529
"IN",300,493,531
"IN",300,479,532
"IN",300,480,532
"IN",300,488,532
"IN",300,493,532
"IN",300,479,533
"IN",300,480,533
"IN",300,488,533
"IN",300,493,533
"IN",300,493,538
"IN",300,508,545
"IN",300,508,546
"IN",300,508,547
"IN",300,358,379
"IN",300,337,377
"IN",300,478,534
"IN",300,478,540
"IN",300,478,542
"IN",300,478,543
"IN",300,337,365
"IN",300,337,369
"IN",300,337,376
"IN",300,337,381
"IN",300,337,378
"IN",300,337,371
"IN",300,360,365
"IN",300,360,376
"IN",301,95,295
"IN",301,95,112
"IN",301,95,126
"IN",301,99,358
"IN",301,98,358
"IN",301,97,358
"IN",301,97,351
"IN",301,358,376
"IN",301,358,377
"IN",301,358,368
"IN",301,358,367
"IN",301,358,378
"IN",301,358,374
"IN",301,358,369
"IN",301,358,365
"IN",301,358,381
"IN",301,358,380
"IN",301,358,370
"IN",301,98,470
"IN",301,98,445
"IN",301,99,412
"IN",301,94,445
"IN",301,94,429
"IN",301,94,457
"IN",301,94,438
"IN",301,96,445
"IN",301,96,438
"IN",301,95,469
"IN",301,95,445
"IN",301,95,422
"IN",301,95,438
"IN",301,99,508
"IN",301,95,196
"IN",301,95,514
"IN",301,95,516
"IN",301,95,523
"IN",301,99,495
"IN",301,99,496
"IN",301,99,497
"IN",301,99,498
"IN",301,99,499
"IN",301,99,500
"IN",301,99,501
"IN",301,99,502
"IN",301,99,503
"IN",301,99,504
"IN",301,99,505
"IN",301,358,366
"IN",301,358,382
"IN",301,477,527
"IN",301,487,527
"IN",301,489,527
"IN",301,490,527
"IN",301,479,528
"IN",301,480,528
"IN",301,488,528
"IN",301,479,529
"IN",301,480,529
"IN",301,488,529
"IN",301,479,532
"IN",301,480,532
"IN",301,488,532
"IN",301,479,533
"IN",301,480,533
"IN",301,488,533
"IN",301,481,539
"IN",301,477,540
"IN",301,487,540
"IN",301,489,540
"IN",301,490,540
"IN",301,477,541
"IN",301,487,541
"IN",301,489,541
"IN",301,490,541
"IN",301,508,547
"IN",301,508,550
"IN",301,358,379
"IN",301,492,530
"IN",301,508,545
"IN",301,508,549
"IN",301,478,534
"IN",301,492,536
"IN",301,478,540
"IN",301,478,542
"IN",301,478,543
"IN",302,95,295
"IN",302,95,112
"IN",302,95,126
"IN",302,99,358
"IN",302,98,358
"IN",302,97,358
"IN",302,97,351
"IN",302,358,376
"IN",302,358,377
"IN",302,358,368
"IN",302,358,367
"IN",302,358,378
"IN",302,358,374
"IN",302,358,369
"IN",302,358,365
"IN",302,358,381
"IN",302,358,380
"IN",302,358,370
"IN",302,98,470
"IN",302,98,445
"IN",302,99,412
"IN",302,94,445
"IN",302,94,429
"IN",302,94,457
"IN",302,94,438
"IN",302,96,445
"IN",302,96,438
"IN",302,95,469
"IN",302,95,445
"IN",302,95,422
"IN",302,95,438
"IN",302,99,508
"IN",302,95,196
"IN",302,95,514
"IN",302,95,516
"IN",302,95,523
"IN",302,99,495
"IN",302,99,496
"IN",302,99,497
"IN",302,99,498
"IN",302,99,499
"IN",302,99,500
"IN",302,99,501
"IN",302,99,502
"IN",302,99,503
"IN",302,99,504
"IN",302,99,505
"IN",302,508,544
"IN",302,358,366
"IN",302,358,382
"IN",302,477,527
"IN",302,487,527
"IN",302,489,527
"IN",302,490,527
"IN",302,477,540
"IN",302,487,540
"IN",302,489,540
"IN",302,490,540
"IN",302,477,541
"IN",302,487,541
"IN",302,489,541
"IN",302,490,541
"IN",302,350,365
"IN",302,508,546
"IN",302,508,550
"IN",302,358,379
"IN",302,508,549
"IN",302,364,365
"IN",302,360,365
"IN",302,360,376
"IN",303,95,295
"IN",303,95,112
"IN",303,95,126
"IN",303,99,358
"IN",303,98,358
"IN",303,97,358
"IN",303,97,351
"IN",303,358,376
"IN",303,358,377
"IN",303,358,368
"IN",303,358,367
"IN",303,358,378
"IN",303,358,374
"IN",303,358,369
"IN",303,358,365
"IN",303,358,381
"IN",303,358,380
"IN",303,358,370
"IN",303,98,470
"IN",303,98,445
"IN",303,99,412
"IN",303,94,445
"IN",303,94,429
"IN",303,94,457
"IN",303,94,438
"IN",303,96,445
"IN",303,96,438
"IN",303,95,469
"IN",303,95,445
"IN",303,95,422
"IN",303,95,438
"IN",303,99,508
"IN",303,95,196
"IN",303,95,514
"IN",303,95,516
"IN",303,95,523
"IN",303,99,495
"IN",303,99,496
"IN",303,99,497
"IN",303,99,498
"IN",303,99,499
"IN",303,99,500
"IN",303,99,501
"IN",303,99,502
"IN",303,99,503
"IN",303,99,504
"IN",303,99,505
"IN",303,352,375
"IN",303,352,365
"IN",303,358,366
"IN",303,358,382
"IN",303,479,528
"IN",303,480,528
"IN",303,488,528
"IN",303,479,529
"IN",303,480,529
"IN",303,488,529
"IN",303,479,532
"IN",303,480,532
"IN",303,488,532
"IN",303,479,533
"IN",303,480,533
"IN",303,488,533
"IN",303,479,535
"IN",303,480,535
"IN",303,488,535
"IN",303,481,539
"IN",303,356,381
"IN",303,352,376
"IN",303,356,378
"IN",303,491,537
"IN",303,508,545
"IN",303,358,379
"IN",303,478,534
"IN",303,478,540
"IN",303,478,542
"IN",303,478,543
"IN",303,364,365
"IN",304,95,295
"IN",304,95,112
"IN",304,95,126
"IN",304,99,358
"IN",304,98,358
"IN",304,97,358
"IN",304,97,351
"IN",304,358,376
"IN",304,358,377
"IN",304,358,368
"IN",304,358,367
"IN",304,358,378
"IN",304,358,374
"IN",304,358,369
"IN",304,358,365
"IN",304,358,381
"IN",304,358,380
"IN",304,358,370
"IN",304,98,470
"IN",304,98,445
"IN",304,99,412
"IN",304,94,445
"IN",304,94,429
"IN",304,94,457
"IN",304,94,438
"IN",304,96,445
"IN",304,96,438
"IN",304,95,469
"IN",304,95,445
"IN",304,95,422
"IN",304,95,438
"IN",304,99,508
"IN",304,95,196
"IN",304,95,514
"IN",304,95,516
"IN",304,95,523
"IN",304,99,495
"IN",304,99,496
"IN",304,99,497
"IN",304,99,498
"IN",304,99,499
"IN",304,99,500
"IN",304,99,501
"IN",304,99,502
"IN",304,99,503
"IN",304,99,504
"IN",304,99,505
"IN",304,358,366
"IN",304,358,382
"IN",304,477,527
"IN",304,487,527
"IN",304,489,527
"IN",304,490,527
"IN",304,477,540
"IN",304,487,540
"IN",304,489,540
"IN",304,490,540
"IN",304,477,541
"IN",304,487,541
"IN",304,489,541
"IN",304,490,541
"IN",304,347,376
"IN",304,358,379
"IN",304,508,548
"IN",304,508,549
"IN",304,478,534
"IN",304,478,540
"IN",304,478,542
"IN",304,478,543
"IN",304,360,365
"IN",304,360,376
"IN",305,95,295
"IN",305,95,112
"IN",305,95,126
"IN",305,99,358
"IN",305,98,358
"IN",305,97,358
"IN",305,97,351
"IN",305,358,376
"IN",305,358,377
"IN",305,358,368
"IN",305,358,367
"IN",305,358,378
"IN",305,358,374
"IN",305,358,369
"IN",305,358,365
"IN",305,358,381
"IN",305,358,380
"IN",305,358,370
"IN",305,98,470
"IN",305,98,445
"IN",305,99,412
"IN",305,94,445
"IN",305,94,429
"IN",305,94,457
"IN",305,94,438
"IN",305,96,445
"IN",305,96,438
"IN",305,95,469
"IN",305,95,445
"IN",305,95,422
"IN",305,95,438
"IN",305,99,508
"IN",305,95,196
"IN",305,95,514
"IN",305,95,516
"IN",305,95,523
"IN",305,99,495
"IN",305,99,496
"IN",305,99,497
"IN",305,99,498
"IN",305,99,499
"IN",305,99,500
"IN",305,99,501
"IN",305,99,502
"IN",305,99,503
"IN",305,99,504
"IN",305,99,505
"IN",305,352,375
"IN",305,508,544
"IN",305,352,365
"IN",305,358,366
"IN",305,358,382
"IN",305,477,527
"IN",305,487,527
"IN",305,489,527
"IN",305,490,527
"IN",305,479,528
"IN",305,480,528
"IN",305,488,528
"IN",305,479,529
"IN",305,480,529
"IN",305,488,529
"IN",305,479,532
"IN",305,480,532
"IN",305,488,532
"IN",305,479,533
"IN",305,480,533
"IN",305,488,533
"IN",305,477,540
"IN",305,487,540
"IN",305,489,540
"IN",305,490,540
"IN",305,477,541
"IN",305,487,541
"IN",305,489,541
"IN",305,490,541
"IN",305,352,376
"IN",305,350,365
"IN",305,347,376
"IN",305,358,379
"IN",305,508,549
"IN",305,492,536
"IN",306,95,295
"IN",306,95,112
"IN",306,95,126
"IN",306,99,358
"IN",306,98,358
"IN",306,97,358
"IN",306,97,351
"IN",306,358,376
"IN",306,358,377
"IN",306,358,368
"IN",306,358,367
"IN",306,358,378
"IN",306,358,374
"IN",306,358,369
"IN",306,358,365
"IN",306,358,381
"IN",306,358,380
"IN",306,358,370
"IN",306,98,470
"IN",306,98,445
"IN",306,99,412
"IN",306,94,445
"IN",306,94,429
"IN",306,94,457
"IN",306,94,438
"IN",306,96,445
"IN",306,96,438
"IN",306,95,469
"IN",306,95,445
"IN",306,95,422
"IN",306,95,438
"IN",306,99,508
"IN",306,95,196
"IN",306,95,514
"IN",306,95,516
"IN",306,95,523
"IN",306,99,495
"IN",306,99,496
"IN",306,99,497
"IN",306,99,498
"IN",306,99,499
"IN",306,99,500
"IN",306,99,501
"IN",306,99,502
"IN",306,99,503
"IN",306,99,504
"IN",306,99,505
"IN",306,352,375
"IN",306,352,365
"IN",306,358,366
"IN",306,358,382
"IN",306,477,527
"IN",306,487,527
"IN",306,489,527
"IN",306,490,527
"IN",306,479,528
"IN",306,480,528
"IN",306,488,528
"IN",306,479,529
"IN",306,480,529
"IN",306,488,529
"IN",306,479,532
"IN",306,480,532
"IN",306,488,532
"IN",306,479,533
"IN",306,480,533
"IN",306,488,533
"IN",306,479,535
"IN",306,480,535
"IN",306,488,535
"IN",306,477,540
"IN",306,487,540
"IN",306,489,540
"IN",306,490,540
"IN",306,477,541
"IN",306,487,541
"IN",306,489,541
"IN",306,490,541
"IN",306,356,381
"IN",306,352,376
"IN",306,356,378
"IN",306,491,537
"IN",306,508,546
"IN",306,358,379
"IN",306,508,545
"IN",306,508,549
"IN",306,478,534
"IN",306,478,540
"IN",306,478,542
"IN",306,478,543
"IN",306,364,365
"IN",307,95,295
"IN",307,95,112
"IN",307,95,126
"IN",307,99,358
"IN",307,98,358
"IN",307,97,358
"IN",307,97,351
"IN",307,358,376
"IN",307,358,377
"IN",307,358,368
"IN",307,358,367
"IN",307,358,378
"IN",307,358,374
"IN",307,358,369
"IN",307,358,365
"IN",307,358,381
"IN",307,358,380
"IN",307,358,370
"IN",307,98,470
"IN",307,98,445
"IN",307,99,412
"IN",307,94,445
"IN",307,94,429
"IN",307,94,457
"IN",307,94,438
"IN",307,96,445
"IN",307,96,438
"IN",307,95,469
"IN",307,95,445
"IN",307,95,422
"IN",307,95,438
"IN",307,99,508
"IN",307,95,196
"IN",307,95,514
"IN",307,95,516
"IN",307,95,523
"IN",307,99,495
"IN",307,99,496
"IN",307,99,497
"IN",307,99,498
"IN",307,99,499
"IN",307,99,500
"IN",307,99,501
"IN",307,99,502
"IN",307,99,503
"IN",307,99,504
"IN",307,99,505
"IN",307,508,544
"IN",307,358,366
"IN",307,358,382
"IN",307,477,527
"IN",307,487,527
"IN",307,489,527
"IN",307,490,527
"IN",307,479,528
"IN",307,480,528
"IN",307,488,528
"IN",307,493,528
"IN",307,494,528
"IN",307,479,529
"IN",307,480,529
"IN",307,488,529
"IN",307,493,529
"IN",307,494,529
"IN",307,493,531
"IN",307,494,531
"IN",307,479,532
"IN",307,480,532
"IN",307,488,532
"IN",307,493,532
"IN",307,494,532
"IN",307,479,533
"IN",307,480,533
"IN",307,488,533
"IN",307,493,533
"IN",307,494,533
"IN",307,479,535
"IN",307,480,535
"IN",307,488,535
"IN",307,493,538
"IN",307,494,538
"IN",307,477,540
"IN",307,487,540
"IN",307,489,540
"IN",307,490,540
"IN",307,477,541
"IN",307,487,541
"IN",307,489,541
"IN",307,490,541
"IN",307,356,381
"IN",307,356,378
"IN",307,508,550
"IN",307,358,379
"IN",307,508,545
"IN",307,508,546
"IN",307,492,530
"IN",307,494,530
"IN",307,508,549
"IN",307,478,534
"IN",307,492,536
"IN",307,478,540
"IN",307,478,542
"IN",307,478,543
"IN",307,364,365
"IN",308,95,295
"IN",308,95,112
"IN",308,95,126
"IN",308,99,358
"IN",308,98,358
"IN",308,97,358
"IN",308,97,351
"IN",308,358,376
"IN",308,358,377
"IN",308,358,368
"IN",308,358,367
"IN",308,358,378
"IN",308,358,374
"IN",308,358,369
"IN",308,358,365
"IN",308,358,381
"IN",308,358,380
"IN",308,358,370
"IN",308,98,470
"IN",308,98,445
"IN",308,99,412
"IN",308,94,445
"IN",308,94,429
"IN",308,94,457
"IN",308,94,438
"IN",308,96,445
"IN",308,96,438
"IN",308,95,469
"IN",308,95,445
"IN",308,95,422
"IN",308,95,438
"IN",308,99,508
"IN",308,95,196
"IN",308,95,514
"IN",308,95,516
"IN",308,95,523
"IN",308,99,495
"IN",308,99,496
"IN",308,99,497
"IN",308,99,498
"IN",308,99,499
"IN",308,99,500
"IN",308,99,501
"IN",308,99,502
"IN",308,99,503
"IN",308,99,504
"IN",308,99,505
"IN",308,352,375
"IN",308,508,544
"IN",308,352,365
"IN",308,358,366
"IN",308,358,382
"IN",308,477,527
"IN",308,487,527
"IN",308,489,527
"IN",308,490,527
"IN",308,479,528
"IN",308,480,528
"IN",308,488,528
"IN",308,479,529
"IN",308,480,529
"IN",308,488,529
"IN",308,479,532
"IN",308,480,532
"IN",308,488,532
"IN",308,479,533
"IN",308,480,533
"IN",308,488,533
"IN",308,479,535
"IN",308,480,535
"IN",308,488,535
"IN",308,481,539
"IN",308,477,540
"IN",308,487,540
"IN",308,489,540
"IN",308,490,540
"IN",308,477,541
"IN",308,487,541
"IN",308,489,541
"IN",308,490,541
"IN",308,352,376
"IN",308,491,537
"IN",308,358,379
"IN",308,508,545
"IN",308,492,530
"IN",308,508,548
"IN",308,478,534
"IN",308,492,536
"IN",308,478,540
"IN",308,478,542
"IN",308,478,543
"IN",309,95,295
"IN",309,95,112
"IN",309,95,126
"IN",309,99,358
"IN",309,98,358
"IN",309,97,358
"IN",309,97,351
"IN",309,358,376
"IN",309,358,377
"IN",309,358,368
"IN",309,358,367
"IN",309,358,378
"IN",309,358,374
"IN",309,358,369
"IN",309,358,365
"IN",309,358,381
"IN",309,358,380
"IN",309,358,370
"IN",309,98,470
"IN",309,98,445
"IN",309,99,412
"IN",309,94,445
"IN",309,94,429
"IN",309,94,457
"IN",309,94,438
"IN",309,96,445
"IN",309,96,438
"IN",309,95,469
"IN",309,95,445
"IN",309,95,422
"IN",309,95,438
"IN",309,99,508
"IN",309,95,196
"IN",309,95,514
"IN",309,95,516
"IN",309,95,523
"IN",309,99,495
"IN",309,99,496
"IN",309,99,497
"IN",309,99,498
"IN",309,99,499
"IN",309,99,500
"IN",309,99,501
"IN",309,99,502
"IN",309,99,503
"IN",309,99,504
"IN",309,99,505
"IN",309,352,375
"IN",309,508,544
"IN",309,352,365
"IN",309,358,366
"IN",309,358,382
"IN",309,477,527
"IN",309,487,527
"IN",309,489,527
"IN",309,490,527
"IN",309,479,528
"IN",309,480,528
"IN",309,488,528
"IN",309,493,528
"IN",309,479,529
"IN",309,480,529
"IN",309,488,529
"IN",309,493,529
"IN",309,493,531
"IN",309,479,532
"IN",309,480,532
"IN",309,488,532
"IN",309,493,532
"IN",309,479,533
"IN",309,480,533
"IN",309,488,533
"IN",309,493,533
"IN",309,479,535
"IN",309,480,535
"IN",309,488,535
"IN",309,493,538
"IN",309,477,540
"IN",309,487,540
"IN",309,489,540
"IN",309,490,540
"IN",309,477,541
"IN",309,487,541
"IN",309,489,541
"IN",309,490,541
"IN",309,356,381
"IN",309,352,376
"IN",309,356,378
"IN",309,508,545
"IN",309,508,547
"IN",309,358,379
"IN",309,492,530
"IN",309,508,549
"IN",309,492,536
"IN",309,360,365
"IN",309,360,376
"IN",310,95,295
"IN",310,95,112
"IN",310,95,126
"IN",310,99,358
"IN",310,98,358
"IN",310,97,358
"IN",310,97,351
"IN",310,358,376
"IN",310,358,377
"IN",310,358,368
"IN",310,358,367
"IN",310,358,378
"IN",310,358,374
"IN",310,358,369
"IN",310,358,365
"IN",310,358,381
"IN",310,358,380
"IN",310,358,370
"IN",310,98,470
"IN",310,98,445
"IN",310,99,412
"IN",310,94,445
"IN",310,94,429
"IN",310,94,457
"IN",310,94,438
"IN",310,96,445
"IN",310,96,438
"IN",310,95,469
"IN",310,95,445
"IN",310,95,422
"IN",310,95,438
"IN",310,99,508
"IN",310,95,196
"IN",310,95,514
"IN",310,95,516
"IN",310,95,523
"IN",310,99,495
"IN",310,99,496
"IN",310,99,497
"IN",310,99,498
"IN",310,99,499
"IN",310,99,500
"IN",310,99,501
"IN",310,99,502
"IN",310,99,503
"IN",310,99,504
"IN",310,99,505
"IN",310,352,375
"IN",310,508,544
"IN",310,352,365
"IN",310,358,366
"IN",310,358,382
"IN",310,477,527
"IN",310,487,527
"IN",310,489,527
"IN",310,490,527
"IN",310,479,528
"IN",310,480,528
"IN",310,488,528
"IN",310,479,529
"IN",310,480,529
"IN",310,488,529
"IN",310,479,532
"IN",310,480,532
"IN",310,488,532
"IN",310,479,533
"IN",310,480,533
"IN",310,488,533
"IN",310,479,535
"IN",310,480,535
"IN",310,488,535
"IN",310,477,540
"IN",310,487,540
"IN",310,489,540
"IN",310,490,540
"IN",310,477,541
"IN",310,487,541
"IN",310,489,541
"IN",310,490,541
"IN",310,352,376
"IN",310,350,365
"IN",310,358,379
"IN",310,508,548
"IN",310,508,549
"IN",310,478,534
"IN",310,478,540
"IN",310,478,542
"IN",310,478,543
"IN",311,95,295
"IN",311,95,112
"IN",311,95,126
"IN",311,99,358
"IN",311,98,358
"IN",311,97,358
"IN",311,97,351
"IN",311,358,376
"IN",311,358,377
"IN",311,358,368
"IN",311,358,367
"IN",311,358,378
"IN",311,358,374
"IN",311,358,369
"IN",311,358,365
"IN",311,358,381
"IN",311,358,380
"IN",311,358,370
"IN",311,98,470
"IN",311,98,445
"IN",311,99,412
"IN",311,94,445
"IN",311,94,429
"IN",311,94,457
"IN",311,94,438
"IN",311,96,445
"IN",311,96,438
"IN",311,95,469
"IN",311,95,445
"IN",311,95,422
"IN",311,95,438
"IN",311,99,508
"IN",311,95,196
"IN",311,95,514
"IN",311,95,516
"IN",311,95,523
"IN",311,99,495
"IN",311,99,496
"IN",311,99,497
"IN",311,99,498
"IN",311,99,499
"IN",311,99,500
"IN",311,99,501
"IN",311,99,502
"IN",311,99,503
"IN",311,99,504
"IN",311,99,505
"IN",311,338,380
"IN",311,338,372
"IN",311,508,544
"IN",311,358,366
"IN",311,358,382
"IN",311,477,527
"IN",311,487,527
"IN",311,489,527
"IN",311,490,527
"IN",311,479,528
"IN",311,480,528
"IN",311,488,528
"IN",311,493,528
"IN",311,494,528
"IN",311,479,529
"IN",311,480,529
"IN",311,488,529
"IN",311,493,529
"IN",311,494,529
"IN",311,493,531
"IN",311,494,531
"IN",311,479,532
"IN",311,480,532
"IN",311,488,532
"IN",311,493,532
"IN",311,494,532
"IN",311,479,533
"IN",311,480,533
"IN",311,488,533
"IN",311,493,533
"IN",311,494,533
"IN",311,479,535
"IN",311,480,535
"IN",311,488,535
"IN",311,493,538
"IN",311,494,538
"IN",311,477,540
"IN",311,487,540
"IN",311,489,540
"IN",311,490,540
"IN",311,477,541
"IN",311,487,541
"IN",311,489,541
"IN",311,490,541
"IN",311,356,381
"IN",311,356,378
"IN",311,491,537
"IN",311,493,537
"IN",311,508,546
"IN",311,358,379
"IN",311,508,548
"IN",311,478,534
"IN",311,478,540
"IN",311,478,542
"IN",311,478,543
"IN",311,360,365
"IN",311,360,376
"IN",312,95,295
"IN",312,95,112
"IN",312,95,126
"IN",312,99,358
"IN",312,98,358
"IN",312,97,358
"IN",312,97,351
"IN",312,358,376
"IN",312,358,377
"IN",312,358,368
"IN",312,358,367
"IN",312,358,378
"IN",312,358,374
"IN",312,358,369
"IN",312,358,365
"IN",312,358,381
"IN",312,358,380
"IN",312,358,370
"IN",312,98,470
"IN",312,98,445
"IN",312,99,412
"IN",312,94,445
"IN",312,94,429
"IN",312,94,457
"IN",312,94,438
"IN",312,96,445
"IN",312,96,438
"IN",312,95,469
"IN",312,95,445
"IN",312,95,422
"IN",312,95,438
"IN",312,99,508
"IN",312,95,196
"IN",312,95,514
"IN",312,95,516
"IN",312,95,523
"IN",312,99,495
"IN",312,99,496
"IN",312,99,497
"IN",312,99,498
"IN",312,99,499
"IN",312,99,500
"IN",312,99,501
"IN",312,99,502
"IN",312,99,503
"IN",312,99,504
"IN",312,99,505
"IN",312,508,544
"IN",312,358,366
"IN",312,358,382
"IN",312,477,527
"IN",312,487,527
"IN",312,489,527
"IN",312,490,527
"IN",312,479,528
"IN",312,480,528
"IN",312,488,528
"IN",312,479,529
"IN",312,480,529
"IN",312,488,529
"IN",312,479,532
"IN",312,480,532
"IN",312,488,532
"IN",312,479,533
"IN",312,480,533
"IN",312,488,533
"IN",312,479,535
"IN",312,480,535
"IN",312,488,535
"IN",312,477,540
"IN",312,487,540
"IN",312,489,540
"IN",312,490,540
"IN",312,477,541
"IN",312,487,541
"IN",312,489,541
"IN",312,490,541
"IN",312,356,381
"IN",312,356,378
"IN",312,347,376
"IN",312,358,379
"IN",312,508,545
"IN",312,508,549
"IN",312,478,534
"IN",312,478,540
"IN",312,478,542
"IN",312,478,543
"IN",312,364,365
"IN",313,95,295
"IN",313,95,112
"IN",313,95,126
"IN",313,99,358
"IN",313,98,358
"IN",313,97,358
"IN",313,97,351
"IN",313,358,376
"IN",313,358,377
"IN",313,358,368
"IN",313,358,367
"IN",313,358,378
"IN",313,358,374
"IN",313,358,369
"IN",313,358,365
"IN",313,358,381
"IN",313,358,380
"IN",313,358,370
"IN",313,98,470
"IN",313,98,445
"IN",313,99,412
"IN",313,94,445
"IN",313,94,429
"IN",313,94,457
"IN",313,94,438
"IN",313,96,445
"IN",313,96,438
"IN",313,95,469
"IN",313,95,445
"IN",313,95,422
"IN",313,95,438
"IN",313,99,508
"IN",313,95,196
"IN",313,95,514
"IN",313,95,516
"IN",313,95,523
"IN",313,99,495
"IN",313,99,496
"IN",313,99,497
"IN",313,99,498
"IN",313,99,499
"IN",313,99,500
"IN",313,99,501
"IN",313,99,502
"IN",313,99,503
"IN",313,99,504
"IN",313,99,505
"IN",313,508,544
"IN",313,358,366
"IN",313,358,382
"IN",313,479,528
"IN",313,480,528
"IN",313,488,528
"IN",313,479,529
"IN",313,480,529
"IN",313,488,529
"IN",313,479,532
"IN",313,480,532
"IN",313,488,532
"IN",313,479,533
"IN",313,480,533
"IN",313,488,533
"IN",313,479,535
"IN",313,480,535
"IN",313,488,535
"IN",313,508,550
"IN",313,358,379
"IN",313,508,548
"IN",313,364,365
"IN",314,95,295
"IN",314,95,112
"IN",314,95,126
"IN",314,99,358
"IN",314,98,358
"IN",314,97,358
"IN",314,97,351
"IN",314,358,376
"IN",314,358,377
"IN",314,358,368
"IN",314,358,367
"IN",314,358,378
"IN",314,358,374
"IN",314,358,369
"IN",314,358,365
"IN",314,358,381
"IN",314,358,380
"IN",314,358,370
"IN",314,98,470
"IN",314,98,445
"IN",314,99,412
"IN",314,94,445
"IN",314,94,429
"IN",314,94,457
"IN",314,94,438
"IN",314,96,445
"IN",314,96,438
"IN",314,95,469
"IN",314,95,445
"IN",314,95,422
"IN",314,95,438
"IN",314,99,508
"IN",314,95,196
"IN",314,95,514
"IN",314,95,516
"IN",314,95,523
"IN",314,99,495
"IN",314,99,496
"IN",314,99,497
"IN",314,99,498
"IN",314,99,499
"IN",314,99,500
"IN",314,99,501
"IN",314,99,502
"IN",314,99,503
"IN",314,99,504
"IN",314,99,505
"IN",314,508,544
"IN",314,358,366
"IN",314,358,382
"IN",314,477,527
"IN",314,487,527
"IN",314,489,527
"IN",314,490,527
"IN",314,477,540
"IN",314,487,540
"IN",314,489,540
"IN",314,490,540
"IN",314,477,541
"IN",314,487,541
"IN",314,489,541
"IN",314,490,541
"IN",314,356,381
"IN",314,356,378
"IN",314,350,365
"IN",314,508,546
"IN",314,358,379
"IN",314,492,530
"IN",314,478,534
"IN",314,478,540
"IN",314,478,542
"IN",314,478,543
"IN",314,360,365
"IN",314,360,376
"IN",315,95,295
"IN",315,95,112
"IN",315,95,126
"IN",315,99,358
"IN",315,98,358
"IN",315,97,358
"IN",315,97,351
"IN",315,358,376
"IN",315,358,377
"IN",315,358,368
"IN",315,358,367
"IN",315,358,378
"IN",315,358,374
"IN",315,358,369
"IN",315,358,365
"IN",315,358,381
"IN",315,358,380
"IN",315,358,370
"IN",315,98,470
"IN",315,98,445
"IN",315,99,412
"IN",315,94,445
"IN",315,94,429
"IN",315,94,457
"IN",315,94,438
"IN",315,96,445
"IN",315,96,438
"IN",315,95,469
"IN",315,95,445
"IN",315,95,422
"IN",315,95,438
"IN",315,99,508
"IN",315,95,196
"IN",315,95,514
"IN",315,95,516
"IN",315,95,523
"IN",315,99,495
"IN",315,99,496
"IN",315,99,497
"IN",315,99,498
"IN",315,99,499
"IN",315,99,500
"IN",315,99,501
"IN",315,99,502
"IN",315,99,503
"IN",315,99,504
"IN",315,99,505
"IN",315,338,380
"IN",315,338,372
"IN",315,508,544
"IN",315,358,366
"IN",315,358,382
"IN",315,479,528
"IN",315,480,528
"IN",315,488,528
"IN",315,493,528
"IN",315,494,528
"IN",315,479,529
"IN",315,480,529
"IN",315,488,529
"IN",315,493,529
"IN",315,494,529
"IN",315,493,531
"IN",315,494,531
"IN",315,479,532
"IN",315,480,532
"IN",315,488,532
"IN",315,493,532
"IN",315,494,532
"IN",315,479,533
"IN",315,480,533
"IN",315,488,533
"IN",315,493,533
"IN",315,494,533
"IN",315,493,538
"IN",315,494,538
"IN",315,356,381
"IN",315,356,378
"IN",315,508,545
"IN",315,358,379
"IN",315,508,546
"IN",315,492,530
"IN",315,494,530
"IN",315,508,548
"IN",315,478,534
"IN",315,492,536
"IN",315,478,540
"IN",315,478,542
"IN",315,478,543
"IN",315,360,365
"IN",315,360,376
"IN",316,95,295
"IN",316,95,112
"IN",316,95,126
"IN",316,99,358
"IN",316,98,358
"IN",316,97,358
"IN",316,97,351
"IN",316,358,376
"IN",316,358,377
"IN",316,358,368
"IN",316,358,367
"IN",316,358,378
"IN",316,358,374
"IN",316,358,369
"IN",316,358,365
"IN",316,358,381
"IN",316,358,380
"IN",316,358,370
"IN",316,98,470
"IN",316,98,445
"IN",316,99,412
"IN",316,94,445
"IN",316,94,429
"IN",316,94,457
"IN",316,94,438
"IN",316,96,445
"IN",316,96,438
"IN",316,95,469
"IN",316,95,445
"IN",316,95,422
"IN",316,95,438
"IN",316,99,508
"IN",316,95,196
"IN",316,95,514
"IN",316,95,516
"IN",316,95,523
"IN",316,99,495
"IN",316,99,496
"IN",316,99,497
"IN",316,99,498
"IN",316,99,499
"IN",316,99,500
"IN",316,99,501
"IN",316,99,502
"IN",316,99,503
"IN",316,99,504
"IN",316,99,505
"IN",316,358,366
"IN",316,358,382
"IN",316,477,527
"IN",316,487,527
"IN",316,489,527
"IN",316,490,527
"IN",316,479,528
"IN",316,480,528
"IN",316,488,528
"IN",316,493,528
"IN",316,494,528
"IN",316,479,529
"IN",316,480,529
"IN",316,488,529
"IN",316,493,529
"IN",316,494,529
"IN",316,493,531
"IN",316,494,531
"IN",316,479,532
"IN",316,480,532
"IN",316,488,532
"IN",316,493,532
"IN",316,494,532
"IN",316,479,533
"IN",316,480,533
"IN",316,488,533
"IN",316,493,533
"IN",316,494,533
"IN",316,479,535
"IN",316,480,535
"IN",316,488,535
"IN",316,493,538
"IN",316,494,538
"IN",316,477,540
"IN",316,487,540
"IN",316,489,540
"IN",316,490,540
"IN",316,477,541
"IN",316,487,541
"IN",316,489,541
"IN",316,490,541
"IN",316,356,381
"IN",316,356,378
"IN",316,350,365
"IN",316,508,545
"IN",316,347,376
"IN",316,358,379
"IN",316,508,546
"IN",316,508,548
"IN",316,478,534
"IN",316,492,536
"IN",316,478,540
"IN",316,478,542
"IN",316,478,543
"IN",316,364,365
"IN",316,360,365
"IN",316,360,376
"IN",317,95,295
"IN",317,95,112
"IN",317,95,126
"IN",317,99,358
"IN",317,98,358
"IN",317,97,358
"IN",317,97,351
"IN",317,358,376
"IN",317,358,377
"IN",317,358,368
"IN",317,358,367
"IN",317,358,378
"IN",317,358,374
"IN",317,358,369
"IN",317,358,365
"IN",317,358,381
"IN",317,358,380
"IN",317,358,370
"IN",317,98,470
"IN",317,98,445
"IN",317,99,412
"IN",317,94,445
"IN",317,94,429
"IN",317,94,457
"IN",317,94,438
"IN",317,96,445
"IN",317,96,438
"IN",317,95,469
"IN",317,95,445
"IN",317,95,422
"IN",317,95,438
"IN",317,99,508
"IN",317,95,196
"IN",317,95,514
"IN",317,95,516
"IN",317,95,523
"IN",317,99,495
"IN",317,99,496
"IN",317,99,497
"IN",317,99,498
"IN",317,99,499
"IN",317,99,500
"IN",317,99,501
"IN",317,99,502
"IN",317,99,503
"IN",317,99,504
"IN",317,99,505
"IN",317,352,375
"IN",317,352,365
"IN",317,358,366
"IN",317,358,382
"IN",317,477,527
"IN",317,484,527
"IN",317,487,527
"IN",317,489,527
"IN",317,490,527
"IN",317,477,540
"IN",317,484,540
"IN",317,487,540
"IN",317,489,540
"IN",317,490,540
"IN",317,477,541
"IN",317,484,541
"IN",317,487,541
"IN",317,489,541
"IN",317,490,541
"IN",317,356,381
"IN",317,352,376
"IN",317,356,378
"IN",317,350,365
"IN",317,508,547
"IN",317,508,550
"IN",317,347,376
"IN",317,358,379
"IN",317,508,546
"IN",317,492,530
"IN",317,484,534
"IN",317,484,542
"IN",317,484,543
"IN",317,508,548
"IN",317,337,377
"IN",317,478,534
"IN",317,492,536
"IN",317,478,540
"IN",317,478,542
"IN",317,478,543
"IN",317,337,365
"IN",317,337,369
"IN",317,337,376
"IN",317,337,381
"IN",317,337,378
"IN",317,337,371
"IN",317,360,365
"IN",317,360,376
"IN",318,95,295
"IN",318,95,112
"IN",318,95,126
"IN",318,99,358
"IN",318,98,358
"IN",318,97,358
"IN",318,97,351
"IN",318,358,376
"IN",318,358,377
"IN",318,358,368
"IN",318,358,367
"IN",318,358,378
"IN",318,358,374
"IN",318,358,369
"IN",318,358,365
"IN",318,358,381
"IN",318,358,380
"IN",318,358,370
"IN",318,98,470
"IN",318,98,445
"IN",318,99,412
"IN",318,94,445
"IN",318,94,429
"IN",318,94,457
"IN",318,94,438
"IN",318,96,445
"IN",318,96,438
"IN",318,95,469
"IN",318,95,445
"IN",318,95,422
"IN",318,95,438
"IN",318,99,508
"IN",318,95,196
"IN",318,95,514
"IN",318,95,516
"IN",318,95,523
"IN",318,99,495
"IN",318,99,496
"IN",318,99,497
"IN",318,99,498
"IN",318,99,499
"IN",318,99,500
"IN",318,99,501
"IN",318,99,502
"IN",318,99,503
"IN",318,99,504
"IN",318,99,505
"IN",318,352,375
"IN",318,508,544
"IN",318,352,365
"IN",318,358,366
"IN",318,358,382
"IN",318,479,528
"IN",318,480,528
"IN",318,488,528
"IN",318,493,528
"IN",318,494,528
"IN",318,479,529
"IN",318,480,529
"IN",318,488,529
"IN",318,493,529
"IN",318,494,529
"IN",318,493,531
"IN",318,494,531
"IN",318,479,532
"IN",318,480,532
"IN",318,488,532
"IN",318,493,532
"IN",318,494,532
"IN",318,479,533
"IN",318,480,533
"IN",318,488,533
"IN",318,493,533
"IN",318,494,533
"IN",318,493,538
"IN",318,494,538
"IN",318,352,376
"IN",318,508,545
"IN",318,358,379
"IN",318,508,546
"IN",318,478,534
"IN",318,478,540
"IN",318,478,542
"IN",318,478,543
"IN",318,364,365
"IN",319,95,295
"IN",319,95,112
"IN",319,95,126
"IN",319,99,358
"IN",319,98,358
"IN",319,97,358
"IN",319,97,351
"IN",319,358,376
"IN",319,358,377
"IN",319,358,368
"IN",319,358,367
"IN",319,358,378
"IN",319,358,374
"IN",319,358,369
"IN",319,358,365
"IN",319,358,381
"IN",319,358,380
"IN",319,358,370
"IN",319,98,470
"IN",319,98,445
"IN",319,99,412
"IN",319,94,445
"IN",319,94,429
"IN",319,94,457
"IN",319,94,438
"IN",319,96,445
"IN",319,96,438
"IN",319,95,469
"IN",319,95,445
"IN",319,95,422
"IN",319,95,438
"IN",319,99,508
"IN",319,95,196
"IN",319,95,514
"IN",319,95,516
"IN",319,95,523
"IN",319,99,495
"IN",319,99,496
"IN",319,99,497
"IN",319,99,498
"IN",319,99,499
"IN",319,99,500
"IN",319,99,501
"IN",319,99,502
"IN",319,99,503
"IN",319,99,504
"IN",319,99,505
"IN",319,508,544
"IN",319,358,366
"IN",319,358,382
"IN",319,477,527
"IN",319,487,527
"IN",319,489,527
"IN",319,490,527
"IN",319,479,528
"IN",319,480,528
"IN",319,488,528
"IN",319,493,528
"IN",319,494,528
"IN",319,479,529
"IN",319,480,529
"IN",319,488,529
"IN",319,493,529
"IN",319,494,529
"IN",319,493,531
"IN",319,494,531
"IN",319,479,532
"IN",319,480,532
"IN",319,488,532
"IN",319,493,532
"IN",319,494,532
"IN",319,479,533
"IN",319,480,533
"IN",319,488,533
"IN",319,493,533
"IN",319,494,533
"IN",319,479,535
"IN",319,480,535
"IN",319,488,535
"IN",319,493,538
"IN",319,494,538
"IN",319,477,540
"IN",319,487,540
"IN",319,489,540
"IN",319,490,540
"IN",319,477,541
"IN",319,487,541
"IN",319,489,541
"IN",319,490,541
"IN",319,350,365
"IN",319,508,547
"IN",319,358,379
"IN",319,360,365
"IN",319,360,376
"IN",320,95,295
"IN",320,95,112
"IN",320,95,126
"IN",320,99,358
"IN",320,98,358
"IN",320,97,358
"IN",320,97,351
"IN",320,358,376
"IN",320,358,377
"IN",320,358,368
"IN",320,358,367
"IN",320,358,378
"IN",320,358,374
"IN",320,358,369
"IN",320,358,365
"IN",320,358,381
"IN",320,358,380
"IN",320,358,370
"IN",320,98,470
"IN",320,98,445
"IN",320,99,412
"IN",320,94,445
"IN",320,94,429
"IN",320,94,457
"IN",320,94,438
"IN",320,96,445
"IN",320,96,438
"IN",320,95,469
"IN",320,95,445
"IN",320,95,422
"IN",320,95,438
"IN",320,99,508
"IN",320,95,196
"IN",320,95,514
"IN",320,95,516
"IN",320,95,523
"IN",320,99,495
"IN",320,99,496
"IN",320,99,497
"IN",320,99,498
"IN",320,99,499
"IN",320,99,500
"IN",320,99,501
"IN",320,99,502
"IN",320,99,503
"IN",320,99,504
"IN",320,99,505
"IN",320,352,375
"IN",320,352,365
"IN",320,358,366
"IN",320,358,382
"IN",320,479,528
"IN",320,480,528
"IN",320,488,528
"IN",320,493,528
"IN",320,479,529
"IN",320,480,529
"IN",320,488,529
"IN",320,493,529
"IN",320,493,531
"IN",320,479,532
"IN",320,480,532
"IN",320,488,532
"IN",320,493,532
"IN",320,479,533
"IN",320,480,533
"IN",320,488,533
"IN",320,493,533
"IN",320,493,538
"IN",320,352,376
"IN",320,508,545
"IN",320,508,550
"IN",320,347,376
"IN",320,358,379
"IN",320,508,548
"IN",320,337,377
"IN",320,478,534
"IN",320,478,540
"IN",320,478,542
"IN",320,478,543
"IN",320,337,365
"IN",320,337,369
"IN",320,337,376
"IN",320,337,381
"IN",320,337,378
"IN",320,337,371
"IN",320,360,365
"IN",320,360,376
"IN",321,95,295
"IN",321,95,112
"IN",321,95,126
"IN",321,99,358
"IN",321,98,358
"IN",321,97,358
"IN",321,97,351
"IN",321,358,376
"IN",321,358,377
"IN",321,358,368
"IN",321,358,367
"IN",321,358,378
"IN",321,358,374
"IN",321,358,369
"IN",321,358,365
"IN",321,358,381
"IN",321,358,380
"IN",321,358,370
"IN",321,98,470
"IN",321,98,445
"IN",321,99,412
"IN",321,94,445
"IN",321,94,429
"IN",321,94,457
"IN",321,94,438
"IN",321,96,445
"IN",321,96,438
"IN",321,95,469
"IN",321,95,445
"IN",321,95,422
"IN",321,95,438
"IN",321,99,508
"IN",321,95,196
"IN",321,95,514
"IN",321,95,516
"IN",321,95,523
"IN",321,99,495
"IN",321,99,496
"IN",321,99,497
"IN",321,99,498
"IN",321,99,499
"IN",321,99,500
"IN",321,99,501
"IN",321,99,502
"IN",321,99,503
"IN",321,99,504
"IN",321,99,505
"IN",321,352,375
"IN",321,508,544
"IN",321,352,365
"IN",321,358,366
"IN",321,358,382
"IN",321,479,528
"IN",321,480,528
"IN",321,488,528
"IN",321,493,528
"IN",321,494,528
"IN",321,479,529
"IN",321,480,529
"IN",321,488,529
"IN",321,493,529
"IN",321,494,529
"IN",321,493,531
"IN",321,494,531
"IN",321,479,532
"IN",321,480,532
"IN",321,488,532
"IN",321,493,532
"IN",321,494,532
"IN",321,479,533
"IN",321,480,533
"IN",321,488,533
"IN",321,493,533
"IN",321,494,533
"IN",321,493,538
"IN",321,494,538
"IN",321,481,539
"IN",321,356,381
"IN",321,352,376
"IN",321,356,378
"IN",321,350,365
"IN",321,491,537
"IN",321,493,537
"IN",321,508,547
"IN",321,358,379
"IN",321,494,530
"IN",321,508,549
"IN",321,478,534
"IN",321,478,540
"IN",321,478,542
"IN",321,478,543
"IN",322,95,295
"IN",322,95,112
"IN",322,95,126
"IN",322,99,358
"IN",322,98,358
"IN",322,97,358
"IN",322,97,351
"IN",322,358,376
"IN",322,358,377
"IN",322,358,368
"IN",322,358,367
"IN",322,358,378
"IN",322,358,374
"IN",322,358,369
"IN",322,358,365
"IN",322,358,381
"IN",322,358,380
"IN",322,358,370
"IN",322,98,470
"IN",322,98,445
"IN",322,99,412
"IN",322,94,445
"IN",322,94,429
"IN",322,94,457
"IN",322,94,438
"IN",322,96,445
"IN",322,96,438
"IN",322,95,469
"IN",322,95,445
"IN",322,95,422
"IN",322,95,438
"IN",322,99,508
"IN",322,95,196
"IN",322,95,514
"IN",322,95,516
"IN",322,95,523
"IN",322,99,495
"IN",322,99,496
"IN",322,99,497
"IN",322,99,498
"IN",322,99,499
"IN",322,99,500
"IN",322,99,501
"IN",322,99,502
"IN",322,99,503
"IN",322,99,504
"IN",322,99,505
"IN",322,358,366
"IN",322,358,382
"IN",322,477,527
"IN",322,487,527
"IN",322,489,527
"IN",322,490,527
"IN",322,479,528
"IN",322,480,528
"IN",322,488,528
"IN",322,493,528
"IN",322,494,528
"IN",322,479,529
"IN",322,480,529
"IN",322,488,529
"IN",322,493,529
"IN",322,494,529
"IN",322,493,531
"IN",322,494,531
"IN",322,479,532
"IN",322,480,532
"IN",322,488,532
"IN",322,493,532
"IN",322,494,532
"IN",322,479,533
"IN",322,480,533
"IN",322,488,533
"IN",322,493,533
"IN",322,494,533
"IN",322,479,535
"IN",322,480,535
"IN",322,488,535
"IN",322,493,538
"IN",322,494,538
"IN",322,477,540
"IN",322,487,540
"IN",322,489,540
"IN",322,490,540
"IN",322,477,541
"IN",322,487,541
"IN",322,489,541
"IN",322,490,541
"IN",322,356,381
"IN",322,356,378
"IN",322,508,550
"IN",322,358,379
"IN",322,494,530
"IN",322,508,549
"IN",322,364,365
"IN",322,360,365
"IN",322,360,376
"IN",323,95,295
"IN",323,95,112
"IN",323,95,126
"IN",323,99,358
"IN",323,98,358
"IN",323,97,358
"IN",323,97,351
"IN",323,358,376
"IN",323,358,377
"IN",323,358,368
"IN",323,358,367
"IN",323,358,378
"IN",323,358,374
"IN",323,358,369
"IN",323,358,365
"IN",323,358,381
"IN",323,358,380
"IN",323,358,370
"IN",323,98,470
"IN",323,98,445
"IN",323,99,412
"IN",323,94,445
"IN",323,94,429
"IN",323,94,457
"IN",323,94,438
"IN",323,96,445
"IN",323,96,438
"IN",323,95,469
"IN",323,95,445
"IN",323,95,422
"IN",323,95,438
"IN",323,99,508
"IN",323,95,196
"IN",323,95,514
"IN",323,95,516
"IN",323,95,523
"IN",323,99,495
"IN",323,99,496
"IN",323,99,497
"IN",323,99,498
"IN",323,99,499
"IN",323,99,500
"IN",323,99,501
"IN",323,99,502
"IN",323,99,503
"IN",323,99,504
"IN",323,99,505
"IN",323,352,375
"IN",323,338,380
"IN",323,338,372
"IN",323,508,544
"IN",323,352,365
"IN",323,358,366
"IN",323,358,382
"IN",323,481,539
"IN",323,352,376
"IN",323,350,365
"IN",323,358,379
"IN",323,492,530
"IN",323,478,534
"IN",323,478,540
"IN",323,478,542
"IN",323,478,543
"IN",323,364,365
"IN",324,95,295
"IN",324,95,112
"IN",324,95,126
"IN",324,99,358
"IN",324,98,358
"IN",324,97,358
"IN",324,97,351
"IN",324,358,376
"IN",324,358,377
"IN",324,358,368
"IN",324,358,367
"IN",324,358,378
"IN",324,358,374
"IN",324,358,369
"IN",324,358,365
"IN",324,358,381
"IN",324,358,380
"IN",324,358,370
"IN",324,98,470
"IN",324,98,445
"IN",324,99,412
"IN",324,94,445
"IN",324,94,429
"IN",324,94,457
"IN",324,94,438
"IN",324,96,445
"IN",324,96,438
"IN",324,95,469
"IN",324,95,445
"IN",324,95,422
"IN",324,95,438
"IN",324,99,508
"IN",324,95,196
"IN",324,95,514
"IN",324,95,516
"IN",324,95,523
"IN",324,99,495
"IN",324,99,496
"IN",324,99,497
"IN",324,99,498
"IN",324,99,499
"IN",324,99,500
"IN",324,99,501
"IN",324,99,502
"IN",324,99,503
"IN",324,99,504
"IN",324,99,505
"IN",324,358,366
"IN",324,358,382
"IN",324,477,527
"IN",324,487,527
"IN",324,489,527
"IN",324,490,527
"IN",324,479,528
"IN",324,480,528
"IN",324,488,528
"IN",324,494,528
"IN",324,479,529
"IN",324,480,529
"IN",324,488,529
"IN",324,494,529
"IN",324,494,531
"IN",324,479,532
"IN",324,480,532
"IN",324,488,532
"IN",324,494,532
"IN",324,479,533
"IN",324,480,533
"IN",324,488,533
"IN",324,494,533
"IN",324,494,538
"IN",324,481,539
"IN",324,477,540
"IN",324,487,540
"IN",324,489,540
"IN",324,490,540
"IN",324,477,541
"IN",324,487,541
"IN",324,489,541
"IN",324,490,541
"IN",324,356,381
"IN",324,356,378
"IN",324,508,545
"IN",324,508,547
"IN",324,508,550
"IN",324,358,379
"IN",324,508,548
"IN",324,364,365
"IN",325,95,295
"IN",325,95,112
"IN",325,95,126
"IN",325,99,358
"IN",325,98,358
"IN",325,97,358
"IN",325,97,351
"IN",325,358,376
"IN",325,358,377
"IN",325,358,368
"IN",325,358,367
"IN",325,358,378
"IN",325,358,374
"IN",325,358,369
"IN",325,358,365
"IN",325,358,381
"IN",325,358,380
"IN",325,358,370
"IN",325,98,470
"IN",325,98,445
"IN",325,99,412
"IN",325,94,445
"IN",325,94,429
"IN",325,94,457
"IN",325,94,438
"IN",325,96,445
"IN",325,96,438
"IN",325,95,469
"IN",325,95,445
"IN",325,95,422
"IN",325,95,438
"IN",325,99,508
"IN",325,95,196
"IN",325,95,514
"IN",325,95,516
"IN",325,95,523
"IN",325,99,495
"IN",325,99,496
"IN",325,99,497
"IN",325,99,498
"IN",325,99,499
"IN",325,99,500
"IN",325,99,501
"IN",325,99,502
"IN",325,99,503
"IN",325,99,504
"IN",325,99,505
"IN",325,338,380
"IN",325,338,372
"IN",325,508,544
"IN",325,358,366
"IN",325,358,382
"IN",325,477,527
"IN",325,487,527
"IN",325,489,527
"IN",325,490,527
"IN",325,479,528
"IN",325,480,528
"IN",325,488,528
"IN",325,493,528
"IN",325,494,528
"IN",325,479,529
"IN",325,480,529
"IN",325,488,529
"IN",325,493,529
"IN",325,494,529
"IN",325,493,531
"IN",325,494,531
"IN",325,479,532
"IN",325,480,532
"IN",325,488,532
"IN",325,493,532
"IN",325,494,532
"IN",325,479,533
"IN",325,480,533
"IN",325,488,533
"IN",325,493,533
"IN",325,494,533
"IN",325,479,535
"IN",325,480,535
"IN",325,488,535
"IN",325,493,538
"IN",325,494,538
"IN",325,477,540
"IN",325,487,540
"IN",325,489,540
"IN",325,490,540
"IN",325,477,541
"IN",325,487,541
"IN",325,489,541
"IN",325,490,541
"IN",325,356,381
"IN",325,356,378
"IN",325,350,365
"IN",325,508,545
"IN",325,358,379
"IN",325,494,530
"IN",325,364,365
"IN",326,95,295
"IN",326,95,112
"IN",326,95,126
"IN",326,99,358
"IN",326,98,358
"IN",326,97,358
"IN",326,97,351
"IN",326,358,376
"IN",326,358,377
"IN",326,358,368
"IN",326,358,367
"IN",326,358,378
"IN",326,358,374
"IN",326,358,369
"IN",326,358,365
"IN",326,358,381
"IN",326,358,380
"IN",326,358,370
"IN",326,98,470
"IN",326,98,445
"IN",326,99,412
"IN",326,94,445
"IN",326,94,429
"IN",326,94,457
"IN",326,94,438
"IN",326,96,445
"IN",326,96,438
"IN",326,95,469
"IN",326,95,445
"IN",326,95,422
"IN",326,95,438
"IN",326,99,508
"IN",326,95,196
"IN",326,95,514
"IN",326,95,516
"IN",326,95,523
"IN",326,99,495
"IN",326,99,496
"IN",326,99,497
"IN",326,99,498
"IN",326,99,499
"IN",326,99,500
"IN",326,99,501
"IN",326,99,502
"IN",326,99,503
"IN",326,99,504
"IN",326,99,505
"IN",326,352,375
"IN",326,508,544
"IN",326,352,365
"IN",326,358,366
"IN",326,358,382
"IN",326,356,381
"IN",326,352,376
"IN",326,356,378
"IN",326,358,379
"IN",326,508,546
"IN",326,508,545
"IN",326,508,548
"IN",326,360,365
"IN",326,360,376
"IN",327,95,295
"IN",327,95,112
"IN",327,95,126
"IN",327,99,358
"IN",327,98,358
"IN",327,97,358
"IN",327,97,351
"IN",327,358,376
"IN",327,358,377
"IN",327,358,368
"IN",327,358,367
"IN",327,358,378
"IN",327,358,374
"IN",327,358,369
"IN",327,358,365
"IN",327,358,381
"IN",327,358,380
"IN",327,358,370
"IN",327,98,470
"IN",327,98,445
"IN",327,99,412
"IN",327,94,445
"IN",327,94,429
"IN",327,94,457
"IN",327,94,438
"IN",327,96,445
"IN",327,96,438
"IN",327,95,469
"IN",327,95,445
"IN",327,95,422
"IN",327,95,438
"IN",327,99,508
"IN",327,95,196
"IN",327,95,514
"IN",327,95,516
"IN",327,95,523
"IN",327,99,495
"IN",327,99,496
"IN",327,99,497
"IN",327,99,498
"IN",327,99,499
"IN",327,99,500
"IN",327,99,501
"IN",327,99,502
"IN",327,99,503
"IN",327,99,504
"IN",327,99,505
"IN",327,358,366
"IN",327,358,382
"IN",327,477,527
"IN",327,487,527
"IN",327,489,527
"IN",327,490,527
"IN",327,479,528
"IN",327,480,528
"IN",327,488,528
"IN",327,493,528
"IN",327,479,529
"IN",327,480,529
"IN",327,488,529
"IN",327,493,529
"IN",327,493,531
"IN",327,479,532
"IN",327,480,532
"IN",327,488,532
"IN",327,493,532
"IN",327,479,533
"IN",327,480,533
"IN",327,488,533
"IN",327,493,533
"IN",327,479,535
"IN",327,480,535
"IN",327,488,535
"IN",327,493,538
"IN",327,477,540
"IN",327,487,540
"IN",327,489,540
"IN",327,490,540
"IN",327,477,541
"IN",327,487,541
"IN",327,489,541
"IN",327,490,541
"IN",327,356,381
"IN",327,356,378
"IN",327,508,545
"IN",327,508,547
"IN",327,358,379
"IN",327,478,534
"IN",327,492,536
"IN",327,478,540
"IN",327,478,542
"IN",327,478,543
"IN",328,95,295
"IN",328,95,112
"IN",328,95,126
"IN",328,99,358
"IN",328,98,358
"IN",328,97,358
"IN",328,97,351
"IN",328,358,376
"IN",328,358,377
"IN",328,358,368
"IN",328,358,367
"IN",328,358,378
"IN",328,358,374
"IN",328,358,369
"IN",328,358,365
"IN",328,358,381
"IN",328,358,380
"IN",328,358,370
"IN",328,98,470
"IN",328,98,445
"IN",328,99,412
"IN",328,94,445
"IN",328,94,429
"IN",328,94,457
"IN",328,94,438
"IN",328,96,445
"IN",328,96,438
"IN",328,95,469
"IN",328,95,445
"IN",328,95,422
"IN",328,95,438
"IN",328,99,508
"IN",328,95,196
"IN",328,95,514
"IN",328,95,516
"IN",328,95,523
"IN",328,99,495
"IN",328,99,496
"IN",328,99,497
"IN",328,99,498
"IN",328,99,499
"IN",328,99,500
"IN",328,99,501
"IN",328,99,502
"IN",328,99,503
"IN",328,99,504
"IN",328,99,505
"IN",328,508,544
"IN",328,358,366
"IN",328,358,382
"IN",328,477,527
"IN",328,487,527
"IN",328,489,527
"IN",328,490,527
"IN",328,479,528
"IN",328,480,528
"IN",328,488,528
"IN",328,493,528
"IN",328,494,528
"IN",328,479,529
"IN",328,480,529
"IN",328,488,529
"IN",328,493,529
"IN",328,494,529
"IN",328,493,531
"IN",328,494,531
"IN",328,479,532
"IN",328,480,532
"IN",328,488,532
"IN",328,493,532
"IN",328,494,532
"IN",328,479,533
"IN",328,480,533
"IN",328,488,533
"IN",328,493,533
"IN",328,494,533
"IN",328,479,535
"IN",328,480,535
"IN",328,488,535
"IN",328,493,538
"IN",328,494,538
"IN",328,477,540
"IN",328,487,540
"IN",328,489,540
"IN",328,490,540
"IN",328,477,541
"IN",328,487,541
"IN",328,489,541
"IN",328,490,541
"IN",328,358,379
"IN",328,508,545
"IN",328,508,548
"IN",328,508,549
"IN",328,478,534
"IN",328,478,540
"IN",328,478,542
"IN",328,478,543
"IN",328,364,365
"IN",329,95,295
"IN",329,95,112
"IN",329,95,126
"IN",329,99,358
"IN",329,98,358
"IN",329,97,358
"IN",329,97,351
"IN",329,358,376
"IN",329,358,377
"IN",329,358,368
"IN",329,358,367
"IN",329,358,378
"IN",329,358,374
"IN",329,358,369
"IN",329,358,365
"IN",329,358,381
"IN",329,358,380
"IN",329,358,370
"IN",329,98,470
"IN",329,98,445
"IN",329,99,412
"IN",329,94,445
"IN",329,94,429
"IN",329,94,457
"IN",329,94,438
"IN",329,96,445
"IN",329,96,438
"IN",329,95,469
"IN",329,95,445
"IN",329,95,422
"IN",329,95,438
"IN",329,99,508
"IN",329,95,196
"IN",329,95,514
"IN",329,95,516
"IN",329,95,523
"IN",329,99,495
"IN",329,99,496
"IN",329,99,497
"IN",329,99,498
"IN",329,99,499
"IN",329,99,500
"IN",329,99,501
"IN",329,99,502
"IN",329,99,503
"IN",329,99,504
"IN",329,99,505
"IN",329,352,375
"IN",329,508,544
"IN",329,352,365
"IN",329,358,366
"IN",329,358,382
"IN",329,479,528
"IN",329,480,528
"IN",329,488,528
"IN",329,493,528
"IN",329,494,528
"IN",329,479,529
"IN",329,480,529
"IN",329,488,529
"IN",329,493,529
"IN",329,494,529
"IN",329,493,531
"IN",329,494,531
"IN",329,479,532
"IN",329,480,532
"IN",329,488,532
"IN",329,493,532
"IN",329,494,532
"IN",329,479,533
"IN",329,480,533
"IN",329,488,533
"IN",329,493,533
"IN",329,494,533
"IN",329,479,535
"IN",329,480,535
"IN",329,488,535
"IN",329,493,538
"IN",329,494,538
"IN",329,356,381
"IN",329,352,376
"IN",329,356,378
"IN",329,350,365
"IN",329,358,379
"IN",329,508,545
"IN",329,508,548
"IN",329,508,549
"IN",329,492,536
"IN",329,364,365
"IN",330,95,295
"IN",330,95,112
"IN",330,95,126
"IN",330,99,358
"IN",330,98,358
"IN",330,97,358
"IN",330,97,351
"IN",330,358,376
"IN",330,358,377
"IN",330,358,368
"IN",330,358,367
"IN",330,358,378
"IN",330,358,374
"IN",330,358,369
"IN",330,358,365
"IN",330,358,381
"IN",330,358,380
"IN",330,358,370
"IN",330,98,470
"IN",330,98,445
"IN",330,99,412
"IN",330,94,445
"IN",330,94,429
"IN",330,94,457
"IN",330,94,438
"IN",330,96,445
"IN",330,96,438
"IN",330,95,469
"IN",330,95,445
"IN",330,95,422
"IN",330,95,438
"IN",330,99,508
"IN",330,95,196
"IN",330,95,514
"IN",330,95,516
"IN",330,95,523
"IN",330,99,495
"IN",330,99,496
"IN",330,99,497
"IN",330,99,498
"IN",330,99,499
"IN",330,99,500
"IN",330,99,501
"IN",330,99,502
"IN",330,99,503
"IN",330,99,504
"IN",330,99,505
"IN",330,338,380
"IN",330,338,372
"IN",330,508,544
"IN",330,358,366
"IN",330,358,382
"IN",330,477,527
"IN",330,487,527
"IN",330,489,527
"IN",330,490,527
"IN",330,479,528
"IN",330,480,528
"IN",330,488,528
"IN",330,479,529
"IN",330,480,529
"IN",330,488,529
"IN",330,479,532
"IN",330,480,532
"IN",330,488,532
"IN",330,479,533
"IN",330,480,533
"IN",330,488,533
"IN",330,479,535
"IN",330,480,535
"IN",330,488,535
"IN",330,477,540
"IN",330,487,540
"IN",330,489,540
"IN",330,490,540
"IN",330,477,541
"IN",330,487,541
"IN",330,489,541
"IN",330,490,541
"IN",330,508,545
"IN",330,508,546
"IN",330,508,550
"IN",330,347,376
"IN",330,358,379
"IN",330,492,530
"IN",330,508,549
"IN",330,364,365
"IN",331,95,295
"IN",331,95,112
"IN",331,95,126
"IN",331,99,358
"IN",331,98,358
"IN",331,97,358
"IN",331,97,351
"IN",331,358,376
"IN",331,358,377
"IN",331,358,368
"IN",331,358,367
"IN",331,358,378
"IN",331,358,374
"IN",331,358,369
"IN",331,358,365
"IN",331,358,381
"IN",331,358,380
"IN",331,358,370
"IN",331,98,470
"IN",331,98,445
"IN",331,99,412
"IN",331,94,445
"IN",331,94,429
"IN",331,94,457
"IN",331,94,438
"IN",331,96,445
"IN",331,96,438
"IN",331,95,469
"IN",331,95,445
"IN",331,95,422
"IN",331,95,438
"IN",331,99,508
"IN",331,95,196
"IN",331,95,514
"IN",331,95,516
"IN",331,95,523
"IN",331,99,495
"IN",331,99,496
"IN",331,99,497
"IN",331,99,498
"IN",331,99,499
"IN",331,99,500
"IN",331,99,501
"IN",331,99,502
"IN",331,99,503
"IN",331,99,504
"IN",331,99,505
"IN",331,352,375
"IN",331,338,380
"IN",331,338,372
"IN",331,508,544
"IN",331,352,365
"IN",331,358,366
"IN",331,358,382
"IN",331,479,528
"IN",331,480,528
"IN",331,488,528
"IN",331,493,528
"IN",331,479,529
"IN",331,480,529
"IN",331,488,529
"IN",331,493,529
"IN",331,493,531
"IN",331,479,532
"IN",331,480,532
"IN",331,488,532
"IN",331,493,532
"IN",331,479,533
"IN",331,480,533
"IN",331,488,533
"IN",331,493,533
"IN",331,493,538
"IN",331,356,381
"IN",331,352,376
"IN",331,356,378
"IN",331,350,365
"IN",331,508,545
"IN",331,508,550
"IN",331,358,379
"IN",332,95,295
"IN",332,95,112
"IN",332,95,126
"IN",332,99,358
"IN",332,98,358
"IN",332,97,358
"IN",332,97,351
"IN",332,358,376
"IN",332,358,377
"IN",332,358,368
"IN",332,358,367
"IN",332,358,378
"IN",332,358,374
"IN",332,358,369
"IN",332,358,365
"IN",332,358,381
"IN",332,358,380
"IN",332,358,370
"IN",332,98,470
"IN",332,98,445
"IN",332,99,412
"IN",332,94,445
"IN",332,94,429
"IN",332,94,457
"IN",332,94,438
"IN",332,96,445
"IN",332,96,438
"IN",332,95,469
"IN",332,95,445
"IN",332,95,422
"IN",332,95,438
"IN",332,99,508
"IN",332,95,196
"IN",332,95,514
"IN",332,95,516
"IN",332,95,523
"IN",332,99,495
"IN",332,99,496
"IN",332,99,497
"IN",332,99,498
"IN",332,99,499
"IN",332,99,500
"IN",332,99,501
"IN",332,99,502
"IN",332,99,503
"IN",332,99,504
"IN",332,99,505
"IN",332,352,375
"IN",332,508,544
"IN",332,352,365
"IN",332,358,366
"IN",332,358,382
"IN",332,479,528
"IN",332,480,528
"IN",332,488,528
"IN",332,479,529
"IN",332,480,529
"IN",332,488,529
"IN",332,479,532
"IN",332,480,532
"IN",332,488,532
"IN",332,479,533
"IN",332,480,533
"IN",332,488,533
"IN",332,352,376
"IN",332,350,365
"IN",332,508,546
"IN",332,358,379
"IN",332,508,545
"IN",332,337,377
"IN",332,478,534
"IN",332,492,536
"IN",332,478,540
"IN",332,478,542
"IN",332,478,543
"IN",332,337,365
"IN",332,337,369
"IN",332,337,376
"IN",332,337,381
"IN",332,337,378
"IN",332,337,371
"IN",332,360,365
"IN",332,360,376
"IN",333,95,295
"IN",333,95,112
"IN",333,95,126
"IN",333,99,358
"IN",333,98,358
"IN",333,97,358
"IN",333,97,351
"IN",333,358,376
"IN",333,358,377
"IN",333,358,368
"IN",333,358,367
"IN",333,358,378
"IN",333,358,374
"IN",333,358,369
"IN",333,358,365
"IN",333,358,381
"IN",333,358,380
"IN",333,358,370
"IN",333,98,470
"IN",333,98,445
"IN",333,99,412
"IN",333,94,445
"IN",333,94,429
"IN",333,94,457
"IN",333,94,438
"IN",333,96,445
"IN",333,96,438
"IN",333,95,469
"IN",333,95,445
"IN",333,95,422
"IN",333,95,438
"IN",333,99,508
"IN",333,95,196
"IN",333,95,514
"IN",333,95,516
"IN",333,95,523
"IN",333,99,495
"IN",333,99,496
"IN",333,99,497
"IN",333,99,498
"IN",333,99,499
"IN",333,99,500
"IN",333,99,501
"IN",333,99,502
"IN",333,99,503
"IN",333,99,504
"IN",333,99,505
"IN",333,508,544
"IN",333,358,366
"IN",333,358,382
"IN",333,477,527
"IN",333,484,527
"IN",333,487,527
"IN",333,489,527
"IN",333,490,527
"IN",333,477,540
"IN",333,484,540
"IN",333,487,540
"IN",333,489,540
"IN",333,490,540
"IN",333,477,541
"IN",333,484,541
"IN",333,487,541
"IN",333,489,541
"IN",333,490,541
"IN",333,356,381
"IN",333,356,378
"IN",333,350,365
"IN",333,508,545
"IN",333,358,379
"IN",333,484,534
"IN",333,484,542
"IN",333,484,543
"IN",333,508,548
"IN",333,508,549
"IN",333,337,377
"IN",333,478,534
"IN",333,478,540
"IN",333,478,542
"IN",333,478,543
"IN",333,337,365
"IN",333,364,365
"IN",333,337,369
"IN",333,337,376
"IN",333,337,381
"IN",333,337,378
"IN",333,360,365
"IN",333,360,376
"IN",334,95,295
"IN",334,95,112
"IN",334,95,126
"IN",334,99,358
"IN",334,98,358
"IN",334,97,358
"IN",334,97,351
"IN",334,358,376
"IN",334,358,377
"IN",334,358,368
"IN",334,358,367
"IN",334,358,378
"IN",334,358,374
"IN",334,358,369
"IN",334,358,365
"IN",334,358,381
"IN",334,358,380
"IN",334,358,370
"IN",334,98,470
"IN",334,98,445
"IN",334,99,412
"IN",334,94,445
"IN",334,94,429
"IN",334,94,457
"IN",334,94,438
"IN",334,96,445
"IN",334,96,438
"IN",334,95,469
"IN",334,95,445
"IN",334,95,422
"IN",334,95,438
"IN",334,99,508
"IN",334,95,196
"IN",334,95,514
"IN",334,95,516
"IN",334,95,523
"IN",334,99,495
"IN",334,99,496
"IN",334,99,497
"IN",334,99,498
"IN",334,99,499
"IN",334,99,500
"IN",334,99,501
"IN",334,99,502
"IN",334,99,503
"IN",334,99,504
"IN",334,99,505
"IN",334,352,375
"IN",334,338,380
"IN",334,338,372
"IN",334,352,365
"IN",334,358,366
"IN",334,358,382
"IN",334,477,527
"IN",334,484,527
"IN",334,487,527
"IN",334,489,527
"IN",334,490,527
"IN",334,479,528
"IN",334,480,528
"IN",334,488,528
"IN",334,479,529
"IN",334,480,529
"IN",334,488,529
"IN",334,479,532
"IN",334,480,532
"IN",334,488,532
"IN",334,479,533
"IN",334,480,533
"IN",334,488,533
"IN",334,479,535
"IN",334,480,535
"IN",334,488,535
"IN",334,477,540
"IN",334,484,540
"IN",334,487,540
"IN",334,489,540
"IN",334,490,540
"IN",334,477,541
"IN",334,484,541
"IN",334,487,541
"IN",334,489,541
"IN",334,490,541
"IN",334,352,376
"IN",334,508,545
"IN",334,347,376
"IN",334,358,379
"IN",334,492,530
"IN",334,484,534
"IN",334,484,542
"IN",334,484,543
"IN",334,508,549
"IN",334,337,377
"IN",334,478,534
"IN",334,492,536
"IN",334,478,540
"IN",334,478,542
"IN",334,478,543
"IN",334,337,365
"IN",334,337,369
"IN",334,337,376
"IN",334,337,381
"IN",334,337,378
"IN",334,337,371
"IN",334,360,365
"IN",334,360,376
"IN",335,95,295
"IN",335,95,112
"IN",335,95,126
"IN",335,99,358
"IN",335,98,358
"IN",335,97,358
"IN",335,97,351
"IN",335,358,376
"IN",335,358,377
"IN",335,358,368
"IN",335,358,367
"IN",335,358,378
"IN",335,358,374
"IN",335,358,369
"IN",335,358,365
"IN",335,358,381
"IN",335,358,380
"IN",335,358,370
"IN",335,98,470
"IN",335,98,445
"IN",335,99,412
"IN",335,94,445
"IN",335,94,429
"IN",335,94,457
"IN",335,94,438
"IN",335,96,445
"IN",335,96,438
"IN",335,95,469
"IN",335,95,445
"IN",335,95,422
"IN",335,95,438
"IN",335,99,508
"IN",335,95,196
"IN",335,95,514
"IN",335,95,516
"IN",335,95,523
"IN",335,99,495
"IN",335,99,496
"IN",335,99,497
"IN",335,99,498
"IN",335,99,499
"IN",335,99,500
"IN",335,99,501
"IN",335,99,502
"IN",335,99,503
"IN",335,99,504
"IN",335,99,505
"IN",335,508,544
"IN",335,358,366
"IN",335,358,382
"IN",335,477,527
"IN",335,487,527
"IN",335,489,527
"IN",335,490,527
"IN",335,477,540
"IN",335,487,540
"IN",335,489,540
"IN",335,490,540
"IN",335,477,541
"IN",335,487,541
"IN",335,489,541
"IN",335,490,541
"IN",335,350,365
"IN",335,358,379
"IN",335,508,546
"IN",335,492,530
"IN",335,508,548
"IN",335,508,549
"IN",336,95,295
"IN",336,95,112
"IN",336,95,126
"IN",336,99,358
"IN",336,98,358
"IN",336,97,358
"IN",336,97,351
"IN",336,358,376
"IN",336,358,377
"IN",336,358,368
"IN",336,358,367
"IN",336,358,378
"IN",336,358,374
"IN",336,358,369
"IN",336,358,365
"IN",336,358,381
"IN",336,358,380
"IN",336,358,370
"IN",336,98,470
"IN",336,98,445
"IN",336,99,412
"IN",336,94,445
"IN",336,94,429
"IN",336,94,457
"IN",336,94,438
"IN",336,96,445
"IN",336,96,438
"IN",336,95,469
"IN",336,95,445
"IN",336,95,422
"IN",336,95,438
"IN",336,99,508
"IN",336,95,196
"IN",336,95,514
"IN",336,95,516
"IN",336,95,523
"IN",336,99,495
"IN",336,99,496
"IN",336,99,497
"IN",336,99,498
"IN",336,99,499
"IN",336,99,500
"IN",336,99,501
"IN",336,99,502
"IN",336,99,503
"IN",336,99,504
"IN",336,99,505
"IN",336,508,544
"IN",336,358,366
"IN",336,358,382
"IN",336,477,527
"IN",336,487,527
"IN",336,489,527
"IN",336,490,527
"IN",336,479,528
"IN",336,480,528
"IN",336,488,528
"IN",336,479,529
"IN",336,480,529
"IN",336,488,529
"IN",336,479,532
"IN",336,480,532
"IN",336,488,532
"IN",336,479,533
"IN",336,480,533
"IN",336,488,533
"IN",336,481,539
"IN",336,477,540
"IN",336,487,540
"IN",336,489,540
"IN",336,490,540
"IN",336,477,541
"IN",336,487,541
"IN",336,489,541
"IN",336,490,541
"IN",336,356,381
"IN",336,356,378
"IN",336,350,365
"IN",336,358,379
"IN",336,508,545
"IN",336,508,546
"IN",336,492,530
"IN",336,508,549
"IN",336,478,534
"IN",336,492,536
"IN",336,478,540
"IN",336,478,542
"IN",336,478,543
"IN",336,364,365
"IN",337,95,295
"IN",337,95,112
"IN",337,95,126
"IN",337,99,358
"IN",337,98,358
"IN",337,97,358
"IN",337,97,351
"IN",337,358,376
"IN",337,358,377
"IN",337,358,368
"IN",337,358,367
"IN",337,358,378
"IN",337,358,374
"IN",337,358,369
"IN",337,358,365
"IN",337,358,381
"IN",337,358,380
"IN",337,358,370
"IN",337,98,470
"IN",337,98,445
"IN",337,99,412
"IN",337,94,445
"IN",337,94,429
"IN",337,94,457
"IN",337,94,438
"IN",337,96,445
"IN",337,96,438
"IN",337,95,469
"IN",337,95,445
"IN",337,95,422
"IN",337,95,438
"IN",337,99,508
"IN",337,95,196
"IN",337,95,514
"IN",337,95,516
"IN",337,95,523
"IN",337,99,495
"IN",337,99,496
"IN",337,99,497
"IN",337,99,498
"IN",337,99,499
"IN",337,99,500
"IN",337,99,501
"IN",337,99,502
"IN",337,99,503
"IN",337,99,504
"IN",337,99,505
"IN",337,358,366
"IN",337,358,382
"IN",337,477,527
"IN",337,487,527
"IN",337,489,527
"IN",337,490,527
"IN",337,479,528
"IN",337,480,528
"IN",337,488,528
"IN",337,493,528
"IN",337,494,528
"IN",337,479,529
"IN",337,480,529
"IN",337,488,529
"IN",337,493,529
"IN",337,494,529
"IN",337,493,531
"IN",337,494,531
"IN",337,479,532
"IN",337,480,532
"IN",337,488,532
"IN",337,493,532
"IN",337,494,532
"IN",337,479,533
"IN",337,480,533
"IN",337,488,533
"IN",337,493,533
"IN",337,494,533
"IN",337,493,538
"IN",337,494,538
"IN",337,477,540
"IN",337,487,540
"IN",337,489,540
"IN",337,490,540
"IN",337,477,541
"IN",337,487,541
"IN",337,489,541
"IN",337,490,541
"IN",337,350,365
"IN",337,508,545
"IN",337,508,546
"IN",337,358,379
"IN",337,508,548
"IN",337,508,549
"IN",338,95,295
"IN",338,95,112
"IN",338,95,126
"IN",338,99,358
"IN",338,98,358
"IN",338,97,358
"IN",338,97,351
"IN",338,358,376
"IN",338,358,377
"IN",338,358,368
"IN",338,358,367
"IN",338,358,378
"IN",338,358,374
"IN",338,358,369
"IN",338,358,365
"IN",338,358,381
"IN",338,358,380
"IN",338,358,370
"IN",338,98,470
"IN",338,98,445
"IN",338,99,412
"IN",338,94,445
"IN",338,94,429
"IN",338,94,457
"IN",338,94,438
"IN",338,96,445
"IN",338,96,438
"IN",338,95,469
"IN",338,95,445
"IN",338,95,422
"IN",338,95,438
"IN",338,99,508
"IN",338,95,196
"IN",338,95,514
"IN",338,95,516
"IN",338,95,523
"IN",338,99,495
"IN",338,99,496
"IN",338,99,497
"IN",338,99,498
"IN",338,99,499
"IN",338,99,500
"IN",338,99,501
"IN",338,99,502
"IN",338,99,503
"IN",338,99,504
"IN",338,99,505
"IN",338,508,544
"IN",338,358,366
"IN",338,358,382
"IN",338,477,527
"IN",338,484,527
"IN",338,487,527
"IN",338,489,527
"IN",338,490,527
"IN",338,477,540
"IN",338,484,540
"IN",338,487,540
"IN",338,489,540
"IN",338,490,540
"IN",338,477,541
"IN",338,484,541
"IN",338,487,541
"IN",338,489,541
"IN",338,490,541
"IN",338,356,381
"IN",338,356,378
"IN",338,350,365
"IN",338,491,537
"IN",338,508,545
"IN",338,508,550
"IN",338,358,379
"IN",338,508,546
"IN",338,509,544
"IN",338,509,546
"IN",338,484,534
"IN",338,484,542
"IN",338,484,543
"IN",338,508,548
"IN",338,508,549
"IN",338,478,534
"IN",338,478,540
"IN",338,478,542
"IN",338,478,543
"IN",338,364,365
"IN",339,95,295
"IN",339,95,112
"IN",339,95,126
"IN",339,99,358
"IN",339,98,358
"IN",339,97,358
"IN",339,97,351
"IN",339,358,376
"IN",339,358,377
"IN",339,358,368
"IN",339,358,367
"IN",339,358,378
"IN",339,358,374
"IN",339,358,369
"IN",339,358,365
"IN",339,358,381
"IN",339,358,380
"IN",339,358,370
"IN",339,98,470
"IN",339,98,445
"IN",339,99,412
"IN",339,94,445
"IN",339,94,429
"IN",339,94,457
"IN",339,94,438
"IN",339,96,445
"IN",339,96,438
"IN",339,95,469
"IN",339,95,445
"IN",339,95,422
"IN",339,95,438
"IN",339,99,508
"IN",339,95,196
"IN",339,95,514
"IN",339,95,516
"IN",339,95,523
"IN",339,99,495
"IN",339,99,496
"IN",339,99,497
"IN",339,99,498
"IN",339,99,499
"IN",339,99,500
"IN",339,99,501
"IN",339,99,502
"IN",339,99,503
"IN",339,99,504
"IN",339,99,505
"IN",339,352,375
"IN",339,352,365
"IN",339,358,366
"IN",339,358,382
"IN",339,477,527
"IN",339,487,527
"IN",339,489,527
"IN",339,490,527
"IN",339,479,528
"IN",339,480,528
"IN",339,488,528
"IN",339,493,528
"IN",339,494,528
"IN",339,479,529
"IN",339,480,529
"IN",339,488,529
"IN",339,493,529
"IN",339,494,529
"IN",339,493,531
"IN",339,494,531
"IN",339,479,532
"IN",339,480,532
"IN",339,488,532
"IN",339,493,532
"IN",339,494,532
"IN",339,479,533
"IN",339,480,533
"IN",339,488,533
"IN",339,493,533
"IN",339,494,533
"IN",339,479,535
"IN",339,480,535
"IN",339,488,535
"IN",339,493,538
"IN",339,494,538
"IN",339,477,540
"IN",339,487,540
"IN",339,489,540
"IN",339,490,540
"IN",339,477,541
"IN",339,487,541
"IN",339,489,541
"IN",339,490,541
"IN",339,356,381
"IN",339,352,376
"IN",339,356,378
"IN",339,491,537
"IN",339,493,537
"IN",339,358,379
"IN",339,508,545
"IN",339,508,546
"IN",339,492,530
"IN",339,494,530
"IN",339,508,548
"IN",339,478,534
"IN",339,478,540
"IN",339,478,542
"IN",339,478,543
"IN",339,364,365
"IN",340,95,295
"IN",340,95,112
"IN",340,95,126
"IN",340,99,358
"IN",340,98,358
"IN",340,97,358
"IN",340,97,351
"IN",340,358,376
"IN",340,358,377
"IN",340,358,368
"IN",340,358,367
"IN",340,358,378
"IN",340,358,374
"IN",340,358,369
"IN",340,358,365
"IN",340,358,381
"IN",340,358,380
"IN",340,358,370
"IN",340,98,470
"IN",340,98,445
"IN",340,99,412
"IN",340,94,445
"IN",340,94,429
"IN",340,94,457
"IN",340,94,438
"IN",340,96,445
"IN",340,96,438
"IN",340,95,469
"IN",340,95,445
"IN",340,95,422
"IN",340,95,438
"IN",340,99,508
"IN",340,95,196
"IN",340,95,514
"IN",340,95,516
"IN",340,95,523
"IN",340,99,495
"IN",340,99,496
"IN",340,99,497
"IN",340,99,498
"IN",340,99,499
"IN",340,99,500
"IN",340,99,501
"IN",340,99,502
"IN",340,99,503
"IN",340,99,504
"IN",340,99,505
"IN",340,358,366
"IN",340,358,382
"IN",340,477,527
"IN",340,484,527
"IN",340,487,527
"IN",340,489,527
"IN",340,490,527
"IN",340,479,528
"IN",340,480,528
"IN",340,488,528
"IN",340,479,529
"IN",340,480,529
"IN",340,488,529
"IN",340,479,532
"IN",340,480,532
"IN",340,488,532
"IN",340,479,533
"IN",340,480,533
"IN",340,488,533
"IN",340,477,540
"IN",340,484,540
"IN",340,487,540
"IN",340,489,540
"IN",340,490,540
"IN",340,477,541
"IN",340,484,541
"IN",340,487,541
"IN",340,489,541
"IN",340,490,541
"IN",340,356,381
"IN",340,356,378
"IN",340,491,537
"IN",340,358,379
"IN",340,484,534
"IN",340,484,542
"IN",340,484,543
"IN",340,337,377
"IN",340,478,534
"IN",340,492,536
"IN",340,478,540
"IN",340,478,542
"IN",340,478,543
"IN",340,337,365
"IN",340,337,369
"IN",340,337,376
"IN",340,337,381
"IN",340,337,378
"IN",340,337,371
"IN",340,360,365
"IN",340,360,376
"IN",341,95,295
"IN",341,95,112
"IN",341,95,126
"IN",341,99,358
"IN",341,98,358
"IN",341,97,358
"IN",341,97,351
"IN",341,358,376
"IN",341,358,377
"IN",341,358,368
"IN",341,358,367
"IN",341,358,378
"IN",341,358,374
"IN",341,358,369
"IN",341,358,365
"IN",341,358,381
"IN",341,358,380
"IN",341,358,370
"IN",341,98,470
"IN",341,98,445
"IN",341,99,412
"IN",341,94,445
"IN",341,94,429
"IN",341,94,457
"IN",341,94,438
"IN",341,96,445
"IN",341,96,438
"IN",341,95,469
"IN",341,95,445
"IN",341,95,422
"IN",341,95,438
"IN",341,99,508
"IN",341,95,196
"IN",341,95,514
"IN",341,95,516
"IN",341,95,523
"IN",341,99,495
"IN",341,99,496
"IN",341,99,497
"IN",341,99,498
"IN",341,99,499
"IN",341,99,500
"IN",341,99,501
"IN",341,99,502
"IN",341,99,503
"IN",341,99,504
"IN",341,99,505
"IN",341,508,544
"IN",341,358,366
"IN",341,358,382
"IN",341,477,527
"IN",341,487,527
"IN",341,489,527
"IN",341,490,527
"IN",341,477,540
"IN",341,487,540
"IN",341,489,540
"IN",341,490,540
"IN",341,477,541
"IN",341,487,541
"IN",341,489,541
"IN",341,490,541
"IN",341,356,381
"IN",341,356,378
"IN",341,350,365
"IN",341,358,379
"IN",341,508,545
"IN",341,508,549
"IN",341,478,534
"IN",341,478,540
"IN",341,478,542
"IN",341,478,543
"IN",341,364,365
"IN",341,360,365
"IN",341,360,376
"IN",342,95,295
"IN",342,95,112
"IN",342,95,126
"IN",342,99,358
"IN",342,98,358
"IN",342,97,358
"IN",342,97,351
"IN",342,358,376
"IN",342,358,377
"IN",342,358,368
"IN",342,358,367
"IN",342,358,378
"IN",342,358,374
"IN",342,358,369
"IN",342,358,365
"IN",342,358,381
"IN",342,358,380
"IN",342,358,370
"IN",342,98,470
"IN",342,98,445
"IN",342,99,412
"IN",342,94,445
"IN",342,94,429
"IN",342,94,457
"IN",342,94,438
"IN",342,96,445
"IN",342,96,438
"IN",342,95,469
"IN",342,95,445
"IN",342,95,422
"IN",342,95,438
"IN",342,99,508
"IN",342,95,196
"IN",342,95,514
"IN",342,95,516
"IN",342,95,523
"IN",342,99,495
"IN",342,99,496
"IN",342,99,497
"IN",342,99,498
"IN",342,99,499
"IN",342,99,500
"IN",342,99,501
"IN",342,99,502
"IN",342,99,503
"IN",342,99,504
"IN",342,99,505
"IN",342,358,366
"IN",342,358,382
"IN",342,508,545
"IN",342,508,546
"IN",342,508,550
"IN",342,358,379
"IN",342,492,530
"IN",342,508,548
"IN",342,337,377
"IN",342,478,534
"IN",342,478,540
"IN",342,478,542
"IN",342,478,543
"IN",342,337,365
"IN",342,337,369
"IN",342,337,376
"IN",342,337,381
"IN",342,337,378
"IN",342,337,371
"IN",342,360,365
"IN",342,360,376
"IN",343,95,295
"IN",343,95,112
"IN",343,95,126
"IN",343,99,358
"IN",343,98,358
"IN",343,97,358
"IN",343,97,351
"IN",343,358,376
"IN",343,358,377
"IN",343,358,368
"IN",343,358,367
"IN",343,358,378
"IN",343,358,374
"IN",343,358,369
"IN",343,358,365
"IN",343,358,381
"IN",343,358,380
"IN",343,358,370
"IN",343,98,470
"IN",343,98,445
"IN",343,99,412
"IN",343,94,445
"IN",343,94,429
"IN",343,94,457
"IN",343,94,438
"IN",343,96,445
"IN",343,96,438
"IN",343,95,469
"IN",343,95,445
"IN",343,95,422
"IN",343,95,438
"IN",343,99,508
"IN",343,95,196
"IN",343,95,514
"IN",343,95,516
"IN",343,95,523
"IN",343,99,495
"IN",343,99,496
"IN",343,99,497
"IN",343,99,498
"IN",343,99,499
"IN",343,99,500
"IN",343,99,501
"IN",343,99,502
"IN",343,99,503
"IN",343,99,504
"IN",343,99,505
"IN",343,338,380
"IN",343,338,372
"IN",343,508,544
"IN",343,358,366
"IN",343,358,382
"IN",343,477,527
"IN",343,487,527
"IN",343,489,527
"IN",343,490,527
"IN",343,477,540
"IN",343,487,540
"IN",343,489,540
"IN",343,490,540
"IN",343,477,541
"IN",343,487,541
"IN",343,489,541
"IN",343,490,541
"IN",343,350,365
"IN",343,508,546
"IN",343,508,547
"IN",343,347,376
"IN",343,358,379
"IN",343,508,545
"IN",344,95,295
"IN",344,95,112
"IN",344,95,126
"IN",344,99,358
"IN",344,98,358
"IN",344,97,358
"IN",344,97,351
"IN",344,358,376
"IN",344,358,377
"IN",344,358,368
"IN",344,358,367
"IN",344,358,378
"IN",344,358,374
"IN",344,358,369
"IN",344,358,365
"IN",344,358,381
"IN",344,358,380
"IN",344,358,370
"IN",344,98,470
"IN",344,98,445
"IN",344,99,412
"IN",344,94,445
"IN",344,94,429
"IN",344,94,457
"IN",344,94,438
"IN",344,96,445
"IN",344,96,438
"IN",344,95,469
"IN",344,95,445
"IN",344,95,422
"IN",344,95,438
"IN",344,99,508
"IN",344,95,196
"IN",344,95,514
"IN",344,95,516
"IN",344,95,523
"IN",344,99,495
"IN",344,99,496
"IN",344,99,497
"IN",344,99,498
"IN",344,99,499
"IN",344,99,500
"IN",344,99,501
"IN",344,99,502
"IN",344,99,503
"IN",344,99,504
"IN",344,99,505
"IN",344,358,366
"IN",344,358,382
"IN",344,479,528
"IN",344,480,528
"IN",344,488,528
"IN",344,479,529
"IN",344,480,529
"IN",344,488,529
"IN",344,479,532
"IN",344,480,532
"IN",344,488,532
"IN",344,479,533
"IN",344,480,533
"IN",344,488,533
"IN",344,356,381
"IN",344,356,378
"IN",344,347,376
"IN",344,358,379
"IN",344,508,545
"IN",344,492,530
"IN",344,508,549
"IN",344,478,534
"IN",344,478,540
"IN",344,478,542
"IN",344,478,543
"IN",345,95,295
"IN",345,95,112
"IN",345,95,126
"IN",345,99,358
"IN",345,98,358
"IN",345,97,358
"IN",345,97,351
"IN",345,358,376
"IN",345,358,377
"IN",345,358,368
"IN",345,358,367
"IN",345,358,378
"IN",345,358,374
"IN",345,358,369
"IN",345,358,365
"IN",345,358,381
"IN",345,358,380
"IN",345,358,370
"IN",345,98,470
"IN",345,98,445
"IN",345,99,412
"IN",345,94,445
"IN",345,94,429
"IN",345,94,457
"IN",345,94,438
"IN",345,96,445
"IN",345,96,438
"IN",345,95,469
"IN",345,95,445
"IN",345,95,422
"IN",345,95,438
"IN",345,99,508
"IN",345,95,196
"IN",345,95,514
"IN",345,95,516
"IN",345,95,523
"IN",345,99,495
"IN",345,99,496
"IN",345,99,497
"IN",345,99,498
"IN",345,99,499
"IN",345,99,500
"IN",345,99,501
"IN",345,99,502
"IN",345,99,503
"IN",345,99,504
"IN",345,99,505
"IN",345,508,544
"IN",345,358,366
"IN",345,358,382
"IN",345,477,527
"IN",345,487,527
"IN",345,489,527
"IN",345,490,527
"IN",345,477,540
"IN",345,487,540
"IN",345,489,540
"IN",345,490,540
"IN",345,477,541
"IN",345,487,541
"IN",345,489,541
"IN",345,490,541
"IN",345,356,381
"IN",345,356,378
"IN",345,350,365
"IN",345,491,537
"IN",345,358,379
"IN",345,508,545
"IN",345,508,549
"IN",345,364,365
"IN",346,95,295
"IN",346,95,112
"IN",346,95,126
"IN",346,99,358
"IN",346,98,358
"IN",346,97,358
"IN",346,97,351
"IN",346,358,376
"IN",346,358,377
"IN",346,358,368
"IN",346,358,367
"IN",346,358,378
"IN",346,358,374
"IN",346,358,369
"IN",346,358,365
"IN",346,358,381
"IN",346,358,380
"IN",346,358,370
"IN",346,98,470
"IN",346,98,445
"IN",346,99,412
"IN",346,94,445
"IN",346,94,429
"IN",346,94,457
"IN",346,94,438
"IN",346,96,445
"IN",346,96,438
"IN",346,95,469
"IN",346,95,445
"IN",346,95,422
"IN",346,95,438
"IN",346,99,508
"IN",346,95,196
"IN",346,95,514
"IN",346,95,516
"IN",346,95,523
"IN",346,99,495
"IN",346,99,496
"IN",346,99,497
"IN",346,99,498
"IN",346,99,499
"IN",346,99,500
"IN",346,99,501
"IN",346,99,502
"IN",346,99,503
"IN",346,99,504
"IN",346,99,505
"IN",346,358,366
"IN",346,358,382
"IN",346,477,527
"IN",346,487,527
"IN",346,489,527
"IN",346,490,527
"IN",346,481,539
"IN",346,477,540
"IN",346,487,540
"IN",346,489,540
"IN",346,490,540
"IN",346,477,541
"IN",346,487,541
"IN",346,489,541
"IN",346,490,541
"IN",346,491,537
"IN",346,508,550
"IN",346,347,376
"IN",346,358,379
"IN",346,508,545
"IN",346,508,546
"IN",346,508,549
"IN",346,360,365
"IN",346,360,376
"IN",347,95,295
"IN",347,95,112
"IN",347,95,126
"IN",347,99,358
"IN",347,98,358
"IN",347,97,358
"IN",347,97,351
"IN",347,358,376
"IN",347,358,377
"IN",347,358,368
"IN",347,358,367
"IN",347,358,378
"IN",347,358,374
"IN",347,358,369
"IN",347,358,365
"IN",347,358,381
"IN",347,358,380
"IN",347,358,370
"IN",347,98,470
"IN",347,98,445
"IN",347,99,412
"IN",347,94,445
"IN",347,94,429
"IN",347,94,457
"IN",347,94,438
"IN",347,96,445
"IN",347,96,438
"IN",347,95,469
"IN",347,95,445
"IN",347,95,422
"IN",347,95,438
"IN",347,99,508
"IN",347,95,196
"IN",347,95,514
"IN",347,95,516
"IN",347,95,523
"IN",347,99,495
"IN",347,99,496
"IN",347,99,497
"IN",347,99,498
"IN",347,99,499
"IN",347,99,500
"IN",347,99,501
"IN",347,99,502
"IN",347,99,503
"IN",347,99,504
"IN",347,99,505
"IN",347,338,380
"IN",347,338,372
"IN",347,508,544
"IN",347,358,366
"IN",347,358,382
"IN",347,477,527
"IN",347,484,527
"IN",347,487,527
"IN",347,489,527
"IN",347,490,527
"IN",347,477,540
"IN",347,484,540
"IN",347,487,540
"IN",347,489,540
"IN",347,490,540
"IN",347,477,541
"IN",347,484,541
"IN",347,487,541
"IN",347,489,541
"IN",347,490,541
"IN",347,350,365
"IN",347,508,550
"IN",347,347,376
"IN",347,358,379
"IN",347,484,534
"IN",347,484,542
"IN",347,484,543
"IN",347,508,549
"IN",347,337,377
"IN",347,478,534
"IN",347,478,540
"IN",347,478,542
"IN",347,478,543
"IN",347,337,365
"IN",347,337,369
"IN",347,337,376
"IN",347,337,381
"IN",347,337,378
"IN",347,337,371
"IN",347,360,365
"IN",347,360,376
"IN",348,95,295
"IN",348,95,112
"IN",348,95,126
"IN",348,99,358
"IN",348,98,358
"IN",348,97,358
"IN",348,97,351
"IN",348,358,376
"IN",348,358,377
"IN",348,358,368
"IN",348,358,367
"IN",348,358,378
"IN",348,358,374
"IN",348,358,369
"IN",348,358,365
"IN",348,358,381
"IN",348,358,380
"IN",348,358,370
"IN",348,98,470
"IN",348,98,445
"IN",348,99,412
"IN",348,94,445
"IN",348,94,429
"IN",348,94,457
"IN",348,94,438
"IN",348,96,445
"IN",348,96,438
"IN",348,95,469
"IN",348,95,445
"IN",348,95,422
"IN",348,95,438
"IN",348,99,508
"IN",348,95,196
"IN",348,95,514
"IN",348,95,516
"IN",348,95,523
"IN",348,99,495
"IN",348,99,496
"IN",348,99,497
"IN",348,99,498
"IN",348,99,499
"IN",348,99,500
"IN",348,99,501
"IN",348,99,502
"IN",348,99,503
"IN",348,99,504
"IN",348,99,505
"IN",348,358,366
"IN",348,358,382
"IN",348,477,527
"IN",348,487,527
"IN",348,489,527
"IN",348,490,527
"IN",348,477,540
"IN",348,487,540
"IN",348,489,540
"IN",348,490,540
"IN",348,477,541
"IN",348,487,541
"IN",348,489,541
"IN",348,490,541
"IN",348,491,537
"IN",348,508,550
"IN",348,347,376
"IN",348,358,379
"IN",348,508,545
"IN",348,508,549
"IN",349,95,295
"IN",349,95,112
"IN",349,95,126
"IN",349,99,358
"IN",349,98,358
"IN",349,97,358
"IN",349,97,351
"IN",349,358,376
"IN",349,358,377
"IN",349,358,368
"IN",349,358,367
"IN",349,358,378
"IN",349,358,374
"IN",349,358,369
"IN",349,358,365
"IN",349,358,381
"IN",349,358,380
"IN",349,358,370
"IN",349,98,470
"IN",349,98,445
"IN",349,99,412
"IN",349,94,445
"IN",349,94,429
"IN",349,94,457
"IN",349,94,438
"IN",349,96,445
"IN",349,96,438
"IN",349,95,469
"IN",349,95,445
"IN",349,95,422
"IN",349,95,438
"IN",349,99,508
"IN",349,95,196
"IN",349,95,514
"IN",349,95,516
"IN",349,95,523
"IN",349,99,495
"IN",349,99,496
"IN",349,99,497
"IN",349,99,498
"IN",349,99,499
"IN",349,99,500
"IN",349,99,501
"IN",349,99,502
"IN",349,99,503
"IN",349,99,504
"IN",349,99,505
"IN",349,508,544
"IN",349,358,366
"IN",349,358,382
"IN",349,477,527
"IN",349,487,527
"IN",349,489,527
"IN",349,490,527
"IN",349,479,528
"IN",349,480,528
"IN",349,488,528
"IN",349,493,528
"IN",349,494,528
"IN",349,479,529
"IN",349,480,529
"IN",349,488,529
"IN",349,493,529
"IN",349,494,529
"IN",349,493,531
"IN",349,494,531
"IN",349,479,532
"IN",349,480,532
"IN",349,488,532
"IN",349,493,532
"IN",349,494,532
"IN",349,479,533
"IN",349,480,533
"IN",349,488,533
"IN",349,493,533
"IN",349,494,533
"IN",349,479,535
"IN",349,480,535
"IN",349,488,535
"IN",349,493,538
"IN",349,494,538
"IN",349,477,540
"IN",349,487,540
"IN",349,489,540
"IN",349,490,540
"IN",349,477,541
"IN",349,487,541
"IN",349,489,541
"IN",349,490,541
"IN",349,491,537
"IN",349,493,537
"IN",349,508,545
"IN",349,358,379
"IN",349,494,530
"IN",349,508,548
"IN",349,478,534
"IN",349,478,540
"IN",349,478,542
"IN",349,478,543
"IN",350,95,295
"IN",350,95,112
"IN",350,95,126
"IN",350,99,358
"IN",350,98,358
"IN",350,97,358
"IN",350,97,351
"IN",350,358,376
"IN",350,358,377
"IN",350,358,368
"IN",350,358,367
"IN",350,358,378
"IN",350,358,374
"IN",350,358,369
"IN",350,358,365
"IN",350,358,381
"IN",350,358,380
"IN",350,358,370
"IN",350,98,470
"IN",350,98,445
"IN",350,99,412
"IN",350,94,445
"IN",350,94,429
"IN",350,94,457
"IN",350,94,438
"IN",350,96,445
"IN",350,96,438
"IN",350,95,469
"IN",350,95,445
"IN",350,95,422
"IN",350,95,438
"IN",350,99,508
"IN",350,95,196
"IN",350,95,514
"IN",350,95,516
"IN",350,95,523
"IN",350,99,495
"IN",350,99,496
"IN",350,99,497
"IN",350,99,498
"IN",350,99,499
"IN",350,99,500
"IN",350,99,501
"IN",350,99,502
"IN",350,99,503
"IN",350,99,504
"IN",350,99,505
"IN",350,508,544
"IN",350,358,366
"IN",350,358,382
"IN",350,477,527
"IN",350,487,527
"IN",350,489,527
"IN",350,490,527
"IN",350,477,540
"IN",350,487,540
"IN",350,489,540
"IN",350,490,540
"IN",350,477,541
"IN",350,487,541
"IN",350,489,541
"IN",350,490,541
"IN",350,356,381
"IN",350,356,378
"IN",350,508,545
"IN",350,508,550
"IN",350,347,376
"IN",350,358,379
"IN",350,508,549
"IN",350,478,534
"IN",350,492,536
"IN",350,478,540
"IN",350,478,542
"IN",350,478,543
"IN",350,360,365
"IN",350,360,376
"IN",351,95,295
"IN",351,95,112
"IN",351,95,126
"IN",351,99,358
"IN",351,98,358
"IN",351,97,358
"IN",351,97,351
"IN",351,358,376
"IN",351,358,377
"IN",351,358,368
"IN",351,358,367
"IN",351,358,378
"IN",351,358,374
"IN",351,358,369
"IN",351,358,365
"IN",351,358,381
"IN",351,358,380
"IN",351,358,370
"IN",351,98,470
"IN",351,98,445
"IN",351,99,412
"IN",351,94,445
"IN",351,94,429
"IN",351,94,457
"IN",351,94,438
"IN",351,96,445
"IN",351,96,438
"IN",351,95,469
"IN",351,95,445
"IN",351,95,422
"IN",351,95,438
"IN",351,99,508
"IN",351,95,196
"IN",351,95,514
"IN",351,95,516
"IN",351,95,523
"IN",351,99,495
"IN",351,99,496
"IN",351,99,497
"IN",351,99,498
"IN",351,99,499
"IN",351,99,500
"IN",351,99,501
"IN",351,99,502
"IN",351,99,503
"IN",351,99,504
"IN",351,99,505
"IN",351,352,375
"IN",351,352,365
"IN",351,358,366
"IN",351,358,382
"IN",351,477,527
"IN",351,484,527
"IN",351,487,527
"IN",351,489,527
"IN",351,490,527
"IN",351,479,528
"IN",351,480,528
"IN",351,488,528
"IN",351,493,528
"IN",351,494,528
"IN",351,479,529
"IN",351,480,529
"IN",351,488,529
"IN",351,493,529
"IN",351,494,529
"IN",351,493,531
"IN",351,494,531
"IN",351,479,532
"IN",351,480,532
"IN",351,488,532
"IN",351,493,532
"IN",351,494,532
"IN",351,479,533
"IN",351,480,533
"IN",351,488,533
"IN",351,493,533
"IN",351,494,533
"IN",351,493,538
"IN",351,494,538
"IN",351,477,540
"IN",351,484,540
"IN",351,487,540
"IN",351,489,540
"IN",351,490,540
"IN",351,477,541
"IN",351,484,541
"IN",351,487,541
"IN",351,489,541
"IN",351,490,541
"IN",351,352,376
"IN",351,350,365
"IN",351,491,537
"IN",351,493,537
"IN",351,508,546
"IN",351,358,379
"IN",351,508,545
"IN",351,484,534
"IN",351,484,542
"IN",351,484,543
"IN",351,508,548
"IN",351,337,377
"IN",351,478,534
"IN",351,478,540
"IN",351,478,542
"IN",351,478,543
"IN",351,337,365
"IN",351,337,369
"IN",351,337,376
"IN",351,337,381
"IN",351,337,378
"IN",351,337,371
"IN",351,360,365
"IN",351,360,376
"IN",352,95,295
"IN",352,95,112
"IN",352,95,126
"IN",352,99,358
"IN",352,98,358
"IN",352,97,358
"IN",352,97,351
"IN",352,358,376
"IN",352,358,377
"IN",352,358,368
"IN",352,358,367
"IN",352,358,378
"IN",352,358,374
"IN",352,358,369
"IN",352,358,365
"IN",352,358,381
"IN",352,358,380
"IN",352,358,370
"IN",352,98,470
"IN",352,98,445
"IN",352,99,412
"IN",352,94,445
"IN",352,94,429
"IN",352,94,457
"IN",352,94,438
"IN",352,96,445
"IN",352,96,438
"IN",352,95,469
"IN",352,95,445
"IN",352,95,422
"IN",352,95,438
"IN",352,99,508
"IN",352,95,196
"IN",352,95,514
"IN",352,95,516
"IN",352,95,523
"IN",352,99,495
"IN",352,99,496
"IN",352,99,497
"IN",352,99,498
"IN",352,99,499
"IN",352,99,500
"IN",352,99,501
"IN",352,99,502
"IN",352,99,503
"IN",352,99,504
"IN",352,99,505
"IN",352,508,544
"IN",352,358,366
"IN",352,358,382
"IN",352,477,527
"IN",352,487,527
"IN",352,489,527
"IN",352,490,527
"IN",352,479,528
"IN",352,480,528
"IN",352,488,528
"IN",352,493,528
"IN",352,494,528
"IN",352,479,529
"IN",352,480,529
"IN",352,488,529
"IN",352,493,529
"IN",352,494,529
"IN",352,493,531
"IN",352,494,531
"IN",352,479,532
"IN",352,480,532
"IN",352,488,532
"IN",352,493,532
"IN",352,494,532
"IN",352,479,533
"IN",352,480,533
"IN",352,488,533
"IN",352,493,533
"IN",352,494,533
"IN",352,493,538
"IN",352,494,538
"IN",352,477,540
"IN",352,487,540
"IN",352,489,540
"IN",352,490,540
"IN",352,477,541
"IN",352,487,541
"IN",352,489,541
"IN",352,490,541
"IN",352,350,365
"IN",352,508,546
"IN",352,358,379
"IN",352,494,530
"IN",352,508,549
"IN",352,478,534
"IN",352,478,540
"IN",352,478,542
"IN",352,478,543
"IN",353,95,295
"IN",353,95,112
"IN",353,95,126
"IN",353,99,358
"IN",353,98,358
"IN",353,97,358
"IN",353,97,351
"IN",353,358,376
"IN",353,358,377
"IN",353,358,368
"IN",353,358,367
"IN",353,358,378
"IN",353,358,374
"IN",353,358,369
"IN",353,358,365
"IN",353,358,381
"IN",353,358,380
"IN",353,358,370
"IN",353,98,470
"IN",353,98,445
"IN",353,99,412
"IN",353,94,445
"IN",353,94,429
"IN",353,94,457
"IN",353,94,438
"IN",353,96,445
"IN",353,96,438
"IN",353,95,469
"IN",353,95,445
"IN",353,95,422
"IN",353,95,438
"IN",353,99,508
"IN",353,95,196
"IN",353,95,514
"IN",353,95,516
"IN",353,95,523
"IN",353,99,495
"IN",353,99,496
"IN",353,99,497
"IN",353,99,498
"IN",353,99,499
"IN",353,99,500
"IN",353,99,501
"IN",353,99,502
"IN",353,99,503
"IN",353,99,504
"IN",353,99,505
"IN",353,352,375
"IN",353,508,544
"IN",353,352,365
"IN",353,358,366
"IN",353,358,382
"IN",353,477,527
"IN",353,487,527
"IN",353,489,527
"IN",353,490,527
"IN",353,479,528
"IN",353,480,528
"IN",353,488,528
"IN",353,493,528
"IN",353,479,529
"IN",353,480,529
"IN",353,488,529
"IN",353,493,529
"IN",353,493,531
"IN",353,479,532
"IN",353,480,532
"IN",353,488,532
"IN",353,493,532
"IN",353,479,533
"IN",353,480,533
"IN",353,488,533
"IN",353,493,533
"IN",353,493,538
"IN",353,481,539
"IN",353,477,540
"IN",353,487,540
"IN",353,489,540
"IN",353,490,540
"IN",353,477,541
"IN",353,487,541
"IN",353,489,541
"IN",353,490,541
"IN",353,356,381
"IN",353,352,376
"IN",353,356,378
"IN",353,350,365
"IN",353,358,379
"IN",353,508,546
"IN",353,508,545
"IN",353,508,548
"IN",353,478,534
"IN",353,478,540
"IN",353,478,542
"IN",353,478,543
"IN",354,95,295
"IN",354,95,112
"IN",354,95,126
"IN",354,99,358
"IN",354,98,358
"IN",354,97,358
"IN",354,97,351
"IN",354,358,376
"IN",354,358,377
"IN",354,358,368
"IN",354,358,367
"IN",354,358,378
"IN",354,358,374
"IN",354,358,369
"IN",354,358,365
"IN",354,358,381
"IN",354,358,380
"IN",354,358,370
"IN",354,98,470
"IN",354,98,445
"IN",354,99,412
"IN",354,94,445
"IN",354,94,429
"IN",354,94,457
"IN",354,94,438
"IN",354,96,445
"IN",354,96,438
"IN",354,95,469
"IN",354,95,445
"IN",354,95,422
"IN",354,95,438
"IN",354,99,508
"IN",354,95,196
"IN",354,95,514
"IN",354,95,516
"IN",354,95,523
"IN",354,99,495
"IN",354,99,496
"IN",354,99,497
"IN",354,99,498
"IN",354,99,499
"IN",354,99,500
"IN",354,99,501
"IN",354,99,502
"IN",354,99,503
"IN",354,99,504
"IN",354,99,505
"IN",354,508,544
"IN",354,358,366
"IN",354,358,382
"IN",354,477,527
"IN",354,487,527
"IN",354,489,527
"IN",354,490,527
"IN",354,477,540
"IN",354,487,540
"IN",354,489,540
"IN",354,490,540
"IN",354,477,541
"IN",354,487,541
"IN",354,489,541
"IN",354,490,541
"IN",354,356,381
"IN",354,356,378
"IN",354,350,365
"IN",354,508,546
"IN",354,358,379
"IN",354,508,545
"IN",354,492,530
"IN",354,492,536
"IN",354,360,365
"IN",354,360,376
"IN",355,95,295
"IN",355,95,112
"IN",355,95,126
"IN",355,99,358
"IN",355,98,358
"IN",355,97,358
"IN",355,97,351
"IN",355,358,376
"IN",355,358,377
"IN",355,358,368
"IN",355,358,367
"IN",355,358,378
"IN",355,358,374
"IN",355,358,369
"IN",355,358,365
"IN",355,358,381
"IN",355,358,380
"IN",355,358,370
"IN",355,98,470
"IN",355,98,445
"IN",355,99,412
"IN",355,94,445
"IN",355,94,429
"IN",355,94,457
"IN",355,94,438
"IN",355,96,445
"IN",355,96,438
"IN",355,95,469
"IN",355,95,445
"IN",355,95,422
"IN",355,95,438
"IN",355,99,508
"IN",355,95,196
"IN",355,95,514
"IN",355,95,516
"IN",355,95,523
"IN",355,99,495
"IN",355,99,496
"IN",355,99,497
"IN",355,99,498
"IN",355,99,499
"IN",355,99,500
"IN",355,99,501
"IN",355,99,502
"IN",355,99,503
"IN",355,99,504
"IN",355,99,505
"IN",355,358,366
"IN",355,358,382
"IN",355,477,527
"IN",355,487,527
"IN",355,489,527
"IN",355,490,527
"IN",355,477,540
"IN",355,487,540
"IN",355,489,540
"IN",355,490,540
"IN",355,477,541
"IN",355,487,541
"IN",355,489,541
"IN",355,490,541
"IN",355,356,381
"IN",355,356,378
"IN",355,358,379
"IN",355,508,545
"IN",355,508,546
"IN",355,508,548
"IN",355,508,549
"IN",356,95,295
"IN",356,95,112
"IN",356,95,126
"IN",356,99,358
"IN",356,98,358
"IN",356,97,358
"IN",356,97,351
"IN",356,358,376
"IN",356,358,377
"IN",356,358,368
"IN",356,358,367
"IN",356,358,378
"IN",356,358,374
"IN",356,358,369
"IN",356,358,365
"IN",356,358,381
"IN",356,358,380
"IN",356,358,370
"IN",356,98,470
"IN",356,98,445
"IN",356,99,412
"IN",356,94,445
"IN",356,94,429
"IN",356,94,457
"IN",356,94,438
"IN",356,96,445
"IN",356,96,438
"IN",356,95,469
"IN",356,95,445
"IN",356,95,422
"IN",356,95,438
"IN",356,99,508
"IN",356,95,196
"IN",356,95,514
"IN",356,95,516
"IN",356,95,523
"IN",356,99,495
"IN",356,99,496
"IN",356,99,497
"IN",356,99,498
"IN",356,99,499
"IN",356,99,500
"IN",356,99,501
"IN",356,99,502
"IN",356,99,503
"IN",356,99,504
"IN",356,99,505
"IN",356,338,380
"IN",356,338,372
"IN",356,508,544
"IN",356,358,366
"IN",356,358,382
"IN",356,477,527
"IN",356,487,527
"IN",356,489,527
"IN",356,490,527
"IN",356,479,528
"IN",356,480,528
"IN",356,488,528
"IN",356,479,529
"IN",356,480,529
"IN",356,488,529
"IN",356,479,532
"IN",356,480,532
"IN",356,488,532
"IN",356,479,533
"IN",356,480,533
"IN",356,488,533
"IN",356,479,535
"IN",356,480,535
"IN",356,488,535
"IN",356,477,540
"IN",356,487,540
"IN",356,489,540
"IN",356,490,540
"IN",356,477,541
"IN",356,487,541
"IN",356,489,541
"IN",356,490,541
"IN",356,356,381
"IN",356,356,378
"IN",356,350,365
"IN",356,508,546
"IN",356,358,379
"IN",356,492,530
"IN",356,508,545
"IN",356,492,536
"IN",356,360,365
"IN",356,360,376
"IN",357,95,295
"IN",357,95,112
"IN",357,95,126
"IN",357,99,358
"IN",357,98,358
"IN",357,97,358
"IN",357,97,351
"IN",357,358,376
"IN",357,358,377
"IN",357,358,368
"IN",357,358,367
"IN",357,358,378
"IN",357,358,374
"IN",357,358,369
"IN",357,358,365
"IN",357,358,381
"IN",357,358,380
"IN",357,358,370
"IN",357,98,470
"IN",357,98,445
"IN",357,99,412
"IN",357,94,445
"IN",357,94,429
"IN",357,94,457
"IN",357,94,438
"IN",357,96,445
"IN",357,96,438
"IN",357,95,469
"IN",357,95,445
"IN",357,95,422
"IN",357,95,438
"IN",357,99,508
"IN",357,95,196
"IN",357,95,514
"IN",357,95,516
"IN",357,95,523
"IN",357,99,495
"IN",357,99,496
"IN",357,99,497
"IN",357,99,498
"IN",357,99,499
"IN",357,99,500
"IN",357,99,501
"IN",357,99,502
"IN",357,99,503
"IN",357,99,504
"IN",357,99,505
"IN",357,352,375
"IN",357,508,544
"IN",357,352,365
"IN",357,358,366
"IN",357,358,382
"IN",357,479,528
"IN",357,480,528
"IN",357,488,528
"IN",357,493,528
"IN",357,494,528
"IN",357,479,529
"IN",357,480,529
"IN",357,488,529
"IN",357,493,529
"IN",357,494,529
"IN",357,493,531
"IN",357,494,531
"IN",357,479,532
"IN",357,480,532
"IN",357,488,532
"IN",357,493,532
"IN",357,494,532
"IN",357,479,533
"IN",357,480,533
"IN",357,488,533
"IN",357,493,533
"IN",357,494,533
"IN",357,479,535
"IN",357,480,535
"IN",357,488,535
"IN",357,493,538
"IN",357,494,538
"IN",357,481,539
"IN",357,356,381
"IN",357,352,376
"IN",357,356,378
"IN",357,350,365
"IN",357,358,379
"IN",357,508,545
"IN",357,508,546
"IN",357,494,530
"IN",357,508,548
"IN",357,478,534
"IN",357,478,540
"IN",357,478,542
"IN",357,478,543
"IN",357,364,365
"IN",358,95,295
"IN",358,95,112
"IN",358,95,126
"IN",358,99,358
"IN",358,98,358
"IN",358,97,358
"IN",358,97,351
"IN",358,358,376
"IN",358,358,377
"IN",358,358,368
"IN",358,358,367
"IN",358,358,378
"IN",358,358,374
"IN",358,358,369
"IN",358,358,365
"IN",358,358,381
"IN",358,358,380
"IN",358,358,370
"IN",358,98,470
"IN",358,98,445
"IN",358,99,412
"IN",358,94,445
"IN",358,94,429
"IN",358,94,457
"IN",358,94,438
"IN",358,96,445
"IN",358,96,438
"IN",358,95,469
"IN",358,95,445
"IN",358,95,422
"IN",358,95,438
"IN",358,99,508
"IN",358,95,196
"IN",358,95,514
"IN",358,95,516
"IN",358,95,523
"IN",358,99,495
"IN",358,99,496
"IN",358,99,497
"IN",358,99,498
"IN",358,99,499
"IN",358,99,500
"IN",358,99,501
"IN",358,99,502
"IN",358,99,503
"IN",358,99,504
"IN",358,99,505
"IN",358,352,375
"IN",358,508,544
"IN",358,352,365
"IN",358,358,366
"IN",358,358,382
"IN",358,356,381
"IN",358,352,376
"IN",358,356,378
"IN",358,350,365
"IN",358,508,546
"IN",358,358,379
"IN",358,478,534
"IN",358,478,540
"IN",358,478,542
"IN",358,478,543
"IN",358,364,365
"IN",359,95,295
"IN",359,95,112
"IN",359,95,126
"IN",359,99,358
"IN",359,98,358
"IN",359,97,358
"IN",359,97,351
"IN",359,358,376
"IN",359,358,377
"IN",359,358,368
"IN",359,358,367
"IN",359,358,378
"IN",359,358,374
"IN",359,358,369
"IN",359,358,365
"IN",359,358,381
"IN",359,358,380
"IN",359,358,370
"IN",359,98,470
"IN",359,98,445
"IN",359,99,412
"IN",359,94,445
"IN",359,94,429
"IN",359,94,457
"IN",359,94,438
"IN",359,96,445
"IN",359,96,438
"IN",359,95,469
"IN",359,95,445
"IN",359,95,422
"IN",359,95,438
"IN",359,99,508
"IN",359,95,196
"IN",359,95,514
"IN",359,95,516
"IN",359,95,523
"IN",359,99,495
"IN",359,99,496
"IN",359,99,497
"IN",359,99,498
"IN",359,99,499
"IN",359,99,500
"IN",359,99,501
"IN",359,99,502
"IN",359,99,503
"IN",359,99,504
"IN",359,99,505
"IN",359,508,544
"IN",359,358,366
"IN",359,358,382
"IN",359,477,527
"IN",359,487,527
"IN",359,489,527
"IN",359,490,527
"IN",359,479,528
"IN",359,480,528
"IN",359,488,528
"IN",359,493,528
"IN",359,494,528
"IN",359,479,529
"IN",359,480,529
"IN",359,488,529
"IN",359,493,529
"IN",359,494,529
"IN",359,493,531
"IN",359,494,531
"IN",359,479,532
"IN",359,480,532
"IN",359,488,532
"IN",359,493,532
"IN",359,494,532
"IN",359,479,533
"IN",359,480,533
"IN",359,488,533
"IN",359,493,533
"IN",359,494,533
"IN",359,479,535
"IN",359,480,535
"IN",359,488,535
"IN",359,493,538
"IN",359,494,538
"IN",359,477,540
"IN",359,487,540
"IN",359,489,540
"IN",359,490,540
"IN",359,477,541
"IN",359,487,541
"IN",359,489,541
"IN",359,490,541
"IN",359,356,381
"IN",359,356,378
"IN",359,508,547
"IN",359,347,376
"IN",359,358,379
"IN",359,494,530
"IN",359,508,545
"IN",359,508,548
"IN",359,364,365
"IN",359,360,365
"IN",359,360,376
"IN",360,95,295
"IN",360,95,112
"IN",360,95,126
"IN",360,99,358
"IN",360,98,358
"IN",360,97,358
"IN",360,97,351
"IN",360,358,376
"IN",360,358,377
"IN",360,358,368
"IN",360,358,367
"IN",360,358,378
"IN",360,358,374
"IN",360,358,369
"IN",360,358,365
"IN",360,358,381
"IN",360,358,380
"IN",360,358,370
"IN",360,98,470
"IN",360,98,445
"IN",360,99,412
"IN",360,94,445
"IN",360,94,429
"IN",360,94,457
"IN",360,94,438
"IN",360,96,445
"IN",360,96,438
"IN",360,95,469
"IN",360,95,445
"IN",360,95,422
"IN",360,95,438
"IN",360,99,508
"IN",360,95,196
"IN",360,95,514
"IN",360,95,516
"IN",360,95,523
"IN",360,99,495
"IN",360,99,496
"IN",360,99,497
"IN",360,99,498
"IN",360,99,499
"IN",360,99,500
"IN",360,99,501
"IN",360,99,502
"IN",360,99,503
"IN",360,99,504
"IN",360,99,505
"IN",360,508,544
"IN",360,358,366
"IN",360,358,382
"IN",360,477,527
"IN",360,487,527
"IN",360,489,527
"IN",360,490,527
"IN",360,479,528
"IN",360,480,528
"IN",360,488,528
"IN",360,493,528
"IN",360,479,529
"IN",360,480,529
"IN",360,488,529
"IN",360,493,529
"IN",360,493,531
"IN",360,479,532
"IN",360,480,532
"IN",360,488,532
"IN",360,493,532
"IN",360,479,533
"IN",360,480,533
"IN",360,488,533
"IN",360,493,533
"IN",360,493,538
"IN",360,477,540
"IN",360,487,540
"IN",360,489,540
"IN",360,490,540
"IN",360,477,541
"IN",360,487,541
"IN",360,489,541
"IN",360,490,541
"IN",360,356,381
"IN",360,356,378
"IN",360,508,546
"IN",360,358,379
"IN",360,508,545
"IN",360,508,548
"IN",360,478,534
"IN",360,478,540
"IN",360,478,542
"IN",360,478,543
"IN",361,95,295
"IN",361,95,112
"IN",361,95,126
"IN",361,99,358
"IN",361,98,358
"IN",361,97,358
"IN",361,97,351
"IN",361,358,376
"IN",361,358,377
"IN",361,358,368
"IN",361,358,367
"IN",361,358,378
"IN",361,358,374
"IN",361,358,369
"IN",361,358,365
"IN",361,358,381
"IN",361,358,380
"IN",361,358,370
"IN",361,98,470
"IN",361,98,445
"IN",361,99,412
"IN",361,94,445
"IN",361,94,429
"IN",361,94,457
"IN",361,94,438
"IN",361,96,445
"IN",361,96,438
"IN",361,95,469
"IN",361,95,445
"IN",361,95,422
"IN",361,95,438
"IN",361,99,508
"IN",361,95,196
"IN",361,95,514
"IN",361,95,516
"IN",361,95,523
"IN",361,99,495
"IN",361,99,496
"IN",361,99,497
"IN",361,99,498
"IN",361,99,499
"IN",361,99,500
"IN",361,99,501
"IN",361,99,502
"IN",361,99,503
"IN",361,99,504
"IN",361,99,505
"IN",361,338,380
"IN",361,338,372
"IN",361,508,544
"IN",361,358,366
"IN",361,358,382
"IN",361,356,381
"IN",361,356,378
"IN",361,350,365
"IN",361,491,537
"IN",361,508,545
"IN",361,508,547
"IN",361,358,379
"IN",361,508,549
"IN",361,478,534
"IN",361,478,540
"IN",361,478,542
"IN",361,478,543
"IN",361,364,365
"IN",362,95,295
"IN",362,95,112
"IN",362,95,126
"IN",362,99,358
"IN",362,98,358
"IN",362,97,358
"IN",362,97,351
"IN",362,358,376
"IN",362,358,377
"IN",362,358,368
"IN",362,358,367
"IN",362,358,378
"IN",362,358,374
"IN",362,358,369
"IN",362,358,365
"IN",362,358,381
"IN",362,358,380
"IN",362,358,370
"IN",362,98,470
"IN",362,98,445
"IN",362,99,412
"IN",362,94,445
"IN",362,94,429
"IN",362,94,457
"IN",362,94,438
"IN",362,96,445
"IN",362,96,438
"IN",362,95,469
"IN",362,95,445
"IN",362,95,422
"IN",362,95,438
"IN",362,99,508
"IN",362,95,196
"IN",362,95,514
"IN",362,95,516
"IN",362,95,523
"IN",362,99,495
"IN",362,99,496
"IN",362,99,497
"IN",362,99,498
"IN",362,99,499
"IN",362,99,500
"IN",362,99,501
"IN",362,99,502
"IN",362,99,503
"IN",362,99,504
"IN",362,99,505
"IN",362,508,544
"IN",362,358,366
"IN",362,358,382
"IN",362,477,527
"IN",362,484,527
"IN",362,487,527
"IN",362,489,527
"IN",362,490,527
"IN",362,479,528
"IN",362,480,528
"IN",362,488,528
"IN",362,479,529
"IN",362,480,529
"IN",362,488,529
"IN",362,479,532
"IN",362,480,532
"IN",362,488,532
"IN",362,479,533
"IN",362,480,533
"IN",362,488,533
"IN",362,479,535
"IN",362,480,535
"IN",362,488,535
"IN",362,477,540
"IN",362,484,540
"IN",362,487,540
"IN",362,489,540
"IN",362,490,540
"IN",362,477,541
"IN",362,484,541
"IN",362,487,541
"IN",362,489,541
"IN",362,490,541
"IN",362,356,381
"IN",362,356,378
"IN",362,491,537
"IN",362,358,379
"IN",362,484,534
"IN",362,484,542
"IN",362,484,543
"IN",362,508,545
"IN",362,337,377
"IN",362,478,534
"IN",362,492,536
"IN",362,478,540
"IN",362,478,542
"IN",362,478,543
"IN",362,337,365
"IN",362,337,369
"IN",362,337,376
"IN",362,337,381
"IN",362,337,378
"IN",362,360,365
"IN",362,360,376
"IN",363,95,295
"IN",363,95,112
"IN",363,95,126
"IN",363,99,358
"IN",363,98,358
"IN",363,97,358
"IN",363,97,351
"IN",363,358,376
"IN",363,358,377
"IN",363,358,368
"IN",363,358,367
"IN",363,358,378
"IN",363,358,374
"IN",363,358,369
"IN",363,358,365
"IN",363,358,381
"IN",363,358,380
"IN",363,358,370
"IN",363,98,470
"IN",363,98,445
"IN",363,99,412
"IN",363,94,445
"IN",363,94,429
"IN",363,94,457
"IN",363,94,438
"IN",363,96,445
"IN",363,96,438
"IN",363,95,469
"IN",363,95,445
"IN",363,95,422
"IN",363,95,438
"IN",363,99,508
"IN",363,95,196
"IN",363,95,514
"IN",363,95,516
"IN",363,95,523
"IN",363,99,495
"IN",363,99,496
"IN",363,99,497
"IN",363,99,498
"IN",363,99,499
"IN",363,99,500
"IN",363,99,501
"IN",363,99,502
"IN",363,99,503
"IN",363,99,504
"IN",363,99,505
"IN",363,352,375
"IN",363,508,544
"IN",363,352,365
"IN",363,358,366
"IN",363,358,382
"IN",363,479,528
"IN",363,480,528
"IN",363,488,528
"IN",363,493,528
"IN",363,494,528
"IN",363,479,529
"IN",363,480,529
"IN",363,488,529
"IN",363,493,529
"IN",363,494,529
"IN",363,493,531
"IN",363,494,531
"IN",363,479,532
"IN",363,480,532
"IN",363,488,532
"IN",363,493,532
"IN",363,494,532
"IN",363,479,533
"IN",363,480,533
"IN",363,488,533
"IN",363,493,533
"IN",363,494,533
"IN",363,493,538
"IN",363,494,538
"IN",363,352,376
"IN",363,350,365
"IN",363,491,537
"IN",363,493,537
"IN",363,508,545
"IN",363,508,546
"IN",363,347,376
"IN",363,358,379
"IN",363,508,548
"IN",363,508,549
"IN",363,478,534
"IN",363,492,536
"IN",363,478,540
"IN",363,478,542
"IN",363,478,543
"IN",363,364,365
"IN",364,95,295
"IN",364,95,112
"IN",364,95,126
"IN",364,99,358
"IN",364,98,358
"IN",364,97,358
"IN",364,97,351
"IN",364,358,376
"IN",364,358,377
"IN",364,358,368
"IN",364,358,367
"IN",364,358,378
"IN",364,358,374
"IN",364,358,369
"IN",364,358,365
"IN",364,358,381
"IN",364,358,380
"IN",364,358,370
"IN",364,98,470
"IN",364,98,445
"IN",364,99,412
"IN",364,94,445
"IN",364,94,429
"IN",364,94,457
"IN",364,94,438
"IN",364,96,445
"IN",364,96,438
"IN",364,95,469
"IN",364,95,445
"IN",364,95,422
"IN",364,95,438
"IN",364,99,508
"IN",364,95,196
"IN",364,95,514
"IN",364,95,516
"IN",364,95,523
"IN",364,99,495
"IN",364,99,496
"IN",364,99,497
"IN",364,99,498
"IN",364,99,499
"IN",364,99,500
"IN",364,99,501
"IN",364,99,502
"IN",364,99,503
"IN",364,99,504
"IN",364,99,505
"IN",364,352,375
"IN",364,508,544
"IN",364,352,365
"IN",364,358,366
"IN",364,358,382
"IN",364,477,527
"IN",364,487,527
"IN",364,489,527
"IN",364,490,527
"IN",364,477,540
"IN",364,487,540
"IN",364,489,540
"IN",364,490,540
"IN",364,477,541
"IN",364,487,541
"IN",364,489,541
"IN",364,490,541
"IN",364,352,376
"IN",364,508,545
"IN",364,508,547
"IN",364,347,376
"IN",364,358,379
"IN",364,508,548
"IN",364,478,534
"IN",364,478,540
"IN",364,478,542
"IN",364,478,543
"IN",364,364,365
"IN",365,95,295
"IN",365,95,112
"IN",365,95,126
"IN",365,99,358
"IN",365,98,358
"IN",365,97,358
"IN",365,97,351
"IN",365,358,376
"IN",365,358,377
"IN",365,358,368
"IN",365,358,367
"IN",365,358,378
"IN",365,358,374
"IN",365,358,369
"IN",365,358,365
"IN",365,358,381
"IN",365,358,380
"IN",365,358,370
"IN",365,98,470
"IN",365,98,445
"IN",365,99,412
"IN",365,94,445
"IN",365,94,429
"IN",365,94,457
"IN",365,94,438
"IN",365,96,445
"IN",365,96,438
"IN",365,95,469
"IN",365,95,445
"IN",365,95,422
"IN",365,95,438
"IN",365,99,508
"IN",365,95,196
"IN",365,95,514
"IN",365,95,516
"IN",365,95,523
"IN",365,99,495
"IN",365,99,496
"IN",365,99,497
"IN",365,99,498
"IN",365,99,499
"IN",365,99,500
"IN",365,99,501
"IN",365,99,502
"IN",365,99,503
"IN",365,99,504
"IN",365,99,505
"IN",365,508,544
"IN",365,358,366
"IN",365,358,382
"IN",365,477,527
"IN",365,487,527
"IN",365,489,527
"IN",365,490,527
"IN",365,479,528
"IN",365,480,528
"IN",365,488,528
"IN",365,493,528
"IN",365,494,528
"IN",365,479,529
"IN",365,480,529
"IN",365,488,529
"IN",365,493,529
"IN",365,494,529
"IN",365,493,531
"IN",365,494,531
"IN",365,479,532
"IN",365,480,532
"IN",365,488,532
"IN",365,493,532
"IN",365,494,532
"IN",365,479,533
"IN",365,480,533
"IN",365,488,533
"IN",365,493,533
"IN",365,494,533
"IN",365,493,538
"IN",365,494,538
"IN",365,477,540
"IN",365,487,540
"IN",365,489,540
"IN",365,490,540
"IN",365,477,541
"IN",365,487,541
"IN",365,489,541
"IN",365,490,541
"IN",365,350,365
"IN",365,358,379
"IN",365,494,530
"IN",365,508,548
"IN",365,337,377
"IN",365,478,534
"IN",365,478,540
"IN",365,478,542
"IN",365,478,543
"IN",365,337,365
"IN",365,337,369
"IN",365,337,376
"IN",365,337,381
"IN",365,337,378
"IN",365,337,371
"IN",365,360,365
"IN",365,360,376
"IN",366,95,295
"IN",366,95,112
"IN",366,95,126
"IN",366,99,358
"IN",366,98,358
"IN",366,97,358
"IN",366,97,351
"IN",366,358,376
"IN",366,358,377
"IN",366,358,368
"IN",366,358,367
"IN",366,358,378
"IN",366,358,374
"IN",366,358,369
"IN",366,358,365
"IN",366,358,381
"IN",366,358,380
"IN",366,358,370
"IN",366,98,470
"IN",366,98,445
"IN",366,99,412
"IN",366,94,445
"IN",366,94,429
"IN",366,94,457
"IN",366,94,438
"IN",366,96,445
"IN",366,96,438
"IN",366,95,469
"IN",366,95,445
"IN",366,95,422
"IN",366,95,438
"IN",366,99,508
"IN",366,95,196
"IN",366,95,514
"IN",366,95,516
"IN",366,95,523
"IN",366,99,495
"IN",366,99,496
"IN",366,99,497
"IN",366,99,498
"IN",366,99,499
"IN",366,99,500
"IN",366,99,501
"IN",366,99,502
"IN",366,99,503
"IN",366,99,504
"IN",366,99,505
"IN",366,338,380
"IN",366,338,372
"IN",366,508,544
"IN",366,358,366
"IN",366,358,382
"IN",366,477,527
"IN",366,487,527
"IN",366,489,527
"IN",366,490,527
"IN",366,481,539
"IN",366,477,540
"IN",366,487,540
"IN",366,489,540
"IN",366,490,540
"IN",366,477,541
"IN",366,487,541
"IN",366,489,541
"IN",366,490,541
"IN",366,356,381
"IN",366,356,378
"IN",366,350,365
"IN",366,508,546
"IN",366,508,547
"IN",366,508,550
"IN",366,358,379
"IN",366,508,549
"IN",367,95,295
"IN",367,95,112
"IN",367,95,126
"IN",367,99,358
"IN",367,98,358
"IN",367,97,358
"IN",367,97,351
"IN",367,358,376
"IN",367,358,377
"IN",367,358,368
"IN",367,358,367
"IN",367,358,378
"IN",367,358,374
"IN",367,358,369
"IN",367,358,365
"IN",367,358,381
"IN",367,358,380
"IN",367,358,370
"IN",367,98,470
"IN",367,98,445
"IN",367,99,412
"IN",367,94,445
"IN",367,94,429
"IN",367,94,457
"IN",367,94,438
"IN",367,96,445
"IN",367,96,438
"IN",367,95,469
"IN",367,95,445
"IN",367,95,422
"IN",367,95,438
"IN",367,99,508
"IN",367,95,196
"IN",367,95,514
"IN",367,95,516
"IN",367,95,523
"IN",367,99,495
"IN",367,99,496
"IN",367,99,497
"IN",367,99,498
"IN",367,99,499
"IN",367,99,500
"IN",367,99,501
"IN",367,99,502
"IN",367,99,503
"IN",367,99,504
"IN",367,99,505
"IN",367,508,544
"IN",367,358,366
"IN",367,358,382
"IN",367,479,528
"IN",367,480,528
"IN",367,488,528
"IN",367,493,528
"IN",367,494,528
"IN",367,479,529
"IN",367,480,529
"IN",367,488,529
"IN",367,493,529
"IN",367,494,529
"IN",367,493,531
"IN",367,494,531
"IN",367,479,532
"IN",367,480,532
"IN",367,488,532
"IN",367,493,532
"IN",367,494,532
"IN",367,479,533
"IN",367,480,533
"IN",367,488,533
"IN",367,493,533
"IN",367,494,533
"IN",367,479,535
"IN",367,480,535
"IN",367,488,535
"IN",367,493,538
"IN",367,494,538
"IN",367,356,381
"IN",367,356,378
"IN",367,350,365
"IN",367,508,546
"IN",367,358,379
"IN",367,508,549
"IN",368,95,295
"IN",368,95,112
"IN",368,95,126
"IN",368,99,358
"IN",368,98,358
"IN",368,97,358
"IN",368,97,351
"IN",368,358,376
"IN",368,358,377
"IN",368,358,368
"IN",368,358,367
"IN",368,358,378
"IN",368,358,374
"IN",368,358,369
"IN",368,358,365
"IN",368,358,381
"IN",368,358,380
"IN",368,358,370
"IN",368,98,470
"IN",368,98,445
"IN",368,99,412
"IN",368,94,445
"IN",368,94,429
"IN",368,94,457
"IN",368,94,438
"IN",368,96,445
"IN",368,96,438
"IN",368,95,469
"IN",368,95,445
"IN",368,95,422
"IN",368,95,438
"IN",368,99,508
"IN",368,95,196
"IN",368,95,514
"IN",368,95,516
"IN",368,95,523
"IN",368,99,495
"IN",368,99,496
"IN",368,99,497
"IN",368,99,498
"IN",368,99,499
"IN",368,99,500
"IN",368,99,501
"IN",368,99,502
"IN",368,99,503
"IN",368,99,504
"IN",368,99,505
"IN",368,352,375
"IN",368,338,380
"IN",368,338,372
"IN",368,508,544
"IN",368,352,365
"IN",368,358,366
"IN",368,358,382
"IN",368,479,528
"IN",368,480,528
"IN",368,488,528
"IN",368,493,528
"IN",368,494,528
"IN",368,479,529
"IN",368,480,529
"IN",368,488,529
"IN",368,493,529
"IN",368,494,529
"IN",368,493,531
"IN",368,494,531
"IN",368,479,532
"IN",368,480,532
"IN",368,488,532
"IN",368,493,532
"IN",368,494,532
"IN",368,479,533
"IN",368,480,533
"IN",368,488,533
"IN",368,493,533
"IN",368,494,533
"IN",368,479,535
"IN",368,480,535
"IN",368,488,535
"IN",368,493,538
"IN",368,494,538
"IN",368,481,539
"IN",368,352,376
"IN",368,508,547
"IN",368,347,376
"IN",368,358,379
"IN",368,508,545
"IN",368,508,548
"IN",368,478,534
"IN",368,478,540
"IN",368,478,542
"IN",368,478,543
"IN",369,95,295
"IN",369,95,112
"IN",369,95,126
"IN",369,99,358
"IN",369,98,358
"IN",369,97,358
"IN",369,97,351
"IN",369,358,376
"IN",369,358,377
"IN",369,358,368
"IN",369,358,367
"IN",369,358,378
"IN",369,358,374
"IN",369,358,369
"IN",369,358,365
"IN",369,358,381
"IN",369,358,380
"IN",369,358,370
"IN",369,98,470
"IN",369,98,445
"IN",369,99,412
"IN",369,94,445
"IN",369,94,429
"IN",369,94,457
"IN",369,94,438
"IN",369,96,445
"IN",369,96,438
"IN",369,95,469
"IN",369,95,445
"IN",369,95,422
"IN",369,95,438
"IN",369,99,508
"IN",369,95,196
"IN",369,95,514
"IN",369,95,516
"IN",369,95,523
"IN",369,99,495
"IN",369,99,496
"IN",369,99,497
"IN",369,99,498
"IN",369,99,499
"IN",369,99,500
"IN",369,99,501
"IN",369,99,502
"IN",369,99,503
"IN",369,99,504
"IN",369,99,505
"IN",369,352,375
"IN",369,508,544
"IN",369,352,365
"IN",369,358,366
"IN",369,358,382
"IN",369,477,527
"IN",369,487,527
"IN",369,489,527
"IN",369,490,527
"IN",369,477,540
"IN",369,487,540
"IN",369,489,540
"IN",369,490,540
"IN",369,477,541
"IN",369,487,541
"IN",369,489,541
"IN",369,490,541
"IN",369,356,381
"IN",369,352,376
"IN",369,356,378
"IN",369,350,365
"IN",369,508,550
"IN",369,347,376
"IN",369,358,379
"IN",369,508,545
"IN",369,508,549
"IN",369,478,534
"IN",369,478,540
"IN",369,478,542
"IN",369,478,543
"IN",370,95,295
"IN",370,95,112
"IN",370,95,126
"IN",370,99,358
"IN",370,98,358
"IN",370,97,358
"IN",370,97,351
"IN",370,358,376
"IN",370,358,377
"IN",370,358,368
"IN",370,358,367
"IN",370,358,378
"IN",370,358,374
"IN",370,358,369
"IN",370,358,365
"IN",370,358,381
"IN",370,358,380
"IN",370,358,370
"IN",370,98,470
"IN",370,98,445
"IN",370,99,412
"IN",370,94,445
"IN",370,94,429
"IN",370,94,457
"IN",370,94,438
"IN",370,96,445
"IN",370,96,438
"IN",370,95,469
"IN",370,95,445
"IN",370,95,422
"IN",370,95,438
"IN",370,99,508
"IN",370,95,196
"IN",370,95,514
"IN",370,95,516
"IN",370,95,523
"IN",370,99,495
"IN",370,99,496
"IN",370,99,497
"IN",370,99,498
"IN",370,99,499
"IN",370,99,500
"IN",370,99,501
"IN",370,99,502
"IN",370,99,503
"IN",370,99,504
"IN",370,99,505
"IN",370,338,380
"IN",370,338,372
"IN",370,508,544
"IN",370,358,366
"IN",370,358,382
"IN",370,477,527
"IN",370,487,527
"IN",370,489,527
"IN",370,490,527
"IN",370,477,540
"IN",370,487,540
"IN",370,489,540
"IN",370,490,540
"IN",370,477,541
"IN",370,487,541
"IN",370,489,541
"IN",370,490,541
"IN",370,350,365
"IN",370,508,545
"IN",370,508,546
"IN",370,358,379
"IN",370,508,548
"IN",370,508,549
"IN",370,478,534
"IN",370,478,540
"IN",370,478,542
"IN",370,478,543
"IN",371,95,295
"IN",371,95,112
"IN",371,95,126
"IN",371,99,358
"IN",371,98,358
"IN",371,97,358
"IN",371,97,351
"IN",371,358,376
"IN",371,358,377
"IN",371,358,368
"IN",371,358,367
"IN",371,358,378
"IN",371,358,374
"IN",371,358,369
"IN",371,358,365
"IN",371,358,381
"IN",371,358,380
"IN",371,358,370
"IN",371,98,470
"IN",371,98,445
"IN",371,99,412
"IN",371,94,445
"IN",371,94,429
"IN",371,94,457
"IN",371,94,438
"IN",371,96,445
"IN",371,96,438
"IN",371,95,469
"IN",371,95,445
"IN",371,95,422
"IN",371,95,438
"IN",371,99,508
"IN",371,95,196
"IN",371,95,514
"IN",371,95,516
"IN",371,95,523
"IN",371,99,495
"IN",371,99,496
"IN",371,99,497
"IN",371,99,498
"IN",371,99,499
"IN",371,99,500
"IN",371,99,501
"IN",371,99,502
"IN",371,99,503
"IN",371,99,504
"IN",371,99,505
"IN",371,352,375
"IN",371,508,544
"IN",371,352,365
"IN",371,358,366
"IN",371,358,382
"IN",371,477,527
"IN",371,487,527
"IN",371,489,527
"IN",371,490,527
"IN",371,479,528
"IN",371,480,528
"IN",371,488,528
"IN",371,493,528
"IN",371,479,529
"IN",371,480,529
"IN",371,488,529
"IN",371,493,529
"IN",371,493,531
"IN",371,479,532
"IN",371,480,532
"IN",371,488,532
"IN",371,493,532
"IN",371,479,533
"IN",371,480,533
"IN",371,488,533
"IN",371,493,533
"IN",371,479,535
"IN",371,480,535
"IN",371,488,535
"IN",371,493,538
"IN",371,477,540
"IN",371,487,540
"IN",371,489,540
"IN",371,490,540
"IN",371,477,541
"IN",371,487,541
"IN",371,489,541
"IN",371,490,541
"IN",371,356,381
"IN",371,352,376
"IN",371,356,378
"IN",371,350,365
"IN",371,508,546
"IN",371,358,379
"IN",371,508,545
"IN",371,508,549
"IN",371,492,536
"IN",372,95,295
"IN",372,95,112
"IN",372,95,126
"IN",372,99,358
"IN",372,98,358
"IN",372,97,358
"IN",372,97,351
"IN",372,358,376
"IN",372,358,377
"IN",372,358,368
"IN",372,358,367
"IN",372,358,378
"IN",372,358,374
"IN",372,358,369
"IN",372,358,365
"IN",372,358,381
"IN",372,358,380
"IN",372,358,370
"IN",372,98,470
"IN",372,98,445
"IN",372,99,412
"IN",372,94,445
"IN",372,94,429
"IN",372,94,457
"IN",372,94,438
"IN",372,96,445
"IN",372,96,438
"IN",372,95,469
"IN",372,95,445
"IN",372,95,422
"IN",372,95,438
"IN",372,99,508
"IN",372,95,196
"IN",372,95,514
"IN",372,95,516
"IN",372,95,523
"IN",372,99,495
"IN",372,99,496
"IN",372,99,497
"IN",372,99,498
"IN",372,99,499
"IN",372,99,500
"IN",372,99,501
"IN",372,99,502
"IN",372,99,503
"IN",372,99,504
"IN",372,99,505
"IN",372,338,380
"IN",372,338,372
"IN",372,508,544
"IN",372,358,366
"IN",372,358,382
"IN",372,356,381
"IN",372,356,378
"IN",372,508,546
"IN",372,358,379
"IN",372,508,545
"IN",372,508,549
"IN",372,478,534
"IN",372,478,540
"IN",372,478,542
"IN",372,478,543
"IN",372,360,365
"IN",372,360,376
"IN",373,95,295
"IN",373,95,112
"IN",373,95,126
"IN",373,99,358
"IN",373,98,358
"IN",373,97,358
"IN",373,97,351
"IN",373,358,376
"IN",373,358,377
"IN",373,358,368
"IN",373,358,367
"IN",373,358,378
"IN",373,358,374
"IN",373,358,369
"IN",373,358,365
"IN",373,358,381
"IN",373,358,380
"IN",373,358,370
"IN",373,98,470
"IN",373,98,445
"IN",373,99,412
"IN",373,94,445
"IN",373,94,429
"IN",373,94,457
"IN",373,94,438
"IN",373,96,445
"IN",373,96,438
"IN",373,95,469
"IN",373,95,445
"IN",373,95,422
"IN",373,95,438
"IN",373,99,508
"IN",373,95,196
"IN",373,95,514
"IN",373,95,516
"IN",373,95,523
"IN",373,99,495
"IN",373,99,496
"IN",373,99,497
"IN",373,99,498
"IN",373,99,499
"IN",373,99,500
"IN",373,99,501
"IN",373,99,502
"IN",373,99,503
"IN",373,99,504
"IN",373,99,505
"IN",373,358,366
"IN",373,358,382
"IN",373,477,527
"IN",373,487,527
"IN",373,489,527
"IN",373,490,527
"IN",373,479,528
"IN",373,480,528
"IN",373,488,528
"IN",373,493,528
"IN",373,494,528
"IN",373,479,529
"IN",373,480,529
"IN",373,488,529
"IN",373,493,529
"IN",373,494,529
"IN",373,493,531
"IN",373,494,531
"IN",373,479,532
"IN",373,480,532
"IN",373,488,532
"IN",373,493,532
"IN",373,494,532
"IN",373,479,533
"IN",373,480,533
"IN",373,488,533
"IN",373,493,533
"IN",373,494,533
"IN",373,493,538
"IN",373,494,538
"IN",373,481,539
"IN",373,477,540
"IN",373,487,540
"IN",373,489,540
"IN",373,490,540
"IN",373,477,541
"IN",373,487,541
"IN",373,489,541
"IN",373,490,541
"IN",373,356,381
"IN",373,356,378
"IN",373,350,365
"IN",373,508,545
"IN",373,508,550
"IN",373,358,379
"IN",373,508,548
"IN",373,492,536
"IN",374,95,295
"IN",374,95,112
"IN",374,95,126
"IN",374,99,358
"IN",374,98,358
"IN",374,97,358
"IN",374,97,351
"IN",374,358,376
"IN",374,358,377
"IN",374,358,368
"IN",374,358,367
"IN",374,358,378
"IN",374,358,374
"IN",374,358,369
"IN",374,358,365
"IN",374,358,381
"IN",374,358,380
"IN",374,358,370
"IN",374,98,470
"IN",374,98,445
"IN",374,99,412
"IN",374,94,445
"IN",374,94,429
"IN",374,94,457
"IN",374,94,438
"IN",374,96,445
"IN",374,96,438
"IN",374,95,469
"IN",374,95,445
"IN",374,95,422
"IN",374,95,438
"IN",374,99,508
"IN",374,95,196
"IN",374,95,514
"IN",374,95,516
"IN",374,95,523
"IN",374,99,495
"IN",374,99,496
"IN",374,99,497
"IN",374,99,498
"IN",374,99,499
"IN",374,99,500
"IN",374,99,501
"IN",374,99,502
"IN",374,99,503
"IN",374,99,504
"IN",374,99,505
"IN",374,338,380
"IN",374,338,372
"IN",374,358,366
"IN",374,358,382
"IN",374,477,527
"IN",374,484,527
"IN",374,487,527
"IN",374,489,527
"IN",374,490,527
"IN",374,477,540
"IN",374,484,540
"IN",374,487,540
"IN",374,489,540
"IN",374,490,540
"IN",374,477,541
"IN",374,484,541
"IN",374,487,541
"IN",374,489,541
"IN",374,490,541
"IN",374,356,381
"IN",374,356,378
"IN",374,350,365
"IN",374,508,550
"IN",374,358,379
"IN",374,508,546
"IN",374,492,530
"IN",374,484,534
"IN",374,484,542
"IN",374,484,543
"IN",374,508,548
"IN",374,478,534
"IN",374,478,540
"IN",374,478,542
"IN",374,478,543
"IN",375,95,295
"IN",375,95,112
"IN",375,95,126
"IN",375,99,358
"IN",375,98,358
"IN",375,97,358
"IN",375,97,351
"IN",375,358,376
"IN",375,358,377
"IN",375,358,368
"IN",375,358,367
"IN",375,358,378
"IN",375,358,374
"IN",375,358,369
"IN",375,358,365
"IN",375,358,381
"IN",375,358,380
"IN",375,358,370
"IN",375,98,470
"IN",375,98,445
"IN",375,99,412
"IN",375,94,445
"IN",375,94,429
"IN",375,94,457
"IN",375,94,438
"IN",375,96,445
"IN",375,96,438
"IN",375,95,469
"IN",375,95,445
"IN",375,95,422
"IN",375,95,438
"IN",375,99,508
"IN",375,95,196
"IN",375,95,514
"IN",375,95,516
"IN",375,95,523
"IN",375,99,495
"IN",375,99,496
"IN",375,99,497
"IN",375,99,498
"IN",375,99,499
"IN",375,99,500
"IN",375,99,501
"IN",375,99,502
"IN",375,99,503
"IN",375,99,504
"IN",375,99,505
"IN",375,338,380
"IN",375,338,372
"IN",375,508,544
"IN",375,358,366
"IN",375,358,382
"IN",375,477,527
"IN",375,487,527
"IN",375,489,527
"IN",375,490,527
"IN",375,477,540
"IN",375,487,540
"IN",375,489,540
"IN",375,490,540
"IN",375,477,541
"IN",375,487,541
"IN",375,489,541
"IN",375,490,541
"IN",375,508,550
"IN",375,358,379
"IN",375,508,545
"IN",375,508,549
"IN",375,337,377
"IN",375,478,534
"IN",375,478,540
"IN",375,478,542
"IN",375,478,543
"IN",375,337,365
"IN",375,337,369
"IN",375,337,376
"IN",375,337,381
"IN",375,337,378
"IN",375,337,371
"IN",375,360,365
"IN",375,360,376
"IN",376,95,295
"IN",376,95,112
"IN",376,95,126
"IN",376,99,358
"IN",376,98,358
"IN",376,97,358
"IN",376,97,351
"IN",376,358,376
"IN",376,358,377
"IN",376,358,368
"IN",376,358,367
"IN",376,358,378
"IN",376,358,374
"IN",376,358,369
"IN",376,358,365
"IN",376,358,381
"IN",376,358,380
"IN",376,358,370
"IN",376,98,470
"IN",376,98,445
"IN",376,99,412
"IN",376,94,445
"IN",376,94,429
"IN",376,94,457
"IN",376,94,438
"IN",376,96,445
"IN",376,96,438
"IN",376,95,469
"IN",376,95,445
"IN",376,95,422
"IN",376,95,438
"IN",376,99,508
"IN",376,95,196
"IN",376,95,514
"IN",376,95,516
"IN",376,95,523
"IN",376,99,495
"IN",376,99,496
"IN",376,99,497
"IN",376,99,498
"IN",376,99,499
"IN",376,99,500
"IN",376,99,501
"IN",376,99,502
"IN",376,99,503
"IN",376,99,504
"IN",376,99,505
"IN",376,508,544
"IN",376,358,366
"IN",376,358,382
"IN",376,479,528
"IN",376,480,528
"IN",376,488,528
"IN",376,479,529
"IN",376,480,529
"IN",376,488,529
"IN",376,479,532
"IN",376,480,532
"IN",376,488,532
"IN",376,479,533
"IN",376,480,533
"IN",376,488,533
"IN",376,479,535
"IN",376,480,535
"IN",376,488,535
"IN",376,347,376
"IN",376,358,379
"IN",376,508,545
"IN",376,508,549
"IN",376,478,534
"IN",376,492,536
"IN",376,478,540
"IN",376,478,542
"IN",376,478,543
"IN",377,95,295
"IN",377,95,112
"IN",377,95,126
"IN",377,99,358
"IN",377,98,358
"IN",377,97,358
"IN",377,97,351
"IN",377,358,376
"IN",377,358,377
"IN",377,358,368
"IN",377,358,367
"IN",377,358,378
"IN",377,358,374
"IN",377,358,369
"IN",377,358,365
"IN",377,358,381
"IN",377,358,380
"IN",377,358,370
"IN",377,98,470
"IN",377,98,445
"IN",377,99,412
"IN",377,94,445
"IN",377,94,429
"IN",377,94,457
"IN",377,94,438
"IN",377,96,445
"IN",377,96,438
"IN",377,95,469
"IN",377,95,445
"IN",377,95,422
"IN",377,95,438
"IN",377,99,508
"IN",377,95,196
"IN",377,95,514
"IN",377,95,516
"IN",377,95,523
"IN",377,99,495
"IN",377,99,496
"IN",377,99,497
"IN",377,99,498
"IN",377,99,499
"IN",377,99,500
"IN",377,99,501
"IN",377,99,502
"IN",377,99,503
"IN",377,99,504
"IN",377,99,505
"IN",377,352,375
"IN",377,338,380
"IN",377,338,372
"IN",377,508,544
"IN",377,352,365
"IN",377,358,366
"IN",377,358,382
"IN",377,481,539
"IN",377,356,381
"IN",377,352,376
"IN",377,356,378
"IN",377,350,365
"IN",377,508,547
"IN",377,358,379
"IN",377,492,530
"IN",377,492,536
"IN",377,364,365
"IN",378,95,295
"IN",378,95,112
"IN",378,95,126
"IN",378,99,358
"IN",378,98,358
"IN",378,97,358
"IN",378,97,351
"IN",378,358,376
"IN",378,358,377
"IN",378,358,368
"IN",378,358,367
"IN",378,358,378
"IN",378,358,374
"IN",378,358,369
"IN",378,358,365
"IN",378,358,381
"IN",378,358,380
"IN",378,358,370
"IN",378,98,470
"IN",378,98,445
"IN",378,99,412
"IN",378,94,445
"IN",378,94,429
"IN",378,94,457
"IN",378,94,438
"IN",378,96,445
"IN",378,96,438
"IN",378,95,469
"IN",378,95,445
"IN",378,95,422
"IN",378,95,438
"IN",378,99,508
"IN",378,95,196
"IN",378,95,514
"IN",378,95,516
"IN",378,95,523
"IN",378,99,495
"IN",378,99,496
"IN",378,99,497
"IN",378,99,498
"IN",378,99,499
"IN",378,99,500
"IN",378,99,501
"IN",378,99,502
"IN",378,99,503
"IN",378,99,504
"IN",378,99,505
"IN",378,338,380
"IN",378,338,372
"IN",378,508,544
"IN",378,358,366
"IN",378,358,382
"IN",378,477,527
"IN",378,487,527
"IN",378,489,527
"IN",378,490,527
"IN",378,481,539
"IN",378,477,540
"IN",378,487,540
"IN",378,489,540
"IN",378,490,540
"IN",378,477,541
"IN",378,487,541
"IN",378,489,541
"IN",378,490,541
"IN",378,350,365
"IN",378,491,537
"IN",378,508,547
"IN",378,508,550
"IN",378,358,379
"IN",378,508,545
"IN",378,492,530
"IN",378,508,549
"IN",378,478,534
"IN",378,492,536
"IN",378,478,540
"IN",378,478,542
"IN",378,478,543
"IN",378,360,365
"IN",378,360,376
"IN",379,95,295
"IN",379,95,112
"IN",379,95,126
"IN",379,99,358
"IN",379,98,358
"IN",379,97,358
"IN",379,97,351
"IN",379,358,376
"IN",379,358,377
"IN",379,358,368
"IN",379,358,367
"IN",379,358,378
"IN",379,358,374
"IN",379,358,369
"IN",379,358,365
"IN",379,358,381
"IN",379,358,380
"IN",379,358,370
"IN",379,98,470
"IN",379,98,445
"IN",379,99,412
"IN",379,94,445
"IN",379,94,429
"IN",379,94,457
"IN",379,94,438
"IN",379,96,445
"IN",379,96,438
"IN",379,95,469
"IN",379,95,445
"IN",379,95,422
"IN",379,95,438
"IN",379,99,508
"IN",379,95,196
"IN",379,95,514
"IN",379,95,516
"IN",379,95,523
"IN",379,99,495
"IN",379,99,496
"IN",379,99,497
"IN",379,99,498
"IN",379,99,499
"IN",379,99,500
"IN",379,99,501
"IN",379,99,502
"IN",379,99,503
"IN",379,99,504
"IN",379,99,505
"IN",379,508,544
"IN",379,358,366
"IN",379,358,382
"IN",379,477,527
"IN",379,487,527
"IN",379,489,527
"IN",379,490,527
"IN",379,477,540
"IN",379,487,540
"IN",379,489,540
"IN",379,490,540
"IN",379,477,541
"IN",379,487,541
"IN",379,489,541
"IN",379,490,541
"IN",379,350,365
"IN",379,508,546
"IN",379,358,379
"IN",379,508,545
"IN",379,478,534
"IN",379,492,536
"IN",379,478,540
"IN",379,478,542
"IN",379,478,543
"IN",380,95,295
"IN",380,95,112
"IN",380,95,126
"IN",380,99,358
"IN",380,98,358
"IN",380,97,358
"IN",380,97,351
"IN",380,358,376
"IN",380,358,377
"IN",380,358,368
"IN",380,358,367
"IN",380,358,378
"IN",380,358,374
"IN",380,358,369
"IN",380,358,365
"IN",380,358,381
"IN",380,358,380
"IN",380,358,370
"IN",380,98,470
"IN",380,98,445
"IN",380,99,412
"IN",380,94,445
"IN",380,94,429
"IN",380,94,457
"IN",380,94,438
"IN",380,96,445
"IN",380,96,438
"IN",380,95,469
"IN",380,95,445
"IN",380,95,422
"IN",380,95,438
"IN",380,99,508
"IN",380,95,196
"IN",380,95,514
"IN",380,95,516
"IN",380,95,523
"IN",380,99,495
"IN",380,99,496
"IN",380,99,497
"IN",380,99,498
"IN",380,99,499
"IN",380,99,500
"IN",380,99,501
"IN",380,99,502
"IN",380,99,503
"IN",380,99,504
"IN",380,99,505
"IN",380,338,380
"IN",380,338,372
"IN",380,358,366
"IN",380,358,382
"IN",380,477,527
"IN",380,487,527
"IN",380,489,527
"IN",380,490,527
"IN",380,477,540
"IN",380,487,540
"IN",380,489,540
"IN",380,490,540
"IN",380,477,541
"IN",380,487,541
"IN",380,489,541
"IN",380,490,541
"IN",380,356,381
"IN",380,356,378
"IN",380,350,365
"IN",380,491,537
"IN",380,358,379
"IN",380,508,545
"IN",380,508,548
"IN",380,508,549
"IN",380,478,534
"IN",380,478,540
"IN",380,478,542
"IN",380,478,543
"IN",381,95,295
"IN",381,95,112
"IN",381,95,126
"IN",381,99,358
"IN",381,98,358
"IN",381,97,358
"IN",381,97,351
"IN",381,358,376
"IN",381,358,377
"IN",381,358,368
"IN",381,358,367
"IN",381,358,378
"IN",381,358,374
"IN",381,358,369
"IN",381,358,365
"IN",381,358,381
"IN",381,358,380
"IN",381,358,370
"IN",381,98,470
"IN",381,98,445
"IN",381,99,412
"IN",381,94,445
"IN",381,94,429
"IN",381,94,457
"IN",381,94,438
"IN",381,96,445
"IN",381,96,438
"IN",381,95,469
"IN",381,95,445
"IN",381,95,422
"IN",381,95,438
"IN",381,99,508
"IN",381,95,196
"IN",381,95,514
"IN",381,95,516
"IN",381,95,523
"IN",381,99,495
"IN",381,99,496
"IN",381,99,497
"IN",381,99,498
"IN",381,99,499
"IN",381,99,500
"IN",381,99,501
"IN",381,99,502
"IN",381,99,503
"IN",381,99,504
"IN",381,99,505
"IN",381,508,544
"IN",381,358,366
"IN",381,358,382
"IN",381,477,527
"IN",381,487,527
"IN",381,489,527
"IN",381,490,527
"IN",381,479,528
"IN",381,480,528
"IN",381,488,528
"IN",381,479,529
"IN",381,480,529
"IN",381,488,529
"IN",381,479,532
"IN",381,480,532
"IN",381,488,532
"IN",381,479,533
"IN",381,480,533
"IN",381,488,533
"IN",381,477,540
"IN",381,487,540
"IN",381,489,540
"IN",381,490,540
"IN",381,477,541
"IN",381,487,541
"IN",381,489,541
"IN",381,490,541
"IN",381,350,365
"IN",381,508,545
"IN",381,508,550
"IN",381,358,379
"IN",381,360,365
"IN",381,360,376
"IN",382,95,295
"IN",382,95,112
"IN",382,95,126
"IN",382,99,358
"IN",382,98,358
"IN",382,97,358
"IN",382,97,351
"IN",382,358,376
"IN",382,358,377
"IN",382,358,368
"IN",382,358,367
"IN",382,358,378
"IN",382,358,374
"IN",382,358,369
"IN",382,358,365
"IN",382,358,381
"IN",382,358,380
"IN",382,358,370
"IN",382,98,470
"IN",382,98,445
"IN",382,99,412
"IN",382,94,445
"IN",382,94,429
"IN",382,94,457
"IN",382,94,438
"IN",382,96,445
"IN",382,96,438
"IN",382,95,469
"IN",382,95,445
"IN",382,95,422
"IN",382,95,438
"IN",382,99,508
"IN",382,95,196
"IN",382,95,514
"IN",382,95,516
"IN",382,95,523
"IN",382,99,495
"IN",382,99,496
"IN",382,99,497
"IN",382,99,498
"IN",382,99,499
"IN",382,99,500
"IN",382,99,501
"IN",382,99,502
"IN",382,99,503
"IN",382,99,504
"IN",382,99,505
"IN",382,338,380
"IN",382,338,372
"IN",382,508,544
"IN",382,358,366
"IN",382,358,382
"IN",382,477,527
"IN",382,487,527
"IN",382,489,527
"IN",382,490,527
"IN",382,477,540
"IN",382,487,540
"IN",382,489,540
"IN",382,490,540
"IN",382,477,541
"IN",382,487,541
"IN",382,489,541
"IN",382,490,541
"IN",382,350,365
"IN",382,491,537
"IN",382,358,379
"IN",382,508,545
"IN",382,508,548
"IN",382,508,549
"IN",382,364,365
"IN",383,95,295
"IN",383,95,112
"IN",383,95,126
"IN",383,99,358
"IN",383,98,358
"IN",383,97,358
"IN",383,97,351
"IN",383,358,376
"IN",383,358,377
"IN",383,358,368
"IN",383,358,367
"IN",383,358,378
"IN",383,358,374
"IN",383,358,369
"IN",383,358,365
"IN",383,358,381
"IN",383,358,380
"IN",383,358,370
"IN",383,98,470
"IN",383,98,445
"IN",383,99,412
"IN",383,94,445
"IN",383,94,429
"IN",383,94,457
"IN",383,94,438
"IN",383,96,445
"IN",383,96,438
"IN",383,95,469
"IN",383,95,445
"IN",383,95,422
"IN",383,95,438
"IN",383,99,508
"IN",383,95,196
"IN",383,95,514
"IN",383,95,516
"IN",383,95,523
"IN",383,99,495
"IN",383,99,496
"IN",383,99,497
"IN",383,99,498
"IN",383,99,499
"IN",383,99,500
"IN",383,99,501
"IN",383,99,502
"IN",383,99,503
"IN",383,99,504
"IN",383,99,505
"IN",383,508,544
"IN",383,358,366
"IN",383,358,382
"IN",383,477,527
"IN",383,487,527
"IN",383,489,527
"IN",383,490,527
"IN",383,477,540
"IN",383,487,540
"IN",383,489,540
"IN",383,490,540
"IN",383,477,541
"IN",383,487,541
"IN",383,489,541
"IN",383,490,541
"IN",383,356,381
"IN",383,356,378
"IN",383,350,365
"IN",383,508,546
"IN",383,508,547
"IN",383,358,379
"IN",383,508,549
"IN",384,95,295
"IN",384,95,112
"IN",384,95,126
"IN",384,99,358
"IN",384,98,358
"IN",384,97,358
"IN",384,97,351
"IN",384,358,376
"IN",384,358,377
"IN",384,358,368
"IN",384,358,367
"IN",384,358,378
"IN",384,358,374
"IN",384,358,369
"IN",384,358,365
"IN",384,358,381
"IN",384,358,380
"IN",384,358,370
"IN",384,98,470
"IN",384,98,445
"IN",384,99,412
"IN",384,94,445
"IN",384,94,429
"IN",384,94,457
"IN",384,94,438
"IN",384,96,445
"IN",384,96,438
"IN",384,95,469
"IN",384,95,445
"IN",384,95,422
"IN",384,95,438
"IN",384,99,508
"IN",384,95,196
"IN",384,95,514
"IN",384,95,516
"IN",384,95,523
"IN",384,99,495
"IN",384,99,496
"IN",384,99,497
"IN",384,99,498
"IN",384,99,499
"IN",384,99,500
"IN",384,99,501
"IN",384,99,502
"IN",384,99,503
"IN",384,99,504
"IN",384,99,505
"IN",384,352,375
"IN",384,508,544
"IN",384,352,365
"IN",384,358,366
"IN",384,358,382
"IN",384,477,527
"IN",384,487,527
"IN",384,489,527
"IN",384,490,527
"IN",384,477,540
"IN",384,487,540
"IN",384,489,540
"IN",384,490,540
"IN",384,477,541
"IN",384,487,541
"IN",384,489,541
"IN",384,490,541
"IN",384,356,381
"IN",384,352,376
"IN",384,356,378
"IN",384,350,365
"IN",384,491,537
"IN",384,508,550
"IN",384,358,379
"IN",384,508,548
"IN",384,508,549
"IN",384,478,534
"IN",384,478,540
"IN",384,478,542
"IN",384,478,543
"IN",384,364,365
"IN",385,95,295
"IN",385,95,112
"IN",385,95,126
"IN",385,99,358
"IN",385,98,358
"IN",385,97,358
"IN",385,97,351
"IN",385,358,376
"IN",385,358,377
"IN",385,358,368
"IN",385,358,367
"IN",385,358,378
"IN",385,358,374
"IN",385,358,369
"IN",385,358,365
"IN",385,358,381
"IN",385,358,380
"IN",385,358,370
"IN",385,98,470
"IN",385,98,445
"IN",385,99,412
"IN",385,94,445
"IN",385,94,429
"IN",385,94,457
"IN",385,94,438
"IN",385,96,445
"IN",385,96,438
"IN",385,95,469
"IN",385,95,445
"IN",385,95,422
"IN",385,95,438
"IN",385,99,508
"IN",385,95,196
"IN",385,95,514
"IN",385,95,516
"IN",385,95,523
"IN",385,99,495
"IN",385,99,496
"IN",385,99,497
"IN",385,99,498
"IN",385,99,499
"IN",385,99,500
"IN",385,99,501
"IN",385,99,502
"IN",385,99,503
"IN",385,99,504
"IN",385,99,505
"IN",385,352,375
"IN",385,338,380
"IN",385,338,372
"IN",385,352,365
"IN",385,358,366
"IN",385,358,382
"IN",385,477,527
"IN",385,484,527
"IN",385,487,527
"IN",385,489,527
"IN",385,490,527
"IN",385,479,528
"IN",385,480,528
"IN",385,488,528
"IN",385,479,529
"IN",385,480,529
"IN",385,488,529
"IN",385,479,532
"IN",385,480,532
"IN",385,488,532
"IN",385,479,533
"IN",385,480,533
"IN",385,488,533
"IN",385,477,540
"IN",385,484,540
"IN",385,487,540
"IN",385,489,540
"IN",385,490,540
"IN",385,477,541
"IN",385,484,541
"IN",385,487,541
"IN",385,489,541
"IN",385,490,541
"IN",385,352,376
"IN",385,508,550
"IN",385,358,379
"IN",385,484,534
"IN",385,484,542
"IN",385,484,543
"IN",385,508,548
"IN",385,508,549
"IN",385,478,534
"IN",385,478,540
"IN",385,478,542
"IN",385,478,543
"IN",386,95,295
"IN",386,95,112
"IN",386,95,126
"IN",386,99,358
"IN",386,98,358
"IN",386,97,358
"IN",386,97,351
"IN",386,358,376
"IN",386,358,377
"IN",386,358,368
"IN",386,358,367
"IN",386,358,378
"IN",386,358,374
"IN",386,358,369
"IN",386,358,365
"IN",386,358,381
"IN",386,358,380
"IN",386,358,370
"IN",386,98,470
"IN",386,98,445
"IN",386,99,412
"IN",386,94,445
"IN",386,94,429
"IN",386,94,457
"IN",386,94,438
"IN",386,96,445
"IN",386,96,438
"IN",386,95,469
"IN",386,95,445
"IN",386,95,422
"IN",386,95,438
"IN",386,99,508
"IN",386,95,196
"IN",386,95,514
"IN",386,95,516
"IN",386,95,523
"IN",386,99,495
"IN",386,99,496
"IN",386,99,497
"IN",386,99,498
"IN",386,99,499
"IN",386,99,500
"IN",386,99,501
"IN",386,99,502
"IN",386,99,503
"IN",386,99,504
"IN",386,99,505
"IN",386,508,544
"IN",386,358,366
"IN",386,358,382
"IN",386,477,527
"IN",386,487,527
"IN",386,489,527
"IN",386,490,527
"IN",386,479,528
"IN",386,480,528
"IN",386,488,528
"IN",386,493,528
"IN",386,494,528
"IN",386,479,529
"IN",386,480,529
"IN",386,488,529
"IN",386,493,529
"IN",386,494,529
"IN",386,493,531
"IN",386,494,531
"IN",386,479,532
"IN",386,480,532
"IN",386,488,532
"IN",386,493,532
"IN",386,494,532
"IN",386,479,533
"IN",386,480,533
"IN",386,488,533
"IN",386,493,533
"IN",386,494,533
"IN",386,479,535
"IN",386,480,535
"IN",386,488,535
"IN",386,493,538
"IN",386,494,538
"IN",386,477,540
"IN",386,487,540
"IN",386,489,540
"IN",386,490,540
"IN",386,477,541
"IN",386,487,541
"IN",386,489,541
"IN",386,490,541
"IN",386,356,381
"IN",386,356,378
"IN",386,358,379
"IN",386,508,545
"IN",386,508,549
"IN",387,95,295
"IN",387,95,112
"IN",387,95,126
"IN",387,99,358
"IN",387,98,358
"IN",387,97,358
"IN",387,97,351
"IN",387,358,376
"IN",387,358,377
"IN",387,358,368
"IN",387,358,367
"IN",387,358,378
"IN",387,358,374
"IN",387,358,369
"IN",387,358,365
"IN",387,358,381
"IN",387,358,380
"IN",387,358,370
"IN",387,98,470
"IN",387,98,445
"IN",387,99,412
"IN",387,94,445
"IN",387,94,429
"IN",387,94,457
"IN",387,94,438
"IN",387,96,445
"IN",387,96,438
"IN",387,95,469
"IN",387,95,445
"IN",387,95,422
"IN",387,95,438
"IN",387,99,508
"IN",387,95,196
"IN",387,95,514
"IN",387,95,516
"IN",387,95,523
"IN",387,99,495
"IN",387,99,496
"IN",387,99,497
"IN",387,99,498
"IN",387,99,499
"IN",387,99,500
"IN",387,99,501
"IN",387,99,502
"IN",387,99,503
"IN",387,99,504
"IN",387,99,505
"IN",387,352,375
"IN",387,352,365
"IN",387,358,366
"IN",387,358,382
"IN",387,479,528
"IN",387,480,528
"IN",387,488,528
"IN",387,479,529
"IN",387,480,529
"IN",387,488,529
"IN",387,479,532
"IN",387,480,532
"IN",387,488,532
"IN",387,479,533
"IN",387,480,533
"IN",387,488,533
"IN",387,479,535
"IN",387,480,535
"IN",387,488,535
"IN",387,356,381
"IN",387,352,376
"IN",387,356,378
"IN",387,508,546
"IN",387,508,547
"IN",387,508,550
"IN",387,358,379
"IN",387,508,548
"IN",387,478,534
"IN",387,478,540
"IN",387,478,542
"IN",387,478,543
"IN",388,95,295
"IN",388,95,112
"IN",388,95,126
"IN",388,99,358
"IN",388,98,358
"IN",388,97,358
"IN",388,97,351
"IN",388,358,376
"IN",388,358,377
"IN",388,358,368
"IN",388,358,367
"IN",388,358,378
"IN",388,358,374
"IN",388,358,369
"IN",388,358,365
"IN",388,358,381
"IN",388,358,380
"IN",388,358,370
"IN",388,98,470
"IN",388,98,445
"IN",388,99,412
"IN",388,94,445
"IN",388,94,429
"IN",388,94,457
"IN",388,94,438
"IN",388,96,445
"IN",388,96,438
"IN",388,95,469
"IN",388,95,445
"IN",388,95,422
"IN",388,95,438
"IN",388,99,508
"IN",388,95,196
"IN",388,95,514
"IN",388,95,516
"IN",388,95,523
"IN",388,99,495
"IN",388,99,496
"IN",388,99,497
"IN",388,99,498
"IN",388,99,499
"IN",388,99,500
"IN",388,99,501
"IN",388,99,502
"IN",388,99,503
"IN",388,99,504
"IN",388,99,505
"IN",388,508,544
"IN",388,358,366
"IN",388,358,382
"IN",388,477,527
"IN",388,487,527
"IN",388,489,527
"IN",388,490,527
"IN",388,477,540
"IN",388,487,540
"IN",388,489,540
"IN",388,490,540
"IN",388,477,541
"IN",388,487,541
"IN",388,489,541
"IN",388,490,541
"IN",388,356,381
"IN",388,356,378
"IN",388,350,365
"IN",388,508,545
"IN",388,508,550
"IN",388,358,379
"IN",388,508,549
"IN",388,337,377
"IN",388,478,534
"IN",388,478,540
"IN",388,478,542
"IN",388,478,543
"IN",388,337,365
"IN",388,364,365
"IN",388,337,369
"IN",388,337,376
"IN",388,337,381
"IN",388,337,378
"IN",388,337,371
"IN",388,360,365
"IN",388,360,376
"IN",389,95,295
"IN",389,95,112
"IN",389,95,126
"IN",389,99,358
"IN",389,98,358
"IN",389,97,358
"IN",389,97,351
"IN",389,358,376
"IN",389,358,377
"IN",389,358,368
"IN",389,358,367
"IN",389,358,378
"IN",389,358,374
"IN",389,358,369
"IN",389,358,365
"IN",389,358,381
"IN",389,358,380
"IN",389,358,370
"IN",389,98,470
"IN",389,98,445
"IN",389,99,412
"IN",389,94,445
"IN",389,94,429
"IN",389,94,457
"IN",389,94,438
"IN",389,96,445
"IN",389,96,438
"IN",389,95,469
"IN",389,95,445
"IN",389,95,422
"IN",389,95,438
"IN",389,99,508
"IN",389,95,196
"IN",389,95,514
"IN",389,95,516
"IN",389,95,523
"IN",389,99,495
"IN",389,99,496
"IN",389,99,497
"IN",389,99,498
"IN",389,99,499
"IN",389,99,500
"IN",389,99,501
"IN",389,99,502
"IN",389,99,503
"IN",389,99,504
"IN",389,99,505
"IN",389,508,544
"IN",389,358,366
"IN",389,358,382
"IN",389,477,527
"IN",389,487,527
"IN",389,489,527
"IN",389,490,527
"IN",389,479,528
"IN",389,480,528
"IN",389,488,528
"IN",389,494,528
"IN",389,479,529
"IN",389,480,529
"IN",389,488,529
"IN",389,494,529
"IN",389,494,531
"IN",389,479,532
"IN",389,480,532
"IN",389,488,532
"IN",389,494,532
"IN",389,479,533
"IN",389,480,533
"IN",389,488,533
"IN",389,494,533
"IN",389,494,538
"IN",389,477,540
"IN",389,487,540
"IN",389,489,540
"IN",389,490,540
"IN",389,477,541
"IN",389,487,541
"IN",389,489,541
"IN",389,490,541
"IN",389,356,381
"IN",389,356,378
"IN",389,350,365
"IN",389,508,547
"IN",389,347,376
"IN",389,358,379
"IN",389,508,546
"IN",389,508,548
"IN",389,508,549
"IN",389,478,534
"IN",389,478,540
"IN",389,478,542
"IN",389,478,543
"IN",389,360,365
"IN",389,360,376
"IN",390,95,295
"IN",390,95,112
"IN",390,95,126
"IN",390,99,358
"IN",390,98,358
"IN",390,97,358
"IN",390,97,351
"IN",390,358,376
"IN",390,358,377
"IN",390,358,368
"IN",390,358,367
"IN",390,358,378
"IN",390,358,374
"IN",390,358,369
"IN",390,358,365
"IN",390,358,381
"IN",390,358,380
"IN",390,358,370
"IN",390,98,470
"IN",390,98,445
"IN",390,99,412
"IN",390,94,445
"IN",390,94,429
"IN",390,94,457
"IN",390,94,438
"IN",390,96,445
"IN",390,96,438
"IN",390,95,469
"IN",390,95,445
"IN",390,95,422
"IN",390,95,438
"IN",390,99,508
"IN",390,95,196
"IN",390,95,514
"IN",390,95,516
"IN",390,95,523
"IN",390,99,495
"IN",390,99,496
"IN",390,99,497
"IN",390,99,498
"IN",390,99,499
"IN",390,99,500
"IN",390,99,501
"IN",390,99,502
"IN",390,99,503
"IN",390,99,504
"IN",390,99,505
"IN",390,358,366
"IN",390,358,382
"IN",390,508,546
"IN",390,358,379
"IN",390,508,545
"IN",390,508,548
"IN",390,337,377
"IN",390,478,534
"IN",390,478,540
"IN",390,478,542
"IN",390,478,543
"IN",390,337,365
"IN",390,337,369
"IN",390,337,376
"IN",390,337,381
"IN",390,337,378
"IN",390,337,371
"IN",390,360,365
"IN",390,360,376
"IN",391,95,295
"IN",391,95,112
"IN",391,95,126
"IN",391,99,358
"IN",391,98,358
"IN",391,97,358
"IN",391,97,351
"IN",391,358,376
"IN",391,358,377
"IN",391,358,368
"IN",391,358,367
"IN",391,358,378
"IN",391,358,374
"IN",391,358,369
"IN",391,358,365
"IN",391,358,381
"IN",391,358,380
"IN",391,358,370
"IN",391,98,470
"IN",391,98,445
"IN",391,99,412
"IN",391,94,445
"IN",391,94,429
"IN",391,94,457
"IN",391,94,438
"IN",391,96,445
"IN",391,96,438
"IN",391,95,469
"IN",391,95,445
"IN",391,95,422
"IN",391,95,438
"IN",391,99,508
"IN",391,95,196
"IN",391,95,514
"IN",391,95,516
"IN",391,95,523
"IN",391,99,495
"IN",391,99,496
"IN",391,99,497
"IN",391,99,498
"IN",391,99,499
"IN",391,99,500
"IN",391,99,501
"IN",391,99,502
"IN",391,99,503
"IN",391,99,504
"IN",391,99,505
"IN",391,352,375
"IN",391,508,544
"IN",391,352,365
"IN",391,358,366
"IN",391,358,382
"IN",391,477,527
"IN",391,487,527
"IN",391,489,527
"IN",391,490,527
"IN",391,477,540
"IN",391,487,540
"IN",391,489,540
"IN",391,490,540
"IN",391,477,541
"IN",391,487,541
"IN",391,489,541
"IN",391,490,541
"IN",391,352,376
"IN",391,508,547
"IN",391,347,376
"IN",391,358,379
"IN",391,508,545
"IN",391,478,534
"IN",391,478,540
"IN",391,478,542
"IN",391,478,543
"IN",392,95,295
"IN",392,95,112
"IN",392,95,126
"IN",392,99,358
"IN",392,98,358
"IN",392,97,358
"IN",392,97,351
"IN",392,358,376
"IN",392,358,377
"IN",392,358,368
"IN",392,358,367
"IN",392,358,378
"IN",392,358,374
"IN",392,358,369
"IN",392,358,365
"IN",392,358,381
"IN",392,358,380
"IN",392,358,370
"IN",392,98,470
"IN",392,98,445
"IN",392,99,412
"IN",392,94,445
"IN",392,94,429
"IN",392,94,457
"IN",392,94,438
"IN",392,96,445
"IN",392,96,438
"IN",392,95,469
"IN",392,95,445
"IN",392,95,422
"IN",392,95,438
"IN",392,99,508
"IN",392,95,196
"IN",392,95,514
"IN",392,95,516
"IN",392,95,523
"IN",392,99,495
"IN",392,99,496
"IN",392,99,497
"IN",392,99,498
"IN",392,99,499
"IN",392,99,500
"IN",392,99,501
"IN",392,99,502
"IN",392,99,503
"IN",392,99,504
"IN",392,99,505
"IN",392,508,544
"IN",392,358,366
"IN",392,358,382
"IN",392,481,539
"IN",392,356,381
"IN",392,356,378
"IN",392,350,365
"IN",392,491,537
"IN",392,508,546
"IN",392,358,379
"IN",392,508,548
"IN",392,508,549
"IN",393,95,295
"IN",393,95,112
"IN",393,95,126
"IN",393,99,358
"IN",393,98,358
"IN",393,97,358
"IN",393,97,351
"IN",393,358,376
"IN",393,358,377
"IN",393,358,368
"IN",393,358,367
"IN",393,358,378
"IN",393,358,374
"IN",393,358,369
"IN",393,358,365
"IN",393,358,381
"IN",393,358,380
"IN",393,358,370
"IN",393,98,470
"IN",393,98,445
"IN",393,99,412
"IN",393,94,445
"IN",393,94,429
"IN",393,94,457
"IN",393,94,438
"IN",393,96,445
"IN",393,96,438
"IN",393,95,469
"IN",393,95,445
"IN",393,95,422
"IN",393,95,438
"IN",393,99,508
"IN",393,95,196
"IN",393,95,514
"IN",393,95,516
"IN",393,95,523
"IN",393,99,495
"IN",393,99,496
"IN",393,99,497
"IN",393,99,498
"IN",393,99,499
"IN",393,99,500
"IN",393,99,501
"IN",393,99,502
"IN",393,99,503
"IN",393,99,504
"IN",393,99,505
"IN",393,358,366
"IN",393,358,382
"IN",393,477,527
"IN",393,487,527
"IN",393,489,527
"IN",393,490,527
"IN",393,479,528
"IN",393,480,528
"IN",393,488,528
"IN",393,493,528
"IN",393,479,529
"IN",393,480,529
"IN",393,488,529
"IN",393,493,529
"IN",393,493,531
"IN",393,479,532
"IN",393,480,532
"IN",393,488,532
"IN",393,493,532
"IN",393,479,533
"IN",393,480,533
"IN",393,488,533
"IN",393,493,533
"IN",393,493,538
"IN",393,477,540
"IN",393,487,540
"IN",393,489,540
"IN",393,490,540
"IN",393,477,541
"IN",393,487,541
"IN",393,489,541
"IN",393,490,541
"IN",393,356,381
"IN",393,356,378
"IN",393,350,365
"IN",393,491,537
"IN",393,493,537
"IN",393,508,545
"IN",393,358,379
"IN",393,508,548
"IN",393,478,534
"IN",393,478,540
"IN",393,478,542
"IN",393,478,543
"IN",394,95,295
"IN",394,95,112
"IN",394,95,126
"IN",394,99,358
"IN",394,98,358
"IN",394,97,358
"IN",394,97,351
"IN",394,358,376
"IN",394,358,377
"IN",394,358,368
"IN",394,358,367
"IN",394,358,378
"IN",394,358,374
"IN",394,358,369
"IN",394,358,365
"IN",394,358,381
"IN",394,358,380
"IN",394,358,370
"IN",394,98,470
"IN",394,98,445
"IN",394,99,412
"IN",394,94,445
"IN",394,94,429
"IN",394,94,457
"IN",394,94,438
"IN",394,96,445
"IN",394,96,438
"IN",394,95,469
"IN",394,95,445
"IN",394,95,422
"IN",394,95,438
"IN",394,99,508
"IN",394,95,196
"IN",394,95,514
"IN",394,95,516
"IN",394,95,523
"IN",394,99,495
"IN",394,99,496
"IN",394,99,497
"IN",394,99,498
"IN",394,99,499
"IN",394,99,500
"IN",394,99,501
"IN",394,99,502
"IN",394,99,503
"IN",394,99,504
"IN",394,99,505
"IN",394,352,375
"IN",394,508,544
"IN",394,352,365
"IN",394,358,366
"IN",394,358,382
"IN",394,477,527
"IN",394,487,527
"IN",394,489,527
"IN",394,490,527
"IN",394,479,528
"IN",394,480,528
"IN",394,488,528
"IN",394,493,528
"IN",394,494,528
"IN",394,479,529
"IN",394,480,529
"IN",394,488,529
"IN",394,493,529
"IN",394,494,529
"IN",394,493,531
"IN",394,494,531
"IN",394,479,532
"IN",394,480,532
"IN",394,488,532
"IN",394,493,532
"IN",394,494,532
"IN",394,479,533
"IN",394,480,533
"IN",394,488,533
"IN",394,493,533
"IN",394,494,533
"IN",394,493,538
"IN",394,494,538
"IN",394,477,540
"IN",394,487,540
"IN",394,489,540
"IN",394,490,540
"IN",394,477,541
"IN",394,487,541
"IN",394,489,541
"IN",394,490,541
"IN",394,352,376
"IN",394,491,537
"IN",394,493,537
"IN",394,508,550
"IN",394,358,379
"IN",394,508,545
"IN",395,95,295
"IN",395,95,112
"IN",395,95,126
"IN",395,99,358
"IN",395,98,358
"IN",395,97,358
"IN",395,97,351
"IN",395,358,376
"IN",395,358,377
"IN",395,358,368
"IN",395,358,367
"IN",395,358,378
"IN",395,358,374
"IN",395,358,369
"IN",395,358,365
"IN",395,358,381
"IN",395,358,380
"IN",395,358,370
"IN",395,98,470
"IN",395,98,445
"IN",395,99,412
"IN",395,94,445
"IN",395,94,429
"IN",395,94,457
"IN",395,94,438
"IN",395,96,445
"IN",395,96,438
"IN",395,95,469
"IN",395,95,445
"IN",395,95,422
"IN",395,95,438
"IN",395,99,508
"IN",395,95,196
"IN",395,95,514
"IN",395,95,516
"IN",395,95,523
"IN",395,99,495
"IN",395,99,496
"IN",395,99,497
"IN",395,99,498
"IN",395,99,499
"IN",395,99,500
"IN",395,99,501
"IN",395,99,502
"IN",395,99,503
"IN",395,99,504
"IN",395,99,505
"IN",395,352,375
"IN",395,508,544
"IN",395,352,365
"IN",395,358,366
"IN",395,358,382
"IN",395,479,528
"IN",395,480,528
"IN",395,488,528
"IN",395,479,529
"IN",395,480,529
"IN",395,488,529
"IN",395,479,532
"IN",395,480,532
"IN",395,488,532
"IN",395,479,533
"IN",395,480,533
"IN",395,488,533
"IN",395,479,535
"IN",395,480,535
"IN",395,488,535
"IN",395,481,539
"IN",395,356,381
"IN",395,352,376
"IN",395,356,378
"IN",395,350,365
"IN",395,508,550
"IN",395,358,379
"IN",395,508,545
"IN",395,508,546
"IN",395,508,548
"IN",395,508,549
"IN",395,364,365
"IN",396,95,295
"IN",396,95,112
"IN",396,95,126
"IN",396,99,358
"IN",396,98,358
"IN",396,97,358
"IN",396,97,351
"IN",396,358,376
"IN",396,358,377
"IN",396,358,368
"IN",396,358,367
"IN",396,358,378
"IN",396,358,374
"IN",396,358,369
"IN",396,358,365
"IN",396,358,381
"IN",396,358,380
"IN",396,358,370
"IN",396,98,470
"IN",396,98,445
"IN",396,99,412
"IN",396,94,445
"IN",396,94,429
"IN",396,94,457
"IN",396,94,438
"IN",396,96,445
"IN",396,96,438
"IN",396,95,469
"IN",396,95,445
"IN",396,95,422
"IN",396,95,438
"IN",396,99,508
"IN",396,95,196
"IN",396,95,514
"IN",396,95,516
"IN",396,95,523
"IN",396,99,495
"IN",396,99,496
"IN",396,99,497
"IN",396,99,498
"IN",396,99,499
"IN",396,99,500
"IN",396,99,501
"IN",396,99,502
"IN",396,99,503
"IN",396,99,504
"IN",396,99,505
"IN",396,338,380
"IN",396,338,372
"IN",396,358,366
"IN",396,358,382
"IN",396,479,528
"IN",396,480,528
"IN",396,488,528
"IN",396,493,528
"IN",396,479,529
"IN",396,480,529
"IN",396,488,529
"IN",396,493,529
"IN",396,493,531
"IN",396,479,532
"IN",396,480,532
"IN",396,488,532
"IN",396,493,532
"IN",396,479,533
"IN",396,480,533
"IN",396,488,533
"IN",396,493,533
"IN",396,479,535
"IN",396,480,535
"IN",396,488,535
"IN",396,493,538
"IN",396,356,381
"IN",396,356,378
"IN",396,347,376
"IN",396,358,379
"IN",396,508,548
"IN",396,360,365
"IN",396,360,376
"IN",397,95,295
"IN",397,95,112
"IN",397,95,126
"IN",397,99,358
"IN",397,98,358
"IN",397,97,358
"IN",397,97,351
"IN",397,358,376
"IN",397,358,377
"IN",397,358,368
"IN",397,358,367
"IN",397,358,378
"IN",397,358,374
"IN",397,358,369
"IN",397,358,365
"IN",397,358,381
"IN",397,358,380
"IN",397,358,370
"IN",397,98,470
"IN",397,98,445
"IN",397,99,412
"IN",397,94,445
"IN",397,94,429
"IN",397,94,457
"IN",397,94,438
"IN",397,96,445
"IN",397,96,438
"IN",397,95,469
"IN",397,95,445
"IN",397,95,422
"IN",397,95,438
"IN",397,99,508
"IN",397,95,196
"IN",397,95,514
"IN",397,95,516
"IN",397,95,523
"IN",397,99,495
"IN",397,99,496
"IN",397,99,497
"IN",397,99,498
"IN",397,99,499
"IN",397,99,500
"IN",397,99,501
"IN",397,99,502
"IN",397,99,503
"IN",397,99,504
"IN",397,99,505
"IN",397,338,380
"IN",397,338,372
"IN",397,508,544
"IN",397,358,366
"IN",397,358,382
"IN",397,477,527
"IN",397,487,527
"IN",397,489,527
"IN",397,490,527
"IN",397,479,528
"IN",397,480,528
"IN",397,488,528
"IN",397,479,529
"IN",397,480,529
"IN",397,488,529
"IN",397,479,532
"IN",397,480,532
"IN",397,488,532
"IN",397,479,533
"IN",397,480,533
"IN",397,488,533
"IN",397,479,535
"IN",397,480,535
"IN",397,488,535
"IN",397,477,540
"IN",397,487,540
"IN",397,489,540
"IN",397,490,540
"IN",397,477,541
"IN",397,487,541
"IN",397,489,541
"IN",397,490,541
"IN",397,350,365
"IN",397,491,537
"IN",397,347,376
"IN",397,358,379
"IN",397,508,545
"IN",397,508,548
"IN",397,508,549
"IN",397,360,365
"IN",397,360,376
"IN",398,95,295
"IN",398,95,112
"IN",398,95,126
"IN",398,99,358
"IN",398,98,358
"IN",398,97,358
"IN",398,97,351
"IN",398,358,376
"IN",398,358,377
"IN",398,358,368
"IN",398,358,367
"IN",398,358,378
"IN",398,358,374
"IN",398,358,369
"IN",398,358,365
"IN",398,358,381
"IN",398,358,380
"IN",398,358,370
"IN",398,98,470
"IN",398,98,445
"IN",398,99,412
"IN",398,94,445
"IN",398,94,429
"IN",398,94,457
"IN",398,94,438
"IN",398,96,445
"IN",398,96,438
"IN",398,95,469
"IN",398,95,445
"IN",398,95,422
"IN",398,95,438
"IN",398,99,508
"IN",398,95,196
"IN",398,95,514
"IN",398,95,516
"IN",398,95,523
"IN",398,99,495
"IN",398,99,496
"IN",398,99,497
"IN",398,99,498
"IN",398,99,499
"IN",398,99,500
"IN",398,99,501
"IN",398,99,502
"IN",398,99,503
"IN",398,99,504
"IN",398,99,505
"IN",398,358,366
"IN",398,358,382
"IN",398,477,527
"IN",398,487,527
"IN",398,489,527
"IN",398,490,527
"IN",398,479,528
"IN",398,480,528
"IN",398,488,528
"IN",398,479,529
"IN",398,480,529
"IN",398,488,529
"IN",398,479,532
"IN",398,480,532
"IN",398,488,532
"IN",398,479,533
"IN",398,480,533
"IN",398,488,533
"IN",398,477,540
"IN",398,487,540
"IN",398,489,540
"IN",398,490,540
"IN",398,477,541
"IN",398,487,541
"IN",398,489,541
"IN",398,490,541
"IN",398,356,381
"IN",398,356,378
"IN",398,358,379
"IN",398,508,545
"IN",398,508,546
"IN",399,95,295
"IN",399,95,112
"IN",399,95,126
"IN",399,99,358
"IN",399,98,358
"IN",399,97,358
"IN",399,97,351
"IN",399,358,376
"IN",399,358,377
"IN",399,358,368
"IN",399,358,367
"IN",399,358,378
"IN",399,358,374
"IN",399,358,369
"IN",399,358,365
"IN",399,358,381
"IN",399,358,380
"IN",399,358,370
"IN",399,98,470
"IN",399,98,445
"IN",399,99,412
"IN",399,94,445
"IN",399,94,429
"IN",399,94,457
"IN",399,94,438
"IN",399,96,445
"IN",399,96,438
"IN",399,95,469
"IN",399,95,445
"IN",399,95,422
"IN",399,95,438
"IN",399,99,508
"IN",399,95,196
"IN",399,95,514
"IN",399,95,516
"IN",399,95,523
"IN",399,99,495
"IN",399,99,496
"IN",399,99,497
"IN",399,99,498
"IN",399,99,499
"IN",399,99,500
"IN",399,99,501
"IN",399,99,502
"IN",399,99,503
"IN",399,99,504
"IN",399,99,505
"IN",399,338,380
"IN",399,338,372
"IN",399,508,544
"IN",399,358,366
"IN",399,358,382
"IN",399,491,537
"IN",399,508,545
"IN",399,508,547
"IN",399,508,550
"IN",399,358,379
"IN",399,508,546
"IN",399,508,548
"IN",399,337,377
"IN",399,478,534
"IN",399,478,540
"IN",399,478,542
"IN",399,478,543
"IN",399,337,365
"IN",399,337,369
"IN",399,337,376
"IN",399,337,381
"IN",399,337,378
"IN",399,337,371
"IN",399,360,365
"IN",399,360,376
"IN",400,95,295
"IN",400,95,112
"IN",400,95,126
"IN",400,99,358
"IN",400,98,358
"IN",400,97,358
"IN",400,97,351
"IN",400,358,376
"IN",400,358,377
"IN",400,358,368
"IN",400,358,367
"IN",400,358,378
"IN",400,358,374
"IN",400,358,369
"IN",400,358,365
"IN",400,358,381
"IN",400,358,380
"IN",400,358,370
"IN",400,98,470
"IN",400,98,445
"IN",400,99,412
"IN",400,94,445
"IN",400,94,429
"IN",400,94,457
"IN",400,94,438
"IN",400,96,445
"IN",400,96,438
"IN",400,95,469
"IN",400,95,445
"IN",400,95,422
"IN",400,95,438
"IN",400,99,508
"IN",400,95,196
"IN",400,95,514
"IN",400,95,516
"IN",400,95,523
"IN",400,99,495
"IN",400,99,496
"IN",400,99,497
"IN",400,99,498
"IN",400,99,499
"IN",400,99,500
"IN",400,99,501
"IN",400,99,502
"IN",400,99,503
"IN",400,99,504
"IN",400,99,505
"IN",400,508,544
"IN",400,358,366
"IN",400,358,382
"IN",400,477,527
"IN",400,484,527
"IN",400,487,527
"IN",400,489,527
"IN",400,490,527
"IN",400,477,540
"IN",400,484,540
"IN",400,487,540
"IN",400,489,540
"IN",400,490,540
"IN",400,477,541
"IN",400,484,541
"IN",400,487,541
"IN",400,489,541
"IN",400,490,541
"IN",400,508,547
"IN",400,508,550
"IN",400,358,379
"IN",400,484,534
"IN",400,484,542
"IN",400,484,543
"IN",400,508,548
"IN",400,508,549
"IN",400,478,534
"IN",400,478,540
"IN",400,478,542
"IN",400,478,543
"IN",401,95,295
"IN",401,95,112
"IN",401,95,126
"IN",401,99,358
"IN",401,98,358
"IN",401,97,358
"IN",401,97,351
"IN",401,358,376
"IN",401,358,377
"IN",401,358,368
"IN",401,358,367
"IN",401,358,378
"IN",401,358,374
"IN",401,358,369
"IN",401,358,365
"IN",401,358,381
"IN",401,358,380
"IN",401,358,370
"IN",401,98,470
"IN",401,98,445
"IN",401,99,412
"IN",401,94,445
"IN",401,94,429
"IN",401,94,457
"IN",401,94,438
"IN",401,96,445
"IN",401,96,438
"IN",401,95,469
"IN",401,95,445
"IN",401,95,422
"IN",401,95,438
"IN",401,99,508
"IN",401,95,196
"IN",401,95,514
"IN",401,95,516
"IN",401,95,523
"IN",401,99,495
"IN",401,99,496
"IN",401,99,497
"IN",401,99,498
"IN",401,99,499
"IN",401,99,500
"IN",401,99,501
"IN",401,99,502
"IN",401,99,503
"IN",401,99,504
"IN",401,99,505
"IN",401,508,544
"IN",401,358,366
"IN",401,358,382
"IN",401,479,528
"IN",401,480,528
"IN",401,488,528
"IN",401,493,528
"IN",401,479,529
"IN",401,480,529
"IN",401,488,529
"IN",401,493,529
"IN",401,493,531
"IN",401,479,532
"IN",401,480,532
"IN",401,488,532
"IN",401,493,532
"IN",401,479,533
"IN",401,480,533
"IN",401,488,533
"IN",401,493,533
"IN",401,479,535
"IN",401,480,535
"IN",401,488,535
"IN",401,493,538
"IN",401,481,539
"IN",401,356,381
"IN",401,356,378
"IN",401,350,365
"IN",401,508,547
"IN",401,508,550
"IN",401,358,379
"IN",401,508,545
"IN",401,360,365
"IN",401,360,376
"IN",402,95,295
"IN",402,95,112
"IN",402,95,126
"IN",402,99,358
"IN",402,98,358
"IN",402,97,358
"IN",402,97,351
"IN",402,358,376
"IN",402,358,377
"IN",402,358,368
"IN",402,358,367
"IN",402,358,378
"IN",402,358,374
"IN",402,358,369
"IN",402,358,365
"IN",402,358,381
"IN",402,358,380
"IN",402,358,370
"IN",402,98,470
"IN",402,98,445
"IN",402,99,412
"IN",402,94,445
"IN",402,94,429
"IN",402,94,457
"IN",402,94,438
"IN",402,96,445
"IN",402,96,438
"IN",402,95,469
"IN",402,95,445
"IN",402,95,422
"IN",402,95,438
"IN",402,99,508
"IN",402,95,196
"IN",402,95,514
"IN",402,95,516
"IN",402,95,523
"IN",402,99,495
"IN",402,99,496
"IN",402,99,497
"IN",402,99,498
"IN",402,99,499
"IN",402,99,500
"IN",402,99,501
"IN",402,99,502
"IN",402,99,503
"IN",402,99,504
"IN",402,99,505
"IN",402,508,544
"IN",402,358,366
"IN",402,358,382
"IN",402,477,527
"IN",402,487,527
"IN",402,489,527
"IN",402,490,527
"IN",402,481,539
"IN",402,477,540
"IN",402,487,540
"IN",402,489,540
"IN",402,490,540
"IN",402,477,541
"IN",402,487,541
"IN",402,489,541
"IN",402,490,541
"IN",402,350,365
"IN",402,358,379
"IN",402,508,545
"IN",402,508,548
"IN",402,478,534
"IN",402,478,540
"IN",402,478,542
"IN",402,478,543
"IN",403,95,295
"IN",403,95,112
"IN",403,95,126
"IN",403,99,358
"IN",403,98,358
"IN",403,97,358
"IN",403,97,351
"IN",403,358,376
"IN",403,358,377
"IN",403,358,368
"IN",403,358,367
"IN",403,358,378
"IN",403,358,374
"IN",403,358,369
"IN",403,358,365
"IN",403,358,381
"IN",403,358,380
"IN",403,358,370
"IN",403,98,470
"IN",403,98,445
"IN",403,99,412
"IN",403,94,445
"IN",403,94,429
"IN",403,94,457
"IN",403,94,438
"IN",403,96,445
"IN",403,96,438
"IN",403,95,469
"IN",403,95,445
"IN",403,95,422
"IN",403,95,438
"IN",403,99,508
"IN",403,95,196
"IN",403,95,514
"IN",403,95,516
"IN",403,95,523
"IN",403,99,495
"IN",403,99,496
"IN",403,99,497
"IN",403,99,498
"IN",403,99,499
"IN",403,99,500
"IN",403,99,501
"IN",403,99,502
"IN",403,99,503
"IN",403,99,504
"IN",403,99,505
"IN",403,358,366
"IN",403,358,382
"IN",403,477,527
"IN",403,487,527
"IN",403,489,527
"IN",403,490,527
"IN",403,479,528
"IN",403,480,528
"IN",403,488,528
"IN",403,493,528
"IN",403,494,528
"IN",403,479,529
"IN",403,480,529
"IN",403,488,529
"IN",403,493,529
"IN",403,494,529
"IN",403,493,531
"IN",403,494,531
"IN",403,479,532
"IN",403,480,532
"IN",403,488,532
"IN",403,493,532
"IN",403,494,532
"IN",403,479,533
"IN",403,480,533
"IN",403,488,533
"IN",403,493,533
"IN",403,494,533
"IN",403,493,538
"IN",403,494,538
"IN",403,481,539
"IN",403,477,540
"IN",403,487,540
"IN",403,489,540
"IN",403,490,540
"IN",403,477,541
"IN",403,487,541
"IN",403,489,541
"IN",403,490,541
"IN",403,350,365
"IN",403,508,546
"IN",403,347,376
"IN",403,358,379
"IN",403,492,530
"IN",403,494,530
"IN",403,508,545
"IN",403,508,548
"IN",403,508,549
"IN",403,364,365
"IN",404,95,295
"IN",404,95,112
"IN",404,95,126
"IN",404,99,358
"IN",404,98,358
"IN",404,97,358
"IN",404,97,351
"IN",404,358,376
"IN",404,358,377
"IN",404,358,368
"IN",404,358,367
"IN",404,358,378
"IN",404,358,374
"IN",404,358,369
"IN",404,358,365
"IN",404,358,381
"IN",404,358,380
"IN",404,358,370
"IN",404,98,470
"IN",404,98,445
"IN",404,99,412
"IN",404,94,445
"IN",404,94,429
"IN",404,94,457
"IN",404,94,438
"IN",404,96,445
"IN",404,96,438
"IN",404,95,469
"IN",404,95,445
"IN",404,95,422
"IN",404,95,438
"IN",404,99,508
"IN",404,95,196
"IN",404,95,514
"IN",404,95,516
"IN",404,95,523
"IN",404,99,495
"IN",404,99,496
"IN",404,99,497
"IN",404,99,498
"IN",404,99,499
"IN",404,99,500
"IN",404,99,501
"IN",404,99,502
"IN",404,99,503
"IN",404,99,504
"IN",404,99,505
"IN",404,508,544
"IN",404,358,366
"IN",404,358,382
"IN",404,479,528
"IN",404,480,528
"IN",404,488,528
"IN",404,479,529
"IN",404,480,529
"IN",404,488,529
"IN",404,479,532
"IN",404,480,532
"IN",404,488,532
"IN",404,479,533
"IN",404,480,533
"IN",404,488,533
"IN",404,479,535
"IN",404,480,535
"IN",404,488,535
"IN",404,356,381
"IN",404,356,378
"IN",404,508,546
"IN",404,358,379
"IN",404,508,545
"IN",405,95,295
"IN",405,95,112
"IN",405,95,126
"IN",405,99,358
"IN",405,98,358
"IN",405,97,358
"IN",405,97,351
"IN",405,358,376
"IN",405,358,377
"IN",405,358,368
"IN",405,358,367
"IN",405,358,378
"IN",405,358,374
"IN",405,358,369
"IN",405,358,365
"IN",405,358,381
"IN",405,358,380
"IN",405,358,370
"IN",405,98,470
"IN",405,98,445
"IN",405,99,412
"IN",405,94,445
"IN",405,94,429
"IN",405,94,457
"IN",405,94,438
"IN",405,96,445
"IN",405,96,438
"IN",405,95,469
"IN",405,95,445
"IN",405,95,422
"IN",405,95,438
"IN",405,99,508
"IN",405,95,196
"IN",405,95,514
"IN",405,95,516
"IN",405,95,523
"IN",405,99,495
"IN",405,99,496
"IN",405,99,497
"IN",405,99,498
"IN",405,99,499
"IN",405,99,500
"IN",405,99,501
"IN",405,99,502
"IN",405,99,503
"IN",405,99,504
"IN",405,99,505
"IN",405,352,375
"IN",405,338,380
"IN",405,338,372
"IN",405,508,544
"IN",405,352,365
"IN",405,358,366
"IN",405,358,382
"IN",405,479,528
"IN",405,480,528
"IN",405,488,528
"IN",405,479,529
"IN",405,480,529
"IN",405,488,529
"IN",405,479,532
"IN",405,480,532
"IN",405,488,532
"IN",405,479,533
"IN",405,480,533
"IN",405,488,533
"IN",405,479,535
"IN",405,480,535
"IN",405,488,535
"IN",405,352,376
"IN",405,350,365
"IN",405,358,379
"IN",405,508,545
"IN",405,508,548
"IN",405,508,549
"IN",406,95,295
"IN",406,95,112
"IN",406,95,126
"IN",406,99,358
"IN",406,98,358
"IN",406,97,358
"IN",406,97,351
"IN",406,358,376
"IN",406,358,377
"IN",406,358,368
"IN",406,358,367
"IN",406,358,378
"IN",406,358,374
"IN",406,358,369
"IN",406,358,365
"IN",406,358,381
"IN",406,358,380
"IN",406,358,370
"IN",406,98,470
"IN",406,98,445
"IN",406,99,412
"IN",406,94,445
"IN",406,94,429
"IN",406,94,457
"IN",406,94,438
"IN",406,96,445
"IN",406,96,438
"IN",406,95,469
"IN",406,95,445
"IN",406,95,422
"IN",406,95,438
"IN",406,99,508
"IN",406,95,196
"IN",406,95,514
"IN",406,95,516
"IN",406,95,523
"IN",406,99,495
"IN",406,99,496
"IN",406,99,497
"IN",406,99,498
"IN",406,99,499
"IN",406,99,500
"IN",406,99,501
"IN",406,99,502
"IN",406,99,503
"IN",406,99,504
"IN",406,99,505
"IN",406,358,366
"IN",406,358,382
"IN",406,479,528
"IN",406,480,528
"IN",406,488,528
"IN",406,493,528
"IN",406,479,529
"IN",406,480,529
"IN",406,488,529
"IN",406,493,529
"IN",406,493,531
"IN",406,479,532
"IN",406,480,532
"IN",406,488,532
"IN",406,493,532
"IN",406,479,533
"IN",406,480,533
"IN",406,488,533
"IN",406,493,533
"IN",406,493,538
"IN",406,356,381
"IN",406,356,378
"IN",406,508,545
"IN",406,508,546
"IN",406,508,547
"IN",406,347,376
"IN",406,358,379
"IN",406,508,548
"IN",406,508,549
"IN",406,337,377
"IN",406,478,534
"IN",406,478,540
"IN",406,478,542
"IN",406,478,543
"IN",406,337,365
"IN",406,337,369
"IN",406,337,376
"IN",406,337,381
"IN",406,337,378
"IN",406,337,371
"IN",406,360,365
"IN",406,360,376
"IN",407,95,295
"IN",407,95,112
"IN",407,95,126
"IN",407,99,358
"IN",407,98,358
"IN",407,97,358
"IN",407,97,351
"IN",407,358,376
"IN",407,358,377
"IN",407,358,368
"IN",407,358,367
"IN",407,358,378
"IN",407,358,374
"IN",407,358,369
"IN",407,358,365
"IN",407,358,381
"IN",407,358,380
"IN",407,358,370
"IN",407,98,470
"IN",407,98,445
"IN",407,99,412
"IN",407,94,445
"IN",407,94,429
"IN",407,94,457
"IN",407,94,438
"IN",407,96,445
"IN",407,96,438
"IN",407,95,469
"IN",407,95,445
"IN",407,95,422
"IN",407,95,438
"IN",407,99,508
"IN",407,95,196
"IN",407,95,514
"IN",407,95,516
"IN",407,95,523
"IN",407,99,495
"IN",407,99,496
"IN",407,99,497
"IN",407,99,498
"IN",407,99,499
"IN",407,99,500
"IN",407,99,501
"IN",407,99,502
"IN",407,99,503
"IN",407,99,504
"IN",407,99,505
"IN",407,352,375
"IN",407,352,365
"IN",407,358,366
"IN",407,358,382
"IN",407,477,527
"IN",407,487,527
"IN",407,489,527
"IN",407,490,527
"IN",407,477,540
"IN",407,487,540
"IN",407,489,540
"IN",407,490,540
"IN",407,477,541
"IN",407,487,541
"IN",407,489,541
"IN",407,490,541
"IN",407,356,381
"IN",407,352,376
"IN",407,356,378
"IN",407,358,379
"IN",407,492,530
"IN",407,508,548
"IN",407,478,534
"IN",407,492,536
"IN",407,478,540
"IN",407,478,542
"IN",407,478,543
"IN",408,95,295
"IN",408,95,112
"IN",408,95,126
"IN",408,99,358
"IN",408,98,358
"IN",408,97,358
"IN",408,97,351
"IN",408,358,376
"IN",408,358,377
"IN",408,358,368
"IN",408,358,367
"IN",408,358,378
"IN",408,358,374
"IN",408,358,369
"IN",408,358,365
"IN",408,358,381
"IN",408,358,380
"IN",408,358,370
"IN",408,98,470
"IN",408,98,445
"IN",408,99,412
"IN",408,94,445
"IN",408,94,429
"IN",408,94,457
"IN",408,94,438
"IN",408,96,445
"IN",408,96,438
"IN",408,95,469
"IN",408,95,445
"IN",408,95,422
"IN",408,95,438
"IN",408,99,508
"IN",408,95,196
"IN",408,95,514
"IN",408,95,516
"IN",408,95,523
"IN",408,99,495
"IN",408,99,496
"IN",408,99,497
"IN",408,99,498
"IN",408,99,499
"IN",408,99,500
"IN",408,99,501
"IN",408,99,502
"IN",408,99,503
"IN",408,99,504
"IN",408,99,505
"IN",408,508,544
"IN",408,358,366
"IN",408,358,382
"IN",408,479,528
"IN",408,480,528
"IN",408,488,528
"IN",408,493,528
"IN",408,494,528
"IN",408,479,529
"IN",408,480,529
"IN",408,488,529
"IN",408,493,529
"IN",408,494,529
"IN",408,493,531
"IN",408,494,531
"IN",408,479,532
"IN",408,480,532
"IN",408,488,532
"IN",408,493,532
"IN",408,494,532
"IN",408,479,533
"IN",408,480,533
"IN",408,488,533
"IN",408,493,533
"IN",408,494,533
"IN",408,493,538
"IN",408,494,538
"IN",408,481,539
"IN",408,356,381
"IN",408,356,378
"IN",408,508,545
"IN",408,508,546
"IN",408,508,550
"IN",408,358,379
"IN",408,492,530
"IN",408,494,530
"IN",408,508,548
"IN",408,508,549
"IN",408,478,534
"IN",408,492,536
"IN",408,478,540
"IN",408,478,542
"IN",408,478,543
"IN",409,95,295
"IN",409,95,112
"IN",409,95,126
"IN",409,99,358
"IN",409,98,358
"IN",409,97,358
"IN",409,97,351
"IN",409,358,376
"IN",409,358,377
"IN",409,358,368
"IN",409,358,367
"IN",409,358,378
"IN",409,358,374
"IN",409,358,369
"IN",409,358,365
"IN",409,358,381
"IN",409,358,380
"IN",409,358,370
"IN",409,98,470
"IN",409,98,445
"IN",409,99,412
"IN",409,94,445
"IN",409,94,429
"IN",409,94,457
"IN",409,94,438
"IN",409,96,445
"IN",409,96,438
"IN",409,95,469
"IN",409,95,445
"IN",409,95,422
"IN",409,95,438
"IN",409,99,508
"IN",409,95,196
"IN",409,95,514
"IN",409,95,516
"IN",409,95,523
"IN",409,99,495
"IN",409,99,496
"IN",409,99,497
"IN",409,99,498
"IN",409,99,499
"IN",409,99,500
"IN",409,99,501
"IN",409,99,502
"IN",409,99,503
"IN",409,99,504
"IN",409,99,505
"IN",409,338,380
"IN",409,338,372
"IN",409,508,544
"IN",409,358,366
"IN",409,358,382
"IN",409,477,527
"IN",409,487,527
"IN",409,489,527
"IN",409,490,527
"IN",409,479,528
"IN",409,480,528
"IN",409,488,528
"IN",409,493,528
"IN",409,494,528
"IN",409,479,529
"IN",409,480,529
"IN",409,488,529
"IN",409,493,529
"IN",409,494,529
"IN",409,493,531
"IN",409,494,531
"IN",409,479,532
"IN",409,480,532
"IN",409,488,532
"IN",409,493,532
"IN",409,494,532
"IN",409,479,533
"IN",409,480,533
"IN",409,488,533
"IN",409,493,533
"IN",409,494,533
"IN",409,479,535
"IN",409,480,535
"IN",409,488,535
"IN",409,493,538
"IN",409,494,538
"IN",409,477,540
"IN",409,487,540
"IN",409,489,540
"IN",409,490,540
"IN",409,477,541
"IN",409,487,541
"IN",409,489,541
"IN",409,490,541
"IN",409,350,365
"IN",409,508,546
"IN",409,358,379
"IN",409,494,530
"IN",409,508,545
"IN",409,478,534
"IN",409,478,540
"IN",409,478,542
"IN",409,478,543
"IN",409,364,365
"IN",410,95,295
"IN",410,95,112
"IN",410,95,126
"IN",410,99,358
"IN",410,98,358
"IN",410,97,358
"IN",410,97,351
"IN",410,358,376
"IN",410,358,377
"IN",410,358,368
"IN",410,358,367
"IN",410,358,378
"IN",410,358,374
"IN",410,358,369
"IN",410,358,365
"IN",410,358,381
"IN",410,358,380
"IN",410,358,370
"IN",410,98,470
"IN",410,98,445
"IN",410,99,412
"IN",410,94,445
"IN",410,94,429
"IN",410,94,457
"IN",410,94,438
"IN",410,96,445
"IN",410,96,438
"IN",410,95,469
"IN",410,95,445
"IN",410,95,422
"IN",410,95,438
"IN",410,99,508
"IN",410,95,196
"IN",410,95,514
"IN",410,95,516
"IN",410,95,523
"IN",410,99,495
"IN",410,99,496
"IN",410,99,497
"IN",410,99,498
"IN",410,99,499
"IN",410,99,500
"IN",410,99,501
"IN",410,99,502
"IN",410,99,503
"IN",410,99,504
"IN",410,99,505
"IN",410,508,544
"IN",410,358,366
"IN",410,358,382
"IN",410,477,527
"IN",410,487,527
"IN",410,489,527
"IN",410,490,527
"IN",410,479,528
"IN",410,480,528
"IN",410,488,528
"IN",410,479,529
"IN",410,480,529
"IN",410,488,529
"IN",410,479,532
"IN",410,480,532
"IN",410,488,532
"IN",410,479,533
"IN",410,480,533
"IN",410,488,533
"IN",410,479,535
"IN",410,480,535
"IN",410,488,535
"IN",410,477,540
"IN",410,487,540
"IN",410,489,540
"IN",410,490,540
"IN",410,477,541
"IN",410,487,541
"IN",410,489,541
"IN",410,490,541
"IN",410,356,381
"IN",410,356,378
"IN",410,350,365
"IN",410,347,376
"IN",410,358,379
"IN",410,508,548
"IN",410,492,536
"IN",411,95,295
"IN",411,95,112
"IN",411,95,126
"IN",411,99,358
"IN",411,98,358
"IN",411,97,358
"IN",411,97,351
"IN",411,358,376
"IN",411,358,377
"IN",411,358,368
"IN",411,358,367
"IN",411,358,378
"IN",411,358,374
"IN",411,358,369
"IN",411,358,365
"IN",411,358,381
"IN",411,358,380
"IN",411,358,370
"IN",411,98,470
"IN",411,98,445
"IN",411,99,412
"IN",411,94,445
"IN",411,94,429
"IN",411,94,457
"IN",411,94,438
"IN",411,96,445
"IN",411,96,438
"IN",411,95,469
"IN",411,95,445
"IN",411,95,422
"IN",411,95,438
"IN",411,99,508
"IN",411,95,196
"IN",411,95,514
"IN",411,95,516
"IN",411,95,523
"IN",411,99,495
"IN",411,99,496
"IN",411,99,497
"IN",411,99,498
"IN",411,99,499
"IN",411,99,500
"IN",411,99,501
"IN",411,99,502
"IN",411,99,503
"IN",411,99,504
"IN",411,99,505
"IN",411,358,366
"IN",411,358,382
"IN",411,477,527
"IN",411,487,527
"IN",411,489,527
"IN",411,490,527
"IN",411,477,540
"IN",411,487,540
"IN",411,489,540
"IN",411,490,540
"IN",411,477,541
"IN",411,487,541
"IN",411,489,541
"IN",411,490,541
"IN",411,508,547
"IN",411,358,379
"IN",411,508,545
"IN",411,508,548
"IN",411,478,534
"IN",411,478,540
"IN",411,478,542
"IN",411,478,543
"IN",411,364,365
"IN",412,95,295
"IN",412,95,112
"IN",412,95,126
"IN",412,99,358
"IN",412,98,358
"IN",412,97,358
"IN",412,97,351
"IN",412,358,376
"IN",412,358,377
"IN",412,358,368
"IN",412,358,367
"IN",412,358,378
"IN",412,358,374
"IN",412,358,369
"IN",412,358,365
"IN",412,358,381
"IN",412,358,380
"IN",412,358,370
"IN",412,98,470
"IN",412,98,445
"IN",412,99,412
"IN",412,94,445
"IN",412,94,429
"IN",412,94,457
"IN",412,94,438
"IN",412,96,445
"IN",412,96,438
"IN",412,95,469
"IN",412,95,445
"IN",412,95,422
"IN",412,95,438
"IN",412,99,508
"IN",412,95,196
"IN",412,95,514
"IN",412,95,516
"IN",412,95,523
"IN",412,99,495
"IN",412,99,496
"IN",412,99,497
"IN",412,99,498
"IN",412,99,499
"IN",412,99,500
"IN",412,99,501
"IN",412,99,502
"IN",412,99,503
"IN",412,99,504
"IN",412,99,505
"IN",412,508,544
"IN",412,358,366
"IN",412,358,382
"IN",412,477,527
"IN",412,484,527
"IN",412,487,527
"IN",412,489,527
"IN",412,490,527
"IN",412,479,528
"IN",412,480,528
"IN",412,488,528
"IN",412,493,528
"IN",412,494,528
"IN",412,479,529
"IN",412,480,529
"IN",412,488,529
"IN",412,493,529
"IN",412,494,529
"IN",412,493,531
"IN",412,494,531
"IN",412,479,532
"IN",412,480,532
"IN",412,488,532
"IN",412,493,532
"IN",412,494,532
"IN",412,479,533
"IN",412,480,533
"IN",412,488,533
"IN",412,493,533
"IN",412,494,533
"IN",412,479,535
"IN",412,480,535
"IN",412,488,535
"IN",412,493,538
"IN",412,494,538
"IN",412,477,540
"IN",412,484,540
"IN",412,487,540
"IN",412,489,540
"IN",412,490,540
"IN",412,477,541
"IN",412,484,541
"IN",412,487,541
"IN",412,489,541
"IN",412,490,541
"IN",412,356,381
"IN",412,356,378
"IN",412,350,365
"IN",412,508,546
"IN",412,358,379
"IN",412,494,530
"IN",412,484,534
"IN",412,484,542
"IN",412,484,543
"IN",412,508,545
"IN",412,508,549
"IN",412,478,534
"IN",412,478,540
"IN",412,478,542
"IN",412,478,543
"IN",412,364,365
"IN",413,95,295
"IN",413,95,112
"IN",413,95,126
"IN",413,99,358
"IN",413,98,358
"IN",413,97,358
"IN",413,97,351
"IN",413,358,376
"IN",413,358,377
"IN",413,358,368
"IN",413,358,367
"IN",413,358,378
"IN",413,358,374
"IN",413,358,369
"IN",413,358,365
"IN",413,358,381
"IN",413,358,380
"IN",413,358,370
"IN",413,98,470
"IN",413,98,445
"IN",413,99,412
"IN",413,94,445
"IN",413,94,429
"IN",413,94,457
"IN",413,94,438
"IN",413,96,445
"IN",413,96,438
"IN",413,95,469
"IN",413,95,445
"IN",413,95,422
"IN",413,95,438
"IN",413,99,508
"IN",413,95,196
"IN",413,95,514
"IN",413,95,516
"IN",413,95,523
"IN",413,99,495
"IN",413,99,496
"IN",413,99,497
"IN",413,99,498
"IN",413,99,499
"IN",413,99,500
"IN",413,99,501
"IN",413,99,502
"IN",413,99,503
"IN",413,99,504
"IN",413,99,505
"IN",413,338,380
"IN",413,338,372
"IN",413,508,544
"IN",413,358,366
"IN",413,358,382
"IN",413,477,527
"IN",413,487,527
"IN",413,489,527
"IN",413,490,527
"IN",413,477,540
"IN",413,487,540
"IN",413,489,540
"IN",413,490,540
"IN",413,477,541
"IN",413,487,541
"IN",413,489,541
"IN",413,490,541
"IN",413,356,381
"IN",413,356,378
"IN",413,350,365
"IN",413,358,379
"IN",413,508,546
"IN",413,508,545
"IN",413,508,549
"IN",413,360,365
"IN",413,360,376
"IN",414,95,295
"IN",414,95,112
"IN",414,95,126
"IN",414,99,358
"IN",414,98,358
"IN",414,97,358
"IN",414,97,351
"IN",414,358,376
"IN",414,358,377
"IN",414,358,368
"IN",414,358,367
"IN",414,358,378
"IN",414,358,374
"IN",414,358,369
"IN",414,358,365
"IN",414,358,381
"IN",414,358,380
"IN",414,358,370
"IN",414,98,470
"IN",414,98,445
"IN",414,99,412
"IN",414,94,445
"IN",414,94,429
"IN",414,94,457
"IN",414,94,438
"IN",414,96,445
"IN",414,96,438
"IN",414,95,469
"IN",414,95,445
"IN",414,95,422
"IN",414,95,438
"IN",414,99,508
"IN",414,95,196
"IN",414,95,514
"IN",414,95,516
"IN",414,95,523
"IN",414,99,495
"IN",414,99,496
"IN",414,99,497
"IN",414,99,498
"IN",414,99,499
"IN",414,99,500
"IN",414,99,501
"IN",414,99,502
"IN",414,99,503
"IN",414,99,504
"IN",414,99,505
"IN",414,338,380
"IN",414,338,372
"IN",414,508,544
"IN",414,358,366
"IN",414,358,382
"IN",414,479,528
"IN",414,480,528
"IN",414,488,528
"IN",414,493,528
"IN",414,494,528
"IN",414,479,529
"IN",414,480,529
"IN",414,488,529
"IN",414,493,529
"IN",414,494,529
"IN",414,493,531
"IN",414,494,531
"IN",414,479,532
"IN",414,480,532
"IN",414,488,532
"IN",414,493,532
"IN",414,494,532
"IN",414,479,533
"IN",414,480,533
"IN",414,488,533
"IN",414,493,533
"IN",414,494,533
"IN",414,493,538
"IN",414,494,538
"IN",414,350,365
"IN",414,491,537
"IN",414,493,537
"IN",414,358,379
"IN",414,508,545
"IN",414,508,549
"IN",414,478,534
"IN",414,478,540
"IN",414,478,542
"IN",414,478,543
"IN",415,95,295
"IN",415,95,112
"IN",415,95,126
"IN",415,99,358
"IN",415,98,358
"IN",415,97,358
"IN",415,97,351
"IN",415,358,376
"IN",415,358,377
"IN",415,358,368
"IN",415,358,367
"IN",415,358,378
"IN",415,358,374
"IN",415,358,369
"IN",415,358,365
"IN",415,358,381
"IN",415,358,380
"IN",415,358,370
"IN",415,98,470
"IN",415,98,445
"IN",415,99,412
"IN",415,94,445
"IN",415,94,429
"IN",415,94,457
"IN",415,94,438
"IN",415,96,445
"IN",415,96,438
"IN",415,95,469
"IN",415,95,445
"IN",415,95,422
"IN",415,95,438
"IN",415,99,508
"IN",415,95,196
"IN",415,95,514
"IN",415,95,516
"IN",415,95,523
"IN",415,99,495
"IN",415,99,496
"IN",415,99,497
"IN",415,99,498
"IN",415,99,499
"IN",415,99,500
"IN",415,99,501
"IN",415,99,502
"IN",415,99,503
"IN",415,99,504
"IN",415,99,505
"IN",415,358,366
"IN",415,358,382
"IN",415,477,527
"IN",415,484,527
"IN",415,487,527
"IN",415,489,527
"IN",415,490,527
"IN",415,479,528
"IN",415,480,528
"IN",415,488,528
"IN",415,479,529
"IN",415,480,529
"IN",415,488,529
"IN",415,479,532
"IN",415,480,532
"IN",415,488,532
"IN",415,479,533
"IN",415,480,533
"IN",415,488,533
"IN",415,477,540
"IN",415,484,540
"IN",415,487,540
"IN",415,489,540
"IN",415,490,540
"IN",415,477,541
"IN",415,484,541
"IN",415,487,541
"IN",415,489,541
"IN",415,490,541
"IN",415,356,381
"IN",415,356,378
"IN",415,350,365
"IN",415,508,547
"IN",415,508,550
"IN",415,358,379
"IN",415,484,534
"IN",415,484,542
"IN",415,484,543
"IN",415,337,377
"IN",415,478,534
"IN",415,478,540
"IN",415,478,542
"IN",415,478,543
"IN",415,337,365
"IN",415,337,369
"IN",415,337,376
"IN",415,337,381
"IN",415,337,378
"IN",415,337,371
"IN",415,360,365
"IN",415,360,376
"IN",416,95,295
"IN",416,95,112
"IN",416,95,126
"IN",416,99,358
"IN",416,98,358
"IN",416,97,358
"IN",416,97,351
"IN",416,358,376
"IN",416,358,377
"IN",416,358,368
"IN",416,358,367
"IN",416,358,378
"IN",416,358,374
"IN",416,358,369
"IN",416,358,365
"IN",416,358,381
"IN",416,358,380
"IN",416,358,370
"IN",416,98,470
"IN",416,98,445
"IN",416,99,412
"IN",416,94,445
"IN",416,94,429
"IN",416,94,457
"IN",416,94,438
"IN",416,96,445
"IN",416,96,438
"IN",416,95,469
"IN",416,95,445
"IN",416,95,422
"IN",416,95,438
"IN",416,99,508
"IN",416,95,196
"IN",416,95,514
"IN",416,95,516
"IN",416,95,523
"IN",416,99,495
"IN",416,99,496
"IN",416,99,497
"IN",416,99,498
"IN",416,99,499
"IN",416,99,500
"IN",416,99,501
"IN",416,99,502
"IN",416,99,503
"IN",416,99,504
"IN",416,99,505
"IN",416,508,544
"IN",416,358,366
"IN",416,358,382
"IN",416,477,527
"IN",416,487,527
"IN",416,489,527
"IN",416,490,527
"IN",416,477,540
"IN",416,487,540
"IN",416,489,540
"IN",416,490,540
"IN",416,477,541
"IN",416,487,541
"IN",416,489,541
"IN",416,490,541
"IN",416,358,379
"IN",416,508,546
"IN",416,508,545
"IN",416,508,548
"IN",416,360,365
"IN",416,360,376
"IN",417,95,295
"IN",417,95,112
"IN",417,95,126
"IN",417,99,358
"IN",417,98,358
"IN",417,97,358
"IN",417,97,351
"IN",417,358,376
"IN",417,358,377
"IN",417,358,368
"IN",417,358,367
"IN",417,358,378
"IN",417,358,374
"IN",417,358,369
"IN",417,358,365
"IN",417,358,381
"IN",417,358,380
"IN",417,358,370
"IN",417,98,470
"IN",417,98,445
"IN",417,99,412
"IN",417,94,445
"IN",417,94,429
"IN",417,94,457
"IN",417,94,438
"IN",417,96,445
"IN",417,96,438
"IN",417,95,469
"IN",417,95,445
"IN",417,95,422
"IN",417,95,438
"IN",417,99,508
"IN",417,95,196
"IN",417,95,514
"IN",417,95,516
"IN",417,95,523
"IN",417,99,495
"IN",417,99,496
"IN",417,99,497
"IN",417,99,498
"IN",417,99,499
"IN",417,99,500
"IN",417,99,501
"IN",417,99,502
"IN",417,99,503
"IN",417,99,504
"IN",417,99,505
"IN",417,508,544
"IN",417,358,366
"IN",417,358,382
"IN",417,479,528
"IN",417,480,528
"IN",417,488,528
"IN",417,479,529
"IN",417,480,529
"IN",417,488,529
"IN",417,479,532
"IN",417,480,532
"IN",417,488,532
"IN",417,479,533
"IN",417,480,533
"IN",417,488,533
"IN",417,479,535
"IN",417,480,535
"IN",417,488,535
"IN",417,358,379
"IN",417,508,545
"IN",417,508,548
"IN",417,508,549
"IN",417,478,534
"IN",417,478,540
"IN",417,478,542
"IN",417,478,543
"IN",417,364,365
"IN",418,95,295
"IN",418,95,112
"IN",418,95,126
"IN",418,99,358
"IN",418,98,358
"IN",418,97,358
"IN",418,97,351
"IN",418,358,376
"IN",418,358,377
"IN",418,358,368
"IN",418,358,367
"IN",418,358,378
"IN",418,358,374
"IN",418,358,369
"IN",418,358,365
"IN",418,358,381
"IN",418,358,380
"IN",418,358,370
"IN",418,98,470
"IN",418,98,445
"IN",418,99,412
"IN",418,94,445
"IN",418,94,429
"IN",418,94,457
"IN",418,94,438
"IN",418,96,445
"IN",418,96,438
"IN",418,95,469
"IN",418,95,445
"IN",418,95,422
"IN",418,95,438
"IN",418,99,508
"IN",418,95,196
"IN",418,95,514
"IN",418,95,516
"IN",418,95,523
"IN",418,99,495
"IN",418,99,496
"IN",418,99,497
"IN",418,99,498
"IN",418,99,499
"IN",418,99,500
"IN",418,99,501
"IN",418,99,502
"IN",418,99,503
"IN",418,99,504
"IN",418,99,505
"IN",418,338,380
"IN",418,338,372
"IN",418,508,544
"IN",418,358,366
"IN",418,358,382
"IN",418,477,527
"IN",418,487,527
"IN",418,489,527
"IN",418,490,527
"IN",418,479,528
"IN",418,480,528
"IN",418,488,528
"IN",418,479,529
"IN",418,480,529
"IN",418,488,529
"IN",418,479,532
"IN",418,480,532
"IN",418,488,532
"IN",418,479,533
"IN",418,480,533
"IN",418,488,533
"IN",418,477,540
"IN",418,487,540
"IN",418,489,540
"IN",418,490,540
"IN",418,477,541
"IN",418,487,541
"IN",418,489,541
"IN",418,490,541
"IN",418,350,365
"IN",418,508,546
"IN",418,508,550
"IN",418,358,379
"IN",418,508,548
"IN",418,508,549
"IN",418,478,534
"IN",418,478,540
"IN",418,478,542
"IN",418,478,543
"IN",418,364,365
"IN",418,360,365
"IN",418,360,376
"IN",419,95,295
"IN",419,95,112
"IN",419,95,126
"IN",419,99,358
"IN",419,98,358
"IN",419,97,358
"IN",419,97,351
"IN",419,358,376
"IN",419,358,377
"IN",419,358,368
"IN",419,358,367
"IN",419,358,378
"IN",419,358,374
"IN",419,358,369
"IN",419,358,365
"IN",419,358,381
"IN",419,358,380
"IN",419,358,370
"IN",419,98,470
"IN",419,98,445
"IN",419,99,412
"IN",419,94,445
"IN",419,94,429
"IN",419,94,457
"IN",419,94,438
"IN",419,96,445
"IN",419,96,438
"IN",419,95,469
"IN",419,95,445
"IN",419,95,422
"IN",419,95,438
"IN",419,99,508
"IN",419,95,196
"IN",419,95,514
"IN",419,95,516
"IN",419,95,523
"IN",419,99,495
"IN",419,99,496
"IN",419,99,497
"IN",419,99,498
"IN",419,99,499
"IN",419,99,500
"IN",419,99,501
"IN",419,99,502
"IN",419,99,503
"IN",419,99,504
"IN",419,99,505
"IN",419,358,366
"IN",419,358,382
"IN",419,356,381
"IN",419,356,378
"IN",419,491,537
"IN",419,508,550
"IN",419,347,376
"IN",419,358,379
"IN",419,492,530
"IN",419,508,545
"IN",419,508,548
"IN",419,508,549
"IN",419,478,534
"IN",419,478,540
"IN",419,478,542
"IN",419,478,543
"IN",419,364,365
"IN",419,360,365
"IN",419,360,376
"IN",420,95,295
"IN",420,95,112
"IN",420,95,126
"IN",420,99,358
"IN",420,98,358
"IN",420,97,358
"IN",420,97,351
"IN",420,358,376
"IN",420,358,377
"IN",420,358,368
"IN",420,358,367
"IN",420,358,378
"IN",420,358,374
"IN",420,358,369
"IN",420,358,365
"IN",420,358,381
"IN",420,358,380
"IN",420,358,370
"IN",420,98,470
"IN",420,98,445
"IN",420,99,412
"IN",420,94,445
"IN",420,94,429
"IN",420,94,457
"IN",420,94,438
"IN",420,96,445
"IN",420,96,438
"IN",420,95,469
"IN",420,95,445
"IN",420,95,422
"IN",420,95,438
"IN",420,99,508
"IN",420,95,196
"IN",420,95,514
"IN",420,95,516
"IN",420,95,523
"IN",420,99,495
"IN",420,99,496
"IN",420,99,497
"IN",420,99,498
"IN",420,99,499
"IN",420,99,500
"IN",420,99,501
"IN",420,99,502
"IN",420,99,503
"IN",420,99,504
"IN",420,99,505
"IN",420,358,366
"IN",420,358,382
"IN",420,477,527
"IN",420,487,527
"IN",420,489,527
"IN",420,490,527
"IN",420,479,528
"IN",420,480,528
"IN",420,488,528
"IN",420,479,529
"IN",420,480,529
"IN",420,488,529
"IN",420,479,532
"IN",420,480,532
"IN",420,488,532
"IN",420,479,533
"IN",420,480,533
"IN",420,488,533
"IN",420,477,540
"IN",420,487,540
"IN",420,489,540
"IN",420,490,540
"IN",420,477,541
"IN",420,487,541
"IN",420,489,541
"IN",420,490,541
"IN",420,350,365
"IN",420,358,379
"IN",420,508,545
"IN",420,478,534
"IN",420,492,536
"IN",420,478,540
"IN",420,478,542
"IN",420,478,543
"IN",420,364,365
"IN",421,95,295
"IN",421,95,112
"IN",421,95,126
"IN",421,99,358
"IN",421,98,358
"IN",421,97,358
"IN",421,97,351
"IN",421,358,376
"IN",421,358,377
"IN",421,358,368
"IN",421,358,367
"IN",421,358,378
"IN",421,358,374
"IN",421,358,369
"IN",421,358,365
"IN",421,358,381
"IN",421,358,380
"IN",421,358,370
"IN",421,98,470
"IN",421,98,445
"IN",421,99,412
"IN",421,94,445
"IN",421,94,429
"IN",421,94,457
"IN",421,94,438
"IN",421,96,445
"IN",421,96,438
"IN",421,95,469
"IN",421,95,445
"IN",421,95,422
"IN",421,95,438
"IN",421,99,508
"IN",421,95,196
"IN",421,95,514
"IN",421,95,516
"IN",421,95,523
"IN",421,99,495
"IN",421,99,496
"IN",421,99,497
"IN",421,99,498
"IN",421,99,499
"IN",421,99,500
"IN",421,99,501
"IN",421,99,502
"IN",421,99,503
"IN",421,99,504
"IN",421,99,505
"IN",421,338,380
"IN",421,338,372
"IN",421,508,544
"IN",421,358,366
"IN",421,358,382
"IN",421,479,528
"IN",421,480,528
"IN",421,488,528
"IN",421,493,528
"IN",421,494,528
"IN",421,479,529
"IN",421,480,529
"IN",421,488,529
"IN",421,493,529
"IN",421,494,529
"IN",421,493,531
"IN",421,494,531
"IN",421,479,532
"IN",421,480,532
"IN",421,488,532
"IN",421,493,532
"IN",421,494,532
"IN",421,479,533
"IN",421,480,533
"IN",421,488,533
"IN",421,493,533
"IN",421,494,533
"IN",421,493,538
"IN",421,494,538
"IN",421,508,545
"IN",421,508,546
"IN",421,508,550
"IN",421,358,379
"IN",421,478,534
"IN",421,492,536
"IN",421,478,540
"IN",421,478,542
"IN",421,478,543
"IN",422,95,295
"IN",422,95,112
"IN",422,95,126
"IN",422,99,358
"IN",422,98,358
"IN",422,97,358
"IN",422,97,351
"IN",422,358,376
"IN",422,358,377
"IN",422,358,368
"IN",422,358,367
"IN",422,358,378
"IN",422,358,374
"IN",422,358,369
"IN",422,358,365
"IN",422,358,381
"IN",422,358,380
"IN",422,358,370
"IN",422,98,470
"IN",422,98,445
"IN",422,99,412
"IN",422,94,445
"IN",422,94,429
"IN",422,94,457
"IN",422,94,438
"IN",422,96,445
"IN",422,96,438
"IN",422,95,469
"IN",422,95,445
"IN",422,95,422
"IN",422,95,438
"IN",422,99,508
"IN",422,95,196
"IN",422,95,514
"IN",422,95,516
"IN",422,95,523
"IN",422,99,495
"IN",422,99,496
"IN",422,99,497
"IN",422,99,498
"IN",422,99,499
"IN",422,99,500
"IN",422,99,501
"IN",422,99,502
"IN",422,99,503
"IN",422,99,504
"IN",422,99,505
"IN",422,352,375
"IN",422,508,544
"IN",422,352,365
"IN",422,358,366
"IN",422,358,382
"IN",422,477,527
"IN",422,487,527
"IN",422,489,527
"IN",422,490,527
"IN",422,479,528
"IN",422,480,528
"IN",422,488,528
"IN",422,479,529
"IN",422,480,529
"IN",422,488,529
"IN",422,479,532
"IN",422,480,532
"IN",422,488,532
"IN",422,479,533
"IN",422,480,533
"IN",422,488,533
"IN",422,477,540
"IN",422,487,540
"IN",422,489,540
"IN",422,490,540
"IN",422,477,541
"IN",422,487,541
"IN",422,489,541
"IN",422,490,541
"IN",422,352,376
"IN",422,350,365
"IN",422,358,379
"IN",422,508,546
"IN",422,508,548
"IN",422,478,534
"IN",422,478,540
"IN",422,478,542
"IN",422,478,543
"IN",422,360,365
"IN",422,360,376
"IN",423,95,295
"IN",423,95,112
"IN",423,95,126
"IN",423,99,358
"IN",423,98,358
"IN",423,97,358
"IN",423,97,351
"IN",423,358,376
"IN",423,358,377
"IN",423,358,368
"IN",423,358,367
"IN",423,358,378
"IN",423,358,374
"IN",423,358,369
"IN",423,358,365
"IN",423,358,381
"IN",423,358,380
"IN",423,358,370
"IN",423,98,470
"IN",423,98,445
"IN",423,99,412
"IN",423,94,445
"IN",423,94,429
"IN",423,94,457
"IN",423,94,438
"IN",423,96,445
"IN",423,96,438
"IN",423,95,469
"IN",423,95,445
"IN",423,95,422
"IN",423,95,438
"IN",423,99,508
"IN",423,95,196
"IN",423,95,514
"IN",423,95,516
"IN",423,95,523
"IN",423,99,495
"IN",423,99,496
"IN",423,99,497
"IN",423,99,498
"IN",423,99,499
"IN",423,99,500
"IN",423,99,501
"IN",423,99,502
"IN",423,99,503
"IN",423,99,504
"IN",423,99,505
"IN",423,338,380
"IN",423,338,372
"IN",423,358,366
"IN",423,358,382
"IN",423,477,527
"IN",423,484,527
"IN",423,487,527
"IN",423,489,527
"IN",423,490,527
"IN",423,479,528
"IN",423,480,528
"IN",423,488,528
"IN",423,493,528
"IN",423,494,528
"IN",423,479,529
"IN",423,480,529
"IN",423,488,529
"IN",423,493,529
"IN",423,494,529
"IN",423,493,531
"IN",423,494,531
"IN",423,479,532
"IN",423,480,532
"IN",423,488,532
"IN",423,493,532
"IN",423,494,532
"IN",423,479,533
"IN",423,480,533
"IN",423,488,533
"IN",423,493,533
"IN",423,494,533
"IN",423,479,535
"IN",423,480,535
"IN",423,488,535
"IN",423,493,538
"IN",423,494,538
"IN",423,481,539
"IN",423,477,540
"IN",423,484,540
"IN",423,487,540
"IN",423,489,540
"IN",423,490,540
"IN",423,477,541
"IN",423,484,541
"IN",423,487,541
"IN",423,489,541
"IN",423,490,541
"IN",423,491,537
"IN",423,493,537
"IN",423,508,546
"IN",423,347,376
"IN",423,358,379
"IN",423,508,545
"IN",423,484,534
"IN",423,484,542
"IN",423,484,543
"IN",423,508,548
"IN",423,508,549
"IN",423,478,534
"IN",423,492,536
"IN",423,478,540
"IN",423,478,542
"IN",423,478,543
"IN",423,364,365
"IN",424,95,295
"IN",424,95,112
"IN",424,95,126
"IN",424,99,358
"IN",424,98,358
"IN",424,97,358
"IN",424,97,351
"IN",424,358,376
"IN",424,358,377
"IN",424,358,368
"IN",424,358,367
"IN",424,358,378
"IN",424,358,374
"IN",424,358,369
"IN",424,358,365
"IN",424,358,381
"IN",424,358,380
"IN",424,358,370
"IN",424,98,470
"IN",424,98,445
"IN",424,99,412
"IN",424,94,445
"IN",424,94,429
"IN",424,94,457
"IN",424,94,438
"IN",424,96,445
"IN",424,96,438
"IN",424,95,469
"IN",424,95,445
"IN",424,95,422
"IN",424,95,438
"IN",424,99,508
"IN",424,95,196
"IN",424,95,514
"IN",424,95,516
"IN",424,95,523
"IN",424,99,495
"IN",424,99,496
"IN",424,99,497
"IN",424,99,498
"IN",424,99,499
"IN",424,99,500
"IN",424,99,501
"IN",424,99,502
"IN",424,99,503
"IN",424,99,504
"IN",424,99,505
"IN",424,508,544
"IN",424,358,366
"IN",424,358,382
"IN",424,481,539
"IN",424,356,381
"IN",424,356,378
"IN",424,508,545
"IN",424,347,376
"IN",424,358,379
"IN",424,508,548
"IN",424,508,549
"IN",424,360,365
"IN",424,360,376
"IN",425,95,295
"IN",425,95,112
"IN",425,95,126
"IN",425,99,358
"IN",425,98,358
"IN",425,97,358
"IN",425,97,351
"IN",425,358,376
"IN",425,358,377
"IN",425,358,368
"IN",425,358,367
"IN",425,358,378
"IN",425,358,374
"IN",425,358,369
"IN",425,358,365
"IN",425,358,381
"IN",425,358,380
"IN",425,358,370
"IN",425,98,470
"IN",425,98,445
"IN",425,99,412
"IN",425,94,445
"IN",425,94,429
"IN",425,94,457
"IN",425,94,438
"IN",425,96,445
"IN",425,96,438
"IN",425,95,469
"IN",425,95,445
"IN",425,95,422
"IN",425,95,438
"IN",425,99,508
"IN",425,95,196
"IN",425,95,514
"IN",425,95,516
"IN",425,95,523
"IN",425,99,495
"IN",425,99,496
"IN",425,99,497
"IN",425,99,498
"IN",425,99,499
"IN",425,99,500
"IN",425,99,501
"IN",425,99,502
"IN",425,99,503
"IN",425,99,504
"IN",425,99,505
"IN",425,358,366
"IN",425,358,382
"IN",425,479,528
"IN",425,480,528
"IN",425,488,528
"IN",425,493,528
"IN",425,494,528
"IN",425,479,529
"IN",425,480,529
"IN",425,488,529
"IN",425,493,529
"IN",425,494,529
"IN",425,493,531
"IN",425,494,531
"IN",425,479,532
"IN",425,480,532
"IN",425,488,532
"IN",425,493,532
"IN",425,494,532
"IN",425,479,533
"IN",425,480,533
"IN",425,488,533
"IN",425,493,533
"IN",425,494,533
"IN",425,493,538
"IN",425,494,538
"IN",425,481,539
"IN",425,350,365
"IN",425,508,545
"IN",425,358,379
"IN",425,494,530
"IN",426,95,295
"IN",426,95,112
"IN",426,95,126
"IN",426,99,358
"IN",426,98,358
"IN",426,97,358
"IN",426,97,351
"IN",426,358,376
"IN",426,358,377
"IN",426,358,368
"IN",426,358,367
"IN",426,358,378
"IN",426,358,374
"IN",426,358,369
"IN",426,358,365
"IN",426,358,381
"IN",426,358,380
"IN",426,358,370
"IN",426,98,470
"IN",426,98,445
"IN",426,99,412
"IN",426,94,445
"IN",426,94,429
"IN",426,94,457
"IN",426,94,438
"IN",426,96,445
"IN",426,96,438
"IN",426,95,469
"IN",426,95,445
"IN",426,95,422
"IN",426,95,438
"IN",426,99,508
"IN",426,95,196
"IN",426,95,514
"IN",426,95,516
"IN",426,95,523
"IN",426,99,495
"IN",426,99,496
"IN",426,99,497
"IN",426,99,498
"IN",426,99,499
"IN",426,99,500
"IN",426,99,501
"IN",426,99,502
"IN",426,99,503
"IN",426,99,504
"IN",426,99,505
"IN",426,352,375
"IN",426,508,544
"IN",426,352,365
"IN",426,358,366
"IN",426,358,382
"IN",426,477,527
"IN",426,487,527
"IN",426,489,527
"IN",426,490,527
"IN",426,479,528
"IN",426,480,528
"IN",426,488,528
"IN",426,493,528
"IN",426,494,528
"IN",426,479,529
"IN",426,480,529
"IN",426,488,529
"IN",426,493,529
"IN",426,494,529
"IN",426,493,531
"IN",426,494,531
"IN",426,479,532
"IN",426,480,532
"IN",426,488,532
"IN",426,493,532
"IN",426,494,532
"IN",426,479,533
"IN",426,480,533
"IN",426,488,533
"IN",426,493,533
"IN",426,494,533
"IN",426,479,535
"IN",426,480,535
"IN",426,488,535
"IN",426,493,538
"IN",426,494,538
"IN",426,477,540
"IN",426,487,540
"IN",426,489,540
"IN",426,490,540
"IN",426,477,541
"IN",426,487,541
"IN",426,489,541
"IN",426,490,541
"IN",426,352,376
"IN",426,508,545
"IN",426,358,379
"IN",426,508,548
"IN",426,364,365
"IN",427,95,295
"IN",427,95,112
"IN",427,95,126
"IN",427,99,358
"IN",427,98,358
"IN",427,97,358
"IN",427,97,351
"IN",427,358,376
"IN",427,358,377
"IN",427,358,368
"IN",427,358,367
"IN",427,358,378
"IN",427,358,374
"IN",427,358,369
"IN",427,358,365
"IN",427,358,381
"IN",427,358,380
"IN",427,358,370
"IN",427,98,470
"IN",427,98,445
"IN",427,99,412
"IN",427,94,445
"IN",427,94,429
"IN",427,94,457
"IN",427,94,438
"IN",427,96,445
"IN",427,96,438
"IN",427,95,469
"IN",427,95,445
"IN",427,95,422
"IN",427,95,438
"IN",427,99,508
"IN",427,95,196
"IN",427,95,514
"IN",427,95,516
"IN",427,95,523
"IN",427,99,495
"IN",427,99,496
"IN",427,99,497
"IN",427,99,498
"IN",427,99,499
"IN",427,99,500
"IN",427,99,501
"IN",427,99,502
"IN",427,99,503
"IN",427,99,504
"IN",427,99,505
"IN",427,358,366
"IN",427,358,382
"IN",427,479,528
"IN",427,480,528
"IN",427,488,528
"IN",427,479,529
"IN",427,480,529
"IN",427,488,529
"IN",427,479,532
"IN",427,480,532
"IN",427,488,532
"IN",427,479,533
"IN",427,480,533
"IN",427,488,533
"IN",427,479,535
"IN",427,480,535
"IN",427,488,535
"IN",427,356,381
"IN",427,356,378
"IN",427,350,365
"IN",427,491,537
"IN",427,358,379
"IN",427,508,548
"IN",428,95,295
"IN",428,95,112
"IN",428,95,126
"IN",428,99,358
"IN",428,98,358
"IN",428,97,358
"IN",428,97,351
"IN",428,358,376
"IN",428,358,377
"IN",428,358,368
"IN",428,358,367
"IN",428,358,378
"IN",428,358,374
"IN",428,358,369
"IN",428,358,365
"IN",428,358,381
"IN",428,358,380
"IN",428,358,370
"IN",428,98,470
"IN",428,98,445
"IN",428,99,412
"IN",428,94,445
"IN",428,94,429
"IN",428,94,457
"IN",428,94,438
"IN",428,96,445
"IN",428,96,438
"IN",428,95,469
"IN",428,95,445
"IN",428,95,422
"IN",428,95,438
"IN",428,99,508
"IN",428,95,196
"IN",428,95,514
"IN",428,95,516
"IN",428,95,523
"IN",428,99,495
"IN",428,99,496
"IN",428,99,497
"IN",428,99,498
"IN",428,99,499
"IN",428,99,500
"IN",428,99,501
"IN",428,99,502
"IN",428,99,503
"IN",428,99,504
"IN",428,99,505
"IN",428,352,375
"IN",428,508,544
"IN",428,352,365
"IN",428,358,366
"IN",428,358,382
"IN",428,477,527
"IN",428,487,527
"IN",428,489,527
"IN",428,490,527
"IN",428,481,539
"IN",428,477,540
"IN",428,487,540
"IN",428,489,540
"IN",428,490,540
"IN",428,477,541
"IN",428,487,541
"IN",428,489,541
"IN",428,490,541
"IN",428,356,381
"IN",428,352,376
"IN",428,356,378
"IN",428,350,365
"IN",428,508,545
"IN",428,358,379
"IN",428,508,548
"IN",428,478,534
"IN",428,478,540
"IN",428,478,542
"IN",428,478,543
"IN",428,364,365
"IN",429,95,295
"IN",429,95,112
"IN",429,95,126
"IN",429,99,358
"IN",429,98,358
"IN",429,97,358
"IN",429,97,351
"IN",429,358,376
"IN",429,358,377
"IN",429,358,368
"IN",429,358,367
"IN",429,358,378
"IN",429,358,374
"IN",429,358,369
"IN",429,358,365
"IN",429,358,381
"IN",429,358,380
"IN",429,358,370
"IN",429,98,470
"IN",429,98,445
"IN",429,99,412
"IN",429,94,445
"IN",429,94,429
"IN",429,94,457
"IN",429,94,438
"IN",429,96,445
"IN",429,96,438
"IN",429,95,469
"IN",429,95,445
"IN",429,95,422
"IN",429,95,438
"IN",429,99,508
"IN",429,95,196
"IN",429,95,514
"IN",429,95,516
"IN",429,95,523
"IN",429,99,495
"IN",429,99,496
"IN",429,99,497
"IN",429,99,498
"IN",429,99,499
"IN",429,99,500
"IN",429,99,501
"IN",429,99,502
"IN",429,99,503
"IN",429,99,504
"IN",429,99,505
"IN",429,338,380
"IN",429,338,372
"IN",429,358,366
"IN",429,358,382
"IN",429,477,527
"IN",429,487,527
"IN",429,489,527
"IN",429,490,527
"IN",429,479,528
"IN",429,480,528
"IN",429,488,528
"IN",429,494,528
"IN",429,479,529
"IN",429,480,529
"IN",429,488,529
"IN",429,494,529
"IN",429,494,531
"IN",429,479,532
"IN",429,480,532
"IN",429,488,532
"IN",429,494,532
"IN",429,479,533
"IN",429,480,533
"IN",429,488,533
"IN",429,494,533
"IN",429,479,535
"IN",429,480,535
"IN",429,488,535
"IN",429,494,538
"IN",429,481,539
"IN",429,477,540
"IN",429,487,540
"IN",429,489,540
"IN",429,490,540
"IN",429,477,541
"IN",429,487,541
"IN",429,489,541
"IN",429,490,541
"IN",429,350,365
"IN",429,508,547
"IN",429,358,379
"IN",429,492,530
"IN",429,494,530
"IN",429,508,548
"IN",429,508,549
"IN",429,492,536
"IN",430,95,295
"IN",430,95,112
"IN",430,95,126
"IN",430,99,358
"IN",430,98,358
"IN",430,97,358
"IN",430,97,351
"IN",430,358,376
"IN",430,358,377
"IN",430,358,368
"IN",430,358,367
"IN",430,358,378
"IN",430,358,374
"IN",430,358,369
"IN",430,358,365
"IN",430,358,381
"IN",430,358,380
"IN",430,358,370
"IN",430,98,470
"IN",430,98,445
"IN",430,99,412
"IN",430,94,445
"IN",430,94,429
"IN",430,94,457
"IN",430,94,438
"IN",430,96,445
"IN",430,96,438
"IN",430,95,469
"IN",430,95,445
"IN",430,95,422
"IN",430,95,438
"IN",430,99,508
"IN",430,95,196
"IN",430,95,514
"IN",430,95,516
"IN",430,95,523
"IN",430,99,495
"IN",430,99,496
"IN",430,99,497
"IN",430,99,498
"IN",430,99,499
"IN",430,99,500
"IN",430,99,501
"IN",430,99,502
"IN",430,99,503
"IN",430,99,504
"IN",430,99,505
"IN",430,338,380
"IN",430,338,372
"IN",430,358,366
"IN",430,358,382
"IN",430,477,527
"IN",430,487,527
"IN",430,489,527
"IN",430,490,527
"IN",430,477,540
"IN",430,487,540
"IN",430,489,540
"IN",430,490,540
"IN",430,477,541
"IN",430,487,541
"IN",430,489,541
"IN",430,490,541
"IN",430,508,545
"IN",430,508,550
"IN",430,347,376
"IN",430,358,379
"IN",430,508,548
"IN",430,508,549
"IN",430,478,534
"IN",430,478,540
"IN",430,478,542
"IN",430,478,543
"IN",430,360,365
"IN",430,360,376
"IN",431,95,295
"IN",431,95,112
"IN",431,95,126
"IN",431,99,358
"IN",431,98,358
"IN",431,97,358
"IN",431,97,351
"IN",431,358,376
"IN",431,358,377
"IN",431,358,368
"IN",431,358,367
"IN",431,358,378
"IN",431,358,374
"IN",431,358,369
"IN",431,358,365
"IN",431,358,381
"IN",431,358,380
"IN",431,358,370
"IN",431,98,470
"IN",431,98,445
"IN",431,99,412
"IN",431,94,445
"IN",431,94,429
"IN",431,94,457
"IN",431,94,438
"IN",431,96,445
"IN",431,96,438
"IN",431,95,469
"IN",431,95,445
"IN",431,95,422
"IN",431,95,438
"IN",431,99,508
"IN",431,95,196
"IN",431,95,514
"IN",431,95,516
"IN",431,95,523
"IN",431,99,495
"IN",431,99,496
"IN",431,99,497
"IN",431,99,498
"IN",431,99,499
"IN",431,99,500
"IN",431,99,501
"IN",431,99,502
"IN",431,99,503
"IN",431,99,504
"IN",431,99,505
"IN",431,352,375
"IN",431,508,544
"IN",431,352,365
"IN",431,358,366
"IN",431,358,382
"IN",431,477,527
"IN",431,487,527
"IN",431,489,527
"IN",431,490,527
"IN",431,479,528
"IN",431,480,528
"IN",431,488,528
"IN",431,493,528
"IN",431,494,528
"IN",431,479,529
"IN",431,480,529
"IN",431,488,529
"IN",431,493,529
"IN",431,494,529
"IN",431,493,531
"IN",431,494,531
"IN",431,479,532
"IN",431,480,532
"IN",431,488,532
"IN",431,493,532
"IN",431,494,532
"IN",431,479,533
"IN",431,480,533
"IN",431,488,533
"IN",431,493,533
"IN",431,494,533
"IN",431,479,535
"IN",431,480,535
"IN",431,488,535
"IN",431,493,538
"IN",431,494,538
"IN",431,477,540
"IN",431,487,540
"IN",431,489,540
"IN",431,490,540
"IN",431,477,541
"IN",431,487,541
"IN",431,489,541
"IN",431,490,541
"IN",431,356,381
"IN",431,352,376
"IN",431,356,378
"IN",431,350,365
"IN",431,491,537
"IN",431,493,537
"IN",431,358,379
"IN",431,508,546
"IN",431,494,530
"IN",431,508,545
"IN",431,508,549
"IN",431,478,534
"IN",431,478,540
"IN",431,478,542
"IN",431,478,543
"IN",432,95,295
"IN",432,95,112
"IN",432,95,126
"IN",432,99,358
"IN",432,98,358
"IN",432,97,358
"IN",432,97,351
"IN",432,358,376
"IN",432,358,377
"IN",432,358,368
"IN",432,358,367
"IN",432,358,378
"IN",432,358,374
"IN",432,358,369
"IN",432,358,365
"IN",432,358,381
"IN",432,358,380
"IN",432,358,370
"IN",432,98,470
"IN",432,98,445
"IN",432,99,412
"IN",432,94,445
"IN",432,94,429
"IN",432,94,457
"IN",432,94,438
"IN",432,96,445
"IN",432,96,438
"IN",432,95,469
"IN",432,95,445
"IN",432,95,422
"IN",432,95,438
"IN",432,99,508
"IN",432,95,196
"IN",432,95,514
"IN",432,95,516
"IN",432,95,523
"IN",432,99,495
"IN",432,99,496
"IN",432,99,497
"IN",432,99,498
"IN",432,99,499
"IN",432,99,500
"IN",432,99,501
"IN",432,99,502
"IN",432,99,503
"IN",432,99,504
"IN",432,99,505
"IN",432,358,366
"IN",432,358,382
"IN",432,477,527
"IN",432,487,527
"IN",432,489,527
"IN",432,490,527
"IN",432,479,528
"IN",432,480,528
"IN",432,488,528
"IN",432,494,528
"IN",432,479,529
"IN",432,480,529
"IN",432,488,529
"IN",432,494,529
"IN",432,494,531
"IN",432,479,532
"IN",432,480,532
"IN",432,488,532
"IN",432,494,532
"IN",432,479,533
"IN",432,480,533
"IN",432,488,533
"IN",432,494,533
"IN",432,479,535
"IN",432,480,535
"IN",432,488,535
"IN",432,494,538
"IN",432,477,540
"IN",432,487,540
"IN",432,489,540
"IN",432,490,540
"IN",432,477,541
"IN",432,487,541
"IN",432,489,541
"IN",432,490,541
"IN",432,350,365
"IN",432,347,376
"IN",432,358,379
"IN",432,494,530
"IN",432,508,545
"IN",432,508,548
"IN",432,508,549
"IN",432,478,534
"IN",432,478,540
"IN",432,478,542
"IN",432,478,543
"IN",433,95,295
"IN",433,95,112
"IN",433,95,126
"IN",433,99,358
"IN",433,98,358
"IN",433,97,358
"IN",433,97,351
"IN",433,358,376
"IN",433,358,377
"IN",433,358,368
"IN",433,358,367
"IN",433,358,378
"IN",433,358,374
"IN",433,358,369
"IN",433,358,365
"IN",433,358,381
"IN",433,358,380
"IN",433,358,370
"IN",433,98,470
"IN",433,98,445
"IN",433,99,412
"IN",433,94,445
"IN",433,94,429
"IN",433,94,457
"IN",433,94,438
"IN",433,96,445
"IN",433,96,438
"IN",433,95,469
"IN",433,95,445
"IN",433,95,422
"IN",433,95,438
"IN",433,99,508
"IN",433,95,196
"IN",433,95,514
"IN",433,95,516
"IN",433,95,523
"IN",433,99,495
"IN",433,99,496
"IN",433,99,497
"IN",433,99,498
"IN",433,99,499
"IN",433,99,500
"IN",433,99,501
"IN",433,99,502
"IN",433,99,503
"IN",433,99,504
"IN",433,99,505
"IN",433,358,366
"IN",433,358,382
"IN",433,477,527
"IN",433,487,527
"IN",433,489,527
"IN",433,490,527
"IN",433,479,528
"IN",433,480,528
"IN",433,488,528
"IN",433,493,528
"IN",433,479,529
"IN",433,480,529
"IN",433,488,529
"IN",433,493,529
"IN",433,493,531
"IN",433,479,532
"IN",433,480,532
"IN",433,488,532
"IN",433,493,532
"IN",433,479,533
"IN",433,480,533
"IN",433,488,533
"IN",433,493,533
"IN",433,479,535
"IN",433,480,535
"IN",433,488,535
"IN",433,493,538
"IN",433,477,540
"IN",433,487,540
"IN",433,489,540
"IN",433,490,540
"IN",433,477,541
"IN",433,487,541
"IN",433,489,541
"IN",433,490,541
"IN",433,350,365
"IN",433,491,537
"IN",433,493,537
"IN",433,508,547
"IN",433,358,379
"IN",434,95,295
"IN",434,95,112
"IN",434,95,126
"IN",434,99,358
"IN",434,98,358
"IN",434,97,358
"IN",434,97,351
"IN",434,358,376
"IN",434,358,377
"IN",434,358,368
"IN",434,358,367
"IN",434,358,378
"IN",434,358,374
"IN",434,358,369
"IN",434,358,365
"IN",434,358,381
"IN",434,358,380
"IN",434,358,370
"IN",434,98,470
"IN",434,98,445
"IN",434,99,412
"IN",434,94,445
"IN",434,94,429
"IN",434,94,457
"IN",434,94,438
"IN",434,96,445
"IN",434,96,438
"IN",434,95,469
"IN",434,95,445
"IN",434,95,422
"IN",434,95,438
"IN",434,99,508
"IN",434,95,196
"IN",434,95,514
"IN",434,95,516
"IN",434,95,523
"IN",434,99,495
"IN",434,99,496
"IN",434,99,497
"IN",434,99,498
"IN",434,99,499
"IN",434,99,500
"IN",434,99,501
"IN",434,99,502
"IN",434,99,503
"IN",434,99,504
"IN",434,99,505
"IN",434,508,544
"IN",434,358,366
"IN",434,358,382
"IN",434,479,528
"IN",434,480,528
"IN",434,488,528
"IN",434,493,528
"IN",434,494,528
"IN",434,479,529
"IN",434,480,529
"IN",434,488,529
"IN",434,493,529
"IN",434,494,529
"IN",434,493,531
"IN",434,494,531
"IN",434,479,532
"IN",434,480,532
"IN",434,488,532
"IN",434,493,532
"IN",434,494,532
"IN",434,479,533
"IN",434,480,533
"IN",434,488,533
"IN",434,493,533
"IN",434,494,533
"IN",434,479,535
"IN",434,480,535
"IN",434,488,535
"IN",434,493,538
"IN",434,494,538
"IN",434,356,381
"IN",434,356,378
"IN",434,350,365
"IN",434,508,546
"IN",434,358,379
"IN",434,492,530
"IN",434,494,530
"IN",434,508,545
"IN",434,508,548
"IN",434,478,534
"IN",434,478,540
"IN",434,478,542
"IN",434,478,543
"IN",434,360,365
"IN",434,360,376
"IN",435,95,295
"IN",435,95,112
"IN",435,95,126
"IN",435,99,358
"IN",435,98,358
"IN",435,97,358
"IN",435,97,351
"IN",435,358,376
"IN",435,358,377
"IN",435,358,368
"IN",435,358,367
"IN",435,358,378
"IN",435,358,374
"IN",435,358,369
"IN",435,358,365
"IN",435,358,381
"IN",435,358,380
"IN",435,358,370
"IN",435,98,470
"IN",435,98,445
"IN",435,99,412
"IN",435,94,445
"IN",435,94,429
"IN",435,94,457
"IN",435,94,438
"IN",435,96,445
"IN",435,96,438
"IN",435,95,469
"IN",435,95,445
"IN",435,95,422
"IN",435,95,438
"IN",435,99,508
"IN",435,95,196
"IN",435,95,514
"IN",435,95,516
"IN",435,95,523
"IN",435,99,495
"IN",435,99,496
"IN",435,99,497
"IN",435,99,498
"IN",435,99,499
"IN",435,99,500
"IN",435,99,501
"IN",435,99,502
"IN",435,99,503
"IN",435,99,504
"IN",435,99,505
"IN",435,352,375
"IN",435,338,380
"IN",435,338,372
"IN",435,508,544
"IN",435,352,365
"IN",435,358,366
"IN",435,358,382
"IN",435,477,527
"IN",435,487,527
"IN",435,489,527
"IN",435,490,527
"IN",435,479,528
"IN",435,480,528
"IN",435,488,528
"IN",435,479,529
"IN",435,480,529
"IN",435,488,529
"IN",435,479,532
"IN",435,480,532
"IN",435,488,532
"IN",435,479,533
"IN",435,480,533
"IN",435,488,533
"IN",435,481,539
"IN",435,477,540
"IN",435,487,540
"IN",435,489,540
"IN",435,490,540
"IN",435,477,541
"IN",435,487,541
"IN",435,489,541
"IN",435,490,541
"IN",435,356,381
"IN",435,352,376
"IN",435,356,378
"IN",435,350,365
"IN",435,508,545
"IN",435,508,547
"IN",435,358,379
"IN",435,508,549
"IN",435,478,534
"IN",435,492,536
"IN",435,478,540
"IN",435,478,542
"IN",435,478,543
"IN",435,364,365
"IN",436,95,295
"IN",436,95,112
"IN",436,95,126
"IN",436,99,358
"IN",436,98,358
"IN",436,97,358
"IN",436,97,351
"IN",436,358,376
"IN",436,358,377
"IN",436,358,368
"IN",436,358,367
"IN",436,358,378
"IN",436,358,374
"IN",436,358,369
"IN",436,358,365
"IN",436,358,381
"IN",436,358,380
"IN",436,358,370
"IN",436,98,470
"IN",436,98,445
"IN",436,99,412
"IN",436,94,445
"IN",436,94,429
"IN",436,94,457
"IN",436,94,438
"IN",436,96,445
"IN",436,96,438
"IN",436,95,469
"IN",436,95,445
"IN",436,95,422
"IN",436,95,438
"IN",436,99,508
"IN",436,95,196
"IN",436,95,514
"IN",436,95,516
"IN",436,95,523
"IN",436,99,495
"IN",436,99,496
"IN",436,99,497
"IN",436,99,498
"IN",436,99,499
"IN",436,99,500
"IN",436,99,501
"IN",436,99,502
"IN",436,99,503
"IN",436,99,504
"IN",436,99,505
"IN",436,352,375
"IN",436,508,544
"IN",436,352,365
"IN",436,358,366
"IN",436,358,382
"IN",436,477,527
"IN",436,487,527
"IN",436,489,527
"IN",436,490,527
"IN",436,477,540
"IN",436,487,540
"IN",436,489,540
"IN",436,490,540
"IN",436,477,541
"IN",436,487,541
"IN",436,489,541
"IN",436,490,541
"IN",436,352,376
"IN",436,491,537
"IN",436,508,546
"IN",436,358,379
"IN",436,492,530
"IN",436,508,548
"IN",436,508,549
"IN",436,478,534
"IN",436,492,536
"IN",436,478,540
"IN",436,478,542
"IN",436,478,543
"IN",437,95,295
"IN",437,95,112
"IN",437,95,126
"IN",437,99,358
"IN",437,98,358
"IN",437,97,358
"IN",437,97,351
"IN",437,358,376
"IN",437,358,377
"IN",437,358,368
"IN",437,358,367
"IN",437,358,378
"IN",437,358,374
"IN",437,358,369
"IN",437,358,365
"IN",437,358,381
"IN",437,358,380
"IN",437,358,370
"IN",437,98,470
"IN",437,98,445
"IN",437,99,412
"IN",437,94,445
"IN",437,94,429
"IN",437,94,457
"IN",437,94,438
"IN",437,96,445
"IN",437,96,438
"IN",437,95,469
"IN",437,95,445
"IN",437,95,422
"IN",437,95,438
"IN",437,99,508
"IN",437,95,196
"IN",437,95,514
"IN",437,95,516
"IN",437,95,523
"IN",437,99,495
"IN",437,99,496
"IN",437,99,497
"IN",437,99,498
"IN",437,99,499
"IN",437,99,500
"IN",437,99,501
"IN",437,99,502
"IN",437,99,503
"IN",437,99,504
"IN",437,99,505
"IN",437,508,544
"IN",437,358,366
"IN",437,358,382
"IN",437,477,527
"IN",437,484,527
"IN",437,487,527
"IN",437,489,527
"IN",437,490,527
"IN",437,477,540
"IN",437,484,540
"IN",437,487,540
"IN",437,489,540
"IN",437,490,540
"IN",437,477,541
"IN",437,484,541
"IN",437,487,541
"IN",437,489,541
"IN",437,490,541
"IN",437,350,365
"IN",437,358,379
"IN",437,484,534
"IN",437,484,542
"IN",437,484,543
"IN",437,508,548
"IN",437,478,534
"IN",437,478,540
"IN",437,478,542
"IN",437,478,543
"IN",438,95,295
"IN",438,95,112
"IN",438,95,126
"IN",438,99,358
"IN",438,98,358
"IN",438,97,358
"IN",438,97,351
"IN",438,358,376
"IN",438,358,377
"IN",438,358,368
"IN",438,358,367
"IN",438,358,378
"IN",438,358,374
"IN",438,358,369
"IN",438,358,365
"IN",438,358,381
"IN",438,358,380
"IN",438,358,370
"IN",438,98,470
"IN",438,98,445
"IN",438,99,412
"IN",438,94,445
"IN",438,94,429
"IN",438,94,457
"IN",438,94,438
"IN",438,96,445
"IN",438,96,438
"IN",438,95,469
"IN",438,95,445
"IN",438,95,422
"IN",438,95,438
"IN",438,99,508
"IN",438,95,196
"IN",438,95,514
"IN",438,95,516
"IN",438,95,523
"IN",438,99,495
"IN",438,99,496
"IN",438,99,497
"IN",438,99,498
"IN",438,99,499
"IN",438,99,500
"IN",438,99,501
"IN",438,99,502
"IN",438,99,503
"IN",438,99,504
"IN",438,99,505
"IN",438,358,366
"IN",438,358,382
"IN",438,477,527
"IN",438,487,527
"IN",438,489,527
"IN",438,490,527
"IN",438,479,528
"IN",438,480,528
"IN",438,488,528
"IN",438,493,528
"IN",438,494,528
"IN",438,479,529
"IN",438,480,529
"IN",438,488,529
"IN",438,493,529
"IN",438,494,529
"IN",438,493,531
"IN",438,494,531
"IN",438,479,532
"IN",438,480,532
"IN",438,488,532
"IN",438,493,532
"IN",438,494,532
"IN",438,479,533
"IN",438,480,533
"IN",438,488,533
"IN",438,493,533
"IN",438,494,533
"IN",438,493,538
"IN",438,494,538
"IN",438,477,540
"IN",438,487,540
"IN",438,489,540
"IN",438,490,540
"IN",438,477,541
"IN",438,487,541
"IN",438,489,541
"IN",438,490,541
"IN",438,508,545
"IN",438,358,379
"IN",438,508,546
"IN",438,508,548
"IN",438,364,365
"IN",438,360,365
"IN",438,360,376
"IN",439,95,295
"IN",439,95,112
"IN",439,95,126
"IN",439,99,358
"IN",439,98,358
"IN",439,97,358
"IN",439,97,351
"IN",439,358,376
"IN",439,358,377
"IN",439,358,368
"IN",439,358,367
"IN",439,358,378
"IN",439,358,374
"IN",439,358,369
"IN",439,358,365
"IN",439,358,381
"IN",439,358,380
"IN",439,358,370
"IN",439,98,470
"IN",439,98,445
"IN",439,99,412
"IN",439,94,445
"IN",439,94,429
"IN",439,94,457
"IN",439,94,438
"IN",439,96,445
"IN",439,96,438
"IN",439,95,469
"IN",439,95,445
"IN",439,95,422
"IN",439,95,438
"IN",439,99,508
"IN",439,95,196
"IN",439,95,514
"IN",439,95,516
"IN",439,95,523
"IN",439,99,495
"IN",439,99,496
"IN",439,99,497
"IN",439,99,498
"IN",439,99,499
"IN",439,99,500
"IN",439,99,501
"IN",439,99,502
"IN",439,99,503
"IN",439,99,504
"IN",439,99,505
"IN",439,338,380
"IN",439,338,372
"IN",439,508,544
"IN",439,358,366
"IN",439,358,382
"IN",439,477,527
"IN",439,487,527
"IN",439,489,527
"IN",439,490,527
"IN",439,479,528
"IN",439,480,528
"IN",439,488,528
"IN",439,493,528
"IN",439,479,529
"IN",439,480,529
"IN",439,488,529
"IN",439,493,529
"IN",439,493,531
"IN",439,479,532
"IN",439,480,532
"IN",439,488,532
"IN",439,493,532
"IN",439,479,533
"IN",439,480,533
"IN",439,488,533
"IN",439,493,533
"IN",439,493,538
"IN",439,477,540
"IN",439,487,540
"IN",439,489,540
"IN",439,490,540
"IN",439,477,541
"IN",439,487,541
"IN",439,489,541
"IN",439,490,541
"IN",439,356,381
"IN",439,356,378
"IN",439,350,365
"IN",439,491,537
"IN",439,493,537
"IN",439,508,546
"IN",439,508,547
"IN",439,358,379
"IN",439,492,530
"IN",439,508,545
"IN",439,492,536
"IN",439,360,365
"IN",439,360,376
"IN",440,95,295
"IN",440,95,112
"IN",440,95,126
"IN",440,99,358
"IN",440,98,358
"IN",440,97,358
"IN",440,97,351
"IN",440,358,376
"IN",440,358,377
"IN",440,358,368
"IN",440,358,367
"IN",440,358,378
"IN",440,358,374
"IN",440,358,369
"IN",440,358,365
"IN",440,358,381
"IN",440,358,380
"IN",440,358,370
"IN",440,98,470
"IN",440,98,445
"IN",440,99,412
"IN",440,94,445
"IN",440,94,429
"IN",440,94,457
"IN",440,94,438
"IN",440,96,445
"IN",440,96,438
"IN",440,95,469
"IN",440,95,445
"IN",440,95,422
"IN",440,95,438
"IN",440,99,508
"IN",440,95,196
"IN",440,95,514
"IN",440,95,516
"IN",440,95,523
"IN",440,99,495
"IN",440,99,496
"IN",440,99,497
"IN",440,99,498
"IN",440,99,499
"IN",440,99,500
"IN",440,99,501
"IN",440,99,502
"IN",440,99,503
"IN",440,99,504
"IN",440,99,505
"IN",440,352,375
"IN",440,508,544
"IN",440,352,365
"IN",440,358,366
"IN",440,358,382
"IN",440,477,527
"IN",440,487,527
"IN",440,489,527
"IN",440,490,527
"IN",440,479,528
"IN",440,480,528
"IN",440,488,528
"IN",440,493,528
"IN",440,494,528
"IN",440,479,529
"IN",440,480,529
"IN",440,488,529
"IN",440,493,529
"IN",440,494,529
"IN",440,493,531
"IN",440,494,531
"IN",440,479,532
"IN",440,480,532
"IN",440,488,532
"IN",440,493,532
"IN",440,494,532
"IN",440,479,533
"IN",440,480,533
"IN",440,488,533
"IN",440,493,533
"IN",440,494,533
"IN",440,479,535
"IN",440,480,535
"IN",440,488,535
"IN",440,493,538
"IN",440,494,538
"IN",440,477,540
"IN",440,487,540
"IN",440,489,540
"IN",440,490,540
"IN",440,477,541
"IN",440,487,541
"IN",440,489,541
"IN",440,490,541
"IN",440,356,381
"IN",440,352,376
"IN",440,356,378
"IN",440,358,379
"IN",440,508,548
"IN",441,95,295
"IN",441,95,112
"IN",441,95,126
"IN",441,99,358
"IN",441,98,358
"IN",441,97,358
"IN",441,97,351
"IN",441,358,376
"IN",441,358,377
"IN",441,358,368
"IN",441,358,367
"IN",441,358,378
"IN",441,358,374
"IN",441,358,369
"IN",441,358,365
"IN",441,358,381
"IN",441,358,380
"IN",441,358,370
"IN",441,98,470
"IN",441,98,445
"IN",441,99,412
"IN",441,94,445
"IN",441,94,429
"IN",441,94,457
"IN",441,94,438
"IN",441,96,445
"IN",441,96,438
"IN",441,95,469
"IN",441,95,445
"IN",441,95,422
"IN",441,95,438
"IN",441,99,508
"IN",441,95,196
"IN",441,95,514
"IN",441,95,516
"IN",441,95,523
"IN",441,99,495
"IN",441,99,496
"IN",441,99,497
"IN",441,99,498
"IN",441,99,499
"IN",441,99,500
"IN",441,99,501
"IN",441,99,502
"IN",441,99,503
"IN",441,99,504
"IN",441,99,505
"IN",441,338,380
"IN",441,338,372
"IN",441,358,366
"IN",441,358,382
"IN",441,477,527
"IN",441,487,527
"IN",441,489,527
"IN",441,490,527
"IN",441,479,528
"IN",441,480,528
"IN",441,488,528
"IN",441,479,529
"IN",441,480,529
"IN",441,488,529
"IN",441,479,532
"IN",441,480,532
"IN",441,488,532
"IN",441,479,533
"IN",441,480,533
"IN",441,488,533
"IN",441,479,535
"IN",441,480,535
"IN",441,488,535
"IN",441,477,540
"IN",441,487,540
"IN",441,489,540
"IN",441,490,540
"IN",441,477,541
"IN",441,487,541
"IN",441,489,541
"IN",441,490,541
"IN",441,356,381
"IN",441,356,378
"IN",441,350,365
"IN",441,491,537
"IN",441,508,550
"IN",441,358,379
"IN",441,508,545
"IN",441,508,549
"IN",441,478,534
"IN",441,478,540
"IN",441,478,542
"IN",441,478,543
"IN",442,95,295
"IN",442,95,112
"IN",442,95,126
"IN",442,99,358
"IN",442,98,358
"IN",442,97,358
"IN",442,97,351
"IN",442,358,376
"IN",442,358,377
"IN",442,358,368
"IN",442,358,367
"IN",442,358,378
"IN",442,358,374
"IN",442,358,369
"IN",442,358,365
"IN",442,358,381
"IN",442,358,380
"IN",442,358,370
"IN",442,98,470
"IN",442,98,445
"IN",442,99,412
"IN",442,94,445
"IN",442,94,429
"IN",442,94,457
"IN",442,94,438
"IN",442,96,445
"IN",442,96,438
"IN",442,95,469
"IN",442,95,445
"IN",442,95,422
"IN",442,95,438
"IN",442,99,508
"IN",442,95,196
"IN",442,95,514
"IN",442,95,516
"IN",442,95,523
"IN",442,99,495
"IN",442,99,496
"IN",442,99,497
"IN",442,99,498
"IN",442,99,499
"IN",442,99,500
"IN",442,99,501
"IN",442,99,502
"IN",442,99,503
"IN",442,99,504
"IN",442,99,505
"IN",442,352,375
"IN",442,508,544
"IN",442,352,365
"IN",442,358,366
"IN",442,358,382
"IN",442,477,527
"IN",442,487,527
"IN",442,489,527
"IN",442,490,527
"IN",442,479,528
"IN",442,480,528
"IN",442,488,528
"IN",442,493,528
"IN",442,494,528
"IN",442,479,529
"IN",442,480,529
"IN",442,488,529
"IN",442,493,529
"IN",442,494,529
"IN",442,493,531
"IN",442,494,531
"IN",442,479,532
"IN",442,480,532
"IN",442,488,532
"IN",442,493,532
"IN",442,494,532
"IN",442,479,533
"IN",442,480,533
"IN",442,488,533
"IN",442,493,533
"IN",442,494,533
"IN",442,479,535
"IN",442,480,535
"IN",442,488,535
"IN",442,493,538
"IN",442,494,538
"IN",442,477,540
"IN",442,487,540
"IN",442,489,540
"IN",442,490,540
"IN",442,477,541
"IN",442,487,541
"IN",442,489,541
"IN",442,490,541
"IN",442,352,376
"IN",442,358,379
"IN",442,508,546
"IN",442,364,365
"IN",443,95,295
"IN",443,95,112
"IN",443,95,126
"IN",443,99,358
"IN",443,98,358
"IN",443,97,358
"IN",443,97,351
"IN",443,358,376
"IN",443,358,377
"IN",443,358,368
"IN",443,358,367
"IN",443,358,378
"IN",443,358,374
"IN",443,358,369
"IN",443,358,365
"IN",443,358,381
"IN",443,358,380
"IN",443,358,370
"IN",443,98,470
"IN",443,98,445
"IN",443,99,412
"IN",443,94,445
"IN",443,94,429
"IN",443,94,457
"IN",443,94,438
"IN",443,96,445
"IN",443,96,438
"IN",443,95,469
"IN",443,95,445
"IN",443,95,422
"IN",443,95,438
"IN",443,99,508
"IN",443,95,196
"IN",443,95,514
"IN",443,95,516
"IN",443,95,523
"IN",443,99,495
"IN",443,99,496
"IN",443,99,497
"IN",443,99,498
"IN",443,99,499
"IN",443,99,500
"IN",443,99,501
"IN",443,99,502
"IN",443,99,503
"IN",443,99,504
"IN",443,99,505
"IN",443,352,375
"IN",443,338,380
"IN",443,338,372
"IN",443,508,544
"IN",443,352,365
"IN",443,358,366
"IN",443,358,382
"IN",443,477,527
"IN",443,487,527
"IN",443,489,527
"IN",443,490,527
"IN",443,479,528
"IN",443,480,528
"IN",443,488,528
"IN",443,479,529
"IN",443,480,529
"IN",443,488,529
"IN",443,479,532
"IN",443,480,532
"IN",443,488,532
"IN",443,479,533
"IN",443,480,533
"IN",443,488,533
"IN",443,479,535
"IN",443,480,535
"IN",443,488,535
"IN",443,477,540
"IN",443,487,540
"IN",443,489,540
"IN",443,490,540
"IN",443,477,541
"IN",443,487,541
"IN",443,489,541
"IN",443,490,541
"IN",443,356,381
"IN",443,352,376
"IN",443,356,378
"IN",443,350,365
"IN",443,508,550
"IN",443,358,379
"IN",443,508,546
"IN",443,492,530
"IN",443,508,548
"IN",443,508,549
"IN",443,492,536
"IN",443,364,365
"IN",444,95,295
"IN",444,95,112
"IN",444,95,126
"IN",444,99,358
"IN",444,98,358
"IN",444,97,358
"IN",444,97,351
"IN",444,358,376
"IN",444,358,377
"IN",444,358,368
"IN",444,358,367
"IN",444,358,378
"IN",444,358,374
"IN",444,358,369
"IN",444,358,365
"IN",444,358,381
"IN",444,358,380
"IN",444,358,370
"IN",444,98,470
"IN",444,98,445
"IN",444,99,412
"IN",444,94,445
"IN",444,94,429
"IN",444,94,457
"IN",444,94,438
"IN",444,96,445
"IN",444,96,438
"IN",444,95,469
"IN",444,95,445
"IN",444,95,422
"IN",444,95,438
"IN",444,99,508
"IN",444,95,196
"IN",444,95,514
"IN",444,95,516
"IN",444,95,523
"IN",444,99,495
"IN",444,99,496
"IN",444,99,497
"IN",444,99,498
"IN",444,99,499
"IN",444,99,500
"IN",444,99,501
"IN",444,99,502
"IN",444,99,503
"IN",444,99,504
"IN",444,99,505
"IN",444,338,380
"IN",444,338,372
"IN",444,508,544
"IN",444,358,366
"IN",444,358,382
"IN",444,477,527
"IN",444,487,527
"IN",444,489,527
"IN",444,490,527
"IN",444,477,540
"IN",444,487,540
"IN",444,489,540
"IN",444,490,540
"IN",444,477,541
"IN",444,487,541
"IN",444,489,541
"IN",444,490,541
"IN",444,356,381
"IN",444,356,378
"IN",444,350,365
"IN",444,491,537
"IN",444,358,379
"IN",444,508,549
"IN",444,478,534
"IN",444,478,540
"IN",444,478,542
"IN",444,478,543
"IN",445,95,295
"IN",445,95,112
"IN",445,95,126
"IN",445,99,358
"IN",445,98,358
"IN",445,97,358
"IN",445,97,351
"IN",445,358,376
"IN",445,358,377
"IN",445,358,368
"IN",445,358,367
"IN",445,358,378
"IN",445,358,374
"IN",445,358,369
"IN",445,358,365
"IN",445,358,381
"IN",445,358,380
"IN",445,358,370
"IN",445,98,470
"IN",445,98,445
"IN",445,99,412
"IN",445,94,445
"IN",445,94,429
"IN",445,94,457
"IN",445,94,438
"IN",445,96,445
"IN",445,96,438
"IN",445,95,469
"IN",445,95,445
"IN",445,95,422
"IN",445,95,438
"IN",445,99,508
"IN",445,95,196
"IN",445,95,514
"IN",445,95,516
"IN",445,95,523
"IN",445,99,495
"IN",445,99,496
"IN",445,99,497
"IN",445,99,498
"IN",445,99,499
"IN",445,99,500
"IN",445,99,501
"IN",445,99,502
"IN",445,99,503
"IN",445,99,504
"IN",445,99,505
"IN",445,508,544
"IN",445,358,366
"IN",445,358,382
"IN",445,477,527
"IN",445,487,527
"IN",445,489,527
"IN",445,490,527
"IN",445,479,528
"IN",445,480,528
"IN",445,488,528
"IN",445,479,529
"IN",445,480,529
"IN",445,488,529
"IN",445,479,532
"IN",445,480,532
"IN",445,488,532
"IN",445,479,533
"IN",445,480,533
"IN",445,488,533
"IN",445,477,540
"IN",445,487,540
"IN",445,489,540
"IN",445,490,540
"IN",445,477,541
"IN",445,487,541
"IN",445,489,541
"IN",445,490,541
"IN",445,350,365
"IN",445,508,547
"IN",445,358,379
"IN",445,508,546
"IN",445,492,530
"IN",445,508,545
"IN",445,508,548
"IN",445,478,534
"IN",445,478,540
"IN",445,478,542
"IN",445,478,543
"IN",446,95,295
"IN",446,95,112
"IN",446,95,126
"IN",446,99,358
"IN",446,98,358
"IN",446,97,358
"IN",446,97,351
"IN",446,358,376
"IN",446,358,377
"IN",446,358,368
"IN",446,358,367
"IN",446,358,378
"IN",446,358,374
"IN",446,358,369
"IN",446,358,365
"IN",446,358,381
"IN",446,358,380
"IN",446,358,370
"IN",446,98,470
"IN",446,98,445
"IN",446,99,412
"IN",446,94,445
"IN",446,94,429
"IN",446,94,457
"IN",446,94,438
"IN",446,96,445
"IN",446,96,438
"IN",446,95,469
"IN",446,95,445
"IN",446,95,422
"IN",446,95,438
"IN",446,99,508
"IN",446,95,196
"IN",446,95,514
"IN",446,95,516
"IN",446,95,523
"IN",446,99,495
"IN",446,99,496
"IN",446,99,497
"IN",446,99,498
"IN",446,99,499
"IN",446,99,500
"IN",446,99,501
"IN",446,99,502
"IN",446,99,503
"IN",446,99,504
"IN",446,99,505
"IN",446,508,544
"IN",446,358,366
"IN",446,358,382
"IN",446,477,527
"IN",446,487,527
"IN",446,489,527
"IN",446,490,527
"IN",446,481,539
"IN",446,477,540
"IN",446,487,540
"IN",446,489,540
"IN",446,490,540
"IN",446,477,541
"IN",446,487,541
"IN",446,489,541
"IN",446,490,541
"IN",446,350,365
"IN",446,491,537
"IN",446,358,379
"IN",446,492,530
"IN",446,508,548
"IN",446,508,549
"IN",446,492,536
"IN",446,364,365
"IN",447,95,295
"IN",447,95,112
"IN",447,95,126
"IN",447,99,358
"IN",447,98,358
"IN",447,97,358
"IN",447,97,351
"IN",447,358,376
"IN",447,358,377
"IN",447,358,368
"IN",447,358,367
"IN",447,358,378
"IN",447,358,374
"IN",447,358,369
"IN",447,358,365
"IN",447,358,381
"IN",447,358,380
"IN",447,358,370
"IN",447,98,470
"IN",447,98,445
"IN",447,99,412
"IN",447,94,445
"IN",447,94,429
"IN",447,94,457
"IN",447,94,438
"IN",447,96,445
"IN",447,96,438
"IN",447,95,469
"IN",447,95,445
"IN",447,95,422
"IN",447,95,438
"IN",447,99,508
"IN",447,95,196
"IN",447,95,514
"IN",447,95,516
"IN",447,95,523
"IN",447,99,495
"IN",447,99,496
"IN",447,99,497
"IN",447,99,498
"IN",447,99,499
"IN",447,99,500
"IN",447,99,501
"IN",447,99,502
"IN",447,99,503
"IN",447,99,504
"IN",447,99,505
"IN",447,358,366
"IN",447,358,382
"IN",447,477,527
"IN",447,487,527
"IN",447,489,527
"IN",447,490,527
"IN",447,479,528
"IN",447,480,528
"IN",447,488,528
"IN",447,479,529
"IN",447,480,529
"IN",447,488,529
"IN",447,479,532
"IN",447,480,532
"IN",447,488,532
"IN",447,479,533
"IN",447,480,533
"IN",447,488,533
"IN",447,479,535
"IN",447,480,535
"IN",447,488,535
"IN",447,477,540
"IN",447,487,540
"IN",447,489,540
"IN",447,490,540
"IN",447,477,541
"IN",447,487,541
"IN",447,489,541
"IN",447,490,541
"IN",447,356,381
"IN",447,356,378
"IN",447,350,365
"IN",447,508,550
"IN",447,358,379
"IN",447,508,548
"IN",447,508,549
"IN",448,95,295
"IN",448,95,112
"IN",448,95,126
"IN",448,99,358
"IN",448,98,358
"IN",448,97,358
"IN",448,97,351
"IN",448,358,376
"IN",448,358,377
"IN",448,358,368
"IN",448,358,367
"IN",448,358,378
"IN",448,358,374
"IN",448,358,369
"IN",448,358,365
"IN",448,358,381
"IN",448,358,380
"IN",448,358,370
"IN",448,98,470
"IN",448,98,445
"IN",448,99,412
"IN",448,94,445
"IN",448,94,429
"IN",448,94,457
"IN",448,94,438
"IN",448,96,445
"IN",448,96,438
"IN",448,95,469
"IN",448,95,445
"IN",448,95,422
"IN",448,95,438
"IN",448,99,508
"IN",448,95,196
"IN",448,95,514
"IN",448,95,516
"IN",448,95,523
"IN",448,99,495
"IN",448,99,496
"IN",448,99,497
"IN",448,99,498
"IN",448,99,499
"IN",448,99,500
"IN",448,99,501
"IN",448,99,502
"IN",448,99,503
"IN",448,99,504
"IN",448,99,505
"IN",448,508,544
"IN",448,358,366
"IN",448,358,382
"IN",448,477,527
"IN",448,487,527
"IN",448,489,527
"IN",448,490,527
"IN",448,479,528
"IN",448,480,528
"IN",448,488,528
"IN",448,493,528
"IN",448,479,529
"IN",448,480,529
"IN",448,488,529
"IN",448,493,529
"IN",448,493,531
"IN",448,479,532
"IN",448,480,532
"IN",448,488,532
"IN",448,493,532
"IN",448,479,533
"IN",448,480,533
"IN",448,488,533
"IN",448,493,533
"IN",448,479,535
"IN",448,480,535
"IN",448,488,535
"IN",448,493,538
"IN",448,477,540
"IN",448,487,540
"IN",448,489,540
"IN",448,490,540
"IN",448,477,541
"IN",448,487,541
"IN",448,489,541
"IN",448,490,541
"IN",448,356,381
"IN",448,356,378
"IN",448,350,365
"IN",448,491,537
"IN",448,493,537
"IN",448,508,545
"IN",448,508,550
"IN",448,358,379
"IN",448,508,549
"IN",448,478,534
"IN",448,478,540
"IN",448,478,542
"IN",448,478,543
"IN",449,95,295
"IN",449,95,112
"IN",449,95,126
"IN",449,99,358
"IN",449,98,358
"IN",449,97,358
"IN",449,97,351
"IN",449,358,376
"IN",449,358,377
"IN",449,358,368
"IN",449,358,367
"IN",449,358,378
"IN",449,358,374
"IN",449,358,369
"IN",449,358,365
"IN",449,358,381
"IN",449,358,380
"IN",449,358,370
"IN",449,98,470
"IN",449,98,445
"IN",449,99,412
"IN",449,94,445
"IN",449,94,429
"IN",449,94,457
"IN",449,94,438
"IN",449,96,445
"IN",449,96,438
"IN",449,95,469
"IN",449,95,445
"IN",449,95,422
"IN",449,95,438
"IN",449,99,508
"IN",449,95,196
"IN",449,95,514
"IN",449,95,516
"IN",449,95,523
"IN",449,99,495
"IN",449,99,496
"IN",449,99,497
"IN",449,99,498
"IN",449,99,499
"IN",449,99,500
"IN",449,99,501
"IN",449,99,502
"IN",449,99,503
"IN",449,99,504
"IN",449,99,505
"IN",449,508,544
"IN",449,358,366
"IN",449,358,382
"IN",449,477,527
"IN",449,484,527
"IN",449,487,527
"IN",449,489,527
"IN",449,490,527
"IN",449,479,528
"IN",449,480,528
"IN",449,488,528
"IN",449,493,528
"IN",449,479,529
"IN",449,480,529
"IN",449,488,529
"IN",449,493,529
"IN",449,493,531
"IN",449,479,532
"IN",449,480,532
"IN",449,488,532
"IN",449,493,532
"IN",449,479,533
"IN",449,480,533
"IN",449,488,533
"IN",449,493,533
"IN",449,493,538
"IN",449,477,540
"IN",449,484,540
"IN",449,487,540
"IN",449,489,540
"IN",449,490,540
"IN",449,477,541
"IN",449,484,541
"IN",449,487,541
"IN",449,489,541
"IN",449,490,541
"IN",449,508,547
"IN",449,358,379
"IN",449,484,534
"IN",449,484,542
"IN",449,484,543
"IN",449,508,545
"IN",449,508,548
"IN",449,337,377
"IN",449,478,534
"IN",449,478,540
"IN",449,478,542
"IN",449,478,543
"IN",449,337,365
"IN",449,337,369
"IN",449,337,376
"IN",449,337,381
"IN",449,337,378
"IN",449,337,371
"IN",449,360,365
"IN",449,360,376
"IN",450,95,295
"IN",450,95,112
"IN",450,95,126
"IN",450,99,358
"IN",450,98,358
"IN",450,97,358
"IN",450,97,351
"IN",450,358,376
"IN",450,358,377
"IN",450,358,368
"IN",450,358,367
"IN",450,358,378
"IN",450,358,374
"IN",450,358,369
"IN",450,358,365
"IN",450,358,381
"IN",450,358,380
"IN",450,358,370
"IN",450,98,470
"IN",450,98,445
"IN",450,99,412
"IN",450,94,445
"IN",450,94,429
"IN",450,94,457
"IN",450,94,438
"IN",450,96,445
"IN",450,96,438
"IN",450,95,469
"IN",450,95,445
"IN",450,95,422
"IN",450,95,438
"IN",450,99,508
"IN",450,95,196
"IN",450,95,514
"IN",450,95,516
"IN",450,95,523
"IN",450,99,495
"IN",450,99,496
"IN",450,99,497
"IN",450,99,498
"IN",450,99,499
"IN",450,99,500
"IN",450,99,501
"IN",450,99,502
"IN",450,99,503
"IN",450,99,504
"IN",450,99,505
"IN",450,508,544
"IN",450,358,366
"IN",450,358,382
"IN",450,477,527
"IN",450,487,527
"IN",450,489,527
"IN",450,490,527
"IN",450,479,528
"IN",450,480,528
"IN",450,488,528
"IN",450,493,528
"IN",450,479,529
"IN",450,480,529
"IN",450,488,529
"IN",450,493,529
"IN",450,493,531
"IN",450,479,532
"IN",450,480,532
"IN",450,488,532
"IN",450,493,532
"IN",450,479,533
"IN",450,480,533
"IN",450,488,533
"IN",450,493,533
"IN",450,479,535
"IN",450,480,535
"IN",450,488,535
"IN",450,493,538
"IN",450,481,539
"IN",450,477,540
"IN",450,487,540
"IN",450,489,540
"IN",450,490,540
"IN",450,477,541
"IN",450,487,541
"IN",450,489,541
"IN",450,490,541
"IN",450,356,381
"IN",450,356,378
"IN",450,350,365
"IN",450,508,547
"IN",450,508,550
"IN",450,358,379
"IN",450,508,545
"IN",451,95,295
"IN",451,95,112
"IN",451,95,126
"IN",451,99,358
"IN",451,98,358
"IN",451,97,358
"IN",451,97,351
"IN",451,358,376
"IN",451,358,377
"IN",451,358,368
"IN",451,358,367
"IN",451,358,378
"IN",451,358,374
"IN",451,358,369
"IN",451,358,365
"IN",451,358,381
"IN",451,358,380
"IN",451,358,370
"IN",451,98,470
"IN",451,98,445
"IN",451,99,412
"IN",451,94,445
"IN",451,94,429
"IN",451,94,457
"IN",451,94,438
"IN",451,96,445
"IN",451,96,438
"IN",451,95,469
"IN",451,95,445
"IN",451,95,422
"IN",451,95,438
"IN",451,99,508
"IN",451,95,196
"IN",451,95,514
"IN",451,95,516
"IN",451,95,523
"IN",451,99,495
"IN",451,99,496
"IN",451,99,497
"IN",451,99,498
"IN",451,99,499
"IN",451,99,500
"IN",451,99,501
"IN",451,99,502
"IN",451,99,503
"IN",451,99,504
"IN",451,99,505
"IN",451,358,366
"IN",451,358,382
"IN",451,477,527
"IN",451,487,527
"IN",451,489,527
"IN",451,490,527
"IN",451,479,528
"IN",451,480,528
"IN",451,488,528
"IN",451,479,529
"IN",451,480,529
"IN",451,488,529
"IN",451,479,532
"IN",451,480,532
"IN",451,488,532
"IN",451,479,533
"IN",451,480,533
"IN",451,488,533
"IN",451,479,535
"IN",451,480,535
"IN",451,488,535
"IN",451,477,540
"IN",451,487,540
"IN",451,489,540
"IN",451,490,540
"IN",451,477,541
"IN",451,487,541
"IN",451,489,541
"IN",451,490,541
"IN",451,356,381
"IN",451,356,378
"IN",451,508,550
"IN",451,358,379
"IN",451,508,549
"IN",451,364,365
"IN",452,95,295
"IN",452,95,112
"IN",452,95,126
"IN",452,99,358
"IN",452,98,358
"IN",452,97,358
"IN",452,97,351
"IN",452,358,376
"IN",452,358,377
"IN",452,358,368
"IN",452,358,367
"IN",452,358,378
"IN",452,358,374
"IN",452,358,369
"IN",452,358,365
"IN",452,358,381
"IN",452,358,380
"IN",452,358,370
"IN",452,98,470
"IN",452,98,445
"IN",452,99,412
"IN",452,94,445
"IN",452,94,429
"IN",452,94,457
"IN",452,94,438
"IN",452,96,445
"IN",452,96,438
"IN",452,95,469
"IN",452,95,445
"IN",452,95,422
"IN",452,95,438
"IN",452,99,508
"IN",452,95,196
"IN",452,95,514
"IN",452,95,516
"IN",452,95,523
"IN",452,99,495
"IN",452,99,496
"IN",452,99,497
"IN",452,99,498
"IN",452,99,499
"IN",452,99,500
"IN",452,99,501
"IN",452,99,502
"IN",452,99,503
"IN",452,99,504
"IN",452,99,505
"IN",452,508,544
"IN",452,358,366
"IN",452,358,382
"IN",452,481,539
"IN",452,356,381
"IN",452,356,378
"IN",452,508,547
"IN",452,508,550
"IN",452,358,379
"IN",452,492,530
"IN",452,508,545
"IN",452,508,549
"IN",452,478,534
"IN",452,478,540
"IN",452,478,542
"IN",452,478,543
"IN",452,364,365
"IN",453,95,295
"IN",453,95,112
"IN",453,95,126
"IN",453,99,358
"IN",453,98,358
"IN",453,97,358
"IN",453,97,351
"IN",453,358,376
"IN",453,358,377
"IN",453,358,368
"IN",453,358,367
"IN",453,358,378
"IN",453,358,374
"IN",453,358,369
"IN",453,358,365
"IN",453,358,381
"IN",453,358,380
"IN",453,358,370
"IN",453,98,470
"IN",453,98,445
"IN",453,99,412
"IN",453,94,445
"IN",453,94,429
"IN",453,94,457
"IN",453,94,438
"IN",453,96,445
"IN",453,96,438
"IN",453,95,469
"IN",453,95,445
"IN",453,95,422
"IN",453,95,438
"IN",453,99,508
"IN",453,95,196
"IN",453,95,514
"IN",453,95,516
"IN",453,95,523
"IN",453,99,495
"IN",453,99,496
"IN",453,99,497
"IN",453,99,498
"IN",453,99,499
"IN",453,99,500
"IN",453,99,501
"IN",453,99,502
"IN",453,99,503
"IN",453,99,504
"IN",453,99,505
"IN",453,508,544
"IN",453,358,366
"IN",453,358,382
"IN",453,356,381
"IN",453,356,378
"IN",453,491,537
"IN",453,358,379
"IN",453,508,545
"IN",453,337,377
"IN",453,478,534
"IN",453,478,540
"IN",453,478,542
"IN",453,478,543
"IN",453,337,365
"IN",453,337,369
"IN",453,337,376
"IN",453,337,381
"IN",453,337,378
"IN",453,337,371
"IN",453,360,365
"IN",453,360,376
"IN",454,95,295
"IN",454,95,112
"IN",454,95,126
"IN",454,99,358
"IN",454,98,358
"IN",454,97,358
"IN",454,97,351
"IN",454,358,376
"IN",454,358,377
"IN",454,358,368
"IN",454,358,367
"IN",454,358,378
"IN",454,358,374
"IN",454,358,369
"IN",454,358,365
"IN",454,358,381
"IN",454,358,380
"IN",454,358,370
"IN",454,98,470
"IN",454,98,445
"IN",454,99,412
"IN",454,94,445
"IN",454,94,429
"IN",454,94,457
"IN",454,94,438
"IN",454,96,445
"IN",454,96,438
"IN",454,95,469
"IN",454,95,445
"IN",454,95,422
"IN",454,95,438
"IN",454,99,508
"IN",454,95,196
"IN",454,95,514
"IN",454,95,516
"IN",454,95,523
"IN",454,99,495
"IN",454,99,496
"IN",454,99,497
"IN",454,99,498
"IN",454,99,499
"IN",454,99,500
"IN",454,99,501
"IN",454,99,502
"IN",454,99,503
"IN",454,99,504
"IN",454,99,505
"IN",454,508,544
"IN",454,358,366
"IN",454,358,382
"IN",454,477,527
"IN",454,487,527
"IN",454,489,527
"IN",454,490,527
"IN",454,479,528
"IN",454,480,528
"IN",454,488,528
"IN",454,493,528
"IN",454,479,529
"IN",454,480,529
"IN",454,488,529
"IN",454,493,529
"IN",454,493,531
"IN",454,479,532
"IN",454,480,532
"IN",454,488,532
"IN",454,493,532
"IN",454,479,533
"IN",454,480,533
"IN",454,488,533
"IN",454,493,533
"IN",454,479,535
"IN",454,480,535
"IN",454,488,535
"IN",454,493,538
"IN",454,481,539
"IN",454,477,540
"IN",454,487,540
"IN",454,489,540
"IN",454,490,540
"IN",454,477,541
"IN",454,487,541
"IN",454,489,541
"IN",454,490,541
"IN",454,358,379
"IN",454,508,549
"IN",454,478,534
"IN",454,478,540
"IN",454,478,542
"IN",454,478,543
"IN",454,360,365
"IN",454,360,376
"IN",455,95,295
"IN",455,95,112
"IN",455,95,126
"IN",455,99,358
"IN",455,98,358
"IN",455,97,358
"IN",455,97,351
"IN",455,358,376
"IN",455,358,377
"IN",455,358,368
"IN",455,358,367
"IN",455,358,378
"IN",455,358,374
"IN",455,358,369
"IN",455,358,365
"IN",455,358,381
"IN",455,358,380
"IN",455,358,370
"IN",455,98,470
"IN",455,98,445
"IN",455,99,412
"IN",455,94,445
"IN",455,94,429
"IN",455,94,457
"IN",455,94,438
"IN",455,96,445
"IN",455,96,438
"IN",455,95,469
"IN",455,95,445
"IN",455,95,422
"IN",455,95,438
"IN",455,99,508
"IN",455,95,196
"IN",455,95,514
"IN",455,95,516
"IN",455,95,523
"IN",455,99,495
"IN",455,99,496
"IN",455,99,497
"IN",455,99,498
"IN",455,99,499
"IN",455,99,500
"IN",455,99,501
"IN",455,99,502
"IN",455,99,503
"IN",455,99,504
"IN",455,99,505
"IN",455,508,544
"IN",455,358,366
"IN",455,358,382
"IN",455,477,527
"IN",455,487,527
"IN",455,489,527
"IN",455,490,527
"IN",455,479,528
"IN",455,480,528
"IN",455,488,528
"IN",455,493,528
"IN",455,494,528
"IN",455,479,529
"IN",455,480,529
"IN",455,488,529
"IN",455,493,529
"IN",455,494,529
"IN",455,493,531
"IN",455,494,531
"IN",455,479,532
"IN",455,480,532
"IN",455,488,532
"IN",455,493,532
"IN",455,494,532
"IN",455,479,533
"IN",455,480,533
"IN",455,488,533
"IN",455,493,533
"IN",455,494,533
"IN",455,493,538
"IN",455,494,538
"IN",455,477,540
"IN",455,487,540
"IN",455,489,540
"IN",455,490,540
"IN",455,477,541
"IN",455,487,541
"IN",455,489,541
"IN",455,490,541
"IN",455,356,381
"IN",455,356,378
"IN",455,350,365
"IN",455,358,379
"IN",455,508,546
"IN",455,508,545
"IN",455,508,548
"IN",455,508,549
"IN",456,95,295
"IN",456,95,112
"IN",456,95,126
"IN",456,99,358
"IN",456,98,358
"IN",456,97,358
"IN",456,97,351
"IN",456,358,376
"IN",456,358,377
"IN",456,358,368
"IN",456,358,367
"IN",456,358,378
"IN",456,358,374
"IN",456,358,369
"IN",456,358,365
"IN",456,358,381
"IN",456,358,380
"IN",456,358,370
"IN",456,98,470
"IN",456,98,445
"IN",456,99,412
"IN",456,94,445
"IN",456,94,429
"IN",456,94,457
"IN",456,94,438
"IN",456,96,445
"IN",456,96,438
"IN",456,95,469
"IN",456,95,445
"IN",456,95,422
"IN",456,95,438
"IN",456,99,508
"IN",456,95,196
"IN",456,95,514
"IN",456,95,516
"IN",456,95,523
"IN",456,99,495
"IN",456,99,496
"IN",456,99,497
"IN",456,99,498
"IN",456,99,499
"IN",456,99,500
"IN",456,99,501
"IN",456,99,502
"IN",456,99,503
"IN",456,99,504
"IN",456,99,505
"IN",456,508,544
"IN",456,358,366
"IN",456,358,382
"IN",456,356,381
"IN",456,356,378
"IN",456,508,545
"IN",456,347,376
"IN",456,358,379
"IN",456,508,548
"IN",456,508,549
"IN",457,95,295
"IN",457,95,112
"IN",457,95,126
"IN",457,99,358
"IN",457,98,358
"IN",457,97,358
"IN",457,97,351
"IN",457,358,376
"IN",457,358,377
"IN",457,358,368
"IN",457,358,367
"IN",457,358,378
"IN",457,358,374
"IN",457,358,369
"IN",457,358,365
"IN",457,358,381
"IN",457,358,380
"IN",457,358,370
"IN",457,98,470
"IN",457,98,445
"IN",457,99,412
"IN",457,94,445
"IN",457,94,429
"IN",457,94,457
"IN",457,94,438
"IN",457,96,445
"IN",457,96,438
"IN",457,95,469
"IN",457,95,445
"IN",457,95,422
"IN",457,95,438
"IN",457,99,508
"IN",457,95,196
"IN",457,95,514
"IN",457,95,516
"IN",457,95,523
"IN",457,99,495
"IN",457,99,496
"IN",457,99,497
"IN",457,99,498
"IN",457,99,499
"IN",457,99,500
"IN",457,99,501
"IN",457,99,502
"IN",457,99,503
"IN",457,99,504
"IN",457,99,505
"IN",457,352,375
"IN",457,508,544
"IN",457,352,365
"IN",457,358,366
"IN",457,358,382
"IN",457,356,381
"IN",457,352,376
"IN",457,356,378
"IN",457,508,545
"IN",457,508,550
"IN",457,358,379
"IN",457,508,548
"IN",457,478,534
"IN",457,478,540
"IN",457,478,542
"IN",457,478,543
"IN",458,95,295
"IN",458,95,112
"IN",458,95,126
"IN",458,99,358
"IN",458,98,358
"IN",458,97,358
"IN",458,97,351
"IN",458,358,376
"IN",458,358,377
"IN",458,358,368
"IN",458,358,367
"IN",458,358,378
"IN",458,358,374
"IN",458,358,369
"IN",458,358,365
"IN",458,358,381
"IN",458,358,380
"IN",458,358,370
"IN",458,98,470
"IN",458,98,445
"IN",458,99,412
"IN",458,94,445
"IN",458,94,429
"IN",458,94,457
"IN",458,94,438
"IN",458,96,445
"IN",458,96,438
"IN",458,95,469
"IN",458,95,445
"IN",458,95,422
"IN",458,95,438
"IN",458,99,508
"IN",458,95,196
"IN",458,95,514
"IN",458,95,516
"IN",458,95,523
"IN",458,99,495
"IN",458,99,496
"IN",458,99,497
"IN",458,99,498
"IN",458,99,499
"IN",458,99,500
"IN",458,99,501
"IN",458,99,502
"IN",458,99,503
"IN",458,99,504
"IN",458,99,505
"IN",458,352,375
"IN",458,508,544
"IN",458,352,365
"IN",458,358,366
"IN",458,358,382
"IN",458,481,539
"IN",458,356,381
"IN",458,352,376
"IN",458,356,378
"IN",458,358,379
"IN",458,508,545
"IN",458,478,534
"IN",458,478,540
"IN",458,478,542
"IN",458,478,543
"IN",459,95,295
"IN",459,95,112
"IN",459,95,126
"IN",459,99,358
"IN",459,98,358
"IN",459,97,358
"IN",459,97,351
"IN",459,358,376
"IN",459,358,377
"IN",459,358,368
"IN",459,358,367
"IN",459,358,378
"IN",459,358,374
"IN",459,358,369
"IN",459,358,365
"IN",459,358,381
"IN",459,358,380
"IN",459,358,370
"IN",459,98,470
"IN",459,98,445
"IN",459,99,412
"IN",459,94,445
"IN",459,94,429
"IN",459,94,457
"IN",459,94,438
"IN",459,96,445
"IN",459,96,438
"IN",459,95,469
"IN",459,95,445
"IN",459,95,422
"IN",459,95,438
"IN",459,99,508
"IN",459,95,196
"IN",459,95,514
"IN",459,95,516
"IN",459,95,523
"IN",459,99,495
"IN",459,99,496
"IN",459,99,497
"IN",459,99,498
"IN",459,99,499
"IN",459,99,500
"IN",459,99,501
"IN",459,99,502
"IN",459,99,503
"IN",459,99,504
"IN",459,99,505
"IN",459,352,375
"IN",459,352,365
"IN",459,358,366
"IN",459,358,382
"IN",459,352,376
"IN",459,350,365
"IN",459,358,379
"IN",459,508,545
"IN",459,508,549
"IN",459,478,534
"IN",459,478,540
"IN",459,478,542
"IN",459,478,543
"IN",460,95,295
"IN",460,95,112
"IN",460,95,126
"IN",460,99,358
"IN",460,98,358
"IN",460,97,358
"IN",460,97,351
"IN",460,358,376
"IN",460,358,377
"IN",460,358,368
"IN",460,358,367
"IN",460,358,378
"IN",460,358,374
"IN",460,358,369
"IN",460,358,365
"IN",460,358,381
"IN",460,358,380
"IN",460,358,370
"IN",460,98,470
"IN",460,98,445
"IN",460,99,412
"IN",460,94,445
"IN",460,94,429
"IN",460,94,457
"IN",460,94,438
"IN",460,96,445
"IN",460,96,438
"IN",460,95,469
"IN",460,95,445
"IN",460,95,422
"IN",460,95,438
"IN",460,99,508
"IN",460,95,196
"IN",460,95,514
"IN",460,95,516
"IN",460,95,523
"IN",460,99,495
"IN",460,99,496
"IN",460,99,497
"IN",460,99,498
"IN",460,99,499
"IN",460,99,500
"IN",460,99,501
"IN",460,99,502
"IN",460,99,503
"IN",460,99,504
"IN",460,99,505
"IN",460,508,544
"IN",460,358,366
"IN",460,358,382
"IN",460,356,381
"IN",460,356,378
"IN",460,508,546
"IN",460,358,379
"IN",460,508,545
"IN",460,508,548
"IN",460,508,549
"IN",460,478,534
"IN",460,478,540
"IN",460,478,542
"IN",460,478,543
"IN",461,95,295
"IN",461,95,112
"IN",461,95,126
"IN",461,99,358
"IN",461,98,358
"IN",461,97,358
"IN",461,97,351
"IN",461,358,376
"IN",461,358,377
"IN",461,358,368
"IN",461,358,367
"IN",461,358,378
"IN",461,358,374
"IN",461,358,369
"IN",461,358,365
"IN",461,358,381
"IN",461,358,380
"IN",461,358,370
"IN",461,98,470
"IN",461,98,445
"IN",461,99,412
"IN",461,94,445
"IN",461,94,429
"IN",461,94,457
"IN",461,94,438
"IN",461,96,445
"IN",461,96,438
"IN",461,95,469
"IN",461,95,445
"IN",461,95,422
"IN",461,95,438
"IN",461,99,508
"IN",461,95,196
"IN",461,95,514
"IN",461,95,516
"IN",461,95,523
"IN",461,99,495
"IN",461,99,496
"IN",461,99,497
"IN",461,99,498
"IN",461,99,499
"IN",461,99,500
"IN",461,99,501
"IN",461,99,502
"IN",461,99,503
"IN",461,99,504
"IN",461,99,505
"IN",461,358,366
"IN",461,358,382
"IN",461,477,527
"IN",461,487,527
"IN",461,489,527
"IN",461,490,527
"IN",461,477,540
"IN",461,487,540
"IN",461,489,540
"IN",461,490,540
"IN",461,477,541
"IN",461,487,541
"IN",461,489,541
"IN",461,490,541
"IN",461,356,381
"IN",461,356,378
"IN",461,350,365
"IN",461,491,537
"IN",461,508,546
"IN",461,358,379
"IN",461,478,534
"IN",461,478,540
"IN",461,478,542
"IN",461,478,543
"IN",462,95,295
"IN",462,95,112
"IN",462,95,126
"IN",462,99,358
"IN",462,98,358
"IN",462,97,358
"IN",462,97,351
"IN",462,358,376
"IN",462,358,377
"IN",462,358,368
"IN",462,358,367
"IN",462,358,378
"IN",462,358,374
"IN",462,358,369
"IN",462,358,365
"IN",462,358,381
"IN",462,358,380
"IN",462,358,370
"IN",462,98,470
"IN",462,98,445
"IN",462,99,412
"IN",462,94,445
"IN",462,94,429
"IN",462,94,457
"IN",462,94,438
"IN",462,96,445
"IN",462,96,438
"IN",462,95,469
"IN",462,95,445
"IN",462,95,422
"IN",462,95,438
"IN",462,99,508
"IN",462,95,196
"IN",462,95,514
"IN",462,95,516
"IN",462,95,523
"IN",462,99,495
"IN",462,99,496
"IN",462,99,497
"IN",462,99,498
"IN",462,99,499
"IN",462,99,500
"IN",462,99,501
"IN",462,99,502
"IN",462,99,503
"IN",462,99,504
"IN",462,99,505
"IN",462,508,544
"IN",462,358,366
"IN",462,358,382
"IN",462,477,527
"IN",462,484,527
"IN",462,487,527
"IN",462,489,527
"IN",462,490,527
"IN",462,477,540
"IN",462,484,540
"IN",462,487,540
"IN",462,489,540
"IN",462,490,540
"IN",462,477,541
"IN",462,484,541
"IN",462,487,541
"IN",462,489,541
"IN",462,490,541
"IN",462,356,381
"IN",462,356,378
"IN",462,350,365
"IN",462,491,537
"IN",462,508,546
"IN",462,508,550
"IN",462,358,379
"IN",462,484,534
"IN",462,484,542
"IN",462,484,543
"IN",462,508,549
"IN",462,478,534
"IN",462,478,540
"IN",462,478,542
"IN",462,478,543
"IN",462,364,365
"IN",463,95,295
"IN",463,95,112
"IN",463,95,126
"IN",463,99,358
"IN",463,98,358
"IN",463,97,358
"IN",463,97,351
"IN",463,358,376
"IN",463,358,377
"IN",463,358,368
"IN",463,358,367
"IN",463,358,378
"IN",463,358,374
"IN",463,358,369
"IN",463,358,365
"IN",463,358,381
"IN",463,358,380
"IN",463,358,370
"IN",463,98,470
"IN",463,98,445
"IN",463,99,412
"IN",463,94,445
"IN",463,94,429
"IN",463,94,457
"IN",463,94,438
"IN",463,96,445
"IN",463,96,438
"IN",463,95,469
"IN",463,95,445
"IN",463,95,422
"IN",463,95,438
"IN",463,99,508
"IN",463,95,196
"IN",463,95,514
"IN",463,95,516
"IN",463,95,523
"IN",463,99,495
"IN",463,99,496
"IN",463,99,497
"IN",463,99,498
"IN",463,99,499
"IN",463,99,500
"IN",463,99,501
"IN",463,99,502
"IN",463,99,503
"IN",463,99,504
"IN",463,99,505
"IN",463,508,544
"IN",463,358,366
"IN",463,358,382
"IN",463,356,381
"IN",463,356,378
"IN",463,508,545
"IN",463,358,379
"IN",463,508,546
"IN",463,492,530
"IN",463,508,548
"IN",463,508,549
"IN",463,492,536
"IN",463,360,365
"IN",463,360,376
"IN",464,95,295
"IN",464,95,112
"IN",464,95,126
"IN",464,99,358
"IN",464,98,358
"IN",464,97,358
"IN",464,97,351
"IN",464,358,376
"IN",464,358,377
"IN",464,358,368
"IN",464,358,367
"IN",464,358,378
"IN",464,358,374
"IN",464,358,369
"IN",464,358,365
"IN",464,358,381
"IN",464,358,380
"IN",464,358,370
"IN",464,98,470
"IN",464,98,445
"IN",464,99,412
"IN",464,94,445
"IN",464,94,429
"IN",464,94,457
"IN",464,94,438
"IN",464,96,445
"IN",464,96,438
"IN",464,95,469
"IN",464,95,445
"IN",464,95,422
"IN",464,95,438
"IN",464,99,508
"IN",464,95,196
"IN",464,95,514
"IN",464,95,516
"IN",464,95,523
"IN",464,99,495
"IN",464,99,496
"IN",464,99,497
"IN",464,99,498
"IN",464,99,499
"IN",464,99,500
"IN",464,99,501
"IN",464,99,502
"IN",464,99,503
"IN",464,99,504
"IN",464,99,505
"IN",464,358,366
"IN",464,358,382
"IN",464,479,528
"IN",464,480,528
"IN",464,488,528
"IN",464,493,528
"IN",464,494,528
"IN",464,479,529
"IN",464,480,529
"IN",464,488,529
"IN",464,493,529
"IN",464,494,529
"IN",464,493,531
"IN",464,494,531
"IN",464,479,532
"IN",464,480,532
"IN",464,488,532
"IN",464,493,532
"IN",464,494,532
"IN",464,479,533
"IN",464,480,533
"IN",464,488,533
"IN",464,493,533
"IN",464,494,533
"IN",464,493,538
"IN",464,494,538
"IN",464,491,537
"IN",464,493,537
"IN",464,508,550
"IN",464,358,379
"IN",464,508,548
"IN",464,508,549
"IN",465,95,295
"IN",465,95,112
"IN",465,95,126
"IN",465,99,358
"IN",465,98,358
"IN",465,97,358
"IN",465,97,351
"IN",465,358,376
"IN",465,358,377
"IN",465,358,368
"IN",465,358,367
"IN",465,358,378
"IN",465,358,374
"IN",465,358,369
"IN",465,358,365
"IN",465,358,381
"IN",465,358,380
"IN",465,358,370
"IN",465,98,470
"IN",465,98,445
"IN",465,99,412
"IN",465,94,445
"IN",465,94,429
"IN",465,94,457
"IN",465,94,438
"IN",465,96,445
"IN",465,96,438
"IN",465,95,469
"IN",465,95,445
"IN",465,95,422
"IN",465,95,438
"IN",465,99,508
"IN",465,95,196
"IN",465,95,514
"IN",465,95,516
"IN",465,95,523
"IN",465,99,495
"IN",465,99,496
"IN",465,99,497
"IN",465,99,498
"IN",465,99,499
"IN",465,99,500
"IN",465,99,501
"IN",465,99,502
"IN",465,99,503
"IN",465,99,504
"IN",465,99,505
"IN",465,338,380
"IN",465,338,372
"IN",465,358,366
"IN",465,358,382
"IN",465,481,539
"IN",465,356,381
"IN",465,356,378
"IN",465,508,545
"IN",465,358,379
"IN",465,508,549
"IN",465,360,365
"IN",465,360,376
"IN",466,95,295
"IN",466,95,112
"IN",466,95,126
"IN",466,99,358
"IN",466,98,358
"IN",466,97,358
"IN",466,97,351
"IN",466,358,376
"IN",466,358,377
"IN",466,358,368
"IN",466,358,367
"IN",466,358,378
"IN",466,358,374
"IN",466,358,369
"IN",466,358,365
"IN",466,358,381
"IN",466,358,380
"IN",466,358,370
"IN",466,98,470
"IN",466,98,445
"IN",466,99,412
"IN",466,94,445
"IN",466,94,429
"IN",466,94,457
"IN",466,94,438
"IN",466,96,445
"IN",466,96,438
"IN",466,95,469
"IN",466,95,445
"IN",466,95,422
"IN",466,95,438
"IN",466,99,508
"IN",466,95,196
"IN",466,95,514
"IN",466,95,516
"IN",466,95,523
"IN",466,99,495
"IN",466,99,496
"IN",466,99,497
"IN",466,99,498
"IN",466,99,499
"IN",466,99,500
"IN",466,99,501
"IN",466,99,502
"IN",466,99,503
"IN",466,99,504
"IN",466,99,505
"IN",466,352,375
"IN",466,352,365
"IN",466,358,366
"IN",466,358,382
"IN",466,477,527
"IN",466,487,527
"IN",466,489,527
"IN",466,490,527
"IN",466,479,528
"IN",466,480,528
"IN",466,488,528
"IN",466,493,528
"IN",466,479,529
"IN",466,480,529
"IN",466,488,529
"IN",466,493,529
"IN",466,493,531
"IN",466,479,532
"IN",466,480,532
"IN",466,488,532
"IN",466,493,532
"IN",466,479,533
"IN",466,480,533
"IN",466,488,533
"IN",466,493,533
"IN",466,493,538
"IN",466,477,540
"IN",466,487,540
"IN",466,489,540
"IN",466,490,540
"IN",466,477,541
"IN",466,487,541
"IN",466,489,541
"IN",466,490,541
"IN",466,352,376
"IN",466,350,365
"IN",466,491,537
"IN",466,493,537
"IN",466,508,547
"IN",466,358,379
"IN",466,508,546
"IN",466,508,549
"IN",467,95,295
"IN",467,95,112
"IN",467,95,126
"IN",467,99,358
"IN",467,98,358
"IN",467,97,358
"IN",467,97,351
"IN",467,358,376
"IN",467,358,377
"IN",467,358,368
"IN",467,358,367
"IN",467,358,378
"IN",467,358,374
"IN",467,358,369
"IN",467,358,365
"IN",467,358,381
"IN",467,358,380
"IN",467,358,370
"IN",467,98,470
"IN",467,98,445
"IN",467,99,412
"IN",467,94,445
"IN",467,94,429
"IN",467,94,457
"IN",467,94,438
"IN",467,96,445
"IN",467,96,438
"IN",467,95,469
"IN",467,95,445
"IN",467,95,422
"IN",467,95,438
"IN",467,99,508
"IN",467,95,196
"IN",467,95,514
"IN",467,95,516
"IN",467,95,523
"IN",467,99,495
"IN",467,99,496
"IN",467,99,497
"IN",467,99,498
"IN",467,99,499
"IN",467,99,500
"IN",467,99,501
"IN",467,99,502
"IN",467,99,503
"IN",467,99,504
"IN",467,99,505
"IN",467,508,544
"IN",467,358,366
"IN",467,358,382
"IN",467,477,527
"IN",467,487,527
"IN",467,489,527
"IN",467,490,527
"IN",467,479,528
"IN",467,480,528
"IN",467,488,528
"IN",467,494,528
"IN",467,479,529
"IN",467,480,529
"IN",467,488,529
"IN",467,494,529
"IN",467,494,531
"IN",467,479,532
"IN",467,480,532
"IN",467,488,532
"IN",467,494,532
"IN",467,479,533
"IN",467,480,533
"IN",467,488,533
"IN",467,494,533
"IN",467,479,535
"IN",467,480,535
"IN",467,488,535
"IN",467,494,538
"IN",467,481,539
"IN",467,477,540
"IN",467,487,540
"IN",467,489,540
"IN",467,490,540
"IN",467,477,541
"IN",467,487,541
"IN",467,489,541
"IN",467,490,541
"IN",467,350,365
"IN",467,508,547
"IN",467,358,379
"IN",467,508,546
"IN",467,492,530
"IN",467,494,530
"IN",467,478,534
"IN",467,478,540
"IN",467,478,542
"IN",467,478,543
"IN",467,364,365
"IN",468,95,295
"IN",468,95,112
"IN",468,95,126
"IN",468,99,358
"IN",468,98,358
"IN",468,97,358
"IN",468,97,351
"IN",468,358,376
"IN",468,358,377
"IN",468,358,368
"IN",468,358,367
"IN",468,358,378
"IN",468,358,374
"IN",468,358,369
"IN",468,358,365
"IN",468,358,381
"IN",468,358,380
"IN",468,358,370
"IN",468,98,470
"IN",468,98,445
"IN",468,99,412
"IN",468,94,445
"IN",468,94,429
"IN",468,94,457
"IN",468,94,438
"IN",468,96,445
"IN",468,96,438
"IN",468,95,469
"IN",468,95,445
"IN",468,95,422
"IN",468,95,438
"IN",468,99,508
"IN",468,95,196
"IN",468,95,514
"IN",468,95,516
"IN",468,95,523
"IN",468,99,495
"IN",468,99,496
"IN",468,99,497
"IN",468,99,498
"IN",468,99,499
"IN",468,99,500
"IN",468,99,501
"IN",468,99,502
"IN",468,99,503
"IN",468,99,504
"IN",468,99,505
"IN",468,508,544
"IN",468,358,366
"IN",468,358,382
"IN",468,477,527
"IN",468,484,527
"IN",468,487,527
"IN",468,489,527
"IN",468,490,527
"IN",468,477,540
"IN",468,484,540
"IN",468,487,540
"IN",468,489,540
"IN",468,490,540
"IN",468,477,541
"IN",468,484,541
"IN",468,487,541
"IN",468,489,541
"IN",468,490,541
"IN",468,356,381
"IN",468,356,378
"IN",468,350,365
"IN",468,508,547
"IN",468,358,379
"IN",468,484,534
"IN",468,484,542
"IN",468,484,543
"IN",468,508,545
"IN",468,508,549
"IN",468,478,534
"IN",468,478,540
"IN",468,478,542
"IN",468,478,543
"IN",469,95,295
"IN",469,95,112
"IN",469,95,126
"IN",469,99,358
"IN",469,98,358
"IN",469,97,358
"IN",469,97,351
"IN",469,358,376
"IN",469,358,377
"IN",469,358,368
"IN",469,358,367
"IN",469,358,378
"IN",469,358,374
"IN",469,358,369
"IN",469,358,365
"IN",469,358,381
"IN",469,358,380
"IN",469,358,370
"IN",469,98,470
"IN",469,98,445
"IN",469,99,412
"IN",469,94,445
"IN",469,94,429
"IN",469,94,457
"IN",469,94,438
"IN",469,96,445
"IN",469,96,438
"IN",469,95,469
"IN",469,95,445
"IN",469,95,422
"IN",469,95,438
"IN",469,99,508
"IN",469,95,196
"IN",469,95,514
"IN",469,95,516
"IN",469,95,523
"IN",469,99,495
"IN",469,99,496
"IN",469,99,497
"IN",469,99,498
"IN",469,99,499
"IN",469,99,500
"IN",469,99,501
"IN",469,99,502
"IN",469,99,503
"IN",469,99,504
"IN",469,99,505
"IN",469,508,544
"IN",469,358,366
"IN",469,358,382
"IN",469,479,528
"IN",469,480,528
"IN",469,488,528
"IN",469,493,528
"IN",469,479,529
"IN",469,480,529
"IN",469,488,529
"IN",469,493,529
"IN",469,493,531
"IN",469,479,532
"IN",469,480,532
"IN",469,488,532
"IN",469,493,532
"IN",469,479,533
"IN",469,480,533
"IN",469,488,533
"IN",469,493,533
"IN",469,479,535
"IN",469,480,535
"IN",469,488,535
"IN",469,493,538
"IN",469,481,539
"IN",469,356,381
"IN",469,356,378
"IN",469,491,537
"IN",469,493,537
"IN",469,358,379
"IN",469,508,545
"IN",469,508,548
"IN",469,508,549
"IN",470,95,295
"IN",470,95,112
"IN",470,95,126
"IN",470,99,358
"IN",470,98,358
"IN",470,97,358
"IN",470,97,351
"IN",470,358,376
"IN",470,358,377
"IN",470,358,368
"IN",470,358,367
"IN",470,358,378
"IN",470,358,374
"IN",470,358,369
"IN",470,358,365
"IN",470,358,381
"IN",470,358,380
"IN",470,358,370
"IN",470,98,470
"IN",470,98,445
"IN",470,99,412
"IN",470,94,445
"IN",470,94,429
"IN",470,94,457
"IN",470,94,438
"IN",470,96,445
"IN",470,96,438
"IN",470,95,469
"IN",470,95,445
"IN",470,95,422
"IN",470,95,438
"IN",470,99,508
"IN",470,95,196
"IN",470,95,514
"IN",470,95,516
"IN",470,95,523
"IN",470,99,495
"IN",470,99,496
"IN",470,99,497
"IN",470,99,498
"IN",470,99,499
"IN",470,99,500
"IN",470,99,501
"IN",470,99,502
"IN",470,99,503
"IN",470,99,504
"IN",470,99,505
"IN",470,508,544
"IN",470,358,366
"IN",470,358,382
"IN",470,477,527
"IN",470,487,527
"IN",470,489,527
"IN",470,490,527
"IN",470,477,540
"IN",470,487,540
"IN",470,489,540
"IN",470,490,540
"IN",470,477,541
"IN",470,487,541
"IN",470,489,541
"IN",470,490,541
"IN",470,350,365
"IN",470,508,546
"IN",470,358,379
"IN",470,508,545
"IN",470,508,548
"IN",470,508,549
"IN",471,95,295
"IN",471,95,112
"IN",471,95,126
"IN",471,99,358
"IN",471,98,358
"IN",471,97,358
"IN",471,97,351
"IN",471,358,376
"IN",471,358,377
"IN",471,358,368
"IN",471,358,367
"IN",471,358,378
"IN",471,358,374
"IN",471,358,369
"IN",471,358,365
"IN",471,358,381
"IN",471,358,380
"IN",471,358,370
"IN",471,98,470
"IN",471,98,445
"IN",471,99,412
"IN",471,94,445
"IN",471,94,429
"IN",471,94,457
"IN",471,94,438
"IN",471,96,445
"IN",471,96,438
"IN",471,95,469
"IN",471,95,445
"IN",471,95,422
"IN",471,95,438
"IN",471,99,508
"IN",471,95,196
"IN",471,95,514
"IN",471,95,516
"IN",471,95,523
"IN",471,99,495
"IN",471,99,496
"IN",471,99,497
"IN",471,99,498
"IN",471,99,499
"IN",471,99,500
"IN",471,99,501
"IN",471,99,502
"IN",471,99,503
"IN",471,99,504
"IN",471,99,505
"IN",471,352,375
"IN",471,508,544
"IN",471,352,365
"IN",471,358,366
"IN",471,358,382
"IN",471,477,527
"IN",471,487,527
"IN",471,489,527
"IN",471,490,527
"IN",471,479,528
"IN",471,480,528
"IN",471,488,528
"IN",471,493,528
"IN",471,479,529
"IN",471,480,529
"IN",471,488,529
"IN",471,493,529
"IN",471,493,531
"IN",471,479,532
"IN",471,480,532
"IN",471,488,532
"IN",471,493,532
"IN",471,479,533
"IN",471,480,533
"IN",471,488,533
"IN",471,493,533
"IN",471,479,535
"IN",471,480,535
"IN",471,488,535
"IN",471,493,538
"IN",471,477,540
"IN",471,487,540
"IN",471,489,540
"IN",471,490,540
"IN",471,477,541
"IN",471,487,541
"IN",471,489,541
"IN",471,490,541
"IN",471,356,381
"IN",471,352,376
"IN",471,356,378
"IN",471,508,547
"IN",471,358,379
"IN",471,492,530
"IN",471,508,545
"IN",471,508,549
"IN",471,360,365
"IN",471,360,376
"IN",472,95,295
"IN",472,95,112
"IN",472,95,126
"IN",472,99,358
"IN",472,98,358
"IN",472,97,358
"IN",472,97,351
"IN",472,358,376
"IN",472,358,377
"IN",472,358,368
"IN",472,358,367
"IN",472,358,378
"IN",472,358,374
"IN",472,358,369
"IN",472,358,365
"IN",472,358,381
"IN",472,358,380
"IN",472,358,370
"IN",472,98,470
"IN",472,98,445
"IN",472,99,412
"IN",472,94,445
"IN",472,94,429
"IN",472,94,457
"IN",472,94,438
"IN",472,96,445
"IN",472,96,438
"IN",472,95,469
"IN",472,95,445
"IN",472,95,422
"IN",472,95,438
"IN",472,99,508
"IN",472,95,196
"IN",472,95,514
"IN",472,95,516
"IN",472,95,523
"IN",472,99,495
"IN",472,99,496
"IN",472,99,497
"IN",472,99,498
"IN",472,99,499
"IN",472,99,500
"IN",472,99,501
"IN",472,99,502
"IN",472,99,503
"IN",472,99,504
"IN",472,99,505
"IN",472,358,366
"IN",472,358,382
"IN",472,479,528
"IN",472,480,528
"IN",472,488,528
"IN",472,493,528
"IN",472,494,528
"IN",472,479,529
"IN",472,480,529
"IN",472,488,529
"IN",472,493,529
"IN",472,494,529
"IN",472,493,531
"IN",472,494,531
"IN",472,479,532
"IN",472,480,532
"IN",472,488,532
"IN",472,493,532
"IN",472,494,532
"IN",472,479,533
"IN",472,480,533
"IN",472,488,533
"IN",472,493,533
"IN",472,494,533
"IN",472,479,535
"IN",472,480,535
"IN",472,488,535
"IN",472,493,538
"IN",472,494,538
"IN",472,356,381
"IN",472,356,378
"IN",472,350,365
"IN",472,508,546
"IN",472,358,379
"IN",472,508,545
"IN",472,508,549
"IN",472,478,534
"IN",472,478,540
"IN",472,478,542
"IN",472,478,543
"IN",472,360,365
"IN",472,360,376
"IN",473,95,295
"IN",473,95,112
"IN",473,95,126
"IN",473,99,358
"IN",473,98,358
"IN",473,97,358
"IN",473,97,351
"IN",473,358,376
"IN",473,358,377
"IN",473,358,368
"IN",473,358,367
"IN",473,358,378
"IN",473,358,374
"IN",473,358,369
"IN",473,358,365
"IN",473,358,381
"IN",473,358,380
"IN",473,358,370
"IN",473,98,470
"IN",473,98,445
"IN",473,99,412
"IN",473,94,445
"IN",473,94,429
"IN",473,94,457
"IN",473,94,438
"IN",473,96,445
"IN",473,96,438
"IN",473,95,469
"IN",473,95,445
"IN",473,95,422
"IN",473,95,438
"IN",473,99,508
"IN",473,95,196
"IN",473,95,514
"IN",473,95,516
"IN",473,95,523
"IN",473,99,495
"IN",473,99,496
"IN",473,99,497
"IN",473,99,498
"IN",473,99,499
"IN",473,99,500
"IN",473,99,501
"IN",473,99,502
"IN",473,99,503
"IN",473,99,504
"IN",473,99,505
"IN",473,338,380
"IN",473,338,372
"IN",473,358,366
"IN",473,358,382
"IN",473,477,527
"IN",473,487,527
"IN",473,489,527
"IN",473,490,527
"IN",473,481,539
"IN",473,477,540
"IN",473,487,540
"IN",473,489,540
"IN",473,490,540
"IN",473,477,541
"IN",473,487,541
"IN",473,489,541
"IN",473,490,541
"IN",473,356,381
"IN",473,356,378
"IN",473,350,365
"IN",473,358,379
"IN",473,508,545
"IN",473,508,548
"IN",473,508,549
"IN",473,364,365
"IN",474,95,295
"IN",474,95,112
"IN",474,95,126
"IN",474,99,358
"IN",474,98,358
"IN",474,97,358
"IN",474,97,351
"IN",474,358,376
"IN",474,358,377
"IN",474,358,368
"IN",474,358,367
"IN",474,358,378
"IN",474,358,374
"IN",474,358,369
"IN",474,358,365
"IN",474,358,381
"IN",474,358,380
"IN",474,358,370
"IN",474,98,470
"IN",474,98,445
"IN",474,99,412
"IN",474,94,445
"IN",474,94,429
"IN",474,94,457
"IN",474,94,438
"IN",474,96,445
"IN",474,96,438
"IN",474,95,469
"IN",474,95,445
"IN",474,95,422
"IN",474,95,438
"IN",474,99,508
"IN",474,95,196
"IN",474,95,514
"IN",474,95,516
"IN",474,95,523
"IN",474,99,495
"IN",474,99,496
"IN",474,99,497
"IN",474,99,498
"IN",474,99,499
"IN",474,99,500
"IN",474,99,501
"IN",474,99,502
"IN",474,99,503
"IN",474,99,504
"IN",474,99,505
"IN",474,508,544
"IN",474,358,366
"IN",474,358,382
"IN",474,477,527
"IN",474,487,527
"IN",474,489,527
"IN",474,490,527
"IN",474,479,528
"IN",474,480,528
"IN",474,488,528
"IN",474,493,528
"IN",474,479,529
"IN",474,480,529
"IN",474,488,529
"IN",474,493,529
"IN",474,493,531
"IN",474,479,532
"IN",474,480,532
"IN",474,488,532
"IN",474,493,532
"IN",474,479,533
"IN",474,480,533
"IN",474,488,533
"IN",474,493,533
"IN",474,479,535
"IN",474,480,535
"IN",474,488,535
"IN",474,493,538
"IN",474,477,540
"IN",474,487,540
"IN",474,489,540
"IN",474,490,540
"IN",474,477,541
"IN",474,487,541
"IN",474,489,541
"IN",474,490,541
"IN",474,356,381
"IN",474,356,378
"IN",474,508,545
"IN",474,508,547
"IN",474,508,550
"IN",474,358,379
"IN",474,508,546
"IN",474,508,549
"IN",474,478,534
"IN",474,478,540
"IN",474,478,542
"IN",474,478,543
"IN",475,95,295
"IN",475,95,112
"IN",475,95,126
"IN",475,99,358
"IN",475,98,358
"IN",475,97,358
"IN",475,97,351
"IN",475,358,376
"IN",475,358,377
"IN",475,358,368
"IN",475,358,367
"IN",475,358,378
"IN",475,358,374
"IN",475,358,369
"IN",475,358,365
"IN",475,358,381
"IN",475,358,380
"IN",475,358,370
"IN",475,98,470
"IN",475,98,445
"IN",475,99,412
"IN",475,94,445
"IN",475,94,429
"IN",475,94,457
"IN",475,94,438
"IN",475,96,445
"IN",475,96,438
"IN",475,95,469
"IN",475,95,445
"IN",475,95,422
"IN",475,95,438
"IN",475,99,508
"IN",475,95,196
"IN",475,95,514
"IN",475,95,516
"IN",475,95,523
"IN",475,99,495
"IN",475,99,496
"IN",475,99,497
"IN",475,99,498
"IN",475,99,499
"IN",475,99,500
"IN",475,99,501
"IN",475,99,502
"IN",475,99,503
"IN",475,99,504
"IN",475,99,505
"IN",475,508,544
"IN",475,358,366
"IN",475,358,382
"IN",475,477,527
"IN",475,487,527
"IN",475,489,527
"IN",475,490,527
"IN",475,479,528
"IN",475,480,528
"IN",475,488,528
"IN",475,493,528
"IN",475,479,529
"IN",475,480,529
"IN",475,488,529
"IN",475,493,529
"IN",475,493,531
"IN",475,479,532
"IN",475,480,532
"IN",475,488,532
"IN",475,493,532
"IN",475,479,533
"IN",475,480,533
"IN",475,488,533
"IN",475,493,533
"IN",475,479,535
"IN",475,480,535
"IN",475,488,535
"IN",475,493,538
"IN",475,477,540
"IN",475,487,540
"IN",475,489,540
"IN",475,490,540
"IN",475,477,541
"IN",475,487,541
"IN",475,489,541
"IN",475,490,541
"IN",475,350,365
"IN",475,508,550
"IN",475,347,376
"IN",475,358,379
"IN",475,508,546
"IN",475,508,545
"IN",475,508,549
"IN",475,492,536
"IN",475,364,365
"IN",476,95,295
"IN",476,95,112
"IN",476,95,126
"IN",476,99,358
"IN",476,98,358
"IN",476,97,358
"IN",476,97,351
"IN",476,358,376
"IN",476,358,377
"IN",476,358,368
"IN",476,358,367
"IN",476,358,378
"IN",476,358,374
"IN",476,358,369
"IN",476,358,365
"IN",476,358,381
"IN",476,358,380
"IN",476,358,370
"IN",476,98,470
"IN",476,98,445
"IN",476,99,412
"IN",476,94,445
"IN",476,94,429
"IN",476,94,457
"IN",476,94,438
"IN",476,96,445
"IN",476,96,438
"IN",476,95,469
"IN",476,95,445
"IN",476,95,422
"IN",476,95,438
"IN",476,99,508
"IN",476,95,196
"IN",476,95,514
"IN",476,95,516
"IN",476,95,523
"IN",476,99,495
"IN",476,99,496
"IN",476,99,497
"IN",476,99,498
"IN",476,99,499
"IN",476,99,500
"IN",476,99,501
"IN",476,99,502
"IN",476,99,503
"IN",476,99,504
"IN",476,99,505
"IN",476,508,544
"IN",476,358,366
"IN",476,358,382
"IN",476,477,527
"IN",476,484,527
"IN",476,487,527
"IN",476,489,527
"IN",476,490,527
"IN",476,477,540
"IN",476,484,540
"IN",476,487,540
"IN",476,489,540
"IN",476,490,540
"IN",476,477,541
"IN",476,484,541
"IN",476,487,541
"IN",476,489,541
"IN",476,490,541
"IN",476,356,381
"IN",476,356,378
"IN",476,358,379
"IN",476,508,546
"IN",476,492,530
"IN",476,484,534
"IN",476,484,542
"IN",476,484,543
"IN",476,508,545
"IN",476,508,549
"IN",476,478,534
"IN",476,492,536
"IN",476,478,540
"IN",476,478,542
"IN",476,478,543
"IN",477,95,295
"IN",477,95,112
"IN",477,95,126
"IN",477,99,358
"IN",477,98,358
"IN",477,97,358
"IN",477,97,351
"IN",477,358,376
"IN",477,358,377
"IN",477,358,368
"IN",477,358,367
"IN",477,358,378
"IN",477,358,374
"IN",477,358,369
"IN",477,358,365
"IN",477,358,381
"IN",477,358,380
"IN",477,358,370
"IN",477,98,470
"IN",477,98,445
"IN",477,99,412
"IN",477,94,445
"IN",477,94,429
"IN",477,94,457
"IN",477,94,438
"IN",477,96,445
"IN",477,96,438
"IN",477,95,469
"IN",477,95,445
"IN",477,95,422
"IN",477,95,438
"IN",477,99,508
"IN",477,95,196
"IN",477,95,514
"IN",477,95,516
"IN",477,95,523
"IN",477,99,495
"IN",477,99,496
"IN",477,99,497
"IN",477,99,498
"IN",477,99,499
"IN",477,99,500
"IN",477,99,501
"IN",477,99,502
"IN",477,99,503
"IN",477,99,504
"IN",477,99,505
"IN",477,508,544
"IN",477,358,366
"IN",477,358,382
"IN",477,477,527
"IN",477,487,527
"IN",477,489,527
"IN",477,490,527
"IN",477,481,539
"IN",477,477,540
"IN",477,487,540
"IN",477,489,540
"IN",477,490,540
"IN",477,477,541
"IN",477,487,541
"IN",477,489,541
"IN",477,490,541
"IN",477,356,381
"IN",477,356,378
"IN",477,350,365
"IN",477,508,547
"IN",477,358,379
"IN",477,508,546
"IN",477,492,530
"IN",477,508,545
"IN",477,508,548
"IN",477,508,549
"IN",477,478,534
"IN",477,492,536
"IN",477,478,540
"IN",477,478,542
"IN",477,478,543
"IN",477,360,365
"IN",477,360,376
"IN",478,95,295
"IN",478,95,112
"IN",478,95,126
"IN",478,99,358
"IN",478,98,358
"IN",478,97,358
"IN",478,97,351
"IN",478,358,376
"IN",478,358,377
"IN",478,358,368
"IN",478,358,367
"IN",478,358,378
"IN",478,358,374
"IN",478,358,369
"IN",478,358,365
"IN",478,358,381
"IN",478,358,380
"IN",478,358,370
"IN",478,98,470
"IN",478,98,445
"IN",478,99,412
"IN",478,94,445
"IN",478,94,429
"IN",478,94,457
"IN",478,94,438
"IN",478,96,445
"IN",478,96,438
"IN",478,95,469
"IN",478,95,445
"IN",478,95,422
"IN",478,95,438
"IN",478,99,508
"IN",478,95,196
"IN",478,95,514
"IN",478,95,516
"IN",478,95,523
"IN",478,99,495
"IN",478,99,496
"IN",478,99,497
"IN",478,99,498
"IN",478,99,499
"IN",478,99,500
"IN",478,99,501
"IN",478,99,502
"IN",478,99,503
"IN",478,99,504
"IN",478,99,505
"IN",478,352,375
"IN",478,352,365
"IN",478,358,366
"IN",478,358,382
"IN",478,479,528
"IN",478,480,528
"IN",478,488,528
"IN",478,493,528
"IN",478,479,529
"IN",478,480,529
"IN",478,488,529
"IN",478,493,529
"IN",478,493,531
"IN",478,479,532
"IN",478,480,532
"IN",478,488,532
"IN",478,493,532
"IN",478,479,533
"IN",478,480,533
"IN",478,488,533
"IN",478,493,533
"IN",478,479,535
"IN",478,480,535
"IN",478,488,535
"IN",478,493,538
"IN",478,481,539
"IN",478,356,381
"IN",478,352,376
"IN",478,356,378
"IN",478,508,546
"IN",478,358,379
"IN",478,508,545
"IN",478,508,548
"IN",478,478,534
"IN",478,478,540
"IN",478,478,542
"IN",478,478,543
"IN",479,95,295
"IN",479,95,112
"IN",479,95,126
"IN",479,99,358
"IN",479,98,358
"IN",479,97,358
"IN",479,97,351
"IN",479,358,376
"IN",479,358,377
"IN",479,358,368
"IN",479,358,367
"IN",479,358,378
"IN",479,358,374
"IN",479,358,369
"IN",479,358,365
"IN",479,358,381
"IN",479,358,380
"IN",479,358,370
"IN",479,98,470
"IN",479,98,445
"IN",479,99,412
"IN",479,94,445
"IN",479,94,429
"IN",479,94,457
"IN",479,94,438
"IN",479,96,445
"IN",479,96,438
"IN",479,95,469
"IN",479,95,445
"IN",479,95,422
"IN",479,95,438
"IN",479,99,508
"IN",479,95,196
"IN",479,95,514
"IN",479,95,516
"IN",479,95,523
"IN",479,99,495
"IN",479,99,496
"IN",479,99,497
"IN",479,99,498
"IN",479,99,499
"IN",479,99,500
"IN",479,99,501
"IN",479,99,502
"IN",479,99,503
"IN",479,99,504
"IN",479,99,505
"IN",479,352,375
"IN",479,508,544
"IN",479,352,365
"IN",479,358,366
"IN",479,358,382
"IN",479,477,527
"IN",479,487,527
"IN",479,489,527
"IN",479,490,527
"IN",479,481,539
"IN",479,477,540
"IN",479,487,540
"IN",479,489,540
"IN",479,490,540
"IN",479,477,541
"IN",479,487,541
"IN",479,489,541
"IN",479,490,541
"IN",479,356,381
"IN",479,352,376
"IN",479,356,378
"IN",479,350,365
"IN",479,491,537
"IN",479,508,545
"IN",479,508,546
"IN",479,347,376
"IN",479,358,379
"IN",480,95,295
"IN",480,95,112
"IN",480,95,126
"IN",480,99,358
"IN",480,98,358
"IN",480,97,358
"IN",480,97,351
"IN",480,358,376
"IN",480,358,377
"IN",480,358,368
"IN",480,358,367
"IN",480,358,378
"IN",480,358,374
"IN",480,358,369
"IN",480,358,365
"IN",480,358,381
"IN",480,358,380
"IN",480,358,370
"IN",480,98,470
"IN",480,98,445
"IN",480,99,412
"IN",480,94,445
"IN",480,94,429
"IN",480,94,457
"IN",480,94,438
"IN",480,96,445
"IN",480,96,438
"IN",480,95,469
"IN",480,95,445
"IN",480,95,422
"IN",480,95,438
"IN",480,99,508
"IN",480,95,196
"IN",480,95,514
"IN",480,95,516
"IN",480,95,523
"IN",480,99,495
"IN",480,99,496
"IN",480,99,497
"IN",480,99,498
"IN",480,99,499
"IN",480,99,500
"IN",480,99,501
"IN",480,99,502
"IN",480,99,503
"IN",480,99,504
"IN",480,99,505
"IN",480,508,544
"IN",480,358,366
"IN",480,358,382
"IN",480,477,527
"IN",480,487,527
"IN",480,489,527
"IN",480,490,527
"IN",480,479,528
"IN",480,480,528
"IN",480,488,528
"IN",480,479,529
"IN",480,480,529
"IN",480,488,529
"IN",480,479,532
"IN",480,480,532
"IN",480,488,532
"IN",480,479,533
"IN",480,480,533
"IN",480,488,533
"IN",480,479,535
"IN",480,480,535
"IN",480,488,535
"IN",480,481,539
"IN",480,477,540
"IN",480,487,540
"IN",480,489,540
"IN",480,490,540
"IN",480,477,541
"IN",480,487,541
"IN",480,489,541
"IN",480,490,541
"IN",480,356,381
"IN",480,356,378
"IN",480,491,537
"IN",480,508,545
"IN",480,508,546
"IN",480,508,547
"IN",480,508,550
"IN",480,358,379
"IN",480,478,534
"IN",480,492,536
"IN",480,478,540
"IN",480,478,542
"IN",480,478,543
"IN",481,95,295
"IN",481,95,112
"IN",481,95,126
"IN",481,99,358
"IN",481,98,358
"IN",481,97,358
"IN",481,97,351
"IN",481,358,376
"IN",481,358,377
"IN",481,358,368
"IN",481,358,367
"IN",481,358,378
"IN",481,358,374
"IN",481,358,369
"IN",481,358,365
"IN",481,358,381
"IN",481,358,380
"IN",481,358,370
"IN",481,98,470
"IN",481,98,445
"IN",481,99,412
"IN",481,94,445
"IN",481,94,429
"IN",481,94,457
"IN",481,94,438
"IN",481,96,445
"IN",481,96,438
"IN",481,95,469
"IN",481,95,445
"IN",481,95,422
"IN",481,95,438
"IN",481,99,508
"IN",481,95,196
"IN",481,95,514
"IN",481,95,516
"IN",481,95,523
"IN",481,99,495
"IN",481,99,496
"IN",481,99,497
"IN",481,99,498
"IN",481,99,499
"IN",481,99,500
"IN",481,99,501
"IN",481,99,502
"IN",481,99,503
"IN",481,99,504
"IN",481,99,505
"IN",481,508,544
"IN",481,358,366
"IN",481,358,382
"IN",481,477,527
"IN",481,487,527
"IN",481,489,527
"IN",481,490,527
"IN",481,479,528
"IN",481,480,528
"IN",481,488,528
"IN",481,479,529
"IN",481,480,529
"IN",481,488,529
"IN",481,479,532
"IN",481,480,532
"IN",481,488,532
"IN",481,479,533
"IN",481,480,533
"IN",481,488,533
"IN",481,479,535
"IN",481,480,535
"IN",481,488,535
"IN",481,477,540
"IN",481,487,540
"IN",481,489,540
"IN",481,490,540
"IN",481,477,541
"IN",481,487,541
"IN",481,489,541
"IN",481,490,541
"IN",481,356,381
"IN",481,356,378
"IN",481,350,365
"IN",481,491,537
"IN",481,358,379
"IN",481,508,545
"IN",481,508,548
"IN",481,508,549
"IN",481,364,365
"IN",481,360,365
"IN",481,360,376
"IN",482,95,295
"IN",482,95,112
"IN",482,95,126
"IN",482,99,358
"IN",482,98,358
"IN",482,97,358
"IN",482,97,351
"IN",482,358,376
"IN",482,358,377
"IN",482,358,368
"IN",482,358,367
"IN",482,358,378
"IN",482,358,374
"IN",482,358,369
"IN",482,358,365
"IN",482,358,381
"IN",482,358,380
"IN",482,358,370
"IN",482,98,470
"IN",482,98,445
"IN",482,99,412
"IN",482,94,445
"IN",482,94,429
"IN",482,94,457
"IN",482,94,438
"IN",482,96,445
"IN",482,96,438
"IN",482,95,469
"IN",482,95,445
"IN",482,95,422
"IN",482,95,438
"IN",482,99,508
"IN",482,95,196
"IN",482,95,514
"IN",482,95,516
"IN",482,95,523
"IN",482,99,495
"IN",482,99,496
"IN",482,99,497
"IN",482,99,498
"IN",482,99,499
"IN",482,99,500
"IN",482,99,501
"IN",482,99,502
"IN",482,99,503
"IN",482,99,504
"IN",482,99,505
"IN",482,352,375
"IN",482,508,544
"IN",482,352,365
"IN",482,358,366
"IN",482,358,382
"IN",482,477,527
"IN",482,487,527
"IN",482,489,527
"IN",482,490,527
"IN",482,479,528
"IN",482,480,528
"IN",482,488,528
"IN",482,493,528
"IN",482,494,528
"IN",482,479,529
"IN",482,480,529
"IN",482,488,529
"IN",482,493,529
"IN",482,494,529
"IN",482,493,531
"IN",482,494,531
"IN",482,479,532
"IN",482,480,532
"IN",482,488,532
"IN",482,493,532
"IN",482,494,532
"IN",482,479,533
"IN",482,480,533
"IN",482,488,533
"IN",482,493,533
"IN",482,494,533
"IN",482,493,538
"IN",482,494,538
"IN",482,477,540
"IN",482,487,540
"IN",482,489,540
"IN",482,490,540
"IN",482,477,541
"IN",482,487,541
"IN",482,489,541
"IN",482,490,541
"IN",482,356,381
"IN",482,352,376
"IN",482,356,378
"IN",482,350,365
"IN",482,491,537
"IN",482,493,537
"IN",482,508,545
"IN",482,347,376
"IN",482,358,379
"IN",482,494,530
"IN",482,508,549
"IN",483,95,295
"IN",483,95,112
"IN",483,95,126
"IN",483,99,358
"IN",483,98,358
"IN",483,97,358
"IN",483,97,351
"IN",483,358,376
"IN",483,358,377
"IN",483,358,368
"IN",483,358,367
"IN",483,358,378
"IN",483,358,374
"IN",483,358,369
"IN",483,358,365
"IN",483,358,381
"IN",483,358,380
"IN",483,358,370
"IN",483,98,470
"IN",483,98,445
"IN",483,99,412
"IN",483,94,445
"IN",483,94,429
"IN",483,94,457
"IN",483,94,438
"IN",483,96,445
"IN",483,96,438
"IN",483,95,469
"IN",483,95,445
"IN",483,95,422
"IN",483,95,438
"IN",483,99,508
"IN",483,95,196
"IN",483,95,514
"IN",483,95,516
"IN",483,95,523
"IN",483,99,495
"IN",483,99,496
"IN",483,99,497
"IN",483,99,498
"IN",483,99,499
"IN",483,99,500
"IN",483,99,501
"IN",483,99,502
"IN",483,99,503
"IN",483,99,504
"IN",483,99,505
"IN",483,358,366
"IN",483,358,382
"IN",483,479,528
"IN",483,480,528
"IN",483,488,528
"IN",483,493,528
"IN",483,494,528
"IN",483,479,529
"IN",483,480,529
"IN",483,488,529
"IN",483,493,529
"IN",483,494,529
"IN",483,493,531
"IN",483,494,531
"IN",483,479,532
"IN",483,480,532
"IN",483,488,532
"IN",483,493,532
"IN",483,494,532
"IN",483,479,533
"IN",483,480,533
"IN",483,488,533
"IN",483,493,533
"IN",483,494,533
"IN",483,479,535
"IN",483,480,535
"IN",483,488,535
"IN",483,493,538
"IN",483,494,538
"IN",483,358,379
"IN",483,508,548
"IN",483,508,549
"IN",484,95,295
"IN",484,95,112
"IN",484,95,126
"IN",484,99,358
"IN",484,98,358
"IN",484,97,358
"IN",484,97,351
"IN",484,358,376
"IN",484,358,377
"IN",484,358,368
"IN",484,358,367
"IN",484,358,378
"IN",484,358,374
"IN",484,358,369
"IN",484,358,365
"IN",484,358,381
"IN",484,358,380
"IN",484,358,370
"IN",484,98,470
"IN",484,98,445
"IN",484,99,412
"IN",484,94,445
"IN",484,94,429
"IN",484,94,457
"IN",484,94,438
"IN",484,96,445
"IN",484,96,438
"IN",484,95,469
"IN",484,95,445
"IN",484,95,422
"IN",484,95,438
"IN",484,99,508
"IN",484,95,196
"IN",484,95,514
"IN",484,95,516
"IN",484,95,523
"IN",484,99,495
"IN",484,99,496
"IN",484,99,497
"IN",484,99,498
"IN",484,99,499
"IN",484,99,500
"IN",484,99,501
"IN",484,99,502
"IN",484,99,503
"IN",484,99,504
"IN",484,99,505
"IN",484,338,380
"IN",484,338,372
"IN",484,508,544
"IN",484,358,366
"IN",484,358,382
"IN",484,477,527
"IN",484,487,527
"IN",484,489,527
"IN",484,490,527
"IN",484,479,528
"IN",484,480,528
"IN",484,488,528
"IN",484,493,528
"IN",484,479,529
"IN",484,480,529
"IN",484,488,529
"IN",484,493,529
"IN",484,493,531
"IN",484,479,532
"IN",484,480,532
"IN",484,488,532
"IN",484,493,532
"IN",484,479,533
"IN",484,480,533
"IN",484,488,533
"IN",484,493,533
"IN",484,493,538
"IN",484,477,540
"IN",484,487,540
"IN",484,489,540
"IN",484,490,540
"IN",484,477,541
"IN",484,487,541
"IN",484,489,541
"IN",484,490,541
"IN",484,356,381
"IN",484,356,378
"IN",484,350,365
"IN",484,508,547
"IN",484,358,379
"IN",484,508,549
"IN",485,95,295
"IN",485,95,112
"IN",485,95,126
"IN",485,99,358
"IN",485,98,358
"IN",485,97,358
"IN",485,97,351
"IN",485,358,376
"IN",485,358,377
"IN",485,358,368
"IN",485,358,367
"IN",485,358,378
"IN",485,358,374
"IN",485,358,369
"IN",485,358,365
"IN",485,358,381
"IN",485,358,380
"IN",485,358,370
"IN",485,98,470
"IN",485,98,445
"IN",485,99,412
"IN",485,94,445
"IN",485,94,429
"IN",485,94,457
"IN",485,94,438
"IN",485,96,445
"IN",485,96,438
"IN",485,95,469
"IN",485,95,445
"IN",485,95,422
"IN",485,95,438
"IN",485,99,508
"IN",485,95,196
"IN",485,95,514
"IN",485,95,516
"IN",485,95,523
"IN",485,99,495
"IN",485,99,496
"IN",485,99,497
"IN",485,99,498
"IN",485,99,499
"IN",485,99,500
"IN",485,99,501
"IN",485,99,502
"IN",485,99,503
"IN",485,99,504
"IN",485,99,505
"IN",485,508,544
"IN",485,358,366
"IN",485,358,382
"IN",485,350,365
"IN",485,508,546
"IN",485,358,379
"IN",485,508,545
"IN",485,508,549
"IN",486,95,295
"IN",486,95,112
"IN",486,95,126
"IN",486,99,358
"IN",486,98,358
"IN",486,97,358
"IN",486,97,351
"IN",486,358,376
"IN",486,358,377
"IN",486,358,368
"IN",486,358,367
"IN",486,358,378
"IN",486,358,374
"IN",486,358,369
"IN",486,358,365
"IN",486,358,381
"IN",486,358,380
"IN",486,358,370
"IN",486,98,470
"IN",486,98,445
"IN",486,99,412
"IN",486,94,445
"IN",486,94,429
"IN",486,94,457
"IN",486,94,438
"IN",486,96,445
"IN",486,96,438
"IN",486,95,469
"IN",486,95,445
"IN",486,95,422
"IN",486,95,438
"IN",486,99,508
"IN",486,95,196
"IN",486,95,514
"IN",486,95,516
"IN",486,95,523
"IN",486,99,495
"IN",486,99,496
"IN",486,99,497
"IN",486,99,498
"IN",486,99,499
"IN",486,99,500
"IN",486,99,501
"IN",486,99,502
"IN",486,99,503
"IN",486,99,504
"IN",486,99,505
"IN",486,352,375
"IN",486,508,544
"IN",486,352,365
"IN",486,358,366
"IN",486,358,382
"IN",486,477,527
"IN",486,484,527
"IN",486,487,527
"IN",486,489,527
"IN",486,490,527
"IN",486,479,528
"IN",486,480,528
"IN",486,488,528
"IN",486,493,528
"IN",486,479,529
"IN",486,480,529
"IN",486,488,529
"IN",486,493,529
"IN",486,493,531
"IN",486,479,532
"IN",486,480,532
"IN",486,488,532
"IN",486,493,532
"IN",486,479,533
"IN",486,480,533
"IN",486,488,533
"IN",486,493,533
"IN",486,479,535
"IN",486,480,535
"IN",486,488,535
"IN",486,493,538
"IN",486,477,540
"IN",486,484,540
"IN",486,487,540
"IN",486,489,540
"IN",486,490,540
"IN",486,477,541
"IN",486,484,541
"IN",486,487,541
"IN",486,489,541
"IN",486,490,541
"IN",486,356,381
"IN",486,352,376
"IN",486,356,378
"IN",486,508,546
"IN",486,347,376
"IN",486,358,379
"IN",486,484,534
"IN",486,484,542
"IN",486,484,543
"IN",486,508,545
"IN",486,508,549
"IN",486,478,534
"IN",486,478,540
"IN",486,478,542
"IN",486,478,543
"IN",487,95,295
"IN",487,95,112
"IN",487,95,126
"IN",487,99,358
"IN",487,98,358
"IN",487,97,358
"IN",487,97,351
"IN",487,358,376
"IN",487,358,377
"IN",487,358,368
"IN",487,358,367
"IN",487,358,378
"IN",487,358,374
"IN",487,358,369
"IN",487,358,365
"IN",487,358,381
"IN",487,358,380
"IN",487,358,370
"IN",487,98,470
"IN",487,98,445
"IN",487,99,412
"IN",487,94,445
"IN",487,94,429
"IN",487,94,457
"IN",487,94,438
"IN",487,96,445
"IN",487,96,438
"IN",487,95,469
"IN",487,95,445
"IN",487,95,422
"IN",487,95,438
"IN",487,99,508
"IN",487,95,196
"IN",487,95,514
"IN",487,95,516
"IN",487,95,523
"IN",487,99,495
"IN",487,99,496
"IN",487,99,497
"IN",487,99,498
"IN",487,99,499
"IN",487,99,500
"IN",487,99,501
"IN",487,99,502
"IN",487,99,503
"IN",487,99,504
"IN",487,99,505
"IN",487,352,375
"IN",487,508,544
"IN",487,352,365
"IN",487,358,366
"IN",487,358,382
"IN",487,477,527
"IN",487,487,527
"IN",487,489,527
"IN",487,490,527
"IN",487,479,528
"IN",487,480,528
"IN",487,488,528
"IN",487,479,529
"IN",487,480,529
"IN",487,488,529
"IN",487,479,532
"IN",487,480,532
"IN",487,488,532
"IN",487,479,533
"IN",487,480,533
"IN",487,488,533
"IN",487,479,535
"IN",487,480,535
"IN",487,488,535
"IN",487,477,540
"IN",487,487,540
"IN",487,489,540
"IN",487,490,540
"IN",487,477,541
"IN",487,487,541
"IN",487,489,541
"IN",487,490,541
"IN",487,352,376
"IN",487,508,545
"IN",487,358,379
"IN",487,478,534
"IN",487,478,540
"IN",487,478,542
"IN",487,478,543
"IN",487,360,365
"IN",487,360,376
"IN",488,95,295
"IN",488,95,112
"IN",488,95,126
"IN",488,99,358
"IN",488,98,358
"IN",488,97,358
"IN",488,97,351
"IN",488,358,376
"IN",488,358,377
"IN",488,358,368
"IN",488,358,367
"IN",488,358,378
"IN",488,358,374
"IN",488,358,369
"IN",488,358,365
"IN",488,358,381
"IN",488,358,380
"IN",488,358,370
"IN",488,98,470
"IN",488,98,445
"IN",488,99,412
"IN",488,94,445
"IN",488,94,429
"IN",488,94,457
"IN",488,94,438
"IN",488,96,445
"IN",488,96,438
"IN",488,95,469
"IN",488,95,445
"IN",488,95,422
"IN",488,95,438
"IN",488,99,508
"IN",488,95,196
"IN",488,95,514
"IN",488,95,516
"IN",488,95,523
"IN",488,99,495
"IN",488,99,496
"IN",488,99,497
"IN",488,99,498
"IN",488,99,499
"IN",488,99,500
"IN",488,99,501
"IN",488,99,502
"IN",488,99,503
"IN",488,99,504
"IN",488,99,505
"IN",488,352,375
"IN",488,508,544
"IN",488,352,365
"IN",488,358,366
"IN",488,358,382
"IN",488,477,527
"IN",488,487,527
"IN",488,489,527
"IN",488,490,527
"IN",488,479,528
"IN",488,480,528
"IN",488,488,528
"IN",488,493,528
"IN",488,479,529
"IN",488,480,529
"IN",488,488,529
"IN",488,493,529
"IN",488,493,531
"IN",488,479,532
"IN",488,480,532
"IN",488,488,532
"IN",488,493,532
"IN",488,479,533
"IN",488,480,533
"IN",488,488,533
"IN",488,493,533
"IN",488,479,535
"IN",488,480,535
"IN",488,488,535
"IN",488,493,538
"IN",488,477,540
"IN",488,487,540
"IN",488,489,540
"IN",488,490,540
"IN",488,477,541
"IN",488,487,541
"IN",488,489,541
"IN",488,490,541
"IN",488,356,381
"IN",488,352,376
"IN",488,356,378
"IN",488,350,365
"IN",488,347,376
"IN",488,358,379
"IN",488,508,545
"IN",488,364,365
"IN",489,95,295
"IN",489,95,112
"IN",489,95,126
"IN",489,99,358
"IN",489,98,358
"IN",489,97,358
"IN",489,97,351
"IN",489,358,376
"IN",489,358,377
"IN",489,358,368
"IN",489,358,367
"IN",489,358,378
"IN",489,358,374
"IN",489,358,369
"IN",489,358,365
"IN",489,358,381
"IN",489,358,380
"IN",489,358,370
"IN",489,98,470
"IN",489,98,445
"IN",489,99,412
"IN",489,94,445
"IN",489,94,429
"IN",489,94,457
"IN",489,94,438
"IN",489,96,445
"IN",489,96,438
"IN",489,95,469
"IN",489,95,445
"IN",489,95,422
"IN",489,95,438
"IN",489,99,508
"IN",489,95,196
"IN",489,95,514
"IN",489,95,516
"IN",489,95,523
"IN",489,99,495
"IN",489,99,496
"IN",489,99,497
"IN",489,99,498
"IN",489,99,499
"IN",489,99,500
"IN",489,99,501
"IN",489,99,502
"IN",489,99,503
"IN",489,99,504
"IN",489,99,505
"IN",489,352,375
"IN",489,508,544
"IN",489,352,365
"IN",489,358,366
"IN",489,358,382
"IN",489,479,528
"IN",489,480,528
"IN",489,488,528
"IN",489,479,529
"IN",489,480,529
"IN",489,488,529
"IN",489,479,532
"IN",489,480,532
"IN",489,488,532
"IN",489,479,533
"IN",489,480,533
"IN",489,488,533
"IN",489,352,376
"IN",489,350,365
"IN",489,358,379
"IN",489,508,545
"IN",489,492,530
"IN",489,508,548
"IN",490,95,295
"IN",490,95,112
"IN",490,95,126
"IN",490,99,358
"IN",490,98,358
"IN",490,97,358
"IN",490,97,351
"IN",490,358,376
"IN",490,358,377
"IN",490,358,368
"IN",490,358,367
"IN",490,358,378
"IN",490,358,374
"IN",490,358,369
"IN",490,358,365
"IN",490,358,381
"IN",490,358,380
"IN",490,358,370
"IN",490,98,470
"IN",490,98,445
"IN",490,99,412
"IN",490,94,445
"IN",490,94,429
"IN",490,94,457
"IN",490,94,438
"IN",490,96,445
"IN",490,96,438
"IN",490,95,469
"IN",490,95,445
"IN",490,95,422
"IN",490,95,438
"IN",490,99,508
"IN",490,95,196
"IN",490,95,514
"IN",490,95,516
"IN",490,95,523
"IN",490,99,495
"IN",490,99,496
"IN",490,99,497
"IN",490,99,498
"IN",490,99,499
"IN",490,99,500
"IN",490,99,501
"IN",490,99,502
"IN",490,99,503
"IN",490,99,504
"IN",490,99,505
"IN",490,352,375
"IN",490,508,544
"IN",490,352,365
"IN",490,358,366
"IN",490,358,382
"IN",490,477,527
"IN",490,487,527
"IN",490,489,527
"IN",490,490,527
"IN",490,477,540
"IN",490,487,540
"IN",490,489,540
"IN",490,490,540
"IN",490,477,541
"IN",490,487,541
"IN",490,489,541
"IN",490,490,541
"IN",490,356,381
"IN",490,352,376
"IN",490,356,378
"IN",490,350,365
"IN",490,358,379
"IN",490,508,545
"IN",490,508,548
"IN",490,478,534
"IN",490,478,540
"IN",490,478,542
"IN",490,478,543
"IN",490,364,365
"IN",491,95,295
"IN",491,95,112
"IN",491,95,126
"IN",491,99,358
"IN",491,98,358
"IN",491,97,358
"IN",491,97,351
"IN",491,358,376
"IN",491,358,377
"IN",491,358,368
"IN",491,358,367
"IN",491,358,378
"IN",491,358,374
"IN",491,358,369
"IN",491,358,365
"IN",491,358,381
"IN",491,358,380
"IN",491,358,370
"IN",491,98,470
"IN",491,98,445
"IN",491,99,412
"IN",491,94,445
"IN",491,94,429
"IN",491,94,457
"IN",491,94,438
"IN",491,96,445
"IN",491,96,438
"IN",491,95,469
"IN",491,95,445
"IN",491,95,422
"IN",491,95,438
"IN",491,99,508
"IN",491,95,196
"IN",491,95,514
"IN",491,95,516
"IN",491,95,523
"IN",491,99,495
"IN",491,99,496
"IN",491,99,497
"IN",491,99,498
"IN",491,99,499
"IN",491,99,500
"IN",491,99,501
"IN",491,99,502
"IN",491,99,503
"IN",491,99,504
"IN",491,99,505
"IN",491,358,366
"IN",491,358,382
"IN",491,479,528
"IN",491,480,528
"IN",491,488,528
"IN",491,493,528
"IN",491,479,529
"IN",491,480,529
"IN",491,488,529
"IN",491,493,529
"IN",491,493,531
"IN",491,479,532
"IN",491,480,532
"IN",491,488,532
"IN",491,493,532
"IN",491,479,533
"IN",491,480,533
"IN",491,488,533
"IN",491,493,533
"IN",491,479,535
"IN",491,480,535
"IN",491,488,535
"IN",491,493,538
"IN",491,356,381
"IN",491,356,378
"IN",491,508,545
"IN",491,508,547
"IN",491,347,376
"IN",491,358,379
"IN",491,508,548
"IN",491,478,534
"IN",491,478,540
"IN",491,478,542
"IN",491,478,543
"IN",491,364,365
"IN",492,95,295
"IN",492,95,112
"IN",492,95,126
"IN",492,99,358
"IN",492,98,358
"IN",492,97,358
"IN",492,97,351
"IN",492,358,376
"IN",492,358,377
"IN",492,358,368
"IN",492,358,367
"IN",492,358,378
"IN",492,358,374
"IN",492,358,369
"IN",492,358,365
"IN",492,358,381
"IN",492,358,380
"IN",492,358,370
"IN",492,98,470
"IN",492,98,445
"IN",492,99,412
"IN",492,94,445
"IN",492,94,429
"IN",492,94,457
"IN",492,94,438
"IN",492,96,445
"IN",492,96,438
"IN",492,95,469
"IN",492,95,445
"IN",492,95,422
"IN",492,95,438
"IN",492,99,508
"IN",492,95,196
"IN",492,95,514
"IN",492,95,516
"IN",492,95,523
"IN",492,99,495
"IN",492,99,496
"IN",492,99,497
"IN",492,99,498
"IN",492,99,499
"IN",492,99,500
"IN",492,99,501
"IN",492,99,502
"IN",492,99,503
"IN",492,99,504
"IN",492,99,505
"IN",492,352,375
"IN",492,338,380
"IN",492,338,372
"IN",492,508,544
"IN",492,352,365
"IN",492,358,366
"IN",492,358,382
"IN",492,477,527
"IN",492,487,527
"IN",492,489,527
"IN",492,490,527
"IN",492,481,539
"IN",492,477,540
"IN",492,487,540
"IN",492,489,540
"IN",492,490,540
"IN",492,477,541
"IN",492,487,541
"IN",492,489,541
"IN",492,490,541
"IN",492,356,381
"IN",492,352,376
"IN",492,356,378
"IN",492,350,365
"IN",492,508,550
"IN",492,347,376
"IN",492,358,379
"IN",492,508,545
"IN",492,508,549
"IN",492,478,534
"IN",492,478,540
"IN",492,478,542
"IN",492,478,543
"IN",493,95,295
"IN",493,95,112
"IN",493,95,126
"IN",493,99,358
"IN",493,98,358
"IN",493,97,358
"IN",493,97,351
"IN",493,358,376
"IN",493,358,377
"IN",493,358,368
"IN",493,358,367
"IN",493,358,378
"IN",493,358,374
"IN",493,358,369
"IN",493,358,365
"IN",493,358,381
"IN",493,358,380
"IN",493,358,370
"IN",493,98,470
"IN",493,98,445
"IN",493,99,412
"IN",493,94,445
"IN",493,94,429
"IN",493,94,457
"IN",493,94,438
"IN",493,96,445
"IN",493,96,438
"IN",493,95,469
"IN",493,95,445
"IN",493,95,422
"IN",493,95,438
"IN",493,99,508
"IN",493,95,196
"IN",493,95,514
"IN",493,95,516
"IN",493,95,523
"IN",493,99,495
"IN",493,99,496
"IN",493,99,497
"IN",493,99,498
"IN",493,99,499
"IN",493,99,500
"IN",493,99,501
"IN",493,99,502
"IN",493,99,503
"IN",493,99,504
"IN",493,99,505
"IN",493,338,380
"IN",493,338,372
"IN",493,358,366
"IN",493,358,382
"IN",493,477,527
"IN",493,487,527
"IN",493,489,527
"IN",493,490,527
"IN",493,477,540
"IN",493,487,540
"IN",493,489,540
"IN",493,490,540
"IN",493,477,541
"IN",493,487,541
"IN",493,489,541
"IN",493,490,541
"IN",493,350,365
"IN",493,508,546
"IN",493,358,379
"IN",493,508,548
"IN",493,364,365
"IN",494,95,295
"IN",494,95,112
"IN",494,95,126
"IN",494,99,358
"IN",494,98,358
"IN",494,97,358
"IN",494,97,351
"IN",494,358,376
"IN",494,358,377
"IN",494,358,368
"IN",494,358,367
"IN",494,358,378
"IN",494,358,374
"IN",494,358,369
"IN",494,358,365
"IN",494,358,381
"IN",494,358,380
"IN",494,358,370
"IN",494,98,470
"IN",494,98,445
"IN",494,99,412
"IN",494,94,445
"IN",494,94,429
"IN",494,94,457
"IN",494,94,438
"IN",494,96,445
"IN",494,96,438
"IN",494,95,469
"IN",494,95,445
"IN",494,95,422
"IN",494,95,438
"IN",494,99,508
"IN",494,95,196
"IN",494,95,514
"IN",494,95,516
"IN",494,95,523
"IN",494,99,495
"IN",494,99,496
"IN",494,99,497
"IN",494,99,498
"IN",494,99,499
"IN",494,99,500
"IN",494,99,501
"IN",494,99,502
"IN",494,99,503
"IN",494,99,504
"IN",494,99,505
"IN",494,358,366
"IN",494,358,382
"IN",494,479,528
"IN",494,480,528
"IN",494,488,528
"IN",494,479,529
"IN",494,480,529
"IN",494,488,529
"IN",494,479,532
"IN",494,480,532
"IN",494,488,532
"IN",494,479,533
"IN",494,480,533
"IN",494,488,533
"IN",494,356,381
"IN",494,356,378
"IN",494,350,365
"IN",494,508,546
"IN",494,358,379
"IN",494,508,549
"IN",495,95,295
"IN",495,95,112
"IN",495,95,126
"IN",495,99,358
"IN",495,98,358
"IN",495,97,358
"IN",495,97,351
"IN",495,358,376
"IN",495,358,377
"IN",495,358,368
"IN",495,358,367
"IN",495,358,378
"IN",495,358,374
"IN",495,358,369
"IN",495,358,365
"IN",495,358,381
"IN",495,358,380
"IN",495,358,370
"IN",495,98,470
"IN",495,98,445
"IN",495,99,412
"IN",495,94,445
"IN",495,94,429
"IN",495,94,457
"IN",495,94,438
"IN",495,96,445
"IN",495,96,438
"IN",495,95,469
"IN",495,95,445
"IN",495,95,422
"IN",495,95,438
"IN",495,99,508
"IN",495,95,196
"IN",495,95,514
"IN",495,95,516
"IN",495,95,523
"IN",495,99,495
"IN",495,99,496
"IN",495,99,497
"IN",495,99,498
"IN",495,99,499
"IN",495,99,500
"IN",495,99,501
"IN",495,99,502
"IN",495,99,503
"IN",495,99,504
"IN",495,99,505
"IN",495,352,375
"IN",495,508,544
"IN",495,352,365
"IN",495,358,366
"IN",495,358,382
"IN",495,477,527
"IN",495,487,527
"IN",495,489,527
"IN",495,490,527
"IN",495,479,528
"IN",495,480,528
"IN",495,488,528
"IN",495,479,529
"IN",495,480,529
"IN",495,488,529
"IN",495,479,532
"IN",495,480,532
"IN",495,488,532
"IN",495,479,533
"IN",495,480,533
"IN",495,488,533
"IN",495,479,535
"IN",495,480,535
"IN",495,488,535
"IN",495,477,540
"IN",495,487,540
"IN",495,489,540
"IN",495,490,540
"IN",495,477,541
"IN",495,487,541
"IN",495,489,541
"IN",495,490,541
"IN",495,356,381
"IN",495,352,376
"IN",495,356,378
"IN",495,508,547
"IN",495,358,379
"IN",495,492,530
"IN",495,508,545
"IN",495,508,548
"IN",495,508,549
"IN",495,478,534
"IN",495,492,536
"IN",495,478,540
"IN",495,478,542
"IN",495,478,543
"IN",496,95,295
"IN",496,95,112
"IN",496,95,126
"IN",496,99,358
"IN",496,98,358
"IN",496,97,358
"IN",496,97,351
"IN",496,358,376
"IN",496,358,377
"IN",496,358,368
"IN",496,358,367
"IN",496,358,378
"IN",496,358,374
"IN",496,358,369
"IN",496,358,365
"IN",496,358,381
"IN",496,358,380
"IN",496,358,370
"IN",496,98,470
"IN",496,98,445
"IN",496,99,412
"IN",496,94,445
"IN",496,94,429
"IN",496,94,457
"IN",496,94,438
"IN",496,96,445
"IN",496,96,438
"IN",496,95,469
"IN",496,95,445
"IN",496,95,422
"IN",496,95,438
"IN",496,99,508
"IN",496,95,196
"IN",496,95,514
"IN",496,95,516
"IN",496,95,523
"IN",496,99,495
"IN",496,99,496
"IN",496,99,497
"IN",496,99,498
"IN",496,99,499
"IN",496,99,500
"IN",496,99,501
"IN",496,99,502
"IN",496,99,503
"IN",496,99,504
"IN",496,99,505
"IN",496,352,375
"IN",496,338,380
"IN",496,338,372
"IN",496,508,544
"IN",496,352,365
"IN",496,358,366
"IN",496,358,382
"IN",496,356,381
"IN",496,352,376
"IN",496,356,378
"IN",496,350,365
"IN",496,491,537
"IN",496,508,546
"IN",496,508,547
"IN",496,358,379
"IN",496,492,530
"IN",496,508,549
"IN",496,492,536
"IN",496,364,365
"IN",496,360,365
"IN",496,360,376
"IN",497,95,295
"IN",497,95,112
"IN",497,95,126
"IN",497,99,358
"IN",497,98,358
"IN",497,97,358
"IN",497,97,351
"IN",497,358,376
"IN",497,358,377
"IN",497,358,368
"IN",497,358,367
"IN",497,358,378
"IN",497,358,374
"IN",497,358,369
"IN",497,358,365
"IN",497,358,381
"IN",497,358,380
"IN",497,358,370
"IN",497,98,470
"IN",497,98,445
"IN",497,99,412
"IN",497,94,445
"IN",497,94,429
"IN",497,94,457
"IN",497,94,438
"IN",497,96,445
"IN",497,96,438
"IN",497,95,469
"IN",497,95,445
"IN",497,95,422
"IN",497,95,438
"IN",497,99,508
"IN",497,95,196
"IN",497,95,514
"IN",497,95,516
"IN",497,95,523
"IN",497,99,495
"IN",497,99,496
"IN",497,99,497
"IN",497,99,498
"IN",497,99,499
"IN",497,99,500
"IN",497,99,501
"IN",497,99,502
"IN",497,99,503
"IN",497,99,504
"IN",497,99,505
"IN",497,358,366
"IN",497,358,382
"IN",497,356,381
"IN",497,356,378
"IN",497,350,365
"IN",497,508,547
"IN",497,347,376
"IN",497,358,379
"IN",497,508,546
"IN",497,337,377
"IN",497,478,534
"IN",497,492,536
"IN",497,478,540
"IN",497,478,542
"IN",497,478,543
"IN",497,337,365
"IN",497,364,365
"IN",497,337,369
"IN",497,337,376
"IN",497,337,381
"IN",497,337,378
"IN",497,337,371
"IN",497,360,365
"IN",497,360,376
"IN",498,95,295
"IN",498,95,112
"IN",498,95,126
"IN",498,99,358
"IN",498,98,358
"IN",498,97,358
"IN",498,97,351
"IN",498,358,376
"IN",498,358,377
"IN",498,358,368
"IN",498,358,367
"IN",498,358,378
"IN",498,358,374
"IN",498,358,369
"IN",498,358,365
"IN",498,358,381
"IN",498,358,380
"IN",498,358,370
"IN",498,98,470
"IN",498,98,445
"IN",498,99,412
"IN",498,94,445
"IN",498,94,429
"IN",498,94,457
"IN",498,94,438
"IN",498,96,445
"IN",498,96,438
"IN",498,95,469
"IN",498,95,445
"IN",498,95,422
"IN",498,95,438
"IN",498,99,508
"IN",498,95,196
"IN",498,95,514
"IN",498,95,516
"IN",498,95,523
"IN",498,99,495
"IN",498,99,496
"IN",498,99,497
"IN",498,99,498
"IN",498,99,499
"IN",498,99,500
"IN",498,99,501
"IN",498,99,502
"IN",498,99,503
"IN",498,99,504
"IN",498,99,505
"IN",498,352,375
"IN",498,508,544
"IN",498,352,365
"IN",498,358,366
"IN",498,358,382
"IN",498,479,528
"IN",498,480,528
"IN",498,488,528
"IN",498,479,529
"IN",498,480,529
"IN",498,488,529
"IN",498,479,532
"IN",498,480,532
"IN",498,488,532
"IN",498,479,533
"IN",498,480,533
"IN",498,488,533
"IN",498,479,535
"IN",498,480,535
"IN",498,488,535
"IN",498,356,381
"IN",498,352,376
"IN",498,356,378
"IN",498,350,365
"IN",498,491,537
"IN",498,508,545
"IN",498,508,550
"IN",498,358,379
"IN",498,492,530
"IN",498,508,549
"IN",498,478,534
"IN",498,492,536
"IN",498,478,540
"IN",498,478,542
"IN",498,478,543
"IN",499,95,295
"IN",499,95,112
"IN",499,95,126
"IN",499,99,358
"IN",499,98,358
"IN",499,97,358
"IN",499,97,351
"IN",499,358,376
"IN",499,358,377
"IN",499,358,368
"IN",499,358,367
"IN",499,358,378
"IN",499,358,374
"IN",499,358,369
"IN",499,358,365
"IN",499,358,381
"IN",499,358,380
"IN",499,358,370
"IN",499,98,470
"IN",499,98,445
"IN",499,99,412
"IN",499,94,445
"IN",499,94,429
"IN",499,94,457
"IN",499,94,438
"IN",499,96,445
"IN",499,96,438
"IN",499,95,469
"IN",499,95,445
"IN",499,95,422
"IN",499,95,438
"IN",499,99,508
"IN",499,95,196
"IN",499,95,514
"IN",499,95,516
"IN",499,95,523
"IN",499,99,495
"IN",499,99,496
"IN",499,99,497
"IN",499,99,498
"IN",499,99,499
"IN",499,99,500
"IN",499,99,501
"IN",499,99,502
"IN",499,99,503
"IN",499,99,504
"IN",499,99,505
"IN",499,508,544
"IN",499,358,366
"IN",499,358,382
"IN",499,477,527
"IN",499,487,527
"IN",499,489,527
"IN",499,490,527
"IN",499,479,528
"IN",499,480,528
"IN",499,488,528
"IN",499,479,529
"IN",499,480,529
"IN",499,488,529
"IN",499,479,532
"IN",499,480,532
"IN",499,488,532
"IN",499,479,533
"IN",499,480,533
"IN",499,488,533
"IN",499,479,535
"IN",499,480,535
"IN",499,488,535
"IN",499,477,540
"IN",499,487,540
"IN",499,489,540
"IN",499,490,540
"IN",499,477,541
"IN",499,487,541
"IN",499,489,541
"IN",499,490,541
"IN",499,358,379
"IN",499,508,546
"IN",499,508,545
"IN",499,508,548
"IN",499,508,549
"IN",499,478,534
"IN",499,478,540
"IN",499,478,542
"IN",499,478,543
"IN",500,95,295
"IN",500,95,112
"IN",500,95,126
"IN",500,99,358
"IN",500,98,358
"IN",500,97,358
"IN",500,97,351
"IN",500,358,376
"IN",500,358,377
"IN",500,358,368
"IN",500,358,367
"IN",500,358,378
"IN",500,358,374
"IN",500,358,369
"IN",500,358,365
"IN",500,358,381
"IN",500,358,380
"IN",500,358,370
"IN",500,98,470
"IN",500,98,445
"IN",500,99,412
"IN",500,94,445
"IN",500,94,429
"IN",500,94,457
"IN",500,94,438
"IN",500,96,445
"IN",500,96,438
"IN",500,95,469
"IN",500,95,445
"IN",500,95,422
"IN",500,95,438
"IN",500,99,508
"IN",500,95,196
"IN",500,95,514
"IN",500,95,516
"IN",500,95,523
"IN",500,99,495
"IN",500,99,496
"IN",500,99,497
"IN",500,99,498
"IN",500,99,499
"IN",500,99,500
"IN",500,99,501
"IN",500,99,502
"IN",500,99,503
"IN",500,99,504
"IN",500,99,505
"IN",500,508,544
"IN",500,358,366
"IN",500,358,382
"IN",500,477,527
"IN",500,487,527
"IN",500,489,527
"IN",500,490,527
"IN",500,479,528
"IN",500,480,528
"IN",500,488,528
"IN",500,493,528
"IN",500,494,528
"IN",500,479,529
"IN",500,480,529
"IN",500,488,529
"IN",500,493,529
"IN",500,494,529
"IN",500,493,531
"IN",500,494,531
"IN",500,479,532
"IN",500,480,532
"IN",500,488,532
"IN",500,493,532
"IN",500,494,532
"IN",500,479,533
"IN",500,480,533
"IN",500,488,533
"IN",500,493,533
"IN",500,494,533
"IN",500,493,538
"IN",500,494,538
"IN",500,481,539
"IN",500,477,540
"IN",500,487,540
"IN",500,489,540
"IN",500,490,540
"IN",500,477,541
"IN",500,487,541
"IN",500,489,541
"IN",500,490,541
"IN",500,350,365
"IN",500,491,537
"IN",500,493,537
"IN",500,508,547
"IN",500,358,379
"IN",500,508,545
"IN",500,492,530
"IN",500,494,530
"IN",500,508,549
"IN",500,478,534
"IN",500,492,536
"IN",500,478,540
"IN",500,478,542
"IN",500,478,543
