"management","ES","EDS","ratio_direct"
"E",179,15,11.9333333333333
"SE",164,14,11.7142857142857
"M",131,14,9.35714285714286
"SI",84,14,6
"I",49,13,3.76923076923077
