"management","ES","EDS","ratio_direct"
"E",325,15,21.6666666666667
"SE",283,14,20.2142857142857
"M",200,14,14.2857142857143
"SI",134,14,9.57142857142857
"I",78,13,6
