"management","ES","EDS","ratio_direct"
"E",1205,251,4.800796812749
"SE",1218,237,5.13924050632911
"M",1204,228,5.28070175438596
"SI",1221,231,5.28571428571429
"I",1334,243,5.48971193415638
