"management","ES","EDS","ratio_direct"
"E",425,63,6.74603174603175
"SE",352,52,6.76923076923077
"M",252,38,6.63157894736842
"SI",189,32,5.90625
"I",143,24,5.95833333333333
