"management","ES","EDS","ratio_direct"
"E",425,63,6.74603174603175
"SE",352,52,6.76923076923077
"M",252,38,6.63157894736842
"SI",222,36,6.16666666666667
"I",221,36,6.13888888888889
