"management","ES","EDS","ratio_direct"
"E",321,15,21.4
"SE",280,14,20
"M",198,14,14.1428571428571
"SI",155,14,11.0714285714286
"I",115,14,8.21428571428571
