"management","ES","EDS","ratio_direct"
"E",315,15,21
"SE",274,14,19.5714285714286
"M",192,14,13.7142857142857
"SI",118,14,8.42857142857143
"I",70,13,5.38461538461539
