"management","ES","EDS","ratio_direct"
"E",321,15,21.4
"SE",280,14,20
"M",198,14,14.1428571428571
"SI",132,14,9.42857142857143
"I",77,13,5.92307692307692
