"management","ES","EDS","ratio_direct"
"E",425,63,6.74603174603175
"SE",352,52,6.76923076923077
"M",252,38,6.63157894736842
"SI",166,34,4.88235294117647
"I",107,27,3.96296296296296
