"management","ES","EDS","ratio_direct"
"E",325,15,21.6666666666667
"SE",283,14,20.2142857142857
"M",200,14,14.2857142857143
"SI",156,14,11.1428571428571
"I",115,14,8.21428571428571
