"management","ES","EDS","ratio_direct"
"E",315,15,21
"SE",274,14,19.5714285714286
"M",192,14,13.7142857142857
"SI",149,14,10.6428571428571
"I",114,14,8.14285714285714
