"species_rem","degree","iteration","habitat_from","management"
5,9,1,"WD","SE"
37,1,1,"WD","SE"
92,1,1,"WD","SE"
71,1,1,"WD","SE"
547,1,1,"WD","SE"
7,24,1,"WD","SE"
16,6,1,"WD","SE"
80,10,1,"WD","SE"
29,2,1,"WD","SE"
51,3,1,"WD","SE"
338,3,1,"WD","SE"
82,3,1,"WD","SE"
64,23,1,"WD","SE"
41,1,1,"WD","SE"
49,1,1,"WD","SE"
17,5,1,"WD","SE"
36,6,1,"WD","SE"
544,3,1,"WD","SE"
551,1,1,"WD","SE"
9,1,1,"WD","SE"
548,1,1,"WD","SE"
5,9,1,"WD","SE"
78,9,1,"WD","SE"
28,22,1,"WD","SE"
76,6,1,"WD","SE"
23,7,2,"WD","SE"
7,24,2,"WD","SE"
90,3,2,"WD","SE"
44,35,2,"WD","SE"
544,3,2,"WD","SE"
93,3,2,"WD","SE"
4,9,2,"WD","SE"
19,8,2,"WD","SE"
47,10,2,"WD","SE"
5,9,2,"WD","SE"
38,5,2,"WD","SE"
9,1,2,"WD","SE"
12,9,2,"WD","SE"
37,1,2,"WD","SE"
72,8,2,"WD","SE"
551,1,2,"WD","SE"
48,4,2,"WD","SE"
58,2,2,"WD","SE"
71,1,2,"WD","SE"
91,8,2,"WD","SE"
51,3,2,"WD","SE"
45,7,2,"WD","SE"
64,23,2,"WD","SE"
28,22,2,"WD","SE"
50,4,2,"WD","SE"
16,6,3,"WD","SE"
28,22,3,"WD","SE"
548,1,3,"WD","SE"
52,2,3,"WD","SE"
48,4,3,"WD","SE"
14,16,3,"WD","SE"
29,2,3,"WD","SE"
551,1,3,"WD","SE"
5,9,3,"WD","SE"
544,3,3,"WD","SE"
51,3,3,"WD","SE"
26,41,3,"WD","SE"
45,7,3,"WD","SE"
13,4,3,"WD","SE"
53,1,3,"WD","SE"
33,12,3,"WD","SE"
50,4,3,"WD","SE"
47,10,3,"WD","SE"
547,1,3,"WD","SE"
64,23,3,"WD","SE"
49,1,3,"WD","SE"
61,37,3,"WD","SE"
17,5,3,"WD","SE"
9,1,3,"WD","SE"
36,6,3,"WD","SE"
48,4,4,"WD","SE"
36,6,4,"WD","SE"
64,23,4,"WD","SE"
26,41,4,"WD","SE"
28,22,4,"WD","SE"
12,9,4,"WD","SE"
14,16,4,"WD","SE"
5,9,4,"WD","SE"
51,3,4,"WD","SE"
32,9,4,"WD","SE"
57,9,4,"WD","SE"
37,1,4,"WD","SE"
29,2,4,"WD","SE"
91,8,4,"WD","SE"
13,4,4,"WD","SE"
58,2,4,"WD","SE"
546,1,4,"WD","SE"
80,10,4,"WD","SE"
76,6,4,"WD","SE"
9,1,4,"WD","SE"
545,2,4,"WD","SE"
57,9,4,"WD","SE"
548,1,4,"WD","SE"
40,6,4,"WD","SE"
52,2,4,"WD","SE"
37,1,5,"WD","SE"
32,9,5,"WD","SE"
38,5,5,"WD","SE"
49,1,5,"WD","SE"
551,1,5,"WD","SE"
11,30,5,"WD","SE"
53,1,5,"WD","SE"
5,9,5,"WD","SE"
43,1,5,"WD","SE"
45,7,5,"WD","SE"
1,3,5,"WD","SE"
71,1,5,"WD","SE"
61,37,5,"WD","SE"
5,9,5,"WD","SE"
6,4,5,"WD","SE"
23,7,5,"WD","SE"
13,4,5,"WD","SE"
51,3,5,"WD","SE"
14,16,5,"WD","SE"
36,6,5,"WD","SE"
72,8,5,"WD","SE"
48,4,5,"WD","SE"
28,22,5,"WD","SE"
9,1,5,"WD","SE"
50,4,5,"WD","SE"
90,3,6,"WD","SE"
58,2,6,"WD","SE"
32,9,6,"WD","SE"
13,4,6,"WD","SE"
49,1,6,"WD","SE"
9,1,6,"WD","SE"
14,16,6,"WD","SE"
546,1,6,"WD","SE"
36,6,6,"WD","SE"
205,2,6,"WD","SE"
44,35,6,"WD","SE"
51,3,6,"WD","SE"
82,3,6,"WD","SE"
38,5,6,"WD","SE"
41,1,6,"WD","SE"
12,9,6,"WD","SE"
36,6,6,"WD","SE"
17,5,6,"WD","SE"
5,9,6,"WD","SE"
28,22,6,"WD","SE"
47,10,6,"WD","SE"
7,24,6,"WD","SE"
33,12,6,"WD","SE"
547,1,6,"WD","SE"
52,2,6,"WD","SE"
16,6,7,"WD","SE"
38,5,7,"WD","SE"
72,8,7,"WD","SE"
51,3,7,"WD","SE"
4,9,7,"WD","SE"
5,9,7,"WD","SE"
17,5,7,"WD","SE"
547,1,7,"WD","SE"
28,22,7,"WD","SE"
205,2,7,"WD","SE"
57,9,7,"WD","SE"
76,6,7,"WD","SE"
80,10,7,"WD","SE"
71,1,7,"WD","SE"
51,3,7,"WD","SE"
548,1,7,"WD","SE"
57,9,7,"WD","SE"
47,10,7,"WD","SE"
19,8,7,"WD","SE"
36,6,7,"WD","SE"
45,7,7,"WD","SE"
546,1,7,"WD","SE"
29,2,7,"WD","SE"
545,2,7,"WD","SE"
53,1,7,"WD","SE"
338,3,8,"WD","SE"
545,2,8,"WD","SE"
50,4,8,"WD","SE"
76,6,8,"WD","SE"
544,3,8,"WD","SE"
205,2,8,"WD","SE"
9,1,8,"WD","SE"
78,9,8,"WD","SE"
36,6,8,"WD","SE"
67,9,8,"WD","SE"
7,24,8,"WD","SE"
49,1,8,"WD","SE"
14,16,8,"WD","SE"
74,1,8,"WD","SE"
13,4,8,"WD","SE"
547,1,8,"WD","SE"
45,7,8,"WD","SE"
546,1,8,"WD","SE"
77,18,8,"WD","SE"
551,1,8,"WD","SE"
548,1,8,"WD","SE"
1,3,8,"WD","SE"
64,23,8,"WD","SE"
47,10,8,"WD","SE"
12,9,8,"WD","SE"
50,4,9,"WD","SE"
14,16,9,"WD","SE"
13,4,9,"WD","SE"
76,6,9,"WD","SE"
548,1,9,"WD","SE"
64,23,9,"WD","SE"
51,3,9,"WD","SE"
20,6,9,"WD","SE"
11,30,9,"WD","SE"
45,7,9,"WD","SE"
12,9,9,"WD","SE"
33,12,9,"WD","SE"
7,24,9,"WD","SE"
13,4,9,"WD","SE"
53,1,9,"WD","SE"
44,35,9,"WD","SE"
29,2,9,"WD","SE"
4,9,9,"WD","SE"
9,1,9,"WD","SE"
23,7,9,"WD","SE"
6,4,9,"WD","SE"
49,1,9,"WD","SE"
36,6,9,"WD","SE"
205,2,9,"WD","SE"
544,3,9,"WD","SE"
91,8,10,"WD","SE"
61,37,10,"WD","SE"
93,3,10,"WD","SE"
551,1,10,"WD","SE"
17,5,10,"WD","SE"
7,24,10,"WD","SE"
44,35,10,"WD","SE"
47,10,10,"WD","SE"
49,1,10,"WD","SE"
14,16,10,"WD","SE"
32,9,10,"WD","SE"
16,6,10,"WD","SE"
41,1,10,"WD","SE"
92,1,10,"WD","SE"
13,4,10,"WD","SE"
23,7,10,"WD","SE"
4,9,10,"WD","SE"
205,2,10,"WD","SE"
36,6,10,"WD","SE"
82,3,10,"WD","SE"
71,1,10,"WD","SE"
7,24,10,"WD","SE"
52,2,10,"WD","SE"
76,6,10,"WD","SE"
9,1,10,"WD","SE"
61,37,11,"WD","SE"
49,1,11,"WD","SE"
51,3,11,"WD","SE"
13,4,11,"WD","SE"
544,3,11,"WD","SE"
80,10,11,"WD","SE"
74,1,11,"WD","SE"
36,6,11,"WD","SE"
82,3,11,"WD","SE"
545,2,11,"WD","SE"
51,3,11,"WD","SE"
44,35,11,"WD","SE"
38,5,11,"WD","SE"
11,30,11,"WD","SE"
26,41,11,"WD","SE"
28,22,11,"WD","SE"
551,1,11,"WD","SE"
67,9,11,"WD","SE"
13,4,11,"WD","SE"
14,16,11,"WD","SE"
78,9,11,"WD","SE"
92,1,11,"WD","SE"
17,5,11,"WD","SE"
33,12,11,"WD","SE"
57,9,11,"WD","SE"
41,1,12,"WD","SE"
36,6,12,"WD","SE"
43,1,12,"WD","SE"
28,22,12,"WD","SE"
13,4,12,"WD","SE"
16,6,12,"WD","SE"
20,6,12,"WD","SE"
5,9,12,"WD","SE"
14,16,12,"WD","SE"
338,3,12,"WD","SE"
91,8,12,"WD","SE"
93,3,12,"WD","SE"
51,3,12,"WD","SE"
45,7,12,"WD","SE"
57,9,12,"WD","SE"
33,12,12,"WD","SE"
61,37,12,"WD","SE"
52,2,12,"WD","SE"
86,2,12,"WD","SE"
59,5,12,"WD","SE"
78,9,12,"WD","SE"
80,10,12,"WD","SE"
51,3,12,"WD","SE"
36,6,12,"WD","SE"
551,1,12,"WD","SE"
13,4,13,"WD","SE"
37,1,13,"WD","SE"
90,3,13,"WD","SE"
52,2,13,"WD","SE"
51,3,13,"WD","SE"
76,6,13,"WD","SE"
67,9,13,"WD","SE"
29,2,13,"WD","SE"
71,1,13,"WD","SE"
92,1,13,"WD","SE"
78,9,13,"WD","SE"
23,7,13,"WD","SE"
51,3,13,"WD","SE"
7,24,13,"WD","SE"
19,8,13,"WD","SE"
28,22,13,"WD","SE"
11,30,13,"WD","SE"
43,1,13,"WD","SE"
28,22,13,"WD","SE"
36,6,13,"WD","SE"
48,4,13,"WD","SE"
57,9,13,"WD","SE"
32,9,13,"WD","SE"
26,41,13,"WD","SE"
7,24,13,"WD","SE"
58,2,14,"WD","SE"
12,9,14,"WD","SE"
29,2,14,"WD","SE"
64,23,14,"WD","SE"
71,1,14,"WD","SE"
82,3,14,"WD","SE"
4,9,14,"WD","SE"
74,1,14,"WD","SE"
19,8,14,"WD","SE"
90,3,14,"WD","SE"
84,1,14,"WD","SE"
59,5,14,"WD","SE"
9,1,14,"WD","SE"
44,35,14,"WD","SE"
547,1,14,"WD","SE"
32,9,14,"WD","SE"
41,1,14,"WD","SE"
52,2,14,"WD","SE"
45,7,14,"WD","SE"
6,4,14,"WD","SE"
47,10,14,"WD","SE"
338,3,14,"WD","SE"
78,9,14,"WD","SE"
26,41,14,"WD","SE"
5,9,14,"WD","SE"
92,1,15,"WD","SE"
7,24,15,"WD","SE"
77,18,15,"WD","SE"
38,5,15,"WD","SE"
76,6,15,"WD","SE"
58,2,15,"WD","SE"
20,6,15,"WD","SE"
13,4,15,"WD","SE"
5,9,15,"WD","SE"
14,16,15,"WD","SE"
44,35,15,"WD","SE"
80,10,15,"WD","SE"
33,12,15,"WD","SE"
338,3,15,"WD","SE"
36,6,15,"WD","SE"
6,4,15,"WD","SE"
64,23,15,"WD","SE"
19,8,15,"WD","SE"
7,24,15,"WD","SE"
544,3,15,"WD","SE"
45,7,15,"WD","SE"
64,23,15,"WD","SE"
9,1,15,"WD","SE"
84,1,15,"WD","SE"
43,1,15,"WD","SE"
28,22,16,"WD","SE"
59,5,16,"WD","SE"
64,23,16,"WD","SE"
9,1,16,"WD","SE"
53,1,16,"WD","SE"
28,22,16,"WD","SE"
93,3,16,"WD","SE"
74,1,16,"WD","SE"
551,1,16,"WD","SE"
16,6,16,"WD","SE"
544,3,16,"WD","SE"
13,4,16,"WD","SE"
77,18,16,"WD","SE"
545,2,16,"WD","SE"
338,3,16,"WD","SE"
1,3,16,"WD","SE"
33,12,16,"WD","SE"
20,6,16,"WD","SE"
40,6,16,"WD","SE"
57,9,16,"WD","SE"
92,1,16,"WD","SE"
205,2,16,"WD","SE"
4,9,16,"WD","SE"
7,24,16,"WD","SE"
37,1,16,"WD","SE"
20,6,17,"WD","SE"
47,10,17,"WD","SE"
11,30,17,"WD","SE"
1,3,17,"WD","SE"
13,4,17,"WD","SE"
80,10,17,"WD","SE"
338,3,17,"WD","SE"
93,3,17,"WD","SE"
67,9,17,"WD","SE"
17,5,17,"WD","SE"
14,16,17,"WD","SE"
36,6,17,"WD","SE"
45,7,17,"WD","SE"
5,9,17,"WD","SE"
49,1,17,"WD","SE"
58,2,17,"WD","SE"
28,22,17,"WD","SE"
16,6,17,"WD","SE"
51,3,17,"WD","SE"
544,3,17,"WD","SE"
59,5,17,"WD","SE"
7,24,17,"WD","SE"
36,6,17,"WD","SE"
29,2,17,"WD","SE"
33,12,17,"WD","SE"
47,10,18,"WD","SE"
51,3,18,"WD","SE"
76,6,18,"WD","SE"
49,1,18,"WD","SE"
16,6,18,"WD","SE"
36,6,18,"WD","SE"
67,9,18,"WD","SE"
547,1,18,"WD","SE"
23,7,18,"WD","SE"
29,2,18,"WD","SE"
5,9,18,"WD","SE"
13,4,18,"WD","SE"
28,22,18,"WD","SE"
52,2,18,"WD","SE"
205,2,18,"WD","SE"
82,3,18,"WD","SE"
19,8,18,"WD","SE"
36,6,18,"WD","SE"
51,3,18,"WD","SE"
92,1,18,"WD","SE"
41,1,18,"WD","SE"
548,1,18,"WD","SE"
48,4,18,"WD","SE"
93,3,18,"WD","SE"
43,1,18,"WD","SE"
78,9,19,"WD","SE"
20,6,19,"WD","SE"
33,12,19,"WD","SE"
47,10,19,"WD","SE"
44,35,19,"WD","SE"
26,41,19,"WD","SE"
28,22,19,"WD","SE"
544,3,19,"WD","SE"
11,30,19,"WD","SE"
76,6,19,"WD","SE"
44,35,19,"WD","SE"
82,3,19,"WD","SE"
49,1,19,"WD","SE"
53,1,19,"WD","SE"
12,9,19,"WD","SE"
36,6,19,"WD","SE"
7,24,19,"WD","SE"
51,3,19,"WD","SE"
84,1,19,"WD","SE"
205,2,19,"WD","SE"
32,9,19,"WD","SE"
548,1,19,"WD","SE"
77,18,19,"WD","SE"
50,4,19,"WD","SE"
91,8,19,"WD","SE"
33,12,20,"WD","SE"
58,2,20,"WD","SE"
5,9,20,"WD","SE"
9,1,20,"WD","SE"
80,10,20,"WD","SE"
45,7,20,"WD","SE"
82,3,20,"WD","SE"
13,4,20,"WD","SE"
43,1,20,"WD","SE"
44,35,20,"WD","SE"
546,1,20,"WD","SE"
52,2,20,"WD","SE"
57,9,20,"WD","SE"
5,9,20,"WD","SE"
86,2,20,"WD","SE"
80,10,20,"WD","SE"
47,10,20,"WD","SE"
26,41,20,"WD","SE"
547,1,20,"WD","SE"
50,4,20,"WD","SE"
40,6,20,"WD","SE"
90,3,20,"WD","SE"
6,4,20,"WD","SE"
44,35,20,"WD","SE"
205,2,20,"WD","SE"
32,9,21,"WD","SE"
91,8,21,"WD","SE"
58,2,21,"WD","SE"
9,1,21,"WD","SE"
7,24,21,"WD","SE"
71,1,21,"WD","SE"
547,1,21,"WD","SE"
12,9,21,"WD","SE"
52,2,21,"WD","SE"
546,1,21,"WD","SE"
16,6,21,"WD","SE"
36,6,21,"WD","SE"
86,2,21,"WD","SE"
38,5,21,"WD","SE"
7,24,21,"WD","SE"
5,9,21,"WD","SE"
80,10,21,"WD","SE"
6,4,21,"WD","SE"
37,1,21,"WD","SE"
33,12,21,"WD","SE"
84,1,21,"WD","SE"
51,3,21,"WD","SE"
13,4,21,"WD","SE"
1,3,21,"WD","SE"
44,35,21,"WD","SE"
72,8,22,"WD","SE"
6,4,22,"WD","SE"
80,10,22,"WD","SE"
28,22,22,"WD","SE"
57,9,22,"WD","SE"
33,12,22,"WD","SE"
11,30,22,"WD","SE"
51,3,22,"WD","SE"
16,6,22,"WD","SE"
13,4,22,"WD","SE"
71,1,22,"WD","SE"
545,2,22,"WD","SE"
64,23,22,"WD","SE"
61,37,22,"WD","SE"
33,12,22,"WD","SE"
12,9,22,"WD","SE"
48,4,22,"WD","SE"
52,2,22,"WD","SE"
551,1,22,"WD","SE"
57,9,22,"WD","SE"
7,24,22,"WD","SE"
1,3,22,"WD","SE"
82,3,22,"WD","SE"
548,1,22,"WD","SE"
19,8,22,"WD","SE"
86,2,23,"WD","SE"
72,8,23,"WD","SE"
51,3,23,"WD","SE"
36,6,23,"WD","SE"
205,2,23,"WD","SE"
74,1,23,"WD","SE"
78,9,23,"WD","SE"
23,7,23,"WD","SE"
92,1,23,"WD","SE"
7,24,23,"WD","SE"
64,23,23,"WD","SE"
93,3,23,"WD","SE"
41,1,23,"WD","SE"
338,3,23,"WD","SE"
6,4,23,"WD","SE"
19,8,23,"WD","SE"
48,4,23,"WD","SE"
38,5,23,"WD","SE"
4,9,23,"WD","SE"
32,9,23,"WD","SE"
71,1,23,"WD","SE"
51,3,23,"WD","SE"
49,1,23,"WD","SE"
52,2,23,"WD","SE"
36,6,23,"WD","SE"
11,30,24,"WD","SE"
72,8,24,"WD","SE"
92,1,24,"WD","SE"
7,24,24,"WD","SE"
82,3,24,"WD","SE"
93,3,24,"WD","SE"
50,4,24,"WD","SE"
29,2,24,"WD","SE"
53,1,24,"WD","SE"
1,3,24,"WD","SE"
19,8,24,"WD","SE"
12,9,24,"WD","SE"
91,8,24,"WD","SE"
71,1,24,"WD","SE"
23,7,24,"WD","SE"
80,10,24,"WD","SE"
78,9,24,"WD","SE"
64,23,24,"WD","SE"
9,1,24,"WD","SE"
5,9,24,"WD","SE"
5,9,24,"WD","SE"
205,2,24,"WD","SE"
45,7,24,"WD","SE"
51,3,24,"WD","SE"
544,3,24,"WD","SE"
61,37,25,"WD","SE"
36,6,25,"WD","SE"
74,1,25,"WD","SE"
71,1,25,"WD","SE"
4,9,25,"WD","SE"
76,6,25,"WD","SE"
93,3,25,"WD","SE"
38,5,25,"WD","SE"
33,12,25,"WD","SE"
92,1,25,"WD","SE"
80,10,25,"WD","SE"
7,24,25,"WD","SE"
49,1,25,"WD","SE"
19,8,25,"WD","SE"
77,18,25,"WD","SE"
17,5,25,"WD","SE"
59,5,25,"WD","SE"
12,9,25,"WD","SE"
40,6,25,"WD","SE"
7,24,25,"WD","SE"
28,22,25,"WD","SE"
53,1,25,"WD","SE"
48,4,25,"WD","SE"
23,7,25,"WD","SE"
67,9,25,"WD","SE"
26,41,26,"WD","SE"
36,6,26,"WD","SE"
51,3,26,"WD","SE"
13,4,26,"WD","SE"
12,9,26,"WD","SE"
76,6,26,"WD","SE"
78,9,26,"WD","SE"
16,6,26,"WD","SE"
29,2,26,"WD","SE"
23,7,26,"WD","SE"
14,16,26,"WD","SE"
32,9,26,"WD","SE"
61,37,26,"WD","SE"
547,1,26,"WD","SE"
74,1,26,"WD","SE"
20,6,26,"WD","SE"
59,5,26,"WD","SE"
44,35,26,"WD","SE"
57,9,26,"WD","SE"
82,3,26,"WD","SE"
28,22,26,"WD","SE"
48,4,26,"WD","SE"
33,12,26,"WD","SE"
1,3,26,"WD","SE"
47,10,26,"WD","SE"
43,1,27,"WD","SE"
50,4,27,"WD","SE"
29,2,27,"WD","SE"
44,35,27,"WD","SE"
7,24,27,"WD","SE"
59,5,27,"WD","SE"
23,7,27,"WD","SE"
32,9,27,"WD","SE"
57,9,27,"WD","SE"
51,3,27,"WD","SE"
72,8,27,"WD","SE"
26,41,27,"WD","SE"
52,2,27,"WD","SE"
544,3,27,"WD","SE"
14,16,27,"WD","SE"
36,6,27,"WD","SE"
84,1,27,"WD","SE"
545,2,27,"WD","SE"
44,35,27,"WD","SE"
82,3,27,"WD","SE"
5,9,27,"WD","SE"
77,18,27,"WD","SE"
28,22,27,"WD","SE"
92,1,27,"WD","SE"
36,6,27,"WD","SE"
90,3,28,"WD","SE"
71,1,28,"WD","SE"
36,6,28,"WD","SE"
20,6,28,"WD","SE"
4,9,28,"WD","SE"
50,4,28,"WD","SE"
80,10,28,"WD","SE"
548,1,28,"WD","SE"
28,22,28,"WD","SE"
64,23,28,"WD","SE"
544,3,28,"WD","SE"
19,8,28,"WD","SE"
32,9,28,"WD","SE"
13,4,28,"WD","SE"
11,30,28,"WD","SE"
76,6,28,"WD","SE"
28,22,28,"WD","SE"
33,12,28,"WD","SE"
6,4,28,"WD","SE"
13,4,28,"WD","SE"
38,5,28,"WD","SE"
5,9,28,"WD","SE"
92,1,28,"WD","SE"
547,1,28,"WD","SE"
91,8,28,"WD","SE"
76,6,29,"WD","SE"
49,1,29,"WD","SE"
57,9,29,"WD","SE"
36,6,29,"WD","SE"
28,22,29,"WD","SE"
547,1,29,"WD","SE"
7,24,29,"WD","SE"
23,7,29,"WD","SE"
50,4,29,"WD","SE"
86,2,29,"WD","SE"
45,7,29,"WD","SE"
13,4,29,"WD","SE"
43,1,29,"WD","SE"
80,10,29,"WD","SE"
72,8,29,"WD","SE"
44,35,29,"WD","SE"
90,3,29,"WD","SE"
82,3,29,"WD","SE"
13,4,29,"WD","SE"
7,24,29,"WD","SE"
16,6,29,"WD","SE"
36,6,29,"WD","SE"
48,4,29,"WD","SE"
37,1,29,"WD","SE"
67,9,29,"WD","SE"
76,6,30,"WD","SE"
1,3,30,"WD","SE"
5,9,30,"WD","SE"
4,9,30,"WD","SE"
29,2,30,"WD","SE"
205,2,30,"WD","SE"
45,7,30,"WD","SE"
59,5,30,"WD","SE"
36,6,30,"WD","SE"
7,24,30,"WD","SE"
77,18,30,"WD","SE"
32,9,30,"WD","SE"
16,6,30,"WD","SE"
6,4,30,"WD","SE"
74,1,30,"WD","SE"
19,8,30,"WD","SE"
90,3,30,"WD","SE"
44,35,30,"WD","SE"
80,10,30,"WD","SE"
64,23,30,"WD","SE"
23,7,30,"WD","SE"
44,35,30,"WD","SE"
14,16,30,"WD","SE"
84,1,30,"WD","SE"
545,2,30,"WD","SE"
64,23,31,"WD","SE"
93,3,31,"WD","SE"
44,35,31,"WD","SE"
5,9,31,"WD","SE"
44,35,31,"WD","SE"
76,6,31,"WD","SE"
82,3,31,"WD","SE"
61,37,31,"WD","SE"
58,2,31,"WD","SE"
20,6,31,"WD","SE"
53,1,31,"WD","SE"
16,6,31,"WD","SE"
59,5,31,"WD","SE"
71,1,31,"WD","SE"
4,9,31,"WD","SE"
19,8,31,"WD","SE"
28,22,31,"WD","SE"
57,9,31,"WD","SE"
45,7,31,"WD","SE"
48,4,31,"WD","SE"
49,1,31,"WD","SE"
548,1,31,"WD","SE"
77,18,31,"WD","SE"
67,9,31,"WD","SE"
7,24,31,"WD","SE"
47,10,32,"WD","SE"
32,9,32,"WD","SE"
33,12,32,"WD","SE"
37,1,32,"WD","SE"
90,3,32,"WD","SE"
40,6,32,"WD","SE"
91,8,32,"WD","SE"
82,3,32,"WD","SE"
28,22,32,"WD","SE"
19,8,32,"WD","SE"
80,10,32,"WD","SE"
57,9,32,"WD","SE"
71,1,32,"WD","SE"
6,4,32,"WD","SE"
13,4,32,"WD","SE"
9,1,32,"WD","SE"
57,9,32,"WD","SE"
5,9,32,"WD","SE"
12,9,32,"WD","SE"
78,9,32,"WD","SE"
67,9,32,"WD","SE"
52,2,32,"WD","SE"
545,2,32,"WD","SE"
17,5,32,"WD","SE"
23,7,32,"WD","SE"
544,3,33,"WD","SE"
40,6,33,"WD","SE"
64,23,33,"WD","SE"
36,6,33,"WD","SE"
90,3,33,"WD","SE"
547,1,33,"WD","SE"
38,5,33,"WD","SE"
67,9,33,"WD","SE"
50,4,33,"WD","SE"
41,1,33,"WD","SE"
48,4,33,"WD","SE"
76,6,33,"WD","SE"
12,9,33,"WD","SE"
205,2,33,"WD","SE"
548,1,33,"WD","SE"
44,35,33,"WD","SE"
7,24,33,"WD","SE"
546,1,33,"WD","SE"
84,1,33,"WD","SE"
13,4,33,"WD","SE"
338,3,33,"WD","SE"
51,3,33,"WD","SE"
17,5,33,"WD","SE"
53,1,33,"WD","SE"
16,6,33,"WD","SE"
43,1,34,"WD","SE"
28,22,34,"WD","SE"
7,24,34,"WD","SE"
64,23,34,"WD","SE"
28,22,34,"WD","SE"
51,3,34,"WD","SE"
23,7,34,"WD","SE"
29,2,34,"WD","SE"
44,35,34,"WD","SE"
38,5,34,"WD","SE"
16,6,34,"WD","SE"
48,4,34,"WD","SE"
82,3,34,"WD","SE"
57,9,34,"WD","SE"
7,24,34,"WD","SE"
82,3,34,"WD","SE"
14,16,34,"WD","SE"
92,1,34,"WD","SE"
49,1,34,"WD","SE"
36,6,34,"WD","SE"
77,18,34,"WD","SE"
76,6,34,"WD","SE"
53,1,34,"WD","SE"
71,1,34,"WD","SE"
59,5,34,"WD","SE"
57,9,35,"WD","SE"
16,6,35,"WD","SE"
64,23,35,"WD","SE"
90,3,35,"WD","SE"
82,3,35,"WD","SE"
58,2,35,"WD","SE"
33,12,35,"WD","SE"
28,22,35,"WD","SE"
61,37,35,"WD","SE"
11,30,35,"WD","SE"
544,3,35,"WD","SE"
40,6,35,"WD","SE"
49,1,35,"WD","SE"
41,1,35,"WD","SE"
72,8,35,"WD","SE"
78,9,35,"WD","SE"
91,8,35,"WD","SE"
50,4,35,"WD","SE"
9,1,35,"WD","SE"
12,9,35,"WD","SE"
20,6,35,"WD","SE"
547,1,35,"WD","SE"
6,4,35,"WD","SE"
26,41,35,"WD","SE"
57,9,35,"WD","SE"
5,9,36,"WD","SE"
52,2,36,"WD","SE"
28,22,36,"WD","SE"
6,4,36,"WD","SE"
80,10,36,"WD","SE"
19,8,36,"WD","SE"
48,4,36,"WD","SE"
26,41,36,"WD","SE"
45,7,36,"WD","SE"
551,1,36,"WD","SE"
546,1,36,"WD","SE"
33,12,36,"WD","SE"
1,3,36,"WD","SE"
64,23,36,"WD","SE"
49,1,36,"WD","SE"
11,30,36,"WD","SE"
545,2,36,"WD","SE"
57,9,36,"WD","SE"
93,3,36,"WD","SE"
86,2,36,"WD","SE"
36,6,36,"WD","SE"
53,1,36,"WD","SE"
82,3,36,"WD","SE"
78,9,36,"WD","SE"
82,3,36,"WD","SE"
546,1,37,"WD","SE"
17,5,37,"WD","SE"
7,24,37,"WD","SE"
28,22,37,"WD","SE"
28,22,37,"WD","SE"
544,3,37,"WD","SE"
44,35,37,"WD","SE"
47,10,37,"WD","SE"
16,6,37,"WD","SE"
82,3,37,"WD","SE"
51,3,37,"WD","SE"
20,6,37,"WD","SE"
90,3,37,"WD","SE"
45,7,37,"WD","SE"
11,30,37,"WD","SE"
44,35,37,"WD","SE"
13,4,37,"WD","SE"
49,1,37,"WD","SE"
545,2,37,"WD","SE"
33,12,37,"WD","SE"
338,3,37,"WD","SE"
14,16,37,"WD","SE"
13,4,37,"WD","SE"
64,23,37,"WD","SE"
71,1,37,"WD","SE"
47,10,38,"WD","SE"
551,1,38,"WD","SE"
78,9,38,"WD","SE"
49,1,38,"WD","SE"
32,9,38,"WD","SE"
74,1,38,"WD","SE"
50,4,38,"WD","SE"
19,8,38,"WD","SE"
17,5,38,"WD","SE"
9,1,38,"WD","SE"
52,2,38,"WD","SE"
7,24,38,"WD","SE"
67,9,38,"WD","SE"
4,9,38,"WD","SE"
545,2,38,"WD","SE"
82,3,38,"WD","SE"
13,4,38,"WD","SE"
72,8,38,"WD","SE"
44,35,38,"WD","SE"
59,5,38,"WD","SE"
26,41,38,"WD","SE"
64,23,38,"WD","SE"
64,23,38,"WD","SE"
44,35,38,"WD","SE"
546,1,38,"WD","SE"
53,1,39,"WD","SE"
32,9,39,"WD","SE"
551,1,39,"WD","SE"
61,37,39,"WD","SE"
545,2,39,"WD","SE"
78,9,39,"WD","SE"
57,9,39,"WD","SE"
51,3,39,"WD","SE"
47,10,39,"WD","SE"
52,2,39,"WD","SE"
64,23,39,"WD","SE"
33,12,39,"WD","SE"
544,3,39,"WD","SE"
93,3,39,"WD","SE"
20,6,39,"WD","SE"
48,4,39,"WD","SE"
80,10,39,"WD","SE"
1,3,39,"WD","SE"
38,5,39,"WD","SE"
51,3,39,"WD","SE"
37,1,39,"WD","SE"
72,8,39,"WD","SE"
338,3,39,"WD","SE"
16,6,39,"WD","SE"
26,41,39,"WD","SE"
546,1,40,"WD","SE"
86,2,40,"WD","SE"
57,9,40,"WD","SE"
205,2,40,"WD","SE"
44,35,40,"WD","SE"
64,23,40,"WD","SE"
338,3,40,"WD","SE"
38,5,40,"WD","SE"
91,8,40,"WD","SE"
544,3,40,"WD","SE"
548,1,40,"WD","SE"
43,1,40,"WD","SE"
5,9,40,"WD","SE"
84,1,40,"WD","SE"
4,9,40,"WD","SE"
19,8,40,"WD","SE"
48,4,40,"WD","SE"
16,6,40,"WD","SE"
32,9,40,"WD","SE"
23,7,40,"WD","SE"
36,6,40,"WD","SE"
77,18,40,"WD","SE"
7,24,40,"WD","SE"
44,35,40,"WD","SE"
33,12,40,"WD","SE"
51,3,41,"WD","SE"
50,4,41,"WD","SE"
544,3,41,"WD","SE"
82,3,41,"WD","SE"
44,35,41,"WD","SE"
1,3,41,"WD","SE"
7,24,41,"WD","SE"
64,23,41,"WD","SE"
548,1,41,"WD","SE"
29,2,41,"WD","SE"
338,3,41,"WD","SE"
77,18,41,"WD","SE"
33,12,41,"WD","SE"
86,2,41,"WD","SE"
13,4,41,"WD","SE"
17,5,41,"WD","SE"
9,1,41,"WD","SE"
82,3,41,"WD","SE"
551,1,41,"WD","SE"
90,3,41,"WD","SE"
61,37,41,"WD","SE"
45,7,41,"WD","SE"
59,5,41,"WD","SE"
16,6,41,"WD","SE"
13,4,41,"WD","SE"
76,6,42,"WD","SE"
84,1,42,"WD","SE"
546,1,42,"WD","SE"
28,22,42,"WD","SE"
205,2,42,"WD","SE"
53,1,42,"WD","SE"
36,6,42,"WD","SE"
82,3,42,"WD","SE"
64,23,42,"WD","SE"
38,5,42,"WD","SE"
20,6,42,"WD","SE"
1,3,42,"WD","SE"
61,37,42,"WD","SE"
74,1,42,"WD","SE"
13,4,42,"WD","SE"
45,7,42,"WD","SE"
51,3,42,"WD","SE"
23,7,42,"WD","SE"
90,3,42,"WD","SE"
37,1,42,"WD","SE"
50,4,42,"WD","SE"
26,41,42,"WD","SE"
77,18,42,"WD","SE"
44,35,42,"WD","SE"
12,9,42,"WD","SE"
51,3,43,"WD","SE"
7,24,43,"WD","SE"
9,1,43,"WD","SE"
338,3,43,"WD","SE"
36,6,43,"WD","SE"
80,10,43,"WD","SE"
57,9,43,"WD","SE"
19,8,43,"WD","SE"
49,1,43,"WD","SE"
17,5,43,"WD","SE"
92,1,43,"WD","SE"
32,9,43,"WD","SE"
64,23,43,"WD","SE"
11,30,43,"WD","SE"
16,6,43,"WD","SE"
82,3,43,"WD","SE"
546,1,43,"WD","SE"
12,9,43,"WD","SE"
61,37,43,"WD","SE"
37,1,43,"WD","SE"
551,1,43,"WD","SE"
6,4,43,"WD","SE"
84,1,43,"WD","SE"
33,12,43,"WD","SE"
548,1,43,"WD","SE"
64,23,44,"WD","SE"
13,4,44,"WD","SE"
11,30,44,"WD","SE"
13,4,44,"WD","SE"
82,3,44,"WD","SE"
44,35,44,"WD","SE"
5,9,44,"WD","SE"
546,1,44,"WD","SE"
50,4,44,"WD","SE"
16,6,44,"WD","SE"
44,35,44,"WD","SE"
6,4,44,"WD","SE"
92,1,44,"WD","SE"
23,7,44,"WD","SE"
48,4,44,"WD","SE"
40,6,44,"WD","SE"
52,2,44,"WD","SE"
51,3,44,"WD","SE"
41,1,44,"WD","SE"
49,1,44,"WD","SE"
1,3,44,"WD","SE"
14,16,44,"WD","SE"
36,6,44,"WD","SE"
45,7,44,"WD","SE"
61,37,44,"WD","SE"
64,23,45,"WD","SE"
544,3,45,"WD","SE"
1,3,45,"WD","SE"
84,1,45,"WD","SE"
78,9,45,"WD","SE"
28,22,45,"WD","SE"
26,41,45,"WD","SE"
47,10,45,"WD","SE"
205,2,45,"WD","SE"
82,3,45,"WD","SE"
72,8,45,"WD","SE"
48,4,45,"WD","SE"
77,18,45,"WD","SE"
19,8,45,"WD","SE"
38,5,45,"WD","SE"
92,1,45,"WD","SE"
13,4,45,"WD","SE"
64,23,45,"WD","SE"
76,6,45,"WD","SE"
551,1,45,"WD","SE"
59,5,45,"WD","SE"
80,10,45,"WD","SE"
82,3,45,"WD","SE"
57,9,45,"WD","SE"
74,1,45,"WD","SE"
61,37,46,"WD","SE"
14,16,46,"WD","SE"
33,12,46,"WD","SE"
43,1,46,"WD","SE"
19,8,46,"WD","SE"
26,41,46,"WD","SE"
45,7,46,"WD","SE"
23,7,46,"WD","SE"
41,1,46,"WD","SE"
44,35,46,"WD","SE"
91,8,46,"WD","SE"
547,1,46,"WD","SE"
12,9,46,"WD","SE"
11,30,46,"WD","SE"
51,3,46,"WD","SE"
50,4,46,"WD","SE"
548,1,46,"WD","SE"
1,3,46,"WD","SE"
9,1,46,"WD","SE"
64,23,46,"WD","SE"
40,6,46,"WD","SE"
544,3,46,"WD","SE"
80,10,46,"WD","SE"
52,2,46,"WD","SE"
49,1,46,"WD","SE"
5,9,47,"WD","SE"
33,12,47,"WD","SE"
74,1,47,"WD","SE"
71,1,47,"WD","SE"
76,6,47,"WD","SE"
338,3,47,"WD","SE"
37,1,47,"WD","SE"
90,3,47,"WD","SE"
61,37,47,"WD","SE"
13,4,47,"WD","SE"
38,5,47,"WD","SE"
78,9,47,"WD","SE"
92,1,47,"WD","SE"
44,35,47,"WD","SE"
1,3,47,"WD","SE"
19,8,47,"WD","SE"
20,6,47,"WD","SE"
93,3,47,"WD","SE"
33,12,47,"WD","SE"
11,30,47,"WD","SE"
82,3,47,"WD","SE"
5,9,47,"WD","SE"
86,2,47,"WD","SE"
91,8,47,"WD","SE"
77,18,47,"WD","SE"
82,3,48,"WD","SE"
13,4,48,"WD","SE"
74,1,48,"WD","SE"
58,2,48,"WD","SE"
91,8,48,"WD","SE"
53,1,48,"WD","SE"
92,1,48,"WD","SE"
13,4,48,"WD","SE"
64,23,48,"WD","SE"
546,1,48,"WD","SE"
545,2,48,"WD","SE"
9,1,48,"WD","SE"
17,5,48,"WD","SE"
33,12,48,"WD","SE"
82,3,48,"WD","SE"
84,1,48,"WD","SE"
16,6,48,"WD","SE"
51,3,48,"WD","SE"
67,9,48,"WD","SE"
64,23,48,"WD","SE"
19,8,48,"WD","SE"
7,24,48,"WD","SE"
50,4,48,"WD","SE"
5,9,48,"WD","SE"
29,2,48,"WD","SE"
4,9,49,"WD","SE"
37,1,49,"WD","SE"
93,3,49,"WD","SE"
52,2,49,"WD","SE"
82,3,49,"WD","SE"
49,1,49,"WD","SE"
548,1,49,"WD","SE"
45,7,49,"WD","SE"
28,22,49,"WD","SE"
1,3,49,"WD","SE"
7,24,49,"WD","SE"
84,1,49,"WD","SE"
58,2,49,"WD","SE"
36,6,49,"WD","SE"
77,18,49,"WD","SE"
32,9,49,"WD","SE"
546,1,49,"WD","SE"
78,9,49,"WD","SE"
11,30,49,"WD","SE"
91,8,49,"WD","SE"
44,35,49,"WD","SE"
51,3,49,"WD","SE"
13,4,49,"WD","SE"
33,12,49,"WD","SE"
51,3,49,"WD","SE"
548,1,50,"WD","SE"
52,2,50,"WD","SE"
544,3,50,"WD","SE"
82,3,50,"WD","SE"
57,9,50,"WD","SE"
72,8,50,"WD","SE"
5,9,50,"WD","SE"
40,6,50,"WD","SE"
59,5,50,"WD","SE"
91,8,50,"WD","SE"
13,4,50,"WD","SE"
26,41,50,"WD","SE"
78,9,50,"WD","SE"
58,2,50,"WD","SE"
37,1,50,"WD","SE"
33,12,50,"WD","SE"
20,6,50,"WD","SE"
80,10,50,"WD","SE"
82,3,50,"WD","SE"
7,24,50,"WD","SE"
44,35,50,"WD","SE"
51,3,50,"WD","SE"
76,6,50,"WD","SE"
71,1,50,"WD","SE"
64,23,50,"WD","SE"
72,8,51,"WD","SE"
23,7,51,"WD","SE"
7,24,51,"WD","SE"
47,10,51,"WD","SE"
33,12,51,"WD","SE"
26,41,51,"WD","SE"
61,37,51,"WD","SE"
40,6,51,"WD","SE"
7,24,51,"WD","SE"
17,5,51,"WD","SE"
91,8,51,"WD","SE"
41,1,51,"WD","SE"
44,35,51,"WD","SE"
4,9,51,"WD","SE"
29,2,51,"WD","SE"
64,23,51,"WD","SE"
49,1,51,"WD","SE"
45,7,51,"WD","SE"
28,22,51,"WD","SE"
92,1,51,"WD","SE"
551,1,51,"WD","SE"
12,9,51,"WD","SE"
82,3,51,"WD","SE"
37,1,51,"WD","SE"
44,35,51,"WD","SE"
47,10,52,"WD","SE"
91,8,52,"WD","SE"
205,2,52,"WD","SE"
12,9,52,"WD","SE"
82,3,52,"WD","SE"
338,3,52,"WD","SE"
17,5,52,"WD","SE"
551,1,52,"WD","SE"
13,4,52,"WD","SE"
57,9,52,"WD","SE"
61,37,52,"WD","SE"
58,2,52,"WD","SE"
20,6,52,"WD","SE"
52,2,52,"WD","SE"
547,1,52,"WD","SE"
74,1,52,"WD","SE"
33,12,52,"WD","SE"
28,22,52,"WD","SE"
7,24,52,"WD","SE"
86,2,52,"WD","SE"
19,8,52,"WD","SE"
67,9,52,"WD","SE"
80,10,52,"WD","SE"
5,9,52,"WD","SE"
57,9,52,"WD","SE"
546,1,53,"WD","SE"
82,3,53,"WD","SE"
1,3,53,"WD","SE"
338,3,53,"WD","SE"
91,8,53,"WD","SE"
45,7,53,"WD","SE"
57,9,53,"WD","SE"
71,1,53,"WD","SE"
14,16,53,"WD","SE"
36,6,53,"WD","SE"
50,4,53,"WD","SE"
11,30,53,"WD","SE"
7,24,53,"WD","SE"
43,1,53,"WD","SE"
4,9,53,"WD","SE"
86,2,53,"WD","SE"
76,6,53,"WD","SE"
20,6,53,"WD","SE"
57,9,53,"WD","SE"
544,3,53,"WD","SE"
28,22,53,"WD","SE"
51,3,53,"WD","SE"
17,5,53,"WD","SE"
74,1,53,"WD","SE"
36,6,53,"WD","SE"
72,8,54,"WD","SE"
26,41,54,"WD","SE"
13,4,54,"WD","SE"
58,2,54,"WD","SE"
80,10,54,"WD","SE"
4,9,54,"WD","SE"
546,1,54,"WD","SE"
29,2,54,"WD","SE"
53,1,54,"WD","SE"
57,9,54,"WD","SE"
33,12,54,"WD","SE"
32,9,54,"WD","SE"
51,3,54,"WD","SE"
547,1,54,"WD","SE"
44,35,54,"WD","SE"
33,12,54,"WD","SE"
41,1,54,"WD","SE"
77,18,54,"WD","SE"
92,1,54,"WD","SE"
40,6,54,"WD","SE"
74,1,54,"WD","SE"
45,7,54,"WD","SE"
544,3,54,"WD","SE"
37,1,54,"WD","SE"
86,2,54,"WD","SE"
13,4,55,"WD","SE"
48,4,55,"WD","SE"
91,8,55,"WD","SE"
77,18,55,"WD","SE"
74,1,55,"WD","SE"
7,24,55,"WD","SE"
57,9,55,"WD","SE"
59,5,55,"WD","SE"
19,8,55,"WD","SE"
82,3,55,"WD","SE"
13,4,55,"WD","SE"
5,9,55,"WD","SE"
205,2,55,"WD","SE"
36,6,55,"WD","SE"
26,41,55,"WD","SE"
53,1,55,"WD","SE"
80,10,55,"WD","SE"
47,10,55,"WD","SE"
93,3,55,"WD","SE"
544,3,55,"WD","SE"
9,1,55,"WD","SE"
51,3,55,"WD","SE"
28,22,55,"WD","SE"
72,8,55,"WD","SE"
86,2,55,"WD","SE"
51,3,56,"WD","SE"
58,2,56,"WD","SE"
52,2,56,"WD","SE"
86,2,56,"WD","SE"
48,4,56,"WD","SE"
5,9,56,"WD","SE"
93,3,56,"WD","SE"
91,8,56,"WD","SE"
57,9,56,"WD","SE"
6,4,56,"WD","SE"
28,22,56,"WD","SE"
205,2,56,"WD","SE"
84,1,56,"WD","SE"
64,23,56,"WD","SE"
72,8,56,"WD","SE"
80,10,56,"WD","SE"
17,5,56,"WD","SE"
13,4,56,"WD","SE"
80,10,56,"WD","SE"
90,3,56,"WD","SE"
44,35,56,"WD","SE"
20,6,56,"WD","SE"
59,5,56,"WD","SE"
67,9,56,"WD","SE"
92,1,56,"WD","SE"
47,10,57,"WD","SE"
26,41,57,"WD","SE"
32,9,57,"WD","SE"
64,23,57,"WD","SE"
45,7,57,"WD","SE"
86,2,57,"WD","SE"
53,1,57,"WD","SE"
44,35,57,"WD","SE"
36,6,57,"WD","SE"
84,1,57,"WD","SE"
57,9,57,"WD","SE"
5,9,57,"WD","SE"
9,1,57,"WD","SE"
57,9,57,"WD","SE"
91,8,57,"WD","SE"
80,10,57,"WD","SE"
80,10,57,"WD","SE"
33,12,57,"WD","SE"
90,3,57,"WD","SE"
544,3,57,"WD","SE"
43,1,57,"WD","SE"
5,9,57,"WD","SE"
40,6,57,"WD","SE"
44,35,57,"WD","SE"
6,4,57,"WD","SE"
72,8,58,"WD","SE"
57,9,58,"WD","SE"
82,3,58,"WD","SE"
67,9,58,"WD","SE"
92,1,58,"WD","SE"
13,4,58,"WD","SE"
78,9,58,"WD","SE"
51,3,58,"WD","SE"
77,18,58,"WD","SE"
48,4,58,"WD","SE"
9,1,58,"WD","SE"
544,3,58,"WD","SE"
5,9,58,"WD","SE"
7,24,58,"WD","SE"
53,1,58,"WD","SE"
64,23,58,"WD","SE"
86,2,58,"WD","SE"
17,5,58,"WD","SE"
6,4,58,"WD","SE"
43,1,58,"WD","SE"
5,9,58,"WD","SE"
20,6,58,"WD","SE"
338,3,58,"WD","SE"
547,1,58,"WD","SE"
545,2,58,"WD","SE"
36,6,59,"WD","SE"
92,1,59,"WD","SE"
50,4,59,"WD","SE"
93,3,59,"WD","SE"
17,5,59,"WD","SE"
29,2,59,"WD","SE"
33,12,59,"WD","SE"
58,2,59,"WD","SE"
16,6,59,"WD","SE"
548,1,59,"WD","SE"
41,1,59,"WD","SE"
12,9,59,"WD","SE"
64,23,59,"WD","SE"
5,9,59,"WD","SE"
74,1,59,"WD","SE"
13,4,59,"WD","SE"
338,3,59,"WD","SE"
82,3,59,"WD","SE"
48,4,59,"WD","SE"
91,8,59,"WD","SE"
86,2,59,"WD","SE"
51,3,59,"WD","SE"
61,37,59,"WD","SE"
205,2,59,"WD","SE"
20,6,59,"WD","SE"
50,4,60,"WD","SE"
16,6,60,"WD","SE"
545,2,60,"WD","SE"
11,30,60,"WD","SE"
12,9,60,"WD","SE"
9,1,60,"WD","SE"
40,6,60,"WD","SE"
38,5,60,"WD","SE"
551,1,60,"WD","SE"
64,23,60,"WD","SE"
72,8,60,"WD","SE"
5,9,60,"WD","SE"
67,9,60,"WD","SE"
32,9,60,"WD","SE"
1,3,60,"WD","SE"
7,24,60,"WD","SE"
59,5,60,"WD","SE"
80,10,60,"WD","SE"
19,8,60,"WD","SE"
76,6,60,"WD","SE"
14,16,60,"WD","SE"
93,3,60,"WD","SE"
20,6,60,"WD","SE"
548,1,60,"WD","SE"
61,37,60,"WD","SE"
49,1,61,"WD","SE"
92,1,61,"WD","SE"
57,9,61,"WD","SE"
72,8,61,"WD","SE"
37,1,61,"WD","SE"
548,1,61,"WD","SE"
17,5,61,"WD","SE"
547,1,61,"WD","SE"
7,24,61,"WD","SE"
9,1,61,"WD","SE"
4,9,61,"WD","SE"
57,9,61,"WD","SE"
52,2,61,"WD","SE"
67,9,61,"WD","SE"
20,6,61,"WD","SE"
71,1,61,"WD","SE"
546,1,61,"WD","SE"
50,4,61,"WD","SE"
1,3,61,"WD","SE"
64,23,61,"WD","SE"
84,1,61,"WD","SE"
59,5,61,"WD","SE"
48,4,61,"WD","SE"
41,1,61,"WD","SE"
93,3,61,"WD","SE"
545,2,62,"WD","SE"
11,30,62,"WD","SE"
45,7,62,"WD","SE"
544,3,62,"WD","SE"
44,35,62,"WD","SE"
71,1,62,"WD","SE"
82,3,62,"WD","SE"
20,6,62,"WD","SE"
13,4,62,"WD","SE"
548,1,62,"WD","SE"
61,37,62,"WD","SE"
84,1,62,"WD","SE"
338,3,62,"WD","SE"
33,12,62,"WD","SE"
92,1,62,"WD","SE"
43,1,62,"WD","SE"
5,9,62,"WD","SE"
23,7,62,"WD","SE"
53,1,62,"WD","SE"
37,1,62,"WD","SE"
64,23,62,"WD","SE"
547,1,62,"WD","SE"
36,6,62,"WD","SE"
26,41,62,"WD","SE"
57,9,62,"WD","SE"
76,6,63,"WD","SE"
77,18,63,"WD","SE"
36,6,63,"WD","SE"
4,9,63,"WD","SE"
48,4,63,"WD","SE"
205,2,63,"WD","SE"
49,1,63,"WD","SE"
1,3,63,"WD","SE"
36,6,63,"WD","SE"
82,3,63,"WD","SE"
91,8,63,"WD","SE"
50,4,63,"WD","SE"
71,1,63,"WD","SE"
17,5,63,"WD","SE"
547,1,63,"WD","SE"
82,3,63,"WD","SE"
29,2,63,"WD","SE"
28,22,63,"WD","SE"
51,3,63,"WD","SE"
61,37,63,"WD","SE"
11,30,63,"WD","SE"
64,23,63,"WD","SE"
13,4,63,"WD","SE"
19,8,63,"WD","SE"
338,3,63,"WD","SE"
64,23,64,"WD","SE"
48,4,64,"WD","SE"
84,1,64,"WD","SE"
28,22,64,"WD","SE"
20,6,64,"WD","SE"
36,6,64,"WD","SE"
29,2,64,"WD","SE"
44,35,64,"WD","SE"
5,9,64,"WD","SE"
544,3,64,"WD","SE"
37,1,64,"WD","SE"
19,8,64,"WD","SE"
45,7,64,"WD","SE"
86,2,64,"WD","SE"
52,2,64,"WD","SE"
78,9,64,"WD","SE"
51,3,64,"WD","SE"
23,7,64,"WD","SE"
32,9,64,"WD","SE"
77,18,64,"WD","SE"
16,6,64,"WD","SE"
9,1,64,"WD","SE"
13,4,64,"WD","SE"
338,3,64,"WD","SE"
40,6,64,"WD","SE"
67,9,65,"WD","SE"
71,1,65,"WD","SE"
205,2,65,"WD","SE"
26,41,65,"WD","SE"
78,9,65,"WD","SE"
29,2,65,"WD","SE"
544,3,65,"WD","SE"
32,9,65,"WD","SE"
53,1,65,"WD","SE"
43,1,65,"WD","SE"
57,9,65,"WD","SE"
20,6,65,"WD","SE"
547,1,65,"WD","SE"
59,5,65,"WD","SE"
5,9,65,"WD","SE"
58,2,65,"WD","SE"
76,6,65,"WD","SE"
546,1,65,"WD","SE"
1,3,65,"WD","SE"
40,6,65,"WD","SE"
37,1,65,"WD","SE"
72,8,65,"WD","SE"
93,3,65,"WD","SE"
551,1,65,"WD","SE"
86,2,65,"WD","SE"
29,2,66,"WD","SE"
48,4,66,"WD","SE"
43,1,66,"WD","SE"
80,10,66,"WD","SE"
45,7,66,"WD","SE"
13,4,66,"WD","SE"
17,5,66,"WD","SE"
77,18,66,"WD","SE"
16,6,66,"WD","SE"
74,1,66,"WD","SE"
41,1,66,"WD","SE"
50,4,66,"WD","SE"
544,3,66,"WD","SE"
57,9,66,"WD","SE"
9,1,66,"WD","SE"
67,9,66,"WD","SE"
547,1,66,"WD","SE"
84,1,66,"WD","SE"
14,16,66,"WD","SE"
64,23,66,"WD","SE"
58,2,66,"WD","SE"
44,35,66,"WD","SE"
33,12,66,"WD","SE"
36,6,66,"WD","SE"
26,41,66,"WD","SE"
37,1,67,"WD","SE"
41,1,67,"WD","SE"
205,2,67,"WD","SE"
48,4,67,"WD","SE"
33,12,67,"WD","SE"
9,1,67,"WD","SE"
61,37,67,"WD","SE"
33,12,67,"WD","SE"
57,9,67,"WD","SE"
26,41,67,"WD","SE"
23,7,67,"WD","SE"
52,2,67,"WD","SE"
86,2,67,"WD","SE"
71,1,67,"WD","SE"
338,3,67,"WD","SE"
67,9,67,"WD","SE"
545,2,67,"WD","SE"
1,3,67,"WD","SE"
58,2,67,"WD","SE"
72,8,67,"WD","SE"
82,3,67,"WD","SE"
16,6,67,"WD","SE"
5,9,67,"WD","SE"
32,9,67,"WD","SE"
7,24,67,"WD","SE"
71,1,68,"WD","SE"
28,22,68,"WD","SE"
13,4,68,"WD","SE"
5,9,68,"WD","SE"
20,6,68,"WD","SE"
38,5,68,"WD","SE"
7,24,68,"WD","SE"
17,5,68,"WD","SE"
72,8,68,"WD","SE"
78,9,68,"WD","SE"
57,9,68,"WD","SE"
548,1,68,"WD","SE"
90,3,68,"WD","SE"
49,1,68,"WD","SE"
4,9,68,"WD","SE"
26,41,68,"WD","SE"
36,6,68,"WD","SE"
29,2,68,"WD","SE"
74,1,68,"WD","SE"
28,22,68,"WD","SE"
13,4,68,"WD","SE"
33,12,68,"WD","SE"
92,1,68,"WD","SE"
12,9,68,"WD","SE"
45,7,68,"WD","SE"
47,10,69,"WD","SE"
545,2,69,"WD","SE"
548,1,69,"WD","SE"
67,9,69,"WD","SE"
92,1,69,"WD","SE"
13,4,69,"WD","SE"
12,9,69,"WD","SE"
16,6,69,"WD","SE"
1,3,69,"WD","SE"
74,1,69,"WD","SE"
19,8,69,"WD","SE"
80,10,69,"WD","SE"
28,22,69,"WD","SE"
33,12,69,"WD","SE"
50,4,69,"WD","SE"
38,5,69,"WD","SE"
53,1,69,"WD","SE"
36,6,69,"WD","SE"
43,1,69,"WD","SE"
551,1,69,"WD","SE"
11,30,69,"WD","SE"
91,8,69,"WD","SE"
6,4,69,"WD","SE"
547,1,69,"WD","SE"
33,12,69,"WD","SE"
61,37,70,"WD","SE"
28,22,70,"WD","SE"
90,3,70,"WD","SE"
80,10,70,"WD","SE"
76,6,70,"WD","SE"
7,24,70,"WD","SE"
82,3,70,"WD","SE"
32,9,70,"WD","SE"
74,1,70,"WD","SE"
64,23,70,"WD","SE"
548,1,70,"WD","SE"
77,18,70,"WD","SE"
6,4,70,"WD","SE"
80,10,70,"WD","SE"
71,1,70,"WD","SE"
67,9,70,"WD","SE"
33,12,70,"WD","SE"
52,2,70,"WD","SE"
13,4,70,"WD","SE"
36,6,70,"WD","SE"
36,6,70,"WD","SE"
51,3,70,"WD","SE"
9,1,70,"WD","SE"
26,41,70,"WD","SE"
51,3,70,"WD","SE"
13,4,71,"WD","SE"
41,1,71,"WD","SE"
29,2,71,"WD","SE"
51,3,71,"WD","SE"
17,5,71,"WD","SE"
93,3,71,"WD","SE"
82,3,71,"WD","SE"
205,2,71,"WD","SE"
74,1,71,"WD","SE"
37,1,71,"WD","SE"
547,1,71,"WD","SE"
57,9,71,"WD","SE"
23,7,71,"WD","SE"
5,9,71,"WD","SE"
13,4,71,"WD","SE"
59,5,71,"WD","SE"
53,1,71,"WD","SE"
33,12,71,"WD","SE"
33,12,71,"WD","SE"
36,6,71,"WD","SE"
40,6,71,"WD","SE"
80,10,71,"WD","SE"
38,5,71,"WD","SE"
72,8,71,"WD","SE"
548,1,71,"WD","SE"
50,4,72,"WD","SE"
82,3,72,"WD","SE"
9,1,72,"WD","SE"
36,6,72,"WD","SE"
48,4,72,"WD","SE"
77,18,72,"WD","SE"
47,10,72,"WD","SE"
57,9,72,"WD","SE"
80,10,72,"WD","SE"
84,1,72,"WD","SE"
67,9,72,"WD","SE"
71,1,72,"WD","SE"
19,8,72,"WD","SE"
36,6,72,"WD","SE"
41,1,72,"WD","SE"
76,6,72,"WD","SE"
59,5,72,"WD","SE"
16,6,72,"WD","SE"
44,35,72,"WD","SE"
13,4,72,"WD","SE"
547,1,72,"WD","SE"
20,6,72,"WD","SE"
28,22,72,"WD","SE"
86,2,72,"WD","SE"
11,30,72,"WD","SE"
50,4,73,"WD","SE"
32,9,73,"WD","SE"
4,9,73,"WD","SE"
544,3,73,"WD","SE"
545,2,73,"WD","SE"
36,6,73,"WD","SE"
84,1,73,"WD","SE"
57,9,73,"WD","SE"
91,8,73,"WD","SE"
11,30,73,"WD","SE"
7,24,73,"WD","SE"
64,23,73,"WD","SE"
52,2,73,"WD","SE"
47,10,73,"WD","SE"
93,3,73,"WD","SE"
49,1,73,"WD","SE"
78,9,73,"WD","SE"
5,9,73,"WD","SE"
61,37,73,"WD","SE"
51,3,73,"WD","SE"
64,23,73,"WD","SE"
1,3,73,"WD","SE"
92,1,73,"WD","SE"
57,9,73,"WD","SE"
16,6,73,"WD","SE"
12,9,74,"WD","SE"
19,8,74,"WD","SE"
547,1,74,"WD","SE"
5,9,74,"WD","SE"
20,6,74,"WD","SE"
40,6,74,"WD","SE"
57,9,74,"WD","SE"
80,10,74,"WD","SE"
71,1,74,"WD","SE"
82,3,74,"WD","SE"
551,1,74,"WD","SE"
57,9,74,"WD","SE"
26,41,74,"WD","SE"
50,4,74,"WD","SE"
38,5,74,"WD","SE"
48,4,74,"WD","SE"
76,6,74,"WD","SE"
72,8,74,"WD","SE"
23,7,74,"WD","SE"
90,3,74,"WD","SE"
45,7,74,"WD","SE"
67,9,74,"WD","SE"
93,3,74,"WD","SE"
29,2,74,"WD","SE"
43,1,74,"WD","SE"
5,9,75,"WD","SE"
59,5,75,"WD","SE"
548,1,75,"WD","SE"
16,6,75,"WD","SE"
71,1,75,"WD","SE"
78,9,75,"WD","SE"
57,9,75,"WD","SE"
47,10,75,"WD","SE"
41,1,75,"WD","SE"
36,6,75,"WD","SE"
29,2,75,"WD","SE"
67,9,75,"WD","SE"
43,1,75,"WD","SE"
13,4,75,"WD","SE"
33,12,75,"WD","SE"
84,1,75,"WD","SE"
1,3,75,"WD","SE"
58,2,75,"WD","SE"
12,9,75,"WD","SE"
205,2,75,"WD","SE"
11,30,75,"WD","SE"
86,2,75,"WD","SE"
90,3,75,"WD","SE"
57,9,75,"WD","SE"
48,4,75,"WD","SE"
77,18,76,"WD","SE"
32,9,76,"WD","SE"
53,1,76,"WD","SE"
546,1,76,"WD","SE"
28,22,76,"WD","SE"
5,9,76,"WD","SE"
91,8,76,"WD","SE"
9,1,76,"WD","SE"
33,12,76,"WD","SE"
51,3,76,"WD","SE"
205,2,76,"WD","SE"
67,9,76,"WD","SE"
28,22,76,"WD","SE"
6,4,76,"WD","SE"
12,9,76,"WD","SE"
78,9,76,"WD","SE"
43,1,76,"WD","SE"
44,35,76,"WD","SE"
80,10,76,"WD","SE"
17,5,76,"WD","SE"
48,4,76,"WD","SE"
7,24,76,"WD","SE"
93,3,76,"WD","SE"
84,1,76,"WD","SE"
19,8,76,"WD","SE"
84,1,77,"WD","SE"
41,1,77,"WD","SE"
80,10,77,"WD","SE"
49,1,77,"WD","SE"
74,1,77,"WD","SE"
4,9,77,"WD","SE"
32,9,77,"WD","SE"
28,22,77,"WD","SE"
1,3,77,"WD","SE"
72,8,77,"WD","SE"
338,3,77,"WD","SE"
77,18,77,"WD","SE"
545,2,77,"WD","SE"
7,24,77,"WD","SE"
23,7,77,"WD","SE"
47,10,77,"WD","SE"
61,37,77,"WD","SE"
57,9,77,"WD","SE"
544,3,77,"WD","SE"
551,1,77,"WD","SE"
11,30,77,"WD","SE"
64,23,77,"WD","SE"
548,1,77,"WD","SE"
48,4,77,"WD","SE"
71,1,77,"WD","SE"
86,2,78,"WD","SE"
80,10,78,"WD","SE"
37,1,78,"WD","SE"
338,3,78,"WD","SE"
5,9,78,"WD","SE"
61,37,78,"WD","SE"
84,1,78,"WD","SE"
7,24,78,"WD","SE"
546,1,78,"WD","SE"
13,4,78,"WD","SE"
17,5,78,"WD","SE"
51,3,78,"WD","SE"
71,1,78,"WD","SE"
48,4,78,"WD","SE"
77,18,78,"WD","SE"
57,9,78,"WD","SE"
36,6,78,"WD","SE"
92,1,78,"WD","SE"
7,24,78,"WD","SE"
14,16,78,"WD","SE"
82,3,78,"WD","SE"
44,35,78,"WD","SE"
45,7,78,"WD","SE"
43,1,78,"WD","SE"
80,10,78,"WD","SE"
14,16,79,"WD","SE"
59,5,79,"WD","SE"
51,3,79,"WD","SE"
90,3,79,"WD","SE"
13,4,79,"WD","SE"
26,41,79,"WD","SE"
4,9,79,"WD","SE"
72,8,79,"WD","SE"
93,3,79,"WD","SE"
11,30,79,"WD","SE"
1,3,79,"WD","SE"
546,1,79,"WD","SE"
33,12,79,"WD","SE"
74,1,79,"WD","SE"
28,22,79,"WD","SE"
84,1,79,"WD","SE"
37,1,79,"WD","SE"
36,6,79,"WD","SE"
44,35,79,"WD","SE"
57,9,79,"WD","SE"
12,9,79,"WD","SE"
78,9,79,"WD","SE"
49,1,79,"WD","SE"
20,6,79,"WD","SE"
7,24,79,"WD","SE"
72,8,80,"WD","SE"
23,7,80,"WD","SE"
32,9,80,"WD","SE"
61,37,80,"WD","SE"
53,1,80,"WD","SE"
64,23,80,"WD","SE"
51,3,80,"WD","SE"
90,3,80,"WD","SE"
86,2,80,"WD","SE"
78,9,80,"WD","SE"
6,4,80,"WD","SE"
4,9,80,"WD","SE"
544,3,80,"WD","SE"
546,1,80,"WD","SE"
19,8,80,"WD","SE"
37,1,80,"WD","SE"
16,6,80,"WD","SE"
52,2,80,"WD","SE"
36,6,80,"WD","SE"
50,4,80,"WD","SE"
51,3,80,"WD","SE"
33,12,80,"WD","SE"
76,6,80,"WD","SE"
14,16,80,"WD","SE"
5,9,80,"WD","SE"
58,2,81,"WD","SE"
43,1,81,"WD","SE"
13,4,81,"WD","SE"
20,6,81,"WD","SE"
80,10,81,"WD","SE"
49,1,81,"WD","SE"
19,8,81,"WD","SE"
205,2,81,"WD","SE"
57,9,81,"WD","SE"
47,10,81,"WD","SE"
7,24,81,"WD","SE"
7,24,81,"WD","SE"
86,2,81,"WD","SE"
45,7,81,"WD","SE"
93,3,81,"WD","SE"
544,3,81,"WD","SE"
12,9,81,"WD","SE"
50,4,81,"WD","SE"
67,9,81,"WD","SE"
5,9,81,"WD","SE"
40,6,81,"WD","SE"
51,3,81,"WD","SE"
91,8,81,"WD","SE"
545,2,81,"WD","SE"
551,1,81,"WD","SE"
41,1,82,"WD","SE"
545,2,82,"WD","SE"
44,35,82,"WD","SE"
205,2,82,"WD","SE"
50,4,82,"WD","SE"
23,7,82,"WD","SE"
47,10,82,"WD","SE"
5,9,82,"WD","SE"
48,4,82,"WD","SE"
12,9,82,"WD","SE"
78,9,82,"WD","SE"
546,1,82,"WD","SE"
551,1,82,"WD","SE"
80,10,82,"WD","SE"
17,5,82,"WD","SE"
19,8,82,"WD","SE"
93,3,82,"WD","SE"
14,16,82,"WD","SE"
51,3,82,"WD","SE"
57,9,82,"WD","SE"
7,24,82,"WD","SE"
67,9,82,"WD","SE"
76,6,82,"WD","SE"
57,9,82,"WD","SE"
43,1,82,"WD","SE"
80,10,83,"WD","SE"
82,3,83,"WD","SE"
77,18,83,"WD","SE"
93,3,83,"WD","SE"
545,2,83,"WD","SE"
47,10,83,"WD","SE"
36,6,83,"WD","SE"
16,6,83,"WD","SE"
7,24,83,"WD","SE"
28,22,83,"WD","SE"
38,5,83,"WD","SE"
64,23,83,"WD","SE"
86,2,83,"WD","SE"
44,35,83,"WD","SE"
36,6,83,"WD","SE"
12,9,83,"WD","SE"
33,12,83,"WD","SE"
49,1,83,"WD","SE"
59,5,83,"WD","SE"
17,5,83,"WD","SE"
82,3,83,"WD","SE"
74,1,83,"WD","SE"
50,4,83,"WD","SE"
64,23,83,"WD","SE"
51,3,83,"WD","SE"
547,1,84,"WD","SE"
76,6,84,"WD","SE"
86,2,84,"WD","SE"
38,5,84,"WD","SE"
51,3,84,"WD","SE"
80,10,84,"WD","SE"
7,24,84,"WD","SE"
61,37,84,"WD","SE"
84,1,84,"WD","SE"
82,3,84,"WD","SE"
57,9,84,"WD","SE"
67,9,84,"WD","SE"
58,2,84,"WD","SE"
28,22,84,"WD","SE"
57,9,84,"WD","SE"
92,1,84,"WD","SE"
47,10,84,"WD","SE"
93,3,84,"WD","SE"
7,24,84,"WD","SE"
36,6,84,"WD","SE"
19,8,84,"WD","SE"
64,23,84,"WD","SE"
544,3,84,"WD","SE"
91,8,84,"WD","SE"
16,6,84,"WD","SE"
26,41,85,"WD","SE"
29,2,85,"WD","SE"
16,6,85,"WD","SE"
91,8,85,"WD","SE"
52,2,85,"WD","SE"
45,7,85,"WD","SE"
84,1,85,"WD","SE"
61,37,85,"WD","SE"
7,24,85,"WD","SE"
548,1,85,"WD","SE"
37,1,85,"WD","SE"
205,2,85,"WD","SE"
77,18,85,"WD","SE"
57,9,85,"WD","SE"
53,1,85,"WD","SE"
64,23,85,"WD","SE"
74,1,85,"WD","SE"
93,3,85,"WD","SE"
14,16,85,"WD","SE"
78,9,85,"WD","SE"
41,1,85,"WD","SE"
64,23,85,"WD","SE"
48,4,85,"WD","SE"
72,8,85,"WD","SE"
90,3,85,"WD","SE"
5,9,86,"WD","SE"
38,5,86,"WD","SE"
16,6,86,"WD","SE"
64,23,86,"WD","SE"
93,3,86,"WD","SE"
545,2,86,"WD","SE"
544,3,86,"WD","SE"
50,4,86,"WD","SE"
19,8,86,"WD","SE"
546,1,86,"WD","SE"
86,2,86,"WD","SE"
36,6,86,"WD","SE"
48,4,86,"WD","SE"
6,4,86,"WD","SE"
74,1,86,"WD","SE"
59,5,86,"WD","SE"
49,1,86,"WD","SE"
43,1,86,"WD","SE"
32,9,86,"WD","SE"
29,2,86,"WD","SE"
37,1,86,"WD","SE"
23,7,86,"WD","SE"
40,6,86,"WD","SE"
551,1,86,"WD","SE"
64,23,86,"WD","SE"
47,10,87,"WD","SE"
6,4,87,"WD","SE"
67,9,87,"WD","SE"
76,6,87,"WD","SE"
58,2,87,"WD","SE"
59,5,87,"WD","SE"
86,2,87,"WD","SE"
547,1,87,"WD","SE"
48,4,87,"WD","SE"
44,35,87,"WD","SE"
7,24,87,"WD","SE"
92,1,87,"WD","SE"
33,12,87,"WD","SE"
74,1,87,"WD","SE"
4,9,87,"WD","SE"
28,22,87,"WD","SE"
205,2,87,"WD","SE"
544,3,87,"WD","SE"
77,18,87,"WD","SE"
49,1,87,"WD","SE"
82,3,87,"WD","SE"
7,24,87,"WD","SE"
20,6,87,"WD","SE"
19,8,87,"WD","SE"
78,9,87,"WD","SE"
546,1,88,"WD","SE"
71,1,88,"WD","SE"
90,3,88,"WD","SE"
13,4,88,"WD","SE"
47,10,88,"WD","SE"
41,1,88,"WD","SE"
19,8,88,"WD","SE"
78,9,88,"WD","SE"
23,7,88,"WD","SE"
76,6,88,"WD","SE"
53,1,88,"WD","SE"
84,1,88,"WD","SE"
67,9,88,"WD","SE"
544,3,88,"WD","SE"
11,30,88,"WD","SE"
51,3,88,"WD","SE"
51,3,88,"WD","SE"
57,9,88,"WD","SE"
548,1,88,"WD","SE"
64,23,88,"WD","SE"
49,1,88,"WD","SE"
36,6,88,"WD","SE"
45,7,88,"WD","SE"
82,3,88,"WD","SE"
58,2,88,"WD","SE"
37,1,89,"WD","SE"
59,5,89,"WD","SE"
33,12,89,"WD","SE"
80,10,89,"WD","SE"
7,24,89,"WD","SE"
44,35,89,"WD","SE"
71,1,89,"WD","SE"
90,3,89,"WD","SE"
53,1,89,"WD","SE"
12,9,89,"WD","SE"
82,3,89,"WD","SE"
9,1,89,"WD","SE"
13,4,89,"WD","SE"
57,9,89,"WD","SE"
86,2,89,"WD","SE"
80,10,89,"WD","SE"
40,6,89,"WD","SE"
47,10,89,"WD","SE"
57,9,89,"WD","SE"
76,6,89,"WD","SE"
52,2,89,"WD","SE"
38,5,89,"WD","SE"
78,9,89,"WD","SE"
20,6,89,"WD","SE"
91,8,89,"WD","SE"
11,30,90,"WD","SE"
92,1,90,"WD","SE"
52,2,90,"WD","SE"
86,2,90,"WD","SE"
13,4,90,"WD","SE"
5,9,90,"WD","SE"
205,2,90,"WD","SE"
7,24,90,"WD","SE"
548,1,90,"WD","SE"
26,41,90,"WD","SE"
28,22,90,"WD","SE"
546,1,90,"WD","SE"
50,4,90,"WD","SE"
551,1,90,"WD","SE"
7,24,90,"WD","SE"
4,9,90,"WD","SE"
5,9,90,"WD","SE"
78,9,90,"WD","SE"
48,4,90,"WD","SE"
59,5,90,"WD","SE"
71,1,90,"WD","SE"
57,9,90,"WD","SE"
82,3,90,"WD","SE"
13,4,90,"WD","SE"
47,10,90,"WD","SE"
44,35,91,"WD","SE"
28,22,91,"WD","SE"
12,9,91,"WD","SE"
20,6,91,"WD","SE"
59,5,91,"WD","SE"
77,18,91,"WD","SE"
205,2,91,"WD","SE"
41,1,91,"WD","SE"
4,9,91,"WD","SE"
72,8,91,"WD","SE"
6,4,91,"WD","SE"
36,6,91,"WD","SE"
91,8,91,"WD","SE"
548,1,91,"WD","SE"
546,1,91,"WD","SE"
19,8,91,"WD","SE"
29,2,91,"WD","SE"
76,6,91,"WD","SE"
80,10,91,"WD","SE"
80,10,91,"WD","SE"
74,1,91,"WD","SE"
36,6,91,"WD","SE"
26,41,91,"WD","SE"
28,22,91,"WD","SE"
45,7,91,"WD","SE"
28,22,92,"WD","SE"
48,4,92,"WD","SE"
7,24,92,"WD","SE"
16,6,92,"WD","SE"
58,2,92,"WD","SE"
36,6,92,"WD","SE"
80,10,92,"WD","SE"
80,10,92,"WD","SE"
67,9,92,"WD","SE"
82,3,92,"WD","SE"
7,24,92,"WD","SE"
78,9,92,"WD","SE"
33,12,92,"WD","SE"
9,1,92,"WD","SE"
17,5,92,"WD","SE"
41,1,92,"WD","SE"
13,4,92,"WD","SE"
76,6,92,"WD","SE"
84,1,92,"WD","SE"
86,2,92,"WD","SE"
544,3,92,"WD","SE"
64,23,92,"WD","SE"
33,12,92,"WD","SE"
61,37,92,"WD","SE"
11,30,92,"WD","SE"
36,6,93,"WD","SE"
1,3,93,"WD","SE"
547,1,93,"WD","SE"
13,4,93,"WD","SE"
548,1,93,"WD","SE"
37,1,93,"WD","SE"
23,7,93,"WD","SE"
19,8,93,"WD","SE"
82,3,93,"WD","SE"
44,35,93,"WD","SE"
49,1,93,"WD","SE"
12,9,93,"WD","SE"
47,10,93,"WD","SE"
544,3,93,"WD","SE"
80,10,93,"WD","SE"
17,5,93,"WD","SE"
546,1,93,"WD","SE"
29,2,93,"WD","SE"
86,2,93,"WD","SE"
84,1,93,"WD","SE"
93,3,93,"WD","SE"
7,24,93,"WD","SE"
4,9,93,"WD","SE"
43,1,93,"WD","SE"
58,2,93,"WD","SE"
50,4,94,"WD","SE"
78,9,94,"WD","SE"
44,35,94,"WD","SE"
13,4,94,"WD","SE"
545,2,94,"WD","SE"
51,3,94,"WD","SE"
20,6,94,"WD","SE"
61,37,94,"WD","SE"
77,18,94,"WD","SE"
36,6,94,"WD","SE"
338,3,94,"WD","SE"
51,3,94,"WD","SE"
1,3,94,"WD","SE"
17,5,94,"WD","SE"
74,1,94,"WD","SE"
36,6,94,"WD","SE"
71,1,94,"WD","SE"
82,3,94,"WD","SE"
5,9,94,"WD","SE"
37,1,94,"WD","SE"
38,5,94,"WD","SE"
19,8,94,"WD","SE"
5,9,94,"WD","SE"
29,2,94,"WD","SE"
33,12,94,"WD","SE"
338,3,95,"WD","SE"
23,7,95,"WD","SE"
52,2,95,"WD","SE"
44,35,95,"WD","SE"
40,6,95,"WD","SE"
74,1,95,"WD","SE"
548,1,95,"WD","SE"
29,2,95,"WD","SE"
61,37,95,"WD","SE"
1,3,95,"WD","SE"
28,22,95,"WD","SE"
5,9,95,"WD","SE"
32,9,95,"WD","SE"
19,8,95,"WD","SE"
544,3,95,"WD","SE"
57,9,95,"WD","SE"
16,6,95,"WD","SE"
28,22,95,"WD","SE"
17,5,95,"WD","SE"
38,5,95,"WD","SE"
5,9,95,"WD","SE"
90,3,95,"WD","SE"
11,30,95,"WD","SE"
9,1,95,"WD","SE"
7,24,95,"WD","SE"
77,18,96,"WD","SE"
58,2,96,"WD","SE"
548,1,96,"WD","SE"
33,12,96,"WD","SE"
29,2,96,"WD","SE"
14,16,96,"WD","SE"
547,1,96,"WD","SE"
64,23,96,"WD","SE"
57,9,96,"WD","SE"
545,2,96,"WD","SE"
64,23,96,"WD","SE"
61,37,96,"WD","SE"
551,1,96,"WD","SE"
78,9,96,"WD","SE"
72,8,96,"WD","SE"
52,2,96,"WD","SE"
91,8,96,"WD","SE"
19,8,96,"WD","SE"
86,2,96,"WD","SE"
84,1,96,"WD","SE"
28,22,96,"WD","SE"
57,9,96,"WD","SE"
49,1,96,"WD","SE"
82,3,96,"WD","SE"
4,9,96,"WD","SE"
17,5,97,"WD","SE"
13,4,97,"WD","SE"
40,6,97,"WD","SE"
59,5,97,"WD","SE"
32,9,97,"WD","SE"
91,8,97,"WD","SE"
64,23,97,"WD","SE"
26,41,97,"WD","SE"
38,5,97,"WD","SE"
80,10,97,"WD","SE"
33,12,97,"WD","SE"
546,1,97,"WD","SE"
47,10,97,"WD","SE"
19,8,97,"WD","SE"
50,4,97,"WD","SE"
1,3,97,"WD","SE"
28,22,97,"WD","SE"
57,9,97,"WD","SE"
36,6,97,"WD","SE"
90,3,97,"WD","SE"
61,37,97,"WD","SE"
52,2,97,"WD","SE"
13,4,97,"WD","SE"
71,1,97,"WD","SE"
11,30,97,"WD","SE"
78,9,98,"WD","SE"
5,9,98,"WD","SE"
11,30,98,"WD","SE"
61,37,98,"WD","SE"
544,3,98,"WD","SE"
91,8,98,"WD","SE"
80,10,98,"WD","SE"
33,12,98,"WD","SE"
41,1,98,"WD","SE"
6,4,98,"WD","SE"
72,8,98,"WD","SE"
338,3,98,"WD","SE"
77,18,98,"WD","SE"
58,2,98,"WD","SE"
32,9,98,"WD","SE"
1,3,98,"WD","SE"
50,4,98,"WD","SE"
90,3,98,"WD","SE"
551,1,98,"WD","SE"
205,2,98,"WD","SE"
26,41,98,"WD","SE"
37,1,98,"WD","SE"
93,3,98,"WD","SE"
9,1,98,"WD","SE"
20,6,98,"WD","SE"
82,3,99,"WD","SE"
57,9,99,"WD","SE"
51,3,99,"WD","SE"
72,8,99,"WD","SE"
6,4,99,"WD","SE"
13,4,99,"WD","SE"
7,24,99,"WD","SE"
5,9,99,"WD","SE"
12,9,99,"WD","SE"
338,3,99,"WD","SE"
17,5,99,"WD","SE"
84,1,99,"WD","SE"
49,1,99,"WD","SE"
26,41,99,"WD","SE"
80,10,99,"WD","SE"
205,2,99,"WD","SE"
37,1,99,"WD","SE"
51,3,99,"WD","SE"
36,6,99,"WD","SE"
57,9,99,"WD","SE"
92,1,99,"WD","SE"
40,6,99,"WD","SE"
41,1,99,"WD","SE"
44,35,99,"WD","SE"
80,10,99,"WD","SE"
93,3,100,"WD","SE"
50,4,100,"WD","SE"
67,9,100,"WD","SE"
547,1,100,"WD","SE"
47,10,100,"WD","SE"
77,18,100,"WD","SE"
544,3,100,"WD","SE"
16,6,100,"WD","SE"
43,1,100,"WD","SE"
44,35,100,"WD","SE"
72,8,100,"WD","SE"
38,5,100,"WD","SE"
84,1,100,"WD","SE"
20,6,100,"WD","SE"
52,2,100,"WD","SE"
48,4,100,"WD","SE"
49,1,100,"WD","SE"
78,9,100,"WD","SE"
548,1,100,"WD","SE"
19,8,100,"WD","SE"
17,5,100,"WD","SE"
92,1,100,"WD","SE"
13,4,100,"WD","SE"
59,5,100,"WD","SE"
23,7,100,"WD","SE"
92,1,101,"WD","SE"
26,41,101,"WD","SE"
9,1,101,"WD","SE"
86,2,101,"WD","SE"
82,3,101,"WD","SE"
67,9,101,"WD","SE"
61,37,101,"WD","SE"
84,1,101,"WD","SE"
545,2,101,"WD","SE"
338,3,101,"WD","SE"
59,5,101,"WD","SE"
12,9,101,"WD","SE"
20,6,101,"WD","SE"
13,4,101,"WD","SE"
47,10,101,"WD","SE"
40,6,101,"WD","SE"
29,2,101,"WD","SE"
93,3,101,"WD","SE"
91,8,101,"WD","SE"
44,35,101,"WD","SE"
6,4,101,"WD","SE"
548,1,101,"WD","SE"
544,3,101,"WD","SE"
37,1,101,"WD","SE"
16,6,101,"WD","SE"
53,1,102,"WD","SE"
38,5,102,"WD","SE"
78,9,102,"WD","SE"
47,10,102,"WD","SE"
93,3,102,"WD","SE"
51,3,102,"WD","SE"
72,8,102,"WD","SE"
33,12,102,"WD","SE"
19,8,102,"WD","SE"
61,37,102,"WD","SE"
9,1,102,"WD","SE"
64,23,102,"WD","SE"
82,3,102,"WD","SE"
205,2,102,"WD","SE"
4,9,102,"WD","SE"
26,41,102,"WD","SE"
58,2,102,"WD","SE"
36,6,102,"WD","SE"
52,2,102,"WD","SE"
80,10,102,"WD","SE"
40,6,102,"WD","SE"
7,24,102,"WD","SE"
41,1,102,"WD","SE"
28,22,102,"WD","SE"
74,1,102,"WD","SE"
23,7,103,"WD","SE"
205,2,103,"WD","SE"
43,1,103,"WD","SE"
29,2,103,"WD","SE"
20,6,103,"WD","SE"
64,23,103,"WD","SE"
36,6,103,"WD","SE"
53,1,103,"WD","SE"
58,2,103,"WD","SE"
61,37,103,"WD","SE"
57,9,103,"WD","SE"
547,1,103,"WD","SE"
47,10,103,"WD","SE"
551,1,103,"WD","SE"
74,1,103,"WD","SE"
80,10,103,"WD","SE"
16,6,103,"WD","SE"
67,9,103,"WD","SE"
19,8,103,"WD","SE"
9,1,103,"WD","SE"
546,1,103,"WD","SE"
86,2,103,"WD","SE"
33,12,103,"WD","SE"
7,24,103,"WD","SE"
77,18,103,"WD","SE"
7,24,104,"WD","SE"
64,23,104,"WD","SE"
71,1,104,"WD","SE"
9,1,104,"WD","SE"
41,1,104,"WD","SE"
49,1,104,"WD","SE"
20,6,104,"WD","SE"
48,4,104,"WD","SE"
86,2,104,"WD","SE"
64,23,104,"WD","SE"
43,1,104,"WD","SE"
61,37,104,"WD","SE"
545,2,104,"WD","SE"
7,24,104,"WD","SE"
45,7,104,"WD","SE"
26,41,104,"WD","SE"
37,1,104,"WD","SE"
11,30,104,"WD","SE"
44,35,104,"WD","SE"
53,1,104,"WD","SE"
78,9,104,"WD","SE"
548,1,104,"WD","SE"
80,10,104,"WD","SE"
57,9,104,"WD","SE"
93,3,104,"WD","SE"
33,12,105,"WD","SE"
80,10,105,"WD","SE"
50,4,105,"WD","SE"
26,41,105,"WD","SE"
82,3,105,"WD","SE"
32,9,105,"WD","SE"
551,1,105,"WD","SE"
78,9,105,"WD","SE"
36,6,105,"WD","SE"
11,30,105,"WD","SE"
12,9,105,"WD","SE"
17,5,105,"WD","SE"
80,10,105,"WD","SE"
82,3,105,"WD","SE"
545,2,105,"WD","SE"
64,23,105,"WD","SE"
40,6,105,"WD","SE"
84,1,105,"WD","SE"
74,1,105,"WD","SE"
41,1,105,"WD","SE"
5,9,105,"WD","SE"
93,3,105,"WD","SE"
20,6,105,"WD","SE"
7,24,105,"WD","SE"
13,4,105,"WD","SE"
47,10,106,"WD","SE"
82,3,106,"WD","SE"
44,35,106,"WD","SE"
16,6,106,"WD","SE"
38,5,106,"WD","SE"
13,4,106,"WD","SE"
57,9,106,"WD","SE"
338,3,106,"WD","SE"
545,2,106,"WD","SE"
5,9,106,"WD","SE"
92,1,106,"WD","SE"
28,22,106,"WD","SE"
26,41,106,"WD","SE"
43,1,106,"WD","SE"
4,9,106,"WD","SE"
64,23,106,"WD","SE"
52,2,106,"WD","SE"
36,6,106,"WD","SE"
14,16,106,"WD","SE"
67,9,106,"WD","SE"
40,6,106,"WD","SE"
44,35,106,"WD","SE"
546,1,106,"WD","SE"
1,3,106,"WD","SE"
58,2,106,"WD","SE"
44,35,107,"WD","SE"
67,9,107,"WD","SE"
546,1,107,"WD","SE"
11,30,107,"WD","SE"
5,9,107,"WD","SE"
51,3,107,"WD","SE"
36,6,107,"WD","SE"
28,22,107,"WD","SE"
40,6,107,"WD","SE"
82,3,107,"WD","SE"
548,1,107,"WD","SE"
76,6,107,"WD","SE"
29,2,107,"WD","SE"
338,3,107,"WD","SE"
14,16,107,"WD","SE"
23,7,107,"WD","SE"
80,10,107,"WD","SE"
26,41,107,"WD","SE"
45,7,107,"WD","SE"
545,2,107,"WD","SE"
13,4,107,"WD","SE"
93,3,107,"WD","SE"
205,2,107,"WD","SE"
37,1,107,"WD","SE"
47,10,107,"WD","SE"
74,1,108,"WD","SE"
76,6,108,"WD","SE"
92,1,108,"WD","SE"
11,30,108,"WD","SE"
52,2,108,"WD","SE"
33,12,108,"WD","SE"
71,1,108,"WD","SE"
544,3,108,"WD","SE"
19,8,108,"WD","SE"
64,23,108,"WD","SE"
50,4,108,"WD","SE"
29,2,108,"WD","SE"
14,16,108,"WD","SE"
44,35,108,"WD","SE"
82,3,108,"WD","SE"
57,9,108,"WD","SE"
57,9,108,"WD","SE"
91,8,108,"WD","SE"
7,24,108,"WD","SE"
61,37,108,"WD","SE"
5,9,108,"WD","SE"
77,18,108,"WD","SE"
13,4,108,"WD","SE"
58,2,108,"WD","SE"
93,3,108,"WD","SE"
52,2,109,"WD","SE"
37,1,109,"WD","SE"
16,6,109,"WD","SE"
38,5,109,"WD","SE"
33,12,109,"WD","SE"
544,3,109,"WD","SE"
28,22,109,"WD","SE"
71,1,109,"WD","SE"
48,4,109,"WD","SE"
61,37,109,"WD","SE"
6,4,109,"WD","SE"
7,24,109,"WD","SE"
1,3,109,"WD","SE"
72,8,109,"WD","SE"
51,3,109,"WD","SE"
84,1,109,"WD","SE"
40,6,109,"WD","SE"
67,9,109,"WD","SE"
4,9,109,"WD","SE"
77,18,109,"WD","SE"
9,1,109,"WD","SE"
80,10,109,"WD","SE"
11,30,109,"WD","SE"
45,7,109,"WD","SE"
26,41,109,"WD","SE"
17,5,110,"WD","SE"
84,1,110,"WD","SE"
53,1,110,"WD","SE"
67,9,110,"WD","SE"
19,8,110,"WD","SE"
7,24,110,"WD","SE"
90,3,110,"WD","SE"
16,6,110,"WD","SE"
91,8,110,"WD","SE"
544,3,110,"WD","SE"
7,24,110,"WD","SE"
13,4,110,"WD","SE"
1,3,110,"WD","SE"
37,1,110,"WD","SE"
14,16,110,"WD","SE"
28,22,110,"WD","SE"
93,3,110,"WD","SE"
43,1,110,"WD","SE"
548,1,110,"WD","SE"
547,1,110,"WD","SE"
80,10,110,"WD","SE"
26,41,110,"WD","SE"
23,7,110,"WD","SE"
72,8,110,"WD","SE"
45,7,110,"WD","SE"
49,1,111,"WD","SE"
86,2,111,"WD","SE"
13,4,111,"WD","SE"
47,10,111,"WD","SE"
44,35,111,"WD","SE"
548,1,111,"WD","SE"
92,1,111,"WD","SE"
50,4,111,"WD","SE"
544,3,111,"WD","SE"
84,1,111,"WD","SE"
547,1,111,"WD","SE"
53,1,111,"WD","SE"
48,4,111,"WD","SE"
43,1,111,"WD","SE"
14,16,111,"WD","SE"
9,1,111,"WD","SE"
6,4,111,"WD","SE"
26,41,111,"WD","SE"
33,12,111,"WD","SE"
13,4,111,"WD","SE"
40,6,111,"WD","SE"
52,2,111,"WD","SE"
546,1,111,"WD","SE"
77,18,111,"WD","SE"
11,30,111,"WD","SE"
44,35,112,"WD","SE"
51,3,112,"WD","SE"
44,35,112,"WD","SE"
92,1,112,"WD","SE"
12,9,112,"WD","SE"
41,1,112,"WD","SE"
5,9,112,"WD","SE"
77,18,112,"WD","SE"
76,6,112,"WD","SE"
61,37,112,"WD","SE"
26,41,112,"WD","SE"
67,9,112,"WD","SE"
13,4,112,"WD","SE"
29,2,112,"WD","SE"
53,1,112,"WD","SE"
33,12,112,"WD","SE"
93,3,112,"WD","SE"
7,24,112,"WD","SE"
91,8,112,"WD","SE"
32,9,112,"WD","SE"
78,9,112,"WD","SE"
545,2,112,"WD","SE"
28,22,112,"WD","SE"
57,9,112,"WD","SE"
205,2,112,"WD","SE"
80,10,113,"WD","SE"
16,6,113,"WD","SE"
544,3,113,"WD","SE"
9,1,113,"WD","SE"
45,7,113,"WD","SE"
13,4,113,"WD","SE"
32,9,113,"WD","SE"
57,9,113,"WD","SE"
548,1,113,"WD","SE"
19,8,113,"WD","SE"
545,2,113,"WD","SE"
23,7,113,"WD","SE"
59,5,113,"WD","SE"
47,10,113,"WD","SE"
17,5,113,"WD","SE"
82,3,113,"WD","SE"
28,22,113,"WD","SE"
52,2,113,"WD","SE"
71,1,113,"WD","SE"
80,10,113,"WD","SE"
90,3,113,"WD","SE"
51,3,113,"WD","SE"
12,9,113,"WD","SE"
11,30,113,"WD","SE"
41,1,113,"WD","SE"
547,1,114,"WD","SE"
17,5,114,"WD","SE"
11,30,114,"WD","SE"
7,24,114,"WD","SE"
33,12,114,"WD","SE"
29,2,114,"WD","SE"
205,2,114,"WD","SE"
551,1,114,"WD","SE"
78,9,114,"WD","SE"
49,1,114,"WD","SE"
43,1,114,"WD","SE"
545,2,114,"WD","SE"
92,1,114,"WD","SE"
546,1,114,"WD","SE"
53,1,114,"WD","SE"
36,6,114,"WD","SE"
47,10,114,"WD","SE"
36,6,114,"WD","SE"
82,3,114,"WD","SE"
33,12,114,"WD","SE"
59,5,114,"WD","SE"
12,9,114,"WD","SE"
7,24,114,"WD","SE"
64,23,114,"WD","SE"
5,9,114,"WD","SE"
20,6,115,"WD","SE"
58,2,115,"WD","SE"
86,2,115,"WD","SE"
1,3,115,"WD","SE"
40,6,115,"WD","SE"
80,10,115,"WD","SE"
57,9,115,"WD","SE"
84,1,115,"WD","SE"
29,2,115,"WD","SE"
80,10,115,"WD","SE"
26,41,115,"WD","SE"
78,9,115,"WD","SE"
32,9,115,"WD","SE"
82,3,115,"WD","SE"
41,1,115,"WD","SE"
49,1,115,"WD","SE"
76,6,115,"WD","SE"
57,9,115,"WD","SE"
7,24,115,"WD","SE"
28,22,115,"WD","SE"
7,24,115,"WD","SE"
9,1,115,"WD","SE"
36,6,115,"WD","SE"
17,5,115,"WD","SE"
77,18,115,"WD","SE"
205,2,116,"WD","SE"
61,37,116,"WD","SE"
71,1,116,"WD","SE"
91,8,116,"WD","SE"
84,1,116,"WD","SE"
82,3,116,"WD","SE"
49,1,116,"WD","SE"
76,6,116,"WD","SE"
9,1,116,"WD","SE"
53,1,116,"WD","SE"
13,4,116,"WD","SE"
33,12,116,"WD","SE"
51,3,116,"WD","SE"
64,23,116,"WD","SE"
74,1,116,"WD","SE"
7,24,116,"WD","SE"
80,10,116,"WD","SE"
77,18,116,"WD","SE"
37,1,116,"WD","SE"
29,2,116,"WD","SE"
47,10,116,"WD","SE"
338,3,116,"WD","SE"
544,3,116,"WD","SE"
44,35,116,"WD","SE"
90,3,116,"WD","SE"
76,6,117,"WD","SE"
544,3,117,"WD","SE"
47,10,117,"WD","SE"
64,23,117,"WD","SE"
40,6,117,"WD","SE"
51,3,117,"WD","SE"
20,6,117,"WD","SE"
59,5,117,"WD","SE"
4,9,117,"WD","SE"
82,3,117,"WD","SE"
82,3,117,"WD","SE"
545,2,117,"WD","SE"
11,30,117,"WD","SE"
61,37,117,"WD","SE"
44,35,117,"WD","SE"
551,1,117,"WD","SE"
72,8,117,"WD","SE"
17,5,117,"WD","SE"
49,1,117,"WD","SE"
26,41,117,"WD","SE"
9,1,117,"WD","SE"
74,1,117,"WD","SE"
548,1,117,"WD","SE"
41,1,117,"WD","SE"
205,2,117,"WD","SE"
545,2,118,"WD","SE"
32,9,118,"WD","SE"
80,10,118,"WD","SE"
33,12,118,"WD","SE"
9,1,118,"WD","SE"
84,1,118,"WD","SE"
91,8,118,"WD","SE"
19,8,118,"WD","SE"
40,6,118,"WD","SE"
205,2,118,"WD","SE"
547,1,118,"WD","SE"
551,1,118,"WD","SE"
6,4,118,"WD","SE"
53,1,118,"WD","SE"
72,8,118,"WD","SE"
11,30,118,"WD","SE"
76,6,118,"WD","SE"
36,6,118,"WD","SE"
59,5,118,"WD","SE"
16,6,118,"WD","SE"
52,2,118,"WD","SE"
28,22,118,"WD","SE"
546,1,118,"WD","SE"
93,3,118,"WD","SE"
61,37,118,"WD","SE"
82,3,119,"WD","SE"
19,8,119,"WD","SE"
91,8,119,"WD","SE"
5,9,119,"WD","SE"
33,12,119,"WD","SE"
12,9,119,"WD","SE"
38,5,119,"WD","SE"
36,6,119,"WD","SE"
57,9,119,"WD","SE"
36,6,119,"WD","SE"
6,4,119,"WD","SE"
61,37,119,"WD","SE"
48,4,119,"WD","SE"
547,1,119,"WD","SE"
546,1,119,"WD","SE"
64,23,119,"WD","SE"
58,2,119,"WD","SE"
551,1,119,"WD","SE"
338,3,119,"WD","SE"
86,2,119,"WD","SE"
78,9,119,"WD","SE"
77,18,119,"WD","SE"
41,1,119,"WD","SE"
43,1,119,"WD","SE"
17,5,119,"WD","SE"
5,9,120,"WD","SE"
11,30,120,"WD","SE"
7,24,120,"WD","SE"
36,6,120,"WD","SE"
80,10,120,"WD","SE"
90,3,120,"WD","SE"
64,23,120,"WD","SE"
86,2,120,"WD","SE"
33,12,120,"WD","SE"
32,9,120,"WD","SE"
59,5,120,"WD","SE"
38,5,120,"WD","SE"
49,1,120,"WD","SE"
12,9,120,"WD","SE"
338,3,120,"WD","SE"
28,22,120,"WD","SE"
29,2,120,"WD","SE"
77,18,120,"WD","SE"
14,16,120,"WD","SE"
58,2,120,"WD","SE"
26,41,120,"WD","SE"
51,3,120,"WD","SE"
548,1,120,"WD","SE"
7,24,120,"WD","SE"
48,4,120,"WD","SE"
52,2,121,"WD","SE"
92,1,121,"WD","SE"
90,3,121,"WD","SE"
43,1,121,"WD","SE"
28,22,121,"WD","SE"
48,4,121,"WD","SE"
26,41,121,"WD","SE"
11,30,121,"WD","SE"
44,35,121,"WD","SE"
19,8,121,"WD","SE"
548,1,121,"WD","SE"
45,7,121,"WD","SE"
7,24,121,"WD","SE"
80,10,121,"WD","SE"
80,10,121,"WD","SE"
12,9,121,"WD","SE"
49,1,121,"WD","SE"
67,9,121,"WD","SE"
29,2,121,"WD","SE"
77,18,121,"WD","SE"
13,4,121,"WD","SE"
82,3,121,"WD","SE"
546,1,121,"WD","SE"
84,1,121,"WD","SE"
61,37,121,"WD","SE"
40,6,122,"WD","SE"
45,7,122,"WD","SE"
64,23,122,"WD","SE"
7,24,122,"WD","SE"
16,6,122,"WD","SE"
14,16,122,"WD","SE"
1,3,122,"WD","SE"
78,9,122,"WD","SE"
547,1,122,"WD","SE"
49,1,122,"WD","SE"
52,2,122,"WD","SE"
57,9,122,"WD","SE"
84,1,122,"WD","SE"
6,4,122,"WD","SE"
67,9,122,"WD","SE"
77,18,122,"WD","SE"
9,1,122,"WD","SE"
47,10,122,"WD","SE"
29,2,122,"WD","SE"
74,1,122,"WD","SE"
551,1,122,"WD","SE"
57,9,122,"WD","SE"
13,4,122,"WD","SE"
33,12,122,"WD","SE"
33,12,122,"WD","SE"
93,3,123,"WD","SE"
41,1,123,"WD","SE"
33,12,123,"WD","SE"
548,1,123,"WD","SE"
9,1,123,"WD","SE"
546,1,123,"WD","SE"
49,1,123,"WD","SE"
82,3,123,"WD","SE"
58,2,123,"WD","SE"
16,6,123,"WD","SE"
64,23,123,"WD","SE"
50,4,123,"WD","SE"
6,4,123,"WD","SE"
5,9,123,"WD","SE"
43,1,123,"WD","SE"
205,2,123,"WD","SE"
57,9,123,"WD","SE"
80,10,123,"WD","SE"
17,5,123,"WD","SE"
47,10,123,"WD","SE"
57,9,123,"WD","SE"
4,9,123,"WD","SE"
14,16,123,"WD","SE"
64,23,123,"WD","SE"
36,6,123,"WD","SE"
13,4,124,"WD","SE"
1,3,124,"WD","SE"
49,1,124,"WD","SE"
205,2,124,"WD","SE"
84,1,124,"WD","SE"
44,35,124,"WD","SE"
57,9,124,"WD","SE"
78,9,124,"WD","SE"
544,3,124,"WD","SE"
51,3,124,"WD","SE"
53,1,124,"WD","SE"
14,16,124,"WD","SE"
59,5,124,"WD","SE"
547,1,124,"WD","SE"
5,9,124,"WD","SE"
23,7,124,"WD","SE"
546,1,124,"WD","SE"
36,6,124,"WD","SE"
16,6,124,"WD","SE"
548,1,124,"WD","SE"
20,6,124,"WD","SE"
71,1,124,"WD","SE"
61,37,124,"WD","SE"
33,12,124,"WD","SE"
32,9,124,"WD","SE"
49,1,125,"WD","SE"
76,6,125,"WD","SE"
23,7,125,"WD","SE"
7,24,125,"WD","SE"
5,9,125,"WD","SE"
72,8,125,"WD","SE"
44,35,125,"WD","SE"
82,3,125,"WD","SE"
28,22,125,"WD","SE"
74,1,125,"WD","SE"
82,3,125,"WD","SE"
20,6,125,"WD","SE"
19,8,125,"WD","SE"
5,9,125,"WD","SE"
11,30,125,"WD","SE"
57,9,125,"WD","SE"
92,1,125,"WD","SE"
17,5,125,"WD","SE"
33,12,125,"WD","SE"
71,1,125,"WD","SE"
13,4,125,"WD","SE"
6,4,125,"WD","SE"
548,1,125,"WD","SE"
14,16,125,"WD","SE"
13,4,125,"WD","SE"
12,9,126,"WD","SE"
36,6,126,"WD","SE"
51,3,126,"WD","SE"
93,3,126,"WD","SE"
14,16,126,"WD","SE"
338,3,126,"WD","SE"
38,5,126,"WD","SE"
33,12,126,"WD","SE"
61,37,126,"WD","SE"
58,2,126,"WD","SE"
43,1,126,"WD","SE"
92,1,126,"WD","SE"
80,10,126,"WD","SE"
80,10,126,"WD","SE"
37,1,126,"WD","SE"
548,1,126,"WD","SE"
544,3,126,"WD","SE"
52,2,126,"WD","SE"
77,18,126,"WD","SE"
17,5,126,"WD","SE"
19,8,126,"WD","SE"
72,8,126,"WD","SE"
82,3,126,"WD","SE"
48,4,126,"WD","SE"
205,2,126,"WD","SE"
58,2,127,"WD","SE"
19,8,127,"WD","SE"
51,3,127,"WD","SE"
64,23,127,"WD","SE"
9,1,127,"WD","SE"
36,6,127,"WD","SE"
82,3,127,"WD","SE"
1,3,127,"WD","SE"
51,3,127,"WD","SE"
547,1,127,"WD","SE"
90,3,127,"WD","SE"
29,2,127,"WD","SE"
13,4,127,"WD","SE"
50,4,127,"WD","SE"
544,3,127,"WD","SE"
78,9,127,"WD","SE"
44,35,127,"WD","SE"
61,37,127,"WD","SE"
52,2,127,"WD","SE"
5,9,127,"WD","SE"
23,7,127,"WD","SE"
86,2,127,"WD","SE"
13,4,127,"WD","SE"
7,24,127,"WD","SE"
67,9,127,"WD","SE"
7,24,128,"WD","SE"
40,6,128,"WD","SE"
77,18,128,"WD","SE"
47,10,128,"WD","SE"
51,3,128,"WD","SE"
49,1,128,"WD","SE"
6,4,128,"WD","SE"
546,1,128,"WD","SE"
38,5,128,"WD","SE"
61,37,128,"WD","SE"
28,22,128,"WD","SE"
338,3,128,"WD","SE"
5,9,128,"WD","SE"
80,10,128,"WD","SE"
57,9,128,"WD","SE"
43,1,128,"WD","SE"
52,2,128,"WD","SE"
53,1,128,"WD","SE"
44,35,128,"WD","SE"
64,23,128,"WD","SE"
91,8,128,"WD","SE"
1,3,128,"WD","SE"
545,2,128,"WD","SE"
29,2,128,"WD","SE"
82,3,128,"WD","SE"
58,2,129,"WD","SE"
545,2,129,"WD","SE"
77,18,129,"WD","SE"
14,16,129,"WD","SE"
67,9,129,"WD","SE"
5,9,129,"WD","SE"
9,1,129,"WD","SE"
41,1,129,"WD","SE"
28,22,129,"WD","SE"
7,24,129,"WD","SE"
38,5,129,"WD","SE"
92,1,129,"WD","SE"
548,1,129,"WD","SE"
13,4,129,"WD","SE"
45,7,129,"WD","SE"
19,8,129,"WD","SE"
82,3,129,"WD","SE"
33,12,129,"WD","SE"
57,9,129,"WD","SE"
44,35,129,"WD","SE"
29,2,129,"WD","SE"
71,1,129,"WD","SE"
544,3,129,"WD","SE"
64,23,129,"WD","SE"
91,8,129,"WD","SE"
67,9,130,"WD","SE"
545,2,130,"WD","SE"
338,3,130,"WD","SE"
61,37,130,"WD","SE"
6,4,130,"WD","SE"
47,10,130,"WD","SE"
33,12,130,"WD","SE"
64,23,130,"WD","SE"
546,1,130,"WD","SE"
44,35,130,"WD","SE"
59,5,130,"WD","SE"
57,9,130,"WD","SE"
82,3,130,"WD","SE"
19,8,130,"WD","SE"
37,1,130,"WD","SE"
28,22,130,"WD","SE"
1,3,130,"WD","SE"
9,1,130,"WD","SE"
86,2,130,"WD","SE"
547,1,130,"WD","SE"
40,6,130,"WD","SE"
53,1,130,"WD","SE"
84,1,130,"WD","SE"
36,6,130,"WD","SE"
205,2,130,"WD","SE"
38,5,131,"WD","SE"
33,12,131,"WD","SE"
40,6,131,"WD","SE"
13,4,131,"WD","SE"
84,1,131,"WD","SE"
90,3,131,"WD","SE"
23,7,131,"WD","SE"
44,35,131,"WD","SE"
5,9,131,"WD","SE"
93,3,131,"WD","SE"
29,2,131,"WD","SE"
338,3,131,"WD","SE"
14,16,131,"WD","SE"
546,1,131,"WD","SE"
28,22,131,"WD","SE"
50,4,131,"WD","SE"
32,9,131,"WD","SE"
86,2,131,"WD","SE"
77,18,131,"WD","SE"
19,8,131,"WD","SE"
551,1,131,"WD","SE"
51,3,131,"WD","SE"
64,23,131,"WD","SE"
45,7,131,"WD","SE"
13,4,131,"WD","SE"
48,4,132,"WD","SE"
51,3,132,"WD","SE"
545,2,132,"WD","SE"
76,6,132,"WD","SE"
80,10,132,"WD","SE"
67,9,132,"WD","SE"
4,9,132,"WD","SE"
37,1,132,"WD","SE"
57,9,132,"WD","SE"
19,8,132,"WD","SE"
72,8,132,"WD","SE"
12,9,132,"WD","SE"
13,4,132,"WD","SE"
82,3,132,"WD","SE"
38,5,132,"WD","SE"
50,4,132,"WD","SE"
64,23,132,"WD","SE"
26,41,132,"WD","SE"
205,2,132,"WD","SE"
547,1,132,"WD","SE"
1,3,132,"WD","SE"
7,24,132,"WD","SE"
544,3,132,"WD","SE"
82,3,132,"WD","SE"
29,2,132,"WD","SE"
11,30,133,"WD","SE"
551,1,133,"WD","SE"
19,8,133,"WD","SE"
13,4,133,"WD","SE"
6,4,133,"WD","SE"
84,1,133,"WD","SE"
38,5,133,"WD","SE"
72,8,133,"WD","SE"
12,9,133,"WD","SE"
71,1,133,"WD","SE"
44,35,133,"WD","SE"
45,7,133,"WD","SE"
5,9,133,"WD","SE"
59,5,133,"WD","SE"
16,6,133,"WD","SE"
9,1,133,"WD","SE"
48,4,133,"WD","SE"
51,3,133,"WD","SE"
5,9,133,"WD","SE"
28,22,133,"WD","SE"
92,1,133,"WD","SE"
32,9,133,"WD","SE"
546,1,133,"WD","SE"
53,1,133,"WD","SE"
13,4,133,"WD","SE"
28,22,134,"WD","SE"
20,6,134,"WD","SE"
71,1,134,"WD","SE"
64,23,134,"WD","SE"
82,3,134,"WD","SE"
43,1,134,"WD","SE"
45,7,134,"WD","SE"
59,5,134,"WD","SE"
49,1,134,"WD","SE"
44,35,134,"WD","SE"
545,2,134,"WD","SE"
544,3,134,"WD","SE"
36,6,134,"WD","SE"
14,16,134,"WD","SE"
19,8,134,"WD","SE"
64,23,134,"WD","SE"
92,1,134,"WD","SE"
58,2,134,"WD","SE"
53,1,134,"WD","SE"
5,9,134,"WD","SE"
40,6,134,"WD","SE"
32,9,134,"WD","SE"
57,9,134,"WD","SE"
13,4,134,"WD","SE"
57,9,134,"WD","SE"
5,9,135,"WD","SE"
74,1,135,"WD","SE"
13,4,135,"WD","SE"
57,9,135,"WD","SE"
37,1,135,"WD","SE"
72,8,135,"WD","SE"
12,9,135,"WD","SE"
547,1,135,"WD","SE"
17,5,135,"WD","SE"
44,35,135,"WD","SE"
71,1,135,"WD","SE"
49,1,135,"WD","SE"
551,1,135,"WD","SE"
28,22,135,"WD","SE"
28,22,135,"WD","SE"
11,30,135,"WD","SE"
41,1,135,"WD","SE"
40,6,135,"WD","SE"
90,3,135,"WD","SE"
338,3,135,"WD","SE"
13,4,135,"WD","SE"
57,9,135,"WD","SE"
6,4,135,"WD","SE"
23,7,135,"WD","SE"
33,12,135,"WD","SE"
80,10,136,"WD","SE"
28,22,136,"WD","SE"
29,2,136,"WD","SE"
548,1,136,"WD","SE"
44,35,136,"WD","SE"
82,3,136,"WD","SE"
80,10,136,"WD","SE"
58,2,136,"WD","SE"
14,16,136,"WD","SE"
36,6,136,"WD","SE"
38,5,136,"WD","SE"
61,37,136,"WD","SE"
20,6,136,"WD","SE"
59,5,136,"WD","SE"
57,9,136,"WD","SE"
1,3,136,"WD","SE"
32,9,136,"WD","SE"
546,1,136,"WD","SE"
57,9,136,"WD","SE"
6,4,136,"WD","SE"
26,41,136,"WD","SE"
33,12,136,"WD","SE"
40,6,136,"WD","SE"
51,3,136,"WD","SE"
5,9,136,"WD","SE"
7,24,137,"WD","SE"
12,9,137,"WD","SE"
11,30,137,"WD","SE"
80,10,137,"WD","SE"
64,23,137,"WD","SE"
58,2,137,"WD","SE"
17,5,137,"WD","SE"
61,37,137,"WD","SE"
47,10,137,"WD","SE"
40,6,137,"WD","SE"
92,1,137,"WD","SE"
84,1,137,"WD","SE"
33,12,137,"WD","SE"
338,3,137,"WD","SE"
93,3,137,"WD","SE"
90,3,137,"WD","SE"
19,8,137,"WD","SE"
23,7,137,"WD","SE"
548,1,137,"WD","SE"
544,3,137,"WD","SE"
547,1,137,"WD","SE"
28,22,137,"WD","SE"
52,2,137,"WD","SE"
44,35,137,"WD","SE"
44,35,137,"WD","SE"
48,4,138,"WD","SE"
546,1,138,"WD","SE"
91,8,138,"WD","SE"
93,3,138,"WD","SE"
28,22,138,"WD","SE"
41,1,138,"WD","SE"
84,1,138,"WD","SE"
43,1,138,"WD","SE"
28,22,138,"WD","SE"
551,1,138,"WD","SE"
33,12,138,"WD","SE"
61,37,138,"WD","SE"
32,9,138,"WD","SE"
5,9,138,"WD","SE"
57,9,138,"WD","SE"
29,2,138,"WD","SE"
544,3,138,"WD","SE"
86,2,138,"WD","SE"
547,1,138,"WD","SE"
7,24,138,"WD","SE"
90,3,138,"WD","SE"
64,23,138,"WD","SE"
1,3,138,"WD","SE"
545,2,138,"WD","SE"
57,9,138,"WD","SE"
71,1,139,"WD","SE"
52,2,139,"WD","SE"
67,9,139,"WD","SE"
16,6,139,"WD","SE"
6,4,139,"WD","SE"
36,6,139,"WD","SE"
28,22,139,"WD","SE"
19,8,139,"WD","SE"
33,12,139,"WD","SE"
53,1,139,"WD","SE"
547,1,139,"WD","SE"
84,1,139,"WD","SE"
7,24,139,"WD","SE"
11,30,139,"WD","SE"
546,1,139,"WD","SE"
551,1,139,"WD","SE"
78,9,139,"WD","SE"
36,6,139,"WD","SE"
32,9,139,"WD","SE"
17,5,139,"WD","SE"
93,3,139,"WD","SE"
74,1,139,"WD","SE"
90,3,139,"WD","SE"
44,35,139,"WD","SE"
61,37,139,"WD","SE"
76,6,140,"WD","SE"
53,1,140,"WD","SE"
71,1,140,"WD","SE"
47,10,140,"WD","SE"
16,6,140,"WD","SE"
4,9,140,"WD","SE"
33,12,140,"WD","SE"
545,2,140,"WD","SE"
44,35,140,"WD","SE"
51,3,140,"WD","SE"
84,1,140,"WD","SE"
48,4,140,"WD","SE"
64,23,140,"WD","SE"
32,9,140,"WD","SE"
1,3,140,"WD","SE"
544,3,140,"WD","SE"
36,6,140,"WD","SE"
13,4,140,"WD","SE"
45,7,140,"WD","SE"
86,2,140,"WD","SE"
338,3,140,"WD","SE"
37,1,140,"WD","SE"
548,1,140,"WD","SE"
28,22,140,"WD","SE"
41,1,140,"WD","SE"
38,5,141,"WD","SE"
80,10,141,"WD","SE"
64,23,141,"WD","SE"
36,6,141,"WD","SE"
5,9,141,"WD","SE"
551,1,141,"WD","SE"
92,1,141,"WD","SE"
78,9,141,"WD","SE"
90,3,141,"WD","SE"
338,3,141,"WD","SE"
57,9,141,"WD","SE"
37,1,141,"WD","SE"
82,3,141,"WD","SE"
84,1,141,"WD","SE"
11,30,141,"WD","SE"
44,35,141,"WD","SE"
548,1,141,"WD","SE"
13,4,141,"WD","SE"
47,10,141,"WD","SE"
33,12,141,"WD","SE"
7,24,141,"WD","SE"
91,8,141,"WD","SE"
7,24,141,"WD","SE"
28,22,141,"WD","SE"
19,8,141,"WD","SE"
16,6,142,"WD","SE"
80,10,142,"WD","SE"
61,37,142,"WD","SE"
93,3,142,"WD","SE"
28,22,142,"WD","SE"
80,10,142,"WD","SE"
51,3,142,"WD","SE"
58,2,142,"WD","SE"
40,6,142,"WD","SE"
5,9,142,"WD","SE"
48,4,142,"WD","SE"
1,3,142,"WD","SE"
90,3,142,"WD","SE"
548,1,142,"WD","SE"
551,1,142,"WD","SE"
5,9,142,"WD","SE"
76,6,142,"WD","SE"
33,12,142,"WD","SE"
49,1,142,"WD","SE"
547,1,142,"WD","SE"
78,9,142,"WD","SE"
41,1,142,"WD","SE"
32,9,142,"WD","SE"
13,4,142,"WD","SE"
544,3,142,"WD","SE"
5,9,143,"WD","SE"
86,2,143,"WD","SE"
41,1,143,"WD","SE"
7,24,143,"WD","SE"
20,6,143,"WD","SE"
67,9,143,"WD","SE"
53,1,143,"WD","SE"
52,2,143,"WD","SE"
29,2,143,"WD","SE"
36,6,143,"WD","SE"
13,4,143,"WD","SE"
14,16,143,"WD","SE"
58,2,143,"WD","SE"
9,1,143,"WD","SE"
51,3,143,"WD","SE"
72,8,143,"WD","SE"
13,4,143,"WD","SE"
80,10,143,"WD","SE"
5,9,143,"WD","SE"
48,4,143,"WD","SE"
6,4,143,"WD","SE"
47,10,143,"WD","SE"
74,1,143,"WD","SE"
32,9,143,"WD","SE"
12,9,143,"WD","SE"
544,3,144,"WD","SE"
36,6,144,"WD","SE"
80,10,144,"WD","SE"
44,35,144,"WD","SE"
36,6,144,"WD","SE"
51,3,144,"WD","SE"
82,3,144,"WD","SE"
82,3,144,"WD","SE"
57,9,144,"WD","SE"
40,6,144,"WD","SE"
64,23,144,"WD","SE"
43,1,144,"WD","SE"
58,2,144,"WD","SE"
67,9,144,"WD","SE"
28,22,144,"WD","SE"
32,9,144,"WD","SE"
12,9,144,"WD","SE"
28,22,144,"WD","SE"
47,10,144,"WD","SE"
93,3,144,"WD","SE"
29,2,144,"WD","SE"
7,24,144,"WD","SE"
7,24,144,"WD","SE"
38,5,144,"WD","SE"
1,3,144,"WD","SE"
36,6,145,"WD","SE"
33,12,145,"WD","SE"
41,1,145,"WD","SE"
74,1,145,"WD","SE"
23,7,145,"WD","SE"
44,35,145,"WD","SE"
551,1,145,"WD","SE"
45,7,145,"WD","SE"
76,6,145,"WD","SE"
5,9,145,"WD","SE"
38,5,145,"WD","SE"
6,4,145,"WD","SE"
5,9,145,"WD","SE"
36,6,145,"WD","SE"
28,22,145,"WD","SE"
43,1,145,"WD","SE"
548,1,145,"WD","SE"
545,2,145,"WD","SE"
86,2,145,"WD","SE"
52,2,145,"WD","SE"
51,3,145,"WD","SE"
338,3,145,"WD","SE"
64,23,145,"WD","SE"
28,22,145,"WD","SE"
82,3,145,"WD","SE"
20,6,146,"WD","SE"
82,3,146,"WD","SE"
4,9,146,"WD","SE"
9,1,146,"WD","SE"
338,3,146,"WD","SE"
40,6,146,"WD","SE"
36,6,146,"WD","SE"
51,3,146,"WD","SE"
71,1,146,"WD","SE"
92,1,146,"WD","SE"
13,4,146,"WD","SE"
6,4,146,"WD","SE"
547,1,146,"WD","SE"
41,1,146,"WD","SE"
43,1,146,"WD","SE"
84,1,146,"WD","SE"
58,2,146,"WD","SE"
44,35,146,"WD","SE"
47,10,146,"WD","SE"
548,1,146,"WD","SE"
33,12,146,"WD","SE"
33,12,146,"WD","SE"
11,30,146,"WD","SE"
36,6,146,"WD","SE"
78,9,146,"WD","SE"
1,3,147,"WD","SE"
7,24,147,"WD","SE"
47,10,147,"WD","SE"
28,22,147,"WD","SE"
548,1,147,"WD","SE"
72,8,147,"WD","SE"
6,4,147,"WD","SE"
45,7,147,"WD","SE"
547,1,147,"WD","SE"
64,23,147,"WD","SE"
44,35,147,"WD","SE"
17,5,147,"WD","SE"
59,5,147,"WD","SE"
40,6,147,"WD","SE"
28,22,147,"WD","SE"
5,9,147,"WD","SE"
23,7,147,"WD","SE"
37,1,147,"WD","SE"
7,24,147,"WD","SE"
67,9,147,"WD","SE"
36,6,147,"WD","SE"
51,3,147,"WD","SE"
53,1,147,"WD","SE"
33,12,147,"WD","SE"
13,4,147,"WD","SE"
44,35,148,"WD","SE"
51,3,148,"WD","SE"
90,3,148,"WD","SE"
59,5,148,"WD","SE"
5,9,148,"WD","SE"
61,37,148,"WD","SE"
551,1,148,"WD","SE"
50,4,148,"WD","SE"
36,6,148,"WD","SE"
11,30,148,"WD","SE"
45,7,148,"WD","SE"
91,8,148,"WD","SE"
28,22,148,"WD","SE"
26,41,148,"WD","SE"
76,6,148,"WD","SE"
49,1,148,"WD","SE"
19,8,148,"WD","SE"
82,3,148,"WD","SE"
9,1,148,"WD","SE"
58,2,148,"WD","SE"
17,5,148,"WD","SE"
37,1,148,"WD","SE"
47,10,148,"WD","SE"
205,2,148,"WD","SE"
33,12,148,"WD","SE"
44,35,149,"WD","SE"
57,9,149,"WD","SE"
61,37,149,"WD","SE"
64,23,149,"WD","SE"
43,1,149,"WD","SE"
36,6,149,"WD","SE"
48,4,149,"WD","SE"
82,3,149,"WD","SE"
546,1,149,"WD","SE"
77,18,149,"WD","SE"
58,2,149,"WD","SE"
80,10,149,"WD","SE"
33,12,149,"WD","SE"
76,6,149,"WD","SE"
551,1,149,"WD","SE"
20,6,149,"WD","SE"
4,9,149,"WD","SE"
74,1,149,"WD","SE"
80,10,149,"WD","SE"
59,5,149,"WD","SE"
205,2,149,"WD","SE"
12,9,149,"WD","SE"
92,1,149,"WD","SE"
5,9,149,"WD","SE"
548,1,149,"WD","SE"
5,9,150,"WD","SE"
44,35,150,"WD","SE"
93,3,150,"WD","SE"
43,1,150,"WD","SE"
547,1,150,"WD","SE"
338,3,150,"WD","SE"
29,2,150,"WD","SE"
82,3,150,"WD","SE"
59,5,150,"WD","SE"
12,9,150,"WD","SE"
57,9,150,"WD","SE"
23,7,150,"WD","SE"
545,2,150,"WD","SE"
551,1,150,"WD","SE"
91,8,150,"WD","SE"
64,23,150,"WD","SE"
50,4,150,"WD","SE"
5,9,150,"WD","SE"
86,2,150,"WD","SE"
7,24,150,"WD","SE"
6,4,150,"WD","SE"
49,1,150,"WD","SE"
205,2,150,"WD","SE"
74,1,150,"WD","SE"
80,10,150,"WD","SE"
11,30,151,"WD","SE"
13,4,151,"WD","SE"
71,1,151,"WD","SE"
57,9,151,"WD","SE"
551,1,151,"WD","SE"
13,4,151,"WD","SE"
64,23,151,"WD","SE"
41,1,151,"WD","SE"
58,2,151,"WD","SE"
51,3,151,"WD","SE"
82,3,151,"WD","SE"
23,7,151,"WD","SE"
51,3,151,"WD","SE"
7,24,151,"WD","SE"
547,1,151,"WD","SE"
64,23,151,"WD","SE"
544,3,151,"WD","SE"
43,1,151,"WD","SE"
67,9,151,"WD","SE"
76,6,151,"WD","SE"
45,7,151,"WD","SE"
1,3,151,"WD","SE"
44,35,151,"WD","SE"
38,5,151,"WD","SE"
53,1,151,"WD","SE"
37,1,152,"WD","SE"
547,1,152,"WD","SE"
7,24,152,"WD","SE"
84,1,152,"WD","SE"
4,9,152,"WD","SE"
12,9,152,"WD","SE"
17,5,152,"WD","SE"
28,22,152,"WD","SE"
7,24,152,"WD","SE"
6,4,152,"WD","SE"
38,5,152,"WD","SE"
36,6,152,"WD","SE"
338,3,152,"WD","SE"
36,6,152,"WD","SE"
13,4,152,"WD","SE"
33,12,152,"WD","SE"
92,1,152,"WD","SE"
57,9,152,"WD","SE"
41,1,152,"WD","SE"
5,9,152,"WD","SE"
67,9,152,"WD","SE"
52,2,152,"WD","SE"
551,1,152,"WD","SE"
82,3,152,"WD","SE"
548,1,152,"WD","SE"
45,7,153,"WD","SE"
67,9,153,"WD","SE"
36,6,153,"WD","SE"
41,1,153,"WD","SE"
32,9,153,"WD","SE"
12,9,153,"WD","SE"
51,3,153,"WD","SE"
546,1,153,"WD","SE"
49,1,153,"WD","SE"
20,6,153,"WD","SE"
38,5,153,"WD","SE"
545,2,153,"WD","SE"
51,3,153,"WD","SE"
17,5,153,"WD","SE"
4,9,153,"WD","SE"
33,12,153,"WD","SE"
84,1,153,"WD","SE"
551,1,153,"WD","SE"
92,1,153,"WD","SE"
7,24,153,"WD","SE"
72,8,153,"WD","SE"
93,3,153,"WD","SE"
61,37,153,"WD","SE"
5,9,153,"WD","SE"
57,9,153,"WD","SE"
93,3,154,"WD","SE"
33,12,154,"WD","SE"
51,3,154,"WD","SE"
545,2,154,"WD","SE"
51,3,154,"WD","SE"
33,12,154,"WD","SE"
40,6,154,"WD","SE"
338,3,154,"WD","SE"
205,2,154,"WD","SE"
90,3,154,"WD","SE"
6,4,154,"WD","SE"
58,2,154,"WD","SE"
12,9,154,"WD","SE"
82,3,154,"WD","SE"
61,37,154,"WD","SE"
36,6,154,"WD","SE"
28,22,154,"WD","SE"
546,1,154,"WD","SE"
86,2,154,"WD","SE"
7,24,154,"WD","SE"
29,2,154,"WD","SE"
19,8,154,"WD","SE"
7,24,154,"WD","SE"
45,7,154,"WD","SE"
17,5,154,"WD","SE"
548,1,155,"WD","SE"
43,1,155,"WD","SE"
338,3,155,"WD","SE"
23,7,155,"WD","SE"
33,12,155,"WD","SE"
7,24,155,"WD","SE"
7,24,155,"WD","SE"
545,2,155,"WD","SE"
4,9,155,"WD","SE"
82,3,155,"WD","SE"
41,1,155,"WD","SE"
33,12,155,"WD","SE"
86,2,155,"WD","SE"
74,1,155,"WD","SE"
80,10,155,"WD","SE"
78,9,155,"WD","SE"
64,23,155,"WD","SE"
51,3,155,"WD","SE"
90,3,155,"WD","SE"
29,2,155,"WD","SE"
48,4,155,"WD","SE"
36,6,155,"WD","SE"
72,8,155,"WD","SE"
28,22,155,"WD","SE"
5,9,155,"WD","SE"
38,5,156,"WD","SE"
205,2,156,"WD","SE"
49,1,156,"WD","SE"
80,10,156,"WD","SE"
13,4,156,"WD","SE"
90,3,156,"WD","SE"
32,9,156,"WD","SE"
36,6,156,"WD","SE"
64,23,156,"WD","SE"
71,1,156,"WD","SE"
82,3,156,"WD","SE"
78,9,156,"WD","SE"
40,6,156,"WD","SE"
16,6,156,"WD","SE"
7,24,156,"WD","SE"
33,12,156,"WD","SE"
57,9,156,"WD","SE"
12,9,156,"WD","SE"
76,6,156,"WD","SE"
86,2,156,"WD","SE"
64,23,156,"WD","SE"
51,3,156,"WD","SE"
52,2,156,"WD","SE"
26,41,156,"WD","SE"
14,16,156,"WD","SE"
33,12,157,"WD","SE"
7,24,157,"WD","SE"
40,6,157,"WD","SE"
28,22,157,"WD","SE"
26,41,157,"WD","SE"
9,1,157,"WD","SE"
16,6,157,"WD","SE"
41,1,157,"WD","SE"
23,7,157,"WD","SE"
59,5,157,"WD","SE"
20,6,157,"WD","SE"
1,3,157,"WD","SE"
14,16,157,"WD","SE"
32,9,157,"WD","SE"
64,23,157,"WD","SE"
71,1,157,"WD","SE"
33,12,157,"WD","SE"
61,37,157,"WD","SE"
37,1,157,"WD","SE"
82,3,157,"WD","SE"
57,9,157,"WD","SE"
36,6,157,"WD","SE"
80,10,157,"WD","SE"
36,6,157,"WD","SE"
551,1,157,"WD","SE"
57,9,158,"WD","SE"
50,4,158,"WD","SE"
49,1,158,"WD","SE"
28,22,158,"WD","SE"
16,6,158,"WD","SE"
74,1,158,"WD","SE"
544,3,158,"WD","SE"
44,35,158,"WD","SE"
40,6,158,"WD","SE"
53,1,158,"WD","SE"
19,8,158,"WD","SE"
13,4,158,"WD","SE"
6,4,158,"WD","SE"
36,6,158,"WD","SE"
45,7,158,"WD","SE"
38,5,158,"WD","SE"
80,10,158,"WD","SE"
17,5,158,"WD","SE"
90,3,158,"WD","SE"
58,2,158,"WD","SE"
32,9,158,"WD","SE"
64,23,158,"WD","SE"
51,3,158,"WD","SE"
547,1,158,"WD","SE"
82,3,158,"WD","SE"
78,9,159,"WD","SE"
545,2,159,"WD","SE"
80,10,159,"WD","SE"
72,8,159,"WD","SE"
36,6,159,"WD","SE"
84,1,159,"WD","SE"
77,18,159,"WD","SE"
546,1,159,"WD","SE"
338,3,159,"WD","SE"
93,3,159,"WD","SE"
9,1,159,"WD","SE"
53,1,159,"WD","SE"
90,3,159,"WD","SE"
51,3,159,"WD","SE"
12,9,159,"WD","SE"
11,30,159,"WD","SE"
7,24,159,"WD","SE"
6,4,159,"WD","SE"
28,22,159,"WD","SE"
16,6,159,"WD","SE"
38,5,159,"WD","SE"
71,1,159,"WD","SE"
19,8,159,"WD","SE"
64,23,159,"WD","SE"
51,3,159,"WD","SE"
51,3,160,"WD","SE"
64,23,160,"WD","SE"
41,1,160,"WD","SE"
7,24,160,"WD","SE"
548,1,160,"WD","SE"
551,1,160,"WD","SE"
77,18,160,"WD","SE"
38,5,160,"WD","SE"
45,7,160,"WD","SE"
26,41,160,"WD","SE"
86,2,160,"WD","SE"
28,22,160,"WD","SE"
50,4,160,"WD","SE"
52,2,160,"WD","SE"
64,23,160,"WD","SE"
40,6,160,"WD","SE"
29,2,160,"WD","SE"
74,1,160,"WD","SE"
57,9,160,"WD","SE"
72,8,160,"WD","SE"
48,4,160,"WD","SE"
32,9,160,"WD","SE"
93,3,160,"WD","SE"
80,10,160,"WD","SE"
23,7,160,"WD","SE"
33,12,161,"WD","SE"
53,1,161,"WD","SE"
33,12,161,"WD","SE"
41,1,161,"WD","SE"
71,1,161,"WD","SE"
13,4,161,"WD","SE"
57,9,161,"WD","SE"
16,6,161,"WD","SE"
23,7,161,"WD","SE"
36,6,161,"WD","SE"
29,2,161,"WD","SE"
90,3,161,"WD","SE"
57,9,161,"WD","SE"
338,3,161,"WD","SE"
48,4,161,"WD","SE"
51,3,161,"WD","SE"
91,8,161,"WD","SE"
11,30,161,"WD","SE"
38,5,161,"WD","SE"
80,10,161,"WD","SE"
47,10,161,"WD","SE"
36,6,161,"WD","SE"
7,24,161,"WD","SE"
7,24,161,"WD","SE"
20,6,161,"WD","SE"
13,4,162,"WD","SE"
20,6,162,"WD","SE"
92,1,162,"WD","SE"
546,1,162,"WD","SE"
47,10,162,"WD","SE"
82,3,162,"WD","SE"
49,1,162,"WD","SE"
72,8,162,"WD","SE"
74,1,162,"WD","SE"
40,6,162,"WD","SE"
548,1,162,"WD","SE"
71,1,162,"WD","SE"
545,2,162,"WD","SE"
64,23,162,"WD","SE"
29,2,162,"WD","SE"
33,12,162,"WD","SE"
48,4,162,"WD","SE"
11,30,162,"WD","SE"
44,35,162,"WD","SE"
551,1,162,"WD","SE"
43,1,162,"WD","SE"
7,24,162,"WD","SE"
67,9,162,"WD","SE"
84,1,162,"WD","SE"
41,1,162,"WD","SE"
72,8,163,"WD","SE"
43,1,163,"WD","SE"
29,2,163,"WD","SE"
90,3,163,"WD","SE"
51,3,163,"WD","SE"
57,9,163,"WD","SE"
51,3,163,"WD","SE"
19,8,163,"WD","SE"
67,9,163,"WD","SE"
13,4,163,"WD","SE"
71,1,163,"WD","SE"
48,4,163,"WD","SE"
76,6,163,"WD","SE"
84,1,163,"WD","SE"
551,1,163,"WD","SE"
50,4,163,"WD","SE"
11,30,163,"WD","SE"
205,2,163,"WD","SE"
44,35,163,"WD","SE"
38,5,163,"WD","SE"
32,9,163,"WD","SE"
544,3,163,"WD","SE"
548,1,163,"WD","SE"
52,2,163,"WD","SE"
338,3,163,"WD","SE"
78,9,164,"WD","SE"
28,22,164,"WD","SE"
80,10,164,"WD","SE"
9,1,164,"WD","SE"
19,8,164,"WD","SE"
7,24,164,"WD","SE"
546,1,164,"WD","SE"
38,5,164,"WD","SE"
76,6,164,"WD","SE"
44,35,164,"WD","SE"
7,24,164,"WD","SE"
205,2,164,"WD","SE"
5,9,164,"WD","SE"
12,9,164,"WD","SE"
547,1,164,"WD","SE"
28,22,164,"WD","SE"
47,10,164,"WD","SE"
57,9,164,"WD","SE"
548,1,164,"WD","SE"
51,3,164,"WD","SE"
84,1,164,"WD","SE"
13,4,164,"WD","SE"
544,3,164,"WD","SE"
72,8,164,"WD","SE"
90,3,164,"WD","SE"
86,2,165,"WD","SE"
49,1,165,"WD","SE"
26,41,165,"WD","SE"
12,9,165,"WD","SE"
7,24,165,"WD","SE"
28,22,165,"WD","SE"
47,10,165,"WD","SE"
93,3,165,"WD","SE"
64,23,165,"WD","SE"
40,6,165,"WD","SE"
23,7,165,"WD","SE"
19,8,165,"WD","SE"
44,35,165,"WD","SE"
36,6,165,"WD","SE"
41,1,165,"WD","SE"
548,1,165,"WD","SE"
92,1,165,"WD","SE"
74,1,165,"WD","SE"
546,1,165,"WD","SE"
5,9,165,"WD","SE"
67,9,165,"WD","SE"
82,3,165,"WD","SE"
76,6,165,"WD","SE"
37,1,165,"WD","SE"
33,12,165,"WD","SE"
36,6,166,"WD","SE"
80,10,166,"WD","SE"
72,8,166,"WD","SE"
57,9,166,"WD","SE"
44,35,166,"WD","SE"
53,1,166,"WD","SE"
28,22,166,"WD","SE"
36,6,166,"WD","SE"
74,1,166,"WD","SE"
205,2,166,"WD","SE"
23,7,166,"WD","SE"
67,9,166,"WD","SE"
48,4,166,"WD","SE"
38,5,166,"WD","SE"
33,12,166,"WD","SE"
546,1,166,"WD","SE"
32,9,166,"WD","SE"
64,23,166,"WD","SE"
26,41,166,"WD","SE"
545,2,166,"WD","SE"
92,1,166,"WD","SE"
5,9,166,"WD","SE"
80,10,166,"WD","SE"
544,3,166,"WD","SE"
17,5,166,"WD","SE"
48,4,167,"WD","SE"
82,3,167,"WD","SE"
57,9,167,"WD","SE"
64,23,167,"WD","SE"
6,4,167,"WD","SE"
57,9,167,"WD","SE"
29,2,167,"WD","SE"
546,1,167,"WD","SE"
205,2,167,"WD","SE"
76,6,167,"WD","SE"
5,9,167,"WD","SE"
7,24,167,"WD","SE"
5,9,167,"WD","SE"
23,7,167,"WD","SE"
11,30,167,"WD","SE"
82,3,167,"WD","SE"
61,37,167,"WD","SE"
16,6,167,"WD","SE"
84,1,167,"WD","SE"
51,3,167,"WD","SE"
92,1,167,"WD","SE"
28,22,167,"WD","SE"
45,7,167,"WD","SE"
13,4,167,"WD","SE"
28,22,167,"WD","SE"
545,2,168,"WD","SE"
92,1,168,"WD","SE"
36,6,168,"WD","SE"
14,16,168,"WD","SE"
50,4,168,"WD","SE"
64,23,168,"WD","SE"
19,8,168,"WD","SE"
47,10,168,"WD","SE"
44,35,168,"WD","SE"
17,5,168,"WD","SE"
13,4,168,"WD","SE"
52,2,168,"WD","SE"
57,9,168,"WD","SE"
59,5,168,"WD","SE"
28,22,168,"WD","SE"
84,1,168,"WD","SE"
16,6,168,"WD","SE"
76,6,168,"WD","SE"
4,9,168,"WD","SE"
33,12,168,"WD","SE"
78,9,168,"WD","SE"
49,1,168,"WD","SE"
53,1,168,"WD","SE"
28,22,168,"WD","SE"
32,9,168,"WD","SE"
33,12,169,"WD","SE"
551,1,169,"WD","SE"
64,23,169,"WD","SE"
13,4,169,"WD","SE"
58,2,169,"WD","SE"
72,8,169,"WD","SE"
33,12,169,"WD","SE"
84,1,169,"WD","SE"
47,10,169,"WD","SE"
28,22,169,"WD","SE"
57,9,169,"WD","SE"
82,3,169,"WD","SE"
28,22,169,"WD","SE"
32,9,169,"WD","SE"
78,9,169,"WD","SE"
38,5,169,"WD","SE"
71,1,169,"WD","SE"
77,18,169,"WD","SE"
338,3,169,"WD","SE"
48,4,169,"WD","SE"
546,1,169,"WD","SE"
52,2,169,"WD","SE"
36,6,169,"WD","SE"
17,5,169,"WD","SE"
59,5,169,"WD","SE"
5,9,170,"WD","SE"
61,37,170,"WD","SE"
72,8,170,"WD","SE"
205,2,170,"WD","SE"
59,5,170,"WD","SE"
546,1,170,"WD","SE"
80,10,170,"WD","SE"
32,9,170,"WD","SE"
44,35,170,"WD","SE"
544,3,170,"WD","SE"
545,2,170,"WD","SE"
37,1,170,"WD","SE"
9,1,170,"WD","SE"
7,24,170,"WD","SE"
92,1,170,"WD","SE"
80,10,170,"WD","SE"
41,1,170,"WD","SE"
11,30,170,"WD","SE"
28,22,170,"WD","SE"
14,16,170,"WD","SE"
71,1,170,"WD","SE"
44,35,170,"WD","SE"
49,1,170,"WD","SE"
53,1,170,"WD","SE"
93,3,170,"WD","SE"
45,7,171,"WD","SE"
64,23,171,"WD","SE"
545,2,171,"WD","SE"
80,10,171,"WD","SE"
28,22,171,"WD","SE"
71,1,171,"WD","SE"
48,4,171,"WD","SE"
57,9,171,"WD","SE"
16,6,171,"WD","SE"
93,3,171,"WD","SE"
38,5,171,"WD","SE"
205,2,171,"WD","SE"
84,1,171,"WD","SE"
82,3,171,"WD","SE"
33,12,171,"WD","SE"
6,4,171,"WD","SE"
76,6,171,"WD","SE"
7,24,171,"WD","SE"
49,1,171,"WD","SE"
32,9,171,"WD","SE"
58,2,171,"WD","SE"
14,16,171,"WD","SE"
92,1,171,"WD","SE"
4,9,171,"WD","SE"
7,24,171,"WD","SE"
40,6,172,"WD","SE"
338,3,172,"WD","SE"
49,1,172,"WD","SE"
20,6,172,"WD","SE"
29,2,172,"WD","SE"
36,6,172,"WD","SE"
548,1,172,"WD","SE"
11,30,172,"WD","SE"
5,9,172,"WD","SE"
23,7,172,"WD","SE"
36,6,172,"WD","SE"
90,3,172,"WD","SE"
14,16,172,"WD","SE"
72,8,172,"WD","SE"
78,9,172,"WD","SE"
28,22,172,"WD","SE"
7,24,172,"WD","SE"
64,23,172,"WD","SE"
12,9,172,"WD","SE"
67,9,172,"WD","SE"
13,4,172,"WD","SE"
50,4,172,"WD","SE"
80,10,172,"WD","SE"
32,9,172,"WD","SE"
86,2,172,"WD","SE"
84,1,173,"WD","SE"
17,5,173,"WD","SE"
16,6,173,"WD","SE"
7,24,173,"WD","SE"
80,10,173,"WD","SE"
548,1,173,"WD","SE"
64,23,173,"WD","SE"
93,3,173,"WD","SE"
76,6,173,"WD","SE"
47,10,173,"WD","SE"
1,3,173,"WD","SE"
32,9,173,"WD","SE"
82,3,173,"WD","SE"
36,6,173,"WD","SE"
41,1,173,"WD","SE"
91,8,173,"WD","SE"
80,10,173,"WD","SE"
19,8,173,"WD","SE"
40,6,173,"WD","SE"
4,9,173,"WD","SE"
49,1,173,"WD","SE"
43,1,173,"WD","SE"
338,3,173,"WD","SE"
6,4,173,"WD","SE"
61,37,173,"WD","SE"
59,5,174,"WD","SE"
82,3,174,"WD","SE"
71,1,174,"WD","SE"
91,8,174,"WD","SE"
77,18,174,"WD","SE"
7,24,174,"WD","SE"
50,4,174,"WD","SE"
36,6,174,"WD","SE"
33,12,174,"WD","SE"
26,41,174,"WD","SE"
86,2,174,"WD","SE"
49,1,174,"WD","SE"
51,3,174,"WD","SE"
19,8,174,"WD","SE"
40,6,174,"WD","SE"
57,9,174,"WD","SE"
1,3,174,"WD","SE"
6,4,174,"WD","SE"
13,4,174,"WD","SE"
74,1,174,"WD","SE"
84,1,174,"WD","SE"
11,30,174,"WD","SE"
338,3,174,"WD","SE"
32,9,174,"WD","SE"
5,9,174,"WD","SE"
17,5,175,"WD","SE"
52,2,175,"WD","SE"
12,9,175,"WD","SE"
57,9,175,"WD","SE"
64,23,175,"WD","SE"
77,18,175,"WD","SE"
26,41,175,"WD","SE"
5,9,175,"WD","SE"
43,1,175,"WD","SE"
33,12,175,"WD","SE"
19,8,175,"WD","SE"
7,24,175,"WD","SE"
72,8,175,"WD","SE"
23,7,175,"WD","SE"
37,1,175,"WD","SE"
50,4,175,"WD","SE"
93,3,175,"WD","SE"
41,1,175,"WD","SE"
1,3,175,"WD","SE"
92,1,175,"WD","SE"
9,1,175,"WD","SE"
47,10,175,"WD","SE"
91,8,175,"WD","SE"
86,2,175,"WD","SE"
205,2,175,"WD","SE"
548,1,176,"WD","SE"
28,22,176,"WD","SE"
71,1,176,"WD","SE"
44,35,176,"WD","SE"
52,2,176,"WD","SE"
45,7,176,"WD","SE"
58,2,176,"WD","SE"
13,4,176,"WD","SE"
37,1,176,"WD","SE"
49,1,176,"WD","SE"
38,5,176,"WD","SE"
23,7,176,"WD","SE"
84,1,176,"WD","SE"
36,6,176,"WD","SE"
547,1,176,"WD","SE"
78,9,176,"WD","SE"
53,1,176,"WD","SE"
7,24,176,"WD","SE"
76,6,176,"WD","SE"
57,9,176,"WD","SE"
91,8,176,"WD","SE"
26,41,176,"WD","SE"
16,6,176,"WD","SE"
90,3,176,"WD","SE"
4,9,176,"WD","SE"
57,9,177,"WD","SE"
48,4,177,"WD","SE"
16,6,177,"WD","SE"
43,1,177,"WD","SE"
17,5,177,"WD","SE"
338,3,177,"WD","SE"
28,22,177,"WD","SE"
33,12,177,"WD","SE"
47,10,177,"WD","SE"
49,1,177,"WD","SE"
71,1,177,"WD","SE"
51,3,177,"WD","SE"
5,9,177,"WD","SE"
41,1,177,"WD","SE"
9,1,177,"WD","SE"
52,2,177,"WD","SE"
45,7,177,"WD","SE"
36,6,177,"WD","SE"
546,1,177,"WD","SE"
19,8,177,"WD","SE"
59,5,177,"WD","SE"
92,1,177,"WD","SE"
7,24,177,"WD","SE"
58,2,177,"WD","SE"
80,10,177,"WD","SE"
84,1,178,"WD","SE"
38,5,178,"WD","SE"
41,1,178,"WD","SE"
16,6,178,"WD","SE"
82,3,178,"WD","SE"
40,6,178,"WD","SE"
14,16,178,"WD","SE"
45,7,178,"WD","SE"
12,9,178,"WD","SE"
36,6,178,"WD","SE"
33,12,178,"WD","SE"
93,3,178,"WD","SE"
57,9,178,"WD","SE"
17,5,178,"WD","SE"
13,4,178,"WD","SE"
90,3,178,"WD","SE"
7,24,178,"WD","SE"
29,2,178,"WD","SE"
78,9,178,"WD","SE"
11,30,178,"WD","SE"
545,2,178,"WD","SE"
64,23,178,"WD","SE"
20,6,178,"WD","SE"
1,3,178,"WD","SE"
44,35,178,"WD","SE"
36,6,179,"WD","SE"
544,3,179,"WD","SE"
80,10,179,"WD","SE"
12,9,179,"WD","SE"
13,4,179,"WD","SE"
43,1,179,"WD","SE"
548,1,179,"WD","SE"
7,24,179,"WD","SE"
48,4,179,"WD","SE"
74,1,179,"WD","SE"
32,9,179,"WD","SE"
76,6,179,"WD","SE"
67,9,179,"WD","SE"
92,1,179,"WD","SE"
205,2,179,"WD","SE"
29,2,179,"WD","SE"
16,6,179,"WD","SE"
77,18,179,"WD","SE"
51,3,179,"WD","SE"
93,3,179,"WD","SE"
19,8,179,"WD","SE"
17,5,179,"WD","SE"
59,5,179,"WD","SE"
49,1,179,"WD","SE"
551,1,179,"WD","SE"
37,1,180,"WD","SE"
51,3,180,"WD","SE"
32,9,180,"WD","SE"
64,23,180,"WD","SE"
13,4,180,"WD","SE"
205,2,180,"WD","SE"
64,23,180,"WD","SE"
7,24,180,"WD","SE"
44,35,180,"WD","SE"
36,6,180,"WD","SE"
36,6,180,"WD","SE"
77,18,180,"WD","SE"
48,4,180,"WD","SE"
67,9,180,"WD","SE"
28,22,180,"WD","SE"
12,9,180,"WD","SE"
82,3,180,"WD","SE"
5,9,180,"WD","SE"
13,4,180,"WD","SE"
545,2,180,"WD","SE"
29,2,180,"WD","SE"
16,6,180,"WD","SE"
86,2,180,"WD","SE"
28,22,180,"WD","SE"
80,10,180,"WD","SE"
205,2,181,"WD","SE"
546,1,181,"WD","SE"
57,9,181,"WD","SE"
16,6,181,"WD","SE"
48,4,181,"WD","SE"
7,24,181,"WD","SE"
20,6,181,"WD","SE"
93,3,181,"WD","SE"
29,2,181,"WD","SE"
32,9,181,"WD","SE"
92,1,181,"WD","SE"
84,1,181,"WD","SE"
6,4,181,"WD","SE"
76,6,181,"WD","SE"
44,35,181,"WD","SE"
64,23,181,"WD","SE"
64,23,181,"WD","SE"
11,30,181,"WD","SE"
28,22,181,"WD","SE"
80,10,181,"WD","SE"
14,16,181,"WD","SE"
9,1,181,"WD","SE"
90,3,181,"WD","SE"
17,5,181,"WD","SE"
57,9,181,"WD","SE"
16,6,182,"WD","SE"
546,1,182,"WD","SE"
7,24,182,"WD","SE"
14,16,182,"WD","SE"
12,9,182,"WD","SE"
80,10,182,"WD","SE"
547,1,182,"WD","SE"
548,1,182,"WD","SE"
33,12,182,"WD","SE"
40,6,182,"WD","SE"
5,9,182,"WD","SE"
6,4,182,"WD","SE"
36,6,182,"WD","SE"
78,9,182,"WD","SE"
43,1,182,"WD","SE"
5,9,182,"WD","SE"
11,30,182,"WD","SE"
23,7,182,"WD","SE"
49,1,182,"WD","SE"
50,4,182,"WD","SE"
84,1,182,"WD","SE"
29,2,182,"WD","SE"
205,2,182,"WD","SE"
72,8,182,"WD","SE"
77,18,182,"WD","SE"
44,35,183,"WD","SE"
20,6,183,"WD","SE"
90,3,183,"WD","SE"
7,24,183,"WD","SE"
14,16,183,"WD","SE"
40,6,183,"WD","SE"
64,23,183,"WD","SE"
49,1,183,"WD","SE"
78,9,183,"WD","SE"
33,12,183,"WD","SE"
41,1,183,"WD","SE"
13,4,183,"WD","SE"
48,4,183,"WD","SE"
19,8,183,"WD","SE"
26,41,183,"WD","SE"
28,22,183,"WD","SE"
82,3,183,"WD","SE"
52,2,183,"WD","SE"
16,6,183,"WD","SE"
551,1,183,"WD","SE"
546,1,183,"WD","SE"
86,2,183,"WD","SE"
44,35,183,"WD","SE"
36,6,183,"WD","SE"
57,9,183,"WD","SE"
47,10,184,"WD","SE"
76,6,184,"WD","SE"
51,3,184,"WD","SE"
16,6,184,"WD","SE"
49,1,184,"WD","SE"
84,1,184,"WD","SE"
13,4,184,"WD","SE"
77,18,184,"WD","SE"
19,8,184,"WD","SE"
37,1,184,"WD","SE"
72,8,184,"WD","SE"
205,2,184,"WD","SE"
82,3,184,"WD","SE"
28,22,184,"WD","SE"
5,9,184,"WD","SE"
26,41,184,"WD","SE"
544,3,184,"WD","SE"
50,4,184,"WD","SE"
9,1,184,"WD","SE"
92,1,184,"WD","SE"
58,2,184,"WD","SE"
11,30,184,"WD","SE"
44,35,184,"WD","SE"
45,7,184,"WD","SE"
338,3,184,"WD","SE"
74,1,185,"WD","SE"
33,12,185,"WD","SE"
76,6,185,"WD","SE"
53,1,185,"WD","SE"
64,23,185,"WD","SE"
84,1,185,"WD","SE"
52,2,185,"WD","SE"
14,16,185,"WD","SE"
93,3,185,"WD","SE"
5,9,185,"WD","SE"
546,1,185,"WD","SE"
32,9,185,"WD","SE"
72,8,185,"WD","SE"
51,3,185,"WD","SE"
67,9,185,"WD","SE"
80,10,185,"WD","SE"
11,30,185,"WD","SE"
548,1,185,"WD","SE"
51,3,185,"WD","SE"
5,9,185,"WD","SE"
29,2,185,"WD","SE"
77,18,185,"WD","SE"
44,35,185,"WD","SE"
61,37,185,"WD","SE"
338,3,185,"WD","SE"
7,24,186,"WD","SE"
50,4,186,"WD","SE"
82,3,186,"WD","SE"
91,8,186,"WD","SE"
28,22,186,"WD","SE"
82,3,186,"WD","SE"
86,2,186,"WD","SE"
57,9,186,"WD","SE"
29,2,186,"WD","SE"
58,2,186,"WD","SE"
13,4,186,"WD","SE"
90,3,186,"WD","SE"
52,2,186,"WD","SE"
64,23,186,"WD","SE"
36,6,186,"WD","SE"
16,6,186,"WD","SE"
9,1,186,"WD","SE"
92,1,186,"WD","SE"
11,30,186,"WD","SE"
33,12,186,"WD","SE"
545,2,186,"WD","SE"
76,6,186,"WD","SE"
49,1,186,"WD","SE"
6,4,186,"WD","SE"
13,4,186,"WD","SE"
26,41,187,"WD","SE"
546,1,187,"WD","SE"
49,1,187,"WD","SE"
61,37,187,"WD","SE"
74,1,187,"WD","SE"
5,9,187,"WD","SE"
338,3,187,"WD","SE"
20,6,187,"WD","SE"
545,2,187,"WD","SE"
36,6,187,"WD","SE"
13,4,187,"WD","SE"
41,1,187,"WD","SE"
53,1,187,"WD","SE"
44,35,187,"WD","SE"
14,16,187,"WD","SE"
33,12,187,"WD","SE"
93,3,187,"WD","SE"
547,1,187,"WD","SE"
92,1,187,"WD","SE"
64,23,187,"WD","SE"
51,3,187,"WD","SE"
1,3,187,"WD","SE"
80,10,187,"WD","SE"
82,3,187,"WD","SE"
205,2,187,"WD","SE"
58,2,188,"WD","SE"
64,23,188,"WD","SE"
80,10,188,"WD","SE"
45,7,188,"WD","SE"
61,37,188,"WD","SE"
546,1,188,"WD","SE"
48,4,188,"WD","SE"
29,2,188,"WD","SE"
40,6,188,"WD","SE"
51,3,188,"WD","SE"
82,3,188,"WD","SE"
49,1,188,"WD","SE"
6,4,188,"WD","SE"
57,9,188,"WD","SE"
28,22,188,"WD","SE"
74,1,188,"WD","SE"
17,5,188,"WD","SE"
19,8,188,"WD","SE"
5,9,188,"WD","SE"
53,1,188,"WD","SE"
67,9,188,"WD","SE"
36,6,188,"WD","SE"
78,9,188,"WD","SE"
93,3,188,"WD","SE"
44,35,188,"WD","SE"
6,4,189,"WD","SE"
11,30,189,"WD","SE"
64,23,189,"WD","SE"
67,9,189,"WD","SE"
59,5,189,"WD","SE"
57,9,189,"WD","SE"
50,4,189,"WD","SE"
49,1,189,"WD","SE"
93,3,189,"WD","SE"
33,12,189,"WD","SE"
45,7,189,"WD","SE"
80,10,189,"WD","SE"
1,3,189,"WD","SE"
32,9,189,"WD","SE"
13,4,189,"WD","SE"
13,4,189,"WD","SE"
14,16,189,"WD","SE"
80,10,189,"WD","SE"
38,5,189,"WD","SE"
36,6,189,"WD","SE"
48,4,189,"WD","SE"
44,35,189,"WD","SE"
9,1,189,"WD","SE"
20,6,189,"WD","SE"
78,9,189,"WD","SE"
86,2,190,"WD","SE"
9,1,190,"WD","SE"
67,9,190,"WD","SE"
13,4,190,"WD","SE"
57,9,190,"WD","SE"
545,2,190,"WD","SE"
547,1,190,"WD","SE"
12,9,190,"WD","SE"
51,3,190,"WD","SE"
14,16,190,"WD","SE"
33,12,190,"WD","SE"
19,8,190,"WD","SE"
49,1,190,"WD","SE"
20,6,190,"WD","SE"
61,37,190,"WD","SE"
91,8,190,"WD","SE"
11,30,190,"WD","SE"
7,24,190,"WD","SE"
43,1,190,"WD","SE"
59,5,190,"WD","SE"
57,9,190,"WD","SE"
26,41,190,"WD","SE"
38,5,190,"WD","SE"
72,8,190,"WD","SE"
80,10,190,"WD","SE"
91,8,191,"WD","SE"
61,37,191,"WD","SE"
59,5,191,"WD","SE"
13,4,191,"WD","SE"
52,2,191,"WD","SE"
82,3,191,"WD","SE"
40,6,191,"WD","SE"
74,1,191,"WD","SE"
20,6,191,"WD","SE"
57,9,191,"WD","SE"
37,1,191,"WD","SE"
51,3,191,"WD","SE"
547,1,191,"WD","SE"
14,16,191,"WD","SE"
548,1,191,"WD","SE"
7,24,191,"WD","SE"
82,3,191,"WD","SE"
338,3,191,"WD","SE"
551,1,191,"WD","SE"
32,9,191,"WD","SE"
5,9,191,"WD","SE"
36,6,191,"WD","SE"
64,23,191,"WD","SE"
78,9,191,"WD","SE"
33,12,191,"WD","SE"
50,4,192,"WD","SE"
4,9,192,"WD","SE"
64,23,192,"WD","SE"
93,3,192,"WD","SE"
49,1,192,"WD","SE"
546,1,192,"WD","SE"
92,1,192,"WD","SE"
32,9,192,"WD","SE"
41,1,192,"WD","SE"
45,7,192,"WD","SE"
64,23,192,"WD","SE"
36,6,192,"WD","SE"
71,1,192,"WD","SE"
13,4,192,"WD","SE"
44,35,192,"WD","SE"
28,22,192,"WD","SE"
74,1,192,"WD","SE"
16,6,192,"WD","SE"
44,35,192,"WD","SE"
80,10,192,"WD","SE"
547,1,192,"WD","SE"
67,9,192,"WD","SE"
59,5,192,"WD","SE"
12,9,192,"WD","SE"
37,1,192,"WD","SE"
7,24,193,"WD","SE"
548,1,193,"WD","SE"
20,6,193,"WD","SE"
32,9,193,"WD","SE"
61,37,193,"WD","SE"
80,10,193,"WD","SE"
64,23,193,"WD","SE"
86,2,193,"WD","SE"
26,41,193,"WD","SE"
546,1,193,"WD","SE"
57,9,193,"WD","SE"
40,6,193,"WD","SE"
74,1,193,"WD","SE"
72,8,193,"WD","SE"
53,1,193,"WD","SE"
545,2,193,"WD","SE"
82,3,193,"WD","SE"
49,1,193,"WD","SE"
47,10,193,"WD","SE"
5,9,193,"WD","SE"
44,35,193,"WD","SE"
12,9,193,"WD","SE"
33,12,193,"WD","SE"
50,4,193,"WD","SE"
13,4,193,"WD","SE"
91,8,194,"WD","SE"
47,10,194,"WD","SE"
49,1,194,"WD","SE"
84,1,194,"WD","SE"
16,6,194,"WD","SE"
33,12,194,"WD","SE"
86,2,194,"WD","SE"
44,35,194,"WD","SE"
72,8,194,"WD","SE"
29,2,194,"WD","SE"
28,22,194,"WD","SE"
23,7,194,"WD","SE"
9,1,194,"WD","SE"
51,3,194,"WD","SE"
36,6,194,"WD","SE"
26,41,194,"WD","SE"
36,6,194,"WD","SE"
51,3,194,"WD","SE"
338,3,194,"WD","SE"
57,9,194,"WD","SE"
67,9,194,"WD","SE"
93,3,194,"WD","SE"
41,1,194,"WD","SE"
12,9,194,"WD","SE"
57,9,194,"WD","SE"
6,4,195,"WD","SE"
53,1,195,"WD","SE"
64,23,195,"WD","SE"
36,6,195,"WD","SE"
43,1,195,"WD","SE"
74,1,195,"WD","SE"
64,23,195,"WD","SE"
33,12,195,"WD","SE"
77,18,195,"WD","SE"
67,9,195,"WD","SE"
551,1,195,"WD","SE"
80,10,195,"WD","SE"
547,1,195,"WD","SE"
12,9,195,"WD","SE"
47,10,195,"WD","SE"
28,22,195,"WD","SE"
7,24,195,"WD","SE"
84,1,195,"WD","SE"
17,5,195,"WD","SE"
9,1,195,"WD","SE"
48,4,195,"WD","SE"
29,2,195,"WD","SE"
40,6,195,"WD","SE"
58,2,195,"WD","SE"
33,12,195,"WD","SE"
76,6,196,"WD","SE"
36,6,196,"WD","SE"
19,8,196,"WD","SE"
91,8,196,"WD","SE"
5,9,196,"WD","SE"
38,5,196,"WD","SE"
546,1,196,"WD","SE"
64,23,196,"WD","SE"
45,7,196,"WD","SE"
44,35,196,"WD","SE"
13,4,196,"WD","SE"
29,2,196,"WD","SE"
7,24,196,"WD","SE"
551,1,196,"WD","SE"
52,2,196,"WD","SE"
544,3,196,"WD","SE"
23,7,196,"WD","SE"
51,3,196,"WD","SE"
86,2,196,"WD","SE"
548,1,196,"WD","SE"
90,3,196,"WD","SE"
47,10,196,"WD","SE"
5,9,196,"WD","SE"
28,22,196,"WD","SE"
36,6,196,"WD","SE"
64,23,197,"WD","SE"
50,4,197,"WD","SE"
53,1,197,"WD","SE"
72,8,197,"WD","SE"
86,2,197,"WD","SE"
28,22,197,"WD","SE"
48,4,197,"WD","SE"
80,10,197,"WD","SE"
36,6,197,"WD","SE"
93,3,197,"WD","SE"
5,9,197,"WD","SE"
64,23,197,"WD","SE"
52,2,197,"WD","SE"
40,6,197,"WD","SE"
43,1,197,"WD","SE"
58,2,197,"WD","SE"
16,6,197,"WD","SE"
548,1,197,"WD","SE"
41,1,197,"WD","SE"
12,9,197,"WD","SE"
82,3,197,"WD","SE"
546,1,197,"WD","SE"
84,1,197,"WD","SE"
36,6,197,"WD","SE"
5,9,197,"WD","SE"
40,6,198,"WD","SE"
28,22,198,"WD","SE"
57,9,198,"WD","SE"
58,2,198,"WD","SE"
1,3,198,"WD","SE"
91,8,198,"WD","SE"
44,35,198,"WD","SE"
93,3,198,"WD","SE"
26,41,198,"WD","SE"
12,9,198,"WD","SE"
16,6,198,"WD","SE"
7,24,198,"WD","SE"
76,6,198,"WD","SE"
546,1,198,"WD","SE"
64,23,198,"WD","SE"
28,22,198,"WD","SE"
80,10,198,"WD","SE"
548,1,198,"WD","SE"
49,1,198,"WD","SE"
50,4,198,"WD","SE"
86,2,198,"WD","SE"
9,1,198,"WD","SE"
52,2,198,"WD","SE"
17,5,198,"WD","SE"
45,7,198,"WD","SE"
47,10,199,"WD","SE"
544,3,199,"WD","SE"
86,2,199,"WD","SE"
28,22,199,"WD","SE"
14,16,199,"WD","SE"
338,3,199,"WD","SE"
82,3,199,"WD","SE"
4,9,199,"WD","SE"
92,1,199,"WD","SE"
33,12,199,"WD","SE"
57,9,199,"WD","SE"
13,4,199,"WD","SE"
6,4,199,"WD","SE"
50,4,199,"WD","SE"
52,2,199,"WD","SE"
13,4,199,"WD","SE"
64,23,199,"WD","SE"
548,1,199,"WD","SE"
67,9,199,"WD","SE"
16,6,199,"WD","SE"
7,24,199,"WD","SE"
53,1,199,"WD","SE"
61,37,199,"WD","SE"
7,24,199,"WD","SE"
28,22,199,"WD","SE"
37,1,200,"WD","SE"
44,35,200,"WD","SE"
11,30,200,"WD","SE"
6,4,200,"WD","SE"
72,8,200,"WD","SE"
52,2,200,"WD","SE"
38,5,200,"WD","SE"
51,3,200,"WD","SE"
1,3,200,"WD","SE"
64,23,200,"WD","SE"
4,9,200,"WD","SE"
92,1,200,"WD","SE"
91,8,200,"WD","SE"
16,6,200,"WD","SE"
36,6,200,"WD","SE"
5,9,200,"WD","SE"
44,35,200,"WD","SE"
59,5,200,"WD","SE"
57,9,200,"WD","SE"
546,1,200,"WD","SE"
20,6,200,"WD","SE"
76,6,200,"WD","SE"
43,1,200,"WD","SE"
64,23,200,"WD","SE"
33,12,200,"WD","SE"
41,1,201,"WD","SE"
545,2,201,"WD","SE"
67,9,201,"WD","SE"
28,22,201,"WD","SE"
84,1,201,"WD","SE"
19,8,201,"WD","SE"
14,16,201,"WD","SE"
90,3,201,"WD","SE"
71,1,201,"WD","SE"
92,1,201,"WD","SE"
51,3,201,"WD","SE"
13,4,201,"WD","SE"
16,6,201,"WD","SE"
544,3,201,"WD","SE"
80,10,201,"WD","SE"
58,2,201,"WD","SE"
38,5,201,"WD","SE"
28,22,201,"WD","SE"
23,7,201,"WD","SE"
5,9,201,"WD","SE"
82,3,201,"WD","SE"
93,3,201,"WD","SE"
49,1,201,"WD","SE"
546,1,201,"WD","SE"
45,7,201,"WD","SE"
67,9,202,"WD","SE"
84,1,202,"WD","SE"
544,3,202,"WD","SE"
45,7,202,"WD","SE"
74,1,202,"WD","SE"
19,8,202,"WD","SE"
82,3,202,"WD","SE"
71,1,202,"WD","SE"
91,8,202,"WD","SE"
28,22,202,"WD","SE"
64,23,202,"WD","SE"
17,5,202,"WD","SE"
92,1,202,"WD","SE"
551,1,202,"WD","SE"
57,9,202,"WD","SE"
338,3,202,"WD","SE"
5,9,202,"WD","SE"
7,24,202,"WD","SE"
50,4,202,"WD","SE"
4,9,202,"WD","SE"
49,1,202,"WD","SE"
58,2,202,"WD","SE"
20,6,202,"WD","SE"
78,9,202,"WD","SE"
13,4,202,"WD","SE"
86,2,203,"WD","SE"
544,3,203,"WD","SE"
59,5,203,"WD","SE"
33,12,203,"WD","SE"
7,24,203,"WD","SE"
80,10,203,"WD","SE"
19,8,203,"WD","SE"
52,2,203,"WD","SE"
48,4,203,"WD","SE"
11,30,203,"WD","SE"
51,3,203,"WD","SE"
41,1,203,"WD","SE"
44,35,203,"WD","SE"
548,1,203,"WD","SE"
1,3,203,"WD","SE"
58,2,203,"WD","SE"
338,3,203,"WD","SE"
64,23,203,"WD","SE"
92,1,203,"WD","SE"
37,1,203,"WD","SE"
93,3,203,"WD","SE"
38,5,203,"WD","SE"
76,6,203,"WD","SE"
545,2,203,"WD","SE"
50,4,203,"WD","SE"
77,18,204,"WD","SE"
7,24,204,"WD","SE"
36,6,204,"WD","SE"
43,1,204,"WD","SE"
32,9,204,"WD","SE"
78,9,204,"WD","SE"
91,8,204,"WD","SE"
90,3,204,"WD","SE"
53,1,204,"WD","SE"
36,6,204,"WD","SE"
37,1,204,"WD","SE"
86,2,204,"WD","SE"
28,22,204,"WD","SE"
92,1,204,"WD","SE"
72,8,204,"WD","SE"
548,1,204,"WD","SE"
23,7,204,"WD","SE"
67,9,204,"WD","SE"
6,4,204,"WD","SE"
33,12,204,"WD","SE"
11,30,204,"WD","SE"
80,10,204,"WD","SE"
41,1,204,"WD","SE"
547,1,204,"WD","SE"
76,6,204,"WD","SE"
20,6,205,"WD","SE"
58,2,205,"WD","SE"
551,1,205,"WD","SE"
78,9,205,"WD","SE"
7,24,205,"WD","SE"
23,7,205,"WD","SE"
92,1,205,"WD","SE"
547,1,205,"WD","SE"
61,37,205,"WD","SE"
33,12,205,"WD","SE"
77,18,205,"WD","SE"
14,16,205,"WD","SE"
28,22,205,"WD","SE"
4,9,205,"WD","SE"
36,6,205,"WD","SE"
28,22,205,"WD","SE"
90,3,205,"WD","SE"
59,5,205,"WD","SE"
1,3,205,"WD","SE"
33,12,205,"WD","SE"
76,6,205,"WD","SE"
52,2,205,"WD","SE"
86,2,205,"WD","SE"
57,9,205,"WD","SE"
37,1,205,"WD","SE"
61,37,206,"WD","SE"
92,1,206,"WD","SE"
20,6,206,"WD","SE"
19,8,206,"WD","SE"
11,30,206,"WD","SE"
7,24,206,"WD","SE"
551,1,206,"WD","SE"
36,6,206,"WD","SE"
17,5,206,"WD","SE"
9,1,206,"WD","SE"
80,10,206,"WD","SE"
44,35,206,"WD","SE"
548,1,206,"WD","SE"
67,9,206,"WD","SE"
38,5,206,"WD","SE"
44,35,206,"WD","SE"
4,9,206,"WD","SE"
71,1,206,"WD","SE"
51,3,206,"WD","SE"
76,6,206,"WD","SE"
82,3,206,"WD","SE"
47,10,206,"WD","SE"
7,24,206,"WD","SE"
32,9,206,"WD","SE"
26,41,206,"WD","SE"
26,41,207,"WD","SE"
6,4,207,"WD","SE"
59,5,207,"WD","SE"
52,2,207,"WD","SE"
72,8,207,"WD","SE"
51,3,207,"WD","SE"
58,2,207,"WD","SE"
57,9,207,"WD","SE"
33,12,207,"WD","SE"
28,22,207,"WD","SE"
1,3,207,"WD","SE"
13,4,207,"WD","SE"
51,3,207,"WD","SE"
36,6,207,"WD","SE"
23,7,207,"WD","SE"
7,24,207,"WD","SE"
14,16,207,"WD","SE"
47,10,207,"WD","SE"
17,5,207,"WD","SE"
28,22,207,"WD","SE"
80,10,207,"WD","SE"
92,1,207,"WD","SE"
16,6,207,"WD","SE"
93,3,207,"WD","SE"
205,2,207,"WD","SE"
28,22,208,"WD","SE"
67,9,208,"WD","SE"
9,1,208,"WD","SE"
12,9,208,"WD","SE"
37,1,208,"WD","SE"
14,16,208,"WD","SE"
64,23,208,"WD","SE"
58,2,208,"WD","SE"
33,12,208,"WD","SE"
59,5,208,"WD","SE"
90,3,208,"WD","SE"
551,1,208,"WD","SE"
5,9,208,"WD","SE"
53,1,208,"WD","SE"
546,1,208,"WD","SE"
545,2,208,"WD","SE"
50,4,208,"WD","SE"
80,10,208,"WD","SE"
40,6,208,"WD","SE"
5,9,208,"WD","SE"
1,3,208,"WD","SE"
86,2,208,"WD","SE"
4,9,208,"WD","SE"
17,5,208,"WD","SE"
13,4,208,"WD","SE"
19,8,209,"WD","SE"
29,2,209,"WD","SE"
41,1,209,"WD","SE"
80,10,209,"WD","SE"
86,2,209,"WD","SE"
545,2,209,"WD","SE"
14,16,209,"WD","SE"
51,3,209,"WD","SE"
49,1,209,"WD","SE"
44,35,209,"WD","SE"
64,23,209,"WD","SE"
28,22,209,"WD","SE"
71,1,209,"WD","SE"
64,23,209,"WD","SE"
36,6,209,"WD","SE"
23,7,209,"WD","SE"
61,37,209,"WD","SE"
77,18,209,"WD","SE"
58,2,209,"WD","SE"
53,1,209,"WD","SE"
74,1,209,"WD","SE"
90,3,209,"WD","SE"
13,4,209,"WD","SE"
82,3,209,"WD","SE"
7,24,209,"WD","SE"
1,3,210,"WD","SE"
43,1,210,"WD","SE"
26,41,210,"WD","SE"
7,24,210,"WD","SE"
90,3,210,"WD","SE"
32,9,210,"WD","SE"
51,3,210,"WD","SE"
7,24,210,"WD","SE"
91,8,210,"WD","SE"
28,22,210,"WD","SE"
45,7,210,"WD","SE"
6,4,210,"WD","SE"
64,23,210,"WD","SE"
36,6,210,"WD","SE"
551,1,210,"WD","SE"
86,2,210,"WD","SE"
51,3,210,"WD","SE"
64,23,210,"WD","SE"
93,3,210,"WD","SE"
23,7,210,"WD","SE"
77,18,210,"WD","SE"
61,37,210,"WD","SE"
36,6,210,"WD","SE"
53,1,210,"WD","SE"
50,4,210,"WD","SE"
545,2,211,"WD","SE"
205,2,211,"WD","SE"
4,9,211,"WD","SE"
48,4,211,"WD","SE"
544,3,211,"WD","SE"
58,2,211,"WD","SE"
38,5,211,"WD","SE"
14,16,211,"WD","SE"
59,5,211,"WD","SE"
47,10,211,"WD","SE"
13,4,211,"WD","SE"
90,3,211,"WD","SE"
26,41,211,"WD","SE"
7,24,211,"WD","SE"
57,9,211,"WD","SE"
16,6,211,"WD","SE"
23,7,211,"WD","SE"
93,3,211,"WD","SE"
11,30,211,"WD","SE"
80,10,211,"WD","SE"
33,12,211,"WD","SE"
33,12,211,"WD","SE"
7,24,211,"WD","SE"
5,9,211,"WD","SE"
338,3,211,"WD","SE"
33,12,212,"WD","SE"
44,35,212,"WD","SE"
57,9,212,"WD","SE"
77,18,212,"WD","SE"
74,1,212,"WD","SE"
44,35,212,"WD","SE"
20,6,212,"WD","SE"
45,7,212,"WD","SE"
38,5,212,"WD","SE"
546,1,212,"WD","SE"
11,30,212,"WD","SE"
50,4,212,"WD","SE"
43,1,212,"WD","SE"
28,22,212,"WD","SE"
51,3,212,"WD","SE"
17,5,212,"WD","SE"
14,16,212,"WD","SE"
338,3,212,"WD","SE"
26,41,212,"WD","SE"
545,2,212,"WD","SE"
36,6,212,"WD","SE"
93,3,212,"WD","SE"
82,3,212,"WD","SE"
547,1,212,"WD","SE"
544,3,212,"WD","SE"
338,3,213,"WD","SE"
76,6,213,"WD","SE"
33,12,213,"WD","SE"
6,4,213,"WD","SE"
93,3,213,"WD","SE"
77,18,213,"WD","SE"
11,30,213,"WD","SE"
551,1,213,"WD","SE"
64,23,213,"WD","SE"
7,24,213,"WD","SE"
23,7,213,"WD","SE"
57,9,213,"WD","SE"
80,10,213,"WD","SE"
26,41,213,"WD","SE"
546,1,213,"WD","SE"
32,9,213,"WD","SE"
12,9,213,"WD","SE"
49,1,213,"WD","SE"
5,9,213,"WD","SE"
90,3,213,"WD","SE"
36,6,213,"WD","SE"
37,1,213,"WD","SE"
1,3,213,"WD","SE"
9,1,213,"WD","SE"
74,1,213,"WD","SE"
16,6,214,"WD","SE"
67,9,214,"WD","SE"
57,9,214,"WD","SE"
58,2,214,"WD","SE"
14,16,214,"WD","SE"
26,41,214,"WD","SE"
51,3,214,"WD","SE"
5,9,214,"WD","SE"
33,12,214,"WD","SE"
53,1,214,"WD","SE"
5,9,214,"WD","SE"
38,5,214,"WD","SE"
78,9,214,"WD","SE"
546,1,214,"WD","SE"
80,10,214,"WD","SE"
52,2,214,"WD","SE"
23,7,214,"WD","SE"
82,3,214,"WD","SE"
33,12,214,"WD","SE"
40,6,214,"WD","SE"
91,8,214,"WD","SE"
9,1,214,"WD","SE"
4,9,214,"WD","SE"
47,10,214,"WD","SE"
64,23,214,"WD","SE"
33,12,215,"WD","SE"
551,1,215,"WD","SE"
16,6,215,"WD","SE"
64,23,215,"WD","SE"
41,1,215,"WD","SE"
6,4,215,"WD","SE"
26,41,215,"WD","SE"
19,8,215,"WD","SE"
52,2,215,"WD","SE"
86,2,215,"WD","SE"
7,24,215,"WD","SE"
17,5,215,"WD","SE"
13,4,215,"WD","SE"
82,3,215,"WD","SE"
71,1,215,"WD","SE"
5,9,215,"WD","SE"
93,3,215,"WD","SE"
36,6,215,"WD","SE"
47,10,215,"WD","SE"
61,37,215,"WD","SE"
40,6,215,"WD","SE"
51,3,215,"WD","SE"
84,1,215,"WD","SE"
9,1,215,"WD","SE"
545,2,215,"WD","SE"
50,4,216,"WD","SE"
80,10,216,"WD","SE"
51,3,216,"WD","SE"
13,4,216,"WD","SE"
32,9,216,"WD","SE"
23,7,216,"WD","SE"
90,3,216,"WD","SE"
74,1,216,"WD","SE"
82,3,216,"WD","SE"
49,1,216,"WD","SE"
52,2,216,"WD","SE"
544,3,216,"WD","SE"
93,3,216,"WD","SE"
41,1,216,"WD","SE"
1,3,216,"WD","SE"
47,10,216,"WD","SE"
5,9,216,"WD","SE"
59,5,216,"WD","SE"
26,41,216,"WD","SE"
11,30,216,"WD","SE"
20,6,216,"WD","SE"
19,8,216,"WD","SE"
44,35,216,"WD","SE"
546,1,216,"WD","SE"
72,8,216,"WD","SE"
44,35,217,"WD","SE"
45,7,217,"WD","SE"
72,8,217,"WD","SE"
36,6,217,"WD","SE"
7,24,217,"WD","SE"
13,4,217,"WD","SE"
59,5,217,"WD","SE"
544,3,217,"WD","SE"
93,3,217,"WD","SE"
82,3,217,"WD","SE"
57,9,217,"WD","SE"
43,1,217,"WD","SE"
7,24,217,"WD","SE"
80,10,217,"WD","SE"
86,2,217,"WD","SE"
19,8,217,"WD","SE"
28,22,217,"WD","SE"
11,30,217,"WD","SE"
74,1,217,"WD","SE"
23,7,217,"WD","SE"
6,4,217,"WD","SE"
84,1,217,"WD","SE"
12,9,217,"WD","SE"
47,10,217,"WD","SE"
32,9,217,"WD","SE"
33,12,218,"WD","SE"
4,9,218,"WD","SE"
546,1,218,"WD","SE"
80,10,218,"WD","SE"
64,23,218,"WD","SE"
13,4,218,"WD","SE"
28,22,218,"WD","SE"
82,3,218,"WD","SE"
37,1,218,"WD","SE"
205,2,218,"WD","SE"
548,1,218,"WD","SE"
47,10,218,"WD","SE"
33,12,218,"WD","SE"
11,30,218,"WD","SE"
90,3,218,"WD","SE"
82,3,218,"WD","SE"
72,8,218,"WD","SE"
44,35,218,"WD","SE"
51,3,218,"WD","SE"
7,24,218,"WD","SE"
86,2,218,"WD","SE"
14,16,218,"WD","SE"
77,18,218,"WD","SE"
38,5,218,"WD","SE"
52,2,218,"WD","SE"
51,3,219,"WD","SE"
544,3,219,"WD","SE"
28,22,219,"WD","SE"
16,6,219,"WD","SE"
57,9,219,"WD","SE"
19,8,219,"WD","SE"
48,4,219,"WD","SE"
40,6,219,"WD","SE"
86,2,219,"WD","SE"
64,23,219,"WD","SE"
28,22,219,"WD","SE"
33,12,219,"WD","SE"
5,9,219,"WD","SE"
205,2,219,"WD","SE"
80,10,219,"WD","SE"
23,7,219,"WD","SE"
36,6,219,"WD","SE"
57,9,219,"WD","SE"
551,1,219,"WD","SE"
13,4,219,"WD","SE"
49,1,219,"WD","SE"
41,1,219,"WD","SE"
67,9,219,"WD","SE"
80,10,219,"WD","SE"
4,9,219,"WD","SE"
1,3,220,"WD","SE"
19,8,220,"WD","SE"
61,37,220,"WD","SE"
5,9,220,"WD","SE"
64,23,220,"WD","SE"
76,6,220,"WD","SE"
40,6,220,"WD","SE"
59,5,220,"WD","SE"
50,4,220,"WD","SE"
33,12,220,"WD","SE"
71,1,220,"WD","SE"
36,6,220,"WD","SE"
51,3,220,"WD","SE"
548,1,220,"WD","SE"
23,7,220,"WD","SE"
37,1,220,"WD","SE"
13,4,220,"WD","SE"
44,35,220,"WD","SE"
14,16,220,"WD","SE"
72,8,220,"WD","SE"
67,9,220,"WD","SE"
74,1,220,"WD","SE"
12,9,220,"WD","SE"
33,12,220,"WD","SE"
44,35,220,"WD","SE"
28,22,221,"WD","SE"
77,18,221,"WD","SE"
40,6,221,"WD","SE"
13,4,221,"WD","SE"
36,6,221,"WD","SE"
23,7,221,"WD","SE"
51,3,221,"WD","SE"
78,9,221,"WD","SE"
37,1,221,"WD","SE"
64,23,221,"WD","SE"
50,4,221,"WD","SE"
4,9,221,"WD","SE"
7,24,221,"WD","SE"
33,12,221,"WD","SE"
14,16,221,"WD","SE"
80,10,221,"WD","SE"
82,3,221,"WD","SE"
72,8,221,"WD","SE"
19,8,221,"WD","SE"
44,35,221,"WD","SE"
90,3,221,"WD","SE"
64,23,221,"WD","SE"
28,22,221,"WD","SE"
43,1,221,"WD","SE"
6,4,221,"WD","SE"
544,3,222,"WD","SE"
43,1,222,"WD","SE"
51,3,222,"WD","SE"
33,12,222,"WD","SE"
91,8,222,"WD","SE"
61,37,222,"WD","SE"
20,6,222,"WD","SE"
52,2,222,"WD","SE"
80,10,222,"WD","SE"
57,9,222,"WD","SE"
90,3,222,"WD","SE"
64,23,222,"WD","SE"
53,1,222,"WD","SE"
58,2,222,"WD","SE"
13,4,222,"WD","SE"
82,3,222,"WD","SE"
41,1,222,"WD","SE"
36,6,222,"WD","SE"
44,35,222,"WD","SE"
59,5,222,"WD","SE"
338,3,222,"WD","SE"
45,7,222,"WD","SE"
37,1,222,"WD","SE"
67,9,222,"WD","SE"
49,1,222,"WD","SE"
16,6,223,"WD","SE"
86,2,223,"WD","SE"
9,1,223,"WD","SE"
48,4,223,"WD","SE"
67,9,223,"WD","SE"
80,10,223,"WD","SE"
33,12,223,"WD","SE"
64,23,223,"WD","SE"
92,1,223,"WD","SE"
7,24,223,"WD","SE"
23,7,223,"WD","SE"
33,12,223,"WD","SE"
78,9,223,"WD","SE"
5,9,223,"WD","SE"
13,4,223,"WD","SE"
52,2,223,"WD","SE"
84,1,223,"WD","SE"
32,9,223,"WD","SE"
7,24,223,"WD","SE"
47,10,223,"WD","SE"
40,6,223,"WD","SE"
90,3,223,"WD","SE"
13,4,223,"WD","SE"
544,3,223,"WD","SE"
74,1,223,"WD","SE"
40,6,224,"WD","SE"
16,6,224,"WD","SE"
26,41,224,"WD","SE"
28,22,224,"WD","SE"
38,5,224,"WD","SE"
29,2,224,"WD","SE"
12,9,224,"WD","SE"
82,3,224,"WD","SE"
45,7,224,"WD","SE"
7,24,224,"WD","SE"
82,3,224,"WD","SE"
80,10,224,"WD","SE"
41,1,224,"WD","SE"
547,1,224,"WD","SE"
59,5,224,"WD","SE"
71,1,224,"WD","SE"
17,5,224,"WD","SE"
67,9,224,"WD","SE"
84,1,224,"WD","SE"
51,3,224,"WD","SE"
64,23,224,"WD","SE"
76,6,224,"WD","SE"
6,4,224,"WD","SE"
44,35,224,"WD","SE"
4,9,224,"WD","SE"
29,2,225,"WD","SE"
41,1,225,"WD","SE"
77,18,225,"WD","SE"
14,16,225,"WD","SE"
9,1,225,"WD","SE"
67,9,225,"WD","SE"
80,10,225,"WD","SE"
33,12,225,"WD","SE"
64,23,225,"WD","SE"
90,3,225,"WD","SE"
48,4,225,"WD","SE"
64,23,225,"WD","SE"
205,2,225,"WD","SE"
80,10,225,"WD","SE"
4,9,225,"WD","SE"
93,3,225,"WD","SE"
52,2,225,"WD","SE"
33,12,225,"WD","SE"
13,4,225,"WD","SE"
58,2,225,"WD","SE"
53,1,225,"WD","SE"
72,8,225,"WD","SE"
49,1,225,"WD","SE"
91,8,225,"WD","SE"
37,1,225,"WD","SE"
17,5,226,"WD","SE"
44,35,226,"WD","SE"
19,8,226,"WD","SE"
11,30,226,"WD","SE"
41,1,226,"WD","SE"
72,8,226,"WD","SE"
13,4,226,"WD","SE"
49,1,226,"WD","SE"
58,2,226,"WD","SE"
82,3,226,"WD","SE"
1,3,226,"WD","SE"
61,37,226,"WD","SE"
547,1,226,"WD","SE"
33,12,226,"WD","SE"
71,1,226,"WD","SE"
26,41,226,"WD","SE"
40,6,226,"WD","SE"
82,3,226,"WD","SE"
91,8,226,"WD","SE"
14,16,226,"WD","SE"
78,9,226,"WD","SE"
76,6,226,"WD","SE"
80,10,226,"WD","SE"
551,1,226,"WD","SE"
13,4,226,"WD","SE"
44,35,227,"WD","SE"
13,4,227,"WD","SE"
545,2,227,"WD","SE"
40,6,227,"WD","SE"
13,4,227,"WD","SE"
28,22,227,"WD","SE"
58,2,227,"WD","SE"
72,8,227,"WD","SE"
36,6,227,"WD","SE"
57,9,227,"WD","SE"
33,12,227,"WD","SE"
20,6,227,"WD","SE"
90,3,227,"WD","SE"
76,6,227,"WD","SE"
544,3,227,"WD","SE"
59,5,227,"WD","SE"
7,24,227,"WD","SE"
338,3,227,"WD","SE"
51,3,227,"WD","SE"
5,9,227,"WD","SE"
12,9,227,"WD","SE"
9,1,227,"WD","SE"
4,9,227,"WD","SE"
78,9,227,"WD","SE"
84,1,227,"WD","SE"
51,3,228,"WD","SE"
7,24,228,"WD","SE"
6,4,228,"WD","SE"
23,7,228,"WD","SE"
53,1,228,"WD","SE"
33,12,228,"WD","SE"
205,2,228,"WD","SE"
13,4,228,"WD","SE"
7,24,228,"WD","SE"
1,3,228,"WD","SE"
61,37,228,"WD","SE"
82,3,228,"WD","SE"
71,1,228,"WD","SE"
5,9,228,"WD","SE"
545,2,228,"WD","SE"
80,10,228,"WD","SE"
80,10,228,"WD","SE"
13,4,228,"WD","SE"
74,1,228,"WD","SE"
29,2,228,"WD","SE"
57,9,228,"WD","SE"
17,5,228,"WD","SE"
548,1,228,"WD","SE"
44,35,228,"WD","SE"
26,41,228,"WD","SE"
7,24,229,"WD","SE"
92,1,229,"WD","SE"
61,37,229,"WD","SE"
1,3,229,"WD","SE"
52,2,229,"WD","SE"
80,10,229,"WD","SE"
43,1,229,"WD","SE"
86,2,229,"WD","SE"
74,1,229,"WD","SE"
28,22,229,"WD","SE"
6,4,229,"WD","SE"
32,9,229,"WD","SE"
84,1,229,"WD","SE"
338,3,229,"WD","SE"
12,9,229,"WD","SE"
57,9,229,"WD","SE"
545,2,229,"WD","SE"
17,5,229,"WD","SE"
38,5,229,"WD","SE"
67,9,229,"WD","SE"
5,9,229,"WD","SE"
33,12,229,"WD","SE"
7,24,229,"WD","SE"
76,6,229,"WD","SE"
91,8,229,"WD","SE"
13,4,230,"WD","SE"
51,3,230,"WD","SE"
1,3,230,"WD","SE"
36,6,230,"WD","SE"
57,9,230,"WD","SE"
545,2,230,"WD","SE"
32,9,230,"WD","SE"
47,10,230,"WD","SE"
77,18,230,"WD","SE"
12,9,230,"WD","SE"
82,3,230,"WD","SE"
52,2,230,"WD","SE"
82,3,230,"WD","SE"
29,2,230,"WD","SE"
9,1,230,"WD","SE"
50,4,230,"WD","SE"
33,12,230,"WD","SE"
20,6,230,"WD","SE"
51,3,230,"WD","SE"
6,4,230,"WD","SE"
53,1,230,"WD","SE"
58,2,230,"WD","SE"
28,22,230,"WD","SE"
91,8,230,"WD","SE"
57,9,230,"WD","SE"
546,1,231,"WD","SE"
5,9,231,"WD","SE"
44,35,231,"WD","SE"
37,1,231,"WD","SE"
67,9,231,"WD","SE"
44,35,231,"WD","SE"
33,12,231,"WD","SE"
52,2,231,"WD","SE"
5,9,231,"WD","SE"
86,2,231,"WD","SE"
338,3,231,"WD","SE"
45,7,231,"WD","SE"
205,2,231,"WD","SE"
57,9,231,"WD","SE"
64,23,231,"WD","SE"
51,3,231,"WD","SE"
547,1,231,"WD","SE"
49,1,231,"WD","SE"
12,9,231,"WD","SE"
61,37,231,"WD","SE"
64,23,231,"WD","SE"
38,5,231,"WD","SE"
77,18,231,"WD","SE"
6,4,231,"WD","SE"
71,1,231,"WD","SE"
80,10,232,"WD","SE"
77,18,232,"WD","SE"
4,9,232,"WD","SE"
80,10,232,"WD","SE"
64,23,232,"WD","SE"
52,2,232,"WD","SE"
551,1,232,"WD","SE"
5,9,232,"WD","SE"
29,2,232,"WD","SE"
82,3,232,"WD","SE"
59,5,232,"WD","SE"
546,1,232,"WD","SE"
53,1,232,"WD","SE"
11,30,232,"WD","SE"
36,6,232,"WD","SE"
205,2,232,"WD","SE"
44,35,232,"WD","SE"
61,37,232,"WD","SE"
7,24,232,"WD","SE"
84,1,232,"WD","SE"
32,9,232,"WD","SE"
64,23,232,"WD","SE"
51,3,232,"WD","SE"
28,22,232,"WD","SE"
545,2,232,"WD","SE"
40,6,233,"WD","SE"
93,3,233,"WD","SE"
12,9,233,"WD","SE"
9,1,233,"WD","SE"
36,6,233,"WD","SE"
1,3,233,"WD","SE"
23,7,233,"WD","SE"
17,5,233,"WD","SE"
90,3,233,"WD","SE"
91,8,233,"WD","SE"
38,5,233,"WD","SE"
13,4,233,"WD","SE"
48,4,233,"WD","SE"
5,9,233,"WD","SE"
544,3,233,"WD","SE"
71,1,233,"WD","SE"
547,1,233,"WD","SE"
50,4,233,"WD","SE"
76,6,233,"WD","SE"
36,6,233,"WD","SE"
53,1,233,"WD","SE"
20,6,233,"WD","SE"
49,1,233,"WD","SE"
58,2,233,"WD","SE"
5,9,233,"WD","SE"
28,22,234,"WD","SE"
82,3,234,"WD","SE"
76,6,234,"WD","SE"
84,1,234,"WD","SE"
48,4,234,"WD","SE"
80,10,234,"WD","SE"
19,8,234,"WD","SE"
5,9,234,"WD","SE"
338,3,234,"WD","SE"
20,6,234,"WD","SE"
64,23,234,"WD","SE"
57,9,234,"WD","SE"
50,4,234,"WD","SE"
205,2,234,"WD","SE"
86,2,234,"WD","SE"
78,9,234,"WD","SE"
92,1,234,"WD","SE"
47,10,234,"WD","SE"
33,12,234,"WD","SE"
49,1,234,"WD","SE"
91,8,234,"WD","SE"
72,8,234,"WD","SE"
14,16,234,"WD","SE"
74,1,234,"WD","SE"
58,2,234,"WD","SE"
52,2,235,"WD","SE"
43,1,235,"WD","SE"
544,3,235,"WD","SE"
84,1,235,"WD","SE"
77,18,235,"WD","SE"
12,9,235,"WD","SE"
40,6,235,"WD","SE"
61,37,235,"WD","SE"
82,3,235,"WD","SE"
58,2,235,"WD","SE"
36,6,235,"WD","SE"
6,4,235,"WD","SE"
7,24,235,"WD","SE"
36,6,235,"WD","SE"
13,4,235,"WD","SE"
548,1,235,"WD","SE"
13,4,235,"WD","SE"
4,9,235,"WD","SE"
38,5,235,"WD","SE"
551,1,235,"WD","SE"
50,4,235,"WD","SE"
72,8,235,"WD","SE"
20,6,235,"WD","SE"
547,1,235,"WD","SE"
32,9,235,"WD","SE"
51,3,236,"WD","SE"
64,23,236,"WD","SE"
11,30,236,"WD","SE"
44,35,236,"WD","SE"
36,6,236,"WD","SE"
38,5,236,"WD","SE"
551,1,236,"WD","SE"
9,1,236,"WD","SE"
40,6,236,"WD","SE"
43,1,236,"WD","SE"
17,5,236,"WD","SE"
59,5,236,"WD","SE"
91,8,236,"WD","SE"
67,9,236,"WD","SE"
36,6,236,"WD","SE"
57,9,236,"WD","SE"
45,7,236,"WD","SE"
33,12,236,"WD","SE"
77,18,236,"WD","SE"
16,6,236,"WD","SE"
7,24,236,"WD","SE"
546,1,236,"WD","SE"
41,1,236,"WD","SE"
5,9,236,"WD","SE"
29,2,236,"WD","SE"
44,35,237,"WD","SE"
1,3,237,"WD","SE"
11,30,237,"WD","SE"
546,1,237,"WD","SE"
13,4,237,"WD","SE"
5,9,237,"WD","SE"
40,6,237,"WD","SE"
57,9,237,"WD","SE"
7,24,237,"WD","SE"
9,1,237,"WD","SE"
13,4,237,"WD","SE"
19,8,237,"WD","SE"
80,10,237,"WD","SE"
545,2,237,"WD","SE"
41,1,237,"WD","SE"
28,22,237,"WD","SE"
44,35,237,"WD","SE"
544,3,237,"WD","SE"
7,24,237,"WD","SE"
551,1,237,"WD","SE"
82,3,237,"WD","SE"
205,2,237,"WD","SE"
84,1,237,"WD","SE"
23,7,237,"WD","SE"
32,9,237,"WD","SE"
74,1,238,"WD","SE"
16,6,238,"WD","SE"
547,1,238,"WD","SE"
7,24,238,"WD","SE"
93,3,238,"WD","SE"
26,41,238,"WD","SE"
548,1,238,"WD","SE"
58,2,238,"WD","SE"
29,2,238,"WD","SE"
61,37,238,"WD","SE"
67,9,238,"WD","SE"
64,23,238,"WD","SE"
17,5,238,"WD","SE"
7,24,238,"WD","SE"
36,6,238,"WD","SE"
64,23,238,"WD","SE"
44,35,238,"WD","SE"
11,30,238,"WD","SE"
13,4,238,"WD","SE"
20,6,238,"WD","SE"
4,9,238,"WD","SE"
91,8,238,"WD","SE"
12,9,238,"WD","SE"
544,3,238,"WD","SE"
9,1,238,"WD","SE"
26,41,239,"WD","SE"
74,1,239,"WD","SE"
84,1,239,"WD","SE"
205,2,239,"WD","SE"
546,1,239,"WD","SE"
29,2,239,"WD","SE"
80,10,239,"WD","SE"
92,1,239,"WD","SE"
45,7,239,"WD","SE"
82,3,239,"WD","SE"
67,9,239,"WD","SE"
13,4,239,"WD","SE"
80,10,239,"WD","SE"
47,10,239,"WD","SE"
64,23,239,"WD","SE"
51,3,239,"WD","SE"
547,1,239,"WD","SE"
57,9,239,"WD","SE"
5,9,239,"WD","SE"
44,35,239,"WD","SE"
61,37,239,"WD","SE"
19,8,239,"WD","SE"
33,12,239,"WD","SE"
38,5,239,"WD","SE"
545,2,239,"WD","SE"
76,6,240,"WD","SE"
53,1,240,"WD","SE"
545,2,240,"WD","SE"
51,3,240,"WD","SE"
64,23,240,"WD","SE"
338,3,240,"WD","SE"
51,3,240,"WD","SE"
90,3,240,"WD","SE"
12,9,240,"WD","SE"
92,1,240,"WD","SE"
17,5,240,"WD","SE"
67,9,240,"WD","SE"
80,10,240,"WD","SE"
58,2,240,"WD","SE"
45,7,240,"WD","SE"
80,10,240,"WD","SE"
48,4,240,"WD","SE"
32,9,240,"WD","SE"
6,4,240,"WD","SE"
7,24,240,"WD","SE"
1,3,240,"WD","SE"
57,9,240,"WD","SE"
5,9,240,"WD","SE"
78,9,240,"WD","SE"
44,35,240,"WD","SE"
91,8,241,"WD","SE"
44,35,241,"WD","SE"
20,6,241,"WD","SE"
23,7,241,"WD","SE"
57,9,241,"WD","SE"
11,30,241,"WD","SE"
93,3,241,"WD","SE"
82,3,241,"WD","SE"
58,2,241,"WD","SE"
43,1,241,"WD","SE"
547,1,241,"WD","SE"
33,12,241,"WD","SE"
28,22,241,"WD","SE"
49,1,241,"WD","SE"
205,2,241,"WD","SE"
5,9,241,"WD","SE"
9,1,241,"WD","SE"
84,1,241,"WD","SE"
47,10,241,"WD","SE"
17,5,241,"WD","SE"
29,2,241,"WD","SE"
44,35,241,"WD","SE"
67,9,241,"WD","SE"
71,1,241,"WD","SE"
92,1,241,"WD","SE"
58,2,242,"WD","SE"
47,10,242,"WD","SE"
64,23,242,"WD","SE"
71,1,242,"WD","SE"
45,7,242,"WD","SE"
20,6,242,"WD","SE"
41,1,242,"WD","SE"
43,1,242,"WD","SE"
48,4,242,"WD","SE"
64,23,242,"WD","SE"
91,8,242,"WD","SE"
59,5,242,"WD","SE"
53,1,242,"WD","SE"
37,1,242,"WD","SE"
86,2,242,"WD","SE"
51,3,242,"WD","SE"
80,10,242,"WD","SE"
72,8,242,"WD","SE"
33,12,242,"WD","SE"
11,30,242,"WD","SE"
1,3,242,"WD","SE"
36,6,242,"WD","SE"
6,4,242,"WD","SE"
82,3,242,"WD","SE"
57,9,242,"WD","SE"
49,1,243,"WD","SE"
5,9,243,"WD","SE"
20,6,243,"WD","SE"
90,3,243,"WD","SE"
44,35,243,"WD","SE"
93,3,243,"WD","SE"
32,9,243,"WD","SE"
33,12,243,"WD","SE"
28,22,243,"WD","SE"
545,2,243,"WD","SE"
72,8,243,"WD","SE"
48,4,243,"WD","SE"
45,7,243,"WD","SE"
53,1,243,"WD","SE"
40,6,243,"WD","SE"
7,24,243,"WD","SE"
80,10,243,"WD","SE"
86,2,243,"WD","SE"
16,6,243,"WD","SE"
57,9,243,"WD","SE"
78,9,243,"WD","SE"
338,3,243,"WD","SE"
76,6,243,"WD","SE"
551,1,243,"WD","SE"
205,2,243,"WD","SE"
57,9,244,"WD","SE"
41,1,244,"WD","SE"
36,6,244,"WD","SE"
9,1,244,"WD","SE"
91,8,244,"WD","SE"
44,35,244,"WD","SE"
61,37,244,"WD","SE"
53,1,244,"WD","SE"
71,1,244,"WD","SE"
44,35,244,"WD","SE"
19,8,244,"WD","SE"
544,3,244,"WD","SE"
23,7,244,"WD","SE"
64,23,244,"WD","SE"
84,1,244,"WD","SE"
17,5,244,"WD","SE"
338,3,244,"WD","SE"
59,5,244,"WD","SE"
43,1,244,"WD","SE"
20,6,244,"WD","SE"
11,30,244,"WD","SE"
36,6,244,"WD","SE"
58,2,244,"WD","SE"
93,3,244,"WD","SE"
72,8,244,"WD","SE"
12,9,245,"WD","SE"
26,41,245,"WD","SE"
53,1,245,"WD","SE"
33,12,245,"WD","SE"
23,7,245,"WD","SE"
13,4,245,"WD","SE"
338,3,245,"WD","SE"
48,4,245,"WD","SE"
50,4,245,"WD","SE"
545,2,245,"WD","SE"
205,2,245,"WD","SE"
71,1,245,"WD","SE"
47,10,245,"WD","SE"
4,9,245,"WD","SE"
38,5,245,"WD","SE"
74,1,245,"WD","SE"
41,1,245,"WD","SE"
544,3,245,"WD","SE"
59,5,245,"WD","SE"
28,22,245,"WD","SE"
9,1,245,"WD","SE"
51,3,245,"WD","SE"
548,1,245,"WD","SE"
77,18,245,"WD","SE"
64,23,245,"WD","SE"
26,41,246,"WD","SE"
544,3,246,"WD","SE"
58,2,246,"WD","SE"
38,5,246,"WD","SE"
40,6,246,"WD","SE"
59,5,246,"WD","SE"
47,10,246,"WD","SE"
36,6,246,"WD","SE"
57,9,246,"WD","SE"
13,4,246,"WD","SE"
33,12,246,"WD","SE"
547,1,246,"WD","SE"
71,1,246,"WD","SE"
14,16,246,"WD","SE"
45,7,246,"WD","SE"
78,9,246,"WD","SE"
76,6,246,"WD","SE"
551,1,246,"WD","SE"
67,9,246,"WD","SE"
50,4,246,"WD","SE"
82,3,246,"WD","SE"
57,9,246,"WD","SE"
90,3,246,"WD","SE"
28,22,246,"WD","SE"
12,9,246,"WD","SE"
43,1,247,"WD","SE"
29,2,247,"WD","SE"
551,1,247,"WD","SE"
80,10,247,"WD","SE"
92,1,247,"WD","SE"
50,4,247,"WD","SE"
4,9,247,"WD","SE"
49,1,247,"WD","SE"
13,4,247,"WD","SE"
5,9,247,"WD","SE"
26,41,247,"WD","SE"
9,1,247,"WD","SE"
58,2,247,"WD","SE"
1,3,247,"WD","SE"
205,2,247,"WD","SE"
37,1,247,"WD","SE"
19,8,247,"WD","SE"
7,24,247,"WD","SE"
16,6,247,"WD","SE"
7,24,247,"WD","SE"
33,12,247,"WD","SE"
548,1,247,"WD","SE"
40,6,247,"WD","SE"
14,16,247,"WD","SE"
51,3,247,"WD","SE"
67,9,248,"WD","SE"
72,8,248,"WD","SE"
28,22,248,"WD","SE"
547,1,248,"WD","SE"
7,24,248,"WD","SE"
57,9,248,"WD","SE"
47,10,248,"WD","SE"
84,1,248,"WD","SE"
551,1,248,"WD","SE"
38,5,248,"WD","SE"
33,12,248,"WD","SE"
205,2,248,"WD","SE"
13,4,248,"WD","SE"
11,30,248,"WD","SE"
33,12,248,"WD","SE"
6,4,248,"WD","SE"
77,18,248,"WD","SE"
37,1,248,"WD","SE"
545,2,248,"WD","SE"
14,16,248,"WD","SE"
36,6,248,"WD","SE"
9,1,248,"WD","SE"
90,3,248,"WD","SE"
86,2,248,"WD","SE"
53,1,248,"WD","SE"
28,22,249,"WD","SE"
38,5,249,"WD","SE"
93,3,249,"WD","SE"
61,37,249,"WD","SE"
36,6,249,"WD","SE"
82,3,249,"WD","SE"
33,12,249,"WD","SE"
26,41,249,"WD","SE"
32,9,249,"WD","SE"
13,4,249,"WD","SE"
548,1,249,"WD","SE"
545,2,249,"WD","SE"
205,2,249,"WD","SE"
338,3,249,"WD","SE"
16,6,249,"WD","SE"
77,18,249,"WD","SE"
33,12,249,"WD","SE"
71,1,249,"WD","SE"
78,9,249,"WD","SE"
11,30,249,"WD","SE"
82,3,249,"WD","SE"
52,2,249,"WD","SE"
44,35,249,"WD","SE"
547,1,249,"WD","SE"
14,16,249,"WD","SE"
76,6,250,"WD","SE"
49,1,250,"WD","SE"
5,9,250,"WD","SE"
1,3,250,"WD","SE"
545,2,250,"WD","SE"
338,3,250,"WD","SE"
28,22,250,"WD","SE"
82,3,250,"WD","SE"
78,9,250,"WD","SE"
36,6,250,"WD","SE"
11,30,250,"WD","SE"
77,18,250,"WD","SE"
43,1,250,"WD","SE"
51,3,250,"WD","SE"
4,9,250,"WD","SE"
84,1,250,"WD","SE"
93,3,250,"WD","SE"
47,10,250,"WD","SE"
19,8,250,"WD","SE"
29,2,250,"WD","SE"
86,2,250,"WD","SE"
71,1,250,"WD","SE"
44,35,250,"WD","SE"
51,3,250,"WD","SE"
61,37,250,"WD","SE"
84,1,251,"WD","SE"
53,1,251,"WD","SE"
28,22,251,"WD","SE"
45,7,251,"WD","SE"
6,4,251,"WD","SE"
32,9,251,"WD","SE"
48,4,251,"WD","SE"
20,6,251,"WD","SE"
23,7,251,"WD","SE"
26,41,251,"WD","SE"
28,22,251,"WD","SE"
205,2,251,"WD","SE"
72,8,251,"WD","SE"
19,8,251,"WD","SE"
90,3,251,"WD","SE"
548,1,251,"WD","SE"
52,2,251,"WD","SE"
67,9,251,"WD","SE"
80,10,251,"WD","SE"
33,12,251,"WD","SE"
41,1,251,"WD","SE"
82,3,251,"WD","SE"
14,16,251,"WD","SE"
13,4,251,"WD","SE"
51,3,251,"WD","SE"
338,3,252,"WD","SE"
80,10,252,"WD","SE"
546,1,252,"WD","SE"
32,9,252,"WD","SE"
77,18,252,"WD","SE"
26,41,252,"WD","SE"
84,1,252,"WD","SE"
7,24,252,"WD","SE"
17,5,252,"WD","SE"
80,10,252,"WD","SE"
23,7,252,"WD","SE"
37,1,252,"WD","SE"
547,1,252,"WD","SE"
20,6,252,"WD","SE"
61,37,252,"WD","SE"
50,4,252,"WD","SE"
78,9,252,"WD","SE"
551,1,252,"WD","SE"
16,6,252,"WD","SE"
28,22,252,"WD","SE"
57,9,252,"WD","SE"
5,9,252,"WD","SE"
36,6,252,"WD","SE"
57,9,252,"WD","SE"
44,35,252,"WD","SE"
51,3,253,"WD","SE"
26,41,253,"WD","SE"
51,3,253,"WD","SE"
16,6,253,"WD","SE"
50,4,253,"WD","SE"
48,4,253,"WD","SE"
547,1,253,"WD","SE"
43,1,253,"WD","SE"
19,8,253,"WD","SE"
6,4,253,"WD","SE"
14,16,253,"WD","SE"
53,1,253,"WD","SE"
20,6,253,"WD","SE"
28,22,253,"WD","SE"
49,1,253,"WD","SE"
44,35,253,"WD","SE"
74,1,253,"WD","SE"
11,30,253,"WD","SE"
33,12,253,"WD","SE"
80,10,253,"WD","SE"
7,24,253,"WD","SE"
29,2,253,"WD","SE"
544,3,253,"WD","SE"
545,2,253,"WD","SE"
9,1,253,"WD","SE"
28,22,254,"WD","SE"
23,7,254,"WD","SE"
44,35,254,"WD","SE"
51,3,254,"WD","SE"
338,3,254,"WD","SE"
26,41,254,"WD","SE"
50,4,254,"WD","SE"
545,2,254,"WD","SE"
71,1,254,"WD","SE"
57,9,254,"WD","SE"
32,9,254,"WD","SE"
45,7,254,"WD","SE"
84,1,254,"WD","SE"
36,6,254,"WD","SE"
82,3,254,"WD","SE"
28,22,254,"WD","SE"
41,1,254,"WD","SE"
58,2,254,"WD","SE"
5,9,254,"WD","SE"
43,1,254,"WD","SE"
548,1,254,"WD","SE"
19,8,254,"WD","SE"
64,23,254,"WD","SE"
76,6,254,"WD","SE"
40,6,254,"WD","SE"
13,4,255,"WD","SE"
5,9,255,"WD","SE"
545,2,255,"WD","SE"
32,9,255,"WD","SE"
74,1,255,"WD","SE"
14,16,255,"WD","SE"
80,10,255,"WD","SE"
61,37,255,"WD","SE"
86,2,255,"WD","SE"
64,23,255,"WD","SE"
28,22,255,"WD","SE"
82,3,255,"WD","SE"
4,9,255,"WD","SE"
78,9,255,"WD","SE"
43,1,255,"WD","SE"
76,6,255,"WD","SE"
77,18,255,"WD","SE"
36,6,255,"WD","SE"
29,2,255,"WD","SE"
37,1,255,"WD","SE"
551,1,255,"WD","SE"
26,41,255,"WD","SE"
548,1,255,"WD","SE"
7,24,255,"WD","SE"
544,3,255,"WD","SE"
84,1,256,"WD","SE"
50,4,256,"WD","SE"
44,35,256,"WD","SE"
6,4,256,"WD","SE"
29,2,256,"WD","SE"
43,1,256,"WD","SE"
11,30,256,"WD","SE"
64,23,256,"WD","SE"
49,1,256,"WD","SE"
78,9,256,"WD","SE"
61,37,256,"WD","SE"
33,12,256,"WD","SE"
92,1,256,"WD","SE"
82,3,256,"WD","SE"
546,1,256,"WD","SE"
4,9,256,"WD","SE"
57,9,256,"WD","SE"
41,1,256,"WD","SE"
93,3,256,"WD","SE"
12,9,256,"WD","SE"
48,4,256,"WD","SE"
58,2,256,"WD","SE"
7,24,256,"WD","SE"
28,22,256,"WD","SE"
547,1,256,"WD","SE"
4,9,257,"WD","SE"
78,9,257,"WD","SE"
45,7,257,"WD","SE"
205,2,257,"WD","SE"
72,8,257,"WD","SE"
9,1,257,"WD","SE"
13,4,257,"WD","SE"
91,8,257,"WD","SE"
41,1,257,"WD","SE"
32,9,257,"WD","SE"
92,1,257,"WD","SE"
37,1,257,"WD","SE"
551,1,257,"WD","SE"
17,5,257,"WD","SE"
44,35,257,"WD","SE"
64,23,257,"WD","SE"
548,1,257,"WD","SE"
57,9,257,"WD","SE"
12,9,257,"WD","SE"
7,24,257,"WD","SE"
67,9,257,"WD","SE"
43,1,257,"WD","SE"
36,6,257,"WD","SE"
71,1,257,"WD","SE"
23,7,257,"WD","SE"
82,3,258,"WD","SE"
544,3,258,"WD","SE"
74,1,258,"WD","SE"
33,12,258,"WD","SE"
548,1,258,"WD","SE"
338,3,258,"WD","SE"
7,24,258,"WD","SE"
91,8,258,"WD","SE"
64,23,258,"WD","SE"
43,1,258,"WD","SE"
57,9,258,"WD","SE"
45,7,258,"WD","SE"
29,2,258,"WD","SE"
13,4,258,"WD","SE"
44,35,258,"WD","SE"
40,6,258,"WD","SE"
545,2,258,"WD","SE"
49,1,258,"WD","SE"
28,22,258,"WD","SE"
78,9,258,"WD","SE"
71,1,258,"WD","SE"
36,6,258,"WD","SE"
64,23,258,"WD","SE"
58,2,258,"WD","SE"
11,30,258,"WD","SE"
76,6,259,"WD","SE"
7,24,259,"WD","SE"
64,23,259,"WD","SE"
51,3,259,"WD","SE"
36,6,259,"WD","SE"
48,4,259,"WD","SE"
57,9,259,"WD","SE"
77,18,259,"WD","SE"
17,5,259,"WD","SE"
57,9,259,"WD","SE"
29,2,259,"WD","SE"
93,3,259,"WD","SE"
82,3,259,"WD","SE"
80,10,259,"WD","SE"
64,23,259,"WD","SE"
547,1,259,"WD","SE"
20,6,259,"WD","SE"
52,2,259,"WD","SE"
53,1,259,"WD","SE"
43,1,259,"WD","SE"
86,2,259,"WD","SE"
45,7,259,"WD","SE"
37,1,259,"WD","SE"
61,37,259,"WD","SE"
90,3,259,"WD","SE"
78,9,260,"WD","SE"
43,1,260,"WD","SE"
19,8,260,"WD","SE"
93,3,260,"WD","SE"
64,23,260,"WD","SE"
547,1,260,"WD","SE"
86,2,260,"WD","SE"
7,24,260,"WD","SE"
52,2,260,"WD","SE"
545,2,260,"WD","SE"
26,41,260,"WD","SE"
51,3,260,"WD","SE"
44,35,260,"WD","SE"
13,4,260,"WD","SE"
1,3,260,"WD","SE"
58,2,260,"WD","SE"
80,10,260,"WD","SE"
5,9,260,"WD","SE"
48,4,260,"WD","SE"
36,6,260,"WD","SE"
20,6,260,"WD","SE"
40,6,260,"WD","SE"
80,10,260,"WD","SE"
9,1,260,"WD","SE"
28,22,260,"WD","SE"
23,7,261,"WD","SE"
38,5,261,"WD","SE"
13,4,261,"WD","SE"
64,23,261,"WD","SE"
82,3,261,"WD","SE"
41,1,261,"WD","SE"
7,24,261,"WD","SE"
74,1,261,"WD","SE"
544,3,261,"WD","SE"
92,1,261,"WD","SE"
28,22,261,"WD","SE"
36,6,261,"WD","SE"
77,18,261,"WD","SE"
16,6,261,"WD","SE"
1,3,261,"WD","SE"
90,3,261,"WD","SE"
67,9,261,"WD","SE"
19,8,261,"WD","SE"
84,1,261,"WD","SE"
53,1,261,"WD","SE"
64,23,261,"WD","SE"
546,1,261,"WD","SE"
58,2,261,"WD","SE"
78,9,261,"WD","SE"
205,2,261,"WD","SE"
1,3,262,"WD","SE"
64,23,262,"WD","SE"
58,2,262,"WD","SE"
33,12,262,"WD","SE"
50,4,262,"WD","SE"
37,1,262,"WD","SE"
84,1,262,"WD","SE"
47,10,262,"WD","SE"
77,18,262,"WD","SE"
67,9,262,"WD","SE"
80,10,262,"WD","SE"
36,6,262,"WD","SE"
13,4,262,"WD","SE"
23,7,262,"WD","SE"
53,1,262,"WD","SE"
82,3,262,"WD","SE"
44,35,262,"WD","SE"
12,9,262,"WD","SE"
78,9,262,"WD","SE"
7,24,262,"WD","SE"
20,6,262,"WD","SE"
38,5,262,"WD","SE"
16,6,262,"WD","SE"
5,9,262,"WD","SE"
82,3,262,"WD","SE"
551,1,263,"WD","SE"
7,24,263,"WD","SE"
38,5,263,"WD","SE"
48,4,263,"WD","SE"
82,3,263,"WD","SE"
545,2,263,"WD","SE"
9,1,263,"WD","SE"
11,30,263,"WD","SE"
47,10,263,"WD","SE"
28,22,263,"WD","SE"
57,9,263,"WD","SE"
91,8,263,"WD","SE"
4,9,263,"WD","SE"
7,24,263,"WD","SE"
6,4,263,"WD","SE"
53,1,263,"WD","SE"
86,2,263,"WD","SE"
80,10,263,"WD","SE"
45,7,263,"WD","SE"
5,9,263,"WD","SE"
23,7,263,"WD","SE"
41,1,263,"WD","SE"
84,1,263,"WD","SE"
5,9,263,"WD","SE"
32,9,263,"WD","SE"
61,37,264,"WD","SE"
5,9,264,"WD","SE"
28,22,264,"WD","SE"
17,5,264,"WD","SE"
19,8,264,"WD","SE"
40,6,264,"WD","SE"
4,9,264,"WD","SE"
26,41,264,"WD","SE"
82,3,264,"WD","SE"
47,10,264,"WD","SE"
82,3,264,"WD","SE"
67,9,264,"WD","SE"
64,23,264,"WD","SE"
547,1,264,"WD","SE"
33,12,264,"WD","SE"
32,9,264,"WD","SE"
11,30,264,"WD","SE"
48,4,264,"WD","SE"
20,6,264,"WD","SE"
545,2,264,"WD","SE"
59,5,264,"WD","SE"
13,4,264,"WD","SE"
45,7,264,"WD","SE"
74,1,264,"WD","SE"
205,2,264,"WD","SE"
26,41,265,"WD","SE"
11,30,265,"WD","SE"
33,12,265,"WD","SE"
78,9,265,"WD","SE"
72,8,265,"WD","SE"
91,8,265,"WD","SE"
9,1,265,"WD","SE"
40,6,265,"WD","SE"
44,35,265,"WD","SE"
92,1,265,"WD","SE"
38,5,265,"WD","SE"
53,1,265,"WD","SE"
20,6,265,"WD","SE"
16,6,265,"WD","SE"
64,23,265,"WD","SE"
58,2,265,"WD","SE"
64,23,265,"WD","SE"
546,1,265,"WD","SE"
29,2,265,"WD","SE"
36,6,265,"WD","SE"
547,1,265,"WD","SE"
47,10,265,"WD","SE"
82,3,265,"WD","SE"
37,1,265,"WD","SE"
90,3,265,"WD","SE"
545,2,266,"WD","SE"
43,1,266,"WD","SE"
26,41,266,"WD","SE"
82,3,266,"WD","SE"
74,1,266,"WD","SE"
71,1,266,"WD","SE"
44,35,266,"WD","SE"
50,4,266,"WD","SE"
93,3,266,"WD","SE"
544,3,266,"WD","SE"
29,2,266,"WD","SE"
92,1,266,"WD","SE"
13,4,266,"WD","SE"
51,3,266,"WD","SE"
64,23,266,"WD","SE"
33,12,266,"WD","SE"
91,8,266,"WD","SE"
7,24,266,"WD","SE"
5,9,266,"WD","SE"
49,1,266,"WD","SE"
80,10,266,"WD","SE"
36,6,266,"WD","SE"
6,4,266,"WD","SE"
205,2,266,"WD","SE"
14,16,266,"WD","SE"
40,6,267,"WD","SE"
91,8,267,"WD","SE"
16,6,267,"WD","SE"
13,4,267,"WD","SE"
547,1,267,"WD","SE"
80,10,267,"WD","SE"
58,2,267,"WD","SE"
48,4,267,"WD","SE"
37,1,267,"WD","SE"
72,8,267,"WD","SE"
12,9,267,"WD","SE"
5,9,267,"WD","SE"
4,9,267,"WD","SE"
546,1,267,"WD","SE"
67,9,267,"WD","SE"
93,3,267,"WD","SE"
47,10,267,"WD","SE"
52,2,267,"WD","SE"
1,3,267,"WD","SE"
545,2,267,"WD","SE"
6,4,267,"WD","SE"
64,23,267,"WD","SE"
36,6,267,"WD","SE"
7,24,267,"WD","SE"
59,5,267,"WD","SE"
7,24,268,"WD","SE"
16,6,268,"WD","SE"
51,3,268,"WD","SE"
11,30,268,"WD","SE"
50,4,268,"WD","SE"
57,9,268,"WD","SE"
547,1,268,"WD","SE"
36,6,268,"WD","SE"
59,5,268,"WD","SE"
45,7,268,"WD","SE"
77,18,268,"WD","SE"
67,9,268,"WD","SE"
93,3,268,"WD","SE"
74,1,268,"WD","SE"
84,1,268,"WD","SE"
28,22,268,"WD","SE"
47,10,268,"WD","SE"
26,41,268,"WD","SE"
338,3,268,"WD","SE"
82,3,268,"WD","SE"
13,4,268,"WD","SE"
72,8,268,"WD","SE"
90,3,268,"WD","SE"
37,1,268,"WD","SE"
548,1,268,"WD","SE"
551,1,269,"WD","SE"
57,9,269,"WD","SE"
67,9,269,"WD","SE"
32,9,269,"WD","SE"
338,3,269,"WD","SE"
82,3,269,"WD","SE"
36,6,269,"WD","SE"
29,2,269,"WD","SE"
49,1,269,"WD","SE"
1,3,269,"WD","SE"
78,9,269,"WD","SE"
61,37,269,"WD","SE"
33,12,269,"WD","SE"
4,9,269,"WD","SE"
64,23,269,"WD","SE"
84,1,269,"WD","SE"
53,1,269,"WD","SE"
13,4,269,"WD","SE"
74,1,269,"WD","SE"
36,6,269,"WD","SE"
77,18,269,"WD","SE"
205,2,269,"WD","SE"
44,35,269,"WD","SE"
41,1,269,"WD","SE"
23,7,269,"WD","SE"
78,9,270,"WD","SE"
547,1,270,"WD","SE"
43,1,270,"WD","SE"
90,3,270,"WD","SE"
47,10,270,"WD","SE"
80,10,270,"WD","SE"
44,35,270,"WD","SE"
93,3,270,"WD","SE"
71,1,270,"WD","SE"
544,3,270,"WD","SE"
51,3,270,"WD","SE"
84,1,270,"WD","SE"
26,41,270,"WD","SE"
72,8,270,"WD","SE"
545,2,270,"WD","SE"
13,4,270,"WD","SE"
14,16,270,"WD","SE"
13,4,270,"WD","SE"
19,8,270,"WD","SE"
86,2,270,"WD","SE"
33,12,270,"WD","SE"
20,6,270,"WD","SE"
23,7,270,"WD","SE"
64,23,270,"WD","SE"
44,35,270,"WD","SE"
61,37,271,"WD","SE"
4,9,271,"WD","SE"
57,9,271,"WD","SE"
38,5,271,"WD","SE"
52,2,271,"WD","SE"
338,3,271,"WD","SE"
29,2,271,"WD","SE"
47,10,271,"WD","SE"
37,1,271,"WD","SE"
546,1,271,"WD","SE"
53,1,271,"WD","SE"
205,2,271,"WD","SE"
74,1,271,"WD","SE"
78,9,271,"WD","SE"
1,3,271,"WD","SE"
20,6,271,"WD","SE"
80,10,271,"WD","SE"
14,16,271,"WD","SE"
5,9,271,"WD","SE"
72,8,271,"WD","SE"
71,1,271,"WD","SE"
86,2,271,"WD","SE"
57,9,271,"WD","SE"
82,3,271,"WD","SE"
84,1,271,"WD","SE"
53,1,272,"WD","SE"
5,9,272,"WD","SE"
33,12,272,"WD","SE"
80,10,272,"WD","SE"
5,9,272,"WD","SE"
52,2,272,"WD","SE"
1,3,272,"WD","SE"
82,3,272,"WD","SE"
64,23,272,"WD","SE"
48,4,272,"WD","SE"
26,41,272,"WD","SE"
545,2,272,"WD","SE"
57,9,272,"WD","SE"
4,9,272,"WD","SE"
7,24,272,"WD","SE"
64,23,272,"WD","SE"
44,35,272,"WD","SE"
61,37,272,"WD","SE"
9,1,272,"WD","SE"
551,1,272,"WD","SE"
16,6,272,"WD","SE"
40,6,272,"WD","SE"
6,4,272,"WD","SE"
72,8,272,"WD","SE"
78,9,272,"WD","SE"
32,9,273,"WD","SE"
90,3,273,"WD","SE"
49,1,273,"WD","SE"
43,1,273,"WD","SE"
544,3,273,"WD","SE"
71,1,273,"WD","SE"
41,1,273,"WD","SE"
64,23,273,"WD","SE"
67,9,273,"WD","SE"
13,4,273,"WD","SE"
547,1,273,"WD","SE"
77,18,273,"WD","SE"
546,1,273,"WD","SE"
38,5,273,"WD","SE"
93,3,273,"WD","SE"
7,24,273,"WD","SE"
7,24,273,"WD","SE"
76,6,273,"WD","SE"
51,3,273,"WD","SE"
5,9,273,"WD","SE"
12,9,273,"WD","SE"
64,23,273,"WD","SE"
57,9,273,"WD","SE"
92,1,273,"WD","SE"
23,7,273,"WD","SE"
16,6,274,"WD","SE"
53,1,274,"WD","SE"
90,3,274,"WD","SE"
5,9,274,"WD","SE"
26,41,274,"WD","SE"
71,1,274,"WD","SE"
77,18,274,"WD","SE"
13,4,274,"WD","SE"
37,1,274,"WD","SE"
82,3,274,"WD","SE"
23,7,274,"WD","SE"
61,37,274,"WD","SE"
91,8,274,"WD","SE"
41,1,274,"WD","SE"
86,2,274,"WD","SE"
64,23,274,"WD","SE"
48,4,274,"WD","SE"
57,9,274,"WD","SE"
93,3,274,"WD","SE"
57,9,274,"WD","SE"
7,24,274,"WD","SE"
1,3,274,"WD","SE"
205,2,274,"WD","SE"
17,5,274,"WD","SE"
40,6,274,"WD","SE"
90,3,275,"WD","SE"
44,35,275,"WD","SE"
13,4,275,"WD","SE"
40,6,275,"WD","SE"
86,2,275,"WD","SE"
93,3,275,"WD","SE"
45,7,275,"WD","SE"
82,3,275,"WD","SE"
67,9,275,"WD","SE"
29,2,275,"WD","SE"
84,1,275,"WD","SE"
13,4,275,"WD","SE"
551,1,275,"WD","SE"
6,4,275,"WD","SE"
48,4,275,"WD","SE"
74,1,275,"WD","SE"
26,41,275,"WD","SE"
49,1,275,"WD","SE"
548,1,275,"WD","SE"
32,9,275,"WD","SE"
205,2,275,"WD","SE"
23,7,275,"WD","SE"
80,10,275,"WD","SE"
547,1,275,"WD","SE"
51,3,275,"WD","SE"
547,1,276,"WD","SE"
82,3,276,"WD","SE"
76,6,276,"WD","SE"
57,9,276,"WD","SE"
44,35,276,"WD","SE"
84,1,276,"WD","SE"
49,1,276,"WD","SE"
64,23,276,"WD","SE"
58,2,276,"WD","SE"
37,1,276,"WD","SE"
26,41,276,"WD","SE"
59,5,276,"WD","SE"
551,1,276,"WD","SE"
41,1,276,"WD","SE"
545,2,276,"WD","SE"
546,1,276,"WD","SE"
7,24,276,"WD","SE"
90,3,276,"WD","SE"
77,18,276,"WD","SE"
1,3,276,"WD","SE"
43,1,276,"WD","SE"
82,3,276,"WD","SE"
45,7,276,"WD","SE"
40,6,276,"WD","SE"
91,8,276,"WD","SE"
57,9,277,"WD","SE"
19,8,277,"WD","SE"
37,1,277,"WD","SE"
5,9,277,"WD","SE"
80,10,277,"WD","SE"
14,16,277,"WD","SE"
13,4,277,"WD","SE"
547,1,277,"WD","SE"
32,9,277,"WD","SE"
57,9,277,"WD","SE"
17,5,277,"WD","SE"
6,4,277,"WD","SE"
53,1,277,"WD","SE"
11,30,277,"WD","SE"
92,1,277,"WD","SE"
1,3,277,"WD","SE"
4,9,277,"WD","SE"
61,37,277,"WD","SE"
47,10,277,"WD","SE"
20,6,277,"WD","SE"
67,9,277,"WD","SE"
545,2,277,"WD","SE"
72,8,277,"WD","SE"
48,4,277,"WD","SE"
84,1,277,"WD","SE"
80,10,278,"WD","SE"
547,1,278,"WD","SE"
48,4,278,"WD","SE"
40,6,278,"WD","SE"
1,3,278,"WD","SE"
28,22,278,"WD","SE"
47,10,278,"WD","SE"
82,3,278,"WD","SE"
84,1,278,"WD","SE"
36,6,278,"WD","SE"
7,24,278,"WD","SE"
90,3,278,"WD","SE"
17,5,278,"WD","SE"
7,24,278,"WD","SE"
77,18,278,"WD","SE"
44,35,278,"WD","SE"
58,2,278,"WD","SE"
78,9,278,"WD","SE"
551,1,278,"WD","SE"
29,2,278,"WD","SE"
51,3,278,"WD","SE"
67,9,278,"WD","SE"
45,7,278,"WD","SE"
64,23,278,"WD","SE"
38,5,278,"WD","SE"
13,4,279,"WD","SE"
5,9,279,"WD","SE"
80,10,279,"WD","SE"
58,2,279,"WD","SE"
84,1,279,"WD","SE"
51,3,279,"WD","SE"
32,9,279,"WD","SE"
72,8,279,"WD","SE"
93,3,279,"WD","SE"
82,3,279,"WD","SE"
28,22,279,"WD","SE"
92,1,279,"WD","SE"
76,6,279,"WD","SE"
547,1,279,"WD","SE"
33,12,279,"WD","SE"
53,1,279,"WD","SE"
20,6,279,"WD","SE"
77,18,279,"WD","SE"
28,22,279,"WD","SE"
78,9,279,"WD","SE"
40,6,279,"WD","SE"
26,41,279,"WD","SE"
23,7,279,"WD","SE"
544,3,279,"WD","SE"
91,8,279,"WD","SE"
53,1,280,"WD","SE"
29,2,280,"WD","SE"
1,3,280,"WD","SE"
80,10,280,"WD","SE"
49,1,280,"WD","SE"
38,5,280,"WD","SE"
548,1,280,"WD","SE"
64,23,280,"WD","SE"
78,9,280,"WD","SE"
44,35,280,"WD","SE"
91,8,280,"WD","SE"
546,1,280,"WD","SE"
20,6,280,"WD","SE"
57,9,280,"WD","SE"
44,35,280,"WD","SE"
12,9,280,"WD","SE"
37,1,280,"WD","SE"
205,2,280,"WD","SE"
551,1,280,"WD","SE"
50,4,280,"WD","SE"
82,3,280,"WD","SE"
80,10,280,"WD","SE"
57,9,280,"WD","SE"
36,6,280,"WD","SE"
4,9,280,"WD","SE"
4,9,281,"WD","SE"
23,7,281,"WD","SE"
13,4,281,"WD","SE"
77,18,281,"WD","SE"
71,1,281,"WD","SE"
17,5,281,"WD","SE"
61,37,281,"WD","SE"
28,22,281,"WD","SE"
44,35,281,"WD","SE"
6,4,281,"WD","SE"
76,6,281,"WD","SE"
37,1,281,"WD","SE"
64,23,281,"WD","SE"
57,9,281,"WD","SE"
51,3,281,"WD","SE"
44,35,281,"WD","SE"
38,5,281,"WD","SE"
80,10,281,"WD","SE"
43,1,281,"WD","SE"
545,2,281,"WD","SE"
82,3,281,"WD","SE"
12,9,281,"WD","SE"
5,9,281,"WD","SE"
91,8,281,"WD","SE"
84,1,281,"WD","SE"
59,5,282,"WD","SE"
338,3,282,"WD","SE"
7,24,282,"WD","SE"
5,9,282,"WD","SE"
76,6,282,"WD","SE"
7,24,282,"WD","SE"
51,3,282,"WD","SE"
91,8,282,"WD","SE"
58,2,282,"WD","SE"
77,18,282,"WD","SE"
13,4,282,"WD","SE"
44,35,282,"WD","SE"
71,1,282,"WD","SE"
64,23,282,"WD","SE"
82,3,282,"WD","SE"
74,1,282,"WD","SE"
84,1,282,"WD","SE"
545,2,282,"WD","SE"
52,2,282,"WD","SE"
29,2,282,"WD","SE"
546,1,282,"WD","SE"
36,6,282,"WD","SE"
33,12,282,"WD","SE"
86,2,282,"WD","SE"
78,9,282,"WD","SE"
28,22,283,"WD","SE"
6,4,283,"WD","SE"
32,9,283,"WD","SE"
91,8,283,"WD","SE"
547,1,283,"WD","SE"
38,5,283,"WD","SE"
5,9,283,"WD","SE"
1,3,283,"WD","SE"
64,23,283,"WD","SE"
12,9,283,"WD","SE"
43,1,283,"WD","SE"
29,2,283,"WD","SE"
17,5,283,"WD","SE"
44,35,283,"WD","SE"
61,37,283,"WD","SE"
49,1,283,"WD","SE"
19,8,283,"WD","SE"
92,1,283,"WD","SE"
338,3,283,"WD","SE"
40,6,283,"WD","SE"
50,4,283,"WD","SE"
33,12,283,"WD","SE"
57,9,283,"WD","SE"
44,35,283,"WD","SE"
41,1,283,"WD","SE"
44,35,284,"WD","SE"
71,1,284,"WD","SE"
1,3,284,"WD","SE"
91,8,284,"WD","SE"
16,6,284,"WD","SE"
80,10,284,"WD","SE"
36,6,284,"WD","SE"
546,1,284,"WD","SE"
82,3,284,"WD","SE"
7,24,284,"WD","SE"
551,1,284,"WD","SE"
33,12,284,"WD","SE"
59,5,284,"WD","SE"
7,24,284,"WD","SE"
37,1,284,"WD","SE"
45,7,284,"WD","SE"
32,9,284,"WD","SE"
13,4,284,"WD","SE"
14,16,284,"WD","SE"
57,9,284,"WD","SE"
5,9,284,"WD","SE"
547,1,284,"WD","SE"
5,9,284,"WD","SE"
52,2,284,"WD","SE"
49,1,284,"WD","SE"
67,9,285,"WD","SE"
13,4,285,"WD","SE"
59,5,285,"WD","SE"
90,3,285,"WD","SE"
41,1,285,"WD","SE"
43,1,285,"WD","SE"
78,9,285,"WD","SE"
1,3,285,"WD","SE"
26,41,285,"WD","SE"
546,1,285,"WD","SE"
64,23,285,"WD","SE"
44,35,285,"WD","SE"
548,1,285,"WD","SE"
20,6,285,"WD","SE"
205,2,285,"WD","SE"
36,6,285,"WD","SE"
51,3,285,"WD","SE"
16,6,285,"WD","SE"
86,2,285,"WD","SE"
17,5,285,"WD","SE"
32,9,285,"WD","SE"
37,1,285,"WD","SE"
5,9,285,"WD","SE"
551,1,285,"WD","SE"
71,1,285,"WD","SE"
205,2,286,"WD","SE"
33,12,286,"WD","SE"
38,5,286,"WD","SE"
338,3,286,"WD","SE"
11,30,286,"WD","SE"
5,9,286,"WD","SE"
9,1,286,"WD","SE"
6,4,286,"WD","SE"
551,1,286,"WD","SE"
64,23,286,"WD","SE"
29,2,286,"WD","SE"
59,5,286,"WD","SE"
545,2,286,"WD","SE"
7,24,286,"WD","SE"
71,1,286,"WD","SE"
44,35,286,"WD","SE"
64,23,286,"WD","SE"
20,6,286,"WD","SE"
61,37,286,"WD","SE"
78,9,286,"WD","SE"
48,4,286,"WD","SE"
90,3,286,"WD","SE"
36,6,286,"WD","SE"
52,2,286,"WD","SE"
33,12,286,"WD","SE"
205,2,287,"WD","SE"
33,12,287,"WD","SE"
9,1,287,"WD","SE"
77,18,287,"WD","SE"
44,35,287,"WD","SE"
74,1,287,"WD","SE"
551,1,287,"WD","SE"
5,9,287,"WD","SE"
37,1,287,"WD","SE"
28,22,287,"WD","SE"
19,8,287,"WD","SE"
57,9,287,"WD","SE"
546,1,287,"WD","SE"
20,6,287,"WD","SE"
51,3,287,"WD","SE"
90,3,287,"WD","SE"
72,8,287,"WD","SE"
29,2,287,"WD","SE"
41,1,287,"WD","SE"
61,37,287,"WD","SE"
44,35,287,"WD","SE"
64,23,287,"WD","SE"
7,24,287,"WD","SE"
547,1,287,"WD","SE"
13,4,287,"WD","SE"
32,9,288,"WD","SE"
76,6,288,"WD","SE"
6,4,288,"WD","SE"
548,1,288,"WD","SE"
338,3,288,"WD","SE"
4,9,288,"WD","SE"
33,12,288,"WD","SE"
23,7,288,"WD","SE"
13,4,288,"WD","SE"
86,2,288,"WD","SE"
72,8,288,"WD","SE"
9,1,288,"WD","SE"
52,2,288,"WD","SE"
36,6,288,"WD","SE"
78,9,288,"WD","SE"
93,3,288,"WD","SE"
80,10,288,"WD","SE"
17,5,288,"WD","SE"
44,35,288,"WD","SE"
44,35,288,"WD","SE"
90,3,288,"WD","SE"
82,3,288,"WD","SE"
80,10,288,"WD","SE"
40,6,288,"WD","SE"
59,5,288,"WD","SE"
44,35,289,"WD","SE"
38,5,289,"WD","SE"
12,9,289,"WD","SE"
4,9,289,"WD","SE"
545,2,289,"WD","SE"
59,5,289,"WD","SE"
58,2,289,"WD","SE"
26,41,289,"WD","SE"
548,1,289,"WD","SE"
33,12,289,"WD","SE"
91,8,289,"WD","SE"
90,3,289,"WD","SE"
64,23,289,"WD","SE"
33,12,289,"WD","SE"
5,9,289,"WD","SE"
47,10,289,"WD","SE"
19,8,289,"WD","SE"
48,4,289,"WD","SE"
72,8,289,"WD","SE"
7,24,289,"WD","SE"
5,9,289,"WD","SE"
92,1,289,"WD","SE"
13,4,289,"WD","SE"
1,3,289,"WD","SE"
82,3,289,"WD","SE"
23,7,290,"WD","SE"
48,4,290,"WD","SE"
43,1,290,"WD","SE"
57,9,290,"WD","SE"
84,1,290,"WD","SE"
72,8,290,"WD","SE"
64,23,290,"WD","SE"
33,12,290,"WD","SE"
28,22,290,"WD","SE"
64,23,290,"WD","SE"
33,12,290,"WD","SE"
44,35,290,"WD","SE"
67,9,290,"WD","SE"
45,7,290,"WD","SE"
41,1,290,"WD","SE"
16,6,290,"WD","SE"
205,2,290,"WD","SE"
91,8,290,"WD","SE"
36,6,290,"WD","SE"
52,2,290,"WD","SE"
551,1,290,"WD","SE"
9,1,290,"WD","SE"
49,1,290,"WD","SE"
51,3,290,"WD","SE"
61,37,290,"WD","SE"
7,24,291,"WD","SE"
64,23,291,"WD","SE"
59,5,291,"WD","SE"
20,6,291,"WD","SE"
13,4,291,"WD","SE"
93,3,291,"WD","SE"
28,22,291,"WD","SE"
548,1,291,"WD","SE"
80,10,291,"WD","SE"
53,1,291,"WD","SE"
78,9,291,"WD","SE"
44,35,291,"WD","SE"
23,7,291,"WD","SE"
38,5,291,"WD","SE"
82,3,291,"WD","SE"
33,12,291,"WD","SE"
51,3,291,"WD","SE"
50,4,291,"WD","SE"
61,37,291,"WD","SE"
12,9,291,"WD","SE"
91,8,291,"WD","SE"
36,6,291,"WD","SE"
45,7,291,"WD","SE"
544,3,291,"WD","SE"
58,2,291,"WD","SE"
14,16,292,"WD","SE"
29,2,292,"WD","SE"
90,3,292,"WD","SE"
548,1,292,"WD","SE"
44,35,292,"WD","SE"
545,2,292,"WD","SE"
74,1,292,"WD","SE"
84,1,292,"WD","SE"
13,4,292,"WD","SE"
91,8,292,"WD","SE"
71,1,292,"WD","SE"
51,3,292,"WD","SE"
50,4,292,"WD","SE"
59,5,292,"WD","SE"
11,30,292,"WD","SE"
86,2,292,"WD","SE"
78,9,292,"WD","SE"
51,3,292,"WD","SE"
7,24,292,"WD","SE"
76,6,292,"WD","SE"
72,8,292,"WD","SE"
64,23,292,"WD","SE"
93,3,292,"WD","SE"
77,18,292,"WD","SE"
544,3,292,"WD","SE"
33,12,293,"WD","SE"
4,9,293,"WD","SE"
47,10,293,"WD","SE"
13,4,293,"WD","SE"
52,2,293,"WD","SE"
64,23,293,"WD","SE"
93,3,293,"WD","SE"
11,30,293,"WD","SE"
338,3,293,"WD","SE"
57,9,293,"WD","SE"
53,1,293,"WD","SE"
205,2,293,"WD","SE"
544,3,293,"WD","SE"
13,4,293,"WD","SE"
57,9,293,"WD","SE"
50,4,293,"WD","SE"
86,2,293,"WD","SE"
547,1,293,"WD","SE"
76,6,293,"WD","SE"
23,7,293,"WD","SE"
1,3,293,"WD","SE"
5,9,293,"WD","SE"
6,4,293,"WD","SE"
551,1,293,"WD","SE"
36,6,293,"WD","SE"
74,1,294,"WD","SE"
40,6,294,"WD","SE"
7,24,294,"WD","SE"
32,9,294,"WD","SE"
37,1,294,"WD","SE"
16,6,294,"WD","SE"
49,1,294,"WD","SE"
59,5,294,"WD","SE"
91,8,294,"WD","SE"
72,8,294,"WD","SE"
57,9,294,"WD","SE"
4,9,294,"WD","SE"
43,1,294,"WD","SE"
13,4,294,"WD","SE"
86,2,294,"WD","SE"
64,23,294,"WD","SE"
64,23,294,"WD","SE"
80,10,294,"WD","SE"
90,3,294,"WD","SE"
205,2,294,"WD","SE"
7,24,294,"WD","SE"
50,4,294,"WD","SE"
33,12,294,"WD","SE"
45,7,294,"WD","SE"
53,1,294,"WD","SE"
5,9,295,"WD","SE"
58,2,295,"WD","SE"
11,30,295,"WD","SE"
23,7,295,"WD","SE"
19,8,295,"WD","SE"
6,4,295,"WD","SE"
77,18,295,"WD","SE"
71,1,295,"WD","SE"
78,9,295,"WD","SE"
43,1,295,"WD","SE"
545,2,295,"WD","SE"
47,10,295,"WD","SE"
51,3,295,"WD","SE"
40,6,295,"WD","SE"
32,9,295,"WD","SE"
51,3,295,"WD","SE"
28,22,295,"WD","SE"
44,35,295,"WD","SE"
28,22,295,"WD","SE"
74,1,295,"WD","SE"
50,4,295,"WD","SE"
13,4,295,"WD","SE"
67,9,295,"WD","SE"
7,24,295,"WD","SE"
57,9,295,"WD","SE"
545,2,296,"WD","SE"
47,10,296,"WD","SE"
205,2,296,"WD","SE"
23,7,296,"WD","SE"
5,9,296,"WD","SE"
44,35,296,"WD","SE"
41,1,296,"WD","SE"
53,1,296,"WD","SE"
38,5,296,"WD","SE"
64,23,296,"WD","SE"
80,10,296,"WD","SE"
36,6,296,"WD","SE"
40,6,296,"WD","SE"
338,3,296,"WD","SE"
544,3,296,"WD","SE"
50,4,296,"WD","SE"
29,2,296,"WD","SE"
32,9,296,"WD","SE"
76,6,296,"WD","SE"
92,1,296,"WD","SE"
28,22,296,"WD","SE"
48,4,296,"WD","SE"
14,16,296,"WD","SE"
80,10,296,"WD","SE"
33,12,296,"WD","SE"
12,9,297,"WD","SE"
14,16,297,"WD","SE"
72,8,297,"WD","SE"
26,41,297,"WD","SE"
57,9,297,"WD","SE"
91,8,297,"WD","SE"
45,7,297,"WD","SE"
5,9,297,"WD","SE"
36,6,297,"WD","SE"
33,12,297,"WD","SE"
64,23,297,"WD","SE"
80,10,297,"WD","SE"
40,6,297,"WD","SE"
9,1,297,"WD","SE"
44,35,297,"WD","SE"
13,4,297,"WD","SE"
23,7,297,"WD","SE"
43,1,297,"WD","SE"
28,22,297,"WD","SE"
7,24,297,"WD","SE"
76,6,297,"WD","SE"
82,3,297,"WD","SE"
48,4,297,"WD","SE"
36,6,297,"WD","SE"
547,1,297,"WD","SE"
72,8,298,"WD","SE"
43,1,298,"WD","SE"
80,10,298,"WD","SE"
36,6,298,"WD","SE"
82,3,298,"WD","SE"
4,9,298,"WD","SE"
50,4,298,"WD","SE"
67,9,298,"WD","SE"
57,9,298,"WD","SE"
74,1,298,"WD","SE"
51,3,298,"WD","SE"
80,10,298,"WD","SE"
71,1,298,"WD","SE"
64,23,298,"WD","SE"
32,9,298,"WD","SE"
48,4,298,"WD","SE"
338,3,298,"WD","SE"
546,1,298,"WD","SE"
77,18,298,"WD","SE"
44,35,298,"WD","SE"
45,7,298,"WD","SE"
7,24,298,"WD","SE"
36,6,298,"WD","SE"
548,1,298,"WD","SE"
1,3,298,"WD","SE"
14,16,299,"WD","SE"
19,8,299,"WD","SE"
20,6,299,"WD","SE"
80,10,299,"WD","SE"
338,3,299,"WD","SE"
90,3,299,"WD","SE"
13,4,299,"WD","SE"
546,1,299,"WD","SE"
545,2,299,"WD","SE"
16,6,299,"WD","SE"
205,2,299,"WD","SE"
7,24,299,"WD","SE"
50,4,299,"WD","SE"
28,22,299,"WD","SE"
9,1,299,"WD","SE"
51,3,299,"WD","SE"
77,18,299,"WD","SE"
74,1,299,"WD","SE"
17,5,299,"WD","SE"
23,7,299,"WD","SE"
544,3,299,"WD","SE"
86,2,299,"WD","SE"
67,9,299,"WD","SE"
548,1,299,"WD","SE"
13,4,299,"WD","SE"
90,3,300,"WD","SE"
67,9,300,"WD","SE"
82,3,300,"WD","SE"
82,3,300,"WD","SE"
71,1,300,"WD","SE"
28,22,300,"WD","SE"
78,9,300,"WD","SE"
64,23,300,"WD","SE"
53,1,300,"WD","SE"
548,1,300,"WD","SE"
92,1,300,"WD","SE"
338,3,300,"WD","SE"
45,7,300,"WD","SE"
72,8,300,"WD","SE"
37,1,300,"WD","SE"
12,9,300,"WD","SE"
48,4,300,"WD","SE"
44,35,300,"WD","SE"
4,9,300,"WD","SE"
11,30,300,"WD","SE"
41,1,300,"WD","SE"
58,2,300,"WD","SE"
1,3,300,"WD","SE"
20,6,300,"WD","SE"
52,2,300,"WD","SE"
44,35,301,"WD","SE"
26,41,301,"WD","SE"
61,37,301,"WD","SE"
64,23,301,"WD","SE"
77,18,301,"WD","SE"
78,9,301,"WD","SE"
58,2,301,"WD","SE"
41,1,301,"WD","SE"
57,9,301,"WD","SE"
52,2,301,"WD","SE"
33,12,301,"WD","SE"
547,1,301,"WD","SE"
38,5,301,"WD","SE"
51,3,301,"WD","SE"
80,10,301,"WD","SE"
74,1,301,"WD","SE"
33,12,301,"WD","SE"
28,22,301,"WD","SE"
48,4,301,"WD","SE"
1,3,301,"WD","SE"
59,5,301,"WD","SE"
53,1,301,"WD","SE"
545,2,301,"WD","SE"
544,3,301,"WD","SE"
6,4,301,"WD","SE"
36,6,302,"WD","SE"
33,12,302,"WD","SE"
57,9,302,"WD","SE"
40,6,302,"WD","SE"
28,22,302,"WD","SE"
9,1,302,"WD","SE"
7,24,302,"WD","SE"
47,10,302,"WD","SE"
13,4,302,"WD","SE"
38,5,302,"WD","SE"
29,2,302,"WD","SE"
61,37,302,"WD","SE"
338,3,302,"WD","SE"
1,3,302,"WD","SE"
33,12,302,"WD","SE"
76,6,302,"WD","SE"
48,4,302,"WD","SE"
5,9,302,"WD","SE"
52,2,302,"WD","SE"
44,35,302,"WD","SE"
72,8,302,"WD","SE"
43,1,302,"WD","SE"
11,30,302,"WD","SE"
20,6,302,"WD","SE"
49,1,302,"WD","SE"
45,7,303,"WD","SE"
49,1,303,"WD","SE"
80,10,303,"WD","SE"
36,6,303,"WD","SE"
47,10,303,"WD","SE"
548,1,303,"WD","SE"
11,30,303,"WD","SE"
72,8,303,"WD","SE"
82,3,303,"WD","SE"
546,1,303,"WD","SE"
90,3,303,"WD","SE"
41,1,303,"WD","SE"
26,41,303,"WD","SE"
37,1,303,"WD","SE"
43,1,303,"WD","SE"
23,7,303,"WD","SE"
74,1,303,"WD","SE"
91,8,303,"WD","SE"
57,9,303,"WD","SE"
86,2,303,"WD","SE"
5,9,303,"WD","SE"
544,3,303,"WD","SE"
53,1,303,"WD","SE"
76,6,303,"WD","SE"
78,9,303,"WD","SE"
52,2,304,"WD","SE"
91,8,304,"WD","SE"
548,1,304,"WD","SE"
36,6,304,"WD","SE"
26,41,304,"WD","SE"
48,4,304,"WD","SE"
11,30,304,"WD","SE"
12,9,304,"WD","SE"
82,3,304,"WD","SE"
71,1,304,"WD","SE"
51,3,304,"WD","SE"
13,4,304,"WD","SE"
29,2,304,"WD","SE"
50,4,304,"WD","SE"
57,9,304,"WD","SE"
32,9,304,"WD","SE"
77,18,304,"WD","SE"
61,37,304,"WD","SE"
90,3,304,"WD","SE"
59,5,304,"WD","SE"
45,7,304,"WD","SE"
205,2,304,"WD","SE"
38,5,304,"WD","SE"
28,22,304,"WD","SE"
544,3,304,"WD","SE"
48,4,305,"WD","SE"
44,35,305,"WD","SE"
29,2,305,"WD","SE"
4,9,305,"WD","SE"
36,6,305,"WD","SE"
13,4,305,"WD","SE"
338,3,305,"WD","SE"
7,24,305,"WD","SE"
32,9,305,"WD","SE"
23,7,305,"WD","SE"
76,6,305,"WD","SE"
205,2,305,"WD","SE"
545,2,305,"WD","SE"
59,5,305,"WD","SE"
71,1,305,"WD","SE"
28,22,305,"WD","SE"
74,1,305,"WD","SE"
58,2,305,"WD","SE"
17,5,305,"WD","SE"
40,6,305,"WD","SE"
546,1,305,"WD","SE"
1,3,305,"WD","SE"
80,10,305,"WD","SE"
19,8,305,"WD","SE"
11,30,305,"WD","SE"
17,5,306,"WD","SE"
82,3,306,"WD","SE"
36,6,306,"WD","SE"
44,35,306,"WD","SE"
91,8,306,"WD","SE"
90,3,306,"WD","SE"
45,7,306,"WD","SE"
32,9,306,"WD","SE"
58,2,306,"WD","SE"
16,6,306,"WD","SE"
1,3,306,"WD","SE"
43,1,306,"WD","SE"
80,10,306,"WD","SE"
51,3,306,"WD","SE"
544,3,306,"WD","SE"
38,5,306,"WD","SE"
545,2,306,"WD","SE"
28,22,306,"WD","SE"
76,6,306,"WD","SE"
41,1,306,"WD","SE"
20,6,306,"WD","SE"
48,4,306,"WD","SE"
5,9,306,"WD","SE"
40,6,306,"WD","SE"
33,12,306,"WD","SE"
64,23,307,"WD","SE"
11,30,307,"WD","SE"
38,5,307,"WD","SE"
546,1,307,"WD","SE"
28,22,307,"WD","SE"
80,10,307,"WD","SE"
23,7,307,"WD","SE"
53,1,307,"WD","SE"
92,1,307,"WD","SE"
77,18,307,"WD","SE"
59,5,307,"WD","SE"
29,2,307,"WD","SE"
13,4,307,"WD","SE"
82,3,307,"WD","SE"
205,2,307,"WD","SE"
4,9,307,"WD","SE"
16,6,307,"WD","SE"
12,9,307,"WD","SE"
5,9,307,"WD","SE"
5,9,307,"WD","SE"
41,1,307,"WD","SE"
61,37,307,"WD","SE"
82,3,307,"WD","SE"
50,4,307,"WD","SE"
48,4,307,"WD","SE"
41,1,308,"WD","SE"
28,22,308,"WD","SE"
547,1,308,"WD","SE"
58,2,308,"WD","SE"
26,41,308,"WD","SE"
61,37,308,"WD","SE"
7,24,308,"WD","SE"
57,9,308,"WD","SE"
64,23,308,"WD","SE"
76,6,308,"WD","SE"
6,4,308,"WD","SE"
84,1,308,"WD","SE"
91,8,308,"WD","SE"
51,3,308,"WD","SE"
338,3,308,"WD","SE"
93,3,308,"WD","SE"
16,6,308,"WD","SE"
19,8,308,"WD","SE"
14,16,308,"WD","SE"
546,1,308,"WD","SE"
13,4,308,"WD","SE"
80,10,308,"WD","SE"
20,6,308,"WD","SE"
47,10,308,"WD","SE"
80,10,308,"WD","SE"
76,6,309,"WD","SE"
548,1,309,"WD","SE"
47,10,309,"WD","SE"
49,1,309,"WD","SE"
16,6,309,"WD","SE"
33,12,309,"WD","SE"
74,1,309,"WD","SE"
551,1,309,"WD","SE"
57,9,309,"WD","SE"
11,30,309,"WD","SE"
5,9,309,"WD","SE"
9,1,309,"WD","SE"
6,4,309,"WD","SE"
44,35,309,"WD","SE"
20,6,309,"WD","SE"
13,4,309,"WD","SE"
14,16,309,"WD","SE"
41,1,309,"WD","SE"
36,6,309,"WD","SE"
58,2,309,"WD","SE"
59,5,309,"WD","SE"
26,41,309,"WD","SE"
1,3,309,"WD","SE"
80,10,309,"WD","SE"
45,7,309,"WD","SE"
74,1,310,"WD","SE"
53,1,310,"WD","SE"
58,2,310,"WD","SE"
546,1,310,"WD","SE"
80,10,310,"WD","SE"
91,8,310,"WD","SE"
48,4,310,"WD","SE"
33,12,310,"WD","SE"
51,3,310,"WD","SE"
51,3,310,"WD","SE"
545,2,310,"WD","SE"
9,1,310,"WD","SE"
61,37,310,"WD","SE"
551,1,310,"WD","SE"
57,9,310,"WD","SE"
14,16,310,"WD","SE"
7,24,310,"WD","SE"
338,3,310,"WD","SE"
78,9,310,"WD","SE"
4,9,310,"WD","SE"
23,7,310,"WD","SE"
7,24,310,"WD","SE"
50,4,310,"WD","SE"
20,6,310,"WD","SE"
547,1,310,"WD","SE"
93,3,311,"WD","SE"
80,10,311,"WD","SE"
72,8,311,"WD","SE"
12,9,311,"WD","SE"
16,6,311,"WD","SE"
82,3,311,"WD","SE"
47,10,311,"WD","SE"
5,9,311,"WD","SE"
48,4,311,"WD","SE"
51,3,311,"WD","SE"
28,22,311,"WD","SE"
23,7,311,"WD","SE"
545,2,311,"WD","SE"
13,4,311,"WD","SE"
9,1,311,"WD","SE"
80,10,311,"WD","SE"
13,4,311,"WD","SE"
61,37,311,"WD","SE"
49,1,311,"WD","SE"
38,5,311,"WD","SE"
90,3,311,"WD","SE"
59,5,311,"WD","SE"
45,7,311,"WD","SE"
37,1,311,"WD","SE"
74,1,311,"WD","SE"
5,9,312,"WD","SE"
93,3,312,"WD","SE"
14,16,312,"WD","SE"
58,2,312,"WD","SE"
36,6,312,"WD","SE"
41,1,312,"WD","SE"
43,1,312,"WD","SE"
546,1,312,"WD","SE"
77,18,312,"WD","SE"
23,7,312,"WD","SE"
48,4,312,"WD","SE"
51,3,312,"WD","SE"
59,5,312,"WD","SE"
4,9,312,"WD","SE"
82,3,312,"WD","SE"
44,35,312,"WD","SE"
28,22,312,"WD","SE"
84,1,312,"WD","SE"
26,41,312,"WD","SE"
86,2,312,"WD","SE"
44,35,312,"WD","SE"
57,9,312,"WD","SE"
49,1,312,"WD","SE"
13,4,312,"WD","SE"
338,3,312,"WD","SE"
91,8,313,"WD","SE"
13,4,313,"WD","SE"
23,7,313,"WD","SE"
64,23,313,"WD","SE"
546,1,313,"WD","SE"
78,9,313,"WD","SE"
72,8,313,"WD","SE"
52,2,313,"WD","SE"
41,1,313,"WD","SE"
338,3,313,"WD","SE"
38,5,313,"WD","SE"
61,37,313,"WD","SE"
51,3,313,"WD","SE"
28,22,313,"WD","SE"
71,1,313,"WD","SE"
43,1,313,"WD","SE"
80,10,313,"WD","SE"
12,9,313,"WD","SE"
37,1,313,"WD","SE"
28,22,313,"WD","SE"
36,6,313,"WD","SE"
14,16,313,"WD","SE"
82,3,313,"WD","SE"
9,1,313,"WD","SE"
26,41,313,"WD","SE"
43,1,314,"WD","SE"
7,24,314,"WD","SE"
17,5,314,"WD","SE"
205,2,314,"WD","SE"
6,4,314,"WD","SE"
44,35,314,"WD","SE"
41,1,314,"WD","SE"
9,1,314,"WD","SE"
57,9,314,"WD","SE"
47,10,314,"WD","SE"
44,35,314,"WD","SE"
37,1,314,"WD","SE"
59,5,314,"WD","SE"
547,1,314,"WD","SE"
33,12,314,"WD","SE"
80,10,314,"WD","SE"
5,9,314,"WD","SE"
36,6,314,"WD","SE"
72,8,314,"WD","SE"
12,9,314,"WD","SE"
50,4,314,"WD","SE"
80,10,314,"WD","SE"
548,1,314,"WD","SE"
82,3,314,"WD","SE"
51,3,314,"WD","SE"
57,9,315,"WD","SE"
92,1,315,"WD","SE"
36,6,315,"WD","SE"
49,1,315,"WD","SE"
47,10,315,"WD","SE"
77,18,315,"WD","SE"
38,5,315,"WD","SE"
61,37,315,"WD","SE"
23,7,315,"WD","SE"
546,1,315,"WD","SE"
51,3,315,"WD","SE"
93,3,315,"WD","SE"
12,9,315,"WD","SE"
16,6,315,"WD","SE"
5,9,315,"WD","SE"
64,23,315,"WD","SE"
91,8,315,"WD","SE"
67,9,315,"WD","SE"
86,2,315,"WD","SE"
53,1,315,"WD","SE"
58,2,315,"WD","SE"
76,6,315,"WD","SE"
13,4,315,"WD","SE"
50,4,315,"WD","SE"
36,6,315,"WD","SE"
44,35,316,"WD","SE"
44,35,316,"WD","SE"
28,22,316,"WD","SE"
544,3,316,"WD","SE"
545,2,316,"WD","SE"
58,2,316,"WD","SE"
40,6,316,"WD","SE"
7,24,316,"WD","SE"
26,41,316,"WD","SE"
80,10,316,"WD","SE"
33,12,316,"WD","SE"
71,1,316,"WD","SE"
205,2,316,"WD","SE"
77,18,316,"WD","SE"
43,1,316,"WD","SE"
41,1,316,"WD","SE"
61,37,316,"WD","SE"
32,9,316,"WD","SE"
37,1,316,"WD","SE"
74,1,316,"WD","SE"
52,2,316,"WD","SE"
78,9,316,"WD","SE"
5,9,316,"WD","SE"
36,6,316,"WD","SE"
7,24,316,"WD","SE"
80,10,317,"WD","SE"
41,1,317,"WD","SE"
29,2,317,"WD","SE"
5,9,317,"WD","SE"
1,3,317,"WD","SE"
551,1,317,"WD","SE"
49,1,317,"WD","SE"
33,12,317,"WD","SE"
205,2,317,"WD","SE"
80,10,317,"WD","SE"
19,8,317,"WD","SE"
544,3,317,"WD","SE"
57,9,317,"WD","SE"
33,12,317,"WD","SE"
5,9,317,"WD","SE"
23,7,317,"WD","SE"
545,2,317,"WD","SE"
548,1,317,"WD","SE"
547,1,317,"WD","SE"
7,24,317,"WD","SE"
74,1,317,"WD","SE"
51,3,317,"WD","SE"
52,2,317,"WD","SE"
11,30,317,"WD","SE"
84,1,317,"WD","SE"
61,37,318,"WD","SE"
86,2,318,"WD","SE"
11,30,318,"WD","SE"
72,8,318,"WD","SE"
6,4,318,"WD","SE"
78,9,318,"WD","SE"
52,2,318,"WD","SE"
28,22,318,"WD","SE"
80,10,318,"WD","SE"
51,3,318,"WD","SE"
58,2,318,"WD","SE"
90,3,318,"WD","SE"
4,9,318,"WD","SE"
551,1,318,"WD","SE"
16,6,318,"WD","SE"
64,23,318,"WD","SE"
92,1,318,"WD","SE"
548,1,318,"WD","SE"
50,4,318,"WD","SE"
9,1,318,"WD","SE"
545,2,318,"WD","SE"
53,1,318,"WD","SE"
59,5,318,"WD","SE"
1,3,318,"WD","SE"
13,4,318,"WD","SE"
28,22,319,"WD","SE"
205,2,319,"WD","SE"
551,1,319,"WD","SE"
12,9,319,"WD","SE"
13,4,319,"WD","SE"
90,3,319,"WD","SE"
338,3,319,"WD","SE"
548,1,319,"WD","SE"
28,22,319,"WD","SE"
78,9,319,"WD","SE"
11,30,319,"WD","SE"
546,1,319,"WD","SE"
36,6,319,"WD","SE"
7,24,319,"WD","SE"
32,9,319,"WD","SE"
16,6,319,"WD","SE"
6,4,319,"WD","SE"
49,1,319,"WD","SE"
77,18,319,"WD","SE"
91,8,319,"WD","SE"
82,3,319,"WD","SE"
47,10,319,"WD","SE"
72,8,319,"WD","SE"
43,1,319,"WD","SE"
59,5,319,"WD","SE"
16,6,320,"WD","SE"
90,3,320,"WD","SE"
544,3,320,"WD","SE"
72,8,320,"WD","SE"
205,2,320,"WD","SE"
76,6,320,"WD","SE"
82,3,320,"WD","SE"
1,3,320,"WD","SE"
338,3,320,"WD","SE"
57,9,320,"WD","SE"
19,8,320,"WD","SE"
44,35,320,"WD","SE"
40,6,320,"WD","SE"
80,10,320,"WD","SE"
93,3,320,"WD","SE"
28,22,320,"WD","SE"
51,3,320,"WD","SE"
84,1,320,"WD","SE"
551,1,320,"WD","SE"
91,8,320,"WD","SE"
67,9,320,"WD","SE"
58,2,320,"WD","SE"
36,6,320,"WD","SE"
29,2,320,"WD","SE"
33,12,320,"WD","SE"
61,37,321,"WD","SE"
80,10,321,"WD","SE"
84,1,321,"WD","SE"
13,4,321,"WD","SE"
58,2,321,"WD","SE"
5,9,321,"WD","SE"
80,10,321,"WD","SE"
16,6,321,"WD","SE"
4,9,321,"WD","SE"
67,9,321,"WD","SE"
45,7,321,"WD","SE"
50,4,321,"WD","SE"
64,23,321,"WD","SE"
17,5,321,"WD","SE"
49,1,321,"WD","SE"
7,24,321,"WD","SE"
43,1,321,"WD","SE"
59,5,321,"WD","SE"
9,1,321,"WD","SE"
7,24,321,"WD","SE"
91,8,321,"WD","SE"
44,35,321,"WD","SE"
11,30,321,"WD","SE"
6,4,321,"WD","SE"
57,9,321,"WD","SE"
80,10,322,"WD","SE"
6,4,322,"WD","SE"
23,7,322,"WD","SE"
50,4,322,"WD","SE"
44,35,322,"WD","SE"
92,1,322,"WD","SE"
545,2,322,"WD","SE"
19,8,322,"WD","SE"
61,37,322,"WD","SE"
26,41,322,"WD","SE"
1,3,322,"WD","SE"
91,8,322,"WD","SE"
38,5,322,"WD","SE"
11,30,322,"WD","SE"
13,4,322,"WD","SE"
90,3,322,"WD","SE"
5,9,322,"WD","SE"
544,3,322,"WD","SE"
53,1,322,"WD","SE"
338,3,322,"WD","SE"
4,9,322,"WD","SE"
77,18,322,"WD","SE"
14,16,322,"WD","SE"
76,6,322,"WD","SE"
64,23,322,"WD","SE"
86,2,323,"WD","SE"
92,1,323,"WD","SE"
6,4,323,"WD","SE"
74,1,323,"WD","SE"
76,6,323,"WD","SE"
14,16,323,"WD","SE"
11,30,323,"WD","SE"
93,3,323,"WD","SE"
80,10,323,"WD","SE"
26,41,323,"WD","SE"
36,6,323,"WD","SE"
205,2,323,"WD","SE"
28,22,323,"WD","SE"
36,6,323,"WD","SE"
7,24,323,"WD","SE"
546,1,323,"WD","SE"
33,12,323,"WD","SE"
51,3,323,"WD","SE"
19,8,323,"WD","SE"
78,9,323,"WD","SE"
32,9,323,"WD","SE"
41,1,323,"WD","SE"
52,2,323,"WD","SE"
91,8,323,"WD","SE"
38,5,323,"WD","SE"
51,3,324,"WD","SE"
82,3,324,"WD","SE"
544,3,324,"WD","SE"
9,1,324,"WD","SE"
551,1,324,"WD","SE"
547,1,324,"WD","SE"
43,1,324,"WD","SE"
80,10,324,"WD","SE"
26,41,324,"WD","SE"
11,30,324,"WD","SE"
76,6,324,"WD","SE"
59,5,324,"WD","SE"
93,3,324,"WD","SE"
61,37,324,"WD","SE"
338,3,324,"WD","SE"
57,9,324,"WD","SE"
1,3,324,"WD","SE"
44,35,324,"WD","SE"
78,9,324,"WD","SE"
5,9,324,"WD","SE"
16,6,324,"WD","SE"
4,9,324,"WD","SE"
47,10,324,"WD","SE"
41,1,324,"WD","SE"
205,2,324,"WD","SE"
61,37,325,"WD","SE"
40,6,325,"WD","SE"
17,5,325,"WD","SE"
77,18,325,"WD","SE"
44,35,325,"WD","SE"
41,1,325,"WD","SE"
51,3,325,"WD","SE"
76,6,325,"WD","SE"
23,7,325,"WD","SE"
9,1,325,"WD","SE"
91,8,325,"WD","SE"
548,1,325,"WD","SE"
33,12,325,"WD","SE"
551,1,325,"WD","SE"
7,24,325,"WD","SE"
78,9,325,"WD","SE"
53,1,325,"WD","SE"
5,9,325,"WD","SE"
80,10,325,"WD","SE"
93,3,325,"WD","SE"
4,9,325,"WD","SE"
29,2,325,"WD","SE"
44,35,325,"WD","SE"
47,10,325,"WD","SE"
26,41,325,"WD","SE"
547,1,326,"WD","SE"
50,4,326,"WD","SE"
5,9,326,"WD","SE"
26,41,326,"WD","SE"
72,8,326,"WD","SE"
20,6,326,"WD","SE"
77,18,326,"WD","SE"
4,9,326,"WD","SE"
58,2,326,"WD","SE"
37,1,326,"WD","SE"
44,35,326,"WD","SE"
76,6,326,"WD","SE"
80,10,326,"WD","SE"
29,2,326,"WD","SE"
49,1,326,"WD","SE"
32,9,326,"WD","SE"
74,1,326,"WD","SE"
57,9,326,"WD","SE"
5,9,326,"WD","SE"
40,6,326,"WD","SE"
548,1,326,"WD","SE"
59,5,326,"WD","SE"
43,1,326,"WD","SE"
84,1,326,"WD","SE"
13,4,326,"WD","SE"
76,6,327,"WD","SE"
80,10,327,"WD","SE"
80,10,327,"WD","SE"
338,3,327,"WD","SE"
544,3,327,"WD","SE"
77,18,327,"WD","SE"
26,41,327,"WD","SE"
91,8,327,"WD","SE"
33,12,327,"WD","SE"
14,16,327,"WD","SE"
53,1,327,"WD","SE"
5,9,327,"WD","SE"
33,12,327,"WD","SE"
86,2,327,"WD","SE"
90,3,327,"WD","SE"
40,6,327,"WD","SE"
13,4,327,"WD","SE"
29,2,327,"WD","SE"
205,2,327,"WD","SE"
4,9,327,"WD","SE"
82,3,327,"WD","SE"
49,1,327,"WD","SE"
28,22,327,"WD","SE"
5,9,327,"WD","SE"
546,1,327,"WD","SE"
80,10,328,"WD","SE"
36,6,328,"WD","SE"
52,2,328,"WD","SE"
36,6,328,"WD","SE"
78,9,328,"WD","SE"
44,35,328,"WD","SE"
61,37,328,"WD","SE"
51,3,328,"WD","SE"
29,2,328,"WD","SE"
51,3,328,"WD","SE"
547,1,328,"WD","SE"
14,16,328,"WD","SE"
45,7,328,"WD","SE"
32,9,328,"WD","SE"
48,4,328,"WD","SE"
26,41,328,"WD","SE"
6,4,328,"WD","SE"
71,1,328,"WD","SE"
43,1,328,"WD","SE"
50,4,328,"WD","SE"
338,3,328,"WD","SE"
16,6,328,"WD","SE"
19,8,328,"WD","SE"
76,6,328,"WD","SE"
548,1,328,"WD","SE"
5,9,329,"WD","SE"
40,6,329,"WD","SE"
80,10,329,"WD","SE"
36,6,329,"WD","SE"
49,1,329,"WD","SE"
1,3,329,"WD","SE"
23,7,329,"WD","SE"
41,1,329,"WD","SE"
51,3,329,"WD","SE"
50,4,329,"WD","SE"
58,2,329,"WD","SE"
7,24,329,"WD","SE"
205,2,329,"WD","SE"
51,3,329,"WD","SE"
7,24,329,"WD","SE"
14,16,329,"WD","SE"
44,35,329,"WD","SE"
4,9,329,"WD","SE"
26,41,329,"WD","SE"
90,3,329,"WD","SE"
57,9,329,"WD","SE"
12,9,329,"WD","SE"
32,9,329,"WD","SE"
13,4,329,"WD","SE"
72,8,329,"WD","SE"
33,12,330,"WD","SE"
84,1,330,"WD","SE"
546,1,330,"WD","SE"
20,6,330,"WD","SE"
48,4,330,"WD","SE"
26,41,330,"WD","SE"
4,9,330,"WD","SE"
36,6,330,"WD","SE"
40,6,330,"WD","SE"
67,9,330,"WD","SE"
28,22,330,"WD","SE"
44,35,330,"WD","SE"
71,1,330,"WD","SE"
36,6,330,"WD","SE"
57,9,330,"WD","SE"
45,7,330,"WD","SE"
58,2,330,"WD","SE"
93,3,330,"WD","SE"
13,4,330,"WD","SE"
1,3,330,"WD","SE"
545,2,330,"WD","SE"
49,1,330,"WD","SE"
11,30,330,"WD","SE"
547,1,330,"WD","SE"
12,9,330,"WD","SE"
92,1,331,"WD","SE"
5,9,331,"WD","SE"
7,24,331,"WD","SE"
82,3,331,"WD","SE"
44,35,331,"WD","SE"
64,23,331,"WD","SE"
50,4,331,"WD","SE"
93,3,331,"WD","SE"
57,9,331,"WD","SE"
59,5,331,"WD","SE"
45,7,331,"WD","SE"
80,10,331,"WD","SE"
11,30,331,"WD","SE"
78,9,331,"WD","SE"
548,1,331,"WD","SE"
23,7,331,"WD","SE"
32,9,331,"WD","SE"
36,6,331,"WD","SE"
20,6,331,"WD","SE"
26,41,331,"WD","SE"
47,10,331,"WD","SE"
547,1,331,"WD","SE"
58,2,331,"WD","SE"
9,1,331,"WD","SE"
43,1,331,"WD","SE"
80,10,332,"WD","SE"
14,16,332,"WD","SE"
57,9,332,"WD","SE"
82,3,332,"WD","SE"
64,23,332,"WD","SE"
90,3,332,"WD","SE"
13,4,332,"WD","SE"
546,1,332,"WD","SE"
33,12,332,"WD","SE"
77,18,332,"WD","SE"
41,1,332,"WD","SE"
52,2,332,"WD","SE"
71,1,332,"WD","SE"
57,9,332,"WD","SE"
7,24,332,"WD","SE"
64,23,332,"WD","SE"
28,22,332,"WD","SE"
13,4,332,"WD","SE"
51,3,332,"WD","SE"
80,10,332,"WD","SE"
61,37,332,"WD","SE"
67,9,332,"WD","SE"
205,2,332,"WD","SE"
19,8,332,"WD","SE"
50,4,332,"WD","SE"
52,2,333,"WD","SE"
74,1,333,"WD","SE"
13,4,333,"WD","SE"
57,9,333,"WD","SE"
14,16,333,"WD","SE"
44,35,333,"WD","SE"
72,8,333,"WD","SE"
546,1,333,"WD","SE"
64,23,333,"WD","SE"
80,10,333,"WD","SE"
5,9,333,"WD","SE"
53,1,333,"WD","SE"
548,1,333,"WD","SE"
80,10,333,"WD","SE"
338,3,333,"WD","SE"
51,3,333,"WD","SE"
32,9,333,"WD","SE"
36,6,333,"WD","SE"
82,3,333,"WD","SE"
33,12,333,"WD","SE"
7,24,333,"WD","SE"
16,6,333,"WD","SE"
43,1,333,"WD","SE"
57,9,333,"WD","SE"
58,2,333,"WD","SE"
45,7,334,"WD","SE"
12,9,334,"WD","SE"
13,4,334,"WD","SE"
44,35,334,"WD","SE"
38,5,334,"WD","SE"
1,3,334,"WD","SE"
17,5,334,"WD","SE"
16,6,334,"WD","SE"
72,8,334,"WD","SE"
59,5,334,"WD","SE"
93,3,334,"WD","SE"
544,3,334,"WD","SE"
80,10,334,"WD","SE"
76,6,334,"WD","SE"
71,1,334,"WD","SE"
82,3,334,"WD","SE"
82,3,334,"WD","SE"
77,18,334,"WD","SE"
49,1,334,"WD","SE"
57,9,334,"WD","SE"
551,1,334,"WD","SE"
33,12,334,"WD","SE"
23,7,334,"WD","SE"
53,1,334,"WD","SE"
51,3,334,"WD","SE"
67,9,335,"WD","SE"
7,24,335,"WD","SE"
82,3,335,"WD","SE"
77,18,335,"WD","SE"
90,3,335,"WD","SE"
33,12,335,"WD","SE"
43,1,335,"WD","SE"
23,7,335,"WD","SE"
13,4,335,"WD","SE"
545,2,335,"WD","SE"
78,9,335,"WD","SE"
51,3,335,"WD","SE"
12,9,335,"WD","SE"
20,6,335,"WD","SE"
13,4,335,"WD","SE"
37,1,335,"WD","SE"
91,8,335,"WD","SE"
36,6,335,"WD","SE"
9,1,335,"WD","SE"
6,4,335,"WD","SE"
74,1,335,"WD","SE"
51,3,335,"WD","SE"
76,6,335,"WD","SE"
52,2,335,"WD","SE"
5,9,335,"WD","SE"
64,23,336,"WD","SE"
5,9,336,"WD","SE"
90,3,336,"WD","SE"
82,3,336,"WD","SE"
7,24,336,"WD","SE"
6,4,336,"WD","SE"
33,12,336,"WD","SE"
93,3,336,"WD","SE"
20,6,336,"WD","SE"
44,35,336,"WD","SE"
52,2,336,"WD","SE"
13,4,336,"WD","SE"
76,6,336,"WD","SE"
38,5,336,"WD","SE"
72,8,336,"WD","SE"
64,23,336,"WD","SE"
43,1,336,"WD","SE"
14,16,336,"WD","SE"
59,5,336,"WD","SE"
51,3,336,"WD","SE"
5,9,336,"WD","SE"
28,22,336,"WD","SE"
91,8,336,"WD","SE"
338,3,336,"WD","SE"
49,1,336,"WD","SE"
80,10,337,"WD","SE"
57,9,337,"WD","SE"
338,3,337,"WD","SE"
547,1,337,"WD","SE"
29,2,337,"WD","SE"
544,3,337,"WD","SE"
41,1,337,"WD","SE"
64,23,337,"WD","SE"
17,5,337,"WD","SE"
12,9,337,"WD","SE"
48,4,337,"WD","SE"
77,18,337,"WD","SE"
90,3,337,"WD","SE"
26,41,337,"WD","SE"
61,37,337,"WD","SE"
78,9,337,"WD","SE"
7,24,337,"WD","SE"
76,6,337,"WD","SE"
9,1,337,"WD","SE"
44,35,337,"WD","SE"
45,7,337,"WD","SE"
7,24,337,"WD","SE"
548,1,337,"WD","SE"
82,3,337,"WD","SE"
14,16,337,"WD","SE"
28,22,338,"WD","SE"
48,4,338,"WD","SE"
82,3,338,"WD","SE"
13,4,338,"WD","SE"
82,3,338,"WD","SE"
5,9,338,"WD","SE"
1,3,338,"WD","SE"
37,1,338,"WD","SE"
86,2,338,"WD","SE"
74,1,338,"WD","SE"
26,41,338,"WD","SE"
64,23,338,"WD","SE"
51,3,338,"WD","SE"
338,3,338,"WD","SE"
33,12,338,"WD","SE"
40,6,338,"WD","SE"
51,3,338,"WD","SE"
78,9,338,"WD","SE"
36,6,338,"WD","SE"
20,6,338,"WD","SE"
545,2,338,"WD","SE"
44,35,338,"WD","SE"
7,24,338,"WD","SE"
49,1,338,"WD","SE"
61,37,338,"WD","SE"
28,22,339,"WD","SE"
80,10,339,"WD","SE"
40,6,339,"WD","SE"
48,4,339,"WD","SE"
545,2,339,"WD","SE"
47,10,339,"WD","SE"
38,5,339,"WD","SE"
14,16,339,"WD","SE"
72,8,339,"WD","SE"
91,8,339,"WD","SE"
544,3,339,"WD","SE"
53,1,339,"WD","SE"
77,18,339,"WD","SE"
58,2,339,"WD","SE"
205,2,339,"WD","SE"
23,7,339,"WD","SE"
19,8,339,"WD","SE"
74,1,339,"WD","SE"
5,9,339,"WD","SE"
1,3,339,"WD","SE"
338,3,339,"WD","SE"
51,3,339,"WD","SE"
90,3,339,"WD","SE"
26,41,339,"WD","SE"
548,1,339,"WD","SE"
84,1,340,"WD","SE"
545,2,340,"WD","SE"
338,3,340,"WD","SE"
53,1,340,"WD","SE"
52,2,340,"WD","SE"
76,6,340,"WD","SE"
59,5,340,"WD","SE"
41,1,340,"WD","SE"
77,18,340,"WD","SE"
38,5,340,"WD","SE"
544,3,340,"WD","SE"
551,1,340,"WD","SE"
82,3,340,"WD","SE"
5,9,340,"WD","SE"
90,3,340,"WD","SE"
20,6,340,"WD","SE"
51,3,340,"WD","SE"
61,37,340,"WD","SE"
93,3,340,"WD","SE"
74,1,340,"WD","SE"
43,1,340,"WD","SE"
64,23,340,"WD","SE"
44,35,340,"WD","SE"
13,4,340,"WD","SE"
28,22,340,"WD","SE"
53,1,341,"WD","SE"
41,1,341,"WD","SE"
29,2,341,"WD","SE"
16,6,341,"WD","SE"
59,5,341,"WD","SE"
36,6,341,"WD","SE"
74,1,341,"WD","SE"
5,9,341,"WD","SE"
51,3,341,"WD","SE"
40,6,341,"WD","SE"
71,1,341,"WD","SE"
64,23,341,"WD","SE"
50,4,341,"WD","SE"
19,8,341,"WD","SE"
80,10,341,"WD","SE"
43,1,341,"WD","SE"
7,24,341,"WD","SE"
38,5,341,"WD","SE"
92,1,341,"WD","SE"
49,1,341,"WD","SE"
546,1,341,"WD","SE"
205,2,341,"WD","SE"
4,9,341,"WD","SE"
86,2,341,"WD","SE"
76,6,341,"WD","SE"
28,22,342,"WD","SE"
64,23,342,"WD","SE"
544,3,342,"WD","SE"
9,1,342,"WD","SE"
52,2,342,"WD","SE"
33,12,342,"WD","SE"
6,4,342,"WD","SE"
548,1,342,"WD","SE"
17,5,342,"WD","SE"
338,3,342,"WD","SE"
57,9,342,"WD","SE"
547,1,342,"WD","SE"
77,18,342,"WD","SE"
23,7,342,"WD","SE"
57,9,342,"WD","SE"
13,4,342,"WD","SE"
48,4,342,"WD","SE"
13,4,342,"WD","SE"
43,1,342,"WD","SE"
20,6,342,"WD","SE"
49,1,342,"WD","SE"
50,4,342,"WD","SE"
64,23,342,"WD","SE"
28,22,342,"WD","SE"
61,37,342,"WD","SE"
84,1,343,"WD","SE"
36,6,343,"WD","SE"
26,41,343,"WD","SE"
74,1,343,"WD","SE"
64,23,343,"WD","SE"
91,8,343,"WD","SE"
78,9,343,"WD","SE"
43,1,343,"WD","SE"
546,1,343,"WD","SE"
93,3,343,"WD","SE"
50,4,343,"WD","SE"
551,1,343,"WD","SE"
13,4,343,"WD","SE"
44,35,343,"WD","SE"
7,24,343,"WD","SE"
90,3,343,"WD","SE"
64,23,343,"WD","SE"
82,3,343,"WD","SE"
547,1,343,"WD","SE"
45,7,343,"WD","SE"
205,2,343,"WD","SE"
20,6,343,"WD","SE"
28,22,343,"WD","SE"
14,16,343,"WD","SE"
57,9,343,"WD","SE"
26,41,344,"WD","SE"
50,4,344,"WD","SE"
33,12,344,"WD","SE"
82,3,344,"WD","SE"
44,35,344,"WD","SE"
544,3,344,"WD","SE"
90,3,344,"WD","SE"
48,4,344,"WD","SE"
59,5,344,"WD","SE"
33,12,344,"WD","SE"
28,22,344,"WD","SE"
14,16,344,"WD","SE"
205,2,344,"WD","SE"
16,6,344,"WD","SE"
92,1,344,"WD","SE"
64,23,344,"WD","SE"
1,3,344,"WD","SE"
20,6,344,"WD","SE"
74,1,344,"WD","SE"
4,9,344,"WD","SE"
77,18,344,"WD","SE"
72,8,344,"WD","SE"
6,4,344,"WD","SE"
5,9,344,"WD","SE"
28,22,344,"WD","SE"
26,41,345,"WD","SE"
12,9,345,"WD","SE"
38,5,345,"WD","SE"
77,18,345,"WD","SE"
14,16,345,"WD","SE"
41,1,345,"WD","SE"
52,2,345,"WD","SE"
33,12,345,"WD","SE"
67,9,345,"WD","SE"
20,6,345,"WD","SE"
36,6,345,"WD","SE"
5,9,345,"WD","SE"
37,1,345,"WD","SE"
51,3,345,"WD","SE"
43,1,345,"WD","SE"
57,9,345,"WD","SE"
4,9,345,"WD","SE"
76,6,345,"WD","SE"
23,7,345,"WD","SE"
92,1,345,"WD","SE"
33,12,345,"WD","SE"
40,6,345,"WD","SE"
7,24,345,"WD","SE"
338,3,345,"WD","SE"
59,5,345,"WD","SE"
91,8,346,"WD","SE"
26,41,346,"WD","SE"
545,2,346,"WD","SE"
29,2,346,"WD","SE"
74,1,346,"WD","SE"
45,7,346,"WD","SE"
44,35,346,"WD","SE"
4,9,346,"WD","SE"
17,5,346,"WD","SE"
13,4,346,"WD","SE"
12,9,346,"WD","SE"
9,1,346,"WD","SE"
78,9,346,"WD","SE"
548,1,346,"WD","SE"
72,8,346,"WD","SE"
33,12,346,"WD","SE"
59,5,346,"WD","SE"
544,3,346,"WD","SE"
14,16,346,"WD","SE"
67,9,346,"WD","SE"
37,1,346,"WD","SE"
20,6,346,"WD","SE"
205,2,346,"WD","SE"
61,37,346,"WD","SE"
76,6,346,"WD","SE"
80,10,347,"WD","SE"
546,1,347,"WD","SE"
58,2,347,"WD","SE"
50,4,347,"WD","SE"
51,3,347,"WD","SE"
93,3,347,"WD","SE"
64,23,347,"WD","SE"
17,5,347,"WD","SE"
547,1,347,"WD","SE"
548,1,347,"WD","SE"
59,5,347,"WD","SE"
13,4,347,"WD","SE"
67,9,347,"WD","SE"
20,6,347,"WD","SE"
9,1,347,"WD","SE"
12,9,347,"WD","SE"
7,24,347,"WD","SE"
84,1,347,"WD","SE"
52,2,347,"WD","SE"
14,16,347,"WD","SE"
1,3,347,"WD","SE"
76,6,347,"WD","SE"
77,18,347,"WD","SE"
23,7,347,"WD","SE"
19,8,347,"WD","SE"
29,2,348,"WD","SE"
36,6,348,"WD","SE"
45,7,348,"WD","SE"
50,4,348,"WD","SE"
43,1,348,"WD","SE"
338,3,348,"WD","SE"
37,1,348,"WD","SE"
47,10,348,"WD","SE"
544,3,348,"WD","SE"
23,7,348,"WD","SE"
14,16,348,"WD","SE"
33,12,348,"WD","SE"
57,9,348,"WD","SE"
74,1,348,"WD","SE"
86,2,348,"WD","SE"
545,2,348,"WD","SE"
205,2,348,"WD","SE"
32,9,348,"WD","SE"
38,5,348,"WD","SE"
44,35,348,"WD","SE"
51,3,348,"WD","SE"
551,1,348,"WD","SE"
9,1,348,"WD","SE"
80,10,348,"WD","SE"
44,35,348,"WD","SE"
59,5,349,"WD","SE"
76,6,349,"WD","SE"
37,1,349,"WD","SE"
44,35,349,"WD","SE"
74,1,349,"WD","SE"
33,12,349,"WD","SE"
26,41,349,"WD","SE"
545,2,349,"WD","SE"
205,2,349,"WD","SE"
48,4,349,"WD","SE"
9,1,349,"WD","SE"
45,7,349,"WD","SE"
547,1,349,"WD","SE"
50,4,349,"WD","SE"
77,18,349,"WD","SE"
47,10,349,"WD","SE"
64,23,349,"WD","SE"
44,35,349,"WD","SE"
82,3,349,"WD","SE"
57,9,349,"WD","SE"
20,6,349,"WD","SE"
32,9,349,"WD","SE"
548,1,349,"WD","SE"
91,8,349,"WD","SE"
33,12,349,"WD","SE"
28,22,350,"WD","SE"
48,4,350,"WD","SE"
61,37,350,"WD","SE"
1,3,350,"WD","SE"
52,2,350,"WD","SE"
41,1,350,"WD","SE"
58,2,350,"WD","SE"
33,12,350,"WD","SE"
38,5,350,"WD","SE"
45,7,350,"WD","SE"
9,1,350,"WD","SE"
547,1,350,"WD","SE"
57,9,350,"WD","SE"
23,7,350,"WD","SE"
338,3,350,"WD","SE"
205,2,350,"WD","SE"
14,16,350,"WD","SE"
82,3,350,"WD","SE"
77,18,350,"WD","SE"
64,23,350,"WD","SE"
4,9,350,"WD","SE"
548,1,350,"WD","SE"
91,8,350,"WD","SE"
93,3,350,"WD","SE"
5,9,350,"WD","SE"
11,30,351,"WD","SE"
7,24,351,"WD","SE"
44,35,351,"WD","SE"
36,6,351,"WD","SE"
544,3,351,"WD","SE"
4,9,351,"WD","SE"
49,1,351,"WD","SE"
546,1,351,"WD","SE"
67,9,351,"WD","SE"
338,3,351,"WD","SE"
38,5,351,"WD","SE"
37,1,351,"WD","SE"
547,1,351,"WD","SE"
26,41,351,"WD","SE"
51,3,351,"WD","SE"
80,10,351,"WD","SE"
57,9,351,"WD","SE"
51,3,351,"WD","SE"
44,35,351,"WD","SE"
16,6,351,"WD","SE"
7,24,351,"WD","SE"
82,3,351,"WD","SE"
548,1,351,"WD","SE"
92,1,351,"WD","SE"
43,1,351,"WD","SE"
58,2,352,"WD","SE"
44,35,352,"WD","SE"
4,9,352,"WD","SE"
48,4,352,"WD","SE"
12,9,352,"WD","SE"
23,7,352,"WD","SE"
32,9,352,"WD","SE"
13,4,352,"WD","SE"
57,9,352,"WD","SE"
50,4,352,"WD","SE"
49,1,352,"WD","SE"
77,18,352,"WD","SE"
547,1,352,"WD","SE"
20,6,352,"WD","SE"
548,1,352,"WD","SE"
41,1,352,"WD","SE"
84,1,352,"WD","SE"
64,23,352,"WD","SE"
53,1,352,"WD","SE"
7,24,352,"WD","SE"
90,3,352,"WD","SE"
67,9,352,"WD","SE"
36,6,352,"WD","SE"
13,4,352,"WD","SE"
57,9,352,"WD","SE"
7,24,353,"WD","SE"
551,1,353,"WD","SE"
7,24,353,"WD","SE"
33,12,353,"WD","SE"
44,35,353,"WD","SE"
51,3,353,"WD","SE"
91,8,353,"WD","SE"
59,5,353,"WD","SE"
43,1,353,"WD","SE"
71,1,353,"WD","SE"
12,9,353,"WD","SE"
32,9,353,"WD","SE"
57,9,353,"WD","SE"
80,10,353,"WD","SE"
38,5,353,"WD","SE"
74,1,353,"WD","SE"
92,1,353,"WD","SE"
26,41,353,"WD","SE"
5,9,353,"WD","SE"
19,8,353,"WD","SE"
67,9,353,"WD","SE"
84,1,353,"WD","SE"
49,1,353,"WD","SE"
80,10,353,"WD","SE"
6,4,353,"WD","SE"
13,4,354,"WD","SE"
41,1,354,"WD","SE"
1,3,354,"WD","SE"
545,2,354,"WD","SE"
77,18,354,"WD","SE"
9,1,354,"WD","SE"
59,5,354,"WD","SE"
67,9,354,"WD","SE"
49,1,354,"WD","SE"
78,9,354,"WD","SE"
82,3,354,"WD","SE"
53,1,354,"WD","SE"
7,24,354,"WD","SE"
45,7,354,"WD","SE"
44,35,354,"WD","SE"
71,1,354,"WD","SE"
40,6,354,"WD","SE"
74,1,354,"WD","SE"
5,9,354,"WD","SE"
205,2,354,"WD","SE"
28,22,354,"WD","SE"
32,9,354,"WD","SE"
58,2,354,"WD","SE"
20,6,354,"WD","SE"
80,10,354,"WD","SE"
50,4,355,"WD","SE"
32,9,355,"WD","SE"
544,3,355,"WD","SE"
546,1,355,"WD","SE"
43,1,355,"WD","SE"
64,23,355,"WD","SE"
57,9,355,"WD","SE"
1,3,355,"WD","SE"
51,3,355,"WD","SE"
86,2,355,"WD","SE"
67,9,355,"WD","SE"
78,9,355,"WD","SE"
37,1,355,"WD","SE"
52,2,355,"WD","SE"
12,9,355,"WD","SE"
13,4,355,"WD","SE"
29,2,355,"WD","SE"
80,10,355,"WD","SE"
9,1,355,"WD","SE"
71,1,355,"WD","SE"
547,1,355,"WD","SE"
205,2,355,"WD","SE"
5,9,355,"WD","SE"
36,6,355,"WD","SE"
23,7,355,"WD","SE"
47,10,356,"WD","SE"
64,23,356,"WD","SE"
23,7,356,"WD","SE"
20,6,356,"WD","SE"
5,9,356,"WD","SE"
50,4,356,"WD","SE"
13,4,356,"WD","SE"
92,1,356,"WD","SE"
205,2,356,"WD","SE"
49,1,356,"WD","SE"
57,9,356,"WD","SE"
13,4,356,"WD","SE"
74,1,356,"WD","SE"
28,22,356,"WD","SE"
7,24,356,"WD","SE"
4,9,356,"WD","SE"
86,2,356,"WD","SE"
93,3,356,"WD","SE"
58,2,356,"WD","SE"
82,3,356,"WD","SE"
36,6,356,"WD","SE"
14,16,356,"WD","SE"
67,9,356,"WD","SE"
51,3,356,"WD","SE"
61,37,356,"WD","SE"
82,3,357,"WD","SE"
38,5,357,"WD","SE"
82,3,357,"WD","SE"
36,6,357,"WD","SE"
32,9,357,"WD","SE"
20,6,357,"WD","SE"
59,5,357,"WD","SE"
57,9,357,"WD","SE"
80,10,357,"WD","SE"
545,2,357,"WD","SE"
29,2,357,"WD","SE"
11,30,357,"WD","SE"
1,3,357,"WD","SE"
44,35,357,"WD","SE"
5,9,357,"WD","SE"
546,1,357,"WD","SE"
23,7,357,"WD","SE"
84,1,357,"WD","SE"
551,1,357,"WD","SE"
52,2,357,"WD","SE"
47,10,357,"WD","SE"
7,24,357,"WD","SE"
49,1,357,"WD","SE"
90,3,357,"WD","SE"
4,9,357,"WD","SE"
77,18,358,"WD","SE"
67,9,358,"WD","SE"
33,12,358,"WD","SE"
64,23,358,"WD","SE"
11,30,358,"WD","SE"
57,9,358,"WD","SE"
20,6,358,"WD","SE"
50,4,358,"WD","SE"
74,1,358,"WD","SE"
45,7,358,"WD","SE"
37,1,358,"WD","SE"
78,9,358,"WD","SE"
40,6,358,"WD","SE"
80,10,358,"WD","SE"
49,1,358,"WD","SE"
5,9,358,"WD","SE"
29,2,358,"WD","SE"
7,24,358,"WD","SE"
80,10,358,"WD","SE"
91,8,358,"WD","SE"
551,1,358,"WD","SE"
38,5,358,"WD","SE"
47,10,358,"WD","SE"
72,8,358,"WD","SE"
48,4,358,"WD","SE"
9,1,359,"WD","SE"
5,9,359,"WD","SE"
338,3,359,"WD","SE"
57,9,359,"WD","SE"
17,5,359,"WD","SE"
7,24,359,"WD","SE"
58,2,359,"WD","SE"
11,30,359,"WD","SE"
5,9,359,"WD","SE"
36,6,359,"WD","SE"
16,6,359,"WD","SE"
13,4,359,"WD","SE"
51,3,359,"WD","SE"
86,2,359,"WD","SE"
64,23,359,"WD","SE"
82,3,359,"WD","SE"
91,8,359,"WD","SE"
78,9,359,"WD","SE"
7,24,359,"WD","SE"
48,4,359,"WD","SE"
13,4,359,"WD","SE"
32,9,359,"WD","SE"
51,3,359,"WD","SE"
26,41,359,"WD","SE"
67,9,359,"WD","SE"
72,8,360,"WD","SE"
547,1,360,"WD","SE"
82,3,360,"WD","SE"
32,9,360,"WD","SE"
23,7,360,"WD","SE"
19,8,360,"WD","SE"
57,9,360,"WD","SE"
45,7,360,"WD","SE"
51,3,360,"WD","SE"
58,2,360,"WD","SE"
41,1,360,"WD","SE"
5,9,360,"WD","SE"
33,12,360,"WD","SE"
91,8,360,"WD","SE"
67,9,360,"WD","SE"
338,3,360,"WD","SE"
548,1,360,"WD","SE"
90,3,360,"WD","SE"
53,1,360,"WD","SE"
26,41,360,"WD","SE"
64,23,360,"WD","SE"
36,6,360,"WD","SE"
50,4,360,"WD","SE"
61,37,360,"WD","SE"
9,1,360,"WD","SE"
28,22,361,"WD","SE"
51,3,361,"WD","SE"
93,3,361,"WD","SE"
28,22,361,"WD","SE"
57,9,361,"WD","SE"
43,1,361,"WD","SE"
49,1,361,"WD","SE"
20,6,361,"WD","SE"
67,9,361,"WD","SE"
84,1,361,"WD","SE"
82,3,361,"WD","SE"
1,3,361,"WD","SE"
5,9,361,"WD","SE"
45,7,361,"WD","SE"
7,24,361,"WD","SE"
52,2,361,"WD","SE"
5,9,361,"WD","SE"
9,1,361,"WD","SE"
76,6,361,"WD","SE"
32,9,361,"WD","SE"
92,1,361,"WD","SE"
91,8,361,"WD","SE"
44,35,361,"WD","SE"
38,5,361,"WD","SE"
205,2,361,"WD","SE"
77,18,362,"WD","SE"
547,1,362,"WD","SE"
52,2,362,"WD","SE"
51,3,362,"WD","SE"
26,41,362,"WD","SE"
4,9,362,"WD","SE"
90,3,362,"WD","SE"
13,4,362,"WD","SE"
80,10,362,"WD","SE"
7,24,362,"WD","SE"
59,5,362,"WD","SE"
84,1,362,"WD","SE"
43,1,362,"WD","SE"
14,16,362,"WD","SE"
78,9,362,"WD","SE"
19,8,362,"WD","SE"
5,9,362,"WD","SE"
7,24,362,"WD","SE"
33,12,362,"WD","SE"
53,1,362,"WD","SE"
72,8,362,"WD","SE"
20,6,362,"WD","SE"
76,6,362,"WD","SE"
28,22,362,"WD","SE"
36,6,362,"WD","SE"
80,10,363,"WD","SE"
52,2,363,"WD","SE"
7,24,363,"WD","SE"
4,9,363,"WD","SE"
84,1,363,"WD","SE"
82,3,363,"WD","SE"
45,7,363,"WD","SE"
43,1,363,"WD","SE"
51,3,363,"WD","SE"
86,2,363,"WD","SE"
12,9,363,"WD","SE"
545,2,363,"WD","SE"
91,8,363,"WD","SE"
64,23,363,"WD","SE"
9,1,363,"WD","SE"
80,10,363,"WD","SE"
40,6,363,"WD","SE"
29,2,363,"WD","SE"
551,1,363,"WD","SE"
49,1,363,"WD","SE"
74,1,363,"WD","SE"
19,8,363,"WD","SE"
17,5,363,"WD","SE"
44,35,363,"WD","SE"
92,1,363,"WD","SE"
71,1,364,"WD","SE"
28,22,364,"WD","SE"
80,10,364,"WD","SE"
551,1,364,"WD","SE"
6,4,364,"WD","SE"
14,16,364,"WD","SE"
80,10,364,"WD","SE"
205,2,364,"WD","SE"
38,5,364,"WD","SE"
36,6,364,"WD","SE"
82,3,364,"WD","SE"
47,10,364,"WD","SE"
64,23,364,"WD","SE"
12,9,364,"WD","SE"
338,3,364,"WD","SE"
82,3,364,"WD","SE"
20,6,364,"WD","SE"
74,1,364,"WD","SE"
36,6,364,"WD","SE"
91,8,364,"WD","SE"
93,3,364,"WD","SE"
548,1,364,"WD","SE"
86,2,364,"WD","SE"
51,3,364,"WD","SE"
4,9,364,"WD","SE"
84,1,365,"WD","SE"
38,5,365,"WD","SE"
82,3,365,"WD","SE"
205,2,365,"WD","SE"
47,10,365,"WD","SE"
82,3,365,"WD","SE"
36,6,365,"WD","SE"
67,9,365,"WD","SE"
20,6,365,"WD","SE"
40,6,365,"WD","SE"
41,1,365,"WD","SE"
61,37,365,"WD","SE"
76,6,365,"WD","SE"
51,3,365,"WD","SE"
26,41,365,"WD","SE"
12,9,365,"WD","SE"
547,1,365,"WD","SE"
548,1,365,"WD","SE"
9,1,365,"WD","SE"
7,24,365,"WD","SE"
33,12,365,"WD","SE"
57,9,365,"WD","SE"
338,3,365,"WD","SE"
546,1,365,"WD","SE"
16,6,365,"WD","SE"
36,6,366,"WD","SE"
5,9,366,"WD","SE"
51,3,366,"WD","SE"
41,1,366,"WD","SE"
548,1,366,"WD","SE"
45,7,366,"WD","SE"
37,1,366,"WD","SE"
57,9,366,"WD","SE"
51,3,366,"WD","SE"
1,3,366,"WD","SE"
90,3,366,"WD","SE"
7,24,366,"WD","SE"
61,37,366,"WD","SE"
17,5,366,"WD","SE"
36,6,366,"WD","SE"
7,24,366,"WD","SE"
12,9,366,"WD","SE"
16,6,366,"WD","SE"
50,4,366,"WD","SE"
52,2,366,"WD","SE"
93,3,366,"WD","SE"
29,2,366,"WD","SE"
13,4,366,"WD","SE"
32,9,366,"WD","SE"
48,4,366,"WD","SE"
12,9,367,"WD","SE"
33,12,367,"WD","SE"
13,4,367,"WD","SE"
47,10,367,"WD","SE"
57,9,367,"WD","SE"
5,9,367,"WD","SE"
36,6,367,"WD","SE"
9,1,367,"WD","SE"
44,35,367,"WD","SE"
52,2,367,"WD","SE"
58,2,367,"WD","SE"
338,3,367,"WD","SE"
76,6,367,"WD","SE"
7,24,367,"WD","SE"
74,1,367,"WD","SE"
91,8,367,"WD","SE"
33,12,367,"WD","SE"
14,16,367,"WD","SE"
90,3,367,"WD","SE"
86,2,367,"WD","SE"
11,30,367,"WD","SE"
78,9,367,"WD","SE"
59,5,367,"WD","SE"
64,23,367,"WD","SE"
53,1,367,"WD","SE"
20,6,368,"WD","SE"
43,1,368,"WD","SE"
28,22,368,"WD","SE"
67,9,368,"WD","SE"
82,3,368,"WD","SE"
23,7,368,"WD","SE"
12,9,368,"WD","SE"
91,8,368,"WD","SE"
13,4,368,"WD","SE"
80,10,368,"WD","SE"
52,2,368,"WD","SE"
551,1,368,"WD","SE"
6,4,368,"WD","SE"
80,10,368,"WD","SE"
84,1,368,"WD","SE"
44,35,368,"WD","SE"
64,23,368,"WD","SE"
59,5,368,"WD","SE"
19,8,368,"WD","SE"
14,16,368,"WD","SE"
26,41,368,"WD","SE"
9,1,368,"WD","SE"
48,4,368,"WD","SE"
17,5,368,"WD","SE"
93,3,368,"WD","SE"
5,9,369,"WD","SE"
17,5,369,"WD","SE"
72,8,369,"WD","SE"
44,35,369,"WD","SE"
52,2,369,"WD","SE"
9,1,369,"WD","SE"
28,22,369,"WD","SE"
28,22,369,"WD","SE"
6,4,369,"WD","SE"
86,2,369,"WD","SE"
38,5,369,"WD","SE"
7,24,369,"WD","SE"
76,6,369,"WD","SE"
1,3,369,"WD","SE"
205,2,369,"WD","SE"
80,10,369,"WD","SE"
33,12,369,"WD","SE"
37,1,369,"WD","SE"
82,3,369,"WD","SE"
338,3,369,"WD","SE"
547,1,369,"WD","SE"
50,4,369,"WD","SE"
67,9,369,"WD","SE"
36,6,369,"WD","SE"
84,1,369,"WD","SE"
82,3,370,"WD","SE"
82,3,370,"WD","SE"
50,4,370,"WD","SE"
92,1,370,"WD","SE"
48,4,370,"WD","SE"
86,2,370,"WD","SE"
546,1,370,"WD","SE"
64,23,370,"WD","SE"
28,22,370,"WD","SE"
28,22,370,"WD","SE"
7,24,370,"WD","SE"
26,41,370,"WD","SE"
91,8,370,"WD","SE"
23,7,370,"WD","SE"
16,6,370,"WD","SE"
32,9,370,"WD","SE"
93,3,370,"WD","SE"
41,1,370,"WD","SE"
57,9,370,"WD","SE"
80,10,370,"WD","SE"
19,8,370,"WD","SE"
4,9,370,"WD","SE"
551,1,370,"WD","SE"
6,4,370,"WD","SE"
61,37,370,"WD","SE"
28,22,371,"WD","SE"
92,1,371,"WD","SE"
5,9,371,"WD","SE"
40,6,371,"WD","SE"
44,35,371,"WD","SE"
84,1,371,"WD","SE"
12,9,371,"WD","SE"
77,18,371,"WD","SE"
57,9,371,"WD","SE"
82,3,371,"WD","SE"
80,10,371,"WD","SE"
29,2,371,"WD","SE"
13,4,371,"WD","SE"
7,24,371,"WD","SE"
546,1,371,"WD","SE"
91,8,371,"WD","SE"
547,1,371,"WD","SE"
90,3,371,"WD","SE"
28,22,371,"WD","SE"
20,6,371,"WD","SE"
74,1,371,"WD","SE"
50,4,371,"WD","SE"
72,8,371,"WD","SE"
59,5,371,"WD","SE"
6,4,371,"WD","SE"
50,4,372,"WD","SE"
13,4,372,"WD","SE"
45,7,372,"WD","SE"
44,35,372,"WD","SE"
64,23,372,"WD","SE"
74,1,372,"WD","SE"
20,6,372,"WD","SE"
82,3,372,"WD","SE"
51,3,372,"WD","SE"
14,16,372,"WD","SE"
19,8,372,"WD","SE"
67,9,372,"WD","SE"
41,1,372,"WD","SE"
32,9,372,"WD","SE"
90,3,372,"WD","SE"
28,22,372,"WD","SE"
13,4,372,"WD","SE"
6,4,372,"WD","SE"
52,2,372,"WD","SE"
5,9,372,"WD","SE"
33,12,372,"WD","SE"
93,3,372,"WD","SE"
38,5,372,"WD","SE"
77,18,372,"WD","SE"
26,41,372,"WD","SE"
28,22,373,"WD","SE"
17,5,373,"WD","SE"
19,8,373,"WD","SE"
84,1,373,"WD","SE"
50,4,373,"WD","SE"
72,8,373,"WD","SE"
544,3,373,"WD","SE"
36,6,373,"WD","SE"
28,22,373,"WD","SE"
13,4,373,"WD","SE"
40,6,373,"WD","SE"
547,1,373,"WD","SE"
1,3,373,"WD","SE"
44,35,373,"WD","SE"
5,9,373,"WD","SE"
37,1,373,"WD","SE"
7,24,373,"WD","SE"
47,10,373,"WD","SE"
74,1,373,"WD","SE"
5,9,373,"WD","SE"
53,1,373,"WD","SE"
14,16,373,"WD","SE"
20,6,373,"WD","SE"
64,23,373,"WD","SE"
86,2,373,"WD","SE"
17,5,374,"WD","SE"
13,4,374,"WD","SE"
59,5,374,"WD","SE"
544,3,374,"WD","SE"
93,3,374,"WD","SE"
53,1,374,"WD","SE"
5,9,374,"WD","SE"
23,7,374,"WD","SE"
43,1,374,"WD","SE"
45,7,374,"WD","SE"
33,12,374,"WD","SE"
50,4,374,"WD","SE"
13,4,374,"WD","SE"
20,6,374,"WD","SE"
9,1,374,"WD","SE"
36,6,374,"WD","SE"
76,6,374,"WD","SE"
40,6,374,"WD","SE"
41,1,374,"WD","SE"
61,37,374,"WD","SE"
47,10,374,"WD","SE"
44,35,374,"WD","SE"
28,22,374,"WD","SE"
7,24,374,"WD","SE"
91,8,374,"WD","SE"
71,1,375,"WD","SE"
91,8,375,"WD","SE"
9,1,375,"WD","SE"
32,9,375,"WD","SE"
77,18,375,"WD","SE"
37,1,375,"WD","SE"
47,10,375,"WD","SE"
14,16,375,"WD","SE"
11,30,375,"WD","SE"
93,3,375,"WD","SE"
44,35,375,"WD","SE"
49,1,375,"WD","SE"
51,3,375,"WD","SE"
548,1,375,"WD","SE"
546,1,375,"WD","SE"
13,4,375,"WD","SE"
90,3,375,"WD","SE"
38,5,375,"WD","SE"
28,22,375,"WD","SE"
61,37,375,"WD","SE"
86,2,375,"WD","SE"
58,2,375,"WD","SE"
26,41,375,"WD","SE"
551,1,375,"WD","SE"
44,35,375,"WD","SE"
52,2,376,"WD","SE"
90,3,376,"WD","SE"
1,3,376,"WD","SE"
57,9,376,"WD","SE"
551,1,376,"WD","SE"
205,2,376,"WD","SE"
44,35,376,"WD","SE"
78,9,376,"WD","SE"
33,12,376,"WD","SE"
77,18,376,"WD","SE"
43,1,376,"WD","SE"
6,4,376,"WD","SE"
20,6,376,"WD","SE"
86,2,376,"WD","SE"
33,12,376,"WD","SE"
12,9,376,"WD","SE"
40,6,376,"WD","SE"
91,8,376,"WD","SE"
64,23,376,"WD","SE"
92,1,376,"WD","SE"
67,9,376,"WD","SE"
37,1,376,"WD","SE"
82,3,376,"WD","SE"
80,10,376,"WD","SE"
45,7,376,"WD","SE"
551,1,377,"WD","SE"
61,37,377,"WD","SE"
36,6,377,"WD","SE"
33,12,377,"WD","SE"
51,3,377,"WD","SE"
44,35,377,"WD","SE"
64,23,377,"WD","SE"
90,3,377,"WD","SE"
13,4,377,"WD","SE"
16,6,377,"WD","SE"
48,4,377,"WD","SE"
72,8,377,"WD","SE"
547,1,377,"WD","SE"
80,10,377,"WD","SE"
93,3,377,"WD","SE"
71,1,377,"WD","SE"
36,6,377,"WD","SE"
28,22,377,"WD","SE"
40,6,377,"WD","SE"
49,1,377,"WD","SE"
7,24,377,"WD","SE"
82,3,377,"WD","SE"
5,9,377,"WD","SE"
57,9,377,"WD","SE"
33,12,377,"WD","SE"
76,6,378,"WD","SE"
51,3,378,"WD","SE"
72,8,378,"WD","SE"
38,5,378,"WD","SE"
77,18,378,"WD","SE"
23,7,378,"WD","SE"
546,1,378,"WD","SE"
28,22,378,"WD","SE"
45,7,378,"WD","SE"
44,35,378,"WD","SE"
13,4,378,"WD","SE"
26,41,378,"WD","SE"
11,30,378,"WD","SE"
48,4,378,"WD","SE"
7,24,378,"WD","SE"
43,1,378,"WD","SE"
7,24,378,"WD","SE"
49,1,378,"WD","SE"
92,1,378,"WD","SE"
64,23,378,"WD","SE"
93,3,378,"WD","SE"
33,12,378,"WD","SE"
57,9,378,"WD","SE"
53,1,378,"WD","SE"
28,22,378,"WD","SE"
33,12,379,"WD","SE"
51,3,379,"WD","SE"
9,1,379,"WD","SE"
36,6,379,"WD","SE"
50,4,379,"WD","SE"
90,3,379,"WD","SE"
7,24,379,"WD","SE"
38,5,379,"WD","SE"
43,1,379,"WD","SE"
547,1,379,"WD","SE"
36,6,379,"WD","SE"
82,3,379,"WD","SE"
40,6,379,"WD","SE"
28,22,379,"WD","SE"
57,9,379,"WD","SE"
47,10,379,"WD","SE"
67,9,379,"WD","SE"
41,1,379,"WD","SE"
64,23,379,"WD","SE"
44,35,379,"WD","SE"
23,7,379,"WD","SE"
57,9,379,"WD","SE"
20,6,379,"WD","SE"
45,7,379,"WD","SE"
76,6,379,"WD","SE"
49,1,380,"WD","SE"
41,1,380,"WD","SE"
548,1,380,"WD","SE"
47,10,380,"WD","SE"
4,9,380,"WD","SE"
38,5,380,"WD","SE"
17,5,380,"WD","SE"
67,9,380,"WD","SE"
7,24,380,"WD","SE"
84,1,380,"WD","SE"
28,22,380,"WD","SE"
64,23,380,"WD","SE"
64,23,380,"WD","SE"
16,6,380,"WD","SE"
93,3,380,"WD","SE"
544,3,380,"WD","SE"
546,1,380,"WD","SE"
48,4,380,"WD","SE"
44,35,380,"WD","SE"
36,6,380,"WD","SE"
33,12,380,"WD","SE"
20,6,380,"WD","SE"
91,8,380,"WD","SE"
5,9,380,"WD","SE"
19,8,380,"WD","SE"
57,9,381,"WD","SE"
12,9,381,"WD","SE"
23,7,381,"WD","SE"
7,24,381,"WD","SE"
546,1,381,"WD","SE"
548,1,381,"WD","SE"
53,1,381,"WD","SE"
80,10,381,"WD","SE"
32,9,381,"WD","SE"
78,9,381,"WD","SE"
48,4,381,"WD","SE"
91,8,381,"WD","SE"
16,6,381,"WD","SE"
338,3,381,"WD","SE"
551,1,381,"WD","SE"
58,2,381,"WD","SE"
44,35,381,"WD","SE"
40,6,381,"WD","SE"
26,41,381,"WD","SE"
92,1,381,"WD","SE"
36,6,381,"WD","SE"
43,1,381,"WD","SE"
41,1,381,"WD","SE"
51,3,381,"WD","SE"
19,8,381,"WD","SE"
76,6,382,"WD","SE"
32,9,382,"WD","SE"
19,8,382,"WD","SE"
86,2,382,"WD","SE"
50,4,382,"WD","SE"
17,5,382,"WD","SE"
51,3,382,"WD","SE"
37,1,382,"WD","SE"
12,9,382,"WD","SE"
33,12,382,"WD","SE"
84,1,382,"WD","SE"
205,2,382,"WD","SE"
13,4,382,"WD","SE"
47,10,382,"WD","SE"
49,1,382,"WD","SE"
4,9,382,"WD","SE"
9,1,382,"WD","SE"
52,2,382,"WD","SE"
40,6,382,"WD","SE"
90,3,382,"WD","SE"
61,37,382,"WD","SE"
74,1,382,"WD","SE"
93,3,382,"WD","SE"
77,18,382,"WD","SE"
7,24,382,"WD","SE"
7,24,383,"WD","SE"
5,9,383,"WD","SE"
338,3,383,"WD","SE"
50,4,383,"WD","SE"
29,2,383,"WD","SE"
57,9,383,"WD","SE"
20,6,383,"WD","SE"
205,2,383,"WD","SE"
1,3,383,"WD","SE"
11,30,383,"WD","SE"
9,1,383,"WD","SE"
57,9,383,"WD","SE"
28,22,383,"WD","SE"
77,18,383,"WD","SE"
76,6,383,"WD","SE"
6,4,383,"WD","SE"
49,1,383,"WD","SE"
90,3,383,"WD","SE"
12,9,383,"WD","SE"
71,1,383,"WD","SE"
91,8,383,"WD","SE"
551,1,383,"WD","SE"
59,5,383,"WD","SE"
44,35,383,"WD","SE"
36,6,383,"WD","SE"
5,9,384,"WD","SE"
545,2,384,"WD","SE"
7,24,384,"WD","SE"
84,1,384,"WD","SE"
61,37,384,"WD","SE"
7,24,384,"WD","SE"
19,8,384,"WD","SE"
86,2,384,"WD","SE"
4,9,384,"WD","SE"
58,2,384,"WD","SE"
12,9,384,"WD","SE"
59,5,384,"WD","SE"
48,4,384,"WD","SE"
90,3,384,"WD","SE"
205,2,384,"WD","SE"
11,30,384,"WD","SE"
20,6,384,"WD","SE"
548,1,384,"WD","SE"
64,23,384,"WD","SE"
64,23,384,"WD","SE"
28,22,384,"WD","SE"
9,1,384,"WD","SE"
13,4,384,"WD","SE"
71,1,384,"WD","SE"
80,10,384,"WD","SE"
26,41,385,"WD","SE"
28,22,385,"WD","SE"
7,24,385,"WD","SE"
546,1,385,"WD","SE"
5,9,385,"WD","SE"
1,3,385,"WD","SE"
41,1,385,"WD","SE"
58,2,385,"WD","SE"
80,10,385,"WD","SE"
544,3,385,"WD","SE"
547,1,385,"WD","SE"
5,9,385,"WD","SE"
36,6,385,"WD","SE"
92,1,385,"WD","SE"
28,22,385,"WD","SE"
78,9,385,"WD","SE"
40,6,385,"WD","SE"
4,9,385,"WD","SE"
51,3,385,"WD","SE"
93,3,385,"WD","SE"
33,12,385,"WD","SE"
90,3,385,"WD","SE"
64,23,385,"WD","SE"
551,1,385,"WD","SE"
13,4,385,"WD","SE"
93,3,386,"WD","SE"
86,2,386,"WD","SE"
64,23,386,"WD","SE"
5,9,386,"WD","SE"
26,41,386,"WD","SE"
40,6,386,"WD","SE"
13,4,386,"WD","SE"
80,10,386,"WD","SE"
20,6,386,"WD","SE"
72,8,386,"WD","SE"
338,3,386,"WD","SE"
58,2,386,"WD","SE"
33,12,386,"WD","SE"
32,9,386,"WD","SE"
91,8,386,"WD","SE"
17,5,386,"WD","SE"
48,4,386,"WD","SE"
28,22,386,"WD","SE"
76,6,386,"WD","SE"
44,35,386,"WD","SE"
53,1,386,"WD","SE"
36,6,386,"WD","SE"
43,1,386,"WD","SE"
36,6,386,"WD","SE"
14,16,386,"WD","SE"
544,3,387,"WD","SE"
28,22,387,"WD","SE"
91,8,387,"WD","SE"
13,4,387,"WD","SE"
26,41,387,"WD","SE"
5,9,387,"WD","SE"
11,30,387,"WD","SE"
59,5,387,"WD","SE"
16,6,387,"WD","SE"
80,10,387,"WD","SE"
57,9,387,"WD","SE"
546,1,387,"WD","SE"
48,4,387,"WD","SE"
33,12,387,"WD","SE"
548,1,387,"WD","SE"
52,2,387,"WD","SE"
90,3,387,"WD","SE"
82,3,387,"WD","SE"
43,1,387,"WD","SE"
58,2,387,"WD","SE"
20,6,387,"WD","SE"
12,9,387,"WD","SE"
205,2,387,"WD","SE"
47,10,387,"WD","SE"
72,8,387,"WD","SE"
7,24,388,"WD","SE"
58,2,388,"WD","SE"
67,9,388,"WD","SE"
91,8,388,"WD","SE"
36,6,388,"WD","SE"
23,7,388,"WD","SE"
17,5,388,"WD","SE"
16,6,388,"WD","SE"
82,3,388,"WD","SE"
5,9,388,"WD","SE"
9,1,388,"WD","SE"
72,8,388,"WD","SE"
551,1,388,"WD","SE"
37,1,388,"WD","SE"
546,1,388,"WD","SE"
50,4,388,"WD","SE"
28,22,388,"WD","SE"
64,23,388,"WD","SE"
43,1,388,"WD","SE"
547,1,388,"WD","SE"
59,5,388,"WD","SE"
92,1,388,"WD","SE"
74,1,388,"WD","SE"
19,8,388,"WD","SE"
71,1,388,"WD","SE"
548,1,389,"WD","SE"
91,8,389,"WD","SE"
52,2,389,"WD","SE"
58,2,389,"WD","SE"
92,1,389,"WD","SE"
23,7,389,"WD","SE"
17,5,389,"WD","SE"
36,6,389,"WD","SE"
51,3,389,"WD","SE"
26,41,389,"WD","SE"
19,8,389,"WD","SE"
82,3,389,"WD","SE"
32,9,389,"WD","SE"
59,5,389,"WD","SE"
76,6,389,"WD","SE"
6,4,389,"WD","SE"
86,2,389,"WD","SE"
64,23,389,"WD","SE"
7,24,389,"WD","SE"
20,6,389,"WD","SE"
205,2,389,"WD","SE"
84,1,389,"WD","SE"
28,22,389,"WD","SE"
5,9,389,"WD","SE"
48,4,389,"WD","SE"
36,6,390,"WD","SE"
80,10,390,"WD","SE"
57,9,390,"WD","SE"
544,3,390,"WD","SE"
82,3,390,"WD","SE"
4,9,390,"WD","SE"
44,35,390,"WD","SE"
11,30,390,"WD","SE"
38,5,390,"WD","SE"
43,1,390,"WD","SE"
545,2,390,"WD","SE"
23,7,390,"WD","SE"
551,1,390,"WD","SE"
59,5,390,"WD","SE"
37,1,390,"WD","SE"
6,4,390,"WD","SE"
86,2,390,"WD","SE"
82,3,390,"WD","SE"
338,3,390,"WD","SE"
17,5,390,"WD","SE"
40,6,390,"WD","SE"
9,1,390,"WD","SE"
71,1,390,"WD","SE"
64,23,390,"WD","SE"
19,8,390,"WD","SE"
546,1,391,"WD","SE"
338,3,391,"WD","SE"
44,35,391,"WD","SE"
37,1,391,"WD","SE"
41,1,391,"WD","SE"
23,7,391,"WD","SE"
545,2,391,"WD","SE"
4,9,391,"WD","SE"
32,9,391,"WD","SE"
78,9,391,"WD","SE"
14,16,391,"WD","SE"
52,2,391,"WD","SE"
64,23,391,"WD","SE"
547,1,391,"WD","SE"
80,10,391,"WD","SE"
93,3,391,"WD","SE"
205,2,391,"WD","SE"
71,1,391,"WD","SE"
49,1,391,"WD","SE"
28,22,391,"WD","SE"
13,4,391,"WD","SE"
76,6,391,"WD","SE"
36,6,391,"WD","SE"
12,9,391,"WD","SE"
17,5,391,"WD","SE"
82,3,392,"WD","SE"
58,2,392,"WD","SE"
91,8,392,"WD","SE"
48,4,392,"WD","SE"
67,9,392,"WD","SE"
57,9,392,"WD","SE"
548,1,392,"WD","SE"
29,2,392,"WD","SE"
1,3,392,"WD","SE"
545,2,392,"WD","SE"
78,9,392,"WD","SE"
61,37,392,"WD","SE"
49,1,392,"WD","SE"
23,7,392,"WD","SE"
45,7,392,"WD","SE"
44,35,392,"WD","SE"
33,12,392,"WD","SE"
77,18,392,"WD","SE"
64,23,392,"WD","SE"
5,9,392,"WD","SE"
26,41,392,"WD","SE"
64,23,392,"WD","SE"
7,24,392,"WD","SE"
205,2,392,"WD","SE"
38,5,392,"WD","SE"
91,8,393,"WD","SE"
58,2,393,"WD","SE"
64,23,393,"WD","SE"
7,24,393,"WD","SE"
547,1,393,"WD","SE"
37,1,393,"WD","SE"
84,1,393,"WD","SE"
5,9,393,"WD","SE"
33,12,393,"WD","SE"
78,9,393,"WD","SE"
6,4,393,"WD","SE"
20,6,393,"WD","SE"
49,1,393,"WD","SE"
82,3,393,"WD","SE"
80,10,393,"WD","SE"
14,16,393,"WD","SE"
71,1,393,"WD","SE"
13,4,393,"WD","SE"
548,1,393,"WD","SE"
80,10,393,"WD","SE"
29,2,393,"WD","SE"
205,2,393,"WD","SE"
13,4,393,"WD","SE"
77,18,393,"WD","SE"
544,3,393,"WD","SE"
58,2,394,"WD","SE"
57,9,394,"WD","SE"
546,1,394,"WD","SE"
47,10,394,"WD","SE"
90,3,394,"WD","SE"
28,22,394,"WD","SE"
17,5,394,"WD","SE"
338,3,394,"WD","SE"
76,6,394,"WD","SE"
92,1,394,"WD","SE"
80,10,394,"WD","SE"
33,12,394,"WD","SE"
71,1,394,"WD","SE"
44,35,394,"WD","SE"
37,1,394,"WD","SE"
29,2,394,"WD","SE"
50,4,394,"WD","SE"
74,1,394,"WD","SE"
91,8,394,"WD","SE"
64,23,394,"WD","SE"
61,37,394,"WD","SE"
13,4,394,"WD","SE"
1,3,394,"WD","SE"
93,3,394,"WD","SE"
57,9,394,"WD","SE"
7,24,395,"WD","SE"
53,1,395,"WD","SE"
80,10,395,"WD","SE"
19,8,395,"WD","SE"
38,5,395,"WD","SE"
43,1,395,"WD","SE"
78,9,395,"WD","SE"
6,4,395,"WD","SE"
51,3,395,"WD","SE"
12,9,395,"WD","SE"
13,4,395,"WD","SE"
546,1,395,"WD","SE"
5,9,395,"WD","SE"
47,10,395,"WD","SE"
80,10,395,"WD","SE"
61,37,395,"WD","SE"
33,12,395,"WD","SE"
82,3,395,"WD","SE"
57,9,395,"WD","SE"
74,1,395,"WD","SE"
28,22,395,"WD","SE"
13,4,395,"WD","SE"
33,12,395,"WD","SE"
44,35,395,"WD","SE"
29,2,395,"WD","SE"
47,10,396,"WD","SE"
64,23,396,"WD","SE"
205,2,396,"WD","SE"
36,6,396,"WD","SE"
57,9,396,"WD","SE"
53,1,396,"WD","SE"
5,9,396,"WD","SE"
33,12,396,"WD","SE"
93,3,396,"WD","SE"
33,12,396,"WD","SE"
20,6,396,"WD","SE"
38,5,396,"WD","SE"
28,22,396,"WD","SE"
1,3,396,"WD","SE"
50,4,396,"WD","SE"
78,9,396,"WD","SE"
32,9,396,"WD","SE"
9,1,396,"WD","SE"
58,2,396,"WD","SE"
544,3,396,"WD","SE"
4,9,396,"WD","SE"
74,1,396,"WD","SE"
51,3,396,"WD","SE"
26,41,396,"WD","SE"
547,1,396,"WD","SE"
26,41,397,"WD","SE"
1,3,397,"WD","SE"
551,1,397,"WD","SE"
57,9,397,"WD","SE"
28,22,397,"WD","SE"
53,1,397,"WD","SE"
64,23,397,"WD","SE"
7,24,397,"WD","SE"
82,3,397,"WD","SE"
28,22,397,"WD","SE"
205,2,397,"WD","SE"
16,6,397,"WD","SE"
38,5,397,"WD","SE"
93,3,397,"WD","SE"
32,9,397,"WD","SE"
546,1,397,"WD","SE"
90,3,397,"WD","SE"
36,6,397,"WD","SE"
33,12,397,"WD","SE"
547,1,397,"WD","SE"
9,1,397,"WD","SE"
23,7,397,"WD","SE"
77,18,397,"WD","SE"
14,16,397,"WD","SE"
545,2,397,"WD","SE"
38,5,398,"WD","SE"
64,23,398,"WD","SE"
16,6,398,"WD","SE"
544,3,398,"WD","SE"
64,23,398,"WD","SE"
28,22,398,"WD","SE"
19,8,398,"WD","SE"
17,5,398,"WD","SE"
6,4,398,"WD","SE"
44,35,398,"WD","SE"
50,4,398,"WD","SE"
14,16,398,"WD","SE"
5,9,398,"WD","SE"
51,3,398,"WD","SE"
57,9,398,"WD","SE"
9,1,398,"WD","SE"
29,2,398,"WD","SE"
13,4,398,"WD","SE"
32,9,398,"WD","SE"
90,3,398,"WD","SE"
82,3,398,"WD","SE"
72,8,398,"WD","SE"
36,6,398,"WD","SE"
13,4,398,"WD","SE"
5,9,398,"WD","SE"
13,4,399,"WD","SE"
43,1,399,"WD","SE"
19,8,399,"WD","SE"
9,1,399,"WD","SE"
28,22,399,"WD","SE"
40,6,399,"WD","SE"
93,3,399,"WD","SE"
23,7,399,"WD","SE"
36,6,399,"WD","SE"
90,3,399,"WD","SE"
37,1,399,"WD","SE"
82,3,399,"WD","SE"
61,37,399,"WD","SE"
82,3,399,"WD","SE"
29,2,399,"WD","SE"
545,2,399,"WD","SE"
12,9,399,"WD","SE"
33,12,399,"WD","SE"
6,4,399,"WD","SE"
44,35,399,"WD","SE"
44,35,399,"WD","SE"
91,8,399,"WD","SE"
59,5,399,"WD","SE"
48,4,399,"WD","SE"
26,41,399,"WD","SE"
546,1,400,"WD","SE"
52,2,400,"WD","SE"
545,2,400,"WD","SE"
77,18,400,"WD","SE"
64,23,400,"WD","SE"
9,1,400,"WD","SE"
4,9,400,"WD","SE"
49,1,400,"WD","SE"
20,6,400,"WD","SE"
205,2,400,"WD","SE"
548,1,400,"WD","SE"
53,1,400,"WD","SE"
14,16,400,"WD","SE"
92,1,400,"WD","SE"
5,9,400,"WD","SE"
7,24,400,"WD","SE"
13,4,400,"WD","SE"
12,9,400,"WD","SE"
71,1,400,"WD","SE"
33,12,400,"WD","SE"
74,1,400,"WD","SE"
44,35,400,"WD","SE"
82,3,400,"WD","SE"
91,8,400,"WD","SE"
82,3,400,"WD","SE"
6,4,401,"WD","SE"
43,1,401,"WD","SE"
82,3,401,"WD","SE"
32,9,401,"WD","SE"
50,4,401,"WD","SE"
78,9,401,"WD","SE"
7,24,401,"WD","SE"
17,5,401,"WD","SE"
14,16,401,"WD","SE"
61,37,401,"WD","SE"
86,2,401,"WD","SE"
82,3,401,"WD","SE"
546,1,401,"WD","SE"
5,9,401,"WD","SE"
40,6,401,"WD","SE"
13,4,401,"WD","SE"
77,18,401,"WD","SE"
28,22,401,"WD","SE"
64,23,401,"WD","SE"
58,2,401,"WD","SE"
48,4,401,"WD","SE"
59,5,401,"WD","SE"
41,1,401,"WD","SE"
76,6,401,"WD","SE"
11,30,401,"WD","SE"
12,9,402,"WD","SE"
4,9,402,"WD","SE"
91,8,402,"WD","SE"
86,2,402,"WD","SE"
47,10,402,"WD","SE"
33,12,402,"WD","SE"
7,24,402,"WD","SE"
338,3,402,"WD","SE"
77,18,402,"WD","SE"
36,6,402,"WD","SE"
82,3,402,"WD","SE"
9,1,402,"WD","SE"
26,41,402,"WD","SE"
13,4,402,"WD","SE"
44,35,402,"WD","SE"
16,6,402,"WD","SE"
84,1,402,"WD","SE"
28,22,402,"WD","SE"
57,9,402,"WD","SE"
49,1,402,"WD","SE"
57,9,402,"WD","SE"
44,35,402,"WD","SE"
7,24,402,"WD","SE"
52,2,402,"WD","SE"
205,2,402,"WD","SE"
51,3,403,"WD","SE"
61,37,403,"WD","SE"
7,24,403,"WD","SE"
44,35,403,"WD","SE"
26,41,403,"WD","SE"
7,24,403,"WD","SE"
58,2,403,"WD","SE"
44,35,403,"WD","SE"
544,3,403,"WD","SE"
28,22,403,"WD","SE"
67,9,403,"WD","SE"
49,1,403,"WD","SE"
64,23,403,"WD","SE"
13,4,403,"WD","SE"
19,8,403,"WD","SE"
29,2,403,"WD","SE"
43,1,403,"WD","SE"
17,5,403,"WD","SE"
78,9,403,"WD","SE"
84,1,403,"WD","SE"
45,7,403,"WD","SE"
86,2,403,"WD","SE"
16,6,403,"WD","SE"
36,6,403,"WD","SE"
48,4,403,"WD","SE"
90,3,404,"WD","SE"
205,2,404,"WD","SE"
32,9,404,"WD","SE"
9,1,404,"WD","SE"
64,23,404,"WD","SE"
13,4,404,"WD","SE"
76,6,404,"WD","SE"
86,2,404,"WD","SE"
77,18,404,"WD","SE"
6,4,404,"WD","SE"
57,9,404,"WD","SE"
51,3,404,"WD","SE"
5,9,404,"WD","SE"
338,3,404,"WD","SE"
44,35,404,"WD","SE"
80,10,404,"WD","SE"
5,9,404,"WD","SE"
50,4,404,"WD","SE"
23,7,404,"WD","SE"
13,4,404,"WD","SE"
16,6,404,"WD","SE"
36,6,404,"WD","SE"
43,1,404,"WD","SE"
33,12,404,"WD","SE"
80,10,404,"WD","SE"
93,3,405,"WD","SE"
53,1,405,"WD","SE"
11,30,405,"WD","SE"
33,12,405,"WD","SE"
64,23,405,"WD","SE"
36,6,405,"WD","SE"
74,1,405,"WD","SE"
47,10,405,"WD","SE"
205,2,405,"WD","SE"
43,1,405,"WD","SE"
44,35,405,"WD","SE"
82,3,405,"WD","SE"
72,8,405,"WD","SE"
48,4,405,"WD","SE"
77,18,405,"WD","SE"
58,2,405,"WD","SE"
80,10,405,"WD","SE"
4,9,405,"WD","SE"
6,4,405,"WD","SE"
59,5,405,"WD","SE"
548,1,405,"WD","SE"
547,1,405,"WD","SE"
61,37,405,"WD","SE"
78,9,405,"WD","SE"
7,24,405,"WD","SE"
11,30,406,"WD","SE"
13,4,406,"WD","SE"
40,6,406,"WD","SE"
6,4,406,"WD","SE"
53,1,406,"WD","SE"
5,9,406,"WD","SE"
64,23,406,"WD","SE"
13,4,406,"WD","SE"
20,6,406,"WD","SE"
1,3,406,"WD","SE"
544,3,406,"WD","SE"
59,5,406,"WD","SE"
67,9,406,"WD","SE"
36,6,406,"WD","SE"
93,3,406,"WD","SE"
45,7,406,"WD","SE"
61,37,406,"WD","SE"
17,5,406,"WD","SE"
338,3,406,"WD","SE"
76,6,406,"WD","SE"
80,10,406,"WD","SE"
37,1,406,"WD","SE"
47,10,406,"WD","SE"
28,22,406,"WD","SE"
551,1,406,"WD","SE"
57,9,407,"WD","SE"
86,2,407,"WD","SE"
551,1,407,"WD","SE"
5,9,407,"WD","SE"
51,3,407,"WD","SE"
80,10,407,"WD","SE"
20,6,407,"WD","SE"
13,4,407,"WD","SE"
67,9,407,"WD","SE"
4,9,407,"WD","SE"
43,1,407,"WD","SE"
48,4,407,"WD","SE"
44,35,407,"WD","SE"
544,3,407,"WD","SE"
545,2,407,"WD","SE"
76,6,407,"WD","SE"
52,2,407,"WD","SE"
19,8,407,"WD","SE"
41,1,407,"WD","SE"
49,1,407,"WD","SE"
32,9,407,"WD","SE"
53,1,407,"WD","SE"
47,10,407,"WD","SE"
23,7,407,"WD","SE"
36,6,407,"WD","SE"
92,1,408,"WD","SE"
45,7,408,"WD","SE"
205,2,408,"WD","SE"
77,18,408,"WD","SE"
28,22,408,"WD","SE"
33,12,408,"WD","SE"
551,1,408,"WD","SE"
71,1,408,"WD","SE"
93,3,408,"WD","SE"
74,1,408,"WD","SE"
11,30,408,"WD","SE"
23,7,408,"WD","SE"
58,2,408,"WD","SE"
338,3,408,"WD","SE"
84,1,408,"WD","SE"
43,1,408,"WD","SE"
29,2,408,"WD","SE"
64,23,408,"WD","SE"
36,6,408,"WD","SE"
48,4,408,"WD","SE"
67,9,408,"WD","SE"
545,2,408,"WD","SE"
5,9,408,"WD","SE"
546,1,408,"WD","SE"
53,1,408,"WD","SE"
36,6,409,"WD","SE"
61,37,409,"WD","SE"
41,1,409,"WD","SE"
58,2,409,"WD","SE"
37,1,409,"WD","SE"
52,2,409,"WD","SE"
19,8,409,"WD","SE"
20,6,409,"WD","SE"
33,12,409,"WD","SE"
93,3,409,"WD","SE"
38,5,409,"WD","SE"
51,3,409,"WD","SE"
53,1,409,"WD","SE"
547,1,409,"WD","SE"
64,23,409,"WD","SE"
26,41,409,"WD","SE"
57,9,409,"WD","SE"
59,5,409,"WD","SE"
7,24,409,"WD","SE"
548,1,409,"WD","SE"
91,8,409,"WD","SE"
64,23,409,"WD","SE"
17,5,409,"WD","SE"
82,3,409,"WD","SE"
28,22,409,"WD","SE"
64,23,410,"WD","SE"
37,1,410,"WD","SE"
84,1,410,"WD","SE"
548,1,410,"WD","SE"
9,1,410,"WD","SE"
74,1,410,"WD","SE"
36,6,410,"WD","SE"
5,9,410,"WD","SE"
205,2,410,"WD","SE"
51,3,410,"WD","SE"
59,5,410,"WD","SE"
82,3,410,"WD","SE"
33,12,410,"WD","SE"
57,9,410,"WD","SE"
57,9,410,"WD","SE"
17,5,410,"WD","SE"
44,35,410,"WD","SE"
551,1,410,"WD","SE"
6,4,410,"WD","SE"
547,1,410,"WD","SE"
7,24,410,"WD","SE"
26,41,410,"WD","SE"
58,2,410,"WD","SE"
41,1,410,"WD","SE"
82,3,410,"WD","SE"
545,2,411,"WD","SE"
36,6,411,"WD","SE"
13,4,411,"WD","SE"
80,10,411,"WD","SE"
205,2,411,"WD","SE"
47,10,411,"WD","SE"
37,1,411,"WD","SE"
28,22,411,"WD","SE"
72,8,411,"WD","SE"
14,16,411,"WD","SE"
546,1,411,"WD","SE"
64,23,411,"WD","SE"
40,6,411,"WD","SE"
86,2,411,"WD","SE"
26,41,411,"WD","SE"
61,37,411,"WD","SE"
544,3,411,"WD","SE"
64,23,411,"WD","SE"
71,1,411,"WD","SE"
51,3,411,"WD","SE"
51,3,411,"WD","SE"
23,7,411,"WD","SE"
74,1,411,"WD","SE"
43,1,411,"WD","SE"
29,2,411,"WD","SE"
57,9,412,"WD","SE"
90,3,412,"WD","SE"
7,24,412,"WD","SE"
205,2,412,"WD","SE"
1,3,412,"WD","SE"
53,1,412,"WD","SE"
47,10,412,"WD","SE"
13,4,412,"WD","SE"
338,3,412,"WD","SE"
33,12,412,"WD","SE"
61,37,412,"WD","SE"
92,1,412,"WD","SE"
16,6,412,"WD","SE"
51,3,412,"WD","SE"
5,9,412,"WD","SE"
64,23,412,"WD","SE"
29,2,412,"WD","SE"
82,3,412,"WD","SE"
17,5,412,"WD","SE"
41,1,412,"WD","SE"
44,35,412,"WD","SE"
74,1,412,"WD","SE"
26,41,412,"WD","SE"
6,4,412,"WD","SE"
28,22,412,"WD","SE"
6,4,413,"WD","SE"
9,1,413,"WD","SE"
38,5,413,"WD","SE"
48,4,413,"WD","SE"
13,4,413,"WD","SE"
86,2,413,"WD","SE"
5,9,413,"WD","SE"
551,1,413,"WD","SE"
51,3,413,"WD","SE"
14,16,413,"WD","SE"
58,2,413,"WD","SE"
7,24,413,"WD","SE"
29,2,413,"WD","SE"
26,41,413,"WD","SE"
44,35,413,"WD","SE"
93,3,413,"WD","SE"
78,9,413,"WD","SE"
67,9,413,"WD","SE"
545,2,413,"WD","SE"
19,8,413,"WD","SE"
92,1,413,"WD","SE"
33,12,413,"WD","SE"
82,3,413,"WD","SE"
33,12,413,"WD","SE"
28,22,413,"WD","SE"
19,8,414,"WD","SE"
32,9,414,"WD","SE"
47,10,414,"WD","SE"
545,2,414,"WD","SE"
26,41,414,"WD","SE"
13,4,414,"WD","SE"
43,1,414,"WD","SE"
76,6,414,"WD","SE"
37,1,414,"WD","SE"
41,1,414,"WD","SE"
9,1,414,"WD","SE"
11,30,414,"WD","SE"
93,3,414,"WD","SE"
40,6,414,"WD","SE"
12,9,414,"WD","SE"
7,24,414,"WD","SE"
51,3,414,"WD","SE"
16,6,414,"WD","SE"
82,3,414,"WD","SE"
548,1,414,"WD","SE"
14,16,414,"WD","SE"
546,1,414,"WD","SE"
58,2,414,"WD","SE"
13,4,414,"WD","SE"
36,6,414,"WD","SE"
7,24,415,"WD","SE"
26,41,415,"WD","SE"
51,3,415,"WD","SE"
32,9,415,"WD","SE"
36,6,415,"WD","SE"
7,24,415,"WD","SE"
13,4,415,"WD","SE"
338,3,415,"WD","SE"
41,1,415,"WD","SE"
47,10,415,"WD","SE"
43,1,415,"WD","SE"
50,4,415,"WD","SE"
33,12,415,"WD","SE"
19,8,415,"WD","SE"
71,1,415,"WD","SE"
64,23,415,"WD","SE"
28,22,415,"WD","SE"
57,9,415,"WD","SE"
33,12,415,"WD","SE"
544,3,415,"WD","SE"
23,7,415,"WD","SE"
77,18,415,"WD","SE"
16,6,415,"WD","SE"
5,9,415,"WD","SE"
546,1,415,"WD","SE"
9,1,416,"WD","SE"
58,2,416,"WD","SE"
37,1,416,"WD","SE"
49,1,416,"WD","SE"
40,6,416,"WD","SE"
13,4,416,"WD","SE"
4,9,416,"WD","SE"
64,23,416,"WD","SE"
20,6,416,"WD","SE"
1,3,416,"WD","SE"
71,1,416,"WD","SE"
547,1,416,"WD","SE"
19,8,416,"WD","SE"
67,9,416,"WD","SE"
32,9,416,"WD","SE"
33,12,416,"WD","SE"
92,1,416,"WD","SE"
91,8,416,"WD","SE"
23,7,416,"WD","SE"
44,35,416,"WD","SE"
76,6,416,"WD","SE"
45,7,416,"WD","SE"
61,37,416,"WD","SE"
33,12,416,"WD","SE"
17,5,416,"WD","SE"
29,2,417,"WD","SE"
551,1,417,"WD","SE"
23,7,417,"WD","SE"
90,3,417,"WD","SE"
57,9,417,"WD","SE"
6,4,417,"WD","SE"
59,5,417,"WD","SE"
36,6,417,"WD","SE"
77,18,417,"WD","SE"
9,1,417,"WD","SE"
76,6,417,"WD","SE"
50,4,417,"WD","SE"
40,6,417,"WD","SE"
57,9,417,"WD","SE"
26,41,417,"WD","SE"
37,1,417,"WD","SE"
16,6,417,"WD","SE"
547,1,417,"WD","SE"
72,8,417,"WD","SE"
13,4,417,"WD","SE"
33,12,417,"WD","SE"
32,9,417,"WD","SE"
338,3,417,"WD","SE"
84,1,417,"WD","SE"
51,3,417,"WD","SE"
29,2,418,"WD","SE"
7,24,418,"WD","SE"
45,7,418,"WD","SE"
547,1,418,"WD","SE"
32,9,418,"WD","SE"
93,3,418,"WD","SE"
28,22,418,"WD","SE"
28,22,418,"WD","SE"
53,1,418,"WD","SE"
71,1,418,"WD","SE"
4,9,418,"WD","SE"
77,18,418,"WD","SE"
76,6,418,"WD","SE"
23,7,418,"WD","SE"
36,6,418,"WD","SE"
80,10,418,"WD","SE"
64,23,418,"WD","SE"
72,8,418,"WD","SE"
12,9,418,"WD","SE"
44,35,418,"WD","SE"
91,8,418,"WD","SE"
44,35,418,"WD","SE"
37,1,418,"WD","SE"
86,2,418,"WD","SE"
74,1,418,"WD","SE"
16,6,419,"WD","SE"
92,1,419,"WD","SE"
57,9,419,"WD","SE"
9,1,419,"WD","SE"
20,6,419,"WD","SE"
44,35,419,"WD","SE"
51,3,419,"WD","SE"
49,1,419,"WD","SE"
53,1,419,"WD","SE"
546,1,419,"WD","SE"
5,9,419,"WD","SE"
28,22,419,"WD","SE"
38,5,419,"WD","SE"
1,3,419,"WD","SE"
80,10,419,"WD","SE"
23,7,419,"WD","SE"
4,9,419,"WD","SE"
551,1,419,"WD","SE"
61,37,419,"WD","SE"
544,3,419,"WD","SE"
37,1,419,"WD","SE"
74,1,419,"WD","SE"
41,1,419,"WD","SE"
57,9,419,"WD","SE"
58,2,419,"WD","SE"
12,9,420,"WD","SE"
33,12,420,"WD","SE"
9,1,420,"WD","SE"
51,3,420,"WD","SE"
86,2,420,"WD","SE"
338,3,420,"WD","SE"
547,1,420,"WD","SE"
6,4,420,"WD","SE"
50,4,420,"WD","SE"
43,1,420,"WD","SE"
545,2,420,"WD","SE"
544,3,420,"WD","SE"
11,30,420,"WD","SE"
7,24,420,"WD","SE"
64,23,420,"WD","SE"
76,6,420,"WD","SE"
51,3,420,"WD","SE"
45,7,420,"WD","SE"
57,9,420,"WD","SE"
546,1,420,"WD","SE"
17,5,420,"WD","SE"
92,1,420,"WD","SE"
71,1,420,"WD","SE"
82,3,420,"WD","SE"
48,4,420,"WD","SE"
205,2,421,"WD","SE"
71,1,421,"WD","SE"
86,2,421,"WD","SE"
47,10,421,"WD","SE"
44,35,421,"WD","SE"
57,9,421,"WD","SE"
91,8,421,"WD","SE"
93,3,421,"WD","SE"
43,1,421,"WD","SE"
20,6,421,"WD","SE"
33,12,421,"WD","SE"
17,5,421,"WD","SE"
61,37,421,"WD","SE"
28,22,421,"WD","SE"
51,3,421,"WD","SE"
58,2,421,"WD","SE"
64,23,421,"WD","SE"
90,3,421,"WD","SE"
13,4,421,"WD","SE"
1,3,421,"WD","SE"
45,7,421,"WD","SE"
548,1,421,"WD","SE"
36,6,421,"WD","SE"
48,4,421,"WD","SE"
38,5,421,"WD","SE"
9,1,422,"WD","SE"
38,5,422,"WD","SE"
48,4,422,"WD","SE"
57,9,422,"WD","SE"
74,1,422,"WD","SE"
45,7,422,"WD","SE"
90,3,422,"WD","SE"
80,10,422,"WD","SE"
32,9,422,"WD","SE"
82,3,422,"WD","SE"
36,6,422,"WD","SE"
52,2,422,"WD","SE"
82,3,422,"WD","SE"
40,6,422,"WD","SE"
4,9,422,"WD","SE"
72,8,422,"WD","SE"
67,9,422,"WD","SE"
44,35,422,"WD","SE"
43,1,422,"WD","SE"
23,7,422,"WD","SE"
49,1,422,"WD","SE"
53,1,422,"WD","SE"
51,3,422,"WD","SE"
7,24,422,"WD","SE"
86,2,422,"WD","SE"
14,16,423,"WD","SE"
74,1,423,"WD","SE"
76,6,423,"WD","SE"
29,2,423,"WD","SE"
33,12,423,"WD","SE"
40,6,423,"WD","SE"
32,9,423,"WD","SE"
544,3,423,"WD","SE"
9,1,423,"WD","SE"
77,18,423,"WD","SE"
82,3,423,"WD","SE"
1,3,423,"WD","SE"
51,3,423,"WD","SE"
67,9,423,"WD","SE"
17,5,423,"WD","SE"
80,10,423,"WD","SE"
49,1,423,"WD","SE"
13,4,423,"WD","SE"
28,22,423,"WD","SE"
90,3,423,"WD","SE"
93,3,423,"WD","SE"
71,1,423,"WD","SE"
86,2,423,"WD","SE"
548,1,423,"WD","SE"
545,2,423,"WD","SE"
48,4,424,"WD","SE"
338,3,424,"WD","SE"
82,3,424,"WD","SE"
57,9,424,"WD","SE"
17,5,424,"WD","SE"
53,1,424,"WD","SE"
26,41,424,"WD","SE"
64,23,424,"WD","SE"
16,6,424,"WD","SE"
76,6,424,"WD","SE"
84,1,424,"WD","SE"
72,8,424,"WD","SE"
36,6,424,"WD","SE"
86,2,424,"WD","SE"
50,4,424,"WD","SE"
92,1,424,"WD","SE"
47,10,424,"WD","SE"
32,9,424,"WD","SE"
51,3,424,"WD","SE"
41,1,424,"WD","SE"
19,8,424,"WD","SE"
205,2,424,"WD","SE"
40,6,424,"WD","SE"
44,35,424,"WD","SE"
5,9,424,"WD","SE"
43,1,425,"WD","SE"
92,1,425,"WD","SE"
78,9,425,"WD","SE"
67,9,425,"WD","SE"
17,5,425,"WD","SE"
19,8,425,"WD","SE"
58,2,425,"WD","SE"
16,6,425,"WD","SE"
13,4,425,"WD","SE"
1,3,425,"WD","SE"
20,6,425,"WD","SE"
59,5,425,"WD","SE"
544,3,425,"WD","SE"
44,35,425,"WD","SE"
26,41,425,"WD","SE"
7,24,425,"WD","SE"
80,10,425,"WD","SE"
48,4,425,"WD","SE"
32,9,425,"WD","SE"
338,3,425,"WD","SE"
57,9,425,"WD","SE"
74,1,425,"WD","SE"
57,9,425,"WD","SE"
547,1,425,"WD","SE"
45,7,425,"WD","SE"
51,3,426,"WD","SE"
545,2,426,"WD","SE"
80,10,426,"WD","SE"
80,10,426,"WD","SE"
86,2,426,"WD","SE"
57,9,426,"WD","SE"
72,8,426,"WD","SE"
53,1,426,"WD","SE"
5,9,426,"WD","SE"
9,1,426,"WD","SE"
45,7,426,"WD","SE"
547,1,426,"WD","SE"
551,1,426,"WD","SE"
77,18,426,"WD","SE"
33,12,426,"WD","SE"
26,41,426,"WD","SE"
205,2,426,"WD","SE"
23,7,426,"WD","SE"
43,1,426,"WD","SE"
548,1,426,"WD","SE"
36,6,426,"WD","SE"
6,4,426,"WD","SE"
40,6,426,"WD","SE"
67,9,426,"WD","SE"
47,10,426,"WD","SE"
545,2,427,"WD","SE"
548,1,427,"WD","SE"
67,9,427,"WD","SE"
7,24,427,"WD","SE"
36,6,427,"WD","SE"
6,4,427,"WD","SE"
7,24,427,"WD","SE"
544,3,427,"WD","SE"
12,9,427,"WD","SE"
50,4,427,"WD","SE"
58,2,427,"WD","SE"
77,18,427,"WD","SE"
14,16,427,"WD","SE"
29,2,427,"WD","SE"
17,5,427,"WD","SE"
36,6,427,"WD","SE"
205,2,427,"WD","SE"
5,9,427,"WD","SE"
32,9,427,"WD","SE"
19,8,427,"WD","SE"
76,6,427,"WD","SE"
5,9,427,"WD","SE"
28,22,427,"WD","SE"
33,12,427,"WD","SE"
41,1,427,"WD","SE"
91,8,428,"WD","SE"
5,9,428,"WD","SE"
72,8,428,"WD","SE"
13,4,428,"WD","SE"
7,24,428,"WD","SE"
76,6,428,"WD","SE"
71,1,428,"WD","SE"
58,2,428,"WD","SE"
44,35,428,"WD","SE"
548,1,428,"WD","SE"
29,2,428,"WD","SE"
547,1,428,"WD","SE"
57,9,428,"WD","SE"
64,23,428,"WD","SE"
59,5,428,"WD","SE"
33,12,428,"WD","SE"
23,7,428,"WD","SE"
49,1,428,"WD","SE"
13,4,428,"WD","SE"
37,1,428,"WD","SE"
82,3,428,"WD","SE"
80,10,428,"WD","SE"
26,41,428,"WD","SE"
47,10,428,"WD","SE"
545,2,428,"WD","SE"
36,6,429,"WD","SE"
40,6,429,"WD","SE"
49,1,429,"WD","SE"
32,9,429,"WD","SE"
44,35,429,"WD","SE"
9,1,429,"WD","SE"
93,3,429,"WD","SE"
13,4,429,"WD","SE"
29,2,429,"WD","SE"
64,23,429,"WD","SE"
44,35,429,"WD","SE"
43,1,429,"WD","SE"
77,18,429,"WD","SE"
50,4,429,"WD","SE"
64,23,429,"WD","SE"
61,37,429,"WD","SE"
4,9,429,"WD","SE"
20,6,429,"WD","SE"
7,24,429,"WD","SE"
45,7,429,"WD","SE"
551,1,429,"WD","SE"
51,3,429,"WD","SE"
48,4,429,"WD","SE"
91,8,429,"WD","SE"
544,3,429,"WD","SE"
20,6,430,"WD","SE"
51,3,430,"WD","SE"
544,3,430,"WD","SE"
33,12,430,"WD","SE"
36,6,430,"WD","SE"
11,30,430,"WD","SE"
32,9,430,"WD","SE"
7,24,430,"WD","SE"
59,5,430,"WD","SE"
50,4,430,"WD","SE"
547,1,430,"WD","SE"
7,24,430,"WD","SE"
92,1,430,"WD","SE"
67,9,430,"WD","SE"
38,5,430,"WD","SE"
93,3,430,"WD","SE"
1,3,430,"WD","SE"
17,5,430,"WD","SE"
9,1,430,"WD","SE"
13,4,430,"WD","SE"
40,6,430,"WD","SE"
44,35,430,"WD","SE"
71,1,430,"WD","SE"
72,8,430,"WD","SE"
48,4,430,"WD","SE"
7,24,431,"WD","SE"
45,7,431,"WD","SE"
1,3,431,"WD","SE"
4,9,431,"WD","SE"
59,5,431,"WD","SE"
38,5,431,"WD","SE"
80,10,431,"WD","SE"
548,1,431,"WD","SE"
51,3,431,"WD","SE"
57,9,431,"WD","SE"
82,3,431,"WD","SE"
9,1,431,"WD","SE"
86,2,431,"WD","SE"
51,3,431,"WD","SE"
5,9,431,"WD","SE"
74,1,431,"WD","SE"
23,7,431,"WD","SE"
36,6,431,"WD","SE"
40,6,431,"WD","SE"
82,3,431,"WD","SE"
13,4,431,"WD","SE"
338,3,431,"WD","SE"
37,1,431,"WD","SE"
52,2,431,"WD","SE"
17,5,431,"WD","SE"
58,2,432,"WD","SE"
26,41,432,"WD","SE"
205,2,432,"WD","SE"
40,6,432,"WD","SE"
91,8,432,"WD","SE"
4,9,432,"WD","SE"
59,5,432,"WD","SE"
90,3,432,"WD","SE"
16,6,432,"WD","SE"
44,35,432,"WD","SE"
38,5,432,"WD","SE"
53,1,432,"WD","SE"
13,4,432,"WD","SE"
37,1,432,"WD","SE"
547,1,432,"WD","SE"
51,3,432,"WD","SE"
45,7,432,"WD","SE"
29,2,432,"WD","SE"
28,22,432,"WD","SE"
50,4,432,"WD","SE"
52,2,432,"WD","SE"
82,3,432,"WD","SE"
7,24,432,"WD","SE"
544,3,432,"WD","SE"
546,1,432,"WD","SE"
44,35,433,"WD","SE"
61,37,433,"WD","SE"
77,18,433,"WD","SE"
4,9,433,"WD","SE"
57,9,433,"WD","SE"
7,24,433,"WD","SE"
40,6,433,"WD","SE"
57,9,433,"WD","SE"
45,7,433,"WD","SE"
86,2,433,"WD","SE"
59,5,433,"WD","SE"
12,9,433,"WD","SE"
72,8,433,"WD","SE"
58,2,433,"WD","SE"
551,1,433,"WD","SE"
544,3,433,"WD","SE"
80,10,433,"WD","SE"
17,5,433,"WD","SE"
64,23,433,"WD","SE"
20,6,433,"WD","SE"
92,1,433,"WD","SE"
91,8,433,"WD","SE"
37,1,433,"WD","SE"
84,1,433,"WD","SE"
548,1,433,"WD","SE"
548,1,434,"WD","SE"
82,3,434,"WD","SE"
36,6,434,"WD","SE"
338,3,434,"WD","SE"
91,8,434,"WD","SE"
5,9,434,"WD","SE"
71,1,434,"WD","SE"
44,35,434,"WD","SE"
53,1,434,"WD","SE"
1,3,434,"WD","SE"
48,4,434,"WD","SE"
5,9,434,"WD","SE"
33,12,434,"WD","SE"
78,9,434,"WD","SE"
36,6,434,"WD","SE"
16,6,434,"WD","SE"
19,8,434,"WD","SE"
13,4,434,"WD","SE"
7,24,434,"WD","SE"
47,10,434,"WD","SE"
4,9,434,"WD","SE"
43,1,434,"WD","SE"
37,1,434,"WD","SE"
82,3,434,"WD","SE"
51,3,434,"WD","SE"
51,3,435,"WD","SE"
86,2,435,"WD","SE"
84,1,435,"WD","SE"
5,9,435,"WD","SE"
33,12,435,"WD","SE"
32,9,435,"WD","SE"
6,4,435,"WD","SE"
43,1,435,"WD","SE"
50,4,435,"WD","SE"
11,30,435,"WD","SE"
80,10,435,"WD","SE"
19,8,435,"WD","SE"
28,22,435,"WD","SE"
57,9,435,"WD","SE"
82,3,435,"WD","SE"
49,1,435,"WD","SE"
545,2,435,"WD","SE"
7,24,435,"WD","SE"
1,3,435,"WD","SE"
58,2,435,"WD","SE"
59,5,435,"WD","SE"
93,3,435,"WD","SE"
74,1,435,"WD","SE"
9,1,435,"WD","SE"
67,9,435,"WD","SE"
547,1,436,"WD","SE"
72,8,436,"WD","SE"
57,9,436,"WD","SE"
91,8,436,"WD","SE"
50,4,436,"WD","SE"
23,7,436,"WD","SE"
52,2,436,"WD","SE"
20,6,436,"WD","SE"
40,6,436,"WD","SE"
33,12,436,"WD","SE"
44,35,436,"WD","SE"
38,5,436,"WD","SE"
14,16,436,"WD","SE"
32,9,436,"WD","SE"
33,12,436,"WD","SE"
36,6,436,"WD","SE"
26,41,436,"WD","SE"
80,10,436,"WD","SE"
61,37,436,"WD","SE"
41,1,436,"WD","SE"
78,9,436,"WD","SE"
13,4,436,"WD","SE"
48,4,436,"WD","SE"
80,10,436,"WD","SE"
43,1,436,"WD","SE"
52,2,437,"WD","SE"
29,2,437,"WD","SE"
17,5,437,"WD","SE"
7,24,437,"WD","SE"
77,18,437,"WD","SE"
41,1,437,"WD","SE"
84,1,437,"WD","SE"
13,4,437,"WD","SE"
44,35,437,"WD","SE"
91,8,437,"WD","SE"
82,3,437,"WD","SE"
6,4,437,"WD","SE"
26,41,437,"WD","SE"
548,1,437,"WD","SE"
53,1,437,"WD","SE"
92,1,437,"WD","SE"
11,30,437,"WD","SE"
38,5,437,"WD","SE"
90,3,437,"WD","SE"
338,3,437,"WD","SE"
546,1,437,"WD","SE"
64,23,437,"WD","SE"
50,4,437,"WD","SE"
51,3,437,"WD","SE"
19,8,437,"WD","SE"
1,3,438,"WD","SE"
29,2,438,"WD","SE"
44,35,438,"WD","SE"
32,9,438,"WD","SE"
61,37,438,"WD","SE"
92,1,438,"WD","SE"
59,5,438,"WD","SE"
9,1,438,"WD","SE"
36,6,438,"WD","SE"
50,4,438,"WD","SE"
80,10,438,"WD","SE"
58,2,438,"WD","SE"
28,22,438,"WD","SE"
20,6,438,"WD","SE"
82,3,438,"WD","SE"
545,2,438,"WD","SE"
6,4,438,"WD","SE"
544,3,438,"WD","SE"
82,3,438,"WD","SE"
4,9,438,"WD","SE"
52,2,438,"WD","SE"
64,23,438,"WD","SE"
548,1,438,"WD","SE"
12,9,438,"WD","SE"
33,12,438,"WD","SE"
78,9,439,"WD","SE"
43,1,439,"WD","SE"
36,6,439,"WD","SE"
7,24,439,"WD","SE"
82,3,439,"WD","SE"
82,3,439,"WD","SE"
51,3,439,"WD","SE"
64,23,439,"WD","SE"
11,30,439,"WD","SE"
93,3,439,"WD","SE"
5,9,439,"WD","SE"
37,1,439,"WD","SE"
26,41,439,"WD","SE"
6,4,439,"WD","SE"
80,10,439,"WD","SE"
49,1,439,"WD","SE"
50,4,439,"WD","SE"
7,24,439,"WD","SE"
38,5,439,"WD","SE"
64,23,439,"WD","SE"
12,9,439,"WD","SE"
23,7,439,"WD","SE"
5,9,439,"WD","SE"
547,1,439,"WD","SE"
41,1,439,"WD","SE"
16,6,440,"WD","SE"
12,9,440,"WD","SE"
11,30,440,"WD","SE"
64,23,440,"WD","SE"
19,8,440,"WD","SE"
5,9,440,"WD","SE"
71,1,440,"WD","SE"
49,1,440,"WD","SE"
64,23,440,"WD","SE"
23,7,440,"WD","SE"
43,1,440,"WD","SE"
5,9,440,"WD","SE"
546,1,440,"WD","SE"
1,3,440,"WD","SE"
33,12,440,"WD","SE"
44,35,440,"WD","SE"
80,10,440,"WD","SE"
57,9,440,"WD","SE"
32,9,440,"WD","SE"
86,2,440,"WD","SE"
28,22,440,"WD","SE"
57,9,440,"WD","SE"
59,5,440,"WD","SE"
80,10,440,"WD","SE"
40,6,440,"WD","SE"
90,3,441,"WD","SE"
1,3,441,"WD","SE"
45,7,441,"WD","SE"
28,22,441,"WD","SE"
546,1,441,"WD","SE"
93,3,441,"WD","SE"
16,6,441,"WD","SE"
58,2,441,"WD","SE"
71,1,441,"WD","SE"
544,3,441,"WD","SE"
50,4,441,"WD","SE"
36,6,441,"WD","SE"
47,10,441,"WD","SE"
551,1,441,"WD","SE"
48,4,441,"WD","SE"
5,9,441,"WD","SE"
7,24,441,"WD","SE"
19,8,441,"WD","SE"
44,35,441,"WD","SE"
33,12,441,"WD","SE"
74,1,441,"WD","SE"
49,1,441,"WD","SE"
23,7,441,"WD","SE"
17,5,441,"WD","SE"
33,12,441,"WD","SE"
205,2,442,"WD","SE"
82,3,442,"WD","SE"
20,6,442,"WD","SE"
546,1,442,"WD","SE"
338,3,442,"WD","SE"
45,7,442,"WD","SE"
57,9,442,"WD","SE"
47,10,442,"WD","SE"
91,8,442,"WD","SE"
80,10,442,"WD","SE"
13,4,442,"WD","SE"
9,1,442,"WD","SE"
1,3,442,"WD","SE"
38,5,442,"WD","SE"
547,1,442,"WD","SE"
93,3,442,"WD","SE"
14,16,442,"WD","SE"
48,4,442,"WD","SE"
57,9,442,"WD","SE"
28,22,442,"WD","SE"
53,1,442,"WD","SE"
50,4,442,"WD","SE"
58,2,442,"WD","SE"
77,18,442,"WD","SE"
41,1,442,"WD","SE"
12,9,443,"WD","SE"
20,6,443,"WD","SE"
551,1,443,"WD","SE"
548,1,443,"WD","SE"
67,9,443,"WD","SE"
44,35,443,"WD","SE"
57,9,443,"WD","SE"
77,18,443,"WD","SE"
33,12,443,"WD","SE"
28,22,443,"WD","SE"
13,4,443,"WD","SE"
7,24,443,"WD","SE"
5,9,443,"WD","SE"
6,4,443,"WD","SE"
11,30,443,"WD","SE"
545,2,443,"WD","SE"
80,10,443,"WD","SE"
17,5,443,"WD","SE"
547,1,443,"WD","SE"
44,35,443,"WD","SE"
13,4,443,"WD","SE"
19,8,443,"WD","SE"
9,1,443,"WD","SE"
28,22,443,"WD","SE"
93,3,443,"WD","SE"
67,9,444,"WD","SE"
33,12,444,"WD","SE"
84,1,444,"WD","SE"
48,4,444,"WD","SE"
17,5,444,"WD","SE"
71,1,444,"WD","SE"
38,5,444,"WD","SE"
64,23,444,"WD","SE"
92,1,444,"WD","SE"
45,7,444,"WD","SE"
7,24,444,"WD","SE"
93,3,444,"WD","SE"
44,35,444,"WD","SE"
23,7,444,"WD","SE"
545,2,444,"WD","SE"
11,30,444,"WD","SE"
82,3,444,"WD","SE"
37,1,444,"WD","SE"
547,1,444,"WD","SE"
74,1,444,"WD","SE"
9,1,444,"WD","SE"
5,9,444,"WD","SE"
90,3,444,"WD","SE"
29,2,444,"WD","SE"
20,6,444,"WD","SE"
74,1,445,"WD","SE"
49,1,445,"WD","SE"
67,9,445,"WD","SE"
51,3,445,"WD","SE"
16,6,445,"WD","SE"
41,1,445,"WD","SE"
77,18,445,"WD","SE"
64,23,445,"WD","SE"
23,7,445,"WD","SE"
38,5,445,"WD","SE"
7,24,445,"WD","SE"
205,2,445,"WD","SE"
1,3,445,"WD","SE"
11,30,445,"WD","SE"
47,10,445,"WD","SE"
58,2,445,"WD","SE"
551,1,445,"WD","SE"
44,35,445,"WD","SE"
43,1,445,"WD","SE"
84,1,445,"WD","SE"
546,1,445,"WD","SE"
40,6,445,"WD","SE"
6,4,445,"WD","SE"
13,4,445,"WD","SE"
82,3,445,"WD","SE"
47,10,446,"WD","SE"
52,2,446,"WD","SE"
48,4,446,"WD","SE"
1,3,446,"WD","SE"
61,37,446,"WD","SE"
91,8,446,"WD","SE"
33,12,446,"WD","SE"
545,2,446,"WD","SE"
78,9,446,"WD","SE"
547,1,446,"WD","SE"
74,1,446,"WD","SE"
38,5,446,"WD","SE"
72,8,446,"WD","SE"
23,7,446,"WD","SE"
7,24,446,"WD","SE"
82,3,446,"WD","SE"
41,1,446,"WD","SE"
76,6,446,"WD","SE"
548,1,446,"WD","SE"
40,6,446,"WD","SE"
551,1,446,"WD","SE"
64,23,446,"WD","SE"
7,24,446,"WD","SE"
36,6,446,"WD","SE"
49,1,446,"WD","SE"
41,1,447,"WD","SE"
551,1,447,"WD","SE"
44,35,447,"WD","SE"
91,8,447,"WD","SE"
4,9,447,"WD","SE"
57,9,447,"WD","SE"
44,35,447,"WD","SE"
84,1,447,"WD","SE"
48,4,447,"WD","SE"
7,24,447,"WD","SE"
545,2,447,"WD","SE"
78,9,447,"WD","SE"
13,4,447,"WD","SE"
37,1,447,"WD","SE"
546,1,447,"WD","SE"
80,10,447,"WD","SE"
40,6,447,"WD","SE"
33,12,447,"WD","SE"
544,3,447,"WD","SE"
76,6,447,"WD","SE"
23,7,447,"WD","SE"
5,9,447,"WD","SE"
338,3,447,"WD","SE"
19,8,447,"WD","SE"
28,22,447,"WD","SE"
53,1,448,"WD","SE"
7,24,448,"WD","SE"
36,6,448,"WD","SE"
38,5,448,"WD","SE"
551,1,448,"WD","SE"
5,9,448,"WD","SE"
82,3,448,"WD","SE"
91,8,448,"WD","SE"
57,9,448,"WD","SE"
338,3,448,"WD","SE"
64,23,448,"WD","SE"
7,24,448,"WD","SE"
51,3,448,"WD","SE"
59,5,448,"WD","SE"
17,5,448,"WD","SE"
90,3,448,"WD","SE"
14,16,448,"WD","SE"
12,9,448,"WD","SE"
44,35,448,"WD","SE"
84,1,448,"WD","SE"
23,7,448,"WD","SE"
5,9,448,"WD","SE"
28,22,448,"WD","SE"
52,2,448,"WD","SE"
28,22,448,"WD","SE"
57,9,449,"WD","SE"
205,2,449,"WD","SE"
53,1,449,"WD","SE"
59,5,449,"WD","SE"
92,1,449,"WD","SE"
32,9,449,"WD","SE"
36,6,449,"WD","SE"
17,5,449,"WD","SE"
36,6,449,"WD","SE"
11,30,449,"WD","SE"
16,6,449,"WD","SE"
48,4,449,"WD","SE"
28,22,449,"WD","SE"
19,8,449,"WD","SE"
38,5,449,"WD","SE"
72,8,449,"WD","SE"
58,2,449,"WD","SE"
6,4,449,"WD","SE"
551,1,449,"WD","SE"
7,24,449,"WD","SE"
51,3,449,"WD","SE"
67,9,449,"WD","SE"
37,1,449,"WD","SE"
44,35,449,"WD","SE"
57,9,449,"WD","SE"
13,4,450,"WD","SE"
19,8,450,"WD","SE"
7,24,450,"WD","SE"
67,9,450,"WD","SE"
546,1,450,"WD","SE"
82,3,450,"WD","SE"
28,22,450,"WD","SE"
91,8,450,"WD","SE"
52,2,450,"WD","SE"
40,6,450,"WD","SE"
44,35,450,"WD","SE"
14,16,450,"WD","SE"
6,4,450,"WD","SE"
43,1,450,"WD","SE"
51,3,450,"WD","SE"
17,5,450,"WD","SE"
20,6,450,"WD","SE"
77,18,450,"WD","SE"
5,9,450,"WD","SE"
338,3,450,"WD","SE"
547,1,450,"WD","SE"
38,5,450,"WD","SE"
47,10,450,"WD","SE"
33,12,450,"WD","SE"
11,30,450,"WD","SE"
78,9,451,"WD","SE"
5,9,451,"WD","SE"
86,2,451,"WD","SE"
16,6,451,"WD","SE"
45,7,451,"WD","SE"
48,4,451,"WD","SE"
28,22,451,"WD","SE"
32,9,451,"WD","SE"
72,8,451,"WD","SE"
548,1,451,"WD","SE"
74,1,451,"WD","SE"
11,30,451,"WD","SE"
76,6,451,"WD","SE"
205,2,451,"WD","SE"
71,1,451,"WD","SE"
338,3,451,"WD","SE"
82,3,451,"WD","SE"
544,3,451,"WD","SE"
59,5,451,"WD","SE"
33,12,451,"WD","SE"
49,1,451,"WD","SE"
9,1,451,"WD","SE"
6,4,451,"WD","SE"
41,1,451,"WD","SE"
77,18,451,"WD","SE"
52,2,452,"WD","SE"
37,1,452,"WD","SE"
57,9,452,"WD","SE"
45,7,452,"WD","SE"
44,35,452,"WD","SE"
84,1,452,"WD","SE"
5,9,452,"WD","SE"
92,1,452,"WD","SE"
64,23,452,"WD","SE"
78,9,452,"WD","SE"
338,3,452,"WD","SE"
72,8,452,"WD","SE"
551,1,452,"WD","SE"
76,6,452,"WD","SE"
205,2,452,"WD","SE"
12,9,452,"WD","SE"
14,16,452,"WD","SE"
67,9,452,"WD","SE"
82,3,452,"WD","SE"
16,6,452,"WD","SE"
33,12,452,"WD","SE"
53,1,452,"WD","SE"
51,3,452,"WD","SE"
82,3,452,"WD","SE"
28,22,452,"WD","SE"
74,1,453,"WD","SE"
51,3,453,"WD","SE"
67,9,453,"WD","SE"
93,3,453,"WD","SE"
72,8,453,"WD","SE"
92,1,453,"WD","SE"
78,9,453,"WD","SE"
5,9,453,"WD","SE"
71,1,453,"WD","SE"
19,8,453,"WD","SE"
13,4,453,"WD","SE"
14,16,453,"WD","SE"
64,23,453,"WD","SE"
11,30,453,"WD","SE"
44,35,453,"WD","SE"
547,1,453,"WD","SE"
17,5,453,"WD","SE"
28,22,453,"WD","SE"
545,2,453,"WD","SE"
26,41,453,"WD","SE"
23,7,453,"WD","SE"
338,3,453,"WD","SE"
551,1,453,"WD","SE"
80,10,453,"WD","SE"
50,4,453,"WD","SE"
84,1,454,"WD","SE"
546,1,454,"WD","SE"
16,6,454,"WD","SE"
82,3,454,"WD","SE"
47,10,454,"WD","SE"
91,8,454,"WD","SE"
9,1,454,"WD","SE"
72,8,454,"WD","SE"
64,23,454,"WD","SE"
551,1,454,"WD","SE"
28,22,454,"WD","SE"
67,9,454,"WD","SE"
29,2,454,"WD","SE"
13,4,454,"WD","SE"
80,10,454,"WD","SE"
13,4,454,"WD","SE"
37,1,454,"WD","SE"
59,5,454,"WD","SE"
548,1,454,"WD","SE"
33,12,454,"WD","SE"
44,35,454,"WD","SE"
48,4,454,"WD","SE"
205,2,454,"WD","SE"
71,1,454,"WD","SE"
61,37,454,"WD","SE"
38,5,455,"WD","SE"
78,9,455,"WD","SE"
57,9,455,"WD","SE"
91,8,455,"WD","SE"
33,12,455,"WD","SE"
49,1,455,"WD","SE"
36,6,455,"WD","SE"
16,6,455,"WD","SE"
13,4,455,"WD","SE"
36,6,455,"WD","SE"
51,3,455,"WD","SE"
7,24,455,"WD","SE"
57,9,455,"WD","SE"
84,1,455,"WD","SE"
11,30,455,"WD","SE"
80,10,455,"WD","SE"
32,9,455,"WD","SE"
74,1,455,"WD","SE"
6,4,455,"WD","SE"
20,6,455,"WD","SE"
5,9,455,"WD","SE"
37,1,455,"WD","SE"
7,24,455,"WD","SE"
53,1,455,"WD","SE"
43,1,455,"WD","SE"
33,12,456,"WD","SE"
33,12,456,"WD","SE"
23,7,456,"WD","SE"
13,4,456,"WD","SE"
14,16,456,"WD","SE"
37,1,456,"WD","SE"
13,4,456,"WD","SE"
57,9,456,"WD","SE"
32,9,456,"WD","SE"
67,9,456,"WD","SE"
51,3,456,"WD","SE"
53,1,456,"WD","SE"
547,1,456,"WD","SE"
12,9,456,"WD","SE"
50,4,456,"WD","SE"
64,23,456,"WD","SE"
9,1,456,"WD","SE"
78,9,456,"WD","SE"
41,1,456,"WD","SE"
11,30,456,"WD","SE"
59,5,456,"WD","SE"
36,6,456,"WD","SE"
4,9,456,"WD","SE"
47,10,456,"WD","SE"
5,9,456,"WD","SE"
551,1,457,"WD","SE"
51,3,457,"WD","SE"
93,3,457,"WD","SE"
80,10,457,"WD","SE"
57,9,457,"WD","SE"
13,4,457,"WD","SE"
78,9,457,"WD","SE"
36,6,457,"WD","SE"
49,1,457,"WD","SE"
48,4,457,"WD","SE"
338,3,457,"WD","SE"
26,41,457,"WD","SE"
5,9,457,"WD","SE"
29,2,457,"WD","SE"
91,8,457,"WD","SE"
4,9,457,"WD","SE"
545,2,457,"WD","SE"
32,9,457,"WD","SE"
59,5,457,"WD","SE"
45,7,457,"WD","SE"
86,2,457,"WD","SE"
9,1,457,"WD","SE"
44,35,457,"WD","SE"
11,30,457,"WD","SE"
12,9,457,"WD","SE"
41,1,458,"WD","SE"
1,3,458,"WD","SE"
44,35,458,"WD","SE"
51,3,458,"WD","SE"
82,3,458,"WD","SE"
74,1,458,"WD","SE"
71,1,458,"WD","SE"
9,1,458,"WD","SE"
28,22,458,"WD","SE"
546,1,458,"WD","SE"
20,6,458,"WD","SE"
5,9,458,"WD","SE"
32,9,458,"WD","SE"
76,6,458,"WD","SE"
33,12,458,"WD","SE"
50,4,458,"WD","SE"
80,10,458,"WD","SE"
545,2,458,"WD","SE"
57,9,458,"WD","SE"
77,18,458,"WD","SE"
92,1,458,"WD","SE"
37,1,458,"WD","SE"
61,37,458,"WD","SE"
12,9,458,"WD","SE"
84,1,458,"WD","SE"
338,3,459,"WD","SE"
84,1,459,"WD","SE"
92,1,459,"WD","SE"
9,1,459,"WD","SE"
90,3,459,"WD","SE"
36,6,459,"WD","SE"
6,4,459,"WD","SE"
7,24,459,"WD","SE"
86,2,459,"WD","SE"
19,8,459,"WD","SE"
38,5,459,"WD","SE"
53,1,459,"WD","SE"
12,9,459,"WD","SE"
13,4,459,"WD","SE"
49,1,459,"WD","SE"
80,10,459,"WD","SE"
4,9,459,"WD","SE"
11,30,459,"WD","SE"
544,3,459,"WD","SE"
57,9,459,"WD","SE"
545,2,459,"WD","SE"
41,1,459,"WD","SE"
51,3,459,"WD","SE"
40,6,459,"WD","SE"
33,12,459,"WD","SE"
64,23,460,"WD","SE"
33,12,460,"WD","SE"
82,3,460,"WD","SE"
86,2,460,"WD","SE"
12,9,460,"WD","SE"
26,41,460,"WD","SE"
92,1,460,"WD","SE"
57,9,460,"WD","SE"
11,30,460,"WD","SE"
77,18,460,"WD","SE"
13,4,460,"WD","SE"
36,6,460,"WD","SE"
1,3,460,"WD","SE"
20,6,460,"WD","SE"
13,4,460,"WD","SE"
32,9,460,"WD","SE"
19,8,460,"WD","SE"
61,37,460,"WD","SE"
74,1,460,"WD","SE"
45,7,460,"WD","SE"
64,23,460,"WD","SE"
5,9,460,"WD","SE"
37,1,460,"WD","SE"
5,9,460,"WD","SE"
551,1,460,"WD","SE"
23,7,461,"WD","SE"
47,10,461,"WD","SE"
86,2,461,"WD","SE"
13,4,461,"WD","SE"
7,24,461,"WD","SE"
48,4,461,"WD","SE"
33,12,461,"WD","SE"
51,3,461,"WD","SE"
11,30,461,"WD","SE"
45,7,461,"WD","SE"
57,9,461,"WD","SE"
53,1,461,"WD","SE"
6,4,461,"WD","SE"
5,9,461,"WD","SE"
64,23,461,"WD","SE"
58,2,461,"WD","SE"
13,4,461,"WD","SE"
90,3,461,"WD","SE"
52,2,461,"WD","SE"
17,5,461,"WD","SE"
77,18,461,"WD","SE"
49,1,461,"WD","SE"
544,3,461,"WD","SE"
548,1,461,"WD","SE"
64,23,461,"WD","SE"
64,23,462,"WD","SE"
7,24,462,"WD","SE"
61,37,462,"WD","SE"
84,1,462,"WD","SE"
16,6,462,"WD","SE"
338,3,462,"WD","SE"
5,9,462,"WD","SE"
28,22,462,"WD","SE"
36,6,462,"WD","SE"
29,2,462,"WD","SE"
33,12,462,"WD","SE"
38,5,462,"WD","SE"
82,3,462,"WD","SE"
28,22,462,"WD","SE"
58,2,462,"WD","SE"
93,3,462,"WD","SE"
64,23,462,"WD","SE"
547,1,462,"WD","SE"
17,5,462,"WD","SE"
45,7,462,"WD","SE"
51,3,462,"WD","SE"
23,7,462,"WD","SE"
205,2,462,"WD","SE"
72,8,462,"WD","SE"
92,1,462,"WD","SE"
29,2,463,"WD","SE"
84,1,463,"WD","SE"
76,6,463,"WD","SE"
14,16,463,"WD","SE"
47,10,463,"WD","SE"
44,35,463,"WD","SE"
82,3,463,"WD","SE"
80,10,463,"WD","SE"
44,35,463,"WD","SE"
71,1,463,"WD","SE"
72,8,463,"WD","SE"
78,9,463,"WD","SE"
33,12,463,"WD","SE"
43,1,463,"WD","SE"
33,12,463,"WD","SE"
45,7,463,"WD","SE"
6,4,463,"WD","SE"
52,2,463,"WD","SE"
86,2,463,"WD","SE"
548,1,463,"WD","SE"
5,9,463,"WD","SE"
28,22,463,"WD","SE"
61,37,463,"WD","SE"
92,1,463,"WD","SE"
5,9,463,"WD","SE"
29,2,464,"WD","SE"
92,1,464,"WD","SE"
57,9,464,"WD","SE"
544,3,464,"WD","SE"
38,5,464,"WD","SE"
61,37,464,"WD","SE"
91,8,464,"WD","SE"
16,6,464,"WD","SE"
51,3,464,"WD","SE"
13,4,464,"WD","SE"
82,3,464,"WD","SE"
41,1,464,"WD","SE"
82,3,464,"WD","SE"
11,30,464,"WD","SE"
50,4,464,"WD","SE"
51,3,464,"WD","SE"
6,4,464,"WD","SE"
547,1,464,"WD","SE"
58,2,464,"WD","SE"
14,16,464,"WD","SE"
72,8,464,"WD","SE"
44,35,464,"WD","SE"
33,12,464,"WD","SE"
64,23,464,"WD","SE"
13,4,464,"WD","SE"
53,1,465,"WD","SE"
5,9,465,"WD","SE"
92,1,465,"WD","SE"
19,8,465,"WD","SE"
44,35,465,"WD","SE"
64,23,465,"WD","SE"
76,6,465,"WD","SE"
80,10,465,"WD","SE"
205,2,465,"WD","SE"
28,22,465,"WD","SE"
12,9,465,"WD","SE"
93,3,465,"WD","SE"
9,1,465,"WD","SE"
544,3,465,"WD","SE"
36,6,465,"WD","SE"
40,6,465,"WD","SE"
49,1,465,"WD","SE"
13,4,465,"WD","SE"
47,10,465,"WD","SE"
551,1,465,"WD","SE"
84,1,465,"WD","SE"
37,1,465,"WD","SE"
52,2,465,"WD","SE"
26,41,465,"WD","SE"
43,1,465,"WD","SE"
28,22,466,"WD","SE"
36,6,466,"WD","SE"
61,37,466,"WD","SE"
548,1,466,"WD","SE"
40,6,466,"WD","SE"
80,10,466,"WD","SE"
37,1,466,"WD","SE"
544,3,466,"WD","SE"
76,6,466,"WD","SE"
551,1,466,"WD","SE"
4,9,466,"WD","SE"
64,23,466,"WD","SE"
45,7,466,"WD","SE"
546,1,466,"WD","SE"
32,9,466,"WD","SE"
205,2,466,"WD","SE"
36,6,466,"WD","SE"
50,4,466,"WD","SE"
57,9,466,"WD","SE"
16,6,466,"WD","SE"
78,9,466,"WD","SE"
1,3,466,"WD","SE"
20,6,466,"WD","SE"
7,24,466,"WD","SE"
51,3,466,"WD","SE"
82,3,467,"WD","SE"
51,3,467,"WD","SE"
33,12,467,"WD","SE"
92,1,467,"WD","SE"
40,6,467,"WD","SE"
57,9,467,"WD","SE"
28,22,467,"WD","SE"
545,2,467,"WD","SE"
61,37,467,"WD","SE"
205,2,467,"WD","SE"
16,6,467,"WD","SE"
50,4,467,"WD","SE"
52,2,467,"WD","SE"
13,4,467,"WD","SE"
7,24,467,"WD","SE"
548,1,467,"WD","SE"
76,6,467,"WD","SE"
91,8,467,"WD","SE"
71,1,467,"WD","SE"
64,23,467,"WD","SE"
12,9,467,"WD","SE"
77,18,467,"WD","SE"
74,1,467,"WD","SE"
57,9,467,"WD","SE"
58,2,467,"WD","SE"
7,24,468,"WD","SE"
33,12,468,"WD","SE"
546,1,468,"WD","SE"
1,3,468,"WD","SE"
28,22,468,"WD","SE"
13,4,468,"WD","SE"
47,10,468,"WD","SE"
29,2,468,"WD","SE"
548,1,468,"WD","SE"
57,9,468,"WD","SE"
91,8,468,"WD","SE"
38,5,468,"WD","SE"
13,4,468,"WD","SE"
14,16,468,"WD","SE"
5,9,468,"WD","SE"
36,6,468,"WD","SE"
16,6,468,"WD","SE"
33,12,468,"WD","SE"
92,1,468,"WD","SE"
19,8,468,"WD","SE"
67,9,468,"WD","SE"
76,6,468,"WD","SE"
64,23,468,"WD","SE"
61,37,468,"WD","SE"
50,4,468,"WD","SE"
90,3,469,"WD","SE"
71,1,469,"WD","SE"
44,35,469,"WD","SE"
5,9,469,"WD","SE"
78,9,469,"WD","SE"
57,9,469,"WD","SE"
26,41,469,"WD","SE"
28,22,469,"WD","SE"
548,1,469,"WD","SE"
1,3,469,"WD","SE"
41,1,469,"WD","SE"
50,4,469,"WD","SE"
82,3,469,"WD","SE"
29,2,469,"WD","SE"
91,8,469,"WD","SE"
64,23,469,"WD","SE"
12,9,469,"WD","SE"
36,6,469,"WD","SE"
51,3,469,"WD","SE"
52,2,469,"WD","SE"
17,5,469,"WD","SE"
338,3,469,"WD","SE"
23,7,469,"WD","SE"
19,8,469,"WD","SE"
6,4,469,"WD","SE"
90,3,470,"WD","SE"
86,2,470,"WD","SE"
82,3,470,"WD","SE"
36,6,470,"WD","SE"
7,24,470,"WD","SE"
19,8,470,"WD","SE"
76,6,470,"WD","SE"
52,2,470,"WD","SE"
72,8,470,"WD","SE"
33,12,470,"WD","SE"
26,41,470,"WD","SE"
37,1,470,"WD","SE"
13,4,470,"WD","SE"
93,3,470,"WD","SE"
338,3,470,"WD","SE"
545,2,470,"WD","SE"
58,2,470,"WD","SE"
12,9,470,"WD","SE"
80,10,470,"WD","SE"
4,9,470,"WD","SE"
7,24,470,"WD","SE"
32,9,470,"WD","SE"
50,4,470,"WD","SE"
51,3,470,"WD","SE"
40,6,470,"WD","SE"
11,30,471,"WD","SE"
547,1,471,"WD","SE"
50,4,471,"WD","SE"
78,9,471,"WD","SE"
80,10,471,"WD","SE"
64,23,471,"WD","SE"
43,1,471,"WD","SE"
13,4,471,"WD","SE"
14,16,471,"WD","SE"
36,6,471,"WD","SE"
16,6,471,"WD","SE"
51,3,471,"WD","SE"
40,6,471,"WD","SE"
45,7,471,"WD","SE"
57,9,471,"WD","SE"
82,3,471,"WD","SE"
77,18,471,"WD","SE"
13,4,471,"WD","SE"
546,1,471,"WD","SE"
92,1,471,"WD","SE"
44,35,471,"WD","SE"
28,22,471,"WD","SE"
5,9,471,"WD","SE"
86,2,471,"WD","SE"
37,1,471,"WD","SE"
93,3,472,"WD","SE"
13,4,472,"WD","SE"
546,1,472,"WD","SE"
7,24,472,"WD","SE"
11,30,472,"WD","SE"
71,1,472,"WD","SE"
14,16,472,"WD","SE"
77,18,472,"WD","SE"
57,9,472,"WD","SE"
28,22,472,"WD","SE"
36,6,472,"WD","SE"
12,9,472,"WD","SE"
92,1,472,"WD","SE"
5,9,472,"WD","SE"
23,7,472,"WD","SE"
44,35,472,"WD","SE"
58,2,472,"WD","SE"
45,7,472,"WD","SE"
544,3,472,"WD","SE"
338,3,472,"WD","SE"
91,8,472,"WD","SE"
545,2,472,"WD","SE"
7,24,472,"WD","SE"
19,8,472,"WD","SE"
6,4,472,"WD","SE"
546,1,473,"WD","SE"
19,8,473,"WD","SE"
64,23,473,"WD","SE"
40,6,473,"WD","SE"
51,3,473,"WD","SE"
17,5,473,"WD","SE"
78,9,473,"WD","SE"
551,1,473,"WD","SE"
92,1,473,"WD","SE"
13,4,473,"WD","SE"
44,35,473,"WD","SE"
57,9,473,"WD","SE"
50,4,473,"WD","SE"
33,12,473,"WD","SE"
33,12,473,"WD","SE"
544,3,473,"WD","SE"
14,16,473,"WD","SE"
23,7,473,"WD","SE"
36,6,473,"WD","SE"
36,6,473,"WD","SE"
4,9,473,"WD","SE"
5,9,473,"WD","SE"
7,24,473,"WD","SE"
38,5,473,"WD","SE"
93,3,473,"WD","SE"
82,3,474,"WD","SE"
17,5,474,"WD","SE"
77,18,474,"WD","SE"
74,1,474,"WD","SE"
1,3,474,"WD","SE"
12,9,474,"WD","SE"
59,5,474,"WD","SE"
47,10,474,"WD","SE"
5,9,474,"WD","SE"
33,12,474,"WD","SE"
23,7,474,"WD","SE"
67,9,474,"WD","SE"
6,4,474,"WD","SE"
28,22,474,"WD","SE"
76,6,474,"WD","SE"
80,10,474,"WD","SE"
40,6,474,"WD","SE"
33,12,474,"WD","SE"
5,9,474,"WD","SE"
90,3,474,"WD","SE"
45,7,474,"WD","SE"
58,2,474,"WD","SE"
11,30,474,"WD","SE"
14,16,474,"WD","SE"
26,41,474,"WD","SE"
61,37,475,"WD","SE"
36,6,475,"WD","SE"
76,6,475,"WD","SE"
551,1,475,"WD","SE"
93,3,475,"WD","SE"
545,2,475,"WD","SE"
548,1,475,"WD","SE"
84,1,475,"WD","SE"
32,9,475,"WD","SE"
12,9,475,"WD","SE"
51,3,475,"WD","SE"
7,24,475,"WD","SE"
338,3,475,"WD","SE"
92,1,475,"WD","SE"
29,2,475,"WD","SE"
77,18,475,"WD","SE"
47,10,475,"WD","SE"
14,16,475,"WD","SE"
45,7,475,"WD","SE"
41,1,475,"WD","SE"
547,1,475,"WD","SE"
28,22,475,"WD","SE"
26,41,475,"WD","SE"
1,3,475,"WD","SE"
64,23,475,"WD","SE"
49,1,476,"WD","SE"
28,22,476,"WD","SE"
64,23,476,"WD","SE"
338,3,476,"WD","SE"
78,9,476,"WD","SE"
36,6,476,"WD","SE"
52,2,476,"WD","SE"
44,35,476,"WD","SE"
16,6,476,"WD","SE"
86,2,476,"WD","SE"
82,3,476,"WD","SE"
50,4,476,"WD","SE"
92,1,476,"WD","SE"
551,1,476,"WD","SE"
67,9,476,"WD","SE"
64,23,476,"WD","SE"
47,10,476,"WD","SE"
23,7,476,"WD","SE"
71,1,476,"WD","SE"
6,4,476,"WD","SE"
545,2,476,"WD","SE"
76,6,476,"WD","SE"
13,4,476,"WD","SE"
5,9,476,"WD","SE"
9,1,476,"WD","SE"
82,3,477,"WD","SE"
64,23,477,"WD","SE"
12,9,477,"WD","SE"
53,1,477,"WD","SE"
84,1,477,"WD","SE"
5,9,477,"WD","SE"
7,24,477,"WD","SE"
72,8,477,"WD","SE"
17,5,477,"WD","SE"
38,5,477,"WD","SE"
52,2,477,"WD","SE"
51,3,477,"WD","SE"
44,35,477,"WD","SE"
545,2,477,"WD","SE"
13,4,477,"WD","SE"
338,3,477,"WD","SE"
67,9,477,"WD","SE"
64,23,477,"WD","SE"
86,2,477,"WD","SE"
40,6,477,"WD","SE"
43,1,477,"WD","SE"
47,10,477,"WD","SE"
49,1,477,"WD","SE"
61,37,477,"WD","SE"
9,1,477,"WD","SE"
90,3,478,"WD","SE"
93,3,478,"WD","SE"
29,2,478,"WD","SE"
74,1,478,"WD","SE"
20,6,478,"WD","SE"
26,41,478,"WD","SE"
23,7,478,"WD","SE"
13,4,478,"WD","SE"
53,1,478,"WD","SE"
28,22,478,"WD","SE"
80,10,478,"WD","SE"
546,1,478,"WD","SE"
43,1,478,"WD","SE"
51,3,478,"WD","SE"
1,3,478,"WD","SE"
14,16,478,"WD","SE"
338,3,478,"WD","SE"
47,10,478,"WD","SE"
5,9,478,"WD","SE"
28,22,478,"WD","SE"
78,9,478,"WD","SE"
50,4,478,"WD","SE"
544,3,478,"WD","SE"
548,1,478,"WD","SE"
91,8,478,"WD","SE"
45,7,479,"WD","SE"
37,1,479,"WD","SE"
205,2,479,"WD","SE"
61,37,479,"WD","SE"
77,18,479,"WD","SE"
48,4,479,"WD","SE"
546,1,479,"WD","SE"
5,9,479,"WD","SE"
80,10,479,"WD","SE"
6,4,479,"WD","SE"
41,1,479,"WD","SE"
19,8,479,"WD","SE"
44,35,479,"WD","SE"
14,16,479,"WD","SE"
51,3,479,"WD","SE"
80,10,479,"WD","SE"
551,1,479,"WD","SE"
545,2,479,"WD","SE"
91,8,479,"WD","SE"
43,1,479,"WD","SE"
7,24,479,"WD","SE"
71,1,479,"WD","SE"
53,1,479,"WD","SE"
28,22,479,"WD","SE"
47,10,479,"WD","SE"
17,5,480,"WD","SE"
86,2,480,"WD","SE"
82,3,480,"WD","SE"
9,1,480,"WD","SE"
90,3,480,"WD","SE"
28,22,480,"WD","SE"
40,6,480,"WD","SE"
61,37,480,"WD","SE"
78,9,480,"WD","SE"
4,9,480,"WD","SE"
47,10,480,"WD","SE"
551,1,480,"WD","SE"
12,9,480,"WD","SE"
84,1,480,"WD","SE"
38,5,480,"WD","SE"
6,4,480,"WD","SE"
76,6,480,"WD","SE"
33,12,480,"WD","SE"
52,2,480,"WD","SE"
77,18,480,"WD","SE"
338,3,480,"WD","SE"
5,9,480,"WD","SE"
545,2,480,"WD","SE"
11,30,480,"WD","SE"
13,4,480,"WD","SE"
14,16,481,"WD","SE"
338,3,481,"WD","SE"
61,37,481,"WD","SE"
36,6,481,"WD","SE"
7,24,481,"WD","SE"
7,24,481,"WD","SE"
44,35,481,"WD","SE"
33,12,481,"WD","SE"
5,9,481,"WD","SE"
78,9,481,"WD","SE"
71,1,481,"WD","SE"
1,3,481,"WD","SE"
548,1,481,"WD","SE"
32,9,481,"WD","SE"
12,9,481,"WD","SE"
19,8,481,"WD","SE"
17,5,481,"WD","SE"
41,1,481,"WD","SE"
28,22,481,"WD","SE"
82,3,481,"WD","SE"
47,10,481,"WD","SE"
84,1,481,"WD","SE"
11,30,481,"WD","SE"
51,3,481,"WD","SE"
50,4,481,"WD","SE"
51,3,482,"WD","SE"
19,8,482,"WD","SE"
338,3,482,"WD","SE"
38,5,482,"WD","SE"
36,6,482,"WD","SE"
57,9,482,"WD","SE"
1,3,482,"WD","SE"
74,1,482,"WD","SE"
28,22,482,"WD","SE"
78,9,482,"WD","SE"
32,9,482,"WD","SE"
548,1,482,"WD","SE"
80,10,482,"WD","SE"
40,6,482,"WD","SE"
92,1,482,"WD","SE"
7,24,482,"WD","SE"
53,1,482,"WD","SE"
58,2,482,"WD","SE"
82,3,482,"WD","SE"
14,16,482,"WD","SE"
13,4,482,"WD","SE"
64,23,482,"WD","SE"
5,9,482,"WD","SE"
6,4,482,"WD","SE"
90,3,482,"WD","SE"
51,3,483,"WD","SE"
14,16,483,"WD","SE"
44,35,483,"WD","SE"
23,7,483,"WD","SE"
45,7,483,"WD","SE"
551,1,483,"WD","SE"
53,1,483,"WD","SE"
1,3,483,"WD","SE"
52,2,483,"WD","SE"
77,18,483,"WD","SE"
90,3,483,"WD","SE"
82,3,483,"WD","SE"
20,6,483,"WD","SE"
41,1,483,"WD","SE"
67,9,483,"WD","SE"
544,3,483,"WD","SE"
72,8,483,"WD","SE"
37,1,483,"WD","SE"
13,4,483,"WD","SE"
9,1,483,"WD","SE"
16,6,483,"WD","SE"
28,22,483,"WD","SE"
40,6,483,"WD","SE"
38,5,483,"WD","SE"
57,9,483,"WD","SE"
51,3,484,"WD","SE"
59,5,484,"WD","SE"
29,2,484,"WD","SE"
47,10,484,"WD","SE"
38,5,484,"WD","SE"
14,16,484,"WD","SE"
41,1,484,"WD","SE"
57,9,484,"WD","SE"
43,1,484,"WD","SE"
91,8,484,"WD","SE"
13,4,484,"WD","SE"
7,24,484,"WD","SE"
16,6,484,"WD","SE"
13,4,484,"WD","SE"
545,2,484,"WD","SE"
93,3,484,"WD","SE"
48,4,484,"WD","SE"
11,30,484,"WD","SE"
5,9,484,"WD","SE"
32,9,484,"WD","SE"
37,1,484,"WD","SE"
28,22,484,"WD","SE"
76,6,484,"WD","SE"
4,9,484,"WD","SE"
44,35,484,"WD","SE"
41,1,485,"WD","SE"
58,2,485,"WD","SE"
29,2,485,"WD","SE"
28,22,485,"WD","SE"
71,1,485,"WD","SE"
51,3,485,"WD","SE"
7,24,485,"WD","SE"
44,35,485,"WD","SE"
36,6,485,"WD","SE"
545,2,485,"WD","SE"
40,6,485,"WD","SE"
64,23,485,"WD","SE"
7,24,485,"WD","SE"
338,3,485,"WD","SE"
548,1,485,"WD","SE"
59,5,485,"WD","SE"
14,16,485,"WD","SE"
61,37,485,"WD","SE"
80,10,485,"WD","SE"
43,1,485,"WD","SE"
52,2,485,"WD","SE"
4,9,485,"WD","SE"
80,10,485,"WD","SE"
67,9,485,"WD","SE"
82,3,485,"WD","SE"
80,10,486,"WD","SE"
546,1,486,"WD","SE"
338,3,486,"WD","SE"
78,9,486,"WD","SE"
23,7,486,"WD","SE"
5,9,486,"WD","SE"
41,1,486,"WD","SE"
19,8,486,"WD","SE"
40,6,486,"WD","SE"
36,6,486,"WD","SE"
12,9,486,"WD","SE"
33,12,486,"WD","SE"
9,1,486,"WD","SE"
26,41,486,"WD","SE"
51,3,486,"WD","SE"
551,1,486,"WD","SE"
47,10,486,"WD","SE"
76,6,486,"WD","SE"
37,1,486,"WD","SE"
17,5,486,"WD","SE"
44,35,486,"WD","SE"
16,6,486,"WD","SE"
74,1,486,"WD","SE"
77,18,486,"WD","SE"
53,1,486,"WD","SE"
67,9,487,"WD","SE"
548,1,487,"WD","SE"
29,2,487,"WD","SE"
49,1,487,"WD","SE"
59,5,487,"WD","SE"
72,8,487,"WD","SE"
44,35,487,"WD","SE"
44,35,487,"WD","SE"
13,4,487,"WD","SE"
38,5,487,"WD","SE"
205,2,487,"WD","SE"
12,9,487,"WD","SE"
14,16,487,"WD","SE"
28,22,487,"WD","SE"
47,10,487,"WD","SE"
80,10,487,"WD","SE"
551,1,487,"WD","SE"
84,1,487,"WD","SE"
82,3,487,"WD","SE"
48,4,487,"WD","SE"
13,4,487,"WD","SE"
82,3,487,"WD","SE"
36,6,487,"WD","SE"
57,9,487,"WD","SE"
76,6,487,"WD","SE"
4,9,488,"WD","SE"
80,10,488,"WD","SE"
77,18,488,"WD","SE"
6,4,488,"WD","SE"
43,1,488,"WD","SE"
33,12,488,"WD","SE"
19,8,488,"WD","SE"
67,9,488,"WD","SE"
12,9,488,"WD","SE"
82,3,488,"WD","SE"
57,9,488,"WD","SE"
82,3,488,"WD","SE"
5,9,488,"WD","SE"
29,2,488,"WD","SE"
71,1,488,"WD","SE"
13,4,488,"WD","SE"
40,6,488,"WD","SE"
5,9,488,"WD","SE"
23,7,488,"WD","SE"
53,1,488,"WD","SE"
17,5,488,"WD","SE"
52,2,488,"WD","SE"
64,23,488,"WD","SE"
57,9,488,"WD","SE"
7,24,488,"WD","SE"
546,1,489,"WD","SE"
59,5,489,"WD","SE"
1,3,489,"WD","SE"
52,2,489,"WD","SE"
80,10,489,"WD","SE"
28,22,489,"WD","SE"
4,9,489,"WD","SE"
36,6,489,"WD","SE"
36,6,489,"WD","SE"
47,10,489,"WD","SE"
23,7,489,"WD","SE"
86,2,489,"WD","SE"
43,1,489,"WD","SE"
37,1,489,"WD","SE"
13,4,489,"WD","SE"
7,24,489,"WD","SE"
57,9,489,"WD","SE"
16,6,489,"WD","SE"
41,1,489,"WD","SE"
32,9,489,"WD","SE"
71,1,489,"WD","SE"
78,9,489,"WD","SE"
49,1,489,"WD","SE"
14,16,489,"WD","SE"
72,8,489,"WD","SE"
14,16,490,"WD","SE"
13,4,490,"WD","SE"
71,1,490,"WD","SE"
5,9,490,"WD","SE"
44,35,490,"WD","SE"
49,1,490,"WD","SE"
59,5,490,"WD","SE"
64,23,490,"WD","SE"
51,3,490,"WD","SE"
45,7,490,"WD","SE"
84,1,490,"WD","SE"
6,4,490,"WD","SE"
17,5,490,"WD","SE"
545,2,490,"WD","SE"
80,10,490,"WD","SE"
29,2,490,"WD","SE"
91,8,490,"WD","SE"
28,22,490,"WD","SE"
28,22,490,"WD","SE"
40,6,490,"WD","SE"
41,1,490,"WD","SE"
82,3,490,"WD","SE"
36,6,490,"WD","SE"
44,35,490,"WD","SE"
7,24,490,"WD","SE"
84,1,491,"WD","SE"
29,2,491,"WD","SE"
44,35,491,"WD","SE"
36,6,491,"WD","SE"
28,22,491,"WD","SE"
74,1,491,"WD","SE"
205,2,491,"WD","SE"
26,41,491,"WD","SE"
37,1,491,"WD","SE"
6,4,491,"WD","SE"
61,37,491,"WD","SE"
76,6,491,"WD","SE"
5,9,491,"WD","SE"
16,6,491,"WD","SE"
59,5,491,"WD","SE"
36,6,491,"WD","SE"
1,3,491,"WD","SE"
13,4,491,"WD","SE"
7,24,491,"WD","SE"
546,1,491,"WD","SE"
47,10,491,"WD","SE"
551,1,491,"WD","SE"
33,12,491,"WD","SE"
544,3,491,"WD","SE"
43,1,491,"WD","SE"
67,9,492,"WD","SE"
80,10,492,"WD","SE"
51,3,492,"WD","SE"
546,1,492,"WD","SE"
7,24,492,"WD","SE"
76,6,492,"WD","SE"
13,4,492,"WD","SE"
44,35,492,"WD","SE"
205,2,492,"WD","SE"
82,3,492,"WD","SE"
93,3,492,"WD","SE"
72,8,492,"WD","SE"
33,12,492,"WD","SE"
58,2,492,"WD","SE"
49,1,492,"WD","SE"
28,22,492,"WD","SE"
7,24,492,"WD","SE"
82,3,492,"WD","SE"
1,3,492,"WD","SE"
5,9,492,"WD","SE"
16,6,492,"WD","SE"
41,1,492,"WD","SE"
74,1,492,"WD","SE"
545,2,492,"WD","SE"
59,5,492,"WD","SE"
44,35,493,"WD","SE"
61,37,493,"WD","SE"
51,3,493,"WD","SE"
9,1,493,"WD","SE"
50,4,493,"WD","SE"
92,1,493,"WD","SE"
20,6,493,"WD","SE"
76,6,493,"WD","SE"
41,1,493,"WD","SE"
47,10,493,"WD","SE"
13,4,493,"WD","SE"
74,1,493,"WD","SE"
205,2,493,"WD","SE"
43,1,493,"WD","SE"
53,1,493,"WD","SE"
29,2,493,"WD","SE"
58,2,493,"WD","SE"
37,1,493,"WD","SE"
77,18,493,"WD","SE"
93,3,493,"WD","SE"
7,24,493,"WD","SE"
72,8,493,"WD","SE"
49,1,493,"WD","SE"
544,3,493,"WD","SE"
86,2,493,"WD","SE"
72,8,494,"WD","SE"
16,6,494,"WD","SE"
92,1,494,"WD","SE"
13,4,494,"WD","SE"
9,1,494,"WD","SE"
29,2,494,"WD","SE"
7,24,494,"WD","SE"
71,1,494,"WD","SE"
5,9,494,"WD","SE"
20,6,494,"WD","SE"
548,1,494,"WD","SE"
551,1,494,"WD","SE"
82,3,494,"WD","SE"
33,12,494,"WD","SE"
547,1,494,"WD","SE"
38,5,494,"WD","SE"
74,1,494,"WD","SE"
52,2,494,"WD","SE"
36,6,494,"WD","SE"
11,30,494,"WD","SE"
6,4,494,"WD","SE"
7,24,494,"WD","SE"
44,35,494,"WD","SE"
544,3,494,"WD","SE"
40,6,494,"WD","SE"
51,3,495,"WD","SE"
47,10,495,"WD","SE"
44,35,495,"WD","SE"
72,8,495,"WD","SE"
13,4,495,"WD","SE"
13,4,495,"WD","SE"
90,3,495,"WD","SE"
77,18,495,"WD","SE"
546,1,495,"WD","SE"
20,6,495,"WD","SE"
6,4,495,"WD","SE"
32,9,495,"WD","SE"
57,9,495,"WD","SE"
78,9,495,"WD","SE"
5,9,495,"WD","SE"
26,41,495,"WD","SE"
19,8,495,"WD","SE"
80,10,495,"WD","SE"
41,1,495,"WD","SE"
64,23,495,"WD","SE"
57,9,495,"WD","SE"
74,1,495,"WD","SE"
23,7,495,"WD","SE"
80,10,495,"WD","SE"
44,35,495,"WD","SE"
91,8,496,"WD","SE"
49,1,496,"WD","SE"
32,9,496,"WD","SE"
80,10,496,"WD","SE"
78,9,496,"WD","SE"
52,2,496,"WD","SE"
547,1,496,"WD","SE"
57,9,496,"WD","SE"
551,1,496,"WD","SE"
205,2,496,"WD","SE"
20,6,496,"WD","SE"
26,41,496,"WD","SE"
12,9,496,"WD","SE"
84,1,496,"WD","SE"
5,9,496,"WD","SE"
77,18,496,"WD","SE"
4,9,496,"WD","SE"
14,16,496,"WD","SE"
37,1,496,"WD","SE"
93,3,496,"WD","SE"
7,24,496,"WD","SE"
29,2,496,"WD","SE"
36,6,496,"WD","SE"
5,9,496,"WD","SE"
80,10,496,"WD","SE"
338,3,497,"WD","SE"
5,9,497,"WD","SE"
32,9,497,"WD","SE"
44,35,497,"WD","SE"
12,9,497,"WD","SE"
545,2,497,"WD","SE"
13,4,497,"WD","SE"
57,9,497,"WD","SE"
548,1,497,"WD","SE"
16,6,497,"WD","SE"
80,10,497,"WD","SE"
92,1,497,"WD","SE"
13,4,497,"WD","SE"
49,1,497,"WD","SE"
551,1,497,"WD","SE"
74,1,497,"WD","SE"
50,4,497,"WD","SE"
77,18,497,"WD","SE"
7,24,497,"WD","SE"
7,24,497,"WD","SE"
36,6,497,"WD","SE"
544,3,497,"WD","SE"
90,3,497,"WD","SE"
5,9,497,"WD","SE"
58,2,497,"WD","SE"
72,8,498,"WD","SE"
90,3,498,"WD","SE"
7,24,498,"WD","SE"
551,1,498,"WD","SE"
52,2,498,"WD","SE"
9,1,498,"WD","SE"
4,9,498,"WD","SE"
44,35,498,"WD","SE"
86,2,498,"WD","SE"
338,3,498,"WD","SE"
33,12,498,"WD","SE"
57,9,498,"WD","SE"
48,4,498,"WD","SE"
67,9,498,"WD","SE"
51,3,498,"WD","SE"
71,1,498,"WD","SE"
28,22,498,"WD","SE"
61,37,498,"WD","SE"
80,10,498,"WD","SE"
43,1,498,"WD","SE"
64,23,498,"WD","SE"
80,10,498,"WD","SE"
5,9,498,"WD","SE"
14,16,498,"WD","SE"
16,6,498,"WD","SE"
47,10,499,"WD","SE"
1,3,499,"WD","SE"
13,4,499,"WD","SE"
61,37,499,"WD","SE"
59,5,499,"WD","SE"
11,30,499,"WD","SE"
91,8,499,"WD","SE"
64,23,499,"WD","SE"
548,1,499,"WD","SE"
57,9,499,"WD","SE"
45,7,499,"WD","SE"
93,3,499,"WD","SE"
7,24,499,"WD","SE"
547,1,499,"WD","SE"
6,4,499,"WD","SE"
12,9,499,"WD","SE"
76,6,499,"WD","SE"
338,3,499,"WD","SE"
90,3,499,"WD","SE"
50,4,499,"WD","SE"
28,22,499,"WD","SE"
32,9,499,"WD","SE"
71,1,499,"WD","SE"
51,3,499,"WD","SE"
551,1,499,"WD","SE"
36,6,500,"WD","SE"
77,18,500,"WD","SE"
7,24,500,"WD","SE"
338,3,500,"WD","SE"
6,4,500,"WD","SE"
33,12,500,"WD","SE"
12,9,500,"WD","SE"
20,6,500,"WD","SE"
61,37,500,"WD","SE"
82,3,500,"WD","SE"
91,8,500,"WD","SE"
37,1,500,"WD","SE"
23,7,500,"WD","SE"
51,3,500,"WD","SE"
29,2,500,"WD","SE"
74,1,500,"WD","SE"
64,23,500,"WD","SE"
44,35,500,"WD","SE"
71,1,500,"WD","SE"
4,9,500,"WD","SE"
84,1,500,"WD","SE"
64,23,500,"WD","SE"
11,30,500,"WD","SE"
36,6,500,"WD","SE"
28,22,500,"WD","SE"
32,6,1,"RG","SE"
32,6,1,"RG","SE"
27,2,1,"RG","SE"
7,21,1,"RG","SE"
13,1,1,"RG","SE"
42,1,1,"RG","SE"
14,30,1,"RG","SE"
49,1,1,"RG","SE"
80,6,1,"RG","SE"
5,4,1,"RG","SE"
11,27,1,"RG","SE"
91,5,1,"RG","SE"
535,3,1,"RG","SE"
64,9,1,"RG","SE"
80,6,1,"RG","SE"
12,11,1,"RG","SE"
418,1,1,"RG","SE"
54,39,1,"RG","SE"
544,1,1,"RG","SE"
312,1,1,"RG","SE"
26,59,1,"RG","SE"
72,9,1,"RG","SE"
78,21,1,"RG","SE"
89,1,1,"RG","SE"
65,4,1,"RG","SE"
67,9,1,"RG","SE"
25,1,1,"RG","SE"
33,12,1,"RG","SE"
20,7,1,"RG","SE"
83,2,1,"RG","SE"
28,50,1,"RG","SE"
4,5,2,"RG","SE"
544,1,2,"RG","SE"
61,50,2,"RG","SE"
91,5,2,"RG","SE"
42,1,2,"RG","SE"
87,1,2,"RG","SE"
17,5,2,"RG","SE"
26,59,2,"RG","SE"
7,21,2,"RG","SE"
51,2,2,"RG","SE"
10,1,2,"RG","SE"
25,1,2,"RG","SE"
67,9,2,"RG","SE"
72,9,2,"RG","SE"
64,9,2,"RG","SE"
21,7,2,"RG","SE"
16,3,2,"RG","SE"
13,1,2,"RG","SE"
38,3,2,"RG","SE"
32,6,2,"RG","SE"
80,6,2,"RG","SE"
78,21,2,"RG","SE"
86,2,2,"RG","SE"
57,9,2,"RG","SE"
12,11,2,"RG","SE"
57,9,2,"RG","SE"
80,6,2,"RG","SE"
20,7,2,"RG","SE"
547,1,2,"RG","SE"
44,30,2,"RG","SE"
548,1,2,"RG","SE"
64,9,3,"RG","SE"
80,6,3,"RG","SE"
57,9,3,"RG","SE"
67,9,3,"RG","SE"
77,17,3,"RG","SE"
22,4,3,"RG","SE"
539,1,3,"RG","SE"
481,2,3,"RG","SE"
44,30,3,"RG","SE"
19,5,3,"RG","SE"
17,5,3,"RG","SE"
80,6,3,"RG","SE"
11,27,3,"RG","SE"
72,9,3,"RG","SE"
418,1,3,"RG","SE"
392,1,3,"RG","SE"
27,2,3,"RG","SE"
33,12,3,"RG","SE"
44,30,3,"RG","SE"
86,2,3,"RG","SE"
544,1,3,"RG","SE"
83,2,3,"RG","SE"
28,50,3,"RG","SE"
54,39,3,"RG","SE"
38,3,3,"RG","SE"
91,5,3,"RG","SE"
33,12,3,"RG","SE"
61,50,3,"RG","SE"
12,11,3,"RG","SE"
12,11,3,"RG","SE"
548,1,3,"RG","SE"
11,27,4,"RG","SE"
51,2,4,"RG","SE"
26,59,4,"RG","SE"
61,50,4,"RG","SE"
13,1,4,"RG","SE"
80,6,4,"RG","SE"
535,3,4,"RG","SE"
86,2,4,"RG","SE"
14,30,4,"RG","SE"
87,1,4,"RG","SE"
85,15,4,"RG","SE"
27,2,4,"RG","SE"
49,1,4,"RG","SE"
5,4,4,"RG","SE"
68,5,4,"RG","SE"
19,5,4,"RG","SE"
14,30,4,"RG","SE"
83,2,4,"RG","SE"
17,5,4,"RG","SE"
548,1,4,"RG","SE"
33,12,4,"RG","SE"
72,9,4,"RG","SE"
36,3,4,"RG","SE"
545,1,4,"RG","SE"
7,21,4,"RG","SE"
51,2,4,"RG","SE"
544,1,4,"RG","SE"
16,3,4,"RG","SE"
312,1,4,"RG","SE"
77,17,4,"RG","SE"
3,5,4,"RG","SE"
80,6,5,"RG","SE"
72,9,5,"RG","SE"
5,4,5,"RG","SE"
16,3,5,"RG","SE"
7,21,5,"RG","SE"
26,59,5,"RG","SE"
14,30,5,"RG","SE"
86,2,5,"RG","SE"
481,2,5,"RG","SE"
77,17,5,"RG","SE"
44,30,5,"RG","SE"
91,5,5,"RG","SE"
36,3,5,"RG","SE"
7,21,5,"RG","SE"
12,11,5,"RG","SE"
13,1,5,"RG","SE"
32,6,5,"RG","SE"
65,4,5,"RG","SE"
25,1,5,"RG","SE"
545,1,5,"RG","SE"
85,15,5,"RG","SE"
78,21,5,"RG","SE"
539,1,5,"RG","SE"
535,3,5,"RG","SE"
45,1,5,"RG","SE"
38,3,5,"RG","SE"
68,5,5,"RG","SE"
83,2,5,"RG","SE"
89,1,5,"RG","SE"
77,17,5,"RG","SE"
4,5,5,"RG","SE"
312,1,6,"RG","SE"
10,1,6,"RG","SE"
44,30,6,"RG","SE"
51,2,6,"RG","SE"
14,30,6,"RG","SE"
57,9,6,"RG","SE"
20,7,6,"RG","SE"
49,1,6,"RG","SE"
28,50,6,"RG","SE"
5,4,6,"RG","SE"
61,50,6,"RG","SE"
64,9,6,"RG","SE"
44,30,6,"RG","SE"
7,21,6,"RG","SE"
57,9,6,"RG","SE"
392,1,6,"RG","SE"
22,4,6,"RG","SE"
15,2,6,"RG","SE"
539,1,6,"RG","SE"
68,5,6,"RG","SE"
61,50,6,"RG","SE"
7,21,6,"RG","SE"
83,2,6,"RG","SE"
65,4,6,"RG","SE"
28,50,6,"RG","SE"
11,27,6,"RG","SE"
33,12,6,"RG","SE"
38,3,6,"RG","SE"
545,1,6,"RG","SE"
80,6,6,"RG","SE"
544,1,6,"RG","SE"
49,1,7,"RG","SE"
80,6,7,"RG","SE"
36,3,7,"RG","SE"
14,30,7,"RG","SE"
28,50,7,"RG","SE"
78,21,7,"RG","SE"
61,50,7,"RG","SE"
312,1,7,"RG","SE"
7,21,7,"RG","SE"
78,21,7,"RG","SE"
44,30,7,"RG","SE"
76,4,7,"RG","SE"
77,17,7,"RG","SE"
91,5,7,"RG","SE"
67,9,7,"RG","SE"
16,3,7,"RG","SE"
64,9,7,"RG","SE"
5,4,7,"RG","SE"
20,7,7,"RG","SE"
548,1,7,"RG","SE"
86,2,7,"RG","SE"
65,4,7,"RG","SE"
83,2,7,"RG","SE"
54,39,7,"RG","SE"
27,2,7,"RG","SE"
28,50,7,"RG","SE"
51,2,7,"RG","SE"
13,1,7,"RG","SE"
539,1,7,"RG","SE"
20,7,7,"RG","SE"
544,1,7,"RG","SE"
38,3,8,"RG","SE"
80,6,8,"RG","SE"
83,2,8,"RG","SE"
19,5,8,"RG","SE"
28,50,8,"RG","SE"
418,1,8,"RG","SE"
86,2,8,"RG","SE"
14,30,8,"RG","SE"
392,1,8,"RG","SE"
547,1,8,"RG","SE"
32,6,8,"RG","SE"
42,1,8,"RG","SE"
539,1,8,"RG","SE"
535,3,8,"RG","SE"
12,11,8,"RG","SE"
87,1,8,"RG","SE"
44,30,8,"RG","SE"
548,1,8,"RG","SE"
4,5,8,"RG","SE"
72,9,8,"RG","SE"
14,30,8,"RG","SE"
5,4,8,"RG","SE"
25,1,8,"RG","SE"
544,1,8,"RG","SE"
77,17,8,"RG","SE"
20,7,8,"RG","SE"
44,30,8,"RG","SE"
67,9,8,"RG","SE"
3,5,8,"RG","SE"
26,59,8,"RG","SE"
49,1,8,"RG","SE"
91,5,9,"RG","SE"
44,30,9,"RG","SE"
49,1,9,"RG","SE"
12,11,9,"RG","SE"
64,9,9,"RG","SE"
85,15,9,"RG","SE"
544,1,9,"RG","SE"
80,6,9,"RG","SE"
17,5,9,"RG","SE"
545,1,9,"RG","SE"
33,12,9,"RG","SE"
83,2,9,"RG","SE"
67,9,9,"RG","SE"
26,59,9,"RG","SE"
25,1,9,"RG","SE"
86,2,9,"RG","SE"
535,3,9,"RG","SE"
16,3,9,"RG","SE"
19,5,9,"RG","SE"
80,6,9,"RG","SE"
38,3,9,"RG","SE"
11,27,9,"RG","SE"
20,7,9,"RG","SE"
15,2,9,"RG","SE"
91,5,9,"RG","SE"
61,50,9,"RG","SE"
57,9,9,"RG","SE"
61,50,9,"RG","SE"
67,9,9,"RG","SE"
418,1,9,"RG","SE"
44,30,9,"RG","SE"
87,1,10,"RG","SE"
10,1,10,"RG","SE"
32,6,10,"RG","SE"
535,3,10,"RG","SE"
33,12,10,"RG","SE"
27,2,10,"RG","SE"
77,17,10,"RG","SE"
7,21,10,"RG","SE"
11,27,10,"RG","SE"
77,17,10,"RG","SE"
89,1,10,"RG","SE"
57,9,10,"RG","SE"
392,1,10,"RG","SE"
86,2,10,"RG","SE"
78,21,10,"RG","SE"
51,2,10,"RG","SE"
25,1,10,"RG","SE"
83,2,10,"RG","SE"
49,1,10,"RG","SE"
76,4,10,"RG","SE"
61,50,10,"RG","SE"
26,59,10,"RG","SE"
12,11,10,"RG","SE"
64,9,10,"RG","SE"
5,4,10,"RG","SE"
418,1,10,"RG","SE"
45,1,10,"RG","SE"
28,50,10,"RG","SE"
16,3,10,"RG","SE"
85,15,10,"RG","SE"
312,1,10,"RG","SE"
32,6,11,"RG","SE"
85,15,11,"RG","SE"
16,3,11,"RG","SE"
72,9,11,"RG","SE"
57,9,11,"RG","SE"
87,1,11,"RG","SE"
33,12,11,"RG","SE"
418,1,11,"RG","SE"
89,1,11,"RG","SE"
547,1,11,"RG","SE"
77,17,11,"RG","SE"
548,1,11,"RG","SE"
45,1,11,"RG","SE"
392,1,11,"RG","SE"
80,6,11,"RG","SE"
83,2,11,"RG","SE"
27,2,11,"RG","SE"
44,30,11,"RG","SE"
42,1,11,"RG","SE"
26,59,11,"RG","SE"
312,1,11,"RG","SE"
10,1,11,"RG","SE"
67,9,11,"RG","SE"
76,4,11,"RG","SE"
36,3,11,"RG","SE"
80,6,11,"RG","SE"
20,7,11,"RG","SE"
57,9,11,"RG","SE"
91,5,11,"RG","SE"
61,50,11,"RG","SE"
7,21,11,"RG","SE"
545,1,12,"RG","SE"
67,9,12,"RG","SE"
22,4,12,"RG","SE"
7,21,12,"RG","SE"
38,3,12,"RG","SE"
25,1,12,"RG","SE"
80,6,12,"RG","SE"
19,5,12,"RG","SE"
72,9,12,"RG","SE"
26,59,12,"RG","SE"
89,1,12,"RG","SE"
17,5,12,"RG","SE"
91,5,12,"RG","SE"
85,15,12,"RG","SE"
86,2,12,"RG","SE"
80,6,12,"RG","SE"
32,6,12,"RG","SE"
83,2,12,"RG","SE"
14,30,12,"RG","SE"
67,9,12,"RG","SE"
91,5,12,"RG","SE"
539,1,12,"RG","SE"
76,4,12,"RG","SE"
28,50,12,"RG","SE"
20,7,12,"RG","SE"
33,12,12,"RG","SE"
87,1,12,"RG","SE"
68,5,12,"RG","SE"
27,2,12,"RG","SE"
61,50,12,"RG","SE"
7,21,12,"RG","SE"
20,7,13,"RG","SE"
11,27,13,"RG","SE"
17,5,13,"RG","SE"
86,2,13,"RG","SE"
91,5,13,"RG","SE"
5,4,13,"RG","SE"
27,2,13,"RG","SE"
33,12,13,"RG","SE"
44,30,13,"RG","SE"
312,1,13,"RG","SE"
36,3,13,"RG","SE"
22,4,13,"RG","SE"
85,15,13,"RG","SE"
11,27,13,"RG","SE"
78,21,13,"RG","SE"
61,50,13,"RG","SE"
28,50,13,"RG","SE"
77,17,13,"RG","SE"
72,9,13,"RG","SE"
15,2,13,"RG","SE"
4,5,13,"RG","SE"
21,7,13,"RG","SE"
87,1,13,"RG","SE"
7,21,13,"RG","SE"
76,4,13,"RG","SE"
10,1,13,"RG","SE"
547,1,13,"RG","SE"
14,30,13,"RG","SE"
3,5,13,"RG","SE"
64,9,13,"RG","SE"
392,1,13,"RG","SE"
65,4,14,"RG","SE"
72,9,14,"RG","SE"
45,1,14,"RG","SE"
22,4,14,"RG","SE"
547,1,14,"RG","SE"
38,3,14,"RG","SE"
32,6,14,"RG","SE"
64,9,14,"RG","SE"
51,2,14,"RG","SE"
76,4,14,"RG","SE"
80,6,14,"RG","SE"
54,39,14,"RG","SE"
12,11,14,"RG","SE"
16,3,14,"RG","SE"
32,6,14,"RG","SE"
51,2,14,"RG","SE"
14,30,14,"RG","SE"
28,50,14,"RG","SE"
21,7,14,"RG","SE"
12,11,14,"RG","SE"
68,5,14,"RG","SE"
61,50,14,"RG","SE"
72,9,14,"RG","SE"
44,30,14,"RG","SE"
67,9,14,"RG","SE"
86,2,14,"RG","SE"
481,2,14,"RG","SE"
78,21,14,"RG","SE"
20,7,14,"RG","SE"
57,9,14,"RG","SE"
545,1,14,"RG","SE"
17,5,15,"RG","SE"
19,5,15,"RG","SE"
28,50,15,"RG","SE"
57,9,15,"RG","SE"
72,9,15,"RG","SE"
67,9,15,"RG","SE"
54,39,15,"RG","SE"
77,17,15,"RG","SE"
85,15,15,"RG","SE"
78,21,15,"RG","SE"
15,2,15,"RG","SE"
80,6,15,"RG","SE"
392,1,15,"RG","SE"
51,2,15,"RG","SE"
28,50,15,"RG","SE"
57,9,15,"RG","SE"
11,27,15,"RG","SE"
86,2,15,"RG","SE"
21,7,15,"RG","SE"
22,4,15,"RG","SE"
64,9,15,"RG","SE"
4,5,15,"RG","SE"
68,5,15,"RG","SE"
36,3,15,"RG","SE"
12,11,15,"RG","SE"
67,9,15,"RG","SE"
481,2,15,"RG","SE"
5,4,15,"RG","SE"
11,27,15,"RG","SE"
78,21,15,"RG","SE"
7,21,15,"RG","SE"
4,5,16,"RG","SE"
535,3,16,"RG","SE"
548,1,16,"RG","SE"
11,27,16,"RG","SE"
22,4,16,"RG","SE"
539,1,16,"RG","SE"
33,12,16,"RG","SE"
44,30,16,"RG","SE"
45,1,16,"RG","SE"
16,3,16,"RG","SE"
89,1,16,"RG","SE"
61,50,16,"RG","SE"
49,1,16,"RG","SE"
67,9,16,"RG","SE"
3,5,16,"RG","SE"
57,9,16,"RG","SE"
91,5,16,"RG","SE"
80,6,16,"RG","SE"
85,15,16,"RG","SE"
12,11,16,"RG","SE"
26,59,16,"RG","SE"
418,1,16,"RG","SE"
65,4,16,"RG","SE"
17,5,16,"RG","SE"
547,1,16,"RG","SE"
10,1,16,"RG","SE"
67,9,16,"RG","SE"
20,7,16,"RG","SE"
7,21,16,"RG","SE"
25,1,16,"RG","SE"
27,2,16,"RG","SE"
68,5,17,"RG","SE"
72,9,17,"RG","SE"
51,2,17,"RG","SE"
91,5,17,"RG","SE"
7,21,17,"RG","SE"
36,3,17,"RG","SE"
38,3,17,"RG","SE"
27,2,17,"RG","SE"
61,50,17,"RG","SE"
17,5,17,"RG","SE"
20,7,17,"RG","SE"
57,9,17,"RG","SE"
85,15,17,"RG","SE"
4,5,17,"RG","SE"
14,30,17,"RG","SE"
86,2,17,"RG","SE"
10,1,17,"RG","SE"
64,9,17,"RG","SE"
12,11,17,"RG","SE"
83,2,17,"RG","SE"
548,1,17,"RG","SE"
78,21,17,"RG","SE"
61,50,17,"RG","SE"
77,17,17,"RG","SE"
7,21,17,"RG","SE"
67,9,17,"RG","SE"
44,30,17,"RG","SE"
33,12,17,"RG","SE"
20,7,17,"RG","SE"
87,1,17,"RG","SE"
312,1,17,"RG","SE"
32,6,18,"RG","SE"
54,39,18,"RG","SE"
418,1,18,"RG","SE"
16,3,18,"RG","SE"
86,2,18,"RG","SE"
26,59,18,"RG","SE"
25,1,18,"RG","SE"
12,11,18,"RG","SE"
91,5,18,"RG","SE"
38,3,18,"RG","SE"
44,30,18,"RG","SE"
85,15,18,"RG","SE"
68,5,18,"RG","SE"
28,50,18,"RG","SE"
57,9,18,"RG","SE"
7,21,18,"RG","SE"
45,1,18,"RG","SE"
312,1,18,"RG","SE"
61,50,18,"RG","SE"
33,12,18,"RG","SE"
27,2,18,"RG","SE"
80,6,18,"RG","SE"
87,1,18,"RG","SE"
65,4,18,"RG","SE"
11,27,18,"RG","SE"
42,1,18,"RG","SE"
544,1,18,"RG","SE"
4,5,18,"RG","SE"
49,1,18,"RG","SE"
64,9,18,"RG","SE"
51,2,18,"RG","SE"
68,5,19,"RG","SE"
3,5,19,"RG","SE"
20,7,19,"RG","SE"
10,1,19,"RG","SE"
54,39,19,"RG","SE"
86,2,19,"RG","SE"
76,4,19,"RG","SE"
45,1,19,"RG","SE"
19,5,19,"RG","SE"
544,1,19,"RG","SE"
481,2,19,"RG","SE"
11,27,19,"RG","SE"
80,6,19,"RG","SE"
16,3,19,"RG","SE"
80,6,19,"RG","SE"
33,12,19,"RG","SE"
14,30,19,"RG","SE"
36,3,19,"RG","SE"
4,5,19,"RG","SE"
7,21,19,"RG","SE"
548,1,19,"RG","SE"
83,2,19,"RG","SE"
32,6,19,"RG","SE"
77,17,19,"RG","SE"
14,30,19,"RG","SE"
28,50,19,"RG","SE"
26,59,19,"RG","SE"
51,2,19,"RG","SE"
57,9,19,"RG","SE"
87,1,19,"RG","SE"
547,1,19,"RG","SE"
80,6,20,"RG","SE"
312,1,20,"RG","SE"
57,9,20,"RG","SE"
76,4,20,"RG","SE"
85,15,20,"RG","SE"
7,21,20,"RG","SE"
91,5,20,"RG","SE"
5,4,20,"RG","SE"
68,5,20,"RG","SE"
27,2,20,"RG","SE"
78,21,20,"RG","SE"
12,11,20,"RG","SE"
77,17,20,"RG","SE"
42,1,20,"RG","SE"
26,59,20,"RG","SE"
12,11,20,"RG","SE"
20,7,20,"RG","SE"
86,2,20,"RG","SE"
64,9,20,"RG","SE"
28,50,20,"RG","SE"
78,21,20,"RG","SE"
547,1,20,"RG","SE"
25,1,20,"RG","SE"
539,1,20,"RG","SE"
14,30,20,"RG","SE"
392,1,20,"RG","SE"
548,1,20,"RG","SE"
32,6,20,"RG","SE"
51,2,20,"RG","SE"
22,4,20,"RG","SE"
3,5,20,"RG","SE"
78,21,21,"RG","SE"
68,5,21,"RG","SE"
16,3,21,"RG","SE"
32,6,21,"RG","SE"
5,4,21,"RG","SE"
38,3,21,"RG","SE"
72,9,21,"RG","SE"
80,6,21,"RG","SE"
13,1,21,"RG","SE"
19,5,21,"RG","SE"
20,7,21,"RG","SE"
49,1,21,"RG","SE"
54,39,21,"RG","SE"
36,3,21,"RG","SE"
76,4,21,"RG","SE"
51,2,21,"RG","SE"
77,17,21,"RG","SE"
57,9,21,"RG","SE"
57,9,21,"RG","SE"
548,1,21,"RG","SE"
544,1,21,"RG","SE"
61,50,21,"RG","SE"
61,50,21,"RG","SE"
83,2,21,"RG","SE"
32,6,21,"RG","SE"
44,30,21,"RG","SE"
33,12,21,"RG","SE"
11,27,21,"RG","SE"
21,7,21,"RG","SE"
27,2,21,"RG","SE"
42,1,21,"RG","SE"
26,59,22,"RG","SE"
11,27,22,"RG","SE"
54,39,22,"RG","SE"
312,1,22,"RG","SE"
12,11,22,"RG","SE"
28,50,22,"RG","SE"
85,15,22,"RG","SE"
3,5,22,"RG","SE"
7,21,22,"RG","SE"
28,50,22,"RG","SE"
61,50,22,"RG","SE"
77,17,22,"RG","SE"
535,3,22,"RG","SE"
49,1,22,"RG","SE"
32,6,22,"RG","SE"
89,1,22,"RG","SE"
13,1,22,"RG","SE"
15,2,22,"RG","SE"
80,6,22,"RG","SE"
14,30,22,"RG","SE"
44,30,22,"RG","SE"
80,6,22,"RG","SE"
7,21,22,"RG","SE"
392,1,22,"RG","SE"
51,2,22,"RG","SE"
20,7,22,"RG","SE"
16,3,22,"RG","SE"
42,1,22,"RG","SE"
67,9,22,"RG","SE"
5,4,22,"RG","SE"
19,5,22,"RG","SE"
3,5,23,"RG","SE"
5,4,23,"RG","SE"
77,17,23,"RG","SE"
57,9,23,"RG","SE"
51,2,23,"RG","SE"
15,2,23,"RG","SE"
80,6,23,"RG","SE"
4,5,23,"RG","SE"
51,2,23,"RG","SE"
72,9,23,"RG","SE"
36,3,23,"RG","SE"
19,5,23,"RG","SE"
89,1,23,"RG","SE"
67,9,23,"RG","SE"
65,4,23,"RG","SE"
7,21,23,"RG","SE"
11,27,23,"RG","SE"
14,30,23,"RG","SE"
80,6,23,"RG","SE"
78,21,23,"RG","SE"
312,1,23,"RG","SE"
72,9,23,"RG","SE"
392,1,23,"RG","SE"
21,7,23,"RG","SE"
481,2,23,"RG","SE"
61,50,23,"RG","SE"
22,4,23,"RG","SE"
33,12,23,"RG","SE"
26,59,23,"RG","SE"
544,1,23,"RG","SE"
14,30,23,"RG","SE"
544,1,24,"RG","SE"
33,12,24,"RG","SE"
86,2,24,"RG","SE"
15,2,24,"RG","SE"
20,7,24,"RG","SE"
65,4,24,"RG","SE"
5,4,24,"RG","SE"
7,21,24,"RG","SE"
12,11,24,"RG","SE"
45,1,24,"RG","SE"
11,27,24,"RG","SE"
44,30,24,"RG","SE"
7,21,24,"RG","SE"
57,9,24,"RG","SE"
83,2,24,"RG","SE"
61,50,24,"RG","SE"
12,11,24,"RG","SE"
26,59,24,"RG","SE"
85,15,24,"RG","SE"
72,9,24,"RG","SE"
76,4,24,"RG","SE"
32,6,24,"RG","SE"
72,9,24,"RG","SE"
481,2,24,"RG","SE"
87,1,24,"RG","SE"
25,1,24,"RG","SE"
36,3,24,"RG","SE"
80,6,24,"RG","SE"
392,1,24,"RG","SE"
44,30,24,"RG","SE"
32,6,24,"RG","SE"
12,11,25,"RG","SE"
544,1,25,"RG","SE"
78,21,25,"RG","SE"
67,9,25,"RG","SE"
80,6,25,"RG","SE"
32,6,25,"RG","SE"
61,50,25,"RG","SE"
20,7,25,"RG","SE"
49,1,25,"RG","SE"
4,5,25,"RG","SE"
80,6,25,"RG","SE"
76,4,25,"RG","SE"
64,9,25,"RG","SE"
20,7,25,"RG","SE"
65,4,25,"RG","SE"
44,30,25,"RG","SE"
85,15,25,"RG","SE"
72,9,25,"RG","SE"
83,2,25,"RG","SE"
72,9,25,"RG","SE"
14,30,25,"RG","SE"
11,27,25,"RG","SE"
51,2,25,"RG","SE"
19,5,25,"RG","SE"
26,59,25,"RG","SE"
67,9,25,"RG","SE"
481,2,25,"RG","SE"
32,6,25,"RG","SE"
45,1,25,"RG","SE"
7,21,25,"RG","SE"
392,1,25,"RG","SE"
28,50,26,"RG","SE"
91,5,26,"RG","SE"
418,1,26,"RG","SE"
72,9,26,"RG","SE"
481,2,26,"RG","SE"
33,12,26,"RG","SE"
535,3,26,"RG","SE"
21,7,26,"RG","SE"
28,50,26,"RG","SE"
392,1,26,"RG","SE"
7,21,26,"RG","SE"
91,5,26,"RG","SE"
22,4,26,"RG","SE"
545,1,26,"RG","SE"
26,59,26,"RG","SE"
11,27,26,"RG","SE"
51,2,26,"RG","SE"
20,7,26,"RG","SE"
12,11,26,"RG","SE"
80,6,26,"RG","SE"
11,27,26,"RG","SE"
539,1,26,"RG","SE"
57,9,26,"RG","SE"
27,2,26,"RG","SE"
89,1,26,"RG","SE"
72,9,26,"RG","SE"
61,50,26,"RG","SE"
16,3,26,"RG","SE"
544,1,26,"RG","SE"
3,5,26,"RG","SE"
19,5,26,"RG","SE"
312,1,27,"RG","SE"
44,30,27,"RG","SE"
11,27,27,"RG","SE"
91,5,27,"RG","SE"
28,50,27,"RG","SE"
20,7,27,"RG","SE"
33,12,27,"RG","SE"
547,1,27,"RG","SE"
545,1,27,"RG","SE"
65,4,27,"RG","SE"
72,9,27,"RG","SE"
36,3,27,"RG","SE"
11,27,27,"RG","SE"
33,12,27,"RG","SE"
76,4,27,"RG","SE"
67,9,27,"RG","SE"
3,5,27,"RG","SE"
44,30,27,"RG","SE"
83,2,27,"RG","SE"
16,3,27,"RG","SE"
17,5,27,"RG","SE"
20,7,27,"RG","SE"
418,1,27,"RG","SE"
5,4,27,"RG","SE"
7,21,27,"RG","SE"
68,5,27,"RG","SE"
87,1,27,"RG","SE"
80,6,27,"RG","SE"
21,7,27,"RG","SE"
49,1,27,"RG","SE"
13,1,27,"RG","SE"
539,1,28,"RG","SE"
28,50,28,"RG","SE"
65,4,28,"RG","SE"
535,3,28,"RG","SE"
3,5,28,"RG","SE"
51,2,28,"RG","SE"
85,15,28,"RG","SE"
83,2,28,"RG","SE"
80,6,28,"RG","SE"
26,59,28,"RG","SE"
49,1,28,"RG","SE"
33,12,28,"RG","SE"
77,17,28,"RG","SE"
61,50,28,"RG","SE"
418,1,28,"RG","SE"
78,21,28,"RG","SE"
32,6,28,"RG","SE"
22,4,28,"RG","SE"
21,7,28,"RG","SE"
5,4,28,"RG","SE"
15,2,28,"RG","SE"
7,21,28,"RG","SE"
392,1,28,"RG","SE"
548,1,28,"RG","SE"
11,27,28,"RG","SE"
32,6,28,"RG","SE"
78,21,28,"RG","SE"
544,1,28,"RG","SE"
14,30,28,"RG","SE"
12,11,28,"RG","SE"
20,7,28,"RG","SE"
85,15,29,"RG","SE"
72,9,29,"RG","SE"
11,27,29,"RG","SE"
80,6,29,"RG","SE"
78,21,29,"RG","SE"
57,9,29,"RG","SE"
36,3,29,"RG","SE"
65,4,29,"RG","SE"
20,7,29,"RG","SE"
32,6,29,"RG","SE"
12,11,29,"RG","SE"
5,4,29,"RG","SE"
57,9,29,"RG","SE"
61,50,29,"RG","SE"
11,27,29,"RG","SE"
548,1,29,"RG","SE"
91,5,29,"RG","SE"
44,30,29,"RG","SE"
42,1,29,"RG","SE"
15,2,29,"RG","SE"
83,2,29,"RG","SE"
77,17,29,"RG","SE"
26,59,29,"RG","SE"
22,4,29,"RG","SE"
61,50,29,"RG","SE"
26,59,29,"RG","SE"
25,1,29,"RG","SE"
19,5,29,"RG","SE"
544,1,29,"RG","SE"
28,50,29,"RG","SE"
17,5,29,"RG","SE"
72,9,30,"RG","SE"
11,27,30,"RG","SE"
83,2,30,"RG","SE"
7,21,30,"RG","SE"
545,1,30,"RG","SE"
13,1,30,"RG","SE"
21,7,30,"RG","SE"
91,5,30,"RG","SE"
51,2,30,"RG","SE"
14,30,30,"RG","SE"
68,5,30,"RG","SE"
14,30,30,"RG","SE"
392,1,30,"RG","SE"
17,5,30,"RG","SE"
36,3,30,"RG","SE"
67,9,30,"RG","SE"
87,1,30,"RG","SE"
12,11,30,"RG","SE"
4,5,30,"RG","SE"
45,1,30,"RG","SE"
11,27,30,"RG","SE"
481,2,30,"RG","SE"
547,1,30,"RG","SE"
67,9,30,"RG","SE"
10,1,30,"RG","SE"
12,11,30,"RG","SE"
72,9,30,"RG","SE"
77,17,30,"RG","SE"
7,21,30,"RG","SE"
26,59,30,"RG","SE"
33,12,30,"RG","SE"
539,1,31,"RG","SE"
49,1,31,"RG","SE"
12,11,31,"RG","SE"
51,2,31,"RG","SE"
25,1,31,"RG","SE"
26,59,31,"RG","SE"
12,11,31,"RG","SE"
544,1,31,"RG","SE"
78,21,31,"RG","SE"
3,5,31,"RG","SE"
77,17,31,"RG","SE"
51,2,31,"RG","SE"
57,9,31,"RG","SE"
45,1,31,"RG","SE"
54,39,31,"RG","SE"
21,7,31,"RG","SE"
14,30,31,"RG","SE"
80,6,31,"RG","SE"
44,30,31,"RG","SE"
481,2,31,"RG","SE"
16,3,31,"RG","SE"
17,5,31,"RG","SE"
61,50,31,"RG","SE"
312,1,31,"RG","SE"
5,4,31,"RG","SE"
36,3,31,"RG","SE"
7,21,31,"RG","SE"
547,1,31,"RG","SE"
33,12,31,"RG","SE"
418,1,31,"RG","SE"
10,1,31,"RG","SE"
77,17,32,"RG","SE"
77,17,32,"RG","SE"
38,3,32,"RG","SE"
20,7,32,"RG","SE"
32,6,32,"RG","SE"
78,21,32,"RG","SE"
13,1,32,"RG","SE"
64,9,32,"RG","SE"
22,4,32,"RG","SE"
4,5,32,"RG","SE"
15,2,32,"RG","SE"
25,1,32,"RG","SE"
33,12,32,"RG","SE"
7,21,32,"RG","SE"
89,1,32,"RG","SE"
67,9,32,"RG","SE"
45,1,32,"RG","SE"
26,59,32,"RG","SE"
548,1,32,"RG","SE"
418,1,32,"RG","SE"
312,1,32,"RG","SE"
80,6,32,"RG","SE"
67,9,32,"RG","SE"
20,7,32,"RG","SE"
87,1,32,"RG","SE"
83,2,32,"RG","SE"
21,7,32,"RG","SE"
547,1,32,"RG","SE"
54,39,32,"RG","SE"
36,3,32,"RG","SE"
57,9,32,"RG","SE"
7,21,33,"RG","SE"
65,4,33,"RG","SE"
77,17,33,"RG","SE"
544,1,33,"RG","SE"
54,39,33,"RG","SE"
19,5,33,"RG","SE"
21,7,33,"RG","SE"
85,15,33,"RG","SE"
33,12,33,"RG","SE"
12,11,33,"RG","SE"
28,50,33,"RG","SE"
17,5,33,"RG","SE"
418,1,33,"RG","SE"
10,1,33,"RG","SE"
77,17,33,"RG","SE"
83,2,33,"RG","SE"
42,1,33,"RG","SE"
67,9,33,"RG","SE"
80,6,33,"RG","SE"
22,4,33,"RG","SE"
32,6,33,"RG","SE"
481,2,33,"RG","SE"
12,11,33,"RG","SE"
26,59,33,"RG","SE"
16,3,33,"RG","SE"
68,5,33,"RG","SE"
67,9,33,"RG","SE"
312,1,33,"RG","SE"
26,59,33,"RG","SE"
44,30,33,"RG","SE"
72,9,33,"RG","SE"
17,5,34,"RG","SE"
64,9,34,"RG","SE"
392,1,34,"RG","SE"
83,2,34,"RG","SE"
481,2,34,"RG","SE"
42,1,34,"RG","SE"
539,1,34,"RG","SE"
33,12,34,"RG","SE"
32,6,34,"RG","SE"
61,50,34,"RG","SE"
15,2,34,"RG","SE"
22,4,34,"RG","SE"
12,11,34,"RG","SE"
27,2,34,"RG","SE"
3,5,34,"RG","SE"
87,1,34,"RG","SE"
25,1,34,"RG","SE"
77,17,34,"RG","SE"
544,1,34,"RG","SE"
5,4,34,"RG","SE"
312,1,34,"RG","SE"
65,4,34,"RG","SE"
72,9,34,"RG","SE"
14,30,34,"RG","SE"
91,5,34,"RG","SE"
28,50,34,"RG","SE"
11,27,34,"RG","SE"
80,6,34,"RG","SE"
67,9,34,"RG","SE"
33,12,34,"RG","SE"
28,50,34,"RG","SE"
85,15,35,"RG","SE"
20,7,35,"RG","SE"
57,9,35,"RG","SE"
12,11,35,"RG","SE"
32,6,35,"RG","SE"
15,2,35,"RG","SE"
19,5,35,"RG","SE"
21,7,35,"RG","SE"
539,1,35,"RG","SE"
78,21,35,"RG","SE"
61,50,35,"RG","SE"
76,4,35,"RG","SE"
535,3,35,"RG","SE"
20,7,35,"RG","SE"
7,21,35,"RG","SE"
77,17,35,"RG","SE"
77,17,35,"RG","SE"
49,1,35,"RG","SE"
32,6,35,"RG","SE"
51,2,35,"RG","SE"
418,1,35,"RG","SE"
91,5,35,"RG","SE"
67,9,35,"RG","SE"
45,1,35,"RG","SE"
67,9,35,"RG","SE"
36,3,35,"RG","SE"
80,6,35,"RG","SE"
89,1,35,"RG","SE"
83,2,35,"RG","SE"
80,6,35,"RG","SE"
33,12,35,"RG","SE"
28,50,36,"RG","SE"
11,27,36,"RG","SE"
80,6,36,"RG","SE"
36,3,36,"RG","SE"
67,9,36,"RG","SE"
77,17,36,"RG","SE"
481,2,36,"RG","SE"
61,50,36,"RG","SE"
26,59,36,"RG","SE"
77,17,36,"RG","SE"
57,9,36,"RG","SE"
25,1,36,"RG","SE"
12,11,36,"RG","SE"
539,1,36,"RG","SE"
28,50,36,"RG","SE"
27,2,36,"RG","SE"
3,5,36,"RG","SE"
20,7,36,"RG","SE"
49,1,36,"RG","SE"
22,4,36,"RG","SE"
535,3,36,"RG","SE"
72,9,36,"RG","SE"
312,1,36,"RG","SE"
76,4,36,"RG","SE"
5,4,36,"RG","SE"
7,21,36,"RG","SE"
32,6,36,"RG","SE"
392,1,36,"RG","SE"
64,9,36,"RG","SE"
61,50,36,"RG","SE"
32,6,36,"RG","SE"
72,9,37,"RG","SE"
3,5,37,"RG","SE"
20,7,37,"RG","SE"
51,2,37,"RG","SE"
51,2,37,"RG","SE"
86,2,37,"RG","SE"
539,1,37,"RG","SE"
87,1,37,"RG","SE"
91,5,37,"RG","SE"
14,30,37,"RG","SE"
418,1,37,"RG","SE"
12,11,37,"RG","SE"
32,6,37,"RG","SE"
64,9,37,"RG","SE"
5,4,37,"RG","SE"
67,9,37,"RG","SE"
57,9,37,"RG","SE"
45,1,37,"RG","SE"
11,27,37,"RG","SE"
76,4,37,"RG","SE"
44,30,37,"RG","SE"
54,39,37,"RG","SE"
7,21,37,"RG","SE"
33,12,37,"RG","SE"
535,3,37,"RG","SE"
85,15,37,"RG","SE"
77,17,37,"RG","SE"
72,9,37,"RG","SE"
26,59,37,"RG","SE"
68,5,37,"RG","SE"
19,5,37,"RG","SE"
51,2,38,"RG","SE"
72,9,38,"RG","SE"
89,1,38,"RG","SE"
20,7,38,"RG","SE"
78,21,38,"RG","SE"
78,21,38,"RG","SE"
68,5,38,"RG","SE"
11,27,38,"RG","SE"
44,30,38,"RG","SE"
392,1,38,"RG","SE"
7,21,38,"RG","SE"
91,5,38,"RG","SE"
80,6,38,"RG","SE"
38,3,38,"RG","SE"
312,1,38,"RG","SE"
65,4,38,"RG","SE"
4,5,38,"RG","SE"
20,7,38,"RG","SE"
87,1,38,"RG","SE"
27,2,38,"RG","SE"
11,27,38,"RG","SE"
77,17,38,"RG","SE"
57,9,38,"RG","SE"
15,2,38,"RG","SE"
10,1,38,"RG","SE"
14,30,38,"RG","SE"
539,1,38,"RG","SE"
16,3,38,"RG","SE"
481,2,38,"RG","SE"
22,4,38,"RG","SE"
547,1,38,"RG","SE"
28,50,39,"RG","SE"
17,5,39,"RG","SE"
61,50,39,"RG","SE"
45,1,39,"RG","SE"
57,9,39,"RG","SE"
76,4,39,"RG","SE"
78,21,39,"RG","SE"
12,11,39,"RG","SE"
85,15,39,"RG","SE"
312,1,39,"RG","SE"
86,2,39,"RG","SE"
21,7,39,"RG","SE"
67,9,39,"RG","SE"
7,21,39,"RG","SE"
392,1,39,"RG","SE"
72,9,39,"RG","SE"
80,6,39,"RG","SE"
72,9,39,"RG","SE"
89,1,39,"RG","SE"
16,3,39,"RG","SE"
535,3,39,"RG","SE"
28,50,39,"RG","SE"
87,1,39,"RG","SE"
61,50,39,"RG","SE"
14,30,39,"RG","SE"
91,5,39,"RG","SE"
80,6,39,"RG","SE"
481,2,39,"RG","SE"
44,30,39,"RG","SE"
42,1,39,"RG","SE"
22,4,39,"RG","SE"
86,2,40,"RG","SE"
78,21,40,"RG","SE"
26,59,40,"RG","SE"
7,21,40,"RG","SE"
36,3,40,"RG","SE"
28,50,40,"RG","SE"
548,1,40,"RG","SE"
27,2,40,"RG","SE"
91,5,40,"RG","SE"
85,15,40,"RG","SE"
87,1,40,"RG","SE"
392,1,40,"RG","SE"
3,5,40,"RG","SE"
20,7,40,"RG","SE"
14,30,40,"RG","SE"
57,9,40,"RG","SE"
11,27,40,"RG","SE"
7,21,40,"RG","SE"
17,5,40,"RG","SE"
33,12,40,"RG","SE"
28,50,40,"RG","SE"
42,1,40,"RG","SE"
12,11,40,"RG","SE"
45,1,40,"RG","SE"
11,27,40,"RG","SE"
76,4,40,"RG","SE"
61,50,40,"RG","SE"
89,1,40,"RG","SE"
21,7,40,"RG","SE"
16,3,40,"RG","SE"
72,9,40,"RG","SE"
27,2,41,"RG","SE"
87,1,41,"RG","SE"
51,2,41,"RG","SE"
36,3,41,"RG","SE"
85,15,41,"RG","SE"
11,27,41,"RG","SE"
25,1,41,"RG","SE"
10,1,41,"RG","SE"
28,50,41,"RG","SE"
38,3,41,"RG","SE"
535,3,41,"RG","SE"
33,12,41,"RG","SE"
14,30,41,"RG","SE"
91,5,41,"RG","SE"
7,21,41,"RG","SE"
4,5,41,"RG","SE"
13,1,41,"RG","SE"
45,1,41,"RG","SE"
72,9,41,"RG","SE"
12,11,41,"RG","SE"
91,5,41,"RG","SE"
78,21,41,"RG","SE"
67,9,41,"RG","SE"
7,21,41,"RG","SE"
26,59,41,"RG","SE"
12,11,41,"RG","SE"
22,4,41,"RG","SE"
65,4,41,"RG","SE"
548,1,41,"RG","SE"
44,30,41,"RG","SE"
64,9,41,"RG","SE"
539,1,42,"RG","SE"
16,3,42,"RG","SE"
61,50,42,"RG","SE"
21,7,42,"RG","SE"
57,9,42,"RG","SE"
83,2,42,"RG","SE"
78,21,42,"RG","SE"
535,3,42,"RG","SE"
44,30,42,"RG","SE"
3,5,42,"RG","SE"
15,2,42,"RG","SE"
91,5,42,"RG","SE"
11,27,42,"RG","SE"
77,17,42,"RG","SE"
17,5,42,"RG","SE"
19,5,42,"RG","SE"
28,50,42,"RG","SE"
78,21,42,"RG","SE"
5,4,42,"RG","SE"
10,1,42,"RG","SE"
44,30,42,"RG","SE"
12,11,42,"RG","SE"
51,2,42,"RG","SE"
12,11,42,"RG","SE"
32,6,42,"RG","SE"
54,39,42,"RG","SE"
86,2,42,"RG","SE"
26,59,42,"RG","SE"
14,30,42,"RG","SE"
80,6,42,"RG","SE"
27,2,42,"RG","SE"
80,6,43,"RG","SE"
20,7,43,"RG","SE"
36,3,43,"RG","SE"
4,5,43,"RG","SE"
89,1,43,"RG","SE"
22,4,43,"RG","SE"
545,1,43,"RG","SE"
12,11,43,"RG","SE"
21,7,43,"RG","SE"
548,1,43,"RG","SE"
42,1,43,"RG","SE"
76,4,43,"RG","SE"
83,2,43,"RG","SE"
7,21,43,"RG","SE"
64,9,43,"RG","SE"
67,9,43,"RG","SE"
38,3,43,"RG","SE"
51,2,43,"RG","SE"
544,1,43,"RG","SE"
91,5,43,"RG","SE"
61,50,43,"RG","SE"
14,30,43,"RG","SE"
33,12,43,"RG","SE"
17,5,43,"RG","SE"
45,1,43,"RG","SE"
54,39,43,"RG","SE"
7,21,43,"RG","SE"
16,3,43,"RG","SE"
57,9,43,"RG","SE"
77,17,43,"RG","SE"
32,6,43,"RG","SE"
5,4,44,"RG","SE"
91,5,44,"RG","SE"
14,30,44,"RG","SE"
7,21,44,"RG","SE"
20,7,44,"RG","SE"
3,5,44,"RG","SE"
78,21,44,"RG","SE"
32,6,44,"RG","SE"
61,50,44,"RG","SE"
51,2,44,"RG","SE"
545,1,44,"RG","SE"
85,15,44,"RG","SE"
87,1,44,"RG","SE"
22,4,44,"RG","SE"
392,1,44,"RG","SE"
20,7,44,"RG","SE"
42,1,44,"RG","SE"
13,1,44,"RG","SE"
418,1,44,"RG","SE"
32,6,44,"RG","SE"
17,5,44,"RG","SE"
45,1,44,"RG","SE"
68,5,44,"RG","SE"
12,11,44,"RG","SE"
72,9,44,"RG","SE"
11,27,44,"RG","SE"
49,1,44,"RG","SE"
64,9,44,"RG","SE"
83,2,44,"RG","SE"
28,50,44,"RG","SE"
26,59,44,"RG","SE"
535,3,45,"RG","SE"
544,1,45,"RG","SE"
85,15,45,"RG","SE"
78,21,45,"RG","SE"
86,2,45,"RG","SE"
32,6,45,"RG","SE"
481,2,45,"RG","SE"
44,30,45,"RG","SE"
10,1,45,"RG","SE"
57,9,45,"RG","SE"
49,1,45,"RG","SE"
32,6,45,"RG","SE"
54,39,45,"RG","SE"
65,4,45,"RG","SE"
64,9,45,"RG","SE"
78,21,45,"RG","SE"
33,12,45,"RG","SE"
15,2,45,"RG","SE"
89,1,45,"RG","SE"
12,11,45,"RG","SE"
45,1,45,"RG","SE"
5,4,45,"RG","SE"
548,1,45,"RG","SE"
83,2,45,"RG","SE"
33,12,45,"RG","SE"
13,1,45,"RG","SE"
77,17,45,"RG","SE"
25,1,45,"RG","SE"
539,1,45,"RG","SE"
57,9,45,"RG","SE"
27,2,45,"RG","SE"
7,21,46,"RG","SE"
87,1,46,"RG","SE"
78,21,46,"RG","SE"
19,5,46,"RG","SE"
72,9,46,"RG","SE"
26,59,46,"RG","SE"
54,39,46,"RG","SE"
44,30,46,"RG","SE"
91,5,46,"RG","SE"
14,30,46,"RG","SE"
86,2,46,"RG","SE"
28,50,46,"RG","SE"
14,30,46,"RG","SE"
42,1,46,"RG","SE"
33,12,46,"RG","SE"
32,6,46,"RG","SE"
80,6,46,"RG","SE"
77,17,46,"RG","SE"
539,1,46,"RG","SE"
16,3,46,"RG","SE"
12,11,46,"RG","SE"
5,4,46,"RG","SE"
11,27,46,"RG","SE"
57,9,46,"RG","SE"
83,2,46,"RG","SE"
27,2,46,"RG","SE"
4,5,46,"RG","SE"
65,4,46,"RG","SE"
20,7,46,"RG","SE"
32,6,46,"RG","SE"
535,3,46,"RG","SE"
91,5,47,"RG","SE"
65,4,47,"RG","SE"
19,5,47,"RG","SE"
22,4,47,"RG","SE"
85,15,47,"RG","SE"
86,2,47,"RG","SE"
20,7,47,"RG","SE"
44,30,47,"RG","SE"
38,3,47,"RG","SE"
77,17,47,"RG","SE"
32,6,47,"RG","SE"
13,1,47,"RG","SE"
16,3,47,"RG","SE"
15,2,47,"RG","SE"
11,27,47,"RG","SE"
12,11,47,"RG","SE"
61,50,47,"RG","SE"
57,9,47,"RG","SE"
72,9,47,"RG","SE"
14,30,47,"RG","SE"
4,5,47,"RG","SE"
68,5,47,"RG","SE"
312,1,47,"RG","SE"
33,12,47,"RG","SE"
14,30,47,"RG","SE"
61,50,47,"RG","SE"
11,27,47,"RG","SE"
3,5,47,"RG","SE"
44,30,47,"RG","SE"
45,1,47,"RG","SE"
26,59,47,"RG","SE"
16,3,48,"RG","SE"
65,4,48,"RG","SE"
15,2,48,"RG","SE"
12,11,48,"RG","SE"
87,1,48,"RG","SE"
80,6,48,"RG","SE"
547,1,48,"RG","SE"
5,4,48,"RG","SE"
68,5,48,"RG","SE"
539,1,48,"RG","SE"
535,3,48,"RG","SE"
72,9,48,"RG","SE"
21,7,48,"RG","SE"
7,21,48,"RG","SE"
27,2,48,"RG","SE"
22,4,48,"RG","SE"
49,1,48,"RG","SE"
67,9,48,"RG","SE"
78,21,48,"RG","SE"
11,27,48,"RG","SE"
19,5,48,"RG","SE"
42,1,48,"RG","SE"
481,2,48,"RG","SE"
86,2,48,"RG","SE"
85,15,48,"RG","SE"
545,1,48,"RG","SE"
64,9,48,"RG","SE"
14,30,48,"RG","SE"
13,1,48,"RG","SE"
32,6,48,"RG","SE"
45,1,48,"RG","SE"
32,6,49,"RG","SE"
44,30,49,"RG","SE"
68,5,49,"RG","SE"
86,2,49,"RG","SE"
85,15,49,"RG","SE"
418,1,49,"RG","SE"
42,1,49,"RG","SE"
54,39,49,"RG","SE"
38,3,49,"RG","SE"
28,50,49,"RG","SE"
49,1,49,"RG","SE"
22,4,49,"RG","SE"
76,4,49,"RG","SE"
14,30,49,"RG","SE"
72,9,49,"RG","SE"
89,1,49,"RG","SE"
15,2,49,"RG","SE"
535,3,49,"RG","SE"
21,7,49,"RG","SE"
12,11,49,"RG","SE"
11,27,49,"RG","SE"
87,1,49,"RG","SE"
77,17,49,"RG","SE"
32,6,49,"RG","SE"
51,2,49,"RG","SE"
33,12,49,"RG","SE"
26,59,49,"RG","SE"
80,6,49,"RG","SE"
19,5,49,"RG","SE"
78,21,49,"RG","SE"
545,1,49,"RG","SE"
45,1,50,"RG","SE"
4,5,50,"RG","SE"
33,12,50,"RG","SE"
32,6,50,"RG","SE"
77,17,50,"RG","SE"
57,9,50,"RG","SE"
10,1,50,"RG","SE"
36,3,50,"RG","SE"
26,59,50,"RG","SE"
78,21,50,"RG","SE"
22,4,50,"RG","SE"
20,7,50,"RG","SE"
80,6,50,"RG","SE"
15,2,50,"RG","SE"
11,27,50,"RG","SE"
91,5,50,"RG","SE"
14,30,50,"RG","SE"
64,9,50,"RG","SE"
72,9,50,"RG","SE"
68,5,50,"RG","SE"
11,27,50,"RG","SE"
80,6,50,"RG","SE"
20,7,50,"RG","SE"
27,2,50,"RG","SE"
51,2,50,"RG","SE"
78,21,50,"RG","SE"
12,11,50,"RG","SE"
42,1,50,"RG","SE"
67,9,50,"RG","SE"
77,17,50,"RG","SE"
28,50,50,"RG","SE"
28,50,51,"RG","SE"
14,30,51,"RG","SE"
19,5,51,"RG","SE"
54,39,51,"RG","SE"
44,30,51,"RG","SE"
32,6,51,"RG","SE"
91,5,51,"RG","SE"
7,21,51,"RG","SE"
76,4,51,"RG","SE"
78,21,51,"RG","SE"
547,1,51,"RG","SE"
67,9,51,"RG","SE"
44,30,51,"RG","SE"
77,17,51,"RG","SE"
17,5,51,"RG","SE"
45,1,51,"RG","SE"
25,1,51,"RG","SE"
539,1,51,"RG","SE"
26,59,51,"RG","SE"
535,3,51,"RG","SE"
12,11,51,"RG","SE"
61,50,51,"RG","SE"
49,1,51,"RG","SE"
77,17,51,"RG","SE"
80,6,51,"RG","SE"
27,2,51,"RG","SE"
78,21,51,"RG","SE"
26,59,51,"RG","SE"
21,7,51,"RG","SE"
65,4,51,"RG","SE"
51,2,51,"RG","SE"
32,6,52,"RG","SE"
545,1,52,"RG","SE"
14,30,52,"RG","SE"
61,50,52,"RG","SE"
80,6,52,"RG","SE"
67,9,52,"RG","SE"
72,9,52,"RG","SE"
4,5,52,"RG","SE"
27,2,52,"RG","SE"
57,9,52,"RG","SE"
80,6,52,"RG","SE"
312,1,52,"RG","SE"
57,9,52,"RG","SE"
11,27,52,"RG","SE"
7,21,52,"RG","SE"
15,2,52,"RG","SE"
539,1,52,"RG","SE"
418,1,52,"RG","SE"
28,50,52,"RG","SE"
20,7,52,"RG","SE"
86,2,52,"RG","SE"
36,3,52,"RG","SE"
32,6,52,"RG","SE"
91,5,52,"RG","SE"
33,12,52,"RG","SE"
77,17,52,"RG","SE"
21,7,52,"RG","SE"
44,30,52,"RG","SE"
51,2,52,"RG","SE"
54,39,52,"RG","SE"
17,5,52,"RG","SE"
61,50,53,"RG","SE"
91,5,53,"RG","SE"
392,1,53,"RG","SE"
20,7,53,"RG","SE"
57,9,53,"RG","SE"
312,1,53,"RG","SE"
7,21,53,"RG","SE"
91,5,53,"RG","SE"
49,1,53,"RG","SE"
89,1,53,"RG","SE"
21,7,53,"RG","SE"
33,12,53,"RG","SE"
68,5,53,"RG","SE"
32,6,53,"RG","SE"
67,9,53,"RG","SE"
481,2,53,"RG","SE"
535,3,53,"RG","SE"
16,3,53,"RG","SE"
5,4,53,"RG","SE"
22,4,53,"RG","SE"
11,27,53,"RG","SE"
17,5,53,"RG","SE"
11,27,53,"RG","SE"
25,1,53,"RG","SE"
13,1,53,"RG","SE"
28,50,53,"RG","SE"
27,2,53,"RG","SE"
26,59,53,"RG","SE"
38,3,53,"RG","SE"
77,17,53,"RG","SE"
64,9,53,"RG","SE"
545,1,54,"RG","SE"
57,9,54,"RG","SE"
44,30,54,"RG","SE"
67,9,54,"RG","SE"
89,1,54,"RG","SE"
15,2,54,"RG","SE"
28,50,54,"RG","SE"
76,4,54,"RG","SE"
85,15,54,"RG","SE"
7,21,54,"RG","SE"
539,1,54,"RG","SE"
25,1,54,"RG","SE"
33,12,54,"RG","SE"
86,2,54,"RG","SE"
14,30,54,"RG","SE"
17,5,54,"RG","SE"
44,30,54,"RG","SE"
392,1,54,"RG","SE"
80,6,54,"RG","SE"
11,27,54,"RG","SE"
45,1,54,"RG","SE"
418,1,54,"RG","SE"
14,30,54,"RG","SE"
64,9,54,"RG","SE"
19,5,54,"RG","SE"
54,39,54,"RG","SE"
4,5,54,"RG","SE"
547,1,54,"RG","SE"
26,59,54,"RG","SE"
535,3,54,"RG","SE"
12,11,54,"RG","SE"
5,4,55,"RG","SE"
11,27,55,"RG","SE"
83,2,55,"RG","SE"
32,6,55,"RG","SE"
65,4,55,"RG","SE"
67,9,55,"RG","SE"
12,11,55,"RG","SE"
544,1,55,"RG","SE"
20,7,55,"RG","SE"
13,1,55,"RG","SE"
78,21,55,"RG","SE"
481,2,55,"RG","SE"
14,30,55,"RG","SE"
44,30,55,"RG","SE"
54,39,55,"RG","SE"
20,7,55,"RG","SE"
12,11,55,"RG","SE"
10,1,55,"RG","SE"
87,1,55,"RG","SE"
7,21,55,"RG","SE"
85,15,55,"RG","SE"
14,30,55,"RG","SE"
32,6,55,"RG","SE"
539,1,55,"RG","SE"
36,3,55,"RG","SE"
51,2,55,"RG","SE"
64,9,55,"RG","SE"
392,1,55,"RG","SE"
418,1,55,"RG","SE"
22,4,55,"RG","SE"
38,3,55,"RG","SE"
28,50,56,"RG","SE"
72,9,56,"RG","SE"
27,2,56,"RG","SE"
65,4,56,"RG","SE"
544,1,56,"RG","SE"
12,11,56,"RG","SE"
28,50,56,"RG","SE"
26,59,56,"RG","SE"
36,3,56,"RG","SE"
38,3,56,"RG","SE"
54,39,56,"RG","SE"
49,1,56,"RG","SE"
57,9,56,"RG","SE"
20,7,56,"RG","SE"
21,7,56,"RG","SE"
5,4,56,"RG","SE"
17,5,56,"RG","SE"
42,1,56,"RG","SE"
61,50,56,"RG","SE"
87,1,56,"RG","SE"
19,5,56,"RG","SE"
10,1,56,"RG","SE"
11,27,56,"RG","SE"
76,4,56,"RG","SE"
45,1,56,"RG","SE"
25,1,56,"RG","SE"
20,7,56,"RG","SE"
61,50,56,"RG","SE"
11,27,56,"RG","SE"
32,6,56,"RG","SE"
51,2,56,"RG","SE"
7,21,57,"RG","SE"
392,1,57,"RG","SE"
44,30,57,"RG","SE"
38,3,57,"RG","SE"
61,50,57,"RG","SE"
5,4,57,"RG","SE"
67,9,57,"RG","SE"
78,21,57,"RG","SE"
85,15,57,"RG","SE"
57,9,57,"RG","SE"
25,1,57,"RG","SE"
12,11,57,"RG","SE"
418,1,57,"RG","SE"
547,1,57,"RG","SE"
77,17,57,"RG","SE"
21,7,57,"RG","SE"
36,3,57,"RG","SE"
45,1,57,"RG","SE"
76,4,57,"RG","SE"
20,7,57,"RG","SE"
20,7,57,"RG","SE"
32,6,57,"RG","SE"
26,59,57,"RG","SE"
54,39,57,"RG","SE"
22,4,57,"RG","SE"
64,9,57,"RG","SE"
28,50,57,"RG","SE"
14,30,57,"RG","SE"
91,5,57,"RG","SE"
83,2,57,"RG","SE"
3,5,57,"RG","SE"
27,2,58,"RG","SE"
61,50,58,"RG","SE"
32,6,58,"RG","SE"
57,9,58,"RG","SE"
16,3,58,"RG","SE"
42,1,58,"RG","SE"
72,9,58,"RG","SE"
32,6,58,"RG","SE"
13,1,58,"RG","SE"
7,21,58,"RG","SE"
12,11,58,"RG","SE"
67,9,58,"RG","SE"
26,59,58,"RG","SE"
85,15,58,"RG","SE"
86,2,58,"RG","SE"
65,4,58,"RG","SE"
68,5,58,"RG","SE"
78,21,58,"RG","SE"
36,3,58,"RG","SE"
44,30,58,"RG","SE"
17,5,58,"RG","SE"
312,1,58,"RG","SE"
49,1,58,"RG","SE"
26,59,58,"RG","SE"
77,17,58,"RG","SE"
45,1,58,"RG","SE"
11,27,58,"RG","SE"
10,1,58,"RG","SE"
89,1,58,"RG","SE"
80,6,58,"RG","SE"
72,9,58,"RG","SE"
38,3,59,"RG","SE"
7,21,59,"RG","SE"
12,11,59,"RG","SE"
57,9,59,"RG","SE"
57,9,59,"RG","SE"
4,5,59,"RG","SE"
13,1,59,"RG","SE"
26,59,59,"RG","SE"
32,6,59,"RG","SE"
32,6,59,"RG","SE"
91,5,59,"RG","SE"
548,1,59,"RG","SE"
539,1,59,"RG","SE"
5,4,59,"RG","SE"
544,1,59,"RG","SE"
80,6,59,"RG","SE"
77,17,59,"RG","SE"
418,1,59,"RG","SE"
45,1,59,"RG","SE"
20,7,59,"RG","SE"
76,4,59,"RG","SE"
44,30,59,"RG","SE"
545,1,59,"RG","SE"
91,5,59,"RG","SE"
36,3,59,"RG","SE"
547,1,59,"RG","SE"
28,50,59,"RG","SE"
12,11,59,"RG","SE"
51,2,59,"RG","SE"
89,1,59,"RG","SE"
61,50,59,"RG","SE"
544,1,60,"RG","SE"
20,7,60,"RG","SE"
45,1,60,"RG","SE"
545,1,60,"RG","SE"
57,9,60,"RG","SE"
392,1,60,"RG","SE"
14,30,60,"RG","SE"
22,4,60,"RG","SE"
77,17,60,"RG","SE"
78,21,60,"RG","SE"
36,3,60,"RG","SE"
33,12,60,"RG","SE"
67,9,60,"RG","SE"
19,5,60,"RG","SE"
85,15,60,"RG","SE"
28,50,60,"RG","SE"
64,9,60,"RG","SE"
13,1,60,"RG","SE"
86,2,60,"RG","SE"
11,27,60,"RG","SE"
21,7,60,"RG","SE"
7,21,60,"RG","SE"
57,9,60,"RG","SE"
68,5,60,"RG","SE"
67,9,60,"RG","SE"
25,1,60,"RG","SE"
5,4,60,"RG","SE"
3,5,60,"RG","SE"
44,30,60,"RG","SE"
12,11,60,"RG","SE"
32,6,60,"RG","SE"
78,21,61,"RG","SE"
14,30,61,"RG","SE"
545,1,61,"RG","SE"
14,30,61,"RG","SE"
3,5,61,"RG","SE"
80,6,61,"RG","SE"
33,12,61,"RG","SE"
21,7,61,"RG","SE"
76,4,61,"RG","SE"
57,9,61,"RG","SE"
20,7,61,"RG","SE"
72,9,61,"RG","SE"
11,27,61,"RG","SE"
17,5,61,"RG","SE"
83,2,61,"RG","SE"
10,1,61,"RG","SE"
91,5,61,"RG","SE"
7,21,61,"RG","SE"
44,30,61,"RG","SE"
91,5,61,"RG","SE"
85,15,61,"RG","SE"
481,2,61,"RG","SE"
78,21,61,"RG","SE"
77,17,61,"RG","SE"
72,9,61,"RG","SE"
418,1,61,"RG","SE"
12,11,61,"RG","SE"
539,1,61,"RG","SE"
51,2,61,"RG","SE"
7,21,61,"RG","SE"
38,3,61,"RG","SE"
45,1,62,"RG","SE"
44,30,62,"RG","SE"
28,50,62,"RG","SE"
77,17,62,"RG","SE"
77,17,62,"RG","SE"
33,12,62,"RG","SE"
17,5,62,"RG","SE"
78,21,62,"RG","SE"
54,39,62,"RG","SE"
535,3,62,"RG","SE"
15,2,62,"RG","SE"
22,4,62,"RG","SE"
49,1,62,"RG","SE"
11,27,62,"RG","SE"
33,12,62,"RG","SE"
20,7,62,"RG","SE"
3,5,62,"RG","SE"
539,1,62,"RG","SE"
7,21,62,"RG","SE"
61,50,62,"RG","SE"
67,9,62,"RG","SE"
12,11,62,"RG","SE"
25,1,62,"RG","SE"
51,2,62,"RG","SE"
65,4,62,"RG","SE"
21,7,62,"RG","SE"
312,1,62,"RG","SE"
4,5,62,"RG","SE"
5,4,62,"RG","SE"
20,7,62,"RG","SE"
68,5,62,"RG","SE"
545,1,63,"RG","SE"
20,7,63,"RG","SE"
72,9,63,"RG","SE"
547,1,63,"RG","SE"
57,9,63,"RG","SE"
5,4,63,"RG","SE"
25,1,63,"RG","SE"
15,2,63,"RG","SE"
418,1,63,"RG","SE"
16,3,63,"RG","SE"
544,1,63,"RG","SE"
89,1,63,"RG","SE"
61,50,63,"RG","SE"
548,1,63,"RG","SE"
86,2,63,"RG","SE"
51,2,63,"RG","SE"
392,1,63,"RG","SE"
14,30,63,"RG","SE"
38,3,63,"RG","SE"
11,27,63,"RG","SE"
49,1,63,"RG","SE"
78,21,63,"RG","SE"
4,5,63,"RG","SE"
67,9,63,"RG","SE"
27,2,63,"RG","SE"
64,9,63,"RG","SE"
67,9,63,"RG","SE"
51,2,63,"RG","SE"
10,1,63,"RG","SE"
85,15,63,"RG","SE"
77,17,63,"RG","SE"
26,59,64,"RG","SE"
19,5,64,"RG","SE"
539,1,64,"RG","SE"
86,2,64,"RG","SE"
77,17,64,"RG","SE"
547,1,64,"RG","SE"
14,30,64,"RG","SE"
27,2,64,"RG","SE"
57,9,64,"RG","SE"
14,30,64,"RG","SE"
78,21,64,"RG","SE"
45,1,64,"RG","SE"
16,3,64,"RG","SE"
545,1,64,"RG","SE"
89,1,64,"RG","SE"
26,59,64,"RG","SE"
83,2,64,"RG","SE"
548,1,64,"RG","SE"
5,4,64,"RG","SE"
7,21,64,"RG","SE"
312,1,64,"RG","SE"
13,1,64,"RG","SE"
51,2,64,"RG","SE"
91,5,64,"RG","SE"
32,6,64,"RG","SE"
72,9,64,"RG","SE"
61,50,64,"RG","SE"
49,1,64,"RG","SE"
15,2,64,"RG","SE"
418,1,64,"RG","SE"
72,9,64,"RG","SE"
14,30,65,"RG","SE"
481,2,65,"RG","SE"
76,4,65,"RG","SE"
85,15,65,"RG","SE"
67,9,65,"RG","SE"
61,50,65,"RG","SE"
80,6,65,"RG","SE"
49,1,65,"RG","SE"
13,1,65,"RG","SE"
54,39,65,"RG","SE"
61,50,65,"RG","SE"
33,12,65,"RG","SE"
11,27,65,"RG","SE"
548,1,65,"RG","SE"
68,5,65,"RG","SE"
26,59,65,"RG","SE"
28,50,65,"RG","SE"
12,11,65,"RG","SE"
418,1,65,"RG","SE"
547,1,65,"RG","SE"
91,5,65,"RG","SE"
45,1,65,"RG","SE"
42,1,65,"RG","SE"
7,21,65,"RG","SE"
15,2,65,"RG","SE"
4,5,65,"RG","SE"
17,5,65,"RG","SE"
57,9,65,"RG","SE"
5,4,65,"RG","SE"
36,3,65,"RG","SE"
38,3,65,"RG","SE"
72,9,66,"RG","SE"
26,59,66,"RG","SE"
14,30,66,"RG","SE"
25,1,66,"RG","SE"
38,3,66,"RG","SE"
91,5,66,"RG","SE"
45,1,66,"RG","SE"
36,3,66,"RG","SE"
64,9,66,"RG","SE"
28,50,66,"RG","SE"
32,6,66,"RG","SE"
78,21,66,"RG","SE"
28,50,66,"RG","SE"
91,5,66,"RG","SE"
539,1,66,"RG","SE"
17,5,66,"RG","SE"
5,4,66,"RG","SE"
61,50,66,"RG","SE"
14,30,66,"RG","SE"
7,21,66,"RG","SE"
42,1,66,"RG","SE"
61,50,66,"RG","SE"
22,4,66,"RG","SE"
72,9,66,"RG","SE"
547,1,66,"RG","SE"
4,5,66,"RG","SE"
11,27,66,"RG","SE"
54,39,66,"RG","SE"
68,5,66,"RG","SE"
33,12,66,"RG","SE"
19,5,66,"RG","SE"
16,3,67,"RG","SE"
87,1,67,"RG","SE"
4,5,67,"RG","SE"
17,5,67,"RG","SE"
68,5,67,"RG","SE"
481,2,67,"RG","SE"
7,21,67,"RG","SE"
32,6,67,"RG","SE"
57,9,67,"RG","SE"
13,1,67,"RG","SE"
61,50,67,"RG","SE"
67,9,67,"RG","SE"
392,1,67,"RG","SE"
545,1,67,"RG","SE"
77,17,67,"RG","SE"
19,5,67,"RG","SE"
7,21,67,"RG","SE"
312,1,67,"RG","SE"
91,5,67,"RG","SE"
61,50,67,"RG","SE"
21,7,67,"RG","SE"
78,21,67,"RG","SE"
11,27,67,"RG","SE"
57,9,67,"RG","SE"
49,1,67,"RG","SE"
42,1,67,"RG","SE"
26,59,67,"RG","SE"
65,4,67,"RG","SE"
51,2,67,"RG","SE"
535,3,67,"RG","SE"
33,12,67,"RG","SE"
32,6,68,"RG","SE"
5,4,68,"RG","SE"
11,27,68,"RG","SE"
77,17,68,"RG","SE"
42,1,68,"RG","SE"
17,5,68,"RG","SE"
10,1,68,"RG","SE"
91,5,68,"RG","SE"
20,7,68,"RG","SE"
4,5,68,"RG","SE"
7,21,68,"RG","SE"
33,12,68,"RG","SE"
67,9,68,"RG","SE"
392,1,68,"RG","SE"
80,6,68,"RG","SE"
7,21,68,"RG","SE"
418,1,68,"RG","SE"
67,9,68,"RG","SE"
3,5,68,"RG","SE"
86,2,68,"RG","SE"
545,1,68,"RG","SE"
80,6,68,"RG","SE"
312,1,68,"RG","SE"
65,4,68,"RG","SE"
38,3,68,"RG","SE"
15,2,68,"RG","SE"
61,50,68,"RG","SE"
13,1,68,"RG","SE"
28,50,68,"RG","SE"
78,21,68,"RG","SE"
26,59,68,"RG","SE"
49,1,69,"RG","SE"
78,21,69,"RG","SE"
547,1,69,"RG","SE"
27,2,69,"RG","SE"
80,6,69,"RG","SE"
67,9,69,"RG","SE"
20,7,69,"RG","SE"
544,1,69,"RG","SE"
19,5,69,"RG","SE"
64,9,69,"RG","SE"
36,3,69,"RG","SE"
54,39,69,"RG","SE"
45,1,69,"RG","SE"
72,9,69,"RG","SE"
14,30,69,"RG","SE"
392,1,69,"RG","SE"
14,30,69,"RG","SE"
26,59,69,"RG","SE"
11,27,69,"RG","SE"
17,5,69,"RG","SE"
51,2,69,"RG","SE"
87,1,69,"RG","SE"
3,5,69,"RG","SE"
33,12,69,"RG","SE"
57,9,69,"RG","SE"
83,2,69,"RG","SE"
481,2,69,"RG","SE"
44,30,69,"RG","SE"
91,5,69,"RG","SE"
26,59,69,"RG","SE"
89,1,69,"RG","SE"
12,11,70,"RG","SE"
13,1,70,"RG","SE"
72,9,70,"RG","SE"
12,11,70,"RG","SE"
44,30,70,"RG","SE"
68,5,70,"RG","SE"
14,30,70,"RG","SE"
20,7,70,"RG","SE"
42,1,70,"RG","SE"
547,1,70,"RG","SE"
57,9,70,"RG","SE"
19,5,70,"RG","SE"
64,9,70,"RG","SE"
20,7,70,"RG","SE"
91,5,70,"RG","SE"
3,5,70,"RG","SE"
544,1,70,"RG","SE"
26,59,70,"RG","SE"
7,21,70,"RG","SE"
4,5,70,"RG","SE"
17,5,70,"RG","SE"
91,5,70,"RG","SE"
27,2,70,"RG","SE"
86,2,70,"RG","SE"
45,1,70,"RG","SE"
545,1,70,"RG","SE"
312,1,70,"RG","SE"
67,9,70,"RG","SE"
87,1,70,"RG","SE"
76,4,70,"RG","SE"
85,15,70,"RG","SE"
15,2,71,"RG","SE"
42,1,71,"RG","SE"
85,15,71,"RG","SE"
80,6,71,"RG","SE"
38,3,71,"RG","SE"
418,1,71,"RG","SE"
33,12,71,"RG","SE"
392,1,71,"RG","SE"
26,59,71,"RG","SE"
20,7,71,"RG","SE"
77,17,71,"RG","SE"
7,21,71,"RG","SE"
44,30,71,"RG","SE"
28,50,71,"RG","SE"
91,5,71,"RG","SE"
27,2,71,"RG","SE"
11,27,71,"RG","SE"
36,3,71,"RG","SE"
77,17,71,"RG","SE"
12,11,71,"RG","SE"
78,21,71,"RG","SE"
547,1,71,"RG","SE"
32,6,71,"RG","SE"
57,9,71,"RG","SE"
17,5,71,"RG","SE"
4,5,71,"RG","SE"
89,1,71,"RG","SE"
548,1,71,"RG","SE"
76,4,71,"RG","SE"
545,1,71,"RG","SE"
80,6,71,"RG","SE"
49,1,72,"RG","SE"
13,1,72,"RG","SE"
76,4,72,"RG","SE"
418,1,72,"RG","SE"
544,1,72,"RG","SE"
12,11,72,"RG","SE"
80,6,72,"RG","SE"
89,1,72,"RG","SE"
12,11,72,"RG","SE"
5,4,72,"RG","SE"
26,59,72,"RG","SE"
481,2,72,"RG","SE"
67,9,72,"RG","SE"
85,15,72,"RG","SE"
539,1,72,"RG","SE"
11,27,72,"RG","SE"
28,50,72,"RG","SE"
17,5,72,"RG","SE"
392,1,72,"RG","SE"
72,9,72,"RG","SE"
78,21,72,"RG","SE"
547,1,72,"RG","SE"
45,1,72,"RG","SE"
51,2,72,"RG","SE"
77,17,72,"RG","SE"
28,50,72,"RG","SE"
26,59,72,"RG","SE"
80,6,72,"RG","SE"
57,9,72,"RG","SE"
32,6,72,"RG","SE"
10,1,72,"RG","SE"
11,27,73,"RG","SE"
15,2,73,"RG","SE"
72,9,73,"RG","SE"
57,9,73,"RG","SE"
77,17,73,"RG","SE"
4,5,73,"RG","SE"
42,1,73,"RG","SE"
12,11,73,"RG","SE"
7,21,73,"RG","SE"
16,3,73,"RG","SE"
27,2,73,"RG","SE"
12,11,73,"RG","SE"
545,1,73,"RG","SE"
44,30,73,"RG","SE"
51,2,73,"RG","SE"
86,2,73,"RG","SE"
17,5,73,"RG","SE"
87,1,73,"RG","SE"
418,1,73,"RG","SE"
25,1,73,"RG","SE"
33,12,73,"RG","SE"
22,4,73,"RG","SE"
14,30,73,"RG","SE"
80,6,73,"RG","SE"
33,12,73,"RG","SE"
77,17,73,"RG","SE"
64,9,73,"RG","SE"
544,1,73,"RG","SE"
91,5,73,"RG","SE"
539,1,73,"RG","SE"
21,7,73,"RG","SE"
67,9,74,"RG","SE"
545,1,74,"RG","SE"
91,5,74,"RG","SE"
54,39,74,"RG","SE"
33,12,74,"RG","SE"
10,1,74,"RG","SE"
539,1,74,"RG","SE"
13,1,74,"RG","SE"
61,50,74,"RG","SE"
68,5,74,"RG","SE"
32,6,74,"RG","SE"
20,7,74,"RG","SE"
64,9,74,"RG","SE"
45,1,74,"RG","SE"
80,6,74,"RG","SE"
25,1,74,"RG","SE"
38,3,74,"RG","SE"
547,1,74,"RG","SE"
14,30,74,"RG","SE"
72,9,74,"RG","SE"
33,12,74,"RG","SE"
19,5,74,"RG","SE"
85,15,74,"RG","SE"
26,59,74,"RG","SE"
87,1,74,"RG","SE"
67,9,74,"RG","SE"
42,1,74,"RG","SE"
548,1,74,"RG","SE"
49,1,74,"RG","SE"
28,50,74,"RG","SE"
4,5,74,"RG","SE"
91,5,75,"RG","SE"
85,15,75,"RG","SE"
14,30,75,"RG","SE"
72,9,75,"RG","SE"
22,4,75,"RG","SE"
80,6,75,"RG","SE"
28,50,75,"RG","SE"
20,7,75,"RG","SE"
11,27,75,"RG","SE"
61,50,75,"RG","SE"
26,59,75,"RG","SE"
77,17,75,"RG","SE"
42,1,75,"RG","SE"
44,30,75,"RG","SE"
7,21,75,"RG","SE"
32,6,75,"RG","SE"
33,12,75,"RG","SE"
89,1,75,"RG","SE"
38,3,75,"RG","SE"
481,2,75,"RG","SE"
68,5,75,"RG","SE"
7,21,75,"RG","SE"
80,6,75,"RG","SE"
21,7,75,"RG","SE"
51,2,75,"RG","SE"
16,3,75,"RG","SE"
20,7,75,"RG","SE"
57,9,75,"RG","SE"
72,9,75,"RG","SE"
67,9,75,"RG","SE"
33,12,75,"RG","SE"
32,6,76,"RG","SE"
7,21,76,"RG","SE"
545,1,76,"RG","SE"
67,9,76,"RG","SE"
3,5,76,"RG","SE"
72,9,76,"RG","SE"
392,1,76,"RG","SE"
13,1,76,"RG","SE"
80,6,76,"RG","SE"
80,6,76,"RG","SE"
33,12,76,"RG","SE"
76,4,76,"RG","SE"
78,21,76,"RG","SE"
57,9,76,"RG","SE"
89,1,76,"RG","SE"
78,21,76,"RG","SE"
12,11,76,"RG","SE"
5,4,76,"RG","SE"
36,3,76,"RG","SE"
72,9,76,"RG","SE"
25,1,76,"RG","SE"
481,2,76,"RG","SE"
20,7,76,"RG","SE"
10,1,76,"RG","SE"
22,4,76,"RG","SE"
61,50,76,"RG","SE"
61,50,76,"RG","SE"
16,3,76,"RG","SE"
535,3,76,"RG","SE"
15,2,76,"RG","SE"
26,59,76,"RG","SE"
11,27,77,"RG","SE"
86,2,77,"RG","SE"
44,30,77,"RG","SE"
42,1,77,"RG","SE"
78,21,77,"RG","SE"
21,7,77,"RG","SE"
17,5,77,"RG","SE"
85,15,77,"RG","SE"
418,1,77,"RG","SE"
5,4,77,"RG","SE"
68,5,77,"RG","SE"
67,9,77,"RG","SE"
51,2,77,"RG","SE"
78,21,77,"RG","SE"
91,5,77,"RG","SE"
4,5,77,"RG","SE"
89,1,77,"RG","SE"
26,59,77,"RG","SE"
54,39,77,"RG","SE"
28,50,77,"RG","SE"
539,1,77,"RG","SE"
45,1,77,"RG","SE"
49,1,77,"RG","SE"
44,30,77,"RG","SE"
15,2,77,"RG","SE"
72,9,77,"RG","SE"
38,3,77,"RG","SE"
11,27,77,"RG","SE"
312,1,77,"RG","SE"
67,9,77,"RG","SE"
13,1,77,"RG","SE"
28,50,78,"RG","SE"
539,1,78,"RG","SE"
392,1,78,"RG","SE"
545,1,78,"RG","SE"
67,9,78,"RG","SE"
45,1,78,"RG","SE"
83,2,78,"RG","SE"
7,21,78,"RG","SE"
49,1,78,"RG","SE"
80,6,78,"RG","SE"
14,30,78,"RG","SE"
16,3,78,"RG","SE"
535,3,78,"RG","SE"
20,7,78,"RG","SE"
44,30,78,"RG","SE"
19,5,78,"RG","SE"
7,21,78,"RG","SE"
87,1,78,"RG","SE"
544,1,78,"RG","SE"
51,2,78,"RG","SE"
3,5,78,"RG","SE"
13,1,78,"RG","SE"
481,2,78,"RG","SE"
25,1,78,"RG","SE"
78,21,78,"RG","SE"
64,9,78,"RG","SE"
12,11,78,"RG","SE"
17,5,78,"RG","SE"
57,9,78,"RG","SE"
26,59,78,"RG","SE"
76,4,78,"RG","SE"
77,17,79,"RG","SE"
38,3,79,"RG","SE"
85,15,79,"RG","SE"
4,5,79,"RG","SE"
80,6,79,"RG","SE"
7,21,79,"RG","SE"
87,1,79,"RG","SE"
392,1,79,"RG","SE"
25,1,79,"RG","SE"
544,1,79,"RG","SE"
26,59,79,"RG","SE"
28,50,79,"RG","SE"
12,11,79,"RG","SE"
32,6,79,"RG","SE"
49,1,79,"RG","SE"
11,27,79,"RG","SE"
33,12,79,"RG","SE"
5,4,79,"RG","SE"
27,2,79,"RG","SE"
57,9,79,"RG","SE"
545,1,79,"RG","SE"
54,39,79,"RG","SE"
418,1,79,"RG","SE"
11,27,79,"RG","SE"
14,30,79,"RG","SE"
64,9,79,"RG","SE"
44,30,79,"RG","SE"
42,1,79,"RG","SE"
78,21,79,"RG","SE"
76,4,79,"RG","SE"
78,21,79,"RG","SE"
545,1,80,"RG","SE"
13,1,80,"RG","SE"
91,5,80,"RG","SE"
44,30,80,"RG","SE"
12,11,80,"RG","SE"
68,5,80,"RG","SE"
36,3,80,"RG","SE"
76,4,80,"RG","SE"
21,7,80,"RG","SE"
45,1,80,"RG","SE"
28,50,80,"RG","SE"
548,1,80,"RG","SE"
61,50,80,"RG","SE"
3,5,80,"RG","SE"
87,1,80,"RG","SE"
78,21,80,"RG","SE"
10,1,80,"RG","SE"
89,1,80,"RG","SE"
44,30,80,"RG","SE"
17,5,80,"RG","SE"
61,50,80,"RG","SE"
33,12,80,"RG","SE"
547,1,80,"RG","SE"
80,6,80,"RG","SE"
80,6,80,"RG","SE"
91,5,80,"RG","SE"
86,2,80,"RG","SE"
14,30,80,"RG","SE"
7,21,80,"RG","SE"
481,2,80,"RG","SE"
25,1,80,"RG","SE"
51,2,81,"RG","SE"
14,30,81,"RG","SE"
12,11,81,"RG","SE"
28,50,81,"RG","SE"
22,4,81,"RG","SE"
64,9,81,"RG","SE"
67,9,81,"RG","SE"
20,7,81,"RG","SE"
91,5,81,"RG","SE"
16,3,81,"RG","SE"
38,3,81,"RG","SE"
28,50,81,"RG","SE"
26,59,81,"RG","SE"
86,2,81,"RG","SE"
77,17,81,"RG","SE"
80,6,81,"RG","SE"
11,27,81,"RG","SE"
51,2,81,"RG","SE"
83,2,81,"RG","SE"
44,30,81,"RG","SE"
61,50,81,"RG","SE"
27,2,81,"RG","SE"
33,12,81,"RG","SE"
87,1,81,"RG","SE"
535,3,81,"RG","SE"
3,5,81,"RG","SE"
13,1,81,"RG","SE"
25,1,81,"RG","SE"
392,1,81,"RG","SE"
32,6,81,"RG","SE"
65,4,81,"RG","SE"
32,6,82,"RG","SE"
76,4,82,"RG","SE"
51,2,82,"RG","SE"
11,27,82,"RG","SE"
45,1,82,"RG","SE"
392,1,82,"RG","SE"
13,1,82,"RG","SE"
4,5,82,"RG","SE"
54,39,82,"RG","SE"
77,17,82,"RG","SE"
36,3,82,"RG","SE"
83,2,82,"RG","SE"
15,2,82,"RG","SE"
42,1,82,"RG","SE"
7,21,82,"RG","SE"
7,21,82,"RG","SE"
78,21,82,"RG","SE"
312,1,82,"RG","SE"
481,2,82,"RG","SE"
27,2,82,"RG","SE"
44,30,82,"RG","SE"
67,9,82,"RG","SE"
25,1,82,"RG","SE"
539,1,82,"RG","SE"
65,4,82,"RG","SE"
67,9,82,"RG","SE"
547,1,82,"RG","SE"
87,1,82,"RG","SE"
32,6,82,"RG","SE"
545,1,82,"RG","SE"
548,1,82,"RG","SE"
91,5,83,"RG","SE"
545,1,83,"RG","SE"
14,30,83,"RG","SE"
80,6,83,"RG","SE"
67,9,83,"RG","SE"
28,50,83,"RG","SE"
57,9,83,"RG","SE"
17,5,83,"RG","SE"
10,1,83,"RG","SE"
44,30,83,"RG","SE"
67,9,83,"RG","SE"
544,1,83,"RG","SE"
14,30,83,"RG","SE"
33,12,83,"RG","SE"
16,3,83,"RG","SE"
19,5,83,"RG","SE"
25,1,83,"RG","SE"
392,1,83,"RG","SE"
20,7,83,"RG","SE"
80,6,83,"RG","SE"
548,1,83,"RG","SE"
11,27,83,"RG","SE"
85,15,83,"RG","SE"
72,9,83,"RG","SE"
54,39,83,"RG","SE"
78,21,83,"RG","SE"
76,4,83,"RG","SE"
11,27,83,"RG","SE"
91,5,83,"RG","SE"
28,50,83,"RG","SE"
61,50,83,"RG","SE"
64,9,84,"RG","SE"
33,12,84,"RG","SE"
33,12,84,"RG","SE"
91,5,84,"RG","SE"
22,4,84,"RG","SE"
27,2,84,"RG","SE"
42,1,84,"RG","SE"
15,2,84,"RG","SE"
65,4,84,"RG","SE"
85,15,84,"RG","SE"
87,1,84,"RG","SE"
49,1,84,"RG","SE"
20,7,84,"RG","SE"
11,27,84,"RG","SE"
38,3,84,"RG","SE"
78,21,84,"RG","SE"
57,9,84,"RG","SE"
67,9,84,"RG","SE"
77,17,84,"RG","SE"
28,50,84,"RG","SE"
44,30,84,"RG","SE"
61,50,84,"RG","SE"
548,1,84,"RG","SE"
4,5,84,"RG","SE"
535,3,84,"RG","SE"
32,6,84,"RG","SE"
26,59,84,"RG","SE"
16,3,84,"RG","SE"
3,5,84,"RG","SE"
14,30,84,"RG","SE"
68,5,84,"RG","SE"
67,9,85,"RG","SE"
80,6,85,"RG","SE"
481,2,85,"RG","SE"
26,59,85,"RG","SE"
51,2,85,"RG","SE"
548,1,85,"RG","SE"
13,1,85,"RG","SE"
76,4,85,"RG","SE"
11,27,85,"RG","SE"
544,1,85,"RG","SE"
72,9,85,"RG","SE"
3,5,85,"RG","SE"
44,30,85,"RG","SE"
19,5,85,"RG","SE"
547,1,85,"RG","SE"
32,6,85,"RG","SE"
38,3,85,"RG","SE"
545,1,85,"RG","SE"
72,9,85,"RG","SE"
86,2,85,"RG","SE"
28,50,85,"RG","SE"
10,1,85,"RG","SE"
21,7,85,"RG","SE"
89,1,85,"RG","SE"
7,21,85,"RG","SE"
61,50,85,"RG","SE"
78,21,85,"RG","SE"
77,17,85,"RG","SE"
61,50,85,"RG","SE"
33,12,85,"RG","SE"
392,1,85,"RG","SE"
61,50,86,"RG","SE"
78,21,86,"RG","SE"
392,1,86,"RG","SE"
11,27,86,"RG","SE"
67,9,86,"RG","SE"
49,1,86,"RG","SE"
51,2,86,"RG","SE"
51,2,86,"RG","SE"
10,1,86,"RG","SE"
20,7,86,"RG","SE"
36,3,86,"RG","SE"
15,2,86,"RG","SE"
28,50,86,"RG","SE"
85,15,86,"RG","SE"
22,4,86,"RG","SE"
44,30,86,"RG","SE"
14,30,86,"RG","SE"
7,21,86,"RG","SE"
91,5,86,"RG","SE"
545,1,86,"RG","SE"
67,9,86,"RG","SE"
3,5,86,"RG","SE"
548,1,86,"RG","SE"
21,7,86,"RG","SE"
45,1,86,"RG","SE"
32,6,86,"RG","SE"
27,2,86,"RG","SE"
481,2,86,"RG","SE"
65,4,86,"RG","SE"
57,9,86,"RG","SE"
17,5,86,"RG","SE"
49,1,87,"RG","SE"
85,15,87,"RG","SE"
65,4,87,"RG","SE"
54,39,87,"RG","SE"
539,1,87,"RG","SE"
5,4,87,"RG","SE"
13,1,87,"RG","SE"
91,5,87,"RG","SE"
20,7,87,"RG","SE"
83,2,87,"RG","SE"
67,9,87,"RG","SE"
26,59,87,"RG","SE"
14,30,87,"RG","SE"
548,1,87,"RG","SE"
38,3,87,"RG","SE"
72,9,87,"RG","SE"
11,27,87,"RG","SE"
547,1,87,"RG","SE"
28,50,87,"RG","SE"
32,6,87,"RG","SE"
25,1,87,"RG","SE"
36,3,87,"RG","SE"
33,12,87,"RG","SE"
26,59,87,"RG","SE"
77,17,87,"RG","SE"
22,4,87,"RG","SE"
32,6,87,"RG","SE"
4,5,87,"RG","SE"
392,1,87,"RG","SE"
14,30,87,"RG","SE"
67,9,87,"RG","SE"
547,1,88,"RG","SE"
544,1,88,"RG","SE"
51,2,88,"RG","SE"
45,1,88,"RG","SE"
548,1,88,"RG","SE"
539,1,88,"RG","SE"
57,9,88,"RG","SE"
19,5,88,"RG","SE"
12,11,88,"RG","SE"
72,9,88,"RG","SE"
85,15,88,"RG","SE"
44,30,88,"RG","SE"
481,2,88,"RG","SE"
12,11,88,"RG","SE"
67,9,88,"RG","SE"
87,1,88,"RG","SE"
535,3,88,"RG","SE"
49,1,88,"RG","SE"
86,2,88,"RG","SE"
80,6,88,"RG","SE"
77,17,88,"RG","SE"
33,12,88,"RG","SE"
22,4,88,"RG","SE"
64,9,88,"RG","SE"
20,7,88,"RG","SE"
38,3,88,"RG","SE"
20,7,88,"RG","SE"
80,6,88,"RG","SE"
15,2,88,"RG","SE"
25,1,88,"RG","SE"
91,5,88,"RG","SE"
32,6,89,"RG","SE"
12,11,89,"RG","SE"
86,2,89,"RG","SE"
26,59,89,"RG","SE"
25,1,89,"RG","SE"
64,9,89,"RG","SE"
20,7,89,"RG","SE"
539,1,89,"RG","SE"
7,21,89,"RG","SE"
27,2,89,"RG","SE"
45,1,89,"RG","SE"
61,50,89,"RG","SE"
49,1,89,"RG","SE"
33,12,89,"RG","SE"
14,30,89,"RG","SE"
61,50,89,"RG","SE"
87,1,89,"RG","SE"
7,21,89,"RG","SE"
68,5,89,"RG","SE"
547,1,89,"RG","SE"
544,1,89,"RG","SE"
12,11,89,"RG","SE"
77,17,89,"RG","SE"
85,15,89,"RG","SE"
44,30,89,"RG","SE"
32,6,89,"RG","SE"
33,12,89,"RG","SE"
78,21,89,"RG","SE"
91,5,89,"RG","SE"
77,17,89,"RG","SE"
83,2,89,"RG","SE"
45,1,90,"RG","SE"
392,1,90,"RG","SE"
64,9,90,"RG","SE"
44,30,90,"RG","SE"
72,9,90,"RG","SE"
28,50,90,"RG","SE"
20,7,90,"RG","SE"
20,7,90,"RG","SE"
61,50,90,"RG","SE"
19,5,90,"RG","SE"
481,2,90,"RG","SE"
7,21,90,"RG","SE"
42,1,90,"RG","SE"
11,27,90,"RG","SE"
25,1,90,"RG","SE"
77,17,90,"RG","SE"
14,30,90,"RG","SE"
80,6,90,"RG","SE"
545,1,90,"RG","SE"
57,9,90,"RG","SE"
535,3,90,"RG","SE"
85,15,90,"RG","SE"
44,30,90,"RG","SE"
36,3,90,"RG","SE"
21,7,90,"RG","SE"
77,17,90,"RG","SE"
3,5,90,"RG","SE"
12,11,90,"RG","SE"
11,27,90,"RG","SE"
5,4,90,"RG","SE"
27,2,90,"RG","SE"
15,2,91,"RG","SE"
72,9,91,"RG","SE"
51,2,91,"RG","SE"
77,17,91,"RG","SE"
539,1,91,"RG","SE"
61,50,91,"RG","SE"
68,5,91,"RG","SE"
77,17,91,"RG","SE"
85,15,91,"RG","SE"
38,3,91,"RG","SE"
83,2,91,"RG","SE"
33,12,91,"RG","SE"
44,30,91,"RG","SE"
12,11,91,"RG","SE"
20,7,91,"RG","SE"
45,1,91,"RG","SE"
545,1,91,"RG","SE"
25,1,91,"RG","SE"
22,4,91,"RG","SE"
14,30,91,"RG","SE"
80,6,91,"RG","SE"
26,59,91,"RG","SE"
80,6,91,"RG","SE"
61,50,91,"RG","SE"
535,3,91,"RG","SE"
16,3,91,"RG","SE"
19,5,91,"RG","SE"
42,1,91,"RG","SE"
11,27,91,"RG","SE"
481,2,91,"RG","SE"
7,21,91,"RG","SE"
3,5,92,"RG","SE"
27,2,92,"RG","SE"
545,1,92,"RG","SE"
83,2,92,"RG","SE"
20,7,92,"RG","SE"
25,1,92,"RG","SE"
28,50,92,"RG","SE"
10,1,92,"RG","SE"
44,30,92,"RG","SE"
481,2,92,"RG","SE"
7,21,92,"RG","SE"
11,27,92,"RG","SE"
13,1,92,"RG","SE"
61,50,92,"RG","SE"
91,5,92,"RG","SE"
72,9,92,"RG","SE"
78,21,92,"RG","SE"
539,1,92,"RG","SE"
51,2,92,"RG","SE"
80,6,92,"RG","SE"
28,50,92,"RG","SE"
67,9,92,"RG","SE"
392,1,92,"RG","SE"
86,2,92,"RG","SE"
17,5,92,"RG","SE"
312,1,92,"RG","SE"
64,9,92,"RG","SE"
4,5,92,"RG","SE"
12,11,92,"RG","SE"
61,50,92,"RG","SE"
33,12,92,"RG","SE"
7,21,93,"RG","SE"
57,9,93,"RG","SE"
86,2,93,"RG","SE"
80,6,93,"RG","SE"
87,1,93,"RG","SE"
65,4,93,"RG","SE"
21,7,93,"RG","SE"
44,30,93,"RG","SE"
26,59,93,"RG","SE"
11,27,93,"RG","SE"
20,7,93,"RG","SE"
481,2,93,"RG","SE"
5,4,93,"RG","SE"
10,1,93,"RG","SE"
20,7,93,"RG","SE"
14,30,93,"RG","SE"
54,39,93,"RG","SE"
3,5,93,"RG","SE"
547,1,93,"RG","SE"
22,4,93,"RG","SE"
312,1,93,"RG","SE"
78,21,93,"RG","SE"
77,17,93,"RG","SE"
44,30,93,"RG","SE"
61,50,93,"RG","SE"
4,5,93,"RG","SE"
42,1,93,"RG","SE"
68,5,93,"RG","SE"
72,9,93,"RG","SE"
32,6,93,"RG","SE"
76,4,93,"RG","SE"
78,21,94,"RG","SE"
11,27,94,"RG","SE"
481,2,94,"RG","SE"
4,5,94,"RG","SE"
16,3,94,"RG","SE"
44,30,94,"RG","SE"
54,39,94,"RG","SE"
545,1,94,"RG","SE"
11,27,94,"RG","SE"
72,9,94,"RG","SE"
68,5,94,"RG","SE"
44,30,94,"RG","SE"
76,4,94,"RG","SE"
27,2,94,"RG","SE"
7,21,94,"RG","SE"
33,12,94,"RG","SE"
28,50,94,"RG","SE"
57,9,94,"RG","SE"
392,1,94,"RG","SE"
78,21,94,"RG","SE"
77,17,94,"RG","SE"
3,5,94,"RG","SE"
87,1,94,"RG","SE"
80,6,94,"RG","SE"
535,3,94,"RG","SE"
539,1,94,"RG","SE"
32,6,94,"RG","SE"
544,1,94,"RG","SE"
91,5,94,"RG","SE"
67,9,94,"RG","SE"
57,9,94,"RG","SE"
77,17,95,"RG","SE"
76,4,95,"RG","SE"
13,1,95,"RG","SE"
22,4,95,"RG","SE"
7,21,95,"RG","SE"
61,50,95,"RG","SE"
25,1,95,"RG","SE"
42,1,95,"RG","SE"
20,7,95,"RG","SE"
312,1,95,"RG","SE"
80,6,95,"RG","SE"
27,2,95,"RG","SE"
32,6,95,"RG","SE"
77,17,95,"RG","SE"
20,7,95,"RG","SE"
91,5,95,"RG","SE"
545,1,95,"RG","SE"
11,27,95,"RG","SE"
33,12,95,"RG","SE"
26,59,95,"RG","SE"
65,4,95,"RG","SE"
26,59,95,"RG","SE"
481,2,95,"RG","SE"
21,7,95,"RG","SE"
61,50,95,"RG","SE"
72,9,95,"RG","SE"
539,1,95,"RG","SE"
91,5,95,"RG","SE"
14,30,95,"RG","SE"
14,30,95,"RG","SE"
54,39,95,"RG","SE"
91,5,96,"RG","SE"
77,17,96,"RG","SE"
57,9,96,"RG","SE"
54,39,96,"RG","SE"
392,1,96,"RG","SE"
5,4,96,"RG","SE"
78,21,96,"RG","SE"
7,21,96,"RG","SE"
45,1,96,"RG","SE"
44,30,96,"RG","SE"
12,11,96,"RG","SE"
4,5,96,"RG","SE"
78,21,96,"RG","SE"
15,2,96,"RG","SE"
3,5,96,"RG","SE"
17,5,96,"RG","SE"
539,1,96,"RG","SE"
28,50,96,"RG","SE"
80,6,96,"RG","SE"
547,1,96,"RG","SE"
64,9,96,"RG","SE"
61,50,96,"RG","SE"
80,6,96,"RG","SE"
14,30,96,"RG","SE"
545,1,96,"RG","SE"
33,12,96,"RG","SE"
10,1,96,"RG","SE"
11,27,96,"RG","SE"
32,6,96,"RG","SE"
22,4,96,"RG","SE"
11,27,96,"RG","SE"
26,59,97,"RG","SE"
11,27,97,"RG","SE"
68,5,97,"RG","SE"
78,21,97,"RG","SE"
49,1,97,"RG","SE"
64,9,97,"RG","SE"
65,4,97,"RG","SE"
312,1,97,"RG","SE"
67,9,97,"RG","SE"
80,6,97,"RG","SE"
14,30,97,"RG","SE"
7,21,97,"RG","SE"
80,6,97,"RG","SE"
77,17,97,"RG","SE"
20,7,97,"RG","SE"
535,3,97,"RG","SE"
5,4,97,"RG","SE"
87,1,97,"RG","SE"
42,1,97,"RG","SE"
67,9,97,"RG","SE"
77,17,97,"RG","SE"
78,21,97,"RG","SE"
15,2,97,"RG","SE"
33,12,97,"RG","SE"
16,3,97,"RG","SE"
4,5,97,"RG","SE"
10,1,97,"RG","SE"
14,30,97,"RG","SE"
44,30,97,"RG","SE"
25,1,97,"RG","SE"
85,15,97,"RG","SE"
91,5,98,"RG","SE"
392,1,98,"RG","SE"
19,5,98,"RG","SE"
86,2,98,"RG","SE"
64,9,98,"RG","SE"
25,1,98,"RG","SE"
544,1,98,"RG","SE"
22,4,98,"RG","SE"
13,1,98,"RG","SE"
44,30,98,"RG","SE"
3,5,98,"RG","SE"
539,1,98,"RG","SE"
49,1,98,"RG","SE"
33,12,98,"RG","SE"
17,5,98,"RG","SE"
12,11,98,"RG","SE"
548,1,98,"RG","SE"
72,9,98,"RG","SE"
26,59,98,"RG","SE"
312,1,98,"RG","SE"
77,17,98,"RG","SE"
20,7,98,"RG","SE"
21,7,98,"RG","SE"
45,1,98,"RG","SE"
54,39,98,"RG","SE"
7,21,98,"RG","SE"
80,6,98,"RG","SE"
77,17,98,"RG","SE"
38,3,98,"RG","SE"
51,2,98,"RG","SE"
32,6,98,"RG","SE"
11,27,99,"RG","SE"
78,21,99,"RG","SE"
83,2,99,"RG","SE"
10,1,99,"RG","SE"
42,1,99,"RG","SE"
67,9,99,"RG","SE"
11,27,99,"RG","SE"
86,2,99,"RG","SE"
12,11,99,"RG","SE"
77,17,99,"RG","SE"
76,4,99,"RG","SE"
72,9,99,"RG","SE"
51,2,99,"RG","SE"
15,2,99,"RG","SE"
57,9,99,"RG","SE"
12,11,99,"RG","SE"
49,1,99,"RG","SE"
51,2,99,"RG","SE"
54,39,99,"RG","SE"
57,9,99,"RG","SE"
13,1,99,"RG","SE"
72,9,99,"RG","SE"
392,1,99,"RG","SE"
22,4,99,"RG","SE"
78,21,99,"RG","SE"
544,1,99,"RG","SE"
32,6,99,"RG","SE"
61,50,99,"RG","SE"
32,6,99,"RG","SE"
27,2,99,"RG","SE"
36,3,99,"RG","SE"
28,50,100,"RG","SE"
80,6,100,"RG","SE"
13,1,100,"RG","SE"
28,50,100,"RG","SE"
12,11,100,"RG","SE"
64,9,100,"RG","SE"
42,1,100,"RG","SE"
36,3,100,"RG","SE"
67,9,100,"RG","SE"
49,1,100,"RG","SE"
91,5,100,"RG","SE"
33,12,100,"RG","SE"
418,1,100,"RG","SE"
7,21,100,"RG","SE"
38,3,100,"RG","SE"
12,11,100,"RG","SE"
535,3,100,"RG","SE"
83,2,100,"RG","SE"
72,9,100,"RG","SE"
15,2,100,"RG","SE"
19,5,100,"RG","SE"
14,30,100,"RG","SE"
11,27,100,"RG","SE"
545,1,100,"RG","SE"
51,2,100,"RG","SE"
61,50,100,"RG","SE"
25,1,100,"RG","SE"
11,27,100,"RG","SE"
67,9,100,"RG","SE"
86,2,100,"RG","SE"
57,9,100,"RG","SE"
33,12,101,"RG","SE"
481,2,101,"RG","SE"
15,2,101,"RG","SE"
312,1,101,"RG","SE"
54,39,101,"RG","SE"
10,1,101,"RG","SE"
49,1,101,"RG","SE"
61,50,101,"RG","SE"
5,4,101,"RG","SE"
64,9,101,"RG","SE"
65,4,101,"RG","SE"
20,7,101,"RG","SE"
17,5,101,"RG","SE"
12,11,101,"RG","SE"
11,27,101,"RG","SE"
68,5,101,"RG","SE"
87,1,101,"RG","SE"
32,6,101,"RG","SE"
76,4,101,"RG","SE"
77,17,101,"RG","SE"
21,7,101,"RG","SE"
57,9,101,"RG","SE"
42,1,101,"RG","SE"
67,9,101,"RG","SE"
4,5,101,"RG","SE"
27,2,101,"RG","SE"
91,5,101,"RG","SE"
61,50,101,"RG","SE"
14,30,101,"RG","SE"
20,7,101,"RG","SE"
12,11,101,"RG","SE"
65,4,102,"RG","SE"
76,4,102,"RG","SE"
12,11,102,"RG","SE"
87,1,102,"RG","SE"
51,2,102,"RG","SE"
10,1,102,"RG","SE"
15,2,102,"RG","SE"
548,1,102,"RG","SE"
392,1,102,"RG","SE"
21,7,102,"RG","SE"
4,5,102,"RG","SE"
28,50,102,"RG","SE"
80,6,102,"RG","SE"
57,9,102,"RG","SE"
7,21,102,"RG","SE"
77,17,102,"RG","SE"
28,50,102,"RG","SE"
80,6,102,"RG","SE"
78,21,102,"RG","SE"
33,12,102,"RG","SE"
20,7,102,"RG","SE"
61,50,102,"RG","SE"
17,5,102,"RG","SE"
14,30,102,"RG","SE"
27,2,102,"RG","SE"
64,9,102,"RG","SE"
68,5,102,"RG","SE"
26,59,102,"RG","SE"
312,1,102,"RG","SE"
42,1,102,"RG","SE"
32,6,102,"RG","SE"
49,1,103,"RG","SE"
418,1,103,"RG","SE"
19,5,103,"RG","SE"
72,9,103,"RG","SE"
65,4,103,"RG","SE"
547,1,103,"RG","SE"
32,6,103,"RG","SE"
33,12,103,"RG","SE"
44,30,103,"RG","SE"
548,1,103,"RG","SE"
16,3,103,"RG","SE"
87,1,103,"RG","SE"
17,5,103,"RG","SE"
44,30,103,"RG","SE"
22,4,103,"RG","SE"
67,9,103,"RG","SE"
21,7,103,"RG","SE"
20,7,103,"RG","SE"
7,21,103,"RG","SE"
83,2,103,"RG","SE"
4,5,103,"RG","SE"
57,9,103,"RG","SE"
77,17,103,"RG","SE"
545,1,103,"RG","SE"
392,1,103,"RG","SE"
91,5,103,"RG","SE"
45,1,103,"RG","SE"
535,3,103,"RG","SE"
36,3,103,"RG","SE"
12,11,103,"RG","SE"
54,39,103,"RG","SE"
535,3,104,"RG","SE"
78,21,104,"RG","SE"
80,6,104,"RG","SE"
83,2,104,"RG","SE"
418,1,104,"RG","SE"
7,21,104,"RG","SE"
85,15,104,"RG","SE"
44,30,104,"RG","SE"
312,1,104,"RG","SE"
54,39,104,"RG","SE"
548,1,104,"RG","SE"
25,1,104,"RG","SE"
7,21,104,"RG","SE"
26,59,104,"RG","SE"
45,1,104,"RG","SE"
20,7,104,"RG","SE"
61,50,104,"RG","SE"
16,3,104,"RG","SE"
36,3,104,"RG","SE"
61,50,104,"RG","SE"
26,59,104,"RG","SE"
15,2,104,"RG","SE"
481,2,104,"RG","SE"
5,4,104,"RG","SE"
87,1,104,"RG","SE"
49,1,104,"RG","SE"
11,27,104,"RG","SE"
44,30,104,"RG","SE"
72,9,104,"RG","SE"
17,5,104,"RG","SE"
67,9,104,"RG","SE"
548,1,105,"RG","SE"
80,6,105,"RG","SE"
16,3,105,"RG","SE"
535,3,105,"RG","SE"
26,59,105,"RG","SE"
38,3,105,"RG","SE"
15,2,105,"RG","SE"
17,5,105,"RG","SE"
418,1,105,"RG","SE"
80,6,105,"RG","SE"
25,1,105,"RG","SE"
78,21,105,"RG","SE"
78,21,105,"RG","SE"
85,15,105,"RG","SE"
61,50,105,"RG","SE"
11,27,105,"RG","SE"
54,39,105,"RG","SE"
481,2,105,"RG","SE"
14,30,105,"RG","SE"
44,30,105,"RG","SE"
45,1,105,"RG","SE"
72,9,105,"RG","SE"
87,1,105,"RG","SE"
392,1,105,"RG","SE"
544,1,105,"RG","SE"
7,21,105,"RG","SE"
21,7,105,"RG","SE"
57,9,105,"RG","SE"
33,12,105,"RG","SE"
64,9,105,"RG","SE"
67,9,105,"RG","SE"
4,5,106,"RG","SE"
38,3,106,"RG","SE"
80,6,106,"RG","SE"
26,59,106,"RG","SE"
83,2,106,"RG","SE"
12,11,106,"RG","SE"
25,1,106,"RG","SE"
86,2,106,"RG","SE"
21,7,106,"RG","SE"
89,1,106,"RG","SE"
19,5,106,"RG","SE"
15,2,106,"RG","SE"
54,39,106,"RG","SE"
32,6,106,"RG","SE"
65,4,106,"RG","SE"
14,30,106,"RG","SE"
312,1,106,"RG","SE"
548,1,106,"RG","SE"
72,9,106,"RG","SE"
51,2,106,"RG","SE"
16,3,106,"RG","SE"
57,9,106,"RG","SE"
418,1,106,"RG","SE"
27,2,106,"RG","SE"
3,5,106,"RG","SE"
80,6,106,"RG","SE"
32,6,106,"RG","SE"
22,4,106,"RG","SE"
33,12,106,"RG","SE"
44,30,106,"RG","SE"
7,21,106,"RG","SE"
12,11,107,"RG","SE"
535,3,107,"RG","SE"
44,30,107,"RG","SE"
5,4,107,"RG","SE"
32,6,107,"RG","SE"
418,1,107,"RG","SE"
481,2,107,"RG","SE"
21,7,107,"RG","SE"
28,50,107,"RG","SE"
45,1,107,"RG","SE"
3,5,107,"RG","SE"
28,50,107,"RG","SE"
68,5,107,"RG","SE"
25,1,107,"RG","SE"
86,2,107,"RG","SE"
16,3,107,"RG","SE"
312,1,107,"RG","SE"
27,2,107,"RG","SE"
85,15,107,"RG","SE"
61,50,107,"RG","SE"
51,2,107,"RG","SE"
36,3,107,"RG","SE"
61,50,107,"RG","SE"
26,59,107,"RG","SE"
19,5,107,"RG","SE"
14,30,107,"RG","SE"
80,6,107,"RG","SE"
7,21,107,"RG","SE"
12,11,107,"RG","SE"
51,2,107,"RG","SE"
33,12,107,"RG","SE"
80,6,108,"RG","SE"
548,1,108,"RG","SE"
80,6,108,"RG","SE"
11,27,108,"RG","SE"
32,6,108,"RG","SE"
28,50,108,"RG","SE"
26,59,108,"RG","SE"
22,4,108,"RG","SE"
42,1,108,"RG","SE"
45,1,108,"RG","SE"
76,4,108,"RG","SE"
36,3,108,"RG","SE"
51,2,108,"RG","SE"
57,9,108,"RG","SE"
535,3,108,"RG","SE"
21,7,108,"RG","SE"
15,2,108,"RG","SE"
77,17,108,"RG","SE"
20,7,108,"RG","SE"
91,5,108,"RG","SE"
481,2,108,"RG","SE"
10,1,108,"RG","SE"
61,50,108,"RG","SE"
44,30,108,"RG","SE"
78,21,108,"RG","SE"
11,27,108,"RG","SE"
77,17,108,"RG","SE"
19,5,108,"RG","SE"
25,1,108,"RG","SE"
12,11,108,"RG","SE"
44,30,108,"RG","SE"
77,17,109,"RG","SE"
51,2,109,"RG","SE"
38,3,109,"RG","SE"
28,50,109,"RG","SE"
27,2,109,"RG","SE"
77,17,109,"RG","SE"
418,1,109,"RG","SE"
12,11,109,"RG","SE"
72,9,109,"RG","SE"
68,5,109,"RG","SE"
7,21,109,"RG","SE"
89,1,109,"RG","SE"
91,5,109,"RG","SE"
33,12,109,"RG","SE"
57,9,109,"RG","SE"
78,21,109,"RG","SE"
64,9,109,"RG","SE"
65,4,109,"RG","SE"
72,9,109,"RG","SE"
76,4,109,"RG","SE"
3,5,109,"RG","SE"
45,1,109,"RG","SE"
22,4,109,"RG","SE"
11,27,109,"RG","SE"
15,2,109,"RG","SE"
11,27,109,"RG","SE"
19,5,109,"RG","SE"
80,6,109,"RG","SE"
42,1,109,"RG","SE"
61,50,109,"RG","SE"
78,21,109,"RG","SE"
76,4,110,"RG","SE"
78,21,110,"RG","SE"
548,1,110,"RG","SE"
28,50,110,"RG","SE"
54,39,110,"RG","SE"
44,30,110,"RG","SE"
3,5,110,"RG","SE"
44,30,110,"RG","SE"
80,6,110,"RG","SE"
89,1,110,"RG","SE"
85,15,110,"RG","SE"
20,7,110,"RG","SE"
51,2,110,"RG","SE"
67,9,110,"RG","SE"
77,17,110,"RG","SE"
12,11,110,"RG","SE"
12,11,110,"RG","SE"
545,1,110,"RG","SE"
14,30,110,"RG","SE"
26,59,110,"RG","SE"
38,3,110,"RG","SE"
22,4,110,"RG","SE"
15,2,110,"RG","SE"
61,50,110,"RG","SE"
87,1,110,"RG","SE"
33,12,110,"RG","SE"
33,12,110,"RG","SE"
45,1,110,"RG","SE"
25,1,110,"RG","SE"
51,2,110,"RG","SE"
7,21,110,"RG","SE"
64,9,111,"RG","SE"
544,1,111,"RG","SE"
61,50,111,"RG","SE"
91,5,111,"RG","SE"
481,2,111,"RG","SE"
16,3,111,"RG","SE"
77,17,111,"RG","SE"
45,1,111,"RG","SE"
3,5,111,"RG","SE"
44,30,111,"RG","SE"
83,2,111,"RG","SE"
85,15,111,"RG","SE"
86,2,111,"RG","SE"
11,27,111,"RG","SE"
17,5,111,"RG","SE"
65,4,111,"RG","SE"
4,5,111,"RG","SE"
78,21,111,"RG","SE"
392,1,111,"RG","SE"
51,2,111,"RG","SE"
91,5,111,"RG","SE"
44,30,111,"RG","SE"
7,21,111,"RG","SE"
51,2,111,"RG","SE"
20,7,111,"RG","SE"
5,4,111,"RG","SE"
545,1,111,"RG","SE"
68,5,111,"RG","SE"
539,1,111,"RG","SE"
61,50,111,"RG","SE"
12,11,111,"RG","SE"
3,5,112,"RG","SE"
77,17,112,"RG","SE"
89,1,112,"RG","SE"
72,9,112,"RG","SE"
26,59,112,"RG","SE"
33,12,112,"RG","SE"
20,7,112,"RG","SE"
19,5,112,"RG","SE"
392,1,112,"RG","SE"
20,7,112,"RG","SE"
14,30,112,"RG","SE"
51,2,112,"RG","SE"
68,5,112,"RG","SE"
11,27,112,"RG","SE"
7,21,112,"RG","SE"
38,3,112,"RG","SE"
87,1,112,"RG","SE"
61,50,112,"RG","SE"
7,21,112,"RG","SE"
72,9,112,"RG","SE"
67,9,112,"RG","SE"
16,3,112,"RG","SE"
36,3,112,"RG","SE"
539,1,112,"RG","SE"
64,9,112,"RG","SE"
33,12,112,"RG","SE"
67,9,112,"RG","SE"
42,1,112,"RG","SE"
49,1,112,"RG","SE"
11,27,112,"RG","SE"
4,5,112,"RG","SE"
54,39,113,"RG","SE"
12,11,113,"RG","SE"
91,5,113,"RG","SE"
20,7,113,"RG","SE"
547,1,113,"RG","SE"
33,12,113,"RG","SE"
42,1,113,"RG","SE"
44,30,113,"RG","SE"
77,17,113,"RG","SE"
20,7,113,"RG","SE"
57,9,113,"RG","SE"
10,1,113,"RG","SE"
67,9,113,"RG","SE"
83,2,113,"RG","SE"
51,2,113,"RG","SE"
7,21,113,"RG","SE"
28,50,113,"RG","SE"
32,6,113,"RG","SE"
14,30,113,"RG","SE"
3,5,113,"RG","SE"
11,27,113,"RG","SE"
5,4,113,"RG","SE"
78,21,113,"RG","SE"
77,17,113,"RG","SE"
61,50,113,"RG","SE"
4,5,113,"RG","SE"
548,1,113,"RG","SE"
67,9,113,"RG","SE"
44,30,113,"RG","SE"
68,5,113,"RG","SE"
49,1,113,"RG","SE"
28,50,114,"RG","SE"
26,59,114,"RG","SE"
16,3,114,"RG","SE"
33,12,114,"RG","SE"
535,3,114,"RG","SE"
14,30,114,"RG","SE"
17,5,114,"RG","SE"
20,7,114,"RG","SE"
481,2,114,"RG","SE"
25,1,114,"RG","SE"
7,21,114,"RG","SE"
45,1,114,"RG","SE"
22,4,114,"RG","SE"
312,1,114,"RG","SE"
10,1,114,"RG","SE"
89,1,114,"RG","SE"
21,7,114,"RG","SE"
26,59,114,"RG","SE"
54,39,114,"RG","SE"
548,1,114,"RG","SE"
83,2,114,"RG","SE"
72,9,114,"RG","SE"
57,9,114,"RG","SE"
78,21,114,"RG","SE"
4,5,114,"RG","SE"
76,4,114,"RG","SE"
20,7,114,"RG","SE"
80,6,114,"RG","SE"
72,9,114,"RG","SE"
5,4,114,"RG","SE"
85,15,114,"RG","SE"
13,1,115,"RG","SE"
80,6,115,"RG","SE"
51,2,115,"RG","SE"
38,3,115,"RG","SE"
42,1,115,"RG","SE"
28,50,115,"RG","SE"
20,7,115,"RG","SE"
45,1,115,"RG","SE"
539,1,115,"RG","SE"
76,4,115,"RG","SE"
22,4,115,"RG","SE"
44,30,115,"RG","SE"
87,1,115,"RG","SE"
20,7,115,"RG","SE"
312,1,115,"RG","SE"
77,17,115,"RG","SE"
67,9,115,"RG","SE"
392,1,115,"RG","SE"
418,1,115,"RG","SE"
25,1,115,"RG","SE"
57,9,115,"RG","SE"
77,17,115,"RG","SE"
12,11,115,"RG","SE"
72,9,115,"RG","SE"
78,21,115,"RG","SE"
36,3,115,"RG","SE"
89,1,115,"RG","SE"
545,1,115,"RG","SE"
17,5,115,"RG","SE"
7,21,115,"RG","SE"
547,1,115,"RG","SE"
80,6,116,"RG","SE"
77,17,116,"RG","SE"
83,2,116,"RG","SE"
57,9,116,"RG","SE"
32,6,116,"RG","SE"
44,30,116,"RG","SE"
547,1,116,"RG","SE"
57,9,116,"RG","SE"
20,7,116,"RG","SE"
25,1,116,"RG","SE"
418,1,116,"RG","SE"
535,3,116,"RG","SE"
33,12,116,"RG","SE"
42,1,116,"RG","SE"
61,50,116,"RG","SE"
61,50,116,"RG","SE"
64,9,116,"RG","SE"
51,2,116,"RG","SE"
539,1,116,"RG","SE"
392,1,116,"RG","SE"
15,2,116,"RG","SE"
19,5,116,"RG","SE"
14,30,116,"RG","SE"
12,11,116,"RG","SE"
68,5,116,"RG","SE"
91,5,116,"RG","SE"
28,50,116,"RG","SE"
545,1,116,"RG","SE"
7,21,116,"RG","SE"
544,1,116,"RG","SE"
67,9,116,"RG","SE"
45,1,117,"RG","SE"
61,50,117,"RG","SE"
86,2,117,"RG","SE"
72,9,117,"RG","SE"
57,9,117,"RG","SE"
11,27,117,"RG","SE"
89,1,117,"RG","SE"
25,1,117,"RG","SE"
26,59,117,"RG","SE"
7,21,117,"RG","SE"
392,1,117,"RG","SE"
481,2,117,"RG","SE"
544,1,117,"RG","SE"
57,9,117,"RG","SE"
14,30,117,"RG","SE"
42,1,117,"RG","SE"
21,7,117,"RG","SE"
67,9,117,"RG","SE"
15,2,117,"RG","SE"
7,21,117,"RG","SE"
51,2,117,"RG","SE"
539,1,117,"RG","SE"
77,17,117,"RG","SE"
38,3,117,"RG","SE"
80,6,117,"RG","SE"
312,1,117,"RG","SE"
77,17,117,"RG","SE"
5,4,117,"RG","SE"
33,12,117,"RG","SE"
28,50,117,"RG","SE"
85,15,117,"RG","SE"
547,1,118,"RG","SE"
14,30,118,"RG","SE"
45,1,118,"RG","SE"
67,9,118,"RG","SE"
72,9,118,"RG","SE"
86,2,118,"RG","SE"
32,6,118,"RG","SE"
14,30,118,"RG","SE"
26,59,118,"RG","SE"
28,50,118,"RG","SE"
535,3,118,"RG","SE"
539,1,118,"RG","SE"
44,30,118,"RG","SE"
76,4,118,"RG","SE"
19,5,118,"RG","SE"
7,21,118,"RG","SE"
72,9,118,"RG","SE"
10,1,118,"RG","SE"
87,1,118,"RG","SE"
83,2,118,"RG","SE"
78,21,118,"RG","SE"
4,5,118,"RG","SE"
392,1,118,"RG","SE"
33,12,118,"RG","SE"
20,7,118,"RG","SE"
80,6,118,"RG","SE"
64,9,118,"RG","SE"
91,5,118,"RG","SE"
548,1,118,"RG","SE"
91,5,118,"RG","SE"
38,3,118,"RG","SE"
32,6,119,"RG","SE"
15,2,119,"RG","SE"
65,4,119,"RG","SE"
77,17,119,"RG","SE"
44,30,119,"RG","SE"
16,3,119,"RG","SE"
27,2,119,"RG","SE"
91,5,119,"RG","SE"
85,15,119,"RG","SE"
11,27,119,"RG","SE"
51,2,119,"RG","SE"
33,12,119,"RG","SE"
548,1,119,"RG","SE"
4,5,119,"RG","SE"
12,11,119,"RG","SE"
28,50,119,"RG","SE"
49,1,119,"RG","SE"
42,1,119,"RG","SE"
17,5,119,"RG","SE"
86,2,119,"RG","SE"
64,9,119,"RG","SE"
57,9,119,"RG","SE"
539,1,119,"RG","SE"
36,3,119,"RG","SE"
20,7,119,"RG","SE"
76,4,119,"RG","SE"
20,7,119,"RG","SE"
45,1,119,"RG","SE"
72,9,119,"RG","SE"
14,30,119,"RG","SE"
535,3,119,"RG","SE"
45,1,120,"RG","SE"
544,1,120,"RG","SE"
15,2,120,"RG","SE"
89,1,120,"RG","SE"
85,15,120,"RG","SE"
7,21,120,"RG","SE"
5,4,120,"RG","SE"
72,9,120,"RG","SE"
28,50,120,"RG","SE"
22,4,120,"RG","SE"
80,6,120,"RG","SE"
26,59,120,"RG","SE"
76,4,120,"RG","SE"
44,30,120,"RG","SE"
10,1,120,"RG","SE"
36,3,120,"RG","SE"
44,30,120,"RG","SE"
545,1,120,"RG","SE"
3,5,120,"RG","SE"
67,9,120,"RG","SE"
83,2,120,"RG","SE"
64,9,120,"RG","SE"
27,2,120,"RG","SE"
21,7,120,"RG","SE"
12,11,120,"RG","SE"
38,3,120,"RG","SE"
20,7,120,"RG","SE"
51,2,120,"RG","SE"
12,11,120,"RG","SE"
548,1,120,"RG","SE"
535,3,120,"RG","SE"
7,21,121,"RG","SE"
33,12,121,"RG","SE"
539,1,121,"RG","SE"
80,6,121,"RG","SE"
13,1,121,"RG","SE"
45,1,121,"RG","SE"
28,50,121,"RG","SE"
83,2,121,"RG","SE"
76,4,121,"RG","SE"
72,9,121,"RG","SE"
28,50,121,"RG","SE"
57,9,121,"RG","SE"
14,30,121,"RG","SE"
72,9,121,"RG","SE"
418,1,121,"RG","SE"
535,3,121,"RG","SE"
77,17,121,"RG","SE"
57,9,121,"RG","SE"
91,5,121,"RG","SE"
44,30,121,"RG","SE"
10,1,121,"RG","SE"
14,30,121,"RG","SE"
91,5,121,"RG","SE"
544,1,121,"RG","SE"
20,7,121,"RG","SE"
15,2,121,"RG","SE"
32,6,121,"RG","SE"
26,59,121,"RG","SE"
67,9,121,"RG","SE"
20,7,121,"RG","SE"
77,17,121,"RG","SE"
548,1,122,"RG","SE"
89,1,122,"RG","SE"
57,9,122,"RG","SE"
21,7,122,"RG","SE"
15,2,122,"RG","SE"
65,4,122,"RG","SE"
76,4,122,"RG","SE"
27,2,122,"RG","SE"
91,5,122,"RG","SE"
67,9,122,"RG","SE"
51,2,122,"RG","SE"
64,9,122,"RG","SE"
45,1,122,"RG","SE"
3,5,122,"RG","SE"
83,2,122,"RG","SE"
61,50,122,"RG","SE"
392,1,122,"RG","SE"
36,3,122,"RG","SE"
547,1,122,"RG","SE"
20,7,122,"RG","SE"
11,27,122,"RG","SE"
51,2,122,"RG","SE"
38,3,122,"RG","SE"
26,59,122,"RG","SE"
22,4,122,"RG","SE"
13,1,122,"RG","SE"
54,39,122,"RG","SE"
19,5,122,"RG","SE"
68,5,122,"RG","SE"
61,50,122,"RG","SE"
57,9,122,"RG","SE"
67,9,123,"RG","SE"
418,1,123,"RG","SE"
61,50,123,"RG","SE"
51,2,123,"RG","SE"
13,1,123,"RG","SE"
67,9,123,"RG","SE"
87,1,123,"RG","SE"
44,30,123,"RG","SE"
80,6,123,"RG","SE"
54,39,123,"RG","SE"
26,59,123,"RG","SE"
85,15,123,"RG","SE"
12,11,123,"RG","SE"
72,9,123,"RG","SE"
7,21,123,"RG","SE"
42,1,123,"RG","SE"
548,1,123,"RG","SE"
14,30,123,"RG","SE"
5,4,123,"RG","SE"
78,21,123,"RG","SE"
64,9,123,"RG","SE"
32,6,123,"RG","SE"
7,21,123,"RG","SE"
539,1,123,"RG","SE"
91,5,123,"RG","SE"
10,1,123,"RG","SE"
545,1,123,"RG","SE"
57,9,123,"RG","SE"
22,4,123,"RG","SE"
27,2,123,"RG","SE"
78,21,123,"RG","SE"
13,1,124,"RG","SE"
4,5,124,"RG","SE"
87,1,124,"RG","SE"
12,11,124,"RG","SE"
38,3,124,"RG","SE"
535,3,124,"RG","SE"
61,50,124,"RG","SE"
548,1,124,"RG","SE"
51,2,124,"RG","SE"
44,30,124,"RG","SE"
51,2,124,"RG","SE"
12,11,124,"RG","SE"
61,50,124,"RG","SE"
49,1,124,"RG","SE"
392,1,124,"RG","SE"
80,6,124,"RG","SE"
19,5,124,"RG","SE"
32,6,124,"RG","SE"
77,17,124,"RG","SE"
28,50,124,"RG","SE"
45,1,124,"RG","SE"
32,6,124,"RG","SE"
26,59,124,"RG","SE"
14,30,124,"RG","SE"
11,27,124,"RG","SE"
10,1,124,"RG","SE"
36,3,124,"RG","SE"
86,2,124,"RG","SE"
3,5,124,"RG","SE"
44,30,124,"RG","SE"
76,4,124,"RG","SE"
26,59,125,"RG","SE"
67,9,125,"RG","SE"
28,50,125,"RG","SE"
86,2,125,"RG","SE"
77,17,125,"RG","SE"
89,1,125,"RG","SE"
78,21,125,"RG","SE"
51,2,125,"RG","SE"
20,7,125,"RG","SE"
91,5,125,"RG","SE"
36,3,125,"RG","SE"
20,7,125,"RG","SE"
13,1,125,"RG","SE"
83,2,125,"RG","SE"
418,1,125,"RG","SE"
78,21,125,"RG","SE"
51,2,125,"RG","SE"
539,1,125,"RG","SE"
11,27,125,"RG","SE"
45,1,125,"RG","SE"
85,15,125,"RG","SE"
91,5,125,"RG","SE"
3,5,125,"RG","SE"
49,1,125,"RG","SE"
57,9,125,"RG","SE"
87,1,125,"RG","SE"
61,50,125,"RG","SE"
28,50,125,"RG","SE"
15,2,125,"RG","SE"
12,11,125,"RG","SE"
7,21,125,"RG","SE"
78,21,126,"RG","SE"
64,9,126,"RG","SE"
22,4,126,"RG","SE"
32,6,126,"RG","SE"
7,21,126,"RG","SE"
57,9,126,"RG","SE"
33,12,126,"RG","SE"
27,2,126,"RG","SE"
547,1,126,"RG","SE"
61,50,126,"RG","SE"
28,50,126,"RG","SE"
87,1,126,"RG","SE"
77,17,126,"RG","SE"
539,1,126,"RG","SE"
5,4,126,"RG","SE"
28,50,126,"RG","SE"
61,50,126,"RG","SE"
33,12,126,"RG","SE"
481,2,126,"RG","SE"
38,3,126,"RG","SE"
57,9,126,"RG","SE"
36,3,126,"RG","SE"
20,7,126,"RG","SE"
72,9,126,"RG","SE"
80,6,126,"RG","SE"
12,11,126,"RG","SE"
91,5,126,"RG","SE"
89,1,126,"RG","SE"
10,1,126,"RG","SE"
44,30,126,"RG","SE"
11,27,126,"RG","SE"
33,12,127,"RG","SE"
12,11,127,"RG","SE"
544,1,127,"RG","SE"
77,17,127,"RG","SE"
10,1,127,"RG","SE"
547,1,127,"RG","SE"
11,27,127,"RG","SE"
44,30,127,"RG","SE"
548,1,127,"RG","SE"
44,30,127,"RG","SE"
65,4,127,"RG","SE"
86,2,127,"RG","SE"
17,5,127,"RG","SE"
76,4,127,"RG","SE"
28,50,127,"RG","SE"
51,2,127,"RG","SE"
80,6,127,"RG","SE"
5,4,127,"RG","SE"
85,15,127,"RG","SE"
7,21,127,"RG","SE"
91,5,127,"RG","SE"
89,1,127,"RG","SE"
32,6,127,"RG","SE"
87,1,127,"RG","SE"
72,9,127,"RG","SE"
16,3,127,"RG","SE"
61,50,127,"RG","SE"
19,5,127,"RG","SE"
67,9,127,"RG","SE"
78,21,127,"RG","SE"
25,1,127,"RG","SE"
19,5,128,"RG","SE"
67,9,128,"RG","SE"
5,4,128,"RG","SE"
91,5,128,"RG","SE"
86,2,128,"RG","SE"
25,1,128,"RG","SE"
14,30,128,"RG","SE"
27,2,128,"RG","SE"
77,17,128,"RG","SE"
26,59,128,"RG","SE"
32,6,128,"RG","SE"
57,9,128,"RG","SE"
44,30,128,"RG","SE"
65,4,128,"RG","SE"
4,5,128,"RG","SE"
54,39,128,"RG","SE"
78,21,128,"RG","SE"
80,6,128,"RG","SE"
83,2,128,"RG","SE"
49,1,128,"RG","SE"
15,2,128,"RG","SE"
33,12,128,"RG","SE"
392,1,128,"RG","SE"
76,4,128,"RG","SE"
32,6,128,"RG","SE"
7,21,128,"RG","SE"
22,4,128,"RG","SE"
13,1,128,"RG","SE"
61,50,128,"RG","SE"
33,12,128,"RG","SE"
72,9,128,"RG","SE"
61,50,129,"RG","SE"
3,5,129,"RG","SE"
67,9,129,"RG","SE"
91,5,129,"RG","SE"
44,30,129,"RG","SE"
38,3,129,"RG","SE"
22,4,129,"RG","SE"
10,1,129,"RG","SE"
13,1,129,"RG","SE"
545,1,129,"RG","SE"
45,1,129,"RG","SE"
535,3,129,"RG","SE"
11,27,129,"RG","SE"
67,9,129,"RG","SE"
27,2,129,"RG","SE"
26,59,129,"RG","SE"
418,1,129,"RG","SE"
83,2,129,"RG","SE"
12,11,129,"RG","SE"
33,12,129,"RG","SE"
91,5,129,"RG","SE"
33,12,129,"RG","SE"
72,9,129,"RG","SE"
54,39,129,"RG","SE"
11,27,129,"RG","SE"
392,1,129,"RG","SE"
78,21,129,"RG","SE"
7,21,129,"RG","SE"
20,7,129,"RG","SE"
78,21,129,"RG","SE"
77,17,129,"RG","SE"
11,27,130,"RG","SE"
64,9,130,"RG","SE"
78,21,130,"RG","SE"
32,6,130,"RG","SE"
28,50,130,"RG","SE"
77,17,130,"RG","SE"
51,2,130,"RG","SE"
13,1,130,"RG","SE"
20,7,130,"RG","SE"
544,1,130,"RG","SE"
76,4,130,"RG","SE"
547,1,130,"RG","SE"
32,6,130,"RG","SE"
5,4,130,"RG","SE"
83,2,130,"RG","SE"
21,7,130,"RG","SE"
7,21,130,"RG","SE"
22,4,130,"RG","SE"
539,1,130,"RG","SE"
61,50,130,"RG","SE"
77,17,130,"RG","SE"
392,1,130,"RG","SE"
38,3,130,"RG","SE"
535,3,130,"RG","SE"
72,9,130,"RG","SE"
36,3,130,"RG","SE"
20,7,130,"RG","SE"
72,9,130,"RG","SE"
67,9,130,"RG","SE"
45,1,130,"RG","SE"
3,5,130,"RG","SE"
57,9,131,"RG","SE"
481,2,131,"RG","SE"
12,11,131,"RG","SE"
85,15,131,"RG","SE"
535,3,131,"RG","SE"
545,1,131,"RG","SE"
33,12,131,"RG","SE"
21,7,131,"RG","SE"
11,27,131,"RG","SE"
3,5,131,"RG","SE"
61,50,131,"RG","SE"
86,2,131,"RG","SE"
72,9,131,"RG","SE"
67,9,131,"RG","SE"
77,17,131,"RG","SE"
11,27,131,"RG","SE"
20,7,131,"RG","SE"
25,1,131,"RG","SE"
26,59,131,"RG","SE"
51,2,131,"RG","SE"
19,5,131,"RG","SE"
44,30,131,"RG","SE"
26,59,131,"RG","SE"
42,1,131,"RG","SE"
87,1,131,"RG","SE"
20,7,131,"RG","SE"
15,2,131,"RG","SE"
91,5,131,"RG","SE"
83,2,131,"RG","SE"
64,9,131,"RG","SE"
32,6,131,"RG","SE"
67,9,132,"RG","SE"
19,5,132,"RG","SE"
54,39,132,"RG","SE"
33,12,132,"RG","SE"
545,1,132,"RG","SE"
80,6,132,"RG","SE"
12,11,132,"RG","SE"
20,7,132,"RG","SE"
83,2,132,"RG","SE"
86,2,132,"RG","SE"
14,30,132,"RG","SE"
7,21,132,"RG","SE"
22,4,132,"RG","SE"
45,1,132,"RG","SE"
57,9,132,"RG","SE"
49,1,132,"RG","SE"
21,7,132,"RG","SE"
13,1,132,"RG","SE"
72,9,132,"RG","SE"
77,17,132,"RG","SE"
17,5,132,"RG","SE"
80,6,132,"RG","SE"
547,1,132,"RG","SE"
36,3,132,"RG","SE"
91,5,132,"RG","SE"
12,11,132,"RG","SE"
15,2,132,"RG","SE"
539,1,132,"RG","SE"
5,4,132,"RG","SE"
16,3,132,"RG","SE"
68,5,132,"RG","SE"
61,50,133,"RG","SE"
21,7,133,"RG","SE"
16,3,133,"RG","SE"
86,2,133,"RG","SE"
20,7,133,"RG","SE"
13,1,133,"RG","SE"
72,9,133,"RG","SE"
7,21,133,"RG","SE"
26,59,133,"RG","SE"
547,1,133,"RG","SE"
83,2,133,"RG","SE"
25,1,133,"RG","SE"
65,4,133,"RG","SE"
68,5,133,"RG","SE"
38,3,133,"RG","SE"
77,17,133,"RG","SE"
49,1,133,"RG","SE"
54,39,133,"RG","SE"
12,11,133,"RG","SE"
26,59,133,"RG","SE"
51,2,133,"RG","SE"
67,9,133,"RG","SE"
80,6,133,"RG","SE"
77,17,133,"RG","SE"
22,4,133,"RG","SE"
3,5,133,"RG","SE"
67,9,133,"RG","SE"
76,4,133,"RG","SE"
12,11,133,"RG","SE"
33,12,133,"RG","SE"
20,7,133,"RG","SE"
12,11,134,"RG","SE"
77,17,134,"RG","SE"
539,1,134,"RG","SE"
78,21,134,"RG","SE"
11,27,134,"RG","SE"
32,6,134,"RG","SE"
26,59,134,"RG","SE"
32,6,134,"RG","SE"
22,4,134,"RG","SE"
76,4,134,"RG","SE"
57,9,134,"RG","SE"
85,15,134,"RG","SE"
17,5,134,"RG","SE"
25,1,134,"RG","SE"
42,1,134,"RG","SE"
27,2,134,"RG","SE"
44,30,134,"RG","SE"
91,5,134,"RG","SE"
545,1,134,"RG","SE"
312,1,134,"RG","SE"
5,4,134,"RG","SE"
481,2,134,"RG","SE"
33,12,134,"RG","SE"
392,1,134,"RG","SE"
28,50,134,"RG","SE"
7,21,134,"RG","SE"
68,5,134,"RG","SE"
36,3,134,"RG","SE"
78,21,134,"RG","SE"
544,1,134,"RG","SE"
61,50,134,"RG","SE"
54,39,135,"RG","SE"
418,1,135,"RG","SE"
91,5,135,"RG","SE"
15,2,135,"RG","SE"
17,5,135,"RG","SE"
28,50,135,"RG","SE"
61,50,135,"RG","SE"
91,5,135,"RG","SE"
85,15,135,"RG","SE"
72,9,135,"RG","SE"
11,27,135,"RG","SE"
4,5,135,"RG","SE"
45,1,135,"RG","SE"
5,4,135,"RG","SE"
544,1,135,"RG","SE"
20,7,135,"RG","SE"
44,30,135,"RG","SE"
20,7,135,"RG","SE"
57,9,135,"RG","SE"
67,9,135,"RG","SE"
548,1,135,"RG","SE"
25,1,135,"RG","SE"
78,21,135,"RG","SE"
51,2,135,"RG","SE"
65,4,135,"RG","SE"
67,9,135,"RG","SE"
87,1,135,"RG","SE"
32,6,135,"RG","SE"
14,30,135,"RG","SE"
42,1,135,"RG","SE"
33,12,135,"RG","SE"
72,9,136,"RG","SE"
10,1,136,"RG","SE"
86,2,136,"RG","SE"
20,7,136,"RG","SE"
25,1,136,"RG","SE"
51,2,136,"RG","SE"
15,2,136,"RG","SE"
87,1,136,"RG","SE"
61,50,136,"RG","SE"
547,1,136,"RG","SE"
21,7,136,"RG","SE"
91,5,136,"RG","SE"
83,2,136,"RG","SE"
544,1,136,"RG","SE"
545,1,136,"RG","SE"
33,12,136,"RG","SE"
7,21,136,"RG","SE"
26,59,136,"RG","SE"
32,6,136,"RG","SE"
68,5,136,"RG","SE"
535,3,136,"RG","SE"
14,30,136,"RG","SE"
20,7,136,"RG","SE"
80,6,136,"RG","SE"
11,27,136,"RG","SE"
36,3,136,"RG","SE"
12,11,136,"RG","SE"
45,1,136,"RG","SE"
4,5,136,"RG","SE"
12,11,136,"RG","SE"
42,1,136,"RG","SE"
547,1,137,"RG","SE"
33,12,137,"RG","SE"
22,4,137,"RG","SE"
78,21,137,"RG","SE"
80,6,137,"RG","SE"
49,1,137,"RG","SE"
12,11,137,"RG","SE"
44,30,137,"RG","SE"
61,50,137,"RG","SE"
67,9,137,"RG","SE"
67,9,137,"RG","SE"
76,4,137,"RG","SE"
80,6,137,"RG","SE"
77,17,137,"RG","SE"
392,1,137,"RG","SE"
535,3,137,"RG","SE"
7,21,137,"RG","SE"
481,2,137,"RG","SE"
4,5,137,"RG","SE"
10,1,137,"RG","SE"
36,3,137,"RG","SE"
17,5,137,"RG","SE"
42,1,137,"RG","SE"
5,4,137,"RG","SE"
544,1,137,"RG","SE"
44,30,137,"RG","SE"
27,2,137,"RG","SE"
15,2,137,"RG","SE"
26,59,137,"RG","SE"
20,7,137,"RG","SE"
20,7,137,"RG","SE"
481,2,138,"RG","SE"
25,1,138,"RG","SE"
65,4,138,"RG","SE"
312,1,138,"RG","SE"
77,17,138,"RG","SE"
67,9,138,"RG","SE"
535,3,138,"RG","SE"
27,2,138,"RG","SE"
21,7,138,"RG","SE"
49,1,138,"RG","SE"
14,30,138,"RG","SE"
539,1,138,"RG","SE"
76,4,138,"RG","SE"
10,1,138,"RG","SE"
14,30,138,"RG","SE"
13,1,138,"RG","SE"
38,3,138,"RG","SE"
91,5,138,"RG","SE"
51,2,138,"RG","SE"
61,50,138,"RG","SE"
44,30,138,"RG","SE"
72,9,138,"RG","SE"
64,9,138,"RG","SE"
42,1,138,"RG","SE"
3,5,138,"RG","SE"
16,3,138,"RG","SE"
77,17,138,"RG","SE"
36,3,138,"RG","SE"
89,1,138,"RG","SE"
22,4,138,"RG","SE"
545,1,138,"RG","SE"
91,5,139,"RG","SE"
57,9,139,"RG","SE"
89,1,139,"RG","SE"
80,6,139,"RG","SE"
545,1,139,"RG","SE"
547,1,139,"RG","SE"
44,30,139,"RG","SE"
54,39,139,"RG","SE"
17,5,139,"RG","SE"
11,27,139,"RG","SE"
80,6,139,"RG","SE"
85,15,139,"RG","SE"
14,30,139,"RG","SE"
33,12,139,"RG","SE"
21,7,139,"RG","SE"
76,4,139,"RG","SE"
67,9,139,"RG","SE"
544,1,139,"RG","SE"
11,27,139,"RG","SE"
539,1,139,"RG","SE"
20,7,139,"RG","SE"
61,50,139,"RG","SE"
61,50,139,"RG","SE"
15,2,139,"RG","SE"
42,1,139,"RG","SE"
45,1,139,"RG","SE"
87,1,139,"RG","SE"
13,1,139,"RG","SE"
32,6,139,"RG","SE"
86,2,139,"RG","SE"
72,9,139,"RG","SE"
7,21,140,"RG","SE"
3,5,140,"RG","SE"
57,9,140,"RG","SE"
12,11,140,"RG","SE"
539,1,140,"RG","SE"
12,11,140,"RG","SE"
27,2,140,"RG","SE"
28,50,140,"RG","SE"
22,4,140,"RG","SE"
45,1,140,"RG","SE"
61,50,140,"RG","SE"
87,1,140,"RG","SE"
25,1,140,"RG","SE"
17,5,140,"RG","SE"
44,30,140,"RG","SE"
33,12,140,"RG","SE"
76,4,140,"RG","SE"
32,6,140,"RG","SE"
20,7,140,"RG","SE"
91,5,140,"RG","SE"
19,5,140,"RG","SE"
7,21,140,"RG","SE"
4,5,140,"RG","SE"
86,2,140,"RG","SE"
545,1,140,"RG","SE"
418,1,140,"RG","SE"
80,6,140,"RG","SE"
89,1,140,"RG","SE"
49,1,140,"RG","SE"
548,1,140,"RG","SE"
392,1,140,"RG","SE"
16,3,141,"RG","SE"
77,17,141,"RG","SE"
19,5,141,"RG","SE"
49,1,141,"RG","SE"
4,5,141,"RG","SE"
14,30,141,"RG","SE"
535,3,141,"RG","SE"
13,1,141,"RG","SE"
26,59,141,"RG","SE"
65,4,141,"RG","SE"
51,2,141,"RG","SE"
544,1,141,"RG","SE"
32,6,141,"RG","SE"
91,5,141,"RG","SE"
20,7,141,"RG","SE"
89,1,141,"RG","SE"
86,2,141,"RG","SE"
11,27,141,"RG","SE"
26,59,141,"RG","SE"
539,1,141,"RG","SE"
28,50,141,"RG","SE"
44,30,141,"RG","SE"
67,9,141,"RG","SE"
33,12,141,"RG","SE"
57,9,141,"RG","SE"
21,7,141,"RG","SE"
85,15,141,"RG","SE"
7,21,141,"RG","SE"
15,2,141,"RG","SE"
22,4,141,"RG","SE"
12,11,141,"RG","SE"
12,11,142,"RG","SE"
87,1,142,"RG","SE"
49,1,142,"RG","SE"
21,7,142,"RG","SE"
85,15,142,"RG","SE"
26,59,142,"RG","SE"
545,1,142,"RG","SE"
83,2,142,"RG","SE"
33,12,142,"RG","SE"
36,3,142,"RG","SE"
14,30,142,"RG","SE"
42,1,142,"RG","SE"
89,1,142,"RG","SE"
22,4,142,"RG","SE"
28,50,142,"RG","SE"
17,5,142,"RG","SE"
14,30,142,"RG","SE"
25,1,142,"RG","SE"
481,2,142,"RG","SE"
5,4,142,"RG","SE"
51,2,142,"RG","SE"
38,3,142,"RG","SE"
76,4,142,"RG","SE"
312,1,142,"RG","SE"
544,1,142,"RG","SE"
20,7,142,"RG","SE"
11,27,142,"RG","SE"
54,39,142,"RG","SE"
3,5,142,"RG","SE"
15,2,142,"RG","SE"
91,5,142,"RG","SE"
16,3,143,"RG","SE"
86,2,143,"RG","SE"
85,15,143,"RG","SE"
33,12,143,"RG","SE"
57,9,143,"RG","SE"
44,30,143,"RG","SE"
21,7,143,"RG","SE"
392,1,143,"RG","SE"
32,6,143,"RG","SE"
10,1,143,"RG","SE"
5,4,143,"RG","SE"
535,3,143,"RG","SE"
12,11,143,"RG","SE"
91,5,143,"RG","SE"
80,6,143,"RG","SE"
547,1,143,"RG","SE"
61,50,143,"RG","SE"
14,30,143,"RG","SE"
54,39,143,"RG","SE"
77,17,143,"RG","SE"
418,1,143,"RG","SE"
11,27,143,"RG","SE"
22,4,143,"RG","SE"
91,5,143,"RG","SE"
72,9,143,"RG","SE"
49,1,143,"RG","SE"
51,2,143,"RG","SE"
78,21,143,"RG","SE"
13,1,143,"RG","SE"
67,9,143,"RG","SE"
544,1,143,"RG","SE"
67,9,144,"RG","SE"
68,5,144,"RG","SE"
80,6,144,"RG","SE"
7,21,144,"RG","SE"
86,2,144,"RG","SE"
61,50,144,"RG","SE"
25,1,144,"RG","SE"
72,9,144,"RG","SE"
57,9,144,"RG","SE"
89,1,144,"RG","SE"
392,1,144,"RG","SE"
33,12,144,"RG","SE"
535,3,144,"RG","SE"
13,1,144,"RG","SE"
36,3,144,"RG","SE"
548,1,144,"RG","SE"
91,5,144,"RG","SE"
539,1,144,"RG","SE"
12,11,144,"RG","SE"
32,6,144,"RG","SE"
91,5,144,"RG","SE"
32,6,144,"RG","SE"
547,1,144,"RG","SE"
481,2,144,"RG","SE"
80,6,144,"RG","SE"
545,1,144,"RG","SE"
51,2,144,"RG","SE"
16,3,144,"RG","SE"
49,1,144,"RG","SE"
12,11,144,"RG","SE"
78,21,144,"RG","SE"
12,11,145,"RG","SE"
12,11,145,"RG","SE"
64,9,145,"RG","SE"
33,12,145,"RG","SE"
20,7,145,"RG","SE"
51,2,145,"RG","SE"
547,1,145,"RG","SE"
80,6,145,"RG","SE"
32,6,145,"RG","SE"
85,15,145,"RG","SE"
68,5,145,"RG","SE"
312,1,145,"RG","SE"
33,12,145,"RG","SE"
7,21,145,"RG","SE"
16,3,145,"RG","SE"
61,50,145,"RG","SE"
78,21,145,"RG","SE"
87,1,145,"RG","SE"
28,50,145,"RG","SE"
83,2,145,"RG","SE"
67,9,145,"RG","SE"
548,1,145,"RG","SE"
5,4,145,"RG","SE"
11,27,145,"RG","SE"
86,2,145,"RG","SE"
51,2,145,"RG","SE"
27,2,145,"RG","SE"
22,4,145,"RG","SE"
67,9,145,"RG","SE"
45,1,145,"RG","SE"
25,1,145,"RG","SE"
418,1,146,"RG","SE"
392,1,146,"RG","SE"
539,1,146,"RG","SE"
544,1,146,"RG","SE"
27,2,146,"RG","SE"
85,15,146,"RG","SE"
72,9,146,"RG","SE"
14,30,146,"RG","SE"
26,59,146,"RG","SE"
44,30,146,"RG","SE"
78,21,146,"RG","SE"
72,9,146,"RG","SE"
26,59,146,"RG","SE"
16,3,146,"RG","SE"
12,11,146,"RG","SE"
77,17,146,"RG","SE"
49,1,146,"RG","SE"
535,3,146,"RG","SE"
5,4,146,"RG","SE"
38,3,146,"RG","SE"
86,2,146,"RG","SE"
7,21,146,"RG","SE"
57,9,146,"RG","SE"
28,50,146,"RG","SE"
83,2,146,"RG","SE"
21,7,146,"RG","SE"
28,50,146,"RG","SE"
76,4,146,"RG","SE"
20,7,146,"RG","SE"
20,7,146,"RG","SE"
57,9,146,"RG","SE"
33,12,147,"RG","SE"
57,9,147,"RG","SE"
51,2,147,"RG","SE"
80,6,147,"RG","SE"
19,5,147,"RG","SE"
33,12,147,"RG","SE"
539,1,147,"RG","SE"
68,5,147,"RG","SE"
548,1,147,"RG","SE"
65,4,147,"RG","SE"
4,5,147,"RG","SE"
22,4,147,"RG","SE"
544,1,147,"RG","SE"
14,30,147,"RG","SE"
77,17,147,"RG","SE"
64,9,147,"RG","SE"
481,2,147,"RG","SE"
16,3,147,"RG","SE"
32,6,147,"RG","SE"
77,17,147,"RG","SE"
7,21,147,"RG","SE"
67,9,147,"RG","SE"
25,1,147,"RG","SE"
392,1,147,"RG","SE"
20,7,147,"RG","SE"
10,1,147,"RG","SE"
12,11,147,"RG","SE"
32,6,147,"RG","SE"
14,30,147,"RG","SE"
67,9,147,"RG","SE"
545,1,147,"RG","SE"
67,9,148,"RG","SE"
64,9,148,"RG","SE"
91,5,148,"RG","SE"
21,7,148,"RG","SE"
51,2,148,"RG","SE"
28,50,148,"RG","SE"
19,5,148,"RG","SE"
38,3,148,"RG","SE"
44,30,148,"RG","SE"
65,4,148,"RG","SE"
77,17,148,"RG","SE"
16,3,148,"RG","SE"
89,1,148,"RG","SE"
4,5,148,"RG","SE"
539,1,148,"RG","SE"
535,3,148,"RG","SE"
80,6,148,"RG","SE"
44,30,148,"RG","SE"
25,1,148,"RG","SE"
5,4,148,"RG","SE"
13,1,148,"RG","SE"
67,9,148,"RG","SE"
12,11,148,"RG","SE"
545,1,148,"RG","SE"
548,1,148,"RG","SE"
33,12,148,"RG","SE"
85,15,148,"RG","SE"
45,1,148,"RG","SE"
11,27,148,"RG","SE"
51,2,148,"RG","SE"
91,5,148,"RG","SE"
67,9,149,"RG","SE"
91,5,149,"RG","SE"
14,30,149,"RG","SE"
33,12,149,"RG","SE"
21,7,149,"RG","SE"
12,11,149,"RG","SE"
28,50,149,"RG","SE"
80,6,149,"RG","SE"
392,1,149,"RG","SE"
61,50,149,"RG","SE"
535,3,149,"RG","SE"
32,6,149,"RG","SE"
22,4,149,"RG","SE"
64,9,149,"RG","SE"
38,3,149,"RG","SE"
25,1,149,"RG","SE"
4,5,149,"RG","SE"
77,17,149,"RG","SE"
72,9,149,"RG","SE"
49,1,149,"RG","SE"
7,21,149,"RG","SE"
11,27,149,"RG","SE"
65,4,149,"RG","SE"
3,5,149,"RG","SE"
51,2,149,"RG","SE"
11,27,149,"RG","SE"
61,50,149,"RG","SE"
77,17,149,"RG","SE"
86,2,149,"RG","SE"
89,1,149,"RG","SE"
17,5,149,"RG","SE"
89,1,150,"RG","SE"
68,5,150,"RG","SE"
87,1,150,"RG","SE"
33,12,150,"RG","SE"
547,1,150,"RG","SE"
44,30,150,"RG","SE"
65,4,150,"RG","SE"
77,17,150,"RG","SE"
67,9,150,"RG","SE"
67,9,150,"RG","SE"
85,15,150,"RG","SE"
535,3,150,"RG","SE"
14,30,150,"RG","SE"
57,9,150,"RG","SE"
44,30,150,"RG","SE"
45,1,150,"RG","SE"
51,2,150,"RG","SE"
78,21,150,"RG","SE"
14,30,150,"RG","SE"
54,39,150,"RG","SE"
27,2,150,"RG","SE"
5,4,150,"RG","SE"
17,5,150,"RG","SE"
15,2,150,"RG","SE"
61,50,150,"RG","SE"
49,1,150,"RG","SE"
86,2,150,"RG","SE"
16,3,150,"RG","SE"
33,12,150,"RG","SE"
548,1,150,"RG","SE"
544,1,150,"RG","SE"
11,27,151,"RG","SE"
65,4,151,"RG","SE"
7,21,151,"RG","SE"
17,5,151,"RG","SE"
10,1,151,"RG","SE"
76,4,151,"RG","SE"
26,59,151,"RG","SE"
49,1,151,"RG","SE"
544,1,151,"RG","SE"
535,3,151,"RG","SE"
86,2,151,"RG","SE"
19,5,151,"RG","SE"
21,7,151,"RG","SE"
72,9,151,"RG","SE"
72,9,151,"RG","SE"
22,4,151,"RG","SE"
51,2,151,"RG","SE"
85,15,151,"RG","SE"
44,30,151,"RG","SE"
11,27,151,"RG","SE"
36,3,151,"RG","SE"
80,6,151,"RG","SE"
78,21,151,"RG","SE"
25,1,151,"RG","SE"
5,4,151,"RG","SE"
20,7,151,"RG","SE"
89,1,151,"RG","SE"
33,12,151,"RG","SE"
78,21,151,"RG","SE"
54,39,151,"RG","SE"
61,50,151,"RG","SE"
89,1,152,"RG","SE"
3,5,152,"RG","SE"
12,11,152,"RG","SE"
91,5,152,"RG","SE"
312,1,152,"RG","SE"
91,5,152,"RG","SE"
28,50,152,"RG","SE"
51,2,152,"RG","SE"
11,27,152,"RG","SE"
51,2,152,"RG","SE"
15,2,152,"RG","SE"
539,1,152,"RG","SE"
392,1,152,"RG","SE"
25,1,152,"RG","SE"
42,1,152,"RG","SE"
12,11,152,"RG","SE"
22,4,152,"RG","SE"
38,3,152,"RG","SE"
17,5,152,"RG","SE"
547,1,152,"RG","SE"
78,21,152,"RG","SE"
13,1,152,"RG","SE"
7,21,152,"RG","SE"
57,9,152,"RG","SE"
76,4,152,"RG","SE"
33,12,152,"RG","SE"
36,3,152,"RG","SE"
80,6,152,"RG","SE"
72,9,152,"RG","SE"
32,6,152,"RG","SE"
20,7,152,"RG","SE"
91,5,153,"RG","SE"
64,9,153,"RG","SE"
13,1,153,"RG","SE"
548,1,153,"RG","SE"
22,4,153,"RG","SE"
535,3,153,"RG","SE"
67,9,153,"RG","SE"
51,2,153,"RG","SE"
14,30,153,"RG","SE"
28,50,153,"RG","SE"
4,5,153,"RG","SE"
68,5,153,"RG","SE"
76,4,153,"RG","SE"
7,21,153,"RG","SE"
11,27,153,"RG","SE"
78,21,153,"RG","SE"
91,5,153,"RG","SE"
83,2,153,"RG","SE"
15,2,153,"RG","SE"
87,1,153,"RG","SE"
61,50,153,"RG","SE"
44,30,153,"RG","SE"
16,3,153,"RG","SE"
14,30,153,"RG","SE"
32,6,153,"RG","SE"
49,1,153,"RG","SE"
10,1,153,"RG","SE"
19,5,153,"RG","SE"
3,5,153,"RG","SE"
33,12,153,"RG","SE"
28,50,153,"RG","SE"
20,7,154,"RG","SE"
89,1,154,"RG","SE"
19,5,154,"RG","SE"
36,3,154,"RG","SE"
51,2,154,"RG","SE"
32,6,154,"RG","SE"
78,21,154,"RG","SE"
13,1,154,"RG","SE"
14,30,154,"RG","SE"
544,1,154,"RG","SE"
83,2,154,"RG","SE"
51,2,154,"RG","SE"
80,6,154,"RG","SE"
418,1,154,"RG","SE"
5,4,154,"RG","SE"
312,1,154,"RG","SE"
27,2,154,"RG","SE"
548,1,154,"RG","SE"
64,9,154,"RG","SE"
61,50,154,"RG","SE"
57,9,154,"RG","SE"
17,5,154,"RG","SE"
28,50,154,"RG","SE"
16,3,154,"RG","SE"
15,2,154,"RG","SE"
26,59,154,"RG","SE"
44,30,154,"RG","SE"
77,17,154,"RG","SE"
67,9,154,"RG","SE"
42,1,154,"RG","SE"
545,1,154,"RG","SE"
392,1,155,"RG","SE"
67,9,155,"RG","SE"
5,4,155,"RG","SE"
78,21,155,"RG","SE"
10,1,155,"RG","SE"
25,1,155,"RG","SE"
45,1,155,"RG","SE"
85,15,155,"RG","SE"
91,5,155,"RG","SE"
26,59,155,"RG","SE"
3,5,155,"RG","SE"
418,1,155,"RG","SE"
87,1,155,"RG","SE"
28,50,155,"RG","SE"
547,1,155,"RG","SE"
72,9,155,"RG","SE"
312,1,155,"RG","SE"
11,27,155,"RG","SE"
54,39,155,"RG","SE"
548,1,155,"RG","SE"
89,1,155,"RG","SE"
20,7,155,"RG","SE"
61,50,155,"RG","SE"
20,7,155,"RG","SE"
32,6,155,"RG","SE"
11,27,155,"RG","SE"
44,30,155,"RG","SE"
57,9,155,"RG","SE"
544,1,155,"RG","SE"
7,21,155,"RG","SE"
13,1,155,"RG","SE"
22,4,156,"RG","SE"
28,50,156,"RG","SE"
545,1,156,"RG","SE"
548,1,156,"RG","SE"
51,2,156,"RG","SE"
28,50,156,"RG","SE"
19,5,156,"RG","SE"
13,1,156,"RG","SE"
10,1,156,"RG","SE"
54,39,156,"RG","SE"
25,1,156,"RG","SE"
64,9,156,"RG","SE"
42,1,156,"RG","SE"
14,30,156,"RG","SE"
16,3,156,"RG","SE"
33,12,156,"RG","SE"
11,27,156,"RG","SE"
26,59,156,"RG","SE"
544,1,156,"RG","SE"
80,6,156,"RG","SE"
26,59,156,"RG","SE"
32,6,156,"RG","SE"
418,1,156,"RG","SE"
91,5,156,"RG","SE"
72,9,156,"RG","SE"
57,9,156,"RG","SE"
15,2,156,"RG","SE"
89,1,156,"RG","SE"
21,7,156,"RG","SE"
38,3,156,"RG","SE"
20,7,156,"RG","SE"
28,50,157,"RG","SE"
87,1,157,"RG","SE"
26,59,157,"RG","SE"
57,9,157,"RG","SE"
80,6,157,"RG","SE"
85,15,157,"RG","SE"
67,9,157,"RG","SE"
20,7,157,"RG","SE"
21,7,157,"RG","SE"
44,30,157,"RG","SE"
51,2,157,"RG","SE"
12,11,157,"RG","SE"
36,3,157,"RG","SE"
17,5,157,"RG","SE"
16,3,157,"RG","SE"
545,1,157,"RG","SE"
544,1,157,"RG","SE"
22,4,157,"RG","SE"
57,9,157,"RG","SE"
91,5,157,"RG","SE"
61,50,157,"RG","SE"
83,2,157,"RG","SE"
44,30,157,"RG","SE"
61,50,157,"RG","SE"
418,1,157,"RG","SE"
49,1,157,"RG","SE"
392,1,157,"RG","SE"
54,39,157,"RG","SE"
14,30,157,"RG","SE"
51,2,157,"RG","SE"
7,21,157,"RG","SE"
7,21,158,"RG","SE"
77,17,158,"RG","SE"
44,30,158,"RG","SE"
11,27,158,"RG","SE"
91,5,158,"RG","SE"
26,59,158,"RG","SE"
72,9,158,"RG","SE"
535,3,158,"RG","SE"
91,5,158,"RG","SE"
51,2,158,"RG","SE"
22,4,158,"RG","SE"
83,2,158,"RG","SE"
27,2,158,"RG","SE"
28,50,158,"RG","SE"
76,4,158,"RG","SE"
65,4,158,"RG","SE"
77,17,158,"RG","SE"
544,1,158,"RG","SE"
3,5,158,"RG","SE"
7,21,158,"RG","SE"
33,12,158,"RG","SE"
80,6,158,"RG","SE"
45,1,158,"RG","SE"
80,6,158,"RG","SE"
32,6,158,"RG","SE"
42,1,158,"RG","SE"
85,15,158,"RG","SE"
78,21,158,"RG","SE"
36,3,158,"RG","SE"
12,11,158,"RG","SE"
12,11,158,"RG","SE"
26,59,159,"RG","SE"
77,17,159,"RG","SE"
481,2,159,"RG","SE"
535,3,159,"RG","SE"
7,21,159,"RG","SE"
12,11,159,"RG","SE"
76,4,159,"RG","SE"
38,3,159,"RG","SE"
14,30,159,"RG","SE"
32,6,159,"RG","SE"
13,1,159,"RG","SE"
28,50,159,"RG","SE"
14,30,159,"RG","SE"
89,1,159,"RG","SE"
545,1,159,"RG","SE"
11,27,159,"RG","SE"
392,1,159,"RG","SE"
7,21,159,"RG","SE"
11,27,159,"RG","SE"
86,2,159,"RG","SE"
32,6,159,"RG","SE"
20,7,159,"RG","SE"
77,17,159,"RG","SE"
5,4,159,"RG","SE"
83,2,159,"RG","SE"
78,21,159,"RG","SE"
68,5,159,"RG","SE"
22,4,159,"RG","SE"
312,1,159,"RG","SE"
80,6,159,"RG","SE"
49,1,159,"RG","SE"
87,1,160,"RG","SE"
11,27,160,"RG","SE"
7,21,160,"RG","SE"
7,21,160,"RG","SE"
51,2,160,"RG","SE"
80,6,160,"RG","SE"
17,5,160,"RG","SE"
20,7,160,"RG","SE"
548,1,160,"RG","SE"
65,4,160,"RG","SE"
83,2,160,"RG","SE"
76,4,160,"RG","SE"
19,5,160,"RG","SE"
72,9,160,"RG","SE"
61,50,160,"RG","SE"
33,12,160,"RG","SE"
392,1,160,"RG","SE"
418,1,160,"RG","SE"
26,59,160,"RG","SE"
51,2,160,"RG","SE"
5,4,160,"RG","SE"
13,1,160,"RG","SE"
12,11,160,"RG","SE"
80,6,160,"RG","SE"
44,30,160,"RG","SE"
57,9,160,"RG","SE"
544,1,160,"RG","SE"
85,15,160,"RG","SE"
545,1,160,"RG","SE"
539,1,160,"RG","SE"
535,3,160,"RG","SE"
27,2,161,"RG","SE"
392,1,161,"RG","SE"
312,1,161,"RG","SE"
76,4,161,"RG","SE"
20,7,161,"RG","SE"
32,6,161,"RG","SE"
15,2,161,"RG","SE"
26,59,161,"RG","SE"
45,1,161,"RG","SE"
91,5,161,"RG","SE"
91,5,161,"RG","SE"
72,9,161,"RG","SE"
547,1,161,"RG","SE"
17,5,161,"RG","SE"
77,17,161,"RG","SE"
14,30,161,"RG","SE"
80,6,161,"RG","SE"
7,21,161,"RG","SE"
21,7,161,"RG","SE"
10,1,161,"RG","SE"
57,9,161,"RG","SE"
33,12,161,"RG","SE"
61,50,161,"RG","SE"
57,9,161,"RG","SE"
44,30,161,"RG","SE"
68,5,161,"RG","SE"
12,11,161,"RG","SE"
61,50,161,"RG","SE"
14,30,161,"RG","SE"
67,9,161,"RG","SE"
5,4,161,"RG","SE"
15,2,162,"RG","SE"
20,7,162,"RG","SE"
33,12,162,"RG","SE"
80,6,162,"RG","SE"
33,12,162,"RG","SE"
87,1,162,"RG","SE"
49,1,162,"RG","SE"
57,9,162,"RG","SE"
20,7,162,"RG","SE"
68,5,162,"RG","SE"
5,4,162,"RG","SE"
16,3,162,"RG","SE"
80,6,162,"RG","SE"
77,17,162,"RG","SE"
10,1,162,"RG","SE"
13,1,162,"RG","SE"
67,9,162,"RG","SE"
72,9,162,"RG","SE"
544,1,162,"RG","SE"
86,2,162,"RG","SE"
32,6,162,"RG","SE"
25,1,162,"RG","SE"
28,50,162,"RG","SE"
22,4,162,"RG","SE"
11,27,162,"RG","SE"
545,1,162,"RG","SE"
17,5,162,"RG","SE"
78,21,162,"RG","SE"
91,5,162,"RG","SE"
548,1,162,"RG","SE"
19,5,162,"RG","SE"
312,1,163,"RG","SE"
32,6,163,"RG","SE"
545,1,163,"RG","SE"
3,5,163,"RG","SE"
78,21,163,"RG","SE"
44,30,163,"RG","SE"
10,1,163,"RG","SE"
38,3,163,"RG","SE"
12,11,163,"RG","SE"
91,5,163,"RG","SE"
20,7,163,"RG","SE"
51,2,163,"RG","SE"
19,5,163,"RG","SE"
87,1,163,"RG","SE"
27,2,163,"RG","SE"
85,15,163,"RG","SE"
547,1,163,"RG","SE"
16,3,163,"RG","SE"
67,9,163,"RG","SE"
11,27,163,"RG","SE"
20,7,163,"RG","SE"
15,2,163,"RG","SE"
5,4,163,"RG","SE"
67,9,163,"RG","SE"
4,5,163,"RG","SE"
76,4,163,"RG","SE"
64,9,163,"RG","SE"
91,5,163,"RG","SE"
78,21,163,"RG","SE"
65,4,163,"RG","SE"
548,1,163,"RG","SE"
89,1,164,"RG","SE"
22,4,164,"RG","SE"
14,30,164,"RG","SE"
547,1,164,"RG","SE"
80,6,164,"RG","SE"
11,27,164,"RG","SE"
57,9,164,"RG","SE"
33,12,164,"RG","SE"
392,1,164,"RG","SE"
20,7,164,"RG","SE"
68,5,164,"RG","SE"
49,1,164,"RG","SE"
51,2,164,"RG","SE"
312,1,164,"RG","SE"
44,30,164,"RG","SE"
67,9,164,"RG","SE"
42,1,164,"RG","SE"
28,50,164,"RG","SE"
91,5,164,"RG","SE"
72,9,164,"RG","SE"
27,2,164,"RG","SE"
4,5,164,"RG","SE"
61,50,164,"RG","SE"
87,1,164,"RG","SE"
20,7,164,"RG","SE"
10,1,164,"RG","SE"
12,11,164,"RG","SE"
481,2,164,"RG","SE"
25,1,164,"RG","SE"
76,4,164,"RG","SE"
539,1,164,"RG","SE"
481,2,165,"RG","SE"
54,39,165,"RG","SE"
86,2,165,"RG","SE"
28,50,165,"RG","SE"
33,12,165,"RG","SE"
42,1,165,"RG","SE"
44,30,165,"RG","SE"
19,5,165,"RG","SE"
44,30,165,"RG","SE"
548,1,165,"RG","SE"
64,9,165,"RG","SE"
20,7,165,"RG","SE"
7,21,165,"RG","SE"
14,30,165,"RG","SE"
10,1,165,"RG","SE"
78,21,165,"RG","SE"
51,2,165,"RG","SE"
4,5,165,"RG","SE"
36,3,165,"RG","SE"
77,17,165,"RG","SE"
13,1,165,"RG","SE"
67,9,165,"RG","SE"
539,1,165,"RG","SE"
83,2,165,"RG","SE"
57,9,165,"RG","SE"
545,1,165,"RG","SE"
49,1,165,"RG","SE"
57,9,165,"RG","SE"
28,50,165,"RG","SE"
17,5,165,"RG","SE"
51,2,165,"RG","SE"
26,59,166,"RG","SE"
54,39,166,"RG","SE"
76,4,166,"RG","SE"
65,4,166,"RG","SE"
78,21,166,"RG","SE"
5,4,166,"RG","SE"
91,5,166,"RG","SE"
535,3,166,"RG","SE"
11,27,166,"RG","SE"
20,7,166,"RG","SE"
64,9,166,"RG","SE"
86,2,166,"RG","SE"
89,1,166,"RG","SE"
10,1,166,"RG","SE"
32,6,166,"RG","SE"
85,15,166,"RG","SE"
44,30,166,"RG","SE"
14,30,166,"RG","SE"
16,3,166,"RG","SE"
38,3,166,"RG","SE"
91,5,166,"RG","SE"
77,17,166,"RG","SE"
80,6,166,"RG","SE"
67,9,166,"RG","SE"
25,1,166,"RG","SE"
80,6,166,"RG","SE"
544,1,166,"RG","SE"
15,2,166,"RG","SE"
3,5,166,"RG","SE"
12,11,166,"RG","SE"
547,1,166,"RG","SE"
83,2,167,"RG","SE"
32,6,167,"RG","SE"
535,3,167,"RG","SE"
14,30,167,"RG","SE"
10,1,167,"RG","SE"
76,4,167,"RG","SE"
72,9,167,"RG","SE"
68,5,167,"RG","SE"
15,2,167,"RG","SE"
61,50,167,"RG","SE"
481,2,167,"RG","SE"
72,9,167,"RG","SE"
36,3,167,"RG","SE"
77,17,167,"RG","SE"
57,9,167,"RG","SE"
7,21,167,"RG","SE"
80,6,167,"RG","SE"
28,50,167,"RG","SE"
78,21,167,"RG","SE"
80,6,167,"RG","SE"
57,9,167,"RG","SE"
45,1,167,"RG","SE"
61,50,167,"RG","SE"
26,59,167,"RG","SE"
19,5,167,"RG","SE"
5,4,167,"RG","SE"
17,5,167,"RG","SE"
78,21,167,"RG","SE"
87,1,167,"RG","SE"
91,5,167,"RG","SE"
13,1,167,"RG","SE"
28,50,168,"RG","SE"
392,1,168,"RG","SE"
51,2,168,"RG","SE"
312,1,168,"RG","SE"
20,7,168,"RG","SE"
28,50,168,"RG","SE"
32,6,168,"RG","SE"
7,21,168,"RG","SE"
17,5,168,"RG","SE"
26,59,168,"RG","SE"
548,1,168,"RG","SE"
38,3,168,"RG","SE"
61,50,168,"RG","SE"
61,50,168,"RG","SE"
78,21,168,"RG","SE"
67,9,168,"RG","SE"
51,2,168,"RG","SE"
19,5,168,"RG","SE"
14,30,168,"RG","SE"
77,17,168,"RG","SE"
45,1,168,"RG","SE"
87,1,168,"RG","SE"
12,11,168,"RG","SE"
539,1,168,"RG","SE"
86,2,168,"RG","SE"
91,5,168,"RG","SE"
26,59,168,"RG","SE"
85,15,168,"RG","SE"
11,27,168,"RG","SE"
91,5,168,"RG","SE"
49,1,168,"RG","SE"
72,9,169,"RG","SE"
16,3,169,"RG","SE"
539,1,169,"RG","SE"
28,50,169,"RG","SE"
91,5,169,"RG","SE"
7,21,169,"RG","SE"
27,2,169,"RG","SE"
68,5,169,"RG","SE"
65,4,169,"RG","SE"
32,6,169,"RG","SE"
11,27,169,"RG","SE"
15,2,169,"RG","SE"
14,30,169,"RG","SE"
80,6,169,"RG","SE"
481,2,169,"RG","SE"
49,1,169,"RG","SE"
5,4,169,"RG","SE"
57,9,169,"RG","SE"
87,1,169,"RG","SE"
38,3,169,"RG","SE"
312,1,169,"RG","SE"
392,1,169,"RG","SE"
14,30,169,"RG","SE"
19,5,169,"RG","SE"
535,3,169,"RG","SE"
418,1,169,"RG","SE"
544,1,169,"RG","SE"
78,21,169,"RG","SE"
26,59,169,"RG","SE"
17,5,169,"RG","SE"
12,11,169,"RG","SE"
545,1,170,"RG","SE"
72,9,170,"RG","SE"
11,27,170,"RG","SE"
32,6,170,"RG","SE"
22,4,170,"RG","SE"
418,1,170,"RG","SE"
481,2,170,"RG","SE"
87,1,170,"RG","SE"
17,5,170,"RG","SE"
13,1,170,"RG","SE"
535,3,170,"RG","SE"
42,1,170,"RG","SE"
20,7,170,"RG","SE"
61,50,170,"RG","SE"
83,2,170,"RG","SE"
16,3,170,"RG","SE"
61,50,170,"RG","SE"
11,27,170,"RG","SE"
27,2,170,"RG","SE"
45,1,170,"RG","SE"
14,30,170,"RG","SE"
12,11,170,"RG","SE"
20,7,170,"RG","SE"
21,7,170,"RG","SE"
32,6,170,"RG","SE"
19,5,170,"RG","SE"
64,9,170,"RG","SE"
44,30,170,"RG","SE"
77,17,170,"RG","SE"
80,6,170,"RG","SE"
544,1,170,"RG","SE"
392,1,171,"RG","SE"
65,4,171,"RG","SE"
28,50,171,"RG","SE"
28,50,171,"RG","SE"
21,7,171,"RG","SE"
539,1,171,"RG","SE"
11,27,171,"RG","SE"
26,59,171,"RG","SE"
51,2,171,"RG","SE"
545,1,171,"RG","SE"
11,27,171,"RG","SE"
7,21,171,"RG","SE"
57,9,171,"RG","SE"
5,4,171,"RG","SE"
33,12,171,"RG","SE"
78,21,171,"RG","SE"
10,1,171,"RG","SE"
19,5,171,"RG","SE"
85,15,171,"RG","SE"
4,5,171,"RG","SE"
33,12,171,"RG","SE"
83,2,171,"RG","SE"
86,2,171,"RG","SE"
54,39,171,"RG","SE"
72,9,171,"RG","SE"
25,1,171,"RG","SE"
72,9,171,"RG","SE"
57,9,171,"RG","SE"
80,6,171,"RG","SE"
78,21,171,"RG","SE"
16,3,171,"RG","SE"
14,30,172,"RG","SE"
61,50,172,"RG","SE"
539,1,172,"RG","SE"
28,50,172,"RG","SE"
80,6,172,"RG","SE"
65,4,172,"RG","SE"
481,2,172,"RG","SE"
76,4,172,"RG","SE"
78,21,172,"RG","SE"
32,6,172,"RG","SE"
44,30,172,"RG","SE"
11,27,172,"RG","SE"
57,9,172,"RG","SE"
7,21,172,"RG","SE"
57,9,172,"RG","SE"
77,17,172,"RG","SE"
51,2,172,"RG","SE"
19,5,172,"RG","SE"
85,15,172,"RG","SE"
26,59,172,"RG","SE"
44,30,172,"RG","SE"
545,1,172,"RG","SE"
36,3,172,"RG","SE"
418,1,172,"RG","SE"
17,5,172,"RG","SE"
26,59,172,"RG","SE"
33,12,172,"RG","SE"
86,2,172,"RG","SE"
91,5,172,"RG","SE"
27,2,172,"RG","SE"
4,5,172,"RG","SE"
14,30,173,"RG","SE"
38,3,173,"RG","SE"
33,12,173,"RG","SE"
11,27,173,"RG","SE"
17,5,173,"RG","SE"
27,2,173,"RG","SE"
80,6,173,"RG","SE"
77,17,173,"RG","SE"
64,9,173,"RG","SE"
3,5,173,"RG","SE"
91,5,173,"RG","SE"
72,9,173,"RG","SE"
28,50,173,"RG","SE"
312,1,173,"RG","SE"
91,5,173,"RG","SE"
481,2,173,"RG","SE"
72,9,173,"RG","SE"
77,17,173,"RG","SE"
4,5,173,"RG","SE"
21,7,173,"RG","SE"
14,30,173,"RG","SE"
87,1,173,"RG","SE"
5,4,173,"RG","SE"
67,9,173,"RG","SE"
78,21,173,"RG","SE"
45,1,173,"RG","SE"
76,4,173,"RG","SE"
19,5,173,"RG","SE"
89,1,173,"RG","SE"
67,9,173,"RG","SE"
57,9,173,"RG","SE"
26,59,174,"RG","SE"
91,5,174,"RG","SE"
10,1,174,"RG","SE"
57,9,174,"RG","SE"
25,1,174,"RG","SE"
87,1,174,"RG","SE"
19,5,174,"RG","SE"
544,1,174,"RG","SE"
14,30,174,"RG","SE"
78,21,174,"RG","SE"
17,5,174,"RG","SE"
76,4,174,"RG","SE"
45,1,174,"RG","SE"
61,50,174,"RG","SE"
392,1,174,"RG","SE"
20,7,174,"RG","SE"
12,11,174,"RG","SE"
547,1,174,"RG","SE"
72,9,174,"RG","SE"
33,12,174,"RG","SE"
20,7,174,"RG","SE"
57,9,174,"RG","SE"
44,30,174,"RG","SE"
80,6,174,"RG","SE"
51,2,174,"RG","SE"
54,39,174,"RG","SE"
7,21,174,"RG","SE"
77,17,174,"RG","SE"
12,11,174,"RG","SE"
86,2,174,"RG","SE"
16,3,174,"RG","SE"
11,27,175,"RG","SE"
27,2,175,"RG","SE"
392,1,175,"RG","SE"
51,2,175,"RG","SE"
22,4,175,"RG","SE"
80,6,175,"RG","SE"
33,12,175,"RG","SE"
14,30,175,"RG","SE"
28,50,175,"RG","SE"
44,30,175,"RG","SE"
44,30,175,"RG","SE"
86,2,175,"RG","SE"
26,59,175,"RG","SE"
21,7,175,"RG","SE"
78,21,175,"RG","SE"
49,1,175,"RG","SE"
12,11,175,"RG","SE"
65,4,175,"RG","SE"
91,5,175,"RG","SE"
15,2,175,"RG","SE"
418,1,175,"RG","SE"
72,9,175,"RG","SE"
80,6,175,"RG","SE"
548,1,175,"RG","SE"
547,1,175,"RG","SE"
64,9,175,"RG","SE"
12,11,175,"RG","SE"
20,7,175,"RG","SE"
68,5,175,"RG","SE"
17,5,175,"RG","SE"
20,7,175,"RG","SE"
22,4,176,"RG","SE"
11,27,176,"RG","SE"
27,2,176,"RG","SE"
51,2,176,"RG","SE"
12,11,176,"RG","SE"
77,17,176,"RG","SE"
44,30,176,"RG","SE"
11,27,176,"RG","SE"
544,1,176,"RG","SE"
78,21,176,"RG","SE"
91,5,176,"RG","SE"
33,12,176,"RG","SE"
32,6,176,"RG","SE"
85,15,176,"RG","SE"
548,1,176,"RG","SE"
481,2,176,"RG","SE"
20,7,176,"RG","SE"
36,3,176,"RG","SE"
312,1,176,"RG","SE"
33,12,176,"RG","SE"
49,1,176,"RG","SE"
5,4,176,"RG","SE"
83,2,176,"RG","SE"
72,9,176,"RG","SE"
87,1,176,"RG","SE"
13,1,176,"RG","SE"
28,50,176,"RG","SE"
32,6,176,"RG","SE"
547,1,176,"RG","SE"
86,2,176,"RG","SE"
44,30,176,"RG","SE"
33,12,177,"RG","SE"
11,27,177,"RG","SE"
32,6,177,"RG","SE"
76,4,177,"RG","SE"
64,9,177,"RG","SE"
32,6,177,"RG","SE"
91,5,177,"RG","SE"
33,12,177,"RG","SE"
312,1,177,"RG","SE"
78,21,177,"RG","SE"
67,9,177,"RG","SE"
7,21,177,"RG","SE"
61,50,177,"RG","SE"
20,7,177,"RG","SE"
54,39,177,"RG","SE"
548,1,177,"RG","SE"
77,17,177,"RG","SE"
12,11,177,"RG","SE"
61,50,177,"RG","SE"
45,1,177,"RG","SE"
21,7,177,"RG","SE"
16,3,177,"RG","SE"
72,9,177,"RG","SE"
44,30,177,"RG","SE"
544,1,177,"RG","SE"
91,5,177,"RG","SE"
4,5,177,"RG","SE"
15,2,177,"RG","SE"
86,2,177,"RG","SE"
85,15,177,"RG","SE"
89,1,177,"RG","SE"
91,5,178,"RG","SE"
32,6,178,"RG","SE"
51,2,178,"RG","SE"
22,4,178,"RG","SE"
33,12,178,"RG","SE"
15,2,178,"RG","SE"
67,9,178,"RG","SE"
5,4,178,"RG","SE"
535,3,178,"RG","SE"
64,9,178,"RG","SE"
76,4,178,"RG","SE"
51,2,178,"RG","SE"
61,50,178,"RG","SE"
36,3,178,"RG","SE"
418,1,178,"RG","SE"
11,27,178,"RG","SE"
65,4,178,"RG","SE"
57,9,178,"RG","SE"
13,1,178,"RG","SE"
78,21,178,"RG","SE"
20,7,178,"RG","SE"
42,1,178,"RG","SE"
45,1,178,"RG","SE"
80,6,178,"RG","SE"
78,21,178,"RG","SE"
7,21,178,"RG","SE"
11,27,178,"RG","SE"
26,59,178,"RG","SE"
544,1,178,"RG","SE"
72,9,178,"RG","SE"
545,1,178,"RG","SE"
27,2,179,"RG","SE"
80,6,179,"RG","SE"
14,30,179,"RG","SE"
28,50,179,"RG","SE"
21,7,179,"RG","SE"
68,5,179,"RG","SE"
51,2,179,"RG","SE"
10,1,179,"RG","SE"
54,39,179,"RG","SE"
32,6,179,"RG","SE"
64,9,179,"RG","SE"
78,21,179,"RG","SE"
80,6,179,"RG","SE"
14,30,179,"RG","SE"
72,9,179,"RG","SE"
16,3,179,"RG","SE"
11,27,179,"RG","SE"
49,1,179,"RG","SE"
33,12,179,"RG","SE"
32,6,179,"RG","SE"
72,9,179,"RG","SE"
481,2,179,"RG","SE"
44,30,179,"RG","SE"
22,4,179,"RG","SE"
33,12,179,"RG","SE"
51,2,179,"RG","SE"
12,11,179,"RG","SE"
28,50,179,"RG","SE"
25,1,179,"RG","SE"
26,59,179,"RG","SE"
67,9,179,"RG","SE"
547,1,180,"RG","SE"
17,5,180,"RG","SE"
12,11,180,"RG","SE"
28,50,180,"RG","SE"
33,12,180,"RG","SE"
32,6,180,"RG","SE"
12,11,180,"RG","SE"
54,39,180,"RG","SE"
91,5,180,"RG","SE"
72,9,180,"RG","SE"
77,17,180,"RG","SE"
77,17,180,"RG","SE"
545,1,180,"RG","SE"
5,4,180,"RG","SE"
51,2,180,"RG","SE"
57,9,180,"RG","SE"
4,5,180,"RG","SE"
22,4,180,"RG","SE"
91,5,180,"RG","SE"
85,15,180,"RG","SE"
7,21,180,"RG","SE"
481,2,180,"RG","SE"
87,1,180,"RG","SE"
26,59,180,"RG","SE"
76,4,180,"RG","SE"
20,7,180,"RG","SE"
11,27,180,"RG","SE"
51,2,180,"RG","SE"
67,9,180,"RG","SE"
36,3,180,"RG","SE"
44,30,180,"RG","SE"
83,2,181,"RG","SE"
68,5,181,"RG","SE"
547,1,181,"RG","SE"
22,4,181,"RG","SE"
12,11,181,"RG","SE"
535,3,181,"RG","SE"
26,59,181,"RG","SE"
57,9,181,"RG","SE"
26,59,181,"RG","SE"
32,6,181,"RG","SE"
16,3,181,"RG","SE"
15,2,181,"RG","SE"
5,4,181,"RG","SE"
11,27,181,"RG","SE"
11,27,181,"RG","SE"
481,2,181,"RG","SE"
21,7,181,"RG","SE"
67,9,181,"RG","SE"
89,1,181,"RG","SE"
91,5,181,"RG","SE"
80,6,181,"RG","SE"
12,11,181,"RG","SE"
544,1,181,"RG","SE"
27,2,181,"RG","SE"
85,15,181,"RG","SE"
20,7,181,"RG","SE"
4,5,181,"RG","SE"
33,12,181,"RG","SE"
65,4,181,"RG","SE"
42,1,181,"RG","SE"
76,4,181,"RG","SE"
91,5,182,"RG","SE"
89,1,182,"RG","SE"
57,9,182,"RG","SE"
67,9,182,"RG","SE"
49,1,182,"RG","SE"
32,6,182,"RG","SE"
12,11,182,"RG","SE"
65,4,182,"RG","SE"
535,3,182,"RG","SE"
26,59,182,"RG","SE"
72,9,182,"RG","SE"
61,50,182,"RG","SE"
548,1,182,"RG","SE"
545,1,182,"RG","SE"
15,2,182,"RG","SE"
72,9,182,"RG","SE"
51,2,182,"RG","SE"
33,12,182,"RG","SE"
33,12,182,"RG","SE"
312,1,182,"RG","SE"
7,21,182,"RG","SE"
44,30,182,"RG","SE"
67,9,182,"RG","SE"
87,1,182,"RG","SE"
20,7,182,"RG","SE"
19,5,182,"RG","SE"
61,50,182,"RG","SE"
481,2,182,"RG","SE"
78,21,182,"RG","SE"
38,3,182,"RG","SE"
64,9,182,"RG","SE"
27,2,183,"RG","SE"
15,2,183,"RG","SE"
312,1,183,"RG","SE"
65,4,183,"RG","SE"
45,1,183,"RG","SE"
80,6,183,"RG","SE"
547,1,183,"RG","SE"
57,9,183,"RG","SE"
14,30,183,"RG","SE"
44,30,183,"RG","SE"
10,1,183,"RG","SE"
26,59,183,"RG","SE"
20,7,183,"RG","SE"
61,50,183,"RG","SE"
85,15,183,"RG","SE"
64,9,183,"RG","SE"
86,2,183,"RG","SE"
80,6,183,"RG","SE"
54,39,183,"RG","SE"
89,1,183,"RG","SE"
11,27,183,"RG","SE"
11,27,183,"RG","SE"
78,21,183,"RG","SE"
539,1,183,"RG","SE"
38,3,183,"RG","SE"
67,9,183,"RG","SE"
32,6,183,"RG","SE"
12,11,183,"RG","SE"
26,59,183,"RG","SE"
3,5,183,"RG","SE"
13,1,183,"RG","SE"
61,50,184,"RG","SE"
548,1,184,"RG","SE"
544,1,184,"RG","SE"
89,1,184,"RG","SE"
5,4,184,"RG","SE"
20,7,184,"RG","SE"
49,1,184,"RG","SE"
64,9,184,"RG","SE"
44,30,184,"RG","SE"
15,2,184,"RG","SE"
51,2,184,"RG","SE"
4,5,184,"RG","SE"
36,3,184,"RG","SE"
91,5,184,"RG","SE"
76,4,184,"RG","SE"
68,5,184,"RG","SE"
38,3,184,"RG","SE"
17,5,184,"RG","SE"
13,1,184,"RG","SE"
67,9,184,"RG","SE"
16,3,184,"RG","SE"
67,9,184,"RG","SE"
32,6,184,"RG","SE"
86,2,184,"RG","SE"
21,7,184,"RG","SE"
33,12,184,"RG","SE"
78,21,184,"RG","SE"
91,5,184,"RG","SE"
78,21,184,"RG","SE"
14,30,184,"RG","SE"
77,17,184,"RG","SE"
545,1,185,"RG","SE"
32,6,185,"RG","SE"
44,30,185,"RG","SE"
539,1,185,"RG","SE"
44,30,185,"RG","SE"
91,5,185,"RG","SE"
72,9,185,"RG","SE"
32,6,185,"RG","SE"
78,21,185,"RG","SE"
65,4,185,"RG","SE"
42,1,185,"RG","SE"
12,11,185,"RG","SE"
57,9,185,"RG","SE"
80,6,185,"RG","SE"
548,1,185,"RG","SE"
51,2,185,"RG","SE"
16,3,185,"RG","SE"
535,3,185,"RG","SE"
57,9,185,"RG","SE"
72,9,185,"RG","SE"
85,15,185,"RG","SE"
68,5,185,"RG","SE"
19,5,185,"RG","SE"
25,1,185,"RG","SE"
13,1,185,"RG","SE"
10,1,185,"RG","SE"
14,30,185,"RG","SE"
28,50,185,"RG","SE"
38,3,185,"RG","SE"
77,17,185,"RG","SE"
11,27,185,"RG","SE"
28,50,186,"RG","SE"
392,1,186,"RG","SE"
15,2,186,"RG","SE"
11,27,186,"RG","SE"
72,9,186,"RG","SE"
45,1,186,"RG","SE"
44,30,186,"RG","SE"
544,1,186,"RG","SE"
51,2,186,"RG","SE"
7,21,186,"RG","SE"
78,21,186,"RG","SE"
481,2,186,"RG","SE"
76,4,186,"RG","SE"
418,1,186,"RG","SE"
36,3,186,"RG","SE"
54,39,186,"RG","SE"
535,3,186,"RG","SE"
78,21,186,"RG","SE"
87,1,186,"RG","SE"
14,30,186,"RG","SE"
20,7,186,"RG","SE"
85,15,186,"RG","SE"
26,59,186,"RG","SE"
67,9,186,"RG","SE"
11,27,186,"RG","SE"
33,12,186,"RG","SE"
86,2,186,"RG","SE"
57,9,186,"RG","SE"
12,11,186,"RG","SE"
91,5,186,"RG","SE"
22,4,186,"RG","SE"
78,21,187,"RG","SE"
38,3,187,"RG","SE"
85,15,187,"RG","SE"
86,2,187,"RG","SE"
17,5,187,"RG","SE"
544,1,187,"RG","SE"
45,1,187,"RG","SE"
11,27,187,"RG","SE"
80,6,187,"RG","SE"
44,30,187,"RG","SE"
5,4,187,"RG","SE"
12,11,187,"RG","SE"
65,4,187,"RG","SE"
19,5,187,"RG","SE"
57,9,187,"RG","SE"
11,27,187,"RG","SE"
54,39,187,"RG","SE"
10,1,187,"RG","SE"
7,21,187,"RG","SE"
27,2,187,"RG","SE"
91,5,187,"RG","SE"
68,5,187,"RG","SE"
72,9,187,"RG","SE"
14,30,187,"RG","SE"
80,6,187,"RG","SE"
26,59,187,"RG","SE"
4,5,187,"RG","SE"
20,7,187,"RG","SE"
42,1,187,"RG","SE"
36,3,187,"RG","SE"
418,1,187,"RG","SE"
77,17,188,"RG","SE"
7,21,188,"RG","SE"
80,6,188,"RG","SE"
20,7,188,"RG","SE"
548,1,188,"RG","SE"
545,1,188,"RG","SE"
22,4,188,"RG","SE"
68,5,188,"RG","SE"
91,5,188,"RG","SE"
89,1,188,"RG","SE"
535,3,188,"RG","SE"
87,1,188,"RG","SE"
91,5,188,"RG","SE"
44,30,188,"RG","SE"
42,1,188,"RG","SE"
4,5,188,"RG","SE"
77,17,188,"RG","SE"
12,11,188,"RG","SE"
67,9,188,"RG","SE"
19,5,188,"RG","SE"
28,50,188,"RG","SE"
547,1,188,"RG","SE"
11,27,188,"RG","SE"
85,15,188,"RG","SE"
45,1,188,"RG","SE"
20,7,188,"RG","SE"
21,7,188,"RG","SE"
33,12,188,"RG","SE"
83,2,188,"RG","SE"
54,39,188,"RG","SE"
64,9,188,"RG","SE"
38,3,189,"RG","SE"
51,2,189,"RG","SE"
7,21,189,"RG","SE"
11,27,189,"RG","SE"
72,9,189,"RG","SE"
14,30,189,"RG","SE"
27,2,189,"RG","SE"
42,1,189,"RG","SE"
89,1,189,"RG","SE"
312,1,189,"RG","SE"
19,5,189,"RG","SE"
91,5,189,"RG","SE"
11,27,189,"RG","SE"
25,1,189,"RG","SE"
67,9,189,"RG","SE"
544,1,189,"RG","SE"
10,1,189,"RG","SE"
13,1,189,"RG","SE"
78,21,189,"RG","SE"
22,4,189,"RG","SE"
16,3,189,"RG","SE"
87,1,189,"RG","SE"
36,3,189,"RG","SE"
548,1,189,"RG","SE"
77,17,189,"RG","SE"
72,9,189,"RG","SE"
67,9,189,"RG","SE"
80,6,189,"RG","SE"
44,30,189,"RG","SE"
15,2,189,"RG","SE"
14,30,189,"RG","SE"
20,7,190,"RG","SE"
64,9,190,"RG","SE"
72,9,190,"RG","SE"
77,17,190,"RG","SE"
13,1,190,"RG","SE"
51,2,190,"RG","SE"
77,17,190,"RG","SE"
15,2,190,"RG","SE"
392,1,190,"RG","SE"
28,50,190,"RG","SE"
19,5,190,"RG","SE"
61,50,190,"RG","SE"
545,1,190,"RG","SE"
91,5,190,"RG","SE"
312,1,190,"RG","SE"
38,3,190,"RG","SE"
91,5,190,"RG","SE"
83,2,190,"RG","SE"
32,6,190,"RG","SE"
89,1,190,"RG","SE"
14,30,190,"RG","SE"
42,1,190,"RG","SE"
86,2,190,"RG","SE"
78,21,190,"RG","SE"
11,27,190,"RG","SE"
44,30,190,"RG","SE"
5,4,190,"RG","SE"
27,2,190,"RG","SE"
548,1,190,"RG","SE"
87,1,190,"RG","SE"
51,2,190,"RG","SE"
77,17,191,"RG","SE"
7,21,191,"RG","SE"
539,1,191,"RG","SE"
57,9,191,"RG","SE"
13,1,191,"RG","SE"
91,5,191,"RG","SE"
27,2,191,"RG","SE"
5,4,191,"RG","SE"
33,12,191,"RG","SE"
80,6,191,"RG","SE"
312,1,191,"RG","SE"
89,1,191,"RG","SE"
17,5,191,"RG","SE"
67,9,191,"RG","SE"
545,1,191,"RG","SE"
26,59,191,"RG","SE"
11,27,191,"RG","SE"
20,7,191,"RG","SE"
64,9,191,"RG","SE"
72,9,191,"RG","SE"
44,30,191,"RG","SE"
65,4,191,"RG","SE"
14,30,191,"RG","SE"
91,5,191,"RG","SE"
78,21,191,"RG","SE"
45,1,191,"RG","SE"
547,1,191,"RG","SE"
36,3,191,"RG","SE"
68,5,191,"RG","SE"
38,3,191,"RG","SE"
28,50,191,"RG","SE"
68,5,192,"RG","SE"
10,1,192,"RG","SE"
78,21,192,"RG","SE"
14,30,192,"RG","SE"
32,6,192,"RG","SE"
547,1,192,"RG","SE"
26,59,192,"RG","SE"
28,50,192,"RG","SE"
67,9,192,"RG","SE"
15,2,192,"RG","SE"
17,5,192,"RG","SE"
32,6,192,"RG","SE"
65,4,192,"RG","SE"
16,3,192,"RG","SE"
392,1,192,"RG","SE"
28,50,192,"RG","SE"
45,1,192,"RG","SE"
13,1,192,"RG","SE"
535,3,192,"RG","SE"
539,1,192,"RG","SE"
72,9,192,"RG","SE"
89,1,192,"RG","SE"
20,7,192,"RG","SE"
42,1,192,"RG","SE"
83,2,192,"RG","SE"
27,2,192,"RG","SE"
26,59,192,"RG","SE"
77,17,192,"RG","SE"
44,30,192,"RG","SE"
61,50,192,"RG","SE"
545,1,192,"RG","SE"
51,2,193,"RG","SE"
57,9,193,"RG","SE"
28,50,193,"RG","SE"
61,50,193,"RG","SE"
38,3,193,"RG","SE"
87,1,193,"RG","SE"
44,30,193,"RG","SE"
80,6,193,"RG","SE"
481,2,193,"RG","SE"
16,3,193,"RG","SE"
20,7,193,"RG","SE"
64,9,193,"RG","SE"
32,6,193,"RG","SE"
85,15,193,"RG","SE"
14,30,193,"RG","SE"
548,1,193,"RG","SE"
312,1,193,"RG","SE"
14,30,193,"RG","SE"
10,1,193,"RG","SE"
5,4,193,"RG","SE"
65,4,193,"RG","SE"
72,9,193,"RG","SE"
78,21,193,"RG","SE"
61,50,193,"RG","SE"
392,1,193,"RG","SE"
77,17,193,"RG","SE"
7,21,193,"RG","SE"
7,21,193,"RG","SE"
17,5,193,"RG","SE"
91,5,193,"RG","SE"
86,2,193,"RG","SE"
67,9,194,"RG","SE"
33,12,194,"RG","SE"
13,1,194,"RG","SE"
7,21,194,"RG","SE"
548,1,194,"RG","SE"
539,1,194,"RG","SE"
11,27,194,"RG","SE"
15,2,194,"RG","SE"
44,30,194,"RG","SE"
27,2,194,"RG","SE"
32,6,194,"RG","SE"
547,1,194,"RG","SE"
87,1,194,"RG","SE"
14,30,194,"RG","SE"
57,9,194,"RG","SE"
77,17,194,"RG","SE"
61,50,194,"RG","SE"
32,6,194,"RG","SE"
7,21,194,"RG","SE"
28,50,194,"RG","SE"
392,1,194,"RG","SE"
14,30,194,"RG","SE"
17,5,194,"RG","SE"
25,1,194,"RG","SE"
86,2,194,"RG","SE"
12,11,194,"RG","SE"
85,15,194,"RG","SE"
21,7,194,"RG","SE"
4,5,194,"RG","SE"
545,1,194,"RG","SE"
65,4,194,"RG","SE"
51,2,195,"RG","SE"
27,2,195,"RG","SE"
76,4,195,"RG","SE"
312,1,195,"RG","SE"
15,2,195,"RG","SE"
547,1,195,"RG","SE"
12,11,195,"RG","SE"
7,21,195,"RG","SE"
57,9,195,"RG","SE"
12,11,195,"RG","SE"
65,4,195,"RG","SE"
26,59,195,"RG","SE"
77,17,195,"RG","SE"
539,1,195,"RG","SE"
25,1,195,"RG","SE"
14,30,195,"RG","SE"
49,1,195,"RG","SE"
19,5,195,"RG","SE"
10,1,195,"RG","SE"
91,5,195,"RG","SE"
26,59,195,"RG","SE"
72,9,195,"RG","SE"
77,17,195,"RG","SE"
45,1,195,"RG","SE"
57,9,195,"RG","SE"
38,3,195,"RG","SE"
544,1,195,"RG","SE"
32,6,195,"RG","SE"
20,7,195,"RG","SE"
80,6,195,"RG","SE"
20,7,195,"RG","SE"
21,7,196,"RG","SE"
61,50,196,"RG","SE"
67,9,196,"RG","SE"
64,9,196,"RG","SE"
20,7,196,"RG","SE"
13,1,196,"RG","SE"
57,9,196,"RG","SE"
87,1,196,"RG","SE"
22,4,196,"RG","SE"
10,1,196,"RG","SE"
17,5,196,"RG","SE"
32,6,196,"RG","SE"
548,1,196,"RG","SE"
392,1,196,"RG","SE"
91,5,196,"RG","SE"
7,21,196,"RG","SE"
418,1,196,"RG","SE"
11,27,196,"RG","SE"
26,59,196,"RG","SE"
77,17,196,"RG","SE"
72,9,196,"RG","SE"
19,5,196,"RG","SE"
61,50,196,"RG","SE"
535,3,196,"RG","SE"
14,30,196,"RG","SE"
80,6,196,"RG","SE"
68,5,196,"RG","SE"
42,1,196,"RG","SE"
481,2,196,"RG","SE"
38,3,196,"RG","SE"
26,59,196,"RG","SE"
481,2,197,"RG","SE"
13,1,197,"RG","SE"
21,7,197,"RG","SE"
5,4,197,"RG","SE"
20,7,197,"RG","SE"
15,2,197,"RG","SE"
33,12,197,"RG","SE"
544,1,197,"RG","SE"
418,1,197,"RG","SE"
65,4,197,"RG","SE"
77,17,197,"RG","SE"
78,21,197,"RG","SE"
28,50,197,"RG","SE"
33,12,197,"RG","SE"
42,1,197,"RG","SE"
77,17,197,"RG","SE"
28,50,197,"RG","SE"
64,9,197,"RG","SE"
25,1,197,"RG","SE"
87,1,197,"RG","SE"
312,1,197,"RG","SE"
72,9,197,"RG","SE"
16,3,197,"RG","SE"
26,59,197,"RG","SE"
67,9,197,"RG","SE"
91,5,197,"RG","SE"
76,4,197,"RG","SE"
545,1,197,"RG","SE"
22,4,197,"RG","SE"
51,2,197,"RG","SE"
51,2,197,"RG","SE"
91,5,198,"RG","SE"
21,7,198,"RG","SE"
19,5,198,"RG","SE"
10,1,198,"RG","SE"
54,39,198,"RG","SE"
51,2,198,"RG","SE"
42,1,198,"RG","SE"
11,27,198,"RG","SE"
57,9,198,"RG","SE"
64,9,198,"RG","SE"
33,12,198,"RG","SE"
32,6,198,"RG","SE"
14,30,198,"RG","SE"
44,30,198,"RG","SE"
80,6,198,"RG","SE"
14,30,198,"RG","SE"
33,12,198,"RG","SE"
76,4,198,"RG","SE"
12,11,198,"RG","SE"
87,1,198,"RG","SE"
67,9,198,"RG","SE"
539,1,198,"RG","SE"
544,1,198,"RG","SE"
51,2,198,"RG","SE"
535,3,198,"RG","SE"
77,17,198,"RG","SE"
418,1,198,"RG","SE"
44,30,198,"RG","SE"
91,5,198,"RG","SE"
25,1,198,"RG","SE"
86,2,198,"RG","SE"
28,50,199,"RG","SE"
33,12,199,"RG","SE"
91,5,199,"RG","SE"
15,2,199,"RG","SE"
36,3,199,"RG","SE"
547,1,199,"RG","SE"
61,50,199,"RG","SE"
77,17,199,"RG","SE"
418,1,199,"RG","SE"
12,11,199,"RG","SE"
28,50,199,"RG","SE"
4,5,199,"RG","SE"
545,1,199,"RG","SE"
57,9,199,"RG","SE"
11,27,199,"RG","SE"
481,2,199,"RG","SE"
33,12,199,"RG","SE"
539,1,199,"RG","SE"
312,1,199,"RG","SE"
5,4,199,"RG","SE"
80,6,199,"RG","SE"
77,17,199,"RG","SE"
535,3,199,"RG","SE"
72,9,199,"RG","SE"
544,1,199,"RG","SE"
89,1,199,"RG","SE"
76,4,199,"RG","SE"
72,9,199,"RG","SE"
392,1,199,"RG","SE"
68,5,199,"RG","SE"
54,39,199,"RG","SE"
67,9,200,"RG","SE"
25,1,200,"RG","SE"
28,50,200,"RG","SE"
65,4,200,"RG","SE"
7,21,200,"RG","SE"
5,4,200,"RG","SE"
19,5,200,"RG","SE"
89,1,200,"RG","SE"
3,5,200,"RG","SE"
14,30,200,"RG","SE"
38,3,200,"RG","SE"
91,5,200,"RG","SE"
51,2,200,"RG","SE"
57,9,200,"RG","SE"
27,2,200,"RG","SE"
544,1,200,"RG","SE"
4,5,200,"RG","SE"
539,1,200,"RG","SE"
80,6,200,"RG","SE"
11,27,200,"RG","SE"
91,5,200,"RG","SE"
32,6,200,"RG","SE"
28,50,200,"RG","SE"
54,39,200,"RG","SE"
77,17,200,"RG","SE"
49,1,200,"RG","SE"
22,4,200,"RG","SE"
67,9,200,"RG","SE"
78,21,200,"RG","SE"
64,9,200,"RG","SE"
61,50,200,"RG","SE"
89,1,201,"RG","SE"
3,5,201,"RG","SE"
28,50,201,"RG","SE"
72,9,201,"RG","SE"
67,9,201,"RG","SE"
11,27,201,"RG","SE"
535,3,201,"RG","SE"
12,11,201,"RG","SE"
61,50,201,"RG","SE"
14,30,201,"RG","SE"
26,59,201,"RG","SE"
27,2,201,"RG","SE"
83,2,201,"RG","SE"
418,1,201,"RG","SE"
548,1,201,"RG","SE"
49,1,201,"RG","SE"
44,30,201,"RG","SE"
38,3,201,"RG","SE"
85,15,201,"RG","SE"
16,3,201,"RG","SE"
78,21,201,"RG","SE"
12,11,201,"RG","SE"
15,2,201,"RG","SE"
13,1,201,"RG","SE"
76,4,201,"RG","SE"
42,1,201,"RG","SE"
68,5,201,"RG","SE"
28,50,201,"RG","SE"
545,1,201,"RG","SE"
25,1,201,"RG","SE"
544,1,201,"RG","SE"
20,7,202,"RG","SE"
19,5,202,"RG","SE"
7,21,202,"RG","SE"
91,5,202,"RG","SE"
54,39,202,"RG","SE"
86,2,202,"RG","SE"
51,2,202,"RG","SE"
89,1,202,"RG","SE"
76,4,202,"RG","SE"
544,1,202,"RG","SE"
33,12,202,"RG","SE"
3,5,202,"RG","SE"
38,3,202,"RG","SE"
10,1,202,"RG","SE"
91,5,202,"RG","SE"
61,50,202,"RG","SE"
13,1,202,"RG","SE"
21,7,202,"RG","SE"
17,5,202,"RG","SE"
67,9,202,"RG","SE"
61,50,202,"RG","SE"
42,1,202,"RG","SE"
51,2,202,"RG","SE"
16,3,202,"RG","SE"
68,5,202,"RG","SE"
77,17,202,"RG","SE"
11,27,202,"RG","SE"
25,1,202,"RG","SE"
65,4,202,"RG","SE"
27,2,202,"RG","SE"
80,6,202,"RG","SE"
77,17,203,"RG","SE"
76,4,203,"RG","SE"
26,59,203,"RG","SE"
72,9,203,"RG","SE"
33,12,203,"RG","SE"
28,50,203,"RG","SE"
57,9,203,"RG","SE"
27,2,203,"RG","SE"
11,27,203,"RG","SE"
85,15,203,"RG","SE"
545,1,203,"RG","SE"
32,6,203,"RG","SE"
91,5,203,"RG","SE"
5,4,203,"RG","SE"
10,1,203,"RG","SE"
481,2,203,"RG","SE"
80,6,203,"RG","SE"
77,17,203,"RG","SE"
78,21,203,"RG","SE"
54,39,203,"RG","SE"
547,1,203,"RG","SE"
91,5,203,"RG","SE"
57,9,203,"RG","SE"
7,21,203,"RG","SE"
89,1,203,"RG","SE"
12,11,203,"RG","SE"
14,30,203,"RG","SE"
20,7,203,"RG","SE"
67,9,203,"RG","SE"
418,1,203,"RG","SE"
83,2,203,"RG","SE"
80,6,204,"RG","SE"
25,1,204,"RG","SE"
312,1,204,"RG","SE"
22,4,204,"RG","SE"
65,4,204,"RG","SE"
15,2,204,"RG","SE"
14,30,204,"RG","SE"
7,21,204,"RG","SE"
28,50,204,"RG","SE"
16,3,204,"RG","SE"
80,6,204,"RG","SE"
418,1,204,"RG","SE"
57,9,204,"RG","SE"
78,21,204,"RG","SE"
3,5,204,"RG","SE"
33,12,204,"RG","SE"
76,4,204,"RG","SE"
36,3,204,"RG","SE"
83,2,204,"RG","SE"
61,50,204,"RG","SE"
85,15,204,"RG","SE"
33,12,204,"RG","SE"
7,21,204,"RG","SE"
11,27,204,"RG","SE"
12,11,204,"RG","SE"
5,4,204,"RG","SE"
68,5,204,"RG","SE"
544,1,204,"RG","SE"
64,9,204,"RG","SE"
61,50,204,"RG","SE"
72,9,204,"RG","SE"
17,5,205,"RG","SE"
51,2,205,"RG","SE"
61,50,205,"RG","SE"
3,5,205,"RG","SE"
86,2,205,"RG","SE"
13,1,205,"RG","SE"
15,2,205,"RG","SE"
535,3,205,"RG","SE"
91,5,205,"RG","SE"
67,9,205,"RG","SE"
87,1,205,"RG","SE"
4,5,205,"RG","SE"
7,21,205,"RG","SE"
19,5,205,"RG","SE"
26,59,205,"RG","SE"
64,9,205,"RG","SE"
12,11,205,"RG","SE"
544,1,205,"RG","SE"
418,1,205,"RG","SE"
14,30,205,"RG","SE"
42,1,205,"RG","SE"
22,4,205,"RG","SE"
89,1,205,"RG","SE"
77,17,205,"RG","SE"
7,21,205,"RG","SE"
57,9,205,"RG","SE"
80,6,205,"RG","SE"
10,1,205,"RG","SE"
85,15,205,"RG","SE"
45,1,205,"RG","SE"
33,12,205,"RG","SE"
86,2,206,"RG","SE"
44,30,206,"RG","SE"
49,1,206,"RG","SE"
10,1,206,"RG","SE"
5,4,206,"RG","SE"
72,9,206,"RG","SE"
26,59,206,"RG","SE"
3,5,206,"RG","SE"
57,9,206,"RG","SE"
77,17,206,"RG","SE"
78,21,206,"RG","SE"
13,1,206,"RG","SE"
51,2,206,"RG","SE"
38,3,206,"RG","SE"
61,50,206,"RG","SE"
11,27,206,"RG","SE"
80,6,206,"RG","SE"
7,21,206,"RG","SE"
85,15,206,"RG","SE"
33,12,206,"RG","SE"
42,1,206,"RG","SE"
22,4,206,"RG","SE"
11,27,206,"RG","SE"
83,2,206,"RG","SE"
64,9,206,"RG","SE"
21,7,206,"RG","SE"
392,1,206,"RG","SE"
91,5,206,"RG","SE"
78,21,206,"RG","SE"
44,30,206,"RG","SE"
68,5,206,"RG","SE"
17,5,207,"RG","SE"
36,3,207,"RG","SE"
72,9,207,"RG","SE"
61,50,207,"RG","SE"
64,9,207,"RG","SE"
77,17,207,"RG","SE"
26,59,207,"RG","SE"
77,17,207,"RG","SE"
418,1,207,"RG","SE"
45,1,207,"RG","SE"
11,27,207,"RG","SE"
67,9,207,"RG","SE"
57,9,207,"RG","SE"
16,3,207,"RG","SE"
32,6,207,"RG","SE"
80,6,207,"RG","SE"
51,2,207,"RG","SE"
3,5,207,"RG","SE"
28,50,207,"RG","SE"
19,5,207,"RG","SE"
91,5,207,"RG","SE"
91,5,207,"RG","SE"
72,9,207,"RG","SE"
26,59,207,"RG","SE"
548,1,207,"RG","SE"
11,27,207,"RG","SE"
80,6,207,"RG","SE"
49,1,207,"RG","SE"
4,5,207,"RG","SE"
15,2,207,"RG","SE"
42,1,207,"RG","SE"
36,3,208,"RG","SE"
25,1,208,"RG","SE"
68,5,208,"RG","SE"
67,9,208,"RG","SE"
28,50,208,"RG","SE"
26,59,208,"RG","SE"
33,12,208,"RG","SE"
61,50,208,"RG","SE"
21,7,208,"RG","SE"
85,15,208,"RG","SE"
13,1,208,"RG","SE"
77,17,208,"RG","SE"
61,50,208,"RG","SE"
20,7,208,"RG","SE"
67,9,208,"RG","SE"
10,1,208,"RG","SE"
87,1,208,"RG","SE"
7,21,208,"RG","SE"
545,1,208,"RG","SE"
11,27,208,"RG","SE"
72,9,208,"RG","SE"
3,5,208,"RG","SE"
44,30,208,"RG","SE"
4,5,208,"RG","SE"
547,1,208,"RG","SE"
57,9,208,"RG","SE"
91,5,208,"RG","SE"
42,1,208,"RG","SE"
548,1,208,"RG","SE"
51,2,208,"RG","SE"
16,3,208,"RG","SE"
14,30,209,"RG","SE"
45,1,209,"RG","SE"
535,3,209,"RG","SE"
539,1,209,"RG","SE"
80,6,209,"RG","SE"
418,1,209,"RG","SE"
86,2,209,"RG","SE"
12,11,209,"RG","SE"
44,30,209,"RG","SE"
544,1,209,"RG","SE"
26,59,209,"RG","SE"
64,9,209,"RG","SE"
14,30,209,"RG","SE"
72,9,209,"RG","SE"
76,4,209,"RG","SE"
83,2,209,"RG","SE"
312,1,209,"RG","SE"
57,9,209,"RG","SE"
19,5,209,"RG","SE"
12,11,209,"RG","SE"
78,21,209,"RG","SE"
87,1,209,"RG","SE"
545,1,209,"RG","SE"
78,21,209,"RG","SE"
61,50,209,"RG","SE"
51,2,209,"RG","SE"
89,1,209,"RG","SE"
33,12,209,"RG","SE"
25,1,209,"RG","SE"
51,2,209,"RG","SE"
17,5,209,"RG","SE"
16,3,210,"RG","SE"
28,50,210,"RG","SE"
72,9,210,"RG","SE"
5,4,210,"RG","SE"
72,9,210,"RG","SE"
14,30,210,"RG","SE"
10,1,210,"RG","SE"
26,59,210,"RG","SE"
78,21,210,"RG","SE"
4,5,210,"RG","SE"
22,4,210,"RG","SE"
44,30,210,"RG","SE"
545,1,210,"RG","SE"
67,9,210,"RG","SE"
20,7,210,"RG","SE"
80,6,210,"RG","SE"
539,1,210,"RG","SE"
85,15,210,"RG","SE"
64,9,210,"RG","SE"
27,2,210,"RG","SE"
19,5,210,"RG","SE"
68,5,210,"RG","SE"
51,2,210,"RG","SE"
3,5,210,"RG","SE"
33,12,210,"RG","SE"
12,11,210,"RG","SE"
57,9,210,"RG","SE"
91,5,210,"RG","SE"
67,9,210,"RG","SE"
42,1,210,"RG","SE"
54,39,210,"RG","SE"
548,1,211,"RG","SE"
86,2,211,"RG","SE"
545,1,211,"RG","SE"
77,17,211,"RG","SE"
11,27,211,"RG","SE"
7,21,211,"RG","SE"
72,9,211,"RG","SE"
67,9,211,"RG","SE"
44,30,211,"RG","SE"
85,15,211,"RG","SE"
28,50,211,"RG","SE"
44,30,211,"RG","SE"
539,1,211,"RG","SE"
76,4,211,"RG","SE"
45,1,211,"RG","SE"
21,7,211,"RG","SE"
25,1,211,"RG","SE"
28,50,211,"RG","SE"
89,1,211,"RG","SE"
91,5,211,"RG","SE"
26,59,211,"RG","SE"
11,27,211,"RG","SE"
10,1,211,"RG","SE"
544,1,211,"RG","SE"
83,2,211,"RG","SE"
42,1,211,"RG","SE"
17,5,211,"RG","SE"
77,17,211,"RG","SE"
12,11,211,"RG","SE"
20,7,211,"RG","SE"
51,2,211,"RG","SE"
72,9,212,"RG","SE"
5,4,212,"RG","SE"
32,6,212,"RG","SE"
78,21,212,"RG","SE"
15,2,212,"RG","SE"
10,1,212,"RG","SE"
418,1,212,"RG","SE"
392,1,212,"RG","SE"
44,30,212,"RG","SE"
17,5,212,"RG","SE"
85,15,212,"RG","SE"
11,27,212,"RG","SE"
14,30,212,"RG","SE"
64,9,212,"RG","SE"
61,50,212,"RG","SE"
21,7,212,"RG","SE"
535,3,212,"RG","SE"
76,4,212,"RG","SE"
26,59,212,"RG","SE"
57,9,212,"RG","SE"
86,2,212,"RG","SE"
87,1,212,"RG","SE"
16,3,212,"RG","SE"
26,59,212,"RG","SE"
45,1,212,"RG","SE"
3,5,212,"RG","SE"
89,1,212,"RG","SE"
67,9,212,"RG","SE"
32,6,212,"RG","SE"
65,4,212,"RG","SE"
44,30,212,"RG","SE"
38,3,213,"RG","SE"
68,5,213,"RG","SE"
26,59,213,"RG","SE"
11,27,213,"RG","SE"
12,11,213,"RG","SE"
17,5,213,"RG","SE"
42,1,213,"RG","SE"
10,1,213,"RG","SE"
78,21,213,"RG","SE"
7,21,213,"RG","SE"
548,1,213,"RG","SE"
28,50,213,"RG","SE"
545,1,213,"RG","SE"
14,30,213,"RG","SE"
67,9,213,"RG","SE"
4,5,213,"RG","SE"
61,50,213,"RG","SE"
11,27,213,"RG","SE"
44,30,213,"RG","SE"
535,3,213,"RG","SE"
91,5,213,"RG","SE"
83,2,213,"RG","SE"
57,9,213,"RG","SE"
19,5,213,"RG","SE"
547,1,213,"RG","SE"
72,9,213,"RG","SE"
36,3,213,"RG","SE"
22,4,213,"RG","SE"
32,6,213,"RG","SE"
89,1,213,"RG","SE"
312,1,213,"RG","SE"
54,39,214,"RG","SE"
26,59,214,"RG","SE"
49,1,214,"RG","SE"
91,5,214,"RG","SE"
44,30,214,"RG","SE"
16,3,214,"RG","SE"
3,5,214,"RG","SE"
86,2,214,"RG","SE"
78,21,214,"RG","SE"
72,9,214,"RG","SE"
418,1,214,"RG","SE"
78,21,214,"RG","SE"
68,5,214,"RG","SE"
14,30,214,"RG","SE"
5,4,214,"RG","SE"
61,50,214,"RG","SE"
80,6,214,"RG","SE"
535,3,214,"RG","SE"
26,59,214,"RG","SE"
45,1,214,"RG","SE"
77,17,214,"RG","SE"
76,4,214,"RG","SE"
32,6,214,"RG","SE"
27,2,214,"RG","SE"
67,9,214,"RG","SE"
548,1,214,"RG","SE"
83,2,214,"RG","SE"
32,6,214,"RG","SE"
11,27,214,"RG","SE"
10,1,214,"RG","SE"
15,2,214,"RG","SE"
44,30,215,"RG","SE"
44,30,215,"RG","SE"
15,2,215,"RG","SE"
64,9,215,"RG","SE"
72,9,215,"RG","SE"
67,9,215,"RG","SE"
38,3,215,"RG","SE"
418,1,215,"RG","SE"
548,1,215,"RG","SE"
20,7,215,"RG","SE"
27,2,215,"RG","SE"
89,1,215,"RG","SE"
21,7,215,"RG","SE"
57,9,215,"RG","SE"
312,1,215,"RG","SE"
32,6,215,"RG","SE"
4,5,215,"RG","SE"
12,11,215,"RG","SE"
51,2,215,"RG","SE"
77,17,215,"RG","SE"
28,50,215,"RG","SE"
26,59,215,"RG","SE"
83,2,215,"RG","SE"
61,50,215,"RG","SE"
85,15,215,"RG","SE"
14,30,215,"RG","SE"
76,4,215,"RG","SE"
77,17,215,"RG","SE"
13,1,215,"RG","SE"
7,21,215,"RG","SE"
22,4,215,"RG","SE"
33,12,216,"RG","SE"
67,9,216,"RG","SE"
17,5,216,"RG","SE"
91,5,216,"RG","SE"
72,9,216,"RG","SE"
51,2,216,"RG","SE"
4,5,216,"RG","SE"
25,1,216,"RG","SE"
28,50,216,"RG","SE"
11,27,216,"RG","SE"
13,1,216,"RG","SE"
539,1,216,"RG","SE"
312,1,216,"RG","SE"
7,21,216,"RG","SE"
57,9,216,"RG","SE"
22,4,216,"RG","SE"
392,1,216,"RG","SE"
65,4,216,"RG","SE"
57,9,216,"RG","SE"
14,30,216,"RG","SE"
547,1,216,"RG","SE"
32,6,216,"RG","SE"
80,6,216,"RG","SE"
49,1,216,"RG","SE"
33,12,216,"RG","SE"
36,3,216,"RG","SE"
42,1,216,"RG","SE"
86,2,216,"RG","SE"
45,1,216,"RG","SE"
20,7,216,"RG","SE"
418,1,216,"RG","SE"
87,1,217,"RG","SE"
15,2,217,"RG","SE"
83,2,217,"RG","SE"
3,5,217,"RG","SE"
544,1,217,"RG","SE"
32,6,217,"RG","SE"
7,21,217,"RG","SE"
27,2,217,"RG","SE"
33,12,217,"RG","SE"
86,2,217,"RG","SE"
26,59,217,"RG","SE"
26,59,217,"RG","SE"
13,1,217,"RG","SE"
67,9,217,"RG","SE"
7,21,217,"RG","SE"
80,6,217,"RG","SE"
38,3,217,"RG","SE"
49,1,217,"RG","SE"
61,50,217,"RG","SE"
5,4,217,"RG","SE"
22,4,217,"RG","SE"
61,50,217,"RG","SE"
76,4,217,"RG","SE"
33,12,217,"RG","SE"
68,5,217,"RG","SE"
547,1,217,"RG","SE"
36,3,217,"RG","SE"
44,30,217,"RG","SE"
11,27,217,"RG","SE"
535,3,217,"RG","SE"
44,30,217,"RG","SE"
548,1,218,"RG","SE"
54,39,218,"RG","SE"
87,1,218,"RG","SE"
83,2,218,"RG","SE"
85,15,218,"RG","SE"
10,1,218,"RG","SE"
61,50,218,"RG","SE"
547,1,218,"RG","SE"
545,1,218,"RG","SE"
51,2,218,"RG","SE"
21,7,218,"RG","SE"
7,21,218,"RG","SE"
15,2,218,"RG","SE"
91,5,218,"RG","SE"
539,1,218,"RG","SE"
80,6,218,"RG","SE"
20,7,218,"RG","SE"
418,1,218,"RG","SE"
20,7,218,"RG","SE"
38,3,218,"RG","SE"
57,9,218,"RG","SE"
44,30,218,"RG","SE"
392,1,218,"RG","SE"
77,17,218,"RG","SE"
33,12,218,"RG","SE"
68,5,218,"RG","SE"
51,2,218,"RG","SE"
32,6,218,"RG","SE"
65,4,218,"RG","SE"
78,21,218,"RG","SE"
14,30,218,"RG","SE"
7,21,219,"RG","SE"
19,5,219,"RG","SE"
20,7,219,"RG","SE"
49,1,219,"RG","SE"
76,4,219,"RG","SE"
7,21,219,"RG","SE"
57,9,219,"RG","SE"
38,3,219,"RG","SE"
13,1,219,"RG","SE"
25,1,219,"RG","SE"
54,39,219,"RG","SE"
12,11,219,"RG","SE"
80,6,219,"RG","SE"
33,12,219,"RG","SE"
12,11,219,"RG","SE"
14,30,219,"RG","SE"
57,9,219,"RG","SE"
91,5,219,"RG","SE"
80,6,219,"RG","SE"
11,27,219,"RG","SE"
51,2,219,"RG","SE"
16,3,219,"RG","SE"
312,1,219,"RG","SE"
45,1,219,"RG","SE"
44,30,219,"RG","SE"
26,59,219,"RG","SE"
89,1,219,"RG","SE"
548,1,219,"RG","SE"
77,17,219,"RG","SE"
72,9,219,"RG","SE"
78,21,219,"RG","SE"
28,50,220,"RG","SE"
67,9,220,"RG","SE"
45,1,220,"RG","SE"
16,3,220,"RG","SE"
544,1,220,"RG","SE"
547,1,220,"RG","SE"
27,2,220,"RG","SE"
7,21,220,"RG","SE"
33,12,220,"RG","SE"
13,1,220,"RG","SE"
51,2,220,"RG","SE"
89,1,220,"RG","SE"
14,30,220,"RG","SE"
32,6,220,"RG","SE"
80,6,220,"RG","SE"
20,7,220,"RG","SE"
65,4,220,"RG","SE"
26,59,220,"RG","SE"
44,30,220,"RG","SE"
77,17,220,"RG","SE"
4,5,220,"RG","SE"
42,1,220,"RG","SE"
49,1,220,"RG","SE"
548,1,220,"RG","SE"
539,1,220,"RG","SE"
26,59,220,"RG","SE"
22,4,220,"RG","SE"
80,6,220,"RG","SE"
392,1,220,"RG","SE"
78,21,220,"RG","SE"
20,7,220,"RG","SE"
42,1,221,"RG","SE"
3,5,221,"RG","SE"
28,50,221,"RG","SE"
51,2,221,"RG","SE"
72,9,221,"RG","SE"
21,7,221,"RG","SE"
5,4,221,"RG","SE"
87,1,221,"RG","SE"
45,1,221,"RG","SE"
20,7,221,"RG","SE"
11,27,221,"RG","SE"
64,9,221,"RG","SE"
11,27,221,"RG","SE"
91,5,221,"RG","SE"
392,1,221,"RG","SE"
12,11,221,"RG","SE"
77,17,221,"RG","SE"
89,1,221,"RG","SE"
14,30,221,"RG","SE"
51,2,221,"RG","SE"
67,9,221,"RG","SE"
32,6,221,"RG","SE"
72,9,221,"RG","SE"
7,21,221,"RG","SE"
544,1,221,"RG","SE"
28,50,221,"RG","SE"
91,5,221,"RG","SE"
547,1,221,"RG","SE"
61,50,221,"RG","SE"
49,1,221,"RG","SE"
548,1,221,"RG","SE"
312,1,222,"RG","SE"
80,6,222,"RG","SE"
5,4,222,"RG","SE"
418,1,222,"RG","SE"
20,7,222,"RG","SE"
4,5,222,"RG","SE"
11,27,222,"RG","SE"
86,2,222,"RG","SE"
57,9,222,"RG","SE"
28,50,222,"RG","SE"
67,9,222,"RG","SE"
32,6,222,"RG","SE"
22,4,222,"RG","SE"
65,4,222,"RG","SE"
44,30,222,"RG","SE"
67,9,222,"RG","SE"
14,30,222,"RG","SE"
61,50,222,"RG","SE"
72,9,222,"RG","SE"
548,1,222,"RG","SE"
91,5,222,"RG","SE"
21,7,222,"RG","SE"
13,1,222,"RG","SE"
7,21,222,"RG","SE"
26,59,222,"RG","SE"
481,2,222,"RG","SE"
49,1,222,"RG","SE"
36,3,222,"RG","SE"
72,9,222,"RG","SE"
77,17,222,"RG","SE"
15,2,222,"RG","SE"
312,1,223,"RG","SE"
5,4,223,"RG","SE"
87,1,223,"RG","SE"
32,6,223,"RG","SE"
7,21,223,"RG","SE"
14,30,223,"RG","SE"
64,9,223,"RG","SE"
7,21,223,"RG","SE"
91,5,223,"RG","SE"
12,11,223,"RG","SE"
76,4,223,"RG","SE"
80,6,223,"RG","SE"
51,2,223,"RG","SE"
544,1,223,"RG","SE"
10,1,223,"RG","SE"
57,9,223,"RG","SE"
78,21,223,"RG","SE"
68,5,223,"RG","SE"
61,50,223,"RG","SE"
418,1,223,"RG","SE"
49,1,223,"RG","SE"
22,4,223,"RG","SE"
33,12,223,"RG","SE"
83,2,223,"RG","SE"
15,2,223,"RG","SE"
72,9,223,"RG","SE"
11,27,223,"RG","SE"
89,1,223,"RG","SE"
14,30,223,"RG","SE"
51,2,223,"RG","SE"
78,21,223,"RG","SE"
91,5,224,"RG","SE"
28,50,224,"RG","SE"
547,1,224,"RG","SE"
72,9,224,"RG","SE"
26,59,224,"RG","SE"
89,1,224,"RG","SE"
33,12,224,"RG","SE"
85,15,224,"RG","SE"
77,17,224,"RG","SE"
86,2,224,"RG","SE"
78,21,224,"RG","SE"
418,1,224,"RG","SE"
61,50,224,"RG","SE"
28,50,224,"RG","SE"
22,4,224,"RG","SE"
33,12,224,"RG","SE"
80,6,224,"RG","SE"
36,3,224,"RG","SE"
83,2,224,"RG","SE"
312,1,224,"RG","SE"
54,39,224,"RG","SE"
67,9,224,"RG","SE"
544,1,224,"RG","SE"
72,9,224,"RG","SE"
14,30,224,"RG","SE"
49,1,224,"RG","SE"
51,2,224,"RG","SE"
44,30,224,"RG","SE"
78,21,224,"RG","SE"
17,5,224,"RG","SE"
12,11,224,"RG","SE"
312,1,225,"RG","SE"
36,3,225,"RG","SE"
20,7,225,"RG","SE"
14,30,225,"RG","SE"
26,59,225,"RG","SE"
12,11,225,"RG","SE"
14,30,225,"RG","SE"
28,50,225,"RG","SE"
67,9,225,"RG","SE"
22,4,225,"RG","SE"
7,21,225,"RG","SE"
44,30,225,"RG","SE"
38,3,225,"RG","SE"
72,9,225,"RG","SE"
57,9,225,"RG","SE"
86,2,225,"RG","SE"
45,1,225,"RG","SE"
44,30,225,"RG","SE"
535,3,225,"RG","SE"
12,11,225,"RG","SE"
26,59,225,"RG","SE"
76,4,225,"RG","SE"
57,9,225,"RG","SE"
544,1,225,"RG","SE"
67,9,225,"RG","SE"
33,12,225,"RG","SE"
15,2,225,"RG","SE"
61,50,225,"RG","SE"
418,1,225,"RG","SE"
42,1,225,"RG","SE"
51,2,225,"RG","SE"
91,5,226,"RG","SE"
539,1,226,"RG","SE"
17,5,226,"RG","SE"
33,12,226,"RG","SE"
7,21,226,"RG","SE"
10,1,226,"RG","SE"
77,17,226,"RG","SE"
14,30,226,"RG","SE"
33,12,226,"RG","SE"
4,5,226,"RG","SE"
21,7,226,"RG","SE"
20,7,226,"RG","SE"
42,1,226,"RG","SE"
80,6,226,"RG","SE"
11,27,226,"RG","SE"
49,1,226,"RG","SE"
54,39,226,"RG","SE"
16,3,226,"RG","SE"
67,9,226,"RG","SE"
12,11,226,"RG","SE"
64,9,226,"RG","SE"
14,30,226,"RG","SE"
57,9,226,"RG","SE"
19,5,226,"RG","SE"
25,1,226,"RG","SE"
45,1,226,"RG","SE"
44,30,226,"RG","SE"
32,6,226,"RG","SE"
85,15,226,"RG","SE"
481,2,226,"RG","SE"
20,7,226,"RG","SE"
14,30,227,"RG","SE"
86,2,227,"RG","SE"
42,1,227,"RG","SE"
312,1,227,"RG","SE"
19,5,227,"RG","SE"
61,50,227,"RG","SE"
14,30,227,"RG","SE"
72,9,227,"RG","SE"
44,30,227,"RG","SE"
12,11,227,"RG","SE"
539,1,227,"RG","SE"
481,2,227,"RG","SE"
67,9,227,"RG","SE"
26,59,227,"RG","SE"
78,21,227,"RG","SE"
28,50,227,"RG","SE"
45,1,227,"RG","SE"
49,1,227,"RG","SE"
33,12,227,"RG","SE"
12,11,227,"RG","SE"
51,2,227,"RG","SE"
22,4,227,"RG","SE"
545,1,227,"RG","SE"
25,1,227,"RG","SE"
3,5,227,"RG","SE"
72,9,227,"RG","SE"
27,2,227,"RG","SE"
80,6,227,"RG","SE"
78,21,227,"RG","SE"
80,6,227,"RG","SE"
65,4,227,"RG","SE"
11,27,228,"RG","SE"
544,1,228,"RG","SE"
7,21,228,"RG","SE"
10,1,228,"RG","SE"
12,11,228,"RG","SE"
80,6,228,"RG","SE"
7,21,228,"RG","SE"
72,9,228,"RG","SE"
392,1,228,"RG","SE"
14,30,228,"RG","SE"
4,5,228,"RG","SE"
12,11,228,"RG","SE"
20,7,228,"RG","SE"
15,2,228,"RG","SE"
16,3,228,"RG","SE"
51,2,228,"RG","SE"
91,5,228,"RG","SE"
33,12,228,"RG","SE"
13,1,228,"RG","SE"
87,1,228,"RG","SE"
78,21,228,"RG","SE"
20,7,228,"RG","SE"
80,6,228,"RG","SE"
77,17,228,"RG","SE"
28,50,228,"RG","SE"
65,4,228,"RG","SE"
61,50,228,"RG","SE"
32,6,228,"RG","SE"
61,50,228,"RG","SE"
26,59,228,"RG","SE"
19,5,228,"RG","SE"
27,2,229,"RG","SE"
11,27,229,"RG","SE"
25,1,229,"RG","SE"
19,5,229,"RG","SE"
12,11,229,"RG","SE"
54,39,229,"RG","SE"
3,5,229,"RG","SE"
539,1,229,"RG","SE"
7,21,229,"RG","SE"
7,21,229,"RG","SE"
13,1,229,"RG","SE"
20,7,229,"RG","SE"
78,21,229,"RG","SE"
33,12,229,"RG","SE"
77,17,229,"RG","SE"
21,7,229,"RG","SE"
16,3,229,"RG","SE"
89,1,229,"RG","SE"
87,1,229,"RG","SE"
32,6,229,"RG","SE"
44,30,229,"RG","SE"
38,3,229,"RG","SE"
28,50,229,"RG","SE"
4,5,229,"RG","SE"
26,59,229,"RG","SE"
67,9,229,"RG","SE"
51,2,229,"RG","SE"
33,12,229,"RG","SE"
80,6,229,"RG","SE"
312,1,229,"RG","SE"
61,50,229,"RG","SE"
80,6,230,"RG","SE"
44,30,230,"RG","SE"
77,17,230,"RG","SE"
548,1,230,"RG","SE"
33,12,230,"RG","SE"
545,1,230,"RG","SE"
418,1,230,"RG","SE"
83,2,230,"RG","SE"
33,12,230,"RG","SE"
547,1,230,"RG","SE"
78,21,230,"RG","SE"
32,6,230,"RG","SE"
38,3,230,"RG","SE"
13,1,230,"RG","SE"
312,1,230,"RG","SE"
11,27,230,"RG","SE"
67,9,230,"RG","SE"
7,21,230,"RG","SE"
36,3,230,"RG","SE"
544,1,230,"RG","SE"
57,9,230,"RG","SE"
77,17,230,"RG","SE"
91,5,230,"RG","SE"
85,15,230,"RG","SE"
78,21,230,"RG","SE"
12,11,230,"RG","SE"
72,9,230,"RG","SE"
21,7,230,"RG","SE"
86,2,230,"RG","SE"
42,1,230,"RG","SE"
15,2,230,"RG","SE"
77,17,231,"RG","SE"
54,39,231,"RG","SE"
67,9,231,"RG","SE"
49,1,231,"RG","SE"
80,6,231,"RG","SE"
548,1,231,"RG","SE"
87,1,231,"RG","SE"
45,1,231,"RG","SE"
12,11,231,"RG","SE"
33,12,231,"RG","SE"
11,27,231,"RG","SE"
42,1,231,"RG","SE"
51,2,231,"RG","SE"
20,7,231,"RG","SE"
26,59,231,"RG","SE"
27,2,231,"RG","SE"
85,15,231,"RG","SE"
17,5,231,"RG","SE"
7,21,231,"RG","SE"
20,7,231,"RG","SE"
78,21,231,"RG","SE"
5,4,231,"RG","SE"
76,4,231,"RG","SE"
89,1,231,"RG","SE"
72,9,231,"RG","SE"
539,1,231,"RG","SE"
25,1,231,"RG","SE"
4,5,231,"RG","SE"
51,2,231,"RG","SE"
11,27,231,"RG","SE"
44,30,231,"RG","SE"
11,27,232,"RG","SE"
535,3,232,"RG","SE"
85,15,232,"RG","SE"
67,9,232,"RG","SE"
7,21,232,"RG","SE"
14,30,232,"RG","SE"
57,9,232,"RG","SE"
78,21,232,"RG","SE"
26,59,232,"RG","SE"
54,39,232,"RG","SE"
545,1,232,"RG","SE"
16,3,232,"RG","SE"
5,4,232,"RG","SE"
44,30,232,"RG","SE"
12,11,232,"RG","SE"
33,12,232,"RG","SE"
548,1,232,"RG","SE"
32,6,232,"RG","SE"
45,1,232,"RG","SE"
20,7,232,"RG","SE"
89,1,232,"RG","SE"
72,9,232,"RG","SE"
64,9,232,"RG","SE"
13,1,232,"RG","SE"
7,21,232,"RG","SE"
418,1,232,"RG","SE"
72,9,232,"RG","SE"
86,2,232,"RG","SE"
15,2,232,"RG","SE"
77,17,232,"RG","SE"
91,5,232,"RG","SE"
7,21,233,"RG","SE"
12,11,233,"RG","SE"
44,30,233,"RG","SE"
26,59,233,"RG","SE"
28,50,233,"RG","SE"
11,27,233,"RG","SE"
19,5,233,"RG","SE"
72,9,233,"RG","SE"
535,3,233,"RG","SE"
91,5,233,"RG","SE"
72,9,233,"RG","SE"
312,1,233,"RG","SE"
26,59,233,"RG","SE"
20,7,233,"RG","SE"
33,12,233,"RG","SE"
16,3,233,"RG","SE"
25,1,233,"RG","SE"
14,30,233,"RG","SE"
392,1,233,"RG","SE"
85,15,233,"RG","SE"
539,1,233,"RG","SE"
54,39,233,"RG","SE"
76,4,233,"RG","SE"
86,2,233,"RG","SE"
51,2,233,"RG","SE"
42,1,233,"RG","SE"
5,4,233,"RG","SE"
10,1,233,"RG","SE"
33,12,233,"RG","SE"
545,1,233,"RG","SE"
548,1,233,"RG","SE"
13,1,234,"RG","SE"
72,9,234,"RG","SE"
54,39,234,"RG","SE"
312,1,234,"RG","SE"
481,2,234,"RG","SE"
5,4,234,"RG","SE"
44,30,234,"RG","SE"
22,4,234,"RG","SE"
85,15,234,"RG","SE"
86,2,234,"RG","SE"
16,3,234,"RG","SE"
91,5,234,"RG","SE"
80,6,234,"RG","SE"
20,7,234,"RG","SE"
51,2,234,"RG","SE"
14,30,234,"RG","SE"
15,2,234,"RG","SE"
57,9,234,"RG","SE"
7,21,234,"RG","SE"
57,9,234,"RG","SE"
78,21,234,"RG","SE"
27,2,234,"RG","SE"
19,5,234,"RG","SE"
10,1,234,"RG","SE"
89,1,234,"RG","SE"
17,5,234,"RG","SE"
87,1,234,"RG","SE"
4,5,234,"RG","SE"
42,1,234,"RG","SE"
12,11,234,"RG","SE"
26,59,234,"RG","SE"
25,1,235,"RG","SE"
91,5,235,"RG","SE"
481,2,235,"RG","SE"
22,4,235,"RG","SE"
392,1,235,"RG","SE"
42,1,235,"RG","SE"
44,30,235,"RG","SE"
14,30,235,"RG","SE"
26,59,235,"RG","SE"
67,9,235,"RG","SE"
68,5,235,"RG","SE"
3,5,235,"RG","SE"
45,1,235,"RG","SE"
54,39,235,"RG","SE"
72,9,235,"RG","SE"
65,4,235,"RG","SE"
535,3,235,"RG","SE"
15,2,235,"RG","SE"
76,4,235,"RG","SE"
61,50,235,"RG","SE"
26,59,235,"RG","SE"
11,27,235,"RG","SE"
548,1,235,"RG","SE"
64,9,235,"RG","SE"
33,12,235,"RG","SE"
10,1,235,"RG","SE"
17,5,235,"RG","SE"
14,30,235,"RG","SE"
11,27,235,"RG","SE"
86,2,235,"RG","SE"
20,7,235,"RG","SE"
80,6,236,"RG","SE"
539,1,236,"RG","SE"
61,50,236,"RG","SE"
78,21,236,"RG","SE"
3,5,236,"RG","SE"
547,1,236,"RG","SE"
418,1,236,"RG","SE"
42,1,236,"RG","SE"
15,2,236,"RG","SE"
51,2,236,"RG","SE"
7,21,236,"RG","SE"
312,1,236,"RG","SE"
544,1,236,"RG","SE"
535,3,236,"RG","SE"
64,9,236,"RG","SE"
80,6,236,"RG","SE"
19,5,236,"RG","SE"
16,3,236,"RG","SE"
77,17,236,"RG","SE"
27,2,236,"RG","SE"
86,2,236,"RG","SE"
49,1,236,"RG","SE"
57,9,236,"RG","SE"
78,21,236,"RG","SE"
54,39,236,"RG","SE"
44,30,236,"RG","SE"
14,30,236,"RG","SE"
44,30,236,"RG","SE"
11,27,236,"RG","SE"
545,1,236,"RG","SE"
51,2,236,"RG","SE"
77,17,237,"RG","SE"
32,6,237,"RG","SE"
45,1,237,"RG","SE"
11,27,237,"RG","SE"
44,30,237,"RG","SE"
481,2,237,"RG","SE"
68,5,237,"RG","SE"
10,1,237,"RG","SE"
72,9,237,"RG","SE"
12,11,237,"RG","SE"
392,1,237,"RG","SE"
65,4,237,"RG","SE"
14,30,237,"RG","SE"
76,4,237,"RG","SE"
61,50,237,"RG","SE"
64,9,237,"RG","SE"
545,1,237,"RG","SE"
42,1,237,"RG","SE"
17,5,237,"RG","SE"
51,2,237,"RG","SE"
91,5,237,"RG","SE"
80,6,237,"RG","SE"
57,9,237,"RG","SE"
89,1,237,"RG","SE"
312,1,237,"RG","SE"
20,7,237,"RG","SE"
7,21,237,"RG","SE"
67,9,237,"RG","SE"
44,30,237,"RG","SE"
27,2,237,"RG","SE"
5,4,237,"RG","SE"
36,3,238,"RG","SE"
57,9,238,"RG","SE"
87,1,238,"RG","SE"
14,30,238,"RG","SE"
67,9,238,"RG","SE"
89,1,238,"RG","SE"
45,1,238,"RG","SE"
44,30,238,"RG","SE"
10,1,238,"RG","SE"
64,9,238,"RG","SE"
67,9,238,"RG","SE"
77,17,238,"RG","SE"
72,9,238,"RG","SE"
32,6,238,"RG","SE"
7,21,238,"RG","SE"
16,3,238,"RG","SE"
13,1,238,"RG","SE"
32,6,238,"RG","SE"
33,12,238,"RG","SE"
548,1,238,"RG","SE"
28,50,238,"RG","SE"
27,2,238,"RG","SE"
80,6,238,"RG","SE"
26,59,238,"RG","SE"
83,2,238,"RG","SE"
91,5,238,"RG","SE"
78,21,238,"RG","SE"
5,4,238,"RG","SE"
17,5,238,"RG","SE"
3,5,238,"RG","SE"
54,39,238,"RG","SE"
20,7,239,"RG","SE"
87,1,239,"RG","SE"
312,1,239,"RG","SE"
64,9,239,"RG","SE"
61,50,239,"RG","SE"
32,6,239,"RG","SE"
72,9,239,"RG","SE"
44,30,239,"RG","SE"
27,2,239,"RG","SE"
44,30,239,"RG","SE"
548,1,239,"RG","SE"
33,12,239,"RG","SE"
78,21,239,"RG","SE"
14,30,239,"RG","SE"
65,4,239,"RG","SE"
16,3,239,"RG","SE"
20,7,239,"RG","SE"
32,6,239,"RG","SE"
61,50,239,"RG","SE"
83,2,239,"RG","SE"
418,1,239,"RG","SE"
15,2,239,"RG","SE"
51,2,239,"RG","SE"
11,27,239,"RG","SE"
392,1,239,"RG","SE"
28,50,239,"RG","SE"
86,2,239,"RG","SE"
80,6,239,"RG","SE"
67,9,239,"RG","SE"
36,3,239,"RG","SE"
481,2,239,"RG","SE"
83,2,240,"RG","SE"
89,1,240,"RG","SE"
7,21,240,"RG","SE"
19,5,240,"RG","SE"
72,9,240,"RG","SE"
64,9,240,"RG","SE"
418,1,240,"RG","SE"
38,3,240,"RG","SE"
49,1,240,"RG","SE"
33,12,240,"RG","SE"
28,50,240,"RG","SE"
12,11,240,"RG","SE"
85,15,240,"RG","SE"
32,6,240,"RG","SE"
11,27,240,"RG","SE"
7,21,240,"RG","SE"
51,2,240,"RG","SE"
10,1,240,"RG","SE"
36,3,240,"RG","SE"
57,9,240,"RG","SE"
76,4,240,"RG","SE"
44,30,240,"RG","SE"
14,30,240,"RG","SE"
32,6,240,"RG","SE"
13,1,240,"RG","SE"
61,50,240,"RG","SE"
20,7,240,"RG","SE"
42,1,240,"RG","SE"
86,2,240,"RG","SE"
15,2,240,"RG","SE"
51,2,240,"RG","SE"
61,50,241,"RG","SE"
54,39,241,"RG","SE"
45,1,241,"RG","SE"
32,6,241,"RG","SE"
20,7,241,"RG","SE"
20,7,241,"RG","SE"
5,4,241,"RG","SE"
80,6,241,"RG","SE"
7,21,241,"RG","SE"
548,1,241,"RG","SE"
14,30,241,"RG","SE"
547,1,241,"RG","SE"
77,17,241,"RG","SE"
28,50,241,"RG","SE"
22,4,241,"RG","SE"
25,1,241,"RG","SE"
12,11,241,"RG","SE"
65,4,241,"RG","SE"
67,9,241,"RG","SE"
51,2,241,"RG","SE"
49,1,241,"RG","SE"
72,9,241,"RG","SE"
78,21,241,"RG","SE"
38,3,241,"RG","SE"
17,5,241,"RG","SE"
68,5,241,"RG","SE"
32,6,241,"RG","SE"
57,9,241,"RG","SE"
61,50,241,"RG","SE"
89,1,241,"RG","SE"
77,17,241,"RG","SE"
49,1,242,"RG","SE"
539,1,242,"RG","SE"
78,21,242,"RG","SE"
26,59,242,"RG","SE"
28,50,242,"RG","SE"
57,9,242,"RG","SE"
77,17,242,"RG","SE"
61,50,242,"RG","SE"
20,7,242,"RG","SE"
80,6,242,"RG","SE"
12,11,242,"RG","SE"
12,11,242,"RG","SE"
72,9,242,"RG","SE"
535,3,242,"RG","SE"
68,5,242,"RG","SE"
27,2,242,"RG","SE"
15,2,242,"RG","SE"
21,7,242,"RG","SE"
548,1,242,"RG","SE"
54,39,242,"RG","SE"
22,4,242,"RG","SE"
33,12,242,"RG","SE"
13,1,242,"RG","SE"
42,1,242,"RG","SE"
91,5,242,"RG","SE"
51,2,242,"RG","SE"
78,21,242,"RG","SE"
547,1,242,"RG","SE"
64,9,242,"RG","SE"
418,1,242,"RG","SE"
10,1,242,"RG","SE"
5,4,243,"RG","SE"
89,1,243,"RG","SE"
14,30,243,"RG","SE"
68,5,243,"RG","SE"
28,50,243,"RG","SE"
4,5,243,"RG","SE"
28,50,243,"RG","SE"
42,1,243,"RG","SE"
44,30,243,"RG","SE"
15,2,243,"RG","SE"
76,4,243,"RG","SE"
33,12,243,"RG","SE"
21,7,243,"RG","SE"
22,4,243,"RG","SE"
32,6,243,"RG","SE"
544,1,243,"RG","SE"
7,21,243,"RG","SE"
12,11,243,"RG","SE"
17,5,243,"RG","SE"
61,50,243,"RG","SE"
26,59,243,"RG","SE"
86,2,243,"RG","SE"
78,21,243,"RG","SE"
64,9,243,"RG","SE"
13,1,243,"RG","SE"
12,11,243,"RG","SE"
67,9,243,"RG","SE"
78,21,243,"RG","SE"
26,59,243,"RG","SE"
80,6,243,"RG","SE"
32,6,243,"RG","SE"
535,3,244,"RG","SE"
10,1,244,"RG","SE"
87,1,244,"RG","SE"
80,6,244,"RG","SE"
481,2,244,"RG","SE"
57,9,244,"RG","SE"
19,5,244,"RG","SE"
20,7,244,"RG","SE"
68,5,244,"RG","SE"
33,12,244,"RG","SE"
11,27,244,"RG","SE"
86,2,244,"RG","SE"
42,1,244,"RG","SE"
17,5,244,"RG","SE"
72,9,244,"RG","SE"
544,1,244,"RG","SE"
44,30,244,"RG","SE"
91,5,244,"RG","SE"
36,3,244,"RG","SE"
83,2,244,"RG","SE"
26,59,244,"RG","SE"
27,2,244,"RG","SE"
7,21,244,"RG","SE"
539,1,244,"RG","SE"
26,59,244,"RG","SE"
5,4,244,"RG","SE"
15,2,244,"RG","SE"
14,30,244,"RG","SE"
89,1,244,"RG","SE"
33,12,244,"RG","SE"
67,9,244,"RG","SE"
68,5,245,"RG","SE"
78,21,245,"RG","SE"
51,2,245,"RG","SE"
86,2,245,"RG","SE"
19,5,245,"RG","SE"
10,1,245,"RG","SE"
20,7,245,"RG","SE"
32,6,245,"RG","SE"
87,1,245,"RG","SE"
11,27,245,"RG","SE"
44,30,245,"RG","SE"
7,21,245,"RG","SE"
17,5,245,"RG","SE"
26,59,245,"RG","SE"
547,1,245,"RG","SE"
21,7,245,"RG","SE"
57,9,245,"RG","SE"
64,9,245,"RG","SE"
535,3,245,"RG","SE"
89,1,245,"RG","SE"
72,9,245,"RG","SE"
67,9,245,"RG","SE"
51,2,245,"RG","SE"
44,30,245,"RG","SE"
33,12,245,"RG","SE"
15,2,245,"RG","SE"
49,1,245,"RG","SE"
42,1,245,"RG","SE"
14,30,245,"RG","SE"
3,5,245,"RG","SE"
481,2,245,"RG","SE"
33,12,246,"RG","SE"
76,4,246,"RG","SE"
85,15,246,"RG","SE"
33,12,246,"RG","SE"
545,1,246,"RG","SE"
17,5,246,"RG","SE"
312,1,246,"RG","SE"
15,2,246,"RG","SE"
22,4,246,"RG","SE"
7,21,246,"RG","SE"
77,17,246,"RG","SE"
57,9,246,"RG","SE"
42,1,246,"RG","SE"
80,6,246,"RG","SE"
547,1,246,"RG","SE"
78,21,246,"RG","SE"
20,7,246,"RG","SE"
36,3,246,"RG","SE"
12,11,246,"RG","SE"
418,1,246,"RG","SE"
86,2,246,"RG","SE"
57,9,246,"RG","SE"
7,21,246,"RG","SE"
51,2,246,"RG","SE"
61,50,246,"RG","SE"
25,1,246,"RG","SE"
45,1,246,"RG","SE"
28,50,246,"RG","SE"
32,6,246,"RG","SE"
481,2,246,"RG","SE"
548,1,246,"RG","SE"
64,9,247,"RG","SE"
85,15,247,"RG","SE"
392,1,247,"RG","SE"
91,5,247,"RG","SE"
78,21,247,"RG","SE"
38,3,247,"RG","SE"
481,2,247,"RG","SE"
12,11,247,"RG","SE"
19,5,247,"RG","SE"
61,50,247,"RG","SE"
68,5,247,"RG","SE"
45,1,247,"RG","SE"
44,30,247,"RG","SE"
7,21,247,"RG","SE"
312,1,247,"RG","SE"
67,9,247,"RG","SE"
33,12,247,"RG","SE"
3,5,247,"RG","SE"
78,21,247,"RG","SE"
544,1,247,"RG","SE"
77,17,247,"RG","SE"
87,1,247,"RG","SE"
547,1,247,"RG","SE"
4,5,247,"RG","SE"
13,1,247,"RG","SE"
418,1,247,"RG","SE"
42,1,247,"RG","SE"
65,4,247,"RG","SE"
11,27,247,"RG","SE"
57,9,247,"RG","SE"
20,7,247,"RG","SE"
5,4,248,"RG","SE"
89,1,248,"RG","SE"
57,9,248,"RG","SE"
548,1,248,"RG","SE"
38,3,248,"RG","SE"
76,4,248,"RG","SE"
33,12,248,"RG","SE"
28,50,248,"RG","SE"
72,9,248,"RG","SE"
32,6,248,"RG","SE"
91,5,248,"RG","SE"
13,1,248,"RG","SE"
11,27,248,"RG","SE"
51,2,248,"RG","SE"
26,59,248,"RG","SE"
85,15,248,"RG","SE"
61,50,248,"RG","SE"
67,9,248,"RG","SE"
14,30,248,"RG","SE"
77,17,248,"RG","SE"
17,5,248,"RG","SE"
481,2,248,"RG","SE"
27,2,248,"RG","SE"
44,30,248,"RG","SE"
80,6,248,"RG","SE"
86,2,248,"RG","SE"
78,21,248,"RG","SE"
72,9,248,"RG","SE"
418,1,248,"RG","SE"
12,11,248,"RG","SE"
20,7,248,"RG","SE"
61,50,249,"RG","SE"
80,6,249,"RG","SE"
87,1,249,"RG","SE"
481,2,249,"RG","SE"
72,9,249,"RG","SE"
22,4,249,"RG","SE"
45,1,249,"RG","SE"
80,6,249,"RG","SE"
72,9,249,"RG","SE"
64,9,249,"RG","SE"
535,3,249,"RG","SE"
49,1,249,"RG","SE"
5,4,249,"RG","SE"
10,1,249,"RG","SE"
19,5,249,"RG","SE"
91,5,249,"RG","SE"
67,9,249,"RG","SE"
44,30,249,"RG","SE"
78,21,249,"RG","SE"
547,1,249,"RG","SE"
28,50,249,"RG","SE"
36,3,249,"RG","SE"
78,21,249,"RG","SE"
68,5,249,"RG","SE"
57,9,249,"RG","SE"
11,27,249,"RG","SE"
7,21,249,"RG","SE"
83,2,249,"RG","SE"
28,50,249,"RG","SE"
13,1,249,"RG","SE"
3,5,249,"RG","SE"
15,2,250,"RG","SE"
54,39,250,"RG","SE"
28,50,250,"RG","SE"
25,1,250,"RG","SE"
16,3,250,"RG","SE"
32,6,250,"RG","SE"
539,1,250,"RG","SE"
20,7,250,"RG","SE"
72,9,250,"RG","SE"
64,9,250,"RG","SE"
33,12,250,"RG","SE"
65,4,250,"RG","SE"
10,1,250,"RG","SE"
67,9,250,"RG","SE"
57,9,250,"RG","SE"
481,2,250,"RG","SE"
36,3,250,"RG","SE"
51,2,250,"RG","SE"
5,4,250,"RG","SE"
28,50,250,"RG","SE"
80,6,250,"RG","SE"
67,9,250,"RG","SE"
91,5,250,"RG","SE"
547,1,250,"RG","SE"
87,1,250,"RG","SE"
44,30,250,"RG","SE"
544,1,250,"RG","SE"
76,4,250,"RG","SE"
57,9,250,"RG","SE"
20,7,250,"RG","SE"
38,3,250,"RG","SE"
33,12,251,"RG","SE"
49,1,251,"RG","SE"
26,59,251,"RG","SE"
28,50,251,"RG","SE"
44,30,251,"RG","SE"
36,3,251,"RG","SE"
72,9,251,"RG","SE"
7,21,251,"RG","SE"
14,30,251,"RG","SE"
83,2,251,"RG","SE"
64,9,251,"RG","SE"
26,59,251,"RG","SE"
16,3,251,"RG","SE"
15,2,251,"RG","SE"
12,11,251,"RG","SE"
77,17,251,"RG","SE"
547,1,251,"RG","SE"
4,5,251,"RG","SE"
28,50,251,"RG","SE"
13,1,251,"RG","SE"
17,5,251,"RG","SE"
57,9,251,"RG","SE"
80,6,251,"RG","SE"
42,1,251,"RG","SE"
65,4,251,"RG","SE"
78,21,251,"RG","SE"
72,9,251,"RG","SE"
45,1,251,"RG","SE"
61,50,251,"RG","SE"
67,9,251,"RG","SE"
392,1,251,"RG","SE"
12,11,252,"RG","SE"
7,21,252,"RG","SE"
80,6,252,"RG","SE"
54,39,252,"RG","SE"
33,12,252,"RG","SE"
51,2,252,"RG","SE"
76,4,252,"RG","SE"
25,1,252,"RG","SE"
3,5,252,"RG","SE"
72,9,252,"RG","SE"
418,1,252,"RG","SE"
91,5,252,"RG","SE"
78,21,252,"RG","SE"
545,1,252,"RG","SE"
4,5,252,"RG","SE"
12,11,252,"RG","SE"
15,2,252,"RG","SE"
16,3,252,"RG","SE"
67,9,252,"RG","SE"
64,9,252,"RG","SE"
10,1,252,"RG","SE"
32,6,252,"RG","SE"
26,59,252,"RG","SE"
13,1,252,"RG","SE"
28,50,252,"RG","SE"
83,2,252,"RG","SE"
32,6,252,"RG","SE"
89,1,252,"RG","SE"
65,4,252,"RG","SE"
78,21,252,"RG","SE"
77,17,252,"RG","SE"
38,3,253,"RG","SE"
16,3,253,"RG","SE"
36,3,253,"RG","SE"
61,50,253,"RG","SE"
418,1,253,"RG","SE"
54,39,253,"RG","SE"
57,9,253,"RG","SE"
481,2,253,"RG","SE"
545,1,253,"RG","SE"
28,50,253,"RG","SE"
49,1,253,"RG","SE"
44,30,253,"RG","SE"
32,6,253,"RG","SE"
44,30,253,"RG","SE"
77,17,253,"RG","SE"
11,27,253,"RG","SE"
17,5,253,"RG","SE"
25,1,253,"RG","SE"
67,9,253,"RG","SE"
91,5,253,"RG","SE"
78,21,253,"RG","SE"
78,21,253,"RG","SE"
7,21,253,"RG","SE"
91,5,253,"RG","SE"
14,30,253,"RG","SE"
26,59,253,"RG","SE"
12,11,253,"RG","SE"
28,50,253,"RG","SE"
87,1,253,"RG","SE"
3,5,253,"RG","SE"
539,1,253,"RG","SE"
5,4,254,"RG","SE"
11,27,254,"RG","SE"
392,1,254,"RG","SE"
36,3,254,"RG","SE"
7,21,254,"RG","SE"
20,7,254,"RG","SE"
28,50,254,"RG","SE"
12,11,254,"RG","SE"
42,1,254,"RG","SE"
91,5,254,"RG","SE"
14,30,254,"RG","SE"
89,1,254,"RG","SE"
547,1,254,"RG","SE"
13,1,254,"RG","SE"
78,21,254,"RG","SE"
49,1,254,"RG","SE"
44,30,254,"RG","SE"
85,15,254,"RG","SE"
44,30,254,"RG","SE"
54,39,254,"RG","SE"
11,27,254,"RG","SE"
15,2,254,"RG","SE"
32,6,254,"RG","SE"
25,1,254,"RG","SE"
86,2,254,"RG","SE"
545,1,254,"RG","SE"
91,5,254,"RG","SE"
33,12,254,"RG","SE"
65,4,254,"RG","SE"
544,1,254,"RG","SE"
539,1,254,"RG","SE"
85,15,255,"RG","SE"
72,9,255,"RG","SE"
32,6,255,"RG","SE"
86,2,255,"RG","SE"
89,1,255,"RG","SE"
65,4,255,"RG","SE"
67,9,255,"RG","SE"
61,50,255,"RG","SE"
77,17,255,"RG","SE"
68,5,255,"RG","SE"
10,1,255,"RG","SE"
36,3,255,"RG","SE"
78,21,255,"RG","SE"
80,6,255,"RG","SE"
33,12,255,"RG","SE"
77,17,255,"RG","SE"
32,6,255,"RG","SE"
12,11,255,"RG","SE"
16,3,255,"RG","SE"
22,4,255,"RG","SE"
544,1,255,"RG","SE"
44,30,255,"RG","SE"
87,1,255,"RG","SE"
25,1,255,"RG","SE"
44,30,255,"RG","SE"
539,1,255,"RG","SE"
15,2,255,"RG","SE"
19,5,255,"RG","SE"
14,30,255,"RG","SE"
57,9,255,"RG","SE"
7,21,255,"RG","SE"
51,2,256,"RG","SE"
7,21,256,"RG","SE"
44,30,256,"RG","SE"
86,2,256,"RG","SE"
57,9,256,"RG","SE"
32,6,256,"RG","SE"
65,4,256,"RG","SE"
15,2,256,"RG","SE"
85,15,256,"RG","SE"
481,2,256,"RG","SE"
49,1,256,"RG","SE"
61,50,256,"RG","SE"
54,39,256,"RG","SE"
312,1,256,"RG","SE"
547,1,256,"RG","SE"
392,1,256,"RG","SE"
544,1,256,"RG","SE"
68,5,256,"RG","SE"
12,11,256,"RG","SE"
11,27,256,"RG","SE"
91,5,256,"RG","SE"
535,3,256,"RG","SE"
42,1,256,"RG","SE"
45,1,256,"RG","SE"
38,3,256,"RG","SE"
27,2,256,"RG","SE"
77,17,256,"RG","SE"
77,17,256,"RG","SE"
21,7,256,"RG","SE"
67,9,256,"RG","SE"
26,59,256,"RG","SE"
548,1,257,"RG","SE"
7,21,257,"RG","SE"
312,1,257,"RG","SE"
28,50,257,"RG","SE"
33,12,257,"RG","SE"
61,50,257,"RG","SE"
19,5,257,"RG","SE"
26,59,257,"RG","SE"
36,3,257,"RG","SE"
3,5,257,"RG","SE"
49,1,257,"RG","SE"
418,1,257,"RG","SE"
32,6,257,"RG","SE"
76,4,257,"RG","SE"
45,1,257,"RG","SE"
51,2,257,"RG","SE"
7,21,257,"RG","SE"
544,1,257,"RG","SE"
33,12,257,"RG","SE"
85,15,257,"RG","SE"
38,3,257,"RG","SE"
44,30,257,"RG","SE"
4,5,257,"RG","SE"
83,2,257,"RG","SE"
545,1,257,"RG","SE"
11,27,257,"RG","SE"
77,17,257,"RG","SE"
57,9,257,"RG","SE"
80,6,257,"RG","SE"
72,9,257,"RG","SE"
78,21,257,"RG","SE"
51,2,258,"RG","SE"
547,1,258,"RG","SE"
545,1,258,"RG","SE"
544,1,258,"RG","SE"
80,6,258,"RG","SE"
7,21,258,"RG","SE"
78,21,258,"RG","SE"
7,21,258,"RG","SE"
78,21,258,"RG","SE"
22,4,258,"RG","SE"
38,3,258,"RG","SE"
80,6,258,"RG","SE"
13,1,258,"RG","SE"
51,2,258,"RG","SE"
33,12,258,"RG","SE"
86,2,258,"RG","SE"
57,9,258,"RG","SE"
76,4,258,"RG","SE"
57,9,258,"RG","SE"
61,50,258,"RG","SE"
44,30,258,"RG","SE"
72,9,258,"RG","SE"
25,1,258,"RG","SE"
32,6,258,"RG","SE"
91,5,258,"RG","SE"
481,2,258,"RG","SE"
54,39,258,"RG","SE"
14,30,258,"RG","SE"
535,3,258,"RG","SE"
49,1,258,"RG","SE"
14,30,258,"RG","SE"
80,6,259,"RG","SE"
7,21,259,"RG","SE"
548,1,259,"RG","SE"
76,4,259,"RG","SE"
544,1,259,"RG","SE"
49,1,259,"RG","SE"
22,4,259,"RG","SE"
33,12,259,"RG","SE"
535,3,259,"RG","SE"
78,21,259,"RG","SE"
36,3,259,"RG","SE"
392,1,259,"RG","SE"
21,7,259,"RG","SE"
77,17,259,"RG","SE"
547,1,259,"RG","SE"
27,2,259,"RG","SE"
91,5,259,"RG","SE"
42,1,259,"RG","SE"
68,5,259,"RG","SE"
89,1,259,"RG","SE"
5,4,259,"RG","SE"
3,5,259,"RG","SE"
7,21,259,"RG","SE"
17,5,259,"RG","SE"
80,6,259,"RG","SE"
32,6,259,"RG","SE"
539,1,259,"RG","SE"
312,1,259,"RG","SE"
16,3,259,"RG","SE"
44,30,259,"RG","SE"
54,39,259,"RG","SE"
78,21,260,"RG","SE"
77,17,260,"RG","SE"
38,3,260,"RG","SE"
33,12,260,"RG","SE"
65,4,260,"RG","SE"
10,1,260,"RG","SE"
544,1,260,"RG","SE"
72,9,260,"RG","SE"
64,9,260,"RG","SE"
32,6,260,"RG","SE"
418,1,260,"RG","SE"
51,2,260,"RG","SE"
80,6,260,"RG","SE"
54,39,260,"RG","SE"
72,9,260,"RG","SE"
15,2,260,"RG","SE"
85,15,260,"RG","SE"
25,1,260,"RG","SE"
545,1,260,"RG","SE"
7,21,260,"RG","SE"
312,1,260,"RG","SE"
392,1,260,"RG","SE"
67,9,260,"RG","SE"
77,17,260,"RG","SE"
68,5,260,"RG","SE"
22,4,260,"RG","SE"
87,1,260,"RG","SE"
51,2,260,"RG","SE"
7,21,260,"RG","SE"
13,1,260,"RG","SE"
539,1,260,"RG","SE"
11,27,261,"RG","SE"
5,4,261,"RG","SE"
44,30,261,"RG","SE"
22,4,261,"RG","SE"
19,5,261,"RG","SE"
547,1,261,"RG","SE"
33,12,261,"RG","SE"
45,1,261,"RG","SE"
16,3,261,"RG","SE"
32,6,261,"RG","SE"
77,17,261,"RG","SE"
27,2,261,"RG","SE"
76,4,261,"RG","SE"
7,21,261,"RG","SE"
36,3,261,"RG","SE"
20,7,261,"RG","SE"
548,1,261,"RG","SE"
42,1,261,"RG","SE"
80,6,261,"RG","SE"
26,59,261,"RG","SE"
72,9,261,"RG","SE"
11,27,261,"RG","SE"
61,50,261,"RG","SE"
26,59,261,"RG","SE"
4,5,261,"RG","SE"
78,21,261,"RG","SE"
12,11,261,"RG","SE"
28,50,261,"RG","SE"
20,7,261,"RG","SE"
67,9,261,"RG","SE"
535,3,261,"RG","SE"
32,6,262,"RG","SE"
51,2,262,"RG","SE"
28,50,262,"RG","SE"
26,59,262,"RG","SE"
57,9,262,"RG","SE"
7,21,262,"RG","SE"
20,7,262,"RG","SE"
89,1,262,"RG","SE"
44,30,262,"RG","SE"
72,9,262,"RG","SE"
49,1,262,"RG","SE"
5,4,262,"RG","SE"
80,6,262,"RG","SE"
77,17,262,"RG","SE"
38,3,262,"RG","SE"
392,1,262,"RG","SE"
10,1,262,"RG","SE"
68,5,262,"RG","SE"
44,30,262,"RG","SE"
13,1,262,"RG","SE"
87,1,262,"RG","SE"
36,3,262,"RG","SE"
12,11,262,"RG","SE"
33,12,262,"RG","SE"
28,50,262,"RG","SE"
418,1,262,"RG","SE"
67,9,262,"RG","SE"
25,1,262,"RG","SE"
61,50,262,"RG","SE"
15,2,262,"RG","SE"
535,3,262,"RG","SE"
312,1,263,"RG","SE"
77,17,263,"RG","SE"
27,2,263,"RG","SE"
4,5,263,"RG","SE"
51,2,263,"RG","SE"
16,3,263,"RG","SE"
548,1,263,"RG","SE"
78,21,263,"RG","SE"
7,21,263,"RG","SE"
481,2,263,"RG","SE"
13,1,263,"RG","SE"
12,11,263,"RG","SE"
17,5,263,"RG","SE"
85,15,263,"RG","SE"
33,12,263,"RG","SE"
89,1,263,"RG","SE"
26,59,263,"RG","SE"
64,9,263,"RG","SE"
544,1,263,"RG","SE"
392,1,263,"RG","SE"
25,1,263,"RG","SE"
28,50,263,"RG","SE"
33,12,263,"RG","SE"
5,4,263,"RG","SE"
32,6,263,"RG","SE"
19,5,263,"RG","SE"
83,2,263,"RG","SE"
12,11,263,"RG","SE"
21,7,263,"RG","SE"
91,5,263,"RG","SE"
45,1,263,"RG","SE"
33,12,264,"RG","SE"
91,5,264,"RG","SE"
38,3,264,"RG","SE"
76,4,264,"RG","SE"
12,11,264,"RG","SE"
72,9,264,"RG","SE"
45,1,264,"RG","SE"
392,1,264,"RG","SE"
61,50,264,"RG","SE"
21,7,264,"RG","SE"
64,9,264,"RG","SE"
33,12,264,"RG","SE"
11,27,264,"RG","SE"
68,5,264,"RG","SE"
16,3,264,"RG","SE"
85,15,264,"RG","SE"
86,2,264,"RG","SE"
312,1,264,"RG","SE"
78,21,264,"RG","SE"
32,6,264,"RG","SE"
91,5,264,"RG","SE"
44,30,264,"RG","SE"
83,2,264,"RG","SE"
547,1,264,"RG","SE"
57,9,264,"RG","SE"
28,50,264,"RG","SE"
72,9,264,"RG","SE"
27,2,264,"RG","SE"
19,5,264,"RG","SE"
10,1,264,"RG","SE"
535,3,264,"RG","SE"
12,11,265,"RG","SE"
14,30,265,"RG","SE"
65,4,265,"RG","SE"
91,5,265,"RG","SE"
77,17,265,"RG","SE"
28,50,265,"RG","SE"
67,9,265,"RG","SE"
42,1,265,"RG","SE"
20,7,265,"RG","SE"
57,9,265,"RG","SE"
86,2,265,"RG","SE"
91,5,265,"RG","SE"
15,2,265,"RG","SE"
5,4,265,"RG","SE"
45,1,265,"RG","SE"
19,5,265,"RG","SE"
89,1,265,"RG","SE"
33,12,265,"RG","SE"
21,7,265,"RG","SE"
26,59,265,"RG","SE"
72,9,265,"RG","SE"
11,27,265,"RG","SE"
57,9,265,"RG","SE"
78,21,265,"RG","SE"
36,3,265,"RG","SE"
3,5,265,"RG","SE"
392,1,265,"RG","SE"
418,1,265,"RG","SE"
12,11,265,"RG","SE"
17,5,265,"RG","SE"
85,15,265,"RG","SE"
80,6,266,"RG","SE"
26,59,266,"RG","SE"
64,9,266,"RG","SE"
25,1,266,"RG","SE"
7,21,266,"RG","SE"
11,27,266,"RG","SE"
547,1,266,"RG","SE"
3,5,266,"RG","SE"
392,1,266,"RG","SE"
4,5,266,"RG","SE"
78,21,266,"RG","SE"
15,2,266,"RG","SE"
61,50,266,"RG","SE"
49,1,266,"RG","SE"
57,9,266,"RG","SE"
51,2,266,"RG","SE"
33,12,266,"RG","SE"
32,6,266,"RG","SE"
44,30,266,"RG","SE"
91,5,266,"RG","SE"
10,1,266,"RG","SE"
65,4,266,"RG","SE"
28,50,266,"RG","SE"
418,1,266,"RG","SE"
67,9,266,"RG","SE"
78,21,266,"RG","SE"
76,4,266,"RG","SE"
548,1,266,"RG","SE"
77,17,266,"RG","SE"
22,4,266,"RG","SE"
26,59,266,"RG","SE"
87,1,267,"RG","SE"
57,9,267,"RG","SE"
17,5,267,"RG","SE"
72,9,267,"RG","SE"
61,50,267,"RG","SE"
83,2,267,"RG","SE"
14,30,267,"RG","SE"
42,1,267,"RG","SE"
481,2,267,"RG","SE"
418,1,267,"RG","SE"
312,1,267,"RG","SE"
51,2,267,"RG","SE"
33,12,267,"RG","SE"
54,39,267,"RG","SE"
20,7,267,"RG","SE"
12,11,267,"RG","SE"
535,3,267,"RG","SE"
539,1,267,"RG","SE"
20,7,267,"RG","SE"
28,50,267,"RG","SE"
86,2,267,"RG","SE"
80,6,267,"RG","SE"
91,5,267,"RG","SE"
32,6,267,"RG","SE"
26,59,267,"RG","SE"
25,1,267,"RG","SE"
13,1,267,"RG","SE"
36,3,267,"RG","SE"
33,12,267,"RG","SE"
61,50,267,"RG","SE"
89,1,267,"RG","SE"
547,1,268,"RG","SE"
45,1,268,"RG","SE"
27,2,268,"RG","SE"
28,50,268,"RG","SE"
7,21,268,"RG","SE"
22,4,268,"RG","SE"
83,2,268,"RG","SE"
21,7,268,"RG","SE"
7,21,268,"RG","SE"
481,2,268,"RG","SE"
76,4,268,"RG","SE"
14,30,268,"RG","SE"
392,1,268,"RG","SE"
418,1,268,"RG","SE"
32,6,268,"RG","SE"
26,59,268,"RG","SE"
67,9,268,"RG","SE"
91,5,268,"RG","SE"
12,11,268,"RG","SE"
28,50,268,"RG","SE"
539,1,268,"RG","SE"
19,5,268,"RG","SE"
545,1,268,"RG","SE"
61,50,268,"RG","SE"
12,11,268,"RG","SE"
544,1,268,"RG","SE"
11,27,268,"RG","SE"
49,1,268,"RG","SE"
87,1,268,"RG","SE"
4,5,268,"RG","SE"
26,59,268,"RG","SE"
12,11,269,"RG","SE"
67,9,269,"RG","SE"
4,5,269,"RG","SE"
80,6,269,"RG","SE"
32,6,269,"RG","SE"
26,59,269,"RG","SE"
91,5,269,"RG","SE"
3,5,269,"RG","SE"
392,1,269,"RG","SE"
26,59,269,"RG","SE"
68,5,269,"RG","SE"
10,1,269,"RG","SE"
83,2,269,"RG","SE"
72,9,269,"RG","SE"
547,1,269,"RG","SE"
14,30,269,"RG","SE"
20,7,269,"RG","SE"
22,4,269,"RG","SE"
49,1,269,"RG","SE"
17,5,269,"RG","SE"
535,3,269,"RG","SE"
19,5,269,"RG","SE"
89,1,269,"RG","SE"
86,2,269,"RG","SE"
11,27,269,"RG","SE"
57,9,269,"RG","SE"
91,5,269,"RG","SE"
33,12,269,"RG","SE"
78,21,269,"RG","SE"
38,3,269,"RG","SE"
57,9,269,"RG","SE"
4,5,270,"RG","SE"
7,21,270,"RG","SE"
418,1,270,"RG","SE"
13,1,270,"RG","SE"
65,4,270,"RG","SE"
91,5,270,"RG","SE"
14,30,270,"RG","SE"
19,5,270,"RG","SE"
72,9,270,"RG","SE"
33,12,270,"RG","SE"
15,2,270,"RG","SE"
83,2,270,"RG","SE"
76,4,270,"RG","SE"
38,3,270,"RG","SE"
68,5,270,"RG","SE"
548,1,270,"RG","SE"
21,7,270,"RG","SE"
89,1,270,"RG","SE"
28,50,270,"RG","SE"
86,2,270,"RG","SE"
44,30,270,"RG","SE"
67,9,270,"RG","SE"
77,17,270,"RG","SE"
78,21,270,"RG","SE"
33,12,270,"RG","SE"
64,9,270,"RG","SE"
54,39,270,"RG","SE"
20,7,270,"RG","SE"
80,6,270,"RG","SE"
26,59,270,"RG","SE"
85,15,270,"RG","SE"
72,9,271,"RG","SE"
33,12,271,"RG","SE"
28,50,271,"RG","SE"
72,9,271,"RG","SE"
36,3,271,"RG","SE"
91,5,271,"RG","SE"
14,30,271,"RG","SE"
12,11,271,"RG","SE"
65,4,271,"RG","SE"
26,59,271,"RG","SE"
11,27,271,"RG","SE"
21,7,271,"RG","SE"
44,30,271,"RG","SE"
80,6,271,"RG","SE"
20,7,271,"RG","SE"
87,1,271,"RG","SE"
392,1,271,"RG","SE"
11,27,271,"RG","SE"
535,3,271,"RG","SE"
12,11,271,"RG","SE"
5,4,271,"RG","SE"
15,2,271,"RG","SE"
27,2,271,"RG","SE"
61,50,271,"RG","SE"
22,4,271,"RG","SE"
14,30,271,"RG","SE"
45,1,271,"RG","SE"
67,9,271,"RG","SE"
312,1,271,"RG","SE"
7,21,271,"RG","SE"
42,1,271,"RG","SE"
42,1,272,"RG","SE"
61,50,272,"RG","SE"
80,6,272,"RG","SE"
83,2,272,"RG","SE"
28,50,272,"RG","SE"
12,11,272,"RG","SE"
64,9,272,"RG","SE"
392,1,272,"RG","SE"
13,1,272,"RG","SE"
77,17,272,"RG","SE"
76,4,272,"RG","SE"
481,2,272,"RG","SE"
87,1,272,"RG","SE"
15,2,272,"RG","SE"
10,1,272,"RG","SE"
72,9,272,"RG","SE"
91,5,272,"RG","SE"
17,5,272,"RG","SE"
7,21,272,"RG","SE"
49,1,272,"RG","SE"
72,9,272,"RG","SE"
68,5,272,"RG","SE"
32,6,272,"RG","SE"
5,4,272,"RG","SE"
44,30,272,"RG","SE"
51,2,272,"RG","SE"
51,2,272,"RG","SE"
91,5,272,"RG","SE"
57,9,272,"RG","SE"
26,59,272,"RG","SE"
545,1,272,"RG","SE"
3,5,273,"RG","SE"
20,7,273,"RG","SE"
76,4,273,"RG","SE"
54,39,273,"RG","SE"
61,50,273,"RG","SE"
77,17,273,"RG","SE"
544,1,273,"RG","SE"
87,1,273,"RG","SE"
25,1,273,"RG","SE"
392,1,273,"RG","SE"
44,30,273,"RG","SE"
26,59,273,"RG","SE"
36,3,273,"RG","SE"
80,6,273,"RG","SE"
32,6,273,"RG","SE"
28,50,273,"RG","SE"
80,6,273,"RG","SE"
83,2,273,"RG","SE"
38,3,273,"RG","SE"
14,30,273,"RG","SE"
91,5,273,"RG","SE"
33,12,273,"RG","SE"
57,9,273,"RG","SE"
12,11,273,"RG","SE"
13,1,273,"RG","SE"
535,3,273,"RG","SE"
11,27,273,"RG","SE"
12,11,273,"RG","SE"
85,15,273,"RG","SE"
67,9,273,"RG","SE"
16,3,273,"RG","SE"
33,12,274,"RG","SE"
44,30,274,"RG","SE"
17,5,274,"RG","SE"
11,27,274,"RG","SE"
65,4,274,"RG","SE"
80,6,274,"RG","SE"
57,9,274,"RG","SE"
49,1,274,"RG","SE"
32,6,274,"RG","SE"
3,5,274,"RG","SE"
64,9,274,"RG","SE"
67,9,274,"RG","SE"
21,7,274,"RG","SE"
51,2,274,"RG","SE"
45,1,274,"RG","SE"
312,1,274,"RG","SE"
61,50,274,"RG","SE"
15,2,274,"RG","SE"
38,3,274,"RG","SE"
67,9,274,"RG","SE"
61,50,274,"RG","SE"
22,4,274,"RG","SE"
10,1,274,"RG","SE"
36,3,274,"RG","SE"
12,11,274,"RG","SE"
76,4,274,"RG","SE"
28,50,274,"RG","SE"
77,17,274,"RG","SE"
14,30,274,"RG","SE"
57,9,274,"RG","SE"
19,5,274,"RG","SE"
76,4,275,"RG","SE"
80,6,275,"RG","SE"
535,3,275,"RG","SE"
481,2,275,"RG","SE"
42,1,275,"RG","SE"
49,1,275,"RG","SE"
33,12,275,"RG","SE"
11,27,275,"RG","SE"
547,1,275,"RG","SE"
54,39,275,"RG","SE"
83,2,275,"RG","SE"
14,30,275,"RG","SE"
85,15,275,"RG","SE"
72,9,275,"RG","SE"
64,9,275,"RG","SE"
67,9,275,"RG","SE"
78,21,275,"RG","SE"
38,3,275,"RG","SE"
16,3,275,"RG","SE"
89,1,275,"RG","SE"
91,5,275,"RG","SE"
17,5,275,"RG","SE"
12,11,275,"RG","SE"
15,2,275,"RG","SE"
44,30,275,"RG","SE"
67,9,275,"RG","SE"
86,2,275,"RG","SE"
87,1,275,"RG","SE"
544,1,275,"RG","SE"
32,6,275,"RG","SE"
14,30,275,"RG","SE"
49,1,276,"RG","SE"
21,7,276,"RG","SE"
36,3,276,"RG","SE"
77,17,276,"RG","SE"
392,1,276,"RG","SE"
16,3,276,"RG","SE"
78,21,276,"RG","SE"
80,6,276,"RG","SE"
19,5,276,"RG","SE"
54,39,276,"RG","SE"
72,9,276,"RG","SE"
51,2,276,"RG","SE"
545,1,276,"RG","SE"
22,4,276,"RG","SE"
10,1,276,"RG","SE"
3,5,276,"RG","SE"
547,1,276,"RG","SE"
83,2,276,"RG","SE"
64,9,276,"RG","SE"
28,50,276,"RG","SE"
26,59,276,"RG","SE"
539,1,276,"RG","SE"
4,5,276,"RG","SE"
45,1,276,"RG","SE"
67,9,276,"RG","SE"
87,1,276,"RG","SE"
12,11,276,"RG","SE"
25,1,276,"RG","SE"
91,5,276,"RG","SE"
42,1,276,"RG","SE"
7,21,276,"RG","SE"
68,5,277,"RG","SE"
12,11,277,"RG","SE"
16,3,277,"RG","SE"
25,1,277,"RG","SE"
78,21,277,"RG","SE"
545,1,277,"RG","SE"
67,9,277,"RG","SE"
4,5,277,"RG","SE"
91,5,277,"RG","SE"
42,1,277,"RG","SE"
26,59,277,"RG","SE"
77,17,277,"RG","SE"
17,5,277,"RG","SE"
64,9,277,"RG","SE"
86,2,277,"RG","SE"
20,7,277,"RG","SE"
51,2,277,"RG","SE"
20,7,277,"RG","SE"
10,1,277,"RG","SE"
85,15,277,"RG","SE"
28,50,277,"RG","SE"
15,2,277,"RG","SE"
3,5,277,"RG","SE"
38,3,277,"RG","SE"
548,1,277,"RG","SE"
49,1,277,"RG","SE"
61,50,277,"RG","SE"
72,9,277,"RG","SE"
45,1,277,"RG","SE"
36,3,277,"RG","SE"
11,27,277,"RG","SE"
7,21,278,"RG","SE"
91,5,278,"RG","SE"
4,5,278,"RG","SE"
33,12,278,"RG","SE"
547,1,278,"RG","SE"
15,2,278,"RG","SE"
38,3,278,"RG","SE"
91,5,278,"RG","SE"
17,5,278,"RG","SE"
545,1,278,"RG","SE"
80,6,278,"RG","SE"
7,21,278,"RG","SE"
20,7,278,"RG","SE"
61,50,278,"RG","SE"
64,9,278,"RG","SE"
61,50,278,"RG","SE"
72,9,278,"RG","SE"
51,2,278,"RG","SE"
77,17,278,"RG","SE"
12,11,278,"RG","SE"
44,30,278,"RG","SE"
32,6,278,"RG","SE"
26,59,278,"RG","SE"
51,2,278,"RG","SE"
14,30,278,"RG","SE"
22,4,278,"RG","SE"
76,4,278,"RG","SE"
45,1,278,"RG","SE"
3,5,278,"RG","SE"
77,17,278,"RG","SE"
481,2,278,"RG","SE"
22,4,279,"RG","SE"
78,21,279,"RG","SE"
25,1,279,"RG","SE"
28,50,279,"RG","SE"
17,5,279,"RG","SE"
67,9,279,"RG","SE"
16,3,279,"RG","SE"
67,9,279,"RG","SE"
85,15,279,"RG","SE"
12,11,279,"RG","SE"
13,1,279,"RG","SE"
49,1,279,"RG","SE"
26,59,279,"RG","SE"
3,5,279,"RG","SE"
12,11,279,"RG","SE"
87,1,279,"RG","SE"
61,50,279,"RG","SE"
54,39,279,"RG","SE"
57,9,279,"RG","SE"
27,2,279,"RG","SE"
545,1,279,"RG","SE"
5,4,279,"RG","SE"
418,1,279,"RG","SE"
392,1,279,"RG","SE"
21,7,279,"RG","SE"
51,2,279,"RG","SE"
57,9,279,"RG","SE"
312,1,279,"RG","SE"
76,4,279,"RG","SE"
83,2,279,"RG","SE"
91,5,279,"RG","SE"
544,1,280,"RG","SE"
548,1,280,"RG","SE"
54,39,280,"RG","SE"
547,1,280,"RG","SE"
45,1,280,"RG","SE"
49,1,280,"RG","SE"
78,21,280,"RG","SE"
65,4,280,"RG","SE"
57,9,280,"RG","SE"
76,4,280,"RG","SE"
68,5,280,"RG","SE"
26,59,280,"RG","SE"
15,2,280,"RG","SE"
28,50,280,"RG","SE"
12,11,280,"RG","SE"
21,7,280,"RG","SE"
28,50,280,"RG","SE"
57,9,280,"RG","SE"
51,2,280,"RG","SE"
44,30,280,"RG","SE"
78,21,280,"RG","SE"
3,5,280,"RG","SE"
418,1,280,"RG","SE"
545,1,280,"RG","SE"
72,9,280,"RG","SE"
7,21,280,"RG","SE"
33,12,280,"RG","SE"
10,1,280,"RG","SE"
4,5,280,"RG","SE"
26,59,280,"RG","SE"
392,1,280,"RG","SE"
28,50,281,"RG","SE"
85,15,281,"RG","SE"
51,2,281,"RG","SE"
78,21,281,"RG","SE"
548,1,281,"RG","SE"
544,1,281,"RG","SE"
19,5,281,"RG","SE"
86,2,281,"RG","SE"
12,11,281,"RG","SE"
65,4,281,"RG","SE"
32,6,281,"RG","SE"
535,3,281,"RG","SE"
28,50,281,"RG","SE"
7,21,281,"RG","SE"
11,27,281,"RG","SE"
22,4,281,"RG","SE"
33,12,281,"RG","SE"
80,6,281,"RG","SE"
26,59,281,"RG","SE"
44,30,281,"RG","SE"
20,7,281,"RG","SE"
13,1,281,"RG","SE"
57,9,281,"RG","SE"
87,1,281,"RG","SE"
312,1,281,"RG","SE"
44,30,281,"RG","SE"
45,1,281,"RG","SE"
12,11,281,"RG","SE"
72,9,281,"RG","SE"
54,39,281,"RG","SE"
77,17,281,"RG","SE"
7,21,282,"RG","SE"
545,1,282,"RG","SE"
17,5,282,"RG","SE"
33,12,282,"RG","SE"
312,1,282,"RG","SE"
80,6,282,"RG","SE"
89,1,282,"RG","SE"
72,9,282,"RG","SE"
86,2,282,"RG","SE"
10,1,282,"RG","SE"
32,6,282,"RG","SE"
22,4,282,"RG","SE"
67,9,282,"RG","SE"
12,11,282,"RG","SE"
13,1,282,"RG","SE"
51,2,282,"RG","SE"
3,5,282,"RG","SE"
16,3,282,"RG","SE"
14,30,282,"RG","SE"
5,4,282,"RG","SE"
72,9,282,"RG","SE"
57,9,282,"RG","SE"
77,17,282,"RG","SE"
547,1,282,"RG","SE"
12,11,282,"RG","SE"
57,9,282,"RG","SE"
91,5,282,"RG","SE"
44,30,282,"RG","SE"
535,3,282,"RG","SE"
32,6,282,"RG","SE"
544,1,282,"RG","SE"
72,9,283,"RG","SE"
19,5,283,"RG","SE"
14,30,283,"RG","SE"
392,1,283,"RG","SE"
7,21,283,"RG","SE"
61,50,283,"RG","SE"
545,1,283,"RG","SE"
544,1,283,"RG","SE"
51,2,283,"RG","SE"
85,15,283,"RG","SE"
25,1,283,"RG","SE"
91,5,283,"RG","SE"
535,3,283,"RG","SE"
76,4,283,"RG","SE"
77,17,283,"RG","SE"
44,30,283,"RG","SE"
80,6,283,"RG","SE"
539,1,283,"RG","SE"
78,21,283,"RG","SE"
44,30,283,"RG","SE"
548,1,283,"RG","SE"
11,27,283,"RG","SE"
20,7,283,"RG","SE"
33,12,283,"RG","SE"
72,9,283,"RG","SE"
11,27,283,"RG","SE"
7,21,283,"RG","SE"
57,9,283,"RG","SE"
15,2,283,"RG","SE"
20,7,283,"RG","SE"
28,50,283,"RG","SE"
51,2,284,"RG","SE"
65,4,284,"RG","SE"
548,1,284,"RG","SE"
12,11,284,"RG","SE"
67,9,284,"RG","SE"
16,3,284,"RG","SE"
38,3,284,"RG","SE"
45,1,284,"RG","SE"
26,59,284,"RG","SE"
14,30,284,"RG","SE"
27,2,284,"RG","SE"
51,2,284,"RG","SE"
89,1,284,"RG","SE"
312,1,284,"RG","SE"
80,6,284,"RG","SE"
78,21,284,"RG","SE"
57,9,284,"RG","SE"
80,6,284,"RG","SE"
392,1,284,"RG","SE"
11,27,284,"RG","SE"
535,3,284,"RG","SE"
7,21,284,"RG","SE"
32,6,284,"RG","SE"
72,9,284,"RG","SE"
15,2,284,"RG","SE"
539,1,284,"RG","SE"
3,5,284,"RG","SE"
87,1,284,"RG","SE"
91,5,284,"RG","SE"
85,15,284,"RG","SE"
21,7,284,"RG","SE"
49,1,285,"RG","SE"
51,2,285,"RG","SE"
11,27,285,"RG","SE"
64,9,285,"RG","SE"
25,1,285,"RG","SE"
57,9,285,"RG","SE"
15,2,285,"RG","SE"
80,6,285,"RG","SE"
545,1,285,"RG","SE"
32,6,285,"RG","SE"
22,4,285,"RG","SE"
45,1,285,"RG","SE"
57,9,285,"RG","SE"
535,3,285,"RG","SE"
392,1,285,"RG","SE"
28,50,285,"RG","SE"
89,1,285,"RG","SE"
77,17,285,"RG","SE"
548,1,285,"RG","SE"
51,2,285,"RG","SE"
87,1,285,"RG","SE"
547,1,285,"RG","SE"
7,21,285,"RG","SE"
539,1,285,"RG","SE"
61,50,285,"RG","SE"
544,1,285,"RG","SE"
33,12,285,"RG","SE"
65,4,285,"RG","SE"
78,21,285,"RG","SE"
68,5,285,"RG","SE"
17,5,285,"RG","SE"
11,27,286,"RG","SE"
91,5,286,"RG","SE"
28,50,286,"RG","SE"
32,6,286,"RG","SE"
86,2,286,"RG","SE"
3,5,286,"RG","SE"
91,5,286,"RG","SE"
33,12,286,"RG","SE"
418,1,286,"RG","SE"
25,1,286,"RG","SE"
15,2,286,"RG","SE"
10,1,286,"RG","SE"
36,3,286,"RG","SE"
7,21,286,"RG","SE"
22,4,286,"RG","SE"
72,9,286,"RG","SE"
13,1,286,"RG","SE"
67,9,286,"RG","SE"
544,1,286,"RG","SE"
11,27,286,"RG","SE"
83,2,286,"RG","SE"
80,6,286,"RG","SE"
61,50,286,"RG","SE"
76,4,286,"RG","SE"
5,4,286,"RG","SE"
65,4,286,"RG","SE"
20,7,286,"RG","SE"
535,3,286,"RG","SE"
21,7,286,"RG","SE"
392,1,286,"RG","SE"
20,7,286,"RG","SE"
20,7,287,"RG","SE"
36,3,287,"RG","SE"
5,4,287,"RG","SE"
51,2,287,"RG","SE"
22,4,287,"RG","SE"
16,3,287,"RG","SE"
545,1,287,"RG","SE"
68,5,287,"RG","SE"
312,1,287,"RG","SE"
67,9,287,"RG","SE"
7,21,287,"RG","SE"
26,59,287,"RG","SE"
76,4,287,"RG","SE"
61,50,287,"RG","SE"
57,9,287,"RG","SE"
7,21,287,"RG","SE"
535,3,287,"RG","SE"
392,1,287,"RG","SE"
481,2,287,"RG","SE"
32,6,287,"RG","SE"
89,1,287,"RG","SE"
51,2,287,"RG","SE"
78,21,287,"RG","SE"
33,12,287,"RG","SE"
28,50,287,"RG","SE"
80,6,287,"RG","SE"
12,11,287,"RG","SE"
57,9,287,"RG","SE"
544,1,287,"RG","SE"
49,1,287,"RG","SE"
87,1,287,"RG","SE"
10,1,288,"RG","SE"
91,5,288,"RG","SE"
15,2,288,"RG","SE"
25,1,288,"RG","SE"
85,15,288,"RG","SE"
27,2,288,"RG","SE"
545,1,288,"RG","SE"
67,9,288,"RG","SE"
78,21,288,"RG","SE"
54,39,288,"RG","SE"
38,3,288,"RG","SE"
28,50,288,"RG","SE"
418,1,288,"RG","SE"
20,7,288,"RG","SE"
544,1,288,"RG","SE"
80,6,288,"RG","SE"
535,3,288,"RG","SE"
4,5,288,"RG","SE"
28,50,288,"RG","SE"
65,4,288,"RG","SE"
547,1,288,"RG","SE"
64,9,288,"RG","SE"
77,17,288,"RG","SE"
14,30,288,"RG","SE"
481,2,288,"RG","SE"
89,1,288,"RG","SE"
392,1,288,"RG","SE"
72,9,288,"RG","SE"
57,9,288,"RG","SE"
539,1,288,"RG","SE"
91,5,288,"RG","SE"
72,9,289,"RG","SE"
80,6,289,"RG","SE"
51,2,289,"RG","SE"
38,3,289,"RG","SE"
67,9,289,"RG","SE"
36,3,289,"RG","SE"
548,1,289,"RG","SE"
11,27,289,"RG","SE"
61,50,289,"RG","SE"
392,1,289,"RG","SE"
26,59,289,"RG","SE"
72,9,289,"RG","SE"
544,1,289,"RG","SE"
19,5,289,"RG","SE"
4,5,289,"RG","SE"
61,50,289,"RG","SE"
22,4,289,"RG","SE"
16,3,289,"RG","SE"
33,12,289,"RG","SE"
21,7,289,"RG","SE"
91,5,289,"RG","SE"
54,39,289,"RG","SE"
20,7,289,"RG","SE"
539,1,289,"RG","SE"
78,21,289,"RG","SE"
481,2,289,"RG","SE"
17,5,289,"RG","SE"
20,7,289,"RG","SE"
28,50,289,"RG","SE"
13,1,289,"RG","SE"
77,17,289,"RG","SE"
85,15,290,"RG","SE"
545,1,290,"RG","SE"
49,1,290,"RG","SE"
19,5,290,"RG","SE"
27,2,290,"RG","SE"
10,1,290,"RG","SE"
72,9,290,"RG","SE"
57,9,290,"RG","SE"
21,7,290,"RG","SE"
20,7,290,"RG","SE"
51,2,290,"RG","SE"
25,1,290,"RG","SE"
45,1,290,"RG","SE"
539,1,290,"RG","SE"
11,27,290,"RG","SE"
83,2,290,"RG","SE"
64,9,290,"RG","SE"
44,30,290,"RG","SE"
392,1,290,"RG","SE"
28,50,290,"RG","SE"
44,30,290,"RG","SE"
32,6,290,"RG","SE"
61,50,290,"RG","SE"
13,1,290,"RG","SE"
67,9,290,"RG","SE"
3,5,290,"RG","SE"
72,9,290,"RG","SE"
86,2,290,"RG","SE"
22,4,290,"RG","SE"
14,30,290,"RG","SE"
28,50,290,"RG","SE"
78,21,291,"RG","SE"
13,1,291,"RG","SE"
49,1,291,"RG","SE"
12,11,291,"RG","SE"
65,4,291,"RG","SE"
3,5,291,"RG","SE"
5,4,291,"RG","SE"
33,12,291,"RG","SE"
42,1,291,"RG","SE"
28,50,291,"RG","SE"
80,6,291,"RG","SE"
547,1,291,"RG","SE"
64,9,291,"RG","SE"
7,21,291,"RG","SE"
418,1,291,"RG","SE"
51,2,291,"RG","SE"
4,5,291,"RG","SE"
78,21,291,"RG","SE"
28,50,291,"RG","SE"
85,15,291,"RG","SE"
61,50,291,"RG","SE"
19,5,291,"RG","SE"
16,3,291,"RG","SE"
27,2,291,"RG","SE"
11,27,291,"RG","SE"
32,6,291,"RG","SE"
14,30,291,"RG","SE"
26,59,291,"RG","SE"
91,5,291,"RG","SE"
21,7,291,"RG","SE"
72,9,291,"RG","SE"
51,2,292,"RG","SE"
12,11,292,"RG","SE"
547,1,292,"RG","SE"
28,50,292,"RG","SE"
61,50,292,"RG","SE"
76,4,292,"RG","SE"
4,5,292,"RG","SE"
539,1,292,"RG","SE"
67,9,292,"RG","SE"
544,1,292,"RG","SE"
20,7,292,"RG","SE"
65,4,292,"RG","SE"
61,50,292,"RG","SE"
83,2,292,"RG","SE"
22,4,292,"RG","SE"
45,1,292,"RG","SE"
80,6,292,"RG","SE"
10,1,292,"RG","SE"
89,1,292,"RG","SE"
32,6,292,"RG","SE"
3,5,292,"RG","SE"
28,50,292,"RG","SE"
535,3,292,"RG","SE"
33,12,292,"RG","SE"
42,1,292,"RG","SE"
91,5,292,"RG","SE"
78,21,292,"RG","SE"
68,5,292,"RG","SE"
36,3,292,"RG","SE"
49,1,292,"RG","SE"
33,12,292,"RG","SE"
32,6,293,"RG","SE"
91,5,293,"RG","SE"
17,5,293,"RG","SE"
67,9,293,"RG","SE"
12,11,293,"RG","SE"
19,5,293,"RG","SE"
10,1,293,"RG","SE"
54,39,293,"RG","SE"
45,1,293,"RG","SE"
83,2,293,"RG","SE"
535,3,293,"RG","SE"
11,27,293,"RG","SE"
77,17,293,"RG","SE"
28,50,293,"RG","SE"
21,7,293,"RG","SE"
78,21,293,"RG","SE"
16,3,293,"RG","SE"
7,21,293,"RG","SE"
65,4,293,"RG","SE"
27,2,293,"RG","SE"
20,7,293,"RG","SE"
481,2,293,"RG","SE"
12,11,293,"RG","SE"
11,27,293,"RG","SE"
15,2,293,"RG","SE"
85,15,293,"RG","SE"
44,30,293,"RG","SE"
4,5,293,"RG","SE"
72,9,293,"RG","SE"
3,5,293,"RG","SE"
548,1,293,"RG","SE"
392,1,294,"RG","SE"
33,12,294,"RG","SE"
26,59,294,"RG","SE"
61,50,294,"RG","SE"
61,50,294,"RG","SE"
91,5,294,"RG","SE"
36,3,294,"RG","SE"
545,1,294,"RG","SE"
16,3,294,"RG","SE"
57,9,294,"RG","SE"
21,7,294,"RG","SE"
547,1,294,"RG","SE"
68,5,294,"RG","SE"
10,1,294,"RG","SE"
312,1,294,"RG","SE"
26,59,294,"RG","SE"
20,7,294,"RG","SE"
51,2,294,"RG","SE"
11,27,294,"RG","SE"
65,4,294,"RG","SE"
20,7,294,"RG","SE"
38,3,294,"RG","SE"
535,3,294,"RG","SE"
12,11,294,"RG","SE"
13,1,294,"RG","SE"
72,9,294,"RG","SE"
539,1,294,"RG","SE"
11,27,294,"RG","SE"
418,1,294,"RG","SE"
89,1,294,"RG","SE"
33,12,294,"RG","SE"
33,12,295,"RG","SE"
28,50,295,"RG","SE"
12,11,295,"RG","SE"
38,3,295,"RG","SE"
15,2,295,"RG","SE"
86,2,295,"RG","SE"
80,6,295,"RG","SE"
14,30,295,"RG","SE"
44,30,295,"RG","SE"
11,27,295,"RG","SE"
10,1,295,"RG","SE"
28,50,295,"RG","SE"
418,1,295,"RG","SE"
68,5,295,"RG","SE"
26,59,295,"RG","SE"
32,6,295,"RG","SE"
22,4,295,"RG","SE"
45,1,295,"RG","SE"
85,15,295,"RG","SE"
33,12,295,"RG","SE"
64,9,295,"RG","SE"
51,2,295,"RG","SE"
61,50,295,"RG","SE"
312,1,295,"RG","SE"
535,3,295,"RG","SE"
57,9,295,"RG","SE"
72,9,295,"RG","SE"
3,5,295,"RG","SE"
78,21,295,"RG","SE"
77,17,295,"RG","SE"
67,9,295,"RG","SE"
91,5,296,"RG","SE"
83,2,296,"RG","SE"
44,30,296,"RG","SE"
544,1,296,"RG","SE"
27,2,296,"RG","SE"
28,50,296,"RG","SE"
28,50,296,"RG","SE"
77,17,296,"RG","SE"
44,30,296,"RG","SE"
57,9,296,"RG","SE"
535,3,296,"RG","SE"
547,1,296,"RG","SE"
78,21,296,"RG","SE"
64,9,296,"RG","SE"
33,12,296,"RG","SE"
545,1,296,"RG","SE"
45,1,296,"RG","SE"
13,1,296,"RG","SE"
32,6,296,"RG","SE"
72,9,296,"RG","SE"
7,21,296,"RG","SE"
77,17,296,"RG","SE"
54,39,296,"RG","SE"
32,6,296,"RG","SE"
67,9,296,"RG","SE"
14,30,296,"RG","SE"
65,4,296,"RG","SE"
21,7,296,"RG","SE"
80,6,296,"RG","SE"
481,2,296,"RG","SE"
33,12,296,"RG","SE"
67,9,297,"RG","SE"
32,6,297,"RG","SE"
33,12,297,"RG","SE"
86,2,297,"RG","SE"
38,3,297,"RG","SE"
51,2,297,"RG","SE"
28,50,297,"RG","SE"
61,50,297,"RG","SE"
7,21,297,"RG","SE"
87,1,297,"RG","SE"
77,17,297,"RG","SE"
11,27,297,"RG","SE"
3,5,297,"RG","SE"
21,7,297,"RG","SE"
44,30,297,"RG","SE"
61,50,297,"RG","SE"
544,1,297,"RG","SE"
22,4,297,"RG","SE"
481,2,297,"RG","SE"
76,4,297,"RG","SE"
19,5,297,"RG","SE"
5,4,297,"RG","SE"
12,11,297,"RG","SE"
7,21,297,"RG","SE"
57,9,297,"RG","SE"
85,15,297,"RG","SE"
78,21,297,"RG","SE"
20,7,297,"RG","SE"
68,5,297,"RG","SE"
545,1,297,"RG","SE"
418,1,297,"RG","SE"
3,5,298,"RG","SE"
16,3,298,"RG","SE"
78,21,298,"RG","SE"
25,1,298,"RG","SE"
45,1,298,"RG","SE"
86,2,298,"RG","SE"
51,2,298,"RG","SE"
67,9,298,"RG","SE"
548,1,298,"RG","SE"
545,1,298,"RG","SE"
7,21,298,"RG","SE"
481,2,298,"RG","SE"
14,30,298,"RG","SE"
42,1,298,"RG","SE"
7,21,298,"RG","SE"
20,7,298,"RG","SE"
44,30,298,"RG","SE"
21,7,298,"RG","SE"
12,11,298,"RG","SE"
67,9,298,"RG","SE"
72,9,298,"RG","SE"
4,5,298,"RG","SE"
15,2,298,"RG","SE"
26,59,298,"RG","SE"
33,12,298,"RG","SE"
26,59,298,"RG","SE"
51,2,298,"RG","SE"
87,1,298,"RG","SE"
5,4,298,"RG","SE"
77,17,298,"RG","SE"
14,30,298,"RG","SE"
42,1,299,"RG","SE"
545,1,299,"RG","SE"
83,2,299,"RG","SE"
481,2,299,"RG","SE"
312,1,299,"RG","SE"
61,50,299,"RG","SE"
4,5,299,"RG","SE"
548,1,299,"RG","SE"
44,30,299,"RG","SE"
36,3,299,"RG","SE"
33,12,299,"RG","SE"
7,21,299,"RG","SE"
17,5,299,"RG","SE"
10,1,299,"RG","SE"
54,39,299,"RG","SE"
78,21,299,"RG","SE"
25,1,299,"RG","SE"
77,17,299,"RG","SE"
80,6,299,"RG","SE"
12,11,299,"RG","SE"
86,2,299,"RG","SE"
22,4,299,"RG","SE"
392,1,299,"RG","SE"
85,15,299,"RG","SE"
65,4,299,"RG","SE"
14,30,299,"RG","SE"
78,21,299,"RG","SE"
91,5,299,"RG","SE"
61,50,299,"RG","SE"
28,50,299,"RG","SE"
544,1,299,"RG","SE"
76,4,300,"RG","SE"
392,1,300,"RG","SE"
72,9,300,"RG","SE"
77,17,300,"RG","SE"
78,21,300,"RG","SE"
7,21,300,"RG","SE"
67,9,300,"RG","SE"
13,1,300,"RG","SE"
44,30,300,"RG","SE"
57,9,300,"RG","SE"
91,5,300,"RG","SE"
33,12,300,"RG","SE"
78,21,300,"RG","SE"
64,9,300,"RG","SE"
10,1,300,"RG","SE"
535,3,300,"RG","SE"
77,17,300,"RG","SE"
17,5,300,"RG","SE"
83,2,300,"RG","SE"
22,4,300,"RG","SE"
418,1,300,"RG","SE"
20,7,300,"RG","SE"
91,5,300,"RG","SE"
11,27,300,"RG","SE"
87,1,300,"RG","SE"
32,6,300,"RG","SE"
12,11,300,"RG","SE"
26,59,300,"RG","SE"
4,5,300,"RG","SE"
49,1,300,"RG","SE"
51,2,300,"RG","SE"
21,7,301,"RG","SE"
54,39,301,"RG","SE"
10,1,301,"RG","SE"
44,30,301,"RG","SE"
20,7,301,"RG","SE"
42,1,301,"RG","SE"
12,11,301,"RG","SE"
4,5,301,"RG","SE"
65,4,301,"RG","SE"
44,30,301,"RG","SE"
33,12,301,"RG","SE"
14,30,301,"RG","SE"
78,21,301,"RG","SE"
45,1,301,"RG","SE"
38,3,301,"RG","SE"
535,3,301,"RG","SE"
544,1,301,"RG","SE"
11,27,301,"RG","SE"
61,50,301,"RG","SE"
5,4,301,"RG","SE"
67,9,301,"RG","SE"
392,1,301,"RG","SE"
547,1,301,"RG","SE"
28,50,301,"RG","SE"
25,1,301,"RG","SE"
72,9,301,"RG","SE"
91,5,301,"RG","SE"
545,1,301,"RG","SE"
12,11,301,"RG","SE"
86,2,301,"RG","SE"
548,1,301,"RG","SE"
85,15,302,"RG","SE"
80,6,302,"RG","SE"
86,2,302,"RG","SE"
72,9,302,"RG","SE"
16,3,302,"RG","SE"
7,21,302,"RG","SE"
67,9,302,"RG","SE"
548,1,302,"RG","SE"
45,1,302,"RG","SE"
42,1,302,"RG","SE"
545,1,302,"RG","SE"
4,5,302,"RG","SE"
57,9,302,"RG","SE"
80,6,302,"RG","SE"
91,5,302,"RG","SE"
14,30,302,"RG","SE"
547,1,302,"RG","SE"
57,9,302,"RG","SE"
33,12,302,"RG","SE"
312,1,302,"RG","SE"
10,1,302,"RG","SE"
7,21,302,"RG","SE"
32,6,302,"RG","SE"
481,2,302,"RG","SE"
22,4,302,"RG","SE"
61,50,302,"RG","SE"
539,1,302,"RG","SE"
12,11,302,"RG","SE"
26,59,302,"RG","SE"
64,9,302,"RG","SE"
91,5,302,"RG","SE"
67,9,303,"RG","SE"
45,1,303,"RG","SE"
54,39,303,"RG","SE"
42,1,303,"RG","SE"
61,50,303,"RG","SE"
26,59,303,"RG","SE"
20,7,303,"RG","SE"
72,9,303,"RG","SE"
57,9,303,"RG","SE"
80,6,303,"RG","SE"
28,50,303,"RG","SE"
544,1,303,"RG","SE"
7,21,303,"RG","SE"
27,2,303,"RG","SE"
89,1,303,"RG","SE"
78,21,303,"RG","SE"
57,9,303,"RG","SE"
44,30,303,"RG","SE"
91,5,303,"RG","SE"
32,6,303,"RG","SE"
21,7,303,"RG","SE"
78,21,303,"RG","SE"
91,5,303,"RG","SE"
32,6,303,"RG","SE"
68,5,303,"RG","SE"
11,27,303,"RG","SE"
545,1,303,"RG","SE"
76,4,303,"RG","SE"
4,5,303,"RG","SE"
28,50,303,"RG","SE"
51,2,303,"RG","SE"
14,30,304,"RG","SE"
61,50,304,"RG","SE"
83,2,304,"RG","SE"
11,27,304,"RG","SE"
57,9,304,"RG","SE"
25,1,304,"RG","SE"
20,7,304,"RG","SE"
539,1,304,"RG","SE"
89,1,304,"RG","SE"
15,2,304,"RG","SE"
80,6,304,"RG","SE"
28,50,304,"RG","SE"
547,1,304,"RG","SE"
54,39,304,"RG","SE"
51,2,304,"RG","SE"
544,1,304,"RG","SE"
49,1,304,"RG","SE"
392,1,304,"RG","SE"
27,2,304,"RG","SE"
91,5,304,"RG","SE"
32,6,304,"RG","SE"
72,9,304,"RG","SE"
57,9,304,"RG","SE"
20,7,304,"RG","SE"
33,12,304,"RG","SE"
545,1,304,"RG","SE"
11,27,304,"RG","SE"
32,6,304,"RG","SE"
61,50,304,"RG","SE"
38,3,304,"RG","SE"
65,4,304,"RG","SE"
16,3,305,"RG","SE"
22,4,305,"RG","SE"
392,1,305,"RG","SE"
65,4,305,"RG","SE"
33,12,305,"RG","SE"
57,9,305,"RG","SE"
481,2,305,"RG","SE"
85,15,305,"RG","SE"
89,1,305,"RG","SE"
21,7,305,"RG","SE"
7,21,305,"RG","SE"
80,6,305,"RG","SE"
42,1,305,"RG","SE"
544,1,305,"RG","SE"
51,2,305,"RG","SE"
25,1,305,"RG","SE"
539,1,305,"RG","SE"
27,2,305,"RG","SE"
78,21,305,"RG","SE"
33,12,305,"RG","SE"
14,30,305,"RG","SE"
12,11,305,"RG","SE"
12,11,305,"RG","SE"
87,1,305,"RG","SE"
38,3,305,"RG","SE"
535,3,305,"RG","SE"
78,21,305,"RG","SE"
19,5,305,"RG","SE"
49,1,305,"RG","SE"
7,21,305,"RG","SE"
44,30,305,"RG","SE"
25,1,306,"RG","SE"
481,2,306,"RG","SE"
61,50,306,"RG","SE"
77,17,306,"RG","SE"
80,6,306,"RG","SE"
539,1,306,"RG","SE"
13,1,306,"RG","SE"
42,1,306,"RG","SE"
57,9,306,"RG","SE"
49,1,306,"RG","SE"
54,39,306,"RG","SE"
312,1,306,"RG","SE"
418,1,306,"RG","SE"
17,5,306,"RG","SE"
21,7,306,"RG","SE"
78,21,306,"RG","SE"
72,9,306,"RG","SE"
68,5,306,"RG","SE"
91,5,306,"RG","SE"
14,30,306,"RG","SE"
78,21,306,"RG","SE"
14,30,306,"RG","SE"
89,1,306,"RG","SE"
64,9,306,"RG","SE"
33,12,306,"RG","SE"
51,2,306,"RG","SE"
72,9,306,"RG","SE"
57,9,306,"RG","SE"
548,1,306,"RG","SE"
12,11,306,"RG","SE"
51,2,306,"RG","SE"
89,1,307,"RG","SE"
44,30,307,"RG","SE"
392,1,307,"RG","SE"
77,17,307,"RG","SE"
91,5,307,"RG","SE"
14,30,307,"RG","SE"
545,1,307,"RG","SE"
32,6,307,"RG","SE"
12,11,307,"RG","SE"
78,21,307,"RG","SE"
7,21,307,"RG","SE"
26,59,307,"RG","SE"
21,7,307,"RG","SE"
547,1,307,"RG","SE"
11,27,307,"RG","SE"
539,1,307,"RG","SE"
22,4,307,"RG","SE"
49,1,307,"RG","SE"
80,6,307,"RG","SE"
83,2,307,"RG","SE"
42,1,307,"RG","SE"
67,9,307,"RG","SE"
86,2,307,"RG","SE"
26,59,307,"RG","SE"
5,4,307,"RG","SE"
15,2,307,"RG","SE"
28,50,307,"RG","SE"
7,21,307,"RG","SE"
85,15,307,"RG","SE"
20,7,307,"RG","SE"
20,7,307,"RG","SE"
51,2,308,"RG","SE"
312,1,308,"RG","SE"
44,30,308,"RG","SE"
418,1,308,"RG","SE"
91,5,308,"RG","SE"
7,21,308,"RG","SE"
49,1,308,"RG","SE"
42,1,308,"RG","SE"
91,5,308,"RG","SE"
72,9,308,"RG","SE"
78,21,308,"RG","SE"
61,50,308,"RG","SE"
15,2,308,"RG","SE"
544,1,308,"RG","SE"
16,3,308,"RG","SE"
14,30,308,"RG","SE"
4,5,308,"RG","SE"
17,5,308,"RG","SE"
80,6,308,"RG","SE"
548,1,308,"RG","SE"
7,21,308,"RG","SE"
21,7,308,"RG","SE"
547,1,308,"RG","SE"
67,9,308,"RG","SE"
32,6,308,"RG","SE"
44,30,308,"RG","SE"
26,59,308,"RG","SE"
22,4,308,"RG","SE"
11,27,308,"RG","SE"
85,15,308,"RG","SE"
45,1,308,"RG","SE"
10,1,309,"RG","SE"
32,6,309,"RG","SE"
17,5,309,"RG","SE"
67,9,309,"RG","SE"
27,2,309,"RG","SE"
545,1,309,"RG","SE"
42,1,309,"RG","SE"
77,17,309,"RG","SE"
4,5,309,"RG","SE"
7,21,309,"RG","SE"
19,5,309,"RG","SE"
12,11,309,"RG","SE"
83,2,309,"RG","SE"
11,27,309,"RG","SE"
78,21,309,"RG","SE"
544,1,309,"RG","SE"
26,59,309,"RG","SE"
312,1,309,"RG","SE"
12,11,309,"RG","SE"
14,30,309,"RG","SE"
51,2,309,"RG","SE"
11,27,309,"RG","SE"
26,59,309,"RG","SE"
539,1,309,"RG","SE"
32,6,309,"RG","SE"
49,1,309,"RG","SE"
38,3,309,"RG","SE"
91,5,309,"RG","SE"
80,6,309,"RG","SE"
72,9,309,"RG","SE"
418,1,309,"RG","SE"
20,7,310,"RG","SE"
67,9,310,"RG","SE"
91,5,310,"RG","SE"
11,27,310,"RG","SE"
539,1,310,"RG","SE"
26,59,310,"RG","SE"
32,6,310,"RG","SE"
78,21,310,"RG","SE"
72,9,310,"RG","SE"
548,1,310,"RG","SE"
44,30,310,"RG","SE"
4,5,310,"RG","SE"
12,11,310,"RG","SE"
42,1,310,"RG","SE"
12,11,310,"RG","SE"
25,1,310,"RG","SE"
64,9,310,"RG","SE"
7,21,310,"RG","SE"
80,6,310,"RG","SE"
13,1,310,"RG","SE"
80,6,310,"RG","SE"
16,3,310,"RG","SE"
545,1,310,"RG","SE"
85,15,310,"RG","SE"
27,2,310,"RG","SE"
5,4,310,"RG","SE"
72,9,310,"RG","SE"
481,2,310,"RG","SE"
19,5,310,"RG","SE"
14,30,310,"RG","SE"
32,6,310,"RG","SE"
67,9,311,"RG","SE"
44,30,311,"RG","SE"
33,12,311,"RG","SE"
45,1,311,"RG","SE"
13,1,311,"RG","SE"
547,1,311,"RG","SE"
19,5,311,"RG","SE"
14,30,311,"RG","SE"
7,21,311,"RG","SE"
545,1,311,"RG","SE"
15,2,311,"RG","SE"
61,50,311,"RG","SE"
33,12,311,"RG","SE"
51,2,311,"RG","SE"
20,7,311,"RG","SE"
64,9,311,"RG","SE"
65,4,311,"RG","SE"
61,50,311,"RG","SE"
72,9,311,"RG","SE"
22,4,311,"RG","SE"
12,11,311,"RG","SE"
539,1,311,"RG","SE"
89,1,311,"RG","SE"
57,9,311,"RG","SE"
14,30,311,"RG","SE"
392,1,311,"RG","SE"
91,5,311,"RG","SE"
78,21,311,"RG","SE"
28,50,311,"RG","SE"
38,3,311,"RG","SE"
312,1,311,"RG","SE"
57,9,312,"RG","SE"
85,15,312,"RG","SE"
44,30,312,"RG","SE"
51,2,312,"RG","SE"
83,2,312,"RG","SE"
28,50,312,"RG","SE"
72,9,312,"RG","SE"
32,6,312,"RG","SE"
12,11,312,"RG","SE"
20,7,312,"RG","SE"
548,1,312,"RG","SE"
3,5,312,"RG","SE"
392,1,312,"RG","SE"
14,30,312,"RG","SE"
77,17,312,"RG","SE"
80,6,312,"RG","SE"
11,27,312,"RG","SE"
65,4,312,"RG","SE"
20,7,312,"RG","SE"
45,1,312,"RG","SE"
78,21,312,"RG","SE"
67,9,312,"RG","SE"
80,6,312,"RG","SE"
545,1,312,"RG","SE"
7,21,312,"RG","SE"
15,2,312,"RG","SE"
544,1,312,"RG","SE"
57,9,312,"RG","SE"
33,12,312,"RG","SE"
78,21,312,"RG","SE"
91,5,312,"RG","SE"
5,4,313,"RG","SE"
57,9,313,"RG","SE"
64,9,313,"RG","SE"
33,12,313,"RG","SE"
21,7,313,"RG","SE"
49,1,313,"RG","SE"
76,4,313,"RG","SE"
539,1,313,"RG","SE"
38,3,313,"RG","SE"
27,2,313,"RG","SE"
7,21,313,"RG","SE"
20,7,313,"RG","SE"
51,2,313,"RG","SE"
544,1,313,"RG","SE"
36,3,313,"RG","SE"
32,6,313,"RG","SE"
19,5,313,"RG","SE"
4,5,313,"RG","SE"
547,1,313,"RG","SE"
548,1,313,"RG","SE"
25,1,313,"RG","SE"
67,9,313,"RG","SE"
65,4,313,"RG","SE"
89,1,313,"RG","SE"
78,21,313,"RG","SE"
87,1,313,"RG","SE"
312,1,313,"RG","SE"
545,1,313,"RG","SE"
91,5,313,"RG","SE"
86,2,313,"RG","SE"
72,9,313,"RG","SE"
67,9,314,"RG","SE"
67,9,314,"RG","SE"
28,50,314,"RG","SE"
4,5,314,"RG","SE"
481,2,314,"RG","SE"
20,7,314,"RG","SE"
26,59,314,"RG","SE"
44,30,314,"RG","SE"
38,3,314,"RG","SE"
44,30,314,"RG","SE"
21,7,314,"RG","SE"
32,6,314,"RG","SE"
19,5,314,"RG","SE"
85,15,314,"RG","SE"
14,30,314,"RG","SE"
548,1,314,"RG","SE"
20,7,314,"RG","SE"
12,11,314,"RG","SE"
51,2,314,"RG","SE"
89,1,314,"RG","SE"
91,5,314,"RG","SE"
72,9,314,"RG","SE"
86,2,314,"RG","SE"
547,1,314,"RG","SE"
91,5,314,"RG","SE"
76,4,314,"RG","SE"
45,1,314,"RG","SE"
13,1,314,"RG","SE"
64,9,314,"RG","SE"
72,9,314,"RG","SE"
312,1,314,"RG","SE"
49,1,315,"RG","SE"
64,9,315,"RG","SE"
11,27,315,"RG","SE"
91,5,315,"RG","SE"
77,17,315,"RG","SE"
51,2,315,"RG","SE"
86,2,315,"RG","SE"
45,1,315,"RG","SE"
539,1,315,"RG","SE"
15,2,315,"RG","SE"
72,9,315,"RG","SE"
78,21,315,"RG","SE"
11,27,315,"RG","SE"
80,6,315,"RG","SE"
16,3,315,"RG","SE"
80,6,315,"RG","SE"
545,1,315,"RG","SE"
33,12,315,"RG","SE"
27,2,315,"RG","SE"
36,3,315,"RG","SE"
91,5,315,"RG","SE"
61,50,315,"RG","SE"
78,21,315,"RG","SE"
68,5,315,"RG","SE"
21,7,315,"RG","SE"
61,50,315,"RG","SE"
548,1,315,"RG","SE"
544,1,315,"RG","SE"
535,3,315,"RG","SE"
28,50,315,"RG","SE"
83,2,315,"RG","SE"
86,2,316,"RG","SE"
14,30,316,"RG","SE"
20,7,316,"RG","SE"
4,5,316,"RG","SE"
42,1,316,"RG","SE"
19,5,316,"RG","SE"
78,21,316,"RG","SE"
33,12,316,"RG","SE"
91,5,316,"RG","SE"
49,1,316,"RG","SE"
38,3,316,"RG","SE"
91,5,316,"RG","SE"
27,2,316,"RG","SE"
12,11,316,"RG","SE"
15,2,316,"RG","SE"
32,6,316,"RG","SE"
77,17,316,"RG","SE"
3,5,316,"RG","SE"
14,30,316,"RG","SE"
76,4,316,"RG","SE"
11,27,316,"RG","SE"
32,6,316,"RG","SE"
7,21,316,"RG","SE"
77,17,316,"RG","SE"
539,1,316,"RG","SE"
28,50,316,"RG","SE"
17,5,316,"RG","SE"
67,9,316,"RG","SE"
67,9,316,"RG","SE"
64,9,316,"RG","SE"
26,59,316,"RG","SE"
14,30,317,"RG","SE"
12,11,317,"RG","SE"
51,2,317,"RG","SE"
85,15,317,"RG","SE"
535,3,317,"RG","SE"
67,9,317,"RG","SE"
17,5,317,"RG","SE"
57,9,317,"RG","SE"
38,3,317,"RG","SE"
44,30,317,"RG","SE"
11,27,317,"RG","SE"
57,9,317,"RG","SE"
26,59,317,"RG","SE"
64,9,317,"RG","SE"
51,2,317,"RG","SE"
7,21,317,"RG","SE"
32,6,317,"RG","SE"
20,7,317,"RG","SE"
61,50,317,"RG","SE"
80,6,317,"RG","SE"
25,1,317,"RG","SE"
32,6,317,"RG","SE"
7,21,317,"RG","SE"
12,11,317,"RG","SE"
68,5,317,"RG","SE"
539,1,317,"RG","SE"
418,1,317,"RG","SE"
16,3,317,"RG","SE"
13,1,317,"RG","SE"
65,4,317,"RG","SE"
45,1,317,"RG","SE"
72,9,318,"RG","SE"
86,2,318,"RG","SE"
20,7,318,"RG","SE"
11,27,318,"RG","SE"
78,21,318,"RG","SE"
22,4,318,"RG","SE"
80,6,318,"RG","SE"
51,2,318,"RG","SE"
535,3,318,"RG","SE"
11,27,318,"RG","SE"
77,17,318,"RG","SE"
77,17,318,"RG","SE"
78,21,318,"RG","SE"
44,30,318,"RG","SE"
87,1,318,"RG","SE"
544,1,318,"RG","SE"
89,1,318,"RG","SE"
67,9,318,"RG","SE"
42,1,318,"RG","SE"
548,1,318,"RG","SE"
76,4,318,"RG","SE"
481,2,318,"RG","SE"
91,5,318,"RG","SE"
49,1,318,"RG","SE"
10,1,318,"RG","SE"
312,1,318,"RG","SE"
4,5,318,"RG","SE"
61,50,318,"RG","SE"
45,1,318,"RG","SE"
7,21,318,"RG","SE"
28,50,318,"RG","SE"
68,5,319,"RG","SE"
14,30,319,"RG","SE"
10,1,319,"RG","SE"
49,1,319,"RG","SE"
312,1,319,"RG","SE"
11,27,319,"RG","SE"
12,11,319,"RG","SE"
76,4,319,"RG","SE"
78,21,319,"RG","SE"
57,9,319,"RG","SE"
85,15,319,"RG","SE"
65,4,319,"RG","SE"
51,2,319,"RG","SE"
7,21,319,"RG","SE"
11,27,319,"RG","SE"
539,1,319,"RG","SE"
5,4,319,"RG","SE"
72,9,319,"RG","SE"
67,9,319,"RG","SE"
14,30,319,"RG","SE"
86,2,319,"RG","SE"
38,3,319,"RG","SE"
392,1,319,"RG","SE"
7,21,319,"RG","SE"
547,1,319,"RG","SE"
545,1,319,"RG","SE"
12,11,319,"RG","SE"
28,50,319,"RG","SE"
4,5,319,"RG","SE"
72,9,319,"RG","SE"
80,6,319,"RG","SE"
13,1,320,"RG","SE"
77,17,320,"RG","SE"
72,9,320,"RG","SE"
17,5,320,"RG","SE"
78,21,320,"RG","SE"
80,6,320,"RG","SE"
27,2,320,"RG","SE"
535,3,320,"RG","SE"
4,5,320,"RG","SE"
67,9,320,"RG","SE"
25,1,320,"RG","SE"
5,4,320,"RG","SE"
54,39,320,"RG","SE"
545,1,320,"RG","SE"
22,4,320,"RG","SE"
547,1,320,"RG","SE"
548,1,320,"RG","SE"
44,30,320,"RG","SE"
7,21,320,"RG","SE"
85,15,320,"RG","SE"
312,1,320,"RG","SE"
392,1,320,"RG","SE"
16,3,320,"RG","SE"
76,4,320,"RG","SE"
26,59,320,"RG","SE"
87,1,320,"RG","SE"
11,27,320,"RG","SE"
51,2,320,"RG","SE"
89,1,320,"RG","SE"
49,1,320,"RG","SE"
12,11,320,"RG","SE"
392,1,321,"RG","SE"
418,1,321,"RG","SE"
25,1,321,"RG","SE"
28,50,321,"RG","SE"
33,12,321,"RG","SE"
64,9,321,"RG","SE"
12,11,321,"RG","SE"
21,7,321,"RG","SE"
76,4,321,"RG","SE"
78,21,321,"RG","SE"
42,1,321,"RG","SE"
32,6,321,"RG","SE"
80,6,321,"RG","SE"
61,50,321,"RG","SE"
38,3,321,"RG","SE"
87,1,321,"RG","SE"
26,59,321,"RG","SE"
33,12,321,"RG","SE"
51,2,321,"RG","SE"
16,3,321,"RG","SE"
45,1,321,"RG","SE"
12,11,321,"RG","SE"
77,17,321,"RG","SE"
11,27,321,"RG","SE"
312,1,321,"RG","SE"
72,9,321,"RG","SE"
535,3,321,"RG","SE"
61,50,321,"RG","SE"
548,1,321,"RG","SE"
3,5,321,"RG","SE"
20,7,321,"RG","SE"
76,4,322,"RG","SE"
68,5,322,"RG","SE"
14,30,322,"RG","SE"
33,12,322,"RG","SE"
392,1,322,"RG","SE"
5,4,322,"RG","SE"
67,9,322,"RG","SE"
91,5,322,"RG","SE"
85,15,322,"RG","SE"
83,2,322,"RG","SE"
91,5,322,"RG","SE"
11,27,322,"RG","SE"
32,6,322,"RG","SE"
25,1,322,"RG","SE"
36,3,322,"RG","SE"
77,17,322,"RG","SE"
42,1,322,"RG","SE"
16,3,322,"RG","SE"
32,6,322,"RG","SE"
38,3,322,"RG","SE"
7,21,322,"RG","SE"
26,59,322,"RG","SE"
22,4,322,"RG","SE"
17,5,322,"RG","SE"
78,21,322,"RG","SE"
45,1,322,"RG","SE"
312,1,322,"RG","SE"
28,50,322,"RG","SE"
544,1,322,"RG","SE"
78,21,322,"RG","SE"
15,2,322,"RG","SE"
38,3,323,"RG","SE"
28,50,323,"RG","SE"
91,5,323,"RG","SE"
544,1,323,"RG","SE"
7,21,323,"RG","SE"
42,1,323,"RG","SE"
547,1,323,"RG","SE"
72,9,323,"RG","SE"
33,12,323,"RG","SE"
12,11,323,"RG","SE"
80,6,323,"RG","SE"
76,4,323,"RG","SE"
61,50,323,"RG","SE"
91,5,323,"RG","SE"
4,5,323,"RG","SE"
57,9,323,"RG","SE"
44,30,323,"RG","SE"
12,11,323,"RG","SE"
51,2,323,"RG","SE"
16,3,323,"RG","SE"
26,59,323,"RG","SE"
32,6,323,"RG","SE"
21,7,323,"RG","SE"
77,17,323,"RG","SE"
57,9,323,"RG","SE"
17,5,323,"RG","SE"
64,9,323,"RG","SE"
26,59,323,"RG","SE"
67,9,323,"RG","SE"
80,6,323,"RG","SE"
15,2,323,"RG","SE"
61,50,324,"RG","SE"
548,1,324,"RG","SE"
26,59,324,"RG","SE"
10,1,324,"RG","SE"
28,50,324,"RG","SE"
61,50,324,"RG","SE"
51,2,324,"RG","SE"
49,1,324,"RG","SE"
72,9,324,"RG","SE"
12,11,324,"RG","SE"
77,17,324,"RG","SE"
547,1,324,"RG","SE"
91,5,324,"RG","SE"
85,15,324,"RG","SE"
21,7,324,"RG","SE"
7,21,324,"RG","SE"
78,21,324,"RG","SE"
77,17,324,"RG","SE"
392,1,324,"RG","SE"
28,50,324,"RG","SE"
67,9,324,"RG","SE"
11,27,324,"RG","SE"
89,1,324,"RG","SE"
32,6,324,"RG","SE"
14,30,324,"RG","SE"
57,9,324,"RG","SE"
68,5,324,"RG","SE"
12,11,324,"RG","SE"
22,4,324,"RG","SE"
535,3,324,"RG","SE"
545,1,324,"RG","SE"
54,39,325,"RG","SE"
15,2,325,"RG","SE"
44,30,325,"RG","SE"
67,9,325,"RG","SE"
45,1,325,"RG","SE"
539,1,325,"RG","SE"
21,7,325,"RG","SE"
14,30,325,"RG","SE"
57,9,325,"RG","SE"
7,21,325,"RG","SE"
89,1,325,"RG","SE"
86,2,325,"RG","SE"
16,3,325,"RG","SE"
13,1,325,"RG","SE"
91,5,325,"RG","SE"
28,50,325,"RG","SE"
78,21,325,"RG","SE"
26,59,325,"RG","SE"
44,30,325,"RG","SE"
32,6,325,"RG","SE"
78,21,325,"RG","SE"
51,2,325,"RG","SE"
67,9,325,"RG","SE"
19,5,325,"RG","SE"
547,1,325,"RG","SE"
10,1,325,"RG","SE"
77,17,325,"RG","SE"
548,1,325,"RG","SE"
72,9,325,"RG","SE"
33,12,325,"RG","SE"
11,27,325,"RG","SE"
36,3,326,"RG","SE"
27,2,326,"RG","SE"
539,1,326,"RG","SE"
312,1,326,"RG","SE"
91,5,326,"RG","SE"
26,59,326,"RG","SE"
44,30,326,"RG","SE"
57,9,326,"RG","SE"
535,3,326,"RG","SE"
49,1,326,"RG","SE"
72,9,326,"RG","SE"
3,5,326,"RG","SE"
65,4,326,"RG","SE"
5,4,326,"RG","SE"
20,7,326,"RG","SE"
77,17,326,"RG","SE"
38,3,326,"RG","SE"
21,7,326,"RG","SE"
87,1,326,"RG","SE"
28,50,326,"RG","SE"
418,1,326,"RG","SE"
86,2,326,"RG","SE"
72,9,326,"RG","SE"
33,12,326,"RG","SE"
42,1,326,"RG","SE"
57,9,326,"RG","SE"
54,39,326,"RG","SE"
80,6,326,"RG","SE"
67,9,326,"RG","SE"
76,4,326,"RG","SE"
33,12,326,"RG","SE"
78,21,327,"RG","SE"
32,6,327,"RG","SE"
57,9,327,"RG","SE"
545,1,327,"RG","SE"
12,11,327,"RG","SE"
548,1,327,"RG","SE"
76,4,327,"RG","SE"
16,3,327,"RG","SE"
45,1,327,"RG","SE"
11,27,327,"RG","SE"
20,7,327,"RG","SE"
5,4,327,"RG","SE"
4,5,327,"RG","SE"
32,6,327,"RG","SE"
312,1,327,"RG","SE"
61,50,327,"RG","SE"
15,2,327,"RG","SE"
539,1,327,"RG","SE"
547,1,327,"RG","SE"
3,5,327,"RG","SE"
65,4,327,"RG","SE"
22,4,327,"RG","SE"
51,2,327,"RG","SE"
7,21,327,"RG","SE"
61,50,327,"RG","SE"
91,5,327,"RG","SE"
19,5,327,"RG","SE"
14,30,327,"RG","SE"
481,2,327,"RG","SE"
89,1,327,"RG","SE"
87,1,327,"RG","SE"
11,27,328,"RG","SE"
11,27,328,"RG","SE"
36,3,328,"RG","SE"
44,30,328,"RG","SE"
12,11,328,"RG","SE"
545,1,328,"RG","SE"
27,2,328,"RG","SE"
42,1,328,"RG","SE"
7,21,328,"RG","SE"
44,30,328,"RG","SE"
78,21,328,"RG","SE"
68,5,328,"RG","SE"
20,7,328,"RG","SE"
28,50,328,"RG","SE"
25,1,328,"RG","SE"
87,1,328,"RG","SE"
83,2,328,"RG","SE"
12,11,328,"RG","SE"
26,59,328,"RG","SE"
77,17,328,"RG","SE"
91,5,328,"RG","SE"
14,30,328,"RG","SE"
61,50,328,"RG","SE"
481,2,328,"RG","SE"
86,2,328,"RG","SE"
312,1,328,"RG","SE"
72,9,328,"RG","SE"
33,12,328,"RG","SE"
67,9,328,"RG","SE"
85,15,328,"RG","SE"
5,4,328,"RG","SE"
42,1,329,"RG","SE"
21,7,329,"RG","SE"
83,2,329,"RG","SE"
44,30,329,"RG","SE"
76,4,329,"RG","SE"
539,1,329,"RG","SE"
22,4,329,"RG","SE"
20,7,329,"RG","SE"
78,21,329,"RG","SE"
51,2,329,"RG","SE"
64,9,329,"RG","SE"
33,12,329,"RG","SE"
312,1,329,"RG","SE"
28,50,329,"RG","SE"
57,9,329,"RG","SE"
11,27,329,"RG","SE"
19,5,329,"RG","SE"
77,17,329,"RG","SE"
89,1,329,"RG","SE"
17,5,329,"RG","SE"
32,6,329,"RG","SE"
481,2,329,"RG","SE"
78,21,329,"RG","SE"
80,6,329,"RG","SE"
11,27,329,"RG","SE"
65,4,329,"RG","SE"
72,9,329,"RG","SE"
61,50,329,"RG","SE"
25,1,329,"RG","SE"
33,12,329,"RG","SE"
20,7,329,"RG","SE"
77,17,330,"RG","SE"
17,5,330,"RG","SE"
33,12,330,"RG","SE"
22,4,330,"RG","SE"
72,9,330,"RG","SE"
15,2,330,"RG","SE"
38,3,330,"RG","SE"
14,30,330,"RG","SE"
86,2,330,"RG","SE"
20,7,330,"RG","SE"
68,5,330,"RG","SE"
54,39,330,"RG","SE"
61,50,330,"RG","SE"
545,1,330,"RG","SE"
547,1,330,"RG","SE"
51,2,330,"RG","SE"
78,21,330,"RG","SE"
25,1,330,"RG","SE"
72,9,330,"RG","SE"
80,6,330,"RG","SE"
32,6,330,"RG","SE"
80,6,330,"RG","SE"
3,5,330,"RG","SE"
21,7,330,"RG","SE"
44,30,330,"RG","SE"
26,59,330,"RG","SE"
64,9,330,"RG","SE"
57,9,330,"RG","SE"
13,1,330,"RG","SE"
481,2,330,"RG","SE"
44,30,330,"RG","SE"
4,5,331,"RG","SE"
20,7,331,"RG","SE"
20,7,331,"RG","SE"
545,1,331,"RG","SE"
33,12,331,"RG","SE"
7,21,331,"RG","SE"
89,1,331,"RG","SE"
44,30,331,"RG","SE"
25,1,331,"RG","SE"
19,5,331,"RG","SE"
80,6,331,"RG","SE"
392,1,331,"RG","SE"
61,50,331,"RG","SE"
42,1,331,"RG","SE"
33,12,331,"RG","SE"
57,9,331,"RG","SE"
16,3,331,"RG","SE"
80,6,331,"RG","SE"
91,5,331,"RG","SE"
51,2,331,"RG","SE"
548,1,331,"RG","SE"
11,27,331,"RG","SE"
91,5,331,"RG","SE"
54,39,331,"RG","SE"
27,2,331,"RG","SE"
64,9,331,"RG","SE"
83,2,331,"RG","SE"
481,2,331,"RG","SE"
535,3,331,"RG","SE"
78,21,331,"RG","SE"
17,5,331,"RG","SE"
33,12,332,"RG","SE"
32,6,332,"RG","SE"
61,50,332,"RG","SE"
91,5,332,"RG","SE"
19,5,332,"RG","SE"
7,21,332,"RG","SE"
85,15,332,"RG","SE"
535,3,332,"RG","SE"
61,50,332,"RG","SE"
13,1,332,"RG","SE"
49,1,332,"RG","SE"
54,39,332,"RG","SE"
80,6,332,"RG","SE"
72,9,332,"RG","SE"
36,3,332,"RG","SE"
11,27,332,"RG","SE"
67,9,332,"RG","SE"
72,9,332,"RG","SE"
57,9,332,"RG","SE"
78,21,332,"RG","SE"
481,2,332,"RG","SE"
17,5,332,"RG","SE"
44,30,332,"RG","SE"
33,12,332,"RG","SE"
11,27,332,"RG","SE"
16,3,332,"RG","SE"
65,4,332,"RG","SE"
22,4,332,"RG","SE"
57,9,332,"RG","SE"
28,50,332,"RG","SE"
83,2,332,"RG","SE"
11,27,333,"RG","SE"
91,5,333,"RG","SE"
7,21,333,"RG","SE"
13,1,333,"RG","SE"
38,3,333,"RG","SE"
21,7,333,"RG","SE"
392,1,333,"RG","SE"
87,1,333,"RG","SE"
61,50,333,"RG","SE"
548,1,333,"RG","SE"
61,50,333,"RG","SE"
27,2,333,"RG","SE"
481,2,333,"RG","SE"
20,7,333,"RG","SE"
91,5,333,"RG","SE"
312,1,333,"RG","SE"
12,11,333,"RG","SE"
17,5,333,"RG","SE"
28,50,333,"RG","SE"
67,9,333,"RG","SE"
72,9,333,"RG","SE"
16,3,333,"RG","SE"
11,27,333,"RG","SE"
65,4,333,"RG","SE"
44,30,333,"RG","SE"
22,4,333,"RG","SE"
7,21,333,"RG","SE"
14,30,333,"RG","SE"
85,15,333,"RG","SE"
418,1,333,"RG","SE"
19,5,333,"RG","SE"
14,30,334,"RG","SE"
87,1,334,"RG","SE"
33,12,334,"RG","SE"
36,3,334,"RG","SE"
16,3,334,"RG","SE"
61,50,334,"RG","SE"
91,5,334,"RG","SE"
54,39,334,"RG","SE"
19,5,334,"RG","SE"
67,9,334,"RG","SE"
22,4,334,"RG","SE"
25,1,334,"RG","SE"
72,9,334,"RG","SE"
10,1,334,"RG","SE"
13,1,334,"RG","SE"
28,50,334,"RG","SE"
77,17,334,"RG","SE"
481,2,334,"RG","SE"
392,1,334,"RG","SE"
65,4,334,"RG","SE"
548,1,334,"RG","SE"
80,6,334,"RG","SE"
78,21,334,"RG","SE"
12,11,334,"RG","SE"
20,7,334,"RG","SE"
78,21,334,"RG","SE"
44,30,334,"RG","SE"
27,2,334,"RG","SE"
33,12,334,"RG","SE"
547,1,334,"RG","SE"
72,9,334,"RG","SE"
14,30,335,"RG","SE"
13,1,335,"RG","SE"
392,1,335,"RG","SE"
72,9,335,"RG","SE"
20,7,335,"RG","SE"
36,3,335,"RG","SE"
33,12,335,"RG","SE"
12,11,335,"RG","SE"
15,2,335,"RG","SE"
87,1,335,"RG","SE"
547,1,335,"RG","SE"
38,3,335,"RG","SE"
83,2,335,"RG","SE"
418,1,335,"RG","SE"
544,1,335,"RG","SE"
7,21,335,"RG","SE"
481,2,335,"RG","SE"
12,11,335,"RG","SE"
65,4,335,"RG","SE"
57,9,335,"RG","SE"
72,9,335,"RG","SE"
57,9,335,"RG","SE"
51,2,335,"RG","SE"
51,2,335,"RG","SE"
77,17,335,"RG","SE"
22,4,335,"RG","SE"
91,5,335,"RG","SE"
68,5,335,"RG","SE"
54,39,335,"RG","SE"
20,7,335,"RG","SE"
76,4,335,"RG","SE"
14,30,336,"RG","SE"
12,11,336,"RG","SE"
61,50,336,"RG","SE"
20,7,336,"RG","SE"
36,3,336,"RG","SE"
3,5,336,"RG","SE"
51,2,336,"RG","SE"
65,4,336,"RG","SE"
57,9,336,"RG","SE"
5,4,336,"RG","SE"
49,1,336,"RG","SE"
91,5,336,"RG","SE"
26,59,336,"RG","SE"
32,6,336,"RG","SE"
26,59,336,"RG","SE"
33,12,336,"RG","SE"
67,9,336,"RG","SE"
54,39,336,"RG","SE"
16,3,336,"RG","SE"
392,1,336,"RG","SE"
77,17,336,"RG","SE"
80,6,336,"RG","SE"
44,30,336,"RG","SE"
13,1,336,"RG","SE"
78,21,336,"RG","SE"
535,3,336,"RG","SE"
91,5,336,"RG","SE"
14,30,336,"RG","SE"
21,7,336,"RG","SE"
20,7,336,"RG","SE"
38,3,336,"RG","SE"
67,9,337,"RG","SE"
78,21,337,"RG","SE"
392,1,337,"RG","SE"
14,30,337,"RG","SE"
26,59,337,"RG","SE"
3,5,337,"RG","SE"
28,50,337,"RG","SE"
33,12,337,"RG","SE"
539,1,337,"RG","SE"
7,21,337,"RG","SE"
544,1,337,"RG","SE"
38,3,337,"RG","SE"
14,30,337,"RG","SE"
57,9,337,"RG","SE"
72,9,337,"RG","SE"
312,1,337,"RG","SE"
11,27,337,"RG","SE"
78,21,337,"RG","SE"
25,1,337,"RG","SE"
33,12,337,"RG","SE"
87,1,337,"RG","SE"
51,2,337,"RG","SE"
12,11,337,"RG","SE"
548,1,337,"RG","SE"
32,6,337,"RG","SE"
15,2,337,"RG","SE"
16,3,337,"RG","SE"
535,3,337,"RG","SE"
19,5,337,"RG","SE"
85,15,337,"RG","SE"
64,9,337,"RG","SE"
36,3,338,"RG","SE"
16,3,338,"RG","SE"
68,5,338,"RG","SE"
83,2,338,"RG","SE"
544,1,338,"RG","SE"
44,30,338,"RG","SE"
51,2,338,"RG","SE"
77,17,338,"RG","SE"
57,9,338,"RG","SE"
4,5,338,"RG","SE"
548,1,338,"RG","SE"
28,50,338,"RG","SE"
33,12,338,"RG","SE"
14,30,338,"RG","SE"
26,59,338,"RG","SE"
20,7,338,"RG","SE"
67,9,338,"RG","SE"
392,1,338,"RG","SE"
91,5,338,"RG","SE"
89,1,338,"RG","SE"
42,1,338,"RG","SE"
545,1,338,"RG","SE"
12,11,338,"RG","SE"
10,1,338,"RG","SE"
25,1,338,"RG","SE"
80,6,338,"RG","SE"
91,5,338,"RG","SE"
65,4,338,"RG","SE"
32,6,338,"RG","SE"
11,27,338,"RG","SE"
57,9,338,"RG","SE"
57,9,339,"RG","SE"
72,9,339,"RG","SE"
12,11,339,"RG","SE"
67,9,339,"RG","SE"
539,1,339,"RG","SE"
418,1,339,"RG","SE"
80,6,339,"RG","SE"
20,7,339,"RG","SE"
7,21,339,"RG","SE"
11,27,339,"RG","SE"
33,12,339,"RG","SE"
91,5,339,"RG","SE"
51,2,339,"RG","SE"
64,9,339,"RG","SE"
86,2,339,"RG","SE"
38,3,339,"RG","SE"
80,6,339,"RG","SE"
83,2,339,"RG","SE"
14,30,339,"RG","SE"
28,50,339,"RG","SE"
26,59,339,"RG","SE"
4,5,339,"RG","SE"
44,30,339,"RG","SE"
54,39,339,"RG","SE"
22,4,339,"RG","SE"
7,21,339,"RG","SE"
78,21,339,"RG","SE"
76,4,339,"RG","SE"
545,1,339,"RG","SE"
17,5,339,"RG","SE"
32,6,339,"RG","SE"
5,4,340,"RG","SE"
11,27,340,"RG","SE"
78,21,340,"RG","SE"
25,1,340,"RG","SE"
72,9,340,"RG","SE"
27,2,340,"RG","SE"
312,1,340,"RG","SE"
67,9,340,"RG","SE"
80,6,340,"RG","SE"
22,4,340,"RG","SE"
89,1,340,"RG","SE"
80,6,340,"RG","SE"
64,9,340,"RG","SE"
20,7,340,"RG","SE"
57,9,340,"RG","SE"
535,3,340,"RG","SE"
10,1,340,"RG","SE"
68,5,340,"RG","SE"
14,30,340,"RG","SE"
42,1,340,"RG","SE"
78,21,340,"RG","SE"
87,1,340,"RG","SE"
13,1,340,"RG","SE"
3,5,340,"RG","SE"
21,7,340,"RG","SE"
51,2,340,"RG","SE"
32,6,340,"RG","SE"
19,5,340,"RG","SE"
61,50,340,"RG","SE"
539,1,340,"RG","SE"
26,59,340,"RG","SE"
83,2,341,"RG","SE"
12,11,341,"RG","SE"
7,21,341,"RG","SE"
20,7,341,"RG","SE"
67,9,341,"RG","SE"
539,1,341,"RG","SE"
72,9,341,"RG","SE"
32,6,341,"RG","SE"
10,1,341,"RG","SE"
25,1,341,"RG","SE"
548,1,341,"RG","SE"
11,27,341,"RG","SE"
27,2,341,"RG","SE"
64,9,341,"RG","SE"
5,4,341,"RG","SE"
54,39,341,"RG","SE"
14,30,341,"RG","SE"
57,9,341,"RG","SE"
42,1,341,"RG","SE"
72,9,341,"RG","SE"
44,30,341,"RG","SE"
21,7,341,"RG","SE"
67,9,341,"RG","SE"
3,5,341,"RG","SE"
15,2,341,"RG","SE"
16,3,341,"RG","SE"
76,4,341,"RG","SE"
4,5,341,"RG","SE"
33,12,341,"RG","SE"
19,5,341,"RG","SE"
61,50,341,"RG","SE"
25,1,342,"RG","SE"
547,1,342,"RG","SE"
68,5,342,"RG","SE"
27,2,342,"RG","SE"
4,5,342,"RG","SE"
61,50,342,"RG","SE"
20,7,342,"RG","SE"
17,5,342,"RG","SE"
312,1,342,"RG","SE"
86,2,342,"RG","SE"
15,2,342,"RG","SE"
61,50,342,"RG","SE"
85,15,342,"RG","SE"
7,21,342,"RG","SE"
72,9,342,"RG","SE"
28,50,342,"RG","SE"
83,2,342,"RG","SE"
42,1,342,"RG","SE"
19,5,342,"RG","SE"
3,5,342,"RG","SE"
57,9,342,"RG","SE"
545,1,342,"RG","SE"
51,2,342,"RG","SE"
535,3,342,"RG","SE"
67,9,342,"RG","SE"
54,39,342,"RG","SE"
65,4,342,"RG","SE"
11,27,342,"RG","SE"
481,2,342,"RG","SE"
28,50,342,"RG","SE"
12,11,342,"RG","SE"
44,30,343,"RG","SE"
5,4,343,"RG","SE"
85,15,343,"RG","SE"
68,5,343,"RG","SE"
67,9,343,"RG","SE"
14,30,343,"RG","SE"
91,5,343,"RG","SE"
13,1,343,"RG","SE"
4,5,343,"RG","SE"
89,1,343,"RG","SE"
51,2,343,"RG","SE"
80,6,343,"RG","SE"
481,2,343,"RG","SE"
392,1,343,"RG","SE"
67,9,343,"RG","SE"
27,2,343,"RG","SE"
7,21,343,"RG","SE"
61,50,343,"RG","SE"
91,5,343,"RG","SE"
16,3,343,"RG","SE"
12,11,343,"RG","SE"
21,7,343,"RG","SE"
54,39,343,"RG","SE"
10,1,343,"RG","SE"
418,1,343,"RG","SE"
87,1,343,"RG","SE"
77,17,343,"RG","SE"
20,7,343,"RG","SE"
26,59,343,"RG","SE"
65,4,343,"RG","SE"
72,9,343,"RG","SE"
28,50,344,"RG","SE"
418,1,344,"RG","SE"
7,21,344,"RG","SE"
4,5,344,"RG","SE"
57,9,344,"RG","SE"
36,3,344,"RG","SE"
548,1,344,"RG","SE"
20,7,344,"RG","SE"
535,3,344,"RG","SE"
16,3,344,"RG","SE"
11,27,344,"RG","SE"
42,1,344,"RG","SE"
61,50,344,"RG","SE"
86,2,344,"RG","SE"
76,4,344,"RG","SE"
78,21,344,"RG","SE"
83,2,344,"RG","SE"
72,9,344,"RG","SE"
78,21,344,"RG","SE"
80,6,344,"RG","SE"
539,1,344,"RG","SE"
544,1,344,"RG","SE"
10,1,344,"RG","SE"
33,12,344,"RG","SE"
38,3,344,"RG","SE"
89,1,344,"RG","SE"
72,9,344,"RG","SE"
49,1,344,"RG","SE"
11,27,344,"RG","SE"
20,7,344,"RG","SE"
5,4,344,"RG","SE"
32,6,345,"RG","SE"
535,3,345,"RG","SE"
539,1,345,"RG","SE"
28,50,345,"RG","SE"
36,3,345,"RG","SE"
25,1,345,"RG","SE"
4,5,345,"RG","SE"
51,2,345,"RG","SE"
77,17,345,"RG","SE"
312,1,345,"RG","SE"
44,30,345,"RG","SE"
72,9,345,"RG","SE"
19,5,345,"RG","SE"
547,1,345,"RG","SE"
67,9,345,"RG","SE"
14,30,345,"RG","SE"
64,9,345,"RG","SE"
7,21,345,"RG","SE"
67,9,345,"RG","SE"
32,6,345,"RG","SE"
10,1,345,"RG","SE"
22,4,345,"RG","SE"
418,1,345,"RG","SE"
72,9,345,"RG","SE"
7,21,345,"RG","SE"
91,5,345,"RG","SE"
16,3,345,"RG","SE"
80,6,345,"RG","SE"
21,7,345,"RG","SE"
54,39,345,"RG","SE"
33,12,345,"RG","SE"
87,1,346,"RG","SE"
28,50,346,"RG","SE"
14,30,346,"RG","SE"
21,7,346,"RG","SE"
4,5,346,"RG","SE"
3,5,346,"RG","SE"
57,9,346,"RG","SE"
77,17,346,"RG","SE"
33,12,346,"RG","SE"
76,4,346,"RG","SE"
14,30,346,"RG","SE"
418,1,346,"RG","SE"
64,9,346,"RG","SE"
7,21,346,"RG","SE"
80,6,346,"RG","SE"
25,1,346,"RG","SE"
20,7,346,"RG","SE"
535,3,346,"RG","SE"
32,6,346,"RG","SE"
33,12,346,"RG","SE"
13,1,346,"RG","SE"
5,4,346,"RG","SE"
545,1,346,"RG","SE"
548,1,346,"RG","SE"
15,2,346,"RG","SE"
11,27,346,"RG","SE"
36,3,346,"RG","SE"
45,1,346,"RG","SE"
68,5,346,"RG","SE"
89,1,346,"RG","SE"
22,4,346,"RG","SE"
68,5,347,"RG","SE"
481,2,347,"RG","SE"
11,27,347,"RG","SE"
21,7,347,"RG","SE"
65,4,347,"RG","SE"
83,2,347,"RG","SE"
13,1,347,"RG","SE"
16,3,347,"RG","SE"
15,2,347,"RG","SE"
32,6,347,"RG","SE"
10,1,347,"RG","SE"
392,1,347,"RG","SE"
5,4,347,"RG","SE"
44,30,347,"RG","SE"
51,2,347,"RG","SE"
545,1,347,"RG","SE"
76,4,347,"RG","SE"
28,50,347,"RG","SE"
14,30,347,"RG","SE"
26,59,347,"RG","SE"
57,9,347,"RG","SE"
61,50,347,"RG","SE"
33,12,347,"RG","SE"
26,59,347,"RG","SE"
36,3,347,"RG","SE"
91,5,347,"RG","SE"
544,1,347,"RG","SE"
548,1,347,"RG","SE"
17,5,347,"RG","SE"
89,1,347,"RG","SE"
12,11,347,"RG","SE"
21,7,348,"RG","SE"
42,1,348,"RG","SE"
481,2,348,"RG","SE"
89,1,348,"RG","SE"
91,5,348,"RG","SE"
83,2,348,"RG","SE"
418,1,348,"RG","SE"
14,30,348,"RG","SE"
19,5,348,"RG","SE"
68,5,348,"RG","SE"
57,9,348,"RG","SE"
51,2,348,"RG","SE"
4,5,348,"RG","SE"
36,3,348,"RG","SE"
539,1,348,"RG","SE"
72,9,348,"RG","SE"
49,1,348,"RG","SE"
72,9,348,"RG","SE"
26,59,348,"RG","SE"
67,9,348,"RG","SE"
548,1,348,"RG","SE"
7,21,348,"RG","SE"
17,5,348,"RG","SE"
545,1,348,"RG","SE"
22,4,348,"RG","SE"
65,4,348,"RG","SE"
547,1,348,"RG","SE"
86,2,348,"RG","SE"
28,50,348,"RG","SE"
87,1,348,"RG","SE"
20,7,348,"RG","SE"
33,12,349,"RG","SE"
418,1,349,"RG","SE"
61,50,349,"RG","SE"
28,50,349,"RG","SE"
65,4,349,"RG","SE"
57,9,349,"RG","SE"
16,3,349,"RG","SE"
539,1,349,"RG","SE"
20,7,349,"RG","SE"
22,4,349,"RG","SE"
3,5,349,"RG","SE"
78,21,349,"RG","SE"
27,2,349,"RG","SE"
10,1,349,"RG","SE"
67,9,349,"RG","SE"
85,15,349,"RG","SE"
4,5,349,"RG","SE"
76,4,349,"RG","SE"
61,50,349,"RG","SE"
25,1,349,"RG","SE"
15,2,349,"RG","SE"
14,30,349,"RG","SE"
19,5,349,"RG","SE"
547,1,349,"RG","SE"
91,5,349,"RG","SE"
544,1,349,"RG","SE"
17,5,349,"RG","SE"
481,2,349,"RG","SE"
77,17,349,"RG","SE"
11,27,349,"RG","SE"
545,1,349,"RG","SE"
68,5,350,"RG","SE"
15,2,350,"RG","SE"
13,1,350,"RG","SE"
77,17,350,"RG","SE"
57,9,350,"RG","SE"
38,3,350,"RG","SE"
7,21,350,"RG","SE"
22,4,350,"RG","SE"
91,5,350,"RG","SE"
12,11,350,"RG","SE"
80,6,350,"RG","SE"
72,9,350,"RG","SE"
535,3,350,"RG","SE"
87,1,350,"RG","SE"
36,3,350,"RG","SE"
86,2,350,"RG","SE"
16,3,350,"RG","SE"
49,1,350,"RG","SE"
418,1,350,"RG","SE"
32,6,350,"RG","SE"
76,4,350,"RG","SE"
61,50,350,"RG","SE"
83,2,350,"RG","SE"
33,12,350,"RG","SE"
89,1,350,"RG","SE"
11,27,350,"RG","SE"
33,12,350,"RG","SE"
45,1,350,"RG","SE"
312,1,350,"RG","SE"
10,1,350,"RG","SE"
14,30,350,"RG","SE"
14,30,351,"RG","SE"
28,50,351,"RG","SE"
51,2,351,"RG","SE"
7,21,351,"RG","SE"
11,27,351,"RG","SE"
78,21,351,"RG","SE"
57,9,351,"RG","SE"
61,50,351,"RG","SE"
80,6,351,"RG","SE"
19,5,351,"RG","SE"
26,59,351,"RG","SE"
61,50,351,"RG","SE"
44,30,351,"RG","SE"
4,5,351,"RG","SE"
65,4,351,"RG","SE"
77,17,351,"RG","SE"
535,3,351,"RG","SE"
45,1,351,"RG","SE"
36,3,351,"RG","SE"
67,9,351,"RG","SE"
26,59,351,"RG","SE"
80,6,351,"RG","SE"
11,27,351,"RG","SE"
67,9,351,"RG","SE"
14,30,351,"RG","SE"
32,6,351,"RG","SE"
544,1,351,"RG","SE"
481,2,351,"RG","SE"
86,2,351,"RG","SE"
51,2,351,"RG","SE"
27,2,351,"RG","SE"
28,50,352,"RG","SE"
15,2,352,"RG","SE"
7,21,352,"RG","SE"
91,5,352,"RG","SE"
44,30,352,"RG","SE"
14,30,352,"RG","SE"
76,4,352,"RG","SE"
44,30,352,"RG","SE"
539,1,352,"RG","SE"
32,6,352,"RG","SE"
21,7,352,"RG","SE"
68,5,352,"RG","SE"
4,5,352,"RG","SE"
17,5,352,"RG","SE"
535,3,352,"RG","SE"
78,21,352,"RG","SE"
72,9,352,"RG","SE"
67,9,352,"RG","SE"
16,3,352,"RG","SE"
28,50,352,"RG","SE"
312,1,352,"RG","SE"
5,4,352,"RG","SE"
11,27,352,"RG","SE"
544,1,352,"RG","SE"
20,7,352,"RG","SE"
3,5,352,"RG","SE"
26,59,352,"RG","SE"
14,30,352,"RG","SE"
11,27,352,"RG","SE"
33,12,352,"RG","SE"
10,1,352,"RG","SE"
21,7,353,"RG","SE"
77,17,353,"RG","SE"
61,50,353,"RG","SE"
12,11,353,"RG","SE"
51,2,353,"RG","SE"
535,3,353,"RG","SE"
392,1,353,"RG","SE"
20,7,353,"RG","SE"
20,7,353,"RG","SE"
22,4,353,"RG","SE"
72,9,353,"RG","SE"
4,5,353,"RG","SE"
11,27,353,"RG","SE"
86,2,353,"RG","SE"
78,21,353,"RG","SE"
17,5,353,"RG","SE"
77,17,353,"RG","SE"
57,9,353,"RG","SE"
44,30,353,"RG","SE"
14,30,353,"RG","SE"
54,39,353,"RG","SE"
80,6,353,"RG","SE"
57,9,353,"RG","SE"
38,3,353,"RG","SE"
87,1,353,"RG","SE"
85,15,353,"RG","SE"
545,1,353,"RG","SE"
89,1,353,"RG","SE"
65,4,353,"RG","SE"
36,3,353,"RG","SE"
83,2,353,"RG","SE"
7,21,354,"RG","SE"
28,50,354,"RG","SE"
67,9,354,"RG","SE"
72,9,354,"RG","SE"
481,2,354,"RG","SE"
21,7,354,"RG","SE"
535,3,354,"RG","SE"
545,1,354,"RG","SE"
33,12,354,"RG","SE"
51,2,354,"RG","SE"
64,9,354,"RG","SE"
89,1,354,"RG","SE"
49,1,354,"RG","SE"
544,1,354,"RG","SE"
36,3,354,"RG","SE"
33,12,354,"RG","SE"
4,5,354,"RG","SE"
418,1,354,"RG","SE"
83,2,354,"RG","SE"
51,2,354,"RG","SE"
32,6,354,"RG","SE"
77,17,354,"RG","SE"
11,27,354,"RG","SE"
72,9,354,"RG","SE"
11,27,354,"RG","SE"
38,3,354,"RG","SE"
45,1,354,"RG","SE"
14,30,354,"RG","SE"
547,1,354,"RG","SE"
91,5,354,"RG","SE"
20,7,354,"RG","SE"
5,4,355,"RG","SE"
68,5,355,"RG","SE"
45,1,355,"RG","SE"
91,5,355,"RG","SE"
418,1,355,"RG","SE"
19,5,355,"RG","SE"
51,2,355,"RG","SE"
86,2,355,"RG","SE"
392,1,355,"RG","SE"
61,50,355,"RG","SE"
539,1,355,"RG","SE"
16,3,355,"RG","SE"
11,27,355,"RG","SE"
547,1,355,"RG","SE"
15,2,355,"RG","SE"
44,30,355,"RG","SE"
544,1,355,"RG","SE"
51,2,355,"RG","SE"
14,30,355,"RG","SE"
20,7,355,"RG","SE"
87,1,355,"RG","SE"
32,6,355,"RG","SE"
535,3,355,"RG","SE"
76,4,355,"RG","SE"
7,21,355,"RG","SE"
26,59,355,"RG","SE"
4,5,355,"RG","SE"
44,30,355,"RG","SE"
10,1,355,"RG","SE"
83,2,355,"RG","SE"
27,2,355,"RG","SE"
87,1,356,"RG","SE"
7,21,356,"RG","SE"
78,21,356,"RG","SE"
10,1,356,"RG","SE"
26,59,356,"RG","SE"
89,1,356,"RG","SE"
45,1,356,"RG","SE"
545,1,356,"RG","SE"
418,1,356,"RG","SE"
33,12,356,"RG","SE"
481,2,356,"RG","SE"
14,30,356,"RG","SE"
3,5,356,"RG","SE"
65,4,356,"RG","SE"
547,1,356,"RG","SE"
36,3,356,"RG","SE"
77,17,356,"RG","SE"
67,9,356,"RG","SE"
80,6,356,"RG","SE"
72,9,356,"RG","SE"
67,9,356,"RG","SE"
44,30,356,"RG","SE"
51,2,356,"RG","SE"
21,7,356,"RG","SE"
25,1,356,"RG","SE"
72,9,356,"RG","SE"
19,5,356,"RG","SE"
38,3,356,"RG","SE"
22,4,356,"RG","SE"
14,30,356,"RG","SE"
61,50,356,"RG","SE"
32,6,357,"RG","SE"
91,5,357,"RG","SE"
68,5,357,"RG","SE"
89,1,357,"RG","SE"
28,50,357,"RG","SE"
33,12,357,"RG","SE"
91,5,357,"RG","SE"
67,9,357,"RG","SE"
57,9,357,"RG","SE"
38,3,357,"RG","SE"
10,1,357,"RG","SE"
7,21,357,"RG","SE"
83,2,357,"RG","SE"
51,2,357,"RG","SE"
51,2,357,"RG","SE"
548,1,357,"RG","SE"
61,50,357,"RG","SE"
78,21,357,"RG","SE"
54,39,357,"RG","SE"
26,59,357,"RG","SE"
21,7,357,"RG","SE"
4,5,357,"RG","SE"
17,5,357,"RG","SE"
12,11,357,"RG","SE"
42,1,357,"RG","SE"
5,4,357,"RG","SE"
77,17,357,"RG","SE"
80,6,357,"RG","SE"
77,17,357,"RG","SE"
72,9,357,"RG","SE"
33,12,357,"RG","SE"
12,11,358,"RG","SE"
45,1,358,"RG","SE"
25,1,358,"RG","SE"
51,2,358,"RG","SE"
72,9,358,"RG","SE"
12,11,358,"RG","SE"
67,9,358,"RG","SE"
547,1,358,"RG","SE"
17,5,358,"RG","SE"
11,27,358,"RG","SE"
32,6,358,"RG","SE"
80,6,358,"RG","SE"
57,9,358,"RG","SE"
87,1,358,"RG","SE"
49,1,358,"RG","SE"
312,1,358,"RG","SE"
65,4,358,"RG","SE"
20,7,358,"RG","SE"
392,1,358,"RG","SE"
86,2,358,"RG","SE"
10,1,358,"RG","SE"
44,30,358,"RG","SE"
33,12,358,"RG","SE"
4,5,358,"RG","SE"
15,2,358,"RG","SE"
22,4,358,"RG","SE"
57,9,358,"RG","SE"
38,3,358,"RG","SE"
77,17,358,"RG","SE"
5,4,358,"RG","SE"
32,6,358,"RG","SE"
392,1,359,"RG","SE"
51,2,359,"RG","SE"
33,12,359,"RG","SE"
87,1,359,"RG","SE"
12,11,359,"RG","SE"
481,2,359,"RG","SE"
61,50,359,"RG","SE"
418,1,359,"RG","SE"
91,5,359,"RG","SE"
17,5,359,"RG","SE"
28,50,359,"RG","SE"
32,6,359,"RG","SE"
57,9,359,"RG","SE"
13,1,359,"RG","SE"
548,1,359,"RG","SE"
20,7,359,"RG","SE"
27,2,359,"RG","SE"
544,1,359,"RG","SE"
15,2,359,"RG","SE"
57,9,359,"RG","SE"
26,59,359,"RG","SE"
77,17,359,"RG","SE"
22,4,359,"RG","SE"
61,50,359,"RG","SE"
14,30,359,"RG","SE"
78,21,359,"RG","SE"
67,9,359,"RG","SE"
14,30,359,"RG","SE"
7,21,359,"RG","SE"
91,5,359,"RG","SE"
80,6,359,"RG","SE"
33,12,360,"RG","SE"
80,6,360,"RG","SE"
545,1,360,"RG","SE"
32,6,360,"RG","SE"
11,27,360,"RG","SE"
65,4,360,"RG","SE"
7,21,360,"RG","SE"
91,5,360,"RG","SE"
78,21,360,"RG","SE"
80,6,360,"RG","SE"
38,3,360,"RG","SE"
42,1,360,"RG","SE"
312,1,360,"RG","SE"
51,2,360,"RG","SE"
25,1,360,"RG","SE"
26,59,360,"RG","SE"
33,12,360,"RG","SE"
14,30,360,"RG","SE"
64,9,360,"RG","SE"
77,17,360,"RG","SE"
78,21,360,"RG","SE"
12,11,360,"RG","SE"
54,39,360,"RG","SE"
17,5,360,"RG","SE"
89,1,360,"RG","SE"
85,15,360,"RG","SE"
45,1,360,"RG","SE"
22,4,360,"RG","SE"
535,3,360,"RG","SE"
548,1,360,"RG","SE"
13,1,360,"RG","SE"
33,12,361,"RG","SE"
481,2,361,"RG","SE"
65,4,361,"RG","SE"
64,9,361,"RG","SE"
26,59,361,"RG","SE"
547,1,361,"RG","SE"
68,5,361,"RG","SE"
13,1,361,"RG","SE"
10,1,361,"RG","SE"
17,5,361,"RG","SE"
89,1,361,"RG","SE"
545,1,361,"RG","SE"
77,17,361,"RG","SE"
28,50,361,"RG","SE"
57,9,361,"RG","SE"
72,9,361,"RG","SE"
85,15,361,"RG","SE"
49,1,361,"RG","SE"
76,4,361,"RG","SE"
86,2,361,"RG","SE"
392,1,361,"RG","SE"
4,5,361,"RG","SE"
7,21,361,"RG","SE"
548,1,361,"RG","SE"
26,59,361,"RG","SE"
51,2,361,"RG","SE"
5,4,361,"RG","SE"
61,50,361,"RG","SE"
15,2,361,"RG","SE"
32,6,361,"RG","SE"
7,21,361,"RG","SE"
87,1,362,"RG","SE"
11,27,362,"RG","SE"
85,15,362,"RG","SE"
65,4,362,"RG","SE"
57,9,362,"RG","SE"
14,30,362,"RG","SE"
51,2,362,"RG","SE"
76,4,362,"RG","SE"
28,50,362,"RG","SE"
15,2,362,"RG","SE"
68,5,362,"RG","SE"
25,1,362,"RG","SE"
20,7,362,"RG","SE"
78,21,362,"RG","SE"
38,3,362,"RG","SE"
481,2,362,"RG","SE"
544,1,362,"RG","SE"
77,17,362,"RG","SE"
36,3,362,"RG","SE"
86,2,362,"RG","SE"
45,1,362,"RG","SE"
548,1,362,"RG","SE"
392,1,362,"RG","SE"
547,1,362,"RG","SE"
22,4,362,"RG","SE"
539,1,362,"RG","SE"
44,30,362,"RG","SE"
77,17,362,"RG","SE"
33,12,362,"RG","SE"
49,1,362,"RG","SE"
91,5,362,"RG","SE"
312,1,363,"RG","SE"
3,5,363,"RG","SE"
33,12,363,"RG","SE"
539,1,363,"RG","SE"
77,17,363,"RG","SE"
28,50,363,"RG","SE"
535,3,363,"RG","SE"
42,1,363,"RG","SE"
26,59,363,"RG","SE"
15,2,363,"RG","SE"
72,9,363,"RG","SE"
547,1,363,"RG","SE"
26,59,363,"RG","SE"
10,1,363,"RG","SE"
78,21,363,"RG","SE"
27,2,363,"RG","SE"
80,6,363,"RG","SE"
21,7,363,"RG","SE"
51,2,363,"RG","SE"
83,2,363,"RG","SE"
13,1,363,"RG","SE"
28,50,363,"RG","SE"
61,50,363,"RG","SE"
89,1,363,"RG","SE"
85,15,363,"RG","SE"
544,1,363,"RG","SE"
17,5,363,"RG","SE"
80,6,363,"RG","SE"
7,21,363,"RG","SE"
76,4,363,"RG","SE"
49,1,363,"RG","SE"
91,5,364,"RG","SE"
32,6,364,"RG","SE"
481,2,364,"RG","SE"
548,1,364,"RG","SE"
19,5,364,"RG","SE"
68,5,364,"RG","SE"
21,7,364,"RG","SE"
83,2,364,"RG","SE"
86,2,364,"RG","SE"
89,1,364,"RG","SE"
42,1,364,"RG","SE"
547,1,364,"RG","SE"
535,3,364,"RG","SE"
15,2,364,"RG","SE"
7,21,364,"RG","SE"
77,17,364,"RG","SE"
11,27,364,"RG","SE"
3,5,364,"RG","SE"
20,7,364,"RG","SE"
64,9,364,"RG","SE"
49,1,364,"RG","SE"
44,30,364,"RG","SE"
14,30,364,"RG","SE"
10,1,364,"RG","SE"
80,6,364,"RG","SE"
51,2,364,"RG","SE"
57,9,364,"RG","SE"
12,11,364,"RG","SE"
67,9,364,"RG","SE"
539,1,364,"RG","SE"
54,39,364,"RG","SE"
547,1,365,"RG","SE"
67,9,365,"RG","SE"
36,3,365,"RG","SE"
83,2,365,"RG","SE"
25,1,365,"RG","SE"
12,11,365,"RG","SE"
7,21,365,"RG","SE"
11,27,365,"RG","SE"
49,1,365,"RG","SE"
61,50,365,"RG","SE"
481,2,365,"RG","SE"
26,59,365,"RG","SE"
545,1,365,"RG","SE"
33,12,365,"RG","SE"
77,17,365,"RG","SE"
19,5,365,"RG","SE"
12,11,365,"RG","SE"
27,2,365,"RG","SE"
20,7,365,"RG","SE"
14,30,365,"RG","SE"
535,3,365,"RG","SE"
20,7,365,"RG","SE"
54,39,365,"RG","SE"
21,7,365,"RG","SE"
78,21,365,"RG","SE"
392,1,365,"RG","SE"
28,50,365,"RG","SE"
80,6,365,"RG","SE"
13,1,365,"RG","SE"
539,1,365,"RG","SE"
87,1,365,"RG","SE"
21,7,366,"RG","SE"
45,1,366,"RG","SE"
26,59,366,"RG","SE"
20,7,366,"RG","SE"
49,1,366,"RG","SE"
25,1,366,"RG","SE"
61,50,366,"RG","SE"
7,21,366,"RG","SE"
12,11,366,"RG","SE"
7,21,366,"RG","SE"
65,4,366,"RG","SE"
76,4,366,"RG","SE"
54,39,366,"RG","SE"
13,1,366,"RG","SE"
17,5,366,"RG","SE"
32,6,366,"RG","SE"
27,2,366,"RG","SE"
33,12,366,"RG","SE"
44,30,366,"RG","SE"
14,30,366,"RG","SE"
68,5,366,"RG","SE"
85,15,366,"RG","SE"
10,1,366,"RG","SE"
67,9,366,"RG","SE"
12,11,366,"RG","SE"
77,17,366,"RG","SE"
392,1,366,"RG","SE"
72,9,366,"RG","SE"
22,4,366,"RG","SE"
87,1,366,"RG","SE"
86,2,366,"RG","SE"
54,39,367,"RG","SE"
26,59,367,"RG","SE"
15,2,367,"RG","SE"
91,5,367,"RG","SE"
78,21,367,"RG","SE"
4,5,367,"RG","SE"
38,3,367,"RG","SE"
392,1,367,"RG","SE"
10,1,367,"RG","SE"
45,1,367,"RG","SE"
33,12,367,"RG","SE"
51,2,367,"RG","SE"
83,2,367,"RG","SE"
13,1,367,"RG","SE"
17,5,367,"RG","SE"
72,9,367,"RG","SE"
57,9,367,"RG","SE"
78,21,367,"RG","SE"
72,9,367,"RG","SE"
11,27,367,"RG","SE"
312,1,367,"RG","SE"
77,17,367,"RG","SE"
20,7,367,"RG","SE"
28,50,367,"RG","SE"
65,4,367,"RG","SE"
57,9,367,"RG","SE"
61,50,367,"RG","SE"
12,11,367,"RG","SE"
28,50,367,"RG","SE"
547,1,367,"RG","SE"
22,4,367,"RG","SE"
86,2,368,"RG","SE"
72,9,368,"RG","SE"
91,5,368,"RG","SE"
32,6,368,"RG","SE"
42,1,368,"RG","SE"
87,1,368,"RG","SE"
44,30,368,"RG","SE"
67,9,368,"RG","SE"
12,11,368,"RG","SE"
26,59,368,"RG","SE"
13,1,368,"RG","SE"
61,50,368,"RG","SE"
45,1,368,"RG","SE"
33,12,368,"RG","SE"
26,59,368,"RG","SE"
44,30,368,"RG","SE"
57,9,368,"RG","SE"
19,5,368,"RG","SE"
28,50,368,"RG","SE"
312,1,368,"RG","SE"
76,4,368,"RG","SE"
27,2,368,"RG","SE"
80,6,368,"RG","SE"
392,1,368,"RG","SE"
3,5,368,"RG","SE"
16,3,368,"RG","SE"
68,5,368,"RG","SE"
89,1,368,"RG","SE"
21,7,368,"RG","SE"
80,6,368,"RG","SE"
78,21,368,"RG","SE"
33,12,369,"RG","SE"
49,1,369,"RG","SE"
481,2,369,"RG","SE"
27,2,369,"RG","SE"
28,50,369,"RG","SE"
38,3,369,"RG","SE"
65,4,369,"RG","SE"
26,59,369,"RG","SE"
36,3,369,"RG","SE"
57,9,369,"RG","SE"
61,50,369,"RG","SE"
80,6,369,"RG","SE"
17,5,369,"RG","SE"
547,1,369,"RG","SE"
20,7,369,"RG","SE"
68,5,369,"RG","SE"
76,4,369,"RG","SE"
20,7,369,"RG","SE"
7,21,369,"RG","SE"
77,17,369,"RG","SE"
392,1,369,"RG","SE"
44,30,369,"RG","SE"
86,2,369,"RG","SE"
83,2,369,"RG","SE"
5,4,369,"RG","SE"
89,1,369,"RG","SE"
25,1,369,"RG","SE"
72,9,369,"RG","SE"
544,1,369,"RG","SE"
12,11,369,"RG","SE"
14,30,369,"RG","SE"
72,9,370,"RG","SE"
83,2,370,"RG","SE"
19,5,370,"RG","SE"
85,15,370,"RG","SE"
25,1,370,"RG","SE"
64,9,370,"RG","SE"
547,1,370,"RG","SE"
49,1,370,"RG","SE"
14,30,370,"RG","SE"
26,59,370,"RG","SE"
539,1,370,"RG","SE"
7,21,370,"RG","SE"
72,9,370,"RG","SE"
65,4,370,"RG","SE"
5,4,370,"RG","SE"
32,6,370,"RG","SE"
33,12,370,"RG","SE"
91,5,370,"RG","SE"
61,50,370,"RG","SE"
44,30,370,"RG","SE"
89,1,370,"RG","SE"
33,12,370,"RG","SE"
14,30,370,"RG","SE"
77,17,370,"RG","SE"
3,5,370,"RG","SE"
481,2,370,"RG","SE"
27,2,370,"RG","SE"
418,1,370,"RG","SE"
28,50,370,"RG","SE"
13,1,370,"RG","SE"
12,11,370,"RG","SE"
54,39,371,"RG","SE"
78,21,371,"RG","SE"
26,59,371,"RG","SE"
76,4,371,"RG","SE"
77,17,371,"RG","SE"
14,30,371,"RG","SE"
17,5,371,"RG","SE"
13,1,371,"RG","SE"
86,2,371,"RG","SE"
89,1,371,"RG","SE"
21,7,371,"RG","SE"
61,50,371,"RG","SE"
67,9,371,"RG","SE"
91,5,371,"RG","SE"
539,1,371,"RG","SE"
10,1,371,"RG","SE"
7,21,371,"RG","SE"
78,21,371,"RG","SE"
72,9,371,"RG","SE"
80,6,371,"RG","SE"
16,3,371,"RG","SE"
7,21,371,"RG","SE"
32,6,371,"RG","SE"
80,6,371,"RG","SE"
45,1,371,"RG","SE"
12,11,371,"RG","SE"
42,1,371,"RG","SE"
57,9,371,"RG","SE"
418,1,371,"RG","SE"
22,4,371,"RG","SE"
57,9,371,"RG","SE"
15,2,372,"RG","SE"
544,1,372,"RG","SE"
21,7,372,"RG","SE"
65,4,372,"RG","SE"
72,9,372,"RG","SE"
481,2,372,"RG","SE"
77,17,372,"RG","SE"
89,1,372,"RG","SE"
26,59,372,"RG","SE"
11,27,372,"RG","SE"
68,5,372,"RG","SE"
312,1,372,"RG","SE"
54,39,372,"RG","SE"
19,5,372,"RG","SE"
91,5,372,"RG","SE"
20,7,372,"RG","SE"
44,30,372,"RG","SE"
7,21,372,"RG","SE"
76,4,372,"RG","SE"
67,9,372,"RG","SE"
51,2,372,"RG","SE"
27,2,372,"RG","SE"
85,15,372,"RG","SE"
91,5,372,"RG","SE"
57,9,372,"RG","SE"
86,2,372,"RG","SE"
87,1,372,"RG","SE"
12,11,372,"RG","SE"
13,1,372,"RG","SE"
7,21,372,"RG","SE"
12,11,372,"RG","SE"
19,5,373,"RG","SE"
12,11,373,"RG","SE"
87,1,373,"RG","SE"
3,5,373,"RG","SE"
312,1,373,"RG","SE"
535,3,373,"RG","SE"
67,9,373,"RG","SE"
7,21,373,"RG","SE"
33,12,373,"RG","SE"
57,9,373,"RG","SE"
54,39,373,"RG","SE"
28,50,373,"RG","SE"
14,30,373,"RG","SE"
26,59,373,"RG","SE"
20,7,373,"RG","SE"
11,27,373,"RG","SE"
7,21,373,"RG","SE"
17,5,373,"RG","SE"
36,3,373,"RG","SE"
42,1,373,"RG","SE"
26,59,373,"RG","SE"
548,1,373,"RG","SE"
20,7,373,"RG","SE"
38,3,373,"RG","SE"
22,4,373,"RG","SE"
21,7,373,"RG","SE"
72,9,373,"RG","SE"
67,9,373,"RG","SE"
28,50,373,"RG","SE"
392,1,373,"RG","SE"
78,21,373,"RG","SE"
22,4,374,"RG","SE"
481,2,374,"RG","SE"
57,9,374,"RG","SE"
535,3,374,"RG","SE"
38,3,374,"RG","SE"
20,7,374,"RG","SE"
64,9,374,"RG","SE"
26,59,374,"RG","SE"
392,1,374,"RG","SE"
44,30,374,"RG","SE"
36,3,374,"RG","SE"
57,9,374,"RG","SE"
25,1,374,"RG","SE"
51,2,374,"RG","SE"
14,30,374,"RG","SE"
312,1,374,"RG","SE"
10,1,374,"RG","SE"
32,6,374,"RG","SE"
15,2,374,"RG","SE"
28,50,374,"RG","SE"
12,11,374,"RG","SE"
76,4,374,"RG","SE"
13,1,374,"RG","SE"
7,21,374,"RG","SE"
14,30,374,"RG","SE"
44,30,374,"RG","SE"
4,5,374,"RG","SE"
61,50,374,"RG","SE"
545,1,374,"RG","SE"
7,21,374,"RG","SE"
19,5,374,"RG","SE"
15,2,375,"RG","SE"
535,3,375,"RG","SE"
26,59,375,"RG","SE"
14,30,375,"RG","SE"
312,1,375,"RG","SE"
33,12,375,"RG","SE"
32,6,375,"RG","SE"
32,6,375,"RG","SE"
57,9,375,"RG","SE"
418,1,375,"RG","SE"
539,1,375,"RG","SE"
61,50,375,"RG","SE"
89,1,375,"RG","SE"
91,5,375,"RG","SE"
87,1,375,"RG","SE"
91,5,375,"RG","SE"
392,1,375,"RG","SE"
17,5,375,"RG","SE"
14,30,375,"RG","SE"
544,1,375,"RG","SE"
49,1,375,"RG","SE"
481,2,375,"RG","SE"
51,2,375,"RG","SE"
12,11,375,"RG","SE"
28,50,375,"RG","SE"
86,2,375,"RG","SE"
77,17,375,"RG","SE"
54,39,375,"RG","SE"
76,4,375,"RG","SE"
72,9,375,"RG","SE"
44,30,375,"RG","SE"
392,1,376,"RG","SE"
89,1,376,"RG","SE"
36,3,376,"RG","SE"
64,9,376,"RG","SE"
45,1,376,"RG","SE"
19,5,376,"RG","SE"
78,21,376,"RG","SE"
51,2,376,"RG","SE"
57,9,376,"RG","SE"
57,9,376,"RG","SE"
4,5,376,"RG","SE"
26,59,376,"RG","SE"
67,9,376,"RG","SE"
312,1,376,"RG","SE"
77,17,376,"RG","SE"
28,50,376,"RG","SE"
481,2,376,"RG","SE"
20,7,376,"RG","SE"
11,27,376,"RG","SE"
20,7,376,"RG","SE"
83,2,376,"RG","SE"
32,6,376,"RG","SE"
22,4,376,"RG","SE"
16,3,376,"RG","SE"
539,1,376,"RG","SE"
3,5,376,"RG","SE"
32,6,376,"RG","SE"
548,1,376,"RG","SE"
49,1,376,"RG","SE"
85,15,376,"RG","SE"
54,39,376,"RG","SE"
51,2,377,"RG","SE"
32,6,377,"RG","SE"
11,27,377,"RG","SE"
44,30,377,"RG","SE"
7,21,377,"RG","SE"
12,11,377,"RG","SE"
91,5,377,"RG","SE"
15,2,377,"RG","SE"
86,2,377,"RG","SE"
72,9,377,"RG","SE"
65,4,377,"RG","SE"
547,1,377,"RG","SE"
28,50,377,"RG","SE"
83,2,377,"RG","SE"
418,1,377,"RG","SE"
28,50,377,"RG","SE"
33,12,377,"RG","SE"
91,5,377,"RG","SE"
57,9,377,"RG","SE"
51,2,377,"RG","SE"
80,6,377,"RG","SE"
26,59,377,"RG","SE"
3,5,377,"RG","SE"
26,59,377,"RG","SE"
21,7,377,"RG","SE"
67,9,377,"RG","SE"
7,21,377,"RG","SE"
57,9,377,"RG","SE"
89,1,377,"RG","SE"
42,1,377,"RG","SE"
4,5,377,"RG","SE"
17,5,378,"RG","SE"
83,2,378,"RG","SE"
28,50,378,"RG","SE"
28,50,378,"RG","SE"
13,1,378,"RG","SE"
10,1,378,"RG","SE"
67,9,378,"RG","SE"
12,11,378,"RG","SE"
26,59,378,"RG","SE"
87,1,378,"RG","SE"
21,7,378,"RG","SE"
91,5,378,"RG","SE"
80,6,378,"RG","SE"
36,3,378,"RG","SE"
4,5,378,"RG","SE"
76,4,378,"RG","SE"
5,4,378,"RG","SE"
64,9,378,"RG","SE"
45,1,378,"RG","SE"
51,2,378,"RG","SE"
14,30,378,"RG","SE"
11,27,378,"RG","SE"
33,12,378,"RG","SE"
77,17,378,"RG","SE"
61,50,378,"RG","SE"
19,5,378,"RG","SE"
61,50,378,"RG","SE"
38,3,378,"RG","SE"
14,30,378,"RG","SE"
12,11,378,"RG","SE"
44,30,378,"RG","SE"
49,1,379,"RG","SE"
11,27,379,"RG","SE"
45,1,379,"RG","SE"
545,1,379,"RG","SE"
22,4,379,"RG","SE"
27,2,379,"RG","SE"
26,59,379,"RG","SE"
20,7,379,"RG","SE"
28,50,379,"RG","SE"
86,2,379,"RG","SE"
7,21,379,"RG","SE"
17,5,379,"RG","SE"
85,15,379,"RG","SE"
481,2,379,"RG","SE"
91,5,379,"RG","SE"
65,4,379,"RG","SE"
77,17,379,"RG","SE"
61,50,379,"RG","SE"
548,1,379,"RG","SE"
544,1,379,"RG","SE"
72,9,379,"RG","SE"
32,6,379,"RG","SE"
19,5,379,"RG","SE"
32,6,379,"RG","SE"
91,5,379,"RG","SE"
38,3,379,"RG","SE"
12,11,379,"RG","SE"
57,9,379,"RG","SE"
14,30,379,"RG","SE"
10,1,379,"RG","SE"
11,27,379,"RG","SE"
11,27,380,"RG","SE"
535,3,380,"RG","SE"
15,2,380,"RG","SE"
76,4,380,"RG","SE"
38,3,380,"RG","SE"
36,3,380,"RG","SE"
44,30,380,"RG","SE"
57,9,380,"RG","SE"
64,9,380,"RG","SE"
28,50,380,"RG","SE"
91,5,380,"RG","SE"
77,17,380,"RG","SE"
42,1,380,"RG","SE"
545,1,380,"RG","SE"
5,4,380,"RG","SE"
83,2,380,"RG","SE"
68,5,380,"RG","SE"
539,1,380,"RG","SE"
21,7,380,"RG","SE"
65,4,380,"RG","SE"
12,11,380,"RG","SE"
312,1,380,"RG","SE"
11,27,380,"RG","SE"
20,7,380,"RG","SE"
27,2,380,"RG","SE"
12,11,380,"RG","SE"
45,1,380,"RG","SE"
14,30,380,"RG","SE"
392,1,380,"RG","SE"
17,5,380,"RG","SE"
13,1,380,"RG","SE"
65,4,381,"RG","SE"
312,1,381,"RG","SE"
4,5,381,"RG","SE"
42,1,381,"RG","SE"
67,9,381,"RG","SE"
544,1,381,"RG","SE"
44,30,381,"RG","SE"
51,2,381,"RG","SE"
481,2,381,"RG","SE"
68,5,381,"RG","SE"
28,50,381,"RG","SE"
535,3,381,"RG","SE"
7,21,381,"RG","SE"
15,2,381,"RG","SE"
5,4,381,"RG","SE"
33,12,381,"RG","SE"
33,12,381,"RG","SE"
11,27,381,"RG","SE"
547,1,381,"RG","SE"
87,1,381,"RG","SE"
45,1,381,"RG","SE"
14,30,381,"RG","SE"
26,59,381,"RG","SE"
12,11,381,"RG","SE"
21,7,381,"RG","SE"
44,30,381,"RG","SE"
78,21,381,"RG","SE"
12,11,381,"RG","SE"
89,1,381,"RG","SE"
28,50,381,"RG","SE"
67,9,381,"RG","SE"
44,30,382,"RG","SE"
14,30,382,"RG","SE"
44,30,382,"RG","SE"
7,21,382,"RG","SE"
68,5,382,"RG","SE"
49,1,382,"RG","SE"
38,3,382,"RG","SE"
392,1,382,"RG","SE"
86,2,382,"RG","SE"
15,2,382,"RG","SE"
65,4,382,"RG","SE"
3,5,382,"RG","SE"
481,2,382,"RG","SE"
548,1,382,"RG","SE"
7,21,382,"RG","SE"
11,27,382,"RG","SE"
14,30,382,"RG","SE"
544,1,382,"RG","SE"
12,11,382,"RG","SE"
32,6,382,"RG","SE"
21,7,382,"RG","SE"
22,4,382,"RG","SE"
77,17,382,"RG","SE"
72,9,382,"RG","SE"
64,9,382,"RG","SE"
67,9,382,"RG","SE"
312,1,382,"RG","SE"
77,17,382,"RG","SE"
17,5,382,"RG","SE"
26,59,382,"RG","SE"
4,5,382,"RG","SE"
61,50,383,"RG","SE"
12,11,383,"RG","SE"
14,30,383,"RG","SE"
5,4,383,"RG","SE"
77,17,383,"RG","SE"
67,9,383,"RG","SE"
51,2,383,"RG","SE"
19,5,383,"RG","SE"
65,4,383,"RG","SE"
16,3,383,"RG","SE"
7,21,383,"RG","SE"
28,50,383,"RG","SE"
22,4,383,"RG","SE"
32,6,383,"RG","SE"
76,4,383,"RG","SE"
545,1,383,"RG","SE"
20,7,383,"RG","SE"
67,9,383,"RG","SE"
25,1,383,"RG","SE"
28,50,383,"RG","SE"
4,5,383,"RG","SE"
57,9,383,"RG","SE"
312,1,383,"RG","SE"
11,27,383,"RG","SE"
77,17,383,"RG","SE"
548,1,383,"RG","SE"
54,39,383,"RG","SE"
15,2,383,"RG","SE"
57,9,383,"RG","SE"
26,59,383,"RG","SE"
17,5,383,"RG","SE"
11,27,384,"RG","SE"
65,4,384,"RG","SE"
77,17,384,"RG","SE"
89,1,384,"RG","SE"
12,11,384,"RG","SE"
545,1,384,"RG","SE"
548,1,384,"RG","SE"
36,3,384,"RG","SE"
83,2,384,"RG","SE"
87,1,384,"RG","SE"
22,4,384,"RG","SE"
26,59,384,"RG","SE"
312,1,384,"RG","SE"
12,11,384,"RG","SE"
57,9,384,"RG","SE"
14,30,384,"RG","SE"
32,6,384,"RG","SE"
72,9,384,"RG","SE"
7,21,384,"RG","SE"
26,59,384,"RG","SE"
13,1,384,"RG","SE"
85,15,384,"RG","SE"
535,3,384,"RG","SE"
51,2,384,"RG","SE"
33,12,384,"RG","SE"
68,5,384,"RG","SE"
80,6,384,"RG","SE"
10,1,384,"RG","SE"
28,50,384,"RG","SE"
61,50,384,"RG","SE"
67,9,384,"RG","SE"
38,3,385,"RG","SE"
54,39,385,"RG","SE"
26,59,385,"RG","SE"
80,6,385,"RG","SE"
68,5,385,"RG","SE"
17,5,385,"RG","SE"
76,4,385,"RG","SE"
12,11,385,"RG","SE"
14,30,385,"RG","SE"
44,30,385,"RG","SE"
26,59,385,"RG","SE"
91,5,385,"RG","SE"
33,12,385,"RG","SE"
67,9,385,"RG","SE"
28,50,385,"RG","SE"
42,1,385,"RG","SE"
78,21,385,"RG","SE"
45,1,385,"RG","SE"
28,50,385,"RG","SE"
481,2,385,"RG","SE"
15,2,385,"RG","SE"
22,4,385,"RG","SE"
418,1,385,"RG","SE"
85,15,385,"RG","SE"
544,1,385,"RG","SE"
51,2,385,"RG","SE"
548,1,385,"RG","SE"
12,11,385,"RG","SE"
535,3,385,"RG","SE"
16,3,385,"RG","SE"
25,1,385,"RG","SE"
78,21,386,"RG","SE"
33,12,386,"RG","SE"
76,4,386,"RG","SE"
4,5,386,"RG","SE"
51,2,386,"RG","SE"
7,21,386,"RG","SE"
392,1,386,"RG","SE"
78,21,386,"RG","SE"
3,5,386,"RG","SE"
42,1,386,"RG","SE"
11,27,386,"RG","SE"
67,9,386,"RG","SE"
25,1,386,"RG","SE"
22,4,386,"RG","SE"
418,1,386,"RG","SE"
28,50,386,"RG","SE"
14,30,386,"RG","SE"
17,5,386,"RG","SE"
36,3,386,"RG","SE"
61,50,386,"RG","SE"
44,30,386,"RG","SE"
91,5,386,"RG","SE"
21,7,386,"RG","SE"
49,1,386,"RG","SE"
20,7,386,"RG","SE"
481,2,386,"RG","SE"
5,4,386,"RG","SE"
11,27,386,"RG","SE"
86,2,386,"RG","SE"
45,1,386,"RG","SE"
72,9,386,"RG","SE"
91,5,387,"RG","SE"
89,1,387,"RG","SE"
33,12,387,"RG","SE"
72,9,387,"RG","SE"
15,2,387,"RG","SE"
80,6,387,"RG","SE"
27,2,387,"RG","SE"
77,17,387,"RG","SE"
26,59,387,"RG","SE"
12,11,387,"RG","SE"
57,9,387,"RG","SE"
539,1,387,"RG","SE"
67,9,387,"RG","SE"
85,15,387,"RG","SE"
544,1,387,"RG","SE"
11,27,387,"RG","SE"
20,7,387,"RG","SE"
86,2,387,"RG","SE"
38,3,387,"RG","SE"
36,3,387,"RG","SE"
13,1,387,"RG","SE"
44,30,387,"RG","SE"
68,5,387,"RG","SE"
91,5,387,"RG","SE"
12,11,387,"RG","SE"
10,1,387,"RG","SE"
32,6,387,"RG","SE"
16,3,387,"RG","SE"
44,30,387,"RG","SE"
78,21,387,"RG","SE"
67,9,387,"RG","SE"
85,15,388,"RG","SE"
32,6,388,"RG","SE"
51,2,388,"RG","SE"
19,5,388,"RG","SE"
535,3,388,"RG","SE"
77,17,388,"RG","SE"
13,1,388,"RG","SE"
22,4,388,"RG","SE"
539,1,388,"RG","SE"
418,1,388,"RG","SE"
65,4,388,"RG","SE"
61,50,388,"RG","SE"
33,12,388,"RG","SE"
545,1,388,"RG","SE"
38,3,388,"RG","SE"
16,3,388,"RG","SE"
77,17,388,"RG","SE"
76,4,388,"RG","SE"
21,7,388,"RG","SE"
10,1,388,"RG","SE"
54,39,388,"RG","SE"
3,5,388,"RG","SE"
28,50,388,"RG","SE"
68,5,388,"RG","SE"
57,9,388,"RG","SE"
91,5,388,"RG","SE"
14,30,388,"RG","SE"
12,11,388,"RG","SE"
87,1,388,"RG","SE"
4,5,388,"RG","SE"
20,7,388,"RG","SE"
418,1,389,"RG","SE"
15,2,389,"RG","SE"
14,30,389,"RG","SE"
91,5,389,"RG","SE"
544,1,389,"RG","SE"
17,5,389,"RG","SE"
26,59,389,"RG","SE"
33,12,389,"RG","SE"
20,7,389,"RG","SE"
28,50,389,"RG","SE"
78,21,389,"RG","SE"
21,7,389,"RG","SE"
33,12,389,"RG","SE"
392,1,389,"RG","SE"
535,3,389,"RG","SE"
85,15,389,"RG","SE"
44,30,389,"RG","SE"
78,21,389,"RG","SE"
20,7,389,"RG","SE"
80,6,389,"RG","SE"
91,5,389,"RG","SE"
54,39,389,"RG","SE"
3,5,389,"RG","SE"
32,6,389,"RG","SE"
64,9,389,"RG","SE"
539,1,389,"RG","SE"
51,2,389,"RG","SE"
22,4,389,"RG","SE"
11,27,389,"RG","SE"
4,5,389,"RG","SE"
57,9,389,"RG","SE"
38,3,390,"RG","SE"
4,5,390,"RG","SE"
26,59,390,"RG","SE"
57,9,390,"RG","SE"
72,9,390,"RG","SE"
392,1,390,"RG","SE"
36,3,390,"RG","SE"
11,27,390,"RG","SE"
548,1,390,"RG","SE"
51,2,390,"RG","SE"
7,21,390,"RG","SE"
77,17,390,"RG","SE"
89,1,390,"RG","SE"
5,4,390,"RG","SE"
91,5,390,"RG","SE"
61,50,390,"RG","SE"
44,30,390,"RG","SE"
26,59,390,"RG","SE"
13,1,390,"RG","SE"
45,1,390,"RG","SE"
42,1,390,"RG","SE"
33,12,390,"RG","SE"
3,5,390,"RG","SE"
57,9,390,"RG","SE"
539,1,390,"RG","SE"
544,1,390,"RG","SE"
418,1,390,"RG","SE"
16,3,390,"RG","SE"
83,2,390,"RG","SE"
77,17,390,"RG","SE"
61,50,390,"RG","SE"
67,9,391,"RG","SE"
22,4,391,"RG","SE"
33,12,391,"RG","SE"
21,7,391,"RG","SE"
72,9,391,"RG","SE"
545,1,391,"RG","SE"
54,39,391,"RG","SE"
44,30,391,"RG","SE"
87,1,391,"RG","SE"
76,4,391,"RG","SE"
27,2,391,"RG","SE"
36,3,391,"RG","SE"
28,50,391,"RG","SE"
312,1,391,"RG","SE"
5,4,391,"RG","SE"
51,2,391,"RG","SE"
7,21,391,"RG","SE"
91,5,391,"RG","SE"
89,1,391,"RG","SE"
42,1,391,"RG","SE"
83,2,391,"RG","SE"
85,15,391,"RG","SE"
19,5,391,"RG","SE"
481,2,391,"RG","SE"
77,17,391,"RG","SE"
80,6,391,"RG","SE"
11,27,391,"RG","SE"
49,1,391,"RG","SE"
14,30,391,"RG","SE"
38,3,391,"RG","SE"
12,11,391,"RG","SE"
72,9,392,"RG","SE"
32,6,392,"RG","SE"
89,1,392,"RG","SE"
545,1,392,"RG","SE"
16,3,392,"RG","SE"
80,6,392,"RG","SE"
68,5,392,"RG","SE"
21,7,392,"RG","SE"
547,1,392,"RG","SE"
51,2,392,"RG","SE"
45,1,392,"RG","SE"
36,3,392,"RG","SE"
535,3,392,"RG","SE"
312,1,392,"RG","SE"
4,5,392,"RG","SE"
61,50,392,"RG","SE"
12,11,392,"RG","SE"
15,2,392,"RG","SE"
418,1,392,"RG","SE"
7,21,392,"RG","SE"
86,2,392,"RG","SE"
54,39,392,"RG","SE"
26,59,392,"RG","SE"
13,1,392,"RG","SE"
83,2,392,"RG","SE"
38,3,392,"RG","SE"
28,50,392,"RG","SE"
22,4,392,"RG","SE"
17,5,392,"RG","SE"
49,1,392,"RG","SE"
44,30,392,"RG","SE"
32,6,393,"RG","SE"
14,30,393,"RG","SE"
42,1,393,"RG","SE"
80,6,393,"RG","SE"
80,6,393,"RG","SE"
86,2,393,"RG","SE"
27,2,393,"RG","SE"
83,2,393,"RG","SE"
481,2,393,"RG","SE"
33,12,393,"RG","SE"
78,21,393,"RG","SE"
65,4,393,"RG","SE"
392,1,393,"RG","SE"
11,27,393,"RG","SE"
72,9,393,"RG","SE"
4,5,393,"RG","SE"
85,15,393,"RG","SE"
312,1,393,"RG","SE"
17,5,393,"RG","SE"
535,3,393,"RG","SE"
38,3,393,"RG","SE"
15,2,393,"RG","SE"
3,5,393,"RG","SE"
7,21,393,"RG","SE"
14,30,393,"RG","SE"
16,3,393,"RG","SE"
91,5,393,"RG","SE"
76,4,393,"RG","SE"
36,3,393,"RG","SE"
57,9,393,"RG","SE"
91,5,393,"RG","SE"
87,1,394,"RG","SE"
14,30,394,"RG","SE"
5,4,394,"RG","SE"
54,39,394,"RG","SE"
26,59,394,"RG","SE"
80,6,394,"RG","SE"
76,4,394,"RG","SE"
11,27,394,"RG","SE"
12,11,394,"RG","SE"
67,9,394,"RG","SE"
392,1,394,"RG","SE"
535,3,394,"RG","SE"
10,1,394,"RG","SE"
547,1,394,"RG","SE"
7,21,394,"RG","SE"
78,21,394,"RG","SE"
545,1,394,"RG","SE"
32,6,394,"RG","SE"
28,50,394,"RG","SE"
91,5,394,"RG","SE"
57,9,394,"RG","SE"
61,50,394,"RG","SE"
22,4,394,"RG","SE"
418,1,394,"RG","SE"
33,12,394,"RG","SE"
64,9,394,"RG","SE"
20,7,394,"RG","SE"
20,7,394,"RG","SE"
44,30,394,"RG","SE"
15,2,394,"RG","SE"
3,5,394,"RG","SE"
11,27,395,"RG","SE"
77,17,395,"RG","SE"
547,1,395,"RG","SE"
80,6,395,"RG","SE"
38,3,395,"RG","SE"
7,21,395,"RG","SE"
16,3,395,"RG","SE"
72,9,395,"RG","SE"
19,5,395,"RG","SE"
32,6,395,"RG","SE"
26,59,395,"RG","SE"
21,7,395,"RG","SE"
33,12,395,"RG","SE"
544,1,395,"RG","SE"
312,1,395,"RG","SE"
22,4,395,"RG","SE"
72,9,395,"RG","SE"
10,1,395,"RG","SE"
61,50,395,"RG","SE"
12,11,395,"RG","SE"
77,17,395,"RG","SE"
28,50,395,"RG","SE"
20,7,395,"RG","SE"
57,9,395,"RG","SE"
20,7,395,"RG","SE"
545,1,395,"RG","SE"
3,5,395,"RG","SE"
17,5,395,"RG","SE"
78,21,395,"RG","SE"
418,1,395,"RG","SE"
44,30,395,"RG","SE"
78,21,396,"RG","SE"
42,1,396,"RG","SE"
54,39,396,"RG","SE"
22,4,396,"RG","SE"
77,17,396,"RG","SE"
83,2,396,"RG","SE"
26,59,396,"RG","SE"
32,6,396,"RG","SE"
481,2,396,"RG","SE"
26,59,396,"RG","SE"
418,1,396,"RG","SE"
51,2,396,"RG","SE"
77,17,396,"RG","SE"
49,1,396,"RG","SE"
15,2,396,"RG","SE"
25,1,396,"RG","SE"
548,1,396,"RG","SE"
64,9,396,"RG","SE"
67,9,396,"RG","SE"
89,1,396,"RG","SE"
45,1,396,"RG","SE"
33,12,396,"RG","SE"
5,4,396,"RG","SE"
27,2,396,"RG","SE"
33,12,396,"RG","SE"
3,5,396,"RG","SE"
80,6,396,"RG","SE"
32,6,396,"RG","SE"
78,21,396,"RG","SE"
544,1,396,"RG","SE"
86,2,396,"RG","SE"
20,7,397,"RG","SE"
65,4,397,"RG","SE"
49,1,397,"RG","SE"
77,17,397,"RG","SE"
14,30,397,"RG","SE"
545,1,397,"RG","SE"
26,59,397,"RG","SE"
87,1,397,"RG","SE"
481,2,397,"RG","SE"
14,30,397,"RG","SE"
57,9,397,"RG","SE"
61,50,397,"RG","SE"
78,21,397,"RG","SE"
5,4,397,"RG","SE"
392,1,397,"RG","SE"
4,5,397,"RG","SE"
539,1,397,"RG","SE"
547,1,397,"RG","SE"
12,11,397,"RG","SE"
32,6,397,"RG","SE"
22,4,397,"RG","SE"
20,7,397,"RG","SE"
83,2,397,"RG","SE"
3,5,397,"RG","SE"
91,5,397,"RG","SE"
80,6,397,"RG","SE"
10,1,397,"RG","SE"
19,5,397,"RG","SE"
312,1,397,"RG","SE"
15,2,397,"RG","SE"
72,9,397,"RG","SE"
14,30,398,"RG","SE"
72,9,398,"RG","SE"
65,4,398,"RG","SE"
20,7,398,"RG","SE"
68,5,398,"RG","SE"
51,2,398,"RG","SE"
481,2,398,"RG","SE"
87,1,398,"RG","SE"
33,12,398,"RG","SE"
27,2,398,"RG","SE"
13,1,398,"RG","SE"
535,3,398,"RG","SE"
33,12,398,"RG","SE"
49,1,398,"RG","SE"
418,1,398,"RG","SE"
548,1,398,"RG","SE"
16,3,398,"RG","SE"
20,7,398,"RG","SE"
22,4,398,"RG","SE"
539,1,398,"RG","SE"
26,59,398,"RG","SE"
12,11,398,"RG","SE"
76,4,398,"RG","SE"
78,21,398,"RG","SE"
78,21,398,"RG","SE"
32,6,398,"RG","SE"
86,2,398,"RG","SE"
89,1,398,"RG","SE"
45,1,398,"RG","SE"
83,2,398,"RG","SE"
54,39,398,"RG","SE"
57,9,399,"RG","SE"
61,50,399,"RG","SE"
51,2,399,"RG","SE"
20,7,399,"RG","SE"
28,50,399,"RG","SE"
17,5,399,"RG","SE"
68,5,399,"RG","SE"
545,1,399,"RG","SE"
548,1,399,"RG","SE"
42,1,399,"RG","SE"
16,3,399,"RG","SE"
67,9,399,"RG","SE"
64,9,399,"RG","SE"
312,1,399,"RG","SE"
65,4,399,"RG","SE"
25,1,399,"RG","SE"
418,1,399,"RG","SE"
26,59,399,"RG","SE"
27,2,399,"RG","SE"
7,21,399,"RG","SE"
26,59,399,"RG","SE"
91,5,399,"RG","SE"
547,1,399,"RG","SE"
15,2,399,"RG","SE"
38,3,399,"RG","SE"
76,4,399,"RG","SE"
33,12,399,"RG","SE"
87,1,399,"RG","SE"
54,39,399,"RG","SE"
49,1,399,"RG","SE"
51,2,399,"RG","SE"
38,3,400,"RG","SE"
61,50,400,"RG","SE"
26,59,400,"RG","SE"
7,21,400,"RG","SE"
535,3,400,"RG","SE"
11,27,400,"RG","SE"
547,1,400,"RG","SE"
57,9,400,"RG","SE"
54,39,400,"RG","SE"
13,1,400,"RG","SE"
312,1,400,"RG","SE"
28,50,400,"RG","SE"
33,12,400,"RG","SE"
545,1,400,"RG","SE"
91,5,400,"RG","SE"
44,30,400,"RG","SE"
17,5,400,"RG","SE"
44,30,400,"RG","SE"
21,7,400,"RG","SE"
12,11,400,"RG","SE"
72,9,400,"RG","SE"
85,15,400,"RG","SE"
14,30,400,"RG","SE"
42,1,400,"RG","SE"
481,2,400,"RG","SE"
15,2,400,"RG","SE"
87,1,400,"RG","SE"
19,5,400,"RG","SE"
418,1,400,"RG","SE"
68,5,400,"RG","SE"
32,6,400,"RG","SE"
57,9,401,"RG","SE"
42,1,401,"RG","SE"
21,7,401,"RG","SE"
68,5,401,"RG","SE"
91,5,401,"RG","SE"
17,5,401,"RG","SE"
85,15,401,"RG","SE"
86,2,401,"RG","SE"
72,9,401,"RG","SE"
26,59,401,"RG","SE"
76,4,401,"RG","SE"
54,39,401,"RG","SE"
78,21,401,"RG","SE"
13,1,401,"RG","SE"
91,5,401,"RG","SE"
44,30,401,"RG","SE"
80,6,401,"RG","SE"
20,7,401,"RG","SE"
3,5,401,"RG","SE"
33,12,401,"RG","SE"
12,11,401,"RG","SE"
87,1,401,"RG","SE"
10,1,401,"RG","SE"
16,3,401,"RG","SE"
7,21,401,"RG","SE"
80,6,401,"RG","SE"
548,1,401,"RG","SE"
67,9,401,"RG","SE"
83,2,401,"RG","SE"
32,6,401,"RG","SE"
65,4,401,"RG","SE"
13,1,402,"RG","SE"
14,30,402,"RG","SE"
61,50,402,"RG","SE"
7,21,402,"RG","SE"
67,9,402,"RG","SE"
91,5,402,"RG","SE"
4,5,402,"RG","SE"
51,2,402,"RG","SE"
21,7,402,"RG","SE"
392,1,402,"RG","SE"
312,1,402,"RG","SE"
545,1,402,"RG","SE"
86,2,402,"RG","SE"
418,1,402,"RG","SE"
12,11,402,"RG","SE"
68,5,402,"RG","SE"
26,59,402,"RG","SE"
67,9,402,"RG","SE"
80,6,402,"RG","SE"
89,1,402,"RG","SE"
83,2,402,"RG","SE"
20,7,402,"RG","SE"
65,4,402,"RG","SE"
61,50,402,"RG","SE"
91,5,402,"RG","SE"
15,2,402,"RG","SE"
51,2,402,"RG","SE"
11,27,402,"RG","SE"
36,3,402,"RG","SE"
3,5,402,"RG","SE"
26,59,402,"RG","SE"
7,21,403,"RG","SE"
548,1,403,"RG","SE"
418,1,403,"RG","SE"
57,9,403,"RG","SE"
33,12,403,"RG","SE"
10,1,403,"RG","SE"
77,17,403,"RG","SE"
312,1,403,"RG","SE"
77,17,403,"RG","SE"
21,7,403,"RG","SE"
3,5,403,"RG","SE"
392,1,403,"RG","SE"
7,21,403,"RG","SE"
19,5,403,"RG","SE"
86,2,403,"RG","SE"
91,5,403,"RG","SE"
64,9,403,"RG","SE"
28,50,403,"RG","SE"
25,1,403,"RG","SE"
45,1,403,"RG","SE"
67,9,403,"RG","SE"
78,21,403,"RG","SE"
5,4,403,"RG","SE"
91,5,403,"RG","SE"
51,2,403,"RG","SE"
83,2,403,"RG","SE"
22,4,403,"RG","SE"
14,30,403,"RG","SE"
65,4,403,"RG","SE"
535,3,403,"RG","SE"
20,7,403,"RG","SE"
64,9,404,"RG","SE"
78,21,404,"RG","SE"
68,5,404,"RG","SE"
33,12,404,"RG","SE"
54,39,404,"RG","SE"
36,3,404,"RG","SE"
44,30,404,"RG","SE"
49,1,404,"RG","SE"
26,59,404,"RG","SE"
76,4,404,"RG","SE"
418,1,404,"RG","SE"
78,21,404,"RG","SE"
65,4,404,"RG","SE"
19,5,404,"RG","SE"
7,21,404,"RG","SE"
20,7,404,"RG","SE"
21,7,404,"RG","SE"
4,5,404,"RG","SE"
89,1,404,"RG","SE"
28,50,404,"RG","SE"
12,11,404,"RG","SE"
312,1,404,"RG","SE"
67,9,404,"RG","SE"
481,2,404,"RG","SE"
91,5,404,"RG","SE"
86,2,404,"RG","SE"
44,30,404,"RG","SE"
3,5,404,"RG","SE"
32,6,404,"RG","SE"
57,9,404,"RG","SE"
10,1,404,"RG","SE"
86,2,405,"RG","SE"
11,27,405,"RG","SE"
418,1,405,"RG","SE"
26,59,405,"RG","SE"
19,5,405,"RG","SE"
539,1,405,"RG","SE"
91,5,405,"RG","SE"
78,21,405,"RG","SE"
32,6,405,"RG","SE"
80,6,405,"RG","SE"
57,9,405,"RG","SE"
64,9,405,"RG","SE"
77,17,405,"RG","SE"
3,5,405,"RG","SE"
544,1,405,"RG","SE"
89,1,405,"RG","SE"
28,50,405,"RG","SE"
72,9,405,"RG","SE"
91,5,405,"RG","SE"
32,6,405,"RG","SE"
36,3,405,"RG","SE"
67,9,405,"RG","SE"
10,1,405,"RG","SE"
51,2,405,"RG","SE"
481,2,405,"RG","SE"
12,11,405,"RG","SE"
42,1,405,"RG","SE"
392,1,405,"RG","SE"
87,1,405,"RG","SE"
21,7,405,"RG","SE"
545,1,405,"RG","SE"
548,1,406,"RG","SE"
65,4,406,"RG","SE"
26,59,406,"RG","SE"
45,1,406,"RG","SE"
21,7,406,"RG","SE"
7,21,406,"RG","SE"
545,1,406,"RG","SE"
51,2,406,"RG","SE"
68,5,406,"RG","SE"
539,1,406,"RG","SE"
67,9,406,"RG","SE"
15,2,406,"RG","SE"
25,1,406,"RG","SE"
16,3,406,"RG","SE"
535,3,406,"RG","SE"
85,15,406,"RG","SE"
86,2,406,"RG","SE"
36,3,406,"RG","SE"
51,2,406,"RG","SE"
418,1,406,"RG","SE"
67,9,406,"RG","SE"
44,30,406,"RG","SE"
26,59,406,"RG","SE"
22,4,406,"RG","SE"
32,6,406,"RG","SE"
20,7,406,"RG","SE"
78,21,406,"RG","SE"
392,1,406,"RG","SE"
10,1,406,"RG","SE"
481,2,406,"RG","SE"
78,21,406,"RG","SE"
539,1,407,"RG","SE"
77,17,407,"RG","SE"
33,12,407,"RG","SE"
7,21,407,"RG","SE"
85,15,407,"RG","SE"
44,30,407,"RG","SE"
83,2,407,"RG","SE"
26,59,407,"RG","SE"
76,4,407,"RG","SE"
86,2,407,"RG","SE"
418,1,407,"RG","SE"
65,4,407,"RG","SE"
547,1,407,"RG","SE"
3,5,407,"RG","SE"
72,9,407,"RG","SE"
20,7,407,"RG","SE"
45,1,407,"RG","SE"
7,21,407,"RG","SE"
77,17,407,"RG","SE"
312,1,407,"RG","SE"
54,39,407,"RG","SE"
49,1,407,"RG","SE"
67,9,407,"RG","SE"
44,30,407,"RG","SE"
14,30,407,"RG","SE"
51,2,407,"RG","SE"
5,4,407,"RG","SE"
80,6,407,"RG","SE"
67,9,407,"RG","SE"
57,9,407,"RG","SE"
392,1,407,"RG","SE"
11,27,408,"RG","SE"
44,30,408,"RG","SE"
12,11,408,"RG","SE"
12,11,408,"RG","SE"
7,21,408,"RG","SE"
57,9,408,"RG","SE"
33,12,408,"RG","SE"
36,3,408,"RG","SE"
545,1,408,"RG","SE"
51,2,408,"RG","SE"
44,30,408,"RG","SE"
91,5,408,"RG","SE"
544,1,408,"RG","SE"
86,2,408,"RG","SE"
5,4,408,"RG","SE"
51,2,408,"RG","SE"
87,1,408,"RG","SE"
28,50,408,"RG","SE"
42,1,408,"RG","SE"
21,7,408,"RG","SE"
392,1,408,"RG","SE"
535,3,408,"RG","SE"
15,2,408,"RG","SE"
57,9,408,"RG","SE"
78,21,408,"RG","SE"
38,3,408,"RG","SE"
32,6,408,"RG","SE"
20,7,408,"RG","SE"
65,4,408,"RG","SE"
11,27,408,"RG","SE"
10,1,408,"RG","SE"
15,2,409,"RG","SE"
72,9,409,"RG","SE"
45,1,409,"RG","SE"
57,9,409,"RG","SE"
3,5,409,"RG","SE"
28,50,409,"RG","SE"
64,9,409,"RG","SE"
26,59,409,"RG","SE"
14,30,409,"RG","SE"
72,9,409,"RG","SE"
25,1,409,"RG","SE"
7,21,409,"RG","SE"
51,2,409,"RG","SE"
545,1,409,"RG","SE"
77,17,409,"RG","SE"
12,11,409,"RG","SE"
539,1,409,"RG","SE"
76,4,409,"RG","SE"
83,2,409,"RG","SE"
49,1,409,"RG","SE"
32,6,409,"RG","SE"
85,15,409,"RG","SE"
54,39,409,"RG","SE"
78,21,409,"RG","SE"
21,7,409,"RG","SE"
26,59,409,"RG","SE"
36,3,409,"RG","SE"
42,1,409,"RG","SE"
548,1,409,"RG","SE"
544,1,409,"RG","SE"
91,5,409,"RG","SE"
481,2,410,"RG","SE"
72,9,410,"RG","SE"
61,50,410,"RG","SE"
28,50,410,"RG","SE"
42,1,410,"RG","SE"
57,9,410,"RG","SE"
12,11,410,"RG","SE"
89,1,410,"RG","SE"
539,1,410,"RG","SE"
26,59,410,"RG","SE"
44,30,410,"RG","SE"
4,5,410,"RG","SE"
51,2,410,"RG","SE"
54,39,410,"RG","SE"
14,30,410,"RG","SE"
67,9,410,"RG","SE"
91,5,410,"RG","SE"
20,7,410,"RG","SE"
91,5,410,"RG","SE"
7,21,410,"RG","SE"
27,2,410,"RG","SE"
78,21,410,"RG","SE"
12,11,410,"RG","SE"
16,3,410,"RG","SE"
7,21,410,"RG","SE"
57,9,410,"RG","SE"
26,59,410,"RG","SE"
33,12,410,"RG","SE"
548,1,410,"RG","SE"
11,27,410,"RG","SE"
25,1,410,"RG","SE"
392,1,411,"RG","SE"
44,30,411,"RG","SE"
67,9,411,"RG","SE"
28,50,411,"RG","SE"
312,1,411,"RG","SE"
76,4,411,"RG","SE"
57,9,411,"RG","SE"
77,17,411,"RG","SE"
83,2,411,"RG","SE"
544,1,411,"RG","SE"
57,9,411,"RG","SE"
10,1,411,"RG","SE"
86,2,411,"RG","SE"
21,7,411,"RG","SE"
14,30,411,"RG","SE"
20,7,411,"RG","SE"
22,4,411,"RG","SE"
33,12,411,"RG","SE"
91,5,411,"RG","SE"
7,21,411,"RG","SE"
67,9,411,"RG","SE"
548,1,411,"RG","SE"
16,3,411,"RG","SE"
12,11,411,"RG","SE"
42,1,411,"RG","SE"
68,5,411,"RG","SE"
26,59,411,"RG","SE"
64,9,411,"RG","SE"
481,2,411,"RG","SE"
91,5,411,"RG","SE"
85,15,411,"RG","SE"
80,6,412,"RG","SE"
45,1,412,"RG","SE"
14,30,412,"RG","SE"
61,50,412,"RG","SE"
49,1,412,"RG","SE"
76,4,412,"RG","SE"
85,15,412,"RG","SE"
89,1,412,"RG","SE"
548,1,412,"RG","SE"
539,1,412,"RG","SE"
22,4,412,"RG","SE"
7,21,412,"RG","SE"
13,1,412,"RG","SE"
78,21,412,"RG","SE"
28,50,412,"RG","SE"
91,5,412,"RG","SE"
83,2,412,"RG","SE"
57,9,412,"RG","SE"
77,17,412,"RG","SE"
312,1,412,"RG","SE"
51,2,412,"RG","SE"
77,17,412,"RG","SE"
51,2,412,"RG","SE"
547,1,412,"RG","SE"
27,2,412,"RG","SE"
80,6,412,"RG","SE"
33,12,412,"RG","SE"
11,27,412,"RG","SE"
65,4,412,"RG","SE"
44,30,412,"RG","SE"
19,5,412,"RG","SE"
14,30,413,"RG","SE"
10,1,413,"RG","SE"
547,1,413,"RG","SE"
51,2,413,"RG","SE"
539,1,413,"RG","SE"
87,1,413,"RG","SE"
26,59,413,"RG","SE"
11,27,413,"RG","SE"
64,9,413,"RG","SE"
49,1,413,"RG","SE"
45,1,413,"RG","SE"
86,2,413,"RG","SE"
28,50,413,"RG","SE"
91,5,413,"RG","SE"
392,1,413,"RG","SE"
77,17,413,"RG","SE"
72,9,413,"RG","SE"
19,5,413,"RG","SE"
42,1,413,"RG","SE"
44,30,413,"RG","SE"
26,59,413,"RG","SE"
72,9,413,"RG","SE"
13,1,413,"RG","SE"
312,1,413,"RG","SE"
12,11,413,"RG","SE"
36,3,413,"RG","SE"
32,6,413,"RG","SE"
57,9,413,"RG","SE"
80,6,413,"RG","SE"
91,5,413,"RG","SE"
89,1,413,"RG","SE"
28,50,414,"RG","SE"
535,3,414,"RG","SE"
22,4,414,"RG","SE"
418,1,414,"RG","SE"
27,2,414,"RG","SE"
42,1,414,"RG","SE"
15,2,414,"RG","SE"
61,50,414,"RG","SE"
78,21,414,"RG","SE"
32,6,414,"RG","SE"
545,1,414,"RG","SE"
89,1,414,"RG","SE"
61,50,414,"RG","SE"
38,3,414,"RG","SE"
548,1,414,"RG","SE"
32,6,414,"RG","SE"
26,59,414,"RG","SE"
20,7,414,"RG","SE"
65,4,414,"RG","SE"
54,39,414,"RG","SE"
12,11,414,"RG","SE"
7,21,414,"RG","SE"
17,5,414,"RG","SE"
20,7,414,"RG","SE"
12,11,414,"RG","SE"
44,30,414,"RG","SE"
4,5,414,"RG","SE"
392,1,414,"RG","SE"
3,5,414,"RG","SE"
91,5,414,"RG","SE"
85,15,414,"RG","SE"
91,5,415,"RG","SE"
20,7,415,"RG","SE"
28,50,415,"RG","SE"
4,5,415,"RG","SE"
14,30,415,"RG","SE"
78,21,415,"RG","SE"
64,9,415,"RG","SE"
57,9,415,"RG","SE"
7,21,415,"RG","SE"
80,6,415,"RG","SE"
21,7,415,"RG","SE"
7,21,415,"RG","SE"
535,3,415,"RG","SE"
61,50,415,"RG","SE"
68,5,415,"RG","SE"
418,1,415,"RG","SE"
49,1,415,"RG","SE"
26,59,415,"RG","SE"
91,5,415,"RG","SE"
539,1,415,"RG","SE"
14,30,415,"RG","SE"
65,4,415,"RG","SE"
54,39,415,"RG","SE"
547,1,415,"RG","SE"
38,3,415,"RG","SE"
36,3,415,"RG","SE"
32,6,415,"RG","SE"
85,15,415,"RG","SE"
61,50,415,"RG","SE"
22,4,415,"RG","SE"
76,4,415,"RG","SE"
10,1,416,"RG","SE"
535,3,416,"RG","SE"
20,7,416,"RG","SE"
54,39,416,"RG","SE"
91,5,416,"RG","SE"
72,9,416,"RG","SE"
76,4,416,"RG","SE"
3,5,416,"RG","SE"
42,1,416,"RG","SE"
26,59,416,"RG","SE"
14,30,416,"RG","SE"
51,2,416,"RG","SE"
67,9,416,"RG","SE"
26,59,416,"RG","SE"
12,11,416,"RG","SE"
27,2,416,"RG","SE"
544,1,416,"RG","SE"
67,9,416,"RG","SE"
21,7,416,"RG","SE"
72,9,416,"RG","SE"
77,17,416,"RG","SE"
28,50,416,"RG","SE"
87,1,416,"RG","SE"
539,1,416,"RG","SE"
17,5,416,"RG","SE"
20,7,416,"RG","SE"
77,17,416,"RG","SE"
19,5,416,"RG","SE"
64,9,416,"RG","SE"
38,3,416,"RG","SE"
80,6,416,"RG","SE"
4,5,417,"RG","SE"
28,50,417,"RG","SE"
64,9,417,"RG","SE"
57,9,417,"RG","SE"
11,27,417,"RG","SE"
33,12,417,"RG","SE"
86,2,417,"RG","SE"
61,50,417,"RG","SE"
19,5,417,"RG","SE"
392,1,417,"RG","SE"
545,1,417,"RG","SE"
91,5,417,"RG","SE"
32,6,417,"RG","SE"
49,1,417,"RG","SE"
54,39,417,"RG","SE"
17,5,417,"RG","SE"
76,4,417,"RG","SE"
7,21,417,"RG","SE"
57,9,417,"RG","SE"
25,1,417,"RG","SE"
32,6,417,"RG","SE"
20,7,417,"RG","SE"
77,17,417,"RG","SE"
13,1,417,"RG","SE"
78,21,417,"RG","SE"
51,2,417,"RG","SE"
67,9,417,"RG","SE"
80,6,417,"RG","SE"
80,6,417,"RG","SE"
44,30,417,"RG","SE"
548,1,417,"RG","SE"
57,9,418,"RG","SE"
83,2,418,"RG","SE"
72,9,418,"RG","SE"
547,1,418,"RG","SE"
78,21,418,"RG","SE"
77,17,418,"RG","SE"
68,5,418,"RG","SE"
7,21,418,"RG","SE"
61,50,418,"RG","SE"
72,9,418,"RG","SE"
54,39,418,"RG","SE"
64,9,418,"RG","SE"
481,2,418,"RG","SE"
535,3,418,"RG","SE"
11,27,418,"RG","SE"
539,1,418,"RG","SE"
77,17,418,"RG","SE"
545,1,418,"RG","SE"
85,15,418,"RG","SE"
14,30,418,"RG","SE"
548,1,418,"RG","SE"
91,5,418,"RG","SE"
86,2,418,"RG","SE"
26,59,418,"RG","SE"
392,1,418,"RG","SE"
67,9,418,"RG","SE"
45,1,418,"RG","SE"
78,21,418,"RG","SE"
10,1,418,"RG","SE"
5,4,418,"RG","SE"
12,11,418,"RG","SE"
33,12,419,"RG","SE"
89,1,419,"RG","SE"
418,1,419,"RG","SE"
544,1,419,"RG","SE"
3,5,419,"RG","SE"
65,4,419,"RG","SE"
67,9,419,"RG","SE"
10,1,419,"RG","SE"
54,39,419,"RG","SE"
17,5,419,"RG","SE"
539,1,419,"RG","SE"
72,9,419,"RG","SE"
77,17,419,"RG","SE"
545,1,419,"RG","SE"
45,1,419,"RG","SE"
32,6,419,"RG","SE"
61,50,419,"RG","SE"
26,59,419,"RG","SE"
7,21,419,"RG","SE"
25,1,419,"RG","SE"
20,7,419,"RG","SE"
57,9,419,"RG","SE"
38,3,419,"RG","SE"
85,15,419,"RG","SE"
5,4,419,"RG","SE"
22,4,419,"RG","SE"
13,1,419,"RG","SE"
86,2,419,"RG","SE"
36,3,419,"RG","SE"
33,12,419,"RG","SE"
20,7,419,"RG","SE"
78,21,420,"RG","SE"
45,1,420,"RG","SE"
76,4,420,"RG","SE"
67,9,420,"RG","SE"
16,3,420,"RG","SE"
38,3,420,"RG","SE"
32,6,420,"RG","SE"
83,2,420,"RG","SE"
61,50,420,"RG","SE"
42,1,420,"RG","SE"
27,2,420,"RG","SE"
481,2,420,"RG","SE"
51,2,420,"RG","SE"
535,3,420,"RG","SE"
91,5,420,"RG","SE"
539,1,420,"RG","SE"
91,5,420,"RG","SE"
61,50,420,"RG","SE"
5,4,420,"RG","SE"
78,21,420,"RG","SE"
89,1,420,"RG","SE"
49,1,420,"RG","SE"
85,15,420,"RG","SE"
14,30,420,"RG","SE"
57,9,420,"RG","SE"
11,27,420,"RG","SE"
392,1,420,"RG","SE"
26,59,420,"RG","SE"
4,5,420,"RG","SE"
19,5,420,"RG","SE"
10,1,420,"RG","SE"
26,59,421,"RG","SE"
26,59,421,"RG","SE"
68,5,421,"RG","SE"
20,7,421,"RG","SE"
72,9,421,"RG","SE"
64,9,421,"RG","SE"
544,1,421,"RG","SE"
21,7,421,"RG","SE"
32,6,421,"RG","SE"
7,21,421,"RG","SE"
72,9,421,"RG","SE"
28,50,421,"RG","SE"
49,1,421,"RG","SE"
12,11,421,"RG","SE"
535,3,421,"RG","SE"
4,5,421,"RG","SE"
77,17,421,"RG","SE"
78,21,421,"RG","SE"
51,2,421,"RG","SE"
392,1,421,"RG","SE"
418,1,421,"RG","SE"
87,1,421,"RG","SE"
33,12,421,"RG","SE"
545,1,421,"RG","SE"
10,1,421,"RG","SE"
28,50,421,"RG","SE"
33,12,421,"RG","SE"
32,6,421,"RG","SE"
91,5,421,"RG","SE"
51,2,421,"RG","SE"
481,2,421,"RG","SE"
44,30,422,"RG","SE"
89,1,422,"RG","SE"
19,5,422,"RG","SE"
539,1,422,"RG","SE"
7,21,422,"RG","SE"
61,50,422,"RG","SE"
87,1,422,"RG","SE"
36,3,422,"RG","SE"
67,9,422,"RG","SE"
27,2,422,"RG","SE"
14,30,422,"RG","SE"
85,15,422,"RG","SE"
80,6,422,"RG","SE"
13,1,422,"RG","SE"
54,39,422,"RG","SE"
4,5,422,"RG","SE"
72,9,422,"RG","SE"
3,5,422,"RG","SE"
78,21,422,"RG","SE"
51,2,422,"RG","SE"
72,9,422,"RG","SE"
21,7,422,"RG","SE"
91,5,422,"RG","SE"
83,2,422,"RG","SE"
535,3,422,"RG","SE"
86,2,422,"RG","SE"
42,1,422,"RG","SE"
11,27,422,"RG","SE"
20,7,422,"RG","SE"
44,30,422,"RG","SE"
33,12,422,"RG","SE"
91,5,423,"RG","SE"
13,1,423,"RG","SE"
57,9,423,"RG","SE"
45,1,423,"RG","SE"
44,30,423,"RG","SE"
28,50,423,"RG","SE"
21,7,423,"RG","SE"
51,2,423,"RG","SE"
78,21,423,"RG","SE"
15,2,423,"RG","SE"
65,4,423,"RG","SE"
32,6,423,"RG","SE"
10,1,423,"RG","SE"
14,30,423,"RG","SE"
87,1,423,"RG","SE"
72,9,423,"RG","SE"
14,30,423,"RG","SE"
12,11,423,"RG","SE"
7,21,423,"RG","SE"
548,1,423,"RG","SE"
26,59,423,"RG","SE"
86,2,423,"RG","SE"
76,4,423,"RG","SE"
68,5,423,"RG","SE"
20,7,423,"RG","SE"
32,6,423,"RG","SE"
25,1,423,"RG","SE"
61,50,423,"RG","SE"
17,5,423,"RG","SE"
42,1,423,"RG","SE"
33,12,423,"RG","SE"
20,7,424,"RG","SE"
77,17,424,"RG","SE"
418,1,424,"RG","SE"
16,3,424,"RG","SE"
7,21,424,"RG","SE"
61,50,424,"RG","SE"
32,6,424,"RG","SE"
85,15,424,"RG","SE"
7,21,424,"RG","SE"
15,2,424,"RG","SE"
68,5,424,"RG","SE"
32,6,424,"RG","SE"
91,5,424,"RG","SE"
45,1,424,"RG","SE"
5,4,424,"RG","SE"
27,2,424,"RG","SE"
4,5,424,"RG","SE"
86,2,424,"RG","SE"
25,1,424,"RG","SE"
80,6,424,"RG","SE"
544,1,424,"RG","SE"
57,9,424,"RG","SE"
392,1,424,"RG","SE"
11,27,424,"RG","SE"
89,1,424,"RG","SE"
10,1,424,"RG","SE"
65,4,424,"RG","SE"
26,59,424,"RG","SE"
72,9,424,"RG","SE"
21,7,424,"RG","SE"
42,1,424,"RG","SE"
25,1,425,"RG","SE"
49,1,425,"RG","SE"
28,50,425,"RG","SE"
83,2,425,"RG","SE"
547,1,425,"RG","SE"
57,9,425,"RG","SE"
312,1,425,"RG","SE"
535,3,425,"RG","SE"
545,1,425,"RG","SE"
7,21,425,"RG","SE"
91,5,425,"RG","SE"
15,2,425,"RG","SE"
77,17,425,"RG","SE"
5,4,425,"RG","SE"
11,27,425,"RG","SE"
12,11,425,"RG","SE"
11,27,425,"RG","SE"
3,5,425,"RG","SE"
32,6,425,"RG","SE"
51,2,425,"RG","SE"
4,5,425,"RG","SE"
89,1,425,"RG","SE"
33,12,425,"RG","SE"
61,50,425,"RG","SE"
68,5,425,"RG","SE"
78,21,425,"RG","SE"
57,9,425,"RG","SE"
26,59,425,"RG","SE"
20,7,425,"RG","SE"
21,7,425,"RG","SE"
32,6,425,"RG","SE"
36,3,426,"RG","SE"
7,21,426,"RG","SE"
67,9,426,"RG","SE"
15,2,426,"RG","SE"
14,30,426,"RG","SE"
85,15,426,"RG","SE"
392,1,426,"RG","SE"
72,9,426,"RG","SE"
20,7,426,"RG","SE"
77,17,426,"RG","SE"
20,7,426,"RG","SE"
418,1,426,"RG","SE"
26,59,426,"RG","SE"
27,2,426,"RG","SE"
544,1,426,"RG","SE"
312,1,426,"RG","SE"
10,1,426,"RG","SE"
11,27,426,"RG","SE"
32,6,426,"RG","SE"
28,50,426,"RG","SE"
21,7,426,"RG","SE"
5,4,426,"RG","SE"
539,1,426,"RG","SE"
80,6,426,"RG","SE"
54,39,426,"RG","SE"
57,9,426,"RG","SE"
78,21,426,"RG","SE"
545,1,426,"RG","SE"
61,50,426,"RG","SE"
44,30,426,"RG","SE"
7,21,426,"RG","SE"
481,2,427,"RG","SE"
25,1,427,"RG","SE"
65,4,427,"RG","SE"
11,27,427,"RG","SE"
539,1,427,"RG","SE"
87,1,427,"RG","SE"
20,7,427,"RG","SE"
32,6,427,"RG","SE"
64,9,427,"RG","SE"
57,9,427,"RG","SE"
76,4,427,"RG","SE"
33,12,427,"RG","SE"
44,30,427,"RG","SE"
21,7,427,"RG","SE"
17,5,427,"RG","SE"
91,5,427,"RG","SE"
49,1,427,"RG","SE"
77,17,427,"RG","SE"
44,30,427,"RG","SE"
544,1,427,"RG","SE"
13,1,427,"RG","SE"
78,21,427,"RG","SE"
392,1,427,"RG","SE"
68,5,427,"RG","SE"
12,11,427,"RG","SE"
548,1,427,"RG","SE"
545,1,427,"RG","SE"
42,1,427,"RG","SE"
77,17,427,"RG","SE"
28,50,427,"RG","SE"
80,6,427,"RG","SE"
545,1,428,"RG","SE"
11,27,428,"RG","SE"
57,9,428,"RG","SE"
14,30,428,"RG","SE"
80,6,428,"RG","SE"
32,6,428,"RG","SE"
4,5,428,"RG","SE"
21,7,428,"RG","SE"
51,2,428,"RG","SE"
7,21,428,"RG","SE"
57,9,428,"RG","SE"
11,27,428,"RG","SE"
33,12,428,"RG","SE"
3,5,428,"RG","SE"
68,5,428,"RG","SE"
36,3,428,"RG","SE"
22,4,428,"RG","SE"
49,1,428,"RG","SE"
14,30,428,"RG","SE"
87,1,428,"RG","SE"
32,6,428,"RG","SE"
12,11,428,"RG","SE"
418,1,428,"RG","SE"
89,1,428,"RG","SE"
77,17,428,"RG","SE"
10,1,428,"RG","SE"
28,50,428,"RG","SE"
548,1,428,"RG","SE"
45,1,428,"RG","SE"
33,12,428,"RG","SE"
38,3,428,"RG","SE"
28,50,429,"RG","SE"
22,4,429,"RG","SE"
72,9,429,"RG","SE"
32,6,429,"RG","SE"
5,4,429,"RG","SE"
14,30,429,"RG","SE"
83,2,429,"RG","SE"
21,7,429,"RG","SE"
25,1,429,"RG","SE"
19,5,429,"RG","SE"
418,1,429,"RG","SE"
26,59,429,"RG","SE"
7,21,429,"RG","SE"
544,1,429,"RG","SE"
78,21,429,"RG","SE"
44,30,429,"RG","SE"
16,3,429,"RG","SE"
91,5,429,"RG","SE"
87,1,429,"RG","SE"
65,4,429,"RG","SE"
27,2,429,"RG","SE"
12,11,429,"RG","SE"
547,1,429,"RG","SE"
80,6,429,"RG","SE"
77,17,429,"RG","SE"
91,5,429,"RG","SE"
64,9,429,"RG","SE"
33,12,429,"RG","SE"
4,5,429,"RG","SE"
57,9,429,"RG","SE"
15,2,429,"RG","SE"
14,30,430,"RG","SE"
11,27,430,"RG","SE"
57,9,430,"RG","SE"
535,3,430,"RG","SE"
44,30,430,"RG","SE"
11,27,430,"RG","SE"
33,12,430,"RG","SE"
547,1,430,"RG","SE"
77,17,430,"RG","SE"
32,6,430,"RG","SE"
54,39,430,"RG","SE"
22,4,430,"RG","SE"
67,9,430,"RG","SE"
80,6,430,"RG","SE"
312,1,430,"RG","SE"
36,3,430,"RG","SE"
51,2,430,"RG","SE"
14,30,430,"RG","SE"
392,1,430,"RG","SE"
548,1,430,"RG","SE"
72,9,430,"RG","SE"
4,5,430,"RG","SE"
19,5,430,"RG","SE"
64,9,430,"RG","SE"
45,1,430,"RG","SE"
17,5,430,"RG","SE"
539,1,430,"RG","SE"
51,2,430,"RG","SE"
7,21,430,"RG","SE"
418,1,430,"RG","SE"
91,5,430,"RG","SE"
68,5,431,"RG","SE"
77,17,431,"RG","SE"
418,1,431,"RG","SE"
14,30,431,"RG","SE"
10,1,431,"RG","SE"
72,9,431,"RG","SE"
19,5,431,"RG","SE"
91,5,431,"RG","SE"
11,27,431,"RG","SE"
89,1,431,"RG","SE"
544,1,431,"RG","SE"
72,9,431,"RG","SE"
44,30,431,"RG","SE"
38,3,431,"RG","SE"
91,5,431,"RG","SE"
26,59,431,"RG","SE"
11,27,431,"RG","SE"
22,4,431,"RG","SE"
5,4,431,"RG","SE"
78,21,431,"RG","SE"
539,1,431,"RG","SE"
42,1,431,"RG","SE"
28,50,431,"RG","SE"
64,9,431,"RG","SE"
76,4,431,"RG","SE"
32,6,431,"RG","SE"
33,12,431,"RG","SE"
87,1,431,"RG","SE"
3,5,431,"RG","SE"
80,6,431,"RG","SE"
15,2,431,"RG","SE"
57,9,432,"RG","SE"
7,21,432,"RG","SE"
91,5,432,"RG","SE"
12,11,432,"RG","SE"
545,1,432,"RG","SE"
91,5,432,"RG","SE"
32,6,432,"RG","SE"
89,1,432,"RG","SE"
547,1,432,"RG","SE"
14,30,432,"RG","SE"
11,27,432,"RG","SE"
80,6,432,"RG","SE"
78,21,432,"RG","SE"
17,5,432,"RG","SE"
42,1,432,"RG","SE"
7,21,432,"RG","SE"
33,12,432,"RG","SE"
51,2,432,"RG","SE"
86,2,432,"RG","SE"
57,9,432,"RG","SE"
28,50,432,"RG","SE"
44,30,432,"RG","SE"
51,2,432,"RG","SE"
16,3,432,"RG","SE"
85,15,432,"RG","SE"
26,59,432,"RG","SE"
25,1,432,"RG","SE"
67,9,432,"RG","SE"
10,1,432,"RG","SE"
12,11,432,"RG","SE"
76,4,432,"RG","SE"
76,4,433,"RG","SE"
77,17,433,"RG","SE"
20,7,433,"RG","SE"
61,50,433,"RG","SE"
11,27,433,"RG","SE"
57,9,433,"RG","SE"
17,5,433,"RG","SE"
67,9,433,"RG","SE"
45,1,433,"RG","SE"
14,30,433,"RG","SE"
3,5,433,"RG","SE"
78,21,433,"RG","SE"
64,9,433,"RG","SE"
32,6,433,"RG","SE"
26,59,433,"RG","SE"
19,5,433,"RG","SE"
42,1,433,"RG","SE"
418,1,433,"RG","SE"
86,2,433,"RG","SE"
89,1,433,"RG","SE"
61,50,433,"RG","SE"
13,1,433,"RG","SE"
7,21,433,"RG","SE"
481,2,433,"RG","SE"
44,30,433,"RG","SE"
548,1,433,"RG","SE"
72,9,433,"RG","SE"
27,2,433,"RG","SE"
91,5,433,"RG","SE"
544,1,433,"RG","SE"
38,3,433,"RG","SE"
87,1,434,"RG","SE"
7,21,434,"RG","SE"
5,4,434,"RG","SE"
65,4,434,"RG","SE"
25,1,434,"RG","SE"
91,5,434,"RG","SE"
11,27,434,"RG","SE"
77,17,434,"RG","SE"
7,21,434,"RG","SE"
80,6,434,"RG","SE"
45,1,434,"RG","SE"
26,59,434,"RG","SE"
64,9,434,"RG","SE"
80,6,434,"RG","SE"
49,1,434,"RG","SE"
36,3,434,"RG","SE"
392,1,434,"RG","SE"
312,1,434,"RG","SE"
78,21,434,"RG","SE"
61,50,434,"RG","SE"
15,2,434,"RG","SE"
42,1,434,"RG","SE"
78,21,434,"RG","SE"
57,9,434,"RG","SE"
72,9,434,"RG","SE"
28,50,434,"RG","SE"
418,1,434,"RG","SE"
76,4,434,"RG","SE"
86,2,434,"RG","SE"
12,11,434,"RG","SE"
67,9,434,"RG","SE"
312,1,435,"RG","SE"
87,1,435,"RG","SE"
33,12,435,"RG","SE"
15,2,435,"RG","SE"
17,5,435,"RG","SE"
72,9,435,"RG","SE"
11,27,435,"RG","SE"
545,1,435,"RG","SE"
27,2,435,"RG","SE"
7,21,435,"RG","SE"
67,9,435,"RG","SE"
78,21,435,"RG","SE"
38,3,435,"RG","SE"
14,30,435,"RG","SE"
54,39,435,"RG","SE"
89,1,435,"RG","SE"
80,6,435,"RG","SE"
21,7,435,"RG","SE"
20,7,435,"RG","SE"
61,50,435,"RG","SE"
57,9,435,"RG","SE"
91,5,435,"RG","SE"
57,9,435,"RG","SE"
4,5,435,"RG","SE"
28,50,435,"RG","SE"
535,3,435,"RG","SE"
13,1,435,"RG","SE"
5,4,435,"RG","SE"
65,4,435,"RG","SE"
77,17,435,"RG","SE"
51,2,435,"RG","SE"
65,4,436,"RG","SE"
49,1,436,"RG","SE"
21,7,436,"RG","SE"
67,9,436,"RG","SE"
539,1,436,"RG","SE"
14,30,436,"RG","SE"
85,15,436,"RG","SE"
33,12,436,"RG","SE"
80,6,436,"RG","SE"
20,7,436,"RG","SE"
535,3,436,"RG","SE"
57,9,436,"RG","SE"
19,5,436,"RG","SE"
61,50,436,"RG","SE"
26,59,436,"RG","SE"
12,11,436,"RG","SE"
5,4,436,"RG","SE"
17,5,436,"RG","SE"
392,1,436,"RG","SE"
33,12,436,"RG","SE"
547,1,436,"RG","SE"
32,6,436,"RG","SE"
83,2,436,"RG","SE"
44,30,436,"RG","SE"
15,2,436,"RG","SE"
45,1,436,"RG","SE"
77,17,436,"RG","SE"
11,27,436,"RG","SE"
64,9,436,"RG","SE"
91,5,436,"RG","SE"
54,39,436,"RG","SE"
91,5,437,"RG","SE"
12,11,437,"RG","SE"
481,2,437,"RG","SE"
87,1,437,"RG","SE"
64,9,437,"RG","SE"
20,7,437,"RG","SE"
61,50,437,"RG","SE"
17,5,437,"RG","SE"
51,2,437,"RG","SE"
77,17,437,"RG","SE"
28,50,437,"RG","SE"
14,30,437,"RG","SE"
27,2,437,"RG","SE"
76,4,437,"RG","SE"
91,5,437,"RG","SE"
54,39,437,"RG","SE"
86,2,437,"RG","SE"
32,6,437,"RG","SE"
12,11,437,"RG","SE"
539,1,437,"RG","SE"
3,5,437,"RG","SE"
85,15,437,"RG","SE"
7,21,437,"RG","SE"
418,1,437,"RG","SE"
28,50,437,"RG","SE"
42,1,437,"RG","SE"
4,5,437,"RG","SE"
49,1,437,"RG","SE"
25,1,437,"RG","SE"
83,2,437,"RG","SE"
67,9,437,"RG","SE"
14,30,438,"RG","SE"
77,17,438,"RG","SE"
51,2,438,"RG","SE"
67,9,438,"RG","SE"
68,5,438,"RG","SE"
481,2,438,"RG","SE"
22,4,438,"RG","SE"
64,9,438,"RG","SE"
4,5,438,"RG","SE"
13,1,438,"RG","SE"
544,1,438,"RG","SE"
61,50,438,"RG","SE"
21,7,438,"RG","SE"
65,4,438,"RG","SE"
78,21,438,"RG","SE"
16,3,438,"RG","SE"
78,21,438,"RG","SE"
87,1,438,"RG","SE"
32,6,438,"RG","SE"
418,1,438,"RG","SE"
535,3,438,"RG","SE"
7,21,438,"RG","SE"
28,50,438,"RG","SE"
548,1,438,"RG","SE"
61,50,438,"RG","SE"
547,1,438,"RG","SE"
20,7,438,"RG","SE"
312,1,438,"RG","SE"
5,4,438,"RG","SE"
54,39,438,"RG","SE"
539,1,438,"RG","SE"
68,5,439,"RG","SE"
61,50,439,"RG","SE"
72,9,439,"RG","SE"
77,17,439,"RG","SE"
535,3,439,"RG","SE"
67,9,439,"RG","SE"
14,30,439,"RG","SE"
83,2,439,"RG","SE"
78,21,439,"RG","SE"
3,5,439,"RG","SE"
10,1,439,"RG","SE"
12,11,439,"RG","SE"
80,6,439,"RG","SE"
312,1,439,"RG","SE"
51,2,439,"RG","SE"
12,11,439,"RG","SE"
26,59,439,"RG","SE"
42,1,439,"RG","SE"
20,7,439,"RG","SE"
57,9,439,"RG","SE"
65,4,439,"RG","SE"
45,1,439,"RG","SE"
36,3,439,"RG","SE"
33,12,439,"RG","SE"
72,9,439,"RG","SE"
85,15,439,"RG","SE"
64,9,439,"RG","SE"
44,30,439,"RG","SE"
22,4,439,"RG","SE"
57,9,439,"RG","SE"
11,27,439,"RG","SE"
26,59,440,"RG","SE"
15,2,440,"RG","SE"
87,1,440,"RG","SE"
85,15,440,"RG","SE"
83,2,440,"RG","SE"
61,50,440,"RG","SE"
22,4,440,"RG","SE"
68,5,440,"RG","SE"
10,1,440,"RG","SE"
78,21,440,"RG","SE"
76,4,440,"RG","SE"
54,39,440,"RG","SE"
72,9,440,"RG","SE"
91,5,440,"RG","SE"
392,1,440,"RG","SE"
11,27,440,"RG","SE"
548,1,440,"RG","SE"
12,11,440,"RG","SE"
64,9,440,"RG","SE"
14,30,440,"RG","SE"
80,6,440,"RG","SE"
57,9,440,"RG","SE"
28,50,440,"RG","SE"
5,4,440,"RG","SE"
19,5,440,"RG","SE"
45,1,440,"RG","SE"
20,7,440,"RG","SE"
57,9,440,"RG","SE"
4,5,440,"RG","SE"
72,9,440,"RG","SE"
27,2,440,"RG","SE"
392,1,441,"RG","SE"
76,4,441,"RG","SE"
19,5,441,"RG","SE"
27,2,441,"RG","SE"
44,30,441,"RG","SE"
77,17,441,"RG","SE"
72,9,441,"RG","SE"
68,5,441,"RG","SE"
57,9,441,"RG","SE"
418,1,441,"RG","SE"
3,5,441,"RG","SE"
67,9,441,"RG","SE"
14,30,441,"RG","SE"
547,1,441,"RG","SE"
78,21,441,"RG","SE"
44,30,441,"RG","SE"
85,15,441,"RG","SE"
61,50,441,"RG","SE"
54,39,441,"RG","SE"
16,3,441,"RG","SE"
51,2,441,"RG","SE"
15,2,441,"RG","SE"
86,2,441,"RG","SE"
25,1,441,"RG","SE"
77,17,441,"RG","SE"
87,1,441,"RG","SE"
65,4,441,"RG","SE"
80,6,441,"RG","SE"
32,6,441,"RG","SE"
11,27,441,"RG","SE"
83,2,441,"RG","SE"
312,1,442,"RG","SE"
38,3,442,"RG","SE"
44,30,442,"RG","SE"
481,2,442,"RG","SE"
51,2,442,"RG","SE"
67,9,442,"RG","SE"
548,1,442,"RG","SE"
65,4,442,"RG","SE"
78,21,442,"RG","SE"
87,1,442,"RG","SE"
539,1,442,"RG","SE"
32,6,442,"RG","SE"
11,27,442,"RG","SE"
545,1,442,"RG","SE"
28,50,442,"RG","SE"
64,9,442,"RG","SE"
392,1,442,"RG","SE"
80,6,442,"RG","SE"
7,21,442,"RG","SE"
28,50,442,"RG","SE"
22,4,442,"RG","SE"
14,30,442,"RG","SE"
77,17,442,"RG","SE"
15,2,442,"RG","SE"
418,1,442,"RG","SE"
76,4,442,"RG","SE"
10,1,442,"RG","SE"
61,50,442,"RG","SE"
80,6,442,"RG","SE"
45,1,442,"RG","SE"
54,39,442,"RG","SE"
61,50,443,"RG","SE"
33,12,443,"RG","SE"
544,1,443,"RG","SE"
14,30,443,"RG","SE"
539,1,443,"RG","SE"
16,3,443,"RG","SE"
78,21,443,"RG","SE"
89,1,443,"RG","SE"
548,1,443,"RG","SE"
33,12,443,"RG","SE"
51,2,443,"RG","SE"
91,5,443,"RG","SE"
80,6,443,"RG","SE"
545,1,443,"RG","SE"
32,6,443,"RG","SE"
11,27,443,"RG","SE"
12,11,443,"RG","SE"
26,59,443,"RG","SE"
54,39,443,"RG","SE"
36,3,443,"RG","SE"
67,9,443,"RG","SE"
77,17,443,"RG","SE"
80,6,443,"RG","SE"
481,2,443,"RG","SE"
72,9,443,"RG","SE"
61,50,443,"RG","SE"
21,7,443,"RG","SE"
57,9,443,"RG","SE"
17,5,443,"RG","SE"
42,1,443,"RG","SE"
15,2,443,"RG","SE"
12,11,444,"RG","SE"
51,2,444,"RG","SE"
548,1,444,"RG","SE"
80,6,444,"RG","SE"
544,1,444,"RG","SE"
27,2,444,"RG","SE"
65,4,444,"RG","SE"
545,1,444,"RG","SE"
26,59,444,"RG","SE"
83,2,444,"RG","SE"
5,4,444,"RG","SE"
20,7,444,"RG","SE"
49,1,444,"RG","SE"
14,30,444,"RG","SE"
17,5,444,"RG","SE"
57,9,444,"RG","SE"
45,1,444,"RG","SE"
4,5,444,"RG","SE"
14,30,444,"RG","SE"
44,30,444,"RG","SE"
22,4,444,"RG","SE"
312,1,444,"RG","SE"
7,21,444,"RG","SE"
12,11,444,"RG","SE"
418,1,444,"RG","SE"
28,50,444,"RG","SE"
87,1,444,"RG","SE"
77,17,444,"RG","SE"
54,39,444,"RG","SE"
32,6,444,"RG","SE"
481,2,444,"RG","SE"
535,3,445,"RG","SE"
547,1,445,"RG","SE"
42,1,445,"RG","SE"
80,6,445,"RG","SE"
16,3,445,"RG","SE"
33,12,445,"RG","SE"
36,3,445,"RG","SE"
545,1,445,"RG","SE"
87,1,445,"RG","SE"
64,9,445,"RG","SE"
28,50,445,"RG","SE"
78,21,445,"RG","SE"
45,1,445,"RG","SE"
76,4,445,"RG","SE"
67,9,445,"RG","SE"
22,4,445,"RG","SE"
544,1,445,"RG","SE"
26,59,445,"RG","SE"
548,1,445,"RG","SE"
72,9,445,"RG","SE"
91,5,445,"RG","SE"
67,9,445,"RG","SE"
10,1,445,"RG","SE"
312,1,445,"RG","SE"
91,5,445,"RG","SE"
77,17,445,"RG","SE"
20,7,445,"RG","SE"
5,4,445,"RG","SE"
19,5,445,"RG","SE"
418,1,445,"RG","SE"
14,30,445,"RG","SE"
28,50,446,"RG","SE"
49,1,446,"RG","SE"
20,7,446,"RG","SE"
67,9,446,"RG","SE"
418,1,446,"RG","SE"
38,3,446,"RG","SE"
44,30,446,"RG","SE"
17,5,446,"RG","SE"
12,11,446,"RG","SE"
32,6,446,"RG","SE"
89,1,446,"RG","SE"
20,7,446,"RG","SE"
3,5,446,"RG","SE"
57,9,446,"RG","SE"
45,1,446,"RG","SE"
36,3,446,"RG","SE"
312,1,446,"RG","SE"
87,1,446,"RG","SE"
7,21,446,"RG","SE"
14,30,446,"RG","SE"
83,2,446,"RG","SE"
11,27,446,"RG","SE"
27,2,446,"RG","SE"
61,50,446,"RG","SE"
42,1,446,"RG","SE"
44,30,446,"RG","SE"
544,1,446,"RG","SE"
21,7,446,"RG","SE"
57,9,446,"RG","SE"
77,17,446,"RG","SE"
548,1,446,"RG","SE"
21,7,447,"RG","SE"
12,11,447,"RG","SE"
312,1,447,"RG","SE"
61,50,447,"RG","SE"
42,1,447,"RG","SE"
72,9,447,"RG","SE"
3,5,447,"RG","SE"
28,50,447,"RG","SE"
77,17,447,"RG","SE"
548,1,447,"RG","SE"
64,9,447,"RG","SE"
65,4,447,"RG","SE"
539,1,447,"RG","SE"
5,4,447,"RG","SE"
78,21,447,"RG","SE"
91,5,447,"RG","SE"
16,3,447,"RG","SE"
89,1,447,"RG","SE"
19,5,447,"RG","SE"
67,9,447,"RG","SE"
11,27,447,"RG","SE"
32,6,447,"RG","SE"
7,21,447,"RG","SE"
72,9,447,"RG","SE"
51,2,447,"RG","SE"
418,1,447,"RG","SE"
61,50,447,"RG","SE"
44,30,447,"RG","SE"
33,12,447,"RG","SE"
13,1,447,"RG","SE"
14,30,447,"RG","SE"
61,50,448,"RG","SE"
78,21,448,"RG","SE"
89,1,448,"RG","SE"
20,7,448,"RG","SE"
83,2,448,"RG","SE"
76,4,448,"RG","SE"
87,1,448,"RG","SE"
418,1,448,"RG","SE"
51,2,448,"RG","SE"
32,6,448,"RG","SE"
67,9,448,"RG","SE"
65,4,448,"RG","SE"
4,5,448,"RG","SE"
72,9,448,"RG","SE"
5,4,448,"RG","SE"
64,9,448,"RG","SE"
80,6,448,"RG","SE"
7,21,448,"RG","SE"
80,6,448,"RG","SE"
19,5,448,"RG","SE"
72,9,448,"RG","SE"
17,5,448,"RG","SE"
54,39,448,"RG","SE"
547,1,448,"RG","SE"
545,1,448,"RG","SE"
14,30,448,"RG","SE"
11,27,448,"RG","SE"
14,30,448,"RG","SE"
77,17,448,"RG","SE"
91,5,448,"RG","SE"
36,3,448,"RG","SE"
67,9,449,"RG","SE"
57,9,449,"RG","SE"
392,1,449,"RG","SE"
15,2,449,"RG","SE"
91,5,449,"RG","SE"
72,9,449,"RG","SE"
32,6,449,"RG","SE"
64,9,449,"RG","SE"
33,12,449,"RG","SE"
33,12,449,"RG","SE"
44,30,449,"RG","SE"
3,5,449,"RG","SE"
85,15,449,"RG","SE"
26,59,449,"RG","SE"
20,7,449,"RG","SE"
36,3,449,"RG","SE"
535,3,449,"RG","SE"
86,2,449,"RG","SE"
539,1,449,"RG","SE"
27,2,449,"RG","SE"
78,21,449,"RG","SE"
61,50,449,"RG","SE"
20,7,449,"RG","SE"
548,1,449,"RG","SE"
14,30,449,"RG","SE"
13,1,449,"RG","SE"
49,1,449,"RG","SE"
72,9,449,"RG","SE"
76,4,449,"RG","SE"
12,11,449,"RG","SE"
14,30,449,"RG","SE"
25,1,450,"RG","SE"
14,30,450,"RG","SE"
17,5,450,"RG","SE"
44,30,450,"RG","SE"
86,2,450,"RG","SE"
548,1,450,"RG","SE"
77,17,450,"RG","SE"
7,21,450,"RG","SE"
57,9,450,"RG","SE"
42,1,450,"RG","SE"
51,2,450,"RG","SE"
12,11,450,"RG","SE"
20,7,450,"RG","SE"
87,1,450,"RG","SE"
14,30,450,"RG","SE"
78,21,450,"RG","SE"
78,21,450,"RG","SE"
19,5,450,"RG","SE"
4,5,450,"RG","SE"
21,7,450,"RG","SE"
72,9,450,"RG","SE"
61,50,450,"RG","SE"
51,2,450,"RG","SE"
67,9,450,"RG","SE"
91,5,450,"RG","SE"
15,2,450,"RG","SE"
32,6,450,"RG","SE"
77,17,450,"RG","SE"
49,1,450,"RG","SE"
392,1,450,"RG","SE"
33,12,450,"RG","SE"
49,1,451,"RG","SE"
14,30,451,"RG","SE"
20,7,451,"RG","SE"
312,1,451,"RG","SE"
22,4,451,"RG","SE"
28,50,451,"RG","SE"
91,5,451,"RG","SE"
11,27,451,"RG","SE"
57,9,451,"RG","SE"
78,21,451,"RG","SE"
51,2,451,"RG","SE"
7,21,451,"RG","SE"
392,1,451,"RG","SE"
61,50,451,"RG","SE"
7,21,451,"RG","SE"
85,15,451,"RG","SE"
3,5,451,"RG","SE"
83,2,451,"RG","SE"
26,59,451,"RG","SE"
42,1,451,"RG","SE"
89,1,451,"RG","SE"
68,5,451,"RG","SE"
25,1,451,"RG","SE"
548,1,451,"RG","SE"
27,2,451,"RG","SE"
76,4,451,"RG","SE"
78,21,451,"RG","SE"
5,4,451,"RG","SE"
32,6,451,"RG","SE"
12,11,451,"RG","SE"
57,9,451,"RG","SE"
76,4,452,"RG","SE"
61,50,452,"RG","SE"
72,9,452,"RG","SE"
7,21,452,"RG","SE"
80,6,452,"RG","SE"
32,6,452,"RG","SE"
312,1,452,"RG","SE"
7,21,452,"RG","SE"
10,1,452,"RG","SE"
418,1,452,"RG","SE"
15,2,452,"RG","SE"
68,5,452,"RG","SE"
392,1,452,"RG","SE"
33,12,452,"RG","SE"
17,5,452,"RG","SE"
89,1,452,"RG","SE"
26,59,452,"RG","SE"
57,9,452,"RG","SE"
545,1,452,"RG","SE"
21,7,452,"RG","SE"
86,2,452,"RG","SE"
77,17,452,"RG","SE"
45,1,452,"RG","SE"
5,4,452,"RG","SE"
87,1,452,"RG","SE"
33,12,452,"RG","SE"
42,1,452,"RG","SE"
4,5,452,"RG","SE"
28,50,452,"RG","SE"
65,4,452,"RG","SE"
72,9,452,"RG","SE"
57,9,453,"RG","SE"
19,5,453,"RG","SE"
15,2,453,"RG","SE"
33,12,453,"RG","SE"
21,7,453,"RG","SE"
86,2,453,"RG","SE"
544,1,453,"RG","SE"
68,5,453,"RG","SE"
26,59,453,"RG","SE"
83,2,453,"RG","SE"
547,1,453,"RG","SE"
72,9,453,"RG","SE"
51,2,453,"RG","SE"
26,59,453,"RG","SE"
312,1,453,"RG","SE"
32,6,453,"RG","SE"
49,1,453,"RG","SE"
11,27,453,"RG","SE"
548,1,453,"RG","SE"
535,3,453,"RG","SE"
42,1,453,"RG","SE"
36,3,453,"RG","SE"
545,1,453,"RG","SE"
418,1,453,"RG","SE"
77,17,453,"RG","SE"
45,1,453,"RG","SE"
27,2,453,"RG","SE"
11,27,453,"RG","SE"
539,1,453,"RG","SE"
91,5,453,"RG","SE"
44,30,453,"RG","SE"
91,5,454,"RG","SE"
13,1,454,"RG","SE"
68,5,454,"RG","SE"
14,30,454,"RG","SE"
33,12,454,"RG","SE"
544,1,454,"RG","SE"
83,2,454,"RG","SE"
91,5,454,"RG","SE"
61,50,454,"RG","SE"
87,1,454,"RG","SE"
61,50,454,"RG","SE"
72,9,454,"RG","SE"
77,17,454,"RG","SE"
312,1,454,"RG","SE"
67,9,454,"RG","SE"
26,59,454,"RG","SE"
26,59,454,"RG","SE"
57,9,454,"RG","SE"
20,7,454,"RG","SE"
21,7,454,"RG","SE"
32,6,454,"RG","SE"
7,21,454,"RG","SE"
45,1,454,"RG","SE"
78,21,454,"RG","SE"
51,2,454,"RG","SE"
5,4,454,"RG","SE"
77,17,454,"RG","SE"
65,4,454,"RG","SE"
67,9,454,"RG","SE"
392,1,454,"RG","SE"
44,30,454,"RG","SE"
28,50,455,"RG","SE"
49,1,455,"RG","SE"
77,17,455,"RG","SE"
20,7,455,"RG","SE"
10,1,455,"RG","SE"
57,9,455,"RG","SE"
7,21,455,"RG","SE"
64,9,455,"RG","SE"
77,17,455,"RG","SE"
13,1,455,"RG","SE"
36,3,455,"RG","SE"
78,21,455,"RG","SE"
38,3,455,"RG","SE"
12,11,455,"RG","SE"
312,1,455,"RG","SE"
33,12,455,"RG","SE"
11,27,455,"RG","SE"
14,30,455,"RG","SE"
12,11,455,"RG","SE"
76,4,455,"RG","SE"
72,9,455,"RG","SE"
28,50,455,"RG","SE"
86,2,455,"RG","SE"
11,27,455,"RG","SE"
68,5,455,"RG","SE"
26,59,455,"RG","SE"
61,50,455,"RG","SE"
87,1,455,"RG","SE"
547,1,455,"RG","SE"
539,1,455,"RG","SE"
535,3,455,"RG","SE"
15,2,456,"RG","SE"
539,1,456,"RG","SE"
44,30,456,"RG","SE"
481,2,456,"RG","SE"
7,21,456,"RG","SE"
32,6,456,"RG","SE"
12,11,456,"RG","SE"
83,2,456,"RG","SE"
72,9,456,"RG","SE"
68,5,456,"RG","SE"
392,1,456,"RG","SE"
20,7,456,"RG","SE"
10,1,456,"RG","SE"
85,15,456,"RG","SE"
65,4,456,"RG","SE"
27,2,456,"RG","SE"
17,5,456,"RG","SE"
57,9,456,"RG","SE"
77,17,456,"RG","SE"
25,1,456,"RG","SE"
38,3,456,"RG","SE"
51,2,456,"RG","SE"
80,6,456,"RG","SE"
87,1,456,"RG","SE"
33,12,456,"RG","SE"
547,1,456,"RG","SE"
28,50,456,"RG","SE"
7,21,456,"RG","SE"
312,1,456,"RG","SE"
5,4,456,"RG","SE"
36,3,456,"RG","SE"
89,1,457,"RG","SE"
51,2,457,"RG","SE"
64,9,457,"RG","SE"
392,1,457,"RG","SE"
545,1,457,"RG","SE"
44,30,457,"RG","SE"
16,3,457,"RG","SE"
51,2,457,"RG","SE"
22,4,457,"RG","SE"
33,12,457,"RG","SE"
10,1,457,"RG","SE"
38,3,457,"RG","SE"
547,1,457,"RG","SE"
26,59,457,"RG","SE"
15,2,457,"RG","SE"
20,7,457,"RG","SE"
45,1,457,"RG","SE"
5,4,457,"RG","SE"
85,15,457,"RG","SE"
481,2,457,"RG","SE"
4,5,457,"RG","SE"
544,1,457,"RG","SE"
7,21,457,"RG","SE"
67,9,457,"RG","SE"
11,27,457,"RG","SE"
17,5,457,"RG","SE"
61,50,457,"RG","SE"
83,2,457,"RG","SE"
57,9,457,"RG","SE"
87,1,457,"RG","SE"
80,6,457,"RG","SE"
22,4,458,"RG","SE"
51,2,458,"RG","SE"
16,3,458,"RG","SE"
64,9,458,"RG","SE"
32,6,458,"RG","SE"
21,7,458,"RG","SE"
20,7,458,"RG","SE"
12,11,458,"RG","SE"
65,4,458,"RG","SE"
33,12,458,"RG","SE"
13,1,458,"RG","SE"
86,2,458,"RG","SE"
80,6,458,"RG","SE"
80,6,458,"RG","SE"
38,3,458,"RG","SE"
61,50,458,"RG","SE"
547,1,458,"RG","SE"
5,4,458,"RG","SE"
85,15,458,"RG","SE"
544,1,458,"RG","SE"
89,1,458,"RG","SE"
26,59,458,"RG","SE"
4,5,458,"RG","SE"
44,30,458,"RG","SE"
42,1,458,"RG","SE"
25,1,458,"RG","SE"
418,1,458,"RG","SE"
36,3,458,"RG","SE"
51,2,458,"RG","SE"
545,1,458,"RG","SE"
91,5,458,"RG","SE"
57,9,459,"RG","SE"
61,50,459,"RG","SE"
418,1,459,"RG","SE"
13,1,459,"RG","SE"
26,59,459,"RG","SE"
89,1,459,"RG","SE"
392,1,459,"RG","SE"
19,5,459,"RG","SE"
51,2,459,"RG","SE"
54,39,459,"RG","SE"
547,1,459,"RG","SE"
10,1,459,"RG","SE"
65,4,459,"RG","SE"
42,1,459,"RG","SE"
38,3,459,"RG","SE"
32,6,459,"RG","SE"
539,1,459,"RG","SE"
28,50,459,"RG","SE"
76,4,459,"RG","SE"
57,9,459,"RG","SE"
67,9,459,"RG","SE"
33,12,459,"RG","SE"
83,2,459,"RG","SE"
91,5,459,"RG","SE"
80,6,459,"RG","SE"
11,27,459,"RG","SE"
17,5,459,"RG","SE"
312,1,459,"RG","SE"
51,2,459,"RG","SE"
20,7,459,"RG","SE"
27,2,459,"RG","SE"
33,12,460,"RG","SE"
57,9,460,"RG","SE"
5,4,460,"RG","SE"
26,59,460,"RG","SE"
539,1,460,"RG","SE"
3,5,460,"RG","SE"
64,9,460,"RG","SE"
54,39,460,"RG","SE"
51,2,460,"RG","SE"
32,6,460,"RG","SE"
11,27,460,"RG","SE"
57,9,460,"RG","SE"
25,1,460,"RG","SE"
418,1,460,"RG","SE"
72,9,460,"RG","SE"
32,6,460,"RG","SE"
20,7,460,"RG","SE"
85,15,460,"RG","SE"
20,7,460,"RG","SE"
12,11,460,"RG","SE"
12,11,460,"RG","SE"
36,3,460,"RG","SE"
535,3,460,"RG","SE"
87,1,460,"RG","SE"
38,3,460,"RG","SE"
72,9,460,"RG","SE"
547,1,460,"RG","SE"
80,6,460,"RG","SE"
61,50,460,"RG","SE"
83,2,460,"RG","SE"
44,30,460,"RG","SE"
36,3,461,"RG","SE"
54,39,461,"RG","SE"
65,4,461,"RG","SE"
61,50,461,"RG","SE"
85,15,461,"RG","SE"
87,1,461,"RG","SE"
76,4,461,"RG","SE"
45,1,461,"RG","SE"
28,50,461,"RG","SE"
14,30,461,"RG","SE"
418,1,461,"RG","SE"
91,5,461,"RG","SE"
80,6,461,"RG","SE"
3,5,461,"RG","SE"
77,17,461,"RG","SE"
44,30,461,"RG","SE"
535,3,461,"RG","SE"
312,1,461,"RG","SE"
539,1,461,"RG","SE"
68,5,461,"RG","SE"
72,9,461,"RG","SE"
548,1,461,"RG","SE"
544,1,461,"RG","SE"
80,6,461,"RG","SE"
11,27,461,"RG","SE"
32,6,461,"RG","SE"
61,50,461,"RG","SE"
72,9,461,"RG","SE"
89,1,461,"RG","SE"
22,4,461,"RG","SE"
4,5,461,"RG","SE"
12,11,462,"RG","SE"
61,50,462,"RG","SE"
44,30,462,"RG","SE"
20,7,462,"RG","SE"
80,6,462,"RG","SE"
83,2,462,"RG","SE"
12,11,462,"RG","SE"
22,4,462,"RG","SE"
36,3,462,"RG","SE"
418,1,462,"RG","SE"
57,9,462,"RG","SE"
545,1,462,"RG","SE"
85,15,462,"RG","SE"
548,1,462,"RG","SE"
27,2,462,"RG","SE"
11,27,462,"RG","SE"
91,5,462,"RG","SE"
535,3,462,"RG","SE"
16,3,462,"RG","SE"
51,2,462,"RG","SE"
67,9,462,"RG","SE"
547,1,462,"RG","SE"
32,6,462,"RG","SE"
544,1,462,"RG","SE"
14,30,462,"RG","SE"
86,2,462,"RG","SE"
42,1,462,"RG","SE"
87,1,462,"RG","SE"
17,5,462,"RG","SE"
72,9,462,"RG","SE"
51,2,462,"RG","SE"
44,30,463,"RG","SE"
5,4,463,"RG","SE"
22,4,463,"RG","SE"
16,3,463,"RG","SE"
15,2,463,"RG","SE"
547,1,463,"RG","SE"
312,1,463,"RG","SE"
36,3,463,"RG","SE"
72,9,463,"RG","SE"
76,4,463,"RG","SE"
68,5,463,"RG","SE"
548,1,463,"RG","SE"
7,21,463,"RG","SE"
535,3,463,"RG","SE"
49,1,463,"RG","SE"
28,50,463,"RG","SE"
3,5,463,"RG","SE"
67,9,463,"RG","SE"
64,9,463,"RG","SE"
33,12,463,"RG","SE"
87,1,463,"RG","SE"
86,2,463,"RG","SE"
418,1,463,"RG","SE"
25,1,463,"RG","SE"
544,1,463,"RG","SE"
26,59,463,"RG","SE"
89,1,463,"RG","SE"
17,5,463,"RG","SE"
28,50,463,"RG","SE"
72,9,463,"RG","SE"
481,2,463,"RG","SE"
7,21,464,"RG","SE"
86,2,464,"RG","SE"
78,21,464,"RG","SE"
91,5,464,"RG","SE"
544,1,464,"RG","SE"
61,50,464,"RG","SE"
535,3,464,"RG","SE"
12,11,464,"RG","SE"
32,6,464,"RG","SE"
67,9,464,"RG","SE"
78,21,464,"RG","SE"
27,2,464,"RG","SE"
80,6,464,"RG","SE"
11,27,464,"RG","SE"
10,1,464,"RG","SE"
481,2,464,"RG","SE"
312,1,464,"RG","SE"
44,30,464,"RG","SE"
418,1,464,"RG","SE"
36,3,464,"RG","SE"
545,1,464,"RG","SE"
28,50,464,"RG","SE"
392,1,464,"RG","SE"
80,6,464,"RG","SE"
20,7,464,"RG","SE"
44,30,464,"RG","SE"
72,9,464,"RG","SE"
57,9,464,"RG","SE"
38,3,464,"RG","SE"
65,4,464,"RG","SE"
22,4,464,"RG","SE"
76,4,465,"RG","SE"
17,5,465,"RG","SE"
36,3,465,"RG","SE"
544,1,465,"RG","SE"
51,2,465,"RG","SE"
44,30,465,"RG","SE"
72,9,465,"RG","SE"
21,7,465,"RG","SE"
7,21,465,"RG","SE"
64,9,465,"RG","SE"
535,3,465,"RG","SE"
5,4,465,"RG","SE"
32,6,465,"RG","SE"
61,50,465,"RG","SE"
33,12,465,"RG","SE"
20,7,465,"RG","SE"
312,1,465,"RG","SE"
61,50,465,"RG","SE"
20,7,465,"RG","SE"
7,21,465,"RG","SE"
32,6,465,"RG","SE"
85,15,465,"RG","SE"
67,9,465,"RG","SE"
91,5,465,"RG","SE"
4,5,465,"RG","SE"
19,5,465,"RG","SE"
49,1,465,"RG","SE"
44,30,465,"RG","SE"
77,17,465,"RG","SE"
25,1,465,"RG","SE"
548,1,465,"RG","SE"
14,30,466,"RG","SE"
535,3,466,"RG","SE"
14,30,466,"RG","SE"
86,2,466,"RG","SE"
76,4,466,"RG","SE"
418,1,466,"RG","SE"
65,4,466,"RG","SE"
91,5,466,"RG","SE"
481,2,466,"RG","SE"
21,7,466,"RG","SE"
67,9,466,"RG","SE"
32,6,466,"RG","SE"
12,11,466,"RG","SE"
5,4,466,"RG","SE"
548,1,466,"RG","SE"
22,4,466,"RG","SE"
77,17,466,"RG","SE"
61,50,466,"RG","SE"
11,27,466,"RG","SE"
45,1,466,"RG","SE"
85,15,466,"RG","SE"
16,3,466,"RG","SE"
33,12,466,"RG","SE"
32,6,466,"RG","SE"
27,2,466,"RG","SE"
78,21,466,"RG","SE"
68,5,466,"RG","SE"
80,6,466,"RG","SE"
26,59,466,"RG","SE"
80,6,466,"RG","SE"
20,7,466,"RG","SE"
548,1,467,"RG","SE"
12,11,467,"RG","SE"
12,11,467,"RG","SE"
80,6,467,"RG","SE"
14,30,467,"RG","SE"
61,50,467,"RG","SE"
51,2,467,"RG","SE"
67,9,467,"RG","SE"
54,39,467,"RG","SE"
28,50,467,"RG","SE"
544,1,467,"RG","SE"
10,1,467,"RG","SE"
33,12,467,"RG","SE"
25,1,467,"RG","SE"
3,5,467,"RG","SE"
13,1,467,"RG","SE"
78,21,467,"RG","SE"
21,7,467,"RG","SE"
20,7,467,"RG","SE"
86,2,467,"RG","SE"
33,12,467,"RG","SE"
45,1,467,"RG","SE"
91,5,467,"RG","SE"
16,3,467,"RG","SE"
17,5,467,"RG","SE"
91,5,467,"RG","SE"
72,9,467,"RG","SE"
38,3,467,"RG","SE"
11,27,467,"RG","SE"
72,9,467,"RG","SE"
65,4,467,"RG","SE"
44,30,468,"RG","SE"
54,39,468,"RG","SE"
26,59,468,"RG","SE"
28,50,468,"RG","SE"
548,1,468,"RG","SE"
64,9,468,"RG","SE"
91,5,468,"RG","SE"
545,1,468,"RG","SE"
392,1,468,"RG","SE"
49,1,468,"RG","SE"
67,9,468,"RG","SE"
16,3,468,"RG","SE"
61,50,468,"RG","SE"
14,30,468,"RG","SE"
57,9,468,"RG","SE"
72,9,468,"RG","SE"
22,4,468,"RG","SE"
42,1,468,"RG","SE"
15,2,468,"RG","SE"
68,5,468,"RG","SE"
20,7,468,"RG","SE"
32,6,468,"RG","SE"
80,6,468,"RG","SE"
27,2,468,"RG","SE"
11,27,468,"RG","SE"
44,30,468,"RG","SE"
25,1,468,"RG","SE"
76,4,468,"RG","SE"
535,3,468,"RG","SE"
57,9,468,"RG","SE"
312,1,468,"RG","SE"
33,12,469,"RG","SE"
11,27,469,"RG","SE"
89,1,469,"RG","SE"
545,1,469,"RG","SE"
87,1,469,"RG","SE"
26,59,469,"RG","SE"
22,4,469,"RG","SE"
312,1,469,"RG","SE"
11,27,469,"RG","SE"
77,17,469,"RG","SE"
548,1,469,"RG","SE"
20,7,469,"RG","SE"
77,17,469,"RG","SE"
10,1,469,"RG","SE"
91,5,469,"RG","SE"
32,6,469,"RG","SE"
25,1,469,"RG","SE"
78,21,469,"RG","SE"
80,6,469,"RG","SE"
42,1,469,"RG","SE"
7,21,469,"RG","SE"
21,7,469,"RG","SE"
86,2,469,"RG","SE"
20,7,469,"RG","SE"
544,1,469,"RG","SE"
547,1,469,"RG","SE"
44,30,469,"RG","SE"
392,1,469,"RG","SE"
12,11,469,"RG","SE"
54,39,469,"RG","SE"
72,9,469,"RG","SE"
33,12,470,"RG","SE"
17,5,470,"RG","SE"
57,9,470,"RG","SE"
89,1,470,"RG","SE"
77,17,470,"RG","SE"
539,1,470,"RG","SE"
28,50,470,"RG","SE"
85,15,470,"RG","SE"
548,1,470,"RG","SE"
32,6,470,"RG","SE"
72,9,470,"RG","SE"
545,1,470,"RG","SE"
13,1,470,"RG","SE"
10,1,470,"RG","SE"
77,17,470,"RG","SE"
547,1,470,"RG","SE"
32,6,470,"RG","SE"
36,3,470,"RG","SE"
57,9,470,"RG","SE"
51,2,470,"RG","SE"
20,7,470,"RG","SE"
25,1,470,"RG","SE"
12,11,470,"RG","SE"
87,1,470,"RG","SE"
61,50,470,"RG","SE"
20,7,470,"RG","SE"
7,21,470,"RG","SE"
72,9,470,"RG","SE"
86,2,470,"RG","SE"
14,30,470,"RG","SE"
65,4,470,"RG","SE"
481,2,471,"RG","SE"
51,2,471,"RG","SE"
76,4,471,"RG","SE"
45,1,471,"RG","SE"
20,7,471,"RG","SE"
91,5,471,"RG","SE"
32,6,471,"RG","SE"
87,1,471,"RG","SE"
54,39,471,"RG","SE"
392,1,471,"RG","SE"
57,9,471,"RG","SE"
15,2,471,"RG","SE"
12,11,471,"RG","SE"
20,7,471,"RG","SE"
44,30,471,"RG","SE"
4,5,471,"RG","SE"
539,1,471,"RG","SE"
14,30,471,"RG","SE"
67,9,471,"RG","SE"
72,9,471,"RG","SE"
545,1,471,"RG","SE"
77,17,471,"RG","SE"
11,27,471,"RG","SE"
89,1,471,"RG","SE"
80,6,471,"RG","SE"
418,1,471,"RG","SE"
548,1,471,"RG","SE"
17,5,471,"RG","SE"
51,2,471,"RG","SE"
67,9,471,"RG","SE"
78,21,471,"RG","SE"
38,3,472,"RG","SE"
89,1,472,"RG","SE"
83,2,472,"RG","SE"
54,39,472,"RG","SE"
17,5,472,"RG","SE"
539,1,472,"RG","SE"
25,1,472,"RG","SE"
67,9,472,"RG","SE"
20,7,472,"RG","SE"
20,7,472,"RG","SE"
3,5,472,"RG","SE"
57,9,472,"RG","SE"
7,21,472,"RG","SE"
544,1,472,"RG","SE"
12,11,472,"RG","SE"
49,1,472,"RG","SE"
65,4,472,"RG","SE"
51,2,472,"RG","SE"
76,4,472,"RG","SE"
32,6,472,"RG","SE"
11,27,472,"RG","SE"
44,30,472,"RG","SE"
64,9,472,"RG","SE"
44,30,472,"RG","SE"
87,1,472,"RG","SE"
7,21,472,"RG","SE"
78,21,472,"RG","SE"
28,50,472,"RG","SE"
72,9,472,"RG","SE"
11,27,472,"RG","SE"
418,1,472,"RG","SE"
21,7,473,"RG","SE"
26,59,473,"RG","SE"
61,50,473,"RG","SE"
77,17,473,"RG","SE"
89,1,473,"RG","SE"
10,1,473,"RG","SE"
86,2,473,"RG","SE"
547,1,473,"RG","SE"
61,50,473,"RG","SE"
312,1,473,"RG","SE"
28,50,473,"RG","SE"
72,9,473,"RG","SE"
14,30,473,"RG","SE"
87,1,473,"RG","SE"
3,5,473,"RG","SE"
392,1,473,"RG","SE"
12,11,473,"RG","SE"
535,3,473,"RG","SE"
7,21,473,"RG","SE"
11,27,473,"RG","SE"
51,2,473,"RG","SE"
44,30,473,"RG","SE"
16,3,473,"RG","SE"
77,17,473,"RG","SE"
19,5,473,"RG","SE"
68,5,473,"RG","SE"
65,4,473,"RG","SE"
57,9,473,"RG","SE"
20,7,473,"RG","SE"
80,6,473,"RG","SE"
17,5,473,"RG","SE"
14,30,474,"RG","SE"
61,50,474,"RG","SE"
87,1,474,"RG","SE"
12,11,474,"RG","SE"
21,7,474,"RG","SE"
51,2,474,"RG","SE"
32,6,474,"RG","SE"
5,4,474,"RG","SE"
85,15,474,"RG","SE"
51,2,474,"RG","SE"
14,30,474,"RG","SE"
544,1,474,"RG","SE"
68,5,474,"RG","SE"
77,17,474,"RG","SE"
78,21,474,"RG","SE"
67,9,474,"RG","SE"
25,1,474,"RG","SE"
65,4,474,"RG","SE"
44,30,474,"RG","SE"
77,17,474,"RG","SE"
418,1,474,"RG","SE"
12,11,474,"RG","SE"
38,3,474,"RG","SE"
7,21,474,"RG","SE"
539,1,474,"RG","SE"
36,3,474,"RG","SE"
61,50,474,"RG","SE"
33,12,474,"RG","SE"
54,39,474,"RG","SE"
32,6,474,"RG","SE"
91,5,474,"RG","SE"
68,5,475,"RG","SE"
5,4,475,"RG","SE"
51,2,475,"RG","SE"
91,5,475,"RG","SE"
12,11,475,"RG","SE"
83,2,475,"RG","SE"
21,7,475,"RG","SE"
547,1,475,"RG","SE"
481,2,475,"RG","SE"
86,2,475,"RG","SE"
11,27,475,"RG","SE"
64,9,475,"RG","SE"
78,21,475,"RG","SE"
16,3,475,"RG","SE"
78,21,475,"RG","SE"
11,27,475,"RG","SE"
42,1,475,"RG","SE"
91,5,475,"RG","SE"
85,15,475,"RG","SE"
14,30,475,"RG","SE"
33,12,475,"RG","SE"
57,9,475,"RG","SE"
87,1,475,"RG","SE"
45,1,475,"RG","SE"
10,1,475,"RG","SE"
13,1,475,"RG","SE"
61,50,475,"RG","SE"
25,1,475,"RG","SE"
548,1,475,"RG","SE"
33,12,475,"RG","SE"
3,5,475,"RG","SE"
312,1,476,"RG","SE"
36,3,476,"RG","SE"
91,5,476,"RG","SE"
77,17,476,"RG","SE"
20,7,476,"RG","SE"
65,4,476,"RG","SE"
535,3,476,"RG","SE"
72,9,476,"RG","SE"
481,2,476,"RG","SE"
89,1,476,"RG","SE"
22,4,476,"RG","SE"
15,2,476,"RG","SE"
57,9,476,"RG","SE"
67,9,476,"RG","SE"
7,21,476,"RG","SE"
85,15,476,"RG","SE"
76,4,476,"RG","SE"
42,1,476,"RG","SE"
11,27,476,"RG","SE"
20,7,476,"RG","SE"
51,2,476,"RG","SE"
67,9,476,"RG","SE"
14,30,476,"RG","SE"
19,5,476,"RG","SE"
33,12,476,"RG","SE"
44,30,476,"RG","SE"
68,5,476,"RG","SE"
83,2,476,"RG","SE"
38,3,476,"RG","SE"
80,6,476,"RG","SE"
3,5,476,"RG","SE"
12,11,477,"RG","SE"
28,50,477,"RG","SE"
13,1,477,"RG","SE"
12,11,477,"RG","SE"
33,12,477,"RG","SE"
14,30,477,"RG","SE"
17,5,477,"RG","SE"
20,7,477,"RG","SE"
87,1,477,"RG","SE"
86,2,477,"RG","SE"
64,9,477,"RG","SE"
32,6,477,"RG","SE"
77,17,477,"RG","SE"
45,1,477,"RG","SE"
392,1,477,"RG","SE"
38,3,477,"RG","SE"
36,3,477,"RG","SE"
15,2,477,"RG","SE"
7,21,477,"RG","SE"
44,30,477,"RG","SE"
89,1,477,"RG","SE"
65,4,477,"RG","SE"
312,1,477,"RG","SE"
44,30,477,"RG","SE"
21,7,477,"RG","SE"
26,59,477,"RG","SE"
548,1,477,"RG","SE"
76,4,477,"RG","SE"
80,6,477,"RG","SE"
27,2,477,"RG","SE"
80,6,477,"RG","SE"
57,9,478,"RG","SE"
83,2,478,"RG","SE"
32,6,478,"RG","SE"
7,21,478,"RG","SE"
42,1,478,"RG","SE"
87,1,478,"RG","SE"
91,5,478,"RG","SE"
67,9,478,"RG","SE"
36,3,478,"RG","SE"
16,3,478,"RG","SE"
20,7,478,"RG","SE"
312,1,478,"RG","SE"
78,21,478,"RG","SE"
22,4,478,"RG","SE"
11,27,478,"RG","SE"
545,1,478,"RG","SE"
392,1,478,"RG","SE"
54,39,478,"RG","SE"
26,59,478,"RG","SE"
32,6,478,"RG","SE"
5,4,478,"RG","SE"
3,5,478,"RG","SE"
21,7,478,"RG","SE"
544,1,478,"RG","SE"
4,5,478,"RG","SE"
12,11,478,"RG","SE"
25,1,478,"RG","SE"
61,50,478,"RG","SE"
80,6,478,"RG","SE"
77,17,478,"RG","SE"
80,6,478,"RG","SE"
49,1,479,"RG","SE"
67,9,479,"RG","SE"
544,1,479,"RG","SE"
545,1,479,"RG","SE"
32,6,479,"RG","SE"
20,7,479,"RG","SE"
19,5,479,"RG","SE"
76,4,479,"RG","SE"
68,5,479,"RG","SE"
44,30,479,"RG","SE"
44,30,479,"RG","SE"
51,2,479,"RG","SE"
33,12,479,"RG","SE"
11,27,479,"RG","SE"
7,21,479,"RG","SE"
14,30,479,"RG","SE"
87,1,479,"RG","SE"
80,6,479,"RG","SE"
21,7,479,"RG","SE"
45,1,479,"RG","SE"
13,1,479,"RG","SE"
65,4,479,"RG","SE"
61,50,479,"RG","SE"
77,17,479,"RG","SE"
15,2,479,"RG","SE"
36,3,479,"RG","SE"
61,50,479,"RG","SE"
42,1,479,"RG","SE"
4,5,479,"RG","SE"
86,2,479,"RG","SE"
7,21,479,"RG","SE"
33,12,480,"RG","SE"
12,11,480,"RG","SE"
27,2,480,"RG","SE"
72,9,480,"RG","SE"
26,59,480,"RG","SE"
65,4,480,"RG","SE"
20,7,480,"RG","SE"
77,17,480,"RG","SE"
78,21,480,"RG","SE"
67,9,480,"RG","SE"
25,1,480,"RG","SE"
87,1,480,"RG","SE"
312,1,480,"RG","SE"
32,6,480,"RG","SE"
21,7,480,"RG","SE"
16,3,480,"RG","SE"
67,9,480,"RG","SE"
26,59,480,"RG","SE"
77,17,480,"RG","SE"
392,1,480,"RG","SE"
85,15,480,"RG","SE"
44,30,480,"RG","SE"
80,6,480,"RG","SE"
64,9,480,"RG","SE"
80,6,480,"RG","SE"
544,1,480,"RG","SE"
14,30,480,"RG","SE"
3,5,480,"RG","SE"
49,1,480,"RG","SE"
57,9,480,"RG","SE"
545,1,480,"RG","SE"
14,30,481,"RG","SE"
72,9,481,"RG","SE"
36,3,481,"RG","SE"
5,4,481,"RG","SE"
26,59,481,"RG","SE"
26,59,481,"RG","SE"
91,5,481,"RG","SE"
76,4,481,"RG","SE"
20,7,481,"RG","SE"
45,1,481,"RG","SE"
16,3,481,"RG","SE"
51,2,481,"RG","SE"
33,12,481,"RG","SE"
68,5,481,"RG","SE"
42,1,481,"RG","SE"
418,1,481,"RG","SE"
72,9,481,"RG","SE"
61,50,481,"RG","SE"
86,2,481,"RG","SE"
87,1,481,"RG","SE"
539,1,481,"RG","SE"
57,9,481,"RG","SE"
80,6,481,"RG","SE"
77,17,481,"RG","SE"
15,2,481,"RG","SE"
80,6,481,"RG","SE"
13,1,481,"RG","SE"
12,11,481,"RG","SE"
548,1,481,"RG","SE"
78,21,481,"RG","SE"
65,4,481,"RG","SE"
78,21,482,"RG","SE"
57,9,482,"RG","SE"
14,30,482,"RG","SE"
38,3,482,"RG","SE"
64,9,482,"RG","SE"
10,1,482,"RG","SE"
544,1,482,"RG","SE"
539,1,482,"RG","SE"
61,50,482,"RG","SE"
3,5,482,"RG","SE"
11,27,482,"RG","SE"
80,6,482,"RG","SE"
78,21,482,"RG","SE"
545,1,482,"RG","SE"
28,50,482,"RG","SE"
72,9,482,"RG","SE"
51,2,482,"RG","SE"
68,5,482,"RG","SE"
5,4,482,"RG","SE"
57,9,482,"RG","SE"
86,2,482,"RG","SE"
535,3,482,"RG","SE"
77,17,482,"RG","SE"
14,30,482,"RG","SE"
4,5,482,"RG","SE"
26,59,482,"RG","SE"
49,1,482,"RG","SE"
85,15,482,"RG","SE"
312,1,482,"RG","SE"
7,21,482,"RG","SE"
13,1,482,"RG","SE"
28,50,483,"RG","SE"
7,21,483,"RG","SE"
57,9,483,"RG","SE"
76,4,483,"RG","SE"
51,2,483,"RG","SE"
19,5,483,"RG","SE"
54,39,483,"RG","SE"
44,30,483,"RG","SE"
91,5,483,"RG","SE"
11,27,483,"RG","SE"
80,6,483,"RG","SE"
26,59,483,"RG","SE"
10,1,483,"RG","SE"
78,21,483,"RG","SE"
17,5,483,"RG","SE"
392,1,483,"RG","SE"
61,50,483,"RG","SE"
38,3,483,"RG","SE"
67,9,483,"RG","SE"
22,4,483,"RG","SE"
45,1,483,"RG","SE"
64,9,483,"RG","SE"
545,1,483,"RG","SE"
7,21,483,"RG","SE"
20,7,483,"RG","SE"
544,1,483,"RG","SE"
3,5,483,"RG","SE"
548,1,483,"RG","SE"
547,1,483,"RG","SE"
87,1,483,"RG","SE"
20,7,483,"RG","SE"
16,3,484,"RG","SE"
61,50,484,"RG","SE"
17,5,484,"RG","SE"
544,1,484,"RG","SE"
67,9,484,"RG","SE"
91,5,484,"RG","SE"
11,27,484,"RG","SE"
32,6,484,"RG","SE"
13,1,484,"RG","SE"
65,4,484,"RG","SE"
77,17,484,"RG","SE"
545,1,484,"RG","SE"
26,59,484,"RG","SE"
87,1,484,"RG","SE"
45,1,484,"RG","SE"
33,12,484,"RG","SE"
78,21,484,"RG","SE"
539,1,484,"RG","SE"
67,9,484,"RG","SE"
15,2,484,"RG","SE"
38,3,484,"RG","SE"
14,30,484,"RG","SE"
51,2,484,"RG","SE"
3,5,484,"RG","SE"
80,6,484,"RG","SE"
548,1,484,"RG","SE"
83,2,484,"RG","SE"
535,3,484,"RG","SE"
36,3,484,"RG","SE"
86,2,484,"RG","SE"
12,11,484,"RG","SE"
12,11,485,"RG","SE"
33,12,485,"RG","SE"
22,4,485,"RG","SE"
86,2,485,"RG","SE"
20,7,485,"RG","SE"
61,50,485,"RG","SE"
20,7,485,"RG","SE"
51,2,485,"RG","SE"
4,5,485,"RG","SE"
32,6,485,"RG","SE"
89,1,485,"RG","SE"
57,9,485,"RG","SE"
27,2,485,"RG","SE"
91,5,485,"RG","SE"
42,1,485,"RG","SE"
77,17,485,"RG","SE"
12,11,485,"RG","SE"
17,5,485,"RG","SE"
539,1,485,"RG","SE"
418,1,485,"RG","SE"
33,12,485,"RG","SE"
7,21,485,"RG","SE"
72,9,485,"RG","SE"
91,5,485,"RG","SE"
45,1,485,"RG","SE"
16,3,485,"RG","SE"
85,15,485,"RG","SE"
544,1,485,"RG","SE"
54,39,485,"RG","SE"
65,4,485,"RG","SE"
481,2,485,"RG","SE"
54,39,486,"RG","SE"
15,2,486,"RG","SE"
78,21,486,"RG","SE"
61,50,486,"RG","SE"
25,1,486,"RG","SE"
17,5,486,"RG","SE"
32,6,486,"RG","SE"
13,1,486,"RG","SE"
11,27,486,"RG","SE"
85,15,486,"RG","SE"
7,21,486,"RG","SE"
33,12,486,"RG","SE"
27,2,486,"RG","SE"
77,17,486,"RG","SE"
51,2,486,"RG","SE"
83,2,486,"RG","SE"
16,3,486,"RG","SE"
3,5,486,"RG","SE"
77,17,486,"RG","SE"
36,3,486,"RG","SE"
5,4,486,"RG","SE"
80,6,486,"RG","SE"
45,1,486,"RG","SE"
12,11,486,"RG","SE"
12,11,486,"RG","SE"
539,1,486,"RG","SE"
481,2,486,"RG","SE"
14,30,486,"RG","SE"
76,4,486,"RG","SE"
57,9,486,"RG","SE"
11,27,486,"RG","SE"
83,2,487,"RG","SE"
38,3,487,"RG","SE"
539,1,487,"RG","SE"
16,3,487,"RG","SE"
68,5,487,"RG","SE"
7,21,487,"RG","SE"
78,21,487,"RG","SE"
77,17,487,"RG","SE"
44,30,487,"RG","SE"
21,7,487,"RG","SE"
14,30,487,"RG","SE"
17,5,487,"RG","SE"
25,1,487,"RG","SE"
4,5,487,"RG","SE"
57,9,487,"RG","SE"
67,9,487,"RG","SE"
72,9,487,"RG","SE"
547,1,487,"RG","SE"
61,50,487,"RG","SE"
80,6,487,"RG","SE"
12,11,487,"RG","SE"
36,3,487,"RG","SE"
78,21,487,"RG","SE"
544,1,487,"RG","SE"
76,4,487,"RG","SE"
28,50,487,"RG","SE"
54,39,487,"RG","SE"
51,2,487,"RG","SE"
7,21,487,"RG","SE"
45,1,487,"RG","SE"
33,12,487,"RG","SE"
67,9,488,"RG","SE"
76,4,488,"RG","SE"
36,3,488,"RG","SE"
33,12,488,"RG","SE"
4,5,488,"RG","SE"
57,9,488,"RG","SE"
16,3,488,"RG","SE"
67,9,488,"RG","SE"
26,59,488,"RG","SE"
15,2,488,"RG","SE"
72,9,488,"RG","SE"
57,9,488,"RG","SE"
12,11,488,"RG","SE"
86,2,488,"RG","SE"
10,1,488,"RG","SE"
17,5,488,"RG","SE"
61,50,488,"RG","SE"
80,6,488,"RG","SE"
7,21,488,"RG","SE"
78,21,488,"RG","SE"
12,11,488,"RG","SE"
20,7,488,"RG","SE"
7,21,488,"RG","SE"
42,1,488,"RG","SE"
64,9,488,"RG","SE"
22,4,488,"RG","SE"
91,5,488,"RG","SE"
45,1,488,"RG","SE"
26,59,488,"RG","SE"
14,30,488,"RG","SE"
11,27,488,"RG","SE"
32,6,489,"RG","SE"
76,4,489,"RG","SE"
64,9,489,"RG","SE"
22,4,489,"RG","SE"
13,1,489,"RG","SE"
42,1,489,"RG","SE"
80,6,489,"RG","SE"
15,2,489,"RG","SE"
12,11,489,"RG","SE"
33,12,489,"RG","SE"
25,1,489,"RG","SE"
392,1,489,"RG","SE"
78,21,489,"RG","SE"
77,17,489,"RG","SE"
61,50,489,"RG","SE"
20,7,489,"RG","SE"
51,2,489,"RG","SE"
20,7,489,"RG","SE"
12,11,489,"RG","SE"
86,2,489,"RG","SE"
16,3,489,"RG","SE"
87,1,489,"RG","SE"
77,17,489,"RG","SE"
535,3,489,"RG","SE"
36,3,489,"RG","SE"
44,30,489,"RG","SE"
11,27,489,"RG","SE"
51,2,489,"RG","SE"
28,50,489,"RG","SE"
547,1,489,"RG","SE"
38,3,489,"RG","SE"
28,50,490,"RG","SE"
17,5,490,"RG","SE"
27,2,490,"RG","SE"
3,5,490,"RG","SE"
33,12,490,"RG","SE"
312,1,490,"RG","SE"
14,30,490,"RG","SE"
16,3,490,"RG","SE"
80,6,490,"RG","SE"
61,50,490,"RG","SE"
28,50,490,"RG","SE"
65,4,490,"RG","SE"
14,30,490,"RG","SE"
535,3,490,"RG","SE"
22,4,490,"RG","SE"
481,2,490,"RG","SE"
20,7,490,"RG","SE"
80,6,490,"RG","SE"
68,5,490,"RG","SE"
7,21,490,"RG","SE"
19,5,490,"RG","SE"
57,9,490,"RG","SE"
21,7,490,"RG","SE"
89,1,490,"RG","SE"
67,9,490,"RG","SE"
15,2,490,"RG","SE"
86,2,490,"RG","SE"
26,59,490,"RG","SE"
547,1,490,"RG","SE"
51,2,490,"RG","SE"
87,1,490,"RG","SE"
20,7,491,"RG","SE"
392,1,491,"RG","SE"
61,50,491,"RG","SE"
32,6,491,"RG","SE"
42,1,491,"RG","SE"
67,9,491,"RG","SE"
38,3,491,"RG","SE"
76,4,491,"RG","SE"
72,9,491,"RG","SE"
4,5,491,"RG","SE"
13,1,491,"RG","SE"
85,15,491,"RG","SE"
539,1,491,"RG","SE"
91,5,491,"RG","SE"
26,59,491,"RG","SE"
22,4,491,"RG","SE"
51,2,491,"RG","SE"
86,2,491,"RG","SE"
67,9,491,"RG","SE"
27,2,491,"RG","SE"
33,12,491,"RG","SE"
12,11,491,"RG","SE"
20,7,491,"RG","SE"
10,1,491,"RG","SE"
11,27,491,"RG","SE"
5,4,491,"RG","SE"
78,21,491,"RG","SE"
49,1,491,"RG","SE"
61,50,491,"RG","SE"
64,9,491,"RG","SE"
3,5,491,"RG","SE"
68,5,492,"RG","SE"
72,9,492,"RG","SE"
14,30,492,"RG","SE"
61,50,492,"RG","SE"
4,5,492,"RG","SE"
76,4,492,"RG","SE"
21,7,492,"RG","SE"
13,1,492,"RG","SE"
33,12,492,"RG","SE"
77,17,492,"RG","SE"
42,1,492,"RG","SE"
547,1,492,"RG","SE"
312,1,492,"RG","SE"
545,1,492,"RG","SE"
85,15,492,"RG","SE"
19,5,492,"RG","SE"
87,1,492,"RG","SE"
14,30,492,"RG","SE"
12,11,492,"RG","SE"
32,6,492,"RG","SE"
80,6,492,"RG","SE"
45,1,492,"RG","SE"
64,9,492,"RG","SE"
86,2,492,"RG","SE"
49,1,492,"RG","SE"
91,5,492,"RG","SE"
26,59,492,"RG","SE"
67,9,492,"RG","SE"
44,30,492,"RG","SE"
28,50,492,"RG","SE"
15,2,492,"RG","SE"
12,11,493,"RG","SE"
26,59,493,"RG","SE"
65,4,493,"RG","SE"
77,17,493,"RG","SE"
87,1,493,"RG","SE"
89,1,493,"RG","SE"
17,5,493,"RG","SE"
16,3,493,"RG","SE"
14,30,493,"RG","SE"
547,1,493,"RG","SE"
61,50,493,"RG","SE"
26,59,493,"RG","SE"
28,50,493,"RG","SE"
7,21,493,"RG","SE"
72,9,493,"RG","SE"
77,17,493,"RG","SE"
80,6,493,"RG","SE"
49,1,493,"RG","SE"
45,1,493,"RG","SE"
13,1,493,"RG","SE"
42,1,493,"RG","SE"
54,39,493,"RG","SE"
392,1,493,"RG","SE"
91,5,493,"RG","SE"
15,2,493,"RG","SE"
51,2,493,"RG","SE"
44,30,493,"RG","SE"
481,2,493,"RG","SE"
539,1,493,"RG","SE"
312,1,493,"RG","SE"
19,5,493,"RG","SE"
67,9,494,"RG","SE"
22,4,494,"RG","SE"
51,2,494,"RG","SE"
44,30,494,"RG","SE"
57,9,494,"RG","SE"
26,59,494,"RG","SE"
20,7,494,"RG","SE"
72,9,494,"RG","SE"
86,2,494,"RG","SE"
78,21,494,"RG","SE"
418,1,494,"RG","SE"
539,1,494,"RG","SE"
83,2,494,"RG","SE"
65,4,494,"RG","SE"
87,1,494,"RG","SE"
61,50,494,"RG","SE"
11,27,494,"RG","SE"
80,6,494,"RG","SE"
38,3,494,"RG","SE"
3,5,494,"RG","SE"
392,1,494,"RG","SE"
12,11,494,"RG","SE"
89,1,494,"RG","SE"
76,4,494,"RG","SE"
57,9,494,"RG","SE"
20,7,494,"RG","SE"
91,5,494,"RG","SE"
535,3,494,"RG","SE"
78,21,494,"RG","SE"
21,7,494,"RG","SE"
25,1,494,"RG","SE"
65,4,495,"RG","SE"
28,50,495,"RG","SE"
544,1,495,"RG","SE"
12,11,495,"RG","SE"
80,6,495,"RG","SE"
77,17,495,"RG","SE"
547,1,495,"RG","SE"
11,27,495,"RG","SE"
78,21,495,"RG","SE"
57,9,495,"RG","SE"
45,1,495,"RG","SE"
33,12,495,"RG","SE"
91,5,495,"RG","SE"
38,3,495,"RG","SE"
61,50,495,"RG","SE"
44,30,495,"RG","SE"
7,21,495,"RG","SE"
14,30,495,"RG","SE"
87,1,495,"RG","SE"
28,50,495,"RG","SE"
481,2,495,"RG","SE"
76,4,495,"RG","SE"
68,5,495,"RG","SE"
418,1,495,"RG","SE"
57,9,495,"RG","SE"
21,7,495,"RG","SE"
67,9,495,"RG","SE"
10,1,495,"RG","SE"
49,1,495,"RG","SE"
77,17,495,"RG","SE"
32,6,495,"RG","SE"
86,2,496,"RG","SE"
45,1,496,"RG","SE"
87,1,496,"RG","SE"
33,12,496,"RG","SE"
3,5,496,"RG","SE"
83,2,496,"RG","SE"
545,1,496,"RG","SE"
7,21,496,"RG","SE"
28,50,496,"RG","SE"
20,7,496,"RG","SE"
42,1,496,"RG","SE"
22,4,496,"RG","SE"
547,1,496,"RG","SE"
19,5,496,"RG","SE"
85,15,496,"RG","SE"
4,5,496,"RG","SE"
91,5,496,"RG","SE"
80,6,496,"RG","SE"
21,7,496,"RG","SE"
544,1,496,"RG","SE"
54,39,496,"RG","SE"
539,1,496,"RG","SE"
20,7,496,"RG","SE"
72,9,496,"RG","SE"
38,3,496,"RG","SE"
7,21,496,"RG","SE"
76,4,496,"RG","SE"
91,5,496,"RG","SE"
65,4,496,"RG","SE"
13,1,496,"RG","SE"
51,2,496,"RG","SE"
20,7,497,"RG","SE"
36,3,497,"RG","SE"
64,9,497,"RG","SE"
91,5,497,"RG","SE"
83,2,497,"RG","SE"
89,1,497,"RG","SE"
481,2,497,"RG","SE"
3,5,497,"RG","SE"
61,50,497,"RG","SE"
61,50,497,"RG","SE"
535,3,497,"RG","SE"
26,59,497,"RG","SE"
392,1,497,"RG","SE"
32,6,497,"RG","SE"
57,9,497,"RG","SE"
33,12,497,"RG","SE"
547,1,497,"RG","SE"
49,1,497,"RG","SE"
72,9,497,"RG","SE"
26,59,497,"RG","SE"
10,1,497,"RG","SE"
44,30,497,"RG","SE"
67,9,497,"RG","SE"
25,1,497,"RG","SE"
91,5,497,"RG","SE"
20,7,497,"RG","SE"
4,5,497,"RG","SE"
27,2,497,"RG","SE"
76,4,497,"RG","SE"
418,1,497,"RG","SE"
72,9,497,"RG","SE"
15,2,498,"RG","SE"
27,2,498,"RG","SE"
7,21,498,"RG","SE"
16,3,498,"RG","SE"
44,30,498,"RG","SE"
67,9,498,"RG","SE"
5,4,498,"RG","SE"
26,59,498,"RG","SE"
80,6,498,"RG","SE"
13,1,498,"RG","SE"
77,17,498,"RG","SE"
85,15,498,"RG","SE"
32,6,498,"RG","SE"
78,21,498,"RG","SE"
91,5,498,"RG","SE"
4,5,498,"RG","SE"
42,1,498,"RG","SE"
22,4,498,"RG","SE"
87,1,498,"RG","SE"
44,30,498,"RG","SE"
19,5,498,"RG","SE"
68,5,498,"RG","SE"
57,9,498,"RG","SE"
36,3,498,"RG","SE"
49,1,498,"RG","SE"
20,7,498,"RG","SE"
72,9,498,"RG","SE"
20,7,498,"RG","SE"
33,12,498,"RG","SE"
548,1,498,"RG","SE"
51,2,498,"RG","SE"
65,4,499,"RG","SE"
91,5,499,"RG","SE"
44,30,499,"RG","SE"
539,1,499,"RG","SE"
38,3,499,"RG","SE"
14,30,499,"RG","SE"
32,6,499,"RG","SE"
54,39,499,"RG","SE"
28,50,499,"RG","SE"
17,5,499,"RG","SE"
32,6,499,"RG","SE"
85,15,499,"RG","SE"
26,59,499,"RG","SE"
68,5,499,"RG","SE"
13,1,499,"RG","SE"
87,1,499,"RG","SE"
45,1,499,"RG","SE"
78,21,499,"RG","SE"
418,1,499,"RG","SE"
42,1,499,"RG","SE"
28,50,499,"RG","SE"
10,1,499,"RG","SE"
72,9,499,"RG","SE"
19,5,499,"RG","SE"
61,50,499,"RG","SE"
7,21,499,"RG","SE"
76,4,499,"RG","SE"
86,2,499,"RG","SE"
80,6,499,"RG","SE"
77,17,499,"RG","SE"
61,50,499,"RG","SE"
80,6,500,"RG","SE"
83,2,500,"RG","SE"
535,3,500,"RG","SE"
17,5,500,"RG","SE"
28,50,500,"RG","SE"
418,1,500,"RG","SE"
11,27,500,"RG","SE"
21,7,500,"RG","SE"
77,17,500,"RG","SE"
7,21,500,"RG","SE"
5,4,500,"RG","SE"
13,1,500,"RG","SE"
32,6,500,"RG","SE"
78,21,500,"RG","SE"
548,1,500,"RG","SE"
45,1,500,"RG","SE"
22,4,500,"RG","SE"
67,9,500,"RG","SE"
67,9,500,"RG","SE"
12,11,500,"RG","SE"
91,5,500,"RG","SE"
49,1,500,"RG","SE"
20,7,500,"RG","SE"
26,59,500,"RG","SE"
72,9,500,"RG","SE"
57,9,500,"RG","SE"
33,12,500,"RG","SE"
545,1,500,"RG","SE"
61,50,500,"RG","SE"
14,30,500,"RG","SE"
392,1,500,"RG","SE"
