"species_rem","degree","iteration","habitat_from","management"
33,13,1,"GM","SI"
30,2,1,"GM","SI"
13,4,1,"GM","SI"
44,32,1,"GM","SI"
75,5,1,"GM","SI"
23,6,1,"GM","SI"
44,32,1,"GM","SI"
64,15,1,"GM","SI"
33,13,1,"GM","SI"
163,1,1,"GM","SI"
32,14,1,"GM","SI"
45,8,1,"GM","SI"
49,7,1,"GM","SI"
36,5,1,"GM","SI"
61,36,1,"GM","SI"
7,10,1,"GM","SI"
32,14,1,"GM","SI"
11,32,1,"GM","SI"
80,7,1,"GM","SI"
57,8,1,"GM","SI"
254,1,1,"GM","SI"
12,12,1,"GM","SI"
167,1,1,"GM","SI"
58,5,1,"GM","SI"
67,12,1,"GM","SI"
17,6,1,"GM","SI"
2,6,1,"GM","SI"
27,3,1,"GM","SI"
62,7,1,"GM","SI"
59,5,1,"GM","SI"
5,7,1,"GM","SI"
16,5,1,"GM","SI"
72,7,1,"GM","SI"
48,8,1,"GM","SI"
51,2,1,"GM","SI"
47,9,1,"GM","SI"
13,4,1,"GM","SI"
82,1,1,"GM","SI"
44,32,2,"GM","SI"
549,1,2,"GM","SI"
27,3,2,"GM","SI"
76,7,2,"GM","SI"
13,4,2,"GM","SI"
16,5,2,"GM","SI"
91,7,2,"GM","SI"
19,10,2,"GM","SI"
38,6,2,"GM","SI"
49,7,2,"GM","SI"
33,13,2,"GM","SI"
5,7,2,"GM","SI"
25,15,2,"GM","SI"
64,15,2,"GM","SI"
23,6,2,"GM","SI"
20,6,2,"GM","SI"
71,4,2,"GM","SI"
14,29,2,"GM","SI"
11,32,2,"GM","SI"
75,5,2,"GM","SI"
64,15,2,"GM","SI"
11,32,2,"GM","SI"
12,12,2,"GM","SI"
36,5,2,"GM","SI"
77,20,2,"GM","SI"
545,1,2,"GM","SI"
17,6,2,"GM","SI"
14,29,2,"GM","SI"
19,10,2,"GM","SI"
45,8,2,"GM","SI"
48,8,2,"GM","SI"
77,20,2,"GM","SI"
80,7,2,"GM","SI"
30,2,2,"GM","SI"
5,7,2,"GM","SI"
86,2,2,"GM","SI"
41,1,2,"GM","SI"
32,14,2,"GM","SI"
17,6,3,"GM","SI"
14,29,3,"GM","SI"
82,1,3,"GM","SI"
25,15,3,"GM","SI"
38,6,3,"GM","SI"
33,13,3,"GM","SI"
2,6,3,"GM","SI"
48,8,3,"GM","SI"
67,12,3,"GM","SI"
23,6,3,"GM","SI"
5,7,3,"GM","SI"
12,12,3,"GM","SI"
32,14,3,"GM","SI"
67,12,3,"GM","SI"
13,4,3,"GM","SI"
45,8,3,"GM","SI"
30,2,3,"GM","SI"
19,10,3,"GM","SI"
76,7,3,"GM","SI"
78,13,3,"GM","SI"
12,12,3,"GM","SI"
545,1,3,"GM","SI"
36,5,3,"GM","SI"
10,7,3,"GM","SI"
20,6,3,"GM","SI"
64,15,3,"GM","SI"
44,32,3,"GM","SI"
17,6,3,"GM","SI"
86,2,3,"GM","SI"
91,7,3,"GM","SI"
14,29,3,"GM","SI"
41,1,3,"GM","SI"
11,32,3,"GM","SI"
51,2,3,"GM","SI"
80,7,3,"GM","SI"
13,4,3,"GM","SI"
44,32,3,"GM","SI"
530,2,3,"GM","SI"
19,10,4,"GM","SI"
44,32,4,"GM","SI"
64,15,4,"GM","SI"
76,7,4,"GM","SI"
26,69,4,"GM","SI"
530,2,4,"GM","SI"
38,6,4,"GM","SI"
67,12,4,"GM","SI"
86,2,4,"GM","SI"
64,15,4,"GM","SI"
5,7,4,"GM","SI"
72,7,4,"GM","SI"
47,9,4,"GM","SI"
163,1,4,"GM","SI"
25,15,4,"GM","SI"
548,1,4,"GM","SI"
17,6,4,"GM","SI"
11,32,4,"GM","SI"
54,12,4,"GM","SI"
254,1,4,"GM","SI"
48,8,4,"GM","SI"
13,4,4,"GM","SI"
5,7,4,"GM","SI"
71,4,4,"GM","SI"
27,3,4,"GM","SI"
78,13,4,"GM","SI"
57,8,4,"GM","SI"
549,1,4,"GM","SI"
80,7,4,"GM","SI"
78,13,4,"GM","SI"
80,7,4,"GM","SI"
38,6,4,"GM","SI"
26,69,4,"GM","SI"
12,12,4,"GM","SI"
63,6,4,"GM","SI"
41,1,4,"GM","SI"
77,20,4,"GM","SI"
28,34,4,"GM","SI"
91,7,5,"GM","SI"
86,2,5,"GM","SI"
545,1,5,"GM","SI"
530,2,5,"GM","SI"
54,12,5,"GM","SI"
41,1,5,"GM","SI"
76,7,5,"GM","SI"
64,15,5,"GM","SI"
28,34,5,"GM","SI"
78,13,5,"GM","SI"
7,10,5,"GM","SI"
59,5,5,"GM","SI"
17,6,5,"GM","SI"
2,6,5,"GM","SI"
11,32,5,"GM","SI"
76,7,5,"GM","SI"
64,15,5,"GM","SI"
45,8,5,"GM","SI"
10,7,5,"GM","SI"
80,7,5,"GM","SI"
61,36,5,"GM","SI"
38,6,5,"GM","SI"
62,7,5,"GM","SI"
26,69,5,"GM","SI"
63,6,5,"GM","SI"
71,4,5,"GM","SI"
26,69,5,"GM","SI"
77,20,5,"GM","SI"
67,12,5,"GM","SI"
11,32,5,"GM","SI"
17,6,5,"GM","SI"
13,4,5,"GM","SI"
77,20,5,"GM","SI"
48,8,5,"GM","SI"
49,7,5,"GM","SI"
3,3,5,"GM","SI"
27,3,5,"GM","SI"
67,12,5,"GM","SI"
62,7,6,"GM","SI"
3,3,6,"GM","SI"
44,32,6,"GM","SI"
14,29,6,"GM","SI"
78,13,6,"GM","SI"
13,4,6,"GM","SI"
28,34,6,"GM","SI"
32,14,6,"GM","SI"
27,3,6,"GM","SI"
163,1,6,"GM","SI"
77,20,6,"GM","SI"
5,7,6,"GM","SI"
38,6,6,"GM","SI"
33,13,6,"GM","SI"
67,12,6,"GM","SI"
19,10,6,"GM","SI"
5,7,6,"GM","SI"
17,6,6,"GM","SI"
10,7,6,"GM","SI"
12,12,6,"GM","SI"
530,2,6,"GM","SI"
51,2,6,"GM","SI"
67,12,6,"GM","SI"
4,8,6,"GM","SI"
44,32,6,"GM","SI"
19,10,6,"GM","SI"
59,5,6,"GM","SI"
58,5,6,"GM","SI"
549,1,6,"GM","SI"
61,36,6,"GM","SI"
36,5,6,"GM","SI"
77,20,6,"GM","SI"
71,4,6,"GM","SI"
41,1,6,"GM","SI"
254,1,6,"GM","SI"
28,34,6,"GM","SI"
167,1,6,"GM","SI"
26,69,6,"GM","SI"
67,12,7,"GM","SI"
47,9,7,"GM","SI"
63,6,7,"GM","SI"
82,1,7,"GM","SI"
33,13,7,"GM","SI"
548,1,7,"GM","SI"
11,32,7,"GM","SI"
14,29,7,"GM","SI"
76,7,7,"GM","SI"
10,7,7,"GM","SI"
44,32,7,"GM","SI"
67,12,7,"GM","SI"
38,6,7,"GM","SI"
549,1,7,"GM","SI"
54,12,7,"GM","SI"
26,69,7,"GM","SI"
45,8,7,"GM","SI"
62,7,7,"GM","SI"
71,4,7,"GM","SI"
77,20,7,"GM","SI"
44,32,7,"GM","SI"
86,2,7,"GM","SI"
19,10,7,"GM","SI"
64,15,7,"GM","SI"
45,8,7,"GM","SI"
49,7,7,"GM","SI"
20,6,7,"GM","SI"
23,6,7,"GM","SI"
48,8,7,"GM","SI"
91,7,7,"GM","SI"
75,5,7,"GM","SI"
30,2,7,"GM","SI"
13,4,7,"GM","SI"
26,69,7,"GM","SI"
17,6,7,"GM","SI"
13,4,7,"GM","SI"
78,13,7,"GM","SI"
14,29,7,"GM","SI"
28,34,8,"GM","SI"
530,2,8,"GM","SI"
549,1,8,"GM","SI"
58,5,8,"GM","SI"
4,8,8,"GM","SI"
67,12,8,"GM","SI"
545,1,8,"GM","SI"
19,10,8,"GM","SI"
77,20,8,"GM","SI"
14,29,8,"GM","SI"
44,32,8,"GM","SI"
33,13,8,"GM","SI"
14,29,8,"GM","SI"
27,3,8,"GM","SI"
254,1,8,"GM","SI"
32,14,8,"GM","SI"
72,7,8,"GM","SI"
28,34,8,"GM","SI"
78,13,8,"GM","SI"
10,7,8,"GM","SI"
2,6,8,"GM","SI"
19,10,8,"GM","SI"
167,1,8,"GM","SI"
16,5,8,"GM","SI"
548,1,8,"GM","SI"
47,9,8,"GM","SI"
30,2,8,"GM","SI"
44,32,8,"GM","SI"
80,7,8,"GM","SI"
5,7,8,"GM","SI"
71,4,8,"GM","SI"
23,6,8,"GM","SI"
5,7,8,"GM","SI"
51,2,8,"GM","SI"
32,14,8,"GM","SI"
12,12,8,"GM","SI"
62,7,8,"GM","SI"
64,15,8,"GM","SI"
17,6,9,"GM","SI"
91,7,9,"GM","SI"
80,7,9,"GM","SI"
67,12,9,"GM","SI"
63,6,9,"GM","SI"
33,13,9,"GM","SI"
17,6,9,"GM","SI"
54,12,9,"GM","SI"
48,8,9,"GM","SI"
26,69,9,"GM","SI"
19,10,9,"GM","SI"
23,6,9,"GM","SI"
51,2,9,"GM","SI"
72,7,9,"GM","SI"
10,7,9,"GM","SI"
78,13,9,"GM","SI"
58,5,9,"GM","SI"
76,7,9,"GM","SI"
44,32,9,"GM","SI"
20,6,9,"GM","SI"
45,8,9,"GM","SI"
30,2,9,"GM","SI"
11,32,9,"GM","SI"
82,1,9,"GM","SI"
548,1,9,"GM","SI"
2,6,9,"GM","SI"
77,20,9,"GM","SI"
7,10,9,"GM","SI"
41,1,9,"GM","SI"
14,29,9,"GM","SI"
19,10,9,"GM","SI"
45,8,9,"GM","SI"
254,1,9,"GM","SI"
16,5,9,"GM","SI"
36,5,9,"GM","SI"
75,5,9,"GM","SI"
57,8,9,"GM","SI"
61,36,9,"GM","SI"
75,5,10,"GM","SI"
549,1,10,"GM","SI"
163,1,10,"GM","SI"
44,32,10,"GM","SI"
20,6,10,"GM","SI"
63,6,10,"GM","SI"
80,7,10,"GM","SI"
76,7,10,"GM","SI"
82,1,10,"GM","SI"
13,4,10,"GM","SI"
12,12,10,"GM","SI"
72,7,10,"GM","SI"
80,7,10,"GM","SI"
11,32,10,"GM","SI"
36,5,10,"GM","SI"
77,20,10,"GM","SI"
7,10,10,"GM","SI"
76,7,10,"GM","SI"
19,10,10,"GM","SI"
545,1,10,"GM","SI"
28,34,10,"GM","SI"
16,5,10,"GM","SI"
67,12,10,"GM","SI"
41,1,10,"GM","SI"
17,6,10,"GM","SI"
67,12,10,"GM","SI"
77,20,10,"GM","SI"
14,29,10,"GM","SI"
12,12,10,"GM","SI"
38,6,10,"GM","SI"
61,36,10,"GM","SI"
78,13,10,"GM","SI"
23,6,10,"GM","SI"
30,2,10,"GM","SI"
45,8,10,"GM","SI"
7,10,10,"GM","SI"
38,6,10,"GM","SI"
32,14,10,"GM","SI"
26,69,11,"GM","SI"
80,7,11,"GM","SI"
23,6,11,"GM","SI"
7,10,11,"GM","SI"
3,3,11,"GM","SI"
64,15,11,"GM","SI"
72,7,11,"GM","SI"
26,69,11,"GM","SI"
545,1,11,"GM","SI"
17,6,11,"GM","SI"
530,2,11,"GM","SI"
49,7,11,"GM","SI"
12,12,11,"GM","SI"
16,5,11,"GM","SI"
2,6,11,"GM","SI"
44,32,11,"GM","SI"
12,12,11,"GM","SI"
80,7,11,"GM","SI"
51,2,11,"GM","SI"
38,6,11,"GM","SI"
45,8,11,"GM","SI"
5,7,11,"GM","SI"
71,4,11,"GM","SI"
4,8,11,"GM","SI"
44,32,11,"GM","SI"
13,4,11,"GM","SI"
25,15,11,"GM","SI"
28,34,11,"GM","SI"
78,13,11,"GM","SI"
61,36,11,"GM","SI"
27,3,11,"GM","SI"
78,13,11,"GM","SI"
45,8,11,"GM","SI"
91,7,11,"GM","SI"
36,5,11,"GM","SI"
20,6,11,"GM","SI"
38,6,11,"GM","SI"
28,34,11,"GM","SI"
78,13,12,"GM","SI"
71,4,12,"GM","SI"
36,5,12,"GM","SI"
26,69,12,"GM","SI"
76,7,12,"GM","SI"
38,6,12,"GM","SI"
67,12,12,"GM","SI"
80,7,12,"GM","SI"
28,34,12,"GM","SI"
19,10,12,"GM","SI"
5,7,12,"GM","SI"
28,34,12,"GM","SI"
49,7,12,"GM","SI"
91,7,12,"GM","SI"
44,32,12,"GM","SI"
51,2,12,"GM","SI"
13,4,12,"GM","SI"
62,7,12,"GM","SI"
58,5,12,"GM","SI"
44,32,12,"GM","SI"
48,8,12,"GM","SI"
41,1,12,"GM","SI"
72,7,12,"GM","SI"
163,1,12,"GM","SI"
12,12,12,"GM","SI"
7,10,12,"GM","SI"
32,14,12,"GM","SI"
549,1,12,"GM","SI"
80,7,12,"GM","SI"
12,12,12,"GM","SI"
11,32,12,"GM","SI"
4,8,12,"GM","SI"
20,6,12,"GM","SI"
254,1,12,"GM","SI"
19,10,12,"GM","SI"
2,6,12,"GM","SI"
75,5,12,"GM","SI"
77,20,12,"GM","SI"
12,12,13,"GM","SI"
25,15,13,"GM","SI"
30,2,13,"GM","SI"
3,3,13,"GM","SI"
78,13,13,"GM","SI"
163,1,13,"GM","SI"
76,7,13,"GM","SI"
11,32,13,"GM","SI"
33,13,13,"GM","SI"
19,10,13,"GM","SI"
49,7,13,"GM","SI"
254,1,13,"GM","SI"
76,7,13,"GM","SI"
59,5,13,"GM","SI"
26,69,13,"GM","SI"
7,10,13,"GM","SI"
23,6,13,"GM","SI"
75,5,13,"GM","SI"
80,7,13,"GM","SI"
71,4,13,"GM","SI"
44,32,13,"GM","SI"
67,12,13,"GM","SI"
13,4,13,"GM","SI"
12,12,13,"GM","SI"
32,14,13,"GM","SI"
67,12,13,"GM","SI"
61,36,13,"GM","SI"
28,34,13,"GM","SI"
57,8,13,"GM","SI"
4,8,13,"GM","SI"
80,7,13,"GM","SI"
7,10,13,"GM","SI"
64,15,13,"GM","SI"
10,7,13,"GM","SI"
13,4,13,"GM","SI"
14,29,13,"GM","SI"
51,2,13,"GM","SI"
86,2,13,"GM","SI"
2,6,14,"GM","SI"
254,1,14,"GM","SI"
17,6,14,"GM","SI"
14,29,14,"GM","SI"
12,12,14,"GM","SI"
11,32,14,"GM","SI"
28,34,14,"GM","SI"
28,34,14,"GM","SI"
3,3,14,"GM","SI"
49,7,14,"GM","SI"
530,2,14,"GM","SI"
12,12,14,"GM","SI"
19,10,14,"GM","SI"
5,7,14,"GM","SI"
48,8,14,"GM","SI"
82,1,14,"GM","SI"
25,15,14,"GM","SI"
78,13,14,"GM","SI"
10,7,14,"GM","SI"
54,12,14,"GM","SI"
51,2,14,"GM","SI"
64,15,14,"GM","SI"
163,1,14,"GM","SI"
72,7,14,"GM","SI"
71,4,14,"GM","SI"
38,6,14,"GM","SI"
63,6,14,"GM","SI"
62,7,14,"GM","SI"
4,8,14,"GM","SI"
59,5,14,"GM","SI"
80,7,14,"GM","SI"
58,5,14,"GM","SI"
549,1,14,"GM","SI"
48,8,14,"GM","SI"
26,69,14,"GM","SI"
75,5,14,"GM","SI"
16,5,14,"GM","SI"
13,4,14,"GM","SI"
28,34,15,"GM","SI"
5,7,15,"GM","SI"
2,6,15,"GM","SI"
58,5,15,"GM","SI"
62,7,15,"GM","SI"
10,7,15,"GM","SI"
254,1,15,"GM","SI"
80,7,15,"GM","SI"
44,32,15,"GM","SI"
82,1,15,"GM","SI"
33,13,15,"GM","SI"
11,32,15,"GM","SI"
45,8,15,"GM","SI"
20,6,15,"GM","SI"
12,12,15,"GM","SI"
545,1,15,"GM","SI"
163,1,15,"GM","SI"
7,10,15,"GM","SI"
5,7,15,"GM","SI"
91,7,15,"GM","SI"
59,5,15,"GM","SI"
76,7,15,"GM","SI"
76,7,15,"GM","SI"
167,1,15,"GM","SI"
80,7,15,"GM","SI"
19,10,15,"GM","SI"
67,12,15,"GM","SI"
12,12,15,"GM","SI"
49,7,15,"GM","SI"
64,15,15,"GM","SI"
77,20,15,"GM","SI"
530,2,15,"GM","SI"
54,12,15,"GM","SI"
28,34,15,"GM","SI"
16,5,15,"GM","SI"
19,10,15,"GM","SI"
32,14,15,"GM","SI"
57,8,15,"GM","SI"
14,29,16,"GM","SI"
91,7,16,"GM","SI"
38,6,16,"GM","SI"
72,7,16,"GM","SI"
26,69,16,"GM","SI"
75,5,16,"GM","SI"
64,15,16,"GM","SI"
80,7,16,"GM","SI"
28,34,16,"GM","SI"
76,7,16,"GM","SI"
78,13,16,"GM","SI"
11,32,16,"GM","SI"
64,15,16,"GM","SI"
77,20,16,"GM","SI"
51,2,16,"GM","SI"
25,15,16,"GM","SI"
76,7,16,"GM","SI"
11,32,16,"GM","SI"
45,8,16,"GM","SI"
10,7,16,"GM","SI"
86,2,16,"GM","SI"
48,8,16,"GM","SI"
16,5,16,"GM","SI"
5,7,16,"GM","SI"
32,14,16,"GM","SI"
67,12,16,"GM","SI"
19,10,16,"GM","SI"
19,10,16,"GM","SI"
30,2,16,"GM","SI"
17,6,16,"GM","SI"
20,6,16,"GM","SI"
78,13,16,"GM","SI"
48,8,16,"GM","SI"
63,6,16,"GM","SI"
44,32,16,"GM","SI"
38,6,16,"GM","SI"
167,1,16,"GM","SI"
26,69,16,"GM","SI"
28,34,17,"GM","SI"
11,32,17,"GM","SI"
14,29,17,"GM","SI"
78,13,17,"GM","SI"
76,7,17,"GM","SI"
48,8,17,"GM","SI"
545,1,17,"GM","SI"
13,4,17,"GM","SI"
61,36,17,"GM","SI"
77,20,17,"GM","SI"
80,7,17,"GM","SI"
36,5,17,"GM","SI"
80,7,17,"GM","SI"
47,9,17,"GM","SI"
54,12,17,"GM","SI"
41,1,17,"GM","SI"
45,8,17,"GM","SI"
32,14,17,"GM","SI"
12,12,17,"GM","SI"
12,12,17,"GM","SI"
5,7,17,"GM","SI"
33,13,17,"GM","SI"
17,6,17,"GM","SI"
20,6,17,"GM","SI"
67,12,17,"GM","SI"
58,5,17,"GM","SI"
5,7,17,"GM","SI"
38,6,17,"GM","SI"
3,3,17,"GM","SI"
49,7,17,"GM","SI"
78,13,17,"GM","SI"
19,10,17,"GM","SI"
23,6,17,"GM","SI"
44,32,17,"GM","SI"
14,29,17,"GM","SI"
26,69,17,"GM","SI"
76,7,17,"GM","SI"
254,1,17,"GM","SI"
548,1,18,"GM","SI"
167,1,18,"GM","SI"
7,10,18,"GM","SI"
77,20,18,"GM","SI"
54,12,18,"GM","SI"
30,2,18,"GM","SI"
64,15,18,"GM","SI"
45,8,18,"GM","SI"
14,29,18,"GM","SI"
91,7,18,"GM","SI"
530,2,18,"GM","SI"
33,13,18,"GM","SI"
38,6,18,"GM","SI"
38,6,18,"GM","SI"
19,10,18,"GM","SI"
75,5,18,"GM","SI"
545,1,18,"GM","SI"
2,6,18,"GM","SI"
76,7,18,"GM","SI"
32,14,18,"GM","SI"
11,32,18,"GM","SI"
17,6,18,"GM","SI"
28,34,18,"GM","SI"
7,10,18,"GM","SI"
5,7,18,"GM","SI"
58,5,18,"GM","SI"
57,8,18,"GM","SI"
41,1,18,"GM","SI"
5,7,18,"GM","SI"
67,12,18,"GM","SI"
59,5,18,"GM","SI"
26,69,18,"GM","SI"
12,12,18,"GM","SI"
82,1,18,"GM","SI"
163,1,18,"GM","SI"
67,12,18,"GM","SI"
28,34,18,"GM","SI"
27,3,18,"GM","SI"
23,6,19,"GM","SI"
75,5,19,"GM","SI"
28,34,19,"GM","SI"
11,32,19,"GM","SI"
47,9,19,"GM","SI"
58,5,19,"GM","SI"
48,8,19,"GM","SI"
38,6,19,"GM","SI"
25,15,19,"GM","SI"
12,12,19,"GM","SI"
11,32,19,"GM","SI"
14,29,19,"GM","SI"
254,1,19,"GM","SI"
12,12,19,"GM","SI"
67,12,19,"GM","SI"
51,2,19,"GM","SI"
91,7,19,"GM","SI"
38,6,19,"GM","SI"
2,6,19,"GM","SI"
30,2,19,"GM","SI"
67,12,19,"GM","SI"
27,3,19,"GM","SI"
80,7,19,"GM","SI"
4,8,19,"GM","SI"
77,20,19,"GM","SI"
13,4,19,"GM","SI"
33,13,19,"GM","SI"
20,6,19,"GM","SI"
44,32,19,"GM","SI"
549,1,19,"GM","SI"
33,13,19,"GM","SI"
78,13,19,"GM","SI"
3,3,19,"GM","SI"
5,7,19,"GM","SI"
80,7,19,"GM","SI"
530,2,19,"GM","SI"
57,8,19,"GM","SI"
62,7,19,"GM","SI"
10,7,20,"GM","SI"
13,4,20,"GM","SI"
47,9,20,"GM","SI"
7,10,20,"GM","SI"
48,8,20,"GM","SI"
17,6,20,"GM","SI"
67,12,20,"GM","SI"
23,6,20,"GM","SI"
49,7,20,"GM","SI"
45,8,20,"GM","SI"
72,7,20,"GM","SI"
77,20,20,"GM","SI"
12,12,20,"GM","SI"
44,32,20,"GM","SI"
14,29,20,"GM","SI"
163,1,20,"GM","SI"
19,10,20,"GM","SI"
25,15,20,"GM","SI"
27,3,20,"GM","SI"
51,2,20,"GM","SI"
32,14,20,"GM","SI"
4,8,20,"GM","SI"
91,7,20,"GM","SI"
545,1,20,"GM","SI"
32,14,20,"GM","SI"
54,12,20,"GM","SI"
80,7,20,"GM","SI"
548,1,20,"GM","SI"
61,36,20,"GM","SI"
19,10,20,"GM","SI"
254,1,20,"GM","SI"
57,8,20,"GM","SI"
12,12,20,"GM","SI"
78,13,20,"GM","SI"
28,34,20,"GM","SI"
44,32,20,"GM","SI"
59,5,20,"GM","SI"
7,10,20,"GM","SI"
167,1,21,"GM","SI"
67,12,21,"GM","SI"
3,3,21,"GM","SI"
82,1,21,"GM","SI"
59,5,21,"GM","SI"
48,8,21,"GM","SI"
28,34,21,"GM","SI"
530,2,21,"GM","SI"
71,4,21,"GM","SI"
549,1,21,"GM","SI"
36,5,21,"GM","SI"
91,7,21,"GM","SI"
63,6,21,"GM","SI"
54,12,21,"GM","SI"
80,7,21,"GM","SI"
13,4,21,"GM","SI"
25,15,21,"GM","SI"
76,7,21,"GM","SI"
2,6,21,"GM","SI"
548,1,21,"GM","SI"
10,7,21,"GM","SI"
26,69,21,"GM","SI"
19,10,21,"GM","SI"
11,32,21,"GM","SI"
72,7,21,"GM","SI"
28,34,21,"GM","SI"
49,7,21,"GM","SI"
23,6,21,"GM","SI"
75,5,21,"GM","SI"
51,2,21,"GM","SI"
30,2,21,"GM","SI"
45,8,21,"GM","SI"
545,1,21,"GM","SI"
32,14,21,"GM","SI"
32,14,21,"GM","SI"
48,8,21,"GM","SI"
17,6,21,"GM","SI"
20,6,21,"GM","SI"
64,15,22,"GM","SI"
3,3,22,"GM","SI"
13,4,22,"GM","SI"
17,6,22,"GM","SI"
91,7,22,"GM","SI"
61,36,22,"GM","SI"
530,2,22,"GM","SI"
11,32,22,"GM","SI"
25,15,22,"GM","SI"
78,13,22,"GM","SI"
28,34,22,"GM","SI"
47,9,22,"GM","SI"
76,7,22,"GM","SI"
14,29,22,"GM","SI"
67,12,22,"GM","SI"
5,7,22,"GM","SI"
80,7,22,"GM","SI"
54,12,22,"GM","SI"
545,1,22,"GM","SI"
45,8,22,"GM","SI"
23,6,22,"GM","SI"
549,1,22,"GM","SI"
32,14,22,"GM","SI"
19,10,22,"GM","SI"
36,5,22,"GM","SI"
26,69,22,"GM","SI"
44,32,22,"GM","SI"
4,8,22,"GM","SI"
44,32,22,"GM","SI"
75,5,22,"GM","SI"
167,1,22,"GM","SI"
57,8,22,"GM","SI"
38,6,22,"GM","SI"
49,7,22,"GM","SI"
78,13,22,"GM","SI"
26,69,22,"GM","SI"
17,6,22,"GM","SI"
254,1,22,"GM","SI"
14,29,23,"GM","SI"
44,32,23,"GM","SI"
80,7,23,"GM","SI"
23,6,23,"GM","SI"
33,13,23,"GM","SI"
33,13,23,"GM","SI"
86,2,23,"GM","SI"
13,4,23,"GM","SI"
54,12,23,"GM","SI"
41,1,23,"GM","SI"
82,1,23,"GM","SI"
51,2,23,"GM","SI"
14,29,23,"GM","SI"
67,12,23,"GM","SI"
76,7,23,"GM","SI"
2,6,23,"GM","SI"
38,6,23,"GM","SI"
77,20,23,"GM","SI"
71,4,23,"GM","SI"
27,3,23,"GM","SI"
32,14,23,"GM","SI"
58,5,23,"GM","SI"
19,10,23,"GM","SI"
19,10,23,"GM","SI"
78,13,23,"GM","SI"
3,3,23,"GM","SI"
20,6,23,"GM","SI"
76,7,23,"GM","SI"
4,8,23,"GM","SI"
11,32,23,"GM","SI"
38,6,23,"GM","SI"
57,8,23,"GM","SI"
36,5,23,"GM","SI"
7,10,23,"GM","SI"
12,12,23,"GM","SI"
45,8,23,"GM","SI"
545,1,23,"GM","SI"
11,32,23,"GM","SI"
3,3,24,"GM","SI"
45,8,24,"GM","SI"
67,12,24,"GM","SI"
33,13,24,"GM","SI"
545,1,24,"GM","SI"
62,7,24,"GM","SI"
91,7,24,"GM","SI"
77,20,24,"GM","SI"
78,13,24,"GM","SI"
17,6,24,"GM","SI"
14,29,24,"GM","SI"
32,14,24,"GM","SI"
32,14,24,"GM","SI"
86,2,24,"GM","SI"
27,3,24,"GM","SI"
47,9,24,"GM","SI"
59,5,24,"GM","SI"
63,6,24,"GM","SI"
25,15,24,"GM","SI"
77,20,24,"GM","SI"
64,15,24,"GM","SI"
38,6,24,"GM","SI"
12,12,24,"GM","SI"
11,32,24,"GM","SI"
13,4,24,"GM","SI"
72,7,24,"GM","SI"
61,36,24,"GM","SI"
64,15,24,"GM","SI"
13,4,24,"GM","SI"
28,34,24,"GM","SI"
4,8,24,"GM","SI"
17,6,24,"GM","SI"
530,2,24,"GM","SI"
44,32,24,"GM","SI"
54,12,24,"GM","SI"
549,1,24,"GM","SI"
44,32,24,"GM","SI"
12,12,24,"GM","SI"
13,4,25,"GM","SI"
16,5,25,"GM","SI"
38,6,25,"GM","SI"
82,1,25,"GM","SI"
30,2,25,"GM","SI"
17,6,25,"GM","SI"
78,13,25,"GM","SI"
27,3,25,"GM","SI"
51,2,25,"GM","SI"
7,10,25,"GM","SI"
2,6,25,"GM","SI"
5,7,25,"GM","SI"
14,29,25,"GM","SI"
61,36,25,"GM","SI"
12,12,25,"GM","SI"
76,7,25,"GM","SI"
77,20,25,"GM","SI"
5,7,25,"GM","SI"
45,8,25,"GM","SI"
44,32,25,"GM","SI"
7,10,25,"GM","SI"
28,34,25,"GM","SI"
64,15,25,"GM","SI"
26,69,25,"GM","SI"
44,32,25,"GM","SI"
20,6,25,"GM","SI"
11,32,25,"GM","SI"
67,12,25,"GM","SI"
32,14,25,"GM","SI"
17,6,25,"GM","SI"
545,1,25,"GM","SI"
163,1,25,"GM","SI"
14,29,25,"GM","SI"
67,12,25,"GM","SI"
549,1,25,"GM","SI"
76,7,25,"GM","SI"
33,13,25,"GM","SI"
63,6,25,"GM","SI"
80,7,26,"GM","SI"
67,12,26,"GM","SI"
45,8,26,"GM","SI"
14,29,26,"GM","SI"
51,2,26,"GM","SI"
10,7,26,"GM","SI"
91,7,26,"GM","SI"
45,8,26,"GM","SI"
13,4,26,"GM","SI"
163,1,26,"GM","SI"
38,6,26,"GM","SI"
44,32,26,"GM","SI"
61,36,26,"GM","SI"
2,6,26,"GM","SI"
20,6,26,"GM","SI"
530,2,26,"GM","SI"
25,15,26,"GM","SI"
11,32,26,"GM","SI"
63,6,26,"GM","SI"
17,6,26,"GM","SI"
19,10,26,"GM","SI"
3,3,26,"GM","SI"
82,1,26,"GM","SI"
12,12,26,"GM","SI"
28,34,26,"GM","SI"
47,9,26,"GM","SI"
71,4,26,"GM","SI"
49,7,26,"GM","SI"
48,8,26,"GM","SI"
78,13,26,"GM","SI"
28,34,26,"GM","SI"
36,5,26,"GM","SI"
23,6,26,"GM","SI"
77,20,26,"GM","SI"
30,2,26,"GM","SI"
16,5,26,"GM","SI"
11,32,26,"GM","SI"
59,5,26,"GM","SI"
54,12,27,"GM","SI"
25,15,27,"GM","SI"
86,2,27,"GM","SI"
17,6,27,"GM","SI"
77,20,27,"GM","SI"
71,4,27,"GM","SI"
28,34,27,"GM","SI"
57,8,27,"GM","SI"
91,7,27,"GM","SI"
48,8,27,"GM","SI"
17,6,27,"GM","SI"
80,7,27,"GM","SI"
47,9,27,"GM","SI"
7,10,27,"GM","SI"
48,8,27,"GM","SI"
58,5,27,"GM","SI"
7,10,27,"GM","SI"
36,5,27,"GM","SI"
26,69,27,"GM","SI"
11,32,27,"GM","SI"
76,7,27,"GM","SI"
23,6,27,"GM","SI"
5,7,27,"GM","SI"
3,3,27,"GM","SI"
67,12,27,"GM","SI"
5,7,27,"GM","SI"
16,5,27,"GM","SI"
254,1,27,"GM","SI"
78,13,27,"GM","SI"
64,15,27,"GM","SI"
59,5,27,"GM","SI"
80,7,27,"GM","SI"
33,13,27,"GM","SI"
27,3,27,"GM","SI"
44,32,27,"GM","SI"
63,6,27,"GM","SI"
38,6,27,"GM","SI"
76,7,27,"GM","SI"
61,36,28,"GM","SI"
14,29,28,"GM","SI"
5,7,28,"GM","SI"
48,8,28,"GM","SI"
67,12,28,"GM","SI"
23,6,28,"GM","SI"
38,6,28,"GM","SI"
10,7,28,"GM","SI"
80,7,28,"GM","SI"
62,7,28,"GM","SI"
77,20,28,"GM","SI"
27,3,28,"GM","SI"
11,32,28,"GM","SI"
44,32,28,"GM","SI"
28,34,28,"GM","SI"
25,15,28,"GM","SI"
76,7,28,"GM","SI"
63,6,28,"GM","SI"
51,2,28,"GM","SI"
54,12,28,"GM","SI"
44,32,28,"GM","SI"
26,69,28,"GM","SI"
254,1,28,"GM","SI"
12,12,28,"GM","SI"
78,13,28,"GM","SI"
17,6,28,"GM","SI"
26,69,28,"GM","SI"
78,13,28,"GM","SI"
38,6,28,"GM","SI"
71,4,28,"GM","SI"
549,1,28,"GM","SI"
17,6,28,"GM","SI"
14,29,28,"GM","SI"
545,1,28,"GM","SI"
48,8,28,"GM","SI"
19,10,28,"GM","SI"
163,1,28,"GM","SI"
77,20,28,"GM","SI"
67,12,29,"GM","SI"
12,12,29,"GM","SI"
28,34,29,"GM","SI"
530,2,29,"GM","SI"
254,1,29,"GM","SI"
64,15,29,"GM","SI"
44,32,29,"GM","SI"
30,2,29,"GM","SI"
19,10,29,"GM","SI"
17,6,29,"GM","SI"
19,10,29,"GM","SI"
57,8,29,"GM","SI"
45,8,29,"GM","SI"
80,7,29,"GM","SI"
2,6,29,"GM","SI"
77,20,29,"GM","SI"
51,2,29,"GM","SI"
14,29,29,"GM","SI"
58,5,29,"GM","SI"
76,7,29,"GM","SI"
10,7,29,"GM","SI"
17,6,29,"GM","SI"
71,4,29,"GM","SI"
48,8,29,"GM","SI"
32,14,29,"GM","SI"
78,13,29,"GM","SI"
75,5,29,"GM","SI"
44,32,29,"GM","SI"
47,9,29,"GM","SI"
5,7,29,"GM","SI"
548,1,29,"GM","SI"
62,7,29,"GM","SI"
11,32,29,"GM","SI"
82,1,29,"GM","SI"
48,8,29,"GM","SI"
80,7,29,"GM","SI"
38,6,29,"GM","SI"
13,4,29,"GM","SI"
28,34,30,"GM","SI"
38,6,30,"GM","SI"
78,13,30,"GM","SI"
75,5,30,"GM","SI"
58,5,30,"GM","SI"
48,8,30,"GM","SI"
19,10,30,"GM","SI"
38,6,30,"GM","SI"
26,69,30,"GM","SI"
32,14,30,"GM","SI"
47,9,30,"GM","SI"
44,32,30,"GM","SI"
72,7,30,"GM","SI"
549,1,30,"GM","SI"
23,6,30,"GM","SI"
82,1,30,"GM","SI"
19,10,30,"GM","SI"
30,2,30,"GM","SI"
11,32,30,"GM","SI"
44,32,30,"GM","SI"
33,13,30,"GM","SI"
16,5,30,"GM","SI"
45,8,30,"GM","SI"
7,10,30,"GM","SI"
26,69,30,"GM","SI"
86,2,30,"GM","SI"
57,8,30,"GM","SI"
254,1,30,"GM","SI"
548,1,30,"GM","SI"
51,2,30,"GM","SI"
61,36,30,"GM","SI"
13,4,30,"GM","SI"
77,20,30,"GM","SI"
41,1,30,"GM","SI"
36,5,30,"GM","SI"
530,2,30,"GM","SI"
545,1,30,"GM","SI"
28,34,30,"GM","SI"
71,4,31,"GM","SI"
12,12,31,"GM","SI"
3,3,31,"GM","SI"
14,29,31,"GM","SI"
49,7,31,"GM","SI"
23,6,31,"GM","SI"
57,8,31,"GM","SI"
10,7,31,"GM","SI"
11,32,31,"GM","SI"
47,9,31,"GM","SI"
78,13,31,"GM","SI"
75,5,31,"GM","SI"
549,1,31,"GM","SI"
7,10,31,"GM","SI"
67,12,31,"GM","SI"
4,8,31,"GM","SI"
51,2,31,"GM","SI"
19,10,31,"GM","SI"
76,7,31,"GM","SI"
25,15,31,"GM","SI"
80,7,31,"GM","SI"
28,34,31,"GM","SI"
5,7,31,"GM","SI"
167,1,31,"GM","SI"
5,7,31,"GM","SI"
163,1,31,"GM","SI"
86,2,31,"GM","SI"
80,7,31,"GM","SI"
77,20,31,"GM","SI"
27,3,31,"GM","SI"
61,36,31,"GM","SI"
14,29,31,"GM","SI"
33,13,31,"GM","SI"
30,2,31,"GM","SI"
11,32,31,"GM","SI"
64,15,31,"GM","SI"
33,13,31,"GM","SI"
26,69,31,"GM","SI"
44,32,32,"GM","SI"
64,15,32,"GM","SI"
26,69,32,"GM","SI"
78,13,32,"GM","SI"
44,32,32,"GM","SI"
530,2,32,"GM","SI"
254,1,32,"GM","SI"
36,5,32,"GM","SI"
23,6,32,"GM","SI"
48,8,32,"GM","SI"
26,69,32,"GM","SI"
54,12,32,"GM","SI"
163,1,32,"GM","SI"
86,2,32,"GM","SI"
25,15,32,"GM","SI"
545,1,32,"GM","SI"
72,7,32,"GM","SI"
41,1,32,"GM","SI"
7,10,32,"GM","SI"
38,6,32,"GM","SI"
7,10,32,"GM","SI"
27,3,32,"GM","SI"
75,5,32,"GM","SI"
45,8,32,"GM","SI"
38,6,32,"GM","SI"
64,15,32,"GM","SI"
63,6,32,"GM","SI"
80,7,32,"GM","SI"
78,13,32,"GM","SI"
45,8,32,"GM","SI"
14,29,32,"GM","SI"
11,32,32,"GM","SI"
76,7,32,"GM","SI"
51,2,32,"GM","SI"
91,7,32,"GM","SI"
19,10,32,"GM","SI"
77,20,32,"GM","SI"
62,7,32,"GM","SI"
32,14,33,"GM","SI"
72,7,33,"GM","SI"
78,13,33,"GM","SI"
11,32,33,"GM","SI"
28,34,33,"GM","SI"
11,32,33,"GM","SI"
19,10,33,"GM","SI"
25,15,33,"GM","SI"
26,69,33,"GM","SI"
17,6,33,"GM","SI"
7,10,33,"GM","SI"
76,7,33,"GM","SI"
163,1,33,"GM","SI"
20,6,33,"GM","SI"
59,5,33,"GM","SI"
76,7,33,"GM","SI"
19,10,33,"GM","SI"
41,1,33,"GM","SI"
545,1,33,"GM","SI"
48,8,33,"GM","SI"
23,6,33,"GM","SI"
26,69,33,"GM","SI"
45,8,33,"GM","SI"
4,8,33,"GM","SI"
167,1,33,"GM","SI"
3,3,33,"GM","SI"
13,4,33,"GM","SI"
58,5,33,"GM","SI"
254,1,33,"GM","SI"
33,13,33,"GM","SI"
44,32,33,"GM","SI"
63,6,33,"GM","SI"
30,2,33,"GM","SI"
38,6,33,"GM","SI"
45,8,33,"GM","SI"
17,6,33,"GM","SI"
77,20,33,"GM","SI"
71,4,33,"GM","SI"
80,7,34,"GM","SI"
91,7,34,"GM","SI"
59,5,34,"GM","SI"
78,13,34,"GM","SI"
77,20,34,"GM","SI"
10,7,34,"GM","SI"
167,1,34,"GM","SI"
11,32,34,"GM","SI"
17,6,34,"GM","SI"
78,13,34,"GM","SI"
86,2,34,"GM","SI"
13,4,34,"GM","SI"
71,4,34,"GM","SI"
16,5,34,"GM","SI"
12,12,34,"GM","SI"
3,3,34,"GM","SI"
44,32,34,"GM","SI"
32,14,34,"GM","SI"
64,15,34,"GM","SI"
67,12,34,"GM","SI"
67,12,34,"GM","SI"
27,3,34,"GM","SI"
25,15,34,"GM","SI"
44,32,34,"GM","SI"
45,8,34,"GM","SI"
7,10,34,"GM","SI"
48,8,34,"GM","SI"
30,2,34,"GM","SI"
5,7,34,"GM","SI"
54,12,34,"GM","SI"
80,7,34,"GM","SI"
48,8,34,"GM","SI"
64,15,34,"GM","SI"
62,7,34,"GM","SI"
26,69,34,"GM","SI"
75,5,34,"GM","SI"
45,8,34,"GM","SI"
58,5,34,"GM","SI"
67,12,35,"GM","SI"
77,20,35,"GM","SI"
71,4,35,"GM","SI"
67,12,35,"GM","SI"
80,7,35,"GM","SI"
13,4,35,"GM","SI"
48,8,35,"GM","SI"
62,7,35,"GM","SI"
91,7,35,"GM","SI"
78,13,35,"GM","SI"
51,2,35,"GM","SI"
27,3,35,"GM","SI"
54,12,35,"GM","SI"
28,34,35,"GM","SI"
57,8,35,"GM","SI"
16,5,35,"GM","SI"
12,12,35,"GM","SI"
64,15,35,"GM","SI"
48,8,35,"GM","SI"
13,4,35,"GM","SI"
28,34,35,"GM","SI"
26,69,35,"GM","SI"
38,6,35,"GM","SI"
77,20,35,"GM","SI"
7,10,35,"GM","SI"
63,6,35,"GM","SI"
47,9,35,"GM","SI"
41,1,35,"GM","SI"
5,7,35,"GM","SI"
58,5,35,"GM","SI"
14,29,35,"GM","SI"
20,6,35,"GM","SI"
59,5,35,"GM","SI"
2,6,35,"GM","SI"
4,8,35,"GM","SI"
10,7,35,"GM","SI"
38,6,35,"GM","SI"
82,1,35,"GM","SI"
48,8,36,"GM","SI"
23,6,36,"GM","SI"
13,4,36,"GM","SI"
67,12,36,"GM","SI"
80,7,36,"GM","SI"
77,20,36,"GM","SI"
11,32,36,"GM","SI"
64,15,36,"GM","SI"
13,4,36,"GM","SI"
82,1,36,"GM","SI"
254,1,36,"GM","SI"
26,69,36,"GM","SI"
163,1,36,"GM","SI"
17,6,36,"GM","SI"
63,6,36,"GM","SI"
59,5,36,"GM","SI"
32,14,36,"GM","SI"
51,2,36,"GM","SI"
78,13,36,"GM","SI"
27,3,36,"GM","SI"
26,69,36,"GM","SI"
45,8,36,"GM","SI"
71,4,36,"GM","SI"
38,6,36,"GM","SI"
545,1,36,"GM","SI"
30,2,36,"GM","SI"
54,12,36,"GM","SI"
58,5,36,"GM","SI"
36,5,36,"GM","SI"
548,1,36,"GM","SI"
12,12,36,"GM","SI"
76,7,36,"GM","SI"
38,6,36,"GM","SI"
62,7,36,"GM","SI"
32,14,36,"GM","SI"
25,15,36,"GM","SI"
5,7,36,"GM","SI"
28,34,36,"GM","SI"
30,2,37,"GM","SI"
86,2,37,"GM","SI"
36,5,37,"GM","SI"
17,6,37,"GM","SI"
78,13,37,"GM","SI"
10,7,37,"GM","SI"
545,1,37,"GM","SI"
14,29,37,"GM","SI"
82,1,37,"GM","SI"
549,1,37,"GM","SI"
67,12,37,"GM","SI"
32,14,37,"GM","SI"
2,6,37,"GM","SI"
45,8,37,"GM","SI"
80,7,37,"GM","SI"
7,10,37,"GM","SI"
48,8,37,"GM","SI"
14,29,37,"GM","SI"
23,6,37,"GM","SI"
76,7,37,"GM","SI"
5,7,37,"GM","SI"
16,5,37,"GM","SI"
64,15,37,"GM","SI"
75,5,37,"GM","SI"
77,20,37,"GM","SI"
78,13,37,"GM","SI"
38,6,37,"GM","SI"
41,1,37,"GM","SI"
27,3,37,"GM","SI"
28,34,37,"GM","SI"
254,1,37,"GM","SI"
45,8,37,"GM","SI"
28,34,37,"GM","SI"
71,4,37,"GM","SI"
51,2,37,"GM","SI"
167,1,37,"GM","SI"
67,12,37,"GM","SI"
91,7,37,"GM","SI"
41,1,38,"GM","SI"
77,20,38,"GM","SI"
67,12,38,"GM","SI"
49,7,38,"GM","SI"
28,34,38,"GM","SI"
78,13,38,"GM","SI"
59,5,38,"GM","SI"
48,8,38,"GM","SI"
20,6,38,"GM","SI"
27,3,38,"GM","SI"
545,1,38,"GM","SI"
54,12,38,"GM","SI"
14,29,38,"GM","SI"
38,6,38,"GM","SI"
2,6,38,"GM","SI"
82,1,38,"GM","SI"
33,13,38,"GM","SI"
86,2,38,"GM","SI"
32,14,38,"GM","SI"
548,1,38,"GM","SI"
13,4,38,"GM","SI"
19,10,38,"GM","SI"
3,3,38,"GM","SI"
23,6,38,"GM","SI"
167,1,38,"GM","SI"
75,5,38,"GM","SI"
549,1,38,"GM","SI"
76,7,38,"GM","SI"
7,10,38,"GM","SI"
80,7,38,"GM","SI"
71,4,38,"GM","SI"
47,9,38,"GM","SI"
28,34,38,"GM","SI"
62,7,38,"GM","SI"
45,8,38,"GM","SI"
64,15,38,"GM","SI"
19,10,38,"GM","SI"
44,32,38,"GM","SI"
71,4,39,"GM","SI"
19,10,39,"GM","SI"
44,32,39,"GM","SI"
54,12,39,"GM","SI"
76,7,39,"GM","SI"
14,29,39,"GM","SI"
59,5,39,"GM","SI"
82,1,39,"GM","SI"
5,7,39,"GM","SI"
41,1,39,"GM","SI"
16,5,39,"GM","SI"
254,1,39,"GM","SI"
58,5,39,"GM","SI"
545,1,39,"GM","SI"
12,12,39,"GM","SI"
11,32,39,"GM","SI"
17,6,39,"GM","SI"
80,7,39,"GM","SI"
32,14,39,"GM","SI"
17,6,39,"GM","SI"
78,13,39,"GM","SI"
7,10,39,"GM","SI"
26,69,39,"GM","SI"
67,12,39,"GM","SI"
2,6,39,"GM","SI"
91,7,39,"GM","SI"
26,69,39,"GM","SI"
13,4,39,"GM","SI"
38,6,39,"GM","SI"
23,6,39,"GM","SI"
62,7,39,"GM","SI"
33,13,39,"GM","SI"
28,34,39,"GM","SI"
49,7,39,"GM","SI"
72,7,39,"GM","SI"
61,36,39,"GM","SI"
63,6,39,"GM","SI"
14,29,39,"GM","SI"
58,5,40,"GM","SI"
32,14,40,"GM","SI"
28,34,40,"GM","SI"
4,8,40,"GM","SI"
17,6,40,"GM","SI"
78,13,40,"GM","SI"
26,69,40,"GM","SI"
2,6,40,"GM","SI"
13,4,40,"GM","SI"
27,3,40,"GM","SI"
71,4,40,"GM","SI"
163,1,40,"GM","SI"
32,14,40,"GM","SI"
17,6,40,"GM","SI"
545,1,40,"GM","SI"
13,4,40,"GM","SI"
51,2,40,"GM","SI"
12,12,40,"GM","SI"
78,13,40,"GM","SI"
48,8,40,"GM","SI"
7,10,40,"GM","SI"
80,7,40,"GM","SI"
91,7,40,"GM","SI"
549,1,40,"GM","SI"
19,10,40,"GM","SI"
86,2,40,"GM","SI"
62,7,40,"GM","SI"
5,7,40,"GM","SI"
3,3,40,"GM","SI"
49,7,40,"GM","SI"
38,6,40,"GM","SI"
64,15,40,"GM","SI"
26,69,40,"GM","SI"
11,32,40,"GM","SI"
5,7,40,"GM","SI"
77,20,40,"GM","SI"
14,29,40,"GM","SI"
47,9,40,"GM","SI"
163,1,41,"GM","SI"
549,1,41,"GM","SI"
63,6,41,"GM","SI"
32,14,41,"GM","SI"
13,4,41,"GM","SI"
64,15,41,"GM","SI"
167,1,41,"GM","SI"
76,7,41,"GM","SI"
75,5,41,"GM","SI"
59,5,41,"GM","SI"
14,29,41,"GM","SI"
45,8,41,"GM","SI"
80,7,41,"GM","SI"
38,6,41,"GM","SI"
530,2,41,"GM","SI"
86,2,41,"GM","SI"
13,4,41,"GM","SI"
80,7,41,"GM","SI"
17,6,41,"GM","SI"
548,1,41,"GM","SI"
254,1,41,"GM","SI"
32,14,41,"GM","SI"
4,8,41,"GM","SI"
27,3,41,"GM","SI"
30,2,41,"GM","SI"
33,13,41,"GM","SI"
19,10,41,"GM","SI"
23,6,41,"GM","SI"
11,32,41,"GM","SI"
25,15,41,"GM","SI"
78,13,41,"GM","SI"
61,36,41,"GM","SI"
2,6,41,"GM","SI"
51,2,41,"GM","SI"
545,1,41,"GM","SI"
54,12,41,"GM","SI"
72,7,41,"GM","SI"
64,15,41,"GM","SI"
28,34,42,"GM","SI"
44,32,42,"GM","SI"
10,7,42,"GM","SI"
11,32,42,"GM","SI"
32,14,42,"GM","SI"
14,29,42,"GM","SI"
71,4,42,"GM","SI"
19,10,42,"GM","SI"
11,32,42,"GM","SI"
91,7,42,"GM","SI"
36,5,42,"GM","SI"
33,13,42,"GM","SI"
51,2,42,"GM","SI"
76,7,42,"GM","SI"
26,69,42,"GM","SI"
64,15,42,"GM","SI"
77,20,42,"GM","SI"
76,7,42,"GM","SI"
48,8,42,"GM","SI"
62,7,42,"GM","SI"
254,1,42,"GM","SI"
7,10,42,"GM","SI"
54,12,42,"GM","SI"
82,1,42,"GM","SI"
549,1,42,"GM","SI"
23,6,42,"GM","SI"
49,7,42,"GM","SI"
28,34,42,"GM","SI"
78,13,42,"GM","SI"
30,2,42,"GM","SI"
47,9,42,"GM","SI"
27,3,42,"GM","SI"
19,10,42,"GM","SI"
63,6,42,"GM","SI"
57,8,42,"GM","SI"
38,6,42,"GM","SI"
67,12,42,"GM","SI"
67,12,42,"GM","SI"
13,4,43,"GM","SI"
64,15,43,"GM","SI"
71,4,43,"GM","SI"
11,32,43,"GM","SI"
10,7,43,"GM","SI"
545,1,43,"GM","SI"
32,14,43,"GM","SI"
530,2,43,"GM","SI"
67,12,43,"GM","SI"
75,5,43,"GM","SI"
549,1,43,"GM","SI"
4,8,43,"GM","SI"
38,6,43,"GM","SI"
5,7,43,"GM","SI"
13,4,43,"GM","SI"
548,1,43,"GM","SI"
59,5,43,"GM","SI"
76,7,43,"GM","SI"
45,8,43,"GM","SI"
14,29,43,"GM","SI"
33,13,43,"GM","SI"
51,2,43,"GM","SI"
5,7,43,"GM","SI"
3,3,43,"GM","SI"
80,7,43,"GM","SI"
27,3,43,"GM","SI"
30,2,43,"GM","SI"
57,8,43,"GM","SI"
44,32,43,"GM","SI"
11,32,43,"GM","SI"
44,32,43,"GM","SI"
54,12,43,"GM","SI"
77,20,43,"GM","SI"
67,12,43,"GM","SI"
61,36,43,"GM","SI"
64,15,43,"GM","SI"
12,12,43,"GM","SI"
32,14,43,"GM","SI"
33,13,44,"GM","SI"
12,12,44,"GM","SI"
28,34,44,"GM","SI"
548,1,44,"GM","SI"
58,5,44,"GM","SI"
27,3,44,"GM","SI"
26,69,44,"GM","SI"
86,2,44,"GM","SI"
10,7,44,"GM","SI"
64,15,44,"GM","SI"
14,29,44,"GM","SI"
51,2,44,"GM","SI"
77,20,44,"GM","SI"
76,7,44,"GM","SI"
62,7,44,"GM","SI"
76,7,44,"GM","SI"
45,8,44,"GM","SI"
47,9,44,"GM","SI"
45,8,44,"GM","SI"
163,1,44,"GM","SI"
49,7,44,"GM","SI"
38,6,44,"GM","SI"
75,5,44,"GM","SI"
67,12,44,"GM","SI"
41,1,44,"GM","SI"
72,7,44,"GM","SI"
26,69,44,"GM","SI"
64,15,44,"GM","SI"
32,14,44,"GM","SI"
530,2,44,"GM","SI"
12,12,44,"GM","SI"
61,36,44,"GM","SI"
11,32,44,"GM","SI"
80,7,44,"GM","SI"
44,32,44,"GM","SI"
78,13,44,"GM","SI"
54,12,44,"GM","SI"
77,20,44,"GM","SI"
26,69,45,"GM","SI"
23,6,45,"GM","SI"
38,6,45,"GM","SI"
14,29,45,"GM","SI"
13,4,45,"GM","SI"
57,8,45,"GM","SI"
63,6,45,"GM","SI"
64,15,45,"GM","SI"
12,12,45,"GM","SI"
78,13,45,"GM","SI"
14,29,45,"GM","SI"
67,12,45,"GM","SI"
45,8,45,"GM","SI"
548,1,45,"GM","SI"
77,20,45,"GM","SI"
11,32,45,"GM","SI"
30,2,45,"GM","SI"
33,13,45,"GM","SI"
78,13,45,"GM","SI"
38,6,45,"GM","SI"
71,4,45,"GM","SI"
82,1,45,"GM","SI"
64,15,45,"GM","SI"
17,6,45,"GM","SI"
45,8,45,"GM","SI"
12,12,45,"GM","SI"
530,2,45,"GM","SI"
26,69,45,"GM","SI"
44,32,45,"GM","SI"
58,5,45,"GM","SI"
7,10,45,"GM","SI"
72,7,45,"GM","SI"
254,1,45,"GM","SI"
86,2,45,"GM","SI"
44,32,45,"GM","SI"
28,34,45,"GM","SI"
67,12,45,"GM","SI"
48,8,45,"GM","SI"
77,20,46,"GM","SI"
76,7,46,"GM","SI"
78,13,46,"GM","SI"
4,8,46,"GM","SI"
163,1,46,"GM","SI"
62,7,46,"GM","SI"
19,10,46,"GM","SI"
45,8,46,"GM","SI"
14,29,46,"GM","SI"
548,1,46,"GM","SI"
27,3,46,"GM","SI"
86,2,46,"GM","SI"
64,15,46,"GM","SI"
63,6,46,"GM","SI"
78,13,46,"GM","SI"
51,2,46,"GM","SI"
530,2,46,"GM","SI"
57,8,46,"GM","SI"
48,8,46,"GM","SI"
32,14,46,"GM","SI"
13,4,46,"GM","SI"
2,6,46,"GM","SI"
10,7,46,"GM","SI"
20,6,46,"GM","SI"
11,32,46,"GM","SI"
82,1,46,"GM","SI"
48,8,46,"GM","SI"
28,34,46,"GM","SI"
254,1,46,"GM","SI"
25,15,46,"GM","SI"
61,36,46,"GM","SI"
80,7,46,"GM","SI"
41,1,46,"GM","SI"
12,12,46,"GM","SI"
5,7,46,"GM","SI"
7,10,46,"GM","SI"
17,6,46,"GM","SI"
32,14,46,"GM","SI"
77,20,47,"GM","SI"
86,2,47,"GM","SI"
26,69,47,"GM","SI"
26,69,47,"GM","SI"
38,6,47,"GM","SI"
33,13,47,"GM","SI"
14,29,47,"GM","SI"
57,8,47,"GM","SI"
64,15,47,"GM","SI"
59,5,47,"GM","SI"
11,32,47,"GM","SI"
76,7,47,"GM","SI"
25,15,47,"GM","SI"
17,6,47,"GM","SI"
64,15,47,"GM","SI"
13,4,47,"GM","SI"
91,7,47,"GM","SI"
10,7,47,"GM","SI"
77,20,47,"GM","SI"
41,1,47,"GM","SI"
45,8,47,"GM","SI"
36,5,47,"GM","SI"
27,3,47,"GM","SI"
67,12,47,"GM","SI"
13,4,47,"GM","SI"
67,12,47,"GM","SI"
163,1,47,"GM","SI"
61,36,47,"GM","SI"
32,14,47,"GM","SI"
44,32,47,"GM","SI"
51,2,47,"GM","SI"
54,12,47,"GM","SI"
80,7,47,"GM","SI"
19,10,47,"GM","SI"
254,1,47,"GM","SI"
20,6,47,"GM","SI"
82,1,47,"GM","SI"
71,4,47,"GM","SI"
64,15,48,"GM","SI"
44,32,48,"GM","SI"
77,20,48,"GM","SI"
28,34,48,"GM","SI"
76,7,48,"GM","SI"
12,12,48,"GM","SI"
45,8,48,"GM","SI"
12,12,48,"GM","SI"
27,3,48,"GM","SI"
545,1,48,"GM","SI"
7,10,48,"GM","SI"
16,5,48,"GM","SI"
7,10,48,"GM","SI"
57,8,48,"GM","SI"
2,6,48,"GM","SI"
59,5,48,"GM","SI"
13,4,48,"GM","SI"
20,6,48,"GM","SI"
41,1,48,"GM","SI"
82,1,48,"GM","SI"
75,5,48,"GM","SI"
33,13,48,"GM","SI"
54,12,48,"GM","SI"
47,9,48,"GM","SI"
26,69,48,"GM","SI"
32,14,48,"GM","SI"
549,1,48,"GM","SI"
80,7,48,"GM","SI"
58,5,48,"GM","SI"
17,6,48,"GM","SI"
48,8,48,"GM","SI"
71,4,48,"GM","SI"
30,2,48,"GM","SI"
76,7,48,"GM","SI"
14,29,48,"GM","SI"
11,32,48,"GM","SI"
62,7,48,"GM","SI"
3,3,48,"GM","SI"
67,12,49,"GM","SI"
33,13,49,"GM","SI"
19,10,49,"GM","SI"
45,8,49,"GM","SI"
77,20,49,"GM","SI"
38,6,49,"GM","SI"
59,5,49,"GM","SI"
77,20,49,"GM","SI"
44,32,49,"GM","SI"
36,5,49,"GM","SI"
57,8,49,"GM","SI"
17,6,49,"GM","SI"
41,1,49,"GM","SI"
75,5,49,"GM","SI"
76,7,49,"GM","SI"
78,13,49,"GM","SI"
7,10,49,"GM","SI"
26,69,49,"GM","SI"
32,14,49,"GM","SI"
54,12,49,"GM","SI"
4,8,49,"GM","SI"
82,1,49,"GM","SI"
548,1,49,"GM","SI"
44,32,49,"GM","SI"
2,6,49,"GM","SI"
80,7,49,"GM","SI"
64,15,49,"GM","SI"
20,6,49,"GM","SI"
47,9,49,"GM","SI"
254,1,49,"GM","SI"
30,2,49,"GM","SI"
48,8,49,"GM","SI"
72,7,49,"GM","SI"
5,7,49,"GM","SI"
51,2,49,"GM","SI"
64,15,49,"GM","SI"
67,12,49,"GM","SI"
49,7,49,"GM","SI"
13,4,50,"GM","SI"
7,10,50,"GM","SI"
77,20,50,"GM","SI"
51,2,50,"GM","SI"
26,69,50,"GM","SI"
16,5,50,"GM","SI"
76,7,50,"GM","SI"
2,6,50,"GM","SI"
11,32,50,"GM","SI"
45,8,50,"GM","SI"
49,7,50,"GM","SI"
549,1,50,"GM","SI"
167,1,50,"GM","SI"
38,6,50,"GM","SI"
25,15,50,"GM","SI"
14,29,50,"GM","SI"
28,34,50,"GM","SI"
48,8,50,"GM","SI"
32,14,50,"GM","SI"
32,14,50,"GM","SI"
14,29,50,"GM","SI"
82,1,50,"GM","SI"
23,6,50,"GM","SI"
63,6,50,"GM","SI"
163,1,50,"GM","SI"
3,3,50,"GM","SI"
54,12,50,"GM","SI"
19,10,50,"GM","SI"
545,1,50,"GM","SI"
33,13,50,"GM","SI"
45,8,50,"GM","SI"
11,32,50,"GM","SI"
75,5,50,"GM","SI"
80,7,50,"GM","SI"
64,15,50,"GM","SI"
254,1,50,"GM","SI"
77,20,50,"GM","SI"
20,6,50,"GM","SI"
91,7,51,"GM","SI"
36,5,51,"GM","SI"
17,6,51,"GM","SI"
63,6,51,"GM","SI"
67,12,51,"GM","SI"
59,5,51,"GM","SI"
19,10,51,"GM","SI"
11,32,51,"GM","SI"
77,20,51,"GM","SI"
14,29,51,"GM","SI"
2,6,51,"GM","SI"
26,69,51,"GM","SI"
7,10,51,"GM","SI"
254,1,51,"GM","SI"
49,7,51,"GM","SI"
13,4,51,"GM","SI"
33,13,51,"GM","SI"
28,34,51,"GM","SI"
44,32,51,"GM","SI"
12,12,51,"GM","SI"
16,5,51,"GM","SI"
62,7,51,"GM","SI"
548,1,51,"GM","SI"
80,7,51,"GM","SI"
20,6,51,"GM","SI"
19,10,51,"GM","SI"
38,6,51,"GM","SI"
48,8,51,"GM","SI"
80,7,51,"GM","SI"
47,9,51,"GM","SI"
86,2,51,"GM","SI"
10,7,51,"GM","SI"
530,2,51,"GM","SI"
38,6,51,"GM","SI"
45,8,51,"GM","SI"
71,4,51,"GM","SI"
57,8,51,"GM","SI"
25,15,51,"GM","SI"
59,5,52,"GM","SI"
549,1,52,"GM","SI"
54,12,52,"GM","SI"
11,32,52,"GM","SI"
548,1,52,"GM","SI"
16,5,52,"GM","SI"
78,13,52,"GM","SI"
86,2,52,"GM","SI"
71,4,52,"GM","SI"
57,8,52,"GM","SI"
19,10,52,"GM","SI"
163,1,52,"GM","SI"
10,7,52,"GM","SI"
19,10,52,"GM","SI"
13,4,52,"GM","SI"
254,1,52,"GM","SI"
23,6,52,"GM","SI"
76,7,52,"GM","SI"
61,36,52,"GM","SI"
63,6,52,"GM","SI"
14,29,52,"GM","SI"
33,13,52,"GM","SI"
26,69,52,"GM","SI"
7,10,52,"GM","SI"
38,6,52,"GM","SI"
44,32,52,"GM","SI"
49,7,52,"GM","SI"
72,7,52,"GM","SI"
67,12,52,"GM","SI"
45,8,52,"GM","SI"
2,6,52,"GM","SI"
530,2,52,"GM","SI"
44,32,52,"GM","SI"
7,10,52,"GM","SI"
78,13,52,"GM","SI"
58,5,52,"GM","SI"
5,7,52,"GM","SI"
4,8,52,"GM","SI"
20,6,53,"GM","SI"
30,2,53,"GM","SI"
45,8,53,"GM","SI"
38,6,53,"GM","SI"
44,32,53,"GM","SI"
530,2,53,"GM","SI"
49,7,53,"GM","SI"
48,8,53,"GM","SI"
32,14,53,"GM","SI"
545,1,53,"GM","SI"
13,4,53,"GM","SI"
3,3,53,"GM","SI"
2,6,53,"GM","SI"
19,10,53,"GM","SI"
38,6,53,"GM","SI"
62,7,53,"GM","SI"
7,10,53,"GM","SI"
26,69,53,"GM","SI"
17,6,53,"GM","SI"
19,10,53,"GM","SI"
63,6,53,"GM","SI"
48,8,53,"GM","SI"
67,12,53,"GM","SI"
28,34,53,"GM","SI"
5,7,53,"GM","SI"
17,6,53,"GM","SI"
36,5,53,"GM","SI"
80,7,53,"GM","SI"
27,3,53,"GM","SI"
59,5,53,"GM","SI"
549,1,53,"GM","SI"
77,20,53,"GM","SI"
10,7,53,"GM","SI"
16,5,53,"GM","SI"
41,1,53,"GM","SI"
76,7,53,"GM","SI"
54,12,53,"GM","SI"
13,4,53,"GM","SI"
80,7,54,"GM","SI"
33,13,54,"GM","SI"
7,10,54,"GM","SI"
63,6,54,"GM","SI"
67,12,54,"GM","SI"
75,5,54,"GM","SI"
20,6,54,"GM","SI"
16,5,54,"GM","SI"
78,13,54,"GM","SI"
549,1,54,"GM","SI"
548,1,54,"GM","SI"
28,34,54,"GM","SI"
61,36,54,"GM","SI"
13,4,54,"GM","SI"
167,1,54,"GM","SI"
76,7,54,"GM","SI"
58,5,54,"GM","SI"
14,29,54,"GM","SI"
17,6,54,"GM","SI"
44,32,54,"GM","SI"
41,1,54,"GM","SI"
13,4,54,"GM","SI"
5,7,54,"GM","SI"
11,32,54,"GM","SI"
91,7,54,"GM","SI"
48,8,54,"GM","SI"
26,69,54,"GM","SI"
49,7,54,"GM","SI"
2,6,54,"GM","SI"
11,32,54,"GM","SI"
33,13,54,"GM","SI"
38,6,54,"GM","SI"
67,12,54,"GM","SI"
12,12,54,"GM","SI"
44,32,54,"GM","SI"
3,3,54,"GM","SI"
45,8,54,"GM","SI"
10,7,54,"GM","SI"
49,7,55,"GM","SI"
12,12,55,"GM","SI"
38,6,55,"GM","SI"
45,8,55,"GM","SI"
80,7,55,"GM","SI"
20,6,55,"GM","SI"
58,5,55,"GM","SI"
167,1,55,"GM","SI"
27,3,55,"GM","SI"
78,13,55,"GM","SI"
17,6,55,"GM","SI"
75,5,55,"GM","SI"
17,6,55,"GM","SI"
13,4,55,"GM","SI"
163,1,55,"GM","SI"
71,4,55,"GM","SI"
61,36,55,"GM","SI"
13,4,55,"GM","SI"
254,1,55,"GM","SI"
26,69,55,"GM","SI"
30,2,55,"GM","SI"
23,6,55,"GM","SI"
5,7,55,"GM","SI"
76,7,55,"GM","SI"
86,2,55,"GM","SI"
47,9,55,"GM","SI"
26,69,55,"GM","SI"
14,29,55,"GM","SI"
77,20,55,"GM","SI"
12,12,55,"GM","SI"
32,14,55,"GM","SI"
28,34,55,"GM","SI"
7,10,55,"GM","SI"
82,1,55,"GM","SI"
28,34,55,"GM","SI"
41,1,55,"GM","SI"
54,12,55,"GM","SI"
530,2,55,"GM","SI"
13,4,56,"GM","SI"
23,6,56,"GM","SI"
28,34,56,"GM","SI"
45,8,56,"GM","SI"
49,7,56,"GM","SI"
44,32,56,"GM","SI"
76,7,56,"GM","SI"
3,3,56,"GM","SI"
26,69,56,"GM","SI"
10,7,56,"GM","SI"
17,6,56,"GM","SI"
25,15,56,"GM","SI"
77,20,56,"GM","SI"
80,7,56,"GM","SI"
7,10,56,"GM","SI"
167,1,56,"GM","SI"
13,4,56,"GM","SI"
38,6,56,"GM","SI"
32,14,56,"GM","SI"
54,12,56,"GM","SI"
11,32,56,"GM","SI"
57,8,56,"GM","SI"
11,32,56,"GM","SI"
78,13,56,"GM","SI"
33,13,56,"GM","SI"
71,4,56,"GM","SI"
163,1,56,"GM","SI"
19,10,56,"GM","SI"
48,8,56,"GM","SI"
64,15,56,"GM","SI"
20,6,56,"GM","SI"
33,13,56,"GM","SI"
63,6,56,"GM","SI"
548,1,56,"GM","SI"
530,2,56,"GM","SI"
17,6,56,"GM","SI"
5,7,56,"GM","SI"
75,5,56,"GM","SI"
14,29,57,"GM","SI"
76,7,57,"GM","SI"
17,6,57,"GM","SI"
28,34,57,"GM","SI"
28,34,57,"GM","SI"
13,4,57,"GM","SI"
45,8,57,"GM","SI"
254,1,57,"GM","SI"
48,8,57,"GM","SI"
2,6,57,"GM","SI"
62,7,57,"GM","SI"
38,6,57,"GM","SI"
58,5,57,"GM","SI"
91,7,57,"GM","SI"
67,12,57,"GM","SI"
36,5,57,"GM","SI"
548,1,57,"GM","SI"
19,10,57,"GM","SI"
12,12,57,"GM","SI"
5,7,57,"GM","SI"
48,8,57,"GM","SI"
33,13,57,"GM","SI"
19,10,57,"GM","SI"
3,3,57,"GM","SI"
77,20,57,"GM","SI"
32,14,57,"GM","SI"
77,20,57,"GM","SI"
80,7,57,"GM","SI"
78,13,57,"GM","SI"
44,32,57,"GM","SI"
10,7,57,"GM","SI"
59,5,57,"GM","SI"
27,3,57,"GM","SI"
86,2,57,"GM","SI"
26,69,57,"GM","SI"
32,14,57,"GM","SI"
545,1,57,"GM","SI"
41,1,57,"GM","SI"
72,7,58,"GM","SI"
67,12,58,"GM","SI"
41,1,58,"GM","SI"
28,34,58,"GM","SI"
167,1,58,"GM","SI"
33,13,58,"GM","SI"
163,1,58,"GM","SI"
13,4,58,"GM","SI"
13,4,58,"GM","SI"
4,8,58,"GM","SI"
545,1,58,"GM","SI"
75,5,58,"GM","SI"
33,13,58,"GM","SI"
26,69,58,"GM","SI"
10,7,58,"GM","SI"
80,7,58,"GM","SI"
32,14,58,"GM","SI"
30,2,58,"GM","SI"
64,15,58,"GM","SI"
51,2,58,"GM","SI"
71,4,58,"GM","SI"
17,6,58,"GM","SI"
11,32,58,"GM","SI"
20,6,58,"GM","SI"
2,6,58,"GM","SI"
12,12,58,"GM","SI"
62,7,58,"GM","SI"
47,9,58,"GM","SI"
59,5,58,"GM","SI"
48,8,58,"GM","SI"
57,8,58,"GM","SI"
3,3,58,"GM","SI"
44,32,58,"GM","SI"
78,13,58,"GM","SI"
77,20,58,"GM","SI"
16,5,58,"GM","SI"
5,7,58,"GM","SI"
76,7,58,"GM","SI"
25,15,59,"GM","SI"
49,7,59,"GM","SI"
78,13,59,"GM","SI"
86,2,59,"GM","SI"
48,8,59,"GM","SI"
36,5,59,"GM","SI"
13,4,59,"GM","SI"
14,29,59,"GM","SI"
48,8,59,"GM","SI"
76,7,59,"GM","SI"
67,12,59,"GM","SI"
5,7,59,"GM","SI"
33,13,59,"GM","SI"
63,6,59,"GM","SI"
33,13,59,"GM","SI"
64,15,59,"GM","SI"
32,14,59,"GM","SI"
62,7,59,"GM","SI"
7,10,59,"GM","SI"
44,32,59,"GM","SI"
3,3,59,"GM","SI"
72,7,59,"GM","SI"
80,7,59,"GM","SI"
38,6,59,"GM","SI"
45,8,59,"GM","SI"
7,10,59,"GM","SI"
545,1,59,"GM","SI"
548,1,59,"GM","SI"
14,29,59,"GM","SI"
32,14,59,"GM","SI"
11,32,59,"GM","SI"
59,5,59,"GM","SI"
5,7,59,"GM","SI"
20,6,59,"GM","SI"
58,5,59,"GM","SI"
30,2,59,"GM","SI"
76,7,59,"GM","SI"
167,1,59,"GM","SI"
28,34,60,"GM","SI"
86,2,60,"GM","SI"
548,1,60,"GM","SI"
5,7,60,"GM","SI"
72,7,60,"GM","SI"
25,15,60,"GM","SI"
11,32,60,"GM","SI"
44,32,60,"GM","SI"
76,7,60,"GM","SI"
64,15,60,"GM","SI"
545,1,60,"GM","SI"
44,32,60,"GM","SI"
7,10,60,"GM","SI"
41,1,60,"GM","SI"
13,4,60,"GM","SI"
30,2,60,"GM","SI"
254,1,60,"GM","SI"
26,69,60,"GM","SI"
63,6,60,"GM","SI"
28,34,60,"GM","SI"
48,8,60,"GM","SI"
5,7,60,"GM","SI"
32,14,60,"GM","SI"
45,8,60,"GM","SI"
51,2,60,"GM","SI"
47,9,60,"GM","SI"
16,5,60,"GM","SI"
530,2,60,"GM","SI"
45,8,60,"GM","SI"
26,69,60,"GM","SI"
549,1,60,"GM","SI"
11,32,60,"GM","SI"
3,3,60,"GM","SI"
62,7,60,"GM","SI"
10,7,60,"GM","SI"
77,20,60,"GM","SI"
17,6,60,"GM","SI"
12,12,60,"GM","SI"
26,69,61,"GM","SI"
30,2,61,"GM","SI"
26,69,61,"GM","SI"
44,32,61,"GM","SI"
82,1,61,"GM","SI"
75,5,61,"GM","SI"
64,15,61,"GM","SI"
163,1,61,"GM","SI"
64,15,61,"GM","SI"
54,12,61,"GM","SI"
62,7,61,"GM","SI"
10,7,61,"GM","SI"
59,5,61,"GM","SI"
549,1,61,"GM","SI"
48,8,61,"GM","SI"
49,7,61,"GM","SI"
41,1,61,"GM","SI"
67,12,61,"GM","SI"
16,5,61,"GM","SI"
61,36,61,"GM","SI"
44,32,61,"GM","SI"
38,6,61,"GM","SI"
548,1,61,"GM","SI"
5,7,61,"GM","SI"
27,3,61,"GM","SI"
33,13,61,"GM","SI"
12,12,61,"GM","SI"
14,29,61,"GM","SI"
254,1,61,"GM","SI"
19,10,61,"GM","SI"
77,20,61,"GM","SI"
36,5,61,"GM","SI"
7,10,61,"GM","SI"
13,4,61,"GM","SI"
20,6,61,"GM","SI"
91,7,61,"GM","SI"
58,5,61,"GM","SI"
13,4,61,"GM","SI"
3,3,62,"GM","SI"
19,10,62,"GM","SI"
32,14,62,"GM","SI"
76,7,62,"GM","SI"
36,5,62,"GM","SI"
82,1,62,"GM","SI"
58,5,62,"GM","SI"
28,34,62,"GM","SI"
11,32,62,"GM","SI"
5,7,62,"GM","SI"
14,29,62,"GM","SI"
41,1,62,"GM","SI"
71,4,62,"GM","SI"
38,6,62,"GM","SI"
80,7,62,"GM","SI"
77,20,62,"GM","SI"
530,2,62,"GM","SI"
77,20,62,"GM","SI"
545,1,62,"GM","SI"
44,32,62,"GM","SI"
54,12,62,"GM","SI"
7,10,62,"GM","SI"
20,6,62,"GM","SI"
23,6,62,"GM","SI"
17,6,62,"GM","SI"
26,69,62,"GM","SI"
64,15,62,"GM","SI"
91,7,62,"GM","SI"
62,7,62,"GM","SI"
548,1,62,"GM","SI"
63,6,62,"GM","SI"
14,29,62,"GM","SI"
28,34,62,"GM","SI"
25,15,62,"GM","SI"
17,6,62,"GM","SI"
254,1,62,"GM","SI"
19,10,62,"GM","SI"
13,4,62,"GM","SI"
30,2,63,"GM","SI"
17,6,63,"GM","SI"
12,12,63,"GM","SI"
82,1,63,"GM","SI"
48,8,63,"GM","SI"
25,15,63,"GM","SI"
28,34,63,"GM","SI"
76,7,63,"GM","SI"
77,20,63,"GM","SI"
38,6,63,"GM","SI"
32,14,63,"GM","SI"
20,6,63,"GM","SI"
16,5,63,"GM","SI"
44,32,63,"GM","SI"
36,5,63,"GM","SI"
72,7,63,"GM","SI"
67,12,63,"GM","SI"
27,3,63,"GM","SI"
2,6,63,"GM","SI"
530,2,63,"GM","SI"
44,32,63,"GM","SI"
19,10,63,"GM","SI"
91,7,63,"GM","SI"
167,1,63,"GM","SI"
76,7,63,"GM","SI"
14,29,63,"GM","SI"
17,6,63,"GM","SI"
5,7,63,"GM","SI"
28,34,63,"GM","SI"
33,13,63,"GM","SI"
26,69,63,"GM","SI"
71,4,63,"GM","SI"
254,1,63,"GM","SI"
45,8,63,"GM","SI"
7,10,63,"GM","SI"
75,5,63,"GM","SI"
549,1,63,"GM","SI"
57,8,63,"GM","SI"
63,6,64,"GM","SI"
19,10,64,"GM","SI"
51,2,64,"GM","SI"
72,7,64,"GM","SI"
58,5,64,"GM","SI"
33,13,64,"GM","SI"
13,4,64,"GM","SI"
41,1,64,"GM","SI"
12,12,64,"GM","SI"
19,10,64,"GM","SI"
163,1,64,"GM","SI"
3,3,64,"GM","SI"
45,8,64,"GM","SI"
71,4,64,"GM","SI"
26,69,64,"GM","SI"
64,15,64,"GM","SI"
48,8,64,"GM","SI"
545,1,64,"GM","SI"
30,2,64,"GM","SI"
254,1,64,"GM","SI"
59,5,64,"GM","SI"
77,20,64,"GM","SI"
49,7,64,"GM","SI"
77,20,64,"GM","SI"
12,12,64,"GM","SI"
28,34,64,"GM","SI"
91,7,64,"GM","SI"
86,2,64,"GM","SI"
47,9,64,"GM","SI"
62,7,64,"GM","SI"
61,36,64,"GM","SI"
33,13,64,"GM","SI"
54,12,64,"GM","SI"
23,6,64,"GM","SI"
38,6,64,"GM","SI"
17,6,64,"GM","SI"
26,69,64,"GM","SI"
530,2,64,"GM","SI"
163,1,65,"GM","SI"
54,12,65,"GM","SI"
58,5,65,"GM","SI"
82,1,65,"GM","SI"
545,1,65,"GM","SI"
5,7,65,"GM","SI"
11,32,65,"GM","SI"
32,14,65,"GM","SI"
64,15,65,"GM","SI"
45,8,65,"GM","SI"
19,10,65,"GM","SI"
16,5,65,"GM","SI"
45,8,65,"GM","SI"
23,6,65,"GM","SI"
63,6,65,"GM","SI"
26,69,65,"GM","SI"
48,8,65,"GM","SI"
38,6,65,"GM","SI"
14,29,65,"GM","SI"
5,7,65,"GM","SI"
38,6,65,"GM","SI"
167,1,65,"GM","SI"
80,7,65,"GM","SI"
59,5,65,"GM","SI"
61,36,65,"GM","SI"
77,20,65,"GM","SI"
47,9,65,"GM","SI"
71,4,65,"GM","SI"
32,14,65,"GM","SI"
78,13,65,"GM","SI"
530,2,65,"GM","SI"
19,10,65,"GM","SI"
78,13,65,"GM","SI"
33,13,65,"GM","SI"
64,15,65,"GM","SI"
75,5,65,"GM","SI"
30,2,65,"GM","SI"
76,7,65,"GM","SI"
27,3,66,"GM","SI"
163,1,66,"GM","SI"
36,5,66,"GM","SI"
10,7,66,"GM","SI"
17,6,66,"GM","SI"
78,13,66,"GM","SI"
28,34,66,"GM","SI"
45,8,66,"GM","SI"
44,32,66,"GM","SI"
76,7,66,"GM","SI"
16,5,66,"GM","SI"
91,7,66,"GM","SI"
530,2,66,"GM","SI"
17,6,66,"GM","SI"
58,5,66,"GM","SI"
57,8,66,"GM","SI"
64,15,66,"GM","SI"
38,6,66,"GM","SI"
78,13,66,"GM","SI"
41,1,66,"GM","SI"
4,8,66,"GM","SI"
76,7,66,"GM","SI"
77,20,66,"GM","SI"
545,1,66,"GM","SI"
59,5,66,"GM","SI"
44,32,66,"GM","SI"
80,7,66,"GM","SI"
32,14,66,"GM","SI"
48,8,66,"GM","SI"
30,2,66,"GM","SI"
47,9,66,"GM","SI"
26,69,66,"GM","SI"
72,7,66,"GM","SI"
12,12,66,"GM","SI"
38,6,66,"GM","SI"
67,12,66,"GM","SI"
7,10,66,"GM","SI"
549,1,66,"GM","SI"
62,7,67,"GM","SI"
59,5,67,"GM","SI"
78,13,67,"GM","SI"
49,7,67,"GM","SI"
63,6,67,"GM","SI"
57,8,67,"GM","SI"
19,10,67,"GM","SI"
44,32,67,"GM","SI"
13,4,67,"GM","SI"
71,4,67,"GM","SI"
54,12,67,"GM","SI"
10,7,67,"GM","SI"
51,2,67,"GM","SI"
33,13,67,"GM","SI"
7,10,67,"GM","SI"
25,15,67,"GM","SI"
17,6,67,"GM","SI"
61,36,67,"GM","SI"
38,6,67,"GM","SI"
47,9,67,"GM","SI"
548,1,67,"GM","SI"
38,6,67,"GM","SI"
72,7,67,"GM","SI"
75,5,67,"GM","SI"
67,12,67,"GM","SI"
28,34,67,"GM","SI"
12,12,67,"GM","SI"
41,1,67,"GM","SI"
11,32,67,"GM","SI"
4,8,67,"GM","SI"
7,10,67,"GM","SI"
5,7,67,"GM","SI"
254,1,67,"GM","SI"
30,2,67,"GM","SI"
86,2,67,"GM","SI"
5,7,67,"GM","SI"
67,12,67,"GM","SI"
82,1,67,"GM","SI"
4,8,68,"GM","SI"
67,12,68,"GM","SI"
12,12,68,"GM","SI"
25,15,68,"GM","SI"
77,20,68,"GM","SI"
38,6,68,"GM","SI"
48,8,68,"GM","SI"
11,32,68,"GM","SI"
13,4,68,"GM","SI"
549,1,68,"GM","SI"
54,12,68,"GM","SI"
33,13,68,"GM","SI"
19,10,68,"GM","SI"
57,8,68,"GM","SI"
77,20,68,"GM","SI"
26,69,68,"GM","SI"
26,69,68,"GM","SI"
36,5,68,"GM","SI"
71,4,68,"GM","SI"
48,8,68,"GM","SI"
76,7,68,"GM","SI"
530,2,68,"GM","SI"
63,6,68,"GM","SI"
91,7,68,"GM","SI"
32,14,68,"GM","SI"
20,6,68,"GM","SI"
254,1,68,"GM","SI"
2,6,68,"GM","SI"
163,1,68,"GM","SI"
12,12,68,"GM","SI"
14,29,68,"GM","SI"
80,7,68,"GM","SI"
11,32,68,"GM","SI"
86,2,68,"GM","SI"
19,10,68,"GM","SI"
76,7,68,"GM","SI"
10,7,68,"GM","SI"
82,1,68,"GM","SI"
5,7,69,"GM","SI"
254,1,69,"GM","SI"
59,5,69,"GM","SI"
26,69,69,"GM","SI"
17,6,69,"GM","SI"
19,10,69,"GM","SI"
67,12,69,"GM","SI"
38,6,69,"GM","SI"
7,10,69,"GM","SI"
48,8,69,"GM","SI"
64,15,69,"GM","SI"
17,6,69,"GM","SI"
32,14,69,"GM","SI"
75,5,69,"GM","SI"
78,13,69,"GM","SI"
77,20,69,"GM","SI"
12,12,69,"GM","SI"
77,20,69,"GM","SI"
167,1,69,"GM","SI"
44,32,69,"GM","SI"
80,7,69,"GM","SI"
72,7,69,"GM","SI"
30,2,69,"GM","SI"
44,32,69,"GM","SI"
36,5,69,"GM","SI"
549,1,69,"GM","SI"
4,8,69,"GM","SI"
26,69,69,"GM","SI"
14,29,69,"GM","SI"
12,12,69,"GM","SI"
33,13,69,"GM","SI"
28,34,69,"GM","SI"
13,4,69,"GM","SI"
530,2,69,"GM","SI"
86,2,69,"GM","SI"
51,2,69,"GM","SI"
41,1,69,"GM","SI"
62,7,69,"GM","SI"
64,15,70,"GM","SI"
16,5,70,"GM","SI"
548,1,70,"GM","SI"
57,8,70,"GM","SI"
67,12,70,"GM","SI"
33,13,70,"GM","SI"
32,14,70,"GM","SI"
28,34,70,"GM","SI"
10,7,70,"GM","SI"
72,7,70,"GM","SI"
45,8,70,"GM","SI"
36,5,70,"GM","SI"
48,8,70,"GM","SI"
12,12,70,"GM","SI"
26,69,70,"GM","SI"
12,12,70,"GM","SI"
28,34,70,"GM","SI"
20,6,70,"GM","SI"
32,14,70,"GM","SI"
41,1,70,"GM","SI"
76,7,70,"GM","SI"
17,6,70,"GM","SI"
167,1,70,"GM","SI"
47,9,70,"GM","SI"
75,5,70,"GM","SI"
5,7,70,"GM","SI"
27,3,70,"GM","SI"
163,1,70,"GM","SI"
7,10,70,"GM","SI"
254,1,70,"GM","SI"
61,36,70,"GM","SI"
51,2,70,"GM","SI"
30,2,70,"GM","SI"
78,13,70,"GM","SI"
38,6,70,"GM","SI"
76,7,70,"GM","SI"
80,7,70,"GM","SI"
11,32,70,"GM","SI"
72,7,71,"GM","SI"
54,12,71,"GM","SI"
7,10,71,"GM","SI"
254,1,71,"GM","SI"
4,8,71,"GM","SI"
78,13,71,"GM","SI"
48,8,71,"GM","SI"
77,20,71,"GM","SI"
17,6,71,"GM","SI"
17,6,71,"GM","SI"
545,1,71,"GM","SI"
16,5,71,"GM","SI"
14,29,71,"GM","SI"
77,20,71,"GM","SI"
11,32,71,"GM","SI"
26,69,71,"GM","SI"
58,5,71,"GM","SI"
86,2,71,"GM","SI"
45,8,71,"GM","SI"
67,12,71,"GM","SI"
167,1,71,"GM","SI"
63,6,71,"GM","SI"
12,12,71,"GM","SI"
2,6,71,"GM","SI"
19,10,71,"GM","SI"
57,8,71,"GM","SI"
44,32,71,"GM","SI"
62,7,71,"GM","SI"
11,32,71,"GM","SI"
14,29,71,"GM","SI"
41,1,71,"GM","SI"
12,12,71,"GM","SI"
91,7,71,"GM","SI"
45,8,71,"GM","SI"
82,1,71,"GM","SI"
38,6,71,"GM","SI"
27,3,71,"GM","SI"
3,3,71,"GM","SI"
33,13,72,"GM","SI"
7,10,72,"GM","SI"
19,10,72,"GM","SI"
28,34,72,"GM","SI"
2,6,72,"GM","SI"
549,1,72,"GM","SI"
63,6,72,"GM","SI"
14,29,72,"GM","SI"
54,12,72,"GM","SI"
57,8,72,"GM","SI"
41,1,72,"GM","SI"
12,12,72,"GM","SI"
13,4,72,"GM","SI"
82,1,72,"GM","SI"
91,7,72,"GM","SI"
67,12,72,"GM","SI"
44,32,72,"GM","SI"
7,10,72,"GM","SI"
32,14,72,"GM","SI"
26,69,72,"GM","SI"
49,7,72,"GM","SI"
11,32,72,"GM","SI"
23,6,72,"GM","SI"
77,20,72,"GM","SI"
10,7,72,"GM","SI"
16,5,72,"GM","SI"
25,15,72,"GM","SI"
548,1,72,"GM","SI"
14,29,72,"GM","SI"
26,69,72,"GM","SI"
11,32,72,"GM","SI"
64,15,72,"GM","SI"
20,6,72,"GM","SI"
12,12,72,"GM","SI"
75,5,72,"GM","SI"
163,1,72,"GM","SI"
61,36,72,"GM","SI"
78,13,72,"GM","SI"
27,3,73,"GM","SI"
530,2,73,"GM","SI"
12,12,73,"GM","SI"
67,12,73,"GM","SI"
71,4,73,"GM","SI"
17,6,73,"GM","SI"
38,6,73,"GM","SI"
33,13,73,"GM","SI"
5,7,73,"GM","SI"
11,32,73,"GM","SI"
77,20,73,"GM","SI"
26,69,73,"GM","SI"
47,9,73,"GM","SI"
45,8,73,"GM","SI"
76,7,73,"GM","SI"
54,12,73,"GM","SI"
91,7,73,"GM","SI"
549,1,73,"GM","SI"
4,8,73,"GM","SI"
48,8,73,"GM","SI"
63,6,73,"GM","SI"
11,32,73,"GM","SI"
48,8,73,"GM","SI"
10,7,73,"GM","SI"
44,32,73,"GM","SI"
254,1,73,"GM","SI"
57,8,73,"GM","SI"
16,5,73,"GM","SI"
19,10,73,"GM","SI"
75,5,73,"GM","SI"
163,1,73,"GM","SI"
77,20,73,"GM","SI"
64,15,73,"GM","SI"
62,7,73,"GM","SI"
59,5,73,"GM","SI"
25,15,73,"GM","SI"
17,6,73,"GM","SI"
33,13,73,"GM","SI"
49,7,74,"GM","SI"
20,6,74,"GM","SI"
11,32,74,"GM","SI"
13,4,74,"GM","SI"
19,10,74,"GM","SI"
3,3,74,"GM","SI"
5,7,74,"GM","SI"
48,8,74,"GM","SI"
57,8,74,"GM","SI"
13,4,74,"GM","SI"
44,32,74,"GM","SI"
67,12,74,"GM","SI"
47,9,74,"GM","SI"
45,8,74,"GM","SI"
48,8,74,"GM","SI"
14,29,74,"GM","SI"
63,6,74,"GM","SI"
86,2,74,"GM","SI"
11,32,74,"GM","SI"
254,1,74,"GM","SI"
25,15,74,"GM","SI"
548,1,74,"GM","SI"
77,20,74,"GM","SI"
58,5,74,"GM","SI"
78,13,74,"GM","SI"
64,15,74,"GM","SI"
75,5,74,"GM","SI"
30,2,74,"GM","SI"
38,6,74,"GM","SI"
80,7,74,"GM","SI"
38,6,74,"GM","SI"
71,4,74,"GM","SI"
54,12,74,"GM","SI"
19,10,74,"GM","SI"
32,14,74,"GM","SI"
80,7,74,"GM","SI"
62,7,74,"GM","SI"
77,20,74,"GM","SI"
86,2,75,"GM","SI"
33,13,75,"GM","SI"
36,5,75,"GM","SI"
67,12,75,"GM","SI"
26,69,75,"GM","SI"
75,5,75,"GM","SI"
17,6,75,"GM","SI"
76,7,75,"GM","SI"
72,7,75,"GM","SI"
62,7,75,"GM","SI"
51,2,75,"GM","SI"
59,5,75,"GM","SI"
77,20,75,"GM","SI"
45,8,75,"GM","SI"
5,7,75,"GM","SI"
63,6,75,"GM","SI"
80,7,75,"GM","SI"
76,7,75,"GM","SI"
45,8,75,"GM","SI"
19,10,75,"GM","SI"
14,29,75,"GM","SI"
32,14,75,"GM","SI"
54,12,75,"GM","SI"
67,12,75,"GM","SI"
20,6,75,"GM","SI"
64,15,75,"GM","SI"
254,1,75,"GM","SI"
23,6,75,"GM","SI"
10,7,75,"GM","SI"
167,1,75,"GM","SI"
11,32,75,"GM","SI"
57,8,75,"GM","SI"
7,10,75,"GM","SI"
58,5,75,"GM","SI"
16,5,75,"GM","SI"
33,13,75,"GM","SI"
27,3,75,"GM","SI"
549,1,75,"GM","SI"
549,1,76,"GM","SI"
57,8,76,"GM","SI"
27,3,76,"GM","SI"
76,7,76,"GM","SI"
16,5,76,"GM","SI"
7,10,76,"GM","SI"
11,32,76,"GM","SI"
77,20,76,"GM","SI"
47,9,76,"GM","SI"
44,32,76,"GM","SI"
76,7,76,"GM","SI"
91,7,76,"GM","SI"
19,10,76,"GM","SI"
62,7,76,"GM","SI"
26,69,76,"GM","SI"
71,4,76,"GM","SI"
33,13,76,"GM","SI"
32,14,76,"GM","SI"
36,5,76,"GM","SI"
64,15,76,"GM","SI"
82,1,76,"GM","SI"
38,6,76,"GM","SI"
32,14,76,"GM","SI"
12,12,76,"GM","SI"
13,4,76,"GM","SI"
41,1,76,"GM","SI"
10,7,76,"GM","SI"
19,10,76,"GM","SI"
45,8,76,"GM","SI"
33,13,76,"GM","SI"
44,32,76,"GM","SI"
17,6,76,"GM","SI"
28,34,76,"GM","SI"
72,7,76,"GM","SI"
5,7,76,"GM","SI"
11,32,76,"GM","SI"
28,34,76,"GM","SI"
64,15,76,"GM","SI"
78,13,77,"GM","SI"
10,7,77,"GM","SI"
32,14,77,"GM","SI"
44,32,77,"GM","SI"
64,15,77,"GM","SI"
16,5,77,"GM","SI"
33,13,77,"GM","SI"
28,34,77,"GM","SI"
7,10,77,"GM","SI"
13,4,77,"GM","SI"
27,3,77,"GM","SI"
4,8,77,"GM","SI"
82,1,77,"GM","SI"
19,10,77,"GM","SI"
19,10,77,"GM","SI"
25,15,77,"GM","SI"
167,1,77,"GM","SI"
254,1,77,"GM","SI"
33,13,77,"GM","SI"
11,32,77,"GM","SI"
67,12,77,"GM","SI"
49,7,77,"GM","SI"
77,20,77,"GM","SI"
57,8,77,"GM","SI"
59,5,77,"GM","SI"
61,36,77,"GM","SI"
62,7,77,"GM","SI"
12,12,77,"GM","SI"
44,32,77,"GM","SI"
45,8,77,"GM","SI"
14,29,77,"GM","SI"
26,69,77,"GM","SI"
20,6,77,"GM","SI"
13,4,77,"GM","SI"
3,3,77,"GM","SI"
7,10,77,"GM","SI"
38,6,77,"GM","SI"
2,6,77,"GM","SI"
75,5,78,"GM","SI"
5,7,78,"GM","SI"
71,4,78,"GM","SI"
25,15,78,"GM","SI"
59,5,78,"GM","SI"
26,69,78,"GM","SI"
254,1,78,"GM","SI"
12,12,78,"GM","SI"
86,2,78,"GM","SI"
4,8,78,"GM","SI"
17,6,78,"GM","SI"
51,2,78,"GM","SI"
82,1,78,"GM","SI"
19,10,78,"GM","SI"
48,8,78,"GM","SI"
77,20,78,"GM","SI"
45,8,78,"GM","SI"
67,12,78,"GM","SI"
48,8,78,"GM","SI"
44,32,78,"GM","SI"
530,2,78,"GM","SI"
14,29,78,"GM","SI"
163,1,78,"GM","SI"
54,12,78,"GM","SI"
64,15,78,"GM","SI"
32,14,78,"GM","SI"
72,7,78,"GM","SI"
27,3,78,"GM","SI"
23,6,78,"GM","SI"
62,7,78,"GM","SI"
14,29,78,"GM","SI"
38,6,78,"GM","SI"
80,7,78,"GM","SI"
64,15,78,"GM","SI"
549,1,78,"GM","SI"
76,7,78,"GM","SI"
47,9,78,"GM","SI"
13,4,78,"GM","SI"
64,15,79,"GM","SI"
67,12,79,"GM","SI"
3,3,79,"GM","SI"
36,5,79,"GM","SI"
254,1,79,"GM","SI"
80,7,79,"GM","SI"
33,13,79,"GM","SI"
7,10,79,"GM","SI"
44,32,79,"GM","SI"
19,10,79,"GM","SI"
78,13,79,"GM","SI"
57,8,79,"GM","SI"
549,1,79,"GM","SI"
5,7,79,"GM","SI"
49,7,79,"GM","SI"
91,7,79,"GM","SI"
16,5,79,"GM","SI"
51,2,79,"GM","SI"
163,1,79,"GM","SI"
13,4,79,"GM","SI"
63,6,79,"GM","SI"
27,3,79,"GM","SI"
19,10,79,"GM","SI"
41,1,79,"GM","SI"
76,7,79,"GM","SI"
45,8,79,"GM","SI"
78,13,79,"GM","SI"
11,32,79,"GM","SI"
77,20,79,"GM","SI"
80,7,79,"GM","SI"
12,12,79,"GM","SI"
28,34,79,"GM","SI"
11,32,79,"GM","SI"
67,12,79,"GM","SI"
548,1,79,"GM","SI"
86,2,79,"GM","SI"
25,15,79,"GM","SI"
12,12,79,"GM","SI"
12,12,80,"GM","SI"
19,10,80,"GM","SI"
75,5,80,"GM","SI"
78,13,80,"GM","SI"
11,32,80,"GM","SI"
545,1,80,"GM","SI"
36,5,80,"GM","SI"
530,2,80,"GM","SI"
49,7,80,"GM","SI"
44,32,80,"GM","SI"
41,1,80,"GM","SI"
254,1,80,"GM","SI"
32,14,80,"GM","SI"
58,5,80,"GM","SI"
14,29,80,"GM","SI"
17,6,80,"GM","SI"
64,15,80,"GM","SI"
77,20,80,"GM","SI"
76,7,80,"GM","SI"
3,3,80,"GM","SI"
45,8,80,"GM","SI"
20,6,80,"GM","SI"
5,7,80,"GM","SI"
4,8,80,"GM","SI"
17,6,80,"GM","SI"
2,6,80,"GM","SI"
167,1,80,"GM","SI"
77,20,80,"GM","SI"
57,8,80,"GM","SI"
11,32,80,"GM","SI"
7,10,80,"GM","SI"
48,8,80,"GM","SI"
54,12,80,"GM","SI"
80,7,80,"GM","SI"
23,6,80,"GM","SI"
78,13,80,"GM","SI"
51,2,80,"GM","SI"
549,1,80,"GM","SI"
16,5,81,"GM","SI"
57,8,81,"GM","SI"
3,3,81,"GM","SI"
38,6,81,"GM","SI"
163,1,81,"GM","SI"
13,4,81,"GM","SI"
58,5,81,"GM","SI"
33,13,81,"GM","SI"
76,7,81,"GM","SI"
71,4,81,"GM","SI"
25,15,81,"GM","SI"
549,1,81,"GM","SI"
26,69,81,"GM","SI"
64,15,81,"GM","SI"
7,10,81,"GM","SI"
19,10,81,"GM","SI"
62,7,81,"GM","SI"
5,7,81,"GM","SI"
11,32,81,"GM","SI"
13,4,81,"GM","SI"
254,1,81,"GM","SI"
72,7,81,"GM","SI"
80,7,81,"GM","SI"
63,6,81,"GM","SI"
44,32,81,"GM","SI"
28,34,81,"GM","SI"
12,12,81,"GM","SI"
51,2,81,"GM","SI"
76,7,81,"GM","SI"
2,6,81,"GM","SI"
12,12,81,"GM","SI"
45,8,81,"GM","SI"
10,7,81,"GM","SI"
48,8,81,"GM","SI"
80,7,81,"GM","SI"
48,8,81,"GM","SI"
49,7,81,"GM","SI"
167,1,81,"GM","SI"
57,8,82,"GM","SI"
82,1,82,"GM","SI"
67,12,82,"GM","SI"
545,1,82,"GM","SI"
45,8,82,"GM","SI"
254,1,82,"GM","SI"
17,6,82,"GM","SI"
163,1,82,"GM","SI"
14,29,82,"GM","SI"
58,5,82,"GM","SI"
19,10,82,"GM","SI"
13,4,82,"GM","SI"
27,3,82,"GM","SI"
167,1,82,"GM","SI"
49,7,82,"GM","SI"
64,15,82,"GM","SI"
33,13,82,"GM","SI"
63,6,82,"GM","SI"
78,13,82,"GM","SI"
67,12,82,"GM","SI"
32,14,82,"GM","SI"
64,15,82,"GM","SI"
59,5,82,"GM","SI"
20,6,82,"GM","SI"
44,32,82,"GM","SI"
25,15,82,"GM","SI"
54,12,82,"GM","SI"
2,6,82,"GM","SI"
28,34,82,"GM","SI"
47,9,82,"GM","SI"
80,7,82,"GM","SI"
86,2,82,"GM","SI"
38,6,82,"GM","SI"
76,7,82,"GM","SI"
530,2,82,"GM","SI"
11,32,82,"GM","SI"
26,69,82,"GM","SI"
549,1,82,"GM","SI"
26,69,83,"GM","SI"
19,10,83,"GM","SI"
10,7,83,"GM","SI"
49,7,83,"GM","SI"
45,8,83,"GM","SI"
51,2,83,"GM","SI"
12,12,83,"GM","SI"
5,7,83,"GM","SI"
7,10,83,"GM","SI"
13,4,83,"GM","SI"
78,13,83,"GM","SI"
14,29,83,"GM","SI"
13,4,83,"GM","SI"
58,5,83,"GM","SI"
548,1,83,"GM","SI"
76,7,83,"GM","SI"
28,34,83,"GM","SI"
32,14,83,"GM","SI"
82,1,83,"GM","SI"
167,1,83,"GM","SI"
47,9,83,"GM","SI"
32,14,83,"GM","SI"
23,6,83,"GM","SI"
17,6,83,"GM","SI"
78,13,83,"GM","SI"
57,8,83,"GM","SI"
76,7,83,"GM","SI"
254,1,83,"GM","SI"
67,12,83,"GM","SI"
25,15,83,"GM","SI"
26,69,83,"GM","SI"
44,32,83,"GM","SI"
7,10,83,"GM","SI"
5,7,83,"GM","SI"
86,2,83,"GM","SI"
61,36,83,"GM","SI"
80,7,83,"GM","SI"
545,1,83,"GM","SI"
11,32,84,"GM","SI"
549,1,84,"GM","SI"
64,15,84,"GM","SI"
45,8,84,"GM","SI"
75,5,84,"GM","SI"
14,29,84,"GM","SI"
44,32,84,"GM","SI"
63,6,84,"GM","SI"
78,13,84,"GM","SI"
41,1,84,"GM","SI"
13,4,84,"GM","SI"
17,6,84,"GM","SI"
86,2,84,"GM","SI"
3,3,84,"GM","SI"
167,1,84,"GM","SI"
45,8,84,"GM","SI"
545,1,84,"GM","SI"
32,14,84,"GM","SI"
32,14,84,"GM","SI"
78,13,84,"GM","SI"
25,15,84,"GM","SI"
38,6,84,"GM","SI"
48,8,84,"GM","SI"
10,7,84,"GM","SI"
47,9,84,"GM","SI"
11,32,84,"GM","SI"
30,2,84,"GM","SI"
61,36,84,"GM","SI"
38,6,84,"GM","SI"
5,7,84,"GM","SI"
7,10,84,"GM","SI"
26,69,84,"GM","SI"
20,6,84,"GM","SI"
28,34,84,"GM","SI"
76,7,84,"GM","SI"
28,34,84,"GM","SI"
82,1,84,"GM","SI"
67,12,84,"GM","SI"
28,34,85,"GM","SI"
49,7,85,"GM","SI"
54,12,85,"GM","SI"
45,8,85,"GM","SI"
38,6,85,"GM","SI"
76,7,85,"GM","SI"
38,6,85,"GM","SI"
17,6,85,"GM","SI"
44,32,85,"GM","SI"
5,7,85,"GM","SI"
32,14,85,"GM","SI"
13,4,85,"GM","SI"
3,3,85,"GM","SI"
72,7,85,"GM","SI"
77,20,85,"GM","SI"
44,32,85,"GM","SI"
91,7,85,"GM","SI"
36,5,85,"GM","SI"
61,36,85,"GM","SI"
548,1,85,"GM","SI"
549,1,85,"GM","SI"
41,1,85,"GM","SI"
7,10,85,"GM","SI"
23,6,85,"GM","SI"
27,3,85,"GM","SI"
58,5,85,"GM","SI"
67,12,85,"GM","SI"
67,12,85,"GM","SI"
80,7,85,"GM","SI"
5,7,85,"GM","SI"
51,2,85,"GM","SI"
32,14,85,"GM","SI"
86,2,85,"GM","SI"
77,20,85,"GM","SI"
20,6,85,"GM","SI"
2,6,85,"GM","SI"
82,1,85,"GM","SI"
33,13,85,"GM","SI"
19,10,86,"GM","SI"
7,10,86,"GM","SI"
32,14,86,"GM","SI"
17,6,86,"GM","SI"
75,5,86,"GM","SI"
41,1,86,"GM","SI"
2,6,86,"GM","SI"
59,5,86,"GM","SI"
62,7,86,"GM","SI"
163,1,86,"GM","SI"
58,5,86,"GM","SI"
78,13,86,"GM","SI"
13,4,86,"GM","SI"
57,8,86,"GM","SI"
11,32,86,"GM","SI"
47,9,86,"GM","SI"
11,32,86,"GM","SI"
54,12,86,"GM","SI"
16,5,86,"GM","SI"
91,7,86,"GM","SI"
28,34,86,"GM","SI"
530,2,86,"GM","SI"
10,7,86,"GM","SI"
64,15,86,"GM","SI"
44,32,86,"GM","SI"
38,6,86,"GM","SI"
72,7,86,"GM","SI"
17,6,86,"GM","SI"
26,69,86,"GM","SI"
80,7,86,"GM","SI"
86,2,86,"GM","SI"
45,8,86,"GM","SI"
4,8,86,"GM","SI"
548,1,86,"GM","SI"
51,2,86,"GM","SI"
33,13,86,"GM","SI"
254,1,86,"GM","SI"
30,2,86,"GM","SI"
41,1,87,"GM","SI"
33,13,87,"GM","SI"
76,7,87,"GM","SI"
13,4,87,"GM","SI"
14,29,87,"GM","SI"
2,6,87,"GM","SI"
45,8,87,"GM","SI"
12,12,87,"GM","SI"
17,6,87,"GM","SI"
530,2,87,"GM","SI"
32,14,87,"GM","SI"
72,7,87,"GM","SI"
25,15,87,"GM","SI"
91,7,87,"GM","SI"
59,5,87,"GM","SI"
57,8,87,"GM","SI"
76,7,87,"GM","SI"
27,3,87,"GM","SI"
545,1,87,"GM","SI"
61,36,87,"GM","SI"
4,8,87,"GM","SI"
71,4,87,"GM","SI"
5,7,87,"GM","SI"
75,5,87,"GM","SI"
47,9,87,"GM","SI"
86,2,87,"GM","SI"
82,1,87,"GM","SI"
23,6,87,"GM","SI"
77,20,87,"GM","SI"
13,4,87,"GM","SI"
16,5,87,"GM","SI"
26,69,87,"GM","SI"
17,6,87,"GM","SI"
80,7,87,"GM","SI"
548,1,87,"GM","SI"
7,10,87,"GM","SI"
63,6,87,"GM","SI"
77,20,87,"GM","SI"
30,2,88,"GM","SI"
57,8,88,"GM","SI"
72,7,88,"GM","SI"
548,1,88,"GM","SI"
77,20,88,"GM","SI"
19,10,88,"GM","SI"
44,32,88,"GM","SI"
76,7,88,"GM","SI"
38,6,88,"GM","SI"
33,13,88,"GM","SI"
4,8,88,"GM","SI"
47,9,88,"GM","SI"
5,7,88,"GM","SI"
78,13,88,"GM","SI"
17,6,88,"GM","SI"
61,36,88,"GM","SI"
41,1,88,"GM","SI"
12,12,88,"GM","SI"
91,7,88,"GM","SI"
27,3,88,"GM","SI"
7,10,88,"GM","SI"
33,13,88,"GM","SI"
530,2,88,"GM","SI"
19,10,88,"GM","SI"
26,69,88,"GM","SI"
78,13,88,"GM","SI"
12,12,88,"GM","SI"
77,20,88,"GM","SI"
71,4,88,"GM","SI"
49,7,88,"GM","SI"
75,5,88,"GM","SI"
86,2,88,"GM","SI"
7,10,88,"GM","SI"
28,34,88,"GM","SI"
13,4,88,"GM","SI"
5,7,88,"GM","SI"
32,14,88,"GM","SI"
11,32,88,"GM","SI"
28,34,89,"GM","SI"
45,8,89,"GM","SI"
86,2,89,"GM","SI"
80,7,89,"GM","SI"
33,13,89,"GM","SI"
32,14,89,"GM","SI"
59,5,89,"GM","SI"
67,12,89,"GM","SI"
14,29,89,"GM","SI"
26,69,89,"GM","SI"
17,6,89,"GM","SI"
54,12,89,"GM","SI"
30,2,89,"GM","SI"
78,13,89,"GM","SI"
23,6,89,"GM","SI"
20,6,89,"GM","SI"
82,1,89,"GM","SI"
76,7,89,"GM","SI"
33,13,89,"GM","SI"
530,2,89,"GM","SI"
91,7,89,"GM","SI"
548,1,89,"GM","SI"
7,10,89,"GM","SI"
38,6,89,"GM","SI"
62,7,89,"GM","SI"
28,34,89,"GM","SI"
14,29,89,"GM","SI"
72,7,89,"GM","SI"
545,1,89,"GM","SI"
5,7,89,"GM","SI"
67,12,89,"GM","SI"
11,32,89,"GM","SI"
58,5,89,"GM","SI"
7,10,89,"GM","SI"
167,1,89,"GM","SI"
48,8,89,"GM","SI"
163,1,89,"GM","SI"
12,12,89,"GM","SI"
17,6,90,"GM","SI"
25,15,90,"GM","SI"
59,5,90,"GM","SI"
14,29,90,"GM","SI"
54,12,90,"GM","SI"
28,34,90,"GM","SI"
548,1,90,"GM","SI"
7,10,90,"GM","SI"
76,7,90,"GM","SI"
86,2,90,"GM","SI"
13,4,90,"GM","SI"
10,7,90,"GM","SI"
545,1,90,"GM","SI"
71,4,90,"GM","SI"
11,32,90,"GM","SI"
36,5,90,"GM","SI"
76,7,90,"GM","SI"
80,7,90,"GM","SI"
48,8,90,"GM","SI"
3,3,90,"GM","SI"
57,8,90,"GM","SI"
45,8,90,"GM","SI"
62,7,90,"GM","SI"
28,34,90,"GM","SI"
30,2,90,"GM","SI"
61,36,90,"GM","SI"
12,12,90,"GM","SI"
47,9,90,"GM","SI"
2,6,90,"GM","SI"
5,7,90,"GM","SI"
19,10,90,"GM","SI"
14,29,90,"GM","SI"
75,5,90,"GM","SI"
33,13,90,"GM","SI"
64,15,90,"GM","SI"
19,10,90,"GM","SI"
82,1,90,"GM","SI"
38,6,90,"GM","SI"
78,13,91,"GM","SI"
167,1,91,"GM","SI"
67,12,91,"GM","SI"
44,32,91,"GM","SI"
76,7,91,"GM","SI"
12,12,91,"GM","SI"
163,1,91,"GM","SI"
38,6,91,"GM","SI"
26,69,91,"GM","SI"
54,12,91,"GM","SI"
530,2,91,"GM","SI"
72,7,91,"GM","SI"
41,1,91,"GM","SI"
13,4,91,"GM","SI"
28,34,91,"GM","SI"
80,7,91,"GM","SI"
49,7,91,"GM","SI"
19,10,91,"GM","SI"
67,12,91,"GM","SI"
27,3,91,"GM","SI"
5,7,91,"GM","SI"
23,6,91,"GM","SI"
5,7,91,"GM","SI"
57,8,91,"GM","SI"
91,7,91,"GM","SI"
3,3,91,"GM","SI"
16,5,91,"GM","SI"
33,13,91,"GM","SI"
77,20,91,"GM","SI"
45,8,91,"GM","SI"
38,6,91,"GM","SI"
28,34,91,"GM","SI"
59,5,91,"GM","SI"
11,32,91,"GM","SI"
76,7,91,"GM","SI"
14,29,91,"GM","SI"
30,2,91,"GM","SI"
51,2,91,"GM","SI"
47,9,92,"GM","SI"
19,10,92,"GM","SI"
12,12,92,"GM","SI"
14,29,92,"GM","SI"
13,4,92,"GM","SI"
44,32,92,"GM","SI"
10,7,92,"GM","SI"
27,3,92,"GM","SI"
78,13,92,"GM","SI"
45,8,92,"GM","SI"
17,6,92,"GM","SI"
7,10,92,"GM","SI"
80,7,92,"GM","SI"
48,8,92,"GM","SI"
12,12,92,"GM","SI"
11,32,92,"GM","SI"
20,6,92,"GM","SI"
75,5,92,"GM","SI"
67,12,92,"GM","SI"
167,1,92,"GM","SI"
44,32,92,"GM","SI"
5,7,92,"GM","SI"
23,6,92,"GM","SI"
17,6,92,"GM","SI"
3,3,92,"GM","SI"
64,15,92,"GM","SI"
49,7,92,"GM","SI"
51,2,92,"GM","SI"
76,7,92,"GM","SI"
54,12,92,"GM","SI"
58,5,92,"GM","SI"
41,1,92,"GM","SI"
80,7,92,"GM","SI"
254,1,92,"GM","SI"
28,34,92,"GM","SI"
61,36,92,"GM","SI"
71,4,92,"GM","SI"
32,14,92,"GM","SI"
19,10,93,"GM","SI"
48,8,93,"GM","SI"
32,14,93,"GM","SI"
7,10,93,"GM","SI"
20,6,93,"GM","SI"
62,7,93,"GM","SI"
27,3,93,"GM","SI"
12,12,93,"GM","SI"
64,15,93,"GM","SI"
30,2,93,"GM","SI"
25,15,93,"GM","SI"
5,7,93,"GM","SI"
45,8,93,"GM","SI"
71,4,93,"GM","SI"
91,7,93,"GM","SI"
67,12,93,"GM","SI"
26,69,93,"GM","SI"
530,2,93,"GM","SI"
57,8,93,"GM","SI"
26,69,93,"GM","SI"
86,2,93,"GM","SI"
254,1,93,"GM","SI"
63,6,93,"GM","SI"
32,14,93,"GM","SI"
3,3,93,"GM","SI"
45,8,93,"GM","SI"
28,34,93,"GM","SI"
44,32,93,"GM","SI"
12,12,93,"GM","SI"
11,32,93,"GM","SI"
2,6,93,"GM","SI"
5,7,93,"GM","SI"
54,12,93,"GM","SI"
48,8,93,"GM","SI"
14,29,93,"GM","SI"
17,6,93,"GM","SI"
78,13,93,"GM","SI"
4,8,93,"GM","SI"
5,7,94,"GM","SI"
20,6,94,"GM","SI"
61,36,94,"GM","SI"
78,13,94,"GM","SI"
45,8,94,"GM","SI"
3,3,94,"GM","SI"
75,5,94,"GM","SI"
48,8,94,"GM","SI"
77,20,94,"GM","SI"
44,32,94,"GM","SI"
545,1,94,"GM","SI"
14,29,94,"GM","SI"
33,13,94,"GM","SI"
86,2,94,"GM","SI"
36,5,94,"GM","SI"
19,10,94,"GM","SI"
47,9,94,"GM","SI"
28,34,94,"GM","SI"
78,13,94,"GM","SI"
58,5,94,"GM","SI"
11,32,94,"GM","SI"
12,12,94,"GM","SI"
10,7,94,"GM","SI"
7,10,94,"GM","SI"
57,8,94,"GM","SI"
25,15,94,"GM","SI"
17,6,94,"GM","SI"
5,7,94,"GM","SI"
64,15,94,"GM","SI"
63,6,94,"GM","SI"
71,4,94,"GM","SI"
4,8,94,"GM","SI"
28,34,94,"GM","SI"
13,4,94,"GM","SI"
14,29,94,"GM","SI"
38,6,94,"GM","SI"
72,7,94,"GM","SI"
23,6,94,"GM","SI"
78,13,95,"GM","SI"
13,4,95,"GM","SI"
64,15,95,"GM","SI"
19,10,95,"GM","SI"
17,6,95,"GM","SI"
33,13,95,"GM","SI"
549,1,95,"GM","SI"
63,6,95,"GM","SI"
23,6,95,"GM","SI"
14,29,95,"GM","SI"
12,12,95,"GM","SI"
82,1,95,"GM","SI"
86,2,95,"GM","SI"
57,8,95,"GM","SI"
25,15,95,"GM","SI"
67,12,95,"GM","SI"
20,6,95,"GM","SI"
167,1,95,"GM","SI"
80,7,95,"GM","SI"
548,1,95,"GM","SI"
51,2,95,"GM","SI"
28,34,95,"GM","SI"
27,3,95,"GM","SI"
44,32,95,"GM","SI"
17,6,95,"GM","SI"
47,9,95,"GM","SI"
545,1,95,"GM","SI"
61,36,95,"GM","SI"
2,6,95,"GM","SI"
7,10,95,"GM","SI"
36,5,95,"GM","SI"
59,5,95,"GM","SI"
28,34,95,"GM","SI"
10,7,95,"GM","SI"
54,12,95,"GM","SI"
19,10,95,"GM","SI"
3,3,95,"GM","SI"
41,1,95,"GM","SI"
19,10,96,"GM","SI"
254,1,96,"GM","SI"
63,6,96,"GM","SI"
23,6,96,"GM","SI"
45,8,96,"GM","SI"
5,7,96,"GM","SI"
28,34,96,"GM","SI"
32,14,96,"GM","SI"
14,29,96,"GM","SI"
33,13,96,"GM","SI"
2,6,96,"GM","SI"
47,9,96,"GM","SI"
17,6,96,"GM","SI"
12,12,96,"GM","SI"
61,36,96,"GM","SI"
14,29,96,"GM","SI"
86,2,96,"GM","SI"
67,12,96,"GM","SI"
45,8,96,"GM","SI"
67,12,96,"GM","SI"
75,5,96,"GM","SI"
13,4,96,"GM","SI"
26,69,96,"GM","SI"
78,13,96,"GM","SI"
3,3,96,"GM","SI"
548,1,96,"GM","SI"
49,7,96,"GM","SI"
19,10,96,"GM","SI"
76,7,96,"GM","SI"
44,32,96,"GM","SI"
549,1,96,"GM","SI"
80,7,96,"GM","SI"
33,13,96,"GM","SI"
167,1,96,"GM","SI"
11,32,96,"GM","SI"
36,5,96,"GM","SI"
78,13,96,"GM","SI"
44,32,96,"GM","SI"
5,7,97,"GM","SI"
167,1,97,"GM","SI"
17,6,97,"GM","SI"
12,12,97,"GM","SI"
63,6,97,"GM","SI"
54,12,97,"GM","SI"
44,32,97,"GM","SI"
530,2,97,"GM","SI"
28,34,97,"GM","SI"
41,1,97,"GM","SI"
78,13,97,"GM","SI"
20,6,97,"GM","SI"
32,14,97,"GM","SI"
19,10,97,"GM","SI"
25,15,97,"GM","SI"
19,10,97,"GM","SI"
4,8,97,"GM","SI"
48,8,97,"GM","SI"
14,29,97,"GM","SI"
10,7,97,"GM","SI"
80,7,97,"GM","SI"
32,14,97,"GM","SI"
64,15,97,"GM","SI"
5,7,97,"GM","SI"
51,2,97,"GM","SI"
82,1,97,"GM","SI"
67,12,97,"GM","SI"
3,3,97,"GM","SI"
48,8,97,"GM","SI"
27,3,97,"GM","SI"
61,36,97,"GM","SI"
33,13,97,"GM","SI"
64,15,97,"GM","SI"
2,6,97,"GM","SI"
13,4,97,"GM","SI"
38,6,97,"GM","SI"
17,6,97,"GM","SI"
91,7,97,"GM","SI"
78,13,98,"GM","SI"
78,13,98,"GM","SI"
61,36,98,"GM","SI"
72,7,98,"GM","SI"
26,69,98,"GM","SI"
48,8,98,"GM","SI"
32,14,98,"GM","SI"
77,20,98,"GM","SI"
45,8,98,"GM","SI"
254,1,98,"GM","SI"
12,12,98,"GM","SI"
45,8,98,"GM","SI"
64,15,98,"GM","SI"
167,1,98,"GM","SI"
28,34,98,"GM","SI"
86,2,98,"GM","SI"
2,6,98,"GM","SI"
33,13,98,"GM","SI"
63,6,98,"GM","SI"
3,3,98,"GM","SI"
77,20,98,"GM","SI"
91,7,98,"GM","SI"
7,10,98,"GM","SI"
82,1,98,"GM","SI"
19,10,98,"GM","SI"
38,6,98,"GM","SI"
41,1,98,"GM","SI"
20,6,98,"GM","SI"
38,6,98,"GM","SI"
64,15,98,"GM","SI"
548,1,98,"GM","SI"
67,12,98,"GM","SI"
80,7,98,"GM","SI"
76,7,98,"GM","SI"
23,6,98,"GM","SI"
51,2,98,"GM","SI"
14,29,98,"GM","SI"
33,13,98,"GM","SI"
4,8,99,"GM","SI"
13,4,99,"GM","SI"
254,1,99,"GM","SI"
44,32,99,"GM","SI"
17,6,99,"GM","SI"
12,12,99,"GM","SI"
82,1,99,"GM","SI"
13,4,99,"GM","SI"
61,36,99,"GM","SI"
26,69,99,"GM","SI"
14,29,99,"GM","SI"
67,12,99,"GM","SI"
76,7,99,"GM","SI"
545,1,99,"GM","SI"
86,2,99,"GM","SI"
549,1,99,"GM","SI"
63,6,99,"GM","SI"
7,10,99,"GM","SI"
57,8,99,"GM","SI"
28,34,99,"GM","SI"
25,15,99,"GM","SI"
33,13,99,"GM","SI"
30,2,99,"GM","SI"
64,15,99,"GM","SI"
33,13,99,"GM","SI"
28,34,99,"GM","SI"
548,1,99,"GM","SI"
64,15,99,"GM","SI"
62,7,99,"GM","SI"
59,5,99,"GM","SI"
26,69,99,"GM","SI"
71,4,99,"GM","SI"
77,20,99,"GM","SI"
80,7,99,"GM","SI"
27,3,99,"GM","SI"
41,1,99,"GM","SI"
163,1,99,"GM","SI"
530,2,99,"GM","SI"
75,5,100,"GM","SI"
78,13,100,"GM","SI"
76,7,100,"GM","SI"
26,69,100,"GM","SI"
62,7,100,"GM","SI"
17,6,100,"GM","SI"
49,7,100,"GM","SI"
38,6,100,"GM","SI"
20,6,100,"GM","SI"
91,7,100,"GM","SI"
33,13,100,"GM","SI"
11,32,100,"GM","SI"
254,1,100,"GM","SI"
32,14,100,"GM","SI"
45,8,100,"GM","SI"
64,15,100,"GM","SI"
16,5,100,"GM","SI"
59,5,100,"GM","SI"
14,29,100,"GM","SI"
19,10,100,"GM","SI"
80,7,100,"GM","SI"
44,32,100,"GM","SI"
28,34,100,"GM","SI"
13,4,100,"GM","SI"
51,2,100,"GM","SI"
67,12,100,"GM","SI"
36,5,100,"GM","SI"
4,8,100,"GM","SI"
61,36,100,"GM","SI"
47,9,100,"GM","SI"
549,1,100,"GM","SI"
77,20,100,"GM","SI"
80,7,100,"GM","SI"
26,69,100,"GM","SI"
5,7,100,"GM","SI"
54,12,100,"GM","SI"
63,6,100,"GM","SI"
7,10,100,"GM","SI"
58,5,101,"GM","SI"
5,7,101,"GM","SI"
7,10,101,"GM","SI"
38,6,101,"GM","SI"
13,4,101,"GM","SI"
44,32,101,"GM","SI"
14,29,101,"GM","SI"
12,12,101,"GM","SI"
163,1,101,"GM","SI"
44,32,101,"GM","SI"
76,7,101,"GM","SI"
27,3,101,"GM","SI"
59,5,101,"GM","SI"
63,6,101,"GM","SI"
38,6,101,"GM","SI"
45,8,101,"GM","SI"
28,34,101,"GM","SI"
545,1,101,"GM","SI"
10,7,101,"GM","SI"
80,7,101,"GM","SI"
28,34,101,"GM","SI"
11,32,101,"GM","SI"
30,2,101,"GM","SI"
76,7,101,"GM","SI"
41,1,101,"GM","SI"
61,36,101,"GM","SI"
78,13,101,"GM","SI"
23,6,101,"GM","SI"
72,7,101,"GM","SI"
20,6,101,"GM","SI"
32,14,101,"GM","SI"
4,8,101,"GM","SI"
64,15,101,"GM","SI"
25,15,101,"GM","SI"
11,32,101,"GM","SI"
62,7,101,"GM","SI"
67,12,101,"GM","SI"
17,6,101,"GM","SI"
75,5,102,"GM","SI"
67,12,102,"GM","SI"
59,5,102,"GM","SI"
26,69,102,"GM","SI"
545,1,102,"GM","SI"
64,15,102,"GM","SI"
71,4,102,"GM","SI"
16,5,102,"GM","SI"
7,10,102,"GM","SI"
17,6,102,"GM","SI"
167,1,102,"GM","SI"
10,7,102,"GM","SI"
49,7,102,"GM","SI"
254,1,102,"GM","SI"
12,12,102,"GM","SI"
30,2,102,"GM","SI"
530,2,102,"GM","SI"
78,13,102,"GM","SI"
19,10,102,"GM","SI"
63,6,102,"GM","SI"
78,13,102,"GM","SI"
19,10,102,"GM","SI"
28,34,102,"GM","SI"
11,32,102,"GM","SI"
77,20,102,"GM","SI"
62,7,102,"GM","SI"
7,10,102,"GM","SI"
2,6,102,"GM","SI"
548,1,102,"GM","SI"
13,4,102,"GM","SI"
54,12,102,"GM","SI"
64,15,102,"GM","SI"
48,8,102,"GM","SI"
45,8,102,"GM","SI"
5,7,102,"GM","SI"
48,8,102,"GM","SI"
61,36,102,"GM","SI"
549,1,102,"GM","SI"
41,1,103,"GM","SI"
11,32,103,"GM","SI"
45,8,103,"GM","SI"
17,6,103,"GM","SI"
167,1,103,"GM","SI"
71,4,103,"GM","SI"
32,14,103,"GM","SI"
61,36,103,"GM","SI"
64,15,103,"GM","SI"
26,69,103,"GM","SI"
38,6,103,"GM","SI"
48,8,103,"GM","SI"
77,20,103,"GM","SI"
77,20,103,"GM","SI"
16,5,103,"GM","SI"
20,6,103,"GM","SI"
11,32,103,"GM","SI"
7,10,103,"GM","SI"
36,5,103,"GM","SI"
14,29,103,"GM","SI"
44,32,103,"GM","SI"
58,5,103,"GM","SI"
80,7,103,"GM","SI"
63,6,103,"GM","SI"
12,12,103,"GM","SI"
30,2,103,"GM","SI"
254,1,103,"GM","SI"
75,5,103,"GM","SI"
67,12,103,"GM","SI"
5,7,103,"GM","SI"
163,1,103,"GM","SI"
5,7,103,"GM","SI"
12,12,103,"GM","SI"
14,29,103,"GM","SI"
51,2,103,"GM","SI"
80,7,103,"GM","SI"
91,7,103,"GM","SI"
67,12,103,"GM","SI"
58,5,104,"GM","SI"
548,1,104,"GM","SI"
45,8,104,"GM","SI"
3,3,104,"GM","SI"
49,7,104,"GM","SI"
28,34,104,"GM","SI"
44,32,104,"GM","SI"
44,32,104,"GM","SI"
12,12,104,"GM","SI"
7,10,104,"GM","SI"
32,14,104,"GM","SI"
26,69,104,"GM","SI"
20,6,104,"GM","SI"
64,15,104,"GM","SI"
13,4,104,"GM","SI"
19,10,104,"GM","SI"
78,13,104,"GM","SI"
82,1,104,"GM","SI"
14,29,104,"GM","SI"
48,8,104,"GM","SI"
17,6,104,"GM","SI"
530,2,104,"GM","SI"
28,34,104,"GM","SI"
57,8,104,"GM","SI"
71,4,104,"GM","SI"
23,6,104,"GM","SI"
72,7,104,"GM","SI"
36,5,104,"GM","SI"
17,6,104,"GM","SI"
254,1,104,"GM","SI"
545,1,104,"GM","SI"
75,5,104,"GM","SI"
7,10,104,"GM","SI"
47,9,104,"GM","SI"
11,32,104,"GM","SI"
26,69,104,"GM","SI"
38,6,104,"GM","SI"
78,13,104,"GM","SI"
7,10,105,"GM","SI"
5,7,105,"GM","SI"
76,7,105,"GM","SI"
25,15,105,"GM","SI"
33,13,105,"GM","SI"
549,1,105,"GM","SI"
91,7,105,"GM","SI"
13,4,105,"GM","SI"
11,32,105,"GM","SI"
51,2,105,"GM","SI"
80,7,105,"GM","SI"
67,12,105,"GM","SI"
72,7,105,"GM","SI"
86,2,105,"GM","SI"
64,15,105,"GM","SI"
32,14,105,"GM","SI"
17,6,105,"GM","SI"
2,6,105,"GM","SI"
64,15,105,"GM","SI"
28,34,105,"GM","SI"
17,6,105,"GM","SI"
254,1,105,"GM","SI"
13,4,105,"GM","SI"
58,5,105,"GM","SI"
80,7,105,"GM","SI"
78,13,105,"GM","SI"
76,7,105,"GM","SI"
77,20,105,"GM","SI"
36,5,105,"GM","SI"
167,1,105,"GM","SI"
61,36,105,"GM","SI"
47,9,105,"GM","SI"
48,8,105,"GM","SI"
10,7,105,"GM","SI"
11,32,105,"GM","SI"
49,7,105,"GM","SI"
63,6,105,"GM","SI"
548,1,105,"GM","SI"
14,29,106,"GM","SI"
5,7,106,"GM","SI"
72,7,106,"GM","SI"
4,8,106,"GM","SI"
76,7,106,"GM","SI"
545,1,106,"GM","SI"
64,15,106,"GM","SI"
36,5,106,"GM","SI"
254,1,106,"GM","SI"
58,5,106,"GM","SI"
63,6,106,"GM","SI"
25,15,106,"GM","SI"
44,32,106,"GM","SI"
59,5,106,"GM","SI"
45,8,106,"GM","SI"
12,12,106,"GM","SI"
75,5,106,"GM","SI"
2,6,106,"GM","SI"
26,69,106,"GM","SI"
26,69,106,"GM","SI"
27,3,106,"GM","SI"
44,32,106,"GM","SI"
82,1,106,"GM","SI"
28,34,106,"GM","SI"
71,4,106,"GM","SI"
80,7,106,"GM","SI"
14,29,106,"GM","SI"
76,7,106,"GM","SI"
163,1,106,"GM","SI"
11,32,106,"GM","SI"
67,12,106,"GM","SI"
45,8,106,"GM","SI"
32,14,106,"GM","SI"
5,7,106,"GM","SI"
91,7,106,"GM","SI"
7,10,106,"GM","SI"
19,10,106,"GM","SI"
167,1,106,"GM","SI"
530,2,107,"GM","SI"
75,5,107,"GM","SI"
48,8,107,"GM","SI"
254,1,107,"GM","SI"
44,32,107,"GM","SI"
7,10,107,"GM","SI"
38,6,107,"GM","SI"
38,6,107,"GM","SI"
167,1,107,"GM","SI"
45,8,107,"GM","SI"
163,1,107,"GM","SI"
33,13,107,"GM","SI"
545,1,107,"GM","SI"
41,1,107,"GM","SI"
49,7,107,"GM","SI"
67,12,107,"GM","SI"
33,13,107,"GM","SI"
5,7,107,"GM","SI"
19,10,107,"GM","SI"
67,12,107,"GM","SI"
64,15,107,"GM","SI"
25,15,107,"GM","SI"
10,7,107,"GM","SI"
58,5,107,"GM","SI"
44,32,107,"GM","SI"
2,6,107,"GM","SI"
26,69,107,"GM","SI"
32,14,107,"GM","SI"
14,29,107,"GM","SI"
62,7,107,"GM","SI"
82,1,107,"GM","SI"
13,4,107,"GM","SI"
28,34,107,"GM","SI"
78,13,107,"GM","SI"
77,20,107,"GM","SI"
28,34,107,"GM","SI"
71,4,107,"GM","SI"
5,7,107,"GM","SI"
23,6,108,"GM","SI"
78,13,108,"GM","SI"
36,5,108,"GM","SI"
254,1,108,"GM","SI"
2,6,108,"GM","SI"
80,7,108,"GM","SI"
91,7,108,"GM","SI"
64,15,108,"GM","SI"
44,32,108,"GM","SI"
54,12,108,"GM","SI"
75,5,108,"GM","SI"
14,29,108,"GM","SI"
12,12,108,"GM","SI"
19,10,108,"GM","SI"
7,10,108,"GM","SI"
44,32,108,"GM","SI"
82,1,108,"GM","SI"
45,8,108,"GM","SI"
77,20,108,"GM","SI"
72,7,108,"GM","SI"
548,1,108,"GM","SI"
51,2,108,"GM","SI"
48,8,108,"GM","SI"
63,6,108,"GM","SI"
13,4,108,"GM","SI"
20,6,108,"GM","SI"
27,3,108,"GM","SI"
26,69,108,"GM","SI"
76,7,108,"GM","SI"
7,10,108,"GM","SI"
545,1,108,"GM","SI"
80,7,108,"GM","SI"
33,13,108,"GM","SI"
48,8,108,"GM","SI"
38,6,108,"GM","SI"
13,4,108,"GM","SI"
17,6,108,"GM","SI"
41,1,108,"GM","SI"
28,34,109,"GM","SI"
12,12,109,"GM","SI"
67,12,109,"GM","SI"
549,1,109,"GM","SI"
19,10,109,"GM","SI"
163,1,109,"GM","SI"
16,5,109,"GM","SI"
4,8,109,"GM","SI"
3,3,109,"GM","SI"
49,7,109,"GM","SI"
254,1,109,"GM","SI"
5,7,109,"GM","SI"
548,1,109,"GM","SI"
80,7,109,"GM","SI"
76,7,109,"GM","SI"
5,7,109,"GM","SI"
77,20,109,"GM","SI"
64,15,109,"GM","SI"
26,69,109,"GM","SI"
86,2,109,"GM","SI"
7,10,109,"GM","SI"
45,8,109,"GM","SI"
71,4,109,"GM","SI"
13,4,109,"GM","SI"
54,12,109,"GM","SI"
23,6,109,"GM","SI"
78,13,109,"GM","SI"
44,32,109,"GM","SI"
28,34,109,"GM","SI"
41,1,109,"GM","SI"
33,13,109,"GM","SI"
33,13,109,"GM","SI"
2,6,109,"GM","SI"
59,5,109,"GM","SI"
20,6,109,"GM","SI"
78,13,109,"GM","SI"
44,32,109,"GM","SI"
167,1,109,"GM","SI"
3,3,110,"GM","SI"
44,32,110,"GM","SI"
91,7,110,"GM","SI"
5,7,110,"GM","SI"
58,5,110,"GM","SI"
48,8,110,"GM","SI"
11,32,110,"GM","SI"
64,15,110,"GM","SI"
45,8,110,"GM","SI"
82,1,110,"GM","SI"
49,7,110,"GM","SI"
51,2,110,"GM","SI"
72,7,110,"GM","SI"
30,2,110,"GM","SI"
26,69,110,"GM","SI"
5,7,110,"GM","SI"
11,32,110,"GM","SI"
80,7,110,"GM","SI"
71,4,110,"GM","SI"
33,13,110,"GM","SI"
2,6,110,"GM","SI"
45,8,110,"GM","SI"
167,1,110,"GM","SI"
10,7,110,"GM","SI"
17,6,110,"GM","SI"
163,1,110,"GM","SI"
14,29,110,"GM","SI"
32,14,110,"GM","SI"
254,1,110,"GM","SI"
4,8,110,"GM","SI"
80,7,110,"GM","SI"
76,7,110,"GM","SI"
38,6,110,"GM","SI"
57,8,110,"GM","SI"
44,32,110,"GM","SI"
545,1,110,"GM","SI"
13,4,110,"GM","SI"
63,6,110,"GM","SI"
59,5,111,"GM","SI"
12,12,111,"GM","SI"
28,34,111,"GM","SI"
14,29,111,"GM","SI"
47,9,111,"GM","SI"
10,7,111,"GM","SI"
86,2,111,"GM","SI"
64,15,111,"GM","SI"
49,7,111,"GM","SI"
48,8,111,"GM","SI"
45,8,111,"GM","SI"
32,14,111,"GM","SI"
57,8,111,"GM","SI"
67,12,111,"GM","SI"
77,20,111,"GM","SI"
45,8,111,"GM","SI"
33,13,111,"GM","SI"
80,7,111,"GM","SI"
33,13,111,"GM","SI"
7,10,111,"GM","SI"
44,32,111,"GM","SI"
58,5,111,"GM","SI"
51,2,111,"GM","SI"
19,10,111,"GM","SI"
7,10,111,"GM","SI"
5,7,111,"GM","SI"
64,15,111,"GM","SI"
41,1,111,"GM","SI"
76,7,111,"GM","SI"
12,12,111,"GM","SI"
71,4,111,"GM","SI"
23,6,111,"GM","SI"
80,7,111,"GM","SI"
32,14,111,"GM","SI"
63,6,111,"GM","SI"
17,6,111,"GM","SI"
3,3,111,"GM","SI"
76,7,111,"GM","SI"
77,20,112,"GM","SI"
62,7,112,"GM","SI"
3,3,112,"GM","SI"
86,2,112,"GM","SI"
32,14,112,"GM","SI"
7,10,112,"GM","SI"
27,3,112,"GM","SI"
2,6,112,"GM","SI"
167,1,112,"GM","SI"
254,1,112,"GM","SI"
78,13,112,"GM","SI"
163,1,112,"GM","SI"
58,5,112,"GM","SI"
30,2,112,"GM","SI"
12,12,112,"GM","SI"
61,36,112,"GM","SI"
19,10,112,"GM","SI"
49,7,112,"GM","SI"
530,2,112,"GM","SI"
59,5,112,"GM","SI"
80,7,112,"GM","SI"
38,6,112,"GM","SI"
26,69,112,"GM","SI"
14,29,112,"GM","SI"
549,1,112,"GM","SI"
17,6,112,"GM","SI"
28,34,112,"GM","SI"
5,7,112,"GM","SI"
11,32,112,"GM","SI"
48,8,112,"GM","SI"
545,1,112,"GM","SI"
48,8,112,"GM","SI"
38,6,112,"GM","SI"
47,9,112,"GM","SI"
20,6,112,"GM","SI"
13,4,112,"GM","SI"
28,34,112,"GM","SI"
12,12,112,"GM","SI"
16,5,113,"GM","SI"
5,7,113,"GM","SI"
49,7,113,"GM","SI"
27,3,113,"GM","SI"
4,8,113,"GM","SI"
80,7,113,"GM","SI"
28,34,113,"GM","SI"
12,12,113,"GM","SI"
33,13,113,"GM","SI"
77,20,113,"GM","SI"
545,1,113,"GM","SI"
76,7,113,"GM","SI"
58,5,113,"GM","SI"
72,7,113,"GM","SI"
64,15,113,"GM","SI"
78,13,113,"GM","SI"
17,6,113,"GM","SI"
163,1,113,"GM","SI"
530,2,113,"GM","SI"
549,1,113,"GM","SI"
41,1,113,"GM","SI"
64,15,113,"GM","SI"
20,6,113,"GM","SI"
71,4,113,"GM","SI"
44,32,113,"GM","SI"
548,1,113,"GM","SI"
7,10,113,"GM","SI"
38,6,113,"GM","SI"
28,34,113,"GM","SI"
25,15,113,"GM","SI"
36,5,113,"GM","SI"
75,5,113,"GM","SI"
45,8,113,"GM","SI"
67,12,113,"GM","SI"
62,7,113,"GM","SI"
32,14,113,"GM","SI"
48,8,113,"GM","SI"
12,12,113,"GM","SI"
62,7,114,"GM","SI"
5,7,114,"GM","SI"
14,29,114,"GM","SI"
48,8,114,"GM","SI"
548,1,114,"GM","SI"
7,10,114,"GM","SI"
80,7,114,"GM","SI"
19,10,114,"GM","SI"
63,6,114,"GM","SI"
4,8,114,"GM","SI"
75,5,114,"GM","SI"
49,7,114,"GM","SI"
47,9,114,"GM","SI"
12,12,114,"GM","SI"
17,6,114,"GM","SI"
5,7,114,"GM","SI"
32,14,114,"GM","SI"
23,6,114,"GM","SI"
32,14,114,"GM","SI"
3,3,114,"GM","SI"
7,10,114,"GM","SI"
14,29,114,"GM","SI"
67,12,114,"GM","SI"
33,13,114,"GM","SI"
163,1,114,"GM","SI"
45,8,114,"GM","SI"
13,4,114,"GM","SI"
545,1,114,"GM","SI"
2,6,114,"GM","SI"
59,5,114,"GM","SI"
41,1,114,"GM","SI"
38,6,114,"GM","SI"
48,8,114,"GM","SI"
78,13,114,"GM","SI"
28,34,114,"GM","SI"
82,1,114,"GM","SI"
67,12,114,"GM","SI"
78,13,114,"GM","SI"
80,7,115,"GM","SI"
47,9,115,"GM","SI"
20,6,115,"GM","SI"
67,12,115,"GM","SI"
254,1,115,"GM","SI"
14,29,115,"GM","SI"
48,8,115,"GM","SI"
28,34,115,"GM","SI"
14,29,115,"GM","SI"
77,20,115,"GM","SI"
12,12,115,"GM","SI"
44,32,115,"GM","SI"
51,2,115,"GM","SI"
27,3,115,"GM","SI"
33,13,115,"GM","SI"
25,15,115,"GM","SI"
64,15,115,"GM","SI"
76,7,115,"GM","SI"
64,15,115,"GM","SI"
62,7,115,"GM","SI"
71,4,115,"GM","SI"
78,13,115,"GM","SI"
17,6,115,"GM","SI"
19,10,115,"GM","SI"
59,5,115,"GM","SI"
32,14,115,"GM","SI"
30,2,115,"GM","SI"
80,7,115,"GM","SI"
7,10,115,"GM","SI"
167,1,115,"GM","SI"
78,13,115,"GM","SI"
45,8,115,"GM","SI"
163,1,115,"GM","SI"
19,10,115,"GM","SI"
33,13,115,"GM","SI"
16,5,115,"GM","SI"
49,7,115,"GM","SI"
75,5,115,"GM","SI"
80,7,116,"GM","SI"
54,12,116,"GM","SI"
17,6,116,"GM","SI"
20,6,116,"GM","SI"
64,15,116,"GM","SI"
67,12,116,"GM","SI"
27,3,116,"GM","SI"
28,34,116,"GM","SI"
545,1,116,"GM","SI"
67,12,116,"GM","SI"
7,10,116,"GM","SI"
48,8,116,"GM","SI"
3,3,116,"GM","SI"
48,8,116,"GM","SI"
26,69,116,"GM","SI"
36,5,116,"GM","SI"
19,10,116,"GM","SI"
13,4,116,"GM","SI"
61,36,116,"GM","SI"
91,7,116,"GM","SI"
548,1,116,"GM","SI"
51,2,116,"GM","SI"
78,13,116,"GM","SI"
38,6,116,"GM","SI"
32,14,116,"GM","SI"
23,6,116,"GM","SI"
530,2,116,"GM","SI"
4,8,116,"GM","SI"
33,13,116,"GM","SI"
25,15,116,"GM","SI"
12,12,116,"GM","SI"
78,13,116,"GM","SI"
47,9,116,"GM","SI"
163,1,116,"GM","SI"
167,1,116,"GM","SI"
63,6,116,"GM","SI"
7,10,116,"GM","SI"
17,6,116,"GM","SI"
45,8,117,"GM","SI"
32,14,117,"GM","SI"
13,4,117,"GM","SI"
45,8,117,"GM","SI"
78,13,117,"GM","SI"
5,7,117,"GM","SI"
36,5,117,"GM","SI"
13,4,117,"GM","SI"
51,2,117,"GM","SI"
80,7,117,"GM","SI"
86,2,117,"GM","SI"
44,32,117,"GM","SI"
76,7,117,"GM","SI"
72,7,117,"GM","SI"
80,7,117,"GM","SI"
71,4,117,"GM","SI"
14,29,117,"GM","SI"
47,9,117,"GM","SI"
167,1,117,"GM","SI"
48,8,117,"GM","SI"
19,10,117,"GM","SI"
59,5,117,"GM","SI"
11,32,117,"GM","SI"
91,7,117,"GM","SI"
38,6,117,"GM","SI"
76,7,117,"GM","SI"
20,6,117,"GM","SI"
49,7,117,"GM","SI"
19,10,117,"GM","SI"
75,5,117,"GM","SI"
82,1,117,"GM","SI"
14,29,117,"GM","SI"
17,6,117,"GM","SI"
11,32,117,"GM","SI"
38,6,117,"GM","SI"
57,8,117,"GM","SI"
4,8,117,"GM","SI"
548,1,117,"GM","SI"
3,3,118,"GM","SI"
14,29,118,"GM","SI"
28,34,118,"GM","SI"
54,12,118,"GM","SI"
254,1,118,"GM","SI"
78,13,118,"GM","SI"
61,36,118,"GM","SI"
10,7,118,"GM","SI"
26,69,118,"GM","SI"
51,2,118,"GM","SI"
47,9,118,"GM","SI"
71,4,118,"GM","SI"
41,1,118,"GM","SI"
86,2,118,"GM","SI"
26,69,118,"GM","SI"
75,5,118,"GM","SI"
91,7,118,"GM","SI"
12,12,118,"GM","SI"
11,32,118,"GM","SI"
49,7,118,"GM","SI"
78,13,118,"GM","SI"
82,1,118,"GM","SI"
38,6,118,"GM","SI"
77,20,118,"GM","SI"
76,7,118,"GM","SI"
20,6,118,"GM","SI"
45,8,118,"GM","SI"
545,1,118,"GM","SI"
76,7,118,"GM","SI"
48,8,118,"GM","SI"
12,12,118,"GM","SI"
17,6,118,"GM","SI"
59,5,118,"GM","SI"
16,5,118,"GM","SI"
77,20,118,"GM","SI"
19,10,118,"GM","SI"
80,7,118,"GM","SI"
13,4,118,"GM","SI"
23,6,119,"GM","SI"
49,7,119,"GM","SI"
2,6,119,"GM","SI"
254,1,119,"GM","SI"
76,7,119,"GM","SI"
20,6,119,"GM","SI"
548,1,119,"GM","SI"
19,10,119,"GM","SI"
44,32,119,"GM","SI"
77,20,119,"GM","SI"
76,7,119,"GM","SI"
80,7,119,"GM","SI"
3,3,119,"GM","SI"
11,32,119,"GM","SI"
45,8,119,"GM","SI"
530,2,119,"GM","SI"
71,4,119,"GM","SI"
67,12,119,"GM","SI"
54,12,119,"GM","SI"
167,1,119,"GM","SI"
7,10,119,"GM","SI"
28,34,119,"GM","SI"
72,7,119,"GM","SI"
27,3,119,"GM","SI"
14,29,119,"GM","SI"
7,10,119,"GM","SI"
13,4,119,"GM","SI"
64,15,119,"GM","SI"
33,13,119,"GM","SI"
78,13,119,"GM","SI"
67,12,119,"GM","SI"
45,8,119,"GM","SI"
17,6,119,"GM","SI"
75,5,119,"GM","SI"
4,8,119,"GM","SI"
82,1,119,"GM","SI"
25,15,119,"GM","SI"
58,5,119,"GM","SI"
7,10,120,"GM","SI"
76,7,120,"GM","SI"
36,5,120,"GM","SI"
20,6,120,"GM","SI"
30,2,120,"GM","SI"
67,12,120,"GM","SI"
59,5,120,"GM","SI"
13,4,120,"GM","SI"
16,5,120,"GM","SI"
12,12,120,"GM","SI"
33,13,120,"GM","SI"
32,14,120,"GM","SI"
14,29,120,"GM","SI"
80,7,120,"GM","SI"
82,1,120,"GM","SI"
11,32,120,"GM","SI"
48,8,120,"GM","SI"
48,8,120,"GM","SI"
26,69,120,"GM","SI"
3,3,120,"GM","SI"
38,6,120,"GM","SI"
51,2,120,"GM","SI"
63,6,120,"GM","SI"
26,69,120,"GM","SI"
25,15,120,"GM","SI"
71,4,120,"GM","SI"
27,3,120,"GM","SI"
78,13,120,"GM","SI"
17,6,120,"GM","SI"
44,32,120,"GM","SI"
76,7,120,"GM","SI"
32,14,120,"GM","SI"
549,1,120,"GM","SI"
4,8,120,"GM","SI"
2,6,120,"GM","SI"
57,8,120,"GM","SI"
67,12,120,"GM","SI"
19,10,120,"GM","SI"
58,5,121,"GM","SI"
32,14,121,"GM","SI"
44,32,121,"GM","SI"
10,7,121,"GM","SI"
80,7,121,"GM","SI"
7,10,121,"GM","SI"
59,5,121,"GM","SI"
3,3,121,"GM","SI"
45,8,121,"GM","SI"
530,2,121,"GM","SI"
67,12,121,"GM","SI"
11,32,121,"GM","SI"
14,29,121,"GM","SI"
77,20,121,"GM","SI"
33,13,121,"GM","SI"
11,32,121,"GM","SI"
28,34,121,"GM","SI"
82,1,121,"GM","SI"
25,15,121,"GM","SI"
26,69,121,"GM","SI"
32,14,121,"GM","SI"
91,7,121,"GM","SI"
12,12,121,"GM","SI"
545,1,121,"GM","SI"
548,1,121,"GM","SI"
80,7,121,"GM","SI"
17,6,121,"GM","SI"
2,6,121,"GM","SI"
64,15,121,"GM","SI"
64,15,121,"GM","SI"
13,4,121,"GM","SI"
26,69,121,"GM","SI"
7,10,121,"GM","SI"
33,13,121,"GM","SI"
4,8,121,"GM","SI"
38,6,121,"GM","SI"
30,2,121,"GM","SI"
36,5,121,"GM","SI"
47,9,122,"GM","SI"
64,15,122,"GM","SI"
75,5,122,"GM","SI"
77,20,122,"GM","SI"
38,6,122,"GM","SI"
33,13,122,"GM","SI"
2,6,122,"GM","SI"
32,14,122,"GM","SI"
12,12,122,"GM","SI"
548,1,122,"GM","SI"
80,7,122,"GM","SI"
32,14,122,"GM","SI"
25,15,122,"GM","SI"
48,8,122,"GM","SI"
49,7,122,"GM","SI"
549,1,122,"GM","SI"
26,69,122,"GM","SI"
67,12,122,"GM","SI"
58,5,122,"GM","SI"
45,8,122,"GM","SI"
14,29,122,"GM","SI"
3,3,122,"GM","SI"
19,10,122,"GM","SI"
7,10,122,"GM","SI"
36,5,122,"GM","SI"
72,7,122,"GM","SI"
17,6,122,"GM","SI"
76,7,122,"GM","SI"
77,20,122,"GM","SI"
16,5,122,"GM","SI"
33,13,122,"GM","SI"
14,29,122,"GM","SI"
78,13,122,"GM","SI"
54,12,122,"GM","SI"
530,2,122,"GM","SI"
51,2,122,"GM","SI"
48,8,122,"GM","SI"
78,13,122,"GM","SI"
51,2,123,"GM","SI"
47,9,123,"GM","SI"
23,6,123,"GM","SI"
20,6,123,"GM","SI"
7,10,123,"GM","SI"
163,1,123,"GM","SI"
77,20,123,"GM","SI"
82,1,123,"GM","SI"
77,20,123,"GM","SI"
254,1,123,"GM","SI"
12,12,123,"GM","SI"
10,7,123,"GM","SI"
49,7,123,"GM","SI"
28,34,123,"GM","SI"
78,13,123,"GM","SI"
32,14,123,"GM","SI"
26,69,123,"GM","SI"
76,7,123,"GM","SI"
38,6,123,"GM","SI"
33,13,123,"GM","SI"
48,8,123,"GM","SI"
19,10,123,"GM","SI"
44,32,123,"GM","SI"
14,29,123,"GM","SI"
5,7,123,"GM","SI"
549,1,123,"GM","SI"
13,4,123,"GM","SI"
32,14,123,"GM","SI"
27,3,123,"GM","SI"
54,12,123,"GM","SI"
48,8,123,"GM","SI"
41,1,123,"GM","SI"
19,10,123,"GM","SI"
11,32,123,"GM","SI"
17,6,123,"GM","SI"
72,7,123,"GM","SI"
12,12,123,"GM","SI"
44,32,123,"GM","SI"
548,1,124,"GM","SI"
12,12,124,"GM","SI"
78,13,124,"GM","SI"
17,6,124,"GM","SI"
14,29,124,"GM","SI"
32,14,124,"GM","SI"
78,13,124,"GM","SI"
530,2,124,"GM","SI"
82,1,124,"GM","SI"
86,2,124,"GM","SI"
11,32,124,"GM","SI"
54,12,124,"GM","SI"
51,2,124,"GM","SI"
75,5,124,"GM","SI"
44,32,124,"GM","SI"
13,4,124,"GM","SI"
76,7,124,"GM","SI"
5,7,124,"GM","SI"
25,15,124,"GM","SI"
14,29,124,"GM","SI"
67,12,124,"GM","SI"
10,7,124,"GM","SI"
17,6,124,"GM","SI"
80,7,124,"GM","SI"
19,10,124,"GM","SI"
549,1,124,"GM","SI"
38,6,124,"GM","SI"
20,6,124,"GM","SI"
64,15,124,"GM","SI"
28,34,124,"GM","SI"
4,8,124,"GM","SI"
28,34,124,"GM","SI"
77,20,124,"GM","SI"
49,7,124,"GM","SI"
67,12,124,"GM","SI"
163,1,124,"GM","SI"
19,10,124,"GM","SI"
2,6,124,"GM","SI"
58,5,125,"GM","SI"
64,15,125,"GM","SI"
32,14,125,"GM","SI"
48,8,125,"GM","SI"
19,10,125,"GM","SI"
38,6,125,"GM","SI"
12,12,125,"GM","SI"
19,10,125,"GM","SI"
13,4,125,"GM","SI"
548,1,125,"GM","SI"
86,2,125,"GM","SI"
45,8,125,"GM","SI"
67,12,125,"GM","SI"
78,13,125,"GM","SI"
530,2,125,"GM","SI"
63,6,125,"GM","SI"
61,36,125,"GM","SI"
20,6,125,"GM","SI"
67,12,125,"GM","SI"
17,6,125,"GM","SI"
28,34,125,"GM","SI"
48,8,125,"GM","SI"
5,7,125,"GM","SI"
59,5,125,"GM","SI"
27,3,125,"GM","SI"
57,8,125,"GM","SI"
71,4,125,"GM","SI"
4,8,125,"GM","SI"
545,1,125,"GM","SI"
26,69,125,"GM","SI"
7,10,125,"GM","SI"
82,1,125,"GM","SI"
549,1,125,"GM","SI"
10,7,125,"GM","SI"
26,69,125,"GM","SI"
72,7,125,"GM","SI"
14,29,125,"GM","SI"
47,9,125,"GM","SI"
45,8,126,"GM","SI"
17,6,126,"GM","SI"
530,2,126,"GM","SI"
58,5,126,"GM","SI"
26,69,126,"GM","SI"
36,5,126,"GM","SI"
64,15,126,"GM","SI"
13,4,126,"GM","SI"
44,32,126,"GM","SI"
4,8,126,"GM","SI"
11,32,126,"GM","SI"
33,13,126,"GM","SI"
13,4,126,"GM","SI"
32,14,126,"GM","SI"
163,1,126,"GM","SI"
80,7,126,"GM","SI"
5,7,126,"GM","SI"
10,7,126,"GM","SI"
23,6,126,"GM","SI"
3,3,126,"GM","SI"
54,12,126,"GM","SI"
14,29,126,"GM","SI"
28,34,126,"GM","SI"
67,12,126,"GM","SI"
20,6,126,"GM","SI"
19,10,126,"GM","SI"
32,14,126,"GM","SI"
64,15,126,"GM","SI"
76,7,126,"GM","SI"
51,2,126,"GM","SI"
11,32,126,"GM","SI"
41,1,126,"GM","SI"
26,69,126,"GM","SI"
12,12,126,"GM","SI"
545,1,126,"GM","SI"
86,2,126,"GM","SI"
17,6,126,"GM","SI"
12,12,126,"GM","SI"
33,13,127,"GM","SI"
2,6,127,"GM","SI"
47,9,127,"GM","SI"
25,15,127,"GM","SI"
72,7,127,"GM","SI"
28,34,127,"GM","SI"
12,12,127,"GM","SI"
27,3,127,"GM","SI"
63,6,127,"GM","SI"
64,15,127,"GM","SI"
76,7,127,"GM","SI"
12,12,127,"GM","SI"
16,5,127,"GM","SI"
71,4,127,"GM","SI"
4,8,127,"GM","SI"
13,4,127,"GM","SI"
13,4,127,"GM","SI"
167,1,127,"GM","SI"
62,7,127,"GM","SI"
28,34,127,"GM","SI"
75,5,127,"GM","SI"
19,10,127,"GM","SI"
19,10,127,"GM","SI"
11,32,127,"GM","SI"
36,5,127,"GM","SI"
38,6,127,"GM","SI"
14,29,127,"GM","SI"
548,1,127,"GM","SI"
54,12,127,"GM","SI"
17,6,127,"GM","SI"
80,7,127,"GM","SI"
51,2,127,"GM","SI"
26,69,127,"GM","SI"
20,6,127,"GM","SI"
67,12,127,"GM","SI"
7,10,127,"GM","SI"
26,69,127,"GM","SI"
48,8,127,"GM","SI"
167,1,128,"GM","SI"
44,32,128,"GM","SI"
2,6,128,"GM","SI"
91,7,128,"GM","SI"
36,5,128,"GM","SI"
78,13,128,"GM","SI"
549,1,128,"GM","SI"
64,15,128,"GM","SI"
28,34,128,"GM","SI"
41,1,128,"GM","SI"
17,6,128,"GM","SI"
64,15,128,"GM","SI"
23,6,128,"GM","SI"
38,6,128,"GM","SI"
12,12,128,"GM","SI"
61,36,128,"GM","SI"
10,7,128,"GM","SI"
11,32,128,"GM","SI"
38,6,128,"GM","SI"
80,7,128,"GM","SI"
3,3,128,"GM","SI"
30,2,128,"GM","SI"
44,32,128,"GM","SI"
548,1,128,"GM","SI"
80,7,128,"GM","SI"
27,3,128,"GM","SI"
13,4,128,"GM","SI"
19,10,128,"GM","SI"
77,20,128,"GM","SI"
57,8,128,"GM","SI"
62,7,128,"GM","SI"
78,13,128,"GM","SI"
16,5,128,"GM","SI"
63,6,128,"GM","SI"
7,10,128,"GM","SI"
51,2,128,"GM","SI"
28,34,128,"GM","SI"
545,1,128,"GM","SI"
38,6,129,"GM","SI"
59,5,129,"GM","SI"
19,10,129,"GM","SI"
16,5,129,"GM","SI"
30,2,129,"GM","SI"
72,7,129,"GM","SI"
78,13,129,"GM","SI"
23,6,129,"GM","SI"
7,10,129,"GM","SI"
32,14,129,"GM","SI"
27,3,129,"GM","SI"
25,15,129,"GM","SI"
62,7,129,"GM","SI"
44,32,129,"GM","SI"
2,6,129,"GM","SI"
13,4,129,"GM","SI"
38,6,129,"GM","SI"
33,13,129,"GM","SI"
11,32,129,"GM","SI"
33,13,129,"GM","SI"
5,7,129,"GM","SI"
20,6,129,"GM","SI"
76,7,129,"GM","SI"
67,12,129,"GM","SI"
167,1,129,"GM","SI"
548,1,129,"GM","SI"
54,12,129,"GM","SI"
80,7,129,"GM","SI"
12,12,129,"GM","SI"
530,2,129,"GM","SI"
17,6,129,"GM","SI"
71,4,129,"GM","SI"
4,8,129,"GM","SI"
41,1,129,"GM","SI"
17,6,129,"GM","SI"
32,14,129,"GM","SI"
12,12,129,"GM","SI"
49,7,129,"GM","SI"
76,7,130,"GM","SI"
72,7,130,"GM","SI"
16,5,130,"GM","SI"
64,15,130,"GM","SI"
7,10,130,"GM","SI"
75,5,130,"GM","SI"
62,7,130,"GM","SI"
7,10,130,"GM","SI"
67,12,130,"GM","SI"
11,32,130,"GM","SI"
12,12,130,"GM","SI"
254,1,130,"GM","SI"
32,14,130,"GM","SI"
17,6,130,"GM","SI"
167,1,130,"GM","SI"
2,6,130,"GM","SI"
5,7,130,"GM","SI"
13,4,130,"GM","SI"
163,1,130,"GM","SI"
19,10,130,"GM","SI"
23,6,130,"GM","SI"
76,7,130,"GM","SI"
44,32,130,"GM","SI"
82,1,130,"GM","SI"
548,1,130,"GM","SI"
54,12,130,"GM","SI"
38,6,130,"GM","SI"
13,4,130,"GM","SI"
30,2,130,"GM","SI"
530,2,130,"GM","SI"
91,7,130,"GM","SI"
78,13,130,"GM","SI"
78,13,130,"GM","SI"
80,7,130,"GM","SI"
10,7,130,"GM","SI"
4,8,130,"GM","SI"
25,15,130,"GM","SI"
33,13,130,"GM","SI"
38,6,131,"GM","SI"
548,1,131,"GM","SI"
41,1,131,"GM","SI"
19,10,131,"GM","SI"
16,5,131,"GM","SI"
14,29,131,"GM","SI"
67,12,131,"GM","SI"
11,32,131,"GM","SI"
11,32,131,"GM","SI"
19,10,131,"GM","SI"
51,2,131,"GM","SI"
545,1,131,"GM","SI"
49,7,131,"GM","SI"
38,6,131,"GM","SI"
80,7,131,"GM","SI"
12,12,131,"GM","SI"
44,32,131,"GM","SI"
64,15,131,"GM","SI"
77,20,131,"GM","SI"
86,2,131,"GM","SI"
47,9,131,"GM","SI"
167,1,131,"GM","SI"
45,8,131,"GM","SI"
75,5,131,"GM","SI"
549,1,131,"GM","SI"
10,7,131,"GM","SI"
26,69,131,"GM","SI"
32,14,131,"GM","SI"
20,6,131,"GM","SI"
13,4,131,"GM","SI"
5,7,131,"GM","SI"
62,7,131,"GM","SI"
28,34,131,"GM","SI"
82,1,131,"GM","SI"
80,7,131,"GM","SI"
530,2,131,"GM","SI"
45,8,131,"GM","SI"
59,5,131,"GM","SI"
4,8,132,"GM","SI"
20,6,132,"GM","SI"
49,7,132,"GM","SI"
36,5,132,"GM","SI"
67,12,132,"GM","SI"
71,4,132,"GM","SI"
64,15,132,"GM","SI"
44,32,132,"GM","SI"
80,7,132,"GM","SI"
3,3,132,"GM","SI"
30,2,132,"GM","SI"
12,12,132,"GM","SI"
25,15,132,"GM","SI"
41,1,132,"GM","SI"
75,5,132,"GM","SI"
163,1,132,"GM","SI"
58,5,132,"GM","SI"
254,1,132,"GM","SI"
13,4,132,"GM","SI"
5,7,132,"GM","SI"
78,13,132,"GM","SI"
33,13,132,"GM","SI"
7,10,132,"GM","SI"
86,2,132,"GM","SI"
76,7,132,"GM","SI"
530,2,132,"GM","SI"
45,8,132,"GM","SI"
38,6,132,"GM","SI"
59,5,132,"GM","SI"
77,20,132,"GM","SI"
5,7,132,"GM","SI"
26,69,132,"GM","SI"
17,6,132,"GM","SI"
72,7,132,"GM","SI"
32,14,132,"GM","SI"
548,1,132,"GM","SI"
16,5,132,"GM","SI"
28,34,132,"GM","SI"
12,12,133,"GM","SI"
10,7,133,"GM","SI"
48,8,133,"GM","SI"
86,2,133,"GM","SI"
14,29,133,"GM","SI"
28,34,133,"GM","SI"
36,5,133,"GM","SI"
254,1,133,"GM","SI"
49,7,133,"GM","SI"
12,12,133,"GM","SI"
163,1,133,"GM","SI"
77,20,133,"GM","SI"
64,15,133,"GM","SI"
28,34,133,"GM","SI"
549,1,133,"GM","SI"
5,7,133,"GM","SI"
14,29,133,"GM","SI"
38,6,133,"GM","SI"
76,7,133,"GM","SI"
33,13,133,"GM","SI"
27,3,133,"GM","SI"
41,1,133,"GM","SI"
19,10,133,"GM","SI"
25,15,133,"GM","SI"
17,6,133,"GM","SI"
23,6,133,"GM","SI"
32,14,133,"GM","SI"
13,4,133,"GM","SI"
17,6,133,"GM","SI"
30,2,133,"GM","SI"
26,69,133,"GM","SI"
5,7,133,"GM","SI"
45,8,133,"GM","SI"
26,69,133,"GM","SI"
13,4,133,"GM","SI"
54,12,133,"GM","SI"
64,15,133,"GM","SI"
91,7,133,"GM","SI"
23,6,134,"GM","SI"
19,10,134,"GM","SI"
549,1,134,"GM","SI"
59,5,134,"GM","SI"
61,36,134,"GM","SI"
76,7,134,"GM","SI"
32,14,134,"GM","SI"
548,1,134,"GM","SI"
2,6,134,"GM","SI"
167,1,134,"GM","SI"
32,14,134,"GM","SI"
76,7,134,"GM","SI"
44,32,134,"GM","SI"
33,13,134,"GM","SI"
67,12,134,"GM","SI"
45,8,134,"GM","SI"
54,12,134,"GM","SI"
3,3,134,"GM","SI"
64,15,134,"GM","SI"
51,2,134,"GM","SI"
26,69,134,"GM","SI"
33,13,134,"GM","SI"
5,7,134,"GM","SI"
10,7,134,"GM","SI"
13,4,134,"GM","SI"
45,8,134,"GM","SI"
86,2,134,"GM","SI"
28,34,134,"GM","SI"
5,7,134,"GM","SI"
13,4,134,"GM","SI"
27,3,134,"GM","SI"
7,10,134,"GM","SI"
77,20,134,"GM","SI"
26,69,134,"GM","SI"
11,32,134,"GM","SI"
38,6,134,"GM","SI"
20,6,134,"GM","SI"
82,1,134,"GM","SI"
16,5,135,"GM","SI"
45,8,135,"GM","SI"
545,1,135,"GM","SI"
14,29,135,"GM","SI"
78,13,135,"GM","SI"
19,10,135,"GM","SI"
25,15,135,"GM","SI"
12,12,135,"GM","SI"
57,8,135,"GM","SI"
58,5,135,"GM","SI"
13,4,135,"GM","SI"
72,7,135,"GM","SI"
32,14,135,"GM","SI"
2,6,135,"GM","SI"
67,12,135,"GM","SI"
7,10,135,"GM","SI"
3,3,135,"GM","SI"
20,6,135,"GM","SI"
59,5,135,"GM","SI"
7,10,135,"GM","SI"
38,6,135,"GM","SI"
63,6,135,"GM","SI"
14,29,135,"GM","SI"
64,15,135,"GM","SI"
549,1,135,"GM","SI"
44,32,135,"GM","SI"
28,34,135,"GM","SI"
23,6,135,"GM","SI"
548,1,135,"GM","SI"
38,6,135,"GM","SI"
4,8,135,"GM","SI"
76,7,135,"GM","SI"
17,6,135,"GM","SI"
12,12,135,"GM","SI"
5,7,135,"GM","SI"
67,12,135,"GM","SI"
82,1,135,"GM","SI"
36,5,135,"GM","SI"
59,5,136,"GM","SI"
23,6,136,"GM","SI"
63,6,136,"GM","SI"
7,10,136,"GM","SI"
80,7,136,"GM","SI"
76,7,136,"GM","SI"
33,13,136,"GM","SI"
48,8,136,"GM","SI"
14,29,136,"GM","SI"
51,2,136,"GM","SI"
19,10,136,"GM","SI"
86,2,136,"GM","SI"
33,13,136,"GM","SI"
7,10,136,"GM","SI"
17,6,136,"GM","SI"
45,8,136,"GM","SI"
82,1,136,"GM","SI"
16,5,136,"GM","SI"
44,32,136,"GM","SI"
38,6,136,"GM","SI"
47,9,136,"GM","SI"
5,7,136,"GM","SI"
78,13,136,"GM","SI"
13,4,136,"GM","SI"
530,2,136,"GM","SI"
25,15,136,"GM","SI"
77,20,136,"GM","SI"
13,4,136,"GM","SI"
38,6,136,"GM","SI"
71,4,136,"GM","SI"
19,10,136,"GM","SI"
64,15,136,"GM","SI"
57,8,136,"GM","SI"
54,12,136,"GM","SI"
28,34,136,"GM","SI"
10,7,136,"GM","SI"
48,8,136,"GM","SI"
36,5,136,"GM","SI"
167,1,137,"GM","SI"
72,7,137,"GM","SI"
80,7,137,"GM","SI"
36,5,137,"GM","SI"
64,15,137,"GM","SI"
49,7,137,"GM","SI"
76,7,137,"GM","SI"
20,6,137,"GM","SI"
44,32,137,"GM","SI"
64,15,137,"GM","SI"
45,8,137,"GM","SI"
91,7,137,"GM","SI"
71,4,137,"GM","SI"
17,6,137,"GM","SI"
13,4,137,"GM","SI"
19,10,137,"GM","SI"
41,1,137,"GM","SI"
45,8,137,"GM","SI"
28,34,137,"GM","SI"
4,8,137,"GM","SI"
11,32,137,"GM","SI"
51,2,137,"GM","SI"
5,7,137,"GM","SI"
254,1,137,"GM","SI"
47,9,137,"GM","SI"
76,7,137,"GM","SI"
86,2,137,"GM","SI"
57,8,137,"GM","SI"
5,7,137,"GM","SI"
7,10,137,"GM","SI"
7,10,137,"GM","SI"
10,7,137,"GM","SI"
62,7,137,"GM","SI"
32,14,137,"GM","SI"
67,12,137,"GM","SI"
545,1,137,"GM","SI"
38,6,137,"GM","SI"
77,20,137,"GM","SI"
17,6,138,"GM","SI"
49,7,138,"GM","SI"
59,5,138,"GM","SI"
549,1,138,"GM","SI"
36,5,138,"GM","SI"
167,1,138,"GM","SI"
44,32,138,"GM","SI"
45,8,138,"GM","SI"
19,10,138,"GM","SI"
12,12,138,"GM","SI"
2,6,138,"GM","SI"
16,5,138,"GM","SI"
545,1,138,"GM","SI"
38,6,138,"GM","SI"
44,32,138,"GM","SI"
3,3,138,"GM","SI"
23,6,138,"GM","SI"
38,6,138,"GM","SI"
548,1,138,"GM","SI"
75,5,138,"GM","SI"
80,7,138,"GM","SI"
57,8,138,"GM","SI"
41,1,138,"GM","SI"
27,3,138,"GM","SI"
32,14,138,"GM","SI"
530,2,138,"GM","SI"
32,14,138,"GM","SI"
14,29,138,"GM","SI"
26,69,138,"GM","SI"
28,34,138,"GM","SI"
163,1,138,"GM","SI"
67,12,138,"GM","SI"
28,34,138,"GM","SI"
72,7,138,"GM","SI"
30,2,138,"GM","SI"
5,7,138,"GM","SI"
11,32,138,"GM","SI"
5,7,138,"GM","SI"
78,13,139,"GM","SI"
76,7,139,"GM","SI"
7,10,139,"GM","SI"
67,12,139,"GM","SI"
32,14,139,"GM","SI"
77,20,139,"GM","SI"
38,6,139,"GM","SI"
76,7,139,"GM","SI"
48,8,139,"GM","SI"
30,2,139,"GM","SI"
11,32,139,"GM","SI"
10,7,139,"GM","SI"
28,34,139,"GM","SI"
11,32,139,"GM","SI"
163,1,139,"GM","SI"
64,15,139,"GM","SI"
20,6,139,"GM","SI"
13,4,139,"GM","SI"
57,8,139,"GM","SI"
5,7,139,"GM","SI"
67,12,139,"GM","SI"
25,15,139,"GM","SI"
49,7,139,"GM","SI"
82,1,139,"GM","SI"
545,1,139,"GM","SI"
33,13,139,"GM","SI"
12,12,139,"GM","SI"
86,2,139,"GM","SI"
14,29,139,"GM","SI"
80,7,139,"GM","SI"
167,1,139,"GM","SI"
77,20,139,"GM","SI"
254,1,139,"GM","SI"
38,6,139,"GM","SI"
78,13,139,"GM","SI"
62,7,139,"GM","SI"
51,2,139,"GM","SI"
2,6,139,"GM","SI"
17,6,140,"GM","SI"
26,69,140,"GM","SI"
76,7,140,"GM","SI"
80,7,140,"GM","SI"
38,6,140,"GM","SI"
5,7,140,"GM","SI"
76,7,140,"GM","SI"
48,8,140,"GM","SI"
14,29,140,"GM","SI"
7,10,140,"GM","SI"
549,1,140,"GM","SI"
32,14,140,"GM","SI"
20,6,140,"GM","SI"
17,6,140,"GM","SI"
13,4,140,"GM","SI"
51,2,140,"GM","SI"
77,20,140,"GM","SI"
78,13,140,"GM","SI"
75,5,140,"GM","SI"
28,34,140,"GM","SI"
2,6,140,"GM","SI"
44,32,140,"GM","SI"
45,8,140,"GM","SI"
14,29,140,"GM","SI"
63,6,140,"GM","SI"
71,4,140,"GM","SI"
33,13,140,"GM","SI"
78,13,140,"GM","SI"
28,34,140,"GM","SI"
23,6,140,"GM","SI"
47,9,140,"GM","SI"
59,5,140,"GM","SI"
5,7,140,"GM","SI"
67,12,140,"GM","SI"
67,12,140,"GM","SI"
64,15,140,"GM","SI"
11,32,140,"GM","SI"
13,4,140,"GM","SI"
67,12,141,"GM","SI"
7,10,141,"GM","SI"
13,4,141,"GM","SI"
33,13,141,"GM","SI"
63,6,141,"GM","SI"
4,8,141,"GM","SI"
25,15,141,"GM","SI"
19,10,141,"GM","SI"
82,1,141,"GM","SI"
54,12,141,"GM","SI"
41,1,141,"GM","SI"
10,7,141,"GM","SI"
77,20,141,"GM","SI"
27,3,141,"GM","SI"
38,6,141,"GM","SI"
16,5,141,"GM","SI"
32,14,141,"GM","SI"
12,12,141,"GM","SI"
167,1,141,"GM","SI"
80,7,141,"GM","SI"
11,32,141,"GM","SI"
71,4,141,"GM","SI"
48,8,141,"GM","SI"
76,7,141,"GM","SI"
17,6,141,"GM","SI"
36,5,141,"GM","SI"
64,15,141,"GM","SI"
13,4,141,"GM","SI"
44,32,141,"GM","SI"
45,8,141,"GM","SI"
91,7,141,"GM","SI"
59,5,141,"GM","SI"
38,6,141,"GM","SI"
254,1,141,"GM","SI"
76,7,141,"GM","SI"
64,15,141,"GM","SI"
20,6,141,"GM","SI"
26,69,141,"GM","SI"
54,12,142,"GM","SI"
13,4,142,"GM","SI"
11,32,142,"GM","SI"
20,6,142,"GM","SI"
17,6,142,"GM","SI"
44,32,142,"GM","SI"
91,7,142,"GM","SI"
80,7,142,"GM","SI"
86,2,142,"GM","SI"
26,69,142,"GM","SI"
19,10,142,"GM","SI"
64,15,142,"GM","SI"
64,15,142,"GM","SI"
45,8,142,"GM","SI"
7,10,142,"GM","SI"
17,6,142,"GM","SI"
80,7,142,"GM","SI"
48,8,142,"GM","SI"
75,5,142,"GM","SI"
23,6,142,"GM","SI"
33,13,142,"GM","SI"
32,14,142,"GM","SI"
27,3,142,"GM","SI"
57,8,142,"GM","SI"
2,6,142,"GM","SI"
11,32,142,"GM","SI"
49,7,142,"GM","SI"
10,7,142,"GM","SI"
530,2,142,"GM","SI"
77,20,142,"GM","SI"
25,15,142,"GM","SI"
14,29,142,"GM","SI"
7,10,142,"GM","SI"
72,7,142,"GM","SI"
16,5,142,"GM","SI"
33,13,142,"GM","SI"
45,8,142,"GM","SI"
12,12,142,"GM","SI"
20,6,143,"GM","SI"
19,10,143,"GM","SI"
26,69,143,"GM","SI"
14,29,143,"GM","SI"
30,2,143,"GM","SI"
78,13,143,"GM","SI"
5,7,143,"GM","SI"
49,7,143,"GM","SI"
47,9,143,"GM","SI"
67,12,143,"GM","SI"
45,8,143,"GM","SI"
51,2,143,"GM","SI"
59,5,143,"GM","SI"
13,4,143,"GM","SI"
7,10,143,"GM","SI"
86,2,143,"GM","SI"
4,8,143,"GM","SI"
75,5,143,"GM","SI"
27,3,143,"GM","SI"
163,1,143,"GM","SI"
11,32,143,"GM","SI"
36,5,143,"GM","SI"
77,20,143,"GM","SI"
5,7,143,"GM","SI"
71,4,143,"GM","SI"
16,5,143,"GM","SI"
72,7,143,"GM","SI"
57,8,143,"GM","SI"
45,8,143,"GM","SI"
64,15,143,"GM","SI"
530,2,143,"GM","SI"
76,7,143,"GM","SI"
254,1,143,"GM","SI"
11,32,143,"GM","SI"
17,6,143,"GM","SI"
19,10,143,"GM","SI"
10,7,143,"GM","SI"
12,12,143,"GM","SI"
77,20,144,"GM","SI"
63,6,144,"GM","SI"
10,7,144,"GM","SI"
33,13,144,"GM","SI"
28,34,144,"GM","SI"
26,69,144,"GM","SI"
51,2,144,"GM","SI"
16,5,144,"GM","SI"
91,7,144,"GM","SI"
12,12,144,"GM","SI"
57,8,144,"GM","SI"
548,1,144,"GM","SI"
163,1,144,"GM","SI"
48,8,144,"GM","SI"
13,4,144,"GM","SI"
41,1,144,"GM","SI"
5,7,144,"GM","SI"
2,6,144,"GM","SI"
549,1,144,"GM","SI"
20,6,144,"GM","SI"
64,15,144,"GM","SI"
86,2,144,"GM","SI"
254,1,144,"GM","SI"
14,29,144,"GM","SI"
36,5,144,"GM","SI"
38,6,144,"GM","SI"
49,7,144,"GM","SI"
64,15,144,"GM","SI"
67,12,144,"GM","SI"
38,6,144,"GM","SI"
62,7,144,"GM","SI"
11,32,144,"GM","SI"
82,1,144,"GM","SI"
78,13,144,"GM","SI"
7,10,144,"GM","SI"
58,5,144,"GM","SI"
77,20,144,"GM","SI"
167,1,144,"GM","SI"
64,15,145,"GM","SI"
57,8,145,"GM","SI"
77,20,145,"GM","SI"
80,7,145,"GM","SI"
78,13,145,"GM","SI"
76,7,145,"GM","SI"
26,69,145,"GM","SI"
14,29,145,"GM","SI"
82,1,145,"GM","SI"
58,5,145,"GM","SI"
45,8,145,"GM","SI"
2,6,145,"GM","SI"
91,7,145,"GM","SI"
530,2,145,"GM","SI"
32,14,145,"GM","SI"
7,10,145,"GM","SI"
12,12,145,"GM","SI"
38,6,145,"GM","SI"
80,7,145,"GM","SI"
13,4,145,"GM","SI"
61,36,145,"GM","SI"
19,10,145,"GM","SI"
4,8,145,"GM","SI"
64,15,145,"GM","SI"
167,1,145,"GM","SI"
32,14,145,"GM","SI"
10,7,145,"GM","SI"
13,4,145,"GM","SI"
545,1,145,"GM","SI"
44,32,145,"GM","SI"
44,32,145,"GM","SI"
27,3,145,"GM","SI"
11,32,145,"GM","SI"
548,1,145,"GM","SI"
11,32,145,"GM","SI"
5,7,145,"GM","SI"
62,7,145,"GM","SI"
72,7,145,"GM","SI"
16,5,146,"GM","SI"
19,10,146,"GM","SI"
23,6,146,"GM","SI"
13,4,146,"GM","SI"
25,15,146,"GM","SI"
549,1,146,"GM","SI"
77,20,146,"GM","SI"
62,7,146,"GM","SI"
2,6,146,"GM","SI"
254,1,146,"GM","SI"
45,8,146,"GM","SI"
28,34,146,"GM","SI"
19,10,146,"GM","SI"
545,1,146,"GM","SI"
38,6,146,"GM","SI"
4,8,146,"GM","SI"
5,7,146,"GM","SI"
11,32,146,"GM","SI"
58,5,146,"GM","SI"
10,7,146,"GM","SI"
51,2,146,"GM","SI"
44,32,146,"GM","SI"
75,5,146,"GM","SI"
32,14,146,"GM","SI"
45,8,146,"GM","SI"
61,36,146,"GM","SI"
163,1,146,"GM","SI"
7,10,146,"GM","SI"
80,7,146,"GM","SI"
32,14,146,"GM","SI"
47,9,146,"GM","SI"
530,2,146,"GM","SI"
26,69,146,"GM","SI"
86,2,146,"GM","SI"
77,20,146,"GM","SI"
33,13,146,"GM","SI"
48,8,146,"GM","SI"
17,6,146,"GM","SI"
78,13,147,"GM","SI"
58,5,147,"GM","SI"
72,7,147,"GM","SI"
44,32,147,"GM","SI"
45,8,147,"GM","SI"
3,3,147,"GM","SI"
38,6,147,"GM","SI"
77,20,147,"GM","SI"
47,9,147,"GM","SI"
23,6,147,"GM","SI"
2,6,147,"GM","SI"
167,1,147,"GM","SI"
48,8,147,"GM","SI"
67,12,147,"GM","SI"
59,5,147,"GM","SI"
25,15,147,"GM","SI"
75,5,147,"GM","SI"
80,7,147,"GM","SI"
12,12,147,"GM","SI"
82,1,147,"GM","SI"
5,7,147,"GM","SI"
54,12,147,"GM","SI"
28,34,147,"GM","SI"
41,1,147,"GM","SI"
32,14,147,"GM","SI"
76,7,147,"GM","SI"
19,10,147,"GM","SI"
549,1,147,"GM","SI"
63,6,147,"GM","SI"
4,8,147,"GM","SI"
78,13,147,"GM","SI"
11,32,147,"GM","SI"
27,3,147,"GM","SI"
13,4,147,"GM","SI"
26,69,147,"GM","SI"
44,32,147,"GM","SI"
19,10,147,"GM","SI"
14,29,147,"GM","SI"
28,34,148,"GM","SI"
12,12,148,"GM","SI"
3,3,148,"GM","SI"
86,2,148,"GM","SI"
48,8,148,"GM","SI"
26,69,148,"GM","SI"
59,5,148,"GM","SI"
45,8,148,"GM","SI"
57,8,148,"GM","SI"
36,5,148,"GM","SI"
64,15,148,"GM","SI"
13,4,148,"GM","SI"
20,6,148,"GM","SI"
7,10,148,"GM","SI"
76,7,148,"GM","SI"
82,1,148,"GM","SI"
14,29,148,"GM","SI"
44,32,148,"GM","SI"
64,15,148,"GM","SI"
67,12,148,"GM","SI"
16,5,148,"GM","SI"
17,6,148,"GM","SI"
63,6,148,"GM","SI"
61,36,148,"GM","SI"
45,8,148,"GM","SI"
41,1,148,"GM","SI"
71,4,148,"GM","SI"
58,5,148,"GM","SI"
11,32,148,"GM","SI"
44,32,148,"GM","SI"
254,1,148,"GM","SI"
38,6,148,"GM","SI"
38,6,148,"GM","SI"
51,2,148,"GM","SI"
5,7,148,"GM","SI"
13,4,148,"GM","SI"
19,10,148,"GM","SI"
80,7,148,"GM","SI"
254,1,149,"GM","SI"
91,7,149,"GM","SI"
32,14,149,"GM","SI"
17,6,149,"GM","SI"
548,1,149,"GM","SI"
45,8,149,"GM","SI"
11,32,149,"GM","SI"
30,2,149,"GM","SI"
82,1,149,"GM","SI"
33,13,149,"GM","SI"
12,12,149,"GM","SI"
13,4,149,"GM","SI"
86,2,149,"GM","SI"
26,69,149,"GM","SI"
59,5,149,"GM","SI"
41,1,149,"GM","SI"
54,12,149,"GM","SI"
25,15,149,"GM","SI"
64,15,149,"GM","SI"
14,29,149,"GM","SI"
28,34,149,"GM","SI"
7,10,149,"GM","SI"
48,8,149,"GM","SI"
27,3,149,"GM","SI"
32,14,149,"GM","SI"
3,3,149,"GM","SI"
4,8,149,"GM","SI"
36,5,149,"GM","SI"
76,7,149,"GM","SI"
5,7,149,"GM","SI"
12,12,149,"GM","SI"
549,1,149,"GM","SI"
78,13,149,"GM","SI"
45,8,149,"GM","SI"
49,7,149,"GM","SI"
61,36,149,"GM","SI"
10,7,149,"GM","SI"
63,6,149,"GM","SI"
26,69,150,"GM","SI"
48,8,150,"GM","SI"
11,32,150,"GM","SI"
13,4,150,"GM","SI"
67,12,150,"GM","SI"
78,13,150,"GM","SI"
64,15,150,"GM","SI"
44,32,150,"GM","SI"
32,14,150,"GM","SI"
7,10,150,"GM","SI"
11,32,150,"GM","SI"
26,69,150,"GM","SI"
71,4,150,"GM","SI"
41,1,150,"GM","SI"
61,36,150,"GM","SI"
80,7,150,"GM","SI"
86,2,150,"GM","SI"
13,4,150,"GM","SI"
76,7,150,"GM","SI"
36,5,150,"GM","SI"
14,29,150,"GM","SI"
545,1,150,"GM","SI"
78,13,150,"GM","SI"
47,9,150,"GM","SI"
38,6,150,"GM","SI"
67,12,150,"GM","SI"
57,8,150,"GM","SI"
91,7,150,"GM","SI"
27,3,150,"GM","SI"
549,1,150,"GM","SI"
82,1,150,"GM","SI"
76,7,150,"GM","SI"
49,7,150,"GM","SI"
64,15,150,"GM","SI"
33,13,150,"GM","SI"
7,10,150,"GM","SI"
59,5,150,"GM","SI"
77,20,150,"GM","SI"
27,3,151,"GM","SI"
26,69,151,"GM","SI"
80,7,151,"GM","SI"
77,20,151,"GM","SI"
45,8,151,"GM","SI"
91,7,151,"GM","SI"
41,1,151,"GM","SI"
33,13,151,"GM","SI"
549,1,151,"GM","SI"
49,7,151,"GM","SI"
82,1,151,"GM","SI"
48,8,151,"GM","SI"
530,2,151,"GM","SI"
17,6,151,"GM","SI"
54,12,151,"GM","SI"
2,6,151,"GM","SI"
67,12,151,"GM","SI"
86,2,151,"GM","SI"
38,6,151,"GM","SI"
80,7,151,"GM","SI"
75,5,151,"GM","SI"
3,3,151,"GM","SI"
32,14,151,"GM","SI"
36,5,151,"GM","SI"
254,1,151,"GM","SI"
16,5,151,"GM","SI"
78,13,151,"GM","SI"
78,13,151,"GM","SI"
57,8,151,"GM","SI"
14,29,151,"GM","SI"
14,29,151,"GM","SI"
61,36,151,"GM","SI"
163,1,151,"GM","SI"
59,5,151,"GM","SI"
76,7,151,"GM","SI"
4,8,151,"GM","SI"
38,6,151,"GM","SI"
44,32,151,"GM","SI"
72,7,152,"GM","SI"
64,15,152,"GM","SI"
163,1,152,"GM","SI"
7,10,152,"GM","SI"
28,34,152,"GM","SI"
33,13,152,"GM","SI"
71,4,152,"GM","SI"
80,7,152,"GM","SI"
4,8,152,"GM","SI"
32,14,152,"GM","SI"
14,29,152,"GM","SI"
61,36,152,"GM","SI"
26,69,152,"GM","SI"
47,9,152,"GM","SI"
78,13,152,"GM","SI"
16,5,152,"GM","SI"
41,1,152,"GM","SI"
62,7,152,"GM","SI"
2,6,152,"GM","SI"
67,12,152,"GM","SI"
25,15,152,"GM","SI"
63,6,152,"GM","SI"
91,7,152,"GM","SI"
77,20,152,"GM","SI"
33,13,152,"GM","SI"
36,5,152,"GM","SI"
82,1,152,"GM","SI"
49,7,152,"GM","SI"
28,34,152,"GM","SI"
11,32,152,"GM","SI"
167,1,152,"GM","SI"
3,3,152,"GM","SI"
38,6,152,"GM","SI"
19,10,152,"GM","SI"
254,1,152,"GM","SI"
19,10,152,"GM","SI"
14,29,152,"GM","SI"
75,5,152,"GM","SI"
54,12,153,"GM","SI"
75,5,153,"GM","SI"
38,6,153,"GM","SI"
27,3,153,"GM","SI"
17,6,153,"GM","SI"
58,5,153,"GM","SI"
4,8,153,"GM","SI"
530,2,153,"GM","SI"
47,9,153,"GM","SI"
72,7,153,"GM","SI"
14,29,153,"GM","SI"
61,36,153,"GM","SI"
59,5,153,"GM","SI"
17,6,153,"GM","SI"
19,10,153,"GM","SI"
86,2,153,"GM","SI"
71,4,153,"GM","SI"
48,8,153,"GM","SI"
64,15,153,"GM","SI"
548,1,153,"GM","SI"
77,20,153,"GM","SI"
78,13,153,"GM","SI"
163,1,153,"GM","SI"
30,2,153,"GM","SI"
26,69,153,"GM","SI"
549,1,153,"GM","SI"
80,7,153,"GM","SI"
5,7,153,"GM","SI"
91,7,153,"GM","SI"
5,7,153,"GM","SI"
49,7,153,"GM","SI"
32,14,153,"GM","SI"
12,12,153,"GM","SI"
51,2,153,"GM","SI"
167,1,153,"GM","SI"
254,1,153,"GM","SI"
45,8,153,"GM","SI"
23,6,153,"GM","SI"
76,7,154,"GM","SI"
80,7,154,"GM","SI"
545,1,154,"GM","SI"
54,12,154,"GM","SI"
30,2,154,"GM","SI"
16,5,154,"GM","SI"
11,32,154,"GM","SI"
62,7,154,"GM","SI"
45,8,154,"GM","SI"
254,1,154,"GM","SI"
530,2,154,"GM","SI"
59,5,154,"GM","SI"
64,15,154,"GM","SI"
82,1,154,"GM","SI"
28,34,154,"GM","SI"
13,4,154,"GM","SI"
44,32,154,"GM","SI"
33,13,154,"GM","SI"
19,10,154,"GM","SI"
32,14,154,"GM","SI"
78,13,154,"GM","SI"
28,34,154,"GM","SI"
26,69,154,"GM","SI"
10,7,154,"GM","SI"
71,4,154,"GM","SI"
7,10,154,"GM","SI"
36,5,154,"GM","SI"
51,2,154,"GM","SI"
58,5,154,"GM","SI"
33,13,154,"GM","SI"
20,6,154,"GM","SI"
11,32,154,"GM","SI"
12,12,154,"GM","SI"
167,1,154,"GM","SI"
548,1,154,"GM","SI"
77,20,154,"GM","SI"
64,15,154,"GM","SI"
76,7,154,"GM","SI"
51,2,155,"GM","SI"
33,13,155,"GM","SI"
26,69,155,"GM","SI"
33,13,155,"GM","SI"
30,2,155,"GM","SI"
76,7,155,"GM","SI"
64,15,155,"GM","SI"
67,12,155,"GM","SI"
47,9,155,"GM","SI"
5,7,155,"GM","SI"
86,2,155,"GM","SI"
45,8,155,"GM","SI"
45,8,155,"GM","SI"
23,6,155,"GM","SI"
48,8,155,"GM","SI"
72,7,155,"GM","SI"
32,14,155,"GM","SI"
59,5,155,"GM","SI"
77,20,155,"GM","SI"
19,10,155,"GM","SI"
71,4,155,"GM","SI"
19,10,155,"GM","SI"
25,15,155,"GM","SI"
49,7,155,"GM","SI"
36,5,155,"GM","SI"
80,7,155,"GM","SI"
11,32,155,"GM","SI"
4,8,155,"GM","SI"
7,10,155,"GM","SI"
10,7,155,"GM","SI"
62,7,155,"GM","SI"
44,32,155,"GM","SI"
63,6,155,"GM","SI"
28,34,155,"GM","SI"
14,29,155,"GM","SI"
78,13,155,"GM","SI"
17,6,155,"GM","SI"
549,1,155,"GM","SI"
7,10,156,"GM","SI"
48,8,156,"GM","SI"
77,20,156,"GM","SI"
545,1,156,"GM","SI"
78,13,156,"GM","SI"
28,34,156,"GM","SI"
41,1,156,"GM","SI"
67,12,156,"GM","SI"
254,1,156,"GM","SI"
91,7,156,"GM","SI"
2,6,156,"GM","SI"
17,6,156,"GM","SI"
19,10,156,"GM","SI"
80,7,156,"GM","SI"
5,7,156,"GM","SI"
30,2,156,"GM","SI"
32,14,156,"GM","SI"
54,12,156,"GM","SI"
61,36,156,"GM","SI"
5,7,156,"GM","SI"
76,7,156,"GM","SI"
16,5,156,"GM","SI"
530,2,156,"GM","SI"
64,15,156,"GM","SI"
4,8,156,"GM","SI"
58,5,156,"GM","SI"
14,29,156,"GM","SI"
33,13,156,"GM","SI"
45,8,156,"GM","SI"
26,69,156,"GM","SI"
45,8,156,"GM","SI"
10,7,156,"GM","SI"
57,8,156,"GM","SI"
12,12,156,"GM","SI"
44,32,156,"GM","SI"
11,32,156,"GM","SI"
27,3,156,"GM","SI"
19,10,156,"GM","SI"
49,7,157,"GM","SI"
7,10,157,"GM","SI"
86,2,157,"GM","SI"
7,10,157,"GM","SI"
33,13,157,"GM","SI"
30,2,157,"GM","SI"
27,3,157,"GM","SI"
14,29,157,"GM","SI"
91,7,157,"GM","SI"
32,14,157,"GM","SI"
254,1,157,"GM","SI"
4,8,157,"GM","SI"
2,6,157,"GM","SI"
10,7,157,"GM","SI"
45,8,157,"GM","SI"
20,6,157,"GM","SI"
163,1,157,"GM","SI"
71,4,157,"GM","SI"
19,10,157,"GM","SI"
64,15,157,"GM","SI"
47,9,157,"GM","SI"
76,7,157,"GM","SI"
72,7,157,"GM","SI"
41,1,157,"GM","SI"
45,8,157,"GM","SI"
44,32,157,"GM","SI"
77,20,157,"GM","SI"
11,32,157,"GM","SI"
78,13,157,"GM","SI"
64,15,157,"GM","SI"
54,12,157,"GM","SI"
16,5,157,"GM","SI"
3,3,157,"GM","SI"
80,7,157,"GM","SI"
78,13,157,"GM","SI"
167,1,157,"GM","SI"
80,7,157,"GM","SI"
23,6,157,"GM","SI"
59,5,158,"GM","SI"
76,7,158,"GM","SI"
72,7,158,"GM","SI"
62,7,158,"GM","SI"
17,6,158,"GM","SI"
91,7,158,"GM","SI"
32,14,158,"GM","SI"
80,7,158,"GM","SI"
80,7,158,"GM","SI"
17,6,158,"GM","SI"
38,6,158,"GM","SI"
64,15,158,"GM","SI"
13,4,158,"GM","SI"
27,3,158,"GM","SI"
14,29,158,"GM","SI"
33,13,158,"GM","SI"
64,15,158,"GM","SI"
47,9,158,"GM","SI"
45,8,158,"GM","SI"
3,3,158,"GM","SI"
63,6,158,"GM","SI"
76,7,158,"GM","SI"
26,69,158,"GM","SI"
11,32,158,"GM","SI"
78,13,158,"GM","SI"
25,15,158,"GM","SI"
49,7,158,"GM","SI"
2,6,158,"GM","SI"
61,36,158,"GM","SI"
77,20,158,"GM","SI"
548,1,158,"GM","SI"
7,10,158,"GM","SI"
82,1,158,"GM","SI"
14,29,158,"GM","SI"
254,1,158,"GM","SI"
58,5,158,"GM","SI"
28,34,158,"GM","SI"
44,32,158,"GM","SI"
67,12,159,"GM","SI"
71,4,159,"GM","SI"
54,12,159,"GM","SI"
76,7,159,"GM","SI"
25,15,159,"GM","SI"
47,9,159,"GM","SI"
77,20,159,"GM","SI"
44,32,159,"GM","SI"
7,10,159,"GM","SI"
549,1,159,"GM","SI"
82,1,159,"GM","SI"
7,10,159,"GM","SI"
27,3,159,"GM","SI"
5,7,159,"GM","SI"
58,5,159,"GM","SI"
75,5,159,"GM","SI"
49,7,159,"GM","SI"
30,2,159,"GM","SI"
91,7,159,"GM","SI"
167,1,159,"GM","SI"
78,13,159,"GM","SI"
26,69,159,"GM","SI"
28,34,159,"GM","SI"
77,20,159,"GM","SI"
12,12,159,"GM","SI"
48,8,159,"GM","SI"
44,32,159,"GM","SI"
14,29,159,"GM","SI"
45,8,159,"GM","SI"
23,6,159,"GM","SI"
57,8,159,"GM","SI"
19,10,159,"GM","SI"
530,2,159,"GM","SI"
14,29,159,"GM","SI"
2,6,159,"GM","SI"
80,7,159,"GM","SI"
63,6,159,"GM","SI"
33,13,159,"GM","SI"
36,5,160,"GM","SI"
10,7,160,"GM","SI"
61,36,160,"GM","SI"
77,20,160,"GM","SI"
4,8,160,"GM","SI"
38,6,160,"GM","SI"
44,32,160,"GM","SI"
12,12,160,"GM","SI"
19,10,160,"GM","SI"
12,12,160,"GM","SI"
530,2,160,"GM","SI"
75,5,160,"GM","SI"
7,10,160,"GM","SI"
5,7,160,"GM","SI"
14,29,160,"GM","SI"
32,14,160,"GM","SI"
45,8,160,"GM","SI"
67,12,160,"GM","SI"
26,69,160,"GM","SI"
26,69,160,"GM","SI"
14,29,160,"GM","SI"
54,12,160,"GM","SI"
11,32,160,"GM","SI"
71,4,160,"GM","SI"
72,7,160,"GM","SI"
33,13,160,"GM","SI"
13,4,160,"GM","SI"
63,6,160,"GM","SI"
163,1,160,"GM","SI"
549,1,160,"GM","SI"
58,5,160,"GM","SI"
57,8,160,"GM","SI"
30,2,160,"GM","SI"
32,14,160,"GM","SI"
13,4,160,"GM","SI"
3,3,160,"GM","SI"
91,7,160,"GM","SI"
41,1,160,"GM","SI"
19,10,161,"GM","SI"
45,8,161,"GM","SI"
20,6,161,"GM","SI"
76,7,161,"GM","SI"
2,6,161,"GM","SI"
4,8,161,"GM","SI"
63,6,161,"GM","SI"
23,6,161,"GM","SI"
33,13,161,"GM","SI"
51,2,161,"GM","SI"
72,7,161,"GM","SI"
62,7,161,"GM","SI"
17,6,161,"GM","SI"
13,4,161,"GM","SI"
12,12,161,"GM","SI"
7,10,161,"GM","SI"
91,7,161,"GM","SI"
254,1,161,"GM","SI"
77,20,161,"GM","SI"
545,1,161,"GM","SI"
13,4,161,"GM","SI"
67,12,161,"GM","SI"
28,34,161,"GM","SI"
44,32,161,"GM","SI"
71,4,161,"GM","SI"
28,34,161,"GM","SI"
78,13,161,"GM","SI"
167,1,161,"GM","SI"
19,10,161,"GM","SI"
76,7,161,"GM","SI"
75,5,161,"GM","SI"
11,32,161,"GM","SI"
30,2,161,"GM","SI"
82,1,161,"GM","SI"
7,10,161,"GM","SI"
38,6,161,"GM","SI"
45,8,161,"GM","SI"
163,1,161,"GM","SI"
163,1,162,"GM","SI"
13,4,162,"GM","SI"
61,36,162,"GM","SI"
54,12,162,"GM","SI"
77,20,162,"GM","SI"
58,5,162,"GM","SI"
11,32,162,"GM","SI"
27,3,162,"GM","SI"
167,1,162,"GM","SI"
67,12,162,"GM","SI"
78,13,162,"GM","SI"
72,7,162,"GM","SI"
45,8,162,"GM","SI"
17,6,162,"GM","SI"
548,1,162,"GM","SI"
78,13,162,"GM","SI"
26,69,162,"GM","SI"
33,13,162,"GM","SI"
62,7,162,"GM","SI"
48,8,162,"GM","SI"
91,7,162,"GM","SI"
41,1,162,"GM","SI"
59,5,162,"GM","SI"
64,15,162,"GM","SI"
71,4,162,"GM","SI"
44,32,162,"GM","SI"
49,7,162,"GM","SI"
14,29,162,"GM","SI"
12,12,162,"GM","SI"
28,34,162,"GM","SI"
44,32,162,"GM","SI"
549,1,162,"GM","SI"
17,6,162,"GM","SI"
36,5,162,"GM","SI"
7,10,162,"GM","SI"
57,8,162,"GM","SI"
23,6,162,"GM","SI"
51,2,162,"GM","SI"
57,8,163,"GM","SI"
64,15,163,"GM","SI"
32,14,163,"GM","SI"
549,1,163,"GM","SI"
44,32,163,"GM","SI"
26,69,163,"GM","SI"
80,7,163,"GM","SI"
76,7,163,"GM","SI"
76,7,163,"GM","SI"
28,34,163,"GM","SI"
48,8,163,"GM","SI"
10,7,163,"GM","SI"
17,6,163,"GM","SI"
49,7,163,"GM","SI"
19,10,163,"GM","SI"
167,1,163,"GM","SI"
86,2,163,"GM","SI"
63,6,163,"GM","SI"
163,1,163,"GM","SI"
45,8,163,"GM","SI"
14,29,163,"GM","SI"
75,5,163,"GM","SI"
78,13,163,"GM","SI"
16,5,163,"GM","SI"
82,1,163,"GM","SI"
41,1,163,"GM","SI"
26,69,163,"GM","SI"
64,15,163,"GM","SI"
91,7,163,"GM","SI"
27,3,163,"GM","SI"
530,2,163,"GM","SI"
48,8,163,"GM","SI"
72,7,163,"GM","SI"
59,5,163,"GM","SI"
36,5,163,"GM","SI"
33,13,163,"GM","SI"
62,7,163,"GM","SI"
13,4,163,"GM","SI"
45,8,164,"GM","SI"
41,1,164,"GM","SI"
71,4,164,"GM","SI"
63,6,164,"GM","SI"
19,10,164,"GM","SI"
26,69,164,"GM","SI"
17,6,164,"GM","SI"
2,6,164,"GM","SI"
10,7,164,"GM","SI"
91,7,164,"GM","SI"
57,8,164,"GM","SI"
58,5,164,"GM","SI"
23,6,164,"GM","SI"
4,8,164,"GM","SI"
20,6,164,"GM","SI"
33,13,164,"GM","SI"
7,10,164,"GM","SI"
59,5,164,"GM","SI"
14,29,164,"GM","SI"
28,34,164,"GM","SI"
25,15,164,"GM","SI"
76,7,164,"GM","SI"
77,20,164,"GM","SI"
17,6,164,"GM","SI"
80,7,164,"GM","SI"
64,15,164,"GM","SI"
5,7,164,"GM","SI"
49,7,164,"GM","SI"
11,32,164,"GM","SI"
38,6,164,"GM","SI"
12,12,164,"GM","SI"
548,1,164,"GM","SI"
78,13,164,"GM","SI"
64,15,164,"GM","SI"
44,32,164,"GM","SI"
30,2,164,"GM","SI"
5,7,164,"GM","SI"
545,1,164,"GM","SI"
13,4,165,"GM","SI"
28,34,165,"GM","SI"
11,32,165,"GM","SI"
19,10,165,"GM","SI"
71,4,165,"GM","SI"
11,32,165,"GM","SI"
77,20,165,"GM","SI"
67,12,165,"GM","SI"
23,6,165,"GM","SI"
10,7,165,"GM","SI"
5,7,165,"GM","SI"
20,6,165,"GM","SI"
76,7,165,"GM","SI"
86,2,165,"GM","SI"
14,29,165,"GM","SI"
82,1,165,"GM","SI"
45,8,165,"GM","SI"
530,2,165,"GM","SI"
38,6,165,"GM","SI"
30,2,165,"GM","SI"
26,69,165,"GM","SI"
80,7,165,"GM","SI"
78,13,165,"GM","SI"
72,7,165,"GM","SI"
44,32,165,"GM","SI"
62,7,165,"GM","SI"
254,1,165,"GM","SI"
5,7,165,"GM","SI"
67,12,165,"GM","SI"
77,20,165,"GM","SI"
7,10,165,"GM","SI"
17,6,165,"GM","SI"
13,4,165,"GM","SI"
19,10,165,"GM","SI"
36,5,165,"GM","SI"
7,10,165,"GM","SI"
48,8,165,"GM","SI"
2,6,165,"GM","SI"
11,32,166,"GM","SI"
545,1,166,"GM","SI"
76,7,166,"GM","SI"
12,12,166,"GM","SI"
25,15,166,"GM","SI"
3,3,166,"GM","SI"
14,29,166,"GM","SI"
45,8,166,"GM","SI"
548,1,166,"GM","SI"
10,7,166,"GM","SI"
530,2,166,"GM","SI"
51,2,166,"GM","SI"
58,5,166,"GM","SI"
48,8,166,"GM","SI"
33,13,166,"GM","SI"
5,7,166,"GM","SI"
32,14,166,"GM","SI"
49,7,166,"GM","SI"
48,8,166,"GM","SI"
28,34,166,"GM","SI"
23,6,166,"GM","SI"
62,7,166,"GM","SI"
77,20,166,"GM","SI"
167,1,166,"GM","SI"
41,1,166,"GM","SI"
44,32,166,"GM","SI"
80,7,166,"GM","SI"
82,1,166,"GM","SI"
7,10,166,"GM","SI"
59,5,166,"GM","SI"
12,12,166,"GM","SI"
26,69,166,"GM","SI"
27,3,166,"GM","SI"
32,14,166,"GM","SI"
2,6,166,"GM","SI"
61,36,166,"GM","SI"
38,6,166,"GM","SI"
17,6,166,"GM","SI"
26,69,167,"GM","SI"
17,6,167,"GM","SI"
44,32,167,"GM","SI"
76,7,167,"GM","SI"
30,2,167,"GM","SI"
33,13,167,"GM","SI"
49,7,167,"GM","SI"
75,5,167,"GM","SI"
28,34,167,"GM","SI"
545,1,167,"GM","SI"
19,10,167,"GM","SI"
167,1,167,"GM","SI"
62,7,167,"GM","SI"
59,5,167,"GM","SI"
36,5,167,"GM","SI"
25,15,167,"GM","SI"
64,15,167,"GM","SI"
78,13,167,"GM","SI"
20,6,167,"GM","SI"
14,29,167,"GM","SI"
26,69,167,"GM","SI"
163,1,167,"GM","SI"
7,10,167,"GM","SI"
72,7,167,"GM","SI"
77,20,167,"GM","SI"
32,14,167,"GM","SI"
48,8,167,"GM","SI"
12,12,167,"GM","SI"
77,20,167,"GM","SI"
45,8,167,"GM","SI"
48,8,167,"GM","SI"
23,6,167,"GM","SI"
5,7,167,"GM","SI"
14,29,167,"GM","SI"
2,6,167,"GM","SI"
44,32,167,"GM","SI"
61,36,167,"GM","SI"
41,1,167,"GM","SI"
48,8,168,"GM","SI"
49,7,168,"GM","SI"
26,69,168,"GM","SI"
167,1,168,"GM","SI"
61,36,168,"GM","SI"
32,14,168,"GM","SI"
5,7,168,"GM","SI"
45,8,168,"GM","SI"
12,12,168,"GM","SI"
82,1,168,"GM","SI"
91,7,168,"GM","SI"
163,1,168,"GM","SI"
78,13,168,"GM","SI"
3,3,168,"GM","SI"
33,13,168,"GM","SI"
38,6,168,"GM","SI"
12,12,168,"GM","SI"
45,8,168,"GM","SI"
41,1,168,"GM","SI"
75,5,168,"GM","SI"
57,8,168,"GM","SI"
4,8,168,"GM","SI"
59,5,168,"GM","SI"
51,2,168,"GM","SI"
86,2,168,"GM","SI"
67,12,168,"GM","SI"
26,69,168,"GM","SI"
23,6,168,"GM","SI"
13,4,168,"GM","SI"
13,4,168,"GM","SI"
548,1,168,"GM","SI"
14,29,168,"GM","SI"
48,8,168,"GM","SI"
77,20,168,"GM","SI"
33,13,168,"GM","SI"
2,6,168,"GM","SI"
19,10,168,"GM","SI"
16,5,168,"GM","SI"
58,5,169,"GM","SI"
61,36,169,"GM","SI"
41,1,169,"GM","SI"
5,7,169,"GM","SI"
20,6,169,"GM","SI"
59,5,169,"GM","SI"
44,32,169,"GM","SI"
14,29,169,"GM","SI"
163,1,169,"GM","SI"
549,1,169,"GM","SI"
28,34,169,"GM","SI"
19,10,169,"GM","SI"
545,1,169,"GM","SI"
28,34,169,"GM","SI"
76,7,169,"GM","SI"
71,4,169,"GM","SI"
48,8,169,"GM","SI"
11,32,169,"GM","SI"
78,13,169,"GM","SI"
38,6,169,"GM","SI"
51,2,169,"GM","SI"
13,4,169,"GM","SI"
57,8,169,"GM","SI"
14,29,169,"GM","SI"
4,8,169,"GM","SI"
11,32,169,"GM","SI"
45,8,169,"GM","SI"
64,15,169,"GM","SI"
48,8,169,"GM","SI"
78,13,169,"GM","SI"
7,10,169,"GM","SI"
33,13,169,"GM","SI"
64,15,169,"GM","SI"
80,7,169,"GM","SI"
27,3,169,"GM","SI"
77,20,169,"GM","SI"
36,5,169,"GM","SI"
67,12,169,"GM","SI"
167,1,170,"GM","SI"
71,4,170,"GM","SI"
44,32,170,"GM","SI"
77,20,170,"GM","SI"
76,7,170,"GM","SI"
19,10,170,"GM","SI"
12,12,170,"GM","SI"
17,6,170,"GM","SI"
82,1,170,"GM","SI"
20,6,170,"GM","SI"
77,20,170,"GM","SI"
54,12,170,"GM","SI"
549,1,170,"GM","SI"
80,7,170,"GM","SI"
254,1,170,"GM","SI"
64,15,170,"GM","SI"
32,14,170,"GM","SI"
38,6,170,"GM","SI"
63,6,170,"GM","SI"
49,7,170,"GM","SI"
36,5,170,"GM","SI"
7,10,170,"GM","SI"
57,8,170,"GM","SI"
14,29,170,"GM","SI"
32,14,170,"GM","SI"
72,7,170,"GM","SI"
4,8,170,"GM","SI"
16,5,170,"GM","SI"
28,34,170,"GM","SI"
5,7,170,"GM","SI"
67,12,170,"GM","SI"
80,7,170,"GM","SI"
41,1,170,"GM","SI"
45,8,170,"GM","SI"
28,34,170,"GM","SI"
2,6,170,"GM","SI"
58,5,170,"GM","SI"
76,7,170,"GM","SI"
33,13,171,"GM","SI"
51,2,171,"GM","SI"
54,12,171,"GM","SI"
80,7,171,"GM","SI"
57,8,171,"GM","SI"
20,6,171,"GM","SI"
11,32,171,"GM","SI"
71,4,171,"GM","SI"
80,7,171,"GM","SI"
5,7,171,"GM","SI"
75,5,171,"GM","SI"
64,15,171,"GM","SI"
64,15,171,"GM","SI"
17,6,171,"GM","SI"
77,20,171,"GM","SI"
58,5,171,"GM","SI"
78,13,171,"GM","SI"
91,7,171,"GM","SI"
28,34,171,"GM","SI"
27,3,171,"GM","SI"
38,6,171,"GM","SI"
72,7,171,"GM","SI"
59,5,171,"GM","SI"
76,7,171,"GM","SI"
7,10,171,"GM","SI"
86,2,171,"GM","SI"
545,1,171,"GM","SI"
7,10,171,"GM","SI"
78,13,171,"GM","SI"
23,6,171,"GM","SI"
13,4,171,"GM","SI"
41,1,171,"GM","SI"
48,8,171,"GM","SI"
13,4,171,"GM","SI"
12,12,171,"GM","SI"
26,69,171,"GM","SI"
5,7,171,"GM","SI"
45,8,171,"GM","SI"
77,20,172,"GM","SI"
47,9,172,"GM","SI"
76,7,172,"GM","SI"
48,8,172,"GM","SI"
76,7,172,"GM","SI"
38,6,172,"GM","SI"
26,69,172,"GM","SI"
3,3,172,"GM","SI"
63,6,172,"GM","SI"
545,1,172,"GM","SI"
58,5,172,"GM","SI"
10,7,172,"GM","SI"
67,12,172,"GM","SI"
11,32,172,"GM","SI"
254,1,172,"GM","SI"
72,7,172,"GM","SI"
20,6,172,"GM","SI"
548,1,172,"GM","SI"
41,1,172,"GM","SI"
13,4,172,"GM","SI"
91,7,172,"GM","SI"
38,6,172,"GM","SI"
19,10,172,"GM","SI"
80,7,172,"GM","SI"
80,7,172,"GM","SI"
13,4,172,"GM","SI"
11,32,172,"GM","SI"
44,32,172,"GM","SI"
17,6,172,"GM","SI"
57,8,172,"GM","SI"
2,6,172,"GM","SI"
77,20,172,"GM","SI"
30,2,172,"GM","SI"
49,7,172,"GM","SI"
82,1,172,"GM","SI"
32,14,172,"GM","SI"
64,15,172,"GM","SI"
62,7,172,"GM","SI"
30,2,173,"GM","SI"
28,34,173,"GM","SI"
36,5,173,"GM","SI"
10,7,173,"GM","SI"
48,8,173,"GM","SI"
2,6,173,"GM","SI"
59,5,173,"GM","SI"
44,32,173,"GM","SI"
14,29,173,"GM","SI"
12,12,173,"GM","SI"
91,7,173,"GM","SI"
167,1,173,"GM","SI"
12,12,173,"GM","SI"
72,7,173,"GM","SI"
48,8,173,"GM","SI"
5,7,173,"GM","SI"
4,8,173,"GM","SI"
71,4,173,"GM","SI"
38,6,173,"GM","SI"
26,69,173,"GM","SI"
11,32,173,"GM","SI"
58,5,173,"GM","SI"
5,7,173,"GM","SI"
54,12,173,"GM","SI"
78,13,173,"GM","SI"
64,15,173,"GM","SI"
254,1,173,"GM","SI"
38,6,173,"GM","SI"
44,32,173,"GM","SI"
62,7,173,"GM","SI"
530,2,173,"GM","SI"
80,7,173,"GM","SI"
64,15,173,"GM","SI"
7,10,173,"GM","SI"
548,1,173,"GM","SI"
32,14,173,"GM","SI"
67,12,173,"GM","SI"
16,5,173,"GM","SI"
47,9,174,"GM","SI"
7,10,174,"GM","SI"
13,4,174,"GM","SI"
67,12,174,"GM","SI"
4,8,174,"GM","SI"
80,7,174,"GM","SI"
54,12,174,"GM","SI"
11,32,174,"GM","SI"
77,20,174,"GM","SI"
91,7,174,"GM","SI"
64,15,174,"GM","SI"
80,7,174,"GM","SI"
61,36,174,"GM","SI"
13,4,174,"GM","SI"
76,7,174,"GM","SI"
30,2,174,"GM","SI"
17,6,174,"GM","SI"
19,10,174,"GM","SI"
33,13,174,"GM","SI"
72,7,174,"GM","SI"
163,1,174,"GM","SI"
45,8,174,"GM","SI"
77,20,174,"GM","SI"
36,5,174,"GM","SI"
82,1,174,"GM","SI"
32,14,174,"GM","SI"
64,15,174,"GM","SI"
27,3,174,"GM","SI"
51,2,174,"GM","SI"
23,6,174,"GM","SI"
33,13,174,"GM","SI"
45,8,174,"GM","SI"
254,1,174,"GM","SI"
14,29,174,"GM","SI"
10,7,174,"GM","SI"
44,32,174,"GM","SI"
44,32,174,"GM","SI"
28,34,174,"GM","SI"
48,8,175,"GM","SI"
7,10,175,"GM","SI"
16,5,175,"GM","SI"
38,6,175,"GM","SI"
28,34,175,"GM","SI"
17,6,175,"GM","SI"
76,7,175,"GM","SI"
167,1,175,"GM","SI"
32,14,175,"GM","SI"
51,2,175,"GM","SI"
54,12,175,"GM","SI"
45,8,175,"GM","SI"
254,1,175,"GM","SI"
61,36,175,"GM","SI"
45,8,175,"GM","SI"
13,4,175,"GM","SI"
19,10,175,"GM","SI"
14,29,175,"GM","SI"
548,1,175,"GM","SI"
38,6,175,"GM","SI"
77,20,175,"GM","SI"
4,8,175,"GM","SI"
67,12,175,"GM","SI"
67,12,175,"GM","SI"
30,2,175,"GM","SI"
33,13,175,"GM","SI"
49,7,175,"GM","SI"
14,29,175,"GM","SI"
545,1,175,"GM","SI"
27,3,175,"GM","SI"
26,69,175,"GM","SI"
5,7,175,"GM","SI"
163,1,175,"GM","SI"
82,1,175,"GM","SI"
86,2,175,"GM","SI"
72,7,175,"GM","SI"
64,15,175,"GM","SI"
57,8,175,"GM","SI"
167,1,176,"GM","SI"
51,2,176,"GM","SI"
54,12,176,"GM","SI"
61,36,176,"GM","SI"
530,2,176,"GM","SI"
67,12,176,"GM","SI"
48,8,176,"GM","SI"
163,1,176,"GM","SI"
38,6,176,"GM","SI"
64,15,176,"GM","SI"
2,6,176,"GM","SI"
49,7,176,"GM","SI"
80,7,176,"GM","SI"
30,2,176,"GM","SI"
16,5,176,"GM","SI"
20,6,176,"GM","SI"
77,20,176,"GM","SI"
7,10,176,"GM","SI"
75,5,176,"GM","SI"
32,14,176,"GM","SI"
14,29,176,"GM","SI"
44,32,176,"GM","SI"
254,1,176,"GM","SI"
44,32,176,"GM","SI"
32,14,176,"GM","SI"
78,13,176,"GM","SI"
72,7,176,"GM","SI"
19,10,176,"GM","SI"
38,6,176,"GM","SI"
86,2,176,"GM","SI"
19,10,176,"GM","SI"
25,15,176,"GM","SI"
545,1,176,"GM","SI"
33,13,176,"GM","SI"
4,8,176,"GM","SI"
59,5,176,"GM","SI"
45,8,176,"GM","SI"
13,4,176,"GM","SI"
32,14,177,"GM","SI"
67,12,177,"GM","SI"
49,7,177,"GM","SI"
80,7,177,"GM","SI"
27,3,177,"GM","SI"
67,12,177,"GM","SI"
28,34,177,"GM","SI"
3,3,177,"GM","SI"
58,5,177,"GM","SI"
45,8,177,"GM","SI"
64,15,177,"GM","SI"
75,5,177,"GM","SI"
76,7,177,"GM","SI"
72,7,177,"GM","SI"
64,15,177,"GM","SI"
71,4,177,"GM","SI"
61,36,177,"GM","SI"
36,5,177,"GM","SI"
86,2,177,"GM","SI"
5,7,177,"GM","SI"
77,20,177,"GM","SI"
78,13,177,"GM","SI"
33,13,177,"GM","SI"
59,5,177,"GM","SI"
41,1,177,"GM","SI"
16,5,177,"GM","SI"
5,7,177,"GM","SI"
19,10,177,"GM","SI"
17,6,177,"GM","SI"
54,12,177,"GM","SI"
14,29,177,"GM","SI"
13,4,177,"GM","SI"
38,6,177,"GM","SI"
30,2,177,"GM","SI"
82,1,177,"GM","SI"
38,6,177,"GM","SI"
2,6,177,"GM","SI"
77,20,177,"GM","SI"
45,8,178,"GM","SI"
44,32,178,"GM","SI"
32,14,178,"GM","SI"
12,12,178,"GM","SI"
11,32,178,"GM","SI"
32,14,178,"GM","SI"
30,2,178,"GM","SI"
38,6,178,"GM","SI"
51,2,178,"GM","SI"
48,8,178,"GM","SI"
78,13,178,"GM","SI"
76,7,178,"GM","SI"
13,4,178,"GM","SI"
548,1,178,"GM","SI"
27,3,178,"GM","SI"
3,3,178,"GM","SI"
57,8,178,"GM","SI"
549,1,178,"GM","SI"
17,6,178,"GM","SI"
63,6,178,"GM","SI"
2,6,178,"GM","SI"
4,8,178,"GM","SI"
28,34,178,"GM","SI"
12,12,178,"GM","SI"
77,20,178,"GM","SI"
75,5,178,"GM","SI"
64,15,178,"GM","SI"
80,7,178,"GM","SI"
26,69,178,"GM","SI"
5,7,178,"GM","SI"
64,15,178,"GM","SI"
91,7,178,"GM","SI"
20,6,178,"GM","SI"
5,7,178,"GM","SI"
7,10,178,"GM","SI"
71,4,178,"GM","SI"
45,8,178,"GM","SI"
13,4,178,"GM","SI"
45,8,179,"GM","SI"
20,6,179,"GM","SI"
76,7,179,"GM","SI"
78,13,179,"GM","SI"
30,2,179,"GM","SI"
58,5,179,"GM","SI"
91,7,179,"GM","SI"
75,5,179,"GM","SI"
86,2,179,"GM","SI"
5,7,179,"GM","SI"
32,14,179,"GM","SI"
11,32,179,"GM","SI"
549,1,179,"GM","SI"
163,1,179,"GM","SI"
545,1,179,"GM","SI"
49,7,179,"GM","SI"
548,1,179,"GM","SI"
48,8,179,"GM","SI"
47,9,179,"GM","SI"
5,7,179,"GM","SI"
54,12,179,"GM","SI"
51,2,179,"GM","SI"
3,3,179,"GM","SI"
12,12,179,"GM","SI"
64,15,179,"GM","SI"
530,2,179,"GM","SI"
23,6,179,"GM","SI"
36,5,179,"GM","SI"
14,29,179,"GM","SI"
67,12,179,"GM","SI"
27,3,179,"GM","SI"
28,34,179,"GM","SI"
17,6,179,"GM","SI"
17,6,179,"GM","SI"
26,69,179,"GM","SI"
41,1,179,"GM","SI"
33,13,179,"GM","SI"
76,7,179,"GM","SI"
44,32,180,"GM","SI"
51,2,180,"GM","SI"
38,6,180,"GM","SI"
72,7,180,"GM","SI"
14,29,180,"GM","SI"
67,12,180,"GM","SI"
91,7,180,"GM","SI"
548,1,180,"GM","SI"
28,34,180,"GM","SI"
530,2,180,"GM","SI"
3,3,180,"GM","SI"
30,2,180,"GM","SI"
82,1,180,"GM","SI"
32,14,180,"GM","SI"
33,13,180,"GM","SI"
167,1,180,"GM","SI"
77,20,180,"GM","SI"
4,8,180,"GM","SI"
12,12,180,"GM","SI"
59,5,180,"GM","SI"
49,7,180,"GM","SI"
28,34,180,"GM","SI"
545,1,180,"GM","SI"
5,7,180,"GM","SI"
549,1,180,"GM","SI"
19,10,180,"GM","SI"
23,6,180,"GM","SI"
64,15,180,"GM","SI"
10,7,180,"GM","SI"
2,6,180,"GM","SI"
26,69,180,"GM","SI"
19,10,180,"GM","SI"
76,7,180,"GM","SI"
41,1,180,"GM","SI"
7,10,180,"GM","SI"
45,8,180,"GM","SI"
13,4,180,"GM","SI"
57,8,180,"GM","SI"
25,15,181,"GM","SI"
5,7,181,"GM","SI"
72,7,181,"GM","SI"
12,12,181,"GM","SI"
33,13,181,"GM","SI"
75,5,181,"GM","SI"
16,5,181,"GM","SI"
63,6,181,"GM","SI"
82,1,181,"GM","SI"
48,8,181,"GM","SI"
11,32,181,"GM","SI"
13,4,181,"GM","SI"
80,7,181,"GM","SI"
530,2,181,"GM","SI"
5,7,181,"GM","SI"
76,7,181,"GM","SI"
254,1,181,"GM","SI"
49,7,181,"GM","SI"
45,8,181,"GM","SI"
38,6,181,"GM","SI"
61,36,181,"GM","SI"
41,1,181,"GM","SI"
14,29,181,"GM","SI"
14,29,181,"GM","SI"
57,8,181,"GM","SI"
33,13,181,"GM","SI"
78,13,181,"GM","SI"
26,69,181,"GM","SI"
67,12,181,"GM","SI"
13,4,181,"GM","SI"
19,10,181,"GM","SI"
28,34,181,"GM","SI"
64,15,181,"GM","SI"
54,12,181,"GM","SI"
67,12,181,"GM","SI"
62,7,181,"GM","SI"
549,1,181,"GM","SI"
44,32,181,"GM","SI"
28,34,182,"GM","SI"
27,3,182,"GM","SI"
17,6,182,"GM","SI"
26,69,182,"GM","SI"
11,32,182,"GM","SI"
77,20,182,"GM","SI"
76,7,182,"GM","SI"
64,15,182,"GM","SI"
20,6,182,"GM","SI"
10,7,182,"GM","SI"
163,1,182,"GM","SI"
45,8,182,"GM","SI"
48,8,182,"GM","SI"
14,29,182,"GM","SI"
7,10,182,"GM","SI"
167,1,182,"GM","SI"
80,7,182,"GM","SI"
32,14,182,"GM","SI"
19,10,182,"GM","SI"
67,12,182,"GM","SI"
25,15,182,"GM","SI"
13,4,182,"GM","SI"
58,5,182,"GM","SI"
63,6,182,"GM","SI"
59,5,182,"GM","SI"
33,13,182,"GM","SI"
28,34,182,"GM","SI"
80,7,182,"GM","SI"
72,7,182,"GM","SI"
5,7,182,"GM","SI"
23,6,182,"GM","SI"
57,8,182,"GM","SI"
76,7,182,"GM","SI"
78,13,182,"GM","SI"
530,2,182,"GM","SI"
13,4,182,"GM","SI"
38,6,182,"GM","SI"
14,29,182,"GM","SI"
78,13,183,"GM","SI"
80,7,183,"GM","SI"
67,12,183,"GM","SI"
20,6,183,"GM","SI"
5,7,183,"GM","SI"
2,6,183,"GM","SI"
3,3,183,"GM","SI"
64,15,183,"GM","SI"
45,8,183,"GM","SI"
4,8,183,"GM","SI"
163,1,183,"GM","SI"
67,12,183,"GM","SI"
45,8,183,"GM","SI"
76,7,183,"GM","SI"
49,7,183,"GM","SI"
57,8,183,"GM","SI"
48,8,183,"GM","SI"
47,9,183,"GM","SI"
44,32,183,"GM","SI"
48,8,183,"GM","SI"
38,6,183,"GM","SI"
77,20,183,"GM","SI"
75,5,183,"GM","SI"
78,13,183,"GM","SI"
25,15,183,"GM","SI"
14,29,183,"GM","SI"
36,5,183,"GM","SI"
32,14,183,"GM","SI"
7,10,183,"GM","SI"
11,32,183,"GM","SI"
44,32,183,"GM","SI"
82,1,183,"GM","SI"
51,2,183,"GM","SI"
530,2,183,"GM","SI"
548,1,183,"GM","SI"
63,6,183,"GM","SI"
254,1,183,"GM","SI"
19,10,183,"GM","SI"
38,6,184,"GM","SI"
167,1,184,"GM","SI"
545,1,184,"GM","SI"
14,29,184,"GM","SI"
62,7,184,"GM","SI"
32,14,184,"GM","SI"
58,5,184,"GM","SI"
80,7,184,"GM","SI"
7,10,184,"GM","SI"
4,8,184,"GM","SI"
2,6,184,"GM","SI"
59,5,184,"GM","SI"
19,10,184,"GM","SI"
45,8,184,"GM","SI"
77,20,184,"GM","SI"
72,7,184,"GM","SI"
64,15,184,"GM","SI"
75,5,184,"GM","SI"
44,32,184,"GM","SI"
71,4,184,"GM","SI"
44,32,184,"GM","SI"
7,10,184,"GM","SI"
11,32,184,"GM","SI"
78,13,184,"GM","SI"
63,6,184,"GM","SI"
76,7,184,"GM","SI"
51,2,184,"GM","SI"
25,15,184,"GM","SI"
530,2,184,"GM","SI"
23,6,184,"GM","SI"
11,32,184,"GM","SI"
76,7,184,"GM","SI"
91,7,184,"GM","SI"
12,12,184,"GM","SI"
80,7,184,"GM","SI"
3,3,184,"GM","SI"
45,8,184,"GM","SI"
41,1,184,"GM","SI"
17,6,185,"GM","SI"
11,32,185,"GM","SI"
167,1,185,"GM","SI"
10,7,185,"GM","SI"
67,12,185,"GM","SI"
54,12,185,"GM","SI"
27,3,185,"GM","SI"
36,5,185,"GM","SI"
545,1,185,"GM","SI"
77,20,185,"GM","SI"
63,6,185,"GM","SI"
19,10,185,"GM","SI"
28,34,185,"GM","SI"
51,2,185,"GM","SI"
38,6,185,"GM","SI"
28,34,185,"GM","SI"
26,69,185,"GM","SI"
13,4,185,"GM","SI"
86,2,185,"GM","SI"
23,6,185,"GM","SI"
77,20,185,"GM","SI"
64,15,185,"GM","SI"
12,12,185,"GM","SI"
33,13,185,"GM","SI"
163,1,185,"GM","SI"
80,7,185,"GM","SI"
32,14,185,"GM","SI"
57,8,185,"GM","SI"
71,4,185,"GM","SI"
38,6,185,"GM","SI"
61,36,185,"GM","SI"
2,6,185,"GM","SI"
59,5,185,"GM","SI"
33,13,185,"GM","SI"
26,69,185,"GM","SI"
7,10,185,"GM","SI"
13,4,185,"GM","SI"
16,5,185,"GM","SI"
77,20,186,"GM","SI"
5,7,186,"GM","SI"
33,13,186,"GM","SI"
545,1,186,"GM","SI"
26,69,186,"GM","SI"
3,3,186,"GM","SI"
78,13,186,"GM","SI"
32,14,186,"GM","SI"
48,8,186,"GM","SI"
16,5,186,"GM","SI"
67,12,186,"GM","SI"
49,7,186,"GM","SI"
51,2,186,"GM","SI"
19,10,186,"GM","SI"
44,32,186,"GM","SI"
530,2,186,"GM","SI"
12,12,186,"GM","SI"
38,6,186,"GM","SI"
80,7,186,"GM","SI"
10,7,186,"GM","SI"
17,6,186,"GM","SI"
2,6,186,"GM","SI"
26,69,186,"GM","SI"
45,8,186,"GM","SI"
25,15,186,"GM","SI"
27,3,186,"GM","SI"
38,6,186,"GM","SI"
54,12,186,"GM","SI"
163,1,186,"GM","SI"
61,36,186,"GM","SI"
11,32,186,"GM","SI"
32,14,186,"GM","SI"
80,7,186,"GM","SI"
20,6,186,"GM","SI"
57,8,186,"GM","SI"
44,32,186,"GM","SI"
41,1,186,"GM","SI"
76,7,186,"GM","SI"
26,69,187,"GM","SI"
64,15,187,"GM","SI"
91,7,187,"GM","SI"
78,13,187,"GM","SI"
13,4,187,"GM","SI"
80,7,187,"GM","SI"
38,6,187,"GM","SI"
77,20,187,"GM","SI"
13,4,187,"GM","SI"
530,2,187,"GM","SI"
82,1,187,"GM","SI"
7,10,187,"GM","SI"
10,7,187,"GM","SI"
62,7,187,"GM","SI"
63,6,187,"GM","SI"
254,1,187,"GM","SI"
80,7,187,"GM","SI"
12,12,187,"GM","SI"
77,20,187,"GM","SI"
57,8,187,"GM","SI"
54,12,187,"GM","SI"
47,9,187,"GM","SI"
44,32,187,"GM","SI"
75,5,187,"GM","SI"
11,32,187,"GM","SI"
67,12,187,"GM","SI"
14,29,187,"GM","SI"
76,7,187,"GM","SI"
33,13,187,"GM","SI"
11,32,187,"GM","SI"
19,10,187,"GM","SI"
28,34,187,"GM","SI"
23,6,187,"GM","SI"
32,14,187,"GM","SI"
2,6,187,"GM","SI"
49,7,187,"GM","SI"
48,8,187,"GM","SI"
78,13,187,"GM","SI"
26,69,188,"GM","SI"
38,6,188,"GM","SI"
12,12,188,"GM","SI"
3,3,188,"GM","SI"
28,34,188,"GM","SI"
7,10,188,"GM","SI"
57,8,188,"GM","SI"
17,6,188,"GM","SI"
86,2,188,"GM","SI"
2,6,188,"GM","SI"
49,7,188,"GM","SI"
38,6,188,"GM","SI"
26,69,188,"GM","SI"
71,4,188,"GM","SI"
77,20,188,"GM","SI"
20,6,188,"GM","SI"
67,12,188,"GM","SI"
5,7,188,"GM","SI"
76,7,188,"GM","SI"
14,29,188,"GM","SI"
19,10,188,"GM","SI"
23,6,188,"GM","SI"
32,14,188,"GM","SI"
44,32,188,"GM","SI"
16,5,188,"GM","SI"
530,2,188,"GM","SI"
33,13,188,"GM","SI"
91,7,188,"GM","SI"
28,34,188,"GM","SI"
82,1,188,"GM","SI"
548,1,188,"GM","SI"
80,7,188,"GM","SI"
254,1,188,"GM","SI"
41,1,188,"GM","SI"
48,8,188,"GM","SI"
32,14,188,"GM","SI"
63,6,188,"GM","SI"
33,13,188,"GM","SI"
44,32,189,"GM","SI"
12,12,189,"GM","SI"
28,34,189,"GM","SI"
45,8,189,"GM","SI"
36,5,189,"GM","SI"
3,3,189,"GM","SI"
17,6,189,"GM","SI"
25,15,189,"GM","SI"
75,5,189,"GM","SI"
63,6,189,"GM","SI"
11,32,189,"GM","SI"
86,2,189,"GM","SI"
167,1,189,"GM","SI"
19,10,189,"GM","SI"
80,7,189,"GM","SI"
62,7,189,"GM","SI"
254,1,189,"GM","SI"
48,8,189,"GM","SI"
59,5,189,"GM","SI"
545,1,189,"GM","SI"
71,4,189,"GM","SI"
19,10,189,"GM","SI"
20,6,189,"GM","SI"
38,6,189,"GM","SI"
61,36,189,"GM","SI"
26,69,189,"GM","SI"
10,7,189,"GM","SI"
58,5,189,"GM","SI"
28,34,189,"GM","SI"
67,12,189,"GM","SI"
80,7,189,"GM","SI"
48,8,189,"GM","SI"
13,4,189,"GM","SI"
30,2,189,"GM","SI"
67,12,189,"GM","SI"
2,6,189,"GM","SI"
57,8,189,"GM","SI"
47,9,189,"GM","SI"
10,7,190,"GM","SI"
14,29,190,"GM","SI"
5,7,190,"GM","SI"
63,6,190,"GM","SI"
33,13,190,"GM","SI"
64,15,190,"GM","SI"
30,2,190,"GM","SI"
26,69,190,"GM","SI"
12,12,190,"GM","SI"
51,2,190,"GM","SI"
7,10,190,"GM","SI"
48,8,190,"GM","SI"
7,10,190,"GM","SI"
19,10,190,"GM","SI"
17,6,190,"GM","SI"
44,32,190,"GM","SI"
26,69,190,"GM","SI"
36,5,190,"GM","SI"
47,9,190,"GM","SI"
549,1,190,"GM","SI"
13,4,190,"GM","SI"
76,7,190,"GM","SI"
57,8,190,"GM","SI"
82,1,190,"GM","SI"
64,15,190,"GM","SI"
59,5,190,"GM","SI"
78,13,190,"GM","SI"
19,10,190,"GM","SI"
167,1,190,"GM","SI"
163,1,190,"GM","SI"
86,2,190,"GM","SI"
12,12,190,"GM","SI"
45,8,190,"GM","SI"
77,20,190,"GM","SI"
41,1,190,"GM","SI"
38,6,190,"GM","SI"
48,8,190,"GM","SI"
91,7,190,"GM","SI"
7,10,191,"GM","SI"
17,6,191,"GM","SI"
20,6,191,"GM","SI"
86,2,191,"GM","SI"
38,6,191,"GM","SI"
76,7,191,"GM","SI"
28,34,191,"GM","SI"
48,8,191,"GM","SI"
75,5,191,"GM","SI"
32,14,191,"GM","SI"
45,8,191,"GM","SI"
16,5,191,"GM","SI"
44,32,191,"GM","SI"
91,7,191,"GM","SI"
76,7,191,"GM","SI"
41,1,191,"GM","SI"
13,4,191,"GM","SI"
67,12,191,"GM","SI"
36,5,191,"GM","SI"
54,12,191,"GM","SI"
11,32,191,"GM","SI"
27,3,191,"GM","SI"
33,13,191,"GM","SI"
167,1,191,"GM","SI"
64,15,191,"GM","SI"
4,8,191,"GM","SI"
17,6,191,"GM","SI"
45,8,191,"GM","SI"
26,69,191,"GM","SI"
545,1,191,"GM","SI"
25,15,191,"GM","SI"
58,5,191,"GM","SI"
72,7,191,"GM","SI"
33,13,191,"GM","SI"
47,9,191,"GM","SI"
254,1,191,"GM","SI"
61,36,191,"GM","SI"
5,7,191,"GM","SI"
75,5,192,"GM","SI"
254,1,192,"GM","SI"
67,12,192,"GM","SI"
86,2,192,"GM","SI"
78,13,192,"GM","SI"
77,20,192,"GM","SI"
17,6,192,"GM","SI"
27,3,192,"GM","SI"
12,12,192,"GM","SI"
545,1,192,"GM","SI"
33,13,192,"GM","SI"
16,5,192,"GM","SI"
51,2,192,"GM","SI"
13,4,192,"GM","SI"
58,5,192,"GM","SI"
77,20,192,"GM","SI"
548,1,192,"GM","SI"
163,1,192,"GM","SI"
80,7,192,"GM","SI"
63,6,192,"GM","SI"
32,14,192,"GM","SI"
48,8,192,"GM","SI"
41,1,192,"GM","SI"
4,8,192,"GM","SI"
32,14,192,"GM","SI"
67,12,192,"GM","SI"
47,9,192,"GM","SI"
91,7,192,"GM","SI"
14,29,192,"GM","SI"
3,3,192,"GM","SI"
48,8,192,"GM","SI"
38,6,192,"GM","SI"
80,7,192,"GM","SI"
76,7,192,"GM","SI"
82,1,192,"GM","SI"
33,13,192,"GM","SI"
7,10,192,"GM","SI"
2,6,192,"GM","SI"
30,2,193,"GM","SI"
12,12,193,"GM","SI"
545,1,193,"GM","SI"
5,7,193,"GM","SI"
23,6,193,"GM","SI"
12,12,193,"GM","SI"
13,4,193,"GM","SI"
44,32,193,"GM","SI"
17,6,193,"GM","SI"
7,10,193,"GM","SI"
11,32,193,"GM","SI"
86,2,193,"GM","SI"
41,1,193,"GM","SI"
5,7,193,"GM","SI"
54,12,193,"GM","SI"
51,2,193,"GM","SI"
78,13,193,"GM","SI"
67,12,193,"GM","SI"
33,13,193,"GM","SI"
4,8,193,"GM","SI"
91,7,193,"GM","SI"
548,1,193,"GM","SI"
72,7,193,"GM","SI"
59,5,193,"GM","SI"
27,3,193,"GM","SI"
530,2,193,"GM","SI"
33,13,193,"GM","SI"
38,6,193,"GM","SI"
61,36,193,"GM","SI"
44,32,193,"GM","SI"
47,9,193,"GM","SI"
82,1,193,"GM","SI"
28,34,193,"GM","SI"
77,20,193,"GM","SI"
549,1,193,"GM","SI"
71,4,193,"GM","SI"
20,6,193,"GM","SI"
57,8,193,"GM","SI"
548,1,194,"GM","SI"
26,69,194,"GM","SI"
64,15,194,"GM","SI"
67,12,194,"GM","SI"
78,13,194,"GM","SI"
5,7,194,"GM","SI"
30,2,194,"GM","SI"
545,1,194,"GM","SI"
86,2,194,"GM","SI"
28,34,194,"GM","SI"
49,7,194,"GM","SI"
10,7,194,"GM","SI"
25,15,194,"GM","SI"
4,8,194,"GM","SI"
17,6,194,"GM","SI"
71,4,194,"GM","SI"
254,1,194,"GM","SI"
13,4,194,"GM","SI"
80,7,194,"GM","SI"
44,32,194,"GM","SI"
11,32,194,"GM","SI"
57,8,194,"GM","SI"
76,7,194,"GM","SI"
48,8,194,"GM","SI"
63,6,194,"GM","SI"
64,15,194,"GM","SI"
75,5,194,"GM","SI"
45,8,194,"GM","SI"
62,7,194,"GM","SI"
48,8,194,"GM","SI"
12,12,194,"GM","SI"
77,20,194,"GM","SI"
61,36,194,"GM","SI"
47,9,194,"GM","SI"
17,6,194,"GM","SI"
77,20,194,"GM","SI"
78,13,194,"GM","SI"
38,6,194,"GM","SI"
530,2,195,"GM","SI"
7,10,195,"GM","SI"
548,1,195,"GM","SI"
28,34,195,"GM","SI"
14,29,195,"GM","SI"
26,69,195,"GM","SI"
64,15,195,"GM","SI"
51,2,195,"GM","SI"
62,7,195,"GM","SI"
48,8,195,"GM","SI"
91,7,195,"GM","SI"
30,2,195,"GM","SI"
14,29,195,"GM","SI"
33,13,195,"GM","SI"
41,1,195,"GM","SI"
25,15,195,"GM","SI"
57,8,195,"GM","SI"
17,6,195,"GM","SI"
20,6,195,"GM","SI"
67,12,195,"GM","SI"
36,5,195,"GM","SI"
2,6,195,"GM","SI"
4,8,195,"GM","SI"
23,6,195,"GM","SI"
545,1,195,"GM","SI"
82,1,195,"GM","SI"
77,20,195,"GM","SI"
7,10,195,"GM","SI"
19,10,195,"GM","SI"
45,8,195,"GM","SI"
45,8,195,"GM","SI"
64,15,195,"GM","SI"
78,13,195,"GM","SI"
47,9,195,"GM","SI"
254,1,195,"GM","SI"
67,12,195,"GM","SI"
78,13,195,"GM","SI"
12,12,195,"GM","SI"
62,7,196,"GM","SI"
67,12,196,"GM","SI"
19,10,196,"GM","SI"
12,12,196,"GM","SI"
26,69,196,"GM","SI"
27,3,196,"GM","SI"
72,7,196,"GM","SI"
32,14,196,"GM","SI"
86,2,196,"GM","SI"
28,34,196,"GM","SI"
59,5,196,"GM","SI"
33,13,196,"GM","SI"
13,4,196,"GM","SI"
19,10,196,"GM","SI"
38,6,196,"GM","SI"
64,15,196,"GM","SI"
5,7,196,"GM","SI"
67,12,196,"GM","SI"
33,13,196,"GM","SI"
82,1,196,"GM","SI"
57,8,196,"GM","SI"
71,4,196,"GM","SI"
61,36,196,"GM","SI"
530,2,196,"GM","SI"
4,8,196,"GM","SI"
54,12,196,"GM","SI"
45,8,196,"GM","SI"
163,1,196,"GM","SI"
7,10,196,"GM","SI"
548,1,196,"GM","SI"
13,4,196,"GM","SI"
17,6,196,"GM","SI"
48,8,196,"GM","SI"
26,69,196,"GM","SI"
80,7,196,"GM","SI"
16,5,196,"GM","SI"
5,7,196,"GM","SI"
30,2,196,"GM","SI"
11,32,197,"GM","SI"
254,1,197,"GM","SI"
7,10,197,"GM","SI"
48,8,197,"GM","SI"
71,4,197,"GM","SI"
27,3,197,"GM","SI"
38,6,197,"GM","SI"
25,15,197,"GM","SI"
26,69,197,"GM","SI"
57,8,197,"GM","SI"
549,1,197,"GM","SI"
2,6,197,"GM","SI"
86,2,197,"GM","SI"
28,34,197,"GM","SI"
13,4,197,"GM","SI"
17,6,197,"GM","SI"
167,1,197,"GM","SI"
12,12,197,"GM","SI"
14,29,197,"GM","SI"
163,1,197,"GM","SI"
82,1,197,"GM","SI"
77,20,197,"GM","SI"
7,10,197,"GM","SI"
78,13,197,"GM","SI"
38,6,197,"GM","SI"
45,8,197,"GM","SI"
63,6,197,"GM","SI"
76,7,197,"GM","SI"
61,36,197,"GM","SI"
5,7,197,"GM","SI"
47,9,197,"GM","SI"
11,32,197,"GM","SI"
3,3,197,"GM","SI"
36,5,197,"GM","SI"
80,7,197,"GM","SI"
23,6,197,"GM","SI"
75,5,197,"GM","SI"
45,8,197,"GM","SI"
75,5,198,"GM","SI"
20,6,198,"GM","SI"
49,7,198,"GM","SI"
54,12,198,"GM","SI"
26,69,198,"GM","SI"
86,2,198,"GM","SI"
11,32,198,"GM","SI"
36,5,198,"GM","SI"
32,14,198,"GM","SI"
548,1,198,"GM","SI"
51,2,198,"GM","SI"
61,36,198,"GM","SI"
80,7,198,"GM","SI"
48,8,198,"GM","SI"
77,20,198,"GM","SI"
14,29,198,"GM","SI"
80,7,198,"GM","SI"
38,6,198,"GM","SI"
78,13,198,"GM","SI"
38,6,198,"GM","SI"
11,32,198,"GM","SI"
12,12,198,"GM","SI"
545,1,198,"GM","SI"
76,7,198,"GM","SI"
77,20,198,"GM","SI"
7,10,198,"GM","SI"
5,7,198,"GM","SI"
59,5,198,"GM","SI"
530,2,198,"GM","SI"
2,6,198,"GM","SI"
45,8,198,"GM","SI"
47,9,198,"GM","SI"
41,1,198,"GM","SI"
254,1,198,"GM","SI"
16,5,198,"GM","SI"
44,32,198,"GM","SI"
72,7,198,"GM","SI"
10,7,198,"GM","SI"
26,69,199,"GM","SI"
2,6,199,"GM","SI"
7,10,199,"GM","SI"
91,7,199,"GM","SI"
86,2,199,"GM","SI"
28,34,199,"GM","SI"
13,4,199,"GM","SI"
67,12,199,"GM","SI"
12,12,199,"GM","SI"
48,8,199,"GM","SI"
75,5,199,"GM","SI"
20,6,199,"GM","SI"
32,14,199,"GM","SI"
77,20,199,"GM","SI"
49,7,199,"GM","SI"
44,32,199,"GM","SI"
530,2,199,"GM","SI"
163,1,199,"GM","SI"
16,5,199,"GM","SI"
62,7,199,"GM","SI"
72,7,199,"GM","SI"
7,10,199,"GM","SI"
78,13,199,"GM","SI"
17,6,199,"GM","SI"
23,6,199,"GM","SI"
19,10,199,"GM","SI"
28,34,199,"GM","SI"
44,32,199,"GM","SI"
48,8,199,"GM","SI"
82,1,199,"GM","SI"
80,7,199,"GM","SI"
41,1,199,"GM","SI"
5,7,199,"GM","SI"
36,5,199,"GM","SI"
76,7,199,"GM","SI"
57,8,199,"GM","SI"
51,2,199,"GM","SI"
11,32,199,"GM","SI"
76,7,200,"GM","SI"
57,8,200,"GM","SI"
67,12,200,"GM","SI"
32,14,200,"GM","SI"
48,8,200,"GM","SI"
17,6,200,"GM","SI"
16,5,200,"GM","SI"
80,7,200,"GM","SI"
32,14,200,"GM","SI"
33,13,200,"GM","SI"
77,20,200,"GM","SI"
4,8,200,"GM","SI"
19,10,200,"GM","SI"
78,13,200,"GM","SI"
86,2,200,"GM","SI"
28,34,200,"GM","SI"
75,5,200,"GM","SI"
54,12,200,"GM","SI"
72,7,200,"GM","SI"
3,3,200,"GM","SI"
530,2,200,"GM","SI"
14,29,200,"GM","SI"
5,7,200,"GM","SI"
19,10,200,"GM","SI"
64,15,200,"GM","SI"
61,36,200,"GM","SI"
27,3,200,"GM","SI"
7,10,200,"GM","SI"
14,29,200,"GM","SI"
48,8,200,"GM","SI"
545,1,200,"GM","SI"
44,32,200,"GM","SI"
10,7,200,"GM","SI"
33,13,200,"GM","SI"
2,6,200,"GM","SI"
59,5,200,"GM","SI"
17,6,200,"GM","SI"
64,15,200,"GM","SI"
167,1,201,"GM","SI"
38,6,201,"GM","SI"
3,3,201,"GM","SI"
7,10,201,"GM","SI"
549,1,201,"GM","SI"
77,20,201,"GM","SI"
77,20,201,"GM","SI"
163,1,201,"GM","SI"
7,10,201,"GM","SI"
78,13,201,"GM","SI"
12,12,201,"GM","SI"
25,15,201,"GM","SI"
76,7,201,"GM","SI"
28,34,201,"GM","SI"
16,5,201,"GM","SI"
62,7,201,"GM","SI"
78,13,201,"GM","SI"
80,7,201,"GM","SI"
548,1,201,"GM","SI"
19,10,201,"GM","SI"
11,32,201,"GM","SI"
76,7,201,"GM","SI"
75,5,201,"GM","SI"
254,1,201,"GM","SI"
67,12,201,"GM","SI"
17,6,201,"GM","SI"
44,32,201,"GM","SI"
48,8,201,"GM","SI"
17,6,201,"GM","SI"
51,2,201,"GM","SI"
10,7,201,"GM","SI"
44,32,201,"GM","SI"
45,8,201,"GM","SI"
26,69,201,"GM","SI"
67,12,201,"GM","SI"
23,6,201,"GM","SI"
36,5,201,"GM","SI"
49,7,201,"GM","SI"
48,8,202,"GM","SI"
20,6,202,"GM","SI"
72,7,202,"GM","SI"
61,36,202,"GM","SI"
26,69,202,"GM","SI"
33,13,202,"GM","SI"
64,15,202,"GM","SI"
10,7,202,"GM","SI"
91,7,202,"GM","SI"
549,1,202,"GM","SI"
254,1,202,"GM","SI"
530,2,202,"GM","SI"
14,29,202,"GM","SI"
28,34,202,"GM","SI"
47,9,202,"GM","SI"
67,12,202,"GM","SI"
19,10,202,"GM","SI"
4,8,202,"GM","SI"
82,1,202,"GM","SI"
12,12,202,"GM","SI"
38,6,202,"GM","SI"
36,5,202,"GM","SI"
76,7,202,"GM","SI"
38,6,202,"GM","SI"
7,10,202,"GM","SI"
167,1,202,"GM","SI"
13,4,202,"GM","SI"
78,13,202,"GM","SI"
33,13,202,"GM","SI"
13,4,202,"GM","SI"
48,8,202,"GM","SI"
45,8,202,"GM","SI"
86,2,202,"GM","SI"
78,13,202,"GM","SI"
51,2,202,"GM","SI"
58,5,202,"GM","SI"
12,12,202,"GM","SI"
11,32,202,"GM","SI"
30,2,203,"GM","SI"
77,20,203,"GM","SI"
32,14,203,"GM","SI"
20,6,203,"GM","SI"
48,8,203,"GM","SI"
75,5,203,"GM","SI"
91,7,203,"GM","SI"
548,1,203,"GM","SI"
41,1,203,"GM","SI"
3,3,203,"GM","SI"
64,15,203,"GM","SI"
549,1,203,"GM","SI"
62,7,203,"GM","SI"
76,7,203,"GM","SI"
13,4,203,"GM","SI"
86,2,203,"GM","SI"
16,5,203,"GM","SI"
10,7,203,"GM","SI"
38,6,203,"GM","SI"
27,3,203,"GM","SI"
80,7,203,"GM","SI"
57,8,203,"GM","SI"
71,4,203,"GM","SI"
26,69,203,"GM","SI"
530,2,203,"GM","SI"
82,1,203,"GM","SI"
61,36,203,"GM","SI"
11,32,203,"GM","SI"
59,5,203,"GM","SI"
58,5,203,"GM","SI"
78,13,203,"GM","SI"
67,12,203,"GM","SI"
48,8,203,"GM","SI"
19,10,203,"GM","SI"
19,10,203,"GM","SI"
45,8,203,"GM","SI"
11,32,203,"GM","SI"
28,34,203,"GM","SI"
62,7,204,"GM","SI"
32,14,204,"GM","SI"
10,7,204,"GM","SI"
25,15,204,"GM","SI"
4,8,204,"GM","SI"
16,5,204,"GM","SI"
75,5,204,"GM","SI"
3,3,204,"GM","SI"
45,8,204,"GM","SI"
71,4,204,"GM","SI"
36,5,204,"GM","SI"
5,7,204,"GM","SI"
13,4,204,"GM","SI"
33,13,204,"GM","SI"
19,10,204,"GM","SI"
28,34,204,"GM","SI"
254,1,204,"GM","SI"
7,10,204,"GM","SI"
7,10,204,"GM","SI"
78,13,204,"GM","SI"
49,7,204,"GM","SI"
44,32,204,"GM","SI"
67,12,204,"GM","SI"
64,15,204,"GM","SI"
14,29,204,"GM","SI"
82,1,204,"GM","SI"
549,1,204,"GM","SI"
77,20,204,"GM","SI"
80,7,204,"GM","SI"
27,3,204,"GM","SI"
17,6,204,"GM","SI"
12,12,204,"GM","SI"
14,29,204,"GM","SI"
54,12,204,"GM","SI"
19,10,204,"GM","SI"
76,7,204,"GM","SI"
44,32,204,"GM","SI"
5,7,204,"GM","SI"
41,1,205,"GM","SI"
86,2,205,"GM","SI"
72,7,205,"GM","SI"
30,2,205,"GM","SI"
167,1,205,"GM","SI"
64,15,205,"GM","SI"
61,36,205,"GM","SI"
38,6,205,"GM","SI"
11,32,205,"GM","SI"
13,4,205,"GM","SI"
54,12,205,"GM","SI"
58,5,205,"GM","SI"
19,10,205,"GM","SI"
77,20,205,"GM","SI"
32,14,205,"GM","SI"
254,1,205,"GM","SI"
51,2,205,"GM","SI"
530,2,205,"GM","SI"
549,1,205,"GM","SI"
548,1,205,"GM","SI"
25,15,205,"GM","SI"
91,7,205,"GM","SI"
76,7,205,"GM","SI"
75,5,205,"GM","SI"
26,69,205,"GM","SI"
14,29,205,"GM","SI"
38,6,205,"GM","SI"
62,7,205,"GM","SI"
11,32,205,"GM","SI"
44,32,205,"GM","SI"
17,6,205,"GM","SI"
36,5,205,"GM","SI"
77,20,205,"GM","SI"
78,13,205,"GM","SI"
45,8,205,"GM","SI"
64,15,205,"GM","SI"
17,6,205,"GM","SI"
4,8,205,"GM","SI"
64,15,206,"GM","SI"
32,14,206,"GM","SI"
61,36,206,"GM","SI"
11,32,206,"GM","SI"
38,6,206,"GM","SI"
86,2,206,"GM","SI"
14,29,206,"GM","SI"
44,32,206,"GM","SI"
20,6,206,"GM","SI"
64,15,206,"GM","SI"
163,1,206,"GM","SI"
26,69,206,"GM","SI"
78,13,206,"GM","SI"
36,5,206,"GM","SI"
67,12,206,"GM","SI"
7,10,206,"GM","SI"
167,1,206,"GM","SI"
530,2,206,"GM","SI"
57,8,206,"GM","SI"
32,14,206,"GM","SI"
77,20,206,"GM","SI"
28,34,206,"GM","SI"
19,10,206,"GM","SI"
254,1,206,"GM","SI"
44,32,206,"GM","SI"
71,4,206,"GM","SI"
17,6,206,"GM","SI"
59,5,206,"GM","SI"
4,8,206,"GM","SI"
51,2,206,"GM","SI"
76,7,206,"GM","SI"
2,6,206,"GM","SI"
545,1,206,"GM","SI"
72,7,206,"GM","SI"
30,2,206,"GM","SI"
76,7,206,"GM","SI"
549,1,206,"GM","SI"
80,7,206,"GM","SI"
54,12,207,"GM","SI"
38,6,207,"GM","SI"
78,13,207,"GM","SI"
14,29,207,"GM","SI"
67,12,207,"GM","SI"
64,15,207,"GM","SI"
30,2,207,"GM","SI"
548,1,207,"GM","SI"
530,2,207,"GM","SI"
82,1,207,"GM","SI"
38,6,207,"GM","SI"
4,8,207,"GM","SI"
44,32,207,"GM","SI"
36,5,207,"GM","SI"
32,14,207,"GM","SI"
33,13,207,"GM","SI"
57,8,207,"GM","SI"
91,7,207,"GM","SI"
59,5,207,"GM","SI"
76,7,207,"GM","SI"
163,1,207,"GM","SI"
76,7,207,"GM","SI"
58,5,207,"GM","SI"
17,6,207,"GM","SI"
64,15,207,"GM","SI"
45,8,207,"GM","SI"
63,6,207,"GM","SI"
7,10,207,"GM","SI"
545,1,207,"GM","SI"
80,7,207,"GM","SI"
12,12,207,"GM","SI"
33,13,207,"GM","SI"
61,36,207,"GM","SI"
14,29,207,"GM","SI"
7,10,207,"GM","SI"
549,1,207,"GM","SI"
16,5,207,"GM","SI"
20,6,207,"GM","SI"
13,4,208,"GM","SI"
17,6,208,"GM","SI"
48,8,208,"GM","SI"
47,9,208,"GM","SI"
62,7,208,"GM","SI"
19,10,208,"GM","SI"
549,1,208,"GM","SI"
78,13,208,"GM","SI"
61,36,208,"GM","SI"
530,2,208,"GM","SI"
28,34,208,"GM","SI"
163,1,208,"GM","SI"
77,20,208,"GM","SI"
45,8,208,"GM","SI"
44,32,208,"GM","SI"
58,5,208,"GM","SI"
82,1,208,"GM","SI"
16,5,208,"GM","SI"
51,2,208,"GM","SI"
25,15,208,"GM","SI"
45,8,208,"GM","SI"
7,10,208,"GM","SI"
254,1,208,"GM","SI"
167,1,208,"GM","SI"
12,12,208,"GM","SI"
28,34,208,"GM","SI"
38,6,208,"GM","SI"
86,2,208,"GM","SI"
78,13,208,"GM","SI"
41,1,208,"GM","SI"
44,32,208,"GM","SI"
64,15,208,"GM","SI"
548,1,208,"GM","SI"
33,13,208,"GM","SI"
63,6,208,"GM","SI"
67,12,208,"GM","SI"
72,7,208,"GM","SI"
48,8,208,"GM","SI"
64,15,209,"GM","SI"
17,6,209,"GM","SI"
254,1,209,"GM","SI"
67,12,209,"GM","SI"
57,8,209,"GM","SI"
2,6,209,"GM","SI"
32,14,209,"GM","SI"
38,6,209,"GM","SI"
26,69,209,"GM","SI"
67,12,209,"GM","SI"
77,20,209,"GM","SI"
78,13,209,"GM","SI"
11,32,209,"GM","SI"
549,1,209,"GM","SI"
33,13,209,"GM","SI"
19,10,209,"GM","SI"
48,8,209,"GM","SI"
72,7,209,"GM","SI"
51,2,209,"GM","SI"
27,3,209,"GM","SI"
76,7,209,"GM","SI"
28,34,209,"GM","SI"
82,1,209,"GM","SI"
19,10,209,"GM","SI"
26,69,209,"GM","SI"
163,1,209,"GM","SI"
12,12,209,"GM","SI"
10,7,209,"GM","SI"
28,34,209,"GM","SI"
13,4,209,"GM","SI"
45,8,209,"GM","SI"
11,32,209,"GM","SI"
32,14,209,"GM","SI"
7,10,209,"GM","SI"
167,1,209,"GM","SI"
7,10,209,"GM","SI"
30,2,209,"GM","SI"
59,5,209,"GM","SI"
28,34,210,"GM","SI"
48,8,210,"GM","SI"
14,29,210,"GM","SI"
57,8,210,"GM","SI"
58,5,210,"GM","SI"
12,12,210,"GM","SI"
77,20,210,"GM","SI"
67,12,210,"GM","SI"
2,6,210,"GM","SI"
25,15,210,"GM","SI"
38,6,210,"GM","SI"
72,7,210,"GM","SI"
26,69,210,"GM","SI"
254,1,210,"GM","SI"
23,6,210,"GM","SI"
44,32,210,"GM","SI"
61,36,210,"GM","SI"
163,1,210,"GM","SI"
7,10,210,"GM","SI"
80,7,210,"GM","SI"
80,7,210,"GM","SI"
11,32,210,"GM","SI"
7,10,210,"GM","SI"
76,7,210,"GM","SI"
17,6,210,"GM","SI"
64,15,210,"GM","SI"
51,2,210,"GM","SI"
11,32,210,"GM","SI"
41,1,210,"GM","SI"
30,2,210,"GM","SI"
17,6,210,"GM","SI"
27,3,210,"GM","SI"
19,10,210,"GM","SI"
45,8,210,"GM","SI"
59,5,210,"GM","SI"
62,7,210,"GM","SI"
19,10,210,"GM","SI"
33,13,210,"GM","SI"
33,13,211,"GM","SI"
530,2,211,"GM","SI"
57,8,211,"GM","SI"
254,1,211,"GM","SI"
59,5,211,"GM","SI"
48,8,211,"GM","SI"
77,20,211,"GM","SI"
54,12,211,"GM","SI"
23,6,211,"GM","SI"
49,7,211,"GM","SI"
17,6,211,"GM","SI"
28,34,211,"GM","SI"
51,2,211,"GM","SI"
78,13,211,"GM","SI"
30,2,211,"GM","SI"
548,1,211,"GM","SI"
17,6,211,"GM","SI"
5,7,211,"GM","SI"
77,20,211,"GM","SI"
86,2,211,"GM","SI"
76,7,211,"GM","SI"
67,12,211,"GM","SI"
82,1,211,"GM","SI"
4,8,211,"GM","SI"
20,6,211,"GM","SI"
76,7,211,"GM","SI"
71,4,211,"GM","SI"
2,6,211,"GM","SI"
63,6,211,"GM","SI"
67,12,211,"GM","SI"
19,10,211,"GM","SI"
13,4,211,"GM","SI"
549,1,211,"GM","SI"
91,7,211,"GM","SI"
163,1,211,"GM","SI"
25,15,211,"GM","SI"
26,69,211,"GM","SI"
14,29,211,"GM","SI"
76,7,212,"GM","SI"
30,2,212,"GM","SI"
254,1,212,"GM","SI"
91,7,212,"GM","SI"
12,12,212,"GM","SI"
545,1,212,"GM","SI"
19,10,212,"GM","SI"
549,1,212,"GM","SI"
72,7,212,"GM","SI"
16,5,212,"GM","SI"
67,12,212,"GM","SI"
57,8,212,"GM","SI"
13,4,212,"GM","SI"
78,13,212,"GM","SI"
49,7,212,"GM","SI"
33,13,212,"GM","SI"
48,8,212,"GM","SI"
82,1,212,"GM","SI"
45,8,212,"GM","SI"
10,7,212,"GM","SI"
548,1,212,"GM","SI"
38,6,212,"GM","SI"
51,2,212,"GM","SI"
19,10,212,"GM","SI"
77,20,212,"GM","SI"
5,7,212,"GM","SI"
44,32,212,"GM","SI"
20,6,212,"GM","SI"
80,7,212,"GM","SI"
11,32,212,"GM","SI"
12,12,212,"GM","SI"
25,15,212,"GM","SI"
163,1,212,"GM","SI"
14,29,212,"GM","SI"
63,6,212,"GM","SI"
26,69,212,"GM","SI"
167,1,212,"GM","SI"
33,13,212,"GM","SI"
11,32,213,"GM","SI"
33,13,213,"GM","SI"
78,13,213,"GM","SI"
19,10,213,"GM","SI"
26,69,213,"GM","SI"
33,13,213,"GM","SI"
13,4,213,"GM","SI"
27,3,213,"GM","SI"
36,5,213,"GM","SI"
49,7,213,"GM","SI"
67,12,213,"GM","SI"
2,6,213,"GM","SI"
58,5,213,"GM","SI"
32,14,213,"GM","SI"
86,2,213,"GM","SI"
25,15,213,"GM","SI"
38,6,213,"GM","SI"
48,8,213,"GM","SI"
17,6,213,"GM","SI"
75,5,213,"GM","SI"
62,7,213,"GM","SI"
32,14,213,"GM","SI"
167,1,213,"GM","SI"
44,32,213,"GM","SI"
16,5,213,"GM","SI"
28,34,213,"GM","SI"
14,29,213,"GM","SI"
10,7,213,"GM","SI"
67,12,213,"GM","SI"
54,12,213,"GM","SI"
7,10,213,"GM","SI"
77,20,213,"GM","SI"
17,6,213,"GM","SI"
82,1,213,"GM","SI"
549,1,213,"GM","SI"
80,7,213,"GM","SI"
5,7,213,"GM","SI"
76,7,213,"GM","SI"
67,12,214,"GM","SI"
80,7,214,"GM","SI"
33,13,214,"GM","SI"
167,1,214,"GM","SI"
48,8,214,"GM","SI"
10,7,214,"GM","SI"
27,3,214,"GM","SI"
45,8,214,"GM","SI"
3,3,214,"GM","SI"
32,14,214,"GM","SI"
23,6,214,"GM","SI"
19,10,214,"GM","SI"
67,12,214,"GM","SI"
86,2,214,"GM","SI"
530,2,214,"GM","SI"
5,7,214,"GM","SI"
78,13,214,"GM","SI"
13,4,214,"GM","SI"
77,20,214,"GM","SI"
13,4,214,"GM","SI"
57,8,214,"GM","SI"
163,1,214,"GM","SI"
5,7,214,"GM","SI"
49,7,214,"GM","SI"
16,5,214,"GM","SI"
4,8,214,"GM","SI"
14,29,214,"GM","SI"
80,7,214,"GM","SI"
26,69,214,"GM","SI"
78,13,214,"GM","SI"
28,34,214,"GM","SI"
254,1,214,"GM","SI"
549,1,214,"GM","SI"
19,10,214,"GM","SI"
45,8,214,"GM","SI"
76,7,214,"GM","SI"
41,1,214,"GM","SI"
75,5,214,"GM","SI"
59,5,215,"GM","SI"
530,2,215,"GM","SI"
16,5,215,"GM","SI"
5,7,215,"GM","SI"
63,6,215,"GM","SI"
38,6,215,"GM","SI"
254,1,215,"GM","SI"
26,69,215,"GM","SI"
45,8,215,"GM","SI"
76,7,215,"GM","SI"
2,6,215,"GM","SI"
51,2,215,"GM","SI"
12,12,215,"GM","SI"
11,32,215,"GM","SI"
76,7,215,"GM","SI"
54,12,215,"GM","SI"
80,7,215,"GM","SI"
64,15,215,"GM","SI"
12,12,215,"GM","SI"
3,3,215,"GM","SI"
17,6,215,"GM","SI"
72,7,215,"GM","SI"
7,10,215,"GM","SI"
549,1,215,"GM","SI"
48,8,215,"GM","SI"
20,6,215,"GM","SI"
47,9,215,"GM","SI"
30,2,215,"GM","SI"
67,12,215,"GM","SI"
78,13,215,"GM","SI"
10,7,215,"GM","SI"
71,4,215,"GM","SI"
548,1,215,"GM","SI"
32,14,215,"GM","SI"
7,10,215,"GM","SI"
67,12,215,"GM","SI"
44,32,215,"GM","SI"
28,34,215,"GM","SI"
17,6,216,"GM","SI"
530,2,216,"GM","SI"
28,34,216,"GM","SI"
25,15,216,"GM","SI"
11,32,216,"GM","SI"
7,10,216,"GM","SI"
78,13,216,"GM","SI"
4,8,216,"GM","SI"
38,6,216,"GM","SI"
77,20,216,"GM","SI"
11,32,216,"GM","SI"
71,4,216,"GM","SI"
30,2,216,"GM","SI"
64,15,216,"GM","SI"
28,34,216,"GM","SI"
5,7,216,"GM","SI"
26,69,216,"GM","SI"
163,1,216,"GM","SI"
54,12,216,"GM","SI"
80,7,216,"GM","SI"
3,3,216,"GM","SI"
58,5,216,"GM","SI"
67,12,216,"GM","SI"
254,1,216,"GM","SI"
44,32,216,"GM","SI"
41,1,216,"GM","SI"
64,15,216,"GM","SI"
23,6,216,"GM","SI"
545,1,216,"GM","SI"
17,6,216,"GM","SI"
44,32,216,"GM","SI"
63,6,216,"GM","SI"
57,8,216,"GM","SI"
38,6,216,"GM","SI"
549,1,216,"GM","SI"
82,1,216,"GM","SI"
26,69,216,"GM","SI"
75,5,216,"GM","SI"
58,5,217,"GM","SI"
80,7,217,"GM","SI"
16,5,217,"GM","SI"
45,8,217,"GM","SI"
167,1,217,"GM","SI"
23,6,217,"GM","SI"
71,4,217,"GM","SI"
12,12,217,"GM","SI"
545,1,217,"GM","SI"
5,7,217,"GM","SI"
77,20,217,"GM","SI"
28,34,217,"GM","SI"
47,9,217,"GM","SI"
72,7,217,"GM","SI"
5,7,217,"GM","SI"
26,69,217,"GM","SI"
32,14,217,"GM","SI"
530,2,217,"GM","SI"
91,7,217,"GM","SI"
44,32,217,"GM","SI"
12,12,217,"GM","SI"
64,15,217,"GM","SI"
4,8,217,"GM","SI"
44,32,217,"GM","SI"
86,2,217,"GM","SI"
11,32,217,"GM","SI"
76,7,217,"GM","SI"
17,6,217,"GM","SI"
59,5,217,"GM","SI"
67,12,217,"GM","SI"
33,13,217,"GM","SI"
7,10,217,"GM","SI"
2,6,217,"GM","SI"
67,12,217,"GM","SI"
26,69,217,"GM","SI"
75,5,217,"GM","SI"
20,6,217,"GM","SI"
17,6,217,"GM","SI"
23,6,218,"GM","SI"
64,15,218,"GM","SI"
5,7,218,"GM","SI"
3,3,218,"GM","SI"
13,4,218,"GM","SI"
45,8,218,"GM","SI"
48,8,218,"GM","SI"
548,1,218,"GM","SI"
77,20,218,"GM","SI"
5,7,218,"GM","SI"
11,32,218,"GM","SI"
549,1,218,"GM","SI"
167,1,218,"GM","SI"
26,69,218,"GM","SI"
80,7,218,"GM","SI"
2,6,218,"GM","SI"
545,1,218,"GM","SI"
80,7,218,"GM","SI"
33,13,218,"GM","SI"
163,1,218,"GM","SI"
67,12,218,"GM","SI"
12,12,218,"GM","SI"
38,6,218,"GM","SI"
63,6,218,"GM","SI"
38,6,218,"GM","SI"
10,7,218,"GM","SI"
57,8,218,"GM","SI"
28,34,218,"GM","SI"
25,15,218,"GM","SI"
17,6,218,"GM","SI"
61,36,218,"GM","SI"
30,2,218,"GM","SI"
36,5,218,"GM","SI"
67,12,218,"GM","SI"
27,3,218,"GM","SI"
26,69,218,"GM","SI"
72,7,218,"GM","SI"
17,6,218,"GM","SI"
17,6,219,"GM","SI"
64,15,219,"GM","SI"
14,29,219,"GM","SI"
36,5,219,"GM","SI"
11,32,219,"GM","SI"
32,14,219,"GM","SI"
59,5,219,"GM","SI"
67,12,219,"GM","SI"
26,69,219,"GM","SI"
11,32,219,"GM","SI"
13,4,219,"GM","SI"
28,34,219,"GM","SI"
28,34,219,"GM","SI"
13,4,219,"GM","SI"
86,2,219,"GM","SI"
26,69,219,"GM","SI"
82,1,219,"GM","SI"
63,6,219,"GM","SI"
10,7,219,"GM","SI"
76,7,219,"GM","SI"
20,6,219,"GM","SI"
5,7,219,"GM","SI"
38,6,219,"GM","SI"
530,2,219,"GM","SI"
76,7,219,"GM","SI"
5,7,219,"GM","SI"
19,10,219,"GM","SI"
49,7,219,"GM","SI"
7,10,219,"GM","SI"
23,6,219,"GM","SI"
80,7,219,"GM","SI"
167,1,219,"GM","SI"
254,1,219,"GM","SI"
163,1,219,"GM","SI"
78,13,219,"GM","SI"
75,5,219,"GM","SI"
4,8,219,"GM","SI"
33,13,219,"GM","SI"
75,5,220,"GM","SI"
5,7,220,"GM","SI"
38,6,220,"GM","SI"
76,7,220,"GM","SI"
76,7,220,"GM","SI"
13,4,220,"GM","SI"
254,1,220,"GM","SI"
47,9,220,"GM","SI"
28,34,220,"GM","SI"
10,7,220,"GM","SI"
49,7,220,"GM","SI"
72,7,220,"GM","SI"
64,15,220,"GM","SI"
67,12,220,"GM","SI"
2,6,220,"GM","SI"
32,14,220,"GM","SI"
17,6,220,"GM","SI"
14,29,220,"GM","SI"
32,14,220,"GM","SI"
549,1,220,"GM","SI"
163,1,220,"GM","SI"
78,13,220,"GM","SI"
61,36,220,"GM","SI"
48,8,220,"GM","SI"
14,29,220,"GM","SI"
86,2,220,"GM","SI"
5,7,220,"GM","SI"
19,10,220,"GM","SI"
13,4,220,"GM","SI"
167,1,220,"GM","SI"
48,8,220,"GM","SI"
548,1,220,"GM","SI"
33,13,220,"GM","SI"
51,2,220,"GM","SI"
64,15,220,"GM","SI"
25,15,220,"GM","SI"
44,32,220,"GM","SI"
80,7,220,"GM","SI"
72,7,221,"GM","SI"
163,1,221,"GM","SI"
62,7,221,"GM","SI"
91,7,221,"GM","SI"
26,69,221,"GM","SI"
77,20,221,"GM","SI"
4,8,221,"GM","SI"
75,5,221,"GM","SI"
76,7,221,"GM","SI"
25,15,221,"GM","SI"
12,12,221,"GM","SI"
61,36,221,"GM","SI"
254,1,221,"GM","SI"
45,8,221,"GM","SI"
71,4,221,"GM","SI"
80,7,221,"GM","SI"
67,12,221,"GM","SI"
20,6,221,"GM","SI"
26,69,221,"GM","SI"
28,34,221,"GM","SI"
23,6,221,"GM","SI"
17,6,221,"GM","SI"
27,3,221,"GM","SI"
12,12,221,"GM","SI"
32,14,221,"GM","SI"
86,2,221,"GM","SI"
14,29,221,"GM","SI"
17,6,221,"GM","SI"
10,7,221,"GM","SI"
13,4,221,"GM","SI"
45,8,221,"GM","SI"
80,7,221,"GM","SI"
7,10,221,"GM","SI"
530,2,221,"GM","SI"
67,12,221,"GM","SI"
78,13,221,"GM","SI"
57,8,221,"GM","SI"
3,3,221,"GM","SI"
78,13,222,"GM","SI"
48,8,222,"GM","SI"
5,7,222,"GM","SI"
14,29,222,"GM","SI"
58,5,222,"GM","SI"
67,12,222,"GM","SI"
61,36,222,"GM","SI"
91,7,222,"GM","SI"
27,3,222,"GM","SI"
28,34,222,"GM","SI"
33,13,222,"GM","SI"
2,6,222,"GM","SI"
86,2,222,"GM","SI"
77,20,222,"GM","SI"
19,10,222,"GM","SI"
44,32,222,"GM","SI"
23,6,222,"GM","SI"
32,14,222,"GM","SI"
17,6,222,"GM","SI"
548,1,222,"GM","SI"
28,34,222,"GM","SI"
7,10,222,"GM","SI"
62,7,222,"GM","SI"
49,7,222,"GM","SI"
14,29,222,"GM","SI"
41,1,222,"GM","SI"
63,6,222,"GM","SI"
76,7,222,"GM","SI"
64,15,222,"GM","SI"
67,12,222,"GM","SI"
13,4,222,"GM","SI"
75,5,222,"GM","SI"
3,3,222,"GM","SI"
80,7,222,"GM","SI"
26,69,222,"GM","SI"
16,5,222,"GM","SI"
12,12,222,"GM","SI"
11,32,222,"GM","SI"
5,7,223,"GM","SI"
75,5,223,"GM","SI"
10,7,223,"GM","SI"
61,36,223,"GM","SI"
41,1,223,"GM","SI"
48,8,223,"GM","SI"
33,13,223,"GM","SI"
19,10,223,"GM","SI"
12,12,223,"GM","SI"
16,5,223,"GM","SI"
64,15,223,"GM","SI"
17,6,223,"GM","SI"
71,4,223,"GM","SI"
28,34,223,"GM","SI"
5,7,223,"GM","SI"
82,1,223,"GM","SI"
7,10,223,"GM","SI"
549,1,223,"GM","SI"
254,1,223,"GM","SI"
44,32,223,"GM","SI"
12,12,223,"GM","SI"
45,8,223,"GM","SI"
67,12,223,"GM","SI"
80,7,223,"GM","SI"
19,10,223,"GM","SI"
45,8,223,"GM","SI"
59,5,223,"GM","SI"
26,69,223,"GM","SI"
78,13,223,"GM","SI"
38,6,223,"GM","SI"
3,3,223,"GM","SI"
167,1,223,"GM","SI"
28,34,223,"GM","SI"
76,7,223,"GM","SI"
76,7,223,"GM","SI"
77,20,223,"GM","SI"
25,15,223,"GM","SI"
32,14,223,"GM","SI"
64,15,224,"GM","SI"
12,12,224,"GM","SI"
41,1,224,"GM","SI"
59,5,224,"GM","SI"
36,5,224,"GM","SI"
17,6,224,"GM","SI"
47,9,224,"GM","SI"
14,29,224,"GM","SI"
78,13,224,"GM","SI"
545,1,224,"GM","SI"
32,14,224,"GM","SI"
78,13,224,"GM","SI"
71,4,224,"GM","SI"
82,1,224,"GM","SI"
45,8,224,"GM","SI"
11,32,224,"GM","SI"
64,15,224,"GM","SI"
4,8,224,"GM","SI"
7,10,224,"GM","SI"
12,12,224,"GM","SI"
67,12,224,"GM","SI"
76,7,224,"GM","SI"
80,7,224,"GM","SI"
14,29,224,"GM","SI"
3,3,224,"GM","SI"
11,32,224,"GM","SI"
76,7,224,"GM","SI"
5,7,224,"GM","SI"
25,15,224,"GM","SI"
58,5,224,"GM","SI"
45,8,224,"GM","SI"
30,2,224,"GM","SI"
26,69,224,"GM","SI"
62,7,224,"GM","SI"
13,4,224,"GM","SI"
23,6,224,"GM","SI"
16,5,224,"GM","SI"
44,32,224,"GM","SI"
32,14,225,"GM","SI"
23,6,225,"GM","SI"
27,3,225,"GM","SI"
32,14,225,"GM","SI"
78,13,225,"GM","SI"
45,8,225,"GM","SI"
28,34,225,"GM","SI"
49,7,225,"GM","SI"
17,6,225,"GM","SI"
80,7,225,"GM","SI"
44,32,225,"GM","SI"
78,13,225,"GM","SI"
61,36,225,"GM","SI"
20,6,225,"GM","SI"
64,15,225,"GM","SI"
5,7,225,"GM","SI"
80,7,225,"GM","SI"
16,5,225,"GM","SI"
14,29,225,"GM","SI"
19,10,225,"GM","SI"
86,2,225,"GM","SI"
51,2,225,"GM","SI"
163,1,225,"GM","SI"
530,2,225,"GM","SI"
10,7,225,"GM","SI"
2,6,225,"GM","SI"
30,2,225,"GM","SI"
33,13,225,"GM","SI"
545,1,225,"GM","SI"
11,32,225,"GM","SI"
17,6,225,"GM","SI"
7,10,225,"GM","SI"
64,15,225,"GM","SI"
76,7,225,"GM","SI"
28,34,225,"GM","SI"
62,7,225,"GM","SI"
59,5,225,"GM","SI"
71,4,225,"GM","SI"
32,14,226,"GM","SI"
76,7,226,"GM","SI"
20,6,226,"GM","SI"
58,5,226,"GM","SI"
19,10,226,"GM","SI"
48,8,226,"GM","SI"
71,4,226,"GM","SI"
57,8,226,"GM","SI"
5,7,226,"GM","SI"
38,6,226,"GM","SI"
67,12,226,"GM","SI"
54,12,226,"GM","SI"
38,6,226,"GM","SI"
91,7,226,"GM","SI"
12,12,226,"GM","SI"
33,13,226,"GM","SI"
5,7,226,"GM","SI"
16,5,226,"GM","SI"
17,6,226,"GM","SI"
28,34,226,"GM","SI"
86,2,226,"GM","SI"
530,2,226,"GM","SI"
77,20,226,"GM","SI"
27,3,226,"GM","SI"
72,7,226,"GM","SI"
80,7,226,"GM","SI"
167,1,226,"GM","SI"
11,32,226,"GM","SI"
80,7,226,"GM","SI"
26,69,226,"GM","SI"
63,6,226,"GM","SI"
163,1,226,"GM","SI"
32,14,226,"GM","SI"
26,69,226,"GM","SI"
64,15,226,"GM","SI"
67,12,226,"GM","SI"
45,8,226,"GM","SI"
4,8,226,"GM","SI"
78,13,227,"GM","SI"
76,7,227,"GM","SI"
33,13,227,"GM","SI"
4,8,227,"GM","SI"
163,1,227,"GM","SI"
7,10,227,"GM","SI"
17,6,227,"GM","SI"
14,29,227,"GM","SI"
59,5,227,"GM","SI"
51,2,227,"GM","SI"
12,12,227,"GM","SI"
12,12,227,"GM","SI"
58,5,227,"GM","SI"
62,7,227,"GM","SI"
545,1,227,"GM","SI"
548,1,227,"GM","SI"
26,69,227,"GM","SI"
44,32,227,"GM","SI"
41,1,227,"GM","SI"
16,5,227,"GM","SI"
76,7,227,"GM","SI"
27,3,227,"GM","SI"
10,7,227,"GM","SI"
2,6,227,"GM","SI"
82,1,227,"GM","SI"
26,69,227,"GM","SI"
48,8,227,"GM","SI"
32,14,227,"GM","SI"
45,8,227,"GM","SI"
36,5,227,"GM","SI"
71,4,227,"GM","SI"
54,12,227,"GM","SI"
64,15,227,"GM","SI"
64,15,227,"GM","SI"
61,36,227,"GM","SI"
75,5,227,"GM","SI"
28,34,227,"GM","SI"
86,2,227,"GM","SI"
61,36,228,"GM","SI"
530,2,228,"GM","SI"
45,8,228,"GM","SI"
12,12,228,"GM","SI"
91,7,228,"GM","SI"
86,2,228,"GM","SI"
167,1,228,"GM","SI"
23,6,228,"GM","SI"
48,8,228,"GM","SI"
44,32,228,"GM","SI"
7,10,228,"GM","SI"
78,13,228,"GM","SI"
33,13,228,"GM","SI"
548,1,228,"GM","SI"
77,20,228,"GM","SI"
16,5,228,"GM","SI"
76,7,228,"GM","SI"
25,15,228,"GM","SI"
5,7,228,"GM","SI"
77,20,228,"GM","SI"
19,10,228,"GM","SI"
30,2,228,"GM","SI"
26,69,228,"GM","SI"
13,4,228,"GM","SI"
44,32,228,"GM","SI"
11,32,228,"GM","SI"
47,9,228,"GM","SI"
48,8,228,"GM","SI"
14,29,228,"GM","SI"
67,12,228,"GM","SI"
54,12,228,"GM","SI"
13,4,228,"GM","SI"
33,13,228,"GM","SI"
163,1,228,"GM","SI"
32,14,228,"GM","SI"
2,6,228,"GM","SI"
57,8,228,"GM","SI"
63,6,228,"GM","SI"
63,6,229,"GM","SI"
77,20,229,"GM","SI"
44,32,229,"GM","SI"
91,7,229,"GM","SI"
78,13,229,"GM","SI"
71,4,229,"GM","SI"
549,1,229,"GM","SI"
51,2,229,"GM","SI"
80,7,229,"GM","SI"
82,1,229,"GM","SI"
36,5,229,"GM","SI"
27,3,229,"GM","SI"
86,2,229,"GM","SI"
41,1,229,"GM","SI"
254,1,229,"GM","SI"
45,8,229,"GM","SI"
76,7,229,"GM","SI"
49,7,229,"GM","SI"
12,12,229,"GM","SI"
13,4,229,"GM","SI"
59,5,229,"GM","SI"
58,5,229,"GM","SI"
5,7,229,"GM","SI"
38,6,229,"GM","SI"
67,12,229,"GM","SI"
11,32,229,"GM","SI"
19,10,229,"GM","SI"
26,69,229,"GM","SI"
163,1,229,"GM","SI"
64,15,229,"GM","SI"
13,4,229,"GM","SI"
530,2,229,"GM","SI"
47,9,229,"GM","SI"
75,5,229,"GM","SI"
19,10,229,"GM","SI"
67,12,229,"GM","SI"
16,5,229,"GM","SI"
14,29,229,"GM","SI"
12,12,230,"GM","SI"
17,6,230,"GM","SI"
549,1,230,"GM","SI"
58,5,230,"GM","SI"
13,4,230,"GM","SI"
32,14,230,"GM","SI"
19,10,230,"GM","SI"
48,8,230,"GM","SI"
45,8,230,"GM","SI"
23,6,230,"GM","SI"
5,7,230,"GM","SI"
10,7,230,"GM","SI"
45,8,230,"GM","SI"
78,13,230,"GM","SI"
80,7,230,"GM","SI"
17,6,230,"GM","SI"
25,15,230,"GM","SI"
3,3,230,"GM","SI"
61,36,230,"GM","SI"
14,29,230,"GM","SI"
28,34,230,"GM","SI"
47,9,230,"GM","SI"
33,13,230,"GM","SI"
254,1,230,"GM","SI"
27,3,230,"GM","SI"
51,2,230,"GM","SI"
5,7,230,"GM","SI"
11,32,230,"GM","SI"
33,13,230,"GM","SI"
167,1,230,"GM","SI"
62,7,230,"GM","SI"
7,10,230,"GM","SI"
14,29,230,"GM","SI"
82,1,230,"GM","SI"
54,12,230,"GM","SI"
548,1,230,"GM","SI"
41,1,230,"GM","SI"
75,5,230,"GM","SI"
41,1,231,"GM","SI"
77,20,231,"GM","SI"
80,7,231,"GM","SI"
86,2,231,"GM","SI"
45,8,231,"GM","SI"
23,6,231,"GM","SI"
58,5,231,"GM","SI"
13,4,231,"GM","SI"
14,29,231,"GM","SI"
38,6,231,"GM","SI"
16,5,231,"GM","SI"
57,8,231,"GM","SI"
36,5,231,"GM","SI"
76,7,231,"GM","SI"
530,2,231,"GM","SI"
2,6,231,"GM","SI"
12,12,231,"GM","SI"
63,6,231,"GM","SI"
64,15,231,"GM","SI"
64,15,231,"GM","SI"
14,29,231,"GM","SI"
26,69,231,"GM","SI"
19,10,231,"GM","SI"
27,3,231,"GM","SI"
33,13,231,"GM","SI"
7,10,231,"GM","SI"
254,1,231,"GM","SI"
4,8,231,"GM","SI"
548,1,231,"GM","SI"
44,32,231,"GM","SI"
3,3,231,"GM","SI"
62,7,231,"GM","SI"
5,7,231,"GM","SI"
47,9,231,"GM","SI"
78,13,231,"GM","SI"
71,4,231,"GM","SI"
11,32,231,"GM","SI"
59,5,231,"GM","SI"
28,34,232,"GM","SI"
58,5,232,"GM","SI"
45,8,232,"GM","SI"
48,8,232,"GM","SI"
36,5,232,"GM","SI"
86,2,232,"GM","SI"
75,5,232,"GM","SI"
57,8,232,"GM","SI"
20,6,232,"GM","SI"
16,5,232,"GM","SI"
17,6,232,"GM","SI"
14,29,232,"GM","SI"
71,4,232,"GM","SI"
19,10,232,"GM","SI"
548,1,232,"GM","SI"
41,1,232,"GM","SI"
54,12,232,"GM","SI"
27,3,232,"GM","SI"
3,3,232,"GM","SI"
38,6,232,"GM","SI"
61,36,232,"GM","SI"
12,12,232,"GM","SI"
7,10,232,"GM","SI"
33,13,232,"GM","SI"
163,1,232,"GM","SI"
64,15,232,"GM","SI"
14,29,232,"GM","SI"
76,7,232,"GM","SI"
11,32,232,"GM","SI"
7,10,232,"GM","SI"
254,1,232,"GM","SI"
47,9,232,"GM","SI"
49,7,232,"GM","SI"
33,13,232,"GM","SI"
13,4,232,"GM","SI"
25,15,232,"GM","SI"
59,5,232,"GM","SI"
26,69,232,"GM","SI"
72,7,233,"GM","SI"
57,8,233,"GM","SI"
48,8,233,"GM","SI"
16,5,233,"GM","SI"
32,14,233,"GM","SI"
48,8,233,"GM","SI"
26,69,233,"GM","SI"
28,34,233,"GM","SI"
530,2,233,"GM","SI"
11,32,233,"GM","SI"
75,5,233,"GM","SI"
67,12,233,"GM","SI"
44,32,233,"GM","SI"
30,2,233,"GM","SI"
80,7,233,"GM","SI"
7,10,233,"GM","SI"
17,6,233,"GM","SI"
51,2,233,"GM","SI"
62,7,233,"GM","SI"
77,20,233,"GM","SI"
12,12,233,"GM","SI"
28,34,233,"GM","SI"
77,20,233,"GM","SI"
167,1,233,"GM","SI"
36,5,233,"GM","SI"
19,10,233,"GM","SI"
38,6,233,"GM","SI"
86,2,233,"GM","SI"
27,3,233,"GM","SI"
163,1,233,"GM","SI"
82,1,233,"GM","SI"
19,10,233,"GM","SI"
20,6,233,"GM","SI"
23,6,233,"GM","SI"
91,7,233,"GM","SI"
41,1,233,"GM","SI"
45,8,233,"GM","SI"
32,14,233,"GM","SI"
14,29,234,"GM","SI"
12,12,234,"GM","SI"
45,8,234,"GM","SI"
77,20,234,"GM","SI"
5,7,234,"GM","SI"
28,34,234,"GM","SI"
36,5,234,"GM","SI"
549,1,234,"GM","SI"
54,12,234,"GM","SI"
38,6,234,"GM","SI"
78,13,234,"GM","SI"
28,34,234,"GM","SI"
26,69,234,"GM","SI"
163,1,234,"GM","SI"
38,6,234,"GM","SI"
59,5,234,"GM","SI"
167,1,234,"GM","SI"
11,32,234,"GM","SI"
7,10,234,"GM","SI"
71,4,234,"GM","SI"
48,8,234,"GM","SI"
13,4,234,"GM","SI"
91,7,234,"GM","SI"
76,7,234,"GM","SI"
62,7,234,"GM","SI"
17,6,234,"GM","SI"
78,13,234,"GM","SI"
19,10,234,"GM","SI"
80,7,234,"GM","SI"
75,5,234,"GM","SI"
254,1,234,"GM","SI"
67,12,234,"GM","SI"
545,1,234,"GM","SI"
14,29,234,"GM","SI"
33,13,234,"GM","SI"
61,36,234,"GM","SI"
45,8,234,"GM","SI"
72,7,234,"GM","SI"
77,20,235,"GM","SI"
54,12,235,"GM","SI"
78,13,235,"GM","SI"
25,15,235,"GM","SI"
58,5,235,"GM","SI"
78,13,235,"GM","SI"
26,69,235,"GM","SI"
2,6,235,"GM","SI"
38,6,235,"GM","SI"
75,5,235,"GM","SI"
7,10,235,"GM","SI"
91,7,235,"GM","SI"
48,8,235,"GM","SI"
62,7,235,"GM","SI"
36,5,235,"GM","SI"
49,7,235,"GM","SI"
28,34,235,"GM","SI"
19,10,235,"GM","SI"
17,6,235,"GM","SI"
33,13,235,"GM","SI"
71,4,235,"GM","SI"
3,3,235,"GM","SI"
33,13,235,"GM","SI"
26,69,235,"GM","SI"
19,10,235,"GM","SI"
4,8,235,"GM","SI"
51,2,235,"GM","SI"
76,7,235,"GM","SI"
254,1,235,"GM","SI"
23,6,235,"GM","SI"
67,12,235,"GM","SI"
32,14,235,"GM","SI"
5,7,235,"GM","SI"
80,7,235,"GM","SI"
27,3,235,"GM","SI"
47,9,235,"GM","SI"
28,34,235,"GM","SI"
48,8,235,"GM","SI"
13,4,236,"GM","SI"
27,3,236,"GM","SI"
14,29,236,"GM","SI"
19,10,236,"GM","SI"
17,6,236,"GM","SI"
12,12,236,"GM","SI"
48,8,236,"GM","SI"
28,34,236,"GM","SI"
12,12,236,"GM","SI"
3,3,236,"GM","SI"
163,1,236,"GM","SI"
63,6,236,"GM","SI"
44,32,236,"GM","SI"
54,12,236,"GM","SI"
254,1,236,"GM","SI"
7,10,236,"GM","SI"
7,10,236,"GM","SI"
72,7,236,"GM","SI"
78,13,236,"GM","SI"
5,7,236,"GM","SI"
32,14,236,"GM","SI"
36,5,236,"GM","SI"
76,7,236,"GM","SI"
44,32,236,"GM","SI"
10,7,236,"GM","SI"
67,12,236,"GM","SI"
45,8,236,"GM","SI"
13,4,236,"GM","SI"
548,1,236,"GM","SI"
38,6,236,"GM","SI"
48,8,236,"GM","SI"
82,1,236,"GM","SI"
20,6,236,"GM","SI"
77,20,236,"GM","SI"
61,36,236,"GM","SI"
530,2,236,"GM","SI"
16,5,236,"GM","SI"
14,29,236,"GM","SI"
64,15,237,"GM","SI"
61,36,237,"GM","SI"
5,7,237,"GM","SI"
5,7,237,"GM","SI"
63,6,237,"GM","SI"
48,8,237,"GM","SI"
2,6,237,"GM","SI"
51,2,237,"GM","SI"
72,7,237,"GM","SI"
75,5,237,"GM","SI"
82,1,237,"GM","SI"
44,32,237,"GM","SI"
11,32,237,"GM","SI"
28,34,237,"GM","SI"
48,8,237,"GM","SI"
32,14,237,"GM","SI"
76,7,237,"GM","SI"
36,5,237,"GM","SI"
4,8,237,"GM","SI"
19,10,237,"GM","SI"
30,2,237,"GM","SI"
26,69,237,"GM","SI"
12,12,237,"GM","SI"
47,9,237,"GM","SI"
7,10,237,"GM","SI"
80,7,237,"GM","SI"
28,34,237,"GM","SI"
59,5,237,"GM","SI"
23,6,237,"GM","SI"
14,29,237,"GM","SI"
11,32,237,"GM","SI"
62,7,237,"GM","SI"
80,7,237,"GM","SI"
26,69,237,"GM","SI"
254,1,237,"GM","SI"
167,1,237,"GM","SI"
38,6,237,"GM","SI"
530,2,237,"GM","SI"
33,13,238,"GM","SI"
71,4,238,"GM","SI"
3,3,238,"GM","SI"
33,13,238,"GM","SI"
254,1,238,"GM","SI"
30,2,238,"GM","SI"
57,8,238,"GM","SI"
7,10,238,"GM","SI"
78,13,238,"GM","SI"
16,5,238,"GM","SI"
163,1,238,"GM","SI"
7,10,238,"GM","SI"
17,6,238,"GM","SI"
80,7,238,"GM","SI"
27,3,238,"GM","SI"
61,36,238,"GM","SI"
72,7,238,"GM","SI"
76,7,238,"GM","SI"
86,2,238,"GM","SI"
32,14,238,"GM","SI"
77,20,238,"GM","SI"
530,2,238,"GM","SI"
167,1,238,"GM","SI"
13,4,238,"GM","SI"
44,32,238,"GM","SI"
23,6,238,"GM","SI"
58,5,238,"GM","SI"
80,7,238,"GM","SI"
64,15,238,"GM","SI"
19,10,238,"GM","SI"
38,6,238,"GM","SI"
38,6,238,"GM","SI"
82,1,238,"GM","SI"
63,6,238,"GM","SI"
32,14,238,"GM","SI"
25,15,238,"GM","SI"
26,69,238,"GM","SI"
59,5,238,"GM","SI"
548,1,239,"GM","SI"
64,15,239,"GM","SI"
86,2,239,"GM","SI"
80,7,239,"GM","SI"
51,2,239,"GM","SI"
71,4,239,"GM","SI"
78,13,239,"GM","SI"
44,32,239,"GM","SI"
7,10,239,"GM","SI"
33,13,239,"GM","SI"
530,2,239,"GM","SI"
17,6,239,"GM","SI"
32,14,239,"GM","SI"
32,14,239,"GM","SI"
45,8,239,"GM","SI"
3,3,239,"GM","SI"
80,7,239,"GM","SI"
57,8,239,"GM","SI"
16,5,239,"GM","SI"
48,8,239,"GM","SI"
2,6,239,"GM","SI"
11,32,239,"GM","SI"
67,12,239,"GM","SI"
38,6,239,"GM","SI"
76,7,239,"GM","SI"
54,12,239,"GM","SI"
47,9,239,"GM","SI"
13,4,239,"GM","SI"
254,1,239,"GM","SI"
5,7,239,"GM","SI"
14,29,239,"GM","SI"
7,10,239,"GM","SI"
59,5,239,"GM","SI"
49,7,239,"GM","SI"
48,8,239,"GM","SI"
28,34,239,"GM","SI"
78,13,239,"GM","SI"
36,5,239,"GM","SI"
63,6,240,"GM","SI"
67,12,240,"GM","SI"
61,36,240,"GM","SI"
58,5,240,"GM","SI"
49,7,240,"GM","SI"
17,6,240,"GM","SI"
27,3,240,"GM","SI"
38,6,240,"GM","SI"
33,13,240,"GM","SI"
80,7,240,"GM","SI"
67,12,240,"GM","SI"
2,6,240,"GM","SI"
57,8,240,"GM","SI"
548,1,240,"GM","SI"
72,7,240,"GM","SI"
23,6,240,"GM","SI"
32,14,240,"GM","SI"
26,69,240,"GM","SI"
41,1,240,"GM","SI"
25,15,240,"GM","SI"
91,7,240,"GM","SI"
64,15,240,"GM","SI"
5,7,240,"GM","SI"
76,7,240,"GM","SI"
28,34,240,"GM","SI"
13,4,240,"GM","SI"
64,15,240,"GM","SI"
19,10,240,"GM","SI"
77,20,240,"GM","SI"
75,5,240,"GM","SI"
38,6,240,"GM","SI"
32,14,240,"GM","SI"
10,7,240,"GM","SI"
80,7,240,"GM","SI"
530,2,240,"GM","SI"
86,2,240,"GM","SI"
30,2,240,"GM","SI"
44,32,240,"GM","SI"
80,7,241,"GM","SI"
530,2,241,"GM","SI"
47,9,241,"GM","SI"
80,7,241,"GM","SI"
254,1,241,"GM","SI"
67,12,241,"GM","SI"
62,7,241,"GM","SI"
17,6,241,"GM","SI"
64,15,241,"GM","SI"
76,7,241,"GM","SI"
48,8,241,"GM","SI"
28,34,241,"GM","SI"
10,7,241,"GM","SI"
548,1,241,"GM","SI"
57,8,241,"GM","SI"
44,32,241,"GM","SI"
13,4,241,"GM","SI"
11,32,241,"GM","SI"
25,15,241,"GM","SI"
58,5,241,"GM","SI"
59,5,241,"GM","SI"
78,13,241,"GM","SI"
49,7,241,"GM","SI"
26,69,241,"GM","SI"
77,20,241,"GM","SI"
72,7,241,"GM","SI"
14,29,241,"GM","SI"
19,10,241,"GM","SI"
5,7,241,"GM","SI"
12,12,241,"GM","SI"
82,1,241,"GM","SI"
41,1,241,"GM","SI"
30,2,241,"GM","SI"
71,4,241,"GM","SI"
77,20,241,"GM","SI"
27,3,241,"GM","SI"
48,8,241,"GM","SI"
33,13,241,"GM","SI"
36,5,242,"GM","SI"
28,34,242,"GM","SI"
33,13,242,"GM","SI"
549,1,242,"GM","SI"
14,29,242,"GM","SI"
11,32,242,"GM","SI"
10,7,242,"GM","SI"
45,8,242,"GM","SI"
13,4,242,"GM","SI"
19,10,242,"GM","SI"
26,69,242,"GM","SI"
44,32,242,"GM","SI"
12,12,242,"GM","SI"
80,7,242,"GM","SI"
49,7,242,"GM","SI"
44,32,242,"GM","SI"
27,3,242,"GM","SI"
77,20,242,"GM","SI"
82,1,242,"GM","SI"
7,10,242,"GM","SI"
17,6,242,"GM","SI"
91,7,242,"GM","SI"
25,15,242,"GM","SI"
86,2,242,"GM","SI"
38,6,242,"GM","SI"
19,10,242,"GM","SI"
78,13,242,"GM","SI"
167,1,242,"GM","SI"
163,1,242,"GM","SI"
54,12,242,"GM","SI"
57,8,242,"GM","SI"
75,5,242,"GM","SI"
28,34,242,"GM","SI"
45,8,242,"GM","SI"
58,5,242,"GM","SI"
30,2,242,"GM","SI"
545,1,242,"GM","SI"
59,5,242,"GM","SI"
549,1,243,"GM","SI"
76,7,243,"GM","SI"
77,20,243,"GM","SI"
64,15,243,"GM","SI"
11,32,243,"GM","SI"
45,8,243,"GM","SI"
38,6,243,"GM","SI"
62,7,243,"GM","SI"
33,13,243,"GM","SI"
49,7,243,"GM","SI"
11,32,243,"GM","SI"
86,2,243,"GM","SI"
19,10,243,"GM","SI"
67,12,243,"GM","SI"
5,7,243,"GM","SI"
45,8,243,"GM","SI"
17,6,243,"GM","SI"
3,3,243,"GM","SI"
38,6,243,"GM","SI"
61,36,243,"GM","SI"
7,10,243,"GM","SI"
7,10,243,"GM","SI"
167,1,243,"GM","SI"
44,32,243,"GM","SI"
67,12,243,"GM","SI"
30,2,243,"GM","SI"
530,2,243,"GM","SI"
47,9,243,"GM","SI"
91,7,243,"GM","SI"
51,2,243,"GM","SI"
548,1,243,"GM","SI"
72,7,243,"GM","SI"
5,7,243,"GM","SI"
48,8,243,"GM","SI"
13,4,243,"GM","SI"
78,13,243,"GM","SI"
19,10,243,"GM","SI"
20,6,243,"GM","SI"
12,12,244,"GM","SI"
28,34,244,"GM","SI"
45,8,244,"GM","SI"
77,20,244,"GM","SI"
5,7,244,"GM","SI"
71,4,244,"GM","SI"
57,8,244,"GM","SI"
7,10,244,"GM","SI"
28,34,244,"GM","SI"
530,2,244,"GM","SI"
63,6,244,"GM","SI"
2,6,244,"GM","SI"
48,8,244,"GM","SI"
44,32,244,"GM","SI"
82,1,244,"GM","SI"
14,29,244,"GM","SI"
67,12,244,"GM","SI"
5,7,244,"GM","SI"
23,6,244,"GM","SI"
19,10,244,"GM","SI"
17,6,244,"GM","SI"
12,12,244,"GM","SI"
38,6,244,"GM","SI"
20,6,244,"GM","SI"
19,10,244,"GM","SI"
254,1,244,"GM","SI"
33,13,244,"GM","SI"
72,7,244,"GM","SI"
49,7,244,"GM","SI"
58,5,244,"GM","SI"
32,14,244,"GM","SI"
3,3,244,"GM","SI"
75,5,244,"GM","SI"
545,1,244,"GM","SI"
54,12,244,"GM","SI"
11,32,244,"GM","SI"
41,1,244,"GM","SI"
7,10,244,"GM","SI"
14,29,245,"GM","SI"
61,36,245,"GM","SI"
13,4,245,"GM","SI"
51,2,245,"GM","SI"
77,20,245,"GM","SI"
19,10,245,"GM","SI"
44,32,245,"GM","SI"
12,12,245,"GM","SI"
11,32,245,"GM","SI"
75,5,245,"GM","SI"
25,15,245,"GM","SI"
17,6,245,"GM","SI"
62,7,245,"GM","SI"
13,4,245,"GM","SI"
71,4,245,"GM","SI"
77,20,245,"GM","SI"
45,8,245,"GM","SI"
76,7,245,"GM","SI"
10,7,245,"GM","SI"
16,5,245,"GM","SI"
38,6,245,"GM","SI"
48,8,245,"GM","SI"
545,1,245,"GM","SI"
32,14,245,"GM","SI"
44,32,245,"GM","SI"
163,1,245,"GM","SI"
76,7,245,"GM","SI"
64,15,245,"GM","SI"
78,13,245,"GM","SI"
67,12,245,"GM","SI"
57,8,245,"GM","SI"
23,6,245,"GM","SI"
38,6,245,"GM","SI"
548,1,245,"GM","SI"
167,1,245,"GM","SI"
80,7,245,"GM","SI"
254,1,245,"GM","SI"
12,12,245,"GM","SI"
82,1,246,"GM","SI"
26,69,246,"GM","SI"
58,5,246,"GM","SI"
33,13,246,"GM","SI"
5,7,246,"GM","SI"
76,7,246,"GM","SI"
80,7,246,"GM","SI"
5,7,246,"GM","SI"
11,32,246,"GM","SI"
32,14,246,"GM","SI"
76,7,246,"GM","SI"
72,7,246,"GM","SI"
530,2,246,"GM","SI"
80,7,246,"GM","SI"
51,2,246,"GM","SI"
45,8,246,"GM","SI"
44,32,246,"GM","SI"
64,15,246,"GM","SI"
17,6,246,"GM","SI"
27,3,246,"GM","SI"
13,4,246,"GM","SI"
20,6,246,"GM","SI"
75,5,246,"GM","SI"
28,34,246,"GM","SI"
54,12,246,"GM","SI"
30,2,246,"GM","SI"
78,13,246,"GM","SI"
19,10,246,"GM","SI"
47,9,246,"GM","SI"
23,6,246,"GM","SI"
26,69,246,"GM","SI"
77,20,246,"GM","SI"
14,29,246,"GM","SI"
28,34,246,"GM","SI"
2,6,246,"GM","SI"
44,32,246,"GM","SI"
545,1,246,"GM","SI"
4,8,246,"GM","SI"
86,2,247,"GM","SI"
49,7,247,"GM","SI"
64,15,247,"GM","SI"
44,32,247,"GM","SI"
32,14,247,"GM","SI"
530,2,247,"GM","SI"
17,6,247,"GM","SI"
19,10,247,"GM","SI"
41,1,247,"GM","SI"
67,12,247,"GM","SI"
5,7,247,"GM","SI"
59,5,247,"GM","SI"
33,13,247,"GM","SI"
545,1,247,"GM","SI"
549,1,247,"GM","SI"
10,7,247,"GM","SI"
77,20,247,"GM","SI"
17,6,247,"GM","SI"
11,32,247,"GM","SI"
28,34,247,"GM","SI"
77,20,247,"GM","SI"
67,12,247,"GM","SI"
78,13,247,"GM","SI"
45,8,247,"GM","SI"
5,7,247,"GM","SI"
28,34,247,"GM","SI"
11,32,247,"GM","SI"
91,7,247,"GM","SI"
61,36,247,"GM","SI"
30,2,247,"GM","SI"
20,6,247,"GM","SI"
36,5,247,"GM","SI"
4,8,247,"GM","SI"
76,7,247,"GM","SI"
64,15,247,"GM","SI"
12,12,247,"GM","SI"
57,8,247,"GM","SI"
23,6,247,"GM","SI"
48,8,248,"GM","SI"
76,7,248,"GM","SI"
61,36,248,"GM","SI"
19,10,248,"GM","SI"
41,1,248,"GM","SI"
16,5,248,"GM","SI"
530,2,248,"GM","SI"
17,6,248,"GM","SI"
57,8,248,"GM","SI"
38,6,248,"GM","SI"
86,2,248,"GM","SI"
36,5,248,"GM","SI"
7,10,248,"GM","SI"
78,13,248,"GM","SI"
26,69,248,"GM","SI"
5,7,248,"GM","SI"
33,13,248,"GM","SI"
254,1,248,"GM","SI"
3,3,248,"GM","SI"
14,29,248,"GM","SI"
23,6,248,"GM","SI"
14,29,248,"GM","SI"
77,20,248,"GM","SI"
44,32,248,"GM","SI"
47,9,248,"GM","SI"
11,32,248,"GM","SI"
38,6,248,"GM","SI"
20,6,248,"GM","SI"
76,7,248,"GM","SI"
75,5,248,"GM","SI"
26,69,248,"GM","SI"
67,12,248,"GM","SI"
12,12,248,"GM","SI"
11,32,248,"GM","SI"
44,32,248,"GM","SI"
30,2,248,"GM","SI"
72,7,248,"GM","SI"
10,7,248,"GM","SI"
14,29,249,"GM","SI"
5,7,249,"GM","SI"
33,13,249,"GM","SI"
61,36,249,"GM","SI"
25,15,249,"GM","SI"
78,13,249,"GM","SI"
11,32,249,"GM","SI"
44,32,249,"GM","SI"
3,3,249,"GM","SI"
545,1,249,"GM","SI"
10,7,249,"GM","SI"
48,8,249,"GM","SI"
67,12,249,"GM","SI"
19,10,249,"GM","SI"
67,12,249,"GM","SI"
530,2,249,"GM","SI"
2,6,249,"GM","SI"
26,69,249,"GM","SI"
27,3,249,"GM","SI"
59,5,249,"GM","SI"
19,10,249,"GM","SI"
7,10,249,"GM","SI"
13,4,249,"GM","SI"
57,8,249,"GM","SI"
51,2,249,"GM","SI"
38,6,249,"GM","SI"
44,32,249,"GM","SI"
32,14,249,"GM","SI"
23,6,249,"GM","SI"
12,12,249,"GM","SI"
78,13,249,"GM","SI"
48,8,249,"GM","SI"
20,6,249,"GM","SI"
54,12,249,"GM","SI"
76,7,249,"GM","SI"
26,69,249,"GM","SI"
32,14,249,"GM","SI"
45,8,249,"GM","SI"
59,5,250,"GM","SI"
36,5,250,"GM","SI"
80,7,250,"GM","SI"
549,1,250,"GM","SI"
19,10,250,"GM","SI"
27,3,250,"GM","SI"
64,15,250,"GM","SI"
3,3,250,"GM","SI"
530,2,250,"GM","SI"
19,10,250,"GM","SI"
26,69,250,"GM","SI"
33,13,250,"GM","SI"
76,7,250,"GM","SI"
5,7,250,"GM","SI"
77,20,250,"GM","SI"
58,5,250,"GM","SI"
38,6,250,"GM","SI"
12,12,250,"GM","SI"
72,7,250,"GM","SI"
78,13,250,"GM","SI"
86,2,250,"GM","SI"
71,4,250,"GM","SI"
64,15,250,"GM","SI"
49,7,250,"GM","SI"
67,12,250,"GM","SI"
23,6,250,"GM","SI"
11,32,250,"GM","SI"
10,7,250,"GM","SI"
254,1,250,"GM","SI"
545,1,250,"GM","SI"
80,7,250,"GM","SI"
7,10,250,"GM","SI"
41,1,250,"GM","SI"
45,8,250,"GM","SI"
163,1,250,"GM","SI"
30,2,250,"GM","SI"
54,12,250,"GM","SI"
77,20,250,"GM","SI"
23,6,251,"GM","SI"
530,2,251,"GM","SI"
32,14,251,"GM","SI"
27,3,251,"GM","SI"
64,15,251,"GM","SI"
76,7,251,"GM","SI"
17,6,251,"GM","SI"
44,32,251,"GM","SI"
76,7,251,"GM","SI"
59,5,251,"GM","SI"
19,10,251,"GM","SI"
32,14,251,"GM","SI"
78,13,251,"GM","SI"
549,1,251,"GM","SI"
63,6,251,"GM","SI"
75,5,251,"GM","SI"
13,4,251,"GM","SI"
58,5,251,"GM","SI"
36,5,251,"GM","SI"
77,20,251,"GM","SI"
78,13,251,"GM","SI"
19,10,251,"GM","SI"
167,1,251,"GM","SI"
49,7,251,"GM","SI"
82,1,251,"GM","SI"
86,2,251,"GM","SI"
28,34,251,"GM","SI"
163,1,251,"GM","SI"
20,6,251,"GM","SI"
45,8,251,"GM","SI"
26,69,251,"GM","SI"
17,6,251,"GM","SI"
33,13,251,"GM","SI"
5,7,251,"GM","SI"
71,4,251,"GM","SI"
48,8,251,"GM","SI"
54,12,251,"GM","SI"
254,1,251,"GM","SI"
44,32,252,"GM","SI"
76,7,252,"GM","SI"
26,69,252,"GM","SI"
36,5,252,"GM","SI"
80,7,252,"GM","SI"
48,8,252,"GM","SI"
549,1,252,"GM","SI"
86,2,252,"GM","SI"
67,12,252,"GM","SI"
41,1,252,"GM","SI"
28,34,252,"GM","SI"
30,2,252,"GM","SI"
49,7,252,"GM","SI"
45,8,252,"GM","SI"
545,1,252,"GM","SI"
67,12,252,"GM","SI"
62,7,252,"GM","SI"
28,34,252,"GM","SI"
5,7,252,"GM","SI"
44,32,252,"GM","SI"
17,6,252,"GM","SI"
33,13,252,"GM","SI"
63,6,252,"GM","SI"
47,9,252,"GM","SI"
530,2,252,"GM","SI"
7,10,252,"GM","SI"
19,10,252,"GM","SI"
19,10,252,"GM","SI"
77,20,252,"GM","SI"
61,36,252,"GM","SI"
12,12,252,"GM","SI"
32,14,252,"GM","SI"
51,2,252,"GM","SI"
58,5,252,"GM","SI"
23,6,252,"GM","SI"
14,29,252,"GM","SI"
11,32,252,"GM","SI"
254,1,252,"GM","SI"
26,69,253,"GM","SI"
33,13,253,"GM","SI"
11,32,253,"GM","SI"
12,12,253,"GM","SI"
14,29,253,"GM","SI"
254,1,253,"GM","SI"
28,34,253,"GM","SI"
45,8,253,"GM","SI"
91,7,253,"GM","SI"
48,8,253,"GM","SI"
61,36,253,"GM","SI"
62,7,253,"GM","SI"
545,1,253,"GM","SI"
10,7,253,"GM","SI"
28,34,253,"GM","SI"
167,1,253,"GM","SI"
13,4,253,"GM","SI"
11,32,253,"GM","SI"
64,15,253,"GM","SI"
67,12,253,"GM","SI"
76,7,253,"GM","SI"
49,7,253,"GM","SI"
19,10,253,"GM","SI"
47,9,253,"GM","SI"
77,20,253,"GM","SI"
5,7,253,"GM","SI"
80,7,253,"GM","SI"
17,6,253,"GM","SI"
30,2,253,"GM","SI"
4,8,253,"GM","SI"
163,1,253,"GM","SI"
80,7,253,"GM","SI"
14,29,253,"GM","SI"
26,69,253,"GM","SI"
548,1,253,"GM","SI"
48,8,253,"GM","SI"
58,5,253,"GM","SI"
44,32,253,"GM","SI"
23,6,254,"GM","SI"
14,29,254,"GM","SI"
28,34,254,"GM","SI"
3,3,254,"GM","SI"
64,15,254,"GM","SI"
80,7,254,"GM","SI"
59,5,254,"GM","SI"
64,15,254,"GM","SI"
549,1,254,"GM","SI"
5,7,254,"GM","SI"
57,8,254,"GM","SI"
30,2,254,"GM","SI"
44,32,254,"GM","SI"
49,7,254,"GM","SI"
51,2,254,"GM","SI"
33,13,254,"GM","SI"
26,69,254,"GM","SI"
548,1,254,"GM","SI"
26,69,254,"GM","SI"
19,10,254,"GM","SI"
78,13,254,"GM","SI"
19,10,254,"GM","SI"
72,7,254,"GM","SI"
41,1,254,"GM","SI"
86,2,254,"GM","SI"
78,13,254,"GM","SI"
36,5,254,"GM","SI"
61,36,254,"GM","SI"
167,1,254,"GM","SI"
7,10,254,"GM","SI"
38,6,254,"GM","SI"
17,6,254,"GM","SI"
76,7,254,"GM","SI"
82,1,254,"GM","SI"
58,5,254,"GM","SI"
254,1,254,"GM","SI"
48,8,254,"GM","SI"
28,34,254,"GM","SI"
62,7,255,"GM","SI"
41,1,255,"GM","SI"
17,6,255,"GM","SI"
86,2,255,"GM","SI"
19,10,255,"GM","SI"
5,7,255,"GM","SI"
75,5,255,"GM","SI"
14,29,255,"GM","SI"
77,20,255,"GM","SI"
44,32,255,"GM","SI"
63,6,255,"GM","SI"
23,6,255,"GM","SI"
59,5,255,"GM","SI"
78,13,255,"GM","SI"
44,32,255,"GM","SI"
549,1,255,"GM","SI"
64,15,255,"GM","SI"
28,34,255,"GM","SI"
30,2,255,"GM","SI"
67,12,255,"GM","SI"
32,14,255,"GM","SI"
25,15,255,"GM","SI"
254,1,255,"GM","SI"
57,8,255,"GM","SI"
77,20,255,"GM","SI"
7,10,255,"GM","SI"
545,1,255,"GM","SI"
45,8,255,"GM","SI"
26,69,255,"GM","SI"
76,7,255,"GM","SI"
38,6,255,"GM","SI"
38,6,255,"GM","SI"
12,12,255,"GM","SI"
72,7,255,"GM","SI"
91,7,255,"GM","SI"
27,3,255,"GM","SI"
51,2,255,"GM","SI"
13,4,255,"GM","SI"
63,6,256,"GM","SI"
72,7,256,"GM","SI"
61,36,256,"GM","SI"
80,7,256,"GM","SI"
19,10,256,"GM","SI"
12,12,256,"GM","SI"
26,69,256,"GM","SI"
20,6,256,"GM","SI"
25,15,256,"GM","SI"
26,69,256,"GM","SI"
33,13,256,"GM","SI"
44,32,256,"GM","SI"
67,12,256,"GM","SI"
13,4,256,"GM","SI"
82,1,256,"GM","SI"
86,2,256,"GM","SI"
17,6,256,"GM","SI"
530,2,256,"GM","SI"
45,8,256,"GM","SI"
4,8,256,"GM","SI"
32,14,256,"GM","SI"
47,9,256,"GM","SI"
167,1,256,"GM","SI"
48,8,256,"GM","SI"
16,5,256,"GM","SI"
38,6,256,"GM","SI"
49,7,256,"GM","SI"
41,1,256,"GM","SI"
77,20,256,"GM","SI"
64,15,256,"GM","SI"
91,7,256,"GM","SI"
51,2,256,"GM","SI"
28,34,256,"GM","SI"
548,1,256,"GM","SI"
14,29,256,"GM","SI"
45,8,256,"GM","SI"
78,13,256,"GM","SI"
545,1,256,"GM","SI"
44,32,257,"GM","SI"
7,10,257,"GM","SI"
25,15,257,"GM","SI"
47,9,257,"GM","SI"
64,15,257,"GM","SI"
17,6,257,"GM","SI"
11,32,257,"GM","SI"
58,5,257,"GM","SI"
7,10,257,"GM","SI"
12,12,257,"GM","SI"
54,12,257,"GM","SI"
13,4,257,"GM","SI"
14,29,257,"GM","SI"
2,6,257,"GM","SI"
20,6,257,"GM","SI"
12,12,257,"GM","SI"
4,8,257,"GM","SI"
75,5,257,"GM","SI"
26,69,257,"GM","SI"
38,6,257,"GM","SI"
5,7,257,"GM","SI"
17,6,257,"GM","SI"
13,4,257,"GM","SI"
19,10,257,"GM","SI"
76,7,257,"GM","SI"
16,5,257,"GM","SI"
36,5,257,"GM","SI"
33,13,257,"GM","SI"
64,15,257,"GM","SI"
10,7,257,"GM","SI"
57,8,257,"GM","SI"
45,8,257,"GM","SI"
48,8,257,"GM","SI"
163,1,257,"GM","SI"
530,2,257,"GM","SI"
28,34,257,"GM","SI"
254,1,257,"GM","SI"
77,20,257,"GM","SI"
36,5,258,"GM","SI"
13,4,258,"GM","SI"
71,4,258,"GM","SI"
44,32,258,"GM","SI"
7,10,258,"GM","SI"
25,15,258,"GM","SI"
32,14,258,"GM","SI"
61,36,258,"GM","SI"
77,20,258,"GM","SI"
23,6,258,"GM","SI"
45,8,258,"GM","SI"
80,7,258,"GM","SI"
59,5,258,"GM","SI"
51,2,258,"GM","SI"
2,6,258,"GM","SI"
38,6,258,"GM","SI"
44,32,258,"GM","SI"
28,34,258,"GM","SI"
17,6,258,"GM","SI"
58,5,258,"GM","SI"
11,32,258,"GM","SI"
64,15,258,"GM","SI"
72,7,258,"GM","SI"
530,2,258,"GM","SI"
10,7,258,"GM","SI"
27,3,258,"GM","SI"
64,15,258,"GM","SI"
545,1,258,"GM","SI"
91,7,258,"GM","SI"
54,12,258,"GM","SI"
7,10,258,"GM","SI"
254,1,258,"GM","SI"
86,2,258,"GM","SI"
33,13,258,"GM","SI"
78,13,258,"GM","SI"
26,69,258,"GM","SI"
67,12,258,"GM","SI"
67,12,258,"GM","SI"
167,1,259,"GM","SI"
11,32,259,"GM","SI"
5,7,259,"GM","SI"
32,14,259,"GM","SI"
10,7,259,"GM","SI"
14,29,259,"GM","SI"
30,2,259,"GM","SI"
67,12,259,"GM","SI"
58,5,259,"GM","SI"
33,13,259,"GM","SI"
2,6,259,"GM","SI"
163,1,259,"GM","SI"
62,7,259,"GM","SI"
17,6,259,"GM","SI"
48,8,259,"GM","SI"
86,2,259,"GM","SI"
54,12,259,"GM","SI"
63,6,259,"GM","SI"
33,13,259,"GM","SI"
25,15,259,"GM","SI"
77,20,259,"GM","SI"
77,20,259,"GM","SI"
32,14,259,"GM","SI"
16,5,259,"GM","SI"
76,7,259,"GM","SI"
3,3,259,"GM","SI"
91,7,259,"GM","SI"
17,6,259,"GM","SI"
41,1,259,"GM","SI"
4,8,259,"GM","SI"
67,12,259,"GM","SI"
20,6,259,"GM","SI"
75,5,259,"GM","SI"
57,8,259,"GM","SI"
19,10,259,"GM","SI"
80,7,259,"GM","SI"
14,29,259,"GM","SI"
44,32,259,"GM","SI"
14,29,260,"GM","SI"
11,32,260,"GM","SI"
75,5,260,"GM","SI"
32,14,260,"GM","SI"
12,12,260,"GM","SI"
19,10,260,"GM","SI"
32,14,260,"GM","SI"
78,13,260,"GM","SI"
20,6,260,"GM","SI"
5,7,260,"GM","SI"
7,10,260,"GM","SI"
44,32,260,"GM","SI"
25,15,260,"GM","SI"
5,7,260,"GM","SI"
26,69,260,"GM","SI"
28,34,260,"GM","SI"
72,7,260,"GM","SI"
61,36,260,"GM","SI"
77,20,260,"GM","SI"
19,10,260,"GM","SI"
14,29,260,"GM","SI"
11,32,260,"GM","SI"
51,2,260,"GM","SI"
30,2,260,"GM","SI"
549,1,260,"GM","SI"
45,8,260,"GM","SI"
47,9,260,"GM","SI"
77,20,260,"GM","SI"
49,7,260,"GM","SI"
91,7,260,"GM","SI"
80,7,260,"GM","SI"
23,6,260,"GM","SI"
80,7,260,"GM","SI"
36,5,260,"GM","SI"
71,4,260,"GM","SI"
76,7,260,"GM","SI"
58,5,260,"GM","SI"
2,6,260,"GM","SI"
20,6,261,"GM","SI"
23,6,261,"GM","SI"
64,15,261,"GM","SI"
45,8,261,"GM","SI"
49,7,261,"GM","SI"
13,4,261,"GM","SI"
28,34,261,"GM","SI"
64,15,261,"GM","SI"
32,14,261,"GM","SI"
62,7,261,"GM","SI"
27,3,261,"GM","SI"
33,13,261,"GM","SI"
11,32,261,"GM","SI"
38,6,261,"GM","SI"
78,13,261,"GM","SI"
61,36,261,"GM","SI"
30,2,261,"GM","SI"
77,20,261,"GM","SI"
17,6,261,"GM","SI"
5,7,261,"GM","SI"
76,7,261,"GM","SI"
28,34,261,"GM","SI"
54,12,261,"GM","SI"
26,69,261,"GM","SI"
76,7,261,"GM","SI"
4,8,261,"GM","SI"
530,2,261,"GM","SI"
45,8,261,"GM","SI"
16,5,261,"GM","SI"
48,8,261,"GM","SI"
86,2,261,"GM","SI"
67,12,261,"GM","SI"
549,1,261,"GM","SI"
78,13,261,"GM","SI"
33,13,261,"GM","SI"
59,5,261,"GM","SI"
19,10,261,"GM","SI"
3,3,261,"GM","SI"
28,34,262,"GM","SI"
59,5,262,"GM","SI"
47,9,262,"GM","SI"
72,7,262,"GM","SI"
67,12,262,"GM","SI"
7,10,262,"GM","SI"
77,20,262,"GM","SI"
38,6,262,"GM","SI"
4,8,262,"GM","SI"
77,20,262,"GM","SI"
49,7,262,"GM","SI"
44,32,262,"GM","SI"
14,29,262,"GM","SI"
78,13,262,"GM","SI"
32,14,262,"GM","SI"
19,10,262,"GM","SI"
86,2,262,"GM","SI"
61,36,262,"GM","SI"
27,3,262,"GM","SI"
19,10,262,"GM","SI"
13,4,262,"GM","SI"
36,5,262,"GM","SI"
64,15,262,"GM","SI"
545,1,262,"GM","SI"
48,8,262,"GM","SI"
16,5,262,"GM","SI"
163,1,262,"GM","SI"
75,5,262,"GM","SI"
57,8,262,"GM","SI"
549,1,262,"GM","SI"
26,69,262,"GM","SI"
2,6,262,"GM","SI"
45,8,262,"GM","SI"
33,13,262,"GM","SI"
20,6,262,"GM","SI"
5,7,262,"GM","SI"
67,12,262,"GM","SI"
48,8,262,"GM","SI"
3,3,263,"GM","SI"
47,9,263,"GM","SI"
19,10,263,"GM","SI"
17,6,263,"GM","SI"
11,32,263,"GM","SI"
44,32,263,"GM","SI"
4,8,263,"GM","SI"
78,13,263,"GM","SI"
48,8,263,"GM","SI"
530,2,263,"GM","SI"
545,1,263,"GM","SI"
13,4,263,"GM","SI"
48,8,263,"GM","SI"
14,29,263,"GM","SI"
549,1,263,"GM","SI"
67,12,263,"GM","SI"
51,2,263,"GM","SI"
63,6,263,"GM","SI"
26,69,263,"GM","SI"
23,6,263,"GM","SI"
38,6,263,"GM","SI"
77,20,263,"GM","SI"
163,1,263,"GM","SI"
33,13,263,"GM","SI"
12,12,263,"GM","SI"
19,10,263,"GM","SI"
16,5,263,"GM","SI"
38,6,263,"GM","SI"
7,10,263,"GM","SI"
76,7,263,"GM","SI"
62,7,263,"GM","SI"
5,7,263,"GM","SI"
17,6,263,"GM","SI"
548,1,263,"GM","SI"
64,15,263,"GM","SI"
32,14,263,"GM","SI"
54,12,263,"GM","SI"
20,6,263,"GM","SI"
2,6,264,"GM","SI"
76,7,264,"GM","SI"
41,1,264,"GM","SI"
254,1,264,"GM","SI"
13,4,264,"GM","SI"
47,9,264,"GM","SI"
61,36,264,"GM","SI"
33,13,264,"GM","SI"
48,8,264,"GM","SI"
32,14,264,"GM","SI"
91,7,264,"GM","SI"
25,15,264,"GM","SI"
33,13,264,"GM","SI"
45,8,264,"GM","SI"
10,7,264,"GM","SI"
67,12,264,"GM","SI"
58,5,264,"GM","SI"
12,12,264,"GM","SI"
5,7,264,"GM","SI"
67,12,264,"GM","SI"
14,29,264,"GM","SI"
78,13,264,"GM","SI"
63,6,264,"GM","SI"
51,2,264,"GM","SI"
64,15,264,"GM","SI"
86,2,264,"GM","SI"
19,10,264,"GM","SI"
48,8,264,"GM","SI"
62,7,264,"GM","SI"
4,8,264,"GM","SI"
14,29,264,"GM","SI"
26,69,264,"GM","SI"
36,5,264,"GM","SI"
80,7,264,"GM","SI"
82,1,264,"GM","SI"
28,34,264,"GM","SI"
59,5,264,"GM","SI"
32,14,264,"GM","SI"
78,13,265,"GM","SI"
48,8,265,"GM","SI"
30,2,265,"GM","SI"
167,1,265,"GM","SI"
28,34,265,"GM","SI"
57,8,265,"GM","SI"
5,7,265,"GM","SI"
14,29,265,"GM","SI"
61,36,265,"GM","SI"
86,2,265,"GM","SI"
4,8,265,"GM","SI"
26,69,265,"GM","SI"
82,1,265,"GM","SI"
19,10,265,"GM","SI"
548,1,265,"GM","SI"
77,20,265,"GM","SI"
13,4,265,"GM","SI"
11,32,265,"GM","SI"
10,7,265,"GM","SI"
63,6,265,"GM","SI"
11,32,265,"GM","SI"
23,6,265,"GM","SI"
72,7,265,"GM","SI"
38,6,265,"GM","SI"
67,12,265,"GM","SI"
32,14,265,"GM","SI"
5,7,265,"GM","SI"
7,10,265,"GM","SI"
27,3,265,"GM","SI"
45,8,265,"GM","SI"
41,1,265,"GM","SI"
54,12,265,"GM","SI"
58,5,265,"GM","SI"
47,9,265,"GM","SI"
33,13,265,"GM","SI"
36,5,265,"GM","SI"
17,6,265,"GM","SI"
76,7,265,"GM","SI"
57,8,266,"GM","SI"
80,7,266,"GM","SI"
54,12,266,"GM","SI"
12,12,266,"GM","SI"
5,7,266,"GM","SI"
549,1,266,"GM","SI"
7,10,266,"GM","SI"
19,10,266,"GM","SI"
36,5,266,"GM","SI"
17,6,266,"GM","SI"
33,13,266,"GM","SI"
41,1,266,"GM","SI"
13,4,266,"GM","SI"
14,29,266,"GM","SI"
72,7,266,"GM","SI"
49,7,266,"GM","SI"
91,7,266,"GM","SI"
62,7,266,"GM","SI"
51,2,266,"GM","SI"
11,32,266,"GM","SI"
80,7,266,"GM","SI"
47,9,266,"GM","SI"
23,6,266,"GM","SI"
59,5,266,"GM","SI"
44,32,266,"GM","SI"
4,8,266,"GM","SI"
7,10,266,"GM","SI"
71,4,266,"GM","SI"
32,14,266,"GM","SI"
20,6,266,"GM","SI"
530,2,266,"GM","SI"
27,3,266,"GM","SI"
63,6,266,"GM","SI"
77,20,266,"GM","SI"
86,2,266,"GM","SI"
12,12,266,"GM","SI"
19,10,266,"GM","SI"
3,3,266,"GM","SI"
44,32,267,"GM","SI"
54,12,267,"GM","SI"
32,14,267,"GM","SI"
71,4,267,"GM","SI"
78,13,267,"GM","SI"
48,8,267,"GM","SI"
57,8,267,"GM","SI"
13,4,267,"GM","SI"
10,7,267,"GM","SI"
19,10,267,"GM","SI"
28,34,267,"GM","SI"
17,6,267,"GM","SI"
51,2,267,"GM","SI"
32,14,267,"GM","SI"
78,13,267,"GM","SI"
26,69,267,"GM","SI"
80,7,267,"GM","SI"
59,5,267,"GM","SI"
72,7,267,"GM","SI"
12,12,267,"GM","SI"
163,1,267,"GM","SI"
26,69,267,"GM","SI"
64,15,267,"GM","SI"
41,1,267,"GM","SI"
49,7,267,"GM","SI"
45,8,267,"GM","SI"
254,1,267,"GM","SI"
67,12,267,"GM","SI"
63,6,267,"GM","SI"
61,36,267,"GM","SI"
27,3,267,"GM","SI"
545,1,267,"GM","SI"
86,2,267,"GM","SI"
19,10,267,"GM","SI"
2,6,267,"GM","SI"
45,8,267,"GM","SI"
5,7,267,"GM","SI"
36,5,267,"GM","SI"
45,8,268,"GM","SI"
26,69,268,"GM","SI"
78,13,268,"GM","SI"
26,69,268,"GM","SI"
75,5,268,"GM","SI"
5,7,268,"GM","SI"
67,12,268,"GM","SI"
54,12,268,"GM","SI"
57,8,268,"GM","SI"
25,15,268,"GM","SI"
86,2,268,"GM","SI"
67,12,268,"GM","SI"
17,6,268,"GM","SI"
36,5,268,"GM","SI"
163,1,268,"GM","SI"
48,8,268,"GM","SI"
82,1,268,"GM","SI"
49,7,268,"GM","SI"
5,7,268,"GM","SI"
77,20,268,"GM","SI"
16,5,268,"GM","SI"
7,10,268,"GM","SI"
91,7,268,"GM","SI"
78,13,268,"GM","SI"
530,2,268,"GM","SI"
64,15,268,"GM","SI"
33,13,268,"GM","SI"
2,6,268,"GM","SI"
11,32,268,"GM","SI"
545,1,268,"GM","SI"
10,7,268,"GM","SI"
48,8,268,"GM","SI"
13,4,268,"GM","SI"
27,3,268,"GM","SI"
77,20,268,"GM","SI"
44,32,268,"GM","SI"
30,2,268,"GM","SI"
63,6,268,"GM","SI"
26,69,269,"GM","SI"
27,3,269,"GM","SI"
67,12,269,"GM","SI"
17,6,269,"GM","SI"
19,10,269,"GM","SI"
32,14,269,"GM","SI"
78,13,269,"GM","SI"
48,8,269,"GM","SI"
75,5,269,"GM","SI"
45,8,269,"GM","SI"
545,1,269,"GM","SI"
41,1,269,"GM","SI"
548,1,269,"GM","SI"
26,69,269,"GM","SI"
38,6,269,"GM","SI"
28,34,269,"GM","SI"
63,6,269,"GM","SI"
163,1,269,"GM","SI"
3,3,269,"GM","SI"
54,12,269,"GM","SI"
13,4,269,"GM","SI"
10,7,269,"GM","SI"
47,9,269,"GM","SI"
64,15,269,"GM","SI"
48,8,269,"GM","SI"
28,34,269,"GM","SI"
59,5,269,"GM","SI"
45,8,269,"GM","SI"
530,2,269,"GM","SI"
57,8,269,"GM","SI"
80,7,269,"GM","SI"
76,7,269,"GM","SI"
5,7,269,"GM","SI"
32,14,269,"GM","SI"
44,32,269,"GM","SI"
167,1,269,"GM","SI"
38,6,269,"GM","SI"
11,32,269,"GM","SI"
48,8,270,"GM","SI"
163,1,270,"GM","SI"
76,7,270,"GM","SI"
19,10,270,"GM","SI"
23,6,270,"GM","SI"
5,7,270,"GM","SI"
64,15,270,"GM","SI"
82,1,270,"GM","SI"
5,7,270,"GM","SI"
32,14,270,"GM","SI"
48,8,270,"GM","SI"
47,9,270,"GM","SI"
25,15,270,"GM","SI"
3,3,270,"GM","SI"
32,14,270,"GM","SI"
28,34,270,"GM","SI"
14,29,270,"GM","SI"
77,20,270,"GM","SI"
2,6,270,"GM","SI"
11,32,270,"GM","SI"
44,32,270,"GM","SI"
80,7,270,"GM","SI"
548,1,270,"GM","SI"
45,8,270,"GM","SI"
530,2,270,"GM","SI"
72,7,270,"GM","SI"
10,7,270,"GM","SI"
61,36,270,"GM","SI"
545,1,270,"GM","SI"
13,4,270,"GM","SI"
75,5,270,"GM","SI"
17,6,270,"GM","SI"
76,7,270,"GM","SI"
64,15,270,"GM","SI"
91,7,270,"GM","SI"
78,13,270,"GM","SI"
26,69,270,"GM","SI"
62,7,270,"GM","SI"
86,2,271,"GM","SI"
32,14,271,"GM","SI"
14,29,271,"GM","SI"
77,20,271,"GM","SI"
27,3,271,"GM","SI"
14,29,271,"GM","SI"
26,69,271,"GM","SI"
3,3,271,"GM","SI"
51,2,271,"GM","SI"
41,1,271,"GM","SI"
26,69,271,"GM","SI"
16,5,271,"GM","SI"
2,6,271,"GM","SI"
80,7,271,"GM","SI"
62,7,271,"GM","SI"
5,7,271,"GM","SI"
17,6,271,"GM","SI"
10,7,271,"GM","SI"
13,4,271,"GM","SI"
254,1,271,"GM","SI"
12,12,271,"GM","SI"
75,5,271,"GM","SI"
11,32,271,"GM","SI"
11,32,271,"GM","SI"
545,1,271,"GM","SI"
64,15,271,"GM","SI"
7,10,271,"GM","SI"
28,34,271,"GM","SI"
548,1,271,"GM","SI"
530,2,271,"GM","SI"
32,14,271,"GM","SI"
72,7,271,"GM","SI"
19,10,271,"GM","SI"
549,1,271,"GM","SI"
91,7,271,"GM","SI"
5,7,271,"GM","SI"
61,36,271,"GM","SI"
76,7,271,"GM","SI"
163,1,272,"GM","SI"
13,4,272,"GM","SI"
80,7,272,"GM","SI"
28,34,272,"GM","SI"
63,6,272,"GM","SI"
86,2,272,"GM","SI"
10,7,272,"GM","SI"
14,29,272,"GM","SI"
11,32,272,"GM","SI"
167,1,272,"GM","SI"
36,5,272,"GM","SI"
27,3,272,"GM","SI"
26,69,272,"GM","SI"
32,14,272,"GM","SI"
49,7,272,"GM","SI"
2,6,272,"GM","SI"
549,1,272,"GM","SI"
54,12,272,"GM","SI"
78,13,272,"GM","SI"
77,20,272,"GM","SI"
44,32,272,"GM","SI"
44,32,272,"GM","SI"
64,15,272,"GM","SI"
62,7,272,"GM","SI"
33,13,272,"GM","SI"
11,32,272,"GM","SI"
67,12,272,"GM","SI"
78,13,272,"GM","SI"
12,12,272,"GM","SI"
30,2,272,"GM","SI"
51,2,272,"GM","SI"
5,7,272,"GM","SI"
72,7,272,"GM","SI"
48,8,272,"GM","SI"
67,12,272,"GM","SI"
254,1,272,"GM","SI"
64,15,272,"GM","SI"
61,36,272,"GM","SI"
545,1,273,"GM","SI"
80,7,273,"GM","SI"
25,15,273,"GM","SI"
23,6,273,"GM","SI"
76,7,273,"GM","SI"
57,8,273,"GM","SI"
48,8,273,"GM","SI"
51,2,273,"GM","SI"
19,10,273,"GM","SI"
7,10,273,"GM","SI"
77,20,273,"GM","SI"
75,5,273,"GM","SI"
64,15,273,"GM","SI"
67,12,273,"GM","SI"
11,32,273,"GM","SI"
17,6,273,"GM","SI"
38,6,273,"GM","SI"
71,4,273,"GM","SI"
77,20,273,"GM","SI"
26,69,273,"GM","SI"
67,12,273,"GM","SI"
548,1,273,"GM","SI"
28,34,273,"GM","SI"
86,2,273,"GM","SI"
47,9,273,"GM","SI"
78,13,273,"GM","SI"
32,14,273,"GM","SI"
44,32,273,"GM","SI"
2,6,273,"GM","SI"
91,7,273,"GM","SI"
3,3,273,"GM","SI"
64,15,273,"GM","SI"
7,10,273,"GM","SI"
32,14,273,"GM","SI"
20,6,273,"GM","SI"
4,8,273,"GM","SI"
12,12,273,"GM","SI"
33,13,273,"GM","SI"
3,3,274,"GM","SI"
12,12,274,"GM","SI"
36,5,274,"GM","SI"
26,69,274,"GM","SI"
254,1,274,"GM","SI"
44,32,274,"GM","SI"
80,7,274,"GM","SI"
78,13,274,"GM","SI"
67,12,274,"GM","SI"
48,8,274,"GM","SI"
64,15,274,"GM","SI"
51,2,274,"GM","SI"
11,32,274,"GM","SI"
16,5,274,"GM","SI"
530,2,274,"GM","SI"
86,2,274,"GM","SI"
17,6,274,"GM","SI"
44,32,274,"GM","SI"
26,69,274,"GM","SI"
63,6,274,"GM","SI"
32,14,274,"GM","SI"
5,7,274,"GM","SI"
28,34,274,"GM","SI"
75,5,274,"GM","SI"
62,7,274,"GM","SI"
72,7,274,"GM","SI"
167,1,274,"GM","SI"
163,1,274,"GM","SI"
76,7,274,"GM","SI"
33,13,274,"GM","SI"
45,8,274,"GM","SI"
80,7,274,"GM","SI"
23,6,274,"GM","SI"
17,6,274,"GM","SI"
33,13,274,"GM","SI"
25,15,274,"GM","SI"
5,7,274,"GM","SI"
76,7,274,"GM","SI"
254,1,275,"GM","SI"
38,6,275,"GM","SI"
11,32,275,"GM","SI"
530,2,275,"GM","SI"
48,8,275,"GM","SI"
49,7,275,"GM","SI"
78,13,275,"GM","SI"
64,15,275,"GM","SI"
75,5,275,"GM","SI"
14,29,275,"GM","SI"
19,10,275,"GM","SI"
545,1,275,"GM","SI"
67,12,275,"GM","SI"
51,2,275,"GM","SI"
86,2,275,"GM","SI"
12,12,275,"GM","SI"
62,7,275,"GM","SI"
80,7,275,"GM","SI"
59,5,275,"GM","SI"
163,1,275,"GM","SI"
54,12,275,"GM","SI"
61,36,275,"GM","SI"
28,34,275,"GM","SI"
77,20,275,"GM","SI"
13,4,275,"GM","SI"
17,6,275,"GM","SI"
47,9,275,"GM","SI"
25,15,275,"GM","SI"
57,8,275,"GM","SI"
41,1,275,"GM","SI"
14,29,275,"GM","SI"
3,3,275,"GM","SI"
16,5,275,"GM","SI"
67,12,275,"GM","SI"
38,6,275,"GM","SI"
167,1,275,"GM","SI"
7,10,275,"GM","SI"
549,1,275,"GM","SI"
59,5,276,"GM","SI"
57,8,276,"GM","SI"
167,1,276,"GM","SI"
3,3,276,"GM","SI"
16,5,276,"GM","SI"
33,13,276,"GM","SI"
38,6,276,"GM","SI"
80,7,276,"GM","SI"
32,14,276,"GM","SI"
77,20,276,"GM","SI"
530,2,276,"GM","SI"
76,7,276,"GM","SI"
10,7,276,"GM","SI"
48,8,276,"GM","SI"
14,29,276,"GM","SI"
36,5,276,"GM","SI"
72,7,276,"GM","SI"
26,69,276,"GM","SI"
13,4,276,"GM","SI"
548,1,276,"GM","SI"
254,1,276,"GM","SI"
7,10,276,"GM","SI"
13,4,276,"GM","SI"
7,10,276,"GM","SI"
11,32,276,"GM","SI"
17,6,276,"GM","SI"
33,13,276,"GM","SI"
19,10,276,"GM","SI"
75,5,276,"GM","SI"
77,20,276,"GM","SI"
41,1,276,"GM","SI"
23,6,276,"GM","SI"
54,12,276,"GM","SI"
80,7,276,"GM","SI"
14,29,276,"GM","SI"
45,8,276,"GM","SI"
44,32,276,"GM","SI"
4,8,276,"GM","SI"
3,3,277,"GM","SI"
45,8,277,"GM","SI"
41,1,277,"GM","SI"
76,7,277,"GM","SI"
38,6,277,"GM","SI"
77,20,277,"GM","SI"
59,5,277,"GM","SI"
32,14,277,"GM","SI"
78,13,277,"GM","SI"
54,12,277,"GM","SI"
13,4,277,"GM","SI"
12,12,277,"GM","SI"
11,32,277,"GM","SI"
58,5,277,"GM","SI"
548,1,277,"GM","SI"
25,15,277,"GM","SI"
33,13,277,"GM","SI"
76,7,277,"GM","SI"
75,5,277,"GM","SI"
26,69,277,"GM","SI"
14,29,277,"GM","SI"
14,29,277,"GM","SI"
67,12,277,"GM","SI"
4,8,277,"GM","SI"
36,5,277,"GM","SI"
38,6,277,"GM","SI"
16,5,277,"GM","SI"
64,15,277,"GM","SI"
62,7,277,"GM","SI"
7,10,277,"GM","SI"
23,6,277,"GM","SI"
254,1,277,"GM","SI"
80,7,277,"GM","SI"
549,1,277,"GM","SI"
11,32,277,"GM","SI"
67,12,277,"GM","SI"
28,34,277,"GM","SI"
61,36,277,"GM","SI"
47,9,278,"GM","SI"
7,10,278,"GM","SI"
44,32,278,"GM","SI"
27,3,278,"GM","SI"
549,1,278,"GM","SI"
19,10,278,"GM","SI"
38,6,278,"GM","SI"
57,8,278,"GM","SI"
58,5,278,"GM","SI"
14,29,278,"GM","SI"
51,2,278,"GM","SI"
13,4,278,"GM","SI"
49,7,278,"GM","SI"
13,4,278,"GM","SI"
67,12,278,"GM","SI"
19,10,278,"GM","SI"
78,13,278,"GM","SI"
28,34,278,"GM","SI"
25,15,278,"GM","SI"
77,20,278,"GM","SI"
17,6,278,"GM","SI"
530,2,278,"GM","SI"
61,36,278,"GM","SI"
10,7,278,"GM","SI"
72,7,278,"GM","SI"
91,7,278,"GM","SI"
548,1,278,"GM","SI"
33,13,278,"GM","SI"
254,1,278,"GM","SI"
12,12,278,"GM","SI"
7,10,278,"GM","SI"
71,4,278,"GM","SI"
36,5,278,"GM","SI"
80,7,278,"GM","SI"
64,15,278,"GM","SI"
63,6,278,"GM","SI"
163,1,278,"GM","SI"
62,7,278,"GM","SI"
5,7,279,"GM","SI"
64,15,279,"GM","SI"
45,8,279,"GM","SI"
78,13,279,"GM","SI"
10,7,279,"GM","SI"
86,2,279,"GM","SI"
4,8,279,"GM","SI"
25,15,279,"GM","SI"
17,6,279,"GM","SI"
77,20,279,"GM","SI"
57,8,279,"GM","SI"
12,12,279,"GM","SI"
51,2,279,"GM","SI"
7,10,279,"GM","SI"
71,4,279,"GM","SI"
45,8,279,"GM","SI"
67,12,279,"GM","SI"
163,1,279,"GM","SI"
28,34,279,"GM","SI"
61,36,279,"GM","SI"
48,8,279,"GM","SI"
11,32,279,"GM","SI"
19,10,279,"GM","SI"
11,32,279,"GM","SI"
2,6,279,"GM","SI"
167,1,279,"GM","SI"
19,10,279,"GM","SI"
72,7,279,"GM","SI"
38,6,279,"GM","SI"
20,6,279,"GM","SI"
82,1,279,"GM","SI"
14,29,279,"GM","SI"
38,6,279,"GM","SI"
17,6,279,"GM","SI"
545,1,279,"GM","SI"
44,32,279,"GM","SI"
7,10,279,"GM","SI"
12,12,279,"GM","SI"
12,12,280,"GM","SI"
26,69,280,"GM","SI"
32,14,280,"GM","SI"
12,12,280,"GM","SI"
167,1,280,"GM","SI"
77,20,280,"GM","SI"
530,2,280,"GM","SI"
67,12,280,"GM","SI"
28,34,280,"GM","SI"
76,7,280,"GM","SI"
14,29,280,"GM","SI"
54,12,280,"GM","SI"
163,1,280,"GM","SI"
26,69,280,"GM","SI"
80,7,280,"GM","SI"
86,2,280,"GM","SI"
64,15,280,"GM","SI"
33,13,280,"GM","SI"
58,5,280,"GM","SI"
63,6,280,"GM","SI"
44,32,280,"GM","SI"
48,8,280,"GM","SI"
17,6,280,"GM","SI"
25,15,280,"GM","SI"
36,5,280,"GM","SI"
48,8,280,"GM","SI"
5,7,280,"GM","SI"
45,8,280,"GM","SI"
20,6,280,"GM","SI"
44,32,280,"GM","SI"
49,7,280,"GM","SI"
549,1,280,"GM","SI"
30,2,280,"GM","SI"
27,3,280,"GM","SI"
16,5,280,"GM","SI"
5,7,280,"GM","SI"
254,1,280,"GM","SI"
10,7,280,"GM","SI"
72,7,281,"GM","SI"
58,5,281,"GM","SI"
23,6,281,"GM","SI"
32,14,281,"GM","SI"
12,12,281,"GM","SI"
36,5,281,"GM","SI"
78,13,281,"GM","SI"
76,7,281,"GM","SI"
33,13,281,"GM","SI"
45,8,281,"GM","SI"
28,34,281,"GM","SI"
5,7,281,"GM","SI"
20,6,281,"GM","SI"
76,7,281,"GM","SI"
30,2,281,"GM","SI"
59,5,281,"GM","SI"
86,2,281,"GM","SI"
3,3,281,"GM","SI"
12,12,281,"GM","SI"
2,6,281,"GM","SI"
25,15,281,"GM","SI"
45,8,281,"GM","SI"
4,8,281,"GM","SI"
32,14,281,"GM","SI"
64,15,281,"GM","SI"
48,8,281,"GM","SI"
11,32,281,"GM","SI"
47,9,281,"GM","SI"
254,1,281,"GM","SI"
549,1,281,"GM","SI"
38,6,281,"GM","SI"
71,4,281,"GM","SI"
163,1,281,"GM","SI"
61,36,281,"GM","SI"
14,29,281,"GM","SI"
14,29,281,"GM","SI"
63,6,281,"GM","SI"
33,13,281,"GM","SI"
5,7,282,"GM","SI"
38,6,282,"GM","SI"
80,7,282,"GM","SI"
26,69,282,"GM","SI"
33,13,282,"GM","SI"
63,6,282,"GM","SI"
14,29,282,"GM","SI"
76,7,282,"GM","SI"
17,6,282,"GM","SI"
76,7,282,"GM","SI"
28,34,282,"GM","SI"
64,15,282,"GM","SI"
14,29,282,"GM","SI"
54,12,282,"GM","SI"
78,13,282,"GM","SI"
75,5,282,"GM","SI"
62,7,282,"GM","SI"
167,1,282,"GM","SI"
51,2,282,"GM","SI"
3,3,282,"GM","SI"
11,32,282,"GM","SI"
4,8,282,"GM","SI"
47,9,282,"GM","SI"
12,12,282,"GM","SI"
545,1,282,"GM","SI"
61,36,282,"GM","SI"
64,15,282,"GM","SI"
5,7,282,"GM","SI"
30,2,282,"GM","SI"
19,10,282,"GM","SI"
80,7,282,"GM","SI"
7,10,282,"GM","SI"
27,3,282,"GM","SI"
19,10,282,"GM","SI"
2,6,282,"GM","SI"
86,2,282,"GM","SI"
530,2,282,"GM","SI"
13,4,282,"GM","SI"
86,2,283,"GM","SI"
19,10,283,"GM","SI"
17,6,283,"GM","SI"
16,5,283,"GM","SI"
36,5,283,"GM","SI"
59,5,283,"GM","SI"
77,20,283,"GM","SI"
58,5,283,"GM","SI"
163,1,283,"GM","SI"
548,1,283,"GM","SI"
67,12,283,"GM","SI"
23,6,283,"GM","SI"
80,7,283,"GM","SI"
82,1,283,"GM","SI"
11,32,283,"GM","SI"
80,7,283,"GM","SI"
10,7,283,"GM","SI"
32,14,283,"GM","SI"
2,6,283,"GM","SI"
57,8,283,"GM","SI"
61,36,283,"GM","SI"
48,8,283,"GM","SI"
47,9,283,"GM","SI"
75,5,283,"GM","SI"
4,8,283,"GM","SI"
78,13,283,"GM","SI"
71,4,283,"GM","SI"
14,29,283,"GM","SI"
27,3,283,"GM","SI"
17,6,283,"GM","SI"
3,3,283,"GM","SI"
78,13,283,"GM","SI"
64,15,283,"GM","SI"
76,7,283,"GM","SI"
41,1,283,"GM","SI"
26,69,283,"GM","SI"
5,7,283,"GM","SI"
5,7,283,"GM","SI"
59,5,284,"GM","SI"
57,8,284,"GM","SI"
61,36,284,"GM","SI"
32,14,284,"GM","SI"
13,4,284,"GM","SI"
19,10,284,"GM","SI"
7,10,284,"GM","SI"
3,3,284,"GM","SI"
11,32,284,"GM","SI"
163,1,284,"GM","SI"
38,6,284,"GM","SI"
25,15,284,"GM","SI"
38,6,284,"GM","SI"
12,12,284,"GM","SI"
41,1,284,"GM","SI"
14,29,284,"GM","SI"
2,6,284,"GM","SI"
51,2,284,"GM","SI"
67,12,284,"GM","SI"
44,32,284,"GM","SI"
545,1,284,"GM","SI"
72,7,284,"GM","SI"
13,4,284,"GM","SI"
71,4,284,"GM","SI"
48,8,284,"GM","SI"
80,7,284,"GM","SI"
82,1,284,"GM","SI"
5,7,284,"GM","SI"
80,7,284,"GM","SI"
45,8,284,"GM","SI"
26,69,284,"GM","SI"
28,34,284,"GM","SI"
548,1,284,"GM","SI"
530,2,284,"GM","SI"
32,14,284,"GM","SI"
63,6,284,"GM","SI"
48,8,284,"GM","SI"
19,10,284,"GM","SI"
26,69,285,"GM","SI"
545,1,285,"GM","SI"
67,12,285,"GM","SI"
78,13,285,"GM","SI"
16,5,285,"GM","SI"
45,8,285,"GM","SI"
58,5,285,"GM","SI"
67,12,285,"GM","SI"
10,7,285,"GM","SI"
11,32,285,"GM","SI"
530,2,285,"GM","SI"
82,1,285,"GM","SI"
71,4,285,"GM","SI"
23,6,285,"GM","SI"
61,36,285,"GM","SI"
49,7,285,"GM","SI"
28,34,285,"GM","SI"
7,10,285,"GM","SI"
19,10,285,"GM","SI"
32,14,285,"GM","SI"
72,7,285,"GM","SI"
48,8,285,"GM","SI"
13,4,285,"GM","SI"
20,6,285,"GM","SI"
3,3,285,"GM","SI"
80,7,285,"GM","SI"
76,7,285,"GM","SI"
51,2,285,"GM","SI"
5,7,285,"GM","SI"
26,69,285,"GM","SI"
48,8,285,"GM","SI"
11,32,285,"GM","SI"
59,5,285,"GM","SI"
54,12,285,"GM","SI"
167,1,285,"GM","SI"
12,12,285,"GM","SI"
17,6,285,"GM","SI"
28,34,285,"GM","SI"
38,6,286,"GM","SI"
163,1,286,"GM","SI"
3,3,286,"GM","SI"
11,32,286,"GM","SI"
13,4,286,"GM","SI"
62,7,286,"GM","SI"
549,1,286,"GM","SI"
64,15,286,"GM","SI"
44,32,286,"GM","SI"
59,5,286,"GM","SI"
58,5,286,"GM","SI"
254,1,286,"GM","SI"
14,29,286,"GM","SI"
12,12,286,"GM","SI"
20,6,286,"GM","SI"
75,5,286,"GM","SI"
82,1,286,"GM","SI"
86,2,286,"GM","SI"
48,8,286,"GM","SI"
67,12,286,"GM","SI"
16,5,286,"GM","SI"
167,1,286,"GM","SI"
32,14,286,"GM","SI"
61,36,286,"GM","SI"
67,12,286,"GM","SI"
7,10,286,"GM","SI"
5,7,286,"GM","SI"
548,1,286,"GM","SI"
25,15,286,"GM","SI"
27,3,286,"GM","SI"
78,13,286,"GM","SI"
57,8,286,"GM","SI"
80,7,286,"GM","SI"
19,10,286,"GM","SI"
26,69,286,"GM","SI"
71,4,286,"GM","SI"
77,20,286,"GM","SI"
12,12,286,"GM","SI"
19,10,287,"GM","SI"
26,69,287,"GM","SI"
10,7,287,"GM","SI"
82,1,287,"GM","SI"
49,7,287,"GM","SI"
20,6,287,"GM","SI"
549,1,287,"GM","SI"
32,14,287,"GM","SI"
86,2,287,"GM","SI"
25,15,287,"GM","SI"
2,6,287,"GM","SI"
77,20,287,"GM","SI"
167,1,287,"GM","SI"
67,12,287,"GM","SI"
23,6,287,"GM","SI"
61,36,287,"GM","SI"
7,10,287,"GM","SI"
44,32,287,"GM","SI"
45,8,287,"GM","SI"
33,13,287,"GM","SI"
80,7,287,"GM","SI"
28,34,287,"GM","SI"
48,8,287,"GM","SI"
67,12,287,"GM","SI"
51,2,287,"GM","SI"
44,32,287,"GM","SI"
28,34,287,"GM","SI"
57,8,287,"GM","SI"
26,69,287,"GM","SI"
4,8,287,"GM","SI"
5,7,287,"GM","SI"
545,1,287,"GM","SI"
58,5,287,"GM","SI"
14,29,287,"GM","SI"
11,32,287,"GM","SI"
76,7,287,"GM","SI"
80,7,287,"GM","SI"
59,5,287,"GM","SI"
32,14,288,"GM","SI"
91,7,288,"GM","SI"
86,2,288,"GM","SI"
11,32,288,"GM","SI"
30,2,288,"GM","SI"
64,15,288,"GM","SI"
62,7,288,"GM","SI"
36,5,288,"GM","SI"
48,8,288,"GM","SI"
11,32,288,"GM","SI"
530,2,288,"GM","SI"
14,29,288,"GM","SI"
80,7,288,"GM","SI"
71,4,288,"GM","SI"
44,32,288,"GM","SI"
25,15,288,"GM","SI"
26,69,288,"GM","SI"
167,1,288,"GM","SI"
82,1,288,"GM","SI"
51,2,288,"GM","SI"
12,12,288,"GM","SI"
48,8,288,"GM","SI"
17,6,288,"GM","SI"
28,34,288,"GM","SI"
14,29,288,"GM","SI"
38,6,288,"GM","SI"
44,32,288,"GM","SI"
47,9,288,"GM","SI"
16,5,288,"GM","SI"
28,34,288,"GM","SI"
19,10,288,"GM","SI"
33,13,288,"GM","SI"
33,13,288,"GM","SI"
58,5,288,"GM","SI"
23,6,288,"GM","SI"
77,20,288,"GM","SI"
5,7,288,"GM","SI"
2,6,288,"GM","SI"
45,8,289,"GM","SI"
20,6,289,"GM","SI"
549,1,289,"GM","SI"
71,4,289,"GM","SI"
36,5,289,"GM","SI"
44,32,289,"GM","SI"
91,7,289,"GM","SI"
30,2,289,"GM","SI"
38,6,289,"GM","SI"
80,7,289,"GM","SI"
86,2,289,"GM","SI"
12,12,289,"GM","SI"
41,1,289,"GM","SI"
78,13,289,"GM","SI"
63,6,289,"GM","SI"
13,4,289,"GM","SI"
51,2,289,"GM","SI"
77,20,289,"GM","SI"
27,3,289,"GM","SI"
4,8,289,"GM","SI"
57,8,289,"GM","SI"
61,36,289,"GM","SI"
28,34,289,"GM","SI"
76,7,289,"GM","SI"
2,6,289,"GM","SI"
254,1,289,"GM","SI"
545,1,289,"GM","SI"
75,5,289,"GM","SI"
77,20,289,"GM","SI"
12,12,289,"GM","SI"
82,1,289,"GM","SI"
33,13,289,"GM","SI"
14,29,289,"GM","SI"
13,4,289,"GM","SI"
11,32,289,"GM","SI"
32,14,289,"GM","SI"
33,13,289,"GM","SI"
7,10,289,"GM","SI"
27,3,290,"GM","SI"
91,7,290,"GM","SI"
17,6,290,"GM","SI"
72,7,290,"GM","SI"
77,20,290,"GM","SI"
545,1,290,"GM","SI"
82,1,290,"GM","SI"
12,12,290,"GM","SI"
48,8,290,"GM","SI"
64,15,290,"GM","SI"
13,4,290,"GM","SI"
36,5,290,"GM","SI"
80,7,290,"GM","SI"
80,7,290,"GM","SI"
47,9,290,"GM","SI"
28,34,290,"GM","SI"
11,32,290,"GM","SI"
71,4,290,"GM","SI"
75,5,290,"GM","SI"
13,4,290,"GM","SI"
38,6,290,"GM","SI"
49,7,290,"GM","SI"
86,2,290,"GM","SI"
5,7,290,"GM","SI"
14,29,290,"GM","SI"
530,2,290,"GM","SI"
33,13,290,"GM","SI"
76,7,290,"GM","SI"
45,8,290,"GM","SI"
61,36,290,"GM","SI"
7,10,290,"GM","SI"
45,8,290,"GM","SI"
14,29,290,"GM","SI"
54,12,290,"GM","SI"
38,6,290,"GM","SI"
16,5,290,"GM","SI"
44,32,290,"GM","SI"
26,69,290,"GM","SI"
38,6,291,"GM","SI"
32,14,291,"GM","SI"
23,6,291,"GM","SI"
45,8,291,"GM","SI"
44,32,291,"GM","SI"
48,8,291,"GM","SI"
19,10,291,"GM","SI"
11,32,291,"GM","SI"
41,1,291,"GM","SI"
545,1,291,"GM","SI"
45,8,291,"GM","SI"
12,12,291,"GM","SI"
82,1,291,"GM","SI"
17,6,291,"GM","SI"
64,15,291,"GM","SI"
33,13,291,"GM","SI"
10,7,291,"GM","SI"
16,5,291,"GM","SI"
77,20,291,"GM","SI"
80,7,291,"GM","SI"
26,69,291,"GM","SI"
17,6,291,"GM","SI"
167,1,291,"GM","SI"
3,3,291,"GM","SI"
5,7,291,"GM","SI"
48,8,291,"GM","SI"
25,15,291,"GM","SI"
33,13,291,"GM","SI"
51,2,291,"GM","SI"
13,4,291,"GM","SI"
163,1,291,"GM","SI"
58,5,291,"GM","SI"
54,12,291,"GM","SI"
13,4,291,"GM","SI"
67,12,291,"GM","SI"
27,3,291,"GM","SI"
62,7,291,"GM","SI"
28,34,291,"GM","SI"
67,12,292,"GM","SI"
64,15,292,"GM","SI"
86,2,292,"GM","SI"
32,14,292,"GM","SI"
7,10,292,"GM","SI"
14,29,292,"GM","SI"
19,10,292,"GM","SI"
14,29,292,"GM","SI"
23,6,292,"GM","SI"
54,12,292,"GM","SI"
28,34,292,"GM","SI"
80,7,292,"GM","SI"
48,8,292,"GM","SI"
47,9,292,"GM","SI"
33,13,292,"GM","SI"
57,8,292,"GM","SI"
45,8,292,"GM","SI"
5,7,292,"GM","SI"
67,12,292,"GM","SI"
17,6,292,"GM","SI"
163,1,292,"GM","SI"
167,1,292,"GM","SI"
13,4,292,"GM","SI"
63,6,292,"GM","SI"
530,2,292,"GM","SI"
78,13,292,"GM","SI"
41,1,292,"GM","SI"
38,6,292,"GM","SI"
20,6,292,"GM","SI"
19,10,292,"GM","SI"
12,12,292,"GM","SI"
12,12,292,"GM","SI"
10,7,292,"GM","SI"
82,1,292,"GM","SI"
254,1,292,"GM","SI"
62,7,292,"GM","SI"
2,6,292,"GM","SI"
76,7,292,"GM","SI"
33,13,293,"GM","SI"
17,6,293,"GM","SI"
17,6,293,"GM","SI"
58,5,293,"GM","SI"
77,20,293,"GM","SI"
32,14,293,"GM","SI"
38,6,293,"GM","SI"
11,32,293,"GM","SI"
20,6,293,"GM","SI"
2,6,293,"GM","SI"
12,12,293,"GM","SI"
13,4,293,"GM","SI"
548,1,293,"GM","SI"
4,8,293,"GM","SI"
5,7,293,"GM","SI"
5,7,293,"GM","SI"
78,13,293,"GM","SI"
48,8,293,"GM","SI"
28,34,293,"GM","SI"
64,15,293,"GM","SI"
28,34,293,"GM","SI"
30,2,293,"GM","SI"
80,7,293,"GM","SI"
78,13,293,"GM","SI"
545,1,293,"GM","SI"
36,5,293,"GM","SI"
549,1,293,"GM","SI"
76,7,293,"GM","SI"
47,9,293,"GM","SI"
67,12,293,"GM","SI"
14,29,293,"GM","SI"
41,1,293,"GM","SI"
63,6,293,"GM","SI"
32,14,293,"GM","SI"
75,5,293,"GM","SI"
77,20,293,"GM","SI"
7,10,293,"GM","SI"
7,10,293,"GM","SI"
26,69,294,"GM","SI"
36,5,294,"GM","SI"
23,6,294,"GM","SI"
47,9,294,"GM","SI"
64,15,294,"GM","SI"
11,32,294,"GM","SI"
59,5,294,"GM","SI"
545,1,294,"GM","SI"
41,1,294,"GM","SI"
45,8,294,"GM","SI"
86,2,294,"GM","SI"
54,12,294,"GM","SI"
44,32,294,"GM","SI"
75,5,294,"GM","SI"
14,29,294,"GM","SI"
7,10,294,"GM","SI"
7,10,294,"GM","SI"
72,7,294,"GM","SI"
5,7,294,"GM","SI"
80,7,294,"GM","SI"
58,5,294,"GM","SI"
27,3,294,"GM","SI"
33,13,294,"GM","SI"
17,6,294,"GM","SI"
61,36,294,"GM","SI"
19,10,294,"GM","SI"
5,7,294,"GM","SI"
76,7,294,"GM","SI"
28,34,294,"GM","SI"
2,6,294,"GM","SI"
48,8,294,"GM","SI"
13,4,294,"GM","SI"
78,13,294,"GM","SI"
28,34,294,"GM","SI"
13,4,294,"GM","SI"
33,13,294,"GM","SI"
44,32,294,"GM","SI"
167,1,294,"GM","SI"
28,34,295,"GM","SI"
167,1,295,"GM","SI"
78,13,295,"GM","SI"
11,32,295,"GM","SI"
12,12,295,"GM","SI"
254,1,295,"GM","SI"
19,10,295,"GM","SI"
49,7,295,"GM","SI"
77,20,295,"GM","SI"
25,15,295,"GM","SI"
548,1,295,"GM","SI"
549,1,295,"GM","SI"
30,2,295,"GM","SI"
38,6,295,"GM","SI"
19,10,295,"GM","SI"
36,5,295,"GM","SI"
7,10,295,"GM","SI"
41,1,295,"GM","SI"
72,7,295,"GM","SI"
530,2,295,"GM","SI"
14,29,295,"GM","SI"
64,15,295,"GM","SI"
17,6,295,"GM","SI"
33,13,295,"GM","SI"
28,34,295,"GM","SI"
64,15,295,"GM","SI"
77,20,295,"GM","SI"
48,8,295,"GM","SI"
48,8,295,"GM","SI"
5,7,295,"GM","SI"
5,7,295,"GM","SI"
63,6,295,"GM","SI"
44,32,295,"GM","SI"
13,4,295,"GM","SI"
11,32,295,"GM","SI"
12,12,295,"GM","SI"
2,6,295,"GM","SI"
14,29,295,"GM","SI"
254,1,296,"GM","SI"
33,13,296,"GM","SI"
44,32,296,"GM","SI"
11,32,296,"GM","SI"
38,6,296,"GM","SI"
71,4,296,"GM","SI"
25,15,296,"GM","SI"
2,6,296,"GM","SI"
77,20,296,"GM","SI"
57,8,296,"GM","SI"
51,2,296,"GM","SI"
59,5,296,"GM","SI"
5,7,296,"GM","SI"
26,69,296,"GM","SI"
75,5,296,"GM","SI"
10,7,296,"GM","SI"
77,20,296,"GM","SI"
78,13,296,"GM","SI"
67,12,296,"GM","SI"
14,29,296,"GM","SI"
72,7,296,"GM","SI"
7,10,296,"GM","SI"
20,6,296,"GM","SI"
91,7,296,"GM","SI"
47,9,296,"GM","SI"
163,1,296,"GM","SI"
64,15,296,"GM","SI"
36,5,296,"GM","SI"
76,7,296,"GM","SI"
30,2,296,"GM","SI"
5,7,296,"GM","SI"
12,12,296,"GM","SI"
80,7,296,"GM","SI"
64,15,296,"GM","SI"
13,4,296,"GM","SI"
13,4,296,"GM","SI"
530,2,296,"GM","SI"
54,12,296,"GM","SI"
45,8,297,"GM","SI"
12,12,297,"GM","SI"
7,10,297,"GM","SI"
36,5,297,"GM","SI"
33,13,297,"GM","SI"
545,1,297,"GM","SI"
76,7,297,"GM","SI"
26,69,297,"GM","SI"
14,29,297,"GM","SI"
49,7,297,"GM","SI"
5,7,297,"GM","SI"
61,36,297,"GM","SI"
11,32,297,"GM","SI"
80,7,297,"GM","SI"
78,13,297,"GM","SI"
26,69,297,"GM","SI"
530,2,297,"GM","SI"
254,1,297,"GM","SI"
25,15,297,"GM","SI"
548,1,297,"GM","SI"
20,6,297,"GM","SI"
30,2,297,"GM","SI"
16,5,297,"GM","SI"
32,14,297,"GM","SI"
41,1,297,"GM","SI"
10,7,297,"GM","SI"
48,8,297,"GM","SI"
51,2,297,"GM","SI"
167,1,297,"GM","SI"
54,12,297,"GM","SI"
67,12,297,"GM","SI"
28,34,297,"GM","SI"
549,1,297,"GM","SI"
28,34,297,"GM","SI"
76,7,297,"GM","SI"
19,10,297,"GM","SI"
47,9,297,"GM","SI"
45,8,297,"GM","SI"
91,7,298,"GM","SI"
12,12,298,"GM","SI"
47,9,298,"GM","SI"
28,34,298,"GM","SI"
51,2,298,"GM","SI"
17,6,298,"GM","SI"
61,36,298,"GM","SI"
77,20,298,"GM","SI"
3,3,298,"GM","SI"
12,12,298,"GM","SI"
4,8,298,"GM","SI"
33,13,298,"GM","SI"
58,5,298,"GM","SI"
48,8,298,"GM","SI"
45,8,298,"GM","SI"
17,6,298,"GM","SI"
67,12,298,"GM","SI"
80,7,298,"GM","SI"
7,10,298,"GM","SI"
64,15,298,"GM","SI"
163,1,298,"GM","SI"
530,2,298,"GM","SI"
38,6,298,"GM","SI"
30,2,298,"GM","SI"
57,8,298,"GM","SI"
16,5,298,"GM","SI"
71,4,298,"GM","SI"
49,7,298,"GM","SI"
63,6,298,"GM","SI"
26,69,298,"GM","SI"
5,7,298,"GM","SI"
14,29,298,"GM","SI"
2,6,298,"GM","SI"
549,1,298,"GM","SI"
62,7,298,"GM","SI"
19,10,298,"GM","SI"
545,1,298,"GM","SI"
78,13,298,"GM","SI"
80,7,299,"GM","SI"
3,3,299,"GM","SI"
25,15,299,"GM","SI"
13,4,299,"GM","SI"
86,2,299,"GM","SI"
45,8,299,"GM","SI"
54,12,299,"GM","SI"
12,12,299,"GM","SI"
77,20,299,"GM","SI"
78,13,299,"GM","SI"
26,69,299,"GM","SI"
14,29,299,"GM","SI"
163,1,299,"GM","SI"
77,20,299,"GM","SI"
5,7,299,"GM","SI"
51,2,299,"GM","SI"
48,8,299,"GM","SI"
45,8,299,"GM","SI"
75,5,299,"GM","SI"
19,10,299,"GM","SI"
30,2,299,"GM","SI"
548,1,299,"GM","SI"
80,7,299,"GM","SI"
530,2,299,"GM","SI"
17,6,299,"GM","SI"
59,5,299,"GM","SI"
13,4,299,"GM","SI"
72,7,299,"GM","SI"
32,14,299,"GM","SI"
82,1,299,"GM","SI"
64,15,299,"GM","SI"
32,14,299,"GM","SI"
62,7,299,"GM","SI"
16,5,299,"GM","SI"
11,32,299,"GM","SI"
76,7,299,"GM","SI"
47,9,299,"GM","SI"
549,1,299,"GM","SI"
62,7,300,"GM","SI"
48,8,300,"GM","SI"
549,1,300,"GM","SI"
26,69,300,"GM","SI"
61,36,300,"GM","SI"
3,3,300,"GM","SI"
45,8,300,"GM","SI"
64,15,300,"GM","SI"
20,6,300,"GM","SI"
86,2,300,"GM","SI"
10,7,300,"GM","SI"
14,29,300,"GM","SI"
33,13,300,"GM","SI"
17,6,300,"GM","SI"
32,14,300,"GM","SI"
64,15,300,"GM","SI"
80,7,300,"GM","SI"
26,69,300,"GM","SI"
76,7,300,"GM","SI"
59,5,300,"GM","SI"
254,1,300,"GM","SI"
548,1,300,"GM","SI"
5,7,300,"GM","SI"
33,13,300,"GM","SI"
19,10,300,"GM","SI"
44,32,300,"GM","SI"
71,4,300,"GM","SI"
78,13,300,"GM","SI"
25,15,300,"GM","SI"
54,12,300,"GM","SI"
78,13,300,"GM","SI"
163,1,300,"GM","SI"
57,8,300,"GM","SI"
75,5,300,"GM","SI"
38,6,300,"GM","SI"
7,10,300,"GM","SI"
5,7,300,"GM","SI"
63,6,300,"GM","SI"
2,6,301,"GM","SI"
7,10,301,"GM","SI"
61,36,301,"GM","SI"
548,1,301,"GM","SI"
91,7,301,"GM","SI"
26,69,301,"GM","SI"
19,10,301,"GM","SI"
163,1,301,"GM","SI"
23,6,301,"GM","SI"
17,6,301,"GM","SI"
20,6,301,"GM","SI"
44,32,301,"GM","SI"
54,12,301,"GM","SI"
64,15,301,"GM","SI"
28,34,301,"GM","SI"
13,4,301,"GM","SI"
5,7,301,"GM","SI"
38,6,301,"GM","SI"
19,10,301,"GM","SI"
48,8,301,"GM","SI"
77,20,301,"GM","SI"
28,34,301,"GM","SI"
62,7,301,"GM","SI"
11,32,301,"GM","SI"
14,29,301,"GM","SI"
44,32,301,"GM","SI"
25,15,301,"GM","SI"
10,7,301,"GM","SI"
58,5,301,"GM","SI"
78,13,301,"GM","SI"
45,8,301,"GM","SI"
3,3,301,"GM","SI"
75,5,301,"GM","SI"
77,20,301,"GM","SI"
80,7,301,"GM","SI"
48,8,301,"GM","SI"
7,10,301,"GM","SI"
47,9,301,"GM","SI"
548,1,302,"GM","SI"
7,10,302,"GM","SI"
78,13,302,"GM","SI"
38,6,302,"GM","SI"
82,1,302,"GM","SI"
58,5,302,"GM","SI"
75,5,302,"GM","SI"
91,7,302,"GM","SI"
28,34,302,"GM","SI"
25,15,302,"GM","SI"
57,8,302,"GM","SI"
64,15,302,"GM","SI"
20,6,302,"GM","SI"
545,1,302,"GM","SI"
2,6,302,"GM","SI"
5,7,302,"GM","SI"
23,6,302,"GM","SI"
76,7,302,"GM","SI"
44,32,302,"GM","SI"
36,5,302,"GM","SI"
86,2,302,"GM","SI"
44,32,302,"GM","SI"
26,69,302,"GM","SI"
62,7,302,"GM","SI"
49,7,302,"GM","SI"
19,10,302,"GM","SI"
48,8,302,"GM","SI"
76,7,302,"GM","SI"
32,14,302,"GM","SI"
59,5,302,"GM","SI"
45,8,302,"GM","SI"
5,7,302,"GM","SI"
67,12,302,"GM","SI"
77,20,302,"GM","SI"
28,34,302,"GM","SI"
12,12,302,"GM","SI"
38,6,302,"GM","SI"
33,13,302,"GM","SI"
13,4,303,"GM","SI"
47,9,303,"GM","SI"
23,6,303,"GM","SI"
4,8,303,"GM","SI"
26,69,303,"GM","SI"
62,7,303,"GM","SI"
7,10,303,"GM","SI"
91,7,303,"GM","SI"
82,1,303,"GM","SI"
44,32,303,"GM","SI"
254,1,303,"GM","SI"
58,5,303,"GM","SI"
17,6,303,"GM","SI"
59,5,303,"GM","SI"
11,32,303,"GM","SI"
32,14,303,"GM","SI"
530,2,303,"GM","SI"
19,10,303,"GM","SI"
76,7,303,"GM","SI"
548,1,303,"GM","SI"
67,12,303,"GM","SI"
51,2,303,"GM","SI"
75,5,303,"GM","SI"
27,3,303,"GM","SI"
28,34,303,"GM","SI"
20,6,303,"GM","SI"
549,1,303,"GM","SI"
64,15,303,"GM","SI"
76,7,303,"GM","SI"
12,12,303,"GM","SI"
30,2,303,"GM","SI"
12,12,303,"GM","SI"
48,8,303,"GM","SI"
14,29,303,"GM","SI"
11,32,303,"GM","SI"
163,1,303,"GM","SI"
64,15,303,"GM","SI"
10,7,303,"GM","SI"
78,13,304,"GM","SI"
5,7,304,"GM","SI"
47,9,304,"GM","SI"
76,7,304,"GM","SI"
545,1,304,"GM","SI"
48,8,304,"GM","SI"
12,12,304,"GM","SI"
38,6,304,"GM","SI"
16,5,304,"GM","SI"
49,7,304,"GM","SI"
13,4,304,"GM","SI"
10,7,304,"GM","SI"
64,15,304,"GM","SI"
63,6,304,"GM","SI"
167,1,304,"GM","SI"
41,1,304,"GM","SI"
62,7,304,"GM","SI"
59,5,304,"GM","SI"
44,32,304,"GM","SI"
45,8,304,"GM","SI"
12,12,304,"GM","SI"
54,12,304,"GM","SI"
61,36,304,"GM","SI"
57,8,304,"GM","SI"
20,6,304,"GM","SI"
33,13,304,"GM","SI"
25,15,304,"GM","SI"
163,1,304,"GM","SI"
80,7,304,"GM","SI"
32,14,304,"GM","SI"
38,6,304,"GM","SI"
4,8,304,"GM","SI"
7,10,304,"GM","SI"
14,29,304,"GM","SI"
45,8,304,"GM","SI"
14,29,304,"GM","SI"
58,5,304,"GM","SI"
13,4,304,"GM","SI"
14,29,305,"GM","SI"
49,7,305,"GM","SI"
54,12,305,"GM","SI"
72,7,305,"GM","SI"
47,9,305,"GM","SI"
167,1,305,"GM","SI"
76,7,305,"GM","SI"
13,4,305,"GM","SI"
48,8,305,"GM","SI"
28,34,305,"GM","SI"
33,13,305,"GM","SI"
62,7,305,"GM","SI"
14,29,305,"GM","SI"
36,5,305,"GM","SI"
12,12,305,"GM","SI"
82,1,305,"GM","SI"
61,36,305,"GM","SI"
548,1,305,"GM","SI"
67,12,305,"GM","SI"
77,20,305,"GM","SI"
27,3,305,"GM","SI"
530,2,305,"GM","SI"
7,10,305,"GM","SI"
16,5,305,"GM","SI"
48,8,305,"GM","SI"
28,34,305,"GM","SI"
163,1,305,"GM","SI"
41,1,305,"GM","SI"
5,7,305,"GM","SI"
33,13,305,"GM","SI"
26,69,305,"GM","SI"
20,6,305,"GM","SI"
12,12,305,"GM","SI"
17,6,305,"GM","SI"
44,32,305,"GM","SI"
545,1,305,"GM","SI"
32,14,305,"GM","SI"
57,8,305,"GM","SI"
19,10,306,"GM","SI"
48,8,306,"GM","SI"
25,15,306,"GM","SI"
80,7,306,"GM","SI"
61,36,306,"GM","SI"
76,7,306,"GM","SI"
30,2,306,"GM","SI"
20,6,306,"GM","SI"
75,5,306,"GM","SI"
44,32,306,"GM","SI"
77,20,306,"GM","SI"
41,1,306,"GM","SI"
28,34,306,"GM","SI"
7,10,306,"GM","SI"
72,7,306,"GM","SI"
47,9,306,"GM","SI"
16,5,306,"GM","SI"
548,1,306,"GM","SI"
11,32,306,"GM","SI"
63,6,306,"GM","SI"
59,5,306,"GM","SI"
163,1,306,"GM","SI"
12,12,306,"GM","SI"
71,4,306,"GM","SI"
33,13,306,"GM","SI"
44,32,306,"GM","SI"
49,7,306,"GM","SI"
64,15,306,"GM","SI"
19,10,306,"GM","SI"
64,15,306,"GM","SI"
17,6,306,"GM","SI"
45,8,306,"GM","SI"
17,6,306,"GM","SI"
28,34,306,"GM","SI"
14,29,306,"GM","SI"
13,4,306,"GM","SI"
11,32,306,"GM","SI"
45,8,306,"GM","SI"
54,12,307,"GM","SI"
67,12,307,"GM","SI"
7,10,307,"GM","SI"
48,8,307,"GM","SI"
44,32,307,"GM","SI"
5,7,307,"GM","SI"
45,8,307,"GM","SI"
33,13,307,"GM","SI"
82,1,307,"GM","SI"
41,1,307,"GM","SI"
27,3,307,"GM","SI"
548,1,307,"GM","SI"
25,15,307,"GM","SI"
545,1,307,"GM","SI"
80,7,307,"GM","SI"
19,10,307,"GM","SI"
14,29,307,"GM","SI"
2,6,307,"GM","SI"
28,34,307,"GM","SI"
45,8,307,"GM","SI"
33,13,307,"GM","SI"
67,12,307,"GM","SI"
48,8,307,"GM","SI"
76,7,307,"GM","SI"
17,6,307,"GM","SI"
59,5,307,"GM","SI"
20,6,307,"GM","SI"
62,7,307,"GM","SI"
26,69,307,"GM","SI"
49,7,307,"GM","SI"
167,1,307,"GM","SI"
13,4,307,"GM","SI"
254,1,307,"GM","SI"
72,7,307,"GM","SI"
163,1,307,"GM","SI"
78,13,307,"GM","SI"
64,15,307,"GM","SI"
38,6,307,"GM","SI"
10,7,308,"GM","SI"
13,4,308,"GM","SI"
28,34,308,"GM","SI"
36,5,308,"GM","SI"
5,7,308,"GM","SI"
32,14,308,"GM","SI"
167,1,308,"GM","SI"
27,3,308,"GM","SI"
4,8,308,"GM","SI"
11,32,308,"GM","SI"
26,69,308,"GM","SI"
61,36,308,"GM","SI"
48,8,308,"GM","SI"
77,20,308,"GM","SI"
75,5,308,"GM","SI"
26,69,308,"GM","SI"
48,8,308,"GM","SI"
20,6,308,"GM","SI"
19,10,308,"GM","SI"
11,32,308,"GM","SI"
12,12,308,"GM","SI"
3,3,308,"GM","SI"
57,8,308,"GM","SI"
45,8,308,"GM","SI"
12,12,308,"GM","SI"
77,20,308,"GM","SI"
41,1,308,"GM","SI"
38,6,308,"GM","SI"
72,7,308,"GM","SI"
7,10,308,"GM","SI"
67,12,308,"GM","SI"
16,5,308,"GM","SI"
33,13,308,"GM","SI"
54,12,308,"GM","SI"
549,1,308,"GM","SI"
5,7,308,"GM","SI"
17,6,308,"GM","SI"
86,2,308,"GM","SI"
64,15,309,"GM","SI"
26,69,309,"GM","SI"
5,7,309,"GM","SI"
80,7,309,"GM","SI"
12,12,309,"GM","SI"
548,1,309,"GM","SI"
36,5,309,"GM","SI"
32,14,309,"GM","SI"
28,34,309,"GM","SI"
80,7,309,"GM","SI"
23,6,309,"GM","SI"
254,1,309,"GM","SI"
62,7,309,"GM","SI"
38,6,309,"GM","SI"
67,12,309,"GM","SI"
5,7,309,"GM","SI"
45,8,309,"GM","SI"
61,36,309,"GM","SI"
11,32,309,"GM","SI"
27,3,309,"GM","SI"
44,32,309,"GM","SI"
13,4,309,"GM","SI"
78,13,309,"GM","SI"
28,34,309,"GM","SI"
86,2,309,"GM","SI"
32,14,309,"GM","SI"
47,9,309,"GM","SI"
3,3,309,"GM","SI"
91,7,309,"GM","SI"
167,1,309,"GM","SI"
13,4,309,"GM","SI"
72,7,309,"GM","SI"
76,7,309,"GM","SI"
4,8,309,"GM","SI"
59,5,309,"GM","SI"
71,4,309,"GM","SI"
10,7,309,"GM","SI"
20,6,309,"GM","SI"
25,15,310,"GM","SI"
62,7,310,"GM","SI"
45,8,310,"GM","SI"
530,2,310,"GM","SI"
44,32,310,"GM","SI"
63,6,310,"GM","SI"
77,20,310,"GM","SI"
28,34,310,"GM","SI"
30,2,310,"GM","SI"
82,1,310,"GM","SI"
75,5,310,"GM","SI"
2,6,310,"GM","SI"
45,8,310,"GM","SI"
17,6,310,"GM","SI"
4,8,310,"GM","SI"
3,3,310,"GM","SI"
80,7,310,"GM","SI"
57,8,310,"GM","SI"
77,20,310,"GM","SI"
5,7,310,"GM","SI"
14,29,310,"GM","SI"
7,10,310,"GM","SI"
545,1,310,"GM","SI"
33,13,310,"GM","SI"
61,36,310,"GM","SI"
7,10,310,"GM","SI"
80,7,310,"GM","SI"
54,12,310,"GM","SI"
13,4,310,"GM","SI"
76,7,310,"GM","SI"
10,7,310,"GM","SI"
23,6,310,"GM","SI"
91,7,310,"GM","SI"
16,5,310,"GM","SI"
59,5,310,"GM","SI"
11,32,310,"GM","SI"
11,32,310,"GM","SI"
51,2,310,"GM","SI"
12,12,311,"GM","SI"
5,7,311,"GM","SI"
17,6,311,"GM","SI"
16,5,311,"GM","SI"
76,7,311,"GM","SI"
13,4,311,"GM","SI"
77,20,311,"GM","SI"
77,20,311,"GM","SI"
25,15,311,"GM","SI"
14,29,311,"GM","SI"
47,9,311,"GM","SI"
2,6,311,"GM","SI"
75,5,311,"GM","SI"
62,7,311,"GM","SI"
76,7,311,"GM","SI"
86,2,311,"GM","SI"
26,69,311,"GM","SI"
33,13,311,"GM","SI"
549,1,311,"GM","SI"
545,1,311,"GM","SI"
7,10,311,"GM","SI"
48,8,311,"GM","SI"
41,1,311,"GM","SI"
27,3,311,"GM","SI"
78,13,311,"GM","SI"
530,2,311,"GM","SI"
64,15,311,"GM","SI"
72,7,311,"GM","SI"
45,8,311,"GM","SI"
26,69,311,"GM","SI"
3,3,311,"GM","SI"
11,32,311,"GM","SI"
78,13,311,"GM","SI"
67,12,311,"GM","SI"
163,1,311,"GM","SI"
57,8,311,"GM","SI"
11,32,311,"GM","SI"
23,6,311,"GM","SI"
80,7,312,"GM","SI"
11,32,312,"GM","SI"
32,14,312,"GM","SI"
167,1,312,"GM","SI"
12,12,312,"GM","SI"
82,1,312,"GM","SI"
44,32,312,"GM","SI"
19,10,312,"GM","SI"
16,5,312,"GM","SI"
61,36,312,"GM","SI"
17,6,312,"GM","SI"
64,15,312,"GM","SI"
45,8,312,"GM","SI"
58,5,312,"GM","SI"
62,7,312,"GM","SI"
67,12,312,"GM","SI"
91,7,312,"GM","SI"
41,1,312,"GM","SI"
49,7,312,"GM","SI"
548,1,312,"GM","SI"
254,1,312,"GM","SI"
23,6,312,"GM","SI"
14,29,312,"GM","SI"
72,7,312,"GM","SI"
28,34,312,"GM","SI"
48,8,312,"GM","SI"
59,5,312,"GM","SI"
545,1,312,"GM","SI"
44,32,312,"GM","SI"
38,6,312,"GM","SI"
80,7,312,"GM","SI"
12,12,312,"GM","SI"
11,32,312,"GM","SI"
71,4,312,"GM","SI"
64,15,312,"GM","SI"
76,7,312,"GM","SI"
26,69,312,"GM","SI"
19,10,312,"GM","SI"
76,7,313,"GM","SI"
80,7,313,"GM","SI"
44,32,313,"GM","SI"
86,2,313,"GM","SI"
38,6,313,"GM","SI"
59,5,313,"GM","SI"
77,20,313,"GM","SI"
28,34,313,"GM","SI"
20,6,313,"GM","SI"
17,6,313,"GM","SI"
19,10,313,"GM","SI"
91,7,313,"GM","SI"
13,4,313,"GM","SI"
26,69,313,"GM","SI"
5,7,313,"GM","SI"
5,7,313,"GM","SI"
27,3,313,"GM","SI"
62,7,313,"GM","SI"
23,6,313,"GM","SI"
71,4,313,"GM","SI"
13,4,313,"GM","SI"
549,1,313,"GM","SI"
16,5,313,"GM","SI"
49,7,313,"GM","SI"
48,8,313,"GM","SI"
41,1,313,"GM","SI"
167,1,313,"GM","SI"
64,15,313,"GM","SI"
14,29,313,"GM","SI"
3,3,313,"GM","SI"
545,1,313,"GM","SI"
47,9,313,"GM","SI"
7,10,313,"GM","SI"
61,36,313,"GM","SI"
64,15,313,"GM","SI"
17,6,313,"GM","SI"
45,8,313,"GM","SI"
25,15,313,"GM","SI"
167,1,314,"GM","SI"
67,12,314,"GM","SI"
45,8,314,"GM","SI"
254,1,314,"GM","SI"
61,36,314,"GM","SI"
38,6,314,"GM","SI"
71,4,314,"GM","SI"
82,1,314,"GM","SI"
58,5,314,"GM","SI"
75,5,314,"GM","SI"
28,34,314,"GM","SI"
549,1,314,"GM","SI"
19,10,314,"GM","SI"
33,13,314,"GM","SI"
44,32,314,"GM","SI"
545,1,314,"GM","SI"
91,7,314,"GM","SI"
548,1,314,"GM","SI"
62,7,314,"GM","SI"
77,20,314,"GM","SI"
76,7,314,"GM","SI"
26,69,314,"GM","SI"
23,6,314,"GM","SI"
72,7,314,"GM","SI"
13,4,314,"GM","SI"
25,15,314,"GM","SI"
80,7,314,"GM","SI"
14,29,314,"GM","SI"
10,7,314,"GM","SI"
48,8,314,"GM","SI"
163,1,314,"GM","SI"
67,12,314,"GM","SI"
19,10,314,"GM","SI"
49,7,314,"GM","SI"
12,12,314,"GM","SI"
44,32,314,"GM","SI"
5,7,314,"GM","SI"
51,2,314,"GM","SI"
77,20,315,"GM","SI"
48,8,315,"GM","SI"
27,3,315,"GM","SI"
76,7,315,"GM","SI"
67,12,315,"GM","SI"
72,7,315,"GM","SI"
45,8,315,"GM","SI"
11,32,315,"GM","SI"
7,10,315,"GM","SI"
41,1,315,"GM","SI"
36,5,315,"GM","SI"
30,2,315,"GM","SI"
78,13,315,"GM","SI"
4,8,315,"GM","SI"
25,15,315,"GM","SI"
14,29,315,"GM","SI"
91,7,315,"GM","SI"
23,6,315,"GM","SI"
61,36,315,"GM","SI"
59,5,315,"GM","SI"
44,32,315,"GM","SI"
51,2,315,"GM","SI"
549,1,315,"GM","SI"
32,14,315,"GM","SI"
67,12,315,"GM","SI"
76,7,315,"GM","SI"
3,3,315,"GM","SI"
19,10,315,"GM","SI"
57,8,315,"GM","SI"
10,7,315,"GM","SI"
80,7,315,"GM","SI"
16,5,315,"GM","SI"
14,29,315,"GM","SI"
12,12,315,"GM","SI"
7,10,315,"GM","SI"
2,6,315,"GM","SI"
17,6,315,"GM","SI"
28,34,315,"GM","SI"
530,2,316,"GM","SI"
64,15,316,"GM","SI"
2,6,316,"GM","SI"
16,5,316,"GM","SI"
7,10,316,"GM","SI"
71,4,316,"GM","SI"
41,1,316,"GM","SI"
78,13,316,"GM","SI"
59,5,316,"GM","SI"
45,8,316,"GM","SI"
14,29,316,"GM","SI"
57,8,316,"GM","SI"
28,34,316,"GM","SI"
19,10,316,"GM","SI"
7,10,316,"GM","SI"
549,1,316,"GM","SI"
49,7,316,"GM","SI"
47,9,316,"GM","SI"
64,15,316,"GM","SI"
5,7,316,"GM","SI"
61,36,316,"GM","SI"
30,2,316,"GM","SI"
14,29,316,"GM","SI"
80,7,316,"GM","SI"
38,6,316,"GM","SI"
17,6,316,"GM","SI"
77,20,316,"GM","SI"
54,12,316,"GM","SI"
44,32,316,"GM","SI"
77,20,316,"GM","SI"
78,13,316,"GM","SI"
38,6,316,"GM","SI"
51,2,316,"GM","SI"
63,6,316,"GM","SI"
76,7,316,"GM","SI"
82,1,316,"GM","SI"
12,12,316,"GM","SI"
17,6,316,"GM","SI"
33,13,317,"GM","SI"
12,12,317,"GM","SI"
19,10,317,"GM","SI"
5,7,317,"GM","SI"
38,6,317,"GM","SI"
72,7,317,"GM","SI"
77,20,317,"GM","SI"
16,5,317,"GM","SI"
63,6,317,"GM","SI"
49,7,317,"GM","SI"
11,32,317,"GM","SI"
13,4,317,"GM","SI"
64,15,317,"GM","SI"
25,15,317,"GM","SI"
78,13,317,"GM","SI"
549,1,317,"GM","SI"
91,7,317,"GM","SI"
30,2,317,"GM","SI"
32,14,317,"GM","SI"
20,6,317,"GM","SI"
57,8,317,"GM","SI"
47,9,317,"GM","SI"
167,1,317,"GM","SI"
14,29,317,"GM","SI"
19,10,317,"GM","SI"
86,2,317,"GM","SI"
26,69,317,"GM","SI"
5,7,317,"GM","SI"
13,4,317,"GM","SI"
41,1,317,"GM","SI"
4,8,317,"GM","SI"
44,32,317,"GM","SI"
38,6,317,"GM","SI"
28,34,317,"GM","SI"
77,20,317,"GM","SI"
545,1,317,"GM","SI"
76,7,317,"GM","SI"
7,10,317,"GM","SI"
14,29,318,"GM","SI"
86,2,318,"GM","SI"
76,7,318,"GM","SI"
36,5,318,"GM","SI"
76,7,318,"GM","SI"
530,2,318,"GM","SI"
32,14,318,"GM","SI"
63,6,318,"GM","SI"
47,9,318,"GM","SI"
2,6,318,"GM","SI"
548,1,318,"GM","SI"
11,32,318,"GM","SI"
59,5,318,"GM","SI"
254,1,318,"GM","SI"
167,1,318,"GM","SI"
78,13,318,"GM","SI"
26,69,318,"GM","SI"
67,12,318,"GM","SI"
7,10,318,"GM","SI"
17,6,318,"GM","SI"
549,1,318,"GM","SI"
72,7,318,"GM","SI"
32,14,318,"GM","SI"
12,12,318,"GM","SI"
62,7,318,"GM","SI"
13,4,318,"GM","SI"
20,6,318,"GM","SI"
48,8,318,"GM","SI"
19,10,318,"GM","SI"
163,1,318,"GM","SI"
80,7,318,"GM","SI"
23,6,318,"GM","SI"
5,7,318,"GM","SI"
28,34,318,"GM","SI"
49,7,318,"GM","SI"
25,15,318,"GM","SI"
71,4,318,"GM","SI"
77,20,318,"GM","SI"
549,1,319,"GM","SI"
38,6,319,"GM","SI"
32,14,319,"GM","SI"
58,5,319,"GM","SI"
254,1,319,"GM","SI"
3,3,319,"GM","SI"
67,12,319,"GM","SI"
38,6,319,"GM","SI"
61,36,319,"GM","SI"
91,7,319,"GM","SI"
47,9,319,"GM","SI"
545,1,319,"GM","SI"
25,15,319,"GM","SI"
163,1,319,"GM","SI"
63,6,319,"GM","SI"
530,2,319,"GM","SI"
72,7,319,"GM","SI"
11,32,319,"GM","SI"
64,15,319,"GM","SI"
548,1,319,"GM","SI"
7,10,319,"GM","SI"
86,2,319,"GM","SI"
33,13,319,"GM","SI"
12,12,319,"GM","SI"
67,12,319,"GM","SI"
13,4,319,"GM","SI"
80,7,319,"GM","SI"
26,69,319,"GM","SI"
5,7,319,"GM","SI"
36,5,319,"GM","SI"
30,2,319,"GM","SI"
57,8,319,"GM","SI"
41,1,319,"GM","SI"
7,10,319,"GM","SI"
78,13,319,"GM","SI"
44,32,319,"GM","SI"
17,6,319,"GM","SI"
45,8,319,"GM","SI"
26,69,320,"GM","SI"
254,1,320,"GM","SI"
30,2,320,"GM","SI"
78,13,320,"GM","SI"
23,6,320,"GM","SI"
7,10,320,"GM","SI"
64,15,320,"GM","SI"
32,14,320,"GM","SI"
545,1,320,"GM","SI"
80,7,320,"GM","SI"
62,7,320,"GM","SI"
41,1,320,"GM","SI"
77,20,320,"GM","SI"
44,32,320,"GM","SI"
2,6,320,"GM","SI"
549,1,320,"GM","SI"
38,6,320,"GM","SI"
44,32,320,"GM","SI"
75,5,320,"GM","SI"
86,2,320,"GM","SI"
11,32,320,"GM","SI"
72,7,320,"GM","SI"
77,20,320,"GM","SI"
12,12,320,"GM","SI"
45,8,320,"GM","SI"
19,10,320,"GM","SI"
17,6,320,"GM","SI"
4,8,320,"GM","SI"
82,1,320,"GM","SI"
32,14,320,"GM","SI"
49,7,320,"GM","SI"
20,6,320,"GM","SI"
36,5,320,"GM","SI"
78,13,320,"GM","SI"
71,4,320,"GM","SI"
33,13,320,"GM","SI"
163,1,320,"GM","SI"
14,29,320,"GM","SI"
72,7,321,"GM","SI"
91,7,321,"GM","SI"
26,69,321,"GM","SI"
45,8,321,"GM","SI"
57,8,321,"GM","SI"
11,32,321,"GM","SI"
23,6,321,"GM","SI"
82,1,321,"GM","SI"
64,15,321,"GM","SI"
17,6,321,"GM","SI"
167,1,321,"GM","SI"
76,7,321,"GM","SI"
19,10,321,"GM","SI"
28,34,321,"GM","SI"
30,2,321,"GM","SI"
86,2,321,"GM","SI"
17,6,321,"GM","SI"
78,13,321,"GM","SI"
13,4,321,"GM","SI"
63,6,321,"GM","SI"
2,6,321,"GM","SI"
76,7,321,"GM","SI"
41,1,321,"GM","SI"
545,1,321,"GM","SI"
13,4,321,"GM","SI"
38,6,321,"GM","SI"
80,7,321,"GM","SI"
77,20,321,"GM","SI"
16,5,321,"GM","SI"
32,14,321,"GM","SI"
3,3,321,"GM","SI"
33,13,321,"GM","SI"
27,3,321,"GM","SI"
14,29,321,"GM","SI"
19,10,321,"GM","SI"
12,12,321,"GM","SI"
61,36,321,"GM","SI"
548,1,321,"GM","SI"
5,7,322,"GM","SI"
45,8,322,"GM","SI"
77,20,322,"GM","SI"
254,1,322,"GM","SI"
64,15,322,"GM","SI"
7,10,322,"GM","SI"
548,1,322,"GM","SI"
80,7,322,"GM","SI"
41,1,322,"GM","SI"
48,8,322,"GM","SI"
11,32,322,"GM","SI"
63,6,322,"GM","SI"
19,10,322,"GM","SI"
20,6,322,"GM","SI"
48,8,322,"GM","SI"
72,7,322,"GM","SI"
33,13,322,"GM","SI"
91,7,322,"GM","SI"
12,12,322,"GM","SI"
2,6,322,"GM","SI"
17,6,322,"GM","SI"
16,5,322,"GM","SI"
71,4,322,"GM","SI"
44,32,322,"GM","SI"
4,8,322,"GM","SI"
5,7,322,"GM","SI"
545,1,322,"GM","SI"
78,13,322,"GM","SI"
17,6,322,"GM","SI"
25,15,322,"GM","SI"
47,9,322,"GM","SI"
28,34,322,"GM","SI"
80,7,322,"GM","SI"
28,34,322,"GM","SI"
49,7,322,"GM","SI"
12,12,322,"GM","SI"
59,5,322,"GM","SI"
76,7,322,"GM","SI"
67,12,323,"GM","SI"
5,7,323,"GM","SI"
59,5,323,"GM","SI"
86,2,323,"GM","SI"
47,9,323,"GM","SI"
33,13,323,"GM","SI"
12,12,323,"GM","SI"
16,5,323,"GM","SI"
26,69,323,"GM","SI"
19,10,323,"GM","SI"
2,6,323,"GM","SI"
33,13,323,"GM","SI"
38,6,323,"GM","SI"
38,6,323,"GM","SI"
49,7,323,"GM","SI"
26,69,323,"GM","SI"
254,1,323,"GM","SI"
25,15,323,"GM","SI"
5,7,323,"GM","SI"
41,1,323,"GM","SI"
51,2,323,"GM","SI"
545,1,323,"GM","SI"
163,1,323,"GM","SI"
44,32,323,"GM","SI"
80,7,323,"GM","SI"
76,7,323,"GM","SI"
54,12,323,"GM","SI"
71,4,323,"GM","SI"
77,20,323,"GM","SI"
28,34,323,"GM","SI"
78,13,323,"GM","SI"
549,1,323,"GM","SI"
3,3,323,"GM","SI"
67,12,323,"GM","SI"
548,1,323,"GM","SI"
44,32,323,"GM","SI"
82,1,323,"GM","SI"
11,32,323,"GM","SI"
17,6,324,"GM","SI"
11,32,324,"GM","SI"
28,34,324,"GM","SI"
14,29,324,"GM","SI"
38,6,324,"GM","SI"
44,32,324,"GM","SI"
20,6,324,"GM","SI"
163,1,324,"GM","SI"
14,29,324,"GM","SI"
530,2,324,"GM","SI"
80,7,324,"GM","SI"
33,13,324,"GM","SI"
76,7,324,"GM","SI"
91,7,324,"GM","SI"
32,14,324,"GM","SI"
23,6,324,"GM","SI"
19,10,324,"GM","SI"
36,5,324,"GM","SI"
77,20,324,"GM","SI"
71,4,324,"GM","SI"
67,12,324,"GM","SI"
26,69,324,"GM","SI"
41,1,324,"GM","SI"
5,7,324,"GM","SI"
80,7,324,"GM","SI"
3,3,324,"GM","SI"
11,32,324,"GM","SI"
254,1,324,"GM","SI"
61,36,324,"GM","SI"
549,1,324,"GM","SI"
75,5,324,"GM","SI"
12,12,324,"GM","SI"
49,7,324,"GM","SI"
54,12,324,"GM","SI"
63,6,324,"GM","SI"
7,10,324,"GM","SI"
78,13,324,"GM","SI"
78,13,324,"GM","SI"
36,5,325,"GM","SI"
33,13,325,"GM","SI"
64,15,325,"GM","SI"
64,15,325,"GM","SI"
48,8,325,"GM","SI"
23,6,325,"GM","SI"
38,6,325,"GM","SI"
78,13,325,"GM","SI"
62,7,325,"GM","SI"
47,9,325,"GM","SI"
13,4,325,"GM","SI"
78,13,325,"GM","SI"
32,14,325,"GM","SI"
11,32,325,"GM","SI"
75,5,325,"GM","SI"
549,1,325,"GM","SI"
254,1,325,"GM","SI"
76,7,325,"GM","SI"
13,4,325,"GM","SI"
80,7,325,"GM","SI"
11,32,325,"GM","SI"
59,5,325,"GM","SI"
548,1,325,"GM","SI"
86,2,325,"GM","SI"
80,7,325,"GM","SI"
27,3,325,"GM","SI"
33,13,325,"GM","SI"
44,32,325,"GM","SI"
26,69,325,"GM","SI"
49,7,325,"GM","SI"
26,69,325,"GM","SI"
7,10,325,"GM","SI"
5,7,325,"GM","SI"
14,29,325,"GM","SI"
76,7,325,"GM","SI"
163,1,325,"GM","SI"
61,36,325,"GM","SI"
41,1,325,"GM","SI"
64,15,326,"GM","SI"
78,13,326,"GM","SI"
77,20,326,"GM","SI"
80,7,326,"GM","SI"
78,13,326,"GM","SI"
48,8,326,"GM","SI"
76,7,326,"GM","SI"
163,1,326,"GM","SI"
10,7,326,"GM","SI"
530,2,326,"GM","SI"
67,12,326,"GM","SI"
254,1,326,"GM","SI"
32,14,326,"GM","SI"
48,8,326,"GM","SI"
11,32,326,"GM","SI"
13,4,326,"GM","SI"
11,32,326,"GM","SI"
71,4,326,"GM","SI"
20,6,326,"GM","SI"
80,7,326,"GM","SI"
33,13,326,"GM","SI"
44,32,326,"GM","SI"
41,1,326,"GM","SI"
17,6,326,"GM","SI"
44,32,326,"GM","SI"
59,5,326,"GM","SI"
63,6,326,"GM","SI"
86,2,326,"GM","SI"
82,1,326,"GM","SI"
167,1,326,"GM","SI"
25,15,326,"GM","SI"
549,1,326,"GM","SI"
32,14,326,"GM","SI"
67,12,326,"GM","SI"
7,10,326,"GM","SI"
4,8,326,"GM","SI"
26,69,326,"GM","SI"
14,29,326,"GM","SI"
7,10,327,"GM","SI"
63,6,327,"GM","SI"
12,12,327,"GM","SI"
4,8,327,"GM","SI"
86,2,327,"GM","SI"
5,7,327,"GM","SI"
47,9,327,"GM","SI"
64,15,327,"GM","SI"
530,2,327,"GM","SI"
33,13,327,"GM","SI"
45,8,327,"GM","SI"
41,1,327,"GM","SI"
67,12,327,"GM","SI"
82,1,327,"GM","SI"
254,1,327,"GM","SI"
75,5,327,"GM","SI"
548,1,327,"GM","SI"
2,6,327,"GM","SI"
91,7,327,"GM","SI"
28,34,327,"GM","SI"
7,10,327,"GM","SI"
30,2,327,"GM","SI"
59,5,327,"GM","SI"
80,7,327,"GM","SI"
3,3,327,"GM","SI"
10,7,327,"GM","SI"
32,14,327,"GM","SI"
76,7,327,"GM","SI"
13,4,327,"GM","SI"
78,13,327,"GM","SI"
549,1,327,"GM","SI"
14,29,327,"GM","SI"
14,29,327,"GM","SI"
57,8,327,"GM","SI"
26,69,327,"GM","SI"
44,32,327,"GM","SI"
33,13,327,"GM","SI"
12,12,327,"GM","SI"
7,10,328,"GM","SI"
28,34,328,"GM","SI"
71,4,328,"GM","SI"
11,32,328,"GM","SI"
47,9,328,"GM","SI"
20,6,328,"GM","SI"
62,7,328,"GM","SI"
72,7,328,"GM","SI"
16,5,328,"GM","SI"
12,12,328,"GM","SI"
45,8,328,"GM","SI"
78,13,328,"GM","SI"
63,6,328,"GM","SI"
86,2,328,"GM","SI"
28,34,328,"GM","SI"
33,13,328,"GM","SI"
38,6,328,"GM","SI"
5,7,328,"GM","SI"
14,29,328,"GM","SI"
48,8,328,"GM","SI"
530,2,328,"GM","SI"
3,3,328,"GM","SI"
13,4,328,"GM","SI"
27,3,328,"GM","SI"
19,10,328,"GM","SI"
58,5,328,"GM","SI"
67,12,328,"GM","SI"
64,15,328,"GM","SI"
57,8,328,"GM","SI"
23,6,328,"GM","SI"
38,6,328,"GM","SI"
54,12,328,"GM","SI"
254,1,328,"GM","SI"
49,7,328,"GM","SI"
4,8,328,"GM","SI"
10,7,328,"GM","SI"
51,2,328,"GM","SI"
26,69,328,"GM","SI"
4,8,329,"GM","SI"
67,12,329,"GM","SI"
75,5,329,"GM","SI"
58,5,329,"GM","SI"
16,5,329,"GM","SI"
13,4,329,"GM","SI"
59,5,329,"GM","SI"
51,2,329,"GM","SI"
47,9,329,"GM","SI"
3,3,329,"GM","SI"
33,13,329,"GM","SI"
38,6,329,"GM","SI"
13,4,329,"GM","SI"
62,7,329,"GM","SI"
32,14,329,"GM","SI"
91,7,329,"GM","SI"
28,34,329,"GM","SI"
48,8,329,"GM","SI"
17,6,329,"GM","SI"
33,13,329,"GM","SI"
30,2,329,"GM","SI"
38,6,329,"GM","SI"
72,7,329,"GM","SI"
167,1,329,"GM","SI"
5,7,329,"GM","SI"
530,2,329,"GM","SI"
80,7,329,"GM","SI"
14,29,329,"GM","SI"
48,8,329,"GM","SI"
54,12,329,"GM","SI"
20,6,329,"GM","SI"
78,13,329,"GM","SI"
76,7,329,"GM","SI"
32,14,329,"GM","SI"
7,10,329,"GM","SI"
19,10,329,"GM","SI"
27,3,329,"GM","SI"
80,7,329,"GM","SI"
7,10,330,"GM","SI"
13,4,330,"GM","SI"
45,8,330,"GM","SI"
12,12,330,"GM","SI"
38,6,330,"GM","SI"
48,8,330,"GM","SI"
163,1,330,"GM","SI"
19,10,330,"GM","SI"
27,3,330,"GM","SI"
91,7,330,"GM","SI"
167,1,330,"GM","SI"
77,20,330,"GM","SI"
49,7,330,"GM","SI"
3,3,330,"GM","SI"
14,29,330,"GM","SI"
13,4,330,"GM","SI"
5,7,330,"GM","SI"
82,1,330,"GM","SI"
86,2,330,"GM","SI"
48,8,330,"GM","SI"
76,7,330,"GM","SI"
32,14,330,"GM","SI"
16,5,330,"GM","SI"
12,12,330,"GM","SI"
47,9,330,"GM","SI"
28,34,330,"GM","SI"
7,10,330,"GM","SI"
58,5,330,"GM","SI"
57,8,330,"GM","SI"
51,2,330,"GM","SI"
41,1,330,"GM","SI"
17,6,330,"GM","SI"
17,6,330,"GM","SI"
548,1,330,"GM","SI"
75,5,330,"GM","SI"
33,13,330,"GM","SI"
38,6,330,"GM","SI"
72,7,330,"GM","SI"
44,32,331,"GM","SI"
14,29,331,"GM","SI"
13,4,331,"GM","SI"
54,12,331,"GM","SI"
548,1,331,"GM","SI"
2,6,331,"GM","SI"
10,7,331,"GM","SI"
62,7,331,"GM","SI"
26,69,331,"GM","SI"
545,1,331,"GM","SI"
48,8,331,"GM","SI"
76,7,331,"GM","SI"
11,32,331,"GM","SI"
80,7,331,"GM","SI"
78,13,331,"GM","SI"
41,1,331,"GM","SI"
32,14,331,"GM","SI"
48,8,331,"GM","SI"
47,9,331,"GM","SI"
12,12,331,"GM","SI"
7,10,331,"GM","SI"
13,4,331,"GM","SI"
23,6,331,"GM","SI"
530,2,331,"GM","SI"
78,13,331,"GM","SI"
76,7,331,"GM","SI"
14,29,331,"GM","SI"
38,6,331,"GM","SI"
51,2,331,"GM","SI"
45,8,331,"GM","SI"
63,6,331,"GM","SI"
549,1,331,"GM","SI"
86,2,331,"GM","SI"
30,2,331,"GM","SI"
16,5,331,"GM","SI"
64,15,331,"GM","SI"
163,1,331,"GM","SI"
17,6,331,"GM","SI"
45,8,332,"GM","SI"
64,15,332,"GM","SI"
5,7,332,"GM","SI"
13,4,332,"GM","SI"
67,12,332,"GM","SI"
30,2,332,"GM","SI"
23,6,332,"GM","SI"
59,5,332,"GM","SI"
26,69,332,"GM","SI"
63,6,332,"GM","SI"
4,8,332,"GM","SI"
76,7,332,"GM","SI"
27,3,332,"GM","SI"
76,7,332,"GM","SI"
91,7,332,"GM","SI"
20,6,332,"GM","SI"
12,12,332,"GM","SI"
548,1,332,"GM","SI"
33,13,332,"GM","SI"
77,20,332,"GM","SI"
11,32,332,"GM","SI"
28,34,332,"GM","SI"
77,20,332,"GM","SI"
549,1,332,"GM","SI"
67,12,332,"GM","SI"
13,4,332,"GM","SI"
32,14,332,"GM","SI"
38,6,332,"GM","SI"
28,34,332,"GM","SI"
33,13,332,"GM","SI"
11,32,332,"GM","SI"
25,15,332,"GM","SI"
75,5,332,"GM","SI"
48,8,332,"GM","SI"
62,7,332,"GM","SI"
47,9,332,"GM","SI"
530,2,332,"GM","SI"
36,5,332,"GM","SI"
76,7,333,"GM","SI"
38,6,333,"GM","SI"
62,7,333,"GM","SI"
25,15,333,"GM","SI"
545,1,333,"GM","SI"
77,20,333,"GM","SI"
14,29,333,"GM","SI"
14,29,333,"GM","SI"
64,15,333,"GM","SI"
254,1,333,"GM","SI"
86,2,333,"GM","SI"
71,4,333,"GM","SI"
2,6,333,"GM","SI"
75,5,333,"GM","SI"
44,32,333,"GM","SI"
32,14,333,"GM","SI"
530,2,333,"GM","SI"
67,12,333,"GM","SI"
80,7,333,"GM","SI"
67,12,333,"GM","SI"
7,10,333,"GM","SI"
26,69,333,"GM","SI"
48,8,333,"GM","SI"
32,14,333,"GM","SI"
7,10,333,"GM","SI"
33,13,333,"GM","SI"
11,32,333,"GM","SI"
28,34,333,"GM","SI"
78,13,333,"GM","SI"
19,10,333,"GM","SI"
26,69,333,"GM","SI"
17,6,333,"GM","SI"
51,2,333,"GM","SI"
45,8,333,"GM","SI"
38,6,333,"GM","SI"
33,13,333,"GM","SI"
61,36,333,"GM","SI"
91,7,333,"GM","SI"
19,10,334,"GM","SI"
27,3,334,"GM","SI"
44,32,334,"GM","SI"
19,10,334,"GM","SI"
12,12,334,"GM","SI"
38,6,334,"GM","SI"
48,8,334,"GM","SI"
254,1,334,"GM","SI"
64,15,334,"GM","SI"
48,8,334,"GM","SI"
17,6,334,"GM","SI"
14,29,334,"GM","SI"
11,32,334,"GM","SI"
71,4,334,"GM","SI"
38,6,334,"GM","SI"
45,8,334,"GM","SI"
80,7,334,"GM","SI"
163,1,334,"GM","SI"
3,3,334,"GM","SI"
78,13,334,"GM","SI"
76,7,334,"GM","SI"
86,2,334,"GM","SI"
59,5,334,"GM","SI"
77,20,334,"GM","SI"
28,34,334,"GM","SI"
548,1,334,"GM","SI"
32,14,334,"GM","SI"
17,6,334,"GM","SI"
58,5,334,"GM","SI"
7,10,334,"GM","SI"
72,7,334,"GM","SI"
57,8,334,"GM","SI"
33,13,334,"GM","SI"
76,7,334,"GM","SI"
167,1,334,"GM","SI"
4,8,334,"GM","SI"
36,5,334,"GM","SI"
91,7,334,"GM","SI"
545,1,335,"GM","SI"
41,1,335,"GM","SI"
77,20,335,"GM","SI"
38,6,335,"GM","SI"
49,7,335,"GM","SI"
20,6,335,"GM","SI"
86,2,335,"GM","SI"
254,1,335,"GM","SI"
64,15,335,"GM","SI"
7,10,335,"GM","SI"
17,6,335,"GM","SI"
10,7,335,"GM","SI"
12,12,335,"GM","SI"
3,3,335,"GM","SI"
32,14,335,"GM","SI"
30,2,335,"GM","SI"
28,34,335,"GM","SI"
62,7,335,"GM","SI"
33,13,335,"GM","SI"
80,7,335,"GM","SI"
78,13,335,"GM","SI"
26,69,335,"GM","SI"
11,32,335,"GM","SI"
12,12,335,"GM","SI"
2,6,335,"GM","SI"
76,7,335,"GM","SI"
27,3,335,"GM","SI"
13,4,335,"GM","SI"
78,13,335,"GM","SI"
77,20,335,"GM","SI"
76,7,335,"GM","SI"
57,8,335,"GM","SI"
54,12,335,"GM","SI"
63,6,335,"GM","SI"
25,15,335,"GM","SI"
19,10,335,"GM","SI"
67,12,335,"GM","SI"
45,8,335,"GM","SI"
25,15,336,"GM","SI"
91,7,336,"GM","SI"
45,8,336,"GM","SI"
19,10,336,"GM","SI"
48,8,336,"GM","SI"
13,4,336,"GM","SI"
11,32,336,"GM","SI"
41,1,336,"GM","SI"
77,20,336,"GM","SI"
36,5,336,"GM","SI"
64,15,336,"GM","SI"
59,5,336,"GM","SI"
30,2,336,"GM","SI"
7,10,336,"GM","SI"
5,7,336,"GM","SI"
76,7,336,"GM","SI"
49,7,336,"GM","SI"
254,1,336,"GM","SI"
4,8,336,"GM","SI"
47,9,336,"GM","SI"
32,14,336,"GM","SI"
26,69,336,"GM","SI"
33,13,336,"GM","SI"
54,12,336,"GM","SI"
71,4,336,"GM","SI"
7,10,336,"GM","SI"
72,7,336,"GM","SI"
44,32,336,"GM","SI"
548,1,336,"GM","SI"
28,34,336,"GM","SI"
61,36,336,"GM","SI"
2,6,336,"GM","SI"
10,7,336,"GM","SI"
20,6,336,"GM","SI"
12,12,336,"GM","SI"
5,7,336,"GM","SI"
38,6,336,"GM","SI"
44,32,336,"GM","SI"
44,32,337,"GM","SI"
77,20,337,"GM","SI"
5,7,337,"GM","SI"
11,32,337,"GM","SI"
12,12,337,"GM","SI"
78,13,337,"GM","SI"
163,1,337,"GM","SI"
58,5,337,"GM","SI"
38,6,337,"GM","SI"
47,9,337,"GM","SI"
33,13,337,"GM","SI"
13,4,337,"GM","SI"
2,6,337,"GM","SI"
14,29,337,"GM","SI"
16,5,337,"GM","SI"
17,6,337,"GM","SI"
32,14,337,"GM","SI"
67,12,337,"GM","SI"
41,1,337,"GM","SI"
33,13,337,"GM","SI"
67,12,337,"GM","SI"
86,2,337,"GM","SI"
7,10,337,"GM","SI"
76,7,337,"GM","SI"
32,14,337,"GM","SI"
80,7,337,"GM","SI"
20,6,337,"GM","SI"
27,3,337,"GM","SI"
23,6,337,"GM","SI"
26,69,337,"GM","SI"
57,8,337,"GM","SI"
77,20,337,"GM","SI"
167,1,337,"GM","SI"
48,8,337,"GM","SI"
530,2,337,"GM","SI"
10,7,337,"GM","SI"
49,7,337,"GM","SI"
63,6,337,"GM","SI"
14,29,338,"GM","SI"
5,7,338,"GM","SI"
530,2,338,"GM","SI"
3,3,338,"GM","SI"
41,1,338,"GM","SI"
75,5,338,"GM","SI"
38,6,338,"GM","SI"
77,20,338,"GM","SI"
76,7,338,"GM","SI"
45,8,338,"GM","SI"
64,15,338,"GM","SI"
19,10,338,"GM","SI"
16,5,338,"GM","SI"
54,12,338,"GM","SI"
32,14,338,"GM","SI"
49,7,338,"GM","SI"
71,4,338,"GM","SI"
63,6,338,"GM","SI"
17,6,338,"GM","SI"
7,10,338,"GM","SI"
36,5,338,"GM","SI"
13,4,338,"GM","SI"
5,7,338,"GM","SI"
30,2,338,"GM","SI"
163,1,338,"GM","SI"
78,13,338,"GM","SI"
25,15,338,"GM","SI"
77,20,338,"GM","SI"
91,7,338,"GM","SI"
62,7,338,"GM","SI"
48,8,338,"GM","SI"
17,6,338,"GM","SI"
20,6,338,"GM","SI"
12,12,338,"GM","SI"
58,5,338,"GM","SI"
82,1,338,"GM","SI"
4,8,338,"GM","SI"
45,8,338,"GM","SI"
3,3,339,"GM","SI"
5,7,339,"GM","SI"
82,1,339,"GM","SI"
32,14,339,"GM","SI"
38,6,339,"GM","SI"
25,15,339,"GM","SI"
33,13,339,"GM","SI"
77,20,339,"GM","SI"
19,10,339,"GM","SI"
67,12,339,"GM","SI"
62,7,339,"GM","SI"
12,12,339,"GM","SI"
44,32,339,"GM","SI"
76,7,339,"GM","SI"
13,4,339,"GM","SI"
2,6,339,"GM","SI"
44,32,339,"GM","SI"
91,7,339,"GM","SI"
17,6,339,"GM","SI"
63,6,339,"GM","SI"
67,12,339,"GM","SI"
38,6,339,"GM","SI"
16,5,339,"GM","SI"
71,4,339,"GM","SI"
28,34,339,"GM","SI"
47,9,339,"GM","SI"
86,2,339,"GM","SI"
32,14,339,"GM","SI"
549,1,339,"GM","SI"
51,2,339,"GM","SI"
14,29,339,"GM","SI"
14,29,339,"GM","SI"
30,2,339,"GM","SI"
59,5,339,"GM","SI"
64,15,339,"GM","SI"
78,13,339,"GM","SI"
48,8,339,"GM","SI"
80,7,339,"GM","SI"
59,5,340,"GM","SI"
76,7,340,"GM","SI"
77,20,340,"GM","SI"
27,3,340,"GM","SI"
13,4,340,"GM","SI"
17,6,340,"GM","SI"
26,69,340,"GM","SI"
58,5,340,"GM","SI"
548,1,340,"GM","SI"
549,1,340,"GM","SI"
61,36,340,"GM","SI"
14,29,340,"GM","SI"
3,3,340,"GM","SI"
54,12,340,"GM","SI"
64,15,340,"GM","SI"
11,32,340,"GM","SI"
33,13,340,"GM","SI"
163,1,340,"GM","SI"
38,6,340,"GM","SI"
91,7,340,"GM","SI"
23,6,340,"GM","SI"
77,20,340,"GM","SI"
80,7,340,"GM","SI"
4,8,340,"GM","SI"
38,6,340,"GM","SI"
14,29,340,"GM","SI"
33,13,340,"GM","SI"
57,8,340,"GM","SI"
82,1,340,"GM","SI"
48,8,340,"GM","SI"
530,2,340,"GM","SI"
10,7,340,"GM","SI"
545,1,340,"GM","SI"
30,2,340,"GM","SI"
13,4,340,"GM","SI"
64,15,340,"GM","SI"
63,6,340,"GM","SI"
28,34,340,"GM","SI"
32,14,341,"GM","SI"
26,69,341,"GM","SI"
36,5,341,"GM","SI"
41,1,341,"GM","SI"
11,32,341,"GM","SI"
17,6,341,"GM","SI"
51,2,341,"GM","SI"
20,6,341,"GM","SI"
80,7,341,"GM","SI"
2,6,341,"GM","SI"
47,9,341,"GM","SI"
12,12,341,"GM","SI"
49,7,341,"GM","SI"
17,6,341,"GM","SI"
54,12,341,"GM","SI"
16,5,341,"GM","SI"
58,5,341,"GM","SI"
5,7,341,"GM","SI"
26,69,341,"GM","SI"
45,8,341,"GM","SI"
67,12,341,"GM","SI"
7,10,341,"GM","SI"
548,1,341,"GM","SI"
48,8,341,"GM","SI"
91,7,341,"GM","SI"
62,7,341,"GM","SI"
44,32,341,"GM","SI"
77,20,341,"GM","SI"
76,7,341,"GM","SI"
11,32,341,"GM","SI"
12,12,341,"GM","SI"
14,29,341,"GM","SI"
86,2,341,"GM","SI"
78,13,341,"GM","SI"
30,2,341,"GM","SI"
75,5,341,"GM","SI"
13,4,341,"GM","SI"
530,2,341,"GM","SI"
48,8,342,"GM","SI"
12,12,342,"GM","SI"
91,7,342,"GM","SI"
2,6,342,"GM","SI"
163,1,342,"GM","SI"
47,9,342,"GM","SI"
17,6,342,"GM","SI"
78,13,342,"GM","SI"
254,1,342,"GM","SI"
36,5,342,"GM","SI"
44,32,342,"GM","SI"
33,13,342,"GM","SI"
61,36,342,"GM","SI"
63,6,342,"GM","SI"
67,12,342,"GM","SI"
7,10,342,"GM","SI"
545,1,342,"GM","SI"
72,7,342,"GM","SI"
32,14,342,"GM","SI"
75,5,342,"GM","SI"
64,15,342,"GM","SI"
14,29,342,"GM","SI"
44,32,342,"GM","SI"
549,1,342,"GM","SI"
38,6,342,"GM","SI"
38,6,342,"GM","SI"
45,8,342,"GM","SI"
49,7,342,"GM","SI"
167,1,342,"GM","SI"
12,12,342,"GM","SI"
13,4,342,"GM","SI"
86,2,342,"GM","SI"
32,14,342,"GM","SI"
30,2,342,"GM","SI"
3,3,342,"GM","SI"
76,7,342,"GM","SI"
28,34,342,"GM","SI"
54,12,342,"GM","SI"
38,6,343,"GM","SI"
11,32,343,"GM","SI"
86,2,343,"GM","SI"
78,13,343,"GM","SI"
548,1,343,"GM","SI"
41,1,343,"GM","SI"
13,4,343,"GM","SI"
4,8,343,"GM","SI"
80,7,343,"GM","SI"
2,6,343,"GM","SI"
49,7,343,"GM","SI"
23,6,343,"GM","SI"
13,4,343,"GM","SI"
11,32,343,"GM","SI"
26,69,343,"GM","SI"
58,5,343,"GM","SI"
72,7,343,"GM","SI"
530,2,343,"GM","SI"
47,9,343,"GM","SI"
7,10,343,"GM","SI"
28,34,343,"GM","SI"
12,12,343,"GM","SI"
163,1,343,"GM","SI"
32,14,343,"GM","SI"
549,1,343,"GM","SI"
78,13,343,"GM","SI"
38,6,343,"GM","SI"
12,12,343,"GM","SI"
45,8,343,"GM","SI"
61,36,343,"GM","SI"
76,7,343,"GM","SI"
91,7,343,"GM","SI"
62,7,343,"GM","SI"
17,6,343,"GM","SI"
80,7,343,"GM","SI"
5,7,343,"GM","SI"
14,29,343,"GM","SI"
167,1,343,"GM","SI"
77,20,344,"GM","SI"
57,8,344,"GM","SI"
48,8,344,"GM","SI"
167,1,344,"GM","SI"
86,2,344,"GM","SI"
64,15,344,"GM","SI"
7,10,344,"GM","SI"
61,36,344,"GM","SI"
16,5,344,"GM","SI"
17,6,344,"GM","SI"
26,69,344,"GM","SI"
58,5,344,"GM","SI"
10,7,344,"GM","SI"
254,1,344,"GM","SI"
19,10,344,"GM","SI"
33,13,344,"GM","SI"
63,6,344,"GM","SI"
78,13,344,"GM","SI"
64,15,344,"GM","SI"
38,6,344,"GM","SI"
76,7,344,"GM","SI"
77,20,344,"GM","SI"
545,1,344,"GM","SI"
80,7,344,"GM","SI"
75,5,344,"GM","SI"
548,1,344,"GM","SI"
30,2,344,"GM","SI"
38,6,344,"GM","SI"
47,9,344,"GM","SI"
44,32,344,"GM","SI"
49,7,344,"GM","SI"
82,1,344,"GM","SI"
23,6,344,"GM","SI"
17,6,344,"GM","SI"
19,10,344,"GM","SI"
11,32,344,"GM","SI"
20,6,344,"GM","SI"
28,34,344,"GM","SI"
19,10,345,"GM","SI"
13,4,345,"GM","SI"
63,6,345,"GM","SI"
4,8,345,"GM","SI"
80,7,345,"GM","SI"
67,12,345,"GM","SI"
44,32,345,"GM","SI"
548,1,345,"GM","SI"
3,3,345,"GM","SI"
72,7,345,"GM","SI"
91,7,345,"GM","SI"
64,15,345,"GM","SI"
5,7,345,"GM","SI"
13,4,345,"GM","SI"
64,15,345,"GM","SI"
59,5,345,"GM","SI"
17,6,345,"GM","SI"
26,69,345,"GM","SI"
12,12,345,"GM","SI"
77,20,345,"GM","SI"
7,10,345,"GM","SI"
28,34,345,"GM","SI"
45,8,345,"GM","SI"
530,2,345,"GM","SI"
23,6,345,"GM","SI"
163,1,345,"GM","SI"
76,7,345,"GM","SI"
545,1,345,"GM","SI"
26,69,345,"GM","SI"
19,10,345,"GM","SI"
54,12,345,"GM","SI"
5,7,345,"GM","SI"
32,14,345,"GM","SI"
67,12,345,"GM","SI"
27,3,345,"GM","SI"
47,9,345,"GM","SI"
10,7,345,"GM","SI"
45,8,345,"GM","SI"
167,1,346,"GM","SI"
530,2,346,"GM","SI"
17,6,346,"GM","SI"
26,69,346,"GM","SI"
5,7,346,"GM","SI"
91,7,346,"GM","SI"
48,8,346,"GM","SI"
45,8,346,"GM","SI"
63,6,346,"GM","SI"
13,4,346,"GM","SI"
58,5,346,"GM","SI"
25,15,346,"GM","SI"
61,36,346,"GM","SI"
64,15,346,"GM","SI"
77,20,346,"GM","SI"
44,32,346,"GM","SI"
57,8,346,"GM","SI"
2,6,346,"GM","SI"
38,6,346,"GM","SI"
51,2,346,"GM","SI"
32,14,346,"GM","SI"
19,10,346,"GM","SI"
62,7,346,"GM","SI"
78,13,346,"GM","SI"
16,5,346,"GM","SI"
27,3,346,"GM","SI"
545,1,346,"GM","SI"
33,13,346,"GM","SI"
23,6,346,"GM","SI"
47,9,346,"GM","SI"
44,32,346,"GM","SI"
548,1,346,"GM","SI"
82,1,346,"GM","SI"
76,7,346,"GM","SI"
12,12,346,"GM","SI"
4,8,346,"GM","SI"
36,5,346,"GM","SI"
11,32,346,"GM","SI"
38,6,347,"GM","SI"
62,7,347,"GM","SI"
33,13,347,"GM","SI"
33,13,347,"GM","SI"
71,4,347,"GM","SI"
67,12,347,"GM","SI"
28,34,347,"GM","SI"
76,7,347,"GM","SI"
17,6,347,"GM","SI"
32,14,347,"GM","SI"
530,2,347,"GM","SI"
48,8,347,"GM","SI"
47,9,347,"GM","SI"
77,20,347,"GM","SI"
45,8,347,"GM","SI"
67,12,347,"GM","SI"
254,1,347,"GM","SI"
163,1,347,"GM","SI"
548,1,347,"GM","SI"
167,1,347,"GM","SI"
36,5,347,"GM","SI"
12,12,347,"GM","SI"
32,14,347,"GM","SI"
11,32,347,"GM","SI"
63,6,347,"GM","SI"
64,15,347,"GM","SI"
72,7,347,"GM","SI"
54,12,347,"GM","SI"
86,2,347,"GM","SI"
5,7,347,"GM","SI"
4,8,347,"GM","SI"
14,29,347,"GM","SI"
78,13,347,"GM","SI"
61,36,347,"GM","SI"
16,5,347,"GM","SI"
59,5,347,"GM","SI"
25,15,347,"GM","SI"
545,1,347,"GM","SI"
91,7,348,"GM","SI"
86,2,348,"GM","SI"
71,4,348,"GM","SI"
11,32,348,"GM","SI"
57,8,348,"GM","SI"
77,20,348,"GM","SI"
163,1,348,"GM","SI"
3,3,348,"GM","SI"
48,8,348,"GM","SI"
44,32,348,"GM","SI"
5,7,348,"GM","SI"
25,15,348,"GM","SI"
59,5,348,"GM","SI"
72,7,348,"GM","SI"
49,7,348,"GM","SI"
27,3,348,"GM","SI"
548,1,348,"GM","SI"
7,10,348,"GM","SI"
45,8,348,"GM","SI"
38,6,348,"GM","SI"
11,32,348,"GM","SI"
75,5,348,"GM","SI"
16,5,348,"GM","SI"
28,34,348,"GM","SI"
10,7,348,"GM","SI"
33,13,348,"GM","SI"
48,8,348,"GM","SI"
26,69,348,"GM","SI"
61,36,348,"GM","SI"
545,1,348,"GM","SI"
51,2,348,"GM","SI"
76,7,348,"GM","SI"
41,1,348,"GM","SI"
23,6,348,"GM","SI"
167,1,348,"GM","SI"
7,10,348,"GM","SI"
58,5,348,"GM","SI"
26,69,348,"GM","SI"
77,20,349,"GM","SI"
48,8,349,"GM","SI"
5,7,349,"GM","SI"
78,13,349,"GM","SI"
167,1,349,"GM","SI"
41,1,349,"GM","SI"
76,7,349,"GM","SI"
45,8,349,"GM","SI"
549,1,349,"GM","SI"
86,2,349,"GM","SI"
26,69,349,"GM","SI"
51,2,349,"GM","SI"
76,7,349,"GM","SI"
10,7,349,"GM","SI"
3,3,349,"GM","SI"
67,12,349,"GM","SI"
25,15,349,"GM","SI"
5,7,349,"GM","SI"
49,7,349,"GM","SI"
58,5,349,"GM","SI"
17,6,349,"GM","SI"
16,5,349,"GM","SI"
7,10,349,"GM","SI"
7,10,349,"GM","SI"
19,10,349,"GM","SI"
11,32,349,"GM","SI"
44,32,349,"GM","SI"
64,15,349,"GM","SI"
44,32,349,"GM","SI"
38,6,349,"GM","SI"
45,8,349,"GM","SI"
71,4,349,"GM","SI"
2,6,349,"GM","SI"
63,6,349,"GM","SI"
72,7,349,"GM","SI"
36,5,349,"GM","SI"
48,8,349,"GM","SI"
33,13,349,"GM","SI"
530,2,350,"GM","SI"
5,7,350,"GM","SI"
2,6,350,"GM","SI"
78,13,350,"GM","SI"
11,32,350,"GM","SI"
67,12,350,"GM","SI"
33,13,350,"GM","SI"
12,12,350,"GM","SI"
49,7,350,"GM","SI"
71,4,350,"GM","SI"
28,34,350,"GM","SI"
17,6,350,"GM","SI"
548,1,350,"GM","SI"
32,14,350,"GM","SI"
54,12,350,"GM","SI"
64,15,350,"GM","SI"
48,8,350,"GM","SI"
76,7,350,"GM","SI"
63,6,350,"GM","SI"
86,2,350,"GM","SI"
64,15,350,"GM","SI"
75,5,350,"GM","SI"
19,10,350,"GM","SI"
19,10,350,"GM","SI"
5,7,350,"GM","SI"
82,1,350,"GM","SI"
20,6,350,"GM","SI"
38,6,350,"GM","SI"
62,7,350,"GM","SI"
30,2,350,"GM","SI"
28,34,350,"GM","SI"
25,15,350,"GM","SI"
41,1,350,"GM","SI"
16,5,350,"GM","SI"
26,69,350,"GM","SI"
167,1,350,"GM","SI"
80,7,350,"GM","SI"
61,36,350,"GM","SI"
2,6,351,"GM","SI"
27,3,351,"GM","SI"
58,5,351,"GM","SI"
33,13,351,"GM","SI"
25,15,351,"GM","SI"
71,4,351,"GM","SI"
38,6,351,"GM","SI"
7,10,351,"GM","SI"
47,9,351,"GM","SI"
41,1,351,"GM","SI"
80,7,351,"GM","SI"
59,5,351,"GM","SI"
26,69,351,"GM","SI"
76,7,351,"GM","SI"
38,6,351,"GM","SI"
67,12,351,"GM","SI"
530,2,351,"GM","SI"
16,5,351,"GM","SI"
86,2,351,"GM","SI"
77,20,351,"GM","SI"
45,8,351,"GM","SI"
5,7,351,"GM","SI"
30,2,351,"GM","SI"
12,12,351,"GM","SI"
63,6,351,"GM","SI"
14,29,351,"GM","SI"
62,7,351,"GM","SI"
61,36,351,"GM","SI"
5,7,351,"GM","SI"
44,32,351,"GM","SI"
11,32,351,"GM","SI"
91,7,351,"GM","SI"
72,7,351,"GM","SI"
549,1,351,"GM","SI"
19,10,351,"GM","SI"
10,7,351,"GM","SI"
78,13,351,"GM","SI"
57,8,351,"GM","SI"
19,10,352,"GM","SI"
86,2,352,"GM","SI"
11,32,352,"GM","SI"
58,5,352,"GM","SI"
44,32,352,"GM","SI"
48,8,352,"GM","SI"
38,6,352,"GM","SI"
78,13,352,"GM","SI"
14,29,352,"GM","SI"
26,69,352,"GM","SI"
59,5,352,"GM","SI"
76,7,352,"GM","SI"
32,14,352,"GM","SI"
77,20,352,"GM","SI"
254,1,352,"GM","SI"
17,6,352,"GM","SI"
2,6,352,"GM","SI"
36,5,352,"GM","SI"
33,13,352,"GM","SI"
41,1,352,"GM","SI"
44,32,352,"GM","SI"
64,15,352,"GM","SI"
64,15,352,"GM","SI"
76,7,352,"GM","SI"
5,7,352,"GM","SI"
545,1,352,"GM","SI"
49,7,352,"GM","SI"
61,36,352,"GM","SI"
80,7,352,"GM","SI"
12,12,352,"GM","SI"
75,5,352,"GM","SI"
13,4,352,"GM","SI"
32,14,352,"GM","SI"
7,10,352,"GM","SI"
57,8,352,"GM","SI"
10,7,352,"GM","SI"
3,3,352,"GM","SI"
548,1,352,"GM","SI"
11,32,353,"GM","SI"
49,7,353,"GM","SI"
45,8,353,"GM","SI"
76,7,353,"GM","SI"
44,32,353,"GM","SI"
78,13,353,"GM","SI"
11,32,353,"GM","SI"
61,36,353,"GM","SI"
64,15,353,"GM","SI"
12,12,353,"GM","SI"
64,15,353,"GM","SI"
77,20,353,"GM","SI"
44,32,353,"GM","SI"
530,2,353,"GM","SI"
549,1,353,"GM","SI"
54,12,353,"GM","SI"
26,69,353,"GM","SI"
32,14,353,"GM","SI"
80,7,353,"GM","SI"
71,4,353,"GM","SI"
167,1,353,"GM","SI"
48,8,353,"GM","SI"
28,34,353,"GM","SI"
82,1,353,"GM","SI"
33,13,353,"GM","SI"
5,7,353,"GM","SI"
38,6,353,"GM","SI"
38,6,353,"GM","SI"
25,15,353,"GM","SI"
7,10,353,"GM","SI"
32,14,353,"GM","SI"
45,8,353,"GM","SI"
10,7,353,"GM","SI"
33,13,353,"GM","SI"
58,5,353,"GM","SI"
28,34,353,"GM","SI"
4,8,353,"GM","SI"
19,10,353,"GM","SI"
13,4,354,"GM","SI"
44,32,354,"GM","SI"
16,5,354,"GM","SI"
12,12,354,"GM","SI"
62,7,354,"GM","SI"
254,1,354,"GM","SI"
33,13,354,"GM","SI"
5,7,354,"GM","SI"
57,8,354,"GM","SI"
36,5,354,"GM","SI"
28,34,354,"GM","SI"
4,8,354,"GM","SI"
67,12,354,"GM","SI"
54,12,354,"GM","SI"
12,12,354,"GM","SI"
163,1,354,"GM","SI"
17,6,354,"GM","SI"
7,10,354,"GM","SI"
549,1,354,"GM","SI"
58,5,354,"GM","SI"
32,14,354,"GM","SI"
38,6,354,"GM","SI"
548,1,354,"GM","SI"
75,5,354,"GM","SI"
30,2,354,"GM","SI"
41,1,354,"GM","SI"
167,1,354,"GM","SI"
19,10,354,"GM","SI"
61,36,354,"GM","SI"
78,13,354,"GM","SI"
20,6,354,"GM","SI"
14,29,354,"GM","SI"
33,13,354,"GM","SI"
64,15,354,"GM","SI"
26,69,354,"GM","SI"
38,6,354,"GM","SI"
45,8,354,"GM","SI"
45,8,354,"GM","SI"
530,2,355,"GM","SI"
80,7,355,"GM","SI"
13,4,355,"GM","SI"
77,20,355,"GM","SI"
38,6,355,"GM","SI"
49,7,355,"GM","SI"
4,8,355,"GM","SI"
59,5,355,"GM","SI"
67,12,355,"GM","SI"
12,12,355,"GM","SI"
51,2,355,"GM","SI"
11,32,355,"GM","SI"
82,1,355,"GM","SI"
2,6,355,"GM","SI"
13,4,355,"GM","SI"
58,5,355,"GM","SI"
48,8,355,"GM","SI"
19,10,355,"GM","SI"
45,8,355,"GM","SI"
57,8,355,"GM","SI"
254,1,355,"GM","SI"
86,2,355,"GM","SI"
33,13,355,"GM","SI"
72,7,355,"GM","SI"
26,69,355,"GM","SI"
76,7,355,"GM","SI"
45,8,355,"GM","SI"
36,5,355,"GM","SI"
7,10,355,"GM","SI"
78,13,355,"GM","SI"
71,4,355,"GM","SI"
47,9,355,"GM","SI"
33,13,355,"GM","SI"
75,5,355,"GM","SI"
16,5,355,"GM","SI"
63,6,355,"GM","SI"
64,15,355,"GM","SI"
7,10,355,"GM","SI"
548,1,356,"GM","SI"
62,7,356,"GM","SI"
11,32,356,"GM","SI"
12,12,356,"GM","SI"
25,15,356,"GM","SI"
82,1,356,"GM","SI"
5,7,356,"GM","SI"
14,29,356,"GM","SI"
72,7,356,"GM","SI"
10,7,356,"GM","SI"
28,34,356,"GM","SI"
45,8,356,"GM","SI"
5,7,356,"GM","SI"
38,6,356,"GM","SI"
38,6,356,"GM","SI"
48,8,356,"GM","SI"
75,5,356,"GM","SI"
80,7,356,"GM","SI"
3,3,356,"GM","SI"
254,1,356,"GM","SI"
45,8,356,"GM","SI"
549,1,356,"GM","SI"
67,12,356,"GM","SI"
67,12,356,"GM","SI"
61,36,356,"GM","SI"
30,2,356,"GM","SI"
19,10,356,"GM","SI"
11,32,356,"GM","SI"
19,10,356,"GM","SI"
76,7,356,"GM","SI"
77,20,356,"GM","SI"
51,2,356,"GM","SI"
23,6,356,"GM","SI"
4,8,356,"GM","SI"
58,5,356,"GM","SI"
17,6,356,"GM","SI"
48,8,356,"GM","SI"
44,32,356,"GM","SI"
47,9,357,"GM","SI"
19,10,357,"GM","SI"
58,5,357,"GM","SI"
4,8,357,"GM","SI"
3,3,357,"GM","SI"
12,12,357,"GM","SI"
63,6,357,"GM","SI"
44,32,357,"GM","SI"
61,36,357,"GM","SI"
11,32,357,"GM","SI"
27,3,357,"GM","SI"
26,69,357,"GM","SI"
28,34,357,"GM","SI"
28,34,357,"GM","SI"
49,7,357,"GM","SI"
26,69,357,"GM","SI"
82,1,357,"GM","SI"
20,6,357,"GM","SI"
5,7,357,"GM","SI"
86,2,357,"GM","SI"
14,29,357,"GM","SI"
13,4,357,"GM","SI"
67,12,357,"GM","SI"
545,1,357,"GM","SI"
10,7,357,"GM","SI"
78,13,357,"GM","SI"
48,8,357,"GM","SI"
64,15,357,"GM","SI"
64,15,357,"GM","SI"
36,5,357,"GM","SI"
57,8,357,"GM","SI"
549,1,357,"GM","SI"
12,12,357,"GM","SI"
76,7,357,"GM","SI"
7,10,357,"GM","SI"
62,7,357,"GM","SI"
38,6,357,"GM","SI"
77,20,357,"GM","SI"
17,6,358,"GM","SI"
62,7,358,"GM","SI"
49,7,358,"GM","SI"
57,8,358,"GM","SI"
36,5,358,"GM","SI"
80,7,358,"GM","SI"
33,13,358,"GM","SI"
5,7,358,"GM","SI"
13,4,358,"GM","SI"
28,34,358,"GM","SI"
48,8,358,"GM","SI"
545,1,358,"GM","SI"
78,13,358,"GM","SI"
14,29,358,"GM","SI"
26,69,358,"GM","SI"
54,12,358,"GM","SI"
16,5,358,"GM","SI"
47,9,358,"GM","SI"
67,12,358,"GM","SI"
548,1,358,"GM","SI"
64,15,358,"GM","SI"
17,6,358,"GM","SI"
82,1,358,"GM","SI"
76,7,358,"GM","SI"
530,2,358,"GM","SI"
67,12,358,"GM","SI"
51,2,358,"GM","SI"
91,7,358,"GM","SI"
26,69,358,"GM","SI"
2,6,358,"GM","SI"
549,1,358,"GM","SI"
14,29,358,"GM","SI"
12,12,358,"GM","SI"
20,6,358,"GM","SI"
32,14,358,"GM","SI"
71,4,358,"GM","SI"
32,14,358,"GM","SI"
12,12,358,"GM","SI"
51,2,359,"GM","SI"
76,7,359,"GM","SI"
82,1,359,"GM","SI"
5,7,359,"GM","SI"
75,5,359,"GM","SI"
12,12,359,"GM","SI"
14,29,359,"GM","SI"
71,4,359,"GM","SI"
57,8,359,"GM","SI"
30,2,359,"GM","SI"
38,6,359,"GM","SI"
19,10,359,"GM","SI"
67,12,359,"GM","SI"
67,12,359,"GM","SI"
549,1,359,"GM","SI"
64,15,359,"GM","SI"
72,7,359,"GM","SI"
33,13,359,"GM","SI"
23,6,359,"GM","SI"
167,1,359,"GM","SI"
7,10,359,"GM","SI"
33,13,359,"GM","SI"
32,14,359,"GM","SI"
44,32,359,"GM","SI"
28,34,359,"GM","SI"
77,20,359,"GM","SI"
7,10,359,"GM","SI"
45,8,359,"GM","SI"
63,6,359,"GM","SI"
62,7,359,"GM","SI"
12,12,359,"GM","SI"
78,13,359,"GM","SI"
11,32,359,"GM","SI"
48,8,359,"GM","SI"
13,4,359,"GM","SI"
45,8,359,"GM","SI"
19,10,359,"GM","SI"
54,12,359,"GM","SI"
72,7,360,"GM","SI"
58,5,360,"GM","SI"
16,5,360,"GM","SI"
49,7,360,"GM","SI"
78,13,360,"GM","SI"
47,9,360,"GM","SI"
80,7,360,"GM","SI"
5,7,360,"GM","SI"
5,7,360,"GM","SI"
86,2,360,"GM","SI"
44,32,360,"GM","SI"
76,7,360,"GM","SI"
45,8,360,"GM","SI"
78,13,360,"GM","SI"
36,5,360,"GM","SI"
38,6,360,"GM","SI"
67,12,360,"GM","SI"
167,1,360,"GM","SI"
32,14,360,"GM","SI"
13,4,360,"GM","SI"
7,10,360,"GM","SI"
33,13,360,"GM","SI"
82,1,360,"GM","SI"
2,6,360,"GM","SI"
549,1,360,"GM","SI"
11,32,360,"GM","SI"
26,69,360,"GM","SI"
17,6,360,"GM","SI"
163,1,360,"GM","SI"
14,29,360,"GM","SI"
32,14,360,"GM","SI"
64,15,360,"GM","SI"
530,2,360,"GM","SI"
63,6,360,"GM","SI"
57,8,360,"GM","SI"
71,4,360,"GM","SI"
51,2,360,"GM","SI"
254,1,360,"GM","SI"
64,15,361,"GM","SI"
61,36,361,"GM","SI"
4,8,361,"GM","SI"
13,4,361,"GM","SI"
77,20,361,"GM","SI"
19,10,361,"GM","SI"
63,6,361,"GM","SI"
30,2,361,"GM","SI"
49,7,361,"GM","SI"
71,4,361,"GM","SI"
26,69,361,"GM","SI"
27,3,361,"GM","SI"
25,15,361,"GM","SI"
530,2,361,"GM","SI"
38,6,361,"GM","SI"
82,1,361,"GM","SI"
17,6,361,"GM","SI"
28,34,361,"GM","SI"
45,8,361,"GM","SI"
23,6,361,"GM","SI"
7,10,361,"GM","SI"
58,5,361,"GM","SI"
33,13,361,"GM","SI"
72,7,361,"GM","SI"
86,2,361,"GM","SI"
5,7,361,"GM","SI"
32,14,361,"GM","SI"
47,9,361,"GM","SI"
7,10,361,"GM","SI"
67,12,361,"GM","SI"
20,6,361,"GM","SI"
80,7,361,"GM","SI"
11,32,361,"GM","SI"
10,7,361,"GM","SI"
548,1,361,"GM","SI"
59,5,361,"GM","SI"
5,7,361,"GM","SI"
254,1,361,"GM","SI"
47,9,362,"GM","SI"
11,32,362,"GM","SI"
76,7,362,"GM","SI"
28,34,362,"GM","SI"
64,15,362,"GM","SI"
14,29,362,"GM","SI"
13,4,362,"GM","SI"
48,8,362,"GM","SI"
86,2,362,"GM","SI"
59,5,362,"GM","SI"
62,7,362,"GM","SI"
64,15,362,"GM","SI"
20,6,362,"GM","SI"
32,14,362,"GM","SI"
7,10,362,"GM","SI"
45,8,362,"GM","SI"
33,13,362,"GM","SI"
61,36,362,"GM","SI"
14,29,362,"GM","SI"
12,12,362,"GM","SI"
549,1,362,"GM","SI"
77,20,362,"GM","SI"
33,13,362,"GM","SI"
38,6,362,"GM","SI"
71,4,362,"GM","SI"
548,1,362,"GM","SI"
32,14,362,"GM","SI"
58,5,362,"GM","SI"
82,1,362,"GM","SI"
11,32,362,"GM","SI"
13,4,362,"GM","SI"
2,6,362,"GM","SI"
30,2,362,"GM","SI"
45,8,362,"GM","SI"
44,32,362,"GM","SI"
530,2,362,"GM","SI"
4,8,362,"GM","SI"
67,12,362,"GM","SI"
67,12,363,"GM","SI"
163,1,363,"GM","SI"
530,2,363,"GM","SI"
25,15,363,"GM","SI"
11,32,363,"GM","SI"
80,7,363,"GM","SI"
71,4,363,"GM","SI"
47,9,363,"GM","SI"
64,15,363,"GM","SI"
76,7,363,"GM","SI"
72,7,363,"GM","SI"
49,7,363,"GM","SI"
33,13,363,"GM","SI"
167,1,363,"GM","SI"
23,6,363,"GM","SI"
26,69,363,"GM","SI"
28,34,363,"GM","SI"
54,12,363,"GM","SI"
77,20,363,"GM","SI"
38,6,363,"GM","SI"
19,10,363,"GM","SI"
86,2,363,"GM","SI"
254,1,363,"GM","SI"
76,7,363,"GM","SI"
59,5,363,"GM","SI"
78,13,363,"GM","SI"
91,7,363,"GM","SI"
67,12,363,"GM","SI"
5,7,363,"GM","SI"
82,1,363,"GM","SI"
41,1,363,"GM","SI"
80,7,363,"GM","SI"
45,8,363,"GM","SI"
27,3,363,"GM","SI"
32,14,363,"GM","SI"
61,36,363,"GM","SI"
14,29,363,"GM","SI"
10,7,363,"GM","SI"
17,6,364,"GM","SI"
13,4,364,"GM","SI"
80,7,364,"GM","SI"
530,2,364,"GM","SI"
41,1,364,"GM","SI"
26,69,364,"GM","SI"
5,7,364,"GM","SI"
77,20,364,"GM","SI"
12,12,364,"GM","SI"
549,1,364,"GM","SI"
78,13,364,"GM","SI"
3,3,364,"GM","SI"
47,9,364,"GM","SI"
76,7,364,"GM","SI"
19,10,364,"GM","SI"
32,14,364,"GM","SI"
254,1,364,"GM","SI"
51,2,364,"GM","SI"
48,8,364,"GM","SI"
67,12,364,"GM","SI"
48,8,364,"GM","SI"
545,1,364,"GM","SI"
2,6,364,"GM","SI"
63,6,364,"GM","SI"
25,15,364,"GM","SI"
58,5,364,"GM","SI"
26,69,364,"GM","SI"
5,7,364,"GM","SI"
11,32,364,"GM","SI"
17,6,364,"GM","SI"
20,6,364,"GM","SI"
44,32,364,"GM","SI"
64,15,364,"GM","SI"
72,7,364,"GM","SI"
86,2,364,"GM","SI"
167,1,364,"GM","SI"
30,2,364,"GM","SI"
62,7,364,"GM","SI"
49,7,365,"GM","SI"
30,2,365,"GM","SI"
167,1,365,"GM","SI"
76,7,365,"GM","SI"
17,6,365,"GM","SI"
48,8,365,"GM","SI"
44,32,365,"GM","SI"
26,69,365,"GM","SI"
12,12,365,"GM","SI"
26,69,365,"GM","SI"
7,10,365,"GM","SI"
58,5,365,"GM","SI"
254,1,365,"GM","SI"
72,7,365,"GM","SI"
11,32,365,"GM","SI"
3,3,365,"GM","SI"
33,13,365,"GM","SI"
32,14,365,"GM","SI"
28,34,365,"GM","SI"
12,12,365,"GM","SI"
57,8,365,"GM","SI"
63,6,365,"GM","SI"
38,6,365,"GM","SI"
67,12,365,"GM","SI"
10,7,365,"GM","SI"
2,6,365,"GM","SI"
77,20,365,"GM","SI"
549,1,365,"GM","SI"
23,6,365,"GM","SI"
163,1,365,"GM","SI"
27,3,365,"GM","SI"
545,1,365,"GM","SI"
62,7,365,"GM","SI"
78,13,365,"GM","SI"
75,5,365,"GM","SI"
67,12,365,"GM","SI"
17,6,365,"GM","SI"
32,14,365,"GM","SI"
71,4,366,"GM","SI"
19,10,366,"GM","SI"
7,10,366,"GM","SI"
49,7,366,"GM","SI"
11,32,366,"GM","SI"
64,15,366,"GM","SI"
13,4,366,"GM","SI"
26,69,366,"GM","SI"
54,12,366,"GM","SI"
72,7,366,"GM","SI"
63,6,366,"GM","SI"
163,1,366,"GM","SI"
19,10,366,"GM","SI"
45,8,366,"GM","SI"
545,1,366,"GM","SI"
91,7,366,"GM","SI"
36,5,366,"GM","SI"
82,1,366,"GM","SI"
32,14,366,"GM","SI"
26,69,366,"GM","SI"
548,1,366,"GM","SI"
75,5,366,"GM","SI"
77,20,366,"GM","SI"
48,8,366,"GM","SI"
530,2,366,"GM","SI"
167,1,366,"GM","SI"
45,8,366,"GM","SI"
47,9,366,"GM","SI"
61,36,366,"GM","SI"
16,5,366,"GM","SI"
41,1,366,"GM","SI"
254,1,366,"GM","SI"
10,7,366,"GM","SI"
78,13,366,"GM","SI"
62,7,366,"GM","SI"
57,8,366,"GM","SI"
64,15,366,"GM","SI"
76,7,366,"GM","SI"
32,14,367,"GM","SI"
20,6,367,"GM","SI"
63,6,367,"GM","SI"
76,7,367,"GM","SI"
548,1,367,"GM","SI"
11,32,367,"GM","SI"
33,13,367,"GM","SI"
58,5,367,"GM","SI"
16,5,367,"GM","SI"
530,2,367,"GM","SI"
17,6,367,"GM","SI"
26,69,367,"GM","SI"
13,4,367,"GM","SI"
45,8,367,"GM","SI"
28,34,367,"GM","SI"
72,7,367,"GM","SI"
91,7,367,"GM","SI"
167,1,367,"GM","SI"
86,2,367,"GM","SI"
19,10,367,"GM","SI"
23,6,367,"GM","SI"
26,69,367,"GM","SI"
33,13,367,"GM","SI"
7,10,367,"GM","SI"
13,4,367,"GM","SI"
5,7,367,"GM","SI"
12,12,367,"GM","SI"
44,32,367,"GM","SI"
80,7,367,"GM","SI"
14,29,367,"GM","SI"
78,13,367,"GM","SI"
75,5,367,"GM","SI"
14,29,367,"GM","SI"
28,34,367,"GM","SI"
5,7,367,"GM","SI"
545,1,367,"GM","SI"
51,2,367,"GM","SI"
48,8,367,"GM","SI"
19,10,368,"GM","SI"
27,3,368,"GM","SI"
48,8,368,"GM","SI"
2,6,368,"GM","SI"
86,2,368,"GM","SI"
530,2,368,"GM","SI"
16,5,368,"GM","SI"
54,12,368,"GM","SI"
61,36,368,"GM","SI"
26,69,368,"GM","SI"
549,1,368,"GM","SI"
12,12,368,"GM","SI"
44,32,368,"GM","SI"
7,10,368,"GM","SI"
59,5,368,"GM","SI"
26,69,368,"GM","SI"
33,13,368,"GM","SI"
47,9,368,"GM","SI"
30,2,368,"GM","SI"
25,15,368,"GM","SI"
82,1,368,"GM","SI"
5,7,368,"GM","SI"
17,6,368,"GM","SI"
12,12,368,"GM","SI"
41,1,368,"GM","SI"
49,7,368,"GM","SI"
10,7,368,"GM","SI"
48,8,368,"GM","SI"
11,32,368,"GM","SI"
77,20,368,"GM","SI"
4,8,368,"GM","SI"
19,10,368,"GM","SI"
91,7,368,"GM","SI"
78,13,368,"GM","SI"
7,10,368,"GM","SI"
17,6,368,"GM","SI"
36,5,368,"GM","SI"
78,13,368,"GM","SI"
33,13,369,"GM","SI"
11,32,369,"GM","SI"
32,14,369,"GM","SI"
19,10,369,"GM","SI"
167,1,369,"GM","SI"
44,32,369,"GM","SI"
41,1,369,"GM","SI"
12,12,369,"GM","SI"
548,1,369,"GM","SI"
67,12,369,"GM","SI"
530,2,369,"GM","SI"
48,8,369,"GM","SI"
33,13,369,"GM","SI"
47,9,369,"GM","SI"
44,32,369,"GM","SI"
78,13,369,"GM","SI"
57,8,369,"GM","SI"
2,6,369,"GM","SI"
86,2,369,"GM","SI"
54,12,369,"GM","SI"
13,4,369,"GM","SI"
25,15,369,"GM","SI"
545,1,369,"GM","SI"
163,1,369,"GM","SI"
26,69,369,"GM","SI"
38,6,369,"GM","SI"
91,7,369,"GM","SI"
17,6,369,"GM","SI"
80,7,369,"GM","SI"
3,3,369,"GM","SI"
32,14,369,"GM","SI"
23,6,369,"GM","SI"
77,20,369,"GM","SI"
63,6,369,"GM","SI"
20,6,369,"GM","SI"
67,12,369,"GM","SI"
7,10,369,"GM","SI"
13,4,369,"GM","SI"
5,7,370,"GM","SI"
27,3,370,"GM","SI"
41,1,370,"GM","SI"
76,7,370,"GM","SI"
25,15,370,"GM","SI"
10,7,370,"GM","SI"
163,1,370,"GM","SI"
28,34,370,"GM","SI"
91,7,370,"GM","SI"
13,4,370,"GM","SI"
64,15,370,"GM","SI"
47,9,370,"GM","SI"
7,10,370,"GM","SI"
32,14,370,"GM","SI"
167,1,370,"GM","SI"
48,8,370,"GM","SI"
86,2,370,"GM","SI"
71,4,370,"GM","SI"
80,7,370,"GM","SI"
530,2,370,"GM","SI"
64,15,370,"GM","SI"
254,1,370,"GM","SI"
5,7,370,"GM","SI"
76,7,370,"GM","SI"
7,10,370,"GM","SI"
61,36,370,"GM","SI"
67,12,370,"GM","SI"
67,12,370,"GM","SI"
17,6,370,"GM","SI"
58,5,370,"GM","SI"
45,8,370,"GM","SI"
30,2,370,"GM","SI"
11,32,370,"GM","SI"
12,12,370,"GM","SI"
26,69,370,"GM","SI"
75,5,370,"GM","SI"
13,4,370,"GM","SI"
20,6,370,"GM","SI"
28,34,371,"GM","SI"
71,4,371,"GM","SI"
548,1,371,"GM","SI"
254,1,371,"GM","SI"
12,12,371,"GM","SI"
16,5,371,"GM","SI"
30,2,371,"GM","SI"
45,8,371,"GM","SI"
32,14,371,"GM","SI"
80,7,371,"GM","SI"
49,7,371,"GM","SI"
530,2,371,"GM","SI"
61,36,371,"GM","SI"
28,34,371,"GM","SI"
26,69,371,"GM","SI"
77,20,371,"GM","SI"
75,5,371,"GM","SI"
45,8,371,"GM","SI"
77,20,371,"GM","SI"
58,5,371,"GM","SI"
545,1,371,"GM","SI"
32,14,371,"GM","SI"
67,12,371,"GM","SI"
14,29,371,"GM","SI"
48,8,371,"GM","SI"
33,13,371,"GM","SI"
38,6,371,"GM","SI"
5,7,371,"GM","SI"
91,7,371,"GM","SI"
13,4,371,"GM","SI"
19,10,371,"GM","SI"
78,13,371,"GM","SI"
33,13,371,"GM","SI"
54,12,371,"GM","SI"
67,12,371,"GM","SI"
23,6,371,"GM","SI"
5,7,371,"GM","SI"
7,10,371,"GM","SI"
54,12,372,"GM","SI"
48,8,372,"GM","SI"
80,7,372,"GM","SI"
75,5,372,"GM","SI"
5,7,372,"GM","SI"
27,3,372,"GM","SI"
45,8,372,"GM","SI"
20,6,372,"GM","SI"
13,4,372,"GM","SI"
254,1,372,"GM","SI"
86,2,372,"GM","SI"
548,1,372,"GM","SI"
48,8,372,"GM","SI"
17,6,372,"GM","SI"
63,6,372,"GM","SI"
19,10,372,"GM","SI"
2,6,372,"GM","SI"
4,8,372,"GM","SI"
28,34,372,"GM","SI"
76,7,372,"GM","SI"
23,6,372,"GM","SI"
19,10,372,"GM","SI"
26,69,372,"GM","SI"
3,3,372,"GM","SI"
12,12,372,"GM","SI"
16,5,372,"GM","SI"
62,7,372,"GM","SI"
33,13,372,"GM","SI"
57,8,372,"GM","SI"
36,5,372,"GM","SI"
64,15,372,"GM","SI"
67,12,372,"GM","SI"
78,13,372,"GM","SI"
32,14,372,"GM","SI"
72,7,372,"GM","SI"
33,13,372,"GM","SI"
64,15,372,"GM","SI"
11,32,372,"GM","SI"
91,7,373,"GM","SI"
14,29,373,"GM","SI"
5,7,373,"GM","SI"
13,4,373,"GM","SI"
76,7,373,"GM","SI"
71,4,373,"GM","SI"
530,2,373,"GM","SI"
77,20,373,"GM","SI"
30,2,373,"GM","SI"
61,36,373,"GM","SI"
167,1,373,"GM","SI"
64,15,373,"GM","SI"
38,6,373,"GM","SI"
47,9,373,"GM","SI"
33,13,373,"GM","SI"
28,34,373,"GM","SI"
45,8,373,"GM","SI"
41,1,373,"GM","SI"
59,5,373,"GM","SI"
23,6,373,"GM","SI"
12,12,373,"GM","SI"
7,10,373,"GM","SI"
38,6,373,"GM","SI"
4,8,373,"GM","SI"
80,7,373,"GM","SI"
28,34,373,"GM","SI"
48,8,373,"GM","SI"
549,1,373,"GM","SI"
63,6,373,"GM","SI"
76,7,373,"GM","SI"
67,12,373,"GM","SI"
13,4,373,"GM","SI"
72,7,373,"GM","SI"
62,7,373,"GM","SI"
49,7,373,"GM","SI"
67,12,373,"GM","SI"
75,5,373,"GM","SI"
78,13,373,"GM","SI"
7,10,374,"GM","SI"
62,7,374,"GM","SI"
13,4,374,"GM","SI"
76,7,374,"GM","SI"
19,10,374,"GM","SI"
10,7,374,"GM","SI"
14,29,374,"GM","SI"
11,32,374,"GM","SI"
25,15,374,"GM","SI"
549,1,374,"GM","SI"
16,5,374,"GM","SI"
63,6,374,"GM","SI"
51,2,374,"GM","SI"
67,12,374,"GM","SI"
7,10,374,"GM","SI"
47,9,374,"GM","SI"
5,7,374,"GM","SI"
76,7,374,"GM","SI"
48,8,374,"GM","SI"
12,12,374,"GM","SI"
28,34,374,"GM","SI"
11,32,374,"GM","SI"
32,14,374,"GM","SI"
45,8,374,"GM","SI"
26,69,374,"GM","SI"
36,5,374,"GM","SI"
72,7,374,"GM","SI"
5,7,374,"GM","SI"
86,2,374,"GM","SI"
38,6,374,"GM","SI"
71,4,374,"GM","SI"
545,1,374,"GM","SI"
41,1,374,"GM","SI"
80,7,374,"GM","SI"
27,3,374,"GM","SI"
20,6,374,"GM","SI"
14,29,374,"GM","SI"
44,32,374,"GM","SI"
76,7,375,"GM","SI"
80,7,375,"GM","SI"
10,7,375,"GM","SI"
19,10,375,"GM","SI"
19,10,375,"GM","SI"
32,14,375,"GM","SI"
27,3,375,"GM","SI"
58,5,375,"GM","SI"
78,13,375,"GM","SI"
13,4,375,"GM","SI"
72,7,375,"GM","SI"
20,6,375,"GM","SI"
11,32,375,"GM","SI"
4,8,375,"GM","SI"
44,32,375,"GM","SI"
47,9,375,"GM","SI"
30,2,375,"GM","SI"
5,7,375,"GM","SI"
254,1,375,"GM","SI"
49,7,375,"GM","SI"
530,2,375,"GM","SI"
12,12,375,"GM","SI"
57,8,375,"GM","SI"
548,1,375,"GM","SI"
62,7,375,"GM","SI"
33,13,375,"GM","SI"
41,1,375,"GM","SI"
78,13,375,"GM","SI"
51,2,375,"GM","SI"
80,7,375,"GM","SI"
76,7,375,"GM","SI"
77,20,375,"GM","SI"
64,15,375,"GM","SI"
45,8,375,"GM","SI"
545,1,375,"GM","SI"
33,13,375,"GM","SI"
86,2,375,"GM","SI"
16,5,375,"GM","SI"
41,1,376,"GM","SI"
38,6,376,"GM","SI"
80,7,376,"GM","SI"
28,34,376,"GM","SI"
7,10,376,"GM","SI"
11,32,376,"GM","SI"
163,1,376,"GM","SI"
76,7,376,"GM","SI"
20,6,376,"GM","SI"
254,1,376,"GM","SI"
61,36,376,"GM","SI"
17,6,376,"GM","SI"
530,2,376,"GM","SI"
23,6,376,"GM","SI"
72,7,376,"GM","SI"
64,15,376,"GM","SI"
82,1,376,"GM","SI"
44,32,376,"GM","SI"
26,69,376,"GM","SI"
19,10,376,"GM","SI"
16,5,376,"GM","SI"
17,6,376,"GM","SI"
77,20,376,"GM","SI"
11,32,376,"GM","SI"
58,5,376,"GM","SI"
54,12,376,"GM","SI"
2,6,376,"GM","SI"
13,4,376,"GM","SI"
91,7,376,"GM","SI"
63,6,376,"GM","SI"
67,12,376,"GM","SI"
26,69,376,"GM","SI"
14,29,376,"GM","SI"
77,20,376,"GM","SI"
548,1,376,"GM","SI"
67,12,376,"GM","SI"
36,5,376,"GM","SI"
28,34,376,"GM","SI"
38,6,377,"GM","SI"
167,1,377,"GM","SI"
77,20,377,"GM","SI"
26,69,377,"GM","SI"
5,7,377,"GM","SI"
64,15,377,"GM","SI"
45,8,377,"GM","SI"
32,14,377,"GM","SI"
30,2,377,"GM","SI"
67,12,377,"GM","SI"
548,1,377,"GM","SI"
64,15,377,"GM","SI"
75,5,377,"GM","SI"
5,7,377,"GM","SI"
545,1,377,"GM","SI"
11,32,377,"GM","SI"
549,1,377,"GM","SI"
58,5,377,"GM","SI"
80,7,377,"GM","SI"
61,36,377,"GM","SI"
28,34,377,"GM","SI"
11,32,377,"GM","SI"
54,12,377,"GM","SI"
163,1,377,"GM","SI"
71,4,377,"GM","SI"
72,7,377,"GM","SI"
13,4,377,"GM","SI"
76,7,377,"GM","SI"
10,7,377,"GM","SI"
17,6,377,"GM","SI"
38,6,377,"GM","SI"
82,1,377,"GM","SI"
7,10,377,"GM","SI"
41,1,377,"GM","SI"
28,34,377,"GM","SI"
4,8,377,"GM","SI"
80,7,377,"GM","SI"
23,6,377,"GM","SI"
7,10,378,"GM","SI"
33,13,378,"GM","SI"
3,3,378,"GM","SI"
58,5,378,"GM","SI"
49,7,378,"GM","SI"
14,29,378,"GM","SI"
80,7,378,"GM","SI"
91,7,378,"GM","SI"
5,7,378,"GM","SI"
63,6,378,"GM","SI"
86,2,378,"GM","SI"
28,34,378,"GM","SI"
548,1,378,"GM","SI"
26,69,378,"GM","SI"
77,20,378,"GM","SI"
67,12,378,"GM","SI"
12,12,378,"GM","SI"
45,8,378,"GM","SI"
45,8,378,"GM","SI"
64,15,378,"GM","SI"
25,15,378,"GM","SI"
13,4,378,"GM","SI"
78,13,378,"GM","SI"
10,7,378,"GM","SI"
28,34,378,"GM","SI"
16,5,378,"GM","SI"
12,12,378,"GM","SI"
17,6,378,"GM","SI"
4,8,378,"GM","SI"
61,36,378,"GM","SI"
545,1,378,"GM","SI"
47,9,378,"GM","SI"
7,10,378,"GM","SI"
30,2,378,"GM","SI"
80,7,378,"GM","SI"
51,2,378,"GM","SI"
44,32,378,"GM","SI"
72,7,378,"GM","SI"
64,15,379,"GM","SI"
20,6,379,"GM","SI"
77,20,379,"GM","SI"
80,7,379,"GM","SI"
13,4,379,"GM","SI"
530,2,379,"GM","SI"
11,32,379,"GM","SI"
38,6,379,"GM","SI"
82,1,379,"GM","SI"
91,7,379,"GM","SI"
5,7,379,"GM","SI"
64,15,379,"GM","SI"
163,1,379,"GM","SI"
61,36,379,"GM","SI"
78,13,379,"GM","SI"
47,9,379,"GM","SI"
548,1,379,"GM","SI"
19,10,379,"GM","SI"
28,34,379,"GM","SI"
26,69,379,"GM","SI"
14,29,379,"GM","SI"
30,2,379,"GM","SI"
17,6,379,"GM","SI"
49,7,379,"GM","SI"
19,10,379,"GM","SI"
48,8,379,"GM","SI"
5,7,379,"GM","SI"
16,5,379,"GM","SI"
71,4,379,"GM","SI"
45,8,379,"GM","SI"
7,10,379,"GM","SI"
41,1,379,"GM","SI"
58,5,379,"GM","SI"
549,1,379,"GM","SI"
38,6,379,"GM","SI"
44,32,379,"GM","SI"
45,8,379,"GM","SI"
33,13,379,"GM","SI"
19,10,380,"GM","SI"
32,14,380,"GM","SI"
30,2,380,"GM","SI"
38,6,380,"GM","SI"
17,6,380,"GM","SI"
12,12,380,"GM","SI"
13,4,380,"GM","SI"
2,6,380,"GM","SI"
36,5,380,"GM","SI"
49,7,380,"GM","SI"
72,7,380,"GM","SI"
48,8,380,"GM","SI"
59,5,380,"GM","SI"
78,13,380,"GM","SI"
67,12,380,"GM","SI"
61,36,380,"GM","SI"
14,29,380,"GM","SI"
80,7,380,"GM","SI"
7,10,380,"GM","SI"
77,20,380,"GM","SI"
44,32,380,"GM","SI"
64,15,380,"GM","SI"
91,7,380,"GM","SI"
27,3,380,"GM","SI"
254,1,380,"GM","SI"
13,4,380,"GM","SI"
11,32,380,"GM","SI"
32,14,380,"GM","SI"
38,6,380,"GM","SI"
167,1,380,"GM","SI"
57,8,380,"GM","SI"
163,1,380,"GM","SI"
82,1,380,"GM","SI"
14,29,380,"GM","SI"
545,1,380,"GM","SI"
5,7,380,"GM","SI"
75,5,380,"GM","SI"
16,5,380,"GM","SI"
59,5,381,"GM","SI"
33,13,381,"GM","SI"
5,7,381,"GM","SI"
26,69,381,"GM","SI"
17,6,381,"GM","SI"
75,5,381,"GM","SI"
77,20,381,"GM","SI"
549,1,381,"GM","SI"
54,12,381,"GM","SI"
71,4,381,"GM","SI"
12,12,381,"GM","SI"
3,3,381,"GM","SI"
64,15,381,"GM","SI"
548,1,381,"GM","SI"
545,1,381,"GM","SI"
64,15,381,"GM","SI"
41,1,381,"GM","SI"
44,32,381,"GM","SI"
11,32,381,"GM","SI"
32,14,381,"GM","SI"
48,8,381,"GM","SI"
20,6,381,"GM","SI"
49,7,381,"GM","SI"
14,29,381,"GM","SI"
13,4,381,"GM","SI"
26,69,381,"GM","SI"
2,6,381,"GM","SI"
27,3,381,"GM","SI"
19,10,381,"GM","SI"
67,12,381,"GM","SI"
91,7,381,"GM","SI"
23,6,381,"GM","SI"
17,6,381,"GM","SI"
45,8,381,"GM","SI"
38,6,381,"GM","SI"
32,14,381,"GM","SI"
62,7,381,"GM","SI"
76,7,381,"GM","SI"
163,1,382,"GM","SI"
38,6,382,"GM","SI"
14,29,382,"GM","SI"
67,12,382,"GM","SI"
86,2,382,"GM","SI"
7,10,382,"GM","SI"
13,4,382,"GM","SI"
51,2,382,"GM","SI"
167,1,382,"GM","SI"
57,8,382,"GM","SI"
78,13,382,"GM","SI"
41,1,382,"GM","SI"
545,1,382,"GM","SI"
27,3,382,"GM","SI"
19,10,382,"GM","SI"
32,14,382,"GM","SI"
59,5,382,"GM","SI"
4,8,382,"GM","SI"
38,6,382,"GM","SI"
44,32,382,"GM","SI"
10,7,382,"GM","SI"
71,4,382,"GM","SI"
3,3,382,"GM","SI"
5,7,382,"GM","SI"
26,69,382,"GM","SI"
33,13,382,"GM","SI"
48,8,382,"GM","SI"
28,34,382,"GM","SI"
33,13,382,"GM","SI"
63,6,382,"GM","SI"
67,12,382,"GM","SI"
44,32,382,"GM","SI"
17,6,382,"GM","SI"
77,20,382,"GM","SI"
76,7,382,"GM","SI"
80,7,382,"GM","SI"
82,1,382,"GM","SI"
72,7,382,"GM","SI"
19,10,383,"GM","SI"
41,1,383,"GM","SI"
32,14,383,"GM","SI"
11,32,383,"GM","SI"
48,8,383,"GM","SI"
45,8,383,"GM","SI"
7,10,383,"GM","SI"
75,5,383,"GM","SI"
4,8,383,"GM","SI"
86,2,383,"GM","SI"
545,1,383,"GM","SI"
33,13,383,"GM","SI"
64,15,383,"GM","SI"
78,13,383,"GM","SI"
167,1,383,"GM","SI"
82,1,383,"GM","SI"
91,7,383,"GM","SI"
59,5,383,"GM","SI"
71,4,383,"GM","SI"
36,5,383,"GM","SI"
2,6,383,"GM","SI"
20,6,383,"GM","SI"
62,7,383,"GM","SI"
67,12,383,"GM","SI"
51,2,383,"GM","SI"
10,7,383,"GM","SI"
77,20,383,"GM","SI"
13,4,383,"GM","SI"
254,1,383,"GM","SI"
12,12,383,"GM","SI"
26,69,383,"GM","SI"
44,32,383,"GM","SI"
11,32,383,"GM","SI"
76,7,383,"GM","SI"
77,20,383,"GM","SI"
548,1,383,"GM","SI"
72,7,383,"GM","SI"
61,36,383,"GM","SI"
51,2,384,"GM","SI"
545,1,384,"GM","SI"
254,1,384,"GM","SI"
10,7,384,"GM","SI"
16,5,384,"GM","SI"
80,7,384,"GM","SI"
28,34,384,"GM","SI"
64,15,384,"GM","SI"
77,20,384,"GM","SI"
14,29,384,"GM","SI"
4,8,384,"GM","SI"
11,32,384,"GM","SI"
20,6,384,"GM","SI"
78,13,384,"GM","SI"
57,8,384,"GM","SI"
32,14,384,"GM","SI"
36,5,384,"GM","SI"
67,12,384,"GM","SI"
11,32,384,"GM","SI"
48,8,384,"GM","SI"
77,20,384,"GM","SI"
13,4,384,"GM","SI"
17,6,384,"GM","SI"
45,8,384,"GM","SI"
63,6,384,"GM","SI"
27,3,384,"GM","SI"
67,12,384,"GM","SI"
163,1,384,"GM","SI"
72,7,384,"GM","SI"
12,12,384,"GM","SI"
530,2,384,"GM","SI"
30,2,384,"GM","SI"
7,10,384,"GM","SI"
44,32,384,"GM","SI"
28,34,384,"GM","SI"
41,1,384,"GM","SI"
25,15,384,"GM","SI"
54,12,384,"GM","SI"
80,7,385,"GM","SI"
545,1,385,"GM","SI"
19,10,385,"GM","SI"
11,32,385,"GM","SI"
44,32,385,"GM","SI"
23,6,385,"GM","SI"
77,20,385,"GM","SI"
57,8,385,"GM","SI"
11,32,385,"GM","SI"
27,3,385,"GM","SI"
28,34,385,"GM","SI"
48,8,385,"GM","SI"
67,12,385,"GM","SI"
61,36,385,"GM","SI"
10,7,385,"GM","SI"
19,10,385,"GM","SI"
20,6,385,"GM","SI"
32,14,385,"GM","SI"
16,5,385,"GM","SI"
26,69,385,"GM","SI"
45,8,385,"GM","SI"
44,32,385,"GM","SI"
13,4,385,"GM","SI"
163,1,385,"GM","SI"
2,6,385,"GM","SI"
26,69,385,"GM","SI"
62,7,385,"GM","SI"
58,5,385,"GM","SI"
14,29,385,"GM","SI"
5,7,385,"GM","SI"
530,2,385,"GM","SI"
86,2,385,"GM","SI"
59,5,385,"GM","SI"
45,8,385,"GM","SI"
30,2,385,"GM","SI"
51,2,385,"GM","SI"
63,6,385,"GM","SI"
72,7,385,"GM","SI"
17,6,386,"GM","SI"
33,13,386,"GM","SI"
20,6,386,"GM","SI"
77,20,386,"GM","SI"
12,12,386,"GM","SI"
545,1,386,"GM","SI"
91,7,386,"GM","SI"
163,1,386,"GM","SI"
32,14,386,"GM","SI"
54,12,386,"GM","SI"
5,7,386,"GM","SI"
76,7,386,"GM","SI"
44,32,386,"GM","SI"
23,6,386,"GM","SI"
26,69,386,"GM","SI"
78,13,386,"GM","SI"
14,29,386,"GM","SI"
45,8,386,"GM","SI"
49,7,386,"GM","SI"
530,2,386,"GM","SI"
63,6,386,"GM","SI"
36,5,386,"GM","SI"
7,10,386,"GM","SI"
57,8,386,"GM","SI"
11,32,386,"GM","SI"
62,7,386,"GM","SI"
254,1,386,"GM","SI"
7,10,386,"GM","SI"
80,7,386,"GM","SI"
548,1,386,"GM","SI"
3,3,386,"GM","SI"
28,34,386,"GM","SI"
67,12,386,"GM","SI"
12,12,386,"GM","SI"
38,6,386,"GM","SI"
32,14,386,"GM","SI"
78,13,386,"GM","SI"
14,29,386,"GM","SI"
59,5,387,"GM","SI"
4,8,387,"GM","SI"
91,7,387,"GM","SI"
80,7,387,"GM","SI"
10,7,387,"GM","SI"
41,1,387,"GM","SI"
54,12,387,"GM","SI"
57,8,387,"GM","SI"
80,7,387,"GM","SI"
26,69,387,"GM","SI"
20,6,387,"GM","SI"
61,36,387,"GM","SI"
48,8,387,"GM","SI"
17,6,387,"GM","SI"
3,3,387,"GM","SI"
49,7,387,"GM","SI"
72,7,387,"GM","SI"
2,6,387,"GM","SI"
67,12,387,"GM","SI"
14,29,387,"GM","SI"
25,15,387,"GM","SI"
254,1,387,"GM","SI"
30,2,387,"GM","SI"
5,7,387,"GM","SI"
48,8,387,"GM","SI"
64,15,387,"GM","SI"
36,5,387,"GM","SI"
86,2,387,"GM","SI"
19,10,387,"GM","SI"
545,1,387,"GM","SI"
51,2,387,"GM","SI"
76,7,387,"GM","SI"
16,5,387,"GM","SI"
7,10,387,"GM","SI"
76,7,387,"GM","SI"
549,1,387,"GM","SI"
11,32,387,"GM","SI"
77,20,387,"GM","SI"
13,4,388,"GM","SI"
4,8,388,"GM","SI"
64,15,388,"GM","SI"
33,13,388,"GM","SI"
63,6,388,"GM","SI"
77,20,388,"GM","SI"
49,7,388,"GM","SI"
72,7,388,"GM","SI"
13,4,388,"GM","SI"
30,2,388,"GM","SI"
548,1,388,"GM","SI"
62,7,388,"GM","SI"
2,6,388,"GM","SI"
82,1,388,"GM","SI"
80,7,388,"GM","SI"
7,10,388,"GM","SI"
17,6,388,"GM","SI"
7,10,388,"GM","SI"
71,4,388,"GM","SI"
19,10,388,"GM","SI"
48,8,388,"GM","SI"
5,7,388,"GM","SI"
76,7,388,"GM","SI"
28,34,388,"GM","SI"
38,6,388,"GM","SI"
67,12,388,"GM","SI"
75,5,388,"GM","SI"
58,5,388,"GM","SI"
44,32,388,"GM","SI"
80,7,388,"GM","SI"
76,7,388,"GM","SI"
57,8,388,"GM","SI"
23,6,388,"GM","SI"
47,9,388,"GM","SI"
45,8,388,"GM","SI"
17,6,388,"GM","SI"
27,3,388,"GM","SI"
51,2,388,"GM","SI"
76,7,389,"GM","SI"
25,15,389,"GM","SI"
26,69,389,"GM","SI"
77,20,389,"GM","SI"
38,6,389,"GM","SI"
11,32,389,"GM","SI"
49,7,389,"GM","SI"
11,32,389,"GM","SI"
545,1,389,"GM","SI"
80,7,389,"GM","SI"
76,7,389,"GM","SI"
17,6,389,"GM","SI"
71,4,389,"GM","SI"
14,29,389,"GM","SI"
20,6,389,"GM","SI"
61,36,389,"GM","SI"
86,2,389,"GM","SI"
47,9,389,"GM","SI"
17,6,389,"GM","SI"
163,1,389,"GM","SI"
78,13,389,"GM","SI"
2,6,389,"GM","SI"
36,5,389,"GM","SI"
67,12,389,"GM","SI"
64,15,389,"GM","SI"
12,12,389,"GM","SI"
44,32,389,"GM","SI"
48,8,389,"GM","SI"
10,7,389,"GM","SI"
32,14,389,"GM","SI"
530,2,389,"GM","SI"
63,6,389,"GM","SI"
72,7,389,"GM","SI"
51,2,389,"GM","SI"
33,13,389,"GM","SI"
54,12,389,"GM","SI"
41,1,389,"GM","SI"
23,6,389,"GM","SI"
14,29,390,"GM","SI"
76,7,390,"GM","SI"
14,29,390,"GM","SI"
545,1,390,"GM","SI"
28,34,390,"GM","SI"
82,1,390,"GM","SI"
76,7,390,"GM","SI"
5,7,390,"GM","SI"
26,69,390,"GM","SI"
27,3,390,"GM","SI"
19,10,390,"GM","SI"
13,4,390,"GM","SI"
25,15,390,"GM","SI"
47,9,390,"GM","SI"
12,12,390,"GM","SI"
17,6,390,"GM","SI"
10,7,390,"GM","SI"
12,12,390,"GM","SI"
62,7,390,"GM","SI"
549,1,390,"GM","SI"
28,34,390,"GM","SI"
32,14,390,"GM","SI"
75,5,390,"GM","SI"
63,6,390,"GM","SI"
71,4,390,"GM","SI"
3,3,390,"GM","SI"
86,2,390,"GM","SI"
11,32,390,"GM","SI"
16,5,390,"GM","SI"
2,6,390,"GM","SI"
7,10,390,"GM","SI"
530,2,390,"GM","SI"
78,13,390,"GM","SI"
78,13,390,"GM","SI"
54,12,390,"GM","SI"
163,1,390,"GM","SI"
23,6,390,"GM","SI"
33,13,390,"GM","SI"
548,1,391,"GM","SI"
77,20,391,"GM","SI"
71,4,391,"GM","SI"
167,1,391,"GM","SI"
25,15,391,"GM","SI"
549,1,391,"GM","SI"
19,10,391,"GM","SI"
77,20,391,"GM","SI"
86,2,391,"GM","SI"
530,2,391,"GM","SI"
2,6,391,"GM","SI"
64,15,391,"GM","SI"
63,6,391,"GM","SI"
5,7,391,"GM","SI"
28,34,391,"GM","SI"
4,8,391,"GM","SI"
5,7,391,"GM","SI"
76,7,391,"GM","SI"
3,3,391,"GM","SI"
64,15,391,"GM","SI"
28,34,391,"GM","SI"
54,12,391,"GM","SI"
44,32,391,"GM","SI"
20,6,391,"GM","SI"
91,7,391,"GM","SI"
32,14,391,"GM","SI"
11,32,391,"GM","SI"
67,12,391,"GM","SI"
62,7,391,"GM","SI"
47,9,391,"GM","SI"
19,10,391,"GM","SI"
82,1,391,"GM","SI"
61,36,391,"GM","SI"
48,8,391,"GM","SI"
254,1,391,"GM","SI"
80,7,391,"GM","SI"
10,7,391,"GM","SI"
13,4,391,"GM","SI"
76,7,392,"GM","SI"
49,7,392,"GM","SI"
41,1,392,"GM","SI"
4,8,392,"GM","SI"
10,7,392,"GM","SI"
48,8,392,"GM","SI"
2,6,392,"GM","SI"
91,7,392,"GM","SI"
23,6,392,"GM","SI"
45,8,392,"GM","SI"
38,6,392,"GM","SI"
33,13,392,"GM","SI"
51,2,392,"GM","SI"
28,34,392,"GM","SI"
7,10,392,"GM","SI"
28,34,392,"GM","SI"
45,8,392,"GM","SI"
14,29,392,"GM","SI"
64,15,392,"GM","SI"
545,1,392,"GM","SI"
62,7,392,"GM","SI"
72,7,392,"GM","SI"
19,10,392,"GM","SI"
17,6,392,"GM","SI"
54,12,392,"GM","SI"
80,7,392,"GM","SI"
59,5,392,"GM","SI"
11,32,392,"GM","SI"
3,3,392,"GM","SI"
12,12,392,"GM","SI"
67,12,392,"GM","SI"
11,32,392,"GM","SI"
78,13,392,"GM","SI"
26,69,392,"GM","SI"
254,1,392,"GM","SI"
67,12,392,"GM","SI"
12,12,392,"GM","SI"
48,8,392,"GM","SI"
23,6,393,"GM","SI"
2,6,393,"GM","SI"
12,12,393,"GM","SI"
27,3,393,"GM","SI"
20,6,393,"GM","SI"
62,7,393,"GM","SI"
48,8,393,"GM","SI"
47,9,393,"GM","SI"
17,6,393,"GM","SI"
67,12,393,"GM","SI"
28,34,393,"GM","SI"
49,7,393,"GM","SI"
16,5,393,"GM","SI"
80,7,393,"GM","SI"
54,12,393,"GM","SI"
549,1,393,"GM","SI"
4,8,393,"GM","SI"
254,1,393,"GM","SI"
48,8,393,"GM","SI"
76,7,393,"GM","SI"
51,2,393,"GM","SI"
41,1,393,"GM","SI"
78,13,393,"GM","SI"
44,32,393,"GM","SI"
19,10,393,"GM","SI"
45,8,393,"GM","SI"
530,2,393,"GM","SI"
86,2,393,"GM","SI"
36,5,393,"GM","SI"
10,7,393,"GM","SI"
17,6,393,"GM","SI"
11,32,393,"GM","SI"
33,13,393,"GM","SI"
38,6,393,"GM","SI"
64,15,393,"GM","SI"
77,20,393,"GM","SI"
545,1,393,"GM","SI"
13,4,393,"GM","SI"
20,6,394,"GM","SI"
12,12,394,"GM","SI"
78,13,394,"GM","SI"
48,8,394,"GM","SI"
41,1,394,"GM","SI"
530,2,394,"GM","SI"
86,2,394,"GM","SI"
5,7,394,"GM","SI"
38,6,394,"GM","SI"
11,32,394,"GM","SI"
48,8,394,"GM","SI"
59,5,394,"GM","SI"
44,32,394,"GM","SI"
57,8,394,"GM","SI"
33,13,394,"GM","SI"
80,7,394,"GM","SI"
549,1,394,"GM","SI"
545,1,394,"GM","SI"
76,7,394,"GM","SI"
10,7,394,"GM","SI"
78,13,394,"GM","SI"
30,2,394,"GM","SI"
63,6,394,"GM","SI"
82,1,394,"GM","SI"
548,1,394,"GM","SI"
19,10,394,"GM","SI"
26,69,394,"GM","SI"
36,5,394,"GM","SI"
64,15,394,"GM","SI"
45,8,394,"GM","SI"
23,6,394,"GM","SI"
44,32,394,"GM","SI"
91,7,394,"GM","SI"
72,7,394,"GM","SI"
3,3,394,"GM","SI"
14,29,394,"GM","SI"
33,13,394,"GM","SI"
75,5,394,"GM","SI"
76,7,395,"GM","SI"
5,7,395,"GM","SI"
44,32,395,"GM","SI"
67,12,395,"GM","SI"
7,10,395,"GM","SI"
27,3,395,"GM","SI"
32,14,395,"GM","SI"
57,8,395,"GM","SI"
44,32,395,"GM","SI"
38,6,395,"GM","SI"
13,4,395,"GM","SI"
45,8,395,"GM","SI"
72,7,395,"GM","SI"
59,5,395,"GM","SI"
71,4,395,"GM","SI"
167,1,395,"GM","SI"
86,2,395,"GM","SI"
76,7,395,"GM","SI"
80,7,395,"GM","SI"
45,8,395,"GM","SI"
77,20,395,"GM","SI"
28,34,395,"GM","SI"
4,8,395,"GM","SI"
14,29,395,"GM","SI"
33,13,395,"GM","SI"
10,7,395,"GM","SI"
78,13,395,"GM","SI"
25,15,395,"GM","SI"
36,5,395,"GM","SI"
19,10,395,"GM","SI"
32,14,395,"GM","SI"
5,7,395,"GM","SI"
30,2,395,"GM","SI"
48,8,395,"GM","SI"
41,1,395,"GM","SI"
2,6,395,"GM","SI"
7,10,395,"GM","SI"
26,69,395,"GM","SI"
49,7,396,"GM","SI"
10,7,396,"GM","SI"
38,6,396,"GM","SI"
62,7,396,"GM","SI"
5,7,396,"GM","SI"
549,1,396,"GM","SI"
16,5,396,"GM","SI"
41,1,396,"GM","SI"
17,6,396,"GM","SI"
13,4,396,"GM","SI"
76,7,396,"GM","SI"
19,10,396,"GM","SI"
28,34,396,"GM","SI"
7,10,396,"GM","SI"
2,6,396,"GM","SI"
57,8,396,"GM","SI"
44,32,396,"GM","SI"
27,3,396,"GM","SI"
36,5,396,"GM","SI"
51,2,396,"GM","SI"
33,13,396,"GM","SI"
67,12,396,"GM","SI"
63,6,396,"GM","SI"
91,7,396,"GM","SI"
77,20,396,"GM","SI"
545,1,396,"GM","SI"
44,32,396,"GM","SI"
59,5,396,"GM","SI"
14,29,396,"GM","SI"
54,12,396,"GM","SI"
26,69,396,"GM","SI"
78,13,396,"GM","SI"
30,2,396,"GM","SI"
5,7,396,"GM","SI"
23,6,396,"GM","SI"
76,7,396,"GM","SI"
163,1,396,"GM","SI"
14,29,396,"GM","SI"
13,4,397,"GM","SI"
59,5,397,"GM","SI"
14,29,397,"GM","SI"
530,2,397,"GM","SI"
64,15,397,"GM","SI"
48,8,397,"GM","SI"
77,20,397,"GM","SI"
41,1,397,"GM","SI"
67,12,397,"GM","SI"
38,6,397,"GM","SI"
26,69,397,"GM","SI"
71,4,397,"GM","SI"
12,12,397,"GM","SI"
76,7,397,"GM","SI"
26,69,397,"GM","SI"
7,10,397,"GM","SI"
45,8,397,"GM","SI"
254,1,397,"GM","SI"
163,1,397,"GM","SI"
72,7,397,"GM","SI"
33,13,397,"GM","SI"
67,12,397,"GM","SI"
16,5,397,"GM","SI"
48,8,397,"GM","SI"
5,7,397,"GM","SI"
51,2,397,"GM","SI"
63,6,397,"GM","SI"
47,9,397,"GM","SI"
91,7,397,"GM","SI"
33,13,397,"GM","SI"
11,32,397,"GM","SI"
80,7,397,"GM","SI"
61,36,397,"GM","SI"
25,15,397,"GM","SI"
11,32,397,"GM","SI"
5,7,397,"GM","SI"
13,4,397,"GM","SI"
19,10,397,"GM","SI"
19,10,398,"GM","SI"
549,1,398,"GM","SI"
14,29,398,"GM","SI"
33,13,398,"GM","SI"
58,5,398,"GM","SI"
3,3,398,"GM","SI"
23,6,398,"GM","SI"
33,13,398,"GM","SI"
530,2,398,"GM","SI"
54,12,398,"GM","SI"
63,6,398,"GM","SI"
71,4,398,"GM","SI"
32,14,398,"GM","SI"
548,1,398,"GM","SI"
545,1,398,"GM","SI"
13,4,398,"GM","SI"
2,6,398,"GM","SI"
30,2,398,"GM","SI"
36,5,398,"GM","SI"
38,6,398,"GM","SI"
76,7,398,"GM","SI"
61,36,398,"GM","SI"
4,8,398,"GM","SI"
45,8,398,"GM","SI"
5,7,398,"GM","SI"
12,12,398,"GM","SI"
80,7,398,"GM","SI"
49,7,398,"GM","SI"
86,2,398,"GM","SI"
48,8,398,"GM","SI"
38,6,398,"GM","SI"
17,6,398,"GM","SI"
26,69,398,"GM","SI"
12,12,398,"GM","SI"
167,1,398,"GM","SI"
14,29,398,"GM","SI"
47,9,398,"GM","SI"
75,5,398,"GM","SI"
78,13,399,"GM","SI"
5,7,399,"GM","SI"
38,6,399,"GM","SI"
45,8,399,"GM","SI"
167,1,399,"GM","SI"
47,9,399,"GM","SI"
91,7,399,"GM","SI"
32,14,399,"GM","SI"
51,2,399,"GM","SI"
41,1,399,"GM","SI"
86,2,399,"GM","SI"
26,69,399,"GM","SI"
23,6,399,"GM","SI"
77,20,399,"GM","SI"
57,8,399,"GM","SI"
14,29,399,"GM","SI"
33,13,399,"GM","SI"
7,10,399,"GM","SI"
549,1,399,"GM","SI"
25,15,399,"GM","SI"
545,1,399,"GM","SI"
64,15,399,"GM","SI"
44,32,399,"GM","SI"
77,20,399,"GM","SI"
71,4,399,"GM","SI"
33,13,399,"GM","SI"
49,7,399,"GM","SI"
80,7,399,"GM","SI"
12,12,399,"GM","SI"
19,10,399,"GM","SI"
54,12,399,"GM","SI"
44,32,399,"GM","SI"
19,10,399,"GM","SI"
16,5,399,"GM","SI"
3,3,399,"GM","SI"
530,2,399,"GM","SI"
163,1,399,"GM","SI"
67,12,399,"GM","SI"
545,1,400,"GM","SI"
54,12,400,"GM","SI"
49,7,400,"GM","SI"
80,7,400,"GM","SI"
19,10,400,"GM","SI"
32,14,400,"GM","SI"
44,32,400,"GM","SI"
77,20,400,"GM","SI"
38,6,400,"GM","SI"
11,32,400,"GM","SI"
14,29,400,"GM","SI"
47,9,400,"GM","SI"
19,10,400,"GM","SI"
17,6,400,"GM","SI"
62,7,400,"GM","SI"
3,3,400,"GM","SI"
59,5,400,"GM","SI"
75,5,400,"GM","SI"
30,2,400,"GM","SI"
13,4,400,"GM","SI"
23,6,400,"GM","SI"
64,15,400,"GM","SI"
4,8,400,"GM","SI"
32,14,400,"GM","SI"
45,8,400,"GM","SI"
44,32,400,"GM","SI"
167,1,400,"GM","SI"
41,1,400,"GM","SI"
71,4,400,"GM","SI"
7,10,400,"GM","SI"
91,7,400,"GM","SI"
26,69,400,"GM","SI"
5,7,400,"GM","SI"
2,6,400,"GM","SI"
61,36,400,"GM","SI"
72,7,400,"GM","SI"
82,1,400,"GM","SI"
12,12,400,"GM","SI"
13,4,401,"GM","SI"
19,10,401,"GM","SI"
20,6,401,"GM","SI"
47,9,401,"GM","SI"
38,6,401,"GM","SI"
17,6,401,"GM","SI"
5,7,401,"GM","SI"
58,5,401,"GM","SI"
163,1,401,"GM","SI"
548,1,401,"GM","SI"
7,10,401,"GM","SI"
23,6,401,"GM","SI"
45,8,401,"GM","SI"
49,7,401,"GM","SI"
11,32,401,"GM","SI"
254,1,401,"GM","SI"
3,3,401,"GM","SI"
26,69,401,"GM","SI"
54,12,401,"GM","SI"
27,3,401,"GM","SI"
2,6,401,"GM","SI"
62,7,401,"GM","SI"
45,8,401,"GM","SI"
17,6,401,"GM","SI"
80,7,401,"GM","SI"
28,34,401,"GM","SI"
14,29,401,"GM","SI"
77,20,401,"GM","SI"
36,5,401,"GM","SI"
549,1,401,"GM","SI"
78,13,401,"GM","SI"
11,32,401,"GM","SI"
33,13,401,"GM","SI"
530,2,401,"GM","SI"
10,7,401,"GM","SI"
4,8,401,"GM","SI"
78,13,401,"GM","SI"
76,7,401,"GM","SI"
17,6,402,"GM","SI"
26,69,402,"GM","SI"
36,5,402,"GM","SI"
41,1,402,"GM","SI"
38,6,402,"GM","SI"
49,7,402,"GM","SI"
51,2,402,"GM","SI"
64,15,402,"GM","SI"
13,4,402,"GM","SI"
14,29,402,"GM","SI"
91,7,402,"GM","SI"
549,1,402,"GM","SI"
32,14,402,"GM","SI"
32,14,402,"GM","SI"
59,5,402,"GM","SI"
80,7,402,"GM","SI"
75,5,402,"GM","SI"
16,5,402,"GM","SI"
7,10,402,"GM","SI"
63,6,402,"GM","SI"
33,13,402,"GM","SI"
25,15,402,"GM","SI"
11,32,402,"GM","SI"
23,6,402,"GM","SI"
5,7,402,"GM","SI"
27,3,402,"GM","SI"
67,12,402,"GM","SI"
2,6,402,"GM","SI"
48,8,402,"GM","SI"
5,7,402,"GM","SI"
19,10,402,"GM","SI"
76,7,402,"GM","SI"
57,8,402,"GM","SI"
82,1,402,"GM","SI"
33,13,402,"GM","SI"
58,5,402,"GM","SI"
30,2,402,"GM","SI"
72,7,402,"GM","SI"
45,8,403,"GM","SI"
38,6,403,"GM","SI"
78,13,403,"GM","SI"
41,1,403,"GM","SI"
26,69,403,"GM","SI"
49,7,403,"GM","SI"
3,3,403,"GM","SI"
167,1,403,"GM","SI"
14,29,403,"GM","SI"
32,14,403,"GM","SI"
10,7,403,"GM","SI"
58,5,403,"GM","SI"
57,8,403,"GM","SI"
16,5,403,"GM","SI"
44,32,403,"GM","SI"
67,12,403,"GM","SI"
59,5,403,"GM","SI"
30,2,403,"GM","SI"
12,12,403,"GM","SI"
47,9,403,"GM","SI"
86,2,403,"GM","SI"
76,7,403,"GM","SI"
13,4,403,"GM","SI"
14,29,403,"GM","SI"
48,8,403,"GM","SI"
38,6,403,"GM","SI"
28,34,403,"GM","SI"
76,7,403,"GM","SI"
25,15,403,"GM","SI"
54,12,403,"GM","SI"
5,7,403,"GM","SI"
32,14,403,"GM","SI"
23,6,403,"GM","SI"
5,7,403,"GM","SI"
33,13,403,"GM","SI"
4,8,403,"GM","SI"
36,5,403,"GM","SI"
254,1,403,"GM","SI"
17,6,404,"GM","SI"
33,13,404,"GM","SI"
27,3,404,"GM","SI"
47,9,404,"GM","SI"
19,10,404,"GM","SI"
67,12,404,"GM","SI"
23,6,404,"GM","SI"
45,8,404,"GM","SI"
61,36,404,"GM","SI"
548,1,404,"GM","SI"
72,7,404,"GM","SI"
57,8,404,"GM","SI"
10,7,404,"GM","SI"
80,7,404,"GM","SI"
77,20,404,"GM","SI"
28,34,404,"GM","SI"
530,2,404,"GM","SI"
76,7,404,"GM","SI"
76,7,404,"GM","SI"
86,2,404,"GM","SI"
64,15,404,"GM","SI"
91,7,404,"GM","SI"
14,29,404,"GM","SI"
12,12,404,"GM","SI"
19,10,404,"GM","SI"
17,6,404,"GM","SI"
4,8,404,"GM","SI"
77,20,404,"GM","SI"
54,12,404,"GM","SI"
32,14,404,"GM","SI"
167,1,404,"GM","SI"
5,7,404,"GM","SI"
20,6,404,"GM","SI"
11,32,404,"GM","SI"
11,32,404,"GM","SI"
14,29,404,"GM","SI"
44,32,404,"GM","SI"
549,1,404,"GM","SI"
80,7,405,"GM","SI"
38,6,405,"GM","SI"
49,7,405,"GM","SI"
80,7,405,"GM","SI"
14,29,405,"GM","SI"
25,15,405,"GM","SI"
16,5,405,"GM","SI"
58,5,405,"GM","SI"
26,69,405,"GM","SI"
17,6,405,"GM","SI"
77,20,405,"GM","SI"
27,3,405,"GM","SI"
44,32,405,"GM","SI"
254,1,405,"GM","SI"
91,7,405,"GM","SI"
7,10,405,"GM","SI"
54,12,405,"GM","SI"
11,32,405,"GM","SI"
86,2,405,"GM","SI"
167,1,405,"GM","SI"
47,9,405,"GM","SI"
44,32,405,"GM","SI"
28,34,405,"GM","SI"
36,5,405,"GM","SI"
13,4,405,"GM","SI"
51,2,405,"GM","SI"
38,6,405,"GM","SI"
17,6,405,"GM","SI"
28,34,405,"GM","SI"
67,12,405,"GM","SI"
63,6,405,"GM","SI"
48,8,405,"GM","SI"
33,13,405,"GM","SI"
13,4,405,"GM","SI"
23,6,405,"GM","SI"
30,2,405,"GM","SI"
32,14,405,"GM","SI"
12,12,405,"GM","SI"
44,32,406,"GM","SI"
20,6,406,"GM","SI"
19,10,406,"GM","SI"
4,8,406,"GM","SI"
36,5,406,"GM","SI"
19,10,406,"GM","SI"
14,29,406,"GM","SI"
38,6,406,"GM","SI"
32,14,406,"GM","SI"
75,5,406,"GM","SI"
28,34,406,"GM","SI"
38,6,406,"GM","SI"
10,7,406,"GM","SI"
47,9,406,"GM","SI"
530,2,406,"GM","SI"
16,5,406,"GM","SI"
72,7,406,"GM","SI"
3,3,406,"GM","SI"
12,12,406,"GM","SI"
59,5,406,"GM","SI"
254,1,406,"GM","SI"
57,8,406,"GM","SI"
45,8,406,"GM","SI"
163,1,406,"GM","SI"
77,20,406,"GM","SI"
58,5,406,"GM","SI"
78,13,406,"GM","SI"
14,29,406,"GM","SI"
48,8,406,"GM","SI"
77,20,406,"GM","SI"
63,6,406,"GM","SI"
76,7,406,"GM","SI"
54,12,406,"GM","SI"
45,8,406,"GM","SI"
25,15,406,"GM","SI"
11,32,406,"GM","SI"
86,2,406,"GM","SI"
28,34,406,"GM","SI"
45,8,407,"GM","SI"
33,13,407,"GM","SI"
23,6,407,"GM","SI"
41,1,407,"GM","SI"
57,8,407,"GM","SI"
28,34,407,"GM","SI"
254,1,407,"GM","SI"
59,5,407,"GM","SI"
545,1,407,"GM","SI"
75,5,407,"GM","SI"
80,7,407,"GM","SI"
67,12,407,"GM","SI"
82,1,407,"GM","SI"
91,7,407,"GM","SI"
64,15,407,"GM","SI"
72,7,407,"GM","SI"
38,6,407,"GM","SI"
19,10,407,"GM","SI"
2,6,407,"GM","SI"
38,6,407,"GM","SI"
27,3,407,"GM","SI"
44,32,407,"GM","SI"
54,12,407,"GM","SI"
12,12,407,"GM","SI"
77,20,407,"GM","SI"
30,2,407,"GM","SI"
4,8,407,"GM","SI"
28,34,407,"GM","SI"
71,4,407,"GM","SI"
163,1,407,"GM","SI"
5,7,407,"GM","SI"
549,1,407,"GM","SI"
49,7,407,"GM","SI"
5,7,407,"GM","SI"
33,13,407,"GM","SI"
26,69,407,"GM","SI"
86,2,407,"GM","SI"
63,6,407,"GM","SI"
26,69,408,"GM","SI"
3,3,408,"GM","SI"
57,8,408,"GM","SI"
28,34,408,"GM","SI"
28,34,408,"GM","SI"
45,8,408,"GM","SI"
82,1,408,"GM","SI"
32,14,408,"GM","SI"
44,32,408,"GM","SI"
80,7,408,"GM","SI"
36,5,408,"GM","SI"
26,69,408,"GM","SI"
78,13,408,"GM","SI"
49,7,408,"GM","SI"
44,32,408,"GM","SI"
33,13,408,"GM","SI"
63,6,408,"GM","SI"
7,10,408,"GM","SI"
32,14,408,"GM","SI"
25,15,408,"GM","SI"
14,29,408,"GM","SI"
16,5,408,"GM","SI"
11,32,408,"GM","SI"
45,8,408,"GM","SI"
64,15,408,"GM","SI"
61,36,408,"GM","SI"
11,32,408,"GM","SI"
67,12,408,"GM","SI"
64,15,408,"GM","SI"
14,29,408,"GM","SI"
58,5,408,"GM","SI"
48,8,408,"GM","SI"
47,9,408,"GM","SI"
254,1,408,"GM","SI"
38,6,408,"GM","SI"
12,12,408,"GM","SI"
72,7,408,"GM","SI"
19,10,408,"GM","SI"
12,12,409,"GM","SI"
549,1,409,"GM","SI"
36,5,409,"GM","SI"
44,32,409,"GM","SI"
76,7,409,"GM","SI"
41,1,409,"GM","SI"
19,10,409,"GM","SI"
19,10,409,"GM","SI"
75,5,409,"GM","SI"
10,7,409,"GM","SI"
5,7,409,"GM","SI"
48,8,409,"GM","SI"
254,1,409,"GM","SI"
72,7,409,"GM","SI"
44,32,409,"GM","SI"
33,13,409,"GM","SI"
82,1,409,"GM","SI"
57,8,409,"GM","SI"
61,36,409,"GM","SI"
30,2,409,"GM","SI"
33,13,409,"GM","SI"
5,7,409,"GM","SI"
32,14,409,"GM","SI"
45,8,409,"GM","SI"
3,3,409,"GM","SI"
16,5,409,"GM","SI"
11,32,409,"GM","SI"
77,20,409,"GM","SI"
25,15,409,"GM","SI"
17,6,409,"GM","SI"
548,1,409,"GM","SI"
7,10,409,"GM","SI"
167,1,409,"GM","SI"
78,13,409,"GM","SI"
48,8,409,"GM","SI"
62,7,409,"GM","SI"
26,69,409,"GM","SI"
27,3,409,"GM","SI"
91,7,410,"GM","SI"
11,32,410,"GM","SI"
23,6,410,"GM","SI"
2,6,410,"GM","SI"
59,5,410,"GM","SI"
17,6,410,"GM","SI"
32,14,410,"GM","SI"
64,15,410,"GM","SI"
51,2,410,"GM","SI"
80,7,410,"GM","SI"
12,12,410,"GM","SI"
28,34,410,"GM","SI"
38,6,410,"GM","SI"
19,10,410,"GM","SI"
254,1,410,"GM","SI"
530,2,410,"GM","SI"
19,10,410,"GM","SI"
14,29,410,"GM","SI"
32,14,410,"GM","SI"
54,12,410,"GM","SI"
36,5,410,"GM","SI"
77,20,410,"GM","SI"
3,3,410,"GM","SI"
61,36,410,"GM","SI"
27,3,410,"GM","SI"
82,1,410,"GM","SI"
57,8,410,"GM","SI"
545,1,410,"GM","SI"
75,5,410,"GM","SI"
30,2,410,"GM","SI"
549,1,410,"GM","SI"
7,10,410,"GM","SI"
4,8,410,"GM","SI"
45,8,410,"GM","SI"
45,8,410,"GM","SI"
26,69,410,"GM","SI"
58,5,410,"GM","SI"
64,15,410,"GM","SI"
30,2,411,"GM","SI"
7,10,411,"GM","SI"
44,32,411,"GM","SI"
72,7,411,"GM","SI"
58,5,411,"GM","SI"
28,34,411,"GM","SI"
33,13,411,"GM","SI"
10,7,411,"GM","SI"
48,8,411,"GM","SI"
27,3,411,"GM","SI"
19,10,411,"GM","SI"
64,15,411,"GM","SI"
57,8,411,"GM","SI"
530,2,411,"GM","SI"
62,7,411,"GM","SI"
32,14,411,"GM","SI"
545,1,411,"GM","SI"
59,5,411,"GM","SI"
19,10,411,"GM","SI"
28,34,411,"GM","SI"
44,32,411,"GM","SI"
77,20,411,"GM","SI"
67,12,411,"GM","SI"
75,5,411,"GM","SI"
549,1,411,"GM","SI"
17,6,411,"GM","SI"
80,7,411,"GM","SI"
38,6,411,"GM","SI"
76,7,411,"GM","SI"
71,4,411,"GM","SI"
77,20,411,"GM","SI"
32,14,411,"GM","SI"
91,7,411,"GM","SI"
26,69,411,"GM","SI"
254,1,411,"GM","SI"
38,6,411,"GM","SI"
163,1,411,"GM","SI"
80,7,411,"GM","SI"
25,15,412,"GM","SI"
3,3,412,"GM","SI"
26,69,412,"GM","SI"
49,7,412,"GM","SI"
23,6,412,"GM","SI"
36,5,412,"GM","SI"
11,32,412,"GM","SI"
45,8,412,"GM","SI"
48,8,412,"GM","SI"
30,2,412,"GM","SI"
163,1,412,"GM","SI"
14,29,412,"GM","SI"
13,4,412,"GM","SI"
20,6,412,"GM","SI"
72,7,412,"GM","SI"
7,10,412,"GM","SI"
27,3,412,"GM","SI"
64,15,412,"GM","SI"
19,10,412,"GM","SI"
26,69,412,"GM","SI"
33,13,412,"GM","SI"
548,1,412,"GM","SI"
78,13,412,"GM","SI"
67,12,412,"GM","SI"
12,12,412,"GM","SI"
28,34,412,"GM","SI"
5,7,412,"GM","SI"
12,12,412,"GM","SI"
57,8,412,"GM","SI"
71,4,412,"GM","SI"
76,7,412,"GM","SI"
77,20,412,"GM","SI"
78,13,412,"GM","SI"
16,5,412,"GM","SI"
80,7,412,"GM","SI"
51,2,412,"GM","SI"
14,29,412,"GM","SI"
17,6,412,"GM","SI"
17,6,413,"GM","SI"
86,2,413,"GM","SI"
61,36,413,"GM","SI"
11,32,413,"GM","SI"
7,10,413,"GM","SI"
7,10,413,"GM","SI"
80,7,413,"GM","SI"
17,6,413,"GM","SI"
67,12,413,"GM","SI"
44,32,413,"GM","SI"
48,8,413,"GM","SI"
59,5,413,"GM","SI"
548,1,413,"GM","SI"
26,69,413,"GM","SI"
71,4,413,"GM","SI"
33,13,413,"GM","SI"
75,5,413,"GM","SI"
23,6,413,"GM","SI"
13,4,413,"GM","SI"
4,8,413,"GM","SI"
48,8,413,"GM","SI"
32,14,413,"GM","SI"
28,34,413,"GM","SI"
254,1,413,"GM","SI"
76,7,413,"GM","SI"
10,7,413,"GM","SI"
47,9,413,"GM","SI"
36,5,413,"GM","SI"
530,2,413,"GM","SI"
28,34,413,"GM","SI"
64,15,413,"GM","SI"
64,15,413,"GM","SI"
57,8,413,"GM","SI"
80,7,413,"GM","SI"
77,20,413,"GM","SI"
33,13,413,"GM","SI"
38,6,413,"GM","SI"
5,7,413,"GM","SI"
11,32,414,"GM","SI"
30,2,414,"GM","SI"
72,7,414,"GM","SI"
44,32,414,"GM","SI"
5,7,414,"GM","SI"
71,4,414,"GM","SI"
67,12,414,"GM","SI"
78,13,414,"GM","SI"
45,8,414,"GM","SI"
23,6,414,"GM","SI"
32,14,414,"GM","SI"
26,69,414,"GM","SI"
20,6,414,"GM","SI"
77,20,414,"GM","SI"
49,7,414,"GM","SI"
58,5,414,"GM","SI"
530,2,414,"GM","SI"
57,8,414,"GM","SI"
76,7,414,"GM","SI"
91,7,414,"GM","SI"
48,8,414,"GM","SI"
4,8,414,"GM","SI"
5,7,414,"GM","SI"
59,5,414,"GM","SI"
63,6,414,"GM","SI"
167,1,414,"GM","SI"
33,13,414,"GM","SI"
61,36,414,"GM","SI"
64,15,414,"GM","SI"
17,6,414,"GM","SI"
548,1,414,"GM","SI"
163,1,414,"GM","SI"
13,4,414,"GM","SI"
32,14,414,"GM","SI"
54,12,414,"GM","SI"
75,5,414,"GM","SI"
13,4,414,"GM","SI"
80,7,414,"GM","SI"
45,8,415,"GM","SI"
17,6,415,"GM","SI"
67,12,415,"GM","SI"
11,32,415,"GM","SI"
71,4,415,"GM","SI"
86,2,415,"GM","SI"
23,6,415,"GM","SI"
77,20,415,"GM","SI"
2,6,415,"GM","SI"
76,7,415,"GM","SI"
75,5,415,"GM","SI"
48,8,415,"GM","SI"
80,7,415,"GM","SI"
545,1,415,"GM","SI"
41,1,415,"GM","SI"
33,13,415,"GM","SI"
62,7,415,"GM","SI"
549,1,415,"GM","SI"
49,7,415,"GM","SI"
3,3,415,"GM","SI"
25,15,415,"GM","SI"
14,29,415,"GM","SI"
16,5,415,"GM","SI"
530,2,415,"GM","SI"
72,7,415,"GM","SI"
76,7,415,"GM","SI"
254,1,415,"GM","SI"
20,6,415,"GM","SI"
61,36,415,"GM","SI"
4,8,415,"GM","SI"
67,12,415,"GM","SI"
58,5,415,"GM","SI"
32,14,415,"GM","SI"
30,2,415,"GM","SI"
548,1,415,"GM","SI"
5,7,415,"GM","SI"
80,7,415,"GM","SI"
48,8,415,"GM","SI"
75,5,416,"GM","SI"
14,29,416,"GM","SI"
4,8,416,"GM","SI"
530,2,416,"GM","SI"
45,8,416,"GM","SI"
33,13,416,"GM","SI"
72,7,416,"GM","SI"
82,1,416,"GM","SI"
10,7,416,"GM","SI"
48,8,416,"GM","SI"
254,1,416,"GM","SI"
49,7,416,"GM","SI"
12,12,416,"GM","SI"
51,2,416,"GM","SI"
16,5,416,"GM","SI"
64,15,416,"GM","SI"
33,13,416,"GM","SI"
167,1,416,"GM","SI"
67,12,416,"GM","SI"
5,7,416,"GM","SI"
17,6,416,"GM","SI"
23,6,416,"GM","SI"
549,1,416,"GM","SI"
80,7,416,"GM","SI"
80,7,416,"GM","SI"
59,5,416,"GM","SI"
78,13,416,"GM","SI"
47,9,416,"GM","SI"
86,2,416,"GM","SI"
77,20,416,"GM","SI"
25,15,416,"GM","SI"
58,5,416,"GM","SI"
78,13,416,"GM","SI"
26,69,416,"GM","SI"
91,7,416,"GM","SI"
7,10,416,"GM","SI"
13,4,416,"GM","SI"
32,14,416,"GM","SI"
41,1,417,"GM","SI"
19,10,417,"GM","SI"
16,5,417,"GM","SI"
30,2,417,"GM","SI"
77,20,417,"GM","SI"
57,8,417,"GM","SI"
167,1,417,"GM","SI"
67,12,417,"GM","SI"
5,7,417,"GM","SI"
12,12,417,"GM","SI"
82,1,417,"GM","SI"
20,6,417,"GM","SI"
19,10,417,"GM","SI"
47,9,417,"GM","SI"
17,6,417,"GM","SI"
13,4,417,"GM","SI"
38,6,417,"GM","SI"
80,7,417,"GM","SI"
45,8,417,"GM","SI"
33,13,417,"GM","SI"
76,7,417,"GM","SI"
7,10,417,"GM","SI"
75,5,417,"GM","SI"
36,5,417,"GM","SI"
61,36,417,"GM","SI"
25,15,417,"GM","SI"
48,8,417,"GM","SI"
44,32,417,"GM","SI"
11,32,417,"GM","SI"
44,32,417,"GM","SI"
5,7,417,"GM","SI"
51,2,417,"GM","SI"
45,8,417,"GM","SI"
14,29,417,"GM","SI"
91,7,417,"GM","SI"
54,12,417,"GM","SI"
64,15,417,"GM","SI"
13,4,417,"GM","SI"
61,36,418,"GM","SI"
38,6,418,"GM","SI"
545,1,418,"GM","SI"
59,5,418,"GM","SI"
32,14,418,"GM","SI"
80,7,418,"GM","SI"
530,2,418,"GM","SI"
167,1,418,"GM","SI"
76,7,418,"GM","SI"
86,2,418,"GM","SI"
17,6,418,"GM","SI"
47,9,418,"GM","SI"
77,20,418,"GM","SI"
33,13,418,"GM","SI"
76,7,418,"GM","SI"
23,6,418,"GM","SI"
11,32,418,"GM","SI"
2,6,418,"GM","SI"
62,7,418,"GM","SI"
32,14,418,"GM","SI"
13,4,418,"GM","SI"
48,8,418,"GM","SI"
26,69,418,"GM","SI"
72,7,418,"GM","SI"
67,12,418,"GM","SI"
26,69,418,"GM","SI"
45,8,418,"GM","SI"
3,3,418,"GM","SI"
71,4,418,"GM","SI"
41,1,418,"GM","SI"
54,12,418,"GM","SI"
63,6,418,"GM","SI"
67,12,418,"GM","SI"
14,29,418,"GM","SI"
36,5,418,"GM","SI"
5,7,418,"GM","SI"
4,8,418,"GM","SI"
45,8,418,"GM","SI"
91,7,419,"GM","SI"
12,12,419,"GM","SI"
58,5,419,"GM","SI"
86,2,419,"GM","SI"
78,13,419,"GM","SI"
76,7,419,"GM","SI"
19,10,419,"GM","SI"
62,7,419,"GM","SI"
80,7,419,"GM","SI"
30,2,419,"GM","SI"
3,3,419,"GM","SI"
13,4,419,"GM","SI"
78,13,419,"GM","SI"
44,32,419,"GM","SI"
59,5,419,"GM","SI"
77,20,419,"GM","SI"
48,8,419,"GM","SI"
36,5,419,"GM","SI"
64,15,419,"GM","SI"
19,10,419,"GM","SI"
16,5,419,"GM","SI"
25,15,419,"GM","SI"
5,7,419,"GM","SI"
48,8,419,"GM","SI"
33,13,419,"GM","SI"
82,1,419,"GM","SI"
17,6,419,"GM","SI"
45,8,419,"GM","SI"
2,6,419,"GM","SI"
33,13,419,"GM","SI"
28,34,419,"GM","SI"
11,32,419,"GM","SI"
32,14,419,"GM","SI"
23,6,419,"GM","SI"
10,7,419,"GM","SI"
71,4,419,"GM","SI"
7,10,419,"GM","SI"
47,9,419,"GM","SI"
11,32,420,"GM","SI"
548,1,420,"GM","SI"
54,12,420,"GM","SI"
19,10,420,"GM","SI"
20,6,420,"GM","SI"
17,6,420,"GM","SI"
17,6,420,"GM","SI"
2,6,420,"GM","SI"
25,15,420,"GM","SI"
57,8,420,"GM","SI"
77,20,420,"GM","SI"
41,1,420,"GM","SI"
48,8,420,"GM","SI"
82,1,420,"GM","SI"
549,1,420,"GM","SI"
32,14,420,"GM","SI"
86,2,420,"GM","SI"
61,36,420,"GM","SI"
80,7,420,"GM","SI"
530,2,420,"GM","SI"
32,14,420,"GM","SI"
14,29,420,"GM","SI"
5,7,420,"GM","SI"
33,13,420,"GM","SI"
12,12,420,"GM","SI"
75,5,420,"GM","SI"
28,34,420,"GM","SI"
67,12,420,"GM","SI"
76,7,420,"GM","SI"
76,7,420,"GM","SI"
7,10,420,"GM","SI"
13,4,420,"GM","SI"
30,2,420,"GM","SI"
51,2,420,"GM","SI"
11,32,420,"GM","SI"
44,32,420,"GM","SI"
26,69,420,"GM","SI"
33,13,420,"GM","SI"
549,1,421,"GM","SI"
71,4,421,"GM","SI"
82,1,421,"GM","SI"
76,7,421,"GM","SI"
167,1,421,"GM","SI"
45,8,421,"GM","SI"
17,6,421,"GM","SI"
41,1,421,"GM","SI"
26,69,421,"GM","SI"
14,29,421,"GM","SI"
27,3,421,"GM","SI"
28,34,421,"GM","SI"
44,32,421,"GM","SI"
44,32,421,"GM","SI"
78,13,421,"GM","SI"
48,8,421,"GM","SI"
33,13,421,"GM","SI"
72,7,421,"GM","SI"
12,12,421,"GM","SI"
530,2,421,"GM","SI"
10,7,421,"GM","SI"
64,15,421,"GM","SI"
63,6,421,"GM","SI"
548,1,421,"GM","SI"
13,4,421,"GM","SI"
91,7,421,"GM","SI"
30,2,421,"GM","SI"
5,7,421,"GM","SI"
49,7,421,"GM","SI"
67,12,421,"GM","SI"
80,7,421,"GM","SI"
38,6,421,"GM","SI"
61,36,421,"GM","SI"
38,6,421,"GM","SI"
545,1,421,"GM","SI"
25,15,421,"GM","SI"
254,1,421,"GM","SI"
23,6,421,"GM","SI"
14,29,422,"GM","SI"
163,1,422,"GM","SI"
26,69,422,"GM","SI"
12,12,422,"GM","SI"
13,4,422,"GM","SI"
45,8,422,"GM","SI"
549,1,422,"GM","SI"
63,6,422,"GM","SI"
82,1,422,"GM","SI"
64,15,422,"GM","SI"
33,13,422,"GM","SI"
76,7,422,"GM","SI"
58,5,422,"GM","SI"
27,3,422,"GM","SI"
48,8,422,"GM","SI"
38,6,422,"GM","SI"
54,12,422,"GM","SI"
14,29,422,"GM","SI"
38,6,422,"GM","SI"
64,15,422,"GM","SI"
20,6,422,"GM","SI"
2,6,422,"GM","SI"
17,6,422,"GM","SI"
545,1,422,"GM","SI"
26,69,422,"GM","SI"
36,5,422,"GM","SI"
57,8,422,"GM","SI"
47,9,422,"GM","SI"
80,7,422,"GM","SI"
13,4,422,"GM","SI"
61,36,422,"GM","SI"
62,7,422,"GM","SI"
51,2,422,"GM","SI"
48,8,422,"GM","SI"
67,12,422,"GM","SI"
10,7,422,"GM","SI"
5,7,422,"GM","SI"
5,7,422,"GM","SI"
33,13,423,"GM","SI"
5,7,423,"GM","SI"
2,6,423,"GM","SI"
7,10,423,"GM","SI"
54,12,423,"GM","SI"
80,7,423,"GM","SI"
12,12,423,"GM","SI"
12,12,423,"GM","SI"
26,69,423,"GM","SI"
67,12,423,"GM","SI"
48,8,423,"GM","SI"
19,10,423,"GM","SI"
4,8,423,"GM","SI"
254,1,423,"GM","SI"
75,5,423,"GM","SI"
11,32,423,"GM","SI"
76,7,423,"GM","SI"
78,13,423,"GM","SI"
51,2,423,"GM","SI"
5,7,423,"GM","SI"
27,3,423,"GM","SI"
163,1,423,"GM","SI"
63,6,423,"GM","SI"
58,5,423,"GM","SI"
7,10,423,"GM","SI"
80,7,423,"GM","SI"
16,5,423,"GM","SI"
28,34,423,"GM","SI"
530,2,423,"GM","SI"
20,6,423,"GM","SI"
76,7,423,"GM","SI"
57,8,423,"GM","SI"
14,29,423,"GM","SI"
72,7,423,"GM","SI"
167,1,423,"GM","SI"
48,8,423,"GM","SI"
23,6,423,"GM","SI"
13,4,423,"GM","SI"
27,3,424,"GM","SI"
14,29,424,"GM","SI"
41,1,424,"GM","SI"
25,15,424,"GM","SI"
58,5,424,"GM","SI"
2,6,424,"GM","SI"
64,15,424,"GM","SI"
78,13,424,"GM","SI"
44,32,424,"GM","SI"
63,6,424,"GM","SI"
28,34,424,"GM","SI"
72,7,424,"GM","SI"
19,10,424,"GM","SI"
47,9,424,"GM","SI"
23,6,424,"GM","SI"
78,13,424,"GM","SI"
45,8,424,"GM","SI"
7,10,424,"GM","SI"
77,20,424,"GM","SI"
11,32,424,"GM","SI"
32,14,424,"GM","SI"
17,6,424,"GM","SI"
80,7,424,"GM","SI"
12,12,424,"GM","SI"
167,1,424,"GM","SI"
45,8,424,"GM","SI"
80,7,424,"GM","SI"
17,6,424,"GM","SI"
62,7,424,"GM","SI"
26,69,424,"GM","SI"
44,32,424,"GM","SI"
3,3,424,"GM","SI"
30,2,424,"GM","SI"
20,6,424,"GM","SI"
4,8,424,"GM","SI"
64,15,424,"GM","SI"
7,10,424,"GM","SI"
5,7,424,"GM","SI"
76,7,425,"GM","SI"
7,10,425,"GM","SI"
82,1,425,"GM","SI"
47,9,425,"GM","SI"
77,20,425,"GM","SI"
7,10,425,"GM","SI"
80,7,425,"GM","SI"
78,13,425,"GM","SI"
545,1,425,"GM","SI"
4,8,425,"GM","SI"
13,4,425,"GM","SI"
62,7,425,"GM","SI"
45,8,425,"GM","SI"
91,7,425,"GM","SI"
48,8,425,"GM","SI"
44,32,425,"GM","SI"
26,69,425,"GM","SI"
67,12,425,"GM","SI"
36,5,425,"GM","SI"
76,7,425,"GM","SI"
54,12,425,"GM","SI"
57,8,425,"GM","SI"
25,15,425,"GM","SI"
254,1,425,"GM","SI"
80,7,425,"GM","SI"
33,13,425,"GM","SI"
17,6,425,"GM","SI"
11,32,425,"GM","SI"
16,5,425,"GM","SI"
12,12,425,"GM","SI"
61,36,425,"GM","SI"
77,20,425,"GM","SI"
64,15,425,"GM","SI"
549,1,425,"GM","SI"
548,1,425,"GM","SI"
71,4,425,"GM","SI"
44,32,425,"GM","SI"
2,6,425,"GM","SI"
78,13,426,"GM","SI"
19,10,426,"GM","SI"
44,32,426,"GM","SI"
38,6,426,"GM","SI"
57,8,426,"GM","SI"
2,6,426,"GM","SI"
3,3,426,"GM","SI"
48,8,426,"GM","SI"
78,13,426,"GM","SI"
26,69,426,"GM","SI"
33,13,426,"GM","SI"
12,12,426,"GM","SI"
530,2,426,"GM","SI"
5,7,426,"GM","SI"
59,5,426,"GM","SI"
549,1,426,"GM","SI"
63,6,426,"GM","SI"
67,12,426,"GM","SI"
28,34,426,"GM","SI"
49,7,426,"GM","SI"
41,1,426,"GM","SI"
545,1,426,"GM","SI"
71,4,426,"GM","SI"
163,1,426,"GM","SI"
17,6,426,"GM","SI"
61,36,426,"GM","SI"
80,7,426,"GM","SI"
64,15,426,"GM","SI"
17,6,426,"GM","SI"
80,7,426,"GM","SI"
11,32,426,"GM","SI"
45,8,426,"GM","SI"
7,10,426,"GM","SI"
67,12,426,"GM","SI"
12,12,426,"GM","SI"
47,9,426,"GM","SI"
16,5,426,"GM","SI"
76,7,426,"GM","SI"
44,32,427,"GM","SI"
38,6,427,"GM","SI"
71,4,427,"GM","SI"
58,5,427,"GM","SI"
2,6,427,"GM","SI"
530,2,427,"GM","SI"
545,1,427,"GM","SI"
44,32,427,"GM","SI"
33,13,427,"GM","SI"
77,20,427,"GM","SI"
26,69,427,"GM","SI"
72,7,427,"GM","SI"
167,1,427,"GM","SI"
7,10,427,"GM","SI"
13,4,427,"GM","SI"
45,8,427,"GM","SI"
45,8,427,"GM","SI"
59,5,427,"GM","SI"
11,32,427,"GM","SI"
86,2,427,"GM","SI"
163,1,427,"GM","SI"
62,7,427,"GM","SI"
16,5,427,"GM","SI"
5,7,427,"GM","SI"
14,29,427,"GM","SI"
26,69,427,"GM","SI"
28,34,427,"GM","SI"
91,7,427,"GM","SI"
47,9,427,"GM","SI"
77,20,427,"GM","SI"
3,3,427,"GM","SI"
13,4,427,"GM","SI"
51,2,427,"GM","SI"
12,12,427,"GM","SI"
33,13,427,"GM","SI"
49,7,427,"GM","SI"
549,1,427,"GM","SI"
20,6,427,"GM","SI"
48,8,428,"GM","SI"
26,69,428,"GM","SI"
163,1,428,"GM","SI"
63,6,428,"GM","SI"
27,3,428,"GM","SI"
20,6,428,"GM","SI"
47,9,428,"GM","SI"
13,4,428,"GM","SI"
12,12,428,"GM","SI"
4,8,428,"GM","SI"
80,7,428,"GM","SI"
549,1,428,"GM","SI"
78,13,428,"GM","SI"
44,32,428,"GM","SI"
11,32,428,"GM","SI"
2,6,428,"GM","SI"
19,10,428,"GM","SI"
64,15,428,"GM","SI"
76,7,428,"GM","SI"
28,34,428,"GM","SI"
19,10,428,"GM","SI"
86,2,428,"GM","SI"
7,10,428,"GM","SI"
48,8,428,"GM","SI"
28,34,428,"GM","SI"
41,1,428,"GM","SI"
254,1,428,"GM","SI"
67,12,428,"GM","SI"
32,14,428,"GM","SI"
5,7,428,"GM","SI"
77,20,428,"GM","SI"
25,15,428,"GM","SI"
38,6,428,"GM","SI"
49,7,428,"GM","SI"
530,2,428,"GM","SI"
91,7,428,"GM","SI"
14,29,428,"GM","SI"
45,8,428,"GM","SI"
26,69,429,"GM","SI"
3,3,429,"GM","SI"
7,10,429,"GM","SI"
27,3,429,"GM","SI"
12,12,429,"GM","SI"
78,13,429,"GM","SI"
59,5,429,"GM","SI"
32,14,429,"GM","SI"
33,13,429,"GM","SI"
44,32,429,"GM","SI"
45,8,429,"GM","SI"
71,4,429,"GM","SI"
30,2,429,"GM","SI"
57,8,429,"GM","SI"
16,5,429,"GM","SI"
61,36,429,"GM","SI"
545,1,429,"GM","SI"
86,2,429,"GM","SI"
163,1,429,"GM","SI"
10,7,429,"GM","SI"
64,15,429,"GM","SI"
28,34,429,"GM","SI"
25,15,429,"GM","SI"
36,5,429,"GM","SI"
2,6,429,"GM","SI"
38,6,429,"GM","SI"
91,7,429,"GM","SI"
72,7,429,"GM","SI"
14,29,429,"GM","SI"
78,13,429,"GM","SI"
45,8,429,"GM","SI"
80,7,429,"GM","SI"
77,20,429,"GM","SI"
12,12,429,"GM","SI"
5,7,429,"GM","SI"
7,10,429,"GM","SI"
17,6,429,"GM","SI"
20,6,429,"GM","SI"
17,6,430,"GM","SI"
33,13,430,"GM","SI"
7,10,430,"GM","SI"
23,6,430,"GM","SI"
71,4,430,"GM","SI"
48,8,430,"GM","SI"
28,34,430,"GM","SI"
64,15,430,"GM","SI"
19,10,430,"GM","SI"
57,8,430,"GM","SI"
545,1,430,"GM","SI"
86,2,430,"GM","SI"
11,32,430,"GM","SI"
12,12,430,"GM","SI"
13,4,430,"GM","SI"
78,13,430,"GM","SI"
49,7,430,"GM","SI"
25,15,430,"GM","SI"
32,14,430,"GM","SI"
77,20,430,"GM","SI"
5,7,430,"GM","SI"
10,7,430,"GM","SI"
45,8,430,"GM","SI"
14,29,430,"GM","SI"
62,7,430,"GM","SI"
48,8,430,"GM","SI"
41,1,430,"GM","SI"
11,32,430,"GM","SI"
76,7,430,"GM","SI"
5,7,430,"GM","SI"
3,3,430,"GM","SI"
80,7,430,"GM","SI"
51,2,430,"GM","SI"
76,7,430,"GM","SI"
530,2,430,"GM","SI"
28,34,430,"GM","SI"
2,6,430,"GM","SI"
254,1,430,"GM","SI"
38,6,431,"GM","SI"
28,34,431,"GM","SI"
47,9,431,"GM","SI"
86,2,431,"GM","SI"
72,7,431,"GM","SI"
77,20,431,"GM","SI"
76,7,431,"GM","SI"
25,15,431,"GM","SI"
7,10,431,"GM","SI"
61,36,431,"GM","SI"
67,12,431,"GM","SI"
12,12,431,"GM","SI"
48,8,431,"GM","SI"
59,5,431,"GM","SI"
2,6,431,"GM","SI"
28,34,431,"GM","SI"
26,69,431,"GM","SI"
11,32,431,"GM","SI"
14,29,431,"GM","SI"
163,1,431,"GM","SI"
36,5,431,"GM","SI"
17,6,431,"GM","SI"
17,6,431,"GM","SI"
7,10,431,"GM","SI"
548,1,431,"GM","SI"
32,14,431,"GM","SI"
62,7,431,"GM","SI"
167,1,431,"GM","SI"
38,6,431,"GM","SI"
13,4,431,"GM","SI"
78,13,431,"GM","SI"
45,8,431,"GM","SI"
254,1,431,"GM","SI"
5,7,431,"GM","SI"
41,1,431,"GM","SI"
64,15,431,"GM","SI"
45,8,431,"GM","SI"
10,7,431,"GM","SI"
47,9,432,"GM","SI"
76,7,432,"GM","SI"
76,7,432,"GM","SI"
19,10,432,"GM","SI"
12,12,432,"GM","SI"
12,12,432,"GM","SI"
254,1,432,"GM","SI"
7,10,432,"GM","SI"
64,15,432,"GM","SI"
48,8,432,"GM","SI"
5,7,432,"GM","SI"
44,32,432,"GM","SI"
14,29,432,"GM","SI"
163,1,432,"GM","SI"
7,10,432,"GM","SI"
78,13,432,"GM","SI"
82,1,432,"GM","SI"
27,3,432,"GM","SI"
61,36,432,"GM","SI"
32,14,432,"GM","SI"
86,2,432,"GM","SI"
28,34,432,"GM","SI"
72,7,432,"GM","SI"
80,7,432,"GM","SI"
26,69,432,"GM","SI"
71,4,432,"GM","SI"
23,6,432,"GM","SI"
64,15,432,"GM","SI"
33,13,432,"GM","SI"
62,7,432,"GM","SI"
78,13,432,"GM","SI"
4,8,432,"GM","SI"
28,34,432,"GM","SI"
77,20,432,"GM","SI"
80,7,432,"GM","SI"
75,5,432,"GM","SI"
45,8,432,"GM","SI"
48,8,432,"GM","SI"
86,2,433,"GM","SI"
5,7,433,"GM","SI"
71,4,433,"GM","SI"
23,6,433,"GM","SI"
67,12,433,"GM","SI"
33,13,433,"GM","SI"
4,8,433,"GM","SI"
13,4,433,"GM","SI"
61,36,433,"GM","SI"
75,5,433,"GM","SI"
76,7,433,"GM","SI"
12,12,433,"GM","SI"
13,4,433,"GM","SI"
45,8,433,"GM","SI"
163,1,433,"GM","SI"
45,8,433,"GM","SI"
63,6,433,"GM","SI"
549,1,433,"GM","SI"
32,14,433,"GM","SI"
36,5,433,"GM","SI"
16,5,433,"GM","SI"
80,7,433,"GM","SI"
41,1,433,"GM","SI"
44,32,433,"GM","SI"
91,7,433,"GM","SI"
530,2,433,"GM","SI"
78,13,433,"GM","SI"
58,5,433,"GM","SI"
82,1,433,"GM","SI"
3,3,433,"GM","SI"
548,1,433,"GM","SI"
545,1,433,"GM","SI"
72,7,433,"GM","SI"
59,5,433,"GM","SI"
54,12,433,"GM","SI"
14,29,433,"GM","SI"
38,6,433,"GM","SI"
33,13,433,"GM","SI"
49,7,434,"GM","SI"
76,7,434,"GM","SI"
61,36,434,"GM","SI"
64,15,434,"GM","SI"
59,5,434,"GM","SI"
549,1,434,"GM","SI"
25,15,434,"GM","SI"
5,7,434,"GM","SI"
57,8,434,"GM","SI"
45,8,434,"GM","SI"
48,8,434,"GM","SI"
7,10,434,"GM","SI"
32,14,434,"GM","SI"
51,2,434,"GM","SI"
27,3,434,"GM","SI"
28,34,434,"GM","SI"
71,4,434,"GM","SI"
10,7,434,"GM","SI"
19,10,434,"GM","SI"
26,69,434,"GM","SI"
19,10,434,"GM","SI"
44,32,434,"GM","SI"
17,6,434,"GM","SI"
254,1,434,"GM","SI"
78,13,434,"GM","SI"
63,6,434,"GM","SI"
72,7,434,"GM","SI"
58,5,434,"GM","SI"
11,32,434,"GM","SI"
14,29,434,"GM","SI"
78,13,434,"GM","SI"
28,34,434,"GM","SI"
48,8,434,"GM","SI"
67,12,434,"GM","SI"
11,32,434,"GM","SI"
33,13,434,"GM","SI"
13,4,434,"GM","SI"
44,32,434,"GM","SI"
23,6,435,"GM","SI"
17,6,435,"GM","SI"
47,9,435,"GM","SI"
49,7,435,"GM","SI"
548,1,435,"GM","SI"
48,8,435,"GM","SI"
13,4,435,"GM","SI"
28,34,435,"GM","SI"
77,20,435,"GM","SI"
11,32,435,"GM","SI"
33,13,435,"GM","SI"
38,6,435,"GM","SI"
27,3,435,"GM","SI"
67,12,435,"GM","SI"
64,15,435,"GM","SI"
163,1,435,"GM","SI"
80,7,435,"GM","SI"
57,8,435,"GM","SI"
72,7,435,"GM","SI"
59,5,435,"GM","SI"
86,2,435,"GM","SI"
33,13,435,"GM","SI"
11,32,435,"GM","SI"
10,7,435,"GM","SI"
20,6,435,"GM","SI"
545,1,435,"GM","SI"
5,7,435,"GM","SI"
48,8,435,"GM","SI"
14,29,435,"GM","SI"
254,1,435,"GM","SI"
3,3,435,"GM","SI"
76,7,435,"GM","SI"
14,29,435,"GM","SI"
530,2,435,"GM","SI"
77,20,435,"GM","SI"
41,1,435,"GM","SI"
167,1,435,"GM","SI"
19,10,435,"GM","SI"
7,10,436,"GM","SI"
76,7,436,"GM","SI"
17,6,436,"GM","SI"
62,7,436,"GM","SI"
61,36,436,"GM","SI"
23,6,436,"GM","SI"
25,15,436,"GM","SI"
19,10,436,"GM","SI"
77,20,436,"GM","SI"
38,6,436,"GM","SI"
11,32,436,"GM","SI"
86,2,436,"GM","SI"
76,7,436,"GM","SI"
545,1,436,"GM","SI"
26,69,436,"GM","SI"
47,9,436,"GM","SI"
36,5,436,"GM","SI"
14,29,436,"GM","SI"
32,14,436,"GM","SI"
7,10,436,"GM","SI"
28,34,436,"GM","SI"
4,8,436,"GM","SI"
30,2,436,"GM","SI"
33,13,436,"GM","SI"
59,5,436,"GM","SI"
14,29,436,"GM","SI"
63,6,436,"GM","SI"
17,6,436,"GM","SI"
58,5,436,"GM","SI"
75,5,436,"GM","SI"
64,15,436,"GM","SI"
57,8,436,"GM","SI"
3,3,436,"GM","SI"
2,6,436,"GM","SI"
38,6,436,"GM","SI"
77,20,436,"GM","SI"
64,15,436,"GM","SI"
5,7,436,"GM","SI"
19,10,437,"GM","SI"
163,1,437,"GM","SI"
48,8,437,"GM","SI"
5,7,437,"GM","SI"
17,6,437,"GM","SI"
7,10,437,"GM","SI"
13,4,437,"GM","SI"
38,6,437,"GM","SI"
26,69,437,"GM","SI"
14,29,437,"GM","SI"
51,2,437,"GM","SI"
80,7,437,"GM","SI"
82,1,437,"GM","SI"
30,2,437,"GM","SI"
2,6,437,"GM","SI"
36,5,437,"GM","SI"
11,32,437,"GM","SI"
19,10,437,"GM","SI"
67,12,437,"GM","SI"
254,1,437,"GM","SI"
45,8,437,"GM","SI"
47,9,437,"GM","SI"
14,29,437,"GM","SI"
76,7,437,"GM","SI"
45,8,437,"GM","SI"
33,13,437,"GM","SI"
530,2,437,"GM","SI"
545,1,437,"GM","SI"
12,12,437,"GM","SI"
63,6,437,"GM","SI"
549,1,437,"GM","SI"
77,20,437,"GM","SI"
38,6,437,"GM","SI"
77,20,437,"GM","SI"
49,7,437,"GM","SI"
16,5,437,"GM","SI"
59,5,437,"GM","SI"
80,7,437,"GM","SI"
3,3,438,"GM","SI"
27,3,438,"GM","SI"
13,4,438,"GM","SI"
80,7,438,"GM","SI"
16,5,438,"GM","SI"
63,6,438,"GM","SI"
33,13,438,"GM","SI"
48,8,438,"GM","SI"
77,20,438,"GM","SI"
57,8,438,"GM","SI"
76,7,438,"GM","SI"
78,13,438,"GM","SI"
45,8,438,"GM","SI"
75,5,438,"GM","SI"
72,7,438,"GM","SI"
12,12,438,"GM","SI"
26,69,438,"GM","SI"
44,32,438,"GM","SI"
45,8,438,"GM","SI"
549,1,438,"GM","SI"
167,1,438,"GM","SI"
12,12,438,"GM","SI"
163,1,438,"GM","SI"
13,4,438,"GM","SI"
64,15,438,"GM","SI"
48,8,438,"GM","SI"
32,14,438,"GM","SI"
14,29,438,"GM","SI"
77,20,438,"GM","SI"
28,34,438,"GM","SI"
91,7,438,"GM","SI"
7,10,438,"GM","SI"
254,1,438,"GM","SI"
530,2,438,"GM","SI"
44,32,438,"GM","SI"
76,7,438,"GM","SI"
54,12,438,"GM","SI"
32,14,438,"GM","SI"
13,4,439,"GM","SI"
57,8,439,"GM","SI"
14,29,439,"GM","SI"
64,15,439,"GM","SI"
2,6,439,"GM","SI"
78,13,439,"GM","SI"
33,13,439,"GM","SI"
49,7,439,"GM","SI"
19,10,439,"GM","SI"
77,20,439,"GM","SI"
548,1,439,"GM","SI"
12,12,439,"GM","SI"
16,5,439,"GM","SI"
48,8,439,"GM","SI"
33,13,439,"GM","SI"
32,14,439,"GM","SI"
44,32,439,"GM","SI"
38,6,439,"GM","SI"
64,15,439,"GM","SI"
67,12,439,"GM","SI"
91,7,439,"GM","SI"
549,1,439,"GM","SI"
11,32,439,"GM","SI"
5,7,439,"GM","SI"
45,8,439,"GM","SI"
10,7,439,"GM","SI"
163,1,439,"GM","SI"
45,8,439,"GM","SI"
28,34,439,"GM","SI"
28,34,439,"GM","SI"
5,7,439,"GM","SI"
78,13,439,"GM","SI"
71,4,439,"GM","SI"
41,1,439,"GM","SI"
82,1,439,"GM","SI"
61,36,439,"GM","SI"
51,2,439,"GM","SI"
76,7,439,"GM","SI"
82,1,440,"GM","SI"
549,1,440,"GM","SI"
17,6,440,"GM","SI"
30,2,440,"GM","SI"
530,2,440,"GM","SI"
12,12,440,"GM","SI"
41,1,440,"GM","SI"
3,3,440,"GM","SI"
64,15,440,"GM","SI"
54,12,440,"GM","SI"
16,5,440,"GM","SI"
27,3,440,"GM","SI"
254,1,440,"GM","SI"
57,8,440,"GM","SI"
545,1,440,"GM","SI"
76,7,440,"GM","SI"
13,4,440,"GM","SI"
80,7,440,"GM","SI"
76,7,440,"GM","SI"
5,7,440,"GM","SI"
59,5,440,"GM","SI"
7,10,440,"GM","SI"
14,29,440,"GM","SI"
11,32,440,"GM","SI"
33,13,440,"GM","SI"
23,6,440,"GM","SI"
13,4,440,"GM","SI"
75,5,440,"GM","SI"
78,13,440,"GM","SI"
80,7,440,"GM","SI"
72,7,440,"GM","SI"
62,7,440,"GM","SI"
51,2,440,"GM","SI"
49,7,440,"GM","SI"
38,6,440,"GM","SI"
25,15,440,"GM","SI"
58,5,440,"GM","SI"
36,5,440,"GM","SI"
67,12,441,"GM","SI"
12,12,441,"GM","SI"
48,8,441,"GM","SI"
25,15,441,"GM","SI"
548,1,441,"GM","SI"
64,15,441,"GM","SI"
38,6,441,"GM","SI"
62,7,441,"GM","SI"
44,32,441,"GM","SI"
44,32,441,"GM","SI"
75,5,441,"GM","SI"
27,3,441,"GM","SI"
17,6,441,"GM","SI"
64,15,441,"GM","SI"
7,10,441,"GM","SI"
80,7,441,"GM","SI"
20,6,441,"GM","SI"
45,8,441,"GM","SI"
91,7,441,"GM","SI"
77,20,441,"GM","SI"
5,7,441,"GM","SI"
82,1,441,"GM","SI"
11,32,441,"GM","SI"
254,1,441,"GM","SI"
36,5,441,"GM","SI"
26,69,441,"GM","SI"
16,5,441,"GM","SI"
167,1,441,"GM","SI"
47,9,441,"GM","SI"
530,2,441,"GM","SI"
48,8,441,"GM","SI"
59,5,441,"GM","SI"
5,7,441,"GM","SI"
77,20,441,"GM","SI"
33,13,441,"GM","SI"
76,7,441,"GM","SI"
17,6,441,"GM","SI"
72,7,441,"GM","SI"
59,5,442,"GM","SI"
16,5,442,"GM","SI"
72,7,442,"GM","SI"
67,12,442,"GM","SI"
5,7,442,"GM","SI"
41,1,442,"GM","SI"
14,29,442,"GM","SI"
30,2,442,"GM","SI"
64,15,442,"GM","SI"
549,1,442,"GM","SI"
44,32,442,"GM","SI"
545,1,442,"GM","SI"
77,20,442,"GM","SI"
7,10,442,"GM","SI"
548,1,442,"GM","SI"
62,7,442,"GM","SI"
33,13,442,"GM","SI"
5,7,442,"GM","SI"
76,7,442,"GM","SI"
3,3,442,"GM","SI"
17,6,442,"GM","SI"
32,14,442,"GM","SI"
63,6,442,"GM","SI"
27,3,442,"GM","SI"
48,8,442,"GM","SI"
530,2,442,"GM","SI"
38,6,442,"GM","SI"
78,13,442,"GM","SI"
17,6,442,"GM","SI"
7,10,442,"GM","SI"
12,12,442,"GM","SI"
11,32,442,"GM","SI"
77,20,442,"GM","SI"
10,7,442,"GM","SI"
25,15,442,"GM","SI"
80,7,442,"GM","SI"
57,8,442,"GM","SI"
23,6,442,"GM","SI"
71,4,443,"GM","SI"
5,7,443,"GM","SI"
7,10,443,"GM","SI"
163,1,443,"GM","SI"
7,10,443,"GM","SI"
23,6,443,"GM","SI"
38,6,443,"GM","SI"
13,4,443,"GM","SI"
45,8,443,"GM","SI"
67,12,443,"GM","SI"
76,7,443,"GM","SI"
62,7,443,"GM","SI"
254,1,443,"GM","SI"
545,1,443,"GM","SI"
11,32,443,"GM","SI"
67,12,443,"GM","SI"
41,1,443,"GM","SI"
17,6,443,"GM","SI"
91,7,443,"GM","SI"
10,7,443,"GM","SI"
72,7,443,"GM","SI"
76,7,443,"GM","SI"
32,14,443,"GM","SI"
47,9,443,"GM","SI"
12,12,443,"GM","SI"
77,20,443,"GM","SI"
75,5,443,"GM","SI"
36,5,443,"GM","SI"
33,13,443,"GM","SI"
51,2,443,"GM","SI"
61,36,443,"GM","SI"
3,3,443,"GM","SI"
28,34,443,"GM","SI"
54,12,443,"GM","SI"
167,1,443,"GM","SI"
4,8,443,"GM","SI"
44,32,443,"GM","SI"
32,14,443,"GM","SI"
548,1,444,"GM","SI"
62,7,444,"GM","SI"
32,14,444,"GM","SI"
26,69,444,"GM","SI"
91,7,444,"GM","SI"
14,29,444,"GM","SI"
45,8,444,"GM","SI"
12,12,444,"GM","SI"
25,15,444,"GM","SI"
67,12,444,"GM","SI"
57,8,444,"GM","SI"
38,6,444,"GM","SI"
19,10,444,"GM","SI"
67,12,444,"GM","SI"
80,7,444,"GM","SI"
14,29,444,"GM","SI"
10,7,444,"GM","SI"
72,7,444,"GM","SI"
48,8,444,"GM","SI"
545,1,444,"GM","SI"
13,4,444,"GM","SI"
13,4,444,"GM","SI"
23,6,444,"GM","SI"
32,14,444,"GM","SI"
48,8,444,"GM","SI"
76,7,444,"GM","SI"
78,13,444,"GM","SI"
44,32,444,"GM","SI"
36,5,444,"GM","SI"
7,10,444,"GM","SI"
167,1,444,"GM","SI"
61,36,444,"GM","SI"
12,12,444,"GM","SI"
59,5,444,"GM","SI"
77,20,444,"GM","SI"
3,3,444,"GM","SI"
51,2,444,"GM","SI"
77,20,444,"GM","SI"
91,7,445,"GM","SI"
28,34,445,"GM","SI"
58,5,445,"GM","SI"
62,7,445,"GM","SI"
44,32,445,"GM","SI"
17,6,445,"GM","SI"
32,14,445,"GM","SI"
71,4,445,"GM","SI"
76,7,445,"GM","SI"
254,1,445,"GM","SI"
77,20,445,"GM","SI"
14,29,445,"GM","SI"
12,12,445,"GM","SI"
72,7,445,"GM","SI"
32,14,445,"GM","SI"
5,7,445,"GM","SI"
163,1,445,"GM","SI"
10,7,445,"GM","SI"
7,10,445,"GM","SI"
19,10,445,"GM","SI"
13,4,445,"GM","SI"
47,9,445,"GM","SI"
44,32,445,"GM","SI"
23,6,445,"GM","SI"
33,13,445,"GM","SI"
19,10,445,"GM","SI"
26,69,445,"GM","SI"
64,15,445,"GM","SI"
25,15,445,"GM","SI"
7,10,445,"GM","SI"
61,36,445,"GM","SI"
36,5,445,"GM","SI"
549,1,445,"GM","SI"
27,3,445,"GM","SI"
38,6,445,"GM","SI"
67,12,445,"GM","SI"
12,12,445,"GM","SI"
80,7,445,"GM","SI"
41,1,446,"GM","SI"
14,29,446,"GM","SI"
48,8,446,"GM","SI"
38,6,446,"GM","SI"
48,8,446,"GM","SI"
28,34,446,"GM","SI"
167,1,446,"GM","SI"
58,5,446,"GM","SI"
5,7,446,"GM","SI"
5,7,446,"GM","SI"
20,6,446,"GM","SI"
47,9,446,"GM","SI"
27,3,446,"GM","SI"
44,32,446,"GM","SI"
36,5,446,"GM","SI"
61,36,446,"GM","SI"
32,14,446,"GM","SI"
26,69,446,"GM","SI"
25,15,446,"GM","SI"
11,32,446,"GM","SI"
254,1,446,"GM","SI"
16,5,446,"GM","SI"
76,7,446,"GM","SI"
82,1,446,"GM","SI"
76,7,446,"GM","SI"
33,13,446,"GM","SI"
14,29,446,"GM","SI"
59,5,446,"GM","SI"
19,10,446,"GM","SI"
77,20,446,"GM","SI"
54,12,446,"GM","SI"
32,14,446,"GM","SI"
78,13,446,"GM","SI"
63,6,446,"GM","SI"
3,3,446,"GM","SI"
19,10,446,"GM","SI"
62,7,446,"GM","SI"
545,1,446,"GM","SI"
59,5,447,"GM","SI"
63,6,447,"GM","SI"
11,32,447,"GM","SI"
163,1,447,"GM","SI"
23,6,447,"GM","SI"
32,14,447,"GM","SI"
76,7,447,"GM","SI"
13,4,447,"GM","SI"
3,3,447,"GM","SI"
10,7,447,"GM","SI"
38,6,447,"GM","SI"
25,15,447,"GM","SI"
26,69,447,"GM","SI"
62,7,447,"GM","SI"
12,12,447,"GM","SI"
76,7,447,"GM","SI"
91,7,447,"GM","SI"
64,15,447,"GM","SI"
82,1,447,"GM","SI"
32,14,447,"GM","SI"
48,8,447,"GM","SI"
58,5,447,"GM","SI"
47,9,447,"GM","SI"
254,1,447,"GM","SI"
77,20,447,"GM","SI"
2,6,447,"GM","SI"
26,69,447,"GM","SI"
545,1,447,"GM","SI"
80,7,447,"GM","SI"
30,2,447,"GM","SI"
14,29,447,"GM","SI"
77,20,447,"GM","SI"
64,15,447,"GM","SI"
54,12,447,"GM","SI"
57,8,447,"GM","SI"
67,12,447,"GM","SI"
530,2,447,"GM","SI"
167,1,447,"GM","SI"
67,12,448,"GM","SI"
33,13,448,"GM","SI"
91,7,448,"GM","SI"
76,7,448,"GM","SI"
48,8,448,"GM","SI"
254,1,448,"GM","SI"
54,12,448,"GM","SI"
57,8,448,"GM","SI"
19,10,448,"GM","SI"
78,13,448,"GM","SI"
163,1,448,"GM","SI"
30,2,448,"GM","SI"
49,7,448,"GM","SI"
27,3,448,"GM","SI"
28,34,448,"GM","SI"
14,29,448,"GM","SI"
3,3,448,"GM","SI"
75,5,448,"GM","SI"
19,10,448,"GM","SI"
80,7,448,"GM","SI"
76,7,448,"GM","SI"
26,69,448,"GM","SI"
26,69,448,"GM","SI"
36,5,448,"GM","SI"
86,2,448,"GM","SI"
548,1,448,"GM","SI"
7,10,448,"GM","SI"
12,12,448,"GM","SI"
33,13,448,"GM","SI"
5,7,448,"GM","SI"
545,1,448,"GM","SI"
17,6,448,"GM","SI"
63,6,448,"GM","SI"
38,6,448,"GM","SI"
38,6,448,"GM","SI"
25,15,448,"GM","SI"
17,6,448,"GM","SI"
67,12,448,"GM","SI"
78,13,449,"GM","SI"
7,10,449,"GM","SI"
17,6,449,"GM","SI"
76,7,449,"GM","SI"
12,12,449,"GM","SI"
25,15,449,"GM","SI"
12,12,449,"GM","SI"
80,7,449,"GM","SI"
61,36,449,"GM","SI"
4,8,449,"GM","SI"
67,12,449,"GM","SI"
16,5,449,"GM","SI"
20,6,449,"GM","SI"
80,7,449,"GM","SI"
45,8,449,"GM","SI"
5,7,449,"GM","SI"
11,32,449,"GM","SI"
167,1,449,"GM","SI"
32,14,449,"GM","SI"
27,3,449,"GM","SI"
38,6,449,"GM","SI"
51,2,449,"GM","SI"
254,1,449,"GM","SI"
32,14,449,"GM","SI"
14,29,449,"GM","SI"
75,5,449,"GM","SI"
23,6,449,"GM","SI"
14,29,449,"GM","SI"
48,8,449,"GM","SI"
64,15,449,"GM","SI"
549,1,449,"GM","SI"
82,1,449,"GM","SI"
30,2,449,"GM","SI"
78,13,449,"GM","SI"
62,7,449,"GM","SI"
91,7,449,"GM","SI"
7,10,449,"GM","SI"
38,6,449,"GM","SI"
36,5,450,"GM","SI"
44,32,450,"GM","SI"
78,13,450,"GM","SI"
76,7,450,"GM","SI"
5,7,450,"GM","SI"
549,1,450,"GM","SI"
19,10,450,"GM","SI"
75,5,450,"GM","SI"
28,34,450,"GM","SI"
78,13,450,"GM","SI"
72,7,450,"GM","SI"
27,3,450,"GM","SI"
530,2,450,"GM","SI"
13,4,450,"GM","SI"
49,7,450,"GM","SI"
17,6,450,"GM","SI"
64,15,450,"GM","SI"
5,7,450,"GM","SI"
3,3,450,"GM","SI"
61,36,450,"GM","SI"
11,32,450,"GM","SI"
17,6,450,"GM","SI"
54,12,450,"GM","SI"
14,29,450,"GM","SI"
57,8,450,"GM","SI"
41,1,450,"GM","SI"
45,8,450,"GM","SI"
63,6,450,"GM","SI"
14,29,450,"GM","SI"
13,4,450,"GM","SI"
32,14,450,"GM","SI"
26,69,450,"GM","SI"
2,6,450,"GM","SI"
548,1,450,"GM","SI"
26,69,450,"GM","SI"
16,5,450,"GM","SI"
254,1,450,"GM","SI"
71,4,450,"GM","SI"
20,6,451,"GM","SI"
32,14,451,"GM","SI"
72,7,451,"GM","SI"
62,7,451,"GM","SI"
548,1,451,"GM","SI"
5,7,451,"GM","SI"
76,7,451,"GM","SI"
25,15,451,"GM","SI"
530,2,451,"GM","SI"
545,1,451,"GM","SI"
47,9,451,"GM","SI"
36,5,451,"GM","SI"
44,32,451,"GM","SI"
16,5,451,"GM","SI"
23,6,451,"GM","SI"
163,1,451,"GM","SI"
14,29,451,"GM","SI"
12,12,451,"GM","SI"
19,10,451,"GM","SI"
17,6,451,"GM","SI"
75,5,451,"GM","SI"
63,6,451,"GM","SI"
26,69,451,"GM","SI"
76,7,451,"GM","SI"
67,12,451,"GM","SI"
7,10,451,"GM","SI"
49,7,451,"GM","SI"
77,20,451,"GM","SI"
14,29,451,"GM","SI"
33,13,451,"GM","SI"
11,32,451,"GM","SI"
28,34,451,"GM","SI"
91,7,451,"GM","SI"
33,13,451,"GM","SI"
59,5,451,"GM","SI"
44,32,451,"GM","SI"
64,15,451,"GM","SI"
5,7,451,"GM","SI"
2,6,452,"GM","SI"
86,2,452,"GM","SI"
76,7,452,"GM","SI"
33,13,452,"GM","SI"
163,1,452,"GM","SI"
5,7,452,"GM","SI"
26,69,452,"GM","SI"
167,1,452,"GM","SI"
41,1,452,"GM","SI"
45,8,452,"GM","SI"
5,7,452,"GM","SI"
14,29,452,"GM","SI"
48,8,452,"GM","SI"
82,1,452,"GM","SI"
47,9,452,"GM","SI"
19,10,452,"GM","SI"
11,32,452,"GM","SI"
23,6,452,"GM","SI"
63,6,452,"GM","SI"
78,13,452,"GM","SI"
44,32,452,"GM","SI"
72,7,452,"GM","SI"
36,5,452,"GM","SI"
30,2,452,"GM","SI"
13,4,452,"GM","SI"
51,2,452,"GM","SI"
75,5,452,"GM","SI"
28,34,452,"GM","SI"
77,20,452,"GM","SI"
59,5,452,"GM","SI"
27,3,452,"GM","SI"
12,12,452,"GM","SI"
548,1,452,"GM","SI"
64,15,452,"GM","SI"
254,1,452,"GM","SI"
80,7,452,"GM","SI"
7,10,452,"GM","SI"
16,5,452,"GM","SI"
61,36,453,"GM","SI"
11,32,453,"GM","SI"
82,1,453,"GM","SI"
163,1,453,"GM","SI"
3,3,453,"GM","SI"
58,5,453,"GM","SI"
7,10,453,"GM","SI"
75,5,453,"GM","SI"
30,2,453,"GM","SI"
17,6,453,"GM","SI"
72,7,453,"GM","SI"
67,12,453,"GM","SI"
49,7,453,"GM","SI"
5,7,453,"GM","SI"
14,29,453,"GM","SI"
48,8,453,"GM","SI"
530,2,453,"GM","SI"
38,6,453,"GM","SI"
36,5,453,"GM","SI"
12,12,453,"GM","SI"
33,13,453,"GM","SI"
77,20,453,"GM","SI"
254,1,453,"GM","SI"
16,5,453,"GM","SI"
78,13,453,"GM","SI"
5,7,453,"GM","SI"
45,8,453,"GM","SI"
62,7,453,"GM","SI"
12,12,453,"GM","SI"
549,1,453,"GM","SI"
44,32,453,"GM","SI"
38,6,453,"GM","SI"
13,4,453,"GM","SI"
28,34,453,"GM","SI"
45,8,453,"GM","SI"
64,15,453,"GM","SI"
548,1,453,"GM","SI"
2,6,453,"GM","SI"
64,15,454,"GM","SI"
11,32,454,"GM","SI"
254,1,454,"GM","SI"
548,1,454,"GM","SI"
86,2,454,"GM","SI"
44,32,454,"GM","SI"
163,1,454,"GM","SI"
2,6,454,"GM","SI"
20,6,454,"GM","SI"
72,7,454,"GM","SI"
77,20,454,"GM","SI"
36,5,454,"GM","SI"
41,1,454,"GM","SI"
47,9,454,"GM","SI"
91,7,454,"GM","SI"
11,32,454,"GM","SI"
3,3,454,"GM","SI"
12,12,454,"GM","SI"
28,34,454,"GM","SI"
49,7,454,"GM","SI"
80,7,454,"GM","SI"
23,6,454,"GM","SI"
78,13,454,"GM","SI"
7,10,454,"GM","SI"
13,4,454,"GM","SI"
62,7,454,"GM","SI"
32,14,454,"GM","SI"
25,15,454,"GM","SI"
80,7,454,"GM","SI"
545,1,454,"GM","SI"
67,12,454,"GM","SI"
45,8,454,"GM","SI"
76,7,454,"GM","SI"
17,6,454,"GM","SI"
44,32,454,"GM","SI"
10,7,454,"GM","SI"
59,5,454,"GM","SI"
75,5,454,"GM","SI"
45,8,455,"GM","SI"
163,1,455,"GM","SI"
86,2,455,"GM","SI"
48,8,455,"GM","SI"
49,7,455,"GM","SI"
16,5,455,"GM","SI"
20,6,455,"GM","SI"
19,10,455,"GM","SI"
72,7,455,"GM","SI"
7,10,455,"GM","SI"
58,5,455,"GM","SI"
51,2,455,"GM","SI"
59,5,455,"GM","SI"
28,34,455,"GM","SI"
91,7,455,"GM","SI"
530,2,455,"GM","SI"
80,7,455,"GM","SI"
54,12,455,"GM","SI"
33,13,455,"GM","SI"
38,6,455,"GM","SI"
11,32,455,"GM","SI"
17,6,455,"GM","SI"
44,32,455,"GM","SI"
36,5,455,"GM","SI"
11,32,455,"GM","SI"
57,8,455,"GM","SI"
63,6,455,"GM","SI"
76,7,455,"GM","SI"
23,6,455,"GM","SI"
48,8,455,"GM","SI"
78,13,455,"GM","SI"
5,7,455,"GM","SI"
78,13,455,"GM","SI"
45,8,455,"GM","SI"
33,13,455,"GM","SI"
82,1,455,"GM","SI"
77,20,455,"GM","SI"
13,4,455,"GM","SI"
76,7,456,"GM","SI"
45,8,456,"GM","SI"
14,29,456,"GM","SI"
19,10,456,"GM","SI"
71,4,456,"GM","SI"
33,13,456,"GM","SI"
27,3,456,"GM","SI"
47,9,456,"GM","SI"
30,2,456,"GM","SI"
61,36,456,"GM","SI"
38,6,456,"GM","SI"
12,12,456,"GM","SI"
20,6,456,"GM","SI"
54,12,456,"GM","SI"
64,15,456,"GM","SI"
78,13,456,"GM","SI"
12,12,456,"GM","SI"
19,10,456,"GM","SI"
48,8,456,"GM","SI"
163,1,456,"GM","SI"
530,2,456,"GM","SI"
86,2,456,"GM","SI"
63,6,456,"GM","SI"
25,15,456,"GM","SI"
44,32,456,"GM","SI"
80,7,456,"GM","SI"
75,5,456,"GM","SI"
59,5,456,"GM","SI"
26,69,456,"GM","SI"
38,6,456,"GM","SI"
78,13,456,"GM","SI"
82,1,456,"GM","SI"
254,1,456,"GM","SI"
67,12,456,"GM","SI"
13,4,456,"GM","SI"
41,1,456,"GM","SI"
2,6,456,"GM","SI"
32,14,456,"GM","SI"
26,69,457,"GM","SI"
82,1,457,"GM","SI"
12,12,457,"GM","SI"
7,10,457,"GM","SI"
67,12,457,"GM","SI"
549,1,457,"GM","SI"
254,1,457,"GM","SI"
13,4,457,"GM","SI"
30,2,457,"GM","SI"
167,1,457,"GM","SI"
49,7,457,"GM","SI"
10,7,457,"GM","SI"
64,15,457,"GM","SI"
76,7,457,"GM","SI"
545,1,457,"GM","SI"
32,14,457,"GM","SI"
67,12,457,"GM","SI"
530,2,457,"GM","SI"
28,34,457,"GM","SI"
48,8,457,"GM","SI"
51,2,457,"GM","SI"
19,10,457,"GM","SI"
45,8,457,"GM","SI"
77,20,457,"GM","SI"
33,13,457,"GM","SI"
28,34,457,"GM","SI"
23,6,457,"GM","SI"
78,13,457,"GM","SI"
27,3,457,"GM","SI"
38,6,457,"GM","SI"
33,13,457,"GM","SI"
59,5,457,"GM","SI"
54,12,457,"GM","SI"
20,6,457,"GM","SI"
5,7,457,"GM","SI"
19,10,457,"GM","SI"
63,6,457,"GM","SI"
38,6,457,"GM","SI"
5,7,458,"GM","SI"
25,15,458,"GM","SI"
72,7,458,"GM","SI"
41,1,458,"GM","SI"
91,7,458,"GM","SI"
16,5,458,"GM","SI"
80,7,458,"GM","SI"
47,9,458,"GM","SI"
57,8,458,"GM","SI"
33,13,458,"GM","SI"
17,6,458,"GM","SI"
549,1,458,"GM","SI"
32,14,458,"GM","SI"
13,4,458,"GM","SI"
62,7,458,"GM","SI"
19,10,458,"GM","SI"
76,7,458,"GM","SI"
7,10,458,"GM","SI"
63,6,458,"GM","SI"
10,7,458,"GM","SI"
86,2,458,"GM","SI"
19,10,458,"GM","SI"
254,1,458,"GM","SI"
38,6,458,"GM","SI"
20,6,458,"GM","SI"
30,2,458,"GM","SI"
12,12,458,"GM","SI"
64,15,458,"GM","SI"
78,13,458,"GM","SI"
61,36,458,"GM","SI"
54,12,458,"GM","SI"
44,32,458,"GM","SI"
2,6,458,"GM","SI"
45,8,458,"GM","SI"
45,8,458,"GM","SI"
11,32,458,"GM","SI"
64,15,458,"GM","SI"
548,1,458,"GM","SI"
19,10,459,"GM","SI"
58,5,459,"GM","SI"
91,7,459,"GM","SI"
61,36,459,"GM","SI"
54,12,459,"GM","SI"
67,12,459,"GM","SI"
548,1,459,"GM","SI"
13,4,459,"GM","SI"
12,12,459,"GM","SI"
57,8,459,"GM","SI"
71,4,459,"GM","SI"
78,13,459,"GM","SI"
13,4,459,"GM","SI"
33,13,459,"GM","SI"
20,6,459,"GM","SI"
38,6,459,"GM","SI"
77,20,459,"GM","SI"
80,7,459,"GM","SI"
25,15,459,"GM","SI"
16,5,459,"GM","SI"
48,8,459,"GM","SI"
48,8,459,"GM","SI"
72,7,459,"GM","SI"
32,14,459,"GM","SI"
32,14,459,"GM","SI"
64,15,459,"GM","SI"
47,9,459,"GM","SI"
11,32,459,"GM","SI"
163,1,459,"GM","SI"
19,10,459,"GM","SI"
33,13,459,"GM","SI"
7,10,459,"GM","SI"
26,69,459,"GM","SI"
41,1,459,"GM","SI"
80,7,459,"GM","SI"
5,7,459,"GM","SI"
167,1,459,"GM","SI"
67,12,459,"GM","SI"
11,32,460,"GM","SI"
32,14,460,"GM","SI"
78,13,460,"GM","SI"
38,6,460,"GM","SI"
33,13,460,"GM","SI"
86,2,460,"GM","SI"
48,8,460,"GM","SI"
33,13,460,"GM","SI"
25,15,460,"GM","SI"
7,10,460,"GM","SI"
14,29,460,"GM","SI"
545,1,460,"GM","SI"
530,2,460,"GM","SI"
19,10,460,"GM","SI"
5,7,460,"GM","SI"
67,12,460,"GM","SI"
7,10,460,"GM","SI"
2,6,460,"GM","SI"
23,6,460,"GM","SI"
45,8,460,"GM","SI"
59,5,460,"GM","SI"
78,13,460,"GM","SI"
254,1,460,"GM","SI"
27,3,460,"GM","SI"
28,34,460,"GM","SI"
77,20,460,"GM","SI"
64,15,460,"GM","SI"
76,7,460,"GM","SI"
49,7,460,"GM","SI"
163,1,460,"GM","SI"
13,4,460,"GM","SI"
71,4,460,"GM","SI"
19,10,460,"GM","SI"
36,5,460,"GM","SI"
63,6,460,"GM","SI"
48,8,460,"GM","SI"
45,8,460,"GM","SI"
26,69,460,"GM","SI"
167,1,461,"GM","SI"
548,1,461,"GM","SI"
12,12,461,"GM","SI"
48,8,461,"GM","SI"
11,32,461,"GM","SI"
163,1,461,"GM","SI"
32,14,461,"GM","SI"
19,10,461,"GM","SI"
80,7,461,"GM","SI"
67,12,461,"GM","SI"
549,1,461,"GM","SI"
3,3,461,"GM","SI"
7,10,461,"GM","SI"
59,5,461,"GM","SI"
41,1,461,"GM","SI"
45,8,461,"GM","SI"
25,15,461,"GM","SI"
30,2,461,"GM","SI"
530,2,461,"GM","SI"
54,12,461,"GM","SI"
14,29,461,"GM","SI"
545,1,461,"GM","SI"
67,12,461,"GM","SI"
51,2,461,"GM","SI"
26,69,461,"GM","SI"
47,9,461,"GM","SI"
33,13,461,"GM","SI"
78,13,461,"GM","SI"
86,2,461,"GM","SI"
2,6,461,"GM","SI"
61,36,461,"GM","SI"
58,5,461,"GM","SI"
17,6,461,"GM","SI"
36,5,461,"GM","SI"
32,14,461,"GM","SI"
64,15,461,"GM","SI"
16,5,461,"GM","SI"
11,32,461,"GM","SI"
5,7,462,"GM","SI"
11,32,462,"GM","SI"
77,20,462,"GM","SI"
44,32,462,"GM","SI"
23,6,462,"GM","SI"
32,14,462,"GM","SI"
27,3,462,"GM","SI"
26,69,462,"GM","SI"
91,7,462,"GM","SI"
82,1,462,"GM","SI"
26,69,462,"GM","SI"
28,34,462,"GM","SI"
13,4,462,"GM","SI"
530,2,462,"GM","SI"
545,1,462,"GM","SI"
67,12,462,"GM","SI"
63,6,462,"GM","SI"
16,5,462,"GM","SI"
25,15,462,"GM","SI"
14,29,462,"GM","SI"
13,4,462,"GM","SI"
49,7,462,"GM","SI"
548,1,462,"GM","SI"
80,7,462,"GM","SI"
58,5,462,"GM","SI"
76,7,462,"GM","SI"
5,7,462,"GM","SI"
2,6,462,"GM","SI"
75,5,462,"GM","SI"
7,10,462,"GM","SI"
62,7,462,"GM","SI"
33,13,462,"GM","SI"
7,10,462,"GM","SI"
11,32,462,"GM","SI"
51,2,462,"GM","SI"
4,8,462,"GM","SI"
71,4,462,"GM","SI"
57,8,462,"GM","SI"
91,7,463,"GM","SI"
36,5,463,"GM","SI"
77,20,463,"GM","SI"
48,8,463,"GM","SI"
3,3,463,"GM","SI"
7,10,463,"GM","SI"
11,32,463,"GM","SI"
38,6,463,"GM","SI"
67,12,463,"GM","SI"
32,14,463,"GM","SI"
163,1,463,"GM","SI"
2,6,463,"GM","SI"
12,12,463,"GM","SI"
28,34,463,"GM","SI"
82,1,463,"GM","SI"
32,14,463,"GM","SI"
41,1,463,"GM","SI"
13,4,463,"GM","SI"
49,7,463,"GM","SI"
75,5,463,"GM","SI"
19,10,463,"GM","SI"
20,6,463,"GM","SI"
45,8,463,"GM","SI"
44,32,463,"GM","SI"
30,2,463,"GM","SI"
61,36,463,"GM","SI"
33,13,463,"GM","SI"
44,32,463,"GM","SI"
80,7,463,"GM","SI"
76,7,463,"GM","SI"
11,32,463,"GM","SI"
23,6,463,"GM","SI"
71,4,463,"GM","SI"
72,7,463,"GM","SI"
26,69,463,"GM","SI"
16,5,463,"GM","SI"
38,6,463,"GM","SI"
76,7,463,"GM","SI"
80,7,464,"GM","SI"
54,12,464,"GM","SI"
27,3,464,"GM","SI"
30,2,464,"GM","SI"
45,8,464,"GM","SI"
49,7,464,"GM","SI"
48,8,464,"GM","SI"
13,4,464,"GM","SI"
33,13,464,"GM","SI"
72,7,464,"GM","SI"
10,7,464,"GM","SI"
20,6,464,"GM","SI"
7,10,464,"GM","SI"
38,6,464,"GM","SI"
64,15,464,"GM","SI"
12,12,464,"GM","SI"
76,7,464,"GM","SI"
13,4,464,"GM","SI"
86,2,464,"GM","SI"
91,7,464,"GM","SI"
44,32,464,"GM","SI"
4,8,464,"GM","SI"
530,2,464,"GM","SI"
2,6,464,"GM","SI"
36,5,464,"GM","SI"
78,13,464,"GM","SI"
19,10,464,"GM","SI"
33,13,464,"GM","SI"
82,1,464,"GM","SI"
78,13,464,"GM","SI"
57,8,464,"GM","SI"
64,15,464,"GM","SI"
67,12,464,"GM","SI"
71,4,464,"GM","SI"
41,1,464,"GM","SI"
545,1,464,"GM","SI"
163,1,464,"GM","SI"
12,12,464,"GM","SI"
26,69,465,"GM","SI"
75,5,465,"GM","SI"
4,8,465,"GM","SI"
67,12,465,"GM","SI"
62,7,465,"GM","SI"
51,2,465,"GM","SI"
3,3,465,"GM","SI"
63,6,465,"GM","SI"
45,8,465,"GM","SI"
59,5,465,"GM","SI"
30,2,465,"GM","SI"
10,7,465,"GM","SI"
16,5,465,"GM","SI"
254,1,465,"GM","SI"
11,32,465,"GM","SI"
33,13,465,"GM","SI"
530,2,465,"GM","SI"
27,3,465,"GM","SI"
71,4,465,"GM","SI"
77,20,465,"GM","SI"
25,15,465,"GM","SI"
19,10,465,"GM","SI"
7,10,465,"GM","SI"
11,32,465,"GM","SI"
5,7,465,"GM","SI"
91,7,465,"GM","SI"
36,5,465,"GM","SI"
49,7,465,"GM","SI"
64,15,465,"GM","SI"
61,36,465,"GM","SI"
13,4,465,"GM","SI"
67,12,465,"GM","SI"
28,34,465,"GM","SI"
72,7,465,"GM","SI"
19,10,465,"GM","SI"
548,1,465,"GM","SI"
2,6,465,"GM","SI"
26,69,465,"GM","SI"
32,14,466,"GM","SI"
11,32,466,"GM","SI"
5,7,466,"GM","SI"
41,1,466,"GM","SI"
13,4,466,"GM","SI"
75,5,466,"GM","SI"
4,8,466,"GM","SI"
23,6,466,"GM","SI"
25,15,466,"GM","SI"
545,1,466,"GM","SI"
77,20,466,"GM","SI"
54,12,466,"GM","SI"
26,69,466,"GM","SI"
5,7,466,"GM","SI"
27,3,466,"GM","SI"
11,32,466,"GM","SI"
63,6,466,"GM","SI"
45,8,466,"GM","SI"
72,7,466,"GM","SI"
33,13,466,"GM","SI"
78,13,466,"GM","SI"
80,7,466,"GM","SI"
57,8,466,"GM","SI"
10,7,466,"GM","SI"
548,1,466,"GM","SI"
32,14,466,"GM","SI"
14,29,466,"GM","SI"
64,15,466,"GM","SI"
44,32,466,"GM","SI"
82,1,466,"GM","SI"
38,6,466,"GM","SI"
17,6,466,"GM","SI"
33,13,466,"GM","SI"
19,10,466,"GM","SI"
77,20,466,"GM","SI"
44,32,466,"GM","SI"
76,7,466,"GM","SI"
16,5,466,"GM","SI"
32,14,467,"GM","SI"
23,6,467,"GM","SI"
7,10,467,"GM","SI"
61,36,467,"GM","SI"
49,7,467,"GM","SI"
86,2,467,"GM","SI"
44,32,467,"GM","SI"
76,7,467,"GM","SI"
26,69,467,"GM","SI"
26,69,467,"GM","SI"
78,13,467,"GM","SI"
16,5,467,"GM","SI"
14,29,467,"GM","SI"
33,13,467,"GM","SI"
5,7,467,"GM","SI"
64,15,467,"GM","SI"
545,1,467,"GM","SI"
12,12,467,"GM","SI"
77,20,467,"GM","SI"
28,34,467,"GM","SI"
30,2,467,"GM","SI"
167,1,467,"GM","SI"
44,32,467,"GM","SI"
45,8,467,"GM","SI"
549,1,467,"GM","SI"
548,1,467,"GM","SI"
33,13,467,"GM","SI"
20,6,467,"GM","SI"
54,12,467,"GM","SI"
67,12,467,"GM","SI"
13,4,467,"GM","SI"
45,8,467,"GM","SI"
77,20,467,"GM","SI"
57,8,467,"GM","SI"
163,1,467,"GM","SI"
51,2,467,"GM","SI"
19,10,467,"GM","SI"
82,1,467,"GM","SI"
163,1,468,"GM","SI"
41,1,468,"GM","SI"
530,2,468,"GM","SI"
26,69,468,"GM","SI"
82,1,468,"GM","SI"
36,5,468,"GM","SI"
78,13,468,"GM","SI"
77,20,468,"GM","SI"
14,29,468,"GM","SI"
61,36,468,"GM","SI"
33,13,468,"GM","SI"
7,10,468,"GM","SI"
25,15,468,"GM","SI"
4,8,468,"GM","SI"
64,15,468,"GM","SI"
17,6,468,"GM","SI"
76,7,468,"GM","SI"
7,10,468,"GM","SI"
64,15,468,"GM","SI"
5,7,468,"GM","SI"
58,5,468,"GM","SI"
45,8,468,"GM","SI"
33,13,468,"GM","SI"
80,7,468,"GM","SI"
44,32,468,"GM","SI"
67,12,468,"GM","SI"
54,12,468,"GM","SI"
38,6,468,"GM","SI"
548,1,468,"GM","SI"
12,12,468,"GM","SI"
11,32,468,"GM","SI"
59,5,468,"GM","SI"
86,2,468,"GM","SI"
80,7,468,"GM","SI"
17,6,468,"GM","SI"
47,9,468,"GM","SI"
67,12,468,"GM","SI"
78,13,468,"GM","SI"
57,8,469,"GM","SI"
545,1,469,"GM","SI"
64,15,469,"GM","SI"
48,8,469,"GM","SI"
80,7,469,"GM","SI"
17,6,469,"GM","SI"
28,34,469,"GM","SI"
82,1,469,"GM","SI"
14,29,469,"GM","SI"
72,7,469,"GM","SI"
75,5,469,"GM","SI"
167,1,469,"GM","SI"
11,32,469,"GM","SI"
530,2,469,"GM","SI"
17,6,469,"GM","SI"
63,6,469,"GM","SI"
71,4,469,"GM","SI"
44,32,469,"GM","SI"
2,6,469,"GM","SI"
62,7,469,"GM","SI"
61,36,469,"GM","SI"
254,1,469,"GM","SI"
13,4,469,"GM","SI"
49,7,469,"GM","SI"
58,5,469,"GM","SI"
77,20,469,"GM","SI"
12,12,469,"GM","SI"
11,32,469,"GM","SI"
80,7,469,"GM","SI"
16,5,469,"GM","SI"
10,7,469,"GM","SI"
7,10,469,"GM","SI"
38,6,469,"GM","SI"
45,8,469,"GM","SI"
36,5,469,"GM","SI"
33,13,469,"GM","SI"
78,13,469,"GM","SI"
30,2,469,"GM","SI"
25,15,470,"GM","SI"
26,69,470,"GM","SI"
77,20,470,"GM","SI"
20,6,470,"GM","SI"
67,12,470,"GM","SI"
41,1,470,"GM","SI"
77,20,470,"GM","SI"
3,3,470,"GM","SI"
14,29,470,"GM","SI"
11,32,470,"GM","SI"
7,10,470,"GM","SI"
58,5,470,"GM","SI"
5,7,470,"GM","SI"
11,32,470,"GM","SI"
10,7,470,"GM","SI"
7,10,470,"GM","SI"
38,6,470,"GM","SI"
167,1,470,"GM","SI"
32,14,470,"GM","SI"
23,6,470,"GM","SI"
44,32,470,"GM","SI"
254,1,470,"GM","SI"
27,3,470,"GM","SI"
45,8,470,"GM","SI"
54,12,470,"GM","SI"
75,5,470,"GM","SI"
44,32,470,"GM","SI"
4,8,470,"GM","SI"
76,7,470,"GM","SI"
12,12,470,"GM","SI"
26,69,470,"GM","SI"
62,7,470,"GM","SI"
16,5,470,"GM","SI"
49,7,470,"GM","SI"
17,6,470,"GM","SI"
33,13,470,"GM","SI"
45,8,470,"GM","SI"
76,7,470,"GM","SI"
57,8,471,"GM","SI"
78,13,471,"GM","SI"
548,1,471,"GM","SI"
167,1,471,"GM","SI"
62,7,471,"GM","SI"
12,12,471,"GM","SI"
17,6,471,"GM","SI"
77,20,471,"GM","SI"
64,15,471,"GM","SI"
5,7,471,"GM","SI"
32,14,471,"GM","SI"
45,8,471,"GM","SI"
28,34,471,"GM","SI"
77,20,471,"GM","SI"
28,34,471,"GM","SI"
82,1,471,"GM","SI"
12,12,471,"GM","SI"
49,7,471,"GM","SI"
33,13,471,"GM","SI"
75,5,471,"GM","SI"
80,7,471,"GM","SI"
3,3,471,"GM","SI"
48,8,471,"GM","SI"
13,4,471,"GM","SI"
33,13,471,"GM","SI"
80,7,471,"GM","SI"
11,32,471,"GM","SI"
17,6,471,"GM","SI"
14,29,471,"GM","SI"
25,15,471,"GM","SI"
48,8,471,"GM","SI"
163,1,471,"GM","SI"
64,15,471,"GM","SI"
254,1,471,"GM","SI"
23,6,471,"GM","SI"
54,12,471,"GM","SI"
91,7,471,"GM","SI"
27,3,471,"GM","SI"
163,1,472,"GM","SI"
36,5,472,"GM","SI"
33,13,472,"GM","SI"
254,1,472,"GM","SI"
19,10,472,"GM","SI"
7,10,472,"GM","SI"
28,34,472,"GM","SI"
45,8,472,"GM","SI"
45,8,472,"GM","SI"
78,13,472,"GM","SI"
26,69,472,"GM","SI"
75,5,472,"GM","SI"
26,69,472,"GM","SI"
41,1,472,"GM","SI"
80,7,472,"GM","SI"
27,3,472,"GM","SI"
51,2,472,"GM","SI"
76,7,472,"GM","SI"
14,29,472,"GM","SI"
64,15,472,"GM","SI"
44,32,472,"GM","SI"
76,7,472,"GM","SI"
91,7,472,"GM","SI"
77,20,472,"GM","SI"
59,5,472,"GM","SI"
12,12,472,"GM","SI"
49,7,472,"GM","SI"
63,6,472,"GM","SI"
530,2,472,"GM","SI"
57,8,472,"GM","SI"
13,4,472,"GM","SI"
23,6,472,"GM","SI"
62,7,472,"GM","SI"
14,29,472,"GM","SI"
548,1,472,"GM","SI"
10,7,472,"GM","SI"
5,7,472,"GM","SI"
30,2,472,"GM","SI"
14,29,473,"GM","SI"
26,69,473,"GM","SI"
48,8,473,"GM","SI"
11,32,473,"GM","SI"
59,5,473,"GM","SI"
38,6,473,"GM","SI"
49,7,473,"GM","SI"
3,3,473,"GM","SI"
20,6,473,"GM","SI"
10,7,473,"GM","SI"
17,6,473,"GM","SI"
32,14,473,"GM","SI"
41,1,473,"GM","SI"
7,10,473,"GM","SI"
63,6,473,"GM","SI"
72,7,473,"GM","SI"
57,8,473,"GM","SI"
12,12,473,"GM","SI"
2,6,473,"GM","SI"
13,4,473,"GM","SI"
530,2,473,"GM","SI"
5,7,473,"GM","SI"
19,10,473,"GM","SI"
77,20,473,"GM","SI"
80,7,473,"GM","SI"
47,9,473,"GM","SI"
76,7,473,"GM","SI"
51,2,473,"GM","SI"
86,2,473,"GM","SI"
45,8,473,"GM","SI"
76,7,473,"GM","SI"
64,15,473,"GM","SI"
27,3,473,"GM","SI"
64,15,473,"GM","SI"
254,1,473,"GM","SI"
54,12,473,"GM","SI"
11,32,473,"GM","SI"
80,7,473,"GM","SI"
44,32,474,"GM","SI"
2,6,474,"GM","SI"
80,7,474,"GM","SI"
51,2,474,"GM","SI"
49,7,474,"GM","SI"
33,13,474,"GM","SI"
78,13,474,"GM","SI"
54,12,474,"GM","SI"
32,14,474,"GM","SI"
80,7,474,"GM","SI"
12,12,474,"GM","SI"
548,1,474,"GM","SI"
12,12,474,"GM","SI"
33,13,474,"GM","SI"
62,7,474,"GM","SI"
59,5,474,"GM","SI"
26,69,474,"GM","SI"
11,32,474,"GM","SI"
17,6,474,"GM","SI"
25,15,474,"GM","SI"
91,7,474,"GM","SI"
28,34,474,"GM","SI"
14,29,474,"GM","SI"
82,1,474,"GM","SI"
63,6,474,"GM","SI"
47,9,474,"GM","SI"
5,7,474,"GM","SI"
26,69,474,"GM","SI"
27,3,474,"GM","SI"
32,14,474,"GM","SI"
14,29,474,"GM","SI"
5,7,474,"GM","SI"
163,1,474,"GM","SI"
17,6,474,"GM","SI"
3,3,474,"GM","SI"
45,8,474,"GM","SI"
64,15,474,"GM","SI"
48,8,474,"GM","SI"
7,10,475,"GM","SI"
548,1,475,"GM","SI"
77,20,475,"GM","SI"
36,5,475,"GM","SI"
23,6,475,"GM","SI"
44,32,475,"GM","SI"
11,32,475,"GM","SI"
80,7,475,"GM","SI"
63,6,475,"GM","SI"
19,10,475,"GM","SI"
67,12,475,"GM","SI"
57,8,475,"GM","SI"
19,10,475,"GM","SI"
254,1,475,"GM","SI"
64,15,475,"GM","SI"
28,34,475,"GM","SI"
44,32,475,"GM","SI"
163,1,475,"GM","SI"
26,69,475,"GM","SI"
76,7,475,"GM","SI"
5,7,475,"GM","SI"
77,20,475,"GM","SI"
91,7,475,"GM","SI"
20,6,475,"GM","SI"
78,13,475,"GM","SI"
86,2,475,"GM","SI"
49,7,475,"GM","SI"
13,4,475,"GM","SI"
48,8,475,"GM","SI"
47,9,475,"GM","SI"
16,5,475,"GM","SI"
32,14,475,"GM","SI"
26,69,475,"GM","SI"
48,8,475,"GM","SI"
61,36,475,"GM","SI"
12,12,475,"GM","SI"
58,5,475,"GM","SI"
530,2,475,"GM","SI"
33,13,476,"GM","SI"
80,7,476,"GM","SI"
51,2,476,"GM","SI"
12,12,476,"GM","SI"
10,7,476,"GM","SI"
64,15,476,"GM","SI"
86,2,476,"GM","SI"
17,6,476,"GM","SI"
26,69,476,"GM","SI"
80,7,476,"GM","SI"
54,12,476,"GM","SI"
11,32,476,"GM","SI"
14,29,476,"GM","SI"
27,3,476,"GM","SI"
163,1,476,"GM","SI"
77,20,476,"GM","SI"
28,34,476,"GM","SI"
67,12,476,"GM","SI"
61,36,476,"GM","SI"
7,10,476,"GM","SI"
11,32,476,"GM","SI"
254,1,476,"GM","SI"
13,4,476,"GM","SI"
548,1,476,"GM","SI"
49,7,476,"GM","SI"
12,12,476,"GM","SI"
20,6,476,"GM","SI"
19,10,476,"GM","SI"
45,8,476,"GM","SI"
13,4,476,"GM","SI"
71,4,476,"GM","SI"
58,5,476,"GM","SI"
167,1,476,"GM","SI"
78,13,476,"GM","SI"
38,6,476,"GM","SI"
59,5,476,"GM","SI"
32,14,476,"GM","SI"
26,69,476,"GM","SI"
163,1,477,"GM","SI"
12,12,477,"GM","SI"
51,2,477,"GM","SI"
80,7,477,"GM","SI"
14,29,477,"GM","SI"
33,13,477,"GM","SI"
11,32,477,"GM","SI"
76,7,477,"GM","SI"
48,8,477,"GM","SI"
63,6,477,"GM","SI"
67,12,477,"GM","SI"
23,6,477,"GM","SI"
28,34,477,"GM","SI"
13,4,477,"GM","SI"
64,15,477,"GM","SI"
77,20,477,"GM","SI"
54,12,477,"GM","SI"
4,8,477,"GM","SI"
80,7,477,"GM","SI"
78,13,477,"GM","SI"
58,5,477,"GM","SI"
45,8,477,"GM","SI"
19,10,477,"GM","SI"
78,13,477,"GM","SI"
3,3,477,"GM","SI"
45,8,477,"GM","SI"
62,7,477,"GM","SI"
47,9,477,"GM","SI"
27,3,477,"GM","SI"
12,12,477,"GM","SI"
254,1,477,"GM","SI"
86,2,477,"GM","SI"
57,8,477,"GM","SI"
14,29,477,"GM","SI"
10,7,477,"GM","SI"
30,2,477,"GM","SI"
49,7,477,"GM","SI"
32,14,477,"GM","SI"
48,8,478,"GM","SI"
167,1,478,"GM","SI"
45,8,478,"GM","SI"
51,2,478,"GM","SI"
80,7,478,"GM","SI"
7,10,478,"GM","SI"
549,1,478,"GM","SI"
30,2,478,"GM","SI"
62,7,478,"GM","SI"
14,29,478,"GM","SI"
16,5,478,"GM","SI"
76,7,478,"GM","SI"
86,2,478,"GM","SI"
82,1,478,"GM","SI"
78,13,478,"GM","SI"
26,69,478,"GM","SI"
59,5,478,"GM","SI"
77,20,478,"GM","SI"
44,32,478,"GM","SI"
91,7,478,"GM","SI"
38,6,478,"GM","SI"
12,12,478,"GM","SI"
11,32,478,"GM","SI"
12,12,478,"GM","SI"
17,6,478,"GM","SI"
49,7,478,"GM","SI"
11,32,478,"GM","SI"
64,15,478,"GM","SI"
58,5,478,"GM","SI"
27,3,478,"GM","SI"
254,1,478,"GM","SI"
163,1,478,"GM","SI"
33,13,478,"GM","SI"
10,7,478,"GM","SI"
4,8,478,"GM","SI"
41,1,478,"GM","SI"
19,10,478,"GM","SI"
75,5,478,"GM","SI"
75,5,479,"GM","SI"
23,6,479,"GM","SI"
27,3,479,"GM","SI"
47,9,479,"GM","SI"
11,32,479,"GM","SI"
33,13,479,"GM","SI"
64,15,479,"GM","SI"
5,7,479,"GM","SI"
548,1,479,"GM","SI"
25,15,479,"GM","SI"
54,12,479,"GM","SI"
2,6,479,"GM","SI"
28,34,479,"GM","SI"
48,8,479,"GM","SI"
12,12,479,"GM","SI"
26,69,479,"GM","SI"
38,6,479,"GM","SI"
64,15,479,"GM","SI"
72,7,479,"GM","SI"
59,5,479,"GM","SI"
19,10,479,"GM","SI"
67,12,479,"GM","SI"
62,7,479,"GM","SI"
19,10,479,"GM","SI"
78,13,479,"GM","SI"
28,34,479,"GM","SI"
5,7,479,"GM","SI"
80,7,479,"GM","SI"
11,32,479,"GM","SI"
48,8,479,"GM","SI"
63,6,479,"GM","SI"
38,6,479,"GM","SI"
14,29,479,"GM","SI"
33,13,479,"GM","SI"
58,5,479,"GM","SI"
41,1,479,"GM","SI"
16,5,479,"GM","SI"
549,1,479,"GM","SI"
530,2,480,"GM","SI"
26,69,480,"GM","SI"
67,12,480,"GM","SI"
26,69,480,"GM","SI"
16,5,480,"GM","SI"
80,7,480,"GM","SI"
4,8,480,"GM","SI"
49,7,480,"GM","SI"
76,7,480,"GM","SI"
11,32,480,"GM","SI"
59,5,480,"GM","SI"
17,6,480,"GM","SI"
13,4,480,"GM","SI"
77,20,480,"GM","SI"
86,2,480,"GM","SI"
33,13,480,"GM","SI"
545,1,480,"GM","SI"
7,10,480,"GM","SI"
548,1,480,"GM","SI"
19,10,480,"GM","SI"
67,12,480,"GM","SI"
64,15,480,"GM","SI"
549,1,480,"GM","SI"
23,6,480,"GM","SI"
44,32,480,"GM","SI"
61,36,480,"GM","SI"
17,6,480,"GM","SI"
10,7,480,"GM","SI"
36,5,480,"GM","SI"
3,3,480,"GM","SI"
30,2,480,"GM","SI"
54,12,480,"GM","SI"
57,8,480,"GM","SI"
48,8,480,"GM","SI"
58,5,480,"GM","SI"
77,20,480,"GM","SI"
28,34,480,"GM","SI"
45,8,480,"GM","SI"
13,4,481,"GM","SI"
54,12,481,"GM","SI"
77,20,481,"GM","SI"
38,6,481,"GM","SI"
23,6,481,"GM","SI"
7,10,481,"GM","SI"
48,8,481,"GM","SI"
163,1,481,"GM","SI"
20,6,481,"GM","SI"
19,10,481,"GM","SI"
33,13,481,"GM","SI"
82,1,481,"GM","SI"
12,12,481,"GM","SI"
45,8,481,"GM","SI"
13,4,481,"GM","SI"
91,7,481,"GM","SI"
254,1,481,"GM","SI"
25,15,481,"GM","SI"
59,5,481,"GM","SI"
27,3,481,"GM","SI"
30,2,481,"GM","SI"
14,29,481,"GM","SI"
76,7,481,"GM","SI"
2,6,481,"GM","SI"
11,32,481,"GM","SI"
36,5,481,"GM","SI"
75,5,481,"GM","SI"
44,32,481,"GM","SI"
26,69,481,"GM","SI"
19,10,481,"GM","SI"
49,7,481,"GM","SI"
10,7,481,"GM","SI"
14,29,481,"GM","SI"
64,15,481,"GM","SI"
58,5,481,"GM","SI"
63,6,481,"GM","SI"
17,6,481,"GM","SI"
545,1,481,"GM","SI"
57,8,482,"GM","SI"
33,13,482,"GM","SI"
32,14,482,"GM","SI"
254,1,482,"GM","SI"
48,8,482,"GM","SI"
58,5,482,"GM","SI"
82,1,482,"GM","SI"
78,13,482,"GM","SI"
38,6,482,"GM","SI"
62,7,482,"GM","SI"
77,20,482,"GM","SI"
19,10,482,"GM","SI"
13,4,482,"GM","SI"
12,12,482,"GM","SI"
17,6,482,"GM","SI"
76,7,482,"GM","SI"
545,1,482,"GM","SI"
61,36,482,"GM","SI"
71,4,482,"GM","SI"
16,5,482,"GM","SI"
13,4,482,"GM","SI"
45,8,482,"GM","SI"
19,10,482,"GM","SI"
49,7,482,"GM","SI"
48,8,482,"GM","SI"
59,5,482,"GM","SI"
45,8,482,"GM","SI"
67,12,482,"GM","SI"
23,6,482,"GM","SI"
41,1,482,"GM","SI"
12,12,482,"GM","SI"
54,12,482,"GM","SI"
32,14,482,"GM","SI"
548,1,482,"GM","SI"
67,12,482,"GM","SI"
3,3,482,"GM","SI"
167,1,482,"GM","SI"
38,6,482,"GM","SI"
7,10,483,"GM","SI"
545,1,483,"GM","SI"
63,6,483,"GM","SI"
13,4,483,"GM","SI"
44,32,483,"GM","SI"
28,34,483,"GM","SI"
5,7,483,"GM","SI"
41,1,483,"GM","SI"
77,20,483,"GM","SI"
163,1,483,"GM","SI"
11,32,483,"GM","SI"
47,9,483,"GM","SI"
10,7,483,"GM","SI"
57,8,483,"GM","SI"
16,5,483,"GM","SI"
12,12,483,"GM","SI"
32,14,483,"GM","SI"
80,7,483,"GM","SI"
59,5,483,"GM","SI"
91,7,483,"GM","SI"
77,20,483,"GM","SI"
25,15,483,"GM","SI"
76,7,483,"GM","SI"
167,1,483,"GM","SI"
64,15,483,"GM","SI"
54,12,483,"GM","SI"
19,10,483,"GM","SI"
30,2,483,"GM","SI"
530,2,483,"GM","SI"
20,6,483,"GM","SI"
27,3,483,"GM","SI"
49,7,483,"GM","SI"
14,29,483,"GM","SI"
17,6,483,"GM","SI"
61,36,483,"GM","SI"
78,13,483,"GM","SI"
38,6,483,"GM","SI"
28,34,483,"GM","SI"
67,12,484,"GM","SI"
32,14,484,"GM","SI"
47,9,484,"GM","SI"
26,69,484,"GM","SI"
13,4,484,"GM","SI"
62,7,484,"GM","SI"
548,1,484,"GM","SI"
77,20,484,"GM","SI"
64,15,484,"GM","SI"
14,29,484,"GM","SI"
63,6,484,"GM","SI"
49,7,484,"GM","SI"
51,2,484,"GM","SI"
10,7,484,"GM","SI"
64,15,484,"GM","SI"
33,13,484,"GM","SI"
17,6,484,"GM","SI"
78,13,484,"GM","SI"
26,69,484,"GM","SI"
75,5,484,"GM","SI"
19,10,484,"GM","SI"
28,34,484,"GM","SI"
545,1,484,"GM","SI"
530,2,484,"GM","SI"
19,10,484,"GM","SI"
27,3,484,"GM","SI"
254,1,484,"GM","SI"
71,4,484,"GM","SI"
23,6,484,"GM","SI"
59,5,484,"GM","SI"
67,12,484,"GM","SI"
25,15,484,"GM","SI"
20,6,484,"GM","SI"
80,7,484,"GM","SI"
38,6,484,"GM","SI"
80,7,484,"GM","SI"
32,14,484,"GM","SI"
48,8,484,"GM","SI"
20,6,485,"GM","SI"
19,10,485,"GM","SI"
80,7,485,"GM","SI"
17,6,485,"GM","SI"
80,7,485,"GM","SI"
77,20,485,"GM","SI"
59,5,485,"GM","SI"
530,2,485,"GM","SI"
32,14,485,"GM","SI"
13,4,485,"GM","SI"
78,13,485,"GM","SI"
54,12,485,"GM","SI"
57,8,485,"GM","SI"
10,7,485,"GM","SI"
26,69,485,"GM","SI"
91,7,485,"GM","SI"
23,6,485,"GM","SI"
12,12,485,"GM","SI"
82,1,485,"GM","SI"
13,4,485,"GM","SI"
38,6,485,"GM","SI"
14,29,485,"GM","SI"
41,1,485,"GM","SI"
48,8,485,"GM","SI"
11,32,485,"GM","SI"
36,5,485,"GM","SI"
25,15,485,"GM","SI"
28,34,485,"GM","SI"
47,9,485,"GM","SI"
254,1,485,"GM","SI"
32,14,485,"GM","SI"
71,4,485,"GM","SI"
548,1,485,"GM","SI"
86,2,485,"GM","SI"
4,8,485,"GM","SI"
14,29,485,"GM","SI"
7,10,485,"GM","SI"
28,34,485,"GM","SI"
45,8,486,"GM","SI"
2,6,486,"GM","SI"
548,1,486,"GM","SI"
61,36,486,"GM","SI"
13,4,486,"GM","SI"
80,7,486,"GM","SI"
38,6,486,"GM","SI"
64,15,486,"GM","SI"
530,2,486,"GM","SI"
33,13,486,"GM","SI"
67,12,486,"GM","SI"
82,1,486,"GM","SI"
19,10,486,"GM","SI"
32,14,486,"GM","SI"
14,29,486,"GM","SI"
51,2,486,"GM","SI"
26,69,486,"GM","SI"
44,32,486,"GM","SI"
62,7,486,"GM","SI"
75,5,486,"GM","SI"
19,10,486,"GM","SI"
58,5,486,"GM","SI"
64,15,486,"GM","SI"
77,20,486,"GM","SI"
71,4,486,"GM","SI"
44,32,486,"GM","SI"
30,2,486,"GM","SI"
63,6,486,"GM","SI"
45,8,486,"GM","SI"
28,34,486,"GM","SI"
28,34,486,"GM","SI"
38,6,486,"GM","SI"
12,12,486,"GM","SI"
14,29,486,"GM","SI"
57,8,486,"GM","SI"
78,13,486,"GM","SI"
12,12,486,"GM","SI"
11,32,486,"GM","SI"
7,10,487,"GM","SI"
17,6,487,"GM","SI"
549,1,487,"GM","SI"
19,10,487,"GM","SI"
44,32,487,"GM","SI"
167,1,487,"GM","SI"
4,8,487,"GM","SI"
28,34,487,"GM","SI"
61,36,487,"GM","SI"
30,2,487,"GM","SI"
67,12,487,"GM","SI"
62,7,487,"GM","SI"
82,1,487,"GM","SI"
5,7,487,"GM","SI"
12,12,487,"GM","SI"
38,6,487,"GM","SI"
17,6,487,"GM","SI"
38,6,487,"GM","SI"
23,6,487,"GM","SI"
78,13,487,"GM","SI"
41,1,487,"GM","SI"
47,9,487,"GM","SI"
45,8,487,"GM","SI"
91,7,487,"GM","SI"
80,7,487,"GM","SI"
13,4,487,"GM","SI"
163,1,487,"GM","SI"
7,10,487,"GM","SI"
12,12,487,"GM","SI"
64,15,487,"GM","SI"
548,1,487,"GM","SI"
76,7,487,"GM","SI"
16,5,487,"GM","SI"
10,7,487,"GM","SI"
13,4,487,"GM","SI"
25,15,487,"GM","SI"
20,6,487,"GM","SI"
28,34,487,"GM","SI"
16,5,488,"GM","SI"
71,4,488,"GM","SI"
11,32,488,"GM","SI"
163,1,488,"GM","SI"
30,2,488,"GM","SI"
26,69,488,"GM","SI"
13,4,488,"GM","SI"
32,14,488,"GM","SI"
14,29,488,"GM","SI"
12,12,488,"GM","SI"
48,8,488,"GM","SI"
33,13,488,"GM","SI"
77,20,488,"GM","SI"
76,7,488,"GM","SI"
7,10,488,"GM","SI"
80,7,488,"GM","SI"
80,7,488,"GM","SI"
64,15,488,"GM","SI"
86,2,488,"GM","SI"
5,7,488,"GM","SI"
91,7,488,"GM","SI"
3,3,488,"GM","SI"
5,7,488,"GM","SI"
58,5,488,"GM","SI"
2,6,488,"GM","SI"
17,6,488,"GM","SI"
48,8,488,"GM","SI"
45,8,488,"GM","SI"
38,6,488,"GM","SI"
10,7,488,"GM","SI"
41,1,488,"GM","SI"
78,13,488,"GM","SI"
549,1,488,"GM","SI"
67,12,488,"GM","SI"
44,32,488,"GM","SI"
75,5,488,"GM","SI"
51,2,488,"GM","SI"
548,1,488,"GM","SI"
77,20,489,"GM","SI"
48,8,489,"GM","SI"
58,5,489,"GM","SI"
78,13,489,"GM","SI"
28,34,489,"GM","SI"
11,32,489,"GM","SI"
19,10,489,"GM","SI"
67,12,489,"GM","SI"
76,7,489,"GM","SI"
163,1,489,"GM","SI"
12,12,489,"GM","SI"
14,29,489,"GM","SI"
32,14,489,"GM","SI"
5,7,489,"GM","SI"
80,7,489,"GM","SI"
57,8,489,"GM","SI"
38,6,489,"GM","SI"
549,1,489,"GM","SI"
7,10,489,"GM","SI"
19,10,489,"GM","SI"
75,5,489,"GM","SI"
27,3,489,"GM","SI"
38,6,489,"GM","SI"
45,8,489,"GM","SI"
47,9,489,"GM","SI"
12,12,489,"GM","SI"
78,13,489,"GM","SI"
26,69,489,"GM","SI"
167,1,489,"GM","SI"
61,36,489,"GM","SI"
26,69,489,"GM","SI"
71,4,489,"GM","SI"
33,13,489,"GM","SI"
23,6,489,"GM","SI"
44,32,489,"GM","SI"
2,6,489,"GM","SI"
59,5,489,"GM","SI"
49,7,489,"GM","SI"
48,8,490,"GM","SI"
45,8,490,"GM","SI"
4,8,490,"GM","SI"
530,2,490,"GM","SI"
12,12,490,"GM","SI"
64,15,490,"GM","SI"
17,6,490,"GM","SI"
28,34,490,"GM","SI"
30,2,490,"GM","SI"
64,15,490,"GM","SI"
163,1,490,"GM","SI"
71,4,490,"GM","SI"
27,3,490,"GM","SI"
76,7,490,"GM","SI"
7,10,490,"GM","SI"
26,69,490,"GM","SI"
38,6,490,"GM","SI"
49,7,490,"GM","SI"
91,7,490,"GM","SI"
11,32,490,"GM","SI"
41,1,490,"GM","SI"
11,32,490,"GM","SI"
549,1,490,"GM","SI"
36,5,490,"GM","SI"
38,6,490,"GM","SI"
47,9,490,"GM","SI"
61,36,490,"GM","SI"
13,4,490,"GM","SI"
63,6,490,"GM","SI"
28,34,490,"GM","SI"
14,29,490,"GM","SI"
77,20,490,"GM","SI"
86,2,490,"GM","SI"
54,12,490,"GM","SI"
82,1,490,"GM","SI"
80,7,490,"GM","SI"
19,10,490,"GM","SI"
16,5,490,"GM","SI"
63,6,491,"GM","SI"
72,7,491,"GM","SI"
167,1,491,"GM","SI"
17,6,491,"GM","SI"
32,14,491,"GM","SI"
57,8,491,"GM","SI"
58,5,491,"GM","SI"
17,6,491,"GM","SI"
28,34,491,"GM","SI"
549,1,491,"GM","SI"
545,1,491,"GM","SI"
80,7,491,"GM","SI"
5,7,491,"GM","SI"
44,32,491,"GM","SI"
530,2,491,"GM","SI"
23,6,491,"GM","SI"
48,8,491,"GM","SI"
77,20,491,"GM","SI"
4,8,491,"GM","SI"
71,4,491,"GM","SI"
44,32,491,"GM","SI"
30,2,491,"GM","SI"
33,13,491,"GM","SI"
7,10,491,"GM","SI"
26,69,491,"GM","SI"
10,7,491,"GM","SI"
163,1,491,"GM","SI"
28,34,491,"GM","SI"
3,3,491,"GM","SI"
64,15,491,"GM","SI"
5,7,491,"GM","SI"
36,5,491,"GM","SI"
78,13,491,"GM","SI"
47,9,491,"GM","SI"
2,6,491,"GM","SI"
41,1,491,"GM","SI"
11,32,491,"GM","SI"
38,6,491,"GM","SI"
17,6,492,"GM","SI"
76,7,492,"GM","SI"
41,1,492,"GM","SI"
63,6,492,"GM","SI"
10,7,492,"GM","SI"
57,8,492,"GM","SI"
78,13,492,"GM","SI"
78,13,492,"GM","SI"
11,32,492,"GM","SI"
38,6,492,"GM","SI"
77,20,492,"GM","SI"
5,7,492,"GM","SI"
38,6,492,"GM","SI"
11,32,492,"GM","SI"
91,7,492,"GM","SI"
167,1,492,"GM","SI"
530,2,492,"GM","SI"
4,8,492,"GM","SI"
32,14,492,"GM","SI"
61,36,492,"GM","SI"
26,69,492,"GM","SI"
7,10,492,"GM","SI"
36,5,492,"GM","SI"
71,4,492,"GM","SI"
5,7,492,"GM","SI"
48,8,492,"GM","SI"
16,5,492,"GM","SI"
67,12,492,"GM","SI"
20,6,492,"GM","SI"
548,1,492,"GM","SI"
7,10,492,"GM","SI"
163,1,492,"GM","SI"
32,14,492,"GM","SI"
76,7,492,"GM","SI"
14,29,492,"GM","SI"
48,8,492,"GM","SI"
80,7,492,"GM","SI"
12,12,492,"GM","SI"
545,1,493,"GM","SI"
23,6,493,"GM","SI"
530,2,493,"GM","SI"
64,15,493,"GM","SI"
57,8,493,"GM","SI"
4,8,493,"GM","SI"
44,32,493,"GM","SI"
3,3,493,"GM","SI"
54,12,493,"GM","SI"
19,10,493,"GM","SI"
19,10,493,"GM","SI"
67,12,493,"GM","SI"
71,4,493,"GM","SI"
13,4,493,"GM","SI"
549,1,493,"GM","SI"
77,20,493,"GM","SI"
2,6,493,"GM","SI"
26,69,493,"GM","SI"
33,13,493,"GM","SI"
36,5,493,"GM","SI"
27,3,493,"GM","SI"
63,6,493,"GM","SI"
167,1,493,"GM","SI"
62,7,493,"GM","SI"
20,6,493,"GM","SI"
61,36,493,"GM","SI"
5,7,493,"GM","SI"
78,13,493,"GM","SI"
17,6,493,"GM","SI"
76,7,493,"GM","SI"
11,32,493,"GM","SI"
75,5,493,"GM","SI"
86,2,493,"GM","SI"
7,10,493,"GM","SI"
76,7,493,"GM","SI"
14,29,493,"GM","SI"
28,34,493,"GM","SI"
67,12,493,"GM","SI"
26,69,494,"GM","SI"
49,7,494,"GM","SI"
48,8,494,"GM","SI"
27,3,494,"GM","SI"
82,1,494,"GM","SI"
33,13,494,"GM","SI"
3,3,494,"GM","SI"
25,15,494,"GM","SI"
59,5,494,"GM","SI"
45,8,494,"GM","SI"
30,2,494,"GM","SI"
12,12,494,"GM","SI"
163,1,494,"GM","SI"
75,5,494,"GM","SI"
14,29,494,"GM","SI"
54,12,494,"GM","SI"
4,8,494,"GM","SI"
545,1,494,"GM","SI"
78,13,494,"GM","SI"
13,4,494,"GM","SI"
20,6,494,"GM","SI"
76,7,494,"GM","SI"
7,10,494,"GM","SI"
19,10,494,"GM","SI"
64,15,494,"GM","SI"
80,7,494,"GM","SI"
548,1,494,"GM","SI"
11,32,494,"GM","SI"
254,1,494,"GM","SI"
17,6,494,"GM","SI"
63,6,494,"GM","SI"
77,20,494,"GM","SI"
64,15,494,"GM","SI"
38,6,494,"GM","SI"
32,14,494,"GM","SI"
44,32,494,"GM","SI"
36,5,494,"GM","SI"
61,36,494,"GM","SI"
2,6,495,"GM","SI"
28,34,495,"GM","SI"
17,6,495,"GM","SI"
20,6,495,"GM","SI"
47,9,495,"GM","SI"
25,15,495,"GM","SI"
61,36,495,"GM","SI"
45,8,495,"GM","SI"
7,10,495,"GM","SI"
64,15,495,"GM","SI"
62,7,495,"GM","SI"
10,7,495,"GM","SI"
12,12,495,"GM","SI"
91,7,495,"GM","SI"
48,8,495,"GM","SI"
32,14,495,"GM","SI"
7,10,495,"GM","SI"
5,7,495,"GM","SI"
80,7,495,"GM","SI"
5,7,495,"GM","SI"
27,3,495,"GM","SI"
167,1,495,"GM","SI"
12,12,495,"GM","SI"
26,69,495,"GM","SI"
44,32,495,"GM","SI"
48,8,495,"GM","SI"
19,10,495,"GM","SI"
36,5,495,"GM","SI"
72,7,495,"GM","SI"
26,69,495,"GM","SI"
76,7,495,"GM","SI"
57,8,495,"GM","SI"
45,8,495,"GM","SI"
28,34,495,"GM","SI"
41,1,495,"GM","SI"
59,5,495,"GM","SI"
44,32,495,"GM","SI"
86,2,495,"GM","SI"
20,6,496,"GM","SI"
167,1,496,"GM","SI"
548,1,496,"GM","SI"
3,3,496,"GM","SI"
30,2,496,"GM","SI"
77,20,496,"GM","SI"
33,13,496,"GM","SI"
17,6,496,"GM","SI"
76,7,496,"GM","SI"
45,8,496,"GM","SI"
163,1,496,"GM","SI"
76,7,496,"GM","SI"
78,13,496,"GM","SI"
44,32,496,"GM","SI"
45,8,496,"GM","SI"
19,10,496,"GM","SI"
58,5,496,"GM","SI"
47,9,496,"GM","SI"
23,6,496,"GM","SI"
77,20,496,"GM","SI"
33,13,496,"GM","SI"
67,12,496,"GM","SI"
14,29,496,"GM","SI"
25,15,496,"GM","SI"
80,7,496,"GM","SI"
91,7,496,"GM","SI"
14,29,496,"GM","SI"
82,1,496,"GM","SI"
80,7,496,"GM","SI"
28,34,496,"GM","SI"
16,5,496,"GM","SI"
72,7,496,"GM","SI"
545,1,496,"GM","SI"
254,1,496,"GM","SI"
12,12,496,"GM","SI"
78,13,496,"GM","SI"
86,2,496,"GM","SI"
64,15,496,"GM","SI"
16,5,497,"GM","SI"
17,6,497,"GM","SI"
38,6,497,"GM","SI"
5,7,497,"GM","SI"
13,4,497,"GM","SI"
12,12,497,"GM","SI"
76,7,497,"GM","SI"
41,1,497,"GM","SI"
54,12,497,"GM","SI"
61,36,497,"GM","SI"
17,6,497,"GM","SI"
548,1,497,"GM","SI"
59,5,497,"GM","SI"
45,8,497,"GM","SI"
78,13,497,"GM","SI"
4,8,497,"GM","SI"
67,12,497,"GM","SI"
45,8,497,"GM","SI"
32,14,497,"GM","SI"
549,1,497,"GM","SI"
71,4,497,"GM","SI"
26,69,497,"GM","SI"
12,12,497,"GM","SI"
19,10,497,"GM","SI"
20,6,497,"GM","SI"
44,32,497,"GM","SI"
163,1,497,"GM","SI"
80,7,497,"GM","SI"
530,2,497,"GM","SI"
545,1,497,"GM","SI"
28,34,497,"GM","SI"
30,2,497,"GM","SI"
25,15,497,"GM","SI"
36,5,497,"GM","SI"
26,69,497,"GM","SI"
38,6,497,"GM","SI"
2,6,497,"GM","SI"
14,29,497,"GM","SI"
77,20,498,"GM","SI"
41,1,498,"GM","SI"
64,15,498,"GM","SI"
44,32,498,"GM","SI"
167,1,498,"GM","SI"
26,69,498,"GM","SI"
548,1,498,"GM","SI"
19,10,498,"GM","SI"
2,6,498,"GM","SI"
4,8,498,"GM","SI"
61,36,498,"GM","SI"
12,12,498,"GM","SI"
33,13,498,"GM","SI"
11,32,498,"GM","SI"
82,1,498,"GM","SI"
71,4,498,"GM","SI"
28,34,498,"GM","SI"
17,6,498,"GM","SI"
75,5,498,"GM","SI"
33,13,498,"GM","SI"
25,15,498,"GM","SI"
45,8,498,"GM","SI"
36,5,498,"GM","SI"
14,29,498,"GM","SI"
38,6,498,"GM","SI"
67,12,498,"GM","SI"
545,1,498,"GM","SI"
48,8,498,"GM","SI"
163,1,498,"GM","SI"
76,7,498,"GM","SI"
5,7,498,"GM","SI"
57,8,498,"GM","SI"
59,5,498,"GM","SI"
48,8,498,"GM","SI"
62,7,498,"GM","SI"
20,6,498,"GM","SI"
12,12,498,"GM","SI"
38,6,498,"GM","SI"
67,12,499,"GM","SI"
17,6,499,"GM","SI"
17,6,499,"GM","SI"
36,5,499,"GM","SI"
26,69,499,"GM","SI"
254,1,499,"GM","SI"
51,2,499,"GM","SI"
45,8,499,"GM","SI"
75,5,499,"GM","SI"
26,69,499,"GM","SI"
82,1,499,"GM","SI"
14,29,499,"GM","SI"
11,32,499,"GM","SI"
61,36,499,"GM","SI"
28,34,499,"GM","SI"
4,8,499,"GM","SI"
45,8,499,"GM","SI"
10,7,499,"GM","SI"
80,7,499,"GM","SI"
77,20,499,"GM","SI"
38,6,499,"GM","SI"
13,4,499,"GM","SI"
12,12,499,"GM","SI"
64,15,499,"GM","SI"
32,14,499,"GM","SI"
33,13,499,"GM","SI"
78,13,499,"GM","SI"
2,6,499,"GM","SI"
63,6,499,"GM","SI"
32,14,499,"GM","SI"
163,1,499,"GM","SI"
57,8,499,"GM","SI"
41,1,499,"GM","SI"
71,4,499,"GM","SI"
14,29,499,"GM","SI"
16,5,499,"GM","SI"
80,7,499,"GM","SI"
38,6,499,"GM","SI"
32,14,500,"GM","SI"
5,7,500,"GM","SI"
44,32,500,"GM","SI"
30,2,500,"GM","SI"
67,12,500,"GM","SI"
20,6,500,"GM","SI"
77,20,500,"GM","SI"
26,69,500,"GM","SI"
23,6,500,"GM","SI"
7,10,500,"GM","SI"
49,7,500,"GM","SI"
48,8,500,"GM","SI"
548,1,500,"GM","SI"
17,6,500,"GM","SI"
75,5,500,"GM","SI"
44,32,500,"GM","SI"
28,34,500,"GM","SI"
86,2,500,"GM","SI"
38,6,500,"GM","SI"
2,6,500,"GM","SI"
78,13,500,"GM","SI"
28,34,500,"GM","SI"
11,32,500,"GM","SI"
19,10,500,"GM","SI"
12,12,500,"GM","SI"
72,7,500,"GM","SI"
19,10,500,"GM","SI"
48,8,500,"GM","SI"
64,15,500,"GM","SI"
17,6,500,"GM","SI"
63,6,500,"GM","SI"
33,13,500,"GM","SI"
25,15,500,"GM","SI"
254,1,500,"GM","SI"
16,5,500,"GM","SI"
26,69,500,"GM","SI"
47,9,500,"GM","SI"
71,4,500,"GM","SI"
82,1,1,"SF","SI"
7,9,2,"SF","SI"
11,32,3,"SF","SI"
20,8,4,"SF","SI"
41,2,5,"SF","SI"
77,22,6,"SF","SI"
5,6,7,"SF","SI"
51,2,8,"SF","SI"
41,2,9,"SF","SI"
38,6,10,"SF","SI"
67,12,11,"SF","SI"
59,5,12,"SF","SI"
19,10,13,"SF","SI"
41,2,14,"SF","SI"
38,6,15,"SF","SI"
23,7,16,"SF","SI"
46,6,17,"SF","SI"
8,5,18,"SF","SI"
67,12,19,"SF","SI"
26,45,20,"SF","SI"
86,4,21,"SF","SI"
4,12,22,"SF","SI"
77,22,23,"SF","SI"
23,7,24,"SF","SI"
16,6,25,"SF","SI"
46,6,26,"SF","SI"
19,10,27,"SF","SI"
12,9,28,"SF","SI"
41,2,29,"SF","SI"
44,18,30,"SF","SI"
4,12,31,"SF","SI"
33,13,32,"SF","SI"
17,7,33,"SF","SI"
32,11,34,"SF","SI"
46,6,35,"SF","SI"
67,12,36,"SF","SI"
20,8,37,"SF","SI"
12,9,38,"SF","SI"
44,18,39,"SF","SI"
14,17,40,"SF","SI"
16,6,41,"SF","SI"
67,12,42,"SF","SI"
57,12,43,"SF","SI"
17,7,44,"SF","SI"
67,12,45,"SF","SI"
67,12,46,"SF","SI"
5,6,47,"SF","SI"
59,5,48,"SF","SI"
28,29,49,"SF","SI"
61,39,50,"SF","SI"
26,45,51,"SF","SI"
57,12,52,"SF","SI"
28,29,53,"SF","SI"
44,18,54,"SF","SI"
72,9,55,"SF","SI"
41,2,56,"SF","SI"
78,11,57,"SF","SI"
46,6,58,"SF","SI"
7,9,59,"SF","SI"
17,7,60,"SF","SI"
26,45,61,"SF","SI"
51,2,62,"SF","SI"
39,1,63,"SF","SI"
39,1,64,"SF","SI"
86,4,65,"SF","SI"
76,6,66,"SF","SI"
30,3,67,"SF","SI"
28,29,68,"SF","SI"
78,11,69,"SF","SI"
5,6,70,"SF","SI"
30,3,71,"SF","SI"
86,4,72,"SF","SI"
46,6,73,"SF","SI"
44,18,74,"SF","SI"
67,12,75,"SF","SI"
13,4,76,"SF","SI"
17,7,77,"SF","SI"
91,10,78,"SF","SI"
78,11,79,"SF","SI"
36,5,80,"SF","SI"
44,18,81,"SF","SI"
46,6,82,"SF","SI"
67,12,83,"SF","SI"
33,13,84,"SF","SI"
4,12,85,"SF","SI"
36,5,86,"SF","SI"
57,12,87,"SF","SI"
41,2,88,"SF","SI"
48,4,89,"SF","SI"
16,6,90,"SF","SI"
82,1,91,"SF","SI"
61,39,92,"SF","SI"
19,10,93,"SF","SI"
38,6,94,"SF","SI"
61,39,95,"SF","SI"
17,7,96,"SF","SI"
30,3,97,"SF","SI"
57,12,98,"SF","SI"
46,6,99,"SF","SI"
72,9,100,"SF","SI"
11,32,101,"SF","SI"
78,11,102,"SF","SI"
64,13,103,"SF","SI"
57,12,104,"SF","SI"
30,3,105,"SF","SI"
62,6,106,"SF","SI"
24,5,107,"SF","SI"
38,6,108,"SF","SI"
39,1,109,"SF","SI"
28,29,110,"SF","SI"
86,4,111,"SF","SI"
19,10,112,"SF","SI"
30,3,113,"SF","SI"
80,4,114,"SF","SI"
72,9,115,"SF","SI"
26,45,116,"SF","SI"
51,2,117,"SF","SI"
24,5,118,"SF","SI"
38,6,119,"SF","SI"
67,12,120,"SF","SI"
41,2,121,"SF","SI"
12,9,122,"SF","SI"
91,10,123,"SF","SI"
46,6,124,"SF","SI"
46,6,125,"SF","SI"
4,12,126,"SF","SI"
4,12,127,"SF","SI"
77,22,128,"SF","SI"
86,4,129,"SF","SI"
86,4,130,"SF","SI"
57,12,131,"SF","SI"
41,2,132,"SF","SI"
28,29,133,"SF","SI"
76,6,134,"SF","SI"
33,13,135,"SF","SI"
8,5,136,"SF","SI"
46,6,137,"SF","SI"
86,4,138,"SF","SI"
11,32,139,"SF","SI"
4,12,140,"SF","SI"
41,2,141,"SF","SI"
44,18,142,"SF","SI"
64,13,143,"SF","SI"
77,22,144,"SF","SI"
11,32,145,"SF","SI"
19,10,146,"SF","SI"
57,12,147,"SF","SI"
61,39,148,"SF","SI"
36,5,149,"SF","SI"
33,13,150,"SF","SI"
17,7,151,"SF","SI"
19,10,152,"SF","SI"
64,13,153,"SF","SI"
57,12,154,"SF","SI"
78,11,155,"SF","SI"
33,13,156,"SF","SI"
8,5,157,"SF","SI"
41,2,158,"SF","SI"
19,10,159,"SF","SI"
11,32,160,"SF","SI"
28,29,161,"SF","SI"
8,5,162,"SF","SI"
12,9,163,"SF","SI"
19,10,164,"SF","SI"
13,4,165,"SF","SI"
41,2,166,"SF","SI"
36,5,167,"SF","SI"
28,29,168,"SF","SI"
23,7,169,"SF","SI"
61,39,170,"SF","SI"
78,11,171,"SF","SI"
32,11,172,"SF","SI"
62,6,173,"SF","SI"
77,22,174,"SF","SI"
17,7,175,"SF","SI"
16,6,176,"SF","SI"
72,9,177,"SF","SI"
33,13,178,"SF","SI"
28,29,179,"SF","SI"
76,6,180,"SF","SI"
77,22,181,"SF","SI"
17,7,182,"SF","SI"
38,6,183,"SF","SI"
30,3,184,"SF","SI"
17,7,185,"SF","SI"
20,8,186,"SF","SI"
36,5,187,"SF","SI"
17,7,188,"SF","SI"
32,11,189,"SF","SI"
77,22,190,"SF","SI"
16,6,191,"SF","SI"
20,8,192,"SF","SI"
14,17,193,"SF","SI"
46,6,194,"SF","SI"
67,12,195,"SF","SI"
14,17,196,"SF","SI"
62,6,197,"SF","SI"
33,13,198,"SF","SI"
62,6,199,"SF","SI"
17,7,200,"SF","SI"
80,4,201,"SF","SI"
48,4,202,"SF","SI"
17,7,203,"SF","SI"
46,6,204,"SF","SI"
4,12,205,"SF","SI"
76,6,206,"SF","SI"
26,45,207,"SF","SI"
76,6,208,"SF","SI"
26,45,209,"SF","SI"
12,9,210,"SF","SI"
57,12,211,"SF","SI"
57,12,212,"SF","SI"
62,6,213,"SF","SI"
45,7,214,"SF","SI"
77,22,215,"SF","SI"
17,7,216,"SF","SI"
61,39,217,"SF","SI"
59,5,218,"SF","SI"
19,10,219,"SF","SI"
38,6,220,"SF","SI"
4,12,221,"SF","SI"
20,8,222,"SF","SI"
32,11,223,"SF","SI"
20,8,224,"SF","SI"
76,6,225,"SF","SI"
41,2,226,"SF","SI"
14,17,227,"SF","SI"
38,6,228,"SF","SI"
5,6,229,"SF","SI"
38,6,230,"SF","SI"
20,8,231,"SF","SI"
59,5,232,"SF","SI"
62,6,233,"SF","SI"
67,12,234,"SF","SI"
20,8,235,"SF","SI"
17,7,236,"SF","SI"
59,5,237,"SF","SI"
4,12,238,"SF","SI"
72,9,239,"SF","SI"
20,8,240,"SF","SI"
11,32,241,"SF","SI"
78,11,242,"SF","SI"
30,3,243,"SF","SI"
17,7,244,"SF","SI"
20,8,245,"SF","SI"
76,6,246,"SF","SI"
44,18,247,"SF","SI"
19,10,248,"SF","SI"
14,17,249,"SF","SI"
44,18,250,"SF","SI"
28,29,251,"SF","SI"
45,7,252,"SF","SI"
14,17,253,"SF","SI"
82,1,254,"SF","SI"
78,11,255,"SF","SI"
4,12,256,"SF","SI"
39,1,257,"SF","SI"
32,11,258,"SF","SI"
39,1,259,"SF","SI"
61,39,260,"SF","SI"
91,10,261,"SF","SI"
8,5,262,"SF","SI"
4,12,263,"SF","SI"
28,29,264,"SF","SI"
91,10,265,"SF","SI"
59,5,266,"SF","SI"
77,22,267,"SF","SI"
72,9,268,"SF","SI"
48,4,269,"SF","SI"
12,9,270,"SF","SI"
78,11,271,"SF","SI"
5,6,272,"SF","SI"
41,2,273,"SF","SI"
5,6,274,"SF","SI"
33,13,275,"SF","SI"
13,4,276,"SF","SI"
4,12,277,"SF","SI"
39,1,278,"SF","SI"
61,39,279,"SF","SI"
26,45,280,"SF","SI"
78,11,281,"SF","SI"
4,12,282,"SF","SI"
30,3,283,"SF","SI"
86,4,284,"SF","SI"
41,2,285,"SF","SI"
45,7,286,"SF","SI"
5,6,287,"SF","SI"
76,6,288,"SF","SI"
4,12,289,"SF","SI"
41,2,290,"SF","SI"
20,8,291,"SF","SI"
61,39,292,"SF","SI"
38,6,293,"SF","SI"
14,17,294,"SF","SI"
86,4,295,"SF","SI"
30,3,296,"SF","SI"
39,1,297,"SF","SI"
7,9,298,"SF","SI"
80,4,299,"SF","SI"
17,7,300,"SF","SI"
16,6,301,"SF","SI"
11,32,302,"SF","SI"
28,29,303,"SF","SI"
47,10,304,"SF","SI"
62,6,305,"SF","SI"
17,7,306,"SF","SI"
13,4,307,"SF","SI"
72,9,308,"SF","SI"
91,10,309,"SF","SI"
77,22,310,"SF","SI"
19,10,311,"SF","SI"
62,6,312,"SF","SI"
41,2,313,"SF","SI"
46,6,314,"SF","SI"
19,10,315,"SF","SI"
78,11,316,"SF","SI"
32,11,317,"SF","SI"
28,29,318,"SF","SI"
46,6,319,"SF","SI"
13,4,320,"SF","SI"
44,18,321,"SF","SI"
61,39,322,"SF","SI"
28,29,323,"SF","SI"
64,13,324,"SF","SI"
64,13,325,"SF","SI"
14,17,326,"SF","SI"
13,4,327,"SF","SI"
86,4,328,"SF","SI"
67,12,329,"SF","SI"
19,10,330,"SF","SI"
28,29,331,"SF","SI"
91,10,332,"SF","SI"
23,7,333,"SF","SI"
7,9,334,"SF","SI"
80,4,335,"SF","SI"
26,45,336,"SF","SI"
33,13,337,"SF","SI"
86,4,338,"SF","SI"
80,4,339,"SF","SI"
61,39,340,"SF","SI"
47,10,341,"SF","SI"
57,12,342,"SF","SI"
67,12,343,"SF","SI"
46,6,344,"SF","SI"
12,9,345,"SF","SI"
77,22,346,"SF","SI"
30,3,347,"SF","SI"
13,4,348,"SF","SI"
13,4,349,"SF","SI"
57,12,350,"SF","SI"
59,5,351,"SF","SI"
4,12,352,"SF","SI"
8,5,353,"SF","SI"
33,13,354,"SF","SI"
36,5,355,"SF","SI"
4,12,356,"SF","SI"
86,4,357,"SF","SI"
4,12,358,"SF","SI"
26,45,359,"SF","SI"
91,10,360,"SF","SI"
8,5,361,"SF","SI"
26,45,362,"SF","SI"
17,7,363,"SF","SI"
67,12,364,"SF","SI"
4,12,365,"SF","SI"
32,11,366,"SF","SI"
32,11,367,"SF","SI"
13,4,368,"SF","SI"
28,29,369,"SF","SI"
4,12,370,"SF","SI"
76,6,371,"SF","SI"
80,4,372,"SF","SI"
44,18,373,"SF","SI"
91,10,374,"SF","SI"
20,8,375,"SF","SI"
24,5,376,"SF","SI"
8,5,377,"SF","SI"
44,18,378,"SF","SI"
41,2,379,"SF","SI"
57,12,380,"SF","SI"
46,6,381,"SF","SI"
41,2,382,"SF","SI"
45,7,383,"SF","SI"
57,12,384,"SF","SI"
41,2,385,"SF","SI"
30,3,386,"SF","SI"
61,39,387,"SF","SI"
38,6,388,"SF","SI"
33,13,389,"SF","SI"
32,11,390,"SF","SI"
13,4,391,"SF","SI"
32,11,392,"SF","SI"
86,4,393,"SF","SI"
61,39,394,"SF","SI"
77,22,395,"SF","SI"
28,29,396,"SF","SI"
23,7,397,"SF","SI"
33,13,398,"SF","SI"
76,6,399,"SF","SI"
57,12,400,"SF","SI"
57,12,401,"SF","SI"
67,12,402,"SF","SI"
57,12,403,"SF","SI"
33,13,404,"SF","SI"
33,13,405,"SF","SI"
30,3,406,"SF","SI"
19,10,407,"SF","SI"
44,18,408,"SF","SI"
20,8,409,"SF","SI"
64,13,410,"SF","SI"
67,12,411,"SF","SI"
80,4,412,"SF","SI"
28,29,413,"SF","SI"
30,3,414,"SF","SI"
45,7,415,"SF","SI"
20,8,416,"SF","SI"
33,13,417,"SF","SI"
20,8,418,"SF","SI"
47,10,419,"SF","SI"
59,5,420,"SF","SI"
45,7,421,"SF","SI"
19,10,422,"SF","SI"
41,2,423,"SF","SI"
20,8,424,"SF","SI"
11,32,425,"SF","SI"
19,10,426,"SF","SI"
77,22,427,"SF","SI"
86,4,428,"SF","SI"
62,6,429,"SF","SI"
76,6,430,"SF","SI"
5,6,431,"SF","SI"
72,9,432,"SF","SI"
32,11,433,"SF","SI"
46,6,434,"SF","SI"
11,32,435,"SF","SI"
77,22,436,"SF","SI"
39,1,437,"SF","SI"
19,10,438,"SF","SI"
67,12,439,"SF","SI"
41,2,440,"SF","SI"
72,9,441,"SF","SI"
16,6,442,"SF","SI"
39,1,443,"SF","SI"
5,6,444,"SF","SI"
16,6,445,"SF","SI"
82,1,446,"SF","SI"
28,29,447,"SF","SI"
16,6,448,"SF","SI"
38,6,449,"SF","SI"
61,39,450,"SF","SI"
61,39,451,"SF","SI"
26,45,452,"SF","SI"
41,2,453,"SF","SI"
39,1,454,"SF","SI"
20,8,455,"SF","SI"
51,2,456,"SF","SI"
14,17,457,"SF","SI"
16,6,458,"SF","SI"
16,6,459,"SF","SI"
77,22,460,"SF","SI"
41,2,461,"SF","SI"
76,6,462,"SF","SI"
72,9,463,"SF","SI"
14,17,464,"SF","SI"
62,6,465,"SF","SI"
39,1,466,"SF","SI"
33,13,467,"SF","SI"
72,9,468,"SF","SI"
45,7,469,"SF","SI"
28,29,470,"SF","SI"
20,8,471,"SF","SI"
59,5,472,"SF","SI"
24,5,473,"SF","SI"
33,13,474,"SF","SI"
13,4,475,"SF","SI"
82,1,476,"SF","SI"
67,12,477,"SF","SI"
26,45,478,"SF","SI"
86,4,479,"SF","SI"
78,11,480,"SF","SI"
11,32,481,"SF","SI"
14,17,482,"SF","SI"
77,22,483,"SF","SI"
77,22,484,"SF","SI"
72,9,485,"SF","SI"
72,9,486,"SF","SI"
32,11,487,"SF","SI"
4,12,488,"SF","SI"
77,22,489,"SF","SI"
33,13,490,"SF","SI"
26,45,491,"SF","SI"
26,45,492,"SF","SI"
20,8,493,"SF","SI"
12,9,494,"SF","SI"
14,17,495,"SF","SI"
72,9,496,"SF","SI"
57,12,497,"SF","SI"
36,5,498,"SF","SI"
82,1,499,"SF","SI"
72,9,500,"SF","SI"
24,5,1,"PP","SI"
5,7,1,"PP","SI"
26,70,1,"PP","SI"
19,11,1,"PP","SI"
33,13,1,"PP","SI"
11,33,1,"PP","SI"
67,12,1,"PP","SI"
59,6,1,"PP","SI"
26,70,1,"PP","SI"
33,13,1,"PP","SI"
200,1,1,"PP","SI"
30,3,1,"PP","SI"
31,6,1,"PP","SI"
44,33,1,"PP","SI"
536,1,1,"PP","SI"
80,7,1,"PP","SI"
17,6,1,"PP","SI"
44,33,1,"PP","SI"
61,40,1,"PP","SI"
7,10,1,"PP","SI"
17,6,1,"PP","SI"
32,11,1,"PP","SI"
27,3,1,"PP","SI"
20,8,1,"PP","SI"
13,4,1,"PP","SI"
442,1,1,"PP","SI"
48,6,1,"PP","SI"
14,33,1,"PP","SI"
46,6,1,"PP","SI"
81,2,1,"PP","SI"
45,8,1,"PP","SI"
67,12,1,"PP","SI"
49,6,2,"PP","SI"
26,70,2,"PP","SI"
12,12,2,"PP","SI"
57,12,2,"PP","SI"
77,20,2,"PP","SI"
11,33,2,"PP","SI"
38,6,2,"PP","SI"
80,7,2,"PP","SI"
62,8,2,"PP","SI"
41,2,2,"PP","SI"
298,1,2,"PP","SI"
75,6,2,"PP","SI"
20,8,2,"PP","SI"
59,6,2,"PP","SI"
59,6,2,"PP","SI"
19,11,2,"PP","SI"
44,33,2,"PP","SI"
80,7,2,"PP","SI"
13,4,2,"PP","SI"
39,1,2,"PP","SI"
61,40,2,"PP","SI"
81,2,2,"PP","SI"
86,4,2,"PP","SI"
38,6,2,"PP","SI"
14,33,2,"PP","SI"
5,7,2,"PP","SI"
78,11,2,"PP","SI"
26,70,2,"PP","SI"
36,5,2,"PP","SI"
41,2,2,"PP","SI"
77,20,2,"PP","SI"
14,33,2,"PP","SI"
7,10,3,"PP","SI"
62,8,3,"PP","SI"
217,1,3,"PP","SI"
5,7,3,"PP","SI"
51,3,3,"PP","SI"
4,11,3,"PP","SI"
23,8,3,"PP","SI"
12,12,3,"PP","SI"
80,7,3,"PP","SI"
19,11,3,"PP","SI"
82,1,3,"PP","SI"
48,6,3,"PP","SI"
15,1,3,"PP","SI"
66,1,3,"PP","SI"
20,8,3,"PP","SI"
41,2,3,"PP","SI"
77,20,3,"PP","SI"
78,11,3,"PP","SI"
81,2,3,"PP","SI"
24,5,3,"PP","SI"
33,13,3,"PP","SI"
64,16,3,"PP","SI"
27,3,3,"PP","SI"
49,6,3,"PP","SI"
77,20,3,"PP","SI"
39,1,3,"PP","SI"
38,6,3,"PP","SI"
14,33,3,"PP","SI"
72,9,3,"PP","SI"
47,10,3,"PP","SI"
11,33,3,"PP","SI"
48,6,3,"PP","SI"
64,16,4,"PP","SI"
72,9,4,"PP","SI"
51,3,4,"PP","SI"
17,6,4,"PP","SI"
33,13,4,"PP","SI"
67,12,4,"PP","SI"
24,5,4,"PP","SI"
7,10,4,"PP","SI"
30,3,4,"PP","SI"
442,1,4,"PP","SI"
64,16,4,"PP","SI"
28,32,4,"PP","SI"
77,20,4,"PP","SI"
41,2,4,"PP","SI"
49,6,4,"PP","SI"
38,6,4,"PP","SI"
11,33,4,"PP","SI"
61,40,4,"PP","SI"
4,11,4,"PP","SI"
38,6,4,"PP","SI"
62,8,4,"PP","SI"
18,4,4,"PP","SI"
91,10,4,"PP","SI"
536,1,4,"PP","SI"
33,13,4,"PP","SI"
14,33,4,"PP","SI"
61,40,4,"PP","SI"
56,7,4,"PP","SI"
8,6,4,"PP","SI"
26,70,4,"PP","SI"
11,33,4,"PP","SI"
12,12,4,"PP","SI"
442,1,5,"PP","SI"
91,10,5,"PP","SI"
46,6,5,"PP","SI"
31,6,5,"PP","SI"
13,4,5,"PP","SI"
16,7,5,"PP","SI"
41,2,5,"PP","SI"
298,1,5,"PP","SI"
67,12,5,"PP","SI"
36,5,5,"PP","SI"
217,1,5,"PP","SI"
57,12,5,"PP","SI"
38,6,5,"PP","SI"
12,12,5,"PP","SI"
64,16,5,"PP","SI"
60,6,5,"PP","SI"
49,6,5,"PP","SI"
536,1,5,"PP","SI"
57,12,5,"PP","SI"
61,40,5,"PP","SI"
38,6,5,"PP","SI"
75,6,5,"PP","SI"
48,6,5,"PP","SI"
44,33,5,"PP","SI"
8,6,5,"PP","SI"
76,7,5,"PP","SI"
19,11,5,"PP","SI"
77,20,5,"PP","SI"
13,4,5,"PP","SI"
51,3,5,"PP","SI"
5,7,5,"PP","SI"
48,6,5,"PP","SI"
41,2,6,"PP","SI"
46,6,6,"PP","SI"
217,1,6,"PP","SI"
33,13,6,"PP","SI"
80,7,6,"PP","SI"
48,6,6,"PP","SI"
15,1,6,"PP","SI"
82,1,6,"PP","SI"
78,11,6,"PP","SI"
5,7,6,"PP","SI"
72,9,6,"PP","SI"
46,6,6,"PP","SI"
17,6,6,"PP","SI"
44,33,6,"PP","SI"
41,2,6,"PP","SI"
13,4,6,"PP","SI"
81,2,6,"PP","SI"
32,11,6,"PP","SI"
67,12,6,"PP","SI"
18,4,6,"PP","SI"
57,12,6,"PP","SI"
64,16,6,"PP","SI"
298,1,6,"PP","SI"
48,6,6,"PP","SI"
30,3,6,"PP","SI"
67,12,6,"PP","SI"
208,1,6,"PP","SI"
47,10,6,"PP","SI"
23,8,6,"PP","SI"
14,33,6,"PP","SI"
32,11,6,"PP","SI"
49,6,6,"PP","SI"
38,6,7,"PP","SI"
44,33,7,"PP","SI"
442,1,7,"PP","SI"
12,12,7,"PP","SI"
15,1,7,"PP","SI"
64,16,7,"PP","SI"
56,7,7,"PP","SI"
536,1,7,"PP","SI"
7,10,7,"PP","SI"
24,5,7,"PP","SI"
67,12,7,"PP","SI"
27,3,7,"PP","SI"
57,12,7,"PP","SI"
11,33,7,"PP","SI"
46,6,7,"PP","SI"
28,32,7,"PP","SI"
13,4,7,"PP","SI"
20,8,7,"PP","SI"
38,6,7,"PP","SI"
28,32,7,"PP","SI"
44,33,7,"PP","SI"
51,3,7,"PP","SI"
64,16,7,"PP","SI"
31,6,7,"PP","SI"
12,12,7,"PP","SI"
66,1,7,"PP","SI"
30,3,7,"PP","SI"
19,11,7,"PP","SI"
49,6,7,"PP","SI"
33,13,7,"PP","SI"
59,6,7,"PP","SI"
14,33,7,"PP","SI"
41,2,8,"PP","SI"
200,1,8,"PP","SI"
62,8,8,"PP","SI"
91,10,8,"PP","SI"
4,11,8,"PP","SI"
13,4,8,"PP","SI"
86,4,8,"PP","SI"
60,6,8,"PP","SI"
49,6,8,"PP","SI"
39,1,8,"PP","SI"
57,12,8,"PP","SI"
12,12,8,"PP","SI"
44,33,8,"PP","SI"
536,1,8,"PP","SI"
46,6,8,"PP","SI"
32,11,8,"PP","SI"
57,12,8,"PP","SI"
30,3,8,"PP","SI"
76,7,8,"PP","SI"
62,8,8,"PP","SI"
38,6,8,"PP","SI"
11,33,8,"PP","SI"
36,5,8,"PP","SI"
67,12,8,"PP","SI"
64,16,8,"PP","SI"
33,13,8,"PP","SI"
8,6,8,"PP","SI"
31,6,8,"PP","SI"
298,1,8,"PP","SI"
77,20,8,"PP","SI"
81,2,8,"PP","SI"
45,8,8,"PP","SI"
23,8,9,"PP","SI"
64,16,9,"PP","SI"
62,8,9,"PP","SI"
80,7,9,"PP","SI"
48,6,9,"PP","SI"
67,12,9,"PP","SI"
51,3,9,"PP","SI"
19,11,9,"PP","SI"
49,6,9,"PP","SI"
16,7,9,"PP","SI"
32,11,9,"PP","SI"
442,1,9,"PP","SI"
38,6,9,"PP","SI"
31,6,9,"PP","SI"
33,13,9,"PP","SI"
536,1,9,"PP","SI"
59,6,9,"PP","SI"
59,6,9,"PP","SI"
45,8,9,"PP","SI"
78,11,9,"PP","SI"
12,12,9,"PP","SI"
86,4,9,"PP","SI"
28,32,9,"PP","SI"
36,5,9,"PP","SI"
82,1,9,"PP","SI"
61,40,9,"PP","SI"
19,11,9,"PP","SI"
18,4,9,"PP","SI"
12,12,9,"PP","SI"
298,1,9,"PP","SI"
91,10,9,"PP","SI"
57,12,9,"PP","SI"
86,4,10,"PP","SI"
62,8,10,"PP","SI"
64,16,10,"PP","SI"
80,7,10,"PP","SI"
536,1,10,"PP","SI"
442,1,10,"PP","SI"
30,3,10,"PP","SI"
33,13,10,"PP","SI"
28,32,10,"PP","SI"
200,1,10,"PP","SI"
80,7,10,"PP","SI"
76,7,10,"PP","SI"
16,7,10,"PP","SI"
45,8,10,"PP","SI"
12,12,10,"PP","SI"
41,2,10,"PP","SI"
44,33,10,"PP","SI"
217,1,10,"PP","SI"
47,10,10,"PP","SI"
13,4,10,"PP","SI"
56,7,10,"PP","SI"
72,9,10,"PP","SI"
4,11,10,"PP","SI"
59,6,10,"PP","SI"
19,11,10,"PP","SI"
48,6,10,"PP","SI"
14,33,10,"PP","SI"
67,12,10,"PP","SI"
81,2,10,"PP","SI"
51,3,10,"PP","SI"
57,12,10,"PP","SI"
298,1,10,"PP","SI"
15,1,11,"PP","SI"
67,12,11,"PP","SI"
12,12,11,"PP","SI"
26,70,11,"PP","SI"
57,12,11,"PP","SI"
62,8,11,"PP","SI"
32,11,11,"PP","SI"
28,32,11,"PP","SI"
61,40,11,"PP","SI"
24,5,11,"PP","SI"
66,1,11,"PP","SI"
41,2,11,"PP","SI"
91,10,11,"PP","SI"
75,6,11,"PP","SI"
31,6,11,"PP","SI"
14,33,11,"PP","SI"
33,13,11,"PP","SI"
44,33,11,"PP","SI"
82,1,11,"PP","SI"
14,33,11,"PP","SI"
80,7,11,"PP","SI"
26,70,11,"PP","SI"
57,12,11,"PP","SI"
11,33,11,"PP","SI"
2,16,11,"PP","SI"
72,9,11,"PP","SI"
48,6,11,"PP","SI"
8,6,11,"PP","SI"
5,7,11,"PP","SI"
38,6,11,"PP","SI"
7,10,11,"PP","SI"
46,6,11,"PP","SI"
12,12,12,"PP","SI"
11,33,12,"PP","SI"
48,6,12,"PP","SI"
51,3,12,"PP","SI"
16,7,12,"PP","SI"
36,5,12,"PP","SI"
91,10,12,"PP","SI"
46,6,12,"PP","SI"
45,8,12,"PP","SI"
217,1,12,"PP","SI"
17,6,12,"PP","SI"
59,6,12,"PP","SI"
7,10,12,"PP","SI"
67,12,12,"PP","SI"
15,1,12,"PP","SI"
62,8,12,"PP","SI"
49,6,12,"PP","SI"
30,3,12,"PP","SI"
20,8,12,"PP","SI"
41,2,12,"PP","SI"
72,9,12,"PP","SI"
64,16,12,"PP","SI"
41,2,12,"PP","SI"
7,10,12,"PP","SI"
24,5,12,"PP","SI"
23,8,12,"PP","SI"
80,7,12,"PP","SI"
60,6,12,"PP","SI"
19,11,12,"PP","SI"
80,7,12,"PP","SI"
18,4,12,"PP","SI"
91,10,12,"PP","SI"
47,10,13,"PP","SI"
19,11,13,"PP","SI"
27,3,13,"PP","SI"
60,6,13,"PP","SI"
49,6,13,"PP","SI"
36,5,13,"PP","SI"
23,8,13,"PP","SI"
24,5,13,"PP","SI"
91,10,13,"PP","SI"
7,10,13,"PP","SI"
14,33,13,"PP","SI"
61,40,13,"PP","SI"
2,16,13,"PP","SI"
72,9,13,"PP","SI"
48,6,13,"PP","SI"
80,7,13,"PP","SI"
11,33,13,"PP","SI"
61,40,13,"PP","SI"
67,12,13,"PP","SI"
7,10,13,"PP","SI"
26,70,13,"PP","SI"
56,7,13,"PP","SI"
442,1,13,"PP","SI"
14,33,13,"PP","SI"
17,6,13,"PP","SI"
31,6,13,"PP","SI"
38,6,13,"PP","SI"
66,1,13,"PP","SI"
200,1,13,"PP","SI"
75,6,13,"PP","SI"
28,32,13,"PP","SI"
45,8,13,"PP","SI"
15,1,14,"PP","SI"
46,6,14,"PP","SI"
61,40,14,"PP","SI"
80,7,14,"PP","SI"
24,5,14,"PP","SI"
38,6,14,"PP","SI"
64,16,14,"PP","SI"
49,6,14,"PP","SI"
77,20,14,"PP","SI"
17,6,14,"PP","SI"
28,32,14,"PP","SI"
298,1,14,"PP","SI"
82,1,14,"PP","SI"
17,6,14,"PP","SI"
200,1,14,"PP","SI"
61,40,14,"PP","SI"
41,2,14,"PP","SI"
217,1,14,"PP","SI"
32,11,14,"PP","SI"
67,12,14,"PP","SI"
38,6,14,"PP","SI"
46,6,14,"PP","SI"
32,11,14,"PP","SI"
7,10,14,"PP","SI"
14,33,14,"PP","SI"
67,12,14,"PP","SI"
51,3,14,"PP","SI"
11,33,14,"PP","SI"
57,12,14,"PP","SI"
33,13,14,"PP","SI"
36,5,14,"PP","SI"
8,6,14,"PP","SI"
24,5,15,"PP","SI"
20,8,15,"PP","SI"
200,1,15,"PP","SI"
17,6,15,"PP","SI"
15,1,15,"PP","SI"
13,4,15,"PP","SI"
298,1,15,"PP","SI"
59,6,15,"PP","SI"
51,3,15,"PP","SI"
19,11,15,"PP","SI"
61,40,15,"PP","SI"
28,32,15,"PP","SI"
78,11,15,"PP","SI"
16,7,15,"PP","SI"
28,32,15,"PP","SI"
48,6,15,"PP","SI"
77,20,15,"PP","SI"
36,5,15,"PP","SI"
41,2,15,"PP","SI"
80,7,15,"PP","SI"
62,8,15,"PP","SI"
33,13,15,"PP","SI"
536,1,15,"PP","SI"
7,10,15,"PP","SI"
26,70,15,"PP","SI"
48,6,15,"PP","SI"
77,20,15,"PP","SI"
67,12,15,"PP","SI"
57,12,15,"PP","SI"
64,16,15,"PP","SI"
26,70,15,"PP","SI"
46,6,15,"PP","SI"
36,5,16,"PP","SI"
82,1,16,"PP","SI"
59,6,16,"PP","SI"
46,6,16,"PP","SI"
66,1,16,"PP","SI"
32,11,16,"PP","SI"
4,11,16,"PP","SI"
26,70,16,"PP","SI"
30,3,16,"PP","SI"
12,12,16,"PP","SI"
33,13,16,"PP","SI"
86,4,16,"PP","SI"
17,6,16,"PP","SI"
72,9,16,"PP","SI"
442,1,16,"PP","SI"
28,32,16,"PP","SI"
14,33,16,"PP","SI"
11,33,16,"PP","SI"
28,32,16,"PP","SI"
19,11,16,"PP","SI"
13,4,16,"PP","SI"
19,11,16,"PP","SI"
298,1,16,"PP","SI"
78,11,16,"PP","SI"
48,6,16,"PP","SI"
38,6,16,"PP","SI"
41,2,16,"PP","SI"
208,1,16,"PP","SI"
17,6,16,"PP","SI"
61,40,16,"PP","SI"
59,6,16,"PP","SI"
32,11,16,"PP","SI"
41,2,17,"PP","SI"
81,2,17,"PP","SI"
33,13,17,"PP","SI"
13,4,17,"PP","SI"
47,10,17,"PP","SI"
32,11,17,"PP","SI"
17,6,17,"PP","SI"
16,7,17,"PP","SI"
536,1,17,"PP","SI"
15,1,17,"PP","SI"
8,6,17,"PP","SI"
45,8,17,"PP","SI"
14,33,17,"PP","SI"
51,3,17,"PP","SI"
64,16,17,"PP","SI"
19,11,17,"PP","SI"
75,6,17,"PP","SI"
442,1,17,"PP","SI"
24,5,17,"PP","SI"
39,1,17,"PP","SI"
19,11,17,"PP","SI"
2,16,17,"PP","SI"
208,1,17,"PP","SI"
23,8,17,"PP","SI"
26,70,17,"PP","SI"
46,6,17,"PP","SI"
4,11,17,"PP","SI"
77,20,17,"PP","SI"
48,6,17,"PP","SI"
91,10,17,"PP","SI"
57,12,17,"PP","SI"
60,6,17,"PP","SI"
31,6,18,"PP","SI"
47,10,18,"PP","SI"
32,11,18,"PP","SI"
33,13,18,"PP","SI"
14,33,18,"PP","SI"
38,6,18,"PP","SI"
30,3,18,"PP","SI"
20,8,18,"PP","SI"
30,3,18,"PP","SI"
5,7,18,"PP","SI"
91,10,18,"PP","SI"
61,40,18,"PP","SI"
61,40,18,"PP","SI"
27,3,18,"PP","SI"
13,4,18,"PP","SI"
78,11,18,"PP","SI"
536,1,18,"PP","SI"
19,11,18,"PP","SI"
16,7,18,"PP","SI"
11,33,18,"PP","SI"
64,16,18,"PP","SI"
17,6,18,"PP","SI"
11,33,18,"PP","SI"
82,1,18,"PP","SI"
91,10,18,"PP","SI"
12,12,18,"PP","SI"
46,6,18,"PP","SI"
24,5,18,"PP","SI"
32,11,18,"PP","SI"
442,1,18,"PP","SI"
51,3,18,"PP","SI"
77,20,18,"PP","SI"
536,1,19,"PP","SI"
30,3,19,"PP","SI"
67,12,19,"PP","SI"
20,8,19,"PP","SI"
78,11,19,"PP","SI"
46,6,19,"PP","SI"
208,1,19,"PP","SI"
59,6,19,"PP","SI"
18,4,19,"PP","SI"
33,13,19,"PP","SI"
11,33,19,"PP","SI"
4,11,19,"PP","SI"
7,10,19,"PP","SI"
41,2,19,"PP","SI"
32,11,19,"PP","SI"
32,11,19,"PP","SI"
57,12,19,"PP","SI"
86,4,19,"PP","SI"
82,1,19,"PP","SI"
12,12,19,"PP","SI"
12,12,19,"PP","SI"
15,1,19,"PP","SI"
62,8,19,"PP","SI"
7,10,19,"PP","SI"
61,40,19,"PP","SI"
51,3,19,"PP","SI"
48,6,19,"PP","SI"
81,2,19,"PP","SI"
36,5,19,"PP","SI"
80,7,19,"PP","SI"
45,8,19,"PP","SI"
38,6,19,"PP","SI"
82,1,20,"PP","SI"
13,4,20,"PP","SI"
61,40,20,"PP","SI"
61,40,20,"PP","SI"
56,7,20,"PP","SI"
46,6,20,"PP","SI"
33,13,20,"PP","SI"
12,12,20,"PP","SI"
5,7,20,"PP","SI"
44,33,20,"PP","SI"
67,12,20,"PP","SI"
80,7,20,"PP","SI"
64,16,20,"PP","SI"
30,3,20,"PP","SI"
536,1,20,"PP","SI"
45,8,20,"PP","SI"
46,6,20,"PP","SI"
62,8,20,"PP","SI"
28,32,20,"PP","SI"
31,6,20,"PP","SI"
72,9,20,"PP","SI"
78,11,20,"PP","SI"
17,6,20,"PP","SI"
51,3,20,"PP","SI"
19,11,20,"PP","SI"
18,4,20,"PP","SI"
77,20,20,"PP","SI"
4,11,20,"PP","SI"
7,10,20,"PP","SI"
67,12,20,"PP","SI"
66,1,20,"PP","SI"
38,6,20,"PP","SI"
17,6,21,"PP","SI"
86,4,21,"PP","SI"
33,13,21,"PP","SI"
49,6,21,"PP","SI"
78,11,21,"PP","SI"
30,3,21,"PP","SI"
15,1,21,"PP","SI"
28,32,21,"PP","SI"
31,6,21,"PP","SI"
41,2,21,"PP","SI"
38,6,21,"PP","SI"
67,12,21,"PP","SI"
7,10,21,"PP","SI"
44,33,21,"PP","SI"
80,7,21,"PP","SI"
61,40,21,"PP","SI"
11,33,21,"PP","SI"
12,12,21,"PP","SI"
46,6,21,"PP","SI"
78,11,21,"PP","SI"
91,10,21,"PP","SI"
36,5,21,"PP","SI"
32,11,21,"PP","SI"
26,70,21,"PP","SI"
2,16,21,"PP","SI"
64,16,21,"PP","SI"
48,6,21,"PP","SI"
91,10,21,"PP","SI"
13,4,21,"PP","SI"
47,10,21,"PP","SI"
59,6,21,"PP","SI"
208,1,21,"PP","SI"
57,12,22,"PP","SI"
57,12,22,"PP","SI"
38,6,22,"PP","SI"
16,7,22,"PP","SI"
20,8,22,"PP","SI"
64,16,22,"PP","SI"
59,6,22,"PP","SI"
61,40,22,"PP","SI"
62,8,22,"PP","SI"
32,11,22,"PP","SI"
64,16,22,"PP","SI"
82,1,22,"PP","SI"
80,7,22,"PP","SI"
46,6,22,"PP","SI"
24,5,22,"PP","SI"
15,1,22,"PP","SI"
59,6,22,"PP","SI"
36,5,22,"PP","SI"
51,3,22,"PP","SI"
28,32,22,"PP","SI"
38,6,22,"PP","SI"
2,16,22,"PP","SI"
536,1,22,"PP","SI"
41,2,22,"PP","SI"
208,1,22,"PP","SI"
12,12,22,"PP","SI"
72,9,22,"PP","SI"
77,20,22,"PP","SI"
11,33,22,"PP","SI"
5,7,22,"PP","SI"
30,3,22,"PP","SI"
66,1,22,"PP","SI"
200,1,23,"PP","SI"
536,1,23,"PP","SI"
7,10,23,"PP","SI"
59,6,23,"PP","SI"
86,4,23,"PP","SI"
17,6,23,"PP","SI"
217,1,23,"PP","SI"
39,1,23,"PP","SI"
17,6,23,"PP","SI"
28,32,23,"PP","SI"
33,13,23,"PP","SI"
18,4,23,"PP","SI"
27,3,23,"PP","SI"
30,3,23,"PP","SI"
41,2,23,"PP","SI"
26,70,23,"PP","SI"
13,4,23,"PP","SI"
31,6,23,"PP","SI"
20,8,23,"PP","SI"
14,33,23,"PP","SI"
78,11,23,"PP","SI"
57,12,23,"PP","SI"
23,8,23,"PP","SI"
46,6,23,"PP","SI"
46,6,23,"PP","SI"
8,6,23,"PP","SI"
14,33,23,"PP","SI"
62,8,23,"PP","SI"
81,2,23,"PP","SI"
442,1,23,"PP","SI"
57,12,23,"PP","SI"
26,70,23,"PP","SI"
11,33,24,"PP","SI"
32,11,24,"PP","SI"
11,33,24,"PP","SI"
12,12,24,"PP","SI"
45,8,24,"PP","SI"
13,4,24,"PP","SI"
24,5,24,"PP","SI"
23,8,24,"PP","SI"
41,2,24,"PP","SI"
91,10,24,"PP","SI"
39,1,24,"PP","SI"
8,6,24,"PP","SI"
30,3,24,"PP","SI"
48,6,24,"PP","SI"
13,4,24,"PP","SI"
38,6,24,"PP","SI"
19,11,24,"PP","SI"
33,13,24,"PP","SI"
67,12,24,"PP","SI"
5,7,24,"PP","SI"
59,6,24,"PP","SI"
16,7,24,"PP","SI"
49,6,24,"PP","SI"
28,32,24,"PP","SI"
7,10,24,"PP","SI"
33,13,24,"PP","SI"
208,1,24,"PP","SI"
31,6,24,"PP","SI"
14,33,24,"PP","SI"
61,40,24,"PP","SI"
78,11,24,"PP","SI"
36,5,24,"PP","SI"
51,3,25,"PP","SI"
5,7,25,"PP","SI"
76,7,25,"PP","SI"
13,4,25,"PP","SI"
78,11,25,"PP","SI"
67,12,25,"PP","SI"
217,1,25,"PP","SI"
64,16,25,"PP","SI"
62,8,25,"PP","SI"
57,12,25,"PP","SI"
91,10,25,"PP","SI"
66,1,25,"PP","SI"
41,2,25,"PP","SI"
44,33,25,"PP","SI"
44,33,25,"PP","SI"
77,20,25,"PP","SI"
48,6,25,"PP","SI"
75,6,25,"PP","SI"
64,16,25,"PP","SI"
28,32,25,"PP","SI"
45,8,25,"PP","SI"
208,1,25,"PP","SI"
33,13,25,"PP","SI"
18,4,25,"PP","SI"
16,7,25,"PP","SI"
46,6,25,"PP","SI"
72,9,25,"PP","SI"
19,11,25,"PP","SI"
56,7,25,"PP","SI"
14,33,25,"PP","SI"
7,10,25,"PP","SI"
31,6,25,"PP","SI"
48,6,26,"PP","SI"
26,70,26,"PP","SI"
28,32,26,"PP","SI"
44,33,26,"PP","SI"
81,2,26,"PP","SI"
19,11,26,"PP","SI"
51,3,26,"PP","SI"
298,1,26,"PP","SI"
48,6,26,"PP","SI"
62,8,26,"PP","SI"
11,33,26,"PP","SI"
16,7,26,"PP","SI"
80,7,26,"PP","SI"
62,8,26,"PP","SI"
12,12,26,"PP","SI"
23,8,26,"PP","SI"
77,20,26,"PP","SI"
47,10,26,"PP","SI"
18,4,26,"PP","SI"
217,1,26,"PP","SI"
4,11,26,"PP","SI"
77,20,26,"PP","SI"
13,4,26,"PP","SI"
14,33,26,"PP","SI"
17,6,26,"PP","SI"
24,5,26,"PP","SI"
11,33,26,"PP","SI"
32,11,26,"PP","SI"
59,6,26,"PP","SI"
59,6,26,"PP","SI"
20,8,26,"PP","SI"
19,11,26,"PP","SI"
33,13,27,"PP","SI"
24,5,27,"PP","SI"
19,11,27,"PP","SI"
33,13,27,"PP","SI"
23,8,27,"PP","SI"
20,8,27,"PP","SI"
11,33,27,"PP","SI"
81,2,27,"PP","SI"
200,1,27,"PP","SI"
86,4,27,"PP","SI"
48,6,27,"PP","SI"
48,6,27,"PP","SI"
46,6,27,"PP","SI"
64,16,27,"PP","SI"
76,7,27,"PP","SI"
16,7,27,"PP","SI"
61,40,27,"PP","SI"
26,70,27,"PP","SI"
15,1,27,"PP","SI"
32,11,27,"PP","SI"
28,32,27,"PP","SI"
12,12,27,"PP","SI"
91,10,27,"PP","SI"
77,20,27,"PP","SI"
28,32,27,"PP","SI"
14,33,27,"PP","SI"
4,11,27,"PP","SI"
61,40,27,"PP","SI"
7,10,27,"PP","SI"
19,11,27,"PP","SI"
18,4,27,"PP","SI"
78,11,27,"PP","SI"
26,70,28,"PP","SI"
78,11,28,"PP","SI"
38,6,28,"PP","SI"
61,40,28,"PP","SI"
217,1,28,"PP","SI"
47,10,28,"PP","SI"
14,33,28,"PP","SI"
30,3,28,"PP","SI"
77,20,28,"PP","SI"
61,40,28,"PP","SI"
62,8,28,"PP","SI"
76,7,28,"PP","SI"
64,16,28,"PP","SI"
57,12,28,"PP","SI"
28,32,28,"PP","SI"
5,7,28,"PP","SI"
59,6,28,"PP","SI"
48,6,28,"PP","SI"
442,1,28,"PP","SI"
86,4,28,"PP","SI"
67,12,28,"PP","SI"
7,10,28,"PP","SI"
32,11,28,"PP","SI"
27,3,28,"PP","SI"
12,12,28,"PP","SI"
17,6,28,"PP","SI"
57,12,28,"PP","SI"
19,11,28,"PP","SI"
49,6,28,"PP","SI"
536,1,28,"PP","SI"
39,1,28,"PP","SI"
80,7,28,"PP","SI"
48,6,29,"PP","SI"
16,7,29,"PP","SI"
7,10,29,"PP","SI"
33,13,29,"PP","SI"
8,6,29,"PP","SI"
24,5,29,"PP","SI"
19,11,29,"PP","SI"
26,70,29,"PP","SI"
82,1,29,"PP","SI"
26,70,29,"PP","SI"
4,11,29,"PP","SI"
2,16,29,"PP","SI"
57,12,29,"PP","SI"
12,12,29,"PP","SI"
13,4,29,"PP","SI"
81,2,29,"PP","SI"
41,2,29,"PP","SI"
77,20,29,"PP","SI"
62,8,29,"PP","SI"
46,6,29,"PP","SI"
91,10,29,"PP","SI"
298,1,29,"PP","SI"
14,33,29,"PP","SI"
67,12,29,"PP","SI"
80,7,29,"PP","SI"
44,33,29,"PP","SI"
11,33,29,"PP","SI"
20,8,29,"PP","SI"
86,4,29,"PP","SI"
7,10,29,"PP","SI"
64,16,29,"PP","SI"
39,1,29,"PP","SI"
36,5,30,"PP","SI"
78,11,30,"PP","SI"
80,7,30,"PP","SI"
62,8,30,"PP","SI"
59,6,30,"PP","SI"
26,70,30,"PP","SI"
62,8,30,"PP","SI"
536,1,30,"PP","SI"
12,12,30,"PP","SI"
15,1,30,"PP","SI"
61,40,30,"PP","SI"
91,10,30,"PP","SI"
47,10,30,"PP","SI"
33,13,30,"PP","SI"
39,1,30,"PP","SI"
82,1,30,"PP","SI"
72,9,30,"PP","SI"
28,32,30,"PP","SI"
51,3,30,"PP","SI"
19,11,30,"PP","SI"
13,4,30,"PP","SI"
4,11,30,"PP","SI"
30,3,30,"PP","SI"
41,2,30,"PP","SI"
66,1,30,"PP","SI"
46,6,30,"PP","SI"
59,6,30,"PP","SI"
28,32,30,"PP","SI"
26,70,30,"PP","SI"
64,16,30,"PP","SI"
14,33,30,"PP","SI"
18,4,30,"PP","SI"
14,33,31,"PP","SI"
17,6,31,"PP","SI"
32,11,31,"PP","SI"
62,8,31,"PP","SI"
64,16,31,"PP","SI"
4,11,31,"PP","SI"
75,6,31,"PP","SI"
59,6,31,"PP","SI"
208,1,31,"PP","SI"
64,16,31,"PP","SI"
298,1,31,"PP","SI"
61,40,31,"PP","SI"
49,6,31,"PP","SI"
20,8,31,"PP","SI"
41,2,31,"PP","SI"
24,5,31,"PP","SI"
47,10,31,"PP","SI"
45,8,31,"PP","SI"
33,13,31,"PP","SI"
33,13,31,"PP","SI"
86,4,31,"PP","SI"
91,10,31,"PP","SI"
12,12,31,"PP","SI"
28,32,31,"PP","SI"
80,7,31,"PP","SI"
76,7,31,"PP","SI"
32,11,31,"PP","SI"
30,3,31,"PP","SI"
61,40,31,"PP","SI"
2,16,31,"PP","SI"
217,1,31,"PP","SI"
57,12,31,"PP","SI"
13,4,32,"PP","SI"
66,1,32,"PP","SI"
41,2,32,"PP","SI"
7,10,32,"PP","SI"
8,6,32,"PP","SI"
82,1,32,"PP","SI"
24,5,32,"PP","SI"
47,10,32,"PP","SI"
77,20,32,"PP","SI"
38,6,32,"PP","SI"
26,70,32,"PP","SI"
59,6,32,"PP","SI"
76,7,32,"PP","SI"
14,33,32,"PP","SI"
17,6,32,"PP","SI"
57,12,32,"PP","SI"
442,1,32,"PP","SI"
217,1,32,"PP","SI"
19,11,32,"PP","SI"
56,7,32,"PP","SI"
5,7,32,"PP","SI"
80,7,32,"PP","SI"
64,16,32,"PP","SI"
298,1,32,"PP","SI"
64,16,32,"PP","SI"
44,33,32,"PP","SI"
67,12,32,"PP","SI"
61,40,32,"PP","SI"
23,8,32,"PP","SI"
32,11,32,"PP","SI"
536,1,32,"PP","SI"
19,11,32,"PP","SI"
4,11,33,"PP","SI"
19,11,33,"PP","SI"
41,2,33,"PP","SI"
46,6,33,"PP","SI"
91,10,33,"PP","SI"
14,33,33,"PP","SI"
28,32,33,"PP","SI"
31,6,33,"PP","SI"
67,12,33,"PP","SI"
18,4,33,"PP","SI"
51,3,33,"PP","SI"
82,1,33,"PP","SI"
17,6,33,"PP","SI"
59,6,33,"PP","SI"
36,5,33,"PP","SI"
16,7,33,"PP","SI"
28,32,33,"PP","SI"
217,1,33,"PP","SI"
19,11,33,"PP","SI"
47,10,33,"PP","SI"
45,8,33,"PP","SI"
78,11,33,"PP","SI"
66,1,33,"PP","SI"
61,40,33,"PP","SI"
298,1,33,"PP","SI"
81,2,33,"PP","SI"
59,6,33,"PP","SI"
7,10,33,"PP","SI"
200,1,33,"PP","SI"
60,6,33,"PP","SI"
11,33,33,"PP","SI"
44,33,33,"PP","SI"
91,10,34,"PP","SI"
78,11,34,"PP","SI"
13,4,34,"PP","SI"
47,10,34,"PP","SI"
23,8,34,"PP","SI"
48,6,34,"PP","SI"
67,12,34,"PP","SI"
7,10,34,"PP","SI"
44,33,34,"PP","SI"
41,2,34,"PP","SI"
45,8,34,"PP","SI"
17,6,34,"PP","SI"
57,12,34,"PP","SI"
12,12,34,"PP","SI"
62,8,34,"PP","SI"
77,20,34,"PP","SI"
59,6,34,"PP","SI"
48,6,34,"PP","SI"
32,11,34,"PP","SI"
66,1,34,"PP","SI"
82,1,34,"PP","SI"
28,32,34,"PP","SI"
46,6,34,"PP","SI"
5,7,34,"PP","SI"
64,16,34,"PP","SI"
26,70,34,"PP","SI"
11,33,34,"PP","SI"
26,70,34,"PP","SI"
30,3,34,"PP","SI"
20,8,34,"PP","SI"
81,2,34,"PP","SI"
64,16,34,"PP","SI"
78,11,35,"PP","SI"
200,1,35,"PP","SI"
208,1,35,"PP","SI"
77,20,35,"PP","SI"
12,12,35,"PP","SI"
26,70,35,"PP","SI"
76,7,35,"PP","SI"
59,6,35,"PP","SI"
11,33,35,"PP","SI"
66,1,35,"PP","SI"
8,6,35,"PP","SI"
2,16,35,"PP","SI"
298,1,35,"PP","SI"
536,1,35,"PP","SI"
59,6,35,"PP","SI"
57,12,35,"PP","SI"
32,11,35,"PP","SI"
5,7,35,"PP","SI"
80,7,35,"PP","SI"
36,5,35,"PP","SI"
60,6,35,"PP","SI"
44,33,35,"PP","SI"
33,13,35,"PP","SI"
64,16,35,"PP","SI"
18,4,35,"PP","SI"
7,10,35,"PP","SI"
30,3,35,"PP","SI"
91,10,35,"PP","SI"
19,11,35,"PP","SI"
30,3,35,"PP","SI"
7,10,35,"PP","SI"
64,16,35,"PP","SI"
67,12,36,"PP","SI"
81,2,36,"PP","SI"
75,6,36,"PP","SI"
57,12,36,"PP","SI"
4,11,36,"PP","SI"
442,1,36,"PP","SI"
5,7,36,"PP","SI"
17,6,36,"PP","SI"
72,9,36,"PP","SI"
76,7,36,"PP","SI"
80,7,36,"PP","SI"
41,2,36,"PP","SI"
26,70,36,"PP","SI"
67,12,36,"PP","SI"
20,8,36,"PP","SI"
7,10,36,"PP","SI"
80,7,36,"PP","SI"
28,32,36,"PP","SI"
44,33,36,"PP","SI"
38,6,36,"PP","SI"
86,4,36,"PP","SI"
19,11,36,"PP","SI"
32,11,36,"PP","SI"
14,33,36,"PP","SI"
48,6,36,"PP","SI"
91,10,36,"PP","SI"
19,11,36,"PP","SI"
47,10,36,"PP","SI"
62,8,36,"PP","SI"
78,11,36,"PP","SI"
82,1,36,"PP","SI"
41,2,36,"PP","SI"
19,11,37,"PP","SI"
23,8,37,"PP","SI"
30,3,37,"PP","SI"
12,12,37,"PP","SI"
31,6,37,"PP","SI"
208,1,37,"PP","SI"
13,4,37,"PP","SI"
5,7,37,"PP","SI"
217,1,37,"PP","SI"
11,33,37,"PP","SI"
64,16,37,"PP","SI"
41,2,37,"PP","SI"
62,8,37,"PP","SI"
67,12,37,"PP","SI"
28,32,37,"PP","SI"
27,3,37,"PP","SI"
298,1,37,"PP","SI"
51,3,37,"PP","SI"
80,7,37,"PP","SI"
20,8,37,"PP","SI"
442,1,37,"PP","SI"
14,33,37,"PP","SI"
33,13,37,"PP","SI"
4,11,37,"PP","SI"
38,6,37,"PP","SI"
32,11,37,"PP","SI"
17,6,37,"PP","SI"
8,6,37,"PP","SI"
64,16,37,"PP","SI"
62,8,37,"PP","SI"
46,6,37,"PP","SI"
24,5,37,"PP","SI"
41,2,38,"PP","SI"
45,8,38,"PP","SI"
26,70,38,"PP","SI"
66,1,38,"PP","SI"
28,32,38,"PP","SI"
72,9,38,"PP","SI"
64,16,38,"PP","SI"
39,1,38,"PP","SI"
67,12,38,"PP","SI"
17,6,38,"PP","SI"
4,11,38,"PP","SI"
32,11,38,"PP","SI"
46,6,38,"PP","SI"
442,1,38,"PP","SI"
11,33,38,"PP","SI"
59,6,38,"PP","SI"
44,33,38,"PP","SI"
15,1,38,"PP","SI"
28,32,38,"PP","SI"
48,6,38,"PP","SI"
12,12,38,"PP","SI"
78,11,38,"PP","SI"
19,11,38,"PP","SI"
536,1,38,"PP","SI"
33,13,38,"PP","SI"
81,2,38,"PP","SI"
49,6,38,"PP","SI"
59,6,38,"PP","SI"
77,20,38,"PP","SI"
64,16,38,"PP","SI"
44,33,38,"PP","SI"
23,8,38,"PP","SI"
47,10,39,"PP","SI"
33,13,39,"PP","SI"
23,8,39,"PP","SI"
7,10,39,"PP","SI"
62,8,39,"PP","SI"
48,6,39,"PP","SI"
30,3,39,"PP","SI"
14,33,39,"PP","SI"
8,6,39,"PP","SI"
80,7,39,"PP","SI"
41,2,39,"PP","SI"
536,1,39,"PP","SI"
298,1,39,"PP","SI"
49,6,39,"PP","SI"
62,8,39,"PP","SI"
48,6,39,"PP","SI"
38,6,39,"PP","SI"
200,1,39,"PP","SI"
16,7,39,"PP","SI"
13,4,39,"PP","SI"
32,11,39,"PP","SI"
32,11,39,"PP","SI"
26,70,39,"PP","SI"
64,16,39,"PP","SI"
24,5,39,"PP","SI"
39,1,39,"PP","SI"
217,1,39,"PP","SI"
44,33,39,"PP","SI"
67,12,39,"PP","SI"
27,3,39,"PP","SI"
31,6,39,"PP","SI"
46,6,39,"PP","SI"
200,1,40,"PP","SI"
59,6,40,"PP","SI"
2,16,40,"PP","SI"
26,70,40,"PP","SI"
66,1,40,"PP","SI"
13,4,40,"PP","SI"
77,20,40,"PP","SI"
8,6,40,"PP","SI"
298,1,40,"PP","SI"
30,3,40,"PP","SI"
86,4,40,"PP","SI"
59,6,40,"PP","SI"
12,12,40,"PP","SI"
442,1,40,"PP","SI"
39,1,40,"PP","SI"
11,33,40,"PP","SI"
14,33,40,"PP","SI"
57,12,40,"PP","SI"
41,2,40,"PP","SI"
44,33,40,"PP","SI"
33,13,40,"PP","SI"
72,9,40,"PP","SI"
56,7,40,"PP","SI"
14,33,40,"PP","SI"
67,12,40,"PP","SI"
208,1,40,"PP","SI"
46,6,40,"PP","SI"
32,11,40,"PP","SI"
67,12,40,"PP","SI"
17,6,40,"PP","SI"
16,7,40,"PP","SI"
64,16,40,"PP","SI"
44,33,41,"PP","SI"
13,4,41,"PP","SI"
48,6,41,"PP","SI"
17,6,41,"PP","SI"
44,33,41,"PP","SI"
28,32,41,"PP","SI"
82,1,41,"PP","SI"
36,5,41,"PP","SI"
64,16,41,"PP","SI"
30,3,41,"PP","SI"
49,6,41,"PP","SI"
38,6,41,"PP","SI"
200,1,41,"PP","SI"
30,3,41,"PP","SI"
12,12,41,"PP","SI"
77,20,41,"PP","SI"
32,11,41,"PP","SI"
7,10,41,"PP","SI"
76,7,41,"PP","SI"
46,6,41,"PP","SI"
5,7,41,"PP","SI"
7,10,41,"PP","SI"
4,11,41,"PP","SI"
27,3,41,"PP","SI"
78,11,41,"PP","SI"
41,2,41,"PP","SI"
47,10,41,"PP","SI"
59,6,41,"PP","SI"
57,12,41,"PP","SI"
13,4,41,"PP","SI"
60,6,41,"PP","SI"
19,11,41,"PP","SI"
81,2,42,"PP","SI"
14,33,42,"PP","SI"
8,6,42,"PP","SI"
23,8,42,"PP","SI"
48,6,42,"PP","SI"
46,6,42,"PP","SI"
12,12,42,"PP","SI"
30,3,42,"PP","SI"
77,20,42,"PP","SI"
36,5,42,"PP","SI"
31,6,42,"PP","SI"
19,11,42,"PP","SI"
13,4,42,"PP","SI"
44,33,42,"PP","SI"
11,33,42,"PP","SI"
41,2,42,"PP","SI"
38,6,42,"PP","SI"
39,1,42,"PP","SI"
48,6,42,"PP","SI"
15,1,42,"PP","SI"
61,40,42,"PP","SI"
78,11,42,"PP","SI"
80,7,42,"PP","SI"
18,4,42,"PP","SI"
76,7,42,"PP","SI"
27,3,42,"PP","SI"
208,1,42,"PP","SI"
2,16,42,"PP","SI"
200,1,42,"PP","SI"
536,1,42,"PP","SI"
19,11,42,"PP","SI"
49,6,42,"PP","SI"
80,7,43,"PP","SI"
24,5,43,"PP","SI"
49,6,43,"PP","SI"
78,11,43,"PP","SI"
15,1,43,"PP","SI"
28,32,43,"PP","SI"
32,11,43,"PP","SI"
59,6,43,"PP","SI"
78,11,43,"PP","SI"
536,1,43,"PP","SI"
41,2,43,"PP","SI"
72,9,43,"PP","SI"
12,12,43,"PP","SI"
56,7,43,"PP","SI"
48,6,43,"PP","SI"
18,4,43,"PP","SI"
33,13,43,"PP","SI"
51,3,43,"PP","SI"
47,10,43,"PP","SI"
91,10,43,"PP","SI"
61,40,43,"PP","SI"
38,6,43,"PP","SI"
77,20,43,"PP","SI"
14,33,43,"PP","SI"
46,6,43,"PP","SI"
31,6,43,"PP","SI"
17,6,43,"PP","SI"
48,6,43,"PP","SI"
61,40,43,"PP","SI"
44,33,43,"PP","SI"
298,1,43,"PP","SI"
91,10,43,"PP","SI"
27,3,44,"PP","SI"
49,6,44,"PP","SI"
442,1,44,"PP","SI"
67,12,44,"PP","SI"
44,33,44,"PP","SI"
76,7,44,"PP","SI"
56,7,44,"PP","SI"
36,5,44,"PP","SI"
536,1,44,"PP","SI"
14,33,44,"PP","SI"
15,1,44,"PP","SI"
47,10,44,"PP","SI"
17,6,44,"PP","SI"
59,6,44,"PP","SI"
32,11,44,"PP","SI"
32,11,44,"PP","SI"
59,6,44,"PP","SI"
48,6,44,"PP","SI"
64,16,44,"PP","SI"
38,6,44,"PP","SI"
46,6,44,"PP","SI"
82,1,44,"PP","SI"
24,5,44,"PP","SI"
5,7,44,"PP","SI"
62,8,44,"PP","SI"
14,33,44,"PP","SI"
19,11,44,"PP","SI"
12,12,44,"PP","SI"
17,6,44,"PP","SI"
80,7,44,"PP","SI"
33,13,44,"PP","SI"
57,12,44,"PP","SI"
48,6,45,"PP","SI"
442,1,45,"PP","SI"
2,16,45,"PP","SI"
39,1,45,"PP","SI"
57,12,45,"PP","SI"
61,40,45,"PP","SI"
38,6,45,"PP","SI"
41,2,45,"PP","SI"
48,6,45,"PP","SI"
15,1,45,"PP","SI"
60,6,45,"PP","SI"
72,9,45,"PP","SI"
7,10,45,"PP","SI"
67,12,45,"PP","SI"
62,8,45,"PP","SI"
49,6,45,"PP","SI"
86,4,45,"PP","SI"
36,5,45,"PP","SI"
24,5,45,"PP","SI"
67,12,45,"PP","SI"
19,11,45,"PP","SI"
30,3,45,"PP","SI"
13,4,45,"PP","SI"
17,6,45,"PP","SI"
76,7,45,"PP","SI"
62,8,45,"PP","SI"
81,2,45,"PP","SI"
27,3,45,"PP","SI"
20,8,45,"PP","SI"
59,6,45,"PP","SI"
12,12,45,"PP","SI"
536,1,45,"PP","SI"
38,6,46,"PP","SI"
57,12,46,"PP","SI"
67,12,46,"PP","SI"
5,7,46,"PP","SI"
81,2,46,"PP","SI"
200,1,46,"PP","SI"
66,1,46,"PP","SI"
32,11,46,"PP","SI"
78,11,46,"PP","SI"
80,7,46,"PP","SI"
23,8,46,"PP","SI"
80,7,46,"PP","SI"
7,10,46,"PP","SI"
28,32,46,"PP","SI"
77,20,46,"PP","SI"
30,3,46,"PP","SI"
91,10,46,"PP","SI"
41,2,46,"PP","SI"
18,4,46,"PP","SI"
33,13,46,"PP","SI"
14,33,46,"PP","SI"
39,1,46,"PP","SI"
16,7,46,"PP","SI"
31,6,46,"PP","SI"
14,33,46,"PP","SI"
91,10,46,"PP","SI"
27,3,46,"PP","SI"
49,6,46,"PP","SI"
15,1,46,"PP","SI"
7,10,46,"PP","SI"
4,11,46,"PP","SI"
78,11,46,"PP","SI"
13,4,47,"PP","SI"
23,8,47,"PP","SI"
38,6,47,"PP","SI"
14,33,47,"PP","SI"
77,20,47,"PP","SI"
18,4,47,"PP","SI"
57,12,47,"PP","SI"
30,3,47,"PP","SI"
46,6,47,"PP","SI"
24,5,47,"PP","SI"
72,9,47,"PP","SI"
7,10,47,"PP","SI"
39,1,47,"PP","SI"
59,6,47,"PP","SI"
48,6,47,"PP","SI"
61,40,47,"PP","SI"
45,8,47,"PP","SI"
64,16,47,"PP","SI"
208,1,47,"PP","SI"
27,3,47,"PP","SI"
91,10,47,"PP","SI"
19,11,47,"PP","SI"
32,11,47,"PP","SI"
59,6,47,"PP","SI"
19,11,47,"PP","SI"
91,10,47,"PP","SI"
14,33,47,"PP","SI"
12,12,47,"PP","SI"
57,12,47,"PP","SI"
60,6,47,"PP","SI"
26,70,47,"PP","SI"
33,13,47,"PP","SI"
26,70,48,"PP","SI"
44,33,48,"PP","SI"
4,11,48,"PP","SI"
59,6,48,"PP","SI"
7,10,48,"PP","SI"
28,32,48,"PP","SI"
536,1,48,"PP","SI"
62,8,48,"PP","SI"
82,1,48,"PP","SI"
57,12,48,"PP","SI"
91,10,48,"PP","SI"
59,6,48,"PP","SI"
67,12,48,"PP","SI"
67,12,48,"PP","SI"
30,3,48,"PP","SI"
14,33,48,"PP","SI"
12,12,48,"PP","SI"
66,1,48,"PP","SI"
38,6,48,"PP","SI"
24,5,48,"PP","SI"
19,11,48,"PP","SI"
30,3,48,"PP","SI"
26,70,48,"PP","SI"
17,6,48,"PP","SI"
77,20,48,"PP","SI"
13,4,48,"PP","SI"
2,16,48,"PP","SI"
62,8,48,"PP","SI"
13,4,48,"PP","SI"
48,6,48,"PP","SI"
86,4,48,"PP","SI"
76,7,48,"PP","SI"
80,7,49,"PP","SI"
27,3,49,"PP","SI"
62,8,49,"PP","SI"
66,1,49,"PP","SI"
36,5,49,"PP","SI"
62,8,49,"PP","SI"
64,16,49,"PP","SI"
12,12,49,"PP","SI"
64,16,49,"PP","SI"
81,2,49,"PP","SI"
47,10,49,"PP","SI"
13,4,49,"PP","SI"
26,70,49,"PP","SI"
39,1,49,"PP","SI"
91,10,49,"PP","SI"
45,8,49,"PP","SI"
20,8,49,"PP","SI"
11,33,49,"PP","SI"
91,10,49,"PP","SI"
44,33,49,"PP","SI"
23,8,49,"PP","SI"
32,11,49,"PP","SI"
28,32,49,"PP","SI"
60,6,49,"PP","SI"
30,3,49,"PP","SI"
51,3,49,"PP","SI"
7,10,49,"PP","SI"
17,6,49,"PP","SI"
5,7,49,"PP","SI"
13,4,49,"PP","SI"
59,6,49,"PP","SI"
72,9,49,"PP","SI"
72,9,50,"PP","SI"
442,1,50,"PP","SI"
64,16,50,"PP","SI"
59,6,50,"PP","SI"
67,12,50,"PP","SI"
61,40,50,"PP","SI"
5,7,50,"PP","SI"
11,33,50,"PP","SI"
45,8,50,"PP","SI"
46,6,50,"PP","SI"
78,11,50,"PP","SI"
8,6,50,"PP","SI"
536,1,50,"PP","SI"
80,7,50,"PP","SI"
200,1,50,"PP","SI"
44,33,50,"PP","SI"
19,11,50,"PP","SI"
60,6,50,"PP","SI"
24,5,50,"PP","SI"
17,6,50,"PP","SI"
48,6,50,"PP","SI"
28,32,50,"PP","SI"
7,10,50,"PP","SI"
32,11,50,"PP","SI"
33,13,50,"PP","SI"
41,2,50,"PP","SI"
30,3,50,"PP","SI"
33,13,50,"PP","SI"
36,5,50,"PP","SI"
13,4,50,"PP","SI"
38,6,50,"PP","SI"
82,1,50,"PP","SI"
38,6,51,"PP","SI"
57,12,51,"PP","SI"
11,33,51,"PP","SI"
7,10,51,"PP","SI"
32,11,51,"PP","SI"
67,12,51,"PP","SI"
15,1,51,"PP","SI"
536,1,51,"PP","SI"
78,11,51,"PP","SI"
17,6,51,"PP","SI"
72,9,51,"PP","SI"
44,33,51,"PP","SI"
32,11,51,"PP","SI"
30,3,51,"PP","SI"
48,6,51,"PP","SI"
76,7,51,"PP","SI"
13,4,51,"PP","SI"
66,1,51,"PP","SI"
16,7,51,"PP","SI"
41,2,51,"PP","SI"
17,6,51,"PP","SI"
36,5,51,"PP","SI"
8,6,51,"PP","SI"
7,10,51,"PP","SI"
80,7,51,"PP","SI"
59,6,51,"PP","SI"
62,8,51,"PP","SI"
13,4,51,"PP","SI"
60,6,51,"PP","SI"
19,11,51,"PP","SI"
26,70,51,"PP","SI"
217,1,51,"PP","SI"
298,1,52,"PP","SI"
59,6,52,"PP","SI"
61,40,52,"PP","SI"
80,7,52,"PP","SI"
72,9,52,"PP","SI"
32,11,52,"PP","SI"
17,6,52,"PP","SI"
48,6,52,"PP","SI"
82,1,52,"PP","SI"
66,1,52,"PP","SI"
44,33,52,"PP","SI"
49,6,52,"PP","SI"
56,7,52,"PP","SI"
78,11,52,"PP","SI"
67,12,52,"PP","SI"
2,16,52,"PP","SI"
15,1,52,"PP","SI"
28,32,52,"PP","SI"
76,7,52,"PP","SI"
200,1,52,"PP","SI"
33,13,52,"PP","SI"
4,11,52,"PP","SI"
31,6,52,"PP","SI"
64,16,52,"PP","SI"
19,11,52,"PP","SI"
57,12,52,"PP","SI"
12,12,52,"PP","SI"
91,10,52,"PP","SI"
16,7,52,"PP","SI"
36,5,52,"PP","SI"
11,33,52,"PP","SI"
59,6,52,"PP","SI"
41,2,53,"PP","SI"
91,10,53,"PP","SI"
80,7,53,"PP","SI"
72,9,53,"PP","SI"
86,4,53,"PP","SI"
18,4,53,"PP","SI"
11,33,53,"PP","SI"
17,6,53,"PP","SI"
82,1,53,"PP","SI"
217,1,53,"PP","SI"
78,11,53,"PP","SI"
8,6,53,"PP","SI"
14,33,53,"PP","SI"
66,1,53,"PP","SI"
14,33,53,"PP","SI"
61,40,53,"PP","SI"
208,1,53,"PP","SI"
13,4,53,"PP","SI"
2,16,53,"PP","SI"
17,6,53,"PP","SI"
48,6,53,"PP","SI"
30,3,53,"PP","SI"
45,8,53,"PP","SI"
7,10,53,"PP","SI"
33,13,53,"PP","SI"
77,20,53,"PP","SI"
44,33,53,"PP","SI"
19,11,53,"PP","SI"
38,6,53,"PP","SI"
60,6,53,"PP","SI"
36,5,53,"PP","SI"
26,70,53,"PP","SI"
11,33,54,"PP","SI"
72,9,54,"PP","SI"
67,12,54,"PP","SI"
81,2,54,"PP","SI"
41,2,54,"PP","SI"
32,11,54,"PP","SI"
38,6,54,"PP","SI"
16,7,54,"PP","SI"
32,11,54,"PP","SI"
60,6,54,"PP","SI"
4,11,54,"PP","SI"
5,7,54,"PP","SI"
200,1,54,"PP","SI"
66,1,54,"PP","SI"
61,40,54,"PP","SI"
46,6,54,"PP","SI"
15,1,54,"PP","SI"
80,7,54,"PP","SI"
67,12,54,"PP","SI"
36,5,54,"PP","SI"
2,16,54,"PP","SI"
536,1,54,"PP","SI"
14,33,54,"PP","SI"
208,1,54,"PP","SI"
78,11,54,"PP","SI"
56,7,54,"PP","SI"
39,1,54,"PP","SI"
38,6,54,"PP","SI"
13,4,54,"PP","SI"
62,8,54,"PP","SI"
64,16,54,"PP","SI"
76,7,54,"PP","SI"
48,6,55,"PP","SI"
26,70,55,"PP","SI"
33,13,55,"PP","SI"
67,12,55,"PP","SI"
51,3,55,"PP","SI"
77,20,55,"PP","SI"
61,40,55,"PP","SI"
200,1,55,"PP","SI"
48,6,55,"PP","SI"
208,1,55,"PP","SI"
32,11,55,"PP","SI"
72,9,55,"PP","SI"
32,11,55,"PP","SI"
7,10,55,"PP","SI"
56,7,55,"PP","SI"
14,33,55,"PP","SI"
47,10,55,"PP","SI"
27,3,55,"PP","SI"
5,7,55,"PP","SI"
41,2,55,"PP","SI"
44,33,55,"PP","SI"
14,33,55,"PP","SI"
19,11,55,"PP","SI"
20,8,55,"PP","SI"
16,7,55,"PP","SI"
82,1,55,"PP","SI"
45,8,55,"PP","SI"
536,1,55,"PP","SI"
91,10,55,"PP","SI"
19,11,55,"PP","SI"
81,2,55,"PP","SI"
217,1,55,"PP","SI"
19,11,56,"PP","SI"
14,33,56,"PP","SI"
17,6,56,"PP","SI"
36,5,56,"PP","SI"
18,4,56,"PP","SI"
61,40,56,"PP","SI"
11,33,56,"PP","SI"
14,33,56,"PP","SI"
51,3,56,"PP","SI"
23,8,56,"PP","SI"
26,70,56,"PP","SI"
15,1,56,"PP","SI"
45,8,56,"PP","SI"
442,1,56,"PP","SI"
12,12,56,"PP","SI"
30,3,56,"PP","SI"
11,33,56,"PP","SI"
80,7,56,"PP","SI"
32,11,56,"PP","SI"
67,12,56,"PP","SI"
81,2,56,"PP","SI"
217,1,56,"PP","SI"
57,12,56,"PP","SI"
76,7,56,"PP","SI"
59,6,56,"PP","SI"
61,40,56,"PP","SI"
12,12,56,"PP","SI"
75,6,56,"PP","SI"
32,11,56,"PP","SI"
208,1,56,"PP","SI"
78,11,56,"PP","SI"
62,8,56,"PP","SI"
81,2,57,"PP","SI"
62,8,57,"PP","SI"
77,20,57,"PP","SI"
30,3,57,"PP","SI"
33,13,57,"PP","SI"
41,2,57,"PP","SI"
64,16,57,"PP","SI"
19,11,57,"PP","SI"
28,32,57,"PP","SI"
24,5,57,"PP","SI"
13,4,57,"PP","SI"
536,1,57,"PP","SI"
91,10,57,"PP","SI"
12,12,57,"PP","SI"
28,32,57,"PP","SI"
60,6,57,"PP","SI"
64,16,57,"PP","SI"
67,12,57,"PP","SI"
44,33,57,"PP","SI"
67,12,57,"PP","SI"
298,1,57,"PP","SI"
17,6,57,"PP","SI"
5,7,57,"PP","SI"
33,13,57,"PP","SI"
48,6,57,"PP","SI"
45,8,57,"PP","SI"
57,12,57,"PP","SI"
82,1,57,"PP","SI"
7,10,57,"PP","SI"
18,4,57,"PP","SI"
41,2,57,"PP","SI"
47,10,57,"PP","SI"
60,6,58,"PP","SI"
78,11,58,"PP","SI"
17,6,58,"PP","SI"
18,4,58,"PP","SI"
76,7,58,"PP","SI"
48,6,58,"PP","SI"
11,33,58,"PP","SI"
59,6,58,"PP","SI"
5,7,58,"PP","SI"
19,11,58,"PP","SI"
57,12,58,"PP","SI"
44,33,58,"PP","SI"
16,7,58,"PP","SI"
20,8,58,"PP","SI"
75,6,58,"PP","SI"
14,33,58,"PP","SI"
13,4,58,"PP","SI"
67,12,58,"PP","SI"
298,1,58,"PP","SI"
30,3,58,"PP","SI"
27,3,58,"PP","SI"
77,20,58,"PP","SI"
33,13,58,"PP","SI"
86,4,58,"PP","SI"
38,6,58,"PP","SI"
26,70,58,"PP","SI"
13,4,58,"PP","SI"
80,7,58,"PP","SI"
536,1,58,"PP","SI"
46,6,58,"PP","SI"
217,1,58,"PP","SI"
200,1,58,"PP","SI"
11,33,59,"PP","SI"
60,6,59,"PP","SI"
4,11,59,"PP","SI"
86,4,59,"PP","SI"
8,6,59,"PP","SI"
200,1,59,"PP","SI"
13,4,59,"PP","SI"
32,11,59,"PP","SI"
61,40,59,"PP","SI"
57,12,59,"PP","SI"
61,40,59,"PP","SI"
48,6,59,"PP","SI"
32,11,59,"PP","SI"
39,1,59,"PP","SI"
28,32,59,"PP","SI"
14,33,59,"PP","SI"
7,10,59,"PP","SI"
31,6,59,"PP","SI"
64,16,59,"PP","SI"
30,3,59,"PP","SI"
298,1,59,"PP","SI"
15,1,59,"PP","SI"
77,20,59,"PP","SI"
33,13,59,"PP","SI"
64,16,59,"PP","SI"
46,6,59,"PP","SI"
26,70,59,"PP","SI"
30,3,59,"PP","SI"
38,6,59,"PP","SI"
19,11,59,"PP","SI"
5,7,59,"PP","SI"
67,12,59,"PP","SI"
67,12,60,"PP","SI"
28,32,60,"PP","SI"
77,20,60,"PP","SI"
61,40,60,"PP","SI"
31,6,60,"PP","SI"
536,1,60,"PP","SI"
32,11,60,"PP","SI"
49,6,60,"PP","SI"
41,2,60,"PP","SI"
47,10,60,"PP","SI"
30,3,60,"PP","SI"
57,12,60,"PP","SI"
59,6,60,"PP","SI"
39,1,60,"PP","SI"
33,13,60,"PP","SI"
27,3,60,"PP","SI"
72,9,60,"PP","SI"
24,5,60,"PP","SI"
20,8,60,"PP","SI"
61,40,60,"PP","SI"
12,12,60,"PP","SI"
2,16,60,"PP","SI"
298,1,60,"PP","SI"
36,5,60,"PP","SI"
46,6,60,"PP","SI"
200,1,60,"PP","SI"
38,6,60,"PP","SI"
17,6,60,"PP","SI"
60,6,60,"PP","SI"
13,4,60,"PP","SI"
78,11,60,"PP","SI"
11,33,60,"PP","SI"
61,40,61,"PP","SI"
2,16,61,"PP","SI"
28,32,61,"PP","SI"
57,12,61,"PP","SI"
77,20,61,"PP","SI"
66,1,61,"PP","SI"
86,4,61,"PP","SI"
72,9,61,"PP","SI"
14,33,61,"PP","SI"
59,6,61,"PP","SI"
48,6,61,"PP","SI"
76,7,61,"PP","SI"
56,7,61,"PP","SI"
31,6,61,"PP","SI"
5,7,61,"PP","SI"
12,12,61,"PP","SI"
26,70,61,"PP","SI"
18,4,61,"PP","SI"
20,8,61,"PP","SI"
60,6,61,"PP","SI"
7,10,61,"PP","SI"
27,3,61,"PP","SI"
13,4,61,"PP","SI"
80,7,61,"PP","SI"
15,1,61,"PP","SI"
78,11,61,"PP","SI"
298,1,61,"PP","SI"
11,33,61,"PP","SI"
28,32,61,"PP","SI"
77,20,61,"PP","SI"
200,1,61,"PP","SI"
38,6,61,"PP","SI"
44,33,62,"PP","SI"
80,7,62,"PP","SI"
11,33,62,"PP","SI"
18,4,62,"PP","SI"
91,10,62,"PP","SI"
64,16,62,"PP","SI"
57,12,62,"PP","SI"
48,6,62,"PP","SI"
67,12,62,"PP","SI"
7,10,62,"PP","SI"
41,2,62,"PP","SI"
82,1,62,"PP","SI"
33,13,62,"PP","SI"
28,32,62,"PP","SI"
59,6,62,"PP","SI"
56,7,62,"PP","SI"
61,40,62,"PP","SI"
62,8,62,"PP","SI"
81,2,62,"PP","SI"
38,6,62,"PP","SI"
217,1,62,"PP","SI"
7,10,62,"PP","SI"
8,6,62,"PP","SI"
30,3,62,"PP","SI"
17,6,62,"PP","SI"
60,6,62,"PP","SI"
32,11,62,"PP","SI"
46,6,62,"PP","SI"
45,8,62,"PP","SI"
5,7,62,"PP","SI"
15,1,62,"PP","SI"
61,40,62,"PP","SI"
75,6,63,"PP","SI"
32,11,63,"PP","SI"
8,6,63,"PP","SI"
60,6,63,"PP","SI"
30,3,63,"PP","SI"
81,2,63,"PP","SI"
67,12,63,"PP","SI"
64,16,63,"PP","SI"
78,11,63,"PP","SI"
13,4,63,"PP","SI"
47,10,63,"PP","SI"
217,1,63,"PP","SI"
23,8,63,"PP","SI"
44,33,63,"PP","SI"
38,6,63,"PP","SI"
13,4,63,"PP","SI"
28,32,63,"PP","SI"
33,13,63,"PP","SI"
91,10,63,"PP","SI"
57,12,63,"PP","SI"
20,8,63,"PP","SI"
77,20,63,"PP","SI"
46,6,63,"PP","SI"
208,1,63,"PP","SI"
24,5,63,"PP","SI"
56,7,63,"PP","SI"
12,12,63,"PP","SI"
45,8,63,"PP","SI"
31,6,63,"PP","SI"
64,16,63,"PP","SI"
536,1,63,"PP","SI"
48,6,63,"PP","SI"
59,6,64,"PP","SI"
31,6,64,"PP","SI"
62,8,64,"PP","SI"
30,3,64,"PP","SI"
57,12,64,"PP","SI"
82,1,64,"PP","SI"
78,11,64,"PP","SI"
45,8,64,"PP","SI"
14,33,64,"PP","SI"
536,1,64,"PP","SI"
13,4,64,"PP","SI"
60,6,64,"PP","SI"
13,4,64,"PP","SI"
81,2,64,"PP","SI"
61,40,64,"PP","SI"
61,40,64,"PP","SI"
12,12,64,"PP","SI"
41,2,64,"PP","SI"
12,12,64,"PP","SI"
442,1,64,"PP","SI"
59,6,64,"PP","SI"
11,33,64,"PP","SI"
200,1,64,"PP","SI"
38,6,64,"PP","SI"
51,3,64,"PP","SI"
64,16,64,"PP","SI"
77,20,64,"PP","SI"
28,32,64,"PP","SI"
18,4,64,"PP","SI"
38,6,64,"PP","SI"
57,12,64,"PP","SI"
17,6,64,"PP","SI"
31,6,65,"PP","SI"
64,16,65,"PP","SI"
442,1,65,"PP","SI"
59,6,65,"PP","SI"
47,10,65,"PP","SI"
82,1,65,"PP","SI"
48,6,65,"PP","SI"
26,70,65,"PP","SI"
61,40,65,"PP","SI"
45,8,65,"PP","SI"
17,6,65,"PP","SI"
13,4,65,"PP","SI"
86,4,65,"PP","SI"
66,1,65,"PP","SI"
44,33,65,"PP","SI"
7,10,65,"PP","SI"
27,3,65,"PP","SI"
11,33,65,"PP","SI"
11,33,65,"PP","SI"
56,7,65,"PP","SI"
57,12,65,"PP","SI"
91,10,65,"PP","SI"
12,12,65,"PP","SI"
20,8,65,"PP","SI"
62,8,65,"PP","SI"
30,3,65,"PP","SI"
4,11,65,"PP","SI"
57,12,65,"PP","SI"
298,1,65,"PP","SI"
217,1,65,"PP","SI"
33,13,65,"PP","SI"
67,12,65,"PP","SI"
67,12,66,"PP","SI"
77,20,66,"PP","SI"
76,7,66,"PP","SI"
32,11,66,"PP","SI"
61,40,66,"PP","SI"
4,11,66,"PP","SI"
57,12,66,"PP","SI"
49,6,66,"PP","SI"
442,1,66,"PP","SI"
62,8,66,"PP","SI"
17,6,66,"PP","SI"
28,32,66,"PP","SI"
31,6,66,"PP","SI"
47,10,66,"PP","SI"
30,3,66,"PP","SI"
86,4,66,"PP","SI"
19,11,66,"PP","SI"
82,1,66,"PP","SI"
41,2,66,"PP","SI"
27,3,66,"PP","SI"
14,33,66,"PP","SI"
20,8,66,"PP","SI"
72,9,66,"PP","SI"
80,7,66,"PP","SI"
36,5,66,"PP","SI"
60,6,66,"PP","SI"
48,6,66,"PP","SI"
56,7,66,"PP","SI"
51,3,66,"PP","SI"
23,8,66,"PP","SI"
38,6,66,"PP","SI"
57,12,66,"PP","SI"
17,6,67,"PP","SI"
30,3,67,"PP","SI"
61,40,67,"PP","SI"
49,6,67,"PP","SI"
208,1,67,"PP","SI"
19,11,67,"PP","SI"
17,6,67,"PP","SI"
15,1,67,"PP","SI"
536,1,67,"PP","SI"
19,11,67,"PP","SI"
44,33,67,"PP","SI"
80,7,67,"PP","SI"
66,1,67,"PP","SI"
77,20,67,"PP","SI"
28,32,67,"PP","SI"
36,5,67,"PP","SI"
8,6,67,"PP","SI"
67,12,67,"PP","SI"
33,13,67,"PP","SI"
14,33,67,"PP","SI"
20,8,67,"PP","SI"
48,6,67,"PP","SI"
4,11,67,"PP","SI"
59,6,67,"PP","SI"
12,12,67,"PP","SI"
18,4,67,"PP","SI"
11,33,67,"PP","SI"
33,13,67,"PP","SI"
2,16,67,"PP","SI"
44,33,67,"PP","SI"
59,6,67,"PP","SI"
31,6,67,"PP","SI"
13,4,68,"PP","SI"
12,12,68,"PP","SI"
28,32,68,"PP","SI"
33,13,68,"PP","SI"
14,33,68,"PP","SI"
2,16,68,"PP","SI"
13,4,68,"PP","SI"
41,2,68,"PP","SI"
76,7,68,"PP","SI"
48,6,68,"PP","SI"
298,1,68,"PP","SI"
51,3,68,"PP","SI"
46,6,68,"PP","SI"
61,40,68,"PP","SI"
66,1,68,"PP","SI"
17,6,68,"PP","SI"
32,11,68,"PP","SI"
59,6,68,"PP","SI"
72,9,68,"PP","SI"
44,33,68,"PP","SI"
80,7,68,"PP","SI"
208,1,68,"PP","SI"
57,12,68,"PP","SI"
61,40,68,"PP","SI"
200,1,68,"PP","SI"
91,10,68,"PP","SI"
442,1,68,"PP","SI"
77,20,68,"PP","SI"
8,6,68,"PP","SI"
77,20,68,"PP","SI"
38,6,68,"PP","SI"
39,1,68,"PP","SI"
11,33,69,"PP","SI"
30,3,69,"PP","SI"
16,7,69,"PP","SI"
442,1,69,"PP","SI"
41,2,69,"PP","SI"
38,6,69,"PP","SI"
41,2,69,"PP","SI"
81,2,69,"PP","SI"
28,32,69,"PP","SI"
76,7,69,"PP","SI"
45,8,69,"PP","SI"
46,6,69,"PP","SI"
72,9,69,"PP","SI"
217,1,69,"PP","SI"
46,6,69,"PP","SI"
26,70,69,"PP","SI"
19,11,69,"PP","SI"
78,11,69,"PP","SI"
12,12,69,"PP","SI"
61,40,69,"PP","SI"
18,4,69,"PP","SI"
44,33,69,"PP","SI"
51,3,69,"PP","SI"
78,11,69,"PP","SI"
7,10,69,"PP","SI"
30,3,69,"PP","SI"
11,33,69,"PP","SI"
28,32,69,"PP","SI"
56,7,69,"PP","SI"
67,12,69,"PP","SI"
77,20,69,"PP","SI"
33,13,69,"PP","SI"
91,10,70,"PP","SI"
24,5,70,"PP","SI"
30,3,70,"PP","SI"
12,12,70,"PP","SI"
77,20,70,"PP","SI"
48,6,70,"PP","SI"
14,33,70,"PP","SI"
38,6,70,"PP","SI"
61,40,70,"PP","SI"
11,33,70,"PP","SI"
59,6,70,"PP","SI"
57,12,70,"PP","SI"
44,33,70,"PP","SI"
60,6,70,"PP","SI"
61,40,70,"PP","SI"
20,8,70,"PP","SI"
31,6,70,"PP","SI"
64,16,70,"PP","SI"
8,6,70,"PP","SI"
78,11,70,"PP","SI"
26,70,70,"PP","SI"
46,6,70,"PP","SI"
72,9,70,"PP","SI"
67,12,70,"PP","SI"
48,6,70,"PP","SI"
217,1,70,"PP","SI"
18,4,70,"PP","SI"
17,6,70,"PP","SI"
36,5,70,"PP","SI"
67,12,70,"PP","SI"
41,2,70,"PP","SI"
4,11,70,"PP","SI"
27,3,71,"PP","SI"
4,11,71,"PP","SI"
16,7,71,"PP","SI"
30,3,71,"PP","SI"
5,7,71,"PP","SI"
17,6,71,"PP","SI"
67,12,71,"PP","SI"
59,6,71,"PP","SI"
51,3,71,"PP","SI"
78,11,71,"PP","SI"
200,1,71,"PP","SI"
48,6,71,"PP","SI"
13,4,71,"PP","SI"
32,11,71,"PP","SI"
8,6,71,"PP","SI"
28,32,71,"PP","SI"
30,3,71,"PP","SI"
38,6,71,"PP","SI"
31,6,71,"PP","SI"
28,32,71,"PP","SI"
11,33,71,"PP","SI"
77,20,71,"PP","SI"
81,2,71,"PP","SI"
66,1,71,"PP","SI"
13,4,71,"PP","SI"
56,7,71,"PP","SI"
44,33,71,"PP","SI"
14,33,71,"PP","SI"
19,11,71,"PP","SI"
78,11,71,"PP","SI"
217,1,71,"PP","SI"
45,8,71,"PP","SI"
298,1,72,"PP","SI"
217,1,72,"PP","SI"
38,6,72,"PP","SI"
32,11,72,"PP","SI"
91,10,72,"PP","SI"
7,10,72,"PP","SI"
24,5,72,"PP","SI"
41,2,72,"PP","SI"
75,6,72,"PP","SI"
48,6,72,"PP","SI"
27,3,72,"PP","SI"
11,33,72,"PP","SI"
33,13,72,"PP","SI"
20,8,72,"PP","SI"
62,8,72,"PP","SI"
38,6,72,"PP","SI"
59,6,72,"PP","SI"
78,11,72,"PP","SI"
13,4,72,"PP","SI"
208,1,72,"PP","SI"
30,3,72,"PP","SI"
61,40,72,"PP","SI"
59,6,72,"PP","SI"
26,70,72,"PP","SI"
64,16,72,"PP","SI"
33,13,72,"PP","SI"
26,70,72,"PP","SI"
16,7,72,"PP","SI"
8,6,72,"PP","SI"
19,11,72,"PP","SI"
46,6,72,"PP","SI"
32,11,72,"PP","SI"
38,6,73,"PP","SI"
217,1,73,"PP","SI"
23,8,73,"PP","SI"
442,1,73,"PP","SI"
28,32,73,"PP","SI"
28,32,73,"PP","SI"
36,5,73,"PP","SI"
59,6,73,"PP","SI"
44,33,73,"PP","SI"
7,10,73,"PP","SI"
64,16,73,"PP","SI"
5,7,73,"PP","SI"
30,3,73,"PP","SI"
60,6,73,"PP","SI"
26,70,73,"PP","SI"
57,12,73,"PP","SI"
17,6,73,"PP","SI"
41,2,73,"PP","SI"
17,6,73,"PP","SI"
16,7,73,"PP","SI"
91,10,73,"PP","SI"
19,11,73,"PP","SI"
208,1,73,"PP","SI"
62,8,73,"PP","SI"
67,12,73,"PP","SI"
18,4,73,"PP","SI"
62,8,73,"PP","SI"
536,1,73,"PP","SI"
13,4,73,"PP","SI"
30,3,73,"PP","SI"
72,9,73,"PP","SI"
77,20,73,"PP","SI"
23,8,74,"PP","SI"
5,7,74,"PP","SI"
12,12,74,"PP","SI"
46,6,74,"PP","SI"
67,12,74,"PP","SI"
45,8,74,"PP","SI"
17,6,74,"PP","SI"
208,1,74,"PP","SI"
51,3,74,"PP","SI"
11,33,74,"PP","SI"
75,6,74,"PP","SI"
30,3,74,"PP","SI"
7,10,74,"PP","SI"
27,3,74,"PP","SI"
14,33,74,"PP","SI"
77,20,74,"PP","SI"
38,6,74,"PP","SI"
8,6,74,"PP","SI"
19,11,74,"PP","SI"
28,32,74,"PP","SI"
2,16,74,"PP","SI"
46,6,74,"PP","SI"
14,33,74,"PP","SI"
59,6,74,"PP","SI"
57,12,74,"PP","SI"
76,7,74,"PP","SI"
47,10,74,"PP","SI"
67,12,74,"PP","SI"
38,6,74,"PP","SI"
81,2,74,"PP","SI"
17,6,74,"PP","SI"
86,4,74,"PP","SI"
12,12,75,"PP","SI"
17,6,75,"PP","SI"
78,11,75,"PP","SI"
51,3,75,"PP","SI"
208,1,75,"PP","SI"
38,6,75,"PP","SI"
217,1,75,"PP","SI"
536,1,75,"PP","SI"
5,7,75,"PP","SI"
56,7,75,"PP","SI"
23,8,75,"PP","SI"
86,4,75,"PP","SI"
28,32,75,"PP","SI"
66,1,75,"PP","SI"
4,11,75,"PP","SI"
38,6,75,"PP","SI"
442,1,75,"PP","SI"
28,32,75,"PP","SI"
33,13,75,"PP","SI"
7,10,75,"PP","SI"
41,2,75,"PP","SI"
64,16,75,"PP","SI"
30,3,75,"PP","SI"
48,6,75,"PP","SI"
15,1,75,"PP","SI"
61,40,75,"PP","SI"
200,1,75,"PP","SI"
64,16,75,"PP","SI"
47,10,75,"PP","SI"
16,7,75,"PP","SI"
80,7,75,"PP","SI"
82,1,75,"PP","SI"
16,7,76,"PP","SI"
38,6,76,"PP","SI"
26,70,76,"PP","SI"
67,12,76,"PP","SI"
12,12,76,"PP","SI"
8,6,76,"PP","SI"
56,7,76,"PP","SI"
62,8,76,"PP","SI"
36,5,76,"PP","SI"
44,33,76,"PP","SI"
44,33,76,"PP","SI"
4,11,76,"PP","SI"
61,40,76,"PP","SI"
28,32,76,"PP","SI"
33,13,76,"PP","SI"
66,1,76,"PP","SI"
86,4,76,"PP","SI"
20,8,76,"PP","SI"
80,7,76,"PP","SI"
46,6,76,"PP","SI"
62,8,76,"PP","SI"
31,6,76,"PP","SI"
18,4,76,"PP","SI"
7,10,76,"PP","SI"
33,13,76,"PP","SI"
59,6,76,"PP","SI"
5,7,76,"PP","SI"
61,40,76,"PP","SI"
32,11,76,"PP","SI"
17,6,76,"PP","SI"
14,33,76,"PP","SI"
48,6,76,"PP","SI"
12,12,77,"PP","SI"
66,1,77,"PP","SI"
28,32,77,"PP","SI"
39,1,77,"PP","SI"
13,4,77,"PP","SI"
57,12,77,"PP","SI"
26,70,77,"PP","SI"
77,20,77,"PP","SI"
62,8,77,"PP","SI"
8,6,77,"PP","SI"
44,33,77,"PP","SI"
7,10,77,"PP","SI"
67,12,77,"PP","SI"
57,12,77,"PP","SI"
217,1,77,"PP","SI"
23,8,77,"PP","SI"
64,16,77,"PP","SI"
47,10,77,"PP","SI"
77,20,77,"PP","SI"
78,11,77,"PP","SI"
12,12,77,"PP","SI"
4,11,77,"PP","SI"
5,7,77,"PP","SI"
7,10,77,"PP","SI"
30,3,77,"PP","SI"
44,33,77,"PP","SI"
26,70,77,"PP","SI"
45,8,77,"PP","SI"
61,40,77,"PP","SI"
41,2,77,"PP","SI"
16,7,77,"PP","SI"
48,6,77,"PP","SI"
60,6,78,"PP","SI"
49,6,78,"PP","SI"
80,7,78,"PP","SI"
46,6,78,"PP","SI"
19,11,78,"PP","SI"
13,4,78,"PP","SI"
11,33,78,"PP","SI"
15,1,78,"PP","SI"
51,3,78,"PP","SI"
72,9,78,"PP","SI"
19,11,78,"PP","SI"
18,4,78,"PP","SI"
64,16,78,"PP","SI"
91,10,78,"PP","SI"
30,3,78,"PP","SI"
14,33,78,"PP","SI"
57,12,78,"PP","SI"
31,6,78,"PP","SI"
64,16,78,"PP","SI"
91,10,78,"PP","SI"
78,11,78,"PP","SI"
66,1,78,"PP","SI"
82,1,78,"PP","SI"
5,7,78,"PP","SI"
536,1,78,"PP","SI"
27,3,78,"PP","SI"
56,7,78,"PP","SI"
81,2,78,"PP","SI"
217,1,78,"PP","SI"
7,10,78,"PP","SI"
76,7,78,"PP","SI"
61,40,78,"PP","SI"
15,1,79,"PP","SI"
208,1,79,"PP","SI"
41,2,79,"PP","SI"
26,70,79,"PP","SI"
12,12,79,"PP","SI"
77,20,79,"PP","SI"
19,11,79,"PP","SI"
28,32,79,"PP","SI"
67,12,79,"PP","SI"
56,7,79,"PP","SI"
14,33,79,"PP","SI"
44,33,79,"PP","SI"
23,8,79,"PP","SI"
48,6,79,"PP","SI"
62,8,79,"PP","SI"
60,6,79,"PP","SI"
57,12,79,"PP","SI"
28,32,79,"PP","SI"
59,6,79,"PP","SI"
298,1,79,"PP","SI"
41,2,79,"PP","SI"
11,33,79,"PP","SI"
86,4,79,"PP","SI"
2,16,79,"PP","SI"
18,4,79,"PP","SI"
13,4,79,"PP","SI"
61,40,79,"PP","SI"
27,3,79,"PP","SI"
49,6,79,"PP","SI"
45,8,79,"PP","SI"
44,33,79,"PP","SI"
46,6,79,"PP","SI"
19,11,80,"PP","SI"
7,10,80,"PP","SI"
32,11,80,"PP","SI"
298,1,80,"PP","SI"
200,1,80,"PP","SI"
48,6,80,"PP","SI"
76,7,80,"PP","SI"
442,1,80,"PP","SI"
8,6,80,"PP","SI"
26,70,80,"PP","SI"
80,7,80,"PP","SI"
59,6,80,"PP","SI"
41,2,80,"PP","SI"
14,33,80,"PP","SI"
91,10,80,"PP","SI"
60,6,80,"PP","SI"
217,1,80,"PP","SI"
67,12,80,"PP","SI"
27,3,80,"PP","SI"
48,6,80,"PP","SI"
17,6,80,"PP","SI"
19,11,80,"PP","SI"
77,20,80,"PP","SI"
31,6,80,"PP","SI"
91,10,80,"PP","SI"
47,10,80,"PP","SI"
15,1,80,"PP","SI"
30,3,80,"PP","SI"
13,4,80,"PP","SI"
12,12,80,"PP","SI"
75,6,80,"PP","SI"
2,16,80,"PP","SI"
61,40,81,"PP","SI"
78,11,81,"PP","SI"
82,1,81,"PP","SI"
7,10,81,"PP","SI"
75,6,81,"PP","SI"
86,4,81,"PP","SI"
32,11,81,"PP","SI"
80,7,81,"PP","SI"
31,6,81,"PP","SI"
13,4,81,"PP","SI"
2,16,81,"PP","SI"
41,2,81,"PP","SI"
14,33,81,"PP","SI"
30,3,81,"PP","SI"
442,1,81,"PP","SI"
28,32,81,"PP","SI"
12,12,81,"PP","SI"
48,6,81,"PP","SI"
60,6,81,"PP","SI"
67,12,81,"PP","SI"
38,6,81,"PP","SI"
18,4,81,"PP","SI"
57,12,81,"PP","SI"
64,16,81,"PP","SI"
13,4,81,"PP","SI"
36,5,81,"PP","SI"
44,33,81,"PP","SI"
39,1,81,"PP","SI"
64,16,81,"PP","SI"
59,6,81,"PP","SI"
217,1,81,"PP","SI"
7,10,81,"PP","SI"
17,6,82,"PP","SI"
33,13,82,"PP","SI"
13,4,82,"PP","SI"
12,12,82,"PP","SI"
14,33,82,"PP","SI"
26,70,82,"PP","SI"
32,11,82,"PP","SI"
77,20,82,"PP","SI"
11,33,82,"PP","SI"
8,6,82,"PP","SI"
12,12,82,"PP","SI"
49,6,82,"PP","SI"
66,1,82,"PP","SI"
298,1,82,"PP","SI"
15,1,82,"PP","SI"
77,20,82,"PP","SI"
24,5,82,"PP","SI"
41,2,82,"PP","SI"
67,12,82,"PP","SI"
5,7,82,"PP","SI"
41,2,82,"PP","SI"
27,3,82,"PP","SI"
46,6,82,"PP","SI"
86,4,82,"PP","SI"
67,12,82,"PP","SI"
64,16,82,"PP","SI"
13,4,82,"PP","SI"
56,7,82,"PP","SI"
72,9,82,"PP","SI"
36,5,82,"PP","SI"
2,16,82,"PP","SI"
61,40,82,"PP","SI"
30,3,83,"PP","SI"
33,13,83,"PP","SI"
39,1,83,"PP","SI"
5,7,83,"PP","SI"
4,11,83,"PP","SI"
12,12,83,"PP","SI"
7,10,83,"PP","SI"
27,3,83,"PP","SI"
47,10,83,"PP","SI"
41,2,83,"PP","SI"
13,4,83,"PP","SI"
7,10,83,"PP","SI"
78,11,83,"PP","SI"
61,40,83,"PP","SI"
30,3,83,"PP","SI"
62,8,83,"PP","SI"
17,6,83,"PP","SI"
66,1,83,"PP","SI"
46,6,83,"PP","SI"
67,12,83,"PP","SI"
31,6,83,"PP","SI"
33,13,83,"PP","SI"
2,16,83,"PP","SI"
442,1,83,"PP","SI"
18,4,83,"PP","SI"
15,1,83,"PP","SI"
49,6,83,"PP","SI"
67,12,83,"PP","SI"
80,7,83,"PP","SI"
208,1,83,"PP","SI"
26,70,83,"PP","SI"
8,6,83,"PP","SI"
78,11,84,"PP","SI"
19,11,84,"PP","SI"
26,70,84,"PP","SI"
44,33,84,"PP","SI"
51,3,84,"PP","SI"
62,8,84,"PP","SI"
64,16,84,"PP","SI"
7,10,84,"PP","SI"
31,6,84,"PP","SI"
61,40,84,"PP","SI"
12,12,84,"PP","SI"
46,6,84,"PP","SI"
27,3,84,"PP","SI"
78,11,84,"PP","SI"
44,33,84,"PP","SI"
46,6,84,"PP","SI"
81,2,84,"PP","SI"
67,12,84,"PP","SI"
91,10,84,"PP","SI"
33,13,84,"PP","SI"
28,32,84,"PP","SI"
56,7,84,"PP","SI"
11,33,84,"PP","SI"
14,33,84,"PP","SI"
20,8,84,"PP","SI"
86,4,84,"PP","SI"
33,13,84,"PP","SI"
91,10,84,"PP","SI"
14,33,84,"PP","SI"
32,11,84,"PP","SI"
36,5,84,"PP","SI"
536,1,84,"PP","SI"
51,3,85,"PP","SI"
208,1,85,"PP","SI"
12,12,85,"PP","SI"
23,8,85,"PP","SI"
200,1,85,"PP","SI"
15,1,85,"PP","SI"
48,6,85,"PP","SI"
17,6,85,"PP","SI"
76,7,85,"PP","SI"
61,40,85,"PP","SI"
30,3,85,"PP","SI"
82,1,85,"PP","SI"
8,6,85,"PP","SI"
7,10,85,"PP","SI"
32,11,85,"PP","SI"
75,6,85,"PP","SI"
78,11,85,"PP","SI"
60,6,85,"PP","SI"
13,4,85,"PP","SI"
62,8,85,"PP","SI"
56,7,85,"PP","SI"
77,20,85,"PP","SI"
66,1,85,"PP","SI"
30,3,85,"PP","SI"
32,11,85,"PP","SI"
45,8,85,"PP","SI"
298,1,85,"PP","SI"
44,33,85,"PP","SI"
24,5,85,"PP","SI"
2,16,85,"PP","SI"
12,12,85,"PP","SI"
91,10,85,"PP","SI"
30,3,86,"PP","SI"
8,6,86,"PP","SI"
33,13,86,"PP","SI"
76,7,86,"PP","SI"
38,6,86,"PP","SI"
44,33,86,"PP","SI"
24,5,86,"PP","SI"
536,1,86,"PP","SI"
19,11,86,"PP","SI"
59,6,86,"PP","SI"
17,6,86,"PP","SI"
13,4,86,"PP","SI"
200,1,86,"PP","SI"
61,40,86,"PP","SI"
62,8,86,"PP","SI"
28,32,86,"PP","SI"
26,70,86,"PP","SI"
46,6,86,"PP","SI"
19,11,86,"PP","SI"
16,7,86,"PP","SI"
208,1,86,"PP","SI"
14,33,86,"PP","SI"
86,4,86,"PP","SI"
59,6,86,"PP","SI"
77,20,86,"PP","SI"
41,2,86,"PP","SI"
27,3,86,"PP","SI"
28,32,86,"PP","SI"
47,10,86,"PP","SI"
32,11,86,"PP","SI"
62,8,86,"PP","SI"
91,10,86,"PP","SI"
67,12,87,"PP","SI"
49,6,87,"PP","SI"
51,3,87,"PP","SI"
57,12,87,"PP","SI"
11,33,87,"PP","SI"
38,6,87,"PP","SI"
44,33,87,"PP","SI"
33,13,87,"PP","SI"
18,4,87,"PP","SI"
17,6,87,"PP","SI"
11,33,87,"PP","SI"
23,8,87,"PP","SI"
75,6,87,"PP","SI"
48,6,87,"PP","SI"
30,3,87,"PP","SI"
77,20,87,"PP","SI"
72,9,87,"PP","SI"
536,1,87,"PP","SI"
31,6,87,"PP","SI"
32,11,87,"PP","SI"
7,10,87,"PP","SI"
19,11,87,"PP","SI"
62,8,87,"PP","SI"
5,7,87,"PP","SI"
28,32,87,"PP","SI"
46,6,87,"PP","SI"
442,1,87,"PP","SI"
24,5,87,"PP","SI"
46,6,87,"PP","SI"
47,10,87,"PP","SI"
13,4,87,"PP","SI"
77,20,87,"PP","SI"
32,11,88,"PP","SI"
57,12,88,"PP","SI"
13,4,88,"PP","SI"
47,10,88,"PP","SI"
7,10,88,"PP","SI"
31,6,88,"PP","SI"
298,1,88,"PP","SI"
442,1,88,"PP","SI"
39,1,88,"PP","SI"
28,32,88,"PP","SI"
18,4,88,"PP","SI"
44,33,88,"PP","SI"
78,11,88,"PP","SI"
11,33,88,"PP","SI"
11,33,88,"PP","SI"
33,13,88,"PP","SI"
30,3,88,"PP","SI"
44,33,88,"PP","SI"
26,70,88,"PP","SI"
5,7,88,"PP","SI"
13,4,88,"PP","SI"
77,20,88,"PP","SI"
19,11,88,"PP","SI"
82,1,88,"PP","SI"
86,4,88,"PP","SI"
12,12,88,"PP","SI"
59,6,88,"PP","SI"
23,8,88,"PP","SI"
20,8,88,"PP","SI"
46,6,88,"PP","SI"
4,11,88,"PP","SI"
80,7,88,"PP","SI"
80,7,89,"PP","SI"
47,10,89,"PP","SI"
30,3,89,"PP","SI"
60,6,89,"PP","SI"
442,1,89,"PP","SI"
45,8,89,"PP","SI"
61,40,89,"PP","SI"
91,10,89,"PP","SI"
200,1,89,"PP","SI"
62,8,89,"PP","SI"
12,12,89,"PP","SI"
28,32,89,"PP","SI"
298,1,89,"PP","SI"
14,33,89,"PP","SI"
19,11,89,"PP","SI"
64,16,89,"PP","SI"
8,6,89,"PP","SI"
67,12,89,"PP","SI"
39,1,89,"PP","SI"
30,3,89,"PP","SI"
38,6,89,"PP","SI"
536,1,89,"PP","SI"
75,6,89,"PP","SI"
5,7,89,"PP","SI"
78,11,89,"PP","SI"
64,16,89,"PP","SI"
46,6,89,"PP","SI"
208,1,89,"PP","SI"
61,40,89,"PP","SI"
33,13,89,"PP","SI"
32,11,89,"PP","SI"
28,32,89,"PP","SI"
46,6,90,"PP","SI"
12,12,90,"PP","SI"
2,16,90,"PP","SI"
72,9,90,"PP","SI"
14,33,90,"PP","SI"
23,8,90,"PP","SI"
27,3,90,"PP","SI"
39,1,90,"PP","SI"
61,40,90,"PP","SI"
64,16,90,"PP","SI"
298,1,90,"PP","SI"
442,1,90,"PP","SI"
41,2,90,"PP","SI"
26,70,90,"PP","SI"
61,40,90,"PP","SI"
45,8,90,"PP","SI"
217,1,90,"PP","SI"
13,4,90,"PP","SI"
200,1,90,"PP","SI"
14,33,90,"PP","SI"
38,6,90,"PP","SI"
44,33,90,"PP","SI"
48,6,90,"PP","SI"
80,7,90,"PP","SI"
75,6,90,"PP","SI"
31,6,90,"PP","SI"
208,1,90,"PP","SI"
28,32,90,"PP","SI"
91,10,90,"PP","SI"
36,5,90,"PP","SI"
7,10,90,"PP","SI"
62,8,90,"PP","SI"
12,12,91,"PP","SI"
536,1,91,"PP","SI"
28,32,91,"PP","SI"
26,70,91,"PP","SI"
12,12,91,"PP","SI"
46,6,91,"PP","SI"
60,6,91,"PP","SI"
48,6,91,"PP","SI"
47,10,91,"PP","SI"
30,3,91,"PP","SI"
61,40,91,"PP","SI"
19,11,91,"PP","SI"
11,33,91,"PP","SI"
78,11,91,"PP","SI"
32,11,91,"PP","SI"
48,6,91,"PP","SI"
44,33,91,"PP","SI"
61,40,91,"PP","SI"
51,3,91,"PP","SI"
80,7,91,"PP","SI"
86,4,91,"PP","SI"
217,1,91,"PP","SI"
8,6,91,"PP","SI"
57,12,91,"PP","SI"
36,5,91,"PP","SI"
15,1,91,"PP","SI"
41,2,91,"PP","SI"
49,6,91,"PP","SI"
7,10,91,"PP","SI"
66,1,91,"PP","SI"
76,7,91,"PP","SI"
64,16,91,"PP","SI"
7,10,92,"PP","SI"
36,5,92,"PP","SI"
67,12,92,"PP","SI"
66,1,92,"PP","SI"
30,3,92,"PP","SI"
59,6,92,"PP","SI"
14,33,92,"PP","SI"
77,20,92,"PP","SI"
20,8,92,"PP","SI"
26,70,92,"PP","SI"
27,3,92,"PP","SI"
86,4,92,"PP","SI"
82,1,92,"PP","SI"
44,33,92,"PP","SI"
26,70,92,"PP","SI"
41,2,92,"PP","SI"
67,12,92,"PP","SI"
5,7,92,"PP","SI"
536,1,92,"PP","SI"
57,12,92,"PP","SI"
62,8,92,"PP","SI"
19,11,92,"PP","SI"
61,40,92,"PP","SI"
28,32,92,"PP","SI"
12,12,92,"PP","SI"
80,7,92,"PP","SI"
33,13,92,"PP","SI"
91,10,92,"PP","SI"
24,5,92,"PP","SI"
48,6,92,"PP","SI"
30,3,92,"PP","SI"
57,12,92,"PP","SI"
5,7,93,"PP","SI"
11,33,93,"PP","SI"
26,70,93,"PP","SI"
32,11,93,"PP","SI"
20,8,93,"PP","SI"
38,6,93,"PP","SI"
27,3,93,"PP","SI"
26,70,93,"PP","SI"
67,12,93,"PP","SI"
76,7,93,"PP","SI"
91,10,93,"PP","SI"
51,3,93,"PP","SI"
33,13,93,"PP","SI"
36,5,93,"PP","SI"
13,4,93,"PP","SI"
81,2,93,"PP","SI"
17,6,93,"PP","SI"
60,6,93,"PP","SI"
44,33,93,"PP","SI"
16,7,93,"PP","SI"
41,2,93,"PP","SI"
14,33,93,"PP","SI"
30,3,93,"PP","SI"
62,8,93,"PP","SI"
64,16,93,"PP","SI"
18,4,93,"PP","SI"
24,5,93,"PP","SI"
48,6,93,"PP","SI"
75,6,93,"PP","SI"
28,32,93,"PP","SI"
17,6,93,"PP","SI"
32,11,93,"PP","SI"
16,7,94,"PP","SI"
49,6,94,"PP","SI"
14,33,94,"PP","SI"
536,1,94,"PP","SI"
442,1,94,"PP","SI"
20,8,94,"PP","SI"
44,33,94,"PP","SI"
91,10,94,"PP","SI"
59,6,94,"PP","SI"
57,12,94,"PP","SI"
62,8,94,"PP","SI"
56,7,94,"PP","SI"
77,20,94,"PP","SI"
66,1,94,"PP","SI"
33,13,94,"PP","SI"
14,33,94,"PP","SI"
7,10,94,"PP","SI"
48,6,94,"PP","SI"
46,6,94,"PP","SI"
38,6,94,"PP","SI"
26,70,94,"PP","SI"
67,12,94,"PP","SI"
57,12,94,"PP","SI"
19,11,94,"PP","SI"
8,6,94,"PP","SI"
46,6,94,"PP","SI"
33,13,94,"PP","SI"
24,5,94,"PP","SI"
44,33,94,"PP","SI"
64,16,94,"PP","SI"
15,1,94,"PP","SI"
19,11,94,"PP","SI"
41,2,95,"PP","SI"
56,7,95,"PP","SI"
4,11,95,"PP","SI"
38,6,95,"PP","SI"
20,8,95,"PP","SI"
91,10,95,"PP","SI"
91,10,95,"PP","SI"
217,1,95,"PP","SI"
66,1,95,"PP","SI"
82,1,95,"PP","SI"
51,3,95,"PP","SI"
13,4,95,"PP","SI"
64,16,95,"PP","SI"
14,33,95,"PP","SI"
38,6,95,"PP","SI"
19,11,95,"PP","SI"
49,6,95,"PP","SI"
30,3,95,"PP","SI"
23,8,95,"PP","SI"
61,40,95,"PP","SI"
64,16,95,"PP","SI"
61,40,95,"PP","SI"
18,4,95,"PP","SI"
59,6,95,"PP","SI"
36,5,95,"PP","SI"
78,11,95,"PP","SI"
57,12,95,"PP","SI"
442,1,95,"PP","SI"
14,33,95,"PP","SI"
12,12,95,"PP","SI"
208,1,95,"PP","SI"
28,32,95,"PP","SI"
7,10,96,"PP","SI"
38,6,96,"PP","SI"
64,16,96,"PP","SI"
76,7,96,"PP","SI"
46,6,96,"PP","SI"
33,13,96,"PP","SI"
41,2,96,"PP","SI"
32,11,96,"PP","SI"
26,70,96,"PP","SI"
72,9,96,"PP","SI"
14,33,96,"PP","SI"
78,11,96,"PP","SI"
44,33,96,"PP","SI"
47,10,96,"PP","SI"
75,6,96,"PP","SI"
13,4,96,"PP","SI"
33,13,96,"PP","SI"
17,6,96,"PP","SI"
24,5,96,"PP","SI"
30,3,96,"PP","SI"
45,8,96,"PP","SI"
13,4,96,"PP","SI"
48,6,96,"PP","SI"
4,11,96,"PP","SI"
67,12,96,"PP","SI"
17,6,96,"PP","SI"
11,33,96,"PP","SI"
15,1,96,"PP","SI"
59,6,96,"PP","SI"
19,11,96,"PP","SI"
67,12,96,"PP","SI"
200,1,96,"PP","SI"
66,1,97,"PP","SI"
39,1,97,"PP","SI"
26,70,97,"PP","SI"
72,9,97,"PP","SI"
64,16,97,"PP","SI"
44,33,97,"PP","SI"
61,40,97,"PP","SI"
59,6,97,"PP","SI"
62,8,97,"PP","SI"
81,2,97,"PP","SI"
78,11,97,"PP","SI"
75,6,97,"PP","SI"
32,11,97,"PP","SI"
76,7,97,"PP","SI"
57,12,97,"PP","SI"
14,33,97,"PP","SI"
217,1,97,"PP","SI"
7,10,97,"PP","SI"
67,12,97,"PP","SI"
298,1,97,"PP","SI"
33,13,97,"PP","SI"
86,4,97,"PP","SI"
47,10,97,"PP","SI"
62,8,97,"PP","SI"
48,6,97,"PP","SI"
26,70,97,"PP","SI"
48,6,97,"PP","SI"
13,4,97,"PP","SI"
45,8,97,"PP","SI"
208,1,97,"PP","SI"
19,11,97,"PP","SI"
17,6,97,"PP","SI"
36,5,98,"PP","SI"
33,13,98,"PP","SI"
62,8,98,"PP","SI"
80,7,98,"PP","SI"
81,2,98,"PP","SI"
59,6,98,"PP","SI"
82,1,98,"PP","SI"
61,40,98,"PP","SI"
4,11,98,"PP","SI"
66,1,98,"PP","SI"
32,11,98,"PP","SI"
44,33,98,"PP","SI"
76,7,98,"PP","SI"
33,13,98,"PP","SI"
80,7,98,"PP","SI"
57,12,98,"PP","SI"
77,20,98,"PP","SI"
18,4,98,"PP","SI"
17,6,98,"PP","SI"
72,9,98,"PP","SI"
32,11,98,"PP","SI"
44,33,98,"PP","SI"
49,6,98,"PP","SI"
23,8,98,"PP","SI"
48,6,98,"PP","SI"
91,10,98,"PP","SI"
15,1,98,"PP","SI"
536,1,98,"PP","SI"
30,3,98,"PP","SI"
27,3,98,"PP","SI"
5,7,98,"PP","SI"
13,4,98,"PP","SI"
28,32,99,"PP","SI"
66,1,99,"PP","SI"
4,11,99,"PP","SI"
59,6,99,"PP","SI"
30,3,99,"PP","SI"
91,10,99,"PP","SI"
77,20,99,"PP","SI"
86,4,99,"PP","SI"
49,6,99,"PP","SI"
38,6,99,"PP","SI"
24,5,99,"PP","SI"
57,12,99,"PP","SI"
77,20,99,"PP","SI"
14,33,99,"PP","SI"
67,12,99,"PP","SI"
80,7,99,"PP","SI"
2,16,99,"PP","SI"
17,6,99,"PP","SI"
36,5,99,"PP","SI"
23,8,99,"PP","SI"
7,10,99,"PP","SI"
62,8,99,"PP","SI"
51,3,99,"PP","SI"
442,1,99,"PP","SI"
536,1,99,"PP","SI"
12,12,99,"PP","SI"
76,7,99,"PP","SI"
61,40,99,"PP","SI"
80,7,99,"PP","SI"
217,1,99,"PP","SI"
82,1,99,"PP","SI"
18,4,99,"PP","SI"
7,10,100,"PP","SI"
41,2,100,"PP","SI"
67,12,100,"PP","SI"
44,33,100,"PP","SI"
75,6,100,"PP","SI"
66,1,100,"PP","SI"
24,5,100,"PP","SI"
4,11,100,"PP","SI"
49,6,100,"PP","SI"
38,6,100,"PP","SI"
13,4,100,"PP","SI"
33,13,100,"PP","SI"
67,12,100,"PP","SI"
31,6,100,"PP","SI"
19,11,100,"PP","SI"
59,6,100,"PP","SI"
39,1,100,"PP","SI"
77,20,100,"PP","SI"
57,12,100,"PP","SI"
81,2,100,"PP","SI"
86,4,100,"PP","SI"
13,4,100,"PP","SI"
59,6,100,"PP","SI"
11,33,100,"PP","SI"
5,7,100,"PP","SI"
62,8,100,"PP","SI"
60,6,100,"PP","SI"
76,7,100,"PP","SI"
32,11,100,"PP","SI"
48,6,100,"PP","SI"
536,1,100,"PP","SI"
442,1,100,"PP","SI"
11,33,101,"PP","SI"
77,20,101,"PP","SI"
46,6,101,"PP","SI"
208,1,101,"PP","SI"
60,6,101,"PP","SI"
67,12,101,"PP","SI"
49,6,101,"PP","SI"
59,6,101,"PP","SI"
66,1,101,"PP","SI"
41,2,101,"PP","SI"
19,11,101,"PP","SI"
442,1,101,"PP","SI"
12,12,101,"PP","SI"
57,12,101,"PP","SI"
75,6,101,"PP","SI"
78,11,101,"PP","SI"
17,6,101,"PP","SI"
44,33,101,"PP","SI"
41,2,101,"PP","SI"
20,8,101,"PP","SI"
80,7,101,"PP","SI"
2,16,101,"PP","SI"
91,10,101,"PP","SI"
67,12,101,"PP","SI"
61,40,101,"PP","SI"
48,6,101,"PP","SI"
46,6,101,"PP","SI"
81,2,101,"PP","SI"
14,33,101,"PP","SI"
536,1,101,"PP","SI"
13,4,101,"PP","SI"
14,33,101,"PP","SI"
46,6,102,"PP","SI"
36,5,102,"PP","SI"
14,33,102,"PP","SI"
217,1,102,"PP","SI"
17,6,102,"PP","SI"
7,10,102,"PP","SI"
82,1,102,"PP","SI"
57,12,102,"PP","SI"
16,7,102,"PP","SI"
13,4,102,"PP","SI"
61,40,102,"PP","SI"
64,16,102,"PP","SI"
62,8,102,"PP","SI"
23,8,102,"PP","SI"
24,5,102,"PP","SI"
33,13,102,"PP","SI"
4,11,102,"PP","SI"
15,1,102,"PP","SI"
77,20,102,"PP","SI"
49,6,102,"PP","SI"
60,6,102,"PP","SI"
12,12,102,"PP","SI"
78,11,102,"PP","SI"
13,4,102,"PP","SI"
14,33,102,"PP","SI"
77,20,102,"PP","SI"
56,7,102,"PP","SI"
20,8,102,"PP","SI"
75,6,102,"PP","SI"
76,7,102,"PP","SI"
38,6,102,"PP","SI"
44,33,102,"PP","SI"
64,16,103,"PP","SI"
57,12,103,"PP","SI"
2,16,103,"PP","SI"
66,1,103,"PP","SI"
24,5,103,"PP","SI"
44,33,103,"PP","SI"
33,13,103,"PP","SI"
56,7,103,"PP","SI"
76,7,103,"PP","SI"
41,2,103,"PP","SI"
59,6,103,"PP","SI"
298,1,103,"PP","SI"
12,12,103,"PP","SI"
45,8,103,"PP","SI"
8,6,103,"PP","SI"
32,11,103,"PP","SI"
31,6,103,"PP","SI"
15,1,103,"PP","SI"
38,6,103,"PP","SI"
67,12,103,"PP","SI"
46,6,103,"PP","SI"
60,6,103,"PP","SI"
5,7,103,"PP","SI"
17,6,103,"PP","SI"
78,11,103,"PP","SI"
32,11,103,"PP","SI"
47,10,103,"PP","SI"
30,3,103,"PP","SI"
20,8,103,"PP","SI"
81,2,103,"PP","SI"
91,10,103,"PP","SI"
33,13,103,"PP","SI"
27,3,104,"PP","SI"
64,16,104,"PP","SI"
13,4,104,"PP","SI"
28,32,104,"PP","SI"
59,6,104,"PP","SI"
4,11,104,"PP","SI"
18,4,104,"PP","SI"
80,7,104,"PP","SI"
46,6,104,"PP","SI"
30,3,104,"PP","SI"
19,11,104,"PP","SI"
47,10,104,"PP","SI"
41,2,104,"PP","SI"
60,6,104,"PP","SI"
17,6,104,"PP","SI"
217,1,104,"PP","SI"
38,6,104,"PP","SI"
16,7,104,"PP","SI"
12,12,104,"PP","SI"
81,2,104,"PP","SI"
24,5,104,"PP","SI"
56,7,104,"PP","SI"
11,33,104,"PP","SI"
208,1,104,"PP","SI"
28,32,104,"PP","SI"
5,7,104,"PP","SI"
51,3,104,"PP","SI"
298,1,104,"PP","SI"
72,9,104,"PP","SI"
77,20,104,"PP","SI"
12,12,104,"PP","SI"
82,1,104,"PP","SI"
20,8,105,"PP","SI"
26,70,105,"PP","SI"
86,4,105,"PP","SI"
61,40,105,"PP","SI"
48,6,105,"PP","SI"
26,70,105,"PP","SI"
442,1,105,"PP","SI"
62,8,105,"PP","SI"
80,7,105,"PP","SI"
61,40,105,"PP","SI"
67,12,105,"PP","SI"
91,10,105,"PP","SI"
75,6,105,"PP","SI"
78,11,105,"PP","SI"
23,8,105,"PP","SI"
16,7,105,"PP","SI"
59,6,105,"PP","SI"
82,1,105,"PP","SI"
14,33,105,"PP","SI"
38,6,105,"PP","SI"
48,6,105,"PP","SI"
47,10,105,"PP","SI"
8,6,105,"PP","SI"
38,6,105,"PP","SI"
77,20,105,"PP","SI"
33,13,105,"PP","SI"
45,8,105,"PP","SI"
66,1,105,"PP","SI"
4,11,105,"PP","SI"
14,33,105,"PP","SI"
27,3,105,"PP","SI"
7,10,105,"PP","SI"
51,3,106,"PP","SI"
48,6,106,"PP","SI"
217,1,106,"PP","SI"
36,5,106,"PP","SI"
49,6,106,"PP","SI"
13,4,106,"PP","SI"
59,6,106,"PP","SI"
26,70,106,"PP","SI"
28,32,106,"PP","SI"
38,6,106,"PP","SI"
12,12,106,"PP","SI"
4,11,106,"PP","SI"
19,11,106,"PP","SI"
67,12,106,"PP","SI"
86,4,106,"PP","SI"
8,6,106,"PP","SI"
61,40,106,"PP","SI"
56,7,106,"PP","SI"
76,7,106,"PP","SI"
45,8,106,"PP","SI"
91,10,106,"PP","SI"
30,3,106,"PP","SI"
32,11,106,"PP","SI"
208,1,106,"PP","SI"
17,6,106,"PP","SI"
14,33,106,"PP","SI"
66,1,106,"PP","SI"
78,11,106,"PP","SI"
41,2,106,"PP","SI"
26,70,106,"PP","SI"
72,9,106,"PP","SI"
59,6,106,"PP","SI"
61,40,107,"PP","SI"
56,7,107,"PP","SI"
11,33,107,"PP","SI"
4,11,107,"PP","SI"
32,11,107,"PP","SI"
38,6,107,"PP","SI"
11,33,107,"PP","SI"
75,6,107,"PP","SI"
46,6,107,"PP","SI"
44,33,107,"PP","SI"
19,11,107,"PP","SI"
51,3,107,"PP","SI"
59,6,107,"PP","SI"
33,13,107,"PP","SI"
77,20,107,"PP","SI"
91,10,107,"PP","SI"
67,12,107,"PP","SI"
23,8,107,"PP","SI"
15,1,107,"PP","SI"
77,20,107,"PP","SI"
61,40,107,"PP","SI"
38,6,107,"PP","SI"
17,6,107,"PP","SI"
46,6,107,"PP","SI"
33,13,107,"PP","SI"
48,6,107,"PP","SI"
18,4,107,"PP","SI"
17,6,107,"PP","SI"
27,3,107,"PP","SI"
64,16,107,"PP","SI"
91,10,107,"PP","SI"
57,12,107,"PP","SI"
64,16,108,"PP","SI"
11,33,108,"PP","SI"
19,11,108,"PP","SI"
72,9,108,"PP","SI"
14,33,108,"PP","SI"
2,16,108,"PP","SI"
28,32,108,"PP","SI"
36,5,108,"PP","SI"
62,8,108,"PP","SI"
30,3,108,"PP","SI"
24,5,108,"PP","SI"
61,40,108,"PP","SI"
80,7,108,"PP","SI"
30,3,108,"PP","SI"
31,6,108,"PP","SI"
66,1,108,"PP","SI"
44,33,108,"PP","SI"
49,6,108,"PP","SI"
27,3,108,"PP","SI"
77,20,108,"PP","SI"
536,1,108,"PP","SI"
80,7,108,"PP","SI"
33,13,108,"PP","SI"
78,11,108,"PP","SI"
57,12,108,"PP","SI"
56,7,108,"PP","SI"
7,10,108,"PP","SI"
38,6,108,"PP","SI"
33,13,108,"PP","SI"
67,12,108,"PP","SI"
64,16,108,"PP","SI"
26,70,108,"PP","SI"
48,6,109,"PP","SI"
7,10,109,"PP","SI"
217,1,109,"PP","SI"
28,32,109,"PP","SI"
44,33,109,"PP","SI"
30,3,109,"PP","SI"
4,11,109,"PP","SI"
17,6,109,"PP","SI"
59,6,109,"PP","SI"
57,12,109,"PP","SI"
24,5,109,"PP","SI"
13,4,109,"PP","SI"
38,6,109,"PP","SI"
59,6,109,"PP","SI"
91,10,109,"PP","SI"
32,11,109,"PP","SI"
77,20,109,"PP","SI"
57,12,109,"PP","SI"
36,5,109,"PP","SI"
47,10,109,"PP","SI"
18,4,109,"PP","SI"
41,2,109,"PP","SI"
15,1,109,"PP","SI"
31,6,109,"PP","SI"
23,8,109,"PP","SI"
91,10,109,"PP","SI"
76,7,109,"PP","SI"
208,1,109,"PP","SI"
11,33,109,"PP","SI"
81,2,109,"PP","SI"
39,1,109,"PP","SI"
78,11,109,"PP","SI"
15,1,110,"PP","SI"
18,4,110,"PP","SI"
46,6,110,"PP","SI"
14,33,110,"PP","SI"
45,8,110,"PP","SI"
47,10,110,"PP","SI"
14,33,110,"PP","SI"
51,3,110,"PP","SI"
4,11,110,"PP","SI"
7,10,110,"PP","SI"
12,12,110,"PP","SI"
82,1,110,"PP","SI"
23,8,110,"PP","SI"
38,6,110,"PP","SI"
217,1,110,"PP","SI"
80,7,110,"PP","SI"
66,1,110,"PP","SI"
91,10,110,"PP","SI"
57,12,110,"PP","SI"
60,6,110,"PP","SI"
61,40,110,"PP","SI"
56,7,110,"PP","SI"
11,33,110,"PP","SI"
44,33,110,"PP","SI"
81,2,110,"PP","SI"
28,32,110,"PP","SI"
19,11,110,"PP","SI"
26,70,110,"PP","SI"
76,7,110,"PP","SI"
41,2,110,"PP","SI"
64,16,110,"PP","SI"
77,20,110,"PP","SI"
12,12,111,"PP","SI"
19,11,111,"PP","SI"
91,10,111,"PP","SI"
33,13,111,"PP","SI"
5,7,111,"PP","SI"
14,33,111,"PP","SI"
19,11,111,"PP","SI"
36,5,111,"PP","SI"
44,33,111,"PP","SI"
57,12,111,"PP","SI"
17,6,111,"PP","SI"
38,6,111,"PP","SI"
47,10,111,"PP","SI"
33,13,111,"PP","SI"
46,6,111,"PP","SI"
67,12,111,"PP","SI"
30,3,111,"PP","SI"
86,4,111,"PP","SI"
46,6,111,"PP","SI"
38,6,111,"PP","SI"
78,11,111,"PP","SI"
28,32,111,"PP","SI"
7,10,111,"PP","SI"
26,70,111,"PP","SI"
24,5,111,"PP","SI"
18,4,111,"PP","SI"
80,7,111,"PP","SI"
11,33,111,"PP","SI"
31,6,111,"PP","SI"
44,33,111,"PP","SI"
45,8,111,"PP","SI"
61,40,111,"PP","SI"
7,10,112,"PP","SI"
59,6,112,"PP","SI"
12,12,112,"PP","SI"
30,3,112,"PP","SI"
26,70,112,"PP","SI"
24,5,112,"PP","SI"
38,6,112,"PP","SI"
62,8,112,"PP","SI"
51,3,112,"PP","SI"
536,1,112,"PP","SI"
27,3,112,"PP","SI"
2,16,112,"PP","SI"
31,6,112,"PP","SI"
62,8,112,"PP","SI"
17,6,112,"PP","SI"
75,6,112,"PP","SI"
28,32,112,"PP","SI"
57,12,112,"PP","SI"
33,13,112,"PP","SI"
19,11,112,"PP","SI"
298,1,112,"PP","SI"
36,5,112,"PP","SI"
49,6,112,"PP","SI"
18,4,112,"PP","SI"
13,4,112,"PP","SI"
442,1,112,"PP","SI"
78,11,112,"PP","SI"
41,2,112,"PP","SI"
56,7,112,"PP","SI"
61,40,112,"PP","SI"
8,6,112,"PP","SI"
64,16,112,"PP","SI"
62,8,113,"PP","SI"
200,1,113,"PP","SI"
14,33,113,"PP","SI"
51,3,113,"PP","SI"
44,33,113,"PP","SI"
41,2,113,"PP","SI"
49,6,113,"PP","SI"
19,11,113,"PP","SI"
208,1,113,"PP","SI"
67,12,113,"PP","SI"
27,3,113,"PP","SI"
47,10,113,"PP","SI"
41,2,113,"PP","SI"
75,6,113,"PP","SI"
28,32,113,"PP","SI"
32,11,113,"PP","SI"
17,6,113,"PP","SI"
28,32,113,"PP","SI"
298,1,113,"PP","SI"
91,10,113,"PP","SI"
66,1,113,"PP","SI"
217,1,113,"PP","SI"
46,6,113,"PP","SI"
31,6,113,"PP","SI"
2,16,113,"PP","SI"
20,8,113,"PP","SI"
13,4,113,"PP","SI"
15,1,113,"PP","SI"
57,12,113,"PP","SI"
46,6,113,"PP","SI"
30,3,113,"PP","SI"
62,8,113,"PP","SI"
64,16,114,"PP","SI"
12,12,114,"PP","SI"
8,6,114,"PP","SI"
32,11,114,"PP","SI"
39,1,114,"PP","SI"
41,2,114,"PP","SI"
28,32,114,"PP","SI"
80,7,114,"PP","SI"
48,6,114,"PP","SI"
28,32,114,"PP","SI"
82,1,114,"PP","SI"
33,13,114,"PP","SI"
78,11,114,"PP","SI"
38,6,114,"PP","SI"
64,16,114,"PP","SI"
51,3,114,"PP","SI"
45,8,114,"PP","SI"
14,33,114,"PP","SI"
67,12,114,"PP","SI"
57,12,114,"PP","SI"
4,11,114,"PP","SI"
77,20,114,"PP","SI"
46,6,114,"PP","SI"
91,10,114,"PP","SI"
200,1,114,"PP","SI"
12,12,114,"PP","SI"
14,33,114,"PP","SI"
80,7,114,"PP","SI"
62,8,114,"PP","SI"
11,33,114,"PP","SI"
30,3,114,"PP","SI"
46,6,114,"PP","SI"
66,1,115,"PP","SI"
11,33,115,"PP","SI"
48,6,115,"PP","SI"
67,12,115,"PP","SI"
46,6,115,"PP","SI"
61,40,115,"PP","SI"
33,13,115,"PP","SI"
77,20,115,"PP","SI"
200,1,115,"PP","SI"
76,7,115,"PP","SI"
72,9,115,"PP","SI"
11,33,115,"PP","SI"
51,3,115,"PP","SI"
91,10,115,"PP","SI"
30,3,115,"PP","SI"
32,11,115,"PP","SI"
78,11,115,"PP","SI"
18,4,115,"PP","SI"
2,16,115,"PP","SI"
298,1,115,"PP","SI"
31,6,115,"PP","SI"
77,20,115,"PP","SI"
28,32,115,"PP","SI"
13,4,115,"PP","SI"
30,3,115,"PP","SI"
39,1,115,"PP","SI"
24,5,115,"PP","SI"
26,70,115,"PP","SI"
26,70,115,"PP","SI"
75,6,115,"PP","SI"
61,40,115,"PP","SI"
19,11,115,"PP","SI"
36,5,116,"PP","SI"
19,11,116,"PP","SI"
2,16,116,"PP","SI"
17,6,116,"PP","SI"
5,7,116,"PP","SI"
13,4,116,"PP","SI"
45,8,116,"PP","SI"
41,2,116,"PP","SI"
12,12,116,"PP","SI"
18,4,116,"PP","SI"
78,11,116,"PP","SI"
44,33,116,"PP","SI"
16,7,116,"PP","SI"
46,6,116,"PP","SI"
64,16,116,"PP","SI"
59,6,116,"PP","SI"
24,5,116,"PP","SI"
32,11,116,"PP","SI"
62,8,116,"PP","SI"
49,6,116,"PP","SI"
78,11,116,"PP","SI"
48,6,116,"PP","SI"
57,12,116,"PP","SI"
75,6,116,"PP","SI"
76,7,116,"PP","SI"
20,8,116,"PP","SI"
91,10,116,"PP","SI"
48,6,116,"PP","SI"
536,1,116,"PP","SI"
41,2,116,"PP","SI"
61,40,116,"PP","SI"
67,12,116,"PP","SI"
32,11,117,"PP","SI"
26,70,117,"PP","SI"
536,1,117,"PP","SI"
33,13,117,"PP","SI"
7,10,117,"PP","SI"
15,1,117,"PP","SI"
30,3,117,"PP","SI"
81,2,117,"PP","SI"
11,33,117,"PP","SI"
77,20,117,"PP","SI"
28,32,117,"PP","SI"
80,7,117,"PP","SI"
44,33,117,"PP","SI"
72,9,117,"PP","SI"
59,6,117,"PP","SI"
18,4,117,"PP","SI"
59,6,117,"PP","SI"
62,8,117,"PP","SI"
38,6,117,"PP","SI"
48,6,117,"PP","SI"
61,40,117,"PP","SI"
14,33,117,"PP","SI"
64,16,117,"PP","SI"
49,6,117,"PP","SI"
24,5,117,"PP","SI"
26,70,117,"PP","SI"
27,3,117,"PP","SI"
13,4,117,"PP","SI"
46,6,117,"PP","SI"
47,10,117,"PP","SI"
442,1,117,"PP","SI"
56,7,117,"PP","SI"
15,1,118,"PP","SI"
28,32,118,"PP","SI"
91,10,118,"PP","SI"
64,16,118,"PP","SI"
48,6,118,"PP","SI"
30,3,118,"PP","SI"
44,33,118,"PP","SI"
77,20,118,"PP","SI"
19,11,118,"PP","SI"
20,8,118,"PP","SI"
51,3,118,"PP","SI"
23,8,118,"PP","SI"
78,11,118,"PP","SI"
76,7,118,"PP","SI"
5,7,118,"PP","SI"
11,33,118,"PP","SI"
38,6,118,"PP","SI"
26,70,118,"PP","SI"
44,33,118,"PP","SI"
57,12,118,"PP","SI"
30,3,118,"PP","SI"
67,12,118,"PP","SI"
38,6,118,"PP","SI"
17,6,118,"PP","SI"
14,33,118,"PP","SI"
7,10,118,"PP","SI"
18,4,118,"PP","SI"
64,16,118,"PP","SI"
80,7,118,"PP","SI"
67,12,118,"PP","SI"
28,32,118,"PP","SI"
49,6,118,"PP","SI"
14,33,119,"PP","SI"
62,8,119,"PP","SI"
13,4,119,"PP","SI"
64,16,119,"PP","SI"
27,3,119,"PP","SI"
48,6,119,"PP","SI"
59,6,119,"PP","SI"
217,1,119,"PP","SI"
4,11,119,"PP","SI"
62,8,119,"PP","SI"
91,10,119,"PP","SI"
536,1,119,"PP","SI"
41,2,119,"PP","SI"
57,12,119,"PP","SI"
24,5,119,"PP","SI"
19,11,119,"PP","SI"
44,33,119,"PP","SI"
442,1,119,"PP","SI"
66,1,119,"PP","SI"
298,1,119,"PP","SI"
13,4,119,"PP","SI"
48,6,119,"PP","SI"
76,7,119,"PP","SI"
208,1,119,"PP","SI"
61,40,119,"PP","SI"
17,6,119,"PP","SI"
60,6,119,"PP","SI"
12,12,119,"PP","SI"
11,33,119,"PP","SI"
11,33,119,"PP","SI"
75,6,119,"PP","SI"
28,32,119,"PP","SI"
12,12,120,"PP","SI"
57,12,120,"PP","SI"
31,6,120,"PP","SI"
17,6,120,"PP","SI"
442,1,120,"PP","SI"
33,13,120,"PP","SI"
46,6,120,"PP","SI"
77,20,120,"PP","SI"
47,10,120,"PP","SI"
28,32,120,"PP","SI"
48,6,120,"PP","SI"
48,6,120,"PP","SI"
81,2,120,"PP","SI"
41,2,120,"PP","SI"
26,70,120,"PP","SI"
11,33,120,"PP","SI"
80,7,120,"PP","SI"
61,40,120,"PP","SI"
217,1,120,"PP","SI"
56,7,120,"PP","SI"
5,7,120,"PP","SI"
208,1,120,"PP","SI"
13,4,120,"PP","SI"
64,16,120,"PP","SI"
39,1,120,"PP","SI"
80,7,120,"PP","SI"
91,10,120,"PP","SI"
86,4,120,"PP","SI"
59,6,120,"PP","SI"
16,7,120,"PP","SI"
30,3,120,"PP","SI"
13,4,120,"PP","SI"
17,6,121,"PP","SI"
80,7,121,"PP","SI"
45,8,121,"PP","SI"
16,7,121,"PP","SI"
20,8,121,"PP","SI"
2,16,121,"PP","SI"
57,12,121,"PP","SI"
61,40,121,"PP","SI"
7,10,121,"PP","SI"
46,6,121,"PP","SI"
56,7,121,"PP","SI"
81,2,121,"PP","SI"
78,11,121,"PP","SI"
12,12,121,"PP","SI"
28,32,121,"PP","SI"
46,6,121,"PP","SI"
4,11,121,"PP","SI"
536,1,121,"PP","SI"
77,20,121,"PP","SI"
8,6,121,"PP","SI"
41,2,121,"PP","SI"
26,70,121,"PP","SI"
51,3,121,"PP","SI"
32,11,121,"PP","SI"
64,16,121,"PP","SI"
26,70,121,"PP","SI"
12,12,121,"PP","SI"
13,4,121,"PP","SI"
61,40,121,"PP","SI"
80,7,121,"PP","SI"
15,1,121,"PP","SI"
67,12,121,"PP","SI"
17,6,122,"PP","SI"
81,2,122,"PP","SI"
64,16,122,"PP","SI"
2,16,122,"PP","SI"
80,7,122,"PP","SI"
32,11,122,"PP","SI"
46,6,122,"PP","SI"
45,8,122,"PP","SI"
48,6,122,"PP","SI"
26,70,122,"PP","SI"
60,6,122,"PP","SI"
20,8,122,"PP","SI"
80,7,122,"PP","SI"
91,10,122,"PP","SI"
11,33,122,"PP","SI"
536,1,122,"PP","SI"
61,40,122,"PP","SI"
28,32,122,"PP","SI"
66,1,122,"PP","SI"
77,20,122,"PP","SI"
38,6,122,"PP","SI"
33,13,122,"PP","SI"
28,32,122,"PP","SI"
72,9,122,"PP","SI"
18,4,122,"PP","SI"
12,12,122,"PP","SI"
61,40,122,"PP","SI"
5,7,122,"PP","SI"
62,8,122,"PP","SI"
86,4,122,"PP","SI"
82,1,122,"PP","SI"
16,7,122,"PP","SI"
33,13,123,"PP","SI"
41,2,123,"PP","SI"
27,3,123,"PP","SI"
4,11,123,"PP","SI"
62,8,123,"PP","SI"
7,10,123,"PP","SI"
91,10,123,"PP","SI"
31,6,123,"PP","SI"
24,5,123,"PP","SI"
12,12,123,"PP","SI"
59,6,123,"PP","SI"
72,9,123,"PP","SI"
80,7,123,"PP","SI"
78,11,123,"PP","SI"
38,6,123,"PP","SI"
12,12,123,"PP","SI"
64,16,123,"PP","SI"
30,3,123,"PP","SI"
75,6,123,"PP","SI"
48,6,123,"PP","SI"
56,7,123,"PP","SI"
86,4,123,"PP","SI"
77,20,123,"PP","SI"
17,6,123,"PP","SI"
26,70,123,"PP","SI"
20,8,123,"PP","SI"
17,6,123,"PP","SI"
18,4,123,"PP","SI"
62,8,123,"PP","SI"
67,12,123,"PP","SI"
39,1,123,"PP","SI"
36,5,123,"PP","SI"
13,4,124,"PP","SI"
14,33,124,"PP","SI"
48,6,124,"PP","SI"
11,33,124,"PP","SI"
91,10,124,"PP","SI"
82,1,124,"PP","SI"
14,33,124,"PP","SI"
19,11,124,"PP","SI"
57,12,124,"PP","SI"
59,6,124,"PP","SI"
32,11,124,"PP","SI"
80,7,124,"PP","SI"
48,6,124,"PP","SI"
5,7,124,"PP","SI"
59,6,124,"PP","SI"
33,13,124,"PP","SI"
38,6,124,"PP","SI"
536,1,124,"PP","SI"
26,70,124,"PP","SI"
28,32,124,"PP","SI"
57,12,124,"PP","SI"
67,12,124,"PP","SI"
64,16,124,"PP","SI"
38,6,124,"PP","SI"
61,40,124,"PP","SI"
46,6,124,"PP","SI"
47,10,124,"PP","SI"
51,3,124,"PP","SI"
78,11,124,"PP","SI"
8,6,124,"PP","SI"
298,1,124,"PP","SI"
49,6,124,"PP","SI"
28,32,125,"PP","SI"
14,33,125,"PP","SI"
48,6,125,"PP","SI"
2,16,125,"PP","SI"
298,1,125,"PP","SI"
38,6,125,"PP","SI"
47,10,125,"PP","SI"
45,8,125,"PP","SI"
91,10,125,"PP","SI"
36,5,125,"PP","SI"
12,12,125,"PP","SI"
46,6,125,"PP","SI"
91,10,125,"PP","SI"
7,10,125,"PP","SI"
59,6,125,"PP","SI"
200,1,125,"PP","SI"
60,6,125,"PP","SI"
80,7,125,"PP","SI"
11,33,125,"PP","SI"
66,1,125,"PP","SI"
5,7,125,"PP","SI"
27,3,125,"PP","SI"
59,6,125,"PP","SI"
217,1,125,"PP","SI"
80,7,125,"PP","SI"
26,70,125,"PP","SI"
67,12,125,"PP","SI"
30,3,125,"PP","SI"
32,11,125,"PP","SI"
7,10,125,"PP","SI"
32,11,125,"PP","SI"
19,11,125,"PP","SI"
33,13,126,"PP","SI"
36,5,126,"PP","SI"
78,11,126,"PP","SI"
12,12,126,"PP","SI"
38,6,126,"PP","SI"
11,33,126,"PP","SI"
77,20,126,"PP","SI"
64,16,126,"PP","SI"
8,6,126,"PP","SI"
51,3,126,"PP","SI"
32,11,126,"PP","SI"
4,11,126,"PP","SI"
72,9,126,"PP","SI"
39,1,126,"PP","SI"
11,33,126,"PP","SI"
46,6,126,"PP","SI"
77,20,126,"PP","SI"
30,3,126,"PP","SI"
16,7,126,"PP","SI"
30,3,126,"PP","SI"
62,8,126,"PP","SI"
44,33,126,"PP","SI"
67,12,126,"PP","SI"
38,6,126,"PP","SI"
48,6,126,"PP","SI"
19,11,126,"PP","SI"
19,11,126,"PP","SI"
62,8,126,"PP","SI"
59,6,126,"PP","SI"
48,6,126,"PP","SI"
41,2,126,"PP","SI"
91,10,126,"PP","SI"
72,9,127,"PP","SI"
23,8,127,"PP","SI"
536,1,127,"PP","SI"
11,33,127,"PP","SI"
66,1,127,"PP","SI"
41,2,127,"PP","SI"
38,6,127,"PP","SI"
7,10,127,"PP","SI"
59,6,127,"PP","SI"
64,16,127,"PP","SI"
13,4,127,"PP","SI"
16,7,127,"PP","SI"
200,1,127,"PP","SI"
86,4,127,"PP","SI"
12,12,127,"PP","SI"
19,11,127,"PP","SI"
14,33,127,"PP","SI"
217,1,127,"PP","SI"
44,33,127,"PP","SI"
28,32,127,"PP","SI"
61,40,127,"PP","SI"
15,1,127,"PP","SI"
57,12,127,"PP","SI"
78,11,127,"PP","SI"
17,6,127,"PP","SI"
78,11,127,"PP","SI"
27,3,127,"PP","SI"
62,8,127,"PP","SI"
20,8,127,"PP","SI"
14,33,127,"PP","SI"
49,6,127,"PP","SI"
11,33,127,"PP","SI"
23,8,128,"PP","SI"
33,13,128,"PP","SI"
59,6,128,"PP","SI"
38,6,128,"PP","SI"
12,12,128,"PP","SI"
57,12,128,"PP","SI"
200,1,128,"PP","SI"
59,6,128,"PP","SI"
46,6,128,"PP","SI"
75,6,128,"PP","SI"
45,8,128,"PP","SI"
19,11,128,"PP","SI"
36,5,128,"PP","SI"
17,6,128,"PP","SI"
77,20,128,"PP","SI"
38,6,128,"PP","SI"
298,1,128,"PP","SI"
82,1,128,"PP","SI"
80,7,128,"PP","SI"
13,4,128,"PP","SI"
7,10,128,"PP","SI"
15,1,128,"PP","SI"
30,3,128,"PP","SI"
49,6,128,"PP","SI"
76,7,128,"PP","SI"
86,4,128,"PP","SI"
14,33,128,"PP","SI"
39,1,128,"PP","SI"
8,6,128,"PP","SI"
56,7,128,"PP","SI"
64,16,128,"PP","SI"
48,6,128,"PP","SI"
57,12,129,"PP","SI"
38,6,129,"PP","SI"
26,70,129,"PP","SI"
12,12,129,"PP","SI"
46,6,129,"PP","SI"
33,13,129,"PP","SI"
39,1,129,"PP","SI"
11,33,129,"PP","SI"
28,32,129,"PP","SI"
15,1,129,"PP","SI"
76,7,129,"PP","SI"
208,1,129,"PP","SI"
41,2,129,"PP","SI"
64,16,129,"PP","SI"
91,10,129,"PP","SI"
78,11,129,"PP","SI"
45,8,129,"PP","SI"
32,11,129,"PP","SI"
30,3,129,"PP","SI"
200,1,129,"PP","SI"
44,33,129,"PP","SI"
7,10,129,"PP","SI"
17,6,129,"PP","SI"
67,12,129,"PP","SI"
13,4,129,"PP","SI"
19,11,129,"PP","SI"
49,6,129,"PP","SI"
16,7,129,"PP","SI"
17,6,129,"PP","SI"
78,11,129,"PP","SI"
72,9,129,"PP","SI"
12,12,129,"PP","SI"
78,11,130,"PP","SI"
30,3,130,"PP","SI"
91,10,130,"PP","SI"
18,4,130,"PP","SI"
200,1,130,"PP","SI"
49,6,130,"PP","SI"
19,11,130,"PP","SI"
12,12,130,"PP","SI"
76,7,130,"PP","SI"
61,40,130,"PP","SI"
31,6,130,"PP","SI"
32,11,130,"PP","SI"
13,4,130,"PP","SI"
17,6,130,"PP","SI"
15,1,130,"PP","SI"
77,20,130,"PP","SI"
298,1,130,"PP","SI"
38,6,130,"PP","SI"
38,6,130,"PP","SI"
57,12,130,"PP","SI"
13,4,130,"PP","SI"
26,70,130,"PP","SI"
47,10,130,"PP","SI"
28,32,130,"PP","SI"
23,8,130,"PP","SI"
11,33,130,"PP","SI"
77,20,130,"PP","SI"
67,12,130,"PP","SI"
60,6,130,"PP","SI"
81,2,130,"PP","SI"
75,6,130,"PP","SI"
12,12,130,"PP","SI"
46,6,131,"PP","SI"
57,12,131,"PP","SI"
12,12,131,"PP","SI"
11,33,131,"PP","SI"
32,11,131,"PP","SI"
39,1,131,"PP","SI"
91,10,131,"PP","SI"
62,8,131,"PP","SI"
41,2,131,"PP","SI"
13,4,131,"PP","SI"
44,33,131,"PP","SI"
19,11,131,"PP","SI"
30,3,131,"PP","SI"
62,8,131,"PP","SI"
11,33,131,"PP","SI"
12,12,131,"PP","SI"
5,7,131,"PP","SI"
51,3,131,"PP","SI"
56,7,131,"PP","SI"
17,6,131,"PP","SI"
28,32,131,"PP","SI"
60,6,131,"PP","SI"
59,6,131,"PP","SI"
536,1,131,"PP","SI"
27,3,131,"PP","SI"
64,16,131,"PP","SI"
47,10,131,"PP","SI"
86,4,131,"PP","SI"
59,6,131,"PP","SI"
7,10,131,"PP","SI"
15,1,131,"PP","SI"
31,6,131,"PP","SI"
11,33,132,"PP","SI"
91,10,132,"PP","SI"
72,9,132,"PP","SI"
19,11,132,"PP","SI"
298,1,132,"PP","SI"
75,6,132,"PP","SI"
19,11,132,"PP","SI"
57,12,132,"PP","SI"
80,7,132,"PP","SI"
24,5,132,"PP","SI"
12,12,132,"PP","SI"
64,16,132,"PP","SI"
46,6,132,"PP","SI"
18,4,132,"PP","SI"
17,6,132,"PP","SI"
47,10,132,"PP","SI"
56,7,132,"PP","SI"
38,6,132,"PP","SI"
41,2,132,"PP","SI"
8,6,132,"PP","SI"
4,11,132,"PP","SI"
14,33,132,"PP","SI"
62,8,132,"PP","SI"
13,4,132,"PP","SI"
45,8,132,"PP","SI"
442,1,132,"PP","SI"
39,1,132,"PP","SI"
66,1,132,"PP","SI"
86,4,132,"PP","SI"
91,10,132,"PP","SI"
80,7,132,"PP","SI"
67,12,132,"PP","SI"
33,13,133,"PP","SI"
200,1,133,"PP","SI"
28,32,133,"PP","SI"
77,20,133,"PP","SI"
12,12,133,"PP","SI"
56,7,133,"PP","SI"
2,16,133,"PP","SI"
81,2,133,"PP","SI"
46,6,133,"PP","SI"
67,12,133,"PP","SI"
27,3,133,"PP","SI"
26,70,133,"PP","SI"
32,11,133,"PP","SI"
217,1,133,"PP","SI"
14,33,133,"PP","SI"
44,33,133,"PP","SI"
61,40,133,"PP","SI"
28,32,133,"PP","SI"
44,33,133,"PP","SI"
18,4,133,"PP","SI"
46,6,133,"PP","SI"
59,6,133,"PP","SI"
41,2,133,"PP","SI"
39,1,133,"PP","SI"
66,1,133,"PP","SI"
7,10,133,"PP","SI"
24,5,133,"PP","SI"
45,8,133,"PP","SI"
91,10,133,"PP","SI"
64,16,133,"PP","SI"
86,4,133,"PP","SI"
15,1,133,"PP","SI"
20,8,134,"PP","SI"
39,1,134,"PP","SI"
11,33,134,"PP","SI"
36,5,134,"PP","SI"
11,33,134,"PP","SI"
86,4,134,"PP","SI"
48,6,134,"PP","SI"
16,7,134,"PP","SI"
81,2,134,"PP","SI"
64,16,134,"PP","SI"
51,3,134,"PP","SI"
38,6,134,"PP","SI"
75,6,134,"PP","SI"
66,1,134,"PP","SI"
72,9,134,"PP","SI"
78,11,134,"PP","SI"
17,6,134,"PP","SI"
67,12,134,"PP","SI"
28,32,134,"PP","SI"
7,10,134,"PP","SI"
23,8,134,"PP","SI"
14,33,134,"PP","SI"
33,13,134,"PP","SI"
41,2,134,"PP","SI"
91,10,134,"PP","SI"
38,6,134,"PP","SI"
7,10,134,"PP","SI"
8,6,134,"PP","SI"
62,8,134,"PP","SI"
76,7,134,"PP","SI"
80,7,134,"PP","SI"
60,6,134,"PP","SI"
536,1,135,"PP","SI"
67,12,135,"PP","SI"
72,9,135,"PP","SI"
38,6,135,"PP","SI"
23,8,135,"PP","SI"
59,6,135,"PP","SI"
81,2,135,"PP","SI"
30,3,135,"PP","SI"
61,40,135,"PP","SI"
48,6,135,"PP","SI"
20,8,135,"PP","SI"
7,10,135,"PP","SI"
26,70,135,"PP","SI"
39,1,135,"PP","SI"
4,11,135,"PP","SI"
30,3,135,"PP","SI"
78,11,135,"PP","SI"
76,7,135,"PP","SI"
60,6,135,"PP","SI"
57,12,135,"PP","SI"
28,32,135,"PP","SI"
12,12,135,"PP","SI"
5,7,135,"PP","SI"
12,12,135,"PP","SI"
91,10,135,"PP","SI"
66,1,135,"PP","SI"
86,4,135,"PP","SI"
64,16,135,"PP","SI"
48,6,135,"PP","SI"
91,10,135,"PP","SI"
62,8,135,"PP","SI"
32,11,135,"PP","SI"
14,33,136,"PP","SI"
11,33,136,"PP","SI"
13,4,136,"PP","SI"
442,1,136,"PP","SI"
59,6,136,"PP","SI"
32,11,136,"PP","SI"
23,8,136,"PP","SI"
39,1,136,"PP","SI"
82,1,136,"PP","SI"
12,12,136,"PP","SI"
19,11,136,"PP","SI"
8,6,136,"PP","SI"
64,16,136,"PP","SI"
78,11,136,"PP","SI"
80,7,136,"PP","SI"
72,9,136,"PP","SI"
208,1,136,"PP","SI"
61,40,136,"PP","SI"
27,3,136,"PP","SI"
46,6,136,"PP","SI"
57,12,136,"PP","SI"
17,6,136,"PP","SI"
31,6,136,"PP","SI"
13,4,136,"PP","SI"
46,6,136,"PP","SI"
14,33,136,"PP","SI"
77,20,136,"PP","SI"
48,6,136,"PP","SI"
76,7,136,"PP","SI"
41,2,136,"PP","SI"
11,33,136,"PP","SI"
44,33,136,"PP","SI"
59,6,137,"PP","SI"
78,11,137,"PP","SI"
91,10,137,"PP","SI"
48,6,137,"PP","SI"
20,8,137,"PP","SI"
27,3,137,"PP","SI"
28,32,137,"PP","SI"
217,1,137,"PP","SI"
61,40,137,"PP","SI"
82,1,137,"PP","SI"
14,33,137,"PP","SI"
19,11,137,"PP","SI"
12,12,137,"PP","SI"
67,12,137,"PP","SI"
62,8,137,"PP","SI"
45,8,137,"PP","SI"
26,70,137,"PP","SI"
23,8,137,"PP","SI"
298,1,137,"PP","SI"
33,13,137,"PP","SI"
81,2,137,"PP","SI"
51,3,137,"PP","SI"
32,11,137,"PP","SI"
19,11,137,"PP","SI"
11,33,137,"PP","SI"
61,40,137,"PP","SI"
77,20,137,"PP","SI"
46,6,137,"PP","SI"
17,6,137,"PP","SI"
15,1,137,"PP","SI"
30,3,137,"PP","SI"
13,4,137,"PP","SI"
59,6,138,"PP","SI"
36,5,138,"PP","SI"
14,33,138,"PP","SI"
60,6,138,"PP","SI"
72,9,138,"PP","SI"
17,6,138,"PP","SI"
77,20,138,"PP","SI"
67,12,138,"PP","SI"
64,16,138,"PP","SI"
33,13,138,"PP","SI"
8,6,138,"PP","SI"
59,6,138,"PP","SI"
44,33,138,"PP","SI"
7,10,138,"PP","SI"
62,8,138,"PP","SI"
19,11,138,"PP","SI"
7,10,138,"PP","SI"
18,4,138,"PP","SI"
86,4,138,"PP","SI"
77,20,138,"PP","SI"
76,7,138,"PP","SI"
48,6,138,"PP","SI"
4,11,138,"PP","SI"
48,6,138,"PP","SI"
208,1,138,"PP","SI"
30,3,138,"PP","SI"
442,1,138,"PP","SI"
81,2,138,"PP","SI"
26,70,138,"PP","SI"
67,12,138,"PP","SI"
15,1,138,"PP","SI"
61,40,138,"PP","SI"
26,70,139,"PP","SI"
78,11,139,"PP","SI"
59,6,139,"PP","SI"
5,7,139,"PP","SI"
298,1,139,"PP","SI"
67,12,139,"PP","SI"
48,6,139,"PP","SI"
72,9,139,"PP","SI"
13,4,139,"PP","SI"
4,11,139,"PP","SI"
12,12,139,"PP","SI"
26,70,139,"PP","SI"
7,10,139,"PP","SI"
30,3,139,"PP","SI"
13,4,139,"PP","SI"
15,1,139,"PP","SI"
30,3,139,"PP","SI"
33,13,139,"PP","SI"
536,1,139,"PP","SI"
41,2,139,"PP","SI"
33,13,139,"PP","SI"
2,16,139,"PP","SI"
61,40,139,"PP","SI"
11,33,139,"PP","SI"
31,6,139,"PP","SI"
38,6,139,"PP","SI"
57,12,139,"PP","SI"
56,7,139,"PP","SI"
19,11,139,"PP","SI"
32,11,139,"PP","SI"
442,1,139,"PP","SI"
82,1,139,"PP","SI"
62,8,140,"PP","SI"
67,12,140,"PP","SI"
18,4,140,"PP","SI"
46,6,140,"PP","SI"
44,33,140,"PP","SI"
60,6,140,"PP","SI"
36,5,140,"PP","SI"
12,12,140,"PP","SI"
47,10,140,"PP","SI"
26,70,140,"PP","SI"
23,8,140,"PP","SI"
61,40,140,"PP","SI"
32,11,140,"PP","SI"
13,4,140,"PP","SI"
72,9,140,"PP","SI"
91,10,140,"PP","SI"
27,3,140,"PP","SI"
45,8,140,"PP","SI"
15,1,140,"PP","SI"
28,32,140,"PP","SI"
57,12,140,"PP","SI"
19,11,140,"PP","SI"
7,10,140,"PP","SI"
298,1,140,"PP","SI"
32,11,140,"PP","SI"
33,13,140,"PP","SI"
38,6,140,"PP","SI"
4,11,140,"PP","SI"
12,12,140,"PP","SI"
78,11,140,"PP","SI"
91,10,140,"PP","SI"
208,1,140,"PP","SI"
36,5,141,"PP","SI"
7,10,141,"PP","SI"
57,12,141,"PP","SI"
32,11,141,"PP","SI"
72,9,141,"PP","SI"
18,4,141,"PP","SI"
48,6,141,"PP","SI"
30,3,141,"PP","SI"
19,11,141,"PP","SI"
44,33,141,"PP","SI"
4,11,141,"PP","SI"
15,1,141,"PP","SI"
5,7,141,"PP","SI"
8,6,141,"PP","SI"
47,10,141,"PP","SI"
13,4,141,"PP","SI"
28,32,141,"PP","SI"
57,12,141,"PP","SI"
59,6,141,"PP","SI"
45,8,141,"PP","SI"
17,6,141,"PP","SI"
23,8,141,"PP","SI"
75,6,141,"PP","SI"
11,33,141,"PP","SI"
77,20,141,"PP","SI"
77,20,141,"PP","SI"
20,8,141,"PP","SI"
32,11,141,"PP","SI"
298,1,141,"PP","SI"
46,6,141,"PP","SI"
56,7,141,"PP","SI"
27,3,141,"PP","SI"
17,6,142,"PP","SI"
45,8,142,"PP","SI"
13,4,142,"PP","SI"
75,6,142,"PP","SI"
81,2,142,"PP","SI"
64,16,142,"PP","SI"
49,6,142,"PP","SI"
24,5,142,"PP","SI"
59,6,142,"PP","SI"
80,7,142,"PP","SI"
32,11,142,"PP","SI"
38,6,142,"PP","SI"
67,12,142,"PP","SI"
23,8,142,"PP","SI"
46,6,142,"PP","SI"
298,1,142,"PP","SI"
67,12,142,"PP","SI"
44,33,142,"PP","SI"
48,6,142,"PP","SI"
20,8,142,"PP","SI"
28,32,142,"PP","SI"
72,9,142,"PP","SI"
7,10,142,"PP","SI"
18,4,142,"PP","SI"
59,6,142,"PP","SI"
61,40,142,"PP","SI"
64,16,142,"PP","SI"
17,6,142,"PP","SI"
91,10,142,"PP","SI"
13,4,142,"PP","SI"
39,1,142,"PP","SI"
12,12,142,"PP","SI"
38,6,143,"PP","SI"
41,2,143,"PP","SI"
536,1,143,"PP","SI"
4,11,143,"PP","SI"
46,6,143,"PP","SI"
200,1,143,"PP","SI"
14,33,143,"PP","SI"
30,3,143,"PP","SI"
64,16,143,"PP","SI"
39,1,143,"PP","SI"
77,20,143,"PP","SI"
26,70,143,"PP","SI"
17,6,143,"PP","SI"
28,32,143,"PP","SI"
15,1,143,"PP","SI"
51,3,143,"PP","SI"
24,5,143,"PP","SI"
33,13,143,"PP","SI"
5,7,143,"PP","SI"
56,7,143,"PP","SI"
80,7,143,"PP","SI"
72,9,143,"PP","SI"
11,33,143,"PP","SI"
19,11,143,"PP","SI"
76,7,143,"PP","SI"
82,1,143,"PP","SI"
62,8,143,"PP","SI"
57,12,143,"PP","SI"
66,1,143,"PP","SI"
14,33,143,"PP","SI"
20,8,143,"PP","SI"
49,6,143,"PP","SI"
16,7,144,"PP","SI"
33,13,144,"PP","SI"
2,16,144,"PP","SI"
80,7,144,"PP","SI"
91,10,144,"PP","SI"
62,8,144,"PP","SI"
51,3,144,"PP","SI"
298,1,144,"PP","SI"
82,1,144,"PP","SI"
12,12,144,"PP","SI"
18,4,144,"PP","SI"
208,1,144,"PP","SI"
57,12,144,"PP","SI"
5,7,144,"PP","SI"
60,6,144,"PP","SI"
8,6,144,"PP","SI"
66,1,144,"PP","SI"
64,16,144,"PP","SI"
38,6,144,"PP","SI"
30,3,144,"PP","SI"
67,12,144,"PP","SI"
44,33,144,"PP","SI"
48,6,144,"PP","SI"
67,12,144,"PP","SI"
46,6,144,"PP","SI"
56,7,144,"PP","SI"
78,11,144,"PP","SI"
45,8,144,"PP","SI"
19,11,144,"PP","SI"
217,1,144,"PP","SI"
200,1,144,"PP","SI"
20,8,144,"PP","SI"
17,6,145,"PP","SI"
41,2,145,"PP","SI"
12,12,145,"PP","SI"
86,4,145,"PP","SI"
48,6,145,"PP","SI"
51,3,145,"PP","SI"
45,8,145,"PP","SI"
33,13,145,"PP","SI"
64,16,145,"PP","SI"
28,32,145,"PP","SI"
57,12,145,"PP","SI"
91,10,145,"PP","SI"
78,11,145,"PP","SI"
5,7,145,"PP","SI"
31,6,145,"PP","SI"
298,1,145,"PP","SI"
38,6,145,"PP","SI"
20,8,145,"PP","SI"
48,6,145,"PP","SI"
18,4,145,"PP","SI"
13,4,145,"PP","SI"
59,6,145,"PP","SI"
33,13,145,"PP","SI"
67,12,145,"PP","SI"
11,33,145,"PP","SI"
36,5,145,"PP","SI"
77,20,145,"PP","SI"
28,32,145,"PP","SI"
80,7,145,"PP","SI"
200,1,145,"PP","SI"
56,7,145,"PP","SI"
59,6,145,"PP","SI"
48,6,146,"PP","SI"
66,1,146,"PP","SI"
78,11,146,"PP","SI"
75,6,146,"PP","SI"
11,33,146,"PP","SI"
41,2,146,"PP","SI"
31,6,146,"PP","SI"
91,10,146,"PP","SI"
48,6,146,"PP","SI"
46,6,146,"PP","SI"
59,6,146,"PP","SI"
56,7,146,"PP","SI"
47,10,146,"PP","SI"
41,2,146,"PP","SI"
82,1,146,"PP","SI"
2,16,146,"PP","SI"
91,10,146,"PP","SI"
12,12,146,"PP","SI"
28,32,146,"PP","SI"
442,1,146,"PP","SI"
217,1,146,"PP","SI"
60,6,146,"PP","SI"
20,8,146,"PP","SI"
51,3,146,"PP","SI"
7,10,146,"PP","SI"
19,11,146,"PP","SI"
17,6,146,"PP","SI"
61,40,146,"PP","SI"
80,7,146,"PP","SI"
77,20,146,"PP","SI"
61,40,146,"PP","SI"
62,8,146,"PP","SI"
72,9,147,"PP","SI"
57,12,147,"PP","SI"
67,12,147,"PP","SI"
19,11,147,"PP","SI"
46,6,147,"PP","SI"
36,5,147,"PP","SI"
26,70,147,"PP","SI"
46,6,147,"PP","SI"
91,10,147,"PP","SI"
30,3,147,"PP","SI"
48,6,147,"PP","SI"
13,4,147,"PP","SI"
7,10,147,"PP","SI"
2,16,147,"PP","SI"
80,7,147,"PP","SI"
66,1,147,"PP","SI"
31,6,147,"PP","SI"
64,16,147,"PP","SI"
12,12,147,"PP","SI"
77,20,147,"PP","SI"
48,6,147,"PP","SI"
78,11,147,"PP","SI"
47,10,147,"PP","SI"
61,40,147,"PP","SI"
19,11,147,"PP","SI"
200,1,147,"PP","SI"
17,6,147,"PP","SI"
536,1,147,"PP","SI"
18,4,147,"PP","SI"
44,33,147,"PP","SI"
59,6,147,"PP","SI"
39,1,147,"PP","SI"
4,11,148,"PP","SI"
80,7,148,"PP","SI"
47,10,148,"PP","SI"
26,70,148,"PP","SI"
33,13,148,"PP","SI"
76,7,148,"PP","SI"
62,8,148,"PP","SI"
80,7,148,"PP","SI"
30,3,148,"PP","SI"
57,12,148,"PP","SI"
23,8,148,"PP","SI"
41,2,148,"PP","SI"
57,12,148,"PP","SI"
56,7,148,"PP","SI"
33,13,148,"PP","SI"
46,6,148,"PP","SI"
32,11,148,"PP","SI"
208,1,148,"PP","SI"
12,12,148,"PP","SI"
18,4,148,"PP","SI"
20,8,148,"PP","SI"
11,33,148,"PP","SI"
11,33,148,"PP","SI"
19,11,148,"PP","SI"
2,16,148,"PP","SI"
31,6,148,"PP","SI"
13,4,148,"PP","SI"
60,6,148,"PP","SI"
7,10,148,"PP","SI"
27,3,148,"PP","SI"
7,10,148,"PP","SI"
44,33,148,"PP","SI"
200,1,149,"PP","SI"
61,40,149,"PP","SI"
14,33,149,"PP","SI"
33,13,149,"PP","SI"
13,4,149,"PP","SI"
75,6,149,"PP","SI"
12,12,149,"PP","SI"
62,8,149,"PP","SI"
11,33,149,"PP","SI"
7,10,149,"PP","SI"
78,11,149,"PP","SI"
59,6,149,"PP","SI"
32,11,149,"PP","SI"
8,6,149,"PP","SI"
80,7,149,"PP","SI"
56,7,149,"PP","SI"
26,70,149,"PP","SI"
30,3,149,"PP","SI"
217,1,149,"PP","SI"
4,11,149,"PP","SI"
57,12,149,"PP","SI"
91,10,149,"PP","SI"
81,2,149,"PP","SI"
46,6,149,"PP","SI"
64,16,149,"PP","SI"
44,33,149,"PP","SI"
49,6,149,"PP","SI"
76,7,149,"PP","SI"
48,6,149,"PP","SI"
28,32,149,"PP","SI"
20,8,149,"PP","SI"
72,9,149,"PP","SI"
59,6,150,"PP","SI"
2,16,150,"PP","SI"
67,12,150,"PP","SI"
61,40,150,"PP","SI"
30,3,150,"PP","SI"
8,6,150,"PP","SI"
26,70,150,"PP","SI"
51,3,150,"PP","SI"
208,1,150,"PP","SI"
39,1,150,"PP","SI"
82,1,150,"PP","SI"
81,2,150,"PP","SI"
12,12,150,"PP","SI"
46,6,150,"PP","SI"
44,33,150,"PP","SI"
59,6,150,"PP","SI"
7,10,150,"PP","SI"
18,4,150,"PP","SI"
13,4,150,"PP","SI"
19,11,150,"PP","SI"
44,33,150,"PP","SI"
91,10,150,"PP","SI"
76,7,150,"PP","SI"
64,16,150,"PP","SI"
75,6,150,"PP","SI"
12,12,150,"PP","SI"
13,4,150,"PP","SI"
48,6,150,"PP","SI"
32,11,150,"PP","SI"
14,33,150,"PP","SI"
57,12,150,"PP","SI"
66,1,150,"PP","SI"
200,1,151,"PP","SI"
7,10,151,"PP","SI"
16,7,151,"PP","SI"
48,6,151,"PP","SI"
47,10,151,"PP","SI"
44,33,151,"PP","SI"
12,12,151,"PP","SI"
11,33,151,"PP","SI"
2,16,151,"PP","SI"
66,1,151,"PP","SI"
57,12,151,"PP","SI"
14,33,151,"PP","SI"
61,40,151,"PP","SI"
8,6,151,"PP","SI"
11,33,151,"PP","SI"
45,8,151,"PP","SI"
7,10,151,"PP","SI"
31,6,151,"PP","SI"
91,10,151,"PP","SI"
46,6,151,"PP","SI"
56,7,151,"PP","SI"
38,6,151,"PP","SI"
36,5,151,"PP","SI"
51,3,151,"PP","SI"
12,12,151,"PP","SI"
67,12,151,"PP","SI"
77,20,151,"PP","SI"
5,7,151,"PP","SI"
28,32,151,"PP","SI"
13,4,151,"PP","SI"
26,70,151,"PP","SI"
75,6,151,"PP","SI"
59,6,152,"PP","SI"
217,1,152,"PP","SI"
48,6,152,"PP","SI"
27,3,152,"PP","SI"
62,8,152,"PP","SI"
81,2,152,"PP","SI"
7,10,152,"PP","SI"
46,6,152,"PP","SI"
19,11,152,"PP","SI"
72,9,152,"PP","SI"
26,70,152,"PP","SI"
60,6,152,"PP","SI"
208,1,152,"PP","SI"
14,33,152,"PP","SI"
16,7,152,"PP","SI"
11,33,152,"PP","SI"
44,33,152,"PP","SI"
5,7,152,"PP","SI"
18,4,152,"PP","SI"
28,32,152,"PP","SI"
57,12,152,"PP","SI"
78,11,152,"PP","SI"
31,6,152,"PP","SI"
49,6,152,"PP","SI"
13,4,152,"PP","SI"
30,3,152,"PP","SI"
33,13,152,"PP","SI"
30,3,152,"PP","SI"
82,1,152,"PP","SI"
19,11,152,"PP","SI"
61,40,152,"PP","SI"
56,7,152,"PP","SI"
26,70,153,"PP","SI"
12,12,153,"PP","SI"
33,13,153,"PP","SI"
67,12,153,"PP","SI"
8,6,153,"PP","SI"
26,70,153,"PP","SI"
7,10,153,"PP","SI"
60,6,153,"PP","SI"
80,7,153,"PP","SI"
442,1,153,"PP","SI"
38,6,153,"PP","SI"
200,1,153,"PP","SI"
64,16,153,"PP","SI"
11,33,153,"PP","SI"
30,3,153,"PP","SI"
64,16,153,"PP","SI"
2,16,153,"PP","SI"
28,32,153,"PP","SI"
75,6,153,"PP","SI"
28,32,153,"PP","SI"
27,3,153,"PP","SI"
24,5,153,"PP","SI"
217,1,153,"PP","SI"
46,6,153,"PP","SI"
47,10,153,"PP","SI"
30,3,153,"PP","SI"
59,6,153,"PP","SI"
80,7,153,"PP","SI"
86,4,153,"PP","SI"
81,2,153,"PP","SI"
38,6,153,"PP","SI"
33,13,153,"PP","SI"
62,8,154,"PP","SI"
47,10,154,"PP","SI"
66,1,154,"PP","SI"
48,6,154,"PP","SI"
38,6,154,"PP","SI"
16,7,154,"PP","SI"
80,7,154,"PP","SI"
59,6,154,"PP","SI"
5,7,154,"PP","SI"
13,4,154,"PP","SI"
11,33,154,"PP","SI"
75,6,154,"PP","SI"
77,20,154,"PP","SI"
2,16,154,"PP","SI"
57,12,154,"PP","SI"
26,70,154,"PP","SI"
30,3,154,"PP","SI"
28,32,154,"PP","SI"
56,7,154,"PP","SI"
7,10,154,"PP","SI"
536,1,154,"PP","SI"
39,1,154,"PP","SI"
38,6,154,"PP","SI"
49,6,154,"PP","SI"
80,7,154,"PP","SI"
78,11,154,"PP","SI"
60,6,154,"PP","SI"
33,13,154,"PP","SI"
7,10,154,"PP","SI"
32,11,154,"PP","SI"
61,40,154,"PP","SI"
62,8,154,"PP","SI"
15,1,155,"PP","SI"
82,1,155,"PP","SI"
51,3,155,"PP","SI"
62,8,155,"PP","SI"
66,1,155,"PP","SI"
59,6,155,"PP","SI"
33,13,155,"PP","SI"
17,6,155,"PP","SI"
48,6,155,"PP","SI"
78,11,155,"PP","SI"
44,33,155,"PP","SI"
60,6,155,"PP","SI"
13,4,155,"PP","SI"
38,6,155,"PP","SI"
23,8,155,"PP","SI"
67,12,155,"PP","SI"
13,4,155,"PP","SI"
57,12,155,"PP","SI"
19,11,155,"PP","SI"
33,13,155,"PP","SI"
41,2,155,"PP","SI"
91,10,155,"PP","SI"
77,20,155,"PP","SI"
20,8,155,"PP","SI"
2,16,155,"PP","SI"
61,40,155,"PP","SI"
30,3,155,"PP","SI"
30,3,155,"PP","SI"
7,10,155,"PP","SI"
44,33,155,"PP","SI"
28,32,155,"PP","SI"
46,6,155,"PP","SI"
217,1,156,"PP","SI"
32,11,156,"PP","SI"
208,1,156,"PP","SI"
26,70,156,"PP","SI"
11,33,156,"PP","SI"
32,11,156,"PP","SI"
13,4,156,"PP","SI"
49,6,156,"PP","SI"
14,33,156,"PP","SI"
76,7,156,"PP","SI"
30,3,156,"PP","SI"
15,1,156,"PP","SI"
13,4,156,"PP","SI"
8,6,156,"PP","SI"
44,33,156,"PP","SI"
46,6,156,"PP","SI"
46,6,156,"PP","SI"
59,6,156,"PP","SI"
536,1,156,"PP","SI"
80,7,156,"PP","SI"
33,13,156,"PP","SI"
67,12,156,"PP","SI"
23,8,156,"PP","SI"
48,6,156,"PP","SI"
62,8,156,"PP","SI"
4,11,156,"PP","SI"
7,10,156,"PP","SI"
26,70,156,"PP","SI"
19,11,156,"PP","SI"
18,4,156,"PP","SI"
30,3,156,"PP","SI"
45,8,156,"PP","SI"
24,5,157,"PP","SI"
62,8,157,"PP","SI"
59,6,157,"PP","SI"
66,1,157,"PP","SI"
57,12,157,"PP","SI"
200,1,157,"PP","SI"
46,6,157,"PP","SI"
36,5,157,"PP","SI"
56,7,157,"PP","SI"
46,6,157,"PP","SI"
75,6,157,"PP","SI"
11,33,157,"PP","SI"
16,7,157,"PP","SI"
4,11,157,"PP","SI"
28,32,157,"PP","SI"
64,16,157,"PP","SI"
28,32,157,"PP","SI"
49,6,157,"PP","SI"
5,7,157,"PP","SI"
61,40,157,"PP","SI"
13,4,157,"PP","SI"
64,16,157,"PP","SI"
62,8,157,"PP","SI"
2,16,157,"PP","SI"
13,4,157,"PP","SI"
59,6,157,"PP","SI"
44,33,157,"PP","SI"
38,6,157,"PP","SI"
38,6,157,"PP","SI"
26,70,157,"PP","SI"
33,13,157,"PP","SI"
78,11,157,"PP","SI"
47,10,158,"PP","SI"
61,40,158,"PP","SI"
536,1,158,"PP","SI"
76,7,158,"PP","SI"
62,8,158,"PP","SI"
78,11,158,"PP","SI"
46,6,158,"PP","SI"
19,11,158,"PP","SI"
41,2,158,"PP","SI"
51,3,158,"PP","SI"
24,5,158,"PP","SI"
64,16,158,"PP","SI"
91,10,158,"PP","SI"
77,20,158,"PP","SI"
44,33,158,"PP","SI"
16,7,158,"PP","SI"
30,3,158,"PP","SI"
61,40,158,"PP","SI"
19,11,158,"PP","SI"
41,2,158,"PP","SI"
44,33,158,"PP","SI"
33,13,158,"PP","SI"
18,4,158,"PP","SI"
208,1,158,"PP","SI"
33,13,158,"PP","SI"
31,6,158,"PP","SI"
20,8,158,"PP","SI"
11,33,158,"PP","SI"
67,12,158,"PP","SI"
26,70,158,"PP","SI"
14,33,158,"PP","SI"
12,12,158,"PP","SI"
64,16,159,"PP","SI"
46,6,159,"PP","SI"
48,6,159,"PP","SI"
51,3,159,"PP","SI"
11,33,159,"PP","SI"
298,1,159,"PP","SI"
44,33,159,"PP","SI"
2,16,159,"PP","SI"
28,32,159,"PP","SI"
19,11,159,"PP","SI"
64,16,159,"PP","SI"
18,4,159,"PP","SI"
536,1,159,"PP","SI"
80,7,159,"PP","SI"
200,1,159,"PP","SI"
67,12,159,"PP","SI"
46,6,159,"PP","SI"
27,3,159,"PP","SI"
48,6,159,"PP","SI"
41,2,159,"PP","SI"
57,12,159,"PP","SI"
44,33,159,"PP","SI"
28,32,159,"PP","SI"
77,20,159,"PP","SI"
49,6,159,"PP","SI"
81,2,159,"PP","SI"
26,70,159,"PP","SI"
19,11,159,"PP","SI"
32,11,159,"PP","SI"
76,7,159,"PP","SI"
7,10,159,"PP","SI"
60,6,159,"PP","SI"
75,6,160,"PP","SI"
39,1,160,"PP","SI"
64,16,160,"PP","SI"
12,12,160,"PP","SI"
19,11,160,"PP","SI"
77,20,160,"PP","SI"
67,12,160,"PP","SI"
17,6,160,"PP","SI"
30,3,160,"PP","SI"
77,20,160,"PP","SI"
200,1,160,"PP","SI"
208,1,160,"PP","SI"
28,32,160,"PP","SI"
36,5,160,"PP","SI"
30,3,160,"PP","SI"
14,33,160,"PP","SI"
12,12,160,"PP","SI"
57,12,160,"PP","SI"
5,7,160,"PP","SI"
2,16,160,"PP","SI"
32,11,160,"PP","SI"
62,8,160,"PP","SI"
91,10,160,"PP","SI"
48,6,160,"PP","SI"
33,13,160,"PP","SI"
38,6,160,"PP","SI"
47,10,160,"PP","SI"
19,11,160,"PP","SI"
78,11,160,"PP","SI"
7,10,160,"PP","SI"
11,33,160,"PP","SI"
13,4,160,"PP","SI"
12,12,161,"PP","SI"
45,8,161,"PP","SI"
28,32,161,"PP","SI"
208,1,161,"PP","SI"
64,16,161,"PP","SI"
44,33,161,"PP","SI"
30,3,161,"PP","SI"
28,32,161,"PP","SI"
26,70,161,"PP","SI"
59,6,161,"PP","SI"
8,6,161,"PP","SI"
19,11,161,"PP","SI"
39,1,161,"PP","SI"
51,3,161,"PP","SI"
64,16,161,"PP","SI"
7,10,161,"PP","SI"
80,7,161,"PP","SI"
91,10,161,"PP","SI"
86,4,161,"PP","SI"
59,6,161,"PP","SI"
442,1,161,"PP","SI"
66,1,161,"PP","SI"
49,6,161,"PP","SI"
5,7,161,"PP","SI"
12,12,161,"PP","SI"
48,6,161,"PP","SI"
46,6,161,"PP","SI"
46,6,161,"PP","SI"
16,7,161,"PP","SI"
23,8,161,"PP","SI"
38,6,161,"PP","SI"
30,3,161,"PP","SI"
19,11,162,"PP","SI"
13,4,162,"PP","SI"
44,33,162,"PP","SI"
48,6,162,"PP","SI"
200,1,162,"PP","SI"
12,12,162,"PP","SI"
46,6,162,"PP","SI"
44,33,162,"PP","SI"
41,2,162,"PP","SI"
64,16,162,"PP","SI"
5,7,162,"PP","SI"
18,4,162,"PP","SI"
15,1,162,"PP","SI"
59,6,162,"PP","SI"
72,9,162,"PP","SI"
81,2,162,"PP","SI"
32,11,162,"PP","SI"
49,6,162,"PP","SI"
51,3,162,"PP","SI"
33,13,162,"PP","SI"
45,8,162,"PP","SI"
27,3,162,"PP","SI"
75,6,162,"PP","SI"
30,3,162,"PP","SI"
13,4,162,"PP","SI"
11,33,162,"PP","SI"
60,6,162,"PP","SI"
298,1,162,"PP","SI"
8,6,162,"PP","SI"
62,8,162,"PP","SI"
23,8,162,"PP","SI"
14,33,162,"PP","SI"
62,8,163,"PP","SI"
18,4,163,"PP","SI"
17,6,163,"PP","SI"
46,6,163,"PP","SI"
17,6,163,"PP","SI"
61,40,163,"PP","SI"
32,11,163,"PP","SI"
200,1,163,"PP","SI"
80,7,163,"PP","SI"
13,4,163,"PP","SI"
33,13,163,"PP","SI"
8,6,163,"PP","SI"
38,6,163,"PP","SI"
14,33,163,"PP","SI"
91,10,163,"PP","SI"
4,11,163,"PP","SI"
48,6,163,"PP","SI"
56,7,163,"PP","SI"
32,11,163,"PP","SI"
19,11,163,"PP","SI"
442,1,163,"PP","SI"
46,6,163,"PP","SI"
67,12,163,"PP","SI"
536,1,163,"PP","SI"
28,32,163,"PP","SI"
39,1,163,"PP","SI"
80,7,163,"PP","SI"
61,40,163,"PP","SI"
66,1,163,"PP","SI"
14,33,163,"PP","SI"
60,6,163,"PP","SI"
41,2,163,"PP","SI"
38,6,164,"PP","SI"
72,9,164,"PP","SI"
17,6,164,"PP","SI"
48,6,164,"PP","SI"
18,4,164,"PP","SI"
19,11,164,"PP","SI"
442,1,164,"PP","SI"
41,2,164,"PP","SI"
26,70,164,"PP","SI"
77,20,164,"PP","SI"
32,11,164,"PP","SI"
5,7,164,"PP","SI"
81,2,164,"PP","SI"
80,7,164,"PP","SI"
27,3,164,"PP","SI"
200,1,164,"PP","SI"
12,12,164,"PP","SI"
208,1,164,"PP","SI"
41,2,164,"PP","SI"
45,8,164,"PP","SI"
62,8,164,"PP","SI"
7,10,164,"PP","SI"
59,6,164,"PP","SI"
46,6,164,"PP","SI"
23,8,164,"PP","SI"
28,32,164,"PP","SI"
57,12,164,"PP","SI"
217,1,164,"PP","SI"
28,32,164,"PP","SI"
77,20,164,"PP","SI"
64,16,164,"PP","SI"
30,3,164,"PP","SI"
8,6,165,"PP","SI"
19,11,165,"PP","SI"
64,16,165,"PP","SI"
67,12,165,"PP","SI"
44,33,165,"PP","SI"
80,7,165,"PP","SI"
30,3,165,"PP","SI"
27,3,165,"PP","SI"
14,33,165,"PP","SI"
72,9,165,"PP","SI"
44,33,165,"PP","SI"
16,7,165,"PP","SI"
80,7,165,"PP","SI"
81,2,165,"PP","SI"
28,32,165,"PP","SI"
7,10,165,"PP","SI"
59,6,165,"PP","SI"
217,1,165,"PP","SI"
59,6,165,"PP","SI"
48,6,165,"PP","SI"
45,8,165,"PP","SI"
91,10,165,"PP","SI"
200,1,165,"PP","SI"
30,3,165,"PP","SI"
26,70,165,"PP","SI"
57,12,165,"PP","SI"
15,1,165,"PP","SI"
11,33,165,"PP","SI"
24,5,165,"PP","SI"
26,70,165,"PP","SI"
32,11,165,"PP","SI"
77,20,165,"PP","SI"
36,5,166,"PP","SI"
18,4,166,"PP","SI"
13,4,166,"PP","SI"
77,20,166,"PP","SI"
23,8,166,"PP","SI"
7,10,166,"PP","SI"
67,12,166,"PP","SI"
14,33,166,"PP","SI"
217,1,166,"PP","SI"
19,11,166,"PP","SI"
298,1,166,"PP","SI"
62,8,166,"PP","SI"
77,20,166,"PP","SI"
33,13,166,"PP","SI"
49,6,166,"PP","SI"
31,6,166,"PP","SI"
76,7,166,"PP","SI"
4,11,166,"PP","SI"
12,12,166,"PP","SI"
32,11,166,"PP","SI"
44,33,166,"PP","SI"
8,6,166,"PP","SI"
45,8,166,"PP","SI"
30,3,166,"PP","SI"
12,12,166,"PP","SI"
78,11,166,"PP","SI"
57,12,166,"PP","SI"
78,11,166,"PP","SI"
64,16,166,"PP","SI"
46,6,166,"PP","SI"
59,6,166,"PP","SI"
46,6,166,"PP","SI"
208,1,167,"PP","SI"
32,11,167,"PP","SI"
14,33,167,"PP","SI"
33,13,167,"PP","SI"
67,12,167,"PP","SI"
56,7,167,"PP","SI"
75,6,167,"PP","SI"
2,16,167,"PP","SI"
59,6,167,"PP","SI"
217,1,167,"PP","SI"
16,7,167,"PP","SI"
4,11,167,"PP","SI"
67,12,167,"PP","SI"
91,10,167,"PP","SI"
78,11,167,"PP","SI"
57,12,167,"PP","SI"
77,20,167,"PP","SI"
14,33,167,"PP","SI"
13,4,167,"PP","SI"
536,1,167,"PP","SI"
12,12,167,"PP","SI"
38,6,167,"PP","SI"
33,13,167,"PP","SI"
19,11,167,"PP","SI"
442,1,167,"PP","SI"
46,6,167,"PP","SI"
30,3,167,"PP","SI"
61,40,167,"PP","SI"
19,11,167,"PP","SI"
41,2,167,"PP","SI"
15,1,167,"PP","SI"
49,6,167,"PP","SI"
60,6,168,"PP","SI"
26,70,168,"PP","SI"
80,7,168,"PP","SI"
13,4,168,"PP","SI"
18,4,168,"PP","SI"
75,6,168,"PP","SI"
49,6,168,"PP","SI"
72,9,168,"PP","SI"
12,12,168,"PP","SI"
2,16,168,"PP","SI"
44,33,168,"PP","SI"
442,1,168,"PP","SI"
67,12,168,"PP","SI"
208,1,168,"PP","SI"
33,13,168,"PP","SI"
536,1,168,"PP","SI"
38,6,168,"PP","SI"
57,12,168,"PP","SI"
17,6,168,"PP","SI"
23,8,168,"PP","SI"
81,2,168,"PP","SI"
13,4,168,"PP","SI"
217,1,168,"PP","SI"
8,6,168,"PP","SI"
78,11,168,"PP","SI"
62,8,168,"PP","SI"
14,33,168,"PP","SI"
19,11,168,"PP","SI"
7,10,168,"PP","SI"
82,1,168,"PP","SI"
45,8,168,"PP","SI"
200,1,168,"PP","SI"
13,4,169,"PP","SI"
17,6,169,"PP","SI"
15,1,169,"PP","SI"
5,7,169,"PP","SI"
18,4,169,"PP","SI"
76,7,169,"PP","SI"
48,6,169,"PP","SI"
16,7,169,"PP","SI"
13,4,169,"PP","SI"
51,3,169,"PP","SI"
41,2,169,"PP","SI"
82,1,169,"PP","SI"
8,6,169,"PP","SI"
19,11,169,"PP","SI"
61,40,169,"PP","SI"
26,70,169,"PP","SI"
67,12,169,"PP","SI"
12,12,169,"PP","SI"
49,6,169,"PP","SI"
30,3,169,"PP","SI"
31,6,169,"PP","SI"
30,3,169,"PP","SI"
39,1,169,"PP","SI"
80,7,169,"PP","SI"
11,33,169,"PP","SI"
91,10,169,"PP","SI"
4,11,169,"PP","SI"
67,12,169,"PP","SI"
200,1,169,"PP","SI"
48,6,169,"PP","SI"
36,5,169,"PP","SI"
44,33,169,"PP","SI"
11,33,170,"PP","SI"
61,40,170,"PP","SI"
32,11,170,"PP","SI"
208,1,170,"PP","SI"
33,13,170,"PP","SI"
298,1,170,"PP","SI"
12,12,170,"PP","SI"
46,6,170,"PP","SI"
442,1,170,"PP","SI"
38,6,170,"PP","SI"
62,8,170,"PP","SI"
14,33,170,"PP","SI"
11,33,170,"PP","SI"
59,6,170,"PP","SI"
67,12,170,"PP","SI"
7,10,170,"PP","SI"
78,11,170,"PP","SI"
17,6,170,"PP","SI"
12,12,170,"PP","SI"
23,8,170,"PP","SI"
19,11,170,"PP","SI"
76,7,170,"PP","SI"
30,3,170,"PP","SI"
28,32,170,"PP","SI"
27,3,170,"PP","SI"
86,4,170,"PP","SI"
80,7,170,"PP","SI"
36,5,170,"PP","SI"
15,1,170,"PP","SI"
32,11,170,"PP","SI"
80,7,170,"PP","SI"
44,33,170,"PP","SI"
80,7,171,"PP","SI"
2,16,171,"PP","SI"
82,1,171,"PP","SI"
61,40,171,"PP","SI"
7,10,171,"PP","SI"
51,3,171,"PP","SI"
44,33,171,"PP","SI"
64,16,171,"PP","SI"
5,7,171,"PP","SI"
75,6,171,"PP","SI"
32,11,171,"PP","SI"
41,2,171,"PP","SI"
12,12,171,"PP","SI"
32,11,171,"PP","SI"
17,6,171,"PP","SI"
47,10,171,"PP","SI"
48,6,171,"PP","SI"
46,6,171,"PP","SI"
77,20,171,"PP","SI"
298,1,171,"PP","SI"
28,32,171,"PP","SI"
48,6,171,"PP","SI"
57,12,171,"PP","SI"
45,8,171,"PP","SI"
86,4,171,"PP","SI"
33,13,171,"PP","SI"
30,3,171,"PP","SI"
81,2,171,"PP","SI"
16,7,171,"PP","SI"
4,11,171,"PP","SI"
26,70,171,"PP","SI"
46,6,171,"PP","SI"
27,3,172,"PP","SI"
19,11,172,"PP","SI"
62,8,172,"PP","SI"
32,11,172,"PP","SI"
78,11,172,"PP","SI"
28,32,172,"PP","SI"
47,10,172,"PP","SI"
36,5,172,"PP","SI"
26,70,172,"PP","SI"
298,1,172,"PP","SI"
49,6,172,"PP","SI"
16,7,172,"PP","SI"
46,6,172,"PP","SI"
62,8,172,"PP","SI"
72,9,172,"PP","SI"
38,6,172,"PP","SI"
77,20,172,"PP","SI"
33,13,172,"PP","SI"
91,10,172,"PP","SI"
38,6,172,"PP","SI"
48,6,172,"PP","SI"
60,6,172,"PP","SI"
59,6,172,"PP","SI"
11,33,172,"PP","SI"
14,33,172,"PP","SI"
14,33,172,"PP","SI"
536,1,172,"PP","SI"
57,12,172,"PP","SI"
12,12,172,"PP","SI"
61,40,172,"PP","SI"
24,5,172,"PP","SI"
44,33,172,"PP","SI"
28,32,173,"PP","SI"
12,12,173,"PP","SI"
208,1,173,"PP","SI"
80,7,173,"PP","SI"
64,16,173,"PP","SI"
7,10,173,"PP","SI"
77,20,173,"PP","SI"
44,33,173,"PP","SI"
39,1,173,"PP","SI"
47,10,173,"PP","SI"
14,33,173,"PP","SI"
26,70,173,"PP","SI"
38,6,173,"PP","SI"
61,40,173,"PP","SI"
38,6,173,"PP","SI"
19,11,173,"PP","SI"
81,2,173,"PP","SI"
60,6,173,"PP","SI"
46,6,173,"PP","SI"
2,16,173,"PP","SI"
20,8,173,"PP","SI"
62,8,173,"PP","SI"
86,4,173,"PP","SI"
4,11,173,"PP","SI"
45,8,173,"PP","SI"
49,6,173,"PP","SI"
41,2,173,"PP","SI"
442,1,173,"PP","SI"
16,7,173,"PP","SI"
23,8,173,"PP","SI"
30,3,173,"PP","SI"
5,7,173,"PP","SI"
536,1,174,"PP","SI"
24,5,174,"PP","SI"
12,12,174,"PP","SI"
17,6,174,"PP","SI"
67,12,174,"PP","SI"
28,32,174,"PP","SI"
5,7,174,"PP","SI"
91,10,174,"PP","SI"
82,1,174,"PP","SI"
59,6,174,"PP","SI"
18,4,174,"PP","SI"
200,1,174,"PP","SI"
80,7,174,"PP","SI"
26,70,174,"PP","SI"
11,33,174,"PP","SI"
27,3,174,"PP","SI"
48,6,174,"PP","SI"
47,10,174,"PP","SI"
78,11,174,"PP","SI"
75,6,174,"PP","SI"
77,20,174,"PP","SI"
23,8,174,"PP","SI"
14,33,174,"PP","SI"
19,11,174,"PP","SI"
46,6,174,"PP","SI"
217,1,174,"PP","SI"
57,12,174,"PP","SI"
13,4,174,"PP","SI"
38,6,174,"PP","SI"
7,10,174,"PP","SI"
60,6,174,"PP","SI"
39,1,174,"PP","SI"
61,40,175,"PP","SI"
13,4,175,"PP","SI"
7,10,175,"PP","SI"
200,1,175,"PP","SI"
17,6,175,"PP","SI"
15,1,175,"PP","SI"
30,3,175,"PP","SI"
59,6,175,"PP","SI"
536,1,175,"PP","SI"
59,6,175,"PP","SI"
78,11,175,"PP","SI"
91,10,175,"PP","SI"
28,32,175,"PP","SI"
60,6,175,"PP","SI"
24,5,175,"PP","SI"
12,12,175,"PP","SI"
75,6,175,"PP","SI"
27,3,175,"PP","SI"
67,12,175,"PP","SI"
2,16,175,"PP","SI"
13,4,175,"PP","SI"
57,12,175,"PP","SI"
41,2,175,"PP","SI"
5,7,175,"PP","SI"
77,20,175,"PP","SI"
7,10,175,"PP","SI"
17,6,175,"PP","SI"
11,33,175,"PP","SI"
19,11,175,"PP","SI"
39,1,175,"PP","SI"
47,10,175,"PP","SI"
33,13,175,"PP","SI"
59,6,176,"PP","SI"
217,1,176,"PP","SI"
26,70,176,"PP","SI"
16,7,176,"PP","SI"
41,2,176,"PP","SI"
8,6,176,"PP","SI"
11,33,176,"PP","SI"
49,6,176,"PP","SI"
91,10,176,"PP","SI"
23,8,176,"PP","SI"
57,12,176,"PP","SI"
78,11,176,"PP","SI"
51,3,176,"PP","SI"
298,1,176,"PP","SI"
18,4,176,"PP","SI"
4,11,176,"PP","SI"
32,11,176,"PP","SI"
30,3,176,"PP","SI"
19,11,176,"PP","SI"
86,4,176,"PP","SI"
59,6,176,"PP","SI"
76,7,176,"PP","SI"
91,10,176,"PP","SI"
61,40,176,"PP","SI"
26,70,176,"PP","SI"
56,7,176,"PP","SI"
27,3,176,"PP","SI"
5,7,176,"PP","SI"
7,10,176,"PP","SI"
80,7,176,"PP","SI"
28,32,176,"PP","SI"
41,2,176,"PP","SI"
12,12,177,"PP","SI"
5,7,177,"PP","SI"
78,11,177,"PP","SI"
14,33,177,"PP","SI"
59,6,177,"PP","SI"
11,33,177,"PP","SI"
7,10,177,"PP","SI"
80,7,177,"PP","SI"
56,7,177,"PP","SI"
38,6,177,"PP","SI"
75,6,177,"PP","SI"
33,13,177,"PP","SI"
61,40,177,"PP","SI"
66,1,177,"PP","SI"
44,33,177,"PP","SI"
46,6,177,"PP","SI"
64,16,177,"PP","SI"
62,8,177,"PP","SI"
60,6,177,"PP","SI"
18,4,177,"PP","SI"
86,4,177,"PP","SI"
45,8,177,"PP","SI"
91,10,177,"PP","SI"
28,32,177,"PP","SI"
57,12,177,"PP","SI"
77,20,177,"PP","SI"
217,1,177,"PP","SI"
62,8,177,"PP","SI"
19,11,177,"PP","SI"
7,10,177,"PP","SI"
49,6,177,"PP","SI"
12,12,177,"PP","SI"
81,2,178,"PP","SI"
20,8,178,"PP","SI"
45,8,178,"PP","SI"
59,6,178,"PP","SI"
19,11,178,"PP","SI"
26,70,178,"PP","SI"
57,12,178,"PP","SI"
60,6,178,"PP","SI"
30,3,178,"PP","SI"
24,5,178,"PP","SI"
11,33,178,"PP","SI"
38,6,178,"PP","SI"
76,7,178,"PP","SI"
30,3,178,"PP","SI"
41,2,178,"PP","SI"
16,7,178,"PP","SI"
17,6,178,"PP","SI"
28,32,178,"PP","SI"
62,8,178,"PP","SI"
61,40,178,"PP","SI"
200,1,178,"PP","SI"
77,20,178,"PP","SI"
49,6,178,"PP","SI"
13,4,178,"PP","SI"
38,6,178,"PP","SI"
27,3,178,"PP","SI"
78,11,178,"PP","SI"
536,1,178,"PP","SI"
91,10,178,"PP","SI"
51,3,178,"PP","SI"
44,33,178,"PP","SI"
14,33,178,"PP","SI"
19,11,179,"PP","SI"
12,12,179,"PP","SI"
26,70,179,"PP","SI"
76,7,179,"PP","SI"
56,7,179,"PP","SI"
27,3,179,"PP","SI"
19,11,179,"PP","SI"
38,6,179,"PP","SI"
200,1,179,"PP","SI"
57,12,179,"PP","SI"
41,2,179,"PP","SI"
38,6,179,"PP","SI"
4,11,179,"PP","SI"
59,6,179,"PP","SI"
23,8,179,"PP","SI"
80,7,179,"PP","SI"
536,1,179,"PP","SI"
66,1,179,"PP","SI"
2,16,179,"PP","SI"
64,16,179,"PP","SI"
91,10,179,"PP","SI"
31,6,179,"PP","SI"
20,8,179,"PP","SI"
32,11,179,"PP","SI"
44,33,179,"PP","SI"
208,1,179,"PP","SI"
14,33,179,"PP","SI"
11,33,179,"PP","SI"
14,33,179,"PP","SI"
30,3,179,"PP","SI"
78,11,179,"PP","SI"
64,16,179,"PP","SI"
217,1,180,"PP","SI"
47,10,180,"PP","SI"
77,20,180,"PP","SI"
82,1,180,"PP","SI"
38,6,180,"PP","SI"
11,33,180,"PP","SI"
11,33,180,"PP","SI"
17,6,180,"PP","SI"
78,11,180,"PP","SI"
77,20,180,"PP","SI"
8,6,180,"PP","SI"
20,8,180,"PP","SI"
26,70,180,"PP","SI"
60,6,180,"PP","SI"
18,4,180,"PP","SI"
62,8,180,"PP","SI"
30,3,180,"PP","SI"
91,10,180,"PP","SI"
33,13,180,"PP","SI"
27,3,180,"PP","SI"
86,4,180,"PP","SI"
12,12,180,"PP","SI"
36,5,180,"PP","SI"
5,7,180,"PP","SI"
19,11,180,"PP","SI"
4,11,180,"PP","SI"
13,4,180,"PP","SI"
67,12,180,"PP","SI"
28,32,180,"PP","SI"
17,6,180,"PP","SI"
298,1,180,"PP","SI"
75,6,180,"PP","SI"
16,7,181,"PP","SI"
46,6,181,"PP","SI"
77,20,181,"PP","SI"
11,33,181,"PP","SI"
12,12,181,"PP","SI"
217,1,181,"PP","SI"
298,1,181,"PP","SI"
5,7,181,"PP","SI"
14,33,181,"PP","SI"
64,16,181,"PP","SI"
57,12,181,"PP","SI"
51,3,181,"PP","SI"
44,33,181,"PP","SI"
2,16,181,"PP","SI"
62,8,181,"PP","SI"
86,4,181,"PP","SI"
61,40,181,"PP","SI"
76,7,181,"PP","SI"
30,3,181,"PP","SI"
200,1,181,"PP","SI"
56,7,181,"PP","SI"
67,12,181,"PP","SI"
28,32,181,"PP","SI"
8,6,181,"PP","SI"
45,8,181,"PP","SI"
31,6,181,"PP","SI"
20,8,181,"PP","SI"
26,70,181,"PP","SI"
64,16,181,"PP","SI"
19,11,181,"PP","SI"
18,4,181,"PP","SI"
80,7,181,"PP","SI"
57,12,182,"PP","SI"
5,7,182,"PP","SI"
28,32,182,"PP","SI"
62,8,182,"PP","SI"
298,1,182,"PP","SI"
62,8,182,"PP","SI"
86,4,182,"PP","SI"
77,20,182,"PP","SI"
61,40,182,"PP","SI"
217,1,182,"PP","SI"
18,4,182,"PP","SI"
28,32,182,"PP","SI"
78,11,182,"PP","SI"
8,6,182,"PP","SI"
45,8,182,"PP","SI"
4,11,182,"PP","SI"
76,7,182,"PP","SI"
39,1,182,"PP","SI"
47,10,182,"PP","SI"
64,16,182,"PP","SI"
80,7,182,"PP","SI"
41,2,182,"PP","SI"
20,8,182,"PP","SI"
32,11,182,"PP","SI"
82,1,182,"PP","SI"
31,6,182,"PP","SI"
91,10,182,"PP","SI"
59,6,182,"PP","SI"
67,12,182,"PP","SI"
11,33,182,"PP","SI"
78,11,182,"PP","SI"
81,2,182,"PP","SI"
91,10,183,"PP","SI"
72,9,183,"PP","SI"
23,8,183,"PP","SI"
15,1,183,"PP","SI"
62,8,183,"PP","SI"
44,33,183,"PP","SI"
45,8,183,"PP","SI"
77,20,183,"PP","SI"
298,1,183,"PP","SI"
80,7,183,"PP","SI"
61,40,183,"PP","SI"
48,6,183,"PP","SI"
91,10,183,"PP","SI"
4,11,183,"PP","SI"
200,1,183,"PP","SI"
60,6,183,"PP","SI"
12,12,183,"PP","SI"
38,6,183,"PP","SI"
26,70,183,"PP","SI"
82,1,183,"PP","SI"
59,6,183,"PP","SI"
20,8,183,"PP","SI"
28,32,183,"PP","SI"
19,11,183,"PP","SI"
30,3,183,"PP","SI"
56,7,183,"PP","SI"
11,33,183,"PP","SI"
36,5,183,"PP","SI"
19,11,183,"PP","SI"
31,6,183,"PP","SI"
33,13,183,"PP","SI"
49,6,183,"PP","SI"
14,33,184,"PP","SI"
33,13,184,"PP","SI"
91,10,184,"PP","SI"
11,33,184,"PP","SI"
59,6,184,"PP","SI"
82,1,184,"PP","SI"
46,6,184,"PP","SI"
217,1,184,"PP","SI"
7,10,184,"PP","SI"
60,6,184,"PP","SI"
80,7,184,"PP","SI"
14,33,184,"PP","SI"
62,8,184,"PP","SI"
48,6,184,"PP","SI"
30,3,184,"PP","SI"
61,40,184,"PP","SI"
62,8,184,"PP","SI"
17,6,184,"PP","SI"
536,1,184,"PP","SI"
44,33,184,"PP","SI"
78,11,184,"PP","SI"
81,2,184,"PP","SI"
30,3,184,"PP","SI"
38,6,184,"PP","SI"
91,10,184,"PP","SI"
32,11,184,"PP","SI"
13,4,184,"PP","SI"
298,1,184,"PP","SI"
26,70,184,"PP","SI"
61,40,184,"PP","SI"
56,7,184,"PP","SI"
67,12,184,"PP","SI"
91,10,185,"PP","SI"
64,16,185,"PP","SI"
15,1,185,"PP","SI"
30,3,185,"PP","SI"
7,10,185,"PP","SI"
56,7,185,"PP","SI"
86,4,185,"PP","SI"
5,7,185,"PP","SI"
62,8,185,"PP","SI"
28,32,185,"PP","SI"
298,1,185,"PP","SI"
38,6,185,"PP","SI"
24,5,185,"PP","SI"
77,20,185,"PP","SI"
13,4,185,"PP","SI"
81,2,185,"PP","SI"
48,6,185,"PP","SI"
33,13,185,"PP","SI"
46,6,185,"PP","SI"
91,10,185,"PP","SI"
72,9,185,"PP","SI"
28,32,185,"PP","SI"
57,12,185,"PP","SI"
41,2,185,"PP","SI"
32,11,185,"PP","SI"
64,16,185,"PP","SI"
48,6,185,"PP","SI"
36,5,185,"PP","SI"
60,6,185,"PP","SI"
30,3,185,"PP","SI"
77,20,185,"PP","SI"
82,1,185,"PP","SI"
17,6,186,"PP","SI"
64,16,186,"PP","SI"
16,7,186,"PP","SI"
62,8,186,"PP","SI"
56,7,186,"PP","SI"
82,1,186,"PP","SI"
57,12,186,"PP","SI"
8,6,186,"PP","SI"
208,1,186,"PP","SI"
75,6,186,"PP","SI"
57,12,186,"PP","SI"
60,6,186,"PP","SI"
18,4,186,"PP","SI"
200,1,186,"PP","SI"
91,10,186,"PP","SI"
77,20,186,"PP","SI"
48,6,186,"PP","SI"
67,12,186,"PP","SI"
38,6,186,"PP","SI"
91,10,186,"PP","SI"
45,8,186,"PP","SI"
30,3,186,"PP","SI"
5,7,186,"PP","SI"
64,16,186,"PP","SI"
80,7,186,"PP","SI"
44,33,186,"PP","SI"
78,11,186,"PP","SI"
41,2,186,"PP","SI"
49,6,186,"PP","SI"
30,3,186,"PP","SI"
2,16,186,"PP","SI"
28,32,186,"PP","SI"
38,6,187,"PP","SI"
47,10,187,"PP","SI"
75,6,187,"PP","SI"
13,4,187,"PP","SI"
12,12,187,"PP","SI"
61,40,187,"PP","SI"
17,6,187,"PP","SI"
7,10,187,"PP","SI"
86,4,187,"PP","SI"
61,40,187,"PP","SI"
48,6,187,"PP","SI"
41,2,187,"PP","SI"
77,20,187,"PP","SI"
30,3,187,"PP","SI"
31,6,187,"PP","SI"
11,33,187,"PP","SI"
33,13,187,"PP","SI"
536,1,187,"PP","SI"
60,6,187,"PP","SI"
46,6,187,"PP","SI"
28,32,187,"PP","SI"
13,4,187,"PP","SI"
49,6,187,"PP","SI"
67,12,187,"PP","SI"
30,3,187,"PP","SI"
91,10,187,"PP","SI"
91,10,187,"PP","SI"
44,33,187,"PP","SI"
38,6,187,"PP","SI"
442,1,187,"PP","SI"
66,1,187,"PP","SI"
20,8,187,"PP","SI"
44,33,188,"PP","SI"
32,11,188,"PP","SI"
18,4,188,"PP","SI"
86,4,188,"PP","SI"
19,11,188,"PP","SI"
26,70,188,"PP","SI"
75,6,188,"PP","SI"
17,6,188,"PP","SI"
27,3,188,"PP","SI"
15,1,188,"PP","SI"
78,11,188,"PP","SI"
12,12,188,"PP","SI"
31,6,188,"PP","SI"
38,6,188,"PP","SI"
72,9,188,"PP","SI"
46,6,188,"PP","SI"
60,6,188,"PP","SI"
17,6,188,"PP","SI"
36,5,188,"PP","SI"
14,33,188,"PP","SI"
41,2,188,"PP","SI"
19,11,188,"PP","SI"
91,10,188,"PP","SI"
7,10,188,"PP","SI"
78,11,188,"PP","SI"
2,16,188,"PP","SI"
7,10,188,"PP","SI"
47,10,188,"PP","SI"
39,1,188,"PP","SI"
46,6,188,"PP","SI"
200,1,188,"PP","SI"
67,12,188,"PP","SI"
77,20,189,"PP","SI"
60,6,189,"PP","SI"
91,10,189,"PP","SI"
298,1,189,"PP","SI"
91,10,189,"PP","SI"
26,70,189,"PP","SI"
27,3,189,"PP","SI"
64,16,189,"PP","SI"
38,6,189,"PP","SI"
30,3,189,"PP","SI"
8,6,189,"PP","SI"
76,7,189,"PP","SI"
217,1,189,"PP","SI"
442,1,189,"PP","SI"
64,16,189,"PP","SI"
78,11,189,"PP","SI"
15,1,189,"PP","SI"
47,10,189,"PP","SI"
57,12,189,"PP","SI"
78,11,189,"PP","SI"
51,3,189,"PP","SI"
57,12,189,"PP","SI"
86,4,189,"PP","SI"
32,11,189,"PP","SI"
49,6,189,"PP","SI"
31,6,189,"PP","SI"
18,4,189,"PP","SI"
5,7,189,"PP","SI"
48,6,189,"PP","SI"
59,6,189,"PP","SI"
67,12,189,"PP","SI"
46,6,189,"PP","SI"
298,1,190,"PP","SI"
7,10,190,"PP","SI"
8,6,190,"PP","SI"
57,12,190,"PP","SI"
48,6,190,"PP","SI"
4,11,190,"PP","SI"
30,3,190,"PP","SI"
64,16,190,"PP","SI"
32,11,190,"PP","SI"
536,1,190,"PP","SI"
39,1,190,"PP","SI"
81,2,190,"PP","SI"
28,32,190,"PP","SI"
82,1,190,"PP","SI"
56,7,190,"PP","SI"
41,2,190,"PP","SI"
27,3,190,"PP","SI"
77,20,190,"PP","SI"
442,1,190,"PP","SI"
46,6,190,"PP","SI"
36,5,190,"PP","SI"
14,33,190,"PP","SI"
62,8,190,"PP","SI"
91,10,190,"PP","SI"
62,8,190,"PP","SI"
48,6,190,"PP","SI"
44,33,190,"PP","SI"
5,7,190,"PP","SI"
30,3,190,"PP","SI"
75,6,190,"PP","SI"
59,6,190,"PP","SI"
33,13,190,"PP","SI"
12,12,191,"PP","SI"
57,12,191,"PP","SI"
47,10,191,"PP","SI"
45,8,191,"PP","SI"
30,3,191,"PP","SI"
59,6,191,"PP","SI"
41,2,191,"PP","SI"
208,1,191,"PP","SI"
38,6,191,"PP","SI"
77,20,191,"PP","SI"
82,1,191,"PP","SI"
298,1,191,"PP","SI"
14,33,191,"PP","SI"
536,1,191,"PP","SI"
39,1,191,"PP","SI"
24,5,191,"PP","SI"
7,10,191,"PP","SI"
80,7,191,"PP","SI"
4,11,191,"PP","SI"
32,11,191,"PP","SI"
28,32,191,"PP","SI"
11,33,191,"PP","SI"
33,13,191,"PP","SI"
72,9,191,"PP","SI"
200,1,191,"PP","SI"
59,6,191,"PP","SI"
23,8,191,"PP","SI"
44,33,191,"PP","SI"
62,8,191,"PP","SI"
77,20,191,"PP","SI"
8,6,191,"PP","SI"
13,4,191,"PP","SI"
77,20,192,"PP","SI"
27,3,192,"PP","SI"
67,12,192,"PP","SI"
47,10,192,"PP","SI"
31,6,192,"PP","SI"
11,33,192,"PP","SI"
5,7,192,"PP","SI"
60,6,192,"PP","SI"
208,1,192,"PP","SI"
15,1,192,"PP","SI"
75,6,192,"PP","SI"
536,1,192,"PP","SI"
28,32,192,"PP","SI"
72,9,192,"PP","SI"
7,10,192,"PP","SI"
80,7,192,"PP","SI"
11,33,192,"PP","SI"
36,5,192,"PP","SI"
16,7,192,"PP","SI"
18,4,192,"PP","SI"
33,13,192,"PP","SI"
80,7,192,"PP","SI"
442,1,192,"PP","SI"
30,3,192,"PP","SI"
61,40,192,"PP","SI"
26,70,192,"PP","SI"
13,4,192,"PP","SI"
78,11,192,"PP","SI"
57,12,192,"PP","SI"
76,7,192,"PP","SI"
26,70,192,"PP","SI"
30,3,192,"PP","SI"
59,6,193,"PP","SI"
28,32,193,"PP","SI"
15,1,193,"PP","SI"
12,12,193,"PP","SI"
46,6,193,"PP","SI"
48,6,193,"PP","SI"
62,8,193,"PP","SI"
67,12,193,"PP","SI"
16,7,193,"PP","SI"
82,1,193,"PP","SI"
31,6,193,"PP","SI"
86,4,193,"PP","SI"
208,1,193,"PP","SI"
59,6,193,"PP","SI"
77,20,193,"PP","SI"
44,33,193,"PP","SI"
56,7,193,"PP","SI"
49,6,193,"PP","SI"
217,1,193,"PP","SI"
24,5,193,"PP","SI"
44,33,193,"PP","SI"
81,2,193,"PP","SI"
51,3,193,"PP","SI"
14,33,193,"PP","SI"
64,16,193,"PP","SI"
32,11,193,"PP","SI"
19,11,193,"PP","SI"
28,32,193,"PP","SI"
75,6,193,"PP","SI"
30,3,193,"PP","SI"
18,4,193,"PP","SI"
61,40,193,"PP","SI"
44,33,194,"PP","SI"
38,6,194,"PP","SI"
26,70,194,"PP","SI"
17,6,194,"PP","SI"
30,3,194,"PP","SI"
200,1,194,"PP","SI"
59,6,194,"PP","SI"
46,6,194,"PP","SI"
4,11,194,"PP","SI"
20,8,194,"PP","SI"
12,12,194,"PP","SI"
18,4,194,"PP","SI"
91,10,194,"PP","SI"
208,1,194,"PP","SI"
23,8,194,"PP","SI"
32,11,194,"PP","SI"
11,33,194,"PP","SI"
81,2,194,"PP","SI"
44,33,194,"PP","SI"
46,6,194,"PP","SI"
80,7,194,"PP","SI"
17,6,194,"PP","SI"
26,70,194,"PP","SI"
8,6,194,"PP","SI"
48,6,194,"PP","SI"
13,4,194,"PP","SI"
13,4,194,"PP","SI"
298,1,194,"PP","SI"
57,12,194,"PP","SI"
41,2,194,"PP","SI"
78,11,194,"PP","SI"
86,4,194,"PP","SI"
38,6,195,"PP","SI"
19,11,195,"PP","SI"
14,33,195,"PP","SI"
298,1,195,"PP","SI"
28,32,195,"PP","SI"
86,4,195,"PP","SI"
39,1,195,"PP","SI"
51,3,195,"PP","SI"
36,5,195,"PP","SI"
31,6,195,"PP","SI"
26,70,195,"PP","SI"
28,32,195,"PP","SI"
12,12,195,"PP","SI"
62,8,195,"PP","SI"
27,3,195,"PP","SI"
67,12,195,"PP","SI"
38,6,195,"PP","SI"
62,8,195,"PP","SI"
33,13,195,"PP","SI"
57,12,195,"PP","SI"
11,33,195,"PP","SI"
32,11,195,"PP","SI"
80,7,195,"PP","SI"
30,3,195,"PP","SI"
75,6,195,"PP","SI"
77,20,195,"PP","SI"
7,10,195,"PP","SI"
11,33,195,"PP","SI"
13,4,195,"PP","SI"
76,7,195,"PP","SI"
82,1,195,"PP","SI"
200,1,195,"PP","SI"
72,9,196,"PP","SI"
75,6,196,"PP","SI"
30,3,196,"PP","SI"
17,6,196,"PP","SI"
33,13,196,"PP","SI"
62,8,196,"PP","SI"
47,10,196,"PP","SI"
46,6,196,"PP","SI"
38,6,196,"PP","SI"
32,11,196,"PP","SI"
78,11,196,"PP","SI"
64,16,196,"PP","SI"
20,8,196,"PP","SI"
18,4,196,"PP","SI"
57,12,196,"PP","SI"
82,1,196,"PP","SI"
45,8,196,"PP","SI"
19,11,196,"PP","SI"
91,10,196,"PP","SI"
77,20,196,"PP","SI"
48,6,196,"PP","SI"
30,3,196,"PP","SI"
91,10,196,"PP","SI"
78,11,196,"PP","SI"
442,1,196,"PP","SI"
8,6,196,"PP","SI"
536,1,196,"PP","SI"
44,33,196,"PP","SI"
17,6,196,"PP","SI"
39,1,196,"PP","SI"
32,11,196,"PP","SI"
76,7,196,"PP","SI"
62,8,197,"PP","SI"
11,33,197,"PP","SI"
20,8,197,"PP","SI"
24,5,197,"PP","SI"
19,11,197,"PP","SI"
66,1,197,"PP","SI"
38,6,197,"PP","SI"
13,4,197,"PP","SI"
60,6,197,"PP","SI"
78,11,197,"PP","SI"
8,6,197,"PP","SI"
57,12,197,"PP","SI"
17,6,197,"PP","SI"
46,6,197,"PP","SI"
32,11,197,"PP","SI"
18,4,197,"PP","SI"
86,4,197,"PP","SI"
59,6,197,"PP","SI"
208,1,197,"PP","SI"
15,1,197,"PP","SI"
41,2,197,"PP","SI"
91,10,197,"PP","SI"
200,1,197,"PP","SI"
62,8,197,"PP","SI"
67,12,197,"PP","SI"
27,3,197,"PP","SI"
80,7,197,"PP","SI"
61,40,197,"PP","SI"
30,3,197,"PP","SI"
30,3,197,"PP","SI"
46,6,197,"PP","SI"
12,12,197,"PP","SI"
28,32,198,"PP","SI"
14,33,198,"PP","SI"
78,11,198,"PP","SI"
19,11,198,"PP","SI"
57,12,198,"PP","SI"
78,11,198,"PP","SI"
67,12,198,"PP","SI"
33,13,198,"PP","SI"
72,9,198,"PP","SI"
13,4,198,"PP","SI"
536,1,198,"PP","SI"
77,20,198,"PP","SI"
298,1,198,"PP","SI"
18,4,198,"PP","SI"
66,1,198,"PP","SI"
4,11,198,"PP","SI"
36,5,198,"PP","SI"
19,11,198,"PP","SI"
77,20,198,"PP","SI"
45,8,198,"PP","SI"
26,70,198,"PP","SI"
80,7,198,"PP","SI"
38,6,198,"PP","SI"
33,13,198,"PP","SI"
7,10,198,"PP","SI"
48,6,198,"PP","SI"
57,12,198,"PP","SI"
12,12,198,"PP","SI"
64,16,198,"PP","SI"
2,16,198,"PP","SI"
41,2,198,"PP","SI"
38,6,198,"PP","SI"
66,1,199,"PP","SI"
38,6,199,"PP","SI"
59,6,199,"PP","SI"
14,33,199,"PP","SI"
41,2,199,"PP","SI"
5,7,199,"PP","SI"
30,3,199,"PP","SI"
64,16,199,"PP","SI"
28,32,199,"PP","SI"
7,10,199,"PP","SI"
57,12,199,"PP","SI"
217,1,199,"PP","SI"
33,13,199,"PP","SI"
33,13,199,"PP","SI"
36,5,199,"PP","SI"
86,4,199,"PP","SI"
80,7,199,"PP","SI"
32,11,199,"PP","SI"
39,1,199,"PP","SI"
67,12,199,"PP","SI"
72,9,199,"PP","SI"
28,32,199,"PP","SI"
7,10,199,"PP","SI"
46,6,199,"PP","SI"
208,1,199,"PP","SI"
26,70,199,"PP","SI"
77,20,199,"PP","SI"
298,1,199,"PP","SI"
18,4,199,"PP","SI"
19,11,199,"PP","SI"
16,7,199,"PP","SI"
17,6,199,"PP","SI"
31,6,200,"PP","SI"
77,20,200,"PP","SI"
77,20,200,"PP","SI"
217,1,200,"PP","SI"
18,4,200,"PP","SI"
60,6,200,"PP","SI"
48,6,200,"PP","SI"
62,8,200,"PP","SI"
32,11,200,"PP","SI"
8,6,200,"PP","SI"
91,10,200,"PP","SI"
49,6,200,"PP","SI"
536,1,200,"PP","SI"
11,33,200,"PP","SI"
26,70,200,"PP","SI"
81,2,200,"PP","SI"
4,11,200,"PP","SI"
57,12,200,"PP","SI"
36,5,200,"PP","SI"
19,11,200,"PP","SI"
46,6,200,"PP","SI"
17,6,200,"PP","SI"
39,1,200,"PP","SI"
200,1,200,"PP","SI"
46,6,200,"PP","SI"
17,6,200,"PP","SI"
59,6,200,"PP","SI"
64,16,200,"PP","SI"
30,3,200,"PP","SI"
7,10,200,"PP","SI"
23,8,200,"PP","SI"
91,10,200,"PP","SI"
38,6,201,"PP","SI"
62,8,201,"PP","SI"
91,10,201,"PP","SI"
33,13,201,"PP","SI"
72,9,201,"PP","SI"
8,6,201,"PP","SI"
61,40,201,"PP","SI"
67,12,201,"PP","SI"
57,12,201,"PP","SI"
41,2,201,"PP","SI"
30,3,201,"PP","SI"
48,6,201,"PP","SI"
60,6,201,"PP","SI"
12,12,201,"PP","SI"
4,11,201,"PP","SI"
11,33,201,"PP","SI"
12,12,201,"PP","SI"
26,70,201,"PP","SI"
49,6,201,"PP","SI"
77,20,201,"PP","SI"
27,3,201,"PP","SI"
38,6,201,"PP","SI"
17,6,201,"PP","SI"
80,7,201,"PP","SI"
28,32,201,"PP","SI"
11,33,201,"PP","SI"
33,13,201,"PP","SI"
208,1,201,"PP","SI"
13,4,201,"PP","SI"
86,4,201,"PP","SI"
64,16,201,"PP","SI"
20,8,201,"PP","SI"
41,2,202,"PP","SI"
81,2,202,"PP","SI"
60,6,202,"PP","SI"
57,12,202,"PP","SI"
61,40,202,"PP","SI"
75,6,202,"PP","SI"
45,8,202,"PP","SI"
2,16,202,"PP","SI"
78,11,202,"PP","SI"
19,11,202,"PP","SI"
59,6,202,"PP","SI"
31,6,202,"PP","SI"
61,40,202,"PP","SI"
38,6,202,"PP","SI"
82,1,202,"PP","SI"
11,33,202,"PP","SI"
7,10,202,"PP","SI"
49,6,202,"PP","SI"
46,6,202,"PP","SI"
44,33,202,"PP","SI"
76,7,202,"PP","SI"
14,33,202,"PP","SI"
16,7,202,"PP","SI"
23,8,202,"PP","SI"
62,8,202,"PP","SI"
39,1,202,"PP","SI"
64,16,202,"PP","SI"
28,32,202,"PP","SI"
67,12,202,"PP","SI"
33,13,202,"PP","SI"
38,6,202,"PP","SI"
8,6,202,"PP","SI"
2,16,203,"PP","SI"
67,12,203,"PP","SI"
12,12,203,"PP","SI"
23,8,203,"PP","SI"
64,16,203,"PP","SI"
61,40,203,"PP","SI"
46,6,203,"PP","SI"
47,10,203,"PP","SI"
62,8,203,"PP","SI"
32,11,203,"PP","SI"
51,3,203,"PP","SI"
81,2,203,"PP","SI"
5,7,203,"PP","SI"
7,10,203,"PP","SI"
49,6,203,"PP","SI"
41,2,203,"PP","SI"
298,1,203,"PP","SI"
61,40,203,"PP","SI"
17,6,203,"PP","SI"
26,70,203,"PP","SI"
38,6,203,"PP","SI"
31,6,203,"PP","SI"
26,70,203,"PP","SI"
27,3,203,"PP","SI"
13,4,203,"PP","SI"
4,11,203,"PP","SI"
30,3,203,"PP","SI"
536,1,203,"PP","SI"
59,6,203,"PP","SI"
56,7,203,"PP","SI"
77,20,203,"PP","SI"
19,11,203,"PP","SI"
77,20,204,"PP","SI"
20,8,204,"PP","SI"
45,8,204,"PP","SI"
12,12,204,"PP","SI"
38,6,204,"PP","SI"
200,1,204,"PP","SI"
15,1,204,"PP","SI"
64,16,204,"PP","SI"
80,7,204,"PP","SI"
4,11,204,"PP","SI"
36,5,204,"PP","SI"
61,40,204,"PP","SI"
442,1,204,"PP","SI"
28,32,204,"PP","SI"
13,4,204,"PP","SI"
33,13,204,"PP","SI"
46,6,204,"PP","SI"
33,13,204,"PP","SI"
76,7,204,"PP","SI"
46,6,204,"PP","SI"
78,11,204,"PP","SI"
59,6,204,"PP","SI"
536,1,204,"PP","SI"
57,12,204,"PP","SI"
8,6,204,"PP","SI"
82,1,204,"PP","SI"
81,2,204,"PP","SI"
62,8,204,"PP","SI"
26,70,204,"PP","SI"
57,12,204,"PP","SI"
44,33,204,"PP","SI"
298,1,204,"PP","SI"
67,12,205,"PP","SI"
24,5,205,"PP","SI"
12,12,205,"PP","SI"
76,7,205,"PP","SI"
47,10,205,"PP","SI"
91,10,205,"PP","SI"
64,16,205,"PP","SI"
28,32,205,"PP","SI"
61,40,205,"PP","SI"
11,33,205,"PP","SI"
57,12,205,"PP","SI"
62,8,205,"PP","SI"
16,7,205,"PP","SI"
7,10,205,"PP","SI"
60,6,205,"PP","SI"
32,11,205,"PP","SI"
2,16,205,"PP","SI"
38,6,205,"PP","SI"
86,4,205,"PP","SI"
59,6,205,"PP","SI"
44,33,205,"PP","SI"
33,13,205,"PP","SI"
78,11,205,"PP","SI"
72,9,205,"PP","SI"
13,4,205,"PP","SI"
11,33,205,"PP","SI"
78,11,205,"PP","SI"
62,8,205,"PP","SI"
208,1,205,"PP","SI"
46,6,205,"PP","SI"
4,11,205,"PP","SI"
64,16,205,"PP","SI"
80,7,206,"PP","SI"
48,6,206,"PP","SI"
26,70,206,"PP","SI"
76,7,206,"PP","SI"
4,11,206,"PP","SI"
47,10,206,"PP","SI"
13,4,206,"PP","SI"
298,1,206,"PP","SI"
78,11,206,"PP","SI"
41,2,206,"PP","SI"
59,6,206,"PP","SI"
536,1,206,"PP","SI"
11,33,206,"PP","SI"
28,32,206,"PP","SI"
12,12,206,"PP","SI"
86,4,206,"PP","SI"
30,3,206,"PP","SI"
41,2,206,"PP","SI"
45,8,206,"PP","SI"
33,13,206,"PP","SI"
66,1,206,"PP","SI"
11,33,206,"PP","SI"
57,12,206,"PP","SI"
80,7,206,"PP","SI"
28,32,206,"PP","SI"
16,7,206,"PP","SI"
200,1,206,"PP","SI"
56,7,206,"PP","SI"
48,6,206,"PP","SI"
60,6,206,"PP","SI"
2,16,206,"PP","SI"
61,40,206,"PP","SI"
59,6,207,"PP","SI"
77,20,207,"PP","SI"
78,11,207,"PP","SI"
61,40,207,"PP","SI"
91,10,207,"PP","SI"
536,1,207,"PP","SI"
298,1,207,"PP","SI"
15,1,207,"PP","SI"
64,16,207,"PP","SI"
51,3,207,"PP","SI"
12,12,207,"PP","SI"
17,6,207,"PP","SI"
78,11,207,"PP","SI"
80,7,207,"PP","SI"
11,33,207,"PP","SI"
45,8,207,"PP","SI"
46,6,207,"PP","SI"
86,4,207,"PP","SI"
26,70,207,"PP","SI"
19,11,207,"PP","SI"
19,11,207,"PP","SI"
30,3,207,"PP","SI"
57,12,207,"PP","SI"
49,6,207,"PP","SI"
28,32,207,"PP","SI"
11,33,207,"PP","SI"
442,1,207,"PP","SI"
13,4,207,"PP","SI"
44,33,207,"PP","SI"
62,8,207,"PP","SI"
217,1,207,"PP","SI"
23,8,207,"PP","SI"
76,7,208,"PP","SI"
64,16,208,"PP","SI"
48,6,208,"PP","SI"
14,33,208,"PP","SI"
59,6,208,"PP","SI"
61,40,208,"PP","SI"
36,5,208,"PP","SI"
217,1,208,"PP","SI"
62,8,208,"PP","SI"
66,1,208,"PP","SI"
30,3,208,"PP","SI"
12,12,208,"PP","SI"
41,2,208,"PP","SI"
51,3,208,"PP","SI"
67,12,208,"PP","SI"
38,6,208,"PP","SI"
24,5,208,"PP","SI"
442,1,208,"PP","SI"
77,20,208,"PP","SI"
62,8,208,"PP","SI"
12,12,208,"PP","SI"
57,12,208,"PP","SI"
46,6,208,"PP","SI"
31,6,208,"PP","SI"
17,6,208,"PP","SI"
64,16,208,"PP","SI"
56,7,208,"PP","SI"
80,7,208,"PP","SI"
208,1,208,"PP","SI"
2,16,208,"PP","SI"
7,10,208,"PP","SI"
13,4,208,"PP","SI"
78,11,209,"PP","SI"
15,1,209,"PP","SI"
23,8,209,"PP","SI"
4,11,209,"PP","SI"
64,16,209,"PP","SI"
442,1,209,"PP","SI"
41,2,209,"PP","SI"
61,40,209,"PP","SI"
30,3,209,"PP","SI"
44,33,209,"PP","SI"
12,12,209,"PP","SI"
33,13,209,"PP","SI"
14,33,209,"PP","SI"
77,20,209,"PP","SI"
59,6,209,"PP","SI"
56,7,209,"PP","SI"
62,8,209,"PP","SI"
76,7,209,"PP","SI"
46,6,209,"PP","SI"
200,1,209,"PP","SI"
536,1,209,"PP","SI"
14,33,209,"PP","SI"
86,4,209,"PP","SI"
20,8,209,"PP","SI"
7,10,209,"PP","SI"
24,5,209,"PP","SI"
80,7,209,"PP","SI"
26,70,209,"PP","SI"
5,7,209,"PP","SI"
61,40,209,"PP","SI"
66,1,209,"PP","SI"
32,11,209,"PP","SI"
78,11,210,"PP","SI"
32,11,210,"PP","SI"
59,6,210,"PP","SI"
44,33,210,"PP","SI"
32,11,210,"PP","SI"
39,1,210,"PP","SI"
298,1,210,"PP","SI"
5,7,210,"PP","SI"
47,10,210,"PP","SI"
67,12,210,"PP","SI"
62,8,210,"PP","SI"
28,32,210,"PP","SI"
62,8,210,"PP","SI"
8,6,210,"PP","SI"
33,13,210,"PP","SI"
4,11,210,"PP","SI"
28,32,210,"PP","SI"
18,4,210,"PP","SI"
14,33,210,"PP","SI"
59,6,210,"PP","SI"
23,8,210,"PP","SI"
72,9,210,"PP","SI"
14,33,210,"PP","SI"
13,4,210,"PP","SI"
13,4,210,"PP","SI"
27,3,210,"PP","SI"
2,16,210,"PP","SI"
78,11,210,"PP","SI"
41,2,210,"PP","SI"
12,12,210,"PP","SI"
36,5,210,"PP","SI"
91,10,210,"PP","SI"
298,1,211,"PP","SI"
32,11,211,"PP","SI"
17,6,211,"PP","SI"
200,1,211,"PP","SI"
41,2,211,"PP","SI"
57,12,211,"PP","SI"
13,4,211,"PP","SI"
77,20,211,"PP","SI"
72,9,211,"PP","SI"
14,33,211,"PP","SI"
36,5,211,"PP","SI"
38,6,211,"PP","SI"
13,4,211,"PP","SI"
67,12,211,"PP","SI"
46,6,211,"PP","SI"
59,6,211,"PP","SI"
45,8,211,"PP","SI"
30,3,211,"PP","SI"
26,70,211,"PP","SI"
78,11,211,"PP","SI"
7,10,211,"PP","SI"
12,12,211,"PP","SI"
81,2,211,"PP","SI"
62,8,211,"PP","SI"
46,6,211,"PP","SI"
33,13,211,"PP","SI"
41,2,211,"PP","SI"
91,10,211,"PP","SI"
77,20,211,"PP","SI"
8,6,211,"PP","SI"
47,10,211,"PP","SI"
82,1,211,"PP","SI"
38,6,212,"PP","SI"
28,32,212,"PP","SI"
16,7,212,"PP","SI"
7,10,212,"PP","SI"
12,12,212,"PP","SI"
200,1,212,"PP","SI"
33,13,212,"PP","SI"
66,1,212,"PP","SI"
208,1,212,"PP","SI"
2,16,212,"PP","SI"
13,4,212,"PP","SI"
67,12,212,"PP","SI"
27,3,212,"PP","SI"
82,1,212,"PP","SI"
12,12,212,"PP","SI"
32,11,212,"PP","SI"
49,6,212,"PP","SI"
41,2,212,"PP","SI"
59,6,212,"PP","SI"
442,1,212,"PP","SI"
7,10,212,"PP","SI"
38,6,212,"PP","SI"
28,32,212,"PP","SI"
77,20,212,"PP","SI"
11,33,212,"PP","SI"
26,70,212,"PP","SI"
91,10,212,"PP","SI"
48,6,212,"PP","SI"
81,2,212,"PP","SI"
536,1,212,"PP","SI"
46,6,212,"PP","SI"
62,8,212,"PP","SI"
91,10,213,"PP","SI"
80,7,213,"PP","SI"
31,6,213,"PP","SI"
30,3,213,"PP","SI"
217,1,213,"PP","SI"
17,6,213,"PP","SI"
72,9,213,"PP","SI"
48,6,213,"PP","SI"
14,33,213,"PP","SI"
57,12,213,"PP","SI"
13,4,213,"PP","SI"
49,6,213,"PP","SI"
19,11,213,"PP","SI"
20,8,213,"PP","SI"
15,1,213,"PP","SI"
67,12,213,"PP","SI"
46,6,213,"PP","SI"
26,70,213,"PP","SI"
28,32,213,"PP","SI"
12,12,213,"PP","SI"
200,1,213,"PP","SI"
536,1,213,"PP","SI"
32,11,213,"PP","SI"
66,1,213,"PP","SI"
33,13,213,"PP","SI"
27,3,213,"PP","SI"
64,16,213,"PP","SI"
41,2,213,"PP","SI"
47,10,213,"PP","SI"
82,1,213,"PP","SI"
46,6,213,"PP","SI"
17,6,213,"PP","SI"
5,7,214,"PP","SI"
77,20,214,"PP","SI"
12,12,214,"PP","SI"
47,10,214,"PP","SI"
33,13,214,"PP","SI"
14,33,214,"PP","SI"
28,32,214,"PP","SI"
31,6,214,"PP","SI"
30,3,214,"PP","SI"
536,1,214,"PP","SI"
4,11,214,"PP","SI"
7,10,214,"PP","SI"
78,11,214,"PP","SI"
23,8,214,"PP","SI"
91,10,214,"PP","SI"
2,16,214,"PP","SI"
66,1,214,"PP","SI"
20,8,214,"PP","SI"
13,4,214,"PP","SI"
8,6,214,"PP","SI"
442,1,214,"PP","SI"
60,6,214,"PP","SI"
41,2,214,"PP","SI"
41,2,214,"PP","SI"
48,6,214,"PP","SI"
64,16,214,"PP","SI"
61,40,214,"PP","SI"
36,5,214,"PP","SI"
62,8,214,"PP","SI"
32,11,214,"PP","SI"
59,6,214,"PP","SI"
91,10,214,"PP","SI"
45,8,215,"PP","SI"
67,12,215,"PP","SI"
30,3,215,"PP","SI"
39,1,215,"PP","SI"
75,6,215,"PP","SI"
32,11,215,"PP","SI"
217,1,215,"PP","SI"
28,32,215,"PP","SI"
30,3,215,"PP","SI"
12,12,215,"PP","SI"
38,6,215,"PP","SI"
7,10,215,"PP","SI"
13,4,215,"PP","SI"
67,12,215,"PP","SI"
2,16,215,"PP","SI"
11,33,215,"PP","SI"
11,33,215,"PP","SI"
26,70,215,"PP","SI"
27,3,215,"PP","SI"
46,6,215,"PP","SI"
14,33,215,"PP","SI"
46,6,215,"PP","SI"
82,1,215,"PP","SI"
64,16,215,"PP","SI"
57,12,215,"PP","SI"
81,2,215,"PP","SI"
24,5,215,"PP","SI"
4,11,215,"PP","SI"
41,2,215,"PP","SI"
72,9,215,"PP","SI"
86,4,215,"PP","SI"
36,5,215,"PP","SI"
20,8,216,"PP","SI"
27,3,216,"PP","SI"
76,7,216,"PP","SI"
86,4,216,"PP","SI"
82,1,216,"PP","SI"
61,40,216,"PP","SI"
31,6,216,"PP","SI"
59,6,216,"PP","SI"
64,16,216,"PP","SI"
32,11,216,"PP","SI"
15,1,216,"PP","SI"
57,12,216,"PP","SI"
48,6,216,"PP","SI"
64,16,216,"PP","SI"
7,10,216,"PP","SI"
23,8,216,"PP","SI"
14,33,216,"PP","SI"
12,12,216,"PP","SI"
2,16,216,"PP","SI"
49,6,216,"PP","SI"
75,6,216,"PP","SI"
67,12,216,"PP","SI"
39,1,216,"PP","SI"
28,32,216,"PP","SI"
24,5,216,"PP","SI"
91,10,216,"PP","SI"
41,2,216,"PP","SI"
56,7,216,"PP","SI"
62,8,216,"PP","SI"
5,7,216,"PP","SI"
16,7,216,"PP","SI"
44,33,216,"PP","SI"
46,6,217,"PP","SI"
60,6,217,"PP","SI"
24,5,217,"PP","SI"
72,9,217,"PP","SI"
17,6,217,"PP","SI"
77,20,217,"PP","SI"
44,33,217,"PP","SI"
16,7,217,"PP","SI"
78,11,217,"PP","SI"
48,6,217,"PP","SI"
2,16,217,"PP","SI"
38,6,217,"PP","SI"
19,11,217,"PP","SI"
61,40,217,"PP","SI"
28,32,217,"PP","SI"
66,1,217,"PP","SI"
32,11,217,"PP","SI"
19,11,217,"PP","SI"
208,1,217,"PP","SI"
7,10,217,"PP","SI"
76,7,217,"PP","SI"
39,1,217,"PP","SI"
23,8,217,"PP","SI"
200,1,217,"PP","SI"
75,6,217,"PP","SI"
51,3,217,"PP","SI"
30,3,217,"PP","SI"
30,3,217,"PP","SI"
80,7,217,"PP","SI"
27,3,217,"PP","SI"
80,7,217,"PP","SI"
14,33,217,"PP","SI"
48,6,218,"PP","SI"
61,40,218,"PP","SI"
59,6,218,"PP","SI"
12,12,218,"PP","SI"
33,13,218,"PP","SI"
28,32,218,"PP","SI"
23,8,218,"PP","SI"
27,3,218,"PP","SI"
30,3,218,"PP","SI"
38,6,218,"PP","SI"
62,8,218,"PP","SI"
64,16,218,"PP","SI"
62,8,218,"PP","SI"
51,3,218,"PP","SI"
11,33,218,"PP","SI"
7,10,218,"PP","SI"
20,8,218,"PP","SI"
78,11,218,"PP","SI"
77,20,218,"PP","SI"
5,7,218,"PP","SI"
44,33,218,"PP","SI"
33,13,218,"PP","SI"
200,1,218,"PP","SI"
13,4,218,"PP","SI"
72,9,218,"PP","SI"
61,40,218,"PP","SI"
67,12,218,"PP","SI"
91,10,218,"PP","SI"
14,33,218,"PP","SI"
14,33,218,"PP","SI"
67,12,218,"PP","SI"
80,7,218,"PP","SI"
61,40,219,"PP","SI"
56,7,219,"PP","SI"
32,11,219,"PP","SI"
67,12,219,"PP","SI"
66,1,219,"PP","SI"
4,11,219,"PP","SI"
64,16,219,"PP","SI"
13,4,219,"PP","SI"
20,8,219,"PP","SI"
15,1,219,"PP","SI"
5,7,219,"PP","SI"
30,3,219,"PP","SI"
76,7,219,"PP","SI"
298,1,219,"PP","SI"
28,32,219,"PP","SI"
8,6,219,"PP","SI"
62,8,219,"PP","SI"
26,70,219,"PP","SI"
80,7,219,"PP","SI"
442,1,219,"PP","SI"
11,33,219,"PP","SI"
61,40,219,"PP","SI"
19,11,219,"PP","SI"
23,8,219,"PP","SI"
60,6,219,"PP","SI"
80,7,219,"PP","SI"
16,7,219,"PP","SI"
31,6,219,"PP","SI"
39,1,219,"PP","SI"
75,6,219,"PP","SI"
64,16,219,"PP","SI"
77,20,219,"PP","SI"
17,6,220,"PP","SI"
45,8,220,"PP","SI"
14,33,220,"PP","SI"
19,11,220,"PP","SI"
27,3,220,"PP","SI"
41,2,220,"PP","SI"
61,40,220,"PP","SI"
77,20,220,"PP","SI"
62,8,220,"PP","SI"
51,3,220,"PP","SI"
64,16,220,"PP","SI"
28,32,220,"PP","SI"
19,11,220,"PP","SI"
46,6,220,"PP","SI"
44,33,220,"PP","SI"
91,10,220,"PP","SI"
20,8,220,"PP","SI"
47,10,220,"PP","SI"
66,1,220,"PP","SI"
17,6,220,"PP","SI"
81,2,220,"PP","SI"
91,10,220,"PP","SI"
78,11,220,"PP","SI"
13,4,220,"PP","SI"
86,4,220,"PP","SI"
56,7,220,"PP","SI"
18,4,220,"PP","SI"
200,1,220,"PP","SI"
46,6,220,"PP","SI"
44,33,220,"PP","SI"
38,6,220,"PP","SI"
38,6,220,"PP","SI"
82,1,221,"PP","SI"
48,6,221,"PP","SI"
16,7,221,"PP","SI"
91,10,221,"PP","SI"
44,33,221,"PP","SI"
17,6,221,"PP","SI"
91,10,221,"PP","SI"
66,1,221,"PP","SI"
30,3,221,"PP","SI"
86,4,221,"PP","SI"
15,1,221,"PP","SI"
51,3,221,"PP","SI"
4,11,221,"PP","SI"
11,33,221,"PP","SI"
23,8,221,"PP","SI"
217,1,221,"PP","SI"
32,11,221,"PP","SI"
39,1,221,"PP","SI"
7,10,221,"PP","SI"
78,11,221,"PP","SI"
76,7,221,"PP","SI"
19,11,221,"PP","SI"
60,6,221,"PP","SI"
44,33,221,"PP","SI"
49,6,221,"PP","SI"
536,1,221,"PP","SI"
19,11,221,"PP","SI"
13,4,221,"PP","SI"
77,20,221,"PP","SI"
442,1,221,"PP","SI"
33,13,221,"PP","SI"
67,12,221,"PP","SI"
14,33,222,"PP","SI"
12,12,222,"PP","SI"
33,13,222,"PP","SI"
32,11,222,"PP","SI"
44,33,222,"PP","SI"
62,8,222,"PP","SI"
7,10,222,"PP","SI"
8,6,222,"PP","SI"
23,8,222,"PP","SI"
16,7,222,"PP","SI"
59,6,222,"PP","SI"
46,6,222,"PP","SI"
17,6,222,"PP","SI"
30,3,222,"PP","SI"
15,1,222,"PP","SI"
17,6,222,"PP","SI"
32,11,222,"PP","SI"
5,7,222,"PP","SI"
59,6,222,"PP","SI"
31,6,222,"PP","SI"
39,1,222,"PP","SI"
4,11,222,"PP","SI"
28,32,222,"PP","SI"
33,13,222,"PP","SI"
77,20,222,"PP","SI"
77,20,222,"PP","SI"
91,10,222,"PP","SI"
24,5,222,"PP","SI"
298,1,222,"PP","SI"
200,1,222,"PP","SI"
208,1,222,"PP","SI"
61,40,222,"PP","SI"
15,1,223,"PP","SI"
57,12,223,"PP","SI"
13,4,223,"PP","SI"
48,6,223,"PP","SI"
23,8,223,"PP","SI"
200,1,223,"PP","SI"
91,10,223,"PP","SI"
57,12,223,"PP","SI"
67,12,223,"PP","SI"
60,6,223,"PP","SI"
33,13,223,"PP","SI"
28,32,223,"PP","SI"
45,8,223,"PP","SI"
47,10,223,"PP","SI"
61,40,223,"PP","SI"
91,10,223,"PP","SI"
80,7,223,"PP","SI"
14,33,223,"PP","SI"
17,6,223,"PP","SI"
41,2,223,"PP","SI"
16,7,223,"PP","SI"
536,1,223,"PP","SI"
66,1,223,"PP","SI"
30,3,223,"PP","SI"
28,32,223,"PP","SI"
56,7,223,"PP","SI"
77,20,223,"PP","SI"
61,40,223,"PP","SI"
82,1,223,"PP","SI"
20,8,223,"PP","SI"
14,33,223,"PP","SI"
19,11,223,"PP","SI"
36,5,224,"PP","SI"
19,11,224,"PP","SI"
56,7,224,"PP","SI"
11,33,224,"PP","SI"
12,12,224,"PP","SI"
32,11,224,"PP","SI"
38,6,224,"PP","SI"
17,6,224,"PP","SI"
72,9,224,"PP","SI"
91,10,224,"PP","SI"
67,12,224,"PP","SI"
78,11,224,"PP","SI"
91,10,224,"PP","SI"
20,8,224,"PP","SI"
2,16,224,"PP","SI"
442,1,224,"PP","SI"
86,4,224,"PP","SI"
32,11,224,"PP","SI"
24,5,224,"PP","SI"
15,1,224,"PP","SI"
62,8,224,"PP","SI"
18,4,224,"PP","SI"
39,1,224,"PP","SI"
27,3,224,"PP","SI"
47,10,224,"PP","SI"
46,6,224,"PP","SI"
31,6,224,"PP","SI"
38,6,224,"PP","SI"
48,6,224,"PP","SI"
200,1,224,"PP","SI"
48,6,224,"PP","SI"
217,1,224,"PP","SI"
80,7,225,"PP","SI"
60,6,225,"PP","SI"
30,3,225,"PP","SI"
11,33,225,"PP","SI"
536,1,225,"PP","SI"
57,12,225,"PP","SI"
11,33,225,"PP","SI"
57,12,225,"PP","SI"
64,16,225,"PP","SI"
2,16,225,"PP","SI"
31,6,225,"PP","SI"
78,11,225,"PP","SI"
46,6,225,"PP","SI"
13,4,225,"PP","SI"
61,40,225,"PP","SI"
67,12,225,"PP","SI"
217,1,225,"PP","SI"
64,16,225,"PP","SI"
91,10,225,"PP","SI"
5,7,225,"PP","SI"
12,12,225,"PP","SI"
12,12,225,"PP","SI"
77,20,225,"PP","SI"
208,1,225,"PP","SI"
44,33,225,"PP","SI"
27,3,225,"PP","SI"
24,5,225,"PP","SI"
8,6,225,"PP","SI"
28,32,225,"PP","SI"
33,13,225,"PP","SI"
4,11,225,"PP","SI"
17,6,225,"PP","SI"
12,12,226,"PP","SI"
81,2,226,"PP","SI"
75,6,226,"PP","SI"
67,12,226,"PP","SI"
82,1,226,"PP","SI"
61,40,226,"PP","SI"
7,10,226,"PP","SI"
19,11,226,"PP","SI"
59,6,226,"PP","SI"
67,12,226,"PP","SI"
536,1,226,"PP","SI"
19,11,226,"PP","SI"
442,1,226,"PP","SI"
72,9,226,"PP","SI"
26,70,226,"PP","SI"
8,6,226,"PP","SI"
57,12,226,"PP","SI"
48,6,226,"PP","SI"
208,1,226,"PP","SI"
24,5,226,"PP","SI"
2,16,226,"PP","SI"
44,33,226,"PP","SI"
26,70,226,"PP","SI"
200,1,226,"PP","SI"
91,10,226,"PP","SI"
17,6,226,"PP","SI"
13,4,226,"PP","SI"
28,32,226,"PP","SI"
86,4,226,"PP","SI"
60,6,226,"PP","SI"
18,4,226,"PP","SI"
33,13,226,"PP","SI"
26,70,227,"PP","SI"
11,33,227,"PP","SI"
91,10,227,"PP","SI"
59,6,227,"PP","SI"
38,6,227,"PP","SI"
59,6,227,"PP","SI"
298,1,227,"PP","SI"
77,20,227,"PP","SI"
41,2,227,"PP","SI"
38,6,227,"PP","SI"
66,1,227,"PP","SI"
30,3,227,"PP","SI"
91,10,227,"PP","SI"
7,10,227,"PP","SI"
48,6,227,"PP","SI"
81,2,227,"PP","SI"
19,11,227,"PP","SI"
45,8,227,"PP","SI"
46,6,227,"PP","SI"
7,10,227,"PP","SI"
12,12,227,"PP","SI"
60,6,227,"PP","SI"
4,11,227,"PP","SI"
5,7,227,"PP","SI"
80,7,227,"PP","SI"
8,6,227,"PP","SI"
49,6,227,"PP","SI"
33,13,227,"PP","SI"
14,33,227,"PP","SI"
17,6,227,"PP","SI"
24,5,227,"PP","SI"
19,11,227,"PP","SI"
200,1,228,"PP","SI"
78,11,228,"PP","SI"
33,13,228,"PP","SI"
81,2,228,"PP","SI"
57,12,228,"PP","SI"
67,12,228,"PP","SI"
82,1,228,"PP","SI"
61,40,228,"PP","SI"
48,6,228,"PP","SI"
536,1,228,"PP","SI"
11,33,228,"PP","SI"
12,12,228,"PP","SI"
24,5,228,"PP","SI"
38,6,228,"PP","SI"
44,33,228,"PP","SI"
208,1,228,"PP","SI"
64,16,228,"PP","SI"
19,11,228,"PP","SI"
80,7,228,"PP","SI"
5,7,228,"PP","SI"
86,4,228,"PP","SI"
66,1,228,"PP","SI"
32,11,228,"PP","SI"
76,7,228,"PP","SI"
47,10,228,"PP","SI"
62,8,228,"PP","SI"
32,11,228,"PP","SI"
36,5,228,"PP","SI"
19,11,228,"PP","SI"
26,70,228,"PP","SI"
72,9,228,"PP","SI"
298,1,228,"PP","SI"
18,4,229,"PP","SI"
33,13,229,"PP","SI"
20,8,229,"PP","SI"
27,3,229,"PP","SI"
91,10,229,"PP","SI"
28,32,229,"PP","SI"
80,7,229,"PP","SI"
12,12,229,"PP","SI"
8,6,229,"PP","SI"
39,1,229,"PP","SI"
208,1,229,"PP","SI"
48,6,229,"PP","SI"
7,10,229,"PP","SI"
67,12,229,"PP","SI"
14,33,229,"PP","SI"
47,10,229,"PP","SI"
57,12,229,"PP","SI"
75,6,229,"PP","SI"
78,11,229,"PP","SI"
11,33,229,"PP","SI"
30,3,229,"PP","SI"
298,1,229,"PP","SI"
80,7,229,"PP","SI"
41,2,229,"PP","SI"
19,11,229,"PP","SI"
77,20,229,"PP","SI"
536,1,229,"PP","SI"
45,8,229,"PP","SI"
66,1,229,"PP","SI"
86,4,229,"PP","SI"
51,3,229,"PP","SI"
62,8,229,"PP","SI"
14,33,230,"PP","SI"
91,10,230,"PP","SI"
66,1,230,"PP","SI"
86,4,230,"PP","SI"
41,2,230,"PP","SI"
77,20,230,"PP","SI"
44,33,230,"PP","SI"
26,70,230,"PP","SI"
59,6,230,"PP","SI"
28,32,230,"PP","SI"
7,10,230,"PP","SI"
208,1,230,"PP","SI"
28,32,230,"PP","SI"
30,3,230,"PP","SI"
56,7,230,"PP","SI"
11,33,230,"PP","SI"
19,11,230,"PP","SI"
49,6,230,"PP","SI"
32,11,230,"PP","SI"
18,4,230,"PP","SI"
81,2,230,"PP","SI"
5,7,230,"PP","SI"
442,1,230,"PP","SI"
38,6,230,"PP","SI"
17,6,230,"PP","SI"
39,1,230,"PP","SI"
67,12,230,"PP","SI"
2,16,230,"PP","SI"
45,8,230,"PP","SI"
23,8,230,"PP","SI"
15,1,230,"PP","SI"
47,10,230,"PP","SI"
217,1,231,"PP","SI"
31,6,231,"PP","SI"
19,11,231,"PP","SI"
11,33,231,"PP","SI"
77,20,231,"PP","SI"
26,70,231,"PP","SI"
91,10,231,"PP","SI"
59,6,231,"PP","SI"
442,1,231,"PP","SI"
4,11,231,"PP","SI"
298,1,231,"PP","SI"
64,16,231,"PP","SI"
67,12,231,"PP","SI"
12,12,231,"PP","SI"
41,2,231,"PP","SI"
17,6,231,"PP","SI"
32,11,231,"PP","SI"
208,1,231,"PP","SI"
32,11,231,"PP","SI"
80,7,231,"PP","SI"
200,1,231,"PP","SI"
15,1,231,"PP","SI"
61,40,231,"PP","SI"
77,20,231,"PP","SI"
30,3,231,"PP","SI"
91,10,231,"PP","SI"
33,13,231,"PP","SI"
44,33,231,"PP","SI"
67,12,231,"PP","SI"
78,11,231,"PP","SI"
46,6,231,"PP","SI"
46,6,231,"PP","SI"
59,6,232,"PP","SI"
26,70,232,"PP","SI"
48,6,232,"PP","SI"
67,12,232,"PP","SI"
28,32,232,"PP","SI"
61,40,232,"PP","SI"
80,7,232,"PP","SI"
78,11,232,"PP","SI"
17,6,232,"PP","SI"
36,5,232,"PP","SI"
91,10,232,"PP","SI"
14,33,232,"PP","SI"
23,8,232,"PP","SI"
49,6,232,"PP","SI"
13,4,232,"PP","SI"
46,6,232,"PP","SI"
38,6,232,"PP","SI"
81,2,232,"PP","SI"
217,1,232,"PP","SI"
57,12,232,"PP","SI"
298,1,232,"PP","SI"
62,8,232,"PP","SI"
61,40,232,"PP","SI"
39,1,232,"PP","SI"
30,3,232,"PP","SI"
57,12,232,"PP","SI"
91,10,232,"PP","SI"
33,13,232,"PP","SI"
82,1,232,"PP","SI"
19,11,232,"PP","SI"
44,33,232,"PP","SI"
48,6,232,"PP","SI"
28,32,233,"PP","SI"
31,6,233,"PP","SI"
14,33,233,"PP","SI"
38,6,233,"PP","SI"
59,6,233,"PP","SI"
15,1,233,"PP","SI"
56,7,233,"PP","SI"
32,11,233,"PP","SI"
62,8,233,"PP","SI"
51,3,233,"PP","SI"
46,6,233,"PP","SI"
17,6,233,"PP","SI"
7,10,233,"PP","SI"
200,1,233,"PP","SI"
18,4,233,"PP","SI"
26,70,233,"PP","SI"
33,13,233,"PP","SI"
67,12,233,"PP","SI"
57,12,233,"PP","SI"
5,7,233,"PP","SI"
72,9,233,"PP","SI"
80,7,233,"PP","SI"
298,1,233,"PP","SI"
45,8,233,"PP","SI"
82,1,233,"PP","SI"
77,20,233,"PP","SI"
4,11,233,"PP","SI"
19,11,233,"PP","SI"
48,6,233,"PP","SI"
91,10,233,"PP","SI"
442,1,233,"PP","SI"
8,6,233,"PP","SI"
48,6,234,"PP","SI"
28,32,234,"PP","SI"
46,6,234,"PP","SI"
66,1,234,"PP","SI"
8,6,234,"PP","SI"
14,33,234,"PP","SI"
57,12,234,"PP","SI"
30,3,234,"PP","SI"
2,16,234,"PP","SI"
77,20,234,"PP","SI"
45,8,234,"PP","SI"
64,16,234,"PP","SI"
48,6,234,"PP","SI"
217,1,234,"PP","SI"
33,13,234,"PP","SI"
41,2,234,"PP","SI"
4,11,234,"PP","SI"
23,8,234,"PP","SI"
26,70,234,"PP","SI"
78,11,234,"PP","SI"
72,9,234,"PP","SI"
41,2,234,"PP","SI"
67,12,234,"PP","SI"
64,16,234,"PP","SI"
33,13,234,"PP","SI"
67,12,234,"PP","SI"
28,32,234,"PP","SI"
39,1,234,"PP","SI"
12,12,234,"PP","SI"
91,10,234,"PP","SI"
75,6,234,"PP","SI"
60,6,234,"PP","SI"
48,6,235,"PP","SI"
64,16,235,"PP","SI"
78,11,235,"PP","SI"
19,11,235,"PP","SI"
7,10,235,"PP","SI"
44,33,235,"PP","SI"
20,8,235,"PP","SI"
15,1,235,"PP","SI"
62,8,235,"PP","SI"
41,2,235,"PP","SI"
44,33,235,"PP","SI"
60,6,235,"PP","SI"
13,4,235,"PP","SI"
30,3,235,"PP","SI"
11,33,235,"PP","SI"
46,6,235,"PP","SI"
64,16,235,"PP","SI"
66,1,235,"PP","SI"
72,9,235,"PP","SI"
61,40,235,"PP","SI"
14,33,235,"PP","SI"
80,7,235,"PP","SI"
12,12,235,"PP","SI"
62,8,235,"PP","SI"
45,8,235,"PP","SI"
14,33,235,"PP","SI"
77,20,235,"PP","SI"
2,16,235,"PP","SI"
28,32,235,"PP","SI"
75,6,235,"PP","SI"
59,6,235,"PP","SI"
11,33,235,"PP","SI"
80,7,236,"PP","SI"
91,10,236,"PP","SI"
2,16,236,"PP","SI"
91,10,236,"PP","SI"
78,11,236,"PP","SI"
17,6,236,"PP","SI"
11,33,236,"PP","SI"
5,7,236,"PP","SI"
33,13,236,"PP","SI"
32,11,236,"PP","SI"
62,8,236,"PP","SI"
64,16,236,"PP","SI"
28,32,236,"PP","SI"
442,1,236,"PP","SI"
61,40,236,"PP","SI"
86,4,236,"PP","SI"
41,2,236,"PP","SI"
62,8,236,"PP","SI"
31,6,236,"PP","SI"
7,10,236,"PP","SI"
45,8,236,"PP","SI"
12,12,236,"PP","SI"
44,33,236,"PP","SI"
81,2,236,"PP","SI"
14,33,236,"PP","SI"
11,33,236,"PP","SI"
64,16,236,"PP","SI"
41,2,236,"PP","SI"
12,12,236,"PP","SI"
46,6,236,"PP","SI"
47,10,236,"PP","SI"
26,70,236,"PP","SI"
44,33,237,"PP","SI"
5,7,237,"PP","SI"
298,1,237,"PP","SI"
28,32,237,"PP","SI"
23,8,237,"PP","SI"
208,1,237,"PP","SI"
59,6,237,"PP","SI"
13,4,237,"PP","SI"
30,3,237,"PP","SI"
217,1,237,"PP","SI"
38,6,237,"PP","SI"
7,10,237,"PP","SI"
76,7,237,"PP","SI"
31,6,237,"PP","SI"
19,11,237,"PP","SI"
82,1,237,"PP","SI"
11,33,237,"PP","SI"
17,6,237,"PP","SI"
62,8,237,"PP","SI"
59,6,237,"PP","SI"
80,7,237,"PP","SI"
81,2,237,"PP","SI"
200,1,237,"PP","SI"
67,12,237,"PP","SI"
57,12,237,"PP","SI"
442,1,237,"PP","SI"
38,6,237,"PP","SI"
51,3,237,"PP","SI"
78,11,237,"PP","SI"
61,40,237,"PP","SI"
78,11,237,"PP","SI"
14,33,237,"PP","SI"
91,10,238,"PP","SI"
91,10,238,"PP","SI"
26,70,238,"PP","SI"
67,12,238,"PP","SI"
48,6,238,"PP","SI"
5,7,238,"PP","SI"
76,7,238,"PP","SI"
39,1,238,"PP","SI"
7,10,238,"PP","SI"
20,8,238,"PP","SI"
44,33,238,"PP","SI"
33,13,238,"PP","SI"
298,1,238,"PP","SI"
30,3,238,"PP","SI"
61,40,238,"PP","SI"
41,2,238,"PP","SI"
32,11,238,"PP","SI"
78,11,238,"PP","SI"
77,20,238,"PP","SI"
19,11,238,"PP","SI"
14,33,238,"PP","SI"
61,40,238,"PP","SI"
217,1,238,"PP","SI"
12,12,238,"PP","SI"
38,6,238,"PP","SI"
62,8,238,"PP","SI"
48,6,238,"PP","SI"
81,2,238,"PP","SI"
2,16,238,"PP","SI"
26,70,238,"PP","SI"
24,5,238,"PP","SI"
44,33,238,"PP","SI"
17,6,239,"PP","SI"
46,6,239,"PP","SI"
32,11,239,"PP","SI"
33,13,239,"PP","SI"
59,6,239,"PP","SI"
61,40,239,"PP","SI"
66,1,239,"PP","SI"
26,70,239,"PP","SI"
48,6,239,"PP","SI"
536,1,239,"PP","SI"
91,10,239,"PP","SI"
18,4,239,"PP","SI"
33,13,239,"PP","SI"
59,6,239,"PP","SI"
80,7,239,"PP","SI"
38,6,239,"PP","SI"
62,8,239,"PP","SI"
61,40,239,"PP","SI"
13,4,239,"PP","SI"
41,2,239,"PP","SI"
30,3,239,"PP","SI"
36,5,239,"PP","SI"
67,12,239,"PP","SI"
200,1,239,"PP","SI"
19,11,239,"PP","SI"
11,33,239,"PP","SI"
12,12,239,"PP","SI"
30,3,239,"PP","SI"
91,10,239,"PP","SI"
49,6,239,"PP","SI"
38,6,239,"PP","SI"
39,1,239,"PP","SI"
217,1,240,"PP","SI"
4,11,240,"PP","SI"
51,3,240,"PP","SI"
76,7,240,"PP","SI"
59,6,240,"PP","SI"
11,33,240,"PP","SI"
28,32,240,"PP","SI"
45,8,240,"PP","SI"
442,1,240,"PP","SI"
19,11,240,"PP","SI"
66,1,240,"PP","SI"
30,3,240,"PP","SI"
536,1,240,"PP","SI"
30,3,240,"PP","SI"
47,10,240,"PP","SI"
8,6,240,"PP","SI"
62,8,240,"PP","SI"
91,10,240,"PP","SI"
64,16,240,"PP","SI"
38,6,240,"PP","SI"
27,3,240,"PP","SI"
31,6,240,"PP","SI"
14,33,240,"PP","SI"
2,16,240,"PP","SI"
57,12,240,"PP","SI"
78,11,240,"PP","SI"
41,2,240,"PP","SI"
13,4,240,"PP","SI"
17,6,240,"PP","SI"
13,4,240,"PP","SI"
56,7,240,"PP","SI"
12,12,240,"PP","SI"
49,6,241,"PP","SI"
13,4,241,"PP","SI"
57,12,241,"PP","SI"
39,1,241,"PP","SI"
75,6,241,"PP","SI"
77,20,241,"PP","SI"
72,9,241,"PP","SI"
18,4,241,"PP","SI"
61,40,241,"PP","SI"
33,13,241,"PP","SI"
7,10,241,"PP","SI"
46,6,241,"PP","SI"
24,5,241,"PP","SI"
78,11,241,"PP","SI"
44,33,241,"PP","SI"
45,8,241,"PP","SI"
56,7,241,"PP","SI"
47,10,241,"PP","SI"
78,11,241,"PP","SI"
5,7,241,"PP","SI"
19,11,241,"PP","SI"
38,6,241,"PP","SI"
17,6,241,"PP","SI"
62,8,241,"PP","SI"
91,10,241,"PP","SI"
44,33,241,"PP","SI"
64,16,241,"PP","SI"
67,12,241,"PP","SI"
26,70,241,"PP","SI"
13,4,241,"PP","SI"
62,8,241,"PP","SI"
57,12,241,"PP","SI"
7,10,242,"PP","SI"
7,10,242,"PP","SI"
41,2,242,"PP","SI"
78,11,242,"PP","SI"
64,16,242,"PP","SI"
442,1,242,"PP","SI"
536,1,242,"PP","SI"
23,8,242,"PP","SI"
36,5,242,"PP","SI"
41,2,242,"PP","SI"
78,11,242,"PP","SI"
91,10,242,"PP","SI"
32,11,242,"PP","SI"
11,33,242,"PP","SI"
13,4,242,"PP","SI"
44,33,242,"PP","SI"
2,16,242,"PP","SI"
91,10,242,"PP","SI"
62,8,242,"PP","SI"
4,11,242,"PP","SI"
16,7,242,"PP","SI"
46,6,242,"PP","SI"
32,11,242,"PP","SI"
15,1,242,"PP","SI"
18,4,242,"PP","SI"
14,33,242,"PP","SI"
57,12,242,"PP","SI"
12,12,242,"PP","SI"
75,6,242,"PP","SI"
27,3,242,"PP","SI"
80,7,242,"PP","SI"
14,33,242,"PP","SI"
33,13,243,"PP","SI"
45,8,243,"PP","SI"
78,11,243,"PP","SI"
64,16,243,"PP","SI"
36,5,243,"PP","SI"
23,8,243,"PP","SI"
19,11,243,"PP","SI"
17,6,243,"PP","SI"
38,6,243,"PP","SI"
7,10,243,"PP","SI"
44,33,243,"PP","SI"
13,4,243,"PP","SI"
77,20,243,"PP","SI"
12,12,243,"PP","SI"
14,33,243,"PP","SI"
11,33,243,"PP","SI"
67,12,243,"PP","SI"
33,13,243,"PP","SI"
62,8,243,"PP","SI"
19,11,243,"PP","SI"
208,1,243,"PP","SI"
442,1,243,"PP","SI"
57,12,243,"PP","SI"
17,6,243,"PP","SI"
86,4,243,"PP","SI"
12,12,243,"PP","SI"
32,11,243,"PP","SI"
13,4,243,"PP","SI"
28,32,243,"PP","SI"
81,2,243,"PP","SI"
48,6,243,"PP","SI"
91,10,243,"PP","SI"
5,7,244,"PP","SI"
200,1,244,"PP","SI"
61,40,244,"PP","SI"
75,6,244,"PP","SI"
12,12,244,"PP","SI"
217,1,244,"PP","SI"
208,1,244,"PP","SI"
44,33,244,"PP","SI"
77,20,244,"PP","SI"
17,6,244,"PP","SI"
57,12,244,"PP","SI"
30,3,244,"PP","SI"
11,33,244,"PP","SI"
32,11,244,"PP","SI"
56,7,244,"PP","SI"
47,10,244,"PP","SI"
16,7,244,"PP","SI"
13,4,244,"PP","SI"
20,8,244,"PP","SI"
46,6,244,"PP","SI"
28,32,244,"PP","SI"
7,10,244,"PP","SI"
24,5,244,"PP","SI"
62,8,244,"PP","SI"
67,12,244,"PP","SI"
82,1,244,"PP","SI"
536,1,244,"PP","SI"
86,4,244,"PP","SI"
67,12,244,"PP","SI"
41,2,244,"PP","SI"
32,11,244,"PP","SI"
298,1,244,"PP","SI"
64,16,245,"PP","SI"
28,32,245,"PP","SI"
49,6,245,"PP","SI"
2,16,245,"PP","SI"
298,1,245,"PP","SI"
66,1,245,"PP","SI"
45,8,245,"PP","SI"
67,12,245,"PP","SI"
200,1,245,"PP","SI"
12,12,245,"PP","SI"
23,8,245,"PP","SI"
33,13,245,"PP","SI"
60,6,245,"PP","SI"
57,12,245,"PP","SI"
20,8,245,"PP","SI"
208,1,245,"PP","SI"
80,7,245,"PP","SI"
48,6,245,"PP","SI"
62,8,245,"PP","SI"
26,70,245,"PP","SI"
41,2,245,"PP","SI"
59,6,245,"PP","SI"
4,11,245,"PP","SI"
91,10,245,"PP","SI"
17,6,245,"PP","SI"
17,6,245,"PP","SI"
28,32,245,"PP","SI"
19,11,245,"PP","SI"
536,1,245,"PP","SI"
30,3,245,"PP","SI"
38,6,245,"PP","SI"
27,3,245,"PP","SI"
4,11,246,"PP","SI"
78,11,246,"PP","SI"
28,32,246,"PP","SI"
14,33,246,"PP","SI"
11,33,246,"PP","SI"
15,1,246,"PP","SI"
82,1,246,"PP","SI"
8,6,246,"PP","SI"
19,11,246,"PP","SI"
46,6,246,"PP","SI"
32,11,246,"PP","SI"
30,3,246,"PP","SI"
49,6,246,"PP","SI"
67,12,246,"PP","SI"
41,2,246,"PP","SI"
41,2,246,"PP","SI"
33,13,246,"PP","SI"
12,12,246,"PP","SI"
23,8,246,"PP","SI"
38,6,246,"PP","SI"
67,12,246,"PP","SI"
72,9,246,"PP","SI"
59,6,246,"PP","SI"
2,16,246,"PP","SI"
44,33,246,"PP","SI"
57,12,246,"PP","SI"
44,33,246,"PP","SI"
30,3,246,"PP","SI"
17,6,246,"PP","SI"
64,16,246,"PP","SI"
48,6,246,"PP","SI"
51,3,246,"PP","SI"
26,70,247,"PP","SI"
32,11,247,"PP","SI"
12,12,247,"PP","SI"
67,12,247,"PP","SI"
48,6,247,"PP","SI"
46,6,247,"PP","SI"
17,6,247,"PP","SI"
72,9,247,"PP","SI"
18,4,247,"PP","SI"
61,40,247,"PP","SI"
59,6,247,"PP","SI"
7,10,247,"PP","SI"
59,6,247,"PP","SI"
5,7,247,"PP","SI"
41,2,247,"PP","SI"
24,5,247,"PP","SI"
13,4,247,"PP","SI"
16,7,247,"PP","SI"
15,1,247,"PP","SI"
78,11,247,"PP","SI"
2,16,247,"PP","SI"
80,7,247,"PP","SI"
33,13,247,"PP","SI"
82,1,247,"PP","SI"
217,1,247,"PP","SI"
38,6,247,"PP","SI"
45,8,247,"PP","SI"
77,20,247,"PP","SI"
4,11,247,"PP","SI"
91,10,247,"PP","SI"
48,6,247,"PP","SI"
208,1,247,"PP","SI"
12,12,248,"PP","SI"
200,1,248,"PP","SI"
49,6,248,"PP","SI"
13,4,248,"PP","SI"
536,1,248,"PP","SI"
19,11,248,"PP","SI"
31,6,248,"PP","SI"
7,10,248,"PP","SI"
80,7,248,"PP","SI"
78,11,248,"PP","SI"
80,7,248,"PP","SI"
46,6,248,"PP","SI"
17,6,248,"PP","SI"
8,6,248,"PP","SI"
13,4,248,"PP","SI"
33,13,248,"PP","SI"
41,2,248,"PP","SI"
14,33,248,"PP","SI"
59,6,248,"PP","SI"
28,32,248,"PP","SI"
61,40,248,"PP","SI"
64,16,248,"PP","SI"
60,6,248,"PP","SI"
81,2,248,"PP","SI"
2,16,248,"PP","SI"
47,10,248,"PP","SI"
51,3,248,"PP","SI"
45,8,248,"PP","SI"
38,6,248,"PP","SI"
41,2,248,"PP","SI"
86,4,248,"PP","SI"
82,1,248,"PP","SI"
46,6,249,"PP","SI"
67,12,249,"PP","SI"
19,11,249,"PP","SI"
77,20,249,"PP","SI"
536,1,249,"PP","SI"
76,7,249,"PP","SI"
26,70,249,"PP","SI"
72,9,249,"PP","SI"
24,5,249,"PP","SI"
64,16,249,"PP","SI"
32,11,249,"PP","SI"
11,33,249,"PP","SI"
78,11,249,"PP","SI"
57,12,249,"PP","SI"
30,3,249,"PP","SI"
57,12,249,"PP","SI"
78,11,249,"PP","SI"
14,33,249,"PP","SI"
62,8,249,"PP","SI"
12,12,249,"PP","SI"
91,10,249,"PP","SI"
18,4,249,"PP","SI"
91,10,249,"PP","SI"
59,6,249,"PP","SI"
38,6,249,"PP","SI"
80,7,249,"PP","SI"
62,8,249,"PP","SI"
13,4,249,"PP","SI"
23,8,249,"PP","SI"
77,20,249,"PP","SI"
48,6,249,"PP","SI"
64,16,249,"PP","SI"
8,6,250,"PP","SI"
44,33,250,"PP","SI"
91,10,250,"PP","SI"
38,6,250,"PP","SI"
13,4,250,"PP","SI"
82,1,250,"PP","SI"
30,3,250,"PP","SI"
442,1,250,"PP","SI"
536,1,250,"PP","SI"
80,7,250,"PP","SI"
59,6,250,"PP","SI"
5,7,250,"PP","SI"
86,4,250,"PP","SI"
26,70,250,"PP","SI"
15,1,250,"PP","SI"
7,10,250,"PP","SI"
16,7,250,"PP","SI"
49,6,250,"PP","SI"
26,70,250,"PP","SI"
78,11,250,"PP","SI"
66,1,250,"PP","SI"
23,8,250,"PP","SI"
81,2,250,"PP","SI"
17,6,250,"PP","SI"
12,12,250,"PP","SI"
24,5,250,"PP","SI"
44,33,250,"PP","SI"
57,12,250,"PP","SI"
47,10,250,"PP","SI"
217,1,250,"PP","SI"
38,6,250,"PP","SI"
11,33,250,"PP","SI"
45,8,251,"PP","SI"
11,33,251,"PP","SI"
24,5,251,"PP","SI"
60,6,251,"PP","SI"
86,4,251,"PP","SI"
59,6,251,"PP","SI"
80,7,251,"PP","SI"
33,13,251,"PP","SI"
77,20,251,"PP","SI"
13,4,251,"PP","SI"
41,2,251,"PP","SI"
78,11,251,"PP","SI"
36,5,251,"PP","SI"
91,10,251,"PP","SI"
41,2,251,"PP","SI"
7,10,251,"PP","SI"
13,4,251,"PP","SI"
19,11,251,"PP","SI"
44,33,251,"PP","SI"
33,13,251,"PP","SI"
442,1,251,"PP","SI"
66,1,251,"PP","SI"
81,2,251,"PP","SI"
75,6,251,"PP","SI"
72,9,251,"PP","SI"
59,6,251,"PP","SI"
200,1,251,"PP","SI"
77,20,251,"PP","SI"
298,1,251,"PP","SI"
12,12,251,"PP","SI"
16,7,251,"PP","SI"
26,70,251,"PP","SI"
217,1,252,"PP","SI"
44,33,252,"PP","SI"
67,12,252,"PP","SI"
60,6,252,"PP","SI"
17,6,252,"PP","SI"
7,10,252,"PP","SI"
91,10,252,"PP","SI"
59,6,252,"PP","SI"
78,11,252,"PP","SI"
17,6,252,"PP","SI"
30,3,252,"PP","SI"
36,5,252,"PP","SI"
32,11,252,"PP","SI"
38,6,252,"PP","SI"
298,1,252,"PP","SI"
4,11,252,"PP","SI"
11,33,252,"PP","SI"
80,7,252,"PP","SI"
80,7,252,"PP","SI"
78,11,252,"PP","SI"
48,6,252,"PP","SI"
5,7,252,"PP","SI"
33,13,252,"PP","SI"
536,1,252,"PP","SI"
82,1,252,"PP","SI"
91,10,252,"PP","SI"
19,11,252,"PP","SI"
20,8,252,"PP","SI"
2,16,252,"PP","SI"
15,1,252,"PP","SI"
28,32,252,"PP","SI"
13,4,252,"PP","SI"
13,4,253,"PP","SI"
86,4,253,"PP","SI"
51,3,253,"PP","SI"
30,3,253,"PP","SI"
48,6,253,"PP","SI"
7,10,253,"PP","SI"
64,16,253,"PP","SI"
19,11,253,"PP","SI"
200,1,253,"PP","SI"
44,33,253,"PP","SI"
13,4,253,"PP","SI"
30,3,253,"PP","SI"
47,10,253,"PP","SI"
11,33,253,"PP","SI"
57,12,253,"PP","SI"
7,10,253,"PP","SI"
32,11,253,"PP","SI"
60,6,253,"PP","SI"
14,33,253,"PP","SI"
45,8,253,"PP","SI"
38,6,253,"PP","SI"
78,11,253,"PP","SI"
28,32,253,"PP","SI"
91,10,253,"PP","SI"
2,16,253,"PP","SI"
59,6,253,"PP","SI"
19,11,253,"PP","SI"
77,20,253,"PP","SI"
20,8,253,"PP","SI"
59,6,253,"PP","SI"
15,1,253,"PP","SI"
14,33,253,"PP","SI"
49,6,254,"PP","SI"
41,2,254,"PP","SI"
80,7,254,"PP","SI"
61,40,254,"PP","SI"
75,6,254,"PP","SI"
19,11,254,"PP","SI"
78,11,254,"PP","SI"
81,2,254,"PP","SI"
86,4,254,"PP","SI"
33,13,254,"PP","SI"
61,40,254,"PP","SI"
33,13,254,"PP","SI"
12,12,254,"PP","SI"
51,3,254,"PP","SI"
38,6,254,"PP","SI"
30,3,254,"PP","SI"
442,1,254,"PP","SI"
27,3,254,"PP","SI"
26,70,254,"PP","SI"
66,1,254,"PP","SI"
11,33,254,"PP","SI"
57,12,254,"PP","SI"
44,33,254,"PP","SI"
13,4,254,"PP","SI"
82,1,254,"PP","SI"
57,12,254,"PP","SI"
17,6,254,"PP","SI"
59,6,254,"PP","SI"
32,11,254,"PP","SI"
208,1,254,"PP","SI"
62,8,254,"PP","SI"
28,32,254,"PP","SI"
38,6,255,"PP","SI"
4,11,255,"PP","SI"
62,8,255,"PP","SI"
17,6,255,"PP","SI"
19,11,255,"PP","SI"
11,33,255,"PP","SI"
64,16,255,"PP","SI"
16,7,255,"PP","SI"
18,4,255,"PP","SI"
7,10,255,"PP","SI"
57,12,255,"PP","SI"
32,11,255,"PP","SI"
38,6,255,"PP","SI"
12,12,255,"PP","SI"
30,3,255,"PP","SI"
24,5,255,"PP","SI"
28,32,255,"PP","SI"
15,1,255,"PP","SI"
2,16,255,"PP","SI"
66,1,255,"PP","SI"
64,16,255,"PP","SI"
80,7,255,"PP","SI"
81,2,255,"PP","SI"
59,6,255,"PP","SI"
44,33,255,"PP","SI"
48,6,255,"PP","SI"
208,1,255,"PP","SI"
61,40,255,"PP","SI"
61,40,255,"PP","SI"
44,33,255,"PP","SI"
91,10,255,"PP","SI"
60,6,255,"PP","SI"
48,6,256,"PP","SI"
19,11,256,"PP","SI"
64,16,256,"PP","SI"
39,1,256,"PP","SI"
18,4,256,"PP","SI"
46,6,256,"PP","SI"
8,6,256,"PP","SI"
17,6,256,"PP","SI"
24,5,256,"PP","SI"
77,20,256,"PP","SI"
33,13,256,"PP","SI"
86,4,256,"PP","SI"
57,12,256,"PP","SI"
28,32,256,"PP","SI"
13,4,256,"PP","SI"
32,11,256,"PP","SI"
7,10,256,"PP","SI"
78,11,256,"PP","SI"
536,1,256,"PP","SI"
217,1,256,"PP","SI"
12,12,256,"PP","SI"
38,6,256,"PP","SI"
67,12,256,"PP","SI"
20,8,256,"PP","SI"
11,33,256,"PP","SI"
48,6,256,"PP","SI"
31,6,256,"PP","SI"
16,7,256,"PP","SI"
78,11,256,"PP","SI"
67,12,256,"PP","SI"
61,40,256,"PP","SI"
81,2,256,"PP","SI"
28,32,257,"PP","SI"
20,8,257,"PP","SI"
32,11,257,"PP","SI"
64,16,257,"PP","SI"
8,6,257,"PP","SI"
59,6,257,"PP","SI"
46,6,257,"PP","SI"
12,12,257,"PP","SI"
4,11,257,"PP","SI"
49,6,257,"PP","SI"
30,3,257,"PP","SI"
28,32,257,"PP","SI"
36,5,257,"PP","SI"
62,8,257,"PP","SI"
442,1,257,"PP","SI"
19,11,257,"PP","SI"
86,4,257,"PP","SI"
64,16,257,"PP","SI"
18,4,257,"PP","SI"
27,3,257,"PP","SI"
48,6,257,"PP","SI"
217,1,257,"PP","SI"
33,13,257,"PP","SI"
77,20,257,"PP","SI"
17,6,257,"PP","SI"
91,10,257,"PP","SI"
26,70,257,"PP","SI"
67,12,257,"PP","SI"
59,6,257,"PP","SI"
24,5,257,"PP","SI"
38,6,257,"PP","SI"
57,12,257,"PP","SI"
14,33,258,"PP","SI"
30,3,258,"PP","SI"
39,1,258,"PP","SI"
14,33,258,"PP","SI"
82,1,258,"PP","SI"
7,10,258,"PP","SI"
12,12,258,"PP","SI"
51,3,258,"PP","SI"
33,13,258,"PP","SI"
28,32,258,"PP","SI"
80,7,258,"PP","SI"
86,4,258,"PP","SI"
61,40,258,"PP","SI"
442,1,258,"PP","SI"
56,7,258,"PP","SI"
62,8,258,"PP","SI"
38,6,258,"PP","SI"
81,2,258,"PP","SI"
59,6,258,"PP","SI"
41,2,258,"PP","SI"
15,1,258,"PP","SI"
49,6,258,"PP","SI"
13,4,258,"PP","SI"
78,11,258,"PP","SI"
20,8,258,"PP","SI"
32,11,258,"PP","SI"
91,10,258,"PP","SI"
17,6,258,"PP","SI"
33,13,258,"PP","SI"
28,32,258,"PP","SI"
36,5,258,"PP","SI"
200,1,258,"PP","SI"
60,6,259,"PP","SI"
18,4,259,"PP","SI"
76,7,259,"PP","SI"
57,12,259,"PP","SI"
67,12,259,"PP","SI"
19,11,259,"PP","SI"
31,6,259,"PP","SI"
39,1,259,"PP","SI"
82,1,259,"PP","SI"
75,6,259,"PP","SI"
24,5,259,"PP","SI"
17,6,259,"PP","SI"
38,6,259,"PP","SI"
80,7,259,"PP","SI"
15,1,259,"PP","SI"
62,8,259,"PP","SI"
33,13,259,"PP","SI"
78,11,259,"PP","SI"
41,2,259,"PP","SI"
67,12,259,"PP","SI"
44,33,259,"PP","SI"
45,8,259,"PP","SI"
28,32,259,"PP","SI"
32,11,259,"PP","SI"
64,16,259,"PP","SI"
208,1,259,"PP","SI"
59,6,259,"PP","SI"
16,7,259,"PP","SI"
30,3,259,"PP","SI"
62,8,259,"PP","SI"
77,20,259,"PP","SI"
44,33,259,"PP","SI"
11,33,260,"PP","SI"
31,6,260,"PP","SI"
13,4,260,"PP","SI"
30,3,260,"PP","SI"
41,2,260,"PP","SI"
59,6,260,"PP","SI"
23,8,260,"PP","SI"
208,1,260,"PP","SI"
32,11,260,"PP","SI"
14,33,260,"PP","SI"
47,10,260,"PP","SI"
44,33,260,"PP","SI"
14,33,260,"PP","SI"
64,16,260,"PP","SI"
217,1,260,"PP","SI"
76,7,260,"PP","SI"
12,12,260,"PP","SI"
41,2,260,"PP","SI"
62,8,260,"PP","SI"
24,5,260,"PP","SI"
26,70,260,"PP","SI"
5,7,260,"PP","SI"
19,11,260,"PP","SI"
44,33,260,"PP","SI"
16,7,260,"PP","SI"
66,1,260,"PP","SI"
48,6,260,"PP","SI"
19,11,260,"PP","SI"
4,11,260,"PP","SI"
51,3,260,"PP","SI"
536,1,260,"PP","SI"
49,6,260,"PP","SI"
61,40,261,"PP","SI"
57,12,261,"PP","SI"
30,3,261,"PP","SI"
86,4,261,"PP","SI"
12,12,261,"PP","SI"
442,1,261,"PP","SI"
78,11,261,"PP","SI"
200,1,261,"PP","SI"
77,20,261,"PP","SI"
59,6,261,"PP","SI"
78,11,261,"PP","SI"
30,3,261,"PP","SI"
64,16,261,"PP","SI"
80,7,261,"PP","SI"
48,6,261,"PP","SI"
80,7,261,"PP","SI"
15,1,261,"PP","SI"
67,12,261,"PP","SI"
76,7,261,"PP","SI"
91,10,261,"PP","SI"
51,3,261,"PP","SI"
4,11,261,"PP","SI"
19,11,261,"PP","SI"
82,1,261,"PP","SI"
47,10,261,"PP","SI"
62,8,261,"PP","SI"
8,6,261,"PP","SI"
11,33,261,"PP","SI"
298,1,261,"PP","SI"
13,4,261,"PP","SI"
32,11,261,"PP","SI"
39,1,261,"PP","SI"
2,16,262,"PP","SI"
7,10,262,"PP","SI"
8,6,262,"PP","SI"
28,32,262,"PP","SI"
66,1,262,"PP","SI"
41,2,262,"PP","SI"
298,1,262,"PP","SI"
31,6,262,"PP","SI"
11,33,262,"PP","SI"
14,33,262,"PP","SI"
75,6,262,"PP","SI"
38,6,262,"PP","SI"
81,2,262,"PP","SI"
200,1,262,"PP","SI"
32,11,262,"PP","SI"
33,13,262,"PP","SI"
67,12,262,"PP","SI"
16,7,262,"PP","SI"
86,4,262,"PP","SI"
17,6,262,"PP","SI"
7,10,262,"PP","SI"
51,3,262,"PP","SI"
30,3,262,"PP","SI"
23,8,262,"PP","SI"
67,12,262,"PP","SI"
62,8,262,"PP","SI"
13,4,262,"PP","SI"
208,1,262,"PP","SI"
536,1,262,"PP","SI"
47,10,262,"PP","SI"
46,6,262,"PP","SI"
5,7,262,"PP","SI"
61,40,263,"PP","SI"
208,1,263,"PP","SI"
59,6,263,"PP","SI"
7,10,263,"PP","SI"
78,11,263,"PP","SI"
24,5,263,"PP","SI"
4,11,263,"PP","SI"
91,10,263,"PP","SI"
14,33,263,"PP","SI"
12,12,263,"PP","SI"
62,8,263,"PP","SI"
14,33,263,"PP","SI"
12,12,263,"PP","SI"
47,10,263,"PP","SI"
57,12,263,"PP","SI"
28,32,263,"PP","SI"
46,6,263,"PP","SI"
75,6,263,"PP","SI"
30,3,263,"PP","SI"
44,33,263,"PP","SI"
11,33,263,"PP","SI"
8,6,263,"PP","SI"
86,4,263,"PP","SI"
48,6,263,"PP","SI"
7,10,263,"PP","SI"
36,5,263,"PP","SI"
298,1,263,"PP","SI"
56,7,263,"PP","SI"
81,2,263,"PP","SI"
91,10,263,"PP","SI"
66,1,263,"PP","SI"
18,4,263,"PP","SI"
11,33,264,"PP","SI"
62,8,264,"PP","SI"
12,12,264,"PP","SI"
536,1,264,"PP","SI"
17,6,264,"PP","SI"
49,6,264,"PP","SI"
28,32,264,"PP","SI"
77,20,264,"PP","SI"
13,4,264,"PP","SI"
298,1,264,"PP","SI"
442,1,264,"PP","SI"
48,6,264,"PP","SI"
78,11,264,"PP","SI"
13,4,264,"PP","SI"
64,16,264,"PP","SI"
81,2,264,"PP","SI"
41,2,264,"PP","SI"
59,6,264,"PP","SI"
18,4,264,"PP","SI"
15,1,264,"PP","SI"
48,6,264,"PP","SI"
80,7,264,"PP","SI"
78,11,264,"PP","SI"
30,3,264,"PP","SI"
47,10,264,"PP","SI"
200,1,264,"PP","SI"
4,11,264,"PP","SI"
17,6,264,"PP","SI"
208,1,264,"PP","SI"
2,16,264,"PP","SI"
57,12,264,"PP","SI"
56,7,264,"PP","SI"
26,70,265,"PP","SI"
18,4,265,"PP","SI"
28,32,265,"PP","SI"
76,7,265,"PP","SI"
298,1,265,"PP","SI"
4,11,265,"PP","SI"
44,33,265,"PP","SI"
57,12,265,"PP","SI"
48,6,265,"PP","SI"
59,6,265,"PP","SI"
32,11,265,"PP","SI"
7,10,265,"PP","SI"
11,33,265,"PP","SI"
15,1,265,"PP","SI"
41,2,265,"PP","SI"
41,2,265,"PP","SI"
33,13,265,"PP","SI"
8,6,265,"PP","SI"
51,3,265,"PP","SI"
39,1,265,"PP","SI"
64,16,265,"PP","SI"
442,1,265,"PP","SI"
78,11,265,"PP","SI"
67,12,265,"PP","SI"
80,7,265,"PP","SI"
16,7,265,"PP","SI"
31,6,265,"PP","SI"
45,8,265,"PP","SI"
19,11,265,"PP","SI"
86,4,265,"PP","SI"
61,40,265,"PP","SI"
28,32,265,"PP","SI"
200,1,266,"PP","SI"
46,6,266,"PP","SI"
12,12,266,"PP","SI"
41,2,266,"PP","SI"
82,1,266,"PP","SI"
16,7,266,"PP","SI"
30,3,266,"PP","SI"
78,11,266,"PP","SI"
67,12,266,"PP","SI"
14,33,266,"PP","SI"
72,9,266,"PP","SI"
46,6,266,"PP","SI"
41,2,266,"PP","SI"
57,12,266,"PP","SI"
56,7,266,"PP","SI"
27,3,266,"PP","SI"
18,4,266,"PP","SI"
33,13,266,"PP","SI"
14,33,266,"PP","SI"
38,6,266,"PP","SI"
5,7,266,"PP","SI"
11,33,266,"PP","SI"
59,6,266,"PP","SI"
19,11,266,"PP","SI"
28,32,266,"PP","SI"
80,7,266,"PP","SI"
11,33,266,"PP","SI"
80,7,266,"PP","SI"
67,12,266,"PP","SI"
59,6,266,"PP","SI"
49,6,266,"PP","SI"
76,7,266,"PP","SI"
77,20,267,"PP","SI"
24,5,267,"PP","SI"
298,1,267,"PP","SI"
78,11,267,"PP","SI"
15,1,267,"PP","SI"
31,6,267,"PP","SI"
7,10,267,"PP","SI"
217,1,267,"PP","SI"
46,6,267,"PP","SI"
442,1,267,"PP","SI"
59,6,267,"PP","SI"
67,12,267,"PP","SI"
39,1,267,"PP","SI"
14,33,267,"PP","SI"
5,7,267,"PP","SI"
44,33,267,"PP","SI"
78,11,267,"PP","SI"
62,8,267,"PP","SI"
67,12,267,"PP","SI"
23,8,267,"PP","SI"
62,8,267,"PP","SI"
33,13,267,"PP","SI"
30,3,267,"PP","SI"
47,10,267,"PP","SI"
12,12,267,"PP","SI"
56,7,267,"PP","SI"
2,16,267,"PP","SI"
82,1,267,"PP","SI"
17,6,267,"PP","SI"
66,1,267,"PP","SI"
11,33,267,"PP","SI"
41,2,267,"PP","SI"
17,6,268,"PP","SI"
78,11,268,"PP","SI"
60,6,268,"PP","SI"
61,40,268,"PP","SI"
46,6,268,"PP","SI"
80,7,268,"PP","SI"
41,2,268,"PP","SI"
57,12,268,"PP","SI"
76,7,268,"PP","SI"
12,12,268,"PP","SI"
81,2,268,"PP","SI"
208,1,268,"PP","SI"
16,7,268,"PP","SI"
67,12,268,"PP","SI"
72,9,268,"PP","SI"
91,10,268,"PP","SI"
18,4,268,"PP","SI"
82,1,268,"PP","SI"
23,8,268,"PP","SI"
2,16,268,"PP","SI"
30,3,268,"PP","SI"
32,11,268,"PP","SI"
298,1,268,"PP","SI"
78,11,268,"PP","SI"
15,1,268,"PP","SI"
19,11,268,"PP","SI"
44,33,268,"PP","SI"
8,6,268,"PP","SI"
33,13,268,"PP","SI"
7,10,268,"PP","SI"
62,8,268,"PP","SI"
77,20,268,"PP","SI"
59,6,269,"PP","SI"
23,8,269,"PP","SI"
44,33,269,"PP","SI"
78,11,269,"PP","SI"
208,1,269,"PP","SI"
57,12,269,"PP","SI"
60,6,269,"PP","SI"
16,7,269,"PP","SI"
5,7,269,"PP","SI"
11,33,269,"PP","SI"
27,3,269,"PP","SI"
57,12,269,"PP","SI"
33,13,269,"PP","SI"
46,6,269,"PP","SI"
19,11,269,"PP","SI"
38,6,269,"PP","SI"
62,8,269,"PP","SI"
44,33,269,"PP","SI"
80,7,269,"PP","SI"
48,6,269,"PP","SI"
67,12,269,"PP","SI"
442,1,269,"PP","SI"
4,11,269,"PP","SI"
75,6,269,"PP","SI"
41,2,269,"PP","SI"
72,9,269,"PP","SI"
64,16,269,"PP","SI"
14,33,269,"PP","SI"
45,8,269,"PP","SI"
61,40,269,"PP","SI"
77,20,269,"PP","SI"
7,10,269,"PP","SI"
91,10,270,"PP","SI"
49,6,270,"PP","SI"
19,11,270,"PP","SI"
15,1,270,"PP","SI"
5,7,270,"PP","SI"
442,1,270,"PP","SI"
7,10,270,"PP","SI"
17,6,270,"PP","SI"
27,3,270,"PP","SI"
30,3,270,"PP","SI"
66,1,270,"PP","SI"
26,70,270,"PP","SI"
200,1,270,"PP","SI"
26,70,270,"PP","SI"
41,2,270,"PP","SI"
56,7,270,"PP","SI"
18,4,270,"PP","SI"
298,1,270,"PP","SI"
13,4,270,"PP","SI"
33,13,270,"PP","SI"
67,12,270,"PP","SI"
16,7,270,"PP","SI"
31,6,270,"PP","SI"
217,1,270,"PP","SI"
12,12,270,"PP","SI"
61,40,270,"PP","SI"
60,6,270,"PP","SI"
46,6,270,"PP","SI"
61,40,270,"PP","SI"
59,6,270,"PP","SI"
78,11,270,"PP","SI"
20,8,270,"PP","SI"
18,4,271,"PP","SI"
24,5,271,"PP","SI"
86,4,271,"PP","SI"
26,70,271,"PP","SI"
28,32,271,"PP","SI"
77,20,271,"PP","SI"
81,2,271,"PP","SI"
217,1,271,"PP","SI"
48,6,271,"PP","SI"
14,33,271,"PP","SI"
82,1,271,"PP","SI"
48,6,271,"PP","SI"
39,1,271,"PP","SI"
91,10,271,"PP","SI"
7,10,271,"PP","SI"
17,6,271,"PP","SI"
60,6,271,"PP","SI"
72,9,271,"PP","SI"
91,10,271,"PP","SI"
19,11,271,"PP","SI"
51,3,271,"PP","SI"
78,11,271,"PP","SI"
5,7,271,"PP","SI"
66,1,271,"PP","SI"
57,12,271,"PP","SI"
14,33,271,"PP","SI"
200,1,271,"PP","SI"
47,10,271,"PP","SI"
31,6,271,"PP","SI"
38,6,271,"PP","SI"
12,12,271,"PP","SI"
20,8,271,"PP","SI"
82,1,272,"PP","SI"
33,13,272,"PP","SI"
41,2,272,"PP","SI"
30,3,272,"PP","SI"
67,12,272,"PP","SI"
13,4,272,"PP","SI"
23,8,272,"PP","SI"
62,8,272,"PP","SI"
19,11,272,"PP","SI"
45,8,272,"PP","SI"
72,9,272,"PP","SI"
24,5,272,"PP","SI"
11,33,272,"PP","SI"
91,10,272,"PP","SI"
30,3,272,"PP","SI"
57,12,272,"PP","SI"
48,6,272,"PP","SI"
59,6,272,"PP","SI"
15,1,272,"PP","SI"
91,10,272,"PP","SI"
61,40,272,"PP","SI"
41,2,272,"PP","SI"
17,6,272,"PP","SI"
66,1,272,"PP","SI"
77,20,272,"PP","SI"
26,70,272,"PP","SI"
20,8,272,"PP","SI"
31,6,272,"PP","SI"
14,33,272,"PP","SI"
28,32,272,"PP","SI"
217,1,272,"PP","SI"
32,11,272,"PP","SI"
2,16,273,"PP","SI"
27,3,273,"PP","SI"
67,12,273,"PP","SI"
12,12,273,"PP","SI"
31,6,273,"PP","SI"
77,20,273,"PP","SI"
30,3,273,"PP","SI"
32,11,273,"PP","SI"
23,8,273,"PP","SI"
86,4,273,"PP","SI"
39,1,273,"PP","SI"
41,2,273,"PP","SI"
91,10,273,"PP","SI"
67,12,273,"PP","SI"
30,3,273,"PP","SI"
41,2,273,"PP","SI"
76,7,273,"PP","SI"
26,70,273,"PP","SI"
57,12,273,"PP","SI"
61,40,273,"PP","SI"
28,32,273,"PP","SI"
46,6,273,"PP","SI"
61,40,273,"PP","SI"
14,33,273,"PP","SI"
26,70,273,"PP","SI"
12,12,273,"PP","SI"
64,16,273,"PP","SI"
298,1,273,"PP","SI"
62,8,273,"PP","SI"
7,10,273,"PP","SI"
77,20,273,"PP","SI"
15,1,273,"PP","SI"
77,20,274,"PP","SI"
81,2,274,"PP","SI"
61,40,274,"PP","SI"
13,4,274,"PP","SI"
66,1,274,"PP","SI"
82,1,274,"PP","SI"
19,11,274,"PP","SI"
47,10,274,"PP","SI"
26,70,274,"PP","SI"
78,11,274,"PP","SI"
45,8,274,"PP","SI"
49,6,274,"PP","SI"
78,11,274,"PP","SI"
59,6,274,"PP","SI"
30,3,274,"PP","SI"
19,11,274,"PP","SI"
5,7,274,"PP","SI"
16,7,274,"PP","SI"
11,33,274,"PP","SI"
38,6,274,"PP","SI"
4,11,274,"PP","SI"
26,70,274,"PP","SI"
51,3,274,"PP","SI"
14,33,274,"PP","SI"
91,10,274,"PP","SI"
32,11,274,"PP","SI"
12,12,274,"PP","SI"
18,4,274,"PP","SI"
28,32,274,"PP","SI"
41,2,274,"PP","SI"
32,11,274,"PP","SI"
64,16,274,"PP","SI"
11,33,275,"PP","SI"
13,4,275,"PP","SI"
91,10,275,"PP","SI"
59,6,275,"PP","SI"
33,13,275,"PP","SI"
62,8,275,"PP","SI"
86,4,275,"PP","SI"
24,5,275,"PP","SI"
12,12,275,"PP","SI"
38,6,275,"PP","SI"
56,7,275,"PP","SI"
7,10,275,"PP","SI"
31,6,275,"PP","SI"
77,20,275,"PP","SI"
18,4,275,"PP","SI"
46,6,275,"PP","SI"
82,1,275,"PP","SI"
33,13,275,"PP","SI"
46,6,275,"PP","SI"
75,6,275,"PP","SI"
64,16,275,"PP","SI"
28,32,275,"PP","SI"
80,7,275,"PP","SI"
15,1,275,"PP","SI"
19,11,275,"PP","SI"
91,10,275,"PP","SI"
217,1,275,"PP","SI"
442,1,275,"PP","SI"
78,11,275,"PP","SI"
13,4,275,"PP","SI"
5,7,275,"PP","SI"
20,8,275,"PP","SI"
91,10,276,"PP","SI"
208,1,276,"PP","SI"
82,1,276,"PP","SI"
49,6,276,"PP","SI"
60,6,276,"PP","SI"
14,33,276,"PP","SI"
77,20,276,"PP","SI"
62,8,276,"PP","SI"
59,6,276,"PP","SI"
57,12,276,"PP","SI"
56,7,276,"PP","SI"
28,32,276,"PP","SI"
67,12,276,"PP","SI"
77,20,276,"PP","SI"
7,10,276,"PP","SI"
5,7,276,"PP","SI"
91,10,276,"PP","SI"
76,7,276,"PP","SI"
41,2,276,"PP","SI"
41,2,276,"PP","SI"
8,6,276,"PP","SI"
67,12,276,"PP","SI"
39,1,276,"PP","SI"
61,40,276,"PP","SI"
11,33,276,"PP","SI"
442,1,276,"PP","SI"
2,16,276,"PP","SI"
15,1,276,"PP","SI"
13,4,276,"PP","SI"
536,1,276,"PP","SI"
12,12,276,"PP","SI"
32,11,276,"PP","SI"
32,11,277,"PP","SI"
75,6,277,"PP","SI"
12,12,277,"PP","SI"
18,4,277,"PP","SI"
61,40,277,"PP","SI"
32,11,277,"PP","SI"
30,3,277,"PP","SI"
200,1,277,"PP","SI"
80,7,277,"PP","SI"
12,12,277,"PP","SI"
33,13,277,"PP","SI"
39,1,277,"PP","SI"
72,9,277,"PP","SI"
41,2,277,"PP","SI"
28,32,277,"PP","SI"
86,4,277,"PP","SI"
44,33,277,"PP","SI"
11,33,277,"PP","SI"
91,10,277,"PP","SI"
13,4,277,"PP","SI"
82,1,277,"PP","SI"
59,6,277,"PP","SI"
57,12,277,"PP","SI"
57,12,277,"PP","SI"
17,6,277,"PP","SI"
56,7,277,"PP","SI"
16,7,277,"PP","SI"
81,2,277,"PP","SI"
26,70,277,"PP","SI"
208,1,277,"PP","SI"
13,4,277,"PP","SI"
28,32,277,"PP","SI"
61,40,278,"PP","SI"
23,8,278,"PP","SI"
41,2,278,"PP","SI"
30,3,278,"PP","SI"
19,11,278,"PP","SI"
26,70,278,"PP","SI"
27,3,278,"PP","SI"
14,33,278,"PP","SI"
13,4,278,"PP","SI"
76,7,278,"PP","SI"
19,11,278,"PP","SI"
51,3,278,"PP","SI"
86,4,278,"PP","SI"
536,1,278,"PP","SI"
45,8,278,"PP","SI"
32,11,278,"PP","SI"
44,33,278,"PP","SI"
56,7,278,"PP","SI"
15,1,278,"PP","SI"
2,16,278,"PP","SI"
78,11,278,"PP","SI"
11,33,278,"PP","SI"
32,11,278,"PP","SI"
64,16,278,"PP","SI"
57,12,278,"PP","SI"
72,9,278,"PP","SI"
7,10,278,"PP","SI"
59,6,278,"PP","SI"
217,1,278,"PP","SI"
81,2,278,"PP","SI"
39,1,278,"PP","SI"
49,6,278,"PP","SI"
60,6,279,"PP","SI"
12,12,279,"PP","SI"
23,8,279,"PP","SI"
61,40,279,"PP","SI"
62,8,279,"PP","SI"
14,33,279,"PP","SI"
30,3,279,"PP","SI"
44,33,279,"PP","SI"
27,3,279,"PP","SI"
67,12,279,"PP","SI"
26,70,279,"PP","SI"
26,70,279,"PP","SI"
44,33,279,"PP","SI"
57,12,279,"PP","SI"
56,7,279,"PP","SI"
45,8,279,"PP","SI"
51,3,279,"PP","SI"
72,9,279,"PP","SI"
82,1,279,"PP","SI"
17,6,279,"PP","SI"
91,10,279,"PP","SI"
14,33,279,"PP","SI"
38,6,279,"PP","SI"
62,8,279,"PP","SI"
16,7,279,"PP","SI"
67,12,279,"PP","SI"
536,1,279,"PP","SI"
15,1,279,"PP","SI"
59,6,279,"PP","SI"
28,32,279,"PP","SI"
39,1,279,"PP","SI"
41,2,279,"PP","SI"
7,10,280,"PP","SI"
77,20,280,"PP","SI"
38,6,280,"PP","SI"
33,13,280,"PP","SI"
2,16,280,"PP","SI"
23,8,280,"PP","SI"
4,11,280,"PP","SI"
78,11,280,"PP","SI"
44,33,280,"PP","SI"
57,12,280,"PP","SI"
208,1,280,"PP","SI"
442,1,280,"PP","SI"
15,1,280,"PP","SI"
18,4,280,"PP","SI"
7,10,280,"PP","SI"
77,20,280,"PP","SI"
12,12,280,"PP","SI"
5,7,280,"PP","SI"
11,33,280,"PP","SI"
298,1,280,"PP","SI"
13,4,280,"PP","SI"
33,13,280,"PP","SI"
64,16,280,"PP","SI"
38,6,280,"PP","SI"
13,4,280,"PP","SI"
8,6,280,"PP","SI"
16,7,280,"PP","SI"
64,16,280,"PP","SI"
14,33,280,"PP","SI"
75,6,280,"PP","SI"
30,3,280,"PP","SI"
49,6,280,"PP","SI"
75,6,281,"PP","SI"
49,6,281,"PP","SI"
17,6,281,"PP","SI"
56,7,281,"PP","SI"
41,2,281,"PP","SI"
26,70,281,"PP","SI"
91,10,281,"PP","SI"
62,8,281,"PP","SI"
64,16,281,"PP","SI"
536,1,281,"PP","SI"
72,9,281,"PP","SI"
31,6,281,"PP","SI"
20,8,281,"PP","SI"
14,33,281,"PP","SI"
23,8,281,"PP","SI"
32,11,281,"PP","SI"
38,6,281,"PP","SI"
16,7,281,"PP","SI"
200,1,281,"PP","SI"
46,6,281,"PP","SI"
66,1,281,"PP","SI"
39,1,281,"PP","SI"
8,6,281,"PP","SI"
26,70,281,"PP","SI"
41,2,281,"PP","SI"
59,6,281,"PP","SI"
298,1,281,"PP","SI"
67,12,281,"PP","SI"
13,4,281,"PP","SI"
19,11,281,"PP","SI"
57,12,281,"PP","SI"
4,11,281,"PP","SI"
57,12,282,"PP","SI"
31,6,282,"PP","SI"
47,10,282,"PP","SI"
38,6,282,"PP","SI"
59,6,282,"PP","SI"
23,8,282,"PP","SI"
76,7,282,"PP","SI"
48,6,282,"PP","SI"
45,8,282,"PP","SI"
41,2,282,"PP","SI"
57,12,282,"PP","SI"
5,7,282,"PP","SI"
80,7,282,"PP","SI"
91,10,282,"PP","SI"
30,3,282,"PP","SI"
82,1,282,"PP","SI"
72,9,282,"PP","SI"
51,3,282,"PP","SI"
7,10,282,"PP","SI"
48,6,282,"PP","SI"
30,3,282,"PP","SI"
16,7,282,"PP","SI"
20,8,282,"PP","SI"
36,5,282,"PP","SI"
27,3,282,"PP","SI"
18,4,282,"PP","SI"
217,1,282,"PP","SI"
8,6,282,"PP","SI"
91,10,282,"PP","SI"
4,11,282,"PP","SI"
61,40,282,"PP","SI"
26,70,282,"PP","SI"
536,1,283,"PP","SI"
82,1,283,"PP","SI"
44,33,283,"PP","SI"
67,12,283,"PP","SI"
78,11,283,"PP","SI"
28,32,283,"PP","SI"
62,8,283,"PP","SI"
91,10,283,"PP","SI"
36,5,283,"PP","SI"
8,6,283,"PP","SI"
44,33,283,"PP","SI"
298,1,283,"PP","SI"
30,3,283,"PP","SI"
76,7,283,"PP","SI"
208,1,283,"PP","SI"
66,1,283,"PP","SI"
27,3,283,"PP","SI"
86,4,283,"PP","SI"
17,6,283,"PP","SI"
12,12,283,"PP","SI"
64,16,283,"PP","SI"
4,11,283,"PP","SI"
80,7,283,"PP","SI"
61,40,283,"PP","SI"
60,6,283,"PP","SI"
442,1,283,"PP","SI"
78,11,283,"PP","SI"
15,1,283,"PP","SI"
31,6,283,"PP","SI"
72,9,283,"PP","SI"
24,5,283,"PP","SI"
13,4,283,"PP","SI"
7,10,284,"PP","SI"
15,1,284,"PP","SI"
26,70,284,"PP","SI"
61,40,284,"PP","SI"
64,16,284,"PP","SI"
59,6,284,"PP","SI"
62,8,284,"PP","SI"
12,12,284,"PP","SI"
28,32,284,"PP","SI"
4,11,284,"PP","SI"
13,4,284,"PP","SI"
44,33,284,"PP","SI"
91,10,284,"PP","SI"
36,5,284,"PP","SI"
41,2,284,"PP","SI"
48,6,284,"PP","SI"
32,11,284,"PP","SI"
67,12,284,"PP","SI"
31,6,284,"PP","SI"
208,1,284,"PP","SI"
536,1,284,"PP","SI"
200,1,284,"PP","SI"
72,9,284,"PP","SI"
82,1,284,"PP","SI"
28,32,284,"PP","SI"
27,3,284,"PP","SI"
47,10,284,"PP","SI"
62,8,284,"PP","SI"
66,1,284,"PP","SI"
17,6,284,"PP","SI"
18,4,284,"PP","SI"
33,13,284,"PP","SI"
15,1,285,"PP","SI"
78,11,285,"PP","SI"
217,1,285,"PP","SI"
26,70,285,"PP","SI"
17,6,285,"PP","SI"
81,2,285,"PP","SI"
77,20,285,"PP","SI"
47,10,285,"PP","SI"
67,12,285,"PP","SI"
2,16,285,"PP","SI"
13,4,285,"PP","SI"
33,13,285,"PP","SI"
11,33,285,"PP","SI"
19,11,285,"PP","SI"
12,12,285,"PP","SI"
77,20,285,"PP","SI"
59,6,285,"PP","SI"
59,6,285,"PP","SI"
44,33,285,"PP","SI"
8,6,285,"PP","SI"
41,2,285,"PP","SI"
67,12,285,"PP","SI"
298,1,285,"PP","SI"
57,12,285,"PP","SI"
18,4,285,"PP","SI"
20,8,285,"PP","SI"
46,6,285,"PP","SI"
23,8,285,"PP","SI"
48,6,285,"PP","SI"
45,8,285,"PP","SI"
62,8,285,"PP","SI"
64,16,285,"PP","SI"
298,1,286,"PP","SI"
59,6,286,"PP","SI"
62,8,286,"PP","SI"
44,33,286,"PP","SI"
41,2,286,"PP","SI"
64,16,286,"PP","SI"
200,1,286,"PP","SI"
46,6,286,"PP","SI"
208,1,286,"PP","SI"
32,11,286,"PP","SI"
86,4,286,"PP","SI"
33,13,286,"PP","SI"
19,11,286,"PP","SI"
78,11,286,"PP","SI"
14,33,286,"PP","SI"
57,12,286,"PP","SI"
72,9,286,"PP","SI"
48,6,286,"PP","SI"
13,4,286,"PP","SI"
56,7,286,"PP","SI"
31,6,286,"PP","SI"
67,12,286,"PP","SI"
24,5,286,"PP","SI"
62,8,286,"PP","SI"
15,1,286,"PP","SI"
7,10,286,"PP","SI"
4,11,286,"PP","SI"
77,20,286,"PP","SI"
49,6,286,"PP","SI"
217,1,286,"PP","SI"
59,6,286,"PP","SI"
36,5,286,"PP","SI"
78,11,287,"PP","SI"
86,4,287,"PP","SI"
14,33,287,"PP","SI"
12,12,287,"PP","SI"
48,6,287,"PP","SI"
59,6,287,"PP","SI"
11,33,287,"PP","SI"
76,7,287,"PP","SI"
41,2,287,"PP","SI"
62,8,287,"PP","SI"
46,6,287,"PP","SI"
19,11,287,"PP","SI"
15,1,287,"PP","SI"
30,3,287,"PP","SI"
17,6,287,"PP","SI"
45,8,287,"PP","SI"
91,10,287,"PP","SI"
18,4,287,"PP","SI"
32,11,287,"PP","SI"
80,7,287,"PP","SI"
61,40,287,"PP","SI"
32,11,287,"PP","SI"
44,33,287,"PP","SI"
28,32,287,"PP","SI"
38,6,287,"PP","SI"
200,1,287,"PP","SI"
33,13,287,"PP","SI"
298,1,287,"PP","SI"
20,8,287,"PP","SI"
27,3,287,"PP","SI"
77,20,287,"PP","SI"
217,1,287,"PP","SI"
217,1,288,"PP","SI"
61,40,288,"PP","SI"
11,33,288,"PP","SI"
81,2,288,"PP","SI"
18,4,288,"PP","SI"
38,6,288,"PP","SI"
41,2,288,"PP","SI"
17,6,288,"PP","SI"
48,6,288,"PP","SI"
4,11,288,"PP","SI"
57,12,288,"PP","SI"
44,33,288,"PP","SI"
32,11,288,"PP","SI"
38,6,288,"PP","SI"
7,10,288,"PP","SI"
77,20,288,"PP","SI"
298,1,288,"PP","SI"
31,6,288,"PP","SI"
49,6,288,"PP","SI"
30,3,288,"PP","SI"
59,6,288,"PP","SI"
91,10,288,"PP","SI"
8,6,288,"PP","SI"
200,1,288,"PP","SI"
24,5,288,"PP","SI"
45,8,288,"PP","SI"
26,70,288,"PP","SI"
62,8,288,"PP","SI"
536,1,288,"PP","SI"
51,3,288,"PP","SI"
15,1,288,"PP","SI"
19,11,288,"PP","SI"
17,6,289,"PP","SI"
11,33,289,"PP","SI"
7,10,289,"PP","SI"
51,3,289,"PP","SI"
61,40,289,"PP","SI"
41,2,289,"PP","SI"
8,6,289,"PP","SI"
67,12,289,"PP","SI"
19,11,289,"PP","SI"
62,8,289,"PP","SI"
59,6,289,"PP","SI"
44,33,289,"PP","SI"
24,5,289,"PP","SI"
7,10,289,"PP","SI"
77,20,289,"PP","SI"
12,12,289,"PP","SI"
61,40,289,"PP","SI"
12,12,289,"PP","SI"
67,12,289,"PP","SI"
23,8,289,"PP","SI"
20,8,289,"PP","SI"
13,4,289,"PP","SI"
49,6,289,"PP","SI"
14,33,289,"PP","SI"
56,7,289,"PP","SI"
86,4,289,"PP","SI"
48,6,289,"PP","SI"
36,5,289,"PP","SI"
38,6,289,"PP","SI"
38,6,289,"PP","SI"
217,1,289,"PP","SI"
76,7,289,"PP","SI"
61,40,290,"PP","SI"
208,1,290,"PP","SI"
19,11,290,"PP","SI"
48,6,290,"PP","SI"
4,11,290,"PP","SI"
217,1,290,"PP","SI"
5,7,290,"PP","SI"
13,4,290,"PP","SI"
23,8,290,"PP","SI"
13,4,290,"PP","SI"
30,3,290,"PP","SI"
64,16,290,"PP","SI"
31,6,290,"PP","SI"
91,10,290,"PP","SI"
75,6,290,"PP","SI"
86,4,290,"PP","SI"
32,11,290,"PP","SI"
17,6,290,"PP","SI"
48,6,290,"PP","SI"
56,7,290,"PP","SI"
57,12,290,"PP","SI"
33,13,290,"PP","SI"
7,10,290,"PP","SI"
12,12,290,"PP","SI"
57,12,290,"PP","SI"
81,2,290,"PP","SI"
47,10,290,"PP","SI"
59,6,290,"PP","SI"
64,16,290,"PP","SI"
2,16,290,"PP","SI"
78,11,290,"PP","SI"
24,5,290,"PP","SI"
298,1,291,"PP","SI"
78,11,291,"PP","SI"
76,7,291,"PP","SI"
30,3,291,"PP","SI"
217,1,291,"PP","SI"
91,10,291,"PP","SI"
59,6,291,"PP","SI"
44,33,291,"PP","SI"
442,1,291,"PP","SI"
11,33,291,"PP","SI"
46,6,291,"PP","SI"
18,4,291,"PP","SI"
77,20,291,"PP","SI"
11,33,291,"PP","SI"
536,1,291,"PP","SI"
72,9,291,"PP","SI"
8,6,291,"PP","SI"
208,1,291,"PP","SI"
23,8,291,"PP","SI"
28,32,291,"PP","SI"
12,12,291,"PP","SI"
64,16,291,"PP","SI"
26,70,291,"PP","SI"
33,13,291,"PP","SI"
57,12,291,"PP","SI"
64,16,291,"PP","SI"
200,1,291,"PP","SI"
62,8,291,"PP","SI"
48,6,291,"PP","SI"
39,1,291,"PP","SI"
51,3,291,"PP","SI"
45,8,291,"PP","SI"
7,10,292,"PP","SI"
19,11,292,"PP","SI"
11,33,292,"PP","SI"
67,12,292,"PP","SI"
14,33,292,"PP","SI"
45,8,292,"PP","SI"
217,1,292,"PP","SI"
80,7,292,"PP","SI"
36,5,292,"PP","SI"
15,1,292,"PP","SI"
2,16,292,"PP","SI"
16,7,292,"PP","SI"
77,20,292,"PP","SI"
33,13,292,"PP","SI"
44,33,292,"PP","SI"
41,2,292,"PP","SI"
200,1,292,"PP","SI"
19,11,292,"PP","SI"
38,6,292,"PP","SI"
86,4,292,"PP","SI"
18,4,292,"PP","SI"
23,8,292,"PP","SI"
44,33,292,"PP","SI"
56,7,292,"PP","SI"
46,6,292,"PP","SI"
41,2,292,"PP","SI"
12,12,292,"PP","SI"
30,3,292,"PP","SI"
27,3,292,"PP","SI"
67,12,292,"PP","SI"
12,12,292,"PP","SI"
61,40,292,"PP","SI"
23,8,293,"PP","SI"
45,8,293,"PP","SI"
48,6,293,"PP","SI"
38,6,293,"PP","SI"
200,1,293,"PP","SI"
20,8,293,"PP","SI"
7,10,293,"PP","SI"
26,70,293,"PP","SI"
18,4,293,"PP","SI"
24,5,293,"PP","SI"
67,12,293,"PP","SI"
15,1,293,"PP","SI"
57,12,293,"PP","SI"
32,11,293,"PP","SI"
59,6,293,"PP","SI"
39,1,293,"PP","SI"
75,6,293,"PP","SI"
11,33,293,"PP","SI"
41,2,293,"PP","SI"
217,1,293,"PP","SI"
81,2,293,"PP","SI"
78,11,293,"PP","SI"
91,10,293,"PP","SI"
298,1,293,"PP","SI"
17,6,293,"PP","SI"
11,33,293,"PP","SI"
46,6,293,"PP","SI"
57,12,293,"PP","SI"
19,11,293,"PP","SI"
5,7,293,"PP","SI"
30,3,293,"PP","SI"
46,6,293,"PP","SI"
86,4,294,"PP","SI"
48,6,294,"PP","SI"
81,2,294,"PP","SI"
57,12,294,"PP","SI"
14,33,294,"PP","SI"
200,1,294,"PP","SI"
17,6,294,"PP","SI"
5,7,294,"PP","SI"
51,3,294,"PP","SI"
13,4,294,"PP","SI"
47,10,294,"PP","SI"
60,6,294,"PP","SI"
36,5,294,"PP","SI"
20,8,294,"PP","SI"
33,13,294,"PP","SI"
77,20,294,"PP","SI"
27,3,294,"PP","SI"
14,33,294,"PP","SI"
67,12,294,"PP","SI"
19,11,294,"PP","SI"
46,6,294,"PP","SI"
26,70,294,"PP","SI"
28,32,294,"PP","SI"
38,6,294,"PP","SI"
16,7,294,"PP","SI"
33,13,294,"PP","SI"
15,1,294,"PP","SI"
41,2,294,"PP","SI"
12,12,294,"PP","SI"
13,4,294,"PP","SI"
72,9,294,"PP","SI"
75,6,294,"PP","SI"
47,10,295,"PP","SI"
59,6,295,"PP","SI"
76,7,295,"PP","SI"
208,1,295,"PP","SI"
81,2,295,"PP","SI"
61,40,295,"PP","SI"
8,6,295,"PP","SI"
28,32,295,"PP","SI"
5,7,295,"PP","SI"
17,6,295,"PP","SI"
64,16,295,"PP","SI"
442,1,295,"PP","SI"
26,70,295,"PP","SI"
82,1,295,"PP","SI"
64,16,295,"PP","SI"
36,5,295,"PP","SI"
16,7,295,"PP","SI"
51,3,295,"PP","SI"
28,32,295,"PP","SI"
59,6,295,"PP","SI"
66,1,295,"PP","SI"
14,33,295,"PP","SI"
217,1,295,"PP","SI"
44,33,295,"PP","SI"
2,16,295,"PP","SI"
46,6,295,"PP","SI"
80,7,295,"PP","SI"
41,2,295,"PP","SI"
39,1,295,"PP","SI"
86,4,295,"PP","SI"
13,4,295,"PP","SI"
13,4,295,"PP","SI"
536,1,296,"PP","SI"
16,7,296,"PP","SI"
75,6,296,"PP","SI"
41,2,296,"PP","SI"
442,1,296,"PP","SI"
80,7,296,"PP","SI"
62,8,296,"PP","SI"
28,32,296,"PP","SI"
81,2,296,"PP","SI"
32,11,296,"PP","SI"
11,33,296,"PP","SI"
57,12,296,"PP","SI"
26,70,296,"PP","SI"
38,6,296,"PP","SI"
15,1,296,"PP","SI"
28,32,296,"PP","SI"
64,16,296,"PP","SI"
45,8,296,"PP","SI"
46,6,296,"PP","SI"
12,12,296,"PP","SI"
208,1,296,"PP","SI"
18,4,296,"PP","SI"
51,3,296,"PP","SI"
14,33,296,"PP","SI"
33,13,296,"PP","SI"
80,7,296,"PP","SI"
86,4,296,"PP","SI"
78,11,296,"PP","SI"
60,6,296,"PP","SI"
30,3,296,"PP","SI"
49,6,296,"PP","SI"
20,8,296,"PP","SI"
7,10,297,"PP","SI"
46,6,297,"PP","SI"
38,6,297,"PP","SI"
86,4,297,"PP","SI"
60,6,297,"PP","SI"
26,70,297,"PP","SI"
48,6,297,"PP","SI"
208,1,297,"PP","SI"
26,70,297,"PP","SI"
91,10,297,"PP","SI"
24,5,297,"PP","SI"
33,13,297,"PP","SI"
62,8,297,"PP","SI"
44,33,297,"PP","SI"
217,1,297,"PP","SI"
44,33,297,"PP","SI"
32,11,297,"PP","SI"
49,6,297,"PP","SI"
46,6,297,"PP","SI"
48,6,297,"PP","SI"
23,8,297,"PP","SI"
36,5,297,"PP","SI"
27,3,297,"PP","SI"
13,4,297,"PP","SI"
81,2,297,"PP","SI"
32,11,297,"PP","SI"
72,9,297,"PP","SI"
56,7,297,"PP","SI"
76,7,297,"PP","SI"
12,12,297,"PP","SI"
11,33,297,"PP","SI"
8,6,297,"PP","SI"
24,5,298,"PP","SI"
11,33,298,"PP","SI"
17,6,298,"PP","SI"
13,4,298,"PP","SI"
8,6,298,"PP","SI"
23,8,298,"PP","SI"
208,1,298,"PP","SI"
57,12,298,"PP","SI"
27,3,298,"PP","SI"
2,16,298,"PP","SI"
67,12,298,"PP","SI"
91,10,298,"PP","SI"
72,9,298,"PP","SI"
33,13,298,"PP","SI"
32,11,298,"PP","SI"
57,12,298,"PP","SI"
7,10,298,"PP","SI"
44,33,298,"PP","SI"
28,32,298,"PP","SI"
28,32,298,"PP","SI"
5,7,298,"PP","SI"
36,5,298,"PP","SI"
17,6,298,"PP","SI"
78,11,298,"PP","SI"
59,6,298,"PP","SI"
64,16,298,"PP","SI"
11,33,298,"PP","SI"
7,10,298,"PP","SI"
60,6,298,"PP","SI"
62,8,298,"PP","SI"
46,6,298,"PP","SI"
442,1,298,"PP","SI"
67,12,299,"PP","SI"
7,10,299,"PP","SI"
44,33,299,"PP","SI"
442,1,299,"PP","SI"
200,1,299,"PP","SI"
30,3,299,"PP","SI"
20,8,299,"PP","SI"
36,5,299,"PP","SI"
14,33,299,"PP","SI"
28,32,299,"PP","SI"
41,2,299,"PP","SI"
27,3,299,"PP","SI"
12,12,299,"PP","SI"
64,16,299,"PP","SI"
32,11,299,"PP","SI"
56,7,299,"PP","SI"
76,7,299,"PP","SI"
39,1,299,"PP","SI"
78,11,299,"PP","SI"
46,6,299,"PP","SI"
26,70,299,"PP","SI"
86,4,299,"PP","SI"
18,4,299,"PP","SI"
38,6,299,"PP","SI"
13,4,299,"PP","SI"
80,7,299,"PP","SI"
17,6,299,"PP","SI"
32,11,299,"PP","SI"
14,33,299,"PP","SI"
64,16,299,"PP","SI"
45,8,299,"PP","SI"
19,11,299,"PP","SI"
67,12,300,"PP","SI"
13,4,300,"PP","SI"
77,20,300,"PP","SI"
7,10,300,"PP","SI"
39,1,300,"PP","SI"
80,7,300,"PP","SI"
72,9,300,"PP","SI"
208,1,300,"PP","SI"
48,6,300,"PP","SI"
61,40,300,"PP","SI"
33,13,300,"PP","SI"
32,11,300,"PP","SI"
217,1,300,"PP","SI"
11,33,300,"PP","SI"
76,7,300,"PP","SI"
75,6,300,"PP","SI"
17,6,300,"PP","SI"
44,33,300,"PP","SI"
80,7,300,"PP","SI"
15,1,300,"PP","SI"
32,11,300,"PP","SI"
30,3,300,"PP","SI"
61,40,300,"PP","SI"
62,8,300,"PP","SI"
8,6,300,"PP","SI"
14,33,300,"PP","SI"
67,12,300,"PP","SI"
78,11,300,"PP","SI"
20,8,300,"PP","SI"
91,10,300,"PP","SI"
60,6,300,"PP","SI"
78,11,300,"PP","SI"
27,3,301,"PP","SI"
7,10,301,"PP","SI"
39,1,301,"PP","SI"
26,70,301,"PP","SI"
41,2,301,"PP","SI"
26,70,301,"PP","SI"
14,33,301,"PP","SI"
12,12,301,"PP","SI"
61,40,301,"PP","SI"
64,16,301,"PP","SI"
78,11,301,"PP","SI"
23,8,301,"PP","SI"
80,7,301,"PP","SI"
30,3,301,"PP","SI"
38,6,301,"PP","SI"
57,12,301,"PP","SI"
298,1,301,"PP","SI"
4,11,301,"PP","SI"
17,6,301,"PP","SI"
32,11,301,"PP","SI"
47,10,301,"PP","SI"
76,7,301,"PP","SI"
38,6,301,"PP","SI"
36,5,301,"PP","SI"
18,4,301,"PP","SI"
46,6,301,"PP","SI"
28,32,301,"PP","SI"
75,6,301,"PP","SI"
208,1,301,"PP","SI"
11,33,301,"PP","SI"
442,1,301,"PP","SI"
49,6,301,"PP","SI"
81,2,302,"PP","SI"
39,1,302,"PP","SI"
67,12,302,"PP","SI"
82,1,302,"PP","SI"
17,6,302,"PP","SI"
60,6,302,"PP","SI"
12,12,302,"PP","SI"
24,5,302,"PP","SI"
18,4,302,"PP","SI"
5,7,302,"PP","SI"
72,9,302,"PP","SI"
36,5,302,"PP","SI"
80,7,302,"PP","SI"
67,12,302,"PP","SI"
217,1,302,"PP","SI"
45,8,302,"PP","SI"
30,3,302,"PP","SI"
7,10,302,"PP","SI"
41,2,302,"PP","SI"
13,4,302,"PP","SI"
298,1,302,"PP","SI"
59,6,302,"PP","SI"
8,6,302,"PP","SI"
64,16,302,"PP","SI"
77,20,302,"PP","SI"
23,8,302,"PP","SI"
32,11,302,"PP","SI"
33,13,302,"PP","SI"
12,12,302,"PP","SI"
7,10,302,"PP","SI"
57,12,302,"PP","SI"
33,13,302,"PP","SI"
60,6,303,"PP","SI"
32,11,303,"PP","SI"
36,5,303,"PP","SI"
16,7,303,"PP","SI"
48,6,303,"PP","SI"
81,2,303,"PP","SI"
24,5,303,"PP","SI"
80,7,303,"PP","SI"
14,33,303,"PP","SI"
27,3,303,"PP","SI"
47,10,303,"PP","SI"
5,7,303,"PP","SI"
46,6,303,"PP","SI"
38,6,303,"PP","SI"
536,1,303,"PP","SI"
7,10,303,"PP","SI"
30,3,303,"PP","SI"
44,33,303,"PP","SI"
41,2,303,"PP","SI"
62,8,303,"PP","SI"
28,32,303,"PP","SI"
62,8,303,"PP","SI"
26,70,303,"PP","SI"
32,11,303,"PP","SI"
2,16,303,"PP","SI"
91,10,303,"PP","SI"
82,1,303,"PP","SI"
64,16,303,"PP","SI"
12,12,303,"PP","SI"
39,1,303,"PP","SI"
57,12,303,"PP","SI"
67,12,303,"PP","SI"
11,33,304,"PP","SI"
41,2,304,"PP","SI"
33,13,304,"PP","SI"
61,40,304,"PP","SI"
44,33,304,"PP","SI"
19,11,304,"PP","SI"
57,12,304,"PP","SI"
91,10,304,"PP","SI"
77,20,304,"PP","SI"
17,6,304,"PP","SI"
12,12,304,"PP","SI"
16,7,304,"PP","SI"
2,16,304,"PP","SI"
28,32,304,"PP","SI"
536,1,304,"PP","SI"
13,4,304,"PP","SI"
78,11,304,"PP","SI"
46,6,304,"PP","SI"
26,70,304,"PP","SI"
200,1,304,"PP","SI"
17,6,304,"PP","SI"
38,6,304,"PP","SI"
14,33,304,"PP","SI"
67,12,304,"PP","SI"
75,6,304,"PP","SI"
46,6,304,"PP","SI"
298,1,304,"PP","SI"
64,16,304,"PP","SI"
60,6,304,"PP","SI"
41,2,304,"PP","SI"
33,13,304,"PP","SI"
24,5,304,"PP","SI"
18,4,305,"PP","SI"
64,16,305,"PP","SI"
12,12,305,"PP","SI"
27,3,305,"PP","SI"
49,6,305,"PP","SI"
59,6,305,"PP","SI"
8,6,305,"PP","SI"
16,7,305,"PP","SI"
217,1,305,"PP","SI"
57,12,305,"PP","SI"
200,1,305,"PP","SI"
61,40,305,"PP","SI"
26,70,305,"PP","SI"
298,1,305,"PP","SI"
41,2,305,"PP","SI"
28,32,305,"PP","SI"
11,33,305,"PP","SI"
56,7,305,"PP","SI"
77,20,305,"PP","SI"
47,10,305,"PP","SI"
67,12,305,"PP","SI"
33,13,305,"PP","SI"
48,6,305,"PP","SI"
72,9,305,"PP","SI"
91,10,305,"PP","SI"
59,6,305,"PP","SI"
7,10,305,"PP","SI"
32,11,305,"PP","SI"
76,7,305,"PP","SI"
19,11,305,"PP","SI"
17,6,305,"PP","SI"
15,1,305,"PP","SI"
23,8,306,"PP","SI"
57,12,306,"PP","SI"
64,16,306,"PP","SI"
17,6,306,"PP","SI"
39,1,306,"PP","SI"
61,40,306,"PP","SI"
66,1,306,"PP","SI"
41,2,306,"PP","SI"
217,1,306,"PP","SI"
13,4,306,"PP","SI"
80,7,306,"PP","SI"
19,11,306,"PP","SI"
59,6,306,"PP","SI"
46,6,306,"PP","SI"
24,5,306,"PP","SI"
48,6,306,"PP","SI"
72,9,306,"PP","SI"
7,10,306,"PP","SI"
77,20,306,"PP","SI"
31,6,306,"PP","SI"
38,6,306,"PP","SI"
67,12,306,"PP","SI"
14,33,306,"PP","SI"
32,11,306,"PP","SI"
26,70,306,"PP","SI"
51,3,306,"PP","SI"
16,7,306,"PP","SI"
56,7,306,"PP","SI"
61,40,306,"PP","SI"
17,6,306,"PP","SI"
32,11,306,"PP","SI"
30,3,306,"PP","SI"
67,12,307,"PP","SI"
11,33,307,"PP","SI"
31,6,307,"PP","SI"
77,20,307,"PP","SI"
38,6,307,"PP","SI"
8,6,307,"PP","SI"
61,40,307,"PP","SI"
28,32,307,"PP","SI"
80,7,307,"PP","SI"
26,70,307,"PP","SI"
61,40,307,"PP","SI"
13,4,307,"PP","SI"
46,6,307,"PP","SI"
5,7,307,"PP","SI"
26,70,307,"PP","SI"
51,3,307,"PP","SI"
81,2,307,"PP","SI"
57,12,307,"PP","SI"
57,12,307,"PP","SI"
208,1,307,"PP","SI"
78,11,307,"PP","SI"
47,10,307,"PP","SI"
91,10,307,"PP","SI"
64,16,307,"PP","SI"
38,6,307,"PP","SI"
20,8,307,"PP","SI"
16,7,307,"PP","SI"
28,32,307,"PP","SI"
49,6,307,"PP","SI"
30,3,307,"PP","SI"
14,33,307,"PP","SI"
75,6,307,"PP","SI"
46,6,308,"PP","SI"
28,32,308,"PP","SI"
64,16,308,"PP","SI"
41,2,308,"PP","SI"
18,4,308,"PP","SI"
59,6,308,"PP","SI"
91,10,308,"PP","SI"
78,11,308,"PP","SI"
19,11,308,"PP","SI"
57,12,308,"PP","SI"
19,11,308,"PP","SI"
64,16,308,"PP","SI"
31,6,308,"PP","SI"
38,6,308,"PP","SI"
80,7,308,"PP","SI"
33,13,308,"PP","SI"
11,33,308,"PP","SI"
4,11,308,"PP","SI"
20,8,308,"PP","SI"
12,12,308,"PP","SI"
61,40,308,"PP","SI"
32,11,308,"PP","SI"
62,8,308,"PP","SI"
44,33,308,"PP","SI"
39,1,308,"PP","SI"
81,2,308,"PP","SI"
46,6,308,"PP","SI"
17,6,308,"PP","SI"
67,12,308,"PP","SI"
14,33,308,"PP","SI"
72,9,308,"PP","SI"
32,11,308,"PP","SI"
46,6,309,"PP","SI"
61,40,309,"PP","SI"
27,3,309,"PP","SI"
77,20,309,"PP","SI"
298,1,309,"PP","SI"
61,40,309,"PP","SI"
18,4,309,"PP","SI"
82,1,309,"PP","SI"
36,5,309,"PP","SI"
78,11,309,"PP","SI"
208,1,309,"PP","SI"
67,12,309,"PP","SI"
51,3,309,"PP","SI"
31,6,309,"PP","SI"
17,6,309,"PP","SI"
86,4,309,"PP","SI"
56,7,309,"PP","SI"
44,33,309,"PP","SI"
32,11,309,"PP","SI"
77,20,309,"PP","SI"
57,12,309,"PP","SI"
442,1,309,"PP","SI"
44,33,309,"PP","SI"
26,70,309,"PP","SI"
8,6,309,"PP","SI"
62,8,309,"PP","SI"
80,7,309,"PP","SI"
11,33,309,"PP","SI"
5,7,309,"PP","SI"
33,13,309,"PP","SI"
28,32,309,"PP","SI"
48,6,309,"PP","SI"
4,11,310,"PP","SI"
536,1,310,"PP","SI"
16,7,310,"PP","SI"
38,6,310,"PP","SI"
48,6,310,"PP","SI"
59,6,310,"PP","SI"
59,6,310,"PP","SI"
60,6,310,"PP","SI"
41,2,310,"PP","SI"
80,7,310,"PP","SI"
38,6,310,"PP","SI"
31,6,310,"PP","SI"
33,13,310,"PP","SI"
19,11,310,"PP","SI"
46,6,310,"PP","SI"
14,33,310,"PP","SI"
67,12,310,"PP","SI"
26,70,310,"PP","SI"
30,3,310,"PP","SI"
2,16,310,"PP","SI"
298,1,310,"PP","SI"
56,7,310,"PP","SI"
80,7,310,"PP","SI"
78,11,310,"PP","SI"
39,1,310,"PP","SI"
32,11,310,"PP","SI"
44,33,310,"PP","SI"
72,9,310,"PP","SI"
45,8,310,"PP","SI"
75,6,310,"PP","SI"
67,12,310,"PP","SI"
77,20,310,"PP","SI"
8,6,311,"PP","SI"
19,11,311,"PP","SI"
12,12,311,"PP","SI"
31,6,311,"PP","SI"
44,33,311,"PP","SI"
200,1,311,"PP","SI"
61,40,311,"PP","SI"
41,2,311,"PP","SI"
26,70,311,"PP","SI"
78,11,311,"PP","SI"
13,4,311,"PP","SI"
24,5,311,"PP","SI"
66,1,311,"PP","SI"
80,7,311,"PP","SI"
17,6,311,"PP","SI"
28,32,311,"PP","SI"
64,16,311,"PP","SI"
14,33,311,"PP","SI"
91,10,311,"PP","SI"
33,13,311,"PP","SI"
20,8,311,"PP","SI"
38,6,311,"PP","SI"
76,7,311,"PP","SI"
27,3,311,"PP","SI"
60,6,311,"PP","SI"
72,9,311,"PP","SI"
12,12,311,"PP","SI"
56,7,311,"PP","SI"
32,11,311,"PP","SI"
51,3,311,"PP","SI"
47,10,311,"PP","SI"
78,11,311,"PP","SI"
19,11,312,"PP","SI"
62,8,312,"PP","SI"
27,3,312,"PP","SI"
442,1,312,"PP","SI"
200,1,312,"PP","SI"
11,33,312,"PP","SI"
62,8,312,"PP","SI"
31,6,312,"PP","SI"
75,6,312,"PP","SI"
26,70,312,"PP","SI"
46,6,312,"PP","SI"
32,11,312,"PP","SI"
12,12,312,"PP","SI"
36,5,312,"PP","SI"
77,20,312,"PP","SI"
39,1,312,"PP","SI"
18,4,312,"PP","SI"
14,33,312,"PP","SI"
41,2,312,"PP","SI"
217,1,312,"PP","SI"
78,11,312,"PP","SI"
64,16,312,"PP","SI"
19,11,312,"PP","SI"
48,6,312,"PP","SI"
86,4,312,"PP","SI"
47,10,312,"PP","SI"
41,2,312,"PP","SI"
78,11,312,"PP","SI"
2,16,312,"PP","SI"
20,8,312,"PP","SI"
11,33,312,"PP","SI"
17,6,312,"PP","SI"
61,40,313,"PP","SI"
30,3,313,"PP","SI"
208,1,313,"PP","SI"
67,12,313,"PP","SI"
91,10,313,"PP","SI"
32,11,313,"PP","SI"
44,33,313,"PP","SI"
47,10,313,"PP","SI"
80,7,313,"PP","SI"
51,3,313,"PP","SI"
12,12,313,"PP","SI"
57,12,313,"PP","SI"
23,8,313,"PP","SI"
45,8,313,"PP","SI"
46,6,313,"PP","SI"
44,33,313,"PP","SI"
49,6,313,"PP","SI"
60,6,313,"PP","SI"
5,7,313,"PP","SI"
57,12,313,"PP","SI"
61,40,313,"PP","SI"
298,1,313,"PP","SI"
78,11,313,"PP","SI"
91,10,313,"PP","SI"
32,11,313,"PP","SI"
12,12,313,"PP","SI"
17,6,313,"PP","SI"
217,1,313,"PP","SI"
7,10,313,"PP","SI"
26,70,313,"PP","SI"
77,20,313,"PP","SI"
20,8,313,"PP","SI"
44,33,314,"PP","SI"
19,11,314,"PP","SI"
46,6,314,"PP","SI"
30,3,314,"PP","SI"
33,13,314,"PP","SI"
23,8,314,"PP","SI"
48,6,314,"PP","SI"
60,6,314,"PP","SI"
80,7,314,"PP","SI"
56,7,314,"PP","SI"
36,5,314,"PP","SI"
7,10,314,"PP","SI"
32,11,314,"PP","SI"
27,3,314,"PP","SI"
17,6,314,"PP","SI"
75,6,314,"PP","SI"
47,10,314,"PP","SI"
14,33,314,"PP","SI"
78,11,314,"PP","SI"
24,5,314,"PP","SI"
18,4,314,"PP","SI"
14,33,314,"PP","SI"
66,1,314,"PP","SI"
62,8,314,"PP","SI"
28,32,314,"PP","SI"
91,10,314,"PP","SI"
31,6,314,"PP","SI"
217,1,314,"PP","SI"
536,1,314,"PP","SI"
59,6,314,"PP","SI"
16,7,314,"PP","SI"
39,1,314,"PP","SI"
91,10,315,"PP","SI"
11,33,315,"PP","SI"
14,33,315,"PP","SI"
17,6,315,"PP","SI"
57,12,315,"PP","SI"
13,4,315,"PP","SI"
15,1,315,"PP","SI"
72,9,315,"PP","SI"
49,6,315,"PP","SI"
7,10,315,"PP","SI"
18,4,315,"PP","SI"
19,11,315,"PP","SI"
59,6,315,"PP","SI"
200,1,315,"PP","SI"
4,11,315,"PP","SI"
78,11,315,"PP","SI"
67,12,315,"PP","SI"
62,8,315,"PP","SI"
28,32,315,"PP","SI"
11,33,315,"PP","SI"
217,1,315,"PP","SI"
82,1,315,"PP","SI"
28,32,315,"PP","SI"
64,16,315,"PP","SI"
45,8,315,"PP","SI"
59,6,315,"PP","SI"
77,20,315,"PP","SI"
26,70,315,"PP","SI"
64,16,315,"PP","SI"
298,1,315,"PP","SI"
33,13,315,"PP","SI"
36,5,315,"PP","SI"
41,2,316,"PP","SI"
62,8,316,"PP","SI"
208,1,316,"PP","SI"
17,6,316,"PP","SI"
82,1,316,"PP","SI"
17,6,316,"PP","SI"
60,6,316,"PP","SI"
41,2,316,"PP","SI"
31,6,316,"PP","SI"
30,3,316,"PP","SI"
51,3,316,"PP","SI"
32,11,316,"PP","SI"
80,7,316,"PP","SI"
57,12,316,"PP","SI"
11,33,316,"PP","SI"
12,12,316,"PP","SI"
47,10,316,"PP","SI"
14,33,316,"PP","SI"
78,11,316,"PP","SI"
26,70,316,"PP","SI"
75,6,316,"PP","SI"
33,13,316,"PP","SI"
19,11,316,"PP","SI"
64,16,316,"PP","SI"
20,8,316,"PP","SI"
61,40,316,"PP","SI"
14,33,316,"PP","SI"
28,32,316,"PP","SI"
48,6,316,"PP","SI"
77,20,316,"PP","SI"
66,1,316,"PP","SI"
2,16,316,"PP","SI"
26,70,317,"PP","SI"
36,5,317,"PP","SI"
59,6,317,"PP","SI"
91,10,317,"PP","SI"
62,8,317,"PP","SI"
7,10,317,"PP","SI"
38,6,317,"PP","SI"
28,32,317,"PP","SI"
75,6,317,"PP","SI"
2,16,317,"PP","SI"
60,6,317,"PP","SI"
30,3,317,"PP","SI"
45,8,317,"PP","SI"
27,3,317,"PP","SI"
80,7,317,"PP","SI"
64,16,317,"PP","SI"
62,8,317,"PP","SI"
44,33,317,"PP","SI"
14,33,317,"PP","SI"
64,16,317,"PP","SI"
82,1,317,"PP","SI"
33,13,317,"PP","SI"
72,9,317,"PP","SI"
7,10,317,"PP","SI"
57,12,317,"PP","SI"
77,20,317,"PP","SI"
61,40,317,"PP","SI"
86,4,317,"PP","SI"
76,7,317,"PP","SI"
59,6,317,"PP","SI"
48,6,317,"PP","SI"
14,33,317,"PP","SI"
13,4,318,"PP","SI"
81,2,318,"PP","SI"
2,16,318,"PP","SI"
536,1,318,"PP","SI"
41,2,318,"PP","SI"
86,4,318,"PP","SI"
41,2,318,"PP","SI"
11,33,318,"PP","SI"
44,33,318,"PP","SI"
46,6,318,"PP","SI"
30,3,318,"PP","SI"
200,1,318,"PP","SI"
298,1,318,"PP","SI"
32,11,318,"PP","SI"
36,5,318,"PP","SI"
5,7,318,"PP","SI"
38,6,318,"PP","SI"
4,11,318,"PP","SI"
23,8,318,"PP","SI"
27,3,318,"PP","SI"
62,8,318,"PP","SI"
14,33,318,"PP","SI"
75,6,318,"PP","SI"
24,5,318,"PP","SI"
77,20,318,"PP","SI"
217,1,318,"PP","SI"
7,10,318,"PP","SI"
26,70,318,"PP","SI"
47,10,318,"PP","SI"
33,13,318,"PP","SI"
64,16,318,"PP","SI"
77,20,318,"PP","SI"
72,9,319,"PP","SI"
298,1,319,"PP","SI"
47,10,319,"PP","SI"
28,32,319,"PP","SI"
78,11,319,"PP","SI"
57,12,319,"PP","SI"
75,6,319,"PP","SI"
26,70,319,"PP","SI"
76,7,319,"PP","SI"
59,6,319,"PP","SI"
31,6,319,"PP","SI"
32,11,319,"PP","SI"
13,4,319,"PP","SI"
12,12,319,"PP","SI"
5,7,319,"PP","SI"
12,12,319,"PP","SI"
67,12,319,"PP","SI"
18,4,319,"PP","SI"
45,8,319,"PP","SI"
16,7,319,"PP","SI"
81,2,319,"PP","SI"
17,6,319,"PP","SI"
11,33,319,"PP","SI"
61,40,319,"PP","SI"
64,16,319,"PP","SI"
61,40,319,"PP","SI"
4,11,319,"PP","SI"
39,1,319,"PP","SI"
56,7,319,"PP","SI"
48,6,319,"PP","SI"
30,3,319,"PP","SI"
44,33,319,"PP","SI"
60,6,320,"PP","SI"
49,6,320,"PP","SI"
27,3,320,"PP","SI"
11,33,320,"PP","SI"
57,12,320,"PP","SI"
78,11,320,"PP","SI"
36,5,320,"PP","SI"
11,33,320,"PP","SI"
4,11,320,"PP","SI"
217,1,320,"PP","SI"
76,7,320,"PP","SI"
62,8,320,"PP","SI"
18,4,320,"PP","SI"
32,11,320,"PP","SI"
64,16,320,"PP","SI"
28,32,320,"PP","SI"
38,6,320,"PP","SI"
14,33,320,"PP","SI"
17,6,320,"PP","SI"
23,8,320,"PP","SI"
45,8,320,"PP","SI"
41,2,320,"PP","SI"
442,1,320,"PP","SI"
8,6,320,"PP","SI"
30,3,320,"PP","SI"
77,20,320,"PP","SI"
51,3,320,"PP","SI"
32,11,320,"PP","SI"
30,3,320,"PP","SI"
28,32,320,"PP","SI"
14,33,320,"PP","SI"
75,6,320,"PP","SI"
13,4,321,"PP","SI"
32,11,321,"PP","SI"
32,11,321,"PP","SI"
78,11,321,"PP","SI"
4,11,321,"PP","SI"
57,12,321,"PP","SI"
80,7,321,"PP","SI"
91,10,321,"PP","SI"
5,7,321,"PP","SI"
14,33,321,"PP","SI"
49,6,321,"PP","SI"
20,8,321,"PP","SI"
72,9,321,"PP","SI"
80,7,321,"PP","SI"
7,10,321,"PP","SI"
12,12,321,"PP","SI"
48,6,321,"PP","SI"
41,2,321,"PP","SI"
41,2,321,"PP","SI"
33,13,321,"PP","SI"
48,6,321,"PP","SI"
442,1,321,"PP","SI"
64,16,321,"PP","SI"
27,3,321,"PP","SI"
23,8,321,"PP","SI"
11,33,321,"PP","SI"
17,6,321,"PP","SI"
217,1,321,"PP","SI"
38,6,321,"PP","SI"
13,4,321,"PP","SI"
44,33,321,"PP","SI"
19,11,321,"PP","SI"
2,16,322,"PP","SI"
4,11,322,"PP","SI"
12,12,322,"PP","SI"
48,6,322,"PP","SI"
61,40,322,"PP","SI"
38,6,322,"PP","SI"
66,1,322,"PP","SI"
86,4,322,"PP","SI"
62,8,322,"PP","SI"
72,9,322,"PP","SI"
13,4,322,"PP","SI"
31,6,322,"PP","SI"
19,11,322,"PP","SI"
44,33,322,"PP","SI"
7,10,322,"PP","SI"
33,13,322,"PP","SI"
49,6,322,"PP","SI"
11,33,322,"PP","SI"
67,12,322,"PP","SI"
46,6,322,"PP","SI"
26,70,322,"PP","SI"
76,7,322,"PP","SI"
57,12,322,"PP","SI"
59,6,322,"PP","SI"
32,11,322,"PP","SI"
32,11,322,"PP","SI"
75,6,322,"PP","SI"
11,33,322,"PP","SI"
12,12,322,"PP","SI"
91,10,322,"PP","SI"
30,3,322,"PP","SI"
60,6,322,"PP","SI"
60,6,323,"PP","SI"
72,9,323,"PP","SI"
59,6,323,"PP","SI"
14,33,323,"PP","SI"
45,8,323,"PP","SI"
8,6,323,"PP","SI"
217,1,323,"PP","SI"
66,1,323,"PP","SI"
20,8,323,"PP","SI"
28,32,323,"PP","SI"
56,7,323,"PP","SI"
44,33,323,"PP","SI"
32,11,323,"PP","SI"
62,8,323,"PP","SI"
33,13,323,"PP","SI"
86,4,323,"PP","SI"
75,6,323,"PP","SI"
27,3,323,"PP","SI"
7,10,323,"PP","SI"
47,10,323,"PP","SI"
78,11,323,"PP","SI"
46,6,323,"PP","SI"
19,11,323,"PP","SI"
12,12,323,"PP","SI"
82,1,323,"PP","SI"
442,1,323,"PP","SI"
64,16,323,"PP","SI"
536,1,323,"PP","SI"
39,1,323,"PP","SI"
77,20,323,"PP","SI"
31,6,323,"PP","SI"
57,12,323,"PP","SI"
536,1,324,"PP","SI"
46,6,324,"PP","SI"
48,6,324,"PP","SI"
27,3,324,"PP","SI"
72,9,324,"PP","SI"
28,32,324,"PP","SI"
56,7,324,"PP","SI"
19,11,324,"PP","SI"
26,70,324,"PP","SI"
75,6,324,"PP","SI"
62,8,324,"PP","SI"
13,4,324,"PP","SI"
48,6,324,"PP","SI"
78,11,324,"PP","SI"
91,10,324,"PP","SI"
67,12,324,"PP","SI"
33,13,324,"PP","SI"
62,8,324,"PP","SI"
19,11,324,"PP","SI"
7,10,324,"PP","SI"
60,6,324,"PP","SI"
28,32,324,"PP","SI"
38,6,324,"PP","SI"
44,33,324,"PP","SI"
57,12,324,"PP","SI"
82,1,324,"PP","SI"
15,1,324,"PP","SI"
57,12,324,"PP","SI"
17,6,324,"PP","SI"
81,2,324,"PP","SI"
33,13,324,"PP","SI"
20,8,324,"PP","SI"
59,6,325,"PP","SI"
62,8,325,"PP","SI"
39,1,325,"PP","SI"
19,11,325,"PP","SI"
80,7,325,"PP","SI"
15,1,325,"PP","SI"
19,11,325,"PP","SI"
8,6,325,"PP","SI"
23,8,325,"PP","SI"
49,6,325,"PP","SI"
82,1,325,"PP","SI"
18,4,325,"PP","SI"
59,6,325,"PP","SI"
61,40,325,"PP","SI"
76,7,325,"PP","SI"
38,6,325,"PP","SI"
77,20,325,"PP","SI"
66,1,325,"PP","SI"
442,1,325,"PP","SI"
77,20,325,"PP","SI"
75,6,325,"PP","SI"
28,32,325,"PP","SI"
16,7,325,"PP","SI"
5,7,325,"PP","SI"
61,40,325,"PP","SI"
32,11,325,"PP","SI"
12,12,325,"PP","SI"
57,12,325,"PP","SI"
33,13,325,"PP","SI"
17,6,325,"PP","SI"
13,4,325,"PP","SI"
46,6,325,"PP","SI"
41,2,326,"PP","SI"
49,6,326,"PP","SI"
61,40,326,"PP","SI"
11,33,326,"PP","SI"
2,16,326,"PP","SI"
64,16,326,"PP","SI"
19,11,326,"PP","SI"
77,20,326,"PP","SI"
208,1,326,"PP","SI"
26,70,326,"PP","SI"
81,2,326,"PP","SI"
80,7,326,"PP","SI"
20,8,326,"PP","SI"
32,11,326,"PP","SI"
38,6,326,"PP","SI"
76,7,326,"PP","SI"
59,6,326,"PP","SI"
91,10,326,"PP","SI"
46,6,326,"PP","SI"
19,11,326,"PP","SI"
18,4,326,"PP","SI"
28,32,326,"PP","SI"
41,2,326,"PP","SI"
66,1,326,"PP","SI"
45,8,326,"PP","SI"
13,4,326,"PP","SI"
57,12,326,"PP","SI"
39,1,326,"PP","SI"
57,12,326,"PP","SI"
82,1,326,"PP","SI"
13,4,326,"PP","SI"
31,6,326,"PP","SI"
57,12,327,"PP","SI"
61,40,327,"PP","SI"
47,10,327,"PP","SI"
28,32,327,"PP","SI"
15,1,327,"PP","SI"
91,10,327,"PP","SI"
80,7,327,"PP","SI"
67,12,327,"PP","SI"
57,12,327,"PP","SI"
64,16,327,"PP","SI"
39,1,327,"PP","SI"
45,8,327,"PP","SI"
72,9,327,"PP","SI"
38,6,327,"PP","SI"
82,1,327,"PP","SI"
46,6,327,"PP","SI"
19,11,327,"PP","SI"
18,4,327,"PP","SI"
48,6,327,"PP","SI"
7,10,327,"PP","SI"
41,2,327,"PP","SI"
48,6,327,"PP","SI"
13,4,327,"PP","SI"
298,1,327,"PP","SI"
23,8,327,"PP","SI"
7,10,327,"PP","SI"
14,33,327,"PP","SI"
4,11,327,"PP","SI"
49,6,327,"PP","SI"
5,7,327,"PP","SI"
11,33,327,"PP","SI"
17,6,327,"PP","SI"
12,12,328,"PP","SI"
442,1,328,"PP","SI"
39,1,328,"PP","SI"
60,6,328,"PP","SI"
31,6,328,"PP","SI"
14,33,328,"PP","SI"
536,1,328,"PP","SI"
32,11,328,"PP","SI"
23,8,328,"PP","SI"
16,7,328,"PP","SI"
8,6,328,"PP","SI"
24,5,328,"PP","SI"
61,40,328,"PP","SI"
19,11,328,"PP","SI"
217,1,328,"PP","SI"
51,3,328,"PP","SI"
2,16,328,"PP","SI"
7,10,328,"PP","SI"
46,6,328,"PP","SI"
80,7,328,"PP","SI"
72,9,328,"PP","SI"
82,1,328,"PP","SI"
62,8,328,"PP","SI"
200,1,328,"PP","SI"
77,20,328,"PP","SI"
80,7,328,"PP","SI"
48,6,328,"PP","SI"
57,12,328,"PP","SI"
48,6,328,"PP","SI"
56,7,328,"PP","SI"
49,6,328,"PP","SI"
78,11,328,"PP","SI"
28,32,329,"PP","SI"
28,32,329,"PP","SI"
13,4,329,"PP","SI"
27,3,329,"PP","SI"
57,12,329,"PP","SI"
72,9,329,"PP","SI"
78,11,329,"PP","SI"
17,6,329,"PP","SI"
67,12,329,"PP","SI"
24,5,329,"PP","SI"
32,11,329,"PP","SI"
8,6,329,"PP","SI"
86,4,329,"PP","SI"
18,4,329,"PP","SI"
67,12,329,"PP","SI"
16,7,329,"PP","SI"
61,40,329,"PP","SI"
77,20,329,"PP","SI"
11,33,329,"PP","SI"
91,10,329,"PP","SI"
78,11,329,"PP","SI"
23,8,329,"PP","SI"
12,12,329,"PP","SI"
32,11,329,"PP","SI"
44,33,329,"PP","SI"
38,6,329,"PP","SI"
298,1,329,"PP","SI"
20,8,329,"PP","SI"
26,70,329,"PP","SI"
41,2,329,"PP","SI"
47,10,329,"PP","SI"
59,6,329,"PP","SI"
61,40,330,"PP","SI"
49,6,330,"PP","SI"
33,13,330,"PP","SI"
7,10,330,"PP","SI"
536,1,330,"PP","SI"
30,3,330,"PP","SI"
2,16,330,"PP","SI"
8,6,330,"PP","SI"
48,6,330,"PP","SI"
38,6,330,"PP","SI"
57,12,330,"PP","SI"
57,12,330,"PP","SI"
39,1,330,"PP","SI"
80,7,330,"PP","SI"
72,9,330,"PP","SI"
64,16,330,"PP","SI"
5,7,330,"PP","SI"
208,1,330,"PP","SI"
44,33,330,"PP","SI"
62,8,330,"PP","SI"
32,11,330,"PP","SI"
217,1,330,"PP","SI"
18,4,330,"PP","SI"
28,32,330,"PP","SI"
59,6,330,"PP","SI"
48,6,330,"PP","SI"
46,6,330,"PP","SI"
19,11,330,"PP","SI"
61,40,330,"PP","SI"
36,5,330,"PP","SI"
78,11,330,"PP","SI"
13,4,330,"PP","SI"
59,6,331,"PP","SI"
57,12,331,"PP","SI"
76,7,331,"PP","SI"
62,8,331,"PP","SI"
57,12,331,"PP","SI"
47,10,331,"PP","SI"
77,20,331,"PP","SI"
64,16,331,"PP","SI"
86,4,331,"PP","SI"
20,8,331,"PP","SI"
59,6,331,"PP","SI"
56,7,331,"PP","SI"
26,70,331,"PP","SI"
67,12,331,"PP","SI"
11,33,331,"PP","SI"
62,8,331,"PP","SI"
4,11,331,"PP","SI"
61,40,331,"PP","SI"
28,32,331,"PP","SI"
26,70,331,"PP","SI"
23,8,331,"PP","SI"
17,6,331,"PP","SI"
30,3,331,"PP","SI"
91,10,331,"PP","SI"
46,6,331,"PP","SI"
200,1,331,"PP","SI"
41,2,331,"PP","SI"
30,3,331,"PP","SI"
91,10,331,"PP","SI"
8,6,331,"PP","SI"
13,4,331,"PP","SI"
48,6,331,"PP","SI"
33,13,332,"PP","SI"
11,33,332,"PP","SI"
7,10,332,"PP","SI"
78,11,332,"PP","SI"
32,11,332,"PP","SI"
16,7,332,"PP","SI"
57,12,332,"PP","SI"
82,1,332,"PP","SI"
41,2,332,"PP","SI"
28,32,332,"PP","SI"
45,8,332,"PP","SI"
14,33,332,"PP","SI"
64,16,332,"PP","SI"
19,11,332,"PP","SI"
23,8,332,"PP","SI"
56,7,332,"PP","SI"
60,6,332,"PP","SI"
72,9,332,"PP","SI"
46,6,332,"PP","SI"
32,11,332,"PP","SI"
41,2,332,"PP","SI"
19,11,332,"PP","SI"
11,33,332,"PP","SI"
48,6,332,"PP","SI"
51,3,332,"PP","SI"
77,20,332,"PP","SI"
13,4,332,"PP","SI"
31,6,332,"PP","SI"
12,12,332,"PP","SI"
15,1,332,"PP","SI"
67,12,332,"PP","SI"
38,6,332,"PP","SI"
76,7,333,"PP","SI"
17,6,333,"PP","SI"
11,33,333,"PP","SI"
82,1,333,"PP","SI"
36,5,333,"PP","SI"
23,8,333,"PP","SI"
20,8,333,"PP","SI"
46,6,333,"PP","SI"
27,3,333,"PP","SI"
59,6,333,"PP","SI"
44,33,333,"PP","SI"
60,6,333,"PP","SI"
47,10,333,"PP","SI"
91,10,333,"PP","SI"
86,4,333,"PP","SI"
45,8,333,"PP","SI"
49,6,333,"PP","SI"
298,1,333,"PP","SI"
77,20,333,"PP","SI"
17,6,333,"PP","SI"
11,33,333,"PP","SI"
13,4,333,"PP","SI"
33,13,333,"PP","SI"
57,12,333,"PP","SI"
30,3,333,"PP","SI"
77,20,333,"PP","SI"
32,11,333,"PP","SI"
64,16,333,"PP","SI"
18,4,333,"PP","SI"
44,33,333,"PP","SI"
14,33,333,"PP","SI"
31,6,333,"PP","SI"
17,6,334,"PP","SI"
14,33,334,"PP","SI"
82,1,334,"PP","SI"
30,3,334,"PP","SI"
5,7,334,"PP","SI"
77,20,334,"PP","SI"
41,2,334,"PP","SI"
51,3,334,"PP","SI"
47,10,334,"PP","SI"
46,6,334,"PP","SI"
49,6,334,"PP","SI"
19,11,334,"PP","SI"
56,7,334,"PP","SI"
28,32,334,"PP","SI"
33,13,334,"PP","SI"
16,7,334,"PP","SI"
28,32,334,"PP","SI"
32,11,334,"PP","SI"
33,13,334,"PP","SI"
67,12,334,"PP","SI"
64,16,334,"PP","SI"
19,11,334,"PP","SI"
91,10,334,"PP","SI"
31,6,334,"PP","SI"
217,1,334,"PP","SI"
298,1,334,"PP","SI"
67,12,334,"PP","SI"
38,6,334,"PP","SI"
7,10,334,"PP","SI"
13,4,334,"PP","SI"
64,16,334,"PP","SI"
11,33,334,"PP","SI"
26,70,335,"PP","SI"
17,6,335,"PP","SI"
30,3,335,"PP","SI"
44,33,335,"PP","SI"
80,7,335,"PP","SI"
61,40,335,"PP","SI"
19,11,335,"PP","SI"
12,12,335,"PP","SI"
31,6,335,"PP","SI"
77,20,335,"PP","SI"
62,8,335,"PP","SI"
28,32,335,"PP","SI"
57,12,335,"PP","SI"
48,6,335,"PP","SI"
11,33,335,"PP","SI"
12,12,335,"PP","SI"
32,11,335,"PP","SI"
77,20,335,"PP","SI"
32,11,335,"PP","SI"
2,16,335,"PP","SI"
536,1,335,"PP","SI"
7,10,335,"PP","SI"
217,1,335,"PP","SI"
33,13,335,"PP","SI"
41,2,335,"PP","SI"
75,6,335,"PP","SI"
36,5,335,"PP","SI"
72,9,335,"PP","SI"
86,4,335,"PP","SI"
67,12,335,"PP","SI"
59,6,335,"PP","SI"
18,4,335,"PP","SI"
28,32,336,"PP","SI"
298,1,336,"PP","SI"
32,11,336,"PP","SI"
19,11,336,"PP","SI"
80,7,336,"PP","SI"
61,40,336,"PP","SI"
76,7,336,"PP","SI"
23,8,336,"PP","SI"
26,70,336,"PP","SI"
30,3,336,"PP","SI"
11,33,336,"PP","SI"
67,12,336,"PP","SI"
208,1,336,"PP","SI"
48,6,336,"PP","SI"
47,10,336,"PP","SI"
17,6,336,"PP","SI"
200,1,336,"PP","SI"
17,6,336,"PP","SI"
30,3,336,"PP","SI"
62,8,336,"PP","SI"
57,12,336,"PP","SI"
442,1,336,"PP","SI"
48,6,336,"PP","SI"
61,40,336,"PP","SI"
12,12,336,"PP","SI"
66,1,336,"PP","SI"
16,7,336,"PP","SI"
44,33,336,"PP","SI"
67,12,336,"PP","SI"
217,1,336,"PP","SI"
14,33,336,"PP","SI"
18,4,336,"PP","SI"
217,1,337,"PP","SI"
77,20,337,"PP","SI"
45,8,337,"PP","SI"
91,10,337,"PP","SI"
86,4,337,"PP","SI"
56,7,337,"PP","SI"
32,11,337,"PP","SI"
208,1,337,"PP","SI"
38,6,337,"PP","SI"
8,6,337,"PP","SI"
57,12,337,"PP","SI"
67,12,337,"PP","SI"
64,16,337,"PP","SI"
18,4,337,"PP","SI"
2,16,337,"PP","SI"
48,6,337,"PP","SI"
7,10,337,"PP","SI"
17,6,337,"PP","SI"
64,16,337,"PP","SI"
12,12,337,"PP","SI"
66,1,337,"PP","SI"
298,1,337,"PP","SI"
27,3,337,"PP","SI"
51,3,337,"PP","SI"
5,7,337,"PP","SI"
80,7,337,"PP","SI"
26,70,337,"PP","SI"
26,70,337,"PP","SI"
78,11,337,"PP","SI"
33,13,337,"PP","SI"
59,6,337,"PP","SI"
17,6,337,"PP","SI"
44,33,338,"PP","SI"
47,10,338,"PP","SI"
14,33,338,"PP","SI"
28,32,338,"PP","SI"
13,4,338,"PP","SI"
17,6,338,"PP","SI"
13,4,338,"PP","SI"
33,13,338,"PP","SI"
64,16,338,"PP","SI"
31,6,338,"PP","SI"
46,6,338,"PP","SI"
38,6,338,"PP","SI"
62,8,338,"PP","SI"
19,11,338,"PP","SI"
62,8,338,"PP","SI"
18,4,338,"PP","SI"
91,10,338,"PP","SI"
77,20,338,"PP","SI"
80,7,338,"PP","SI"
32,11,338,"PP","SI"
16,7,338,"PP","SI"
4,11,338,"PP","SI"
217,1,338,"PP","SI"
64,16,338,"PP","SI"
442,1,338,"PP","SI"
46,6,338,"PP","SI"
48,6,338,"PP","SI"
67,12,338,"PP","SI"
7,10,338,"PP","SI"
298,1,338,"PP","SI"
19,11,338,"PP","SI"
7,10,338,"PP","SI"
13,4,339,"PP","SI"
16,7,339,"PP","SI"
36,5,339,"PP","SI"
32,11,339,"PP","SI"
14,33,339,"PP","SI"
80,7,339,"PP","SI"
11,33,339,"PP","SI"
46,6,339,"PP","SI"
27,3,339,"PP","SI"
28,32,339,"PP","SI"
59,6,339,"PP","SI"
536,1,339,"PP","SI"
48,6,339,"PP","SI"
51,3,339,"PP","SI"
15,1,339,"PP","SI"
19,11,339,"PP","SI"
44,33,339,"PP","SI"
20,8,339,"PP","SI"
217,1,339,"PP","SI"
28,32,339,"PP","SI"
33,13,339,"PP","SI"
49,6,339,"PP","SI"
61,40,339,"PP","SI"
24,5,339,"PP","SI"
60,6,339,"PP","SI"
8,6,339,"PP","SI"
62,8,339,"PP","SI"
31,6,339,"PP","SI"
38,6,339,"PP","SI"
86,4,339,"PP","SI"
81,2,339,"PP","SI"
17,6,339,"PP","SI"
20,8,340,"PP","SI"
7,10,340,"PP","SI"
26,70,340,"PP","SI"
8,6,340,"PP","SI"
78,11,340,"PP","SI"
57,12,340,"PP","SI"
28,32,340,"PP","SI"
80,7,340,"PP","SI"
13,4,340,"PP","SI"
442,1,340,"PP","SI"
59,6,340,"PP","SI"
76,7,340,"PP","SI"
27,3,340,"PP","SI"
13,4,340,"PP","SI"
62,8,340,"PP","SI"
46,6,340,"PP","SI"
5,7,340,"PP","SI"
47,10,340,"PP","SI"
32,11,340,"PP","SI"
36,5,340,"PP","SI"
41,2,340,"PP","SI"
200,1,340,"PP","SI"
59,6,340,"PP","SI"
82,1,340,"PP","SI"
51,3,340,"PP","SI"
11,33,340,"PP","SI"
41,2,340,"PP","SI"
26,70,340,"PP","SI"
24,5,340,"PP","SI"
33,13,340,"PP","SI"
18,4,340,"PP","SI"
14,33,340,"PP","SI"
20,8,341,"PP","SI"
66,1,341,"PP","SI"
11,33,341,"PP","SI"
19,11,341,"PP","SI"
78,11,341,"PP","SI"
91,10,341,"PP","SI"
48,6,341,"PP","SI"
14,33,341,"PP","SI"
30,3,341,"PP","SI"
32,11,341,"PP","SI"
208,1,341,"PP","SI"
12,12,341,"PP","SI"
77,20,341,"PP","SI"
200,1,341,"PP","SI"
60,6,341,"PP","SI"
38,6,341,"PP","SI"
4,11,341,"PP","SI"
30,3,341,"PP","SI"
442,1,341,"PP","SI"
19,11,341,"PP","SI"
76,7,341,"PP","SI"
67,12,341,"PP","SI"
56,7,341,"PP","SI"
8,6,341,"PP","SI"
536,1,341,"PP","SI"
46,6,341,"PP","SI"
32,11,341,"PP","SI"
78,11,341,"PP","SI"
64,16,341,"PP","SI"
11,33,341,"PP","SI"
49,6,341,"PP","SI"
61,40,341,"PP","SI"
14,33,342,"PP","SI"
26,70,342,"PP","SI"
18,4,342,"PP","SI"
200,1,342,"PP","SI"
208,1,342,"PP","SI"
91,10,342,"PP","SI"
57,12,342,"PP","SI"
38,6,342,"PP","SI"
77,20,342,"PP","SI"
81,2,342,"PP","SI"
33,13,342,"PP","SI"
44,33,342,"PP","SI"
78,11,342,"PP","SI"
4,11,342,"PP","SI"
86,4,342,"PP","SI"
7,10,342,"PP","SI"
26,70,342,"PP","SI"
28,32,342,"PP","SI"
66,1,342,"PP","SI"
91,10,342,"PP","SI"
536,1,342,"PP","SI"
28,32,342,"PP","SI"
46,6,342,"PP","SI"
47,10,342,"PP","SI"
59,6,342,"PP","SI"
19,11,342,"PP","SI"
49,6,342,"PP","SI"
45,8,342,"PP","SI"
7,10,342,"PP","SI"
36,5,342,"PP","SI"
80,7,342,"PP","SI"
80,7,342,"PP","SI"
61,40,343,"PP","SI"
24,5,343,"PP","SI"
33,13,343,"PP","SI"
11,33,343,"PP","SI"
19,11,343,"PP","SI"
15,1,343,"PP","SI"
36,5,343,"PP","SI"
32,11,343,"PP","SI"
78,11,343,"PP","SI"
26,70,343,"PP","SI"
48,6,343,"PP","SI"
12,12,343,"PP","SI"
80,7,343,"PP","SI"
62,8,343,"PP","SI"
59,6,343,"PP","SI"
78,11,343,"PP","SI"
77,20,343,"PP","SI"
30,3,343,"PP","SI"
45,8,343,"PP","SI"
19,11,343,"PP","SI"
16,7,343,"PP","SI"
32,11,343,"PP","SI"
46,6,343,"PP","SI"
59,6,343,"PP","SI"
442,1,343,"PP","SI"
2,16,343,"PP","SI"
31,6,343,"PP","SI"
26,70,343,"PP","SI"
67,12,343,"PP","SI"
62,8,343,"PP","SI"
33,13,343,"PP","SI"
7,10,343,"PP","SI"
72,9,344,"PP","SI"
12,12,344,"PP","SI"
78,11,344,"PP","SI"
41,2,344,"PP","SI"
57,12,344,"PP","SI"
298,1,344,"PP","SI"
81,2,344,"PP","SI"
64,16,344,"PP","SI"
11,33,344,"PP","SI"
30,3,344,"PP","SI"
82,1,344,"PP","SI"
28,32,344,"PP","SI"
19,11,344,"PP","SI"
48,6,344,"PP","SI"
14,33,344,"PP","SI"
23,8,344,"PP","SI"
61,40,344,"PP","SI"
41,2,344,"PP","SI"
442,1,344,"PP","SI"
13,4,344,"PP","SI"
33,13,344,"PP","SI"
38,6,344,"PP","SI"
49,6,344,"PP","SI"
47,10,344,"PP","SI"
46,6,344,"PP","SI"
45,8,344,"PP","SI"
61,40,344,"PP","SI"
66,1,344,"PP","SI"
46,6,344,"PP","SI"
536,1,344,"PP","SI"
32,11,344,"PP","SI"
15,1,344,"PP","SI"
51,3,345,"PP","SI"
62,8,345,"PP","SI"
66,1,345,"PP","SI"
12,12,345,"PP","SI"
31,6,345,"PP","SI"
76,7,345,"PP","SI"
33,13,345,"PP","SI"
36,5,345,"PP","SI"
91,10,345,"PP","SI"
41,2,345,"PP","SI"
26,70,345,"PP","SI"
13,4,345,"PP","SI"
38,6,345,"PP","SI"
57,12,345,"PP","SI"
56,7,345,"PP","SI"
17,6,345,"PP","SI"
4,11,345,"PP","SI"
536,1,345,"PP","SI"
57,12,345,"PP","SI"
78,11,345,"PP","SI"
59,6,345,"PP","SI"
24,5,345,"PP","SI"
15,1,345,"PP","SI"
77,20,345,"PP","SI"
208,1,345,"PP","SI"
47,10,345,"PP","SI"
298,1,345,"PP","SI"
72,9,345,"PP","SI"
12,12,345,"PP","SI"
27,3,345,"PP","SI"
60,6,345,"PP","SI"
62,8,345,"PP","SI"
61,40,346,"PP","SI"
7,10,346,"PP","SI"
49,6,346,"PP","SI"
36,5,346,"PP","SI"
27,3,346,"PP","SI"
60,6,346,"PP","SI"
30,3,346,"PP","SI"
86,4,346,"PP","SI"
33,13,346,"PP","SI"
13,4,346,"PP","SI"
44,33,346,"PP","SI"
30,3,346,"PP","SI"
200,1,346,"PP","SI"
45,8,346,"PP","SI"
298,1,346,"PP","SI"
23,8,346,"PP","SI"
17,6,346,"PP","SI"
77,20,346,"PP","SI"
39,1,346,"PP","SI"
91,10,346,"PP","SI"
78,11,346,"PP","SI"
51,3,346,"PP","SI"
26,70,346,"PP","SI"
24,5,346,"PP","SI"
13,4,346,"PP","SI"
62,8,346,"PP","SI"
31,6,346,"PP","SI"
62,8,346,"PP","SI"
208,1,346,"PP","SI"
80,7,346,"PP","SI"
61,40,346,"PP","SI"
19,11,346,"PP","SI"
14,33,347,"PP","SI"
18,4,347,"PP","SI"
57,12,347,"PP","SI"
13,4,347,"PP","SI"
78,11,347,"PP","SI"
26,70,347,"PP","SI"
59,6,347,"PP","SI"
32,11,347,"PP","SI"
47,10,347,"PP","SI"
30,3,347,"PP","SI"
30,3,347,"PP","SI"
82,1,347,"PP","SI"
41,2,347,"PP","SI"
51,3,347,"PP","SI"
16,7,347,"PP","SI"
76,7,347,"PP","SI"
200,1,347,"PP","SI"
39,1,347,"PP","SI"
38,6,347,"PP","SI"
5,7,347,"PP","SI"
32,11,347,"PP","SI"
23,8,347,"PP","SI"
536,1,347,"PP","SI"
19,11,347,"PP","SI"
61,40,347,"PP","SI"
38,6,347,"PP","SI"
72,9,347,"PP","SI"
46,6,347,"PP","SI"
45,8,347,"PP","SI"
77,20,347,"PP","SI"
66,1,347,"PP","SI"
17,6,347,"PP","SI"
91,10,348,"PP","SI"
57,12,348,"PP","SI"
200,1,348,"PP","SI"
17,6,348,"PP","SI"
66,1,348,"PP","SI"
31,6,348,"PP","SI"
67,12,348,"PP","SI"
8,6,348,"PP","SI"
48,6,348,"PP","SI"
81,2,348,"PP","SI"
24,5,348,"PP","SI"
82,1,348,"PP","SI"
33,13,348,"PP","SI"
62,8,348,"PP","SI"
80,7,348,"PP","SI"
36,5,348,"PP","SI"
59,6,348,"PP","SI"
59,6,348,"PP","SI"
208,1,348,"PP","SI"
13,4,348,"PP","SI"
48,6,348,"PP","SI"
26,70,348,"PP","SI"
86,4,348,"PP","SI"
44,33,348,"PP","SI"
44,33,348,"PP","SI"
57,12,348,"PP","SI"
27,3,348,"PP","SI"
4,11,348,"PP","SI"
45,8,348,"PP","SI"
47,10,348,"PP","SI"
7,10,348,"PP","SI"
56,7,348,"PP","SI"
16,7,349,"PP","SI"
72,9,349,"PP","SI"
2,16,349,"PP","SI"
24,5,349,"PP","SI"
48,6,349,"PP","SI"
80,7,349,"PP","SI"
38,6,349,"PP","SI"
19,11,349,"PP","SI"
217,1,349,"PP","SI"
27,3,349,"PP","SI"
67,12,349,"PP","SI"
15,1,349,"PP","SI"
91,10,349,"PP","SI"
28,32,349,"PP","SI"
14,33,349,"PP","SI"
18,4,349,"PP","SI"
91,10,349,"PP","SI"
298,1,349,"PP","SI"
28,32,349,"PP","SI"
57,12,349,"PP","SI"
80,7,349,"PP","SI"
46,6,349,"PP","SI"
31,6,349,"PP","SI"
26,70,349,"PP","SI"
77,20,349,"PP","SI"
14,33,349,"PP","SI"
33,13,349,"PP","SI"
61,40,349,"PP","SI"
78,11,349,"PP","SI"
76,7,349,"PP","SI"
86,4,349,"PP","SI"
77,20,349,"PP","SI"
60,6,350,"PP","SI"
38,6,350,"PP","SI"
57,12,350,"PP","SI"
61,40,350,"PP","SI"
14,33,350,"PP","SI"
16,7,350,"PP","SI"
41,2,350,"PP","SI"
11,33,350,"PP","SI"
33,13,350,"PP","SI"
17,6,350,"PP","SI"
67,12,350,"PP","SI"
28,32,350,"PP","SI"
80,7,350,"PP","SI"
7,10,350,"PP","SI"
66,1,350,"PP","SI"
77,20,350,"PP","SI"
45,8,350,"PP","SI"
26,70,350,"PP","SI"
82,1,350,"PP","SI"
77,20,350,"PP","SI"
78,11,350,"PP","SI"
5,7,350,"PP","SI"
41,2,350,"PP","SI"
13,4,350,"PP","SI"
17,6,350,"PP","SI"
7,10,350,"PP","SI"
8,6,350,"PP","SI"
23,8,350,"PP","SI"
62,8,350,"PP","SI"
44,33,350,"PP","SI"
14,33,350,"PP","SI"
217,1,350,"PP","SI"
75,6,351,"PP","SI"
59,6,351,"PP","SI"
44,33,351,"PP","SI"
23,8,351,"PP","SI"
41,2,351,"PP","SI"
46,6,351,"PP","SI"
208,1,351,"PP","SI"
47,10,351,"PP","SI"
298,1,351,"PP","SI"
38,6,351,"PP","SI"
56,7,351,"PP","SI"
36,5,351,"PP","SI"
61,40,351,"PP","SI"
26,70,351,"PP","SI"
62,8,351,"PP","SI"
14,33,351,"PP","SI"
442,1,351,"PP","SI"
62,8,351,"PP","SI"
32,11,351,"PP","SI"
30,3,351,"PP","SI"
76,7,351,"PP","SI"
39,1,351,"PP","SI"
7,10,351,"PP","SI"
32,11,351,"PP","SI"
44,33,351,"PP","SI"
66,1,351,"PP","SI"
78,11,351,"PP","SI"
38,6,351,"PP","SI"
11,33,351,"PP","SI"
12,12,351,"PP","SI"
57,12,351,"PP","SI"
57,12,351,"PP","SI"
67,12,352,"PP","SI"
61,40,352,"PP","SI"
2,16,352,"PP","SI"
28,32,352,"PP","SI"
56,7,352,"PP","SI"
33,13,352,"PP","SI"
4,11,352,"PP","SI"
20,8,352,"PP","SI"
76,7,352,"PP","SI"
86,4,352,"PP","SI"
442,1,352,"PP","SI"
217,1,352,"PP","SI"
26,70,352,"PP","SI"
57,12,352,"PP","SI"
46,6,352,"PP","SI"
14,33,352,"PP","SI"
80,7,352,"PP","SI"
536,1,352,"PP","SI"
91,10,352,"PP","SI"
15,1,352,"PP","SI"
59,6,352,"PP","SI"
51,3,352,"PP","SI"
77,20,352,"PP","SI"
13,4,352,"PP","SI"
78,11,352,"PP","SI"
47,10,352,"PP","SI"
30,3,352,"PP","SI"
62,8,352,"PP","SI"
14,33,352,"PP","SI"
19,11,352,"PP","SI"
62,8,352,"PP","SI"
7,10,352,"PP","SI"
49,6,353,"PP","SI"
72,9,353,"PP","SI"
61,40,353,"PP","SI"
45,8,353,"PP","SI"
80,7,353,"PP","SI"
47,10,353,"PP","SI"
67,12,353,"PP","SI"
48,6,353,"PP","SI"
59,6,353,"PP","SI"
33,13,353,"PP","SI"
32,11,353,"PP","SI"
48,6,353,"PP","SI"
7,10,353,"PP","SI"
5,7,353,"PP","SI"
15,1,353,"PP","SI"
64,16,353,"PP","SI"
2,16,353,"PP","SI"
59,6,353,"PP","SI"
66,1,353,"PP","SI"
18,4,353,"PP","SI"
78,11,353,"PP","SI"
19,11,353,"PP","SI"
78,11,353,"PP","SI"
57,12,353,"PP","SI"
14,33,353,"PP","SI"
56,7,353,"PP","SI"
26,70,353,"PP","SI"
62,8,353,"PP","SI"
61,40,353,"PP","SI"
44,33,353,"PP","SI"
13,4,353,"PP","SI"
14,33,353,"PP","SI"
36,5,354,"PP","SI"
33,13,354,"PP","SI"
75,6,354,"PP","SI"
45,8,354,"PP","SI"
30,3,354,"PP","SI"
28,32,354,"PP","SI"
17,6,354,"PP","SI"
80,7,354,"PP","SI"
78,11,354,"PP","SI"
91,10,354,"PP","SI"
59,6,354,"PP","SI"
19,11,354,"PP","SI"
8,6,354,"PP","SI"
11,33,354,"PP","SI"
51,3,354,"PP","SI"
64,16,354,"PP","SI"
81,2,354,"PP","SI"
41,2,354,"PP","SI"
13,4,354,"PP","SI"
91,10,354,"PP","SI"
48,6,354,"PP","SI"
61,40,354,"PP","SI"
26,70,354,"PP","SI"
298,1,354,"PP","SI"
78,11,354,"PP","SI"
67,12,354,"PP","SI"
62,8,354,"PP","SI"
48,6,354,"PP","SI"
17,6,354,"PP","SI"
62,8,354,"PP","SI"
19,11,354,"PP","SI"
442,1,354,"PP","SI"
82,1,355,"PP","SI"
59,6,355,"PP","SI"
32,11,355,"PP","SI"
16,7,355,"PP","SI"
67,12,355,"PP","SI"
33,13,355,"PP","SI"
12,12,355,"PP","SI"
15,1,355,"PP","SI"
61,40,355,"PP","SI"
13,4,355,"PP","SI"
33,13,355,"PP","SI"
62,8,355,"PP","SI"
2,16,355,"PP","SI"
75,6,355,"PP","SI"
8,6,355,"PP","SI"
31,6,355,"PP","SI"
77,20,355,"PP","SI"
23,8,355,"PP","SI"
217,1,355,"PP","SI"
49,6,355,"PP","SI"
536,1,355,"PP","SI"
72,9,355,"PP","SI"
44,33,355,"PP","SI"
30,3,355,"PP","SI"
7,10,355,"PP","SI"
36,5,355,"PP","SI"
76,7,355,"PP","SI"
7,10,355,"PP","SI"
91,10,355,"PP","SI"
64,16,355,"PP","SI"
86,4,355,"PP","SI"
200,1,355,"PP","SI"
80,7,356,"PP","SI"
77,20,356,"PP","SI"
27,3,356,"PP","SI"
45,8,356,"PP","SI"
81,2,356,"PP","SI"
28,32,356,"PP","SI"
67,12,356,"PP","SI"
64,16,356,"PP","SI"
76,7,356,"PP","SI"
61,40,356,"PP","SI"
66,1,356,"PP","SI"
298,1,356,"PP","SI"
38,6,356,"PP","SI"
57,12,356,"PP","SI"
78,11,356,"PP","SI"
67,12,356,"PP","SI"
59,6,356,"PP","SI"
30,3,356,"PP","SI"
20,8,356,"PP","SI"
11,33,356,"PP","SI"
23,8,356,"PP","SI"
91,10,356,"PP","SI"
16,7,356,"PP","SI"
44,33,356,"PP","SI"
62,8,356,"PP","SI"
7,10,356,"PP","SI"
2,16,356,"PP","SI"
41,2,356,"PP","SI"
33,13,356,"PP","SI"
13,4,356,"PP","SI"
44,33,356,"PP","SI"
200,1,356,"PP","SI"
7,10,357,"PP","SI"
48,6,357,"PP","SI"
11,33,357,"PP","SI"
77,20,357,"PP","SI"
47,10,357,"PP","SI"
86,4,357,"PP","SI"
57,12,357,"PP","SI"
33,13,357,"PP","SI"
91,10,357,"PP","SI"
64,16,357,"PP","SI"
36,5,357,"PP","SI"
38,6,357,"PP","SI"
11,33,357,"PP","SI"
91,10,357,"PP","SI"
536,1,357,"PP","SI"
33,13,357,"PP","SI"
26,70,357,"PP","SI"
13,4,357,"PP","SI"
12,12,357,"PP","SI"
208,1,357,"PP","SI"
442,1,357,"PP","SI"
81,2,357,"PP","SI"
14,33,357,"PP","SI"
4,11,357,"PP","SI"
20,8,357,"PP","SI"
77,20,357,"PP","SI"
72,9,357,"PP","SI"
57,12,357,"PP","SI"
41,2,357,"PP","SI"
298,1,357,"PP","SI"
27,3,357,"PP","SI"
7,10,357,"PP","SI"
19,11,358,"PP","SI"
57,12,358,"PP","SI"
56,7,358,"PP","SI"
12,12,358,"PP","SI"
38,6,358,"PP","SI"
81,2,358,"PP","SI"
45,8,358,"PP","SI"
67,12,358,"PP","SI"
41,2,358,"PP","SI"
30,3,358,"PP","SI"
26,70,358,"PP","SI"
61,40,358,"PP","SI"
48,6,358,"PP","SI"
80,7,358,"PP","SI"
30,3,358,"PP","SI"
64,16,358,"PP","SI"
7,10,358,"PP","SI"
38,6,358,"PP","SI"
72,9,358,"PP","SI"
51,3,358,"PP","SI"
61,40,358,"PP","SI"
46,6,358,"PP","SI"
15,1,358,"PP","SI"
31,6,358,"PP","SI"
14,33,358,"PP","SI"
48,6,358,"PP","SI"
78,11,358,"PP","SI"
12,12,358,"PP","SI"
17,6,358,"PP","SI"
27,3,358,"PP","SI"
7,10,358,"PP","SI"
18,4,358,"PP","SI"
64,16,359,"PP","SI"
76,7,359,"PP","SI"
59,6,359,"PP","SI"
19,11,359,"PP","SI"
44,33,359,"PP","SI"
57,12,359,"PP","SI"
38,6,359,"PP","SI"
26,70,359,"PP","SI"
49,6,359,"PP","SI"
208,1,359,"PP","SI"
66,1,359,"PP","SI"
18,4,359,"PP","SI"
15,1,359,"PP","SI"
23,8,359,"PP","SI"
78,11,359,"PP","SI"
86,4,359,"PP","SI"
13,4,359,"PP","SI"
12,12,359,"PP","SI"
91,10,359,"PP","SI"
81,2,359,"PP","SI"
30,3,359,"PP","SI"
80,7,359,"PP","SI"
80,7,359,"PP","SI"
46,6,359,"PP","SI"
7,10,359,"PP","SI"
77,20,359,"PP","SI"
61,40,359,"PP","SI"
67,12,359,"PP","SI"
19,11,359,"PP","SI"
64,16,359,"PP","SI"
32,11,359,"PP","SI"
45,8,359,"PP","SI"
80,7,360,"PP","SI"
77,20,360,"PP","SI"
41,2,360,"PP","SI"
12,12,360,"PP","SI"
4,11,360,"PP","SI"
15,1,360,"PP","SI"
32,11,360,"PP","SI"
45,8,360,"PP","SI"
66,1,360,"PP","SI"
51,3,360,"PP","SI"
23,8,360,"PP","SI"
48,6,360,"PP","SI"
61,40,360,"PP","SI"
11,33,360,"PP","SI"
57,12,360,"PP","SI"
64,16,360,"PP","SI"
44,33,360,"PP","SI"
11,33,360,"PP","SI"
536,1,360,"PP","SI"
33,13,360,"PP","SI"
31,6,360,"PP","SI"
19,11,360,"PP","SI"
19,11,360,"PP","SI"
2,16,360,"PP","SI"
298,1,360,"PP","SI"
16,7,360,"PP","SI"
7,10,360,"PP","SI"
14,33,360,"PP","SI"
26,70,360,"PP","SI"
78,11,360,"PP","SI"
75,6,360,"PP","SI"
14,33,360,"PP","SI"
4,11,361,"PP","SI"
15,1,361,"PP","SI"
91,10,361,"PP","SI"
44,33,361,"PP","SI"
45,8,361,"PP","SI"
56,7,361,"PP","SI"
38,6,361,"PP","SI"
77,20,361,"PP","SI"
82,1,361,"PP","SI"
26,70,361,"PP","SI"
19,11,361,"PP","SI"
298,1,361,"PP","SI"
536,1,361,"PP","SI"
91,10,361,"PP","SI"
41,2,361,"PP","SI"
86,4,361,"PP","SI"
51,3,361,"PP","SI"
442,1,361,"PP","SI"
12,12,361,"PP","SI"
14,33,361,"PP","SI"
57,12,361,"PP","SI"
32,11,361,"PP","SI"
62,8,361,"PP","SI"
80,7,361,"PP","SI"
30,3,361,"PP","SI"
31,6,361,"PP","SI"
32,11,361,"PP","SI"
36,5,361,"PP","SI"
8,6,361,"PP","SI"
28,32,361,"PP","SI"
19,11,361,"PP","SI"
61,40,361,"PP","SI"
18,4,362,"PP","SI"
7,10,362,"PP","SI"
11,33,362,"PP","SI"
30,3,362,"PP","SI"
27,3,362,"PP","SI"
4,11,362,"PP","SI"
11,33,362,"PP","SI"
15,1,362,"PP","SI"
8,6,362,"PP","SI"
76,7,362,"PP","SI"
45,8,362,"PP","SI"
32,11,362,"PP","SI"
47,10,362,"PP","SI"
82,1,362,"PP","SI"
30,3,362,"PP","SI"
91,10,362,"PP","SI"
16,7,362,"PP","SI"
26,70,362,"PP","SI"
62,8,362,"PP","SI"
14,33,362,"PP","SI"
33,13,362,"PP","SI"
12,12,362,"PP","SI"
32,11,362,"PP","SI"
61,40,362,"PP","SI"
28,32,362,"PP","SI"
26,70,362,"PP","SI"
36,5,362,"PP","SI"
59,6,362,"PP","SI"
38,6,362,"PP","SI"
5,7,362,"PP","SI"
217,1,362,"PP","SI"
59,6,362,"PP","SI"
30,3,363,"PP","SI"
33,13,363,"PP","SI"
91,10,363,"PP","SI"
48,6,363,"PP","SI"
62,8,363,"PP","SI"
217,1,363,"PP","SI"
47,10,363,"PP","SI"
51,3,363,"PP","SI"
45,8,363,"PP","SI"
18,4,363,"PP","SI"
64,16,363,"PP","SI"
49,6,363,"PP","SI"
13,4,363,"PP","SI"
2,16,363,"PP","SI"
76,7,363,"PP","SI"
16,7,363,"PP","SI"
78,11,363,"PP","SI"
19,11,363,"PP","SI"
12,12,363,"PP","SI"
15,1,363,"PP","SI"
59,6,363,"PP","SI"
30,3,363,"PP","SI"
77,20,363,"PP","SI"
33,13,363,"PP","SI"
5,7,363,"PP","SI"
41,2,363,"PP","SI"
60,6,363,"PP","SI"
72,9,363,"PP","SI"
28,32,363,"PP","SI"
14,33,363,"PP","SI"
46,6,363,"PP","SI"
46,6,363,"PP","SI"
19,11,364,"PP","SI"
81,2,364,"PP","SI"
76,7,364,"PP","SI"
5,7,364,"PP","SI"
14,33,364,"PP","SI"
59,6,364,"PP","SI"
44,33,364,"PP","SI"
66,1,364,"PP","SI"
11,33,364,"PP","SI"
60,6,364,"PP","SI"
41,2,364,"PP","SI"
78,11,364,"PP","SI"
18,4,364,"PP","SI"
48,6,364,"PP","SI"
61,40,364,"PP","SI"
57,12,364,"PP","SI"
13,4,364,"PP","SI"
82,1,364,"PP","SI"
14,33,364,"PP","SI"
67,12,364,"PP","SI"
12,12,364,"PP","SI"
56,7,364,"PP","SI"
36,5,364,"PP","SI"
45,8,364,"PP","SI"
38,6,364,"PP","SI"
17,6,364,"PP","SI"
44,33,364,"PP","SI"
8,6,364,"PP","SI"
30,3,364,"PP","SI"
11,33,364,"PP","SI"
46,6,364,"PP","SI"
20,8,364,"PP","SI"
91,10,365,"PP","SI"
17,6,365,"PP","SI"
27,3,365,"PP","SI"
62,8,365,"PP","SI"
7,10,365,"PP","SI"
82,1,365,"PP","SI"
46,6,365,"PP","SI"
46,6,365,"PP","SI"
75,6,365,"PP","SI"
62,8,365,"PP","SI"
208,1,365,"PP","SI"
17,6,365,"PP","SI"
66,1,365,"PP","SI"
14,33,365,"PP","SI"
2,16,365,"PP","SI"
11,33,365,"PP","SI"
26,70,365,"PP","SI"
47,10,365,"PP","SI"
33,13,365,"PP","SI"
15,1,365,"PP","SI"
59,6,365,"PP","SI"
61,40,365,"PP","SI"
32,11,365,"PP","SI"
30,3,365,"PP","SI"
41,2,365,"PP","SI"
78,11,365,"PP","SI"
11,33,365,"PP","SI"
442,1,365,"PP","SI"
12,12,365,"PP","SI"
14,33,365,"PP","SI"
80,7,365,"PP","SI"
48,6,365,"PP","SI"
23,8,366,"PP","SI"
62,8,366,"PP","SI"
38,6,366,"PP","SI"
5,7,366,"PP","SI"
72,9,366,"PP","SI"
56,7,366,"PP","SI"
41,2,366,"PP","SI"
46,6,366,"PP","SI"
32,11,366,"PP","SI"
46,6,366,"PP","SI"
28,32,366,"PP","SI"
62,8,366,"PP","SI"
19,11,366,"PP","SI"
39,1,366,"PP","SI"
49,6,366,"PP","SI"
76,7,366,"PP","SI"
32,11,366,"PP","SI"
64,16,366,"PP","SI"
27,3,366,"PP","SI"
61,40,366,"PP","SI"
15,1,366,"PP","SI"
91,10,366,"PP","SI"
200,1,366,"PP","SI"
24,5,366,"PP","SI"
8,6,366,"PP","SI"
51,3,366,"PP","SI"
67,12,366,"PP","SI"
86,4,366,"PP","SI"
81,2,366,"PP","SI"
80,7,366,"PP","SI"
208,1,366,"PP","SI"
61,40,366,"PP","SI"
19,11,367,"PP","SI"
41,2,367,"PP","SI"
26,70,367,"PP","SI"
12,12,367,"PP","SI"
44,33,367,"PP","SI"
536,1,367,"PP","SI"
77,20,367,"PP","SI"
23,8,367,"PP","SI"
46,6,367,"PP","SI"
46,6,367,"PP","SI"
24,5,367,"PP","SI"
67,12,367,"PP","SI"
47,10,367,"PP","SI"
72,9,367,"PP","SI"
56,7,367,"PP","SI"
12,12,367,"PP","SI"
39,1,367,"PP","SI"
208,1,367,"PP","SI"
75,6,367,"PP","SI"
57,12,367,"PP","SI"
32,11,367,"PP","SI"
442,1,367,"PP","SI"
91,10,367,"PP","SI"
64,16,367,"PP","SI"
30,3,367,"PP","SI"
48,6,367,"PP","SI"
59,6,367,"PP","SI"
11,33,367,"PP","SI"
13,4,367,"PP","SI"
7,10,367,"PP","SI"
82,1,367,"PP","SI"
27,3,367,"PP","SI"
14,33,368,"PP","SI"
19,11,368,"PP","SI"
200,1,368,"PP","SI"
91,10,368,"PP","SI"
78,11,368,"PP","SI"
72,9,368,"PP","SI"
38,6,368,"PP","SI"
45,8,368,"PP","SI"
298,1,368,"PP","SI"
48,6,368,"PP","SI"
62,8,368,"PP","SI"
7,10,368,"PP","SI"
62,8,368,"PP","SI"
26,70,368,"PP","SI"
66,1,368,"PP","SI"
208,1,368,"PP","SI"
28,32,368,"PP","SI"
47,10,368,"PP","SI"
36,5,368,"PP","SI"
61,40,368,"PP","SI"
49,6,368,"PP","SI"
46,6,368,"PP","SI"
20,8,368,"PP","SI"
19,11,368,"PP","SI"
57,12,368,"PP","SI"
30,3,368,"PP","SI"
536,1,368,"PP","SI"
18,4,368,"PP","SI"
77,20,368,"PP","SI"
57,12,368,"PP","SI"
17,6,368,"PP","SI"
60,6,368,"PP","SI"
47,10,369,"PP","SI"
26,70,369,"PP","SI"
17,6,369,"PP","SI"
20,8,369,"PP","SI"
44,33,369,"PP","SI"
64,16,369,"PP","SI"
64,16,369,"PP","SI"
11,33,369,"PP","SI"
33,13,369,"PP","SI"
81,2,369,"PP","SI"
78,11,369,"PP","SI"
49,6,369,"PP","SI"
26,70,369,"PP","SI"
32,11,369,"PP","SI"
57,12,369,"PP","SI"
36,5,369,"PP","SI"
536,1,369,"PP","SI"
18,4,369,"PP","SI"
66,1,369,"PP","SI"
7,10,369,"PP","SI"
57,12,369,"PP","SI"
217,1,369,"PP","SI"
60,6,369,"PP","SI"
32,11,369,"PP","SI"
442,1,369,"PP","SI"
15,1,369,"PP","SI"
76,7,369,"PP","SI"
14,33,369,"PP","SI"
28,32,369,"PP","SI"
4,11,369,"PP","SI"
61,40,369,"PP","SI"
86,4,369,"PP","SI"
78,11,370,"PP","SI"
77,20,370,"PP","SI"
18,4,370,"PP","SI"
19,11,370,"PP","SI"
48,6,370,"PP","SI"
78,11,370,"PP","SI"
14,33,370,"PP","SI"
27,3,370,"PP","SI"
64,16,370,"PP","SI"
91,10,370,"PP","SI"
81,2,370,"PP","SI"
76,7,370,"PP","SI"
7,10,370,"PP","SI"
80,7,370,"PP","SI"
49,6,370,"PP","SI"
72,9,370,"PP","SI"
77,20,370,"PP","SI"
66,1,370,"PP","SI"
61,40,370,"PP","SI"
61,40,370,"PP","SI"
208,1,370,"PP","SI"
4,11,370,"PP","SI"
59,6,370,"PP","SI"
41,2,370,"PP","SI"
7,10,370,"PP","SI"
24,5,370,"PP","SI"
442,1,370,"PP","SI"
51,3,370,"PP","SI"
59,6,370,"PP","SI"
30,3,370,"PP","SI"
75,6,370,"PP","SI"
5,7,370,"PP","SI"
16,7,371,"PP","SI"
91,10,371,"PP","SI"
200,1,371,"PP","SI"
33,13,371,"PP","SI"
78,11,371,"PP","SI"
7,10,371,"PP","SI"
51,3,371,"PP","SI"
80,7,371,"PP","SI"
2,16,371,"PP","SI"
76,7,371,"PP","SI"
64,16,371,"PP","SI"
38,6,371,"PP","SI"
48,6,371,"PP","SI"
12,12,371,"PP","SI"
11,33,371,"PP","SI"
32,11,371,"PP","SI"
64,16,371,"PP","SI"
66,1,371,"PP","SI"
32,11,371,"PP","SI"
72,9,371,"PP","SI"
48,6,371,"PP","SI"
75,6,371,"PP","SI"
59,6,371,"PP","SI"
67,12,371,"PP","SI"
28,32,371,"PP","SI"
28,32,371,"PP","SI"
46,6,371,"PP","SI"
19,11,371,"PP","SI"
18,4,371,"PP","SI"
60,6,371,"PP","SI"
44,33,371,"PP","SI"
30,3,371,"PP","SI"
45,8,372,"PP","SI"
77,20,372,"PP","SI"
61,40,372,"PP","SI"
14,33,372,"PP","SI"
36,5,372,"PP","SI"
78,11,372,"PP","SI"
32,11,372,"PP","SI"
12,12,372,"PP","SI"
48,6,372,"PP","SI"
59,6,372,"PP","SI"
47,10,372,"PP","SI"
14,33,372,"PP","SI"
41,2,372,"PP","SI"
38,6,372,"PP","SI"
82,1,372,"PP","SI"
20,8,372,"PP","SI"
80,7,372,"PP","SI"
208,1,372,"PP","SI"
64,16,372,"PP","SI"
57,12,372,"PP","SI"
19,11,372,"PP","SI"
13,4,372,"PP","SI"
32,11,372,"PP","SI"
80,7,372,"PP","SI"
7,10,372,"PP","SI"
11,33,372,"PP","SI"
67,12,372,"PP","SI"
91,10,372,"PP","SI"
61,40,372,"PP","SI"
44,33,372,"PP","SI"
4,11,372,"PP","SI"
72,9,372,"PP","SI"
64,16,373,"PP","SI"
59,6,373,"PP","SI"
77,20,373,"PP","SI"
32,11,373,"PP","SI"
36,5,373,"PP","SI"
38,6,373,"PP","SI"
7,10,373,"PP","SI"
12,12,373,"PP","SI"
80,7,373,"PP","SI"
28,32,373,"PP","SI"
39,1,373,"PP","SI"
200,1,373,"PP","SI"
23,8,373,"PP","SI"
59,6,373,"PP","SI"
57,12,373,"PP","SI"
78,11,373,"PP","SI"
27,3,373,"PP","SI"
30,3,373,"PP","SI"
44,33,373,"PP","SI"
41,2,373,"PP","SI"
67,12,373,"PP","SI"
208,1,373,"PP","SI"
33,13,373,"PP","SI"
13,4,373,"PP","SI"
81,2,373,"PP","SI"
24,5,373,"PP","SI"
11,33,373,"PP","SI"
86,4,373,"PP","SI"
64,16,373,"PP","SI"
31,6,373,"PP","SI"
48,6,373,"PP","SI"
217,1,373,"PP","SI"
13,4,374,"PP","SI"
48,6,374,"PP","SI"
33,13,374,"PP","SI"
59,6,374,"PP","SI"
8,6,374,"PP","SI"
64,16,374,"PP","SI"
19,11,374,"PP","SI"
208,1,374,"PP","SI"
4,11,374,"PP","SI"
18,4,374,"PP","SI"
15,1,374,"PP","SI"
2,16,374,"PP","SI"
56,7,374,"PP","SI"
28,32,374,"PP","SI"
78,11,374,"PP","SI"
5,7,374,"PP","SI"
67,12,374,"PP","SI"
16,7,374,"PP","SI"
14,33,374,"PP","SI"
14,33,374,"PP","SI"
86,4,374,"PP","SI"
44,33,374,"PP","SI"
23,8,374,"PP","SI"
17,6,374,"PP","SI"
49,6,374,"PP","SI"
17,6,374,"PP","SI"
47,10,374,"PP","SI"
536,1,374,"PP","SI"
12,12,374,"PP","SI"
44,33,374,"PP","SI"
11,33,374,"PP","SI"
77,20,374,"PP","SI"
16,7,375,"PP","SI"
26,70,375,"PP","SI"
14,33,375,"PP","SI"
64,16,375,"PP","SI"
81,2,375,"PP","SI"
45,8,375,"PP","SI"
15,1,375,"PP","SI"
30,3,375,"PP","SI"
32,11,375,"PP","SI"
61,40,375,"PP","SI"
77,20,375,"PP","SI"
78,11,375,"PP","SI"
19,11,375,"PP","SI"
20,8,375,"PP","SI"
27,3,375,"PP","SI"
17,6,375,"PP","SI"
4,11,375,"PP","SI"
38,6,375,"PP","SI"
44,33,375,"PP","SI"
217,1,375,"PP","SI"
18,4,375,"PP","SI"
536,1,375,"PP","SI"
80,7,375,"PP","SI"
62,8,375,"PP","SI"
14,33,375,"PP","SI"
91,10,375,"PP","SI"
77,20,375,"PP","SI"
56,7,375,"PP","SI"
49,6,375,"PP","SI"
12,12,375,"PP","SI"
26,70,375,"PP","SI"
46,6,375,"PP","SI"
57,12,376,"PP","SI"
82,1,376,"PP","SI"
12,12,376,"PP","SI"
32,11,376,"PP","SI"
39,1,376,"PP","SI"
66,1,376,"PP","SI"
61,40,376,"PP","SI"
77,20,376,"PP","SI"
80,7,376,"PP","SI"
19,11,376,"PP","SI"
7,10,376,"PP","SI"
30,3,376,"PP","SI"
45,8,376,"PP","SI"
24,5,376,"PP","SI"
27,3,376,"PP","SI"
28,32,376,"PP","SI"
8,6,376,"PP","SI"
33,13,376,"PP","SI"
30,3,376,"PP","SI"
2,16,376,"PP","SI"
78,11,376,"PP","SI"
44,33,376,"PP","SI"
298,1,376,"PP","SI"
4,11,376,"PP","SI"
60,6,376,"PP","SI"
72,9,376,"PP","SI"
47,10,376,"PP","SI"
14,33,376,"PP","SI"
32,11,376,"PP","SI"
26,70,376,"PP","SI"
41,2,376,"PP","SI"
56,7,376,"PP","SI"
47,10,377,"PP","SI"
60,6,377,"PP","SI"
32,11,377,"PP","SI"
16,7,377,"PP","SI"
15,1,377,"PP","SI"
64,16,377,"PP","SI"
41,2,377,"PP","SI"
11,33,377,"PP","SI"
39,1,377,"PP","SI"
78,11,377,"PP","SI"
46,6,377,"PP","SI"
28,32,377,"PP","SI"
82,1,377,"PP","SI"
24,5,377,"PP","SI"
217,1,377,"PP","SI"
28,32,377,"PP","SI"
7,10,377,"PP","SI"
8,6,377,"PP","SI"
91,10,377,"PP","SI"
49,6,377,"PP","SI"
12,12,377,"PP","SI"
45,8,377,"PP","SI"
64,16,377,"PP","SI"
57,12,377,"PP","SI"
62,8,377,"PP","SI"
2,16,377,"PP","SI"
30,3,377,"PP","SI"
7,10,377,"PP","SI"
61,40,377,"PP","SI"
48,6,377,"PP","SI"
13,4,377,"PP","SI"
80,7,377,"PP","SI"
59,6,378,"PP","SI"
14,33,378,"PP","SI"
13,4,378,"PP","SI"
32,11,378,"PP","SI"
24,5,378,"PP","SI"
44,33,378,"PP","SI"
5,7,378,"PP","SI"
48,6,378,"PP","SI"
13,4,378,"PP","SI"
81,2,378,"PP","SI"
46,6,378,"PP","SI"
28,32,378,"PP","SI"
49,6,378,"PP","SI"
86,4,378,"PP","SI"
78,11,378,"PP","SI"
30,3,378,"PP","SI"
67,12,378,"PP","SI"
82,1,378,"PP","SI"
38,6,378,"PP","SI"
61,40,378,"PP","SI"
19,11,378,"PP","SI"
57,12,378,"PP","SI"
23,8,378,"PP","SI"
217,1,378,"PP","SI"
2,16,378,"PP","SI"
39,1,378,"PP","SI"
26,70,378,"PP","SI"
16,7,378,"PP","SI"
18,4,378,"PP","SI"
17,6,378,"PP","SI"
64,16,378,"PP","SI"
4,11,378,"PP","SI"
86,4,379,"PP","SI"
30,3,379,"PP","SI"
72,9,379,"PP","SI"
59,6,379,"PP","SI"
46,6,379,"PP","SI"
24,5,379,"PP","SI"
36,5,379,"PP","SI"
33,13,379,"PP","SI"
30,3,379,"PP","SI"
91,10,379,"PP","SI"
5,7,379,"PP","SI"
32,11,379,"PP","SI"
56,7,379,"PP","SI"
14,33,379,"PP","SI"
217,1,379,"PP","SI"
32,11,379,"PP","SI"
19,11,379,"PP","SI"
4,11,379,"PP","SI"
39,1,379,"PP","SI"
28,32,379,"PP","SI"
48,6,379,"PP","SI"
41,2,379,"PP","SI"
57,12,379,"PP","SI"
38,6,379,"PP","SI"
12,12,379,"PP","SI"
11,33,379,"PP","SI"
47,10,379,"PP","SI"
18,4,379,"PP","SI"
11,33,379,"PP","SI"
60,6,379,"PP","SI"
66,1,379,"PP","SI"
46,6,379,"PP","SI"
19,11,380,"PP","SI"
80,7,380,"PP","SI"
33,13,380,"PP","SI"
76,7,380,"PP","SI"
208,1,380,"PP","SI"
46,6,380,"PP","SI"
66,1,380,"PP","SI"
61,40,380,"PP","SI"
86,4,380,"PP","SI"
47,10,380,"PP","SI"
20,8,380,"PP","SI"
13,4,380,"PP","SI"
298,1,380,"PP","SI"
67,12,380,"PP","SI"
62,8,380,"PP","SI"
19,11,380,"PP","SI"
38,6,380,"PP","SI"
61,40,380,"PP","SI"
72,9,380,"PP","SI"
30,3,380,"PP","SI"
217,1,380,"PP","SI"
91,10,380,"PP","SI"
77,20,380,"PP","SI"
39,1,380,"PP","SI"
57,12,380,"PP","SI"
8,6,380,"PP","SI"
30,3,380,"PP","SI"
45,8,380,"PP","SI"
32,11,380,"PP","SI"
78,11,380,"PP","SI"
14,33,380,"PP","SI"
64,16,380,"PP","SI"
18,4,381,"PP","SI"
48,6,381,"PP","SI"
75,6,381,"PP","SI"
28,32,381,"PP","SI"
91,10,381,"PP","SI"
12,12,381,"PP","SI"
7,10,381,"PP","SI"
61,40,381,"PP","SI"
30,3,381,"PP","SI"
57,12,381,"PP","SI"
44,33,381,"PP","SI"
82,1,381,"PP","SI"
77,20,381,"PP","SI"
200,1,381,"PP","SI"
32,11,381,"PP","SI"
13,4,381,"PP","SI"
44,33,381,"PP","SI"
24,5,381,"PP","SI"
45,8,381,"PP","SI"
442,1,381,"PP","SI"
59,6,381,"PP","SI"
17,6,381,"PP","SI"
298,1,381,"PP","SI"
19,11,381,"PP","SI"
5,7,381,"PP","SI"
48,6,381,"PP","SI"
67,12,381,"PP","SI"
39,1,381,"PP","SI"
208,1,381,"PP","SI"
80,7,381,"PP","SI"
64,16,381,"PP","SI"
11,33,381,"PP","SI"
27,3,382,"PP","SI"
80,7,382,"PP","SI"
67,12,382,"PP","SI"
41,2,382,"PP","SI"
19,11,382,"PP","SI"
59,6,382,"PP","SI"
298,1,382,"PP","SI"
38,6,382,"PP","SI"
61,40,382,"PP","SI"
24,5,382,"PP","SI"
13,4,382,"PP","SI"
75,6,382,"PP","SI"
200,1,382,"PP","SI"
17,6,382,"PP","SI"
19,11,382,"PP","SI"
208,1,382,"PP","SI"
13,4,382,"PP","SI"
32,11,382,"PP","SI"
11,33,382,"PP","SI"
56,7,382,"PP","SI"
91,10,382,"PP","SI"
76,7,382,"PP","SI"
17,6,382,"PP","SI"
4,11,382,"PP","SI"
91,10,382,"PP","SI"
7,10,382,"PP","SI"
38,6,382,"PP","SI"
33,13,382,"PP","SI"
80,7,382,"PP","SI"
31,6,382,"PP","SI"
15,1,382,"PP","SI"
51,3,382,"PP","SI"
59,6,383,"PP","SI"
61,40,383,"PP","SI"
45,8,383,"PP","SI"
200,1,383,"PP","SI"
12,12,383,"PP","SI"
8,6,383,"PP","SI"
78,11,383,"PP","SI"
57,12,383,"PP","SI"
13,4,383,"PP","SI"
44,33,383,"PP","SI"
62,8,383,"PP","SI"
82,1,383,"PP","SI"
4,11,383,"PP","SI"
11,33,383,"PP","SI"
298,1,383,"PP","SI"
5,7,383,"PP","SI"
72,9,383,"PP","SI"
442,1,383,"PP","SI"
60,6,383,"PP","SI"
67,12,383,"PP","SI"
33,13,383,"PP","SI"
80,7,383,"PP","SI"
56,7,383,"PP","SI"
44,33,383,"PP","SI"
81,2,383,"PP","SI"
62,8,383,"PP","SI"
80,7,383,"PP","SI"
31,6,383,"PP","SI"
208,1,383,"PP","SI"
19,11,383,"PP","SI"
48,6,383,"PP","SI"
15,1,383,"PP","SI"
44,33,384,"PP","SI"
32,11,384,"PP","SI"
5,7,384,"PP","SI"
33,13,384,"PP","SI"
20,8,384,"PP","SI"
44,33,384,"PP","SI"
39,1,384,"PP","SI"
18,4,384,"PP","SI"
61,40,384,"PP","SI"
66,1,384,"PP","SI"
36,5,384,"PP","SI"
15,1,384,"PP","SI"
78,11,384,"PP","SI"
62,8,384,"PP","SI"
48,6,384,"PP","SI"
12,12,384,"PP","SI"
30,3,384,"PP","SI"
45,8,384,"PP","SI"
67,12,384,"PP","SI"
62,8,384,"PP","SI"
33,13,384,"PP","SI"
86,4,384,"PP","SI"
4,11,384,"PP","SI"
11,33,384,"PP","SI"
77,20,384,"PP","SI"
48,6,384,"PP","SI"
80,7,384,"PP","SI"
14,33,384,"PP","SI"
82,1,384,"PP","SI"
75,6,384,"PP","SI"
7,10,384,"PP","SI"
17,6,384,"PP","SI"
67,12,385,"PP","SI"
14,33,385,"PP","SI"
7,10,385,"PP","SI"
38,6,385,"PP","SI"
64,16,385,"PP","SI"
19,11,385,"PP","SI"
26,70,385,"PP","SI"
27,3,385,"PP","SI"
86,4,385,"PP","SI"
33,13,385,"PP","SI"
39,1,385,"PP","SI"
14,33,385,"PP","SI"
46,6,385,"PP","SI"
38,6,385,"PP","SI"
78,11,385,"PP","SI"
62,8,385,"PP","SI"
19,11,385,"PP","SI"
20,8,385,"PP","SI"
78,11,385,"PP","SI"
46,6,385,"PP","SI"
24,5,385,"PP","SI"
217,1,385,"PP","SI"
57,12,385,"PP","SI"
76,7,385,"PP","SI"
72,9,385,"PP","SI"
200,1,385,"PP","SI"
26,70,385,"PP","SI"
208,1,385,"PP","SI"
5,7,385,"PP","SI"
15,1,385,"PP","SI"
91,10,385,"PP","SI"
36,5,385,"PP","SI"
91,10,386,"PP","SI"
41,2,386,"PP","SI"
536,1,386,"PP","SI"
44,33,386,"PP","SI"
26,70,386,"PP","SI"
78,11,386,"PP","SI"
200,1,386,"PP","SI"
28,32,386,"PP","SI"
32,11,386,"PP","SI"
5,7,386,"PP","SI"
16,7,386,"PP","SI"
62,8,386,"PP","SI"
15,1,386,"PP","SI"
47,10,386,"PP","SI"
66,1,386,"PP","SI"
298,1,386,"PP","SI"
61,40,386,"PP","SI"
28,32,386,"PP","SI"
12,12,386,"PP","SI"
32,11,386,"PP","SI"
75,6,386,"PP","SI"
91,10,386,"PP","SI"
48,6,386,"PP","SI"
86,4,386,"PP","SI"
80,7,386,"PP","SI"
26,70,386,"PP","SI"
62,8,386,"PP","SI"
45,8,386,"PP","SI"
77,20,386,"PP","SI"
33,13,386,"PP","SI"
80,7,386,"PP","SI"
38,6,386,"PP","SI"
67,12,387,"PP","SI"
80,7,387,"PP","SI"
14,33,387,"PP","SI"
28,32,387,"PP","SI"
78,11,387,"PP","SI"
78,11,387,"PP","SI"
64,16,387,"PP","SI"
14,33,387,"PP","SI"
26,70,387,"PP","SI"
13,4,387,"PP","SI"
48,6,387,"PP","SI"
46,6,387,"PP","SI"
56,7,387,"PP","SI"
67,12,387,"PP","SI"
77,20,387,"PP","SI"
51,3,387,"PP","SI"
39,1,387,"PP","SI"
217,1,387,"PP","SI"
536,1,387,"PP","SI"
77,20,387,"PP","SI"
62,8,387,"PP","SI"
2,16,387,"PP","SI"
18,4,387,"PP","SI"
7,10,387,"PP","SI"
13,4,387,"PP","SI"
4,11,387,"PP","SI"
91,10,387,"PP","SI"
20,8,387,"PP","SI"
61,40,387,"PP","SI"
5,7,387,"PP","SI"
16,7,387,"PP","SI"
208,1,387,"PP","SI"
7,10,388,"PP","SI"
5,7,388,"PP","SI"
72,9,388,"PP","SI"
46,6,388,"PP","SI"
51,3,388,"PP","SI"
33,13,388,"PP","SI"
17,6,388,"PP","SI"
16,7,388,"PP","SI"
30,3,388,"PP","SI"
32,11,388,"PP","SI"
56,7,388,"PP","SI"
78,11,388,"PP","SI"
12,12,388,"PP","SI"
7,10,388,"PP","SI"
2,16,388,"PP","SI"
33,13,388,"PP","SI"
67,12,388,"PP","SI"
60,6,388,"PP","SI"
61,40,388,"PP","SI"
75,6,388,"PP","SI"
80,7,388,"PP","SI"
81,2,388,"PP","SI"
26,70,388,"PP","SI"
82,1,388,"PP","SI"
46,6,388,"PP","SI"
14,33,388,"PP","SI"
23,8,388,"PP","SI"
208,1,388,"PP","SI"
62,8,388,"PP","SI"
217,1,388,"PP","SI"
19,11,388,"PP","SI"
12,12,388,"PP","SI"
67,12,389,"PP","SI"
13,4,389,"PP","SI"
66,1,389,"PP","SI"
36,5,389,"PP","SI"
77,20,389,"PP","SI"
13,4,389,"PP","SI"
298,1,389,"PP","SI"
27,3,389,"PP","SI"
80,7,389,"PP","SI"
11,33,389,"PP","SI"
14,33,389,"PP","SI"
18,4,389,"PP","SI"
536,1,389,"PP","SI"
64,16,389,"PP","SI"
67,12,389,"PP","SI"
48,6,389,"PP","SI"
17,6,389,"PP","SI"
57,12,389,"PP","SI"
30,3,389,"PP","SI"
12,12,389,"PP","SI"
41,2,389,"PP","SI"
200,1,389,"PP","SI"
46,6,389,"PP","SI"
38,6,389,"PP","SI"
217,1,389,"PP","SI"
38,6,389,"PP","SI"
91,10,389,"PP","SI"
56,7,389,"PP","SI"
11,33,389,"PP","SI"
20,8,389,"PP","SI"
44,33,389,"PP","SI"
32,11,389,"PP","SI"
41,2,390,"PP","SI"
38,6,390,"PP","SI"
8,6,390,"PP","SI"
38,6,390,"PP","SI"
57,12,390,"PP","SI"
76,7,390,"PP","SI"
64,16,390,"PP","SI"
442,1,390,"PP","SI"
67,12,390,"PP","SI"
298,1,390,"PP","SI"
4,11,390,"PP","SI"
62,8,390,"PP","SI"
33,13,390,"PP","SI"
7,10,390,"PP","SI"
46,6,390,"PP","SI"
48,6,390,"PP","SI"
31,6,390,"PP","SI"
30,3,390,"PP","SI"
17,6,390,"PP","SI"
61,40,390,"PP","SI"
78,11,390,"PP","SI"
47,10,390,"PP","SI"
91,10,390,"PP","SI"
14,33,390,"PP","SI"
57,12,390,"PP","SI"
33,13,390,"PP","SI"
23,8,390,"PP","SI"
19,11,390,"PP","SI"
11,33,390,"PP","SI"
217,1,390,"PP","SI"
39,1,390,"PP","SI"
32,11,390,"PP","SI"
44,33,391,"PP","SI"
82,1,391,"PP","SI"
18,4,391,"PP","SI"
77,20,391,"PP","SI"
12,12,391,"PP","SI"
72,9,391,"PP","SI"
57,12,391,"PP","SI"
298,1,391,"PP","SI"
30,3,391,"PP","SI"
59,6,391,"PP","SI"
13,4,391,"PP","SI"
91,10,391,"PP","SI"
49,6,391,"PP","SI"
217,1,391,"PP","SI"
28,32,391,"PP","SI"
536,1,391,"PP","SI"
67,12,391,"PP","SI"
46,6,391,"PP","SI"
14,33,391,"PP","SI"
28,32,391,"PP","SI"
16,7,391,"PP","SI"
80,7,391,"PP","SI"
66,1,391,"PP","SI"
17,6,391,"PP","SI"
33,13,391,"PP","SI"
86,4,391,"PP","SI"
39,1,391,"PP","SI"
4,11,391,"PP","SI"
81,2,391,"PP","SI"
24,5,391,"PP","SI"
61,40,391,"PP","SI"
7,10,391,"PP","SI"
86,4,392,"PP","SI"
57,12,392,"PP","SI"
60,6,392,"PP","SI"
67,12,392,"PP","SI"
30,3,392,"PP","SI"
32,11,392,"PP","SI"
78,11,392,"PP","SI"
75,6,392,"PP","SI"
80,7,392,"PP","SI"
23,8,392,"PP","SI"
61,40,392,"PP","SI"
15,1,392,"PP","SI"
46,6,392,"PP","SI"
16,7,392,"PP","SI"
59,6,392,"PP","SI"
30,3,392,"PP","SI"
80,7,392,"PP","SI"
41,2,392,"PP","SI"
17,6,392,"PP","SI"
442,1,392,"PP","SI"
41,2,392,"PP","SI"
39,1,392,"PP","SI"
7,10,392,"PP","SI"
11,33,392,"PP","SI"
13,4,392,"PP","SI"
13,4,392,"PP","SI"
19,11,392,"PP","SI"
46,6,392,"PP","SI"
51,3,392,"PP","SI"
7,10,392,"PP","SI"
5,7,392,"PP","SI"
56,7,392,"PP","SI"
91,10,393,"PP","SI"
44,33,393,"PP","SI"
11,33,393,"PP","SI"
24,5,393,"PP","SI"
17,6,393,"PP","SI"
44,33,393,"PP","SI"
75,6,393,"PP","SI"
39,1,393,"PP","SI"
23,8,393,"PP","SI"
217,1,393,"PP","SI"
32,11,393,"PP","SI"
80,7,393,"PP","SI"
59,6,393,"PP","SI"
48,6,393,"PP","SI"
19,11,393,"PP","SI"
27,3,393,"PP","SI"
32,11,393,"PP","SI"
91,10,393,"PP","SI"
47,10,393,"PP","SI"
15,1,393,"PP","SI"
298,1,393,"PP","SI"
536,1,393,"PP","SI"
11,33,393,"PP","SI"
64,16,393,"PP","SI"
14,33,393,"PP","SI"
26,70,393,"PP","SI"
18,4,393,"PP","SI"
442,1,393,"PP","SI"
28,32,393,"PP","SI"
13,4,393,"PP","SI"
76,7,393,"PP","SI"
41,2,393,"PP","SI"
57,12,394,"PP","SI"
16,7,394,"PP","SI"
44,33,394,"PP","SI"
60,6,394,"PP","SI"
2,16,394,"PP","SI"
46,6,394,"PP","SI"
28,32,394,"PP","SI"
208,1,394,"PP","SI"
41,2,394,"PP","SI"
41,2,394,"PP","SI"
26,70,394,"PP","SI"
19,11,394,"PP","SI"
48,6,394,"PP","SI"
298,1,394,"PP","SI"
47,10,394,"PP","SI"
38,6,394,"PP","SI"
536,1,394,"PP","SI"
82,1,394,"PP","SI"
67,12,394,"PP","SI"
61,40,394,"PP","SI"
80,7,394,"PP","SI"
217,1,394,"PP","SI"
15,1,394,"PP","SI"
51,3,394,"PP","SI"
36,5,394,"PP","SI"
7,10,394,"PP","SI"
80,7,394,"PP","SI"
19,11,394,"PP","SI"
200,1,394,"PP","SI"
62,8,394,"PP","SI"
18,4,394,"PP","SI"
81,2,394,"PP","SI"
536,1,395,"PP","SI"
76,7,395,"PP","SI"
66,1,395,"PP","SI"
48,6,395,"PP","SI"
62,8,395,"PP","SI"
15,1,395,"PP","SI"
17,6,395,"PP","SI"
78,11,395,"PP","SI"
67,12,395,"PP","SI"
77,20,395,"PP","SI"
78,11,395,"PP","SI"
17,6,395,"PP","SI"
46,6,395,"PP","SI"
61,40,395,"PP","SI"
57,12,395,"PP","SI"
24,5,395,"PP","SI"
80,7,395,"PP","SI"
61,40,395,"PP","SI"
46,6,395,"PP","SI"
57,12,395,"PP","SI"
44,33,395,"PP","SI"
19,11,395,"PP","SI"
75,6,395,"PP","SI"
38,6,395,"PP","SI"
64,16,395,"PP","SI"
32,11,395,"PP","SI"
2,16,395,"PP","SI"
16,7,395,"PP","SI"
38,6,395,"PP","SI"
33,13,395,"PP","SI"
12,12,395,"PP","SI"
44,33,395,"PP","SI"
57,12,396,"PP","SI"
44,33,396,"PP","SI"
24,5,396,"PP","SI"
208,1,396,"PP","SI"
80,7,396,"PP","SI"
38,6,396,"PP","SI"
15,1,396,"PP","SI"
64,16,396,"PP","SI"
18,4,396,"PP","SI"
48,6,396,"PP","SI"
33,13,396,"PP","SI"
19,11,396,"PP","SI"
46,6,396,"PP","SI"
86,4,396,"PP","SI"
5,7,396,"PP","SI"
298,1,396,"PP","SI"
16,7,396,"PP","SI"
8,6,396,"PP","SI"
57,12,396,"PP","SI"
26,70,396,"PP","SI"
66,1,396,"PP","SI"
72,9,396,"PP","SI"
17,6,396,"PP","SI"
20,8,396,"PP","SI"
7,10,396,"PP","SI"
536,1,396,"PP","SI"
77,20,396,"PP","SI"
67,12,396,"PP","SI"
39,1,396,"PP","SI"
51,3,396,"PP","SI"
81,2,396,"PP","SI"
64,16,396,"PP","SI"
44,33,397,"PP","SI"
7,10,397,"PP","SI"
66,1,397,"PP","SI"
4,11,397,"PP","SI"
17,6,397,"PP","SI"
32,11,397,"PP","SI"
298,1,397,"PP","SI"
13,4,397,"PP","SI"
67,12,397,"PP","SI"
32,11,397,"PP","SI"
61,40,397,"PP","SI"
19,11,397,"PP","SI"
60,6,397,"PP","SI"
86,4,397,"PP","SI"
77,20,397,"PP","SI"
48,6,397,"PP","SI"
62,8,397,"PP","SI"
64,16,397,"PP","SI"
82,1,397,"PP","SI"
47,10,397,"PP","SI"
33,13,397,"PP","SI"
45,8,397,"PP","SI"
12,12,397,"PP","SI"
64,16,397,"PP","SI"
217,1,397,"PP","SI"
536,1,397,"PP","SI"
33,13,397,"PP","SI"
61,40,397,"PP","SI"
200,1,397,"PP","SI"
8,6,397,"PP","SI"
28,32,397,"PP","SI"
38,6,397,"PP","SI"
75,6,398,"PP","SI"
39,1,398,"PP","SI"
8,6,398,"PP","SI"
44,33,398,"PP","SI"
67,12,398,"PP","SI"
17,6,398,"PP","SI"
30,3,398,"PP","SI"
86,4,398,"PP","SI"
91,10,398,"PP","SI"
13,4,398,"PP","SI"
11,33,398,"PP","SI"
27,3,398,"PP","SI"
41,2,398,"PP","SI"
38,6,398,"PP","SI"
7,10,398,"PP","SI"
62,8,398,"PP","SI"
33,13,398,"PP","SI"
298,1,398,"PP","SI"
7,10,398,"PP","SI"
66,1,398,"PP","SI"
200,1,398,"PP","SI"
19,11,398,"PP","SI"
56,7,398,"PP","SI"
80,7,398,"PP","SI"
217,1,398,"PP","SI"
41,2,398,"PP","SI"
18,4,398,"PP","SI"
46,6,398,"PP","SI"
59,6,398,"PP","SI"
76,7,398,"PP","SI"
48,6,398,"PP","SI"
4,11,398,"PP","SI"
16,7,399,"PP","SI"
57,12,399,"PP","SI"
14,33,399,"PP","SI"
77,20,399,"PP","SI"
41,2,399,"PP","SI"
17,6,399,"PP","SI"
44,33,399,"PP","SI"
14,33,399,"PP","SI"
23,8,399,"PP","SI"
60,6,399,"PP","SI"
75,6,399,"PP","SI"
30,3,399,"PP","SI"
38,6,399,"PP","SI"
33,13,399,"PP","SI"
46,6,399,"PP","SI"
19,11,399,"PP","SI"
32,11,399,"PP","SI"
77,20,399,"PP","SI"
536,1,399,"PP","SI"
46,6,399,"PP","SI"
17,6,399,"PP","SI"
48,6,399,"PP","SI"
82,1,399,"PP","SI"
13,4,399,"PP","SI"
67,12,399,"PP","SI"
61,40,399,"PP","SI"
72,9,399,"PP","SI"
44,33,399,"PP","SI"
12,12,399,"PP","SI"
38,6,399,"PP","SI"
51,3,399,"PP","SI"
57,12,399,"PP","SI"
2,16,400,"PP","SI"
61,40,400,"PP","SI"
39,1,400,"PP","SI"
62,8,400,"PP","SI"
442,1,400,"PP","SI"
30,3,400,"PP","SI"
78,11,400,"PP","SI"
41,2,400,"PP","SI"
82,1,400,"PP","SI"
60,6,400,"PP","SI"
33,13,400,"PP","SI"
27,3,400,"PP","SI"
75,6,400,"PP","SI"
51,3,400,"PP","SI"
14,33,400,"PP","SI"
26,70,400,"PP","SI"
14,33,400,"PP","SI"
28,32,400,"PP","SI"
64,16,400,"PP","SI"
81,2,400,"PP","SI"
17,6,400,"PP","SI"
41,2,400,"PP","SI"
62,8,400,"PP","SI"
298,1,400,"PP","SI"
30,3,400,"PP","SI"
28,32,400,"PP","SI"
78,11,400,"PP","SI"
23,8,400,"PP","SI"
7,10,400,"PP","SI"
67,12,400,"PP","SI"
38,6,400,"PP","SI"
91,10,400,"PP","SI"
49,6,401,"PP","SI"
13,4,401,"PP","SI"
30,3,401,"PP","SI"
15,1,401,"PP","SI"
32,11,401,"PP","SI"
23,8,401,"PP","SI"
442,1,401,"PP","SI"
28,32,401,"PP","SI"
80,7,401,"PP","SI"
5,7,401,"PP","SI"
47,10,401,"PP","SI"
67,12,401,"PP","SI"
39,1,401,"PP","SI"
48,6,401,"PP","SI"
28,32,401,"PP","SI"
59,6,401,"PP","SI"
33,13,401,"PP","SI"
33,13,401,"PP","SI"
64,16,401,"PP","SI"
2,16,401,"PP","SI"
75,6,401,"PP","SI"
76,7,401,"PP","SI"
46,6,401,"PP","SI"
44,33,401,"PP","SI"
536,1,401,"PP","SI"
12,12,401,"PP","SI"
7,10,401,"PP","SI"
36,5,401,"PP","SI"
81,2,401,"PP","SI"
41,2,401,"PP","SI"
44,33,401,"PP","SI"
298,1,401,"PP","SI"
4,11,402,"PP","SI"
11,33,402,"PP","SI"
15,1,402,"PP","SI"
77,20,402,"PP","SI"
78,11,402,"PP","SI"
200,1,402,"PP","SI"
12,12,402,"PP","SI"
46,6,402,"PP","SI"
57,12,402,"PP","SI"
7,10,402,"PP","SI"
39,1,402,"PP","SI"
46,6,402,"PP","SI"
14,33,402,"PP","SI"
48,6,402,"PP","SI"
80,7,402,"PP","SI"
442,1,402,"PP","SI"
8,6,402,"PP","SI"
26,70,402,"PP","SI"
75,6,402,"PP","SI"
91,10,402,"PP","SI"
536,1,402,"PP","SI"
64,16,402,"PP","SI"
59,6,402,"PP","SI"
61,40,402,"PP","SI"
41,2,402,"PP","SI"
208,1,402,"PP","SI"
17,6,402,"PP","SI"
17,6,402,"PP","SI"
5,7,402,"PP","SI"
19,11,402,"PP","SI"
2,16,402,"PP","SI"
217,1,402,"PP","SI"
86,4,403,"PP","SI"
11,33,403,"PP","SI"
32,11,403,"PP","SI"
57,12,403,"PP","SI"
44,33,403,"PP","SI"
56,7,403,"PP","SI"
33,13,403,"PP","SI"
59,6,403,"PP","SI"
91,10,403,"PP","SI"
30,3,403,"PP","SI"
62,8,403,"PP","SI"
15,1,403,"PP","SI"
19,11,403,"PP","SI"
32,11,403,"PP","SI"
31,6,403,"PP","SI"
76,7,403,"PP","SI"
298,1,403,"PP","SI"
36,5,403,"PP","SI"
78,11,403,"PP","SI"
8,6,403,"PP","SI"
536,1,403,"PP","SI"
12,12,403,"PP","SI"
64,16,403,"PP","SI"
30,3,403,"PP","SI"
81,2,403,"PP","SI"
64,16,403,"PP","SI"
46,6,403,"PP","SI"
2,16,403,"PP","SI"
28,32,403,"PP","SI"
27,3,403,"PP","SI"
75,6,403,"PP","SI"
51,3,403,"PP","SI"
72,9,404,"PP","SI"
38,6,404,"PP","SI"
41,2,404,"PP","SI"
44,33,404,"PP","SI"
20,8,404,"PP","SI"
38,6,404,"PP","SI"
217,1,404,"PP","SI"
44,33,404,"PP","SI"
33,13,404,"PP","SI"
18,4,404,"PP","SI"
61,40,404,"PP","SI"
66,1,404,"PP","SI"
45,8,404,"PP","SI"
46,6,404,"PP","SI"
59,6,404,"PP","SI"
67,12,404,"PP","SI"
57,12,404,"PP","SI"
48,6,404,"PP","SI"
41,2,404,"PP","SI"
36,5,404,"PP","SI"
60,6,404,"PP","SI"
51,3,404,"PP","SI"
32,11,404,"PP","SI"
5,7,404,"PP","SI"
11,33,404,"PP","SI"
8,6,404,"PP","SI"
536,1,404,"PP","SI"
56,7,404,"PP","SI"
13,4,404,"PP","SI"
32,11,404,"PP","SI"
61,40,404,"PP","SI"
4,11,404,"PP","SI"
46,6,405,"PP","SI"
57,12,405,"PP","SI"
49,6,405,"PP","SI"
26,70,405,"PP","SI"
31,6,405,"PP","SI"
20,8,405,"PP","SI"
19,11,405,"PP","SI"
200,1,405,"PP","SI"
217,1,405,"PP","SI"
27,3,405,"PP","SI"
2,16,405,"PP","SI"
11,33,405,"PP","SI"
78,11,405,"PP","SI"
61,40,405,"PP","SI"
32,11,405,"PP","SI"
442,1,405,"PP","SI"
32,11,405,"PP","SI"
33,13,405,"PP","SI"
13,4,405,"PP","SI"
64,16,405,"PP","SI"
75,6,405,"PP","SI"
39,1,405,"PP","SI"
61,40,405,"PP","SI"
91,10,405,"PP","SI"
62,8,405,"PP","SI"
12,12,405,"PP","SI"
536,1,405,"PP","SI"
7,10,405,"PP","SI"
208,1,405,"PP","SI"
78,11,405,"PP","SI"
33,13,405,"PP","SI"
7,10,405,"PP","SI"
18,4,406,"PP","SI"
19,11,406,"PP","SI"
78,11,406,"PP","SI"
67,12,406,"PP","SI"
7,10,406,"PP","SI"
38,6,406,"PP","SI"
12,12,406,"PP","SI"
61,40,406,"PP","SI"
8,6,406,"PP","SI"
200,1,406,"PP","SI"
44,33,406,"PP","SI"
59,6,406,"PP","SI"
60,6,406,"PP","SI"
5,7,406,"PP","SI"
57,12,406,"PP","SI"
14,33,406,"PP","SI"
298,1,406,"PP","SI"
48,6,406,"PP","SI"
91,10,406,"PP","SI"
208,1,406,"PP","SI"
75,6,406,"PP","SI"
20,8,406,"PP","SI"
46,6,406,"PP","SI"
217,1,406,"PP","SI"
19,11,406,"PP","SI"
47,10,406,"PP","SI"
61,40,406,"PP","SI"
45,8,406,"PP","SI"
78,11,406,"PP","SI"
26,70,406,"PP","SI"
77,20,406,"PP","SI"
23,8,406,"PP","SI"
8,6,407,"PP","SI"
28,32,407,"PP","SI"
30,3,407,"PP","SI"
11,33,407,"PP","SI"
7,10,407,"PP","SI"
38,6,407,"PP","SI"
7,10,407,"PP","SI"
27,3,407,"PP","SI"
26,70,407,"PP","SI"
23,8,407,"PP","SI"
78,11,407,"PP","SI"
59,6,407,"PP","SI"
46,6,407,"PP","SI"
41,2,407,"PP","SI"
13,4,407,"PP","SI"
208,1,407,"PP","SI"
26,70,407,"PP","SI"
18,4,407,"PP","SI"
442,1,407,"PP","SI"
76,7,407,"PP","SI"
14,33,407,"PP","SI"
16,7,407,"PP","SI"
48,6,407,"PP","SI"
44,33,407,"PP","SI"
57,12,407,"PP","SI"
31,6,407,"PP","SI"
4,11,407,"PP","SI"
72,9,407,"PP","SI"
12,12,407,"PP","SI"
11,33,407,"PP","SI"
91,10,407,"PP","SI"
12,12,407,"PP","SI"
217,1,408,"PP","SI"
14,33,408,"PP","SI"
5,7,408,"PP","SI"
81,2,408,"PP","SI"
41,2,408,"PP","SI"
91,10,408,"PP","SI"
48,6,408,"PP","SI"
64,16,408,"PP","SI"
36,5,408,"PP","SI"
61,40,408,"PP","SI"
78,11,408,"PP","SI"
26,70,408,"PP","SI"
67,12,408,"PP","SI"
8,6,408,"PP","SI"
14,33,408,"PP","SI"
44,33,408,"PP","SI"
62,8,408,"PP","SI"
20,8,408,"PP","SI"
39,1,408,"PP","SI"
13,4,408,"PP","SI"
82,1,408,"PP","SI"
46,6,408,"PP","SI"
49,6,408,"PP","SI"
28,32,408,"PP","SI"
51,3,408,"PP","SI"
2,16,408,"PP","SI"
47,10,408,"PP","SI"
13,4,408,"PP","SI"
12,12,408,"PP","SI"
11,33,408,"PP","SI"
32,11,408,"PP","SI"
16,7,408,"PP","SI"
38,6,409,"PP","SI"
66,1,409,"PP","SI"
78,11,409,"PP","SI"
64,16,409,"PP","SI"
72,9,409,"PP","SI"
20,8,409,"PP","SI"
57,12,409,"PP","SI"
56,7,409,"PP","SI"
82,1,409,"PP","SI"
17,6,409,"PP","SI"
44,33,409,"PP","SI"
17,6,409,"PP","SI"
19,11,409,"PP","SI"
2,16,409,"PP","SI"
26,70,409,"PP","SI"
36,5,409,"PP","SI"
14,33,409,"PP","SI"
217,1,409,"PP","SI"
7,10,409,"PP","SI"
38,6,409,"PP","SI"
7,10,409,"PP","SI"
86,4,409,"PP","SI"
77,20,409,"PP","SI"
208,1,409,"PP","SI"
200,1,409,"PP","SI"
67,12,409,"PP","SI"
41,2,409,"PP","SI"
32,11,409,"PP","SI"
16,7,409,"PP","SI"
62,8,409,"PP","SI"
46,6,409,"PP","SI"
13,4,409,"PP","SI"
442,1,410,"PP","SI"
33,13,410,"PP","SI"
33,13,410,"PP","SI"
59,6,410,"PP","SI"
4,11,410,"PP","SI"
12,12,410,"PP","SI"
61,40,410,"PP","SI"
48,6,410,"PP","SI"
26,70,410,"PP","SI"
62,8,410,"PP","SI"
91,10,410,"PP","SI"
45,8,410,"PP","SI"
30,3,410,"PP","SI"
64,16,410,"PP","SI"
81,2,410,"PP","SI"
44,33,410,"PP","SI"
60,6,410,"PP","SI"
78,11,410,"PP","SI"
82,1,410,"PP","SI"
46,6,410,"PP","SI"
28,32,410,"PP","SI"
86,4,410,"PP","SI"
61,40,410,"PP","SI"
59,6,410,"PP","SI"
67,12,410,"PP","SI"
28,32,410,"PP","SI"
13,4,410,"PP","SI"
17,6,410,"PP","SI"
7,10,410,"PP","SI"
19,11,410,"PP","SI"
38,6,410,"PP","SI"
41,2,410,"PP","SI"
19,11,411,"PP","SI"
442,1,411,"PP","SI"
11,33,411,"PP","SI"
24,5,411,"PP","SI"
60,6,411,"PP","SI"
31,6,411,"PP","SI"
48,6,411,"PP","SI"
14,33,411,"PP","SI"
32,11,411,"PP","SI"
41,2,411,"PP","SI"
14,33,411,"PP","SI"
61,40,411,"PP","SI"
56,7,411,"PP","SI"
49,6,411,"PP","SI"
17,6,411,"PP","SI"
30,3,411,"PP","SI"
78,11,411,"PP","SI"
15,1,411,"PP","SI"
13,4,411,"PP","SI"
11,33,411,"PP","SI"
13,4,411,"PP","SI"
200,1,411,"PP","SI"
86,4,411,"PP","SI"
36,5,411,"PP","SI"
59,6,411,"PP","SI"
28,32,411,"PP","SI"
80,7,411,"PP","SI"
536,1,411,"PP","SI"
78,11,411,"PP","SI"
20,8,411,"PP","SI"
28,32,411,"PP","SI"
91,10,411,"PP","SI"
26,70,412,"PP","SI"
77,20,412,"PP","SI"
46,6,412,"PP","SI"
11,33,412,"PP","SI"
14,33,412,"PP","SI"
48,6,412,"PP","SI"
72,9,412,"PP","SI"
30,3,412,"PP","SI"
62,8,412,"PP","SI"
76,7,412,"PP","SI"
298,1,412,"PP","SI"
91,10,412,"PP","SI"
38,6,412,"PP","SI"
45,8,412,"PP","SI"
13,4,412,"PP","SI"
217,1,412,"PP","SI"
27,3,412,"PP","SI"
41,2,412,"PP","SI"
442,1,412,"PP","SI"
78,11,412,"PP","SI"
5,7,412,"PP","SI"
16,7,412,"PP","SI"
67,12,412,"PP","SI"
200,1,412,"PP","SI"
66,1,412,"PP","SI"
38,6,412,"PP","SI"
14,33,412,"PP","SI"
44,33,412,"PP","SI"
91,10,412,"PP","SI"
80,7,412,"PP","SI"
57,12,412,"PP","SI"
30,3,412,"PP","SI"
47,10,413,"PP","SI"
75,6,413,"PP","SI"
61,40,413,"PP","SI"
5,7,413,"PP","SI"
8,6,413,"PP","SI"
48,6,413,"PP","SI"
36,5,413,"PP","SI"
45,8,413,"PP","SI"
41,2,413,"PP","SI"
78,11,413,"PP","SI"
62,8,413,"PP","SI"
17,6,413,"PP","SI"
33,13,413,"PP","SI"
49,6,413,"PP","SI"
26,70,413,"PP","SI"
30,3,413,"PP","SI"
59,6,413,"PP","SI"
442,1,413,"PP","SI"
77,20,413,"PP","SI"
23,8,413,"PP","SI"
57,12,413,"PP","SI"
80,7,413,"PP","SI"
12,12,413,"PP","SI"
7,10,413,"PP","SI"
13,4,413,"PP","SI"
30,3,413,"PP","SI"
82,1,413,"PP","SI"
72,9,413,"PP","SI"
80,7,413,"PP","SI"
76,7,413,"PP","SI"
51,3,413,"PP","SI"
77,20,413,"PP","SI"
46,6,414,"PP","SI"
2,16,414,"PP","SI"
32,11,414,"PP","SI"
75,6,414,"PP","SI"
66,1,414,"PP","SI"
49,6,414,"PP","SI"
61,40,414,"PP","SI"
76,7,414,"PP","SI"
11,33,414,"PP","SI"
442,1,414,"PP","SI"
48,6,414,"PP","SI"
62,8,414,"PP","SI"
59,6,414,"PP","SI"
57,12,414,"PP","SI"
14,33,414,"PP","SI"
48,6,414,"PP","SI"
80,7,414,"PP","SI"
26,70,414,"PP","SI"
14,33,414,"PP","SI"
298,1,414,"PP","SI"
78,11,414,"PP","SI"
27,3,414,"PP","SI"
15,1,414,"PP","SI"
67,12,414,"PP","SI"
80,7,414,"PP","SI"
26,70,414,"PP","SI"
41,2,414,"PP","SI"
44,33,414,"PP","SI"
91,10,414,"PP","SI"
33,13,414,"PP","SI"
31,6,414,"PP","SI"
38,6,414,"PP","SI"
80,7,415,"PP","SI"
26,70,415,"PP","SI"
5,7,415,"PP","SI"
2,16,415,"PP","SI"
46,6,415,"PP","SI"
208,1,415,"PP","SI"
11,33,415,"PP","SI"
86,4,415,"PP","SI"
41,2,415,"PP","SI"
17,6,415,"PP","SI"
76,7,415,"PP","SI"
33,13,415,"PP","SI"
62,8,415,"PP","SI"
12,12,415,"PP","SI"
59,6,415,"PP","SI"
14,33,415,"PP","SI"
30,3,415,"PP","SI"
62,8,415,"PP","SI"
7,10,415,"PP","SI"
39,1,415,"PP","SI"
11,33,415,"PP","SI"
45,8,415,"PP","SI"
13,4,415,"PP","SI"
78,11,415,"PP","SI"
48,6,415,"PP","SI"
67,12,415,"PP","SI"
49,6,415,"PP","SI"
17,6,415,"PP","SI"
26,70,415,"PP","SI"
64,16,415,"PP","SI"
14,33,415,"PP","SI"
30,3,415,"PP","SI"
67,12,416,"PP","SI"
36,5,416,"PP","SI"
28,32,416,"PP","SI"
80,7,416,"PP","SI"
39,1,416,"PP","SI"
82,1,416,"PP","SI"
38,6,416,"PP","SI"
78,11,416,"PP","SI"
298,1,416,"PP","SI"
5,7,416,"PP","SI"
64,16,416,"PP","SI"
75,6,416,"PP","SI"
57,12,416,"PP","SI"
30,3,416,"PP","SI"
33,13,416,"PP","SI"
45,8,416,"PP","SI"
41,2,416,"PP","SI"
81,2,416,"PP","SI"
24,5,416,"PP","SI"
11,33,416,"PP","SI"
19,11,416,"PP","SI"
60,6,416,"PP","SI"
76,7,416,"PP","SI"
72,9,416,"PP","SI"
62,8,416,"PP","SI"
26,70,416,"PP","SI"
46,6,416,"PP","SI"
78,11,416,"PP","SI"
44,33,416,"PP","SI"
67,12,416,"PP","SI"
47,10,416,"PP","SI"
38,6,416,"PP","SI"
26,70,417,"PP","SI"
80,7,417,"PP","SI"
15,1,417,"PP","SI"
32,11,417,"PP","SI"
75,6,417,"PP","SI"
18,4,417,"PP","SI"
13,4,417,"PP","SI"
82,1,417,"PP","SI"
62,8,417,"PP","SI"
72,9,417,"PP","SI"
33,13,417,"PP","SI"
64,16,417,"PP","SI"
41,2,417,"PP","SI"
33,13,417,"PP","SI"
13,4,417,"PP","SI"
91,10,417,"PP","SI"
49,6,417,"PP","SI"
14,33,417,"PP","SI"
39,1,417,"PP","SI"
442,1,417,"PP","SI"
298,1,417,"PP","SI"
36,5,417,"PP","SI"
67,12,417,"PP","SI"
56,7,417,"PP","SI"
11,33,417,"PP","SI"
30,3,417,"PP","SI"
81,2,417,"PP","SI"
20,8,417,"PP","SI"
45,8,417,"PP","SI"
8,6,417,"PP","SI"
19,11,417,"PP","SI"
5,7,417,"PP","SI"
536,1,418,"PP","SI"
59,6,418,"PP","SI"
14,33,418,"PP","SI"
75,6,418,"PP","SI"
298,1,418,"PP","SI"
20,8,418,"PP","SI"
442,1,418,"PP","SI"
17,6,418,"PP","SI"
13,4,418,"PP","SI"
78,11,418,"PP","SI"
41,2,418,"PP","SI"
33,13,418,"PP","SI"
45,8,418,"PP","SI"
18,4,418,"PP","SI"
28,32,418,"PP","SI"
11,33,418,"PP","SI"
28,32,418,"PP","SI"
64,16,418,"PP","SI"
12,12,418,"PP","SI"
17,6,418,"PP","SI"
51,3,418,"PP","SI"
8,6,418,"PP","SI"
49,6,418,"PP","SI"
26,70,418,"PP","SI"
48,6,418,"PP","SI"
19,11,418,"PP","SI"
47,10,418,"PP","SI"
67,12,418,"PP","SI"
2,16,418,"PP","SI"
208,1,418,"PP","SI"
217,1,418,"PP","SI"
38,6,418,"PP","SI"
77,20,419,"PP","SI"
14,33,419,"PP","SI"
61,40,419,"PP","SI"
19,11,419,"PP","SI"
12,12,419,"PP","SI"
41,2,419,"PP","SI"
38,6,419,"PP","SI"
36,5,419,"PP","SI"
13,4,419,"PP","SI"
217,1,419,"PP","SI"
16,7,419,"PP","SI"
4,11,419,"PP","SI"
28,32,419,"PP","SI"
24,5,419,"PP","SI"
20,8,419,"PP","SI"
49,6,419,"PP","SI"
60,6,419,"PP","SI"
67,12,419,"PP","SI"
27,3,419,"PP","SI"
30,3,419,"PP","SI"
11,33,419,"PP","SI"
298,1,419,"PP","SI"
57,12,419,"PP","SI"
45,8,419,"PP","SI"
32,11,419,"PP","SI"
26,70,419,"PP","SI"
31,6,419,"PP","SI"
39,1,419,"PP","SI"
33,13,419,"PP","SI"
78,11,419,"PP","SI"
64,16,419,"PP","SI"
536,1,419,"PP","SI"
57,12,420,"PP","SI"
4,11,420,"PP","SI"
298,1,420,"PP","SI"
8,6,420,"PP","SI"
66,1,420,"PP","SI"
26,70,420,"PP","SI"
33,13,420,"PP","SI"
48,6,420,"PP","SI"
91,10,420,"PP","SI"
18,4,420,"PP","SI"
44,33,420,"PP","SI"
11,33,420,"PP","SI"
32,11,420,"PP","SI"
60,6,420,"PP","SI"
44,33,420,"PP","SI"
82,1,420,"PP","SI"
78,11,420,"PP","SI"
14,33,420,"PP","SI"
62,8,420,"PP","SI"
20,8,420,"PP","SI"
59,6,420,"PP","SI"
86,4,420,"PP","SI"
28,32,420,"PP","SI"
80,7,420,"PP","SI"
208,1,420,"PP","SI"
19,11,420,"PP","SI"
38,6,420,"PP","SI"
17,6,420,"PP","SI"
13,4,420,"PP","SI"
80,7,420,"PP","SI"
12,12,420,"PP","SI"
15,1,420,"PP","SI"
200,1,421,"PP","SI"
44,33,421,"PP","SI"
59,6,421,"PP","SI"
28,32,421,"PP","SI"
17,6,421,"PP","SI"
62,8,421,"PP","SI"
39,1,421,"PP","SI"
30,3,421,"PP","SI"
48,6,421,"PP","SI"
77,20,421,"PP","SI"
4,11,421,"PP","SI"
208,1,421,"PP","SI"
77,20,421,"PP","SI"
61,40,421,"PP","SI"
32,11,421,"PP","SI"
80,7,421,"PP","SI"
16,7,421,"PP","SI"
7,10,421,"PP","SI"
66,1,421,"PP","SI"
57,12,421,"PP","SI"
18,4,421,"PP","SI"
36,5,421,"PP","SI"
12,12,421,"PP","SI"
14,33,421,"PP","SI"
19,11,421,"PP","SI"
75,6,421,"PP","SI"
86,4,421,"PP","SI"
51,3,421,"PP","SI"
31,6,421,"PP","SI"
12,12,421,"PP","SI"
78,11,421,"PP","SI"
56,7,421,"PP","SI"
30,3,422,"PP","SI"
67,12,422,"PP","SI"
72,9,422,"PP","SI"
64,16,422,"PP","SI"
80,7,422,"PP","SI"
17,6,422,"PP","SI"
66,1,422,"PP","SI"
14,33,422,"PP","SI"
7,10,422,"PP","SI"
208,1,422,"PP","SI"
59,6,422,"PP","SI"
298,1,422,"PP","SI"
64,16,422,"PP","SI"
56,7,422,"PP","SI"
33,13,422,"PP","SI"
11,33,422,"PP","SI"
47,10,422,"PP","SI"
57,12,422,"PP","SI"
41,2,422,"PP","SI"
26,70,422,"PP","SI"
46,6,422,"PP","SI"
18,4,422,"PP","SI"
24,5,422,"PP","SI"
62,8,422,"PP","SI"
77,20,422,"PP","SI"
13,4,422,"PP","SI"
82,1,422,"PP","SI"
78,11,422,"PP","SI"
2,16,422,"PP","SI"
59,6,422,"PP","SI"
48,6,422,"PP","SI"
76,7,422,"PP","SI"
33,13,423,"PP","SI"
7,10,423,"PP","SI"
45,8,423,"PP","SI"
86,4,423,"PP","SI"
26,70,423,"PP","SI"
12,12,423,"PP","SI"
51,3,423,"PP","SI"
20,8,423,"PP","SI"
48,6,423,"PP","SI"
81,2,423,"PP","SI"
91,10,423,"PP","SI"
47,10,423,"PP","SI"
298,1,423,"PP","SI"
32,11,423,"PP","SI"
28,32,423,"PP","SI"
61,40,423,"PP","SI"
41,2,423,"PP","SI"
91,10,423,"PP","SI"
38,6,423,"PP","SI"
19,11,423,"PP","SI"
5,7,423,"PP","SI"
59,6,423,"PP","SI"
17,6,423,"PP","SI"
13,4,423,"PP","SI"
27,3,423,"PP","SI"
78,11,423,"PP","SI"
200,1,423,"PP","SI"
75,6,423,"PP","SI"
23,8,423,"PP","SI"
14,33,423,"PP","SI"
11,33,423,"PP","SI"
77,20,423,"PP","SI"
18,4,424,"PP","SI"
5,7,424,"PP","SI"
200,1,424,"PP","SI"
61,40,424,"PP","SI"
17,6,424,"PP","SI"
77,20,424,"PP","SI"
67,12,424,"PP","SI"
33,13,424,"PP","SI"
91,10,424,"PP","SI"
2,16,424,"PP","SI"
80,7,424,"PP","SI"
13,4,424,"PP","SI"
49,6,424,"PP","SI"
536,1,424,"PP","SI"
11,33,424,"PP","SI"
44,33,424,"PP","SI"
7,10,424,"PP","SI"
59,6,424,"PP","SI"
61,40,424,"PP","SI"
45,8,424,"PP","SI"
78,11,424,"PP","SI"
47,10,424,"PP","SI"
91,10,424,"PP","SI"
8,6,424,"PP","SI"
67,12,424,"PP","SI"
82,1,424,"PP","SI"
38,6,424,"PP","SI"
30,3,424,"PP","SI"
19,11,424,"PP","SI"
81,2,424,"PP","SI"
48,6,424,"PP","SI"
39,1,424,"PP","SI"
76,7,425,"PP","SI"
26,70,425,"PP","SI"
16,7,425,"PP","SI"
59,6,425,"PP","SI"
62,8,425,"PP","SI"
67,12,425,"PP","SI"
31,6,425,"PP","SI"
12,12,425,"PP","SI"
78,11,425,"PP","SI"
19,11,425,"PP","SI"
66,1,425,"PP","SI"
13,4,425,"PP","SI"
208,1,425,"PP","SI"
62,8,425,"PP","SI"
20,8,425,"PP","SI"
7,10,425,"PP","SI"
56,7,425,"PP","SI"
442,1,425,"PP","SI"
57,12,425,"PP","SI"
46,6,425,"PP","SI"
200,1,425,"PP","SI"
59,6,425,"PP","SI"
91,10,425,"PP","SI"
39,1,425,"PP","SI"
91,10,425,"PP","SI"
82,1,425,"PP","SI"
4,11,425,"PP","SI"
51,3,425,"PP","SI"
28,32,425,"PP","SI"
23,8,425,"PP","SI"
11,33,425,"PP","SI"
536,1,425,"PP","SI"
26,70,426,"PP","SI"
64,16,426,"PP","SI"
59,6,426,"PP","SI"
8,6,426,"PP","SI"
66,1,426,"PP","SI"
49,6,426,"PP","SI"
77,20,426,"PP","SI"
24,5,426,"PP","SI"
67,12,426,"PP","SI"
44,33,426,"PP","SI"
11,33,426,"PP","SI"
17,6,426,"PP","SI"
7,10,426,"PP","SI"
61,40,426,"PP","SI"
4,11,426,"PP","SI"
46,6,426,"PP","SI"
59,6,426,"PP","SI"
77,20,426,"PP","SI"
64,16,426,"PP","SI"
11,33,426,"PP","SI"
91,10,426,"PP","SI"
76,7,426,"PP","SI"
86,4,426,"PP","SI"
26,70,426,"PP","SI"
41,2,426,"PP","SI"
217,1,426,"PP","SI"
12,12,426,"PP","SI"
27,3,426,"PP","SI"
78,11,426,"PP","SI"
45,8,426,"PP","SI"
32,11,426,"PP","SI"
38,6,426,"PP","SI"
48,6,427,"PP","SI"
57,12,427,"PP","SI"
72,9,427,"PP","SI"
44,33,427,"PP","SI"
81,2,427,"PP","SI"
57,12,427,"PP","SI"
80,7,427,"PP","SI"
80,7,427,"PP","SI"
64,16,427,"PP","SI"
200,1,427,"PP","SI"
56,7,427,"PP","SI"
18,4,427,"PP","SI"
442,1,427,"PP","SI"
78,11,427,"PP","SI"
7,10,427,"PP","SI"
59,6,427,"PP","SI"
13,4,427,"PP","SI"
11,33,427,"PP","SI"
30,3,427,"PP","SI"
49,6,427,"PP","SI"
91,10,427,"PP","SI"
61,40,427,"PP","SI"
46,6,427,"PP","SI"
91,10,427,"PP","SI"
19,11,427,"PP","SI"
62,8,427,"PP","SI"
12,12,427,"PP","SI"
26,70,427,"PP","SI"
11,33,427,"PP","SI"
44,33,427,"PP","SI"
32,11,427,"PP","SI"
48,6,427,"PP","SI"
208,1,428,"PP","SI"
64,16,428,"PP","SI"
13,4,428,"PP","SI"
76,7,428,"PP","SI"
33,13,428,"PP","SI"
47,10,428,"PP","SI"
49,6,428,"PP","SI"
12,12,428,"PP","SI"
75,6,428,"PP","SI"
72,9,428,"PP","SI"
16,7,428,"PP","SI"
11,33,428,"PP","SI"
14,33,428,"PP","SI"
38,6,428,"PP","SI"
26,70,428,"PP","SI"
82,1,428,"PP","SI"
14,33,428,"PP","SI"
27,3,428,"PP","SI"
44,33,428,"PP","SI"
56,7,428,"PP","SI"
91,10,428,"PP","SI"
81,2,428,"PP","SI"
38,6,428,"PP","SI"
67,12,428,"PP","SI"
77,20,428,"PP","SI"
32,11,428,"PP","SI"
41,2,428,"PP","SI"
20,8,428,"PP","SI"
41,2,428,"PP","SI"
30,3,428,"PP","SI"
2,16,428,"PP","SI"
46,6,428,"PP","SI"
39,1,429,"PP","SI"
28,32,429,"PP","SI"
61,40,429,"PP","SI"
26,70,429,"PP","SI"
76,7,429,"PP","SI"
64,16,429,"PP","SI"
49,6,429,"PP","SI"
81,2,429,"PP","SI"
38,6,429,"PP","SI"
61,40,429,"PP","SI"
5,7,429,"PP","SI"
60,6,429,"PP","SI"
80,7,429,"PP","SI"
62,8,429,"PP","SI"
59,6,429,"PP","SI"
62,8,429,"PP","SI"
217,1,429,"PP","SI"
67,12,429,"PP","SI"
17,6,429,"PP","SI"
200,1,429,"PP","SI"
24,5,429,"PP","SI"
45,8,429,"PP","SI"
59,6,429,"PP","SI"
32,11,429,"PP","SI"
48,6,429,"PP","SI"
7,10,429,"PP","SI"
56,7,429,"PP","SI"
26,70,429,"PP","SI"
19,11,429,"PP","SI"
298,1,429,"PP","SI"
23,8,429,"PP","SI"
48,6,429,"PP","SI"
46,6,430,"PP","SI"
80,7,430,"PP","SI"
26,70,430,"PP","SI"
48,6,430,"PP","SI"
61,40,430,"PP","SI"
64,16,430,"PP","SI"
17,6,430,"PP","SI"
36,5,430,"PP","SI"
49,6,430,"PP","SI"
38,6,430,"PP","SI"
39,1,430,"PP","SI"
17,6,430,"PP","SI"
8,6,430,"PP","SI"
5,7,430,"PP","SI"
76,7,430,"PP","SI"
77,20,430,"PP","SI"
14,33,430,"PP","SI"
62,8,430,"PP","SI"
45,8,430,"PP","SI"
78,11,430,"PP","SI"
80,7,430,"PP","SI"
14,33,430,"PP","SI"
91,10,430,"PP","SI"
46,6,430,"PP","SI"
217,1,430,"PP","SI"
33,13,430,"PP","SI"
7,10,430,"PP","SI"
72,9,430,"PP","SI"
30,3,430,"PP","SI"
16,7,430,"PP","SI"
20,8,430,"PP","SI"
15,1,430,"PP","SI"
61,40,431,"PP","SI"
442,1,431,"PP","SI"
24,5,431,"PP","SI"
48,6,431,"PP","SI"
64,16,431,"PP","SI"
18,4,431,"PP","SI"
23,8,431,"PP","SI"
17,6,431,"PP","SI"
77,20,431,"PP","SI"
60,6,431,"PP","SI"
64,16,431,"PP","SI"
48,6,431,"PP","SI"
81,2,431,"PP","SI"
2,16,431,"PP","SI"
26,70,431,"PP","SI"
46,6,431,"PP","SI"
26,70,431,"PP","SI"
66,1,431,"PP","SI"
91,10,431,"PP","SI"
33,13,431,"PP","SI"
77,20,431,"PP","SI"
59,6,431,"PP","SI"
49,6,431,"PP","SI"
62,8,431,"PP","SI"
7,10,431,"PP","SI"
57,12,431,"PP","SI"
7,10,431,"PP","SI"
200,1,431,"PP","SI"
57,12,431,"PP","SI"
41,2,431,"PP","SI"
14,33,431,"PP","SI"
80,7,431,"PP","SI"
4,11,432,"PP","SI"
77,20,432,"PP","SI"
86,4,432,"PP","SI"
56,7,432,"PP","SI"
77,20,432,"PP","SI"
442,1,432,"PP","SI"
23,8,432,"PP","SI"
20,8,432,"PP","SI"
61,40,432,"PP","SI"
17,6,432,"PP","SI"
5,7,432,"PP","SI"
38,6,432,"PP","SI"
91,10,432,"PP","SI"
13,4,432,"PP","SI"
7,10,432,"PP","SI"
16,7,432,"PP","SI"
200,1,432,"PP","SI"
31,6,432,"PP","SI"
11,33,432,"PP","SI"
26,70,432,"PP","SI"
48,6,432,"PP","SI"
14,33,432,"PP","SI"
17,6,432,"PP","SI"
67,12,432,"PP","SI"
19,11,432,"PP","SI"
27,3,432,"PP","SI"
208,1,432,"PP","SI"
48,6,432,"PP","SI"
66,1,432,"PP","SI"
75,6,432,"PP","SI"
2,16,432,"PP","SI"
217,1,432,"PP","SI"
13,4,433,"PP","SI"
78,11,433,"PP","SI"
91,10,433,"PP","SI"
67,12,433,"PP","SI"
62,8,433,"PP","SI"
45,8,433,"PP","SI"
28,32,433,"PP","SI"
208,1,433,"PP","SI"
24,5,433,"PP","SI"
46,6,433,"PP","SI"
32,11,433,"PP","SI"
61,40,433,"PP","SI"
47,10,433,"PP","SI"
39,1,433,"PP","SI"
77,20,433,"PP","SI"
12,12,433,"PP","SI"
8,6,433,"PP","SI"
77,20,433,"PP","SI"
30,3,433,"PP","SI"
536,1,433,"PP","SI"
67,12,433,"PP","SI"
442,1,433,"PP","SI"
78,11,433,"PP","SI"
30,3,433,"PP","SI"
38,6,433,"PP","SI"
18,4,433,"PP","SI"
72,9,433,"PP","SI"
48,6,433,"PP","SI"
5,7,433,"PP","SI"
57,12,433,"PP","SI"
44,33,433,"PP","SI"
86,4,433,"PP","SI"
200,1,434,"PP","SI"
56,7,434,"PP","SI"
23,8,434,"PP","SI"
4,11,434,"PP","SI"
20,8,434,"PP","SI"
2,16,434,"PP","SI"
26,70,434,"PP","SI"
81,2,434,"PP","SI"
19,11,434,"PP","SI"
30,3,434,"PP","SI"
80,7,434,"PP","SI"
28,32,434,"PP","SI"
57,12,434,"PP","SI"
60,6,434,"PP","SI"
41,2,434,"PP","SI"
442,1,434,"PP","SI"
18,4,434,"PP","SI"
14,33,434,"PP","SI"
536,1,434,"PP","SI"
82,1,434,"PP","SI"
16,7,434,"PP","SI"
62,8,434,"PP","SI"
11,33,434,"PP","SI"
32,11,434,"PP","SI"
86,4,434,"PP","SI"
28,32,434,"PP","SI"
7,10,434,"PP","SI"
32,11,434,"PP","SI"
64,16,434,"PP","SI"
45,8,434,"PP","SI"
62,8,434,"PP","SI"
64,16,434,"PP","SI"
7,10,435,"PP","SI"
4,11,435,"PP","SI"
49,6,435,"PP","SI"
200,1,435,"PP","SI"
91,10,435,"PP","SI"
77,20,435,"PP","SI"
15,1,435,"PP","SI"
28,32,435,"PP","SI"
61,40,435,"PP","SI"
14,33,435,"PP","SI"
30,3,435,"PP","SI"
13,4,435,"PP","SI"
7,10,435,"PP","SI"
17,6,435,"PP","SI"
12,12,435,"PP","SI"
62,8,435,"PP","SI"
46,6,435,"PP","SI"
26,70,435,"PP","SI"
80,7,435,"PP","SI"
39,1,435,"PP","SI"
45,8,435,"PP","SI"
78,11,435,"PP","SI"
62,8,435,"PP","SI"
298,1,435,"PP","SI"
5,7,435,"PP","SI"
11,33,435,"PP","SI"
77,20,435,"PP","SI"
66,1,435,"PP","SI"
28,32,435,"PP","SI"
75,6,435,"PP","SI"
8,6,435,"PP","SI"
20,8,435,"PP","SI"
26,70,436,"PP","SI"
45,8,436,"PP","SI"
19,11,436,"PP","SI"
49,6,436,"PP","SI"
32,11,436,"PP","SI"
14,33,436,"PP","SI"
27,3,436,"PP","SI"
298,1,436,"PP","SI"
31,6,436,"PP","SI"
33,13,436,"PP","SI"
62,8,436,"PP","SI"
56,7,436,"PP","SI"
33,13,436,"PP","SI"
57,12,436,"PP","SI"
75,6,436,"PP","SI"
17,6,436,"PP","SI"
91,10,436,"PP","SI"
30,3,436,"PP","SI"
24,5,436,"PP","SI"
80,7,436,"PP","SI"
57,12,436,"PP","SI"
13,4,436,"PP","SI"
48,6,436,"PP","SI"
64,16,436,"PP","SI"
26,70,436,"PP","SI"
20,8,436,"PP","SI"
59,6,436,"PP","SI"
17,6,436,"PP","SI"
47,10,436,"PP","SI"
30,3,436,"PP","SI"
81,2,436,"PP","SI"
28,32,436,"PP","SI"
64,16,437,"PP","SI"
49,6,437,"PP","SI"
14,33,437,"PP","SI"
51,3,437,"PP","SI"
33,13,437,"PP","SI"
66,1,437,"PP","SI"
44,33,437,"PP","SI"
4,11,437,"PP","SI"
76,7,437,"PP","SI"
16,7,437,"PP","SI"
200,1,437,"PP","SI"
45,8,437,"PP","SI"
26,70,437,"PP","SI"
61,40,437,"PP","SI"
23,8,437,"PP","SI"
77,20,437,"PP","SI"
78,11,437,"PP","SI"
32,11,437,"PP","SI"
442,1,437,"PP","SI"
56,7,437,"PP","SI"
91,10,437,"PP","SI"
2,16,437,"PP","SI"
17,6,437,"PP","SI"
15,1,437,"PP","SI"
91,10,437,"PP","SI"
59,6,437,"PP","SI"
26,70,437,"PP","SI"
18,4,437,"PP","SI"
28,32,437,"PP","SI"
57,12,437,"PP","SI"
46,6,437,"PP","SI"
12,12,437,"PP","SI"
66,1,438,"PP","SI"
72,9,438,"PP","SI"
13,4,438,"PP","SI"
20,8,438,"PP","SI"
44,33,438,"PP","SI"
28,32,438,"PP","SI"
45,8,438,"PP","SI"
41,2,438,"PP","SI"
32,11,438,"PP","SI"
82,1,438,"PP","SI"
11,33,438,"PP","SI"
33,13,438,"PP","SI"
67,12,438,"PP","SI"
536,1,438,"PP","SI"
30,3,438,"PP","SI"
80,7,438,"PP","SI"
38,6,438,"PP","SI"
200,1,438,"PP","SI"
7,10,438,"PP","SI"
208,1,438,"PP","SI"
47,10,438,"PP","SI"
49,6,438,"PP","SI"
57,12,438,"PP","SI"
31,6,438,"PP","SI"
86,4,438,"PP","SI"
57,12,438,"PP","SI"
59,6,438,"PP","SI"
48,6,438,"PP","SI"
77,20,438,"PP","SI"
8,6,438,"PP","SI"
39,1,438,"PP","SI"
298,1,438,"PP","SI"
8,6,439,"PP","SI"
91,10,439,"PP","SI"
78,11,439,"PP","SI"
28,32,439,"PP","SI"
30,3,439,"PP","SI"
24,5,439,"PP","SI"
91,10,439,"PP","SI"
72,9,439,"PP","SI"
13,4,439,"PP","SI"
47,10,439,"PP","SI"
4,11,439,"PP","SI"
2,16,439,"PP","SI"
32,11,439,"PP","SI"
26,70,439,"PP","SI"
77,20,439,"PP","SI"
86,4,439,"PP","SI"
39,1,439,"PP","SI"
46,6,439,"PP","SI"
31,6,439,"PP","SI"
36,5,439,"PP","SI"
78,11,439,"PP","SI"
32,11,439,"PP","SI"
19,11,439,"PP","SI"
56,7,439,"PP","SI"
23,8,439,"PP","SI"
17,6,439,"PP","SI"
19,11,439,"PP","SI"
46,6,439,"PP","SI"
57,12,439,"PP","SI"
61,40,439,"PP","SI"
44,33,439,"PP","SI"
7,10,439,"PP","SI"
41,2,440,"PP","SI"
23,8,440,"PP","SI"
7,10,440,"PP","SI"
77,20,440,"PP","SI"
44,33,440,"PP","SI"
44,33,440,"PP","SI"
46,6,440,"PP","SI"
46,6,440,"PP","SI"
13,4,440,"PP","SI"
57,12,440,"PP","SI"
41,2,440,"PP","SI"
26,70,440,"PP","SI"
28,32,440,"PP","SI"
61,40,440,"PP","SI"
17,6,440,"PP","SI"
19,11,440,"PP","SI"
78,11,440,"PP","SI"
31,6,440,"PP","SI"
442,1,440,"PP","SI"
49,6,440,"PP","SI"
17,6,440,"PP","SI"
33,13,440,"PP","SI"
66,1,440,"PP","SI"
26,70,440,"PP","SI"
51,3,440,"PP","SI"
78,11,440,"PP","SI"
91,10,440,"PP","SI"
5,7,440,"PP","SI"
62,8,440,"PP","SI"
75,6,440,"PP","SI"
80,7,440,"PP","SI"
48,6,440,"PP","SI"
19,11,441,"PP","SI"
64,16,441,"PP","SI"
17,6,441,"PP","SI"
536,1,441,"PP","SI"
81,2,441,"PP","SI"
13,4,441,"PP","SI"
61,40,441,"PP","SI"
36,5,441,"PP","SI"
62,8,441,"PP","SI"
48,6,441,"PP","SI"
4,11,441,"PP","SI"
61,40,441,"PP","SI"
46,6,441,"PP","SI"
59,6,441,"PP","SI"
57,12,441,"PP","SI"
217,1,441,"PP","SI"
56,7,441,"PP","SI"
20,8,441,"PP","SI"
18,4,441,"PP","SI"
38,6,441,"PP","SI"
17,6,441,"PP","SI"
26,70,441,"PP","SI"
41,2,441,"PP","SI"
14,33,441,"PP","SI"
59,6,441,"PP","SI"
38,6,441,"PP","SI"
24,5,441,"PP","SI"
57,12,441,"PP","SI"
23,8,441,"PP","SI"
44,33,441,"PP","SI"
51,3,441,"PP","SI"
32,11,441,"PP","SI"
45,8,442,"PP","SI"
56,7,442,"PP","SI"
2,16,442,"PP","SI"
77,20,442,"PP","SI"
59,6,442,"PP","SI"
31,6,442,"PP","SI"
75,6,442,"PP","SI"
16,7,442,"PP","SI"
66,1,442,"PP","SI"
61,40,442,"PP","SI"
62,8,442,"PP","SI"
82,1,442,"PP","SI"
28,32,442,"PP","SI"
51,3,442,"PP","SI"
78,11,442,"PP","SI"
15,1,442,"PP","SI"
32,11,442,"PP","SI"
4,11,442,"PP","SI"
67,12,442,"PP","SI"
298,1,442,"PP","SI"
19,11,442,"PP","SI"
24,5,442,"PP","SI"
200,1,442,"PP","SI"
86,4,442,"PP","SI"
12,12,442,"PP","SI"
77,20,442,"PP","SI"
13,4,442,"PP","SI"
62,8,442,"PP","SI"
44,33,442,"PP","SI"
30,3,442,"PP","SI"
17,6,442,"PP","SI"
30,3,442,"PP","SI"
200,1,443,"PP","SI"
59,6,443,"PP","SI"
8,6,443,"PP","SI"
38,6,443,"PP","SI"
91,10,443,"PP","SI"
38,6,443,"PP","SI"
39,1,443,"PP","SI"
7,10,443,"PP","SI"
62,8,443,"PP","SI"
57,12,443,"PP","SI"
17,6,443,"PP","SI"
28,32,443,"PP","SI"
67,12,443,"PP","SI"
67,12,443,"PP","SI"
72,9,443,"PP","SI"
298,1,443,"PP","SI"
44,33,443,"PP","SI"
61,40,443,"PP","SI"
23,8,443,"PP","SI"
11,33,443,"PP","SI"
49,6,443,"PP","SI"
47,10,443,"PP","SI"
15,1,443,"PP","SI"
66,1,443,"PP","SI"
17,6,443,"PP","SI"
33,13,443,"PP","SI"
75,6,443,"PP","SI"
30,3,443,"PP","SI"
57,12,443,"PP","SI"
26,70,443,"PP","SI"
76,7,443,"PP","SI"
32,11,443,"PP","SI"
72,9,444,"PP","SI"
4,11,444,"PP","SI"
57,12,444,"PP","SI"
36,5,444,"PP","SI"
62,8,444,"PP","SI"
30,3,444,"PP","SI"
91,10,444,"PP","SI"
16,7,444,"PP","SI"
30,3,444,"PP","SI"
5,7,444,"PP","SI"
298,1,444,"PP","SI"
44,33,444,"PP","SI"
32,11,444,"PP","SI"
38,6,444,"PP","SI"
81,2,444,"PP","SI"
208,1,444,"PP","SI"
15,1,444,"PP","SI"
91,10,444,"PP","SI"
48,6,444,"PP","SI"
14,33,444,"PP","SI"
26,70,444,"PP","SI"
14,33,444,"PP","SI"
17,6,444,"PP","SI"
200,1,444,"PP","SI"
28,32,444,"PP","SI"
27,3,444,"PP","SI"
78,11,444,"PP","SI"
24,5,444,"PP","SI"
59,6,444,"PP","SI"
86,4,444,"PP","SI"
49,6,444,"PP","SI"
28,32,444,"PP","SI"
48,6,445,"PP","SI"
80,7,445,"PP","SI"
57,12,445,"PP","SI"
59,6,445,"PP","SI"
298,1,445,"PP","SI"
38,6,445,"PP","SI"
15,1,445,"PP","SI"
64,16,445,"PP","SI"
72,9,445,"PP","SI"
78,11,445,"PP","SI"
49,6,445,"PP","SI"
64,16,445,"PP","SI"
26,70,445,"PP","SI"
77,20,445,"PP","SI"
11,33,445,"PP","SI"
14,33,445,"PP","SI"
536,1,445,"PP","SI"
48,6,445,"PP","SI"
14,33,445,"PP","SI"
30,3,445,"PP","SI"
26,70,445,"PP","SI"
5,7,445,"PP","SI"
66,1,445,"PP","SI"
44,33,445,"PP","SI"
67,12,445,"PP","SI"
31,6,445,"PP","SI"
28,32,445,"PP","SI"
60,6,445,"PP","SI"
61,40,445,"PP","SI"
62,8,445,"PP","SI"
59,6,445,"PP","SI"
33,13,445,"PP","SI"
81,2,446,"PP","SI"
217,1,446,"PP","SI"
19,11,446,"PP","SI"
36,5,446,"PP","SI"
86,4,446,"PP","SI"
17,6,446,"PP","SI"
13,4,446,"PP","SI"
12,12,446,"PP","SI"
49,6,446,"PP","SI"
19,11,446,"PP","SI"
28,32,446,"PP","SI"
47,10,446,"PP","SI"
72,9,446,"PP","SI"
26,70,446,"PP","SI"
45,8,446,"PP","SI"
80,7,446,"PP","SI"
66,1,446,"PP","SI"
4,11,446,"PP","SI"
41,2,446,"PP","SI"
298,1,446,"PP","SI"
91,10,446,"PP","SI"
77,20,446,"PP","SI"
12,12,446,"PP","SI"
39,1,446,"PP","SI"
67,12,446,"PP","SI"
33,13,446,"PP","SI"
57,12,446,"PP","SI"
64,16,446,"PP","SI"
18,4,446,"PP","SI"
33,13,446,"PP","SI"
11,33,446,"PP","SI"
11,33,446,"PP","SI"
48,6,447,"PP","SI"
18,4,447,"PP","SI"
57,12,447,"PP","SI"
48,6,447,"PP","SI"
77,20,447,"PP","SI"
46,6,447,"PP","SI"
61,40,447,"PP","SI"
17,6,447,"PP","SI"
19,11,447,"PP","SI"
78,11,447,"PP","SI"
27,3,447,"PP","SI"
15,1,447,"PP","SI"
16,7,447,"PP","SI"
66,1,447,"PP","SI"
64,16,447,"PP","SI"
298,1,447,"PP","SI"
33,13,447,"PP","SI"
19,11,447,"PP","SI"
49,6,447,"PP","SI"
39,1,447,"PP","SI"
51,3,447,"PP","SI"
38,6,447,"PP","SI"
62,8,447,"PP","SI"
67,12,447,"PP","SI"
44,33,447,"PP","SI"
200,1,447,"PP","SI"
64,16,447,"PP","SI"
81,2,447,"PP","SI"
8,6,447,"PP","SI"
12,12,447,"PP","SI"
61,40,447,"PP","SI"
32,11,447,"PP","SI"
12,12,448,"PP","SI"
62,8,448,"PP","SI"
45,8,448,"PP","SI"
11,33,448,"PP","SI"
61,40,448,"PP","SI"
46,6,448,"PP","SI"
20,8,448,"PP","SI"
46,6,448,"PP","SI"
30,3,448,"PP","SI"
47,10,448,"PP","SI"
7,10,448,"PP","SI"
200,1,448,"PP","SI"
32,11,448,"PP","SI"
62,8,448,"PP","SI"
13,4,448,"PP","SI"
298,1,448,"PP","SI"
75,6,448,"PP","SI"
44,33,448,"PP","SI"
64,16,448,"PP","SI"
59,6,448,"PP","SI"
81,2,448,"PP","SI"
24,5,448,"PP","SI"
41,2,448,"PP","SI"
91,10,448,"PP","SI"
39,1,448,"PP","SI"
12,12,448,"PP","SI"
33,13,448,"PP","SI"
14,33,448,"PP","SI"
14,33,448,"PP","SI"
60,6,448,"PP","SI"
17,6,448,"PP","SI"
208,1,448,"PP","SI"
67,12,449,"PP","SI"
217,1,449,"PP","SI"
208,1,449,"PP","SI"
7,10,449,"PP","SI"
27,3,449,"PP","SI"
38,6,449,"PP","SI"
26,70,449,"PP","SI"
38,6,449,"PP","SI"
23,8,449,"PP","SI"
59,6,449,"PP","SI"
11,33,449,"PP","SI"
13,4,449,"PP","SI"
62,8,449,"PP","SI"
86,4,449,"PP","SI"
64,16,449,"PP","SI"
60,6,449,"PP","SI"
76,7,449,"PP","SI"
67,12,449,"PP","SI"
26,70,449,"PP","SI"
72,9,449,"PP","SI"
45,8,449,"PP","SI"
78,11,449,"PP","SI"
39,1,449,"PP","SI"
77,20,449,"PP","SI"
7,10,449,"PP","SI"
59,6,449,"PP","SI"
91,10,449,"PP","SI"
14,33,449,"PP","SI"
80,7,449,"PP","SI"
12,12,449,"PP","SI"
62,8,449,"PP","SI"
46,6,449,"PP","SI"
49,6,450,"PP","SI"
59,6,450,"PP","SI"
44,33,450,"PP","SI"
20,8,450,"PP","SI"
27,3,450,"PP","SI"
217,1,450,"PP","SI"
38,6,450,"PP","SI"
82,1,450,"PP","SI"
24,5,450,"PP","SI"
62,8,450,"PP","SI"
57,12,450,"PP","SI"
48,6,450,"PP","SI"
45,8,450,"PP","SI"
41,2,450,"PP","SI"
298,1,450,"PP","SI"
77,20,450,"PP","SI"
28,32,450,"PP","SI"
46,6,450,"PP","SI"
38,6,450,"PP","SI"
56,7,450,"PP","SI"
12,12,450,"PP","SI"
8,6,450,"PP","SI"
81,2,450,"PP","SI"
17,6,450,"PP","SI"
66,1,450,"PP","SI"
536,1,450,"PP","SI"
57,12,450,"PP","SI"
31,6,450,"PP","SI"
11,33,450,"PP","SI"
11,33,450,"PP","SI"
77,20,450,"PP","SI"
15,1,450,"PP","SI"
23,8,451,"PP","SI"
536,1,451,"PP","SI"
46,6,451,"PP","SI"
60,6,451,"PP","SI"
19,11,451,"PP","SI"
67,12,451,"PP","SI"
24,5,451,"PP","SI"
47,10,451,"PP","SI"
62,8,451,"PP","SI"
80,7,451,"PP","SI"
17,6,451,"PP","SI"
67,12,451,"PP","SI"
15,1,451,"PP","SI"
8,6,451,"PP","SI"
12,12,451,"PP","SI"
30,3,451,"PP","SI"
44,33,451,"PP","SI"
77,20,451,"PP","SI"
11,33,451,"PP","SI"
61,40,451,"PP","SI"
30,3,451,"PP","SI"
12,12,451,"PP","SI"
49,6,451,"PP","SI"
19,11,451,"PP","SI"
44,33,451,"PP","SI"
91,10,451,"PP","SI"
91,10,451,"PP","SI"
16,7,451,"PP","SI"
200,1,451,"PP","SI"
61,40,451,"PP","SI"
78,11,451,"PP","SI"
33,13,451,"PP","SI"
47,10,452,"PP","SI"
41,2,452,"PP","SI"
39,1,452,"PP","SI"
33,13,452,"PP","SI"
57,12,452,"PP","SI"
57,12,452,"PP","SI"
536,1,452,"PP","SI"
28,32,452,"PP","SI"
8,6,452,"PP","SI"
2,16,452,"PP","SI"
36,5,452,"PP","SI"
66,1,452,"PP","SI"
23,8,452,"PP","SI"
7,10,452,"PP","SI"
26,70,452,"PP","SI"
41,2,452,"PP","SI"
7,10,452,"PP","SI"
64,16,452,"PP","SI"
38,6,452,"PP","SI"
30,3,452,"PP","SI"
51,3,452,"PP","SI"
75,6,452,"PP","SI"
14,33,452,"PP","SI"
17,6,452,"PP","SI"
19,11,452,"PP","SI"
59,6,452,"PP","SI"
44,33,452,"PP","SI"
49,6,452,"PP","SI"
91,10,452,"PP","SI"
5,7,452,"PP","SI"
24,5,452,"PP","SI"
298,1,452,"PP","SI"
49,6,453,"PP","SI"
64,16,453,"PP","SI"
48,6,453,"PP","SI"
67,12,453,"PP","SI"
62,8,453,"PP","SI"
76,7,453,"PP","SI"
75,6,453,"PP","SI"
91,10,453,"PP","SI"
13,4,453,"PP","SI"
5,7,453,"PP","SI"
31,6,453,"PP","SI"
56,7,453,"PP","SI"
45,8,453,"PP","SI"
38,6,453,"PP","SI"
14,33,453,"PP","SI"
64,16,453,"PP","SI"
442,1,453,"PP","SI"
38,6,453,"PP","SI"
32,11,453,"PP","SI"
39,1,453,"PP","SI"
51,3,453,"PP","SI"
18,4,453,"PP","SI"
12,12,453,"PP","SI"
27,3,453,"PP","SI"
208,1,453,"PP","SI"
19,11,453,"PP","SI"
13,4,453,"PP","SI"
80,7,453,"PP","SI"
7,10,453,"PP","SI"
46,6,453,"PP","SI"
17,6,453,"PP","SI"
17,6,453,"PP","SI"
77,20,454,"PP","SI"
298,1,454,"PP","SI"
442,1,454,"PP","SI"
39,1,454,"PP","SI"
51,3,454,"PP","SI"
23,8,454,"PP","SI"
76,7,454,"PP","SI"
66,1,454,"PP","SI"
77,20,454,"PP","SI"
4,11,454,"PP","SI"
41,2,454,"PP","SI"
16,7,454,"PP","SI"
17,6,454,"PP","SI"
2,16,454,"PP","SI"
81,2,454,"PP","SI"
33,13,454,"PP","SI"
208,1,454,"PP","SI"
86,4,454,"PP","SI"
14,33,454,"PP","SI"
17,6,454,"PP","SI"
32,11,454,"PP","SI"
200,1,454,"PP","SI"
67,12,454,"PP","SI"
11,33,454,"PP","SI"
33,13,454,"PP","SI"
48,6,454,"PP","SI"
62,8,454,"PP","SI"
26,70,454,"PP","SI"
41,2,454,"PP","SI"
12,12,454,"PP","SI"
11,33,454,"PP","SI"
44,33,454,"PP","SI"
81,2,455,"PP","SI"
48,6,455,"PP","SI"
45,8,455,"PP","SI"
2,16,455,"PP","SI"
56,7,455,"PP","SI"
18,4,455,"PP","SI"
5,7,455,"PP","SI"
298,1,455,"PP","SI"
86,4,455,"PP","SI"
13,4,455,"PP","SI"
7,10,455,"PP","SI"
91,10,455,"PP","SI"
46,6,455,"PP","SI"
15,1,455,"PP","SI"
77,20,455,"PP","SI"
31,6,455,"PP","SI"
12,12,455,"PP","SI"
51,3,455,"PP","SI"
26,70,455,"PP","SI"
200,1,455,"PP","SI"
57,12,455,"PP","SI"
36,5,455,"PP","SI"
64,16,455,"PP","SI"
67,12,455,"PP","SI"
26,70,455,"PP","SI"
11,33,455,"PP","SI"
19,11,455,"PP","SI"
59,6,455,"PP","SI"
27,3,455,"PP","SI"
8,6,455,"PP","SI"
20,8,455,"PP","SI"
217,1,455,"PP","SI"
8,6,456,"PP","SI"
86,4,456,"PP","SI"
45,8,456,"PP","SI"
78,11,456,"PP","SI"
61,40,456,"PP","SI"
217,1,456,"PP","SI"
16,7,456,"PP","SI"
41,2,456,"PP","SI"
75,6,456,"PP","SI"
80,7,456,"PP","SI"
7,10,456,"PP","SI"
17,6,456,"PP","SI"
33,13,456,"PP","SI"
12,12,456,"PP","SI"
57,12,456,"PP","SI"
48,6,456,"PP","SI"
48,6,456,"PP","SI"
82,1,456,"PP","SI"
32,11,456,"PP","SI"
51,3,456,"PP","SI"
59,6,456,"PP","SI"
7,10,456,"PP","SI"
46,6,456,"PP","SI"
67,12,456,"PP","SI"
91,10,456,"PP","SI"
64,16,456,"PP","SI"
81,2,456,"PP","SI"
56,7,456,"PP","SI"
24,5,456,"PP","SI"
57,12,456,"PP","SI"
298,1,456,"PP","SI"
46,6,456,"PP","SI"
64,16,457,"PP","SI"
33,13,457,"PP","SI"
75,6,457,"PP","SI"
56,7,457,"PP","SI"
62,8,457,"PP","SI"
62,8,457,"PP","SI"
30,3,457,"PP","SI"
8,6,457,"PP","SI"
13,4,457,"PP","SI"
442,1,457,"PP","SI"
57,12,457,"PP","SI"
4,11,457,"PP","SI"
46,6,457,"PP","SI"
33,13,457,"PP","SI"
19,11,457,"PP","SI"
12,12,457,"PP","SI"
30,3,457,"PP","SI"
60,6,457,"PP","SI"
80,7,457,"PP","SI"
47,10,457,"PP","SI"
20,8,457,"PP","SI"
64,16,457,"PP","SI"
11,33,457,"PP","SI"
51,3,457,"PP","SI"
14,33,457,"PP","SI"
200,1,457,"PP","SI"
19,11,457,"PP","SI"
91,10,457,"PP","SI"
44,33,457,"PP","SI"
86,4,457,"PP","SI"
16,7,457,"PP","SI"
13,4,457,"PP","SI"
8,6,458,"PP","SI"
2,16,458,"PP","SI"
45,8,458,"PP","SI"
66,1,458,"PP","SI"
27,3,458,"PP","SI"
59,6,458,"PP","SI"
30,3,458,"PP","SI"
46,6,458,"PP","SI"
17,6,458,"PP","SI"
18,4,458,"PP","SI"
64,16,458,"PP","SI"
200,1,458,"PP","SI"
11,33,458,"PP","SI"
61,40,458,"PP","SI"
30,3,458,"PP","SI"
44,33,458,"PP","SI"
442,1,458,"PP","SI"
77,20,458,"PP","SI"
56,7,458,"PP","SI"
14,33,458,"PP","SI"
19,11,458,"PP","SI"
78,11,458,"PP","SI"
41,2,458,"PP","SI"
57,12,458,"PP","SI"
38,6,458,"PP","SI"
91,10,458,"PP","SI"
80,7,458,"PP","SI"
32,11,458,"PP","SI"
64,16,458,"PP","SI"
14,33,458,"PP","SI"
46,6,458,"PP","SI"
44,33,458,"PP","SI"
66,1,459,"PP","SI"
28,32,459,"PP","SI"
14,33,459,"PP","SI"
57,12,459,"PP","SI"
72,9,459,"PP","SI"
26,70,459,"PP","SI"
91,10,459,"PP","SI"
80,7,459,"PP","SI"
47,10,459,"PP","SI"
48,6,459,"PP","SI"
76,7,459,"PP","SI"
57,12,459,"PP","SI"
44,33,459,"PP","SI"
62,8,459,"PP","SI"
32,11,459,"PP","SI"
16,7,459,"PP","SI"
48,6,459,"PP","SI"
11,33,459,"PP","SI"
5,7,459,"PP","SI"
59,6,459,"PP","SI"
13,4,459,"PP","SI"
67,12,459,"PP","SI"
59,6,459,"PP","SI"
38,6,459,"PP","SI"
7,10,459,"PP","SI"
14,33,459,"PP","SI"
217,1,459,"PP","SI"
49,6,459,"PP","SI"
15,1,459,"PP","SI"
38,6,459,"PP","SI"
60,6,459,"PP","SI"
7,10,459,"PP","SI"
38,6,460,"PP","SI"
67,12,460,"PP","SI"
536,1,460,"PP","SI"
14,33,460,"PP","SI"
57,12,460,"PP","SI"
32,11,460,"PP","SI"
20,8,460,"PP","SI"
31,6,460,"PP","SI"
7,10,460,"PP","SI"
57,12,460,"PP","SI"
12,12,460,"PP","SI"
13,4,460,"PP","SI"
26,70,460,"PP","SI"
44,33,460,"PP","SI"
91,10,460,"PP","SI"
4,11,460,"PP","SI"
11,33,460,"PP","SI"
217,1,460,"PP","SI"
442,1,460,"PP","SI"
27,3,460,"PP","SI"
44,33,460,"PP","SI"
59,6,460,"PP","SI"
80,7,460,"PP","SI"
64,16,460,"PP","SI"
45,8,460,"PP","SI"
26,70,460,"PP","SI"
46,6,460,"PP","SI"
81,2,460,"PP","SI"
59,6,460,"PP","SI"
91,10,460,"PP","SI"
13,4,460,"PP","SI"
75,6,460,"PP","SI"
19,11,461,"PP","SI"
91,10,461,"PP","SI"
33,13,461,"PP","SI"
2,16,461,"PP","SI"
200,1,461,"PP","SI"
45,8,461,"PP","SI"
4,11,461,"PP","SI"
62,8,461,"PP","SI"
41,2,461,"PP","SI"
57,12,461,"PP","SI"
44,33,461,"PP","SI"
32,11,461,"PP","SI"
217,1,461,"PP","SI"
64,16,461,"PP","SI"
14,33,461,"PP","SI"
13,4,461,"PP","SI"
46,6,461,"PP","SI"
39,1,461,"PP","SI"
13,4,461,"PP","SI"
77,20,461,"PP","SI"
30,3,461,"PP","SI"
77,20,461,"PP","SI"
208,1,461,"PP","SI"
78,11,461,"PP","SI"
59,6,461,"PP","SI"
19,11,461,"PP","SI"
59,6,461,"PP","SI"
67,12,461,"PP","SI"
33,13,461,"PP","SI"
12,12,461,"PP","SI"
14,33,461,"PP","SI"
536,1,461,"PP","SI"
31,6,462,"PP","SI"
77,20,462,"PP","SI"
5,7,462,"PP","SI"
44,33,462,"PP","SI"
13,4,462,"PP","SI"
11,33,462,"PP","SI"
442,1,462,"PP","SI"
46,6,462,"PP","SI"
64,16,462,"PP","SI"
67,12,462,"PP","SI"
19,11,462,"PP","SI"
15,1,462,"PP","SI"
16,7,462,"PP","SI"
91,10,462,"PP","SI"
38,6,462,"PP","SI"
14,33,462,"PP","SI"
60,6,462,"PP","SI"
57,12,462,"PP","SI"
217,1,462,"PP","SI"
61,40,462,"PP","SI"
66,1,462,"PP","SI"
48,6,462,"PP","SI"
51,3,462,"PP","SI"
30,3,462,"PP","SI"
67,12,462,"PP","SI"
59,6,462,"PP","SI"
48,6,462,"PP","SI"
78,11,462,"PP","SI"
33,13,462,"PP","SI"
77,20,462,"PP","SI"
72,9,462,"PP","SI"
13,4,462,"PP","SI"
41,2,463,"PP","SI"
46,6,463,"PP","SI"
81,2,463,"PP","SI"
33,13,463,"PP","SI"
442,1,463,"PP","SI"
31,6,463,"PP","SI"
75,6,463,"PP","SI"
78,11,463,"PP","SI"
11,33,463,"PP","SI"
61,40,463,"PP","SI"
33,13,463,"PP","SI"
91,10,463,"PP","SI"
18,4,463,"PP","SI"
45,8,463,"PP","SI"
2,16,463,"PP","SI"
200,1,463,"PP","SI"
23,8,463,"PP","SI"
77,20,463,"PP","SI"
217,1,463,"PP","SI"
15,1,463,"PP","SI"
91,10,463,"PP","SI"
13,4,463,"PP","SI"
208,1,463,"PP","SI"
64,16,463,"PP","SI"
26,70,463,"PP","SI"
38,6,463,"PP","SI"
46,6,463,"PP","SI"
28,32,463,"PP","SI"
4,11,463,"PP","SI"
19,11,463,"PP","SI"
51,3,463,"PP","SI"
67,12,463,"PP","SI"
46,6,464,"PP","SI"
19,11,464,"PP","SI"
20,8,464,"PP","SI"
46,6,464,"PP","SI"
15,1,464,"PP","SI"
16,7,464,"PP","SI"
33,13,464,"PP","SI"
26,70,464,"PP","SI"
17,6,464,"PP","SI"
24,5,464,"PP","SI"
11,33,464,"PP","SI"
41,2,464,"PP","SI"
48,6,464,"PP","SI"
62,8,464,"PP","SI"
78,11,464,"PP","SI"
13,4,464,"PP","SI"
217,1,464,"PP","SI"
56,7,464,"PP","SI"
536,1,464,"PP","SI"
64,16,464,"PP","SI"
59,6,464,"PP","SI"
4,11,464,"PP","SI"
72,9,464,"PP","SI"
30,3,464,"PP","SI"
32,11,464,"PP","SI"
66,1,464,"PP","SI"
19,11,464,"PP","SI"
7,10,464,"PP","SI"
38,6,464,"PP","SI"
80,7,464,"PP","SI"
5,7,464,"PP","SI"
82,1,464,"PP","SI"
200,1,465,"PP","SI"
7,10,465,"PP","SI"
12,12,465,"PP","SI"
12,12,465,"PP","SI"
66,1,465,"PP","SI"
77,20,465,"PP","SI"
77,20,465,"PP","SI"
72,9,465,"PP","SI"
41,2,465,"PP","SI"
44,33,465,"PP","SI"
536,1,465,"PP","SI"
298,1,465,"PP","SI"
91,10,465,"PP","SI"
4,11,465,"PP","SI"
28,32,465,"PP","SI"
30,3,465,"PP","SI"
51,3,465,"PP","SI"
64,16,465,"PP","SI"
24,5,465,"PP","SI"
44,33,465,"PP","SI"
38,6,465,"PP","SI"
62,8,465,"PP","SI"
57,12,465,"PP","SI"
57,12,465,"PP","SI"
49,6,465,"PP","SI"
56,7,465,"PP","SI"
32,11,465,"PP","SI"
17,6,465,"PP","SI"
59,6,465,"PP","SI"
13,4,465,"PP","SI"
19,11,465,"PP","SI"
30,3,465,"PP","SI"
64,16,466,"PP","SI"
61,40,466,"PP","SI"
77,20,466,"PP","SI"
57,12,466,"PP","SI"
78,11,466,"PP","SI"
24,5,466,"PP","SI"
16,7,466,"PP","SI"
44,33,466,"PP","SI"
62,8,466,"PP","SI"
208,1,466,"PP","SI"
19,11,466,"PP","SI"
59,6,466,"PP","SI"
36,5,466,"PP","SI"
26,70,466,"PP","SI"
82,1,466,"PP","SI"
217,1,466,"PP","SI"
38,6,466,"PP","SI"
15,1,466,"PP","SI"
44,33,466,"PP","SI"
67,12,466,"PP","SI"
59,6,466,"PP","SI"
7,10,466,"PP","SI"
8,6,466,"PP","SI"
38,6,466,"PP","SI"
60,6,466,"PP","SI"
17,6,466,"PP","SI"
19,11,466,"PP","SI"
11,33,466,"PP","SI"
7,10,466,"PP","SI"
41,2,466,"PP","SI"
48,6,466,"PP","SI"
39,1,466,"PP","SI"
18,4,467,"PP","SI"
5,7,467,"PP","SI"
17,6,467,"PP","SI"
57,12,467,"PP","SI"
32,11,467,"PP","SI"
26,70,467,"PP","SI"
13,4,467,"PP","SI"
80,7,467,"PP","SI"
80,7,467,"PP","SI"
24,5,467,"PP","SI"
77,20,467,"PP","SI"
91,10,467,"PP","SI"
28,32,467,"PP","SI"
28,32,467,"PP","SI"
12,12,467,"PP","SI"
11,33,467,"PP","SI"
67,12,467,"PP","SI"
23,8,467,"PP","SI"
12,12,467,"PP","SI"
64,16,467,"PP","SI"
298,1,467,"PP","SI"
2,16,467,"PP","SI"
32,11,467,"PP","SI"
536,1,467,"PP","SI"
217,1,467,"PP","SI"
41,2,467,"PP","SI"
14,33,467,"PP","SI"
81,2,467,"PP","SI"
14,33,467,"PP","SI"
46,6,467,"PP","SI"
78,11,467,"PP","SI"
39,1,467,"PP","SI"
61,40,468,"PP","SI"
59,6,468,"PP","SI"
57,12,468,"PP","SI"
44,33,468,"PP","SI"
26,70,468,"PP","SI"
19,11,468,"PP","SI"
16,7,468,"PP","SI"
208,1,468,"PP","SI"
38,6,468,"PP","SI"
24,5,468,"PP","SI"
28,32,468,"PP","SI"
46,6,468,"PP","SI"
11,33,468,"PP","SI"
86,4,468,"PP","SI"
67,12,468,"PP","SI"
76,7,468,"PP","SI"
81,2,468,"PP","SI"
200,1,468,"PP","SI"
30,3,468,"PP","SI"
47,10,468,"PP","SI"
77,20,468,"PP","SI"
17,6,468,"PP","SI"
5,7,468,"PP","SI"
536,1,468,"PP","SI"
30,3,468,"PP","SI"
62,8,468,"PP","SI"
36,5,468,"PP","SI"
48,6,468,"PP","SI"
78,11,468,"PP","SI"
14,33,468,"PP","SI"
61,40,468,"PP","SI"
39,1,468,"PP","SI"
57,12,469,"PP","SI"
38,6,469,"PP","SI"
30,3,469,"PP","SI"
13,4,469,"PP","SI"
298,1,469,"PP","SI"
49,6,469,"PP","SI"
77,20,469,"PP","SI"
78,11,469,"PP","SI"
2,16,469,"PP","SI"
200,1,469,"PP","SI"
64,16,469,"PP","SI"
38,6,469,"PP","SI"
13,4,469,"PP","SI"
11,33,469,"PP","SI"
61,40,469,"PP","SI"
61,40,469,"PP","SI"
44,33,469,"PP","SI"
27,3,469,"PP","SI"
442,1,469,"PP","SI"
46,6,469,"PP","SI"
60,6,469,"PP","SI"
48,6,469,"PP","SI"
32,11,469,"PP","SI"
57,12,469,"PP","SI"
5,7,469,"PP","SI"
217,1,469,"PP","SI"
62,8,469,"PP","SI"
75,6,469,"PP","SI"
80,7,469,"PP","SI"
17,6,469,"PP","SI"
78,11,469,"PP","SI"
26,70,469,"PP","SI"
200,1,470,"PP","SI"
32,11,470,"PP","SI"
38,6,470,"PP","SI"
19,11,470,"PP","SI"
7,10,470,"PP","SI"
18,4,470,"PP","SI"
12,12,470,"PP","SI"
17,6,470,"PP","SI"
31,6,470,"PP","SI"
80,7,470,"PP","SI"
46,6,470,"PP","SI"
81,2,470,"PP","SI"
30,3,470,"PP","SI"
80,7,470,"PP","SI"
51,3,470,"PP","SI"
12,12,470,"PP","SI"
61,40,470,"PP","SI"
28,32,470,"PP","SI"
47,10,470,"PP","SI"
91,10,470,"PP","SI"
41,2,470,"PP","SI"
57,12,470,"PP","SI"
64,16,470,"PP","SI"
17,6,470,"PP","SI"
11,33,470,"PP","SI"
57,12,470,"PP","SI"
36,5,470,"PP","SI"
26,70,470,"PP","SI"
77,20,470,"PP","SI"
2,16,470,"PP","SI"
67,12,470,"PP","SI"
7,10,470,"PP","SI"
31,6,471,"PP","SI"
12,12,471,"PP","SI"
32,11,471,"PP","SI"
47,10,471,"PP","SI"
45,8,471,"PP","SI"
64,16,471,"PP","SI"
46,6,471,"PP","SI"
41,2,471,"PP","SI"
44,33,471,"PP","SI"
12,12,471,"PP","SI"
200,1,471,"PP","SI"
62,8,471,"PP","SI"
61,40,471,"PP","SI"
17,6,471,"PP","SI"
80,7,471,"PP","SI"
28,32,471,"PP","SI"
30,3,471,"PP","SI"
23,8,471,"PP","SI"
91,10,471,"PP","SI"
17,6,471,"PP","SI"
7,10,471,"PP","SI"
7,10,471,"PP","SI"
26,70,471,"PP","SI"
80,7,471,"PP","SI"
78,11,471,"PP","SI"
77,20,471,"PP","SI"
536,1,471,"PP","SI"
32,11,471,"PP","SI"
48,6,471,"PP","SI"
82,1,471,"PP","SI"
24,5,471,"PP","SI"
41,2,471,"PP","SI"
18,4,472,"PP","SI"
17,6,472,"PP","SI"
11,33,472,"PP","SI"
217,1,472,"PP","SI"
64,16,472,"PP","SI"
77,20,472,"PP","SI"
82,1,472,"PP","SI"
62,8,472,"PP","SI"
48,6,472,"PP","SI"
41,2,472,"PP","SI"
5,7,472,"PP","SI"
59,6,472,"PP","SI"
78,11,472,"PP","SI"
19,11,472,"PP","SI"
442,1,472,"PP","SI"
536,1,472,"PP","SI"
75,6,472,"PP","SI"
32,11,472,"PP","SI"
44,33,472,"PP","SI"
45,8,472,"PP","SI"
26,70,472,"PP","SI"
33,13,472,"PP","SI"
57,12,472,"PP","SI"
46,6,472,"PP","SI"
61,40,472,"PP","SI"
91,10,472,"PP","SI"
76,7,472,"PP","SI"
14,33,472,"PP","SI"
28,32,472,"PP","SI"
78,11,472,"PP","SI"
60,6,472,"PP","SI"
38,6,472,"PP","SI"
38,6,473,"PP","SI"
18,4,473,"PP","SI"
39,1,473,"PP","SI"
31,6,473,"PP","SI"
61,40,473,"PP","SI"
78,11,473,"PP","SI"
44,33,473,"PP","SI"
49,6,473,"PP","SI"
24,5,473,"PP","SI"
33,13,473,"PP","SI"
38,6,473,"PP","SI"
80,7,473,"PP","SI"
91,10,473,"PP","SI"
44,33,473,"PP","SI"
81,2,473,"PP","SI"
5,7,473,"PP","SI"
78,11,473,"PP","SI"
62,8,473,"PP","SI"
19,11,473,"PP","SI"
36,5,473,"PP","SI"
86,4,473,"PP","SI"
77,20,473,"PP","SI"
4,11,473,"PP","SI"
200,1,473,"PP","SI"
77,20,473,"PP","SI"
12,12,473,"PP","SI"
59,6,473,"PP","SI"
64,16,473,"PP","SI"
47,10,473,"PP","SI"
76,7,473,"PP","SI"
28,32,473,"PP","SI"
72,9,473,"PP","SI"
47,10,474,"PP","SI"
66,1,474,"PP","SI"
31,6,474,"PP","SI"
27,3,474,"PP","SI"
59,6,474,"PP","SI"
82,1,474,"PP","SI"
64,16,474,"PP","SI"
59,6,474,"PP","SI"
11,33,474,"PP","SI"
80,7,474,"PP","SI"
12,12,474,"PP","SI"
18,4,474,"PP","SI"
17,6,474,"PP","SI"
49,6,474,"PP","SI"
38,6,474,"PP","SI"
33,13,474,"PP","SI"
536,1,474,"PP","SI"
60,6,474,"PP","SI"
4,11,474,"PP","SI"
45,8,474,"PP","SI"
72,9,474,"PP","SI"
217,1,474,"PP","SI"
78,11,474,"PP","SI"
32,11,474,"PP","SI"
46,6,474,"PP","SI"
62,8,474,"PP","SI"
11,33,474,"PP","SI"
13,4,474,"PP","SI"
75,6,474,"PP","SI"
14,33,474,"PP","SI"
19,11,474,"PP","SI"
39,1,474,"PP","SI"
56,7,475,"PP","SI"
77,20,475,"PP","SI"
62,8,475,"PP","SI"
72,9,475,"PP","SI"
64,16,475,"PP","SI"
26,70,475,"PP","SI"
60,6,475,"PP","SI"
39,1,475,"PP","SI"
2,16,475,"PP","SI"
66,1,475,"PP","SI"
67,12,475,"PP","SI"
17,6,475,"PP","SI"
11,33,475,"PP","SI"
31,6,475,"PP","SI"
32,11,475,"PP","SI"
32,11,475,"PP","SI"
82,1,475,"PP","SI"
57,12,475,"PP","SI"
78,11,475,"PP","SI"
5,7,475,"PP","SI"
30,3,475,"PP","SI"
16,7,475,"PP","SI"
44,33,475,"PP","SI"
80,7,475,"PP","SI"
28,32,475,"PP","SI"
442,1,475,"PP","SI"
11,33,475,"PP","SI"
59,6,475,"PP","SI"
36,5,475,"PP","SI"
298,1,475,"PP","SI"
49,6,475,"PP","SI"
13,4,475,"PP","SI"
41,2,476,"PP","SI"
11,33,476,"PP","SI"
2,16,476,"PP","SI"
82,1,476,"PP","SI"
61,40,476,"PP","SI"
75,6,476,"PP","SI"
59,6,476,"PP","SI"
64,16,476,"PP","SI"
13,4,476,"PP","SI"
72,9,476,"PP","SI"
14,33,476,"PP","SI"
17,6,476,"PP","SI"
81,2,476,"PP","SI"
26,70,476,"PP","SI"
200,1,476,"PP","SI"
28,32,476,"PP","SI"
67,12,476,"PP","SI"
78,11,476,"PP","SI"
23,8,476,"PP","SI"
38,6,476,"PP","SI"
46,6,476,"PP","SI"
31,6,476,"PP","SI"
208,1,476,"PP","SI"
59,6,476,"PP","SI"
46,6,476,"PP","SI"
14,33,476,"PP","SI"
77,20,476,"PP","SI"
217,1,476,"PP","SI"
28,32,476,"PP","SI"
39,1,476,"PP","SI"
48,6,476,"PP","SI"
64,16,476,"PP","SI"
19,11,477,"PP","SI"
67,12,477,"PP","SI"
77,20,477,"PP","SI"
31,6,477,"PP","SI"
217,1,477,"PP","SI"
12,12,477,"PP","SI"
32,11,477,"PP","SI"
41,2,477,"PP","SI"
67,12,477,"PP","SI"
72,9,477,"PP","SI"
49,6,477,"PP","SI"
61,40,477,"PP","SI"
64,16,477,"PP","SI"
17,6,477,"PP","SI"
36,5,477,"PP","SI"
41,2,477,"PP","SI"
51,3,477,"PP","SI"
14,33,477,"PP","SI"
33,13,477,"PP","SI"
28,32,477,"PP","SI"
5,7,477,"PP","SI"
38,6,477,"PP","SI"
81,2,477,"PP","SI"
30,3,477,"PP","SI"
7,10,477,"PP","SI"
91,10,477,"PP","SI"
45,8,477,"PP","SI"
77,20,477,"PP","SI"
15,1,477,"PP","SI"
78,11,477,"PP","SI"
30,3,477,"PP","SI"
8,6,477,"PP","SI"
61,40,478,"PP","SI"
91,10,478,"PP","SI"
17,6,478,"PP","SI"
62,8,478,"PP","SI"
16,7,478,"PP","SI"
80,7,478,"PP","SI"
32,11,478,"PP","SI"
8,6,478,"PP","SI"
47,10,478,"PP","SI"
7,10,478,"PP","SI"
51,3,478,"PP","SI"
46,6,478,"PP","SI"
11,33,478,"PP","SI"
45,8,478,"PP","SI"
64,16,478,"PP","SI"
2,16,478,"PP","SI"
86,4,478,"PP","SI"
46,6,478,"PP","SI"
26,70,478,"PP","SI"
298,1,478,"PP","SI"
36,5,478,"PP","SI"
61,40,478,"PP","SI"
13,4,478,"PP","SI"
19,11,478,"PP","SI"
33,13,478,"PP","SI"
56,7,478,"PP","SI"
41,2,478,"PP","SI"
67,12,478,"PP","SI"
14,33,478,"PP","SI"
17,6,478,"PP","SI"
30,3,478,"PP","SI"
59,6,478,"PP","SI"
59,6,479,"PP","SI"
15,1,479,"PP","SI"
67,12,479,"PP","SI"
208,1,479,"PP","SI"
67,12,479,"PP","SI"
45,8,479,"PP","SI"
51,3,479,"PP","SI"
217,1,479,"PP","SI"
200,1,479,"PP","SI"
59,6,479,"PP","SI"
24,5,479,"PP","SI"
26,70,479,"PP","SI"
38,6,479,"PP","SI"
536,1,479,"PP","SI"
80,7,479,"PP","SI"
30,3,479,"PP","SI"
76,7,479,"PP","SI"
5,7,479,"PP","SI"
13,4,479,"PP","SI"
80,7,479,"PP","SI"
61,40,479,"PP","SI"
442,1,479,"PP","SI"
18,4,479,"PP","SI"
41,2,479,"PP","SI"
66,1,479,"PP","SI"
27,3,479,"PP","SI"
77,20,479,"PP","SI"
19,11,479,"PP","SI"
7,10,479,"PP","SI"
48,6,479,"PP","SI"
62,8,479,"PP","SI"
56,7,479,"PP","SI"
49,6,480,"PP","SI"
442,1,480,"PP","SI"
38,6,480,"PP","SI"
86,4,480,"PP","SI"
44,33,480,"PP","SI"
78,11,480,"PP","SI"
14,33,480,"PP","SI"
2,16,480,"PP","SI"
39,1,480,"PP","SI"
32,11,480,"PP","SI"
64,16,480,"PP","SI"
61,40,480,"PP","SI"
82,1,480,"PP","SI"
20,8,480,"PP","SI"
57,12,480,"PP","SI"
200,1,480,"PP","SI"
44,33,480,"PP","SI"
23,8,480,"PP","SI"
28,32,480,"PP","SI"
91,10,480,"PP","SI"
76,7,480,"PP","SI"
26,70,480,"PP","SI"
14,33,480,"PP","SI"
62,8,480,"PP","SI"
45,8,480,"PP","SI"
33,13,480,"PP","SI"
66,1,480,"PP","SI"
13,4,480,"PP","SI"
51,3,480,"PP","SI"
77,20,480,"PP","SI"
81,2,480,"PP","SI"
61,40,480,"PP","SI"
30,3,481,"PP","SI"
48,6,481,"PP","SI"
48,6,481,"PP","SI"
64,16,481,"PP","SI"
217,1,481,"PP","SI"
19,11,481,"PP","SI"
33,13,481,"PP","SI"
46,6,481,"PP","SI"
47,10,481,"PP","SI"
61,40,481,"PP","SI"
27,3,481,"PP","SI"
20,8,481,"PP","SI"
59,6,481,"PP","SI"
77,20,481,"PP","SI"
46,6,481,"PP","SI"
62,8,481,"PP","SI"
4,11,481,"PP","SI"
80,7,481,"PP","SI"
64,16,481,"PP","SI"
82,1,481,"PP","SI"
24,5,481,"PP","SI"
7,10,481,"PP","SI"
28,32,481,"PP","SI"
36,5,481,"PP","SI"
56,7,481,"PP","SI"
32,11,481,"PP","SI"
33,13,481,"PP","SI"
298,1,481,"PP","SI"
49,6,481,"PP","SI"
30,3,481,"PP","SI"
39,1,481,"PP","SI"
57,12,481,"PP","SI"
15,1,482,"PP","SI"
17,6,482,"PP","SI"
5,7,482,"PP","SI"
4,11,482,"PP","SI"
208,1,482,"PP","SI"
12,12,482,"PP","SI"
61,40,482,"PP","SI"
13,4,482,"PP","SI"
30,3,482,"PP","SI"
39,1,482,"PP","SI"
13,4,482,"PP","SI"
48,6,482,"PP","SI"
32,11,482,"PP","SI"
31,6,482,"PP","SI"
19,11,482,"PP","SI"
33,13,482,"PP","SI"
91,10,482,"PP","SI"
56,7,482,"PP","SI"
60,6,482,"PP","SI"
77,20,482,"PP","SI"
28,32,482,"PP","SI"
76,7,482,"PP","SI"
48,6,482,"PP","SI"
59,6,482,"PP","SI"
62,8,482,"PP","SI"
91,10,482,"PP","SI"
32,11,482,"PP","SI"
44,33,482,"PP","SI"
11,33,482,"PP","SI"
2,16,482,"PP","SI"
19,11,482,"PP","SI"
64,16,482,"PP","SI"
38,6,483,"PP","SI"
77,20,483,"PP","SI"
217,1,483,"PP","SI"
44,33,483,"PP","SI"
23,8,483,"PP","SI"
80,7,483,"PP","SI"
7,10,483,"PP","SI"
536,1,483,"PP","SI"
26,70,483,"PP","SI"
77,20,483,"PP","SI"
26,70,483,"PP","SI"
15,1,483,"PP","SI"
46,6,483,"PP","SI"
208,1,483,"PP","SI"
62,8,483,"PP","SI"
72,9,483,"PP","SI"
30,3,483,"PP","SI"
59,6,483,"PP","SI"
41,2,483,"PP","SI"
20,8,483,"PP","SI"
57,12,483,"PP","SI"
13,4,483,"PP","SI"
61,40,483,"PP","SI"
32,11,483,"PP","SI"
49,6,483,"PP","SI"
5,7,483,"PP","SI"
39,1,483,"PP","SI"
32,11,483,"PP","SI"
81,2,483,"PP","SI"
48,6,483,"PP","SI"
64,16,483,"PP","SI"
30,3,483,"PP","SI"
298,1,484,"PP","SI"
44,33,484,"PP","SI"
61,40,484,"PP","SI"
46,6,484,"PP","SI"
78,11,484,"PP","SI"
208,1,484,"PP","SI"
13,4,484,"PP","SI"
72,9,484,"PP","SI"
61,40,484,"PP","SI"
12,12,484,"PP","SI"
536,1,484,"PP","SI"
49,6,484,"PP","SI"
28,32,484,"PP","SI"
77,20,484,"PP","SI"
28,32,484,"PP","SI"
57,12,484,"PP","SI"
5,7,484,"PP","SI"
75,6,484,"PP","SI"
48,6,484,"PP","SI"
48,6,484,"PP","SI"
24,5,484,"PP","SI"
11,33,484,"PP","SI"
67,12,484,"PP","SI"
51,3,484,"PP","SI"
41,2,484,"PP","SI"
19,11,484,"PP","SI"
66,1,484,"PP","SI"
8,6,484,"PP","SI"
82,1,484,"PP","SI"
41,2,484,"PP","SI"
26,70,484,"PP","SI"
18,4,484,"PP","SI"
11,33,485,"PP","SI"
17,6,485,"PP","SI"
16,7,485,"PP","SI"
51,3,485,"PP","SI"
298,1,485,"PP","SI"
442,1,485,"PP","SI"
4,11,485,"PP","SI"
67,12,485,"PP","SI"
48,6,485,"PP","SI"
18,4,485,"PP","SI"
33,13,485,"PP","SI"
7,10,485,"PP","SI"
23,8,485,"PP","SI"
80,7,485,"PP","SI"
57,12,485,"PP","SI"
26,70,485,"PP","SI"
8,6,485,"PP","SI"
38,6,485,"PP","SI"
91,10,485,"PP","SI"
39,1,485,"PP","SI"
72,9,485,"PP","SI"
200,1,485,"PP","SI"
77,20,485,"PP","SI"
77,20,485,"PP","SI"
86,4,485,"PP","SI"
26,70,485,"PP","SI"
13,4,485,"PP","SI"
5,7,485,"PP","SI"
76,7,485,"PP","SI"
20,8,485,"PP","SI"
32,11,485,"PP","SI"
2,16,485,"PP","SI"
24,5,486,"PP","SI"
49,6,486,"PP","SI"
80,7,486,"PP","SI"
80,7,486,"PP","SI"
31,6,486,"PP","SI"
17,6,486,"PP","SI"
75,6,486,"PP","SI"
15,1,486,"PP","SI"
45,8,486,"PP","SI"
46,6,486,"PP","SI"
13,4,486,"PP","SI"
86,4,486,"PP","SI"
33,13,486,"PP","SI"
11,33,486,"PP","SI"
48,6,486,"PP","SI"
44,33,486,"PP","SI"
64,16,486,"PP","SI"
217,1,486,"PP","SI"
14,33,486,"PP","SI"
62,8,486,"PP","SI"
4,11,486,"PP","SI"
78,11,486,"PP","SI"
7,10,486,"PP","SI"
57,12,486,"PP","SI"
20,8,486,"PP","SI"
14,33,486,"PP","SI"
17,6,486,"PP","SI"
77,20,486,"PP","SI"
44,33,486,"PP","SI"
82,1,486,"PP","SI"
2,16,486,"PP","SI"
38,6,486,"PP","SI"
59,6,487,"PP","SI"
67,12,487,"PP","SI"
46,6,487,"PP","SI"
14,33,487,"PP","SI"
217,1,487,"PP","SI"
298,1,487,"PP","SI"
33,13,487,"PP","SI"
62,8,487,"PP","SI"
51,3,487,"PP","SI"
44,33,487,"PP","SI"
41,2,487,"PP","SI"
20,8,487,"PP","SI"
91,10,487,"PP","SI"
82,1,487,"PP","SI"
72,9,487,"PP","SI"
60,6,487,"PP","SI"
2,16,487,"PP","SI"
26,70,487,"PP","SI"
32,11,487,"PP","SI"
64,16,487,"PP","SI"
15,1,487,"PP","SI"
80,7,487,"PP","SI"
7,10,487,"PP","SI"
49,6,487,"PP","SI"
536,1,487,"PP","SI"
48,6,487,"PP","SI"
77,20,487,"PP","SI"
12,12,487,"PP","SI"
31,6,487,"PP","SI"
76,7,487,"PP","SI"
16,7,487,"PP","SI"
17,6,487,"PP","SI"
20,8,488,"PP","SI"
44,33,488,"PP","SI"
48,6,488,"PP","SI"
7,10,488,"PP","SI"
33,13,488,"PP","SI"
17,6,488,"PP","SI"
28,32,488,"PP","SI"
66,1,488,"PP","SI"
67,12,488,"PP","SI"
32,11,488,"PP","SI"
38,6,488,"PP","SI"
16,7,488,"PP","SI"
80,7,488,"PP","SI"
30,3,488,"PP","SI"
80,7,488,"PP","SI"
38,6,488,"PP","SI"
60,6,488,"PP","SI"
57,12,488,"PP","SI"
536,1,488,"PP","SI"
11,33,488,"PP","SI"
61,40,488,"PP","SI"
75,6,488,"PP","SI"
41,2,488,"PP","SI"
59,6,488,"PP","SI"
13,4,488,"PP","SI"
19,11,488,"PP","SI"
15,1,488,"PP","SI"
81,2,488,"PP","SI"
23,8,488,"PP","SI"
62,8,488,"PP","SI"
11,33,488,"PP","SI"
62,8,488,"PP","SI"
536,1,489,"PP","SI"
66,1,489,"PP","SI"
5,7,489,"PP","SI"
81,2,489,"PP","SI"
7,10,489,"PP","SI"
30,3,489,"PP","SI"
47,10,489,"PP","SI"
62,8,489,"PP","SI"
48,6,489,"PP","SI"
32,11,489,"PP","SI"
82,1,489,"PP","SI"
4,11,489,"PP","SI"
16,7,489,"PP","SI"
80,7,489,"PP","SI"
38,6,489,"PP","SI"
76,7,489,"PP","SI"
59,6,489,"PP","SI"
28,32,489,"PP","SI"
39,1,489,"PP","SI"
24,5,489,"PP","SI"
26,70,489,"PP","SI"
91,10,489,"PP","SI"
17,6,489,"PP","SI"
41,2,489,"PP","SI"
49,6,489,"PP","SI"
60,6,489,"PP","SI"
46,6,489,"PP","SI"
208,1,489,"PP","SI"
12,12,489,"PP","SI"
75,6,489,"PP","SI"
17,6,489,"PP","SI"
36,5,489,"PP","SI"
12,12,490,"PP","SI"
7,10,490,"PP","SI"
18,4,490,"PP","SI"
80,7,490,"PP","SI"
11,33,490,"PP","SI"
81,2,490,"PP","SI"
46,6,490,"PP","SI"
91,10,490,"PP","SI"
78,11,490,"PP","SI"
14,33,490,"PP","SI"
33,13,490,"PP","SI"
23,8,490,"PP","SI"
66,1,490,"PP","SI"
7,10,490,"PP","SI"
77,20,490,"PP","SI"
57,12,490,"PP","SI"
200,1,490,"PP","SI"
17,6,490,"PP","SI"
44,33,490,"PP","SI"
5,7,490,"PP","SI"
32,11,490,"PP","SI"
67,12,490,"PP","SI"
14,33,490,"PP","SI"
38,6,490,"PP","SI"
36,5,490,"PP","SI"
2,16,490,"PP","SI"
11,33,490,"PP","SI"
17,6,490,"PP","SI"
15,1,490,"PP","SI"
31,6,490,"PP","SI"
62,8,490,"PP","SI"
4,11,490,"PP","SI"
57,12,491,"PP","SI"
48,6,491,"PP","SI"
17,6,491,"PP","SI"
60,6,491,"PP","SI"
57,12,491,"PP","SI"
8,6,491,"PP","SI"
49,6,491,"PP","SI"
208,1,491,"PP","SI"
24,5,491,"PP","SI"
7,10,491,"PP","SI"
61,40,491,"PP","SI"
76,7,491,"PP","SI"
27,3,491,"PP","SI"
59,6,491,"PP","SI"
11,33,491,"PP","SI"
48,6,491,"PP","SI"
62,8,491,"PP","SI"
38,6,491,"PP","SI"
56,7,491,"PP","SI"
64,16,491,"PP","SI"
19,11,491,"PP","SI"
12,12,491,"PP","SI"
14,33,491,"PP","SI"
77,20,491,"PP","SI"
81,2,491,"PP","SI"
33,13,491,"PP","SI"
13,4,491,"PP","SI"
66,1,491,"PP","SI"
78,11,491,"PP","SI"
536,1,491,"PP","SI"
61,40,491,"PP","SI"
11,33,491,"PP","SI"
86,4,492,"PP","SI"
442,1,492,"PP","SI"
77,20,492,"PP","SI"
19,11,492,"PP","SI"
48,6,492,"PP","SI"
11,33,492,"PP","SI"
19,11,492,"PP","SI"
2,16,492,"PP","SI"
24,5,492,"PP","SI"
20,8,492,"PP","SI"
57,12,492,"PP","SI"
33,13,492,"PP","SI"
39,1,492,"PP","SI"
72,9,492,"PP","SI"
32,11,492,"PP","SI"
26,70,492,"PP","SI"
44,33,492,"PP","SI"
46,6,492,"PP","SI"
12,12,492,"PP","SI"
45,8,492,"PP","SI"
47,10,492,"PP","SI"
64,16,492,"PP","SI"
14,33,492,"PP","SI"
298,1,492,"PP","SI"
36,5,492,"PP","SI"
14,33,492,"PP","SI"
75,6,492,"PP","SI"
62,8,492,"PP","SI"
26,70,492,"PP","SI"
56,7,492,"PP","SI"
61,40,492,"PP","SI"
18,4,492,"PP","SI"
26,70,493,"PP","SI"
76,7,493,"PP","SI"
217,1,493,"PP","SI"
442,1,493,"PP","SI"
60,6,493,"PP","SI"
19,11,493,"PP","SI"
18,4,493,"PP","SI"
81,2,493,"PP","SI"
41,2,493,"PP","SI"
11,33,493,"PP","SI"
27,3,493,"PP","SI"
47,10,493,"PP","SI"
57,12,493,"PP","SI"
20,8,493,"PP","SI"
80,7,493,"PP","SI"
38,6,493,"PP","SI"
26,70,493,"PP","SI"
39,1,493,"PP","SI"
11,33,493,"PP","SI"
80,7,493,"PP","SI"
38,6,493,"PP","SI"
62,8,493,"PP","SI"
536,1,493,"PP","SI"
61,40,493,"PP","SI"
16,7,493,"PP","SI"
7,10,493,"PP","SI"
32,11,493,"PP","SI"
208,1,493,"PP","SI"
59,6,493,"PP","SI"
28,32,493,"PP","SI"
44,33,493,"PP","SI"
31,6,493,"PP","SI"
13,4,494,"PP","SI"
27,3,494,"PP","SI"
75,6,494,"PP","SI"
30,3,494,"PP","SI"
62,8,494,"PP","SI"
45,8,494,"PP","SI"
12,12,494,"PP","SI"
31,6,494,"PP","SI"
32,11,494,"PP","SI"
76,7,494,"PP","SI"
57,12,494,"PP","SI"
60,6,494,"PP","SI"
30,3,494,"PP","SI"
15,1,494,"PP","SI"
23,8,494,"PP","SI"
61,40,494,"PP","SI"
5,7,494,"PP","SI"
19,11,494,"PP","SI"
26,70,494,"PP","SI"
56,7,494,"PP","SI"
536,1,494,"PP","SI"
33,13,494,"PP","SI"
67,12,494,"PP","SI"
91,10,494,"PP","SI"
51,3,494,"PP","SI"
28,32,494,"PP","SI"
7,10,494,"PP","SI"
47,10,494,"PP","SI"
16,7,494,"PP","SI"
19,11,494,"PP","SI"
217,1,494,"PP","SI"
18,4,494,"PP","SI"
64,16,495,"PP","SI"
72,9,495,"PP","SI"
7,10,495,"PP","SI"
38,6,495,"PP","SI"
19,11,495,"PP","SI"
14,33,495,"PP","SI"
208,1,495,"PP","SI"
30,3,495,"PP","SI"
14,33,495,"PP","SI"
91,10,495,"PP","SI"
26,70,495,"PP","SI"
62,8,495,"PP","SI"
78,11,495,"PP","SI"
28,32,495,"PP","SI"
13,4,495,"PP","SI"
57,12,495,"PP","SI"
46,6,495,"PP","SI"
2,16,495,"PP","SI"
41,2,495,"PP","SI"
61,40,495,"PP","SI"
11,33,495,"PP","SI"
20,8,495,"PP","SI"
7,10,495,"PP","SI"
8,6,495,"PP","SI"
4,11,495,"PP","SI"
75,6,495,"PP","SI"
39,1,495,"PP","SI"
60,6,495,"PP","SI"
23,8,495,"PP","SI"
11,33,495,"PP","SI"
28,32,495,"PP","SI"
76,7,495,"PP","SI"
5,7,496,"PP","SI"
12,12,496,"PP","SI"
67,12,496,"PP","SI"
82,1,496,"PP","SI"
41,2,496,"PP","SI"
59,6,496,"PP","SI"
80,7,496,"PP","SI"
67,12,496,"PP","SI"
64,16,496,"PP","SI"
28,32,496,"PP","SI"
49,6,496,"PP","SI"
33,13,496,"PP","SI"
59,6,496,"PP","SI"
24,5,496,"PP","SI"
36,5,496,"PP","SI"
12,12,496,"PP","SI"
64,16,496,"PP","SI"
7,10,496,"PP","SI"
17,6,496,"PP","SI"
19,11,496,"PP","SI"
60,6,496,"PP","SI"
47,10,496,"PP","SI"
217,1,496,"PP","SI"
11,33,496,"PP","SI"
38,6,496,"PP","SI"
75,6,496,"PP","SI"
32,11,496,"PP","SI"
13,4,496,"PP","SI"
30,3,496,"PP","SI"
80,7,496,"PP","SI"
62,8,496,"PP","SI"
4,11,496,"PP","SI"
12,12,497,"PP","SI"
38,6,497,"PP","SI"
66,1,497,"PP","SI"
91,10,497,"PP","SI"
17,6,497,"PP","SI"
72,9,497,"PP","SI"
59,6,497,"PP","SI"
46,6,497,"PP","SI"
51,3,497,"PP","SI"
19,11,497,"PP","SI"
30,3,497,"PP","SI"
60,6,497,"PP","SI"
67,12,497,"PP","SI"
26,70,497,"PP","SI"
75,6,497,"PP","SI"
28,32,497,"PP","SI"
11,33,497,"PP","SI"
19,11,497,"PP","SI"
7,10,497,"PP","SI"
32,11,497,"PP","SI"
16,7,497,"PP","SI"
77,20,497,"PP","SI"
13,4,497,"PP","SI"
64,16,497,"PP","SI"
61,40,497,"PP","SI"
23,8,497,"PP","SI"
208,1,497,"PP","SI"
33,13,497,"PP","SI"
7,10,497,"PP","SI"
14,33,497,"PP","SI"
48,6,497,"PP","SI"
82,1,497,"PP","SI"
217,1,498,"PP","SI"
64,16,498,"PP","SI"
46,6,498,"PP","SI"
30,3,498,"PP","SI"
30,3,498,"PP","SI"
13,4,498,"PP","SI"
11,33,498,"PP","SI"
24,5,498,"PP","SI"
47,10,498,"PP","SI"
32,11,498,"PP","SI"
82,1,498,"PP","SI"
60,6,498,"PP","SI"
76,7,498,"PP","SI"
14,33,498,"PP","SI"
7,10,498,"PP","SI"
72,9,498,"PP","SI"
4,11,498,"PP","SI"
80,7,498,"PP","SI"
27,3,498,"PP","SI"
11,33,498,"PP","SI"
8,6,498,"PP","SI"
57,12,498,"PP","SI"
62,8,498,"PP","SI"
77,20,498,"PP","SI"
26,70,498,"PP","SI"
38,6,498,"PP","SI"
86,4,498,"PP","SI"
28,32,498,"PP","SI"
80,7,498,"PP","SI"
26,70,498,"PP","SI"
49,6,498,"PP","SI"
91,10,498,"PP","SI"
208,1,499,"PP","SI"
16,7,499,"PP","SI"
14,33,499,"PP","SI"
298,1,499,"PP","SI"
45,8,499,"PP","SI"
39,1,499,"PP","SI"
24,5,499,"PP","SI"
7,10,499,"PP","SI"
36,5,499,"PP","SI"
32,11,499,"PP","SI"
11,33,499,"PP","SI"
38,6,499,"PP","SI"
44,33,499,"PP","SI"
77,20,499,"PP","SI"
81,2,499,"PP","SI"
30,3,499,"PP","SI"
32,11,499,"PP","SI"
27,3,499,"PP","SI"
72,9,499,"PP","SI"
48,6,499,"PP","SI"
47,10,499,"PP","SI"
77,20,499,"PP","SI"
217,1,499,"PP","SI"
33,13,499,"PP","SI"
38,6,499,"PP","SI"
76,7,499,"PP","SI"
57,12,499,"PP","SI"
86,4,499,"PP","SI"
33,13,499,"PP","SI"
61,40,499,"PP","SI"
56,7,499,"PP","SI"
30,3,499,"PP","SI"
19,11,500,"PP","SI"
36,5,500,"PP","SI"
77,20,500,"PP","SI"
30,3,500,"PP","SI"
33,13,500,"PP","SI"
44,33,500,"PP","SI"
11,33,500,"PP","SI"
13,4,500,"PP","SI"
4,11,500,"PP","SI"
61,40,500,"PP","SI"
67,12,500,"PP","SI"
49,6,500,"PP","SI"
28,32,500,"PP","SI"
57,12,500,"PP","SI"
2,16,500,"PP","SI"
48,6,500,"PP","SI"
23,8,500,"PP","SI"
76,7,500,"PP","SI"
56,7,500,"PP","SI"
32,11,500,"PP","SI"
14,33,500,"PP","SI"
31,6,500,"PP","SI"
20,8,500,"PP","SI"
51,3,500,"PP","SI"
7,10,500,"PP","SI"
48,6,500,"PP","SI"
86,4,500,"PP","SI"
41,2,500,"PP","SI"
15,1,500,"PP","SI"
81,2,500,"PP","SI"
28,32,500,"PP","SI"
26,70,500,"PP","SI"
