"species_rem","degree","iteration","habitat_from","management"
86,4,1,"LP","I"
166,1,1,"LP","I"
503,25,1,"LP","I"
44,23,1,"LP","I"
471,2,1,"LP","I"
486,3,1,"LP","I"
358,15,1,"LP","I"
343,7,1,"LP","I"
67,11,1,"LP","I"
14,37,1,"LP","I"
190,2,1,"LP","I"
46,5,1,"LP","I"
224,1,1,"LP","I"
78,12,1,"LP","I"
505,16,1,"LP","I"
500,29,1,"LP","I"
517,3,1,"LP","I"
304,1,1,"LP","I"
8,6,1,"LP","I"
264,1,1,"LP","I"
525,4,2,"LP","I"
78,12,2,"LP","I"
278,1,2,"LP","I"
357,1,2,"LP","I"
439,1,2,"LP","I"
76,7,2,"LP","I"
105,1,2,"LP","I"
522,2,2,"LP","I"
138,3,2,"LP","I"
203,1,2,"LP","I"
495,14,2,"LP","I"
131,1,2,"LP","I"
8,6,2,"LP","I"
505,16,2,"LP","I"
486,3,2,"LP","I"
202,1,2,"LP","I"
437,1,2,"LP","I"
498,32,2,"LP","I"
166,1,2,"LP","I"
222,1,2,"LP","I"
515,2,3,"LP","I"
72,9,3,"LP","I"
46,5,3,"LP","I"
458,1,3,"LP","I"
266,1,3,"LP","I"
69,1,3,"LP","I"
314,1,3,"LP","I"
237,1,3,"LP","I"
327,1,3,"LP","I"
54,8,3,"LP","I"
505,16,3,"LP","I"
376,3,3,"LP","I"
354,2,3,"LP","I"
397,1,3,"LP","I"
437,1,3,"LP","I"
285,1,3,"LP","I"
425,4,3,"LP","I"
401,1,3,"LP","I"
56,7,3,"LP","I"
467,4,3,"LP","I"
56,7,4,"LP","I"
482,3,4,"LP","I"
141,1,4,"LP","I"
164,4,4,"LP","I"
484,2,4,"LP","I"
270,1,4,"LP","I"
430,1,4,"LP","I"
64,15,4,"LP","I"
467,4,4,"LP","I"
170,1,4,"LP","I"
51,3,4,"LP","I"
247,1,4,"LP","I"
498,32,4,"LP","I"
322,1,4,"LP","I"
365,2,4,"LP","I"
181,1,4,"LP","I"
138,3,4,"LP","I"
305,1,4,"LP","I"
516,3,4,"LP","I"
469,4,4,"LP","I"
78,12,5,"LP","I"
279,1,5,"LP","I"
232,3,5,"LP","I"
270,1,5,"LP","I"
458,1,5,"LP","I"
264,1,5,"LP","I"
495,14,5,"LP","I"
249,2,5,"LP","I"
28,33,5,"LP","I"
46,5,5,"LP","I"
228,1,5,"LP","I"
164,4,5,"LP","I"
314,1,5,"LP","I"
36,5,5,"LP","I"
361,4,5,"LP","I"
445,11,5,"LP","I"
143,1,5,"LP","I"
306,1,5,"LP","I"
61,39,5,"LP","I"
369,1,5,"LP","I"
374,2,6,"LP","I"
372,1,6,"LP","I"
357,1,6,"LP","I"
8,6,6,"LP","I"
369,1,6,"LP","I"
522,2,6,"LP","I"
129,1,6,"LP","I"
435,3,6,"LP","I"
438,7,6,"LP","I"
38,6,6,"LP","I"
101,2,6,"LP","I"
376,3,6,"LP","I"
16,8,6,"LP","I"
455,3,6,"LP","I"
270,1,6,"LP","I"
495,14,6,"LP","I"
365,2,6,"LP","I"
32,11,6,"LP","I"
158,1,6,"LP","I"
318,2,6,"LP","I"
415,1,7,"LP","I"
62,8,7,"LP","I"
467,4,7,"LP","I"
435,3,7,"LP","I"
513,2,7,"LP","I"
59,5,7,"LP","I"
76,7,7,"LP","I"
514,3,7,"LP","I"
285,1,7,"LP","I"
144,1,7,"LP","I"
123,3,7,"LP","I"
291,1,7,"LP","I"
132,1,7,"LP","I"
17,6,7,"LP","I"
284,1,7,"LP","I"
505,16,7,"LP","I"
264,1,7,"LP","I"
524,1,7,"LP","I"
327,1,7,"LP","I"
374,2,7,"LP","I"
503,25,8,"LP","I"
343,7,8,"LP","I"
276,2,8,"LP","I"
422,3,8,"LP","I"
60,5,8,"LP","I"
390,1,8,"LP","I"
48,6,8,"LP","I"
36,5,8,"LP","I"
540,3,8,"LP","I"
317,2,8,"LP","I"
223,1,8,"LP","I"
508,19,8,"LP","I"
44,23,8,"LP","I"
440,1,8,"LP","I"
131,1,8,"LP","I"
247,1,8,"LP","I"
497,36,8,"LP","I"
203,1,8,"LP","I"
41,2,8,"LP","I"
445,11,8,"LP","I"
501,24,9,"LP","I"
252,1,9,"LP","I"
540,3,9,"LP","I"
425,4,9,"LP","I"
358,15,9,"LP","I"
438,7,9,"LP","I"
308,1,9,"LP","I"
144,1,9,"LP","I"
19,11,9,"LP","I"
186,1,9,"LP","I"
166,1,9,"LP","I"
38,6,9,"LP","I"
41,2,9,"LP","I"
401,1,9,"LP","I"
255,2,9,"LP","I"
469,4,9,"LP","I"
270,1,9,"LP","I"
337,2,9,"LP","I"
231,1,9,"LP","I"
365,2,9,"LP","I"
522,2,10,"LP","I"
361,4,10,"LP","I"
508,19,10,"LP","I"
301,1,10,"LP","I"
39,1,10,"LP","I"
141,1,10,"LP","I"
124,1,10,"LP","I"
164,4,10,"LP","I"
128,1,10,"LP","I"
341,2,10,"LP","I"
458,1,10,"LP","I"
56,7,10,"LP","I"
471,2,10,"LP","I"
419,1,10,"LP","I"
12,11,10,"LP","I"
264,1,10,"LP","I"
129,1,10,"LP","I"
19,11,10,"LP","I"
46,5,10,"LP","I"
14,37,10,"LP","I"
458,1,11,"LP","I"
381,2,11,"LP","I"
30,3,11,"LP","I"
127,1,11,"LP","I"
81,2,11,"LP","I"
197,1,11,"LP","I"
482,3,11,"LP","I"
498,32,11,"LP","I"
129,1,11,"LP","I"
61,39,11,"LP","I"
101,2,11,"LP","I"
33,13,11,"LP","I"
421,4,11,"LP","I"
376,3,11,"LP","I"
304,1,11,"LP","I"
223,1,11,"LP","I"
86,4,11,"LP","I"
158,1,11,"LP","I"
259,5,11,"LP","I"
47,11,11,"LP","I"
8,6,12,"LP","I"
291,1,12,"LP","I"
179,7,12,"LP","I"
12,11,12,"LP","I"
503,25,12,"LP","I"
326,1,12,"LP","I"
464,1,12,"LP","I"
142,1,12,"LP","I"
540,3,12,"LP","I"
60,5,12,"LP","I"
77,20,12,"LP","I"
231,1,12,"LP","I"
421,4,12,"LP","I"
7,10,12,"LP","I"
341,2,12,"LP","I"
299,1,12,"LP","I"
223,1,12,"LP","I"
129,1,12,"LP","I"
45,8,12,"LP","I"
78,12,12,"LP","I"
237,1,13,"LP","I"
44,23,13,"LP","I"
372,1,13,"LP","I"
203,1,13,"LP","I"
396,1,13,"LP","I"
376,3,13,"LP","I"
266,1,13,"LP","I"
410,2,13,"LP","I"
80,6,13,"LP","I"
502,22,13,"LP","I"
112,2,13,"LP","I"
209,1,13,"LP","I"
495,14,13,"LP","I"
45,8,13,"LP","I"
285,1,13,"LP","I"
504,39,13,"LP","I"
390,1,13,"LP","I"
425,4,13,"LP","I"
357,1,13,"LP","I"
51,3,13,"LP","I"
78,12,14,"LP","I"
144,1,14,"LP","I"
519,2,14,"LP","I"
374,2,14,"LP","I"
302,2,14,"LP","I"
437,1,14,"LP","I"
495,14,14,"LP","I"
198,1,14,"LP","I"
467,4,14,"LP","I"
363,1,14,"LP","I"
284,1,14,"LP","I"
496,32,14,"LP","I"
127,1,14,"LP","I"
13,3,14,"LP","I"
247,1,14,"LP","I"
213,1,14,"LP","I"
322,1,14,"LP","I"
457,2,14,"LP","I"
46,5,14,"LP","I"
361,4,14,"LP","I"
363,1,15,"LP","I"
17,6,15,"LP","I"
112,2,15,"LP","I"
142,1,15,"LP","I"
33,13,15,"LP","I"
370,1,15,"LP","I"
415,1,15,"LP","I"
498,32,15,"LP","I"
361,4,15,"LP","I"
282,1,15,"LP","I"
534,4,15,"LP","I"
12,11,15,"LP","I"
440,1,15,"LP","I"
447,3,15,"LP","I"
186,1,15,"LP","I"
419,1,15,"LP","I"
540,3,15,"LP","I"
367,2,15,"LP","I"
13,3,15,"LP","I"
128,1,15,"LP","I"
484,2,16,"LP","I"
60,5,16,"LP","I"
430,1,16,"LP","I"
508,19,16,"LP","I"
248,1,16,"LP","I"
113,1,16,"LP","I"
394,1,16,"LP","I"
5,7,16,"LP","I"
17,6,16,"LP","I"
66,1,16,"LP","I"
337,2,16,"LP","I"
112,2,16,"LP","I"
173,1,16,"LP","I"
62,8,16,"LP","I"
72,9,16,"LP","I"
498,32,16,"LP","I"
305,1,16,"LP","I"
266,1,16,"LP","I"
56,7,16,"LP","I"
367,2,16,"LP","I"
523,4,17,"LP","I"
377,2,17,"LP","I"
203,1,17,"LP","I"
484,2,17,"LP","I"
231,1,17,"LP","I"
8,6,17,"LP","I"
303,4,17,"LP","I"
36,5,17,"LP","I"
57,12,17,"LP","I"
59,5,17,"LP","I"
516,3,17,"LP","I"
368,1,17,"LP","I"
44,23,17,"LP","I"
313,1,17,"LP","I"
20,8,17,"LP","I"
517,3,17,"LP","I"
143,1,17,"LP","I"
439,1,17,"LP","I"
495,14,17,"LP","I"
341,2,17,"LP","I"
430,1,18,"LP","I"
497,36,18,"LP","I"
502,22,18,"LP","I"
426,2,18,"LP","I"
48,6,18,"LP","I"
7,10,18,"LP","I"
4,11,18,"LP","I"
470,4,18,"LP","I"
303,4,18,"LP","I"
422,3,18,"LP","I"
101,2,18,"LP","I"
363,1,18,"LP","I"
183,1,18,"LP","I"
186,1,18,"LP","I"
380,2,18,"LP","I"
203,1,18,"LP","I"
376,3,18,"LP","I"
266,1,18,"LP","I"
45,8,18,"LP","I"
302,2,18,"LP","I"
505,16,19,"LP","I"
44,23,19,"LP","I"
425,4,19,"LP","I"
252,1,19,"LP","I"
244,2,19,"LP","I"
426,2,19,"LP","I"
438,7,19,"LP","I"
463,1,19,"LP","I"
484,2,19,"LP","I"
376,3,19,"LP","I"
422,3,19,"LP","I"
445,11,19,"LP","I"
285,1,19,"LP","I"
514,3,19,"LP","I"
138,3,19,"LP","I"
357,1,19,"LP","I"
515,2,19,"LP","I"
231,1,19,"LP","I"
341,2,19,"LP","I"
304,1,19,"LP","I"
244,2,20,"LP","I"
247,1,20,"LP","I"
32,11,20,"LP","I"
228,1,20,"LP","I"
314,1,20,"LP","I"
105,1,20,"LP","I"
80,6,20,"LP","I"
51,3,20,"LP","I"
291,1,20,"LP","I"
337,2,20,"LP","I"
465,1,20,"LP","I"
457,2,20,"LP","I"
19,11,20,"LP","I"
425,4,20,"LP","I"
76,7,20,"LP","I"
129,1,20,"LP","I"
61,39,20,"LP","I"
326,1,20,"LP","I"
16,8,20,"LP","I"
514,3,20,"LP","I"
44,23,21,"LP","I"
60,5,21,"LP","I"
374,2,21,"LP","I"
500,29,21,"LP","I"
504,39,21,"LP","I"
143,1,21,"LP","I"
48,6,21,"LP","I"
264,1,21,"LP","I"
202,1,21,"LP","I"
381,2,21,"LP","I"
349,1,21,"LP","I"
417,1,21,"LP","I"
28,33,21,"LP","I"
7,10,21,"LP","I"
69,1,21,"LP","I"
113,1,21,"LP","I"
425,4,21,"LP","I"
464,1,21,"LP","I"
540,3,21,"LP","I"
496,32,21,"LP","I"
112,2,22,"LP","I"
20,8,22,"LP","I"
380,2,22,"LP","I"
28,33,22,"LP","I"
259,5,22,"LP","I"
222,1,22,"LP","I"
140,1,22,"LP","I"
223,1,22,"LP","I"
81,2,22,"LP","I"
445,11,22,"LP","I"
439,1,22,"LP","I"
287,1,22,"LP","I"
341,2,22,"LP","I"
540,3,22,"LP","I"
47,11,22,"LP","I"
396,1,22,"LP","I"
397,1,22,"LP","I"
158,1,22,"LP","I"
483,3,22,"LP","I"
381,2,22,"LP","I"
508,19,23,"LP","I"
17,6,23,"LP","I"
129,1,23,"LP","I"
372,1,23,"LP","I"
438,7,23,"LP","I"
422,3,23,"LP","I"
497,36,23,"LP","I"
202,1,23,"LP","I"
54,8,23,"LP","I"
516,3,23,"LP","I"
505,16,23,"LP","I"
66,1,23,"LP","I"
482,3,23,"LP","I"
504,39,23,"LP","I"
435,3,23,"LP","I"
213,1,23,"LP","I"
203,1,23,"LP","I"
36,5,23,"LP","I"
522,2,23,"LP","I"
286,1,23,"LP","I"
113,1,24,"LP","I"
469,4,24,"LP","I"
504,39,24,"LP","I"
131,1,24,"LP","I"
430,1,24,"LP","I"
244,2,24,"LP","I"
142,1,24,"LP","I"
41,2,24,"LP","I"
158,1,24,"LP","I"
378,1,24,"LP","I"
78,12,24,"LP","I"
515,2,24,"LP","I"
417,1,24,"LP","I"
396,1,24,"LP","I"
5,7,24,"LP","I"
517,3,24,"LP","I"
534,4,24,"LP","I"
317,2,24,"LP","I"
425,4,24,"LP","I"
313,1,24,"LP","I"
437,1,25,"LP","I"
166,1,25,"LP","I"
80,6,25,"LP","I"
422,3,25,"LP","I"
376,3,25,"LP","I"
438,7,25,"LP","I"
285,1,25,"LP","I"
30,3,25,"LP","I"
264,1,25,"LP","I"
183,1,25,"LP","I"
445,11,25,"LP","I"
500,29,25,"LP","I"
101,2,25,"LP","I"
514,3,25,"LP","I"
341,2,25,"LP","I"
441,1,25,"LP","I"
368,1,25,"LP","I"
36,5,25,"LP","I"
202,1,25,"LP","I"
497,36,25,"LP","I"
244,2,26,"LP","I"
421,4,26,"LP","I"
12,11,26,"LP","I"
138,3,26,"LP","I"
498,32,26,"LP","I"
19,11,26,"LP","I"
337,2,26,"LP","I"
467,4,26,"LP","I"
380,2,26,"LP","I"
433,2,26,"LP","I"
82,1,26,"LP","I"
143,1,26,"LP","I"
500,29,26,"LP","I"
344,1,26,"LP","I"
282,1,26,"LP","I"
469,4,26,"LP","I"
81,2,26,"LP","I"
164,4,26,"LP","I"
36,5,26,"LP","I"
66,1,26,"LP","I"
203,1,27,"LP","I"
7,10,27,"LP","I"
77,20,27,"LP","I"
376,3,27,"LP","I"
11,32,27,"LP","I"
132,1,27,"LP","I"
62,8,27,"LP","I"
370,1,27,"LP","I"
64,15,27,"LP","I"
455,3,27,"LP","I"
285,1,27,"LP","I"
143,1,27,"LP","I"
8,6,27,"LP","I"
313,1,27,"LP","I"
516,3,27,"LP","I"
390,1,27,"LP","I"
166,1,27,"LP","I"
508,19,27,"LP","I"
127,1,27,"LP","I"
19,11,27,"LP","I"
287,1,28,"LP","I"
19,11,28,"LP","I"
26,62,28,"LP","I"
430,1,28,"LP","I"
57,12,28,"LP","I"
523,4,28,"LP","I"
365,2,28,"LP","I"
522,2,28,"LP","I"
358,15,28,"LP","I"
367,2,28,"LP","I"
209,1,28,"LP","I"
236,1,28,"LP","I"
368,1,28,"LP","I"
173,1,28,"LP","I"
82,1,28,"LP","I"
357,1,28,"LP","I"
447,3,28,"LP","I"
470,4,28,"LP","I"
419,1,28,"LP","I"
372,1,28,"LP","I"
46,5,29,"LP","I"
464,1,29,"LP","I"
425,4,29,"LP","I"
77,20,29,"LP","I"
17,6,29,"LP","I"
349,1,29,"LP","I"
361,4,29,"LP","I"
143,1,29,"LP","I"
224,1,29,"LP","I"
327,1,29,"LP","I"
483,3,29,"LP","I"
486,3,29,"LP","I"
439,1,29,"LP","I"
86,4,29,"LP","I"
142,1,29,"LP","I"
435,3,29,"LP","I"
286,1,29,"LP","I"
190,2,29,"LP","I"
7,10,29,"LP","I"
264,1,29,"LP","I"
270,1,30,"LP","I"
534,4,30,"LP","I"
39,1,30,"LP","I"
132,1,30,"LP","I"
30,3,30,"LP","I"
123,3,30,"LP","I"
426,2,30,"LP","I"
465,1,30,"LP","I"
86,4,30,"LP","I"
250,1,30,"LP","I"
209,1,30,"LP","I"
318,2,30,"LP","I"
508,19,30,"LP","I"
170,1,30,"LP","I"
467,4,30,"LP","I"
198,1,30,"LP","I"
181,1,30,"LP","I"
519,2,30,"LP","I"
32,11,30,"LP","I"
341,2,30,"LP","I"
361,4,31,"LP","I"
498,32,31,"LP","I"
47,11,31,"LP","I"
519,2,31,"LP","I"
522,2,31,"LP","I"
464,1,31,"LP","I"
435,3,31,"LP","I"
24,5,31,"LP","I"
143,1,31,"LP","I"
28,33,31,"LP","I"
76,7,31,"LP","I"
60,5,31,"LP","I"
326,1,31,"LP","I"
457,2,31,"LP","I"
381,2,31,"LP","I"
59,5,31,"LP","I"
101,2,31,"LP","I"
278,1,31,"LP","I"
126,3,31,"LP","I"
455,3,31,"LP","I"
381,2,32,"LP","I"
203,1,32,"LP","I"
514,3,32,"LP","I"
105,1,32,"LP","I"
213,1,32,"LP","I"
508,19,32,"LP","I"
447,3,32,"LP","I"
513,2,32,"LP","I"
4,11,32,"LP","I"
426,2,32,"LP","I"
128,1,32,"LP","I"
48,6,32,"LP","I"
417,1,32,"LP","I"
142,1,32,"LP","I"
471,2,32,"LP","I"
500,29,32,"LP","I"
361,4,32,"LP","I"
11,32,32,"LP","I"
144,1,32,"LP","I"
519,2,32,"LP","I"
237,1,33,"LP","I"
222,1,33,"LP","I"
286,1,33,"LP","I"
59,5,33,"LP","I"
69,1,33,"LP","I"
228,1,33,"LP","I"
266,1,33,"LP","I"
445,11,33,"LP","I"
415,1,33,"LP","I"
523,4,33,"LP","I"
284,1,33,"LP","I"
337,2,33,"LP","I"
86,4,33,"LP","I"
124,1,33,"LP","I"
26,62,33,"LP","I"
534,4,33,"LP","I"
365,2,33,"LP","I"
305,1,33,"LP","I"
105,1,33,"LP","I"
287,1,33,"LP","I"
32,11,34,"LP","I"
196,2,34,"LP","I"
486,3,34,"LP","I"
101,2,34,"LP","I"
20,8,34,"LP","I"
301,1,34,"LP","I"
56,7,34,"LP","I"
248,1,34,"LP","I"
279,1,34,"LP","I"
495,14,34,"LP","I"
322,1,34,"LP","I"
91,9,34,"LP","I"
190,2,34,"LP","I"
286,1,34,"LP","I"
252,1,34,"LP","I"
374,2,34,"LP","I"
128,1,34,"LP","I"
61,39,34,"LP","I"
502,22,34,"LP","I"
430,1,34,"LP","I"
425,4,35,"LP","I"
322,1,35,"LP","I"
86,4,35,"LP","I"
183,1,35,"LP","I"
112,2,35,"LP","I"
5,7,35,"LP","I"
82,1,35,"LP","I"
141,1,35,"LP","I"
498,32,35,"LP","I"
4,11,35,"LP","I"
126,3,35,"LP","I"
394,1,35,"LP","I"
128,1,35,"LP","I"
76,7,35,"LP","I"
441,1,35,"LP","I"
344,1,35,"LP","I"
397,1,35,"LP","I"
51,3,35,"LP","I"
500,29,35,"LP","I"
301,1,35,"LP","I"
287,1,36,"LP","I"
231,1,36,"LP","I"
469,4,36,"LP","I"
62,8,36,"LP","I"
369,1,36,"LP","I"
303,4,36,"LP","I"
248,1,36,"LP","I"
361,4,36,"LP","I"
51,3,36,"LP","I"
44,23,36,"LP","I"
193,1,36,"LP","I"
112,2,36,"LP","I"
279,1,36,"LP","I"
91,9,36,"LP","I"
483,3,36,"LP","I"
500,29,36,"LP","I"
69,1,36,"LP","I"
213,1,36,"LP","I"
306,1,36,"LP","I"
56,7,36,"LP","I"
458,1,37,"LP","I"
4,11,37,"LP","I"
394,1,37,"LP","I"
223,1,37,"LP","I"
164,4,37,"LP","I"
196,2,37,"LP","I"
224,1,37,"LP","I"
377,2,37,"LP","I"
13,3,37,"LP","I"
486,3,37,"LP","I"
76,7,37,"LP","I"
401,1,37,"LP","I"
299,1,37,"LP","I"
250,1,37,"LP","I"
209,1,37,"LP","I"
470,4,37,"LP","I"
77,20,37,"LP","I"
81,2,37,"LP","I"
39,1,37,"LP","I"
305,1,37,"LP","I"
433,2,38,"LP","I"
502,22,38,"LP","I"
127,1,38,"LP","I"
54,8,38,"LP","I"
368,1,38,"LP","I"
123,3,38,"LP","I"
69,1,38,"LP","I"
81,2,38,"LP","I"
33,13,38,"LP","I"
318,2,38,"LP","I"
142,1,38,"LP","I"
224,1,38,"LP","I"
425,4,38,"LP","I"
471,2,38,"LP","I"
237,1,38,"LP","I"
389,2,38,"LP","I"
46,5,38,"LP","I"
374,2,38,"LP","I"
435,3,38,"LP","I"
26,62,38,"LP","I"
196,2,39,"LP","I"
244,2,39,"LP","I"
301,1,39,"LP","I"
128,1,39,"LP","I"
77,20,39,"LP","I"
132,1,39,"LP","I"
140,1,39,"LP","I"
525,4,39,"LP","I"
28,33,39,"LP","I"
302,2,39,"LP","I"
179,7,39,"LP","I"
390,1,39,"LP","I"
47,11,39,"LP","I"
223,1,39,"LP","I"
67,11,39,"LP","I"
426,2,39,"LP","I"
26,62,39,"LP","I"
17,6,39,"LP","I"
519,2,39,"LP","I"
278,1,39,"LP","I"
368,1,40,"LP","I"
5,7,40,"LP","I"
144,1,40,"LP","I"
128,1,40,"LP","I"
91,9,40,"LP","I"
30,3,40,"LP","I"
306,1,40,"LP","I"
282,1,40,"LP","I"
519,2,40,"LP","I"
198,1,40,"LP","I"
228,1,40,"LP","I"
504,39,40,"LP","I"
17,6,40,"LP","I"
425,4,40,"LP","I"
304,1,40,"LP","I"
343,7,40,"LP","I"
439,1,40,"LP","I"
64,15,40,"LP","I"
237,1,40,"LP","I"
76,7,40,"LP","I"
8,6,41,"LP","I"
59,5,41,"LP","I"
458,1,41,"LP","I"
437,1,41,"LP","I"
124,1,41,"LP","I"
26,62,41,"LP","I"
354,2,41,"LP","I"
313,1,41,"LP","I"
471,2,41,"LP","I"
228,1,41,"LP","I"
69,1,41,"LP","I"
484,2,41,"LP","I"
76,7,41,"LP","I"
433,2,41,"LP","I"
14,37,41,"LP","I"
540,3,41,"LP","I"
67,11,41,"LP","I"
362,1,41,"LP","I"
11,32,41,"LP","I"
515,2,41,"LP","I"
370,1,42,"LP","I"
66,1,42,"LP","I"
62,8,42,"LP","I"
439,1,42,"LP","I"
45,8,42,"LP","I"
463,1,42,"LP","I"
86,4,42,"LP","I"
48,6,42,"LP","I"
486,3,42,"LP","I"
417,1,42,"LP","I"
19,11,42,"LP","I"
54,8,42,"LP","I"
264,1,42,"LP","I"
410,2,42,"LP","I"
171,1,42,"LP","I"
266,1,42,"LP","I"
78,12,42,"LP","I"
525,4,42,"LP","I"
357,1,42,"LP","I"
513,2,42,"LP","I"
368,1,43,"LP","I"
28,33,43,"LP","I"
463,1,43,"LP","I"
81,2,43,"LP","I"
504,39,43,"LP","I"
4,11,43,"LP","I"
41,2,43,"LP","I"
249,2,43,"LP","I"
362,1,43,"LP","I"
82,1,43,"LP","I"
299,1,43,"LP","I"
69,1,43,"LP","I"
318,2,43,"LP","I"
515,2,43,"LP","I"
351,2,43,"LP","I"
14,37,43,"LP","I"
374,2,43,"LP","I"
291,1,43,"LP","I"
266,1,43,"LP","I"
46,5,43,"LP","I"
32,11,44,"LP","I"
337,2,44,"LP","I"
140,1,44,"LP","I"
236,1,44,"LP","I"
348,2,44,"LP","I"
304,1,44,"LP","I"
540,3,44,"LP","I"
78,12,44,"LP","I"
164,4,44,"LP","I"
397,1,44,"LP","I"
279,1,44,"LP","I"
285,1,44,"LP","I"
248,1,44,"LP","I"
61,39,44,"LP","I"
302,2,44,"LP","I"
368,1,44,"LP","I"
430,1,44,"LP","I"
101,2,44,"LP","I"
374,2,44,"LP","I"
112,2,44,"LP","I"
12,11,45,"LP","I"
501,24,45,"LP","I"
76,7,45,"LP","I"
370,1,45,"LP","I"
112,2,45,"LP","I"
284,1,45,"LP","I"
464,1,45,"LP","I"
248,1,45,"LP","I"
514,3,45,"LP","I"
495,14,45,"LP","I"
326,1,45,"LP","I"
8,6,45,"LP","I"
282,1,45,"LP","I"
302,2,45,"LP","I"
138,3,45,"LP","I"
82,1,45,"LP","I"
314,1,45,"LP","I"
60,5,45,"LP","I"
426,2,45,"LP","I"
202,1,45,"LP","I"
397,1,46,"LP","I"
46,5,46,"LP","I"
24,5,46,"LP","I"
171,1,46,"LP","I"
158,1,46,"LP","I"
308,1,46,"LP","I"
341,2,46,"LP","I"
419,1,46,"LP","I"
367,2,46,"LP","I"
396,1,46,"LP","I"
7,10,46,"LP","I"
306,1,46,"LP","I"
504,39,46,"LP","I"
464,1,46,"LP","I"
376,3,46,"LP","I"
374,2,46,"LP","I"
279,1,46,"LP","I"
16,8,46,"LP","I"
344,1,46,"LP","I"
502,22,46,"LP","I"
138,3,47,"LP","I"
32,11,47,"LP","I"
287,1,47,"LP","I"
198,1,47,"LP","I"
519,2,47,"LP","I"
503,25,47,"LP","I"
369,1,47,"LP","I"
304,1,47,"LP","I"
259,5,47,"LP","I"
69,1,47,"LP","I"
38,6,47,"LP","I"
46,5,47,"LP","I"
232,3,47,"LP","I"
495,14,47,"LP","I"
17,6,47,"LP","I"
77,20,47,"LP","I"
30,3,47,"LP","I"
415,1,47,"LP","I"
517,3,47,"LP","I"
362,1,47,"LP","I"
299,1,48,"LP","I"
60,5,48,"LP","I"
500,29,48,"LP","I"
279,1,48,"LP","I"
499,35,48,"LP","I"
349,1,48,"LP","I"
76,7,48,"LP","I"
193,1,48,"LP","I"
196,2,48,"LP","I"
105,1,48,"LP","I"
417,1,48,"LP","I"
61,39,48,"LP","I"
419,1,48,"LP","I"
348,2,48,"LP","I"
16,8,48,"LP","I"
484,2,48,"LP","I"
26,62,48,"LP","I"
343,7,48,"LP","I"
244,2,48,"LP","I"
437,1,48,"LP","I"
7,10,49,"LP","I"
502,22,49,"LP","I"
419,1,49,"LP","I"
430,1,49,"LP","I"
514,3,49,"LP","I"
123,3,49,"LP","I"
525,4,49,"LP","I"
129,1,49,"LP","I"
128,1,49,"LP","I"
197,1,49,"LP","I"
497,36,49,"LP","I"
508,19,49,"LP","I"
501,24,49,"LP","I"
374,2,49,"LP","I"
61,39,49,"LP","I"
299,1,49,"LP","I"
358,15,49,"LP","I"
101,2,49,"LP","I"
228,1,49,"LP","I"
69,1,49,"LP","I"
278,1,50,"LP","I"
505,16,50,"LP","I"
354,2,50,"LP","I"
61,39,50,"LP","I"
39,1,50,"LP","I"
142,1,50,"LP","I"
374,2,50,"LP","I"
358,15,50,"LP","I"
496,32,50,"LP","I"
523,4,50,"LP","I"
67,11,50,"LP","I"
368,1,50,"LP","I"
33,13,50,"LP","I"
410,2,50,"LP","I"
4,11,50,"LP","I"
270,1,50,"LP","I"
430,1,50,"LP","I"
401,1,50,"LP","I"
17,6,50,"LP","I"
48,6,50,"LP","I"
266,1,51,"LP","I"
252,1,51,"LP","I"
247,1,51,"LP","I"
522,2,51,"LP","I"
33,13,51,"LP","I"
517,3,51,"LP","I"
508,19,51,"LP","I"
496,32,51,"LP","I"
523,4,51,"LP","I"
26,62,51,"LP","I"
16,8,51,"LP","I"
415,1,51,"LP","I"
284,1,51,"LP","I"
287,1,51,"LP","I"
369,1,51,"LP","I"
306,1,51,"LP","I"
193,1,51,"LP","I"
13,3,51,"LP","I"
78,12,51,"LP","I"
144,1,51,"LP","I"
464,1,52,"LP","I"
519,2,52,"LP","I"
59,5,52,"LP","I"
326,1,52,"LP","I"
525,4,52,"LP","I"
5,7,52,"LP","I"
313,1,52,"LP","I"
303,4,52,"LP","I"
284,1,52,"LP","I"
76,7,52,"LP","I"
11,32,52,"LP","I"
367,2,52,"LP","I"
496,32,52,"LP","I"
287,1,52,"LP","I"
508,19,52,"LP","I"
193,1,52,"LP","I"
61,39,52,"LP","I"
81,2,52,"LP","I"
513,2,52,"LP","I"
469,4,52,"LP","I"
515,2,53,"LP","I"
469,4,53,"LP","I"
266,1,53,"LP","I"
505,16,53,"LP","I"
496,32,53,"LP","I"
131,1,53,"LP","I"
484,2,53,"LP","I"
285,1,53,"LP","I"
278,1,53,"LP","I"
522,2,53,"LP","I"
519,2,53,"LP","I"
483,3,53,"LP","I"
60,5,53,"LP","I"
486,3,53,"LP","I"
502,22,53,"LP","I"
517,3,53,"LP","I"
438,7,53,"LP","I"
8,6,53,"LP","I"
367,2,53,"LP","I"
170,1,53,"LP","I"
514,3,54,"LP","I"
286,1,54,"LP","I"
12,11,54,"LP","I"
232,3,54,"LP","I"
186,1,54,"LP","I"
469,4,54,"LP","I"
196,2,54,"LP","I"
362,1,54,"LP","I"
370,1,54,"LP","I"
499,35,54,"LP","I"
44,23,54,"LP","I"
23,8,54,"LP","I"
482,3,54,"LP","I"
291,1,54,"LP","I"
504,39,54,"LP","I"
438,7,54,"LP","I"
19,11,54,"LP","I"
166,1,54,"LP","I"
7,10,54,"LP","I"
143,1,54,"LP","I"
7,10,55,"LP","I"
279,1,55,"LP","I"
57,12,55,"LP","I"
523,4,55,"LP","I"
358,15,55,"LP","I"
303,4,55,"LP","I"
426,2,55,"LP","I"
291,1,55,"LP","I"
17,6,55,"LP","I"
502,22,55,"LP","I"
140,1,55,"LP","I"
516,3,55,"LP","I"
463,1,55,"LP","I"
285,1,55,"LP","I"
524,1,55,"LP","I"
351,2,55,"LP","I"
198,1,55,"LP","I"
369,1,55,"LP","I"
302,2,55,"LP","I"
223,1,55,"LP","I"
259,5,56,"LP","I"
357,1,56,"LP","I"
77,20,56,"LP","I"
78,12,56,"LP","I"
457,2,56,"LP","I"
144,1,56,"LP","I"
86,4,56,"LP","I"
301,1,56,"LP","I"
380,2,56,"LP","I"
143,1,56,"LP","I"
525,4,56,"LP","I"
62,8,56,"LP","I"
39,1,56,"LP","I"
421,4,56,"LP","I"
396,1,56,"LP","I"
193,1,56,"LP","I"
248,1,56,"LP","I"
247,1,56,"LP","I"
196,2,56,"LP","I"
369,1,56,"LP","I"
508,19,57,"LP","I"
26,62,57,"LP","I"
209,1,57,"LP","I"
28,33,57,"LP","I"
463,1,57,"LP","I"
140,1,57,"LP","I"
308,1,57,"LP","I"
183,1,57,"LP","I"
498,32,57,"LP","I"
455,3,57,"LP","I"
248,1,57,"LP","I"
126,3,57,"LP","I"
401,1,57,"LP","I"
23,8,57,"LP","I"
39,1,57,"LP","I"
166,1,57,"LP","I"
131,1,57,"LP","I"
69,1,57,"LP","I"
299,1,57,"LP","I"
138,3,57,"LP","I"
503,25,58,"LP","I"
389,2,58,"LP","I"
522,2,58,"LP","I"
47,11,58,"LP","I"
483,3,58,"LP","I"
91,9,58,"LP","I"
16,8,58,"LP","I"
57,12,58,"LP","I"
534,4,58,"LP","I"
380,2,58,"LP","I"
500,29,58,"LP","I"
517,3,58,"LP","I"
390,1,58,"LP","I"
4,11,58,"LP","I"
374,2,58,"LP","I"
363,1,58,"LP","I"
458,1,58,"LP","I"
237,1,58,"LP","I"
422,3,58,"LP","I"
410,2,58,"LP","I"
143,1,59,"LP","I"
469,4,59,"LP","I"
138,3,59,"LP","I"
396,1,59,"LP","I"
457,2,59,"LP","I"
105,1,59,"LP","I"
320,1,59,"LP","I"
23,8,59,"LP","I"
540,3,59,"LP","I"
303,4,59,"LP","I"
4,11,59,"LP","I"
301,1,59,"LP","I"
421,4,59,"LP","I"
54,8,59,"LP","I"
64,15,59,"LP","I"
20,8,59,"LP","I"
327,1,59,"LP","I"
496,32,59,"LP","I"
91,9,59,"LP","I"
28,33,59,"LP","I"
237,1,60,"LP","I"
322,1,60,"LP","I"
441,1,60,"LP","I"
455,3,60,"LP","I"
447,3,60,"LP","I"
467,4,60,"LP","I"
232,3,60,"LP","I"
369,1,60,"LP","I"
513,2,60,"LP","I"
401,1,60,"LP","I"
313,1,60,"LP","I"
372,1,60,"LP","I"
80,6,60,"LP","I"
380,2,60,"LP","I"
519,2,60,"LP","I"
377,2,60,"LP","I"
69,1,60,"LP","I"
497,36,60,"LP","I"
64,15,60,"LP","I"
515,2,60,"LP","I"
514,3,61,"LP","I"
515,2,61,"LP","I"
247,1,61,"LP","I"
13,3,61,"LP","I"
326,1,61,"LP","I"
369,1,61,"LP","I"
363,1,61,"LP","I"
483,3,61,"LP","I"
390,1,61,"LP","I"
5,7,61,"LP","I"
32,11,61,"LP","I"
370,1,61,"LP","I"
455,3,61,"LP","I"
101,2,61,"LP","I"
306,1,61,"LP","I"
358,15,61,"LP","I"
255,2,61,"LP","I"
126,3,61,"LP","I"
249,2,61,"LP","I"
389,2,61,"LP","I"
69,1,62,"LP","I"
282,1,62,"LP","I"
78,12,62,"LP","I"
142,1,62,"LP","I"
131,1,62,"LP","I"
223,1,62,"LP","I"
401,1,62,"LP","I"
13,3,62,"LP","I"
138,3,62,"LP","I"
523,4,62,"LP","I"
64,15,62,"LP","I"
354,2,62,"LP","I"
497,36,62,"LP","I"
190,2,62,"LP","I"
54,8,62,"LP","I"
14,37,62,"LP","I"
228,1,62,"LP","I"
327,1,62,"LP","I"
370,1,62,"LP","I"
397,1,62,"LP","I"
304,1,63,"LP","I"
469,4,63,"LP","I"
213,1,63,"LP","I"
517,3,63,"LP","I"
143,1,63,"LP","I"
113,1,63,"LP","I"
64,15,63,"LP","I"
515,2,63,"LP","I"
47,11,63,"LP","I"
367,2,63,"LP","I"
410,2,63,"LP","I"
171,1,63,"LP","I"
426,2,63,"LP","I"
374,2,63,"LP","I"
286,1,63,"LP","I"
19,11,63,"LP","I"
30,3,63,"LP","I"
32,11,63,"LP","I"
264,1,63,"LP","I"
498,32,63,"LP","I"
377,2,64,"LP","I"
203,1,64,"LP","I"
223,1,64,"LP","I"
341,2,64,"LP","I"
351,2,64,"LP","I"
515,2,64,"LP","I"
313,1,64,"LP","I"
380,2,64,"LP","I"
33,13,64,"LP","I"
228,1,64,"LP","I"
304,1,64,"LP","I"
522,2,64,"LP","I"
358,15,64,"LP","I"
105,1,64,"LP","I"
417,1,64,"LP","I"
76,7,64,"LP","I"
401,1,64,"LP","I"
282,1,64,"LP","I"
237,1,64,"LP","I"
343,7,64,"LP","I"
433,2,65,"LP","I"
60,5,65,"LP","I"
508,19,65,"LP","I"
276,2,65,"LP","I"
286,1,65,"LP","I"
23,8,65,"LP","I"
20,8,65,"LP","I"
519,2,65,"LP","I"
38,6,65,"LP","I"
372,1,65,"LP","I"
469,4,65,"LP","I"
266,1,65,"LP","I"
313,1,65,"LP","I"
196,2,65,"LP","I"
170,1,65,"LP","I"
181,1,65,"LP","I"
158,1,65,"LP","I"
438,7,65,"LP","I"
48,6,65,"LP","I"
129,1,65,"LP","I"
190,2,66,"LP","I"
482,3,66,"LP","I"
247,1,66,"LP","I"
522,2,66,"LP","I"
236,1,66,"LP","I"
415,1,66,"LP","I"
213,1,66,"LP","I"
458,1,66,"LP","I"
30,3,66,"LP","I"
326,1,66,"LP","I"
132,1,66,"LP","I"
435,3,66,"LP","I"
129,1,66,"LP","I"
439,1,66,"LP","I"
78,12,66,"LP","I"
306,1,66,"LP","I"
285,1,66,"LP","I"
369,1,66,"LP","I"
5,7,66,"LP","I"
252,1,66,"LP","I"
244,2,67,"LP","I"
508,19,67,"LP","I"
438,7,67,"LP","I"
32,11,67,"LP","I"
112,2,67,"LP","I"
56,7,67,"LP","I"
343,7,67,"LP","I"
284,1,67,"LP","I"
250,1,67,"LP","I"
430,1,67,"LP","I"
30,3,67,"LP","I"
426,2,67,"LP","I"
8,6,67,"LP","I"
381,2,67,"LP","I"
525,4,67,"LP","I"
72,9,67,"LP","I"
186,1,67,"LP","I"
433,2,67,"LP","I"
286,1,67,"LP","I"
470,4,67,"LP","I"
445,11,68,"LP","I"
62,8,68,"LP","I"
304,1,68,"LP","I"
7,10,68,"LP","I"
44,23,68,"LP","I"
501,24,68,"LP","I"
282,1,68,"LP","I"
236,1,68,"LP","I"
505,16,68,"LP","I"
166,1,68,"LP","I"
377,2,68,"LP","I"
51,3,68,"LP","I"
250,1,68,"LP","I"
127,1,68,"LP","I"
326,1,68,"LP","I"
343,7,68,"LP","I"
101,2,68,"LP","I"
54,8,68,"LP","I"
514,3,68,"LP","I"
158,1,68,"LP","I"
349,1,69,"LP","I"
140,1,69,"LP","I"
361,4,69,"LP","I"
367,2,69,"LP","I"
486,3,69,"LP","I"
112,2,69,"LP","I"
463,1,69,"LP","I"
224,1,69,"LP","I"
250,1,69,"LP","I"
515,2,69,"LP","I"
33,13,69,"LP","I"
471,2,69,"LP","I"
44,23,69,"LP","I"
464,1,69,"LP","I"
36,5,69,"LP","I"
30,3,69,"LP","I"
303,4,69,"LP","I"
228,1,69,"LP","I"
415,1,69,"LP","I"
86,4,69,"LP","I"
13,3,70,"LP","I"
16,8,70,"LP","I"
455,3,70,"LP","I"
522,2,70,"LP","I"
425,4,70,"LP","I"
249,2,70,"LP","I"
374,2,70,"LP","I"
223,1,70,"LP","I"
306,1,70,"LP","I"
224,1,70,"LP","I"
80,6,70,"LP","I"
82,1,70,"LP","I"
60,5,70,"LP","I"
32,11,70,"LP","I"
372,1,70,"LP","I"
302,2,70,"LP","I"
41,2,70,"LP","I"
389,2,70,"LP","I"
419,1,70,"LP","I"
24,5,70,"LP","I"
123,3,71,"LP","I"
51,3,71,"LP","I"
422,3,71,"LP","I"
183,1,71,"LP","I"
7,10,71,"LP","I"
305,1,71,"LP","I"
514,3,71,"LP","I"
141,1,71,"LP","I"
515,2,71,"LP","I"
363,1,71,"LP","I"
502,22,71,"LP","I"
126,3,71,"LP","I"
377,2,71,"LP","I"
64,15,71,"LP","I"
32,11,71,"LP","I"
419,1,71,"LP","I"
266,1,71,"LP","I"
76,7,71,"LP","I"
197,1,71,"LP","I"
276,2,71,"LP","I"
422,3,72,"LP","I"
313,1,72,"LP","I"
86,4,72,"LP","I"
337,2,72,"LP","I"
457,2,72,"LP","I"
28,33,72,"LP","I"
76,7,72,"LP","I"
463,1,72,"LP","I"
30,3,72,"LP","I"
91,9,72,"LP","I"
380,2,72,"LP","I"
389,2,72,"LP","I"
304,1,72,"LP","I"
286,1,72,"LP","I"
132,1,72,"LP","I"
343,7,72,"LP","I"
351,2,72,"LP","I"
419,1,72,"LP","I"
308,1,72,"LP","I"
517,3,72,"LP","I"
426,2,73,"LP","I"
515,2,73,"LP","I"
112,2,73,"LP","I"
482,3,73,"LP","I"
46,5,73,"LP","I"
8,6,73,"LP","I"
496,32,73,"LP","I"
30,3,73,"LP","I"
503,25,73,"LP","I"
57,12,73,"LP","I"
105,1,73,"LP","I"
101,2,73,"LP","I"
455,3,73,"LP","I"
82,1,73,"LP","I"
28,33,73,"LP","I"
69,1,73,"LP","I"
17,6,73,"LP","I"
348,2,73,"LP","I"
465,1,73,"LP","I"
198,1,73,"LP","I"
368,1,74,"LP","I"
223,1,74,"LP","I"
508,19,74,"LP","I"
484,2,74,"LP","I"
349,1,74,"LP","I"
374,2,74,"LP","I"
415,1,74,"LP","I"
202,1,74,"LP","I"
46,5,74,"LP","I"
166,1,74,"LP","I"
318,2,74,"LP","I"
422,3,74,"LP","I"
465,1,74,"LP","I"
16,8,74,"LP","I"
164,4,74,"LP","I"
445,11,74,"LP","I"
127,1,74,"LP","I"
435,3,74,"LP","I"
203,1,74,"LP","I"
143,1,74,"LP","I"
318,2,75,"LP","I"
26,62,75,"LP","I"
389,2,75,"LP","I"
113,1,75,"LP","I"
124,1,75,"LP","I"
166,1,75,"LP","I"
326,1,75,"LP","I"
516,3,75,"LP","I"
57,12,75,"LP","I"
138,3,75,"LP","I"
291,1,75,"LP","I"
181,1,75,"LP","I"
374,2,75,"LP","I"
445,11,75,"LP","I"
140,1,75,"LP","I"
141,1,75,"LP","I"
45,8,75,"LP","I"
455,3,75,"LP","I"
365,2,75,"LP","I"
415,1,75,"LP","I"
7,10,76,"LP","I"
419,1,76,"LP","I"
186,1,76,"LP","I"
91,9,76,"LP","I"
181,1,76,"LP","I"
438,7,76,"LP","I"
415,1,76,"LP","I"
320,1,76,"LP","I"
228,1,76,"LP","I"
471,2,76,"LP","I"
421,4,76,"LP","I"
441,1,76,"LP","I"
16,8,76,"LP","I"
389,2,76,"LP","I"
56,7,76,"LP","I"
237,1,76,"LP","I"
252,1,76,"LP","I"
183,1,76,"LP","I"
67,11,76,"LP","I"
308,1,76,"LP","I"
302,2,77,"LP","I"
67,11,77,"LP","I"
458,1,77,"LP","I"
237,1,77,"LP","I"
143,1,77,"LP","I"
101,2,77,"LP","I"
523,4,77,"LP","I"
7,10,77,"LP","I"
519,2,77,"LP","I"
196,2,77,"LP","I"
222,1,77,"LP","I"
447,3,77,"LP","I"
173,1,77,"LP","I"
80,6,77,"LP","I"
41,2,77,"LP","I"
365,2,77,"LP","I"
337,2,77,"LP","I"
508,19,77,"LP","I"
464,1,77,"LP","I"
5,7,77,"LP","I"
123,3,78,"LP","I"
439,1,78,"LP","I"
465,1,78,"LP","I"
197,1,78,"LP","I"
397,1,78,"LP","I"
244,2,78,"LP","I"
457,2,78,"LP","I"
112,2,78,"LP","I"
57,12,78,"LP","I"
425,4,78,"LP","I"
66,1,78,"LP","I"
17,6,78,"LP","I"
224,1,78,"LP","I"
438,7,78,"LP","I"
131,1,78,"LP","I"
502,22,78,"LP","I"
127,1,78,"LP","I"
358,15,78,"LP","I"
505,16,78,"LP","I"
430,1,78,"LP","I"
264,1,79,"LP","I"
372,1,79,"LP","I"
45,8,79,"LP","I"
41,2,79,"LP","I"
433,2,79,"LP","I"
377,2,79,"LP","I"
287,1,79,"LP","I"
62,8,79,"LP","I"
173,1,79,"LP","I"
69,1,79,"LP","I"
348,2,79,"LP","I"
47,11,79,"LP","I"
410,2,79,"LP","I"
397,1,79,"LP","I"
467,4,79,"LP","I"
286,1,79,"LP","I"
504,39,79,"LP","I"
223,1,79,"LP","I"
343,7,79,"LP","I"
435,3,79,"LP","I"
171,1,80,"LP","I"
14,37,80,"LP","I"
341,2,80,"LP","I"
482,3,80,"LP","I"
244,2,80,"LP","I"
457,2,80,"LP","I"
401,1,80,"LP","I"
495,14,80,"LP","I"
30,3,80,"LP","I"
372,1,80,"LP","I"
127,1,80,"LP","I"
198,1,80,"LP","I"
61,39,80,"LP","I"
60,5,80,"LP","I"
455,3,80,"LP","I"
23,8,80,"LP","I"
497,36,80,"LP","I"
113,1,80,"LP","I"
369,1,80,"LP","I"
69,1,80,"LP","I"
249,2,81,"LP","I"
224,1,81,"LP","I"
26,62,81,"LP","I"
372,1,81,"LP","I"
62,8,81,"LP","I"
54,8,81,"LP","I"
66,1,81,"LP","I"
141,1,81,"LP","I"
482,3,81,"LP","I"
484,2,81,"LP","I"
378,1,81,"LP","I"
248,1,81,"LP","I"
524,1,81,"LP","I"
17,6,81,"LP","I"
279,1,81,"LP","I"
317,2,81,"LP","I"
202,1,81,"LP","I"
140,1,81,"LP","I"
4,11,81,"LP","I"
127,1,81,"LP","I"
129,1,82,"LP","I"
301,1,82,"LP","I"
7,10,82,"LP","I"
471,2,82,"LP","I"
170,1,82,"LP","I"
377,2,82,"LP","I"
81,2,82,"LP","I"
60,5,82,"LP","I"
202,1,82,"LP","I"
306,1,82,"LP","I"
23,8,82,"LP","I"
47,11,82,"LP","I"
173,1,82,"LP","I"
26,62,82,"LP","I"
389,2,82,"LP","I"
171,1,82,"LP","I"
362,1,82,"LP","I"
158,1,82,"LP","I"
286,1,82,"LP","I"
354,2,82,"LP","I"
320,1,83,"LP","I"
181,1,83,"LP","I"
410,2,83,"LP","I"
337,2,83,"LP","I"
540,3,83,"LP","I"
236,1,83,"LP","I"
250,1,83,"LP","I"
46,5,83,"LP","I"
438,7,83,"LP","I"
17,6,83,"LP","I"
39,1,83,"LP","I"
522,2,83,"LP","I"
499,35,83,"LP","I"
363,1,83,"LP","I"
396,1,83,"LP","I"
358,15,83,"LP","I"
374,2,83,"LP","I"
344,1,83,"LP","I"
196,2,83,"LP","I"
223,1,83,"LP","I"
86,4,84,"LP","I"
158,1,84,"LP","I"
363,1,84,"LP","I"
64,15,84,"LP","I"
248,1,84,"LP","I"
291,1,84,"LP","I"
358,15,84,"LP","I"
455,3,84,"LP","I"
62,8,84,"LP","I"
181,1,84,"LP","I"
465,1,84,"LP","I"
318,2,84,"LP","I"
264,1,84,"LP","I"
51,3,84,"LP","I"
301,1,84,"LP","I"
349,1,84,"LP","I"
76,7,84,"LP","I"
124,1,84,"LP","I"
32,11,84,"LP","I"
344,1,84,"LP","I"
45,8,85,"LP","I"
370,1,85,"LP","I"
266,1,85,"LP","I"
76,7,85,"LP","I"
19,11,85,"LP","I"
138,3,85,"LP","I"
248,1,85,"LP","I"
496,32,85,"LP","I"
438,7,85,"LP","I"
276,2,85,"LP","I"
380,2,85,"LP","I"
143,1,85,"LP","I"
252,1,85,"LP","I"
430,1,85,"LP","I"
516,3,85,"LP","I"
129,1,85,"LP","I"
458,1,85,"LP","I"
394,1,85,"LP","I"
12,11,85,"LP","I"
318,2,85,"LP","I"
126,3,86,"LP","I"
181,1,86,"LP","I"
140,1,86,"LP","I"
304,1,86,"LP","I"
365,2,86,"LP","I"
369,1,86,"LP","I"
24,5,86,"LP","I"
286,1,86,"LP","I"
47,11,86,"LP","I"
278,1,86,"LP","I"
129,1,86,"LP","I"
370,1,86,"LP","I"
232,3,86,"LP","I"
500,29,86,"LP","I"
410,2,86,"LP","I"
14,37,86,"LP","I"
348,2,86,"LP","I"
45,8,86,"LP","I"
197,1,86,"LP","I"
127,1,86,"LP","I"
396,1,87,"LP","I"
19,11,87,"LP","I"
131,1,87,"LP","I"
357,1,87,"LP","I"
170,1,87,"LP","I"
86,4,87,"LP","I"
498,32,87,"LP","I"
38,6,87,"LP","I"
291,1,87,"LP","I"
82,1,87,"LP","I"
299,1,87,"LP","I"
24,5,87,"LP","I"
36,5,87,"LP","I"
341,2,87,"LP","I"
91,9,87,"LP","I"
370,1,87,"LP","I"
515,2,87,"LP","I"
415,1,87,"LP","I"
59,5,87,"LP","I"
447,3,87,"LP","I"
447,3,88,"LP","I"
26,62,88,"LP","I"
259,5,88,"LP","I"
381,2,88,"LP","I"
164,4,88,"LP","I"
513,2,88,"LP","I"
368,1,88,"LP","I"
502,22,88,"LP","I"
181,1,88,"LP","I"
470,4,88,"LP","I"
415,1,88,"LP","I"
438,7,88,"LP","I"
389,2,88,"LP","I"
17,6,88,"LP","I"
64,15,88,"LP","I"
12,11,88,"LP","I"
141,1,88,"LP","I"
69,1,88,"LP","I"
501,24,88,"LP","I"
422,3,88,"LP","I"
374,2,89,"LP","I"
457,2,89,"LP","I"
378,1,89,"LP","I"
357,1,89,"LP","I"
523,4,89,"LP","I"
72,9,89,"LP","I"
138,3,89,"LP","I"
525,4,89,"LP","I"
164,4,89,"LP","I"
252,1,89,"LP","I"
64,15,89,"LP","I"
376,3,89,"LP","I"
59,5,89,"LP","I"
524,1,89,"LP","I"
144,1,89,"LP","I"
305,1,89,"LP","I"
445,11,89,"LP","I"
484,2,89,"LP","I"
8,6,89,"LP","I"
113,1,89,"LP","I"
372,1,90,"LP","I"
209,1,90,"LP","I"
24,5,90,"LP","I"
361,4,90,"LP","I"
105,1,90,"LP","I"
417,1,90,"LP","I"
266,1,90,"LP","I"
224,1,90,"LP","I"
514,3,90,"LP","I"
318,2,90,"LP","I"
380,2,90,"LP","I"
305,1,90,"LP","I"
314,1,90,"LP","I"
540,3,90,"LP","I"
287,1,90,"LP","I"
341,2,90,"LP","I"
51,3,90,"LP","I"
445,11,90,"LP","I"
401,1,90,"LP","I"
516,3,90,"LP","I"
286,1,91,"LP","I"
158,1,91,"LP","I"
113,1,91,"LP","I"
41,2,91,"LP","I"
500,29,91,"LP","I"
374,2,91,"LP","I"
11,32,91,"LP","I"
231,1,91,"LP","I"
57,12,91,"LP","I"
389,2,91,"LP","I"
390,1,91,"LP","I"
303,4,91,"LP","I"
8,6,91,"LP","I"
232,3,91,"LP","I"
248,1,91,"LP","I"
484,2,91,"LP","I"
13,3,91,"LP","I"
17,6,91,"LP","I"
237,1,91,"LP","I"
377,2,91,"LP","I"
237,1,92,"LP","I"
166,1,92,"LP","I"
11,32,92,"LP","I"
124,1,92,"LP","I"
341,2,92,"LP","I"
20,8,92,"LP","I"
417,1,92,"LP","I"
129,1,92,"LP","I"
376,3,92,"LP","I"
26,62,92,"LP","I"
13,3,92,"LP","I"
351,2,92,"LP","I"
279,1,92,"LP","I"
504,39,92,"LP","I"
498,32,92,"LP","I"
303,4,92,"LP","I"
113,1,92,"LP","I"
457,2,92,"LP","I"
101,2,92,"LP","I"
467,4,92,"LP","I"
171,1,93,"LP","I"
376,3,93,"LP","I"
222,1,93,"LP","I"
368,1,93,"LP","I"
80,6,93,"LP","I"
237,1,93,"LP","I"
183,1,93,"LP","I"
351,2,93,"LP","I"
41,2,93,"LP","I"
370,1,93,"LP","I"
270,1,93,"LP","I"
46,5,93,"LP","I"
33,13,93,"LP","I"
504,39,93,"LP","I"
64,15,93,"LP","I"
343,7,93,"LP","I"
232,3,93,"LP","I"
228,1,93,"LP","I"
81,2,93,"LP","I"
421,4,93,"LP","I"
124,1,94,"LP","I"
358,15,94,"LP","I"
237,1,94,"LP","I"
19,11,94,"LP","I"
305,1,94,"LP","I"
417,1,94,"LP","I"
56,7,94,"LP","I"
522,2,94,"LP","I"
363,1,94,"LP","I"
469,4,94,"LP","I"
279,1,94,"LP","I"
33,13,94,"LP","I"
502,22,94,"LP","I"
80,6,94,"LP","I"
415,1,94,"LP","I"
447,3,94,"LP","I"
69,1,94,"LP","I"
30,3,94,"LP","I"
213,1,94,"LP","I"
16,8,94,"LP","I"
132,1,95,"LP","I"
508,19,95,"LP","I"
358,15,95,"LP","I"
28,33,95,"LP","I"
179,7,95,"LP","I"
78,12,95,"LP","I"
390,1,95,"LP","I"
421,4,95,"LP","I"
19,11,95,"LP","I"
213,1,95,"LP","I"
166,1,95,"LP","I"
237,1,95,"LP","I"
140,1,95,"LP","I"
36,5,95,"LP","I"
236,1,95,"LP","I"
486,3,95,"LP","I"
61,39,95,"LP","I"
515,2,95,"LP","I"
299,1,95,"LP","I"
244,2,95,"LP","I"
236,1,96,"LP","I"
286,1,96,"LP","I"
26,62,96,"LP","I"
458,1,96,"LP","I"
354,2,96,"LP","I"
170,1,96,"LP","I"
318,2,96,"LP","I"
301,1,96,"LP","I"
495,14,96,"LP","I"
138,3,96,"LP","I"
327,1,96,"LP","I"
16,8,96,"LP","I"
129,1,96,"LP","I"
285,1,96,"LP","I"
447,3,96,"LP","I"
113,1,96,"LP","I"
302,2,96,"LP","I"
39,1,96,"LP","I"
81,2,96,"LP","I"
181,1,96,"LP","I"
415,1,97,"LP","I"
306,1,97,"LP","I"
64,15,97,"LP","I"
343,7,97,"LP","I"
304,1,97,"LP","I"
305,1,97,"LP","I"
28,33,97,"LP","I"
285,1,97,"LP","I"
374,2,97,"LP","I"
59,5,97,"LP","I"
105,1,97,"LP","I"
495,14,97,"LP","I"
66,1,97,"LP","I"
158,1,97,"LP","I"
301,1,97,"LP","I"
203,1,97,"LP","I"
232,3,97,"LP","I"
540,3,97,"LP","I"
517,3,97,"LP","I"
47,11,97,"LP","I"
14,37,98,"LP","I"
437,1,98,"LP","I"
5,7,98,"LP","I"
28,33,98,"LP","I"
471,2,98,"LP","I"
164,4,98,"LP","I"
48,6,98,"LP","I"
171,1,98,"LP","I"
197,1,98,"LP","I"
327,1,98,"LP","I"
343,7,98,"LP","I"
62,8,98,"LP","I"
158,1,98,"LP","I"
30,3,98,"LP","I"
458,1,98,"LP","I"
7,10,98,"LP","I"
513,2,98,"LP","I"
12,11,98,"LP","I"
286,1,98,"LP","I"
495,14,98,"LP","I"
457,2,99,"LP","I"
171,1,99,"LP","I"
317,2,99,"LP","I"
56,7,99,"LP","I"
67,11,99,"LP","I"
62,8,99,"LP","I"
7,10,99,"LP","I"
287,1,99,"LP","I"
394,1,99,"LP","I"
515,2,99,"LP","I"
438,7,99,"LP","I"
128,1,99,"LP","I"
223,1,99,"LP","I"
247,1,99,"LP","I"
36,5,99,"LP","I"
344,1,99,"LP","I"
437,1,99,"LP","I"
124,1,99,"LP","I"
377,2,99,"LP","I"
112,2,99,"LP","I"
173,1,100,"LP","I"
144,1,100,"LP","I"
349,1,100,"LP","I"
463,1,100,"LP","I"
170,1,100,"LP","I"
482,3,100,"LP","I"
445,11,100,"LP","I"
318,2,100,"LP","I"
410,2,100,"LP","I"
524,1,100,"LP","I"
305,1,100,"LP","I"
264,1,100,"LP","I"
525,4,100,"LP","I"
302,2,100,"LP","I"
394,1,100,"LP","I"
517,3,100,"LP","I"
496,32,100,"LP","I"
303,4,100,"LP","I"
266,1,100,"LP","I"
51,3,100,"LP","I"
455,3,101,"LP","I"
197,1,101,"LP","I"
69,1,101,"LP","I"
47,11,101,"LP","I"
252,1,101,"LP","I"
250,1,101,"LP","I"
276,2,101,"LP","I"
467,4,101,"LP","I"
422,3,101,"LP","I"
433,2,101,"LP","I"
193,1,101,"LP","I"
394,1,101,"LP","I"
142,1,101,"LP","I"
132,1,101,"LP","I"
396,1,101,"LP","I"
287,1,101,"LP","I"
513,2,101,"LP","I"
441,1,101,"LP","I"
377,2,101,"LP","I"
51,3,101,"LP","I"
363,1,102,"LP","I"
128,1,102,"LP","I"
20,8,102,"LP","I"
131,1,102,"LP","I"
143,1,102,"LP","I"
357,1,102,"LP","I"
486,3,102,"LP","I"
314,1,102,"LP","I"
534,4,102,"LP","I"
291,1,102,"LP","I"
138,3,102,"LP","I"
284,1,102,"LP","I"
440,1,102,"LP","I"
252,1,102,"LP","I"
47,11,102,"LP","I"
433,2,102,"LP","I"
483,3,102,"LP","I"
80,6,102,"LP","I"
32,11,102,"LP","I"
69,1,102,"LP","I"
32,11,103,"LP","I"
517,3,103,"LP","I"
276,2,103,"LP","I"
372,1,103,"LP","I"
223,1,103,"LP","I"
320,1,103,"LP","I"
417,1,103,"LP","I"
349,1,103,"LP","I"
270,1,103,"LP","I"
5,7,103,"LP","I"
248,1,103,"LP","I"
397,1,103,"LP","I"
232,3,103,"LP","I"
437,1,103,"LP","I"
237,1,103,"LP","I"
497,36,103,"LP","I"
322,1,103,"LP","I"
144,1,103,"LP","I"
390,1,103,"LP","I"
439,1,103,"LP","I"
417,1,104,"LP","I"
515,2,104,"LP","I"
505,16,104,"LP","I"
303,4,104,"LP","I"
361,4,104,"LP","I"
351,2,104,"LP","I"
320,1,104,"LP","I"
370,1,104,"LP","I"
127,1,104,"LP","I"
8,6,104,"LP","I"
16,8,104,"LP","I"
101,2,104,"LP","I"
249,2,104,"LP","I"
304,1,104,"LP","I"
143,1,104,"LP","I"
131,1,104,"LP","I"
419,1,104,"LP","I"
327,1,104,"LP","I"
525,4,104,"LP","I"
368,1,104,"LP","I"
524,1,105,"LP","I"
435,3,105,"LP","I"
248,1,105,"LP","I"
354,2,105,"LP","I"
299,1,105,"LP","I"
327,1,105,"LP","I"
173,1,105,"LP","I"
320,1,105,"LP","I"
132,1,105,"LP","I"
259,5,105,"LP","I"
11,32,105,"LP","I"
129,1,105,"LP","I"
397,1,105,"LP","I"
276,2,105,"LP","I"
138,3,105,"LP","I"
483,3,105,"LP","I"
363,1,105,"LP","I"
193,1,105,"LP","I"
286,1,105,"LP","I"
270,1,105,"LP","I"
471,2,106,"LP","I"
367,2,106,"LP","I"
181,1,106,"LP","I"
445,11,106,"LP","I"
237,1,106,"LP","I"
469,4,106,"LP","I"
415,1,106,"LP","I"
186,1,106,"LP","I"
396,1,106,"LP","I"
464,1,106,"LP","I"
410,2,106,"LP","I"
441,1,106,"LP","I"
232,3,106,"LP","I"
126,3,106,"LP","I"
470,4,106,"LP","I"
60,5,106,"LP","I"
499,35,106,"LP","I"
380,2,106,"LP","I"
138,3,106,"LP","I"
362,1,106,"LP","I"
421,4,107,"LP","I"
486,3,107,"LP","I"
515,2,107,"LP","I"
26,62,107,"LP","I"
170,1,107,"LP","I"
301,1,107,"LP","I"
140,1,107,"LP","I"
463,1,107,"LP","I"
67,11,107,"LP","I"
390,1,107,"LP","I"
322,1,107,"LP","I"
129,1,107,"LP","I"
213,1,107,"LP","I"
522,2,107,"LP","I"
369,1,107,"LP","I"
171,1,107,"LP","I"
33,13,107,"LP","I"
482,3,107,"LP","I"
471,2,107,"LP","I"
5,7,107,"LP","I"
464,1,108,"LP","I"
372,1,108,"LP","I"
421,4,108,"LP","I"
7,10,108,"LP","I"
60,5,108,"LP","I"
278,1,108,"LP","I"
279,1,108,"LP","I"
12,11,108,"LP","I"
291,1,108,"LP","I"
301,1,108,"LP","I"
343,7,108,"LP","I"
202,1,108,"LP","I"
422,3,108,"LP","I"
463,1,108,"LP","I"
250,1,108,"LP","I"
500,29,108,"LP","I"
317,2,108,"LP","I"
86,4,108,"LP","I"
249,2,108,"LP","I"
381,2,108,"LP","I"
377,2,109,"LP","I"
143,1,109,"LP","I"
61,39,109,"LP","I"
397,1,109,"LP","I"
32,11,109,"LP","I"
77,20,109,"LP","I"
501,24,109,"LP","I"
202,1,109,"LP","I"
203,1,109,"LP","I"
48,6,109,"LP","I"
59,5,109,"LP","I"
266,1,109,"LP","I"
394,1,109,"LP","I"
367,2,109,"LP","I"
64,15,109,"LP","I"
279,1,109,"LP","I"
534,4,109,"LP","I"
326,1,109,"LP","I"
499,35,109,"LP","I"
138,3,109,"LP","I"
327,1,110,"LP","I"
44,23,110,"LP","I"
305,1,110,"LP","I"
354,2,110,"LP","I"
378,1,110,"LP","I"
314,1,110,"LP","I"
415,1,110,"LP","I"
440,1,110,"LP","I"
142,1,110,"LP","I"
279,1,110,"LP","I"
484,2,110,"LP","I"
64,15,110,"LP","I"
422,3,110,"LP","I"
129,1,110,"LP","I"
516,3,110,"LP","I"
357,1,110,"LP","I"
33,13,110,"LP","I"
514,3,110,"LP","I"
236,1,110,"LP","I"
81,2,110,"LP","I"
166,1,111,"LP","I"
421,4,111,"LP","I"
56,7,111,"LP","I"
500,29,111,"LP","I"
389,2,111,"LP","I"
396,1,111,"LP","I"
173,1,111,"LP","I"
302,2,111,"LP","I"
305,1,111,"LP","I"
320,1,111,"LP","I"
303,4,111,"LP","I"
376,3,111,"LP","I"
252,1,111,"LP","I"
278,1,111,"LP","I"
304,1,111,"LP","I"
308,1,111,"LP","I"
458,1,111,"LP","I"
140,1,111,"LP","I"
38,6,111,"LP","I"
77,20,111,"LP","I"
370,1,112,"LP","I"
5,7,112,"LP","I"
484,2,112,"LP","I"
171,1,112,"LP","I"
305,1,112,"LP","I"
320,1,112,"LP","I"
378,1,112,"LP","I"
41,2,112,"LP","I"
441,1,112,"LP","I"
390,1,112,"LP","I"
401,1,112,"LP","I"
471,2,112,"LP","I"
417,1,112,"LP","I"
13,3,112,"LP","I"
60,5,112,"LP","I"
30,3,112,"LP","I"
244,2,112,"LP","I"
158,1,112,"LP","I"
419,1,112,"LP","I"
69,1,112,"LP","I"
326,1,113,"LP","I"
32,11,113,"LP","I"
291,1,113,"LP","I"
54,8,113,"LP","I"
12,11,113,"LP","I"
203,1,113,"LP","I"
124,1,113,"LP","I"
67,11,113,"LP","I"
66,1,113,"LP","I"
515,2,113,"LP","I"
367,2,113,"LP","I"
496,32,113,"LP","I"
60,5,113,"LP","I"
56,7,113,"LP","I"
401,1,113,"LP","I"
8,6,113,"LP","I"
249,2,113,"LP","I"
23,8,113,"LP","I"
337,2,113,"LP","I"
24,5,113,"LP","I"
86,4,114,"LP","I"
123,3,114,"LP","I"
540,3,114,"LP","I"
320,1,114,"LP","I"
314,1,114,"LP","I"
36,5,114,"LP","I"
421,4,114,"LP","I"
322,1,114,"LP","I"
534,4,114,"LP","I"
370,1,114,"LP","I"
284,1,114,"LP","I"
223,1,114,"LP","I"
471,2,114,"LP","I"
441,1,114,"LP","I"
82,1,114,"LP","I"
463,1,114,"LP","I"
351,2,114,"LP","I"
101,2,114,"LP","I"
301,1,114,"LP","I"
457,2,114,"LP","I"
358,15,115,"LP","I"
320,1,115,"LP","I"
131,1,115,"LP","I"
426,2,115,"LP","I"
314,1,115,"LP","I"
381,2,115,"LP","I"
471,2,115,"LP","I"
266,1,115,"LP","I"
464,1,115,"LP","I"
525,4,115,"LP","I"
317,2,115,"LP","I"
457,2,115,"LP","I"
127,1,115,"LP","I"
39,1,115,"LP","I"
308,1,115,"LP","I"
54,8,115,"LP","I"
523,4,115,"LP","I"
112,2,115,"LP","I"
313,1,115,"LP","I"
164,4,115,"LP","I"
378,1,116,"LP","I"
370,1,116,"LP","I"
437,1,116,"LP","I"
12,11,116,"LP","I"
126,3,116,"LP","I"
141,1,116,"LP","I"
496,32,116,"LP","I"
56,7,116,"LP","I"
367,2,116,"LP","I"
349,1,116,"LP","I"
14,37,116,"LP","I"
138,3,116,"LP","I"
499,35,116,"LP","I"
305,1,116,"LP","I"
82,1,116,"LP","I"
482,3,116,"LP","I"
441,1,116,"LP","I"
445,11,116,"LP","I"
112,2,116,"LP","I"
197,1,116,"LP","I"
132,1,117,"LP","I"
317,2,117,"LP","I"
374,2,117,"LP","I"
516,3,117,"LP","I"
517,3,117,"LP","I"
457,2,117,"LP","I"
249,2,117,"LP","I"
463,1,117,"LP","I"
69,1,117,"LP","I"
44,23,117,"LP","I"
370,1,117,"LP","I"
458,1,117,"LP","I"
77,20,117,"LP","I"
365,2,117,"LP","I"
524,1,117,"LP","I"
426,2,117,"LP","I"
306,1,117,"LP","I"
190,2,117,"LP","I"
534,4,117,"LP","I"
422,3,117,"LP","I"
499,35,118,"LP","I"
81,2,118,"LP","I"
54,8,118,"LP","I"
127,1,118,"LP","I"
498,32,118,"LP","I"
358,15,118,"LP","I"
69,1,118,"LP","I"
82,1,118,"LP","I"
445,11,118,"LP","I"
32,11,118,"LP","I"
381,2,118,"LP","I"
367,2,118,"LP","I"
458,1,118,"LP","I"
16,8,118,"LP","I"
361,4,118,"LP","I"
255,2,118,"LP","I"
357,1,118,"LP","I"
202,1,118,"LP","I"
270,1,118,"LP","I"
224,1,118,"LP","I"
141,1,119,"LP","I"
112,2,119,"LP","I"
514,3,119,"LP","I"
250,1,119,"LP","I"
381,2,119,"LP","I"
463,1,119,"LP","I"
143,1,119,"LP","I"
470,4,119,"LP","I"
228,1,119,"LP","I"
105,1,119,"LP","I"
378,1,119,"LP","I"
26,62,119,"LP","I"
302,2,119,"LP","I"
36,5,119,"LP","I"
164,4,119,"LP","I"
202,1,119,"LP","I"
517,3,119,"LP","I"
401,1,119,"LP","I"
285,1,119,"LP","I"
144,1,119,"LP","I"
363,1,120,"LP","I"
534,4,120,"LP","I"
503,25,120,"LP","I"
299,1,120,"LP","I"
19,11,120,"LP","I"
301,1,120,"LP","I"
499,35,120,"LP","I"
166,1,120,"LP","I"
105,1,120,"LP","I"
302,2,120,"LP","I"
259,5,120,"LP","I"
380,2,120,"LP","I"
464,1,120,"LP","I"
514,3,120,"LP","I"
378,1,120,"LP","I"
447,3,120,"LP","I"
303,4,120,"LP","I"
327,1,120,"LP","I"
318,2,120,"LP","I"
193,1,120,"LP","I"
540,3,121,"LP","I"
196,2,121,"LP","I"
249,2,121,"LP","I"
337,2,121,"LP","I"
515,2,121,"LP","I"
113,1,121,"LP","I"
11,32,121,"LP","I"
166,1,121,"LP","I"
213,1,121,"LP","I"
129,1,121,"LP","I"
224,1,121,"LP","I"
16,8,121,"LP","I"
7,10,121,"LP","I"
197,1,121,"LP","I"
445,11,121,"LP","I"
374,2,121,"LP","I"
46,5,121,"LP","I"
301,1,121,"LP","I"
503,25,121,"LP","I"
463,1,121,"LP","I"
503,25,122,"LP","I"
222,1,122,"LP","I"
357,1,122,"LP","I"
534,4,122,"LP","I"
16,8,122,"LP","I"
389,2,122,"LP","I"
124,1,122,"LP","I"
308,1,122,"LP","I"
276,2,122,"LP","I"
105,1,122,"LP","I"
344,1,122,"LP","I"
467,4,122,"LP","I"
5,7,122,"LP","I"
196,2,122,"LP","I"
248,1,122,"LP","I"
439,1,122,"LP","I"
519,2,122,"LP","I"
113,1,122,"LP","I"
362,1,122,"LP","I"
317,2,122,"LP","I"
249,2,123,"LP","I"
144,1,123,"LP","I"
14,37,123,"LP","I"
447,3,123,"LP","I"
495,14,123,"LP","I"
415,1,123,"LP","I"
396,1,123,"LP","I"
525,4,123,"LP","I"
264,1,123,"LP","I"
143,1,123,"LP","I"
76,7,123,"LP","I"
508,19,123,"LP","I"
138,3,123,"LP","I"
23,8,123,"LP","I"
483,3,123,"LP","I"
59,5,123,"LP","I"
496,32,123,"LP","I"
291,1,123,"LP","I"
303,4,123,"LP","I"
425,4,123,"LP","I"
252,1,124,"LP","I"
14,37,124,"LP","I"
515,2,124,"LP","I"
4,11,124,"LP","I"
433,2,124,"LP","I"
445,11,124,"LP","I"
171,1,124,"LP","I"
23,8,124,"LP","I"
232,3,124,"LP","I"
337,2,124,"LP","I"
80,6,124,"LP","I"
7,10,124,"LP","I"
264,1,124,"LP","I"
348,2,124,"LP","I"
396,1,124,"LP","I"
54,8,124,"LP","I"
401,1,124,"LP","I"
363,1,124,"LP","I"
394,1,124,"LP","I"
179,7,124,"LP","I"
143,1,125,"LP","I"
24,5,125,"LP","I"
16,8,125,"LP","I"
349,1,125,"LP","I"
380,2,125,"LP","I"
317,2,125,"LP","I"
447,3,125,"LP","I"
483,3,125,"LP","I"
276,2,125,"LP","I"
365,2,125,"LP","I"
124,1,125,"LP","I"
433,2,125,"LP","I"
523,4,125,"LP","I"
13,3,125,"LP","I"
439,1,125,"LP","I"
61,39,125,"LP","I"
363,1,125,"LP","I"
78,12,125,"LP","I"
372,1,125,"LP","I"
465,1,125,"LP","I"
482,3,126,"LP","I"
540,3,126,"LP","I"
430,1,126,"LP","I"
30,3,126,"LP","I"
517,3,126,"LP","I"
337,2,126,"LP","I"
513,2,126,"LP","I"
7,10,126,"LP","I"
190,2,126,"LP","I"
231,1,126,"LP","I"
362,1,126,"LP","I"
66,1,126,"LP","I"
193,1,126,"LP","I"
372,1,126,"LP","I"
78,12,126,"LP","I"
76,7,126,"LP","I"
523,4,126,"LP","I"
113,1,126,"LP","I"
86,4,126,"LP","I"
14,37,126,"LP","I"
421,4,127,"LP","I"
209,1,127,"LP","I"
320,1,127,"LP","I"
397,1,127,"LP","I"
105,1,127,"LP","I"
425,4,127,"LP","I"
183,1,127,"LP","I"
250,1,127,"LP","I"
305,1,127,"LP","I"
248,1,127,"LP","I"
51,3,127,"LP","I"
61,39,127,"LP","I"
306,1,127,"LP","I"
138,3,127,"LP","I"
287,1,127,"LP","I"
91,9,127,"LP","I"
435,3,127,"LP","I"
24,5,127,"LP","I"
77,20,127,"LP","I"
69,1,127,"LP","I"
64,15,128,"LP","I"
467,4,128,"LP","I"
508,19,128,"LP","I"
517,3,128,"LP","I"
11,32,128,"LP","I"
38,6,128,"LP","I"
51,3,128,"LP","I"
308,1,128,"LP","I"
496,32,128,"LP","I"
20,8,128,"LP","I"
482,3,128,"LP","I"
471,2,128,"LP","I"
368,1,128,"LP","I"
186,1,128,"LP","I"
437,1,128,"LP","I"
365,2,128,"LP","I"
47,11,128,"LP","I"
282,1,128,"LP","I"
499,35,128,"LP","I"
66,1,128,"LP","I"
422,3,129,"LP","I"
372,1,129,"LP","I"
458,1,129,"LP","I"
438,7,129,"LP","I"
20,8,129,"LP","I"
313,1,129,"LP","I"
45,8,129,"LP","I"
430,1,129,"LP","I"
77,20,129,"LP","I"
248,1,129,"LP","I"
305,1,129,"LP","I"
250,1,129,"LP","I"
32,11,129,"LP","I"
197,1,129,"LP","I"
508,19,129,"LP","I"
170,1,129,"LP","I"
348,2,129,"LP","I"
457,2,129,"LP","I"
124,1,129,"LP","I"
376,3,129,"LP","I"
433,2,130,"LP","I"
437,1,130,"LP","I"
286,1,130,"LP","I"
47,11,130,"LP","I"
183,1,130,"LP","I"
128,1,130,"LP","I"
203,1,130,"LP","I"
367,2,130,"LP","I"
237,1,130,"LP","I"
141,1,130,"LP","I"
306,1,130,"LP","I"
248,1,130,"LP","I"
19,11,130,"LP","I"
170,1,130,"LP","I"
287,1,130,"LP","I"
285,1,130,"LP","I"
522,2,130,"LP","I"
291,1,130,"LP","I"
502,22,130,"LP","I"
196,2,130,"LP","I"
308,1,131,"LP","I"
78,12,131,"LP","I"
320,1,131,"LP","I"
203,1,131,"LP","I"
370,1,131,"LP","I"
358,15,131,"LP","I"
341,2,131,"LP","I"
369,1,131,"LP","I"
463,1,131,"LP","I"
7,10,131,"LP","I"
439,1,131,"LP","I"
190,2,131,"LP","I"
69,1,131,"LP","I"
62,8,131,"LP","I"
504,39,131,"LP","I"
515,2,131,"LP","I"
11,32,131,"LP","I"
514,3,131,"LP","I"
278,1,131,"LP","I"
166,1,131,"LP","I"
279,1,132,"LP","I"
179,7,132,"LP","I"
524,1,132,"LP","I"
62,8,132,"LP","I"
16,8,132,"LP","I"
30,3,132,"LP","I"
250,1,132,"LP","I"
390,1,132,"LP","I"
465,1,132,"LP","I"
224,1,132,"LP","I"
47,11,132,"LP","I"
440,1,132,"LP","I"
455,3,132,"LP","I"
500,29,132,"LP","I"
322,1,132,"LP","I"
190,2,132,"LP","I"
126,3,132,"LP","I"
421,4,132,"LP","I"
129,1,132,"LP","I"
8,6,132,"LP","I"
314,1,133,"LP","I"
129,1,133,"LP","I"
463,1,133,"LP","I"
455,3,133,"LP","I"
171,1,133,"LP","I"
270,1,133,"LP","I"
367,2,133,"LP","I"
127,1,133,"LP","I"
496,32,133,"LP","I"
467,4,133,"LP","I"
128,1,133,"LP","I"
426,2,133,"LP","I"
259,5,133,"LP","I"
170,1,133,"LP","I"
164,4,133,"LP","I"
369,1,133,"LP","I"
248,1,133,"LP","I"
389,2,133,"LP","I"
286,1,133,"LP","I"
303,4,133,"LP","I"
513,2,134,"LP","I"
138,3,134,"LP","I"
500,29,134,"LP","I"
471,2,134,"LP","I"
164,4,134,"LP","I"
171,1,134,"LP","I"
278,1,134,"LP","I"
14,37,134,"LP","I"
143,1,134,"LP","I"
259,5,134,"LP","I"
497,36,134,"LP","I"
320,1,134,"LP","I"
380,2,134,"LP","I"
72,9,134,"LP","I"
13,3,134,"LP","I"
483,3,134,"LP","I"
129,1,134,"LP","I"
322,1,134,"LP","I"
495,14,134,"LP","I"
417,1,134,"LP","I"
244,2,135,"LP","I"
76,7,135,"LP","I"
46,5,135,"LP","I"
504,39,135,"LP","I"
343,7,135,"LP","I"
232,3,135,"LP","I"
278,1,135,"LP","I"
351,2,135,"LP","I"
425,4,135,"LP","I"
534,4,135,"LP","I"
222,1,135,"LP","I"
20,8,135,"LP","I"
62,8,135,"LP","I"
14,37,135,"LP","I"
486,3,135,"LP","I"
30,3,135,"LP","I"
270,1,135,"LP","I"
158,1,135,"LP","I"
313,1,135,"LP","I"
142,1,135,"LP","I"
318,2,136,"LP","I"
38,6,136,"LP","I"
517,3,136,"LP","I"
377,2,136,"LP","I"
303,4,136,"LP","I"
39,1,136,"LP","I"
222,1,136,"LP","I"
417,1,136,"LP","I"
223,1,136,"LP","I"
56,7,136,"LP","I"
447,3,136,"LP","I"
264,1,136,"LP","I"
101,2,136,"LP","I"
82,1,136,"LP","I"
433,2,136,"LP","I"
515,2,136,"LP","I"
213,1,136,"LP","I"
45,8,136,"LP","I"
514,3,136,"LP","I"
314,1,136,"LP","I"
203,1,137,"LP","I"
48,6,137,"LP","I"
302,2,137,"LP","I"
362,1,137,"LP","I"
284,1,137,"LP","I"
390,1,137,"LP","I"
343,7,137,"LP","I"
327,1,137,"LP","I"
11,32,137,"LP","I"
513,2,137,"LP","I"
140,1,137,"LP","I"
54,8,137,"LP","I"
72,9,137,"LP","I"
141,1,137,"LP","I"
337,2,137,"LP","I"
369,1,137,"LP","I"
232,3,137,"LP","I"
138,3,137,"LP","I"
237,1,137,"LP","I"
67,11,137,"LP","I"
504,39,138,"LP","I"
435,3,138,"LP","I"
105,1,138,"LP","I"
389,2,138,"LP","I"
250,1,138,"LP","I"
351,2,138,"LP","I"
522,2,138,"LP","I"
91,9,138,"LP","I"
237,1,138,"LP","I"
308,1,138,"LP","I"
358,15,138,"LP","I"
501,24,138,"LP","I"
341,2,138,"LP","I"
44,23,138,"LP","I"
248,1,138,"LP","I"
78,12,138,"LP","I"
344,1,138,"LP","I"
113,1,138,"LP","I"
11,32,138,"LP","I"
266,1,138,"LP","I"
377,2,139,"LP","I"
285,1,139,"LP","I"
500,29,139,"LP","I"
415,1,139,"LP","I"
61,39,139,"LP","I"
132,1,139,"LP","I"
326,1,139,"LP","I"
128,1,139,"LP","I"
516,3,139,"LP","I"
69,1,139,"LP","I"
28,33,139,"LP","I"
314,1,139,"LP","I"
282,1,139,"LP","I"
343,7,139,"LP","I"
131,1,139,"LP","I"
425,4,139,"LP","I"
255,2,139,"LP","I"
4,11,139,"LP","I"
30,3,139,"LP","I"
396,1,139,"LP","I"
186,1,140,"LP","I"
422,3,140,"LP","I"
228,1,140,"LP","I"
12,11,140,"LP","I"
397,1,140,"LP","I"
390,1,140,"LP","I"
129,1,140,"LP","I"
196,2,140,"LP","I"
56,7,140,"LP","I"
5,7,140,"LP","I"
308,1,140,"LP","I"
503,25,140,"LP","I"
482,3,140,"LP","I"
522,2,140,"LP","I"
354,2,140,"LP","I"
447,3,140,"LP","I"
433,2,140,"LP","I"
302,2,140,"LP","I"
51,3,140,"LP","I"
441,1,140,"LP","I"
483,3,141,"LP","I"
469,4,141,"LP","I"
113,1,141,"LP","I"
508,19,141,"LP","I"
374,2,141,"LP","I"
534,4,141,"LP","I"
232,3,141,"LP","I"
78,12,141,"LP","I"
223,1,141,"LP","I"
326,1,141,"LP","I"
515,2,141,"LP","I"
250,1,141,"LP","I"
426,2,141,"LP","I"
203,1,141,"LP","I"
284,1,141,"LP","I"
322,1,141,"LP","I"
228,1,141,"LP","I"
343,7,141,"LP","I"
287,1,141,"LP","I"
390,1,141,"LP","I"
158,1,142,"LP","I"
7,10,142,"LP","I"
467,4,142,"LP","I"
44,23,142,"LP","I"
142,1,142,"LP","I"
425,4,142,"LP","I"
56,7,142,"LP","I"
514,3,142,"LP","I"
12,11,142,"LP","I"
320,1,142,"LP","I"
138,3,142,"LP","I"
164,4,142,"LP","I"
284,1,142,"LP","I"
126,3,142,"LP","I"
499,35,142,"LP","I"
516,3,142,"LP","I"
86,4,142,"LP","I"
64,15,142,"LP","I"
67,11,142,"LP","I"
458,1,142,"LP","I"
30,3,143,"LP","I"
415,1,143,"LP","I"
314,1,143,"LP","I"
394,1,143,"LP","I"
11,32,143,"LP","I"
495,14,143,"LP","I"
341,2,143,"LP","I"
502,22,143,"LP","I"
231,1,143,"LP","I"
228,1,143,"LP","I"
33,13,143,"LP","I"
82,1,143,"LP","I"
390,1,143,"LP","I"
374,2,143,"LP","I"
306,1,143,"LP","I"
421,4,143,"LP","I"
357,1,143,"LP","I"
304,1,143,"LP","I"
438,7,143,"LP","I"
370,1,143,"LP","I"
36,5,144,"LP","I"
522,2,144,"LP","I"
369,1,144,"LP","I"
470,4,144,"LP","I"
344,1,144,"LP","I"
523,4,144,"LP","I"
179,7,144,"LP","I"
248,1,144,"LP","I"
228,1,144,"LP","I"
465,1,144,"LP","I"
41,2,144,"LP","I"
128,1,144,"LP","I"
249,2,144,"LP","I"
232,3,144,"LP","I"
464,1,144,"LP","I"
26,62,144,"LP","I"
101,2,144,"LP","I"
357,1,144,"LP","I"
57,12,144,"LP","I"
299,1,144,"LP","I"
39,1,145,"LP","I"
482,3,145,"LP","I"
20,8,145,"LP","I"
222,1,145,"LP","I"
113,1,145,"LP","I"
44,23,145,"LP","I"
396,1,145,"LP","I"
30,3,145,"LP","I"
440,1,145,"LP","I"
76,7,145,"LP","I"
236,1,145,"LP","I"
458,1,145,"LP","I"
80,6,145,"LP","I"
126,3,145,"LP","I"
471,2,145,"LP","I"
59,5,145,"LP","I"
320,1,145,"LP","I"
498,32,145,"LP","I"
282,1,145,"LP","I"
378,1,145,"LP","I"
129,1,146,"LP","I"
59,5,146,"LP","I"
397,1,146,"LP","I"
38,6,146,"LP","I"
170,1,146,"LP","I"
464,1,146,"LP","I"
496,32,146,"LP","I"
39,1,146,"LP","I"
501,24,146,"LP","I"
396,1,146,"LP","I"
343,7,146,"LP","I"
438,7,146,"LP","I"
140,1,146,"LP","I"
228,1,146,"LP","I"
203,1,146,"LP","I"
51,3,146,"LP","I"
401,1,146,"LP","I"
516,3,146,"LP","I"
467,4,146,"LP","I"
381,2,146,"LP","I"
81,2,147,"LP","I"
223,1,147,"LP","I"
61,39,147,"LP","I"
105,1,147,"LP","I"
337,2,147,"LP","I"
244,2,147,"LP","I"
435,3,147,"LP","I"
363,1,147,"LP","I"
82,1,147,"LP","I"
362,1,147,"LP","I"
515,2,147,"LP","I"
401,1,147,"LP","I"
465,1,147,"LP","I"
179,7,147,"LP","I"
317,2,147,"LP","I"
213,1,147,"LP","I"
54,8,147,"LP","I"
433,2,147,"LP","I"
45,8,147,"LP","I"
46,5,147,"LP","I"
28,33,148,"LP","I"
170,1,148,"LP","I"
457,2,148,"LP","I"
435,3,148,"LP","I"
417,1,148,"LP","I"
270,1,148,"LP","I"
540,3,148,"LP","I"
264,1,148,"LP","I"
4,11,148,"LP","I"
439,1,148,"LP","I"
248,1,148,"LP","I"
124,1,148,"LP","I"
291,1,148,"LP","I"
105,1,148,"LP","I"
389,2,148,"LP","I"
143,1,148,"LP","I"
144,1,148,"LP","I"
224,1,148,"LP","I"
128,1,148,"LP","I"
86,4,148,"LP","I"
105,1,149,"LP","I"
437,1,149,"LP","I"
131,1,149,"LP","I"
354,2,149,"LP","I"
126,3,149,"LP","I"
464,1,149,"LP","I"
32,11,149,"LP","I"
16,8,149,"LP","I"
91,9,149,"LP","I"
422,3,149,"LP","I"
421,4,149,"LP","I"
56,7,149,"LP","I"
193,1,149,"LP","I"
463,1,149,"LP","I"
514,3,149,"LP","I"
250,1,149,"LP","I"
36,5,149,"LP","I"
305,1,149,"LP","I"
158,1,149,"LP","I"
264,1,149,"LP","I"
363,1,150,"LP","I"
112,2,150,"LP","I"
327,1,150,"LP","I"
357,1,150,"LP","I"
128,1,150,"LP","I"
48,6,150,"LP","I"
503,25,150,"LP","I"
129,1,150,"LP","I"
279,1,150,"LP","I"
56,7,150,"LP","I"
57,12,150,"LP","I"
367,2,150,"LP","I"
196,2,150,"LP","I"
26,62,150,"LP","I"
193,1,150,"LP","I"
369,1,150,"LP","I"
437,1,150,"LP","I"
302,2,150,"LP","I"
523,4,150,"LP","I"
505,16,150,"LP","I"
17,6,151,"LP","I"
113,1,151,"LP","I"
327,1,151,"LP","I"
278,1,151,"LP","I"
33,13,151,"LP","I"
378,1,151,"LP","I"
57,12,151,"LP","I"
91,9,151,"LP","I"
60,5,151,"LP","I"
303,4,151,"LP","I"
126,3,151,"LP","I"
158,1,151,"LP","I"
166,1,151,"LP","I"
516,3,151,"LP","I"
77,20,151,"LP","I"
62,8,151,"LP","I"
357,1,151,"LP","I"
410,2,151,"LP","I"
502,22,151,"LP","I"
51,3,151,"LP","I"
41,2,152,"LP","I"
48,6,152,"LP","I"
252,1,152,"LP","I"
80,6,152,"LP","I"
67,11,152,"LP","I"
138,3,152,"LP","I"
369,1,152,"LP","I"
284,1,152,"LP","I"
264,1,152,"LP","I"
127,1,152,"LP","I"
430,1,152,"LP","I"
44,23,152,"LP","I"
439,1,152,"LP","I"
105,1,152,"LP","I"
425,4,152,"LP","I"
69,1,152,"LP","I"
367,2,152,"LP","I"
396,1,152,"LP","I"
20,8,152,"LP","I"
36,5,152,"LP","I"
441,1,153,"LP","I"
508,19,153,"LP","I"
314,1,153,"LP","I"
318,2,153,"LP","I"
123,3,153,"LP","I"
143,1,153,"LP","I"
101,2,153,"LP","I"
4,11,153,"LP","I"
467,4,153,"LP","I"
47,11,153,"LP","I"
358,15,153,"LP","I"
470,4,153,"LP","I"
438,7,153,"LP","I"
77,20,153,"LP","I"
255,2,153,"LP","I"
224,1,153,"LP","I"
302,2,153,"LP","I"
304,1,153,"LP","I"
439,1,153,"LP","I"
497,36,153,"LP","I"
259,5,154,"LP","I"
202,1,154,"LP","I"
164,4,154,"LP","I"
499,35,154,"LP","I"
327,1,154,"LP","I"
56,7,154,"LP","I"
222,1,154,"LP","I"
140,1,154,"LP","I"
126,3,154,"LP","I"
228,1,154,"LP","I"
304,1,154,"LP","I"
123,3,154,"LP","I"
524,1,154,"LP","I"
57,12,154,"LP","I"
69,1,154,"LP","I"
186,1,154,"LP","I"
425,4,154,"LP","I"
286,1,154,"LP","I"
503,25,154,"LP","I"
5,7,154,"LP","I"
171,1,155,"LP","I"
367,2,155,"LP","I"
237,1,155,"LP","I"
124,1,155,"LP","I"
276,2,155,"LP","I"
45,8,155,"LP","I"
313,1,155,"LP","I"
48,6,155,"LP","I"
438,7,155,"LP","I"
525,4,155,"LP","I"
513,2,155,"LP","I"
502,22,155,"LP","I"
394,1,155,"LP","I"
401,1,155,"LP","I"
377,2,155,"LP","I"
126,3,155,"LP","I"
127,1,155,"LP","I"
483,3,155,"LP","I"
369,1,155,"LP","I"
128,1,155,"LP","I"
255,2,156,"LP","I"
138,3,156,"LP","I"
440,1,156,"LP","I"
348,2,156,"LP","I"
131,1,156,"LP","I"
445,11,156,"LP","I"
237,1,156,"LP","I"
381,2,156,"LP","I"
291,1,156,"LP","I"
232,3,156,"LP","I"
38,6,156,"LP","I"
469,4,156,"LP","I"
266,1,156,"LP","I"
44,23,156,"LP","I"
482,3,156,"LP","I"
318,2,156,"LP","I"
390,1,156,"LP","I"
495,14,156,"LP","I"
69,1,156,"LP","I"
66,1,156,"LP","I"
305,1,157,"LP","I"
394,1,157,"LP","I"
112,2,157,"LP","I"
4,11,157,"LP","I"
17,6,157,"LP","I"
365,2,157,"LP","I"
13,3,157,"LP","I"
358,15,157,"LP","I"
12,11,157,"LP","I"
320,1,157,"LP","I"
179,7,157,"LP","I"
435,3,157,"LP","I"
223,1,157,"LP","I"
282,1,157,"LP","I"
519,2,157,"LP","I"
270,1,157,"LP","I"
222,1,157,"LP","I"
317,2,157,"LP","I"
343,7,157,"LP","I"
504,39,157,"LP","I"
344,1,158,"LP","I"
213,1,158,"LP","I"
299,1,158,"LP","I"
341,2,158,"LP","I"
351,2,158,"LP","I"
123,3,158,"LP","I"
457,2,158,"LP","I"
223,1,158,"LP","I"
28,33,158,"LP","I"
24,5,158,"LP","I"
91,9,158,"LP","I"
203,1,158,"LP","I"
193,1,158,"LP","I"
78,12,158,"LP","I"
270,1,158,"LP","I"
158,1,158,"LP","I"
128,1,158,"LP","I"
378,1,158,"LP","I"
131,1,158,"LP","I"
59,5,158,"LP","I"
60,5,159,"LP","I"
519,2,159,"LP","I"
64,15,159,"LP","I"
365,2,159,"LP","I"
467,4,159,"LP","I"
503,25,159,"LP","I"
305,1,159,"LP","I"
228,1,159,"LP","I"
41,2,159,"LP","I"
78,12,159,"LP","I"
244,2,159,"LP","I"
181,1,159,"LP","I"
264,1,159,"LP","I"
514,3,159,"LP","I"
67,11,159,"LP","I"
202,1,159,"LP","I"
426,2,159,"LP","I"
327,1,159,"LP","I"
279,1,159,"LP","I"
415,1,159,"LP","I"
372,1,160,"LP","I"
439,1,160,"LP","I"
78,12,160,"LP","I"
496,32,160,"LP","I"
33,13,160,"LP","I"
171,1,160,"LP","I"
410,2,160,"LP","I"
351,2,160,"LP","I"
380,2,160,"LP","I"
440,1,160,"LP","I"
249,2,160,"LP","I"
86,4,160,"LP","I"
508,19,160,"LP","I"
266,1,160,"LP","I"
467,4,160,"LP","I"
517,3,160,"LP","I"
24,5,160,"LP","I"
59,5,160,"LP","I"
4,11,160,"LP","I"
19,11,160,"LP","I"
202,1,161,"LP","I"
322,1,161,"LP","I"
378,1,161,"LP","I"
141,1,161,"LP","I"
389,2,161,"LP","I"
80,6,161,"LP","I"
320,1,161,"LP","I"
458,1,161,"LP","I"
28,33,161,"LP","I"
101,2,161,"LP","I"
213,1,161,"LP","I"
181,1,161,"LP","I"
78,12,161,"LP","I"
248,1,161,"LP","I"
498,32,161,"LP","I"
30,3,161,"LP","I"
435,3,161,"LP","I"
495,14,161,"LP","I"
129,1,161,"LP","I"
198,1,161,"LP","I"
397,1,162,"LP","I"
358,15,162,"LP","I"
368,1,162,"LP","I"
140,1,162,"LP","I"
363,1,162,"LP","I"
213,1,162,"LP","I"
236,1,162,"LP","I"
13,3,162,"LP","I"
45,8,162,"LP","I"
455,3,162,"LP","I"
112,2,162,"LP","I"
11,32,162,"LP","I"
82,1,162,"LP","I"
16,8,162,"LP","I"
523,4,162,"LP","I"
504,39,162,"LP","I"
415,1,162,"LP","I"
224,1,162,"LP","I"
503,25,162,"LP","I"
20,8,162,"LP","I"
101,2,163,"LP","I"
222,1,163,"LP","I"
396,1,163,"LP","I"
515,2,163,"LP","I"
305,1,163,"LP","I"
495,14,163,"LP","I"
358,15,163,"LP","I"
158,1,163,"LP","I"
501,24,163,"LP","I"
171,1,163,"LP","I"
196,2,163,"LP","I"
17,6,163,"LP","I"
438,7,163,"LP","I"
131,1,163,"LP","I"
534,4,163,"LP","I"
64,15,163,"LP","I"
357,1,163,"LP","I"
415,1,163,"LP","I"
344,1,163,"LP","I"
422,3,163,"LP","I"
17,6,164,"LP","I"
244,2,164,"LP","I"
81,2,164,"LP","I"
514,3,164,"LP","I"
247,1,164,"LP","I"
193,1,164,"LP","I"
305,1,164,"LP","I"
30,3,164,"LP","I"
78,12,164,"LP","I"
304,1,164,"LP","I"
354,2,164,"LP","I"
497,36,164,"LP","I"
422,3,164,"LP","I"
36,5,164,"LP","I"
72,9,164,"LP","I"
374,2,164,"LP","I"
223,1,164,"LP","I"
317,2,164,"LP","I"
285,1,164,"LP","I"
486,3,164,"LP","I"
365,2,165,"LP","I"
390,1,165,"LP","I"
141,1,165,"LP","I"
54,8,165,"LP","I"
314,1,165,"LP","I"
419,1,165,"LP","I"
173,1,165,"LP","I"
11,32,165,"LP","I"
179,7,165,"LP","I"
170,1,165,"LP","I"
259,5,165,"LP","I"
23,8,165,"LP","I"
285,1,165,"LP","I"
171,1,165,"LP","I"
349,1,165,"LP","I"
248,1,165,"LP","I"
237,1,165,"LP","I"
279,1,165,"LP","I"
394,1,165,"LP","I"
247,1,165,"LP","I"
455,3,166,"LP","I"
44,23,166,"LP","I"
486,3,166,"LP","I"
82,1,166,"LP","I"
358,15,166,"LP","I"
279,1,166,"LP","I"
276,2,166,"LP","I"
390,1,166,"LP","I"
500,29,166,"LP","I"
270,1,166,"LP","I"
77,20,166,"LP","I"
278,1,166,"LP","I"
374,2,166,"LP","I"
437,1,166,"LP","I"
439,1,166,"LP","I"
344,1,166,"LP","I"
482,3,166,"LP","I"
523,4,166,"LP","I"
514,3,166,"LP","I"
362,1,166,"LP","I"
101,2,167,"LP","I"
302,2,167,"LP","I"
248,1,167,"LP","I"
8,6,167,"LP","I"
171,1,167,"LP","I"
499,35,167,"LP","I"
519,2,167,"LP","I"
78,12,167,"LP","I"
440,1,167,"LP","I"
173,1,167,"LP","I"
128,1,167,"LP","I"
19,11,167,"LP","I"
421,4,167,"LP","I"
376,3,167,"LP","I"
64,15,167,"LP","I"
522,2,167,"LP","I"
51,3,167,"LP","I"
62,8,167,"LP","I"
370,1,167,"LP","I"
252,1,167,"LP","I"
497,36,168,"LP","I"
36,5,168,"LP","I"
209,1,168,"LP","I"
515,2,168,"LP","I"
284,1,168,"LP","I"
421,4,168,"LP","I"
299,1,168,"LP","I"
164,4,168,"LP","I"
276,2,168,"LP","I"
124,1,168,"LP","I"
286,1,168,"LP","I"
397,1,168,"LP","I"
291,1,168,"LP","I"
105,1,168,"LP","I"
369,1,168,"LP","I"
504,39,168,"LP","I"
410,2,168,"LP","I"
196,2,168,"LP","I"
213,1,168,"LP","I"
224,1,168,"LP","I"
278,1,169,"LP","I"
193,1,169,"LP","I"
54,8,169,"LP","I"
77,20,169,"LP","I"
425,4,169,"LP","I"
417,1,169,"LP","I"
231,1,169,"LP","I"
164,4,169,"LP","I"
361,4,169,"LP","I"
426,2,169,"LP","I"
438,7,169,"LP","I"
66,1,169,"LP","I"
44,23,169,"LP","I"
126,3,169,"LP","I"
59,5,169,"LP","I"
236,1,169,"LP","I"
196,2,169,"LP","I"
171,1,169,"LP","I"
14,37,169,"LP","I"
32,11,169,"LP","I"
131,1,170,"LP","I"
327,1,170,"LP","I"
123,3,170,"LP","I"
377,2,170,"LP","I"
380,2,170,"LP","I"
369,1,170,"LP","I"
105,1,170,"LP","I"
505,16,170,"LP","I"
193,1,170,"LP","I"
291,1,170,"LP","I"
38,6,170,"LP","I"
270,1,170,"LP","I"
343,7,170,"LP","I"
357,1,170,"LP","I"
447,3,170,"LP","I"
266,1,170,"LP","I"
86,4,170,"LP","I"
374,2,170,"LP","I"
129,1,170,"LP","I"
5,7,170,"LP","I"
141,1,171,"LP","I"
515,2,171,"LP","I"
320,1,171,"LP","I"
351,2,171,"LP","I"
45,8,171,"LP","I"
44,23,171,"LP","I"
394,1,171,"LP","I"
502,22,171,"LP","I"
183,1,171,"LP","I"
166,1,171,"LP","I"
415,1,171,"LP","I"
24,5,171,"LP","I"
447,3,171,"LP","I"
430,1,171,"LP","I"
264,1,171,"LP","I"
318,2,171,"LP","I"
354,2,171,"LP","I"
377,2,171,"LP","I"
131,1,171,"LP","I"
368,1,171,"LP","I"
498,32,172,"LP","I"
500,29,172,"LP","I"
287,1,172,"LP","I"
60,5,172,"LP","I"
41,2,172,"LP","I"
390,1,172,"LP","I"
129,1,172,"LP","I"
86,4,172,"LP","I"
140,1,172,"LP","I"
425,4,172,"LP","I"
48,6,172,"LP","I"
282,1,172,"LP","I"
439,1,172,"LP","I"
419,1,172,"LP","I"
223,1,172,"LP","I"
320,1,172,"LP","I"
447,3,172,"LP","I"
183,1,172,"LP","I"
250,1,172,"LP","I"
228,1,172,"LP","I"
266,1,173,"LP","I"
77,20,173,"LP","I"
183,1,173,"LP","I"
67,11,173,"LP","I"
179,7,173,"LP","I"
129,1,173,"LP","I"
20,8,173,"LP","I"
499,35,173,"LP","I"
213,1,173,"LP","I"
438,7,173,"LP","I"
47,11,173,"LP","I"
64,15,173,"LP","I"
435,3,173,"LP","I"
390,1,173,"LP","I"
513,2,173,"LP","I"
57,12,173,"LP","I"
72,9,173,"LP","I"
313,1,173,"LP","I"
496,32,173,"LP","I"
223,1,173,"LP","I"
23,8,174,"LP","I"
497,36,174,"LP","I"
441,1,174,"LP","I"
390,1,174,"LP","I"
318,2,174,"LP","I"
179,7,174,"LP","I"
440,1,174,"LP","I"
28,33,174,"LP","I"
186,1,174,"LP","I"
193,1,174,"LP","I"
415,1,174,"LP","I"
367,2,174,"LP","I"
66,1,174,"LP","I"
410,2,174,"LP","I"
141,1,174,"LP","I"
237,1,174,"LP","I"
516,3,174,"LP","I"
326,1,174,"LP","I"
47,11,174,"LP","I"
203,1,174,"LP","I"
198,1,175,"LP","I"
327,1,175,"LP","I"
213,1,175,"LP","I"
252,1,175,"LP","I"
464,1,175,"LP","I"
48,6,175,"LP","I"
250,1,175,"LP","I"
12,11,175,"LP","I"
72,9,175,"LP","I"
410,2,175,"LP","I"
358,15,175,"LP","I"
348,2,175,"LP","I"
276,2,175,"LP","I"
326,1,175,"LP","I"
144,1,175,"LP","I"
127,1,175,"LP","I"
244,2,175,"LP","I"
515,2,175,"LP","I"
51,3,175,"LP","I"
374,2,175,"LP","I"
496,32,176,"LP","I"
46,5,176,"LP","I"
484,2,176,"LP","I"
59,5,176,"LP","I"
105,1,176,"LP","I"
465,1,176,"LP","I"
455,3,176,"LP","I"
76,7,176,"LP","I"
482,3,176,"LP","I"
276,2,176,"LP","I"
514,3,176,"LP","I"
213,1,176,"LP","I"
173,1,176,"LP","I"
91,9,176,"LP","I"
304,1,176,"LP","I"
69,1,176,"LP","I"
457,2,176,"LP","I"
430,1,176,"LP","I"
249,2,176,"LP","I"
54,8,176,"LP","I"
368,1,177,"LP","I"
13,3,177,"LP","I"
425,4,177,"LP","I"
318,2,177,"LP","I"
410,2,177,"LP","I"
361,4,177,"LP","I"
179,7,177,"LP","I"
81,2,177,"LP","I"
284,1,177,"LP","I"
23,8,177,"LP","I"
91,9,177,"LP","I"
62,8,177,"LP","I"
422,3,177,"LP","I"
126,3,177,"LP","I"
36,5,177,"LP","I"
190,2,177,"LP","I"
7,10,177,"LP","I"
349,1,177,"LP","I"
463,1,177,"LP","I"
305,1,177,"LP","I"
362,1,178,"LP","I"
266,1,178,"LP","I"
540,3,178,"LP","I"
231,1,178,"LP","I"
80,6,178,"LP","I"
59,5,178,"LP","I"
252,1,178,"LP","I"
322,1,178,"LP","I"
13,3,178,"LP","I"
128,1,178,"LP","I"
143,1,178,"LP","I"
349,1,178,"LP","I"
377,2,178,"LP","I"
132,1,178,"LP","I"
445,11,178,"LP","I"
495,14,178,"LP","I"
287,1,178,"LP","I"
138,3,178,"LP","I"
357,1,178,"LP","I"
363,1,178,"LP","I"
463,1,179,"LP","I"
12,11,179,"LP","I"
30,3,179,"LP","I"
54,8,179,"LP","I"
131,1,179,"LP","I"
464,1,179,"LP","I"
101,2,179,"LP","I"
270,1,179,"LP","I"
170,1,179,"LP","I"
132,1,179,"LP","I"
354,2,179,"LP","I"
365,2,179,"LP","I"
282,1,179,"LP","I"
362,1,179,"LP","I"
278,1,179,"LP","I"
5,7,179,"LP","I"
504,39,179,"LP","I"
390,1,179,"LP","I"
368,1,179,"LP","I"
394,1,179,"LP","I"
320,1,180,"LP","I"
389,2,180,"LP","I"
237,1,180,"LP","I"
231,1,180,"LP","I"
358,15,180,"LP","I"
250,1,180,"LP","I"
437,1,180,"LP","I"
197,1,180,"LP","I"
76,7,180,"LP","I"
105,1,180,"LP","I"
48,6,180,"LP","I"
38,6,180,"LP","I"
522,2,180,"LP","I"
247,1,180,"LP","I"
504,39,180,"LP","I"
57,12,180,"LP","I"
496,32,180,"LP","I"
303,4,180,"LP","I"
66,1,180,"LP","I"
203,1,180,"LP","I"
343,7,181,"LP","I"
498,32,181,"LP","I"
486,3,181,"LP","I"
458,1,181,"LP","I"
455,3,181,"LP","I"
183,1,181,"LP","I"
438,7,181,"LP","I"
32,11,181,"LP","I"
358,15,181,"LP","I"
228,1,181,"LP","I"
314,1,181,"LP","I"
144,1,181,"LP","I"
166,1,181,"LP","I"
57,12,181,"LP","I"
77,20,181,"LP","I"
425,4,181,"LP","I"
202,1,181,"LP","I"
128,1,181,"LP","I"
173,1,181,"LP","I"
62,8,181,"LP","I"
471,2,182,"LP","I"
463,1,182,"LP","I"
196,2,182,"LP","I"
457,2,182,"LP","I"
123,3,182,"LP","I"
326,1,182,"LP","I"
464,1,182,"LP","I"
19,11,182,"LP","I"
179,7,182,"LP","I"
158,1,182,"LP","I"
82,1,182,"LP","I"
483,3,182,"LP","I"
138,3,182,"LP","I"
378,1,182,"LP","I"
540,3,182,"LP","I"
124,1,182,"LP","I"
320,1,182,"LP","I"
250,1,182,"LP","I"
81,2,182,"LP","I"
396,1,182,"LP","I"
266,1,183,"LP","I"
318,2,183,"LP","I"
186,1,183,"LP","I"
141,1,183,"LP","I"
228,1,183,"LP","I"
164,4,183,"LP","I"
19,11,183,"LP","I"
369,1,183,"LP","I"
276,2,183,"LP","I"
59,5,183,"LP","I"
503,25,183,"LP","I"
314,1,183,"LP","I"
41,2,183,"LP","I"
523,4,183,"LP","I"
482,3,183,"LP","I"
112,2,183,"LP","I"
248,1,183,"LP","I"
463,1,183,"LP","I"
64,15,183,"LP","I"
38,6,183,"LP","I"
66,1,184,"LP","I"
14,37,184,"LP","I"
516,3,184,"LP","I"
337,2,184,"LP","I"
318,2,184,"LP","I"
344,1,184,"LP","I"
341,2,184,"LP","I"
299,1,184,"LP","I"
504,39,184,"LP","I"
24,5,184,"LP","I"
270,1,184,"LP","I"
286,1,184,"LP","I"
45,8,184,"LP","I"
127,1,184,"LP","I"
349,1,184,"LP","I"
425,4,184,"LP","I"
19,11,184,"LP","I"
390,1,184,"LP","I"
304,1,184,"LP","I"
421,4,184,"LP","I"
224,1,185,"LP","I"
313,1,185,"LP","I"
363,1,185,"LP","I"
164,4,185,"LP","I"
232,3,185,"LP","I"
372,1,185,"LP","I"
322,1,185,"LP","I"
193,1,185,"LP","I"
370,1,185,"LP","I"
4,11,185,"LP","I"
447,3,185,"LP","I"
471,2,185,"LP","I"
127,1,185,"LP","I"
374,2,185,"LP","I"
28,33,185,"LP","I"
517,3,185,"LP","I"
56,7,185,"LP","I"
26,62,185,"LP","I"
236,1,185,"LP","I"
500,29,185,"LP","I"
82,1,186,"LP","I"
20,8,186,"LP","I"
86,4,186,"LP","I"
363,1,186,"LP","I"
415,1,186,"LP","I"
286,1,186,"LP","I"
46,5,186,"LP","I"
209,1,186,"LP","I"
361,4,186,"LP","I"
60,5,186,"LP","I"
517,3,186,"LP","I"
508,19,186,"LP","I"
38,6,186,"LP","I"
483,3,186,"LP","I"
76,7,186,"LP","I"
401,1,186,"LP","I"
372,1,186,"LP","I"
4,11,186,"LP","I"
437,1,186,"LP","I"
314,1,186,"LP","I"
470,4,187,"LP","I"
396,1,187,"LP","I"
426,2,187,"LP","I"
247,1,187,"LP","I"
141,1,187,"LP","I"
314,1,187,"LP","I"
16,8,187,"LP","I"
72,9,187,"LP","I"
287,1,187,"LP","I"
361,4,187,"LP","I"
301,1,187,"LP","I"
131,1,187,"LP","I"
248,1,187,"LP","I"
286,1,187,"LP","I"
499,35,187,"LP","I"
8,6,187,"LP","I"
440,1,187,"LP","I"
124,1,187,"LP","I"
370,1,187,"LP","I"
80,6,187,"LP","I"
439,1,188,"LP","I"
12,11,188,"LP","I"
327,1,188,"LP","I"
16,8,188,"LP","I"
515,2,188,"LP","I"
232,3,188,"LP","I"
264,1,188,"LP","I"
502,22,188,"LP","I"
39,1,188,"LP","I"
11,32,188,"LP","I"
30,3,188,"LP","I"
66,1,188,"LP","I"
524,1,188,"LP","I"
124,1,188,"LP","I"
247,1,188,"LP","I"
390,1,188,"LP","I"
415,1,188,"LP","I"
266,1,188,"LP","I"
422,3,188,"LP","I"
322,1,188,"LP","I"
255,2,189,"LP","I"
81,2,189,"LP","I"
499,35,189,"LP","I"
17,6,189,"LP","I"
438,7,189,"LP","I"
228,1,189,"LP","I"
259,5,189,"LP","I"
437,1,189,"LP","I"
299,1,189,"LP","I"
376,3,189,"LP","I"
140,1,189,"LP","I"
464,1,189,"LP","I"
16,8,189,"LP","I"
213,1,189,"LP","I"
138,3,189,"LP","I"
250,1,189,"LP","I"
337,2,189,"LP","I"
5,7,189,"LP","I"
497,36,189,"LP","I"
496,32,189,"LP","I"
415,1,190,"LP","I"
141,1,190,"LP","I"
266,1,190,"LP","I"
64,15,190,"LP","I"
467,4,190,"LP","I"
504,39,190,"LP","I"
8,6,190,"LP","I"
132,1,190,"LP","I"
4,11,190,"LP","I"
440,1,190,"LP","I"
470,4,190,"LP","I"
13,3,190,"LP","I"
501,24,190,"LP","I"
337,2,190,"LP","I"
374,2,190,"LP","I"
11,32,190,"LP","I"
270,1,190,"LP","I"
317,2,190,"LP","I"
56,7,190,"LP","I"
508,19,190,"LP","I"
305,1,191,"LP","I"
426,2,191,"LP","I"
158,1,191,"LP","I"
417,1,191,"LP","I"
223,1,191,"LP","I"
397,1,191,"LP","I"
248,1,191,"LP","I"
467,4,191,"LP","I"
128,1,191,"LP","I"
28,33,191,"LP","I"
299,1,191,"LP","I"
433,2,191,"LP","I"
302,2,191,"LP","I"
76,7,191,"LP","I"
540,3,191,"LP","I"
463,1,191,"LP","I"
457,2,191,"LP","I"
378,1,191,"LP","I"
287,1,191,"LP","I"
354,2,191,"LP","I"
196,2,192,"LP","I"
127,1,192,"LP","I"
522,2,192,"LP","I"
317,2,192,"LP","I"
415,1,192,"LP","I"
80,6,192,"LP","I"
231,1,192,"LP","I"
248,1,192,"LP","I"
417,1,192,"LP","I"
358,15,192,"LP","I"
469,4,192,"LP","I"
197,1,192,"LP","I"
357,1,192,"LP","I"
419,1,192,"LP","I"
45,8,192,"LP","I"
470,4,192,"LP","I"
496,32,192,"LP","I"
61,39,192,"LP","I"
348,2,192,"LP","I"
497,36,192,"LP","I"
57,12,193,"LP","I"
237,1,193,"LP","I"
86,4,193,"LP","I"
158,1,193,"LP","I"
223,1,193,"LP","I"
24,5,193,"LP","I"
415,1,193,"LP","I"
38,6,193,"LP","I"
361,4,193,"LP","I"
498,32,193,"LP","I"
236,1,193,"LP","I"
348,2,193,"LP","I"
515,2,193,"LP","I"
140,1,193,"LP","I"
305,1,193,"LP","I"
39,1,193,"LP","I"
128,1,193,"LP","I"
534,4,193,"LP","I"
301,1,193,"LP","I"
16,8,193,"LP","I"
19,11,194,"LP","I"
422,3,194,"LP","I"
370,1,194,"LP","I"
228,1,194,"LP","I"
203,1,194,"LP","I"
47,11,194,"LP","I"
457,2,194,"LP","I"
389,2,194,"LP","I"
394,1,194,"LP","I"
129,1,194,"LP","I"
190,2,194,"LP","I"
354,2,194,"LP","I"
82,1,194,"LP","I"
396,1,194,"LP","I"
308,1,194,"LP","I"
357,1,194,"LP","I"
77,20,194,"LP","I"
105,1,194,"LP","I"
482,3,194,"LP","I"
377,2,194,"LP","I"
14,37,195,"LP","I"
138,3,195,"LP","I"
36,5,195,"LP","I"
57,12,195,"LP","I"
51,3,195,"LP","I"
322,1,195,"LP","I"
26,62,195,"LP","I"
186,1,195,"LP","I"
503,25,195,"LP","I"
80,6,195,"LP","I"
396,1,195,"LP","I"
270,1,195,"LP","I"
516,3,195,"LP","I"
141,1,195,"LP","I"
142,1,195,"LP","I"
367,2,195,"LP","I"
317,2,195,"LP","I"
430,1,195,"LP","I"
127,1,195,"LP","I"
77,20,195,"LP","I"
502,22,196,"LP","I"
196,2,196,"LP","I"
17,6,196,"LP","I"
36,5,196,"LP","I"
497,36,196,"LP","I"
337,2,196,"LP","I"
463,1,196,"LP","I"
343,7,196,"LP","I"
39,1,196,"LP","I"
308,1,196,"LP","I"
513,2,196,"LP","I"
500,29,196,"LP","I"
5,7,196,"LP","I"
126,3,196,"LP","I"
48,6,196,"LP","I"
514,3,196,"LP","I"
44,23,196,"LP","I"
30,3,196,"LP","I"
59,5,196,"LP","I"
228,1,196,"LP","I"
464,1,197,"LP","I"
305,1,197,"LP","I"
337,2,197,"LP","I"
12,11,197,"LP","I"
24,5,197,"LP","I"
279,1,197,"LP","I"
228,1,197,"LP","I"
508,19,197,"LP","I"
32,11,197,"LP","I"
30,3,197,"LP","I"
343,7,197,"LP","I"
69,1,197,"LP","I"
313,1,197,"LP","I"
354,2,197,"LP","I"
516,3,197,"LP","I"
78,12,197,"LP","I"
266,1,197,"LP","I"
500,29,197,"LP","I"
389,2,197,"LP","I"
515,2,197,"LP","I"
517,3,198,"LP","I"
19,11,198,"LP","I"
278,1,198,"LP","I"
351,2,198,"LP","I"
303,4,198,"LP","I"
354,2,198,"LP","I"
284,1,198,"LP","I"
259,5,198,"LP","I"
41,2,198,"LP","I"
69,1,198,"LP","I"
8,6,198,"LP","I"
17,6,198,"LP","I"
72,9,198,"LP","I"
514,3,198,"LP","I"
140,1,198,"LP","I"
30,3,198,"LP","I"
132,1,198,"LP","I"
410,2,198,"LP","I"
38,6,198,"LP","I"
455,3,198,"LP","I"
80,6,199,"LP","I"
173,1,199,"LP","I"
20,8,199,"LP","I"
369,1,199,"LP","I"
344,1,199,"LP","I"
514,3,199,"LP","I"
302,2,199,"LP","I"
306,1,199,"LP","I"
390,1,199,"LP","I"
495,14,199,"LP","I"
124,1,199,"LP","I"
287,1,199,"LP","I"
126,3,199,"LP","I"
41,2,199,"LP","I"
123,3,199,"LP","I"
378,1,199,"LP","I"
499,35,199,"LP","I"
33,13,199,"LP","I"
430,1,199,"LP","I"
39,1,199,"LP","I"
320,1,200,"LP","I"
445,11,200,"LP","I"
270,1,200,"LP","I"
282,1,200,"LP","I"
437,1,200,"LP","I"
337,2,200,"LP","I"
327,1,200,"LP","I"
308,1,200,"LP","I"
91,9,200,"LP","I"
140,1,200,"LP","I"
278,1,200,"LP","I"
244,2,200,"LP","I"
101,2,200,"LP","I"
471,2,200,"LP","I"
464,1,200,"LP","I"
469,4,200,"LP","I"
351,2,200,"LP","I"
143,1,200,"LP","I"
497,36,200,"LP","I"
378,1,200,"LP","I"
57,12,201,"LP","I"
23,8,201,"LP","I"
455,3,201,"LP","I"
501,24,201,"LP","I"
24,5,201,"LP","I"
367,2,201,"LP","I"
16,8,201,"LP","I"
173,1,201,"LP","I"
514,3,201,"LP","I"
113,1,201,"LP","I"
244,2,201,"LP","I"
91,9,201,"LP","I"
190,2,201,"LP","I"
318,2,201,"LP","I"
46,5,201,"LP","I"
36,5,201,"LP","I"
33,13,201,"LP","I"
417,1,201,"LP","I"
381,2,201,"LP","I"
179,7,201,"LP","I"
126,3,202,"LP","I"
284,1,202,"LP","I"
112,2,202,"LP","I"
266,1,202,"LP","I"
144,1,202,"LP","I"
401,1,202,"LP","I"
378,1,202,"LP","I"
198,1,202,"LP","I"
131,1,202,"LP","I"
19,11,202,"LP","I"
78,12,202,"LP","I"
421,4,202,"LP","I"
439,1,202,"LP","I"
357,1,202,"LP","I"
193,1,202,"LP","I"
8,6,202,"LP","I"
124,1,202,"LP","I"
344,1,202,"LP","I"
64,15,202,"LP","I"
422,3,202,"LP","I"
425,4,203,"LP","I"
499,35,203,"LP","I"
433,2,203,"LP","I"
197,1,203,"LP","I"
390,1,203,"LP","I"
82,1,203,"LP","I"
381,2,203,"LP","I"
337,2,203,"LP","I"
514,3,203,"LP","I"
422,3,203,"LP","I"
222,1,203,"LP","I"
471,2,203,"LP","I"
497,36,203,"LP","I"
54,8,203,"LP","I"
113,1,203,"LP","I"
264,1,203,"LP","I"
484,2,203,"LP","I"
463,1,203,"LP","I"
278,1,203,"LP","I"
270,1,203,"LP","I"
179,7,204,"LP","I"
101,2,204,"LP","I"
369,1,204,"LP","I"
11,32,204,"LP","I"
502,22,204,"LP","I"
497,36,204,"LP","I"
376,3,204,"LP","I"
236,1,204,"LP","I"
467,4,204,"LP","I"
249,2,204,"LP","I"
56,7,204,"LP","I"
326,1,204,"LP","I"
142,1,204,"LP","I"
499,35,204,"LP","I"
314,1,204,"LP","I"
13,3,204,"LP","I"
5,7,204,"LP","I"
45,8,204,"LP","I"
127,1,204,"LP","I"
341,2,204,"LP","I"
422,3,205,"LP","I"
248,1,205,"LP","I"
286,1,205,"LP","I"
396,1,205,"LP","I"
46,5,205,"LP","I"
51,3,205,"LP","I"
515,2,205,"LP","I"
131,1,205,"LP","I"
401,1,205,"LP","I"
17,6,205,"LP","I"
124,1,205,"LP","I"
183,1,205,"LP","I"
465,1,205,"LP","I"
64,15,205,"LP","I"
171,1,205,"LP","I"
368,1,205,"LP","I"
112,2,205,"LP","I"
228,1,205,"LP","I"
365,2,205,"LP","I"
337,2,205,"LP","I"
410,2,206,"LP","I"
503,25,206,"LP","I"
486,3,206,"LP","I"
255,2,206,"LP","I"
343,7,206,"LP","I"
318,2,206,"LP","I"
435,3,206,"LP","I"
524,1,206,"LP","I"
264,1,206,"LP","I"
284,1,206,"LP","I"
470,4,206,"LP","I"
299,1,206,"LP","I"
69,1,206,"LP","I"
222,1,206,"LP","I"
72,9,206,"LP","I"
522,2,206,"LP","I"
516,3,206,"LP","I"
368,1,206,"LP","I"
80,6,206,"LP","I"
457,2,206,"LP","I"
39,1,207,"LP","I"
415,1,207,"LP","I"
284,1,207,"LP","I"
349,1,207,"LP","I"
61,39,207,"LP","I"
81,2,207,"LP","I"
45,8,207,"LP","I"
378,1,207,"LP","I"
358,15,207,"LP","I"
213,1,207,"LP","I"
266,1,207,"LP","I"
390,1,207,"LP","I"
495,14,207,"LP","I"
421,4,207,"LP","I"
540,3,207,"LP","I"
62,8,207,"LP","I"
132,1,207,"LP","I"
505,16,207,"LP","I"
250,1,207,"LP","I"
112,2,207,"LP","I"
415,1,208,"LP","I"
59,5,208,"LP","I"
441,1,208,"LP","I"
343,7,208,"LP","I"
358,15,208,"LP","I"
322,1,208,"LP","I"
170,1,208,"LP","I"
47,11,208,"LP","I"
67,11,208,"LP","I"
101,2,208,"LP","I"
223,1,208,"LP","I"
66,1,208,"LP","I"
190,2,208,"LP","I"
370,1,208,"LP","I"
36,5,208,"LP","I"
438,7,208,"LP","I"
349,1,208,"LP","I"
486,3,208,"LP","I"
326,1,208,"LP","I"
179,7,208,"LP","I"
483,3,209,"LP","I"
164,4,209,"LP","I"
105,1,209,"LP","I"
48,6,209,"LP","I"
57,12,209,"LP","I"
14,37,209,"LP","I"
497,36,209,"LP","I"
365,2,209,"LP","I"
7,10,209,"LP","I"
317,2,209,"LP","I"
445,11,209,"LP","I"
327,1,209,"LP","I"
469,4,209,"LP","I"
515,2,209,"LP","I"
351,2,209,"LP","I"
252,1,209,"LP","I"
124,1,209,"LP","I"
441,1,209,"LP","I"
140,1,209,"LP","I"
213,1,209,"LP","I"
519,2,210,"LP","I"
236,1,210,"LP","I"
282,1,210,"LP","I"
313,1,210,"LP","I"
270,1,210,"LP","I"
499,35,210,"LP","I"
123,3,210,"LP","I"
498,32,210,"LP","I"
33,13,210,"LP","I"
278,1,210,"LP","I"
112,2,210,"LP","I"
124,1,210,"LP","I"
24,5,210,"LP","I"
486,3,210,"LP","I"
285,1,210,"LP","I"
8,6,210,"LP","I"
390,1,210,"LP","I"
515,2,210,"LP","I"
397,1,210,"LP","I"
465,1,210,"LP","I"
4,11,211,"LP","I"
38,6,211,"LP","I"
313,1,211,"LP","I"
183,1,211,"LP","I"
337,2,211,"LP","I"
513,2,211,"LP","I"
278,1,211,"LP","I"
282,1,211,"LP","I"
279,1,211,"LP","I"
306,1,211,"LP","I"
327,1,211,"LP","I"
14,37,211,"LP","I"
19,11,211,"LP","I"
250,1,211,"LP","I"
51,3,211,"LP","I"
8,6,211,"LP","I"
129,1,211,"LP","I"
314,1,211,"LP","I"
363,1,211,"LP","I"
486,3,211,"LP","I"
46,5,212,"LP","I"
250,1,212,"LP","I"
358,15,212,"LP","I"
78,12,212,"LP","I"
362,1,212,"LP","I"
464,1,212,"LP","I"
417,1,212,"LP","I"
357,1,212,"LP","I"
237,1,212,"LP","I"
112,2,212,"LP","I"
123,3,212,"LP","I"
390,1,212,"LP","I"
503,25,212,"LP","I"
202,1,212,"LP","I"
198,1,212,"LP","I"
183,1,212,"LP","I"
499,35,212,"LP","I"
374,2,212,"LP","I"
482,3,212,"LP","I"
144,1,212,"LP","I"
302,2,213,"LP","I"
224,1,213,"LP","I"
78,12,213,"LP","I"
305,1,213,"LP","I"
419,1,213,"LP","I"
264,1,213,"LP","I"
318,2,213,"LP","I"
348,2,213,"LP","I"
41,2,213,"LP","I"
244,2,213,"LP","I"
60,5,213,"LP","I"
28,33,213,"LP","I"
378,1,213,"LP","I"
13,3,213,"LP","I"
223,1,213,"LP","I"
286,1,213,"LP","I"
179,7,213,"LP","I"
54,8,213,"LP","I"
341,2,213,"LP","I"
47,11,213,"LP","I"
67,11,214,"LP","I"
501,24,214,"LP","I"
463,1,214,"LP","I"
482,3,214,"LP","I"
515,2,214,"LP","I"
131,1,214,"LP","I"
183,1,214,"LP","I"
171,1,214,"LP","I"
62,8,214,"LP","I"
470,4,214,"LP","I"
368,1,214,"LP","I"
422,3,214,"LP","I"
365,2,214,"LP","I"
11,32,214,"LP","I"
80,6,214,"LP","I"
59,5,214,"LP","I"
370,1,214,"LP","I"
497,36,214,"LP","I"
354,2,214,"LP","I"
196,2,214,"LP","I"
101,2,215,"LP","I"
415,1,215,"LP","I"
41,2,215,"LP","I"
20,8,215,"LP","I"
126,3,215,"LP","I"
341,2,215,"LP","I"
524,1,215,"LP","I"
282,1,215,"LP","I"
327,1,215,"LP","I"
81,2,215,"LP","I"
515,2,215,"LP","I"
523,4,215,"LP","I"
484,2,215,"LP","I"
517,3,215,"LP","I"
128,1,215,"LP","I"
77,20,215,"LP","I"
357,1,215,"LP","I"
276,2,215,"LP","I"
255,2,215,"LP","I"
326,1,215,"LP","I"
304,1,216,"LP","I"
198,1,216,"LP","I"
223,1,216,"LP","I"
483,3,216,"LP","I"
26,62,216,"LP","I"
20,8,216,"LP","I"
17,6,216,"LP","I"
250,1,216,"LP","I"
499,35,216,"LP","I"
369,1,216,"LP","I"
14,37,216,"LP","I"
197,1,216,"LP","I"
11,32,216,"LP","I"
61,39,216,"LP","I"
131,1,216,"LP","I"
129,1,216,"LP","I"
171,1,216,"LP","I"
248,1,216,"LP","I"
337,2,216,"LP","I"
33,13,216,"LP","I"
278,1,217,"LP","I"
374,2,217,"LP","I"
467,4,217,"LP","I"
302,2,217,"LP","I"
337,2,217,"LP","I"
482,3,217,"LP","I"
171,1,217,"LP","I"
499,35,217,"LP","I"
28,33,217,"LP","I"
501,24,217,"LP","I"
322,1,217,"LP","I"
24,5,217,"LP","I"
519,2,217,"LP","I"
170,1,217,"LP","I"
186,1,217,"LP","I"
17,6,217,"LP","I"
140,1,217,"LP","I"
124,1,217,"LP","I"
469,4,217,"LP","I"
8,6,217,"LP","I"
302,2,218,"LP","I"
322,1,218,"LP","I"
495,14,218,"LP","I"
101,2,218,"LP","I"
170,1,218,"LP","I"
249,2,218,"LP","I"
86,4,218,"LP","I"
26,62,218,"LP","I"
357,1,218,"LP","I"
378,1,218,"LP","I"
344,1,218,"LP","I"
276,2,218,"LP","I"
486,3,218,"LP","I"
12,11,218,"LP","I"
410,2,218,"LP","I"
32,11,218,"LP","I"
326,1,218,"LP","I"
196,2,218,"LP","I"
471,2,218,"LP","I"
354,2,218,"LP","I"
64,15,219,"LP","I"
190,2,219,"LP","I"
501,24,219,"LP","I"
4,11,219,"LP","I"
171,1,219,"LP","I"
247,1,219,"LP","I"
514,3,219,"LP","I"
419,1,219,"LP","I"
17,6,219,"LP","I"
279,1,219,"LP","I"
441,1,219,"LP","I"
513,2,219,"LP","I"
24,5,219,"LP","I"
141,1,219,"LP","I"
81,2,219,"LP","I"
33,13,219,"LP","I"
455,3,219,"LP","I"
486,3,219,"LP","I"
78,12,219,"LP","I"
304,1,219,"LP","I"
496,32,220,"LP","I"
69,1,220,"LP","I"
247,1,220,"LP","I"
270,1,220,"LP","I"
170,1,220,"LP","I"
244,2,220,"LP","I"
179,7,220,"LP","I"
250,1,220,"LP","I"
183,1,220,"LP","I"
78,12,220,"LP","I"
370,1,220,"LP","I"
374,2,220,"LP","I"
4,11,220,"LP","I"
276,2,220,"LP","I"
498,32,220,"LP","I"
252,1,220,"LP","I"
348,2,220,"LP","I"
76,7,220,"LP","I"
13,3,220,"LP","I"
437,1,220,"LP","I"
48,6,221,"LP","I"
179,7,221,"LP","I"
282,1,221,"LP","I"
499,35,221,"LP","I"
396,1,221,"LP","I"
44,23,221,"LP","I"
504,39,221,"LP","I"
190,2,221,"LP","I"
198,1,221,"LP","I"
16,8,221,"LP","I"
505,16,221,"LP","I"
495,14,221,"LP","I"
264,1,221,"LP","I"
19,11,221,"LP","I"
45,8,221,"LP","I"
349,1,221,"LP","I"
12,11,221,"LP","I"
486,3,221,"LP","I"
32,11,221,"LP","I"
164,4,221,"LP","I"
463,1,222,"LP","I"
396,1,222,"LP","I"
170,1,222,"LP","I"
351,2,222,"LP","I"
514,3,222,"LP","I"
128,1,222,"LP","I"
7,10,222,"LP","I"
523,4,222,"LP","I"
317,2,222,"LP","I"
327,1,222,"LP","I"
389,2,222,"LP","I"
80,6,222,"LP","I"
56,7,222,"LP","I"
495,14,222,"LP","I"
301,1,222,"LP","I"
23,8,222,"LP","I"
370,1,222,"LP","I"
112,2,222,"LP","I"
369,1,222,"LP","I"
438,7,222,"LP","I"
318,2,223,"LP","I"
440,1,223,"LP","I"
326,1,223,"LP","I"
380,2,223,"LP","I"
128,1,223,"LP","I"
349,1,223,"LP","I"
517,3,223,"LP","I"
26,62,223,"LP","I"
463,1,223,"LP","I"
305,1,223,"LP","I"
213,1,223,"LP","I"
458,1,223,"LP","I"
236,1,223,"LP","I"
285,1,223,"LP","I"
470,4,223,"LP","I"
515,2,223,"LP","I"
390,1,223,"LP","I"
69,1,223,"LP","I"
30,3,223,"LP","I"
113,1,223,"LP","I"
390,1,224,"LP","I"
304,1,224,"LP","I"
303,4,224,"LP","I"
455,3,224,"LP","I"
124,1,224,"LP","I"
458,1,224,"LP","I"
54,8,224,"LP","I"
358,15,224,"LP","I"
76,7,224,"LP","I"
525,4,224,"LP","I"
213,1,224,"LP","I"
517,3,224,"LP","I"
397,1,224,"LP","I"
422,3,224,"LP","I"
170,1,224,"LP","I"
143,1,224,"LP","I"
308,1,224,"LP","I"
425,4,224,"LP","I"
421,4,224,"LP","I"
396,1,224,"LP","I"
370,1,225,"LP","I"
302,2,225,"LP","I"
101,2,225,"LP","I"
354,2,225,"LP","I"
497,36,225,"LP","I"
237,1,225,"LP","I"
514,3,225,"LP","I"
143,1,225,"LP","I"
396,1,225,"LP","I"
500,29,225,"LP","I"
439,1,225,"LP","I"
486,3,225,"LP","I"
64,15,225,"LP","I"
464,1,225,"LP","I"
124,1,225,"LP","I"
419,1,225,"LP","I"
469,4,225,"LP","I"
457,2,225,"LP","I"
56,7,225,"LP","I"
16,8,225,"LP","I"
497,36,226,"LP","I"
77,20,226,"LP","I"
327,1,226,"LP","I"
381,2,226,"LP","I"
455,3,226,"LP","I"
170,1,226,"LP","I"
415,1,226,"LP","I"
113,1,226,"LP","I"
344,1,226,"LP","I"
24,5,226,"LP","I"
440,1,226,"LP","I"
322,1,226,"LP","I"
464,1,226,"LP","I"
82,1,226,"LP","I"
222,1,226,"LP","I"
534,4,226,"LP","I"
81,2,226,"LP","I"
514,3,226,"LP","I"
378,1,226,"LP","I"
171,1,226,"LP","I"
255,2,227,"LP","I"
447,3,227,"LP","I"
482,3,227,"LP","I"
198,1,227,"LP","I"
278,1,227,"LP","I"
304,1,227,"LP","I"
8,6,227,"LP","I"
59,5,227,"LP","I"
368,1,227,"LP","I"
213,1,227,"LP","I"
196,2,227,"LP","I"
469,4,227,"LP","I"
410,2,227,"LP","I"
5,7,227,"LP","I"
372,1,227,"LP","I"
250,1,227,"LP","I"
69,1,227,"LP","I"
51,3,227,"LP","I"
190,2,227,"LP","I"
464,1,227,"LP","I"
378,1,228,"LP","I"
314,1,228,"LP","I"
540,3,228,"LP","I"
306,1,228,"LP","I"
158,1,228,"LP","I"
516,3,228,"LP","I"
458,1,228,"LP","I"
60,5,228,"LP","I"
370,1,228,"LP","I"
127,1,228,"LP","I"
439,1,228,"LP","I"
410,2,228,"LP","I"
259,5,228,"LP","I"
48,6,228,"LP","I"
524,1,228,"LP","I"
142,1,228,"LP","I"
282,1,228,"LP","I"
514,3,228,"LP","I"
381,2,228,"LP","I"
397,1,228,"LP","I"
389,2,229,"LP","I"
47,11,229,"LP","I"
24,5,229,"LP","I"
105,1,229,"LP","I"
4,11,229,"LP","I"
415,1,229,"LP","I"
80,6,229,"LP","I"
132,1,229,"LP","I"
26,62,229,"LP","I"
14,37,229,"LP","I"
320,1,229,"LP","I"
505,16,229,"LP","I"
231,1,229,"LP","I"
82,1,229,"LP","I"
78,12,229,"LP","I"
445,11,229,"LP","I"
222,1,229,"LP","I"
183,1,229,"LP","I"
438,7,229,"LP","I"
327,1,229,"LP","I"
80,6,230,"LP","I"
36,5,230,"LP","I"
32,11,230,"LP","I"
126,3,230,"LP","I"
437,1,230,"LP","I"
426,2,230,"LP","I"
369,1,230,"LP","I"
61,39,230,"LP","I"
12,11,230,"LP","I"
308,1,230,"LP","I"
482,3,230,"LP","I"
397,1,230,"LP","I"
515,2,230,"LP","I"
24,5,230,"LP","I"
351,2,230,"LP","I"
28,33,230,"LP","I"
232,3,230,"LP","I"
516,3,230,"LP","I"
287,1,230,"LP","I"
390,1,230,"LP","I"
67,11,231,"LP","I"
389,2,231,"LP","I"
128,1,231,"LP","I"
498,32,231,"LP","I"
322,1,231,"LP","I"
517,3,231,"LP","I"
433,2,231,"LP","I"
59,5,231,"LP","I"
430,1,231,"LP","I"
540,3,231,"LP","I"
370,1,231,"LP","I"
44,23,231,"LP","I"
419,1,231,"LP","I"
39,1,231,"LP","I"
140,1,231,"LP","I"
209,1,231,"LP","I"
259,5,231,"LP","I"
457,2,231,"LP","I"
13,3,231,"LP","I"
183,1,231,"LP","I"
357,1,232,"LP","I"
344,1,232,"LP","I"
519,2,232,"LP","I"
57,12,232,"LP","I"
129,1,232,"LP","I"
244,2,232,"LP","I"
503,25,232,"LP","I"
113,1,232,"LP","I"
86,4,232,"LP","I"
401,1,232,"LP","I"
247,1,232,"LP","I"
396,1,232,"LP","I"
394,1,232,"LP","I"
502,22,232,"LP","I"
112,2,232,"LP","I"
326,1,232,"LP","I"
455,3,232,"LP","I"
317,2,232,"LP","I"
441,1,232,"LP","I"
287,1,232,"LP","I"
394,1,233,"LP","I"
483,3,233,"LP","I"
497,36,233,"LP","I"
435,3,233,"LP","I"
236,1,233,"LP","I"
33,13,233,"LP","I"
439,1,233,"LP","I"
38,6,233,"LP","I"
524,1,233,"LP","I"
302,2,233,"LP","I"
389,2,233,"LP","I"
8,6,233,"LP","I"
82,1,233,"LP","I"
401,1,233,"LP","I"
370,1,233,"LP","I"
11,32,233,"LP","I"
357,1,233,"LP","I"
193,1,233,"LP","I"
179,7,233,"LP","I"
276,2,233,"LP","I"
514,3,234,"LP","I"
41,2,234,"LP","I"
467,4,234,"LP","I"
410,2,234,"LP","I"
12,11,234,"LP","I"
425,4,234,"LP","I"
19,11,234,"LP","I"
30,3,234,"LP","I"
127,1,234,"LP","I"
4,11,234,"LP","I"
248,1,234,"LP","I"
370,1,234,"LP","I"
14,37,234,"LP","I"
508,19,234,"LP","I"
505,16,234,"LP","I"
56,7,234,"LP","I"
497,36,234,"LP","I"
231,1,234,"LP","I"
5,7,234,"LP","I"
67,11,234,"LP","I"
287,1,235,"LP","I"
410,2,235,"LP","I"
126,3,235,"LP","I"
447,3,235,"LP","I"
224,1,235,"LP","I"
196,2,235,"LP","I"
534,4,235,"LP","I"
370,1,235,"LP","I"
4,11,235,"LP","I"
482,3,235,"LP","I"
367,2,235,"LP","I"
13,3,235,"LP","I"
47,11,235,"LP","I"
467,4,235,"LP","I"
348,2,235,"LP","I"
337,2,235,"LP","I"
457,2,235,"LP","I"
365,2,235,"LP","I"
197,1,235,"LP","I"
171,1,235,"LP","I"
112,2,236,"LP","I"
519,2,236,"LP","I"
236,1,236,"LP","I"
142,1,236,"LP","I"
127,1,236,"LP","I"
113,1,236,"LP","I"
447,3,236,"LP","I"
463,1,236,"LP","I"
78,12,236,"LP","I"
247,1,236,"LP","I"
306,1,236,"LP","I"
132,1,236,"LP","I"
47,11,236,"LP","I"
469,4,236,"LP","I"
91,9,236,"LP","I"
464,1,236,"LP","I"
26,62,236,"LP","I"
166,1,236,"LP","I"
498,32,236,"LP","I"
11,32,236,"LP","I"
179,7,237,"LP","I"
128,1,237,"LP","I"
361,4,237,"LP","I"
132,1,237,"LP","I"
380,2,237,"LP","I"
497,36,237,"LP","I"
197,1,237,"LP","I"
467,4,237,"LP","I"
522,2,237,"LP","I"
381,2,237,"LP","I"
209,1,237,"LP","I"
46,5,237,"LP","I"
390,1,237,"LP","I"
183,1,237,"LP","I"
351,2,237,"LP","I"
80,6,237,"LP","I"
32,11,237,"LP","I"
228,1,237,"LP","I"
124,1,237,"LP","I"
344,1,237,"LP","I"
39,1,238,"LP","I"
186,1,238,"LP","I"
222,1,238,"LP","I"
57,12,238,"LP","I"
524,1,238,"LP","I"
504,39,238,"LP","I"
127,1,238,"LP","I"
190,2,238,"LP","I"
354,2,238,"LP","I"
276,2,238,"LP","I"
515,2,238,"LP","I"
66,1,238,"LP","I"
305,1,238,"LP","I"
164,4,238,"LP","I"
72,9,238,"LP","I"
326,1,238,"LP","I"
318,2,238,"LP","I"
320,1,238,"LP","I"
7,10,238,"LP","I"
415,1,238,"LP","I"
515,2,239,"LP","I"
62,8,239,"LP","I"
389,2,239,"LP","I"
129,1,239,"LP","I"
396,1,239,"LP","I"
282,1,239,"LP","I"
28,33,239,"LP","I"
286,1,239,"LP","I"
430,1,239,"LP","I"
483,3,239,"LP","I"
322,1,239,"LP","I"
30,3,239,"LP","I"
222,1,239,"LP","I"
525,4,239,"LP","I"
495,14,239,"LP","I"
213,1,239,"LP","I"
81,2,239,"LP","I"
244,2,239,"LP","I"
377,2,239,"LP","I"
132,1,239,"LP","I"
299,1,240,"LP","I"
186,1,240,"LP","I"
13,3,240,"LP","I"
483,3,240,"LP","I"
56,7,240,"LP","I"
72,9,240,"LP","I"
517,3,240,"LP","I"
513,2,240,"LP","I"
67,11,240,"LP","I"
17,6,240,"LP","I"
501,24,240,"LP","I"
438,7,240,"LP","I"
24,5,240,"LP","I"
62,8,240,"LP","I"
437,1,240,"LP","I"
496,32,240,"LP","I"
181,1,240,"LP","I"
276,2,240,"LP","I"
193,1,240,"LP","I"
341,2,240,"LP","I"
320,1,241,"LP","I"
45,8,241,"LP","I"
66,1,241,"LP","I"
396,1,241,"LP","I"
299,1,241,"LP","I"
505,16,241,"LP","I"
348,2,241,"LP","I"
433,2,241,"LP","I"
36,5,241,"LP","I"
69,1,241,"LP","I"
522,2,241,"LP","I"
67,11,241,"LP","I"
76,7,241,"LP","I"
415,1,241,"LP","I"
62,8,241,"LP","I"
498,32,241,"LP","I"
14,37,241,"LP","I"
64,15,241,"LP","I"
231,1,241,"LP","I"
142,1,241,"LP","I"
519,2,242,"LP","I"
498,32,242,"LP","I"
504,39,242,"LP","I"
464,1,242,"LP","I"
304,1,242,"LP","I"
126,3,242,"LP","I"
415,1,242,"LP","I"
495,14,242,"LP","I"
11,32,242,"LP","I"
534,4,242,"LP","I"
54,8,242,"LP","I"
5,7,242,"LP","I"
351,2,242,"LP","I"
78,12,242,"LP","I"
417,1,242,"LP","I"
276,2,242,"LP","I"
209,1,242,"LP","I"
144,1,242,"LP","I"
365,2,242,"LP","I"
158,1,242,"LP","I"
66,1,243,"LP","I"
54,8,243,"LP","I"
470,4,243,"LP","I"
299,1,243,"LP","I"
514,3,243,"LP","I"
397,1,243,"LP","I"
252,1,243,"LP","I"
308,1,243,"LP","I"
19,11,243,"LP","I"
11,32,243,"LP","I"
41,2,243,"LP","I"
447,3,243,"LP","I"
203,1,243,"LP","I"
20,8,243,"LP","I"
522,2,243,"LP","I"
113,1,243,"LP","I"
540,3,243,"LP","I"
123,3,243,"LP","I"
369,1,243,"LP","I"
278,1,243,"LP","I"
467,4,244,"LP","I"
132,1,244,"LP","I"
430,1,244,"LP","I"
322,1,244,"LP","I"
394,1,244,"LP","I"
368,1,244,"LP","I"
5,7,244,"LP","I"
203,1,244,"LP","I"
124,1,244,"LP","I"
39,1,244,"LP","I"
222,1,244,"LP","I"
247,1,244,"LP","I"
486,3,244,"LP","I"
421,4,244,"LP","I"
337,2,244,"LP","I"
327,1,244,"LP","I"
264,1,244,"LP","I"
525,4,244,"LP","I"
36,5,244,"LP","I"
183,1,244,"LP","I"
513,2,245,"LP","I"
41,2,245,"LP","I"
396,1,245,"LP","I"
66,1,245,"LP","I"
247,1,245,"LP","I"
69,1,245,"LP","I"
471,2,245,"LP","I"
285,1,245,"LP","I"
430,1,245,"LP","I"
486,3,245,"LP","I"
514,3,245,"LP","I"
82,1,245,"LP","I"
498,32,245,"LP","I"
14,37,245,"LP","I"
540,3,245,"LP","I"
524,1,245,"LP","I"
370,1,245,"LP","I"
440,1,245,"LP","I"
422,3,245,"LP","I"
361,4,245,"LP","I"
455,3,246,"LP","I"
48,6,246,"LP","I"
458,1,246,"LP","I"
41,2,246,"LP","I"
441,1,246,"LP","I"
69,1,246,"LP","I"
8,6,246,"LP","I"
344,1,246,"LP","I"
318,2,246,"LP","I"
132,1,246,"LP","I"
326,1,246,"LP","I"
183,1,246,"LP","I"
465,1,246,"LP","I"
24,5,246,"LP","I"
190,2,246,"LP","I"
252,1,246,"LP","I"
54,8,246,"LP","I"
464,1,246,"LP","I"
193,1,246,"LP","I"
495,14,246,"LP","I"
179,7,247,"LP","I"
282,1,247,"LP","I"
278,1,247,"LP","I"
143,1,247,"LP","I"
519,2,247,"LP","I"
308,1,247,"LP","I"
140,1,247,"LP","I"
36,5,247,"LP","I"
170,1,247,"LP","I"
181,1,247,"LP","I"
357,1,247,"LP","I"
344,1,247,"LP","I"
369,1,247,"LP","I"
76,7,247,"LP","I"
61,39,247,"LP","I"
343,7,247,"LP","I"
426,2,247,"LP","I"
47,11,247,"LP","I"
361,4,247,"LP","I"
508,19,247,"LP","I"
126,3,248,"LP","I"
259,5,248,"LP","I"
44,23,248,"LP","I"
46,5,248,"LP","I"
77,20,248,"LP","I"
32,11,248,"LP","I"
514,3,248,"LP","I"
203,1,248,"LP","I"
237,1,248,"LP","I"
7,10,248,"LP","I"
304,1,248,"LP","I"
458,1,248,"LP","I"
483,3,248,"LP","I"
59,5,248,"LP","I"
369,1,248,"LP","I"
140,1,248,"LP","I"
504,39,248,"LP","I"
255,2,248,"LP","I"
8,6,248,"LP","I"
471,2,248,"LP","I"
142,1,249,"LP","I"
14,37,249,"LP","I"
24,5,249,"LP","I"
469,4,249,"LP","I"
39,1,249,"LP","I"
343,7,249,"LP","I"
508,19,249,"LP","I"
222,1,249,"LP","I"
126,3,249,"LP","I"
438,7,249,"LP","I"
132,1,249,"LP","I"
128,1,249,"LP","I"
76,7,249,"LP","I"
60,5,249,"LP","I"
524,1,249,"LP","I"
140,1,249,"LP","I"
250,1,249,"LP","I"
457,2,249,"LP","I"
503,25,249,"LP","I"
362,1,249,"LP","I"
247,1,250,"LP","I"
202,1,250,"LP","I"
308,1,250,"LP","I"
503,25,250,"LP","I"
457,2,250,"LP","I"
66,1,250,"LP","I"
464,1,250,"LP","I"
381,2,250,"LP","I"
20,8,250,"LP","I"
470,4,250,"LP","I"
306,1,250,"LP","I"
471,2,250,"LP","I"
363,1,250,"LP","I"
362,1,250,"LP","I"
141,1,250,"LP","I"
483,3,250,"LP","I"
287,1,250,"LP","I"
56,7,250,"LP","I"
502,22,250,"LP","I"
314,1,250,"LP","I"
5,7,251,"LP","I"
425,4,251,"LP","I"
264,1,251,"LP","I"
486,3,251,"LP","I"
525,4,251,"LP","I"
358,15,251,"LP","I"
236,1,251,"LP","I"
166,1,251,"LP","I"
16,8,251,"LP","I"
47,11,251,"LP","I"
426,2,251,"LP","I"
458,1,251,"LP","I"
369,1,251,"LP","I"
231,1,251,"LP","I"
113,1,251,"LP","I"
171,1,251,"LP","I"
282,1,251,"LP","I"
24,5,251,"LP","I"
540,3,251,"LP","I"
337,2,251,"LP","I"
202,1,252,"LP","I"
508,19,252,"LP","I"
127,1,252,"LP","I"
4,11,252,"LP","I"
374,2,252,"LP","I"
435,3,252,"LP","I"
362,1,252,"LP","I"
24,5,252,"LP","I"
304,1,252,"LP","I"
250,1,252,"LP","I"
524,1,252,"LP","I"
255,2,252,"LP","I"
396,1,252,"LP","I"
101,2,252,"LP","I"
422,3,252,"LP","I"
81,2,252,"LP","I"
455,3,252,"LP","I"
190,2,252,"LP","I"
67,11,252,"LP","I"
303,4,252,"LP","I"
86,4,253,"LP","I"
318,2,253,"LP","I"
365,2,253,"LP","I"
514,3,253,"LP","I"
60,5,253,"LP","I"
77,20,253,"LP","I"
259,5,253,"LP","I"
101,2,253,"LP","I"
523,4,253,"LP","I"
322,1,253,"LP","I"
44,23,253,"LP","I"
483,3,253,"LP","I"
440,1,253,"LP","I"
505,16,253,"LP","I"
126,3,253,"LP","I"
458,1,253,"LP","I"
131,1,253,"LP","I"
396,1,253,"LP","I"
47,11,253,"LP","I"
249,2,253,"LP","I"
7,10,254,"LP","I"
365,2,254,"LP","I"
516,3,254,"LP","I"
513,2,254,"LP","I"
166,1,254,"LP","I"
482,3,254,"LP","I"
126,3,254,"LP","I"
82,1,254,"LP","I"
389,2,254,"LP","I"
4,11,254,"LP","I"
67,11,254,"LP","I"
348,2,254,"LP","I"
358,15,254,"LP","I"
48,6,254,"LP","I"
186,1,254,"LP","I"
232,3,254,"LP","I"
514,3,254,"LP","I"
291,1,254,"LP","I"
77,20,254,"LP","I"
193,1,254,"LP","I"
381,2,255,"LP","I"
203,1,255,"LP","I"
540,3,255,"LP","I"
523,4,255,"LP","I"
17,6,255,"LP","I"
142,1,255,"LP","I"
64,15,255,"LP","I"
341,2,255,"LP","I"
82,1,255,"LP","I"
469,4,255,"LP","I"
166,1,255,"LP","I"
80,6,255,"LP","I"
351,2,255,"LP","I"
516,3,255,"LP","I"
244,2,255,"LP","I"
508,19,255,"LP","I"
305,1,255,"LP","I"
498,32,255,"LP","I"
67,11,255,"LP","I"
282,1,255,"LP","I"
41,2,256,"LP","I"
196,2,256,"LP","I"
401,1,256,"LP","I"
425,4,256,"LP","I"
141,1,256,"LP","I"
525,4,256,"LP","I"
249,2,256,"LP","I"
445,11,256,"LP","I"
439,1,256,"LP","I"
4,11,256,"LP","I"
223,1,256,"LP","I"
380,2,256,"LP","I"
314,1,256,"LP","I"
67,11,256,"LP","I"
232,3,256,"LP","I"
181,1,256,"LP","I"
410,2,256,"LP","I"
437,1,256,"LP","I"
36,5,256,"LP","I"
503,25,256,"LP","I"
158,1,257,"LP","I"
517,3,257,"LP","I"
377,2,257,"LP","I"
28,33,257,"LP","I"
252,1,257,"LP","I"
213,1,257,"LP","I"
514,3,257,"LP","I"
186,1,257,"LP","I"
47,11,257,"LP","I"
56,7,257,"LP","I"
304,1,257,"LP","I"
140,1,257,"LP","I"
439,1,257,"LP","I"
318,2,257,"LP","I"
26,62,257,"LP","I"
69,1,257,"LP","I"
123,3,257,"LP","I"
349,1,257,"LP","I"
314,1,257,"LP","I"
141,1,257,"LP","I"
486,3,258,"LP","I"
228,1,258,"LP","I"
131,1,258,"LP","I"
164,4,258,"LP","I"
417,1,258,"LP","I"
337,2,258,"LP","I"
534,4,258,"LP","I"
396,1,258,"LP","I"
33,13,258,"LP","I"
369,1,258,"LP","I"
439,1,258,"LP","I"
26,62,258,"LP","I"
222,1,258,"LP","I"
304,1,258,"LP","I"
62,8,258,"LP","I"
197,1,258,"LP","I"
244,2,258,"LP","I"
158,1,258,"LP","I"
202,1,258,"LP","I"
193,1,258,"LP","I"
223,1,259,"LP","I"
301,1,259,"LP","I"
285,1,259,"LP","I"
426,2,259,"LP","I"
308,1,259,"LP","I"
123,3,259,"LP","I"
173,1,259,"LP","I"
410,2,259,"LP","I"
62,8,259,"LP","I"
244,2,259,"LP","I"
101,2,259,"LP","I"
357,1,259,"LP","I"
343,7,259,"LP","I"
401,1,259,"LP","I"
38,6,259,"LP","I"
7,10,259,"LP","I"
341,2,259,"LP","I"
143,1,259,"LP","I"
435,3,259,"LP","I"
255,2,259,"LP","I"
469,4,260,"LP","I"
389,2,260,"LP","I"
394,1,260,"LP","I"
285,1,260,"LP","I"
519,2,260,"LP","I"
348,2,260,"LP","I"
59,5,260,"LP","I"
8,6,260,"LP","I"
457,2,260,"LP","I"
286,1,260,"LP","I"
190,2,260,"LP","I"
301,1,260,"LP","I"
426,2,260,"LP","I"
250,1,260,"LP","I"
12,11,260,"LP","I"
410,2,260,"LP","I"
317,2,260,"LP","I"
464,1,260,"LP","I"
193,1,260,"LP","I"
517,3,260,"LP","I"
357,1,261,"LP","I"
72,9,261,"LP","I"
522,2,261,"LP","I"
465,1,261,"LP","I"
279,1,261,"LP","I"
231,1,261,"LP","I"
47,11,261,"LP","I"
138,3,261,"LP","I"
401,1,261,"LP","I"
36,5,261,"LP","I"
287,1,261,"LP","I"
369,1,261,"LP","I"
483,3,261,"LP","I"
247,1,261,"LP","I"
266,1,261,"LP","I"
299,1,261,"LP","I"
80,6,261,"LP","I"
64,15,261,"LP","I"
248,1,261,"LP","I"
69,1,261,"LP","I"
304,1,262,"LP","I"
497,36,262,"LP","I"
47,11,262,"LP","I"
190,2,262,"LP","I"
486,3,262,"LP","I"
198,1,262,"LP","I"
437,1,262,"LP","I"
284,1,262,"LP","I"
368,1,262,"LP","I"
186,1,262,"LP","I"
534,4,262,"LP","I"
286,1,262,"LP","I"
64,15,262,"LP","I"
458,1,262,"LP","I"
394,1,262,"LP","I"
337,2,262,"LP","I"
252,1,262,"LP","I"
313,1,262,"LP","I"
469,4,262,"LP","I"
278,1,262,"LP","I"
317,2,263,"LP","I"
14,37,263,"LP","I"
495,14,263,"LP","I"
363,1,263,"LP","I"
422,3,263,"LP","I"
457,2,263,"LP","I"
341,2,263,"LP","I"
181,1,263,"LP","I"
504,39,263,"LP","I"
141,1,263,"LP","I"
362,1,263,"LP","I"
51,3,263,"LP","I"
101,2,263,"LP","I"
56,7,263,"LP","I"
354,2,263,"LP","I"
433,2,263,"LP","I"
57,12,263,"LP","I"
417,1,263,"LP","I"
266,1,263,"LP","I"
170,1,263,"LP","I"
534,4,264,"LP","I"
365,2,264,"LP","I"
57,12,264,"LP","I"
502,22,264,"LP","I"
464,1,264,"LP","I"
23,8,264,"LP","I"
77,20,264,"LP","I"
39,1,264,"LP","I"
368,1,264,"LP","I"
170,1,264,"LP","I"
66,1,264,"LP","I"
252,1,264,"LP","I"
231,1,264,"LP","I"
417,1,264,"LP","I"
16,8,264,"LP","I"
430,1,264,"LP","I"
24,5,264,"LP","I"
186,1,264,"LP","I"
438,7,264,"LP","I"
45,8,264,"LP","I"
33,13,265,"LP","I"
419,1,265,"LP","I"
499,35,265,"LP","I"
279,1,265,"LP","I"
278,1,265,"LP","I"
82,1,265,"LP","I"
190,2,265,"LP","I"
203,1,265,"LP","I"
515,2,265,"LP","I"
417,1,265,"LP","I"
179,7,265,"LP","I"
67,11,265,"LP","I"
524,1,265,"LP","I"
508,19,265,"LP","I"
237,1,265,"LP","I"
171,1,265,"LP","I"
358,15,265,"LP","I"
483,3,265,"LP","I"
377,2,265,"LP","I"
302,2,265,"LP","I"
337,2,266,"LP","I"
231,1,266,"LP","I"
320,1,266,"LP","I"
203,1,266,"LP","I"
16,8,266,"LP","I"
170,1,266,"LP","I"
505,16,266,"LP","I"
314,1,266,"LP","I"
190,2,266,"LP","I"
54,8,266,"LP","I"
455,3,266,"LP","I"
128,1,266,"LP","I"
504,39,266,"LP","I"
86,4,266,"LP","I"
57,12,266,"LP","I"
540,3,266,"LP","I"
358,15,266,"LP","I"
33,13,266,"LP","I"
302,2,266,"LP","I"
171,1,266,"LP","I"
78,12,267,"LP","I"
306,1,267,"LP","I"
419,1,267,"LP","I"
39,1,267,"LP","I"
144,1,267,"LP","I"
516,3,267,"LP","I"
291,1,267,"LP","I"
183,1,267,"LP","I"
372,1,267,"LP","I"
301,1,267,"LP","I"
430,1,267,"LP","I"
522,2,267,"LP","I"
440,1,267,"LP","I"
282,1,267,"LP","I"
361,4,267,"LP","I"
370,1,267,"LP","I"
91,9,267,"LP","I"
285,1,267,"LP","I"
524,1,267,"LP","I"
365,2,267,"LP","I"
368,1,268,"LP","I"
223,1,268,"LP","I"
482,3,268,"LP","I"
343,7,268,"LP","I"
513,2,268,"LP","I"
305,1,268,"LP","I"
209,1,268,"LP","I"
435,3,268,"LP","I"
327,1,268,"LP","I"
81,2,268,"LP","I"
344,1,268,"LP","I"
422,3,268,"LP","I"
82,1,268,"LP","I"
540,3,268,"LP","I"
248,1,268,"LP","I"
279,1,268,"LP","I"
202,1,268,"LP","I"
12,11,268,"LP","I"
464,1,268,"LP","I"
483,3,268,"LP","I"
327,1,269,"LP","I"
202,1,269,"LP","I"
30,3,269,"LP","I"
522,2,269,"LP","I"
498,32,269,"LP","I"
14,37,269,"LP","I"
4,11,269,"LP","I"
439,1,269,"LP","I"
72,9,269,"LP","I"
343,7,269,"LP","I"
348,2,269,"LP","I"
101,2,269,"LP","I"
198,1,269,"LP","I"
124,1,269,"LP","I"
82,1,269,"LP","I"
378,1,269,"LP","I"
305,1,269,"LP","I"
464,1,269,"LP","I"
193,1,269,"LP","I"
363,1,269,"LP","I"
60,5,270,"LP","I"
482,3,270,"LP","I"
438,7,270,"LP","I"
91,9,270,"LP","I"
198,1,270,"LP","I"
112,2,270,"LP","I"
419,1,270,"LP","I"
390,1,270,"LP","I"
514,3,270,"LP","I"
5,7,270,"LP","I"
435,3,270,"LP","I"
421,4,270,"LP","I"
497,36,270,"LP","I"
499,35,270,"LP","I"
158,1,270,"LP","I"
358,15,270,"LP","I"
401,1,270,"LP","I"
326,1,270,"LP","I"
78,12,270,"LP","I"
193,1,270,"LP","I"
437,1,271,"LP","I"
457,2,271,"LP","I"
266,1,271,"LP","I"
287,1,271,"LP","I"
259,5,271,"LP","I"
30,3,271,"LP","I"
433,2,271,"LP","I"
213,1,271,"LP","I"
228,1,271,"LP","I"
362,1,271,"LP","I"
244,2,271,"LP","I"
38,6,271,"LP","I"
524,1,271,"LP","I"
197,1,271,"LP","I"
196,2,271,"LP","I"
463,1,271,"LP","I"
223,1,271,"LP","I"
14,37,271,"LP","I"
45,8,271,"LP","I"
486,3,271,"LP","I"
126,3,272,"LP","I"
380,2,272,"LP","I"
455,3,272,"LP","I"
320,1,272,"LP","I"
23,8,272,"LP","I"
415,1,272,"LP","I"
164,4,272,"LP","I"
499,35,272,"LP","I"
447,3,272,"LP","I"
486,3,272,"LP","I"
127,1,272,"LP","I"
51,3,272,"LP","I"
372,1,272,"LP","I"
57,12,272,"LP","I"
440,1,272,"LP","I"
465,1,272,"LP","I"
237,1,272,"LP","I"
67,11,272,"LP","I"
66,1,272,"LP","I"
540,3,272,"LP","I"
498,32,273,"LP","I"
457,2,273,"LP","I"
113,1,273,"LP","I"
285,1,273,"LP","I"
237,1,273,"LP","I"
504,39,273,"LP","I"
202,1,273,"LP","I"
524,1,273,"LP","I"
502,22,273,"LP","I"
401,1,273,"LP","I"
500,29,273,"LP","I"
33,13,273,"LP","I"
196,2,273,"LP","I"
483,3,273,"LP","I"
54,8,273,"LP","I"
23,8,273,"LP","I"
36,5,273,"LP","I"
303,4,273,"LP","I"
193,1,273,"LP","I"
105,1,273,"LP","I"
250,1,274,"LP","I"
228,1,274,"LP","I"
519,2,274,"LP","I"
365,2,274,"LP","I"
419,1,274,"LP","I"
343,7,274,"LP","I"
131,1,274,"LP","I"
11,32,274,"LP","I"
282,1,274,"LP","I"
417,1,274,"LP","I"
41,2,274,"LP","I"
198,1,274,"LP","I"
396,1,274,"LP","I"
523,4,274,"LP","I"
57,12,274,"LP","I"
13,3,274,"LP","I"
301,1,274,"LP","I"
127,1,274,"LP","I"
129,1,274,"LP","I"
59,5,274,"LP","I"
80,6,275,"LP","I"
344,1,275,"LP","I"
471,2,275,"LP","I"
62,8,275,"LP","I"
264,1,275,"LP","I"
126,3,275,"LP","I"
439,1,275,"LP","I"
401,1,275,"LP","I"
67,11,275,"LP","I"
45,8,275,"LP","I"
372,1,275,"LP","I"
202,1,275,"LP","I"
123,3,275,"LP","I"
209,1,275,"LP","I"
86,4,275,"LP","I"
318,2,275,"LP","I"
64,15,275,"LP","I"
505,16,275,"LP","I"
425,4,275,"LP","I"
36,5,275,"LP","I"
166,1,276,"LP","I"
522,2,276,"LP","I"
362,1,276,"LP","I"
341,2,276,"LP","I"
357,1,276,"LP","I"
419,1,276,"LP","I"
401,1,276,"LP","I"
8,6,276,"LP","I"
141,1,276,"LP","I"
326,1,276,"LP","I"
255,2,276,"LP","I"
244,2,276,"LP","I"
32,11,276,"LP","I"
502,22,276,"LP","I"
495,14,276,"LP","I"
498,32,276,"LP","I"
351,2,276,"LP","I"
202,1,276,"LP","I"
259,5,276,"LP","I"
463,1,276,"LP","I"
517,3,277,"LP","I"
123,3,277,"LP","I"
318,2,277,"LP","I"
357,1,277,"LP","I"
17,6,277,"LP","I"
113,1,277,"LP","I"
433,2,277,"LP","I"
308,1,277,"LP","I"
348,2,277,"LP","I"
33,13,277,"LP","I"
370,1,277,"LP","I"
368,1,277,"LP","I"
26,62,277,"LP","I"
322,1,277,"LP","I"
410,2,277,"LP","I"
467,4,277,"LP","I"
426,2,277,"LP","I"
502,22,277,"LP","I"
482,3,277,"LP","I"
36,5,277,"LP","I"
236,1,278,"LP","I"
458,1,278,"LP","I"
486,3,278,"LP","I"
365,2,278,"LP","I"
337,2,278,"LP","I"
264,1,278,"LP","I"
45,8,278,"LP","I"
401,1,278,"LP","I"
78,12,278,"LP","I"
445,11,278,"LP","I"
439,1,278,"LP","I"
101,2,278,"LP","I"
497,36,278,"LP","I"
7,10,278,"LP","I"
285,1,278,"LP","I"
237,1,278,"LP","I"
255,2,278,"LP","I"
525,4,278,"LP","I"
397,1,278,"LP","I"
465,1,278,"LP","I"
105,1,279,"LP","I"
455,3,279,"LP","I"
285,1,279,"LP","I"
140,1,279,"LP","I"
463,1,279,"LP","I"
279,1,279,"LP","I"
86,4,279,"LP","I"
344,1,279,"LP","I"
343,7,279,"LP","I"
291,1,279,"LP","I"
181,1,279,"LP","I"
368,1,279,"LP","I"
66,1,279,"LP","I"
498,32,279,"LP","I"
374,2,279,"LP","I"
237,1,279,"LP","I"
196,2,279,"LP","I"
56,7,279,"LP","I"
166,1,279,"LP","I"
365,2,279,"LP","I"
318,2,280,"LP","I"
363,1,280,"LP","I"
140,1,280,"LP","I"
440,1,280,"LP","I"
64,15,280,"LP","I"
303,4,280,"LP","I"
144,1,280,"LP","I"
390,1,280,"LP","I"
302,2,280,"LP","I"
447,3,280,"LP","I"
264,1,280,"LP","I"
124,1,280,"LP","I"
422,3,280,"LP","I"
36,5,280,"LP","I"
381,2,280,"LP","I"
19,11,280,"LP","I"
377,2,280,"LP","I"
270,1,280,"LP","I"
193,1,280,"LP","I"
378,1,280,"LP","I"
127,1,281,"LP","I"
123,3,281,"LP","I"
422,3,281,"LP","I"
113,1,281,"LP","I"
327,1,281,"LP","I"
483,3,281,"LP","I"
484,2,281,"LP","I"
51,3,281,"LP","I"
223,1,281,"LP","I"
410,2,281,"LP","I"
534,4,281,"LP","I"
77,20,281,"LP","I"
198,1,281,"LP","I"
439,1,281,"LP","I"
440,1,281,"LP","I"
314,1,281,"LP","I"
54,8,281,"LP","I"
471,2,281,"LP","I"
390,1,281,"LP","I"
41,2,281,"LP","I"
440,1,282,"LP","I"
236,1,282,"LP","I"
415,1,282,"LP","I"
343,7,282,"LP","I"
171,1,282,"LP","I"
237,1,282,"LP","I"
433,2,282,"LP","I"
128,1,282,"LP","I"
181,1,282,"LP","I"
247,1,282,"LP","I"
514,3,282,"LP","I"
367,2,282,"LP","I"
469,4,282,"LP","I"
28,33,282,"LP","I"
80,6,282,"LP","I"
264,1,282,"LP","I"
140,1,282,"LP","I"
495,14,282,"LP","I"
515,2,282,"LP","I"
401,1,282,"LP","I"
259,5,283,"LP","I"
505,16,283,"LP","I"
13,3,283,"LP","I"
367,2,283,"LP","I"
508,19,283,"LP","I"
266,1,283,"LP","I"
415,1,283,"LP","I"
129,1,283,"LP","I"
255,2,283,"LP","I"
39,1,283,"LP","I"
64,15,283,"LP","I"
496,32,283,"LP","I"
105,1,283,"LP","I"
232,3,283,"LP","I"
467,4,283,"LP","I"
237,1,283,"LP","I"
202,1,283,"LP","I"
471,2,283,"LP","I"
534,4,283,"LP","I"
48,6,283,"LP","I"
186,1,284,"LP","I"
513,2,284,"LP","I"
127,1,284,"LP","I"
54,8,284,"LP","I"
362,1,284,"LP","I"
349,1,284,"LP","I"
304,1,284,"LP","I"
318,2,284,"LP","I"
486,3,284,"LP","I"
306,1,284,"LP","I"
370,1,284,"LP","I"
244,2,284,"LP","I"
320,1,284,"LP","I"
39,1,284,"LP","I"
372,1,284,"LP","I"
198,1,284,"LP","I"
377,2,284,"LP","I"
502,22,284,"LP","I"
173,1,284,"LP","I"
517,3,284,"LP","I"
341,2,285,"LP","I"
250,1,285,"LP","I"
500,29,285,"LP","I"
264,1,285,"LP","I"
463,1,285,"LP","I"
394,1,285,"LP","I"
51,3,285,"LP","I"
525,4,285,"LP","I"
438,7,285,"LP","I"
32,11,285,"LP","I"
372,1,285,"LP","I"
433,2,285,"LP","I"
504,39,285,"LP","I"
276,2,285,"LP","I"
425,4,285,"LP","I"
464,1,285,"LP","I"
105,1,285,"LP","I"
343,7,285,"LP","I"
59,5,285,"LP","I"
534,4,285,"LP","I"
467,4,286,"LP","I"
368,1,286,"LP","I"
140,1,286,"LP","I"
344,1,286,"LP","I"
513,2,286,"LP","I"
56,7,286,"LP","I"
28,33,286,"LP","I"
138,3,286,"LP","I"
286,1,286,"LP","I"
170,1,286,"LP","I"
299,1,286,"LP","I"
202,1,286,"LP","I"
13,3,286,"LP","I"
86,4,286,"LP","I"
502,22,286,"LP","I"
499,35,286,"LP","I"
320,1,286,"LP","I"
370,1,286,"LP","I"
62,8,286,"LP","I"
131,1,286,"LP","I"
417,1,287,"LP","I"
380,2,287,"LP","I"
231,1,287,"LP","I"
12,11,287,"LP","I"
54,8,287,"LP","I"
198,1,287,"LP","I"
38,6,287,"LP","I"
354,2,287,"LP","I"
224,1,287,"LP","I"
421,4,287,"LP","I"
458,1,287,"LP","I"
131,1,287,"LP","I"
308,1,287,"LP","I"
470,4,287,"LP","I"
173,1,287,"LP","I"
72,9,287,"LP","I"
193,1,287,"LP","I"
28,33,287,"LP","I"
502,22,287,"LP","I"
276,2,287,"LP","I"
247,1,288,"LP","I"
60,5,288,"LP","I"
378,1,288,"LP","I"
513,2,288,"LP","I"
301,1,288,"LP","I"
47,11,288,"LP","I"
132,1,288,"LP","I"
141,1,288,"LP","I"
81,2,288,"LP","I"
209,1,288,"LP","I"
8,6,288,"LP","I"
374,2,288,"LP","I"
140,1,288,"LP","I"
447,3,288,"LP","I"
304,1,288,"LP","I"
228,1,288,"LP","I"
508,19,288,"LP","I"
173,1,288,"LP","I"
422,3,288,"LP","I"
437,1,288,"LP","I"
41,2,289,"LP","I"
190,2,289,"LP","I"
299,1,289,"LP","I"
127,1,289,"LP","I"
5,7,289,"LP","I"
237,1,289,"LP","I"
231,1,289,"LP","I"
279,1,289,"LP","I"
397,1,289,"LP","I"
483,3,289,"LP","I"
433,2,289,"LP","I"
86,4,289,"LP","I"
132,1,289,"LP","I"
471,2,289,"LP","I"
14,37,289,"LP","I"
64,15,289,"LP","I"
222,1,289,"LP","I"
77,20,289,"LP","I"
250,1,289,"LP","I"
140,1,289,"LP","I"
236,1,290,"LP","I"
498,32,290,"LP","I"
483,3,290,"LP","I"
362,1,290,"LP","I"
32,11,290,"LP","I"
299,1,290,"LP","I"
501,24,290,"LP","I"
376,3,290,"LP","I"
23,8,290,"LP","I"
166,1,290,"LP","I"
322,1,290,"LP","I"
54,8,290,"LP","I"
264,1,290,"LP","I"
439,1,290,"LP","I"
441,1,290,"LP","I"
78,12,290,"LP","I"
361,4,290,"LP","I"
303,4,290,"LP","I"
209,1,290,"LP","I"
368,1,290,"LP","I"
51,3,291,"LP","I"
439,1,291,"LP","I"
8,6,291,"LP","I"
308,1,291,"LP","I"
370,1,291,"LP","I"
80,6,291,"LP","I"
470,4,291,"LP","I"
499,35,291,"LP","I"
91,9,291,"LP","I"
171,1,291,"LP","I"
183,1,291,"LP","I"
362,1,291,"LP","I"
124,1,291,"LP","I"
349,1,291,"LP","I"
231,1,291,"LP","I"
504,39,291,"LP","I"
173,1,291,"LP","I"
348,2,291,"LP","I"
72,9,291,"LP","I"
16,8,291,"LP","I"
249,2,292,"LP","I"
390,1,292,"LP","I"
304,1,292,"LP","I"
435,3,292,"LP","I"
38,6,292,"LP","I"
351,2,292,"LP","I"
144,1,292,"LP","I"
467,4,292,"LP","I"
522,2,292,"LP","I"
314,1,292,"LP","I"
415,1,292,"LP","I"
426,2,292,"LP","I"
20,8,292,"LP","I"
370,1,292,"LP","I"
410,2,292,"LP","I"
198,1,292,"LP","I"
513,2,292,"LP","I"
39,1,292,"LP","I"
14,37,292,"LP","I"
231,1,292,"LP","I"
482,3,293,"LP","I"
69,1,293,"LP","I"
469,4,293,"LP","I"
508,19,293,"LP","I"
455,3,293,"LP","I"
171,1,293,"LP","I"
128,1,293,"LP","I"
197,1,293,"LP","I"
348,2,293,"LP","I"
471,2,293,"LP","I"
317,2,293,"LP","I"
441,1,293,"LP","I"
223,1,293,"LP","I"
380,2,293,"LP","I"
166,1,293,"LP","I"
202,1,293,"LP","I"
534,4,293,"LP","I"
467,4,293,"LP","I"
499,35,293,"LP","I"
8,6,293,"LP","I"
67,11,294,"LP","I"
270,1,294,"LP","I"
517,3,294,"LP","I"
440,1,294,"LP","I"
433,2,294,"LP","I"
430,1,294,"LP","I"
126,3,294,"LP","I"
128,1,294,"LP","I"
213,1,294,"LP","I"
124,1,294,"LP","I"
51,3,294,"LP","I"
291,1,294,"LP","I"
13,3,294,"LP","I"
17,6,294,"LP","I"
401,1,294,"LP","I"
56,7,294,"LP","I"
470,4,294,"LP","I"
322,1,294,"LP","I"
326,1,294,"LP","I"
237,1,294,"LP","I"
320,1,295,"LP","I"
140,1,295,"LP","I"
138,3,295,"LP","I"
469,4,295,"LP","I"
351,2,295,"LP","I"
64,15,295,"LP","I"
249,2,295,"LP","I"
426,2,295,"LP","I"
144,1,295,"LP","I"
105,1,295,"LP","I"
179,7,295,"LP","I"
278,1,295,"LP","I"
142,1,295,"LP","I"
81,2,295,"LP","I"
33,13,295,"LP","I"
17,6,295,"LP","I"
357,1,295,"LP","I"
447,3,295,"LP","I"
101,2,295,"LP","I"
313,1,295,"LP","I"
76,7,296,"LP","I"
497,36,296,"LP","I"
128,1,296,"LP","I"
105,1,296,"LP","I"
348,2,296,"LP","I"
484,2,296,"LP","I"
80,6,296,"LP","I"
291,1,296,"LP","I"
320,1,296,"LP","I"
127,1,296,"LP","I"
455,3,296,"LP","I"
377,2,296,"LP","I"
26,62,296,"LP","I"
380,2,296,"LP","I"
326,1,296,"LP","I"
131,1,296,"LP","I"
305,1,296,"LP","I"
33,13,296,"LP","I"
318,2,296,"LP","I"
370,1,296,"LP","I"
39,1,297,"LP","I"
59,5,297,"LP","I"
213,1,297,"LP","I"
26,62,297,"LP","I"
250,1,297,"LP","I"
524,1,297,"LP","I"
4,11,297,"LP","I"
496,32,297,"LP","I"
370,1,297,"LP","I"
500,29,297,"LP","I"
113,1,297,"LP","I"
248,1,297,"LP","I"
322,1,297,"LP","I"
170,1,297,"LP","I"
190,2,297,"LP","I"
389,2,297,"LP","I"
515,2,297,"LP","I"
209,1,297,"LP","I"
33,13,297,"LP","I"
299,1,297,"LP","I"
374,2,298,"LP","I"
455,3,298,"LP","I"
252,1,298,"LP","I"
54,8,298,"LP","I"
64,15,298,"LP","I"
419,1,298,"LP","I"
32,11,298,"LP","I"
433,2,298,"LP","I"
362,1,298,"LP","I"
44,23,298,"LP","I"
463,1,298,"LP","I"
5,7,298,"LP","I"
4,11,298,"LP","I"
11,32,298,"LP","I"
202,1,298,"LP","I"
517,3,298,"LP","I"
367,2,298,"LP","I"
354,2,298,"LP","I"
417,1,298,"LP","I"
67,11,298,"LP","I"
282,1,299,"LP","I"
19,11,299,"LP","I"
46,5,299,"LP","I"
433,2,299,"LP","I"
144,1,299,"LP","I"
213,1,299,"LP","I"
305,1,299,"LP","I"
250,1,299,"LP","I"
299,1,299,"LP","I"
45,8,299,"LP","I"
326,1,299,"LP","I"
372,1,299,"LP","I"
26,62,299,"LP","I"
458,1,299,"LP","I"
337,2,299,"LP","I"
38,6,299,"LP","I"
164,4,299,"LP","I"
224,1,299,"LP","I"
143,1,299,"LP","I"
377,2,299,"LP","I"
61,39,300,"LP","I"
4,11,300,"LP","I"
16,8,300,"LP","I"
422,3,300,"LP","I"
380,2,300,"LP","I"
278,1,300,"LP","I"
141,1,300,"LP","I"
396,1,300,"LP","I"
171,1,300,"LP","I"
76,7,300,"LP","I"
306,1,300,"LP","I"
469,4,300,"LP","I"
301,1,300,"LP","I"
232,3,300,"LP","I"
82,1,300,"LP","I"
48,6,300,"LP","I"
369,1,300,"LP","I"
377,2,300,"LP","I"
60,5,300,"LP","I"
287,1,300,"LP","I"
497,36,301,"LP","I"
39,1,301,"LP","I"
484,2,301,"LP","I"
166,1,301,"LP","I"
519,2,301,"LP","I"
523,4,301,"LP","I"
401,1,301,"LP","I"
317,2,301,"LP","I"
12,11,301,"LP","I"
351,2,301,"LP","I"
143,1,301,"LP","I"
365,2,301,"LP","I"
179,7,301,"LP","I"
19,11,301,"LP","I"
441,1,301,"LP","I"
196,2,301,"LP","I"
86,4,301,"LP","I"
514,3,301,"LP","I"
48,6,301,"LP","I"
305,1,301,"LP","I"
203,1,302,"LP","I"
54,8,302,"LP","I"
126,3,302,"LP","I"
252,1,302,"LP","I"
190,2,302,"LP","I"
390,1,302,"LP","I"
380,2,302,"LP","I"
5,7,302,"LP","I"
351,2,302,"LP","I"
264,1,302,"LP","I"
128,1,302,"LP","I"
519,2,302,"LP","I"
276,2,302,"LP","I"
367,2,302,"LP","I"
132,1,302,"LP","I"
247,1,302,"LP","I"
278,1,302,"LP","I"
327,1,302,"LP","I"
30,3,302,"LP","I"
341,2,302,"LP","I"
504,39,303,"LP","I"
374,2,303,"LP","I"
463,1,303,"LP","I"
132,1,303,"LP","I"
389,2,303,"LP","I"
438,7,303,"LP","I"
56,7,303,"LP","I"
361,4,303,"LP","I"
24,5,303,"LP","I"
417,1,303,"LP","I"
247,1,303,"LP","I"
186,1,303,"LP","I"
248,1,303,"LP","I"
522,2,303,"LP","I"
144,1,303,"LP","I"
190,2,303,"LP","I"
62,8,303,"LP","I"
36,5,303,"LP","I"
440,1,303,"LP","I"
517,3,303,"LP","I"
304,1,304,"LP","I"
441,1,304,"LP","I"
470,4,304,"LP","I"
287,1,304,"LP","I"
78,12,304,"LP","I"
367,2,304,"LP","I"
438,7,304,"LP","I"
203,1,304,"LP","I"
517,3,304,"LP","I"
415,1,304,"LP","I"
36,5,304,"LP","I"
228,1,304,"LP","I"
483,3,304,"LP","I"
534,4,304,"LP","I"
259,5,304,"LP","I"
236,1,304,"LP","I"
357,1,304,"LP","I"
4,11,304,"LP","I"
19,11,304,"LP","I"
422,3,304,"LP","I"
430,1,305,"LP","I"
61,39,305,"LP","I"
142,1,305,"LP","I"
264,1,305,"LP","I"
314,1,305,"LP","I"
496,32,305,"LP","I"
4,11,305,"LP","I"
287,1,305,"LP","I"
284,1,305,"LP","I"
179,7,305,"LP","I"
105,1,305,"LP","I"
209,1,305,"LP","I"
471,2,305,"LP","I"
236,1,305,"LP","I"
54,8,305,"LP","I"
202,1,305,"LP","I"
464,1,305,"LP","I"
376,3,305,"LP","I"
17,6,305,"LP","I"
495,14,305,"LP","I"
500,29,306,"LP","I"
369,1,306,"LP","I"
318,2,306,"LP","I"
249,2,306,"LP","I"
198,1,306,"LP","I"
440,1,306,"LP","I"
508,19,306,"LP","I"
397,1,306,"LP","I"
401,1,306,"LP","I"
498,32,306,"LP","I"
128,1,306,"LP","I"
76,7,306,"LP","I"
232,3,306,"LP","I"
69,1,306,"LP","I"
348,2,306,"LP","I"
422,3,306,"LP","I"
179,7,306,"LP","I"
131,1,306,"LP","I"
322,1,306,"LP","I"
534,4,306,"LP","I"
422,3,307,"LP","I"
45,8,307,"LP","I"
419,1,307,"LP","I"
62,8,307,"LP","I"
39,1,307,"LP","I"
282,1,307,"LP","I"
516,3,307,"LP","I"
501,24,307,"LP","I"
464,1,307,"LP","I"
369,1,307,"LP","I"
437,1,307,"LP","I"
60,5,307,"LP","I"
61,39,307,"LP","I"
264,1,307,"LP","I"
48,6,307,"LP","I"
171,1,307,"LP","I"
320,1,307,"LP","I"
193,1,307,"LP","I"
170,1,307,"LP","I"
322,1,307,"LP","I"
519,2,308,"LP","I"
91,9,308,"LP","I"
232,3,308,"LP","I"
501,24,308,"LP","I"
286,1,308,"LP","I"
525,4,308,"LP","I"
497,36,308,"LP","I"
47,11,308,"LP","I"
237,1,308,"LP","I"
304,1,308,"LP","I"
264,1,308,"LP","I"
203,1,308,"LP","I"
401,1,308,"LP","I"
438,7,308,"LP","I"
426,2,308,"LP","I"
445,11,308,"LP","I"
231,1,308,"LP","I"
12,11,308,"LP","I"
499,35,308,"LP","I"
390,1,308,"LP","I"
14,37,309,"LP","I"
314,1,309,"LP","I"
287,1,309,"LP","I"
455,3,309,"LP","I"
173,1,309,"LP","I"
140,1,309,"LP","I"
505,16,309,"LP","I"
343,7,309,"LP","I"
376,3,309,"LP","I"
525,4,309,"LP","I"
198,1,309,"LP","I"
471,2,309,"LP","I"
344,1,309,"LP","I"
351,2,309,"LP","I"
179,7,309,"LP","I"
440,1,309,"LP","I"
228,1,309,"LP","I"
23,8,309,"LP","I"
372,1,309,"LP","I"
302,2,309,"LP","I"
266,1,310,"LP","I"
524,1,310,"LP","I"
250,1,310,"LP","I"
196,2,310,"LP","I"
422,3,310,"LP","I"
505,16,310,"LP","I"
224,1,310,"LP","I"
140,1,310,"LP","I"
471,2,310,"LP","I"
470,4,310,"LP","I"
101,2,310,"LP","I"
48,6,310,"LP","I"
497,36,310,"LP","I"
445,11,310,"LP","I"
285,1,310,"LP","I"
38,6,310,"LP","I"
320,1,310,"LP","I"
197,1,310,"LP","I"
181,1,310,"LP","I"
54,8,310,"LP","I"
378,1,311,"LP","I"
304,1,311,"LP","I"
166,1,311,"LP","I"
56,7,311,"LP","I"
81,2,311,"LP","I"
439,1,311,"LP","I"
410,2,311,"LP","I"
202,1,311,"LP","I"
517,3,311,"LP","I"
228,1,311,"LP","I"
64,15,311,"LP","I"
203,1,311,"LP","I"
138,3,311,"LP","I"
198,1,311,"LP","I"
248,1,311,"LP","I"
30,3,311,"LP","I"
244,2,311,"LP","I"
13,3,311,"LP","I"
141,1,311,"LP","I"
397,1,311,"LP","I"
522,2,312,"LP","I"
38,6,312,"LP","I"
389,2,312,"LP","I"
381,2,312,"LP","I"
484,2,312,"LP","I"
77,20,312,"LP","I"
515,2,312,"LP","I"
363,1,312,"LP","I"
170,1,312,"LP","I"
396,1,312,"LP","I"
471,2,312,"LP","I"
440,1,312,"LP","I"
142,1,312,"LP","I"
51,3,312,"LP","I"
377,2,312,"LP","I"
369,1,312,"LP","I"
228,1,312,"LP","I"
523,4,312,"LP","I"
203,1,312,"LP","I"
179,7,312,"LP","I"
244,2,313,"LP","I"
314,1,313,"LP","I"
198,1,313,"LP","I"
20,8,313,"LP","I"
471,2,313,"LP","I"
38,6,313,"LP","I"
362,1,313,"LP","I"
222,1,313,"LP","I"
519,2,313,"LP","I"
483,3,313,"LP","I"
495,14,313,"LP","I"
343,7,313,"LP","I"
128,1,313,"LP","I"
344,1,313,"LP","I"
516,3,313,"LP","I"
422,3,313,"LP","I"
341,2,313,"LP","I"
223,1,313,"LP","I"
62,8,313,"LP","I"
86,4,313,"LP","I"
266,1,314,"LP","I"
441,1,314,"LP","I"
249,2,314,"LP","I"
433,2,314,"LP","I"
4,11,314,"LP","I"
282,1,314,"LP","I"
377,2,314,"LP","I"
286,1,314,"LP","I"
47,11,314,"LP","I"
59,5,314,"LP","I"
354,2,314,"LP","I"
380,2,314,"LP","I"
45,8,314,"LP","I"
236,1,314,"LP","I"
64,15,314,"LP","I"
32,11,314,"LP","I"
455,3,314,"LP","I"
437,1,314,"LP","I"
343,7,314,"LP","I"
465,1,314,"LP","I"
376,3,315,"LP","I"
308,1,315,"LP","I"
305,1,315,"LP","I"
464,1,315,"LP","I"
282,1,315,"LP","I"
247,1,315,"LP","I"
228,1,315,"LP","I"
64,15,315,"LP","I"
486,3,315,"LP","I"
54,8,315,"LP","I"
264,1,315,"LP","I"
91,9,315,"LP","I"
5,7,315,"LP","I"
76,7,315,"LP","I"
496,32,315,"LP","I"
284,1,315,"LP","I"
198,1,315,"LP","I"
276,2,315,"LP","I"
354,2,315,"LP","I"
438,7,315,"LP","I"
223,1,316,"LP","I"
60,5,316,"LP","I"
378,1,316,"LP","I"
124,1,316,"LP","I"
13,3,316,"LP","I"
8,6,316,"LP","I"
57,12,316,"LP","I"
361,4,316,"LP","I"
354,2,316,"LP","I"
401,1,316,"LP","I"
228,1,316,"LP","I"
374,2,316,"LP","I"
419,1,316,"LP","I"
209,1,316,"LP","I"
284,1,316,"LP","I"
250,1,316,"LP","I"
367,2,316,"LP","I"
101,2,316,"LP","I"
105,1,316,"LP","I"
28,33,316,"LP","I"
132,1,317,"LP","I"
470,4,317,"LP","I"
495,14,317,"LP","I"
255,2,317,"LP","I"
458,1,317,"LP","I"
202,1,317,"LP","I"
51,3,317,"LP","I"
179,7,317,"LP","I"
363,1,317,"LP","I"
171,1,317,"LP","I"
503,25,317,"LP","I"
67,11,317,"LP","I"
367,2,317,"LP","I"
80,6,317,"LP","I"
354,2,317,"LP","I"
91,9,317,"LP","I"
508,19,317,"LP","I"
358,15,317,"LP","I"
497,36,317,"LP","I"
499,35,317,"LP","I"
46,5,318,"LP","I"
202,1,318,"LP","I"
435,3,318,"LP","I"
457,2,318,"LP","I"
523,4,318,"LP","I"
314,1,318,"LP","I"
464,1,318,"LP","I"
228,1,318,"LP","I"
349,1,318,"LP","I"
62,8,318,"LP","I"
287,1,318,"LP","I"
486,3,318,"LP","I"
183,1,318,"LP","I"
203,1,318,"LP","I"
358,15,318,"LP","I"
186,1,318,"LP","I"
39,1,318,"LP","I"
247,1,318,"LP","I"
91,9,318,"LP","I"
196,2,318,"LP","I"
57,12,319,"LP","I"
23,8,319,"LP","I"
264,1,319,"LP","I"
514,3,319,"LP","I"
467,4,319,"LP","I"
410,2,319,"LP","I"
483,3,319,"LP","I"
435,3,319,"LP","I"
498,32,319,"LP","I"
278,1,319,"LP","I"
64,15,319,"LP","I"
291,1,319,"LP","I"
4,11,319,"LP","I"
337,2,319,"LP","I"
318,2,319,"LP","I"
497,36,319,"LP","I"
12,11,319,"LP","I"
276,2,319,"LP","I"
327,1,319,"LP","I"
362,1,319,"LP","I"
317,2,320,"LP","I"
370,1,320,"LP","I"
417,1,320,"LP","I"
433,2,320,"LP","I"
132,1,320,"LP","I"
59,5,320,"LP","I"
13,3,320,"LP","I"
471,2,320,"LP","I"
426,2,320,"LP","I"
202,1,320,"LP","I"
303,4,320,"LP","I"
369,1,320,"LP","I"
495,14,320,"LP","I"
203,1,320,"LP","I"
67,11,320,"LP","I"
7,10,320,"LP","I"
81,2,320,"LP","I"
223,1,320,"LP","I"
365,2,320,"LP","I"
143,1,320,"LP","I"
232,3,321,"LP","I"
349,1,321,"LP","I"
455,3,321,"LP","I"
144,1,321,"LP","I"
186,1,321,"LP","I"
376,3,321,"LP","I"
36,5,321,"LP","I"
457,2,321,"LP","I"
264,1,321,"LP","I"
202,1,321,"LP","I"
13,3,321,"LP","I"
66,1,321,"LP","I"
244,2,321,"LP","I"
193,1,321,"LP","I"
16,8,321,"LP","I"
91,9,321,"LP","I"
164,4,321,"LP","I"
469,4,321,"LP","I"
266,1,321,"LP","I"
12,11,321,"LP","I"
164,4,322,"LP","I"
447,3,322,"LP","I"
244,2,322,"LP","I"
500,29,322,"LP","I"
209,1,322,"LP","I"
12,11,322,"LP","I"
183,1,322,"LP","I"
142,1,322,"LP","I"
483,3,322,"LP","I"
486,3,322,"LP","I"
51,3,322,"LP","I"
144,1,322,"LP","I"
61,39,322,"LP","I"
401,1,322,"LP","I"
369,1,322,"LP","I"
47,11,322,"LP","I"
463,1,322,"LP","I"
495,14,322,"LP","I"
287,1,322,"LP","I"
30,3,322,"LP","I"
23,8,323,"LP","I"
437,1,323,"LP","I"
482,3,323,"LP","I"
381,2,323,"LP","I"
410,2,323,"LP","I"
495,14,323,"LP","I"
72,9,323,"LP","I"
7,10,323,"LP","I"
504,39,323,"LP","I"
317,2,323,"LP","I"
248,1,323,"LP","I"
143,1,323,"LP","I"
198,1,323,"LP","I"
8,6,323,"LP","I"
30,3,323,"LP","I"
266,1,323,"LP","I"
362,1,323,"LP","I"
394,1,323,"LP","I"
237,1,323,"LP","I"
369,1,323,"LP","I"
318,2,324,"LP","I"
131,1,324,"LP","I"
435,3,324,"LP","I"
524,1,324,"LP","I"
522,2,324,"LP","I"
44,23,324,"LP","I"
486,3,324,"LP","I"
438,7,324,"LP","I"
437,1,324,"LP","I"
421,4,324,"LP","I"
45,8,324,"LP","I"
470,4,324,"LP","I"
250,1,324,"LP","I"
534,4,324,"LP","I"
158,1,324,"LP","I"
447,3,324,"LP","I"
515,2,324,"LP","I"
132,1,324,"LP","I"
190,2,324,"LP","I"
67,11,324,"LP","I"
351,2,325,"LP","I"
396,1,325,"LP","I"
255,2,325,"LP","I"
501,24,325,"LP","I"
498,32,325,"LP","I"
143,1,325,"LP","I"
224,1,325,"LP","I"
86,4,325,"LP","I"
313,1,325,"LP","I"
236,1,325,"LP","I"
318,2,325,"LP","I"
231,1,325,"LP","I"
270,1,325,"LP","I"
376,3,325,"LP","I"
465,1,325,"LP","I"
516,3,325,"LP","I"
365,2,325,"LP","I"
30,3,325,"LP","I"
213,1,325,"LP","I"
193,1,325,"LP","I"
422,3,326,"LP","I"
72,9,326,"LP","I"
484,2,326,"LP","I"
357,1,326,"LP","I"
127,1,326,"LP","I"
213,1,326,"LP","I"
517,3,326,"LP","I"
237,1,326,"LP","I"
515,2,326,"LP","I"
365,2,326,"LP","I"
500,29,326,"LP","I"
173,1,326,"LP","I"
81,2,326,"LP","I"
33,13,326,"LP","I"
270,1,326,"LP","I"
48,6,326,"LP","I"
64,15,326,"LP","I"
447,3,326,"LP","I"
433,2,326,"LP","I"
264,1,326,"LP","I"
138,3,327,"LP","I"
301,1,327,"LP","I"
282,1,327,"LP","I"
13,3,327,"LP","I"
164,4,327,"LP","I"
447,3,327,"LP","I"
318,2,327,"LP","I"
439,1,327,"LP","I"
140,1,327,"LP","I"
78,12,327,"LP","I"
370,1,327,"LP","I"
105,1,327,"LP","I"
44,23,327,"LP","I"
278,1,327,"LP","I"
317,2,327,"LP","I"
376,3,327,"LP","I"
503,25,327,"LP","I"
101,2,327,"LP","I"
377,2,327,"LP","I"
285,1,327,"LP","I"
57,12,328,"LP","I"
337,2,328,"LP","I"
7,10,328,"LP","I"
372,1,328,"LP","I"
497,36,328,"LP","I"
33,13,328,"LP","I"
26,62,328,"LP","I"
32,11,328,"LP","I"
357,1,328,"LP","I"
181,1,328,"LP","I"
228,1,328,"LP","I"
128,1,328,"LP","I"
138,3,328,"LP","I"
502,22,328,"LP","I"
499,35,328,"LP","I"
390,1,328,"LP","I"
105,1,328,"LP","I"
534,4,328,"LP","I"
344,1,328,"LP","I"
320,1,328,"LP","I"
305,1,329,"LP","I"
447,3,329,"LP","I"
232,3,329,"LP","I"
56,7,329,"LP","I"
523,4,329,"LP","I"
213,1,329,"LP","I"
502,22,329,"LP","I"
348,2,329,"LP","I"
322,1,329,"LP","I"
522,2,329,"LP","I"
314,1,329,"LP","I"
313,1,329,"LP","I"
515,2,329,"LP","I"
362,1,329,"LP","I"
198,1,329,"LP","I"
48,6,329,"LP","I"
437,1,329,"LP","I"
76,7,329,"LP","I"
354,2,329,"LP","I"
430,1,329,"LP","I"
497,36,330,"LP","I"
390,1,330,"LP","I"
522,2,330,"LP","I"
222,1,330,"LP","I"
61,39,330,"LP","I"
513,2,330,"LP","I"
82,1,330,"LP","I"
523,4,330,"LP","I"
421,4,330,"LP","I"
419,1,330,"LP","I"
471,2,330,"LP","I"
249,2,330,"LP","I"
362,1,330,"LP","I"
198,1,330,"LP","I"
525,4,330,"LP","I"
524,1,330,"LP","I"
202,1,330,"LP","I"
236,1,330,"LP","I"
54,8,330,"LP","I"
23,8,330,"LP","I"
401,1,331,"LP","I"
378,1,331,"LP","I"
299,1,331,"LP","I"
534,4,331,"LP","I"
495,14,331,"LP","I"
327,1,331,"LP","I"
72,9,331,"LP","I"
318,2,331,"LP","I"
80,6,331,"LP","I"
419,1,331,"LP","I"
20,8,331,"LP","I"
86,4,331,"LP","I"
183,1,331,"LP","I"
76,7,331,"LP","I"
499,35,331,"LP","I"
441,1,331,"LP","I"
33,13,331,"LP","I"
30,3,331,"LP","I"
54,8,331,"LP","I"
447,3,331,"LP","I"
505,16,332,"LP","I"
313,1,332,"LP","I"
495,14,332,"LP","I"
86,4,332,"LP","I"
299,1,332,"LP","I"
46,5,332,"LP","I"
513,2,332,"LP","I"
467,4,332,"LP","I"
190,2,332,"LP","I"
524,1,332,"LP","I"
264,1,332,"LP","I"
486,3,332,"LP","I"
248,1,332,"LP","I"
112,2,332,"LP","I"
144,1,332,"LP","I"
270,1,332,"LP","I"
126,3,332,"LP","I"
41,2,332,"LP","I"
13,3,332,"LP","I"
228,1,332,"LP","I"
377,2,333,"LP","I"
447,3,333,"LP","I"
142,1,333,"LP","I"
525,4,333,"LP","I"
463,1,333,"LP","I"
112,2,333,"LP","I"
51,3,333,"LP","I"
255,2,333,"LP","I"
164,4,333,"LP","I"
304,1,333,"LP","I"
378,1,333,"LP","I"
186,1,333,"LP","I"
77,20,333,"LP","I"
213,1,333,"LP","I"
24,5,333,"LP","I"
231,1,333,"LP","I"
8,6,333,"LP","I"
503,25,333,"LP","I"
57,12,333,"LP","I"
46,5,333,"LP","I"
470,4,334,"LP","I"
421,4,334,"LP","I"
457,2,334,"LP","I"
143,1,334,"LP","I"
14,37,334,"LP","I"
517,3,334,"LP","I"
441,1,334,"LP","I"
320,1,334,"LP","I"
183,1,334,"LP","I"
171,1,334,"LP","I"
513,2,334,"LP","I"
463,1,334,"LP","I"
351,2,334,"LP","I"
438,7,334,"LP","I"
525,4,334,"LP","I"
12,11,334,"LP","I"
250,1,334,"LP","I"
508,19,334,"LP","I"
223,1,334,"LP","I"
186,1,334,"LP","I"
179,7,335,"LP","I"
483,3,335,"LP","I"
45,8,335,"LP","I"
124,1,335,"LP","I"
361,4,335,"LP","I"
7,10,335,"LP","I"
248,1,335,"LP","I"
284,1,335,"LP","I"
524,1,335,"LP","I"
36,5,335,"LP","I"
186,1,335,"LP","I"
276,2,335,"LP","I"
430,1,335,"LP","I"
255,2,335,"LP","I"
270,1,335,"LP","I"
471,2,335,"LP","I"
484,2,335,"LP","I"
173,1,335,"LP","I"
170,1,335,"LP","I"
464,1,335,"LP","I"
483,3,336,"LP","I"
12,11,336,"LP","I"
519,2,336,"LP","I"
183,1,336,"LP","I"
314,1,336,"LP","I"
36,5,336,"LP","I"
7,10,336,"LP","I"
419,1,336,"LP","I"
471,2,336,"LP","I"
181,1,336,"LP","I"
56,7,336,"LP","I"
445,11,336,"LP","I"
248,1,336,"LP","I"
390,1,336,"LP","I"
523,4,336,"LP","I"
499,35,336,"LP","I"
82,1,336,"LP","I"
514,3,336,"LP","I"
105,1,336,"LP","I"
381,2,336,"LP","I"
304,1,337,"LP","I"
270,1,337,"LP","I"
344,1,337,"LP","I"
496,32,337,"LP","I"
56,7,337,"LP","I"
357,1,337,"LP","I"
77,20,337,"LP","I"
363,1,337,"LP","I"
51,3,337,"LP","I"
467,4,337,"LP","I"
113,1,337,"LP","I"
426,2,337,"LP","I"
264,1,337,"LP","I"
327,1,337,"LP","I"
389,2,337,"LP","I"
7,10,337,"LP","I"
482,3,337,"LP","I"
439,1,337,"LP","I"
410,2,337,"LP","I"
523,4,337,"LP","I"
464,1,338,"LP","I"
396,1,338,"LP","I"
91,9,338,"LP","I"
282,1,338,"LP","I"
131,1,338,"LP","I"
516,3,338,"LP","I"
322,1,338,"LP","I"
77,20,338,"LP","I"
514,3,338,"LP","I"
36,5,338,"LP","I"
64,15,338,"LP","I"
38,6,338,"LP","I"
285,1,338,"LP","I"
358,15,338,"LP","I"
522,2,338,"LP","I"
72,9,338,"LP","I"
231,1,338,"LP","I"
47,11,338,"LP","I"
244,2,338,"LP","I"
80,6,338,"LP","I"
252,1,339,"LP","I"
128,1,339,"LP","I"
11,32,339,"LP","I"
124,1,339,"LP","I"
47,11,339,"LP","I"
32,11,339,"LP","I"
282,1,339,"LP","I"
7,10,339,"LP","I"
467,4,339,"LP","I"
306,1,339,"LP","I"
166,1,339,"LP","I"
20,8,339,"LP","I"
498,32,339,"LP","I"
317,2,339,"LP","I"
508,19,339,"LP","I"
19,11,339,"LP","I"
86,4,339,"LP","I"
540,3,339,"LP","I"
381,2,339,"LP","I"
471,2,339,"LP","I"
131,1,340,"LP","I"
19,11,340,"LP","I"
76,7,340,"LP","I"
471,2,340,"LP","I"
496,32,340,"LP","I"
285,1,340,"LP","I"
69,1,340,"LP","I"
54,8,340,"LP","I"
228,1,340,"LP","I"
525,4,340,"LP","I"
349,1,340,"LP","I"
368,1,340,"LP","I"
415,1,340,"LP","I"
524,1,340,"LP","I"
196,2,340,"LP","I"
534,4,340,"LP","I"
179,7,340,"LP","I"
390,1,340,"LP","I"
381,2,340,"LP","I"
60,5,340,"LP","I"
327,1,341,"LP","I"
421,4,341,"LP","I"
181,1,341,"LP","I"
519,2,341,"LP","I"
380,2,341,"LP","I"
304,1,341,"LP","I"
372,1,341,"LP","I"
397,1,341,"LP","I"
433,2,341,"LP","I"
179,7,341,"LP","I"
522,2,341,"LP","I"
270,1,341,"LP","I"
514,3,341,"LP","I"
72,9,341,"LP","I"
313,1,341,"LP","I"
441,1,341,"LP","I"
41,2,341,"LP","I"
183,1,341,"LP","I"
57,12,341,"LP","I"
5,7,341,"LP","I"
285,1,342,"LP","I"
376,3,342,"LP","I"
222,1,342,"LP","I"
13,3,342,"LP","I"
304,1,342,"LP","I"
513,2,342,"LP","I"
232,3,342,"LP","I"
158,1,342,"LP","I"
410,2,342,"LP","I"
247,1,342,"LP","I"
69,1,342,"LP","I"
447,3,342,"LP","I"
326,1,342,"LP","I"
57,12,342,"LP","I"
299,1,342,"LP","I"
426,2,342,"LP","I"
369,1,342,"LP","I"
166,1,342,"LP","I"
24,5,342,"LP","I"
349,1,342,"LP","I"
4,11,343,"LP","I"
514,3,343,"LP","I"
390,1,343,"LP","I"
144,1,343,"LP","I"
430,1,343,"LP","I"
285,1,343,"LP","I"
193,1,343,"LP","I"
32,11,343,"LP","I"
534,4,343,"LP","I"
303,4,343,"LP","I"
76,7,343,"LP","I"
171,1,343,"LP","I"
299,1,343,"LP","I"
105,1,343,"LP","I"
112,2,343,"LP","I"
64,15,343,"LP","I"
381,2,343,"LP","I"
224,1,343,"LP","I"
8,6,343,"LP","I"
198,1,343,"LP","I"
514,3,344,"LP","I"
525,4,344,"LP","I"
41,2,344,"LP","I"
237,1,344,"LP","I"
113,1,344,"LP","I"
252,1,344,"LP","I"
158,1,344,"LP","I"
51,3,344,"LP","I"
179,7,344,"LP","I"
67,11,344,"LP","I"
455,3,344,"LP","I"
303,4,344,"LP","I"
276,2,344,"LP","I"
60,5,344,"LP","I"
209,1,344,"LP","I"
129,1,344,"LP","I"
502,22,344,"LP","I"
266,1,344,"LP","I"
302,2,344,"LP","I"
483,3,344,"LP","I"
57,12,345,"LP","I"
483,3,345,"LP","I"
322,1,345,"LP","I"
164,4,345,"LP","I"
124,1,345,"LP","I"
368,1,345,"LP","I"
440,1,345,"LP","I"
343,7,345,"LP","I"
499,35,345,"LP","I"
327,1,345,"LP","I"
372,1,345,"LP","I"
36,5,345,"LP","I"
190,2,345,"LP","I"
497,36,345,"LP","I"
317,2,345,"LP","I"
397,1,345,"LP","I"
435,3,345,"LP","I"
255,2,345,"LP","I"
430,1,345,"LP","I"
401,1,345,"LP","I"
327,1,346,"LP","I"
247,1,346,"LP","I"
433,2,346,"LP","I"
76,7,346,"LP","I"
186,1,346,"LP","I"
144,1,346,"LP","I"
421,4,346,"LP","I"
19,11,346,"LP","I"
441,1,346,"LP","I"
196,2,346,"LP","I"
23,8,346,"LP","I"
101,2,346,"LP","I"
313,1,346,"LP","I"
503,25,346,"LP","I"
57,12,346,"LP","I"
48,6,346,"LP","I"
430,1,346,"LP","I"
232,3,346,"LP","I"
13,3,346,"LP","I"
20,8,346,"LP","I"
524,1,347,"LP","I"
250,1,347,"LP","I"
422,3,347,"LP","I"
372,1,347,"LP","I"
232,3,347,"LP","I"
361,4,347,"LP","I"
222,1,347,"LP","I"
285,1,347,"LP","I"
469,4,347,"LP","I"
517,3,347,"LP","I"
224,1,347,"LP","I"
497,36,347,"LP","I"
247,1,347,"LP","I"
458,1,347,"LP","I"
66,1,347,"LP","I"
318,2,347,"LP","I"
54,8,347,"LP","I"
417,1,347,"LP","I"
12,11,347,"LP","I"
91,9,347,"LP","I"
11,32,348,"LP","I"
426,2,348,"LP","I"
515,2,348,"LP","I"
318,2,348,"LP","I"
464,1,348,"LP","I"
365,2,348,"LP","I"
5,7,348,"LP","I"
291,1,348,"LP","I"
224,1,348,"LP","I"
354,2,348,"LP","I"
255,2,348,"LP","I"
361,4,348,"LP","I"
278,1,348,"LP","I"
203,1,348,"LP","I"
301,1,348,"LP","I"
322,1,348,"LP","I"
514,3,348,"LP","I"
126,3,348,"LP","I"
305,1,348,"LP","I"
78,12,348,"LP","I"
348,2,349,"LP","I"
86,4,349,"LP","I"
223,1,349,"LP","I"
266,1,349,"LP","I"
259,5,349,"LP","I"
519,2,349,"LP","I"
173,1,349,"LP","I"
82,1,349,"LP","I"
394,1,349,"LP","I"
12,11,349,"LP","I"
198,1,349,"LP","I"
358,15,349,"LP","I"
344,1,349,"LP","I"
278,1,349,"LP","I"
503,25,349,"LP","I"
186,1,349,"LP","I"
499,35,349,"LP","I"
166,1,349,"LP","I"
101,2,349,"LP","I"
378,1,349,"LP","I"
224,1,350,"LP","I"
158,1,350,"LP","I"
367,2,350,"LP","I"
76,7,350,"LP","I"
502,22,350,"LP","I"
435,3,350,"LP","I"
362,1,350,"LP","I"
306,1,350,"LP","I"
417,1,350,"LP","I"
469,4,350,"LP","I"
327,1,350,"LP","I"
266,1,350,"LP","I"
495,14,350,"LP","I"
301,1,350,"LP","I"
525,4,350,"LP","I"
28,33,350,"LP","I"
326,1,350,"LP","I"
374,2,350,"LP","I"
202,1,350,"LP","I"
166,1,350,"LP","I"
77,20,351,"LP","I"
224,1,351,"LP","I"
496,32,351,"LP","I"
69,1,351,"LP","I"
101,2,351,"LP","I"
363,1,351,"LP","I"
41,2,351,"LP","I"
354,2,351,"LP","I"
344,1,351,"LP","I"
415,1,351,"LP","I"
46,5,351,"LP","I"
515,2,351,"LP","I"
140,1,351,"LP","I"
123,3,351,"LP","I"
499,35,351,"LP","I"
517,3,351,"LP","I"
357,1,351,"LP","I"
113,1,351,"LP","I"
284,1,351,"LP","I"
143,1,351,"LP","I"
129,1,352,"LP","I"
166,1,352,"LP","I"
17,6,352,"LP","I"
419,1,352,"LP","I"
497,36,352,"LP","I"
213,1,352,"LP","I"
138,3,352,"LP","I"
502,22,352,"LP","I"
374,2,352,"LP","I"
8,6,352,"LP","I"
23,8,352,"LP","I"
123,3,352,"LP","I"
231,1,352,"LP","I"
337,2,352,"LP","I"
173,1,352,"LP","I"
143,1,352,"LP","I"
499,35,352,"LP","I"
425,4,352,"LP","I"
59,5,352,"LP","I"
69,1,352,"LP","I"
519,2,353,"LP","I"
142,1,353,"LP","I"
270,1,353,"LP","I"
516,3,353,"LP","I"
463,1,353,"LP","I"
170,1,353,"LP","I"
232,3,353,"LP","I"
378,1,353,"LP","I"
12,11,353,"LP","I"
327,1,353,"LP","I"
504,39,353,"LP","I"
7,10,353,"LP","I"
266,1,353,"LP","I"
38,6,353,"LP","I"
415,1,353,"LP","I"
497,36,353,"LP","I"
344,1,353,"LP","I"
365,2,353,"LP","I"
202,1,353,"LP","I"
67,11,353,"LP","I"
302,2,354,"LP","I"
361,4,354,"LP","I"
419,1,354,"LP","I"
11,32,354,"LP","I"
33,13,354,"LP","I"
305,1,354,"LP","I"
445,11,354,"LP","I"
105,1,354,"LP","I"
141,1,354,"LP","I"
236,1,354,"LP","I"
369,1,354,"LP","I"
196,2,354,"LP","I"
286,1,354,"LP","I"
91,9,354,"LP","I"
17,6,354,"LP","I"
132,1,354,"LP","I"
193,1,354,"LP","I"
183,1,354,"LP","I"
348,2,354,"LP","I"
112,2,354,"LP","I"
46,5,355,"LP","I"
326,1,355,"LP","I"
232,3,355,"LP","I"
203,1,355,"LP","I"
72,9,355,"LP","I"
23,8,355,"LP","I"
482,3,355,"LP","I"
320,1,355,"LP","I"
141,1,355,"LP","I"
308,1,355,"LP","I"
419,1,355,"LP","I"
327,1,355,"LP","I"
66,1,355,"LP","I"
248,1,355,"LP","I"
368,1,355,"LP","I"
14,37,355,"LP","I"
525,4,355,"LP","I"
357,1,355,"LP","I"
48,6,355,"LP","I"
198,1,355,"LP","I"
517,3,356,"LP","I"
128,1,356,"LP","I"
421,4,356,"LP","I"
282,1,356,"LP","I"
502,22,356,"LP","I"
76,7,356,"LP","I"
224,1,356,"LP","I"
222,1,356,"LP","I"
376,3,356,"LP","I"
314,1,356,"LP","I"
236,1,356,"LP","I"
515,2,356,"LP","I"
439,1,356,"LP","I"
255,2,356,"LP","I"
368,1,356,"LP","I"
237,1,356,"LP","I"
181,1,356,"LP","I"
305,1,356,"LP","I"
437,1,356,"LP","I"
363,1,356,"LP","I"
46,5,357,"LP","I"
198,1,357,"LP","I"
32,11,357,"LP","I"
396,1,357,"LP","I"
64,15,357,"LP","I"
470,4,357,"LP","I"
140,1,357,"LP","I"
173,1,357,"LP","I"
516,3,357,"LP","I"
181,1,357,"LP","I"
247,1,357,"LP","I"
144,1,357,"LP","I"
252,1,357,"LP","I"
286,1,357,"LP","I"
142,1,357,"LP","I"
508,19,357,"LP","I"
419,1,357,"LP","I"
19,11,357,"LP","I"
138,3,357,"LP","I"
24,5,357,"LP","I"
276,2,358,"LP","I"
124,1,358,"LP","I"
534,4,358,"LP","I"
12,11,358,"LP","I"
498,32,358,"LP","I"
344,1,358,"LP","I"
504,39,358,"LP","I"
496,32,358,"LP","I"
438,7,358,"LP","I"
358,15,358,"LP","I"
437,1,358,"LP","I"
78,12,358,"LP","I"
441,1,358,"LP","I"
327,1,358,"LP","I"
186,1,358,"LP","I"
320,1,358,"LP","I"
508,19,358,"LP","I"
266,1,358,"LP","I"
470,4,358,"LP","I"
499,35,358,"LP","I"
48,6,359,"LP","I"
64,15,359,"LP","I"
23,8,359,"LP","I"
410,2,359,"LP","I"
57,12,359,"LP","I"
441,1,359,"LP","I"
78,12,359,"LP","I"
457,2,359,"LP","I"
421,4,359,"LP","I"
237,1,359,"LP","I"
270,1,359,"LP","I"
486,3,359,"LP","I"
291,1,359,"LP","I"
377,2,359,"LP","I"
13,3,359,"LP","I"
62,8,359,"LP","I"
286,1,359,"LP","I"
440,1,359,"LP","I"
8,6,359,"LP","I"
186,1,359,"LP","I"
322,1,360,"LP","I"
11,32,360,"LP","I"
284,1,360,"LP","I"
299,1,360,"LP","I"
198,1,360,"LP","I"
4,11,360,"LP","I"
64,15,360,"LP","I"
179,7,360,"LP","I"
131,1,360,"LP","I"
76,7,360,"LP","I"
523,4,360,"LP","I"
209,1,360,"LP","I"
463,1,360,"LP","I"
378,1,360,"LP","I"
458,1,360,"LP","I"
320,1,360,"LP","I"
47,11,360,"LP","I"
337,2,360,"LP","I"
48,6,360,"LP","I"
470,4,360,"LP","I"
143,1,361,"LP","I"
213,1,361,"LP","I"
501,24,361,"LP","I"
433,2,361,"LP","I"
13,3,361,"LP","I"
524,1,361,"LP","I"
500,29,361,"LP","I"
132,1,361,"LP","I"
266,1,361,"LP","I"
344,1,361,"LP","I"
113,1,361,"LP","I"
503,25,361,"LP","I"
171,1,361,"LP","I"
337,2,361,"LP","I"
439,1,361,"LP","I"
525,4,361,"LP","I"
322,1,361,"LP","I"
259,5,361,"LP","I"
60,5,361,"LP","I"
517,3,361,"LP","I"
308,1,362,"LP","I"
80,6,362,"LP","I"
131,1,362,"LP","I"
486,3,362,"LP","I"
171,1,362,"LP","I"
374,2,362,"LP","I"
81,2,362,"LP","I"
236,1,362,"LP","I"
30,3,362,"LP","I"
62,8,362,"LP","I"
127,1,362,"LP","I"
228,1,362,"LP","I"
24,5,362,"LP","I"
173,1,362,"LP","I"
57,12,362,"LP","I"
101,2,362,"LP","I"
264,1,362,"LP","I"
513,2,362,"LP","I"
496,32,362,"LP","I"
279,1,362,"LP","I"
471,2,363,"LP","I"
190,2,363,"LP","I"
197,1,363,"LP","I"
372,1,363,"LP","I"
198,1,363,"LP","I"
128,1,363,"LP","I"
228,1,363,"LP","I"
516,3,363,"LP","I"
77,20,363,"LP","I"
517,3,363,"LP","I"
483,3,363,"LP","I"
349,1,363,"LP","I"
20,8,363,"LP","I"
291,1,363,"LP","I"
16,8,363,"LP","I"
105,1,363,"LP","I"
80,6,363,"LP","I"
202,1,363,"LP","I"
129,1,363,"LP","I"
396,1,363,"LP","I"
158,1,364,"LP","I"
390,1,364,"LP","I"
252,1,364,"LP","I"
320,1,364,"LP","I"
4,11,364,"LP","I"
237,1,364,"LP","I"
60,5,364,"LP","I"
358,15,364,"LP","I"
374,2,364,"LP","I"
471,2,364,"LP","I"
132,1,364,"LP","I"
78,12,364,"LP","I"
48,6,364,"LP","I"
26,62,364,"LP","I"
44,23,364,"LP","I"
81,2,364,"LP","I"
499,35,364,"LP","I"
16,8,364,"LP","I"
458,1,364,"LP","I"
186,1,364,"LP","I"
426,2,365,"LP","I"
378,1,365,"LP","I"
322,1,365,"LP","I"
86,4,365,"LP","I"
36,5,365,"LP","I"
24,5,365,"LP","I"
374,2,365,"LP","I"
525,4,365,"LP","I"
469,4,365,"LP","I"
498,32,365,"LP","I"
291,1,365,"LP","I"
171,1,365,"LP","I"
255,2,365,"LP","I"
181,1,365,"LP","I"
59,5,365,"LP","I"
354,2,365,"LP","I"
138,3,365,"LP","I"
231,1,365,"LP","I"
190,2,365,"LP","I"
377,2,365,"LP","I"
126,3,366,"LP","I"
270,1,366,"LP","I"
517,3,366,"LP","I"
503,25,366,"LP","I"
196,2,366,"LP","I"
209,1,366,"LP","I"
186,1,366,"LP","I"
501,24,366,"LP","I"
183,1,366,"LP","I"
500,29,366,"LP","I"
457,2,366,"LP","I"
202,1,366,"LP","I"
14,37,366,"LP","I"
231,1,366,"LP","I"
46,5,366,"LP","I"
158,1,366,"LP","I"
171,1,366,"LP","I"
259,5,366,"LP","I"
313,1,366,"LP","I"
252,1,366,"LP","I"
524,1,367,"LP","I"
45,8,367,"LP","I"
124,1,367,"LP","I"
244,2,367,"LP","I"
11,32,367,"LP","I"
143,1,367,"LP","I"
285,1,367,"LP","I"
534,4,367,"LP","I"
127,1,367,"LP","I"
284,1,367,"LP","I"
372,1,367,"LP","I"
463,1,367,"LP","I"
264,1,367,"LP","I"
301,1,367,"LP","I"
515,2,367,"LP","I"
141,1,367,"LP","I"
483,3,367,"LP","I"
222,1,367,"LP","I"
368,1,367,"LP","I"
44,23,367,"LP","I"
358,15,368,"LP","I"
361,4,368,"LP","I"
76,7,368,"LP","I"
158,1,368,"LP","I"
80,6,368,"LP","I"
255,2,368,"LP","I"
266,1,368,"LP","I"
45,8,368,"LP","I"
397,1,368,"LP","I"
396,1,368,"LP","I"
270,1,368,"LP","I"
455,3,368,"LP","I"
69,1,368,"LP","I"
123,3,368,"LP","I"
171,1,368,"LP","I"
101,2,368,"LP","I"
376,3,368,"LP","I"
318,2,368,"LP","I"
78,12,368,"LP","I"
124,1,368,"LP","I"
23,8,369,"LP","I"
471,2,369,"LP","I"
56,7,369,"LP","I"
401,1,369,"LP","I"
457,2,369,"LP","I"
166,1,369,"LP","I"
46,5,369,"LP","I"
519,2,369,"LP","I"
17,6,369,"LP","I"
51,3,369,"LP","I"
129,1,369,"LP","I"
285,1,369,"LP","I"
525,4,369,"LP","I"
496,32,369,"LP","I"
8,6,369,"LP","I"
126,3,369,"LP","I"
430,1,369,"LP","I"
197,1,369,"LP","I"
198,1,369,"LP","I"
123,3,369,"LP","I"
483,3,370,"LP","I"
522,2,370,"LP","I"
51,3,370,"LP","I"
12,11,370,"LP","I"
377,2,370,"LP","I"
23,8,370,"LP","I"
495,14,370,"LP","I"
467,4,370,"LP","I"
231,1,370,"LP","I"
128,1,370,"LP","I"
497,36,370,"LP","I"
14,37,370,"LP","I"
374,2,370,"LP","I"
36,5,370,"LP","I"
279,1,370,"LP","I"
517,3,370,"LP","I"
252,1,370,"LP","I"
91,9,370,"LP","I"
499,35,370,"LP","I"
72,9,370,"LP","I"
57,12,371,"LP","I"
317,2,371,"LP","I"
305,1,371,"LP","I"
249,2,371,"LP","I"
523,4,371,"LP","I"
247,1,371,"LP","I"
213,1,371,"LP","I"
445,11,371,"LP","I"
54,8,371,"LP","I"
522,2,371,"LP","I"
354,2,371,"LP","I"
358,15,371,"LP","I"
255,2,371,"LP","I"
144,1,371,"LP","I"
11,32,371,"LP","I"
482,3,371,"LP","I"
128,1,371,"LP","I"
284,1,371,"LP","I"
514,3,371,"LP","I"
368,1,371,"LP","I"
38,6,372,"LP","I"
430,1,372,"LP","I"
5,7,372,"LP","I"
237,1,372,"LP","I"
437,1,372,"LP","I"
354,2,372,"LP","I"
124,1,372,"LP","I"
320,1,372,"LP","I"
51,3,372,"LP","I"
101,2,372,"LP","I"
28,33,372,"LP","I"
190,2,372,"LP","I"
341,2,372,"LP","I"
372,1,372,"LP","I"
41,2,372,"LP","I"
376,3,372,"LP","I"
54,8,372,"LP","I"
276,2,372,"LP","I"
515,2,372,"LP","I"
397,1,372,"LP","I"
72,9,373,"LP","I"
45,8,373,"LP","I"
129,1,373,"LP","I"
248,1,373,"LP","I"
376,3,373,"LP","I"
500,29,373,"LP","I"
124,1,373,"LP","I"
302,2,373,"LP","I"
26,62,373,"LP","I"
51,3,373,"LP","I"
301,1,373,"LP","I"
198,1,373,"LP","I"
166,1,373,"LP","I"
101,2,373,"LP","I"
32,11,373,"LP","I"
318,2,373,"LP","I"
501,24,373,"LP","I"
181,1,373,"LP","I"
415,1,373,"LP","I"
455,3,373,"LP","I"
23,8,374,"LP","I"
522,2,374,"LP","I"
78,12,374,"LP","I"
344,1,374,"LP","I"
247,1,374,"LP","I"
378,1,374,"LP","I"
426,2,374,"LP","I"
441,1,374,"LP","I"
513,2,374,"LP","I"
69,1,374,"LP","I"
501,24,374,"LP","I"
286,1,374,"LP","I"
498,32,374,"LP","I"
372,1,374,"LP","I"
365,2,374,"LP","I"
422,3,374,"LP","I"
348,2,374,"LP","I"
203,1,374,"LP","I"
76,7,374,"LP","I"
457,2,374,"LP","I"
46,5,375,"LP","I"
504,39,375,"LP","I"
287,1,375,"LP","I"
14,37,375,"LP","I"
249,2,375,"LP","I"
343,7,375,"LP","I"
248,1,375,"LP","I"
499,35,375,"LP","I"
365,2,375,"LP","I"
101,2,375,"LP","I"
30,3,375,"LP","I"
306,1,375,"LP","I"
203,1,375,"LP","I"
171,1,375,"LP","I"
422,3,375,"LP","I"
362,1,375,"LP","I"
437,1,375,"LP","I"
426,2,375,"LP","I"
141,1,375,"LP","I"
142,1,375,"LP","I"
213,1,376,"LP","I"
483,3,376,"LP","I"
127,1,376,"LP","I"
457,2,376,"LP","I"
503,25,376,"LP","I"
306,1,376,"LP","I"
287,1,376,"LP","I"
249,2,376,"LP","I"
44,23,376,"LP","I"
7,10,376,"LP","I"
322,1,376,"LP","I"
54,8,376,"LP","I"
496,32,376,"LP","I"
343,7,376,"LP","I"
455,3,376,"LP","I"
41,2,376,"LP","I"
112,2,376,"LP","I"
144,1,376,"LP","I"
38,6,376,"LP","I"
140,1,376,"LP","I"
82,1,377,"LP","I"
142,1,377,"LP","I"
514,3,377,"LP","I"
158,1,377,"LP","I"
517,3,377,"LP","I"
86,4,377,"LP","I"
419,1,377,"LP","I"
378,1,377,"LP","I"
302,2,377,"LP","I"
186,1,377,"LP","I"
467,4,377,"LP","I"
81,2,377,"LP","I"
430,1,377,"LP","I"
196,2,377,"LP","I"
376,3,377,"LP","I"
131,1,377,"LP","I"
524,1,377,"LP","I"
143,1,377,"LP","I"
380,2,377,"LP","I"
54,8,377,"LP","I"
410,2,378,"LP","I"
81,2,378,"LP","I"
344,1,378,"LP","I"
41,2,378,"LP","I"
78,12,378,"LP","I"
499,35,378,"LP","I"
467,4,378,"LP","I"
519,2,378,"LP","I"
158,1,378,"LP","I"
255,2,378,"LP","I"
51,3,378,"LP","I"
36,5,378,"LP","I"
376,3,378,"LP","I"
504,39,378,"LP","I"
244,2,378,"LP","I"
419,1,378,"LP","I"
202,1,378,"LP","I"
46,5,378,"LP","I"
327,1,378,"LP","I"
525,4,378,"LP","I"
20,8,379,"LP","I"
26,62,379,"LP","I"
7,10,379,"LP","I"
322,1,379,"LP","I"
78,12,379,"LP","I"
426,2,379,"LP","I"
302,2,379,"LP","I"
144,1,379,"LP","I"
56,7,379,"LP","I"
276,2,379,"LP","I"
483,3,379,"LP","I"
522,2,379,"LP","I"
314,1,379,"LP","I"
228,1,379,"LP","I"
457,2,379,"LP","I"
80,6,379,"LP","I"
464,1,379,"LP","I"
48,6,379,"LP","I"
128,1,379,"LP","I"
77,20,379,"LP","I"
248,1,380,"LP","I"
540,3,380,"LP","I"
415,1,380,"LP","I"
421,4,380,"LP","I"
483,3,380,"LP","I"
179,7,380,"LP","I"
349,1,380,"LP","I"
389,2,380,"LP","I"
8,6,380,"LP","I"
5,7,380,"LP","I"
519,2,380,"LP","I"
222,1,380,"LP","I"
12,11,380,"LP","I"
306,1,380,"LP","I"
508,19,380,"LP","I"
358,15,380,"LP","I"
171,1,380,"LP","I"
264,1,380,"LP","I"
282,1,380,"LP","I"
105,1,380,"LP","I"
59,5,381,"LP","I"
47,11,381,"LP","I"
497,36,381,"LP","I"
516,3,381,"LP","I"
236,1,381,"LP","I"
361,4,381,"LP","I"
524,1,381,"LP","I"
282,1,381,"LP","I"
349,1,381,"LP","I"
164,4,381,"LP","I"
51,3,381,"LP","I"
486,3,381,"LP","I"
143,1,381,"LP","I"
30,3,381,"LP","I"
82,1,381,"LP","I"
56,7,381,"LP","I"
5,7,381,"LP","I"
308,1,381,"LP","I"
425,4,381,"LP","I"
209,1,381,"LP","I"
5,7,382,"LP","I"
504,39,382,"LP","I"
105,1,382,"LP","I"
484,2,382,"LP","I"
470,4,382,"LP","I"
284,1,382,"LP","I"
422,3,382,"LP","I"
39,1,382,"LP","I"
141,1,382,"LP","I"
11,32,382,"LP","I"
496,32,382,"LP","I"
497,36,382,"LP","I"
430,1,382,"LP","I"
508,19,382,"LP","I"
322,1,382,"LP","I"
198,1,382,"LP","I"
344,1,382,"LP","I"
437,1,382,"LP","I"
378,1,382,"LP","I"
534,4,382,"LP","I"
483,3,383,"LP","I"
76,7,383,"LP","I"
302,2,383,"LP","I"
317,2,383,"LP","I"
244,2,383,"LP","I"
363,1,383,"LP","I"
203,1,383,"LP","I"
322,1,383,"LP","I"
127,1,383,"LP","I"
59,5,383,"LP","I"
44,23,383,"LP","I"
499,35,383,"LP","I"
30,3,383,"LP","I"
435,3,383,"LP","I"
369,1,383,"LP","I"
305,1,383,"LP","I"
343,7,383,"LP","I"
16,8,383,"LP","I"
357,1,383,"LP","I"
496,32,383,"LP","I"
421,4,384,"LP","I"
501,24,384,"LP","I"
318,2,384,"LP","I"
82,1,384,"LP","I"
426,2,384,"LP","I"
166,1,384,"LP","I"
455,3,384,"LP","I"
516,3,384,"LP","I"
80,6,384,"LP","I"
126,3,384,"LP","I"
7,10,384,"LP","I"
46,5,384,"LP","I"
12,11,384,"LP","I"
124,1,384,"LP","I"
17,6,384,"LP","I"
522,2,384,"LP","I"
279,1,384,"LP","I"
540,3,384,"LP","I"
495,14,384,"LP","I"
308,1,384,"LP","I"
12,11,385,"LP","I"
138,3,385,"LP","I"
337,2,385,"LP","I"
197,1,385,"LP","I"
20,8,385,"LP","I"
127,1,385,"LP","I"
284,1,385,"LP","I"
209,1,385,"LP","I"
349,1,385,"LP","I"
351,2,385,"LP","I"
143,1,385,"LP","I"
439,1,385,"LP","I"
437,1,385,"LP","I"
417,1,385,"LP","I"
80,6,385,"LP","I"
144,1,385,"LP","I"
343,7,385,"LP","I"
303,4,385,"LP","I"
374,2,385,"LP","I"
196,2,385,"LP","I"
8,6,386,"LP","I"
467,4,386,"LP","I"
259,5,386,"LP","I"
51,3,386,"LP","I"
376,3,386,"LP","I"
209,1,386,"LP","I"
306,1,386,"LP","I"
358,15,386,"LP","I"
190,2,386,"LP","I"
20,8,386,"LP","I"
501,24,386,"LP","I"
302,2,386,"LP","I"
357,1,386,"LP","I"
142,1,386,"LP","I"
166,1,386,"LP","I"
285,1,386,"LP","I"
105,1,386,"LP","I"
170,1,386,"LP","I"
540,3,386,"LP","I"
417,1,386,"LP","I"
363,1,387,"LP","I"
264,1,387,"LP","I"
482,3,387,"LP","I"
17,6,387,"LP","I"
127,1,387,"LP","I"
302,2,387,"LP","I"
397,1,387,"LP","I"
231,1,387,"LP","I"
158,1,387,"LP","I"
357,1,387,"LP","I"
401,1,387,"LP","I"
105,1,387,"LP","I"
514,3,387,"LP","I"
286,1,387,"LP","I"
66,1,387,"LP","I"
326,1,387,"LP","I"
173,1,387,"LP","I"
523,4,387,"LP","I"
14,37,387,"LP","I"
282,1,387,"LP","I"
244,2,388,"LP","I"
501,24,388,"LP","I"
66,1,388,"LP","I"
496,32,388,"LP","I"
457,2,388,"LP","I"
464,1,388,"LP","I"
69,1,388,"LP","I"
441,1,388,"LP","I"
458,1,388,"LP","I"
45,8,388,"LP","I"
166,1,388,"LP","I"
197,1,388,"LP","I"
508,19,388,"LP","I"
378,1,388,"LP","I"
344,1,388,"LP","I"
433,2,388,"LP","I"
421,4,388,"LP","I"
266,1,388,"LP","I"
46,5,388,"LP","I"
237,1,388,"LP","I"
247,1,389,"LP","I"
284,1,389,"LP","I"
376,3,389,"LP","I"
166,1,389,"LP","I"
8,6,389,"LP","I"
278,1,389,"LP","I"
56,7,389,"LP","I"
496,32,389,"LP","I"
308,1,389,"LP","I"
327,1,389,"LP","I"
179,7,389,"LP","I"
279,1,389,"LP","I"
302,2,389,"LP","I"
425,4,389,"LP","I"
142,1,389,"LP","I"
48,6,389,"LP","I"
470,4,389,"LP","I"
455,3,389,"LP","I"
60,5,389,"LP","I"
378,1,389,"LP","I"
470,4,390,"LP","I"
8,6,390,"LP","I"
170,1,390,"LP","I"
513,2,390,"LP","I"
519,2,390,"LP","I"
305,1,390,"LP","I"
504,39,390,"LP","I"
72,9,390,"LP","I"
426,2,390,"LP","I"
51,3,390,"LP","I"
445,11,390,"LP","I"
421,4,390,"LP","I"
291,1,390,"LP","I"
38,6,390,"LP","I"
45,8,390,"LP","I"
326,1,390,"LP","I"
57,12,390,"LP","I"
62,8,390,"LP","I"
36,5,390,"LP","I"
495,14,390,"LP","I"
301,1,391,"LP","I"
190,2,391,"LP","I"
197,1,391,"LP","I"
377,2,391,"LP","I"
26,62,391,"LP","I"
86,4,391,"LP","I"
45,8,391,"LP","I"
142,1,391,"LP","I"
417,1,391,"LP","I"
249,2,391,"LP","I"
270,1,391,"LP","I"
322,1,391,"LP","I"
44,23,391,"LP","I"
33,13,391,"LP","I"
39,1,391,"LP","I"
381,2,391,"LP","I"
419,1,391,"LP","I"
101,2,391,"LP","I"
54,8,391,"LP","I"
285,1,391,"LP","I"
374,2,392,"LP","I"
248,1,392,"LP","I"
181,1,392,"LP","I"
91,9,392,"LP","I"
381,2,392,"LP","I"
67,11,392,"LP","I"
540,3,392,"LP","I"
171,1,392,"LP","I"
140,1,392,"LP","I"
231,1,392,"LP","I"
522,2,392,"LP","I"
486,3,392,"LP","I"
376,3,392,"LP","I"
348,2,392,"LP","I"
69,1,392,"LP","I"
508,19,392,"LP","I"
142,1,392,"LP","I"
304,1,392,"LP","I"
362,1,392,"LP","I"
519,2,392,"LP","I"
390,1,393,"LP","I"
500,29,393,"LP","I"
463,1,393,"LP","I"
64,15,393,"LP","I"
357,1,393,"LP","I"
158,1,393,"LP","I"
143,1,393,"LP","I"
354,2,393,"LP","I"
410,2,393,"LP","I"
397,1,393,"LP","I"
13,3,393,"LP","I"
72,9,393,"LP","I"
285,1,393,"LP","I"
540,3,393,"LP","I"
525,4,393,"LP","I"
370,1,393,"LP","I"
7,10,393,"LP","I"
33,13,393,"LP","I"
496,32,393,"LP","I"
24,5,393,"LP","I"
440,1,394,"LP","I"
439,1,394,"LP","I"
357,1,394,"LP","I"
299,1,394,"LP","I"
173,1,394,"LP","I"
438,7,394,"LP","I"
497,36,394,"LP","I"
374,2,394,"LP","I"
255,2,394,"LP","I"
441,1,394,"LP","I"
138,3,394,"LP","I"
202,1,394,"LP","I"
132,1,394,"LP","I"
303,4,394,"LP","I"
59,5,394,"LP","I"
483,3,394,"LP","I"
250,1,394,"LP","I"
248,1,394,"LP","I"
422,3,394,"LP","I"
287,1,394,"LP","I"
244,2,395,"LP","I"
170,1,395,"LP","I"
255,2,395,"LP","I"
16,8,395,"LP","I"
112,2,395,"LP","I"
299,1,395,"LP","I"
171,1,395,"LP","I"
441,1,395,"LP","I"
181,1,395,"LP","I"
390,1,395,"LP","I"
358,15,395,"LP","I"
341,2,395,"LP","I"
284,1,395,"LP","I"
32,11,395,"LP","I"
439,1,395,"LP","I"
394,1,395,"LP","I"
228,1,395,"LP","I"
430,1,395,"LP","I"
142,1,395,"LP","I"
285,1,395,"LP","I"
301,1,396,"LP","I"
437,1,396,"LP","I"
123,3,396,"LP","I"
514,3,396,"LP","I"
196,2,396,"LP","I"
186,1,396,"LP","I"
166,1,396,"LP","I"
505,16,396,"LP","I"
32,11,396,"LP","I"
438,7,396,"LP","I"
322,1,396,"LP","I"
248,1,396,"LP","I"
341,2,396,"LP","I"
77,20,396,"LP","I"
56,7,396,"LP","I"
503,25,396,"LP","I"
357,1,396,"LP","I"
439,1,396,"LP","I"
278,1,396,"LP","I"
433,2,396,"LP","I"
126,3,397,"LP","I"
213,1,397,"LP","I"
5,7,397,"LP","I"
198,1,397,"LP","I"
62,8,397,"LP","I"
138,3,397,"LP","I"
430,1,397,"LP","I"
248,1,397,"LP","I"
128,1,397,"LP","I"
13,3,397,"LP","I"
186,1,397,"LP","I"
24,5,397,"LP","I"
378,1,397,"LP","I"
113,1,397,"LP","I"
377,2,397,"LP","I"
495,14,397,"LP","I"
445,11,397,"LP","I"
91,9,397,"LP","I"
394,1,397,"LP","I"
287,1,397,"LP","I"
250,1,398,"LP","I"
378,1,398,"LP","I"
513,2,398,"LP","I"
81,2,398,"LP","I"
308,1,398,"LP","I"
183,1,398,"LP","I"
173,1,398,"LP","I"
13,3,398,"LP","I"
138,3,398,"LP","I"
367,2,398,"LP","I"
467,4,398,"LP","I"
113,1,398,"LP","I"
141,1,398,"LP","I"
72,9,398,"LP","I"
354,2,398,"LP","I"
358,15,398,"LP","I"
276,2,398,"LP","I"
483,3,398,"LP","I"
496,32,398,"LP","I"
164,4,398,"LP","I"
202,1,399,"LP","I"
190,2,399,"LP","I"
519,2,399,"LP","I"
469,4,399,"LP","I"
438,7,399,"LP","I"
282,1,399,"LP","I"
320,1,399,"LP","I"
41,2,399,"LP","I"
82,1,399,"LP","I"
500,29,399,"LP","I"
337,2,399,"LP","I"
370,1,399,"LP","I"
77,20,399,"LP","I"
457,2,399,"LP","I"
284,1,399,"LP","I"
164,4,399,"LP","I"
326,1,399,"LP","I"
57,12,399,"LP","I"
56,7,399,"LP","I"
301,1,399,"LP","I"
67,11,400,"LP","I"
469,4,400,"LP","I"
112,2,400,"LP","I"
224,1,400,"LP","I"
287,1,400,"LP","I"
354,2,400,"LP","I"
470,4,400,"LP","I"
8,6,400,"LP","I"
164,4,400,"LP","I"
140,1,400,"LP","I"
123,3,400,"LP","I"
302,2,400,"LP","I"
374,2,400,"LP","I"
524,1,400,"LP","I"
138,3,400,"LP","I"
248,1,400,"LP","I"
23,8,400,"LP","I"
129,1,400,"LP","I"
318,2,400,"LP","I"
196,2,400,"LP","I"
33,13,401,"LP","I"
47,11,401,"LP","I"
78,12,401,"LP","I"
525,4,401,"LP","I"
129,1,401,"LP","I"
337,2,401,"LP","I"
426,2,401,"LP","I"
401,1,401,"LP","I"
306,1,401,"LP","I"
61,39,401,"LP","I"
517,3,401,"LP","I"
158,1,401,"LP","I"
183,1,401,"LP","I"
469,4,401,"LP","I"
166,1,401,"LP","I"
447,3,401,"LP","I"
197,1,401,"LP","I"
363,1,401,"LP","I"
358,15,401,"LP","I"
465,1,401,"LP","I"
36,5,402,"LP","I"
354,2,402,"LP","I"
302,2,402,"LP","I"
304,1,402,"LP","I"
72,9,402,"LP","I"
534,4,402,"LP","I"
66,1,402,"LP","I"
202,1,402,"LP","I"
301,1,402,"LP","I"
82,1,402,"LP","I"
363,1,402,"LP","I"
445,11,402,"LP","I"
232,3,402,"LP","I"
513,2,402,"LP","I"
39,1,402,"LP","I"
516,3,402,"LP","I"
105,1,402,"LP","I"
213,1,402,"LP","I"
291,1,402,"LP","I"
60,5,402,"LP","I"
213,1,403,"LP","I"
435,3,403,"LP","I"
525,4,403,"LP","I"
372,1,403,"LP","I"
129,1,403,"LP","I"
252,1,403,"LP","I"
20,8,403,"LP","I"
513,2,403,"LP","I"
301,1,403,"LP","I"
8,6,403,"LP","I"
422,3,403,"LP","I"
361,4,403,"LP","I"
39,1,403,"LP","I"
80,6,403,"LP","I"
247,1,403,"LP","I"
313,1,403,"LP","I"
390,1,403,"LP","I"
142,1,403,"LP","I"
457,2,403,"LP","I"
495,14,403,"LP","I"
51,3,404,"LP","I"
222,1,404,"LP","I"
368,1,404,"LP","I"
514,3,404,"LP","I"
158,1,404,"LP","I"
30,3,404,"LP","I"
123,3,404,"LP","I"
458,1,404,"LP","I"
447,3,404,"LP","I"
337,2,404,"LP","I"
7,10,404,"LP","I"
419,1,404,"LP","I"
495,14,404,"LP","I"
303,4,404,"LP","I"
112,2,404,"LP","I"
401,1,404,"LP","I"
354,2,404,"LP","I"
249,2,404,"LP","I"
523,4,404,"LP","I"
202,1,404,"LP","I"
501,24,405,"LP","I"
396,1,405,"LP","I"
231,1,405,"LP","I"
317,2,405,"LP","I"
304,1,405,"LP","I"
198,1,405,"LP","I"
286,1,405,"LP","I"
285,1,405,"LP","I"
363,1,405,"LP","I"
44,23,405,"LP","I"
270,1,405,"LP","I"
66,1,405,"LP","I"
499,35,405,"LP","I"
435,3,405,"LP","I"
279,1,405,"LP","I"
469,4,405,"LP","I"
143,1,405,"LP","I"
463,1,405,"LP","I"
358,15,405,"LP","I"
394,1,405,"LP","I"
516,3,406,"LP","I"
61,39,406,"LP","I"
123,3,406,"LP","I"
291,1,406,"LP","I"
397,1,406,"LP","I"
354,2,406,"LP","I"
48,6,406,"LP","I"
390,1,406,"LP","I"
419,1,406,"LP","I"
140,1,406,"LP","I"
496,32,406,"LP","I"
394,1,406,"LP","I"
5,7,406,"LP","I"
343,7,406,"LP","I"
438,7,406,"LP","I"
306,1,406,"LP","I"
381,2,406,"LP","I"
495,14,406,"LP","I"
270,1,406,"LP","I"
433,2,406,"LP","I"
299,1,407,"LP","I"
138,3,407,"LP","I"
132,1,407,"LP","I"
209,1,407,"LP","I"
250,1,407,"LP","I"
455,3,407,"LP","I"
495,14,407,"LP","I"
439,1,407,"LP","I"
497,36,407,"LP","I"
435,3,407,"LP","I"
64,15,407,"LP","I"
20,8,407,"LP","I"
522,2,407,"LP","I"
7,10,407,"LP","I"
166,1,407,"LP","I"
183,1,407,"LP","I"
322,1,407,"LP","I"
101,2,407,"LP","I"
82,1,407,"LP","I"
401,1,407,"LP","I"
516,3,408,"LP","I"
264,1,408,"LP","I"
505,16,408,"LP","I"
367,2,408,"LP","I"
57,12,408,"LP","I"
522,2,408,"LP","I"
534,4,408,"LP","I"
46,5,408,"LP","I"
435,3,408,"LP","I"
231,1,408,"LP","I"
471,2,408,"LP","I"
5,7,408,"LP","I"
286,1,408,"LP","I"
314,1,408,"LP","I"
198,1,408,"LP","I"
344,1,408,"LP","I"
515,2,408,"LP","I"
469,4,408,"LP","I"
370,1,408,"LP","I"
301,1,408,"LP","I"
282,1,409,"LP","I"
394,1,409,"LP","I"
23,8,409,"LP","I"
124,1,409,"LP","I"
276,2,409,"LP","I"
358,15,409,"LP","I"
380,2,409,"LP","I"
540,3,409,"LP","I"
354,2,409,"LP","I"
112,2,409,"LP","I"
14,37,409,"LP","I"
4,11,409,"LP","I"
69,1,409,"LP","I"
46,5,409,"LP","I"
126,3,409,"LP","I"
144,1,409,"LP","I"
82,1,409,"LP","I"
60,5,409,"LP","I"
196,2,409,"LP","I"
439,1,409,"LP","I"
455,3,410,"LP","I"
363,1,410,"LP","I"
105,1,410,"LP","I"
69,1,410,"LP","I"
365,2,410,"LP","I"
132,1,410,"LP","I"
501,24,410,"LP","I"
47,11,410,"LP","I"
502,22,410,"LP","I"
183,1,410,"LP","I"
470,4,410,"LP","I"
143,1,410,"LP","I"
308,1,410,"LP","I"
62,8,410,"LP","I"
144,1,410,"LP","I"
523,4,410,"LP","I"
445,11,410,"LP","I"
482,3,410,"LP","I"
540,3,410,"LP","I"
378,1,410,"LP","I"
534,4,411,"LP","I"
61,39,411,"LP","I"
24,5,411,"LP","I"
59,5,411,"LP","I"
249,2,411,"LP","I"
343,7,411,"LP","I"
179,7,411,"LP","I"
357,1,411,"LP","I"
222,1,411,"LP","I"
380,2,411,"LP","I"
430,1,411,"LP","I"
123,3,411,"LP","I"
464,1,411,"LP","I"
437,1,411,"LP","I"
17,6,411,"LP","I"
349,1,411,"LP","I"
341,2,411,"LP","I"
69,1,411,"LP","I"
348,2,411,"LP","I"
318,2,411,"LP","I"
264,1,412,"LP","I"
183,1,412,"LP","I"
483,3,412,"LP","I"
348,2,412,"LP","I"
426,2,412,"LP","I"
222,1,412,"LP","I"
255,2,412,"LP","I"
193,1,412,"LP","I"
81,2,412,"LP","I"
48,6,412,"LP","I"
303,4,412,"LP","I"
376,3,412,"LP","I"
415,1,412,"LP","I"
112,2,412,"LP","I"
497,36,412,"LP","I"
514,3,412,"LP","I"
439,1,412,"LP","I"
441,1,412,"LP","I"
202,1,412,"LP","I"
457,2,412,"LP","I"
367,2,413,"LP","I"
421,4,413,"LP","I"
370,1,413,"LP","I"
38,6,413,"LP","I"
396,1,413,"LP","I"
525,4,413,"LP","I"
457,2,413,"LP","I"
183,1,413,"LP","I"
415,1,413,"LP","I"
501,24,413,"LP","I"
67,11,413,"LP","I"
516,3,413,"LP","I"
458,1,413,"LP","I"
266,1,413,"LP","I"
372,1,413,"LP","I"
128,1,413,"LP","I"
231,1,413,"LP","I"
483,3,413,"LP","I"
514,3,413,"LP","I"
171,1,413,"LP","I"
190,2,414,"LP","I"
64,15,414,"LP","I"
127,1,414,"LP","I"
144,1,414,"LP","I"
56,7,414,"LP","I"
380,2,414,"LP","I"
394,1,414,"LP","I"
390,1,414,"LP","I"
471,2,414,"LP","I"
59,5,414,"LP","I"
13,3,414,"LP","I"
524,1,414,"LP","I"
397,1,414,"LP","I"
128,1,414,"LP","I"
505,16,414,"LP","I"
259,5,414,"LP","I"
16,8,414,"LP","I"
525,4,414,"LP","I"
45,8,414,"LP","I"
24,5,414,"LP","I"
495,14,415,"LP","I"
129,1,415,"LP","I"
13,3,415,"LP","I"
447,3,415,"LP","I"
505,16,415,"LP","I"
48,6,415,"LP","I"
51,3,415,"LP","I"
419,1,415,"LP","I"
502,22,415,"LP","I"
41,2,415,"LP","I"
465,1,415,"LP","I"
284,1,415,"LP","I"
500,29,415,"LP","I"
66,1,415,"LP","I"
313,1,415,"LP","I"
30,3,415,"LP","I"
64,15,415,"LP","I"
78,12,415,"LP","I"
503,25,415,"LP","I"
264,1,415,"LP","I"
378,1,416,"LP","I"
426,2,416,"LP","I"
5,7,416,"LP","I"
422,3,416,"LP","I"
522,2,416,"LP","I"
369,1,416,"LP","I"
250,1,416,"LP","I"
198,1,416,"LP","I"
186,1,416,"LP","I"
170,1,416,"LP","I"
54,8,416,"LP","I"
61,39,416,"LP","I"
127,1,416,"LP","I"
12,11,416,"LP","I"
440,1,416,"LP","I"
314,1,416,"LP","I"
276,2,416,"LP","I"
17,6,416,"LP","I"
363,1,416,"LP","I"
140,1,416,"LP","I"
425,4,417,"LP","I"
369,1,417,"LP","I"
66,1,417,"LP","I"
20,8,417,"LP","I"
465,1,417,"LP","I"
4,11,417,"LP","I"
348,2,417,"LP","I"
270,1,417,"LP","I"
501,24,417,"LP","I"
523,4,417,"LP","I"
82,1,417,"LP","I"
248,1,417,"LP","I"
72,9,417,"LP","I"
482,3,417,"LP","I"
522,2,417,"LP","I"
202,1,417,"LP","I"
203,1,417,"LP","I"
500,29,417,"LP","I"
57,12,417,"LP","I"
516,3,417,"LP","I"
5,7,418,"LP","I"
166,1,418,"LP","I"
302,2,418,"LP","I"
301,1,418,"LP","I"
401,1,418,"LP","I"
223,1,418,"LP","I"
86,4,418,"LP","I"
101,2,418,"LP","I"
348,2,418,"LP","I"
250,1,418,"LP","I"
131,1,418,"LP","I"
422,3,418,"LP","I"
222,1,418,"LP","I"
266,1,418,"LP","I"
14,37,418,"LP","I"
417,1,418,"LP","I"
141,1,418,"LP","I"
322,1,418,"LP","I"
515,2,418,"LP","I"
433,2,418,"LP","I"
38,6,419,"LP","I"
438,7,419,"LP","I"
419,1,419,"LP","I"
304,1,419,"LP","I"
369,1,419,"LP","I"
430,1,419,"LP","I"
45,8,419,"LP","I"
198,1,419,"LP","I"
4,11,419,"LP","I"
374,2,419,"LP","I"
351,2,419,"LP","I"
59,5,419,"LP","I"
202,1,419,"LP","I"
193,1,419,"LP","I"
278,1,419,"LP","I"
464,1,419,"LP","I"
437,1,419,"LP","I"
322,1,419,"LP","I"
237,1,419,"LP","I"
51,3,419,"LP","I"
228,1,420,"LP","I"
8,6,420,"LP","I"
439,1,420,"LP","I"
249,2,420,"LP","I"
470,4,420,"LP","I"
129,1,420,"LP","I"
76,7,420,"LP","I"
183,1,420,"LP","I"
397,1,420,"LP","I"
276,2,420,"LP","I"
203,1,420,"LP","I"
264,1,420,"LP","I"
390,1,420,"LP","I"
378,1,420,"LP","I"
515,2,420,"LP","I"
469,4,420,"LP","I"
369,1,420,"LP","I"
422,3,420,"LP","I"
523,4,420,"LP","I"
179,7,420,"LP","I"
113,1,421,"LP","I"
349,1,421,"LP","I"
417,1,421,"LP","I"
314,1,421,"LP","I"
16,8,421,"LP","I"
231,1,421,"LP","I"
457,2,421,"LP","I"
77,20,421,"LP","I"
363,1,421,"LP","I"
368,1,421,"LP","I"
144,1,421,"LP","I"
48,6,421,"LP","I"
381,2,421,"LP","I"
433,2,421,"LP","I"
514,3,421,"LP","I"
26,62,421,"LP","I"
445,11,421,"LP","I"
303,4,421,"LP","I"
11,32,421,"LP","I"
62,8,421,"LP","I"
501,24,422,"LP","I"
421,4,422,"LP","I"
279,1,422,"LP","I"
67,11,422,"LP","I"
299,1,422,"LP","I"
285,1,422,"LP","I"
377,2,422,"LP","I"
60,5,422,"LP","I"
426,2,422,"LP","I"
522,2,422,"LP","I"
540,3,422,"LP","I"
447,3,422,"LP","I"
20,8,422,"LP","I"
232,3,422,"LP","I"
7,10,422,"LP","I"
397,1,422,"LP","I"
16,8,422,"LP","I"
417,1,422,"LP","I"
502,22,422,"LP","I"
519,2,422,"LP","I"
304,1,423,"LP","I"
228,1,423,"LP","I"
396,1,423,"LP","I"
499,35,423,"LP","I"
447,3,423,"LP","I"
378,1,423,"LP","I"
51,3,423,"LP","I"
247,1,423,"LP","I"
351,2,423,"LP","I"
259,5,423,"LP","I"
44,23,423,"LP","I"
467,4,423,"LP","I"
522,2,423,"LP","I"
112,2,423,"LP","I"
237,1,423,"LP","I"
183,1,423,"LP","I"
282,1,423,"LP","I"
4,11,423,"LP","I"
138,3,423,"LP","I"
236,1,423,"LP","I"
198,1,424,"LP","I"
389,2,424,"LP","I"
499,35,424,"LP","I"
484,2,424,"LP","I"
517,3,424,"LP","I"
465,1,424,"LP","I"
24,5,424,"LP","I"
91,9,424,"LP","I"
374,2,424,"LP","I"
129,1,424,"LP","I"
32,11,424,"LP","I"
438,7,424,"LP","I"
30,3,424,"LP","I"
64,15,424,"LP","I"
209,1,424,"LP","I"
51,3,424,"LP","I"
284,1,424,"LP","I"
266,1,424,"LP","I"
396,1,424,"LP","I"
285,1,424,"LP","I"
344,1,425,"LP","I"
244,2,425,"LP","I"
390,1,425,"LP","I"
61,39,425,"LP","I"
513,2,425,"LP","I"
482,3,425,"LP","I"
4,11,425,"LP","I"
24,5,425,"LP","I"
164,4,425,"LP","I"
39,1,425,"LP","I"
376,3,425,"LP","I"
276,2,425,"LP","I"
426,2,425,"LP","I"
142,1,425,"LP","I"
369,1,425,"LP","I"
322,1,425,"LP","I"
515,2,425,"LP","I"
469,4,425,"LP","I"
11,32,425,"LP","I"
124,1,425,"LP","I"
223,1,426,"LP","I"
140,1,426,"LP","I"
441,1,426,"LP","I"
24,5,426,"LP","I"
56,7,426,"LP","I"
419,1,426,"LP","I"
170,1,426,"LP","I"
17,6,426,"LP","I"
351,2,426,"LP","I"
4,11,426,"LP","I"
306,1,426,"LP","I"
252,1,426,"LP","I"
36,5,426,"LP","I"
500,29,426,"LP","I"
278,1,426,"LP","I"
8,6,426,"LP","I"
39,1,426,"LP","I"
249,2,426,"LP","I"
72,9,426,"LP","I"
5,7,426,"LP","I"
183,1,427,"LP","I"
105,1,427,"LP","I"
60,5,427,"LP","I"
368,1,427,"LP","I"
11,32,427,"LP","I"
314,1,427,"LP","I"
8,6,427,"LP","I"
56,7,427,"LP","I"
523,4,427,"LP","I"
286,1,427,"LP","I"
389,2,427,"LP","I"
483,3,427,"LP","I"
327,1,427,"LP","I"
270,1,427,"LP","I"
318,2,427,"LP","I"
500,29,427,"LP","I"
7,10,427,"LP","I"
470,4,427,"LP","I"
276,2,427,"LP","I"
76,7,427,"LP","I"
69,1,428,"LP","I"
389,2,428,"LP","I"
421,4,428,"LP","I"
232,3,428,"LP","I"
426,2,428,"LP","I"
368,1,428,"LP","I"
76,7,428,"LP","I"
365,2,428,"LP","I"
255,2,428,"LP","I"
435,3,428,"LP","I"
464,1,428,"LP","I"
439,1,428,"LP","I"
433,2,428,"LP","I"
197,1,428,"LP","I"
82,1,428,"LP","I"
341,2,428,"LP","I"
470,4,428,"LP","I"
422,3,428,"LP","I"
158,1,428,"LP","I"
495,14,428,"LP","I"
381,2,429,"LP","I"
534,4,429,"LP","I"
91,9,429,"LP","I"
158,1,429,"LP","I"
514,3,429,"LP","I"
502,22,429,"LP","I"
343,7,429,"LP","I"
270,1,429,"LP","I"
82,1,429,"LP","I"
56,7,429,"LP","I"
183,1,429,"LP","I"
198,1,429,"LP","I"
13,3,429,"LP","I"
131,1,429,"LP","I"
314,1,429,"LP","I"
287,1,429,"LP","I"
433,2,429,"LP","I"
224,1,429,"LP","I"
26,62,429,"LP","I"
372,1,429,"LP","I"
259,5,430,"LP","I"
129,1,430,"LP","I"
327,1,430,"LP","I"
306,1,430,"LP","I"
397,1,430,"LP","I"
299,1,430,"LP","I"
14,37,430,"LP","I"
374,2,430,"LP","I"
249,2,430,"LP","I"
66,1,430,"LP","I"
82,1,430,"LP","I"
438,7,430,"LP","I"
322,1,430,"LP","I"
369,1,430,"LP","I"
415,1,430,"LP","I"
349,1,430,"LP","I"
303,4,430,"LP","I"
28,33,430,"LP","I"
501,24,430,"LP","I"
370,1,430,"LP","I"
516,3,431,"LP","I"
495,14,431,"LP","I"
482,3,431,"LP","I"
77,20,431,"LP","I"
231,1,431,"LP","I"
62,8,431,"LP","I"
426,2,431,"LP","I"
142,1,431,"LP","I"
36,5,431,"LP","I"
138,3,431,"LP","I"
20,8,431,"LP","I"
252,1,431,"LP","I"
202,1,431,"LP","I"
457,2,431,"LP","I"
417,1,431,"LP","I"
540,3,431,"LP","I"
228,1,431,"LP","I"
502,22,431,"LP","I"
41,2,431,"LP","I"
286,1,431,"LP","I"
484,2,432,"LP","I"
132,1,432,"LP","I"
144,1,432,"LP","I"
54,8,432,"LP","I"
279,1,432,"LP","I"
514,3,432,"LP","I"
284,1,432,"LP","I"
341,2,432,"LP","I"
286,1,432,"LP","I"
193,1,432,"LP","I"
534,4,432,"LP","I"
264,1,432,"LP","I"
498,32,432,"LP","I"
349,1,432,"LP","I"
67,11,432,"LP","I"
28,33,432,"LP","I"
389,2,432,"LP","I"
401,1,432,"LP","I"
81,2,432,"LP","I"
415,1,432,"LP","I"
11,32,433,"LP","I"
464,1,433,"LP","I"
82,1,433,"LP","I"
505,16,433,"LP","I"
67,11,433,"LP","I"
284,1,433,"LP","I"
231,1,433,"LP","I"
138,3,433,"LP","I"
47,11,433,"LP","I"
361,4,433,"LP","I"
390,1,433,"LP","I"
301,1,433,"LP","I"
306,1,433,"LP","I"
198,1,433,"LP","I"
186,1,433,"LP","I"
378,1,433,"LP","I"
397,1,433,"LP","I"
396,1,433,"LP","I"
362,1,433,"LP","I"
440,1,433,"LP","I"
501,24,434,"LP","I"
209,1,434,"LP","I"
252,1,434,"LP","I"
279,1,434,"LP","I"
41,2,434,"LP","I"
141,1,434,"LP","I"
101,2,434,"LP","I"
81,2,434,"LP","I"
249,2,434,"LP","I"
236,1,434,"LP","I"
198,1,434,"LP","I"
259,5,434,"LP","I"
76,7,434,"LP","I"
515,2,434,"LP","I"
374,2,434,"LP","I"
266,1,434,"LP","I"
326,1,434,"LP","I"
497,36,434,"LP","I"
377,2,434,"LP","I"
47,11,434,"LP","I"
16,8,435,"LP","I"
44,23,435,"LP","I"
455,3,435,"LP","I"
138,3,435,"LP","I"
396,1,435,"LP","I"
349,1,435,"LP","I"
86,4,435,"LP","I"
51,3,435,"LP","I"
190,2,435,"LP","I"
534,4,435,"LP","I"
368,1,435,"LP","I"
372,1,435,"LP","I"
14,37,435,"LP","I"
362,1,435,"LP","I"
11,32,435,"LP","I"
39,1,435,"LP","I"
348,2,435,"LP","I"
365,2,435,"LP","I"
438,7,435,"LP","I"
484,2,435,"LP","I"
372,1,436,"LP","I"
224,1,436,"LP","I"
270,1,436,"LP","I"
47,11,436,"LP","I"
80,6,436,"LP","I"
11,32,436,"LP","I"
32,11,436,"LP","I"
496,32,436,"LP","I"
39,1,436,"LP","I"
349,1,436,"LP","I"
351,2,436,"LP","I"
264,1,436,"LP","I"
337,2,436,"LP","I"
4,11,436,"LP","I"
30,3,436,"LP","I"
69,1,436,"LP","I"
524,1,436,"LP","I"
471,2,436,"LP","I"
38,6,436,"LP","I"
101,2,436,"LP","I"
348,2,437,"LP","I"
16,8,437,"LP","I"
278,1,437,"LP","I"
183,1,437,"LP","I"
80,6,437,"LP","I"
367,2,437,"LP","I"
397,1,437,"LP","I"
525,4,437,"LP","I"
236,1,437,"LP","I"
439,1,437,"LP","I"
196,2,437,"LP","I"
504,39,437,"LP","I"
190,2,437,"LP","I"
438,7,437,"LP","I"
112,2,437,"LP","I"
380,2,437,"LP","I"
78,12,437,"LP","I"
252,1,437,"LP","I"
363,1,437,"LP","I"
482,3,437,"LP","I"
365,2,438,"LP","I"
426,2,438,"LP","I"
66,1,438,"LP","I"
44,23,438,"LP","I"
7,10,438,"LP","I"
438,7,438,"LP","I"
376,3,438,"LP","I"
190,2,438,"LP","I"
82,1,438,"LP","I"
224,1,438,"LP","I"
318,2,438,"LP","I"
36,5,438,"LP","I"
287,1,438,"LP","I"
469,4,438,"LP","I"
14,37,438,"LP","I"
264,1,438,"LP","I"
181,1,438,"LP","I"
129,1,438,"LP","I"
291,1,438,"LP","I"
16,8,438,"LP","I"
368,1,439,"LP","I"
143,1,439,"LP","I"
64,15,439,"LP","I"
372,1,439,"LP","I"
77,20,439,"LP","I"
144,1,439,"LP","I"
244,2,439,"LP","I"
422,3,439,"LP","I"
504,39,439,"LP","I"
131,1,439,"LP","I"
45,8,439,"LP","I"
500,29,439,"LP","I"
202,1,439,"LP","I"
467,4,439,"LP","I"
358,15,439,"LP","I"
80,6,439,"LP","I"
140,1,439,"LP","I"
522,2,439,"LP","I"
76,7,439,"LP","I"
318,2,439,"LP","I"
237,1,440,"LP","I"
247,1,440,"LP","I"
368,1,440,"LP","I"
77,20,440,"LP","I"
19,11,440,"LP","I"
421,4,440,"LP","I"
495,14,440,"LP","I"
72,9,440,"LP","I"
433,2,440,"LP","I"
463,1,440,"LP","I"
39,1,440,"LP","I"
482,3,440,"LP","I"
317,2,440,"LP","I"
301,1,440,"LP","I"
503,25,440,"LP","I"
348,2,440,"LP","I"
469,4,440,"LP","I"
540,3,440,"LP","I"
236,1,440,"LP","I"
397,1,440,"LP","I"
525,4,441,"LP","I"
17,6,441,"LP","I"
44,23,441,"LP","I"
69,1,441,"LP","I"
291,1,441,"LP","I"
437,1,441,"LP","I"
181,1,441,"LP","I"
124,1,441,"LP","I"
302,2,441,"LP","I"
463,1,441,"LP","I"
357,1,441,"LP","I"
7,10,441,"LP","I"
516,3,441,"LP","I"
202,1,441,"LP","I"
470,4,441,"LP","I"
20,8,441,"LP","I"
439,1,441,"LP","I"
64,15,441,"LP","I"
322,1,441,"LP","I"
467,4,441,"LP","I"
61,39,442,"LP","I"
203,1,442,"LP","I"
318,2,442,"LP","I"
112,2,442,"LP","I"
45,8,442,"LP","I"
377,2,442,"LP","I"
504,39,442,"LP","I"
464,1,442,"LP","I"
190,2,442,"LP","I"
525,4,442,"LP","I"
519,2,442,"LP","I"
320,1,442,"LP","I"
417,1,442,"LP","I"
390,1,442,"LP","I"
181,1,442,"LP","I"
33,13,442,"LP","I"
202,1,442,"LP","I"
287,1,442,"LP","I"
166,1,442,"LP","I"
140,1,442,"LP","I"
517,3,443,"LP","I"
470,4,443,"LP","I"
525,4,443,"LP","I"
484,2,443,"LP","I"
514,3,443,"LP","I"
228,1,443,"LP","I"
498,32,443,"LP","I"
236,1,443,"LP","I"
237,1,443,"LP","I"
326,1,443,"LP","I"
128,1,443,"LP","I"
381,2,443,"LP","I"
437,1,443,"LP","I"
266,1,443,"LP","I"
524,1,443,"LP","I"
123,3,443,"LP","I"
422,3,443,"LP","I"
4,11,443,"LP","I"
505,16,443,"LP","I"
308,1,443,"LP","I"
495,14,444,"LP","I"
525,4,444,"LP","I"
467,4,444,"LP","I"
430,1,444,"LP","I"
470,4,444,"LP","I"
327,1,444,"LP","I"
505,16,444,"LP","I"
19,11,444,"LP","I"
82,1,444,"LP","I"
248,1,444,"LP","I"
16,8,444,"LP","I"
513,2,444,"LP","I"
299,1,444,"LP","I"
33,13,444,"LP","I"
181,1,444,"LP","I"
441,1,444,"LP","I"
354,2,444,"LP","I"
77,20,444,"LP","I"
318,2,444,"LP","I"
540,3,444,"LP","I"
322,1,445,"LP","I"
190,2,445,"LP","I"
486,3,445,"LP","I"
410,2,445,"LP","I"
278,1,445,"LP","I"
381,2,445,"LP","I"
198,1,445,"LP","I"
19,11,445,"LP","I"
48,6,445,"LP","I"
11,32,445,"LP","I"
244,2,445,"LP","I"
12,11,445,"LP","I"
519,2,445,"LP","I"
368,1,445,"LP","I"
181,1,445,"LP","I"
286,1,445,"LP","I"
248,1,445,"LP","I"
247,1,445,"LP","I"
270,1,445,"LP","I"
179,7,445,"LP","I"
469,4,446,"LP","I"
540,3,446,"LP","I"
259,5,446,"LP","I"
138,3,446,"LP","I"
51,3,446,"LP","I"
438,7,446,"LP","I"
534,4,446,"LP","I"
519,2,446,"LP","I"
318,2,446,"LP","I"
317,2,446,"LP","I"
266,1,446,"LP","I"
361,4,446,"LP","I"
410,2,446,"LP","I"
112,2,446,"LP","I"
305,1,446,"LP","I"
463,1,446,"LP","I"
433,2,446,"LP","I"
142,1,446,"LP","I"
422,3,446,"LP","I"
129,1,446,"LP","I"
320,1,447,"LP","I"
422,3,447,"LP","I"
464,1,447,"LP","I"
170,1,447,"LP","I"
228,1,447,"LP","I"
437,1,447,"LP","I"
141,1,447,"LP","I"
495,14,447,"LP","I"
14,37,447,"LP","I"
441,1,447,"LP","I"
370,1,447,"LP","I"
259,5,447,"LP","I"
401,1,447,"LP","I"
486,3,447,"LP","I"
410,2,447,"LP","I"
430,1,447,"LP","I"
59,5,447,"LP","I"
61,39,447,"LP","I"
48,6,447,"LP","I"
337,2,447,"LP","I"
249,2,448,"LP","I"
441,1,448,"LP","I"
19,11,448,"LP","I"
341,2,448,"LP","I"
276,2,448,"LP","I"
46,5,448,"LP","I"
326,1,448,"LP","I"
101,2,448,"LP","I"
374,2,448,"LP","I"
41,2,448,"LP","I"
417,1,448,"LP","I"
66,1,448,"LP","I"
86,4,448,"LP","I"
17,6,448,"LP","I"
508,19,448,"LP","I"
357,1,448,"LP","I"
421,4,448,"LP","I"
394,1,448,"LP","I"
193,1,448,"LP","I"
501,24,448,"LP","I"
48,6,449,"LP","I"
259,5,449,"LP","I"
415,1,449,"LP","I"
181,1,449,"LP","I"
143,1,449,"LP","I"
486,3,449,"LP","I"
348,2,449,"LP","I"
358,15,449,"LP","I"
534,4,449,"LP","I"
237,1,449,"LP","I"
32,11,449,"LP","I"
303,4,449,"LP","I"
457,2,449,"LP","I"
514,3,449,"LP","I"
421,4,449,"LP","I"
80,6,449,"LP","I"
244,2,449,"LP","I"
14,37,449,"LP","I"
351,2,449,"LP","I"
224,1,449,"LP","I"
112,2,450,"LP","I"
302,2,450,"LP","I"
501,24,450,"LP","I"
467,4,450,"LP","I"
171,1,450,"LP","I"
183,1,450,"LP","I"
105,1,450,"LP","I"
259,5,450,"LP","I"
179,7,450,"LP","I"
30,3,450,"LP","I"
164,4,450,"LP","I"
351,2,450,"LP","I"
486,3,450,"LP","I"
522,2,450,"LP","I"
367,2,450,"LP","I"
282,1,450,"LP","I"
422,3,450,"LP","I"
86,4,450,"LP","I"
39,1,450,"LP","I"
197,1,450,"LP","I"
374,2,451,"LP","I"
337,2,451,"LP","I"
361,4,451,"LP","I"
193,1,451,"LP","I"
24,5,451,"LP","I"
508,19,451,"LP","I"
377,2,451,"LP","I"
127,1,451,"LP","I"
523,4,451,"LP","I"
517,3,451,"LP","I"
47,11,451,"LP","I"
465,1,451,"LP","I"
209,1,451,"LP","I"
471,2,451,"LP","I"
483,3,451,"LP","I"
186,1,451,"LP","I"
318,2,451,"LP","I"
54,8,451,"LP","I"
244,2,451,"LP","I"
82,1,451,"LP","I"
48,6,452,"LP","I"
60,5,452,"LP","I"
54,8,452,"LP","I"
32,11,452,"LP","I"
209,1,452,"LP","I"
365,2,452,"LP","I"
66,1,452,"LP","I"
33,13,452,"LP","I"
299,1,452,"LP","I"
503,25,452,"LP","I"
484,2,452,"LP","I"
367,2,452,"LP","I"
237,1,452,"LP","I"
44,23,452,"LP","I"
397,1,452,"LP","I"
143,1,452,"LP","I"
525,4,452,"LP","I"
516,3,452,"LP","I"
401,1,452,"LP","I"
377,2,452,"LP","I"
458,1,453,"LP","I"
421,4,453,"LP","I"
303,4,453,"LP","I"
232,3,453,"LP","I"
525,4,453,"LP","I"
463,1,453,"LP","I"
505,16,453,"LP","I"
497,36,453,"LP","I"
394,1,453,"LP","I"
41,2,453,"LP","I"
252,1,453,"LP","I"
12,11,453,"LP","I"
502,22,453,"LP","I"
132,1,453,"LP","I"
78,12,453,"LP","I"
464,1,453,"LP","I"
304,1,453,"LP","I"
170,1,453,"LP","I"
228,1,453,"LP","I"
469,4,453,"LP","I"
62,8,454,"LP","I"
447,3,454,"LP","I"
287,1,454,"LP","I"
357,1,454,"LP","I"
30,3,454,"LP","I"
60,5,454,"LP","I"
457,2,454,"LP","I"
247,1,454,"LP","I"
471,2,454,"LP","I"
101,2,454,"LP","I"
464,1,454,"LP","I"
534,4,454,"LP","I"
248,1,454,"LP","I"
435,3,454,"LP","I"
433,2,454,"LP","I"
291,1,454,"LP","I"
415,1,454,"LP","I"
61,39,454,"LP","I"
131,1,454,"LP","I"
190,2,454,"LP","I"
497,36,455,"LP","I"
455,3,455,"LP","I"
255,2,455,"LP","I"
62,8,455,"LP","I"
534,4,455,"LP","I"
113,1,455,"LP","I"
483,3,455,"LP","I"
381,2,455,"LP","I"
244,2,455,"LP","I"
132,1,455,"LP","I"
12,11,455,"LP","I"
357,1,455,"LP","I"
322,1,455,"LP","I"
276,2,455,"LP","I"
250,1,455,"LP","I"
363,1,455,"LP","I"
81,2,455,"LP","I"
299,1,455,"LP","I"
422,3,455,"LP","I"
525,4,455,"LP","I"
327,1,456,"LP","I"
502,22,456,"LP","I"
197,1,456,"LP","I"
198,1,456,"LP","I"
351,2,456,"LP","I"
14,37,456,"LP","I"
357,1,456,"LP","I"
255,2,456,"LP","I"
61,39,456,"LP","I"
123,3,456,"LP","I"
183,1,456,"LP","I"
401,1,456,"LP","I"
497,36,456,"LP","I"
306,1,456,"LP","I"
196,2,456,"LP","I"
291,1,456,"LP","I"
484,2,456,"LP","I"
138,3,456,"LP","I"
30,3,456,"LP","I"
237,1,456,"LP","I"
11,32,457,"LP","I"
397,1,457,"LP","I"
422,3,457,"LP","I"
72,9,457,"LP","I"
252,1,457,"LP","I"
308,1,457,"LP","I"
232,3,457,"LP","I"
179,7,457,"LP","I"
69,1,457,"LP","I"
516,3,457,"LP","I"
348,2,457,"LP","I"
141,1,457,"LP","I"
440,1,457,"LP","I"
279,1,457,"LP","I"
380,2,457,"LP","I"
186,1,457,"LP","I"
484,2,457,"LP","I"
266,1,457,"LP","I"
471,2,457,"LP","I"
430,1,457,"LP","I"
113,1,458,"LP","I"
202,1,458,"LP","I"
435,3,458,"LP","I"
26,62,458,"LP","I"
498,32,458,"LP","I"
47,11,458,"LP","I"
38,6,458,"LP","I"
213,1,458,"LP","I"
285,1,458,"LP","I"
322,1,458,"LP","I"
389,2,458,"LP","I"
517,3,458,"LP","I"
497,36,458,"LP","I"
59,5,458,"LP","I"
270,1,458,"LP","I"
186,1,458,"LP","I"
124,1,458,"LP","I"
56,7,458,"LP","I"
303,4,458,"LP","I"
252,1,458,"LP","I"
365,2,459,"LP","I"
496,32,459,"LP","I"
351,2,459,"LP","I"
369,1,459,"LP","I"
508,19,459,"LP","I"
376,3,459,"LP","I"
213,1,459,"LP","I"
501,24,459,"LP","I"
435,3,459,"LP","I"
202,1,459,"LP","I"
186,1,459,"LP","I"
36,5,459,"LP","I"
249,2,459,"LP","I"
349,1,459,"LP","I"
377,2,459,"LP","I"
341,2,459,"LP","I"
105,1,459,"LP","I"
410,2,459,"LP","I"
303,4,459,"LP","I"
250,1,459,"LP","I"
278,1,460,"LP","I"
358,15,460,"LP","I"
517,3,460,"LP","I"
28,33,460,"LP","I"
252,1,460,"LP","I"
14,37,460,"LP","I"
291,1,460,"LP","I"
7,10,460,"LP","I"
203,1,460,"LP","I"
228,1,460,"LP","I"
514,3,460,"LP","I"
314,1,460,"LP","I"
380,2,460,"LP","I"
140,1,460,"LP","I"
179,7,460,"LP","I"
455,3,460,"LP","I"
128,1,460,"LP","I"
24,5,460,"LP","I"
67,11,460,"LP","I"
113,1,460,"LP","I"
308,1,461,"LP","I"
368,1,461,"LP","I"
17,6,461,"LP","I"
320,1,461,"LP","I"
59,5,461,"LP","I"
497,36,461,"LP","I"
484,2,461,"LP","I"
112,2,461,"LP","I"
457,2,461,"LP","I"
38,6,461,"LP","I"
33,13,461,"LP","I"
72,9,461,"LP","I"
13,3,461,"LP","I"
62,8,461,"LP","I"
495,14,461,"LP","I"
101,2,461,"LP","I"
370,1,461,"LP","I"
430,1,461,"LP","I"
455,3,461,"LP","I"
193,1,461,"LP","I"
270,1,462,"LP","I"
78,12,462,"LP","I"
45,8,462,"LP","I"
82,1,462,"LP","I"
127,1,462,"LP","I"
7,10,462,"LP","I"
126,3,462,"LP","I"
499,35,462,"LP","I"
465,1,462,"LP","I"
158,1,462,"LP","I"
30,3,462,"LP","I"
266,1,462,"LP","I"
337,2,462,"LP","I"
183,1,462,"LP","I"
48,6,462,"LP","I"
46,5,462,"LP","I"
425,4,462,"LP","I"
358,15,462,"LP","I"
306,1,462,"LP","I"
223,1,462,"LP","I"
439,1,463,"LP","I"
179,7,463,"LP","I"
14,37,463,"LP","I"
224,1,463,"LP","I"
497,36,463,"LP","I"
284,1,463,"LP","I"
250,1,463,"LP","I"
377,2,463,"LP","I"
57,12,463,"LP","I"
41,2,463,"LP","I"
124,1,463,"LP","I"
470,4,463,"LP","I"
516,3,463,"LP","I"
503,25,463,"LP","I"
197,1,463,"LP","I"
467,4,463,"LP","I"
291,1,463,"LP","I"
343,7,463,"LP","I"
368,1,463,"LP","I"
534,4,463,"LP","I"
66,1,464,"LP","I"
439,1,464,"LP","I"
499,35,464,"LP","I"
390,1,464,"LP","I"
519,2,464,"LP","I"
78,12,464,"LP","I"
343,7,464,"LP","I"
484,2,464,"LP","I"
326,1,464,"LP","I"
124,1,464,"LP","I"
313,1,464,"LP","I"
17,6,464,"LP","I"
303,4,464,"LP","I"
419,1,464,"LP","I"
351,2,464,"LP","I"
190,2,464,"LP","I"
365,2,464,"LP","I"
197,1,464,"LP","I"
129,1,464,"LP","I"
23,8,464,"LP","I"
76,7,465,"LP","I"
291,1,465,"LP","I"
504,39,465,"LP","I"
279,1,465,"LP","I"
362,1,465,"LP","I"
463,1,465,"LP","I"
286,1,465,"LP","I"
8,6,465,"LP","I"
348,2,465,"LP","I"
56,7,465,"LP","I"
164,4,465,"LP","I"
158,1,465,"LP","I"
301,1,465,"LP","I"
467,4,465,"LP","I"
186,1,465,"LP","I"
248,1,465,"LP","I"
440,1,465,"LP","I"
361,4,465,"LP","I"
376,3,465,"LP","I"
128,1,465,"LP","I"
112,2,466,"LP","I"
470,4,466,"LP","I"
372,1,466,"LP","I"
317,2,466,"LP","I"
32,11,466,"LP","I"
326,1,466,"LP","I"
390,1,466,"LP","I"
252,1,466,"LP","I"
158,1,466,"LP","I"
523,4,466,"LP","I"
36,5,466,"LP","I"
171,1,466,"LP","I"
86,4,466,"LP","I"
515,2,466,"LP","I"
259,5,466,"LP","I"
455,3,466,"LP","I"
266,1,466,"LP","I"
264,1,466,"LP","I"
231,1,466,"LP","I"
421,4,466,"LP","I"
305,1,467,"LP","I"
140,1,467,"LP","I"
465,1,467,"LP","I"
378,1,467,"LP","I"
286,1,467,"LP","I"
57,12,467,"LP","I"
397,1,467,"LP","I"
357,1,467,"LP","I"
196,2,467,"LP","I"
237,1,467,"LP","I"
471,2,467,"LP","I"
514,3,467,"LP","I"
287,1,467,"LP","I"
7,10,467,"LP","I"
519,2,467,"LP","I"
308,1,467,"LP","I"
171,1,467,"LP","I"
422,3,467,"LP","I"
244,2,467,"LP","I"
430,1,467,"LP","I"
124,1,468,"LP","I"
143,1,468,"LP","I"
305,1,468,"LP","I"
232,3,468,"LP","I"
469,4,468,"LP","I"
377,2,468,"LP","I"
64,15,468,"LP","I"
105,1,468,"LP","I"
445,11,468,"LP","I"
56,7,468,"LP","I"
422,3,468,"LP","I"
426,2,468,"LP","I"
132,1,468,"LP","I"
45,8,468,"LP","I"
378,1,468,"LP","I"
467,4,468,"LP","I"
463,1,468,"LP","I"
123,3,468,"LP","I"
282,1,468,"LP","I"
505,16,468,"LP","I"
497,36,469,"LP","I"
286,1,469,"LP","I"
285,1,469,"LP","I"
322,1,469,"LP","I"
376,3,469,"LP","I"
464,1,469,"LP","I"
17,6,469,"LP","I"
377,2,469,"LP","I"
302,2,469,"LP","I"
36,5,469,"LP","I"
19,11,469,"LP","I"
224,1,469,"LP","I"
249,2,469,"LP","I"
132,1,469,"LP","I"
54,8,469,"LP","I"
128,1,469,"LP","I"
81,2,469,"LP","I"
38,6,469,"LP","I"
496,32,469,"LP","I"
447,3,469,"LP","I"
469,4,470,"LP","I"
495,14,470,"LP","I"
378,1,470,"LP","I"
287,1,470,"LP","I"
465,1,470,"LP","I"
203,1,470,"LP","I"
13,3,470,"LP","I"
471,2,470,"LP","I"
232,3,470,"LP","I"
341,2,470,"LP","I"
497,36,470,"LP","I"
129,1,470,"LP","I"
304,1,470,"LP","I"
45,8,470,"LP","I"
196,2,470,"LP","I"
202,1,470,"LP","I"
170,1,470,"LP","I"
171,1,470,"LP","I"
64,15,470,"LP","I"
348,2,470,"LP","I"
343,7,471,"LP","I"
170,1,471,"LP","I"
302,2,471,"LP","I"
344,1,471,"LP","I"
320,1,471,"LP","I"
498,32,471,"LP","I"
186,1,471,"LP","I"
301,1,471,"LP","I"
503,25,471,"LP","I"
341,2,471,"LP","I"
171,1,471,"LP","I"
513,2,471,"LP","I"
279,1,471,"LP","I"
337,2,471,"LP","I"
497,36,471,"LP","I"
467,4,471,"LP","I"
314,1,471,"LP","I"
500,29,471,"LP","I"
540,3,471,"LP","I"
105,1,471,"LP","I"
320,1,472,"LP","I"
380,2,472,"LP","I"
369,1,472,"LP","I"
343,7,472,"LP","I"
513,2,472,"LP","I"
186,1,472,"LP","I"
248,1,472,"LP","I"
401,1,472,"LP","I"
158,1,472,"LP","I"
14,37,472,"LP","I"
396,1,472,"LP","I"
497,36,472,"LP","I"
381,2,472,"LP","I"
127,1,472,"LP","I"
266,1,472,"LP","I"
455,3,472,"LP","I"
348,2,472,"LP","I"
82,1,472,"LP","I"
67,11,472,"LP","I"
24,5,472,"LP","I"
349,1,473,"LP","I"
291,1,473,"LP","I"
222,1,473,"LP","I"
505,16,473,"LP","I"
327,1,473,"LP","I"
502,22,473,"LP","I"
430,1,473,"LP","I"
438,7,473,"LP","I"
337,2,473,"LP","I"
190,2,473,"LP","I"
231,1,473,"LP","I"
397,1,473,"LP","I"
422,3,473,"LP","I"
198,1,473,"LP","I"
213,1,473,"LP","I"
173,1,473,"LP","I"
51,3,473,"LP","I"
250,1,473,"LP","I"
515,2,473,"LP","I"
126,3,473,"LP","I"
209,1,474,"LP","I"
282,1,474,"LP","I"
326,1,474,"LP","I"
81,2,474,"LP","I"
250,1,474,"LP","I"
508,19,474,"LP","I"
317,2,474,"LP","I"
500,29,474,"LP","I"
54,8,474,"LP","I"
327,1,474,"LP","I"
24,5,474,"LP","I"
368,1,474,"LP","I"
223,1,474,"LP","I"
522,2,474,"LP","I"
302,2,474,"LP","I"
266,1,474,"LP","I"
129,1,474,"LP","I"
396,1,474,"LP","I"
144,1,474,"LP","I"
341,2,474,"LP","I"
222,1,475,"LP","I"
19,11,475,"LP","I"
439,1,475,"LP","I"
266,1,475,"LP","I"
368,1,475,"LP","I"
236,1,475,"LP","I"
455,3,475,"LP","I"
363,1,475,"LP","I"
247,1,475,"LP","I"
422,3,475,"LP","I"
20,8,475,"LP","I"
190,2,475,"LP","I"
304,1,475,"LP","I"
440,1,475,"LP","I"
498,32,475,"LP","I"
313,1,475,"LP","I"
357,1,475,"LP","I"
46,5,475,"LP","I"
525,4,475,"LP","I"
482,3,475,"LP","I"
131,1,476,"LP","I"
80,6,476,"LP","I"
86,4,476,"LP","I"
143,1,476,"LP","I"
519,2,476,"LP","I"
437,1,476,"LP","I"
351,2,476,"LP","I"
522,2,476,"LP","I"
249,2,476,"LP","I"
5,7,476,"LP","I"
66,1,476,"LP","I"
318,2,476,"LP","I"
367,2,476,"LP","I"
237,1,476,"LP","I"
259,5,476,"LP","I"
467,4,476,"LP","I"
415,1,476,"LP","I"
213,1,476,"LP","I"
505,16,476,"LP","I"
370,1,476,"LP","I"
7,10,477,"LP","I"
447,3,477,"LP","I"
72,9,477,"LP","I"
140,1,477,"LP","I"
80,6,477,"LP","I"
464,1,477,"LP","I"
365,2,477,"LP","I"
390,1,477,"LP","I"
285,1,477,"LP","I"
250,1,477,"LP","I"
181,1,477,"LP","I"
499,35,477,"LP","I"
378,1,477,"LP","I"
66,1,477,"LP","I"
56,7,477,"LP","I"
47,11,477,"LP","I"
463,1,477,"LP","I"
286,1,477,"LP","I"
279,1,477,"LP","I"
266,1,477,"LP","I"
513,2,478,"LP","I"
299,1,478,"LP","I"
285,1,478,"LP","I"
17,6,478,"LP","I"
440,1,478,"LP","I"
57,12,478,"LP","I"
124,1,478,"LP","I"
496,32,478,"LP","I"
232,3,478,"LP","I"
270,1,478,"LP","I"
250,1,478,"LP","I"
337,2,478,"LP","I"
5,7,478,"LP","I"
457,2,478,"LP","I"
16,8,478,"LP","I"
4,11,478,"LP","I"
410,2,478,"LP","I"
54,8,478,"LP","I"
60,5,478,"LP","I"
72,9,478,"LP","I"
223,1,479,"LP","I"
33,13,479,"LP","I"
252,1,479,"LP","I"
91,9,479,"LP","I"
197,1,479,"LP","I"
369,1,479,"LP","I"
128,1,479,"LP","I"
437,1,479,"LP","I"
499,35,479,"LP","I"
123,3,479,"LP","I"
534,4,479,"LP","I"
519,2,479,"LP","I"
471,2,479,"LP","I"
540,3,479,"LP","I"
171,1,479,"LP","I"
124,1,479,"LP","I"
285,1,479,"LP","I"
224,1,479,"LP","I"
231,1,479,"LP","I"
244,2,479,"LP","I"
525,4,480,"LP","I"
144,1,480,"LP","I"
44,23,480,"LP","I"
467,4,480,"LP","I"
327,1,480,"LP","I"
313,1,480,"LP","I"
469,4,480,"LP","I"
483,3,480,"LP","I"
123,3,480,"LP","I"
540,3,480,"LP","I"
80,6,480,"LP","I"
113,1,480,"LP","I"
397,1,480,"LP","I"
248,1,480,"LP","I"
209,1,480,"LP","I"
252,1,480,"LP","I"
249,2,480,"LP","I"
482,3,480,"LP","I"
513,2,480,"LP","I"
228,1,480,"LP","I"
464,1,481,"LP","I"
514,3,481,"LP","I"
51,3,481,"LP","I"
425,4,481,"LP","I"
101,2,481,"LP","I"
164,4,481,"LP","I"
113,1,481,"LP","I"
287,1,481,"LP","I"
337,2,481,"LP","I"
60,5,481,"LP","I"
266,1,481,"LP","I"
463,1,481,"LP","I"
495,14,481,"LP","I"
503,25,481,"LP","I"
497,36,481,"LP","I"
209,1,481,"LP","I"
447,3,481,"LP","I"
171,1,481,"LP","I"
247,1,481,"LP","I"
91,9,481,"LP","I"
132,1,482,"LP","I"
248,1,482,"LP","I"
519,2,482,"LP","I"
457,2,482,"LP","I"
166,1,482,"LP","I"
196,2,482,"LP","I"
129,1,482,"LP","I"
363,1,482,"LP","I"
13,3,482,"LP","I"
209,1,482,"LP","I"
224,1,482,"LP","I"
291,1,482,"LP","I"
486,3,482,"LP","I"
228,1,482,"LP","I"
255,2,482,"LP","I"
524,1,482,"LP","I"
441,1,482,"LP","I"
317,2,482,"LP","I"
36,5,482,"LP","I"
112,2,482,"LP","I"
500,29,483,"LP","I"
224,1,483,"LP","I"
39,1,483,"LP","I"
501,24,483,"LP","I"
282,1,483,"LP","I"
101,2,483,"LP","I"
482,3,483,"LP","I"
183,1,483,"LP","I"
504,39,483,"LP","I"
348,2,483,"LP","I"
357,1,483,"LP","I"
441,1,483,"LP","I"
410,2,483,"LP","I"
23,8,483,"LP","I"
524,1,483,"LP","I"
499,35,483,"LP","I"
397,1,483,"LP","I"
447,3,483,"LP","I"
484,2,483,"LP","I"
33,13,483,"LP","I"
430,1,484,"LP","I"
445,11,484,"LP","I"
482,3,484,"LP","I"
66,1,484,"LP","I"
64,15,484,"LP","I"
203,1,484,"LP","I"
417,1,484,"LP","I"
286,1,484,"LP","I"
534,4,484,"LP","I"
437,1,484,"LP","I"
62,8,484,"LP","I"
419,1,484,"LP","I"
113,1,484,"LP","I"
341,2,484,"LP","I"
363,1,484,"LP","I"
54,8,484,"LP","I"
305,1,484,"LP","I"
255,2,484,"LP","I"
367,2,484,"LP","I"
143,1,484,"LP","I"
30,3,485,"LP","I"
514,3,485,"LP","I"
301,1,485,"LP","I"
419,1,485,"LP","I"
202,1,485,"LP","I"
439,1,485,"LP","I"
224,1,485,"LP","I"
322,1,485,"LP","I"
497,36,485,"LP","I"
306,1,485,"LP","I"
513,2,485,"LP","I"
179,7,485,"LP","I"
524,1,485,"LP","I"
365,2,485,"LP","I"
437,1,485,"LP","I"
47,11,485,"LP","I"
337,2,485,"LP","I"
438,7,485,"LP","I"
57,12,485,"LP","I"
287,1,485,"LP","I"
91,9,486,"LP","I"
193,1,486,"LP","I"
78,12,486,"LP","I"
344,1,486,"LP","I"
5,7,486,"LP","I"
32,11,486,"LP","I"
14,37,486,"LP","I"
317,2,486,"LP","I"
30,3,486,"LP","I"
327,1,486,"LP","I"
504,39,486,"LP","I"
534,4,486,"LP","I"
287,1,486,"LP","I"
16,8,486,"LP","I"
113,1,486,"LP","I"
435,3,486,"LP","I"
158,1,486,"LP","I"
397,1,486,"LP","I"
67,11,486,"LP","I"
166,1,486,"LP","I"
249,2,487,"LP","I"
203,1,487,"LP","I"
278,1,487,"LP","I"
517,3,487,"LP","I"
380,2,487,"LP","I"
228,1,487,"LP","I"
250,1,487,"LP","I"
33,13,487,"LP","I"
128,1,487,"LP","I"
7,10,487,"LP","I"
320,1,487,"LP","I"
193,1,487,"LP","I"
270,1,487,"LP","I"
59,5,487,"LP","I"
196,2,487,"LP","I"
514,3,487,"LP","I"
496,32,487,"LP","I"
376,3,487,"LP","I"
20,8,487,"LP","I"
279,1,487,"LP","I"
358,15,488,"LP","I"
67,11,488,"LP","I"
486,3,488,"LP","I"
7,10,488,"LP","I"
81,2,488,"LP","I"
372,1,488,"LP","I"
401,1,488,"LP","I"
374,2,488,"LP","I"
24,5,488,"LP","I"
250,1,488,"LP","I"
390,1,488,"LP","I"
525,4,488,"LP","I"
228,1,488,"LP","I"
482,3,488,"LP","I"
501,24,488,"LP","I"
465,1,488,"LP","I"
255,2,488,"LP","I"
141,1,488,"LP","I"
513,2,488,"LP","I"
247,1,488,"LP","I"
255,2,489,"LP","I"
435,3,489,"LP","I"
14,37,489,"LP","I"
129,1,489,"LP","I"
524,1,489,"LP","I"
291,1,489,"LP","I"
44,23,489,"LP","I"
45,8,489,"LP","I"
302,2,489,"LP","I"
126,3,489,"LP","I"
363,1,489,"LP","I"
23,8,489,"LP","I"
171,1,489,"LP","I"
203,1,489,"LP","I"
59,5,489,"LP","I"
447,3,489,"LP","I"
370,1,489,"LP","I"
508,19,489,"LP","I"
244,2,489,"LP","I"
378,1,489,"LP","I"
244,2,490,"LP","I"
421,4,490,"LP","I"
380,2,490,"LP","I"
170,1,490,"LP","I"
4,11,490,"LP","I"
141,1,490,"LP","I"
105,1,490,"LP","I"
60,5,490,"LP","I"
457,2,490,"LP","I"
341,2,490,"LP","I"
5,7,490,"LP","I"
142,1,490,"LP","I"
51,3,490,"LP","I"
378,1,490,"LP","I"
372,1,490,"LP","I"
164,4,490,"LP","I"
505,16,490,"LP","I"
287,1,490,"LP","I"
396,1,490,"LP","I"
140,1,490,"LP","I"
426,2,491,"LP","I"
228,1,491,"LP","I"
7,10,491,"LP","I"
287,1,491,"LP","I"
286,1,491,"LP","I"
82,1,491,"LP","I"
482,3,491,"LP","I"
425,4,491,"LP","I"
463,1,491,"LP","I"
422,3,491,"LP","I"
430,1,491,"LP","I"
372,1,491,"LP","I"
469,4,491,"LP","I"
447,3,491,"LP","I"
123,3,491,"LP","I"
484,2,491,"LP","I"
4,11,491,"LP","I"
457,2,491,"LP","I"
439,1,491,"LP","I"
304,1,491,"LP","I"
228,1,492,"LP","I"
32,11,492,"LP","I"
372,1,492,"LP","I"
28,33,492,"LP","I"
496,32,492,"LP","I"
244,2,492,"LP","I"
320,1,492,"LP","I"
501,24,492,"LP","I"
223,1,492,"LP","I"
224,1,492,"LP","I"
463,1,492,"LP","I"
308,1,492,"LP","I"
222,1,492,"LP","I"
362,1,492,"LP","I"
502,22,492,"LP","I"
514,3,492,"LP","I"
313,1,492,"LP","I"
363,1,492,"LP","I"
483,3,492,"LP","I"
86,4,492,"LP","I"
381,2,493,"LP","I"
465,1,493,"LP","I"
441,1,493,"LP","I"
41,2,493,"LP","I"
421,4,493,"LP","I"
213,1,493,"LP","I"
286,1,493,"LP","I"
514,3,493,"LP","I"
67,11,493,"LP","I"
158,1,493,"LP","I"
248,1,493,"LP","I"
32,11,493,"LP","I"
249,2,493,"LP","I"
470,4,493,"LP","I"
143,1,493,"LP","I"
190,2,493,"LP","I"
516,3,493,"LP","I"
455,3,493,"LP","I"
237,1,493,"LP","I"
341,2,493,"LP","I"
299,1,494,"LP","I"
504,39,494,"LP","I"
91,9,494,"LP","I"
301,1,494,"LP","I"
401,1,494,"LP","I"
193,1,494,"LP","I"
354,2,494,"LP","I"
138,3,494,"LP","I"
286,1,494,"LP","I"
457,2,494,"LP","I"
327,1,494,"LP","I"
282,1,494,"LP","I"
78,12,494,"LP","I"
394,1,494,"LP","I"
14,37,494,"LP","I"
430,1,494,"LP","I"
244,2,494,"LP","I"
23,8,494,"LP","I"
534,4,494,"LP","I"
314,1,494,"LP","I"
441,1,495,"LP","I"
244,2,495,"LP","I"
380,2,495,"LP","I"
61,39,495,"LP","I"
132,1,495,"LP","I"
369,1,495,"LP","I"
78,12,495,"LP","I"
76,7,495,"LP","I"
124,1,495,"LP","I"
81,2,495,"LP","I"
365,2,495,"LP","I"
113,1,495,"LP","I"
433,2,495,"LP","I"
484,2,495,"LP","I"
171,1,495,"LP","I"
64,15,495,"LP","I"
471,2,495,"LP","I"
66,1,495,"LP","I"
144,1,495,"LP","I"
46,5,495,"LP","I"
129,1,496,"LP","I"
508,19,496,"LP","I"
417,1,496,"LP","I"
503,25,496,"LP","I"
128,1,496,"LP","I"
61,39,496,"LP","I"
12,11,496,"LP","I"
422,3,496,"LP","I"
113,1,496,"LP","I"
390,1,496,"LP","I"
525,4,496,"LP","I"
101,2,496,"LP","I"
327,1,496,"LP","I"
23,8,496,"LP","I"
464,1,496,"LP","I"
341,2,496,"LP","I"
13,3,496,"LP","I"
303,4,496,"LP","I"
469,4,496,"LP","I"
14,37,496,"LP","I"
11,32,497,"LP","I"
127,1,497,"LP","I"
5,7,497,"LP","I"
56,7,497,"LP","I"
20,8,497,"LP","I"
422,3,497,"LP","I"
394,1,497,"LP","I"
82,1,497,"LP","I"
12,11,497,"LP","I"
144,1,497,"LP","I"
132,1,497,"LP","I"
69,1,497,"LP","I"
131,1,497,"LP","I"
91,9,497,"LP","I"
525,4,497,"LP","I"
4,11,497,"LP","I"
38,6,497,"LP","I"
13,3,497,"LP","I"
291,1,497,"LP","I"
357,1,497,"LP","I"
181,1,498,"LP","I"
314,1,498,"LP","I"
86,4,498,"LP","I"
222,1,498,"LP","I"
349,1,498,"LP","I"
144,1,498,"LP","I"
124,1,498,"LP","I"
279,1,498,"LP","I"
534,4,498,"LP","I"
410,2,498,"LP","I"
244,2,498,"LP","I"
164,4,498,"LP","I"
28,33,498,"LP","I"
397,1,498,"LP","I"
76,7,498,"LP","I"
305,1,498,"LP","I"
129,1,498,"LP","I"
287,1,498,"LP","I"
501,24,498,"LP","I"
438,7,498,"LP","I"
236,1,499,"LP","I"
62,8,499,"LP","I"
196,2,499,"LP","I"
351,2,499,"LP","I"
318,2,499,"LP","I"
378,1,499,"LP","I"
16,8,499,"LP","I"
365,2,499,"LP","I"
467,4,499,"LP","I"
81,2,499,"LP","I"
287,1,499,"LP","I"
213,1,499,"LP","I"
209,1,499,"LP","I"
523,4,499,"LP","I"
181,1,499,"LP","I"
534,4,499,"LP","I"
232,3,499,"LP","I"
237,1,499,"LP","I"
4,11,499,"LP","I"
124,1,499,"LP","I"
410,2,500,"LP","I"
72,9,500,"LP","I"
30,3,500,"LP","I"
259,5,500,"LP","I"
380,2,500,"LP","I"
186,1,500,"LP","I"
504,39,500,"LP","I"
20,8,500,"LP","I"
64,15,500,"LP","I"
306,1,500,"LP","I"
13,3,500,"LP","I"
286,1,500,"LP","I"
78,12,500,"LP","I"
484,2,500,"LP","I"
196,2,500,"LP","I"
45,8,500,"LP","I"
86,4,500,"LP","I"
126,3,500,"LP","I"
303,4,500,"LP","I"
128,1,500,"LP","I"
503,25,1,"NL","I"
361,3,1,"NL","I"
349,1,1,"NL","I"
303,5,1,"NL","I"
501,24,1,"NL","I"
519,2,1,"NL","I"
203,1,1,"NL","I"
470,4,1,"NL","I"
247,1,1,"NL","I"
23,8,1,"NL","I"
471,1,1,"NL","I"
14,27,1,"NL","I"
318,2,2,"NL","I"
508,19,2,"NL","I"
514,3,2,"NL","I"
415,1,2,"NL","I"
203,1,2,"NL","I"
131,1,2,"NL","I"
285,1,2,"NL","I"
513,2,2,"NL","I"
248,2,2,"NL","I"
433,2,2,"NL","I"
56,7,2,"NL","I"
367,2,2,"NL","I"
525,4,3,"NL","I"
437,1,3,"NL","I"
183,1,3,"NL","I"
72,9,3,"NL","I"
445,9,3,"NL","I"
390,1,3,"NL","I"
441,1,3,"NL","I"
318,2,3,"NL","I"
419,1,3,"NL","I"
499,36,3,"NL","I"
496,33,3,"NL","I"
33,13,3,"NL","I"
247,1,4,"NL","I"
211,1,4,"NL","I"
10,7,4,"NL","I"
389,2,4,"NL","I"
505,19,4,"NL","I"
13,3,4,"NL","I"
357,1,4,"NL","I"
410,2,4,"NL","I"
47,11,4,"NL","I"
209,1,4,"NL","I"
318,2,4,"NL","I"
64,14,4,"NL","I"
503,25,5,"NL","I"
19,10,5,"NL","I"
501,24,5,"NL","I"
131,1,5,"NL","I"
426,1,5,"NL","I"
109,1,5,"NL","I"
447,2,5,"NL","I"
10,7,5,"NL","I"
341,2,5,"NL","I"
247,1,5,"NL","I"
348,2,5,"NL","I"
77,21,5,"NL","I"
20,8,6,"NL","I"
390,1,6,"NL","I"
358,15,6,"NL","I"
364,2,6,"NL","I"
501,24,6,"NL","I"
112,2,6,"NL","I"
64,14,6,"NL","I"
368,1,6,"NL","I"
131,1,6,"NL","I"
371,1,6,"NL","I"
341,2,6,"NL","I"
81,2,6,"NL","I"
105,1,7,"NL","I"
498,32,7,"NL","I"
78,12,7,"NL","I"
82,1,7,"NL","I"
32,11,7,"NL","I"
513,2,7,"NL","I"
469,4,7,"NL","I"
417,1,7,"NL","I"
363,1,7,"NL","I"
126,4,7,"NL","I"
349,1,7,"NL","I"
534,3,7,"NL","I"
433,2,8,"NL","I"
505,19,8,"NL","I"
495,14,8,"NL","I"
435,1,8,"NL","I"
44,18,8,"NL","I"
249,2,8,"NL","I"
140,1,8,"NL","I"
41,2,8,"NL","I"
109,1,8,"NL","I"
183,1,8,"NL","I"
32,11,8,"NL","I"
279,1,8,"NL","I"
425,3,9,"NL","I"
237,1,9,"NL","I"
128,1,9,"NL","I"
369,2,9,"NL","I"
24,5,9,"NL","I"
300,1,9,"NL","I"
38,6,9,"NL","I"
170,1,9,"NL","I"
13,3,9,"NL","I"
80,6,9,"NL","I"
141,1,9,"NL","I"
301,1,9,"NL","I"
341,2,10,"NL","I"
376,4,10,"NL","I"
81,2,10,"NL","I"
419,1,10,"NL","I"
17,6,10,"NL","I"
105,1,10,"NL","I"
278,1,10,"NL","I"
433,2,10,"NL","I"
142,1,10,"NL","I"
517,3,10,"NL","I"
371,1,10,"NL","I"
60,5,10,"NL","I"
39,1,11,"NL","I"
337,8,11,"NL","I"
190,1,11,"NL","I"
67,12,11,"NL","I"
394,1,11,"NL","I"
36,6,11,"NL","I"
463,1,11,"NL","I"
439,1,11,"NL","I"
170,1,11,"NL","I"
514,3,11,"NL","I"
158,1,11,"NL","I"
482,3,11,"NL","I"
264,1,12,"NL","I"
447,2,12,"NL","I"
265,1,12,"NL","I"
259,5,12,"NL","I"
540,3,12,"NL","I"
361,3,12,"NL","I"
417,1,12,"NL","I"
505,19,12,"NL","I"
112,2,12,"NL","I"
467,4,12,"NL","I"
222,2,12,"NL","I"
143,1,12,"NL","I"
202,1,13,"NL","I"
374,2,13,"NL","I"
112,2,13,"NL","I"
467,4,13,"NL","I"
502,23,13,"NL","I"
122,1,13,"NL","I"
66,1,13,"NL","I"
165,1,13,"NL","I"
426,1,13,"NL","I"
318,2,13,"NL","I"
131,1,13,"NL","I"
377,3,13,"NL","I"
59,5,14,"NL","I"
435,1,14,"NL","I"
438,6,14,"NL","I"
80,6,14,"NL","I"
237,1,14,"NL","I"
343,6,14,"NL","I"
354,2,14,"NL","I"
422,3,14,"NL","I"
150,1,14,"NL","I"
14,27,14,"NL","I"
522,1,14,"NL","I"
540,3,14,"NL","I"
39,1,15,"NL","I"
471,1,15,"NL","I"
322,2,15,"NL","I"
394,1,15,"NL","I"
397,1,15,"NL","I"
370,1,15,"NL","I"
82,1,15,"NL","I"
237,1,15,"NL","I"
381,3,15,"NL","I"
368,1,15,"NL","I"
57,12,15,"NL","I"
300,1,15,"NL","I"
438,6,16,"NL","I"
158,1,16,"NL","I"
10,7,16,"NL","I"
20,8,16,"NL","I"
523,4,16,"NL","I"
80,6,16,"NL","I"
67,12,16,"NL","I"
426,1,16,"NL","I"
112,2,16,"NL","I"
417,1,16,"NL","I"
211,1,16,"NL","I"
128,1,16,"NL","I"
279,1,17,"NL","I"
499,36,17,"NL","I"
430,1,17,"NL","I"
66,1,17,"NL","I"
181,1,17,"NL","I"
82,1,17,"NL","I"
138,3,17,"NL","I"
166,1,17,"NL","I"
143,1,17,"NL","I"
67,12,17,"NL","I"
124,1,17,"NL","I"
308,2,17,"NL","I"
455,2,18,"NL","I"
131,1,18,"NL","I"
397,1,18,"NL","I"
470,4,18,"NL","I"
38,6,18,"NL","I"
165,1,18,"NL","I"
438,6,18,"NL","I"
441,1,18,"NL","I"
259,5,18,"NL","I"
24,5,18,"NL","I"
105,1,18,"NL","I"
354,2,18,"NL","I"
244,2,19,"NL","I"
276,2,19,"NL","I"
7,10,19,"NL","I"
56,7,19,"NL","I"
389,2,19,"NL","I"
179,7,19,"NL","I"
445,9,19,"NL","I"
503,25,19,"NL","I"
63,6,19,"NL","I"
76,7,19,"NL","I"
422,3,19,"NL","I"
286,1,19,"NL","I"
278,1,20,"NL","I"
372,1,20,"NL","I"
202,1,20,"NL","I"
32,11,20,"NL","I"
265,1,20,"NL","I"
370,1,20,"NL","I"
47,11,20,"NL","I"
500,29,20,"NL","I"
16,8,20,"NL","I"
519,2,20,"NL","I"
322,2,20,"NL","I"
471,1,20,"NL","I"
190,1,21,"NL","I"
44,18,21,"NL","I"
80,6,21,"NL","I"
166,1,21,"NL","I"
463,1,21,"NL","I"
17,6,21,"NL","I"
105,1,21,"NL","I"
48,6,21,"NL","I"
437,1,21,"NL","I"
370,1,21,"NL","I"
237,1,21,"NL","I"
471,1,21,"NL","I"
482,3,22,"NL","I"
123,3,22,"NL","I"
503,25,22,"NL","I"
502,23,22,"NL","I"
23,8,22,"NL","I"
282,1,22,"NL","I"
122,1,22,"NL","I"
337,8,22,"NL","I"
486,3,22,"NL","I"
72,9,22,"NL","I"
59,5,22,"NL","I"
228,1,22,"NL","I"
415,1,23,"NL","I"
232,3,23,"NL","I"
10,7,23,"NL","I"
193,1,23,"NL","I"
252,1,23,"NL","I"
5,7,23,"NL","I"
371,1,23,"NL","I"
519,2,23,"NL","I"
244,2,23,"NL","I"
445,9,23,"NL","I"
14,27,23,"NL","I"
45,8,23,"NL","I"
304,1,24,"NL","I"
361,3,24,"NL","I"
497,36,24,"NL","I"
57,12,24,"NL","I"
60,5,24,"NL","I"
525,4,24,"NL","I"
276,2,24,"NL","I"
516,3,24,"NL","I"
30,3,24,"NL","I"
447,2,24,"NL","I"
179,7,24,"NL","I"
39,1,24,"NL","I"
471,1,25,"NL","I"
437,1,25,"NL","I"
16,8,25,"NL","I"
140,1,25,"NL","I"
45,8,25,"NL","I"
483,3,25,"NL","I"
463,1,25,"NL","I"
445,9,25,"NL","I"
181,1,25,"NL","I"
244,2,25,"NL","I"
12,11,25,"NL","I"
209,1,25,"NL","I"
525,4,26,"NL","I"
91,9,26,"NL","I"
51,3,26,"NL","I"
439,1,26,"NL","I"
265,1,26,"NL","I"
285,1,26,"NL","I"
505,19,26,"NL","I"
430,1,26,"NL","I"
419,1,26,"NL","I"
232,3,26,"NL","I"
47,11,26,"NL","I"
516,3,26,"NL","I"
458,1,27,"NL","I"
365,4,27,"NL","I"
237,1,27,"NL","I"
264,1,27,"NL","I"
38,6,27,"NL","I"
252,1,27,"NL","I"
302,1,27,"NL","I"
390,1,27,"NL","I"
186,1,27,"NL","I"
255,1,27,"NL","I"
166,1,27,"NL","I"
56,7,27,"NL","I"
23,8,28,"NL","I"
357,1,28,"NL","I"
20,8,28,"NL","I"
441,1,28,"NL","I"
126,4,28,"NL","I"
421,4,28,"NL","I"
516,3,28,"NL","I"
504,40,28,"NL","I"
496,33,28,"NL","I"
4,11,28,"NL","I"
360,3,28,"NL","I"
397,1,28,"NL","I"
62,8,29,"NL","I"
259,5,29,"NL","I"
278,1,29,"NL","I"
76,7,29,"NL","I"
193,1,29,"NL","I"
5,7,29,"NL","I"
112,2,29,"NL","I"
390,1,29,"NL","I"
455,2,29,"NL","I"
82,1,29,"NL","I"
179,7,29,"NL","I"
304,1,29,"NL","I"
455,2,30,"NL","I"
540,3,30,"NL","I"
142,1,30,"NL","I"
503,25,30,"NL","I"
315,1,30,"NL","I"
60,5,30,"NL","I"
232,3,30,"NL","I"
534,3,30,"NL","I"
397,1,30,"NL","I"
381,3,30,"NL","I"
259,5,30,"NL","I"
198,1,30,"NL","I"
30,3,31,"NL","I"
496,33,31,"NL","I"
508,19,31,"NL","I"
16,8,31,"NL","I"
166,1,31,"NL","I"
525,4,31,"NL","I"
23,8,31,"NL","I"
360,3,31,"NL","I"
264,1,31,"NL","I"
196,2,31,"NL","I"
377,3,31,"NL","I"
370,1,31,"NL","I"
501,24,32,"NL","I"
301,1,32,"NL","I"
12,11,32,"NL","I"
32,11,32,"NL","I"
126,4,32,"NL","I"
76,7,32,"NL","I"
36,6,32,"NL","I"
45,8,32,"NL","I"
370,1,32,"NL","I"
421,4,32,"NL","I"
415,1,32,"NL","I"
82,1,32,"NL","I"
13,3,33,"NL","I"
19,10,33,"NL","I"
138,3,33,"NL","I"
123,3,33,"NL","I"
417,1,33,"NL","I"
173,1,33,"NL","I"
455,2,33,"NL","I"
501,24,33,"NL","I"
28,26,33,"NL","I"
500,29,33,"NL","I"
8,6,33,"NL","I"
447,2,33,"NL","I"
189,1,34,"NL","I"
166,1,34,"NL","I"
439,1,34,"NL","I"
186,1,34,"NL","I"
317,2,34,"NL","I"
11,32,34,"NL","I"
237,1,34,"NL","I"
505,19,34,"NL","I"
173,1,34,"NL","I"
128,1,34,"NL","I"
8,6,34,"NL","I"
23,8,34,"NL","I"
517,3,35,"NL","I"
33,13,35,"NL","I"
282,1,35,"NL","I"
318,2,35,"NL","I"
302,1,35,"NL","I"
465,1,35,"NL","I"
483,3,35,"NL","I"
5,7,35,"NL","I"
7,10,35,"NL","I"
4,11,35,"NL","I"
41,2,35,"NL","I"
415,1,35,"NL","I"
354,2,36,"NL","I"
344,1,36,"NL","I"
463,1,36,"NL","I"
410,2,36,"NL","I"
374,2,36,"NL","I"
244,2,36,"NL","I"
389,2,36,"NL","I"
438,6,36,"NL","I"
326,1,36,"NL","I"
112,2,36,"NL","I"
471,1,36,"NL","I"
67,12,36,"NL","I"
471,1,37,"NL","I"
247,1,37,"NL","I"
51,3,37,"NL","I"
23,8,37,"NL","I"
186,1,37,"NL","I"
264,1,37,"NL","I"
455,2,37,"NL","I"
470,4,37,"NL","I"
203,1,37,"NL","I"
318,2,37,"NL","I"
48,6,37,"NL","I"
46,6,37,"NL","I"
504,40,38,"NL","I"
469,4,38,"NL","I"
415,1,38,"NL","I"
380,2,38,"NL","I"
348,2,38,"NL","I"
126,4,38,"NL","I"
24,5,38,"NL","I"
471,1,38,"NL","I"
301,1,38,"NL","I"
132,1,38,"NL","I"
26,52,38,"NL","I"
237,1,38,"NL","I"
250,1,39,"NL","I"
301,1,39,"NL","I"
278,1,39,"NL","I"
158,1,39,"NL","I"
380,2,39,"NL","I"
357,1,39,"NL","I"
198,1,39,"NL","I"
513,2,39,"NL","I"
78,12,39,"NL","I"
410,2,39,"NL","I"
337,8,39,"NL","I"
247,1,39,"NL","I"
222,2,40,"NL","I"
354,2,40,"NL","I"
308,2,40,"NL","I"
259,5,40,"NL","I"
124,1,40,"NL","I"
78,12,40,"NL","I"
11,32,40,"NL","I"
223,1,40,"NL","I"
36,6,40,"NL","I"
505,19,40,"NL","I"
397,1,40,"NL","I"
193,1,40,"NL","I"
441,1,41,"NL","I"
32,11,41,"NL","I"
11,32,41,"NL","I"
91,9,41,"NL","I"
503,25,41,"NL","I"
376,4,41,"NL","I"
365,4,41,"NL","I"
122,1,41,"NL","I"
10,7,41,"NL","I"
56,7,41,"NL","I"
158,1,41,"NL","I"
62,8,41,"NL","I"
124,1,42,"NL","I"
189,1,42,"NL","I"
300,1,42,"NL","I"
28,26,42,"NL","I"
285,1,42,"NL","I"
471,1,42,"NL","I"
500,29,42,"NL","I"
56,7,42,"NL","I"
349,1,42,"NL","I"
302,1,42,"NL","I"
14,27,42,"NL","I"
514,3,42,"NL","I"
80,6,43,"NL","I"
516,3,43,"NL","I"
131,1,43,"NL","I"
439,1,43,"NL","I"
10,7,43,"NL","I"
522,1,43,"NL","I"
394,1,43,"NL","I"
318,2,43,"NL","I"
422,3,43,"NL","I"
20,8,43,"NL","I"
265,1,43,"NL","I"
357,1,43,"NL","I"
504,40,44,"NL","I"
48,6,44,"NL","I"
357,1,44,"NL","I"
32,11,44,"NL","I"
279,1,44,"NL","I"
247,1,44,"NL","I"
501,24,44,"NL","I"
534,3,44,"NL","I"
524,1,44,"NL","I"
508,19,44,"NL","I"
349,1,44,"NL","I"
513,2,44,"NL","I"
44,18,45,"NL","I"
8,6,45,"NL","I"
150,1,45,"NL","I"
244,2,45,"NL","I"
14,27,45,"NL","I"
86,5,45,"NL","I"
435,1,45,"NL","I"
304,1,45,"NL","I"
164,4,45,"NL","I"
209,1,45,"NL","I"
513,2,45,"NL","I"
343,6,45,"NL","I"
66,1,46,"NL","I"
211,1,46,"NL","I"
150,1,46,"NL","I"
502,23,46,"NL","I"
86,5,46,"NL","I"
14,27,46,"NL","I"
470,4,46,"NL","I"
132,1,46,"NL","I"
417,1,46,"NL","I"
415,1,46,"NL","I"
318,2,46,"NL","I"
380,2,46,"NL","I"
138,3,47,"NL","I"
36,6,47,"NL","I"
465,1,47,"NL","I"
517,3,47,"NL","I"
173,1,47,"NL","I"
422,3,47,"NL","I"
278,1,47,"NL","I"
144,1,47,"NL","I"
181,1,47,"NL","I"
519,2,47,"NL","I"
376,4,47,"NL","I"
357,1,47,"NL","I"
513,2,48,"NL","I"
458,1,48,"NL","I"
132,1,48,"NL","I"
301,1,48,"NL","I"
67,12,48,"NL","I"
140,1,48,"NL","I"
376,4,48,"NL","I"
486,3,48,"NL","I"
237,1,48,"NL","I"
249,2,48,"NL","I"
211,1,48,"NL","I"
23,8,48,"NL","I"
59,5,49,"NL","I"
497,36,49,"NL","I"
193,1,49,"NL","I"
501,24,49,"NL","I"
425,3,49,"NL","I"
209,1,49,"NL","I"
523,4,49,"NL","I"
508,19,49,"NL","I"
337,8,49,"NL","I"
514,3,49,"NL","I"
173,1,49,"NL","I"
369,2,49,"NL","I"
285,1,50,"NL","I"
438,6,50,"NL","I"
361,3,50,"NL","I"
39,1,50,"NL","I"
150,1,50,"NL","I"
12,11,50,"NL","I"
77,21,50,"NL","I"
249,2,50,"NL","I"
189,1,50,"NL","I"
513,2,50,"NL","I"
394,1,50,"NL","I"
497,36,50,"NL","I"
438,6,51,"NL","I"
495,14,51,"NL","I"
300,1,51,"NL","I"
304,1,51,"NL","I"
143,1,51,"NL","I"
179,7,51,"NL","I"
46,6,51,"NL","I"
358,15,51,"NL","I"
232,3,51,"NL","I"
105,1,51,"NL","I"
524,1,51,"NL","I"
82,1,51,"NL","I"
237,1,52,"NL","I"
447,2,52,"NL","I"
203,1,52,"NL","I"
430,1,52,"NL","I"
63,6,52,"NL","I"
380,2,52,"NL","I"
397,1,52,"NL","I"
132,1,52,"NL","I"
77,21,52,"NL","I"
222,2,52,"NL","I"
483,3,52,"NL","I"
41,2,52,"NL","I"
158,1,53,"NL","I"
109,1,53,"NL","I"
390,1,53,"NL","I"
349,1,53,"NL","I"
24,5,53,"NL","I"
183,1,53,"NL","I"
7,10,53,"NL","I"
166,1,53,"NL","I"
471,1,53,"NL","I"
165,1,53,"NL","I"
440,1,53,"NL","I"
397,1,53,"NL","I"
355,1,54,"NL","I"
364,2,54,"NL","I"
276,2,54,"NL","I"
498,32,54,"NL","I"
397,1,54,"NL","I"
369,2,54,"NL","I"
16,8,54,"NL","I"
232,3,54,"NL","I"
358,15,54,"NL","I"
514,3,54,"NL","I"
122,1,54,"NL","I"
248,2,54,"NL","I"
471,1,55,"NL","I"
441,1,55,"NL","I"
304,1,55,"NL","I"
198,1,55,"NL","I"
318,2,55,"NL","I"
122,1,55,"NL","I"
369,2,55,"NL","I"
76,7,55,"NL","I"
44,18,55,"NL","I"
170,1,55,"NL","I"
26,52,55,"NL","I"
308,2,55,"NL","I"
415,1,56,"NL","I"
540,3,56,"NL","I"
344,1,56,"NL","I"
196,2,56,"NL","I"
47,11,56,"NL","I"
447,2,56,"NL","I"
244,2,56,"NL","I"
486,3,56,"NL","I"
326,1,56,"NL","I"
419,1,56,"NL","I"
441,1,56,"NL","I"
318,2,56,"NL","I"
76,7,57,"NL","I"
67,12,57,"NL","I"
417,1,57,"NL","I"
357,1,57,"NL","I"
63,6,57,"NL","I"
223,1,57,"NL","I"
441,1,57,"NL","I"
440,1,57,"NL","I"
19,10,57,"NL","I"
66,1,57,"NL","I"
277,1,57,"NL","I"
16,8,57,"NL","I"
144,1,58,"NL","I"
265,1,58,"NL","I"
496,33,58,"NL","I"
13,3,58,"NL","I"
105,1,58,"NL","I"
67,12,58,"NL","I"
26,52,58,"NL","I"
30,3,58,"NL","I"
322,2,58,"NL","I"
24,5,58,"NL","I"
361,3,58,"NL","I"
165,1,58,"NL","I"
425,3,59,"NL","I"
304,1,59,"NL","I"
86,5,59,"NL","I"
186,1,59,"NL","I"
81,2,59,"NL","I"
410,2,59,"NL","I"
364,2,59,"NL","I"
198,1,59,"NL","I"
7,10,59,"NL","I"
465,1,59,"NL","I"
302,1,59,"NL","I"
360,3,59,"NL","I"
63,6,60,"NL","I"
354,2,60,"NL","I"
48,6,60,"NL","I"
367,2,60,"NL","I"
179,7,60,"NL","I"
465,1,60,"NL","I"
14,27,60,"NL","I"
51,3,60,"NL","I"
376,4,60,"NL","I"
128,1,60,"NL","I"
181,1,60,"NL","I"
514,3,60,"NL","I"
470,4,61,"NL","I"
165,1,61,"NL","I"
377,3,61,"NL","I"
415,1,61,"NL","I"
264,1,61,"NL","I"
86,5,61,"NL","I"
315,1,61,"NL","I"
514,3,61,"NL","I"
28,26,61,"NL","I"
16,8,61,"NL","I"
343,6,61,"NL","I"
60,5,61,"NL","I"
465,1,62,"NL","I"
12,11,62,"NL","I"
124,1,62,"NL","I"
86,5,62,"NL","I"
483,3,62,"NL","I"
445,9,62,"NL","I"
524,1,62,"NL","I"
179,7,62,"NL","I"
285,1,62,"NL","I"
158,1,62,"NL","I"
439,1,62,"NL","I"
318,2,62,"NL","I"
508,19,63,"NL","I"
374,2,63,"NL","I"
279,1,63,"NL","I"
463,1,63,"NL","I"
425,3,63,"NL","I"
45,8,63,"NL","I"
39,1,63,"NL","I"
33,13,63,"NL","I"
59,5,63,"NL","I"
376,4,63,"NL","I"
12,11,63,"NL","I"
447,2,63,"NL","I"
499,36,64,"NL","I"
33,13,64,"NL","I"
370,1,64,"NL","I"
78,12,64,"NL","I"
364,2,64,"NL","I"
374,2,64,"NL","I"
514,3,64,"NL","I"
188,1,64,"NL","I"
173,1,64,"NL","I"
244,2,64,"NL","I"
301,1,64,"NL","I"
10,7,64,"NL","I"
124,1,65,"NL","I"
439,1,65,"NL","I"
361,3,65,"NL","I"
364,2,65,"NL","I"
190,1,65,"NL","I"
425,3,65,"NL","I"
16,8,65,"NL","I"
516,3,65,"NL","I"
64,14,65,"NL","I"
500,29,65,"NL","I"
465,1,65,"NL","I"
131,1,65,"NL","I"
372,1,66,"NL","I"
364,2,66,"NL","I"
166,1,66,"NL","I"
223,1,66,"NL","I"
513,2,66,"NL","I"
16,8,66,"NL","I"
30,3,66,"NL","I"
519,2,66,"NL","I"
237,1,66,"NL","I"
374,2,66,"NL","I"
190,1,66,"NL","I"
322,2,66,"NL","I"
7,10,67,"NL","I"
367,2,67,"NL","I"
504,40,67,"NL","I"
497,36,67,"NL","I"
190,1,67,"NL","I"
524,1,67,"NL","I"
166,1,67,"NL","I"
164,4,67,"NL","I"
440,1,67,"NL","I"
505,19,67,"NL","I"
189,1,67,"NL","I"
471,1,67,"NL","I"
249,2,68,"NL","I"
244,2,68,"NL","I"
24,5,68,"NL","I"
144,1,68,"NL","I"
503,25,68,"NL","I"
36,6,68,"NL","I"
86,5,68,"NL","I"
7,10,68,"NL","I"
301,1,68,"NL","I"
247,1,68,"NL","I"
23,8,68,"NL","I"
78,12,68,"NL","I"
417,1,69,"NL","I"
20,8,69,"NL","I"
523,4,69,"NL","I"
501,24,69,"NL","I"
138,3,69,"NL","I"
430,1,69,"NL","I"
38,6,69,"NL","I"
189,1,69,"NL","I"
142,1,69,"NL","I"
397,1,69,"NL","I"
390,1,69,"NL","I"
440,1,69,"NL","I"
179,7,70,"NL","I"
301,1,70,"NL","I"
304,1,70,"NL","I"
63,6,70,"NL","I"
500,29,70,"NL","I"
14,27,70,"NL","I"
144,1,70,"NL","I"
112,2,70,"NL","I"
522,1,70,"NL","I"
33,13,70,"NL","I"
360,3,70,"NL","I"
318,2,70,"NL","I"
430,1,71,"NL","I"
467,4,71,"NL","I"
371,1,71,"NL","I"
415,1,71,"NL","I"
540,3,71,"NL","I"
517,3,71,"NL","I"
57,12,71,"NL","I"
447,2,71,"NL","I"
8,6,71,"NL","I"
514,3,71,"NL","I"
32,11,71,"NL","I"
499,36,71,"NL","I"
170,1,72,"NL","I"
173,1,72,"NL","I"
508,19,72,"NL","I"
277,1,72,"NL","I"
16,8,72,"NL","I"
410,2,72,"NL","I"
56,7,72,"NL","I"
57,12,72,"NL","I"
381,3,72,"NL","I"
228,1,72,"NL","I"
28,26,72,"NL","I"
190,1,72,"NL","I"
377,3,73,"NL","I"
59,5,73,"NL","I"
369,2,73,"NL","I"
278,1,73,"NL","I"
30,3,73,"NL","I"
123,3,73,"NL","I"
496,33,73,"NL","I"
170,1,73,"NL","I"
142,1,73,"NL","I"
45,8,73,"NL","I"
430,1,73,"NL","I"
401,1,73,"NL","I"
445,9,74,"NL","I"
501,24,74,"NL","I"
499,36,74,"NL","I"
524,1,74,"NL","I"
504,40,74,"NL","I"
81,2,74,"NL","I"
78,12,74,"NL","I"
46,6,74,"NL","I"
534,3,74,"NL","I"
343,6,74,"NL","I"
303,5,74,"NL","I"
390,1,74,"NL","I"
300,1,75,"NL","I"
381,3,75,"NL","I"
26,52,75,"NL","I"
540,3,75,"NL","I"
59,5,75,"NL","I"
78,12,75,"NL","I"
282,1,75,"NL","I"
502,23,75,"NL","I"
7,10,75,"NL","I"
317,2,75,"NL","I"
278,1,75,"NL","I"
433,2,75,"NL","I"
389,2,76,"NL","I"
5,7,76,"NL","I"
390,1,76,"NL","I"
370,1,76,"NL","I"
348,2,76,"NL","I"
525,4,76,"NL","I"
57,12,76,"NL","I"
513,2,76,"NL","I"
326,1,76,"NL","I"
381,3,76,"NL","I"
344,1,76,"NL","I"
378,2,76,"NL","I"
5,7,77,"NL","I"
415,1,77,"NL","I"
59,5,77,"NL","I"
33,13,77,"NL","I"
500,29,77,"NL","I"
354,2,77,"NL","I"
237,1,77,"NL","I"
124,1,77,"NL","I"
12,11,77,"NL","I"
469,4,77,"NL","I"
483,3,77,"NL","I"
471,1,77,"NL","I"
77,21,78,"NL","I"
470,4,78,"NL","I"
170,1,78,"NL","I"
300,1,78,"NL","I"
285,1,78,"NL","I"
19,10,78,"NL","I"
367,2,78,"NL","I"
486,3,78,"NL","I"
371,1,78,"NL","I"
419,1,78,"NL","I"
397,1,78,"NL","I"
421,4,78,"NL","I"
300,1,79,"NL","I"
39,1,79,"NL","I"
508,19,79,"NL","I"
524,1,79,"NL","I"
82,1,79,"NL","I"
513,2,79,"NL","I"
17,6,79,"NL","I"
497,36,79,"NL","I"
266,1,79,"NL","I"
144,1,79,"NL","I"
81,2,79,"NL","I"
371,1,79,"NL","I"
496,33,80,"NL","I"
26,52,80,"NL","I"
381,3,80,"NL","I"
341,2,80,"NL","I"
534,3,80,"NL","I"
430,1,80,"NL","I"
422,3,80,"NL","I"
131,1,80,"NL","I"
326,1,80,"NL","I"
415,1,80,"NL","I"
368,1,80,"NL","I"
343,6,80,"NL","I"
322,2,81,"NL","I"
447,2,81,"NL","I"
82,1,81,"NL","I"
364,2,81,"NL","I"
279,1,81,"NL","I"
377,3,81,"NL","I"
501,24,81,"NL","I"
415,1,81,"NL","I"
14,27,81,"NL","I"
244,2,81,"NL","I"
164,4,81,"NL","I"
128,1,81,"NL","I"
372,1,82,"NL","I"
522,1,82,"NL","I"
415,1,82,"NL","I"
285,1,82,"NL","I"
181,1,82,"NL","I"
109,1,82,"NL","I"
165,1,82,"NL","I"
183,1,82,"NL","I"
24,5,82,"NL","I"
455,2,82,"NL","I"
381,3,82,"NL","I"
337,8,82,"NL","I"
126,4,83,"NL","I"
13,3,83,"NL","I"
381,3,83,"NL","I"
165,1,83,"NL","I"
458,1,83,"NL","I"
264,1,83,"NL","I"
435,1,83,"NL","I"
401,1,83,"NL","I"
150,1,83,"NL","I"
60,5,83,"NL","I"
41,2,83,"NL","I"
222,2,83,"NL","I"
426,1,84,"NL","I"
244,2,84,"NL","I"
301,1,84,"NL","I"
425,3,84,"NL","I"
82,1,84,"NL","I"
438,6,84,"NL","I"
44,18,84,"NL","I"
397,1,84,"NL","I"
348,2,84,"NL","I"
370,1,84,"NL","I"
437,1,84,"NL","I"
198,1,84,"NL","I"
501,24,85,"NL","I"
237,1,85,"NL","I"
248,2,85,"NL","I"
33,13,85,"NL","I"
41,2,85,"NL","I"
401,1,85,"NL","I"
354,2,85,"NL","I"
17,6,85,"NL","I"
249,2,85,"NL","I"
344,1,85,"NL","I"
144,1,85,"NL","I"
458,1,85,"NL","I"
126,4,86,"NL","I"
12,11,86,"NL","I"
5,7,86,"NL","I"
45,8,86,"NL","I"
150,1,86,"NL","I"
72,9,86,"NL","I"
81,2,86,"NL","I"
265,1,86,"NL","I"
425,3,86,"NL","I"
422,3,86,"NL","I"
13,3,86,"NL","I"
440,1,86,"NL","I"
13,3,87,"NL","I"
445,9,87,"NL","I"
343,6,87,"NL","I"
410,2,87,"NL","I"
105,1,87,"NL","I"
38,6,87,"NL","I"
516,3,87,"NL","I"
132,1,87,"NL","I"
150,1,87,"NL","I"
7,10,87,"NL","I"
112,2,87,"NL","I"
389,2,87,"NL","I"
504,40,88,"NL","I"
56,7,88,"NL","I"
81,2,88,"NL","I"
348,2,88,"NL","I"
80,6,88,"NL","I"
189,1,88,"NL","I"
24,5,88,"NL","I"
441,1,88,"NL","I"
410,2,88,"NL","I"
105,1,88,"NL","I"
255,1,88,"NL","I"
33,13,88,"NL","I"
397,1,89,"NL","I"
504,40,89,"NL","I"
469,4,89,"NL","I"
173,1,89,"NL","I"
264,1,89,"NL","I"
286,1,89,"NL","I"
463,1,89,"NL","I"
422,3,89,"NL","I"
430,1,89,"NL","I"
357,1,89,"NL","I"
211,1,89,"NL","I"
140,1,89,"NL","I"
5,7,90,"NL","I"
8,6,90,"NL","I"
126,4,90,"NL","I"
122,1,90,"NL","I"
81,2,90,"NL","I"
374,2,90,"NL","I"
401,1,90,"NL","I"
303,5,90,"NL","I"
132,1,90,"NL","I"
308,2,90,"NL","I"
62,8,90,"NL","I"
266,1,90,"NL","I"
244,2,91,"NL","I"
46,6,91,"NL","I"
164,4,91,"NL","I"
496,33,91,"NL","I"
277,1,91,"NL","I"
48,6,91,"NL","I"
62,8,91,"NL","I"
357,1,91,"NL","I"
433,2,91,"NL","I"
59,5,91,"NL","I"
126,4,91,"NL","I"
193,1,91,"NL","I"
179,7,92,"NL","I"
505,19,92,"NL","I"
300,1,92,"NL","I"
367,2,92,"NL","I"
341,2,92,"NL","I"
380,2,92,"NL","I"
140,1,92,"NL","I"
86,5,92,"NL","I"
371,1,92,"NL","I"
64,14,92,"NL","I"
170,1,92,"NL","I"
51,3,92,"NL","I"
415,1,93,"NL","I"
196,2,93,"NL","I"
523,4,93,"NL","I"
343,6,93,"NL","I"
522,1,93,"NL","I"
364,2,93,"NL","I"
437,1,93,"NL","I"
60,5,93,"NL","I"
401,1,93,"NL","I"
202,1,93,"NL","I"
534,3,93,"NL","I"
358,15,93,"NL","I"
308,2,94,"NL","I"
56,7,94,"NL","I"
72,9,94,"NL","I"
179,7,94,"NL","I"
441,1,94,"NL","I"
381,3,94,"NL","I"
348,2,94,"NL","I"
482,3,94,"NL","I"
141,1,94,"NL","I"
252,1,94,"NL","I"
315,1,94,"NL","I"
486,3,94,"NL","I"
381,3,95,"NL","I"
80,6,95,"NL","I"
447,2,95,"NL","I"
24,5,95,"NL","I"
211,1,95,"NL","I"
247,1,95,"NL","I"
304,1,95,"NL","I"
66,1,95,"NL","I"
417,1,95,"NL","I"
112,2,95,"NL","I"
483,3,95,"NL","I"
348,2,95,"NL","I"
421,4,96,"NL","I"
165,1,96,"NL","I"
138,3,96,"NL","I"
166,1,96,"NL","I"
64,14,96,"NL","I"
128,1,96,"NL","I"
415,1,96,"NL","I"
10,7,96,"NL","I"
439,1,96,"NL","I"
426,1,96,"NL","I"
381,3,96,"NL","I"
355,1,96,"NL","I"
77,21,97,"NL","I"
209,1,97,"NL","I"
394,1,97,"NL","I"
433,2,97,"NL","I"
447,2,97,"NL","I"
524,1,97,"NL","I"
48,6,97,"NL","I"
482,3,97,"NL","I"
540,3,97,"NL","I"
7,10,97,"NL","I"
64,14,97,"NL","I"
534,3,97,"NL","I"
188,1,98,"NL","I"
44,18,98,"NL","I"
193,1,98,"NL","I"
122,1,98,"NL","I"
357,1,98,"NL","I"
51,3,98,"NL","I"
142,1,98,"NL","I"
525,4,98,"NL","I"
517,3,98,"NL","I"
495,14,98,"NL","I"
286,1,98,"NL","I"
144,1,98,"NL","I"
78,12,99,"NL","I"
376,4,99,"NL","I"
80,6,99,"NL","I"
62,8,99,"NL","I"
266,1,99,"NL","I"
447,2,99,"NL","I"
483,3,99,"NL","I"
463,1,99,"NL","I"
500,29,99,"NL","I"
14,27,99,"NL","I"
445,9,99,"NL","I"
211,1,99,"NL","I"
247,1,100,"NL","I"
23,8,100,"NL","I"
318,2,100,"NL","I"
282,1,100,"NL","I"
343,6,100,"NL","I"
203,1,100,"NL","I"
278,1,100,"NL","I"
248,2,100,"NL","I"
26,52,100,"NL","I"
360,3,100,"NL","I"
374,2,100,"NL","I"
183,1,100,"NL","I"
165,1,101,"NL","I"
252,1,101,"NL","I"
86,5,101,"NL","I"
304,1,101,"NL","I"
59,5,101,"NL","I"
368,1,101,"NL","I"
522,1,101,"NL","I"
447,2,101,"NL","I"
45,8,101,"NL","I"
14,27,101,"NL","I"
364,2,101,"NL","I"
355,1,101,"NL","I"
455,2,102,"NL","I"
86,5,102,"NL","I"
247,1,102,"NL","I"
277,1,102,"NL","I"
437,1,102,"NL","I"
16,8,102,"NL","I"
502,23,102,"NL","I"
255,1,102,"NL","I"
17,6,102,"NL","I"
36,6,102,"NL","I"
209,1,102,"NL","I"
445,9,102,"NL","I"
138,3,103,"NL","I"
343,6,103,"NL","I"
337,8,103,"NL","I"
66,1,103,"NL","I"
499,36,103,"NL","I"
60,5,103,"NL","I"
322,2,103,"NL","I"
498,32,103,"NL","I"
364,2,103,"NL","I"
252,1,103,"NL","I"
419,1,103,"NL","I"
415,1,103,"NL","I"
513,2,104,"NL","I"
410,2,104,"NL","I"
45,8,104,"NL","I"
348,2,104,"NL","I"
198,1,104,"NL","I"
141,1,104,"NL","I"
440,1,104,"NL","I"
211,1,104,"NL","I"
522,1,104,"NL","I"
266,1,104,"NL","I"
143,1,104,"NL","I"
525,4,104,"NL","I"
198,1,105,"NL","I"
17,6,105,"NL","I"
142,1,105,"NL","I"
517,3,105,"NL","I"
237,1,105,"NL","I"
59,5,105,"NL","I"
28,26,105,"NL","I"
349,1,105,"NL","I"
140,1,105,"NL","I"
67,12,105,"NL","I"
315,1,105,"NL","I"
419,1,105,"NL","I"
77,21,106,"NL","I"
131,1,106,"NL","I"
465,1,106,"NL","I"
369,2,106,"NL","I"
190,1,106,"NL","I"
247,1,106,"NL","I"
91,9,106,"NL","I"
81,2,106,"NL","I"
363,1,106,"NL","I"
24,5,106,"NL","I"
378,2,106,"NL","I"
426,1,106,"NL","I"
170,1,107,"NL","I"
33,13,107,"NL","I"
439,1,107,"NL","I"
248,2,107,"NL","I"
138,3,107,"NL","I"
132,1,107,"NL","I"
505,19,107,"NL","I"
302,1,107,"NL","I"
376,4,107,"NL","I"
62,8,107,"NL","I"
534,3,107,"NL","I"
5,7,107,"NL","I"
126,4,108,"NL","I"
447,2,108,"NL","I"
482,3,108,"NL","I"
128,1,108,"NL","I"
198,1,108,"NL","I"
343,6,108,"NL","I"
56,7,108,"NL","I"
308,2,108,"NL","I"
304,1,108,"NL","I"
252,1,108,"NL","I"
188,1,108,"NL","I"
63,6,108,"NL","I"
48,6,109,"NL","I"
308,2,109,"NL","I"
252,1,109,"NL","I"
469,4,109,"NL","I"
173,1,109,"NL","I"
86,5,109,"NL","I"
222,2,109,"NL","I"
504,40,109,"NL","I"
12,11,109,"NL","I"
439,1,109,"NL","I"
248,2,109,"NL","I"
67,12,109,"NL","I"
469,4,110,"NL","I"
501,24,110,"NL","I"
341,2,110,"NL","I"
455,2,110,"NL","I"
48,6,110,"NL","I"
463,1,110,"NL","I"
502,23,110,"NL","I"
46,6,110,"NL","I"
303,5,110,"NL","I"
308,2,110,"NL","I"
496,33,110,"NL","I"
380,2,110,"NL","I"
179,7,111,"NL","I"
394,1,111,"NL","I"
166,1,111,"NL","I"
45,8,111,"NL","I"
469,4,111,"NL","I"
189,1,111,"NL","I"
440,1,111,"NL","I"
322,2,111,"NL","I"
514,3,111,"NL","I"
349,1,111,"NL","I"
126,4,111,"NL","I"
465,1,111,"NL","I"
132,1,112,"NL","I"
440,1,112,"NL","I"
285,1,112,"NL","I"
5,7,112,"NL","I"
144,1,112,"NL","I"
122,1,112,"NL","I"
378,2,112,"NL","I"
266,1,112,"NL","I"
33,13,112,"NL","I"
59,5,112,"NL","I"
317,2,112,"NL","I"
126,4,112,"NL","I"
467,4,113,"NL","I"
30,3,113,"NL","I"
486,3,113,"NL","I"
144,1,113,"NL","I"
401,1,113,"NL","I"
14,27,113,"NL","I"
455,2,113,"NL","I"
377,3,113,"NL","I"
439,1,113,"NL","I"
369,2,113,"NL","I"
422,3,113,"NL","I"
186,1,113,"NL","I"
467,4,114,"NL","I"
372,1,114,"NL","I"
122,1,114,"NL","I"
181,1,114,"NL","I"
48,6,114,"NL","I"
144,1,114,"NL","I"
11,32,114,"NL","I"
228,1,114,"NL","I"
344,1,114,"NL","I"
337,8,114,"NL","I"
433,2,114,"NL","I"
381,3,114,"NL","I"
232,3,115,"NL","I"
445,9,115,"NL","I"
165,1,115,"NL","I"
376,4,115,"NL","I"
368,1,115,"NL","I"
317,2,115,"NL","I"
143,1,115,"NL","I"
524,1,115,"NL","I"
277,1,115,"NL","I"
410,2,115,"NL","I"
369,2,115,"NL","I"
17,6,115,"NL","I"
196,2,116,"NL","I"
301,1,116,"NL","I"
302,1,116,"NL","I"
17,6,116,"NL","I"
28,26,116,"NL","I"
91,9,116,"NL","I"
519,2,116,"NL","I"
372,1,116,"NL","I"
277,1,116,"NL","I"
304,1,116,"NL","I"
14,27,116,"NL","I"
380,2,116,"NL","I"
370,1,117,"NL","I"
495,14,117,"NL","I"
36,6,117,"NL","I"
471,1,117,"NL","I"
368,1,117,"NL","I"
252,1,117,"NL","I"
237,1,117,"NL","I"
14,27,117,"NL","I"
76,7,117,"NL","I"
522,1,117,"NL","I"
131,1,117,"NL","I"
410,2,117,"NL","I"
67,12,118,"NL","I"
181,1,118,"NL","I"
496,33,118,"NL","I"
5,7,118,"NL","I"
44,18,118,"NL","I"
165,1,118,"NL","I"
522,1,118,"NL","I"
179,7,118,"NL","I"
252,1,118,"NL","I"
394,1,118,"NL","I"
62,8,118,"NL","I"
465,1,118,"NL","I"
360,3,119,"NL","I"
503,25,119,"NL","I"
337,8,119,"NL","I"
10,7,119,"NL","I"
13,3,119,"NL","I"
343,6,119,"NL","I"
202,1,119,"NL","I"
376,4,119,"NL","I"
369,2,119,"NL","I"
354,2,119,"NL","I"
504,40,119,"NL","I"
142,1,119,"NL","I"
158,1,120,"NL","I"
471,1,120,"NL","I"
91,9,120,"NL","I"
415,1,120,"NL","I"
317,2,120,"NL","I"
247,1,120,"NL","I"
30,3,120,"NL","I"
181,1,120,"NL","I"
437,1,120,"NL","I"
20,8,120,"NL","I"
78,12,120,"NL","I"
372,1,120,"NL","I"
211,1,121,"NL","I"
279,1,121,"NL","I"
72,9,121,"NL","I"
181,1,121,"NL","I"
433,2,121,"NL","I"
128,1,121,"NL","I"
28,26,121,"NL","I"
67,12,121,"NL","I"
437,1,121,"NL","I"
300,1,121,"NL","I"
112,2,121,"NL","I"
126,4,121,"NL","I"
23,8,122,"NL","I"
483,3,122,"NL","I"
508,19,122,"NL","I"
80,6,122,"NL","I"
181,1,122,"NL","I"
237,1,122,"NL","I"
524,1,122,"NL","I"
196,2,122,"NL","I"
61,46,122,"NL","I"
211,1,122,"NL","I"
150,1,122,"NL","I"
326,1,122,"NL","I"
378,2,123,"NL","I"
282,1,123,"NL","I"
344,1,123,"NL","I"
368,1,123,"NL","I"
308,2,123,"NL","I"
188,1,123,"NL","I"
343,6,123,"NL","I"
304,1,123,"NL","I"
410,2,123,"NL","I"
63,6,123,"NL","I"
138,3,123,"NL","I"
497,36,123,"NL","I"
19,10,124,"NL","I"
33,13,124,"NL","I"
318,2,124,"NL","I"
4,11,124,"NL","I"
265,1,124,"NL","I"
60,5,124,"NL","I"
252,1,124,"NL","I"
534,3,124,"NL","I"
82,1,124,"NL","I"
394,1,124,"NL","I"
500,29,124,"NL","I"
138,3,124,"NL","I"
354,2,125,"NL","I"
326,1,125,"NL","I"
249,2,125,"NL","I"
519,2,125,"NL","I"
371,1,125,"NL","I"
188,1,125,"NL","I"
44,18,125,"NL","I"
109,1,125,"NL","I"
141,1,125,"NL","I"
322,2,125,"NL","I"
59,5,125,"NL","I"
202,1,125,"NL","I"
363,1,126,"NL","I"
368,1,126,"NL","I"
371,1,126,"NL","I"
394,1,126,"NL","I"
77,21,126,"NL","I"
326,1,126,"NL","I"
522,1,126,"NL","I"
249,2,126,"NL","I"
514,3,126,"NL","I"
81,2,126,"NL","I"
430,1,126,"NL","I"
64,14,126,"NL","I"
124,1,127,"NL","I"
51,3,127,"NL","I"
232,3,127,"NL","I"
525,4,127,"NL","I"
158,1,127,"NL","I"
186,1,127,"NL","I"
390,1,127,"NL","I"
519,2,127,"NL","I"
465,1,127,"NL","I"
105,1,127,"NL","I"
455,2,127,"NL","I"
302,1,127,"NL","I"
380,2,128,"NL","I"
285,1,128,"NL","I"
140,1,128,"NL","I"
19,10,128,"NL","I"
223,1,128,"NL","I"
440,1,128,"NL","I"
364,2,128,"NL","I"
498,32,128,"NL","I"
360,3,128,"NL","I"
519,2,128,"NL","I"
186,1,128,"NL","I"
508,19,128,"NL","I"
112,2,129,"NL","I"
16,8,129,"NL","I"
209,1,129,"NL","I"
5,7,129,"NL","I"
248,2,129,"NL","I"
315,1,129,"NL","I"
264,1,129,"NL","I"
81,2,129,"NL","I"
10,7,129,"NL","I"
122,1,129,"NL","I"
438,6,129,"NL","I"
17,6,129,"NL","I"
250,1,130,"NL","I"
417,1,130,"NL","I"
390,1,130,"NL","I"
364,2,130,"NL","I"
471,1,130,"NL","I"
394,1,130,"NL","I"
20,8,130,"NL","I"
349,1,130,"NL","I"
337,8,130,"NL","I"
223,1,130,"NL","I"
265,1,130,"NL","I"
8,6,130,"NL","I"
38,6,131,"NL","I"
470,4,131,"NL","I"
186,1,131,"NL","I"
422,3,131,"NL","I"
523,4,131,"NL","I"
365,4,131,"NL","I"
247,1,131,"NL","I"
368,1,131,"NL","I"
198,1,131,"NL","I"
179,7,131,"NL","I"
86,5,131,"NL","I"
286,1,131,"NL","I"
374,2,132,"NL","I"
317,2,132,"NL","I"
463,1,132,"NL","I"
514,3,132,"NL","I"
86,5,132,"NL","I"
105,1,132,"NL","I"
523,4,132,"NL","I"
173,1,132,"NL","I"
33,13,132,"NL","I"
186,1,132,"NL","I"
123,3,132,"NL","I"
471,1,132,"NL","I"
66,1,133,"NL","I"
525,4,133,"NL","I"
193,1,133,"NL","I"
51,3,133,"NL","I"
24,5,133,"NL","I"
33,13,133,"NL","I"
286,1,133,"NL","I"
186,1,133,"NL","I"
364,2,133,"NL","I"
61,46,133,"NL","I"
13,3,133,"NL","I"
372,1,133,"NL","I"
181,1,134,"NL","I"
59,5,134,"NL","I"
303,5,134,"NL","I"
279,1,134,"NL","I"
504,40,134,"NL","I"
471,1,134,"NL","I"
198,1,134,"NL","I"
502,23,134,"NL","I"
45,8,134,"NL","I"
282,1,134,"NL","I"
60,5,134,"NL","I"
308,2,134,"NL","I"
67,12,135,"NL","I"
369,2,135,"NL","I"
86,5,135,"NL","I"
124,1,135,"NL","I"
150,1,135,"NL","I"
255,1,135,"NL","I"
303,5,135,"NL","I"
62,8,135,"NL","I"
371,1,135,"NL","I"
170,1,135,"NL","I"
540,3,135,"NL","I"
193,1,135,"NL","I"
285,1,136,"NL","I"
469,4,136,"NL","I"
300,1,136,"NL","I"
186,1,136,"NL","I"
517,3,136,"NL","I"
59,5,136,"NL","I"
440,1,136,"NL","I"
421,4,136,"NL","I"
496,33,136,"NL","I"
317,2,136,"NL","I"
341,2,136,"NL","I"
164,4,136,"NL","I"
232,3,137,"NL","I"
425,3,137,"NL","I"
126,4,137,"NL","I"
46,6,137,"NL","I"
300,1,137,"NL","I"
514,3,137,"NL","I"
349,1,137,"NL","I"
369,2,137,"NL","I"
186,1,137,"NL","I"
286,1,137,"NL","I"
244,2,137,"NL","I"
303,5,137,"NL","I"
302,1,138,"NL","I"
435,1,138,"NL","I"
499,36,138,"NL","I"
19,10,138,"NL","I"
374,2,138,"NL","I"
364,2,138,"NL","I"
467,4,138,"NL","I"
26,52,138,"NL","I"
81,2,138,"NL","I"
265,1,138,"NL","I"
455,2,138,"NL","I"
343,6,138,"NL","I"
46,6,139,"NL","I"
36,6,139,"NL","I"
211,1,139,"NL","I"
433,2,139,"NL","I"
430,1,139,"NL","I"
419,1,139,"NL","I"
315,1,139,"NL","I"
467,4,139,"NL","I"
322,2,139,"NL","I"
513,2,139,"NL","I"
132,1,139,"NL","I"
186,1,139,"NL","I"
505,19,140,"NL","I"
363,1,140,"NL","I"
437,1,140,"NL","I"
504,40,140,"NL","I"
143,1,140,"NL","I"
495,14,140,"NL","I"
8,6,140,"NL","I"
259,5,140,"NL","I"
365,4,140,"NL","I"
513,2,140,"NL","I"
265,1,140,"NL","I"
189,1,140,"NL","I"
247,1,141,"NL","I"
430,1,141,"NL","I"
222,2,141,"NL","I"
522,1,141,"NL","I"
47,11,141,"NL","I"
370,1,141,"NL","I"
322,2,141,"NL","I"
8,6,141,"NL","I"
36,6,141,"NL","I"
534,3,141,"NL","I"
112,2,141,"NL","I"
237,1,141,"NL","I"
252,1,142,"NL","I"
142,1,142,"NL","I"
344,1,142,"NL","I"
279,1,142,"NL","I"
4,11,142,"NL","I"
181,1,142,"NL","I"
64,14,142,"NL","I"
308,2,142,"NL","I"
372,1,142,"NL","I"
277,1,142,"NL","I"
317,2,142,"NL","I"
131,1,142,"NL","I"
315,1,143,"NL","I"
358,15,143,"NL","I"
278,1,143,"NL","I"
186,1,143,"NL","I"
64,14,143,"NL","I"
426,1,143,"NL","I"
47,11,143,"NL","I"
371,1,143,"NL","I"
355,1,143,"NL","I"
66,1,143,"NL","I"
365,4,143,"NL","I"
516,3,143,"NL","I"
20,8,144,"NL","I"
367,2,144,"NL","I"
433,2,144,"NL","I"
150,1,144,"NL","I"
76,7,144,"NL","I"
259,5,144,"NL","I"
315,1,144,"NL","I"
341,2,144,"NL","I"
265,1,144,"NL","I"
255,1,144,"NL","I"
344,1,144,"NL","I"
86,5,144,"NL","I"
12,11,145,"NL","I"
47,11,145,"NL","I"
190,1,145,"NL","I"
504,40,145,"NL","I"
11,32,145,"NL","I"
430,1,145,"NL","I"
397,1,145,"NL","I"
322,2,145,"NL","I"
300,1,145,"NL","I"
470,4,145,"NL","I"
496,33,145,"NL","I"
248,2,145,"NL","I"
513,2,146,"NL","I"
377,3,146,"NL","I"
318,2,146,"NL","I"
430,1,146,"NL","I"
247,1,146,"NL","I"
128,1,146,"NL","I"
250,1,146,"NL","I"
198,1,146,"NL","I"
367,2,146,"NL","I"
322,2,146,"NL","I"
374,2,146,"NL","I"
482,3,146,"NL","I"
13,3,147,"NL","I"
349,1,147,"NL","I"
8,6,147,"NL","I"
228,1,147,"NL","I"
519,2,147,"NL","I"
371,1,147,"NL","I"
190,1,147,"NL","I"
410,2,147,"NL","I"
441,1,147,"NL","I"
250,1,147,"NL","I"
540,3,147,"NL","I"
80,6,147,"NL","I"
348,2,148,"NL","I"
517,3,148,"NL","I"
430,1,148,"NL","I"
179,7,148,"NL","I"
237,1,148,"NL","I"
435,1,148,"NL","I"
78,12,148,"NL","I"
497,36,148,"NL","I"
20,8,148,"NL","I"
486,3,148,"NL","I"
244,2,148,"NL","I"
82,1,148,"NL","I"
17,6,149,"NL","I"
140,1,149,"NL","I"
265,1,149,"NL","I"
86,5,149,"NL","I"
499,36,149,"NL","I"
502,23,149,"NL","I"
142,1,149,"NL","I"
158,1,149,"NL","I"
394,1,149,"NL","I"
123,3,149,"NL","I"
410,2,149,"NL","I"
56,7,149,"NL","I"
196,2,150,"NL","I"
123,3,150,"NL","I"
374,2,150,"NL","I"
91,9,150,"NL","I"
447,2,150,"NL","I"
277,1,150,"NL","I"
259,5,150,"NL","I"
378,2,150,"NL","I"
315,1,150,"NL","I"
228,1,150,"NL","I"
279,1,150,"NL","I"
63,6,150,"NL","I"
282,1,151,"NL","I"
255,1,151,"NL","I"
36,6,151,"NL","I"
248,2,151,"NL","I"
445,9,151,"NL","I"
349,1,151,"NL","I"
308,2,151,"NL","I"
250,1,151,"NL","I"
372,1,151,"NL","I"
14,27,151,"NL","I"
60,5,151,"NL","I"
341,2,151,"NL","I"
301,1,152,"NL","I"
12,11,152,"NL","I"
380,2,152,"NL","I"
503,25,152,"NL","I"
10,7,152,"NL","I"
4,11,152,"NL","I"
41,2,152,"NL","I"
5,7,152,"NL","I"
247,1,152,"NL","I"
112,2,152,"NL","I"
196,2,152,"NL","I"
266,1,152,"NL","I"
142,1,153,"NL","I"
10,7,153,"NL","I"
486,3,153,"NL","I"
247,1,153,"NL","I"
223,1,153,"NL","I"
377,3,153,"NL","I"
439,1,153,"NL","I"
143,1,153,"NL","I"
368,1,153,"NL","I"
445,9,153,"NL","I"
343,6,153,"NL","I"
188,1,153,"NL","I"
166,1,154,"NL","I"
367,2,154,"NL","I"
63,6,154,"NL","I"
363,1,154,"NL","I"
523,4,154,"NL","I"
51,3,154,"NL","I"
223,1,154,"NL","I"
496,33,154,"NL","I"
278,1,154,"NL","I"
264,1,154,"NL","I"
86,5,154,"NL","I"
8,6,154,"NL","I"
259,5,155,"NL","I"
369,2,155,"NL","I"
447,2,155,"NL","I"
59,5,155,"NL","I"
7,10,155,"NL","I"
13,3,155,"NL","I"
30,3,155,"NL","I"
337,8,155,"NL","I"
425,3,155,"NL","I"
183,1,155,"NL","I"
164,4,155,"NL","I"
179,7,155,"NL","I"
38,6,156,"NL","I"
91,9,156,"NL","I"
63,6,156,"NL","I"
170,1,156,"NL","I"
419,1,156,"NL","I"
32,11,156,"NL","I"
389,2,156,"NL","I"
380,2,156,"NL","I"
4,11,156,"NL","I"
433,2,156,"NL","I"
279,1,156,"NL","I"
367,2,156,"NL","I"
381,3,157,"NL","I"
500,29,157,"NL","I"
433,2,157,"NL","I"
140,1,157,"NL","I"
179,7,157,"NL","I"
368,1,157,"NL","I"
380,2,157,"NL","I"
300,1,157,"NL","I"
10,7,157,"NL","I"
48,6,157,"NL","I"
438,6,157,"NL","I"
12,11,157,"NL","I"
524,1,158,"NL","I"
374,2,158,"NL","I"
415,1,158,"NL","I"
523,4,158,"NL","I"
278,1,158,"NL","I"
471,1,158,"NL","I"
348,2,158,"NL","I"
401,1,158,"NL","I"
259,5,158,"NL","I"
276,2,158,"NL","I"
158,1,158,"NL","I"
517,3,158,"NL","I"
61,46,159,"NL","I"
401,1,159,"NL","I"
447,2,159,"NL","I"
223,1,159,"NL","I"
465,1,159,"NL","I"
425,3,159,"NL","I"
516,3,159,"NL","I"
249,2,159,"NL","I"
285,1,159,"NL","I"
437,1,159,"NL","I"
439,1,159,"NL","I"
540,3,159,"NL","I"
377,3,160,"NL","I"
266,1,160,"NL","I"
370,1,160,"NL","I"
497,36,160,"NL","I"
51,3,160,"NL","I"
523,4,160,"NL","I"
78,12,160,"NL","I"
514,3,160,"NL","I"
437,1,160,"NL","I"
343,6,160,"NL","I"
286,1,160,"NL","I"
13,3,160,"NL","I"
265,1,161,"NL","I"
72,9,161,"NL","I"
202,1,161,"NL","I"
211,1,161,"NL","I"
279,1,161,"NL","I"
28,26,161,"NL","I"
189,1,161,"NL","I"
143,1,161,"NL","I"
470,4,161,"NL","I"
376,4,161,"NL","I"
223,1,161,"NL","I"
371,1,161,"NL","I"
76,7,162,"NL","I"
131,1,162,"NL","I"
505,19,162,"NL","I"
369,2,162,"NL","I"
435,1,162,"NL","I"
495,14,162,"NL","I"
63,6,162,"NL","I"
252,1,162,"NL","I"
426,1,162,"NL","I"
517,3,162,"NL","I"
372,1,162,"NL","I"
77,21,162,"NL","I"
143,1,163,"NL","I"
170,1,163,"NL","I"
497,36,163,"NL","I"
109,1,163,"NL","I"
59,5,163,"NL","I"
60,5,163,"NL","I"
36,6,163,"NL","I"
82,1,163,"NL","I"
322,2,163,"NL","I"
237,1,163,"NL","I"
394,1,163,"NL","I"
249,2,163,"NL","I"
17,6,164,"NL","I"
524,1,164,"NL","I"
470,4,164,"NL","I"
203,1,164,"NL","I"
266,1,164,"NL","I"
410,2,164,"NL","I"
440,1,164,"NL","I"
364,2,164,"NL","I"
381,3,164,"NL","I"
286,1,164,"NL","I"
508,19,164,"NL","I"
249,2,164,"NL","I"
500,29,165,"NL","I"
440,1,165,"NL","I"
232,3,165,"NL","I"
57,12,165,"NL","I"
441,1,165,"NL","I"
56,7,165,"NL","I"
72,9,165,"NL","I"
14,27,165,"NL","I"
81,2,165,"NL","I"
8,6,165,"NL","I"
45,8,165,"NL","I"
32,11,165,"NL","I"
301,1,166,"NL","I"
164,4,166,"NL","I"
303,5,166,"NL","I"
381,3,166,"NL","I"
499,36,166,"NL","I"
370,1,166,"NL","I"
12,11,166,"NL","I"
19,10,166,"NL","I"
170,1,166,"NL","I"
78,12,166,"NL","I"
315,1,166,"NL","I"
343,6,166,"NL","I"
516,3,167,"NL","I"
12,11,167,"NL","I"
255,1,167,"NL","I"
369,2,167,"NL","I"
361,3,167,"NL","I"
28,26,167,"NL","I"
343,6,167,"NL","I"
439,1,167,"NL","I"
360,3,167,"NL","I"
196,2,167,"NL","I"
198,1,167,"NL","I"
8,6,167,"NL","I"
237,1,168,"NL","I"
441,1,168,"NL","I"
495,14,168,"NL","I"
63,6,168,"NL","I"
376,4,168,"NL","I"
189,1,168,"NL","I"
503,25,168,"NL","I"
13,3,168,"NL","I"
439,1,168,"NL","I"
10,7,168,"NL","I"
440,1,168,"NL","I"
463,1,168,"NL","I"
300,1,169,"NL","I"
56,7,169,"NL","I"
285,1,169,"NL","I"
301,1,169,"NL","I"
467,4,169,"NL","I"
123,3,169,"NL","I"
363,1,169,"NL","I"
389,2,169,"NL","I"
41,2,169,"NL","I"
62,8,169,"NL","I"
315,1,169,"NL","I"
141,1,169,"NL","I"
248,2,170,"NL","I"
467,4,170,"NL","I"
419,1,170,"NL","I"
32,11,170,"NL","I"
308,2,170,"NL","I"
279,1,170,"NL","I"
337,8,170,"NL","I"
77,21,170,"NL","I"
433,2,170,"NL","I"
264,1,170,"NL","I"
397,1,170,"NL","I"
19,10,170,"NL","I"
211,1,171,"NL","I"
20,8,171,"NL","I"
46,6,171,"NL","I"
122,1,171,"NL","I"
368,1,171,"NL","I"
369,2,171,"NL","I"
422,3,171,"NL","I"
140,1,171,"NL","I"
33,13,171,"NL","I"
278,1,171,"NL","I"
248,2,171,"NL","I"
326,1,171,"NL","I"
465,1,172,"NL","I"
401,1,172,"NL","I"
16,8,172,"NL","I"
435,1,172,"NL","I"
250,1,172,"NL","I"
47,11,172,"NL","I"
499,36,172,"NL","I"
523,4,172,"NL","I"
522,1,172,"NL","I"
433,2,172,"NL","I"
190,1,172,"NL","I"
140,1,172,"NL","I"
322,2,173,"NL","I"
183,1,173,"NL","I"
105,1,173,"NL","I"
47,11,173,"NL","I"
303,5,173,"NL","I"
196,2,173,"NL","I"
439,1,173,"NL","I"
142,1,173,"NL","I"
165,1,173,"NL","I"
10,7,173,"NL","I"
278,1,173,"NL","I"
244,2,173,"NL","I"
244,2,174,"NL","I"
486,3,174,"NL","I"
522,1,174,"NL","I"
304,1,174,"NL","I"
441,1,174,"NL","I"
516,3,174,"NL","I"
252,1,174,"NL","I"
277,1,174,"NL","I"
322,2,174,"NL","I"
46,6,174,"NL","I"
203,1,174,"NL","I"
370,1,174,"NL","I"
435,1,175,"NL","I"
170,1,175,"NL","I"
51,3,175,"NL","I"
430,1,175,"NL","I"
483,3,175,"NL","I"
377,3,175,"NL","I"
326,1,175,"NL","I"
486,3,175,"NL","I"
8,6,175,"NL","I"
105,1,175,"NL","I"
4,11,175,"NL","I"
14,27,175,"NL","I"
211,1,176,"NL","I"
86,5,176,"NL","I"
397,1,176,"NL","I"
259,5,176,"NL","I"
349,1,176,"NL","I"
519,2,176,"NL","I"
203,1,176,"NL","I"
381,3,176,"NL","I"
252,1,176,"NL","I"
28,26,176,"NL","I"
438,6,176,"NL","I"
41,2,176,"NL","I"
11,32,177,"NL","I"
504,40,177,"NL","I"
26,52,177,"NL","I"
33,13,177,"NL","I"
369,2,177,"NL","I"
500,29,177,"NL","I"
343,6,177,"NL","I"
77,21,177,"NL","I"
486,3,177,"NL","I"
498,32,177,"NL","I"
170,1,177,"NL","I"
72,9,177,"NL","I"
265,1,178,"NL","I"
354,2,178,"NL","I"
282,1,178,"NL","I"
415,1,178,"NL","I"
26,52,178,"NL","I"
430,1,178,"NL","I"
244,2,178,"NL","I"
47,11,178,"NL","I"
67,12,178,"NL","I"
363,1,178,"NL","I"
447,2,178,"NL","I"
165,1,178,"NL","I"
14,27,179,"NL","I"
131,1,179,"NL","I"
158,1,179,"NL","I"
458,1,179,"NL","I"
390,1,179,"NL","I"
66,1,179,"NL","I"
304,1,179,"NL","I"
86,5,179,"NL","I"
426,1,179,"NL","I"
516,3,179,"NL","I"
247,1,179,"NL","I"
179,7,179,"NL","I"
244,2,180,"NL","I"
483,3,180,"NL","I"
264,1,180,"NL","I"
341,2,180,"NL","I"
112,2,180,"NL","I"
303,5,180,"NL","I"
301,1,180,"NL","I"
105,1,180,"NL","I"
26,52,180,"NL","I"
181,1,180,"NL","I"
279,1,180,"NL","I"
358,15,180,"NL","I"
59,5,181,"NL","I"
315,1,181,"NL","I"
64,14,181,"NL","I"
471,1,181,"NL","I"
286,1,181,"NL","I"
525,4,181,"NL","I"
105,1,181,"NL","I"
389,2,181,"NL","I"
12,11,181,"NL","I"
516,3,181,"NL","I"
343,6,181,"NL","I"
124,1,181,"NL","I"
486,3,182,"NL","I"
12,11,182,"NL","I"
348,2,182,"NL","I"
371,1,182,"NL","I"
525,4,182,"NL","I"
514,3,182,"NL","I"
389,2,182,"NL","I"
524,1,182,"NL","I"
337,8,182,"NL","I"
91,9,182,"NL","I"
198,1,182,"NL","I"
86,5,182,"NL","I"
470,4,183,"NL","I"
17,6,183,"NL","I"
76,7,183,"NL","I"
62,8,183,"NL","I"
372,1,183,"NL","I"
203,1,183,"NL","I"
82,1,183,"NL","I"
80,6,183,"NL","I"
252,1,183,"NL","I"
122,1,183,"NL","I"
374,2,183,"NL","I"
196,2,183,"NL","I"
523,4,184,"NL","I"
51,3,184,"NL","I"
470,4,184,"NL","I"
389,2,184,"NL","I"
8,6,184,"NL","I"
524,1,184,"NL","I"
223,1,184,"NL","I"
109,1,184,"NL","I"
440,1,184,"NL","I"
198,1,184,"NL","I"
36,6,184,"NL","I"
286,1,184,"NL","I"
440,1,185,"NL","I"
425,3,185,"NL","I"
470,4,185,"NL","I"
19,10,185,"NL","I"
322,2,185,"NL","I"
458,1,185,"NL","I"
81,2,185,"NL","I"
308,2,185,"NL","I"
41,2,185,"NL","I"
17,6,185,"NL","I"
264,1,185,"NL","I"
38,6,185,"NL","I"
540,3,186,"NL","I"
439,1,186,"NL","I"
112,2,186,"NL","I"
20,8,186,"NL","I"
417,1,186,"NL","I"
357,1,186,"NL","I"
122,1,186,"NL","I"
62,8,186,"NL","I"
278,1,186,"NL","I"
86,5,186,"NL","I"
419,1,186,"NL","I"
17,6,186,"NL","I"
365,4,187,"NL","I"
483,3,187,"NL","I"
426,1,187,"NL","I"
308,2,187,"NL","I"
228,1,187,"NL","I"
524,1,187,"NL","I"
322,2,187,"NL","I"
144,1,187,"NL","I"
486,3,187,"NL","I"
128,1,187,"NL","I"
232,3,187,"NL","I"
534,3,187,"NL","I"
371,1,188,"NL","I"
277,1,188,"NL","I"
278,1,188,"NL","I"
223,1,188,"NL","I"
440,1,188,"NL","I"
123,3,188,"NL","I"
322,2,188,"NL","I"
77,21,188,"NL","I"
237,1,188,"NL","I"
486,3,188,"NL","I"
437,1,188,"NL","I"
248,2,188,"NL","I"
445,9,189,"NL","I"
348,2,189,"NL","I"
77,21,189,"NL","I"
502,23,189,"NL","I"
20,8,189,"NL","I"
63,6,189,"NL","I"
91,9,189,"NL","I"
394,1,189,"NL","I"
440,1,189,"NL","I"
470,4,189,"NL","I"
364,2,189,"NL","I"
10,7,189,"NL","I"
183,1,190,"NL","I"
77,21,190,"NL","I"
91,9,190,"NL","I"
394,1,190,"NL","I"
439,1,190,"NL","I"
505,19,190,"NL","I"
397,1,190,"NL","I"
13,3,190,"NL","I"
112,2,190,"NL","I"
364,2,190,"NL","I"
56,7,190,"NL","I"
415,1,190,"NL","I"
51,3,191,"NL","I"
277,1,191,"NL","I"
469,4,191,"NL","I"
248,2,191,"NL","I"
517,3,191,"NL","I"
82,1,191,"NL","I"
326,1,191,"NL","I"
525,4,191,"NL","I"
369,2,191,"NL","I"
508,19,191,"NL","I"
13,3,191,"NL","I"
249,2,191,"NL","I"
91,9,192,"NL","I"
237,1,192,"NL","I"
140,1,192,"NL","I"
232,3,192,"NL","I"
20,8,192,"NL","I"
190,1,192,"NL","I"
410,2,192,"NL","I"
202,1,192,"NL","I"
482,3,192,"NL","I"
303,5,192,"NL","I"
76,7,192,"NL","I"
455,2,192,"NL","I"
16,8,193,"NL","I"
13,3,193,"NL","I"
355,1,193,"NL","I"
357,1,193,"NL","I"
51,3,193,"NL","I"
57,12,193,"NL","I"
516,3,193,"NL","I"
66,1,193,"NL","I"
441,1,193,"NL","I"
5,7,193,"NL","I"
504,40,193,"NL","I"
315,1,193,"NL","I"
300,1,194,"NL","I"
188,1,194,"NL","I"
44,18,194,"NL","I"
302,1,194,"NL","I"
286,1,194,"NL","I"
308,2,194,"NL","I"
76,7,194,"NL","I"
105,1,194,"NL","I"
186,1,194,"NL","I"
211,1,194,"NL","I"
513,2,194,"NL","I"
486,3,194,"NL","I"
33,13,195,"NL","I"
455,2,195,"NL","I"
28,26,195,"NL","I"
502,23,195,"NL","I"
144,1,195,"NL","I"
247,1,195,"NL","I"
422,3,195,"NL","I"
123,3,195,"NL","I"
470,4,195,"NL","I"
441,1,195,"NL","I"
482,3,195,"NL","I"
505,19,195,"NL","I"
138,3,196,"NL","I"
24,5,196,"NL","I"
36,6,196,"NL","I"
519,2,196,"NL","I"
250,1,196,"NL","I"
14,27,196,"NL","I"
377,3,196,"NL","I"
455,2,196,"NL","I"
364,2,196,"NL","I"
438,6,196,"NL","I"
341,2,196,"NL","I"
482,3,196,"NL","I"
367,2,197,"NL","I"
415,1,197,"NL","I"
51,3,197,"NL","I"
315,1,197,"NL","I"
496,33,197,"NL","I"
16,8,197,"NL","I"
248,2,197,"NL","I"
497,36,197,"NL","I"
10,7,197,"NL","I"
266,1,197,"NL","I"
467,4,197,"NL","I"
364,2,197,"NL","I"
279,1,198,"NL","I"
447,2,198,"NL","I"
144,1,198,"NL","I"
193,1,198,"NL","I"
72,9,198,"NL","I"
389,2,198,"NL","I"
415,1,198,"NL","I"
244,2,198,"NL","I"
105,1,198,"NL","I"
285,1,198,"NL","I"
513,2,198,"NL","I"
237,1,198,"NL","I"
276,2,199,"NL","I"
193,1,199,"NL","I"
440,1,199,"NL","I"
447,2,199,"NL","I"
371,1,199,"NL","I"
196,2,199,"NL","I"
14,27,199,"NL","I"
10,7,199,"NL","I"
469,4,199,"NL","I"
66,1,199,"NL","I"
516,3,199,"NL","I"
72,9,199,"NL","I"
122,1,200,"NL","I"
91,9,200,"NL","I"
140,1,200,"NL","I"
11,32,200,"NL","I"
421,4,200,"NL","I"
45,8,200,"NL","I"
363,1,200,"NL","I"
30,3,200,"NL","I"
380,2,200,"NL","I"
430,1,200,"NL","I"
349,1,200,"NL","I"
374,2,200,"NL","I"
250,1,201,"NL","I"
259,5,201,"NL","I"
164,4,201,"NL","I"
7,10,201,"NL","I"
337,8,201,"NL","I"
11,32,201,"NL","I"
513,2,201,"NL","I"
302,1,201,"NL","I"
232,3,201,"NL","I"
522,1,201,"NL","I"
112,2,201,"NL","I"
209,1,201,"NL","I"
8,6,202,"NL","I"
470,4,202,"NL","I"
496,33,202,"NL","I"
198,1,202,"NL","I"
394,1,202,"NL","I"
60,5,202,"NL","I"
341,2,202,"NL","I"
433,2,202,"NL","I"
279,1,202,"NL","I"
441,1,202,"NL","I"
439,1,202,"NL","I"
276,2,202,"NL","I"
455,2,203,"NL","I"
354,2,203,"NL","I"
363,1,203,"NL","I"
179,7,203,"NL","I"
435,1,203,"NL","I"
514,3,203,"NL","I"
372,1,203,"NL","I"
5,7,203,"NL","I"
181,1,203,"NL","I"
438,6,203,"NL","I"
56,7,203,"NL","I"
504,40,203,"NL","I"
203,1,204,"NL","I"
368,1,204,"NL","I"
198,1,204,"NL","I"
173,1,204,"NL","I"
469,4,204,"NL","I"
318,2,204,"NL","I"
322,2,204,"NL","I"
437,1,204,"NL","I"
441,1,204,"NL","I"
540,3,204,"NL","I"
252,1,204,"NL","I"
181,1,204,"NL","I"
39,1,205,"NL","I"
504,40,205,"NL","I"
248,2,205,"NL","I"
277,1,205,"NL","I"
401,1,205,"NL","I"
337,8,205,"NL","I"
354,2,205,"NL","I"
46,6,205,"NL","I"
196,2,205,"NL","I"
516,3,205,"NL","I"
60,5,205,"NL","I"
419,1,205,"NL","I"
12,11,206,"NL","I"
255,1,206,"NL","I"
497,36,206,"NL","I"
244,2,206,"NL","I"
508,19,206,"NL","I"
496,33,206,"NL","I"
354,2,206,"NL","I"
26,52,206,"NL","I"
30,3,206,"NL","I"
422,3,206,"NL","I"
500,29,206,"NL","I"
364,2,206,"NL","I"
483,3,207,"NL","I"
266,1,207,"NL","I"
64,14,207,"NL","I"
317,2,207,"NL","I"
326,1,207,"NL","I"
10,7,207,"NL","I"
517,3,207,"NL","I"
223,1,207,"NL","I"
51,3,207,"NL","I"
77,21,207,"NL","I"
173,1,207,"NL","I"
80,6,207,"NL","I"
24,5,208,"NL","I"
435,1,208,"NL","I"
81,2,208,"NL","I"
415,1,208,"NL","I"
326,1,208,"NL","I"
367,2,208,"NL","I"
380,2,208,"NL","I"
41,2,208,"NL","I"
26,52,208,"NL","I"
265,1,208,"NL","I"
470,4,208,"NL","I"
426,1,208,"NL","I"
514,3,209,"NL","I"
471,1,209,"NL","I"
378,2,209,"NL","I"
318,2,209,"NL","I"
44,18,209,"NL","I"
183,1,209,"NL","I"
286,1,209,"NL","I"
508,19,209,"NL","I"
122,1,209,"NL","I"
355,1,209,"NL","I"
368,1,209,"NL","I"
361,3,209,"NL","I"
381,3,210,"NL","I"
322,2,210,"NL","I"
389,2,210,"NL","I"
77,21,210,"NL","I"
190,1,210,"NL","I"
433,2,210,"NL","I"
300,1,210,"NL","I"
516,3,210,"NL","I"
67,12,210,"NL","I"
471,1,210,"NL","I"
522,1,210,"NL","I"
279,1,210,"NL","I"
357,1,211,"NL","I"
16,8,211,"NL","I"
181,1,211,"NL","I"
67,12,211,"NL","I"
368,1,211,"NL","I"
286,1,211,"NL","I"
513,2,211,"NL","I"
417,1,211,"NL","I"
198,1,211,"NL","I"
394,1,211,"NL","I"
322,2,211,"NL","I"
244,2,211,"NL","I"
24,5,212,"NL","I"
374,2,212,"NL","I"
439,1,212,"NL","I"
209,1,212,"NL","I"
501,24,212,"NL","I"
286,1,212,"NL","I"
349,1,212,"NL","I"
415,1,212,"NL","I"
318,2,212,"NL","I"
326,1,212,"NL","I"
44,18,212,"NL","I"
499,36,212,"NL","I"
415,1,213,"NL","I"
181,1,213,"NL","I"
59,5,213,"NL","I"
198,1,213,"NL","I"
469,4,213,"NL","I"
504,40,213,"NL","I"
422,3,213,"NL","I"
343,6,213,"NL","I"
259,5,213,"NL","I"
367,2,213,"NL","I"
465,1,213,"NL","I"
23,8,213,"NL","I"
14,27,214,"NL","I"
439,1,214,"NL","I"
91,9,214,"NL","I"
20,8,214,"NL","I"
282,1,214,"NL","I"
470,4,214,"NL","I"
56,7,214,"NL","I"
164,4,214,"NL","I"
469,4,214,"NL","I"
377,3,214,"NL","I"
7,10,214,"NL","I"
66,1,214,"NL","I"
318,2,215,"NL","I"
371,1,215,"NL","I"
303,5,215,"NL","I"
211,1,215,"NL","I"
279,1,215,"NL","I"
308,2,215,"NL","I"
265,1,215,"NL","I"
59,5,215,"NL","I"
368,1,215,"NL","I"
378,2,215,"NL","I"
372,1,215,"NL","I"
138,3,215,"NL","I"
317,2,216,"NL","I"
10,7,216,"NL","I"
23,8,216,"NL","I"
360,3,216,"NL","I"
48,6,216,"NL","I"
36,6,216,"NL","I"
60,5,216,"NL","I"
259,5,216,"NL","I"
132,1,216,"NL","I"
188,1,216,"NL","I"
300,1,216,"NL","I"
30,3,216,"NL","I"
47,11,217,"NL","I"
244,2,217,"NL","I"
277,1,217,"NL","I"
364,2,217,"NL","I"
357,1,217,"NL","I"
128,1,217,"NL","I"
369,2,217,"NL","I"
344,1,217,"NL","I"
486,3,217,"NL","I"
440,1,217,"NL","I"
501,24,217,"NL","I"
282,1,217,"NL","I"
519,2,218,"NL","I"
369,2,218,"NL","I"
164,4,218,"NL","I"
317,2,218,"NL","I"
358,15,218,"NL","I"
374,2,218,"NL","I"
389,2,218,"NL","I"
66,1,218,"NL","I"
64,14,218,"NL","I"
415,1,218,"NL","I"
499,36,218,"NL","I"
196,2,218,"NL","I"
150,1,219,"NL","I"
170,1,219,"NL","I"
440,1,219,"NL","I"
499,36,219,"NL","I"
349,1,219,"NL","I"
266,1,219,"NL","I"
433,2,219,"NL","I"
203,1,219,"NL","I"
223,1,219,"NL","I"
61,46,219,"NL","I"
66,1,219,"NL","I"
138,3,219,"NL","I"
109,1,220,"NL","I"
44,18,220,"NL","I"
203,1,220,"NL","I"
67,12,220,"NL","I"
183,1,220,"NL","I"
5,7,220,"NL","I"
368,1,220,"NL","I"
250,1,220,"NL","I"
426,1,220,"NL","I"
337,8,220,"NL","I"
24,5,220,"NL","I"
39,1,220,"NL","I"
426,1,221,"NL","I"
455,2,221,"NL","I"
360,3,221,"NL","I"
410,2,221,"NL","I"
82,1,221,"NL","I"
142,1,221,"NL","I"
435,1,221,"NL","I"
30,3,221,"NL","I"
523,4,221,"NL","I"
349,1,221,"NL","I"
223,1,221,"NL","I"
498,32,221,"NL","I"
381,3,222,"NL","I"
517,3,222,"NL","I"
47,11,222,"NL","I"
504,40,222,"NL","I"
394,1,222,"NL","I"
14,27,222,"NL","I"
516,3,222,"NL","I"
308,2,222,"NL","I"
183,1,222,"NL","I"
41,2,222,"NL","I"
56,7,222,"NL","I"
123,3,222,"NL","I"
60,5,223,"NL","I"
20,8,223,"NL","I"
374,2,223,"NL","I"
10,7,223,"NL","I"
66,1,223,"NL","I"
371,1,223,"NL","I"
188,1,223,"NL","I"
33,13,223,"NL","I"
63,6,223,"NL","I"
341,2,223,"NL","I"
179,7,223,"NL","I"
14,27,223,"NL","I"
440,1,224,"NL","I"
425,3,224,"NL","I"
318,2,224,"NL","I"
78,12,224,"NL","I"
522,1,224,"NL","I"
279,1,224,"NL","I"
378,2,224,"NL","I"
26,52,224,"NL","I"
46,6,224,"NL","I"
170,1,224,"NL","I"
354,2,224,"NL","I"
266,1,224,"NL","I"
367,2,225,"NL","I"
91,9,225,"NL","I"
140,1,225,"NL","I"
81,2,225,"NL","I"
39,1,225,"NL","I"
255,1,225,"NL","I"
496,33,225,"NL","I"
410,2,225,"NL","I"
276,2,225,"NL","I"
47,11,225,"NL","I"
164,4,225,"NL","I"
72,9,225,"NL","I"
5,7,226,"NL","I"
440,1,226,"NL","I"
105,1,226,"NL","I"
19,10,226,"NL","I"
495,14,226,"NL","I"
248,2,226,"NL","I"
439,1,226,"NL","I"
540,3,226,"NL","I"
425,3,226,"NL","I"
377,3,226,"NL","I"
45,8,226,"NL","I"
282,1,226,"NL","I"
209,1,227,"NL","I"
278,1,227,"NL","I"
367,2,227,"NL","I"
361,3,227,"NL","I"
419,1,227,"NL","I"
482,3,227,"NL","I"
458,1,227,"NL","I"
41,2,227,"NL","I"
91,9,227,"NL","I"
45,8,227,"NL","I"
285,1,227,"NL","I"
166,1,227,"NL","I"
504,40,228,"NL","I"
525,4,228,"NL","I"
249,2,228,"NL","I"
367,2,228,"NL","I"
497,36,228,"NL","I"
276,2,228,"NL","I"
86,5,228,"NL","I"
143,1,228,"NL","I"
341,2,228,"NL","I"
369,2,228,"NL","I"
354,2,228,"NL","I"
266,1,228,"NL","I"
308,2,229,"NL","I"
232,3,229,"NL","I"
534,3,229,"NL","I"
141,1,229,"NL","I"
498,32,229,"NL","I"
357,1,229,"NL","I"
228,1,229,"NL","I"
504,40,229,"NL","I"
279,1,229,"NL","I"
249,2,229,"NL","I"
440,1,229,"NL","I"
315,1,229,"NL","I"
7,10,230,"NL","I"
264,1,230,"NL","I"
190,1,230,"NL","I"
165,1,230,"NL","I"
77,21,230,"NL","I"
237,1,230,"NL","I"
500,29,230,"NL","I"
276,2,230,"NL","I"
62,8,230,"NL","I"
410,2,230,"NL","I"
540,3,230,"NL","I"
123,3,230,"NL","I"
514,3,231,"NL","I"
48,6,231,"NL","I"
422,3,231,"NL","I"
341,2,231,"NL","I"
143,1,231,"NL","I"
370,1,231,"NL","I"
24,5,231,"NL","I"
196,2,231,"NL","I"
469,4,231,"NL","I"
4,11,231,"NL","I"
495,14,231,"NL","I"
433,2,231,"NL","I"
463,1,232,"NL","I"
141,1,232,"NL","I"
358,15,232,"NL","I"
91,9,232,"NL","I"
63,6,232,"NL","I"
265,1,232,"NL","I"
516,3,232,"NL","I"
447,2,232,"NL","I"
372,1,232,"NL","I"
349,1,232,"NL","I"
397,1,232,"NL","I"
128,1,232,"NL","I"
440,1,233,"NL","I"
364,2,233,"NL","I"
124,1,233,"NL","I"
302,1,233,"NL","I"
80,6,233,"NL","I"
425,3,233,"NL","I"
534,3,233,"NL","I"
64,14,233,"NL","I"
504,40,233,"NL","I"
277,1,233,"NL","I"
165,1,233,"NL","I"
433,2,233,"NL","I"
278,1,234,"NL","I"
198,1,234,"NL","I"
131,1,234,"NL","I"
341,2,234,"NL","I"
265,1,234,"NL","I"
358,15,234,"NL","I"
5,7,234,"NL","I"
165,1,234,"NL","I"
211,1,234,"NL","I"
397,1,234,"NL","I"
503,25,234,"NL","I"
349,1,234,"NL","I"
498,32,235,"NL","I"
417,1,235,"NL","I"
486,3,235,"NL","I"
522,1,235,"NL","I"
374,2,235,"NL","I"
244,2,235,"NL","I"
447,2,235,"NL","I"
401,1,235,"NL","I"
142,1,235,"NL","I"
128,1,235,"NL","I"
144,1,235,"NL","I"
349,1,235,"NL","I"
498,32,236,"NL","I"
467,4,236,"NL","I"
523,4,236,"NL","I"
26,52,236,"NL","I"
14,27,236,"NL","I"
425,3,236,"NL","I"
463,1,236,"NL","I"
286,1,236,"NL","I"
381,3,236,"NL","I"
496,33,236,"NL","I"
13,3,236,"NL","I"
447,2,236,"NL","I"
140,1,237,"NL","I"
394,1,237,"NL","I"
203,1,237,"NL","I"
349,1,237,"NL","I"
348,2,237,"NL","I"
8,6,237,"NL","I"
524,1,237,"NL","I"
341,2,237,"NL","I"
123,3,237,"NL","I"
112,2,237,"NL","I"
282,1,237,"NL","I"
465,1,237,"NL","I"
44,18,238,"NL","I"
47,11,238,"NL","I"
301,1,238,"NL","I"
322,2,238,"NL","I"
370,1,238,"NL","I"
91,9,238,"NL","I"
64,14,238,"NL","I"
286,1,238,"NL","I"
66,1,238,"NL","I"
128,1,238,"NL","I"
181,1,238,"NL","I"
244,2,238,"NL","I"
190,1,239,"NL","I"
158,1,239,"NL","I"
422,3,239,"NL","I"
470,4,239,"NL","I"
150,1,239,"NL","I"
128,1,239,"NL","I"
223,1,239,"NL","I"
326,1,239,"NL","I"
4,11,239,"NL","I"
304,1,239,"NL","I"
358,15,239,"NL","I"
524,1,239,"NL","I"
249,2,240,"NL","I"
66,1,240,"NL","I"
470,4,240,"NL","I"
441,1,240,"NL","I"
138,3,240,"NL","I"
497,36,240,"NL","I"
64,14,240,"NL","I"
80,6,240,"NL","I"
439,1,240,"NL","I"
20,8,240,"NL","I"
357,1,240,"NL","I"
77,21,240,"NL","I"
266,1,241,"NL","I"
61,46,241,"NL","I"
378,2,241,"NL","I"
534,3,241,"NL","I"
301,1,241,"NL","I"
394,1,241,"NL","I"
504,40,241,"NL","I"
232,3,241,"NL","I"
123,3,241,"NL","I"
13,3,241,"NL","I"
38,6,241,"NL","I"
463,1,241,"NL","I"
189,1,242,"NL","I"
503,25,242,"NL","I"
30,3,242,"NL","I"
131,1,242,"NL","I"
223,1,242,"NL","I"
341,2,242,"NL","I"
24,5,242,"NL","I"
196,2,242,"NL","I"
276,2,242,"NL","I"
123,3,242,"NL","I"
188,1,242,"NL","I"
112,2,242,"NL","I"
315,1,243,"NL","I"
349,1,243,"NL","I"
534,3,243,"NL","I"
86,5,243,"NL","I"
124,1,243,"NL","I"
57,12,243,"NL","I"
471,1,243,"NL","I"
51,3,243,"NL","I"
36,6,243,"NL","I"
179,7,243,"NL","I"
33,13,243,"NL","I"
514,3,243,"NL","I"
276,2,244,"NL","I"
249,2,244,"NL","I"
501,24,244,"NL","I"
277,1,244,"NL","I"
504,40,244,"NL","I"
341,2,244,"NL","I"
24,5,244,"NL","I"
122,1,244,"NL","I"
308,2,244,"NL","I"
266,1,244,"NL","I"
142,1,244,"NL","I"
381,3,244,"NL","I"
19,10,245,"NL","I"
374,2,245,"NL","I"
308,2,245,"NL","I"
198,1,245,"NL","I"
505,19,245,"NL","I"
193,1,245,"NL","I"
513,2,245,"NL","I"
516,3,245,"NL","I"
440,1,245,"NL","I"
495,14,245,"NL","I"
498,32,245,"NL","I"
76,7,245,"NL","I"
16,8,246,"NL","I"
86,5,246,"NL","I"
81,2,246,"NL","I"
499,36,246,"NL","I"
132,1,246,"NL","I"
170,1,246,"NL","I"
463,1,246,"NL","I"
349,1,246,"NL","I"
276,2,246,"NL","I"
354,2,246,"NL","I"
540,3,246,"NL","I"
322,2,246,"NL","I"
144,1,247,"NL","I"
189,1,247,"NL","I"
394,1,247,"NL","I"
59,5,247,"NL","I"
211,1,247,"NL","I"
497,36,247,"NL","I"
381,3,247,"NL","I"
364,2,247,"NL","I"
30,3,247,"NL","I"
469,4,247,"NL","I"
41,2,247,"NL","I"
278,1,247,"NL","I"
142,1,248,"NL","I"
534,3,248,"NL","I"
8,6,248,"NL","I"
425,3,248,"NL","I"
378,2,248,"NL","I"
447,2,248,"NL","I"
285,1,248,"NL","I"
39,1,248,"NL","I"
202,1,248,"NL","I"
259,5,248,"NL","I"
209,1,248,"NL","I"
421,4,248,"NL","I"
317,2,249,"NL","I"
46,6,249,"NL","I"
39,1,249,"NL","I"
60,5,249,"NL","I"
540,3,249,"NL","I"
209,1,249,"NL","I"
13,3,249,"NL","I"
326,1,249,"NL","I"
198,1,249,"NL","I"
265,1,249,"NL","I"
374,2,249,"NL","I"
397,1,249,"NL","I"
483,3,250,"NL","I"
344,1,250,"NL","I"
62,8,250,"NL","I"
523,4,250,"NL","I"
33,13,250,"NL","I"
78,12,250,"NL","I"
45,8,250,"NL","I"
425,3,250,"NL","I"
470,4,250,"NL","I"
469,4,250,"NL","I"
447,2,250,"NL","I"
141,1,250,"NL","I"
82,1,251,"NL","I"
266,1,251,"NL","I"
142,1,251,"NL","I"
524,1,251,"NL","I"
394,1,251,"NL","I"
467,4,251,"NL","I"
141,1,251,"NL","I"
358,15,251,"NL","I"
355,1,251,"NL","I"
11,32,251,"NL","I"
23,8,251,"NL","I"
440,1,251,"NL","I"
183,1,252,"NL","I"
12,11,252,"NL","I"
124,1,252,"NL","I"
465,1,252,"NL","I"
248,2,252,"NL","I"
341,2,252,"NL","I"
166,1,252,"NL","I"
232,3,252,"NL","I"
525,4,252,"NL","I"
170,1,252,"NL","I"
72,9,252,"NL","I"
78,12,252,"NL","I"
302,1,253,"NL","I"
5,7,253,"NL","I"
61,46,253,"NL","I"
123,3,253,"NL","I"
76,7,253,"NL","I"
78,12,253,"NL","I"
505,19,253,"NL","I"
13,3,253,"NL","I"
141,1,253,"NL","I"
467,4,253,"NL","I"
326,1,253,"NL","I"
46,6,253,"NL","I"
61,46,254,"NL","I"
360,3,254,"NL","I"
482,3,254,"NL","I"
12,11,254,"NL","I"
47,11,254,"NL","I"
36,6,254,"NL","I"
128,1,254,"NL","I"
112,2,254,"NL","I"
8,6,254,"NL","I"
277,1,254,"NL","I"
419,1,254,"NL","I"
142,1,254,"NL","I"
285,1,255,"NL","I"
105,1,255,"NL","I"
439,1,255,"NL","I"
173,1,255,"NL","I"
51,3,255,"NL","I"
39,1,255,"NL","I"
397,1,255,"NL","I"
250,1,255,"NL","I"
322,2,255,"NL","I"
467,4,255,"NL","I"
266,1,255,"NL","I"
417,1,255,"NL","I"
435,1,256,"NL","I"
455,2,256,"NL","I"
426,1,256,"NL","I"
255,1,256,"NL","I"
57,12,256,"NL","I"
410,2,256,"NL","I"
337,8,256,"NL","I"
440,1,256,"NL","I"
61,46,256,"NL","I"
198,1,256,"NL","I"
378,2,256,"NL","I"
72,9,256,"NL","I"
308,2,257,"NL","I"
513,2,257,"NL","I"
525,4,257,"NL","I"
131,1,257,"NL","I"
78,12,257,"NL","I"
198,1,257,"NL","I"
534,3,257,"NL","I"
496,33,257,"NL","I"
165,1,257,"NL","I"
62,8,257,"NL","I"
381,3,257,"NL","I"
360,3,257,"NL","I"
190,1,258,"NL","I"
463,1,258,"NL","I"
301,1,258,"NL","I"
57,12,258,"NL","I"
48,6,258,"NL","I"
164,4,258,"NL","I"
56,7,258,"NL","I"
244,2,258,"NL","I"
51,3,258,"NL","I"
30,3,258,"NL","I"
410,2,258,"NL","I"
61,46,258,"NL","I"
10,7,259,"NL","I"
66,1,259,"NL","I"
300,1,259,"NL","I"
47,11,259,"NL","I"
308,2,259,"NL","I"
222,2,259,"NL","I"
181,1,259,"NL","I"
76,7,259,"NL","I"
109,1,259,"NL","I"
57,12,259,"NL","I"
422,3,259,"NL","I"
421,4,259,"NL","I"
91,9,260,"NL","I"
248,2,260,"NL","I"
401,1,260,"NL","I"
358,15,260,"NL","I"
247,1,260,"NL","I"
522,1,260,"NL","I"
426,1,260,"NL","I"
128,1,260,"NL","I"
209,1,260,"NL","I"
285,1,260,"NL","I"
525,4,260,"NL","I"
188,1,260,"NL","I"
425,3,261,"NL","I"
498,32,261,"NL","I"
503,25,261,"NL","I"
516,3,261,"NL","I"
435,1,261,"NL","I"
51,3,261,"NL","I"
23,8,261,"NL","I"
179,7,261,"NL","I"
112,2,261,"NL","I"
82,1,261,"NL","I"
513,2,261,"NL","I"
497,36,261,"NL","I"
131,1,262,"NL","I"
5,7,262,"NL","I"
467,4,262,"NL","I"
249,2,262,"NL","I"
60,5,262,"NL","I"
519,2,262,"NL","I"
369,2,262,"NL","I"
435,1,262,"NL","I"
82,1,262,"NL","I"
363,1,262,"NL","I"
469,4,262,"NL","I"
255,1,262,"NL","I"
394,1,263,"NL","I"
426,1,263,"NL","I"
368,1,263,"NL","I"
72,9,263,"NL","I"
525,4,263,"NL","I"
183,1,263,"NL","I"
505,19,263,"NL","I"
358,15,263,"NL","I"
170,1,263,"NL","I"
59,5,263,"NL","I"
57,12,263,"NL","I"
141,1,263,"NL","I"
504,40,264,"NL","I"
72,9,264,"NL","I"
317,2,264,"NL","I"
503,25,264,"NL","I"
5,7,264,"NL","I"
368,1,264,"NL","I"
343,6,264,"NL","I"
426,1,264,"NL","I"
124,1,264,"NL","I"
469,4,264,"NL","I"
62,8,264,"NL","I"
318,2,264,"NL","I"
304,1,265,"NL","I"
259,5,265,"NL","I"
165,1,265,"NL","I"
105,1,265,"NL","I"
439,1,265,"NL","I"
360,3,265,"NL","I"
517,3,265,"NL","I"
523,4,265,"NL","I"
437,1,265,"NL","I"
255,1,265,"NL","I"
318,2,265,"NL","I"
394,1,265,"NL","I"
33,13,266,"NL","I"
397,1,266,"NL","I"
369,2,266,"NL","I"
422,3,266,"NL","I"
498,32,266,"NL","I"
504,40,266,"NL","I"
47,11,266,"NL","I"
308,2,266,"NL","I"
80,6,266,"NL","I"
349,1,266,"NL","I"
463,1,266,"NL","I"
141,1,266,"NL","I"
193,1,267,"NL","I"
81,2,267,"NL","I"
401,1,267,"NL","I"
126,4,267,"NL","I"
277,1,267,"NL","I"
266,1,267,"NL","I"
301,1,267,"NL","I"
23,8,267,"NL","I"
62,8,267,"NL","I"
259,5,267,"NL","I"
278,1,267,"NL","I"
500,29,267,"NL","I"
196,2,268,"NL","I"
513,2,268,"NL","I"
302,1,268,"NL","I"
165,1,268,"NL","I"
138,3,268,"NL","I"
343,6,268,"NL","I"
376,4,268,"NL","I"
142,1,268,"NL","I"
126,4,268,"NL","I"
344,1,268,"NL","I"
181,1,268,"NL","I"
128,1,268,"NL","I"
303,5,269,"NL","I"
498,32,269,"NL","I"
285,1,269,"NL","I"
13,3,269,"NL","I"
357,1,269,"NL","I"
315,1,269,"NL","I"
61,46,269,"NL","I"
45,8,269,"NL","I"
433,2,269,"NL","I"
7,10,269,"NL","I"
401,1,269,"NL","I"
173,1,269,"NL","I"
417,1,270,"NL","I"
57,12,270,"NL","I"
19,10,270,"NL","I"
430,1,270,"NL","I"
282,1,270,"NL","I"
279,1,270,"NL","I"
300,1,270,"NL","I"
264,1,270,"NL","I"
61,46,270,"NL","I"
426,1,270,"NL","I"
12,11,270,"NL","I"
343,6,270,"NL","I"
471,1,271,"NL","I"
173,1,271,"NL","I"
252,1,271,"NL","I"
502,23,271,"NL","I"
469,4,271,"NL","I"
17,6,271,"NL","I"
202,1,271,"NL","I"
367,2,271,"NL","I"
497,36,271,"NL","I"
11,32,271,"NL","I"
4,11,271,"NL","I"
77,21,271,"NL","I"
315,1,272,"NL","I"
255,1,272,"NL","I"
355,1,272,"NL","I"
264,1,272,"NL","I"
519,2,272,"NL","I"
164,4,272,"NL","I"
372,1,272,"NL","I"
417,1,272,"NL","I"
38,6,272,"NL","I"
78,12,272,"NL","I"
19,10,272,"NL","I"
188,1,272,"NL","I"
209,1,273,"NL","I"
143,1,273,"NL","I"
349,1,273,"NL","I"
223,1,273,"NL","I"
355,1,273,"NL","I"
196,2,273,"NL","I"
81,2,273,"NL","I"
41,2,273,"NL","I"
77,21,273,"NL","I"
228,1,273,"NL","I"
286,1,273,"NL","I"
502,23,273,"NL","I"
32,11,274,"NL","I"
374,2,274,"NL","I"
326,1,274,"NL","I"
467,4,274,"NL","I"
301,1,274,"NL","I"
14,27,274,"NL","I"
131,1,274,"NL","I"
91,9,274,"NL","I"
8,6,274,"NL","I"
138,3,274,"NL","I"
337,8,274,"NL","I"
371,1,274,"NL","I"
540,3,275,"NL","I"
13,3,275,"NL","I"
196,2,275,"NL","I"
369,2,275,"NL","I"
122,1,275,"NL","I"
14,27,275,"NL","I"
131,1,275,"NL","I"
82,1,275,"NL","I"
141,1,275,"NL","I"
357,1,275,"NL","I"
188,1,275,"NL","I"
45,8,275,"NL","I"
279,1,276,"NL","I"
496,33,276,"NL","I"
76,7,276,"NL","I"
13,3,276,"NL","I"
222,2,276,"NL","I"
123,3,276,"NL","I"
211,1,276,"NL","I"
447,2,276,"NL","I"
357,1,276,"NL","I"
141,1,276,"NL","I"
250,1,276,"NL","I"
190,1,276,"NL","I"
447,2,277,"NL","I"
277,1,277,"NL","I"
4,11,277,"NL","I"
337,8,277,"NL","I"
61,46,277,"NL","I"
209,1,277,"NL","I"
237,1,277,"NL","I"
380,2,277,"NL","I"
109,1,277,"NL","I"
250,1,277,"NL","I"
193,1,277,"NL","I"
381,3,277,"NL","I"
415,1,278,"NL","I"
186,1,278,"NL","I"
109,1,278,"NL","I"
499,36,278,"NL","I"
61,46,278,"NL","I"
445,9,278,"NL","I"
503,25,278,"NL","I"
354,2,278,"NL","I"
7,10,278,"NL","I"
126,4,278,"NL","I"
433,2,278,"NL","I"
440,1,278,"NL","I"
7,10,279,"NL","I"
46,6,279,"NL","I"
304,1,279,"NL","I"
525,4,279,"NL","I"
247,1,279,"NL","I"
63,6,279,"NL","I"
370,1,279,"NL","I"
463,1,279,"NL","I"
142,1,279,"NL","I"
190,1,279,"NL","I"
278,1,279,"NL","I"
123,3,279,"NL","I"
501,24,280,"NL","I"
410,2,280,"NL","I"
534,3,280,"NL","I"
277,1,280,"NL","I"
286,1,280,"NL","I"
349,1,280,"NL","I"
505,19,280,"NL","I"
508,19,280,"NL","I"
63,6,280,"NL","I"
360,3,280,"NL","I"
502,23,280,"NL","I"
322,2,280,"NL","I"
24,5,281,"NL","I"
252,1,281,"NL","I"
123,3,281,"NL","I"
483,3,281,"NL","I"
279,1,281,"NL","I"
28,26,281,"NL","I"
524,1,281,"NL","I"
364,2,281,"NL","I"
173,1,281,"NL","I"
48,6,281,"NL","I"
138,3,281,"NL","I"
277,1,281,"NL","I"
469,4,282,"NL","I"
264,1,282,"NL","I"
249,2,282,"NL","I"
497,36,282,"NL","I"
482,3,282,"NL","I"
447,2,282,"NL","I"
361,3,282,"NL","I"
358,15,282,"NL","I"
471,1,282,"NL","I"
45,8,282,"NL","I"
64,14,282,"NL","I"
131,1,282,"NL","I"
369,2,283,"NL","I"
264,1,283,"NL","I"
279,1,283,"NL","I"
164,4,283,"NL","I"
425,3,283,"NL","I"
62,8,283,"NL","I"
26,52,283,"NL","I"
341,2,283,"NL","I"
17,6,283,"NL","I"
326,1,283,"NL","I"
11,32,283,"NL","I"
82,1,283,"NL","I"
64,14,284,"NL","I"
439,1,284,"NL","I"
315,1,284,"NL","I"
62,8,284,"NL","I"
56,7,284,"NL","I"
141,1,284,"NL","I"
76,7,284,"NL","I"
165,1,284,"NL","I"
8,6,284,"NL","I"
63,6,284,"NL","I"
523,4,284,"NL","I"
426,1,284,"NL","I"
505,19,285,"NL","I"
4,11,285,"NL","I"
19,10,285,"NL","I"
322,2,285,"NL","I"
128,1,285,"NL","I"
223,1,285,"NL","I"
144,1,285,"NL","I"
67,12,285,"NL","I"
158,1,285,"NL","I"
419,1,285,"NL","I"
524,1,285,"NL","I"
417,1,285,"NL","I"
278,1,286,"NL","I"
437,1,286,"NL","I"
322,2,286,"NL","I"
421,4,286,"NL","I"
349,1,286,"NL","I"
500,29,286,"NL","I"
86,5,286,"NL","I"
265,1,286,"NL","I"
540,3,286,"NL","I"
496,33,286,"NL","I"
435,1,286,"NL","I"
247,1,286,"NL","I"
131,1,287,"NL","I"
67,12,287,"NL","I"
144,1,287,"NL","I"
24,5,287,"NL","I"
308,2,287,"NL","I"
534,3,287,"NL","I"
471,1,287,"NL","I"
421,4,287,"NL","I"
501,24,287,"NL","I"
497,36,287,"NL","I"
189,1,287,"NL","I"
16,8,287,"NL","I"
132,1,288,"NL","I"
13,3,288,"NL","I"
370,1,288,"NL","I"
525,4,288,"NL","I"
46,6,288,"NL","I"
326,1,288,"NL","I"
433,2,288,"NL","I"
188,1,288,"NL","I"
105,1,288,"NL","I"
144,1,288,"NL","I"
376,4,288,"NL","I"
471,1,288,"NL","I"
179,7,289,"NL","I"
498,32,289,"NL","I"
495,14,289,"NL","I"
91,9,289,"NL","I"
158,1,289,"NL","I"
470,4,289,"NL","I"
437,1,289,"NL","I"
499,36,289,"NL","I"
56,7,289,"NL","I"
228,1,289,"NL","I"
222,2,289,"NL","I"
357,1,289,"NL","I"
237,1,290,"NL","I"
247,1,290,"NL","I"
140,1,290,"NL","I"
376,4,290,"NL","I"
202,1,290,"NL","I"
150,1,290,"NL","I"
24,5,290,"NL","I"
522,1,290,"NL","I"
20,8,290,"NL","I"
381,3,290,"NL","I"
39,1,290,"NL","I"
463,1,290,"NL","I"
422,3,291,"NL","I"
525,4,291,"NL","I"
372,1,291,"NL","I"
317,2,291,"NL","I"
308,2,291,"NL","I"
67,12,291,"NL","I"
150,1,291,"NL","I"
12,11,291,"NL","I"
465,1,291,"NL","I"
504,40,291,"NL","I"
232,3,291,"NL","I"
471,1,291,"NL","I"
458,1,292,"NL","I"
437,1,292,"NL","I"
255,1,292,"NL","I"
367,2,292,"NL","I"
376,4,292,"NL","I"
397,1,292,"NL","I"
188,1,292,"NL","I"
369,2,292,"NL","I"
36,6,292,"NL","I"
422,3,292,"NL","I"
471,1,292,"NL","I"
82,1,292,"NL","I"
165,1,293,"NL","I"
166,1,293,"NL","I"
410,2,293,"NL","I"
455,2,293,"NL","I"
465,1,293,"NL","I"
186,1,293,"NL","I"
189,1,293,"NL","I"
376,4,293,"NL","I"
179,7,293,"NL","I"
247,1,293,"NL","I"
164,4,293,"NL","I"
64,14,293,"NL","I"
203,1,294,"NL","I"
14,27,294,"NL","I"
112,2,294,"NL","I"
503,25,294,"NL","I"
62,8,294,"NL","I"
4,11,294,"NL","I"
193,1,294,"NL","I"
170,1,294,"NL","I"
122,1,294,"NL","I"
354,2,294,"NL","I"
173,1,294,"NL","I"
326,1,294,"NL","I"
503,25,295,"NL","I"
47,11,295,"NL","I"
390,1,295,"NL","I"
439,1,295,"NL","I"
358,15,295,"NL","I"
505,19,295,"NL","I"
164,4,295,"NL","I"
5,7,295,"NL","I"
132,1,295,"NL","I"
279,1,295,"NL","I"
445,9,295,"NL","I"
361,3,295,"NL","I"
415,1,296,"NL","I"
76,7,296,"NL","I"
519,2,296,"NL","I"
179,7,296,"NL","I"
250,1,296,"NL","I"
465,1,296,"NL","I"
419,1,296,"NL","I"
26,52,296,"NL","I"
435,1,296,"NL","I"
360,3,296,"NL","I"
300,1,296,"NL","I"
183,1,296,"NL","I"
76,7,297,"NL","I"
495,14,297,"NL","I"
198,1,297,"NL","I"
425,3,297,"NL","I"
364,2,297,"NL","I"
17,6,297,"NL","I"
56,7,297,"NL","I"
277,1,297,"NL","I"
109,1,297,"NL","I"
78,12,297,"NL","I"
132,1,297,"NL","I"
11,32,297,"NL","I"
8,6,298,"NL","I"
367,2,298,"NL","I"
59,5,298,"NL","I"
458,1,298,"NL","I"
62,8,298,"NL","I"
390,1,298,"NL","I"
508,19,298,"NL","I"
348,2,298,"NL","I"
56,7,298,"NL","I"
378,2,298,"NL","I"
519,2,298,"NL","I"
196,2,298,"NL","I"
300,1,299,"NL","I"
11,32,299,"NL","I"
497,36,299,"NL","I"
26,52,299,"NL","I"
181,1,299,"NL","I"
348,2,299,"NL","I"
36,6,299,"NL","I"
5,7,299,"NL","I"
166,1,299,"NL","I"
486,3,299,"NL","I"
523,4,299,"NL","I"
126,4,299,"NL","I"
317,2,300,"NL","I"
368,1,300,"NL","I"
13,3,300,"NL","I"
203,1,300,"NL","I"
222,2,300,"NL","I"
24,5,300,"NL","I"
198,1,300,"NL","I"
349,1,300,"NL","I"
7,10,300,"NL","I"
389,2,300,"NL","I"
439,1,300,"NL","I"
62,8,300,"NL","I"
11,32,301,"NL","I"
470,4,301,"NL","I"
249,2,301,"NL","I"
8,6,301,"NL","I"
78,12,301,"NL","I"
368,1,301,"NL","I"
394,1,301,"NL","I"
255,1,301,"NL","I"
279,1,301,"NL","I"
140,1,301,"NL","I"
183,1,301,"NL","I"
203,1,301,"NL","I"
170,1,302,"NL","I"
514,3,302,"NL","I"
17,6,302,"NL","I"
503,25,302,"NL","I"
455,2,302,"NL","I"
63,6,302,"NL","I"
47,11,302,"NL","I"
300,1,302,"NL","I"
259,5,302,"NL","I"
45,8,302,"NL","I"
247,1,302,"NL","I"
471,1,302,"NL","I"
458,1,303,"NL","I"
222,2,303,"NL","I"
348,2,303,"NL","I"
150,1,303,"NL","I"
46,6,303,"NL","I"
504,40,303,"NL","I"
128,1,303,"NL","I"
425,3,303,"NL","I"
59,5,303,"NL","I"
389,2,303,"NL","I"
435,1,303,"NL","I"
369,2,303,"NL","I"
198,1,304,"NL","I"
372,1,304,"NL","I"
186,1,304,"NL","I"
131,1,304,"NL","I"
498,32,304,"NL","I"
501,24,304,"NL","I"
48,6,304,"NL","I"
165,1,304,"NL","I"
7,10,304,"NL","I"
358,15,304,"NL","I"
377,3,304,"NL","I"
232,3,304,"NL","I"
141,1,305,"NL","I"
183,1,305,"NL","I"
59,5,305,"NL","I"
51,3,305,"NL","I"
440,1,305,"NL","I"
524,1,305,"NL","I"
91,9,305,"NL","I"
252,1,305,"NL","I"
39,1,305,"NL","I"
19,10,305,"NL","I"
250,1,305,"NL","I"
516,3,305,"NL","I"
244,2,306,"NL","I"
190,1,306,"NL","I"
165,1,306,"NL","I"
277,1,306,"NL","I"
421,4,306,"NL","I"
455,2,306,"NL","I"
370,1,306,"NL","I"
483,3,306,"NL","I"
318,2,306,"NL","I"
209,1,306,"NL","I"
458,1,306,"NL","I"
349,1,306,"NL","I"
463,1,307,"NL","I"
138,3,307,"NL","I"
496,33,307,"NL","I"
32,11,307,"NL","I"
513,2,307,"NL","I"
355,1,307,"NL","I"
14,27,307,"NL","I"
36,6,307,"NL","I"
123,3,307,"NL","I"
62,8,307,"NL","I"
303,5,307,"NL","I"
266,1,307,"NL","I"
196,2,308,"NL","I"
441,1,308,"NL","I"
394,1,308,"NL","I"
4,11,308,"NL","I"
369,2,308,"NL","I"
165,1,308,"NL","I"
438,6,308,"NL","I"
458,1,308,"NL","I"
277,1,308,"NL","I"
193,1,308,"NL","I"
401,1,308,"NL","I"
124,1,308,"NL","I"
374,2,309,"NL","I"
435,1,309,"NL","I"
186,1,309,"NL","I"
524,1,309,"NL","I"
62,8,309,"NL","I"
301,1,309,"NL","I"
401,1,309,"NL","I"
166,1,309,"NL","I"
17,6,309,"NL","I"
534,3,309,"NL","I"
433,2,309,"NL","I"
173,1,309,"NL","I"
300,1,310,"NL","I"
426,1,310,"NL","I"
504,40,310,"NL","I"
248,2,310,"NL","I"
397,1,310,"NL","I"
303,5,310,"NL","I"
62,8,310,"NL","I"
179,7,310,"NL","I"
67,12,310,"NL","I"
496,33,310,"NL","I"
183,1,310,"NL","I"
56,7,310,"NL","I"
33,13,311,"NL","I"
80,6,311,"NL","I"
278,1,311,"NL","I"
189,1,311,"NL","I"
380,2,311,"NL","I"
266,1,311,"NL","I"
19,10,311,"NL","I"
158,1,311,"NL","I"
354,2,311,"NL","I"
86,5,311,"NL","I"
471,1,311,"NL","I"
304,1,311,"NL","I"
166,1,312,"NL","I"
514,3,312,"NL","I"
523,4,312,"NL","I"
17,6,312,"NL","I"
48,6,312,"NL","I"
190,1,312,"NL","I"
198,1,312,"NL","I"
32,11,312,"NL","I"
249,2,312,"NL","I"
142,1,312,"NL","I"
265,1,312,"NL","I"
534,3,312,"NL","I"
8,6,313,"NL","I"
504,40,313,"NL","I"
64,14,313,"NL","I"
482,3,313,"NL","I"
401,1,313,"NL","I"
315,1,313,"NL","I"
276,2,313,"NL","I"
357,1,313,"NL","I"
426,1,313,"NL","I"
211,1,313,"NL","I"
277,1,313,"NL","I"
244,2,313,"NL","I"
435,1,314,"NL","I"
26,52,314,"NL","I"
64,14,314,"NL","I"
397,1,314,"NL","I"
32,11,314,"NL","I"
39,1,314,"NL","I"
48,6,314,"NL","I"
364,2,314,"NL","I"
165,1,314,"NL","I"
374,2,314,"NL","I"
369,2,314,"NL","I"
109,1,314,"NL","I"
26,52,315,"NL","I"
360,3,315,"NL","I"
193,1,315,"NL","I"
244,2,315,"NL","I"
439,1,315,"NL","I"
496,33,315,"NL","I"
45,8,315,"NL","I"
181,1,315,"NL","I"
77,21,315,"NL","I"
76,7,315,"NL","I"
498,32,315,"NL","I"
380,2,315,"NL","I"
46,6,316,"NL","I"
486,3,316,"NL","I"
458,1,316,"NL","I"
17,6,316,"NL","I"
397,1,316,"NL","I"
247,1,316,"NL","I"
519,2,316,"NL","I"
322,2,316,"NL","I"
179,7,316,"NL","I"
12,11,316,"NL","I"
482,3,316,"NL","I"
250,1,316,"NL","I"
7,10,317,"NL","I"
47,11,317,"NL","I"
315,1,317,"NL","I"
132,1,317,"NL","I"
41,2,317,"NL","I"
357,1,317,"NL","I"
381,3,317,"NL","I"
265,1,317,"NL","I"
303,5,317,"NL","I"
467,4,317,"NL","I"
252,1,317,"NL","I"
38,6,317,"NL","I"
196,2,318,"NL","I"
308,2,318,"NL","I"
523,4,318,"NL","I"
173,1,318,"NL","I"
142,1,318,"NL","I"
455,2,318,"NL","I"
300,1,318,"NL","I"
45,8,318,"NL","I"
202,1,318,"NL","I"
430,1,318,"NL","I"
437,1,318,"NL","I"
30,3,318,"NL","I"
64,14,319,"NL","I"
166,1,319,"NL","I"
48,6,319,"NL","I"
252,1,319,"NL","I"
223,1,319,"NL","I"
61,46,319,"NL","I"
524,1,319,"NL","I"
128,1,319,"NL","I"
367,2,319,"NL","I"
164,4,319,"NL","I"
469,4,319,"NL","I"
286,1,319,"NL","I"
344,1,320,"NL","I"
326,1,320,"NL","I"
455,2,320,"NL","I"
301,1,320,"NL","I"
303,5,320,"NL","I"
497,36,320,"NL","I"
228,1,320,"NL","I"
286,1,320,"NL","I"
164,4,320,"NL","I"
249,2,320,"NL","I"
363,1,320,"NL","I"
361,3,320,"NL","I"
63,6,321,"NL","I"
7,10,321,"NL","I"
368,1,321,"NL","I"
348,2,321,"NL","I"
109,1,321,"NL","I"
300,1,321,"NL","I"
503,25,321,"NL","I"
150,1,321,"NL","I"
458,1,321,"NL","I"
265,1,321,"NL","I"
16,8,321,"NL","I"
252,1,321,"NL","I"
390,1,322,"NL","I"
189,1,322,"NL","I"
181,1,322,"NL","I"
303,5,322,"NL","I"
349,1,322,"NL","I"
82,1,322,"NL","I"
48,6,322,"NL","I"
435,1,322,"NL","I"
64,14,322,"NL","I"
265,1,322,"NL","I"
81,2,322,"NL","I"
500,29,322,"NL","I"
417,1,323,"NL","I"
132,1,323,"NL","I"
196,2,323,"NL","I"
358,15,323,"NL","I"
66,1,323,"NL","I"
80,6,323,"NL","I"
56,7,323,"NL","I"
508,19,323,"NL","I"
46,6,323,"NL","I"
540,3,323,"NL","I"
523,4,323,"NL","I"
140,1,323,"NL","I"
164,4,324,"NL","I"
14,27,324,"NL","I"
514,3,324,"NL","I"
198,1,324,"NL","I"
141,1,324,"NL","I"
369,2,324,"NL","I"
265,1,324,"NL","I"
285,1,324,"NL","I"
150,1,324,"NL","I"
45,8,324,"NL","I"
308,2,324,"NL","I"
203,1,324,"NL","I"
519,2,325,"NL","I"
363,1,325,"NL","I"
371,1,325,"NL","I"
63,6,325,"NL","I"
183,1,325,"NL","I"
381,3,325,"NL","I"
354,2,325,"NL","I"
500,29,325,"NL","I"
410,2,325,"NL","I"
380,2,325,"NL","I"
482,3,325,"NL","I"
247,1,325,"NL","I"
72,9,326,"NL","I"
470,4,326,"NL","I"
181,1,326,"NL","I"
354,2,326,"NL","I"
190,1,326,"NL","I"
303,5,326,"NL","I"
250,1,326,"NL","I"
517,3,326,"NL","I"
410,2,326,"NL","I"
62,8,326,"NL","I"
13,3,326,"NL","I"
179,7,326,"NL","I"
435,1,327,"NL","I"
264,1,327,"NL","I"
198,1,327,"NL","I"
10,7,327,"NL","I"
422,3,327,"NL","I"
318,2,327,"NL","I"
33,13,327,"NL","I"
363,1,327,"NL","I"
259,5,327,"NL","I"
349,1,327,"NL","I"
401,1,327,"NL","I"
91,9,327,"NL","I"
38,6,328,"NL","I"
109,1,328,"NL","I"
426,1,328,"NL","I"
66,1,328,"NL","I"
517,3,328,"NL","I"
523,4,328,"NL","I"
140,1,328,"NL","I"
524,1,328,"NL","I"
63,6,328,"NL","I"
401,1,328,"NL","I"
72,9,328,"NL","I"
439,1,328,"NL","I"
517,3,329,"NL","I"
502,23,329,"NL","I"
438,6,329,"NL","I"
264,1,329,"NL","I"
67,12,329,"NL","I"
410,2,329,"NL","I"
186,1,329,"NL","I"
222,2,329,"NL","I"
132,1,329,"NL","I"
57,12,329,"NL","I"
380,2,329,"NL","I"
38,6,329,"NL","I"
78,12,330,"NL","I"
394,1,330,"NL","I"
524,1,330,"NL","I"
360,3,330,"NL","I"
193,1,330,"NL","I"
131,1,330,"NL","I"
458,1,330,"NL","I"
302,1,330,"NL","I"
357,1,330,"NL","I"
349,1,330,"NL","I"
378,2,330,"NL","I"
304,1,330,"NL","I"
277,1,331,"NL","I"
36,6,331,"NL","I"
33,13,331,"NL","I"
7,10,331,"NL","I"
445,9,331,"NL","I"
517,3,331,"NL","I"
302,1,331,"NL","I"
67,12,331,"NL","I"
158,1,331,"NL","I"
165,1,331,"NL","I"
483,3,331,"NL","I"
469,4,331,"NL","I"
131,1,332,"NL","I"
458,1,332,"NL","I"
57,12,332,"NL","I"
465,1,332,"NL","I"
86,5,332,"NL","I"
122,1,332,"NL","I"
540,3,332,"NL","I"
63,6,332,"NL","I"
463,1,332,"NL","I"
76,7,332,"NL","I"
265,1,332,"NL","I"
499,36,332,"NL","I"
24,5,333,"NL","I"
112,2,333,"NL","I"
410,2,333,"NL","I"
361,3,333,"NL","I"
524,1,333,"NL","I"
440,1,333,"NL","I"
181,1,333,"NL","I"
86,5,333,"NL","I"
437,1,333,"NL","I"
355,1,333,"NL","I"
78,12,333,"NL","I"
17,6,333,"NL","I"
142,1,334,"NL","I"
425,3,334,"NL","I"
495,14,334,"NL","I"
61,46,334,"NL","I"
19,10,334,"NL","I"
5,7,334,"NL","I"
45,8,334,"NL","I"
365,4,334,"NL","I"
59,5,334,"NL","I"
165,1,334,"NL","I"
158,1,334,"NL","I"
519,2,334,"NL","I"
249,2,335,"NL","I"
322,2,335,"NL","I"
469,4,335,"NL","I"
343,6,335,"NL","I"
112,2,335,"NL","I"
164,4,335,"NL","I"
8,6,335,"NL","I"
415,1,335,"NL","I"
76,7,335,"NL","I"
482,3,335,"NL","I"
19,10,335,"NL","I"
430,1,335,"NL","I"
23,8,336,"NL","I"
64,14,336,"NL","I"
8,6,336,"NL","I"
244,2,336,"NL","I"
78,12,336,"NL","I"
279,1,336,"NL","I"
264,1,336,"NL","I"
524,1,336,"NL","I"
277,1,336,"NL","I"
308,2,336,"NL","I"
237,1,336,"NL","I"
368,1,336,"NL","I"
64,14,337,"NL","I"
77,21,337,"NL","I"
109,1,337,"NL","I"
286,1,337,"NL","I"
76,7,337,"NL","I"
198,1,337,"NL","I"
140,1,337,"NL","I"
78,12,337,"NL","I"
244,2,337,"NL","I"
255,1,337,"NL","I"
266,1,337,"NL","I"
8,6,337,"NL","I"
495,14,338,"NL","I"
45,8,338,"NL","I"
57,12,338,"NL","I"
401,1,338,"NL","I"
190,1,338,"NL","I"
13,3,338,"NL","I"
222,2,338,"NL","I"
390,1,338,"NL","I"
322,2,338,"NL","I"
378,2,338,"NL","I"
514,3,338,"NL","I"
505,19,338,"NL","I"
517,3,339,"NL","I"
62,8,339,"NL","I"
143,1,339,"NL","I"
426,1,339,"NL","I"
244,2,339,"NL","I"
367,2,339,"NL","I"
380,2,339,"NL","I"
80,6,339,"NL","I"
259,5,339,"NL","I"
277,1,339,"NL","I"
381,3,339,"NL","I"
463,1,339,"NL","I"
249,2,340,"NL","I"
285,1,340,"NL","I"
513,2,340,"NL","I"
8,6,340,"NL","I"
80,6,340,"NL","I"
222,2,340,"NL","I"
248,2,340,"NL","I"
211,1,340,"NL","I"
112,2,340,"NL","I"
24,5,340,"NL","I"
458,1,340,"NL","I"
259,5,340,"NL","I"
48,6,341,"NL","I"
67,12,341,"NL","I"
36,6,341,"NL","I"
128,1,341,"NL","I"
266,1,341,"NL","I"
144,1,341,"NL","I"
374,2,341,"NL","I"
66,1,341,"NL","I"
126,4,341,"NL","I"
138,3,341,"NL","I"
517,3,341,"NL","I"
33,13,341,"NL","I"
371,1,342,"NL","I"
264,1,342,"NL","I"
497,36,342,"NL","I"
514,3,342,"NL","I"
439,1,342,"NL","I"
513,2,342,"NL","I"
57,12,342,"NL","I"
389,2,342,"NL","I"
505,19,342,"NL","I"
45,8,342,"NL","I"
390,1,342,"NL","I"
66,1,342,"NL","I"
109,1,343,"NL","I"
12,11,343,"NL","I"
144,1,343,"NL","I"
14,27,343,"NL","I"
357,1,343,"NL","I"
458,1,343,"NL","I"
422,3,343,"NL","I"
300,1,343,"NL","I"
112,2,343,"NL","I"
534,3,343,"NL","I"
190,1,343,"NL","I"
514,3,343,"NL","I"
44,18,344,"NL","I"
499,36,344,"NL","I"
498,32,344,"NL","I"
361,3,344,"NL","I"
394,1,344,"NL","I"
496,33,344,"NL","I"
308,2,344,"NL","I"
503,25,344,"NL","I"
7,10,344,"NL","I"
142,1,344,"NL","I"
128,1,344,"NL","I"
426,1,344,"NL","I"
496,33,345,"NL","I"
458,1,345,"NL","I"
426,1,345,"NL","I"
355,1,345,"NL","I"
497,36,345,"NL","I"
11,32,345,"NL","I"
363,1,345,"NL","I"
425,3,345,"NL","I"
61,46,345,"NL","I"
228,1,345,"NL","I"
196,2,345,"NL","I"
277,1,345,"NL","I"
504,40,346,"NL","I"
222,2,346,"NL","I"
357,1,346,"NL","I"
326,1,346,"NL","I"
285,1,346,"NL","I"
498,32,346,"NL","I"
503,25,346,"NL","I"
143,1,346,"NL","I"
12,11,346,"NL","I"
304,1,346,"NL","I"
348,2,346,"NL","I"
64,14,346,"NL","I"
142,1,347,"NL","I"
211,1,347,"NL","I"
51,3,347,"NL","I"
61,46,347,"NL","I"
438,6,347,"NL","I"
82,1,347,"NL","I"
80,6,347,"NL","I"
244,2,347,"NL","I"
237,1,347,"NL","I"
441,1,347,"NL","I"
500,29,347,"NL","I"
430,1,347,"NL","I"
394,1,348,"NL","I"
202,1,348,"NL","I"
32,11,348,"NL","I"
143,1,348,"NL","I"
390,1,348,"NL","I"
48,6,348,"NL","I"
14,27,348,"NL","I"
250,1,348,"NL","I"
458,1,348,"NL","I"
196,2,348,"NL","I"
47,11,348,"NL","I"
11,32,348,"NL","I"
278,1,349,"NL","I"
508,19,349,"NL","I"
60,5,349,"NL","I"
5,7,349,"NL","I"
470,4,349,"NL","I"
308,2,349,"NL","I"
344,1,349,"NL","I"
128,1,349,"NL","I"
519,2,349,"NL","I"
369,2,349,"NL","I"
465,1,349,"NL","I"
247,1,349,"NL","I"
81,2,350,"NL","I"
300,1,350,"NL","I"
415,1,350,"NL","I"
371,1,350,"NL","I"
109,1,350,"NL","I"
498,32,350,"NL","I"
358,15,350,"NL","I"
525,4,350,"NL","I"
513,2,350,"NL","I"
519,2,350,"NL","I"
48,6,350,"NL","I"
363,1,350,"NL","I"
435,1,351,"NL","I"
173,1,351,"NL","I"
343,6,351,"NL","I"
170,1,351,"NL","I"
415,1,351,"NL","I"
186,1,351,"NL","I"
76,7,351,"NL","I"
57,12,351,"NL","I"
463,1,351,"NL","I"
138,3,351,"NL","I"
63,6,351,"NL","I"
523,4,351,"NL","I"
189,1,352,"NL","I"
124,1,352,"NL","I"
534,3,352,"NL","I"
426,1,352,"NL","I"
20,8,352,"NL","I"
315,1,352,"NL","I"
276,2,352,"NL","I"
361,3,352,"NL","I"
244,2,352,"NL","I"
438,6,352,"NL","I"
301,1,352,"NL","I"
247,1,352,"NL","I"
60,5,353,"NL","I"
439,1,353,"NL","I"
401,1,353,"NL","I"
374,2,353,"NL","I"
57,12,353,"NL","I"
124,1,353,"NL","I"
5,7,353,"NL","I"
361,3,353,"NL","I"
469,4,353,"NL","I"
486,3,353,"NL","I"
508,19,353,"NL","I"
122,1,353,"NL","I"
183,1,354,"NL","I"
410,2,354,"NL","I"
486,3,354,"NL","I"
447,2,354,"NL","I"
140,1,354,"NL","I"
367,2,354,"NL","I"
355,1,354,"NL","I"
437,1,354,"NL","I"
419,1,354,"NL","I"
401,1,354,"NL","I"
441,1,354,"NL","I"
496,33,354,"NL","I"
166,1,355,"NL","I"
344,1,355,"NL","I"
30,3,355,"NL","I"
322,2,355,"NL","I"
422,3,355,"NL","I"
26,52,355,"NL","I"
211,1,355,"NL","I"
381,3,355,"NL","I"
249,2,355,"NL","I"
4,11,355,"NL","I"
371,1,355,"NL","I"
502,23,355,"NL","I"
193,1,356,"NL","I"
166,1,356,"NL","I"
247,1,356,"NL","I"
142,1,356,"NL","I"
112,2,356,"NL","I"
358,15,356,"NL","I"
498,32,356,"NL","I"
259,5,356,"NL","I"
188,1,356,"NL","I"
4,11,356,"NL","I"
470,4,356,"NL","I"
390,1,356,"NL","I"
60,5,357,"NL","I"
248,2,357,"NL","I"
410,2,357,"NL","I"
301,1,357,"NL","I"
209,1,357,"NL","I"
124,1,357,"NL","I"
433,2,357,"NL","I"
188,1,357,"NL","I"
222,2,357,"NL","I"
360,3,357,"NL","I"
304,1,357,"NL","I"
465,1,357,"NL","I"
60,5,358,"NL","I"
421,4,358,"NL","I"
302,1,358,"NL","I"
486,3,358,"NL","I"
142,1,358,"NL","I"
463,1,358,"NL","I"
358,15,358,"NL","I"
355,1,358,"NL","I"
467,4,358,"NL","I"
45,8,358,"NL","I"
367,2,358,"NL","I"
77,21,358,"NL","I"
525,4,359,"NL","I"
244,2,359,"NL","I"
279,1,359,"NL","I"
344,1,359,"NL","I"
381,3,359,"NL","I"
190,1,359,"NL","I"
437,1,359,"NL","I"
91,9,359,"NL","I"
183,1,359,"NL","I"
48,6,359,"NL","I"
463,1,359,"NL","I"
16,8,359,"NL","I"
144,1,360,"NL","I"
376,4,360,"NL","I"
11,32,360,"NL","I"
28,26,360,"NL","I"
364,2,360,"NL","I"
365,4,360,"NL","I"
122,1,360,"NL","I"
112,2,360,"NL","I"
132,1,360,"NL","I"
438,6,360,"NL","I"
282,1,360,"NL","I"
189,1,360,"NL","I"
389,2,361,"NL","I"
158,1,361,"NL","I"
86,5,361,"NL","I"
364,2,361,"NL","I"
497,36,361,"NL","I"
360,3,361,"NL","I"
300,1,361,"NL","I"
51,3,361,"NL","I"
143,1,361,"NL","I"
371,1,361,"NL","I"
81,2,361,"NL","I"
10,7,361,"NL","I"
369,2,362,"NL","I"
228,1,362,"NL","I"
469,4,362,"NL","I"
64,14,362,"NL","I"
380,2,362,"NL","I"
61,46,362,"NL","I"
364,2,362,"NL","I"
126,4,362,"NL","I"
302,1,362,"NL","I"
463,1,362,"NL","I"
433,2,362,"NL","I"
164,4,362,"NL","I"
12,11,363,"NL","I"
337,8,363,"NL","I"
369,2,363,"NL","I"
430,1,363,"NL","I"
301,1,363,"NL","I"
17,6,363,"NL","I"
326,1,363,"NL","I"
26,52,363,"NL","I"
252,1,363,"NL","I"
198,1,363,"NL","I"
48,6,363,"NL","I"
232,3,363,"NL","I"
181,1,364,"NL","I"
315,1,364,"NL","I"
276,2,364,"NL","I"
503,25,364,"NL","I"
465,1,364,"NL","I"
365,4,364,"NL","I"
16,8,364,"NL","I"
376,4,364,"NL","I"
61,46,364,"NL","I"
13,3,364,"NL","I"
438,6,364,"NL","I"
278,1,364,"NL","I"
401,1,365,"NL","I"
16,8,365,"NL","I"
438,6,365,"NL","I"
57,12,365,"NL","I"
361,3,365,"NL","I"
61,46,365,"NL","I"
189,1,365,"NL","I"
164,4,365,"NL","I"
458,1,365,"NL","I"
499,36,365,"NL","I"
209,1,365,"NL","I"
188,1,365,"NL","I"
228,1,366,"NL","I"
389,2,366,"NL","I"
198,1,366,"NL","I"
380,2,366,"NL","I"
360,3,366,"NL","I"
516,3,366,"NL","I"
24,5,366,"NL","I"
445,9,366,"NL","I"
286,1,366,"NL","I"
439,1,366,"NL","I"
361,3,366,"NL","I"
300,1,366,"NL","I"
463,1,367,"NL","I"
447,2,367,"NL","I"
189,1,367,"NL","I"
504,40,367,"NL","I"
23,8,367,"NL","I"
417,1,367,"NL","I"
198,1,367,"NL","I"
5,7,367,"NL","I"
193,1,367,"NL","I"
164,4,367,"NL","I"
372,1,367,"NL","I"
365,4,367,"NL","I"
360,3,368,"NL","I"
470,4,368,"NL","I"
455,2,368,"NL","I"
504,40,368,"NL","I"
222,2,368,"NL","I"
282,1,368,"NL","I"
202,1,368,"NL","I"
5,7,368,"NL","I"
367,2,368,"NL","I"
24,5,368,"NL","I"
505,19,368,"NL","I"
370,1,368,"NL","I"
286,1,369,"NL","I"
41,2,369,"NL","I"
165,1,369,"NL","I"
372,1,369,"NL","I"
463,1,369,"NL","I"
279,1,369,"NL","I"
60,5,369,"NL","I"
193,1,369,"NL","I"
467,4,369,"NL","I"
503,25,369,"NL","I"
471,1,369,"NL","I"
39,1,369,"NL","I"
222,2,370,"NL","I"
5,7,370,"NL","I"
61,46,370,"NL","I"
301,1,370,"NL","I"
389,2,370,"NL","I"
48,6,370,"NL","I"
469,4,370,"NL","I"
504,40,370,"NL","I"
410,2,370,"NL","I"
57,12,370,"NL","I"
24,5,370,"NL","I"
78,12,370,"NL","I"
364,2,371,"NL","I"
501,24,371,"NL","I"
247,1,371,"NL","I"
196,2,371,"NL","I"
264,1,371,"NL","I"
363,1,371,"NL","I"
255,1,371,"NL","I"
367,2,371,"NL","I"
126,4,371,"NL","I"
496,33,371,"NL","I"
186,1,371,"NL","I"
105,1,371,"NL","I"
372,1,372,"NL","I"
355,1,372,"NL","I"
14,27,372,"NL","I"
202,1,372,"NL","I"
150,1,372,"NL","I"
158,1,372,"NL","I"
126,4,372,"NL","I"
143,1,372,"NL","I"
8,6,372,"NL","I"
301,1,372,"NL","I"
82,1,372,"NL","I"
188,1,372,"NL","I"
441,1,373,"NL","I"
164,4,373,"NL","I"
534,3,373,"NL","I"
61,46,373,"NL","I"
36,6,373,"NL","I"
23,8,373,"NL","I"
166,1,373,"NL","I"
266,1,373,"NL","I"
517,3,373,"NL","I"
124,1,373,"NL","I"
470,4,373,"NL","I"
33,13,373,"NL","I"
122,1,374,"NL","I"
435,1,374,"NL","I"
430,1,374,"NL","I"
86,5,374,"NL","I"
250,1,374,"NL","I"
10,7,374,"NL","I"
56,7,374,"NL","I"
458,1,374,"NL","I"
77,21,374,"NL","I"
64,14,374,"NL","I"
344,1,374,"NL","I"
517,3,374,"NL","I"
471,1,375,"NL","I"
179,7,375,"NL","I"
105,1,375,"NL","I"
358,15,375,"NL","I"
499,36,375,"NL","I"
45,8,375,"NL","I"
51,3,375,"NL","I"
33,13,375,"NL","I"
455,2,375,"NL","I"
389,2,375,"NL","I"
188,1,375,"NL","I"
48,6,375,"NL","I"
122,1,376,"NL","I"
500,29,376,"NL","I"
376,4,376,"NL","I"
348,2,376,"NL","I"
301,1,376,"NL","I"
203,1,376,"NL","I"
499,36,376,"NL","I"
390,1,376,"NL","I"
525,4,376,"NL","I"
124,1,376,"NL","I"
30,3,376,"NL","I"
86,5,376,"NL","I"
368,1,377,"NL","I"
38,6,377,"NL","I"
438,6,377,"NL","I"
500,29,377,"NL","I"
142,1,377,"NL","I"
140,1,377,"NL","I"
132,1,377,"NL","I"
378,2,377,"NL","I"
498,32,377,"NL","I"
158,1,377,"NL","I"
14,27,377,"NL","I"
365,4,377,"NL","I"
131,1,378,"NL","I"
513,2,378,"NL","I"
20,8,378,"NL","I"
370,1,378,"NL","I"
11,32,378,"NL","I"
48,6,378,"NL","I"
112,2,378,"NL","I"
514,3,378,"NL","I"
426,1,378,"NL","I"
425,3,378,"NL","I"
46,6,378,"NL","I"
264,1,378,"NL","I"
496,33,379,"NL","I"
14,27,379,"NL","I"
439,1,379,"NL","I"
193,1,379,"NL","I"
181,1,379,"NL","I"
500,29,379,"NL","I"
143,1,379,"NL","I"
374,2,379,"NL","I"
255,1,379,"NL","I"
170,1,379,"NL","I"
17,6,379,"NL","I"
508,19,379,"NL","I"
390,1,380,"NL","I"
19,10,380,"NL","I"
247,1,380,"NL","I"
499,36,380,"NL","I"
11,32,380,"NL","I"
173,1,380,"NL","I"
361,3,380,"NL","I"
122,1,380,"NL","I"
67,12,380,"NL","I"
343,6,380,"NL","I"
317,2,380,"NL","I"
86,5,380,"NL","I"
166,1,381,"NL","I"
534,3,381,"NL","I"
277,1,381,"NL","I"
486,3,381,"NL","I"
302,1,381,"NL","I"
144,1,381,"NL","I"
501,24,381,"NL","I"
502,23,381,"NL","I"
437,1,381,"NL","I"
354,2,381,"NL","I"
341,2,381,"NL","I"
301,1,381,"NL","I"
56,7,382,"NL","I"
377,3,382,"NL","I"
60,5,382,"NL","I"
465,1,382,"NL","I"
188,1,382,"NL","I"
318,2,382,"NL","I"
341,2,382,"NL","I"
419,1,382,"NL","I"
12,11,382,"NL","I"
371,1,382,"NL","I"
4,11,382,"NL","I"
105,1,382,"NL","I"
188,1,383,"NL","I"
378,2,383,"NL","I"
48,6,383,"NL","I"
421,4,383,"NL","I"
470,4,383,"NL","I"
376,4,383,"NL","I"
519,2,383,"NL","I"
505,19,383,"NL","I"
417,1,383,"NL","I"
498,32,383,"NL","I"
369,2,383,"NL","I"
78,12,383,"NL","I"
124,1,384,"NL","I"
223,1,384,"NL","I"
45,8,384,"NL","I"
248,2,384,"NL","I"
132,1,384,"NL","I"
285,1,384,"NL","I"
430,1,384,"NL","I"
389,2,384,"NL","I"
371,1,384,"NL","I"
378,2,384,"NL","I"
513,2,384,"NL","I"
266,1,384,"NL","I"
28,26,385,"NL","I"
519,2,385,"NL","I"
165,1,385,"NL","I"
401,1,385,"NL","I"
255,1,385,"NL","I"
248,2,385,"NL","I"
39,1,385,"NL","I"
247,1,385,"NL","I"
496,33,385,"NL","I"
164,4,385,"NL","I"
540,3,385,"NL","I"
378,2,385,"NL","I"
445,9,386,"NL","I"
51,3,386,"NL","I"
304,1,386,"NL","I"
315,1,386,"NL","I"
426,1,386,"NL","I"
360,3,386,"NL","I"
23,8,386,"NL","I"
57,12,386,"NL","I"
497,36,386,"NL","I"
222,2,386,"NL","I"
76,7,386,"NL","I"
173,1,386,"NL","I"
368,1,387,"NL","I"
183,1,387,"NL","I"
360,3,387,"NL","I"
109,1,387,"NL","I"
513,2,387,"NL","I"
249,2,387,"NL","I"
301,1,387,"NL","I"
344,1,387,"NL","I"
266,1,387,"NL","I"
303,5,387,"NL","I"
425,3,387,"NL","I"
441,1,387,"NL","I"
426,1,388,"NL","I"
378,2,388,"NL","I"
497,36,388,"NL","I"
430,1,388,"NL","I"
186,1,388,"NL","I"
19,10,388,"NL","I"
389,2,388,"NL","I"
188,1,388,"NL","I"
38,6,388,"NL","I"
166,1,388,"NL","I"
422,3,388,"NL","I"
141,1,388,"NL","I"
264,1,389,"NL","I"
376,4,389,"NL","I"
415,1,389,"NL","I"
41,2,389,"NL","I"
361,3,389,"NL","I"
165,1,389,"NL","I"
105,1,389,"NL","I"
81,2,389,"NL","I"
458,1,389,"NL","I"
64,14,389,"NL","I"
534,3,389,"NL","I"
389,2,389,"NL","I"
426,1,390,"NL","I"
410,2,390,"NL","I"
378,2,390,"NL","I"
302,1,390,"NL","I"
425,3,390,"NL","I"
470,4,390,"NL","I"
522,1,390,"NL","I"
341,2,390,"NL","I"
437,1,390,"NL","I"
16,8,390,"NL","I"
367,2,390,"NL","I"
389,2,390,"NL","I"
165,1,391,"NL","I"
279,1,391,"NL","I"
523,4,391,"NL","I"
20,8,391,"NL","I"
61,46,391,"NL","I"
59,5,391,"NL","I"
365,4,391,"NL","I"
38,6,391,"NL","I"
228,1,391,"NL","I"
142,1,391,"NL","I"
5,7,391,"NL","I"
10,7,391,"NL","I"
496,33,392,"NL","I"
198,1,392,"NL","I"
523,4,392,"NL","I"
500,29,392,"NL","I"
421,4,392,"NL","I"
370,1,392,"NL","I"
51,3,392,"NL","I"
211,1,392,"NL","I"
467,4,392,"NL","I"
522,1,392,"NL","I"
378,2,392,"NL","I"
38,6,392,"NL","I"
4,11,393,"NL","I"
354,2,393,"NL","I"
39,1,393,"NL","I"
30,3,393,"NL","I"
255,1,393,"NL","I"
189,1,393,"NL","I"
415,1,393,"NL","I"
59,5,393,"NL","I"
282,1,393,"NL","I"
499,36,393,"NL","I"
503,25,393,"NL","I"
223,1,393,"NL","I"
63,6,394,"NL","I"
8,6,394,"NL","I"
419,1,394,"NL","I"
17,6,394,"NL","I"
508,19,394,"NL","I"
173,1,394,"NL","I"
318,2,394,"NL","I"
30,3,394,"NL","I"
344,1,394,"NL","I"
441,1,394,"NL","I"
371,1,394,"NL","I"
82,1,394,"NL","I"
344,1,395,"NL","I"
343,6,395,"NL","I"
166,1,395,"NL","I"
486,3,395,"NL","I"
12,11,395,"NL","I"
109,1,395,"NL","I"
59,5,395,"NL","I"
419,1,395,"NL","I"
123,3,395,"NL","I"
517,3,395,"NL","I"
202,1,395,"NL","I"
483,3,395,"NL","I"
131,1,396,"NL","I"
315,1,396,"NL","I"
341,2,396,"NL","I"
140,1,396,"NL","I"
301,1,396,"NL","I"
390,1,396,"NL","I"
132,1,396,"NL","I"
534,3,396,"NL","I"
279,1,396,"NL","I"
112,2,396,"NL","I"
24,5,396,"NL","I"
372,1,396,"NL","I"
131,1,397,"NL","I"
355,1,397,"NL","I"
435,1,397,"NL","I"
60,5,397,"NL","I"
48,6,397,"NL","I"
278,1,397,"NL","I"
179,7,397,"NL","I"
173,1,397,"NL","I"
41,2,397,"NL","I"
303,5,397,"NL","I"
45,8,397,"NL","I"
318,2,397,"NL","I"
20,8,398,"NL","I"
397,1,398,"NL","I"
203,1,398,"NL","I"
483,3,398,"NL","I"
517,3,398,"NL","I"
222,2,398,"NL","I"
10,7,398,"NL","I"
132,1,398,"NL","I"
433,2,398,"NL","I"
143,1,398,"NL","I"
193,1,398,"NL","I"
365,4,398,"NL","I"
540,3,399,"NL","I"
278,1,399,"NL","I"
193,1,399,"NL","I"
344,1,399,"NL","I"
44,18,399,"NL","I"
315,1,399,"NL","I"
112,2,399,"NL","I"
38,6,399,"NL","I"
360,3,399,"NL","I"
425,3,399,"NL","I"
250,1,399,"NL","I"
439,1,399,"NL","I"
86,5,400,"NL","I"
357,1,400,"NL","I"
300,1,400,"NL","I"
61,46,400,"NL","I"
266,1,400,"NL","I"
439,1,400,"NL","I"
415,1,400,"NL","I"
33,13,400,"NL","I"
150,1,400,"NL","I"
317,2,400,"NL","I"
30,3,400,"NL","I"
367,2,400,"NL","I"
128,1,401,"NL","I"
38,6,401,"NL","I"
433,2,401,"NL","I"
277,1,401,"NL","I"
498,32,401,"NL","I"
483,3,401,"NL","I"
337,8,401,"NL","I"
425,3,401,"NL","I"
463,1,401,"NL","I"
368,1,401,"NL","I"
445,9,401,"NL","I"
141,1,401,"NL","I"
112,2,402,"NL","I"
437,1,402,"NL","I"
278,1,402,"NL","I"
495,14,402,"NL","I"
439,1,402,"NL","I"
304,1,402,"NL","I"
13,3,402,"NL","I"
433,2,402,"NL","I"
441,1,402,"NL","I"
337,8,402,"NL","I"
435,1,402,"NL","I"
540,3,402,"NL","I"
441,1,403,"NL","I"
183,1,403,"NL","I"
122,1,403,"NL","I"
247,1,403,"NL","I"
440,1,403,"NL","I"
430,1,403,"NL","I"
158,1,403,"NL","I"
244,2,403,"NL","I"
394,1,403,"NL","I"
455,2,403,"NL","I"
286,1,403,"NL","I"
80,6,403,"NL","I"
374,2,404,"NL","I"
64,14,404,"NL","I"
209,1,404,"NL","I"
232,3,404,"NL","I"
303,5,404,"NL","I"
131,1,404,"NL","I"
30,3,404,"NL","I"
62,8,404,"NL","I"
498,32,404,"NL","I"
186,1,404,"NL","I"
203,1,404,"NL","I"
365,4,404,"NL","I"
249,2,405,"NL","I"
252,1,405,"NL","I"
389,2,405,"NL","I"
250,1,405,"NL","I"
56,7,405,"NL","I"
322,2,405,"NL","I"
193,1,405,"NL","I"
467,4,405,"NL","I"
63,6,405,"NL","I"
247,1,405,"NL","I"
463,1,405,"NL","I"
441,1,405,"NL","I"
301,1,406,"NL","I"
415,1,406,"NL","I"
317,2,406,"NL","I"
14,27,406,"NL","I"
304,1,406,"NL","I"
378,2,406,"NL","I"
361,3,406,"NL","I"
128,1,406,"NL","I"
455,2,406,"NL","I"
285,1,406,"NL","I"
337,8,406,"NL","I"
189,1,406,"NL","I"
181,1,407,"NL","I"
255,1,407,"NL","I"
10,7,407,"NL","I"
499,36,407,"NL","I"
318,2,407,"NL","I"
377,3,407,"NL","I"
486,3,407,"NL","I"
282,1,407,"NL","I"
62,8,407,"NL","I"
322,2,407,"NL","I"
124,1,407,"NL","I"
369,2,407,"NL","I"
244,2,408,"NL","I"
370,1,408,"NL","I"
471,1,408,"NL","I"
364,2,408,"NL","I"
348,2,408,"NL","I"
189,1,408,"NL","I"
23,8,408,"NL","I"
67,12,408,"NL","I"
455,2,408,"NL","I"
365,4,408,"NL","I"
540,3,408,"NL","I"
250,1,408,"NL","I"
61,46,409,"NL","I"
522,1,409,"NL","I"
4,11,409,"NL","I"
67,12,409,"NL","I"
524,1,409,"NL","I"
361,3,409,"NL","I"
202,1,409,"NL","I"
439,1,409,"NL","I"
46,6,409,"NL","I"
470,4,409,"NL","I"
164,4,409,"NL","I"
422,3,409,"NL","I"
513,2,410,"NL","I"
5,7,410,"NL","I"
415,1,410,"NL","I"
165,1,410,"NL","I"
349,1,410,"NL","I"
132,1,410,"NL","I"
105,1,410,"NL","I"
367,2,410,"NL","I"
244,2,410,"NL","I"
438,6,410,"NL","I"
38,6,410,"NL","I"
250,1,410,"NL","I"
72,9,411,"NL","I"
465,1,411,"NL","I"
415,1,411,"NL","I"
8,6,411,"NL","I"
14,27,411,"NL","I"
77,21,411,"NL","I"
317,2,411,"NL","I"
445,9,411,"NL","I"
33,13,411,"NL","I"
36,6,411,"NL","I"
41,2,411,"NL","I"
378,2,411,"NL","I"
438,6,412,"NL","I"
86,5,412,"NL","I"
348,2,412,"NL","I"
354,2,412,"NL","I"
28,26,412,"NL","I"
203,1,412,"NL","I"
374,2,412,"NL","I"
64,14,412,"NL","I"
198,1,412,"NL","I"
14,27,412,"NL","I"
266,1,412,"NL","I"
344,1,412,"NL","I"
523,4,413,"NL","I"
390,1,413,"NL","I"
51,3,413,"NL","I"
279,1,413,"NL","I"
278,1,413,"NL","I"
255,1,413,"NL","I"
470,4,413,"NL","I"
302,1,413,"NL","I"
463,1,413,"NL","I"
20,8,413,"NL","I"
355,1,413,"NL","I"
222,2,413,"NL","I"
410,2,414,"NL","I"
303,5,414,"NL","I"
30,3,414,"NL","I"
64,14,414,"NL","I"
517,3,414,"NL","I"
109,1,414,"NL","I"
62,8,414,"NL","I"
188,1,414,"NL","I"
372,1,414,"NL","I"
499,36,414,"NL","I"
508,19,414,"NL","I"
8,6,414,"NL","I"
447,2,415,"NL","I"
343,6,415,"NL","I"
80,6,415,"NL","I"
39,1,415,"NL","I"
502,23,415,"NL","I"
381,3,415,"NL","I"
209,1,415,"NL","I"
371,1,415,"NL","I"
244,2,415,"NL","I"
265,1,415,"NL","I"
264,1,415,"NL","I"
389,2,415,"NL","I"
441,1,416,"NL","I"
371,1,416,"NL","I"
222,2,416,"NL","I"
447,2,416,"NL","I"
482,3,416,"NL","I"
343,6,416,"NL","I"
517,3,416,"NL","I"
16,8,416,"NL","I"
367,2,416,"NL","I"
66,1,416,"NL","I"
498,32,416,"NL","I"
495,14,416,"NL","I"
458,1,417,"NL","I"
228,1,417,"NL","I"
522,1,417,"NL","I"
66,1,417,"NL","I"
72,9,417,"NL","I"
38,6,417,"NL","I"
189,1,417,"NL","I"
196,2,417,"NL","I"
166,1,417,"NL","I"
381,3,417,"NL","I"
318,2,417,"NL","I"
525,4,417,"NL","I"
315,1,418,"NL","I"
278,1,418,"NL","I"
410,2,418,"NL","I"
82,1,418,"NL","I"
486,3,418,"NL","I"
61,46,418,"NL","I"
86,5,418,"NL","I"
17,6,418,"NL","I"
91,9,418,"NL","I"
394,1,418,"NL","I"
322,2,418,"NL","I"
255,1,418,"NL","I"
517,3,419,"NL","I"
252,1,419,"NL","I"
438,6,419,"NL","I"
463,1,419,"NL","I"
415,1,419,"NL","I"
82,1,419,"NL","I"
86,5,419,"NL","I"
188,1,419,"NL","I"
150,1,419,"NL","I"
337,8,419,"NL","I"
67,12,419,"NL","I"
76,7,419,"NL","I"
482,3,420,"NL","I"
39,1,420,"NL","I"
61,46,420,"NL","I"
463,1,420,"NL","I"
47,11,420,"NL","I"
499,36,420,"NL","I"
357,1,420,"NL","I"
282,1,420,"NL","I"
465,1,420,"NL","I"
223,1,420,"NL","I"
132,1,420,"NL","I"
138,3,420,"NL","I"
344,1,421,"NL","I"
179,7,421,"NL","I"
455,2,421,"NL","I"
250,1,421,"NL","I"
57,12,421,"NL","I"
62,8,421,"NL","I"
7,10,421,"NL","I"
181,1,421,"NL","I"
202,1,421,"NL","I"
524,1,421,"NL","I"
513,2,421,"NL","I"
4,11,421,"NL","I"
109,1,422,"NL","I"
63,6,422,"NL","I"
458,1,422,"NL","I"
380,2,422,"NL","I"
144,1,422,"NL","I"
190,1,422,"NL","I"
381,3,422,"NL","I"
348,2,422,"NL","I"
181,1,422,"NL","I"
255,1,422,"NL","I"
14,27,422,"NL","I"
438,6,422,"NL","I"
377,3,423,"NL","I"
250,1,423,"NL","I"
304,1,423,"NL","I"
470,4,423,"NL","I"
63,6,423,"NL","I"
249,2,423,"NL","I"
374,2,423,"NL","I"
495,14,423,"NL","I"
47,11,423,"NL","I"
23,8,423,"NL","I"
39,1,423,"NL","I"
8,6,423,"NL","I"
417,1,424,"NL","I"
326,1,424,"NL","I"
62,8,424,"NL","I"
81,2,424,"NL","I"
367,2,424,"NL","I"
193,1,424,"NL","I"
211,1,424,"NL","I"
39,1,424,"NL","I"
467,4,424,"NL","I"
415,1,424,"NL","I"
13,3,424,"NL","I"
142,1,424,"NL","I"
524,1,425,"NL","I"
144,1,425,"NL","I"
173,1,425,"NL","I"
390,1,425,"NL","I"
349,1,425,"NL","I"
26,52,425,"NL","I"
279,1,425,"NL","I"
377,3,425,"NL","I"
198,1,425,"NL","I"
80,6,425,"NL","I"
523,4,425,"NL","I"
344,1,425,"NL","I"
376,4,426,"NL","I"
23,8,426,"NL","I"
62,8,426,"NL","I"
286,1,426,"NL","I"
401,1,426,"NL","I"
47,11,426,"NL","I"
228,1,426,"NL","I"
445,9,426,"NL","I"
422,3,426,"NL","I"
196,2,426,"NL","I"
26,52,426,"NL","I"
128,1,426,"NL","I"
67,12,427,"NL","I"
259,5,427,"NL","I"
39,1,427,"NL","I"
138,3,427,"NL","I"
441,1,427,"NL","I"
370,1,427,"NL","I"
304,1,427,"NL","I"
315,1,427,"NL","I"
109,1,427,"NL","I"
23,8,427,"NL","I"
470,4,427,"NL","I"
374,2,427,"NL","I"
72,9,428,"NL","I"
422,3,428,"NL","I"
232,3,428,"NL","I"
445,9,428,"NL","I"
358,15,428,"NL","I"
435,1,428,"NL","I"
302,1,428,"NL","I"
150,1,428,"NL","I"
514,3,428,"NL","I"
317,2,428,"NL","I"
390,1,428,"NL","I"
123,3,428,"NL","I"
348,2,429,"NL","I"
237,1,429,"NL","I"
203,1,429,"NL","I"
81,2,429,"NL","I"
61,46,429,"NL","I"
259,5,429,"NL","I"
467,4,429,"NL","I"
198,1,429,"NL","I"
266,1,429,"NL","I"
38,6,429,"NL","I"
59,5,429,"NL","I"
46,6,429,"NL","I"
265,1,430,"NL","I"
302,1,430,"NL","I"
421,4,430,"NL","I"
467,4,430,"NL","I"
354,2,430,"NL","I"
36,6,430,"NL","I"
144,1,430,"NL","I"
188,1,430,"NL","I"
14,27,430,"NL","I"
358,15,430,"NL","I"
60,5,430,"NL","I"
51,3,430,"NL","I"
410,2,431,"NL","I"
368,1,431,"NL","I"
51,3,431,"NL","I"
24,5,431,"NL","I"
377,3,431,"NL","I"
20,8,431,"NL","I"
465,1,431,"NL","I"
426,1,431,"NL","I"
13,3,431,"NL","I"
166,1,431,"NL","I"
36,6,431,"NL","I"
433,2,431,"NL","I"
282,1,432,"NL","I"
203,1,432,"NL","I"
196,2,432,"NL","I"
249,2,432,"NL","I"
143,1,432,"NL","I"
247,1,432,"NL","I"
421,4,432,"NL","I"
337,8,432,"NL","I"
183,1,432,"NL","I"
471,1,432,"NL","I"
435,1,432,"NL","I"
376,4,432,"NL","I"
223,1,433,"NL","I"
276,2,433,"NL","I"
303,5,433,"NL","I"
14,27,433,"NL","I"
186,1,433,"NL","I"
502,23,433,"NL","I"
304,1,433,"NL","I"
60,5,433,"NL","I"
508,19,433,"NL","I"
265,1,433,"NL","I"
264,1,433,"NL","I"
344,1,433,"NL","I"
369,2,434,"NL","I"
51,3,434,"NL","I"
13,3,434,"NL","I"
67,12,434,"NL","I"
36,6,434,"NL","I"
30,3,434,"NL","I"
64,14,434,"NL","I"
248,2,434,"NL","I"
45,8,434,"NL","I"
72,9,434,"NL","I"
286,1,434,"NL","I"
12,11,434,"NL","I"
371,1,435,"NL","I"
255,1,435,"NL","I"
361,3,435,"NL","I"
76,7,435,"NL","I"
81,2,435,"NL","I"
482,3,435,"NL","I"
60,5,435,"NL","I"
317,2,435,"NL","I"
196,2,435,"NL","I"
28,26,435,"NL","I"
237,1,435,"NL","I"
422,3,435,"NL","I"
20,8,436,"NL","I"
361,3,436,"NL","I"
47,11,436,"NL","I"
248,2,436,"NL","I"
41,2,436,"NL","I"
426,1,436,"NL","I"
23,8,436,"NL","I"
222,2,436,"NL","I"
13,3,436,"NL","I"
138,3,436,"NL","I"
10,7,436,"NL","I"
126,4,436,"NL","I"
45,8,437,"NL","I"
66,1,437,"NL","I"
315,1,437,"NL","I"
469,4,437,"NL","I"
341,2,437,"NL","I"
285,1,437,"NL","I"
190,1,437,"NL","I"
354,2,437,"NL","I"
370,1,437,"NL","I"
10,7,437,"NL","I"
5,7,437,"NL","I"
463,1,437,"NL","I"
523,4,438,"NL","I"
363,1,438,"NL","I"
81,2,438,"NL","I"
361,3,438,"NL","I"
86,5,438,"NL","I"
495,14,438,"NL","I"
376,4,438,"NL","I"
255,1,438,"NL","I"
368,1,438,"NL","I"
59,5,438,"NL","I"
421,4,438,"NL","I"
504,40,438,"NL","I"
317,2,439,"NL","I"
244,2,439,"NL","I"
425,3,439,"NL","I"
304,1,439,"NL","I"
470,4,439,"NL","I"
28,26,439,"NL","I"
45,8,439,"NL","I"
47,11,439,"NL","I"
5,7,439,"NL","I"
188,1,439,"NL","I"
279,1,439,"NL","I"
303,5,439,"NL","I"
10,7,440,"NL","I"
8,6,440,"NL","I"
534,3,440,"NL","I"
183,1,440,"NL","I"
23,8,440,"NL","I"
389,2,440,"NL","I"
57,12,440,"NL","I"
170,1,440,"NL","I"
364,2,440,"NL","I"
158,1,440,"NL","I"
32,11,440,"NL","I"
522,1,440,"NL","I"
348,2,441,"NL","I"
364,2,441,"NL","I"
430,1,441,"NL","I"
138,3,441,"NL","I"
237,1,441,"NL","I"
59,5,441,"NL","I"
513,2,441,"NL","I"
514,3,441,"NL","I"
365,4,441,"NL","I"
132,1,441,"NL","I"
11,32,441,"NL","I"
41,2,441,"NL","I"
425,3,442,"NL","I"
164,4,442,"NL","I"
228,1,442,"NL","I"
364,2,442,"NL","I"
421,4,442,"NL","I"
322,2,442,"NL","I"
140,1,442,"NL","I"
123,3,442,"NL","I"
138,3,442,"NL","I"
188,1,442,"NL","I"
26,52,442,"NL","I"
86,5,442,"NL","I"
170,1,443,"NL","I"
266,1,443,"NL","I"
138,3,443,"NL","I"
361,3,443,"NL","I"
315,1,443,"NL","I"
401,1,443,"NL","I"
188,1,443,"NL","I"
326,1,443,"NL","I"
417,1,443,"NL","I"
514,3,443,"NL","I"
363,1,443,"NL","I"
516,3,443,"NL","I"
467,4,444,"NL","I"
188,1,444,"NL","I"
5,7,444,"NL","I"
190,1,444,"NL","I"
435,1,444,"NL","I"
419,1,444,"NL","I"
181,1,444,"NL","I"
11,32,444,"NL","I"
91,9,444,"NL","I"
45,8,444,"NL","I"
39,1,444,"NL","I"
463,1,444,"NL","I"
463,1,445,"NL","I"
143,1,445,"NL","I"
20,8,445,"NL","I"
26,52,445,"NL","I"
343,6,445,"NL","I"
496,33,445,"NL","I"
371,1,445,"NL","I"
437,1,445,"NL","I"
361,3,445,"NL","I"
467,4,445,"NL","I"
8,6,445,"NL","I"
303,5,445,"NL","I"
126,4,446,"NL","I"
523,4,446,"NL","I"
7,10,446,"NL","I"
368,1,446,"NL","I"
41,2,446,"NL","I"
300,1,446,"NL","I"
86,5,446,"NL","I"
189,1,446,"NL","I"
123,3,446,"NL","I"
64,14,446,"NL","I"
202,1,446,"NL","I"
244,2,446,"NL","I"
80,6,447,"NL","I"
380,2,447,"NL","I"
81,2,447,"NL","I"
376,4,447,"NL","I"
158,1,447,"NL","I"
317,2,447,"NL","I"
417,1,447,"NL","I"
232,3,447,"NL","I"
48,6,447,"NL","I"
128,1,447,"NL","I"
61,46,447,"NL","I"
170,1,447,"NL","I"
277,1,448,"NL","I"
302,1,448,"NL","I"
433,2,448,"NL","I"
279,1,448,"NL","I"
8,6,448,"NL","I"
132,1,448,"NL","I"
63,6,448,"NL","I"
144,1,448,"NL","I"
540,3,448,"NL","I"
308,2,448,"NL","I"
19,10,448,"NL","I"
188,1,448,"NL","I"
150,1,449,"NL","I"
308,2,449,"NL","I"
368,1,449,"NL","I"
237,1,449,"NL","I"
322,2,449,"NL","I"
142,1,449,"NL","I"
138,3,449,"NL","I"
44,18,449,"NL","I"
248,2,449,"NL","I"
440,1,449,"NL","I"
78,12,449,"NL","I"
249,2,449,"NL","I"
534,3,450,"NL","I"
196,2,450,"NL","I"
165,1,450,"NL","I"
365,4,450,"NL","I"
440,1,450,"NL","I"
59,5,450,"NL","I"
276,2,450,"NL","I"
315,1,450,"NL","I"
360,3,450,"NL","I"
438,6,450,"NL","I"
445,9,450,"NL","I"
390,1,450,"NL","I"
390,1,451,"NL","I"
425,3,451,"NL","I"
264,1,451,"NL","I"
360,3,451,"NL","I"
223,1,451,"NL","I"
357,1,451,"NL","I"
303,5,451,"NL","I"
86,5,451,"NL","I"
496,33,451,"NL","I"
44,18,451,"NL","I"
10,7,451,"NL","I"
523,4,451,"NL","I"
357,1,452,"NL","I"
131,1,452,"NL","I"
303,5,452,"NL","I"
72,9,452,"NL","I"
417,1,452,"NL","I"
465,1,452,"NL","I"
80,6,452,"NL","I"
250,1,452,"NL","I"
19,10,452,"NL","I"
397,1,452,"NL","I"
304,1,452,"NL","I"
39,1,452,"NL","I"
62,8,453,"NL","I"
440,1,453,"NL","I"
358,15,453,"NL","I"
203,1,453,"NL","I"
364,2,453,"NL","I"
181,1,453,"NL","I"
390,1,453,"NL","I"
499,36,453,"NL","I"
48,6,453,"NL","I"
483,3,453,"NL","I"
144,1,453,"NL","I"
244,2,453,"NL","I"
322,2,454,"NL","I"
430,1,454,"NL","I"
20,8,454,"NL","I"
516,3,454,"NL","I"
467,4,454,"NL","I"
78,12,454,"NL","I"
158,1,454,"NL","I"
355,1,454,"NL","I"
469,4,454,"NL","I"
165,1,454,"NL","I"
303,5,454,"NL","I"
463,1,454,"NL","I"
285,1,455,"NL","I"
47,11,455,"NL","I"
60,5,455,"NL","I"
179,7,455,"NL","I"
141,1,455,"NL","I"
417,1,455,"NL","I"
513,2,455,"NL","I"
265,1,455,"NL","I"
514,3,455,"NL","I"
369,2,455,"NL","I"
144,1,455,"NL","I"
394,1,455,"NL","I"
183,1,456,"NL","I"
465,1,456,"NL","I"
249,2,456,"NL","I"
91,9,456,"NL","I"
439,1,456,"NL","I"
193,1,456,"NL","I"
247,1,456,"NL","I"
419,1,456,"NL","I"
381,3,456,"NL","I"
301,1,456,"NL","I"
337,8,456,"NL","I"
158,1,456,"NL","I"
28,26,457,"NL","I"
421,4,457,"NL","I"
144,1,457,"NL","I"
30,3,457,"NL","I"
244,2,457,"NL","I"
483,3,457,"NL","I"
44,18,457,"NL","I"
86,5,457,"NL","I"
11,32,457,"NL","I"
61,46,457,"NL","I"
389,2,457,"NL","I"
38,6,457,"NL","I"
19,10,458,"NL","I"
237,1,458,"NL","I"
109,1,458,"NL","I"
173,1,458,"NL","I"
112,2,458,"NL","I"
14,27,458,"NL","I"
164,4,458,"NL","I"
465,1,458,"NL","I"
10,7,458,"NL","I"
315,1,458,"NL","I"
445,9,458,"NL","I"
33,13,458,"NL","I"
463,1,459,"NL","I"
128,1,459,"NL","I"
522,1,459,"NL","I"
164,4,459,"NL","I"
47,11,459,"NL","I"
540,3,459,"NL","I"
181,1,459,"NL","I"
369,2,459,"NL","I"
76,7,459,"NL","I"
198,1,459,"NL","I"
237,1,459,"NL","I"
285,1,459,"NL","I"
522,1,460,"NL","I"
371,1,460,"NL","I"
222,2,460,"NL","I"
23,8,460,"NL","I"
502,23,460,"NL","I"
60,5,460,"NL","I"
357,1,460,"NL","I"
410,2,460,"NL","I"
540,3,460,"NL","I"
76,7,460,"NL","I"
38,6,460,"NL","I"
501,24,460,"NL","I"
11,32,461,"NL","I"
41,2,461,"NL","I"
465,1,461,"NL","I"
56,7,461,"NL","I"
286,1,461,"NL","I"
12,11,461,"NL","I"
7,10,461,"NL","I"
300,1,461,"NL","I"
483,3,461,"NL","I"
47,11,461,"NL","I"
317,2,461,"NL","I"
198,1,461,"NL","I"
36,6,462,"NL","I"
48,6,462,"NL","I"
394,1,462,"NL","I"
23,8,462,"NL","I"
126,4,462,"NL","I"
482,3,462,"NL","I"
522,1,462,"NL","I"
45,8,462,"NL","I"
11,32,462,"NL","I"
76,7,462,"NL","I"
370,1,462,"NL","I"
249,2,462,"NL","I"
122,1,463,"NL","I"
303,5,463,"NL","I"
16,8,463,"NL","I"
344,1,463,"NL","I"
23,8,463,"NL","I"
61,46,463,"NL","I"
508,19,463,"NL","I"
304,1,463,"NL","I"
28,26,463,"NL","I"
183,1,463,"NL","I"
440,1,463,"NL","I"
51,3,463,"NL","I"
390,1,464,"NL","I"
501,24,464,"NL","I"
64,14,464,"NL","I"
301,1,464,"NL","I"
228,1,464,"NL","I"
514,3,464,"NL","I"
425,3,464,"NL","I"
322,2,464,"NL","I"
369,2,464,"NL","I"
497,36,464,"NL","I"
56,7,464,"NL","I"
523,4,464,"NL","I"
48,6,465,"NL","I"
504,40,465,"NL","I"
500,29,465,"NL","I"
124,1,465,"NL","I"
131,1,465,"NL","I"
357,1,465,"NL","I"
471,1,465,"NL","I"
517,3,465,"NL","I"
355,1,465,"NL","I"
47,11,465,"NL","I"
211,1,465,"NL","I"
302,1,465,"NL","I"
374,2,466,"NL","I"
141,1,466,"NL","I"
358,15,466,"NL","I"
317,2,466,"NL","I"
397,1,466,"NL","I"
244,2,466,"NL","I"
77,21,466,"NL","I"
86,5,466,"NL","I"
517,3,466,"NL","I"
445,9,466,"NL","I"
315,1,466,"NL","I"
249,2,466,"NL","I"
4,11,467,"NL","I"
51,3,467,"NL","I"
380,2,467,"NL","I"
389,2,467,"NL","I"
390,1,467,"NL","I"
46,6,467,"NL","I"
259,5,467,"NL","I"
315,1,467,"NL","I"
463,1,467,"NL","I"
131,1,467,"NL","I"
138,3,467,"NL","I"
64,14,467,"NL","I"
303,5,468,"NL","I"
277,1,468,"NL","I"
7,10,468,"NL","I"
60,5,468,"NL","I"
48,6,468,"NL","I"
122,1,468,"NL","I"
26,52,468,"NL","I"
430,1,468,"NL","I"
344,1,468,"NL","I"
365,4,468,"NL","I"
371,1,468,"NL","I"
63,6,468,"NL","I"
279,1,469,"NL","I"
523,4,469,"NL","I"
17,6,469,"NL","I"
259,5,469,"NL","I"
190,1,469,"NL","I"
13,3,469,"NL","I"
44,18,469,"NL","I"
66,1,469,"NL","I"
318,2,469,"NL","I"
244,2,469,"NL","I"
394,1,469,"NL","I"
422,3,469,"NL","I"
502,23,470,"NL","I"
415,1,470,"NL","I"
500,29,470,"NL","I"
41,2,470,"NL","I"
469,4,470,"NL","I"
247,1,470,"NL","I"
16,8,470,"NL","I"
513,2,470,"NL","I"
179,7,470,"NL","I"
181,1,470,"NL","I"
522,1,470,"NL","I"
60,5,470,"NL","I"
26,52,471,"NL","I"
81,2,471,"NL","I"
47,11,471,"NL","I"
358,15,471,"NL","I"
202,1,471,"NL","I"
165,1,471,"NL","I"
419,1,471,"NL","I"
355,1,471,"NL","I"
455,2,471,"NL","I"
426,1,471,"NL","I"
14,27,471,"NL","I"
237,1,471,"NL","I"
495,14,472,"NL","I"
179,7,472,"NL","I"
38,6,472,"NL","I"
540,3,472,"NL","I"
250,1,472,"NL","I"
470,4,472,"NL","I"
259,5,472,"NL","I"
10,7,472,"NL","I"
419,1,472,"NL","I"
105,1,472,"NL","I"
445,9,472,"NL","I"
86,5,472,"NL","I"
203,1,473,"NL","I"
26,52,473,"NL","I"
363,1,473,"NL","I"
250,1,473,"NL","I"
367,2,473,"NL","I"
519,2,473,"NL","I"
47,11,473,"NL","I"
441,1,473,"NL","I"
390,1,473,"NL","I"
524,1,473,"NL","I"
394,1,473,"NL","I"
277,1,473,"NL","I"
341,2,474,"NL","I"
61,46,474,"NL","I"
498,32,474,"NL","I"
222,2,474,"NL","I"
13,3,474,"NL","I"
372,1,474,"NL","I"
415,1,474,"NL","I"
467,4,474,"NL","I"
337,8,474,"NL","I"
361,3,474,"NL","I"
435,1,474,"NL","I"
394,1,474,"NL","I"
202,1,475,"NL","I"
16,8,475,"NL","I"
439,1,475,"NL","I"
10,7,475,"NL","I"
265,1,475,"NL","I"
337,8,475,"NL","I"
56,7,475,"NL","I"
341,2,475,"NL","I"
441,1,475,"NL","I"
123,3,475,"NL","I"
285,1,475,"NL","I"
186,1,475,"NL","I"
376,4,476,"NL","I"
371,1,476,"NL","I"
186,1,476,"NL","I"
483,3,476,"NL","I"
368,1,476,"NL","I"
355,1,476,"NL","I"
381,3,476,"NL","I"
370,1,476,"NL","I"
228,1,476,"NL","I"
279,1,476,"NL","I"
56,7,476,"NL","I"
105,1,476,"NL","I"
7,10,477,"NL","I"
285,1,477,"NL","I"
525,4,477,"NL","I"
193,1,477,"NL","I"
86,5,477,"NL","I"
502,23,477,"NL","I"
322,2,477,"NL","I"
138,3,477,"NL","I"
60,5,477,"NL","I"
389,2,477,"NL","I"
278,1,477,"NL","I"
433,2,477,"NL","I"
45,8,478,"NL","I"
247,1,478,"NL","I"
61,46,478,"NL","I"
124,1,478,"NL","I"
439,1,478,"NL","I"
278,1,478,"NL","I"
374,2,478,"NL","I"
279,1,478,"NL","I"
304,1,478,"NL","I"
496,33,478,"NL","I"
368,1,478,"NL","I"
122,1,478,"NL","I"
202,1,479,"NL","I"
81,2,479,"NL","I"
503,25,479,"NL","I"
500,29,479,"NL","I"
276,2,479,"NL","I"
365,4,479,"NL","I"
355,1,479,"NL","I"
266,1,479,"NL","I"
368,1,479,"NL","I"
326,1,479,"NL","I"
47,11,479,"NL","I"
410,2,479,"NL","I"
437,1,480,"NL","I"
344,1,480,"NL","I"
4,11,480,"NL","I"
66,1,480,"NL","I"
470,4,480,"NL","I"
318,2,480,"NL","I"
360,3,480,"NL","I"
401,1,480,"NL","I"
19,10,480,"NL","I"
122,1,480,"NL","I"
503,25,480,"NL","I"
16,8,480,"NL","I"
122,1,481,"NL","I"
465,1,481,"NL","I"
519,2,481,"NL","I"
401,1,481,"NL","I"
77,21,481,"NL","I"
365,4,481,"NL","I"
367,2,481,"NL","I"
36,6,481,"NL","I"
504,40,481,"NL","I"
179,7,481,"NL","I"
354,2,481,"NL","I"
181,1,481,"NL","I"
141,1,482,"NL","I"
513,2,482,"NL","I"
279,1,482,"NL","I"
486,3,482,"NL","I"
183,1,482,"NL","I"
302,1,482,"NL","I"
150,1,482,"NL","I"
80,6,482,"NL","I"
285,1,482,"NL","I"
232,3,482,"NL","I"
20,8,482,"NL","I"
237,1,482,"NL","I"
496,33,483,"NL","I"
516,3,483,"NL","I"
47,11,483,"NL","I"
105,1,483,"NL","I"
315,1,483,"NL","I"
363,1,483,"NL","I"
81,2,483,"NL","I"
228,1,483,"NL","I"
66,1,483,"NL","I"
524,1,483,"NL","I"
471,1,483,"NL","I"
439,1,483,"NL","I"
389,2,484,"NL","I"
415,1,484,"NL","I"
471,1,484,"NL","I"
458,1,484,"NL","I"
60,5,484,"NL","I"
38,6,484,"NL","I"
430,1,484,"NL","I"
132,1,484,"NL","I"
223,1,484,"NL","I"
308,2,484,"NL","I"
304,1,484,"NL","I"
77,21,484,"NL","I"
355,1,485,"NL","I"
48,6,485,"NL","I"
247,1,485,"NL","I"
438,6,485,"NL","I"
57,12,485,"NL","I"
380,2,485,"NL","I"
422,3,485,"NL","I"
76,7,485,"NL","I"
128,1,485,"NL","I"
397,1,485,"NL","I"
4,11,485,"NL","I"
343,6,485,"NL","I"
394,1,486,"NL","I"
422,3,486,"NL","I"
20,8,486,"NL","I"
5,7,486,"NL","I"
222,2,486,"NL","I"
47,11,486,"NL","I"
63,6,486,"NL","I"
499,36,486,"NL","I"
389,2,486,"NL","I"
255,1,486,"NL","I"
441,1,486,"NL","I"
504,40,486,"NL","I"
265,1,487,"NL","I"
422,3,487,"NL","I"
279,1,487,"NL","I"
181,1,487,"NL","I"
126,4,487,"NL","I"
77,21,487,"NL","I"
381,3,487,"NL","I"
499,36,487,"NL","I"
166,1,487,"NL","I"
447,2,487,"NL","I"
322,2,487,"NL","I"
425,3,487,"NL","I"
232,3,488,"NL","I"
46,6,488,"NL","I"
519,2,488,"NL","I"
10,7,488,"NL","I"
540,3,488,"NL","I"
211,1,488,"NL","I"
447,2,488,"NL","I"
374,2,488,"NL","I"
237,1,488,"NL","I"
158,1,488,"NL","I"
349,1,488,"NL","I"
193,1,488,"NL","I"
249,2,489,"NL","I"
376,4,489,"NL","I"
124,1,489,"NL","I"
503,25,489,"NL","I"
523,4,489,"NL","I"
370,1,489,"NL","I"
76,7,489,"NL","I"
13,3,489,"NL","I"
357,1,489,"NL","I"
266,1,489,"NL","I"
433,2,489,"NL","I"
363,1,489,"NL","I"
361,3,490,"NL","I"
430,1,490,"NL","I"
364,2,490,"NL","I"
252,1,490,"NL","I"
193,1,490,"NL","I"
38,6,490,"NL","I"
317,2,490,"NL","I"
131,1,490,"NL","I"
463,1,490,"NL","I"
381,3,490,"NL","I"
138,3,490,"NL","I"
471,1,490,"NL","I"
286,1,491,"NL","I"
501,24,491,"NL","I"
13,3,491,"NL","I"
142,1,491,"NL","I"
430,1,491,"NL","I"
81,2,491,"NL","I"
265,1,491,"NL","I"
421,4,491,"NL","I"
364,2,491,"NL","I"
33,13,491,"NL","I"
183,1,491,"NL","I"
301,1,491,"NL","I"
143,1,492,"NL","I"
357,1,492,"NL","I"
419,1,492,"NL","I"
341,2,492,"NL","I"
441,1,492,"NL","I"
524,1,492,"NL","I"
364,2,492,"NL","I"
348,2,492,"NL","I"
276,2,492,"NL","I"
337,8,492,"NL","I"
112,2,492,"NL","I"
300,1,492,"NL","I"
222,2,493,"NL","I"
364,2,493,"NL","I"
13,3,493,"NL","I"
86,5,493,"NL","I"
223,1,493,"NL","I"
425,3,493,"NL","I"
465,1,493,"NL","I"
304,1,493,"NL","I"
355,1,493,"NL","I"
131,1,493,"NL","I"
248,2,493,"NL","I"
141,1,493,"NL","I"
504,40,494,"NL","I"
66,1,494,"NL","I"
124,1,494,"NL","I"
279,1,494,"NL","I"
164,4,494,"NL","I"
445,9,494,"NL","I"
173,1,494,"NL","I"
341,2,494,"NL","I"
358,15,494,"NL","I"
369,2,494,"NL","I"
60,5,494,"NL","I"
41,2,494,"NL","I"
279,1,495,"NL","I"
4,11,495,"NL","I"
112,2,495,"NL","I"
60,5,495,"NL","I"
30,3,495,"NL","I"
517,3,495,"NL","I"
44,18,495,"NL","I"
164,4,495,"NL","I"
143,1,495,"NL","I"
181,1,495,"NL","I"
365,4,495,"NL","I"
123,3,495,"NL","I"
397,1,496,"NL","I"
300,1,496,"NL","I"
61,46,496,"NL","I"
72,9,496,"NL","I"
143,1,496,"NL","I"
67,12,496,"NL","I"
471,1,496,"NL","I"
540,3,496,"NL","I"
371,1,496,"NL","I"
36,6,496,"NL","I"
525,4,496,"NL","I"
138,3,496,"NL","I"
500,29,497,"NL","I"
435,1,497,"NL","I"
124,1,497,"NL","I"
252,1,497,"NL","I"
82,1,497,"NL","I"
497,36,497,"NL","I"
277,1,497,"NL","I"
304,1,497,"NL","I"
150,1,497,"NL","I"
369,2,497,"NL","I"
144,1,497,"NL","I"
51,3,497,"NL","I"
228,1,498,"NL","I"
48,6,498,"NL","I"
370,1,498,"NL","I"
341,2,498,"NL","I"
380,2,498,"NL","I"
354,2,498,"NL","I"
519,2,498,"NL","I"
498,32,498,"NL","I"
419,1,498,"NL","I"
343,6,498,"NL","I"
503,25,498,"NL","I"
250,1,498,"NL","I"
397,1,499,"NL","I"
467,4,499,"NL","I"
372,1,499,"NL","I"
222,2,499,"NL","I"
337,8,499,"NL","I"
86,5,499,"NL","I"
415,1,499,"NL","I"
390,1,499,"NL","I"
360,3,499,"NL","I"
16,8,499,"NL","I"
66,1,499,"NL","I"
150,1,499,"NL","I"
367,2,500,"NL","I"
8,6,500,"NL","I"
72,9,500,"NL","I"
370,1,500,"NL","I"
142,1,500,"NL","I"
247,1,500,"NL","I"
348,2,500,"NL","I"
277,1,500,"NL","I"
425,3,500,"NL","I"
422,3,500,"NL","I"
128,1,500,"NL","I"
317,2,500,"NL","I"
