"species_rem","degree","iteration","habitat_from","management"
501,24,1,"WD","SE"
40,6,1,"WD","SE"
346,1,1,"WD","SE"
276,4,1,"WD","SE"
50,4,1,"WD","SE"
93,3,1,"WD","SE"
370,1,1,"WD","SE"
303,2,1,"WD","SE"
367,2,1,"WD","SE"
551,1,1,"WD","SE"
545,2,1,"WD","SE"
514,3,1,"WD","SE"
534,3,1,"WD","SE"
540,3,1,"WD","SE"
473,1,1,"WD","SE"
313,1,1,"WD","SE"
398,1,1,"WD","SE"
4,9,1,"WD","SE"
143,1,1,"WD","SE"
57,9,1,"WD","SE"
17,5,1,"WD","SE"
349,1,1,"WD","SE"
123,2,1,"WD","SE"
547,1,1,"WD","SE"
92,1,1,"WD","SE"
510,18,2,"WD","SE"
16,6,2,"WD","SE"
441,2,2,"WD","SE"
465,1,2,"WD","SE"
367,2,2,"WD","SE"
80,10,2,"WD","SE"
244,2,2,"WD","SE"
419,1,2,"WD","SE"
304,1,2,"WD","SE"
357,1,2,"WD","SE"
164,4,2,"WD","SE"
123,2,2,"WD","SE"
143,1,2,"WD","SE"
51,3,2,"WD","SE"
458,1,2,"WD","SE"
203,1,2,"WD","SE"
496,26,2,"WD","SE"
404,1,2,"WD","SE"
438,4,2,"WD","SE"
255,1,2,"WD","SE"
92,1,2,"WD","SE"
215,1,2,"WD","SE"
41,1,2,"WD","SE"
354,1,2,"WD","SE"
463,1,2,"WD","SE"
17,5,3,"WD","SE"
419,1,3,"WD","SE"
447,3,3,"WD","SE"
266,1,3,"WD","SE"
507,11,3,"WD","SE"
36,6,3,"WD","SE"
540,3,3,"WD","SE"
514,3,3,"WD","SE"
341,2,3,"WD","SE"
186,1,3,"WD","SE"
40,6,3,"WD","SE"
377,2,3,"WD","SE"
118,1,3,"WD","SE"
534,3,3,"WD","SE"
417,1,3,"WD","SE"
322,1,3,"WD","SE"
264,1,3,"WD","SE"
5,9,3,"WD","SE"
78,9,3,"WD","SE"
472,1,3,"WD","SE"
426,2,3,"WD","SE"
510,18,3,"WD","SE"
344,1,3,"WD","SE"
501,24,3,"WD","SE"
303,2,3,"WD","SE"
370,1,4,"WD","SE"
354,1,4,"WD","SE"
317,2,4,"WD","SE"
76,6,4,"WD","SE"
463,1,4,"WD","SE"
285,1,4,"WD","SE"
514,3,4,"WD","SE"
445,10,4,"WD","SE"
282,1,4,"WD","SE"
486,3,4,"WD","SE"
502,18,4,"WD","SE"
343,6,4,"WD","SE"
215,1,4,"WD","SE"
358,15,4,"WD","SE"
48,4,4,"WD","SE"
166,1,4,"WD","SE"
38,5,4,"WD","SE"
170,1,4,"WD","SE"
501,24,4,"WD","SE"
131,1,4,"WD","SE"
141,1,4,"WD","SE"
500,25,4,"WD","SE"
415,1,4,"WD","SE"
140,1,4,"WD","SE"
428,1,4,"WD","SE"
410,2,5,"WD","SE"
523,4,5,"WD","SE"
138,3,5,"WD","SE"
389,2,5,"WD","SE"
390,4,5,"WD","SE"
23,7,5,"WD","SE"
142,1,5,"WD","SE"
372,2,5,"WD","SE"
458,1,5,"WD","SE"
352,2,5,"WD","SE"
259,3,5,"WD","SE"
47,10,5,"WD","SE"
544,3,5,"WD","SE"
205,2,5,"WD","SE"
285,1,5,"WD","SE"
386,1,5,"WD","SE"
6,4,5,"WD","SE"
53,1,5,"WD","SE"
279,1,5,"WD","SE"
460,1,5,"WD","SE"
369,1,5,"WD","SE"
422,3,5,"WD","SE"
13,4,5,"WD","SE"
141,1,5,"WD","SE"
5,9,5,"WD","SE"
389,2,6,"WD","SE"
232,3,6,"WD","SE"
228,1,6,"WD","SE"
215,1,6,"WD","SE"
308,1,6,"WD","SE"
255,1,6,"WD","SE"
103,1,6,"WD","SE"
40,6,6,"WD","SE"
523,4,6,"WD","SE"
525,5,6,"WD","SE"
72,8,6,"WD","SE"
502,18,6,"WD","SE"
547,1,6,"WD","SE"
496,26,6,"WD","SE"
93,3,6,"WD","SE"
202,1,6,"WD","SE"
435,2,6,"WD","SE"
322,1,6,"WD","SE"
71,1,6,"WD","SE"
357,1,6,"WD","SE"
186,1,6,"WD","SE"
467,4,6,"WD","SE"
440,1,6,"WD","SE"
16,6,6,"WD","SE"
401,1,6,"WD","SE"
214,1,7,"WD","SE"
344,1,7,"WD","SE"
422,3,7,"WD","SE"
313,1,7,"WD","SE"
143,1,7,"WD","SE"
428,1,7,"WD","SE"
381,2,7,"WD","SE"
433,2,7,"WD","SE"
401,1,7,"WD","SE"
414,1,7,"WD","SE"
193,1,7,"WD","SE"
71,1,7,"WD","SE"
49,1,7,"WD","SE"
11,30,7,"WD","SE"
48,4,7,"WD","SE"
38,5,7,"WD","SE"
5,9,7,"WD","SE"
322,1,7,"WD","SE"
483,3,7,"WD","SE"
52,2,7,"WD","SE"
37,1,7,"WD","SE"
356,1,7,"WD","SE"
190,1,7,"WD","SE"
82,3,7,"WD","SE"
50,4,7,"WD","SE"
508,23,8,"WD","SE"
16,6,8,"WD","SE"
445,10,8,"WD","SE"
179,7,8,"WD","SE"
282,1,8,"WD","SE"
350,1,8,"WD","SE"
368,1,8,"WD","SE"
469,5,8,"WD","SE"
394,1,8,"WD","SE"
126,2,8,"WD","SE"
131,1,8,"WD","SE"
461,1,8,"WD","SE"
142,1,8,"WD","SE"
369,1,8,"WD","SE"
390,4,8,"WD","SE"
164,4,8,"WD","SE"
468,1,8,"WD","SE"
308,1,8,"WD","SE"
433,2,8,"WD","SE"
53,1,8,"WD","SE"
424,1,8,"WD","SE"
472,1,8,"WD","SE"
187,1,8,"WD","SE"
502,18,8,"WD","SE"
361,3,8,"WD","SE"
9,1,9,"WD","SE"
140,1,9,"WD","SE"
322,1,9,"WD","SE"
215,1,9,"WD","SE"
286,1,9,"WD","SE"
19,8,9,"WD","SE"
376,2,9,"WD","SE"
48,4,9,"WD","SE"
20,6,9,"WD","SE"
214,1,9,"WD","SE"
472,1,9,"WD","SE"
507,11,9,"WD","SE"
548,1,9,"WD","SE"
183,2,9,"WD","SE"
123,2,9,"WD","SE"
255,1,9,"WD","SE"
449,1,9,"WD","SE"
471,2,9,"WD","SE"
427,1,9,"WD","SE"
513,4,9,"WD","SE"
447,3,9,"WD","SE"
422,3,9,"WD","SE"
523,4,9,"WD","SE"
349,1,9,"WD","SE"
547,1,9,"WD","SE"
398,1,10,"WD","SE"
499,28,10,"WD","SE"
128,1,10,"WD","SE"
20,6,10,"WD","SE"
438,4,10,"WD","SE"
422,3,10,"WD","SE"
385,1,10,"WD","SE"
308,1,10,"WD","SE"
126,2,10,"WD","SE"
343,6,10,"WD","SE"
445,10,10,"WD","SE"
349,1,10,"WD","SE"
255,1,10,"WD","SE"
514,3,10,"WD","SE"
215,1,10,"WD","SE"
534,3,10,"WD","SE"
502,18,10,"WD","SE"
6,4,10,"WD","SE"
513,4,10,"WD","SE"
421,5,10,"WD","SE"
420,1,10,"WD","SE"
326,1,10,"WD","SE"
67,9,10,"WD","SE"
203,1,10,"WD","SE"
276,4,10,"WD","SE"
141,1,11,"WD","SE"
223,1,11,"WD","SE"
540,3,11,"WD","SE"
302,1,11,"WD","SE"
313,1,11,"WD","SE"
259,3,11,"WD","SE"
228,1,11,"WD","SE"
449,1,11,"WD","SE"
465,1,11,"WD","SE"
348,2,11,"WD","SE"
349,1,11,"WD","SE"
28,22,11,"WD","SE"
92,1,11,"WD","SE"
123,2,11,"WD","SE"
404,1,11,"WD","SE"
525,5,11,"WD","SE"
377,2,11,"WD","SE"
6,4,11,"WD","SE"
71,1,11,"WD","SE"
501,24,11,"WD","SE"
508,23,11,"WD","SE"
32,9,11,"WD","SE"
74,1,11,"WD","SE"
23,7,11,"WD","SE"
421,5,11,"WD","SE"
91,8,12,"WD","SE"
13,4,12,"WD","SE"
214,1,12,"WD","SE"
503,22,12,"WD","SE"
86,2,12,"WD","SE"
317,2,12,"WD","SE"
458,1,12,"WD","SE"
132,1,12,"WD","SE"
244,2,12,"WD","SE"
343,6,12,"WD","SE"
142,1,12,"WD","SE"
467,4,12,"WD","SE"
52,2,12,"WD","SE"
390,4,12,"WD","SE"
374,2,12,"WD","SE"
519,4,12,"WD","SE"
93,3,12,"WD","SE"
501,24,12,"WD","SE"
223,1,12,"WD","SE"
428,1,12,"WD","SE"
416,1,12,"WD","SE"
326,1,12,"WD","SE"
356,1,12,"WD","SE"
32,9,12,"WD","SE"
9,1,12,"WD","SE"
184,1,13,"WD","SE"
58,2,13,"WD","SE"
438,4,13,"WD","SE"
82,3,13,"WD","SE"
52,2,13,"WD","SE"
447,3,13,"WD","SE"
428,1,13,"WD","SE"
6,4,13,"WD","SE"
507,11,13,"WD","SE"
508,23,13,"WD","SE"
32,9,13,"WD","SE"
105,1,13,"WD","SE"
350,1,13,"WD","SE"
252,1,13,"WD","SE"
266,1,13,"WD","SE"
232,3,13,"WD","SE"
90,3,13,"WD","SE"
50,4,13,"WD","SE"
544,3,13,"WD","SE"
313,1,13,"WD","SE"
23,7,13,"WD","SE"
71,1,13,"WD","SE"
419,1,13,"WD","SE"
131,1,13,"WD","SE"
76,6,13,"WD","SE"
93,3,14,"WD","SE"
416,1,14,"WD","SE"
424,1,14,"WD","SE"
259,3,14,"WD","SE"
41,1,14,"WD","SE"
166,1,14,"WD","SE"
415,1,14,"WD","SE"
397,1,14,"WD","SE"
361,3,14,"WD","SE"
90,3,14,"WD","SE"
29,2,14,"WD","SE"
358,15,14,"WD","SE"
482,3,14,"WD","SE"
410,2,14,"WD","SE"
381,2,14,"WD","SE"
468,1,14,"WD","SE"
193,1,14,"WD","SE"
203,1,14,"WD","SE"
50,4,14,"WD","SE"
143,1,14,"WD","SE"
471,2,14,"WD","SE"
344,1,14,"WD","SE"
44,35,14,"WD","SE"
455,2,14,"WD","SE"
544,3,14,"WD","SE"
547,1,15,"WD","SE"
282,1,15,"WD","SE"
138,3,15,"WD","SE"
187,1,15,"WD","SE"
377,2,15,"WD","SE"
4,9,15,"WD","SE"
508,23,15,"WD","SE"
286,1,15,"WD","SE"
367,2,15,"WD","SE"
344,1,15,"WD","SE"
23,7,15,"WD","SE"
308,1,15,"WD","SE"
19,8,15,"WD","SE"
401,1,15,"WD","SE"
170,1,15,"WD","SE"
47,10,15,"WD","SE"
186,1,15,"WD","SE"
1,3,15,"WD","SE"
419,1,15,"WD","SE"
5,9,15,"WD","SE"
358,15,15,"WD","SE"
38,5,15,"WD","SE"
352,2,15,"WD","SE"
118,1,15,"WD","SE"
303,2,15,"WD","SE"
410,2,16,"WD","SE"
128,1,16,"WD","SE"
131,1,16,"WD","SE"
430,4,16,"WD","SE"
12,9,16,"WD","SE"
1,3,16,"WD","SE"
72,8,16,"WD","SE"
93,3,16,"WD","SE"
48,4,16,"WD","SE"
545,2,16,"WD","SE"
548,1,16,"WD","SE"
349,1,16,"WD","SE"
266,1,16,"WD","SE"
91,8,16,"WD","SE"
313,1,16,"WD","SE"
6,4,16,"WD","SE"
5,9,16,"WD","SE"
51,3,16,"WD","SE"
142,1,16,"WD","SE"
45,7,16,"WD","SE"
427,1,16,"WD","SE"
465,1,16,"WD","SE"
58,2,16,"WD","SE"
551,1,16,"WD","SE"
259,3,16,"WD","SE"
247,1,17,"WD","SE"
126,2,17,"WD","SE"
228,1,17,"WD","SE"
179,7,17,"WD","SE"
252,1,17,"WD","SE"
524,1,17,"WD","SE"
385,1,17,"WD","SE"
266,1,17,"WD","SE"
44,35,17,"WD","SE"
500,25,17,"WD","SE"
128,1,17,"WD","SE"
282,1,17,"WD","SE"
5,9,17,"WD","SE"
427,1,17,"WD","SE"
322,1,17,"WD","SE"
473,1,17,"WD","SE"
16,6,17,"WD","SE"
352,2,17,"WD","SE"
503,22,17,"WD","SE"
383,1,17,"WD","SE"
498,27,17,"WD","SE"
350,1,17,"WD","SE"
318,2,17,"WD","SE"
375,1,17,"WD","SE"
510,18,17,"WD","SE"
86,2,18,"WD","SE"
370,1,18,"WD","SE"
386,1,18,"WD","SE"
118,1,18,"WD","SE"
346,1,18,"WD","SE"
244,2,18,"WD","SE"
223,1,18,"WD","SE"
383,1,18,"WD","SE"
249,2,18,"WD","SE"
138,3,18,"WD","SE"
304,1,18,"WD","SE"
524,1,18,"WD","SE"
469,5,18,"WD","SE"
77,18,18,"WD","SE"
36,6,18,"WD","SE"
19,8,18,"WD","SE"
381,2,18,"WD","SE"
440,1,18,"WD","SE"
59,5,18,"WD","SE"
179,7,18,"WD","SE"
374,2,18,"WD","SE"
20,6,18,"WD","SE"
93,3,18,"WD","SE"
232,3,18,"WD","SE"
4,9,18,"WD","SE"
84,1,19,"WD","SE"
519,4,19,"WD","SE"
1,3,19,"WD","SE"
6,4,19,"WD","SE"
469,5,19,"WD","SE"
143,1,19,"WD","SE"
438,4,19,"WD","SE"
158,2,19,"WD","SE"
179,7,19,"WD","SE"
26,41,19,"WD","SE"
198,1,19,"WD","SE"
202,1,19,"WD","SE"
348,2,19,"WD","SE"
370,1,19,"WD","SE"
435,2,19,"WD","SE"
458,1,19,"WD","SE"
349,1,19,"WD","SE"
455,2,19,"WD","SE"
126,2,19,"WD","SE"
247,1,19,"WD","SE"
78,9,19,"WD","SE"
386,1,19,"WD","SE"
414,1,19,"WD","SE"
12,9,19,"WD","SE"
496,26,19,"WD","SE"
29,2,20,"WD","SE"
247,1,20,"WD","SE"
49,1,20,"WD","SE"
483,3,20,"WD","SE"
498,27,20,"WD","SE"
410,2,20,"WD","SE"
141,1,20,"WD","SE"
48,4,20,"WD","SE"
223,1,20,"WD","SE"
361,3,20,"WD","SE"
467,4,20,"WD","SE"
248,1,20,"WD","SE"
196,2,20,"WD","SE"
5,9,20,"WD","SE"
381,2,20,"WD","SE"
20,6,20,"WD","SE"
514,3,20,"WD","SE"
41,1,20,"WD","SE"
59,5,20,"WD","SE"
326,1,20,"WD","SE"
343,6,20,"WD","SE"
173,1,20,"WD","SE"
40,6,20,"WD","SE"
338,3,20,"WD","SE"
282,1,20,"WD","SE"
244,2,21,"WD","SE"
232,3,21,"WD","SE"
45,7,21,"WD","SE"
365,1,21,"WD","SE"
404,1,21,"WD","SE"
58,2,21,"WD","SE"
33,12,21,"WD","SE"
53,1,21,"WD","SE"
422,3,21,"WD","SE"
551,1,21,"WD","SE"
40,6,21,"WD","SE"
301,1,21,"WD","SE"
278,1,21,"WD","SE"
472,1,21,"WD","SE"
501,24,21,"WD","SE"
138,3,21,"WD","SE"
546,1,21,"WD","SE"
80,10,21,"WD","SE"
381,2,21,"WD","SE"
548,1,21,"WD","SE"
460,1,21,"WD","SE"
383,1,21,"WD","SE"
143,1,21,"WD","SE"
158,2,21,"WD","SE"
367,2,21,"WD","SE"
128,1,22,"WD","SE"
500,25,22,"WD","SE"
416,1,22,"WD","SE"
427,1,22,"WD","SE"
467,4,22,"WD","SE"
52,2,22,"WD","SE"
504,35,22,"WD","SE"
421,5,22,"WD","SE"
209,1,22,"WD","SE"
341,2,22,"WD","SE"
394,1,22,"WD","SE"
447,3,22,"WD","SE"
53,1,22,"WD","SE"
441,2,22,"WD","SE"
435,2,22,"WD","SE"
519,4,22,"WD","SE"
252,1,22,"WD","SE"
196,2,22,"WD","SE"
472,1,22,"WD","SE"
440,1,22,"WD","SE"
186,1,22,"WD","SE"
398,1,22,"WD","SE"
428,1,22,"WD","SE"
482,3,22,"WD","SE"
17,5,22,"WD","SE"
469,5,23,"WD","SE"
427,1,23,"WD","SE"
23,7,23,"WD","SE"
465,1,23,"WD","SE"
467,4,23,"WD","SE"
223,1,23,"WD","SE"
48,4,23,"WD","SE"
78,9,23,"WD","SE"
249,2,23,"WD","SE"
193,1,23,"WD","SE"
498,27,23,"WD","SE"
357,1,23,"WD","SE"
380,3,23,"WD","SE"
394,1,23,"WD","SE"
457,1,23,"WD","SE"
473,1,23,"WD","SE"
37,1,23,"WD","SE"
365,1,23,"WD","SE"
91,8,23,"WD","SE"
252,1,23,"WD","SE"
460,1,23,"WD","SE"
166,1,23,"WD","SE"
58,2,23,"WD","SE"
510,18,23,"WD","SE"
247,1,23,"WD","SE"
128,1,24,"WD","SE"
20,6,24,"WD","SE"
84,1,24,"WD","SE"
469,5,24,"WD","SE"
380,3,24,"WD","SE"
255,1,24,"WD","SE"
471,2,24,"WD","SE"
41,1,24,"WD","SE"
179,7,24,"WD","SE"
361,3,24,"WD","SE"
244,2,24,"WD","SE"
203,1,24,"WD","SE"
52,2,24,"WD","SE"
504,35,24,"WD","SE"
483,3,24,"WD","SE"
173,1,24,"WD","SE"
411,1,24,"WD","SE"
499,28,24,"WD","SE"
449,1,24,"WD","SE"
37,1,24,"WD","SE"
414,1,24,"WD","SE"
346,1,24,"WD","SE"
352,2,24,"WD","SE"
381,2,24,"WD","SE"
250,1,24,"WD","SE"
19,8,25,"WD","SE"
29,2,25,"WD","SE"
504,35,25,"WD","SE"
86,2,25,"WD","SE"
415,1,25,"WD","SE"
48,4,25,"WD","SE"
449,1,25,"WD","SE"
190,1,25,"WD","SE"
441,2,25,"WD","SE"
514,3,25,"WD","SE"
428,1,25,"WD","SE"
547,1,25,"WD","SE"
416,1,25,"WD","SE"
7,24,25,"WD","SE"
517,3,25,"WD","SE"
383,1,25,"WD","SE"
248,1,25,"WD","SE"
426,2,25,"WD","SE"
414,1,25,"WD","SE"
503,22,25,"WD","SE"
179,7,25,"WD","SE"
74,1,25,"WD","SE"
375,1,25,"WD","SE"
501,24,25,"WD","SE"
369,1,25,"WD","SE"
472,1,26,"WD","SE"
232,3,26,"WD","SE"
417,1,26,"WD","SE"
500,25,26,"WD","SE"
523,4,26,"WD","SE"
545,2,26,"WD","SE"
279,1,26,"WD","SE"
313,1,26,"WD","SE"
466,1,26,"WD","SE"
398,1,26,"WD","SE"
295,4,26,"WD","SE"
203,1,26,"WD","SE"
547,1,26,"WD","SE"
374,2,26,"WD","SE"
142,1,26,"WD","SE"
389,2,26,"WD","SE"
16,6,26,"WD","SE"
410,2,26,"WD","SE"
344,1,26,"WD","SE"
503,22,26,"WD","SE"
41,1,26,"WD","SE"
363,1,26,"WD","SE"
1,3,26,"WD","SE"
482,3,26,"WD","SE"
375,1,26,"WD","SE"
72,8,27,"WD","SE"
222,1,27,"WD","SE"
164,4,27,"WD","SE"
84,1,27,"WD","SE"
377,2,27,"WD","SE"
142,1,27,"WD","SE"
302,1,27,"WD","SE"
397,1,27,"WD","SE"
303,2,27,"WD","SE"
468,1,27,"WD","SE"
441,2,27,"WD","SE"
170,1,27,"WD","SE"
313,1,27,"WD","SE"
17,5,27,"WD","SE"
285,1,27,"WD","SE"
548,1,27,"WD","SE"
26,41,27,"WD","SE"
398,1,27,"WD","SE"
420,1,27,"WD","SE"
445,10,27,"WD","SE"
410,2,27,"WD","SE"
48,4,27,"WD","SE"
105,1,27,"WD","SE"
14,16,27,"WD","SE"
92,1,27,"WD","SE"
255,1,28,"WD","SE"
385,1,28,"WD","SE"
348,2,28,"WD","SE"
190,1,28,"WD","SE"
459,2,28,"WD","SE"
237,1,28,"WD","SE"
397,1,28,"WD","SE"
123,2,28,"WD","SE"
374,2,28,"WD","SE"
419,1,28,"WD","SE"
343,6,28,"WD","SE"
540,3,28,"WD","SE"
266,1,28,"WD","SE"
6,4,28,"WD","SE"
222,1,28,"WD","SE"
5,9,28,"WD","SE"
285,1,28,"WD","SE"
51,3,28,"WD","SE"
318,2,28,"WD","SE"
26,41,28,"WD","SE"
425,3,28,"WD","SE"
144,1,28,"WD","SE"
401,1,28,"WD","SE"
350,1,28,"WD","SE"
45,7,28,"WD","SE"
482,3,29,"WD","SE"
138,3,29,"WD","SE"
13,4,29,"WD","SE"
223,1,29,"WD","SE"
425,3,29,"WD","SE"
317,2,29,"WD","SE"
427,1,29,"WD","SE"
465,1,29,"WD","SE"
356,1,29,"WD","SE"
26,41,29,"WD","SE"
375,1,29,"WD","SE"
410,2,29,"WD","SE"
179,7,29,"WD","SE"
249,2,29,"WD","SE"
103,1,29,"WD","SE"
276,4,29,"WD","SE"
498,27,29,"WD","SE"
551,1,29,"WD","SE"
143,1,29,"WD","SE"
503,22,29,"WD","SE"
264,1,29,"WD","SE"
369,1,29,"WD","SE"
415,1,29,"WD","SE"
278,1,29,"WD","SE"
47,10,29,"WD","SE"
302,1,30,"WD","SE"
184,1,30,"WD","SE"
338,3,30,"WD","SE"
29,2,30,"WD","SE"
64,23,30,"WD","SE"
534,3,30,"WD","SE"
138,3,30,"WD","SE"
440,1,30,"WD","SE"
132,1,30,"WD","SE"
278,1,30,"WD","SE"
358,15,30,"WD","SE"
503,22,30,"WD","SE"
473,1,30,"WD","SE"
471,2,30,"WD","SE"
523,4,30,"WD","SE"
51,3,30,"WD","SE"
58,2,30,"WD","SE"
380,3,30,"WD","SE"
390,4,30,"WD","SE"
463,1,30,"WD","SE"
415,1,30,"WD","SE"
419,1,30,"WD","SE"
105,1,30,"WD","SE"
303,2,30,"WD","SE"
61,37,30,"WD","SE"
317,2,31,"WD","SE"
259,3,31,"WD","SE"
193,1,31,"WD","SE"
482,3,31,"WD","SE"
303,2,31,"WD","SE"
17,5,31,"WD","SE"
457,1,31,"WD","SE"
196,2,31,"WD","SE"
37,1,31,"WD","SE"
126,2,31,"WD","SE"
40,6,31,"WD","SE"
389,2,31,"WD","SE"
398,1,31,"WD","SE"
470,5,31,"WD","SE"
71,1,31,"WD","SE"
144,1,31,"WD","SE"
103,1,31,"WD","SE"
338,3,31,"WD","SE"
179,7,31,"WD","SE"
416,1,31,"WD","SE"
486,3,31,"WD","SE"
361,3,31,"WD","SE"
250,1,31,"WD","SE"
123,2,31,"WD","SE"
64,23,31,"WD","SE"
196,2,32,"WD","SE"
438,4,32,"WD","SE"
67,9,32,"WD","SE"
232,3,32,"WD","SE"
64,23,32,"WD","SE"
410,2,32,"WD","SE"
126,2,32,"WD","SE"
458,1,32,"WD","SE"
508,23,32,"WD","SE"
215,1,32,"WD","SE"
132,1,32,"WD","SE"
483,3,32,"WD","SE"
502,18,32,"WD","SE"
486,3,32,"WD","SE"
546,1,32,"WD","SE"
545,2,32,"WD","SE"
40,6,32,"WD","SE"
404,1,32,"WD","SE"
44,35,32,"WD","SE"
43,1,32,"WD","SE"
9,1,32,"WD","SE"
469,5,32,"WD","SE"
551,1,32,"WD","SE"
358,15,32,"WD","SE"
20,6,32,"WD","SE"
415,1,33,"WD","SE"
17,5,33,"WD","SE"
187,1,33,"WD","SE"
368,1,33,"WD","SE"
502,18,33,"WD","SE"
45,7,33,"WD","SE"
255,1,33,"WD","SE"
41,1,33,"WD","SE"
279,1,33,"WD","SE"
6,4,33,"WD","SE"
249,2,33,"WD","SE"
503,22,33,"WD","SE"
427,1,33,"WD","SE"
164,4,33,"WD","SE"
90,3,33,"WD","SE"
252,1,33,"WD","SE"
389,2,33,"WD","SE"
193,1,33,"WD","SE"
86,2,33,"WD","SE"
435,2,33,"WD","SE"
141,1,33,"WD","SE"
469,5,33,"WD","SE"
118,1,33,"WD","SE"
183,2,33,"WD","SE"
203,1,33,"WD","SE"
343,6,34,"WD","SE"
304,1,34,"WD","SE"
205,2,34,"WD","SE"
166,1,34,"WD","SE"
472,1,34,"WD","SE"
508,23,34,"WD","SE"
186,1,34,"WD","SE"
247,1,34,"WD","SE"
381,2,34,"WD","SE"
420,1,34,"WD","SE"
326,1,34,"WD","SE"
295,4,34,"WD","SE"
414,1,34,"WD","SE"
37,1,34,"WD","SE"
317,2,34,"WD","SE"
425,3,34,"WD","SE"
470,5,34,"WD","SE"
370,1,34,"WD","SE"
237,1,34,"WD","SE"
158,2,34,"WD","SE"
440,1,34,"WD","SE"
417,1,34,"WD","SE"
390,4,34,"WD","SE"
458,1,34,"WD","SE"
131,1,34,"WD","SE"
198,1,35,"WD","SE"
50,4,35,"WD","SE"
57,9,35,"WD","SE"
47,10,35,"WD","SE"
439,2,35,"WD","SE"
48,4,35,"WD","SE"
184,1,35,"WD","SE"
76,6,35,"WD","SE"
26,41,35,"WD","SE"
105,1,35,"WD","SE"
248,1,35,"WD","SE"
78,9,35,"WD","SE"
482,3,35,"WD","SE"
279,1,35,"WD","SE"
502,18,35,"WD","SE"
459,2,35,"WD","SE"
428,1,35,"WD","SE"
433,2,35,"WD","SE"
17,5,35,"WD","SE"
72,8,35,"WD","SE"
37,1,35,"WD","SE"
313,1,35,"WD","SE"
425,3,35,"WD","SE"
467,4,35,"WD","SE"
237,1,35,"WD","SE"
278,1,36,"WD","SE"
144,1,36,"WD","SE"
53,1,36,"WD","SE"
140,1,36,"WD","SE"
313,1,36,"WD","SE"
496,26,36,"WD","SE"
1,3,36,"WD","SE"
19,8,36,"WD","SE"
370,1,36,"WD","SE"
61,37,36,"WD","SE"
91,8,36,"WD","SE"
540,3,36,"WD","SE"
368,1,36,"WD","SE"
458,1,36,"WD","SE"
438,4,36,"WD","SE"
447,3,36,"WD","SE"
455,2,36,"WD","SE"
501,24,36,"WD","SE"
401,1,36,"WD","SE"
467,4,36,"WD","SE"
198,1,36,"WD","SE"
29,2,36,"WD","SE"
179,7,36,"WD","SE"
378,1,36,"WD","SE"
4,9,36,"WD","SE"
186,1,37,"WD","SE"
348,2,37,"WD","SE"
196,2,37,"WD","SE"
16,6,37,"WD","SE"
394,1,37,"WD","SE"
203,1,37,"WD","SE"
368,1,37,"WD","SE"
473,1,37,"WD","SE"
468,1,37,"WD","SE"
430,4,37,"WD","SE"
386,1,37,"WD","SE"
437,1,37,"WD","SE"
415,1,37,"WD","SE"
433,2,37,"WD","SE"
308,1,37,"WD","SE"
346,1,37,"WD","SE"
519,4,37,"WD","SE"
20,6,37,"WD","SE"
420,1,37,"WD","SE"
57,9,37,"WD","SE"
401,1,37,"WD","SE"
472,1,37,"WD","SE"
105,1,37,"WD","SE"
237,1,37,"WD","SE"
295,4,37,"WD","SE"
286,1,38,"WD","SE"
166,1,38,"WD","SE"
202,1,38,"WD","SE"
92,1,38,"WD","SE"
544,3,38,"WD","SE"
59,5,38,"WD","SE"
496,26,38,"WD","SE"
523,4,38,"WD","SE"
250,1,38,"WD","SE"
304,1,38,"WD","SE"
80,10,38,"WD","SE"
439,2,38,"WD","SE"
255,1,38,"WD","SE"
354,1,38,"WD","SE"
44,35,38,"WD","SE"
507,11,38,"WD","SE"
61,37,38,"WD","SE"
369,1,38,"WD","SE"
183,2,38,"WD","SE"
389,2,38,"WD","SE"
32,9,38,"WD","SE"
90,3,38,"WD","SE"
142,1,38,"WD","SE"
14,16,38,"WD","SE"
551,1,38,"WD","SE"
57,9,39,"WD","SE"
343,6,39,"WD","SE"
252,1,39,"WD","SE"
158,2,39,"WD","SE"
49,1,39,"WD","SE"
376,2,39,"WD","SE"
91,8,39,"WD","SE"
551,1,39,"WD","SE"
61,37,39,"WD","SE"
411,1,39,"WD","SE"
140,1,39,"WD","SE"
50,4,39,"WD","SE"
4,9,39,"WD","SE"
410,2,39,"WD","SE"
141,1,39,"WD","SE"
508,23,39,"WD","SE"
285,1,39,"WD","SE"
344,1,39,"WD","SE"
523,4,39,"WD","SE"
389,2,39,"WD","SE"
483,3,39,"WD","SE"
48,4,39,"WD","SE"
503,22,39,"WD","SE"
23,7,39,"WD","SE"
404,1,39,"WD","SE"
348,2,40,"WD","SE"
131,1,40,"WD","SE"
424,1,40,"WD","SE"
514,3,40,"WD","SE"
368,1,40,"WD","SE"
525,5,40,"WD","SE"
43,1,40,"WD","SE"
378,1,40,"WD","SE"
26,41,40,"WD","SE"
301,1,40,"WD","SE"
344,1,40,"WD","SE"
12,9,40,"WD","SE"
14,16,40,"WD","SE"
5,9,40,"WD","SE"
439,2,40,"WD","SE"
414,1,40,"WD","SE"
295,4,40,"WD","SE"
50,4,40,"WD","SE"
470,5,40,"WD","SE"
282,1,40,"WD","SE"
32,9,40,"WD","SE"
57,9,40,"WD","SE"
140,1,40,"WD","SE"
247,1,40,"WD","SE"
415,1,40,"WD","SE"
232,3,41,"WD","SE"
29,2,41,"WD","SE"
26,41,41,"WD","SE"
91,8,41,"WD","SE"
196,2,41,"WD","SE"
458,1,41,"WD","SE"
426,2,41,"WD","SE"
352,2,41,"WD","SE"
279,1,41,"WD","SE"
143,1,41,"WD","SE"
13,4,41,"WD","SE"
92,1,41,"WD","SE"
58,2,41,"WD","SE"
398,1,41,"WD","SE"
301,1,41,"WD","SE"
445,10,41,"WD","SE"
57,9,41,"WD","SE"
358,15,41,"WD","SE"
411,1,41,"WD","SE"
349,1,41,"WD","SE"
76,6,41,"WD","SE"
361,3,41,"WD","SE"
118,1,41,"WD","SE"
514,3,41,"WD","SE"
363,1,41,"WD","SE"
499,28,42,"WD","SE"
385,1,42,"WD","SE"
378,1,42,"WD","SE"
422,3,42,"WD","SE"
92,1,42,"WD","SE"
514,3,42,"WD","SE"
348,2,42,"WD","SE"
91,8,42,"WD","SE"
508,23,42,"WD","SE"
76,6,42,"WD","SE"
71,1,42,"WD","SE"
13,4,42,"WD","SE"
461,1,42,"WD","SE"
264,1,42,"WD","SE"
202,1,42,"WD","SE"
470,5,42,"WD","SE"
433,2,42,"WD","SE"
4,9,42,"WD","SE"
187,1,42,"WD","SE"
17,5,42,"WD","SE"
209,1,42,"WD","SE"
41,1,42,"WD","SE"
513,4,42,"WD","SE"
383,1,42,"WD","SE"
440,1,42,"WD","SE"
482,3,43,"WD","SE"
5,9,43,"WD","SE"
545,2,43,"WD","SE"
90,3,43,"WD","SE"
381,2,43,"WD","SE"
144,1,43,"WD","SE"
14,16,43,"WD","SE"
411,1,43,"WD","SE"
20,6,43,"WD","SE"
426,2,43,"WD","SE"
368,1,43,"WD","SE"
59,5,43,"WD","SE"
51,3,43,"WD","SE"
343,6,43,"WD","SE"
71,1,43,"WD","SE"
338,3,43,"WD","SE"
33,12,43,"WD","SE"
249,2,43,"WD","SE"
28,22,43,"WD","SE"
420,1,43,"WD","SE"
510,18,43,"WD","SE"
358,15,43,"WD","SE"
504,35,43,"WD","SE"
58,2,43,"WD","SE"
84,1,43,"WD","SE"
419,1,44,"WD","SE"
40,6,44,"WD","SE"
350,1,44,"WD","SE"
358,15,44,"WD","SE"
499,28,44,"WD","SE"
425,3,44,"WD","SE"
103,1,44,"WD","SE"
9,1,44,"WD","SE"
141,1,44,"WD","SE"
354,1,44,"WD","SE"
286,1,44,"WD","SE"
420,1,44,"WD","SE"
365,1,44,"WD","SE"
302,1,44,"WD","SE"
20,6,44,"WD","SE"
51,3,44,"WD","SE"
43,1,44,"WD","SE"
344,1,44,"WD","SE"
179,7,44,"WD","SE"
223,1,44,"WD","SE"
502,18,44,"WD","SE"
80,10,44,"WD","SE"
416,1,44,"WD","SE"
397,1,44,"WD","SE"
534,3,44,"WD","SE"
301,1,45,"WD","SE"
105,1,45,"WD","SE"
504,35,45,"WD","SE"
441,2,45,"WD","SE"
500,25,45,"WD","SE"
498,27,45,"WD","SE"
92,1,45,"WD","SE"
215,1,45,"WD","SE"
449,1,45,"WD","SE"
38,5,45,"WD","SE"
214,1,45,"WD","SE"
45,7,45,"WD","SE"
435,2,45,"WD","SE"
49,1,45,"WD","SE"
50,4,45,"WD","SE"
53,1,45,"WD","SE"
466,1,45,"WD","SE"
128,1,45,"WD","SE"
381,2,45,"WD","SE"
222,1,45,"WD","SE"
363,1,45,"WD","SE"
386,1,45,"WD","SE"
410,2,45,"WD","SE"
302,1,45,"WD","SE"
378,1,45,"WD","SE"
350,1,46,"WD","SE"
503,22,46,"WD","SE"
16,6,46,"WD","SE"
128,1,46,"WD","SE"
266,1,46,"WD","SE"
198,1,46,"WD","SE"
389,2,46,"WD","SE"
433,2,46,"WD","SE"
53,1,46,"WD","SE"
5,9,46,"WD","SE"
247,1,46,"WD","SE"
519,4,46,"WD","SE"
179,7,46,"WD","SE"
352,2,46,"WD","SE"
80,10,46,"WD","SE"
349,1,46,"WD","SE"
52,2,46,"WD","SE"
361,3,46,"WD","SE"
470,5,46,"WD","SE"
421,5,46,"WD","SE"
77,18,46,"WD","SE"
126,2,46,"WD","SE"
372,2,46,"WD","SE"
500,25,46,"WD","SE"
322,1,46,"WD","SE"
193,1,47,"WD","SE"
126,2,47,"WD","SE"
12,9,47,"WD","SE"
544,3,47,"WD","SE"
67,9,47,"WD","SE"
468,1,47,"WD","SE"
517,3,47,"WD","SE"
32,9,47,"WD","SE"
132,1,47,"WD","SE"
128,1,47,"WD","SE"
389,2,47,"WD","SE"
52,2,47,"WD","SE"
437,1,47,"WD","SE"
13,4,47,"WD","SE"
540,3,47,"WD","SE"
546,1,47,"WD","SE"
58,2,47,"WD","SE"
486,3,47,"WD","SE"
304,1,47,"WD","SE"
248,1,47,"WD","SE"
358,15,47,"WD","SE"
38,5,47,"WD","SE"
504,35,47,"WD","SE"
463,1,47,"WD","SE"
473,1,47,"WD","SE"
428,1,48,"WD","SE"
252,1,48,"WD","SE"
383,1,48,"WD","SE"
203,1,48,"WD","SE"
215,1,48,"WD","SE"
43,1,48,"WD","SE"
186,1,48,"WD","SE"
507,11,48,"WD","SE"
278,1,48,"WD","SE"
143,1,48,"WD","SE"
510,18,48,"WD","SE"
460,1,48,"WD","SE"
103,1,48,"WD","SE"
473,1,48,"WD","SE"
9,1,48,"WD","SE"
52,2,48,"WD","SE"
82,3,48,"WD","SE"
357,1,48,"WD","SE"
381,2,48,"WD","SE"
144,1,48,"WD","SE"
525,5,48,"WD","SE"
91,8,48,"WD","SE"
358,15,48,"WD","SE"
467,4,48,"WD","SE"
501,24,48,"WD","SE"
286,1,49,"WD","SE"
513,4,49,"WD","SE"
279,1,49,"WD","SE"
425,3,49,"WD","SE"
398,1,49,"WD","SE"
433,2,49,"WD","SE"
13,4,49,"WD","SE"
449,1,49,"WD","SE"
411,1,49,"WD","SE"
76,6,49,"WD","SE"
459,2,49,"WD","SE"
64,23,49,"WD","SE"
285,1,49,"WD","SE"
343,6,49,"WD","SE"
348,2,49,"WD","SE"
375,1,49,"WD","SE"
322,1,49,"WD","SE"
51,3,49,"WD","SE"
183,2,49,"WD","SE"
33,12,49,"WD","SE"
422,3,49,"WD","SE"
232,3,49,"WD","SE"
276,4,49,"WD","SE"
500,25,49,"WD","SE"
164,4,49,"WD","SE"
460,1,50,"WD","SE"
264,1,50,"WD","SE"
193,1,50,"WD","SE"
376,2,50,"WD","SE"
544,3,50,"WD","SE"
247,1,50,"WD","SE"
45,7,50,"WD","SE"
17,5,50,"WD","SE"
276,4,50,"WD","SE"
356,1,50,"WD","SE"
14,16,50,"WD","SE"
523,4,50,"WD","SE"
349,1,50,"WD","SE"
369,1,50,"WD","SE"
203,1,50,"WD","SE"
58,2,50,"WD","SE"
516,3,50,"WD","SE"
465,1,50,"WD","SE"
344,1,50,"WD","SE"
425,3,50,"WD","SE"
374,2,50,"WD","SE"
365,1,50,"WD","SE"
419,1,50,"WD","SE"
12,9,50,"WD","SE"
53,1,50,"WD","SE"
510,18,51,"WD","SE"
417,1,51,"WD","SE"
401,1,51,"WD","SE"
486,3,51,"WD","SE"
32,9,51,"WD","SE"
143,1,51,"WD","SE"
164,4,51,"WD","SE"
209,1,51,"WD","SE"
141,1,51,"WD","SE"
523,4,51,"WD","SE"
501,24,51,"WD","SE"
41,1,51,"WD","SE"
19,8,51,"WD","SE"
397,1,51,"WD","SE"
71,1,51,"WD","SE"
17,5,51,"WD","SE"
132,1,51,"WD","SE"
447,3,51,"WD","SE"
427,1,51,"WD","SE"
51,3,51,"WD","SE"
4,9,51,"WD","SE"
33,12,51,"WD","SE"
53,1,51,"WD","SE"
52,2,51,"WD","SE"
301,1,51,"WD","SE"
78,9,52,"WD","SE"
338,3,52,"WD","SE"
472,1,52,"WD","SE"
486,3,52,"WD","SE"
459,2,52,"WD","SE"
7,24,52,"WD","SE"
369,1,52,"WD","SE"
551,1,52,"WD","SE"
26,41,52,"WD","SE"
295,4,52,"WD","SE"
247,1,52,"WD","SE"
232,3,52,"WD","SE"
202,1,52,"WD","SE"
140,1,52,"WD","SE"
457,1,52,"WD","SE"
67,9,52,"WD","SE"
57,9,52,"WD","SE"
317,2,52,"WD","SE"
358,15,52,"WD","SE"
507,11,52,"WD","SE"
20,6,52,"WD","SE"
318,2,52,"WD","SE"
249,2,52,"WD","SE"
356,1,52,"WD","SE"
77,18,52,"WD","SE"
349,1,53,"WD","SE"
386,1,53,"WD","SE"
404,1,53,"WD","SE"
374,2,53,"WD","SE"
26,41,53,"WD","SE"
32,9,53,"WD","SE"
132,1,53,"WD","SE"
401,1,53,"WD","SE"
72,8,53,"WD","SE"
357,1,53,"WD","SE"
105,1,53,"WD","SE"
547,1,53,"WD","SE"
247,1,53,"WD","SE"
380,3,53,"WD","SE"
472,1,53,"WD","SE"
372,2,53,"WD","SE"
519,4,53,"WD","SE"
525,5,53,"WD","SE"
38,5,53,"WD","SE"
510,18,53,"WD","SE"
463,1,53,"WD","SE"
508,23,53,"WD","SE"
369,1,53,"WD","SE"
318,2,53,"WD","SE"
470,5,53,"WD","SE"
11,30,54,"WD","SE"
356,1,54,"WD","SE"
5,9,54,"WD","SE"
209,1,54,"WD","SE"
445,10,54,"WD","SE"
123,2,54,"WD","SE"
473,1,54,"WD","SE"
222,1,54,"WD","SE"
361,3,54,"WD","SE"
142,1,54,"WD","SE"
380,3,54,"WD","SE"
463,1,54,"WD","SE"
45,7,54,"WD","SE"
517,3,54,"WD","SE"
419,1,54,"WD","SE"
545,2,54,"WD","SE"
460,1,54,"WD","SE"
237,1,54,"WD","SE"
457,1,54,"WD","SE"
365,1,54,"WD","SE"
140,1,54,"WD","SE"
425,3,54,"WD","SE"
58,2,54,"WD","SE"
504,35,54,"WD","SE"
427,1,54,"WD","SE"
244,2,55,"WD","SE"
40,6,55,"WD","SE"
524,1,55,"WD","SE"
507,11,55,"WD","SE"
141,1,55,"WD","SE"
517,3,55,"WD","SE"
61,37,55,"WD","SE"
346,1,55,"WD","SE"
209,1,55,"WD","SE"
410,2,55,"WD","SE"
308,1,55,"WD","SE"
445,10,55,"WD","SE"
58,2,55,"WD","SE"
23,7,55,"WD","SE"
548,1,55,"WD","SE"
546,1,55,"WD","SE"
51,3,55,"WD","SE"
14,16,55,"WD","SE"
344,1,55,"WD","SE"
144,1,55,"WD","SE"
350,1,55,"WD","SE"
424,1,55,"WD","SE"
36,6,55,"WD","SE"
72,8,55,"WD","SE"
48,4,55,"WD","SE"
427,1,56,"WD","SE"
417,1,56,"WD","SE"
504,35,56,"WD","SE"
534,3,56,"WD","SE"
61,37,56,"WD","SE"
473,1,56,"WD","SE"
404,1,56,"WD","SE"
358,15,56,"WD","SE"
424,1,56,"WD","SE"
103,1,56,"WD","SE"
422,3,56,"WD","SE"
295,4,56,"WD","SE"
455,2,56,"WD","SE"
282,1,56,"WD","SE"
190,1,56,"WD","SE"
118,1,56,"WD","SE"
198,1,56,"WD","SE"
51,3,56,"WD","SE"
140,1,56,"WD","SE"
348,2,56,"WD","SE"
126,2,56,"WD","SE"
546,1,56,"WD","SE"
214,1,56,"WD","SE"
346,1,56,"WD","SE"
486,3,56,"WD","SE"
76,6,57,"WD","SE"
419,1,57,"WD","SE"
223,1,57,"WD","SE"
410,2,57,"WD","SE"
4,9,57,"WD","SE"
187,1,57,"WD","SE"
126,2,57,"WD","SE"
278,1,57,"WD","SE"
546,1,57,"WD","SE"
447,3,57,"WD","SE"
59,5,57,"WD","SE"
517,3,57,"WD","SE"
158,2,57,"WD","SE"
496,26,57,"WD","SE"
105,1,57,"WD","SE"
52,2,57,"WD","SE"
467,4,57,"WD","SE"
381,2,57,"WD","SE"
209,1,57,"WD","SE"
498,27,57,"WD","SE"
348,2,57,"WD","SE"
49,1,57,"WD","SE"
51,3,57,"WD","SE"
132,1,57,"WD","SE"
166,1,57,"WD","SE"
7,24,58,"WD","SE"
308,1,58,"WD","SE"
166,1,58,"WD","SE"
143,1,58,"WD","SE"
401,1,58,"WD","SE"
498,27,58,"WD","SE"
144,1,58,"WD","SE"
417,1,58,"WD","SE"
37,1,58,"WD","SE"
103,1,58,"WD","SE"
279,1,58,"WD","SE"
416,1,58,"WD","SE"
377,2,58,"WD","SE"
343,6,58,"WD","SE"
419,1,58,"WD","SE"
278,1,58,"WD","SE"
445,10,58,"WD","SE"
428,1,58,"WD","SE"
126,2,58,"WD","SE"
304,1,58,"WD","SE"
420,1,58,"WD","SE"
483,3,58,"WD","SE"
548,1,58,"WD","SE"
158,2,58,"WD","SE"
19,8,58,"WD","SE"
420,1,59,"WD","SE"
326,1,59,"WD","SE"
203,1,59,"WD","SE"
279,1,59,"WD","SE"
222,1,59,"WD","SE"
472,1,59,"WD","SE"
61,37,59,"WD","SE"
513,4,59,"WD","SE"
72,8,59,"WD","SE"
486,3,59,"WD","SE"
352,2,59,"WD","SE"
425,3,59,"WD","SE"
80,10,59,"WD","SE"
170,1,59,"WD","SE"
397,1,59,"WD","SE"
250,1,59,"WD","SE"
501,24,59,"WD","SE"
186,1,59,"WD","SE"
437,1,59,"WD","SE"
504,35,59,"WD","SE"
363,1,59,"WD","SE"
16,6,59,"WD","SE"
525,5,59,"WD","SE"
302,1,59,"WD","SE"
534,3,59,"WD","SE"
186,1,60,"WD","SE"
93,3,60,"WD","SE"
196,2,60,"WD","SE"
92,1,60,"WD","SE"
72,8,60,"WD","SE"
131,1,60,"WD","SE"
13,4,60,"WD","SE"
5,9,60,"WD","SE"
318,2,60,"WD","SE"
266,1,60,"WD","SE"
370,1,60,"WD","SE"
74,1,60,"WD","SE"
19,8,60,"WD","SE"
513,4,60,"WD","SE"
183,2,60,"WD","SE"
501,24,60,"WD","SE"
12,9,60,"WD","SE"
468,1,60,"WD","SE"
249,2,60,"WD","SE"
44,35,60,"WD","SE"
417,1,60,"WD","SE"
540,3,60,"WD","SE"
57,9,60,"WD","SE"
303,2,60,"WD","SE"
523,4,60,"WD","SE"
198,1,61,"WD","SE"
23,7,61,"WD","SE"
427,1,61,"WD","SE"
295,4,61,"WD","SE"
524,1,61,"WD","SE"
301,1,61,"WD","SE"
45,7,61,"WD","SE"
12,9,61,"WD","SE"
370,1,61,"WD","SE"
548,1,61,"WD","SE"
173,1,61,"WD","SE"
346,1,61,"WD","SE"
13,4,61,"WD","SE"
354,1,61,"WD","SE"
499,28,61,"WD","SE"
433,2,61,"WD","SE"
6,4,61,"WD","SE"
422,3,61,"WD","SE"
410,2,61,"WD","SE"
486,3,61,"WD","SE"
438,4,61,"WD","SE"
48,4,61,"WD","SE"
132,1,61,"WD","SE"
202,1,61,"WD","SE"
5,9,61,"WD","SE"
425,3,62,"WD","SE"
141,1,62,"WD","SE"
32,9,62,"WD","SE"
103,1,62,"WD","SE"
47,10,62,"WD","SE"
279,1,62,"WD","SE"
416,1,62,"WD","SE"
126,2,62,"WD","SE"
276,4,62,"WD","SE"
82,3,62,"WD","SE"
503,22,62,"WD","SE"
504,35,62,"WD","SE"
74,1,62,"WD","SE"
222,1,62,"WD","SE"
286,1,62,"WD","SE"
341,2,62,"WD","SE"
385,1,62,"WD","SE"
318,2,62,"WD","SE"
358,15,62,"WD","SE"
29,2,62,"WD","SE"
466,1,62,"WD","SE"
19,8,62,"WD","SE"
295,4,62,"WD","SE"
303,2,62,"WD","SE"
545,2,62,"WD","SE"
17,5,63,"WD","SE"
465,1,63,"WD","SE"
317,2,63,"WD","SE"
419,1,63,"WD","SE"
365,1,63,"WD","SE"
414,1,63,"WD","SE"
276,4,63,"WD","SE"
372,2,63,"WD","SE"
496,26,63,"WD","SE"
440,1,63,"WD","SE"
350,1,63,"WD","SE"
499,28,63,"WD","SE"
41,1,63,"WD","SE"
278,1,63,"WD","SE"
186,1,63,"WD","SE"
380,3,63,"WD","SE"
78,9,63,"WD","SE"
463,1,63,"WD","SE"
301,1,63,"WD","SE"
420,1,63,"WD","SE"
308,1,63,"WD","SE"
441,2,63,"WD","SE"
285,1,63,"WD","SE"
460,1,63,"WD","SE"
205,2,63,"WD","SE"
196,2,64,"WD","SE"
38,5,64,"WD","SE"
437,1,64,"WD","SE"
9,1,64,"WD","SE"
264,1,64,"WD","SE"
64,23,64,"WD","SE"
547,1,64,"WD","SE"
12,9,64,"WD","SE"
4,9,64,"WD","SE"
92,1,64,"WD","SE"
338,3,64,"WD","SE"
435,2,64,"WD","SE"
368,1,64,"WD","SE"
190,1,64,"WD","SE"
1,3,64,"WD","SE"
440,1,64,"WD","SE"
376,2,64,"WD","SE"
516,3,64,"WD","SE"
439,2,64,"WD","SE"
401,1,64,"WD","SE"
367,2,64,"WD","SE"
11,30,64,"WD","SE"
504,35,64,"WD","SE"
419,1,64,"WD","SE"
140,1,64,"WD","SE"
410,2,65,"WD","SE"
381,2,65,"WD","SE"
190,1,65,"WD","SE"
534,3,65,"WD","SE"
173,1,65,"WD","SE"
317,2,65,"WD","SE"
313,1,65,"WD","SE"
457,1,65,"WD","SE"
214,1,65,"WD","SE"
465,1,65,"WD","SE"
92,1,65,"WD","SE"
361,3,65,"WD","SE"
32,9,65,"WD","SE"
45,7,65,"WD","SE"
469,5,65,"WD","SE"
463,1,65,"WD","SE"
143,1,65,"WD","SE"
44,35,65,"WD","SE"
424,1,65,"WD","SE"
377,2,65,"WD","SE"
501,24,65,"WD","SE"
358,15,65,"WD","SE"
455,2,65,"WD","SE"
380,3,65,"WD","SE"
41,1,65,"WD","SE"
430,4,66,"WD","SE"
32,9,66,"WD","SE"
433,2,66,"WD","SE"
179,7,66,"WD","SE"
118,1,66,"WD","SE"
508,23,66,"WD","SE"
438,4,66,"WD","SE"
322,1,66,"WD","SE"
304,1,66,"WD","SE"
540,3,66,"WD","SE"
517,3,66,"WD","SE"
142,1,66,"WD","SE"
14,16,66,"WD","SE"
424,1,66,"WD","SE"
205,2,66,"WD","SE"
313,1,66,"WD","SE"
202,1,66,"WD","SE"
183,2,66,"WD","SE"
44,35,66,"WD","SE"
410,2,66,"WD","SE"
51,3,66,"WD","SE"
357,1,66,"WD","SE"
546,1,66,"WD","SE"
203,1,66,"WD","SE"
84,1,66,"WD","SE"
205,2,67,"WD","SE"
439,2,67,"WD","SE"
523,4,67,"WD","SE"
128,1,67,"WD","SE"
343,6,67,"WD","SE"
341,2,67,"WD","SE"
38,5,67,"WD","SE"
41,1,67,"WD","SE"
173,1,67,"WD","SE"
1,3,67,"WD","SE"
264,1,67,"WD","SE"
435,2,67,"WD","SE"
525,5,67,"WD","SE"
344,1,67,"WD","SE"
12,9,67,"WD","SE"
496,26,67,"WD","SE"
209,1,67,"WD","SE"
460,1,67,"WD","SE"
440,1,67,"WD","SE"
516,3,67,"WD","SE"
36,6,67,"WD","SE"
551,1,67,"WD","SE"
17,5,67,"WD","SE"
279,1,67,"WD","SE"
237,1,67,"WD","SE"
5,9,68,"WD","SE"
441,2,68,"WD","SE"
513,4,68,"WD","SE"
255,1,68,"WD","SE"
50,4,68,"WD","SE"
503,22,68,"WD","SE"
43,1,68,"WD","SE"
40,6,68,"WD","SE"
90,3,68,"WD","SE"
232,3,68,"WD","SE"
482,3,68,"WD","SE"
131,1,68,"WD","SE"
369,1,68,"WD","SE"
28,22,68,"WD","SE"
170,1,68,"WD","SE"
380,3,68,"WD","SE"
142,1,68,"WD","SE"
426,2,68,"WD","SE"
47,10,68,"WD","SE"
132,1,68,"WD","SE"
138,3,68,"WD","SE"
433,2,68,"WD","SE"
7,24,68,"WD","SE"
525,5,68,"WD","SE"
190,1,68,"WD","SE"
499,28,69,"WD","SE"
414,1,69,"WD","SE"
143,1,69,"WD","SE"
383,1,69,"WD","SE"
92,1,69,"WD","SE"
546,1,69,"WD","SE"
380,3,69,"WD","SE"
352,2,69,"WD","SE"
368,1,69,"WD","SE"
420,1,69,"WD","SE"
158,2,69,"WD","SE"
14,16,69,"WD","SE"
47,10,69,"WD","SE"
37,1,69,"WD","SE"
214,1,69,"WD","SE"
228,1,69,"WD","SE"
437,1,69,"WD","SE"
459,2,69,"WD","SE"
276,4,69,"WD","SE"
6,4,69,"WD","SE"
483,3,69,"WD","SE"
33,12,69,"WD","SE"
326,1,69,"WD","SE"
508,23,69,"WD","SE"
222,1,69,"WD","SE"
380,3,70,"WD","SE"
445,10,70,"WD","SE"
428,1,70,"WD","SE"
517,3,70,"WD","SE"
187,1,70,"WD","SE"
545,2,70,"WD","SE"
126,2,70,"WD","SE"
61,37,70,"WD","SE"
285,1,70,"WD","SE"
170,1,70,"WD","SE"
52,2,70,"WD","SE"
250,1,70,"WD","SE"
466,1,70,"WD","SE"
53,1,70,"WD","SE"
430,4,70,"WD","SE"
58,2,70,"WD","SE"
166,1,70,"WD","SE"
84,1,70,"WD","SE"
435,2,70,"WD","SE"
38,5,70,"WD","SE"
424,1,70,"WD","SE"
361,3,70,"WD","SE"
375,1,70,"WD","SE"
499,28,70,"WD","SE"
33,12,70,"WD","SE"
416,1,71,"WD","SE"
141,1,71,"WD","SE"
93,3,71,"WD","SE"
411,1,71,"WD","SE"
52,2,71,"WD","SE"
461,1,71,"WD","SE"
460,1,71,"WD","SE"
369,1,71,"WD","SE"
499,28,71,"WD","SE"
372,2,71,"WD","SE"
357,1,71,"WD","SE"
302,1,71,"WD","SE"
504,35,71,"WD","SE"
40,6,71,"WD","SE"
20,6,71,"WD","SE"
463,1,71,"WD","SE"
202,1,71,"WD","SE"
547,1,71,"WD","SE"
1,3,71,"WD","SE"
138,3,71,"WD","SE"
198,1,71,"WD","SE"
252,1,71,"WD","SE"
496,26,71,"WD","SE"
437,1,71,"WD","SE"
158,2,71,"WD","SE"
415,1,72,"WD","SE"
67,9,72,"WD","SE"
465,1,72,"WD","SE"
58,2,72,"WD","SE"
57,9,72,"WD","SE"
93,3,72,"WD","SE"
266,1,72,"WD","SE"
74,1,72,"WD","SE"
398,1,72,"WD","SE"
5,9,72,"WD","SE"
44,35,72,"WD","SE"
372,2,72,"WD","SE"
237,1,72,"WD","SE"
279,1,72,"WD","SE"
420,1,72,"WD","SE"
128,1,72,"WD","SE"
352,2,72,"WD","SE"
455,2,72,"WD","SE"
437,1,72,"WD","SE"
138,3,72,"WD","SE"
466,1,72,"WD","SE"
449,1,72,"WD","SE"
426,2,72,"WD","SE"
118,1,72,"WD","SE"
357,1,72,"WD","SE"
72,8,73,"WD","SE"
82,3,73,"WD","SE"
237,1,73,"WD","SE"
468,1,73,"WD","SE"
302,1,73,"WD","SE"
519,4,73,"WD","SE"
425,3,73,"WD","SE"
540,3,73,"WD","SE"
546,1,73,"WD","SE"
361,3,73,"WD","SE"
463,1,73,"WD","SE"
440,1,73,"WD","SE"
285,1,73,"WD","SE"
28,22,73,"WD","SE"
368,1,73,"WD","SE"
184,1,73,"WD","SE"
498,27,73,"WD","SE"
19,8,73,"WD","SE"
248,1,73,"WD","SE"
259,3,73,"WD","SE"
357,1,73,"WD","SE"
482,3,73,"WD","SE"
390,4,73,"WD","SE"
378,1,73,"WD","SE"
460,1,73,"WD","SE"
23,7,74,"WD","SE"
12,9,74,"WD","SE"
376,2,74,"WD","SE"
389,2,74,"WD","SE"
545,2,74,"WD","SE"
428,1,74,"WD","SE"
276,4,74,"WD","SE"
259,3,74,"WD","SE"
414,1,74,"WD","SE"
381,2,74,"WD","SE"
486,3,74,"WD","SE"
77,18,74,"WD","SE"
303,2,74,"WD","SE"
203,1,74,"WD","SE"
440,1,74,"WD","SE"
471,2,74,"WD","SE"
248,1,74,"WD","SE"
7,24,74,"WD","SE"
437,1,74,"WD","SE"
50,4,74,"WD","SE"
142,1,74,"WD","SE"
404,1,74,"WD","SE"
540,3,74,"WD","SE"
380,3,74,"WD","SE"
103,1,74,"WD","SE"
363,1,75,"WD","SE"
498,27,75,"WD","SE"
303,2,75,"WD","SE"
385,1,75,"WD","SE"
40,6,75,"WD","SE"
378,1,75,"WD","SE"
346,1,75,"WD","SE"
372,2,75,"WD","SE"
44,35,75,"WD","SE"
433,2,75,"WD","SE"
51,3,75,"WD","SE"
440,1,75,"WD","SE"
398,1,75,"WD","SE"
369,1,75,"WD","SE"
545,2,75,"WD","SE"
417,1,75,"WD","SE"
437,1,75,"WD","SE"
244,2,75,"WD","SE"
467,4,75,"WD","SE"
198,1,75,"WD","SE"
282,1,75,"WD","SE"
513,4,75,"WD","SE"
318,2,75,"WD","SE"
128,1,75,"WD","SE"
547,1,75,"WD","SE"
313,1,76,"WD","SE"
91,8,76,"WD","SE"
59,5,76,"WD","SE"
471,2,76,"WD","SE"
184,1,76,"WD","SE"
248,1,76,"WD","SE"
383,1,76,"WD","SE"
350,1,76,"WD","SE"
187,1,76,"WD","SE"
86,2,76,"WD","SE"
23,7,76,"WD","SE"
278,1,76,"WD","SE"
433,2,76,"WD","SE"
80,10,76,"WD","SE"
5,9,76,"WD","SE"
470,5,76,"WD","SE"
132,1,76,"WD","SE"
428,1,76,"WD","SE"
301,1,76,"WD","SE"
179,7,76,"WD","SE"
510,18,76,"WD","SE"
72,8,76,"WD","SE"
43,1,76,"WD","SE"
349,1,76,"WD","SE"
9,1,76,"WD","SE"
341,2,77,"WD","SE"
20,6,77,"WD","SE"
48,4,77,"WD","SE"
71,1,77,"WD","SE"
84,1,77,"WD","SE"
90,3,77,"WD","SE"
372,2,77,"WD","SE"
499,28,77,"WD","SE"
29,2,77,"WD","SE"
215,1,77,"WD","SE"
422,3,77,"WD","SE"
390,4,77,"WD","SE"
86,2,77,"WD","SE"
544,3,77,"WD","SE"
74,1,77,"WD","SE"
524,1,77,"WD","SE"
43,1,77,"WD","SE"
264,1,77,"WD","SE"
433,2,77,"WD","SE"
19,8,77,"WD","SE"
548,1,77,"WD","SE"
415,1,77,"WD","SE"
23,7,77,"WD","SE"
428,1,77,"WD","SE"
349,1,77,"WD","SE"
1,3,78,"WD","SE"
118,1,78,"WD","SE"
52,2,78,"WD","SE"
33,12,78,"WD","SE"
357,1,78,"WD","SE"
248,1,78,"WD","SE"
374,2,78,"WD","SE"
376,2,78,"WD","SE"
36,6,78,"WD","SE"
361,3,78,"WD","SE"
414,1,78,"WD","SE"
370,1,78,"WD","SE"
64,23,78,"WD","SE"
545,2,78,"WD","SE"
363,1,78,"WD","SE"
103,1,78,"WD","SE"
390,4,78,"WD","SE"
422,3,78,"WD","SE"
467,4,78,"WD","SE"
131,1,78,"WD","SE"
16,6,78,"WD","SE"
507,11,78,"WD","SE"
369,1,78,"WD","SE"
498,27,78,"WD","SE"
7,24,78,"WD","SE"
318,2,79,"WD","SE"
126,2,79,"WD","SE"
43,1,79,"WD","SE"
38,5,79,"WD","SE"
158,2,79,"WD","SE"
52,2,79,"WD","SE"
279,1,79,"WD","SE"
523,4,79,"WD","SE"
458,1,79,"WD","SE"
422,3,79,"WD","SE"
173,1,79,"WD","SE"
435,2,79,"WD","SE"
427,1,79,"WD","SE"
510,18,79,"WD","SE"
72,8,79,"WD","SE"
51,3,79,"WD","SE"
4,9,79,"WD","SE"
237,1,79,"WD","SE"
196,2,79,"WD","SE"
381,2,79,"WD","SE"
455,2,79,"WD","SE"
123,2,79,"WD","SE"
346,1,79,"WD","SE"
513,4,79,"WD","SE"
430,4,79,"WD","SE"
483,3,80,"WD","SE"
17,5,80,"WD","SE"
74,1,80,"WD","SE"
417,1,80,"WD","SE"
322,1,80,"WD","SE"
237,1,80,"WD","SE"
365,1,80,"WD","SE"
507,11,80,"WD","SE"
499,28,80,"WD","SE"
471,2,80,"WD","SE"
437,1,80,"WD","SE"
514,3,80,"WD","SE"
383,1,80,"WD","SE"
463,1,80,"WD","SE"
203,1,80,"WD","SE"
410,2,80,"WD","SE"
435,2,80,"WD","SE"
524,1,80,"WD","SE"
126,2,80,"WD","SE"
170,1,80,"WD","SE"
460,1,80,"WD","SE"
71,1,80,"WD","SE"
425,3,80,"WD","SE"
389,2,80,"WD","SE"
57,9,80,"WD","SE"
123,2,81,"WD","SE"
76,6,81,"WD","SE"
394,1,81,"WD","SE"
420,1,81,"WD","SE"
170,1,81,"WD","SE"
459,2,81,"WD","SE"
80,10,81,"WD","SE"
184,1,81,"WD","SE"
455,2,81,"WD","SE"
16,6,81,"WD","SE"
510,18,81,"WD","SE"
354,1,81,"WD","SE"
416,1,81,"WD","SE"
414,1,81,"WD","SE"
228,1,81,"WD","SE"
419,1,81,"WD","SE"
140,1,81,"WD","SE"
458,1,81,"WD","SE"
322,1,81,"WD","SE"
47,10,81,"WD","SE"
205,2,81,"WD","SE"
468,1,81,"WD","SE"
516,3,81,"WD","SE"
142,1,81,"WD","SE"
19,8,81,"WD","SE"
36,6,82,"WD","SE"
40,6,82,"WD","SE"
483,3,82,"WD","SE"
519,4,82,"WD","SE"
196,2,82,"WD","SE"
322,1,82,"WD","SE"
317,2,82,"WD","SE"
45,7,82,"WD","SE"
47,10,82,"WD","SE"
460,1,82,"WD","SE"
4,9,82,"WD","SE"
16,6,82,"WD","SE"
510,18,82,"WD","SE"
523,4,82,"WD","SE"
472,1,82,"WD","SE"
524,1,82,"WD","SE"
425,3,82,"WD","SE"
386,1,82,"WD","SE"
468,1,82,"WD","SE"
551,1,82,"WD","SE"
421,5,82,"WD","SE"
356,1,82,"WD","SE"
138,3,82,"WD","SE"
203,1,82,"WD","SE"
228,1,82,"WD","SE"
158,2,83,"WD","SE"
252,1,83,"WD","SE"
369,1,83,"WD","SE"
486,3,83,"WD","SE"
551,1,83,"WD","SE"
279,1,83,"WD","SE"
282,1,83,"WD","SE"
385,1,83,"WD","SE"
426,2,83,"WD","SE"
343,6,83,"WD","SE"
461,1,83,"WD","SE"
420,1,83,"WD","SE"
417,1,83,"WD","SE"
13,4,83,"WD","SE"
43,1,83,"WD","SE"
138,3,83,"WD","SE"
72,8,83,"WD","SE"
93,3,83,"WD","SE"
386,1,83,"WD","SE"
144,1,83,"WD","SE"
304,1,83,"WD","SE"
361,3,83,"WD","SE"
29,2,83,"WD","SE"
51,3,83,"WD","SE"
202,1,83,"WD","SE"
459,2,84,"WD","SE"
465,1,84,"WD","SE"
252,1,84,"WD","SE"
372,2,84,"WD","SE"
67,9,84,"WD","SE"
483,3,84,"WD","SE"
440,1,84,"WD","SE"
503,22,84,"WD","SE"
255,1,84,"WD","SE"
144,1,84,"WD","SE"
313,1,84,"WD","SE"
482,3,84,"WD","SE"
126,2,84,"WD","SE"
381,2,84,"WD","SE"
343,6,84,"WD","SE"
222,1,84,"WD","SE"
363,1,84,"WD","SE"
223,1,84,"WD","SE"
318,2,84,"WD","SE"
524,1,84,"WD","SE"
13,4,84,"WD","SE"
26,41,84,"WD","SE"
467,4,84,"WD","SE"
4,9,84,"WD","SE"
164,4,84,"WD","SE"
381,2,85,"WD","SE"
252,1,85,"WD","SE"
433,2,85,"WD","SE"
375,1,85,"WD","SE"
72,8,85,"WD","SE"
401,1,85,"WD","SE"
44,35,85,"WD","SE"
37,1,85,"WD","SE"
179,7,85,"WD","SE"
545,2,85,"WD","SE"
499,28,85,"WD","SE"
19,8,85,"WD","SE"
496,26,85,"WD","SE"
514,3,85,"WD","SE"
17,5,85,"WD","SE"
4,9,85,"WD","SE"
470,5,85,"WD","SE"
376,2,85,"WD","SE"
447,3,85,"WD","SE"
544,3,85,"WD","SE"
214,1,85,"WD","SE"
383,1,85,"WD","SE"
20,6,85,"WD","SE"
144,1,85,"WD","SE"
368,1,85,"WD","SE"
513,4,86,"WD","SE"
82,3,86,"WD","SE"
4,9,86,"WD","SE"
376,2,86,"WD","SE"
252,1,86,"WD","SE"
141,1,86,"WD","SE"
519,4,86,"WD","SE"
440,1,86,"WD","SE"
548,1,86,"WD","SE"
249,2,86,"WD","SE"
404,1,86,"WD","SE"
524,1,86,"WD","SE"
468,1,86,"WD","SE"
131,1,86,"WD","SE"
377,2,86,"WD","SE"
215,1,86,"WD","SE"
202,1,86,"WD","SE"
138,3,86,"WD","SE"
78,9,86,"WD","SE"
198,1,86,"WD","SE"
1,3,86,"WD","SE"
28,22,86,"WD","SE"
170,1,86,"WD","SE"
40,6,86,"WD","SE"
47,10,86,"WD","SE"
140,1,87,"WD","SE"
252,1,87,"WD","SE"
397,1,87,"WD","SE"
304,1,87,"WD","SE"
471,2,87,"WD","SE"
427,1,87,"WD","SE"
248,1,87,"WD","SE"
244,2,87,"WD","SE"
513,4,87,"WD","SE"
90,3,87,"WD","SE"
250,1,87,"WD","SE"
354,1,87,"WD","SE"
367,2,87,"WD","SE"
48,4,87,"WD","SE"
469,5,87,"WD","SE"
38,5,87,"WD","SE"
301,1,87,"WD","SE"
143,1,87,"WD","SE"
421,5,87,"WD","SE"
415,1,87,"WD","SE"
118,1,87,"WD","SE"
385,1,87,"WD","SE"
461,1,87,"WD","SE"
540,3,87,"WD","SE"
193,1,87,"WD","SE"
378,1,88,"WD","SE"
244,2,88,"WD","SE"
420,1,88,"WD","SE"
548,1,88,"WD","SE"
439,2,88,"WD","SE"
52,2,88,"WD","SE"
356,1,88,"WD","SE"
473,1,88,"WD","SE"
376,2,88,"WD","SE"
184,1,88,"WD","SE"
437,1,88,"WD","SE"
507,11,88,"WD","SE"
223,1,88,"WD","SE"
82,3,88,"WD","SE"
282,1,88,"WD","SE"
534,3,88,"WD","SE"
41,1,88,"WD","SE"
361,3,88,"WD","SE"
144,1,88,"WD","SE"
350,1,88,"WD","SE"
496,26,88,"WD","SE"
17,5,88,"WD","SE"
421,5,88,"WD","SE"
426,2,88,"WD","SE"
308,1,88,"WD","SE"
214,1,89,"WD","SE"
140,1,89,"WD","SE"
17,5,89,"WD","SE"
77,18,89,"WD","SE"
415,1,89,"WD","SE"
93,3,89,"WD","SE"
278,1,89,"WD","SE"
501,24,89,"WD","SE"
187,1,89,"WD","SE"
131,1,89,"WD","SE"
164,4,89,"WD","SE"
424,1,89,"WD","SE"
525,5,89,"WD","SE"
499,28,89,"WD","SE"
344,1,89,"WD","SE"
516,3,89,"WD","SE"
398,1,89,"WD","SE"
244,2,89,"WD","SE"
317,2,89,"WD","SE"
20,6,89,"WD","SE"
383,1,89,"WD","SE"
461,1,89,"WD","SE"
510,18,89,"WD","SE"
358,15,89,"WD","SE"
128,1,89,"WD","SE"
128,1,90,"WD","SE"
45,7,90,"WD","SE"
38,5,90,"WD","SE"
186,1,90,"WD","SE"
90,3,90,"WD","SE"
341,2,90,"WD","SE"
286,1,90,"WD","SE"
252,1,90,"WD","SE"
369,1,90,"WD","SE"
361,3,90,"WD","SE"
411,1,90,"WD","SE"
20,6,90,"WD","SE"
33,12,90,"WD","SE"
187,1,90,"WD","SE"
49,1,90,"WD","SE"
57,9,90,"WD","SE"
255,1,90,"WD","SE"
126,2,90,"WD","SE"
303,2,90,"WD","SE"
545,2,90,"WD","SE"
326,1,90,"WD","SE"
76,6,90,"WD","SE"
502,18,90,"WD","SE"
158,2,90,"WD","SE"
482,3,90,"WD","SE"
376,2,91,"WD","SE"
48,4,91,"WD","SE"
248,1,91,"WD","SE"
78,9,91,"WD","SE"
202,1,91,"WD","SE"
499,28,91,"WD","SE"
67,9,91,"WD","SE"
356,1,91,"WD","SE"
404,1,91,"WD","SE"
457,1,91,"WD","SE"
20,6,91,"WD","SE"
252,1,91,"WD","SE"
57,9,91,"WD","SE"
164,4,91,"WD","SE"
58,2,91,"WD","SE"
385,1,91,"WD","SE"
303,2,91,"WD","SE"
304,1,91,"WD","SE"
424,1,91,"WD","SE"
471,2,91,"WD","SE"
144,1,91,"WD","SE"
350,1,91,"WD","SE"
13,4,91,"WD","SE"
398,1,91,"WD","SE"
370,1,91,"WD","SE"
458,1,92,"WD","SE"
386,1,92,"WD","SE"
142,1,92,"WD","SE"
52,2,92,"WD","SE"
326,1,92,"WD","SE"
173,1,92,"WD","SE"
264,1,92,"WD","SE"
144,1,92,"WD","SE"
465,1,92,"WD","SE"
90,3,92,"WD","SE"
504,35,92,"WD","SE"
496,26,92,"WD","SE"
428,1,92,"WD","SE"
76,6,92,"WD","SE"
551,1,92,"WD","SE"
343,6,92,"WD","SE"
74,1,92,"WD","SE"
375,1,92,"WD","SE"
249,2,92,"WD","SE"
205,2,92,"WD","SE"
303,2,92,"WD","SE"
349,1,92,"WD","SE"
1,3,92,"WD","SE"
170,1,92,"WD","SE"
374,2,92,"WD","SE"
301,1,93,"WD","SE"
222,1,93,"WD","SE"
202,1,93,"WD","SE"
118,1,93,"WD","SE"
78,9,93,"WD","SE"
516,3,93,"WD","SE"
465,1,93,"WD","SE"
349,1,93,"WD","SE"
67,9,93,"WD","SE"
308,1,93,"WD","SE"
7,24,93,"WD","SE"
419,1,93,"WD","SE"
367,2,93,"WD","SE"
232,3,93,"WD","SE"
472,1,93,"WD","SE"
14,16,93,"WD","SE"
215,1,93,"WD","SE"
13,4,93,"WD","SE"
437,1,93,"WD","SE"
458,1,93,"WD","SE"
498,27,93,"WD","SE"
445,10,93,"WD","SE"
523,4,93,"WD","SE"
144,1,93,"WD","SE"
45,7,93,"WD","SE"
103,1,94,"WD","SE"
467,4,94,"WD","SE"
426,2,94,"WD","SE"
131,1,94,"WD","SE"
301,1,94,"WD","SE"
7,24,94,"WD","SE"
386,1,94,"WD","SE"
190,1,94,"WD","SE"
455,2,94,"WD","SE"
498,27,94,"WD","SE"
77,18,94,"WD","SE"
128,1,94,"WD","SE"
374,2,94,"WD","SE"
471,2,94,"WD","SE"
398,1,94,"WD","SE"
417,1,94,"WD","SE"
49,1,94,"WD","SE"
427,1,94,"WD","SE"
205,2,94,"WD","SE"
202,1,94,"WD","SE"
37,1,94,"WD","SE"
318,2,94,"WD","SE"
132,1,94,"WD","SE"
483,3,94,"WD","SE"
437,1,94,"WD","SE"
64,23,95,"WD","SE"
237,1,95,"WD","SE"
47,10,95,"WD","SE"
12,9,95,"WD","SE"
457,1,95,"WD","SE"
401,1,95,"WD","SE"
158,2,95,"WD","SE"
344,1,95,"WD","SE"
348,2,95,"WD","SE"
90,3,95,"WD","SE"
43,1,95,"WD","SE"
202,1,95,"WD","SE"
468,1,95,"WD","SE"
51,3,95,"WD","SE"
349,1,95,"WD","SE"
363,1,95,"WD","SE"
365,1,95,"WD","SE"
435,2,95,"WD","SE"
205,2,95,"WD","SE"
247,1,95,"WD","SE"
317,2,95,"WD","SE"
74,1,95,"WD","SE"
282,1,95,"WD","SE"
389,2,95,"WD","SE"
78,9,95,"WD","SE"
248,1,96,"WD","SE"
421,5,96,"WD","SE"
410,2,96,"WD","SE"
92,1,96,"WD","SE"
286,1,96,"WD","SE"
458,1,96,"WD","SE"
67,9,96,"WD","SE"
214,1,96,"WD","SE"
72,8,96,"WD","SE"
4,9,96,"WD","SE"
14,16,96,"WD","SE"
13,4,96,"WD","SE"
376,2,96,"WD","SE"
105,1,96,"WD","SE"
53,1,96,"WD","SE"
278,1,96,"WD","SE"
534,3,96,"WD","SE"
19,8,96,"WD","SE"
482,3,96,"WD","SE"
250,1,96,"WD","SE"
23,7,96,"WD","SE"
74,1,96,"WD","SE"
471,2,96,"WD","SE"
469,5,96,"WD","SE"
415,1,96,"WD","SE"
545,2,97,"WD","SE"
76,6,97,"WD","SE"
455,2,97,"WD","SE"
279,1,97,"WD","SE"
459,2,97,"WD","SE"
228,1,97,"WD","SE"
7,24,97,"WD","SE"
375,1,97,"WD","SE"
26,41,97,"WD","SE"
23,7,97,"WD","SE"
318,2,97,"WD","SE"
394,1,97,"WD","SE"
202,1,97,"WD","SE"
421,5,97,"WD","SE"
370,1,97,"WD","SE"
346,1,97,"WD","SE"
13,4,97,"WD","SE"
132,1,97,"WD","SE"
472,1,97,"WD","SE"
179,7,97,"WD","SE"
33,12,97,"WD","SE"
461,1,97,"WD","SE"
525,5,97,"WD","SE"
417,1,97,"WD","SE"
193,1,97,"WD","SE"
414,1,98,"WD","SE"
205,2,98,"WD","SE"
44,35,98,"WD","SE"
303,2,98,"WD","SE"
445,10,98,"WD","SE"
143,1,98,"WD","SE"
183,2,98,"WD","SE"
375,1,98,"WD","SE"
279,1,98,"WD","SE"
326,1,98,"WD","SE"
259,3,98,"WD","SE"
513,4,98,"WD","SE"
67,9,98,"WD","SE"
447,3,98,"WD","SE"
416,1,98,"WD","SE"
37,1,98,"WD","SE"
12,9,98,"WD","SE"
383,1,98,"WD","SE"
496,26,98,"WD","SE"
363,1,98,"WD","SE"
131,1,98,"WD","SE"
276,4,98,"WD","SE"
266,1,98,"WD","SE"
365,1,98,"WD","SE"
507,11,98,"WD","SE"
84,1,99,"WD","SE"
544,3,99,"WD","SE"
427,1,99,"WD","SE"
508,23,99,"WD","SE"
184,1,99,"WD","SE"
183,2,99,"WD","SE"
385,1,99,"WD","SE"
441,2,99,"WD","SE"
381,2,99,"WD","SE"
463,1,99,"WD","SE"
534,3,99,"WD","SE"
546,1,99,"WD","SE"
545,2,99,"WD","SE"
472,1,99,"WD","SE"
425,3,99,"WD","SE"
469,5,99,"WD","SE"
415,1,99,"WD","SE"
374,2,99,"WD","SE"
421,5,99,"WD","SE"
369,1,99,"WD","SE"
433,2,99,"WD","SE"
209,1,99,"WD","SE"
398,1,99,"WD","SE"
244,2,99,"WD","SE"
9,1,99,"WD","SE"
507,11,100,"WD","SE"
91,8,100,"WD","SE"
545,2,100,"WD","SE"
264,1,100,"WD","SE"
295,4,100,"WD","SE"
472,1,100,"WD","SE"
193,1,100,"WD","SE"
142,1,100,"WD","SE"
304,1,100,"WD","SE"
36,6,100,"WD","SE"
186,1,100,"WD","SE"
352,2,100,"WD","SE"
326,1,100,"WD","SE"
465,1,100,"WD","SE"
166,1,100,"WD","SE"
449,1,100,"WD","SE"
471,2,100,"WD","SE"
19,8,100,"WD","SE"
215,1,100,"WD","SE"
523,4,100,"WD","SE"
424,1,100,"WD","SE"
313,1,100,"WD","SE"
363,1,100,"WD","SE"
72,8,100,"WD","SE"
173,1,100,"WD","SE"
20,6,101,"WD","SE"
499,28,101,"WD","SE"
118,1,101,"WD","SE"
215,1,101,"WD","SE"
105,1,101,"WD","SE"
184,1,101,"WD","SE"
255,1,101,"WD","SE"
430,4,101,"WD","SE"
377,2,101,"WD","SE"
11,30,101,"WD","SE"
126,2,101,"WD","SE"
472,1,101,"WD","SE"
198,1,101,"WD","SE"
276,4,101,"WD","SE"
26,41,101,"WD","SE"
214,1,101,"WD","SE"
428,1,101,"WD","SE"
58,2,101,"WD","SE"
447,3,101,"WD","SE"
352,2,101,"WD","SE"
142,1,101,"WD","SE"
455,2,101,"WD","SE"
41,1,101,"WD","SE"
471,2,101,"WD","SE"
356,1,101,"WD","SE"
466,1,102,"WD","SE"
259,3,102,"WD","SE"
33,12,102,"WD","SE"
470,5,102,"WD","SE"
286,1,102,"WD","SE"
445,10,102,"WD","SE"
455,2,102,"WD","SE"
249,2,102,"WD","SE"
250,1,102,"WD","SE"
354,1,102,"WD","SE"
57,9,102,"WD","SE"
11,30,102,"WD","SE"
248,1,102,"WD","SE"
48,4,102,"WD","SE"
449,1,102,"WD","SE"
544,3,102,"WD","SE"
12,9,102,"WD","SE"
78,9,102,"WD","SE"
82,3,102,"WD","SE"
40,6,102,"WD","SE"
465,1,102,"WD","SE"
190,1,102,"WD","SE"
524,1,102,"WD","SE"
519,4,102,"WD","SE"
103,1,102,"WD","SE"
247,1,103,"WD","SE"
301,1,103,"WD","SE"
508,23,103,"WD","SE"
158,2,103,"WD","SE"
463,1,103,"WD","SE"
386,1,103,"WD","SE"
410,2,103,"WD","SE"
341,2,103,"WD","SE"
361,3,103,"WD","SE"
5,9,103,"WD","SE"
363,1,103,"WD","SE"
467,4,103,"WD","SE"
416,1,103,"WD","SE"
186,1,103,"WD","SE"
12,9,103,"WD","SE"
285,1,103,"WD","SE"
222,1,103,"WD","SE"
190,1,103,"WD","SE"
51,3,103,"WD","SE"
365,1,103,"WD","SE"
259,3,103,"WD","SE"
38,5,103,"WD","SE"
352,2,103,"WD","SE"
440,1,103,"WD","SE"
103,1,103,"WD","SE"
430,4,104,"WD","SE"
468,1,104,"WD","SE"
186,1,104,"WD","SE"
67,9,104,"WD","SE"
449,1,104,"WD","SE"
461,1,104,"WD","SE"
524,1,104,"WD","SE"
304,1,104,"WD","SE"
184,1,104,"WD","SE"
483,3,104,"WD","SE"
93,3,104,"WD","SE"
438,4,104,"WD","SE"
6,4,104,"WD","SE"
463,1,104,"WD","SE"
519,4,104,"WD","SE"
377,2,104,"WD","SE"
440,1,104,"WD","SE"
508,23,104,"WD","SE"
14,16,104,"WD","SE"
123,2,104,"WD","SE"
369,1,104,"WD","SE"
13,4,104,"WD","SE"
76,6,104,"WD","SE"
397,1,104,"WD","SE"
237,1,104,"WD","SE"
363,1,105,"WD","SE"
36,6,105,"WD","SE"
52,2,105,"WD","SE"
228,1,105,"WD","SE"
26,41,105,"WD","SE"
372,2,105,"WD","SE"
64,23,105,"WD","SE"
179,7,105,"WD","SE"
367,2,105,"WD","SE"
414,1,105,"WD","SE"
126,2,105,"WD","SE"
20,6,105,"WD","SE"
428,1,105,"WD","SE"
390,4,105,"WD","SE"
551,1,105,"WD","SE"
74,1,105,"WD","SE"
53,1,105,"WD","SE"
244,2,105,"WD","SE"
37,1,105,"WD","SE"
105,1,105,"WD","SE"
433,2,105,"WD","SE"
469,5,105,"WD","SE"
286,1,105,"WD","SE"
514,3,105,"WD","SE"
523,4,105,"WD","SE"
190,1,106,"WD","SE"
49,1,106,"WD","SE"
358,15,106,"WD","SE"
427,1,106,"WD","SE"
338,3,106,"WD","SE"
11,30,106,"WD","SE"
394,1,106,"WD","SE"
401,1,106,"WD","SE"
45,7,106,"WD","SE"
138,3,106,"WD","SE"
344,1,106,"WD","SE"
12,9,106,"WD","SE"
184,1,106,"WD","SE"
447,3,106,"WD","SE"
33,12,106,"WD","SE"
93,3,106,"WD","SE"
469,5,106,"WD","SE"
356,1,106,"WD","SE"
44,35,106,"WD","SE"
426,2,106,"WD","SE"
466,1,106,"WD","SE"
375,1,106,"WD","SE"
390,4,106,"WD","SE"
4,9,106,"WD","SE"
118,1,106,"WD","SE"
140,1,107,"WD","SE"
486,3,107,"WD","SE"
503,22,107,"WD","SE"
23,7,107,"WD","SE"
170,1,107,"WD","SE"
394,1,107,"WD","SE"
428,1,107,"WD","SE"
4,9,107,"WD","SE"
36,6,107,"WD","SE"
326,1,107,"WD","SE"
193,1,107,"WD","SE"
517,3,107,"WD","SE"
203,1,107,"WD","SE"
138,3,107,"WD","SE"
215,1,107,"WD","SE"
214,1,107,"WD","SE"
190,1,107,"WD","SE"
179,7,107,"WD","SE"
20,6,107,"WD","SE"
50,4,107,"WD","SE"
143,1,107,"WD","SE"
28,22,107,"WD","SE"
440,1,107,"WD","SE"
80,10,107,"WD","SE"
279,1,107,"WD","SE"
64,23,108,"WD","SE"
4,9,108,"WD","SE"
447,3,108,"WD","SE"
237,1,108,"WD","SE"
544,3,108,"WD","SE"
503,22,108,"WD","SE"
367,2,108,"WD","SE"
5,9,108,"WD","SE"
203,1,108,"WD","SE"
67,9,108,"WD","SE"
1,3,108,"WD","SE"
376,2,108,"WD","SE"
279,1,108,"WD","SE"
49,1,108,"WD","SE"
482,3,108,"WD","SE"
372,2,108,"WD","SE"
548,1,108,"WD","SE"
71,1,108,"WD","SE"
322,1,108,"WD","SE"
209,1,108,"WD","SE"
170,1,108,"WD","SE"
244,2,108,"WD","SE"
303,2,108,"WD","SE"
12,9,108,"WD","SE"
422,3,108,"WD","SE"
250,1,109,"WD","SE"
255,1,109,"WD","SE"
77,18,109,"WD","SE"
438,4,109,"WD","SE"
91,8,109,"WD","SE"
278,1,109,"WD","SE"
471,2,109,"WD","SE"
173,1,109,"WD","SE"
349,1,109,"WD","SE"
142,1,109,"WD","SE"
264,1,109,"WD","SE"
350,1,109,"WD","SE"
439,2,109,"WD","SE"
304,1,109,"WD","SE"
214,1,109,"WD","SE"
420,1,109,"WD","SE"
76,6,109,"WD","SE"
244,2,109,"WD","SE"
416,1,109,"WD","SE"
44,35,109,"WD","SE"
367,2,109,"WD","SE"
247,1,109,"WD","SE"
285,1,109,"WD","SE"
202,1,109,"WD","SE"
232,3,109,"WD","SE"
426,2,110,"WD","SE"
546,1,110,"WD","SE"
47,10,110,"WD","SE"
16,6,110,"WD","SE"
466,1,110,"WD","SE"
41,1,110,"WD","SE"
463,1,110,"WD","SE"
540,3,110,"WD","SE"
471,2,110,"WD","SE"
278,1,110,"WD","SE"
318,2,110,"WD","SE"
19,8,110,"WD","SE"
427,1,110,"WD","SE"
44,35,110,"WD","SE"
361,3,110,"WD","SE"
90,3,110,"WD","SE"
304,1,110,"WD","SE"
363,1,110,"WD","SE"
142,1,110,"WD","SE"
84,1,110,"WD","SE"
369,1,110,"WD","SE"
248,1,110,"WD","SE"
404,1,110,"WD","SE"
17,5,110,"WD","SE"
368,1,110,"WD","SE"
435,2,111,"WD","SE"
49,1,111,"WD","SE"
367,2,111,"WD","SE"
397,1,111,"WD","SE"
80,10,111,"WD","SE"
58,2,111,"WD","SE"
48,4,111,"WD","SE"
544,3,111,"WD","SE"
313,1,111,"WD","SE"
53,1,111,"WD","SE"
190,1,111,"WD","SE"
123,2,111,"WD","SE"
420,1,111,"WD","SE"
6,4,111,"WD","SE"
375,1,111,"WD","SE"
179,7,111,"WD","SE"
126,2,111,"WD","SE"
380,3,111,"WD","SE"
105,1,111,"WD","SE"
82,3,111,"WD","SE"
348,2,111,"WD","SE"
23,7,111,"WD","SE"
390,4,111,"WD","SE"
38,5,111,"WD","SE"
338,3,111,"WD","SE"
223,1,112,"WD","SE"
58,2,112,"WD","SE"
467,4,112,"WD","SE"
545,2,112,"WD","SE"
13,4,112,"WD","SE"
28,22,112,"WD","SE"
459,2,112,"WD","SE"
377,2,112,"WD","SE"
417,1,112,"WD","SE"
357,1,112,"WD","SE"
544,3,112,"WD","SE"
394,1,112,"WD","SE"
426,2,112,"WD","SE"
317,2,112,"WD","SE"
80,10,112,"WD","SE"
346,1,112,"WD","SE"
5,9,112,"WD","SE"
48,4,112,"WD","SE"
41,1,112,"WD","SE"
504,35,112,"WD","SE"
61,37,112,"WD","SE"
90,3,112,"WD","SE"
214,1,112,"WD","SE"
358,15,112,"WD","SE"
38,5,112,"WD","SE"
77,18,113,"WD","SE"
17,5,113,"WD","SE"
455,2,113,"WD","SE"
357,1,113,"WD","SE"
544,3,113,"WD","SE"
38,5,113,"WD","SE"
514,3,113,"WD","SE"
378,1,113,"WD","SE"
278,1,113,"WD","SE"
86,2,113,"WD","SE"
545,2,113,"WD","SE"
80,10,113,"WD","SE"
92,1,113,"WD","SE"
61,37,113,"WD","SE"
458,1,113,"WD","SE"
372,2,113,"WD","SE"
198,1,113,"WD","SE"
166,1,113,"WD","SE"
365,1,113,"WD","SE"
90,3,113,"WD","SE"
250,1,113,"WD","SE"
424,1,113,"WD","SE"
356,1,113,"WD","SE"
461,1,113,"WD","SE"
303,2,113,"WD","SE"
187,1,114,"WD","SE"
44,35,114,"WD","SE"
118,1,114,"WD","SE"
338,3,114,"WD","SE"
36,6,114,"WD","SE"
416,1,114,"WD","SE"
190,1,114,"WD","SE"
435,2,114,"WD","SE"
346,1,114,"WD","SE"
414,1,114,"WD","SE"
426,2,114,"WD","SE"
264,1,114,"WD","SE"
378,1,114,"WD","SE"
84,1,114,"WD","SE"
439,2,114,"WD","SE"
504,35,114,"WD","SE"
545,2,114,"WD","SE"
458,1,114,"WD","SE"
259,3,114,"WD","SE"
255,1,114,"WD","SE"
308,1,114,"WD","SE"
279,1,114,"WD","SE"
376,2,114,"WD","SE"
375,1,114,"WD","SE"
23,7,114,"WD","SE"
40,6,115,"WD","SE"
1,3,115,"WD","SE"
304,1,115,"WD","SE"
9,1,115,"WD","SE"
380,3,115,"WD","SE"
465,1,115,"WD","SE"
516,3,115,"WD","SE"
500,25,115,"WD","SE"
16,6,115,"WD","SE"
209,1,115,"WD","SE"
411,1,115,"WD","SE"
86,2,115,"WD","SE"
318,2,115,"WD","SE"
28,22,115,"WD","SE"
410,2,115,"WD","SE"
278,1,115,"WD","SE"
504,35,115,"WD","SE"
232,3,115,"WD","SE"
544,3,115,"WD","SE"
496,26,115,"WD","SE"
441,2,115,"WD","SE"
376,2,115,"WD","SE"
350,1,115,"WD","SE"
390,4,115,"WD","SE"
460,1,115,"WD","SE"
517,3,116,"WD","SE"
547,1,116,"WD","SE"
244,2,116,"WD","SE"
215,1,116,"WD","SE"
513,4,116,"WD","SE"
33,12,116,"WD","SE"
57,9,116,"WD","SE"
67,9,116,"WD","SE"
361,3,116,"WD","SE"
374,2,116,"WD","SE"
466,1,116,"WD","SE"
303,2,116,"WD","SE"
356,1,116,"WD","SE"
433,2,116,"WD","SE"
173,1,116,"WD","SE"
58,2,116,"WD","SE"
322,1,116,"WD","SE"
196,2,116,"WD","SE"
460,1,116,"WD","SE"
523,4,116,"WD","SE"
357,1,116,"WD","SE"
203,1,116,"WD","SE"
473,1,116,"WD","SE"
419,1,116,"WD","SE"
138,3,116,"WD","SE"
411,1,117,"WD","SE"
401,1,117,"WD","SE"
439,2,117,"WD","SE"
80,10,117,"WD","SE"
322,1,117,"WD","SE"
187,1,117,"WD","SE"
20,6,117,"WD","SE"
469,5,117,"WD","SE"
142,1,117,"WD","SE"
447,3,117,"WD","SE"
91,8,117,"WD","SE"
61,37,117,"WD","SE"
341,2,117,"WD","SE"
249,2,117,"WD","SE"
44,35,117,"WD","SE"
354,1,117,"WD","SE"
244,2,117,"WD","SE"
350,1,117,"WD","SE"
466,1,117,"WD","SE"
419,1,117,"WD","SE"
433,2,117,"WD","SE"
363,1,117,"WD","SE"
352,2,117,"WD","SE"
498,27,117,"WD","SE"
209,1,117,"WD","SE"
187,1,118,"WD","SE"
123,2,118,"WD","SE"
508,23,118,"WD","SE"
458,1,118,"WD","SE"
17,5,118,"WD","SE"
386,1,118,"WD","SE"
369,1,118,"WD","SE"
357,1,118,"WD","SE"
390,4,118,"WD","SE"
7,24,118,"WD","SE"
449,1,118,"WD","SE"
524,1,118,"WD","SE"
483,3,118,"WD","SE"
455,2,118,"WD","SE"
142,1,118,"WD","SE"
47,10,118,"WD","SE"
377,2,118,"WD","SE"
368,1,118,"WD","SE"
166,1,118,"WD","SE"
344,1,118,"WD","SE"
203,1,118,"WD","SE"
496,26,118,"WD","SE"
317,2,118,"WD","SE"
354,1,118,"WD","SE"
525,5,118,"WD","SE"
365,1,119,"WD","SE"
74,1,119,"WD","SE"
14,16,119,"WD","SE"
428,1,119,"WD","SE"
32,9,119,"WD","SE"
285,1,119,"WD","SE"
544,3,119,"WD","SE"
295,4,119,"WD","SE"
16,6,119,"WD","SE"
41,1,119,"WD","SE"
394,1,119,"WD","SE"
417,1,119,"WD","SE"
279,1,119,"WD","SE"
71,1,119,"WD","SE"
326,1,119,"WD","SE"
469,5,119,"WD","SE"
525,5,119,"WD","SE"
465,1,119,"WD","SE"
357,1,119,"WD","SE"
425,3,119,"WD","SE"
463,1,119,"WD","SE"
228,1,119,"WD","SE"
499,28,119,"WD","SE"
483,3,119,"WD","SE"
249,2,119,"WD","SE"
186,1,120,"WD","SE"
381,2,120,"WD","SE"
390,4,120,"WD","SE"
23,7,120,"WD","SE"
158,2,120,"WD","SE"
449,1,120,"WD","SE"
545,2,120,"WD","SE"
215,1,120,"WD","SE"
126,2,120,"WD","SE"
482,3,120,"WD","SE"
517,3,120,"WD","SE"
4,9,120,"WD","SE"
279,1,120,"WD","SE"
389,2,120,"WD","SE"
354,1,120,"WD","SE"
36,6,120,"WD","SE"
455,2,120,"WD","SE"
358,15,120,"WD","SE"
317,2,120,"WD","SE"
303,2,120,"WD","SE"
377,2,120,"WD","SE"
131,1,120,"WD","SE"
440,1,120,"WD","SE"
510,18,120,"WD","SE"
93,3,120,"WD","SE"
322,1,121,"WD","SE"
179,7,121,"WD","SE"
76,6,121,"WD","SE"
513,4,121,"WD","SE"
426,2,121,"WD","SE"
237,1,121,"WD","SE"
385,1,121,"WD","SE"
118,1,121,"WD","SE"
317,2,121,"WD","SE"
472,1,121,"WD","SE"
209,1,121,"WD","SE"
222,1,121,"WD","SE"
285,1,121,"WD","SE"
33,12,121,"WD","SE"
61,37,121,"WD","SE"
441,2,121,"WD","SE"
72,8,121,"WD","SE"
517,3,121,"WD","SE"
508,23,121,"WD","SE"
524,1,121,"WD","SE"
196,2,121,"WD","SE"
352,2,121,"WD","SE"
341,2,121,"WD","SE"
48,4,121,"WD","SE"
255,1,121,"WD","SE"
7,24,122,"WD","SE"
361,3,122,"WD","SE"
318,2,122,"WD","SE"
228,1,122,"WD","SE"
222,1,122,"WD","SE"
404,1,122,"WD","SE"
548,1,122,"WD","SE"
40,6,122,"WD","SE"
458,1,122,"WD","SE"
508,23,122,"WD","SE"
440,1,122,"WD","SE"
264,1,122,"WD","SE"
187,1,122,"WD","SE"
471,2,122,"WD","SE"
286,1,122,"WD","SE"
422,3,122,"WD","SE"
468,1,122,"WD","SE"
503,22,122,"WD","SE"
186,1,122,"WD","SE"
524,1,122,"WD","SE"
545,2,122,"WD","SE"
374,2,122,"WD","SE"
223,1,122,"WD","SE"
50,4,122,"WD","SE"
534,3,122,"WD","SE"
131,1,123,"WD","SE"
16,6,123,"WD","SE"
458,1,123,"WD","SE"
410,2,123,"WD","SE"
317,2,123,"WD","SE"
341,2,123,"WD","SE"
389,2,123,"WD","SE"
45,7,123,"WD","SE"
468,1,123,"WD","SE"
43,1,123,"WD","SE"
228,1,123,"WD","SE"
76,6,123,"WD","SE"
447,3,123,"WD","SE"
7,24,123,"WD","SE"
513,4,123,"WD","SE"
435,2,123,"WD","SE"
86,2,123,"WD","SE"
500,25,123,"WD","SE"
170,1,123,"WD","SE"
534,3,123,"WD","SE"
377,2,123,"WD","SE"
249,2,123,"WD","SE"
466,1,123,"WD","SE"
378,1,123,"WD","SE"
128,1,123,"WD","SE"
252,1,124,"WD","SE"
72,8,124,"WD","SE"
404,1,124,"WD","SE"
295,4,124,"WD","SE"
51,3,124,"WD","SE"
128,1,124,"WD","SE"
141,1,124,"WD","SE"
414,1,124,"WD","SE"
419,1,124,"WD","SE"
14,16,124,"WD","SE"
496,26,124,"WD","SE"
504,35,124,"WD","SE"
352,2,124,"WD","SE"
344,1,124,"WD","SE"
498,27,124,"WD","SE"
463,1,124,"WD","SE"
118,1,124,"WD","SE"
499,28,124,"WD","SE"
411,1,124,"WD","SE"
186,1,124,"WD","SE"
473,1,124,"WD","SE"
318,2,124,"WD","SE"
361,3,124,"WD","SE"
508,23,124,"WD","SE"
49,1,124,"WD","SE"
514,3,125,"WD","SE"
302,1,125,"WD","SE"
525,5,125,"WD","SE"
445,10,125,"WD","SE"
74,1,125,"WD","SE"
383,1,125,"WD","SE"
389,2,125,"WD","SE"
140,1,125,"WD","SE"
427,1,125,"WD","SE"
4,9,125,"WD","SE"
356,1,125,"WD","SE"
276,4,125,"WD","SE"
471,2,125,"WD","SE"
385,1,125,"WD","SE"
26,41,125,"WD","SE"
540,3,125,"WD","SE"
61,37,125,"WD","SE"
144,1,125,"WD","SE"
467,4,125,"WD","SE"
504,35,125,"WD","SE"
343,6,125,"WD","SE"
138,3,125,"WD","SE"
449,1,125,"WD","SE"
37,1,125,"WD","SE"
11,30,125,"WD","SE"
422,3,126,"WD","SE"
385,1,126,"WD","SE"
376,2,126,"WD","SE"
17,5,126,"WD","SE"
61,37,126,"WD","SE"
45,7,126,"WD","SE"
43,1,126,"WD","SE"
9,1,126,"WD","SE"
389,2,126,"WD","SE"
82,3,126,"WD","SE"
534,3,126,"WD","SE"
397,1,126,"WD","SE"
232,3,126,"WD","SE"
166,1,126,"WD","SE"
187,1,126,"WD","SE"
12,9,126,"WD","SE"
184,1,126,"WD","SE"
295,4,126,"WD","SE"
473,1,126,"WD","SE"
173,1,126,"WD","SE"
525,5,126,"WD","SE"
398,1,126,"WD","SE"
441,2,126,"WD","SE"
472,1,126,"WD","SE"
40,6,126,"WD","SE"
500,25,127,"WD","SE"
295,4,127,"WD","SE"
470,5,127,"WD","SE"
7,24,127,"WD","SE"
338,3,127,"WD","SE"
458,1,127,"WD","SE"
401,1,127,"WD","SE"
12,9,127,"WD","SE"
132,1,127,"WD","SE"
302,1,127,"WD","SE"
419,1,127,"WD","SE"
519,4,127,"WD","SE"
223,1,127,"WD","SE"
415,1,127,"WD","SE"
40,6,127,"WD","SE"
551,1,127,"WD","SE"
352,2,127,"WD","SE"
93,3,127,"WD","SE"
503,22,127,"WD","SE"
138,3,127,"WD","SE"
5,9,127,"WD","SE"
348,2,127,"WD","SE"
460,1,127,"WD","SE"
78,9,127,"WD","SE"
469,5,127,"WD","SE"
516,3,128,"WD","SE"
343,6,128,"WD","SE"
326,1,128,"WD","SE"
545,2,128,"WD","SE"
198,1,128,"WD","SE"
144,1,128,"WD","SE"
17,5,128,"WD","SE"
282,1,128,"WD","SE"
205,2,128,"WD","SE"
23,7,128,"WD","SE"
417,1,128,"WD","SE"
370,1,128,"WD","SE"
26,41,128,"WD","SE"
264,1,128,"WD","SE"
6,4,128,"WD","SE"
361,3,128,"WD","SE"
51,3,128,"WD","SE"
440,1,128,"WD","SE"
470,5,128,"WD","SE"
501,24,128,"WD","SE"
397,1,128,"WD","SE"
20,6,128,"WD","SE"
503,22,128,"WD","SE"
158,2,128,"WD","SE"
86,2,128,"WD","SE"
142,1,129,"WD","SE"
303,2,129,"WD","SE"
203,1,129,"WD","SE"
164,4,129,"WD","SE"
368,1,129,"WD","SE"
348,2,129,"WD","SE"
285,1,129,"WD","SE"
544,3,129,"WD","SE"
338,3,129,"WD","SE"
249,2,129,"WD","SE"
92,1,129,"WD","SE"
346,1,129,"WD","SE"
317,2,129,"WD","SE"
9,1,129,"WD","SE"
144,1,129,"WD","SE"
13,4,129,"WD","SE"
352,2,129,"WD","SE"
357,1,129,"WD","SE"
49,1,129,"WD","SE"
507,11,129,"WD","SE"
279,1,129,"WD","SE"
427,1,129,"WD","SE"
394,1,129,"WD","SE"
447,3,129,"WD","SE"
301,1,129,"WD","SE"
44,35,130,"WD","SE"
59,5,130,"WD","SE"
141,1,130,"WD","SE"
435,2,130,"WD","SE"
463,1,130,"WD","SE"
354,1,130,"WD","SE"
394,1,130,"WD","SE"
385,1,130,"WD","SE"
517,3,130,"WD","SE"
158,2,130,"WD","SE"
252,1,130,"WD","SE"
67,9,130,"WD","SE"
499,28,130,"WD","SE"
250,1,130,"WD","SE"
131,1,130,"WD","SE"
548,1,130,"WD","SE"
173,1,130,"WD","SE"
437,1,130,"WD","SE"
524,1,130,"WD","SE"
248,1,130,"WD","SE"
193,1,130,"WD","SE"
43,1,130,"WD","SE"
61,37,130,"WD","SE"
140,1,130,"WD","SE"
420,1,130,"WD","SE"
29,2,131,"WD","SE"
196,2,131,"WD","SE"
103,1,131,"WD","SE"
414,1,131,"WD","SE"
158,2,131,"WD","SE"
544,3,131,"WD","SE"
416,1,131,"WD","SE"
13,4,131,"WD","SE"
295,4,131,"WD","SE"
198,1,131,"WD","SE"
209,1,131,"WD","SE"
338,3,131,"WD","SE"
341,2,131,"WD","SE"
457,1,131,"WD","SE"
435,2,131,"WD","SE"
349,1,131,"WD","SE"
317,2,131,"WD","SE"
430,4,131,"WD","SE"
547,1,131,"WD","SE"
264,1,131,"WD","SE"
308,1,131,"WD","SE"
369,1,131,"WD","SE"
500,25,131,"WD","SE"
214,1,131,"WD","SE"
49,1,131,"WD","SE"
318,2,132,"WD","SE"
166,1,132,"WD","SE"
375,1,132,"WD","SE"
348,2,132,"WD","SE"
368,1,132,"WD","SE"
427,1,132,"WD","SE"
445,10,132,"WD","SE"
255,1,132,"WD","SE"
425,3,132,"WD","SE"
80,10,132,"WD","SE"
215,1,132,"WD","SE"
71,1,132,"WD","SE"
82,3,132,"WD","SE"
13,4,132,"WD","SE"
223,1,132,"WD","SE"
51,3,132,"WD","SE"
44,35,132,"WD","SE"
252,1,132,"WD","SE"
248,1,132,"WD","SE"
9,1,132,"WD","SE"
196,2,132,"WD","SE"
38,5,132,"WD","SE"
285,1,132,"WD","SE"
11,30,132,"WD","SE"
193,1,132,"WD","SE"
26,41,133,"WD","SE"
437,1,133,"WD","SE"
295,4,133,"WD","SE"
9,1,133,"WD","SE"
6,4,133,"WD","SE"
374,2,133,"WD","SE"
326,1,133,"WD","SE"
67,9,133,"WD","SE"
264,1,133,"WD","SE"
14,16,133,"WD","SE"
143,1,133,"WD","SE"
44,35,133,"WD","SE"
78,9,133,"WD","SE"
259,3,133,"WD","SE"
435,2,133,"WD","SE"
466,1,133,"WD","SE"
37,1,133,"WD","SE"
173,1,133,"WD","SE"
126,2,133,"WD","SE"
170,1,133,"WD","SE"
486,3,133,"WD","SE"
540,3,133,"WD","SE"
301,1,133,"WD","SE"
186,1,133,"WD","SE"
184,1,133,"WD","SE"
519,4,134,"WD","SE"
504,35,134,"WD","SE"
84,1,134,"WD","SE"
17,5,134,"WD","SE"
499,28,134,"WD","SE"
33,12,134,"WD","SE"
58,2,134,"WD","SE"
51,3,134,"WD","SE"
57,9,134,"WD","SE"
67,9,134,"WD","SE"
354,1,134,"WD","SE"
546,1,134,"WD","SE"
540,3,134,"WD","SE"
317,2,134,"WD","SE"
5,9,134,"WD","SE"
244,2,134,"WD","SE"
386,1,134,"WD","SE"
11,30,134,"WD","SE"
36,6,134,"WD","SE"
502,18,134,"WD","SE"
170,1,134,"WD","SE"
440,1,134,"WD","SE"
510,18,134,"WD","SE"
249,2,134,"WD","SE"
126,2,134,"WD","SE"
144,1,135,"WD","SE"
498,27,135,"WD","SE"
209,1,135,"WD","SE"
437,1,135,"WD","SE"
466,1,135,"WD","SE"
523,4,135,"WD","SE"
473,1,135,"WD","SE"
496,26,135,"WD","SE"
461,1,135,"WD","SE"
390,4,135,"WD","SE"
190,1,135,"WD","SE"
507,11,135,"WD","SE"
13,4,135,"WD","SE"
128,1,135,"WD","SE"
205,2,135,"WD","SE"
545,2,135,"WD","SE"
40,6,135,"WD","SE"
410,2,135,"WD","SE"
202,1,135,"WD","SE"
61,37,135,"WD","SE"
414,1,135,"WD","SE"
500,25,135,"WD","SE"
427,1,135,"WD","SE"
23,7,135,"WD","SE"
50,4,135,"WD","SE"
48,4,136,"WD","SE"
244,2,136,"WD","SE"
37,1,136,"WD","SE"
433,2,136,"WD","SE"
401,1,136,"WD","SE"
361,3,136,"WD","SE"
6,4,136,"WD","SE"
469,5,136,"WD","SE"
7,24,136,"WD","SE"
279,1,136,"WD","SE"
49,1,136,"WD","SE"
482,3,136,"WD","SE"
383,1,136,"WD","SE"
326,1,136,"WD","SE"
140,1,136,"WD","SE"
158,2,136,"WD","SE"
422,3,136,"WD","SE"
132,1,136,"WD","SE"
209,1,136,"WD","SE"
367,2,136,"WD","SE"
318,2,136,"WD","SE"
435,2,136,"WD","SE"
13,4,136,"WD","SE"
144,1,136,"WD","SE"
459,2,136,"WD","SE"
279,1,137,"WD","SE"
425,3,137,"WD","SE"
457,1,137,"WD","SE"
138,3,137,"WD","SE"
519,4,137,"WD","SE"
410,2,137,"WD","SE"
183,2,137,"WD","SE"
126,2,137,"WD","SE"
91,8,137,"WD","SE"
350,1,137,"WD","SE"
523,4,137,"WD","SE"
248,1,137,"WD","SE"
118,1,137,"WD","SE"
198,1,137,"WD","SE"
525,5,137,"WD","SE"
16,6,137,"WD","SE"
545,2,137,"WD","SE"
187,1,137,"WD","SE"
433,2,137,"WD","SE"
507,11,137,"WD","SE"
308,1,137,"WD","SE"
472,1,137,"WD","SE"
346,1,137,"WD","SE"
397,1,137,"WD","SE"
389,2,137,"WD","SE"
544,3,138,"WD","SE"
516,3,138,"WD","SE"
7,24,138,"WD","SE"
445,10,138,"WD","SE"
23,7,138,"WD","SE"
425,3,138,"WD","SE"
44,35,138,"WD","SE"
286,1,138,"WD","SE"
546,1,138,"WD","SE"
352,2,138,"WD","SE"
29,2,138,"WD","SE"
322,1,138,"WD","SE"
126,2,138,"WD","SE"
143,1,138,"WD","SE"
416,1,138,"WD","SE"
420,1,138,"WD","SE"
11,30,138,"WD","SE"
514,3,138,"WD","SE"
103,1,138,"WD","SE"
496,26,138,"WD","SE"
415,1,138,"WD","SE"
471,2,138,"WD","SE"
498,27,138,"WD","SE"
41,1,138,"WD","SE"
504,35,138,"WD","SE"
363,1,139,"WD","SE"
37,1,139,"WD","SE"
132,1,139,"WD","SE"
398,1,139,"WD","SE"
43,1,139,"WD","SE"
264,1,139,"WD","SE"
77,18,139,"WD","SE"
52,2,139,"WD","SE"
499,28,139,"WD","SE"
472,1,139,"WD","SE"
250,1,139,"WD","SE"
369,1,139,"WD","SE"
437,1,139,"WD","SE"
276,4,139,"WD","SE"
40,6,139,"WD","SE"
214,1,139,"WD","SE"
50,4,139,"WD","SE"
430,4,139,"WD","SE"
248,1,139,"WD","SE"
433,2,139,"WD","SE"
252,1,139,"WD","SE"
184,1,139,"WD","SE"
198,1,139,"WD","SE"
439,2,139,"WD","SE"
435,2,139,"WD","SE"
322,1,140,"WD","SE"
11,30,140,"WD","SE"
358,15,140,"WD","SE"
502,18,140,"WD","SE"
348,2,140,"WD","SE"
461,1,140,"WD","SE"
247,1,140,"WD","SE"
278,1,140,"WD","SE"
449,1,140,"WD","SE"
318,2,140,"WD","SE"
430,4,140,"WD","SE"
64,23,140,"WD","SE"
516,3,140,"WD","SE"
141,1,140,"WD","SE"
308,1,140,"WD","SE"
501,24,140,"WD","SE"
471,2,140,"WD","SE"
441,2,140,"WD","SE"
472,1,140,"WD","SE"
93,3,140,"WD","SE"
369,1,140,"WD","SE"
43,1,140,"WD","SE"
346,1,140,"WD","SE"
244,2,140,"WD","SE"
470,5,140,"WD","SE"
93,3,141,"WD","SE"
524,1,141,"WD","SE"
118,1,141,"WD","SE"
1,3,141,"WD","SE"
279,1,141,"WD","SE"
504,35,141,"WD","SE"
449,1,141,"WD","SE"
131,1,141,"WD","SE"
259,3,141,"WD","SE"
90,3,141,"WD","SE"
350,1,141,"WD","SE"
61,37,141,"WD","SE"
410,2,141,"WD","SE"
546,1,141,"WD","SE"
483,3,141,"WD","SE"
86,2,141,"WD","SE"
9,1,141,"WD","SE"
29,2,141,"WD","SE"
301,1,141,"WD","SE"
516,3,141,"WD","SE"
420,1,141,"WD","SE"
84,1,141,"WD","SE"
534,3,141,"WD","SE"
369,1,141,"WD","SE"
358,15,141,"WD","SE"
361,3,142,"WD","SE"
14,16,142,"WD","SE"
72,8,142,"WD","SE"
427,1,142,"WD","SE"
80,10,142,"WD","SE"
215,1,142,"WD","SE"
349,1,142,"WD","SE"
383,1,142,"WD","SE"
5,9,142,"WD","SE"
186,1,142,"WD","SE"
16,6,142,"WD","SE"
343,6,142,"WD","SE"
482,3,142,"WD","SE"
461,1,142,"WD","SE"
419,1,142,"WD","SE"
467,4,142,"WD","SE"
123,2,142,"WD","SE"
29,2,142,"WD","SE"
486,3,142,"WD","SE"
513,4,142,"WD","SE"
421,5,142,"WD","SE"
540,3,142,"WD","SE"
193,1,142,"WD","SE"
372,2,142,"WD","SE"
341,2,142,"WD","SE"
372,2,143,"WD","SE"
184,1,143,"WD","SE"
466,1,143,"WD","SE"
61,37,143,"WD","SE"
140,1,143,"WD","SE"
244,2,143,"WD","SE"
313,1,143,"WD","SE"
72,8,143,"WD","SE"
356,1,143,"WD","SE"
367,2,143,"WD","SE"
380,3,143,"WD","SE"
48,4,143,"WD","SE"
348,2,143,"WD","SE"
523,4,143,"WD","SE"
425,3,143,"WD","SE"
173,1,143,"WD","SE"
386,1,143,"WD","SE"
404,1,143,"WD","SE"
507,11,143,"WD","SE"
525,5,143,"WD","SE"
32,9,143,"WD","SE"
205,2,143,"WD","SE"
500,25,143,"WD","SE"
503,22,143,"WD","SE"
41,1,143,"WD","SE"
504,35,144,"WD","SE"
93,3,144,"WD","SE"
138,3,144,"WD","SE"
370,1,144,"WD","SE"
36,6,144,"WD","SE"
198,1,144,"WD","SE"
43,1,144,"WD","SE"
84,1,144,"WD","SE"
92,1,144,"WD","SE"
71,1,144,"WD","SE"
440,1,144,"WD","SE"
500,25,144,"WD","SE"
142,1,144,"WD","SE"
404,1,144,"WD","SE"
461,1,144,"WD","SE"
244,2,144,"WD","SE"
441,2,144,"WD","SE"
173,1,144,"WD","SE"
349,1,144,"WD","SE"
352,2,144,"WD","SE"
179,7,144,"WD","SE"
16,6,144,"WD","SE"
286,1,144,"WD","SE"
465,1,144,"WD","SE"
20,6,144,"WD","SE"
346,1,145,"WD","SE"
138,3,145,"WD","SE"
439,2,145,"WD","SE"
14,16,145,"WD","SE"
140,1,145,"WD","SE"
473,1,145,"WD","SE"
433,2,145,"WD","SE"
389,2,145,"WD","SE"
338,3,145,"WD","SE"
184,1,145,"WD","SE"
404,1,145,"WD","SE"
394,1,145,"WD","SE"
326,1,145,"WD","SE"
91,8,145,"WD","SE"
428,1,145,"WD","SE"
244,2,145,"WD","SE"
357,1,145,"WD","SE"
187,1,145,"WD","SE"
186,1,145,"WD","SE"
414,1,145,"WD","SE"
502,18,145,"WD","SE"
370,1,145,"WD","SE"
179,7,145,"WD","SE"
45,7,145,"WD","SE"
361,3,145,"WD","SE"
367,2,146,"WD","SE"
29,2,146,"WD","SE"
354,1,146,"WD","SE"
57,9,146,"WD","SE"
551,1,146,"WD","SE"
202,1,146,"WD","SE"
33,12,146,"WD","SE"
365,1,146,"WD","SE"
317,2,146,"WD","SE"
61,37,146,"WD","SE"
41,1,146,"WD","SE"
358,15,146,"WD","SE"
303,2,146,"WD","SE"
482,3,146,"WD","SE"
427,1,146,"WD","SE"
507,11,146,"WD","SE"
259,3,146,"WD","SE"
86,2,146,"WD","SE"
467,4,146,"WD","SE"
36,6,146,"WD","SE"
472,1,146,"WD","SE"
426,2,146,"WD","SE"
430,4,146,"WD","SE"
59,5,146,"WD","SE"
78,9,146,"WD","SE"
411,1,147,"WD","SE"
51,3,147,"WD","SE"
285,1,147,"WD","SE"
433,2,147,"WD","SE"
140,1,147,"WD","SE"
214,1,147,"WD","SE"
551,1,147,"WD","SE"
183,2,147,"WD","SE"
205,2,147,"WD","SE"
326,1,147,"WD","SE"
504,35,147,"WD","SE"
419,1,147,"WD","SE"
377,2,147,"WD","SE"
143,1,147,"WD","SE"
430,4,147,"WD","SE"
501,24,147,"WD","SE"
313,1,147,"WD","SE"
82,3,147,"WD","SE"
237,1,147,"WD","SE"
449,1,147,"WD","SE"
23,7,147,"WD","SE"
259,3,147,"WD","SE"
468,1,147,"WD","SE"
190,1,147,"WD","SE"
72,8,147,"WD","SE"
447,3,148,"WD","SE"
59,5,148,"WD","SE"
6,4,148,"WD","SE"
52,2,148,"WD","SE"
376,2,148,"WD","SE"
244,2,148,"WD","SE"
322,1,148,"WD","SE"
58,2,148,"WD","SE"
105,1,148,"WD","SE"
187,1,148,"WD","SE"
546,1,148,"WD","SE"
190,1,148,"WD","SE"
14,16,148,"WD","SE"
32,9,148,"WD","SE"
198,1,148,"WD","SE"
183,2,148,"WD","SE"
41,1,148,"WD","SE"
502,18,148,"WD","SE"
486,3,148,"WD","SE"
427,1,148,"WD","SE"
534,3,148,"WD","SE"
356,1,148,"WD","SE"
357,1,148,"WD","SE"
278,1,148,"WD","SE"
249,2,148,"WD","SE"
37,1,149,"WD","SE"
389,2,149,"WD","SE"
255,1,149,"WD","SE"
4,9,149,"WD","SE"
250,1,149,"WD","SE"
404,1,149,"WD","SE"
430,4,149,"WD","SE"
372,2,149,"WD","SE"
286,1,149,"WD","SE"
519,4,149,"WD","SE"
343,6,149,"WD","SE"
61,37,149,"WD","SE"
128,1,149,"WD","SE"
285,1,149,"WD","SE"
173,1,149,"WD","SE"
222,1,149,"WD","SE"
278,1,149,"WD","SE"
41,1,149,"WD","SE"
516,3,149,"WD","SE"
16,6,149,"WD","SE"
472,1,149,"WD","SE"
264,1,149,"WD","SE"
425,3,149,"WD","SE"
19,8,149,"WD","SE"
504,35,149,"WD","SE"
76,6,150,"WD","SE"
57,9,150,"WD","SE"
166,1,150,"WD","SE"
164,4,150,"WD","SE"
357,1,150,"WD","SE"
318,2,150,"WD","SE"
317,2,150,"WD","SE"
214,1,150,"WD","SE"
90,3,150,"WD","SE"
372,2,150,"WD","SE"
419,1,150,"WD","SE"
52,2,150,"WD","SE"
302,1,150,"WD","SE"
264,1,150,"WD","SE"
486,3,150,"WD","SE"
465,1,150,"WD","SE"
322,1,150,"WD","SE"
105,1,150,"WD","SE"
425,3,150,"WD","SE"
415,1,150,"WD","SE"
44,35,150,"WD","SE"
469,5,150,"WD","SE"
53,1,150,"WD","SE"
466,1,150,"WD","SE"
304,1,150,"WD","SE"
301,1,151,"WD","SE"
29,2,151,"WD","SE"
344,1,151,"WD","SE"
237,1,151,"WD","SE"
59,5,151,"WD","SE"
357,1,151,"WD","SE"
49,1,151,"WD","SE"
458,1,151,"WD","SE"
20,6,151,"WD","SE"
14,16,151,"WD","SE"
53,1,151,"WD","SE"
548,1,151,"WD","SE"
376,2,151,"WD","SE"
440,1,151,"WD","SE"
78,9,151,"WD","SE"
380,3,151,"WD","SE"
170,1,151,"WD","SE"
467,4,151,"WD","SE"
348,2,151,"WD","SE"
11,30,151,"WD","SE"
50,4,151,"WD","SE"
424,1,151,"WD","SE"
105,1,151,"WD","SE"
472,1,151,"WD","SE"
338,3,151,"WD","SE"
380,3,152,"WD","SE"
415,1,152,"WD","SE"
16,6,152,"WD","SE"
425,3,152,"WD","SE"
534,3,152,"WD","SE"
58,2,152,"WD","SE"
416,1,152,"WD","SE"
352,2,152,"WD","SE"
244,2,152,"WD","SE"
6,4,152,"WD","SE"
322,1,152,"WD","SE"
513,4,152,"WD","SE"
302,1,152,"WD","SE"
223,1,152,"WD","SE"
472,1,152,"WD","SE"
50,4,152,"WD","SE"
435,2,152,"WD","SE"
248,1,152,"WD","SE"
301,1,152,"WD","SE"
354,1,152,"WD","SE"
276,4,152,"WD","SE"
469,5,152,"WD","SE"
424,1,152,"WD","SE"
203,1,152,"WD","SE"
90,3,152,"WD","SE"
205,2,153,"WD","SE"
64,23,153,"WD","SE"
496,26,153,"WD","SE"
367,2,153,"WD","SE"
5,9,153,"WD","SE"
38,5,153,"WD","SE"
468,1,153,"WD","SE"
91,8,153,"WD","SE"
190,1,153,"WD","SE"
415,1,153,"WD","SE"
11,30,153,"WD","SE"
357,1,153,"WD","SE"
458,1,153,"WD","SE"
72,8,153,"WD","SE"
398,1,153,"WD","SE"
441,2,153,"WD","SE"
14,16,153,"WD","SE"
45,7,153,"WD","SE"
158,2,153,"WD","SE"
84,1,153,"WD","SE"
348,2,153,"WD","SE"
53,1,153,"WD","SE"
416,1,153,"WD","SE"
463,1,153,"WD","SE"
449,1,153,"WD","SE"
53,1,154,"WD","SE"
378,1,154,"WD","SE"
376,2,154,"WD","SE"
502,18,154,"WD","SE"
425,3,154,"WD","SE"
205,2,154,"WD","SE"
59,5,154,"WD","SE"
36,6,154,"WD","SE"
504,35,154,"WD","SE"
11,30,154,"WD","SE"
126,2,154,"WD","SE"
48,4,154,"WD","SE"
381,2,154,"WD","SE"
266,1,154,"WD","SE"
279,1,154,"WD","SE"
141,1,154,"WD","SE"
158,2,154,"WD","SE"
74,1,154,"WD","SE"
439,2,154,"WD","SE"
427,1,154,"WD","SE"
370,1,154,"WD","SE"
140,1,154,"WD","SE"
318,2,154,"WD","SE"
420,1,154,"WD","SE"
173,1,154,"WD","SE"
228,1,155,"WD","SE"
469,5,155,"WD","SE"
237,1,155,"WD","SE"
367,2,155,"WD","SE"
28,22,155,"WD","SE"
370,1,155,"WD","SE"
419,1,155,"WD","SE"
183,2,155,"WD","SE"
301,1,155,"WD","SE"
209,1,155,"WD","SE"
363,1,155,"WD","SE"
4,9,155,"WD","SE"
52,2,155,"WD","SE"
433,2,155,"WD","SE"
428,1,155,"WD","SE"
303,2,155,"WD","SE"
77,18,155,"WD","SE"
318,2,155,"WD","SE"
483,3,155,"WD","SE"
190,1,155,"WD","SE"
544,3,155,"WD","SE"
19,8,155,"WD","SE"
295,4,155,"WD","SE"
457,1,155,"WD","SE"
338,3,155,"WD","SE"
52,2,156,"WD","SE"
301,1,156,"WD","SE"
358,15,156,"WD","SE"
144,1,156,"WD","SE"
214,1,156,"WD","SE"
376,2,156,"WD","SE"
279,1,156,"WD","SE"
282,1,156,"WD","SE"
500,25,156,"WD","SE"
51,3,156,"WD","SE"
259,3,156,"WD","SE"
76,6,156,"WD","SE"
421,5,156,"WD","SE"
67,9,156,"WD","SE"
11,30,156,"WD","SE"
338,3,156,"WD","SE"
386,1,156,"WD","SE"
44,35,156,"WD","SE"
74,1,156,"WD","SE"
504,35,156,"WD","SE"
368,1,156,"WD","SE"
209,1,156,"WD","SE"
202,1,156,"WD","SE"
250,1,156,"WD","SE"
132,1,156,"WD","SE"
164,4,157,"WD","SE"
433,2,157,"WD","SE"
40,6,157,"WD","SE"
78,9,157,"WD","SE"
457,1,157,"WD","SE"
458,1,157,"WD","SE"
461,1,157,"WD","SE"
198,1,157,"WD","SE"
514,3,157,"WD","SE"
367,2,157,"WD","SE"
190,1,157,"WD","SE"
507,11,157,"WD","SE"
304,1,157,"WD","SE"
313,1,157,"WD","SE"
344,1,157,"WD","SE"
250,1,157,"WD","SE"
483,3,157,"WD","SE"
471,2,157,"WD","SE"
278,1,157,"WD","SE"
23,7,157,"WD","SE"
365,1,157,"WD","SE"
422,3,157,"WD","SE"
123,2,157,"WD","SE"
322,1,157,"WD","SE"
202,1,157,"WD","SE"
513,4,158,"WD","SE"
166,1,158,"WD","SE"
414,1,158,"WD","SE"
128,1,158,"WD","SE"
93,3,158,"WD","SE"
19,8,158,"WD","SE"
264,1,158,"WD","SE"
361,3,158,"WD","SE"
28,22,158,"WD","SE"
58,2,158,"WD","SE"
190,1,158,"WD","SE"
143,1,158,"WD","SE"
463,1,158,"WD","SE"
255,1,158,"WD","SE"
375,1,158,"WD","SE"
547,1,158,"WD","SE"
445,10,158,"WD","SE"
105,1,158,"WD","SE"
308,1,158,"WD","SE"
11,30,158,"WD","SE"
164,4,158,"WD","SE"
501,24,158,"WD","SE"
548,1,158,"WD","SE"
198,1,158,"WD","SE"
317,2,158,"WD","SE"
361,3,159,"WD","SE"
74,1,159,"WD","SE"
504,35,159,"WD","SE"
301,1,159,"WD","SE"
417,1,159,"WD","SE"
551,1,159,"WD","SE"
48,4,159,"WD","SE"
303,2,159,"WD","SE"
57,9,159,"WD","SE"
6,4,159,"WD","SE"
198,1,159,"WD","SE"
295,4,159,"WD","SE"
32,9,159,"WD","SE"
322,1,159,"WD","SE"
52,2,159,"WD","SE"
26,41,159,"WD","SE"
473,1,159,"WD","SE"
318,2,159,"WD","SE"
466,1,159,"WD","SE"
7,24,159,"WD","SE"
523,4,159,"WD","SE"
468,1,159,"WD","SE"
144,1,159,"WD","SE"
23,7,159,"WD","SE"
377,2,159,"WD","SE"
40,6,160,"WD","SE"
80,10,160,"WD","SE"
326,1,160,"WD","SE"
43,1,160,"WD","SE"
455,2,160,"WD","SE"
37,1,160,"WD","SE"
427,1,160,"WD","SE"
380,3,160,"WD","SE"
193,1,160,"WD","SE"
344,1,160,"WD","SE"
498,27,160,"WD","SE"
32,9,160,"WD","SE"
23,7,160,"WD","SE"
13,4,160,"WD","SE"
430,4,160,"WD","SE"
459,2,160,"WD","SE"
416,1,160,"WD","SE"
428,1,160,"WD","SE"
374,2,160,"WD","SE"
501,24,160,"WD","SE"
250,1,160,"WD","SE"
354,1,160,"WD","SE"
343,6,160,"WD","SE"
547,1,160,"WD","SE"
131,1,160,"WD","SE"
383,1,161,"WD","SE"
398,1,161,"WD","SE"
248,1,161,"WD","SE"
138,3,161,"WD","SE"
548,1,161,"WD","SE"
16,6,161,"WD","SE"
255,1,161,"WD","SE"
20,6,161,"WD","SE"
190,1,161,"WD","SE"
437,1,161,"WD","SE"
32,9,161,"WD","SE"
92,1,161,"WD","SE"
459,2,161,"WD","SE"
250,1,161,"WD","SE"
338,3,161,"WD","SE"
441,2,161,"WD","SE"
228,1,161,"WD","SE"
67,9,161,"WD","SE"
38,5,161,"WD","SE"
358,15,161,"WD","SE"
90,3,161,"WD","SE"
279,1,161,"WD","SE"
126,2,161,"WD","SE"
11,30,161,"WD","SE"
455,2,161,"WD","SE"
469,5,162,"WD","SE"
90,3,162,"WD","SE"
50,4,162,"WD","SE"
338,3,162,"WD","SE"
187,1,162,"WD","SE"
517,3,162,"WD","SE"
378,1,162,"WD","SE"
356,1,162,"WD","SE"
51,3,162,"WD","SE"
5,9,162,"WD","SE"
455,2,162,"WD","SE"
144,1,162,"WD","SE"
53,1,162,"WD","SE"
358,15,162,"WD","SE"
142,1,162,"WD","SE"
381,2,162,"WD","SE"
457,1,162,"WD","SE"
534,3,162,"WD","SE"
308,1,162,"WD","SE"
11,30,162,"WD","SE"
348,2,162,"WD","SE"
437,1,162,"WD","SE"
547,1,162,"WD","SE"
523,4,162,"WD","SE"
44,35,162,"WD","SE"
126,2,163,"WD","SE"
5,9,163,"WD","SE"
33,12,163,"WD","SE"
544,3,163,"WD","SE"
29,2,163,"WD","SE"
513,4,163,"WD","SE"
349,1,163,"WD","SE"
228,1,163,"WD","SE"
534,3,163,"WD","SE"
48,4,163,"WD","SE"
77,18,163,"WD","SE"
91,8,163,"WD","SE"
82,3,163,"WD","SE"
390,4,163,"WD","SE"
140,1,163,"WD","SE"
301,1,163,"WD","SE"
540,3,163,"WD","SE"
383,1,163,"WD","SE"
57,9,163,"WD","SE"
214,1,163,"WD","SE"
551,1,163,"WD","SE"
465,1,163,"WD","SE"
58,2,163,"WD","SE"
501,24,163,"WD","SE"
279,1,163,"WD","SE"
6,4,164,"WD","SE"
86,2,164,"WD","SE"
322,1,164,"WD","SE"
276,4,164,"WD","SE"
23,7,164,"WD","SE"
545,2,164,"WD","SE"
209,1,164,"WD","SE"
377,2,164,"WD","SE"
232,3,164,"WD","SE"
285,1,164,"WD","SE"
348,2,164,"WD","SE"
186,1,164,"WD","SE"
540,3,164,"WD","SE"
508,23,164,"WD","SE"
498,27,164,"WD","SE"
222,1,164,"WD","SE"
313,1,164,"WD","SE"
338,3,164,"WD","SE"
519,4,164,"WD","SE"
47,10,164,"WD","SE"
173,1,164,"WD","SE"
51,3,164,"WD","SE"
365,1,164,"WD","SE"
468,1,164,"WD","SE"
64,23,164,"WD","SE"
170,1,165,"WD","SE"
348,2,165,"WD","SE"
352,2,165,"WD","SE"
37,1,165,"WD","SE"
138,3,165,"WD","SE"
90,3,165,"WD","SE"
38,5,165,"WD","SE"
64,23,165,"WD","SE"
20,6,165,"WD","SE"
482,3,165,"WD","SE"
187,1,165,"WD","SE"
166,1,165,"WD","SE"
86,2,165,"WD","SE"
357,1,165,"WD","SE"
52,2,165,"WD","SE"
103,1,165,"WD","SE"
78,9,165,"WD","SE"
259,3,165,"WD","SE"
1,3,165,"WD","SE"
513,4,165,"WD","SE"
249,2,165,"WD","SE"
45,7,165,"WD","SE"
459,2,165,"WD","SE"
551,1,165,"WD","SE"
534,3,165,"WD","SE"
43,1,166,"WD","SE"
368,1,166,"WD","SE"
510,18,166,"WD","SE"
365,1,166,"WD","SE"
308,1,166,"WD","SE"
459,2,166,"WD","SE"
222,1,166,"WD","SE"
118,1,166,"WD","SE"
198,1,166,"WD","SE"
503,22,166,"WD","SE"
203,1,166,"WD","SE"
501,24,166,"WD","SE"
517,3,166,"WD","SE"
264,1,166,"WD","SE"
215,1,166,"WD","SE"
499,28,166,"WD","SE"
500,25,166,"WD","SE"
1,3,166,"WD","SE"
421,5,166,"WD","SE"
420,1,166,"WD","SE"
173,1,166,"WD","SE"
425,3,166,"WD","SE"
252,1,166,"WD","SE"
525,5,166,"WD","SE"
237,1,166,"WD","SE"
301,1,167,"WD","SE"
374,2,167,"WD","SE"
445,10,167,"WD","SE"
228,1,167,"WD","SE"
545,2,167,"WD","SE"
344,1,167,"WD","SE"
354,1,167,"WD","SE"
422,3,167,"WD","SE"
385,1,167,"WD","SE"
45,7,167,"WD","SE"
361,3,167,"WD","SE"
209,1,167,"WD","SE"
13,4,167,"WD","SE"
380,3,167,"WD","SE"
71,1,167,"WD","SE"
43,1,167,"WD","SE"
64,23,167,"WD","SE"
74,1,167,"WD","SE"
540,3,167,"WD","SE"
383,1,167,"WD","SE"
17,5,167,"WD","SE"
410,2,167,"WD","SE"
1,3,167,"WD","SE"
516,3,167,"WD","SE"
247,1,167,"WD","SE"
500,25,168,"WD","SE"
374,2,168,"WD","SE"
458,1,168,"WD","SE"
33,12,168,"WD","SE"
466,1,168,"WD","SE"
47,10,168,"WD","SE"
427,1,168,"WD","SE"
317,2,168,"WD","SE"
483,3,168,"WD","SE"
91,8,168,"WD","SE"
295,4,168,"WD","SE"
252,1,168,"WD","SE"
369,1,168,"WD","SE"
59,5,168,"WD","SE"
36,6,168,"WD","SE"
276,4,168,"WD","SE"
215,1,168,"WD","SE"
223,1,168,"WD","SE"
375,1,168,"WD","SE"
352,2,168,"WD","SE"
58,2,168,"WD","SE"
86,2,168,"WD","SE"
361,3,168,"WD","SE"
502,18,168,"WD","SE"
465,1,168,"WD","SE"
90,3,169,"WD","SE"
92,1,169,"WD","SE"
203,1,169,"WD","SE"
383,1,169,"WD","SE"
179,7,169,"WD","SE"
471,2,169,"WD","SE"
142,1,169,"WD","SE"
86,2,169,"WD","SE"
1,3,169,"WD","SE"
358,15,169,"WD","SE"
252,1,169,"WD","SE"
308,1,169,"WD","SE"
503,22,169,"WD","SE"
222,1,169,"WD","SE"
510,18,169,"WD","SE"
500,25,169,"WD","SE"
439,2,169,"WD","SE"
36,6,169,"WD","SE"
193,1,169,"WD","SE"
447,3,169,"WD","SE"
519,4,169,"WD","SE"
173,1,169,"WD","SE"
460,1,169,"WD","SE"
523,4,169,"WD","SE"
105,1,169,"WD","SE"
368,1,170,"WD","SE"
502,18,170,"WD","SE"
12,9,170,"WD","SE"
11,30,170,"WD","SE"
545,2,170,"WD","SE"
471,2,170,"WD","SE"
457,1,170,"WD","SE"
82,3,170,"WD","SE"
401,1,170,"WD","SE"
376,2,170,"WD","SE"
4,9,170,"WD","SE"
500,25,170,"WD","SE"
215,1,170,"WD","SE"
19,8,170,"WD","SE"
427,1,170,"WD","SE"
381,2,170,"WD","SE"
425,3,170,"WD","SE"
203,1,170,"WD","SE"
426,2,170,"WD","SE"
53,1,170,"WD","SE"
398,1,170,"WD","SE"
58,2,170,"WD","SE"
458,1,170,"WD","SE"
184,1,170,"WD","SE"
59,5,170,"WD","SE"
37,1,171,"WD","SE"
378,1,171,"WD","SE"
170,1,171,"WD","SE"
435,2,171,"WD","SE"
463,1,171,"WD","SE"
461,1,171,"WD","SE"
301,1,171,"WD","SE"
118,1,171,"WD","SE"
286,1,171,"WD","SE"
449,1,171,"WD","SE"
372,2,171,"WD","SE"
183,2,171,"WD","SE"
363,1,171,"WD","SE"
457,1,171,"WD","SE"
370,1,171,"WD","SE"
368,1,171,"WD","SE"
32,9,171,"WD","SE"
6,4,171,"WD","SE"
352,2,171,"WD","SE"
41,1,171,"WD","SE"
421,5,171,"WD","SE"
440,1,171,"WD","SE"
507,11,171,"WD","SE"
190,1,171,"WD","SE"
45,7,171,"WD","SE"
441,2,172,"WD","SE"
517,3,172,"WD","SE"
43,1,172,"WD","SE"
71,1,172,"WD","SE"
421,5,172,"WD","SE"
424,1,172,"WD","SE"
214,1,172,"WD","SE"
513,4,172,"WD","SE"
372,2,172,"WD","SE"
525,5,172,"WD","SE"
252,1,172,"WD","SE"
190,1,172,"WD","SE"
266,1,172,"WD","SE"
386,1,172,"WD","SE"
365,1,172,"WD","SE"
47,10,172,"WD","SE"
215,1,172,"WD","SE"
471,2,172,"WD","SE"
404,1,172,"WD","SE"
78,9,172,"WD","SE"
397,1,172,"WD","SE"
389,2,172,"WD","SE"
377,2,172,"WD","SE"
544,3,172,"WD","SE"
52,2,172,"WD","SE"
40,6,173,"WD","SE"
437,1,173,"WD","SE"
26,41,173,"WD","SE"
202,1,173,"WD","SE"
375,1,173,"WD","SE"
519,4,173,"WD","SE"
5,9,173,"WD","SE"
1,3,173,"WD","SE"
502,18,173,"WD","SE"
91,8,173,"WD","SE"
441,2,173,"WD","SE"
29,2,173,"WD","SE"
86,2,173,"WD","SE"
244,2,173,"WD","SE"
41,1,173,"WD","SE"
416,1,173,"WD","SE"
308,1,173,"WD","SE"
43,1,173,"WD","SE"
499,28,173,"WD","SE"
425,3,173,"WD","SE"
203,1,173,"WD","SE"
80,10,173,"WD","SE"
123,2,173,"WD","SE"
278,1,173,"WD","SE"
7,24,173,"WD","SE"
368,1,174,"WD","SE"
356,1,174,"WD","SE"
500,25,174,"WD","SE"
517,3,174,"WD","SE"
4,9,174,"WD","SE"
416,1,174,"WD","SE"
11,30,174,"WD","SE"
548,1,174,"WD","SE"
546,1,174,"WD","SE"
445,10,174,"WD","SE"
465,1,174,"WD","SE"
544,3,174,"WD","SE"
510,18,174,"WD","SE"
86,2,174,"WD","SE"
131,1,174,"WD","SE"
502,18,174,"WD","SE"
14,16,174,"WD","SE"
501,24,174,"WD","SE"
183,2,174,"WD","SE"
285,1,174,"WD","SE"
105,1,174,"WD","SE"
421,5,174,"WD","SE"
460,1,174,"WD","SE"
93,3,174,"WD","SE"
164,4,174,"WD","SE"
86,2,175,"WD","SE"
349,1,175,"WD","SE"
6,4,175,"WD","SE"
247,1,175,"WD","SE"
209,1,175,"WD","SE"
52,2,175,"WD","SE"
164,4,175,"WD","SE"
415,1,175,"WD","SE"
469,5,175,"WD","SE"
58,2,175,"WD","SE"
374,2,175,"WD","SE"
420,1,175,"WD","SE"
419,1,175,"WD","SE"
13,4,175,"WD","SE"
72,8,175,"WD","SE"
38,5,175,"WD","SE"
285,1,175,"WD","SE"
43,1,175,"WD","SE"
482,3,175,"WD","SE"
166,1,175,"WD","SE"
358,15,175,"WD","SE"
92,1,175,"WD","SE"
459,2,175,"WD","SE"
411,1,175,"WD","SE"
53,1,175,"WD","SE"
350,1,176,"WD","SE"
326,1,176,"WD","SE"
128,1,176,"WD","SE"
44,35,176,"WD","SE"
38,5,176,"WD","SE"
363,1,176,"WD","SE"
383,1,176,"WD","SE"
375,1,176,"WD","SE"
282,1,176,"WD","SE"
467,4,176,"WD","SE"
516,3,176,"WD","SE"
348,2,176,"WD","SE"
502,18,176,"WD","SE"
49,1,176,"WD","SE"
437,1,176,"WD","SE"
244,2,176,"WD","SE"
386,1,176,"WD","SE"
50,4,176,"WD","SE"
276,4,176,"WD","SE"
422,3,176,"WD","SE"
164,4,176,"WD","SE"
92,1,176,"WD","SE"
61,37,176,"WD","SE"
338,3,176,"WD","SE"
196,2,176,"WD","SE"
20,6,177,"WD","SE"
38,5,177,"WD","SE"
198,1,177,"WD","SE"
486,3,177,"WD","SE"
397,1,177,"WD","SE"
76,6,177,"WD","SE"
187,1,177,"WD","SE"
525,5,177,"WD","SE"
244,2,177,"WD","SE"
313,1,177,"WD","SE"
513,4,177,"WD","SE"
7,24,177,"WD","SE"
51,3,177,"WD","SE"
502,18,177,"WD","SE"
28,22,177,"WD","SE"
222,1,177,"WD","SE"
286,1,177,"WD","SE"
43,1,177,"WD","SE"
105,1,177,"WD","SE"
435,2,177,"WD","SE"
421,5,177,"WD","SE"
468,1,177,"WD","SE"
9,1,177,"WD","SE"
193,1,177,"WD","SE"
61,37,177,"WD","SE"
440,1,178,"WD","SE"
249,2,178,"WD","SE"
123,2,178,"WD","SE"
276,4,178,"WD","SE"
470,5,178,"WD","SE"
352,2,178,"WD","SE"
72,8,178,"WD","SE"
504,35,178,"WD","SE"
381,2,178,"WD","SE"
507,11,178,"WD","SE"
437,1,178,"WD","SE"
303,2,178,"WD","SE"
232,3,178,"WD","SE"
420,1,178,"WD","SE"
377,2,178,"WD","SE"
11,30,178,"WD","SE"
415,1,178,"WD","SE"
545,2,178,"WD","SE"
416,1,178,"WD","SE"
508,23,178,"WD","SE"
534,3,178,"WD","SE"
41,1,178,"WD","SE"
547,1,178,"WD","SE"
32,9,178,"WD","SE"
47,10,178,"WD","SE"
105,1,179,"WD","SE"
41,1,179,"WD","SE"
72,8,179,"WD","SE"
12,9,179,"WD","SE"
276,4,179,"WD","SE"
302,1,179,"WD","SE"
398,1,179,"WD","SE"
58,2,179,"WD","SE"
416,1,179,"WD","SE"
59,5,179,"WD","SE"
449,1,179,"WD","SE"
190,1,179,"WD","SE"
433,2,179,"WD","SE"
365,1,179,"WD","SE"
295,4,179,"WD","SE"
344,1,179,"WD","SE"
546,1,179,"WD","SE"
247,1,179,"WD","SE"
469,5,179,"WD","SE"
103,1,179,"WD","SE"
282,1,179,"WD","SE"
378,1,179,"WD","SE"
209,1,179,"WD","SE"
215,1,179,"WD","SE"
16,6,179,"WD","SE"
548,1,180,"WD","SE"
465,1,180,"WD","SE"
435,2,180,"WD","SE"
504,35,180,"WD","SE"
471,2,180,"WD","SE"
41,1,180,"WD","SE"
118,1,180,"WD","SE"
441,2,180,"WD","SE"
142,1,180,"WD","SE"
358,15,180,"WD","SE"
461,1,180,"WD","SE"
48,4,180,"WD","SE"
17,5,180,"WD","SE"
223,1,180,"WD","SE"
525,5,180,"WD","SE"
338,3,180,"WD","SE"
295,4,180,"WD","SE"
317,2,180,"WD","SE"
126,2,180,"WD","SE"
131,1,180,"WD","SE"
91,8,180,"WD","SE"
513,4,180,"WD","SE"
482,3,180,"WD","SE"
138,3,180,"WD","SE"
205,2,180,"WD","SE"
173,1,181,"WD","SE"
6,4,181,"WD","SE"
415,1,181,"WD","SE"
57,9,181,"WD","SE"
302,1,181,"WD","SE"
144,1,181,"WD","SE"
397,1,181,"WD","SE"
430,4,181,"WD","SE"
126,2,181,"WD","SE"
421,5,181,"WD","SE"
503,22,181,"WD","SE"
266,1,181,"WD","SE"
11,30,181,"WD","SE"
58,2,181,"WD","SE"
264,1,181,"WD","SE"
52,2,181,"WD","SE"
358,15,181,"WD","SE"
190,1,181,"WD","SE"
419,1,181,"WD","SE"
546,1,181,"WD","SE"
482,3,181,"WD","SE"
252,1,181,"WD","SE"
64,23,181,"WD","SE"
411,1,181,"WD","SE"
473,1,181,"WD","SE"
401,1,182,"WD","SE"
74,1,182,"WD","SE"
447,3,182,"WD","SE"
358,15,182,"WD","SE"
354,1,182,"WD","SE"
394,1,182,"WD","SE"
525,5,182,"WD","SE"
93,3,182,"WD","SE"
58,2,182,"WD","SE"
421,5,182,"WD","SE"
247,1,182,"WD","SE"
202,1,182,"WD","SE"
346,1,182,"WD","SE"
282,1,182,"WD","SE"
317,2,182,"WD","SE"
12,9,182,"WD","SE"
304,1,182,"WD","SE"
250,1,182,"WD","SE"
389,2,182,"WD","SE"
483,3,182,"WD","SE"
295,4,182,"WD","SE"
376,2,182,"WD","SE"
548,1,182,"WD","SE"
370,1,182,"WD","SE"
524,1,182,"WD","SE"
369,1,183,"WD","SE"
93,3,183,"WD","SE"
77,18,183,"WD","SE"
252,1,183,"WD","SE"
341,2,183,"WD","SE"
502,18,183,"WD","SE"
375,1,183,"WD","SE"
440,1,183,"WD","SE"
285,1,183,"WD","SE"
386,1,183,"WD","SE"
249,2,183,"WD","SE"
519,4,183,"WD","SE"
38,5,183,"WD","SE"
255,1,183,"WD","SE"
76,6,183,"WD","SE"
385,1,183,"WD","SE"
545,2,183,"WD","SE"
433,2,183,"WD","SE"
92,1,183,"WD","SE"
20,6,183,"WD","SE"
301,1,183,"WD","SE"
546,1,183,"WD","SE"
302,1,183,"WD","SE"
421,5,183,"WD","SE"
123,2,183,"WD","SE"
13,4,184,"WD","SE"
5,9,184,"WD","SE"
397,1,184,"WD","SE"
458,1,184,"WD","SE"
465,1,184,"WD","SE"
14,16,184,"WD","SE"
417,1,184,"WD","SE"
546,1,184,"WD","SE"
514,3,184,"WD","SE"
449,1,184,"WD","SE"
411,1,184,"WD","SE"
252,1,184,"WD","SE"
504,35,184,"WD","SE"
33,12,184,"WD","SE"
463,1,184,"WD","SE"
128,1,184,"WD","SE"
425,3,184,"WD","SE"
354,1,184,"WD","SE"
460,1,184,"WD","SE"
361,3,184,"WD","SE"
179,7,184,"WD","SE"
381,2,184,"WD","SE"
404,1,184,"WD","SE"
524,1,184,"WD","SE"
36,6,184,"WD","SE"
103,1,185,"WD","SE"
190,1,185,"WD","SE"
426,2,185,"WD","SE"
144,1,185,"WD","SE"
126,2,185,"WD","SE"
370,1,185,"WD","SE"
350,1,185,"WD","SE"
410,2,185,"WD","SE"
286,1,185,"WD","SE"
232,3,185,"WD","SE"
460,1,185,"WD","SE"
64,23,185,"WD","SE"
19,8,185,"WD","SE"
266,1,185,"WD","SE"
546,1,185,"WD","SE"
244,2,185,"WD","SE"
166,1,185,"WD","SE"
438,4,185,"WD","SE"
196,2,185,"WD","SE"
7,24,185,"WD","SE"
466,1,185,"WD","SE"
435,2,185,"WD","SE"
92,1,185,"WD","SE"
255,1,185,"WD","SE"
45,7,185,"WD","SE"
404,1,186,"WD","SE"
447,3,186,"WD","SE"
417,1,186,"WD","SE"
422,3,186,"WD","SE"
516,3,186,"WD","SE"
486,3,186,"WD","SE"
394,1,186,"WD","SE"
118,1,186,"WD","SE"
202,1,186,"WD","SE"
7,24,186,"WD","SE"
381,2,186,"WD","SE"
503,22,186,"WD","SE"
20,6,186,"WD","SE"
144,1,186,"WD","SE"
372,2,186,"WD","SE"
244,2,186,"WD","SE"
209,1,186,"WD","SE"
186,1,186,"WD","SE"
317,2,186,"WD","SE"
365,1,186,"WD","SE"
43,1,186,"WD","SE"
29,2,186,"WD","SE"
519,4,186,"WD","SE"
469,5,186,"WD","SE"
183,2,186,"WD","SE"
545,2,187,"WD","SE"
438,4,187,"WD","SE"
36,6,187,"WD","SE"
503,22,187,"WD","SE"
540,3,187,"WD","SE"
26,41,187,"WD","SE"
92,1,187,"WD","SE"
228,1,187,"WD","SE"
358,15,187,"WD","SE"
363,1,187,"WD","SE"
430,4,187,"WD","SE"
513,4,187,"WD","SE"
12,9,187,"WD","SE"
128,1,187,"WD","SE"
411,1,187,"WD","SE"
23,7,187,"WD","SE"
173,1,187,"WD","SE"
82,3,187,"WD","SE"
322,1,187,"WD","SE"
38,5,187,"WD","SE"
215,1,187,"WD","SE"
222,1,187,"WD","SE"
343,6,187,"WD","SE"
278,1,187,"WD","SE"
375,1,187,"WD","SE"
80,10,188,"WD","SE"
214,1,188,"WD","SE"
232,3,188,"WD","SE"
421,5,188,"WD","SE"
278,1,188,"WD","SE"
249,2,188,"WD","SE"
48,4,188,"WD","SE"
370,1,188,"WD","SE"
276,4,188,"WD","SE"
352,2,188,"WD","SE"
93,3,188,"WD","SE"
170,1,188,"WD","SE"
510,18,188,"WD","SE"
386,1,188,"WD","SE"
365,1,188,"WD","SE"
131,1,188,"WD","SE"
378,1,188,"WD","SE"
223,1,188,"WD","SE"
252,1,188,"WD","SE"
308,1,188,"WD","SE"
401,1,188,"WD","SE"
141,1,188,"WD","SE"
313,1,188,"WD","SE"
248,1,188,"WD","SE"
29,2,188,"WD","SE"
519,4,189,"WD","SE"
411,1,189,"WD","SE"
348,2,189,"WD","SE"
228,1,189,"WD","SE"
483,3,189,"WD","SE"
390,4,189,"WD","SE"
510,18,189,"WD","SE"
465,1,189,"WD","SE"
90,3,189,"WD","SE"
158,2,189,"WD","SE"
357,1,189,"WD","SE"
82,3,189,"WD","SE"
389,2,189,"WD","SE"
544,3,189,"WD","SE"
215,1,189,"WD","SE"
17,5,189,"WD","SE"
525,5,189,"WD","SE"
551,1,189,"WD","SE"
398,1,189,"WD","SE"
71,1,189,"WD","SE"
61,37,189,"WD","SE"
41,1,189,"WD","SE"
91,8,189,"WD","SE"
426,2,189,"WD","SE"
53,1,189,"WD","SE"
459,2,190,"WD","SE"
12,9,190,"WD","SE"
223,1,190,"WD","SE"
50,4,190,"WD","SE"
105,1,190,"WD","SE"
142,1,190,"WD","SE"
501,24,190,"WD","SE"
179,7,190,"WD","SE"
445,10,190,"WD","SE"
343,6,190,"WD","SE"
303,2,190,"WD","SE"
508,23,190,"WD","SE"
363,1,190,"WD","SE"
352,2,190,"WD","SE"
184,1,190,"WD","SE"
302,1,190,"WD","SE"
44,35,190,"WD","SE"
486,3,190,"WD","SE"
82,3,190,"WD","SE"
437,1,190,"WD","SE"
78,9,190,"WD","SE"
470,5,190,"WD","SE"
190,1,190,"WD","SE"
4,9,190,"WD","SE"
370,1,190,"WD","SE"
427,1,191,"WD","SE"
375,1,191,"WD","SE"
202,1,191,"WD","SE"
433,2,191,"WD","SE"
183,2,191,"WD","SE"
53,1,191,"WD","SE"
508,23,191,"WD","SE"
545,2,191,"WD","SE"
141,1,191,"WD","SE"
419,1,191,"WD","SE"
237,1,191,"WD","SE"
466,1,191,"WD","SE"
5,9,191,"WD","SE"
458,1,191,"WD","SE"
326,1,191,"WD","SE"
20,6,191,"WD","SE"
313,1,191,"WD","SE"
437,1,191,"WD","SE"
84,1,191,"WD","SE"
534,3,191,"WD","SE"
428,1,191,"WD","SE"
32,9,191,"WD","SE"
7,24,191,"WD","SE"
471,2,191,"WD","SE"
380,3,191,"WD","SE"
326,1,192,"WD","SE"
285,1,192,"WD","SE"
357,1,192,"WD","SE"
286,1,192,"WD","SE"
215,1,192,"WD","SE"
341,2,192,"WD","SE"
13,4,192,"WD","SE"
173,1,192,"WD","SE"
45,7,192,"WD","SE"
545,2,192,"WD","SE"
523,4,192,"WD","SE"
9,1,192,"WD","SE"
71,1,192,"WD","SE"
428,1,192,"WD","SE"
507,11,192,"WD","SE"
48,4,192,"WD","SE"
469,5,192,"WD","SE"
53,1,192,"WD","SE"
33,12,192,"WD","SE"
302,1,192,"WD","SE"
425,3,192,"WD","SE"
6,4,192,"WD","SE"
313,1,192,"WD","SE"
82,3,192,"WD","SE"
356,1,192,"WD","SE"
433,2,193,"WD","SE"
252,1,193,"WD","SE"
426,2,193,"WD","SE"
84,1,193,"WD","SE"
439,2,193,"WD","SE"
383,1,193,"WD","SE"
164,4,193,"WD","SE"
344,1,193,"WD","SE"
508,23,193,"WD","SE"
14,16,193,"WD","SE"
80,10,193,"WD","SE"
276,4,193,"WD","SE"
461,1,193,"WD","SE"
417,1,193,"WD","SE"
551,1,193,"WD","SE"
166,1,193,"WD","SE"
374,2,193,"WD","SE"
50,4,193,"WD","SE"
496,26,193,"WD","SE"
513,4,193,"WD","SE"
279,1,193,"WD","SE"
524,1,193,"WD","SE"
514,3,193,"WD","SE"
190,1,193,"WD","SE"
445,10,193,"WD","SE"
196,2,194,"WD","SE"
358,15,194,"WD","SE"
441,2,194,"WD","SE"
158,2,194,"WD","SE"
173,1,194,"WD","SE"
404,1,194,"WD","SE"
92,1,194,"WD","SE"
430,4,194,"WD","SE"
449,1,194,"WD","SE"
247,1,194,"WD","SE"
369,1,194,"WD","SE"
164,4,194,"WD","SE"
517,3,194,"WD","SE"
361,3,194,"WD","SE"
131,1,194,"WD","SE"
410,2,194,"WD","SE"
82,3,194,"WD","SE"
249,2,194,"WD","SE"
29,2,194,"WD","SE"
482,3,194,"WD","SE"
47,10,194,"WD","SE"
74,1,194,"WD","SE"
1,3,194,"WD","SE"
551,1,194,"WD","SE"
425,3,194,"WD","SE"
363,1,195,"WD","SE"
375,1,195,"WD","SE"
228,1,195,"WD","SE"
249,2,195,"WD","SE"
504,35,195,"WD","SE"
71,1,195,"WD","SE"
424,1,195,"WD","SE"
422,3,195,"WD","SE"
419,1,195,"WD","SE"
76,6,195,"WD","SE"
170,1,195,"WD","SE"
29,2,195,"WD","SE"
14,16,195,"WD","SE"
237,1,195,"WD","SE"
376,2,195,"WD","SE"
48,4,195,"WD","SE"
59,5,195,"WD","SE"
486,3,195,"WD","SE"
420,1,195,"WD","SE"
64,23,195,"WD","SE"
118,1,195,"WD","SE"
356,1,195,"WD","SE"
372,2,195,"WD","SE"
166,1,195,"WD","SE"
128,1,195,"WD","SE"
374,2,196,"WD","SE"
517,3,196,"WD","SE"
473,1,196,"WD","SE"
447,3,196,"WD","SE"
437,1,196,"WD","SE"
126,2,196,"WD","SE"
486,3,196,"WD","SE"
28,22,196,"WD","SE"
383,1,196,"WD","SE"
303,2,196,"WD","SE"
259,3,196,"WD","SE"
187,1,196,"WD","SE"
534,3,196,"WD","SE"
365,1,196,"WD","SE"
138,3,196,"WD","SE"
386,1,196,"WD","SE"
372,2,196,"WD","SE"
358,15,196,"WD","SE"
470,5,196,"WD","SE"
59,5,196,"WD","SE"
471,2,196,"WD","SE"
344,1,196,"WD","SE"
58,2,196,"WD","SE"
52,2,196,"WD","SE"
279,1,196,"WD","SE"
546,1,197,"WD","SE"
16,6,197,"WD","SE"
1,3,197,"WD","SE"
519,4,197,"WD","SE"
286,1,197,"WD","SE"
190,1,197,"WD","SE"
420,1,197,"WD","SE"
447,3,197,"WD","SE"
105,1,197,"WD","SE"
179,7,197,"WD","SE"
534,3,197,"WD","SE"
77,18,197,"WD","SE"
463,1,197,"WD","SE"
517,3,197,"WD","SE"
404,1,197,"WD","SE"
466,1,197,"WD","SE"
502,18,197,"WD","SE"
103,1,197,"WD","SE"
302,1,197,"WD","SE"
424,1,197,"WD","SE"
143,1,197,"WD","SE"
141,1,197,"WD","SE"
516,3,197,"WD","SE"
507,11,197,"WD","SE"
228,1,197,"WD","SE"
426,2,198,"WD","SE"
430,4,198,"WD","SE"
343,6,198,"WD","SE"
126,2,198,"WD","SE"
6,4,198,"WD","SE"
264,1,198,"WD","SE"
417,1,198,"WD","SE"
90,3,198,"WD","SE"
183,2,198,"WD","SE"
33,12,198,"WD","SE"
20,6,198,"WD","SE"
338,3,198,"WD","SE"
16,6,198,"WD","SE"
71,1,198,"WD","SE"
57,9,198,"WD","SE"
394,1,198,"WD","SE"
37,1,198,"WD","SE"
244,2,198,"WD","SE"
28,22,198,"WD","SE"
465,1,198,"WD","SE"
354,1,198,"WD","SE"
524,1,198,"WD","SE"
482,3,198,"WD","SE"
358,15,198,"WD","SE"
372,2,198,"WD","SE"
499,28,199,"WD","SE"
4,9,199,"WD","SE"
285,1,199,"WD","SE"
467,4,199,"WD","SE"
93,3,199,"WD","SE"
338,3,199,"WD","SE"
414,1,199,"WD","SE"
433,2,199,"WD","SE"
228,1,199,"WD","SE"
430,4,199,"WD","SE"
91,8,199,"WD","SE"
118,1,199,"WD","SE"
525,5,199,"WD","SE"
47,10,199,"WD","SE"
57,9,199,"WD","SE"
41,1,199,"WD","SE"
78,9,199,"WD","SE"
540,3,199,"WD","SE"
198,1,199,"WD","SE"
420,1,199,"WD","SE"
67,9,199,"WD","SE"
276,4,199,"WD","SE"
61,37,199,"WD","SE"
244,2,199,"WD","SE"
250,1,199,"WD","SE"
92,1,200,"WD","SE"
49,1,200,"WD","SE"
7,24,200,"WD","SE"
279,1,200,"WD","SE"
74,1,200,"WD","SE"
301,1,200,"WD","SE"
378,1,200,"WD","SE"
517,3,200,"WD","SE"
501,24,200,"WD","SE"
401,1,200,"WD","SE"
295,4,200,"WD","SE"
249,2,200,"WD","SE"
228,1,200,"WD","SE"
184,1,200,"WD","SE"
367,2,200,"WD","SE"
1,3,200,"WD","SE"
248,1,200,"WD","SE"
52,2,200,"WD","SE"
358,15,200,"WD","SE"
259,3,200,"WD","SE"
179,7,200,"WD","SE"
514,3,200,"WD","SE"
441,2,200,"WD","SE"
304,1,200,"WD","SE"
198,1,200,"WD","SE"
203,1,201,"WD","SE"
504,35,201,"WD","SE"
427,1,201,"WD","SE"
249,2,201,"WD","SE"
52,2,201,"WD","SE"
414,1,201,"WD","SE"
430,4,201,"WD","SE"
367,2,201,"WD","SE"
179,7,201,"WD","SE"
202,1,201,"WD","SE"
23,7,201,"WD","SE"
420,1,201,"WD","SE"
499,28,201,"WD","SE"
250,1,201,"WD","SE"
545,2,201,"WD","SE"
349,1,201,"WD","SE"
441,2,201,"WD","SE"
228,1,201,"WD","SE"
170,1,201,"WD","SE"
276,4,201,"WD","SE"
186,1,201,"WD","SE"
548,1,201,"WD","SE"
510,18,201,"WD","SE"
463,1,201,"WD","SE"
483,3,201,"WD","SE"
430,4,202,"WD","SE"
458,1,202,"WD","SE"
303,2,202,"WD","SE"
26,41,202,"WD","SE"
357,1,202,"WD","SE"
247,1,202,"WD","SE"
420,1,202,"WD","SE"
463,1,202,"WD","SE"
416,1,202,"WD","SE"
376,2,202,"WD","SE"
534,3,202,"WD","SE"
166,1,202,"WD","SE"
457,1,202,"WD","SE"
370,1,202,"WD","SE"
378,1,202,"WD","SE"
93,3,202,"WD","SE"
301,1,202,"WD","SE"
58,2,202,"WD","SE"
14,16,202,"WD","SE"
433,2,202,"WD","SE"
524,1,202,"WD","SE"
372,2,202,"WD","SE"
498,27,202,"WD","SE"
47,10,202,"WD","SE"
9,1,202,"WD","SE"
318,2,203,"WD","SE"
374,2,203,"WD","SE"
525,5,203,"WD","SE"
48,4,203,"WD","SE"
71,1,203,"WD","SE"
486,3,203,"WD","SE"
499,28,203,"WD","SE"
507,11,203,"WD","SE"
304,1,203,"WD","SE"
77,18,203,"WD","SE"
247,1,203,"WD","SE"
17,5,203,"WD","SE"
179,7,203,"WD","SE"
244,2,203,"WD","SE"
421,5,203,"WD","SE"
196,2,203,"WD","SE"
173,1,203,"WD","SE"
411,1,203,"WD","SE"
123,2,203,"WD","SE"
469,5,203,"WD","SE"
368,1,203,"WD","SE"
12,9,203,"WD","SE"
50,4,203,"WD","SE"
126,2,203,"WD","SE"
303,2,203,"WD","SE"
420,1,204,"WD","SE"
77,18,204,"WD","SE"
352,2,204,"WD","SE"
237,1,204,"WD","SE"
435,2,204,"WD","SE"
465,1,204,"WD","SE"
365,1,204,"WD","SE"
166,1,204,"WD","SE"
468,1,204,"WD","SE"
440,1,204,"WD","SE"
380,3,204,"WD","SE"
545,2,204,"WD","SE"
45,7,204,"WD","SE"
118,1,204,"WD","SE"
47,10,204,"WD","SE"
354,1,204,"WD","SE"
466,1,204,"WD","SE"
363,1,204,"WD","SE"
414,1,204,"WD","SE"
143,1,204,"WD","SE"
141,1,204,"WD","SE"
398,1,204,"WD","SE"
548,1,204,"WD","SE"
173,1,204,"WD","SE"
389,2,204,"WD","SE"
372,2,205,"WD","SE"
7,24,205,"WD","SE"
222,1,205,"WD","SE"
401,1,205,"WD","SE"
209,1,205,"WD","SE"
17,5,205,"WD","SE"
365,1,205,"WD","SE"
77,18,205,"WD","SE"
255,1,205,"WD","SE"
377,2,205,"WD","SE"
50,4,205,"WD","SE"
173,1,205,"WD","SE"
346,1,205,"WD","SE"
266,1,205,"WD","SE"
249,2,205,"WD","SE"
45,7,205,"WD","SE"
318,2,205,"WD","SE"
123,2,205,"WD","SE"
76,6,205,"WD","SE"
248,1,205,"WD","SE"
544,3,205,"WD","SE"
356,1,205,"WD","SE"
435,2,205,"WD","SE"
472,1,205,"WD","SE"
375,1,205,"WD","SE"
404,1,206,"WD","SE"
38,5,206,"WD","SE"
12,9,206,"WD","SE"
551,1,206,"WD","SE"
173,1,206,"WD","SE"
377,2,206,"WD","SE"
370,1,206,"WD","SE"
459,2,206,"WD","SE"
365,1,206,"WD","SE"
123,2,206,"WD","SE"
386,1,206,"WD","SE"
410,2,206,"WD","SE"
498,27,206,"WD","SE"
503,22,206,"WD","SE"
540,3,206,"WD","SE"
501,24,206,"WD","SE"
378,1,206,"WD","SE"
59,5,206,"WD","SE"
51,3,206,"WD","SE"
457,1,206,"WD","SE"
546,1,206,"WD","SE"
350,1,206,"WD","SE"
420,1,206,"WD","SE"
466,1,206,"WD","SE"
358,15,206,"WD","SE"
45,7,207,"WD","SE"
43,1,207,"WD","SE"
187,1,207,"WD","SE"
59,5,207,"WD","SE"
397,1,207,"WD","SE"
198,1,207,"WD","SE"
76,6,207,"WD","SE"
341,2,207,"WD","SE"
279,1,207,"WD","SE"
416,1,207,"WD","SE"
282,1,207,"WD","SE"
13,4,207,"WD","SE"
346,1,207,"WD","SE"
118,1,207,"WD","SE"
421,5,207,"WD","SE"
438,4,207,"WD","SE"
49,1,207,"WD","SE"
164,4,207,"WD","SE"
415,1,207,"WD","SE"
250,1,207,"WD","SE"
33,12,207,"WD","SE"
358,15,207,"WD","SE"
50,4,207,"WD","SE"
318,2,207,"WD","SE"
128,1,207,"WD","SE"
1,3,208,"WD","SE"
502,18,208,"WD","SE"
361,3,208,"WD","SE"
282,1,208,"WD","SE"
158,2,208,"WD","SE"
516,3,208,"WD","SE"
20,6,208,"WD","SE"
428,1,208,"WD","SE"
209,1,208,"WD","SE"
47,10,208,"WD","SE"
433,2,208,"WD","SE"
470,5,208,"WD","SE"
525,5,208,"WD","SE"
11,30,208,"WD","SE"
368,1,208,"WD","SE"
186,1,208,"WD","SE"
378,1,208,"WD","SE"
266,1,208,"WD","SE"
437,1,208,"WD","SE"
141,1,208,"WD","SE"
389,2,208,"WD","SE"
507,11,208,"WD","SE"
326,1,208,"WD","SE"
483,3,208,"WD","SE"
322,1,208,"WD","SE"
534,3,209,"WD","SE"
313,1,209,"WD","SE"
6,4,209,"WD","SE"
411,1,209,"WD","SE"
404,1,209,"WD","SE"
266,1,209,"WD","SE"
467,4,209,"WD","SE"
472,1,209,"WD","SE"
420,1,209,"WD","SE"
326,1,209,"WD","SE"
425,3,209,"WD","SE"
341,2,209,"WD","SE"
457,1,209,"WD","SE"
187,1,209,"WD","SE"
67,9,209,"WD","SE"
17,5,209,"WD","SE"
483,3,209,"WD","SE"
190,1,209,"WD","SE"
183,2,209,"WD","SE"
14,16,209,"WD","SE"
468,1,209,"WD","SE"
338,3,209,"WD","SE"
427,1,209,"WD","SE"
302,1,209,"WD","SE"
516,3,209,"WD","SE"
472,1,210,"WD","SE"
142,1,210,"WD","SE"
547,1,210,"WD","SE"
545,2,210,"WD","SE"
425,3,210,"WD","SE"
365,1,210,"WD","SE"
45,7,210,"WD","SE"
383,1,210,"WD","SE"
170,1,210,"WD","SE"
37,1,210,"WD","SE"
457,1,210,"WD","SE"
103,1,210,"WD","SE"
385,1,210,"WD","SE"
264,1,210,"WD","SE"
5,9,210,"WD","SE"
302,1,210,"WD","SE"
202,1,210,"WD","SE"
6,4,210,"WD","SE"
43,1,210,"WD","SE"
173,1,210,"WD","SE"
282,1,210,"WD","SE"
49,1,210,"WD","SE"
517,3,210,"WD","SE"
53,1,210,"WD","SE"
343,6,210,"WD","SE"
394,1,211,"WD","SE"
16,6,211,"WD","SE"
303,2,211,"WD","SE"
20,6,211,"WD","SE"
370,1,211,"WD","SE"
414,1,211,"WD","SE"
302,1,211,"WD","SE"
313,1,211,"WD","SE"
43,1,211,"WD","SE"
186,1,211,"WD","SE"
59,5,211,"WD","SE"
460,1,211,"WD","SE"
349,1,211,"WD","SE"
397,1,211,"WD","SE"
404,1,211,"WD","SE"
352,2,211,"WD","SE"
422,3,211,"WD","SE"
184,1,211,"WD","SE"
252,1,211,"WD","SE"
90,3,211,"WD","SE"
459,2,211,"WD","SE"
17,5,211,"WD","SE"
471,2,211,"WD","SE"
7,24,211,"WD","SE"
372,2,211,"WD","SE"
447,3,212,"WD","SE"
140,1,212,"WD","SE"
348,2,212,"WD","SE"
519,4,212,"WD","SE"
36,6,212,"WD","SE"
232,3,212,"WD","SE"
544,3,212,"WD","SE"
202,1,212,"WD","SE"
523,4,212,"WD","SE"
437,1,212,"WD","SE"
460,1,212,"WD","SE"
282,1,212,"WD","SE"
513,4,212,"WD","SE"
378,1,212,"WD","SE"
525,5,212,"WD","SE"
510,18,212,"WD","SE"
92,1,212,"WD","SE"
514,3,212,"WD","SE"
438,4,212,"WD","SE"
72,8,212,"WD","SE"
546,1,212,"WD","SE"
369,1,212,"WD","SE"
279,1,212,"WD","SE"
93,3,212,"WD","SE"
51,3,212,"WD","SE"
285,1,213,"WD","SE"
472,1,213,"WD","SE"
368,1,213,"WD","SE"
401,1,213,"WD","SE"
86,2,213,"WD","SE"
346,1,213,"WD","SE"
45,7,213,"WD","SE"
424,1,213,"WD","SE"
504,35,213,"WD","SE"
80,10,213,"WD","SE"
302,1,213,"WD","SE"
184,1,213,"WD","SE"
209,1,213,"WD","SE"
427,1,213,"WD","SE"
376,2,213,"WD","SE"
286,1,213,"WD","SE"
20,6,213,"WD","SE"
367,2,213,"WD","SE"
357,1,213,"WD","SE"
40,6,213,"WD","SE"
404,1,213,"WD","SE"
411,1,213,"WD","SE"
433,2,213,"WD","SE"
93,3,213,"WD","SE"
278,1,213,"WD","SE"
501,24,214,"WD","SE"
468,1,214,"WD","SE"
471,2,214,"WD","SE"
548,1,214,"WD","SE"
482,3,214,"WD","SE"
422,3,214,"WD","SE"
375,1,214,"WD","SE"
279,1,214,"WD","SE"
420,1,214,"WD","SE"
173,1,214,"WD","SE"
404,1,214,"WD","SE"
430,4,214,"WD","SE"
499,28,214,"WD","SE"
140,1,214,"WD","SE"
419,1,214,"WD","SE"
519,4,214,"WD","SE"
370,1,214,"WD","SE"
11,30,214,"WD","SE"
247,1,214,"WD","SE"
365,1,214,"WD","SE"
326,1,214,"WD","SE"
344,1,214,"WD","SE"
380,3,214,"WD","SE"
447,3,214,"WD","SE"
285,1,214,"WD","SE"
123,2,215,"WD","SE"
398,1,215,"WD","SE"
372,2,215,"WD","SE"
381,2,215,"WD","SE"
19,8,215,"WD","SE"
370,1,215,"WD","SE"
266,1,215,"WD","SE"
430,4,215,"WD","SE"
248,1,215,"WD","SE"
435,2,215,"WD","SE"
67,9,215,"WD","SE"
247,1,215,"WD","SE"
184,1,215,"WD","SE"
516,3,215,"WD","SE"
545,2,215,"WD","SE"
92,1,215,"WD","SE"
237,1,215,"WD","SE"
417,1,215,"WD","SE"
142,1,215,"WD","SE"
496,26,215,"WD","SE"
369,1,215,"WD","SE"
71,1,215,"WD","SE"
441,2,215,"WD","SE"
469,5,215,"WD","SE"
439,2,215,"WD","SE"
193,1,216,"WD","SE"
91,8,216,"WD","SE"
184,1,216,"WD","SE"
131,1,216,"WD","SE"
534,3,216,"WD","SE"
214,1,216,"WD","SE"
459,2,216,"WD","SE"
61,37,216,"WD","SE"
378,1,216,"WD","SE"
282,1,216,"WD","SE"
302,1,216,"WD","SE"
385,1,216,"WD","SE"
447,3,216,"WD","SE"
14,16,216,"WD","SE"
546,1,216,"WD","SE"
53,1,216,"WD","SE"
519,4,216,"WD","SE"
313,1,216,"WD","SE"
317,2,216,"WD","SE"
126,2,216,"WD","SE"
439,2,216,"WD","SE"
76,6,216,"WD","SE"
249,2,216,"WD","SE"
354,1,216,"WD","SE"
472,1,216,"WD","SE"
356,1,217,"WD","SE"
44,35,217,"WD","SE"
6,4,217,"WD","SE"
132,1,217,"WD","SE"
187,1,217,"WD","SE"
447,3,217,"WD","SE"
435,2,217,"WD","SE"
67,9,217,"WD","SE"
49,1,217,"WD","SE"
397,1,217,"WD","SE"
186,1,217,"WD","SE"
467,4,217,"WD","SE"
437,1,217,"WD","SE"
184,1,217,"WD","SE"
286,1,217,"WD","SE"
525,5,217,"WD","SE"
449,1,217,"WD","SE"
504,35,217,"WD","SE"
144,1,217,"WD","SE"
140,1,217,"WD","SE"
386,1,217,"WD","SE"
383,1,217,"WD","SE"
215,1,217,"WD","SE"
348,2,217,"WD","SE"
433,2,217,"WD","SE"
322,1,218,"WD","SE"
193,1,218,"WD","SE"
92,1,218,"WD","SE"
356,1,218,"WD","SE"
457,1,218,"WD","SE"
41,1,218,"WD","SE"
140,1,218,"WD","SE"
411,1,218,"WD","SE"
449,1,218,"WD","SE"
500,25,218,"WD","SE"
12,9,218,"WD","SE"
447,3,218,"WD","SE"
513,4,218,"WD","SE"
179,7,218,"WD","SE"
428,1,218,"WD","SE"
252,1,218,"WD","SE"
132,1,218,"WD","SE"
380,3,218,"WD","SE"
4,9,218,"WD","SE"
352,2,218,"WD","SE"
510,18,218,"WD","SE"
303,2,218,"WD","SE"
276,4,218,"WD","SE"
354,1,218,"WD","SE"
93,3,218,"WD","SE"
525,5,219,"WD","SE"
183,2,219,"WD","SE"
38,5,219,"WD","SE"
90,3,219,"WD","SE"
301,1,219,"WD","SE"
302,1,219,"WD","SE"
417,1,219,"WD","SE"
433,2,219,"WD","SE"
74,1,219,"WD","SE"
457,1,219,"WD","SE"
170,1,219,"WD","SE"
447,3,219,"WD","SE"
1,3,219,"WD","SE"
232,3,219,"WD","SE"
344,1,219,"WD","SE"
196,2,219,"WD","SE"
59,5,219,"WD","SE"
346,1,219,"WD","SE"
410,2,219,"WD","SE"
247,1,219,"WD","SE"
313,1,219,"WD","SE"
439,2,219,"WD","SE"
45,7,219,"WD","SE"
428,1,219,"WD","SE"
26,41,219,"WD","SE"
61,37,220,"WD","SE"
469,5,220,"WD","SE"
244,2,220,"WD","SE"
435,2,220,"WD","SE"
313,1,220,"WD","SE"
7,24,220,"WD","SE"
14,16,220,"WD","SE"
266,1,220,"WD","SE"
78,9,220,"WD","SE"
20,6,220,"WD","SE"
16,6,220,"WD","SE"
438,4,220,"WD","SE"
361,3,220,"WD","SE"
498,27,220,"WD","SE"
404,1,220,"WD","SE"
6,4,220,"WD","SE"
496,26,220,"WD","SE"
232,3,220,"WD","SE"
534,3,220,"WD","SE"
302,1,220,"WD","SE"
202,1,220,"WD","SE"
465,1,220,"WD","SE"
398,1,220,"WD","SE"
71,1,220,"WD","SE"
47,10,220,"WD","SE"
223,1,221,"WD","SE"
190,1,221,"WD","SE"
67,9,221,"WD","SE"
465,1,221,"WD","SE"
430,4,221,"WD","SE"
414,1,221,"WD","SE"
128,1,221,"WD","SE"
76,6,221,"WD","SE"
421,5,221,"WD","SE"
103,1,221,"WD","SE"
16,6,221,"WD","SE"
203,1,221,"WD","SE"
468,1,221,"WD","SE"
313,1,221,"WD","SE"
308,1,221,"WD","SE"
318,2,221,"WD","SE"
435,2,221,"WD","SE"
457,1,221,"WD","SE"
499,28,221,"WD","SE"
376,2,221,"WD","SE"
517,3,221,"WD","SE"
350,1,221,"WD","SE"
52,2,221,"WD","SE"
29,2,221,"WD","SE"
304,1,221,"WD","SE"
23,7,222,"WD","SE"
209,1,222,"WD","SE"
16,6,222,"WD","SE"
524,1,222,"WD","SE"
416,1,222,"WD","SE"
302,1,222,"WD","SE"
346,1,222,"WD","SE"
343,6,222,"WD","SE"
304,1,222,"WD","SE"
461,1,222,"WD","SE"
370,1,222,"WD","SE"
303,2,222,"WD","SE"
383,1,222,"WD","SE"
53,1,222,"WD","SE"
352,2,222,"WD","SE"
1,3,222,"WD","SE"
326,1,222,"WD","SE"
508,23,222,"WD","SE"
389,2,222,"WD","SE"
28,22,222,"WD","SE"
158,2,222,"WD","SE"
523,4,222,"WD","SE"
398,1,222,"WD","SE"
286,1,222,"WD","SE"
437,1,222,"WD","SE"
397,1,223,"WD","SE"
467,4,223,"WD","SE"
422,3,223,"WD","SE"
37,1,223,"WD","SE"
76,6,223,"WD","SE"
190,1,223,"WD","SE"
524,1,223,"WD","SE"
496,26,223,"WD","SE"
43,1,223,"WD","SE"
82,3,223,"WD","SE"
140,1,223,"WD","SE"
19,8,223,"WD","SE"
36,6,223,"WD","SE"
51,3,223,"WD","SE"
279,1,223,"WD","SE"
416,1,223,"WD","SE"
222,1,223,"WD","SE"
483,3,223,"WD","SE"
365,1,223,"WD","SE"
41,1,223,"WD","SE"
53,1,223,"WD","SE"
514,3,223,"WD","SE"
71,1,223,"WD","SE"
237,1,223,"WD","SE"
551,1,223,"WD","SE"
48,4,224,"WD","SE"
519,4,224,"WD","SE"
397,1,224,"WD","SE"
544,3,224,"WD","SE"
249,2,224,"WD","SE"
143,1,224,"WD","SE"
223,1,224,"WD","SE"
52,2,224,"WD","SE"
247,1,224,"WD","SE"
377,2,224,"WD","SE"
470,5,224,"WD","SE"
16,6,224,"WD","SE"
187,1,224,"WD","SE"
158,2,224,"WD","SE"
105,1,224,"WD","SE"
237,1,224,"WD","SE"
23,7,224,"WD","SE"
348,2,224,"WD","SE"
498,27,224,"WD","SE"
183,2,224,"WD","SE"
285,1,224,"WD","SE"
428,1,224,"WD","SE"
92,1,224,"WD","SE"
370,1,224,"WD","SE"
420,1,224,"WD","SE"
76,6,225,"WD","SE"
14,16,225,"WD","SE"
354,1,225,"WD","SE"
372,2,225,"WD","SE"
439,2,225,"WD","SE"
255,1,225,"WD","SE"
209,1,225,"WD","SE"
286,1,225,"WD","SE"
49,1,225,"WD","SE"
427,1,225,"WD","SE"
377,2,225,"WD","SE"
50,4,225,"WD","SE"
470,5,225,"WD","SE"
80,10,225,"WD","SE"
343,6,225,"WD","SE"
411,1,225,"WD","SE"
61,37,225,"WD","SE"
123,2,225,"WD","SE"
53,1,225,"WD","SE"
424,1,225,"WD","SE"
551,1,225,"WD","SE"
92,1,225,"WD","SE"
322,1,225,"WD","SE"
105,1,225,"WD","SE"
43,1,225,"WD","SE"
496,26,226,"WD","SE"
187,1,226,"WD","SE"
350,1,226,"WD","SE"
374,2,226,"WD","SE"
463,1,226,"WD","SE"
425,3,226,"WD","SE"
540,3,226,"WD","SE"
381,2,226,"WD","SE"
486,3,226,"WD","SE"
6,4,226,"WD","SE"
368,1,226,"WD","SE"
441,2,226,"WD","SE"
11,30,226,"WD","SE"
17,5,226,"WD","SE"
72,8,226,"WD","SE"
326,1,226,"WD","SE"
457,1,226,"WD","SE"
26,41,226,"WD","SE"
415,1,226,"WD","SE"
401,1,226,"WD","SE"
141,1,226,"WD","SE"
259,3,226,"WD","SE"
419,1,226,"WD","SE"
33,12,226,"WD","SE"
427,1,226,"WD","SE"
140,1,227,"WD","SE"
545,2,227,"WD","SE"
350,1,227,"WD","SE"
419,1,227,"WD","SE"
52,2,227,"WD","SE"
357,1,227,"WD","SE"
67,9,227,"WD","SE"
427,1,227,"WD","SE"
259,3,227,"WD","SE"
467,4,227,"WD","SE"
420,1,227,"WD","SE"
264,1,227,"WD","SE"
367,2,227,"WD","SE"
38,5,227,"WD","SE"
365,1,227,"WD","SE"
510,18,227,"WD","SE"
361,3,227,"WD","SE"
12,9,227,"WD","SE"
380,3,227,"WD","SE"
482,3,227,"WD","SE"
472,1,227,"WD","SE"
103,1,227,"WD","SE"
29,2,227,"WD","SE"
466,1,227,"WD","SE"
428,1,227,"WD","SE"
438,4,228,"WD","SE"
186,1,228,"WD","SE"
91,8,228,"WD","SE"
190,1,228,"WD","SE"
341,2,228,"WD","SE"
370,1,228,"WD","SE"
472,1,228,"WD","SE"
179,7,228,"WD","SE"
209,1,228,"WD","SE"
222,1,228,"WD","SE"
548,1,228,"WD","SE"
5,9,228,"WD","SE"
516,3,228,"WD","SE"
498,27,228,"WD","SE"
540,3,228,"WD","SE"
390,4,228,"WD","SE"
26,41,228,"WD","SE"
279,1,228,"WD","SE"
534,3,228,"WD","SE"
376,2,228,"WD","SE"
214,1,228,"WD","SE"
545,2,228,"WD","SE"
386,1,228,"WD","SE"
414,1,228,"WD","SE"
237,1,228,"WD","SE"
301,1,229,"WD","SE"
383,1,229,"WD","SE"
500,25,229,"WD","SE"
461,1,229,"WD","SE"
36,6,229,"WD","SE"
247,1,229,"WD","SE"
369,1,229,"WD","SE"
166,1,229,"WD","SE"
93,3,229,"WD","SE"
416,1,229,"WD","SE"
118,1,229,"WD","SE"
232,3,229,"WD","SE"
248,1,229,"WD","SE"
123,2,229,"WD","SE"
64,23,229,"WD","SE"
365,1,229,"WD","SE"
76,6,229,"WD","SE"
140,1,229,"WD","SE"
524,1,229,"WD","SE"
14,16,229,"WD","SE"
501,24,229,"WD","SE"
78,9,229,"WD","SE"
350,1,229,"WD","SE"
184,1,229,"WD","SE"
358,15,229,"WD","SE"
358,15,230,"WD","SE"
58,2,230,"WD","SE"
11,30,230,"WD","SE"
74,1,230,"WD","SE"
61,37,230,"WD","SE"
420,1,230,"WD","SE"
441,2,230,"WD","SE"
389,2,230,"WD","SE"
433,2,230,"WD","SE"
214,1,230,"WD","SE"
7,24,230,"WD","SE"
465,1,230,"WD","SE"
500,25,230,"WD","SE"
51,3,230,"WD","SE"
377,2,230,"WD","SE"
82,3,230,"WD","SE"
43,1,230,"WD","SE"
166,1,230,"WD","SE"
401,1,230,"WD","SE"
378,1,230,"WD","SE"
548,1,230,"WD","SE"
357,1,230,"WD","SE"
370,1,230,"WD","SE"
352,2,230,"WD","SE"
398,1,230,"WD","SE"
170,1,231,"WD","SE"
126,2,231,"WD","SE"
14,16,231,"WD","SE"
376,2,231,"WD","SE"
449,1,231,"WD","SE"
430,4,231,"WD","SE"
358,15,231,"WD","SE"
32,9,231,"WD","SE"
415,1,231,"WD","SE"
45,7,231,"WD","SE"
389,2,231,"WD","SE"
92,1,231,"WD","SE"
525,5,231,"WD","SE"
374,2,231,"WD","SE"
186,1,231,"WD","SE"
420,1,231,"WD","SE"
244,2,231,"WD","SE"
198,1,231,"WD","SE"
343,6,231,"WD","SE"
138,3,231,"WD","SE"
308,1,231,"WD","SE"
500,25,231,"WD","SE"
285,1,231,"WD","SE"
383,1,231,"WD","SE"
90,3,231,"WD","SE"
457,1,232,"WD","SE"
349,1,232,"WD","SE"
49,1,232,"WD","SE"
378,1,232,"WD","SE"
344,1,232,"WD","SE"
38,5,232,"WD","SE"
64,23,232,"WD","SE"
84,1,232,"WD","SE"
435,2,232,"WD","SE"
447,3,232,"WD","SE"
186,1,232,"WD","SE"
29,2,232,"WD","SE"
302,1,232,"WD","SE"
470,5,232,"WD","SE"
483,3,232,"WD","SE"
23,7,232,"WD","SE"
36,6,232,"WD","SE"
433,2,232,"WD","SE"
80,10,232,"WD","SE"
276,4,232,"WD","SE"
376,2,232,"WD","SE"
459,2,232,"WD","SE"
427,1,232,"WD","SE"
52,2,232,"WD","SE"
401,1,232,"WD","SE"
252,1,233,"WD","SE"
467,4,233,"WD","SE"
143,1,233,"WD","SE"
11,30,233,"WD","SE"
380,3,233,"WD","SE"
419,1,233,"WD","SE"
166,1,233,"WD","SE"
524,1,233,"WD","SE"
377,2,233,"WD","SE"
26,41,233,"WD","SE"
397,1,233,"WD","SE"
322,1,233,"WD","SE"
447,3,233,"WD","SE"
381,2,233,"WD","SE"
203,1,233,"WD","SE"
394,1,233,"WD","SE"
16,6,233,"WD","SE"
508,23,233,"WD","SE"
365,1,233,"WD","SE"
410,2,233,"WD","SE"
78,9,233,"WD","SE"
43,1,233,"WD","SE"
357,1,233,"WD","SE"
158,2,233,"WD","SE"
20,6,233,"WD","SE"
398,1,234,"WD","SE"
435,2,234,"WD","SE"
378,1,234,"WD","SE"
237,1,234,"WD","SE"
278,1,234,"WD","SE"
369,1,234,"WD","SE"
502,18,234,"WD","SE"
459,2,234,"WD","SE"
140,1,234,"WD","SE"
469,5,234,"WD","SE"
510,18,234,"WD","SE"
514,3,234,"WD","SE"
304,1,234,"WD","SE"
338,3,234,"WD","SE"
381,2,234,"WD","SE"
375,1,234,"WD","SE"
377,2,234,"WD","SE"
414,1,234,"WD","SE"
205,2,234,"WD","SE"
486,3,234,"WD","SE"
33,12,234,"WD","SE"
255,1,234,"WD","SE"
61,37,234,"WD","SE"
525,5,234,"WD","SE"
358,15,234,"WD","SE"
47,10,235,"WD","SE"
449,1,235,"WD","SE"
421,5,235,"WD","SE"
523,4,235,"WD","SE"
26,41,235,"WD","SE"
158,2,235,"WD","SE"
458,1,235,"WD","SE"
259,3,235,"WD","SE"
173,1,235,"WD","SE"
375,1,235,"WD","SE"
11,30,235,"WD","SE"
496,26,235,"WD","SE"
357,1,235,"WD","SE"
516,3,235,"WD","SE"
466,1,235,"WD","SE"
40,6,235,"WD","SE"
439,2,235,"WD","SE"
76,6,235,"WD","SE"
508,23,235,"WD","SE"
44,35,235,"WD","SE"
202,1,235,"WD","SE"
144,1,235,"WD","SE"
415,1,235,"WD","SE"
103,1,235,"WD","SE"
33,12,235,"WD","SE"
50,4,236,"WD","SE"
76,6,236,"WD","SE"
128,1,236,"WD","SE"
356,1,236,"WD","SE"
308,1,236,"WD","SE"
12,9,236,"WD","SE"
513,4,236,"WD","SE"
132,1,236,"WD","SE"
465,1,236,"WD","SE"
248,1,236,"WD","SE"
523,4,236,"WD","SE"
84,1,236,"WD","SE"
322,1,236,"WD","SE"
357,1,236,"WD","SE"
326,1,236,"WD","SE"
540,3,236,"WD","SE"
7,24,236,"WD","SE"
170,1,236,"WD","SE"
51,3,236,"WD","SE"
447,3,236,"WD","SE"
410,2,236,"WD","SE"
375,1,236,"WD","SE"
205,2,236,"WD","SE"
143,1,236,"WD","SE"
438,4,236,"WD","SE"
32,9,237,"WD","SE"
71,1,237,"WD","SE"
469,5,237,"WD","SE"
232,3,237,"WD","SE"
349,1,237,"WD","SE"
302,1,237,"WD","SE"
126,2,237,"WD","SE"
482,3,237,"WD","SE"
244,2,237,"WD","SE"
6,4,237,"WD","SE"
77,18,237,"WD","SE"
428,1,237,"WD","SE"
426,2,237,"WD","SE"
341,2,237,"WD","SE"
132,1,237,"WD","SE"
91,8,237,"WD","SE"
196,2,237,"WD","SE"
519,4,237,"WD","SE"
179,7,237,"WD","SE"
500,25,237,"WD","SE"
38,5,237,"WD","SE"
421,5,237,"WD","SE"
249,2,237,"WD","SE"
523,4,237,"WD","SE"
7,24,237,"WD","SE"
370,1,238,"WD","SE"
80,10,238,"WD","SE"
368,1,238,"WD","SE"
9,1,238,"WD","SE"
166,1,238,"WD","SE"
471,2,238,"WD","SE"
196,2,238,"WD","SE"
341,2,238,"WD","SE"
183,2,238,"WD","SE"
421,5,238,"WD","SE"
244,2,238,"WD","SE"
41,1,238,"WD","SE"
425,3,238,"WD","SE"
38,5,238,"WD","SE"
74,1,238,"WD","SE"
142,1,238,"WD","SE"
118,1,238,"WD","SE"
131,1,238,"WD","SE"
516,3,238,"WD","SE"
86,2,238,"WD","SE"
499,28,238,"WD","SE"
248,1,238,"WD","SE"
249,2,238,"WD","SE"
513,4,238,"WD","SE"
4,9,238,"WD","SE"
90,3,239,"WD","SE"
500,25,239,"WD","SE"
486,3,239,"WD","SE"
198,1,239,"WD","SE"
308,1,239,"WD","SE"
222,1,239,"WD","SE"
33,12,239,"WD","SE"
458,1,239,"WD","SE"
350,1,239,"WD","SE"
247,1,239,"WD","SE"
264,1,239,"WD","SE"
203,1,239,"WD","SE"
363,1,239,"WD","SE"
4,9,239,"WD","SE"
546,1,239,"WD","SE"
237,1,239,"WD","SE"
426,2,239,"WD","SE"
14,16,239,"WD","SE"
173,1,239,"WD","SE"
352,2,239,"WD","SE"
544,3,239,"WD","SE"
472,1,239,"WD","SE"
361,3,239,"WD","SE"
516,3,239,"WD","SE"
82,3,239,"WD","SE"
53,1,240,"WD","SE"
397,1,240,"WD","SE"
7,24,240,"WD","SE"
282,1,240,"WD","SE"
486,3,240,"WD","SE"
67,9,240,"WD","SE"
301,1,240,"WD","SE"
214,1,240,"WD","SE"
367,2,240,"WD","SE"
389,2,240,"WD","SE"
308,1,240,"WD","SE"
394,1,240,"WD","SE"
502,18,240,"WD","SE"
140,1,240,"WD","SE"
183,2,240,"WD","SE"
461,1,240,"WD","SE"
16,6,240,"WD","SE"
4,9,240,"WD","SE"
209,1,240,"WD","SE"
247,1,240,"WD","SE"
190,1,240,"WD","SE"
341,2,240,"WD","SE"
438,4,240,"WD","SE"
514,3,240,"WD","SE"
170,1,240,"WD","SE"
67,9,241,"WD","SE"
465,1,241,"WD","SE"
53,1,241,"WD","SE"
57,9,241,"WD","SE"
540,3,241,"WD","SE"
193,1,241,"WD","SE"
286,1,241,"WD","SE"
414,1,241,"WD","SE"
209,1,241,"WD","SE"
499,28,241,"WD","SE"
547,1,241,"WD","SE"
461,1,241,"WD","SE"
16,6,241,"WD","SE"
460,1,241,"WD","SE"
78,9,241,"WD","SE"
64,23,241,"WD","SE"
367,2,241,"WD","SE"
304,1,241,"WD","SE"
19,8,241,"WD","SE"
11,30,241,"WD","SE"
7,24,241,"WD","SE"
179,7,241,"WD","SE"
237,1,241,"WD","SE"
86,2,241,"WD","SE"
47,10,241,"WD","SE"
372,2,242,"WD","SE"
276,4,242,"WD","SE"
118,1,242,"WD","SE"
170,1,242,"WD","SE"
457,1,242,"WD","SE"
365,1,242,"WD","SE"
466,1,242,"WD","SE"
415,1,242,"WD","SE"
350,1,242,"WD","SE"
279,1,242,"WD","SE"
128,1,242,"WD","SE"
378,1,242,"WD","SE"
468,1,242,"WD","SE"
248,1,242,"WD","SE"
255,1,242,"WD","SE"
496,26,242,"WD","SE"
508,23,242,"WD","SE"
304,1,242,"WD","SE"
50,4,242,"WD","SE"
389,2,242,"WD","SE"
266,1,242,"WD","SE"
313,1,242,"WD","SE"
132,1,242,"WD","SE"
460,1,242,"WD","SE"
48,4,242,"WD","SE"
304,1,243,"WD","SE"
471,2,243,"WD","SE"
140,1,243,"WD","SE"
252,1,243,"WD","SE"
361,3,243,"WD","SE"
468,1,243,"WD","SE"
36,6,243,"WD","SE"
411,1,243,"WD","SE"
45,7,243,"WD","SE"
203,1,243,"WD","SE"
43,1,243,"WD","SE"
266,1,243,"WD","SE"
84,1,243,"WD","SE"
504,35,243,"WD","SE"
90,3,243,"WD","SE"
338,3,243,"WD","SE"
91,8,243,"WD","SE"
215,1,243,"WD","SE"
282,1,243,"WD","SE"
303,2,243,"WD","SE"
469,5,243,"WD","SE"
513,4,243,"WD","SE"
433,2,243,"WD","SE"
20,6,243,"WD","SE"
50,4,243,"WD","SE"
415,1,244,"WD","SE"
435,2,244,"WD","SE"
44,35,244,"WD","SE"
439,2,244,"WD","SE"
417,1,244,"WD","SE"
516,3,244,"WD","SE"
33,12,244,"WD","SE"
414,1,244,"WD","SE"
249,2,244,"WD","SE"
447,3,244,"WD","SE"
517,3,244,"WD","SE"
369,1,244,"WD","SE"
303,2,244,"WD","SE"
519,4,244,"WD","SE"
202,1,244,"WD","SE"
466,1,244,"WD","SE"
470,5,244,"WD","SE"
279,1,244,"WD","SE"
286,1,244,"WD","SE"
420,1,244,"WD","SE"
354,1,244,"WD","SE"
173,1,244,"WD","SE"
12,9,244,"WD","SE"
28,22,244,"WD","SE"
499,28,244,"WD","SE"
26,41,245,"WD","SE"
410,2,245,"WD","SE"
317,2,245,"WD","SE"
1,3,245,"WD","SE"
468,1,245,"WD","SE"
458,1,245,"WD","SE"
430,4,245,"WD","SE"
232,3,245,"WD","SE"
202,1,245,"WD","SE"
463,1,245,"WD","SE"
508,23,245,"WD","SE"
279,1,245,"WD","SE"
517,3,245,"WD","SE"
14,16,245,"WD","SE"
276,4,245,"WD","SE"
170,1,245,"WD","SE"
369,1,245,"WD","SE"
4,9,245,"WD","SE"
372,2,245,"WD","SE"
304,1,245,"WD","SE"
524,1,245,"WD","SE"
343,6,245,"WD","SE"
186,1,245,"WD","SE"
486,3,245,"WD","SE"
389,2,245,"WD","SE"
508,23,246,"WD","SE"
352,2,246,"WD","SE"
82,3,246,"WD","SE"
71,1,246,"WD","SE"
519,4,246,"WD","SE"
142,1,246,"WD","SE"
380,3,246,"WD","SE"
58,2,246,"WD","SE"
118,1,246,"WD","SE"
247,1,246,"WD","SE"
249,2,246,"WD","SE"
546,1,246,"WD","SE"
367,2,246,"WD","SE"
209,1,246,"WD","SE"
36,6,246,"WD","SE"
59,5,246,"WD","SE"
140,1,246,"WD","SE"
465,1,246,"WD","SE"
338,3,246,"WD","SE"
545,2,246,"WD","SE"
500,25,246,"WD","SE"
286,1,246,"WD","SE"
343,6,246,"WD","SE"
483,3,246,"WD","SE"
383,1,246,"WD","SE"
6,4,247,"WD","SE"
138,3,247,"WD","SE"
376,2,247,"WD","SE"
132,1,247,"WD","SE"
496,26,247,"WD","SE"
486,3,247,"WD","SE"
303,2,247,"WD","SE"
166,1,247,"WD","SE"
461,1,247,"WD","SE"
247,1,247,"WD","SE"
517,3,247,"WD","SE"
466,1,247,"WD","SE"
76,6,247,"WD","SE"
5,9,247,"WD","SE"
401,1,247,"WD","SE"
118,1,247,"WD","SE"
502,18,247,"WD","SE"
80,10,247,"WD","SE"
45,7,247,"WD","SE"
433,2,247,"WD","SE"
9,1,247,"WD","SE"
449,1,247,"WD","SE"
276,4,247,"WD","SE"
545,2,247,"WD","SE"
285,1,247,"WD","SE"
58,2,248,"WD","SE"
57,9,248,"WD","SE"
524,1,248,"WD","SE"
5,9,248,"WD","SE"
357,1,248,"WD","SE"
322,1,248,"WD","SE"
346,1,248,"WD","SE"
421,5,248,"WD","SE"
86,2,248,"WD","SE"
264,1,248,"WD","SE"
252,1,248,"WD","SE"
503,22,248,"WD","SE"
468,1,248,"WD","SE"
232,3,248,"WD","SE"
138,3,248,"WD","SE"
255,1,248,"WD","SE"
411,1,248,"WD","SE"
47,10,248,"WD","SE"
26,41,248,"WD","SE"
424,1,248,"WD","SE"
303,2,248,"WD","SE"
368,1,248,"WD","SE"
250,1,248,"WD","SE"
427,1,248,"WD","SE"
498,27,248,"WD","SE"
183,2,249,"WD","SE"
286,1,249,"WD","SE"
365,1,249,"WD","SE"
416,1,249,"WD","SE"
375,1,249,"WD","SE"
496,26,249,"WD","SE"
498,27,249,"WD","SE"
380,3,249,"WD","SE"
430,4,249,"WD","SE"
92,1,249,"WD","SE"
513,4,249,"WD","SE"
503,22,249,"WD","SE"
57,9,249,"WD","SE"
322,1,249,"WD","SE"
368,1,249,"WD","SE"
361,3,249,"WD","SE"
390,4,249,"WD","SE"
472,1,249,"WD","SE"
44,35,249,"WD","SE"
545,2,249,"WD","SE"
383,1,249,"WD","SE"
471,2,249,"WD","SE"
43,1,249,"WD","SE"
285,1,249,"WD","SE"
126,2,249,"WD","SE"
458,1,250,"WD","SE"
184,1,250,"WD","SE"
59,5,250,"WD","SE"
470,5,250,"WD","SE"
378,1,250,"WD","SE"
317,2,250,"WD","SE"
368,1,250,"WD","SE"
198,1,250,"WD","SE"
40,6,250,"WD","SE"
187,1,250,"WD","SE"
466,1,250,"WD","SE"
468,1,250,"WD","SE"
417,1,250,"WD","SE"
278,1,250,"WD","SE"
74,1,250,"WD","SE"
279,1,250,"WD","SE"
164,4,250,"WD","SE"
369,1,250,"WD","SE"
420,1,250,"WD","SE"
142,1,250,"WD","SE"
438,4,250,"WD","SE"
367,2,250,"WD","SE"
67,9,250,"WD","SE"
141,1,250,"WD","SE"
414,1,250,"WD","SE"
317,2,251,"WD","SE"
338,3,251,"WD","SE"
385,1,251,"WD","SE"
410,2,251,"WD","SE"
141,1,251,"WD","SE"
361,3,251,"WD","SE"
131,1,251,"WD","SE"
463,1,251,"WD","SE"
398,1,251,"WD","SE"
1,3,251,"WD","SE"
504,35,251,"WD","SE"
32,9,251,"WD","SE"
20,6,251,"WD","SE"
173,1,251,"WD","SE"
439,2,251,"WD","SE"
466,1,251,"WD","SE"
357,1,251,"WD","SE"
138,3,251,"WD","SE"
545,2,251,"WD","SE"
459,2,251,"WD","SE"
57,9,251,"WD","SE"
222,1,251,"WD","SE"
132,1,251,"WD","SE"
11,30,251,"WD","SE"
352,2,251,"WD","SE"
365,1,252,"WD","SE"
519,4,252,"WD","SE"
458,1,252,"WD","SE"
40,6,252,"WD","SE"
465,1,252,"WD","SE"
6,4,252,"WD","SE"
534,3,252,"WD","SE"
215,1,252,"WD","SE"
123,2,252,"WD","SE"
166,1,252,"WD","SE"
276,4,252,"WD","SE"
186,1,252,"WD","SE"
295,4,252,"WD","SE"
187,1,252,"WD","SE"
433,2,252,"WD","SE"
193,1,252,"WD","SE"
7,24,252,"WD","SE"
503,22,252,"WD","SE"
386,1,252,"WD","SE"
14,16,252,"WD","SE"
439,2,252,"WD","SE"
118,1,252,"WD","SE"
416,1,252,"WD","SE"
158,2,252,"WD","SE"
390,4,252,"WD","SE"
540,3,253,"WD","SE"
67,9,253,"WD","SE"
250,1,253,"WD","SE"
504,35,253,"WD","SE"
170,1,253,"WD","SE"
91,8,253,"WD","SE"
469,5,253,"WD","SE"
196,2,253,"WD","SE"
437,1,253,"WD","SE"
41,1,253,"WD","SE"
428,1,253,"WD","SE"
361,3,253,"WD","SE"
420,1,253,"WD","SE"
460,1,253,"WD","SE"
142,1,253,"WD","SE"
140,1,253,"WD","SE"
398,1,253,"WD","SE"
544,3,253,"WD","SE"
28,22,253,"WD","SE"
138,3,253,"WD","SE"
209,1,253,"WD","SE"
467,4,253,"WD","SE"
357,1,253,"WD","SE"
232,3,253,"WD","SE"
80,10,253,"WD","SE"
517,3,254,"WD","SE"
341,2,254,"WD","SE"
390,4,254,"WD","SE"
401,1,254,"WD","SE"
203,1,254,"WD","SE"
304,1,254,"WD","SE"
183,2,254,"WD","SE"
372,2,254,"WD","SE"
7,24,254,"WD","SE"
40,6,254,"WD","SE"
424,1,254,"WD","SE"
326,1,254,"WD","SE"
4,9,254,"WD","SE"
389,2,254,"WD","SE"
317,2,254,"WD","SE"
51,3,254,"WD","SE"
82,3,254,"WD","SE"
344,1,254,"WD","SE"
458,1,254,"WD","SE"
170,1,254,"WD","SE"
308,1,254,"WD","SE"
103,1,254,"WD","SE"
158,2,254,"WD","SE"
546,1,254,"WD","SE"
363,1,254,"WD","SE"
524,1,255,"WD","SE"
74,1,255,"WD","SE"
84,1,255,"WD","SE"
105,1,255,"WD","SE"
205,2,255,"WD","SE"
398,1,255,"WD","SE"
365,1,255,"WD","SE"
303,2,255,"WD","SE"
467,4,255,"WD","SE"
4,9,255,"WD","SE"
228,1,255,"WD","SE"
368,1,255,"WD","SE"
196,2,255,"WD","SE"
414,1,255,"WD","SE"
141,1,255,"WD","SE"
544,3,255,"WD","SE"
158,2,255,"WD","SE"
50,4,255,"WD","SE"
546,1,255,"WD","SE"
13,4,255,"WD","SE"
517,3,255,"WD","SE"
389,2,255,"WD","SE"
380,3,255,"WD","SE"
350,1,255,"WD","SE"
138,3,255,"WD","SE"
349,1,256,"WD","SE"
57,9,256,"WD","SE"
415,1,256,"WD","SE"
295,4,256,"WD","SE"
486,3,256,"WD","SE"
308,1,256,"WD","SE"
425,3,256,"WD","SE"
7,24,256,"WD","SE"
141,1,256,"WD","SE"
427,1,256,"WD","SE"
548,1,256,"WD","SE"
61,37,256,"WD","SE"
198,1,256,"WD","SE"
524,1,256,"WD","SE"
28,22,256,"WD","SE"
472,1,256,"WD","SE"
419,1,256,"WD","SE"
534,3,256,"WD","SE"
546,1,256,"WD","SE"
348,2,256,"WD","SE"
517,3,256,"WD","SE"
411,1,256,"WD","SE"
513,4,256,"WD","SE"
92,1,256,"WD","SE"
374,2,256,"WD","SE"
215,1,257,"WD","SE"
58,2,257,"WD","SE"
244,2,257,"WD","SE"
390,4,257,"WD","SE"
420,1,257,"WD","SE"
383,1,257,"WD","SE"
496,26,257,"WD","SE"
386,1,257,"WD","SE"
158,2,257,"WD","SE"
457,1,257,"WD","SE"
348,2,257,"WD","SE"
186,1,257,"WD","SE"
57,9,257,"WD","SE"
203,1,257,"WD","SE"
404,1,257,"WD","SE"
53,1,257,"WD","SE"
467,4,257,"WD","SE"
190,1,257,"WD","SE"
370,1,257,"WD","SE"
209,1,257,"WD","SE"
12,9,257,"WD","SE"
123,2,257,"WD","SE"
37,1,257,"WD","SE"
346,1,257,"WD","SE"
286,1,257,"WD","SE"
71,1,258,"WD","SE"
398,1,258,"WD","SE"
166,1,258,"WD","SE"
433,2,258,"WD","SE"
459,2,258,"WD","SE"
348,2,258,"WD","SE"
389,2,258,"WD","SE"
138,3,258,"WD","SE"
425,3,258,"WD","SE"
447,3,258,"WD","SE"
457,1,258,"WD","SE"
383,1,258,"WD","SE"
404,1,258,"WD","SE"
255,1,258,"WD","SE"
504,35,258,"WD","SE"
86,2,258,"WD","SE"
67,9,258,"WD","SE"
196,2,258,"WD","SE"
232,3,258,"WD","SE"
525,5,258,"WD","SE"
426,2,258,"WD","SE"
6,4,258,"WD","SE"
186,1,258,"WD","SE"
187,1,258,"WD","SE"
375,1,258,"WD","SE"
198,1,259,"WD","SE"
51,3,259,"WD","SE"
286,1,259,"WD","SE"
264,1,259,"WD","SE"
4,9,259,"WD","SE"
244,2,259,"WD","SE"
223,1,259,"WD","SE"
503,22,259,"WD","SE"
301,1,259,"WD","SE"
142,1,259,"WD","SE"
61,37,259,"WD","SE"
389,2,259,"WD","SE"
203,1,259,"WD","SE"
304,1,259,"WD","SE"
326,1,259,"WD","SE"
173,1,259,"WD","SE"
445,10,259,"WD","SE"
502,18,259,"WD","SE"
205,2,259,"WD","SE"
193,1,259,"WD","SE"
45,7,259,"WD","SE"
461,1,259,"WD","SE"
369,1,259,"WD","SE"
48,4,259,"WD","SE"
458,1,259,"WD","SE"
414,1,260,"WD","SE"
425,3,260,"WD","SE"
317,2,260,"WD","SE"
222,1,260,"WD","SE"
503,22,260,"WD","SE"
482,3,260,"WD","SE"
457,1,260,"WD","SE"
276,4,260,"WD","SE"
438,4,260,"WD","SE"
501,24,260,"WD","SE"
318,2,260,"WD","SE"
45,7,260,"WD","SE"
547,1,260,"WD","SE"
247,1,260,"WD","SE"
544,3,260,"WD","SE"
467,4,260,"WD","SE"
14,16,260,"WD","SE"
346,1,260,"WD","SE"
361,3,260,"WD","SE"
378,1,260,"WD","SE"
32,9,260,"WD","SE"
285,1,260,"WD","SE"
186,1,260,"WD","SE"
367,2,260,"WD","SE"
465,1,260,"WD","SE"
499,28,261,"WD","SE"
401,1,261,"WD","SE"
301,1,261,"WD","SE"
344,1,261,"WD","SE"
370,1,261,"WD","SE"
455,2,261,"WD","SE"
91,8,261,"WD","SE"
354,1,261,"WD","SE"
248,1,261,"WD","SE"
92,1,261,"WD","SE"
49,1,261,"WD","SE"
463,1,261,"WD","SE"
118,1,261,"WD","SE"
278,1,261,"WD","SE"
276,4,261,"WD","SE"
43,1,261,"WD","SE"
93,3,261,"WD","SE"
482,3,261,"WD","SE"
205,2,261,"WD","SE"
460,1,261,"WD","SE"
544,3,261,"WD","SE"
502,18,261,"WD","SE"
438,4,261,"WD","SE"
416,1,261,"WD","SE"
425,3,261,"WD","SE"
29,2,262,"WD","SE"
344,1,262,"WD","SE"
352,2,262,"WD","SE"
203,1,262,"WD","SE"
422,3,262,"WD","SE"
503,22,262,"WD","SE"
12,9,262,"WD","SE"
457,1,262,"WD","SE"
173,1,262,"WD","SE"
467,4,262,"WD","SE"
16,6,262,"WD","SE"
438,4,262,"WD","SE"
386,1,262,"WD","SE"
86,2,262,"WD","SE"
486,3,262,"WD","SE"
38,5,262,"WD","SE"
417,1,262,"WD","SE"
7,24,262,"WD","SE"
445,10,262,"WD","SE"
5,9,262,"WD","SE"
411,1,262,"WD","SE"
519,4,262,"WD","SE"
380,3,262,"WD","SE"
74,1,262,"WD","SE"
143,1,262,"WD","SE"
425,3,263,"WD","SE"
523,4,263,"WD","SE"
32,9,263,"WD","SE"
501,24,263,"WD","SE"
385,1,263,"WD","SE"
318,2,263,"WD","SE"
467,4,263,"WD","SE"
93,3,263,"WD","SE"
398,1,263,"WD","SE"
546,1,263,"WD","SE"
205,2,263,"WD","SE"
421,5,263,"WD","SE"
33,12,263,"WD","SE"
186,1,263,"WD","SE"
228,1,263,"WD","SE"
370,1,263,"WD","SE"
417,1,263,"WD","SE"
232,3,263,"WD","SE"
317,2,263,"WD","SE"
368,1,263,"WD","SE"
196,2,263,"WD","SE"
170,1,263,"WD","SE"
376,2,263,"WD","SE"
439,2,263,"WD","SE"
286,1,263,"WD","SE"
466,1,264,"WD","SE"
51,3,264,"WD","SE"
13,4,264,"WD","SE"
426,2,264,"WD","SE"
186,1,264,"WD","SE"
1,3,264,"WD","SE"
445,10,264,"WD","SE"
419,1,264,"WD","SE"
37,1,264,"WD","SE"
203,1,264,"WD","SE"
304,1,264,"WD","SE"
44,35,264,"WD","SE"
498,27,264,"WD","SE"
32,9,264,"WD","SE"
38,5,264,"WD","SE"
455,2,264,"WD","SE"
397,1,264,"WD","SE"
540,3,264,"WD","SE"
4,9,264,"WD","SE"
534,3,264,"WD","SE"
249,2,264,"WD","SE"
131,1,264,"WD","SE"
237,1,264,"WD","SE"
503,22,264,"WD","SE"
500,25,264,"WD","SE"
458,1,265,"WD","SE"
303,2,265,"WD","SE"
439,2,265,"WD","SE"
546,1,265,"WD","SE"
344,1,265,"WD","SE"
378,1,265,"WD","SE"
498,27,265,"WD","SE"
524,1,265,"WD","SE"
459,2,265,"WD","SE"
410,2,265,"WD","SE"
547,1,265,"WD","SE"
503,22,265,"WD","SE"
105,1,265,"WD","SE"
369,1,265,"WD","SE"
123,2,265,"WD","SE"
118,1,265,"WD","SE"
1,3,265,"WD","SE"
164,4,265,"WD","SE"
545,2,265,"WD","SE"
36,6,265,"WD","SE"
466,1,265,"WD","SE"
202,1,265,"WD","SE"
90,3,265,"WD","SE"
52,2,265,"WD","SE"
548,1,265,"WD","SE"
426,2,266,"WD","SE"
1,3,266,"WD","SE"
338,3,266,"WD","SE"
502,18,266,"WD","SE"
551,1,266,"WD","SE"
404,1,266,"WD","SE"
445,10,266,"WD","SE"
416,1,266,"WD","SE"
248,1,266,"WD","SE"
447,3,266,"WD","SE"
173,1,266,"WD","SE"
415,1,266,"WD","SE"
354,1,266,"WD","SE"
64,23,266,"WD","SE"
17,5,266,"WD","SE"
250,1,266,"WD","SE"
51,3,266,"WD","SE"
472,1,266,"WD","SE"
344,1,266,"WD","SE"
376,2,266,"WD","SE"
103,1,266,"WD","SE"
84,1,266,"WD","SE"
438,4,266,"WD","SE"
483,3,266,"WD","SE"
398,1,266,"WD","SE"
501,24,267,"WD","SE"
513,4,267,"WD","SE"
71,1,267,"WD","SE"
158,2,267,"WD","SE"
496,26,267,"WD","SE"
308,1,267,"WD","SE"
41,1,267,"WD","SE"
59,5,267,"WD","SE"
11,30,267,"WD","SE"
346,1,267,"WD","SE"
37,1,267,"WD","SE"
13,4,267,"WD","SE"
285,1,267,"WD","SE"
61,37,267,"WD","SE"
26,41,267,"WD","SE"
381,2,267,"WD","SE"
545,2,267,"WD","SE"
138,3,267,"WD","SE"
354,1,267,"WD","SE"
519,4,267,"WD","SE"
209,1,267,"WD","SE"
12,9,267,"WD","SE"
244,2,267,"WD","SE"
205,2,267,"WD","SE"
508,23,267,"WD","SE"
187,1,268,"WD","SE"
32,9,268,"WD","SE"
58,2,268,"WD","SE"
72,8,268,"WD","SE"
144,1,268,"WD","SE"
249,2,268,"WD","SE"
375,1,268,"WD","SE"
186,1,268,"WD","SE"
385,1,268,"WD","SE"
90,3,268,"WD","SE"
203,1,268,"WD","SE"
427,1,268,"WD","SE"
9,1,268,"WD","SE"
471,2,268,"WD","SE"
301,1,268,"WD","SE"
358,15,268,"WD","SE"
372,2,268,"WD","SE"
377,2,268,"WD","SE"
193,1,268,"WD","SE"
285,1,268,"WD","SE"
341,2,268,"WD","SE"
499,28,268,"WD","SE"
455,2,268,"WD","SE"
303,2,268,"WD","SE"
524,1,268,"WD","SE"
247,1,269,"WD","SE"
551,1,269,"WD","SE"
5,9,269,"WD","SE"
205,2,269,"WD","SE"
374,2,269,"WD","SE"
4,9,269,"WD","SE"
166,1,269,"WD","SE"
37,1,269,"WD","SE"
215,1,269,"WD","SE"
459,2,269,"WD","SE"
16,6,269,"WD","SE"
417,1,269,"WD","SE"
20,6,269,"WD","SE"
445,10,269,"WD","SE"
483,3,269,"WD","SE"
91,8,269,"WD","SE"
372,2,269,"WD","SE"
503,22,269,"WD","SE"
500,25,269,"WD","SE"
473,1,269,"WD","SE"
322,1,269,"WD","SE"
354,1,269,"WD","SE"
422,3,269,"WD","SE"
466,1,269,"WD","SE"
190,1,269,"WD","SE"
502,18,270,"WD","SE"
463,1,270,"WD","SE"
381,2,270,"WD","SE"
318,2,270,"WD","SE"
467,4,270,"WD","SE"
38,5,270,"WD","SE"
365,1,270,"WD","SE"
11,30,270,"WD","SE"
170,1,270,"WD","SE"
17,5,270,"WD","SE"
458,1,270,"WD","SE"
427,1,270,"WD","SE"
131,1,270,"WD","SE"
255,1,270,"WD","SE"
92,1,270,"WD","SE"
222,1,270,"WD","SE"
5,9,270,"WD","SE"
338,3,270,"WD","SE"
40,6,270,"WD","SE"
424,1,270,"WD","SE"
202,1,270,"WD","SE"
486,3,270,"WD","SE"
123,2,270,"WD","SE"
179,7,270,"WD","SE"
64,23,270,"WD","SE"
41,1,271,"WD","SE"
67,9,271,"WD","SE"
397,1,271,"WD","SE"
377,2,271,"WD","SE"
438,4,271,"WD","SE"
507,11,271,"WD","SE"
285,1,271,"WD","SE"
64,23,271,"WD","SE"
374,2,271,"WD","SE"
322,1,271,"WD","SE"
544,3,271,"WD","SE"
57,9,271,"WD","SE"
78,9,271,"WD","SE"
279,1,271,"WD","SE"
303,2,271,"WD","SE"
128,1,271,"WD","SE"
422,3,271,"WD","SE"
7,24,271,"WD","SE"
523,4,271,"WD","SE"
424,1,271,"WD","SE"
38,5,271,"WD","SE"
222,1,271,"WD","SE"
394,1,271,"WD","SE"
390,4,271,"WD","SE"
50,4,271,"WD","SE"
368,1,272,"WD","SE"
370,1,272,"WD","SE"
352,2,272,"WD","SE"
349,1,272,"WD","SE"
473,1,272,"WD","SE"
131,1,272,"WD","SE"
483,3,272,"WD","SE"
365,1,272,"WD","SE"
40,6,272,"WD","SE"
304,1,272,"WD","SE"
468,1,272,"WD","SE"
58,2,272,"WD","SE"
463,1,272,"WD","SE"
32,9,272,"WD","SE"
435,2,272,"WD","SE"
348,2,272,"WD","SE"
437,1,272,"WD","SE"
38,5,272,"WD","SE"
548,1,272,"WD","SE"
173,1,272,"WD","SE"
276,4,272,"WD","SE"
449,1,272,"WD","SE"
544,3,272,"WD","SE"
386,1,272,"WD","SE"
516,3,272,"WD","SE"
198,1,273,"WD","SE"
435,2,273,"WD","SE"
72,8,273,"WD","SE"
383,1,273,"WD","SE"
514,3,273,"WD","SE"
356,1,273,"WD","SE"
447,3,273,"WD","SE"
103,1,273,"WD","SE"
504,35,273,"WD","SE"
28,22,273,"WD","SE"
20,6,273,"WD","SE"
372,2,273,"WD","SE"
498,27,273,"WD","SE"
517,3,273,"WD","SE"
23,7,273,"WD","SE"
250,1,273,"WD","SE"
295,4,273,"WD","SE"
64,23,273,"WD","SE"
123,2,273,"WD","SE"
459,2,273,"WD","SE"
458,1,273,"WD","SE"
249,2,273,"WD","SE"
411,1,273,"WD","SE"
546,1,273,"WD","SE"
358,15,273,"WD","SE"
184,1,274,"WD","SE"
496,26,274,"WD","SE"
40,6,274,"WD","SE"
49,1,274,"WD","SE"
411,1,274,"WD","SE"
86,2,274,"WD","SE"
517,3,274,"WD","SE"
375,1,274,"WD","SE"
141,1,274,"WD","SE"
33,12,274,"WD","SE"
11,30,274,"WD","SE"
468,1,274,"WD","SE"
414,1,274,"WD","SE"
367,2,274,"WD","SE"
237,1,274,"WD","SE"
502,18,274,"WD","SE"
131,1,274,"WD","SE"
16,6,274,"WD","SE"
209,1,274,"WD","SE"
308,1,274,"WD","SE"
164,4,274,"WD","SE"
214,1,274,"WD","SE"
132,1,274,"WD","SE"
383,1,274,"WD","SE"
447,3,274,"WD","SE"
276,4,275,"WD","SE"
410,2,275,"WD","SE"
524,1,275,"WD","SE"
459,2,275,"WD","SE"
445,10,275,"WD","SE"
252,1,275,"WD","SE"
438,4,275,"WD","SE"
377,2,275,"WD","SE"
415,1,275,"WD","SE"
350,1,275,"WD","SE"
551,1,275,"WD","SE"
500,25,275,"WD","SE"
190,1,275,"WD","SE"
463,1,275,"WD","SE"
50,4,275,"WD","SE"
64,23,275,"WD","SE"
61,37,275,"WD","SE"
435,2,275,"WD","SE"
457,1,275,"WD","SE"
394,1,275,"WD","SE"
352,2,275,"WD","SE"
132,1,275,"WD","SE"
40,6,275,"WD","SE"
455,2,275,"WD","SE"
16,6,275,"WD","SE"
249,2,276,"WD","SE"
394,1,276,"WD","SE"
12,9,276,"WD","SE"
131,1,276,"WD","SE"
551,1,276,"WD","SE"
48,4,276,"WD","SE"
53,1,276,"WD","SE"
377,2,276,"WD","SE"
496,26,276,"WD","SE"
514,3,276,"WD","SE"
40,6,276,"WD","SE"
390,4,276,"WD","SE"
501,24,276,"WD","SE"
140,1,276,"WD","SE"
58,2,276,"WD","SE"
250,1,276,"WD","SE"
57,9,276,"WD","SE"
534,3,276,"WD","SE"
435,2,276,"WD","SE"
7,24,276,"WD","SE"
132,1,276,"WD","SE"
276,4,276,"WD","SE"
166,1,276,"WD","SE"
29,2,276,"WD","SE"
358,15,276,"WD","SE"
544,3,277,"WD","SE"
524,1,277,"WD","SE"
84,1,277,"WD","SE"
510,18,277,"WD","SE"
514,3,277,"WD","SE"
164,4,277,"WD","SE"
523,4,277,"WD","SE"
500,25,277,"WD","SE"
343,6,277,"WD","SE"
435,2,277,"WD","SE"
383,1,277,"WD","SE"
203,1,277,"WD","SE"
123,2,277,"WD","SE"
183,2,277,"WD","SE"
441,2,277,"WD","SE"
19,8,277,"WD","SE"
445,10,277,"WD","SE"
394,1,277,"WD","SE"
77,18,277,"WD","SE"
48,4,277,"WD","SE"
370,1,277,"WD","SE"
468,1,277,"WD","SE"
361,3,277,"WD","SE"
390,4,277,"WD","SE"
426,2,277,"WD","SE"
411,1,278,"WD","SE"
1,3,278,"WD","SE"
513,4,278,"WD","SE"
469,5,278,"WD","SE"
118,1,278,"WD","SE"
285,1,278,"WD","SE"
103,1,278,"WD","SE"
401,1,278,"WD","SE"
546,1,278,"WD","SE"
374,2,278,"WD","SE"
514,3,278,"WD","SE"
354,1,278,"WD","SE"
202,1,278,"WD","SE"
465,1,278,"WD","SE"
534,3,278,"WD","SE"
78,9,278,"WD","SE"
259,3,278,"WD","SE"
58,2,278,"WD","SE"
247,1,278,"WD","SE"
548,1,278,"WD","SE"
441,2,278,"WD","SE"
41,1,278,"WD","SE"
458,1,278,"WD","SE"
45,7,278,"WD","SE"
37,1,278,"WD","SE"
74,1,279,"WD","SE"
20,6,279,"WD","SE"
187,1,279,"WD","SE"
286,1,279,"WD","SE"
425,3,279,"WD","SE"
410,2,279,"WD","SE"
40,6,279,"WD","SE"
295,4,279,"WD","SE"
346,1,279,"WD","SE"
517,3,279,"WD","SE"
421,5,279,"WD","SE"
47,10,279,"WD","SE"
501,24,279,"WD","SE"
7,24,279,"WD","SE"
308,1,279,"WD","SE"
126,2,279,"WD","SE"
37,1,279,"WD","SE"
28,22,279,"WD","SE"
250,1,279,"WD","SE"
93,3,279,"WD","SE"
140,1,279,"WD","SE"
350,1,279,"WD","SE"
184,1,279,"WD","SE"
266,1,279,"WD","SE"
144,1,279,"WD","SE"
544,3,280,"WD","SE"
50,4,280,"WD","SE"
209,1,280,"WD","SE"
38,5,280,"WD","SE"
524,1,280,"WD","SE"
295,4,280,"WD","SE"
428,1,280,"WD","SE"
28,22,280,"WD","SE"
504,35,280,"WD","SE"
501,24,280,"WD","SE"
322,1,280,"WD","SE"
249,2,280,"WD","SE"
16,6,280,"WD","SE"
170,1,280,"WD","SE"
507,11,280,"WD","SE"
123,2,280,"WD","SE"
232,3,280,"WD","SE"
457,1,280,"WD","SE"
517,3,280,"WD","SE"
74,1,280,"WD","SE"
237,1,280,"WD","SE"
435,2,280,"WD","SE"
374,2,280,"WD","SE"
343,6,280,"WD","SE"
401,1,280,"WD","SE"
76,6,281,"WD","SE"
424,1,281,"WD","SE"
187,1,281,"WD","SE"
318,2,281,"WD","SE"
252,1,281,"WD","SE"
386,1,281,"WD","SE"
166,1,281,"WD","SE"
346,1,281,"WD","SE"
419,1,281,"WD","SE"
80,10,281,"WD","SE"
247,1,281,"WD","SE"
45,7,281,"WD","SE"
501,24,281,"WD","SE"
411,1,281,"WD","SE"
375,1,281,"WD","SE"
20,6,281,"WD","SE"
123,2,281,"WD","SE"
507,11,281,"WD","SE"
441,2,281,"WD","SE"
132,1,281,"WD","SE"
143,1,281,"WD","SE"
338,3,281,"WD","SE"
486,3,281,"WD","SE"
295,4,281,"WD","SE"
410,2,281,"WD","SE"
4,9,282,"WD","SE"
279,1,282,"WD","SE"
143,1,282,"WD","SE"
266,1,282,"WD","SE"
420,1,282,"WD","SE"
525,5,282,"WD","SE"
51,3,282,"WD","SE"
397,1,282,"WD","SE"
419,1,282,"WD","SE"
138,3,282,"WD","SE"
463,1,282,"WD","SE"
286,1,282,"WD","SE"
430,4,282,"WD","SE"
158,2,282,"WD","SE"
6,4,282,"WD","SE"
50,4,282,"WD","SE"
435,2,282,"WD","SE"
367,2,282,"WD","SE"
501,24,282,"WD","SE"
61,37,282,"WD","SE"
370,1,282,"WD","SE"
48,4,282,"WD","SE"
47,10,282,"WD","SE"
499,28,282,"WD","SE"
59,5,282,"WD","SE"
158,2,283,"WD","SE"
255,1,283,"WD","SE"
61,37,283,"WD","SE"
13,4,283,"WD","SE"
439,2,283,"WD","SE"
232,3,283,"WD","SE"
430,4,283,"WD","SE"
510,18,283,"WD","SE"
179,7,283,"WD","SE"
390,4,283,"WD","SE"
372,2,283,"WD","SE"
415,1,283,"WD","SE"
308,1,283,"WD","SE"
486,3,283,"WD","SE"
44,35,283,"WD","SE"
428,1,283,"WD","SE"
259,3,283,"WD","SE"
365,1,283,"WD","SE"
264,1,283,"WD","SE"
252,1,283,"WD","SE"
209,1,283,"WD","SE"
6,4,283,"WD","SE"
352,2,283,"WD","SE"
424,1,283,"WD","SE"
222,1,283,"WD","SE"
341,2,284,"WD","SE"
51,3,284,"WD","SE"
401,1,284,"WD","SE"
508,23,284,"WD","SE"
132,1,284,"WD","SE"
398,1,284,"WD","SE"
48,4,284,"WD","SE"
441,2,284,"WD","SE"
458,1,284,"WD","SE"
57,9,284,"WD","SE"
386,1,284,"WD","SE"
14,16,284,"WD","SE"
32,9,284,"WD","SE"
144,1,284,"WD","SE"
510,18,284,"WD","SE"
419,1,284,"WD","SE"
250,1,284,"WD","SE"
80,10,284,"WD","SE"
118,1,284,"WD","SE"
449,1,284,"WD","SE"
365,1,284,"WD","SE"
496,26,284,"WD","SE"
7,24,284,"WD","SE"
546,1,284,"WD","SE"
49,1,284,"WD","SE"
546,1,285,"WD","SE"
279,1,285,"WD","SE"
26,41,285,"WD","SE"
91,8,285,"WD","SE"
7,24,285,"WD","SE"
143,1,285,"WD","SE"
365,1,285,"WD","SE"
447,3,285,"WD","SE"
372,2,285,"WD","SE"
368,1,285,"WD","SE"
507,11,285,"WD","SE"
439,2,285,"WD","SE"
51,3,285,"WD","SE"
67,9,285,"WD","SE"
483,3,285,"WD","SE"
313,1,285,"WD","SE"
427,1,285,"WD","SE"
126,2,285,"WD","SE"
103,1,285,"WD","SE"
545,2,285,"WD","SE"
401,1,285,"WD","SE"
510,18,285,"WD","SE"
82,3,285,"WD","SE"
414,1,285,"WD","SE"
37,1,285,"WD","SE"
367,2,286,"WD","SE"
209,1,286,"WD","SE"
264,1,286,"WD","SE"
19,8,286,"WD","SE"
369,1,286,"WD","SE"
438,4,286,"WD","SE"
326,1,286,"WD","SE"
415,1,286,"WD","SE"
424,1,286,"WD","SE"
279,1,286,"WD","SE"
118,1,286,"WD","SE"
350,1,286,"WD","SE"
17,5,286,"WD","SE"
385,1,286,"WD","SE"
349,1,286,"WD","SE"
548,1,286,"WD","SE"
375,1,286,"WD","SE"
48,4,286,"WD","SE"
86,2,286,"WD","SE"
37,1,286,"WD","SE"
72,8,286,"WD","SE"
433,2,286,"WD","SE"
459,2,286,"WD","SE"
344,1,286,"WD","SE"
126,2,286,"WD","SE"
295,4,287,"WD","SE"
247,1,287,"WD","SE"
498,27,287,"WD","SE"
465,1,287,"WD","SE"
43,1,287,"WD","SE"
4,9,287,"WD","SE"
51,3,287,"WD","SE"
375,1,287,"WD","SE"
36,6,287,"WD","SE"
545,2,287,"WD","SE"
372,2,287,"WD","SE"
215,1,287,"WD","SE"
424,1,287,"WD","SE"
78,9,287,"WD","SE"
370,1,287,"WD","SE"
361,3,287,"WD","SE"
23,7,287,"WD","SE"
500,25,287,"WD","SE"
426,2,287,"WD","SE"
338,3,287,"WD","SE"
420,1,287,"WD","SE"
252,1,287,"WD","SE"
401,1,287,"WD","SE"
74,1,287,"WD","SE"
428,1,287,"WD","SE"
455,2,288,"WD","SE"
513,4,288,"WD","SE"
401,1,288,"WD","SE"
369,1,288,"WD","SE"
282,1,288,"WD","SE"
278,1,288,"WD","SE"
9,1,288,"WD","SE"
264,1,288,"WD","SE"
143,1,288,"WD","SE"
93,3,288,"WD","SE"
361,3,288,"WD","SE"
126,2,288,"WD","SE"
187,1,288,"WD","SE"
232,3,288,"WD","SE"
437,1,288,"WD","SE"
470,5,288,"WD","SE"
372,2,288,"WD","SE"
205,2,288,"WD","SE"
37,1,288,"WD","SE"
209,1,288,"WD","SE"
228,1,288,"WD","SE"
41,1,288,"WD","SE"
404,1,288,"WD","SE"
140,1,288,"WD","SE"
385,1,288,"WD","SE"
302,1,289,"WD","SE"
524,1,289,"WD","SE"
422,3,289,"WD","SE"
455,2,289,"WD","SE"
421,5,289,"WD","SE"
394,1,289,"WD","SE"
19,8,289,"WD","SE"
326,1,289,"WD","SE"
459,2,289,"WD","SE"
132,1,289,"WD","SE"
545,2,289,"WD","SE"
48,4,289,"WD","SE"
473,1,289,"WD","SE"
500,25,289,"WD","SE"
482,3,289,"WD","SE"
354,1,289,"WD","SE"
38,5,289,"WD","SE"
4,9,289,"WD","SE"
32,9,289,"WD","SE"
187,1,289,"WD","SE"
363,1,289,"WD","SE"
350,1,289,"WD","SE"
420,1,289,"WD","SE"
144,1,289,"WD","SE"
438,4,289,"WD","SE"
375,1,290,"WD","SE"
414,1,290,"WD","SE"
424,1,290,"WD","SE"
132,1,290,"WD","SE"
499,28,290,"WD","SE"
357,1,290,"WD","SE"
439,2,290,"WD","SE"
19,8,290,"WD","SE"
40,6,290,"WD","SE"
517,3,290,"WD","SE"
128,1,290,"WD","SE"
86,2,290,"WD","SE"
467,4,290,"WD","SE"
551,1,290,"WD","SE"
32,9,290,"WD","SE"
6,4,290,"WD","SE"
469,5,290,"WD","SE"
143,1,290,"WD","SE"
302,1,290,"WD","SE"
77,18,290,"WD","SE"
158,2,290,"WD","SE"
126,2,290,"WD","SE"
350,1,290,"WD","SE"
500,25,290,"WD","SE"
67,9,290,"WD","SE"
348,2,291,"WD","SE"
48,4,291,"WD","SE"
29,2,291,"WD","SE"
304,1,291,"WD","SE"
92,1,291,"WD","SE"
551,1,291,"WD","SE"
519,4,291,"WD","SE"
285,1,291,"WD","SE"
198,1,291,"WD","SE"
422,3,291,"WD","SE"
354,1,291,"WD","SE"
45,7,291,"WD","SE"
84,1,291,"WD","SE"
428,1,291,"WD","SE"
467,4,291,"WD","SE"
548,1,291,"WD","SE"
7,24,291,"WD","SE"
455,2,291,"WD","SE"
303,2,291,"WD","SE"
50,4,291,"WD","SE"
179,7,291,"WD","SE"
401,1,291,"WD","SE"
278,1,291,"WD","SE"
463,1,291,"WD","SE"
196,2,291,"WD","SE"
482,3,292,"WD","SE"
173,1,292,"WD","SE"
377,2,292,"WD","SE"
92,1,292,"WD","SE"
486,3,292,"WD","SE"
237,1,292,"WD","SE"
544,3,292,"WD","SE"
202,1,292,"WD","SE"
71,1,292,"WD","SE"
350,1,292,"WD","SE"
223,1,292,"WD","SE"
398,1,292,"WD","SE"
249,2,292,"WD","SE"
80,10,292,"WD","SE"
471,2,292,"WD","SE"
286,1,292,"WD","SE"
401,1,292,"WD","SE"
361,3,292,"WD","SE"
380,3,292,"WD","SE"
19,8,292,"WD","SE"
411,1,292,"WD","SE"
279,1,292,"WD","SE"
523,4,292,"WD","SE"
447,3,292,"WD","SE"
105,1,292,"WD","SE"
540,3,293,"WD","SE"
17,5,293,"WD","SE"
14,16,293,"WD","SE"
471,2,293,"WD","SE"
458,1,293,"WD","SE"
317,2,293,"WD","SE"
417,1,293,"WD","SE"
38,5,293,"WD","SE"
45,7,293,"WD","SE"
483,3,293,"WD","SE"
503,22,293,"WD","SE"
232,3,293,"WD","SE"
308,1,293,"WD","SE"
9,1,293,"WD","SE"
237,1,293,"WD","SE"
447,3,293,"WD","SE"
470,5,293,"WD","SE"
463,1,293,"WD","SE"
398,1,293,"WD","SE"
424,1,293,"WD","SE"
546,1,293,"WD","SE"
255,1,293,"WD","SE"
286,1,293,"WD","SE"
266,1,293,"WD","SE"
76,6,293,"WD","SE"
183,2,294,"WD","SE"
372,2,294,"WD","SE"
286,1,294,"WD","SE"
77,18,294,"WD","SE"
433,2,294,"WD","SE"
501,24,294,"WD","SE"
426,2,294,"WD","SE"
308,1,294,"WD","SE"
398,1,294,"WD","SE"
190,1,294,"WD","SE"
302,1,294,"WD","SE"
390,4,294,"WD","SE"
357,1,294,"WD","SE"
118,1,294,"WD","SE"
472,1,294,"WD","SE"
4,9,294,"WD","SE"
232,3,294,"WD","SE"
344,1,294,"WD","SE"
350,1,294,"WD","SE"
437,1,294,"WD","SE"
375,1,294,"WD","SE"
237,1,294,"WD","SE"
389,2,294,"WD","SE"
249,2,294,"WD","SE"
381,2,294,"WD","SE"
86,2,295,"WD","SE"
519,4,295,"WD","SE"
363,1,295,"WD","SE"
58,2,295,"WD","SE"
404,1,295,"WD","SE"
38,5,295,"WD","SE"
16,6,295,"WD","SE"
141,1,295,"WD","SE"
460,1,295,"WD","SE"
369,1,295,"WD","SE"
37,1,295,"WD","SE"
534,3,295,"WD","SE"
419,1,295,"WD","SE"
383,1,295,"WD","SE"
166,1,295,"WD","SE"
198,1,295,"WD","SE"
105,1,295,"WD","SE"
64,23,295,"WD","SE"
338,3,295,"WD","SE"
357,1,295,"WD","SE"
285,1,295,"WD","SE"
44,35,295,"WD","SE"
131,1,295,"WD","SE"
193,1,295,"WD","SE"
411,1,295,"WD","SE"
183,2,296,"WD","SE"
503,22,296,"WD","SE"
465,1,296,"WD","SE"
48,4,296,"WD","SE"
295,4,296,"WD","SE"
43,1,296,"WD","SE"
93,3,296,"WD","SE"
422,3,296,"WD","SE"
352,2,296,"WD","SE"
132,1,296,"WD","SE"
1,3,296,"WD","SE"
13,4,296,"WD","SE"
513,4,296,"WD","SE"
363,1,296,"WD","SE"
471,2,296,"WD","SE"
417,1,296,"WD","SE"
71,1,296,"WD","SE"
419,1,296,"WD","SE"
322,1,296,"WD","SE"
131,1,296,"WD","SE"
445,10,296,"WD","SE"
430,4,296,"WD","SE"
383,1,296,"WD","SE"
318,2,296,"WD","SE"
404,1,296,"WD","SE"
460,1,297,"WD","SE"
255,1,297,"WD","SE"
447,3,297,"WD","SE"
389,2,297,"WD","SE"
228,1,297,"WD","SE"
158,2,297,"WD","SE"
410,2,297,"WD","SE"
440,1,297,"WD","SE"
363,1,297,"WD","SE"
346,1,297,"WD","SE"
202,1,297,"WD","SE"
357,1,297,"WD","SE"
32,9,297,"WD","SE"
59,5,297,"WD","SE"
20,6,297,"WD","SE"
205,2,297,"WD","SE"
276,4,297,"WD","SE"
64,23,297,"WD","SE"
390,4,297,"WD","SE"
187,1,297,"WD","SE"
118,1,297,"WD","SE"
61,37,297,"WD","SE"
23,7,297,"WD","SE"
186,1,297,"WD","SE"
19,8,297,"WD","SE"
37,1,298,"WD","SE"
215,1,298,"WD","SE"
397,1,298,"WD","SE"
237,1,298,"WD","SE"
343,6,298,"WD","SE"
422,3,298,"WD","SE"
255,1,298,"WD","SE"
131,1,298,"WD","SE"
190,1,298,"WD","SE"
184,1,298,"WD","SE"
363,1,298,"WD","SE"
16,6,298,"WD","SE"
461,1,298,"WD","SE"
244,2,298,"WD","SE"
469,5,298,"WD","SE"
93,3,298,"WD","SE"
78,9,298,"WD","SE"
523,4,298,"WD","SE"
499,28,298,"WD","SE"
47,10,298,"WD","SE"
507,11,298,"WD","SE"
455,2,298,"WD","SE"
460,1,298,"WD","SE"
193,1,298,"WD","SE"
49,1,298,"WD","SE"
458,1,299,"WD","SE"
437,1,299,"WD","SE"
350,1,299,"WD","SE"
105,1,299,"WD","SE"
441,2,299,"WD","SE"
51,3,299,"WD","SE"
367,2,299,"WD","SE"
499,28,299,"WD","SE"
546,1,299,"WD","SE"
304,1,299,"WD","SE"
141,1,299,"WD","SE"
38,5,299,"WD","SE"
11,30,299,"WD","SE"
426,2,299,"WD","SE"
514,3,299,"WD","SE"
468,1,299,"WD","SE"
126,2,299,"WD","SE"
326,1,299,"WD","SE"
19,8,299,"WD","SE"
14,16,299,"WD","SE"
416,1,299,"WD","SE"
377,2,299,"WD","SE"
424,1,299,"WD","SE"
32,9,299,"WD","SE"
394,1,299,"WD","SE"
282,1,300,"WD","SE"
308,1,300,"WD","SE"
72,8,300,"WD","SE"
103,1,300,"WD","SE"
352,2,300,"WD","SE"
501,24,300,"WD","SE"
304,1,300,"WD","SE"
164,4,300,"WD","SE"
7,24,300,"WD","SE"
510,18,300,"WD","SE"
338,3,300,"WD","SE"
460,1,300,"WD","SE"
430,4,300,"WD","SE"
203,1,300,"WD","SE"
365,1,300,"WD","SE"
378,1,300,"WD","SE"
187,1,300,"WD","SE"
301,1,300,"WD","SE"
551,1,300,"WD","SE"
317,2,300,"WD","SE"
295,4,300,"WD","SE"
356,1,300,"WD","SE"
486,3,300,"WD","SE"
223,1,300,"WD","SE"
19,8,300,"WD","SE"
344,1,301,"WD","SE"
126,2,301,"WD","SE"
164,4,301,"WD","SE"
279,1,301,"WD","SE"
458,1,301,"WD","SE"
519,4,301,"WD","SE"
12,9,301,"WD","SE"
91,8,301,"WD","SE"
11,30,301,"WD","SE"
322,1,301,"WD","SE"
378,1,301,"WD","SE"
205,2,301,"WD","SE"
502,18,301,"WD","SE"
524,1,301,"WD","SE"
513,4,301,"WD","SE"
202,1,301,"WD","SE"
285,1,301,"WD","SE"
348,2,301,"WD","SE"
401,1,301,"WD","SE"
23,7,301,"WD","SE"
144,1,301,"WD","SE"
183,2,301,"WD","SE"
80,10,301,"WD","SE"
516,3,301,"WD","SE"
508,23,301,"WD","SE"
78,9,302,"WD","SE"
302,1,302,"WD","SE"
349,1,302,"WD","SE"
524,1,302,"WD","SE"
427,1,302,"WD","SE"
304,1,302,"WD","SE"
367,2,302,"WD","SE"
276,4,302,"WD","SE"
118,1,302,"WD","SE"
5,9,302,"WD","SE"
346,1,302,"WD","SE"
385,1,302,"WD","SE"
295,4,302,"WD","SE"
264,1,302,"WD","SE"
45,7,302,"WD","SE"
51,3,302,"WD","SE"
501,24,302,"WD","SE"
303,2,302,"WD","SE"
389,2,302,"WD","SE"
358,15,302,"WD","SE"
411,1,302,"WD","SE"
361,3,302,"WD","SE"
140,1,302,"WD","SE"
215,1,302,"WD","SE"
419,1,302,"WD","SE"
394,1,303,"WD","SE"
507,11,303,"WD","SE"
244,2,303,"WD","SE"
447,3,303,"WD","SE"
385,1,303,"WD","SE"
12,9,303,"WD","SE"
158,2,303,"WD","SE"
209,1,303,"WD","SE"
187,1,303,"WD","SE"
286,1,303,"WD","SE"
170,1,303,"WD","SE"
103,1,303,"WD","SE"
84,1,303,"WD","SE"
9,1,303,"WD","SE"
26,41,303,"WD","SE"
52,2,303,"WD","SE"
363,1,303,"WD","SE"
40,6,303,"WD","SE"
64,23,303,"WD","SE"
424,1,303,"WD","SE"
322,1,303,"WD","SE"
303,2,303,"WD","SE"
397,1,303,"WD","SE"
313,1,303,"WD","SE"
50,4,303,"WD","SE"
279,1,304,"WD","SE"
14,16,304,"WD","SE"
118,1,304,"WD","SE"
344,1,304,"WD","SE"
1,3,304,"WD","SE"
186,1,304,"WD","SE"
41,1,304,"WD","SE"
32,9,304,"WD","SE"
128,1,304,"WD","SE"
295,4,304,"WD","SE"
439,2,304,"WD","SE"
465,1,304,"WD","SE"
459,2,304,"WD","SE"
370,1,304,"WD","SE"
411,1,304,"WD","SE"
237,1,304,"WD","SE"
534,3,304,"WD","SE"
7,24,304,"WD","SE"
390,4,304,"WD","SE"
198,1,304,"WD","SE"
463,1,304,"WD","SE"
223,1,304,"WD","SE"
416,1,304,"WD","SE"
158,2,304,"WD","SE"
378,1,304,"WD","SE"
37,1,305,"WD","SE"
93,3,305,"WD","SE"
510,18,305,"WD","SE"
401,1,305,"WD","SE"
276,4,305,"WD","SE"
77,18,305,"WD","SE"
279,1,305,"WD","SE"
23,7,305,"WD","SE"
247,1,305,"WD","SE"
158,2,305,"WD","SE"
365,1,305,"WD","SE"
228,1,305,"WD","SE"
437,1,305,"WD","SE"
457,1,305,"WD","SE"
318,2,305,"WD","SE"
304,1,305,"WD","SE"
465,1,305,"WD","SE"
123,2,305,"WD","SE"
363,1,305,"WD","SE"
486,3,305,"WD","SE"
142,1,305,"WD","SE"
368,1,305,"WD","SE"
126,2,305,"WD","SE"
370,1,305,"WD","SE"
237,1,305,"WD","SE"
29,2,306,"WD","SE"
64,23,306,"WD","SE"
47,10,306,"WD","SE"
343,6,306,"WD","SE"
17,5,306,"WD","SE"
483,3,306,"WD","SE"
428,1,306,"WD","SE"
19,8,306,"WD","SE"
358,15,306,"WD","SE"
26,41,306,"WD","SE"
410,2,306,"WD","SE"
426,2,306,"WD","SE"
44,35,306,"WD","SE"
467,4,306,"WD","SE"
459,2,306,"WD","SE"
214,1,306,"WD","SE"
445,10,306,"WD","SE"
215,1,306,"WD","SE"
317,2,306,"WD","SE"
415,1,306,"WD","SE"
503,22,306,"WD","SE"
33,12,306,"WD","SE"
276,4,306,"WD","SE"
196,2,306,"WD","SE"
14,16,306,"WD","SE"
358,15,307,"WD","SE"
508,23,307,"WD","SE"
516,3,307,"WD","SE"
352,2,307,"WD","SE"
52,2,307,"WD","SE"
43,1,307,"WD","SE"
404,1,307,"WD","SE"
519,4,307,"WD","SE"
33,12,307,"WD","SE"
26,41,307,"WD","SE"
348,2,307,"WD","SE"
80,10,307,"WD","SE"
37,1,307,"WD","SE"
468,1,307,"WD","SE"
544,3,307,"WD","SE"
459,2,307,"WD","SE"
140,1,307,"WD","SE"
419,1,307,"WD","SE"
317,2,307,"WD","SE"
29,2,307,"WD","SE"
499,28,307,"WD","SE"
381,2,307,"WD","SE"
45,7,307,"WD","SE"
417,1,307,"WD","SE"
318,2,307,"WD","SE"
301,1,308,"WD","SE"
223,1,308,"WD","SE"
244,2,308,"WD","SE"
36,6,308,"WD","SE"
132,1,308,"WD","SE"
513,4,308,"WD","SE"
458,1,308,"WD","SE"
483,3,308,"WD","SE"
278,1,308,"WD","SE"
164,4,308,"WD","SE"
428,1,308,"WD","SE"
363,1,308,"WD","SE"
123,2,308,"WD","SE"
471,2,308,"WD","SE"
259,3,308,"WD","SE"
459,2,308,"WD","SE"
438,4,308,"WD","SE"
380,3,308,"WD","SE"
370,1,308,"WD","SE"
461,1,308,"WD","SE"
503,22,308,"WD","SE"
128,1,308,"WD","SE"
190,1,308,"WD","SE"
11,30,308,"WD","SE"
449,1,308,"WD","SE"
52,2,309,"WD","SE"
17,5,309,"WD","SE"
322,1,309,"WD","SE"
278,1,309,"WD","SE"
437,1,309,"WD","SE"
502,18,309,"WD","SE"
349,1,309,"WD","SE"
184,1,309,"WD","SE"
132,1,309,"WD","SE"
6,4,309,"WD","SE"
372,2,309,"WD","SE"
430,4,309,"WD","SE"
504,35,309,"WD","SE"
90,3,309,"WD","SE"
43,1,309,"WD","SE"
519,4,309,"WD","SE"
496,26,309,"WD","SE"
193,1,309,"WD","SE"
44,35,309,"WD","SE"
367,2,309,"WD","SE"
23,7,309,"WD","SE"
77,18,309,"WD","SE"
438,4,309,"WD","SE"
428,1,309,"WD","SE"
249,2,309,"WD","SE"
282,1,310,"WD","SE"
510,18,310,"WD","SE"
343,6,310,"WD","SE"
48,4,310,"WD","SE"
372,2,310,"WD","SE"
398,1,310,"WD","SE"
279,1,310,"WD","SE"
548,1,310,"WD","SE"
123,2,310,"WD","SE"
196,2,310,"WD","SE"
214,1,310,"WD","SE"
534,3,310,"WD","SE"
389,2,310,"WD","SE"
545,2,310,"WD","SE"
53,1,310,"WD","SE"
433,2,310,"WD","SE"
49,1,310,"WD","SE"
507,11,310,"WD","SE"
184,1,310,"WD","SE"
466,1,310,"WD","SE"
457,1,310,"WD","SE"
41,1,310,"WD","SE"
427,1,310,"WD","SE"
445,10,310,"WD","SE"
354,1,310,"WD","SE"
377,2,311,"WD","SE"
80,10,311,"WD","SE"
514,3,311,"WD","SE"
525,5,311,"WD","SE"
496,26,311,"WD","SE"
138,3,311,"WD","SE"
380,3,311,"WD","SE"
183,2,311,"WD","SE"
198,1,311,"WD","SE"
375,1,311,"WD","SE"
460,1,311,"WD","SE"
438,4,311,"WD","SE"
209,1,311,"WD","SE"
500,25,311,"WD","SE"
357,1,311,"WD","SE"
416,1,311,"WD","SE"
33,12,311,"WD","SE"
304,1,311,"WD","SE"
285,1,311,"WD","SE"
17,5,311,"WD","SE"
461,1,311,"WD","SE"
433,2,311,"WD","SE"
502,18,311,"WD","SE"
40,6,311,"WD","SE"
466,1,311,"WD","SE"
173,1,312,"WD","SE"
36,6,312,"WD","SE"
132,1,312,"WD","SE"
82,3,312,"WD","SE"
445,10,312,"WD","SE"
372,2,312,"WD","SE"
61,37,312,"WD","SE"
389,2,312,"WD","SE"
344,1,312,"WD","SE"
6,4,312,"WD","SE"
144,1,312,"WD","SE"
313,1,312,"WD","SE"
302,1,312,"WD","SE"
424,1,312,"WD","SE"
205,2,312,"WD","SE"
264,1,312,"WD","SE"
458,1,312,"WD","SE"
278,1,312,"WD","SE"
318,2,312,"WD","SE"
349,1,312,"WD","SE"
282,1,312,"WD","SE"
91,8,312,"WD","SE"
548,1,312,"WD","SE"
186,1,312,"WD","SE"
237,1,312,"WD","SE"
510,18,313,"WD","SE"
144,1,313,"WD","SE"
372,2,313,"WD","SE"
232,3,313,"WD","SE"
501,24,313,"WD","SE"
49,1,313,"WD","SE"
398,1,313,"WD","SE"
4,9,313,"WD","SE"
322,1,313,"WD","SE"
76,6,313,"WD","SE"
380,3,313,"WD","SE"
187,1,313,"WD","SE"
301,1,313,"WD","SE"
471,2,313,"WD","SE"
248,1,313,"WD","SE"
445,10,313,"WD","SE"
368,1,313,"WD","SE"
519,4,313,"WD","SE"
128,1,313,"WD","SE"
38,5,313,"WD","SE"
259,3,313,"WD","SE"
428,1,313,"WD","SE"
437,1,313,"WD","SE"
469,5,313,"WD","SE"
466,1,313,"WD","SE"
6,4,314,"WD","SE"
440,1,314,"WD","SE"
461,1,314,"WD","SE"
128,1,314,"WD","SE"
357,1,314,"WD","SE"
381,2,314,"WD","SE"
80,10,314,"WD","SE"
348,2,314,"WD","SE"
93,3,314,"WD","SE"
252,1,314,"WD","SE"
103,1,314,"WD","SE"
545,2,314,"WD","SE"
369,1,314,"WD","SE"
19,8,314,"WD","SE"
9,1,314,"WD","SE"
77,18,314,"WD","SE"
322,1,314,"WD","SE"
420,1,314,"WD","SE"
415,1,314,"WD","SE"
401,1,314,"WD","SE"
209,1,314,"WD","SE"
551,1,314,"WD","SE"
445,10,314,"WD","SE"
17,5,314,"WD","SE"
59,5,314,"WD","SE"
12,9,315,"WD","SE"
524,1,315,"WD","SE"
461,1,315,"WD","SE"
425,3,315,"WD","SE"
544,3,315,"WD","SE"
205,2,315,"WD","SE"
503,22,315,"WD","SE"
378,1,315,"WD","SE"
7,24,315,"WD","SE"
203,1,315,"WD","SE"
28,22,315,"WD","SE"
356,1,315,"WD","SE"
71,1,315,"WD","SE"
48,4,315,"WD","SE"
237,1,315,"WD","SE"
386,1,315,"WD","SE"
468,1,315,"WD","SE"
126,2,315,"WD","SE"
183,2,315,"WD","SE"
19,8,315,"WD","SE"
447,3,315,"WD","SE"
23,7,315,"WD","SE"
138,3,315,"WD","SE"
67,9,315,"WD","SE"
20,6,315,"WD","SE"
438,4,316,"WD","SE"
547,1,316,"WD","SE"
501,24,316,"WD","SE"
435,2,316,"WD","SE"
349,1,316,"WD","SE"
386,1,316,"WD","SE"
427,1,316,"WD","SE"
16,6,316,"WD","SE"
513,4,316,"WD","SE"
128,1,316,"WD","SE"
369,1,316,"WD","SE"
394,1,316,"WD","SE"
459,2,316,"WD","SE"
482,3,316,"WD","SE"
463,1,316,"WD","SE"
390,4,316,"WD","SE"
223,1,316,"WD","SE"
248,1,316,"WD","SE"
313,1,316,"WD","SE"
158,2,316,"WD","SE"
232,3,316,"WD","SE"
352,2,316,"WD","SE"
525,5,316,"WD","SE"
389,2,316,"WD","SE"
12,9,316,"WD","SE"
255,1,317,"WD","SE"
11,30,317,"WD","SE"
356,1,317,"WD","SE"
52,2,317,"WD","SE"
5,9,317,"WD","SE"
439,2,317,"WD","SE"
286,1,317,"WD","SE"
170,1,317,"WD","SE"
64,23,317,"WD","SE"
193,1,317,"WD","SE"
123,2,317,"WD","SE"
470,5,317,"WD","SE"
248,1,317,"WD","SE"
282,1,317,"WD","SE"
524,1,317,"WD","SE"
45,7,317,"WD","SE"
61,37,317,"WD","SE"
458,1,317,"WD","SE"
259,3,317,"WD","SE"
7,24,317,"WD","SE"
250,1,317,"WD","SE"
279,1,317,"WD","SE"
276,4,317,"WD","SE"
278,1,317,"WD","SE"
166,1,317,"WD","SE"
9,1,318,"WD","SE"
470,5,318,"WD","SE"
427,1,318,"WD","SE"
183,2,318,"WD","SE"
523,4,318,"WD","SE"
279,1,318,"WD","SE"
36,6,318,"WD","SE"
547,1,318,"WD","SE"
471,2,318,"WD","SE"
215,1,318,"WD","SE"
64,23,318,"WD","SE"
214,1,318,"WD","SE"
203,1,318,"WD","SE"
252,1,318,"WD","SE"
503,22,318,"WD","SE"
244,2,318,"WD","SE"
301,1,318,"WD","SE"
411,1,318,"WD","SE"
71,1,318,"WD","SE"
546,1,318,"WD","SE"
483,3,318,"WD","SE"
45,7,318,"WD","SE"
516,3,318,"WD","SE"
166,1,318,"WD","SE"
519,4,318,"WD","SE"
38,5,319,"WD","SE"
516,3,319,"WD","SE"
279,1,319,"WD","SE"
72,8,319,"WD","SE"
74,1,319,"WD","SE"
445,10,319,"WD","SE"
57,9,319,"WD","SE"
404,1,319,"WD","SE"
255,1,319,"WD","SE"
414,1,319,"WD","SE"
186,1,319,"WD","SE"
472,1,319,"WD","SE"
508,23,319,"WD","SE"
380,3,319,"WD","SE"
33,12,319,"WD","SE"
26,41,319,"WD","SE"
4,9,319,"WD","SE"
544,3,319,"WD","SE"
390,4,319,"WD","SE"
482,3,319,"WD","SE"
458,1,319,"WD","SE"
346,1,319,"WD","SE"
367,2,319,"WD","SE"
356,1,319,"WD","SE"
90,3,319,"WD","SE"
232,3,320,"WD","SE"
504,35,320,"WD","SE"
173,1,320,"WD","SE"
123,2,320,"WD","SE"
48,4,320,"WD","SE"
394,1,320,"WD","SE"
1,3,320,"WD","SE"
77,18,320,"WD","SE"
390,4,320,"WD","SE"
128,1,320,"WD","SE"
166,1,320,"WD","SE"
544,3,320,"WD","SE"
498,27,320,"WD","SE"
425,3,320,"WD","SE"
33,12,320,"WD","SE"
196,2,320,"WD","SE"
372,2,320,"WD","SE"
52,2,320,"WD","SE"
473,1,320,"WD","SE"
415,1,320,"WD","SE"
6,4,320,"WD","SE"
82,3,320,"WD","SE"
295,4,320,"WD","SE"
276,4,320,"WD","SE"
67,9,320,"WD","SE"
78,9,321,"WD","SE"
196,2,321,"WD","SE"
170,1,321,"WD","SE"
466,1,321,"WD","SE"
264,1,321,"WD","SE"
285,1,321,"WD","SE"
91,8,321,"WD","SE"
187,1,321,"WD","SE"
500,25,321,"WD","SE"
173,1,321,"WD","SE"
534,3,321,"WD","SE"
377,2,321,"WD","SE"
458,1,321,"WD","SE"
457,1,321,"WD","SE"
427,1,321,"WD","SE"
141,1,321,"WD","SE"
420,1,321,"WD","SE"
222,1,321,"WD","SE"
64,23,321,"WD","SE"
308,1,321,"WD","SE"
232,3,321,"WD","SE"
123,2,321,"WD","SE"
441,2,321,"WD","SE"
352,2,321,"WD","SE"
468,1,321,"WD","SE"
523,4,322,"WD","SE"
82,3,322,"WD","SE"
222,1,322,"WD","SE"
374,2,322,"WD","SE"
411,1,322,"WD","SE"
48,4,322,"WD","SE"
457,1,322,"WD","SE"
304,1,322,"WD","SE"
482,3,322,"WD","SE"
370,1,322,"WD","SE"
459,2,322,"WD","SE"
44,35,322,"WD","SE"
421,5,322,"WD","SE"
499,28,322,"WD","SE"
326,1,322,"WD","SE"
383,1,322,"WD","SE"
470,5,322,"WD","SE"
45,7,322,"WD","SE"
375,1,322,"WD","SE"
103,1,322,"WD","SE"
285,1,322,"WD","SE"
84,1,322,"WD","SE"
91,8,322,"WD","SE"
80,10,322,"WD","SE"
77,18,322,"WD","SE"
460,1,323,"WD","SE"
105,1,323,"WD","SE"
343,6,323,"WD","SE"
285,1,323,"WD","SE"
368,1,323,"WD","SE"
247,1,323,"WD","SE"
346,1,323,"WD","SE"
404,1,323,"WD","SE"
483,3,323,"WD","SE"
513,4,323,"WD","SE"
84,1,323,"WD","SE"
53,1,323,"WD","SE"
422,3,323,"WD","SE"
215,1,323,"WD","SE"
142,1,323,"WD","SE"
103,1,323,"WD","SE"
47,10,323,"WD","SE"
302,1,323,"WD","SE"
361,3,323,"WD","SE"
92,1,323,"WD","SE"
349,1,323,"WD","SE"
467,4,323,"WD","SE"
250,1,323,"WD","SE"
86,2,323,"WD","SE"
426,2,323,"WD","SE"
419,1,324,"WD","SE"
198,1,324,"WD","SE"
67,9,324,"WD","SE"
202,1,324,"WD","SE"
264,1,324,"WD","SE"
247,1,324,"WD","SE"
278,1,324,"WD","SE"
16,6,324,"WD","SE"
427,1,324,"WD","SE"
214,1,324,"WD","SE"
77,18,324,"WD","SE"
352,2,324,"WD","SE"
516,3,324,"WD","SE"
381,2,324,"WD","SE"
142,1,324,"WD","SE"
438,4,324,"WD","SE"
90,3,324,"WD","SE"
45,7,324,"WD","SE"
548,1,324,"WD","SE"
303,2,324,"WD","SE"
118,1,324,"WD","SE"
295,4,324,"WD","SE"
471,2,324,"WD","SE"
40,6,324,"WD","SE"
473,1,324,"WD","SE"
17,5,325,"WD","SE"
16,6,325,"WD","SE"
247,1,325,"WD","SE"
82,3,325,"WD","SE"
164,4,325,"WD","SE"
410,2,325,"WD","SE"
435,2,325,"WD","SE"
71,1,325,"WD","SE"
401,1,325,"WD","SE"
404,1,325,"WD","SE"
349,1,325,"WD","SE"
376,2,325,"WD","SE"
214,1,325,"WD","SE"
524,1,325,"WD","SE"
519,4,325,"WD","SE"
525,5,325,"WD","SE"
264,1,325,"WD","SE"
295,4,325,"WD","SE"
417,1,325,"WD","SE"
368,1,325,"WD","SE"
144,1,325,"WD","SE"
4,9,325,"WD","SE"
389,2,325,"WD","SE"
32,9,325,"WD","SE"
187,1,325,"WD","SE"
26,41,326,"WD","SE"
397,1,326,"WD","SE"
465,1,326,"WD","SE"
504,35,326,"WD","SE"
36,6,326,"WD","SE"
524,1,326,"WD","SE"
540,3,326,"WD","SE"
517,3,326,"WD","SE"
377,2,326,"WD","SE"
90,3,326,"WD","SE"
363,1,326,"WD","SE"
354,1,326,"WD","SE"
500,25,326,"WD","SE"
410,2,326,"WD","SE"
43,1,326,"WD","SE"
457,1,326,"WD","SE"
248,1,326,"WD","SE"
344,1,326,"WD","SE"
51,3,326,"WD","SE"
350,1,326,"WD","SE"
126,2,326,"WD","SE"
13,4,326,"WD","SE"
1,3,326,"WD","SE"
12,9,326,"WD","SE"
9,1,326,"WD","SE"
193,1,327,"WD","SE"
368,1,327,"WD","SE"
209,1,327,"WD","SE"
76,6,327,"WD","SE"
441,2,327,"WD","SE"
6,4,327,"WD","SE"
78,9,327,"WD","SE"
486,3,327,"WD","SE"
304,1,327,"WD","SE"
483,3,327,"WD","SE"
16,6,327,"WD","SE"
523,4,327,"WD","SE"
58,2,327,"WD","SE"
457,1,327,"WD","SE"
23,7,327,"WD","SE"
9,1,327,"WD","SE"
14,16,327,"WD","SE"
266,1,327,"WD","SE"
32,9,327,"WD","SE"
250,1,327,"WD","SE"
128,1,327,"WD","SE"
383,1,327,"WD","SE"
415,1,327,"WD","SE"
61,37,327,"WD","SE"
279,1,327,"WD","SE"
36,6,328,"WD","SE"
215,1,328,"WD","SE"
372,2,328,"WD","SE"
317,2,328,"WD","SE"
20,6,328,"WD","SE"
59,5,328,"WD","SE"
301,1,328,"WD","SE"
428,1,328,"WD","SE"
424,1,328,"WD","SE"
449,1,328,"WD","SE"
551,1,328,"WD","SE"
285,1,328,"WD","SE"
482,3,328,"WD","SE"
40,6,328,"WD","SE"
57,9,328,"WD","SE"
374,2,328,"WD","SE"
397,1,328,"WD","SE"
249,2,328,"WD","SE"
447,3,328,"WD","SE"
252,1,328,"WD","SE"
82,3,328,"WD","SE"
483,3,328,"WD","SE"
264,1,328,"WD","SE"
540,3,328,"WD","SE"
29,2,328,"WD","SE"
548,1,329,"WD","SE"
48,4,329,"WD","SE"
59,5,329,"WD","SE"
433,2,329,"WD","SE"
166,1,329,"WD","SE"
37,1,329,"WD","SE"
467,4,329,"WD","SE"
425,3,329,"WD","SE"
438,4,329,"WD","SE"
404,1,329,"WD","SE"
385,1,329,"WD","SE"
386,1,329,"WD","SE"
534,3,329,"WD","SE"
394,1,329,"WD","SE"
128,1,329,"WD","SE"
47,10,329,"WD","SE"
19,8,329,"WD","SE"
503,22,329,"WD","SE"
357,1,329,"WD","SE"
343,6,329,"WD","SE"
57,9,329,"WD","SE"
440,1,329,"WD","SE"
14,16,329,"WD","SE"
103,1,329,"WD","SE"
282,1,329,"WD","SE"
276,4,330,"WD","SE"
184,1,330,"WD","SE"
383,1,330,"WD","SE"
513,4,330,"WD","SE"
547,1,330,"WD","SE"
545,2,330,"WD","SE"
482,3,330,"WD","SE"
346,1,330,"WD","SE"
425,3,330,"WD","SE"
131,1,330,"WD","SE"
417,1,330,"WD","SE"
421,5,330,"WD","SE"
467,4,330,"WD","SE"
223,1,330,"WD","SE"
348,2,330,"WD","SE"
394,1,330,"WD","SE"
514,3,330,"WD","SE"
466,1,330,"WD","SE"
48,4,330,"WD","SE"
472,1,330,"WD","SE"
369,1,330,"WD","SE"
196,2,330,"WD","SE"
187,1,330,"WD","SE"
53,1,330,"WD","SE"
322,1,330,"WD","SE"
496,26,331,"WD","SE"
498,27,331,"WD","SE"
437,1,331,"WD","SE"
71,1,331,"WD","SE"
313,1,331,"WD","SE"
144,1,331,"WD","SE"
9,1,331,"WD","SE"
11,30,331,"WD","SE"
37,1,331,"WD","SE"
237,1,331,"WD","SE"
354,1,331,"WD","SE"
93,3,331,"WD","SE"
41,1,331,"WD","SE"
466,1,331,"WD","SE"
198,1,331,"WD","SE"
12,9,331,"WD","SE"
503,22,331,"WD","SE"
138,3,331,"WD","SE"
295,4,331,"WD","SE"
164,4,331,"WD","SE"
28,22,331,"WD","SE"
80,10,331,"WD","SE"
358,15,331,"WD","SE"
508,23,331,"WD","SE"
186,1,331,"WD","SE"
23,7,332,"WD","SE"
103,1,332,"WD","SE"
440,1,332,"WD","SE"
196,2,332,"WD","SE"
84,1,332,"WD","SE"
438,4,332,"WD","SE"
86,2,332,"WD","SE"
76,6,332,"WD","SE"
519,4,332,"WD","SE"
282,1,332,"WD","SE"
203,1,332,"WD","SE"
90,3,332,"WD","SE"
51,3,332,"WD","SE"
302,1,332,"WD","SE"
389,2,332,"WD","SE"
49,1,332,"WD","SE"
523,4,332,"WD","SE"
470,5,332,"WD","SE"
437,1,332,"WD","SE"
295,4,332,"WD","SE"
377,2,332,"WD","SE"
468,1,332,"WD","SE"
33,12,332,"WD","SE"
420,1,332,"WD","SE"
28,22,332,"WD","SE"
551,1,333,"WD","SE"
318,2,333,"WD","SE"
86,2,333,"WD","SE"
72,8,333,"WD","SE"
118,1,333,"WD","SE"
313,1,333,"WD","SE"
322,1,333,"WD","SE"
76,6,333,"WD","SE"
519,4,333,"WD","SE"
435,2,333,"WD","SE"
164,4,333,"WD","SE"
186,1,333,"WD","SE"
166,1,333,"WD","SE"
510,18,333,"WD","SE"
394,1,333,"WD","SE"
91,8,333,"WD","SE"
140,1,333,"WD","SE"
421,5,333,"WD","SE"
49,1,333,"WD","SE"
279,1,333,"WD","SE"
516,3,333,"WD","SE"
390,4,333,"WD","SE"
304,1,333,"WD","SE"
16,6,333,"WD","SE"
365,1,333,"WD","SE"
164,4,334,"WD","SE"
322,1,334,"WD","SE"
13,4,334,"WD","SE"
183,2,334,"WD","SE"
482,3,334,"WD","SE"
84,1,334,"WD","SE"
473,1,334,"WD","SE"
317,2,334,"WD","SE"
428,1,334,"WD","SE"
421,5,334,"WD","SE"
90,3,334,"WD","SE"
16,6,334,"WD","SE"
377,2,334,"WD","SE"
59,5,334,"WD","SE"
276,4,334,"WD","SE"
381,2,334,"WD","SE"
326,1,334,"WD","SE"
301,1,334,"WD","SE"
166,1,334,"WD","SE"
72,8,334,"WD","SE"
338,3,334,"WD","SE"
26,41,334,"WD","SE"
91,8,334,"WD","SE"
415,1,334,"WD","SE"
500,25,334,"WD","SE"
376,2,335,"WD","SE"
486,3,335,"WD","SE"
78,9,335,"WD","SE"
386,1,335,"WD","SE"
164,4,335,"WD","SE"
519,4,335,"WD","SE"
302,1,335,"WD","SE"
389,2,335,"WD","SE"
365,1,335,"WD","SE"
132,1,335,"WD","SE"
381,2,335,"WD","SE"
544,3,335,"WD","SE"
428,1,335,"WD","SE"
401,1,335,"WD","SE"
244,2,335,"WD","SE"
322,1,335,"WD","SE"
461,1,335,"WD","SE"
184,1,335,"WD","SE"
420,1,335,"WD","SE"
28,22,335,"WD","SE"
43,1,335,"WD","SE"
467,4,335,"WD","SE"
427,1,335,"WD","SE"
9,1,335,"WD","SE"
59,5,335,"WD","SE"
546,1,336,"WD","SE"
50,4,336,"WD","SE"
92,1,336,"WD","SE"
503,22,336,"WD","SE"
43,1,336,"WD","SE"
223,1,336,"WD","SE"
519,4,336,"WD","SE"
437,1,336,"WD","SE"
545,2,336,"WD","SE"
198,1,336,"WD","SE"
164,4,336,"WD","SE"
313,1,336,"WD","SE"
500,25,336,"WD","SE"
264,1,336,"WD","SE"
7,24,336,"WD","SE"
548,1,336,"WD","SE"
467,4,336,"WD","SE"
12,9,336,"WD","SE"
186,1,336,"WD","SE"
370,1,336,"WD","SE"
173,1,336,"WD","SE"
510,18,336,"WD","SE"
525,5,336,"WD","SE"
228,1,336,"WD","SE"
16,6,336,"WD","SE"
223,1,337,"WD","SE"
17,5,337,"WD","SE"
361,3,337,"WD","SE"
501,24,337,"WD","SE"
184,1,337,"WD","SE"
380,3,337,"WD","SE"
1,3,337,"WD","SE"
461,1,337,"WD","SE"
187,1,337,"WD","SE"
301,1,337,"WD","SE"
398,1,337,"WD","SE"
237,1,337,"WD","SE"
508,23,337,"WD","SE"
397,1,337,"WD","SE"
228,1,337,"WD","SE"
186,1,337,"WD","SE"
142,1,337,"WD","SE"
440,1,337,"WD","SE"
179,7,337,"WD","SE"
32,9,337,"WD","SE"
105,1,337,"WD","SE"
249,2,337,"WD","SE"
486,3,337,"WD","SE"
303,2,337,"WD","SE"
183,2,337,"WD","SE"
326,1,338,"WD","SE"
164,4,338,"WD","SE"
546,1,338,"WD","SE"
222,1,338,"WD","SE"
105,1,338,"WD","SE"
43,1,338,"WD","SE"
50,4,338,"WD","SE"
499,28,338,"WD","SE"
390,4,338,"WD","SE"
447,3,338,"WD","SE"
7,24,338,"WD","SE"
389,2,338,"WD","SE"
435,2,338,"WD","SE"
13,4,338,"WD","SE"
282,1,338,"WD","SE"
322,1,338,"WD","SE"
470,5,338,"WD","SE"
361,3,338,"WD","SE"
398,1,338,"WD","SE"
523,4,338,"WD","SE"
411,1,338,"WD","SE"
247,1,338,"WD","SE"
250,1,338,"WD","SE"
51,3,338,"WD","SE"
551,1,338,"WD","SE"
248,1,339,"WD","SE"
398,1,339,"WD","SE"
313,1,339,"WD","SE"
90,3,339,"WD","SE"
11,30,339,"WD","SE"
103,1,339,"WD","SE"
449,1,339,"WD","SE"
438,4,339,"WD","SE"
473,1,339,"WD","SE"
93,3,339,"WD","SE"
61,37,339,"WD","SE"
540,3,339,"WD","SE"
544,3,339,"WD","SE"
17,5,339,"WD","SE"
67,9,339,"WD","SE"
59,5,339,"WD","SE"
341,2,339,"WD","SE"
23,7,339,"WD","SE"
421,5,339,"WD","SE"
158,2,339,"WD","SE"
370,1,339,"WD","SE"
510,18,339,"WD","SE"
32,9,339,"WD","SE"
57,9,339,"WD","SE"
534,3,339,"WD","SE"
510,18,340,"WD","SE"
43,1,340,"WD","SE"
51,3,340,"WD","SE"
266,1,340,"WD","SE"
72,8,340,"WD","SE"
26,41,340,"WD","SE"
49,1,340,"WD","SE"
524,1,340,"WD","SE"
460,1,340,"WD","SE"
398,1,340,"WD","SE"
415,1,340,"WD","SE"
463,1,340,"WD","SE"
144,1,340,"WD","SE"
421,5,340,"WD","SE"
14,16,340,"WD","SE"
500,25,340,"WD","SE"
303,2,340,"WD","SE"
36,6,340,"WD","SE"
547,1,340,"WD","SE"
374,2,340,"WD","SE"
223,1,340,"WD","SE"
23,7,340,"WD","SE"
222,1,340,"WD","SE"
410,2,340,"WD","SE"
377,2,340,"WD","SE"
44,35,341,"WD","SE"
544,3,341,"WD","SE"
415,1,341,"WD","SE"
471,2,341,"WD","SE"
517,3,341,"WD","SE"
346,1,341,"WD","SE"
77,18,341,"WD","SE"
51,3,341,"WD","SE"
28,22,341,"WD","SE"
398,1,341,"WD","SE"
376,2,341,"WD","SE"
397,1,341,"WD","SE"
141,1,341,"WD","SE"
49,1,341,"WD","SE"
232,3,341,"WD","SE"
237,1,341,"WD","SE"
548,1,341,"WD","SE"
29,2,341,"WD","SE"
259,3,341,"WD","SE"
440,1,341,"WD","SE"
105,1,341,"WD","SE"
187,1,341,"WD","SE"
501,24,341,"WD","SE"
455,2,341,"WD","SE"
352,2,341,"WD","SE"
232,3,342,"WD","SE"
214,1,342,"WD","SE"
302,1,342,"WD","SE"
282,1,342,"WD","SE"
326,1,342,"WD","SE"
445,10,342,"WD","SE"
9,1,342,"WD","SE"
534,3,342,"WD","SE"
74,1,342,"WD","SE"
32,9,342,"WD","SE"
498,27,342,"WD","SE"
51,3,342,"WD","SE"
470,5,342,"WD","SE"
551,1,342,"WD","SE"
77,18,342,"WD","SE"
508,23,342,"WD","SE"
461,1,342,"WD","SE"
547,1,342,"WD","SE"
228,1,342,"WD","SE"
304,1,342,"WD","SE"
503,22,342,"WD","SE"
80,10,342,"WD","SE"
459,2,342,"WD","SE"
47,10,342,"WD","SE"
514,3,342,"WD","SE"
303,2,343,"WD","SE"
13,4,343,"WD","SE"
346,1,343,"WD","SE"
524,1,343,"WD","SE"
411,1,343,"WD","SE"
48,4,343,"WD","SE"
534,3,343,"WD","SE"
349,1,343,"WD","SE"
57,9,343,"WD","SE"
354,1,343,"WD","SE"
279,1,343,"WD","SE"
417,1,343,"WD","SE"
266,1,343,"WD","SE"
250,1,343,"WD","SE"
190,1,343,"WD","SE"
420,1,343,"WD","SE"
361,3,343,"WD","SE"
369,1,343,"WD","SE"
370,1,343,"WD","SE"
410,2,343,"WD","SE"
318,2,343,"WD","SE"
551,1,343,"WD","SE"
514,3,343,"WD","SE"
500,25,343,"WD","SE"
301,1,343,"WD","SE"
48,4,344,"WD","SE"
507,11,344,"WD","SE"
404,1,344,"WD","SE"
514,3,344,"WD","SE"
547,1,344,"WD","SE"
350,1,344,"WD","SE"
179,7,344,"WD","SE"
375,1,344,"WD","SE"
74,1,344,"WD","SE"
551,1,344,"WD","SE"
499,28,344,"WD","SE"
471,2,344,"WD","SE"
44,35,344,"WD","SE"
445,10,344,"WD","SE"
467,4,344,"WD","SE"
510,18,344,"WD","SE"
286,1,344,"WD","SE"
322,1,344,"WD","SE"
352,2,344,"WD","SE"
50,4,344,"WD","SE"
138,3,344,"WD","SE"
458,1,344,"WD","SE"
164,4,344,"WD","SE"
369,1,344,"WD","SE"
524,1,344,"WD","SE"
140,1,345,"WD","SE"
394,1,345,"WD","SE"
64,23,345,"WD","SE"
93,3,345,"WD","SE"
441,2,345,"WD","SE"
318,2,345,"WD","SE"
26,41,345,"WD","SE"
13,4,345,"WD","SE"
517,3,345,"WD","SE"
40,6,345,"WD","SE"
105,1,345,"WD","SE"
196,2,345,"WD","SE"
447,3,345,"WD","SE"
255,1,345,"WD","SE"
341,2,345,"WD","SE"
190,1,345,"WD","SE"
228,1,345,"WD","SE"
103,1,345,"WD","SE"
9,1,345,"WD","SE"
385,1,345,"WD","SE"
383,1,345,"WD","SE"
142,1,345,"WD","SE"
411,1,345,"WD","SE"
472,1,345,"WD","SE"
349,1,345,"WD","SE"
457,1,346,"WD","SE"
466,1,346,"WD","SE"
322,1,346,"WD","SE"
103,1,346,"WD","SE"
126,2,346,"WD","SE"
118,1,346,"WD","SE"
430,4,346,"WD","SE"
500,25,346,"WD","SE"
547,1,346,"WD","SE"
545,2,346,"WD","SE"
71,1,346,"WD","SE"
410,2,346,"WD","SE"
282,1,346,"WD","SE"
266,1,346,"WD","SE"
58,2,346,"WD","SE"
166,1,346,"WD","SE"
209,1,346,"WD","SE"
513,4,346,"WD","SE"
38,5,346,"WD","SE"
164,4,346,"WD","SE"
158,2,346,"WD","SE"
363,1,346,"WD","SE"
401,1,346,"WD","SE"
372,2,346,"WD","SE"
365,1,346,"WD","SE"
365,1,347,"WD","SE"
397,1,347,"WD","SE"
64,23,347,"WD","SE"
467,4,347,"WD","SE"
501,24,347,"WD","SE"
344,1,347,"WD","SE"
414,1,347,"WD","SE"
91,8,347,"WD","SE"
140,1,347,"WD","SE"
326,1,347,"WD","SE"
43,1,347,"WD","SE"
50,4,347,"WD","SE"
187,1,347,"WD","SE"
295,4,347,"WD","SE"
93,3,347,"WD","SE"
386,1,347,"WD","SE"
389,2,347,"WD","SE"
158,2,347,"WD","SE"
105,1,347,"WD","SE"
166,1,347,"WD","SE"
367,2,347,"WD","SE"
303,2,347,"WD","SE"
53,1,347,"WD","SE"
90,3,347,"WD","SE"
440,1,347,"WD","SE"
186,1,348,"WD","SE"
123,2,348,"WD","SE"
184,1,348,"WD","SE"
517,3,348,"WD","SE"
449,1,348,"WD","SE"
369,1,348,"WD","SE"
548,1,348,"WD","SE"
11,30,348,"WD","SE"
534,3,348,"WD","SE"
463,1,348,"WD","SE"
424,1,348,"WD","SE"
349,1,348,"WD","SE"
404,1,348,"WD","SE"
173,1,348,"WD","SE"
551,1,348,"WD","SE"
247,1,348,"WD","SE"
205,2,348,"WD","SE"
501,24,348,"WD","SE"
367,2,348,"WD","SE"
417,1,348,"WD","SE"
346,1,348,"WD","SE"
44,35,348,"WD","SE"
422,3,348,"WD","SE"
40,6,348,"WD","SE"
350,1,348,"WD","SE"
123,2,349,"WD","SE"
517,3,349,"WD","SE"
401,1,349,"WD","SE"
483,3,349,"WD","SE"
440,1,349,"WD","SE"
447,3,349,"WD","SE"
48,4,349,"WD","SE"
419,1,349,"WD","SE"
76,6,349,"WD","SE"
420,1,349,"WD","SE"
301,1,349,"WD","SE"
516,3,349,"WD","SE"
16,6,349,"WD","SE"
326,1,349,"WD","SE"
504,35,349,"WD","SE"
252,1,349,"WD","SE"
131,1,349,"WD","SE"
422,3,349,"WD","SE"
49,1,349,"WD","SE"
53,1,349,"WD","SE"
118,1,349,"WD","SE"
534,3,349,"WD","SE"
361,3,349,"WD","SE"
23,7,349,"WD","SE"
78,9,349,"WD","SE"
502,18,350,"WD","SE"
71,1,350,"WD","SE"
264,1,350,"WD","SE"
303,2,350,"WD","SE"
517,3,350,"WD","SE"
103,1,350,"WD","SE"
504,35,350,"WD","SE"
372,2,350,"WD","SE"
501,24,350,"WD","SE"
545,2,350,"WD","SE"
503,22,350,"WD","SE"
457,1,350,"WD","SE"
499,28,350,"WD","SE"
378,1,350,"WD","SE"
398,1,350,"WD","SE"
419,1,350,"WD","SE"
354,1,350,"WD","SE"
447,3,350,"WD","SE"
437,1,350,"WD","SE"
166,1,350,"WD","SE"
259,3,350,"WD","SE"
4,9,350,"WD","SE"
551,1,350,"WD","SE"
228,1,350,"WD","SE"
20,6,350,"WD","SE"
28,22,351,"WD","SE"
447,3,351,"WD","SE"
524,1,351,"WD","SE"
374,2,351,"WD","SE"
48,4,351,"WD","SE"
187,1,351,"WD","SE"
449,1,351,"WD","SE"
363,1,351,"WD","SE"
375,1,351,"WD","SE"
390,4,351,"WD","SE"
214,1,351,"WD","SE"
140,1,351,"WD","SE"
455,2,351,"WD","SE"
74,1,351,"WD","SE"
29,2,351,"WD","SE"
437,1,351,"WD","SE"
158,2,351,"WD","SE"
196,2,351,"WD","SE"
545,2,351,"WD","SE"
344,1,351,"WD","SE"
504,35,351,"WD","SE"
356,1,351,"WD","SE"
303,2,351,"WD","SE"
472,1,351,"WD","SE"
50,4,351,"WD","SE"
498,27,352,"WD","SE"
126,2,352,"WD","SE"
411,1,352,"WD","SE"
424,1,352,"WD","SE"
84,1,352,"WD","SE"
237,1,352,"WD","SE"
546,1,352,"WD","SE"
74,1,352,"WD","SE"
29,2,352,"WD","SE"
193,1,352,"WD","SE"
14,16,352,"WD","SE"
222,1,352,"WD","SE"
138,3,352,"WD","SE"
502,18,352,"WD","SE"
105,1,352,"WD","SE"
397,1,352,"WD","SE"
510,18,352,"WD","SE"
232,3,352,"WD","SE"
361,3,352,"WD","SE"
143,1,352,"WD","SE"
286,1,352,"WD","SE"
470,5,352,"WD","SE"
248,1,352,"WD","SE"
425,3,352,"WD","SE"
1,3,352,"WD","SE"
255,1,353,"WD","SE"
471,2,353,"WD","SE"
20,6,353,"WD","SE"
361,3,353,"WD","SE"
4,9,353,"WD","SE"
435,2,353,"WD","SE"
90,3,353,"WD","SE"
80,10,353,"WD","SE"
358,15,353,"WD","SE"
365,1,353,"WD","SE"
303,2,353,"WD","SE"
428,1,353,"WD","SE"
470,5,353,"WD","SE"
401,1,353,"WD","SE"
302,1,353,"WD","SE"
244,2,353,"WD","SE"
502,18,353,"WD","SE"
28,22,353,"WD","SE"
350,1,353,"WD","SE"
6,4,353,"WD","SE"
64,23,353,"WD","SE"
123,2,353,"WD","SE"
170,1,353,"WD","SE"
143,1,353,"WD","SE"
84,1,353,"WD","SE"
510,18,354,"WD","SE"
19,8,354,"WD","SE"
313,1,354,"WD","SE"
237,1,354,"WD","SE"
32,9,354,"WD","SE"
278,1,354,"WD","SE"
6,4,354,"WD","SE"
4,9,354,"WD","SE"
28,22,354,"WD","SE"
186,1,354,"WD","SE"
13,4,354,"WD","SE"
473,1,354,"WD","SE"
11,30,354,"WD","SE"
76,6,354,"WD","SE"
248,1,354,"WD","SE"
158,2,354,"WD","SE"
445,10,354,"WD","SE"
410,2,354,"WD","SE"
308,1,354,"WD","SE"
341,2,354,"WD","SE"
428,1,354,"WD","SE"
467,4,354,"WD","SE"
470,5,354,"WD","SE"
352,2,354,"WD","SE"
427,1,354,"WD","SE"
276,4,355,"WD","SE"
49,1,355,"WD","SE"
186,1,355,"WD","SE"
19,8,355,"WD","SE"
20,6,355,"WD","SE"
385,1,355,"WD","SE"
322,1,355,"WD","SE"
498,27,355,"WD","SE"
420,1,355,"WD","SE"
38,5,355,"WD","SE"
255,1,355,"WD","SE"
128,1,355,"WD","SE"
244,2,355,"WD","SE"
348,2,355,"WD","SE"
141,1,355,"WD","SE"
5,9,355,"WD","SE"
368,1,355,"WD","SE"
64,23,355,"WD","SE"
463,1,355,"WD","SE"
80,10,355,"WD","SE"
401,1,355,"WD","SE"
460,1,355,"WD","SE"
52,2,355,"WD","SE"
237,1,355,"WD","SE"
91,8,355,"WD","SE"
420,1,356,"WD","SE"
196,2,356,"WD","SE"
469,5,356,"WD","SE"
232,3,356,"WD","SE"
93,3,356,"WD","SE"
126,2,356,"WD","SE"
86,2,356,"WD","SE"
132,1,356,"WD","SE"
369,1,356,"WD","SE"
460,1,356,"WD","SE"
123,2,356,"WD","SE"
52,2,356,"WD","SE"
381,2,356,"WD","SE"
190,1,356,"WD","SE"
209,1,356,"WD","SE"
356,1,356,"WD","SE"
48,4,356,"WD","SE"
398,1,356,"WD","SE"
510,18,356,"WD","SE"
244,2,356,"WD","SE"
317,2,356,"WD","SE"
313,1,356,"WD","SE"
282,1,356,"WD","SE"
344,1,356,"WD","SE"
223,1,356,"WD","SE"
378,1,357,"WD","SE"
140,1,357,"WD","SE"
449,1,357,"WD","SE"
222,1,357,"WD","SE"
16,6,357,"WD","SE"
264,1,357,"WD","SE"
20,6,357,"WD","SE"
51,3,357,"WD","SE"
322,1,357,"WD","SE"
385,1,357,"WD","SE"
346,1,357,"WD","SE"
344,1,357,"WD","SE"
173,1,357,"WD","SE"
166,1,357,"WD","SE"
317,2,357,"WD","SE"
26,41,357,"WD","SE"
9,1,357,"WD","SE"
203,1,357,"WD","SE"
545,2,357,"WD","SE"
252,1,357,"WD","SE"
5,9,357,"WD","SE"
123,2,357,"WD","SE"
50,4,357,"WD","SE"
551,1,357,"WD","SE"
390,4,357,"WD","SE"
398,1,358,"WD","SE"
368,1,358,"WD","SE"
460,1,358,"WD","SE"
223,1,358,"WD","SE"
524,1,358,"WD","SE"
428,1,358,"WD","SE"
7,24,358,"WD","SE"
144,1,358,"WD","SE"
377,2,358,"WD","SE"
278,1,358,"WD","SE"
503,22,358,"WD","SE"
534,3,358,"WD","SE"
126,2,358,"WD","SE"
422,3,358,"WD","SE"
457,1,358,"WD","SE"
472,1,358,"WD","SE"
430,4,358,"WD","SE"
459,2,358,"WD","SE"
13,4,358,"WD","SE"
445,10,358,"WD","SE"
376,2,358,"WD","SE"
517,3,358,"WD","SE"
482,3,358,"WD","SE"
421,5,358,"WD","SE"
510,18,358,"WD","SE"
215,1,359,"WD","SE"
433,2,359,"WD","SE"
466,1,359,"WD","SE"
471,2,359,"WD","SE"
517,3,359,"WD","SE"
45,7,359,"WD","SE"
502,18,359,"WD","SE"
244,2,359,"WD","SE"
414,1,359,"WD","SE"
105,1,359,"WD","SE"
193,1,359,"WD","SE"
64,23,359,"WD","SE"
500,25,359,"WD","SE"
551,1,359,"WD","SE"
90,3,359,"WD","SE"
61,37,359,"WD","SE"
304,1,359,"WD","SE"
415,1,359,"WD","SE"
357,1,359,"WD","SE"
421,5,359,"WD","SE"
496,26,359,"WD","SE"
545,2,359,"WD","SE"
5,9,359,"WD","SE"
190,1,359,"WD","SE"
397,1,359,"WD","SE"
350,1,360,"WD","SE"
82,3,360,"WD","SE"
78,9,360,"WD","SE"
259,3,360,"WD","SE"
6,4,360,"WD","SE"
308,1,360,"WD","SE"
249,2,360,"WD","SE"
463,1,360,"WD","SE"
247,1,360,"WD","SE"
14,16,360,"WD","SE"
20,6,360,"WD","SE"
223,1,360,"WD","SE"
285,1,360,"WD","SE"
23,7,360,"WD","SE"
37,1,360,"WD","SE"
128,1,360,"WD","SE"
45,7,360,"WD","SE"
378,1,360,"WD","SE"
92,1,360,"WD","SE"
519,4,360,"WD","SE"
498,27,360,"WD","SE"
105,1,360,"WD","SE"
504,35,360,"WD","SE"
486,3,360,"WD","SE"
29,2,360,"WD","SE"
282,1,361,"WD","SE"
16,6,361,"WD","SE"
237,1,361,"WD","SE"
222,1,361,"WD","SE"
508,23,361,"WD","SE"
385,1,361,"WD","SE"
202,1,361,"WD","SE"
215,1,361,"WD","SE"
338,3,361,"WD","SE"
9,1,361,"WD","SE"
501,24,361,"WD","SE"
437,1,361,"WD","SE"
525,5,361,"WD","SE"
92,1,361,"WD","SE"
266,1,361,"WD","SE"
349,1,361,"WD","SE"
128,1,361,"WD","SE"
422,3,361,"WD","SE"
223,1,361,"WD","SE"
82,3,361,"WD","SE"
76,6,361,"WD","SE"
19,8,361,"WD","SE"
356,1,361,"WD","SE"
123,2,361,"WD","SE"
302,1,361,"WD","SE"
228,1,362,"WD","SE"
507,11,362,"WD","SE"
303,2,362,"WD","SE"
357,1,362,"WD","SE"
232,3,362,"WD","SE"
308,1,362,"WD","SE"
266,1,362,"WD","SE"
463,1,362,"WD","SE"
44,35,362,"WD","SE"
45,7,362,"WD","SE"
424,1,362,"WD","SE"
410,2,362,"WD","SE"
354,1,362,"WD","SE"
264,1,362,"WD","SE"
52,2,362,"WD","SE"
372,2,362,"WD","SE"
279,1,362,"WD","SE"
421,5,362,"WD","SE"
419,1,362,"WD","SE"
143,1,362,"WD","SE"
74,1,362,"WD","SE"
438,4,362,"WD","SE"
378,1,362,"WD","SE"
186,1,362,"WD","SE"
84,1,362,"WD","SE"
80,10,363,"WD","SE"
61,37,363,"WD","SE"
421,5,363,"WD","SE"
43,1,363,"WD","SE"
20,6,363,"WD","SE"
90,3,363,"WD","SE"
190,1,363,"WD","SE"
514,3,363,"WD","SE"
546,1,363,"WD","SE"
344,1,363,"WD","SE"
144,1,363,"WD","SE"
517,3,363,"WD","SE"
143,1,363,"WD","SE"
6,4,363,"WD","SE"
415,1,363,"WD","SE"
548,1,363,"WD","SE"
166,1,363,"WD","SE"
19,8,363,"WD","SE"
286,1,363,"WD","SE"
37,1,363,"WD","SE"
428,1,363,"WD","SE"
341,2,363,"WD","SE"
455,2,363,"WD","SE"
158,2,363,"WD","SE"
14,16,363,"WD","SE"
338,3,364,"WD","SE"
52,2,364,"WD","SE"
74,1,364,"WD","SE"
19,8,364,"WD","SE"
525,5,364,"WD","SE"
6,4,364,"WD","SE"
483,3,364,"WD","SE"
13,4,364,"WD","SE"
198,1,364,"WD","SE"
41,1,364,"WD","SE"
248,1,364,"WD","SE"
457,1,364,"WD","SE"
223,1,364,"WD","SE"
519,4,364,"WD","SE"
357,1,364,"WD","SE"
140,1,364,"WD","SE"
103,1,364,"WD","SE"
285,1,364,"WD","SE"
76,6,364,"WD","SE"
51,3,364,"WD","SE"
375,1,364,"WD","SE"
461,1,364,"WD","SE"
426,2,364,"WD","SE"
513,4,364,"WD","SE"
82,3,364,"WD","SE"
17,5,365,"WD","SE"
411,1,365,"WD","SE"
372,2,365,"WD","SE"
183,2,365,"WD","SE"
313,1,365,"WD","SE"
378,1,365,"WD","SE"
385,1,365,"WD","SE"
36,6,365,"WD","SE"
398,1,365,"WD","SE"
466,1,365,"WD","SE"
278,1,365,"WD","SE"
370,1,365,"WD","SE"
472,1,365,"WD","SE"
507,11,365,"WD","SE"
376,2,365,"WD","SE"
282,1,365,"WD","SE"
90,3,365,"WD","SE"
28,22,365,"WD","SE"
244,2,365,"WD","SE"
368,1,365,"WD","SE"
499,28,365,"WD","SE"
209,1,365,"WD","SE"
132,1,365,"WD","SE"
190,1,365,"WD","SE"
128,1,365,"WD","SE"
424,1,366,"WD","SE"
7,24,366,"WD","SE"
386,1,366,"WD","SE"
23,7,366,"WD","SE"
445,10,366,"WD","SE"
286,1,366,"WD","SE"
468,1,366,"WD","SE"
90,3,366,"WD","SE"
389,2,366,"WD","SE"
255,1,366,"WD","SE"
459,2,366,"WD","SE"
144,1,366,"WD","SE"
304,1,366,"WD","SE"
50,4,366,"WD","SE"
228,1,366,"WD","SE"
365,1,366,"WD","SE"
86,2,366,"WD","SE"
105,1,366,"WD","SE"
45,7,366,"WD","SE"
13,4,366,"WD","SE"
43,1,366,"WD","SE"
467,4,366,"WD","SE"
232,3,366,"WD","SE"
540,3,366,"WD","SE"
350,1,366,"WD","SE"
504,35,367,"WD","SE"
279,1,367,"WD","SE"
499,28,367,"WD","SE"
411,1,367,"WD","SE"
72,8,367,"WD","SE"
427,1,367,"WD","SE"
44,35,367,"WD","SE"
13,4,367,"WD","SE"
482,3,367,"WD","SE"
244,2,367,"WD","SE"
9,1,367,"WD","SE"
470,5,367,"WD","SE"
82,3,367,"WD","SE"
438,4,367,"WD","SE"
303,2,367,"WD","SE"
368,1,367,"WD","SE"
140,1,367,"WD","SE"
6,4,367,"WD","SE"
302,1,367,"WD","SE"
92,1,367,"WD","SE"
514,3,367,"WD","SE"
295,4,367,"WD","SE"
369,1,367,"WD","SE"
349,1,367,"WD","SE"
424,1,367,"WD","SE"
415,1,368,"WD","SE"
28,22,368,"WD","SE"
463,1,368,"WD","SE"
524,1,368,"WD","SE"
123,2,368,"WD","SE"
93,3,368,"WD","SE"
237,1,368,"WD","SE"
16,6,368,"WD","SE"
496,26,368,"WD","SE"
7,24,368,"WD","SE"
416,1,368,"WD","SE"
435,2,368,"WD","SE"
48,4,368,"WD","SE"
483,3,368,"WD","SE"
317,2,368,"WD","SE"
369,1,368,"WD","SE"
264,1,368,"WD","SE"
304,1,368,"WD","SE"
500,25,368,"WD","SE"
209,1,368,"WD","SE"
67,9,368,"WD","SE"
50,4,368,"WD","SE"
322,1,368,"WD","SE"
82,3,368,"WD","SE"
440,1,368,"WD","SE"
346,1,369,"WD","SE"
510,18,369,"WD","SE"
380,3,369,"WD","SE"
164,4,369,"WD","SE"
48,4,369,"WD","SE"
385,1,369,"WD","SE"
49,1,369,"WD","SE"
278,1,369,"WD","SE"
64,23,369,"WD","SE"
470,5,369,"WD","SE"
144,1,369,"WD","SE"
6,4,369,"WD","SE"
50,4,369,"WD","SE"
546,1,369,"WD","SE"
198,1,369,"WD","SE"
72,8,369,"WD","SE"
36,6,369,"WD","SE"
465,1,369,"WD","SE"
138,3,369,"WD","SE"
186,1,369,"WD","SE"
53,1,369,"WD","SE"
143,1,369,"WD","SE"
519,4,369,"WD","SE"
466,1,369,"WD","SE"
386,1,369,"WD","SE"
524,1,370,"WD","SE"
304,1,370,"WD","SE"
303,2,370,"WD","SE"
447,3,370,"WD","SE"
350,1,370,"WD","SE"
50,4,370,"WD","SE"
367,2,370,"WD","SE"
465,1,370,"WD","SE"
499,28,370,"WD","SE"
74,1,370,"WD","SE"
266,1,370,"WD","SE"
184,1,370,"WD","SE"
404,1,370,"WD","SE"
358,15,370,"WD","SE"
548,1,370,"WD","SE"
259,3,370,"WD","SE"
369,1,370,"WD","SE"
389,2,370,"WD","SE"
503,22,370,"WD","SE"
463,1,370,"WD","SE"
427,1,370,"WD","SE"
142,1,370,"WD","SE"
433,2,370,"WD","SE"
26,41,370,"WD","SE"
57,9,370,"WD","SE"
428,1,371,"WD","SE"
507,11,371,"WD","SE"
411,1,371,"WD","SE"
441,2,371,"WD","SE"
67,9,371,"WD","SE"
26,41,371,"WD","SE"
286,1,371,"WD","SE"
61,37,371,"WD","SE"
118,1,371,"WD","SE"
356,1,371,"WD","SE"
468,1,371,"WD","SE"
4,9,371,"WD","SE"
523,4,371,"WD","SE"
71,1,371,"WD","SE"
540,3,371,"WD","SE"
28,22,371,"WD","SE"
202,1,371,"WD","SE"
357,1,371,"WD","SE"
170,1,371,"WD","SE"
183,2,371,"WD","SE"
247,1,371,"WD","SE"
416,1,371,"WD","SE"
365,1,371,"WD","SE"
5,9,371,"WD","SE"
455,2,371,"WD","SE"
141,1,372,"WD","SE"
228,1,372,"WD","SE"
244,2,372,"WD","SE"
20,6,372,"WD","SE"
84,1,372,"WD","SE"
144,1,372,"WD","SE"
164,4,372,"WD","SE"
473,1,372,"WD","SE"
71,1,372,"WD","SE"
390,4,372,"WD","SE"
203,1,372,"WD","SE"
186,1,372,"WD","SE"
416,1,372,"WD","SE"
385,1,372,"WD","SE"
368,1,372,"WD","SE"
52,2,372,"WD","SE"
548,1,372,"WD","SE"
92,1,372,"WD","SE"
285,1,372,"WD","SE"
301,1,372,"WD","SE"
507,11,372,"WD","SE"
410,2,372,"WD","SE"
417,1,372,"WD","SE"
500,25,372,"WD","SE"
57,9,372,"WD","SE"
259,3,373,"WD","SE"
427,1,373,"WD","SE"
255,1,373,"WD","SE"
422,3,373,"WD","SE"
377,2,373,"WD","SE"
469,5,373,"WD","SE"
29,2,373,"WD","SE"
19,8,373,"WD","SE"
346,1,373,"WD","SE"
508,23,373,"WD","SE"
461,1,373,"WD","SE"
338,3,373,"WD","SE"
52,2,373,"WD","SE"
486,3,373,"WD","SE"
534,3,373,"WD","SE"
32,9,373,"WD","SE"
383,1,373,"WD","SE"
465,1,373,"WD","SE"
430,4,373,"WD","SE"
514,3,373,"WD","SE"
179,7,373,"WD","SE"
43,1,373,"WD","SE"
203,1,373,"WD","SE"
499,28,373,"WD","SE"
103,1,373,"WD","SE"
367,2,374,"WD","SE"
49,1,374,"WD","SE"
356,1,374,"WD","SE"
58,2,374,"WD","SE"
472,1,374,"WD","SE"
551,1,374,"WD","SE"
19,8,374,"WD","SE"
215,1,374,"WD","SE"
349,1,374,"WD","SE"
37,1,374,"WD","SE"
460,1,374,"WD","SE"
105,1,374,"WD","SE"
126,2,374,"WD","SE"
128,1,374,"WD","SE"
7,24,374,"WD","SE"
422,3,374,"WD","SE"
26,41,374,"WD","SE"
473,1,374,"WD","SE"
301,1,374,"WD","SE"
23,7,374,"WD","SE"
20,6,374,"WD","SE"
425,3,374,"WD","SE"
368,1,374,"WD","SE"
50,4,374,"WD","SE"
318,2,374,"WD","SE"
467,4,375,"WD","SE"
322,1,375,"WD","SE"
50,4,375,"WD","SE"
439,2,375,"WD","SE"
411,1,375,"WD","SE"
295,4,375,"WD","SE"
9,1,375,"WD","SE"
190,1,375,"WD","SE"
196,2,375,"WD","SE"
202,1,375,"WD","SE"
40,6,375,"WD","SE"
252,1,375,"WD","SE"
51,3,375,"WD","SE"
503,22,375,"WD","SE"
86,2,375,"WD","SE"
90,3,375,"WD","SE"
398,1,375,"WD","SE"
59,5,375,"WD","SE"
308,1,375,"WD","SE"
1,3,375,"WD","SE"
507,11,375,"WD","SE"
354,1,375,"WD","SE"
510,18,375,"WD","SE"
72,8,375,"WD","SE"
343,6,375,"WD","SE"
348,2,376,"WD","SE"
118,1,376,"WD","SE"
52,2,376,"WD","SE"
455,2,376,"WD","SE"
447,3,376,"WD","SE"
40,6,376,"WD","SE"
249,2,376,"WD","SE"
202,1,376,"WD","SE"
17,5,376,"WD","SE"
338,3,376,"WD","SE"
244,2,376,"WD","SE"
43,1,376,"WD","SE"
57,9,376,"WD","SE"
252,1,376,"WD","SE"
346,1,376,"WD","SE"
6,4,376,"WD","SE"
524,1,376,"WD","SE"
427,1,376,"WD","SE"
228,1,376,"WD","SE"
424,1,376,"WD","SE"
247,1,376,"WD","SE"
158,2,376,"WD","SE"
49,1,376,"WD","SE"
128,1,376,"WD","SE"
141,1,376,"WD","SE"
187,1,377,"WD","SE"
302,1,377,"WD","SE"
77,18,377,"WD","SE"
237,1,377,"WD","SE"
449,1,377,"WD","SE"
343,6,377,"WD","SE"
14,16,377,"WD","SE"
222,1,377,"WD","SE"
43,1,377,"WD","SE"
414,1,377,"WD","SE"
5,9,377,"WD","SE"
372,2,377,"WD","SE"
36,6,377,"WD","SE"
458,1,377,"WD","SE"
411,1,377,"WD","SE"
508,23,377,"WD","SE"
473,1,377,"WD","SE"
28,22,377,"WD","SE"
545,2,377,"WD","SE"
158,2,377,"WD","SE"
76,6,377,"WD","SE"
430,4,377,"WD","SE"
416,1,377,"WD","SE"
326,1,377,"WD","SE"
519,4,377,"WD","SE"
346,1,378,"WD","SE"
421,5,378,"WD","SE"
465,1,378,"WD","SE"
4,9,378,"WD","SE"
513,4,378,"WD","SE"
447,3,378,"WD","SE"
132,1,378,"WD","SE"
11,30,378,"WD","SE"
376,2,378,"WD","SE"
33,12,378,"WD","SE"
546,1,378,"WD","SE"
523,4,378,"WD","SE"
295,4,378,"WD","SE"
441,2,378,"WD","SE"
61,37,378,"WD","SE"
164,4,378,"WD","SE"
190,1,378,"WD","SE"
354,1,378,"WD","SE"
45,7,378,"WD","SE"
383,1,378,"WD","SE"
352,2,378,"WD","SE"
410,2,378,"WD","SE"
59,5,378,"WD","SE"
348,2,378,"WD","SE"
304,1,378,"WD","SE"
247,1,379,"WD","SE"
546,1,379,"WD","SE"
7,24,379,"WD","SE"
37,1,379,"WD","SE"
501,24,379,"WD","SE"
308,1,379,"WD","SE"
368,1,379,"WD","SE"
77,18,379,"WD","SE"
365,1,379,"WD","SE"
32,9,379,"WD","SE"
466,1,379,"WD","SE"
499,28,379,"WD","SE"
398,1,379,"WD","SE"
468,1,379,"WD","SE"
126,2,379,"WD","SE"
16,6,379,"WD","SE"
255,1,379,"WD","SE"
394,1,379,"WD","SE"
439,2,379,"WD","SE"
389,2,379,"WD","SE"
196,2,379,"WD","SE"
420,1,379,"WD","SE"
544,3,379,"WD","SE"
421,5,379,"WD","SE"
463,1,379,"WD","SE"
455,2,380,"WD","SE"
415,1,380,"WD","SE"
548,1,380,"WD","SE"
519,4,380,"WD","SE"
463,1,380,"WD","SE"
445,10,380,"WD","SE"
524,1,380,"WD","SE"
348,2,380,"WD","SE"
58,2,380,"WD","SE"
544,3,380,"WD","SE"
19,8,380,"WD","SE"
525,5,380,"WD","SE"
352,2,380,"WD","SE"
545,2,380,"WD","SE"
276,4,380,"WD","SE"
385,1,380,"WD","SE"
471,2,380,"WD","SE"
44,35,380,"WD","SE"
80,10,380,"WD","SE"
440,1,380,"WD","SE"
421,5,380,"WD","SE"
540,3,380,"WD","SE"
534,3,380,"WD","SE"
90,3,380,"WD","SE"
23,7,380,"WD","SE"
141,1,381,"WD","SE"
471,2,381,"WD","SE"
503,22,381,"WD","SE"
507,11,381,"WD","SE"
143,1,381,"WD","SE"
449,1,381,"WD","SE"
445,10,381,"WD","SE"
425,3,381,"WD","SE"
344,1,381,"WD","SE"
14,16,381,"WD","SE"
389,2,381,"WD","SE"
397,1,381,"WD","SE"
341,2,381,"WD","SE"
43,1,381,"WD","SE"
196,2,381,"WD","SE"
248,1,381,"WD","SE"
222,1,381,"WD","SE"
417,1,381,"WD","SE"
138,3,381,"WD","SE"
190,1,381,"WD","SE"
372,2,381,"WD","SE"
457,1,381,"WD","SE"
377,2,381,"WD","SE"
286,1,381,"WD","SE"
164,4,381,"WD","SE"
28,22,382,"WD","SE"
386,1,382,"WD","SE"
416,1,382,"WD","SE"
138,3,382,"WD","SE"
7,24,382,"WD","SE"
363,1,382,"WD","SE"
370,1,382,"WD","SE"
401,1,382,"WD","SE"
517,3,382,"WD","SE"
486,3,382,"WD","SE"
411,1,382,"WD","SE"
223,1,382,"WD","SE"
523,4,382,"WD","SE"
313,1,382,"WD","SE"
78,9,382,"WD","SE"
507,11,382,"WD","SE"
348,2,382,"WD","SE"
346,1,382,"WD","SE"
356,1,382,"WD","SE"
4,9,382,"WD","SE"
460,1,382,"WD","SE"
1,3,382,"WD","SE"
513,4,382,"WD","SE"
47,10,382,"WD","SE"
425,3,382,"WD","SE"
367,2,383,"WD","SE"
414,1,383,"WD","SE"
398,1,383,"WD","SE"
282,1,383,"WD","SE"
498,27,383,"WD","SE"
250,1,383,"WD","SE"
303,2,383,"WD","SE"
252,1,383,"WD","SE"
523,4,383,"WD","SE"
370,1,383,"WD","SE"
439,2,383,"WD","SE"
486,3,383,"WD","SE"
142,1,383,"WD","SE"
301,1,383,"WD","SE"
441,2,383,"WD","SE"
473,1,383,"WD","SE"
349,1,383,"WD","SE"
279,1,383,"WD","SE"
551,1,383,"WD","SE"
285,1,383,"WD","SE"
419,1,383,"WD","SE"
202,1,383,"WD","SE"
203,1,383,"WD","SE"
141,1,383,"WD","SE"
422,3,383,"WD","SE"
215,1,384,"WD","SE"
525,5,384,"WD","SE"
7,24,384,"WD","SE"
187,1,384,"WD","SE"
503,22,384,"WD","SE"
344,1,384,"WD","SE"
59,5,384,"WD","SE"
363,1,384,"WD","SE"
547,1,384,"WD","SE"
514,3,384,"WD","SE"
394,1,384,"WD","SE"
301,1,384,"WD","SE"
228,1,384,"WD","SE"
76,6,384,"WD","SE"
422,3,384,"WD","SE"
386,1,384,"WD","SE"
166,1,384,"WD","SE"
92,1,384,"WD","SE"
416,1,384,"WD","SE"
313,1,384,"WD","SE"
82,3,384,"WD","SE"
368,1,384,"WD","SE"
437,1,384,"WD","SE"
343,6,384,"WD","SE"
13,4,384,"WD","SE"
72,8,385,"WD","SE"
140,1,385,"WD","SE"
447,3,385,"WD","SE"
499,28,385,"WD","SE"
519,4,385,"WD","SE"
128,1,385,"WD","SE"
420,1,385,"WD","SE"
52,2,385,"WD","SE"
279,1,385,"WD","SE"
473,1,385,"WD","SE"
17,5,385,"WD","SE"
43,1,385,"WD","SE"
415,1,385,"WD","SE"
9,1,385,"WD","SE"
465,1,385,"WD","SE"
250,1,385,"WD","SE"
249,2,385,"WD","SE"
40,6,385,"WD","SE"
459,2,385,"WD","SE"
198,1,385,"WD","SE"
503,22,385,"WD","SE"
51,3,385,"WD","SE"
190,1,385,"WD","SE"
20,6,385,"WD","SE"
363,1,385,"WD","SE"
440,1,386,"WD","SE"
318,2,386,"WD","SE"
4,9,386,"WD","SE"
190,1,386,"WD","SE"
410,2,386,"WD","SE"
7,24,386,"WD","SE"
416,1,386,"WD","SE"
5,9,386,"WD","SE"
203,1,386,"WD","SE"
20,6,386,"WD","SE"
57,9,386,"WD","SE"
86,2,386,"WD","SE"
187,1,386,"WD","SE"
414,1,386,"WD","SE"
92,1,386,"WD","SE"
32,9,386,"WD","SE"
482,3,386,"WD","SE"
460,1,386,"WD","SE"
179,7,386,"WD","SE"
64,23,386,"WD","SE"
205,2,386,"WD","SE"
438,4,386,"WD","SE"
140,1,386,"WD","SE"
76,6,386,"WD","SE"
473,1,386,"WD","SE"
390,4,387,"WD","SE"
441,2,387,"WD","SE"
519,4,387,"WD","SE"
358,15,387,"WD","SE"
179,7,387,"WD","SE"
187,1,387,"WD","SE"
482,3,387,"WD","SE"
367,2,387,"WD","SE"
546,1,387,"WD","SE"
12,9,387,"WD","SE"
5,9,387,"WD","SE"
214,1,387,"WD","SE"
128,1,387,"WD","SE"
86,2,387,"WD","SE"
473,1,387,"WD","SE"
123,2,387,"WD","SE"
349,1,387,"WD","SE"
76,6,387,"WD","SE"
74,1,387,"WD","SE"
499,28,387,"WD","SE"
433,2,387,"WD","SE"
90,3,387,"WD","SE"
427,1,387,"WD","SE"
228,1,387,"WD","SE"
276,4,387,"WD","SE"
308,1,388,"WD","SE"
282,1,388,"WD","SE"
67,9,388,"WD","SE"
26,41,388,"WD","SE"
43,1,388,"WD","SE"
427,1,388,"WD","SE"
53,1,388,"WD","SE"
458,1,388,"WD","SE"
302,1,388,"WD","SE"
250,1,388,"WD","SE"
59,5,388,"WD","SE"
304,1,388,"WD","SE"
348,2,388,"WD","SE"
5,9,388,"WD","SE"
17,5,388,"WD","SE"
313,1,388,"WD","SE"
259,3,388,"WD","SE"
540,3,388,"WD","SE"
449,1,388,"WD","SE"
472,1,388,"WD","SE"
249,2,388,"WD","SE"
126,2,388,"WD","SE"
90,3,388,"WD","SE"
508,23,388,"WD","SE"
483,3,388,"WD","SE"
302,1,389,"WD","SE"
72,8,389,"WD","SE"
463,1,389,"WD","SE"
416,1,389,"WD","SE"
47,10,389,"WD","SE"
508,23,389,"WD","SE"
93,3,389,"WD","SE"
439,2,389,"WD","SE"
33,12,389,"WD","SE"
419,1,389,"WD","SE"
14,16,389,"WD","SE"
499,28,389,"WD","SE"
248,1,389,"WD","SE"
517,3,389,"WD","SE"
59,5,389,"WD","SE"
455,2,389,"WD","SE"
426,2,389,"WD","SE"
390,4,389,"WD","SE"
249,2,389,"WD","SE"
525,5,389,"WD","SE"
53,1,389,"WD","SE"
64,23,389,"WD","SE"
187,1,389,"WD","SE"
222,1,389,"WD","SE"
458,1,389,"WD","SE"
546,1,390,"WD","SE"
57,9,390,"WD","SE"
184,1,390,"WD","SE"
414,1,390,"WD","SE"
82,3,390,"WD","SE"
203,1,390,"WD","SE"
358,15,390,"WD","SE"
40,6,390,"WD","SE"
547,1,390,"WD","SE"
90,3,390,"WD","SE"
369,1,390,"WD","SE"
458,1,390,"WD","SE"
64,23,390,"WD","SE"
502,18,390,"WD","SE"
33,12,390,"WD","SE"
164,4,390,"WD","SE"
209,1,390,"WD","SE"
13,4,390,"WD","SE"
499,28,390,"WD","SE"
166,1,390,"WD","SE"
179,7,390,"WD","SE"
32,9,390,"WD","SE"
422,3,390,"WD","SE"
9,1,390,"WD","SE"
248,1,390,"WD","SE"
525,5,391,"WD","SE"
369,1,391,"WD","SE"
187,1,391,"WD","SE"
507,11,391,"WD","SE"
441,2,391,"WD","SE"
44,35,391,"WD","SE"
346,1,391,"WD","SE"
524,1,391,"WD","SE"
282,1,391,"WD","SE"
193,1,391,"WD","SE"
483,3,391,"WD","SE"
438,4,391,"WD","SE"
372,2,391,"WD","SE"
449,1,391,"WD","SE"
76,6,391,"WD","SE"
50,4,391,"WD","SE"
61,37,391,"WD","SE"
455,2,391,"WD","SE"
460,1,391,"WD","SE"
439,2,391,"WD","SE"
20,6,391,"WD","SE"
356,1,391,"WD","SE"
322,1,391,"WD","SE"
302,1,391,"WD","SE"
503,22,391,"WD","SE"
16,6,392,"WD","SE"
439,2,392,"WD","SE"
84,1,392,"WD","SE"
244,2,392,"WD","SE"
357,1,392,"WD","SE"
141,1,392,"WD","SE"
500,25,392,"WD","SE"
341,2,392,"WD","SE"
486,3,392,"WD","SE"
377,2,392,"WD","SE"
179,7,392,"WD","SE"
198,1,392,"WD","SE"
158,2,392,"WD","SE"
59,5,392,"WD","SE"
259,3,392,"WD","SE"
304,1,392,"WD","SE"
232,3,392,"WD","SE"
90,3,392,"WD","SE"
4,9,392,"WD","SE"
496,26,392,"WD","SE"
19,8,392,"WD","SE"
28,22,392,"WD","SE"
140,1,392,"WD","SE"
71,1,392,"WD","SE"
142,1,392,"WD","SE"
45,7,393,"WD","SE"
48,4,393,"WD","SE"
28,22,393,"WD","SE"
346,1,393,"WD","SE"
158,2,393,"WD","SE"
422,3,393,"WD","SE"
374,2,393,"WD","SE"
441,2,393,"WD","SE"
467,4,393,"WD","SE"
343,6,393,"WD","SE"
105,1,393,"WD","SE"
449,1,393,"WD","SE"
77,18,393,"WD","SE"
232,3,393,"WD","SE"
460,1,393,"WD","SE"
209,1,393,"WD","SE"
173,1,393,"WD","SE"
67,9,393,"WD","SE"
144,1,393,"WD","SE"
7,24,393,"WD","SE"
286,1,393,"WD","SE"
16,6,393,"WD","SE"
457,1,393,"WD","SE"
186,1,393,"WD","SE"
313,1,393,"WD","SE"
19,8,394,"WD","SE"
67,9,394,"WD","SE"
32,9,394,"WD","SE"
377,2,394,"WD","SE"
184,1,394,"WD","SE"
14,16,394,"WD","SE"
390,4,394,"WD","SE"
455,2,394,"WD","SE"
401,1,394,"WD","SE"
6,4,394,"WD","SE"
126,2,394,"WD","SE"
369,1,394,"WD","SE"
91,8,394,"WD","SE"
49,1,394,"WD","SE"
308,1,394,"WD","SE"
368,1,394,"WD","SE"
460,1,394,"WD","SE"
415,1,394,"WD","SE"
372,2,394,"WD","SE"
346,1,394,"WD","SE"
138,3,394,"WD","SE"
385,1,394,"WD","SE"
374,2,394,"WD","SE"
76,6,394,"WD","SE"
183,2,394,"WD","SE"
394,1,395,"WD","SE"
57,9,395,"WD","SE"
458,1,395,"WD","SE"
410,2,395,"WD","SE"
248,1,395,"WD","SE"
84,1,395,"WD","SE"
466,1,395,"WD","SE"
404,1,395,"WD","SE"
44,35,395,"WD","SE"
519,4,395,"WD","SE"
36,6,395,"WD","SE"
304,1,395,"WD","SE"
516,3,395,"WD","SE"
285,1,395,"WD","SE"
426,2,395,"WD","SE"
381,2,395,"WD","SE"
435,2,395,"WD","SE"
369,1,395,"WD","SE"
33,12,395,"WD","SE"
244,2,395,"WD","SE"
370,1,395,"WD","SE"
389,2,395,"WD","SE"
459,2,395,"WD","SE"
164,4,395,"WD","SE"
421,5,395,"WD","SE"
343,6,396,"WD","SE"
425,3,396,"WD","SE"
440,1,396,"WD","SE"
376,2,396,"WD","SE"
9,1,396,"WD","SE"
394,1,396,"WD","SE"
144,1,396,"WD","SE"
190,1,396,"WD","SE"
417,1,396,"WD","SE"
468,1,396,"WD","SE"
187,1,396,"WD","SE"
458,1,396,"WD","SE"
358,15,396,"WD","SE"
4,9,396,"WD","SE"
143,1,396,"WD","SE"
415,1,396,"WD","SE"
473,1,396,"WD","SE"
93,3,396,"WD","SE"
471,2,396,"WD","SE"
404,1,396,"WD","SE"
470,5,396,"WD","SE"
232,3,396,"WD","SE"
469,5,396,"WD","SE"
77,18,396,"WD","SE"
16,6,396,"WD","SE"
376,2,397,"WD","SE"
519,4,397,"WD","SE"
510,18,397,"WD","SE"
365,1,397,"WD","SE"
78,9,397,"WD","SE"
352,2,397,"WD","SE"
193,1,397,"WD","SE"
11,30,397,"WD","SE"
358,15,397,"WD","SE"
52,2,397,"WD","SE"
501,24,397,"WD","SE"
508,23,397,"WD","SE"
416,1,397,"WD","SE"
41,1,397,"WD","SE"
546,1,397,"WD","SE"
48,4,397,"WD","SE"
428,1,397,"WD","SE"
142,1,397,"WD","SE"
264,1,397,"WD","SE"
57,9,397,"WD","SE"
397,1,397,"WD","SE"
414,1,397,"WD","SE"
138,3,397,"WD","SE"
551,1,397,"WD","SE"
499,28,397,"WD","SE"
415,1,398,"WD","SE"
51,3,398,"WD","SE"
48,4,398,"WD","SE"
237,1,398,"WD","SE"
282,1,398,"WD","SE"
222,1,398,"WD","SE"
4,9,398,"WD","SE"
369,1,398,"WD","SE"
344,1,398,"WD","SE"
38,5,398,"WD","SE"
517,3,398,"WD","SE"
433,2,398,"WD","SE"
401,1,398,"WD","SE"
545,2,398,"WD","SE"
28,22,398,"WD","SE"
348,2,398,"WD","SE"
496,26,398,"WD","SE"
103,1,398,"WD","SE"
266,1,398,"WD","SE"
11,30,398,"WD","SE"
53,1,398,"WD","SE"
183,2,398,"WD","SE"
534,3,398,"WD","SE"
232,3,398,"WD","SE"
410,2,398,"WD","SE"
41,1,399,"WD","SE"
517,3,399,"WD","SE"
421,5,399,"WD","SE"
414,1,399,"WD","SE"
346,1,399,"WD","SE"
420,1,399,"WD","SE"
427,1,399,"WD","SE"
1,3,399,"WD","SE"
469,5,399,"WD","SE"
90,3,399,"WD","SE"
223,1,399,"WD","SE"
318,2,399,"WD","SE"
430,4,399,"WD","SE"
77,18,399,"WD","SE"
186,1,399,"WD","SE"
52,2,399,"WD","SE"
49,1,399,"WD","SE"
496,26,399,"WD","SE"
416,1,399,"WD","SE"
57,9,399,"WD","SE"
356,1,399,"WD","SE"
441,2,399,"WD","SE"
43,1,399,"WD","SE"
370,1,399,"WD","SE"
357,1,399,"WD","SE"
29,2,400,"WD","SE"
223,1,400,"WD","SE"
389,2,400,"WD","SE"
551,1,400,"WD","SE"
375,1,400,"WD","SE"
105,1,400,"WD","SE"
64,23,400,"WD","SE"
367,2,400,"WD","SE"
184,1,400,"WD","SE"
470,5,400,"WD","SE"
302,1,400,"WD","SE"
427,1,400,"WD","SE"
52,2,400,"WD","SE"
57,9,400,"WD","SE"
338,3,400,"WD","SE"
439,2,400,"WD","SE"
11,30,400,"WD","SE"
76,6,400,"WD","SE"
440,1,400,"WD","SE"
13,4,400,"WD","SE"
501,24,400,"WD","SE"
72,8,400,"WD","SE"
447,3,400,"WD","SE"
26,41,400,"WD","SE"
415,1,400,"WD","SE"
266,1,401,"WD","SE"
372,2,401,"WD","SE"
415,1,401,"WD","SE"
414,1,401,"WD","SE"
419,1,401,"WD","SE"
183,2,401,"WD","SE"
232,3,401,"WD","SE"
19,8,401,"WD","SE"
12,9,401,"WD","SE"
326,1,401,"WD","SE"
483,3,401,"WD","SE"
427,1,401,"WD","SE"
186,1,401,"WD","SE"
460,1,401,"WD","SE"
438,4,401,"WD","SE"
67,9,401,"WD","SE"
33,12,401,"WD","SE"
435,2,401,"WD","SE"
449,1,401,"WD","SE"
410,2,401,"WD","SE"
278,1,401,"WD","SE"
264,1,401,"WD","SE"
525,5,401,"WD","SE"
341,2,401,"WD","SE"
421,5,401,"WD","SE"
295,4,402,"WD","SE"
544,3,402,"WD","SE"
41,1,402,"WD","SE"
482,3,402,"WD","SE"
401,1,402,"WD","SE"
318,2,402,"WD","SE"
469,5,402,"WD","SE"
232,3,402,"WD","SE"
467,4,402,"WD","SE"
5,9,402,"WD","SE"
459,2,402,"WD","SE"
430,4,402,"WD","SE"
376,2,402,"WD","SE"
228,1,402,"WD","SE"
48,4,402,"WD","SE"
17,5,402,"WD","SE"
404,1,402,"WD","SE"
36,6,402,"WD","SE"
414,1,402,"WD","SE"
508,23,402,"WD","SE"
438,4,402,"WD","SE"
52,2,402,"WD","SE"
45,7,402,"WD","SE"
460,1,402,"WD","SE"
354,1,402,"WD","SE"
131,1,403,"WD","SE"
132,1,403,"WD","SE"
455,2,403,"WD","SE"
386,1,403,"WD","SE"
166,1,403,"WD","SE"
513,4,403,"WD","SE"
461,1,403,"WD","SE"
437,1,403,"WD","SE"
441,2,403,"WD","SE"
223,1,403,"WD","SE"
47,10,403,"WD","SE"
376,2,403,"WD","SE"
482,3,403,"WD","SE"
433,2,403,"WD","SE"
183,2,403,"WD","SE"
420,1,403,"WD","SE"
501,24,403,"WD","SE"
463,1,403,"WD","SE"
44,35,403,"WD","SE"
540,3,403,"WD","SE"
67,9,403,"WD","SE"
356,1,403,"WD","SE"
248,1,403,"WD","SE"
202,1,403,"WD","SE"
32,9,403,"WD","SE"
255,1,404,"WD","SE"
266,1,404,"WD","SE"
43,1,404,"WD","SE"
458,1,404,"WD","SE"
502,18,404,"WD","SE"
205,2,404,"WD","SE"
496,26,404,"WD","SE"
166,1,404,"WD","SE"
158,2,404,"WD","SE"
317,2,404,"WD","SE"
343,6,404,"WD","SE"
326,1,404,"WD","SE"
421,5,404,"WD","SE"
91,8,404,"WD","SE"
82,3,404,"WD","SE"
28,22,404,"WD","SE"
279,1,404,"WD","SE"
19,8,404,"WD","SE"
411,1,404,"WD","SE"
439,2,404,"WD","SE"
420,1,404,"WD","SE"
52,2,404,"WD","SE"
140,1,404,"WD","SE"
244,2,404,"WD","SE"
350,1,404,"WD","SE"
308,1,405,"WD","SE"
348,2,405,"WD","SE"
430,4,405,"WD","SE"
223,1,405,"WD","SE"
411,1,405,"WD","SE"
276,4,405,"WD","SE"
13,4,405,"WD","SE"
472,1,405,"WD","SE"
118,1,405,"WD","SE"
357,1,405,"WD","SE"
57,9,405,"WD","SE"
123,2,405,"WD","SE"
372,2,405,"WD","SE"
503,22,405,"WD","SE"
369,1,405,"WD","SE"
349,1,405,"WD","SE"
196,2,405,"WD","SE"
5,9,405,"WD","SE"
352,2,405,"WD","SE"
12,9,405,"WD","SE"
435,2,405,"WD","SE"
78,9,405,"WD","SE"
438,4,405,"WD","SE"
510,18,405,"WD","SE"
383,1,405,"WD","SE"
282,1,406,"WD","SE"
67,9,406,"WD","SE"
5,9,406,"WD","SE"
47,10,406,"WD","SE"
158,2,406,"WD","SE"
503,22,406,"WD","SE"
32,9,406,"WD","SE"
144,1,406,"WD","SE"
378,1,406,"WD","SE"
472,1,406,"WD","SE"
301,1,406,"WD","SE"
140,1,406,"WD","SE"
422,3,406,"WD","SE"
17,5,406,"WD","SE"
510,18,406,"WD","SE"
349,1,406,"WD","SE"
482,3,406,"WD","SE"
381,2,406,"WD","SE"
303,2,406,"WD","SE"
23,7,406,"WD","SE"
193,1,406,"WD","SE"
80,10,406,"WD","SE"
551,1,406,"WD","SE"
20,6,406,"WD","SE"
74,1,406,"WD","SE"
447,3,407,"WD","SE"
302,1,407,"WD","SE"
513,4,407,"WD","SE"
404,1,407,"WD","SE"
118,1,407,"WD","SE"
322,1,407,"WD","SE"
187,1,407,"WD","SE"
51,3,407,"WD","SE"
19,8,407,"WD","SE"
5,9,407,"WD","SE"
421,5,407,"WD","SE"
40,6,407,"WD","SE"
33,12,407,"WD","SE"
486,3,407,"WD","SE"
48,4,407,"WD","SE"
80,10,407,"WD","SE"
282,1,407,"WD","SE"
301,1,407,"WD","SE"
469,5,407,"WD","SE"
32,9,407,"WD","SE"
461,1,407,"WD","SE"
123,2,407,"WD","SE"
410,2,407,"WD","SE"
255,1,407,"WD","SE"
435,2,407,"WD","SE"
313,1,408,"WD","SE"
47,10,408,"WD","SE"
344,1,408,"WD","SE"
286,1,408,"WD","SE"
57,9,408,"WD","SE"
203,1,408,"WD","SE"
215,1,408,"WD","SE"
435,2,408,"WD","SE"
67,9,408,"WD","SE"
463,1,408,"WD","SE"
131,1,408,"WD","SE"
164,4,408,"WD","SE"
525,5,408,"WD","SE"
36,6,408,"WD","SE"
278,1,408,"WD","SE"
419,1,408,"WD","SE"
411,1,408,"WD","SE"
496,26,408,"WD","SE"
186,1,408,"WD","SE"
17,5,408,"WD","SE"
354,1,408,"WD","SE"
1,3,408,"WD","SE"
398,1,408,"WD","SE"
302,1,408,"WD","SE"
285,1,408,"WD","SE"
143,1,409,"WD","SE"
416,1,409,"WD","SE"
343,6,409,"WD","SE"
202,1,409,"WD","SE"
496,26,409,"WD","SE"
513,4,409,"WD","SE"
348,2,409,"WD","SE"
141,1,409,"WD","SE"
455,2,409,"WD","SE"
420,1,409,"WD","SE"
237,1,409,"WD","SE"
441,2,409,"WD","SE"
498,27,409,"WD","SE"
37,1,409,"WD","SE"
279,1,409,"WD","SE"
378,1,409,"WD","SE"
365,1,409,"WD","SE"
356,1,409,"WD","SE"
377,2,409,"WD","SE"
20,6,409,"WD","SE"
422,3,409,"WD","SE"
440,1,409,"WD","SE"
433,2,409,"WD","SE"
507,11,409,"WD","SE"
302,1,409,"WD","SE"
92,1,410,"WD","SE"
209,1,410,"WD","SE"
472,1,410,"WD","SE"
416,1,410,"WD","SE"
84,1,410,"WD","SE"
14,16,410,"WD","SE"
534,3,410,"WD","SE"
237,1,410,"WD","SE"
326,1,410,"WD","SE"
103,1,410,"WD","SE"
58,2,410,"WD","SE"
190,1,410,"WD","SE"
322,1,410,"WD","SE"
341,2,410,"WD","SE"
447,3,410,"WD","SE"
184,1,410,"WD","SE"
551,1,410,"WD","SE"
93,3,410,"WD","SE"
61,37,410,"WD","SE"
90,3,410,"WD","SE"
158,2,410,"WD","SE"
26,41,410,"WD","SE"
375,1,410,"WD","SE"
344,1,410,"WD","SE"
390,4,410,"WD","SE"
415,1,411,"WD","SE"
77,18,411,"WD","SE"
118,1,411,"WD","SE"
343,6,411,"WD","SE"
435,2,411,"WD","SE"
357,1,411,"WD","SE"
50,4,411,"WD","SE"
105,1,411,"WD","SE"
72,8,411,"WD","SE"
28,22,411,"WD","SE"
510,18,411,"WD","SE"
545,2,411,"WD","SE"
368,1,411,"WD","SE"
255,1,411,"WD","SE"
249,2,411,"WD","SE"
264,1,411,"WD","SE"
365,1,411,"WD","SE"
44,35,411,"WD","SE"
313,1,411,"WD","SE"
33,12,411,"WD","SE"
51,3,411,"WD","SE"
196,2,411,"WD","SE"
426,2,411,"WD","SE"
461,1,411,"WD","SE"
440,1,411,"WD","SE"
20,6,412,"WD","SE"
524,1,412,"WD","SE"
398,1,412,"WD","SE"
547,1,412,"WD","SE"
59,5,412,"WD","SE"
376,2,412,"WD","SE"
414,1,412,"WD","SE"
247,1,412,"WD","SE"
249,2,412,"WD","SE"
252,1,412,"WD","SE"
250,1,412,"WD","SE"
86,2,412,"WD","SE"
525,5,412,"WD","SE"
469,5,412,"WD","SE"
11,30,412,"WD","SE"
486,3,412,"WD","SE"
32,9,412,"WD","SE"
196,2,412,"WD","SE"
61,37,412,"WD","SE"
123,2,412,"WD","SE"
438,4,412,"WD","SE"
473,1,412,"WD","SE"
377,2,412,"WD","SE"
534,3,412,"WD","SE"
76,6,412,"WD","SE"
514,3,413,"WD","SE"
13,4,413,"WD","SE"
304,1,413,"WD","SE"
198,1,413,"WD","SE"
126,2,413,"WD","SE"
358,15,413,"WD","SE"
266,1,413,"WD","SE"
508,23,413,"WD","SE"
540,3,413,"WD","SE"
14,16,413,"WD","SE"
72,8,413,"WD","SE"
482,3,413,"WD","SE"
91,8,413,"WD","SE"
367,2,413,"WD","SE"
419,1,413,"WD","SE"
1,3,413,"WD","SE"
326,1,413,"WD","SE"
455,2,413,"WD","SE"
45,7,413,"WD","SE"
286,1,413,"WD","SE"
376,2,413,"WD","SE"
414,1,413,"WD","SE"
523,4,413,"WD","SE"
78,9,413,"WD","SE"
131,1,413,"WD","SE"
368,1,414,"WD","SE"
426,2,414,"WD","SE"
278,1,414,"WD","SE"
374,2,414,"WD","SE"
58,2,414,"WD","SE"
445,10,414,"WD","SE"
503,22,414,"WD","SE"
264,1,414,"WD","SE"
377,2,414,"WD","SE"
372,2,414,"WD","SE"
23,7,414,"WD","SE"
76,6,414,"WD","SE"
411,1,414,"WD","SE"
504,35,414,"WD","SE"
397,1,414,"WD","SE"
349,1,414,"WD","SE"
358,15,414,"WD","SE"
338,3,414,"WD","SE"
166,1,414,"WD","SE"
458,1,414,"WD","SE"
375,1,414,"WD","SE"
437,1,414,"WD","SE"
525,5,414,"WD","SE"
385,1,414,"WD","SE"
378,1,414,"WD","SE"
131,1,415,"WD","SE"
93,3,415,"WD","SE"
84,1,415,"WD","SE"
48,4,415,"WD","SE"
140,1,415,"WD","SE"
461,1,415,"WD","SE"
103,1,415,"WD","SE"
74,1,415,"WD","SE"
49,1,415,"WD","SE"
12,9,415,"WD","SE"
548,1,415,"WD","SE"
41,1,415,"WD","SE"
105,1,415,"WD","SE"
86,2,415,"WD","SE"
544,3,415,"WD","SE"
123,2,415,"WD","SE"
187,1,415,"WD","SE"
20,6,415,"WD","SE"
186,1,415,"WD","SE"
302,1,415,"WD","SE"
358,15,415,"WD","SE"
13,4,415,"WD","SE"
28,22,415,"WD","SE"
202,1,415,"WD","SE"
438,4,415,"WD","SE"
92,1,416,"WD","SE"
358,15,416,"WD","SE"
28,22,416,"WD","SE"
483,3,416,"WD","SE"
427,1,416,"WD","SE"
317,2,416,"WD","SE"
386,1,416,"WD","SE"
33,12,416,"WD","SE"
502,18,416,"WD","SE"
142,1,416,"WD","SE"
350,1,416,"WD","SE"
37,1,416,"WD","SE"
186,1,416,"WD","SE"
377,2,416,"WD","SE"
313,1,416,"WD","SE"
419,1,416,"WD","SE"
76,6,416,"WD","SE"
71,1,416,"WD","SE"
468,1,416,"WD","SE"
36,6,416,"WD","SE"
58,2,416,"WD","SE"
214,1,416,"WD","SE"
202,1,416,"WD","SE"
352,2,416,"WD","SE"
380,3,416,"WD","SE"
276,4,417,"WD","SE"
471,2,417,"WD","SE"
326,1,417,"WD","SE"
52,2,417,"WD","SE"
419,1,417,"WD","SE"
503,22,417,"WD","SE"
141,1,417,"WD","SE"
415,1,417,"WD","SE"
425,3,417,"WD","SE"
186,1,417,"WD","SE"
126,2,417,"WD","SE"
369,1,417,"WD","SE"
38,5,417,"WD","SE"
421,5,417,"WD","SE"
459,2,417,"WD","SE"
67,9,417,"WD","SE"
301,1,417,"WD","SE"
143,1,417,"WD","SE"
463,1,417,"WD","SE"
375,1,417,"WD","SE"
445,10,417,"WD","SE"
249,2,417,"WD","SE"
467,4,417,"WD","SE"
41,1,417,"WD","SE"
430,4,417,"WD","SE"
496,26,418,"WD","SE"
84,1,418,"WD","SE"
440,1,418,"WD","SE"
372,2,418,"WD","SE"
214,1,418,"WD","SE"
9,1,418,"WD","SE"
255,1,418,"WD","SE"
534,3,418,"WD","SE"
48,4,418,"WD","SE"
76,6,418,"WD","SE"
12,9,418,"WD","SE"
126,2,418,"WD","SE"
138,3,418,"WD","SE"
507,11,418,"WD","SE"
420,1,418,"WD","SE"
322,1,418,"WD","SE"
368,1,418,"WD","SE"
519,4,418,"WD","SE"
205,2,418,"WD","SE"
249,2,418,"WD","SE"
142,1,418,"WD","SE"
128,1,418,"WD","SE"
248,1,418,"WD","SE"
441,2,418,"WD","SE"
29,2,418,"WD","SE"
510,18,419,"WD","SE"
354,1,419,"WD","SE"
44,35,419,"WD","SE"
74,1,419,"WD","SE"
183,2,419,"WD","SE"
93,3,419,"WD","SE"
440,1,419,"WD","SE"
36,6,419,"WD","SE"
326,1,419,"WD","SE"
381,2,419,"WD","SE"
141,1,419,"WD","SE"
404,1,419,"WD","SE"
414,1,419,"WD","SE"
40,6,419,"WD","SE"
17,5,419,"WD","SE"
496,26,419,"WD","SE"
376,2,419,"WD","SE"
356,1,419,"WD","SE"
385,1,419,"WD","SE"
16,6,419,"WD","SE"
61,37,419,"WD","SE"
468,1,419,"WD","SE"
38,5,419,"WD","SE"
514,3,419,"WD","SE"
48,4,419,"WD","SE"
357,1,420,"WD","SE"
427,1,420,"WD","SE"
546,1,420,"WD","SE"
385,1,420,"WD","SE"
440,1,420,"WD","SE"
467,4,420,"WD","SE"
57,9,420,"WD","SE"
51,3,420,"WD","SE"
43,1,420,"WD","SE"
374,2,420,"WD","SE"
14,16,420,"WD","SE"
417,1,420,"WD","SE"
252,1,420,"WD","SE"
198,1,420,"WD","SE"
410,2,420,"WD","SE"
313,1,420,"WD","SE"
255,1,420,"WD","SE"
196,2,420,"WD","SE"
445,10,420,"WD","SE"
401,1,420,"WD","SE"
308,1,420,"WD","SE"
33,12,420,"WD","SE"
322,1,420,"WD","SE"
547,1,420,"WD","SE"
77,18,420,"WD","SE"
158,2,421,"WD","SE"
131,1,421,"WD","SE"
547,1,421,"WD","SE"
143,1,421,"WD","SE"
438,4,421,"WD","SE"
20,6,421,"WD","SE"
352,2,421,"WD","SE"
7,24,421,"WD","SE"
424,1,421,"WD","SE"
190,1,421,"WD","SE"
164,4,421,"WD","SE"
71,1,421,"WD","SE"
455,2,421,"WD","SE"
247,1,421,"WD","SE"
341,2,421,"WD","SE"
467,4,421,"WD","SE"
17,5,421,"WD","SE"
103,1,421,"WD","SE"
435,2,421,"WD","SE"
517,3,421,"WD","SE"
144,1,421,"WD","SE"
502,18,421,"WD","SE"
303,2,421,"WD","SE"
358,15,421,"WD","SE"
82,3,421,"WD","SE"
445,10,422,"WD","SE"
92,1,422,"WD","SE"
548,1,422,"WD","SE"
74,1,422,"WD","SE"
421,5,422,"WD","SE"
424,1,422,"WD","SE"
458,1,422,"WD","SE"
48,4,422,"WD","SE"
411,1,422,"WD","SE"
503,22,422,"WD","SE"
64,23,422,"WD","SE"
19,8,422,"WD","SE"
356,1,422,"WD","SE"
508,23,422,"WD","SE"
202,1,422,"WD","SE"
525,5,422,"WD","SE"
437,1,422,"WD","SE"
500,25,422,"WD","SE"
43,1,422,"WD","SE"
467,4,422,"WD","SE"
91,8,422,"WD","SE"
344,1,422,"WD","SE"
473,1,422,"WD","SE"
326,1,422,"WD","SE"
183,2,422,"WD","SE"
458,1,423,"WD","SE"
313,1,423,"WD","SE"
202,1,423,"WD","SE"
517,3,423,"WD","SE"
498,27,423,"WD","SE"
250,1,423,"WD","SE"
279,1,423,"WD","SE"
266,1,423,"WD","SE"
551,1,423,"WD","SE"
4,9,423,"WD","SE"
459,2,423,"WD","SE"
11,30,423,"WD","SE"
20,6,423,"WD","SE"
389,2,423,"WD","SE"
546,1,423,"WD","SE"
67,9,423,"WD","SE"
548,1,423,"WD","SE"
397,1,423,"WD","SE"
502,18,423,"WD","SE"
222,1,423,"WD","SE"
394,1,423,"WD","SE"
367,2,423,"WD","SE"
424,1,423,"WD","SE"
252,1,423,"WD","SE"
13,4,423,"WD","SE"
482,3,424,"WD","SE"
244,2,424,"WD","SE"
166,1,424,"WD","SE"
440,1,424,"WD","SE"
425,3,424,"WD","SE"
510,18,424,"WD","SE"
501,24,424,"WD","SE"
93,3,424,"WD","SE"
247,1,424,"WD","SE"
77,18,424,"WD","SE"
308,1,424,"WD","SE"
525,5,424,"WD","SE"
203,1,424,"WD","SE"
198,1,424,"WD","SE"
507,11,424,"WD","SE"
38,5,424,"WD","SE"
126,2,424,"WD","SE"
350,1,424,"WD","SE"
439,2,424,"WD","SE"
349,1,424,"WD","SE"
346,1,424,"WD","SE"
91,8,424,"WD","SE"
140,1,424,"WD","SE"
461,1,424,"WD","SE"
47,10,424,"WD","SE"
510,18,425,"WD","SE"
441,2,425,"WD","SE"
357,1,425,"WD","SE"
36,6,425,"WD","SE"
313,1,425,"WD","SE"
223,1,425,"WD","SE"
343,6,425,"WD","SE"
232,3,425,"WD","SE"
14,16,425,"WD","SE"
103,1,425,"WD","SE"
48,4,425,"WD","SE"
301,1,425,"WD","SE"
29,2,425,"WD","SE"
534,3,425,"WD","SE"
255,1,425,"WD","SE"
278,1,425,"WD","SE"
132,1,425,"WD","SE"
4,9,425,"WD","SE"
5,9,425,"WD","SE"
49,1,425,"WD","SE"
77,18,425,"WD","SE"
469,5,425,"WD","SE"
45,7,425,"WD","SE"
64,23,425,"WD","SE"
183,2,425,"WD","SE"
544,3,426,"WD","SE"
45,7,426,"WD","SE"
222,1,426,"WD","SE"
128,1,426,"WD","SE"
250,1,426,"WD","SE"
386,1,426,"WD","SE"
279,1,426,"WD","SE"
259,3,426,"WD","SE"
380,3,426,"WD","SE"
376,2,426,"WD","SE"
244,2,426,"WD","SE"
389,2,426,"WD","SE"
467,4,426,"WD","SE"
503,22,426,"WD","SE"
51,3,426,"WD","SE"
308,1,426,"WD","SE"
38,5,426,"WD","SE"
524,1,426,"WD","SE"
59,5,426,"WD","SE"
80,10,426,"WD","SE"
40,6,426,"WD","SE"
302,1,426,"WD","SE"
463,1,426,"WD","SE"
78,9,426,"WD","SE"
248,1,426,"WD","SE"
374,2,427,"WD","SE"
93,3,427,"WD","SE"
105,1,427,"WD","SE"
29,2,427,"WD","SE"
516,3,427,"WD","SE"
368,1,427,"WD","SE"
36,6,427,"WD","SE"
303,2,427,"WD","SE"
461,1,427,"WD","SE"
469,5,427,"WD","SE"
404,1,427,"WD","SE"
48,4,427,"WD","SE"
228,1,427,"WD","SE"
132,1,427,"WD","SE"
343,6,427,"WD","SE"
123,2,427,"WD","SE"
43,1,427,"WD","SE"
416,1,427,"WD","SE"
370,1,427,"WD","SE"
468,1,427,"WD","SE"
126,2,427,"WD","SE"
380,3,427,"WD","SE"
458,1,427,"WD","SE"
26,41,427,"WD","SE"
5,9,427,"WD","SE"
132,1,428,"WD","SE"
9,1,428,"WD","SE"
383,1,428,"WD","SE"
389,2,428,"WD","SE"
430,4,428,"WD","SE"
266,1,428,"WD","SE"
17,5,428,"WD","SE"
53,1,428,"WD","SE"
80,10,428,"WD","SE"
166,1,428,"WD","SE"
514,3,428,"WD","SE"
425,3,428,"WD","SE"
37,1,428,"WD","SE"
71,1,428,"WD","SE"
308,1,428,"WD","SE"
415,1,428,"WD","SE"
459,2,428,"WD","SE"
427,1,428,"WD","SE"
386,1,428,"WD","SE"
545,2,428,"WD","SE"
14,16,428,"WD","SE"
426,2,428,"WD","SE"
326,1,428,"WD","SE"
551,1,428,"WD","SE"
282,1,428,"WD","SE"
237,1,429,"WD","SE"
255,1,429,"WD","SE"
513,4,429,"WD","SE"
499,28,429,"WD","SE"
282,1,429,"WD","SE"
503,22,429,"WD","SE"
350,1,429,"WD","SE"
326,1,429,"WD","SE"
374,2,429,"WD","SE"
375,1,429,"WD","SE"
378,1,429,"WD","SE"
166,1,429,"WD","SE"
142,1,429,"WD","SE"
417,1,429,"WD","SE"
367,2,429,"WD","SE"
472,1,429,"WD","SE"
470,5,429,"WD","SE"
343,6,429,"WD","SE"
445,10,429,"WD","SE"
534,3,429,"WD","SE"
28,22,429,"WD","SE"
17,5,429,"WD","SE"
7,24,429,"WD","SE"
249,2,429,"WD","SE"
467,4,429,"WD","SE"
237,1,430,"WD","SE"
545,2,430,"WD","SE"
349,1,430,"WD","SE"
398,1,430,"WD","SE"
461,1,430,"WD","SE"
378,1,430,"WD","SE"
51,3,430,"WD","SE"
23,7,430,"WD","SE"
84,1,430,"WD","SE"
459,2,430,"WD","SE"
401,1,430,"WD","SE"
232,3,430,"WD","SE"
460,1,430,"WD","SE"
131,1,430,"WD","SE"
416,1,430,"WD","SE"
430,4,430,"WD","SE"
467,4,430,"WD","SE"
449,1,430,"WD","SE"
248,1,430,"WD","SE"
510,18,430,"WD","SE"
247,1,430,"WD","SE"
482,3,430,"WD","SE"
517,3,430,"WD","SE"
394,1,430,"WD","SE"
144,1,430,"WD","SE"
377,2,431,"WD","SE"
38,5,431,"WD","SE"
276,4,431,"WD","SE"
386,1,431,"WD","SE"
301,1,431,"WD","SE"
186,1,431,"WD","SE"
16,6,431,"WD","SE"
48,4,431,"WD","SE"
82,3,431,"WD","SE"
322,1,431,"WD","SE"
57,9,431,"WD","SE"
93,3,431,"WD","SE"
416,1,431,"WD","SE"
14,16,431,"WD","SE"
193,1,431,"WD","SE"
370,1,431,"WD","SE"
131,1,431,"WD","SE"
326,1,431,"WD","SE"
103,1,431,"WD","SE"
36,6,431,"WD","SE"
184,1,431,"WD","SE"
223,1,431,"WD","SE"
77,18,431,"WD","SE"
390,4,431,"WD","SE"
380,3,431,"WD","SE"
76,6,432,"WD","SE"
356,1,432,"WD","SE"
286,1,432,"WD","SE"
158,2,432,"WD","SE"
302,1,432,"WD","SE"
103,1,432,"WD","SE"
228,1,432,"WD","SE"
214,1,432,"WD","SE"
71,1,432,"WD","SE"
496,26,432,"WD","SE"
313,1,432,"WD","SE"
249,2,432,"WD","SE"
440,1,432,"WD","SE"
352,2,432,"WD","SE"
470,5,432,"WD","SE"
457,1,432,"WD","SE"
84,1,432,"WD","SE"
59,5,432,"WD","SE"
483,3,432,"WD","SE"
50,4,432,"WD","SE"
524,1,432,"WD","SE"
143,1,432,"WD","SE"
519,4,432,"WD","SE"
58,2,432,"WD","SE"
51,3,432,"WD","SE"
504,35,433,"WD","SE"
244,2,433,"WD","SE"
460,1,433,"WD","SE"
209,1,433,"WD","SE"
11,30,433,"WD","SE"
67,9,433,"WD","SE"
397,1,433,"WD","SE"
16,6,433,"WD","SE"
72,8,433,"WD","SE"
286,1,433,"WD","SE"
369,1,433,"WD","SE"
424,1,433,"WD","SE"
170,1,433,"WD","SE"
250,1,433,"WD","SE"
33,12,433,"WD","SE"
524,1,433,"WD","SE"
77,18,433,"WD","SE"
5,9,433,"WD","SE"
164,4,433,"WD","SE"
545,2,433,"WD","SE"
352,2,433,"WD","SE"
435,2,433,"WD","SE"
471,2,433,"WD","SE"
469,5,433,"WD","SE"
508,23,433,"WD","SE"
19,8,434,"WD","SE"
422,3,434,"WD","SE"
53,1,434,"WD","SE"
513,4,434,"WD","SE"
58,2,434,"WD","SE"
84,1,434,"WD","SE"
44,35,434,"WD","SE"
141,1,434,"WD","SE"
458,1,434,"WD","SE"
472,1,434,"WD","SE"
468,1,434,"WD","SE"
540,3,434,"WD","SE"
23,7,434,"WD","SE"
138,3,434,"WD","SE"
248,1,434,"WD","SE"
421,5,434,"WD","SE"
375,1,434,"WD","SE"
67,9,434,"WD","SE"
514,3,434,"WD","SE"
52,2,434,"WD","SE"
445,10,434,"WD","SE"
202,1,434,"WD","SE"
173,1,434,"WD","SE"
504,35,434,"WD","SE"
71,1,434,"WD","SE"
455,2,435,"WD","SE"
420,1,435,"WD","SE"
363,1,435,"WD","SE"
84,1,435,"WD","SE"
482,3,435,"WD","SE"
105,1,435,"WD","SE"
523,4,435,"WD","SE"
33,12,435,"WD","SE"
196,2,435,"WD","SE"
67,9,435,"WD","SE"
48,4,435,"WD","SE"
422,3,435,"WD","SE"
369,1,435,"WD","SE"
158,2,435,"WD","SE"
9,1,435,"WD","SE"
404,1,435,"WD","SE"
250,1,435,"WD","SE"
37,1,435,"WD","SE"
348,2,435,"WD","SE"
131,1,435,"WD","SE"
44,35,435,"WD","SE"
499,28,435,"WD","SE"
322,1,435,"WD","SE"
389,2,435,"WD","SE"
19,8,435,"WD","SE"
4,9,436,"WD","SE"
19,8,436,"WD","SE"
374,2,436,"WD","SE"
410,2,436,"WD","SE"
514,3,436,"WD","SE"
504,35,436,"WD","SE"
26,41,436,"WD","SE"
461,1,436,"WD","SE"
138,3,436,"WD","SE"
29,2,436,"WD","SE"
427,1,436,"WD","SE"
13,4,436,"WD","SE"
214,1,436,"WD","SE"
486,3,436,"WD","SE"
64,23,436,"WD","SE"
36,6,436,"WD","SE"
548,1,436,"WD","SE"
459,2,436,"WD","SE"
12,9,436,"WD","SE"
389,2,436,"WD","SE"
372,2,436,"WD","SE"
215,1,436,"WD","SE"
468,1,436,"WD","SE"
20,6,436,"WD","SE"
23,7,436,"WD","SE"
496,26,437,"WD","SE"
524,1,437,"WD","SE"
237,1,437,"WD","SE"
398,1,437,"WD","SE"
205,2,437,"WD","SE"
282,1,437,"WD","SE"
381,2,437,"WD","SE"
357,1,437,"WD","SE"
473,1,437,"WD","SE"
179,7,437,"WD","SE"
376,2,437,"WD","SE"
368,1,437,"WD","SE"
465,1,437,"WD","SE"
286,1,437,"WD","SE"
202,1,437,"WD","SE"
259,3,437,"WD","SE"
449,1,437,"WD","SE"
378,1,437,"WD","SE"
422,3,437,"WD","SE"
183,2,437,"WD","SE"
468,1,437,"WD","SE"
394,1,437,"WD","SE"
445,10,437,"WD","SE"
32,9,437,"WD","SE"
470,5,437,"WD","SE"
61,37,438,"WD","SE"
202,1,438,"WD","SE"
1,3,438,"WD","SE"
467,4,438,"WD","SE"
302,1,438,"WD","SE"
71,1,438,"WD","SE"
255,1,438,"WD","SE"
516,3,438,"WD","SE"
196,2,438,"WD","SE"
318,2,438,"WD","SE"
421,5,438,"WD","SE"
276,4,438,"WD","SE"
410,2,438,"WD","SE"
343,6,438,"WD","SE"
433,2,438,"WD","SE"
141,1,438,"WD","SE"
209,1,438,"WD","SE"
203,1,438,"WD","SE"
375,1,438,"WD","SE"
370,1,438,"WD","SE"
422,3,438,"WD","SE"
214,1,438,"WD","SE"
232,3,438,"WD","SE"
52,2,438,"WD","SE"
193,1,438,"WD","SE"
45,7,439,"WD","SE"
67,9,439,"WD","SE"
232,3,439,"WD","SE"
465,1,439,"WD","SE"
482,3,439,"WD","SE"
390,4,439,"WD","SE"
123,2,439,"WD","SE"
461,1,439,"WD","SE"
401,1,439,"WD","SE"
214,1,439,"WD","SE"
132,1,439,"WD","SE"
43,1,439,"WD","SE"
367,2,439,"WD","SE"
12,9,439,"WD","SE"
90,3,439,"WD","SE"
72,8,439,"WD","SE"
286,1,439,"WD","SE"
302,1,439,"WD","SE"
440,1,439,"WD","SE"
279,1,439,"WD","SE"
348,2,439,"WD","SE"
92,1,439,"WD","SE"
29,2,439,"WD","SE"
74,1,439,"WD","SE"
524,1,439,"WD","SE"
6,4,440,"WD","SE"
190,1,440,"WD","SE"
123,2,440,"WD","SE"
458,1,440,"WD","SE"
302,1,440,"WD","SE"
237,1,440,"WD","SE"
467,4,440,"WD","SE"
82,3,440,"WD","SE"
193,1,440,"WD","SE"
203,1,440,"WD","SE"
205,2,440,"WD","SE"
500,25,440,"WD","SE"
183,2,440,"WD","SE"
179,7,440,"WD","SE"
514,3,440,"WD","SE"
140,1,440,"WD","SE"
482,3,440,"WD","SE"
44,35,440,"WD","SE"
202,1,440,"WD","SE"
186,1,440,"WD","SE"
415,1,440,"WD","SE"
142,1,440,"WD","SE"
534,3,440,"WD","SE"
368,1,440,"WD","SE"
67,9,440,"WD","SE"
255,1,441,"WD","SE"
228,1,441,"WD","SE"
437,1,441,"WD","SE"
126,2,441,"WD","SE"
72,8,441,"WD","SE"
49,1,441,"WD","SE"
50,4,441,"WD","SE"
138,3,441,"WD","SE"
504,35,441,"WD","SE"
548,1,441,"WD","SE"
472,1,441,"WD","SE"
468,1,441,"WD","SE"
380,3,441,"WD","SE"
250,1,441,"WD","SE"
9,1,441,"WD","SE"
486,3,441,"WD","SE"
534,3,441,"WD","SE"
404,1,441,"WD","SE"
43,1,441,"WD","SE"
350,1,441,"WD","SE"
415,1,441,"WD","SE"
57,9,441,"WD","SE"
58,2,441,"WD","SE"
16,6,441,"WD","SE"
467,4,441,"WD","SE"
352,2,442,"WD","SE"
439,2,442,"WD","SE"
317,2,442,"WD","SE"
376,2,442,"WD","SE"
326,1,442,"WD","SE"
198,1,442,"WD","SE"
140,1,442,"WD","SE"
64,23,442,"WD","SE"
517,3,442,"WD","SE"
385,1,442,"WD","SE"
308,1,442,"WD","SE"
461,1,442,"WD","SE"
417,1,442,"WD","SE"
523,4,442,"WD","SE"
128,1,442,"WD","SE"
449,1,442,"WD","SE"
47,10,442,"WD","SE"
244,2,442,"WD","SE"
508,23,442,"WD","SE"
37,1,442,"WD","SE"
313,1,442,"WD","SE"
255,1,442,"WD","SE"
223,1,442,"WD","SE"
547,1,442,"WD","SE"
247,1,442,"WD","SE"
499,28,443,"WD","SE"
92,1,443,"WD","SE"
223,1,443,"WD","SE"
33,12,443,"WD","SE"
357,1,443,"WD","SE"
247,1,443,"WD","SE"
286,1,443,"WD","SE"
439,2,443,"WD","SE"
252,1,443,"WD","SE"
482,3,443,"WD","SE"
196,2,443,"WD","SE"
326,1,443,"WD","SE"
126,2,443,"WD","SE"
61,37,443,"WD","SE"
128,1,443,"WD","SE"
11,30,443,"WD","SE"
397,1,443,"WD","SE"
341,2,443,"WD","SE"
455,2,443,"WD","SE"
461,1,443,"WD","SE"
426,2,443,"WD","SE"
358,15,443,"WD","SE"
90,3,443,"WD","SE"
435,2,443,"WD","SE"
282,1,443,"WD","SE"
470,5,444,"WD","SE"
202,1,444,"WD","SE"
11,30,444,"WD","SE"
50,4,444,"WD","SE"
141,1,444,"WD","SE"
52,2,444,"WD","SE"
419,1,444,"WD","SE"
279,1,444,"WD","SE"
463,1,444,"WD","SE"
228,1,444,"WD","SE"
41,1,444,"WD","SE"
179,7,444,"WD","SE"
416,1,444,"WD","SE"
534,3,444,"WD","SE"
467,4,444,"WD","SE"
166,1,444,"WD","SE"
365,1,444,"WD","SE"
417,1,444,"WD","SE"
72,8,444,"WD","SE"
525,5,444,"WD","SE"
78,9,444,"WD","SE"
91,8,444,"WD","SE"
548,1,444,"WD","SE"
317,2,444,"WD","SE"
118,1,444,"WD","SE"
12,9,445,"WD","SE"
20,6,445,"WD","SE"
486,3,445,"WD","SE"
500,25,445,"WD","SE"
441,2,445,"WD","SE"
459,2,445,"WD","SE"
9,1,445,"WD","SE"
504,35,445,"WD","SE"
158,2,445,"WD","SE"
141,1,445,"WD","SE"
517,3,445,"WD","SE"
482,3,445,"WD","SE"
545,2,445,"WD","SE"
368,1,445,"WD","SE"
118,1,445,"WD","SE"
26,41,445,"WD","SE"
503,22,445,"WD","SE"
303,2,445,"WD","SE"
377,2,445,"WD","SE"
457,1,445,"WD","SE"
304,1,445,"WD","SE"
286,1,445,"WD","SE"
507,11,445,"WD","SE"
93,3,445,"WD","SE"
439,2,445,"WD","SE"
6,4,446,"WD","SE"
279,1,446,"WD","SE"
58,2,446,"WD","SE"
417,1,446,"WD","SE"
105,1,446,"WD","SE"
525,5,446,"WD","SE"
483,3,446,"WD","SE"
376,2,446,"WD","SE"
215,1,446,"WD","SE"
123,2,446,"WD","SE"
504,35,446,"WD","SE"
457,1,446,"WD","SE"
286,1,446,"WD","SE"
276,4,446,"WD","SE"
546,1,446,"WD","SE"
173,1,446,"WD","SE"
369,1,446,"WD","SE"
228,1,446,"WD","SE"
380,3,446,"WD","SE"
49,1,446,"WD","SE"
500,25,446,"WD","SE"
516,3,446,"WD","SE"
498,27,446,"WD","SE"
45,7,446,"WD","SE"
374,2,446,"WD","SE"
32,9,447,"WD","SE"
472,1,447,"WD","SE"
19,8,447,"WD","SE"
370,1,447,"WD","SE"
367,2,447,"WD","SE"
179,7,447,"WD","SE"
144,1,447,"WD","SE"
548,1,447,"WD","SE"
551,1,447,"WD","SE"
508,23,447,"WD","SE"
173,1,447,"WD","SE"
5,9,447,"WD","SE"
517,3,447,"WD","SE"
381,2,447,"WD","SE"
389,2,447,"WD","SE"
80,10,447,"WD","SE"
383,1,447,"WD","SE"
77,18,447,"WD","SE"
445,10,447,"WD","SE"
394,1,447,"WD","SE"
422,3,447,"WD","SE"
58,2,447,"WD","SE"
202,1,447,"WD","SE"
419,1,447,"WD","SE"
449,1,447,"WD","SE"
503,22,448,"WD","SE"
64,23,448,"WD","SE"
179,7,448,"WD","SE"
78,9,448,"WD","SE"
367,2,448,"WD","SE"
467,4,448,"WD","SE"
76,6,448,"WD","SE"
465,1,448,"WD","SE"
198,1,448,"WD","SE"
472,1,448,"WD","SE"
508,23,448,"WD","SE"
19,8,448,"WD","SE"
77,18,448,"WD","SE"
545,2,448,"WD","SE"
517,3,448,"WD","SE"
266,1,448,"WD","SE"
447,3,448,"WD","SE"
237,1,448,"WD","SE"
338,3,448,"WD","SE"
372,2,448,"WD","SE"
486,3,448,"WD","SE"
26,41,448,"WD","SE"
422,3,448,"WD","SE"
523,4,448,"WD","SE"
186,1,448,"WD","SE"
255,1,449,"WD","SE"
186,1,449,"WD","SE"
36,6,449,"WD","SE"
504,35,449,"WD","SE"
19,8,449,"WD","SE"
301,1,449,"WD","SE"
12,9,449,"WD","SE"
286,1,449,"WD","SE"
51,3,449,"WD","SE"
279,1,449,"WD","SE"
421,5,449,"WD","SE"
514,3,449,"WD","SE"
38,5,449,"WD","SE"
17,5,449,"WD","SE"
41,1,449,"WD","SE"
460,1,449,"WD","SE"
369,1,449,"WD","SE"
447,3,449,"WD","SE"
43,1,449,"WD","SE"
16,6,449,"WD","SE"
466,1,449,"WD","SE"
84,1,449,"WD","SE"
422,3,449,"WD","SE"
338,3,449,"WD","SE"
90,3,449,"WD","SE"
397,1,450,"WD","SE"
534,3,450,"WD","SE"
498,27,450,"WD","SE"
346,1,450,"WD","SE"
354,1,450,"WD","SE"
166,1,450,"WD","SE"
433,2,450,"WD","SE"
78,9,450,"WD","SE"
380,3,450,"WD","SE"
368,1,450,"WD","SE"
57,9,450,"WD","SE"
82,3,450,"WD","SE"
170,1,450,"WD","SE"
32,9,450,"WD","SE"
463,1,450,"WD","SE"
419,1,450,"WD","SE"
410,2,450,"WD","SE"
232,3,450,"WD","SE"
61,37,450,"WD","SE"
285,1,450,"WD","SE"
282,1,450,"WD","SE"
205,2,450,"WD","SE"
202,1,450,"WD","SE"
214,1,450,"WD","SE"
377,2,450,"WD","SE"
215,1,451,"WD","SE"
544,3,451,"WD","SE"
381,2,451,"WD","SE"
496,26,451,"WD","SE"
93,3,451,"WD","SE"
158,2,451,"WD","SE"
534,3,451,"WD","SE"
77,18,451,"WD","SE"
166,1,451,"WD","SE"
502,18,451,"WD","SE"
266,1,451,"WD","SE"
326,1,451,"WD","SE"
50,4,451,"WD","SE"
346,1,451,"WD","SE"
4,9,451,"WD","SE"
184,1,451,"WD","SE"
317,2,451,"WD","SE"
503,22,451,"WD","SE"
441,2,451,"WD","SE"
259,3,451,"WD","SE"
203,1,451,"WD","SE"
7,24,451,"WD","SE"
313,1,451,"WD","SE"
11,30,451,"WD","SE"
368,1,451,"WD","SE"
28,22,452,"WD","SE"
507,11,452,"WD","SE"
548,1,452,"WD","SE"
502,18,452,"WD","SE"
501,24,452,"WD","SE"
426,2,452,"WD","SE"
551,1,452,"WD","SE"
376,2,452,"WD","SE"
410,2,452,"WD","SE"
259,3,452,"WD","SE"
209,1,452,"WD","SE"
78,9,452,"WD","SE"
440,1,452,"WD","SE"
416,1,452,"WD","SE"
397,1,452,"WD","SE"
461,1,452,"WD","SE"
301,1,452,"WD","SE"
61,37,452,"WD","SE"
370,1,452,"WD","SE"
368,1,452,"WD","SE"
14,16,452,"WD","SE"
460,1,452,"WD","SE"
76,6,452,"WD","SE"
40,6,452,"WD","SE"
326,1,452,"WD","SE"
424,1,453,"WD","SE"
266,1,453,"WD","SE"
483,3,453,"WD","SE"
228,1,453,"WD","SE"
12,9,453,"WD","SE"
346,1,453,"WD","SE"
326,1,453,"WD","SE"
72,8,453,"WD","SE"
376,2,453,"WD","SE"
410,2,453,"WD","SE"
16,6,453,"WD","SE"
356,1,453,"WD","SE"
202,1,453,"WD","SE"
500,25,453,"WD","SE"
103,1,453,"WD","SE"
525,5,453,"WD","SE"
501,24,453,"WD","SE"
341,2,453,"WD","SE"
5,9,453,"WD","SE"
455,2,453,"WD","SE"
534,3,453,"WD","SE"
430,4,453,"WD","SE"
513,4,453,"WD","SE"
276,4,453,"WD","SE"
460,1,453,"WD","SE"
433,2,454,"WD","SE"
440,1,454,"WD","SE"
341,2,454,"WD","SE"
28,22,454,"WD","SE"
390,4,454,"WD","SE"
470,5,454,"WD","SE"
322,1,454,"WD","SE"
282,1,454,"WD","SE"
361,3,454,"WD","SE"
524,1,454,"WD","SE"
420,1,454,"WD","SE"
278,1,454,"WD","SE"
503,22,454,"WD","SE"
502,18,454,"WD","SE"
82,3,454,"WD","SE"
459,2,454,"WD","SE"
285,1,454,"WD","SE"
467,4,454,"WD","SE"
504,35,454,"WD","SE"
1,3,454,"WD","SE"
80,10,454,"WD","SE"
545,2,454,"WD","SE"
540,3,454,"WD","SE"
187,1,454,"WD","SE"
350,1,454,"WD","SE"
461,1,455,"WD","SE"
466,1,455,"WD","SE"
504,35,455,"WD","SE"
385,1,455,"WD","SE"
318,2,455,"WD","SE"
202,1,455,"WD","SE"
348,2,455,"WD","SE"
276,4,455,"WD","SE"
514,3,455,"WD","SE"
1,3,455,"WD","SE"
19,8,455,"WD","SE"
513,4,455,"WD","SE"
426,2,455,"WD","SE"
326,1,455,"WD","SE"
48,4,455,"WD","SE"
465,1,455,"WD","SE"
26,41,455,"WD","SE"
460,1,455,"WD","SE"
376,2,455,"WD","SE"
140,1,455,"WD","SE"
439,2,455,"WD","SE"
377,2,455,"WD","SE"
45,7,455,"WD","SE"
524,1,455,"WD","SE"
164,4,455,"WD","SE"
466,1,456,"WD","SE"
430,4,456,"WD","SE"
498,27,456,"WD","SE"
244,2,456,"WD","SE"
551,1,456,"WD","SE"
301,1,456,"WD","SE"
190,1,456,"WD","SE"
33,12,456,"WD","SE"
357,1,456,"WD","SE"
437,1,456,"WD","SE"
140,1,456,"WD","SE"
64,23,456,"WD","SE"
544,3,456,"WD","SE"
45,7,456,"WD","SE"
179,7,456,"WD","SE"
232,3,456,"WD","SE"
11,30,456,"WD","SE"
458,1,456,"WD","SE"
184,1,456,"WD","SE"
502,18,456,"WD","SE"
282,1,456,"WD","SE"
322,1,456,"WD","SE"
80,10,456,"WD","SE"
48,4,456,"WD","SE"
386,1,456,"WD","SE"
43,1,457,"WD","SE"
29,2,457,"WD","SE"
187,1,457,"WD","SE"
86,2,457,"WD","SE"
36,6,457,"WD","SE"
50,4,457,"WD","SE"
356,1,457,"WD","SE"
386,1,457,"WD","SE"
401,1,457,"WD","SE"
82,3,457,"WD","SE"
370,1,457,"WD","SE"
375,1,457,"WD","SE"
471,2,457,"WD","SE"
223,1,457,"WD","SE"
282,1,457,"WD","SE"
78,9,457,"WD","SE"
326,1,457,"WD","SE"
209,1,457,"WD","SE"
93,3,457,"WD","SE"
143,1,457,"WD","SE"
422,3,457,"WD","SE"
9,1,457,"WD","SE"
439,2,457,"WD","SE"
390,4,457,"WD","SE"
48,4,457,"WD","SE"
132,1,458,"WD","SE"
338,3,458,"WD","SE"
459,2,458,"WD","SE"
126,2,458,"WD","SE"
17,5,458,"WD","SE"
103,1,458,"WD","SE"
401,1,458,"WD","SE"
82,3,458,"WD","SE"
9,1,458,"WD","SE"
223,1,458,"WD","SE"
44,35,458,"WD","SE"
317,2,458,"WD","SE"
346,1,458,"WD","SE"
439,2,458,"WD","SE"
286,1,458,"WD","SE"
381,2,458,"WD","SE"
196,2,458,"WD","SE"
411,1,458,"WD","SE"
547,1,458,"WD","SE"
546,1,458,"WD","SE"
264,1,458,"WD","SE"
45,7,458,"WD","SE"
72,8,458,"WD","SE"
361,3,458,"WD","SE"
58,2,458,"WD","SE"
103,1,459,"WD","SE"
36,6,459,"WD","SE"
318,2,459,"WD","SE"
417,1,459,"WD","SE"
222,1,459,"WD","SE"
9,1,459,"WD","SE"
525,5,459,"WD","SE"
308,1,459,"WD","SE"
48,4,459,"WD","SE"
341,2,459,"WD","SE"
317,2,459,"WD","SE"
344,1,459,"WD","SE"
372,2,459,"WD","SE"
128,1,459,"WD","SE"
4,9,459,"WD","SE"
523,4,459,"WD","SE"
44,35,459,"WD","SE"
441,2,459,"WD","SE"
430,4,459,"WD","SE"
507,11,459,"WD","SE"
38,5,459,"WD","SE"
463,1,459,"WD","SE"
510,18,459,"WD","SE"
519,4,459,"WD","SE"
377,2,459,"WD","SE"
86,2,460,"WD","SE"
105,1,460,"WD","SE"
266,1,460,"WD","SE"
23,7,460,"WD","SE"
439,2,460,"WD","SE"
545,2,460,"WD","SE"
433,2,460,"WD","SE"
501,24,460,"WD","SE"
50,4,460,"WD","SE"
103,1,460,"WD","SE"
419,1,460,"WD","SE"
28,22,460,"WD","SE"
5,9,460,"WD","SE"
519,4,460,"WD","SE"
343,6,460,"WD","SE"
61,37,460,"WD","SE"
386,1,460,"WD","SE"
202,1,460,"WD","SE"
338,3,460,"WD","SE"
449,1,460,"WD","SE"
441,2,460,"WD","SE"
540,3,460,"WD","SE"
71,1,460,"WD","SE"
499,28,460,"WD","SE"
183,2,460,"WD","SE"
449,1,461,"WD","SE"
250,1,461,"WD","SE"
437,1,461,"WD","SE"
193,1,461,"WD","SE"
435,2,461,"WD","SE"
32,9,461,"WD","SE"
184,1,461,"WD","SE"
53,1,461,"WD","SE"
29,2,461,"WD","SE"
186,1,461,"WD","SE"
170,1,461,"WD","SE"
350,1,461,"WD","SE"
467,4,461,"WD","SE"
502,18,461,"WD","SE"
45,7,461,"WD","SE"
507,11,461,"WD","SE"
377,2,461,"WD","SE"
26,41,461,"WD","SE"
61,37,461,"WD","SE"
349,1,461,"WD","SE"
496,26,461,"WD","SE"
375,1,461,"WD","SE"
138,3,461,"WD","SE"
303,2,461,"WD","SE"
164,4,461,"WD","SE"
352,2,462,"WD","SE"
534,3,462,"WD","SE"
390,4,462,"WD","SE"
140,1,462,"WD","SE"
41,1,462,"WD","SE"
47,10,462,"WD","SE"
438,4,462,"WD","SE"
40,6,462,"WD","SE"
426,2,462,"WD","SE"
202,1,462,"WD","SE"
23,7,462,"WD","SE"
14,16,462,"WD","SE"
142,1,462,"WD","SE"
173,1,462,"WD","SE"
92,1,462,"WD","SE"
381,2,462,"WD","SE"
425,3,462,"WD","SE"
249,2,462,"WD","SE"
465,1,462,"WD","SE"
67,9,462,"WD","SE"
19,8,462,"WD","SE"
414,1,462,"WD","SE"
482,3,462,"WD","SE"
214,1,462,"WD","SE"
501,24,462,"WD","SE"
14,16,463,"WD","SE"
356,1,463,"WD","SE"
28,22,463,"WD","SE"
482,3,463,"WD","SE"
457,1,463,"WD","SE"
266,1,463,"WD","SE"
184,1,463,"WD","SE"
470,5,463,"WD","SE"
524,1,463,"WD","SE"
344,1,463,"WD","SE"
358,15,463,"WD","SE"
20,6,463,"WD","SE"
215,1,463,"WD","SE"
546,1,463,"WD","SE"
58,2,463,"WD","SE"
378,1,463,"WD","SE"
460,1,463,"WD","SE"
143,1,463,"WD","SE"
128,1,463,"WD","SE"
64,23,463,"WD","SE"
47,10,463,"WD","SE"
352,2,463,"WD","SE"
426,2,463,"WD","SE"
301,1,463,"WD","SE"
140,1,463,"WD","SE"
457,1,464,"WD","SE"
123,2,464,"WD","SE"
20,6,464,"WD","SE"
190,1,464,"WD","SE"
390,4,464,"WD","SE"
367,2,464,"WD","SE"
209,1,464,"WD","SE"
67,9,464,"WD","SE"
232,3,464,"WD","SE"
91,8,464,"WD","SE"
59,5,464,"WD","SE"
41,1,464,"WD","SE"
40,6,464,"WD","SE"
74,1,464,"WD","SE"
346,1,464,"WD","SE"
57,9,464,"WD","SE"
482,3,464,"WD","SE"
53,1,464,"WD","SE"
508,23,464,"WD","SE"
196,2,464,"WD","SE"
78,9,464,"WD","SE"
377,2,464,"WD","SE"
496,26,464,"WD","SE"
222,1,464,"WD","SE"
376,2,464,"WD","SE"
468,1,465,"WD","SE"
534,3,465,"WD","SE"
501,24,465,"WD","SE"
401,1,465,"WD","SE"
457,1,465,"WD","SE"
437,1,465,"WD","SE"
421,5,465,"WD","SE"
482,3,465,"WD","SE"
514,3,465,"WD","SE"
196,2,465,"WD","SE"
84,1,465,"WD","SE"
158,2,465,"WD","SE"
278,1,465,"WD","SE"
232,3,465,"WD","SE"
372,2,465,"WD","SE"
368,1,465,"WD","SE"
540,3,465,"WD","SE"
250,1,465,"WD","SE"
4,9,465,"WD","SE"
9,1,465,"WD","SE"
44,35,465,"WD","SE"
455,2,465,"WD","SE"
503,22,465,"WD","SE"
228,1,465,"WD","SE"
205,2,465,"WD","SE"
369,1,466,"WD","SE"
356,1,466,"WD","SE"
223,1,466,"WD","SE"
252,1,466,"WD","SE"
49,1,466,"WD","SE"
282,1,466,"WD","SE"
508,23,466,"WD","SE"
510,18,466,"WD","SE"
430,4,466,"WD","SE"
503,22,466,"WD","SE"
459,2,466,"WD","SE"
4,9,466,"WD","SE"
440,1,466,"WD","SE"
203,1,466,"WD","SE"
183,2,466,"WD","SE"
11,30,466,"WD","SE"
548,1,466,"WD","SE"
77,18,466,"WD","SE"
465,1,466,"WD","SE"
78,9,466,"WD","SE"
103,1,466,"WD","SE"
17,5,466,"WD","SE"
1,3,466,"WD","SE"
7,24,466,"WD","SE"
496,26,466,"WD","SE"
401,1,467,"WD","SE"
427,1,467,"WD","SE"
510,18,467,"WD","SE"
422,3,467,"WD","SE"
84,1,467,"WD","SE"
523,4,467,"WD","SE"
354,1,467,"WD","SE"
140,1,467,"WD","SE"
372,2,467,"WD","SE"
381,2,467,"WD","SE"
548,1,467,"WD","SE"
209,1,467,"WD","SE"
374,2,467,"WD","SE"
472,1,467,"WD","SE"
424,1,467,"WD","SE"
504,35,467,"WD","SE"
390,4,467,"WD","SE"
1,3,467,"WD","SE"
540,3,467,"WD","SE"
375,1,467,"WD","SE"
430,4,467,"WD","SE"
425,3,467,"WD","SE"
7,24,467,"WD","SE"
304,1,467,"WD","SE"
28,22,467,"WD","SE"
503,22,468,"WD","SE"
228,1,468,"WD","SE"
209,1,468,"WD","SE"
348,2,468,"WD","SE"
447,3,468,"WD","SE"
449,1,468,"WD","SE"
47,10,468,"WD","SE"
458,1,468,"WD","SE"
43,1,468,"WD","SE"
416,1,468,"WD","SE"
473,1,468,"WD","SE"
374,2,468,"WD","SE"
16,6,468,"WD","SE"
82,3,468,"WD","SE"
414,1,468,"WD","SE"
40,6,468,"WD","SE"
441,2,468,"WD","SE"
390,4,468,"WD","SE"
266,1,468,"WD","SE"
389,2,468,"WD","SE"
410,2,468,"WD","SE"
20,6,468,"WD","SE"
461,1,468,"WD","SE"
170,1,468,"WD","SE"
425,3,468,"WD","SE"
45,7,469,"WD","SE"
11,30,469,"WD","SE"
44,35,469,"WD","SE"
417,1,469,"WD","SE"
503,22,469,"WD","SE"
551,1,469,"WD","SE"
545,2,469,"WD","SE"
196,2,469,"WD","SE"
301,1,469,"WD","SE"
16,6,469,"WD","SE"
372,2,469,"WD","SE"
363,1,469,"WD","SE"
416,1,469,"WD","SE"
404,1,469,"WD","SE"
368,1,469,"WD","SE"
278,1,469,"WD","SE"
14,16,469,"WD","SE"
58,2,469,"WD","SE"
510,18,469,"WD","SE"
500,25,469,"WD","SE"
179,7,469,"WD","SE"
143,1,469,"WD","SE"
544,3,469,"WD","SE"
52,2,469,"WD","SE"
390,4,469,"WD","SE"
326,1,470,"WD","SE"
128,1,470,"WD","SE"
49,1,470,"WD","SE"
394,1,470,"WD","SE"
13,4,470,"WD","SE"
390,4,470,"WD","SE"
64,23,470,"WD","SE"
186,1,470,"WD","SE"
457,1,470,"WD","SE"
190,1,470,"WD","SE"
354,1,470,"WD","SE"
78,9,470,"WD","SE"
29,2,470,"WD","SE"
4,9,470,"WD","SE"
202,1,470,"WD","SE"
468,1,470,"WD","SE"
421,5,470,"WD","SE"
458,1,470,"WD","SE"
244,2,470,"WD","SE"
131,1,470,"WD","SE"
459,2,470,"WD","SE"
11,30,470,"WD","SE"
247,1,470,"WD","SE"
38,5,470,"WD","SE"
416,1,470,"WD","SE"
279,1,471,"WD","SE"
367,2,471,"WD","SE"
459,2,471,"WD","SE"
166,1,471,"WD","SE"
138,3,471,"WD","SE"
252,1,471,"WD","SE"
259,3,471,"WD","SE"
410,2,471,"WD","SE"
184,1,471,"WD","SE"
383,1,471,"WD","SE"
458,1,471,"WD","SE"
341,2,471,"WD","SE"
424,1,471,"WD","SE"
385,1,471,"WD","SE"
43,1,471,"WD","SE"
457,1,471,"WD","SE"
214,1,471,"WD","SE"
500,25,471,"WD","SE"
346,1,471,"WD","SE"
352,2,471,"WD","SE"
19,8,471,"WD","SE"
264,1,471,"WD","SE"
84,1,471,"WD","SE"
203,1,471,"WD","SE"
517,3,471,"WD","SE"
132,1,472,"WD","SE"
517,3,472,"WD","SE"
26,41,472,"WD","SE"
368,1,472,"WD","SE"
4,9,472,"WD","SE"
417,1,472,"WD","SE"
14,16,472,"WD","SE"
445,10,472,"WD","SE"
501,24,472,"WD","SE"
77,18,472,"WD","SE"
170,1,472,"WD","SE"
285,1,472,"WD","SE"
193,1,472,"WD","SE"
91,8,472,"WD","SE"
430,4,472,"WD","SE"
411,1,472,"WD","SE"
350,1,472,"WD","SE"
250,1,472,"WD","SE"
9,1,472,"WD","SE"
482,3,472,"WD","SE"
144,1,472,"WD","SE"
84,1,472,"WD","SE"
228,1,472,"WD","SE"
385,1,472,"WD","SE"
45,7,472,"WD","SE"
365,1,473,"WD","SE"
370,1,473,"WD","SE"
214,1,473,"WD","SE"
23,7,473,"WD","SE"
502,18,473,"WD","SE"
166,1,473,"WD","SE"
131,1,473,"WD","SE"
28,22,473,"WD","SE"
82,3,473,"WD","SE"
424,1,473,"WD","SE"
205,2,473,"WD","SE"
203,1,473,"WD","SE"
519,4,473,"WD","SE"
348,2,473,"WD","SE"
390,4,473,"WD","SE"
372,2,473,"WD","SE"
548,1,473,"WD","SE"
350,1,473,"WD","SE"
33,12,473,"WD","SE"
544,3,473,"WD","SE"
14,16,473,"WD","SE"
383,1,473,"WD","SE"
455,2,473,"WD","SE"
510,18,473,"WD","SE"
341,2,473,"WD","SE"
354,1,474,"WD","SE"
304,1,474,"WD","SE"
118,1,474,"WD","SE"
19,8,474,"WD","SE"
516,3,474,"WD","SE"
458,1,474,"WD","SE"
308,1,474,"WD","SE"
57,9,474,"WD","SE"
468,1,474,"WD","SE"
401,1,474,"WD","SE"
17,5,474,"WD","SE"
447,3,474,"WD","SE"
381,2,474,"WD","SE"
141,1,474,"WD","SE"
33,12,474,"WD","SE"
375,1,474,"WD","SE"
358,15,474,"WD","SE"
430,4,474,"WD","SE"
82,3,474,"WD","SE"
51,3,474,"WD","SE"
59,5,474,"WD","SE"
183,2,474,"WD","SE"
441,2,474,"WD","SE"
348,2,474,"WD","SE"
103,1,474,"WD","SE"
415,1,475,"WD","SE"
348,2,475,"WD","SE"
80,10,475,"WD","SE"
416,1,475,"WD","SE"
317,2,475,"WD","SE"
410,2,475,"WD","SE"
78,9,475,"WD","SE"
463,1,475,"WD","SE"
483,3,475,"WD","SE"
422,3,475,"WD","SE"
419,1,475,"WD","SE"
372,2,475,"WD","SE"
276,4,475,"WD","SE"
12,9,475,"WD","SE"
540,3,475,"WD","SE"
472,1,475,"WD","SE"
441,2,475,"WD","SE"
363,1,475,"WD","SE"
411,1,475,"WD","SE"
426,2,475,"WD","SE"
510,18,475,"WD","SE"
295,4,475,"WD","SE"
394,1,475,"WD","SE"
82,3,475,"WD","SE"
468,1,475,"WD","SE"
458,1,476,"WD","SE"
357,1,476,"WD","SE"
500,25,476,"WD","SE"
90,3,476,"WD","SE"
469,5,476,"WD","SE"
166,1,476,"WD","SE"
346,1,476,"WD","SE"
435,2,476,"WD","SE"
457,1,476,"WD","SE"
445,10,476,"WD","SE"
255,1,476,"WD","SE"
516,3,476,"WD","SE"
386,1,476,"WD","SE"
23,7,476,"WD","SE"
19,8,476,"WD","SE"
460,1,476,"WD","SE"
372,2,476,"WD","SE"
205,2,476,"WD","SE"
7,24,476,"WD","SE"
48,4,476,"WD","SE"
551,1,476,"WD","SE"
72,8,476,"WD","SE"
266,1,476,"WD","SE"
358,15,476,"WD","SE"
467,4,476,"WD","SE"
40,6,477,"WD","SE"
447,3,477,"WD","SE"
186,1,477,"WD","SE"
517,3,477,"WD","SE"
383,1,477,"WD","SE"
424,1,477,"WD","SE"
348,2,477,"WD","SE"
378,1,477,"WD","SE"
427,1,477,"WD","SE"
524,1,477,"WD","SE"
67,9,477,"WD","SE"
173,1,477,"WD","SE"
508,23,477,"WD","SE"
5,9,477,"WD","SE"
223,1,477,"WD","SE"
20,6,477,"WD","SE"
460,1,477,"WD","SE"
370,1,477,"WD","SE"
266,1,477,"WD","SE"
164,4,477,"WD","SE"
365,1,477,"WD","SE"
439,2,477,"WD","SE"
166,1,477,"WD","SE"
349,1,477,"WD","SE"
29,2,477,"WD","SE"
358,15,478,"WD","SE"
196,2,478,"WD","SE"
439,2,478,"WD","SE"
378,1,478,"WD","SE"
525,5,478,"WD","SE"
551,1,478,"WD","SE"
447,3,478,"WD","SE"
369,1,478,"WD","SE"
504,35,478,"WD","SE"
6,4,478,"WD","SE"
266,1,478,"WD","SE"
105,1,478,"WD","SE"
14,16,478,"WD","SE"
58,2,478,"WD","SE"
29,2,478,"WD","SE"
313,1,478,"WD","SE"
82,3,478,"WD","SE"
433,2,478,"WD","SE"
138,3,478,"WD","SE"
411,1,478,"WD","SE"
430,4,478,"WD","SE"
282,1,478,"WD","SE"
501,24,478,"WD","SE"
183,2,478,"WD","SE"
524,1,478,"WD","SE"
420,1,479,"WD","SE"
346,1,479,"WD","SE"
282,1,479,"WD","SE"
437,1,479,"WD","SE"
74,1,479,"WD","SE"
369,1,479,"WD","SE"
7,24,479,"WD","SE"
523,4,479,"WD","SE"
352,2,479,"WD","SE"
48,4,479,"WD","SE"
302,1,479,"WD","SE"
228,1,479,"WD","SE"
470,5,479,"WD","SE"
338,3,479,"WD","SE"
51,3,479,"WD","SE"
503,22,479,"WD","SE"
349,1,479,"WD","SE"
255,1,479,"WD","SE"
507,11,479,"WD","SE"
483,3,479,"WD","SE"
356,1,479,"WD","SE"
404,1,479,"WD","SE"
534,3,479,"WD","SE"
499,28,479,"WD","SE"
276,4,479,"WD","SE"
32,9,480,"WD","SE"
138,3,480,"WD","SE"
41,1,480,"WD","SE"
313,1,480,"WD","SE"
460,1,480,"WD","SE"
302,1,480,"WD","SE"
341,2,480,"WD","SE"
43,1,480,"WD","SE"
47,10,480,"WD","SE"
469,5,480,"WD","SE"
52,2,480,"WD","SE"
361,3,480,"WD","SE"
118,1,480,"WD","SE"
17,5,480,"WD","SE"
411,1,480,"WD","SE"
128,1,480,"WD","SE"
183,2,480,"WD","SE"
19,8,480,"WD","SE"
486,3,480,"WD","SE"
14,16,480,"WD","SE"
445,10,480,"WD","SE"
468,1,480,"WD","SE"
433,2,480,"WD","SE"
422,3,480,"WD","SE"
92,1,480,"WD","SE"
7,24,481,"WD","SE"
318,2,481,"WD","SE"
503,22,481,"WD","SE"
183,2,481,"WD","SE"
510,18,481,"WD","SE"
142,1,481,"WD","SE"
237,1,481,"WD","SE"
78,9,481,"WD","SE"
519,4,481,"WD","SE"
390,4,481,"WD","SE"
279,1,481,"WD","SE"
416,1,481,"WD","SE"
546,1,481,"WD","SE"
32,9,481,"WD","SE"
322,1,481,"WD","SE"
458,1,481,"WD","SE"
415,1,481,"WD","SE"
282,1,481,"WD","SE"
369,1,481,"WD","SE"
472,1,481,"WD","SE"
19,8,481,"WD","SE"
398,1,481,"WD","SE"
422,3,481,"WD","SE"
17,5,481,"WD","SE"
118,1,481,"WD","SE"
435,2,482,"WD","SE"
303,2,482,"WD","SE"
196,2,482,"WD","SE"
469,5,482,"WD","SE"
93,3,482,"WD","SE"
50,4,482,"WD","SE"
237,1,482,"WD","SE"
424,1,482,"WD","SE"
67,9,482,"WD","SE"
74,1,482,"WD","SE"
250,1,482,"WD","SE"
338,3,482,"WD","SE"
286,1,482,"WD","SE"
131,1,482,"WD","SE"
4,9,482,"WD","SE"
361,3,482,"WD","SE"
510,18,482,"WD","SE"
498,27,482,"WD","SE"
447,3,482,"WD","SE"
6,4,482,"WD","SE"
348,2,482,"WD","SE"
466,1,482,"WD","SE"
13,4,482,"WD","SE"
397,1,482,"WD","SE"
37,1,482,"WD","SE"
72,8,483,"WD","SE"
141,1,483,"WD","SE"
232,3,483,"WD","SE"
103,1,483,"WD","SE"
467,4,483,"WD","SE"
459,2,483,"WD","SE"
222,1,483,"WD","SE"
313,1,483,"WD","SE"
449,1,483,"WD","SE"
468,1,483,"WD","SE"
430,4,483,"WD","SE"
428,1,483,"WD","SE"
205,2,483,"WD","SE"
59,5,483,"WD","SE"
424,1,483,"WD","SE"
13,4,483,"WD","SE"
248,1,483,"WD","SE"
71,1,483,"WD","SE"
389,2,483,"WD","SE"
326,1,483,"WD","SE"
441,2,483,"WD","SE"
26,41,483,"WD","SE"
507,11,483,"WD","SE"
64,23,483,"WD","SE"
250,1,483,"WD","SE"
276,4,484,"WD","SE"
380,3,484,"WD","SE"
252,1,484,"WD","SE"
440,1,484,"WD","SE"
367,2,484,"WD","SE"
44,35,484,"WD","SE"
425,3,484,"WD","SE"
193,1,484,"WD","SE"
433,2,484,"WD","SE"
437,1,484,"WD","SE"
183,2,484,"WD","SE"
209,1,484,"WD","SE"
78,9,484,"WD","SE"
501,24,484,"WD","SE"
14,16,484,"WD","SE"
358,15,484,"WD","SE"
473,1,484,"WD","SE"
45,7,484,"WD","SE"
483,3,484,"WD","SE"
203,1,484,"WD","SE"
426,2,484,"WD","SE"
37,1,484,"WD","SE"
13,4,484,"WD","SE"
326,1,484,"WD","SE"
5,9,484,"WD","SE"
428,1,485,"WD","SE"
158,2,485,"WD","SE"
470,5,485,"WD","SE"
338,3,485,"WD","SE"
23,7,485,"WD","SE"
363,1,485,"WD","SE"
410,2,485,"WD","SE"
303,2,485,"WD","SE"
255,1,485,"WD","SE"
131,1,485,"WD","SE"
417,1,485,"WD","SE"
4,9,485,"WD","SE"
425,3,485,"WD","SE"
302,1,485,"WD","SE"
52,2,485,"WD","SE"
71,1,485,"WD","SE"
190,1,485,"WD","SE"
499,28,485,"WD","SE"
352,2,485,"WD","SE"
205,2,485,"WD","SE"
449,1,485,"WD","SE"
397,1,485,"WD","SE"
322,1,485,"WD","SE"
77,18,485,"WD","SE"
510,18,485,"WD","SE"
20,6,486,"WD","SE"
457,1,486,"WD","SE"
118,1,486,"WD","SE"
415,1,486,"WD","SE"
158,2,486,"WD","SE"
164,4,486,"WD","SE"
517,3,486,"WD","SE"
214,1,486,"WD","SE"
304,1,486,"WD","SE"
276,4,486,"WD","SE"
343,6,486,"WD","SE"
344,1,486,"WD","SE"
58,2,486,"WD","SE"
237,1,486,"WD","SE"
7,24,486,"WD","SE"
447,3,486,"WD","SE"
435,2,486,"WD","SE"
383,1,486,"WD","SE"
516,3,486,"WD","SE"
232,3,486,"WD","SE"
459,2,486,"WD","SE"
419,1,486,"WD","SE"
430,4,486,"WD","SE"
354,1,486,"WD","SE"
190,1,486,"WD","SE"
447,3,487,"WD","SE"
45,7,487,"WD","SE"
420,1,487,"WD","SE"
498,27,487,"WD","SE"
547,1,487,"WD","SE"
372,2,487,"WD","SE"
255,1,487,"WD","SE"
472,1,487,"WD","SE"
86,2,487,"WD","SE"
385,1,487,"WD","SE"
58,2,487,"WD","SE"
222,1,487,"WD","SE"
470,5,487,"WD","SE"
375,1,487,"WD","SE"
44,35,487,"WD","SE"
92,1,487,"WD","SE"
508,23,487,"WD","SE"
29,2,487,"WD","SE"
341,2,487,"WD","SE"
482,3,487,"WD","SE"
504,35,487,"WD","SE"
437,1,487,"WD","SE"
23,7,487,"WD","SE"
410,2,487,"WD","SE"
33,12,487,"WD","SE"
341,2,488,"WD","SE"
28,22,488,"WD","SE"
469,5,488,"WD","SE"
343,6,488,"WD","SE"
36,6,488,"WD","SE"
438,4,488,"WD","SE"
285,1,488,"WD","SE"
540,3,488,"WD","SE"
144,1,488,"WD","SE"
72,8,488,"WD","SE"
223,1,488,"WD","SE"
414,1,488,"WD","SE"
196,2,488,"WD","SE"
141,1,488,"WD","SE"
370,1,488,"WD","SE"
361,3,488,"WD","SE"
365,1,488,"WD","SE"
346,1,488,"WD","SE"
259,3,488,"WD","SE"
93,3,488,"WD","SE"
12,9,488,"WD","SE"
49,1,488,"WD","SE"
23,7,488,"WD","SE"
367,2,488,"WD","SE"
77,18,488,"WD","SE"
183,2,489,"WD","SE"
410,2,489,"WD","SE"
503,22,489,"WD","SE"
58,2,489,"WD","SE"
394,1,489,"WD","SE"
356,1,489,"WD","SE"
179,7,489,"WD","SE"
304,1,489,"WD","SE"
247,1,489,"WD","SE"
131,1,489,"WD","SE"
367,2,489,"WD","SE"
416,1,489,"WD","SE"
29,2,489,"WD","SE"
252,1,489,"WD","SE"
237,1,489,"WD","SE"
232,3,489,"WD","SE"
48,4,489,"WD","SE"
510,18,489,"WD","SE"
142,1,489,"WD","SE"
458,1,489,"WD","SE"
401,1,489,"WD","SE"
93,3,489,"WD","SE"
285,1,489,"WD","SE"
318,2,489,"WD","SE"
438,4,489,"WD","SE"
202,1,490,"WD","SE"
276,4,490,"WD","SE"
32,9,490,"WD","SE"
44,35,490,"WD","SE"
513,4,490,"WD","SE"
93,3,490,"WD","SE"
190,1,490,"WD","SE"
317,2,490,"WD","SE"
5,9,490,"WD","SE"
285,1,490,"WD","SE"
502,18,490,"WD","SE"
141,1,490,"WD","SE"
411,1,490,"WD","SE"
471,2,490,"WD","SE"
367,2,490,"WD","SE"
369,1,490,"WD","SE"
164,4,490,"WD","SE"
415,1,490,"WD","SE"
53,1,490,"WD","SE"
131,1,490,"WD","SE"
546,1,490,"WD","SE"
50,4,490,"WD","SE"
427,1,490,"WD","SE"
16,6,490,"WD","SE"
249,2,490,"WD","SE"
469,5,491,"WD","SE"
196,2,491,"WD","SE"
58,2,491,"WD","SE"
326,1,491,"WD","SE"
437,1,491,"WD","SE"
338,3,491,"WD","SE"
36,6,491,"WD","SE"
525,5,491,"WD","SE"
141,1,491,"WD","SE"
118,1,491,"WD","SE"
184,1,491,"WD","SE"
266,1,491,"WD","SE"
516,3,491,"WD","SE"
348,2,491,"WD","SE"
64,23,491,"WD","SE"
49,1,491,"WD","SE"
422,3,491,"WD","SE"
486,3,491,"WD","SE"
465,1,491,"WD","SE"
164,4,491,"WD","SE"
524,1,491,"WD","SE"
52,2,491,"WD","SE"
428,1,491,"WD","SE"
77,18,491,"WD","SE"
507,11,491,"WD","SE"
278,1,492,"WD","SE"
548,1,492,"WD","SE"
348,2,492,"WD","SE"
420,1,492,"WD","SE"
252,1,492,"WD","SE"
544,3,492,"WD","SE"
433,2,492,"WD","SE"
141,1,492,"WD","SE"
498,27,492,"WD","SE"
377,2,492,"WD","SE"
317,2,492,"WD","SE"
214,1,492,"WD","SE"
513,4,492,"WD","SE"
419,1,492,"WD","SE"
358,15,492,"WD","SE"
415,1,492,"WD","SE"
295,4,492,"WD","SE"
449,1,492,"WD","SE"
143,1,492,"WD","SE"
376,2,492,"WD","SE"
203,1,492,"WD","SE"
158,2,492,"WD","SE"
86,2,492,"WD","SE"
47,10,492,"WD","SE"
421,5,492,"WD","SE"
103,1,493,"WD","SE"
503,22,493,"WD","SE"
138,3,493,"WD","SE"
507,11,493,"WD","SE"
23,7,493,"WD","SE"
472,1,493,"WD","SE"
356,1,493,"WD","SE"
40,6,493,"WD","SE"
32,9,493,"WD","SE"
534,3,493,"WD","SE"
377,2,493,"WD","SE"
381,2,493,"WD","SE"
279,1,493,"WD","SE"
232,3,493,"WD","SE"
84,1,493,"WD","SE"
513,4,493,"WD","SE"
370,1,493,"WD","SE"
421,5,493,"WD","SE"
471,2,493,"WD","SE"
463,1,493,"WD","SE"
209,1,493,"WD","SE"
61,37,493,"WD","SE"
215,1,493,"WD","SE"
483,3,493,"WD","SE"
428,1,493,"WD","SE"
295,4,494,"WD","SE"
252,1,494,"WD","SE"
9,1,494,"WD","SE"
517,3,494,"WD","SE"
78,9,494,"WD","SE"
193,1,494,"WD","SE"
459,2,494,"WD","SE"
368,1,494,"WD","SE"
498,27,494,"WD","SE"
469,5,494,"WD","SE"
237,1,494,"WD","SE"
390,4,494,"WD","SE"
53,1,494,"WD","SE"
414,1,494,"WD","SE"
126,2,494,"WD","SE"
440,1,494,"WD","SE"
47,10,494,"WD","SE"
356,1,494,"WD","SE"
64,23,494,"WD","SE"
301,1,494,"WD","SE"
90,3,494,"WD","SE"
428,1,494,"WD","SE"
187,1,494,"WD","SE"
386,1,494,"WD","SE"
433,2,494,"WD","SE"
421,5,495,"WD","SE"
352,2,495,"WD","SE"
20,6,495,"WD","SE"
143,1,495,"WD","SE"
341,2,495,"WD","SE"
308,1,495,"WD","SE"
486,3,495,"WD","SE"
295,4,495,"WD","SE"
205,2,495,"WD","SE"
158,2,495,"WD","SE"
534,3,495,"WD","SE"
465,1,495,"WD","SE"
363,1,495,"WD","SE"
276,4,495,"WD","SE"
48,4,495,"WD","SE"
540,3,495,"WD","SE"
411,1,495,"WD","SE"
105,1,495,"WD","SE"
286,1,495,"WD","SE"
301,1,495,"WD","SE"
278,1,495,"WD","SE"
215,1,495,"WD","SE"
365,1,495,"WD","SE"
47,10,495,"WD","SE"
248,1,495,"WD","SE"
142,1,496,"WD","SE"
378,1,496,"WD","SE"
38,5,496,"WD","SE"
401,1,496,"WD","SE"
6,4,496,"WD","SE"
430,4,496,"WD","SE"
74,1,496,"WD","SE"
414,1,496,"WD","SE"
357,1,496,"WD","SE"
266,1,496,"WD","SE"
501,24,496,"WD","SE"
447,3,496,"WD","SE"
524,1,496,"WD","SE"
426,2,496,"WD","SE"
483,3,496,"WD","SE"
105,1,496,"WD","SE"
186,1,496,"WD","SE"
51,3,496,"WD","SE"
187,1,496,"WD","SE"
72,8,496,"WD","SE"
214,1,496,"WD","SE"
47,10,496,"WD","SE"
441,2,496,"WD","SE"
138,3,496,"WD","SE"
461,1,496,"WD","SE"
90,3,497,"WD","SE"
16,6,497,"WD","SE"
361,3,497,"WD","SE"
26,41,497,"WD","SE"
158,2,497,"WD","SE"
394,1,497,"WD","SE"
76,6,497,"WD","SE"
322,1,497,"WD","SE"
445,10,497,"WD","SE"
437,1,497,"WD","SE"
74,1,497,"WD","SE"
105,1,497,"WD","SE"
84,1,497,"WD","SE"
435,2,497,"WD","SE"
460,1,497,"WD","SE"
422,3,497,"WD","SE"
166,1,497,"WD","SE"
326,1,497,"WD","SE"
381,2,497,"WD","SE"
467,4,497,"WD","SE"
248,1,497,"WD","SE"
524,1,497,"WD","SE"
519,4,497,"WD","SE"
430,4,497,"WD","SE"
47,10,497,"WD","SE"
13,4,498,"WD","SE"
126,2,498,"WD","SE"
223,1,498,"WD","SE"
158,2,498,"WD","SE"
416,1,498,"WD","SE"
302,1,498,"WD","SE"
105,1,498,"WD","SE"
78,9,498,"WD","SE"
357,1,498,"WD","SE"
20,6,498,"WD","SE"
352,2,498,"WD","SE"
72,8,498,"WD","SE"
47,10,498,"WD","SE"
426,2,498,"WD","SE"
32,9,498,"WD","SE"
250,1,498,"WD","SE"
266,1,498,"WD","SE"
82,3,498,"WD","SE"
44,35,498,"WD","SE"
252,1,498,"WD","SE"
534,3,498,"WD","SE"
372,2,498,"WD","SE"
358,15,498,"WD","SE"
322,1,498,"WD","SE"
375,1,498,"WD","SE"
472,1,499,"WD","SE"
326,1,499,"WD","SE"
196,2,499,"WD","SE"
278,1,499,"WD","SE"
252,1,499,"WD","SE"
48,4,499,"WD","SE"
368,1,499,"WD","SE"
248,1,499,"WD","SE"
380,3,499,"WD","SE"
71,1,499,"WD","SE"
41,1,499,"WD","SE"
498,27,499,"WD","SE"
486,3,499,"WD","SE"
414,1,499,"WD","SE"
341,2,499,"WD","SE"
16,6,499,"WD","SE"
425,3,499,"WD","SE"
237,1,499,"WD","SE"
461,1,499,"WD","SE"
40,6,499,"WD","SE"
23,7,499,"WD","SE"
84,1,499,"WD","SE"
343,6,499,"WD","SE"
503,22,499,"WD","SE"
90,3,499,"WD","SE"
386,1,500,"WD","SE"
326,1,500,"WD","SE"
91,8,500,"WD","SE"
486,3,500,"WD","SE"
466,1,500,"WD","SE"
540,3,500,"WD","SE"
510,18,500,"WD","SE"
4,9,500,"WD","SE"
548,1,500,"WD","SE"
1,3,500,"WD","SE"
368,1,500,"WD","SE"
551,1,500,"WD","SE"
49,1,500,"WD","SE"
458,1,500,"WD","SE"
428,1,500,"WD","SE"
202,1,500,"WD","SE"
427,1,500,"WD","SE"
33,12,500,"WD","SE"
179,7,500,"WD","SE"
346,1,500,"WD","SE"
103,1,500,"WD","SE"
48,4,500,"WD","SE"
365,1,500,"WD","SE"
36,6,500,"WD","SE"
377,2,500,"WD","SE"
326,2,1,"RG","SE"
266,1,1,"RG","SE"
61,50,1,"RG","SE"
438,6,1,"RG","SE"
185,1,1,"RG","SE"
104,2,1,"RG","SE"
480,6,1,"RG","SE"
36,3,1,"RG","SE"
131,1,1,"RG","SE"
68,5,1,"RG","SE"
367,2,1,"RG","SE"
463,1,1,"RG","SE"
157,1,1,"RG","SE"
501,17,1,"RG","SE"
351,1,1,"RG","SE"
38,3,1,"RG","SE"
372,1,1,"RG","SE"
45,1,1,"RG","SE"
183,3,1,"RG","SE"
89,1,1,"RG","SE"
232,4,1,"RG","SE"
126,3,1,"RG","SE"
147,1,1,"RG","SE"
250,1,1,"RG","SE"
49,1,1,"RG","SE"
166,1,1,"RG","SE"
392,1,1,"RG","SE"
33,12,1,"RG","SE"
344,1,1,"RG","SE"
284,1,1,"RG","SE"
369,2,1,"RG","SE"
187,1,2,"RG","SE"
116,1,2,"RG","SE"
286,1,2,"RG","SE"
484,4,2,"RG","SE"
482,5,2,"RG","SE"
365,2,2,"RG","SE"
505,11,2,"RG","SE"
112,4,2,"RG","SE"
54,39,2,"RG","SE"
351,1,2,"RG","SE"
296,1,2,"RG","SE"
509,3,2,"RG","SE"
447,4,2,"RG","SE"
49,1,2,"RG","SE"
490,4,2,"RG","SE"
76,4,2,"RG","SE"
111,1,2,"RG","SE"
358,16,2,"RG","SE"
21,7,2,"RG","SE"
144,1,2,"RG","SE"
392,1,2,"RG","SE"
426,4,2,"RG","SE"
425,4,2,"RG","SE"
219,1,2,"RG","SE"
312,1,2,"RG","SE"
520,2,2,"RG","SE"
279,1,2,"RG","SE"
223,1,2,"RG","SE"
245,1,2,"RG","SE"
86,2,2,"RG","SE"
151,1,2,"RG","SE"
103,1,3,"RG","SE"
305,1,3,"RG","SE"
367,2,3,"RG","SE"
44,30,3,"RG","SE"
64,9,3,"RG","SE"
439,1,3,"RG","SE"
500,22,3,"RG","SE"
126,3,3,"RG","SE"
187,1,3,"RG","SE"
382,1,3,"RG","SE"
38,3,3,"RG","SE"
363,2,3,"RG","SE"
125,1,3,"RG","SE"
16,3,3,"RG","SE"
45,1,3,"RG","SE"
479,6,3,"RG","SE"
369,2,3,"RG","SE"
445,10,3,"RG","SE"
418,1,3,"RG","SE"
548,1,3,"RG","SE"
204,2,3,"RG","SE"
302,2,3,"RG","SE"
486,5,3,"RG","SE"
510,9,3,"RG","SE"
32,6,3,"RG","SE"
143,1,3,"RG","SE"
145,1,3,"RG","SE"
169,1,3,"RG","SE"
119,1,3,"RG","SE"
488,6,3,"RG","SE"
476,1,3,"RG","SE"
520,2,4,"RG","SE"
302,2,4,"RG","SE"
243,2,4,"RG","SE"
490,4,4,"RG","SE"
461,1,4,"RG","SE"
349,1,4,"RG","SE"
147,1,4,"RG","SE"
203,1,4,"RG","SE"
357,1,4,"RG","SE"
65,4,4,"RG","SE"
533,5,4,"RG","SE"
204,2,4,"RG","SE"
515,4,4,"RG","SE"
471,3,4,"RG","SE"
77,17,4,"RG","SE"
171,1,4,"RG","SE"
351,1,4,"RG","SE"
247,3,4,"RG","SE"
435,2,4,"RG","SE"
523,4,4,"RG","SE"
155,1,4,"RG","SE"
258,1,4,"RG","SE"
462,1,4,"RG","SE"
253,1,4,"RG","SE"
285,3,4,"RG","SE"
470,5,4,"RG","SE"
376,3,4,"RG","SE"
101,1,4,"RG","SE"
369,2,4,"RG","SE"
340,1,4,"RG","SE"
14,30,4,"RG","SE"
168,1,5,"RG","SE"
418,1,5,"RG","SE"
349,1,5,"RG","SE"
228,1,5,"RG","SE"
525,9,5,"RG","SE"
13,1,5,"RG","SE"
392,1,5,"RG","SE"
476,1,5,"RG","SE"
294,3,5,"RG","SE"
421,4,5,"RG","SE"
123,4,5,"RG","SE"
250,1,5,"RG","SE"
186,2,5,"RG","SE"
366,1,5,"RG","SE"
401,1,5,"RG","SE"
502,7,5,"RG","SE"
488,6,5,"RG","SE"
319,1,5,"RG","SE"
520,2,5,"RG","SE"
417,1,5,"RG","SE"
483,5,5,"RG","SE"
431,1,5,"RG","SE"
104,2,5,"RG","SE"
445,10,5,"RG","SE"
447,4,5,"RG","SE"
225,1,5,"RG","SE"
183,3,5,"RG","SE"
481,2,5,"RG","SE"
524,2,5,"RG","SE"
487,4,5,"RG","SE"
193,2,5,"RG","SE"
282,1,6,"RG","SE"
296,1,6,"RG","SE"
343,9,6,"RG","SE"
124,4,6,"RG","SE"
45,1,6,"RG","SE"
49,1,6,"RG","SE"
245,1,6,"RG","SE"
374,2,6,"RG","SE"
510,9,6,"RG","SE"
382,1,6,"RG","SE"
72,9,6,"RG","SE"
160,1,6,"RG","SE"
541,8,6,"RG","SE"
418,1,6,"RG","SE"
254,1,6,"RG","SE"
540,8,6,"RG","SE"
328,1,6,"RG","SE"
435,2,6,"RG","SE"
477,4,6,"RG","SE"
312,1,6,"RG","SE"
539,1,6,"RG","SE"
15,2,6,"RG","SE"
173,2,6,"RG","SE"
481,2,6,"RG","SE"
410,2,6,"RG","SE"
119,1,6,"RG","SE"
345,1,6,"RG","SE"
394,1,6,"RG","SE"
144,1,6,"RG","SE"
203,1,6,"RG","SE"
102,1,6,"RG","SE"
477,4,7,"RG","SE"
354,2,7,"RG","SE"
115,1,7,"RG","SE"
330,1,7,"RG","SE"
510,9,7,"RG","SE"
436,1,7,"RG","SE"
38,3,7,"RG","SE"
116,1,7,"RG","SE"
467,4,7,"RG","SE"
284,1,7,"RG","SE"
531,2,7,"RG","SE"
214,1,7,"RG","SE"
64,9,7,"RG","SE"
145,1,7,"RG","SE"
535,3,7,"RG","SE"
166,1,7,"RG","SE"
376,3,7,"RG","SE"
417,1,7,"RG","SE"
504,10,7,"RG","SE"
415,1,7,"RG","SE"
15,2,7,"RG","SE"
508,14,7,"RG","SE"
310,1,7,"RG","SE"
523,4,7,"RG","SE"
465,1,7,"RG","SE"
112,4,7,"RG","SE"
261,3,7,"RG","SE"
496,22,7,"RG","SE"
515,4,7,"RG","SE"
250,1,7,"RG","SE"
203,1,7,"RG","SE"
389,3,8,"RG","SE"
276,3,8,"RG","SE"
534,3,8,"RG","SE"
322,3,8,"RG","SE"
250,1,8,"RG","SE"
376,3,8,"RG","SE"
296,1,8,"RG","SE"
390,1,8,"RG","SE"
305,1,8,"RG","SE"
151,1,8,"RG","SE"
514,6,8,"RG","SE"
36,3,8,"RG","SE"
124,4,8,"RG","SE"
343,9,8,"RG","SE"
20,7,8,"RG","SE"
421,4,8,"RG","SE"
340,1,8,"RG","SE"
344,1,8,"RG","SE"
455,3,8,"RG","SE"
65,4,8,"RG","SE"
38,3,8,"RG","SE"
57,9,8,"RG","SE"
313,3,8,"RG","SE"
544,1,8,"RG","SE"
397,1,8,"RG","SE"
519,3,8,"RG","SE"
3,5,8,"RG","SE"
380,2,8,"RG","SE"
87,1,8,"RG","SE"
302,2,8,"RG","SE"
480,6,8,"RG","SE"
413,1,9,"RG","SE"
540,8,9,"RG","SE"
496,22,9,"RG","SE"
312,1,9,"RG","SE"
493,7,9,"RG","SE"
457,2,9,"RG","SE"
175,1,9,"RG","SE"
202,1,9,"RG","SE"
452,1,9,"RG","SE"
111,1,9,"RG","SE"
44,30,9,"RG","SE"
389,3,9,"RG","SE"
313,3,9,"RG","SE"
332,1,9,"RG","SE"
462,1,9,"RG","SE"
277,1,9,"RG","SE"
13,1,9,"RG","SE"
548,1,9,"RG","SE"
105,1,9,"RG","SE"
193,2,9,"RG","SE"
198,2,9,"RG","SE"
487,4,9,"RG","SE"
422,4,9,"RG","SE"
15,2,9,"RG","SE"
143,1,9,"RG","SE"
285,3,9,"RG","SE"
401,1,9,"RG","SE"
258,1,9,"RG","SE"
183,3,9,"RG","SE"
381,3,9,"RG","SE"
482,5,9,"RG","SE"
138,2,10,"RG","SE"
440,1,10,"RG","SE"
341,2,10,"RG","SE"
285,3,10,"RG","SE"
51,2,10,"RG","SE"
185,1,10,"RG","SE"
382,1,10,"RG","SE"
276,3,10,"RG","SE"
77,17,10,"RG","SE"
106,1,10,"RG","SE"
541,8,10,"RG","SE"
169,1,10,"RG","SE"
504,10,10,"RG","SE"
153,1,10,"RG","SE"
500,22,10,"RG","SE"
540,8,10,"RG","SE"
319,1,10,"RG","SE"
219,1,10,"RG","SE"
390,1,10,"RG","SE"
368,1,10,"RG","SE"
204,2,10,"RG","SE"
142,1,10,"RG","SE"
487,4,10,"RG","SE"
369,2,10,"RG","SE"
196,2,10,"RG","SE"
301,1,10,"RG","SE"
506,7,10,"RG","SE"
284,1,10,"RG","SE"
539,1,10,"RG","SE"
538,2,10,"RG","SE"
3,5,10,"RG","SE"
341,2,11,"RG","SE"
374,2,11,"RG","SE"
72,9,11,"RG","SE"
125,1,11,"RG","SE"
516,4,11,"RG","SE"
436,1,11,"RG","SE"
187,1,11,"RG","SE"
219,1,11,"RG","SE"
145,1,11,"RG","SE"
132,1,11,"RG","SE"
157,1,11,"RG","SE"
183,3,11,"RG","SE"
12,11,11,"RG","SE"
439,1,11,"RG","SE"
103,1,11,"RG","SE"
14,30,11,"RG","SE"
377,2,11,"RG","SE"
237,1,11,"RG","SE"
16,3,11,"RG","SE"
541,8,11,"RG","SE"
544,1,11,"RG","SE"
349,1,11,"RG","SE"
312,1,11,"RG","SE"
3,5,11,"RG","SE"
179,12,11,"RG","SE"
354,2,11,"RG","SE"
401,1,11,"RG","SE"
494,8,11,"RG","SE"
505,11,11,"RG","SE"
61,50,11,"RG","SE"
261,3,11,"RG","SE"
186,2,12,"RG","SE"
57,9,12,"RG","SE"
122,2,12,"RG","SE"
85,15,12,"RG","SE"
461,1,12,"RG","SE"
277,1,12,"RG","SE"
258,1,12,"RG","SE"
130,1,12,"RG","SE"
380,2,12,"RG","SE"
382,1,12,"RG","SE"
532,5,12,"RG","SE"
193,2,12,"RG","SE"
87,1,12,"RG","SE"
479,6,12,"RG","SE"
376,3,12,"RG","SE"
19,5,12,"RG","SE"
51,2,12,"RG","SE"
418,1,12,"RG","SE"
7,21,12,"RG","SE"
49,1,12,"RG","SE"
283,1,12,"RG","SE"
253,1,12,"RG","SE"
529,5,12,"RG","SE"
187,1,12,"RG","SE"
27,2,12,"RG","SE"
372,1,12,"RG","SE"
232,4,12,"RG","SE"
344,1,12,"RG","SE"
534,3,12,"RG","SE"
38,3,12,"RG","SE"
28,50,12,"RG","SE"
173,2,13,"RG","SE"
365,2,13,"RG","SE"
438,6,13,"RG","SE"
506,7,13,"RG","SE"
33,12,13,"RG","SE"
85,15,13,"RG","SE"
153,1,13,"RG","SE"
341,2,13,"RG","SE"
534,3,13,"RG","SE"
301,1,13,"RG","SE"
186,2,13,"RG","SE"
484,4,13,"RG","SE"
510,9,13,"RG","SE"
116,1,13,"RG","SE"
196,2,13,"RG","SE"
68,5,13,"RG","SE"
426,4,13,"RG","SE"
351,1,13,"RG","SE"
370,1,13,"RG","SE"
461,1,13,"RG","SE"
344,1,13,"RG","SE"
486,5,13,"RG","SE"
469,5,13,"RG","SE"
283,1,13,"RG","SE"
145,1,13,"RG","SE"
83,2,13,"RG","SE"
332,1,13,"RG","SE"
203,1,13,"RG","SE"
250,1,13,"RG","SE"
319,1,13,"RG","SE"
369,2,13,"RG","SE"
494,8,14,"RG","SE"
474,1,14,"RG","SE"
101,1,14,"RG","SE"
294,3,14,"RG","SE"
380,2,14,"RG","SE"
204,2,14,"RG","SE"
183,3,14,"RG","SE"
523,4,14,"RG","SE"
72,9,14,"RG","SE"
367,2,14,"RG","SE"
348,2,14,"RG","SE"
22,4,14,"RG","SE"
194,1,14,"RG","SE"
540,8,14,"RG","SE"
303,6,14,"RG","SE"
166,1,14,"RG","SE"
340,1,14,"RG","SE"
3,5,14,"RG","SE"
185,1,14,"RG","SE"
179,12,14,"RG","SE"
80,6,14,"RG","SE"
308,2,14,"RG","SE"
259,6,14,"RG","SE"
526,2,14,"RG","SE"
539,1,14,"RG","SE"
10,1,14,"RG","SE"
502,7,14,"RG","SE"
500,22,14,"RG","SE"
457,2,14,"RG","SE"
15,2,14,"RG","SE"
439,1,14,"RG","SE"
279,1,15,"RG","SE"
357,1,15,"RG","SE"
149,1,15,"RG","SE"
377,2,15,"RG","SE"
304,2,15,"RG","SE"
547,1,15,"RG","SE"
101,1,15,"RG","SE"
410,2,15,"RG","SE"
380,2,15,"RG","SE"
61,50,15,"RG","SE"
441,1,15,"RG","SE"
435,2,15,"RG","SE"
340,1,15,"RG","SE"
286,1,15,"RG","SE"
445,10,15,"RG","SE"
462,1,15,"RG","SE"
125,1,15,"RG","SE"
430,1,15,"RG","SE"
278,1,15,"RG","SE"
505,11,15,"RG","SE"
361,3,15,"RG","SE"
390,1,15,"RG","SE"
16,3,15,"RG","SE"
130,1,15,"RG","SE"
365,2,15,"RG","SE"
343,9,15,"RG","SE"
496,22,15,"RG","SE"
508,14,15,"RG","SE"
222,2,15,"RG","SE"
510,9,15,"RG","SE"
228,1,15,"RG","SE"
494,8,16,"RG","SE"
519,3,16,"RG","SE"
255,1,16,"RG","SE"
480,6,16,"RG","SE"
179,12,16,"RG","SE"
421,4,16,"RG","SE"
515,4,16,"RG","SE"
357,1,16,"RG","SE"
426,4,16,"RG","SE"
532,5,16,"RG","SE"
49,1,16,"RG","SE"
538,2,16,"RG","SE"
76,4,16,"RG","SE"
363,2,16,"RG","SE"
524,2,16,"RG","SE"
264,1,16,"RG","SE"
253,1,16,"RG","SE"
245,1,16,"RG","SE"
28,50,16,"RG","SE"
103,1,16,"RG","SE"
89,1,16,"RG","SE"
441,1,16,"RG","SE"
242,1,16,"RG","SE"
377,2,16,"RG","SE"
447,4,16,"RG","SE"
266,1,16,"RG","SE"
471,3,16,"RG","SE"
111,1,16,"RG","SE"
343,9,16,"RG","SE"
395,1,16,"RG","SE"
15,2,16,"RG","SE"
101,1,17,"RG","SE"
235,1,17,"RG","SE"
488,6,17,"RG","SE"
248,5,17,"RG","SE"
20,7,17,"RG","SE"
277,1,17,"RG","SE"
61,50,17,"RG","SE"
489,4,17,"RG","SE"
257,1,17,"RG","SE"
532,5,17,"RG","SE"
482,5,17,"RG","SE"
3,5,17,"RG","SE"
304,2,17,"RG","SE"
142,1,17,"RG","SE"
441,1,17,"RG","SE"
483,5,17,"RG","SE"
87,1,17,"RG","SE"
123,4,17,"RG","SE"
141,2,17,"RG","SE"
367,2,17,"RG","SE"
365,2,17,"RG","SE"
243,2,17,"RG","SE"
372,1,17,"RG","SE"
318,3,17,"RG","SE"
426,4,17,"RG","SE"
343,9,17,"RG","SE"
301,1,17,"RG","SE"
179,12,17,"RG","SE"
269,1,17,"RG","SE"
252,2,17,"RG","SE"
433,2,17,"RG","SE"
175,1,18,"RG","SE"
225,1,18,"RG","SE"
250,1,18,"RG","SE"
193,2,18,"RG","SE"
392,1,18,"RG","SE"
367,2,18,"RG","SE"
26,59,18,"RG","SE"
77,17,18,"RG","SE"
145,1,18,"RG","SE"
477,4,18,"RG","SE"
284,1,18,"RG","SE"
228,1,18,"RG","SE"
502,7,18,"RG","SE"
458,1,18,"RG","SE"
116,1,18,"RG","SE"
525,9,18,"RG","SE"
500,22,18,"RG","SE"
254,1,18,"RG","SE"
304,2,18,"RG","SE"
244,3,18,"RG","SE"
363,2,18,"RG","SE"
153,1,18,"RG","SE"
33,12,18,"RG","SE"
349,1,18,"RG","SE"
332,1,18,"RG","SE"
348,2,18,"RG","SE"
341,2,18,"RG","SE"
283,1,18,"RG","SE"
417,1,18,"RG","SE"
155,1,18,"RG","SE"
310,1,18,"RG","SE"
528,5,19,"RG","SE"
487,4,19,"RG","SE"
170,1,19,"RG","SE"
173,2,19,"RG","SE"
526,2,19,"RG","SE"
153,1,19,"RG","SE"
422,4,19,"RG","SE"
476,1,19,"RG","SE"
141,2,19,"RG","SE"
368,1,19,"RG","SE"
222,2,19,"RG","SE"
119,1,19,"RG","SE"
395,1,19,"RG","SE"
179,12,19,"RG","SE"
128,1,19,"RG","SE"
539,1,19,"RG","SE"
431,1,19,"RG","SE"
357,1,19,"RG","SE"
168,1,19,"RG","SE"
433,2,19,"RG","SE"
131,1,19,"RG","SE"
225,1,19,"RG","SE"
175,1,19,"RG","SE"
27,2,19,"RG","SE"
219,1,19,"RG","SE"
489,4,19,"RG","SE"
235,1,19,"RG","SE"
410,2,19,"RG","SE"
89,1,19,"RG","SE"
244,3,19,"RG","SE"
64,9,19,"RG","SE"
441,1,20,"RG","SE"
252,2,20,"RG","SE"
352,2,20,"RG","SE"
313,3,20,"RG","SE"
369,2,20,"RG","SE"
194,1,20,"RG","SE"
417,1,20,"RG","SE"
513,6,20,"RG","SE"
65,4,20,"RG","SE"
294,3,20,"RG","SE"
357,1,20,"RG","SE"
61,50,20,"RG","SE"
382,1,20,"RG","SE"
129,2,20,"RG","SE"
49,1,20,"RG","SE"
33,12,20,"RG","SE"
517,6,20,"RG","SE"
153,1,20,"RG","SE"
148,1,20,"RG","SE"
462,1,20,"RG","SE"
481,2,20,"RG","SE"
380,2,20,"RG","SE"
125,1,20,"RG","SE"
259,6,20,"RG","SE"
45,1,20,"RG","SE"
363,2,20,"RG","SE"
145,1,20,"RG","SE"
13,1,20,"RG","SE"
57,9,20,"RG","SE"
108,1,20,"RG","SE"
390,1,20,"RG","SE"
344,1,21,"RG","SE"
502,7,21,"RG","SE"
455,3,21,"RG","SE"
244,3,21,"RG","SE"
431,1,21,"RG","SE"
437,1,21,"RG","SE"
494,8,21,"RG","SE"
199,1,21,"RG","SE"
142,1,21,"RG","SE"
466,1,21,"RG","SE"
112,4,21,"RG","SE"
103,1,21,"RG","SE"
183,3,21,"RG","SE"
343,9,21,"RG","SE"
243,2,21,"RG","SE"
4,5,21,"RG","SE"
173,2,21,"RG","SE"
490,4,21,"RG","SE"
160,1,21,"RG","SE"
191,1,21,"RG","SE"
132,1,21,"RG","SE"
273,1,21,"RG","SE"
138,2,21,"RG","SE"
198,2,21,"RG","SE"
153,1,21,"RG","SE"
474,1,21,"RG","SE"
392,1,21,"RG","SE"
438,6,21,"RG","SE"
252,2,21,"RG","SE"
151,1,21,"RG","SE"
294,3,21,"RG","SE"
309,1,22,"RG","SE"
110,1,22,"RG","SE"
370,1,22,"RG","SE"
389,3,22,"RG","SE"
508,14,22,"RG","SE"
302,2,22,"RG","SE"
222,2,22,"RG","SE"
11,27,22,"RG","SE"
366,1,22,"RG","SE"
245,1,22,"RG","SE"
500,22,22,"RG","SE"
91,5,22,"RG","SE"
348,2,22,"RG","SE"
228,1,22,"RG","SE"
394,1,22,"RG","SE"
253,1,22,"RG","SE"
284,1,22,"RG","SE"
196,2,22,"RG","SE"
538,2,22,"RG","SE"
332,1,22,"RG","SE"
7,21,22,"RG","SE"
202,1,22,"RG","SE"
103,1,22,"RG","SE"
439,1,22,"RG","SE"
61,50,22,"RG","SE"
317,2,22,"RG","SE"
21,7,22,"RG","SE"
279,1,22,"RG","SE"
430,1,22,"RG","SE"
248,5,22,"RG","SE"
326,2,22,"RG","SE"
466,1,23,"RG","SE"
187,1,23,"RG","SE"
219,1,23,"RG","SE"
541,8,23,"RG","SE"
487,4,23,"RG","SE"
258,1,23,"RG","SE"
301,1,23,"RG","SE"
397,1,23,"RG","SE"
193,2,23,"RG","SE"
38,3,23,"RG","SE"
483,5,23,"RG","SE"
313,3,23,"RG","SE"
283,1,23,"RG","SE"
519,3,23,"RG","SE"
294,3,23,"RG","SE"
126,3,23,"RG","SE"
153,1,23,"RG","SE"
245,1,23,"RG","SE"
447,4,23,"RG","SE"
387,1,23,"RG","SE"
160,1,23,"RG","SE"
146,1,23,"RG","SE"
64,9,23,"RG","SE"
526,2,23,"RG","SE"
506,7,23,"RG","SE"
273,1,23,"RG","SE"
158,3,23,"RG","SE"
214,1,23,"RG","SE"
247,3,23,"RG","SE"
378,1,23,"RG","SE"
433,2,23,"RG","SE"
490,4,24,"RG","SE"
540,8,24,"RG","SE"
377,2,24,"RG","SE"
380,2,24,"RG","SE"
87,1,24,"RG","SE"
538,2,24,"RG","SE"
284,1,24,"RG","SE"
283,1,24,"RG","SE"
421,4,24,"RG","SE"
7,21,24,"RG","SE"
157,1,24,"RG","SE"
435,2,24,"RG","SE"
481,2,24,"RG","SE"
378,1,24,"RG","SE"
242,1,24,"RG","SE"
101,1,24,"RG","SE"
382,1,24,"RG","SE"
32,6,24,"RG","SE"
164,6,24,"RG","SE"
309,1,24,"RG","SE"
141,2,24,"RG","SE"
132,1,24,"RG","SE"
259,6,24,"RG","SE"
67,9,24,"RG","SE"
447,4,24,"RG","SE"
354,2,24,"RG","SE"
235,1,24,"RG","SE"
17,5,24,"RG","SE"
257,1,24,"RG","SE"
517,6,24,"RG","SE"
151,1,24,"RG","SE"
533,5,25,"RG","SE"
49,1,25,"RG","SE"
532,5,25,"RG","SE"
305,1,25,"RG","SE"
294,3,25,"RG","SE"
13,1,25,"RG","SE"
65,4,25,"RG","SE"
291,1,25,"RG","SE"
308,2,25,"RG","SE"
452,1,25,"RG","SE"
32,6,25,"RG","SE"
514,6,25,"RG","SE"
264,1,25,"RG","SE"
12,11,25,"RG","SE"
61,50,25,"RG","SE"
266,1,25,"RG","SE"
523,4,25,"RG","SE"
169,1,25,"RG","SE"
87,1,25,"RG","SE"
268,1,25,"RG","SE"
277,1,25,"RG","SE"
276,3,25,"RG","SE"
175,1,25,"RG","SE"
119,1,25,"RG","SE"
254,1,25,"RG","SE"
535,3,25,"RG","SE"
317,2,25,"RG","SE"
103,1,25,"RG","SE"
372,1,25,"RG","SE"
128,1,25,"RG","SE"
187,1,25,"RG","SE"
439,1,26,"RG","SE"
11,27,26,"RG","SE"
480,6,26,"RG","SE"
291,1,26,"RG","SE"
294,3,26,"RG","SE"
372,1,26,"RG","SE"
261,3,26,"RG","SE"
183,3,26,"RG","SE"
49,1,26,"RG","SE"
122,2,26,"RG","SE"
344,1,26,"RG","SE"
80,6,26,"RG","SE"
4,5,26,"RG","SE"
225,1,26,"RG","SE"
112,4,26,"RG","SE"
173,2,26,"RG","SE"
488,6,26,"RG","SE"
87,1,26,"RG","SE"
341,2,26,"RG","SE"
22,4,26,"RG","SE"
452,1,26,"RG","SE"
257,1,26,"RG","SE"
279,1,26,"RG","SE"
185,1,26,"RG","SE"
541,8,26,"RG","SE"
250,1,26,"RG","SE"
482,5,26,"RG","SE"
115,1,26,"RG","SE"
21,7,26,"RG","SE"
25,1,26,"RG","SE"
526,2,26,"RG","SE"
248,5,27,"RG","SE"
505,11,27,"RG","SE"
77,17,27,"RG","SE"
276,3,27,"RG","SE"
340,1,27,"RG","SE"
25,1,27,"RG","SE"
15,2,27,"RG","SE"
146,1,27,"RG","SE"
430,1,27,"RG","SE"
286,1,27,"RG","SE"
141,2,27,"RG","SE"
291,1,27,"RG","SE"
186,2,27,"RG","SE"
124,4,27,"RG","SE"
85,15,27,"RG","SE"
506,7,27,"RG","SE"
123,4,27,"RG","SE"
513,6,27,"RG","SE"
27,2,27,"RG","SE"
209,1,27,"RG","SE"
539,1,27,"RG","SE"
86,2,27,"RG","SE"
204,2,27,"RG","SE"
421,4,27,"RG","SE"
372,1,27,"RG","SE"
417,1,27,"RG","SE"
524,2,27,"RG","SE"
548,1,27,"RG","SE"
193,2,27,"RG","SE"
431,1,27,"RG","SE"
458,1,27,"RG","SE"
441,1,28,"RG","SE"
266,1,28,"RG","SE"
87,1,28,"RG","SE"
366,1,28,"RG","SE"
115,1,28,"RG","SE"
519,3,28,"RG","SE"
469,5,28,"RG","SE"
368,1,28,"RG","SE"
501,17,28,"RG","SE"
516,4,28,"RG","SE"
296,1,28,"RG","SE"
72,9,28,"RG","SE"
413,1,28,"RG","SE"
372,1,28,"RG","SE"
101,1,28,"RG","SE"
389,3,28,"RG","SE"
480,6,28,"RG","SE"
365,2,28,"RG","SE"
506,7,28,"RG","SE"
330,1,28,"RG","SE"
284,1,28,"RG","SE"
381,3,28,"RG","SE"
86,2,28,"RG","SE"
203,1,28,"RG","SE"
65,4,28,"RG","SE"
103,1,28,"RG","SE"
141,2,28,"RG","SE"
146,1,28,"RG","SE"
202,1,28,"RG","SE"
294,3,28,"RG","SE"
343,9,28,"RG","SE"
514,6,29,"RG","SE"
366,1,29,"RG","SE"
148,1,29,"RG","SE"
294,3,29,"RG","SE"
36,3,29,"RG","SE"
45,1,29,"RG","SE"
415,1,29,"RG","SE"
124,4,29,"RG","SE"
418,1,29,"RG","SE"
348,2,29,"RG","SE"
26,59,29,"RG","SE"
533,5,29,"RG","SE"
469,5,29,"RG","SE"
284,1,29,"RG","SE"
477,4,29,"RG","SE"
502,7,29,"RG","SE"
85,15,29,"RG","SE"
261,3,29,"RG","SE"
191,1,29,"RG","SE"
309,1,29,"RG","SE"
278,1,29,"RG","SE"
223,1,29,"RG","SE"
441,1,29,"RG","SE"
22,4,29,"RG","SE"
304,2,29,"RG","SE"
158,3,29,"RG","SE"
115,1,29,"RG","SE"
3,5,29,"RG","SE"
381,3,29,"RG","SE"
243,2,29,"RG","SE"
541,8,29,"RG","SE"
466,1,30,"RG","SE"
242,1,30,"RG","SE"
523,4,30,"RG","SE"
322,3,30,"RG","SE"
484,4,30,"RG","SE"
203,1,30,"RG","SE"
214,1,30,"RG","SE"
312,1,30,"RG","SE"
16,3,30,"RG","SE"
368,1,30,"RG","SE"
381,3,30,"RG","SE"
129,2,30,"RG","SE"
431,1,30,"RG","SE"
279,1,30,"RG","SE"
244,3,30,"RG","SE"
532,5,30,"RG","SE"
64,9,30,"RG","SE"
87,1,30,"RG","SE"
494,8,30,"RG","SE"
26,59,30,"RG","SE"
116,1,30,"RG","SE"
305,1,30,"RG","SE"
198,2,30,"RG","SE"
445,10,30,"RG","SE"
317,2,30,"RG","SE"
527,8,30,"RG","SE"
476,1,30,"RG","SE"
45,1,30,"RG","SE"
439,1,30,"RG","SE"
77,17,30,"RG","SE"
395,1,30,"RG","SE"
332,1,31,"RG","SE"
513,6,31,"RG","SE"
378,1,31,"RG","SE"
482,5,31,"RG","SE"
431,1,31,"RG","SE"
523,4,31,"RG","SE"
169,1,31,"RG","SE"
381,3,31,"RG","SE"
164,6,31,"RG","SE"
131,1,31,"RG","SE"
309,1,31,"RG","SE"
123,4,31,"RG","SE"
7,21,31,"RG","SE"
61,50,31,"RG","SE"
484,4,31,"RG","SE"
157,1,31,"RG","SE"
203,1,31,"RG","SE"
480,6,31,"RG","SE"
527,8,31,"RG","SE"
455,3,31,"RG","SE"
437,1,31,"RG","SE"
418,1,31,"RG","SE"
269,1,31,"RG","SE"
441,1,31,"RG","SE"
253,1,31,"RG","SE"
470,5,31,"RG","SE"
532,5,31,"RG","SE"
146,1,31,"RG","SE"
322,3,31,"RG","SE"
394,1,31,"RG","SE"
425,4,31,"RG","SE"
11,27,32,"RG","SE"
395,1,32,"RG","SE"
462,1,32,"RG","SE"
193,2,32,"RG","SE"
106,1,32,"RG","SE"
223,1,32,"RG","SE"
194,1,32,"RG","SE"
440,1,32,"RG","SE"
199,1,32,"RG","SE"
44,30,32,"RG","SE"
207,1,32,"RG","SE"
22,4,32,"RG","SE"
65,4,32,"RG","SE"
317,2,32,"RG","SE"
351,1,32,"RG","SE"
249,2,32,"RG","SE"
122,2,32,"RG","SE"
439,1,32,"RG","SE"
124,4,32,"RG","SE"
301,1,32,"RG","SE"
27,2,32,"RG","SE"
437,1,32,"RG","SE"
85,15,32,"RG","SE"
171,1,32,"RG","SE"
515,4,32,"RG","SE"
51,2,32,"RG","SE"
441,1,32,"RG","SE"
14,30,32,"RG","SE"
286,1,32,"RG","SE"
476,1,32,"RG","SE"
303,6,32,"RG","SE"
3,5,33,"RG","SE"
123,4,33,"RG","SE"
380,2,33,"RG","SE"
61,50,33,"RG","SE"
14,30,33,"RG","SE"
144,1,33,"RG","SE"
145,1,33,"RG","SE"
255,1,33,"RG","SE"
264,1,33,"RG","SE"
202,1,33,"RG","SE"
435,2,33,"RG","SE"
32,6,33,"RG","SE"
399,1,33,"RG","SE"
462,1,33,"RG","SE"
76,4,33,"RG","SE"
247,3,33,"RG","SE"
153,1,33,"RG","SE"
282,1,33,"RG","SE"
130,1,33,"RG","SE"
474,1,33,"RG","SE"
456,1,33,"RG","SE"
322,3,33,"RG","SE"
284,1,33,"RG","SE"
279,1,33,"RG","SE"
119,1,33,"RG","SE"
394,1,33,"RG","SE"
228,1,33,"RG","SE"
283,1,33,"RG","SE"
516,4,33,"RG","SE"
520,2,33,"RG","SE"
160,1,33,"RG","SE"
433,2,34,"RG","SE"
343,9,34,"RG","SE"
157,1,34,"RG","SE"
357,1,34,"RG","SE"
10,1,34,"RG","SE"
77,17,34,"RG","SE"
340,1,34,"RG","SE"
531,2,34,"RG","SE"
101,1,34,"RG","SE"
32,6,34,"RG","SE"
11,27,34,"RG","SE"
19,5,34,"RG","SE"
248,5,34,"RG","SE"
535,3,34,"RG","SE"
106,1,34,"RG","SE"
399,1,34,"RG","SE"
27,2,34,"RG","SE"
115,1,34,"RG","SE"
123,4,34,"RG","SE"
525,9,34,"RG","SE"
494,8,34,"RG","SE"
102,1,34,"RG","SE"
404,1,34,"RG","SE"
199,1,34,"RG","SE"
415,1,34,"RG","SE"
291,1,34,"RG","SE"
129,2,34,"RG","SE"
78,21,34,"RG","SE"
529,5,34,"RG","SE"
517,6,34,"RG","SE"
532,5,34,"RG","SE"
461,1,35,"RG","SE"
410,2,35,"RG","SE"
232,4,35,"RG","SE"
519,3,35,"RG","SE"
57,9,35,"RG","SE"
242,1,35,"RG","SE"
169,1,35,"RG","SE"
455,3,35,"RG","SE"
544,1,35,"RG","SE"
361,3,35,"RG","SE"
481,2,35,"RG","SE"
87,1,35,"RG","SE"
115,1,35,"RG","SE"
14,30,35,"RG","SE"
282,1,35,"RG","SE"
513,6,35,"RG","SE"
404,1,35,"RG","SE"
445,10,35,"RG","SE"
83,2,35,"RG","SE"
158,3,35,"RG","SE"
255,1,35,"RG","SE"
273,1,35,"RG","SE"
22,4,35,"RG","SE"
278,1,35,"RG","SE"
541,8,35,"RG","SE"
132,1,35,"RG","SE"
535,3,35,"RG","SE"
128,1,35,"RG","SE"
16,3,35,"RG","SE"
330,1,35,"RG","SE"
467,4,35,"RG","SE"
22,4,36,"RG","SE"
533,5,36,"RG","SE"
225,1,36,"RG","SE"
193,2,36,"RG","SE"
146,1,36,"RG","SE"
77,17,36,"RG","SE"
15,2,36,"RG","SE"
285,3,36,"RG","SE"
515,4,36,"RG","SE"
261,3,36,"RG","SE"
65,4,36,"RG","SE"
480,6,36,"RG","SE"
519,3,36,"RG","SE"
158,3,36,"RG","SE"
441,1,36,"RG","SE"
422,4,36,"RG","SE"
266,1,36,"RG","SE"
467,4,36,"RG","SE"
529,5,36,"RG","SE"
456,1,36,"RG","SE"
437,1,36,"RG","SE"
470,5,36,"RG","SE"
363,2,36,"RG","SE"
326,2,36,"RG","SE"
103,1,36,"RG","SE"
130,1,36,"RG","SE"
531,2,36,"RG","SE"
332,1,36,"RG","SE"
308,2,36,"RG","SE"
112,4,36,"RG","SE"
141,2,36,"RG","SE"
490,4,37,"RG","SE"
42,1,37,"RG","SE"
129,2,37,"RG","SE"
525,9,37,"RG","SE"
413,1,37,"RG","SE"
130,1,37,"RG","SE"
170,1,37,"RG","SE"
115,1,37,"RG","SE"
49,1,37,"RG","SE"
193,2,37,"RG","SE"
417,1,37,"RG","SE"
514,6,37,"RG","SE"
278,1,37,"RG","SE"
498,25,37,"RG","SE"
517,6,37,"RG","SE"
509,3,37,"RG","SE"
344,1,37,"RG","SE"
143,1,37,"RG","SE"
194,1,37,"RG","SE"
273,1,37,"RG","SE"
149,1,37,"RG","SE"
529,5,37,"RG","SE"
207,1,37,"RG","SE"
351,1,37,"RG","SE"
277,1,37,"RG","SE"
515,4,37,"RG","SE"
418,1,37,"RG","SE"
257,1,37,"RG","SE"
142,1,37,"RG","SE"
435,2,37,"RG","SE"
254,1,37,"RG","SE"
332,1,38,"RG","SE"
291,1,38,"RG","SE"
303,6,38,"RG","SE"
532,5,38,"RG","SE"
304,2,38,"RG","SE"
488,6,38,"RG","SE"
502,7,38,"RG","SE"
483,5,38,"RG","SE"
312,1,38,"RG","SE"
190,1,38,"RG","SE"
349,1,38,"RG","SE"
193,2,38,"RG","SE"
438,6,38,"RG","SE"
128,1,38,"RG","SE"
370,1,38,"RG","SE"
166,1,38,"RG","SE"
313,3,38,"RG","SE"
27,2,38,"RG","SE"
207,1,38,"RG","SE"
78,21,38,"RG","SE"
538,2,38,"RG","SE"
540,8,38,"RG","SE"
482,5,38,"RG","SE"
130,1,38,"RG","SE"
102,1,38,"RG","SE"
129,2,38,"RG","SE"
336,1,38,"RG","SE"
510,9,38,"RG","SE"
305,1,38,"RG","SE"
308,2,38,"RG","SE"
506,7,38,"RG","SE"
326,2,39,"RG","SE"
42,1,39,"RG","SE"
303,6,39,"RG","SE"
106,1,39,"RG","SE"
520,2,39,"RG","SE"
158,3,39,"RG","SE"
397,1,39,"RG","SE"
319,1,39,"RG","SE"
539,1,39,"RG","SE"
529,5,39,"RG","SE"
266,1,39,"RG","SE"
253,1,39,"RG","SE"
101,1,39,"RG","SE"
160,1,39,"RG","SE"
505,11,39,"RG","SE"
425,4,39,"RG","SE"
330,1,39,"RG","SE"
501,17,39,"RG","SE"
64,9,39,"RG","SE"
108,1,39,"RG","SE"
27,2,39,"RG","SE"
122,2,39,"RG","SE"
458,1,39,"RG","SE"
72,9,39,"RG","SE"
291,1,39,"RG","SE"
254,1,39,"RG","SE"
469,5,39,"RG","SE"
171,1,39,"RG","SE"
515,4,39,"RG","SE"
441,1,39,"RG","SE"
345,1,39,"RG","SE"
183,3,40,"RG","SE"
548,1,40,"RG","SE"
32,6,40,"RG","SE"
322,3,40,"RG","SE"
209,1,40,"RG","SE"
15,2,40,"RG","SE"
245,1,40,"RG","SE"
447,4,40,"RG","SE"
261,3,40,"RG","SE"
282,1,40,"RG","SE"
5,4,40,"RG","SE"
129,2,40,"RG","SE"
336,1,40,"RG","SE"
126,3,40,"RG","SE"
80,6,40,"RG","SE"
219,1,40,"RG","SE"
250,1,40,"RG","SE"
532,5,40,"RG","SE"
124,4,40,"RG","SE"
395,1,40,"RG","SE"
42,1,40,"RG","SE"
158,3,40,"RG","SE"
143,1,40,"RG","SE"
493,7,40,"RG","SE"
157,1,40,"RG","SE"
187,1,40,"RG","SE"
244,3,40,"RG","SE"
462,1,40,"RG","SE"
249,2,40,"RG","SE"
343,9,40,"RG","SE"
248,5,40,"RG","SE"
187,1,41,"RG","SE"
471,3,41,"RG","SE"
374,2,41,"RG","SE"
209,1,41,"RG","SE"
144,1,41,"RG","SE"
77,17,41,"RG","SE"
494,8,41,"RG","SE"
516,4,41,"RG","SE"
392,1,41,"RG","SE"
401,1,41,"RG","SE"
489,4,41,"RG","SE"
80,6,41,"RG","SE"
49,1,41,"RG","SE"
128,1,41,"RG","SE"
196,2,41,"RG","SE"
435,2,41,"RG","SE"
141,2,41,"RG","SE"
351,1,41,"RG","SE"
36,3,41,"RG","SE"
534,3,41,"RG","SE"
194,1,41,"RG","SE"
149,1,41,"RG","SE"
185,1,41,"RG","SE"
32,6,41,"RG","SE"
395,1,41,"RG","SE"
294,3,41,"RG","SE"
222,2,41,"RG","SE"
322,3,41,"RG","SE"
504,10,41,"RG","SE"
510,9,41,"RG","SE"
19,5,41,"RG","SE"
367,2,42,"RG","SE"
488,6,42,"RG","SE"
16,3,42,"RG","SE"
248,5,42,"RG","SE"
445,10,42,"RG","SE"
419,1,42,"RG","SE"
42,1,42,"RG","SE"
531,2,42,"RG","SE"
258,1,42,"RG","SE"
544,1,42,"RG","SE"
101,1,42,"RG","SE"
12,11,42,"RG","SE"
479,6,42,"RG","SE"
105,1,42,"RG","SE"
253,1,42,"RG","SE"
223,1,42,"RG","SE"
357,1,42,"RG","SE"
304,2,42,"RG","SE"
85,15,42,"RG","SE"
128,1,42,"RG","SE"
129,2,42,"RG","SE"
389,3,42,"RG","SE"
525,9,42,"RG","SE"
421,4,42,"RG","SE"
455,3,42,"RG","SE"
286,1,42,"RG","SE"
131,1,42,"RG","SE"
430,1,42,"RG","SE"
361,3,42,"RG","SE"
483,5,42,"RG","SE"
514,6,42,"RG","SE"
456,1,43,"RG","SE"
510,9,43,"RG","SE"
457,2,43,"RG","SE"
111,1,43,"RG","SE"
452,1,43,"RG","SE"
232,4,43,"RG","SE"
404,1,43,"RG","SE"
455,3,43,"RG","SE"
143,1,43,"RG","SE"
302,2,43,"RG","SE"
441,1,43,"RG","SE"
467,4,43,"RG","SE"
191,1,43,"RG","SE"
399,1,43,"RG","SE"
145,1,43,"RG","SE"
498,25,43,"RG","SE"
548,1,43,"RG","SE"
116,1,43,"RG","SE"
380,2,43,"RG","SE"
410,2,43,"RG","SE"
157,1,43,"RG","SE"
430,1,43,"RG","SE"
65,4,43,"RG","SE"
304,2,43,"RG","SE"
417,1,43,"RG","SE"
540,8,43,"RG","SE"
471,3,43,"RG","SE"
363,2,43,"RG","SE"
247,3,43,"RG","SE"
148,1,43,"RG","SE"
190,1,43,"RG","SE"
119,1,44,"RG","SE"
344,1,44,"RG","SE"
291,1,44,"RG","SE"
387,1,44,"RG","SE"
502,7,44,"RG","SE"
529,5,44,"RG","SE"
80,6,44,"RG","SE"
374,2,44,"RG","SE"
225,1,44,"RG","SE"
87,1,44,"RG","SE"
185,1,44,"RG","SE"
547,1,44,"RG","SE"
20,7,44,"RG","SE"
488,6,44,"RG","SE"
523,4,44,"RG","SE"
505,11,44,"RG","SE"
438,6,44,"RG","SE"
322,3,44,"RG","SE"
527,8,44,"RG","SE"
510,9,44,"RG","SE"
377,2,44,"RG","SE"
32,6,44,"RG","SE"
130,1,44,"RG","SE"
186,2,44,"RG","SE"
479,6,44,"RG","SE"
365,2,44,"RG","SE"
513,6,44,"RG","SE"
61,50,44,"RG","SE"
14,30,44,"RG","SE"
247,3,44,"RG","SE"
242,1,44,"RG","SE"
524,2,45,"RG","SE"
422,4,45,"RG","SE"
123,4,45,"RG","SE"
510,9,45,"RG","SE"
33,12,45,"RG","SE"
269,1,45,"RG","SE"
203,1,45,"RG","SE"
19,5,45,"RG","SE"
538,2,45,"RG","SE"
26,59,45,"RG","SE"
237,1,45,"RG","SE"
369,2,45,"RG","SE"
243,2,45,"RG","SE"
526,2,45,"RG","SE"
482,5,45,"RG","SE"
404,1,45,"RG","SE"
132,1,45,"RG","SE"
247,3,45,"RG","SE"
387,1,45,"RG","SE"
49,1,45,"RG","SE"
502,7,45,"RG","SE"
11,27,45,"RG","SE"
441,1,45,"RG","SE"
87,1,45,"RG","SE"
469,5,45,"RG","SE"
531,2,45,"RG","SE"
523,4,45,"RG","SE"
361,3,45,"RG","SE"
481,2,45,"RG","SE"
282,1,45,"RG","SE"
317,2,45,"RG","SE"
389,3,46,"RG","SE"
294,3,46,"RG","SE"
104,2,46,"RG","SE"
462,1,46,"RG","SE"
436,1,46,"RG","SE"
158,3,46,"RG","SE"
252,2,46,"RG","SE"
505,11,46,"RG","SE"
523,4,46,"RG","SE"
273,1,46,"RG","SE"
547,1,46,"RG","SE"
309,1,46,"RG","SE"
142,1,46,"RG","SE"
194,1,46,"RG","SE"
516,4,46,"RG","SE"
269,1,46,"RG","SE"
106,1,46,"RG","SE"
76,4,46,"RG","SE"
276,3,46,"RG","SE"
458,1,46,"RG","SE"
313,3,46,"RG","SE"
486,5,46,"RG","SE"
357,1,46,"RG","SE"
222,2,46,"RG","SE"
183,3,46,"RG","SE"
20,7,46,"RG","SE"
532,5,46,"RG","SE"
517,6,46,"RG","SE"
519,3,46,"RG","SE"
419,1,46,"RG","SE"
302,2,46,"RG","SE"
374,2,47,"RG","SE"
526,2,47,"RG","SE"
11,27,47,"RG","SE"
15,2,47,"RG","SE"
502,7,47,"RG","SE"
319,1,47,"RG","SE"
330,1,47,"RG","SE"
529,5,47,"RG","SE"
257,1,47,"RG","SE"
531,2,47,"RG","SE"
253,1,47,"RG","SE"
369,2,47,"RG","SE"
539,1,47,"RG","SE"
367,2,47,"RG","SE"
455,3,47,"RG","SE"
102,1,47,"RG","SE"
194,1,47,"RG","SE"
318,3,47,"RG","SE"
17,5,47,"RG","SE"
22,4,47,"RG","SE"
20,7,47,"RG","SE"
42,1,47,"RG","SE"
430,1,47,"RG","SE"
27,2,47,"RG","SE"
193,2,47,"RG","SE"
249,2,47,"RG","SE"
255,1,47,"RG","SE"
490,4,47,"RG","SE"
72,9,47,"RG","SE"
528,5,47,"RG","SE"
235,1,47,"RG","SE"
548,1,48,"RG","SE"
105,1,48,"RG","SE"
123,4,48,"RG","SE"
16,3,48,"RG","SE"
160,1,48,"RG","SE"
102,1,48,"RG","SE"
490,4,48,"RG","SE"
193,2,48,"RG","SE"
404,1,48,"RG","SE"
86,2,48,"RG","SE"
87,1,48,"RG","SE"
10,1,48,"RG","SE"
305,1,48,"RG","SE"
124,4,48,"RG","SE"
541,8,48,"RG","SE"
185,1,48,"RG","SE"
458,1,48,"RG","SE"
199,1,48,"RG","SE"
523,4,48,"RG","SE"
505,11,48,"RG","SE"
291,1,48,"RG","SE"
519,3,48,"RG","SE"
225,1,48,"RG","SE"
76,4,48,"RG","SE"
502,7,48,"RG","SE"
381,3,48,"RG","SE"
349,1,48,"RG","SE"
480,6,48,"RG","SE"
392,1,48,"RG","SE"
146,1,48,"RG","SE"
358,16,48,"RG","SE"
470,5,49,"RG","SE"
351,1,49,"RG","SE"
319,1,49,"RG","SE"
529,5,49,"RG","SE"
489,4,49,"RG","SE"
296,1,49,"RG","SE"
456,1,49,"RG","SE"
144,1,49,"RG","SE"
27,2,49,"RG","SE"
380,2,49,"RG","SE"
42,1,49,"RG","SE"
116,1,49,"RG","SE"
533,5,49,"RG","SE"
179,12,49,"RG","SE"
168,1,49,"RG","SE"
328,1,49,"RG","SE"
87,1,49,"RG","SE"
284,1,49,"RG","SE"
457,2,49,"RG","SE"
258,1,49,"RG","SE"
214,1,49,"RG","SE"
153,1,49,"RG","SE"
61,50,49,"RG","SE"
447,4,49,"RG","SE"
340,1,49,"RG","SE"
527,8,49,"RG","SE"
349,1,49,"RG","SE"
481,2,49,"RG","SE"
245,1,49,"RG","SE"
10,1,49,"RG","SE"
14,30,49,"RG","SE"
122,2,50,"RG","SE"
496,22,50,"RG","SE"
21,7,50,"RG","SE"
68,5,50,"RG","SE"
61,50,50,"RG","SE"
344,1,50,"RG","SE"
433,2,50,"RG","SE"
28,50,50,"RG","SE"
85,15,50,"RG","SE"
357,1,50,"RG","SE"
65,4,50,"RG","SE"
33,12,50,"RG","SE"
513,6,50,"RG","SE"
471,3,50,"RG","SE"
78,21,50,"RG","SE"
544,1,50,"RG","SE"
198,2,50,"RG","SE"
437,1,50,"RG","SE"
533,5,50,"RG","SE"
169,1,50,"RG","SE"
527,8,50,"RG","SE"
140,1,50,"RG","SE"
282,1,50,"RG","SE"
36,3,50,"RG","SE"
20,7,50,"RG","SE"
277,1,50,"RG","SE"
421,4,50,"RG","SE"
365,2,50,"RG","SE"
480,6,50,"RG","SE"
203,1,50,"RG","SE"
145,1,50,"RG","SE"
191,1,51,"RG","SE"
160,1,51,"RG","SE"
16,3,51,"RG","SE"
25,1,51,"RG","SE"
83,2,51,"RG","SE"
387,1,51,"RG","SE"
45,1,51,"RG","SE"
447,4,51,"RG","SE"
277,1,51,"RG","SE"
539,1,51,"RG","SE"
319,1,51,"RG","SE"
399,1,51,"RG","SE"
535,3,51,"RG","SE"
486,5,51,"RG","SE"
467,4,51,"RG","SE"
257,1,51,"RG","SE"
301,1,51,"RG","SE"
22,4,51,"RG","SE"
463,1,51,"RG","SE"
345,1,51,"RG","SE"
33,12,51,"RG","SE"
235,1,51,"RG","SE"
249,2,51,"RG","SE"
248,5,51,"RG","SE"
141,2,51,"RG","SE"
344,1,51,"RG","SE"
365,2,51,"RG","SE"
76,4,51,"RG","SE"
382,1,51,"RG","SE"
541,8,51,"RG","SE"
340,1,51,"RG","SE"
61,50,52,"RG","SE"
76,4,52,"RG","SE"
38,3,52,"RG","SE"
461,1,52,"RG","SE"
78,21,52,"RG","SE"
351,1,52,"RG","SE"
422,4,52,"RG","SE"
27,2,52,"RG","SE"
143,1,52,"RG","SE"
19,5,52,"RG","SE"
514,6,52,"RG","SE"
20,7,52,"RG","SE"
533,5,52,"RG","SE"
357,1,52,"RG","SE"
155,1,52,"RG","SE"
539,1,52,"RG","SE"
253,1,52,"RG","SE"
250,1,52,"RG","SE"
381,3,52,"RG","SE"
401,1,52,"RG","SE"
278,1,52,"RG","SE"
516,4,52,"RG","SE"
370,1,52,"RG","SE"
199,1,52,"RG","SE"
151,1,52,"RG","SE"
13,1,52,"RG","SE"
465,1,52,"RG","SE"
153,1,52,"RG","SE"
11,27,52,"RG","SE"
482,5,52,"RG","SE"
433,2,52,"RG","SE"
61,50,53,"RG","SE"
541,8,53,"RG","SE"
410,2,53,"RG","SE"
426,4,53,"RG","SE"
528,5,53,"RG","SE"
242,1,53,"RG","SE"
5,4,53,"RG","SE"
112,4,53,"RG","SE"
525,9,53,"RG","SE"
209,1,53,"RG","SE"
10,1,53,"RG","SE"
257,1,53,"RG","SE"
42,1,53,"RG","SE"
505,11,53,"RG","SE"
286,1,53,"RG","SE"
124,4,53,"RG","SE"
296,1,53,"RG","SE"
415,1,53,"RG","SE"
49,1,53,"RG","SE"
106,1,53,"RG","SE"
318,3,53,"RG","SE"
16,3,53,"RG","SE"
487,4,53,"RG","SE"
194,1,53,"RG","SE"
170,1,53,"RG","SE"
247,3,53,"RG","SE"
80,6,53,"RG","SE"
86,2,53,"RG","SE"
101,1,53,"RG","SE"
155,1,53,"RG","SE"
171,1,53,"RG","SE"
458,1,54,"RG","SE"
361,3,54,"RG","SE"
318,3,54,"RG","SE"
269,1,54,"RG","SE"
501,17,54,"RG","SE"
111,1,54,"RG","SE"
235,1,54,"RG","SE"
168,1,54,"RG","SE"
304,2,54,"RG","SE"
296,1,54,"RG","SE"
471,3,54,"RG","SE"
417,1,54,"RG","SE"
436,1,54,"RG","SE"
387,1,54,"RG","SE"
72,9,54,"RG","SE"
381,3,54,"RG","SE"
378,1,54,"RG","SE"
61,50,54,"RG","SE"
455,3,54,"RG","SE"
341,2,54,"RG","SE"
377,2,54,"RG","SE"
276,3,54,"RG","SE"
198,2,54,"RG","SE"
14,30,54,"RG","SE"
303,6,54,"RG","SE"
282,1,54,"RG","SE"
49,1,54,"RG","SE"
357,1,54,"RG","SE"
141,2,54,"RG","SE"
87,1,54,"RG","SE"
158,3,54,"RG","SE"
13,1,55,"RG","SE"
279,1,55,"RG","SE"
303,6,55,"RG","SE"
517,6,55,"RG","SE"
91,5,55,"RG","SE"
312,1,55,"RG","SE"
4,5,55,"RG","SE"
86,2,55,"RG","SE"
456,1,55,"RG","SE"
3,5,55,"RG","SE"
341,2,55,"RG","SE"
369,2,55,"RG","SE"
266,1,55,"RG","SE"
539,1,55,"RG","SE"
254,1,55,"RG","SE"
317,2,55,"RG","SE"
248,5,55,"RG","SE"
441,1,55,"RG","SE"
151,1,55,"RG","SE"
351,1,55,"RG","SE"
515,4,55,"RG","SE"
435,2,55,"RG","SE"
500,22,55,"RG","SE"
21,7,55,"RG","SE"
390,1,55,"RG","SE"
494,8,55,"RG","SE"
419,1,55,"RG","SE"
128,1,55,"RG","SE"
431,1,55,"RG","SE"
155,1,55,"RG","SE"
170,1,55,"RG","SE"
305,1,56,"RG","SE"
476,1,56,"RG","SE"
484,4,56,"RG","SE"
304,2,56,"RG","SE"
465,1,56,"RG","SE"
112,4,56,"RG","SE"
441,1,56,"RG","SE"
534,3,56,"RG","SE"
365,2,56,"RG","SE"
171,1,56,"RG","SE"
366,1,56,"RG","SE"
381,3,56,"RG","SE"
108,1,56,"RG","SE"
25,1,56,"RG","SE"
349,1,56,"RG","SE"
38,3,56,"RG","SE"
461,1,56,"RG","SE"
61,50,56,"RG","SE"
179,12,56,"RG","SE"
76,4,56,"RG","SE"
194,1,56,"RG","SE"
157,1,56,"RG","SE"
377,2,56,"RG","SE"
508,14,56,"RG","SE"
332,1,56,"RG","SE"
104,2,56,"RG","SE"
196,2,56,"RG","SE"
425,4,56,"RG","SE"
369,2,56,"RG","SE"
430,1,56,"RG","SE"
514,6,56,"RG","SE"
54,39,57,"RG","SE"
277,1,57,"RG","SE"
115,1,57,"RG","SE"
368,1,57,"RG","SE"
185,1,57,"RG","SE"
104,2,57,"RG","SE"
22,4,57,"RG","SE"
42,1,57,"RG","SE"
526,2,57,"RG","SE"
341,2,57,"RG","SE"
447,4,57,"RG","SE"
545,1,57,"RG","SE"
520,2,57,"RG","SE"
160,1,57,"RG","SE"
173,2,57,"RG","SE"
146,1,57,"RG","SE"
14,30,57,"RG","SE"
191,1,57,"RG","SE"
110,1,57,"RG","SE"
273,1,57,"RG","SE"
422,4,57,"RG","SE"
196,2,57,"RG","SE"
328,1,57,"RG","SE"
5,4,57,"RG","SE"
296,1,57,"RG","SE"
365,2,57,"RG","SE"
179,12,57,"RG","SE"
141,2,57,"RG","SE"
523,4,57,"RG","SE"
479,6,57,"RG","SE"
111,1,57,"RG","SE"
146,1,58,"RG","SE"
489,4,58,"RG","SE"
368,1,58,"RG","SE"
477,4,58,"RG","SE"
504,10,58,"RG","SE"
525,9,58,"RG","SE"
123,4,58,"RG","SE"
89,1,58,"RG","SE"
261,3,58,"RG","SE"
319,1,58,"RG","SE"
441,1,58,"RG","SE"
345,1,58,"RG","SE"
15,2,58,"RG","SE"
199,1,58,"RG","SE"
363,2,58,"RG","SE"
190,1,58,"RG","SE"
439,1,58,"RG","SE"
435,2,58,"RG","SE"
487,4,58,"RG","SE"
510,9,58,"RG","SE"
354,2,58,"RG","SE"
166,1,58,"RG","SE"
330,1,58,"RG","SE"
116,1,58,"RG","SE"
255,1,58,"RG","SE"
415,1,58,"RG","SE"
501,17,58,"RG","SE"
204,2,58,"RG","SE"
222,2,58,"RG","SE"
445,10,58,"RG","SE"
505,11,58,"RG","SE"
160,1,59,"RG","SE"
282,1,59,"RG","SE"
89,1,59,"RG","SE"
319,1,59,"RG","SE"
343,9,59,"RG","SE"
486,5,59,"RG","SE"
504,10,59,"RG","SE"
151,1,59,"RG","SE"
17,5,59,"RG","SE"
348,2,59,"RG","SE"
344,1,59,"RG","SE"
147,1,59,"RG","SE"
175,1,59,"RG","SE"
440,1,59,"RG","SE"
484,4,59,"RG","SE"
207,1,59,"RG","SE"
480,6,59,"RG","SE"
308,2,59,"RG","SE"
277,1,59,"RG","SE"
317,2,59,"RG","SE"
523,4,59,"RG","SE"
65,4,59,"RG","SE"
219,1,59,"RG","SE"
80,6,59,"RG","SE"
106,1,59,"RG","SE"
64,9,59,"RG","SE"
19,5,59,"RG","SE"
148,1,59,"RG","SE"
304,2,59,"RG","SE"
15,2,59,"RG","SE"
340,1,59,"RG","SE"
476,1,60,"RG","SE"
155,1,60,"RG","SE"
332,1,60,"RG","SE"
504,10,60,"RG","SE"
132,1,60,"RG","SE"
484,4,60,"RG","SE"
148,1,60,"RG","SE"
509,3,60,"RG","SE"
33,12,60,"RG","SE"
106,1,60,"RG","SE"
196,2,60,"RG","SE"
285,3,60,"RG","SE"
506,7,60,"RG","SE"
496,22,60,"RG","SE"
283,1,60,"RG","SE"
190,1,60,"RG","SE"
68,5,60,"RG","SE"
410,2,60,"RG","SE"
466,1,60,"RG","SE"
145,1,60,"RG","SE"
529,5,60,"RG","SE"
547,1,60,"RG","SE"
317,2,60,"RG","SE"
12,11,60,"RG","SE"
535,3,60,"RG","SE"
103,1,60,"RG","SE"
471,3,60,"RG","SE"
526,2,60,"RG","SE"
436,1,60,"RG","SE"
115,1,60,"RG","SE"
282,1,60,"RG","SE"
112,4,61,"RG","SE"
539,1,61,"RG","SE"
85,15,61,"RG","SE"
131,1,61,"RG","SE"
61,50,61,"RG","SE"
33,12,61,"RG","SE"
313,3,61,"RG","SE"
269,1,61,"RG","SE"
250,1,61,"RG","SE"
548,1,61,"RG","SE"
125,1,61,"RG","SE"
365,2,61,"RG","SE"
470,5,61,"RG","SE"
528,5,61,"RG","SE"
57,9,61,"RG","SE"
479,6,61,"RG","SE"
148,1,61,"RG","SE"
91,5,61,"RG","SE"
164,6,61,"RG","SE"
439,1,61,"RG","SE"
504,10,61,"RG","SE"
209,1,61,"RG","SE"
481,2,61,"RG","SE"
389,3,61,"RG","SE"
533,5,61,"RG","SE"
244,3,61,"RG","SE"
111,1,61,"RG","SE"
514,6,61,"RG","SE"
22,4,61,"RG","SE"
140,1,61,"RG","SE"
249,2,61,"RG","SE"
191,1,62,"RG","SE"
419,1,62,"RG","SE"
505,11,62,"RG","SE"
445,10,62,"RG","SE"
68,5,62,"RG","SE"
72,9,62,"RG","SE"
142,1,62,"RG","SE"
170,1,62,"RG","SE"
517,6,62,"RG","SE"
476,1,62,"RG","SE"
28,50,62,"RG","SE"
354,2,62,"RG","SE"
494,8,62,"RG","SE"
493,7,62,"RG","SE"
422,4,62,"RG","SE"
380,2,62,"RG","SE"
203,1,62,"RG","SE"
67,9,62,"RG","SE"
397,1,62,"RG","SE"
463,1,62,"RG","SE"
266,1,62,"RG","SE"
529,5,62,"RG","SE"
284,1,62,"RG","SE"
12,11,62,"RG","SE"
302,2,62,"RG","SE"
196,2,62,"RG","SE"
86,2,62,"RG","SE"
286,1,62,"RG","SE"
22,4,62,"RG","SE"
535,3,62,"RG","SE"
183,3,62,"RG","SE"
277,1,63,"RG","SE"
51,2,63,"RG","SE"
534,3,63,"RG","SE"
86,2,63,"RG","SE"
242,1,63,"RG","SE"
147,1,63,"RG","SE"
395,1,63,"RG","SE"
490,4,63,"RG","SE"
25,1,63,"RG","SE"
85,15,63,"RG","SE"
435,2,63,"RG","SE"
422,4,63,"RG","SE"
547,1,63,"RG","SE"
191,1,63,"RG","SE"
470,5,63,"RG","SE"
194,1,63,"RG","SE"
474,1,63,"RG","SE"
87,1,63,"RG","SE"
368,1,63,"RG","SE"
110,1,63,"RG","SE"
515,4,63,"RG","SE"
175,1,63,"RG","SE"
72,9,63,"RG","SE"
387,1,63,"RG","SE"
19,5,63,"RG","SE"
399,1,63,"RG","SE"
520,2,63,"RG","SE"
257,1,63,"RG","SE"
367,2,63,"RG","SE"
301,1,63,"RG","SE"
532,5,63,"RG","SE"
160,1,64,"RG","SE"
328,1,64,"RG","SE"
508,14,64,"RG","SE"
264,1,64,"RG","SE"
245,1,64,"RG","SE"
129,2,64,"RG","SE"
477,4,64,"RG","SE"
462,1,64,"RG","SE"
461,1,64,"RG","SE"
489,4,64,"RG","SE"
116,1,64,"RG","SE"
531,2,64,"RG","SE"
517,6,64,"RG","SE"
322,3,64,"RG","SE"
500,22,64,"RG","SE"
250,1,64,"RG","SE"
525,9,64,"RG","SE"
447,4,64,"RG","SE"
493,7,64,"RG","SE"
190,1,64,"RG","SE"
528,5,64,"RG","SE"
326,2,64,"RG","SE"
418,1,64,"RG","SE"
164,6,64,"RG","SE"
482,5,64,"RG","SE"
296,1,64,"RG","SE"
367,2,64,"RG","SE"
303,6,64,"RG","SE"
27,2,64,"RG","SE"
223,1,64,"RG","SE"
458,1,64,"RG","SE"
358,16,65,"RG","SE"
235,1,65,"RG","SE"
207,1,65,"RG","SE"
490,4,65,"RG","SE"
500,22,65,"RG","SE"
14,30,65,"RG","SE"
305,1,65,"RG","SE"
519,3,65,"RG","SE"
4,5,65,"RG","SE"
541,8,65,"RG","SE"
149,1,65,"RG","SE"
13,1,65,"RG","SE"
515,4,65,"RG","SE"
301,1,65,"RG","SE"
308,2,65,"RG","SE"
253,1,65,"RG","SE"
528,5,65,"RG","SE"
145,1,65,"RG","SE"
538,2,65,"RG","SE"
471,3,65,"RG","SE"
170,1,65,"RG","SE"
144,1,65,"RG","SE"
153,1,65,"RG","SE"
357,1,65,"RG","SE"
436,1,65,"RG","SE"
122,2,65,"RG","SE"
501,17,65,"RG","SE"
223,1,65,"RG","SE"
481,2,65,"RG","SE"
455,3,65,"RG","SE"
531,2,65,"RG","SE"
410,2,66,"RG","SE"
545,1,66,"RG","SE"
519,3,66,"RG","SE"
302,2,66,"RG","SE"
349,1,66,"RG","SE"
257,1,66,"RG","SE"
422,4,66,"RG","SE"
7,21,66,"RG","SE"
514,6,66,"RG","SE"
173,2,66,"RG","SE"
381,3,66,"RG","SE"
438,6,66,"RG","SE"
477,4,66,"RG","SE"
130,1,66,"RG","SE"
455,3,66,"RG","SE"
42,1,66,"RG","SE"
517,6,66,"RG","SE"
305,1,66,"RG","SE"
372,1,66,"RG","SE"
524,2,66,"RG","SE"
225,1,66,"RG","SE"
490,4,66,"RG","SE"
142,1,66,"RG","SE"
345,1,66,"RG","SE"
68,5,66,"RG","SE"
308,2,66,"RG","SE"
245,1,66,"RG","SE"
294,3,66,"RG","SE"
435,2,66,"RG","SE"
486,5,66,"RG","SE"
87,1,66,"RG","SE"
11,27,67,"RG","SE"
348,2,67,"RG","SE"
196,2,67,"RG","SE"
502,7,67,"RG","SE"
85,15,67,"RG","SE"
524,2,67,"RG","SE"
489,4,67,"RG","SE"
486,5,67,"RG","SE"
366,1,67,"RG","SE"
214,1,67,"RG","SE"
370,1,67,"RG","SE"
514,6,67,"RG","SE"
540,8,67,"RG","SE"
27,2,67,"RG","SE"
357,1,67,"RG","SE"
382,1,67,"RG","SE"
470,5,67,"RG","SE"
17,5,67,"RG","SE"
441,1,67,"RG","SE"
198,2,67,"RG","SE"
108,1,67,"RG","SE"
304,2,67,"RG","SE"
482,5,67,"RG","SE"
123,4,67,"RG","SE"
166,1,67,"RG","SE"
363,2,67,"RG","SE"
175,1,67,"RG","SE"
500,22,67,"RG","SE"
191,1,67,"RG","SE"
151,1,67,"RG","SE"
277,1,67,"RG","SE"
245,1,68,"RG","SE"
202,1,68,"RG","SE"
169,1,68,"RG","SE"
65,4,68,"RG","SE"
523,4,68,"RG","SE"
374,2,68,"RG","SE"
173,2,68,"RG","SE"
341,2,68,"RG","SE"
294,3,68,"RG","SE"
45,1,68,"RG","SE"
401,1,68,"RG","SE"
540,8,68,"RG","SE"
166,1,68,"RG","SE"
354,2,68,"RG","SE"
254,1,68,"RG","SE"
112,4,68,"RG","SE"
249,2,68,"RG","SE"
544,1,68,"RG","SE"
157,1,68,"RG","SE"
390,1,68,"RG","SE"
452,1,68,"RG","SE"
144,1,68,"RG","SE"
237,1,68,"RG","SE"
504,10,68,"RG","SE"
179,12,68,"RG","SE"
244,3,68,"RG","SE"
141,2,68,"RG","SE"
469,5,68,"RG","SE"
5,4,68,"RG","SE"
505,11,68,"RG","SE"
508,14,68,"RG","SE"
250,1,69,"RG","SE"
344,1,69,"RG","SE"
27,2,69,"RG","SE"
286,1,69,"RG","SE"
38,3,69,"RG","SE"
187,1,69,"RG","SE"
294,3,69,"RG","SE"
328,1,69,"RG","SE"
382,1,69,"RG","SE"
305,1,69,"RG","SE"
44,30,69,"RG","SE"
341,2,69,"RG","SE"
255,1,69,"RG","SE"
285,3,69,"RG","SE"
249,2,69,"RG","SE"
397,1,69,"RG","SE"
57,9,69,"RG","SE"
243,2,69,"RG","SE"
303,6,69,"RG","SE"
313,3,69,"RG","SE"
498,25,69,"RG","SE"
469,5,69,"RG","SE"
531,2,69,"RG","SE"
529,5,69,"RG","SE"
104,2,69,"RG","SE"
20,7,69,"RG","SE"
421,4,69,"RG","SE"
123,4,69,"RG","SE"
390,1,69,"RG","SE"
488,6,69,"RG","SE"
199,1,69,"RG","SE"
425,4,70,"RG","SE"
380,2,70,"RG","SE"
502,7,70,"RG","SE"
223,1,70,"RG","SE"
304,2,70,"RG","SE"
462,1,70,"RG","SE"
476,1,70,"RG","SE"
193,2,70,"RG","SE"
529,5,70,"RG","SE"
199,1,70,"RG","SE"
83,2,70,"RG","SE"
538,2,70,"RG","SE"
514,6,70,"RG","SE"
116,1,70,"RG","SE"
166,1,70,"RG","SE"
252,2,70,"RG","SE"
365,2,70,"RG","SE"
548,1,70,"RG","SE"
7,21,70,"RG","SE"
101,1,70,"RG","SE"
125,1,70,"RG","SE"
376,3,70,"RG","SE"
13,1,70,"RG","SE"
501,17,70,"RG","SE"
318,3,70,"RG","SE"
523,4,70,"RG","SE"
415,1,70,"RG","SE"
399,1,70,"RG","SE"
122,2,70,"RG","SE"
539,1,70,"RG","SE"
141,2,70,"RG","SE"
389,3,71,"RG","SE"
312,1,71,"RG","SE"
397,1,71,"RG","SE"
199,1,71,"RG","SE"
72,9,71,"RG","SE"
525,9,71,"RG","SE"
171,1,71,"RG","SE"
433,2,71,"RG","SE"
83,2,71,"RG","SE"
541,8,71,"RG","SE"
106,1,71,"RG","SE"
523,4,71,"RG","SE"
533,5,71,"RG","SE"
517,6,71,"RG","SE"
194,1,71,"RG","SE"
332,1,71,"RG","SE"
387,1,71,"RG","SE"
102,1,71,"RG","SE"
461,1,71,"RG","SE"
372,1,71,"RG","SE"
25,1,71,"RG","SE"
116,1,71,"RG","SE"
418,1,71,"RG","SE"
16,3,71,"RG","SE"
283,1,71,"RG","SE"
190,1,71,"RG","SE"
13,1,71,"RG","SE"
505,11,71,"RG","SE"
374,2,71,"RG","SE"
462,1,71,"RG","SE"
486,5,71,"RG","SE"
168,1,72,"RG","SE"
367,2,72,"RG","SE"
235,1,72,"RG","SE"
111,1,72,"RG","SE"
67,9,72,"RG","SE"
326,2,72,"RG","SE"
368,1,72,"RG","SE"
5,4,72,"RG","SE"
504,10,72,"RG","SE"
242,1,72,"RG","SE"
115,1,72,"RG","SE"
72,9,72,"RG","SE"
482,5,72,"RG","SE"
123,4,72,"RG","SE"
404,1,72,"RG","SE"
527,8,72,"RG","SE"
269,1,72,"RG","SE"
26,59,72,"RG","SE"
199,1,72,"RG","SE"
471,3,72,"RG","SE"
129,2,72,"RG","SE"
245,1,72,"RG","SE"
248,5,72,"RG","SE"
533,5,72,"RG","SE"
399,1,72,"RG","SE"
494,8,72,"RG","SE"
397,1,72,"RG","SE"
171,1,72,"RG","SE"
372,1,72,"RG","SE"
112,4,72,"RG","SE"
223,1,72,"RG","SE"
214,1,73,"RG","SE"
186,2,73,"RG","SE"
308,2,73,"RG","SE"
352,2,73,"RG","SE"
44,30,73,"RG","SE"
282,1,73,"RG","SE"
119,1,73,"RG","SE"
76,4,73,"RG","SE"
390,1,73,"RG","SE"
344,1,73,"RG","SE"
111,1,73,"RG","SE"
140,1,73,"RG","SE"
245,1,73,"RG","SE"
108,1,73,"RG","SE"
301,1,73,"RG","SE"
10,1,73,"RG","SE"
501,17,73,"RG","SE"
357,1,73,"RG","SE"
125,1,73,"RG","SE"
413,1,73,"RG","SE"
404,1,73,"RG","SE"
431,1,73,"RG","SE"
14,30,73,"RG","SE"
131,1,73,"RG","SE"
376,3,73,"RG","SE"
193,2,73,"RG","SE"
151,1,73,"RG","SE"
128,1,73,"RG","SE"
484,4,73,"RG","SE"
490,4,73,"RG","SE"
456,1,73,"RG","SE"
3,5,74,"RG","SE"
131,1,74,"RG","SE"
147,1,74,"RG","SE"
487,4,74,"RG","SE"
309,1,74,"RG","SE"
26,59,74,"RG","SE"
128,1,74,"RG","SE"
484,4,74,"RG","SE"
410,2,74,"RG","SE"
517,6,74,"RG","SE"
14,30,74,"RG","SE"
461,1,74,"RG","SE"
25,1,74,"RG","SE"
481,2,74,"RG","SE"
533,5,74,"RG","SE"
259,6,74,"RG","SE"
381,3,74,"RG","SE"
225,1,74,"RG","SE"
387,1,74,"RG","SE"
340,1,74,"RG","SE"
480,6,74,"RG","SE"
494,8,74,"RG","SE"
64,9,74,"RG","SE"
7,21,74,"RG","SE"
170,1,74,"RG","SE"
514,6,74,"RG","SE"
535,3,74,"RG","SE"
110,1,74,"RG","SE"
111,1,74,"RG","SE"
32,6,74,"RG","SE"
264,1,74,"RG","SE"
372,1,75,"RG","SE"
365,2,75,"RG","SE"
130,1,75,"RG","SE"
86,2,75,"RG","SE"
110,1,75,"RG","SE"
268,1,75,"RG","SE"
131,1,75,"RG","SE"
529,5,75,"RG","SE"
452,1,75,"RG","SE"
209,1,75,"RG","SE"
352,2,75,"RG","SE"
146,1,75,"RG","SE"
548,1,75,"RG","SE"
7,21,75,"RG","SE"
415,1,75,"RG","SE"
278,1,75,"RG","SE"
467,4,75,"RG","SE"
345,1,75,"RG","SE"
486,5,75,"RG","SE"
26,59,75,"RG","SE"
382,1,75,"RG","SE"
471,3,75,"RG","SE"
250,1,75,"RG","SE"
158,3,75,"RG","SE"
465,1,75,"RG","SE"
16,3,75,"RG","SE"
349,1,75,"RG","SE"
36,3,75,"RG","SE"
155,1,75,"RG","SE"
426,4,75,"RG","SE"
357,1,75,"RG","SE"
390,1,76,"RG","SE"
312,1,76,"RG","SE"
410,2,76,"RG","SE"
539,1,76,"RG","SE"
266,1,76,"RG","SE"
310,1,76,"RG","SE"
305,1,76,"RG","SE"
32,6,76,"RG","SE"
433,2,76,"RG","SE"
17,5,76,"RG","SE"
123,4,76,"RG","SE"
199,1,76,"RG","SE"
488,6,76,"RG","SE"
439,1,76,"RG","SE"
436,1,76,"RG","SE"
54,39,76,"RG","SE"
404,1,76,"RG","SE"
457,2,76,"RG","SE"
49,1,76,"RG","SE"
426,4,76,"RG","SE"
389,3,76,"RG","SE"
264,1,76,"RG","SE"
149,1,76,"RG","SE"
308,2,76,"RG","SE"
194,1,76,"RG","SE"
126,3,76,"RG","SE"
366,1,76,"RG","SE"
313,3,76,"RG","SE"
447,4,76,"RG","SE"
282,1,76,"RG","SE"
431,1,76,"RG","SE"
404,1,77,"RG","SE"
372,1,77,"RG","SE"
517,6,77,"RG","SE"
157,1,77,"RG","SE"
249,2,77,"RG","SE"
508,14,77,"RG","SE"
419,1,77,"RG","SE"
27,2,77,"RG","SE"
78,21,77,"RG","SE"
237,1,77,"RG","SE"
171,1,77,"RG","SE"
496,22,77,"RG","SE"
19,5,77,"RG","SE"
484,4,77,"RG","SE"
22,4,77,"RG","SE"
264,1,77,"RG","SE"
169,1,77,"RG","SE"
49,1,77,"RG","SE"
128,1,77,"RG","SE"
7,21,77,"RG","SE"
502,7,77,"RG","SE"
351,1,77,"RG","SE"
124,4,77,"RG","SE"
326,2,77,"RG","SE"
415,1,77,"RG","SE"
349,1,77,"RG","SE"
519,3,77,"RG","SE"
534,3,77,"RG","SE"
166,1,77,"RG","SE"
461,1,77,"RG","SE"
54,39,77,"RG","SE"
534,3,78,"RG","SE"
187,1,78,"RG","SE"
410,2,78,"RG","SE"
540,8,78,"RG","SE"
344,1,78,"RG","SE"
225,1,78,"RG","SE"
89,1,78,"RG","SE"
268,1,78,"RG","SE"
317,2,78,"RG","SE"
160,1,78,"RG","SE"
245,1,78,"RG","SE"
508,14,78,"RG","SE"
457,2,78,"RG","SE"
144,1,78,"RG","SE"
486,5,78,"RG","SE"
15,2,78,"RG","SE"
284,1,78,"RG","SE"
531,2,78,"RG","SE"
326,2,78,"RG","SE"
243,2,78,"RG","SE"
488,6,78,"RG","SE"
148,1,78,"RG","SE"
273,1,78,"RG","SE"
57,9,78,"RG","SE"
505,11,78,"RG","SE"
441,1,78,"RG","SE"
125,1,78,"RG","SE"
501,17,78,"RG","SE"
467,4,78,"RG","SE"
404,1,78,"RG","SE"
500,22,78,"RG","SE"
515,4,79,"RG","SE"
535,3,79,"RG","SE"
15,2,79,"RG","SE"
33,12,79,"RG","SE"
54,39,79,"RG","SE"
361,3,79,"RG","SE"
235,1,79,"RG","SE"
102,1,79,"RG","SE"
456,1,79,"RG","SE"
61,50,79,"RG","SE"
115,1,79,"RG","SE"
318,3,79,"RG","SE"
7,21,79,"RG","SE"
250,1,79,"RG","SE"
357,1,79,"RG","SE"
21,7,79,"RG","SE"
461,1,79,"RG","SE"
455,3,79,"RG","SE"
332,1,79,"RG","SE"
302,2,79,"RG","SE"
438,6,79,"RG","SE"
104,2,79,"RG","SE"
484,4,79,"RG","SE"
64,9,79,"RG","SE"
68,5,79,"RG","SE"
276,3,79,"RG","SE"
340,1,79,"RG","SE"
498,25,79,"RG","SE"
477,4,79,"RG","SE"
164,6,79,"RG","SE"
3,5,79,"RG","SE"
410,2,80,"RG","SE"
348,2,80,"RG","SE"
547,1,80,"RG","SE"
505,11,80,"RG","SE"
247,3,80,"RG","SE"
222,2,80,"RG","SE"
361,3,80,"RG","SE"
401,1,80,"RG","SE"
399,1,80,"RG","SE"
111,1,80,"RG","SE"
106,1,80,"RG","SE"
312,1,80,"RG","SE"
253,1,80,"RG","SE"
539,1,80,"RG","SE"
476,1,80,"RG","SE"
395,1,80,"RG","SE"
445,10,80,"RG","SE"
514,6,80,"RG","SE"
49,1,80,"RG","SE"
313,3,80,"RG","SE"
148,1,80,"RG","SE"
301,1,80,"RG","SE"
437,1,80,"RG","SE"
170,1,80,"RG","SE"
441,1,80,"RG","SE"
378,1,80,"RG","SE"
340,1,80,"RG","SE"
151,1,80,"RG","SE"
183,3,80,"RG","SE"
382,1,80,"RG","SE"
369,2,80,"RG","SE"
198,2,81,"RG","SE"
436,1,81,"RG","SE"
470,5,81,"RG","SE"
296,1,81,"RG","SE"
89,1,81,"RG","SE"
143,1,81,"RG","SE"
531,2,81,"RG","SE"
367,2,81,"RG","SE"
471,3,81,"RG","SE"
25,1,81,"RG","SE"
254,1,81,"RG","SE"
257,1,81,"RG","SE"
261,3,81,"RG","SE"
441,1,81,"RG","SE"
171,1,81,"RG","SE"
111,1,81,"RG","SE"
500,22,81,"RG","SE"
157,1,81,"RG","SE"
91,5,81,"RG","SE"
12,11,81,"RG","SE"
255,1,81,"RG","SE"
291,1,81,"RG","SE"
285,3,81,"RG","SE"
532,5,81,"RG","SE"
390,1,81,"RG","SE"
106,1,81,"RG","SE"
352,2,81,"RG","SE"
32,6,81,"RG","SE"
250,1,81,"RG","SE"
439,1,81,"RG","SE"
348,2,81,"RG","SE"
77,17,82,"RG","SE"
124,4,82,"RG","SE"
308,2,82,"RG","SE"
352,2,82,"RG","SE"
128,1,82,"RG","SE"
284,1,82,"RG","SE"
242,1,82,"RG","SE"
369,2,82,"RG","SE"
207,1,82,"RG","SE"
142,1,82,"RG","SE"
381,3,82,"RG","SE"
502,7,82,"RG","SE"
149,1,82,"RG","SE"
245,1,82,"RG","SE"
361,3,82,"RG","SE"
191,1,82,"RG","SE"
421,4,82,"RG","SE"
480,6,82,"RG","SE"
54,39,82,"RG","SE"
115,1,82,"RG","SE"
413,1,82,"RG","SE"
67,9,82,"RG","SE"
247,3,82,"RG","SE"
16,3,82,"RG","SE"
42,1,82,"RG","SE"
419,1,82,"RG","SE"
452,1,82,"RG","SE"
291,1,82,"RG","SE"
458,1,82,"RG","SE"
534,3,82,"RG","SE"
223,1,82,"RG","SE"
470,5,83,"RG","SE"
435,2,83,"RG","SE"
317,2,83,"RG","SE"
4,5,83,"RG","SE"
363,2,83,"RG","SE"
436,1,83,"RG","SE"
155,1,83,"RG","SE"
36,3,83,"RG","SE"
17,5,83,"RG","SE"
284,1,83,"RG","SE"
474,1,83,"RG","SE"
401,1,83,"RG","SE"
132,1,83,"RG","SE"
305,1,83,"RG","SE"
482,5,83,"RG","SE"
123,4,83,"RG","SE"
513,6,83,"RG","SE"
516,4,83,"RG","SE"
273,1,83,"RG","SE"
106,1,83,"RG","SE"
349,1,83,"RG","SE"
397,1,83,"RG","SE"
328,1,83,"RG","SE"
257,1,83,"RG","SE"
258,1,83,"RG","SE"
91,5,83,"RG","SE"
44,30,83,"RG","SE"
261,3,83,"RG","SE"
455,3,83,"RG","SE"
202,1,83,"RG","SE"
243,2,83,"RG","SE"
219,1,84,"RG","SE"
345,1,84,"RG","SE"
344,1,84,"RG","SE"
363,2,84,"RG","SE"
4,5,84,"RG","SE"
277,1,84,"RG","SE"
419,1,84,"RG","SE"
312,1,84,"RG","SE"
112,4,84,"RG","SE"
513,6,84,"RG","SE"
343,9,84,"RG","SE"
430,1,84,"RG","SE"
175,1,84,"RG","SE"
301,1,84,"RG","SE"
196,2,84,"RG","SE"
16,3,84,"RG","SE"
283,1,84,"RG","SE"
105,1,84,"RG","SE"
431,1,84,"RG","SE"
318,3,84,"RG","SE"
22,4,84,"RG","SE"
527,8,84,"RG","SE"
421,4,84,"RG","SE"
183,3,84,"RG","SE"
138,2,84,"RG","SE"
21,7,84,"RG","SE"
479,6,84,"RG","SE"
438,6,84,"RG","SE"
366,1,84,"RG","SE"
381,3,84,"RG","SE"
254,1,84,"RG","SE"
147,1,85,"RG","SE"
249,2,85,"RG","SE"
528,5,85,"RG","SE"
513,6,85,"RG","SE"
16,3,85,"RG","SE"
108,1,85,"RG","SE"
421,4,85,"RG","SE"
5,4,85,"RG","SE"
376,3,85,"RG","SE"
45,1,85,"RG","SE"
65,4,85,"RG","SE"
534,3,85,"RG","SE"
125,1,85,"RG","SE"
155,1,85,"RG","SE"
302,2,85,"RG","SE"
279,1,85,"RG","SE"
51,2,85,"RG","SE"
317,2,85,"RG","SE"
461,1,85,"RG","SE"
392,1,85,"RG","SE"
506,7,85,"RG","SE"
153,1,85,"RG","SE"
57,9,85,"RG","SE"
418,1,85,"RG","SE"
482,5,85,"RG","SE"
179,12,85,"RG","SE"
253,1,85,"RG","SE"
228,1,85,"RG","SE"
496,22,85,"RG","SE"
514,6,85,"RG","SE"
143,1,85,"RG","SE"
501,17,86,"RG","SE"
437,1,86,"RG","SE"
278,1,86,"RG","SE"
103,1,86,"RG","SE"
111,1,86,"RG","SE"
130,1,86,"RG","SE"
382,1,86,"RG","SE"
286,1,86,"RG","SE"
158,3,86,"RG","SE"
357,1,86,"RG","SE"
17,5,86,"RG","SE"
474,1,86,"RG","SE"
467,4,86,"RG","SE"
123,4,86,"RG","SE"
421,4,86,"RG","SE"
194,1,86,"RG","SE"
534,3,86,"RG","SE"
153,1,86,"RG","SE"
332,1,86,"RG","SE"
222,2,86,"RG","SE"
141,2,86,"RG","SE"
116,1,86,"RG","SE"
374,2,86,"RG","SE"
67,9,86,"RG","SE"
61,50,86,"RG","SE"
477,4,86,"RG","SE"
105,1,86,"RG","SE"
20,7,86,"RG","SE"
309,1,86,"RG","SE"
302,2,86,"RG","SE"
493,7,86,"RG","SE"
143,1,87,"RG","SE"
20,7,87,"RG","SE"
519,3,87,"RG","SE"
523,4,87,"RG","SE"
541,8,87,"RG","SE"
528,5,87,"RG","SE"
439,1,87,"RG","SE"
493,7,87,"RG","SE"
33,12,87,"RG","SE"
119,1,87,"RG","SE"
148,1,87,"RG","SE"
520,2,87,"RG","SE"
410,2,87,"RG","SE"
49,1,87,"RG","SE"
367,2,87,"RG","SE"
264,1,87,"RG","SE"
198,2,87,"RG","SE"
529,5,87,"RG","SE"
255,1,87,"RG","SE"
259,6,87,"RG","SE"
372,1,87,"RG","SE"
426,4,87,"RG","SE"
141,2,87,"RG","SE"
463,1,87,"RG","SE"
504,10,87,"RG","SE"
254,1,87,"RG","SE"
431,1,87,"RG","SE"
36,3,87,"RG","SE"
249,2,87,"RG","SE"
17,5,87,"RG","SE"
223,1,87,"RG","SE"
544,1,88,"RG","SE"
308,2,88,"RG","SE"
67,9,88,"RG","SE"
193,2,88,"RG","SE"
426,4,88,"RG","SE"
245,1,88,"RG","SE"
524,2,88,"RG","SE"
532,5,88,"RG","SE"
148,1,88,"RG","SE"
204,2,88,"RG","SE"
130,1,88,"RG","SE"
28,50,88,"RG","SE"
77,17,88,"RG","SE"
5,4,88,"RG","SE"
138,2,88,"RG","SE"
64,9,88,"RG","SE"
49,1,88,"RG","SE"
481,2,88,"RG","SE"
268,1,88,"RG","SE"
72,9,88,"RG","SE"
508,14,88,"RG","SE"
276,3,88,"RG","SE"
367,2,88,"RG","SE"
445,10,88,"RG","SE"
527,8,88,"RG","SE"
125,1,88,"RG","SE"
173,2,88,"RG","SE"
498,25,88,"RG","SE"
277,1,88,"RG","SE"
132,1,88,"RG","SE"
202,1,88,"RG","SE"
103,1,89,"RG","SE"
209,1,89,"RG","SE"
222,2,89,"RG","SE"
349,1,89,"RG","SE"
106,1,89,"RG","SE"
87,1,89,"RG","SE"
286,1,89,"RG","SE"
86,2,89,"RG","SE"
498,25,89,"RG","SE"
223,1,89,"RG","SE"
190,1,89,"RG","SE"
276,3,89,"RG","SE"
344,1,89,"RG","SE"
105,1,89,"RG","SE"
269,1,89,"RG","SE"
171,1,89,"RG","SE"
351,1,89,"RG","SE"
284,1,89,"RG","SE"
430,1,89,"RG","SE"
115,1,89,"RG","SE"
64,9,89,"RG","SE"
438,6,89,"RG","SE"
185,1,89,"RG","SE"
387,1,89,"RG","SE"
7,21,89,"RG","SE"
469,5,89,"RG","SE"
33,12,89,"RG","SE"
524,2,89,"RG","SE"
194,1,89,"RG","SE"
248,5,89,"RG","SE"
254,1,89,"RG","SE"
4,5,90,"RG","SE"
466,1,90,"RG","SE"
510,9,90,"RG","SE"
462,1,90,"RG","SE"
268,1,90,"RG","SE"
452,1,90,"RG","SE"
22,4,90,"RG","SE"
430,1,90,"RG","SE"
68,5,90,"RG","SE"
42,1,90,"RG","SE"
249,2,90,"RG","SE"
179,12,90,"RG","SE"
183,3,90,"RG","SE"
366,1,90,"RG","SE"
77,17,90,"RG","SE"
528,5,90,"RG","SE"
3,5,90,"RG","SE"
101,1,90,"RG","SE"
368,1,90,"RG","SE"
389,3,90,"RG","SE"
378,1,90,"RG","SE"
463,1,90,"RG","SE"
108,1,90,"RG","SE"
87,1,90,"RG","SE"
531,2,90,"RG","SE"
191,1,90,"RG","SE"
520,2,90,"RG","SE"
143,1,90,"RG","SE"
149,1,90,"RG","SE"
436,1,90,"RG","SE"
361,3,90,"RG","SE"
68,5,91,"RG","SE"
7,21,91,"RG","SE"
185,1,91,"RG","SE"
440,1,91,"RG","SE"
487,4,91,"RG","SE"
110,1,91,"RG","SE"
435,2,91,"RG","SE"
196,2,91,"RG","SE"
130,1,91,"RG","SE"
115,1,91,"RG","SE"
51,2,91,"RG","SE"
433,2,91,"RG","SE"
151,1,91,"RG","SE"
28,50,91,"RG","SE"
533,5,91,"RG","SE"
369,2,91,"RG","SE"
149,1,91,"RG","SE"
534,3,91,"RG","SE"
344,1,91,"RG","SE"
49,1,91,"RG","SE"
129,2,91,"RG","SE"
278,1,91,"RG","SE"
72,9,91,"RG","SE"
348,2,91,"RG","SE"
438,6,91,"RG","SE"
44,30,91,"RG","SE"
452,1,91,"RG","SE"
255,1,91,"RG","SE"
458,1,91,"RG","SE"
426,4,91,"RG","SE"
247,3,91,"RG","SE"
377,2,92,"RG","SE"
203,1,92,"RG","SE"
486,5,92,"RG","SE"
89,1,92,"RG","SE"
286,1,92,"RG","SE"
413,1,92,"RG","SE"
129,2,92,"RG","SE"
78,21,92,"RG","SE"
282,1,92,"RG","SE"
245,1,92,"RG","SE"
170,1,92,"RG","SE"
447,4,92,"RG","SE"
513,6,92,"RG","SE"
308,2,92,"RG","SE"
376,3,92,"RG","SE"
354,2,92,"RG","SE"
283,1,92,"RG","SE"
313,3,92,"RG","SE"
209,1,92,"RG","SE"
228,1,92,"RG","SE"
186,2,92,"RG","SE"
382,1,92,"RG","SE"
525,9,92,"RG","SE"
202,1,92,"RG","SE"
425,4,92,"RG","SE"
439,1,92,"RG","SE"
3,5,92,"RG","SE"
151,1,92,"RG","SE"
515,4,92,"RG","SE"
509,3,92,"RG","SE"
410,2,92,"RG","SE"
142,1,93,"RG","SE"
440,1,93,"RG","SE"
10,1,93,"RG","SE"
313,3,93,"RG","SE"
49,1,93,"RG","SE"
294,3,93,"RG","SE"
143,1,93,"RG","SE"
76,4,93,"RG","SE"
153,1,93,"RG","SE"
368,1,93,"RG","SE"
363,2,93,"RG","SE"
282,1,93,"RG","SE"
214,1,93,"RG","SE"
193,2,93,"RG","SE"
254,1,93,"RG","SE"
531,2,93,"RG","SE"
509,3,93,"RG","SE"
67,9,93,"RG","SE"
361,3,93,"RG","SE"
202,1,93,"RG","SE"
476,1,93,"RG","SE"
124,4,93,"RG","SE"
308,2,93,"RG","SE"
85,15,93,"RG","SE"
390,1,93,"RG","SE"
312,1,93,"RG","SE"
104,2,93,"RG","SE"
283,1,93,"RG","SE"
179,12,93,"RG","SE"
36,3,93,"RG","SE"
366,1,93,"RG","SE"
509,3,94,"RG","SE"
3,5,94,"RG","SE"
531,2,94,"RG","SE"
261,3,94,"RG","SE"
352,2,94,"RG","SE"
490,4,94,"RG","SE"
228,1,94,"RG","SE"
358,16,94,"RG","SE"
147,1,94,"RG","SE"
164,6,94,"RG","SE"
465,1,94,"RG","SE"
539,1,94,"RG","SE"
222,2,94,"RG","SE"
112,4,94,"RG","SE"
523,4,94,"RG","SE"
389,3,94,"RG","SE"
283,1,94,"RG","SE"
115,1,94,"RG","SE"
469,5,94,"RG","SE"
237,1,94,"RG","SE"
525,9,94,"RG","SE"
501,17,94,"RG","SE"
425,4,94,"RG","SE"
445,10,94,"RG","SE"
103,1,94,"RG","SE"
540,8,94,"RG","SE"
535,3,94,"RG","SE"
279,1,94,"RG","SE"
363,2,94,"RG","SE"
54,39,94,"RG","SE"
141,2,94,"RG","SE"
147,1,95,"RG","SE"
144,1,95,"RG","SE"
207,1,95,"RG","SE"
268,1,95,"RG","SE"
11,27,95,"RG","SE"
214,1,95,"RG","SE"
266,1,95,"RG","SE"
301,1,95,"RG","SE"
515,4,95,"RG","SE"
516,4,95,"RG","SE"
87,1,95,"RG","SE"
282,1,95,"RG","SE"
419,1,95,"RG","SE"
119,1,95,"RG","SE"
399,1,95,"RG","SE"
169,1,95,"RG","SE"
122,2,95,"RG","SE"
101,1,95,"RG","SE"
115,1,95,"RG","SE"
191,1,95,"RG","SE"
509,3,95,"RG","SE"
441,1,95,"RG","SE"
526,2,95,"RG","SE"
225,1,95,"RG","SE"
33,12,95,"RG","SE"
358,16,95,"RG","SE"
276,3,95,"RG","SE"
65,4,95,"RG","SE"
394,1,95,"RG","SE"
28,50,95,"RG","SE"
410,2,95,"RG","SE"
528,5,96,"RG","SE"
170,1,96,"RG","SE"
548,1,96,"RG","SE"
57,9,96,"RG","SE"
348,2,96,"RG","SE"
228,1,96,"RG","SE"
508,14,96,"RG","SE"
523,4,96,"RG","SE"
488,6,96,"RG","SE"
441,1,96,"RG","SE"
479,6,96,"RG","SE"
171,1,96,"RG","SE"
214,1,96,"RG","SE"
382,1,96,"RG","SE"
155,1,96,"RG","SE"
304,2,96,"RG","SE"
365,2,96,"RG","SE"
209,1,96,"RG","SE"
505,11,96,"RG","SE"
363,2,96,"RG","SE"
146,1,96,"RG","SE"
112,4,96,"RG","SE"
126,3,96,"RG","SE"
21,7,96,"RG","SE"
354,2,96,"RG","SE"
415,1,96,"RG","SE"
49,1,96,"RG","SE"
467,4,96,"RG","SE"
389,3,96,"RG","SE"
310,1,96,"RG","SE"
378,1,96,"RG","SE"
358,16,97,"RG","SE"
365,2,97,"RG","SE"
199,1,97,"RG","SE"
479,6,97,"RG","SE"
305,1,97,"RG","SE"
214,1,97,"RG","SE"
28,50,97,"RG","SE"
476,1,97,"RG","SE"
198,2,97,"RG","SE"
401,1,97,"RG","SE"
155,1,97,"RG","SE"
268,1,97,"RG","SE"
10,1,97,"RG","SE"
330,1,97,"RG","SE"
431,1,97,"RG","SE"
245,1,97,"RG","SE"
523,4,97,"RG","SE"
264,1,97,"RG","SE"
77,17,97,"RG","SE"
22,4,97,"RG","SE"
445,10,97,"RG","SE"
204,2,97,"RG","SE"
332,1,97,"RG","SE"
157,1,97,"RG","SE"
149,1,97,"RG","SE"
110,1,97,"RG","SE"
17,5,97,"RG","SE"
253,1,97,"RG","SE"
67,9,97,"RG","SE"
336,1,97,"RG","SE"
266,1,97,"RG","SE"
502,7,98,"RG","SE"
457,2,98,"RG","SE"
166,1,98,"RG","SE"
185,1,98,"RG","SE"
534,3,98,"RG","SE"
332,1,98,"RG","SE"
202,1,98,"RG","SE"
67,9,98,"RG","SE"
317,2,98,"RG","SE"
38,3,98,"RG","SE"
153,1,98,"RG","SE"
514,6,98,"RG","SE"
510,9,98,"RG","SE"
203,1,98,"RG","SE"
209,1,98,"RG","SE"
487,4,98,"RG","SE"
302,2,98,"RG","SE"
285,3,98,"RG","SE"
445,10,98,"RG","SE"
528,5,98,"RG","SE"
44,30,98,"RG","SE"
10,1,98,"RG","SE"
103,1,98,"RG","SE"
151,1,98,"RG","SE"
417,1,98,"RG","SE"
85,15,98,"RG","SE"
481,2,98,"RG","SE"
374,2,98,"RG","SE"
284,1,98,"RG","SE"
421,4,98,"RG","SE"
283,1,98,"RG","SE"
326,2,99,"RG","SE"
368,1,99,"RG","SE"
119,1,99,"RG","SE"
124,4,99,"RG","SE"
456,1,99,"RG","SE"
26,59,99,"RG","SE"
447,4,99,"RG","SE"
269,1,99,"RG","SE"
194,1,99,"RG","SE"
16,3,99,"RG","SE"
477,4,99,"RG","SE"
237,1,99,"RG","SE"
126,3,99,"RG","SE"
179,12,99,"RG","SE"
352,2,99,"RG","SE"
277,1,99,"RG","SE"
422,4,99,"RG","SE"
390,1,99,"RG","SE"
142,1,99,"RG","SE"
225,1,99,"RG","SE"
15,2,99,"RG","SE"
198,2,99,"RG","SE"
392,1,99,"RG","SE"
173,2,99,"RG","SE"
514,6,99,"RG","SE"
67,9,99,"RG","SE"
520,2,99,"RG","SE"
125,1,99,"RG","SE"
483,5,99,"RG","SE"
296,1,99,"RG","SE"
548,1,99,"RG","SE"
462,1,100,"RG","SE"
544,1,100,"RG","SE"
419,1,100,"RG","SE"
389,3,100,"RG","SE"
125,1,100,"RG","SE"
527,8,100,"RG","SE"
269,1,100,"RG","SE"
196,2,100,"RG","SE"
351,1,100,"RG","SE"
535,3,100,"RG","SE"
317,2,100,"RG","SE"
42,1,100,"RG","SE"
404,1,100,"RG","SE"
232,4,100,"RG","SE"
516,4,100,"RG","SE"
489,4,100,"RG","SE"
309,1,100,"RG","SE"
185,1,100,"RG","SE"
332,1,100,"RG","SE"
471,3,100,"RG","SE"
483,5,100,"RG","SE"
526,2,100,"RG","SE"
330,1,100,"RG","SE"
344,1,100,"RG","SE"
486,5,100,"RG","SE"
399,1,100,"RG","SE"
277,1,100,"RG","SE"
128,1,100,"RG","SE"
487,4,100,"RG","SE"
237,1,100,"RG","SE"
273,1,100,"RG","SE"
544,1,101,"RG","SE"
456,1,101,"RG","SE"
363,2,101,"RG","SE"
130,1,101,"RG","SE"
145,1,101,"RG","SE"
340,1,101,"RG","SE"
282,1,101,"RG","SE"
89,1,101,"RG","SE"
68,5,101,"RG","SE"
104,2,101,"RG","SE"
219,1,101,"RG","SE"
309,1,101,"RG","SE"
389,3,101,"RG","SE"
487,4,101,"RG","SE"
548,1,101,"RG","SE"
510,9,101,"RG","SE"
101,1,101,"RG","SE"
157,1,101,"RG","SE"
123,4,101,"RG","SE"
380,2,101,"RG","SE"
457,2,101,"RG","SE"
422,4,101,"RG","SE"
285,3,101,"RG","SE"
160,1,101,"RG","SE"
273,1,101,"RG","SE"
147,1,101,"RG","SE"
439,1,101,"RG","SE"
494,8,101,"RG","SE"
244,3,101,"RG","SE"
467,4,101,"RG","SE"
489,4,101,"RG","SE"
508,14,102,"RG","SE"
186,2,102,"RG","SE"
304,2,102,"RG","SE"
49,1,102,"RG","SE"
86,2,102,"RG","SE"
264,1,102,"RG","SE"
541,8,102,"RG","SE"
22,4,102,"RG","SE"
80,6,102,"RG","SE"
394,1,102,"RG","SE"
426,4,102,"RG","SE"
277,1,102,"RG","SE"
103,1,102,"RG","SE"
83,2,102,"RG","SE"
381,3,102,"RG","SE"
313,3,102,"RG","SE"
340,1,102,"RG","SE"
494,8,102,"RG","SE"
365,2,102,"RG","SE"
258,1,102,"RG","SE"
372,1,102,"RG","SE"
194,1,102,"RG","SE"
42,1,102,"RG","SE"
105,1,102,"RG","SE"
33,12,102,"RG","SE"
131,1,102,"RG","SE"
237,1,102,"RG","SE"
232,4,102,"RG","SE"
25,1,102,"RG","SE"
151,1,102,"RG","SE"
104,2,102,"RG","SE"
532,5,103,"RG","SE"
21,7,103,"RG","SE"
528,5,103,"RG","SE"
505,11,103,"RG","SE"
343,9,103,"RG","SE"
254,1,103,"RG","SE"
17,5,103,"RG","SE"
445,10,103,"RG","SE"
193,2,103,"RG","SE"
185,1,103,"RG","SE"
105,1,103,"RG","SE"
482,5,103,"RG","SE"
387,1,103,"RG","SE"
540,8,103,"RG","SE"
509,3,103,"RG","SE"
85,15,103,"RG","SE"
89,1,103,"RG","SE"
519,3,103,"RG","SE"
523,4,103,"RG","SE"
146,1,103,"RG","SE"
319,1,103,"RG","SE"
308,2,103,"RG","SE"
268,1,103,"RG","SE"
142,1,103,"RG","SE"
19,5,103,"RG","SE"
255,1,103,"RG","SE"
49,1,103,"RG","SE"
487,4,103,"RG","SE"
377,2,103,"RG","SE"
64,9,103,"RG","SE"
352,2,103,"RG","SE"
505,11,104,"RG","SE"
476,1,104,"RG","SE"
155,1,104,"RG","SE"
147,1,104,"RG","SE"
123,4,104,"RG","SE"
4,5,104,"RG","SE"
361,3,104,"RG","SE"
421,4,104,"RG","SE"
286,1,104,"RG","SE"
105,1,104,"RG","SE"
235,1,104,"RG","SE"
51,2,104,"RG","SE"
358,16,104,"RG","SE"
284,1,104,"RG","SE"
462,1,104,"RG","SE"
138,2,104,"RG","SE"
27,2,104,"RG","SE"
336,1,104,"RG","SE"
112,4,104,"RG","SE"
440,1,104,"RG","SE"
419,1,104,"RG","SE"
482,5,104,"RG","SE"
528,5,104,"RG","SE"
144,1,104,"RG","SE"
547,1,104,"RG","SE"
194,1,104,"RG","SE"
439,1,104,"RG","SE"
466,1,104,"RG","SE"
508,14,104,"RG","SE"
219,1,104,"RG","SE"
247,3,104,"RG","SE"
417,1,105,"RG","SE"
108,1,105,"RG","SE"
285,3,105,"RG","SE"
545,1,105,"RG","SE"
32,6,105,"RG","SE"
365,2,105,"RG","SE"
466,1,105,"RG","SE"
278,1,105,"RG","SE"
394,1,105,"RG","SE"
441,1,105,"RG","SE"
284,1,105,"RG","SE"
27,2,105,"RG","SE"
111,1,105,"RG","SE"
426,4,105,"RG","SE"
467,4,105,"RG","SE"
312,1,105,"RG","SE"
421,4,105,"RG","SE"
196,2,105,"RG","SE"
243,2,105,"RG","SE"
415,1,105,"RG","SE"
199,1,105,"RG","SE"
142,1,105,"RG","SE"
186,2,105,"RG","SE"
481,2,105,"RG","SE"
140,1,105,"RG","SE"
370,1,105,"RG","SE"
343,9,105,"RG","SE"
439,1,105,"RG","SE"
351,1,105,"RG","SE"
76,4,105,"RG","SE"
401,1,105,"RG","SE"
112,4,106,"RG","SE"
123,4,106,"RG","SE"
245,1,106,"RG","SE"
128,1,106,"RG","SE"
462,1,106,"RG","SE"
283,1,106,"RG","SE"
421,4,106,"RG","SE"
122,2,106,"RG","SE"
531,2,106,"RG","SE"
548,1,106,"RG","SE"
254,1,106,"RG","SE"
194,1,106,"RG","SE"
374,2,106,"RG","SE"
191,1,106,"RG","SE"
404,1,106,"RG","SE"
305,1,106,"RG","SE"
419,1,106,"RG","SE"
361,3,106,"RG","SE"
32,6,106,"RG","SE"
525,9,106,"RG","SE"
250,1,106,"RG","SE"
278,1,106,"RG","SE"
257,1,106,"RG","SE"
77,17,106,"RG","SE"
452,1,106,"RG","SE"
422,4,106,"RG","SE"
501,17,106,"RG","SE"
489,4,106,"RG","SE"
72,9,106,"RG","SE"
198,2,106,"RG","SE"
19,5,106,"RG","SE"
397,1,107,"RG","SE"
520,2,107,"RG","SE"
421,4,107,"RG","SE"
222,2,107,"RG","SE"
143,1,107,"RG","SE"
354,2,107,"RG","SE"
166,1,107,"RG","SE"
296,1,107,"RG","SE"
5,4,107,"RG","SE"
202,1,107,"RG","SE"
204,2,107,"RG","SE"
102,1,107,"RG","SE"
513,6,107,"RG","SE"
352,2,107,"RG","SE"
283,1,107,"RG","SE"
419,1,107,"RG","SE"
57,9,107,"RG","SE"
285,3,107,"RG","SE"
510,9,107,"RG","SE"
494,8,107,"RG","SE"
469,5,107,"RG","SE"
219,1,107,"RG","SE"
481,2,107,"RG","SE"
455,3,107,"RG","SE"
252,2,107,"RG","SE"
349,1,107,"RG","SE"
28,50,107,"RG","SE"
381,3,107,"RG","SE"
417,1,107,"RG","SE"
471,3,107,"RG","SE"
191,1,107,"RG","SE"
130,1,108,"RG","SE"
367,2,108,"RG","SE"
476,1,108,"RG","SE"
488,6,108,"RG","SE"
259,6,108,"RG","SE"
439,1,108,"RG","SE"
103,1,108,"RG","SE"
357,1,108,"RG","SE"
83,2,108,"RG","SE"
483,5,108,"RG","SE"
5,4,108,"RG","SE"
313,3,108,"RG","SE"
194,1,108,"RG","SE"
209,1,108,"RG","SE"
294,3,108,"RG","SE"
489,4,108,"RG","SE"
352,2,108,"RG","SE"
49,1,108,"RG","SE"
455,3,108,"RG","SE"
277,1,108,"RG","SE"
527,8,108,"RG","SE"
191,1,108,"RG","SE"
203,1,108,"RG","SE"
477,4,108,"RG","SE"
179,12,108,"RG","SE"
10,1,108,"RG","SE"
505,11,108,"RG","SE"
190,1,108,"RG","SE"
196,2,108,"RG","SE"
119,1,108,"RG","SE"
204,2,108,"RG","SE"
366,1,109,"RG","SE"
520,2,109,"RG","SE"
381,3,109,"RG","SE"
363,2,109,"RG","SE"
51,2,109,"RG","SE"
372,1,109,"RG","SE"
322,3,109,"RG","SE"
310,1,109,"RG","SE"
32,6,109,"RG","SE"
19,5,109,"RG","SE"
77,17,109,"RG","SE"
164,6,109,"RG","SE"
526,2,109,"RG","SE"
168,1,109,"RG","SE"
245,1,109,"RG","SE"
173,2,109,"RG","SE"
175,1,109,"RG","SE"
471,3,109,"RG","SE"
258,1,109,"RG","SE"
501,17,109,"RG","SE"
470,5,109,"RG","SE"
524,2,109,"RG","SE"
87,1,109,"RG","SE"
389,3,109,"RG","SE"
531,2,109,"RG","SE"
509,3,109,"RG","SE"
304,2,109,"RG","SE"
80,6,109,"RG","SE"
54,39,109,"RG","SE"
147,1,109,"RG","SE"
33,12,109,"RG","SE"
540,8,110,"RG","SE"
490,4,110,"RG","SE"
532,5,110,"RG","SE"
527,8,110,"RG","SE"
194,1,110,"RG","SE"
126,3,110,"RG","SE"
16,3,110,"RG","SE"
349,1,110,"RG","SE"
509,3,110,"RG","SE"
397,1,110,"RG","SE"
304,2,110,"RG","SE"
15,2,110,"RG","SE"
376,3,110,"RG","SE"
483,5,110,"RG","SE"
493,7,110,"RG","SE"
101,1,110,"RG","SE"
489,4,110,"RG","SE"
242,1,110,"RG","SE"
480,6,110,"RG","SE"
506,7,110,"RG","SE"
278,1,110,"RG","SE"
392,1,110,"RG","SE"
538,2,110,"RG","SE"
222,2,110,"RG","SE"
72,9,110,"RG","SE"
441,1,110,"RG","SE"
494,8,110,"RG","SE"
266,1,110,"RG","SE"
430,1,110,"RG","SE"
547,1,110,"RG","SE"
529,5,110,"RG","SE"
158,3,111,"RG","SE"
291,1,111,"RG","SE"
361,3,111,"RG","SE"
235,1,111,"RG","SE"
302,2,111,"RG","SE"
498,25,111,"RG","SE"
390,1,111,"RG","SE"
502,7,111,"RG","SE"
482,5,111,"RG","SE"
541,8,111,"RG","SE"
249,2,111,"RG","SE"
80,6,111,"RG","SE"
365,2,111,"RG","SE"
452,1,111,"RG","SE"
140,1,111,"RG","SE"
61,50,111,"RG","SE"
179,12,111,"RG","SE"
387,1,111,"RG","SE"
168,1,111,"RG","SE"
544,1,111,"RG","SE"
222,2,111,"RG","SE"
146,1,111,"RG","SE"
305,1,111,"RG","SE"
250,1,111,"RG","SE"
523,4,111,"RG","SE"
509,3,111,"RG","SE"
382,1,111,"RG","SE"
310,1,111,"RG","SE"
269,1,111,"RG","SE"
4,5,111,"RG","SE"
237,1,111,"RG","SE"
508,14,112,"RG","SE"
344,1,112,"RG","SE"
141,2,112,"RG","SE"
125,1,112,"RG","SE"
401,1,112,"RG","SE"
16,3,112,"RG","SE"
61,50,112,"RG","SE"
539,1,112,"RG","SE"
242,1,112,"RG","SE"
209,1,112,"RG","SE"
187,1,112,"RG","SE"
438,6,112,"RG","SE"
25,1,112,"RG","SE"
413,1,112,"RG","SE"
394,1,112,"RG","SE"
354,2,112,"RG","SE"
352,2,112,"RG","SE"
232,4,112,"RG","SE"
110,1,112,"RG","SE"
513,6,112,"RG","SE"
392,1,112,"RG","SE"
85,15,112,"RG","SE"
106,1,112,"RG","SE"
247,3,112,"RG","SE"
477,4,112,"RG","SE"
426,4,112,"RG","SE"
343,9,112,"RG","SE"
358,16,112,"RG","SE"
225,1,112,"RG","SE"
461,1,112,"RG","SE"
138,2,112,"RG","SE"
86,2,113,"RG","SE"
191,1,113,"RG","SE"
209,1,113,"RG","SE"
170,1,113,"RG","SE"
5,4,113,"RG","SE"
149,1,113,"RG","SE"
525,9,113,"RG","SE"
151,1,113,"RG","SE"
366,1,113,"RG","SE"
479,6,113,"RG","SE"
471,3,113,"RG","SE"
169,1,113,"RG","SE"
469,5,113,"RG","SE"
513,6,113,"RG","SE"
534,3,113,"RG","SE"
482,5,113,"RG","SE"
269,1,113,"RG","SE"
28,50,113,"RG","SE"
467,4,113,"RG","SE"
486,5,113,"RG","SE"
279,1,113,"RG","SE"
494,8,113,"RG","SE"
235,1,113,"RG","SE"
85,15,113,"RG","SE"
437,1,113,"RG","SE"
103,1,113,"RG","SE"
175,1,113,"RG","SE"
228,1,113,"RG","SE"
196,2,113,"RG","SE"
352,2,113,"RG","SE"
344,1,113,"RG","SE"
17,5,114,"RG","SE"
142,1,114,"RG","SE"
5,4,114,"RG","SE"
259,6,114,"RG","SE"
534,3,114,"RG","SE"
494,8,114,"RG","SE"
541,8,114,"RG","SE"
526,2,114,"RG","SE"
276,3,114,"RG","SE"
235,1,114,"RG","SE"
20,7,114,"RG","SE"
358,16,114,"RG","SE"
528,5,114,"RG","SE"
487,4,114,"RG","SE"
372,1,114,"RG","SE"
80,6,114,"RG","SE"
445,10,114,"RG","SE"
484,4,114,"RG","SE"
436,1,114,"RG","SE"
186,2,114,"RG","SE"
141,2,114,"RG","SE"
116,1,114,"RG","SE"
291,1,114,"RG","SE"
349,1,114,"RG","SE"
332,1,114,"RG","SE"
328,1,114,"RG","SE"
243,2,114,"RG","SE"
28,50,114,"RG","SE"
173,2,114,"RG","SE"
366,1,114,"RG","SE"
377,2,114,"RG","SE"
496,22,115,"RG","SE"
168,1,115,"RG","SE"
155,1,115,"RG","SE"
413,1,115,"RG","SE"
153,1,115,"RG","SE"
500,22,115,"RG","SE"
194,1,115,"RG","SE"
170,1,115,"RG","SE"
158,3,115,"RG","SE"
309,1,115,"RG","SE"
534,3,115,"RG","SE"
286,1,115,"RG","SE"
332,1,115,"RG","SE"
25,1,115,"RG","SE"
426,4,115,"RG","SE"
378,1,115,"RG","SE"
345,1,115,"RG","SE"
381,3,115,"RG","SE"
390,1,115,"RG","SE"
266,1,115,"RG","SE"
245,1,115,"RG","SE"
457,2,115,"RG","SE"
64,9,115,"RG","SE"
187,1,115,"RG","SE"
437,1,115,"RG","SE"
317,2,115,"RG","SE"
387,1,115,"RG","SE"
415,1,115,"RG","SE"
440,1,115,"RG","SE"
128,1,115,"RG","SE"
377,2,115,"RG","SE"
330,1,116,"RG","SE"
372,1,116,"RG","SE"
269,1,116,"RG","SE"
266,1,116,"RG","SE"
489,4,116,"RG","SE"
526,2,116,"RG","SE"
332,1,116,"RG","SE"
27,2,116,"RG","SE"
157,1,116,"RG","SE"
7,21,116,"RG","SE"
545,1,116,"RG","SE"
237,1,116,"RG","SE"
242,1,116,"RG","SE"
389,3,116,"RG","SE"
64,9,116,"RG","SE"
376,3,116,"RG","SE"
474,1,116,"RG","SE"
445,10,116,"RG","SE"
103,1,116,"RG","SE"
303,6,116,"RG","SE"
377,2,116,"RG","SE"
228,1,116,"RG","SE"
15,2,116,"RG","SE"
57,9,116,"RG","SE"
130,1,116,"RG","SE"
488,6,116,"RG","SE"
436,1,116,"RG","SE"
326,2,116,"RG","SE"
104,2,116,"RG","SE"
413,1,116,"RG","SE"
209,1,116,"RG","SE"
116,1,117,"RG","SE"
296,1,117,"RG","SE"
146,1,117,"RG","SE"
367,2,117,"RG","SE"
22,4,117,"RG","SE"
85,15,117,"RG","SE"
129,2,117,"RG","SE"
370,1,117,"RG","SE"
301,1,117,"RG","SE"
143,1,117,"RG","SE"
21,7,117,"RG","SE"
533,5,117,"RG","SE"
381,3,117,"RG","SE"
313,3,117,"RG","SE"
86,2,117,"RG","SE"
222,2,117,"RG","SE"
302,2,117,"RG","SE"
476,1,117,"RG","SE"
343,9,117,"RG","SE"
115,1,117,"RG","SE"
470,5,117,"RG","SE"
377,2,117,"RG","SE"
232,4,117,"RG","SE"
430,1,117,"RG","SE"
277,1,117,"RG","SE"
243,2,117,"RG","SE"
358,16,117,"RG","SE"
285,3,117,"RG","SE"
452,1,117,"RG","SE"
463,1,117,"RG","SE"
278,1,117,"RG","SE"
214,1,118,"RG","SE"
140,1,118,"RG","SE"
374,2,118,"RG","SE"
413,1,118,"RG","SE"
193,2,118,"RG","SE"
248,5,118,"RG","SE"
344,1,118,"RG","SE"
514,6,118,"RG","SE"
244,3,118,"RG","SE"
513,6,118,"RG","SE"
198,2,118,"RG","SE"
16,3,118,"RG","SE"
532,5,118,"RG","SE"
202,1,118,"RG","SE"
463,1,118,"RG","SE"
223,1,118,"RG","SE"
219,1,118,"RG","SE"
32,6,118,"RG","SE"
377,2,118,"RG","SE"
247,3,118,"RG","SE"
510,9,118,"RG","SE"
268,1,118,"RG","SE"
86,2,118,"RG","SE"
36,3,118,"RG","SE"
525,9,118,"RG","SE"
508,14,118,"RG","SE"
164,6,118,"RG","SE"
418,1,118,"RG","SE"
175,1,118,"RG","SE"
540,8,118,"RG","SE"
65,4,118,"RG","SE"
5,4,119,"RG","SE"
456,1,119,"RG","SE"
268,1,119,"RG","SE"
545,1,119,"RG","SE"
467,4,119,"RG","SE"
395,1,119,"RG","SE"
508,14,119,"RG","SE"
105,1,119,"RG","SE"
380,2,119,"RG","SE"
147,1,119,"RG","SE"
124,4,119,"RG","SE"
476,1,119,"RG","SE"
516,4,119,"RG","SE"
493,7,119,"RG","SE"
425,4,119,"RG","SE"
169,1,119,"RG","SE"
237,1,119,"RG","SE"
190,1,119,"RG","SE"
422,4,119,"RG","SE"
438,6,119,"RG","SE"
374,2,119,"RG","SE"
202,1,119,"RG","SE"
214,1,119,"RG","SE"
219,1,119,"RG","SE"
410,2,119,"RG","SE"
257,1,119,"RG","SE"
57,9,119,"RG","SE"
278,1,119,"RG","SE"
126,3,119,"RG","SE"
26,59,119,"RG","SE"
168,1,119,"RG","SE"
123,4,120,"RG","SE"
296,1,120,"RG","SE"
517,6,120,"RG","SE"
458,1,120,"RG","SE"
105,1,120,"RG","SE"
397,1,120,"RG","SE"
305,1,120,"RG","SE"
64,9,120,"RG","SE"
3,5,120,"RG","SE"
168,1,120,"RG","SE"
322,3,120,"RG","SE"
482,5,120,"RG","SE"
89,1,120,"RG","SE"
526,2,120,"RG","SE"
481,2,120,"RG","SE"
336,1,120,"RG","SE"
67,9,120,"RG","SE"
368,1,120,"RG","SE"
494,8,120,"RG","SE"
5,4,120,"RG","SE"
493,7,120,"RG","SE"
258,1,120,"RG","SE"
157,1,120,"RG","SE"
185,1,120,"RG","SE"
525,9,120,"RG","SE"
367,2,120,"RG","SE"
155,1,120,"RG","SE"
352,2,120,"RG","SE"
313,3,120,"RG","SE"
469,5,120,"RG","SE"
419,1,120,"RG","SE"
514,6,121,"RG","SE"
222,2,121,"RG","SE"
209,1,121,"RG","SE"
169,1,121,"RG","SE"
526,2,121,"RG","SE"
250,1,121,"RG","SE"
541,8,121,"RG","SE"
513,6,121,"RG","SE"
244,3,121,"RG","SE"
64,9,121,"RG","SE"
186,2,121,"RG","SE"
142,1,121,"RG","SE"
452,1,121,"RG","SE"
308,2,121,"RG","SE"
510,9,121,"RG","SE"
219,1,121,"RG","SE"
496,22,121,"RG","SE"
394,1,121,"RG","SE"
160,1,121,"RG","SE"
505,11,121,"RG","SE"
247,3,121,"RG","SE"
266,1,121,"RG","SE"
225,1,121,"RG","SE"
228,1,121,"RG","SE"
25,1,121,"RG","SE"
276,3,121,"RG","SE"
183,3,121,"RG","SE"
527,8,121,"RG","SE"
72,9,121,"RG","SE"
54,39,121,"RG","SE"
124,4,121,"RG","SE"
277,1,122,"RG","SE"
11,27,122,"RG","SE"
516,4,122,"RG","SE"
248,5,122,"RG","SE"
528,5,122,"RG","SE"
547,1,122,"RG","SE"
399,1,122,"RG","SE"
435,2,122,"RG","SE"
269,1,122,"RG","SE"
345,1,122,"RG","SE"
284,1,122,"RG","SE"
21,7,122,"RG","SE"
187,1,122,"RG","SE"
394,1,122,"RG","SE"
535,3,122,"RG","SE"
540,8,122,"RG","SE"
413,1,122,"RG","SE"
431,1,122,"RG","SE"
378,1,122,"RG","SE"
494,8,122,"RG","SE"
13,1,122,"RG","SE"
5,4,122,"RG","SE"
123,4,122,"RG","SE"
32,6,122,"RG","SE"
317,2,122,"RG","SE"
27,2,122,"RG","SE"
72,9,122,"RG","SE"
164,6,122,"RG","SE"
506,7,122,"RG","SE"
496,22,122,"RG","SE"
276,3,122,"RG","SE"
28,50,123,"RG","SE"
487,4,123,"RG","SE"
376,3,123,"RG","SE"
158,3,123,"RG","SE"
533,5,123,"RG","SE"
207,1,123,"RG","SE"
358,16,123,"RG","SE"
171,1,123,"RG","SE"
225,1,123,"RG","SE"
122,2,123,"RG","SE"
477,4,123,"RG","SE"
5,4,123,"RG","SE"
247,3,123,"RG","SE"
445,10,123,"RG","SE"
380,2,123,"RG","SE"
483,5,123,"RG","SE"
219,1,123,"RG","SE"
484,4,123,"RG","SE"
545,1,123,"RG","SE"
452,1,123,"RG","SE"
193,2,123,"RG","SE"
7,21,123,"RG","SE"
116,1,123,"RG","SE"
80,6,123,"RG","SE"
455,3,123,"RG","SE"
22,4,123,"RG","SE"
27,2,123,"RG","SE"
387,1,123,"RG","SE"
112,4,123,"RG","SE"
496,22,123,"RG","SE"
61,50,123,"RG","SE"
110,1,124,"RG","SE"
380,2,124,"RG","SE"
145,1,124,"RG","SE"
10,1,124,"RG","SE"
266,1,124,"RG","SE"
487,4,124,"RG","SE"
494,8,124,"RG","SE"
12,11,124,"RG","SE"
123,4,124,"RG","SE"
488,6,124,"RG","SE"
91,5,124,"RG","SE"
104,2,124,"RG","SE"
80,6,124,"RG","SE"
330,1,124,"RG","SE"
415,1,124,"RG","SE"
303,6,124,"RG","SE"
378,1,124,"RG","SE"
302,2,124,"RG","SE"
397,1,124,"RG","SE"
183,3,124,"RG","SE"
108,1,124,"RG","SE"
247,3,124,"RG","SE"
42,1,124,"RG","SE"
319,1,124,"RG","SE"
523,4,124,"RG","SE"
77,17,124,"RG","SE"
343,9,124,"RG","SE"
17,5,124,"RG","SE"
541,8,124,"RG","SE"
421,4,124,"RG","SE"
76,4,124,"RG","SE"
252,2,125,"RG","SE"
190,1,125,"RG","SE"
38,3,125,"RG","SE"
264,1,125,"RG","SE"
343,9,125,"RG","SE"
397,1,125,"RG","SE"
494,8,125,"RG","SE"
151,1,125,"RG","SE"
517,6,125,"RG","SE"
447,4,125,"RG","SE"
27,2,125,"RG","SE"
242,1,125,"RG","SE"
489,4,125,"RG","SE"
389,3,125,"RG","SE"
440,1,125,"RG","SE"
112,4,125,"RG","SE"
328,1,125,"RG","SE"
309,1,125,"RG","SE"
294,3,125,"RG","SE"
445,10,125,"RG","SE"
486,5,125,"RG","SE"
369,2,125,"RG","SE"
247,3,125,"RG","SE"
235,1,125,"RG","SE"
175,1,125,"RG","SE"
286,1,125,"RG","SE"
457,2,125,"RG","SE"
155,1,125,"RG","SE"
269,1,125,"RG","SE"
110,1,125,"RG","SE"
141,2,125,"RG","SE"
278,1,126,"RG","SE"
214,1,126,"RG","SE"
523,4,126,"RG","SE"
455,3,126,"RG","SE"
219,1,126,"RG","SE"
42,1,126,"RG","SE"
67,9,126,"RG","SE"
509,3,126,"RG","SE"
519,3,126,"RG","SE"
326,2,126,"RG","SE"
545,1,126,"RG","SE"
111,1,126,"RG","SE"
244,3,126,"RG","SE"
413,1,126,"RG","SE"
248,5,126,"RG","SE"
483,5,126,"RG","SE"
131,1,126,"RG","SE"
168,1,126,"RG","SE"
458,1,126,"RG","SE"
261,3,126,"RG","SE"
380,2,126,"RG","SE"
254,1,126,"RG","SE"
80,6,126,"RG","SE"
264,1,126,"RG","SE"
10,1,126,"RG","SE"
296,1,126,"RG","SE"
474,1,126,"RG","SE"
78,21,126,"RG","SE"
85,15,126,"RG","SE"
77,17,126,"RG","SE"
363,2,126,"RG","SE"
186,2,127,"RG","SE"
145,1,127,"RG","SE"
160,1,127,"RG","SE"
370,1,127,"RG","SE"
119,1,127,"RG","SE"
378,1,127,"RG","SE"
291,1,127,"RG","SE"
389,3,127,"RG","SE"
157,1,127,"RG","SE"
273,1,127,"RG","SE"
341,2,127,"RG","SE"
380,2,127,"RG","SE"
278,1,127,"RG","SE"
164,6,127,"RG","SE"
77,17,127,"RG","SE"
22,4,127,"RG","SE"
148,1,127,"RG","SE"
516,4,127,"RG","SE"
141,2,127,"RG","SE"
151,1,127,"RG","SE"
354,2,127,"RG","SE"
369,2,127,"RG","SE"
466,1,127,"RG","SE"
111,1,127,"RG","SE"
418,1,127,"RG","SE"
245,1,127,"RG","SE"
219,1,127,"RG","SE"
463,1,127,"RG","SE"
179,12,127,"RG","SE"
128,1,127,"RG","SE"
279,1,127,"RG","SE"
291,1,128,"RG","SE"
54,39,128,"RG","SE"
20,7,128,"RG","SE"
138,2,128,"RG","SE"
382,1,128,"RG","SE"
131,1,128,"RG","SE"
349,1,128,"RG","SE"
301,1,128,"RG","SE"
22,4,128,"RG","SE"
242,1,128,"RG","SE"
363,2,128,"RG","SE"
173,2,128,"RG","SE"
269,1,128,"RG","SE"
431,1,128,"RG","SE"
494,8,128,"RG","SE"
340,1,128,"RG","SE"
160,1,128,"RG","SE"
153,1,128,"RG","SE"
130,1,128,"RG","SE"
222,2,128,"RG","SE"
116,1,128,"RG","SE"
76,4,128,"RG","SE"
250,1,128,"RG","SE"
344,1,128,"RG","SE"
322,3,128,"RG","SE"
436,1,128,"RG","SE"
395,1,128,"RG","SE"
377,2,128,"RG","SE"
89,1,128,"RG","SE"
57,9,128,"RG","SE"
44,30,128,"RG","SE"
470,5,129,"RG","SE"
4,5,129,"RG","SE"
223,1,129,"RG","SE"
203,1,129,"RG","SE"
368,1,129,"RG","SE"
426,4,129,"RG","SE"
534,3,129,"RG","SE"
207,1,129,"RG","SE"
519,3,129,"RG","SE"
27,2,129,"RG","SE"
255,1,129,"RG","SE"
15,2,129,"RG","SE"
185,1,129,"RG","SE"
458,1,129,"RG","SE"
431,1,129,"RG","SE"
510,9,129,"RG","SE"
308,2,129,"RG","SE"
198,2,129,"RG","SE"
175,1,129,"RG","SE"
68,5,129,"RG","SE"
520,2,129,"RG","SE"
194,1,129,"RG","SE"
358,16,129,"RG","SE"
540,8,129,"RG","SE"
36,3,129,"RG","SE"
514,6,129,"RG","SE"
129,2,129,"RG","SE"
319,1,129,"RG","SE"
488,6,129,"RG","SE"
44,30,129,"RG","SE"
278,1,129,"RG","SE"
332,1,130,"RG","SE"
372,1,130,"RG","SE"
105,1,130,"RG","SE"
259,6,130,"RG","SE"
25,1,130,"RG","SE"
523,4,130,"RG","SE"
426,4,130,"RG","SE"
149,1,130,"RG","SE"
166,1,130,"RG","SE"
108,1,130,"RG","SE"
244,3,130,"RG","SE"
441,1,130,"RG","SE"
65,4,130,"RG","SE"
179,12,130,"RG","SE"
415,1,130,"RG","SE"
283,1,130,"RG","SE"
474,1,130,"RG","SE"
157,1,130,"RG","SE"
106,1,130,"RG","SE"
452,1,130,"RG","SE"
380,2,130,"RG","SE"
214,1,130,"RG","SE"
284,1,130,"RG","SE"
318,3,130,"RG","SE"
83,2,130,"RG","SE"
322,3,130,"RG","SE"
531,2,130,"RG","SE"
144,1,130,"RG","SE"
194,1,130,"RG","SE"
67,9,130,"RG","SE"
277,1,130,"RG","SE"
209,1,131,"RG","SE"
160,1,131,"RG","SE"
222,2,131,"RG","SE"
526,2,131,"RG","SE"
147,1,131,"RG","SE"
399,1,131,"RG","SE"
17,5,131,"RG","SE"
36,3,131,"RG","SE"
370,1,131,"RG","SE"
253,1,131,"RG","SE"
358,16,131,"RG","SE"
296,1,131,"RG","SE"
22,4,131,"RG","SE"
243,2,131,"RG","SE"
418,1,131,"RG","SE"
130,1,131,"RG","SE"
86,2,131,"RG","SE"
104,2,131,"RG","SE"
12,11,131,"RG","SE"
433,2,131,"RG","SE"
25,1,131,"RG","SE"
38,3,131,"RG","SE"
395,1,131,"RG","SE"
28,50,131,"RG","SE"
435,2,131,"RG","SE"
78,21,131,"RG","SE"
417,1,131,"RG","SE"
425,4,131,"RG","SE"
199,1,131,"RG","SE"
254,1,131,"RG","SE"
540,8,131,"RG","SE"
283,1,132,"RG","SE"
330,1,132,"RG","SE"
440,1,132,"RG","SE"
85,15,132,"RG","SE"
294,3,132,"RG","SE"
526,2,132,"RG","SE"
214,1,132,"RG","SE"
132,1,132,"RG","SE"
531,2,132,"RG","SE"
26,59,132,"RG","SE"
484,4,132,"RG","SE"
242,1,132,"RG","SE"
285,3,132,"RG","SE"
86,2,132,"RG","SE"
487,4,132,"RG","SE"
344,1,132,"RG","SE"
169,1,132,"RG","SE"
395,1,132,"RG","SE"
348,2,132,"RG","SE"
142,1,132,"RG","SE"
349,1,132,"RG","SE"
336,1,132,"RG","SE"
191,1,132,"RG","SE"
376,3,132,"RG","SE"
104,2,132,"RG","SE"
435,2,132,"RG","SE"
410,2,132,"RG","SE"
488,6,132,"RG","SE"
369,2,132,"RG","SE"
276,3,132,"RG","SE"
343,9,132,"RG","SE"
219,1,133,"RG","SE"
105,1,133,"RG","SE"
308,2,133,"RG","SE"
245,1,133,"RG","SE"
488,6,133,"RG","SE"
244,3,133,"RG","SE"
305,1,133,"RG","SE"
36,3,133,"RG","SE"
330,1,133,"RG","SE"
480,6,133,"RG","SE"
149,1,133,"RG","SE"
433,2,133,"RG","SE"
426,4,133,"RG","SE"
508,14,133,"RG","SE"
17,5,133,"RG","SE"
456,1,133,"RG","SE"
284,1,133,"RG","SE"
304,2,133,"RG","SE"
439,1,133,"RG","SE"
155,1,133,"RG","SE"
430,1,133,"RG","SE"
279,1,133,"RG","SE"
294,3,133,"RG","SE"
202,1,133,"RG","SE"
106,1,133,"RG","SE"
228,1,133,"RG","SE"
390,1,133,"RG","SE"
458,1,133,"RG","SE"
129,2,133,"RG","SE"
278,1,133,"RG","SE"
513,6,133,"RG","SE"
348,2,134,"RG","SE"
469,5,134,"RG","SE"
54,39,134,"RG","SE"
235,1,134,"RG","SE"
487,4,134,"RG","SE"
140,1,134,"RG","SE"
285,3,134,"RG","SE"
390,1,134,"RG","SE"
516,4,134,"RG","SE"
12,11,134,"RG","SE"
204,2,134,"RG","SE"
225,1,134,"RG","SE"
484,4,134,"RG","SE"
482,5,134,"RG","SE"
399,1,134,"RG","SE"
457,2,134,"RG","SE"
501,17,134,"RG","SE"
436,1,134,"RG","SE"
440,1,134,"RG","SE"
168,1,134,"RG","SE"
153,1,134,"RG","SE"
463,1,134,"RG","SE"
425,4,134,"RG","SE"
252,2,134,"RG","SE"
341,2,134,"RG","SE"
525,9,134,"RG","SE"
471,3,134,"RG","SE"
86,2,134,"RG","SE"
87,1,134,"RG","SE"
237,1,134,"RG","SE"
467,4,134,"RG","SE"
273,1,135,"RG","SE"
515,4,135,"RG","SE"
142,1,135,"RG","SE"
284,1,135,"RG","SE"
394,1,135,"RG","SE"
322,3,135,"RG","SE"
21,7,135,"RG","SE"
461,1,135,"RG","SE"
15,2,135,"RG","SE"
509,3,135,"RG","SE"
214,1,135,"RG","SE"
237,1,135,"RG","SE"
171,1,135,"RG","SE"
535,3,135,"RG","SE"
198,2,135,"RG","SE"
343,9,135,"RG","SE"
426,4,135,"RG","SE"
199,1,135,"RG","SE"
219,1,135,"RG","SE"
372,1,135,"RG","SE"
377,2,135,"RG","SE"
64,9,135,"RG","SE"
155,1,135,"RG","SE"
25,1,135,"RG","SE"
326,2,135,"RG","SE"
493,7,135,"RG","SE"
144,1,135,"RG","SE"
545,1,135,"RG","SE"
506,7,135,"RG","SE"
276,3,135,"RG","SE"
483,5,135,"RG","SE"
160,1,136,"RG","SE"
115,1,136,"RG","SE"
363,2,136,"RG","SE"
538,2,136,"RG","SE"
12,11,136,"RG","SE"
283,1,136,"RG","SE"
438,6,136,"RG","SE"
502,7,136,"RG","SE"
309,1,136,"RG","SE"
354,2,136,"RG","SE"
101,1,136,"RG","SE"
285,3,136,"RG","SE"
20,7,136,"RG","SE"
376,3,136,"RG","SE"
517,6,136,"RG","SE"
153,1,136,"RG","SE"
13,1,136,"RG","SE"
27,2,136,"RG","SE"
332,1,136,"RG","SE"
196,2,136,"RG","SE"
22,4,136,"RG","SE"
277,1,136,"RG","SE"
310,1,136,"RG","SE"
125,1,136,"RG","SE"
528,5,136,"RG","SE"
38,3,136,"RG","SE"
124,4,136,"RG","SE"
410,2,136,"RG","SE"
26,59,136,"RG","SE"
252,2,136,"RG","SE"
242,1,136,"RG","SE"
237,1,137,"RG","SE"
369,2,137,"RG","SE"
509,3,137,"RG","SE"
85,15,137,"RG","SE"
166,1,137,"RG","SE"
519,3,137,"RG","SE"
544,1,137,"RG","SE"
116,1,137,"RG","SE"
279,1,137,"RG","SE"
470,5,137,"RG","SE"
5,4,137,"RG","SE"
110,1,137,"RG","SE"
170,1,137,"RG","SE"
175,1,137,"RG","SE"
268,1,137,"RG","SE"
169,1,137,"RG","SE"
426,4,137,"RG","SE"
64,9,137,"RG","SE"
28,50,137,"RG","SE"
198,2,137,"RG","SE"
191,1,137,"RG","SE"
245,1,137,"RG","SE"
147,1,137,"RG","SE"
259,6,137,"RG","SE"
10,1,137,"RG","SE"
392,1,137,"RG","SE"
486,5,137,"RG","SE"
185,1,137,"RG","SE"
261,3,137,"RG","SE"
352,2,137,"RG","SE"
57,9,137,"RG","SE"
32,6,138,"RG","SE"
225,1,138,"RG","SE"
455,3,138,"RG","SE"
302,2,138,"RG","SE"
541,8,138,"RG","SE"
242,1,138,"RG","SE"
368,1,138,"RG","SE"
470,5,138,"RG","SE"
301,1,138,"RG","SE"
489,4,138,"RG","SE"
426,4,138,"RG","SE"
430,1,138,"RG","SE"
15,2,138,"RG","SE"
214,1,138,"RG","SE"
123,4,138,"RG","SE"
304,2,138,"RG","SE"
142,1,138,"RG","SE"
533,5,138,"RG","SE"
183,3,138,"RG","SE"
463,1,138,"RG","SE"
49,1,138,"RG","SE"
547,1,138,"RG","SE"
357,1,138,"RG","SE"
76,4,138,"RG","SE"
336,1,138,"RG","SE"
57,9,138,"RG","SE"
392,1,138,"RG","SE"
482,5,138,"RG","SE"
465,1,138,"RG","SE"
397,1,138,"RG","SE"
506,7,138,"RG","SE"
479,6,139,"RG","SE"
498,25,139,"RG","SE"
363,2,139,"RG","SE"
493,7,139,"RG","SE"
89,1,139,"RG","SE"
296,1,139,"RG","SE"
494,8,139,"RG","SE"
387,1,139,"RG","SE"
160,1,139,"RG","SE"
124,4,139,"RG","SE"
125,1,139,"RG","SE"
291,1,139,"RG","SE"
61,50,139,"RG","SE"
283,1,139,"RG","SE"
326,2,139,"RG","SE"
44,30,139,"RG","SE"
344,1,139,"RG","SE"
445,10,139,"RG","SE"
410,2,139,"RG","SE"
268,1,139,"RG","SE"
168,1,139,"RG","SE"
397,1,139,"RG","SE"
439,1,139,"RG","SE"
102,1,139,"RG","SE"
540,8,139,"RG","SE"
175,1,139,"RG","SE"
378,1,139,"RG","SE"
322,3,139,"RG","SE"
78,21,139,"RG","SE"
480,6,139,"RG","SE"
277,1,139,"RG","SE"
219,1,140,"RG","SE"
282,1,140,"RG","SE"
343,9,140,"RG","SE"
305,1,140,"RG","SE"
61,50,140,"RG","SE"
179,12,140,"RG","SE"
128,1,140,"RG","SE"
22,4,140,"RG","SE"
445,10,140,"RG","SE"
248,5,140,"RG","SE"
245,1,140,"RG","SE"
207,1,140,"RG","SE"
273,1,140,"RG","SE"
222,2,140,"RG","SE"
544,1,140,"RG","SE"
147,1,140,"RG","SE"
474,1,140,"RG","SE"
158,3,140,"RG","SE"
301,1,140,"RG","SE"
322,3,140,"RG","SE"
480,6,140,"RG","SE"
349,1,140,"RG","SE"
466,1,140,"RG","SE"
372,1,140,"RG","SE"
65,4,140,"RG","SE"
425,4,140,"RG","SE"
471,3,140,"RG","SE"
493,7,140,"RG","SE"
284,1,140,"RG","SE"
140,1,140,"RG","SE"
242,1,140,"RG","SE"
219,1,141,"RG","SE"
155,1,141,"RG","SE"
294,3,141,"RG","SE"
12,11,141,"RG","SE"
470,5,141,"RG","SE"
157,1,141,"RG","SE"
447,4,141,"RG","SE"
198,2,141,"RG","SE"
173,2,141,"RG","SE"
101,1,141,"RG","SE"
330,1,141,"RG","SE"
397,1,141,"RG","SE"
372,1,141,"RG","SE"
235,1,141,"RG","SE"
277,1,141,"RG","SE"
326,2,141,"RG","SE"
465,1,141,"RG","SE"
22,4,141,"RG","SE"
433,2,141,"RG","SE"
91,5,141,"RG","SE"
378,1,141,"RG","SE"
482,5,141,"RG","SE"
352,2,141,"RG","SE"
532,5,141,"RG","SE"
19,5,141,"RG","SE"
430,1,141,"RG","SE"
249,2,141,"RG","SE"
313,3,141,"RG","SE"
116,1,141,"RG","SE"
369,2,141,"RG","SE"
264,1,141,"RG","SE"
317,2,142,"RG","SE"
108,1,142,"RG","SE"
14,30,142,"RG","SE"
534,3,142,"RG","SE"
149,1,142,"RG","SE"
361,3,142,"RG","SE"
20,7,142,"RG","SE"
185,1,142,"RG","SE"
65,4,142,"RG","SE"
284,1,142,"RG","SE"
376,3,142,"RG","SE"
277,1,142,"RG","SE"
286,1,142,"RG","SE"
166,1,142,"RG","SE"
248,5,142,"RG","SE"
494,8,142,"RG","SE"
470,5,142,"RG","SE"
425,4,142,"RG","SE"
12,11,142,"RG","SE"
515,4,142,"RG","SE"
463,1,142,"RG","SE"
91,5,142,"RG","SE"
175,1,142,"RG","SE"
223,1,142,"RG","SE"
16,3,142,"RG","SE"
198,2,142,"RG","SE"
54,39,142,"RG","SE"
527,8,142,"RG","SE"
380,2,142,"RG","SE"
354,2,142,"RG","SE"
437,1,142,"RG","SE"
463,1,143,"RG","SE"
425,4,143,"RG","SE"
469,5,143,"RG","SE"
523,4,143,"RG","SE"
322,3,143,"RG","SE"
417,1,143,"RG","SE"
38,3,143,"RG","SE"
351,1,143,"RG","SE"
112,4,143,"RG","SE"
160,1,143,"RG","SE"
326,2,143,"RG","SE"
169,1,143,"RG","SE"
309,1,143,"RG","SE"
106,1,143,"RG","SE"
532,5,143,"RG","SE"
123,4,143,"RG","SE"
187,1,143,"RG","SE"
61,50,143,"RG","SE"
465,1,143,"RG","SE"
418,1,143,"RG","SE"
394,1,143,"RG","SE"
158,3,143,"RG","SE"
516,4,143,"RG","SE"
368,1,143,"RG","SE"
283,1,143,"RG","SE"
480,6,143,"RG","SE"
349,1,143,"RG","SE"
310,1,143,"RG","SE"
85,15,143,"RG","SE"
336,1,143,"RG","SE"
45,1,143,"RG","SE"
467,4,144,"RG","SE"
502,7,144,"RG","SE"
487,4,144,"RG","SE"
214,1,144,"RG","SE"
243,2,144,"RG","SE"
140,1,144,"RG","SE"
142,1,144,"RG","SE"
541,8,144,"RG","SE"
382,1,144,"RG","SE"
10,1,144,"RG","SE"
392,1,144,"RG","SE"
32,6,144,"RG","SE"
458,1,144,"RG","SE"
422,4,144,"RG","SE"
517,6,144,"RG","SE"
404,1,144,"RG","SE"
115,1,144,"RG","SE"
190,1,144,"RG","SE"
111,1,144,"RG","SE"
7,21,144,"RG","SE"
387,1,144,"RG","SE"
148,1,144,"RG","SE"
505,11,144,"RG","SE"
447,4,144,"RG","SE"
254,1,144,"RG","SE"
80,6,144,"RG","SE"
124,4,144,"RG","SE"
534,3,144,"RG","SE"
198,2,144,"RG","SE"
399,1,144,"RG","SE"
340,1,144,"RG","SE"
273,1,145,"RG","SE"
268,1,145,"RG","SE"
545,1,145,"RG","SE"
539,1,145,"RG","SE"
277,1,145,"RG","SE"
404,1,145,"RG","SE"
38,3,145,"RG","SE"
535,3,145,"RG","SE"
498,25,145,"RG","SE"
196,2,145,"RG","SE"
461,1,145,"RG","SE"
309,1,145,"RG","SE"
185,1,145,"RG","SE"
198,2,145,"RG","SE"
171,1,145,"RG","SE"
366,1,145,"RG","SE"
119,1,145,"RG","SE"
72,9,145,"RG","SE"
372,1,145,"RG","SE"
482,5,145,"RG","SE"
534,3,145,"RG","SE"
20,7,145,"RG","SE"
26,59,145,"RG","SE"
194,1,145,"RG","SE"
186,2,145,"RG","SE"
11,27,145,"RG","SE"
89,1,145,"RG","SE"
430,1,145,"RG","SE"
183,3,145,"RG","SE"
51,2,145,"RG","SE"
65,4,145,"RG","SE"
285,3,146,"RG","SE"
309,1,146,"RG","SE"
235,1,146,"RG","SE"
155,1,146,"RG","SE"
490,4,146,"RG","SE"
28,50,146,"RG","SE"
147,1,146,"RG","SE"
87,1,146,"RG","SE"
488,6,146,"RG","SE"
248,5,146,"RG","SE"
143,1,146,"RG","SE"
523,4,146,"RG","SE"
389,3,146,"RG","SE"
254,1,146,"RG","SE"
489,4,146,"RG","SE"
419,1,146,"RG","SE"
76,4,146,"RG","SE"
278,1,146,"RG","SE"
506,7,146,"RG","SE"
160,1,146,"RG","SE"
183,3,146,"RG","SE"
358,16,146,"RG","SE"
257,1,146,"RG","SE"
352,2,146,"RG","SE"
504,10,146,"RG","SE"
119,1,146,"RG","SE"
264,1,146,"RG","SE"
481,2,146,"RG","SE"
357,1,146,"RG","SE"
296,1,146,"RG","SE"
123,4,146,"RG","SE"
404,1,147,"RG","SE"
481,2,147,"RG","SE"
277,1,147,"RG","SE"
232,4,147,"RG","SE"
145,1,147,"RG","SE"
377,2,147,"RG","SE"
83,2,147,"RG","SE"
368,1,147,"RG","SE"
305,1,147,"RG","SE"
330,1,147,"RG","SE"
103,1,147,"RG","SE"
13,1,147,"RG","SE"
422,4,147,"RG","SE"
124,4,147,"RG","SE"
269,1,147,"RG","SE"
10,1,147,"RG","SE"
421,4,147,"RG","SE"
433,2,147,"RG","SE"
257,1,147,"RG","SE"
349,1,147,"RG","SE"
158,3,147,"RG","SE"
42,1,147,"RG","SE"
278,1,147,"RG","SE"
508,14,147,"RG","SE"
313,3,147,"RG","SE"
302,2,147,"RG","SE"
528,5,147,"RG","SE"
466,1,147,"RG","SE"
15,2,147,"RG","SE"
374,2,147,"RG","SE"
155,1,147,"RG","SE"
370,1,148,"RG","SE"
10,1,148,"RG","SE"
151,1,148,"RG","SE"
538,2,148,"RG","SE"
25,1,148,"RG","SE"
483,5,148,"RG","SE"
326,2,148,"RG","SE"
541,8,148,"RG","SE"
348,2,148,"RG","SE"
399,1,148,"RG","SE"
223,1,148,"RG","SE"
285,3,148,"RG","SE"
421,4,148,"RG","SE"
340,1,148,"RG","SE"
501,17,148,"RG","SE"
502,7,148,"RG","SE"
225,1,148,"RG","SE"
482,5,148,"RG","SE"
148,1,148,"RG","SE"
157,1,148,"RG","SE"
4,5,148,"RG","SE"
426,4,148,"RG","SE"
376,3,148,"RG","SE"
515,4,148,"RG","SE"
248,5,148,"RG","SE"
129,2,148,"RG","SE"
534,3,148,"RG","SE"
244,3,148,"RG","SE"
222,2,148,"RG","SE"
354,2,148,"RG","SE"
80,6,148,"RG","SE"
173,2,149,"RG","SE"
533,5,149,"RG","SE"
20,7,149,"RG","SE"
326,2,149,"RG","SE"
282,1,149,"RG","SE"
354,2,149,"RG","SE"
223,1,149,"RG","SE"
199,1,149,"RG","SE"
535,3,149,"RG","SE"
496,22,149,"RG","SE"
363,2,149,"RG","SE"
138,2,149,"RG","SE"
142,1,149,"RG","SE"
21,7,149,"RG","SE"
124,4,149,"RG","SE"
422,4,149,"RG","SE"
203,1,149,"RG","SE"
22,4,149,"RG","SE"
526,2,149,"RG","SE"
376,3,149,"RG","SE"
285,3,149,"RG","SE"
370,1,149,"RG","SE"
264,1,149,"RG","SE"
348,2,149,"RG","SE"
80,6,149,"RG","SE"
191,1,149,"RG","SE"
32,6,149,"RG","SE"
515,4,149,"RG","SE"
319,1,149,"RG","SE"
244,3,149,"RG","SE"
516,4,149,"RG","SE"
363,2,150,"RG","SE"
142,1,150,"RG","SE"
20,7,150,"RG","SE"
377,2,150,"RG","SE"
533,5,150,"RG","SE"
64,9,150,"RG","SE"
87,1,150,"RG","SE"
285,3,150,"RG","SE"
481,2,150,"RG","SE"
80,6,150,"RG","SE"
378,1,150,"RG","SE"
255,1,150,"RG","SE"
38,3,150,"RG","SE"
490,4,150,"RG","SE"
254,1,150,"RG","SE"
168,1,150,"RG","SE"
479,6,150,"RG","SE"
129,2,150,"RG","SE"
12,11,150,"RG","SE"
425,4,150,"RG","SE"
467,4,150,"RG","SE"
457,2,150,"RG","SE"
250,1,150,"RG","SE"
501,17,150,"RG","SE"
202,1,150,"RG","SE"
49,1,150,"RG","SE"
247,3,150,"RG","SE"
531,2,150,"RG","SE"
151,1,150,"RG","SE"
269,1,150,"RG","SE"
158,3,150,"RG","SE"
482,5,151,"RG","SE"
7,21,151,"RG","SE"
170,1,151,"RG","SE"
525,9,151,"RG","SE"
13,1,151,"RG","SE"
83,2,151,"RG","SE"
392,1,151,"RG","SE"
168,1,151,"RG","SE"
404,1,151,"RG","SE"
502,7,151,"RG","SE"
286,1,151,"RG","SE"
282,1,151,"RG","SE"
377,2,151,"RG","SE"
505,11,151,"RG","SE"
387,1,151,"RG","SE"
179,12,151,"RG","SE"
242,1,151,"RG","SE"
105,1,151,"RG","SE"
486,5,151,"RG","SE"
104,2,151,"RG","SE"
207,1,151,"RG","SE"
91,5,151,"RG","SE"
228,1,151,"RG","SE"
67,9,151,"RG","SE"
296,1,151,"RG","SE"
445,10,151,"RG","SE"
123,4,151,"RG","SE"
458,1,151,"RG","SE"
319,1,151,"RG","SE"
541,8,151,"RG","SE"
203,1,151,"RG","SE"
80,6,152,"RG","SE"
38,3,152,"RG","SE"
269,1,152,"RG","SE"
367,2,152,"RG","SE"
488,6,152,"RG","SE"
11,27,152,"RG","SE"
145,1,152,"RG","SE"
22,4,152,"RG","SE"
374,2,152,"RG","SE"
309,1,152,"RG","SE"
527,8,152,"RG","SE"
502,7,152,"RG","SE"
258,1,152,"RG","SE"
235,1,152,"RG","SE"
481,2,152,"RG","SE"
413,1,152,"RG","SE"
115,1,152,"RG","SE"
15,2,152,"RG","SE"
44,30,152,"RG","SE"
169,1,152,"RG","SE"
245,1,152,"RG","SE"
469,5,152,"RG","SE"
534,3,152,"RG","SE"
54,39,152,"RG","SE"
519,3,152,"RG","SE"
369,2,152,"RG","SE"
160,1,152,"RG","SE"
252,2,152,"RG","SE"
376,3,152,"RG","SE"
170,1,152,"RG","SE"
455,3,152,"RG","SE"
312,1,153,"RG","SE"
173,2,153,"RG","SE"
196,2,153,"RG","SE"
89,1,153,"RG","SE"
67,9,153,"RG","SE"
524,2,153,"RG","SE"
111,1,153,"RG","SE"
269,1,153,"RG","SE"
322,3,153,"RG","SE"
276,3,153,"RG","SE"
541,8,153,"RG","SE"
351,1,153,"RG","SE"
505,11,153,"RG","SE"
20,7,153,"RG","SE"
78,21,153,"RG","SE"
61,50,153,"RG","SE"
123,4,153,"RG","SE"
509,3,153,"RG","SE"
481,2,153,"RG","SE"
304,2,153,"RG","SE"
235,1,153,"RG","SE"
17,5,153,"RG","SE"
488,6,153,"RG","SE"
437,1,153,"RG","SE"
413,1,153,"RG","SE"
318,3,153,"RG","SE"
277,1,153,"RG","SE"
228,1,153,"RG","SE"
397,1,153,"RG","SE"
435,2,153,"RG","SE"
431,1,153,"RG","SE"
513,6,154,"RG","SE"
279,1,154,"RG","SE"
358,16,154,"RG","SE"
33,12,154,"RG","SE"
76,4,154,"RG","SE"
418,1,154,"RG","SE"
166,1,154,"RG","SE"
401,1,154,"RG","SE"
540,8,154,"RG","SE"
57,9,154,"RG","SE"
340,1,154,"RG","SE"
130,1,154,"RG","SE"
170,1,154,"RG","SE"
235,1,154,"RG","SE"
45,1,154,"RG","SE"
422,4,154,"RG","SE"
273,1,154,"RG","SE"
108,1,154,"RG","SE"
430,1,154,"RG","SE"
433,2,154,"RG","SE"
11,27,154,"RG","SE"
328,1,154,"RG","SE"
147,1,154,"RG","SE"
3,5,154,"RG","SE"
32,6,154,"RG","SE"
83,2,154,"RG","SE"
319,1,154,"RG","SE"
351,1,154,"RG","SE"
531,2,154,"RG","SE"
526,2,154,"RG","SE"
544,1,154,"RG","SE"
308,2,155,"RG","SE"
207,1,155,"RG","SE"
214,1,155,"RG","SE"
368,1,155,"RG","SE"
194,1,155,"RG","SE"
291,1,155,"RG","SE"
469,5,155,"RG","SE"
433,2,155,"RG","SE"
431,1,155,"RG","SE"
284,1,155,"RG","SE"
276,3,155,"RG","SE"
496,22,155,"RG","SE"
190,1,155,"RG","SE"
447,4,155,"RG","SE"
340,1,155,"RG","SE"
20,7,155,"RG","SE"
524,2,155,"RG","SE"
344,1,155,"RG","SE"
283,1,155,"RG","SE"
436,1,155,"RG","SE"
22,4,155,"RG","SE"
455,3,155,"RG","SE"
105,1,155,"RG","SE"
175,1,155,"RG","SE"
440,1,155,"RG","SE"
354,2,155,"RG","SE"
266,1,155,"RG","SE"
516,4,155,"RG","SE"
318,3,155,"RG","SE"
548,1,155,"RG","SE"
498,25,155,"RG","SE"
222,2,156,"RG","SE"
502,7,156,"RG","SE"
458,1,156,"RG","SE"
433,2,156,"RG","SE"
535,3,156,"RG","SE"
469,5,156,"RG","SE"
547,1,156,"RG","SE"
305,1,156,"RG","SE"
294,3,156,"RG","SE"
185,1,156,"RG","SE"
372,1,156,"RG","SE"
322,3,156,"RG","SE"
488,6,156,"RG","SE"
26,59,156,"RG","SE"
10,1,156,"RG","SE"
378,1,156,"RG","SE"
252,2,156,"RG","SE"
258,1,156,"RG","SE"
20,7,156,"RG","SE"
128,1,156,"RG","SE"
179,12,156,"RG","SE"
261,3,156,"RG","SE"
422,4,156,"RG","SE"
415,1,156,"RG","SE"
343,9,156,"RG","SE"
526,2,156,"RG","SE"
284,1,156,"RG","SE"
392,1,156,"RG","SE"
303,6,156,"RG","SE"
273,1,156,"RG","SE"
68,5,156,"RG","SE"
153,1,157,"RG","SE"
170,1,157,"RG","SE"
190,1,157,"RG","SE"
13,1,157,"RG","SE"
258,1,157,"RG","SE"
76,4,157,"RG","SE"
425,4,157,"RG","SE"
80,6,157,"RG","SE"
219,1,157,"RG","SE"
266,1,157,"RG","SE"
487,4,157,"RG","SE"
494,8,157,"RG","SE"
158,3,157,"RG","SE"
540,8,157,"RG","SE"
378,1,157,"RG","SE"
125,1,157,"RG","SE"
294,3,157,"RG","SE"
19,5,157,"RG","SE"
340,1,157,"RG","SE"
437,1,157,"RG","SE"
122,2,157,"RG","SE"
471,3,157,"RG","SE"
144,1,157,"RG","SE"
237,1,157,"RG","SE"
104,2,157,"RG","SE"
284,1,157,"RG","SE"
508,14,157,"RG","SE"
235,1,157,"RG","SE"
463,1,157,"RG","SE"
186,2,157,"RG","SE"
545,1,157,"RG","SE"
330,1,158,"RG","SE"
348,2,158,"RG","SE"
519,3,158,"RG","SE"
378,1,158,"RG","SE"
317,2,158,"RG","SE"
115,1,158,"RG","SE"
104,2,158,"RG","SE"
535,3,158,"RG","SE"
42,1,158,"RG","SE"
141,2,158,"RG","SE"
15,2,158,"RG","SE"
506,7,158,"RG","SE"
433,2,158,"RG","SE"
328,1,158,"RG","SE"
278,1,158,"RG","SE"
294,3,158,"RG","SE"
11,27,158,"RG","SE"
268,1,158,"RG","SE"
78,21,158,"RG","SE"
457,2,158,"RG","SE"
179,12,158,"RG","SE"
193,2,158,"RG","SE"
194,1,158,"RG","SE"
138,2,158,"RG","SE"
439,1,158,"RG","SE"
508,14,158,"RG","SE"
466,1,158,"RG","SE"
149,1,158,"RG","SE"
186,2,158,"RG","SE"
387,1,158,"RG","SE"
277,1,158,"RG","SE"
142,1,159,"RG","SE"
514,6,159,"RG","SE"
516,4,159,"RG","SE"
108,1,159,"RG","SE"
441,1,159,"RG","SE"
447,4,159,"RG","SE"
51,2,159,"RG","SE"
358,16,159,"RG","SE"
123,4,159,"RG","SE"
173,2,159,"RG","SE"
45,1,159,"RG","SE"
547,1,159,"RG","SE"
301,1,159,"RG","SE"
354,2,159,"RG","SE"
44,30,159,"RG","SE"
242,1,159,"RG","SE"
128,1,159,"RG","SE"
186,2,159,"RG","SE"
28,50,159,"RG","SE"
144,1,159,"RG","SE"
517,6,159,"RG","SE"
526,2,159,"RG","SE"
67,9,159,"RG","SE"
399,1,159,"RG","SE"
498,25,159,"RG","SE"
387,1,159,"RG","SE"
278,1,159,"RG","SE"
68,5,159,"RG","SE"
390,1,159,"RG","SE"
461,1,159,"RG","SE"
13,1,159,"RG","SE"
369,2,160,"RG","SE"
7,21,160,"RG","SE"
49,1,160,"RG","SE"
506,7,160,"RG","SE"
76,4,160,"RG","SE"
523,4,160,"RG","SE"
415,1,160,"RG","SE"
527,8,160,"RG","SE"
308,2,160,"RG","SE"
500,22,160,"RG","SE"
317,2,160,"RG","SE"
19,5,160,"RG","SE"
532,5,160,"RG","SE"
419,1,160,"RG","SE"
441,1,160,"RG","SE"
545,1,160,"RG","SE"
91,5,160,"RG","SE"
207,1,160,"RG","SE"
264,1,160,"RG","SE"
309,1,160,"RG","SE"
368,1,160,"RG","SE"
326,2,160,"RG","SE"
203,1,160,"RG","SE"
452,1,160,"RG","SE"
10,1,160,"RG","SE"
508,14,160,"RG","SE"
112,4,160,"RG","SE"
502,7,160,"RG","SE"
463,1,160,"RG","SE"
418,1,160,"RG","SE"
255,1,160,"RG","SE"
76,4,161,"RG","SE"
170,1,161,"RG","SE"
204,2,161,"RG","SE"
462,1,161,"RG","SE"
469,5,161,"RG","SE"
413,1,161,"RG","SE"
431,1,161,"RG","SE"
445,10,161,"RG","SE"
203,1,161,"RG","SE"
418,1,161,"RG","SE"
124,4,161,"RG","SE"
529,5,161,"RG","SE"
494,8,161,"RG","SE"
42,1,161,"RG","SE"
235,1,161,"RG","SE"
318,3,161,"RG","SE"
4,5,161,"RG","SE"
191,1,161,"RG","SE"
25,1,161,"RG","SE"
421,4,161,"RG","SE"
232,4,161,"RG","SE"
166,1,161,"RG","SE"
276,3,161,"RG","SE"
480,6,161,"RG","SE"
285,3,161,"RG","SE"
312,1,161,"RG","SE"
378,1,161,"RG","SE"
541,8,161,"RG","SE"
496,22,161,"RG","SE"
377,2,161,"RG","SE"
502,7,161,"RG","SE"
332,1,162,"RG","SE"
418,1,162,"RG","SE"
463,1,162,"RG","SE"
85,15,162,"RG","SE"
204,2,162,"RG","SE"
105,1,162,"RG","SE"
284,1,162,"RG","SE"
140,1,162,"RG","SE"
11,27,162,"RG","SE"
64,9,162,"RG","SE"
146,1,162,"RG","SE"
357,1,162,"RG","SE"
209,1,162,"RG","SE"
77,17,162,"RG","SE"
248,5,162,"RG","SE"
365,2,162,"RG","SE"
397,1,162,"RG","SE"
494,8,162,"RG","SE"
465,1,162,"RG","SE"
489,4,162,"RG","SE"
470,5,162,"RG","SE"
252,2,162,"RG","SE"
13,1,162,"RG","SE"
283,1,162,"RG","SE"
349,1,162,"RG","SE"
330,1,162,"RG","SE"
68,5,162,"RG","SE"
519,3,162,"RG","SE"
12,11,162,"RG","SE"
296,1,162,"RG","SE"
367,2,162,"RG","SE"
10,1,163,"RG","SE"
422,4,163,"RG","SE"
45,1,163,"RG","SE"
223,1,163,"RG","SE"
264,1,163,"RG","SE"
64,9,163,"RG","SE"
250,1,163,"RG","SE"
488,6,163,"RG","SE"
277,1,163,"RG","SE"
397,1,163,"RG","SE"
7,21,163,"RG","SE"
258,1,163,"RG","SE"
44,30,163,"RG","SE"
474,1,163,"RG","SE"
502,7,163,"RG","SE"
514,6,163,"RG","SE"
247,3,163,"RG","SE"
129,2,163,"RG","SE"
381,3,163,"RG","SE"
548,1,163,"RG","SE"
489,4,163,"RG","SE"
433,2,163,"RG","SE"
158,3,163,"RG","SE"
286,1,163,"RG","SE"
466,1,163,"RG","SE"
525,9,163,"RG","SE"
111,1,163,"RG","SE"
27,2,163,"RG","SE"
469,5,163,"RG","SE"
539,1,163,"RG","SE"
170,1,163,"RG","SE"
122,2,164,"RG","SE"
19,5,164,"RG","SE"
540,8,164,"RG","SE"
541,8,164,"RG","SE"
436,1,164,"RG","SE"
344,1,164,"RG","SE"
426,4,164,"RG","SE"
471,3,164,"RG","SE"
317,2,164,"RG","SE"
185,1,164,"RG","SE"
219,1,164,"RG","SE"
470,5,164,"RG","SE"
377,2,164,"RG","SE"
277,1,164,"RG","SE"
250,1,164,"RG","SE"
279,1,164,"RG","SE"
439,1,164,"RG","SE"
319,1,164,"RG","SE"
282,1,164,"RG","SE"
255,1,164,"RG","SE"
76,4,164,"RG","SE"
86,2,164,"RG","SE"
477,4,164,"RG","SE"
404,1,164,"RG","SE"
21,7,164,"RG","SE"
253,1,164,"RG","SE"
129,2,164,"RG","SE"
116,1,164,"RG","SE"
160,1,164,"RG","SE"
382,1,164,"RG","SE"
440,1,164,"RG","SE"
147,1,165,"RG","SE"
377,2,165,"RG","SE"
399,1,165,"RG","SE"
282,1,165,"RG","SE"
336,1,165,"RG","SE"
3,5,165,"RG","SE"
294,3,165,"RG","SE"
529,5,165,"RG","SE"
85,15,165,"RG","SE"
44,30,165,"RG","SE"
540,8,165,"RG","SE"
523,4,165,"RG","SE"
269,1,165,"RG","SE"
186,2,165,"RG","SE"
170,1,165,"RG","SE"
369,2,165,"RG","SE"
64,9,165,"RG","SE"
439,1,165,"RG","SE"
72,9,165,"RG","SE"
248,5,165,"RG","SE"
477,4,165,"RG","SE"
447,4,165,"RG","SE"
431,1,165,"RG","SE"
28,50,165,"RG","SE"
76,4,165,"RG","SE"
131,1,165,"RG","SE"
425,4,165,"RG","SE"
548,1,165,"RG","SE"
508,14,165,"RG","SE"
194,1,165,"RG","SE"
259,6,165,"RG","SE"
508,14,166,"RG","SE"
421,4,166,"RG","SE"
285,3,166,"RG","SE"
500,22,166,"RG","SE"
119,1,166,"RG","SE"
309,1,166,"RG","SE"
26,59,166,"RG","SE"
228,1,166,"RG","SE"
378,1,166,"RG","SE"
487,4,166,"RG","SE"
164,6,166,"RG","SE"
72,9,166,"RG","SE"
83,2,166,"RG","SE"
358,16,166,"RG","SE"
194,1,166,"RG","SE"
123,4,166,"RG","SE"
253,1,166,"RG","SE"
160,1,166,"RG","SE"
158,3,166,"RG","SE"
19,5,166,"RG","SE"
531,2,166,"RG","SE"
369,2,166,"RG","SE"
524,2,166,"RG","SE"
223,1,166,"RG","SE"
367,2,166,"RG","SE"
455,3,166,"RG","SE"
476,1,166,"RG","SE"
345,1,166,"RG","SE"
457,2,166,"RG","SE"
456,1,166,"RG","SE"
147,1,166,"RG","SE"
16,3,167,"RG","SE"
191,1,167,"RG","SE"
147,1,167,"RG","SE"
474,1,167,"RG","SE"
130,1,167,"RG","SE"
380,2,167,"RG","SE"
15,2,167,"RG","SE"
21,7,167,"RG","SE"
20,7,167,"RG","SE"
419,1,167,"RG","SE"
286,1,167,"RG","SE"
173,2,167,"RG","SE"
14,30,167,"RG","SE"
223,1,167,"RG","SE"
471,3,167,"RG","SE"
415,1,167,"RG","SE"
462,1,167,"RG","SE"
164,6,167,"RG","SE"
437,1,167,"RG","SE"
5,4,167,"RG","SE"
111,1,167,"RG","SE"
501,17,167,"RG","SE"
548,1,167,"RG","SE"
508,14,167,"RG","SE"
196,2,167,"RG","SE"
27,2,167,"RG","SE"
77,17,167,"RG","SE"
392,1,167,"RG","SE"
49,1,167,"RG","SE"
291,1,167,"RG","SE"
106,1,167,"RG","SE"
190,1,168,"RG","SE"
64,9,168,"RG","SE"
486,5,168,"RG","SE"
541,8,168,"RG","SE"
534,3,168,"RG","SE"
249,2,168,"RG","SE"
469,5,168,"RG","SE"
505,11,168,"RG","SE"
191,1,168,"RG","SE"
545,1,168,"RG","SE"
515,4,168,"RG","SE"
266,1,168,"RG","SE"
349,1,168,"RG","SE"
425,4,168,"RG","SE"
124,4,168,"RG","SE"
155,1,168,"RG","SE"
204,2,168,"RG","SE"
123,4,168,"RG","SE"
255,1,168,"RG","SE"
247,3,168,"RG","SE"
340,1,168,"RG","SE"
304,2,168,"RG","SE"
354,2,168,"RG","SE"
374,2,168,"RG","SE"
131,1,168,"RG","SE"
417,1,168,"RG","SE"
318,3,168,"RG","SE"
214,1,168,"RG","SE"
422,4,168,"RG","SE"
312,1,168,"RG","SE"
309,1,168,"RG","SE"
10,1,169,"RG","SE"
126,3,169,"RG","SE"
490,4,169,"RG","SE"
370,1,169,"RG","SE"
25,1,169,"RG","SE"
318,3,169,"RG","SE"
548,1,169,"RG","SE"
378,1,169,"RG","SE"
44,30,169,"RG","SE"
22,4,169,"RG","SE"
340,1,169,"RG","SE"
415,1,169,"RG","SE"
520,2,169,"RG","SE"
3,5,169,"RG","SE"
513,6,169,"RG","SE"
467,4,169,"RG","SE"
312,1,169,"RG","SE"
191,1,169,"RG","SE"
145,1,169,"RG","SE"
78,21,169,"RG","SE"
301,1,169,"RG","SE"
357,1,169,"RG","SE"
85,15,169,"RG","SE"
222,2,169,"RG","SE"
309,1,169,"RG","SE"
42,1,169,"RG","SE"
296,1,169,"RG","SE"
538,2,169,"RG","SE"
531,2,169,"RG","SE"
380,2,169,"RG","SE"
65,4,169,"RG","SE"
157,1,170,"RG","SE"
146,1,170,"RG","SE"
417,1,170,"RG","SE"
122,2,170,"RG","SE"
243,2,170,"RG","SE"
431,1,170,"RG","SE"
415,1,170,"RG","SE"
276,3,170,"RG","SE"
479,6,170,"RG","SE"
7,21,170,"RG","SE"
501,17,170,"RG","SE"
142,1,170,"RG","SE"
477,4,170,"RG","SE"
488,6,170,"RG","SE"
506,7,170,"RG","SE"
273,1,170,"RG","SE"
525,9,170,"RG","SE"
438,6,170,"RG","SE"
245,1,170,"RG","SE"
312,1,170,"RG","SE"
345,1,170,"RG","SE"
168,1,170,"RG","SE"
244,3,170,"RG","SE"
463,1,170,"RG","SE"
126,3,170,"RG","SE"
183,3,170,"RG","SE"
106,1,170,"RG","SE"
498,25,170,"RG","SE"
237,1,170,"RG","SE"
539,1,170,"RG","SE"
462,1,170,"RG","SE"
54,39,171,"RG","SE"
531,2,171,"RG","SE"
305,1,171,"RG","SE"
332,1,171,"RG","SE"
279,1,171,"RG","SE"
27,2,171,"RG","SE"
470,5,171,"RG","SE"
436,1,171,"RG","SE"
141,2,171,"RG","SE"
502,7,171,"RG","SE"
4,5,171,"RG","SE"
250,1,171,"RG","SE"
312,1,171,"RG","SE"
480,6,171,"RG","SE"
534,3,171,"RG","SE"
11,27,171,"RG","SE"
103,1,171,"RG","SE"
344,1,171,"RG","SE"
526,2,171,"RG","SE"
363,2,171,"RG","SE"
439,1,171,"RG","SE"
286,1,171,"RG","SE"
129,2,171,"RG","SE"
80,6,171,"RG","SE"
277,1,171,"RG","SE"
535,3,171,"RG","SE"
326,2,171,"RG","SE"
108,1,171,"RG","SE"
259,6,171,"RG","SE"
168,1,171,"RG","SE"
476,1,171,"RG","SE"
392,1,172,"RG","SE"
504,10,172,"RG","SE"
322,3,172,"RG","SE"
36,3,172,"RG","SE"
20,7,172,"RG","SE"
523,4,172,"RG","SE"
169,1,172,"RG","SE"
155,1,172,"RG","SE"
232,4,172,"RG","SE"
303,6,172,"RG","SE"
64,9,172,"RG","SE"
111,1,172,"RG","SE"
374,2,172,"RG","SE"
168,1,172,"RG","SE"
67,9,172,"RG","SE"
328,1,172,"RG","SE"
381,3,172,"RG","SE"
483,5,172,"RG","SE"
140,1,172,"RG","SE"
255,1,172,"RG","SE"
222,2,172,"RG","SE"
367,2,172,"RG","SE"
418,1,172,"RG","SE"
146,1,172,"RG","SE"
502,7,172,"RG","SE"
86,2,172,"RG","SE"
204,2,172,"RG","SE"
330,1,172,"RG","SE"
500,22,172,"RG","SE"
436,1,172,"RG","SE"
13,1,172,"RG","SE"
105,1,173,"RG","SE"
422,4,173,"RG","SE"
419,1,173,"RG","SE"
532,5,173,"RG","SE"
351,1,173,"RG","SE"
13,1,173,"RG","SE"
166,1,173,"RG","SE"
283,1,173,"RG","SE"
344,1,173,"RG","SE"
19,5,173,"RG","SE"
284,1,173,"RG","SE"
36,3,173,"RG","SE"
438,6,173,"RG","SE"
309,1,173,"RG","SE"
20,7,173,"RG","SE"
343,9,173,"RG","SE"
363,2,173,"RG","SE"
158,3,173,"RG","SE"
458,1,173,"RG","SE"
28,50,173,"RG","SE"
141,2,173,"RG","SE"
45,1,173,"RG","SE"
533,5,173,"RG","SE"
500,22,173,"RG","SE"
42,1,173,"RG","SE"
4,5,173,"RG","SE"
389,3,173,"RG","SE"
317,2,173,"RG","SE"
486,5,173,"RG","SE"
143,1,173,"RG","SE"
15,2,173,"RG","SE"
108,1,174,"RG","SE"
232,4,174,"RG","SE"
540,8,174,"RG","SE"
343,9,174,"RG","SE"
87,1,174,"RG","SE"
528,5,174,"RG","SE"
143,1,174,"RG","SE"
128,1,174,"RG","SE"
471,3,174,"RG","SE"
119,1,174,"RG","SE"
149,1,174,"RG","SE"
433,2,174,"RG","SE"
185,1,174,"RG","SE"
106,1,174,"RG","SE"
509,3,174,"RG","SE"
225,1,174,"RG","SE"
264,1,174,"RG","SE"
361,3,174,"RG","SE"
363,2,174,"RG","SE"
510,9,174,"RG","SE"
242,1,174,"RG","SE"
498,25,174,"RG","SE"
219,1,174,"RG","SE"
78,21,174,"RG","SE"
33,12,174,"RG","SE"
49,1,174,"RG","SE"
91,5,174,"RG","SE"
501,17,174,"RG","SE"
68,5,174,"RG","SE"
425,4,174,"RG","SE"
283,1,174,"RG","SE"
157,1,175,"RG","SE"
124,4,175,"RG","SE"
447,4,175,"RG","SE"
344,1,175,"RG","SE"
401,1,175,"RG","SE"
116,1,175,"RG","SE"
190,1,175,"RG","SE"
250,1,175,"RG","SE"
80,6,175,"RG","SE"
247,3,175,"RG","SE"
268,1,175,"RG","SE"
131,1,175,"RG","SE"
357,1,175,"RG","SE"
438,6,175,"RG","SE"
544,1,175,"RG","SE"
91,5,175,"RG","SE"
103,1,175,"RG","SE"
264,1,175,"RG","SE"
483,5,175,"RG","SE"
26,59,175,"RG","SE"
244,3,175,"RG","SE"
395,1,175,"RG","SE"
78,21,175,"RG","SE"
368,1,175,"RG","SE"
520,2,175,"RG","SE"
245,1,175,"RG","SE"
279,1,175,"RG","SE"
500,22,175,"RG","SE"
305,1,175,"RG","SE"
196,2,175,"RG","SE"
32,6,175,"RG","SE"
203,1,176,"RG","SE"
397,1,176,"RG","SE"
517,6,176,"RG","SE"
89,1,176,"RG","SE"
389,3,176,"RG","SE"
462,1,176,"RG","SE"
143,1,176,"RG","SE"
132,1,176,"RG","SE"
476,1,176,"RG","SE"
20,7,176,"RG","SE"
506,7,176,"RG","SE"
72,9,176,"RG","SE"
519,3,176,"RG","SE"
469,5,176,"RG","SE"
458,1,176,"RG","SE"
340,1,176,"RG","SE"
194,1,176,"RG","SE"
68,5,176,"RG","SE"
535,3,176,"RG","SE"
76,4,176,"RG","SE"
140,1,176,"RG","SE"
498,25,176,"RG","SE"
268,1,176,"RG","SE"
547,1,176,"RG","SE"
401,1,176,"RG","SE"
129,2,176,"RG","SE"
108,1,176,"RG","SE"
369,2,176,"RG","SE"
286,1,176,"RG","SE"
225,1,176,"RG","SE"
527,8,176,"RG","SE"
326,2,177,"RG","SE"
481,2,177,"RG","SE"
302,2,177,"RG","SE"
254,1,177,"RG","SE"
27,2,177,"RG","SE"
149,1,177,"RG","SE"
438,6,177,"RG","SE"
250,1,177,"RG","SE"
445,10,177,"RG","SE"
476,1,177,"RG","SE"
199,1,177,"RG","SE"
466,1,177,"RG","SE"
534,3,177,"RG","SE"
548,1,177,"RG","SE"
439,1,177,"RG","SE"
158,3,177,"RG","SE"
474,1,177,"RG","SE"
544,1,177,"RG","SE"
457,2,177,"RG","SE"
479,6,177,"RG","SE"
318,3,177,"RG","SE"
14,30,177,"RG","SE"
242,1,177,"RG","SE"
183,3,177,"RG","SE"
357,1,177,"RG","SE"
538,2,177,"RG","SE"
143,1,177,"RG","SE"
26,59,177,"RG","SE"
65,4,177,"RG","SE"
516,4,177,"RG","SE"
187,1,177,"RG","SE"
157,1,178,"RG","SE"
336,1,178,"RG","SE"
328,1,178,"RG","SE"
540,8,178,"RG","SE"
392,1,178,"RG","SE"
7,21,178,"RG","SE"
519,3,178,"RG","SE"
57,9,178,"RG","SE"
354,2,178,"RG","SE"
477,4,178,"RG","SE"
145,1,178,"RG","SE"
268,1,178,"RG","SE"
243,2,178,"RG","SE"
431,1,178,"RG","SE"
322,3,178,"RG","SE"
5,4,178,"RG","SE"
317,2,178,"RG","SE"
490,4,178,"RG","SE"
204,2,178,"RG","SE"
363,2,178,"RG","SE"
456,1,178,"RG","SE"
222,2,178,"RG","SE"
413,1,178,"RG","SE"
389,3,178,"RG","SE"
548,1,178,"RG","SE"
245,1,178,"RG","SE"
467,4,178,"RG","SE"
430,1,178,"RG","SE"
309,1,178,"RG","SE"
76,4,178,"RG","SE"
146,1,178,"RG","SE"
539,1,179,"RG","SE"
158,3,179,"RG","SE"
447,4,179,"RG","SE"
380,2,179,"RG","SE"
191,1,179,"RG","SE"
336,1,179,"RG","SE"
466,1,179,"RG","SE"
426,4,179,"RG","SE"
477,4,179,"RG","SE"
183,3,179,"RG","SE"
519,3,179,"RG","SE"
374,2,179,"RG","SE"
458,1,179,"RG","SE"
538,2,179,"RG","SE"
496,22,179,"RG","SE"
305,1,179,"RG","SE"
223,1,179,"RG","SE"
418,1,179,"RG","SE"
101,1,179,"RG","SE"
160,1,179,"RG","SE"
255,1,179,"RG","SE"
26,59,179,"RG","SE"
438,6,179,"RG","SE"
474,1,179,"RG","SE"
252,2,179,"RG","SE"
467,4,179,"RG","SE"
243,2,179,"RG","SE"
7,21,179,"RG","SE"
461,1,179,"RG","SE"
284,1,179,"RG","SE"
317,2,179,"RG","SE"
368,1,180,"RG","SE"
112,4,180,"RG","SE"
130,1,180,"RG","SE"
103,1,180,"RG","SE"
303,6,180,"RG","SE"
341,2,180,"RG","SE"
147,1,180,"RG","SE"
132,1,180,"RG","SE"
64,9,180,"RG","SE"
504,10,180,"RG","SE"
54,39,180,"RG","SE"
25,1,180,"RG","SE"
291,1,180,"RG","SE"
269,1,180,"RG","SE"
252,2,180,"RG","SE"
462,1,180,"RG","SE"
175,1,180,"RG","SE"
494,8,180,"RG","SE"
235,1,180,"RG","SE"
203,1,180,"RG","SE"
89,1,180,"RG","SE"
312,1,180,"RG","SE"
345,1,180,"RG","SE"
486,5,180,"RG","SE"
198,2,180,"RG","SE"
108,1,180,"RG","SE"
124,4,180,"RG","SE"
42,1,180,"RG","SE"
22,4,180,"RG","SE"
143,1,180,"RG","SE"
319,1,180,"RG","SE"
80,6,181,"RG","SE"
439,1,181,"RG","SE"
128,1,181,"RG","SE"
61,50,181,"RG","SE"
67,9,181,"RG","SE"
363,2,181,"RG","SE"
380,2,181,"RG","SE"
138,2,181,"RG","SE"
308,2,181,"RG","SE"
422,4,181,"RG","SE"
399,1,181,"RG","SE"
437,1,181,"RG","SE"
509,3,181,"RG","SE"
533,5,181,"RG","SE"
129,2,181,"RG","SE"
4,5,181,"RG","SE"
345,1,181,"RG","SE"
255,1,181,"RG","SE"
330,1,181,"RG","SE"
480,6,181,"RG","SE"
477,4,181,"RG","SE"
110,1,181,"RG","SE"
273,1,181,"RG","SE"
470,5,181,"RG","SE"
377,2,181,"RG","SE"
294,3,181,"RG","SE"
490,4,181,"RG","SE"
191,1,181,"RG","SE"
523,4,181,"RG","SE"
310,1,181,"RG","SE"
494,8,181,"RG","SE"
199,1,182,"RG","SE"
259,6,182,"RG","SE"
3,5,182,"RG","SE"
526,2,182,"RG","SE"
354,2,182,"RG","SE"
146,1,182,"RG","SE"
458,1,182,"RG","SE"
387,1,182,"RG","SE"
268,1,182,"RG","SE"
101,1,182,"RG","SE"
17,5,182,"RG","SE"
42,1,182,"RG","SE"
527,8,182,"RG","SE"
65,4,182,"RG","SE"
345,1,182,"RG","SE"
467,4,182,"RG","SE"
21,7,182,"RG","SE"
480,6,182,"RG","SE"
283,1,182,"RG","SE"
500,22,182,"RG","SE"
547,1,182,"RG","SE"
242,1,182,"RG","SE"
431,1,182,"RG","SE"
204,2,182,"RG","SE"
80,6,182,"RG","SE"
116,1,182,"RG","SE"
296,1,182,"RG","SE"
538,2,182,"RG","SE"
486,5,182,"RG","SE"
524,2,182,"RG","SE"
64,9,182,"RG","SE"
119,1,183,"RG","SE"
501,17,183,"RG","SE"
340,1,183,"RG","SE"
415,1,183,"RG","SE"
252,2,183,"RG","SE"
146,1,183,"RG","SE"
102,1,183,"RG","SE"
534,3,183,"RG","SE"
452,1,183,"RG","SE"
377,2,183,"RG","SE"
13,1,183,"RG","SE"
36,3,183,"RG","SE"
296,1,183,"RG","SE"
352,2,183,"RG","SE"
268,1,183,"RG","SE"
438,6,183,"RG","SE"
187,1,183,"RG","SE"
157,1,183,"RG","SE"
51,2,183,"RG","SE"
436,1,183,"RG","SE"
14,30,183,"RG","SE"
38,3,183,"RG","SE"
12,11,183,"RG","SE"
190,1,183,"RG","SE"
463,1,183,"RG","SE"
489,4,183,"RG","SE"
312,1,183,"RG","SE"
4,5,183,"RG","SE"
457,2,183,"RG","SE"
61,50,183,"RG","SE"
145,1,183,"RG","SE"
68,5,184,"RG","SE"
494,8,184,"RG","SE"
175,1,184,"RG","SE"
110,1,184,"RG","SE"
257,1,184,"RG","SE"
377,2,184,"RG","SE"
341,2,184,"RG","SE"
516,4,184,"RG","SE"
3,5,184,"RG","SE"
282,1,184,"RG","SE"
130,1,184,"RG","SE"
469,5,184,"RG","SE"
273,1,184,"RG","SE"
317,2,184,"RG","SE"
508,14,184,"RG","SE"
28,50,184,"RG","SE"
27,2,184,"RG","SE"
302,2,184,"RG","SE"
318,3,184,"RG","SE"
194,1,184,"RG","SE"
284,1,184,"RG","SE"
138,2,184,"RG","SE"
64,9,184,"RG","SE"
367,2,184,"RG","SE"
228,1,184,"RG","SE"
352,2,184,"RG","SE"
345,1,184,"RG","SE"
399,1,184,"RG","SE"
452,1,184,"RG","SE"
524,2,184,"RG","SE"
285,3,184,"RG","SE"
533,5,185,"RG","SE"
455,3,185,"RG","SE"
291,1,185,"RG","SE"
479,6,185,"RG","SE"
365,2,185,"RG","SE"
68,5,185,"RG","SE"
368,1,185,"RG","SE"
526,2,185,"RG","SE"
380,2,185,"RG","SE"
15,2,185,"RG","SE"
130,1,185,"RG","SE"
399,1,185,"RG","SE"
286,1,185,"RG","SE"
376,3,185,"RG","SE"
319,1,185,"RG","SE"
261,3,185,"RG","SE"
490,4,185,"RG","SE"
179,12,185,"RG","SE"
547,1,185,"RG","SE"
471,3,185,"RG","SE"
22,4,185,"RG","SE"
322,3,185,"RG","SE"
155,1,185,"RG","SE"
328,1,185,"RG","SE"
457,2,185,"RG","SE"
363,2,185,"RG","SE"
103,1,185,"RG","SE"
397,1,185,"RG","SE"
166,1,185,"RG","SE"
116,1,185,"RG","SE"
250,1,185,"RG","SE"
506,7,186,"RG","SE"
305,1,186,"RG","SE"
370,1,186,"RG","SE"
237,1,186,"RG","SE"
541,8,186,"RG","SE"
105,1,186,"RG","SE"
203,1,186,"RG","SE"
296,1,186,"RG","SE"
83,2,186,"RG","SE"
33,12,186,"RG","SE"
479,6,186,"RG","SE"
68,5,186,"RG","SE"
510,9,186,"RG","SE"
465,1,186,"RG","SE"
477,4,186,"RG","SE"
357,1,186,"RG","SE"
278,1,186,"RG","SE"
456,1,186,"RG","SE"
261,3,186,"RG","SE"
480,6,186,"RG","SE"
523,4,186,"RG","SE"
328,1,186,"RG","SE"
509,3,186,"RG","SE"
466,1,186,"RG","SE"
110,1,186,"RG","SE"
170,1,186,"RG","SE"
544,1,186,"RG","SE"
484,4,186,"RG","SE"
202,1,186,"RG","SE"
387,1,186,"RG","SE"
244,3,186,"RG","SE"
142,1,187,"RG","SE"
455,3,187,"RG","SE"
387,1,187,"RG","SE"
504,10,187,"RG","SE"
145,1,187,"RG","SE"
235,1,187,"RG","SE"
399,1,187,"RG","SE"
141,2,187,"RG","SE"
531,2,187,"RG","SE"
68,5,187,"RG","SE"
440,1,187,"RG","SE"
199,1,187,"RG","SE"
85,15,187,"RG","SE"
437,1,187,"RG","SE"
341,2,187,"RG","SE"
123,4,187,"RG","SE"
510,9,187,"RG","SE"
430,1,187,"RG","SE"
237,1,187,"RG","SE"
527,8,187,"RG","SE"
538,2,187,"RG","SE"
4,5,187,"RG","SE"
214,1,187,"RG","SE"
124,4,187,"RG","SE"
529,5,187,"RG","SE"
204,2,187,"RG","SE"
278,1,187,"RG","SE"
317,2,187,"RG","SE"
286,1,187,"RG","SE"
506,7,187,"RG","SE"
500,22,187,"RG","SE"
103,1,188,"RG","SE"
130,1,188,"RG","SE"
214,1,188,"RG","SE"
399,1,188,"RG","SE"
187,1,188,"RG","SE"
376,3,188,"RG","SE"
436,1,188,"RG","SE"
394,1,188,"RG","SE"
488,6,188,"RG","SE"
548,1,188,"RG","SE"
532,5,188,"RG","SE"
78,21,188,"RG","SE"
38,3,188,"RG","SE"
516,4,188,"RG","SE"
319,1,188,"RG","SE"
452,1,188,"RG","SE"
110,1,188,"RG","SE"
418,1,188,"RG","SE"
105,1,188,"RG","SE"
91,5,188,"RG","SE"
168,1,188,"RG","SE"
248,5,188,"RG","SE"
505,11,188,"RG","SE"
540,8,188,"RG","SE"
237,1,188,"RG","SE"
387,1,188,"RG","SE"
486,5,188,"RG","SE"
496,22,188,"RG","SE"
15,2,188,"RG","SE"
374,2,188,"RG","SE"
541,8,188,"RG","SE"
21,7,189,"RG","SE"
487,4,189,"RG","SE"
27,2,189,"RG","SE"
103,1,189,"RG","SE"
203,1,189,"RG","SE"
191,1,189,"RG","SE"
431,1,189,"RG","SE"
33,12,189,"RG","SE"
496,22,189,"RG","SE"
515,4,189,"RG","SE"
155,1,189,"RG","SE"
157,1,189,"RG","SE"
147,1,189,"RG","SE"
193,2,189,"RG","SE"
61,50,189,"RG","SE"
498,25,189,"RG","SE"
501,17,189,"RG","SE"
540,8,189,"RG","SE"
141,2,189,"RG","SE"
372,1,189,"RG","SE"
151,1,189,"RG","SE"
102,1,189,"RG","SE"
471,3,189,"RG","SE"
243,2,189,"RG","SE"
421,4,189,"RG","SE"
341,2,189,"RG","SE"
505,11,189,"RG","SE"
279,1,189,"RG","SE"
80,6,189,"RG","SE"
481,2,189,"RG","SE"
534,3,189,"RG","SE"
203,1,190,"RG","SE"
455,3,190,"RG","SE"
228,1,190,"RG","SE"
268,1,190,"RG","SE"
404,1,190,"RG","SE"
349,1,190,"RG","SE"
124,4,190,"RG","SE"
253,1,190,"RG","SE"
461,1,190,"RG","SE"
144,1,190,"RG","SE"
363,2,190,"RG","SE"
465,1,190,"RG","SE"
395,1,190,"RG","SE"
126,3,190,"RG","SE"
417,1,190,"RG","SE"
354,2,190,"RG","SE"
326,2,190,"RG","SE"
261,3,190,"RG","SE"
520,2,190,"RG","SE"
367,2,190,"RG","SE"
242,1,190,"RG","SE"
111,1,190,"RG","SE"
22,4,190,"RG","SE"
517,6,190,"RG","SE"
248,5,190,"RG","SE"
168,1,190,"RG","SE"
330,1,190,"RG","SE"
529,5,190,"RG","SE"
148,1,190,"RG","SE"
502,7,190,"RG","SE"
65,4,190,"RG","SE"
471,3,191,"RG","SE"
250,1,191,"RG","SE"
500,22,191,"RG","SE"
3,5,191,"RG","SE"
308,2,191,"RG","SE"
105,1,191,"RG","SE"
496,22,191,"RG","SE"
301,1,191,"RG","SE"
122,2,191,"RG","SE"
247,3,191,"RG","SE"
175,1,191,"RG","SE"
273,1,191,"RG","SE"
103,1,191,"RG","SE"
108,1,191,"RG","SE"
12,11,191,"RG","SE"
77,17,191,"RG","SE"
259,6,191,"RG","SE"
389,3,191,"RG","SE"
463,1,191,"RG","SE"
368,1,191,"RG","SE"
196,2,191,"RG","SE"
313,3,191,"RG","SE"
421,4,191,"RG","SE"
248,5,191,"RG","SE"
106,1,191,"RG","SE"
317,2,191,"RG","SE"
382,1,191,"RG","SE"
219,1,191,"RG","SE"
310,1,191,"RG","SE"
510,9,191,"RG","SE"
477,4,191,"RG","SE"
539,1,192,"RG","SE"
466,1,192,"RG","SE"
283,1,192,"RG","SE"
368,1,192,"RG","SE"
244,3,192,"RG","SE"
158,3,192,"RG","SE"
397,1,192,"RG","SE"
145,1,192,"RG","SE"
387,1,192,"RG","SE"
341,2,192,"RG","SE"
535,3,192,"RG","SE"
132,1,192,"RG","SE"
370,1,192,"RG","SE"
194,1,192,"RG","SE"
389,3,192,"RG","SE"
122,2,192,"RG","SE"
313,3,192,"RG","SE"
381,3,192,"RG","SE"
425,4,192,"RG","SE"
282,1,192,"RG","SE"
67,9,192,"RG","SE"
366,1,192,"RG","SE"
404,1,192,"RG","SE"
168,1,192,"RG","SE"
469,5,192,"RG","SE"
377,2,192,"RG","SE"
91,5,192,"RG","SE"
11,27,192,"RG","SE"
509,3,192,"RG","SE"
358,16,192,"RG","SE"
498,25,192,"RG","SE"
25,1,193,"RG","SE"
198,2,193,"RG","SE"
417,1,193,"RG","SE"
86,2,193,"RG","SE"
367,2,193,"RG","SE"
481,2,193,"RG","SE"
377,2,193,"RG","SE"
44,30,193,"RG","SE"
415,1,193,"RG","SE"
21,7,193,"RG","SE"
255,1,193,"RG","SE"
266,1,193,"RG","SE"
366,1,193,"RG","SE"
399,1,193,"RG","SE"
447,4,193,"RG","SE"
111,1,193,"RG","SE"
482,5,193,"RG","SE"
16,3,193,"RG","SE"
259,6,193,"RG","SE"
269,1,193,"RG","SE"
318,3,193,"RG","SE"
12,11,193,"RG","SE"
382,1,193,"RG","SE"
141,2,193,"RG","SE"
368,1,193,"RG","SE"
524,2,193,"RG","SE"
395,1,193,"RG","SE"
252,2,193,"RG","SE"
514,6,193,"RG","SE"
465,1,193,"RG","SE"
17,5,193,"RG","SE"
422,4,194,"RG","SE"
494,8,194,"RG","SE"
33,12,194,"RG","SE"
258,1,194,"RG","SE"
392,1,194,"RG","SE"
440,1,194,"RG","SE"
493,7,194,"RG","SE"
330,1,194,"RG","SE"
382,1,194,"RG","SE"
336,1,194,"RG","SE"
514,6,194,"RG","SE"
484,4,194,"RG","SE"
28,50,194,"RG","SE"
255,1,194,"RG","SE"
276,3,194,"RG","SE"
419,1,194,"RG","SE"
319,1,194,"RG","SE"
153,1,194,"RG","SE"
294,3,194,"RG","SE"
397,1,194,"RG","SE"
410,2,194,"RG","SE"
243,2,194,"RG","SE"
89,1,194,"RG","SE"
421,4,194,"RG","SE"
539,1,194,"RG","SE"
190,1,194,"RG","SE"
80,6,194,"RG","SE"
87,1,194,"RG","SE"
242,1,194,"RG","SE"
103,1,194,"RG","SE"
61,50,194,"RG","SE"
264,1,195,"RG","SE"
22,4,195,"RG","SE"
452,1,195,"RG","SE"
123,4,195,"RG","SE"
173,2,195,"RG","SE"
170,1,195,"RG","SE"
476,1,195,"RG","SE"
387,1,195,"RG","SE"
438,6,195,"RG","SE"
484,4,195,"RG","SE"
479,6,195,"RG","SE"
352,2,195,"RG","SE"
258,1,195,"RG","SE"
112,4,195,"RG","SE"
10,1,195,"RG","SE"
421,4,195,"RG","SE"
345,1,195,"RG","SE"
219,1,195,"RG","SE"
470,5,195,"RG","SE"
76,4,195,"RG","SE"
358,16,195,"RG","SE"
341,2,195,"RG","SE"
259,6,195,"RG","SE"
502,7,195,"RG","SE"
245,1,195,"RG","SE"
65,4,195,"RG","SE"
72,9,195,"RG","SE"
415,1,195,"RG","SE"
15,2,195,"RG","SE"
482,5,195,"RG","SE"
490,4,195,"RG","SE"
64,9,196,"RG","SE"
5,4,196,"RG","SE"
27,2,196,"RG","SE"
426,4,196,"RG","SE"
254,1,196,"RG","SE"
183,3,196,"RG","SE"
322,3,196,"RG","SE"
366,1,196,"RG","SE"
502,7,196,"RG","SE"
255,1,196,"RG","SE"
202,1,196,"RG","SE"
508,14,196,"RG","SE"
488,6,196,"RG","SE"
376,3,196,"RG","SE"
494,8,196,"RG","SE"
545,1,196,"RG","SE"
237,1,196,"RG","SE"
476,1,196,"RG","SE"
138,2,196,"RG","SE"
122,2,196,"RG","SE"
505,11,196,"RG","SE"
20,7,196,"RG","SE"
148,1,196,"RG","SE"
394,1,196,"RG","SE"
326,2,196,"RG","SE"
534,3,196,"RG","SE"
245,1,196,"RG","SE"
341,2,196,"RG","SE"
501,17,196,"RG","SE"
421,4,196,"RG","SE"
425,4,196,"RG","SE"
67,9,197,"RG","SE"
301,1,197,"RG","SE"
214,1,197,"RG","SE"
528,5,197,"RG","SE"
101,1,197,"RG","SE"
116,1,197,"RG","SE"
358,16,197,"RG","SE"
490,4,197,"RG","SE"
463,1,197,"RG","SE"
370,1,197,"RG","SE"
4,5,197,"RG","SE"
483,5,197,"RG","SE"
102,1,197,"RG","SE"
25,1,197,"RG","SE"
367,2,197,"RG","SE"
115,1,197,"RG","SE"
249,2,197,"RG","SE"
421,4,197,"RG","SE"
26,59,197,"RG","SE"
487,4,197,"RG","SE"
436,1,197,"RG","SE"
28,50,197,"RG","SE"
146,1,197,"RG","SE"
196,2,197,"RG","SE"
33,12,197,"RG","SE"
245,1,197,"RG","SE"
204,2,197,"RG","SE"
12,11,197,"RG","SE"
232,4,197,"RG","SE"
261,3,197,"RG","SE"
489,4,197,"RG","SE"
377,2,198,"RG","SE"
175,1,198,"RG","SE"
132,1,198,"RG","SE"
116,1,198,"RG","SE"
343,9,198,"RG","SE"
395,1,198,"RG","SE"
186,2,198,"RG","SE"
279,1,198,"RG","SE"
10,1,198,"RG","SE"
4,5,198,"RG","SE"
399,1,198,"RG","SE"
33,12,198,"RG","SE"
86,2,198,"RG","SE"
223,1,198,"RG","SE"
142,1,198,"RG","SE"
285,3,198,"RG","SE"
354,2,198,"RG","SE"
394,1,198,"RG","SE"
242,1,198,"RG","SE"
19,5,198,"RG","SE"
502,7,198,"RG","SE"
12,11,198,"RG","SE"
422,4,198,"RG","SE"
284,1,198,"RG","SE"
228,1,198,"RG","SE"
173,2,198,"RG","SE"
72,9,198,"RG","SE"
32,6,198,"RG","SE"
36,3,198,"RG","SE"
269,1,198,"RG","SE"
276,3,198,"RG","SE"
502,7,199,"RG","SE"
395,1,199,"RG","SE"
140,1,199,"RG","SE"
452,1,199,"RG","SE"
504,10,199,"RG","SE"
369,2,199,"RG","SE"
128,1,199,"RG","SE"
247,3,199,"RG","SE"
61,50,199,"RG","SE"
38,3,199,"RG","SE"
219,1,199,"RG","SE"
105,1,199,"RG","SE"
91,5,199,"RG","SE"
326,2,199,"RG","SE"
480,6,199,"RG","SE"
7,21,199,"RG","SE"
86,2,199,"RG","SE"
126,3,199,"RG","SE"
123,4,199,"RG","SE"
130,1,199,"RG","SE"
365,2,199,"RG","SE"
387,1,199,"RG","SE"
111,1,199,"RG","SE"
397,1,199,"RG","SE"
349,1,199,"RG","SE"
64,9,199,"RG","SE"
5,4,199,"RG","SE"
390,1,199,"RG","SE"
242,1,199,"RG","SE"
528,5,199,"RG","SE"
51,2,199,"RG","SE"
277,1,200,"RG","SE"
336,1,200,"RG","SE"
123,4,200,"RG","SE"
380,2,200,"RG","SE"
67,9,200,"RG","SE"
21,7,200,"RG","SE"
389,3,200,"RG","SE"
441,1,200,"RG","SE"
145,1,200,"RG","SE"
203,1,200,"RG","SE"
535,3,200,"RG","SE"
249,2,200,"RG","SE"
33,12,200,"RG","SE"
322,3,200,"RG","SE"
138,2,200,"RG","SE"
366,1,200,"RG","SE"
283,1,200,"RG","SE"
509,3,200,"RG","SE"
65,4,200,"RG","SE"
255,1,200,"RG","SE"
481,2,200,"RG","SE"
404,1,200,"RG","SE"
142,1,200,"RG","SE"
519,3,200,"RG","SE"
170,1,200,"RG","SE"
363,2,200,"RG","SE"
377,2,200,"RG","SE"
254,1,200,"RG","SE"
278,1,200,"RG","SE"
397,1,200,"RG","SE"
374,2,200,"RG","SE"
194,1,201,"RG","SE"
14,30,201,"RG","SE"
131,1,201,"RG","SE"
312,1,201,"RG","SE"
140,1,201,"RG","SE"
85,15,201,"RG","SE"
506,7,201,"RG","SE"
301,1,201,"RG","SE"
378,1,201,"RG","SE"
505,11,201,"RG","SE"
486,5,201,"RG","SE"
142,1,201,"RG","SE"
394,1,201,"RG","SE"
235,1,201,"RG","SE"
470,5,201,"RG","SE"
540,8,201,"RG","SE"
357,1,201,"RG","SE"
203,1,201,"RG","SE"
249,2,201,"RG","SE"
222,2,201,"RG","SE"
115,1,201,"RG","SE"
509,3,201,"RG","SE"
336,1,201,"RG","SE"
243,2,201,"RG","SE"
101,1,201,"RG","SE"
481,2,201,"RG","SE"
514,6,201,"RG","SE"
471,3,201,"RG","SE"
437,1,201,"RG","SE"
461,1,201,"RG","SE"
146,1,201,"RG","SE"
245,1,202,"RG","SE"
138,2,202,"RG","SE"
438,6,202,"RG","SE"
501,17,202,"RG","SE"
516,4,202,"RG","SE"
85,15,202,"RG","SE"
457,2,202,"RG","SE"
268,1,202,"RG","SE"
484,4,202,"RG","SE"
237,1,202,"RG","SE"
467,4,202,"RG","SE"
116,1,202,"RG","SE"
12,11,202,"RG","SE"
505,11,202,"RG","SE"
157,1,202,"RG","SE"
36,3,202,"RG","SE"
452,1,202,"RG","SE"
332,1,202,"RG","SE"
481,2,202,"RG","SE"
131,1,202,"RG","SE"
361,3,202,"RG","SE"
91,5,202,"RG","SE"
399,1,202,"RG","SE"
111,1,202,"RG","SE"
132,1,202,"RG","SE"
219,1,202,"RG","SE"
130,1,202,"RG","SE"
395,1,202,"RG","SE"
445,10,202,"RG","SE"
527,8,202,"RG","SE"
545,1,202,"RG","SE"
57,9,203,"RG","SE"
283,1,203,"RG","SE"
141,2,203,"RG","SE"
68,5,203,"RG","SE"
361,3,203,"RG","SE"
235,1,203,"RG","SE"
171,1,203,"RG","SE"
45,1,203,"RG","SE"
102,1,203,"RG","SE"
481,2,203,"RG","SE"
80,6,203,"RG","SE"
144,1,203,"RG","SE"
392,1,203,"RG","SE"
330,1,203,"RG","SE"
433,2,203,"RG","SE"
194,1,203,"RG","SE"
166,1,203,"RG","SE"
65,4,203,"RG","SE"
547,1,203,"RG","SE"
254,1,203,"RG","SE"
489,4,203,"RG","SE"
548,1,203,"RG","SE"
19,5,203,"RG","SE"
465,1,203,"RG","SE"
259,6,203,"RG","SE"
116,1,203,"RG","SE"
83,2,203,"RG","SE"
319,1,203,"RG","SE"
12,11,203,"RG","SE"
480,6,203,"RG","SE"
203,1,203,"RG","SE"
101,1,204,"RG","SE"
204,2,204,"RG","SE"
514,6,204,"RG","SE"
430,1,204,"RG","SE"
158,3,204,"RG","SE"
219,1,204,"RG","SE"
145,1,204,"RG","SE"
89,1,204,"RG","SE"
344,1,204,"RG","SE"
276,3,204,"RG","SE"
244,3,204,"RG","SE"
348,2,204,"RG","SE"
532,5,204,"RG","SE"
253,1,204,"RG","SE"
202,1,204,"RG","SE"
394,1,204,"RG","SE"
11,27,204,"RG","SE"
541,8,204,"RG","SE"
525,9,204,"RG","SE"
505,11,204,"RG","SE"
116,1,204,"RG","SE"
367,2,204,"RG","SE"
494,8,204,"RG","SE"
455,3,204,"RG","SE"
531,2,204,"RG","SE"
278,1,204,"RG","SE"
479,6,204,"RG","SE"
482,5,204,"RG","SE"
110,1,204,"RG","SE"
452,1,204,"RG","SE"
33,12,204,"RG","SE"
528,5,205,"RG","SE"
279,1,205,"RG","SE"
15,2,205,"RG","SE"
250,1,205,"RG","SE"
169,1,205,"RG","SE"
361,3,205,"RG","SE"
515,4,205,"RG","SE"
132,1,205,"RG","SE"
506,7,205,"RG","SE"
72,9,205,"RG","SE"
548,1,205,"RG","SE"
540,8,205,"RG","SE"
232,4,205,"RG","SE"
175,1,205,"RG","SE"
399,1,205,"RG","SE"
354,2,205,"RG","SE"
463,1,205,"RG","SE"
268,1,205,"RG","SE"
185,1,205,"RG","SE"
19,5,205,"RG","SE"
381,3,205,"RG","SE"
247,3,205,"RG","SE"
319,1,205,"RG","SE"
457,2,205,"RG","SE"
326,2,205,"RG","SE"
223,1,205,"RG","SE"
28,50,205,"RG","SE"
474,1,205,"RG","SE"
103,1,205,"RG","SE"
259,6,205,"RG","SE"
471,3,205,"RG","SE"
470,5,206,"RG","SE"
266,1,206,"RG","SE"
145,1,206,"RG","SE"
153,1,206,"RG","SE"
502,7,206,"RG","SE"
310,1,206,"RG","SE"
303,6,206,"RG","SE"
441,1,206,"RG","SE"
545,1,206,"RG","SE"
317,2,206,"RG","SE"
285,3,206,"RG","SE"
16,3,206,"RG","SE"
415,1,206,"RG","SE"
440,1,206,"RG","SE"
249,2,206,"RG","SE"
332,1,206,"RG","SE"
252,2,206,"RG","SE"
257,1,206,"RG","SE"
510,9,206,"RG","SE"
129,2,206,"RG","SE"
455,3,206,"RG","SE"
302,2,206,"RG","SE"
366,1,206,"RG","SE"
313,3,206,"RG","SE"
328,1,206,"RG","SE"
515,4,206,"RG","SE"
500,22,206,"RG","SE"
382,1,206,"RG","SE"
36,3,206,"RG","SE"
413,1,206,"RG","SE"
245,1,206,"RG","SE"
237,1,207,"RG","SE"
145,1,207,"RG","SE"
258,1,207,"RG","SE"
91,5,207,"RG","SE"
294,3,207,"RG","SE"
11,27,207,"RG","SE"
532,5,207,"RG","SE"
304,2,207,"RG","SE"
196,2,207,"RG","SE"
313,3,207,"RG","SE"
259,6,207,"RG","SE"
191,1,207,"RG","SE"
336,1,207,"RG","SE"
185,1,207,"RG","SE"
506,7,207,"RG","SE"
378,1,207,"RG","SE"
170,1,207,"RG","SE"
440,1,207,"RG","SE"
404,1,207,"RG","SE"
374,2,207,"RG","SE"
505,11,207,"RG","SE"
5,4,207,"RG","SE"
437,1,207,"RG","SE"
509,3,207,"RG","SE"
370,1,207,"RG","SE"
126,3,207,"RG","SE"
164,6,207,"RG","SE"
151,1,207,"RG","SE"
285,3,207,"RG","SE"
129,2,207,"RG","SE"
42,1,207,"RG","SE"
508,14,208,"RG","SE"
44,30,208,"RG","SE"
21,7,208,"RG","SE"
354,2,208,"RG","SE"
404,1,208,"RG","SE"
54,39,208,"RG","SE"
547,1,208,"RG","SE"
7,21,208,"RG","SE"
185,1,208,"RG","SE"
539,1,208,"RG","SE"
158,3,208,"RG","SE"
36,3,208,"RG","SE"
108,1,208,"RG","SE"
401,1,208,"RG","SE"
500,22,208,"RG","SE"
538,2,208,"RG","SE"
452,1,208,"RG","SE"
351,1,208,"RG","SE"
4,5,208,"RG","SE"
525,9,208,"RG","SE"
186,2,208,"RG","SE"
488,6,208,"RG","SE"
326,2,208,"RG","SE"
11,27,208,"RG","SE"
143,1,208,"RG","SE"
524,2,208,"RG","SE"
510,9,208,"RG","SE"
64,9,208,"RG","SE"
455,3,208,"RG","SE"
545,1,208,"RG","SE"
17,5,208,"RG","SE"
509,3,209,"RG","SE"
516,4,209,"RG","SE"
514,6,209,"RG","SE"
351,1,209,"RG","SE"
187,1,209,"RG","SE"
369,2,209,"RG","SE"
418,1,209,"RG","SE"
445,10,209,"RG","SE"
282,1,209,"RG","SE"
252,2,209,"RG","SE"
366,1,209,"RG","SE"
312,1,209,"RG","SE"
452,1,209,"RG","SE"
508,14,209,"RG","SE"
160,1,209,"RG","SE"
193,2,209,"RG","SE"
486,5,209,"RG","SE"
545,1,209,"RG","SE"
44,30,209,"RG","SE"
149,1,209,"RG","SE"
394,1,209,"RG","SE"
330,1,209,"RG","SE"
447,4,209,"RG","SE"
147,1,209,"RG","SE"
490,4,209,"RG","SE"
467,4,209,"RG","SE"
513,6,209,"RG","SE"
505,11,209,"RG","SE"
496,22,209,"RG","SE"
155,1,209,"RG","SE"
32,6,209,"RG","SE"
196,2,210,"RG","SE"
438,6,210,"RG","SE"
308,2,210,"RG","SE"
483,5,210,"RG","SE"
232,4,210,"RG","SE"
357,1,210,"RG","SE"
354,2,210,"RG","SE"
517,6,210,"RG","SE"
119,1,210,"RG","SE"
296,1,210,"RG","SE"
228,1,210,"RG","SE"
14,30,210,"RG","SE"
214,1,210,"RG","SE"
380,2,210,"RG","SE"
61,50,210,"RG","SE"
203,1,210,"RG","SE"
108,1,210,"RG","SE"
303,6,210,"RG","SE"
458,1,210,"RG","SE"
110,1,210,"RG","SE"
259,6,210,"RG","SE"
318,3,210,"RG","SE"
76,4,210,"RG","SE"
7,21,210,"RG","SE"
467,4,210,"RG","SE"
42,1,210,"RG","SE"
111,1,210,"RG","SE"
283,1,210,"RG","SE"
368,1,210,"RG","SE"
282,1,210,"RG","SE"
445,10,210,"RG","SE"
257,1,211,"RG","SE"
155,1,211,"RG","SE"
504,10,211,"RG","SE"
489,4,211,"RG","SE"
126,3,211,"RG","SE"
510,9,211,"RG","SE"
111,1,211,"RG","SE"
112,4,211,"RG","SE"
266,1,211,"RG","SE"
539,1,211,"RG","SE"
519,3,211,"RG","SE"
318,3,211,"RG","SE"
42,1,211,"RG","SE"
529,5,211,"RG","SE"
352,2,211,"RG","SE"
523,4,211,"RG","SE"
413,1,211,"RG","SE"
116,1,211,"RG","SE"
370,1,211,"RG","SE"
185,1,211,"RG","SE"
219,1,211,"RG","SE"
284,1,211,"RG","SE"
458,1,211,"RG","SE"
132,1,211,"RG","SE"
418,1,211,"RG","SE"
395,1,211,"RG","SE"
173,2,211,"RG","SE"
283,1,211,"RG","SE"
80,6,211,"RG","SE"
435,2,211,"RG","SE"
399,1,211,"RG","SE"
394,1,212,"RG","SE"
166,1,212,"RG","SE"
187,1,212,"RG","SE"
482,5,212,"RG","SE"
527,8,212,"RG","SE"
273,1,212,"RG","SE"
33,12,212,"RG","SE"
480,6,212,"RG","SE"
433,2,212,"RG","SE"
203,1,212,"RG","SE"
268,1,212,"RG","SE"
253,1,212,"RG","SE"
190,1,212,"RG","SE"
110,1,212,"RG","SE"
504,10,212,"RG","SE"
209,1,212,"RG","SE"
235,1,212,"RG","SE"
85,15,212,"RG","SE"
488,6,212,"RG","SE"
477,4,212,"RG","SE"
367,2,212,"RG","SE"
465,1,212,"RG","SE"
123,4,212,"RG","SE"
16,3,212,"RG","SE"
26,59,212,"RG","SE"
276,3,212,"RG","SE"
175,1,212,"RG","SE"
494,8,212,"RG","SE"
171,1,212,"RG","SE"
489,4,212,"RG","SE"
520,2,212,"RG","SE"
477,4,213,"RG","SE"
153,1,213,"RG","SE"
418,1,213,"RG","SE"
209,1,213,"RG","SE"
185,1,213,"RG","SE"
374,2,213,"RG","SE"
108,1,213,"RG","SE"
102,1,213,"RG","SE"
12,11,213,"RG","SE"
49,1,213,"RG","SE"
250,1,213,"RG","SE"
531,2,213,"RG","SE"
523,4,213,"RG","SE"
332,1,213,"RG","SE"
248,5,213,"RG","SE"
202,1,213,"RG","SE"
14,30,213,"RG","SE"
89,1,213,"RG","SE"
534,3,213,"RG","SE"
264,1,213,"RG","SE"
358,16,213,"RG","SE"
313,3,213,"RG","SE"
223,1,213,"RG","SE"
344,1,213,"RG","SE"
481,2,213,"RG","SE"
183,3,213,"RG","SE"
101,1,213,"RG","SE"
426,4,213,"RG","SE"
527,8,213,"RG","SE"
539,1,213,"RG","SE"
65,4,213,"RG","SE"
130,1,214,"RG","SE"
104,2,214,"RG","SE"
126,3,214,"RG","SE"
247,3,214,"RG","SE"
303,6,214,"RG","SE"
185,1,214,"RG","SE"
544,1,214,"RG","SE"
367,2,214,"RG","SE"
42,1,214,"RG","SE"
467,4,214,"RG","SE"
286,1,214,"RG","SE"
422,4,214,"RG","SE"
44,30,214,"RG","SE"
479,6,214,"RG","SE"
83,2,214,"RG","SE"
284,1,214,"RG","SE"
255,1,214,"RG","SE"
340,1,214,"RG","SE"
160,1,214,"RG","SE"
469,5,214,"RG","SE"
51,2,214,"RG","SE"
171,1,214,"RG","SE"
138,2,214,"RG","SE"
259,6,214,"RG","SE"
504,10,214,"RG","SE"
417,1,214,"RG","SE"
509,3,214,"RG","SE"
496,22,214,"RG","SE"
370,1,214,"RG","SE"
19,5,214,"RG","SE"
268,1,214,"RG","SE"
3,5,215,"RG","SE"
332,1,215,"RG","SE"
32,6,215,"RG","SE"
193,2,215,"RG","SE"
164,6,215,"RG","SE"
237,1,215,"RG","SE"
126,3,215,"RG","SE"
471,3,215,"RG","SE"
33,12,215,"RG","SE"
190,1,215,"RG","SE"
65,4,215,"RG","SE"
5,4,215,"RG","SE"
21,7,215,"RG","SE"
296,1,215,"RG","SE"
526,2,215,"RG","SE"
157,1,215,"RG","SE"
259,6,215,"RG","SE"
254,1,215,"RG","SE"
222,2,215,"RG","SE"
376,3,215,"RG","SE"
108,1,215,"RG","SE"
132,1,215,"RG","SE"
489,4,215,"RG","SE"
91,5,215,"RG","SE"
49,1,215,"RG","SE"
369,2,215,"RG","SE"
439,1,215,"RG","SE"
249,2,215,"RG","SE"
426,4,215,"RG","SE"
431,1,215,"RG","SE"
146,1,215,"RG","SE"
515,4,216,"RG","SE"
273,1,216,"RG","SE"
520,2,216,"RG","SE"
61,50,216,"RG","SE"
77,17,216,"RG","SE"
366,1,216,"RG","SE"
253,1,216,"RG","SE"
89,1,216,"RG","SE"
183,3,216,"RG","SE"
496,22,216,"RG","SE"
376,3,216,"RG","SE"
170,1,216,"RG","SE"
203,1,216,"RG","SE"
441,1,216,"RG","SE"
171,1,216,"RG","SE"
474,1,216,"RG","SE"
261,3,216,"RG","SE"
367,2,216,"RG","SE"
16,3,216,"RG","SE"
544,1,216,"RG","SE"
286,1,216,"RG","SE"
68,5,216,"RG","SE"
57,9,216,"RG","SE"
22,4,216,"RG","SE"
465,1,216,"RG","SE"
83,2,216,"RG","SE"
160,1,216,"RG","SE"
67,9,216,"RG","SE"
463,1,216,"RG","SE"
124,4,216,"RG","SE"
3,5,216,"RG","SE"
480,6,217,"RG","SE"
252,2,217,"RG","SE"
535,3,217,"RG","SE"
237,1,217,"RG","SE"
508,14,217,"RG","SE"
258,1,217,"RG","SE"
72,9,217,"RG","SE"
158,3,217,"RG","SE"
340,1,217,"RG","SE"
269,1,217,"RG","SE"
153,1,217,"RG","SE"
387,1,217,"RG","SE"
7,21,217,"RG","SE"
532,5,217,"RG","SE"
122,2,217,"RG","SE"
430,1,217,"RG","SE"
15,2,217,"RG","SE"
294,3,217,"RG","SE"
207,1,217,"RG","SE"
493,7,217,"RG","SE"
301,1,217,"RG","SE"
481,2,217,"RG","SE"
222,2,217,"RG","SE"
225,1,217,"RG","SE"
253,1,217,"RG","SE"
544,1,217,"RG","SE"
457,2,217,"RG","SE"
279,1,217,"RG","SE"
179,12,217,"RG","SE"
175,1,217,"RG","SE"
85,15,217,"RG","SE"
430,1,218,"RG","SE"
194,1,218,"RG","SE"
21,7,218,"RG","SE"
294,3,218,"RG","SE"
85,15,218,"RG","SE"
348,2,218,"RG","SE"
465,1,218,"RG","SE"
366,1,218,"RG","SE"
17,5,218,"RG","SE"
149,1,218,"RG","SE"
253,1,218,"RG","SE"
49,1,218,"RG","SE"
190,1,218,"RG","SE"
54,39,218,"RG","SE"
328,1,218,"RG","SE"
534,3,218,"RG","SE"
285,3,218,"RG","SE"
207,1,218,"RG","SE"
68,5,218,"RG","SE"
252,2,218,"RG","SE"
467,4,218,"RG","SE"
228,1,218,"RG","SE"
421,4,218,"RG","SE"
27,2,218,"RG","SE"
515,4,218,"RG","SE"
345,1,218,"RG","SE"
319,1,218,"RG","SE"
440,1,218,"RG","SE"
243,2,218,"RG","SE"
223,1,218,"RG","SE"
22,4,218,"RG","SE"
309,1,219,"RG","SE"
369,2,219,"RG","SE"
91,5,219,"RG","SE"
527,8,219,"RG","SE"
291,1,219,"RG","SE"
269,1,219,"RG","SE"
548,1,219,"RG","SE"
378,1,219,"RG","SE"
532,5,219,"RG","SE"
438,6,219,"RG","SE"
286,1,219,"RG","SE"
119,1,219,"RG","SE"
111,1,219,"RG","SE"
317,2,219,"RG","SE"
89,1,219,"RG","SE"
232,4,219,"RG","SE"
101,1,219,"RG","SE"
508,14,219,"RG","SE"
33,12,219,"RG","SE"
203,1,219,"RG","SE"
435,2,219,"RG","SE"
228,1,219,"RG","SE"
225,1,219,"RG","SE"
68,5,219,"RG","SE"
426,4,219,"RG","SE"
219,1,219,"RG","SE"
259,6,219,"RG","SE"
455,3,219,"RG","SE"
510,9,219,"RG","SE"
351,1,219,"RG","SE"
268,1,219,"RG","SE"
482,5,220,"RG","SE"
149,1,220,"RG","SE"
328,1,220,"RG","SE"
126,3,220,"RG","SE"
237,1,220,"RG","SE"
203,1,220,"RG","SE"
273,1,220,"RG","SE"
129,2,220,"RG","SE"
504,10,220,"RG","SE"
141,2,220,"RG","SE"
319,1,220,"RG","SE"
264,1,220,"RG","SE"
255,1,220,"RG","SE"
358,16,220,"RG","SE"
291,1,220,"RG","SE"
310,1,220,"RG","SE"
196,2,220,"RG","SE"
490,4,220,"RG","SE"
91,5,220,"RG","SE"
223,1,220,"RG","SE"
61,50,220,"RG","SE"
199,1,220,"RG","SE"
276,3,220,"RG","SE"
252,2,220,"RG","SE"
278,1,220,"RG","SE"
222,2,220,"RG","SE"
7,21,220,"RG","SE"
115,1,220,"RG","SE"
17,5,220,"RG","SE"
344,1,220,"RG","SE"
365,2,220,"RG","SE"
155,1,221,"RG","SE"
513,6,221,"RG","SE"
45,1,221,"RG","SE"
395,1,221,"RG","SE"
242,1,221,"RG","SE"
470,5,221,"RG","SE"
179,12,221,"RG","SE"
291,1,221,"RG","SE"
103,1,221,"RG","SE"
110,1,221,"RG","SE"
33,12,221,"RG","SE"
185,1,221,"RG","SE"
348,2,221,"RG","SE"
357,1,221,"RG","SE"
157,1,221,"RG","SE"
285,3,221,"RG","SE"
166,1,221,"RG","SE"
344,1,221,"RG","SE"
194,1,221,"RG","SE"
365,2,221,"RG","SE"
187,1,221,"RG","SE"
436,1,221,"RG","SE"
214,1,221,"RG","SE"
303,6,221,"RG","SE"
532,5,221,"RG","SE"
461,1,221,"RG","SE"
363,2,221,"RG","SE"
190,1,221,"RG","SE"
143,1,221,"RG","SE"
282,1,221,"RG","SE"
116,1,221,"RG","SE"
232,4,222,"RG","SE"
196,2,222,"RG","SE"
344,1,222,"RG","SE"
486,5,222,"RG","SE"
340,1,222,"RG","SE"
125,1,222,"RG","SE"
305,1,222,"RG","SE"
145,1,222,"RG","SE"
322,3,222,"RG","SE"
531,2,222,"RG","SE"
140,1,222,"RG","SE"
64,9,222,"RG","SE"
466,1,222,"RG","SE"
103,1,222,"RG","SE"
317,2,222,"RG","SE"
374,2,222,"RG","SE"
498,25,222,"RG","SE"
132,1,222,"RG","SE"
361,3,222,"RG","SE"
175,1,222,"RG","SE"
480,6,222,"RG","SE"
514,6,222,"RG","SE"
160,1,222,"RG","SE"
282,1,222,"RG","SE"
111,1,222,"RG","SE"
203,1,222,"RG","SE"
479,6,222,"RG","SE"
447,4,222,"RG","SE"
474,1,222,"RG","SE"
312,1,222,"RG","SE"
179,12,222,"RG","SE"
319,1,223,"RG","SE"
258,1,223,"RG","SE"
361,3,223,"RG","SE"
225,1,223,"RG","SE"
510,9,223,"RG","SE"
190,1,223,"RG","SE"
153,1,223,"RG","SE"
286,1,223,"RG","SE"
421,4,223,"RG","SE"
57,9,223,"RG","SE"
413,1,223,"RG","SE"
193,2,223,"RG","SE"
486,5,223,"RG","SE"
480,6,223,"RG","SE"
479,6,223,"RG","SE"
308,2,223,"RG","SE"
317,2,223,"RG","SE"
535,3,223,"RG","SE"
436,1,223,"RG","SE"
268,1,223,"RG","SE"
110,1,223,"RG","SE"
279,1,223,"RG","SE"
49,1,223,"RG","SE"
132,1,223,"RG","SE"
372,1,223,"RG","SE"
26,59,223,"RG","SE"
494,8,223,"RG","SE"
171,1,223,"RG","SE"
466,1,223,"RG","SE"
86,2,223,"RG","SE"
237,1,223,"RG","SE"
433,2,224,"RG","SE"
422,4,224,"RG","SE"
228,1,224,"RG","SE"
467,4,224,"RG","SE"
269,1,224,"RG","SE"
128,1,224,"RG","SE"
340,1,224,"RG","SE"
535,3,224,"RG","SE"
132,1,224,"RG","SE"
538,2,224,"RG","SE"
138,2,224,"RG","SE"
358,16,224,"RG","SE"
330,1,224,"RG","SE"
351,1,224,"RG","SE"
458,1,224,"RG","SE"
249,2,224,"RG","SE"
5,4,224,"RG","SE"
524,2,224,"RG","SE"
266,1,224,"RG","SE"
510,9,224,"RG","SE"
514,6,224,"RG","SE"
122,2,224,"RG","SE"
257,1,224,"RG","SE"
418,1,224,"RG","SE"
480,6,224,"RG","SE"
308,2,224,"RG","SE"
516,4,224,"RG","SE"
198,2,224,"RG","SE"
494,8,224,"RG","SE"
130,1,224,"RG","SE"
392,1,224,"RG","SE"
544,1,225,"RG","SE"
116,1,225,"RG","SE"
399,1,225,"RG","SE"
185,1,225,"RG","SE"
340,1,225,"RG","SE"
157,1,225,"RG","SE"
302,2,225,"RG","SE"
367,2,225,"RG","SE"
469,5,225,"RG","SE"
36,3,225,"RG","SE"
222,2,225,"RG","SE"
455,3,225,"RG","SE"
318,3,225,"RG","SE"
540,8,225,"RG","SE"
141,2,225,"RG","SE"
372,1,225,"RG","SE"
77,17,225,"RG","SE"
380,2,225,"RG","SE"
123,4,225,"RG","SE"
57,9,225,"RG","SE"
151,1,225,"RG","SE"
261,3,225,"RG","SE"
421,4,225,"RG","SE"
524,2,225,"RG","SE"
462,1,225,"RG","SE"
456,1,225,"RG","SE"
228,1,225,"RG","SE"
369,2,225,"RG","SE"
418,1,225,"RG","SE"
394,1,225,"RG","SE"
19,5,225,"RG","SE"
367,2,226,"RG","SE"
21,7,226,"RG","SE"
501,17,226,"RG","SE"
258,1,226,"RG","SE"
115,1,226,"RG","SE"
166,1,226,"RG","SE"
179,12,226,"RG","SE"
445,10,226,"RG","SE"
76,4,226,"RG","SE"
169,1,226,"RG","SE"
72,9,226,"RG","SE"
268,1,226,"RG","SE"
207,1,226,"RG","SE"
65,4,226,"RG","SE"
141,2,226,"RG","SE"
488,6,226,"RG","SE"
441,1,226,"RG","SE"
138,2,226,"RG","SE"
540,8,226,"RG","SE"
513,6,226,"RG","SE"
447,4,226,"RG","SE"
310,1,226,"RG","SE"
145,1,226,"RG","SE"
358,16,226,"RG","SE"
336,1,226,"RG","SE"
214,1,226,"RG","SE"
303,6,226,"RG","SE"
510,9,226,"RG","SE"
486,5,226,"RG","SE"
112,4,226,"RG","SE"
247,3,226,"RG","SE"
86,2,227,"RG","SE"
523,4,227,"RG","SE"
433,2,227,"RG","SE"
54,39,227,"RG","SE"
456,1,227,"RG","SE"
225,1,227,"RG","SE"
80,6,227,"RG","SE"
11,27,227,"RG","SE"
541,8,227,"RG","SE"
504,10,227,"RG","SE"
349,1,227,"RG","SE"
129,2,227,"RG","SE"
417,1,227,"RG","SE"
394,1,227,"RG","SE"
249,2,227,"RG","SE"
112,4,227,"RG","SE"
469,5,227,"RG","SE"
20,7,227,"RG","SE"
332,1,227,"RG","SE"
494,8,227,"RG","SE"
389,3,227,"RG","SE"
26,59,227,"RG","SE"
510,9,227,"RG","SE"
361,3,227,"RG","SE"
185,1,227,"RG","SE"
252,2,227,"RG","SE"
348,2,227,"RG","SE"
387,1,227,"RG","SE"
103,1,227,"RG","SE"
49,1,227,"RG","SE"
372,1,227,"RG","SE"
77,17,228,"RG","SE"
501,17,228,"RG","SE"
545,1,228,"RG","SE"
199,1,228,"RG","SE"
319,1,228,"RG","SE"
488,6,228,"RG","SE"
252,2,228,"RG","SE"
266,1,228,"RG","SE"
369,2,228,"RG","SE"
505,11,228,"RG","SE"
422,4,228,"RG","SE"
72,9,228,"RG","SE"
458,1,228,"RG","SE"
7,21,228,"RG","SE"
78,21,228,"RG","SE"
438,6,228,"RG","SE"
493,7,228,"RG","SE"
381,3,228,"RG","SE"
225,1,228,"RG","SE"
186,2,228,"RG","SE"
223,1,228,"RG","SE"
367,2,228,"RG","SE"
389,3,228,"RG","SE"
243,2,228,"RG","SE"
524,2,228,"RG","SE"
282,1,228,"RG","SE"
531,2,228,"RG","SE"
308,2,228,"RG","SE"
426,4,228,"RG","SE"
36,3,228,"RG","SE"
506,7,228,"RG","SE"
20,7,229,"RG","SE"
545,1,229,"RG","SE"
140,1,229,"RG","SE"
505,11,229,"RG","SE"
222,2,229,"RG","SE"
223,1,229,"RG","SE"
390,1,229,"RG","SE"
119,1,229,"RG","SE"
415,1,229,"RG","SE"
242,1,229,"RG","SE"
352,2,229,"RG","SE"
477,4,229,"RG","SE"
305,1,229,"RG","SE"
439,1,229,"RG","SE"
219,1,229,"RG","SE"
421,4,229,"RG","SE"
102,1,229,"RG","SE"
457,2,229,"RG","SE"
436,1,229,"RG","SE"
433,2,229,"RG","SE"
365,2,229,"RG","SE"
447,4,229,"RG","SE"
508,14,229,"RG","SE"
248,5,229,"RG","SE"
169,1,229,"RG","SE"
296,1,229,"RG","SE"
463,1,229,"RG","SE"
504,10,229,"RG","SE"
32,6,229,"RG","SE"
534,3,229,"RG","SE"
128,1,229,"RG","SE"
387,1,230,"RG","SE"
124,4,230,"RG","SE"
462,1,230,"RG","SE"
374,2,230,"RG","SE"
198,2,230,"RG","SE"
261,3,230,"RG","SE"
455,3,230,"RG","SE"
526,2,230,"RG","SE"
415,1,230,"RG","SE"
322,3,230,"RG","SE"
284,1,230,"RG","SE"
169,1,230,"RG","SE"
296,1,230,"RG","SE"
476,1,230,"RG","SE"
146,1,230,"RG","SE"
426,4,230,"RG","SE"
328,1,230,"RG","SE"
447,4,230,"RG","SE"
86,2,230,"RG","SE"
302,2,230,"RG","SE"
257,1,230,"RG","SE"
308,2,230,"RG","SE"
480,6,230,"RG","SE"
367,2,230,"RG","SE"
516,4,230,"RG","SE"
77,17,230,"RG","SE"
430,1,230,"RG","SE"
487,4,230,"RG","SE"
513,6,230,"RG","SE"
269,1,230,"RG","SE"
193,2,230,"RG","SE"
372,1,231,"RG","SE"
187,1,231,"RG","SE"
490,4,231,"RG","SE"
380,2,231,"RG","SE"
16,3,231,"RG","SE"
247,3,231,"RG","SE"
309,1,231,"RG","SE"
36,3,231,"RG","SE"
471,3,231,"RG","SE"
277,1,231,"RG","SE"
153,1,231,"RG","SE"
250,1,231,"RG","SE"
253,1,231,"RG","SE"
374,2,231,"RG","SE"
476,1,231,"RG","SE"
203,1,231,"RG","SE"
142,1,231,"RG","SE"
533,5,231,"RG","SE"
502,7,231,"RG","SE"
345,1,231,"RG","SE"
480,6,231,"RG","SE"
257,1,231,"RG","SE"
517,6,231,"RG","SE"
437,1,231,"RG","SE"
425,4,231,"RG","SE"
25,1,231,"RG","SE"
4,5,231,"RG","SE"
312,1,231,"RG","SE"
376,3,231,"RG","SE"
235,1,231,"RG","SE"
244,3,231,"RG","SE"
440,1,232,"RG","SE"
394,1,232,"RG","SE"
365,2,232,"RG","SE"
309,1,232,"RG","SE"
345,1,232,"RG","SE"
508,14,232,"RG","SE"
223,1,232,"RG","SE"
540,8,232,"RG","SE"
294,3,232,"RG","SE"
368,1,232,"RG","SE"
301,1,232,"RG","SE"
303,6,232,"RG","SE"
484,4,232,"RG","SE"
235,1,232,"RG","SE"
305,1,232,"RG","SE"
502,7,232,"RG","SE"
545,1,232,"RG","SE"
474,1,232,"RG","SE"
57,9,232,"RG","SE"
257,1,232,"RG","SE"
268,1,232,"RG","SE"
528,5,232,"RG","SE"
390,1,232,"RG","SE"
313,3,232,"RG","SE"
78,21,232,"RG","SE"
291,1,232,"RG","SE"
435,2,232,"RG","SE"
11,27,232,"RG","SE"
527,8,232,"RG","SE"
319,1,232,"RG","SE"
112,4,232,"RG","SE"
482,5,233,"RG","SE"
22,4,233,"RG","SE"
147,1,233,"RG","SE"
61,50,233,"RG","SE"
225,1,233,"RG","SE"
170,1,233,"RG","SE"
322,3,233,"RG","SE"
112,4,233,"RG","SE"
474,1,233,"RG","SE"
487,4,233,"RG","SE"
64,9,233,"RG","SE"
273,1,233,"RG","SE"
535,3,233,"RG","SE"
264,1,233,"RG","SE"
160,1,233,"RG","SE"
148,1,233,"RG","SE"
151,1,233,"RG","SE"
103,1,233,"RG","SE"
528,5,233,"RG","SE"
65,4,233,"RG","SE"
198,2,233,"RG","SE"
517,6,233,"RG","SE"
223,1,233,"RG","SE"
352,2,233,"RG","SE"
404,1,233,"RG","SE"
439,1,233,"RG","SE"
247,3,233,"RG","SE"
243,2,233,"RG","SE"
183,3,233,"RG","SE"
344,1,233,"RG","SE"
538,2,233,"RG","SE"
219,1,234,"RG","SE"
344,1,234,"RG","SE"
235,1,234,"RG","SE"
54,39,234,"RG","SE"
516,4,234,"RG","SE"
466,1,234,"RG","SE"
191,1,234,"RG","SE"
49,1,234,"RG","SE"
418,1,234,"RG","SE"
437,1,234,"RG","SE"
196,2,234,"RG","SE"
105,1,234,"RG","SE"
382,1,234,"RG","SE"
502,7,234,"RG","SE"
328,1,234,"RG","SE"
138,2,234,"RG","SE"
65,4,234,"RG","SE"
345,1,234,"RG","SE"
381,3,234,"RG","SE"
517,6,234,"RG","SE"
77,17,234,"RG","SE"
7,21,234,"RG","SE"
225,1,234,"RG","SE"
158,3,234,"RG","SE"
101,1,234,"RG","SE"
91,5,234,"RG","SE"
525,9,234,"RG","SE"
313,3,234,"RG","SE"
480,6,234,"RG","SE"
20,7,234,"RG","SE"
399,1,234,"RG","SE"
369,2,235,"RG","SE"
102,1,235,"RG","SE"
222,2,235,"RG","SE"
440,1,235,"RG","SE"
67,9,235,"RG","SE"
68,5,235,"RG","SE"
500,22,235,"RG","SE"
28,50,235,"RG","SE"
390,1,235,"RG","SE"
144,1,235,"RG","SE"
276,3,235,"RG","SE"
479,6,235,"RG","SE"
186,2,235,"RG","SE"
151,1,235,"RG","SE"
401,1,235,"RG","SE"
49,1,235,"RG","SE"
279,1,235,"RG","SE"
421,4,235,"RG","SE"
273,1,235,"RG","SE"
175,1,235,"RG","SE"
291,1,235,"RG","SE"
78,21,235,"RG","SE"
15,2,235,"RG","SE"
305,1,235,"RG","SE"
16,3,235,"RG","SE"
254,1,235,"RG","SE"
404,1,235,"RG","SE"
544,1,235,"RG","SE"
164,6,235,"RG","SE"
149,1,235,"RG","SE"
17,5,235,"RG","SE"
317,2,236,"RG","SE"
126,3,236,"RG","SE"
108,1,236,"RG","SE"
111,1,236,"RG","SE"
286,1,236,"RG","SE"
247,3,236,"RG","SE"
471,3,236,"RG","SE"
463,1,236,"RG","SE"
515,4,236,"RG","SE"
493,7,236,"RG","SE"
143,1,236,"RG","SE"
482,5,236,"RG","SE"
529,5,236,"RG","SE"
322,3,236,"RG","SE"
528,5,236,"RG","SE"
474,1,236,"RG","SE"
254,1,236,"RG","SE"
344,1,236,"RG","SE"
465,1,236,"RG","SE"
22,4,236,"RG","SE"
538,2,236,"RG","SE"
242,1,236,"RG","SE"
540,8,236,"RG","SE"
131,1,236,"RG","SE"
392,1,236,"RG","SE"
506,7,236,"RG","SE"
441,1,236,"RG","SE"
545,1,236,"RG","SE"
14,30,236,"RG","SE"
128,1,236,"RG","SE"
250,1,236,"RG","SE"
520,2,237,"RG","SE"
36,3,237,"RG","SE"
14,30,237,"RG","SE"
202,1,237,"RG","SE"
111,1,237,"RG","SE"
170,1,237,"RG","SE"
425,4,237,"RG","SE"
399,1,237,"RG","SE"
160,1,237,"RG","SE"
32,6,237,"RG","SE"
506,7,237,"RG","SE"
22,4,237,"RG","SE"
190,1,237,"RG","SE"
302,2,237,"RG","SE"
441,1,237,"RG","SE"
187,1,237,"RG","SE"
110,1,237,"RG","SE"
247,3,237,"RG","SE"
345,1,237,"RG","SE"
534,3,237,"RG","SE"
322,3,237,"RG","SE"
4,5,237,"RG","SE"
54,39,237,"RG","SE"
452,1,237,"RG","SE"
26,59,237,"RG","SE"
17,5,237,"RG","SE"
535,3,237,"RG","SE"
44,30,237,"RG","SE"
294,3,237,"RG","SE"
470,5,237,"RG","SE"
193,2,237,"RG","SE"
87,1,238,"RG","SE"
481,2,238,"RG","SE"
68,5,238,"RG","SE"
89,1,238,"RG","SE"
104,2,238,"RG","SE"
3,5,238,"RG","SE"
377,2,238,"RG","SE"
493,7,238,"RG","SE"
508,14,238,"RG","SE"
440,1,238,"RG","SE"
504,10,238,"RG","SE"
544,1,238,"RG","SE"
457,2,238,"RG","SE"
28,50,238,"RG","SE"
531,2,238,"RG","SE"
483,5,238,"RG","SE"
158,3,238,"RG","SE"
433,2,238,"RG","SE"
500,22,238,"RG","SE"
138,2,238,"RG","SE"
228,1,238,"RG","SE"
147,1,238,"RG","SE"
235,1,238,"RG","SE"
209,1,238,"RG","SE"
125,1,238,"RG","SE"
296,1,238,"RG","SE"
175,1,238,"RG","SE"
128,1,238,"RG","SE"
535,3,238,"RG","SE"
461,1,238,"RG","SE"
370,1,238,"RG","SE"
11,27,239,"RG","SE"
7,21,239,"RG","SE"
170,1,239,"RG","SE"
78,21,239,"RG","SE"
138,2,239,"RG","SE"
296,1,239,"RG","SE"
326,2,239,"RG","SE"
147,1,239,"RG","SE"
140,1,239,"RG","SE"
344,1,239,"RG","SE"
204,2,239,"RG","SE"
12,11,239,"RG","SE"
144,1,239,"RG","SE"
19,5,239,"RG","SE"
399,1,239,"RG","SE"
104,2,239,"RG","SE"
534,3,239,"RG","SE"
486,5,239,"RG","SE"
5,4,239,"RG","SE"
27,2,239,"RG","SE"
68,5,239,"RG","SE"
369,2,239,"RG","SE"
363,2,239,"RG","SE"
142,1,239,"RG","SE"
20,7,239,"RG","SE"
115,1,239,"RG","SE"
430,1,239,"RG","SE"
145,1,239,"RG","SE"
318,3,239,"RG","SE"
374,2,239,"RG","SE"
523,4,239,"RG","SE"
421,4,240,"RG","SE"
209,1,240,"RG","SE"
303,6,240,"RG","SE"
199,1,240,"RG","SE"
457,2,240,"RG","SE"
119,1,240,"RG","SE"
502,7,240,"RG","SE"
357,1,240,"RG","SE"
544,1,240,"RG","SE"
10,1,240,"RG","SE"
490,4,240,"RG","SE"
340,1,240,"RG","SE"
463,1,240,"RG","SE"
125,1,240,"RG","SE"
486,5,240,"RG","SE"
363,2,240,"RG","SE"
531,2,240,"RG","SE"
67,9,240,"RG","SE"
494,8,240,"RG","SE"
26,59,240,"RG","SE"
261,3,240,"RG","SE"
38,3,240,"RG","SE"
171,1,240,"RG","SE"
108,1,240,"RG","SE"
276,3,240,"RG","SE"
326,2,240,"RG","SE"
252,2,240,"RG","SE"
431,1,240,"RG","SE"
283,1,240,"RG","SE"
535,3,240,"RG","SE"
191,1,240,"RG","SE"
455,3,241,"RG","SE"
476,1,241,"RG","SE"
358,16,241,"RG","SE"
129,2,241,"RG","SE"
541,8,241,"RG","SE"
141,2,241,"RG","SE"
330,1,241,"RG","SE"
354,2,241,"RG","SE"
322,3,241,"RG","SE"
145,1,241,"RG","SE"
143,1,241,"RG","SE"
247,3,241,"RG","SE"
479,6,241,"RG","SE"
277,1,241,"RG","SE"
26,59,241,"RG","SE"
199,1,241,"RG","SE"
304,2,241,"RG","SE"
198,2,241,"RG","SE"
413,1,241,"RG","SE"
524,2,241,"RG","SE"
426,4,241,"RG","SE"
526,2,241,"RG","SE"
85,15,241,"RG","SE"
501,17,241,"RG","SE"
219,1,241,"RG","SE"
510,9,241,"RG","SE"
441,1,241,"RG","SE"
395,1,241,"RG","SE"
268,1,241,"RG","SE"
456,1,241,"RG","SE"
28,50,241,"RG","SE"
425,4,242,"RG","SE"
533,5,242,"RG","SE"
340,1,242,"RG","SE"
44,30,242,"RG","SE"
87,1,242,"RG","SE"
132,1,242,"RG","SE"
376,3,242,"RG","SE"
363,2,242,"RG","SE"
131,1,242,"RG","SE"
284,1,242,"RG","SE"
119,1,242,"RG","SE"
122,2,242,"RG","SE"
77,17,242,"RG","SE"
490,4,242,"RG","SE"
539,1,242,"RG","SE"
305,1,242,"RG","SE"
349,1,242,"RG","SE"
155,1,242,"RG","SE"
545,1,242,"RG","SE"
252,2,242,"RG","SE"
527,8,242,"RG","SE"
520,2,242,"RG","SE"
194,1,242,"RG","SE"
179,12,242,"RG","SE"
276,3,242,"RG","SE"
144,1,242,"RG","SE"
514,6,242,"RG","SE"
111,1,242,"RG","SE"
4,5,242,"RG","SE"
509,3,242,"RG","SE"
336,1,242,"RG","SE"
15,2,243,"RG","SE"
158,3,243,"RG","SE"
404,1,243,"RG","SE"
477,4,243,"RG","SE"
357,1,243,"RG","SE"
273,1,243,"RG","SE"
456,1,243,"RG","SE"
80,6,243,"RG","SE"
185,1,243,"RG","SE"
247,3,243,"RG","SE"
26,59,243,"RG","SE"
378,1,243,"RG","SE"
399,1,243,"RG","SE"
57,9,243,"RG","SE"
13,1,243,"RG","SE"
207,1,243,"RG","SE"
225,1,243,"RG","SE"
410,2,243,"RG","SE"
157,1,243,"RG","SE"
202,1,243,"RG","SE"
529,5,243,"RG","SE"
489,4,243,"RG","SE"
482,5,243,"RG","SE"
253,1,243,"RG","SE"
276,3,243,"RG","SE"
545,1,243,"RG","SE"
426,4,243,"RG","SE"
264,1,243,"RG","SE"
42,1,243,"RG","SE"
440,1,243,"RG","SE"
506,7,243,"RG","SE"
72,9,244,"RG","SE"
351,1,244,"RG","SE"
108,1,244,"RG","SE"
496,22,244,"RG","SE"
410,2,244,"RG","SE"
487,4,244,"RG","SE"
175,1,244,"RG","SE"
513,6,244,"RG","SE"
394,1,244,"RG","SE"
148,1,244,"RG","SE"
470,5,244,"RG","SE"
199,1,244,"RG","SE"
147,1,244,"RG","SE"
116,1,244,"RG","SE"
146,1,244,"RG","SE"
529,5,244,"RG","SE"
404,1,244,"RG","SE"
283,1,244,"RG","SE"
122,2,244,"RG","SE"
352,2,244,"RG","SE"
14,30,244,"RG","SE"
54,39,244,"RG","SE"
476,1,244,"RG","SE"
318,3,244,"RG","SE"
85,15,244,"RG","SE"
169,1,244,"RG","SE"
247,3,244,"RG","SE"
183,3,244,"RG","SE"
214,1,244,"RG","SE"
380,2,244,"RG","SE"
65,4,244,"RG","SE"
435,2,245,"RG","SE"
417,1,245,"RG","SE"
25,1,245,"RG","SE"
183,3,245,"RG","SE"
487,4,245,"RG","SE"
115,1,245,"RG","SE"
527,8,245,"RG","SE"
132,1,245,"RG","SE"
312,1,245,"RG","SE"
374,2,245,"RG","SE"
504,10,245,"RG","SE"
77,17,245,"RG","SE"
348,2,245,"RG","SE"
544,1,245,"RG","SE"
483,5,245,"RG","SE"
520,2,245,"RG","SE"
173,2,245,"RG","SE"
166,1,245,"RG","SE"
124,4,245,"RG","SE"
382,1,245,"RG","SE"
243,2,245,"RG","SE"
456,1,245,"RG","SE"
116,1,245,"RG","SE"
22,4,245,"RG","SE"
372,1,245,"RG","SE"
474,1,245,"RG","SE"
255,1,245,"RG","SE"
147,1,245,"RG","SE"
277,1,245,"RG","SE"
410,2,245,"RG","SE"
190,1,245,"RG","SE"
78,21,246,"RG","SE"
487,4,246,"RG","SE"
421,4,246,"RG","SE"
111,1,246,"RG","SE"
146,1,246,"RG","SE"
417,1,246,"RG","SE"
534,3,246,"RG","SE"
538,2,246,"RG","SE"
462,1,246,"RG","SE"
426,4,246,"RG","SE"
370,1,246,"RG","SE"
5,4,246,"RG","SE"
399,1,246,"RG","SE"
540,8,246,"RG","SE"
535,3,246,"RG","SE"
252,2,246,"RG","SE"
415,1,246,"RG","SE"
242,1,246,"RG","SE"
439,1,246,"RG","SE"
72,9,246,"RG","SE"
108,1,246,"RG","SE"
284,1,246,"RG","SE"
354,2,246,"RG","SE"
482,5,246,"RG","SE"
219,1,246,"RG","SE"
366,1,246,"RG","SE"
380,2,246,"RG","SE"
65,4,246,"RG","SE"
279,1,246,"RG","SE"
291,1,246,"RG","SE"
249,2,246,"RG","SE"
175,1,247,"RG","SE"
418,1,247,"RG","SE"
248,5,247,"RG","SE"
245,1,247,"RG","SE"
151,1,247,"RG","SE"
57,9,247,"RG","SE"
128,1,247,"RG","SE"
199,1,247,"RG","SE"
437,1,247,"RG","SE"
268,1,247,"RG","SE"
506,7,247,"RG","SE"
533,5,247,"RG","SE"
435,2,247,"RG","SE"
219,1,247,"RG","SE"
482,5,247,"RG","SE"
209,1,247,"RG","SE"
266,1,247,"RG","SE"
490,4,247,"RG","SE"
10,1,247,"RG","SE"
146,1,247,"RG","SE"
33,12,247,"RG","SE"
196,2,247,"RG","SE"
501,17,247,"RG","SE"
16,3,247,"RG","SE"
276,3,247,"RG","SE"
291,1,247,"RG","SE"
489,4,247,"RG","SE"
296,1,247,"RG","SE"
509,3,247,"RG","SE"
132,1,247,"RG","SE"
12,11,247,"RG","SE"
418,1,248,"RG","SE"
11,27,248,"RG","SE"
365,2,248,"RG","SE"
368,1,248,"RG","SE"
452,1,248,"RG","SE"
380,2,248,"RG","SE"
67,9,248,"RG","SE"
374,2,248,"RG","SE"
72,9,248,"RG","SE"
247,3,248,"RG","SE"
455,3,248,"RG","SE"
301,1,248,"RG","SE"
186,2,248,"RG","SE"
501,17,248,"RG","SE"
44,30,248,"RG","SE"
276,3,248,"RG","SE"
42,1,248,"RG","SE"
219,1,248,"RG","SE"
193,2,248,"RG","SE"
477,4,248,"RG","SE"
160,1,248,"RG","SE"
341,2,248,"RG","SE"
352,2,248,"RG","SE"
419,1,248,"RG","SE"
496,22,248,"RG","SE"
108,1,248,"RG","SE"
142,1,248,"RG","SE"
249,2,248,"RG","SE"
198,2,248,"RG","SE"
244,3,248,"RG","SE"
510,9,248,"RG","SE"
126,3,249,"RG","SE"
89,1,249,"RG","SE"
157,1,249,"RG","SE"
544,1,249,"RG","SE"
223,1,249,"RG","SE"
194,1,249,"RG","SE"
191,1,249,"RG","SE"
19,5,249,"RG","SE"
283,1,249,"RG","SE"
284,1,249,"RG","SE"
504,10,249,"RG","SE"
273,1,249,"RG","SE"
529,5,249,"RG","SE"
463,1,249,"RG","SE"
173,2,249,"RG","SE"
214,1,249,"RG","SE"
340,1,249,"RG","SE"
336,1,249,"RG","SE"
148,1,249,"RG","SE"
237,1,249,"RG","SE"
175,1,249,"RG","SE"
452,1,249,"RG","SE"
394,1,249,"RG","SE"
140,1,249,"RG","SE"
377,2,249,"RG","SE"
505,11,249,"RG","SE"
365,2,249,"RG","SE"
49,1,249,"RG","SE"
25,1,249,"RG","SE"
14,30,249,"RG","SE"
366,1,249,"RG","SE"
462,1,250,"RG","SE"
317,2,250,"RG","SE"
131,1,250,"RG","SE"
124,4,250,"RG","SE"
57,9,250,"RG","SE"
309,1,250,"RG","SE"
458,1,250,"RG","SE"
358,16,250,"RG","SE"
286,1,250,"RG","SE"
214,1,250,"RG","SE"
279,1,250,"RG","SE"
168,1,250,"RG","SE"
319,1,250,"RG","SE"
223,1,250,"RG","SE"
520,2,250,"RG","SE"
198,2,250,"RG","SE"
83,2,250,"RG","SE"
404,1,250,"RG","SE"
527,8,250,"RG","SE"
377,2,250,"RG","SE"
264,1,250,"RG","SE"
17,5,250,"RG","SE"
532,5,250,"RG","SE"
65,4,250,"RG","SE"
516,4,250,"RG","SE"
436,1,250,"RG","SE"
80,6,250,"RG","SE"
104,2,250,"RG","SE"
322,3,250,"RG","SE"
304,2,250,"RG","SE"
415,1,250,"RG","SE"
382,1,251,"RG","SE"
116,1,251,"RG","SE"
340,1,251,"RG","SE"
106,1,251,"RG","SE"
138,2,251,"RG","SE"
515,4,251,"RG","SE"
357,1,251,"RG","SE"
438,6,251,"RG","SE"
105,1,251,"RG","SE"
196,2,251,"RG","SE"
457,2,251,"RG","SE"
258,1,251,"RG","SE"
191,1,251,"RG","SE"
255,1,251,"RG","SE"
61,50,251,"RG","SE"
516,4,251,"RG","SE"
493,7,251,"RG","SE"
524,2,251,"RG","SE"
481,2,251,"RG","SE"
500,22,251,"RG","SE"
462,1,251,"RG","SE"
169,1,251,"RG","SE"
148,1,251,"RG","SE"
123,4,251,"RG","SE"
266,1,251,"RG","SE"
345,1,251,"RG","SE"
146,1,251,"RG","SE"
435,2,251,"RG","SE"
486,5,251,"RG","SE"
122,2,251,"RG","SE"
354,2,251,"RG","SE"
469,5,252,"RG","SE"
17,5,252,"RG","SE"
187,1,252,"RG","SE"
250,1,252,"RG","SE"
7,21,252,"RG","SE"
341,2,252,"RG","SE"
130,1,252,"RG","SE"
207,1,252,"RG","SE"
171,1,252,"RG","SE"
72,9,252,"RG","SE"
452,1,252,"RG","SE"
381,3,252,"RG","SE"
160,1,252,"RG","SE"
310,1,252,"RG","SE"
255,1,252,"RG","SE"
33,12,252,"RG","SE"
539,1,252,"RG","SE"
541,8,252,"RG","SE"
15,2,252,"RG","SE"
140,1,252,"RG","SE"
524,2,252,"RG","SE"
480,6,252,"RG","SE"
370,1,252,"RG","SE"
301,1,252,"RG","SE"
54,39,252,"RG","SE"
13,1,252,"RG","SE"
527,8,252,"RG","SE"
38,3,252,"RG","SE"
366,1,252,"RG","SE"
179,12,252,"RG","SE"
538,2,252,"RG","SE"
147,1,253,"RG","SE"
111,1,253,"RG","SE"
17,5,253,"RG","SE"
519,3,253,"RG","SE"
115,1,253,"RG","SE"
140,1,253,"RG","SE"
488,6,253,"RG","SE"
524,2,253,"RG","SE"
5,4,253,"RG","SE"
474,1,253,"RG","SE"
419,1,253,"RG","SE"
132,1,253,"RG","SE"
526,2,253,"RG","SE"
85,15,253,"RG","SE"
49,1,253,"RG","SE"
51,2,253,"RG","SE"
455,3,253,"RG","SE"
222,2,253,"RG","SE"
77,17,253,"RG","SE"
517,6,253,"RG","SE"
285,3,253,"RG","SE"
179,12,253,"RG","SE"
185,1,253,"RG","SE"
228,1,253,"RG","SE"
508,14,253,"RG","SE"
336,1,253,"RG","SE"
397,1,253,"RG","SE"
358,16,253,"RG","SE"
196,2,253,"RG","SE"
102,1,253,"RG","SE"
124,4,253,"RG","SE"
89,1,254,"RG","SE"
253,1,254,"RG","SE"
291,1,254,"RG","SE"
336,1,254,"RG","SE"
374,2,254,"RG","SE"
28,50,254,"RG","SE"
193,2,254,"RG","SE"
370,1,254,"RG","SE"
479,6,254,"RG","SE"
157,1,254,"RG","SE"
282,1,254,"RG","SE"
482,5,254,"RG","SE"
87,1,254,"RG","SE"
261,3,254,"RG","SE"
203,1,254,"RG","SE"
80,6,254,"RG","SE"
42,1,254,"RG","SE"
515,4,254,"RG","SE"
144,1,254,"RG","SE"
78,21,254,"RG","SE"
426,4,254,"RG","SE"
25,1,254,"RG","SE"
49,1,254,"RG","SE"
533,5,254,"RG","SE"
344,1,254,"RG","SE"
160,1,254,"RG","SE"
115,1,254,"RG","SE"
463,1,254,"RG","SE"
168,1,254,"RG","SE"
166,1,254,"RG","SE"
363,2,254,"RG","SE"
196,2,255,"RG","SE"
431,1,255,"RG","SE"
32,6,255,"RG","SE"
207,1,255,"RG","SE"
149,1,255,"RG","SE"
170,1,255,"RG","SE"
332,1,255,"RG","SE"
28,50,255,"RG","SE"
128,1,255,"RG","SE"
474,1,255,"RG","SE"
51,2,255,"RG","SE"
520,2,255,"RG","SE"
151,1,255,"RG","SE"
268,1,255,"RG","SE"
493,7,255,"RG","SE"
12,11,255,"RG","SE"
237,1,255,"RG","SE"
477,4,255,"RG","SE"
529,5,255,"RG","SE"
202,1,255,"RG","SE"
445,10,255,"RG","SE"
534,3,255,"RG","SE"
419,1,255,"RG","SE"
91,5,255,"RG","SE"
131,1,255,"RG","SE"
374,2,255,"RG","SE"
441,1,255,"RG","SE"
305,1,255,"RG","SE"
86,2,255,"RG","SE"
430,1,255,"RG","SE"
296,1,255,"RG","SE"
517,6,256,"RG","SE"
223,1,256,"RG","SE"
435,2,256,"RG","SE"
547,1,256,"RG","SE"
471,3,256,"RG","SE"
123,4,256,"RG","SE"
394,1,256,"RG","SE"
191,1,256,"RG","SE"
68,5,256,"RG","SE"
149,1,256,"RG","SE"
367,2,256,"RG","SE"
10,1,256,"RG","SE"
418,1,256,"RG","SE"
115,1,256,"RG","SE"
494,8,256,"RG","SE"
344,1,256,"RG","SE"
130,1,256,"RG","SE"
101,1,256,"RG","SE"
467,4,256,"RG","SE"
258,1,256,"RG","SE"
365,2,256,"RG","SE"
380,2,256,"RG","SE"
352,2,256,"RG","SE"
476,1,256,"RG","SE"
534,3,256,"RG","SE"
415,1,256,"RG","SE"
506,7,256,"RG","SE"
268,1,256,"RG","SE"
317,2,256,"RG","SE"
129,2,256,"RG","SE"
187,1,256,"RG","SE"
520,2,257,"RG","SE"
302,2,257,"RG","SE"
308,2,257,"RG","SE"
248,5,257,"RG","SE"
445,10,257,"RG","SE"
501,17,257,"RG","SE"
524,2,257,"RG","SE"
504,10,257,"RG","SE"
294,3,257,"RG","SE"
173,2,257,"RG","SE"
348,2,257,"RG","SE"
516,4,257,"RG","SE"
104,2,257,"RG","SE"
431,1,257,"RG","SE"
112,4,257,"RG","SE"
252,2,257,"RG","SE"
160,1,257,"RG","SE"
283,1,257,"RG","SE"
257,1,257,"RG","SE"
426,4,257,"RG","SE"
243,2,257,"RG","SE"
110,1,257,"RG","SE"
390,1,257,"RG","SE"
202,1,257,"RG","SE"
404,1,257,"RG","SE"
254,1,257,"RG","SE"
61,50,257,"RG","SE"
418,1,257,"RG","SE"
12,11,257,"RG","SE"
261,3,257,"RG","SE"
132,1,257,"RG","SE"
504,10,258,"RG","SE"
351,1,258,"RG","SE"
26,59,258,"RG","SE"
285,3,258,"RG","SE"
85,15,258,"RG","SE"
387,1,258,"RG","SE"
313,3,258,"RG","SE"
283,1,258,"RG","SE"
207,1,258,"RG","SE"
169,1,258,"RG","SE"
153,1,258,"RG","SE"
257,1,258,"RG","SE"
322,3,258,"RG","SE"
479,6,258,"RG","SE"
463,1,258,"RG","SE"
437,1,258,"RG","SE"
436,1,258,"RG","SE"
110,1,258,"RG","SE"
131,1,258,"RG","SE"
3,5,258,"RG","SE"
441,1,258,"RG","SE"
87,1,258,"RG","SE"
401,1,258,"RG","SE"
519,3,258,"RG","SE"
377,2,258,"RG","SE"
548,1,258,"RG","SE"
232,4,258,"RG","SE"
477,4,258,"RG","SE"
244,3,258,"RG","SE"
358,16,258,"RG","SE"
42,1,258,"RG","SE"
504,10,259,"RG","SE"
413,1,259,"RG","SE"
351,1,259,"RG","SE"
415,1,259,"RG","SE"
132,1,259,"RG","SE"
528,5,259,"RG","SE"
318,3,259,"RG","SE"
285,3,259,"RG","SE"
439,1,259,"RG","SE"
419,1,259,"RG","SE"
457,2,259,"RG","SE"
513,6,259,"RG","SE"
257,1,259,"RG","SE"
108,1,259,"RG","SE"
378,1,259,"RG","SE"
171,1,259,"RG","SE"
284,1,259,"RG","SE"
438,6,259,"RG","SE"
404,1,259,"RG","SE"
352,2,259,"RG","SE"
370,1,259,"RG","SE"
524,2,259,"RG","SE"
190,1,259,"RG","SE"
479,6,259,"RG","SE"
394,1,259,"RG","SE"
341,2,259,"RG","SE"
250,1,259,"RG","SE"
548,1,259,"RG","SE"
493,7,259,"RG","SE"
496,22,259,"RG","SE"
119,1,259,"RG","SE"
130,1,260,"RG","SE"
545,1,260,"RG","SE"
282,1,260,"RG","SE"
439,1,260,"RG","SE"
319,1,260,"RG","SE"
166,1,260,"RG","SE"
372,1,260,"RG","SE"
126,3,260,"RG","SE"
357,1,260,"RG","SE"
153,1,260,"RG","SE"
305,1,260,"RG","SE"
276,3,260,"RG","SE"
187,1,260,"RG","SE"
87,1,260,"RG","SE"
370,1,260,"RG","SE"
147,1,260,"RG","SE"
122,2,260,"RG","SE"
531,2,260,"RG","SE"
26,59,260,"RG","SE"
308,2,260,"RG","SE"
207,1,260,"RG","SE"
539,1,260,"RG","SE"
209,1,260,"RG","SE"
374,2,260,"RG","SE"
365,2,260,"RG","SE"
548,1,260,"RG","SE"
171,1,260,"RG","SE"
483,5,260,"RG","SE"
502,7,260,"RG","SE"
399,1,260,"RG","SE"
131,1,260,"RG","SE"
390,1,261,"RG","SE"
105,1,261,"RG","SE"
410,2,261,"RG","SE"
394,1,261,"RG","SE"
440,1,261,"RG","SE"
51,2,261,"RG","SE"
277,1,261,"RG","SE"
237,1,261,"RG","SE"
102,1,261,"RG","SE"
45,1,261,"RG","SE"
471,3,261,"RG","SE"
500,22,261,"RG","SE"
147,1,261,"RG","SE"
204,2,261,"RG","SE"
489,4,261,"RG","SE"
387,1,261,"RG","SE"
4,5,261,"RG","SE"
404,1,261,"RG","SE"
517,6,261,"RG","SE"
68,5,261,"RG","SE"
421,4,261,"RG","SE"
301,1,261,"RG","SE"
158,3,261,"RG","SE"
382,1,261,"RG","SE"
42,1,261,"RG","SE"
341,2,261,"RG","SE"
116,1,261,"RG","SE"
155,1,261,"RG","SE"
395,1,261,"RG","SE"
548,1,261,"RG","SE"
7,21,261,"RG","SE"
490,4,262,"RG","SE"
243,2,262,"RG","SE"
284,1,262,"RG","SE"
286,1,262,"RG","SE"
278,1,262,"RG","SE"
51,2,262,"RG","SE"
531,2,262,"RG","SE"
500,22,262,"RG","SE"
11,27,262,"RG","SE"
45,1,262,"RG","SE"
106,1,262,"RG","SE"
145,1,262,"RG","SE"
493,7,262,"RG","SE"
186,2,262,"RG","SE"
303,6,262,"RG","SE"
144,1,262,"RG","SE"
193,2,262,"RG","SE"
376,3,262,"RG","SE"
545,1,262,"RG","SE"
198,2,262,"RG","SE"
83,2,262,"RG","SE"
463,1,262,"RG","SE"
489,4,262,"RG","SE"
466,1,262,"RG","SE"
354,2,262,"RG","SE"
502,7,262,"RG","SE"
482,5,262,"RG","SE"
506,7,262,"RG","SE"
369,2,262,"RG","SE"
146,1,262,"RG","SE"
345,1,262,"RG","SE"
126,3,263,"RG","SE"
175,1,263,"RG","SE"
496,22,263,"RG","SE"
286,1,263,"RG","SE"
144,1,263,"RG","SE"
171,1,263,"RG","SE"
106,1,263,"RG","SE"
509,3,263,"RG","SE"
326,2,263,"RG","SE"
258,1,263,"RG","SE"
378,1,263,"RG","SE"
279,1,263,"RG","SE"
425,4,263,"RG","SE"
110,1,263,"RG","SE"
401,1,263,"RG","SE"
124,4,263,"RG","SE"
237,1,263,"RG","SE"
508,14,263,"RG","SE"
328,1,263,"RG","SE"
529,5,263,"RG","SE"
4,5,263,"RG","SE"
108,1,263,"RG","SE"
78,21,263,"RG","SE"
466,1,263,"RG","SE"
7,21,263,"RG","SE"
343,9,263,"RG","SE"
318,3,263,"RG","SE"
32,6,263,"RG","SE"
397,1,263,"RG","SE"
273,1,263,"RG","SE"
103,1,263,"RG","SE"
253,1,264,"RG","SE"
365,2,264,"RG","SE"
322,3,264,"RG","SE"
535,3,264,"RG","SE"
430,1,264,"RG","SE"
268,1,264,"RG","SE"
28,50,264,"RG","SE"
203,1,264,"RG","SE"
382,1,264,"RG","SE"
493,7,264,"RG","SE"
351,1,264,"RG","SE"
45,1,264,"RG","SE"
366,1,264,"RG","SE"
175,1,264,"RG","SE"
21,7,264,"RG","SE"
148,1,264,"RG","SE"
296,1,264,"RG","SE"
332,1,264,"RG","SE"
193,2,264,"RG","SE"
506,7,264,"RG","SE"
517,6,264,"RG","SE"
540,8,264,"RG","SE"
291,1,264,"RG","SE"
44,30,264,"RG","SE"
273,1,264,"RG","SE"
488,6,264,"RG","SE"
515,4,264,"RG","SE"
194,1,264,"RG","SE"
219,1,264,"RG","SE"
502,7,264,"RG","SE"
245,1,264,"RG","SE"
5,4,265,"RG","SE"
395,1,265,"RG","SE"
119,1,265,"RG","SE"
33,12,265,"RG","SE"
116,1,265,"RG","SE"
527,8,265,"RG","SE"
153,1,265,"RG","SE"
532,5,265,"RG","SE"
124,4,265,"RG","SE"
129,2,265,"RG","SE"
366,1,265,"RG","SE"
126,3,265,"RG","SE"
103,1,265,"RG","SE"
3,5,265,"RG","SE"
438,6,265,"RG","SE"
313,3,265,"RG","SE"
535,3,265,"RG","SE"
242,1,265,"RG","SE"
372,1,265,"RG","SE"
115,1,265,"RG","SE"
496,22,265,"RG","SE"
304,2,265,"RG","SE"
108,1,265,"RG","SE"
193,2,265,"RG","SE"
130,1,265,"RG","SE"
317,2,265,"RG","SE"
452,1,265,"RG","SE"
352,2,265,"RG","SE"
378,1,265,"RG","SE"
141,2,265,"RG","SE"
533,5,265,"RG","SE"
466,1,266,"RG","SE"
185,1,266,"RG","SE"
474,1,266,"RG","SE"
381,3,266,"RG","SE"
202,1,266,"RG","SE"
235,1,266,"RG","SE"
57,9,266,"RG","SE"
128,1,266,"RG","SE"
458,1,266,"RG","SE"
247,3,266,"RG","SE"
471,3,266,"RG","SE"
496,22,266,"RG","SE"
525,9,266,"RG","SE"
452,1,266,"RG","SE"
16,3,266,"RG","SE"
255,1,266,"RG","SE"
183,3,266,"RG","SE"
541,8,266,"RG","SE"
283,1,266,"RG","SE"
191,1,266,"RG","SE"
365,2,266,"RG","SE"
547,1,266,"RG","SE"
104,2,266,"RG","SE"
345,1,266,"RG","SE"
376,3,266,"RG","SE"
447,4,266,"RG","SE"
488,6,266,"RG","SE"
372,1,266,"RG","SE"
25,1,266,"RG","SE"
171,1,266,"RG","SE"
415,1,266,"RG","SE"
284,1,267,"RG","SE"
510,9,267,"RG","SE"
363,2,267,"RG","SE"
106,1,267,"RG","SE"
86,2,267,"RG","SE"
326,2,267,"RG","SE"
15,2,267,"RG","SE"
294,3,267,"RG","SE"
413,1,267,"RG","SE"
170,1,267,"RG","SE"
441,1,267,"RG","SE"
149,1,267,"RG","SE"
277,1,267,"RG","SE"
209,1,267,"RG","SE"
45,1,267,"RG","SE"
349,1,267,"RG","SE"
196,2,267,"RG","SE"
535,3,267,"RG","SE"
32,6,267,"RG","SE"
328,1,267,"RG","SE"
202,1,267,"RG","SE"
548,1,267,"RG","SE"
366,1,267,"RG","SE"
27,2,267,"RG","SE"
68,5,267,"RG","SE"
352,2,267,"RG","SE"
541,8,267,"RG","SE"
382,1,267,"RG","SE"
5,4,267,"RG","SE"
358,16,267,"RG","SE"
523,4,267,"RG","SE"
250,1,268,"RG","SE"
501,17,268,"RG","SE"
209,1,268,"RG","SE"
471,3,268,"RG","SE"
273,1,268,"RG","SE"
204,2,268,"RG","SE"
232,4,268,"RG","SE"
153,1,268,"RG","SE"
146,1,268,"RG","SE"
87,1,268,"RG","SE"
534,3,268,"RG","SE"
170,1,268,"RG","SE"
496,22,268,"RG","SE"
77,17,268,"RG","SE"
377,2,268,"RG","SE"
505,11,268,"RG","SE"
540,8,268,"RG","SE"
399,1,268,"RG","SE"
535,3,268,"RG","SE"
545,1,268,"RG","SE"
190,1,268,"RG","SE"
61,50,268,"RG","SE"
528,5,268,"RG","SE"
308,2,268,"RG","SE"
249,2,268,"RG","SE"
380,2,268,"RG","SE"
313,3,268,"RG","SE"
44,30,268,"RG","SE"
3,5,268,"RG","SE"
513,6,268,"RG","SE"
458,1,268,"RG","SE"
204,2,269,"RG","SE"
365,2,269,"RG","SE"
501,17,269,"RG","SE"
128,1,269,"RG","SE"
519,3,269,"RG","SE"
119,1,269,"RG","SE"
110,1,269,"RG","SE"
361,3,269,"RG","SE"
219,1,269,"RG","SE"
483,5,269,"RG","SE"
72,9,269,"RG","SE"
378,1,269,"RG","SE"
89,1,269,"RG","SE"
456,1,269,"RG","SE"
202,1,269,"RG","SE"
488,6,269,"RG","SE"
305,1,269,"RG","SE"
27,2,269,"RG","SE"
141,2,269,"RG","SE"
482,5,269,"RG","SE"
106,1,269,"RG","SE"
366,1,269,"RG","SE"
235,1,269,"RG","SE"
45,1,269,"RG","SE"
252,2,269,"RG","SE"
170,1,269,"RG","SE"
144,1,269,"RG","SE"
255,1,269,"RG","SE"
514,6,269,"RG","SE"
352,2,269,"RG","SE"
397,1,269,"RG","SE"
45,1,270,"RG","SE"
64,9,270,"RG","SE"
16,3,270,"RG","SE"
349,1,270,"RG","SE"
535,3,270,"RG","SE"
119,1,270,"RG","SE"
13,1,270,"RG","SE"
395,1,270,"RG","SE"
539,1,270,"RG","SE"
106,1,270,"RG","SE"
3,5,270,"RG","SE"
484,4,270,"RG","SE"
367,2,270,"RG","SE"
49,1,270,"RG","SE"
277,1,270,"RG","SE"
164,6,270,"RG","SE"
470,5,270,"RG","SE"
462,1,270,"RG","SE"
27,2,270,"RG","SE"
291,1,270,"RG","SE"
249,2,270,"RG","SE"
103,1,270,"RG","SE"
445,10,270,"RG","SE"
237,1,270,"RG","SE"
326,2,270,"RG","SE"
417,1,270,"RG","SE"
332,1,270,"RG","SE"
112,4,270,"RG","SE"
461,1,270,"RG","SE"
351,1,270,"RG","SE"
51,2,270,"RG","SE"
361,3,271,"RG","SE"
422,4,271,"RG","SE"
45,1,271,"RG","SE"
78,21,271,"RG","SE"
249,2,271,"RG","SE"
125,1,271,"RG","SE"
36,3,271,"RG","SE"
190,1,271,"RG","SE"
269,1,271,"RG","SE"
465,1,271,"RG","SE"
387,1,271,"RG","SE"
318,3,271,"RG","SE"
33,12,271,"RG","SE"
534,3,271,"RG","SE"
20,7,271,"RG","SE"
369,2,271,"RG","SE"
529,5,271,"RG","SE"
128,1,271,"RG","SE"
252,2,271,"RG","SE"
312,1,271,"RG","SE"
319,1,271,"RG","SE"
273,1,271,"RG","SE"
3,5,271,"RG","SE"
153,1,271,"RG","SE"
500,22,271,"RG","SE"
228,1,271,"RG","SE"
397,1,271,"RG","SE"
286,1,271,"RG","SE"
413,1,271,"RG","SE"
140,1,271,"RG","SE"
202,1,271,"RG","SE"
487,4,272,"RG","SE"
395,1,272,"RG","SE"
283,1,272,"RG","SE"
26,59,272,"RG","SE"
61,50,272,"RG","SE"
458,1,272,"RG","SE"
51,2,272,"RG","SE"
255,1,272,"RG","SE"
493,7,272,"RG","SE"
294,3,272,"RG","SE"
25,1,272,"RG","SE"
286,1,272,"RG","SE"
16,3,272,"RG","SE"
38,3,272,"RG","SE"
477,4,272,"RG","SE"
269,1,272,"RG","SE"
544,1,272,"RG","SE"
186,2,272,"RG","SE"
112,4,272,"RG","SE"
504,10,272,"RG","SE"
533,5,272,"RG","SE"
78,21,272,"RG","SE"
21,7,272,"RG","SE"
89,1,272,"RG","SE"
228,1,272,"RG","SE"
196,2,272,"RG","SE"
3,5,272,"RG","SE"
27,2,272,"RG","SE"
125,1,272,"RG","SE"
45,1,272,"RG","SE"
531,2,272,"RG","SE"
438,6,273,"RG","SE"
257,1,273,"RG","SE"
38,3,273,"RG","SE"
502,7,273,"RG","SE"
397,1,273,"RG","SE"
258,1,273,"RG","SE"
389,3,273,"RG","SE"
470,5,273,"RG","SE"
171,1,273,"RG","SE"
456,1,273,"RG","SE"
367,2,273,"RG","SE"
326,2,273,"RG","SE"
138,2,273,"RG","SE"
157,1,273,"RG","SE"
415,1,273,"RG","SE"
523,4,273,"RG","SE"
3,5,273,"RG","SE"
4,5,273,"RG","SE"
110,1,273,"RG","SE"
302,2,273,"RG","SE"
437,1,273,"RG","SE"
340,1,273,"RG","SE"
149,1,273,"RG","SE"
85,15,273,"RG","SE"
505,11,273,"RG","SE"
219,1,273,"RG","SE"
399,1,273,"RG","SE"
404,1,273,"RG","SE"
193,2,273,"RG","SE"
166,1,273,"RG","SE"
33,12,273,"RG","SE"
404,1,274,"RG","SE"
170,1,274,"RG","SE"
509,3,274,"RG","SE"
87,1,274,"RG","SE"
244,3,274,"RG","SE"
463,1,274,"RG","SE"
104,2,274,"RG","SE"
470,5,274,"RG","SE"
12,11,274,"RG","SE"
142,1,274,"RG","SE"
291,1,274,"RG","SE"
344,1,274,"RG","SE"
14,30,274,"RG","SE"
252,2,274,"RG","SE"
72,9,274,"RG","SE"
49,1,274,"RG","SE"
395,1,274,"RG","SE"
123,4,274,"RG","SE"
372,1,274,"RG","SE"
426,4,274,"RG","SE"
144,1,274,"RG","SE"
108,1,274,"RG","SE"
296,1,274,"RG","SE"
367,2,274,"RG","SE"
85,15,274,"RG","SE"
505,11,274,"RG","SE"
394,1,274,"RG","SE"
332,1,274,"RG","SE"
483,5,274,"RG","SE"
153,1,274,"RG","SE"
202,1,274,"RG","SE"
110,1,275,"RG","SE"
146,1,275,"RG","SE"
490,4,275,"RG","SE"
332,1,275,"RG","SE"
193,2,275,"RG","SE"
26,59,275,"RG","SE"
4,5,275,"RG","SE"
456,1,275,"RG","SE"
381,3,275,"RG","SE"
326,2,275,"RG","SE"
112,4,275,"RG","SE"
467,4,275,"RG","SE"
83,2,275,"RG","SE"
399,1,275,"RG","SE"
257,1,275,"RG","SE"
349,1,275,"RG","SE"
149,1,275,"RG","SE"
237,1,275,"RG","SE"
11,27,275,"RG","SE"
513,6,275,"RG","SE"
462,1,275,"RG","SE"
33,12,275,"RG","SE"
141,2,275,"RG","SE"
404,1,275,"RG","SE"
422,4,275,"RG","SE"
91,5,275,"RG","SE"
534,3,275,"RG","SE"
378,1,275,"RG","SE"
67,9,275,"RG","SE"
390,1,275,"RG","SE"
78,21,275,"RG","SE"
440,1,276,"RG","SE"
273,1,276,"RG","SE"
214,1,276,"RG","SE"
124,4,276,"RG","SE"
399,1,276,"RG","SE"
529,5,276,"RG","SE"
17,5,276,"RG","SE"
254,1,276,"RG","SE"
91,5,276,"RG","SE"
243,2,276,"RG","SE"
431,1,276,"RG","SE"
228,1,276,"RG","SE"
278,1,276,"RG","SE"
222,2,276,"RG","SE"
541,8,276,"RG","SE"
146,1,276,"RG","SE"
277,1,276,"RG","SE"
250,1,276,"RG","SE"
435,2,276,"RG","SE"
259,6,276,"RG","SE"
169,1,276,"RG","SE"
470,5,276,"RG","SE"
33,12,276,"RG","SE"
489,4,276,"RG","SE"
125,1,276,"RG","SE"
68,5,276,"RG","SE"
115,1,276,"RG","SE"
12,11,276,"RG","SE"
433,2,276,"RG","SE"
480,6,276,"RG","SE"
474,1,276,"RG","SE"
141,2,277,"RG","SE"
89,1,277,"RG","SE"
520,2,277,"RG","SE"
78,21,277,"RG","SE"
169,1,277,"RG","SE"
179,12,277,"RG","SE"
527,8,277,"RG","SE"
525,9,277,"RG","SE"
5,4,277,"RG","SE"
469,5,277,"RG","SE"
496,22,277,"RG","SE"
36,3,277,"RG","SE"
430,1,277,"RG","SE"
431,1,277,"RG","SE"
309,1,277,"RG","SE"
57,9,277,"RG","SE"
319,1,277,"RG","SE"
128,1,277,"RG","SE"
124,4,277,"RG","SE"
467,4,277,"RG","SE"
535,3,277,"RG","SE"
183,3,277,"RG","SE"
474,1,277,"RG","SE"
219,1,277,"RG","SE"
387,1,277,"RG","SE"
175,1,277,"RG","SE"
19,5,277,"RG","SE"
242,1,277,"RG","SE"
422,4,277,"RG","SE"
3,5,277,"RG","SE"
358,16,277,"RG","SE"
153,1,278,"RG","SE"
261,3,278,"RG","SE"
101,1,278,"RG","SE"
38,3,278,"RG","SE"
322,3,278,"RG","SE"
501,17,278,"RG","SE"
482,5,278,"RG","SE"
505,11,278,"RG","SE"
372,1,278,"RG","SE"
523,4,278,"RG","SE"
308,2,278,"RG","SE"
540,8,278,"RG","SE"
253,1,278,"RG","SE"
526,2,278,"RG","SE"
430,1,278,"RG","SE"
252,2,278,"RG","SE"
452,1,278,"RG","SE"
105,1,278,"RG","SE"
483,5,278,"RG","SE"
382,1,278,"RG","SE"
147,1,278,"RG","SE"
500,22,278,"RG","SE"
494,8,278,"RG","SE"
32,6,278,"RG","SE"
413,1,278,"RG","SE"
173,2,278,"RG","SE"
541,8,278,"RG","SE"
255,1,278,"RG","SE"
533,5,278,"RG","SE"
438,6,278,"RG","SE"
145,1,278,"RG","SE"
506,7,279,"RG","SE"
190,1,279,"RG","SE"
394,1,279,"RG","SE"
526,2,279,"RG","SE"
250,1,279,"RG","SE"
15,2,279,"RG","SE"
291,1,279,"RG","SE"
510,9,279,"RG","SE"
253,1,279,"RG","SE"
146,1,279,"RG","SE"
345,1,279,"RG","SE"
477,4,279,"RG","SE"
126,3,279,"RG","SE"
65,4,279,"RG","SE"
539,1,279,"RG","SE"
16,3,279,"RG","SE"
140,1,279,"RG","SE"
533,5,279,"RG","SE"
531,2,279,"RG","SE"
322,3,279,"RG","SE"
308,2,279,"RG","SE"
33,12,279,"RG","SE"
529,5,279,"RG","SE"
493,7,279,"RG","SE"
175,1,279,"RG","SE"
261,3,279,"RG","SE"
351,1,279,"RG","SE"
132,1,279,"RG","SE"
116,1,279,"RG","SE"
509,3,279,"RG","SE"
160,1,279,"RG","SE"
413,1,280,"RG","SE"
78,21,280,"RG","SE"
199,1,280,"RG","SE"
291,1,280,"RG","SE"
340,1,280,"RG","SE"
209,1,280,"RG","SE"
480,6,280,"RG","SE"
461,1,280,"RG","SE"
502,7,280,"RG","SE"
389,3,280,"RG","SE"
547,1,280,"RG","SE"
86,2,280,"RG","SE"
538,2,280,"RG","SE"
49,1,280,"RG","SE"
509,3,280,"RG","SE"
243,2,280,"RG","SE"
258,1,280,"RG","SE"
465,1,280,"RG","SE"
128,1,280,"RG","SE"
103,1,280,"RG","SE"
370,1,280,"RG","SE"
376,3,280,"RG","SE"
458,1,280,"RG","SE"
108,1,280,"RG","SE"
247,3,280,"RG","SE"
254,1,280,"RG","SE"
395,1,280,"RG","SE"
33,12,280,"RG","SE"
309,1,280,"RG","SE"
219,1,280,"RG","SE"
146,1,280,"RG","SE"
481,2,281,"RG","SE"
185,1,281,"RG","SE"
480,6,281,"RG","SE"
13,1,281,"RG","SE"
498,25,281,"RG","SE"
68,5,281,"RG","SE"
392,1,281,"RG","SE"
77,17,281,"RG","SE"
187,1,281,"RG","SE"
474,1,281,"RG","SE"
494,8,281,"RG","SE"
462,1,281,"RG","SE"
304,2,281,"RG","SE"
539,1,281,"RG","SE"
369,2,281,"RG","SE"
372,1,281,"RG","SE"
173,2,281,"RG","SE"
363,2,281,"RG","SE"
538,2,281,"RG","SE"
326,2,281,"RG","SE"
254,1,281,"RG","SE"
105,1,281,"RG","SE"
344,1,281,"RG","SE"
160,1,281,"RG","SE"
141,2,281,"RG","SE"
49,1,281,"RG","SE"
243,2,281,"RG","SE"
357,1,281,"RG","SE"
445,10,281,"RG","SE"
171,1,281,"RG","SE"
248,5,281,"RG","SE"
232,4,282,"RG","SE"
104,2,282,"RG","SE"
483,5,282,"RG","SE"
369,2,282,"RG","SE"
175,1,282,"RG","SE"
517,6,282,"RG","SE"
158,3,282,"RG","SE"
61,50,282,"RG","SE"
524,2,282,"RG","SE"
126,3,282,"RG","SE"
387,1,282,"RG","SE"
399,1,282,"RG","SE"
482,5,282,"RG","SE"
111,1,282,"RG","SE"
170,1,282,"RG","SE"
130,1,282,"RG","SE"
504,10,282,"RG","SE"
500,22,282,"RG","SE"
417,1,282,"RG","SE"
304,2,282,"RG","SE"
439,1,282,"RG","SE"
166,1,282,"RG","SE"
173,2,282,"RG","SE"
245,1,282,"RG","SE"
169,1,282,"RG","SE"
138,2,282,"RG","SE"
147,1,282,"RG","SE"
513,6,282,"RG","SE"
410,2,282,"RG","SE"
252,2,282,"RG","SE"
520,2,282,"RG","SE"
517,6,283,"RG","SE"
463,1,283,"RG","SE"
61,50,283,"RG","SE"
520,2,283,"RG","SE"
158,3,283,"RG","SE"
166,1,283,"RG","SE"
269,1,283,"RG","SE"
65,4,283,"RG","SE"
140,1,283,"RG","SE"
123,4,283,"RG","SE"
45,1,283,"RG","SE"
455,3,283,"RG","SE"
89,1,283,"RG","SE"
372,1,283,"RG","SE"
404,1,283,"RG","SE"
103,1,283,"RG","SE"
85,15,283,"RG","SE"
483,5,283,"RG","SE"
345,1,283,"RG","SE"
209,1,283,"RG","SE"
282,1,283,"RG","SE"
352,2,283,"RG","SE"
548,1,283,"RG","SE"
547,1,283,"RG","SE"
76,4,283,"RG","SE"
343,9,283,"RG","SE"
419,1,283,"RG","SE"
237,1,283,"RG","SE"
317,2,283,"RG","SE"
4,5,283,"RG","SE"
179,12,283,"RG","SE"
483,5,284,"RG","SE"
547,1,284,"RG","SE"
419,1,284,"RG","SE"
42,1,284,"RG","SE"
128,1,284,"RG","SE"
198,2,284,"RG","SE"
17,5,284,"RG","SE"
528,5,284,"RG","SE"
469,5,284,"RG","SE"
430,1,284,"RG","SE"
496,22,284,"RG","SE"
392,1,284,"RG","SE"
484,4,284,"RG","SE"
166,1,284,"RG","SE"
247,3,284,"RG","SE"
352,2,284,"RG","SE"
435,2,284,"RG","SE"
519,3,284,"RG","SE"
89,1,284,"RG","SE"
10,1,284,"RG","SE"
285,3,284,"RG","SE"
328,1,284,"RG","SE"
480,6,284,"RG","SE"
15,2,284,"RG","SE"
87,1,284,"RG","SE"
343,9,284,"RG","SE"
401,1,284,"RG","SE"
395,1,284,"RG","SE"
232,4,284,"RG","SE"
32,6,284,"RG","SE"
529,5,284,"RG","SE"
513,6,285,"RG","SE"
237,1,285,"RG","SE"
465,1,285,"RG","SE"
524,2,285,"RG","SE"
207,1,285,"RG","SE"
377,2,285,"RG","SE"
25,1,285,"RG","SE"
506,7,285,"RG","SE"
209,1,285,"RG","SE"
328,1,285,"RG","SE"
433,2,285,"RG","SE"
519,3,285,"RG","SE"
171,1,285,"RG","SE"
67,9,285,"RG","SE"
126,3,285,"RG","SE"
103,1,285,"RG","SE"
112,4,285,"RG","SE"
158,3,285,"RG","SE"
493,7,285,"RG","SE"
372,1,285,"RG","SE"
101,1,285,"RG","SE"
344,1,285,"RG","SE"
7,21,285,"RG","SE"
186,2,285,"RG","SE"
515,4,285,"RG","SE"
86,2,285,"RG","SE"
304,2,285,"RG","SE"
11,27,285,"RG","SE"
397,1,285,"RG","SE"
305,1,285,"RG","SE"
535,3,285,"RG","SE"
343,9,286,"RG","SE"
173,2,286,"RG","SE"
310,1,286,"RG","SE"
36,3,286,"RG","SE"
516,4,286,"RG","SE"
160,1,286,"RG","SE"
345,1,286,"RG","SE"
458,1,286,"RG","SE"
65,4,286,"RG","SE"
404,1,286,"RG","SE"
286,1,286,"RG","SE"
367,2,286,"RG","SE"
138,2,286,"RG","SE"
332,1,286,"RG","SE"
531,2,286,"RG","SE"
17,5,286,"RG","SE"
456,1,286,"RG","SE"
368,1,286,"RG","SE"
16,3,286,"RG","SE"
390,1,286,"RG","SE"
125,1,286,"RG","SE"
528,5,286,"RG","SE"
146,1,286,"RG","SE"
28,50,286,"RG","SE"
502,7,286,"RG","SE"
344,1,286,"RG","SE"
479,6,286,"RG","SE"
462,1,286,"RG","SE"
254,1,286,"RG","SE"
247,3,286,"RG","SE"
105,1,286,"RG","SE"
372,1,287,"RG","SE"
415,1,287,"RG","SE"
283,1,287,"RG","SE"
322,3,287,"RG","SE"
243,2,287,"RG","SE"
51,2,287,"RG","SE"
57,9,287,"RG","SE"
175,1,287,"RG","SE"
534,3,287,"RG","SE"
302,2,287,"RG","SE"
72,9,287,"RG","SE"
303,6,287,"RG","SE"
3,5,287,"RG","SE"
541,8,287,"RG","SE"
387,1,287,"RG","SE"
101,1,287,"RG","SE"
483,5,287,"RG","SE"
523,4,287,"RG","SE"
349,1,287,"RG","SE"
5,4,287,"RG","SE"
10,1,287,"RG","SE"
397,1,287,"RG","SE"
179,12,287,"RG","SE"
531,2,287,"RG","SE"
20,7,287,"RG","SE"
421,4,287,"RG","SE"
308,2,287,"RG","SE"
366,1,287,"RG","SE"
447,4,287,"RG","SE"
147,1,287,"RG","SE"
123,4,287,"RG","SE"
381,3,288,"RG","SE"
380,2,288,"RG","SE"
186,2,288,"RG","SE"
244,3,288,"RG","SE"
431,1,288,"RG","SE"
250,1,288,"RG","SE"
196,2,288,"RG","SE"
366,1,288,"RG","SE"
160,1,288,"RG","SE"
25,1,288,"RG","SE"
131,1,288,"RG","SE"
477,4,288,"RG","SE"
10,1,288,"RG","SE"
483,5,288,"RG","SE"
456,1,288,"RG","SE"
463,1,288,"RG","SE"
214,1,288,"RG","SE"
310,1,288,"RG","SE"
369,2,288,"RG","SE"
257,1,288,"RG","SE"
415,1,288,"RG","SE"
367,2,288,"RG","SE"
269,1,288,"RG","SE"
500,22,288,"RG","SE"
158,3,288,"RG","SE"
194,1,288,"RG","SE"
540,8,288,"RG","SE"
20,7,288,"RG","SE"
482,5,288,"RG","SE"
171,1,288,"RG","SE"
401,1,288,"RG","SE"
130,1,289,"RG","SE"
445,10,289,"RG","SE"
471,3,289,"RG","SE"
296,1,289,"RG","SE"
436,1,289,"RG","SE"
264,1,289,"RG","SE"
54,39,289,"RG","SE"
313,3,289,"RG","SE"
425,4,289,"RG","SE"
528,5,289,"RG","SE"
372,1,289,"RG","SE"
19,5,289,"RG","SE"
401,1,289,"RG","SE"
16,3,289,"RG","SE"
390,1,289,"RG","SE"
7,21,289,"RG","SE"
148,1,289,"RG","SE"
532,5,289,"RG","SE"
86,2,289,"RG","SE"
179,12,289,"RG","SE"
3,5,289,"RG","SE"
253,1,289,"RG","SE"
252,2,289,"RG","SE"
484,4,289,"RG","SE"
110,1,289,"RG","SE"
15,2,289,"RG","SE"
57,9,289,"RG","SE"
185,1,289,"RG","SE"
164,6,289,"RG","SE"
247,3,289,"RG","SE"
415,1,289,"RG","SE"
369,2,290,"RG","SE"
276,3,290,"RG","SE"
185,1,290,"RG","SE"
452,1,290,"RG","SE"
377,2,290,"RG","SE"
303,6,290,"RG","SE"
545,1,290,"RG","SE"
348,2,290,"RG","SE"
12,11,290,"RG","SE"
183,3,290,"RG","SE"
439,1,290,"RG","SE"
487,4,290,"RG","SE"
255,1,290,"RG","SE"
80,6,290,"RG","SE"
219,1,290,"RG","SE"
83,2,290,"RG","SE"
340,1,290,"RG","SE"
19,5,290,"RG","SE"
419,1,290,"RG","SE"
5,4,290,"RG","SE"
91,5,290,"RG","SE"
525,9,290,"RG","SE"
433,2,290,"RG","SE"
304,2,290,"RG","SE"
470,5,290,"RG","SE"
526,2,290,"RG","SE"
171,1,290,"RG","SE"
394,1,290,"RG","SE"
302,2,290,"RG","SE"
366,1,290,"RG","SE"
540,8,290,"RG","SE"
520,2,291,"RG","SE"
461,1,291,"RG","SE"
173,2,291,"RG","SE"
203,1,291,"RG","SE"
377,2,291,"RG","SE"
130,1,291,"RG","SE"
421,4,291,"RG","SE"
490,4,291,"RG","SE"
469,5,291,"RG","SE"
361,3,291,"RG","SE"
204,2,291,"RG","SE"
148,1,291,"RG","SE"
502,7,291,"RG","SE"
278,1,291,"RG","SE"
198,2,291,"RG","SE"
27,2,291,"RG","SE"
19,5,291,"RG","SE"
219,1,291,"RG","SE"
349,1,291,"RG","SE"
255,1,291,"RG","SE"
363,2,291,"RG","SE"
413,1,291,"RG","SE"
523,4,291,"RG","SE"
372,1,291,"RG","SE"
486,5,291,"RG","SE"
131,1,291,"RG","SE"
309,1,291,"RG","SE"
509,3,291,"RG","SE"
390,1,291,"RG","SE"
516,4,291,"RG","SE"
534,3,291,"RG","SE"
437,1,292,"RG","SE"
308,2,292,"RG","SE"
516,4,292,"RG","SE"
278,1,292,"RG","SE"
36,3,292,"RG","SE"
10,1,292,"RG","SE"
404,1,292,"RG","SE"
457,2,292,"RG","SE"
116,1,292,"RG","SE"
319,1,292,"RG","SE"
500,22,292,"RG","SE"
78,21,292,"RG","SE"
318,3,292,"RG","SE"
344,1,292,"RG","SE"
476,1,292,"RG","SE"
441,1,292,"RG","SE"
484,4,292,"RG","SE"
477,4,292,"RG","SE"
247,3,292,"RG","SE"
431,1,292,"RG","SE"
415,1,292,"RG","SE"
123,4,292,"RG","SE"
502,7,292,"RG","SE"
185,1,292,"RG","SE"
49,1,292,"RG","SE"
401,1,292,"RG","SE"
38,3,292,"RG","SE"
369,2,292,"RG","SE"
64,9,292,"RG","SE"
540,8,292,"RG","SE"
13,1,292,"RG","SE"
410,2,293,"RG","SE"
158,3,293,"RG","SE"
17,5,293,"RG","SE"
441,1,293,"RG","SE"
191,1,293,"RG","SE"
328,1,293,"RG","SE"
425,4,293,"RG","SE"
376,3,293,"RG","SE"
422,4,293,"RG","SE"
153,1,293,"RG","SE"
469,5,293,"RG","SE"
486,5,293,"RG","SE"
248,5,293,"RG","SE"
527,8,293,"RG","SE"
261,3,293,"RG","SE"
343,9,293,"RG","SE"
322,3,293,"RG","SE"
129,2,293,"RG","SE"
249,2,293,"RG","SE"
193,2,293,"RG","SE"
204,2,293,"RG","SE"
500,22,293,"RG","SE"
484,4,293,"RG","SE"
168,1,293,"RG","SE"
25,1,293,"RG","SE"
463,1,293,"RG","SE"
378,1,293,"RG","SE"
476,1,293,"RG","SE"
312,1,293,"RG","SE"
390,1,293,"RG","SE"
392,1,293,"RG","SE"
310,1,294,"RG","SE"
160,1,294,"RG","SE"
377,2,294,"RG","SE"
535,3,294,"RG","SE"
33,12,294,"RG","SE"
51,2,294,"RG","SE"
87,1,294,"RG","SE"
410,2,294,"RG","SE"
4,5,294,"RG","SE"
111,1,294,"RG","SE"
85,15,294,"RG","SE"
285,3,294,"RG","SE"
269,1,294,"RG","SE"
157,1,294,"RG","SE"
488,6,294,"RG","SE"
532,5,294,"RG","SE"
474,1,294,"RG","SE"
209,1,294,"RG","SE"
102,1,294,"RG","SE"
89,1,294,"RG","SE"
225,1,294,"RG","SE"
312,1,294,"RG","SE"
72,9,294,"RG","SE"
348,2,294,"RG","SE"
266,1,294,"RG","SE"
138,2,294,"RG","SE"
13,1,294,"RG","SE"
268,1,294,"RG","SE"
128,1,294,"RG","SE"
529,5,294,"RG","SE"
440,1,294,"RG","SE"
328,1,295,"RG","SE"
510,9,295,"RG","SE"
487,4,295,"RG","SE"
164,6,295,"RG","SE"
141,2,295,"RG","SE"
426,4,295,"RG","SE"
531,2,295,"RG","SE"
520,2,295,"RG","SE"
173,2,295,"RG","SE"
430,1,295,"RG","SE"
312,1,295,"RG","SE"
461,1,295,"RG","SE"
49,1,295,"RG","SE"
282,1,295,"RG","SE"
21,7,295,"RG","SE"
235,1,295,"RG","SE"
332,1,295,"RG","SE"
175,1,295,"RG","SE"
112,4,295,"RG","SE"
232,4,295,"RG","SE"
462,1,295,"RG","SE"
155,1,295,"RG","SE"
44,30,295,"RG","SE"
296,1,295,"RG","SE"
547,1,295,"RG","SE"
349,1,295,"RG","SE"
103,1,295,"RG","SE"
439,1,295,"RG","SE"
160,1,295,"RG","SE"
401,1,295,"RG","SE"
381,3,295,"RG","SE"
480,6,296,"RG","SE"
304,2,296,"RG","SE"
317,2,296,"RG","SE"
369,2,296,"RG","SE"
5,4,296,"RG","SE"
463,1,296,"RG","SE"
344,1,296,"RG","SE"
312,1,296,"RG","SE"
286,1,296,"RG","SE"
397,1,296,"RG","SE"
245,1,296,"RG","SE"
247,3,296,"RG","SE"
348,2,296,"RG","SE"
370,1,296,"RG","SE"
160,1,296,"RG","SE"
305,1,296,"RG","SE"
171,1,296,"RG","SE"
465,1,296,"RG","SE"
490,4,296,"RG","SE"
259,6,296,"RG","SE"
17,5,296,"RG","SE"
13,1,296,"RG","SE"
138,2,296,"RG","SE"
366,1,296,"RG","SE"
413,1,296,"RG","SE"
520,2,296,"RG","SE"
255,1,296,"RG","SE"
531,2,296,"RG","SE"
470,5,296,"RG","SE"
436,1,296,"RG","SE"
332,1,296,"RG","SE"
493,7,297,"RG","SE"
508,14,297,"RG","SE"
19,5,297,"RG","SE"
13,1,297,"RG","SE"
254,1,297,"RG","SE"
149,1,297,"RG","SE"
372,1,297,"RG","SE"
14,30,297,"RG","SE"
269,1,297,"RG","SE"
421,4,297,"RG","SE"
410,2,297,"RG","SE"
87,1,297,"RG","SE"
455,3,297,"RG","SE"
496,22,297,"RG","SE"
302,2,297,"RG","SE"
447,4,297,"RG","SE"
481,2,297,"RG","SE"
538,2,297,"RG","SE"
158,3,297,"RG","SE"
376,3,297,"RG","SE"
305,1,297,"RG","SE"
413,1,297,"RG","SE"
76,4,297,"RG","SE"
253,1,297,"RG","SE"
257,1,297,"RG","SE"
242,1,297,"RG","SE"
276,3,297,"RG","SE"
286,1,297,"RG","SE"
222,2,297,"RG","SE"
498,25,297,"RG","SE"
422,4,297,"RG","SE"
266,1,298,"RG","SE"
502,7,298,"RG","SE"
401,1,298,"RG","SE"
146,1,298,"RG","SE"
284,1,298,"RG","SE"
389,3,298,"RG","SE"
259,6,298,"RG","SE"
534,3,298,"RG","SE"
474,1,298,"RG","SE"
252,2,298,"RG","SE"
461,1,298,"RG","SE"
508,14,298,"RG","SE"
348,2,298,"RG","SE"
466,1,298,"RG","SE"
187,1,298,"RG","SE"
374,2,298,"RG","SE"
51,2,298,"RG","SE"
26,59,298,"RG","SE"
437,1,298,"RG","SE"
128,1,298,"RG","SE"
506,7,298,"RG","SE"
250,1,298,"RG","SE"
273,1,298,"RG","SE"
276,3,298,"RG","SE"
425,4,298,"RG","SE"
85,15,298,"RG","SE"
124,4,298,"RG","SE"
476,1,298,"RG","SE"
86,2,298,"RG","SE"
235,1,298,"RG","SE"
72,9,298,"RG","SE"
425,4,299,"RG","SE"
72,9,299,"RG","SE"
80,6,299,"RG","SE"
76,4,299,"RG","SE"
258,1,299,"RG","SE"
153,1,299,"RG","SE"
273,1,299,"RG","SE"
26,59,299,"RG","SE"
15,2,299,"RG","SE"
183,3,299,"RG","SE"
250,1,299,"RG","SE"
284,1,299,"RG","SE"
301,1,299,"RG","SE"
228,1,299,"RG","SE"
410,2,299,"RG","SE"
387,1,299,"RG","SE"
417,1,299,"RG","SE"
32,6,299,"RG","SE"
528,5,299,"RG","SE"
171,1,299,"RG","SE"
303,6,299,"RG","SE"
126,3,299,"RG","SE"
382,1,299,"RG","SE"
151,1,299,"RG","SE"
340,1,299,"RG","SE"
401,1,299,"RG","SE"
196,2,299,"RG","SE"
369,2,299,"RG","SE"
111,1,299,"RG","SE"
278,1,299,"RG","SE"
526,2,299,"RG","SE"
128,1,300,"RG","SE"
10,1,300,"RG","SE"
140,1,300,"RG","SE"
455,3,300,"RG","SE"
488,6,300,"RG","SE"
77,17,300,"RG","SE"
32,6,300,"RG","SE"
170,1,300,"RG","SE"
253,1,300,"RG","SE"
294,3,300,"RG","SE"
479,6,300,"RG","SE"
513,6,300,"RG","SE"
254,1,300,"RG","SE"
425,4,300,"RG","SE"
465,1,300,"RG","SE"
185,1,300,"RG","SE"
179,12,300,"RG","SE"
76,4,300,"RG","SE"
68,5,300,"RG","SE"
222,2,300,"RG","SE"
502,7,300,"RG","SE"
155,1,300,"RG","SE"
26,59,300,"RG","SE"
91,5,300,"RG","SE"
389,3,300,"RG","SE"
7,21,300,"RG","SE"
148,1,300,"RG","SE"
418,1,300,"RG","SE"
258,1,300,"RG","SE"
467,4,300,"RG","SE"
330,1,300,"RG","SE"
410,2,301,"RG","SE"
540,8,301,"RG","SE"
435,2,301,"RG","SE"
19,5,301,"RG","SE"
204,2,301,"RG","SE"
76,4,301,"RG","SE"
168,1,301,"RG","SE"
123,4,301,"RG","SE"
381,3,301,"RG","SE"
404,1,301,"RG","SE"
462,1,301,"RG","SE"
89,1,301,"RG","SE"
547,1,301,"RG","SE"
242,1,301,"RG","SE"
368,1,301,"RG","SE"
351,1,301,"RG","SE"
380,2,301,"RG","SE"
119,1,301,"RG","SE"
425,4,301,"RG","SE"
142,1,301,"RG","SE"
72,9,301,"RG","SE"
110,1,301,"RG","SE"
501,17,301,"RG","SE"
49,1,301,"RG","SE"
175,1,301,"RG","SE"
106,1,301,"RG","SE"
253,1,301,"RG","SE"
101,1,301,"RG","SE"
476,1,301,"RG","SE"
358,16,301,"RG","SE"
243,2,301,"RG","SE"
487,4,302,"RG","SE"
494,8,302,"RG","SE"
363,2,302,"RG","SE"
309,1,302,"RG","SE"
476,1,302,"RG","SE"
168,1,302,"RG","SE"
313,3,302,"RG","SE"
187,1,302,"RG","SE"
348,2,302,"RG","SE"
482,5,302,"RG","SE"
343,9,302,"RG","SE"
237,1,302,"RG","SE"
352,2,302,"RG","SE"
488,6,302,"RG","SE"
479,6,302,"RG","SE"
441,1,302,"RG","SE"
417,1,302,"RG","SE"
111,1,302,"RG","SE"
77,17,302,"RG","SE"
209,1,302,"RG","SE"
264,1,302,"RG","SE"
198,2,302,"RG","SE"
149,1,302,"RG","SE"
504,10,302,"RG","SE"
496,22,302,"RG","SE"
465,1,302,"RG","SE"
493,7,302,"RG","SE"
175,1,302,"RG","SE"
418,1,302,"RG","SE"
273,1,302,"RG","SE"
57,9,302,"RG","SE"
309,1,303,"RG","SE"
513,6,303,"RG","SE"
253,1,303,"RG","SE"
199,1,303,"RG","SE"
535,3,303,"RG","SE"
65,4,303,"RG","SE"
148,1,303,"RG","SE"
435,2,303,"RG","SE"
254,1,303,"RG","SE"
479,6,303,"RG","SE"
244,3,303,"RG","SE"
101,1,303,"RG","SE"
86,2,303,"RG","SE"
351,1,303,"RG","SE"
207,1,303,"RG","SE"
36,3,303,"RG","SE"
141,2,303,"RG","SE"
140,1,303,"RG","SE"
548,1,303,"RG","SE"
277,1,303,"RG","SE"
116,1,303,"RG","SE"
173,2,303,"RG","SE"
17,5,303,"RG","SE"
377,2,303,"RG","SE"
279,1,303,"RG","SE"
132,1,303,"RG","SE"
198,2,303,"RG","SE"
476,1,303,"RG","SE"
235,1,303,"RG","SE"
243,2,303,"RG","SE"
196,2,303,"RG","SE"
14,30,304,"RG","SE"
105,1,304,"RG","SE"
158,3,304,"RG","SE"
19,5,304,"RG","SE"
140,1,304,"RG","SE"
110,1,304,"RG","SE"
328,1,304,"RG","SE"
277,1,304,"RG","SE"
535,3,304,"RG","SE"
517,6,304,"RG","SE"
452,1,304,"RG","SE"
249,2,304,"RG","SE"
111,1,304,"RG","SE"
138,2,304,"RG","SE"
170,1,304,"RG","SE"
248,5,304,"RG","SE"
358,16,304,"RG","SE"
336,1,304,"RG","SE"
101,1,304,"RG","SE"
303,6,304,"RG","SE"
32,6,304,"RG","SE"
458,1,304,"RG","SE"
80,6,304,"RG","SE"
242,1,304,"RG","SE"
209,1,304,"RG","SE"
301,1,304,"RG","SE"
425,4,304,"RG","SE"
21,7,304,"RG","SE"
131,1,304,"RG","SE"
87,1,304,"RG","SE"
126,3,304,"RG","SE"
36,3,305,"RG","SE"
368,1,305,"RG","SE"
219,1,305,"RG","SE"
204,2,305,"RG","SE"
248,5,305,"RG","SE"
12,11,305,"RG","SE"
535,3,305,"RG","SE"
462,1,305,"RG","SE"
87,1,305,"RG","SE"
143,1,305,"RG","SE"
65,4,305,"RG","SE"
49,1,305,"RG","SE"
214,1,305,"RG","SE"
422,4,305,"RG","SE"
440,1,305,"RG","SE"
319,1,305,"RG","SE"
358,16,305,"RG","SE"
509,3,305,"RG","SE"
378,1,305,"RG","SE"
278,1,305,"RG","SE"
523,4,305,"RG","SE"
11,27,305,"RG","SE"
249,2,305,"RG","SE"
225,1,305,"RG","SE"
17,5,305,"RG","SE"
257,1,305,"RG","SE"
421,4,305,"RG","SE"
185,1,305,"RG","SE"
86,2,305,"RG","SE"
123,4,305,"RG","SE"
496,22,305,"RG","SE"
207,1,306,"RG","SE"
410,2,306,"RG","SE"
22,4,306,"RG","SE"
317,2,306,"RG","SE"
517,6,306,"RG","SE"
363,2,306,"RG","SE"
422,4,306,"RG","SE"
148,1,306,"RG","SE"
198,2,306,"RG","SE"
14,30,306,"RG","SE"
173,2,306,"RG","SE"
312,1,306,"RG","SE"
146,1,306,"RG","SE"
144,1,306,"RG","SE"
540,8,306,"RG","SE"
369,2,306,"RG","SE"
27,2,306,"RG","SE"
204,2,306,"RG","SE"
143,1,306,"RG","SE"
513,6,306,"RG","SE"
269,1,306,"RG","SE"
190,1,306,"RG","SE"
284,1,306,"RG","SE"
417,1,306,"RG","SE"
502,7,306,"RG","SE"
151,1,306,"RG","SE"
68,5,306,"RG","SE"
425,4,306,"RG","SE"
336,1,306,"RG","SE"
510,9,306,"RG","SE"
248,5,306,"RG","SE"
185,1,307,"RG","SE"
358,16,307,"RG","SE"
186,2,307,"RG","SE"
376,3,307,"RG","SE"
421,4,307,"RG","SE"
302,2,307,"RG","SE"
145,1,307,"RG","SE"
488,6,307,"RG","SE"
264,1,307,"RG","SE"
438,6,307,"RG","SE"
248,5,307,"RG","SE"
129,2,307,"RG","SE"
222,2,307,"RG","SE"
509,3,307,"RG","SE"
20,7,307,"RG","SE"
254,1,307,"RG","SE"
382,1,307,"RG","SE"
354,2,307,"RG","SE"
183,3,307,"RG","SE"
456,1,307,"RG","SE"
308,2,307,"RG","SE"
529,5,307,"RG","SE"
418,1,307,"RG","SE"
12,11,307,"RG","SE"
467,4,307,"RG","SE"
548,1,307,"RG","SE"
296,1,307,"RG","SE"
336,1,307,"RG","SE"
258,1,307,"RG","SE"
171,1,307,"RG","SE"
523,4,307,"RG","SE"
380,2,308,"RG","SE"
525,9,308,"RG","SE"
425,4,308,"RG","SE"
145,1,308,"RG","SE"
54,39,308,"RG","SE"
313,3,308,"RG","SE"
168,1,308,"RG","SE"
101,1,308,"RG","SE"
381,3,308,"RG","SE"
520,2,308,"RG","SE"
544,1,308,"RG","SE"
517,6,308,"RG","SE"
326,2,308,"RG","SE"
395,1,308,"RG","SE"
510,9,308,"RG","SE"
104,2,308,"RG","SE"
232,4,308,"RG","SE"
76,4,308,"RG","SE"
147,1,308,"RG","SE"
533,5,308,"RG","SE"
86,2,308,"RG","SE"
38,3,308,"RG","SE"
85,15,308,"RG","SE"
123,4,308,"RG","SE"
483,5,308,"RG","SE"
259,6,308,"RG","SE"
175,1,308,"RG","SE"
461,1,308,"RG","SE"
249,2,308,"RG","SE"
179,12,308,"RG","SE"
247,3,308,"RG","SE"
68,5,309,"RG","SE"
148,1,309,"RG","SE"
61,50,309,"RG","SE"
381,3,309,"RG","SE"
122,2,309,"RG","SE"
308,2,309,"RG","SE"
312,1,309,"RG","SE"
487,4,309,"RG","SE"
336,1,309,"RG","SE"
445,10,309,"RG","SE"
283,1,309,"RG","SE"
145,1,309,"RG","SE"
80,6,309,"RG","SE"
309,1,309,"RG","SE"
130,1,309,"RG","SE"
128,1,309,"RG","SE"
76,4,309,"RG","SE"
67,9,309,"RG","SE"
366,1,309,"RG","SE"
111,1,309,"RG","SE"
399,1,309,"RG","SE"
440,1,309,"RG","SE"
340,1,309,"RG","SE"
91,5,309,"RG","SE"
132,1,309,"RG","SE"
404,1,309,"RG","SE"
547,1,309,"RG","SE"
10,1,309,"RG","SE"
257,1,309,"RG","SE"
115,1,309,"RG","SE"
45,1,309,"RG","SE"
19,5,310,"RG","SE"
358,16,310,"RG","SE"
467,4,310,"RG","SE"
138,2,310,"RG","SE"
64,9,310,"RG","SE"
455,3,310,"RG","SE"
266,1,310,"RG","SE"
284,1,310,"RG","SE"
125,1,310,"RG","SE"
116,1,310,"RG","SE"
533,5,310,"RG","SE"
387,1,310,"RG","SE"
525,9,310,"RG","SE"
456,1,310,"RG","SE"
252,2,310,"RG","SE"
130,1,310,"RG","SE"
209,1,310,"RG","SE"
232,4,310,"RG","SE"
340,1,310,"RG","SE"
372,1,310,"RG","SE"
366,1,310,"RG","SE"
548,1,310,"RG","SE"
376,3,310,"RG","SE"
123,4,310,"RG","SE"
431,1,310,"RG","SE"
354,2,310,"RG","SE"
222,2,310,"RG","SE"
500,22,310,"RG","SE"
170,1,310,"RG","SE"
291,1,310,"RG","SE"
529,5,310,"RG","SE"
466,1,311,"RG","SE"
42,1,311,"RG","SE"
249,2,311,"RG","SE"
332,1,311,"RG","SE"
367,2,311,"RG","SE"
235,1,311,"RG","SE"
399,1,311,"RG","SE"
404,1,311,"RG","SE"
269,1,311,"RG","SE"
482,5,311,"RG","SE"
232,4,311,"RG","SE"
458,1,311,"RG","SE"
204,2,311,"RG","SE"
25,1,311,"RG","SE"
547,1,311,"RG","SE"
111,1,311,"RG","SE"
417,1,311,"RG","SE"
540,8,311,"RG","SE"
10,1,311,"RG","SE"
158,3,311,"RG","SE"
169,1,311,"RG","SE"
479,6,311,"RG","SE"
488,6,311,"RG","SE"
132,1,311,"RG","SE"
410,2,311,"RG","SE"
317,2,311,"RG","SE"
309,1,311,"RG","SE"
164,6,311,"RG","SE"
254,1,311,"RG","SE"
340,1,311,"RG","SE"
187,1,311,"RG","SE"
389,3,312,"RG","SE"
223,1,312,"RG","SE"
78,21,312,"RG","SE"
399,1,312,"RG","SE"
466,1,312,"RG","SE"
419,1,312,"RG","SE"
194,1,312,"RG","SE"
26,59,312,"RG","SE"
268,1,312,"RG","SE"
528,5,312,"RG","SE"
519,3,312,"RG","SE"
250,1,312,"RG","SE"
504,10,312,"RG","SE"
430,1,312,"RG","SE"
225,1,312,"RG","SE"
493,7,312,"RG","SE"
304,2,312,"RG","SE"
249,2,312,"RG","SE"
510,9,312,"RG","SE"
183,3,312,"RG","SE"
401,1,312,"RG","SE"
266,1,312,"RG","SE"
255,1,312,"RG","SE"
348,2,312,"RG","SE"
461,1,312,"RG","SE"
112,4,312,"RG","SE"
505,11,312,"RG","SE"
44,30,312,"RG","SE"
302,2,312,"RG","SE"
313,3,312,"RG","SE"
141,2,312,"RG","SE"
470,5,313,"RG","SE"
108,1,313,"RG","SE"
513,6,313,"RG","SE"
243,2,313,"RG","SE"
54,39,313,"RG","SE"
204,2,313,"RG","SE"
38,3,313,"RG","SE"
312,1,313,"RG","SE"
336,1,313,"RG","SE"
330,1,313,"RG","SE"
291,1,313,"RG","SE"
527,8,313,"RG","SE"
458,1,313,"RG","SE"
394,1,313,"RG","SE"
482,5,313,"RG","SE"
143,1,313,"RG","SE"
276,3,313,"RG","SE"
89,1,313,"RG","SE"
308,2,313,"RG","SE"
144,1,313,"RG","SE"
418,1,313,"RG","SE"
86,2,313,"RG","SE"
140,1,313,"RG","SE"
122,2,313,"RG","SE"
286,1,313,"RG","SE"
474,1,313,"RG","SE"
526,2,313,"RG","SE"
25,1,313,"RG","SE"
279,1,313,"RG","SE"
209,1,313,"RG","SE"
198,2,313,"RG","SE"
20,7,314,"RG","SE"
125,1,314,"RG","SE"
358,16,314,"RG","SE"
500,22,314,"RG","SE"
173,2,314,"RG","SE"
490,4,314,"RG","SE"
340,1,314,"RG","SE"
157,1,314,"RG","SE"
203,1,314,"RG","SE"
248,5,314,"RG","SE"
27,2,314,"RG","SE"
151,1,314,"RG","SE"
505,11,314,"RG","SE"
380,2,314,"RG","SE"
452,1,314,"RG","SE"
382,1,314,"RG","SE"
155,1,314,"RG","SE"
296,1,314,"RG","SE"
479,6,314,"RG","SE"
481,2,314,"RG","SE"
166,1,314,"RG","SE"
369,2,314,"RG","SE"
102,1,314,"RG","SE"
445,10,314,"RG","SE"
399,1,314,"RG","SE"
328,1,314,"RG","SE"
179,12,314,"RG","SE"
129,2,314,"RG","SE"
365,2,314,"RG","SE"
367,2,314,"RG","SE"
42,1,314,"RG","SE"
3,5,315,"RG","SE"
399,1,315,"RG","SE"
535,3,315,"RG","SE"
486,5,315,"RG","SE"
284,1,315,"RG","SE"
304,2,315,"RG","SE"
312,1,315,"RG","SE"
363,2,315,"RG","SE"
36,3,315,"RG","SE"
77,17,315,"RG","SE"
80,6,315,"RG","SE"
540,8,315,"RG","SE"
250,1,315,"RG","SE"
65,4,315,"RG","SE"
72,9,315,"RG","SE"
151,1,315,"RG","SE"
19,5,315,"RG","SE"
32,6,315,"RG","SE"
358,16,315,"RG","SE"
196,2,315,"RG","SE"
439,1,315,"RG","SE"
26,59,315,"RG","SE"
481,2,315,"RG","SE"
285,3,315,"RG","SE"
436,1,315,"RG","SE"
160,1,315,"RG","SE"
91,5,315,"RG","SE"
452,1,315,"RG","SE"
54,39,315,"RG","SE"
294,3,315,"RG","SE"
372,1,315,"RG","SE"
65,4,316,"RG","SE"
141,2,316,"RG","SE"
458,1,316,"RG","SE"
525,9,316,"RG","SE"
441,1,316,"RG","SE"
102,1,316,"RG","SE"
368,1,316,"RG","SE"
196,2,316,"RG","SE"
61,50,316,"RG","SE"
322,3,316,"RG","SE"
32,6,316,"RG","SE"
148,1,316,"RG","SE"
242,1,316,"RG","SE"
363,2,316,"RG","SE"
493,7,316,"RG","SE"
116,1,316,"RG","SE"
540,8,316,"RG","SE"
452,1,316,"RG","SE"
285,3,316,"RG","SE"
401,1,316,"RG","SE"
529,5,316,"RG","SE"
296,1,316,"RG","SE"
77,17,316,"RG","SE"
244,3,316,"RG","SE"
155,1,316,"RG","SE"
219,1,316,"RG","SE"
49,1,316,"RG","SE"
183,3,316,"RG","SE"
467,4,316,"RG","SE"
106,1,316,"RG","SE"
399,1,316,"RG","SE"
67,9,317,"RG","SE"
445,10,317,"RG","SE"
244,3,317,"RG","SE"
77,17,317,"RG","SE"
132,1,317,"RG","SE"
302,2,317,"RG","SE"
378,1,317,"RG","SE"
469,5,317,"RG","SE"
102,1,317,"RG","SE"
116,1,317,"RG","SE"
545,1,317,"RG","SE"
104,2,317,"RG","SE"
430,1,317,"RG","SE"
149,1,317,"RG","SE"
435,2,317,"RG","SE"
532,5,317,"RG","SE"
245,1,317,"RG","SE"
392,1,317,"RG","SE"
376,3,317,"RG","SE"
387,1,317,"RG","SE"
21,7,317,"RG","SE"
170,1,317,"RG","SE"
64,9,317,"RG","SE"
381,3,317,"RG","SE"
413,1,317,"RG","SE"
490,4,317,"RG","SE"
191,1,317,"RG","SE"
119,1,317,"RG","SE"
126,3,317,"RG","SE"
436,1,317,"RG","SE"
194,1,317,"RG","SE"
326,2,318,"RG","SE"
282,1,318,"RG","SE"
203,1,318,"RG","SE"
140,1,318,"RG","SE"
243,2,318,"RG","SE"
36,3,318,"RG","SE"
222,2,318,"RG","SE"
19,5,318,"RG","SE"
544,1,318,"RG","SE"
166,1,318,"RG","SE"
455,3,318,"RG","SE"
471,3,318,"RG","SE"
528,5,318,"RG","SE"
235,1,318,"RG","SE"
417,1,318,"RG","SE"
278,1,318,"RG","SE"
32,6,318,"RG","SE"
202,1,318,"RG","SE"
252,2,318,"RG","SE"
308,2,318,"RG","SE"
158,3,318,"RG","SE"
348,2,318,"RG","SE"
26,59,318,"RG","SE"
191,1,318,"RG","SE"
248,5,318,"RG","SE"
142,1,318,"RG","SE"
5,4,318,"RG","SE"
390,1,318,"RG","SE"
422,4,318,"RG","SE"
502,7,318,"RG","SE"
266,1,318,"RG","SE"
302,2,319,"RG","SE"
278,1,319,"RG","SE"
36,3,319,"RG","SE"
273,1,319,"RG","SE"
51,2,319,"RG","SE"
486,5,319,"RG","SE"
170,1,319,"RG","SE"
255,1,319,"RG","SE"
15,2,319,"RG","SE"
466,1,319,"RG","SE"
343,9,319,"RG","SE"
372,1,319,"RG","SE"
86,2,319,"RG","SE"
237,1,319,"RG","SE"
476,1,319,"RG","SE"
151,1,319,"RG","SE"
106,1,319,"RG","SE"
482,5,319,"RG","SE"
187,1,319,"RG","SE"
77,17,319,"RG","SE"
349,1,319,"RG","SE"
242,1,319,"RG","SE"
441,1,319,"RG","SE"
328,1,319,"RG","SE"
198,2,319,"RG","SE"
49,1,319,"RG","SE"
219,1,319,"RG","SE"
5,4,319,"RG","SE"
447,4,319,"RG","SE"
191,1,319,"RG","SE"
309,1,319,"RG","SE"
198,2,320,"RG","SE"
57,9,320,"RG","SE"
532,5,320,"RG","SE"
232,4,320,"RG","SE"
526,2,320,"RG","SE"
418,1,320,"RG","SE"
155,1,320,"RG","SE"
122,2,320,"RG","SE"
377,2,320,"RG","SE"
436,1,320,"RG","SE"
372,1,320,"RG","SE"
89,1,320,"RG","SE"
110,1,320,"RG","SE"
445,10,320,"RG","SE"
435,2,320,"RG","SE"
322,3,320,"RG","SE"
344,1,320,"RG","SE"
363,2,320,"RG","SE"
520,2,320,"RG","SE"
467,4,320,"RG","SE"
452,1,320,"RG","SE"
261,3,320,"RG","SE"
101,1,320,"RG","SE"
258,1,320,"RG","SE"
65,4,320,"RG","SE"
463,1,320,"RG","SE"
378,1,320,"RG","SE"
14,30,320,"RG","SE"
10,1,320,"RG","SE"
328,1,320,"RG","SE"
266,1,320,"RG","SE"
440,1,321,"RG","SE"
517,6,321,"RG","SE"
4,5,321,"RG","SE"
257,1,321,"RG","SE"
374,2,321,"RG","SE"
515,4,321,"RG","SE"
132,1,321,"RG","SE"
32,6,321,"RG","SE"
235,1,321,"RG","SE"
318,3,321,"RG","SE"
308,2,321,"RG","SE"
124,4,321,"RG","SE"
354,2,321,"RG","SE"
148,1,321,"RG","SE"
237,1,321,"RG","SE"
469,5,321,"RG","SE"
278,1,321,"RG","SE"
61,50,321,"RG","SE"
430,1,321,"RG","SE"
349,1,321,"RG","SE"
526,2,321,"RG","SE"
535,3,321,"RG","SE"
25,1,321,"RG","SE"
322,3,321,"RG","SE"
294,3,321,"RG","SE"
170,1,321,"RG","SE"
202,1,321,"RG","SE"
310,1,321,"RG","SE"
51,2,321,"RG","SE"
76,4,321,"RG","SE"
125,1,321,"RG","SE"
266,1,322,"RG","SE"
481,2,322,"RG","SE"
7,21,322,"RG","SE"
49,1,322,"RG","SE"
462,1,322,"RG","SE"
540,8,322,"RG","SE"
187,1,322,"RG","SE"
128,1,322,"RG","SE"
16,3,322,"RG","SE"
535,3,322,"RG","SE"
67,9,322,"RG","SE"
255,1,322,"RG","SE"
186,2,322,"RG","SE"
105,1,322,"RG","SE"
20,7,322,"RG","SE"
65,4,322,"RG","SE"
366,1,322,"RG","SE"
51,2,322,"RG","SE"
36,3,322,"RG","SE"
496,22,322,"RG","SE"
418,1,322,"RG","SE"
196,2,322,"RG","SE"
531,2,322,"RG","SE"
501,17,322,"RG","SE"
361,3,322,"RG","SE"
125,1,322,"RG","SE"
410,2,322,"RG","SE"
252,2,322,"RG","SE"
447,4,322,"RG","SE"
469,5,322,"RG","SE"
482,5,322,"RG","SE"
22,4,323,"RG","SE"
510,9,323,"RG","SE"
144,1,323,"RG","SE"
363,2,323,"RG","SE"
261,3,323,"RG","SE"
544,1,323,"RG","SE"
374,2,323,"RG","SE"
13,1,323,"RG","SE"
452,1,323,"RG","SE"
101,1,323,"RG","SE"
126,3,323,"RG","SE"
465,1,323,"RG","SE"
253,1,323,"RG","SE"
65,4,323,"RG","SE"
64,9,323,"RG","SE"
190,1,323,"RG","SE"
160,1,323,"RG","SE"
149,1,323,"RG","SE"
283,1,323,"RG","SE"
474,1,323,"RG","SE"
147,1,323,"RG","SE"
19,5,323,"RG","SE"
155,1,323,"RG","SE"
504,10,323,"RG","SE"
247,3,323,"RG","SE"
173,2,323,"RG","SE"
354,2,323,"RG","SE"
372,1,323,"RG","SE"
392,1,323,"RG","SE"
164,6,323,"RG","SE"
83,2,323,"RG","SE"
376,3,324,"RG","SE"
86,2,324,"RG","SE"
225,1,324,"RG","SE"
523,4,324,"RG","SE"
242,1,324,"RG","SE"
445,10,324,"RG","SE"
282,1,324,"RG","SE"
480,6,324,"RG","SE"
104,2,324,"RG","SE"
252,2,324,"RG","SE"
191,1,324,"RG","SE"
504,10,324,"RG","SE"
72,9,324,"RG","SE"
421,4,324,"RG","SE"
502,7,324,"RG","SE"
115,1,324,"RG","SE"
155,1,324,"RG","SE"
105,1,324,"RG","SE"
301,1,324,"RG","SE"
166,1,324,"RG","SE"
517,6,324,"RG","SE"
452,1,324,"RG","SE"
101,1,324,"RG","SE"
461,1,324,"RG","SE"
199,1,324,"RG","SE"
54,39,324,"RG","SE"
378,1,324,"RG","SE"
548,1,324,"RG","SE"
185,1,324,"RG","SE"
463,1,324,"RG","SE"
131,1,324,"RG","SE"
483,5,325,"RG","SE"
122,2,325,"RG","SE"
496,22,325,"RG","SE"
142,1,325,"RG","SE"
523,4,325,"RG","SE"
514,6,325,"RG","SE"
254,1,325,"RG","SE"
232,4,325,"RG","SE"
489,4,325,"RG","SE"
284,1,325,"RG","SE"
465,1,325,"RG","SE"
175,1,325,"RG","SE"
437,1,325,"RG","SE"
461,1,325,"RG","SE"
115,1,325,"RG","SE"
138,2,325,"RG","SE"
487,4,325,"RG","SE"
544,1,325,"RG","SE"
153,1,325,"RG","SE"
441,1,325,"RG","SE"
194,1,325,"RG","SE"
124,4,325,"RG","SE"
374,2,325,"RG","SE"
214,1,325,"RG","SE"
467,4,325,"RG","SE"
19,5,325,"RG","SE"
508,14,325,"RG","SE"
488,6,325,"RG","SE"
207,1,325,"RG","SE"
111,1,325,"RG","SE"
78,21,325,"RG","SE"
116,1,326,"RG","SE"
519,3,326,"RG","SE"
399,1,326,"RG","SE"
489,4,326,"RG","SE"
105,1,326,"RG","SE"
502,7,326,"RG","SE"
367,2,326,"RG","SE"
54,39,326,"RG","SE"
183,3,326,"RG","SE"
436,1,326,"RG","SE"
20,7,326,"RG","SE"
282,1,326,"RG","SE"
381,3,326,"RG","SE"
57,9,326,"RG","SE"
125,1,326,"RG","SE"
286,1,326,"RG","SE"
313,3,326,"RG","SE"
354,2,326,"RG","SE"
506,7,326,"RG","SE"
421,4,326,"RG","SE"
500,22,326,"RG","SE"
245,1,326,"RG","SE"
514,6,326,"RG","SE"
372,1,326,"RG","SE"
410,2,326,"RG","SE"
25,1,326,"RG","SE"
474,1,326,"RG","SE"
38,3,326,"RG","SE"
510,9,326,"RG","SE"
332,1,326,"RG","SE"
103,1,326,"RG","SE"
480,6,327,"RG","SE"
413,1,327,"RG","SE"
456,1,327,"RG","SE"
235,1,327,"RG","SE"
67,9,327,"RG","SE"
430,1,327,"RG","SE"
269,1,327,"RG","SE"
302,2,327,"RG","SE"
461,1,327,"RG","SE"
124,4,327,"RG","SE"
463,1,327,"RG","SE"
57,9,327,"RG","SE"
142,1,327,"RG","SE"
248,5,327,"RG","SE"
301,1,327,"RG","SE"
130,1,327,"RG","SE"
45,1,327,"RG","SE"
374,2,327,"RG","SE"
343,9,327,"RG","SE"
168,1,327,"RG","SE"
147,1,327,"RG","SE"
345,1,327,"RG","SE"
157,1,327,"RG","SE"
358,16,327,"RG","SE"
513,6,327,"RG","SE"
344,1,327,"RG","SE"
367,2,327,"RG","SE"
361,3,327,"RG","SE"
140,1,327,"RG","SE"
539,1,327,"RG","SE"
531,2,327,"RG","SE"
527,8,328,"RG","SE"
102,1,328,"RG","SE"
348,2,328,"RG","SE"
111,1,328,"RG","SE"
3,5,328,"RG","SE"
471,3,328,"RG","SE"
27,2,328,"RG","SE"
250,1,328,"RG","SE"
493,7,328,"RG","SE"
61,50,328,"RG","SE"
539,1,328,"RG","SE"
76,4,328,"RG","SE"
374,2,328,"RG","SE"
194,1,328,"RG","SE"
282,1,328,"RG","SE"
326,2,328,"RG","SE"
261,3,328,"RG","SE"
458,1,328,"RG","SE"
516,4,328,"RG","SE"
445,10,328,"RG","SE"
104,2,328,"RG","SE"
397,1,328,"RG","SE"
509,3,328,"RG","SE"
392,1,328,"RG","SE"
126,3,328,"RG","SE"
389,3,328,"RG","SE"
190,1,328,"RG","SE"
249,2,328,"RG","SE"
387,1,328,"RG","SE"
378,1,328,"RG","SE"
115,1,328,"RG","SE"
112,4,329,"RG","SE"
131,1,329,"RG","SE"
433,2,329,"RG","SE"
273,1,329,"RG","SE"
204,2,329,"RG","SE"
301,1,329,"RG","SE"
147,1,329,"RG","SE"
153,1,329,"RG","SE"
413,1,329,"RG","SE"
219,1,329,"RG","SE"
17,5,329,"RG","SE"
15,2,329,"RG","SE"
264,1,329,"RG","SE"
106,1,329,"RG","SE"
501,17,329,"RG","SE"
160,1,329,"RG","SE"
436,1,329,"RG","SE"
440,1,329,"RG","SE"
516,4,329,"RG","SE"
438,6,329,"RG","SE"
68,5,329,"RG","SE"
302,2,329,"RG","SE"
367,2,329,"RG","SE"
488,6,329,"RG","SE"
57,9,329,"RG","SE"
169,1,329,"RG","SE"
284,1,329,"RG","SE"
80,6,329,"RG","SE"
76,4,329,"RG","SE"
477,4,329,"RG","SE"
257,1,329,"RG","SE"
490,4,330,"RG","SE"
141,2,330,"RG","SE"
108,1,330,"RG","SE"
354,2,330,"RG","SE"
247,3,330,"RG","SE"
80,6,330,"RG","SE"
387,1,330,"RG","SE"
486,5,330,"RG","SE"
191,1,330,"RG","SE"
145,1,330,"RG","SE"
351,1,330,"RG","SE"
445,10,330,"RG","SE"
148,1,330,"RG","SE"
10,1,330,"RG","SE"
33,12,330,"RG","SE"
126,3,330,"RG","SE"
225,1,330,"RG","SE"
349,1,330,"RG","SE"
166,1,330,"RG","SE"
535,3,330,"RG","SE"
187,1,330,"RG","SE"
374,2,330,"RG","SE"
523,4,330,"RG","SE"
110,1,330,"RG","SE"
4,5,330,"RG","SE"
68,5,330,"RG","SE"
291,1,330,"RG","SE"
417,1,330,"RG","SE"
122,2,330,"RG","SE"
370,1,330,"RG","SE"
284,1,330,"RG","SE"
242,1,331,"RG","SE"
358,16,331,"RG","SE"
129,2,331,"RG","SE"
545,1,331,"RG","SE"
357,1,331,"RG","SE"
381,3,331,"RG","SE"
115,1,331,"RG","SE"
455,3,331,"RG","SE"
465,1,331,"RG","SE"
42,1,331,"RG","SE"
477,4,331,"RG","SE"
523,4,331,"RG","SE"
505,11,331,"RG","SE"
479,6,331,"RG","SE"
531,2,331,"RG","SE"
380,2,331,"RG","SE"
13,1,331,"RG","SE"
410,2,331,"RG","SE"
7,21,331,"RG","SE"
20,7,331,"RG","SE"
142,1,331,"RG","SE"
501,17,331,"RG","SE"
330,1,331,"RG","SE"
170,1,331,"RG","SE"
252,2,331,"RG","SE"
237,1,331,"RG","SE"
343,9,331,"RG","SE"
431,1,331,"RG","SE"
103,1,331,"RG","SE"
370,1,331,"RG","SE"
78,21,331,"RG","SE"
456,1,332,"RG","SE"
467,4,332,"RG","SE"
72,9,332,"RG","SE"
352,2,332,"RG","SE"
4,5,332,"RG","SE"
19,5,332,"RG","SE"
471,3,332,"RG","SE"
357,1,332,"RG","SE"
190,1,332,"RG","SE"
103,1,332,"RG","SE"
89,1,332,"RG","SE"
283,1,332,"RG","SE"
322,3,332,"RG","SE"
149,1,332,"RG","SE"
277,1,332,"RG","SE"
49,1,332,"RG","SE"
259,6,332,"RG","SE"
193,2,332,"RG","SE"
514,6,332,"RG","SE"
389,3,332,"RG","SE"
78,21,332,"RG","SE"
222,2,332,"RG","SE"
285,3,332,"RG","SE"
341,2,332,"RG","SE"
419,1,332,"RG","SE"
509,3,332,"RG","SE"
248,5,332,"RG","SE"
207,1,332,"RG","SE"
426,4,332,"RG","SE"
115,1,332,"RG","SE"
462,1,332,"RG","SE"
86,2,333,"RG","SE"
301,1,333,"RG","SE"
190,1,333,"RG","SE"
452,1,333,"RG","SE"
282,1,333,"RG","SE"
124,4,333,"RG","SE"
341,2,333,"RG","SE"
436,1,333,"RG","SE"
458,1,333,"RG","SE"
179,12,333,"RG","SE"
15,2,333,"RG","SE"
125,1,333,"RG","SE"
111,1,333,"RG","SE"
540,8,333,"RG","SE"
173,2,333,"RG","SE"
4,5,333,"RG","SE"
418,1,333,"RG","SE"
122,2,333,"RG","SE"
104,2,333,"RG","SE"
123,4,333,"RG","SE"
496,22,333,"RG","SE"
193,2,333,"RG","SE"
228,1,333,"RG","SE"
318,3,333,"RG","SE"
498,25,333,"RG","SE"
317,2,333,"RG","SE"
25,1,333,"RG","SE"
483,5,333,"RG","SE"
140,1,333,"RG","SE"
115,1,333,"RG","SE"
223,1,333,"RG","SE"
32,6,334,"RG","SE"
151,1,334,"RG","SE"
196,2,334,"RG","SE"
106,1,334,"RG","SE"
130,1,334,"RG","SE"
138,2,334,"RG","SE"
441,1,334,"RG","SE"
186,2,334,"RG","SE"
21,7,334,"RG","SE"
273,1,334,"RG","SE"
332,1,334,"RG","SE"
78,21,334,"RG","SE"
91,5,334,"RG","SE"
430,1,334,"RG","SE"
369,2,334,"RG","SE"
514,6,334,"RG","SE"
519,3,334,"RG","SE"
387,1,334,"RG","SE"
13,1,334,"RG","SE"
508,14,334,"RG","SE"
123,4,334,"RG","SE"
494,8,334,"RG","SE"
5,4,334,"RG","SE"
249,2,334,"RG","SE"
439,1,334,"RG","SE"
291,1,334,"RG","SE"
115,1,334,"RG","SE"
110,1,334,"RG","SE"
510,9,334,"RG","SE"
390,1,334,"RG","SE"
194,1,334,"RG","SE"
21,7,335,"RG","SE"
116,1,335,"RG","SE"
303,6,335,"RG","SE"
392,1,335,"RG","SE"
276,3,335,"RG","SE"
436,1,335,"RG","SE"
143,1,335,"RG","SE"
447,4,335,"RG","SE"
377,2,335,"RG","SE"
185,1,335,"RG","SE"
250,1,335,"RG","SE"
164,6,335,"RG","SE"
317,2,335,"RG","SE"
237,1,335,"RG","SE"
119,1,335,"RG","SE"
257,1,335,"RG","SE"
277,1,335,"RG","SE"
462,1,335,"RG","SE"
101,1,335,"RG","SE"
80,6,335,"RG","SE"
132,1,335,"RG","SE"
4,5,335,"RG","SE"
111,1,335,"RG","SE"
455,3,335,"RG","SE"
516,4,335,"RG","SE"
480,6,335,"RG","SE"
501,17,335,"RG","SE"
433,2,335,"RG","SE"
369,2,335,"RG","SE"
500,22,335,"RG","SE"
456,1,335,"RG","SE"
166,1,336,"RG","SE"
36,3,336,"RG","SE"
32,6,336,"RG","SE"
22,4,336,"RG","SE"
488,6,336,"RG","SE"
144,1,336,"RG","SE"
225,1,336,"RG","SE"
284,1,336,"RG","SE"
170,1,336,"RG","SE"
481,2,336,"RG","SE"
173,2,336,"RG","SE"
527,8,336,"RG","SE"
354,2,336,"RG","SE"
502,7,336,"RG","SE"
164,6,336,"RG","SE"
183,3,336,"RG","SE"
10,1,336,"RG","SE"
313,3,336,"RG","SE"
490,4,336,"RG","SE"
352,2,336,"RG","SE"
72,9,336,"RG","SE"
286,1,336,"RG","SE"
332,1,336,"RG","SE"
303,6,336,"RG","SE"
401,1,336,"RG","SE"
86,2,336,"RG","SE"
141,2,336,"RG","SE"
526,2,336,"RG","SE"
515,4,336,"RG","SE"
341,2,336,"RG","SE"
466,1,336,"RG","SE"
366,1,337,"RG","SE"
456,1,337,"RG","SE"
32,6,337,"RG","SE"
498,25,337,"RG","SE"
170,1,337,"RG","SE"
245,1,337,"RG","SE"
286,1,337,"RG","SE"
173,2,337,"RG","SE"
283,1,337,"RG","SE"
155,1,337,"RG","SE"
110,1,337,"RG","SE"
171,1,337,"RG","SE"
235,1,337,"RG","SE"
268,1,337,"RG","SE"
106,1,337,"RG","SE"
422,4,337,"RG","SE"
486,5,337,"RG","SE"
194,1,337,"RG","SE"
418,1,337,"RG","SE"
357,1,337,"RG","SE"
130,1,337,"RG","SE"
264,1,337,"RG","SE"
19,5,337,"RG","SE"
310,1,337,"RG","SE"
457,2,337,"RG","SE"
187,1,337,"RG","SE"
358,16,337,"RG","SE"
303,6,337,"RG","SE"
515,4,337,"RG","SE"
228,1,337,"RG","SE"
435,2,337,"RG","SE"
78,21,338,"RG","SE"
76,4,338,"RG","SE"
89,1,338,"RG","SE"
363,2,338,"RG","SE"
367,2,338,"RG","SE"
219,1,338,"RG","SE"
381,3,338,"RG","SE"
57,9,338,"RG","SE"
294,3,338,"RG","SE"
458,1,338,"RG","SE"
401,1,338,"RG","SE"
461,1,338,"RG","SE"
387,1,338,"RG","SE"
278,1,338,"RG","SE"
456,1,338,"RG","SE"
425,4,338,"RG","SE"
83,2,338,"RG","SE"
68,5,338,"RG","SE"
285,3,338,"RG","SE"
11,27,338,"RG","SE"
457,2,338,"RG","SE"
111,1,338,"RG","SE"
532,5,338,"RG","SE"
170,1,338,"RG","SE"
370,1,338,"RG","SE"
533,5,338,"RG","SE"
254,1,338,"RG","SE"
106,1,338,"RG","SE"
187,1,338,"RG","SE"
349,1,338,"RG","SE"
466,1,338,"RG","SE"
441,1,339,"RG","SE"
51,2,339,"RG","SE"
83,2,339,"RG","SE"
186,2,339,"RG","SE"
131,1,339,"RG","SE"
413,1,339,"RG","SE"
425,4,339,"RG","SE"
278,1,339,"RG","SE"
477,4,339,"RG","SE"
308,2,339,"RG","SE"
185,1,339,"RG","SE"
57,9,339,"RG","SE"
7,21,339,"RG","SE"
130,1,339,"RG","SE"
140,1,339,"RG","SE"
358,16,339,"RG","SE"
257,1,339,"RG","SE"
173,2,339,"RG","SE"
264,1,339,"RG","SE"
153,1,339,"RG","SE"
502,7,339,"RG","SE"
482,5,339,"RG","SE"
242,1,339,"RG","SE"
418,1,339,"RG","SE"
455,3,339,"RG","SE"
102,1,339,"RG","SE"
32,6,339,"RG","SE"
401,1,339,"RG","SE"
466,1,339,"RG","SE"
390,1,339,"RG","SE"
540,8,339,"RG","SE"
207,1,340,"RG","SE"
16,3,340,"RG","SE"
482,5,340,"RG","SE"
153,1,340,"RG","SE"
14,30,340,"RG","SE"
439,1,340,"RG","SE"
545,1,340,"RG","SE"
258,1,340,"RG","SE"
125,1,340,"RG","SE"
509,3,340,"RG","SE"
535,3,340,"RG","SE"
85,15,340,"RG","SE"
488,6,340,"RG","SE"
541,8,340,"RG","SE"
132,1,340,"RG","SE"
523,4,340,"RG","SE"
108,1,340,"RG","SE"
244,3,340,"RG","SE"
157,1,340,"RG","SE"
349,1,340,"RG","SE"
257,1,340,"RG","SE"
309,1,340,"RG","SE"
102,1,340,"RG","SE"
526,2,340,"RG","SE"
394,1,340,"RG","SE"
544,1,340,"RG","SE"
144,1,340,"RG","SE"
305,1,340,"RG","SE"
524,2,340,"RG","SE"
27,2,340,"RG","SE"
452,1,340,"RG","SE"
259,6,341,"RG","SE"
312,1,341,"RG","SE"
368,1,341,"RG","SE"
404,1,341,"RG","SE"
173,2,341,"RG","SE"
105,1,341,"RG","SE"
194,1,341,"RG","SE"
248,5,341,"RG","SE"
305,1,341,"RG","SE"
380,2,341,"RG","SE"
187,1,341,"RG","SE"
457,2,341,"RG","SE"
466,1,341,"RG","SE"
351,1,341,"RG","SE"
130,1,341,"RG","SE"
277,1,341,"RG","SE"
539,1,341,"RG","SE"
458,1,341,"RG","SE"
467,4,341,"RG","SE"
431,1,341,"RG","SE"
418,1,341,"RG","SE"
285,3,341,"RG","SE"
175,1,341,"RG","SE"
145,1,341,"RG","SE"
142,1,341,"RG","SE"
367,2,341,"RG","SE"
363,2,341,"RG","SE"
361,3,341,"RG","SE"
80,6,341,"RG","SE"
523,4,341,"RG","SE"
508,14,341,"RG","SE"
456,1,342,"RG","SE"
302,2,342,"RG","SE"
498,25,342,"RG","SE"
166,1,342,"RG","SE"
477,4,342,"RG","SE"
248,5,342,"RG","SE"
494,8,342,"RG","SE"
418,1,342,"RG","SE"
380,2,342,"RG","SE"
462,1,342,"RG","SE"
222,2,342,"RG","SE"
463,1,342,"RG","SE"
526,2,342,"RG","SE"
225,1,342,"RG","SE"
392,1,342,"RG","SE"
431,1,342,"RG","SE"
49,1,342,"RG","SE"
78,21,342,"RG","SE"
126,3,342,"RG","SE"
68,5,342,"RG","SE"
72,9,342,"RG","SE"
57,9,342,"RG","SE"
534,3,342,"RG","SE"
304,2,342,"RG","SE"
394,1,342,"RG","SE"
330,1,342,"RG","SE"
110,1,342,"RG","SE"
20,7,342,"RG","SE"
471,3,342,"RG","SE"
369,2,342,"RG","SE"
305,1,342,"RG","SE"
153,1,343,"RG","SE"
4,5,343,"RG","SE"
330,1,343,"RG","SE"
425,4,343,"RG","SE"
158,3,343,"RG","SE"
351,1,343,"RG","SE"
426,4,343,"RG","SE"
363,2,343,"RG","SE"
498,25,343,"RG","SE"
171,1,343,"RG","SE"
194,1,343,"RG","SE"
525,9,343,"RG","SE"
123,4,343,"RG","SE"
193,2,343,"RG","SE"
185,1,343,"RG","SE"
49,1,343,"RG","SE"
547,1,343,"RG","SE"
155,1,343,"RG","SE"
488,6,343,"RG","SE"
273,1,343,"RG","SE"
222,2,343,"RG","SE"
28,50,343,"RG","SE"
514,6,343,"RG","SE"
394,1,343,"RG","SE"
535,3,343,"RG","SE"
366,1,343,"RG","SE"
302,2,343,"RG","SE"
541,8,343,"RG","SE"
72,9,343,"RG","SE"
285,3,343,"RG","SE"
140,1,343,"RG","SE"
33,12,344,"RG","SE"
296,1,344,"RG","SE"
259,6,344,"RG","SE"
123,4,344,"RG","SE"
68,5,344,"RG","SE"
122,2,344,"RG","SE"
7,21,344,"RG","SE"
351,1,344,"RG","SE"
535,3,344,"RG","SE"
374,2,344,"RG","SE"
458,1,344,"RG","SE"
175,1,344,"RG","SE"
476,1,344,"RG","SE"
368,1,344,"RG","SE"
89,1,344,"RG","SE"
235,1,344,"RG","SE"
308,2,344,"RG","SE"
282,1,344,"RG","SE"
540,8,344,"RG","SE"
160,1,344,"RG","SE"
155,1,344,"RG","SE"
514,6,344,"RG","SE"
441,1,344,"RG","SE"
520,2,344,"RG","SE"
67,9,344,"RG","SE"
328,1,344,"RG","SE"
151,1,344,"RG","SE"
196,2,344,"RG","SE"
319,1,344,"RG","SE"
111,1,344,"RG","SE"
377,2,344,"RG","SE"
486,5,345,"RG","SE"
430,1,345,"RG","SE"
501,17,345,"RG","SE"
524,2,345,"RG","SE"
330,1,345,"RG","SE"
54,39,345,"RG","SE"
435,2,345,"RG","SE"
129,2,345,"RG","SE"
471,3,345,"RG","SE"
142,1,345,"RG","SE"
86,2,345,"RG","SE"
480,6,345,"RG","SE"
199,1,345,"RG","SE"
249,2,345,"RG","SE"
116,1,345,"RG","SE"
242,1,345,"RG","SE"
151,1,345,"RG","SE"
539,1,345,"RG","SE"
141,2,345,"RG","SE"
76,4,345,"RG","SE"
38,3,345,"RG","SE"
245,1,345,"RG","SE"
125,1,345,"RG","SE"
105,1,345,"RG","SE"
20,7,345,"RG","SE"
196,2,345,"RG","SE"
179,12,345,"RG","SE"
305,1,345,"RG","SE"
204,2,345,"RG","SE"
527,8,345,"RG","SE"
304,2,345,"RG","SE"
525,9,346,"RG","SE"
115,1,346,"RG","SE"
80,6,346,"RG","SE"
171,1,346,"RG","SE"
332,1,346,"RG","SE"
493,7,346,"RG","SE"
378,1,346,"RG","SE"
155,1,346,"RG","SE"
365,2,346,"RG","SE"
67,9,346,"RG","SE"
498,25,346,"RG","SE"
387,1,346,"RG","SE"
502,7,346,"RG","SE"
352,2,346,"RG","SE"
440,1,346,"RG","SE"
103,1,346,"RG","SE"
455,3,346,"RG","SE"
223,1,346,"RG","SE"
175,1,346,"RG","SE"
413,1,346,"RG","SE"
145,1,346,"RG","SE"
294,3,346,"RG","SE"
185,1,346,"RG","SE"
438,6,346,"RG","SE"
190,1,346,"RG","SE"
49,1,346,"RG","SE"
456,1,346,"RG","SE"
312,1,346,"RG","SE"
524,2,346,"RG","SE"
527,8,346,"RG","SE"
273,1,346,"RG","SE"
140,1,347,"RG","SE"
494,8,347,"RG","SE"
126,3,347,"RG","SE"
399,1,347,"RG","SE"
304,2,347,"RG","SE"
513,6,347,"RG","SE"
517,6,347,"RG","SE"
252,2,347,"RG","SE"
539,1,347,"RG","SE"
155,1,347,"RG","SE"
458,1,347,"RG","SE"
418,1,347,"RG","SE"
89,1,347,"RG","SE"
467,4,347,"RG","SE"
72,9,347,"RG","SE"
419,1,347,"RG","SE"
309,1,347,"RG","SE"
312,1,347,"RG","SE"
533,5,347,"RG","SE"
377,2,347,"RG","SE"
317,2,347,"RG","SE"
285,3,347,"RG","SE"
28,50,347,"RG","SE"
524,2,347,"RG","SE"
404,1,347,"RG","SE"
11,27,347,"RG","SE"
531,2,347,"RG","SE"
532,5,347,"RG","SE"
214,1,347,"RG","SE"
142,1,347,"RG","SE"
319,1,347,"RG","SE"
505,11,348,"RG","SE"
204,2,348,"RG","SE"
7,21,348,"RG","SE"
487,4,348,"RG","SE"
19,5,348,"RG","SE"
354,2,348,"RG","SE"
157,1,348,"RG","SE"
103,1,348,"RG","SE"
28,50,348,"RG","SE"
308,2,348,"RG","SE"
417,1,348,"RG","SE"
101,1,348,"RG","SE"
539,1,348,"RG","SE"
257,1,348,"RG","SE"
44,30,348,"RG","SE"
370,1,348,"RG","SE"
488,6,348,"RG","SE"
222,2,348,"RG","SE"
259,6,348,"RG","SE"
209,1,348,"RG","SE"
439,1,348,"RG","SE"
171,1,348,"RG","SE"
155,1,348,"RG","SE"
458,1,348,"RG","SE"
489,4,348,"RG","SE"
366,1,348,"RG","SE"
394,1,348,"RG","SE"
249,2,348,"RG","SE"
528,5,348,"RG","SE"
482,5,348,"RG","SE"
282,1,348,"RG","SE"
214,1,349,"RG","SE"
20,7,349,"RG","SE"
149,1,349,"RG","SE"
341,2,349,"RG","SE"
401,1,349,"RG","SE"
108,1,349,"RG","SE"
209,1,349,"RG","SE"
36,3,349,"RG","SE"
336,1,349,"RG","SE"
310,1,349,"RG","SE"
141,2,349,"RG","SE"
151,1,349,"RG","SE"
322,3,349,"RG","SE"
32,6,349,"RG","SE"
430,1,349,"RG","SE"
116,1,349,"RG","SE"
302,2,349,"RG","SE"
504,10,349,"RG","SE"
204,2,349,"RG","SE"
183,3,349,"RG","SE"
249,2,349,"RG","SE"
439,1,349,"RG","SE"
340,1,349,"RG","SE"
110,1,349,"RG","SE"
548,1,349,"RG","SE"
477,4,349,"RG","SE"
440,1,349,"RG","SE"
101,1,349,"RG","SE"
433,2,349,"RG","SE"
332,1,349,"RG","SE"
378,1,349,"RG","SE"
372,1,350,"RG","SE"
11,27,350,"RG","SE"
232,4,350,"RG","SE"
480,6,350,"RG","SE"
87,1,350,"RG","SE"
515,4,350,"RG","SE"
422,4,350,"RG","SE"
425,4,350,"RG","SE"
465,1,350,"RG","SE"
16,3,350,"RG","SE"
309,1,350,"RG","SE"
514,6,350,"RG","SE"
157,1,350,"RG","SE"
410,2,350,"RG","SE"
19,5,350,"RG","SE"
64,9,350,"RG","SE"
392,1,350,"RG","SE"
219,1,350,"RG","SE"
45,1,350,"RG","SE"
436,1,350,"RG","SE"
348,2,350,"RG","SE"
494,8,350,"RG","SE"
235,1,350,"RG","SE"
471,3,350,"RG","SE"
489,4,350,"RG","SE"
183,3,350,"RG","SE"
83,2,350,"RG","SE"
283,1,350,"RG","SE"
185,1,350,"RG","SE"
505,11,350,"RG","SE"
111,1,350,"RG","SE"
377,2,351,"RG","SE"
129,2,351,"RG","SE"
11,27,351,"RG","SE"
343,9,351,"RG","SE"
330,1,351,"RG","SE"
545,1,351,"RG","SE"
304,2,351,"RG","SE"
193,2,351,"RG","SE"
228,1,351,"RG","SE"
463,1,351,"RG","SE"
286,1,351,"RG","SE"
363,2,351,"RG","SE"
529,5,351,"RG","SE"
126,3,351,"RG","SE"
171,1,351,"RG","SE"
548,1,351,"RG","SE"
86,2,351,"RG","SE"
436,1,351,"RG","SE"
534,3,351,"RG","SE"
146,1,351,"RG","SE"
381,3,351,"RG","SE"
128,1,351,"RG","SE"
103,1,351,"RG","SE"
509,3,351,"RG","SE"
341,2,351,"RG","SE"
26,59,351,"RG","SE"
465,1,351,"RG","SE"
447,4,351,"RG","SE"
250,1,351,"RG","SE"
538,2,351,"RG","SE"
151,1,351,"RG","SE"
278,1,352,"RG","SE"
490,4,352,"RG","SE"
126,3,352,"RG","SE"
480,6,352,"RG","SE"
286,1,352,"RG","SE"
4,5,352,"RG","SE"
5,4,352,"RG","SE"
111,1,352,"RG","SE"
78,21,352,"RG","SE"
193,2,352,"RG","SE"
72,9,352,"RG","SE"
486,5,352,"RG","SE"
389,3,352,"RG","SE"
312,1,352,"RG","SE"
458,1,352,"RG","SE"
199,1,352,"RG","SE"
138,2,352,"RG","SE"
500,22,352,"RG","SE"
15,2,352,"RG","SE"
291,1,352,"RG","SE"
285,3,352,"RG","SE"
268,1,352,"RG","SE"
531,2,352,"RG","SE"
277,1,352,"RG","SE"
367,2,352,"RG","SE"
437,1,352,"RG","SE"
336,1,352,"RG","SE"
254,1,352,"RG","SE"
130,1,352,"RG","SE"
410,2,352,"RG","SE"
374,2,352,"RG","SE"
461,1,353,"RG","SE"
457,2,353,"RG","SE"
436,1,353,"RG","SE"
146,1,353,"RG","SE"
455,3,353,"RG","SE"
345,1,353,"RG","SE"
304,2,353,"RG","SE"
255,1,353,"RG","SE"
508,14,353,"RG","SE"
431,1,353,"RG","SE"
361,3,353,"RG","SE"
145,1,353,"RG","SE"
158,3,353,"RG","SE"
119,1,353,"RG","SE"
330,1,353,"RG","SE"
363,2,353,"RG","SE"
228,1,353,"RG","SE"
394,1,353,"RG","SE"
144,1,353,"RG","SE"
534,3,353,"RG","SE"
463,1,353,"RG","SE"
322,3,353,"RG","SE"
366,1,353,"RG","SE"
101,1,353,"RG","SE"
488,6,353,"RG","SE"
259,6,353,"RG","SE"
45,1,353,"RG","SE"
247,3,353,"RG","SE"
496,22,353,"RG","SE"
486,5,353,"RG","SE"
317,2,353,"RG","SE"
36,3,354,"RG","SE"
404,1,354,"RG","SE"
141,2,354,"RG","SE"
487,4,354,"RG","SE"
151,1,354,"RG","SE"
462,1,354,"RG","SE"
415,1,354,"RG","SE"
421,4,354,"RG","SE"
77,17,354,"RG","SE"
352,2,354,"RG","SE"
7,21,354,"RG","SE"
13,1,354,"RG","SE"
158,3,354,"RG","SE"
266,1,354,"RG","SE"
155,1,354,"RG","SE"
223,1,354,"RG","SE"
308,2,354,"RG","SE"
144,1,354,"RG","SE"
523,4,354,"RG","SE"
122,2,354,"RG","SE"
104,2,354,"RG","SE"
277,1,354,"RG","SE"
374,2,354,"RG","SE"
504,10,354,"RG","SE"
456,1,354,"RG","SE"
381,3,354,"RG","SE"
148,1,354,"RG","SE"
38,3,354,"RG","SE"
336,1,354,"RG","SE"
138,2,354,"RG","SE"
357,1,354,"RG","SE"
259,6,355,"RG","SE"
190,1,355,"RG","SE"
352,2,355,"RG","SE"
372,1,355,"RG","SE"
85,15,355,"RG","SE"
437,1,355,"RG","SE"
248,5,355,"RG","SE"
153,1,355,"RG","SE"
392,1,355,"RG","SE"
417,1,355,"RG","SE"
493,7,355,"RG","SE"
344,1,355,"RG","SE"
282,1,355,"RG","SE"
105,1,355,"RG","SE"
125,1,355,"RG","SE"
193,2,355,"RG","SE"
365,2,355,"RG","SE"
102,1,355,"RG","SE"
534,3,355,"RG","SE"
440,1,355,"RG","SE"
341,2,355,"RG","SE"
500,22,355,"RG","SE"
425,4,355,"RG","SE"
276,3,355,"RG","SE"
258,1,355,"RG","SE"
261,3,355,"RG","SE"
191,1,355,"RG","SE"
506,7,355,"RG","SE"
381,3,355,"RG","SE"
101,1,355,"RG","SE"
494,8,355,"RG","SE"
198,2,356,"RG","SE"
61,50,356,"RG","SE"
166,1,356,"RG","SE"
175,1,356,"RG","SE"
541,8,356,"RG","SE"
106,1,356,"RG","SE"
341,2,356,"RG","SE"
187,1,356,"RG","SE"
387,1,356,"RG","SE"
142,1,356,"RG","SE"
77,17,356,"RG","SE"
463,1,356,"RG","SE"
14,30,356,"RG","SE"
266,1,356,"RG","SE"
132,1,356,"RG","SE"
531,2,356,"RG","SE"
382,1,356,"RG","SE"
392,1,356,"RG","SE"
110,1,356,"RG","SE"
457,2,356,"RG","SE"
349,1,356,"RG","SE"
433,2,356,"RG","SE"
5,4,356,"RG","SE"
258,1,356,"RG","SE"
42,1,356,"RG","SE"
410,2,356,"RG","SE"
328,1,356,"RG","SE"
32,6,356,"RG","SE"
171,1,356,"RG","SE"
548,1,356,"RG","SE"
228,1,356,"RG","SE"
310,1,357,"RG","SE"
397,1,357,"RG","SE"
168,1,357,"RG","SE"
155,1,357,"RG","SE"
20,7,357,"RG","SE"
171,1,357,"RG","SE"
351,1,357,"RG","SE"
108,1,357,"RG","SE"
12,11,357,"RG","SE"
548,1,357,"RG","SE"
433,2,357,"RG","SE"
228,1,357,"RG","SE"
141,2,357,"RG","SE"
283,1,357,"RG","SE"
361,3,357,"RG","SE"
72,9,357,"RG","SE"
77,17,357,"RG","SE"
501,17,357,"RG","SE"
344,1,357,"RG","SE"
469,5,357,"RG","SE"
103,1,357,"RG","SE"
21,7,357,"RG","SE"
4,5,357,"RG","SE"
458,1,357,"RG","SE"
296,1,357,"RG","SE"
488,6,357,"RG","SE"
106,1,357,"RG","SE"
302,2,357,"RG","SE"
264,1,357,"RG","SE"
202,1,357,"RG","SE"
540,8,357,"RG","SE"
103,1,358,"RG","SE"
169,1,358,"RG","SE"
187,1,358,"RG","SE"
415,1,358,"RG","SE"
482,5,358,"RG","SE"
196,2,358,"RG","SE"
336,1,358,"RG","SE"
457,2,358,"RG","SE"
317,2,358,"RG","SE"
509,3,358,"RG","SE"
278,1,358,"RG","SE"
361,3,358,"RG","SE"
42,1,358,"RG","SE"
389,3,358,"RG","SE"
532,5,358,"RG","SE"
198,2,358,"RG","SE"
124,4,358,"RG","SE"
19,5,358,"RG","SE"
21,7,358,"RG","SE"
68,5,358,"RG","SE"
510,9,358,"RG","SE"
248,5,358,"RG","SE"
13,1,358,"RG","SE"
301,1,358,"RG","SE"
528,5,358,"RG","SE"
255,1,358,"RG","SE"
253,1,358,"RG","SE"
110,1,358,"RG","SE"
108,1,358,"RG","SE"
322,3,358,"RG","SE"
506,7,358,"RG","SE"
532,5,359,"RG","SE"
255,1,359,"RG","SE"
166,1,359,"RG","SE"
378,1,359,"RG","SE"
534,3,359,"RG","SE"
441,1,359,"RG","SE"
26,59,359,"RG","SE"
28,50,359,"RG","SE"
219,1,359,"RG","SE"
112,4,359,"RG","SE"
529,5,359,"RG","SE"
207,1,359,"RG","SE"
390,1,359,"RG","SE"
440,1,359,"RG","SE"
147,1,359,"RG","SE"
252,2,359,"RG","SE"
363,2,359,"RG","SE"
484,4,359,"RG","SE"
524,2,359,"RG","SE"
61,50,359,"RG","SE"
72,9,359,"RG","SE"
462,1,359,"RG","SE"
439,1,359,"RG","SE"
548,1,359,"RG","SE"
193,2,359,"RG","SE"
313,3,359,"RG","SE"
322,3,359,"RG","SE"
461,1,359,"RG","SE"
310,1,359,"RG","SE"
130,1,359,"RG","SE"
401,1,359,"RG","SE"
38,3,360,"RG","SE"
313,3,360,"RG","SE"
377,2,360,"RG","SE"
65,4,360,"RG","SE"
471,3,360,"RG","SE"
264,1,360,"RG","SE"
494,8,360,"RG","SE"
145,1,360,"RG","SE"
20,7,360,"RG","SE"
476,1,360,"RG","SE"
228,1,360,"RG","SE"
529,5,360,"RG","SE"
187,1,360,"RG","SE"
16,3,360,"RG","SE"
276,3,360,"RG","SE"
143,1,360,"RG","SE"
484,4,360,"RG","SE"
91,5,360,"RG","SE"
348,2,360,"RG","SE"
219,1,360,"RG","SE"
344,1,360,"RG","SE"
390,1,360,"RG","SE"
5,4,360,"RG","SE"
223,1,360,"RG","SE"
142,1,360,"RG","SE"
148,1,360,"RG","SE"
225,1,360,"RG","SE"
397,1,360,"RG","SE"
126,3,360,"RG","SE"
112,4,360,"RG","SE"
470,5,360,"RG","SE"
341,2,361,"RG","SE"
540,8,361,"RG","SE"
418,1,361,"RG","SE"
91,5,361,"RG","SE"
78,21,361,"RG","SE"
80,6,361,"RG","SE"
26,59,361,"RG","SE"
309,1,361,"RG","SE"
72,9,361,"RG","SE"
278,1,361,"RG","SE"
145,1,361,"RG","SE"
318,3,361,"RG","SE"
164,6,361,"RG","SE"
404,1,361,"RG","SE"
301,1,361,"RG","SE"
439,1,361,"RG","SE"
481,2,361,"RG","SE"
349,1,361,"RG","SE"
277,1,361,"RG","SE"
204,2,361,"RG","SE"
539,1,361,"RG","SE"
510,9,361,"RG","SE"
463,1,361,"RG","SE"
122,2,361,"RG","SE"
19,5,361,"RG","SE"
266,1,361,"RG","SE"
502,7,361,"RG","SE"
132,1,361,"RG","SE"
319,1,361,"RG","SE"
111,1,361,"RG","SE"
108,1,361,"RG","SE"
173,2,362,"RG","SE"
394,1,362,"RG","SE"
273,1,362,"RG","SE"
28,50,362,"RG","SE"
32,6,362,"RG","SE"
419,1,362,"RG","SE"
190,1,362,"RG","SE"
11,27,362,"RG","SE"
474,1,362,"RG","SE"
417,1,362,"RG","SE"
160,1,362,"RG","SE"
91,5,362,"RG","SE"
548,1,362,"RG","SE"
488,6,362,"RG","SE"
279,1,362,"RG","SE"
141,2,362,"RG","SE"
86,2,362,"RG","SE"
148,1,362,"RG","SE"
341,2,362,"RG","SE"
175,1,362,"RG","SE"
445,10,362,"RG","SE"
191,1,362,"RG","SE"
244,3,362,"RG","SE"
431,1,362,"RG","SE"
430,1,362,"RG","SE"
42,1,362,"RG","SE"
513,6,362,"RG","SE"
545,1,362,"RG","SE"
438,6,362,"RG","SE"
124,4,362,"RG","SE"
284,1,362,"RG","SE"
32,6,363,"RG","SE"
466,1,363,"RG","SE"
5,4,363,"RG","SE"
528,5,363,"RG","SE"
110,1,363,"RG","SE"
351,1,363,"RG","SE"
534,3,363,"RG","SE"
510,9,363,"RG","SE"
199,1,363,"RG","SE"
258,1,363,"RG","SE"
65,4,363,"RG","SE"
269,1,363,"RG","SE"
319,1,363,"RG","SE"
508,14,363,"RG","SE"
390,1,363,"RG","SE"
72,9,363,"RG","SE"
436,1,363,"RG","SE"
310,1,363,"RG","SE"
122,2,363,"RG","SE"
147,1,363,"RG","SE"
303,6,363,"RG","SE"
357,1,363,"RG","SE"
105,1,363,"RG","SE"
237,1,363,"RG","SE"
463,1,363,"RG","SE"
3,5,363,"RG","SE"
108,1,363,"RG","SE"
186,2,363,"RG","SE"
525,9,363,"RG","SE"
526,2,363,"RG","SE"
248,5,363,"RG","SE"
14,30,364,"RG","SE"
145,1,364,"RG","SE"
425,4,364,"RG","SE"
397,1,364,"RG","SE"
285,3,364,"RG","SE"
426,4,364,"RG","SE"
510,9,364,"RG","SE"
516,4,364,"RG","SE"
130,1,364,"RG","SE"
20,7,364,"RG","SE"
348,2,364,"RG","SE"
514,6,364,"RG","SE"
377,2,364,"RG","SE"
332,1,364,"RG","SE"
21,7,364,"RG","SE"
44,30,364,"RG","SE"
140,1,364,"RG","SE"
365,2,364,"RG","SE"
124,4,364,"RG","SE"
108,1,364,"RG","SE"
191,1,364,"RG","SE"
148,1,364,"RG","SE"
116,1,364,"RG","SE"
509,3,364,"RG","SE"
65,4,364,"RG","SE"
394,1,364,"RG","SE"
42,1,364,"RG","SE"
142,1,364,"RG","SE"
279,1,364,"RG","SE"
305,1,364,"RG","SE"
173,2,364,"RG","SE"
160,1,365,"RG","SE"
477,4,365,"RG","SE"
283,1,365,"RG","SE"
309,1,365,"RG","SE"
296,1,365,"RG","SE"
42,1,365,"RG","SE"
374,2,365,"RG","SE"
318,3,365,"RG","SE"
254,1,365,"RG","SE"
352,2,365,"RG","SE"
471,3,365,"RG","SE"
438,6,365,"RG","SE"
457,2,365,"RG","SE"
494,8,365,"RG","SE"
348,2,365,"RG","SE"
103,1,365,"RG","SE"
80,6,365,"RG","SE"
193,2,365,"RG","SE"
487,4,365,"RG","SE"
78,21,365,"RG","SE"
387,1,365,"RG","SE"
479,6,365,"RG","SE"
330,1,365,"RG","SE"
515,4,365,"RG","SE"
10,1,365,"RG","SE"
237,1,365,"RG","SE"
368,1,365,"RG","SE"
157,1,365,"RG","SE"
138,2,365,"RG","SE"
372,1,365,"RG","SE"
523,4,365,"RG","SE"
10,1,366,"RG","SE"
502,7,366,"RG","SE"
108,1,366,"RG","SE"
439,1,366,"RG","SE"
319,1,366,"RG","SE"
186,2,366,"RG","SE"
86,2,366,"RG","SE"
128,1,366,"RG","SE"
332,1,366,"RG","SE"
202,1,366,"RG","SE"
252,2,366,"RG","SE"
204,2,366,"RG","SE"
141,2,366,"RG","SE"
17,5,366,"RG","SE"
104,2,366,"RG","SE"
445,10,366,"RG","SE"
410,2,366,"RG","SE"
381,3,366,"RG","SE"
322,3,366,"RG","SE"
132,1,366,"RG","SE"
462,1,366,"RG","SE"
304,2,366,"RG","SE"
484,4,366,"RG","SE"
309,1,366,"RG","SE"
33,12,366,"RG","SE"
61,50,366,"RG","SE"
294,3,366,"RG","SE"
504,10,366,"RG","SE"
505,11,366,"RG","SE"
529,5,366,"RG","SE"
80,6,366,"RG","SE"
21,7,367,"RG","SE"
144,1,367,"RG","SE"
160,1,367,"RG","SE"
418,1,367,"RG","SE"
124,4,367,"RG","SE"
328,1,367,"RG","SE"
363,2,367,"RG","SE"
105,1,367,"RG","SE"
494,8,367,"RG","SE"
237,1,367,"RG","SE"
435,2,367,"RG","SE"
91,5,367,"RG","SE"
544,1,367,"RG","SE"
308,2,367,"RG","SE"
83,2,367,"RG","SE"
524,2,367,"RG","SE"
169,1,367,"RG","SE"
437,1,367,"RG","SE"
515,4,367,"RG","SE"
186,2,367,"RG","SE"
540,8,367,"RG","SE"
185,1,367,"RG","SE"
533,5,367,"RG","SE"
508,14,367,"RG","SE"
65,4,367,"RG","SE"
68,5,367,"RG","SE"
89,1,367,"RG","SE"
326,2,367,"RG","SE"
190,1,367,"RG","SE"
175,1,367,"RG","SE"
266,1,367,"RG","SE"
273,1,368,"RG","SE"
514,6,368,"RG","SE"
87,1,368,"RG","SE"
104,2,368,"RG","SE"
349,1,368,"RG","SE"
91,5,368,"RG","SE"
533,5,368,"RG","SE"
284,1,368,"RG","SE"
4,5,368,"RG","SE"
151,1,368,"RG","SE"
457,2,368,"RG","SE"
228,1,368,"RG","SE"
322,3,368,"RG","SE"
243,2,368,"RG","SE"
101,1,368,"RG","SE"
141,2,368,"RG","SE"
312,1,368,"RG","SE"
112,4,368,"RG","SE"
160,1,368,"RG","SE"
237,1,368,"RG","SE"
447,4,368,"RG","SE"
476,1,368,"RG","SE"
119,1,368,"RG","SE"
57,9,368,"RG","SE"
508,14,368,"RG","SE"
304,2,368,"RG","SE"
470,5,368,"RG","SE"
498,25,368,"RG","SE"
28,50,368,"RG","SE"
214,1,368,"RG","SE"
202,1,368,"RG","SE"
13,1,369,"RG","SE"
452,1,369,"RG","SE"
399,1,369,"RG","SE"
501,17,369,"RG","SE"
4,5,369,"RG","SE"
191,1,369,"RG","SE"
124,4,369,"RG","SE"
369,2,369,"RG","SE"
404,1,369,"RG","SE"
258,1,369,"RG","SE"
457,2,369,"RG","SE"
279,1,369,"RG","SE"
390,1,369,"RG","SE"
166,1,369,"RG","SE"
533,5,369,"RG","SE"
528,5,369,"RG","SE"
506,7,369,"RG","SE"
438,6,369,"RG","SE"
228,1,369,"RG","SE"
365,2,369,"RG","SE"
11,27,369,"RG","SE"
345,1,369,"RG","SE"
126,3,369,"RG","SE"
341,2,369,"RG","SE"
487,4,369,"RG","SE"
168,1,369,"RG","SE"
44,30,369,"RG","SE"
508,14,369,"RG","SE"
247,3,369,"RG","SE"
465,1,369,"RG","SE"
203,1,369,"RG","SE"
122,2,370,"RG","SE"
381,3,370,"RG","SE"
479,6,370,"RG","SE"
64,9,370,"RG","SE"
248,5,370,"RG","SE"
279,1,370,"RG","SE"
214,1,370,"RG","SE"
119,1,370,"RG","SE"
153,1,370,"RG","SE"
207,1,370,"RG","SE"
294,3,370,"RG","SE"
22,4,370,"RG","SE"
308,2,370,"RG","SE"
474,1,370,"RG","SE"
28,50,370,"RG","SE"
296,1,370,"RG","SE"
15,2,370,"RG","SE"
83,2,370,"RG","SE"
544,1,370,"RG","SE"
376,3,370,"RG","SE"
493,7,370,"RG","SE"
319,1,370,"RG","SE"
45,1,370,"RG","SE"
284,1,370,"RG","SE"
170,1,370,"RG","SE"
266,1,370,"RG","SE"
330,1,370,"RG","SE"
278,1,370,"RG","SE"
445,10,370,"RG","SE"
539,1,370,"RG","SE"
166,1,370,"RG","SE"
266,1,371,"RG","SE"
366,1,371,"RG","SE"
349,1,371,"RG","SE"
435,2,371,"RG","SE"
116,1,371,"RG","SE"
430,1,371,"RG","SE"
128,1,371,"RG","SE"
105,1,371,"RG","SE"
404,1,371,"RG","SE"
146,1,371,"RG","SE"
470,5,371,"RG","SE"
440,1,371,"RG","SE"
19,5,371,"RG","SE"
186,2,371,"RG","SE"
194,1,371,"RG","SE"
328,1,371,"RG","SE"
506,7,371,"RG","SE"
138,2,371,"RG","SE"
545,1,371,"RG","SE"
481,2,371,"RG","SE"
160,1,371,"RG","SE"
16,3,371,"RG","SE"
202,1,371,"RG","SE"
36,3,371,"RG","SE"
370,1,371,"RG","SE"
377,2,371,"RG","SE"
313,3,371,"RG","SE"
104,2,371,"RG","SE"
130,1,371,"RG","SE"
397,1,371,"RG","SE"
125,1,371,"RG","SE"
538,2,372,"RG","SE"
392,1,372,"RG","SE"
203,1,372,"RG","SE"
183,3,372,"RG","SE"
194,1,372,"RG","SE"
170,1,372,"RG","SE"
397,1,372,"RG","SE"
399,1,372,"RG","SE"
413,1,372,"RG","SE"
302,2,372,"RG","SE"
268,1,372,"RG","SE"
179,12,372,"RG","SE"
401,1,372,"RG","SE"
389,3,372,"RG","SE"
193,2,372,"RG","SE"
185,1,372,"RG","SE"
369,2,372,"RG","SE"
199,1,372,"RG","SE"
243,2,372,"RG","SE"
466,1,372,"RG","SE"
476,1,372,"RG","SE"
470,5,372,"RG","SE"
318,3,372,"RG","SE"
168,1,372,"RG","SE"
57,9,372,"RG","SE"
529,5,372,"RG","SE"
336,1,372,"RG","SE"
505,11,372,"RG","SE"
430,1,372,"RG","SE"
533,5,372,"RG","SE"
32,6,372,"RG","SE"
249,2,373,"RG","SE"
244,3,373,"RG","SE"
547,1,373,"RG","SE"
17,5,373,"RG","SE"
269,1,373,"RG","SE"
141,2,373,"RG","SE"
266,1,373,"RG","SE"
399,1,373,"RG","SE"
125,1,373,"RG","SE"
258,1,373,"RG","SE"
374,2,373,"RG","SE"
242,1,373,"RG","SE"
425,4,373,"RG","SE"
422,4,373,"RG","SE"
378,1,373,"RG","SE"
169,1,373,"RG","SE"
328,1,373,"RG","SE"
49,1,373,"RG","SE"
341,2,373,"RG","SE"
252,2,373,"RG","SE"
535,3,373,"RG","SE"
433,2,373,"RG","SE"
183,3,373,"RG","SE"
318,3,373,"RG","SE"
361,3,373,"RG","SE"
51,2,373,"RG","SE"
101,1,373,"RG","SE"
471,3,373,"RG","SE"
149,1,373,"RG","SE"
387,1,373,"RG","SE"
7,21,373,"RG","SE"
524,2,374,"RG","SE"
142,1,374,"RG","SE"
481,2,374,"RG","SE"
248,5,374,"RG","SE"
4,5,374,"RG","SE"
397,1,374,"RG","SE"
115,1,374,"RG","SE"
394,1,374,"RG","SE"
527,8,374,"RG","SE"
494,8,374,"RG","SE"
489,4,374,"RG","SE"
44,30,374,"RG","SE"
474,1,374,"RG","SE"
175,1,374,"RG","SE"
249,2,374,"RG","SE"
232,4,374,"RG","SE"
433,2,374,"RG","SE"
462,1,374,"RG","SE"
283,1,374,"RG","SE"
357,1,374,"RG","SE"
173,2,374,"RG","SE"
258,1,374,"RG","SE"
132,1,374,"RG","SE"
141,2,374,"RG","SE"
520,2,374,"RG","SE"
517,6,374,"RG","SE"
471,3,374,"RG","SE"
486,5,374,"RG","SE"
149,1,374,"RG","SE"
78,21,374,"RG","SE"
85,15,374,"RG","SE"
132,1,375,"RG","SE"
401,1,375,"RG","SE"
483,5,375,"RG","SE"
57,9,375,"RG","SE"
310,1,375,"RG","SE"
410,2,375,"RG","SE"
477,4,375,"RG","SE"
348,2,375,"RG","SE"
89,1,375,"RG","SE"
77,17,375,"RG","SE"
141,2,375,"RG","SE"
341,2,375,"RG","SE"
529,5,375,"RG","SE"
151,1,375,"RG","SE"
357,1,375,"RG","SE"
22,4,375,"RG","SE"
26,59,375,"RG","SE"
470,5,375,"RG","SE"
248,5,375,"RG","SE"
541,8,375,"RG","SE"
528,5,375,"RG","SE"
404,1,375,"RG","SE"
531,2,375,"RG","SE"
146,1,375,"RG","SE"
526,2,375,"RG","SE"
279,1,375,"RG","SE"
155,1,375,"RG","SE"
14,30,375,"RG","SE"
336,1,375,"RG","SE"
7,21,375,"RG","SE"
214,1,375,"RG","SE"
104,2,376,"RG","SE"
203,1,376,"RG","SE"
509,3,376,"RG","SE"
101,1,376,"RG","SE"
268,1,376,"RG","SE"
313,3,376,"RG","SE"
67,9,376,"RG","SE"
108,1,376,"RG","SE"
462,1,376,"RG","SE"
523,4,376,"RG","SE"
520,2,376,"RG","SE"
155,1,376,"RG","SE"
278,1,376,"RG","SE"
279,1,376,"RG","SE"
318,3,376,"RG","SE"
390,1,376,"RG","SE"
16,3,376,"RG","SE"
175,1,376,"RG","SE"
502,7,376,"RG","SE"
437,1,376,"RG","SE"
401,1,376,"RG","SE"
461,1,376,"RG","SE"
358,16,376,"RG","SE"
7,21,376,"RG","SE"
382,1,376,"RG","SE"
340,1,376,"RG","SE"
484,4,376,"RG","SE"
17,5,376,"RG","SE"
304,2,376,"RG","SE"
439,1,376,"RG","SE"
166,1,376,"RG","SE"
83,2,377,"RG","SE"
438,6,377,"RG","SE"
467,4,377,"RG","SE"
13,1,377,"RG","SE"
439,1,377,"RG","SE"
304,2,377,"RG","SE"
54,39,377,"RG","SE"
146,1,377,"RG","SE"
186,2,377,"RG","SE"
123,4,377,"RG","SE"
21,7,377,"RG","SE"
116,1,377,"RG","SE"
501,17,377,"RG","SE"
445,10,377,"RG","SE"
7,21,377,"RG","SE"
533,5,377,"RG","SE"
170,1,377,"RG","SE"
513,6,377,"RG","SE"
330,1,377,"RG","SE"
466,1,377,"RG","SE"
131,1,377,"RG","SE"
541,8,377,"RG","SE"
68,5,377,"RG","SE"
440,1,377,"RG","SE"
286,1,377,"RG","SE"
367,2,377,"RG","SE"
203,1,377,"RG","SE"
526,2,377,"RG","SE"
431,1,377,"RG","SE"
87,1,377,"RG","SE"
179,12,377,"RG","SE"
33,12,378,"RG","SE"
254,1,378,"RG","SE"
119,1,378,"RG","SE"
377,2,378,"RG","SE"
410,2,378,"RG","SE"
160,1,378,"RG","SE"
313,3,378,"RG","SE"
488,6,378,"RG","SE"
493,7,378,"RG","SE"
489,4,378,"RG","SE"
382,1,378,"RG","SE"
77,17,378,"RG","SE"
242,1,378,"RG","SE"
223,1,378,"RG","SE"
257,1,378,"RG","SE"
361,3,378,"RG","SE"
480,6,378,"RG","SE"
529,5,378,"RG","SE"
78,21,378,"RG","SE"
463,1,378,"RG","SE"
351,1,378,"RG","SE"
194,1,378,"RG","SE"
235,1,378,"RG","SE"
348,2,378,"RG","SE"
456,1,378,"RG","SE"
196,2,378,"RG","SE"
49,1,378,"RG","SE"
369,2,378,"RG","SE"
85,15,378,"RG","SE"
20,7,378,"RG","SE"
16,3,378,"RG","SE"
483,5,379,"RG","SE"
61,50,379,"RG","SE"
312,1,379,"RG","SE"
540,8,379,"RG","SE"
354,2,379,"RG","SE"
20,7,379,"RG","SE"
77,17,379,"RG","SE"
501,17,379,"RG","SE"
286,1,379,"RG","SE"
523,4,379,"RG","SE"
122,2,379,"RG","SE"
382,1,379,"RG","SE"
276,3,379,"RG","SE"
508,14,379,"RG","SE"
17,5,379,"RG","SE"
36,3,379,"RG","SE"
142,1,379,"RG","SE"
480,6,379,"RG","SE"
244,3,379,"RG","SE"
13,1,379,"RG","SE"
22,4,379,"RG","SE"
282,1,379,"RG","SE"
489,4,379,"RG","SE"
278,1,379,"RG","SE"
193,2,379,"RG","SE"
119,1,379,"RG","SE"
506,7,379,"RG","SE"
484,4,379,"RG","SE"
467,4,379,"RG","SE"
173,2,379,"RG","SE"
19,5,379,"RG","SE"
392,1,380,"RG","SE"
494,8,380,"RG","SE"
317,2,380,"RG","SE"
486,5,380,"RG","SE"
232,4,380,"RG","SE"
32,6,380,"RG","SE"
202,1,380,"RG","SE"
193,2,380,"RG","SE"
196,2,380,"RG","SE"
169,1,380,"RG","SE"
85,15,380,"RG","SE"
190,1,380,"RG","SE"
119,1,380,"RG","SE"
304,2,380,"RG","SE"
302,2,380,"RG","SE"
106,1,380,"RG","SE"
519,3,380,"RG","SE"
247,3,380,"RG","SE"
474,1,380,"RG","SE"
526,2,380,"RG","SE"
252,2,380,"RG","SE"
253,1,380,"RG","SE"
541,8,380,"RG","SE"
33,12,380,"RG","SE"
16,3,380,"RG","SE"
501,17,380,"RG","SE"
143,1,380,"RG","SE"
422,4,380,"RG","SE"
187,1,380,"RG","SE"
326,2,380,"RG","SE"
344,1,380,"RG","SE"
317,2,381,"RG","SE"
248,5,381,"RG","SE"
531,2,381,"RG","SE"
390,1,381,"RG","SE"
89,1,381,"RG","SE"
397,1,381,"RG","SE"
392,1,381,"RG","SE"
285,3,381,"RG","SE"
20,7,381,"RG","SE"
506,7,381,"RG","SE"
352,2,381,"RG","SE"
363,2,381,"RG","SE"
87,1,381,"RG","SE"
348,2,381,"RG","SE"
541,8,381,"RG","SE"
322,3,381,"RG","SE"
488,6,381,"RG","SE"
312,1,381,"RG","SE"
534,3,381,"RG","SE"
309,1,381,"RG","SE"
504,10,381,"RG","SE"
106,1,381,"RG","SE"
85,15,381,"RG","SE"
378,1,381,"RG","SE"
490,4,381,"RG","SE"
237,1,381,"RG","SE"
209,1,381,"RG","SE"
399,1,381,"RG","SE"
169,1,381,"RG","SE"
466,1,381,"RG","SE"
171,1,381,"RG","SE"
278,1,382,"RG","SE"
437,1,382,"RG","SE"
547,1,382,"RG","SE"
276,3,382,"RG","SE"
5,4,382,"RG","SE"
138,2,382,"RG","SE"
471,3,382,"RG","SE"
72,9,382,"RG","SE"
531,2,382,"RG","SE"
302,2,382,"RG","SE"
83,2,382,"RG","SE"
259,6,382,"RG","SE"
12,11,382,"RG","SE"
196,2,382,"RG","SE"
351,1,382,"RG","SE"
441,1,382,"RG","SE"
148,1,382,"RG","SE"
345,1,382,"RG","SE"
44,30,382,"RG","SE"
248,5,382,"RG","SE"
219,1,382,"RG","SE"
486,5,382,"RG","SE"
126,3,382,"RG","SE"
509,3,382,"RG","SE"
264,1,382,"RG","SE"
496,22,382,"RG","SE"
209,1,382,"RG","SE"
10,1,382,"RG","SE"
168,1,382,"RG","SE"
123,4,382,"RG","SE"
151,1,382,"RG","SE"
498,25,383,"RG","SE"
237,1,383,"RG","SE"
186,2,383,"RG","SE"
3,5,383,"RG","SE"
336,1,383,"RG","SE"
67,9,383,"RG","SE"
370,1,383,"RG","SE"
341,2,383,"RG","SE"
257,1,383,"RG","SE"
401,1,383,"RG","SE"
202,1,383,"RG","SE"
310,1,383,"RG","SE"
523,4,383,"RG","SE"
529,5,383,"RG","SE"
455,3,383,"RG","SE"
433,2,383,"RG","SE"
526,2,383,"RG","SE"
313,3,383,"RG","SE"
392,1,383,"RG","SE"
194,1,383,"RG","SE"
501,17,383,"RG","SE"
532,5,383,"RG","SE"
394,1,383,"RG","SE"
252,2,383,"RG","SE"
111,1,383,"RG","SE"
129,2,383,"RG","SE"
489,4,383,"RG","SE"
322,3,383,"RG","SE"
27,2,383,"RG","SE"
25,1,383,"RG","SE"
520,2,383,"RG","SE"
470,5,384,"RG","SE"
166,1,384,"RG","SE"
141,2,384,"RG","SE"
83,2,384,"RG","SE"
282,1,384,"RG","SE"
372,1,384,"RG","SE"
318,3,384,"RG","SE"
194,1,384,"RG","SE"
389,3,384,"RG","SE"
72,9,384,"RG","SE"
119,1,384,"RG","SE"
465,1,384,"RG","SE"
104,2,384,"RG","SE"
125,1,384,"RG","SE"
219,1,384,"RG","SE"
204,2,384,"RG","SE"
112,4,384,"RG","SE"
57,9,384,"RG","SE"
366,1,384,"RG","SE"
387,1,384,"RG","SE"
264,1,384,"RG","SE"
452,1,384,"RG","SE"
493,7,384,"RG","SE"
430,1,384,"RG","SE"
304,2,384,"RG","SE"
367,2,384,"RG","SE"
169,1,384,"RG","SE"
417,1,384,"RG","SE"
214,1,384,"RG","SE"
303,6,384,"RG","SE"
89,1,384,"RG","SE"
312,1,385,"RG","SE"
49,1,385,"RG","SE"
431,1,385,"RG","SE"
283,1,385,"RG","SE"
540,8,385,"RG","SE"
17,5,385,"RG","SE"
397,1,385,"RG","SE"
390,1,385,"RG","SE"
250,1,385,"RG","SE"
404,1,385,"RG","SE"
166,1,385,"RG","SE"
51,2,385,"RG","SE"
286,1,385,"RG","SE"
382,1,385,"RG","SE"
106,1,385,"RG","SE"
171,1,385,"RG","SE"
243,2,385,"RG","SE"
461,1,385,"RG","SE"
513,6,385,"RG","SE"
351,1,385,"RG","SE"
343,9,385,"RG","SE"
101,1,385,"RG","SE"
242,1,385,"RG","SE"
115,1,385,"RG","SE"
430,1,385,"RG","SE"
417,1,385,"RG","SE"
489,4,385,"RG","SE"
496,22,385,"RG","SE"
534,3,385,"RG","SE"
130,1,385,"RG","SE"
61,50,385,"RG","SE"
418,1,386,"RG","SE"
112,4,386,"RG","SE"
313,3,386,"RG","SE"
10,1,386,"RG","SE"
363,2,386,"RG","SE"
131,1,386,"RG","SE"
122,2,386,"RG","SE"
32,6,386,"RG","SE"
413,1,386,"RG","SE"
514,6,386,"RG","SE"
222,2,386,"RG","SE"
348,2,386,"RG","SE"
500,22,386,"RG","SE"
425,4,386,"RG","SE"
395,1,386,"RG","SE"
431,1,386,"RG","SE"
430,1,386,"RG","SE"
269,1,386,"RG","SE"
125,1,386,"RG","SE"
153,1,386,"RG","SE"
65,4,386,"RG","SE"
186,2,386,"RG","SE"
124,4,386,"RG","SE"
38,3,386,"RG","SE"
276,3,386,"RG","SE"
345,1,386,"RG","SE"
535,3,386,"RG","SE"
374,2,386,"RG","SE"
49,1,386,"RG","SE"
140,1,386,"RG","SE"
528,5,386,"RG","SE"
22,4,387,"RG","SE"
278,1,387,"RG","SE"
372,1,387,"RG","SE"
401,1,387,"RG","SE"
130,1,387,"RG","SE"
482,5,387,"RG","SE"
294,3,387,"RG","SE"
369,2,387,"RG","SE"
83,2,387,"RG","SE"
264,1,387,"RG","SE"
157,1,387,"RG","SE"
198,2,387,"RG","SE"
132,1,387,"RG","SE"
538,2,387,"RG","SE"
129,2,387,"RG","SE"
457,2,387,"RG","SE"
484,4,387,"RG","SE"
142,1,387,"RG","SE"
382,1,387,"RG","SE"
461,1,387,"RG","SE"
430,1,387,"RG","SE"
526,2,387,"RG","SE"
467,4,387,"RG","SE"
514,6,387,"RG","SE"
86,2,387,"RG","SE"
146,1,387,"RG","SE"
319,1,387,"RG","SE"
68,5,387,"RG","SE"
456,1,387,"RG","SE"
380,2,387,"RG","SE"
479,6,387,"RG","SE"
158,3,388,"RG","SE"
266,1,388,"RG","SE"
486,5,388,"RG","SE"
286,1,388,"RG","SE"
438,6,388,"RG","SE"
225,1,388,"RG","SE"
365,2,388,"RG","SE"
304,2,388,"RG","SE"
13,1,388,"RG","SE"
532,5,388,"RG","SE"
20,7,388,"RG","SE"
276,3,388,"RG","SE"
202,1,388,"RG","SE"
17,5,388,"RG","SE"
132,1,388,"RG","SE"
214,1,388,"RG","SE"
44,30,388,"RG","SE"
27,2,388,"RG","SE"
259,6,388,"RG","SE"
191,1,388,"RG","SE"
157,1,388,"RG","SE"
466,1,388,"RG","SE"
328,1,388,"RG","SE"
268,1,388,"RG","SE"
160,1,388,"RG","SE"
516,4,388,"RG","SE"
513,6,388,"RG","SE"
422,4,388,"RG","SE"
517,6,388,"RG","SE"
253,1,388,"RG","SE"
147,1,388,"RG","SE"
369,2,389,"RG","SE"
276,3,389,"RG","SE"
123,4,389,"RG","SE"
22,4,389,"RG","SE"
365,2,389,"RG","SE"
534,3,389,"RG","SE"
370,1,389,"RG","SE"
330,1,389,"RG","SE"
141,2,389,"RG","SE"
199,1,389,"RG","SE"
525,9,389,"RG","SE"
430,1,389,"RG","SE"
319,1,389,"RG","SE"
243,2,389,"RG","SE"
301,1,389,"RG","SE"
223,1,389,"RG","SE"
209,1,389,"RG","SE"
489,4,389,"RG","SE"
13,1,389,"RG","SE"
417,1,389,"RG","SE"
517,6,389,"RG","SE"
431,1,389,"RG","SE"
138,2,389,"RG","SE"
332,1,389,"RG","SE"
381,3,389,"RG","SE"
547,1,389,"RG","SE"
179,12,389,"RG","SE"
126,3,389,"RG","SE"
415,1,389,"RG","SE"
232,4,389,"RG","SE"
85,15,389,"RG","SE"
202,1,390,"RG","SE"
11,27,390,"RG","SE"
20,7,390,"RG","SE"
45,1,390,"RG","SE"
257,1,390,"RG","SE"
141,2,390,"RG","SE"
435,2,390,"RG","SE"
304,2,390,"RG","SE"
19,5,390,"RG","SE"
462,1,390,"RG","SE"
466,1,390,"RG","SE"
525,9,390,"RG","SE"
284,1,390,"RG","SE"
276,3,390,"RG","SE"
340,1,390,"RG","SE"
33,12,390,"RG","SE"
545,1,390,"RG","SE"
312,1,390,"RG","SE"
168,1,390,"RG","SE"
128,1,390,"RG","SE"
147,1,390,"RG","SE"
36,3,390,"RG","SE"
286,1,390,"RG","SE"
44,30,390,"RG","SE"
126,3,390,"RG","SE"
87,1,390,"RG","SE"
490,4,390,"RG","SE"
487,4,390,"RG","SE"
481,2,390,"RG","SE"
157,1,390,"RG","SE"
366,1,390,"RG","SE"
102,1,391,"RG","SE"
545,1,391,"RG","SE"
77,17,391,"RG","SE"
179,12,391,"RG","SE"
525,9,391,"RG","SE"
244,3,391,"RG","SE"
44,30,391,"RG","SE"
328,1,391,"RG","SE"
509,3,391,"RG","SE"
261,3,391,"RG","SE"
357,1,391,"RG","SE"
27,2,391,"RG","SE"
519,3,391,"RG","SE"
245,1,391,"RG","SE"
513,6,391,"RG","SE"
122,2,391,"RG","SE"
254,1,391,"RG","SE"
526,2,391,"RG","SE"
45,1,391,"RG","SE"
382,1,391,"RG","SE"
483,5,391,"RG","SE"
103,1,391,"RG","SE"
277,1,391,"RG","SE"
12,11,391,"RG","SE"
528,5,391,"RG","SE"
273,1,391,"RG","SE"
49,1,391,"RG","SE"
392,1,391,"RG","SE"
151,1,391,"RG","SE"
276,3,391,"RG","SE"
469,5,391,"RG","SE"
194,1,392,"RG","SE"
169,1,392,"RG","SE"
516,4,392,"RG","SE"
264,1,392,"RG","SE"
27,2,392,"RG","SE"
357,1,392,"RG","SE"
164,6,392,"RG","SE"
25,1,392,"RG","SE"
105,1,392,"RG","SE"
374,2,392,"RG","SE"
77,17,392,"RG","SE"
477,4,392,"RG","SE"
361,3,392,"RG","SE"
144,1,392,"RG","SE"
328,1,392,"RG","SE"
155,1,392,"RG","SE"
322,3,392,"RG","SE"
237,1,392,"RG","SE"
524,2,392,"RG","SE"
126,3,392,"RG","SE"
199,1,392,"RG","SE"
16,3,392,"RG","SE"
365,2,392,"RG","SE"
129,2,392,"RG","SE"
14,30,392,"RG","SE"
500,22,392,"RG","SE"
190,1,392,"RG","SE"
484,4,392,"RG","SE"
112,4,392,"RG","SE"
291,1,392,"RG","SE"
312,1,392,"RG","SE"
248,5,393,"RG","SE"
296,1,393,"RG","SE"
340,1,393,"RG","SE"
372,1,393,"RG","SE"
310,1,393,"RG","SE"
64,9,393,"RG","SE"
61,50,393,"RG","SE"
42,1,393,"RG","SE"
404,1,393,"RG","SE"
245,1,393,"RG","SE"
140,1,393,"RG","SE"
309,1,393,"RG","SE"
219,1,393,"RG","SE"
545,1,393,"RG","SE"
494,8,393,"RG","SE"
418,1,393,"RG","SE"
103,1,393,"RG","SE"
534,3,393,"RG","SE"
425,4,393,"RG","SE"
110,1,393,"RG","SE"
49,1,393,"RG","SE"
490,4,393,"RG","SE"
273,1,393,"RG","SE"
394,1,393,"RG","SE"
282,1,393,"RG","SE"
15,2,393,"RG","SE"
487,4,393,"RG","SE"
433,2,393,"RG","SE"
185,1,393,"RG","SE"
447,4,393,"RG","SE"
45,1,393,"RG","SE"
394,1,394,"RG","SE"
168,1,394,"RG","SE"
447,4,394,"RG","SE"
539,1,394,"RG","SE"
67,9,394,"RG","SE"
376,3,394,"RG","SE"
219,1,394,"RG","SE"
303,6,394,"RG","SE"
480,6,394,"RG","SE"
418,1,394,"RG","SE"
496,22,394,"RG","SE"
166,1,394,"RG","SE"
354,2,394,"RG","SE"
372,1,394,"RG","SE"
4,5,394,"RG","SE"
13,1,394,"RG","SE"
164,6,394,"RG","SE"
255,1,394,"RG","SE"
349,1,394,"RG","SE"
119,1,394,"RG","SE"
378,1,394,"RG","SE"
143,1,394,"RG","SE"
425,4,394,"RG","SE"
474,1,394,"RG","SE"
145,1,394,"RG","SE"
207,1,394,"RG","SE"
54,39,394,"RG","SE"
225,1,394,"RG","SE"
17,5,394,"RG","SE"
190,1,394,"RG","SE"
426,4,394,"RG","SE"
38,3,395,"RG","SE"
15,2,395,"RG","SE"
397,1,395,"RG","SE"
539,1,395,"RG","SE"
89,1,395,"RG","SE"
3,5,395,"RG","SE"
486,5,395,"RG","SE"
187,1,395,"RG","SE"
119,1,395,"RG","SE"
445,10,395,"RG","SE"
456,1,395,"RG","SE"
214,1,395,"RG","SE"
318,3,395,"RG","SE"
168,1,395,"RG","SE"
463,1,395,"RG","SE"
433,2,395,"RG","SE"
354,2,395,"RG","SE"
529,5,395,"RG","SE"
465,1,395,"RG","SE"
278,1,395,"RG","SE"
374,2,395,"RG","SE"
175,1,395,"RG","SE"
131,1,395,"RG","SE"
523,4,395,"RG","SE"
547,1,395,"RG","SE"
431,1,395,"RG","SE"
103,1,395,"RG","SE"
194,1,395,"RG","SE"
86,2,395,"RG","SE"
209,1,395,"RG","SE"
332,1,395,"RG","SE"
351,1,396,"RG","SE"
455,3,396,"RG","SE"
513,6,396,"RG","SE"
106,1,396,"RG","SE"
110,1,396,"RG","SE"
330,1,396,"RG","SE"
426,4,396,"RG","SE"
91,5,396,"RG","SE"
515,4,396,"RG","SE"
482,5,396,"RG","SE"
76,4,396,"RG","SE"
404,1,396,"RG","SE"
247,3,396,"RG","SE"
38,3,396,"RG","SE"
259,6,396,"RG","SE"
380,2,396,"RG","SE"
166,1,396,"RG","SE"
389,3,396,"RG","SE"
510,9,396,"RG","SE"
138,2,396,"RG","SE"
486,5,396,"RG","SE"
504,10,396,"RG","SE"
370,1,396,"RG","SE"
78,21,396,"RG","SE"
516,4,396,"RG","SE"
310,1,396,"RG","SE"
222,2,396,"RG","SE"
108,1,396,"RG","SE"
253,1,396,"RG","SE"
376,3,396,"RG","SE"
151,1,396,"RG","SE"
363,2,397,"RG","SE"
64,9,397,"RG","SE"
237,1,397,"RG","SE"
250,1,397,"RG","SE"
447,4,397,"RG","SE"
349,1,397,"RG","SE"
19,5,397,"RG","SE"
378,1,397,"RG","SE"
547,1,397,"RG","SE"
344,1,397,"RG","SE"
232,4,397,"RG","SE"
462,1,397,"RG","SE"
357,1,397,"RG","SE"
186,2,397,"RG","SE"
534,3,397,"RG","SE"
282,1,397,"RG","SE"
438,6,397,"RG","SE"
389,3,397,"RG","SE"
425,4,397,"RG","SE"
366,1,397,"RG","SE"
436,1,397,"RG","SE"
116,1,397,"RG","SE"
276,3,397,"RG","SE"
301,1,397,"RG","SE"
540,8,397,"RG","SE"
13,1,397,"RG","SE"
198,2,397,"RG","SE"
179,12,397,"RG","SE"
336,1,397,"RG","SE"
488,6,397,"RG","SE"
44,30,397,"RG","SE"
16,3,398,"RG","SE"
344,1,398,"RG","SE"
42,1,398,"RG","SE"
455,3,398,"RG","SE"
458,1,398,"RG","SE"
248,5,398,"RG","SE"
313,3,398,"RG","SE"
319,1,398,"RG","SE"
32,6,398,"RG","SE"
80,6,398,"RG","SE"
415,1,398,"RG","SE"
527,8,398,"RG","SE"
462,1,398,"RG","SE"
193,2,398,"RG","SE"
397,1,398,"RG","SE"
456,1,398,"RG","SE"
404,1,398,"RG","SE"
27,2,398,"RG","SE"
382,1,398,"RG","SE"
26,59,398,"RG","SE"
19,5,398,"RG","SE"
173,2,398,"RG","SE"
519,3,398,"RG","SE"
255,1,398,"RG","SE"
141,2,398,"RG","SE"
447,4,398,"RG","SE"
128,1,398,"RG","SE"
285,3,398,"RG","SE"
199,1,398,"RG","SE"
38,3,398,"RG","SE"
305,1,398,"RG","SE"
102,1,399,"RG","SE"
223,1,399,"RG","SE"
38,3,399,"RG","SE"
539,1,399,"RG","SE"
15,2,399,"RG","SE"
17,5,399,"RG","SE"
369,2,399,"RG","SE"
146,1,399,"RG","SE"
509,3,399,"RG","SE"
115,1,399,"RG","SE"
72,9,399,"RG","SE"
378,1,399,"RG","SE"
282,1,399,"RG","SE"
273,1,399,"RG","SE"
517,6,399,"RG","SE"
404,1,399,"RG","SE"
225,1,399,"RG","SE"
204,2,399,"RG","SE"
525,9,399,"RG","SE"
532,5,399,"RG","SE"
26,59,399,"RG","SE"
504,10,399,"RG","SE"
437,1,399,"RG","SE"
106,1,399,"RG","SE"
352,2,399,"RG","SE"
285,3,399,"RG","SE"
33,12,399,"RG","SE"
250,1,399,"RG","SE"
368,1,399,"RG","SE"
145,1,399,"RG","SE"
336,1,399,"RG","SE"
370,1,400,"RG","SE"
304,2,400,"RG","SE"
525,9,400,"RG","SE"
57,9,400,"RG","SE"
119,1,400,"RG","SE"
520,2,400,"RG","SE"
168,1,400,"RG","SE"
377,2,400,"RG","SE"
204,2,400,"RG","SE"
222,2,400,"RG","SE"
348,2,400,"RG","SE"
345,1,400,"RG","SE"
366,1,400,"RG","SE"
91,5,400,"RG","SE"
36,3,400,"RG","SE"
61,50,400,"RG","SE"
369,2,400,"RG","SE"
129,2,400,"RG","SE"
425,4,400,"RG","SE"
268,1,400,"RG","SE"
457,2,400,"RG","SE"
110,1,400,"RG","SE"
509,3,400,"RG","SE"
17,5,400,"RG","SE"
529,5,400,"RG","SE"
143,1,400,"RG","SE"
103,1,400,"RG","SE"
104,2,400,"RG","SE"
11,27,400,"RG","SE"
15,2,400,"RG","SE"
140,1,400,"RG","SE"
476,1,401,"RG","SE"
199,1,401,"RG","SE"
103,1,401,"RG","SE"
452,1,401,"RG","SE"
447,4,401,"RG","SE"
531,2,401,"RG","SE"
175,1,401,"RG","SE"
308,2,401,"RG","SE"
304,2,401,"RG","SE"
291,1,401,"RG","SE"
527,8,401,"RG","SE"
410,2,401,"RG","SE"
194,1,401,"RG","SE"
488,6,401,"RG","SE"
266,1,401,"RG","SE"
395,1,401,"RG","SE"
309,1,401,"RG","SE"
326,2,401,"RG","SE"
486,5,401,"RG","SE"
119,1,401,"RG","SE"
112,4,401,"RG","SE"
25,1,401,"RG","SE"
166,1,401,"RG","SE"
259,6,401,"RG","SE"
344,1,401,"RG","SE"
547,1,401,"RG","SE"
401,1,401,"RG","SE"
4,5,401,"RG","SE"
85,15,401,"RG","SE"
235,1,401,"RG","SE"
322,3,401,"RG","SE"
85,15,402,"RG","SE"
341,2,402,"RG","SE"
268,1,402,"RG","SE"
382,1,402,"RG","SE"
343,9,402,"RG","SE"
51,2,402,"RG","SE"
123,4,402,"RG","SE"
533,5,402,"RG","SE"
517,6,402,"RG","SE"
417,1,402,"RG","SE"
436,1,402,"RG","SE"
222,2,402,"RG","SE"
415,1,402,"RG","SE"
249,2,402,"RG","SE"
141,2,402,"RG","SE"
104,2,402,"RG","SE"
500,22,402,"RG","SE"
198,2,402,"RG","SE"
465,1,402,"RG","SE"
42,1,402,"RG","SE"
204,2,402,"RG","SE"
126,3,402,"RG","SE"
455,3,402,"RG","SE"
445,10,402,"RG","SE"
124,4,402,"RG","SE"
348,2,402,"RG","SE"
477,4,402,"RG","SE"
344,1,402,"RG","SE"
302,2,402,"RG","SE"
235,1,402,"RG","SE"
33,12,402,"RG","SE"
19,5,403,"RG","SE"
202,1,403,"RG","SE"
85,15,403,"RG","SE"
219,1,403,"RG","SE"
126,3,403,"RG","SE"
45,1,403,"RG","SE"
531,2,403,"RG","SE"
476,1,403,"RG","SE"
463,1,403,"RG","SE"
51,2,403,"RG","SE"
477,4,403,"RG","SE"
175,1,403,"RG","SE"
225,1,403,"RG","SE"
17,5,403,"RG","SE"
38,3,403,"RG","SE"
330,1,403,"RG","SE"
235,1,403,"RG","SE"
305,1,403,"RG","SE"
312,1,403,"RG","SE"
5,4,403,"RG","SE"
344,1,403,"RG","SE"
147,1,403,"RG","SE"
374,2,403,"RG","SE"
77,17,403,"RG","SE"
322,3,403,"RG","SE"
469,5,403,"RG","SE"
153,1,403,"RG","SE"
190,1,403,"RG","SE"
250,1,403,"RG","SE"
286,1,403,"RG","SE"
214,1,403,"RG","SE"
419,1,404,"RG","SE"
545,1,404,"RG","SE"
21,7,404,"RG","SE"
302,2,404,"RG","SE"
376,3,404,"RG","SE"
399,1,404,"RG","SE"
482,5,404,"RG","SE"
86,2,404,"RG","SE"
171,1,404,"RG","SE"
25,1,404,"RG","SE"
261,3,404,"RG","SE"
413,1,404,"RG","SE"
17,5,404,"RG","SE"
370,1,404,"RG","SE"
357,1,404,"RG","SE"
547,1,404,"RG","SE"
349,1,404,"RG","SE"
249,2,404,"RG","SE"
523,4,404,"RG","SE"
140,1,404,"RG","SE"
457,2,404,"RG","SE"
301,1,404,"RG","SE"
392,1,404,"RG","SE"
232,4,404,"RG","SE"
129,2,404,"RG","SE"
410,2,404,"RG","SE"
369,2,404,"RG","SE"
191,1,404,"RG","SE"
179,12,404,"RG","SE"
469,5,404,"RG","SE"
285,3,404,"RG","SE"
447,4,405,"RG","SE"
486,5,405,"RG","SE"
508,14,405,"RG","SE"
437,1,405,"RG","SE"
244,3,405,"RG","SE"
65,4,405,"RG","SE"
85,15,405,"RG","SE"
17,5,405,"RG","SE"
376,3,405,"RG","SE"
175,1,405,"RG","SE"
392,1,405,"RG","SE"
33,12,405,"RG","SE"
436,1,405,"RG","SE"
186,2,405,"RG","SE"
194,1,405,"RG","SE"
4,5,405,"RG","SE"
544,1,405,"RG","SE"
540,8,405,"RG","SE"
340,1,405,"RG","SE"
370,1,405,"RG","SE"
199,1,405,"RG","SE"
112,4,405,"RG","SE"
54,39,405,"RG","SE"
389,3,405,"RG","SE"
247,3,405,"RG","SE"
538,2,405,"RG","SE"
452,1,405,"RG","SE"
529,5,405,"RG","SE"
365,2,405,"RG","SE"
498,25,405,"RG","SE"
463,1,405,"RG","SE"
340,1,406,"RG","SE"
330,1,406,"RG","SE"
168,1,406,"RG","SE"
481,2,406,"RG","SE"
354,2,406,"RG","SE"
258,1,406,"RG","SE"
493,7,406,"RG","SE"
14,30,406,"RG","SE"
417,1,406,"RG","SE"
317,2,406,"RG","SE"
466,1,406,"RG","SE"
254,1,406,"RG","SE"
471,3,406,"RG","SE"
312,1,406,"RG","SE"
376,3,406,"RG","SE"
372,1,406,"RG","SE"
399,1,406,"RG","SE"
285,3,406,"RG","SE"
44,30,406,"RG","SE"
535,3,406,"RG","SE"
78,21,406,"RG","SE"
202,1,406,"RG","SE"
171,1,406,"RG","SE"
484,4,406,"RG","SE"
22,4,406,"RG","SE"
141,2,406,"RG","SE"
318,3,406,"RG","SE"
11,27,406,"RG","SE"
102,1,406,"RG","SE"
508,14,406,"RG","SE"
457,2,406,"RG","SE"
426,4,407,"RG","SE"
381,3,407,"RG","SE"
61,50,407,"RG","SE"
505,11,407,"RG","SE"
68,5,407,"RG","SE"
248,5,407,"RG","SE"
525,9,407,"RG","SE"
25,1,407,"RG","SE"
332,1,407,"RG","SE"
445,10,407,"RG","SE"
145,1,407,"RG","SE"
264,1,407,"RG","SE"
21,7,407,"RG","SE"
326,2,407,"RG","SE"
422,4,407,"RG","SE"
119,1,407,"RG","SE"
304,2,407,"RG","SE"
322,3,407,"RG","SE"
452,1,407,"RG","SE"
15,2,407,"RG","SE"
258,1,407,"RG","SE"
140,1,407,"RG","SE"
340,1,407,"RG","SE"
77,17,407,"RG","SE"
477,4,407,"RG","SE"
547,1,407,"RG","SE"
207,1,407,"RG","SE"
141,2,407,"RG","SE"
509,3,407,"RG","SE"
155,1,407,"RG","SE"
467,4,407,"RG","SE"
317,2,408,"RG","SE"
276,3,408,"RG","SE"
318,3,408,"RG","SE"
354,2,408,"RG","SE"
466,1,408,"RG","SE"
32,6,408,"RG","SE"
540,8,408,"RG","SE"
103,1,408,"RG","SE"
242,1,408,"RG","SE"
26,59,408,"RG","SE"
394,1,408,"RG","SE"
413,1,408,"RG","SE"
130,1,408,"RG","SE"
425,4,408,"RG","SE"
253,1,408,"RG","SE"
529,5,408,"RG","SE"
254,1,408,"RG","SE"
363,2,408,"RG","SE"
166,1,408,"RG","SE"
279,1,408,"RG","SE"
123,4,408,"RG","SE"
157,1,408,"RG","SE"
390,1,408,"RG","SE"
20,7,408,"RG","SE"
264,1,408,"RG","SE"
482,5,408,"RG","SE"
125,1,408,"RG","SE"
304,2,408,"RG","SE"
102,1,408,"RG","SE"
313,3,408,"RG","SE"
11,27,408,"RG","SE"
28,50,409,"RG","SE"
72,9,409,"RG","SE"
116,1,409,"RG","SE"
302,2,409,"RG","SE"
494,8,409,"RG","SE"
504,10,409,"RG","SE"
399,1,409,"RG","SE"
387,1,409,"RG","SE"
5,4,409,"RG","SE"
11,27,409,"RG","SE"
533,5,409,"RG","SE"
438,6,409,"RG","SE"
505,11,409,"RG","SE"
115,1,409,"RG","SE"
481,2,409,"RG","SE"
308,2,409,"RG","SE"
21,7,409,"RG","SE"
138,2,409,"RG","SE"
57,9,409,"RG","SE"
535,3,409,"RG","SE"
358,16,409,"RG","SE"
225,1,409,"RG","SE"
273,1,409,"RG","SE"
425,4,409,"RG","SE"
10,1,409,"RG","SE"
525,9,409,"RG","SE"
365,2,409,"RG","SE"
4,5,409,"RG","SE"
44,30,409,"RG","SE"
296,1,409,"RG","SE"
392,1,409,"RG","SE"
389,3,410,"RG","SE"
77,17,410,"RG","SE"
27,2,410,"RG","SE"
130,1,410,"RG","SE"
44,30,410,"RG","SE"
203,1,410,"RG","SE"
310,1,410,"RG","SE"
452,1,410,"RG","SE"
51,2,410,"RG","SE"
250,1,410,"RG","SE"
166,1,410,"RG","SE"
438,6,410,"RG","SE"
538,2,410,"RG","SE"
65,4,410,"RG","SE"
390,1,410,"RG","SE"
207,1,410,"RG","SE"
358,16,410,"RG","SE"
369,2,410,"RG","SE"
463,1,410,"RG","SE"
436,1,410,"RG","SE"
171,1,410,"RG","SE"
397,1,410,"RG","SE"
4,5,410,"RG","SE"
235,1,410,"RG","SE"
143,1,410,"RG","SE"
261,3,410,"RG","SE"
202,1,410,"RG","SE"
125,1,410,"RG","SE"
11,27,410,"RG","SE"
523,4,410,"RG","SE"
493,7,410,"RG","SE"
194,1,411,"RG","SE"
77,17,411,"RG","SE"
508,14,411,"RG","SE"
259,6,411,"RG","SE"
284,1,411,"RG","SE"
64,9,411,"RG","SE"
312,1,411,"RG","SE"
493,7,411,"RG","SE"
72,9,411,"RG","SE"
361,3,411,"RG","SE"
397,1,411,"RG","SE"
336,1,411,"RG","SE"
146,1,411,"RG","SE"
244,3,411,"RG","SE"
447,4,411,"RG","SE"
438,6,411,"RG","SE"
513,6,411,"RG","SE"
305,1,411,"RG","SE"
328,1,411,"RG","SE"
115,1,411,"RG","SE"
250,1,411,"RG","SE"
32,6,411,"RG","SE"
85,15,411,"RG","SE"
185,1,411,"RG","SE"
389,3,411,"RG","SE"
498,25,411,"RG","SE"
368,1,411,"RG","SE"
369,2,411,"RG","SE"
466,1,411,"RG","SE"
291,1,411,"RG","SE"
496,22,411,"RG","SE"
160,1,412,"RG","SE"
203,1,412,"RG","SE"
515,4,412,"RG","SE"
417,1,412,"RG","SE"
255,1,412,"RG","SE"
249,2,412,"RG","SE"
209,1,412,"RG","SE"
80,6,412,"RG","SE"
285,3,412,"RG","SE"
532,5,412,"RG","SE"
61,50,412,"RG","SE"
32,6,412,"RG","SE"
422,4,412,"RG","SE"
418,1,412,"RG","SE"
484,4,412,"RG","SE"
382,1,412,"RG","SE"
463,1,412,"RG","SE"
447,4,412,"RG","SE"
147,1,412,"RG","SE"
123,4,412,"RG","SE"
258,1,412,"RG","SE"
14,30,412,"RG","SE"
395,1,412,"RG","SE"
45,1,412,"RG","SE"
141,2,412,"RG","SE"
77,17,412,"RG","SE"
199,1,412,"RG","SE"
481,2,412,"RG","SE"
538,2,412,"RG","SE"
493,7,412,"RG","SE"
531,2,412,"RG","SE"
140,1,413,"RG","SE"
467,4,413,"RG","SE"
278,1,413,"RG","SE"
17,5,413,"RG","SE"
36,3,413,"RG","SE"
435,2,413,"RG","SE"
115,1,413,"RG","SE"
11,27,413,"RG","SE"
22,4,413,"RG","SE"
358,16,413,"RG","SE"
498,25,413,"RG","SE"
308,2,413,"RG","SE"
253,1,413,"RG","SE"
341,2,413,"RG","SE"
509,3,413,"RG","SE"
57,9,413,"RG","SE"
126,3,413,"RG","SE"
130,1,413,"RG","SE"
264,1,413,"RG","SE"
488,6,413,"RG","SE"
111,1,413,"RG","SE"
138,2,413,"RG","SE"
349,1,413,"RG","SE"
496,22,413,"RG","SE"
457,2,413,"RG","SE"
151,1,413,"RG","SE"
380,2,413,"RG","SE"
476,1,413,"RG","SE"
42,1,413,"RG","SE"
250,1,413,"RG","SE"
318,3,413,"RG","SE"
435,2,414,"RG","SE"
343,9,414,"RG","SE"
479,6,414,"RG","SE"
430,1,414,"RG","SE"
376,3,414,"RG","SE"
535,3,414,"RG","SE"
87,1,414,"RG","SE"
326,2,414,"RG","SE"
483,5,414,"RG","SE"
462,1,414,"RG","SE"
456,1,414,"RG","SE"
155,1,414,"RG","SE"
301,1,414,"RG","SE"
164,6,414,"RG","SE"
104,2,414,"RG","SE"
151,1,414,"RG","SE"
126,3,414,"RG","SE"
7,21,414,"RG","SE"
22,4,414,"RG","SE"
266,1,414,"RG","SE"
283,1,414,"RG","SE"
142,1,414,"RG","SE"
494,8,414,"RG","SE"
413,1,414,"RG","SE"
17,5,414,"RG","SE"
516,4,414,"RG","SE"
228,1,414,"RG","SE"
123,4,414,"RG","SE"
390,1,414,"RG","SE"
380,2,414,"RG","SE"
26,59,414,"RG","SE"
259,6,415,"RG","SE"
276,3,415,"RG","SE"
131,1,415,"RG","SE"
273,1,415,"RG","SE"
207,1,415,"RG","SE"
539,1,415,"RG","SE"
312,1,415,"RG","SE"
36,3,415,"RG","SE"
326,2,415,"RG","SE"
67,9,415,"RG","SE"
277,1,415,"RG","SE"
465,1,415,"RG","SE"
123,4,415,"RG","SE"
513,6,415,"RG","SE"
247,3,415,"RG","SE"
413,1,415,"RG","SE"
87,1,415,"RG","SE"
44,30,415,"RG","SE"
160,1,415,"RG","SE"
279,1,415,"RG","SE"
130,1,415,"RG","SE"
426,4,415,"RG","SE"
225,1,415,"RG","SE"
523,4,415,"RG","SE"
173,2,415,"RG","SE"
501,17,415,"RG","SE"
142,1,415,"RG","SE"
108,1,415,"RG","SE"
128,1,415,"RG","SE"
296,1,415,"RG","SE"
27,2,415,"RG","SE"
326,2,416,"RG","SE"
343,9,416,"RG","SE"
469,5,416,"RG","SE"
528,5,416,"RG","SE"
14,30,416,"RG","SE"
277,1,416,"RG","SE"
471,3,416,"RG","SE"
490,4,416,"RG","SE"
493,7,416,"RG","SE"
179,12,416,"RG","SE"
502,7,416,"RG","SE"
132,1,416,"RG","SE"
273,1,416,"RG","SE"
146,1,416,"RG","SE"
86,2,416,"RG","SE"
463,1,416,"RG","SE"
301,1,416,"RG","SE"
15,2,416,"RG","SE"
465,1,416,"RG","SE"
394,1,416,"RG","SE"
10,1,416,"RG","SE"
539,1,416,"RG","SE"
466,1,416,"RG","SE"
248,5,416,"RG","SE"
128,1,416,"RG","SE"
514,6,416,"RG","SE"
175,1,416,"RG","SE"
291,1,416,"RG","SE"
25,1,416,"RG","SE"
198,2,416,"RG","SE"
5,4,416,"RG","SE"
541,8,417,"RG","SE"
259,6,417,"RG","SE"
312,1,417,"RG","SE"
447,4,417,"RG","SE"
377,2,417,"RG","SE"
89,1,417,"RG","SE"
358,16,417,"RG","SE"
519,3,417,"RG","SE"
471,3,417,"RG","SE"
64,9,417,"RG","SE"
203,1,417,"RG","SE"
369,2,417,"RG","SE"
352,2,417,"RG","SE"
457,2,417,"RG","SE"
387,1,417,"RG","SE"
488,6,417,"RG","SE"
425,4,417,"RG","SE"
348,2,417,"RG","SE"
157,1,417,"RG","SE"
232,4,417,"RG","SE"
477,4,417,"RG","SE"
461,1,417,"RG","SE"
514,6,417,"RG","SE"
516,4,417,"RG","SE"
368,1,417,"RG","SE"
509,3,417,"RG","SE"
3,5,417,"RG","SE"
20,7,417,"RG","SE"
482,5,417,"RG","SE"
535,3,417,"RG","SE"
389,3,417,"RG","SE"
143,1,418,"RG","SE"
269,1,418,"RG","SE"
185,1,418,"RG","SE"
242,1,418,"RG","SE"
312,1,418,"RG","SE"
245,1,418,"RG","SE"
38,3,418,"RG","SE"
531,2,418,"RG","SE"
122,2,418,"RG","SE"
86,2,418,"RG","SE"
131,1,418,"RG","SE"
447,4,418,"RG","SE"
441,1,418,"RG","SE"
467,4,418,"RG","SE"
4,5,418,"RG","SE"
128,1,418,"RG","SE"
519,3,418,"RG","SE"
489,4,418,"RG","SE"
7,21,418,"RG","SE"
214,1,418,"RG","SE"
317,2,418,"RG","SE"
106,1,418,"RG","SE"
318,3,418,"RG","SE"
237,1,418,"RG","SE"
196,2,418,"RG","SE"
490,4,418,"RG","SE"
486,5,418,"RG","SE"
344,1,418,"RG","SE"
111,1,418,"RG","SE"
27,2,418,"RG","SE"
80,6,418,"RG","SE"
45,1,419,"RG","SE"
126,3,419,"RG","SE"
368,1,419,"RG","SE"
528,5,419,"RG","SE"
64,9,419,"RG","SE"
523,4,419,"RG","SE"
269,1,419,"RG","SE"
474,1,419,"RG","SE"
51,2,419,"RG","SE"
500,22,419,"RG","SE"
486,5,419,"RG","SE"
72,9,419,"RG","SE"
228,1,419,"RG","SE"
538,2,419,"RG","SE"
253,1,419,"RG","SE"
160,1,419,"RG","SE"
111,1,419,"RG","SE"
502,7,419,"RG","SE"
183,3,419,"RG","SE"
441,1,419,"RG","SE"
78,21,419,"RG","SE"
80,6,419,"RG","SE"
480,6,419,"RG","SE"
304,2,419,"RG","SE"
332,1,419,"RG","SE"
381,3,419,"RG","SE"
462,1,419,"RG","SE"
524,2,419,"RG","SE"
245,1,419,"RG","SE"
5,4,419,"RG","SE"
140,1,419,"RG","SE"
222,2,420,"RG","SE"
276,3,420,"RG","SE"
349,1,420,"RG","SE"
344,1,420,"RG","SE"
149,1,420,"RG","SE"
358,16,420,"RG","SE"
377,2,420,"RG","SE"
399,1,420,"RG","SE"
480,6,420,"RG","SE"
164,6,420,"RG","SE"
465,1,420,"RG","SE"
524,2,420,"RG","SE"
319,1,420,"RG","SE"
286,1,420,"RG","SE"
466,1,420,"RG","SE"
171,1,420,"RG","SE"
445,10,420,"RG","SE"
470,5,420,"RG","SE"
80,6,420,"RG","SE"
343,9,420,"RG","SE"
340,1,420,"RG","SE"
16,3,420,"RG","SE"
15,2,420,"RG","SE"
535,3,420,"RG","SE"
514,6,420,"RG","SE"
42,1,420,"RG","SE"
526,2,420,"RG","SE"
540,8,420,"RG","SE"
440,1,420,"RG","SE"
101,1,420,"RG","SE"
494,8,420,"RG","SE"
130,1,421,"RG","SE"
187,1,421,"RG","SE"
508,14,421,"RG","SE"
539,1,421,"RG","SE"
235,1,421,"RG","SE"
303,6,421,"RG","SE"
341,2,421,"RG","SE"
413,1,421,"RG","SE"
254,1,421,"RG","SE"
223,1,421,"RG","SE"
479,6,421,"RG","SE"
351,1,421,"RG","SE"
203,1,421,"RG","SE"
422,4,421,"RG","SE"
101,1,421,"RG","SE"
463,1,421,"RG","SE"
261,3,421,"RG","SE"
13,1,421,"RG","SE"
250,1,421,"RG","SE"
273,1,421,"RG","SE"
374,2,421,"RG","SE"
222,2,421,"RG","SE"
83,2,421,"RG","SE"
116,1,421,"RG","SE"
20,7,421,"RG","SE"
349,1,421,"RG","SE"
191,1,421,"RG","SE"
524,2,421,"RG","SE"
438,6,421,"RG","SE"
228,1,421,"RG","SE"
132,1,421,"RG","SE"
488,6,422,"RG","SE"
78,21,422,"RG","SE"
203,1,422,"RG","SE"
257,1,422,"RG","SE"
520,2,422,"RG","SE"
441,1,422,"RG","SE"
332,1,422,"RG","SE"
273,1,422,"RG","SE"
466,1,422,"RG","SE"
106,1,422,"RG","SE"
381,3,422,"RG","SE"
17,5,422,"RG","SE"
164,6,422,"RG","SE"
77,17,422,"RG","SE"
436,1,422,"RG","SE"
10,1,422,"RG","SE"
312,1,422,"RG","SE"
302,2,422,"RG","SE"
243,2,422,"RG","SE"
11,27,422,"RG","SE"
89,1,422,"RG","SE"
390,1,422,"RG","SE"
124,4,422,"RG","SE"
439,1,422,"RG","SE"
16,3,422,"RG","SE"
33,12,422,"RG","SE"
538,2,422,"RG","SE"
456,1,422,"RG","SE"
242,1,422,"RG","SE"
484,4,422,"RG","SE"
222,2,422,"RG","SE"
266,1,423,"RG","SE"
455,3,423,"RG","SE"
253,1,423,"RG","SE"
11,27,423,"RG","SE"
101,1,423,"RG","SE"
259,6,423,"RG","SE"
147,1,423,"RG","SE"
42,1,423,"RG","SE"
222,2,423,"RG","SE"
502,7,423,"RG","SE"
483,5,423,"RG","SE"
515,4,423,"RG","SE"
381,3,423,"RG","SE"
525,9,423,"RG","SE"
78,21,423,"RG","SE"
394,1,423,"RG","SE"
301,1,423,"RG","SE"
516,4,423,"RG","SE"
310,1,423,"RG","SE"
276,3,423,"RG","SE"
440,1,423,"RG","SE"
501,17,423,"RG","SE"
378,1,423,"RG","SE"
422,4,423,"RG","SE"
278,1,423,"RG","SE"
548,1,423,"RG","SE"
467,4,423,"RG","SE"
486,5,423,"RG","SE"
33,12,423,"RG","SE"
49,1,423,"RG","SE"
377,2,423,"RG","SE"
237,1,424,"RG","SE"
358,16,424,"RG","SE"
318,3,424,"RG","SE"
83,2,424,"RG","SE"
149,1,424,"RG","SE"
452,1,424,"RG","SE"
418,1,424,"RG","SE"
447,4,424,"RG","SE"
179,12,424,"RG","SE"
12,11,424,"RG","SE"
498,25,424,"RG","SE"
365,2,424,"RG","SE"
185,1,424,"RG","SE"
209,1,424,"RG","SE"
248,5,424,"RG","SE"
28,50,424,"RG","SE"
190,1,424,"RG","SE"
516,4,424,"RG","SE"
155,1,424,"RG","SE"
11,27,424,"RG","SE"
122,2,424,"RG","SE"
119,1,424,"RG","SE"
166,1,424,"RG","SE"
531,2,424,"RG","SE"
164,6,424,"RG","SE"
257,1,424,"RG","SE"
312,1,424,"RG","SE"
308,2,424,"RG","SE"
431,1,424,"RG","SE"
232,4,424,"RG","SE"
319,1,424,"RG","SE"
439,1,425,"RG","SE"
203,1,425,"RG","SE"
317,2,425,"RG","SE"
479,6,425,"RG","SE"
128,1,425,"RG","SE"
132,1,425,"RG","SE"
20,7,425,"RG","SE"
516,4,425,"RG","SE"
85,15,425,"RG","SE"
494,8,425,"RG","SE"
470,5,425,"RG","SE"
415,1,425,"RG","SE"
418,1,425,"RG","SE"
199,1,425,"RG","SE"
111,1,425,"RG","SE"
374,2,425,"RG","SE"
119,1,425,"RG","SE"
245,1,425,"RG","SE"
38,3,425,"RG","SE"
87,1,425,"RG","SE"
214,1,425,"RG","SE"
273,1,425,"RG","SE"
282,1,425,"RG","SE"
488,6,425,"RG","SE"
326,2,425,"RG","SE"
155,1,425,"RG","SE"
91,5,425,"RG","SE"
382,1,425,"RG","SE"
519,3,425,"RG","SE"
367,2,425,"RG","SE"
225,1,425,"RG","SE"
11,27,426,"RG","SE"
508,14,426,"RG","SE"
313,3,426,"RG","SE"
45,1,426,"RG","SE"
456,1,426,"RG","SE"
322,3,426,"RG","SE"
433,2,426,"RG","SE"
523,4,426,"RG","SE"
458,1,426,"RG","SE"
54,39,426,"RG","SE"
534,3,426,"RG","SE"
487,4,426,"RG","SE"
253,1,426,"RG","SE"
462,1,426,"RG","SE"
482,5,426,"RG","SE"
65,4,426,"RG","SE"
341,2,426,"RG","SE"
524,2,426,"RG","SE"
441,1,426,"RG","SE"
474,1,426,"RG","SE"
520,2,426,"RG","SE"
378,1,426,"RG","SE"
101,1,426,"RG","SE"
244,3,426,"RG","SE"
194,1,426,"RG","SE"
354,2,426,"RG","SE"
258,1,426,"RG","SE"
493,7,426,"RG","SE"
209,1,426,"RG","SE"
502,7,426,"RG","SE"
160,1,426,"RG","SE"
252,2,427,"RG","SE"
183,3,427,"RG","SE"
369,2,427,"RG","SE"
317,2,427,"RG","SE"
516,4,427,"RG","SE"
322,3,427,"RG","SE"
523,4,427,"RG","SE"
330,1,427,"RG","SE"
519,3,427,"RG","SE"
474,1,427,"RG","SE"
26,59,427,"RG","SE"
102,1,427,"RG","SE"
131,1,427,"RG","SE"
282,1,427,"RG","SE"
157,1,427,"RG","SE"
86,2,427,"RG","SE"
111,1,427,"RG","SE"
247,3,427,"RG","SE"
80,6,427,"RG","SE"
155,1,427,"RG","SE"
61,50,427,"RG","SE"
506,7,427,"RG","SE"
395,1,427,"RG","SE"
520,2,427,"RG","SE"
382,1,427,"RG","SE"
531,2,427,"RG","SE"
72,9,427,"RG","SE"
410,2,427,"RG","SE"
214,1,427,"RG","SE"
357,1,427,"RG","SE"
466,1,427,"RG","SE"
111,1,428,"RG","SE"
343,9,428,"RG","SE"
470,5,428,"RG","SE"
194,1,428,"RG","SE"
57,9,428,"RG","SE"
269,1,428,"RG","SE"
143,1,428,"RG","SE"
504,10,428,"RG","SE"
357,1,428,"RG","SE"
158,3,428,"RG","SE"
151,1,428,"RG","SE"
539,1,428,"RG","SE"
301,1,428,"RG","SE"
122,2,428,"RG","SE"
532,5,428,"RG","SE"
387,1,428,"RG","SE"
277,1,428,"RG","SE"
525,9,428,"RG","SE"
155,1,428,"RG","SE"
508,14,428,"RG","SE"
514,6,428,"RG","SE"
426,4,428,"RG","SE"
519,3,428,"RG","SE"
483,5,428,"RG","SE"
376,3,428,"RG","SE"
465,1,428,"RG","SE"
332,1,428,"RG","SE"
242,1,428,"RG","SE"
282,1,428,"RG","SE"
544,1,428,"RG","SE"
32,6,428,"RG","SE"
376,3,429,"RG","SE"
508,14,429,"RG","SE"
253,1,429,"RG","SE"
515,4,429,"RG","SE"
131,1,429,"RG","SE"
465,1,429,"RG","SE"
482,5,429,"RG","SE"
19,5,429,"RG","SE"
254,1,429,"RG","SE"
147,1,429,"RG","SE"
269,1,429,"RG","SE"
437,1,429,"RG","SE"
235,1,429,"RG","SE"
247,3,429,"RG","SE"
169,1,429,"RG","SE"
489,4,429,"RG","SE"
538,2,429,"RG","SE"
479,6,429,"RG","SE"
344,1,429,"RG","SE"
78,21,429,"RG","SE"
283,1,429,"RG","SE"
392,1,429,"RG","SE"
441,1,429,"RG","SE"
477,4,429,"RG","SE"
132,1,429,"RG","SE"
520,2,429,"RG","SE"
20,7,429,"RG","SE"
541,8,429,"RG","SE"
187,1,429,"RG","SE"
250,1,429,"RG","SE"
65,4,429,"RG","SE"
15,2,430,"RG","SE"
186,2,430,"RG","SE"
363,2,430,"RG","SE"
27,2,430,"RG","SE"
199,1,430,"RG","SE"
112,4,430,"RG","SE"
456,1,430,"RG","SE"
439,1,430,"RG","SE"
259,6,430,"RG","SE"
105,1,430,"RG","SE"
303,6,430,"RG","SE"
10,1,430,"RG","SE"
269,1,430,"RG","SE"
322,3,430,"RG","SE"
305,1,430,"RG","SE"
310,1,430,"RG","SE"
49,1,430,"RG","SE"
504,10,430,"RG","SE"
479,6,430,"RG","SE"
198,2,430,"RG","SE"
131,1,430,"RG","SE"
313,3,430,"RG","SE"
196,2,430,"RG","SE"
438,6,430,"RG","SE"
160,1,430,"RG","SE"
145,1,430,"RG","SE"
317,2,430,"RG","SE"
357,1,430,"RG","SE"
309,1,430,"RG","SE"
435,2,430,"RG","SE"
477,4,430,"RG","SE"
276,3,431,"RG","SE"
202,1,431,"RG","SE"
517,6,431,"RG","SE"
425,4,431,"RG","SE"
345,1,431,"RG","SE"
17,5,431,"RG","SE"
343,9,431,"RG","SE"
302,2,431,"RG","SE"
68,5,431,"RG","SE"
232,4,431,"RG","SE"
7,21,431,"RG","SE"
466,1,431,"RG","SE"
381,3,431,"RG","SE"
304,2,431,"RG","SE"
296,1,431,"RG","SE"
153,1,431,"RG","SE"
193,2,431,"RG","SE"
470,5,431,"RG","SE"
112,4,431,"RG","SE"
140,1,431,"RG","SE"
392,1,431,"RG","SE"
291,1,431,"RG","SE"
235,1,431,"RG","SE"
261,3,431,"RG","SE"
447,4,431,"RG","SE"
49,1,431,"RG","SE"
318,3,431,"RG","SE"
64,9,431,"RG","SE"
351,1,431,"RG","SE"
207,1,431,"RG","SE"
78,21,431,"RG","SE"
191,1,432,"RG","SE"
376,3,432,"RG","SE"
202,1,432,"RG","SE"
166,1,432,"RG","SE"
526,2,432,"RG","SE"
462,1,432,"RG","SE"
494,8,432,"RG","SE"
322,3,432,"RG","SE"
242,1,432,"RG","SE"
380,2,432,"RG","SE"
532,5,432,"RG","SE"
85,15,432,"RG","SE"
351,1,432,"RG","SE"
489,4,432,"RG","SE"
104,2,432,"RG","SE"
505,11,432,"RG","SE"
124,4,432,"RG","SE"
458,1,432,"RG","SE"
101,1,432,"RG","SE"
517,6,432,"RG","SE"
14,30,432,"RG","SE"
61,50,432,"RG","SE"
447,4,432,"RG","SE"
116,1,432,"RG","SE"
148,1,432,"RG","SE"
529,5,432,"RG","SE"
264,1,432,"RG","SE"
389,3,432,"RG","SE"
490,4,432,"RG","SE"
493,7,432,"RG","SE"
513,6,432,"RG","SE"
534,3,433,"RG","SE"
190,1,433,"RG","SE"
196,2,433,"RG","SE"
540,8,433,"RG","SE"
110,1,433,"RG","SE"
376,3,433,"RG","SE"
413,1,433,"RG","SE"
452,1,433,"RG","SE"
45,1,433,"RG","SE"
328,1,433,"RG","SE"
131,1,433,"RG","SE"
541,8,433,"RG","SE"
366,1,433,"RG","SE"
72,9,433,"RG","SE"
374,2,433,"RG","SE"
395,1,433,"RG","SE"
440,1,433,"RG","SE"
417,1,433,"RG","SE"
166,1,433,"RG","SE"
87,1,433,"RG","SE"
437,1,433,"RG","SE"
318,3,433,"RG","SE"
207,1,433,"RG","SE"
186,2,433,"RG","SE"
330,1,433,"RG","SE"
392,1,433,"RG","SE"
243,2,433,"RG","SE"
352,2,433,"RG","SE"
291,1,433,"RG","SE"
445,10,433,"RG","SE"
312,1,433,"RG","SE"
395,1,434,"RG","SE"
38,3,434,"RG","SE"
382,1,434,"RG","SE"
242,1,434,"RG","SE"
354,2,434,"RG","SE"
72,9,434,"RG","SE"
452,1,434,"RG","SE"
282,1,434,"RG","SE"
89,1,434,"RG","SE"
264,1,434,"RG","SE"
186,2,434,"RG","SE"
505,11,434,"RG","SE"
463,1,434,"RG","SE"
126,3,434,"RG","SE"
255,1,434,"RG","SE"
83,2,434,"RG","SE"
510,9,434,"RG","SE"
291,1,434,"RG","SE"
190,1,434,"RG","SE"
140,1,434,"RG","SE"
78,21,434,"RG","SE"
57,9,434,"RG","SE"
257,1,434,"RG","SE"
494,8,434,"RG","SE"
415,1,434,"RG","SE"
149,1,434,"RG","SE"
85,15,434,"RG","SE"
91,5,434,"RG","SE"
487,4,434,"RG","SE"
312,1,434,"RG","SE"
132,1,434,"RG","SE"
326,2,435,"RG","SE"
367,2,435,"RG","SE"
310,1,435,"RG","SE"
204,2,435,"RG","SE"
223,1,435,"RG","SE"
45,1,435,"RG","SE"
105,1,435,"RG","SE"
19,5,435,"RG","SE"
527,8,435,"RG","SE"
61,50,435,"RG","SE"
179,12,435,"RG","SE"
470,5,435,"RG","SE"
340,1,435,"RG","SE"
296,1,435,"RG","SE"
308,2,435,"RG","SE"
130,1,435,"RG","SE"
304,2,435,"RG","SE"
369,2,435,"RG","SE"
143,1,435,"RG","SE"
4,5,435,"RG","SE"
26,59,435,"RG","SE"
16,3,435,"RG","SE"
528,5,435,"RG","SE"
219,1,435,"RG","SE"
425,4,435,"RG","SE"
515,4,435,"RG","SE"
482,5,435,"RG","SE"
10,1,435,"RG","SE"
341,2,435,"RG","SE"
540,8,435,"RG","SE"
477,4,435,"RG","SE"
344,1,436,"RG","SE"
310,1,436,"RG","SE"
376,3,436,"RG","SE"
494,8,436,"RG","SE"
304,2,436,"RG","SE"
510,9,436,"RG","SE"
309,1,436,"RG","SE"
357,1,436,"RG","SE"
51,2,436,"RG","SE"
330,1,436,"RG","SE"
36,3,436,"RG","SE"
89,1,436,"RG","SE"
308,2,436,"RG","SE"
378,1,436,"RG","SE"
381,3,436,"RG","SE"
148,1,436,"RG","SE"
106,1,436,"RG","SE"
21,7,436,"RG","SE"
264,1,436,"RG","SE"
490,4,436,"RG","SE"
340,1,436,"RG","SE"
235,1,436,"RG","SE"
78,21,436,"RG","SE"
531,2,436,"RG","SE"
541,8,436,"RG","SE"
369,2,436,"RG","SE"
26,59,436,"RG","SE"
294,3,436,"RG","SE"
439,1,436,"RG","SE"
91,5,436,"RG","SE"
493,7,436,"RG","SE"
32,6,437,"RG","SE"
488,6,437,"RG","SE"
102,1,437,"RG","SE"
160,1,437,"RG","SE"
38,3,437,"RG","SE"
42,1,437,"RG","SE"
276,3,437,"RG","SE"
25,1,437,"RG","SE"
259,6,437,"RG","SE"
244,3,437,"RG","SE"
489,4,437,"RG","SE"
124,4,437,"RG","SE"
203,1,437,"RG","SE"
524,2,437,"RG","SE"
366,1,437,"RG","SE"
328,1,437,"RG","SE"
425,4,437,"RG","SE"
430,1,437,"RG","SE"
401,1,437,"RG","SE"
147,1,437,"RG","SE"
532,5,437,"RG","SE"
319,1,437,"RG","SE"
395,1,437,"RG","SE"
269,1,437,"RG","SE"
528,5,437,"RG","SE"
313,3,437,"RG","SE"
278,1,437,"RG","SE"
51,2,437,"RG","SE"
166,1,437,"RG","SE"
252,2,437,"RG","SE"
10,1,437,"RG","SE"
533,5,438,"RG","SE"
145,1,438,"RG","SE"
483,5,438,"RG","SE"
415,1,438,"RG","SE"
535,3,438,"RG","SE"
17,5,438,"RG","SE"
490,4,438,"RG","SE"
183,3,438,"RG","SE"
160,1,438,"RG","SE"
309,1,438,"RG","SE"
115,1,438,"RG","SE"
249,2,438,"RG","SE"
141,2,438,"RG","SE"
250,1,438,"RG","SE"
457,2,438,"RG","SE"
487,4,438,"RG","SE"
380,2,438,"RG","SE"
544,1,438,"RG","SE"
452,1,438,"RG","SE"
336,1,438,"RG","SE"
3,5,438,"RG","SE"
245,1,438,"RG","SE"
72,9,438,"RG","SE"
548,1,438,"RG","SE"
268,1,438,"RG","SE"
83,2,438,"RG","SE"
387,1,438,"RG","SE"
498,25,438,"RG","SE"
264,1,438,"RG","SE"
278,1,438,"RG","SE"
28,50,438,"RG","SE"
309,1,439,"RG","SE"
394,1,439,"RG","SE"
322,3,439,"RG","SE"
51,2,439,"RG","SE"
209,1,439,"RG","SE"
392,1,439,"RG","SE"
458,1,439,"RG","SE"
519,3,439,"RG","SE"
78,21,439,"RG","SE"
344,1,439,"RG","SE"
482,5,439,"RG","SE"
10,1,439,"RG","SE"
214,1,439,"RG","SE"
524,2,439,"RG","SE"
38,3,439,"RG","SE"
509,3,439,"RG","SE"
389,3,439,"RG","SE"
222,2,439,"RG","SE"
245,1,439,"RG","SE"
447,4,439,"RG","SE"
514,6,439,"RG","SE"
87,1,439,"RG","SE"
20,7,439,"RG","SE"
312,1,439,"RG","SE"
523,4,439,"RG","SE"
17,5,439,"RG","SE"
101,1,439,"RG","SE"
266,1,439,"RG","SE"
91,5,439,"RG","SE"
433,2,439,"RG","SE"
480,6,439,"RG","SE"
171,1,440,"RG","SE"
351,1,440,"RG","SE"
397,1,440,"RG","SE"
26,59,440,"RG","SE"
266,1,440,"RG","SE"
312,1,440,"RG","SE"
173,2,440,"RG","SE"
261,3,440,"RG","SE"
282,1,440,"RG","SE"
38,3,440,"RG","SE"
264,1,440,"RG","SE"
183,3,440,"RG","SE"
435,2,440,"RG","SE"
296,1,440,"RG","SE"
523,4,440,"RG","SE"
151,1,440,"RG","SE"
191,1,440,"RG","SE"
277,1,440,"RG","SE"
72,9,440,"RG","SE"
336,1,440,"RG","SE"
504,10,440,"RG","SE"
179,12,440,"RG","SE"
276,3,440,"RG","SE"
498,25,440,"RG","SE"
228,1,440,"RG","SE"
404,1,440,"RG","SE"
222,2,440,"RG","SE"
433,2,440,"RG","SE"
413,1,440,"RG","SE"
49,1,440,"RG","SE"
487,4,440,"RG","SE"
276,3,441,"RG","SE"
363,2,441,"RG","SE"
395,1,441,"RG","SE"
484,4,441,"RG","SE"
76,4,441,"RG","SE"
336,1,441,"RG","SE"
68,5,441,"RG","SE"
128,1,441,"RG","SE"
247,3,441,"RG","SE"
535,3,441,"RG","SE"
202,1,441,"RG","SE"
25,1,441,"RG","SE"
377,2,441,"RG","SE"
343,9,441,"RG","SE"
378,1,441,"RG","SE"
259,6,441,"RG","SE"
486,5,441,"RG","SE"
452,1,441,"RG","SE"
124,4,441,"RG","SE"
365,2,441,"RG","SE"
264,1,441,"RG","SE"
243,2,441,"RG","SE"
502,7,441,"RG","SE"
392,1,441,"RG","SE"
332,1,441,"RG","SE"
390,1,441,"RG","SE"
103,1,441,"RG","SE"
310,1,441,"RG","SE"
417,1,441,"RG","SE"
479,6,441,"RG","SE"
106,1,441,"RG","SE"
516,4,442,"RG","SE"
294,3,442,"RG","SE"
435,2,442,"RG","SE"
214,1,442,"RG","SE"
252,2,442,"RG","SE"
190,1,442,"RG","SE"
64,9,442,"RG","SE"
452,1,442,"RG","SE"
309,1,442,"RG","SE"
291,1,442,"RG","SE"
89,1,442,"RG","SE"
377,2,442,"RG","SE"
544,1,442,"RG","SE"
477,4,442,"RG","SE"
284,1,442,"RG","SE"
462,1,442,"RG","SE"
330,1,442,"RG","SE"
101,1,442,"RG","SE"
390,1,442,"RG","SE"
115,1,442,"RG","SE"
481,2,442,"RG","SE"
489,4,442,"RG","SE"
111,1,442,"RG","SE"
418,1,442,"RG","SE"
514,6,442,"RG","SE"
132,1,442,"RG","SE"
304,2,442,"RG","SE"
65,4,442,"RG","SE"
504,10,442,"RG","SE"
340,1,442,"RG","SE"
112,4,442,"RG","SE"
248,5,443,"RG","SE"
363,2,443,"RG","SE"
520,2,443,"RG","SE"
312,1,443,"RG","SE"
32,6,443,"RG","SE"
480,6,443,"RG","SE"
111,1,443,"RG","SE"
318,3,443,"RG","SE"
86,2,443,"RG","SE"
147,1,443,"RG","SE"
336,1,443,"RG","SE"
42,1,443,"RG","SE"
25,1,443,"RG","SE"
479,6,443,"RG","SE"
463,1,443,"RG","SE"
160,1,443,"RG","SE"
535,3,443,"RG","SE"
490,4,443,"RG","SE"
348,2,443,"RG","SE"
20,7,443,"RG","SE"
219,1,443,"RG","SE"
264,1,443,"RG","SE"
319,1,443,"RG","SE"
527,8,443,"RG","SE"
68,5,443,"RG","SE"
419,1,443,"RG","SE"
129,2,443,"RG","SE"
266,1,443,"RG","SE"
310,1,443,"RG","SE"
235,1,443,"RG","SE"
381,3,443,"RG","SE"
111,1,444,"RG","SE"
452,1,444,"RG","SE"
169,1,444,"RG","SE"
276,3,444,"RG","SE"
437,1,444,"RG","SE"
527,8,444,"RG","SE"
89,1,444,"RG","SE"
175,1,444,"RG","SE"
193,2,444,"RG","SE"
7,21,444,"RG","SE"
264,1,444,"RG","SE"
242,1,444,"RG","SE"
10,1,444,"RG","SE"
4,5,444,"RG","SE"
26,59,444,"RG","SE"
516,4,444,"RG","SE"
222,2,444,"RG","SE"
86,2,444,"RG","SE"
349,1,444,"RG","SE"
410,2,444,"RG","SE"
390,1,444,"RG","SE"
11,27,444,"RG","SE"
539,1,444,"RG","SE"
484,4,444,"RG","SE"
417,1,444,"RG","SE"
431,1,444,"RG","SE"
366,1,444,"RG","SE"
502,7,444,"RG","SE"
232,4,444,"RG","SE"
369,2,444,"RG","SE"
261,3,444,"RG","SE"
467,4,445,"RG","SE"
305,1,445,"RG","SE"
544,1,445,"RG","SE"
179,12,445,"RG","SE"
278,1,445,"RG","SE"
378,1,445,"RG","SE"
318,3,445,"RG","SE"
250,1,445,"RG","SE"
244,3,445,"RG","SE"
474,1,445,"RG","SE"
122,2,445,"RG","SE"
500,22,445,"RG","SE"
207,1,445,"RG","SE"
426,4,445,"RG","SE"
437,1,445,"RG","SE"
38,3,445,"RG","SE"
194,1,445,"RG","SE"
390,1,445,"RG","SE"
456,1,445,"RG","SE"
57,9,445,"RG","SE"
147,1,445,"RG","SE"
539,1,445,"RG","SE"
277,1,445,"RG","SE"
21,7,445,"RG","SE"
237,1,445,"RG","SE"
457,2,445,"RG","SE"
340,1,445,"RG","SE"
376,3,445,"RG","SE"
249,2,445,"RG","SE"
462,1,445,"RG","SE"
455,3,445,"RG","SE"
348,2,446,"RG","SE"
124,4,446,"RG","SE"
501,17,446,"RG","SE"
319,1,446,"RG","SE"
509,3,446,"RG","SE"
365,2,446,"RG","SE"
286,1,446,"RG","SE"
322,3,446,"RG","SE"
544,1,446,"RG","SE"
269,1,446,"RG","SE"
255,1,446,"RG","SE"
469,5,446,"RG","SE"
147,1,446,"RG","SE"
336,1,446,"RG","SE"
490,4,446,"RG","SE"
183,3,446,"RG","SE"
418,1,446,"RG","SE"
328,1,446,"RG","SE"
202,1,446,"RG","SE"
380,2,446,"RG","SE"
101,1,446,"RG","SE"
125,1,446,"RG","SE"
317,2,446,"RG","SE"
194,1,446,"RG","SE"
483,5,446,"RG","SE"
128,1,446,"RG","SE"
45,1,446,"RG","SE"
309,1,446,"RG","SE"
13,1,446,"RG","SE"
108,1,446,"RG","SE"
158,3,446,"RG","SE"
128,1,447,"RG","SE"
380,2,447,"RG","SE"
78,21,447,"RG","SE"
340,1,447,"RG","SE"
248,5,447,"RG","SE"
285,3,447,"RG","SE"
204,2,447,"RG","SE"
87,1,447,"RG","SE"
122,2,447,"RG","SE"
294,3,447,"RG","SE"
222,2,447,"RG","SE"
535,3,447,"RG","SE"
72,9,447,"RG","SE"
344,1,447,"RG","SE"
12,11,447,"RG","SE"
32,6,447,"RG","SE"
19,5,447,"RG","SE"
516,4,447,"RG","SE"
199,1,447,"RG","SE"
160,1,447,"RG","SE"
500,22,447,"RG","SE"
322,3,447,"RG","SE"
129,2,447,"RG","SE"
202,1,447,"RG","SE"
377,2,447,"RG","SE"
214,1,447,"RG","SE"
484,4,447,"RG","SE"
354,2,447,"RG","SE"
68,5,447,"RG","SE"
474,1,447,"RG","SE"
363,2,447,"RG","SE"
5,4,448,"RG","SE"
352,2,448,"RG","SE"
80,6,448,"RG","SE"
49,1,448,"RG","SE"
340,1,448,"RG","SE"
91,5,448,"RG","SE"
447,4,448,"RG","SE"
243,2,448,"RG","SE"
175,1,448,"RG","SE"
203,1,448,"RG","SE"
544,1,448,"RG","SE"
392,1,448,"RG","SE"
248,5,448,"RG","SE"
7,21,448,"RG","SE"
209,1,448,"RG","SE"
438,6,448,"RG","SE"
523,4,448,"RG","SE"
374,2,448,"RG","SE"
532,5,448,"RG","SE"
526,2,448,"RG","SE"
158,3,448,"RG","SE"
219,1,448,"RG","SE"
435,2,448,"RG","SE"
458,1,448,"RG","SE"
318,3,448,"RG","SE"
166,1,448,"RG","SE"
404,1,448,"RG","SE"
538,2,448,"RG","SE"
357,1,448,"RG","SE"
516,4,448,"RG","SE"
105,1,448,"RG","SE"
547,1,449,"RG","SE"
415,1,449,"RG","SE"
425,4,449,"RG","SE"
157,1,449,"RG","SE"
21,7,449,"RG","SE"
528,5,449,"RG","SE"
175,1,449,"RG","SE"
496,22,449,"RG","SE"
20,7,449,"RG","SE"
474,1,449,"RG","SE"
488,6,449,"RG","SE"
524,2,449,"RG","SE"
422,4,449,"RG","SE"
191,1,449,"RG","SE"
86,2,449,"RG","SE"
378,1,449,"RG","SE"
392,1,449,"RG","SE"
508,14,449,"RG","SE"
244,3,449,"RG","SE"
64,9,449,"RG","SE"
344,1,449,"RG","SE"
203,1,449,"RG","SE"
103,1,449,"RG","SE"
345,1,449,"RG","SE"
399,1,449,"RG","SE"
413,1,449,"RG","SE"
404,1,449,"RG","SE"
183,3,449,"RG","SE"
61,50,449,"RG","SE"
332,1,449,"RG","SE"
401,1,449,"RG","SE"
49,1,450,"RG","SE"
380,2,450,"RG","SE"
318,3,450,"RG","SE"
508,14,450,"RG","SE"
148,1,450,"RG","SE"
310,1,450,"RG","SE"
395,1,450,"RG","SE"
26,59,450,"RG","SE"
13,1,450,"RG","SE"
294,3,450,"RG","SE"
431,1,450,"RG","SE"
336,1,450,"RG","SE"
125,1,450,"RG","SE"
368,1,450,"RG","SE"
89,1,450,"RG","SE"
366,1,450,"RG","SE"
78,21,450,"RG","SE"
219,1,450,"RG","SE"
179,12,450,"RG","SE"
130,1,450,"RG","SE"
367,2,450,"RG","SE"
282,1,450,"RG","SE"
365,2,450,"RG","SE"
301,1,450,"RG","SE"
22,4,450,"RG","SE"
254,1,450,"RG","SE"
247,3,450,"RG","SE"
10,1,450,"RG","SE"
421,4,450,"RG","SE"
514,6,450,"RG","SE"
445,10,450,"RG","SE"
494,8,451,"RG","SE"
103,1,451,"RG","SE"
235,1,451,"RG","SE"
541,8,451,"RG","SE"
259,6,451,"RG","SE"
493,7,451,"RG","SE"
89,1,451,"RG","SE"
368,1,451,"RG","SE"
170,1,451,"RG","SE"
13,1,451,"RG","SE"
67,9,451,"RG","SE"
514,6,451,"RG","SE"
106,1,451,"RG","SE"
508,14,451,"RG","SE"
286,1,451,"RG","SE"
273,1,451,"RG","SE"
345,1,451,"RG","SE"
83,2,451,"RG","SE"
44,30,451,"RG","SE"
374,2,451,"RG","SE"
225,1,451,"RG","SE"
253,1,451,"RG","SE"
175,1,451,"RG","SE"
312,1,451,"RG","SE"
112,4,451,"RG","SE"
124,4,451,"RG","SE"
506,7,451,"RG","SE"
349,1,451,"RG","SE"
68,5,451,"RG","SE"
22,4,451,"RG","SE"
336,1,451,"RG","SE"
458,1,452,"RG","SE"
544,1,452,"RG","SE"
237,1,452,"RG","SE"
508,14,452,"RG","SE"
126,3,452,"RG","SE"
277,1,452,"RG","SE"
160,1,452,"RG","SE"
80,6,452,"RG","SE"
410,2,452,"RG","SE"
387,1,452,"RG","SE"
541,8,452,"RG","SE"
108,1,452,"RG","SE"
78,21,452,"RG","SE"
264,1,452,"RG","SE"
417,1,452,"RG","SE"
129,2,452,"RG","SE"
222,2,452,"RG","SE"
255,1,452,"RG","SE"
480,6,452,"RG","SE"
535,3,452,"RG","SE"
301,1,452,"RG","SE"
146,1,452,"RG","SE"
328,1,452,"RG","SE"
27,2,452,"RG","SE"
32,6,452,"RG","SE"
132,1,452,"RG","SE"
504,10,452,"RG","SE"
381,3,452,"RG","SE"
183,3,452,"RG","SE"
510,9,452,"RG","SE"
374,2,452,"RG","SE"
435,2,453,"RG","SE"
169,1,453,"RG","SE"
440,1,453,"RG","SE"
308,2,453,"RG","SE"
436,1,453,"RG","SE"
502,7,453,"RG","SE"
410,2,453,"RG","SE"
203,1,453,"RG","SE"
103,1,453,"RG","SE"
422,4,453,"RG","SE"
284,1,453,"RG","SE"
207,1,453,"RG","SE"
463,1,453,"RG","SE"
214,1,453,"RG","SE"
187,1,453,"RG","SE"
328,1,453,"RG","SE"
318,3,453,"RG","SE"
247,3,453,"RG","SE"
484,4,453,"RG","SE"
349,1,453,"RG","SE"
61,50,453,"RG","SE"
14,30,453,"RG","SE"
244,3,453,"RG","SE"
32,6,453,"RG","SE"
78,21,453,"RG","SE"
540,8,453,"RG","SE"
132,1,453,"RG","SE"
527,8,453,"RG","SE"
470,5,453,"RG","SE"
506,7,453,"RG","SE"
149,1,453,"RG","SE"
296,1,454,"RG","SE"
72,9,454,"RG","SE"
19,5,454,"RG","SE"
125,1,454,"RG","SE"
65,4,454,"RG","SE"
309,1,454,"RG","SE"
110,1,454,"RG","SE"
20,7,454,"RG","SE"
191,1,454,"RG","SE"
413,1,454,"RG","SE"
101,1,454,"RG","SE"
116,1,454,"RG","SE"
332,1,454,"RG","SE"
486,5,454,"RG","SE"
76,4,454,"RG","SE"
12,11,454,"RG","SE"
471,3,454,"RG","SE"
140,1,454,"RG","SE"
368,1,454,"RG","SE"
268,1,454,"RG","SE"
480,6,454,"RG","SE"
367,2,454,"RG","SE"
312,1,454,"RG","SE"
250,1,454,"RG","SE"
354,2,454,"RG","SE"
235,1,454,"RG","SE"
228,1,454,"RG","SE"
369,2,454,"RG","SE"
479,6,454,"RG","SE"
357,1,454,"RG","SE"
352,2,454,"RG","SE"
367,2,455,"RG","SE"
44,30,455,"RG","SE"
477,4,455,"RG","SE"
112,4,455,"RG","SE"
149,1,455,"RG","SE"
397,1,455,"RG","SE"
504,10,455,"RG","SE"
357,1,455,"RG","SE"
15,2,455,"RG","SE"
209,1,455,"RG","SE"
488,6,455,"RG","SE"
381,3,455,"RG","SE"
489,4,455,"RG","SE"
21,7,455,"RG","SE"
14,30,455,"RG","SE"
130,1,455,"RG","SE"
190,1,455,"RG","SE"
482,5,455,"RG","SE"
249,2,455,"RG","SE"
106,1,455,"RG","SE"
33,12,455,"RG","SE"
481,2,455,"RG","SE"
352,2,455,"RG","SE"
207,1,455,"RG","SE"
480,6,455,"RG","SE"
436,1,455,"RG","SE"
175,1,455,"RG","SE"
126,3,455,"RG","SE"
26,59,455,"RG","SE"
535,3,455,"RG","SE"
252,2,455,"RG","SE"
111,1,456,"RG","SE"
276,3,456,"RG","SE"
517,6,456,"RG","SE"
445,10,456,"RG","SE"
78,21,456,"RG","SE"
343,9,456,"RG","SE"
145,1,456,"RG","SE"
303,6,456,"RG","SE"
170,1,456,"RG","SE"
11,27,456,"RG","SE"
12,11,456,"RG","SE"
452,1,456,"RG","SE"
433,2,456,"RG","SE"
545,1,456,"RG","SE"
308,2,456,"RG","SE"
291,1,456,"RG","SE"
488,6,456,"RG","SE"
26,59,456,"RG","SE"
369,2,456,"RG","SE"
183,3,456,"RG","SE"
535,3,456,"RG","SE"
496,22,456,"RG","SE"
310,1,456,"RG","SE"
430,1,456,"RG","SE"
116,1,456,"RG","SE"
404,1,456,"RG","SE"
514,6,456,"RG","SE"
482,5,456,"RG","SE"
435,2,456,"RG","SE"
248,5,456,"RG","SE"
164,6,456,"RG","SE"
110,1,457,"RG","SE"
494,8,457,"RG","SE"
548,1,457,"RG","SE"
392,1,457,"RG","SE"
15,2,457,"RG","SE"
487,4,457,"RG","SE"
370,1,457,"RG","SE"
22,4,457,"RG","SE"
368,1,457,"RG","SE"
10,1,457,"RG","SE"
185,1,457,"RG","SE"
401,1,457,"RG","SE"
160,1,457,"RG","SE"
244,3,457,"RG","SE"
149,1,457,"RG","SE"
20,7,457,"RG","SE"
505,11,457,"RG","SE"
111,1,457,"RG","SE"
328,1,457,"RG","SE"
148,1,457,"RG","SE"
477,4,457,"RG","SE"
168,1,457,"RG","SE"
345,1,457,"RG","SE"
284,1,457,"RG","SE"
447,4,457,"RG","SE"
490,4,457,"RG","SE"
21,7,457,"RG","SE"
5,4,457,"RG","SE"
245,1,457,"RG","SE"
482,5,457,"RG","SE"
533,5,457,"RG","SE"
209,1,458,"RG","SE"
7,21,458,"RG","SE"
519,3,458,"RG","SE"
68,5,458,"RG","SE"
431,1,458,"RG","SE"
352,2,458,"RG","SE"
138,2,458,"RG","SE"
15,2,458,"RG","SE"
366,1,458,"RG","SE"
108,1,458,"RG","SE"
394,1,458,"RG","SE"
185,1,458,"RG","SE"
72,9,458,"RG","SE"
257,1,458,"RG","SE"
247,3,458,"RG","SE"
343,9,458,"RG","SE"
204,2,458,"RG","SE"
27,2,458,"RG","SE"
399,1,458,"RG","SE"
28,50,458,"RG","SE"
389,3,458,"RG","SE"
191,1,458,"RG","SE"
502,7,458,"RG","SE"
44,30,458,"RG","SE"
22,4,458,"RG","SE"
413,1,458,"RG","SE"
235,1,458,"RG","SE"
26,59,458,"RG","SE"
285,3,458,"RG","SE"
452,1,458,"RG","SE"
65,4,458,"RG","SE"
366,1,459,"RG","SE"
194,1,459,"RG","SE"
196,2,459,"RG","SE"
222,2,459,"RG","SE"
214,1,459,"RG","SE"
354,2,459,"RG","SE"
378,1,459,"RG","SE"
106,1,459,"RG","SE"
441,1,459,"RG","SE"
10,1,459,"RG","SE"
419,1,459,"RG","SE"
183,3,459,"RG","SE"
538,2,459,"RG","SE"
110,1,459,"RG","SE"
493,7,459,"RG","SE"
509,3,459,"RG","SE"
418,1,459,"RG","SE"
361,3,459,"RG","SE"
479,6,459,"RG","SE"
501,17,459,"RG","SE"
235,1,459,"RG","SE"
374,2,459,"RG","SE"
103,1,459,"RG","SE"
456,1,459,"RG","SE"
496,22,459,"RG","SE"
425,4,459,"RG","SE"
489,4,459,"RG","SE"
286,1,459,"RG","SE"
519,3,459,"RG","SE"
465,1,459,"RG","SE"
203,1,459,"RG","SE"
539,1,460,"RG","SE"
78,21,460,"RG","SE"
264,1,460,"RG","SE"
389,3,460,"RG","SE"
254,1,460,"RG","SE"
168,1,460,"RG","SE"
326,2,460,"RG","SE"
21,7,460,"RG","SE"
158,3,460,"RG","SE"
540,8,460,"RG","SE"
490,4,460,"RG","SE"
13,1,460,"RG","SE"
302,2,460,"RG","SE"
191,1,460,"RG","SE"
410,2,460,"RG","SE"
374,2,460,"RG","SE"
455,3,460,"RG","SE"
328,1,460,"RG","SE"
399,1,460,"RG","SE"
131,1,460,"RG","SE"
36,3,460,"RG","SE"
151,1,460,"RG","SE"
38,3,460,"RG","SE"
304,2,460,"RG","SE"
170,1,460,"RG","SE"
155,1,460,"RG","SE"
7,21,460,"RG","SE"
149,1,460,"RG","SE"
111,1,460,"RG","SE"
474,1,460,"RG","SE"
523,4,460,"RG","SE"
153,1,461,"RG","SE"
413,1,461,"RG","SE"
524,2,461,"RG","SE"
506,7,461,"RG","SE"
426,4,461,"RG","SE"
64,9,461,"RG","SE"
363,2,461,"RG","SE"
504,10,461,"RG","SE"
349,1,461,"RG","SE"
466,1,461,"RG","SE"
193,2,461,"RG","SE"
185,1,461,"RG","SE"
33,12,461,"RG","SE"
77,17,461,"RG","SE"
44,30,461,"RG","SE"
508,14,461,"RG","SE"
17,5,461,"RG","SE"
286,1,461,"RG","SE"
488,6,461,"RG","SE"
367,2,461,"RG","SE"
124,4,461,"RG","SE"
431,1,461,"RG","SE"
296,1,461,"RG","SE"
437,1,461,"RG","SE"
102,1,461,"RG","SE"
538,2,461,"RG","SE"
294,3,461,"RG","SE"
228,1,461,"RG","SE"
175,1,461,"RG","SE"
308,2,461,"RG","SE"
252,2,461,"RG","SE"
488,6,462,"RG","SE"
85,15,462,"RG","SE"
19,5,462,"RG","SE"
469,5,462,"RG","SE"
237,1,462,"RG","SE"
268,1,462,"RG","SE"
489,4,462,"RG","SE"
148,1,462,"RG","SE"
430,1,462,"RG","SE"
261,3,462,"RG","SE"
531,2,462,"RG","SE"
57,9,462,"RG","SE"
141,2,462,"RG","SE"
266,1,462,"RG","SE"
502,7,462,"RG","SE"
438,6,462,"RG","SE"
49,1,462,"RG","SE"
410,2,462,"RG","SE"
111,1,462,"RG","SE"
392,1,462,"RG","SE"
389,3,462,"RG","SE"
381,3,462,"RG","SE"
351,1,462,"RG","SE"
108,1,462,"RG","SE"
336,1,462,"RG","SE"
474,1,462,"RG","SE"
538,2,462,"RG","SE"
207,1,462,"RG","SE"
440,1,462,"RG","SE"
279,1,462,"RG","SE"
523,4,462,"RG","SE"
38,3,463,"RG","SE"
141,2,463,"RG","SE"
153,1,463,"RG","SE"
146,1,463,"RG","SE"
67,9,463,"RG","SE"
277,1,463,"RG","SE"
164,6,463,"RG","SE"
282,1,463,"RG","SE"
140,1,463,"RG","SE"
132,1,463,"RG","SE"
322,3,463,"RG","SE"
130,1,463,"RG","SE"
354,2,463,"RG","SE"
351,1,463,"RG","SE"
106,1,463,"RG","SE"
515,4,463,"RG","SE"
143,1,463,"RG","SE"
222,2,463,"RG","SE"
168,1,463,"RG","SE"
26,59,463,"RG","SE"
279,1,463,"RG","SE"
232,4,463,"RG","SE"
16,3,463,"RG","SE"
513,6,463,"RG","SE"
313,3,463,"RG","SE"
526,2,463,"RG","SE"
25,1,463,"RG","SE"
248,5,463,"RG","SE"
533,5,463,"RG","SE"
401,1,463,"RG","SE"
14,30,463,"RG","SE"
377,2,464,"RG","SE"
112,4,464,"RG","SE"
415,1,464,"RG","SE"
526,2,464,"RG","SE"
348,2,464,"RG","SE"
490,4,464,"RG","SE"
105,1,464,"RG","SE"
261,3,464,"RG","SE"
529,5,464,"RG","SE"
458,1,464,"RG","SE"
312,1,464,"RG","SE"
467,4,464,"RG","SE"
166,1,464,"RG","SE"
268,1,464,"RG","SE"
104,2,464,"RG","SE"
54,39,464,"RG","SE"
168,1,464,"RG","SE"
487,4,464,"RG","SE"
548,1,464,"RG","SE"
214,1,464,"RG","SE"
68,5,464,"RG","SE"
523,4,464,"RG","SE"
232,4,464,"RG","SE"
486,5,464,"RG","SE"
534,3,464,"RG","SE"
10,1,464,"RG","SE"
531,2,464,"RG","SE"
341,2,464,"RG","SE"
44,30,464,"RG","SE"
141,2,464,"RG","SE"
14,30,464,"RG","SE"
493,7,465,"RG","SE"
283,1,465,"RG","SE"
389,3,465,"RG","SE"
435,2,465,"RG","SE"
374,2,465,"RG","SE"
319,1,465,"RG","SE"
17,5,465,"RG","SE"
87,1,465,"RG","SE"
284,1,465,"RG","SE"
78,21,465,"RG","SE"
378,1,465,"RG","SE"
404,1,465,"RG","SE"
169,1,465,"RG","SE"
11,27,465,"RG","SE"
462,1,465,"RG","SE"
232,4,465,"RG","SE"
27,2,465,"RG","SE"
285,3,465,"RG","SE"
415,1,465,"RG","SE"
138,2,465,"RG","SE"
394,1,465,"RG","SE"
223,1,465,"RG","SE"
352,2,465,"RG","SE"
89,1,465,"RG","SE"
124,4,465,"RG","SE"
305,1,465,"RG","SE"
370,1,465,"RG","SE"
110,1,465,"RG","SE"
257,1,465,"RG","SE"
33,12,465,"RG","SE"
276,3,465,"RG","SE"
207,1,466,"RG","SE"
102,1,466,"RG","SE"
65,4,466,"RG","SE"
125,1,466,"RG","SE"
223,1,466,"RG","SE"
157,1,466,"RG","SE"
151,1,466,"RG","SE"
245,1,466,"RG","SE"
493,7,466,"RG","SE"
25,1,466,"RG","SE"
232,4,466,"RG","SE"
341,2,466,"RG","SE"
110,1,466,"RG","SE"
108,1,466,"RG","SE"
194,1,466,"RG","SE"
235,1,466,"RG","SE"
214,1,466,"RG","SE"
494,8,466,"RG","SE"
302,2,466,"RG","SE"
86,2,466,"RG","SE"
534,3,466,"RG","SE"
387,1,466,"RG","SE"
13,1,466,"RG","SE"
203,1,466,"RG","SE"
505,11,466,"RG","SE"
222,2,466,"RG","SE"
516,4,466,"RG","SE"
199,1,466,"RG","SE"
301,1,466,"RG","SE"
225,1,466,"RG","SE"
458,1,466,"RG","SE"
528,5,467,"RG","SE"
467,4,467,"RG","SE"
123,4,467,"RG","SE"
308,2,467,"RG","SE"
418,1,467,"RG","SE"
286,1,467,"RG","SE"
502,7,467,"RG","SE"
257,1,467,"RG","SE"
143,1,467,"RG","SE"
508,14,467,"RG","SE"
72,9,467,"RG","SE"
16,3,467,"RG","SE"
474,1,467,"RG","SE"
68,5,467,"RG","SE"
380,2,467,"RG","SE"
28,50,467,"RG","SE"
440,1,467,"RG","SE"
535,3,467,"RG","SE"
191,1,467,"RG","SE"
328,1,467,"RG","SE"
490,4,467,"RG","SE"
504,10,467,"RG","SE"
462,1,467,"RG","SE"
505,11,467,"RG","SE"
374,2,467,"RG","SE"
436,1,467,"RG","SE"
500,22,467,"RG","SE"
266,1,467,"RG","SE"
496,22,467,"RG","SE"
483,5,467,"RG","SE"
372,1,467,"RG","SE"
169,1,468,"RG","SE"
257,1,468,"RG","SE"
457,2,468,"RG","SE"
463,1,468,"RG","SE"
433,2,468,"RG","SE"
441,1,468,"RG","SE"
130,1,468,"RG","SE"
247,3,468,"RG","SE"
466,1,468,"RG","SE"
524,2,468,"RG","SE"
304,2,468,"RG","SE"
404,1,468,"RG","SE"
170,1,468,"RG","SE"
500,22,468,"RG","SE"
10,1,468,"RG","SE"
425,4,468,"RG","SE"
168,1,468,"RG","SE"
190,1,468,"RG","SE"
129,2,468,"RG","SE"
397,1,468,"RG","SE"
83,2,468,"RG","SE"
124,4,468,"RG","SE"
366,1,468,"RG","SE"
87,1,468,"RG","SE"
458,1,468,"RG","SE"
44,30,468,"RG","SE"
515,4,468,"RG","SE"
395,1,468,"RG","SE"
367,2,468,"RG","SE"
516,4,468,"RG","SE"
80,6,468,"RG","SE"
245,1,469,"RG","SE"
430,1,469,"RG","SE"
147,1,469,"RG","SE"
474,1,469,"RG","SE"
140,1,469,"RG","SE"
11,27,469,"RG","SE"
380,2,469,"RG","SE"
225,1,469,"RG","SE"
425,4,469,"RG","SE"
235,1,469,"RG","SE"
5,4,469,"RG","SE"
482,5,469,"RG","SE"
527,8,469,"RG","SE"
469,5,469,"RG","SE"
130,1,469,"RG","SE"
500,22,469,"RG","SE"
433,2,469,"RG","SE"
309,1,469,"RG","SE"
204,2,469,"RG","SE"
296,1,469,"RG","SE"
115,1,469,"RG","SE"
198,2,469,"RG","SE"
494,8,469,"RG","SE"
445,10,469,"RG","SE"
534,3,469,"RG","SE"
377,2,469,"RG","SE"
108,1,469,"RG","SE"
104,2,469,"RG","SE"
16,3,469,"RG","SE"
131,1,469,"RG","SE"
207,1,469,"RG","SE"
456,1,470,"RG","SE"
257,1,470,"RG","SE"
269,1,470,"RG","SE"
141,2,470,"RG","SE"
14,30,470,"RG","SE"
286,1,470,"RG","SE"
313,3,470,"RG","SE"
319,1,470,"RG","SE"
389,3,470,"RG","SE"
243,2,470,"RG","SE"
291,1,470,"RG","SE"
259,6,470,"RG","SE"
102,1,470,"RG","SE"
493,7,470,"RG","SE"
523,4,470,"RG","SE"
255,1,470,"RG","SE"
3,5,470,"RG","SE"
13,1,470,"RG","SE"
128,1,470,"RG","SE"
363,2,470,"RG","SE"
170,1,470,"RG","SE"
302,2,470,"RG","SE"
194,1,470,"RG","SE"
533,5,470,"RG","SE"
11,27,470,"RG","SE"
513,6,470,"RG","SE"
101,1,470,"RG","SE"
199,1,470,"RG","SE"
146,1,470,"RG","SE"
149,1,470,"RG","SE"
467,4,470,"RG","SE"
255,1,471,"RG","SE"
533,5,471,"RG","SE"
248,5,471,"RG","SE"
169,1,471,"RG","SE"
91,5,471,"RG","SE"
435,2,471,"RG","SE"
519,3,471,"RG","SE"
422,4,471,"RG","SE"
244,3,471,"RG","SE"
382,1,471,"RG","SE"
376,3,471,"RG","SE"
389,3,471,"RG","SE"
483,5,471,"RG","SE"
57,9,471,"RG","SE"
486,5,471,"RG","SE"
296,1,471,"RG","SE"
301,1,471,"RG","SE"
228,1,471,"RG","SE"
119,1,471,"RG","SE"
222,2,471,"RG","SE"
175,1,471,"RG","SE"
76,4,471,"RG","SE"
340,1,471,"RG","SE"
534,3,471,"RG","SE"
20,7,471,"RG","SE"
436,1,471,"RG","SE"
474,1,471,"RG","SE"
354,2,471,"RG","SE"
395,1,471,"RG","SE"
86,2,471,"RG","SE"
541,8,471,"RG","SE"
422,4,472,"RG","SE"
164,6,472,"RG","SE"
170,1,472,"RG","SE"
202,1,472,"RG","SE"
57,9,472,"RG","SE"
493,7,472,"RG","SE"
276,3,472,"RG","SE"
65,4,472,"RG","SE"
305,1,472,"RG","SE"
85,15,472,"RG","SE"
523,4,472,"RG","SE"
490,4,472,"RG","SE"
535,3,472,"RG","SE"
519,3,472,"RG","SE"
250,1,472,"RG","SE"
61,50,472,"RG","SE"
508,14,472,"RG","SE"
138,2,472,"RG","SE"
143,1,472,"RG","SE"
105,1,472,"RG","SE"
3,5,472,"RG","SE"
286,1,472,"RG","SE"
187,1,472,"RG","SE"
142,1,472,"RG","SE"
399,1,472,"RG","SE"
123,4,472,"RG","SE"
343,9,472,"RG","SE"
248,5,472,"RG","SE"
528,5,472,"RG","SE"
209,1,472,"RG","SE"
277,1,472,"RG","SE"
477,4,473,"RG","SE"
129,2,473,"RG","SE"
175,1,473,"RG","SE"
456,1,473,"RG","SE"
67,9,473,"RG","SE"
500,22,473,"RG","SE"
372,1,473,"RG","SE"
517,6,473,"RG","SE"
142,1,473,"RG","SE"
207,1,473,"RG","SE"
433,2,473,"RG","SE"
36,3,473,"RG","SE"
283,1,473,"RG","SE"
439,1,473,"RG","SE"
419,1,473,"RG","SE"
157,1,473,"RG","SE"
28,50,473,"RG","SE"
219,1,473,"RG","SE"
183,3,473,"RG","SE"
445,10,473,"RG","SE"
520,2,473,"RG","SE"
64,9,473,"RG","SE"
541,8,473,"RG","SE"
330,1,473,"RG","SE"
190,1,473,"RG","SE"
467,4,473,"RG","SE"
389,3,473,"RG","SE"
254,1,473,"RG","SE"
332,1,473,"RG","SE"
27,2,473,"RG","SE"
532,5,473,"RG","SE"
140,1,474,"RG","SE"
286,1,474,"RG","SE"
187,1,474,"RG","SE"
144,1,474,"RG","SE"
207,1,474,"RG","SE"
481,2,474,"RG","SE"
532,5,474,"RG","SE"
345,1,474,"RG","SE"
147,1,474,"RG","SE"
191,1,474,"RG","SE"
254,1,474,"RG","SE"
244,3,474,"RG","SE"
155,1,474,"RG","SE"
308,2,474,"RG","SE"
193,2,474,"RG","SE"
313,3,474,"RG","SE"
26,59,474,"RG","SE"
232,4,474,"RG","SE"
12,11,474,"RG","SE"
185,1,474,"RG","SE"
198,2,474,"RG","SE"
57,9,474,"RG","SE"
264,1,474,"RG","SE"
312,1,474,"RG","SE"
309,1,474,"RG","SE"
33,12,474,"RG","SE"
3,5,474,"RG","SE"
138,2,474,"RG","SE"
25,1,474,"RG","SE"
142,1,474,"RG","SE"
390,1,474,"RG","SE"
36,3,475,"RG","SE"
488,6,475,"RG","SE"
354,2,475,"RG","SE"
326,2,475,"RG","SE"
479,6,475,"RG","SE"
254,1,475,"RG","SE"
11,27,475,"RG","SE"
17,5,475,"RG","SE"
140,1,475,"RG","SE"
369,2,475,"RG","SE"
366,1,475,"RG","SE"
235,1,475,"RG","SE"
5,4,475,"RG","SE"
305,1,475,"RG","SE"
483,5,475,"RG","SE"
489,4,475,"RG","SE"
457,2,475,"RG","SE"
438,6,475,"RG","SE"
76,4,475,"RG","SE"
42,1,475,"RG","SE"
357,1,475,"RG","SE"
302,2,475,"RG","SE"
330,1,475,"RG","SE"
303,6,475,"RG","SE"
276,3,475,"RG","SE"
421,4,475,"RG","SE"
49,1,475,"RG","SE"
545,1,475,"RG","SE"
392,1,475,"RG","SE"
463,1,475,"RG","SE"
250,1,475,"RG","SE"
33,12,476,"RG","SE"
277,1,476,"RG","SE"
488,6,476,"RG","SE"
15,2,476,"RG","SE"
19,5,476,"RG","SE"
370,1,476,"RG","SE"
532,5,476,"RG","SE"
235,1,476,"RG","SE"
125,1,476,"RG","SE"
232,4,476,"RG","SE"
534,3,476,"RG","SE"
264,1,476,"RG","SE"
244,3,476,"RG","SE"
318,3,476,"RG","SE"
222,2,476,"RG","SE"
457,2,476,"RG","SE"
458,1,476,"RG","SE"
531,2,476,"RG","SE"
14,30,476,"RG","SE"
294,3,476,"RG","SE"
426,4,476,"RG","SE"
141,2,476,"RG","SE"
285,3,476,"RG","SE"
452,1,476,"RG","SE"
351,1,476,"RG","SE"
441,1,476,"RG","SE"
308,2,476,"RG","SE"
404,1,476,"RG","SE"
309,1,476,"RG","SE"
547,1,476,"RG","SE"
67,9,476,"RG","SE"
198,2,477,"RG","SE"
457,2,477,"RG","SE"
11,27,477,"RG","SE"
404,1,477,"RG","SE"
207,1,477,"RG","SE"
435,2,477,"RG","SE"
425,4,477,"RG","SE"
525,9,477,"RG","SE"
7,21,477,"RG","SE"
54,39,477,"RG","SE"
284,1,477,"RG","SE"
344,1,477,"RG","SE"
22,4,477,"RG","SE"
252,2,477,"RG","SE"
77,17,477,"RG","SE"
277,1,477,"RG","SE"
390,1,477,"RG","SE"
149,1,477,"RG","SE"
155,1,477,"RG","SE"
268,1,477,"RG","SE"
479,6,477,"RG","SE"
336,1,477,"RG","SE"
381,3,477,"RG","SE"
116,1,477,"RG","SE"
244,3,477,"RG","SE"
209,1,477,"RG","SE"
64,9,477,"RG","SE"
533,5,477,"RG","SE"
322,3,477,"RG","SE"
27,2,477,"RG","SE"
235,1,477,"RG","SE"
544,1,478,"RG","SE"
322,3,478,"RG","SE"
103,1,478,"RG","SE"
352,2,478,"RG","SE"
394,1,478,"RG","SE"
310,1,478,"RG","SE"
345,1,478,"RG","SE"
112,4,478,"RG","SE"
273,1,478,"RG","SE"
397,1,478,"RG","SE"
506,7,478,"RG","SE"
131,1,478,"RG","SE"
149,1,478,"RG","SE"
141,2,478,"RG","SE"
194,1,478,"RG","SE"
54,39,478,"RG","SE"
441,1,478,"RG","SE"
207,1,478,"RG","SE"
14,30,478,"RG","SE"
526,2,478,"RG","SE"
255,1,478,"RG","SE"
305,1,478,"RG","SE"
219,1,478,"RG","SE"
374,2,478,"RG","SE"
155,1,478,"RG","SE"
447,4,478,"RG","SE"
438,6,478,"RG","SE"
520,2,478,"RG","SE"
235,1,478,"RG","SE"
528,5,478,"RG","SE"
4,5,478,"RG","SE"
458,1,479,"RG","SE"
452,1,479,"RG","SE"
115,1,479,"RG","SE"
344,1,479,"RG","SE"
284,1,479,"RG","SE"
462,1,479,"RG","SE"
38,3,479,"RG","SE"
510,9,479,"RG","SE"
489,4,479,"RG","SE"
282,1,479,"RG","SE"
36,3,479,"RG","SE"
515,4,479,"RG","SE"
49,1,479,"RG","SE"
91,5,479,"RG","SE"
305,1,479,"RG","SE"
131,1,479,"RG","SE"
254,1,479,"RG","SE"
437,1,479,"RG","SE"
285,3,479,"RG","SE"
168,1,479,"RG","SE"
111,1,479,"RG","SE"
413,1,479,"RG","SE"
486,5,479,"RG","SE"
119,1,479,"RG","SE"
395,1,479,"RG","SE"
57,9,479,"RG","SE"
42,1,479,"RG","SE"
538,2,479,"RG","SE"
340,1,479,"RG","SE"
519,3,479,"RG","SE"
365,2,479,"RG","SE"
336,1,480,"RG","SE"
123,4,480,"RG","SE"
222,2,480,"RG","SE"
68,5,480,"RG","SE"
390,1,480,"RG","SE"
129,2,480,"RG","SE"
108,1,480,"RG","SE"
535,3,480,"RG","SE"
83,2,480,"RG","SE"
279,1,480,"RG","SE"
3,5,480,"RG","SE"
85,15,480,"RG","SE"
440,1,480,"RG","SE"
310,1,480,"RG","SE"
377,2,480,"RG","SE"
7,21,480,"RG","SE"
368,1,480,"RG","SE"
482,5,480,"RG","SE"
514,6,480,"RG","SE"
309,1,480,"RG","SE"
425,4,480,"RG","SE"
541,8,480,"RG","SE"
228,1,480,"RG","SE"
519,3,480,"RG","SE"
259,6,480,"RG","SE"
291,1,480,"RG","SE"
527,8,480,"RG","SE"
209,1,480,"RG","SE"
397,1,480,"RG","SE"
111,1,480,"RG","SE"
269,1,480,"RG","SE"
413,1,481,"RG","SE"
422,4,481,"RG","SE"
535,3,481,"RG","SE"
415,1,481,"RG","SE"
131,1,481,"RG","SE"
42,1,481,"RG","SE"
91,5,481,"RG","SE"
183,3,481,"RG","SE"
358,16,481,"RG","SE"
19,5,481,"RG","SE"
151,1,481,"RG","SE"
538,2,481,"RG","SE"
148,1,481,"RG","SE"
445,10,481,"RG","SE"
487,4,481,"RG","SE"
26,59,481,"RG","SE"
264,1,481,"RG","SE"
124,4,481,"RG","SE"
32,6,481,"RG","SE"
12,11,481,"RG","SE"
105,1,481,"RG","SE"
366,1,481,"RG","SE"
138,2,481,"RG","SE"
283,1,481,"RG","SE"
505,11,481,"RG","SE"
198,2,481,"RG","SE"
22,4,481,"RG","SE"
44,30,481,"RG","SE"
204,2,481,"RG","SE"
276,3,481,"RG","SE"
51,2,481,"RG","SE"
366,1,482,"RG","SE"
190,1,482,"RG","SE"
25,1,482,"RG","SE"
548,1,482,"RG","SE"
261,3,482,"RG","SE"
467,4,482,"RG","SE"
389,3,482,"RG","SE"
538,2,482,"RG","SE"
349,1,482,"RG","SE"
541,8,482,"RG","SE"
65,4,482,"RG","SE"
38,3,482,"RG","SE"
357,1,482,"RG","SE"
441,1,482,"RG","SE"
531,2,482,"RG","SE"
130,1,482,"RG","SE"
171,1,482,"RG","SE"
257,1,482,"RG","SE"
510,9,482,"RG","SE"
119,1,482,"RG","SE"
219,1,482,"RG","SE"
129,2,482,"RG","SE"
207,1,482,"RG","SE"
264,1,482,"RG","SE"
153,1,482,"RG","SE"
401,1,482,"RG","SE"
332,1,482,"RG","SE"
183,3,482,"RG","SE"
534,3,482,"RG","SE"
105,1,482,"RG","SE"
235,1,482,"RG","SE"
28,50,483,"RG","SE"
253,1,483,"RG","SE"
105,1,483,"RG","SE"
51,2,483,"RG","SE"
140,1,483,"RG","SE"
284,1,483,"RG","SE"
317,2,483,"RG","SE"
199,1,483,"RG","SE"
148,1,483,"RG","SE"
544,1,483,"RG","SE"
397,1,483,"RG","SE"
164,6,483,"RG","SE"
103,1,483,"RG","SE"
326,2,483,"RG","SE"
104,2,483,"RG","SE"
401,1,483,"RG","SE"
467,4,483,"RG","SE"
520,2,483,"RG","SE"
83,2,483,"RG","SE"
126,3,483,"RG","SE"
264,1,483,"RG","SE"
80,6,483,"RG","SE"
455,3,483,"RG","SE"
250,1,483,"RG","SE"
313,3,483,"RG","SE"
547,1,483,"RG","SE"
417,1,483,"RG","SE"
4,5,483,"RG","SE"
452,1,483,"RG","SE"
166,1,483,"RG","SE"
42,1,483,"RG","SE"
486,5,484,"RG","SE"
469,5,484,"RG","SE"
516,4,484,"RG","SE"
461,1,484,"RG","SE"
15,2,484,"RG","SE"
489,4,484,"RG","SE"
476,1,484,"RG","SE"
273,1,484,"RG","SE"
463,1,484,"RG","SE"
266,1,484,"RG","SE"
319,1,484,"RG","SE"
479,6,484,"RG","SE"
248,5,484,"RG","SE"
369,2,484,"RG","SE"
344,1,484,"RG","SE"
87,1,484,"RG","SE"
11,27,484,"RG","SE"
141,2,484,"RG","SE"
26,59,484,"RG","SE"
389,3,484,"RG","SE"
318,3,484,"RG","SE"
395,1,484,"RG","SE"
105,1,484,"RG","SE"
166,1,484,"RG","SE"
466,1,484,"RG","SE"
286,1,484,"RG","SE"
244,3,484,"RG","SE"
250,1,484,"RG","SE"
72,9,484,"RG","SE"
422,4,484,"RG","SE"
302,2,484,"RG","SE"
504,10,485,"RG","SE"
266,1,485,"RG","SE"
10,1,485,"RG","SE"
166,1,485,"RG","SE"
501,17,485,"RG","SE"
538,2,485,"RG","SE"
489,4,485,"RG","SE"
328,1,485,"RG","SE"
471,3,485,"RG","SE"
222,2,485,"RG","SE"
309,1,485,"RG","SE"
513,6,485,"RG","SE"
381,3,485,"RG","SE"
535,3,485,"RG","SE"
302,2,485,"RG","SE"
430,1,485,"RG","SE"
51,2,485,"RG","SE"
101,1,485,"RG","SE"
190,1,485,"RG","SE"
431,1,485,"RG","SE"
349,1,485,"RG","SE"
132,1,485,"RG","SE"
494,8,485,"RG","SE"
524,2,485,"RG","SE"
102,1,485,"RG","SE"
532,5,485,"RG","SE"
106,1,485,"RG","SE"
243,2,485,"RG","SE"
252,2,485,"RG","SE"
526,2,485,"RG","SE"
26,59,485,"RG","SE"
141,2,486,"RG","SE"
462,1,486,"RG","SE"
431,1,486,"RG","SE"
326,2,486,"RG","SE"
142,1,486,"RG","SE"
123,4,486,"RG","SE"
131,1,486,"RG","SE"
531,2,486,"RG","SE"
153,1,486,"RG","SE"
202,1,486,"RG","SE"
465,1,486,"RG","SE"
222,2,486,"RG","SE"
245,1,486,"RG","SE"
219,1,486,"RG","SE"
194,1,486,"RG","SE"
282,1,486,"RG","SE"
426,4,486,"RG","SE"
461,1,486,"RG","SE"
490,4,486,"RG","SE"
261,3,486,"RG","SE"
370,1,486,"RG","SE"
445,10,486,"RG","SE"
310,1,486,"RG","SE"
317,2,486,"RG","SE"
45,1,486,"RG","SE"
14,30,486,"RG","SE"
482,5,486,"RG","SE"
305,1,486,"RG","SE"
157,1,486,"RG","SE"
501,17,486,"RG","SE"
65,4,486,"RG","SE"
382,1,487,"RG","SE"
105,1,487,"RG","SE"
363,2,487,"RG","SE"
261,3,487,"RG","SE"
179,12,487,"RG","SE"
282,1,487,"RG","SE"
68,5,487,"RG","SE"
431,1,487,"RG","SE"
284,1,487,"RG","SE"
352,2,487,"RG","SE"
185,1,487,"RG","SE"
28,50,487,"RG","SE"
130,1,487,"RG","SE"
209,1,487,"RG","SE"
486,5,487,"RG","SE"
169,1,487,"RG","SE"
422,4,487,"RG","SE"
61,50,487,"RG","SE"
354,2,487,"RG","SE"
418,1,487,"RG","SE"
171,1,487,"RG","SE"
264,1,487,"RG","SE"
415,1,487,"RG","SE"
513,6,487,"RG","SE"
129,2,487,"RG","SE"
404,1,487,"RG","SE"
367,2,487,"RG","SE"
296,1,487,"RG","SE"
436,1,487,"RG","SE"
357,1,487,"RG","SE"
484,4,487,"RG","SE"
129,2,488,"RG","SE"
10,1,488,"RG","SE"
36,3,488,"RG","SE"
326,2,488,"RG","SE"
160,1,488,"RG","SE"
237,1,488,"RG","SE"
336,1,488,"RG","SE"
431,1,488,"RG","SE"
304,2,488,"RG","SE"
232,4,488,"RG","SE"
363,2,488,"RG","SE"
376,3,488,"RG","SE"
258,1,488,"RG","SE"
33,12,488,"RG","SE"
395,1,488,"RG","SE"
366,1,488,"RG","SE"
457,2,488,"RG","SE"
341,2,488,"RG","SE"
146,1,488,"RG","SE"
415,1,488,"RG","SE"
131,1,488,"RG","SE"
455,3,488,"RG","SE"
381,3,488,"RG","SE"
228,1,488,"RG","SE"
171,1,488,"RG","SE"
279,1,488,"RG","SE"
17,5,488,"RG","SE"
203,1,488,"RG","SE"
438,6,488,"RG","SE"
199,1,488,"RG","SE"
89,1,488,"RG","SE"
501,17,489,"RG","SE"
252,2,489,"RG","SE"
80,6,489,"RG","SE"
19,5,489,"RG","SE"
148,1,489,"RG","SE"
247,3,489,"RG","SE"
155,1,489,"RG","SE"
65,4,489,"RG","SE"
283,1,489,"RG","SE"
7,21,489,"RG","SE"
469,5,489,"RG","SE"
254,1,489,"RG","SE"
313,3,489,"RG","SE"
419,1,489,"RG","SE"
458,1,489,"RG","SE"
147,1,489,"RG","SE"
484,4,489,"RG","SE"
228,1,489,"RG","SE"
399,1,489,"RG","SE"
525,9,489,"RG","SE"
144,1,489,"RG","SE"
376,3,489,"RG","SE"
149,1,489,"RG","SE"
369,2,489,"RG","SE"
479,6,489,"RG","SE"
438,6,489,"RG","SE"
255,1,489,"RG","SE"
170,1,489,"RG","SE"
404,1,489,"RG","SE"
198,2,489,"RG","SE"
131,1,489,"RG","SE"
486,5,490,"RG","SE"
363,2,490,"RG","SE"
366,1,490,"RG","SE"
540,8,490,"RG","SE"
352,2,490,"RG","SE"
322,3,490,"RG","SE"
123,4,490,"RG","SE"
310,1,490,"RG","SE"
151,1,490,"RG","SE"
225,1,490,"RG","SE"
112,4,490,"RG","SE"
390,1,490,"RG","SE"
142,1,490,"RG","SE"
102,1,490,"RG","SE"
91,5,490,"RG","SE"
506,7,490,"RG","SE"
349,1,490,"RG","SE"
243,2,490,"RG","SE"
461,1,490,"RG","SE"
223,1,490,"RG","SE"
115,1,490,"RG","SE"
369,2,490,"RG","SE"
104,2,490,"RG","SE"
13,1,490,"RG","SE"
49,1,490,"RG","SE"
111,1,490,"RG","SE"
481,2,490,"RG","SE"
3,5,490,"RG","SE"
186,2,490,"RG","SE"
463,1,490,"RG","SE"
483,5,490,"RG","SE"
250,1,491,"RG","SE"
57,9,491,"RG","SE"
143,1,491,"RG","SE"
101,1,491,"RG","SE"
214,1,491,"RG","SE"
130,1,491,"RG","SE"
548,1,491,"RG","SE"
202,1,491,"RG","SE"
273,1,491,"RG","SE"
534,3,491,"RG","SE"
149,1,491,"RG","SE"
531,2,491,"RG","SE"
291,1,491,"RG","SE"
441,1,491,"RG","SE"
430,1,491,"RG","SE"
319,1,491,"RG","SE"
332,1,491,"RG","SE"
3,5,491,"RG","SE"
142,1,491,"RG","SE"
482,5,491,"RG","SE"
258,1,491,"RG","SE"
244,3,491,"RG","SE"
284,1,491,"RG","SE"
223,1,491,"RG","SE"
480,6,491,"RG","SE"
126,3,491,"RG","SE"
11,27,491,"RG","SE"
286,1,491,"RG","SE"
170,1,491,"RG","SE"
17,5,491,"RG","SE"
146,1,491,"RG","SE"
541,8,492,"RG","SE"
513,6,492,"RG","SE"
264,1,492,"RG","SE"
76,4,492,"RG","SE"
548,1,492,"RG","SE"
140,1,492,"RG","SE"
253,1,492,"RG","SE"
228,1,492,"RG","SE"
80,6,492,"RG","SE"
418,1,492,"RG","SE"
319,1,492,"RG","SE"
529,5,492,"RG","SE"
168,1,492,"RG","SE"
517,6,492,"RG","SE"
476,1,492,"RG","SE"
105,1,492,"RG","SE"
469,5,492,"RG","SE"
467,4,492,"RG","SE"
547,1,492,"RG","SE"
372,1,492,"RG","SE"
242,1,492,"RG","SE"
501,17,492,"RG","SE"
455,3,492,"RG","SE"
87,1,492,"RG","SE"
131,1,492,"RG","SE"
77,17,492,"RG","SE"
20,7,492,"RG","SE"
322,3,492,"RG","SE"
462,1,492,"RG","SE"
85,15,492,"RG","SE"
310,1,492,"RG","SE"
124,4,493,"RG","SE"
101,1,493,"RG","SE"
404,1,493,"RG","SE"
477,4,493,"RG","SE"
77,17,493,"RG","SE"
303,6,493,"RG","SE"
351,1,493,"RG","SE"
19,5,493,"RG","SE"
266,1,493,"RG","SE"
395,1,493,"RG","SE"
112,4,493,"RG","SE"
363,2,493,"RG","SE"
387,1,493,"RG","SE"
144,1,493,"RG","SE"
480,6,493,"RG","SE"
422,4,493,"RG","SE"
27,2,493,"RG","SE"
535,3,493,"RG","SE"
529,5,493,"RG","SE"
483,5,493,"RG","SE"
228,1,493,"RG","SE"
193,2,493,"RG","SE"
452,1,493,"RG","SE"
273,1,493,"RG","SE"
539,1,493,"RG","SE"
204,2,493,"RG","SE"
185,1,493,"RG","SE"
502,7,493,"RG","SE"
32,6,493,"RG","SE"
164,6,493,"RG","SE"
285,3,493,"RG","SE"
404,1,494,"RG","SE"
126,3,494,"RG","SE"
413,1,494,"RG","SE"
425,4,494,"RG","SE"
476,1,494,"RG","SE"
27,2,494,"RG","SE"
187,1,494,"RG","SE"
500,22,494,"RG","SE"
111,1,494,"RG","SE"
377,2,494,"RG","SE"
283,1,494,"RG","SE"
87,1,494,"RG","SE"
51,2,494,"RG","SE"
445,10,494,"RG","SE"
179,12,494,"RG","SE"
112,4,494,"RG","SE"
456,1,494,"RG","SE"
368,1,494,"RG","SE"
349,1,494,"RG","SE"
438,6,494,"RG","SE"
494,8,494,"RG","SE"
318,3,494,"RG","SE"
328,1,494,"RG","SE"
185,1,494,"RG","SE"
261,3,494,"RG","SE"
370,1,494,"RG","SE"
264,1,494,"RG","SE"
12,11,494,"RG","SE"
389,3,494,"RG","SE"
125,1,494,"RG","SE"
144,1,494,"RG","SE"
369,2,495,"RG","SE"
469,5,495,"RG","SE"
129,2,495,"RG","SE"
266,1,495,"RG","SE"
21,7,495,"RG","SE"
481,2,495,"RG","SE"
317,2,495,"RG","SE"
171,1,495,"RG","SE"
3,5,495,"RG","SE"
28,50,495,"RG","SE"
415,1,495,"RG","SE"
419,1,495,"RG","SE"
4,5,495,"RG","SE"
214,1,495,"RG","SE"
488,6,495,"RG","SE"
399,1,495,"RG","SE"
145,1,495,"RG","SE"
380,2,495,"RG","SE"
345,1,495,"RG","SE"
116,1,495,"RG","SE"
138,2,495,"RG","SE"
283,1,495,"RG","SE"
528,5,495,"RG","SE"
433,2,495,"RG","SE"
389,3,495,"RG","SE"
101,1,495,"RG","SE"
143,1,495,"RG","SE"
247,3,495,"RG","SE"
318,3,495,"RG","SE"
86,2,495,"RG","SE"
130,1,495,"RG","SE"
392,1,496,"RG","SE"
317,2,496,"RG","SE"
376,3,496,"RG","SE"
524,2,496,"RG","SE"
389,3,496,"RG","SE"
32,6,496,"RG","SE"
242,1,496,"RG","SE"
204,2,496,"RG","SE"
401,1,496,"RG","SE"
190,1,496,"RG","SE"
57,9,496,"RG","SE"
44,30,496,"RG","SE"
474,1,496,"RG","SE"
105,1,496,"RG","SE"
548,1,496,"RG","SE"
318,3,496,"RG","SE"
480,6,496,"RG","SE"
15,2,496,"RG","SE"
366,1,496,"RG","SE"
348,2,496,"RG","SE"
278,1,496,"RG","SE"
463,1,496,"RG","SE"
413,1,496,"RG","SE"
89,1,496,"RG","SE"
140,1,496,"RG","SE"
425,4,496,"RG","SE"
469,5,496,"RG","SE"
378,1,496,"RG","SE"
151,1,496,"RG","SE"
470,5,496,"RG","SE"
102,1,496,"RG","SE"
45,1,497,"RG","SE"
330,1,497,"RG","SE"
526,2,497,"RG","SE"
345,1,497,"RG","SE"
540,8,497,"RG","SE"
186,2,497,"RG","SE"
438,6,497,"RG","SE"
348,2,497,"RG","SE"
140,1,497,"RG","SE"
258,1,497,"RG","SE"
42,1,497,"RG","SE"
349,1,497,"RG","SE"
294,3,497,"RG","SE"
365,2,497,"RG","SE"
7,21,497,"RG","SE"
493,7,497,"RG","SE"
199,1,497,"RG","SE"
304,2,497,"RG","SE"
500,22,497,"RG","SE"
547,1,497,"RG","SE"
422,4,497,"RG","SE"
430,1,497,"RG","SE"
105,1,497,"RG","SE"
151,1,497,"RG","SE"
502,7,497,"RG","SE"
223,1,497,"RG","SE"
77,17,497,"RG","SE"
228,1,497,"RG","SE"
376,3,497,"RG","SE"
340,1,497,"RG","SE"
534,3,497,"RG","SE"
155,1,498,"RG","SE"
16,3,498,"RG","SE"
465,1,498,"RG","SE"
28,50,498,"RG","SE"
19,5,498,"RG","SE"
140,1,498,"RG","SE"
166,1,498,"RG","SE"
457,2,498,"RG","SE"
254,1,498,"RG","SE"
132,1,498,"RG","SE"
72,9,498,"RG","SE"
187,1,498,"RG","SE"
91,5,498,"RG","SE"
501,17,498,"RG","SE"
61,50,498,"RG","SE"
124,4,498,"RG","SE"
529,5,498,"RG","SE"
421,4,498,"RG","SE"
332,1,498,"RG","SE"
131,1,498,"RG","SE"
25,1,498,"RG","SE"
463,1,498,"RG","SE"
404,1,498,"RG","SE"
101,1,498,"RG","SE"
318,3,498,"RG","SE"
36,3,498,"RG","SE"
535,3,498,"RG","SE"
153,1,498,"RG","SE"
363,2,498,"RG","SE"
493,7,498,"RG","SE"
4,5,498,"RG","SE"
80,6,499,"RG","SE"
173,2,499,"RG","SE"
433,2,499,"RG","SE"
498,25,499,"RG","SE"
369,2,499,"RG","SE"
140,1,499,"RG","SE"
535,3,499,"RG","SE"
377,2,499,"RG","SE"
481,2,499,"RG","SE"
164,6,499,"RG","SE"
417,1,499,"RG","SE"
382,1,499,"RG","SE"
12,11,499,"RG","SE"
32,6,499,"RG","SE"
89,1,499,"RG","SE"
278,1,499,"RG","SE"
303,6,499,"RG","SE"
351,1,499,"RG","SE"
418,1,499,"RG","SE"
496,22,499,"RG","SE"
232,4,499,"RG","SE"
524,2,499,"RG","SE"
539,1,499,"RG","SE"
392,1,499,"RG","SE"
21,7,499,"RG","SE"
516,4,499,"RG","SE"
4,5,499,"RG","SE"
344,1,499,"RG","SE"
119,1,499,"RG","SE"
138,2,499,"RG","SE"
328,1,499,"RG","SE"
20,7,500,"RG","SE"
547,1,500,"RG","SE"
482,5,500,"RG","SE"
10,1,500,"RG","SE"
490,4,500,"RG","SE"
310,1,500,"RG","SE"
483,5,500,"RG","SE"
527,8,500,"RG","SE"
508,14,500,"RG","SE"
328,1,500,"RG","SE"
471,3,500,"RG","SE"
463,1,500,"RG","SE"
17,5,500,"RG","SE"
268,1,500,"RG","SE"
548,1,500,"RG","SE"
144,1,500,"RG","SE"
145,1,500,"RG","SE"
415,1,500,"RG","SE"
278,1,500,"RG","SE"
340,1,500,"RG","SE"
361,3,500,"RG","SE"
78,21,500,"RG","SE"
474,1,500,"RG","SE"
430,1,500,"RG","SE"
502,7,500,"RG","SE"
476,1,500,"RG","SE"
194,1,500,"RG","SE"
223,1,500,"RG","SE"
190,1,500,"RG","SE"
445,10,500,"RG","SE"
348,2,500,"RG","SE"
