"species_rem","degree","iteration","habitat_from","management"
482,3,1,"LP","I"
144,1,1,"LP","I"
11,32,1,"LP","I"
250,1,1,"LP","I"
433,2,1,"LP","I"
341,2,1,"LP","I"
306,1,1,"LP","I"
499,35,1,"LP","I"
12,11,1,"LP","I"
514,3,1,"LP","I"
39,1,1,"LP","I"
439,1,1,"LP","I"
60,5,1,"LP","I"
517,3,1,"LP","I"
140,1,1,"LP","I"
231,1,1,"LP","I"
54,8,1,"LP","I"
370,1,1,"LP","I"
36,5,1,"LP","I"
358,15,1,"LP","I"
72,9,2,"LP","I"
499,35,2,"LP","I"
197,1,2,"LP","I"
19,11,2,"LP","I"
248,1,2,"LP","I"
28,33,2,"LP","I"
48,6,2,"LP","I"
57,12,2,"LP","I"
30,3,2,"LP","I"
410,2,2,"LP","I"
127,1,2,"LP","I"
361,4,2,"LP","I"
524,1,2,"LP","I"
170,1,2,"LP","I"
327,1,2,"LP","I"
326,1,2,"LP","I"
51,3,2,"LP","I"
26,62,2,"LP","I"
516,3,2,"LP","I"
16,8,2,"LP","I"
337,2,3,"LP","I"
76,7,3,"LP","I"
44,23,3,"LP","I"
20,8,3,"LP","I"
232,3,3,"LP","I"
425,4,3,"LP","I"
401,1,3,"LP","I"
105,1,3,"LP","I"
41,2,3,"LP","I"
447,3,3,"LP","I"
51,3,3,"LP","I"
181,1,3,"LP","I"
365,2,3,"LP","I"
45,8,3,"LP","I"
499,35,3,"LP","I"
317,2,3,"LP","I"
91,9,3,"LP","I"
132,1,3,"LP","I"
255,2,3,"LP","I"
173,1,3,"LP","I"
86,4,4,"LP","I"
36,5,4,"LP","I"
363,1,4,"LP","I"
164,4,4,"LP","I"
28,33,4,"LP","I"
5,7,4,"LP","I"
367,2,4,"LP","I"
361,4,4,"LP","I"
46,5,4,"LP","I"
341,2,4,"LP","I"
483,3,4,"LP","I"
209,1,4,"LP","I"
228,1,4,"LP","I"
419,1,4,"LP","I"
516,3,4,"LP","I"
422,3,4,"LP","I"
138,3,4,"LP","I"
525,4,4,"LP","I"
56,7,4,"LP","I"
433,2,4,"LP","I"
232,3,5,"LP","I"
284,1,5,"LP","I"
433,2,5,"LP","I"
44,23,5,"LP","I"
381,2,5,"LP","I"
62,8,5,"LP","I"
286,1,5,"LP","I"
45,8,5,"LP","I"
471,2,5,"LP","I"
327,1,5,"LP","I"
500,29,5,"LP","I"
81,2,5,"LP","I"
348,2,5,"LP","I"
377,2,5,"LP","I"
302,2,5,"LP","I"
514,3,5,"LP","I"
264,1,5,"LP","I"
318,2,5,"LP","I"
129,1,5,"LP","I"
13,3,5,"LP","I"
515,2,6,"LP","I"
483,3,6,"LP","I"
232,3,6,"LP","I"
389,2,6,"LP","I"
72,9,6,"LP","I"
131,1,6,"LP","I"
101,2,6,"LP","I"
369,1,6,"LP","I"
61,39,6,"LP","I"
439,1,6,"LP","I"
299,1,6,"LP","I"
56,7,6,"LP","I"
124,1,6,"LP","I"
17,6,6,"LP","I"
20,8,6,"LP","I"
59,5,6,"LP","I"
378,1,6,"LP","I"
30,3,6,"LP","I"
270,1,6,"LP","I"
39,1,6,"LP","I"
421,4,7,"LP","I"
198,1,7,"LP","I"
286,1,7,"LP","I"
126,3,7,"LP","I"
381,2,7,"LP","I"
190,2,7,"LP","I"
419,1,7,"LP","I"
30,3,7,"LP","I"
181,1,7,"LP","I"
62,8,7,"LP","I"
314,1,7,"LP","I"
231,1,7,"LP","I"
44,23,7,"LP","I"
368,1,7,"LP","I"
17,6,7,"LP","I"
318,2,7,"LP","I"
516,3,7,"LP","I"
390,1,7,"LP","I"
396,1,7,"LP","I"
458,1,7,"LP","I"
513,2,8,"LP","I"
504,39,8,"LP","I"
138,3,8,"LP","I"
495,14,8,"LP","I"
59,5,8,"LP","I"
301,1,8,"LP","I"
377,2,8,"LP","I"
57,12,8,"LP","I"
276,2,8,"LP","I"
46,5,8,"LP","I"
523,4,8,"LP","I"
28,33,8,"LP","I"
8,6,8,"LP","I"
252,1,8,"LP","I"
517,3,8,"LP","I"
465,1,8,"LP","I"
209,1,8,"LP","I"
381,2,8,"LP","I"
320,1,8,"LP","I"
33,13,8,"LP","I"
430,1,9,"LP","I"
51,3,9,"LP","I"
82,1,9,"LP","I"
44,23,9,"LP","I"
209,1,9,"LP","I"
60,5,9,"LP","I"
278,1,9,"LP","I"
381,2,9,"LP","I"
222,1,9,"LP","I"
129,1,9,"LP","I"
455,3,9,"LP","I"
48,6,9,"LP","I"
495,14,9,"LP","I"
286,1,9,"LP","I"
367,2,9,"LP","I"
158,1,9,"LP","I"
59,5,9,"LP","I"
41,2,9,"LP","I"
26,62,9,"LP","I"
193,1,9,"LP","I"
197,1,10,"LP","I"
497,36,10,"LP","I"
361,4,10,"LP","I"
327,1,10,"LP","I"
301,1,10,"LP","I"
308,1,10,"LP","I"
524,1,10,"LP","I"
224,1,10,"LP","I"
113,1,10,"LP","I"
372,1,10,"LP","I"
51,3,10,"LP","I"
380,2,10,"LP","I"
47,11,10,"LP","I"
166,1,10,"LP","I"
32,11,10,"LP","I"
76,7,10,"LP","I"
502,22,10,"LP","I"
284,1,10,"LP","I"
124,1,10,"LP","I"
131,1,10,"LP","I"
17,6,11,"LP","I"
8,6,11,"LP","I"
81,2,11,"LP","I"
343,7,11,"LP","I"
437,1,11,"LP","I"
534,4,11,"LP","I"
327,1,11,"LP","I"
67,11,11,"LP","I"
486,3,11,"LP","I"
78,12,11,"LP","I"
186,1,11,"LP","I"
439,1,11,"LP","I"
458,1,11,"LP","I"
276,2,11,"LP","I"
113,1,11,"LP","I"
129,1,11,"LP","I"
299,1,11,"LP","I"
127,1,11,"LP","I"
354,2,11,"LP","I"
270,1,11,"LP","I"
301,1,12,"LP","I"
62,8,12,"LP","I"
534,4,12,"LP","I"
248,1,12,"LP","I"
433,2,12,"LP","I"
186,1,12,"LP","I"
441,1,12,"LP","I"
81,2,12,"LP","I"
266,1,12,"LP","I"
419,1,12,"LP","I"
28,33,12,"LP","I"
525,4,12,"LP","I"
13,3,12,"LP","I"
320,1,12,"LP","I"
67,11,12,"LP","I"
244,2,12,"LP","I"
132,1,12,"LP","I"
101,2,12,"LP","I"
508,19,12,"LP","I"
196,2,12,"LP","I"
284,1,13,"LP","I"
389,2,13,"LP","I"
363,1,13,"LP","I"
417,1,13,"LP","I"
54,8,13,"LP","I"
469,4,13,"LP","I"
69,1,13,"LP","I"
8,6,13,"LP","I"
349,1,13,"LP","I"
132,1,13,"LP","I"
101,2,13,"LP","I"
38,6,13,"LP","I"
57,12,13,"LP","I"
140,1,13,"LP","I"
127,1,13,"LP","I"
14,37,13,"LP","I"
504,39,13,"LP","I"
368,1,13,"LP","I"
173,1,13,"LP","I"
455,3,13,"LP","I"
361,4,14,"LP","I"
471,2,14,"LP","I"
514,3,14,"LP","I"
447,3,14,"LP","I"
463,1,14,"LP","I"
508,19,14,"LP","I"
282,1,14,"LP","I"
501,24,14,"LP","I"
51,3,14,"LP","I"
318,2,14,"LP","I"
183,1,14,"LP","I"
64,15,14,"LP","I"
276,2,14,"LP","I"
497,36,14,"LP","I"
20,8,14,"LP","I"
202,1,14,"LP","I"
467,4,14,"LP","I"
370,1,14,"LP","I"
23,8,14,"LP","I"
344,1,14,"LP","I"
497,36,15,"LP","I"
369,1,15,"LP","I"
483,3,15,"LP","I"
317,2,15,"LP","I"
105,1,15,"LP","I"
500,29,15,"LP","I"
287,1,15,"LP","I"
17,6,15,"LP","I"
249,2,15,"LP","I"
186,1,15,"LP","I"
503,25,15,"LP","I"
30,3,15,"LP","I"
314,1,15,"LP","I"
302,2,15,"LP","I"
486,3,15,"LP","I"
318,2,15,"LP","I"
504,39,15,"LP","I"
517,3,15,"LP","I"
525,4,15,"LP","I"
171,1,15,"LP","I"
170,1,16,"LP","I"
47,11,16,"LP","I"
517,3,16,"LP","I"
202,1,16,"LP","I"
7,10,16,"LP","I"
129,1,16,"LP","I"
421,4,16,"LP","I"
498,32,16,"LP","I"
317,2,16,"LP","I"
465,1,16,"LP","I"
370,1,16,"LP","I"
36,5,16,"LP","I"
284,1,16,"LP","I"
470,4,16,"LP","I"
422,3,16,"LP","I"
46,5,16,"LP","I"
19,11,16,"LP","I"
519,2,16,"LP","I"
144,1,16,"LP","I"
504,39,16,"LP","I"
396,1,17,"LP","I"
236,1,17,"LP","I"
282,1,17,"LP","I"
279,1,17,"LP","I"
278,1,17,"LP","I"
252,1,17,"LP","I"
190,2,17,"LP","I"
138,3,17,"LP","I"
455,3,17,"LP","I"
181,1,17,"LP","I"
308,1,17,"LP","I"
16,8,17,"LP","I"
426,2,17,"LP","I"
39,1,17,"LP","I"
112,2,17,"LP","I"
249,2,17,"LP","I"
326,1,17,"LP","I"
286,1,17,"LP","I"
525,4,17,"LP","I"
344,1,17,"LP","I"
299,1,18,"LP","I"
381,2,18,"LP","I"
430,1,18,"LP","I"
81,2,18,"LP","I"
351,2,18,"LP","I"
36,5,18,"LP","I"
439,1,18,"LP","I"
101,2,18,"LP","I"
380,2,18,"LP","I"
433,2,18,"LP","I"
44,23,18,"LP","I"
394,1,18,"LP","I"
327,1,18,"LP","I"
467,4,18,"LP","I"
56,7,18,"LP","I"
17,6,18,"LP","I"
7,10,18,"LP","I"
247,1,18,"LP","I"
164,4,18,"LP","I"
126,3,18,"LP","I"
514,3,19,"LP","I"
54,8,19,"LP","I"
467,4,19,"LP","I"
291,1,19,"LP","I"
236,1,19,"LP","I"
430,1,19,"LP","I"
72,9,19,"LP","I"
421,4,19,"LP","I"
534,4,19,"LP","I"
80,6,19,"LP","I"
374,2,19,"LP","I"
222,1,19,"LP","I"
61,39,19,"LP","I"
508,19,19,"LP","I"
142,1,19,"LP","I"
32,11,19,"LP","I"
7,10,19,"LP","I"
132,1,19,"LP","I"
14,37,19,"LP","I"
51,3,19,"LP","I"
64,15,20,"LP","I"
223,1,20,"LP","I"
522,2,20,"LP","I"
250,1,20,"LP","I"
213,1,20,"LP","I"
322,1,20,"LP","I"
197,1,20,"LP","I"
470,4,20,"LP","I"
326,1,20,"LP","I"
236,1,20,"LP","I"
513,2,20,"LP","I"
48,6,20,"LP","I"
439,1,20,"LP","I"
282,1,20,"LP","I"
390,1,20,"LP","I"
463,1,20,"LP","I"
222,1,20,"LP","I"
17,6,20,"LP","I"
519,2,20,"LP","I"
380,2,20,"LP","I"
397,1,21,"LP","I"
320,1,21,"LP","I"
410,2,21,"LP","I"
522,2,21,"LP","I"
270,1,21,"LP","I"
36,5,21,"LP","I"
516,3,21,"LP","I"
170,1,21,"LP","I"
54,8,21,"LP","I"
249,2,21,"LP","I"
381,2,21,"LP","I"
101,2,21,"LP","I"
515,2,21,"LP","I"
282,1,21,"LP","I"
517,3,21,"LP","I"
140,1,21,"LP","I"
484,2,21,"LP","I"
318,2,21,"LP","I"
255,2,21,"LP","I"
437,1,21,"LP","I"
14,37,22,"LP","I"
16,8,22,"LP","I"
439,1,22,"LP","I"
484,2,22,"LP","I"
351,2,22,"LP","I"
8,6,22,"LP","I"
525,4,22,"LP","I"
326,1,22,"LP","I"
397,1,22,"LP","I"
91,9,22,"LP","I"
141,1,22,"LP","I"
32,11,22,"LP","I"
358,15,22,"LP","I"
250,1,22,"LP","I"
317,2,22,"LP","I"
320,1,22,"LP","I"
425,4,22,"LP","I"
198,1,22,"LP","I"
249,2,22,"LP","I"
223,1,22,"LP","I"
467,4,23,"LP","I"
14,37,23,"LP","I"
515,2,23,"LP","I"
19,11,23,"LP","I"
28,33,23,"LP","I"
438,7,23,"LP","I"
248,1,23,"LP","I"
348,2,23,"LP","I"
464,1,23,"LP","I"
91,9,23,"LP","I"
142,1,23,"LP","I"
380,2,23,"LP","I"
482,3,23,"LP","I"
308,1,23,"LP","I"
302,2,23,"LP","I"
183,1,23,"LP","I"
285,1,23,"LP","I"
305,1,23,"LP","I"
299,1,23,"LP","I"
17,6,23,"LP","I"
421,4,24,"LP","I"
439,1,24,"LP","I"
363,1,24,"LP","I"
196,2,24,"LP","I"
278,1,24,"LP","I"
112,2,24,"LP","I"
394,1,24,"LP","I"
181,1,24,"LP","I"
357,1,24,"LP","I"
142,1,24,"LP","I"
397,1,24,"LP","I"
105,1,24,"LP","I"
306,1,24,"LP","I"
314,1,24,"LP","I"
123,3,24,"LP","I"
39,1,24,"LP","I"
438,7,24,"LP","I"
437,1,24,"LP","I"
36,5,24,"LP","I"
349,1,24,"LP","I"
64,15,25,"LP","I"
390,1,25,"LP","I"
181,1,25,"LP","I"
500,29,25,"LP","I"
501,24,25,"LP","I"
62,8,25,"LP","I"
32,11,25,"LP","I"
317,2,25,"LP","I"
314,1,25,"LP","I"
306,1,25,"LP","I"
358,15,25,"LP","I"
197,1,25,"LP","I"
228,1,25,"LP","I"
16,8,25,"LP","I"
249,2,25,"LP","I"
322,1,25,"LP","I"
422,3,25,"LP","I"
430,1,25,"LP","I"
484,2,25,"LP","I"
378,1,25,"LP","I"
143,1,26,"LP","I"
376,3,26,"LP","I"
244,2,26,"LP","I"
67,11,26,"LP","I"
361,4,26,"LP","I"
123,3,26,"LP","I"
396,1,26,"LP","I"
248,1,26,"LP","I"
341,2,26,"LP","I"
482,3,26,"LP","I"
66,1,26,"LP","I"
415,1,26,"LP","I"
519,2,26,"LP","I"
430,1,26,"LP","I"
13,3,26,"LP","I"
369,1,26,"LP","I"
508,19,26,"LP","I"
48,6,26,"LP","I"
441,1,26,"LP","I"
522,2,26,"LP","I"
457,2,27,"LP","I"
66,1,27,"LP","I"
209,1,27,"LP","I"
7,10,27,"LP","I"
61,39,27,"LP","I"
142,1,27,"LP","I"
378,1,27,"LP","I"
410,2,27,"LP","I"
426,2,27,"LP","I"
430,1,27,"LP","I"
495,14,27,"LP","I"
523,4,27,"LP","I"
369,1,27,"LP","I"
112,2,27,"LP","I"
127,1,27,"LP","I"
224,1,27,"LP","I"
203,1,27,"LP","I"
458,1,27,"LP","I"
358,15,27,"LP","I"
86,4,27,"LP","I"
264,1,28,"LP","I"
291,1,28,"LP","I"
46,5,28,"LP","I"
482,3,28,"LP","I"
517,3,28,"LP","I"
209,1,28,"LP","I"
513,2,28,"LP","I"
228,1,28,"LP","I"
367,2,28,"LP","I"
376,3,28,"LP","I"
4,11,28,"LP","I"
390,1,28,"LP","I"
138,3,28,"LP","I"
44,23,28,"LP","I"
361,4,28,"LP","I"
441,1,28,"LP","I"
425,4,28,"LP","I"
16,8,28,"LP","I"
91,9,28,"LP","I"
17,6,28,"LP","I"
138,3,29,"LP","I"
166,1,29,"LP","I"
276,2,29,"LP","I"
286,1,29,"LP","I"
80,6,29,"LP","I"
365,2,29,"LP","I"
306,1,29,"LP","I"
422,3,29,"LP","I"
447,3,29,"LP","I"
291,1,29,"LP","I"
430,1,29,"LP","I"
417,1,29,"LP","I"
66,1,29,"LP","I"
45,8,29,"LP","I"
113,1,29,"LP","I"
30,3,29,"LP","I"
26,62,29,"LP","I"
56,7,29,"LP","I"
126,3,29,"LP","I"
285,1,29,"LP","I"
320,1,30,"LP","I"
45,8,30,"LP","I"
341,2,30,"LP","I"
64,15,30,"LP","I"
255,2,30,"LP","I"
374,2,30,"LP","I"
381,2,30,"LP","I"
361,4,30,"LP","I"
522,2,30,"LP","I"
173,1,30,"LP","I"
101,2,30,"LP","I"
91,9,30,"LP","I"
306,1,30,"LP","I"
505,16,30,"LP","I"
362,1,30,"LP","I"
317,2,30,"LP","I"
266,1,30,"LP","I"
370,1,30,"LP","I"
415,1,30,"LP","I"
4,11,30,"LP","I"
244,2,31,"LP","I"
419,1,31,"LP","I"
341,2,31,"LP","I"
304,1,31,"LP","I"
357,1,31,"LP","I"
236,1,31,"LP","I"
186,1,31,"LP","I"
60,5,31,"LP","I"
54,8,31,"LP","I"
369,1,31,"LP","I"
64,15,31,"LP","I"
302,2,31,"LP","I"
457,2,31,"LP","I"
183,1,31,"LP","I"
496,32,31,"LP","I"
417,1,31,"LP","I"
57,12,31,"LP","I"
237,1,31,"LP","I"
286,1,31,"LP","I"
62,8,31,"LP","I"
343,7,32,"LP","I"
197,1,32,"LP","I"
171,1,32,"LP","I"
57,12,32,"LP","I"
270,1,32,"LP","I"
113,1,32,"LP","I"
441,1,32,"LP","I"
378,1,32,"LP","I"
19,11,32,"LP","I"
457,2,32,"LP","I"
348,2,32,"LP","I"
144,1,32,"LP","I"
66,1,32,"LP","I"
39,1,32,"LP","I"
417,1,32,"LP","I"
534,4,32,"LP","I"
483,3,32,"LP","I"
158,1,32,"LP","I"
228,1,32,"LP","I"
372,1,32,"LP","I"
173,1,33,"LP","I"
19,11,33,"LP","I"
377,2,33,"LP","I"
62,8,33,"LP","I"
447,3,33,"LP","I"
129,1,33,"LP","I"
291,1,33,"LP","I"
101,2,33,"LP","I"
32,11,33,"LP","I"
439,1,33,"LP","I"
30,3,33,"LP","I"
86,4,33,"LP","I"
16,8,33,"LP","I"
430,1,33,"LP","I"
421,4,33,"LP","I"
171,1,33,"LP","I"
54,8,33,"LP","I"
396,1,33,"LP","I"
374,2,33,"LP","I"
504,39,33,"LP","I"
291,1,34,"LP","I"
4,11,34,"LP","I"
33,13,34,"LP","I"
435,3,34,"LP","I"
341,2,34,"LP","I"
358,15,34,"LP","I"
190,2,34,"LP","I"
198,1,34,"LP","I"
140,1,34,"LP","I"
17,6,34,"LP","I"
248,1,34,"LP","I"
129,1,34,"LP","I"
401,1,34,"LP","I"
171,1,34,"LP","I"
14,37,34,"LP","I"
465,1,34,"LP","I"
504,39,34,"LP","I"
517,3,34,"LP","I"
500,29,34,"LP","I"
5,7,34,"LP","I"
504,39,35,"LP","I"
86,4,35,"LP","I"
464,1,35,"LP","I"
198,1,35,"LP","I"
183,1,35,"LP","I"
223,1,35,"LP","I"
123,3,35,"LP","I"
282,1,35,"LP","I"
377,2,35,"LP","I"
313,1,35,"LP","I"
502,22,35,"LP","I"
44,23,35,"LP","I"
48,6,35,"LP","I"
209,1,35,"LP","I"
390,1,35,"LP","I"
259,5,35,"LP","I"
67,11,35,"LP","I"
397,1,35,"LP","I"
113,1,35,"LP","I"
348,2,35,"LP","I"
397,1,36,"LP","I"
183,1,36,"LP","I"
417,1,36,"LP","I"
499,35,36,"LP","I"
349,1,36,"LP","I"
123,3,36,"LP","I"
252,1,36,"LP","I"
46,5,36,"LP","I"
66,1,36,"LP","I"
287,1,36,"LP","I"
381,2,36,"LP","I"
60,5,36,"LP","I"
523,4,36,"LP","I"
351,2,36,"LP","I"
132,1,36,"LP","I"
500,29,36,"LP","I"
36,5,36,"LP","I"
28,33,36,"LP","I"
471,2,36,"LP","I"
279,1,36,"LP","I"
396,1,37,"LP","I"
76,7,37,"LP","I"
190,2,37,"LP","I"
417,1,37,"LP","I"
377,2,37,"LP","I"
23,8,37,"LP","I"
252,1,37,"LP","I"
69,1,37,"LP","I"
369,1,37,"LP","I"
19,11,37,"LP","I"
286,1,37,"LP","I"
17,6,37,"LP","I"
516,3,37,"LP","I"
124,1,37,"LP","I"
499,35,37,"LP","I"
7,10,37,"LP","I"
123,3,37,"LP","I"
486,3,37,"LP","I"
197,1,37,"LP","I"
32,11,37,"LP","I"
76,7,38,"LP","I"
39,1,38,"LP","I"
422,3,38,"LP","I"
129,1,38,"LP","I"
505,16,38,"LP","I"
250,1,38,"LP","I"
24,5,38,"LP","I"
318,2,38,"LP","I"
322,1,38,"LP","I"
362,1,38,"LP","I"
45,8,38,"LP","I"
209,1,38,"LP","I"
381,2,38,"LP","I"
224,1,38,"LP","I"
248,1,38,"LP","I"
303,4,38,"LP","I"
77,20,38,"LP","I"
415,1,38,"LP","I"
372,1,38,"LP","I"
349,1,38,"LP","I"
193,1,39,"LP","I"
105,1,39,"LP","I"
270,1,39,"LP","I"
196,2,39,"LP","I"
469,4,39,"LP","I"
279,1,39,"LP","I"
519,2,39,"LP","I"
54,8,39,"LP","I"
66,1,39,"LP","I"
422,3,39,"LP","I"
349,1,39,"LP","I"
287,1,39,"LP","I"
46,5,39,"LP","I"
237,1,39,"LP","I"
425,4,39,"LP","I"
166,1,39,"LP","I"
348,2,39,"LP","I"
247,1,39,"LP","I"
23,8,39,"LP","I"
82,1,39,"LP","I"
16,8,40,"LP","I"
469,4,40,"LP","I"
142,1,40,"LP","I"
365,2,40,"LP","I"
308,1,40,"LP","I"
515,2,40,"LP","I"
47,11,40,"LP","I"
266,1,40,"LP","I"
519,2,40,"LP","I"
343,7,40,"LP","I"
7,10,40,"LP","I"
54,8,40,"LP","I"
318,2,40,"LP","I"
105,1,40,"LP","I"
13,3,40,"LP","I"
368,1,40,"LP","I"
337,2,40,"LP","I"
286,1,40,"LP","I"
203,1,40,"LP","I"
508,19,40,"LP","I"
313,1,41,"LP","I"
469,4,41,"LP","I"
467,4,41,"LP","I"
81,2,41,"LP","I"
308,1,41,"LP","I"
32,11,41,"LP","I"
16,8,41,"LP","I"
344,1,41,"LP","I"
421,4,41,"LP","I"
77,20,41,"LP","I"
287,1,41,"LP","I"
56,7,41,"LP","I"
197,1,41,"LP","I"
401,1,41,"LP","I"
362,1,41,"LP","I"
426,2,41,"LP","I"
259,5,41,"LP","I"
367,2,41,"LP","I"
390,1,41,"LP","I"
464,1,41,"LP","I"
376,3,42,"LP","I"
39,1,42,"LP","I"
370,1,42,"LP","I"
255,2,42,"LP","I"
247,1,42,"LP","I"
164,4,42,"LP","I"
47,11,42,"LP","I"
367,2,42,"LP","I"
390,1,42,"LP","I"
250,1,42,"LP","I"
249,2,42,"LP","I"
441,1,42,"LP","I"
113,1,42,"LP","I"
223,1,42,"LP","I"
270,1,42,"LP","I"
500,29,42,"LP","I"
141,1,42,"LP","I"
248,1,42,"LP","I"
132,1,42,"LP","I"
513,2,42,"LP","I"
497,36,43,"LP","I"
430,1,43,"LP","I"
127,1,43,"LP","I"
417,1,43,"LP","I"
525,4,43,"LP","I"
249,2,43,"LP","I"
190,2,43,"LP","I"
144,1,43,"LP","I"
367,2,43,"LP","I"
179,7,43,"LP","I"
91,9,43,"LP","I"
198,1,43,"LP","I"
447,3,43,"LP","I"
378,1,43,"LP","I"
46,5,43,"LP","I"
463,1,43,"LP","I"
26,62,43,"LP","I"
426,2,43,"LP","I"
64,15,43,"LP","I"
458,1,43,"LP","I"
534,4,44,"LP","I"
286,1,44,"LP","I"
438,7,44,"LP","I"
249,2,44,"LP","I"
394,1,44,"LP","I"
270,1,44,"LP","I"
44,23,44,"LP","I"
236,1,44,"LP","I"
78,12,44,"LP","I"
179,7,44,"LP","I"
496,32,44,"LP","I"
196,2,44,"LP","I"
141,1,44,"LP","I"
250,1,44,"LP","I"
433,2,44,"LP","I"
278,1,44,"LP","I"
24,5,44,"LP","I"
341,2,44,"LP","I"
322,1,44,"LP","I"
26,62,44,"LP","I"
144,1,45,"LP","I"
131,1,45,"LP","I"
124,1,45,"LP","I"
24,5,45,"LP","I"
341,2,45,"LP","I"
437,1,45,"LP","I"
302,2,45,"LP","I"
36,5,45,"LP","I"
69,1,45,"LP","I"
415,1,45,"LP","I"
374,2,45,"LP","I"
252,1,45,"LP","I"
396,1,45,"LP","I"
504,39,45,"LP","I"
51,3,45,"LP","I"
390,1,45,"LP","I"
463,1,45,"LP","I"
425,4,45,"LP","I"
203,1,45,"LP","I"
308,1,45,"LP","I"
222,1,46,"LP","I"
337,2,46,"LP","I"
82,1,46,"LP","I"
396,1,46,"LP","I"
132,1,46,"LP","I"
196,2,46,"LP","I"
522,2,46,"LP","I"
60,5,46,"LP","I"
179,7,46,"LP","I"
4,11,46,"LP","I"
46,5,46,"LP","I"
299,1,46,"LP","I"
47,11,46,"LP","I"
318,2,46,"LP","I"
282,1,46,"LP","I"
285,1,46,"LP","I"
33,13,46,"LP","I"
313,1,46,"LP","I"
484,2,46,"LP","I"
91,9,46,"LP","I"
48,6,47,"LP","I"
46,5,47,"LP","I"
228,1,47,"LP","I"
410,2,47,"LP","I"
164,4,47,"LP","I"
396,1,47,"LP","I"
255,2,47,"LP","I"
30,3,47,"LP","I"
369,1,47,"LP","I"
64,15,47,"LP","I"
23,8,47,"LP","I"
278,1,47,"LP","I"
365,2,47,"LP","I"
425,4,47,"LP","I"
144,1,47,"LP","I"
499,35,47,"LP","I"
517,3,47,"LP","I"
467,4,47,"LP","I"
534,4,47,"LP","I"
496,32,47,"LP","I"
124,1,48,"LP","I"
196,2,48,"LP","I"
171,1,48,"LP","I"
80,6,48,"LP","I"
285,1,48,"LP","I"
417,1,48,"LP","I"
232,3,48,"LP","I"
358,15,48,"LP","I"
138,3,48,"LP","I"
158,1,48,"LP","I"
367,2,48,"LP","I"
469,4,48,"LP","I"
377,2,48,"LP","I"
430,1,48,"LP","I"
66,1,48,"LP","I"
438,7,48,"LP","I"
126,3,48,"LP","I"
372,1,48,"LP","I"
197,1,48,"LP","I"
231,1,48,"LP","I"
171,1,49,"LP","I"
381,2,49,"LP","I"
164,4,49,"LP","I"
482,3,49,"LP","I"
266,1,49,"LP","I"
248,1,49,"LP","I"
354,2,49,"LP","I"
232,3,49,"LP","I"
317,2,49,"LP","I"
426,2,49,"LP","I"
131,1,49,"LP","I"
26,62,49,"LP","I"
483,3,49,"LP","I"
369,1,49,"LP","I"
357,1,49,"LP","I"
86,4,49,"LP","I"
484,2,49,"LP","I"
128,1,49,"LP","I"
365,2,49,"LP","I"
499,35,49,"LP","I"
457,2,50,"LP","I"
141,1,50,"LP","I"
179,7,50,"LP","I"
276,2,50,"LP","I"
24,5,50,"LP","I"
203,1,50,"LP","I"
497,36,50,"LP","I"
209,1,50,"LP","I"
72,9,50,"LP","I"
190,2,50,"LP","I"
282,1,50,"LP","I"
224,1,50,"LP","I"
62,8,50,"LP","I"
397,1,50,"LP","I"
140,1,50,"LP","I"
4,11,50,"LP","I"
54,8,50,"LP","I"
11,32,50,"LP","I"
377,2,50,"LP","I"
127,1,50,"LP","I"
126,3,51,"LP","I"
308,1,51,"LP","I"
380,2,51,"LP","I"
20,8,51,"LP","I"
128,1,51,"LP","I"
389,2,51,"LP","I"
517,3,51,"LP","I"
422,3,51,"LP","I"
45,8,51,"LP","I"
67,11,51,"LP","I"
513,2,51,"LP","I"
132,1,51,"LP","I"
502,22,51,"LP","I"
425,4,51,"LP","I"
327,1,51,"LP","I"
252,1,51,"LP","I"
72,9,51,"LP","I"
435,3,51,"LP","I"
247,1,51,"LP","I"
372,1,51,"LP","I"
394,1,52,"LP","I"
540,3,52,"LP","I"
36,5,52,"LP","I"
48,6,52,"LP","I"
8,6,52,"LP","I"
64,15,52,"LP","I"
126,3,52,"LP","I"
389,2,52,"LP","I"
131,1,52,"LP","I"
396,1,52,"LP","I"
231,1,52,"LP","I"
522,2,52,"LP","I"
76,7,52,"LP","I"
515,2,52,"LP","I"
519,2,52,"LP","I"
80,6,52,"LP","I"
105,1,52,"LP","I"
7,10,52,"LP","I"
223,1,52,"LP","I"
401,1,52,"LP","I"
11,32,53,"LP","I"
45,8,53,"LP","I"
190,2,53,"LP","I"
513,2,53,"LP","I"
46,5,53,"LP","I"
378,1,53,"LP","I"
341,2,53,"LP","I"
54,8,53,"LP","I"
524,1,53,"LP","I"
504,39,53,"LP","I"
222,1,53,"LP","I"
19,11,53,"LP","I"
455,3,53,"LP","I"
255,2,53,"LP","I"
126,3,53,"LP","I"
270,1,53,"LP","I"
143,1,53,"LP","I"
158,1,53,"LP","I"
5,7,53,"LP","I"
198,1,53,"LP","I"
202,1,54,"LP","I"
381,2,54,"LP","I"
209,1,54,"LP","I"
463,1,54,"LP","I"
13,3,54,"LP","I"
158,1,54,"LP","I"
48,6,54,"LP","I"
62,8,54,"LP","I"
59,5,54,"LP","I"
213,1,54,"LP","I"
517,3,54,"LP","I"
173,1,54,"LP","I"
390,1,54,"LP","I"
540,3,54,"LP","I"
357,1,54,"LP","I"
308,1,54,"LP","I"
16,8,54,"LP","I"
166,1,54,"LP","I"
498,32,54,"LP","I"
20,8,54,"LP","I"
32,11,55,"LP","I"
66,1,55,"LP","I"
131,1,55,"LP","I"
299,1,55,"LP","I"
264,1,55,"LP","I"
372,1,55,"LP","I"
519,2,55,"LP","I"
464,1,55,"LP","I"
422,3,55,"LP","I"
401,1,55,"LP","I"
12,11,55,"LP","I"
433,2,55,"LP","I"
465,1,55,"LP","I"
341,2,55,"LP","I"
498,32,55,"LP","I"
504,39,55,"LP","I"
190,2,55,"LP","I"
470,4,55,"LP","I"
101,2,55,"LP","I"
421,4,55,"LP","I"
377,2,56,"LP","I"
503,25,56,"LP","I"
308,1,56,"LP","I"
502,22,56,"LP","I"
303,4,56,"LP","I"
209,1,56,"LP","I"
455,3,56,"LP","I"
131,1,56,"LP","I"
471,2,56,"LP","I"
198,1,56,"LP","I"
20,8,56,"LP","I"
164,4,56,"LP","I"
286,1,56,"LP","I"
519,2,56,"LP","I"
524,1,56,"LP","I"
64,15,56,"LP","I"
437,1,56,"LP","I"
365,2,56,"LP","I"
51,3,56,"LP","I"
505,16,56,"LP","I"
318,2,57,"LP","I"
81,2,57,"LP","I"
337,2,57,"LP","I"
248,1,57,"LP","I"
390,1,57,"LP","I"
378,1,57,"LP","I"
209,1,57,"LP","I"
465,1,57,"LP","I"
202,1,57,"LP","I"
540,3,57,"LP","I"
361,4,57,"LP","I"
250,1,57,"LP","I"
138,3,57,"LP","I"
16,8,57,"LP","I"
426,2,57,"LP","I"
198,1,57,"LP","I"
77,20,57,"LP","I"
41,2,57,"LP","I"
302,2,57,"LP","I"
464,1,57,"LP","I"
67,11,58,"LP","I"
183,1,58,"LP","I"
302,2,58,"LP","I"
318,2,58,"LP","I"
30,3,58,"LP","I"
457,2,58,"LP","I"
341,2,58,"LP","I"
5,7,58,"LP","I"
12,11,58,"LP","I"
26,62,58,"LP","I"
170,1,58,"LP","I"
33,13,58,"LP","I"
20,8,58,"LP","I"
186,1,58,"LP","I"
78,12,58,"LP","I"
396,1,58,"LP","I"
126,3,58,"LP","I"
343,7,58,"LP","I"
57,12,58,"LP","I"
421,4,58,"LP","I"
72,9,59,"LP","I"
237,1,59,"LP","I"
318,2,59,"LP","I"
522,2,59,"LP","I"
498,32,59,"LP","I"
51,3,59,"LP","I"
410,2,59,"LP","I"
124,1,59,"LP","I"
505,16,59,"LP","I"
302,2,59,"LP","I"
33,13,59,"LP","I"
415,1,59,"LP","I"
223,1,59,"LP","I"
101,2,59,"LP","I"
486,3,59,"LP","I"
270,1,59,"LP","I"
179,7,59,"LP","I"
326,1,59,"LP","I"
343,7,59,"LP","I"
314,1,59,"LP","I"
394,1,60,"LP","I"
343,7,60,"LP","I"
202,1,60,"LP","I"
11,32,60,"LP","I"
285,1,60,"LP","I"
143,1,60,"LP","I"
516,3,60,"LP","I"
203,1,60,"LP","I"
344,1,60,"LP","I"
410,2,60,"LP","I"
496,32,60,"LP","I"
39,1,60,"LP","I"
433,2,60,"LP","I"
72,9,60,"LP","I"
81,2,60,"LP","I"
170,1,60,"LP","I"
46,5,60,"LP","I"
59,5,60,"LP","I"
464,1,60,"LP","I"
374,2,60,"LP","I"
223,1,61,"LP","I"
112,2,61,"LP","I"
183,1,61,"LP","I"
77,20,61,"LP","I"
140,1,61,"LP","I"
376,3,61,"LP","I"
515,2,61,"LP","I"
197,1,61,"LP","I"
141,1,61,"LP","I"
433,2,61,"LP","I"
203,1,61,"LP","I"
47,11,61,"LP","I"
164,4,61,"LP","I"
4,11,61,"LP","I"
276,2,61,"LP","I"
20,8,61,"LP","I"
60,5,61,"LP","I"
377,2,61,"LP","I"
499,35,61,"LP","I"
284,1,61,"LP","I"
516,3,62,"LP","I"
144,1,62,"LP","I"
276,2,62,"LP","I"
368,1,62,"LP","I"
495,14,62,"LP","I"
422,3,62,"LP","I"
425,4,62,"LP","I"
5,7,62,"LP","I"
482,3,62,"LP","I"
51,3,62,"LP","I"
164,4,62,"LP","I"
142,1,62,"LP","I"
486,3,62,"LP","I"
28,33,62,"LP","I"
377,2,62,"LP","I"
105,1,62,"LP","I"
20,8,62,"LP","I"
314,1,62,"LP","I"
357,1,62,"LP","I"
287,1,62,"LP","I"
20,8,63,"LP","I"
464,1,63,"LP","I"
7,10,63,"LP","I"
374,2,63,"LP","I"
23,8,63,"LP","I"
376,3,63,"LP","I"
62,8,63,"LP","I"
33,13,63,"LP","I"
244,2,63,"LP","I"
440,1,63,"LP","I"
505,16,63,"LP","I"
326,1,63,"LP","I"
463,1,63,"LP","I"
197,1,63,"LP","I"
45,8,63,"LP","I"
516,3,63,"LP","I"
502,22,63,"LP","I"
179,7,63,"LP","I"
32,11,63,"LP","I"
4,11,63,"LP","I"
223,1,64,"LP","I"
193,1,64,"LP","I"
105,1,64,"LP","I"
426,2,64,"LP","I"
435,3,64,"LP","I"
14,37,64,"LP","I"
143,1,64,"LP","I"
26,62,64,"LP","I"
46,5,64,"LP","I"
469,4,64,"LP","I"
78,12,64,"LP","I"
179,7,64,"LP","I"
209,1,64,"LP","I"
437,1,64,"LP","I"
171,1,64,"LP","I"
231,1,64,"LP","I"
514,3,64,"LP","I"
299,1,64,"LP","I"
495,14,64,"LP","I"
500,29,64,"LP","I"
299,1,65,"LP","I"
522,2,65,"LP","I"
305,1,65,"LP","I"
523,4,65,"LP","I"
60,5,65,"LP","I"
343,7,65,"LP","I"
419,1,65,"LP","I"
422,3,65,"LP","I"
179,7,65,"LP","I"
171,1,65,"LP","I"
11,32,65,"LP","I"
13,3,65,"LP","I"
66,1,65,"LP","I"
81,2,65,"LP","I"
23,8,65,"LP","I"
341,2,65,"LP","I"
320,1,65,"LP","I"
326,1,65,"LP","I"
514,3,65,"LP","I"
374,2,65,"LP","I"
17,6,66,"LP","I"
62,8,66,"LP","I"
91,9,66,"LP","I"
203,1,66,"LP","I"
458,1,66,"LP","I"
502,22,66,"LP","I"
422,3,66,"LP","I"
82,1,66,"LP","I"
244,2,66,"LP","I"
369,1,66,"LP","I"
123,3,66,"LP","I"
252,1,66,"LP","I"
351,2,66,"LP","I"
171,1,66,"LP","I"
326,1,66,"LP","I"
77,20,66,"LP","I"
45,8,66,"LP","I"
374,2,66,"LP","I"
367,2,66,"LP","I"
380,2,66,"LP","I"
61,39,67,"LP","I"
433,2,67,"LP","I"
503,25,67,"LP","I"
505,16,67,"LP","I"
326,1,67,"LP","I"
410,2,67,"LP","I"
486,3,67,"LP","I"
305,1,67,"LP","I"
351,2,67,"LP","I"
447,3,67,"LP","I"
469,4,67,"LP","I"
318,2,67,"LP","I"
38,6,67,"LP","I"
13,3,67,"LP","I"
498,32,67,"LP","I"
394,1,67,"LP","I"
105,1,67,"LP","I"
365,2,67,"LP","I"
213,1,67,"LP","I"
113,1,67,"LP","I"
72,9,68,"LP","I"
270,1,68,"LP","I"
179,7,68,"LP","I"
410,2,68,"LP","I"
197,1,68,"LP","I"
517,3,68,"LP","I"
370,1,68,"LP","I"
44,23,68,"LP","I"
433,2,68,"LP","I"
369,1,68,"LP","I"
198,1,68,"LP","I"
144,1,68,"LP","I"
123,3,68,"LP","I"
495,14,68,"LP","I"
447,3,68,"LP","I"
441,1,68,"LP","I"
299,1,68,"LP","I"
248,1,68,"LP","I"
422,3,68,"LP","I"
540,3,68,"LP","I"
264,1,69,"LP","I"
237,1,69,"LP","I"
59,5,69,"LP","I"
4,11,69,"LP","I"
39,1,69,"LP","I"
305,1,69,"LP","I"
51,3,69,"LP","I"
344,1,69,"LP","I"
186,1,69,"LP","I"
164,4,69,"LP","I"
464,1,69,"LP","I"
7,10,69,"LP","I"
193,1,69,"LP","I"
501,24,69,"LP","I"
190,2,69,"LP","I"
252,1,69,"LP","I"
303,4,69,"LP","I"
389,2,69,"LP","I"
503,25,69,"LP","I"
365,2,69,"LP","I"
228,1,70,"LP","I"
198,1,70,"LP","I"
26,62,70,"LP","I"
326,1,70,"LP","I"
41,2,70,"LP","I"
465,1,70,"LP","I"
39,1,70,"LP","I"
129,1,70,"LP","I"
458,1,70,"LP","I"
502,22,70,"LP","I"
503,25,70,"LP","I"
91,9,70,"LP","I"
56,7,70,"LP","I"
438,7,70,"LP","I"
47,11,70,"LP","I"
82,1,70,"LP","I"
495,14,70,"LP","I"
32,11,70,"LP","I"
504,39,70,"LP","I"
16,8,70,"LP","I"
495,14,71,"LP","I"
278,1,71,"LP","I"
38,6,71,"LP","I"
318,2,71,"LP","I"
123,3,71,"LP","I"
198,1,71,"LP","I"
276,2,71,"LP","I"
467,4,71,"LP","I"
259,5,71,"LP","I"
525,4,71,"LP","I"
303,4,71,"LP","I"
317,2,71,"LP","I"
284,1,71,"LP","I"
170,1,71,"LP","I"
183,1,71,"LP","I"
378,1,71,"LP","I"
179,7,71,"LP","I"
508,19,71,"LP","I"
11,32,71,"LP","I"
213,1,71,"LP","I"
368,1,72,"LP","I"
401,1,72,"LP","I"
67,11,72,"LP","I"
341,2,72,"LP","I"
270,1,72,"LP","I"
196,2,72,"LP","I"
505,16,72,"LP","I"
24,5,72,"LP","I"
23,8,72,"LP","I"
179,7,72,"LP","I"
223,1,72,"LP","I"
433,2,72,"LP","I"
158,1,72,"LP","I"
540,3,72,"LP","I"
76,7,72,"LP","I"
318,2,72,"LP","I"
458,1,72,"LP","I"
486,3,72,"LP","I"
415,1,72,"LP","I"
170,1,72,"LP","I"
457,2,73,"LP","I"
440,1,73,"LP","I"
142,1,73,"LP","I"
81,2,73,"LP","I"
86,4,73,"LP","I"
320,1,73,"LP","I"
458,1,73,"LP","I"
317,2,73,"LP","I"
270,1,73,"LP","I"
390,1,73,"LP","I"
158,1,73,"LP","I"
341,2,73,"LP","I"
287,1,73,"LP","I"
486,3,73,"LP","I"
209,1,73,"LP","I"
463,1,73,"LP","I"
496,32,73,"LP","I"
508,19,73,"LP","I"
186,1,73,"LP","I"
447,3,73,"LP","I"
516,3,74,"LP","I"
19,11,74,"LP","I"
203,1,74,"LP","I"
64,15,74,"LP","I"
129,1,74,"LP","I"
377,2,74,"LP","I"
285,1,74,"LP","I"
410,2,74,"LP","I"
112,2,74,"LP","I"
540,3,74,"LP","I"
437,1,74,"LP","I"
28,33,74,"LP","I"
322,1,74,"LP","I"
59,5,74,"LP","I"
48,6,74,"LP","I"
314,1,74,"LP","I"
249,2,74,"LP","I"
495,14,74,"LP","I"
389,2,74,"LP","I"
320,1,74,"LP","I"
368,1,75,"LP","I"
82,1,75,"LP","I"
193,1,75,"LP","I"
525,4,75,"LP","I"
508,19,75,"LP","I"
313,1,75,"LP","I"
59,5,75,"LP","I"
181,1,75,"LP","I"
249,2,75,"LP","I"
80,6,75,"LP","I"
57,12,75,"LP","I"
358,15,75,"LP","I"
433,2,75,"LP","I"
327,1,75,"LP","I"
13,3,75,"LP","I"
140,1,75,"LP","I"
81,2,75,"LP","I"
61,39,75,"LP","I"
337,2,75,"LP","I"
38,6,75,"LP","I"
86,4,76,"LP","I"
170,1,76,"LP","I"
171,1,76,"LP","I"
140,1,76,"LP","I"
193,1,76,"LP","I"
422,3,76,"LP","I"
4,11,76,"LP","I"
303,4,76,"LP","I"
78,12,76,"LP","I"
186,1,76,"LP","I"
499,35,76,"LP","I"
77,20,76,"LP","I"
164,4,76,"LP","I"
367,2,76,"LP","I"
91,9,76,"LP","I"
337,2,76,"LP","I"
502,22,76,"LP","I"
308,1,76,"LP","I"
524,1,76,"LP","I"
365,2,76,"LP","I"
503,25,77,"LP","I"
266,1,77,"LP","I"
496,32,77,"LP","I"
4,11,77,"LP","I"
105,1,77,"LP","I"
326,1,77,"LP","I"
47,11,77,"LP","I"
279,1,77,"LP","I"
244,2,77,"LP","I"
44,23,77,"LP","I"
190,2,77,"LP","I"
77,20,77,"LP","I"
302,2,77,"LP","I"
447,3,77,"LP","I"
508,19,77,"LP","I"
299,1,77,"LP","I"
54,8,77,"LP","I"
500,29,77,"LP","I"
380,2,77,"LP","I"
183,1,77,"LP","I"
11,32,78,"LP","I"
59,5,78,"LP","I"
64,15,78,"LP","I"
164,4,78,"LP","I"
279,1,78,"LP","I"
61,39,78,"LP","I"
33,13,78,"LP","I"
422,3,78,"LP","I"
524,1,78,"LP","I"
381,2,78,"LP","I"
341,2,78,"LP","I"
337,2,78,"LP","I"
236,1,78,"LP","I"
193,1,78,"LP","I"
244,2,78,"LP","I"
266,1,78,"LP","I"
124,1,78,"LP","I"
482,3,78,"LP","I"
41,2,78,"LP","I"
69,1,78,"LP","I"
348,2,79,"LP","I"
389,2,79,"LP","I"
266,1,79,"LP","I"
138,3,79,"LP","I"
170,1,79,"LP","I"
38,6,79,"LP","I"
223,1,79,"LP","I"
46,5,79,"LP","I"
313,1,79,"LP","I"
126,3,79,"LP","I"
183,1,79,"LP","I"
314,1,79,"LP","I"
181,1,79,"LP","I"
357,1,79,"LP","I"
13,3,79,"LP","I"
23,8,79,"LP","I"
17,6,79,"LP","I"
144,1,79,"LP","I"
67,11,79,"LP","I"
186,1,79,"LP","I"
523,4,80,"LP","I"
508,19,80,"LP","I"
516,3,80,"LP","I"
445,11,80,"LP","I"
237,1,80,"LP","I"
33,13,80,"LP","I"
368,1,80,"LP","I"
390,1,80,"LP","I"
86,4,80,"LP","I"
183,1,80,"LP","I"
266,1,80,"LP","I"
44,23,80,"LP","I"
499,35,80,"LP","I"
270,1,80,"LP","I"
213,1,80,"LP","I"
62,8,80,"LP","I"
112,2,80,"LP","I"
64,15,80,"LP","I"
46,5,80,"LP","I"
525,4,80,"LP","I"
499,35,81,"LP","I"
372,1,81,"LP","I"
224,1,81,"LP","I"
24,5,81,"LP","I"
286,1,81,"LP","I"
314,1,81,"LP","I"
504,39,81,"LP","I"
28,33,81,"LP","I"
514,3,81,"LP","I"
291,1,81,"LP","I"
318,2,81,"LP","I"
143,1,81,"LP","I"
502,22,81,"LP","I"
308,1,81,"LP","I"
389,2,81,"LP","I"
348,2,81,"LP","I"
33,13,81,"LP","I"
193,1,81,"LP","I"
164,4,81,"LP","I"
59,5,81,"LP","I"
5,7,82,"LP","I"
60,5,82,"LP","I"
482,3,82,"LP","I"
370,1,82,"LP","I"
76,7,82,"LP","I"
365,2,82,"LP","I"
415,1,82,"LP","I"
483,3,82,"LP","I"
81,2,82,"LP","I"
440,1,82,"LP","I"
514,3,82,"LP","I"
498,32,82,"LP","I"
291,1,82,"LP","I"
78,12,82,"LP","I"
299,1,82,"LP","I"
285,1,82,"LP","I"
439,1,82,"LP","I"
287,1,82,"LP","I"
322,1,82,"LP","I"
13,3,82,"LP","I"
455,3,83,"LP","I"
351,2,83,"LP","I"
105,1,83,"LP","I"
302,2,83,"LP","I"
113,1,83,"LP","I"
358,15,83,"LP","I"
20,8,83,"LP","I"
166,1,83,"LP","I"
4,11,83,"LP","I"
439,1,83,"LP","I"
447,3,83,"LP","I"
354,2,83,"LP","I"
349,1,83,"LP","I"
228,1,83,"LP","I"
534,4,83,"LP","I"
372,1,83,"LP","I"
435,3,83,"LP","I"
64,15,83,"LP","I"
77,20,83,"LP","I"
508,19,83,"LP","I"
513,2,84,"LP","I"
425,4,84,"LP","I"
320,1,84,"LP","I"
28,33,84,"LP","I"
222,1,84,"LP","I"
370,1,84,"LP","I"
502,22,84,"LP","I"
236,1,84,"LP","I"
82,1,84,"LP","I"
224,1,84,"LP","I"
276,2,84,"LP","I"
317,2,84,"LP","I"
141,1,84,"LP","I"
286,1,84,"LP","I"
105,1,84,"LP","I"
337,2,84,"LP","I"
38,6,84,"LP","I"
252,1,84,"LP","I"
72,9,84,"LP","I"
495,14,84,"LP","I"
193,1,85,"LP","I"
363,1,85,"LP","I"
132,1,85,"LP","I"
39,1,85,"LP","I"
367,2,85,"LP","I"
237,1,85,"LP","I"
67,11,85,"LP","I"
286,1,85,"LP","I"
435,3,85,"LP","I"
60,5,85,"LP","I"
38,6,85,"LP","I"
26,62,85,"LP","I"
349,1,85,"LP","I"
249,2,85,"LP","I"
374,2,85,"LP","I"
164,4,85,"LP","I"
326,1,85,"LP","I"
69,1,85,"LP","I"
57,12,85,"LP","I"
4,11,85,"LP","I"
470,4,86,"LP","I"
249,2,86,"LP","I"
534,4,86,"LP","I"
8,6,86,"LP","I"
327,1,86,"LP","I"
437,1,86,"LP","I"
223,1,86,"LP","I"
231,1,86,"LP","I"
264,1,86,"LP","I"
279,1,86,"LP","I"
305,1,86,"LP","I"
44,23,86,"LP","I"
508,19,86,"LP","I"
236,1,86,"LP","I"
363,1,86,"LP","I"
209,1,86,"LP","I"
5,7,86,"LP","I"
47,11,86,"LP","I"
519,2,86,"LP","I"
326,1,86,"LP","I"
131,1,87,"LP","I"
5,7,87,"LP","I"
349,1,87,"LP","I"
504,39,87,"LP","I"
45,8,87,"LP","I"
33,13,87,"LP","I"
505,16,87,"LP","I"
202,1,87,"LP","I"
445,11,87,"LP","I"
86,4,87,"LP","I"
503,25,87,"LP","I"
23,8,87,"LP","I"
36,5,87,"LP","I"
361,4,87,"LP","I"
41,2,87,"LP","I"
138,3,87,"LP","I"
244,2,87,"LP","I"
377,2,87,"LP","I"
62,8,87,"LP","I"
179,7,87,"LP","I"
421,4,88,"LP","I"
140,1,88,"LP","I"
498,32,88,"LP","I"
433,2,88,"LP","I"
8,6,88,"LP","I"
76,7,88,"LP","I"
101,2,88,"LP","I"
495,14,88,"LP","I"
471,2,88,"LP","I"
513,2,88,"LP","I"
422,3,88,"LP","I"
376,3,88,"LP","I"
501,24,88,"LP","I"
362,1,88,"LP","I"
259,5,88,"LP","I"
381,2,88,"LP","I"
326,1,88,"LP","I"
317,2,88,"LP","I"
299,1,88,"LP","I"
276,2,88,"LP","I"
433,2,89,"LP","I"
250,1,89,"LP","I"
57,12,89,"LP","I"
224,1,89,"LP","I"
343,7,89,"LP","I"
44,23,89,"LP","I"
318,2,89,"LP","I"
497,36,89,"LP","I"
441,1,89,"LP","I"
81,2,89,"LP","I"
276,2,89,"LP","I"
540,3,89,"LP","I"
483,3,89,"LP","I"
313,1,89,"LP","I"
291,1,89,"LP","I"
524,1,89,"LP","I"
320,1,89,"LP","I"
304,1,89,"LP","I"
469,4,89,"LP","I"
513,2,89,"LP","I"
308,1,90,"LP","I"
515,2,90,"LP","I"
266,1,90,"LP","I"
54,8,90,"LP","I"
224,1,90,"LP","I"
439,1,90,"LP","I"
286,1,90,"LP","I"
183,1,90,"LP","I"
38,6,90,"LP","I"
4,11,90,"LP","I"
57,12,90,"LP","I"
302,2,90,"LP","I"
354,2,90,"LP","I"
67,11,90,"LP","I"
421,4,90,"LP","I"
47,11,90,"LP","I"
113,1,90,"LP","I"
504,39,90,"LP","I"
123,3,90,"LP","I"
327,1,90,"LP","I"
437,1,91,"LP","I"
445,11,91,"LP","I"
250,1,91,"LP","I"
138,3,91,"LP","I"
305,1,91,"LP","I"
318,2,91,"LP","I"
39,1,91,"LP","I"
524,1,91,"LP","I"
322,1,91,"LP","I"
368,1,91,"LP","I"
128,1,91,"LP","I"
465,1,91,"LP","I"
41,2,91,"LP","I"
354,2,91,"LP","I"
362,1,91,"LP","I"
370,1,91,"LP","I"
80,6,91,"LP","I"
244,2,91,"LP","I"
24,5,91,"LP","I"
286,1,91,"LP","I"
415,1,92,"LP","I"
304,1,92,"LP","I"
78,12,92,"LP","I"
164,4,92,"LP","I"
222,1,92,"LP","I"
123,3,92,"LP","I"
61,39,92,"LP","I"
425,4,92,"LP","I"
198,1,92,"LP","I"
471,2,92,"LP","I"
499,35,92,"LP","I"
322,1,92,"LP","I"
486,3,92,"LP","I"
389,2,92,"LP","I"
11,32,92,"LP","I"
166,1,92,"LP","I"
213,1,92,"LP","I"
523,4,92,"LP","I"
138,3,92,"LP","I"
419,1,92,"LP","I"
426,2,93,"LP","I"
508,19,93,"LP","I"
303,4,93,"LP","I"
129,1,93,"LP","I"
437,1,93,"LP","I"
228,1,93,"LP","I"
320,1,93,"LP","I"
441,1,93,"LP","I"
465,1,93,"LP","I"
517,3,93,"LP","I"
397,1,93,"LP","I"
28,33,93,"LP","I"
62,8,93,"LP","I"
48,6,93,"LP","I"
11,32,93,"LP","I"
367,2,93,"LP","I"
171,1,93,"LP","I"
39,1,93,"LP","I"
41,2,93,"LP","I"
327,1,93,"LP","I"
132,1,94,"LP","I"
497,36,94,"LP","I"
20,8,94,"LP","I"
440,1,94,"LP","I"
313,1,94,"LP","I"
78,12,94,"LP","I"
24,5,94,"LP","I"
496,32,94,"LP","I"
343,7,94,"LP","I"
44,23,94,"LP","I"
320,1,94,"LP","I"
259,5,94,"LP","I"
113,1,94,"LP","I"
141,1,94,"LP","I"
249,2,94,"LP","I"
467,4,94,"LP","I"
237,1,94,"LP","I"
64,15,94,"LP","I"
419,1,94,"LP","I"
186,1,94,"LP","I"
231,1,95,"LP","I"
498,32,95,"LP","I"
41,2,95,"LP","I"
502,22,95,"LP","I"
101,2,95,"LP","I"
209,1,95,"LP","I"
140,1,95,"LP","I"
337,2,95,"LP","I"
426,2,95,"LP","I"
422,3,95,"LP","I"
132,1,95,"LP","I"
302,2,95,"LP","I"
361,4,95,"LP","I"
144,1,95,"LP","I"
439,1,95,"LP","I"
357,1,95,"LP","I"
141,1,95,"LP","I"
131,1,95,"LP","I"
259,5,95,"LP","I"
390,1,95,"LP","I"
326,1,96,"LP","I"
80,6,96,"LP","I"
32,11,96,"LP","I"
259,5,96,"LP","I"
522,2,96,"LP","I"
415,1,96,"LP","I"
348,2,96,"LP","I"
164,4,96,"LP","I"
437,1,96,"LP","I"
354,2,96,"LP","I"
500,29,96,"LP","I"
441,1,96,"LP","I"
358,15,96,"LP","I"
463,1,96,"LP","I"
396,1,96,"LP","I"
279,1,96,"LP","I"
495,14,96,"LP","I"
228,1,96,"LP","I"
425,4,96,"LP","I"
286,1,96,"LP","I"
51,3,97,"LP","I"
499,35,97,"LP","I"
193,1,97,"LP","I"
357,1,97,"LP","I"
80,6,97,"LP","I"
231,1,97,"LP","I"
237,1,97,"LP","I"
299,1,97,"LP","I"
381,2,97,"LP","I"
380,2,97,"LP","I"
523,4,97,"LP","I"
67,11,97,"LP","I"
302,2,97,"LP","I"
270,1,97,"LP","I"
57,12,97,"LP","I"
349,1,97,"LP","I"
374,2,97,"LP","I"
502,22,97,"LP","I"
341,2,97,"LP","I"
19,11,97,"LP","I"
534,4,98,"LP","I"
401,1,98,"LP","I"
179,7,98,"LP","I"
20,8,98,"LP","I"
318,2,98,"LP","I"
497,36,98,"LP","I"
141,1,98,"LP","I"
372,1,98,"LP","I"
496,32,98,"LP","I"
26,62,98,"LP","I"
282,1,98,"LP","I"
396,1,98,"LP","I"
33,13,98,"LP","I"
45,8,98,"LP","I"
374,2,98,"LP","I"
213,1,98,"LP","I"
467,4,98,"LP","I"
126,3,98,"LP","I"
515,2,98,"LP","I"
327,1,98,"LP","I"
304,1,99,"LP","I"
66,1,99,"LP","I"
166,1,99,"LP","I"
381,2,99,"LP","I"
522,2,99,"LP","I"
248,1,99,"LP","I"
362,1,99,"LP","I"
465,1,99,"LP","I"
76,7,99,"LP","I"
318,2,99,"LP","I"
285,1,99,"LP","I"
56,7,99,"LP","I"
126,3,99,"LP","I"
270,1,99,"LP","I"
515,2,99,"LP","I"
471,2,99,"LP","I"
438,7,99,"LP","I"
231,1,99,"LP","I"
67,11,99,"LP","I"
179,7,99,"LP","I"
236,1,100,"LP","I"
140,1,100,"LP","I"
173,1,100,"LP","I"
415,1,100,"LP","I"
252,1,100,"LP","I"
72,9,100,"LP","I"
433,2,100,"LP","I"
39,1,100,"LP","I"
248,1,100,"LP","I"
266,1,100,"LP","I"
486,3,100,"LP","I"
326,1,100,"LP","I"
209,1,100,"LP","I"
179,7,100,"LP","I"
113,1,100,"LP","I"
32,11,100,"LP","I"
203,1,100,"LP","I"
318,2,100,"LP","I"
505,16,100,"LP","I"
457,2,100,"LP","I"
20,8,101,"LP","I"
228,1,101,"LP","I"
67,11,101,"LP","I"
11,32,101,"LP","I"
361,4,101,"LP","I"
270,1,101,"LP","I"
279,1,101,"LP","I"
318,2,101,"LP","I"
203,1,101,"LP","I"
4,11,101,"LP","I"
522,2,101,"LP","I"
278,1,101,"LP","I"
36,5,101,"LP","I"
470,4,101,"LP","I"
47,11,101,"LP","I"
141,1,101,"LP","I"
81,2,101,"LP","I"
69,1,101,"LP","I"
112,2,101,"LP","I"
441,1,101,"LP","I"
501,24,102,"LP","I"
534,4,102,"LP","I"
26,62,102,"LP","I"
439,1,102,"LP","I"
181,1,102,"LP","I"
397,1,102,"LP","I"
249,2,102,"LP","I"
91,9,102,"LP","I"
500,29,102,"LP","I"
57,12,102,"LP","I"
32,11,102,"LP","I"
464,1,102,"LP","I"
166,1,102,"LP","I"
282,1,102,"LP","I"
322,1,102,"LP","I"
422,3,102,"LP","I"
266,1,102,"LP","I"
255,2,102,"LP","I"
486,3,102,"LP","I"
197,1,102,"LP","I"
38,6,103,"LP","I"
62,8,103,"LP","I"
140,1,103,"LP","I"
505,16,103,"LP","I"
463,1,103,"LP","I"
278,1,103,"LP","I"
516,3,103,"LP","I"
435,3,103,"LP","I"
91,9,103,"LP","I"
502,22,103,"LP","I"
438,7,103,"LP","I"
202,1,103,"LP","I"
299,1,103,"LP","I"
129,1,103,"LP","I"
284,1,103,"LP","I"
231,1,103,"LP","I"
286,1,103,"LP","I"
484,2,103,"LP","I"
378,1,103,"LP","I"
401,1,103,"LP","I"
46,5,104,"LP","I"
390,1,104,"LP","I"
270,1,104,"LP","I"
259,5,104,"LP","I"
126,3,104,"LP","I"
131,1,104,"LP","I"
171,1,104,"LP","I"
138,3,104,"LP","I"
196,2,104,"LP","I"
496,32,104,"LP","I"
244,2,104,"LP","I"
24,5,104,"LP","I"
351,2,104,"LP","I"
469,4,104,"LP","I"
232,3,104,"LP","I"
540,3,104,"LP","I"
179,7,104,"LP","I"
186,1,104,"LP","I"
36,5,104,"LP","I"
513,2,104,"LP","I"
471,2,105,"LP","I"
248,1,105,"LP","I"
313,1,105,"LP","I"
228,1,105,"LP","I"
264,1,105,"LP","I"
69,1,105,"LP","I"
363,1,105,"LP","I"
440,1,105,"LP","I"
39,1,105,"LP","I"
540,3,105,"LP","I"
198,1,105,"LP","I"
142,1,105,"LP","I"
266,1,105,"LP","I"
306,1,105,"LP","I"
11,32,105,"LP","I"
17,6,105,"LP","I"
91,9,105,"LP","I"
224,1,105,"LP","I"
498,32,105,"LP","I"
8,6,105,"LP","I"
113,1,106,"LP","I"
30,3,106,"LP","I"
56,7,106,"LP","I"
69,1,106,"LP","I"
47,11,106,"LP","I"
244,2,106,"LP","I"
80,6,106,"LP","I"
470,4,106,"LP","I"
284,1,106,"LP","I"
378,1,106,"LP","I"
19,11,106,"LP","I"
236,1,106,"LP","I"
376,3,106,"LP","I"
426,2,106,"LP","I"
13,3,106,"LP","I"
439,1,106,"LP","I"
343,7,106,"LP","I"
5,7,106,"LP","I"
41,2,106,"LP","I"
278,1,106,"LP","I"
363,1,107,"LP","I"
483,3,107,"LP","I"
540,3,107,"LP","I"
438,7,107,"LP","I"
80,6,107,"LP","I"
127,1,107,"LP","I"
304,1,107,"LP","I"
56,7,107,"LP","I"
28,33,107,"LP","I"
523,4,107,"LP","I"
278,1,107,"LP","I"
305,1,107,"LP","I"
279,1,107,"LP","I"
138,3,107,"LP","I"
236,1,107,"LP","I"
38,6,107,"LP","I"
179,7,107,"LP","I"
441,1,107,"LP","I"
14,37,107,"LP","I"
126,3,107,"LP","I"
173,1,108,"LP","I"
193,1,108,"LP","I"
12,11,108,"LP","I"
30,3,108,"LP","I"
438,7,108,"LP","I"
471,2,108,"LP","I"
4,11,108,"LP","I"
365,2,108,"LP","I"
129,1,108,"LP","I"
372,1,108,"LP","I"
318,2,108,"LP","I"
534,4,108,"LP","I"
224,1,108,"LP","I"
505,16,108,"LP","I"
278,1,108,"LP","I"
266,1,108,"LP","I"
501,24,108,"LP","I"
231,1,108,"LP","I"
197,1,108,"LP","I"
517,3,108,"LP","I"
505,16,109,"LP","I"
367,2,109,"LP","I"
299,1,109,"LP","I"
77,20,109,"LP","I"
496,32,109,"LP","I"
23,8,109,"LP","I"
129,1,109,"LP","I"
495,14,109,"LP","I"
51,3,109,"LP","I"
499,35,109,"LP","I"
306,1,109,"LP","I"
389,2,109,"LP","I"
69,1,109,"LP","I"
247,1,109,"LP","I"
318,2,109,"LP","I"
394,1,109,"LP","I"
457,2,109,"LP","I"
171,1,109,"LP","I"
72,9,109,"LP","I"
142,1,109,"LP","I"
223,1,110,"LP","I"
255,2,110,"LP","I"
4,11,110,"LP","I"
422,3,110,"LP","I"
247,1,110,"LP","I"
470,4,110,"LP","I"
23,8,110,"LP","I"
264,1,110,"LP","I"
517,3,110,"LP","I"
501,24,110,"LP","I"
28,33,110,"LP","I"
447,3,110,"LP","I"
425,4,110,"LP","I"
287,1,110,"LP","I"
209,1,110,"LP","I"
196,2,110,"LP","I"
426,2,110,"LP","I"
213,1,110,"LP","I"
286,1,110,"LP","I"
26,62,110,"LP","I"
197,1,111,"LP","I"
417,1,111,"LP","I"
223,1,111,"LP","I"
7,10,111,"LP","I"
361,4,111,"LP","I"
301,1,111,"LP","I"
61,39,111,"LP","I"
28,33,111,"LP","I"
370,1,111,"LP","I"
437,1,111,"LP","I"
337,2,111,"LP","I"
464,1,111,"LP","I"
36,5,111,"LP","I"
318,2,111,"LP","I"
112,2,111,"LP","I"
101,2,111,"LP","I"
439,1,111,"LP","I"
140,1,111,"LP","I"
228,1,111,"LP","I"
381,2,111,"LP","I"
255,2,112,"LP","I"
20,8,112,"LP","I"
344,1,112,"LP","I"
357,1,112,"LP","I"
8,6,112,"LP","I"
291,1,112,"LP","I"
76,7,112,"LP","I"
4,11,112,"LP","I"
415,1,112,"LP","I"
397,1,112,"LP","I"
276,2,112,"LP","I"
505,16,112,"LP","I"
464,1,112,"LP","I"
56,7,112,"LP","I"
248,1,112,"LP","I"
244,2,112,"LP","I"
445,11,112,"LP","I"
17,6,112,"LP","I"
426,2,112,"LP","I"
105,1,112,"LP","I"
14,37,113,"LP","I"
190,2,113,"LP","I"
396,1,113,"LP","I"
440,1,113,"LP","I"
502,22,113,"LP","I"
425,4,113,"LP","I"
362,1,113,"LP","I"
486,3,113,"LP","I"
470,4,113,"LP","I"
4,11,113,"LP","I"
123,3,113,"LP","I"
61,39,113,"LP","I"
46,5,113,"LP","I"
377,2,113,"LP","I"
66,1,113,"LP","I"
197,1,113,"LP","I"
378,1,113,"LP","I"
365,2,113,"LP","I"
513,2,113,"LP","I"
517,3,113,"LP","I"
397,1,114,"LP","I"
401,1,114,"LP","I"
16,8,114,"LP","I"
502,22,114,"LP","I"
44,23,114,"LP","I"
540,3,114,"LP","I"
369,1,114,"LP","I"
77,20,114,"LP","I"
143,1,114,"LP","I"
193,1,114,"LP","I"
426,2,114,"LP","I"
12,11,114,"LP","I"
433,2,114,"LP","I"
469,4,114,"LP","I"
516,3,114,"LP","I"
203,1,114,"LP","I"
126,3,114,"LP","I"
112,2,114,"LP","I"
341,2,114,"LP","I"
465,1,114,"LP","I"
76,7,115,"LP","I"
59,5,115,"LP","I"
524,1,115,"LP","I"
470,4,115,"LP","I"
128,1,115,"LP","I"
105,1,115,"LP","I"
244,2,115,"LP","I"
304,1,115,"LP","I"
513,2,115,"LP","I"
36,5,115,"LP","I"
433,2,115,"LP","I"
500,29,115,"LP","I"
525,4,115,"LP","I"
348,2,115,"LP","I"
361,4,115,"LP","I"
447,3,115,"LP","I"
370,1,115,"LP","I"
20,8,115,"LP","I"
38,6,115,"LP","I"
410,2,115,"LP","I"
374,2,116,"LP","I"
24,5,116,"LP","I"
439,1,116,"LP","I"
441,1,116,"LP","I"
255,2,116,"LP","I"
419,1,116,"LP","I"
252,1,116,"LP","I"
467,4,116,"LP","I"
222,1,116,"LP","I"
525,4,116,"LP","I"
173,1,116,"LP","I"
500,29,116,"LP","I"
285,1,116,"LP","I"
164,4,116,"LP","I"
30,3,116,"LP","I"
67,11,116,"LP","I"
158,1,116,"LP","I"
482,3,116,"LP","I"
203,1,116,"LP","I"
26,62,116,"LP","I"
370,1,117,"LP","I"
317,2,117,"LP","I"
282,1,117,"LP","I"
28,33,117,"LP","I"
419,1,117,"LP","I"
471,2,117,"LP","I"
505,16,117,"LP","I"
368,1,117,"LP","I"
76,7,117,"LP","I"
455,3,117,"LP","I"
32,11,117,"LP","I"
514,3,117,"LP","I"
308,1,117,"LP","I"
112,2,117,"LP","I"
105,1,117,"LP","I"
228,1,117,"LP","I"
8,6,117,"LP","I"
358,15,117,"LP","I"
231,1,117,"LP","I"
44,23,117,"LP","I"
285,1,118,"LP","I"
415,1,118,"LP","I"
368,1,118,"LP","I"
144,1,118,"LP","I"
222,1,118,"LP","I"
248,1,118,"LP","I"
303,4,118,"LP","I"
361,4,118,"LP","I"
196,2,118,"LP","I"
337,2,118,"LP","I"
231,1,118,"LP","I"
327,1,118,"LP","I"
14,37,118,"LP","I"
170,1,118,"LP","I"
435,3,118,"LP","I"
439,1,118,"LP","I"
209,1,118,"LP","I"
112,2,118,"LP","I"
77,20,118,"LP","I"
236,1,118,"LP","I"
32,11,119,"LP","I"
62,8,119,"LP","I"
499,35,119,"LP","I"
305,1,119,"LP","I"
513,2,119,"LP","I"
483,3,119,"LP","I"
508,19,119,"LP","I"
422,3,119,"LP","I"
66,1,119,"LP","I"
435,3,119,"LP","I"
252,1,119,"LP","I"
377,2,119,"LP","I"
502,22,119,"LP","I"
72,9,119,"LP","I"
144,1,119,"LP","I"
348,2,119,"LP","I"
440,1,119,"LP","I"
132,1,119,"LP","I"
228,1,119,"LP","I"
291,1,119,"LP","I"
522,2,120,"LP","I"
131,1,120,"LP","I"
173,1,120,"LP","I"
341,2,120,"LP","I"
524,1,120,"LP","I"
60,5,120,"LP","I"
12,11,120,"LP","I"
38,6,120,"LP","I"
376,3,120,"LP","I"
82,1,120,"LP","I"
67,11,120,"LP","I"
302,2,120,"LP","I"
513,2,120,"LP","I"
190,2,120,"LP","I"
318,2,120,"LP","I"
495,14,120,"LP","I"
301,1,120,"LP","I"
11,32,120,"LP","I"
222,1,120,"LP","I"
64,15,120,"LP","I"
8,6,121,"LP","I"
46,5,121,"LP","I"
113,1,121,"LP","I"
378,1,121,"LP","I"
23,8,121,"LP","I"
279,1,121,"LP","I"
69,1,121,"LP","I"
250,1,121,"LP","I"
202,1,121,"LP","I"
419,1,121,"LP","I"
140,1,121,"LP","I"
72,9,121,"LP","I"
14,37,121,"LP","I"
276,2,121,"LP","I"
101,2,121,"LP","I"
341,2,121,"LP","I"
499,35,121,"LP","I"
76,7,121,"LP","I"
372,1,121,"LP","I"
397,1,121,"LP","I"
171,1,122,"LP","I"
522,2,122,"LP","I"
170,1,122,"LP","I"
202,1,122,"LP","I"
337,2,122,"LP","I"
445,11,122,"LP","I"
138,3,122,"LP","I"
244,2,122,"LP","I"
471,2,122,"LP","I"
314,1,122,"LP","I"
500,29,122,"LP","I"
302,2,122,"LP","I"
77,20,122,"LP","I"
249,2,122,"LP","I"
47,11,122,"LP","I"
437,1,122,"LP","I"
282,1,122,"LP","I"
62,8,122,"LP","I"
91,9,122,"LP","I"
11,32,122,"LP","I"
249,2,123,"LP","I"
410,2,123,"LP","I"
318,2,123,"LP","I"
308,1,123,"LP","I"
497,36,123,"LP","I"
126,3,123,"LP","I"
20,8,123,"LP","I"
519,2,123,"LP","I"
38,6,123,"LP","I"
415,1,123,"LP","I"
299,1,123,"LP","I"
351,2,123,"LP","I"
202,1,123,"LP","I"
4,11,123,"LP","I"
255,2,123,"LP","I"
372,1,123,"LP","I"
51,3,123,"LP","I"
228,1,123,"LP","I"
381,2,123,"LP","I"
59,5,123,"LP","I"
23,8,124,"LP","I"
505,16,124,"LP","I"
524,1,124,"LP","I"
495,14,124,"LP","I"
499,35,124,"LP","I"
445,11,124,"LP","I"
166,1,124,"LP","I"
171,1,124,"LP","I"
455,3,124,"LP","I"
16,8,124,"LP","I"
438,7,124,"LP","I"
129,1,124,"LP","I"
38,6,124,"LP","I"
362,1,124,"LP","I"
140,1,124,"LP","I"
61,39,124,"LP","I"
57,12,124,"LP","I"
419,1,124,"LP","I"
286,1,124,"LP","I"
279,1,124,"LP","I"
244,2,125,"LP","I"
112,2,125,"LP","I"
5,7,125,"LP","I"
140,1,125,"LP","I"
508,19,125,"LP","I"
421,4,125,"LP","I"
519,2,125,"LP","I"
470,4,125,"LP","I"
374,2,125,"LP","I"
305,1,125,"LP","I"
142,1,125,"LP","I"
56,7,125,"LP","I"
61,39,125,"LP","I"
143,1,125,"LP","I"
228,1,125,"LP","I"
484,2,125,"LP","I"
368,1,125,"LP","I"
38,6,125,"LP","I"
196,2,125,"LP","I"
482,3,125,"LP","I"
410,2,126,"LP","I"
101,2,126,"LP","I"
131,1,126,"LP","I"
36,5,126,"LP","I"
30,3,126,"LP","I"
326,1,126,"LP","I"
463,1,126,"LP","I"
501,24,126,"LP","I"
465,1,126,"LP","I"
445,11,126,"LP","I"
67,11,126,"LP","I"
317,2,126,"LP","I"
8,6,126,"LP","I"
57,12,126,"LP","I"
435,3,126,"LP","I"
376,3,126,"LP","I"
343,7,126,"LP","I"
419,1,126,"LP","I"
497,36,126,"LP","I"
417,1,126,"LP","I"
525,4,127,"LP","I"
417,1,127,"LP","I"
279,1,127,"LP","I"
4,11,127,"LP","I"
314,1,127,"LP","I"
467,4,127,"LP","I"
76,7,127,"LP","I"
341,2,127,"LP","I"
362,1,127,"LP","I"
445,11,127,"LP","I"
422,3,127,"LP","I"
513,2,127,"LP","I"
13,3,127,"LP","I"
514,3,127,"LP","I"
57,12,127,"LP","I"
368,1,127,"LP","I"
278,1,127,"LP","I"
421,4,127,"LP","I"
505,16,127,"LP","I"
62,8,127,"LP","I"
24,5,128,"LP","I"
249,2,128,"LP","I"
447,3,128,"LP","I"
23,8,128,"LP","I"
299,1,128,"LP","I"
437,1,128,"LP","I"
502,22,128,"LP","I"
326,1,128,"LP","I"
517,3,128,"LP","I"
5,7,128,"LP","I"
362,1,128,"LP","I"
505,16,128,"LP","I"
496,32,128,"LP","I"
358,15,128,"LP","I"
513,2,128,"LP","I"
463,1,128,"LP","I"
183,1,128,"LP","I"
287,1,128,"LP","I"
41,2,128,"LP","I"
457,2,128,"LP","I"
337,2,129,"LP","I"
523,4,129,"LP","I"
390,1,129,"LP","I"
248,1,129,"LP","I"
228,1,129,"LP","I"
508,19,129,"LP","I"
317,2,129,"LP","I"
358,15,129,"LP","I"
56,7,129,"LP","I"
66,1,129,"LP","I"
7,10,129,"LP","I"
247,1,129,"LP","I"
445,11,129,"LP","I"
126,3,129,"LP","I"
112,2,129,"LP","I"
349,1,129,"LP","I"
190,2,129,"LP","I"
279,1,129,"LP","I"
381,2,129,"LP","I"
123,3,129,"LP","I"
318,2,130,"LP","I"
131,1,130,"LP","I"
279,1,130,"LP","I"
228,1,130,"LP","I"
524,1,130,"LP","I"
433,2,130,"LP","I"
284,1,130,"LP","I"
244,2,130,"LP","I"
349,1,130,"LP","I"
497,36,130,"LP","I"
421,4,130,"LP","I"
276,2,130,"LP","I"
51,3,130,"LP","I"
16,8,130,"LP","I"
515,2,130,"LP","I"
306,1,130,"LP","I"
209,1,130,"LP","I"
430,1,130,"LP","I"
358,15,130,"LP","I"
397,1,130,"LP","I"
129,1,131,"LP","I"
81,2,131,"LP","I"
376,3,131,"LP","I"
380,2,131,"LP","I"
140,1,131,"LP","I"
445,11,131,"LP","I"
426,2,131,"LP","I"
357,1,131,"LP","I"
198,1,131,"LP","I"
377,2,131,"LP","I"
213,1,131,"LP","I"
248,1,131,"LP","I"
250,1,131,"LP","I"
322,1,131,"LP","I"
236,1,131,"LP","I"
30,3,131,"LP","I"
196,2,131,"LP","I"
127,1,131,"LP","I"
32,11,131,"LP","I"
264,1,131,"LP","I"
508,19,132,"LP","I"
396,1,132,"LP","I"
524,1,132,"LP","I"
26,62,132,"LP","I"
445,11,132,"LP","I"
291,1,132,"LP","I"
86,4,132,"LP","I"
425,4,132,"LP","I"
45,8,132,"LP","I"
48,6,132,"LP","I"
305,1,132,"LP","I"
14,37,132,"LP","I"
433,2,132,"LP","I"
196,2,132,"LP","I"
377,2,132,"LP","I"
284,1,132,"LP","I"
287,1,132,"LP","I"
11,32,132,"LP","I"
422,3,132,"LP","I"
435,3,132,"LP","I"
401,1,133,"LP","I"
197,1,133,"LP","I"
202,1,133,"LP","I"
467,4,133,"LP","I"
81,2,133,"LP","I"
326,1,133,"LP","I"
82,1,133,"LP","I"
362,1,133,"LP","I"
24,5,133,"LP","I"
144,1,133,"LP","I"
484,2,133,"LP","I"
28,33,133,"LP","I"
264,1,133,"LP","I"
86,4,133,"LP","I"
397,1,133,"LP","I"
503,25,133,"LP","I"
504,39,133,"LP","I"
365,2,133,"LP","I"
457,2,133,"LP","I"
496,32,133,"LP","I"
318,2,134,"LP","I"
5,7,134,"LP","I"
394,1,134,"LP","I"
348,2,134,"LP","I"
186,1,134,"LP","I"
166,1,134,"LP","I"
279,1,134,"LP","I"
308,1,134,"LP","I"
86,4,134,"LP","I"
46,5,134,"LP","I"
16,8,134,"LP","I"
112,2,134,"LP","I"
417,1,134,"LP","I"
33,13,134,"LP","I"
401,1,134,"LP","I"
503,25,134,"LP","I"
483,3,134,"LP","I"
209,1,134,"LP","I"
66,1,134,"LP","I"
470,4,134,"LP","I"
410,2,135,"LP","I"
314,1,135,"LP","I"
236,1,135,"LP","I"
196,2,135,"LP","I"
519,2,135,"LP","I"
287,1,135,"LP","I"
46,5,135,"LP","I"
433,2,135,"LP","I"
457,2,135,"LP","I"
327,1,135,"LP","I"
24,5,135,"LP","I"
101,2,135,"LP","I"
401,1,135,"LP","I"
259,5,135,"LP","I"
105,1,135,"LP","I"
80,6,135,"LP","I"
23,8,135,"LP","I"
183,1,135,"LP","I"
124,1,135,"LP","I"
123,3,135,"LP","I"
91,9,136,"LP","I"
362,1,136,"LP","I"
410,2,136,"LP","I"
437,1,136,"LP","I"
426,2,136,"LP","I"
483,3,136,"LP","I"
523,4,136,"LP","I"
179,7,136,"LP","I"
455,3,136,"LP","I"
390,1,136,"LP","I"
186,1,136,"LP","I"
183,1,136,"LP","I"
378,1,136,"LP","I"
16,8,136,"LP","I"
503,25,136,"LP","I"
67,11,136,"LP","I"
430,1,136,"LP","I"
515,2,136,"LP","I"
361,4,136,"LP","I"
59,5,136,"LP","I"
344,1,137,"LP","I"
7,10,137,"LP","I"
517,3,137,"LP","I"
348,2,137,"LP","I"
171,1,137,"LP","I"
138,3,137,"LP","I"
337,2,137,"LP","I"
279,1,137,"LP","I"
101,2,137,"LP","I"
354,2,137,"LP","I"
158,1,137,"LP","I"
317,2,137,"LP","I"
41,2,137,"LP","I"
255,2,137,"LP","I"
484,2,137,"LP","I"
61,39,137,"LP","I"
179,7,137,"LP","I"
250,1,137,"LP","I"
81,2,137,"LP","I"
508,19,137,"LP","I"
270,1,138,"LP","I"
381,2,138,"LP","I"
415,1,138,"LP","I"
363,1,138,"LP","I"
464,1,138,"LP","I"
16,8,138,"LP","I"
437,1,138,"LP","I"
186,1,138,"LP","I"
455,3,138,"LP","I"
396,1,138,"LP","I"
47,11,138,"LP","I"
503,25,138,"LP","I"
237,1,138,"LP","I"
285,1,138,"LP","I"
213,1,138,"LP","I"
140,1,138,"LP","I"
158,1,138,"LP","I"
513,2,138,"LP","I"
232,3,138,"LP","I"
524,1,138,"LP","I"
44,23,139,"LP","I"
81,2,139,"LP","I"
497,36,139,"LP","I"
458,1,139,"LP","I"
126,3,139,"LP","I"
369,1,139,"LP","I"
64,15,139,"LP","I"
508,19,139,"LP","I"
467,4,139,"LP","I"
252,1,139,"LP","I"
471,2,139,"LP","I"
248,1,139,"LP","I"
516,3,139,"LP","I"
308,1,139,"LP","I"
13,3,139,"LP","I"
14,37,139,"LP","I"
410,2,139,"LP","I"
264,1,139,"LP","I"
417,1,139,"LP","I"
76,7,139,"LP","I"
20,8,140,"LP","I"
173,1,140,"LP","I"
367,2,140,"LP","I"
144,1,140,"LP","I"
286,1,140,"LP","I"
44,23,140,"LP","I"
465,1,140,"LP","I"
179,7,140,"LP","I"
397,1,140,"LP","I"
132,1,140,"LP","I"
351,2,140,"LP","I"
505,16,140,"LP","I"
252,1,140,"LP","I"
203,1,140,"LP","I"
81,2,140,"LP","I"
426,2,140,"LP","I"
158,1,140,"LP","I"
41,2,140,"LP","I"
213,1,140,"LP","I"
186,1,140,"LP","I"
67,11,141,"LP","I"
270,1,141,"LP","I"
522,2,141,"LP","I"
181,1,141,"LP","I"
457,2,141,"LP","I"
358,15,141,"LP","I"
285,1,141,"LP","I"
81,2,141,"LP","I"
64,15,141,"LP","I"
291,1,141,"LP","I"
113,1,141,"LP","I"
54,8,141,"LP","I"
322,1,141,"LP","I"
112,2,141,"LP","I"
486,3,141,"LP","I"
198,1,141,"LP","I"
470,4,141,"LP","I"
126,3,141,"LP","I"
465,1,141,"LP","I"
467,4,141,"LP","I"
173,1,142,"LP","I"
4,11,142,"LP","I"
513,2,142,"LP","I"
140,1,142,"LP","I"
30,3,142,"LP","I"
484,2,142,"LP","I"
374,2,142,"LP","I"
401,1,142,"LP","I"
463,1,142,"LP","I"
76,7,142,"LP","I"
308,1,142,"LP","I"
287,1,142,"LP","I"
105,1,142,"LP","I"
430,1,142,"LP","I"
327,1,142,"LP","I"
381,2,142,"LP","I"
80,6,142,"LP","I"
299,1,142,"LP","I"
32,11,142,"LP","I"
422,3,142,"LP","I"
193,1,143,"LP","I"
38,6,143,"LP","I"
171,1,143,"LP","I"
66,1,143,"LP","I"
368,1,143,"LP","I"
464,1,143,"LP","I"
497,36,143,"LP","I"
322,1,143,"LP","I"
455,3,143,"LP","I"
508,19,143,"LP","I"
467,4,143,"LP","I"
299,1,143,"LP","I"
483,3,143,"LP","I"
45,8,143,"LP","I"
231,1,143,"LP","I"
498,32,143,"LP","I"
514,3,143,"LP","I"
203,1,143,"LP","I"
86,4,143,"LP","I"
112,2,143,"LP","I"
77,20,144,"LP","I"
38,6,144,"LP","I"
64,15,144,"LP","I"
320,1,144,"LP","I"
372,1,144,"LP","I"
389,2,144,"LP","I"
415,1,144,"LP","I"
20,8,144,"LP","I"
430,1,144,"LP","I"
129,1,144,"LP","I"
433,2,144,"LP","I"
138,3,144,"LP","I"
419,1,144,"LP","I"
16,8,144,"LP","I"
508,19,144,"LP","I"
47,11,144,"LP","I"
142,1,144,"LP","I"
445,11,144,"LP","I"
317,2,144,"LP","I"
123,3,144,"LP","I"
33,13,145,"LP","I"
534,4,145,"LP","I"
500,29,145,"LP","I"
244,2,145,"LP","I"
381,2,145,"LP","I"
255,2,145,"LP","I"
264,1,145,"LP","I"
455,3,145,"LP","I"
129,1,145,"LP","I"
344,1,145,"LP","I"
372,1,145,"LP","I"
126,3,145,"LP","I"
170,1,145,"LP","I"
193,1,145,"LP","I"
82,1,145,"LP","I"
422,3,145,"LP","I"
337,2,145,"LP","I"
369,1,145,"LP","I"
61,39,145,"LP","I"
470,4,145,"LP","I"
232,3,146,"LP","I"
264,1,146,"LP","I"
72,9,146,"LP","I"
470,4,146,"LP","I"
318,2,146,"LP","I"
128,1,146,"LP","I"
247,1,146,"LP","I"
326,1,146,"LP","I"
458,1,146,"LP","I"
57,12,146,"LP","I"
419,1,146,"LP","I"
365,2,146,"LP","I"
291,1,146,"LP","I"
498,32,146,"LP","I"
270,1,146,"LP","I"
78,12,146,"LP","I"
186,1,146,"LP","I"
179,7,146,"LP","I"
276,2,146,"LP","I"
69,1,146,"LP","I"
224,1,147,"LP","I"
421,4,147,"LP","I"
213,1,147,"LP","I"
463,1,147,"LP","I"
236,1,147,"LP","I"
534,4,147,"LP","I"
278,1,147,"LP","I"
170,1,147,"LP","I"
419,1,147,"LP","I"
504,39,147,"LP","I"
508,19,147,"LP","I"
46,5,147,"LP","I"
223,1,147,"LP","I"
82,1,147,"LP","I"
141,1,147,"LP","I"
308,1,147,"LP","I"
266,1,147,"LP","I"
496,32,147,"LP","I"
32,11,147,"LP","I"
441,1,147,"LP","I"
363,1,148,"LP","I"
61,39,148,"LP","I"
144,1,148,"LP","I"
236,1,148,"LP","I"
376,3,148,"LP","I"
193,1,148,"LP","I"
47,11,148,"LP","I"
390,1,148,"LP","I"
320,1,148,"LP","I"
327,1,148,"LP","I"
313,1,148,"LP","I"
276,2,148,"LP","I"
519,2,148,"LP","I"
440,1,148,"LP","I"
164,4,148,"LP","I"
223,1,148,"LP","I"
132,1,148,"LP","I"
515,2,148,"LP","I"
498,32,148,"LP","I"
534,4,148,"LP","I"
422,3,149,"LP","I"
5,7,149,"LP","I"
513,2,149,"LP","I"
249,2,149,"LP","I"
24,5,149,"LP","I"
302,2,149,"LP","I"
370,1,149,"LP","I"
482,3,149,"LP","I"
270,1,149,"LP","I"
19,11,149,"LP","I"
318,2,149,"LP","I"
80,6,149,"LP","I"
354,2,149,"LP","I"
525,4,149,"LP","I"
486,3,149,"LP","I"
250,1,149,"LP","I"
56,7,149,"LP","I"
127,1,149,"LP","I"
173,1,149,"LP","I"
358,15,149,"LP","I"
430,1,150,"LP","I"
417,1,150,"LP","I"
358,15,150,"LP","I"
322,1,150,"LP","I"
362,1,150,"LP","I"
105,1,150,"LP","I"
501,24,150,"LP","I"
209,1,150,"LP","I"
441,1,150,"LP","I"
80,6,150,"LP","I"
495,14,150,"LP","I"
370,1,150,"LP","I"
287,1,150,"LP","I"
28,33,150,"LP","I"
304,1,150,"LP","I"
113,1,150,"LP","I"
439,1,150,"LP","I"
357,1,150,"LP","I"
440,1,150,"LP","I"
164,4,150,"LP","I"
113,1,151,"LP","I"
278,1,151,"LP","I"
515,2,151,"LP","I"
78,12,151,"LP","I"
421,4,151,"LP","I"
471,2,151,"LP","I"
372,1,151,"LP","I"
54,8,151,"LP","I"
17,6,151,"LP","I"
13,3,151,"LP","I"
76,7,151,"LP","I"
48,6,151,"LP","I"
470,4,151,"LP","I"
441,1,151,"LP","I"
464,1,151,"LP","I"
504,39,151,"LP","I"
445,11,151,"LP","I"
166,1,151,"LP","I"
496,32,151,"LP","I"
524,1,151,"LP","I"
287,1,152,"LP","I"
5,7,152,"LP","I"
464,1,152,"LP","I"
519,2,152,"LP","I"
469,4,152,"LP","I"
196,2,152,"LP","I"
390,1,152,"LP","I"
363,1,152,"LP","I"
126,3,152,"LP","I"
38,6,152,"LP","I"
326,1,152,"LP","I"
76,7,152,"LP","I"
78,12,152,"LP","I"
440,1,152,"LP","I"
501,24,152,"LP","I"
16,8,152,"LP","I"
419,1,152,"LP","I"
129,1,152,"LP","I"
470,4,152,"LP","I"
105,1,152,"LP","I"
501,24,153,"LP","I"
361,4,153,"LP","I"
186,1,153,"LP","I"
62,8,153,"LP","I"
14,37,153,"LP","I"
415,1,153,"LP","I"
33,13,153,"LP","I"
467,4,153,"LP","I"
425,4,153,"LP","I"
223,1,153,"LP","I"
129,1,153,"LP","I"
141,1,153,"LP","I"
47,11,153,"LP","I"
471,2,153,"LP","I"
41,2,153,"LP","I"
304,1,153,"LP","I"
464,1,153,"LP","I"
306,1,153,"LP","I"
419,1,153,"LP","I"
249,2,153,"LP","I"
270,1,154,"LP","I"
127,1,154,"LP","I"
81,2,154,"LP","I"
61,39,154,"LP","I"
435,3,154,"LP","I"
11,32,154,"LP","I"
368,1,154,"LP","I"
318,2,154,"LP","I"
374,2,154,"LP","I"
320,1,154,"LP","I"
500,29,154,"LP","I"
186,1,154,"LP","I"
417,1,154,"LP","I"
516,3,154,"LP","I"
410,2,154,"LP","I"
501,24,154,"LP","I"
45,8,154,"LP","I"
170,1,154,"LP","I"
372,1,154,"LP","I"
4,11,154,"LP","I"
287,1,155,"LP","I"
54,8,155,"LP","I"
158,1,155,"LP","I"
247,1,155,"LP","I"
44,23,155,"LP","I"
252,1,155,"LP","I"
499,35,155,"LP","I"
369,1,155,"LP","I"
299,1,155,"LP","I"
540,3,155,"LP","I"
361,4,155,"LP","I"
441,1,155,"LP","I"
48,6,155,"LP","I"
341,2,155,"LP","I"
282,1,155,"LP","I"
8,6,155,"LP","I"
370,1,155,"LP","I"
231,1,155,"LP","I"
421,4,155,"LP","I"
502,22,155,"LP","I"
198,1,156,"LP","I"
47,11,156,"LP","I"
112,2,156,"LP","I"
433,2,156,"LP","I"
173,1,156,"LP","I"
306,1,156,"LP","I"
341,2,156,"LP","I"
499,35,156,"LP","I"
141,1,156,"LP","I"
266,1,156,"LP","I"
81,2,156,"LP","I"
503,25,156,"LP","I"
14,37,156,"LP","I"
131,1,156,"LP","I"
259,5,156,"LP","I"
76,7,156,"LP","I"
358,15,156,"LP","I"
228,1,156,"LP","I"
455,3,156,"LP","I"
38,6,156,"LP","I"
304,1,157,"LP","I"
203,1,157,"LP","I"
105,1,157,"LP","I"
61,39,157,"LP","I"
7,10,157,"LP","I"
318,2,157,"LP","I"
458,1,157,"LP","I"
306,1,157,"LP","I"
236,1,157,"LP","I"
500,29,157,"LP","I"
348,2,157,"LP","I"
282,1,157,"LP","I"
166,1,157,"LP","I"
377,2,157,"LP","I"
534,4,157,"LP","I"
439,1,157,"LP","I"
28,33,157,"LP","I"
141,1,157,"LP","I"
362,1,157,"LP","I"
464,1,157,"LP","I"
5,7,158,"LP","I"
14,37,158,"LP","I"
231,1,158,"LP","I"
522,2,158,"LP","I"
305,1,158,"LP","I"
467,4,158,"LP","I"
39,1,158,"LP","I"
497,36,158,"LP","I"
343,7,158,"LP","I"
186,1,158,"LP","I"
401,1,158,"LP","I"
313,1,158,"LP","I"
318,2,158,"LP","I"
24,5,158,"LP","I"
78,12,158,"LP","I"
378,1,158,"LP","I"
193,1,158,"LP","I"
140,1,158,"LP","I"
183,1,158,"LP","I"
64,15,158,"LP","I"
426,2,159,"LP","I"
244,2,159,"LP","I"
523,4,159,"LP","I"
112,2,159,"LP","I"
313,1,159,"LP","I"
513,2,159,"LP","I"
372,1,159,"LP","I"
44,23,159,"LP","I"
202,1,159,"LP","I"
498,32,159,"LP","I"
170,1,159,"LP","I"
86,4,159,"LP","I"
264,1,159,"LP","I"
285,1,159,"LP","I"
80,6,159,"LP","I"
181,1,159,"LP","I"
378,1,159,"LP","I"
419,1,159,"LP","I"
322,1,159,"LP","I"
276,2,159,"LP","I"
264,1,160,"LP","I"
370,1,160,"LP","I"
513,2,160,"LP","I"
467,4,160,"LP","I"
299,1,160,"LP","I"
465,1,160,"LP","I"
47,11,160,"LP","I"
433,2,160,"LP","I"
266,1,160,"LP","I"
313,1,160,"LP","I"
458,1,160,"LP","I"
365,2,160,"LP","I"
164,4,160,"LP","I"
91,9,160,"LP","I"
358,15,160,"LP","I"
4,11,160,"LP","I"
327,1,160,"LP","I"
303,4,160,"LP","I"
374,2,160,"LP","I"
314,1,160,"LP","I"
514,3,161,"LP","I"
252,1,161,"LP","I"
499,35,161,"LP","I"
349,1,161,"LP","I"
508,19,161,"LP","I"
202,1,161,"LP","I"
495,14,161,"LP","I"
306,1,161,"LP","I"
369,1,161,"LP","I"
129,1,161,"LP","I"
337,2,161,"LP","I"
447,3,161,"LP","I"
363,1,161,"LP","I"
62,8,161,"LP","I"
305,1,161,"LP","I"
276,2,161,"LP","I"
128,1,161,"LP","I"
419,1,161,"LP","I"
327,1,161,"LP","I"
59,5,161,"LP","I"
368,1,162,"LP","I"
470,4,162,"LP","I"
306,1,162,"LP","I"
419,1,162,"LP","I"
447,3,162,"LP","I"
394,1,162,"LP","I"
349,1,162,"LP","I"
48,6,162,"LP","I"
213,1,162,"LP","I"
91,9,162,"LP","I"
17,6,162,"LP","I"
51,3,162,"LP","I"
291,1,162,"LP","I"
458,1,162,"LP","I"
255,2,162,"LP","I"
516,3,162,"LP","I"
69,1,162,"LP","I"
524,1,162,"LP","I"
250,1,162,"LP","I"
19,11,162,"LP","I"
255,2,163,"LP","I"
82,1,163,"LP","I"
457,2,163,"LP","I"
496,32,163,"LP","I"
78,12,163,"LP","I"
422,3,163,"LP","I"
198,1,163,"LP","I"
14,37,163,"LP","I"
173,1,163,"LP","I"
16,8,163,"LP","I"
101,2,163,"LP","I"
77,20,163,"LP","I"
26,62,163,"LP","I"
23,8,163,"LP","I"
196,2,163,"LP","I"
237,1,163,"LP","I"
250,1,163,"LP","I"
484,2,163,"LP","I"
417,1,163,"LP","I"
438,7,163,"LP","I"
455,3,164,"LP","I"
142,1,164,"LP","I"
463,1,164,"LP","I"
19,11,164,"LP","I"
439,1,164,"LP","I"
231,1,164,"LP","I"
48,6,164,"LP","I"
341,2,164,"LP","I"
422,3,164,"LP","I"
113,1,164,"LP","I"
5,7,164,"LP","I"
190,2,164,"LP","I"
351,2,164,"LP","I"
343,7,164,"LP","I"
299,1,164,"LP","I"
467,4,164,"LP","I"
318,2,164,"LP","I"
127,1,164,"LP","I"
425,4,164,"LP","I"
197,1,164,"LP","I"
62,8,165,"LP","I"
322,1,165,"LP","I"
313,1,165,"LP","I"
343,7,165,"LP","I"
308,1,165,"LP","I"
455,3,165,"LP","I"
250,1,165,"LP","I"
326,1,165,"LP","I"
278,1,165,"LP","I"
44,23,165,"LP","I"
467,4,165,"LP","I"
8,6,165,"LP","I"
46,5,165,"LP","I"
425,4,165,"LP","I"
236,1,165,"LP","I"
540,3,165,"LP","I"
224,1,165,"LP","I"
196,2,165,"LP","I"
314,1,165,"LP","I"
303,4,165,"LP","I"
508,19,166,"LP","I"
299,1,166,"LP","I"
498,32,166,"LP","I"
66,1,166,"LP","I"
419,1,166,"LP","I"
113,1,166,"LP","I"
425,4,166,"LP","I"
171,1,166,"LP","I"
247,1,166,"LP","I"
14,37,166,"LP","I"
369,1,166,"LP","I"
287,1,166,"LP","I"
483,3,166,"LP","I"
264,1,166,"LP","I"
421,4,166,"LP","I"
504,39,166,"LP","I"
56,7,166,"LP","I"
59,5,166,"LP","I"
23,8,166,"LP","I"
374,2,166,"LP","I"
363,1,167,"LP","I"
173,1,167,"LP","I"
397,1,167,"LP","I"
322,1,167,"LP","I"
170,1,167,"LP","I"
301,1,167,"LP","I"
519,2,167,"LP","I"
48,6,167,"LP","I"
186,1,167,"LP","I"
138,3,167,"LP","I"
32,11,167,"LP","I"
66,1,167,"LP","I"
486,3,167,"LP","I"
54,8,167,"LP","I"
505,16,167,"LP","I"
223,1,167,"LP","I"
455,3,167,"LP","I"
496,32,167,"LP","I"
390,1,167,"LP","I"
389,2,167,"LP","I"
534,4,168,"LP","I"
44,23,168,"LP","I"
484,2,168,"LP","I"
499,35,168,"LP","I"
517,3,168,"LP","I"
264,1,168,"LP","I"
524,1,168,"LP","I"
419,1,168,"LP","I"
302,2,168,"LP","I"
248,1,168,"LP","I"
361,4,168,"LP","I"
173,1,168,"LP","I"
209,1,168,"LP","I"
232,3,168,"LP","I"
183,1,168,"LP","I"
23,8,168,"LP","I"
381,2,168,"LP","I"
86,4,168,"LP","I"
348,2,168,"LP","I"
318,2,168,"LP","I"
51,3,169,"LP","I"
266,1,169,"LP","I"
132,1,169,"LP","I"
250,1,169,"LP","I"
11,32,169,"LP","I"
421,4,169,"LP","I"
495,14,169,"LP","I"
447,3,169,"LP","I"
59,5,169,"LP","I"
415,1,169,"LP","I"
105,1,169,"LP","I"
534,4,169,"LP","I"
302,2,169,"LP","I"
20,8,169,"LP","I"
301,1,169,"LP","I"
410,2,169,"LP","I"
179,7,169,"LP","I"
39,1,169,"LP","I"
186,1,169,"LP","I"
369,1,169,"LP","I"
179,7,170,"LP","I"
365,2,170,"LP","I"
501,24,170,"LP","I"
129,1,170,"LP","I"
143,1,170,"LP","I"
348,2,170,"LP","I"
455,3,170,"LP","I"
302,2,170,"LP","I"
465,1,170,"LP","I"
44,23,170,"LP","I"
91,9,170,"LP","I"
308,1,170,"LP","I"
513,2,170,"LP","I"
76,7,170,"LP","I"
131,1,170,"LP","I"
304,1,170,"LP","I"
213,1,170,"LP","I"
249,2,170,"LP","I"
374,2,170,"LP","I"
140,1,170,"LP","I"
166,1,171,"LP","I"
467,4,171,"LP","I"
372,1,171,"LP","I"
67,11,171,"LP","I"
223,1,171,"LP","I"
441,1,171,"LP","I"
365,2,171,"LP","I"
471,2,171,"LP","I"
113,1,171,"LP","I"
302,2,171,"LP","I"
39,1,171,"LP","I"
349,1,171,"LP","I"
228,1,171,"LP","I"
422,3,171,"LP","I"
354,2,171,"LP","I"
141,1,171,"LP","I"
51,3,171,"LP","I"
276,2,171,"LP","I"
62,8,171,"LP","I"
341,2,171,"LP","I"
173,1,172,"LP","I"
496,32,172,"LP","I"
291,1,172,"LP","I"
458,1,172,"LP","I"
344,1,172,"LP","I"
32,11,172,"LP","I"
248,1,172,"LP","I"
305,1,172,"LP","I"
123,3,172,"LP","I"
426,2,172,"LP","I"
467,4,172,"LP","I"
80,6,172,"LP","I"
508,19,172,"LP","I"
237,1,172,"LP","I"
367,2,172,"LP","I"
376,3,172,"LP","I"
140,1,172,"LP","I"
302,2,172,"LP","I"
374,2,172,"LP","I"
142,1,172,"LP","I"
308,1,173,"LP","I"
38,6,173,"LP","I"
515,2,173,"LP","I"
33,13,173,"LP","I"
105,1,173,"LP","I"
16,8,173,"LP","I"
486,3,173,"LP","I"
455,3,173,"LP","I"
421,4,173,"LP","I"
255,2,173,"LP","I"
343,7,173,"LP","I"
171,1,173,"LP","I"
302,2,173,"LP","I"
438,7,173,"LP","I"
447,3,173,"LP","I"
46,5,173,"LP","I"
124,1,173,"LP","I"
36,5,173,"LP","I"
304,1,173,"LP","I"
322,1,173,"LP","I"
8,6,174,"LP","I"
36,5,174,"LP","I"
362,1,174,"LP","I"
397,1,174,"LP","I"
247,1,174,"LP","I"
455,3,174,"LP","I"
354,2,174,"LP","I"
313,1,174,"LP","I"
54,8,174,"LP","I"
39,1,174,"LP","I"
129,1,174,"LP","I"
410,2,174,"LP","I"
244,2,174,"LP","I"
186,1,174,"LP","I"
421,4,174,"LP","I"
517,3,174,"LP","I"
484,2,174,"LP","I"
401,1,174,"LP","I"
306,1,174,"LP","I"
457,2,174,"LP","I"
337,2,175,"LP","I"
502,22,175,"LP","I"
181,1,175,"LP","I"
354,2,175,"LP","I"
126,3,175,"LP","I"
171,1,175,"LP","I"
193,1,175,"LP","I"
415,1,175,"LP","I"
45,8,175,"LP","I"
223,1,175,"LP","I"
439,1,175,"LP","I"
381,2,175,"LP","I"
81,2,175,"LP","I"
237,1,175,"LP","I"
516,3,175,"LP","I"
284,1,175,"LP","I"
51,3,175,"LP","I"
286,1,175,"LP","I"
515,2,175,"LP","I"
464,1,175,"LP","I"
458,1,176,"LP","I"
126,3,176,"LP","I"
196,2,176,"LP","I"
278,1,176,"LP","I"
499,35,176,"LP","I"
20,8,176,"LP","I"
64,15,176,"LP","I"
179,7,176,"LP","I"
513,2,176,"LP","I"
224,1,176,"LP","I"
422,3,176,"LP","I"
7,10,176,"LP","I"
304,1,176,"LP","I"
318,2,176,"LP","I"
45,8,176,"LP","I"
354,2,176,"LP","I"
287,1,176,"LP","I"
61,39,176,"LP","I"
390,1,176,"LP","I"
113,1,176,"LP","I"
410,2,177,"LP","I"
365,2,177,"LP","I"
193,1,177,"LP","I"
284,1,177,"LP","I"
228,1,177,"LP","I"
516,3,177,"LP","I"
7,10,177,"LP","I"
308,1,177,"LP","I"
439,1,177,"LP","I"
264,1,177,"LP","I"
369,1,177,"LP","I"
522,2,177,"LP","I"
378,1,177,"LP","I"
457,2,177,"LP","I"
209,1,177,"LP","I"
534,4,177,"LP","I"
376,3,177,"LP","I"
62,8,177,"LP","I"
501,24,177,"LP","I"
422,3,177,"LP","I"
82,1,178,"LP","I"
228,1,178,"LP","I"
69,1,178,"LP","I"
213,1,178,"LP","I"
327,1,178,"LP","I"
138,3,178,"LP","I"
318,2,178,"LP","I"
190,2,178,"LP","I"
5,7,178,"LP","I"
26,62,178,"LP","I"
348,2,178,"LP","I"
112,2,178,"LP","I"
441,1,178,"LP","I"
341,2,178,"LP","I"
351,2,178,"LP","I"
48,6,178,"LP","I"
144,1,178,"LP","I"
248,1,178,"LP","I"
430,1,178,"LP","I"
16,8,178,"LP","I"
249,2,179,"LP","I"
415,1,179,"LP","I"
132,1,179,"LP","I"
313,1,179,"LP","I"
232,3,179,"LP","I"
36,5,179,"LP","I"
372,1,179,"LP","I"
417,1,179,"LP","I"
38,6,179,"LP","I"
504,39,179,"LP","I"
193,1,179,"LP","I"
248,1,179,"LP","I"
482,3,179,"LP","I"
231,1,179,"LP","I"
222,1,179,"LP","I"
469,4,179,"LP","I"
24,5,179,"LP","I"
351,2,179,"LP","I"
425,4,179,"LP","I"
250,1,179,"LP","I"
357,1,180,"LP","I"
344,1,180,"LP","I"
47,11,180,"LP","I"
302,2,180,"LP","I"
28,33,180,"LP","I"
105,1,180,"LP","I"
198,1,180,"LP","I"
458,1,180,"LP","I"
183,1,180,"LP","I"
318,2,180,"LP","I"
127,1,180,"LP","I"
101,2,180,"LP","I"
276,2,180,"LP","I"
41,2,180,"LP","I"
51,3,180,"LP","I"
140,1,180,"LP","I"
439,1,180,"LP","I"
483,3,180,"LP","I"
4,11,180,"LP","I"
44,23,180,"LP","I"
203,1,181,"LP","I"
397,1,181,"LP","I"
248,1,181,"LP","I"
60,5,181,"LP","I"
302,2,181,"LP","I"
33,13,181,"LP","I"
291,1,181,"LP","I"
276,2,181,"LP","I"
80,6,181,"LP","I"
38,6,181,"LP","I"
314,1,181,"LP","I"
380,2,181,"LP","I"
287,1,181,"LP","I"
327,1,181,"LP","I"
197,1,181,"LP","I"
259,5,181,"LP","I"
305,1,181,"LP","I"
445,11,181,"LP","I"
505,16,181,"LP","I"
193,1,181,"LP","I"
502,22,182,"LP","I"
24,5,182,"LP","I"
80,6,182,"LP","I"
138,3,182,"LP","I"
286,1,182,"LP","I"
237,1,182,"LP","I"
389,2,182,"LP","I"
426,2,182,"LP","I"
299,1,182,"LP","I"
196,2,182,"LP","I"
202,1,182,"LP","I"
363,1,182,"LP","I"
285,1,182,"LP","I"
12,11,182,"LP","I"
124,1,182,"LP","I"
495,14,182,"LP","I"
301,1,182,"LP","I"
8,6,182,"LP","I"
410,2,182,"LP","I"
513,2,182,"LP","I"
483,3,183,"LP","I"
196,2,183,"LP","I"
522,2,183,"LP","I"
344,1,183,"LP","I"
422,3,183,"LP","I"
12,11,183,"LP","I"
86,4,183,"LP","I"
396,1,183,"LP","I"
445,11,183,"LP","I"
66,1,183,"LP","I"
128,1,183,"LP","I"
105,1,183,"LP","I"
127,1,183,"LP","I"
101,2,183,"LP","I"
369,1,183,"LP","I"
365,2,183,"LP","I"
26,62,183,"LP","I"
441,1,183,"LP","I"
514,3,183,"LP","I"
433,2,183,"LP","I"
419,1,184,"LP","I"
248,1,184,"LP","I"
183,1,184,"LP","I"
33,13,184,"LP","I"
11,32,184,"LP","I"
26,62,184,"LP","I"
540,3,184,"LP","I"
19,11,184,"LP","I"
285,1,184,"LP","I"
7,10,184,"LP","I"
24,5,184,"LP","I"
166,1,184,"LP","I"
276,2,184,"LP","I"
56,7,184,"LP","I"
306,1,184,"LP","I"
66,1,184,"LP","I"
44,23,184,"LP","I"
76,7,184,"LP","I"
337,2,184,"LP","I"
363,1,184,"LP","I"
236,1,185,"LP","I"
249,2,185,"LP","I"
313,1,185,"LP","I"
250,1,185,"LP","I"
255,2,185,"LP","I"
365,2,185,"LP","I"
369,1,185,"LP","I"
252,1,185,"LP","I"
72,9,185,"LP","I"
370,1,185,"LP","I"
435,3,185,"LP","I"
158,1,185,"LP","I"
129,1,185,"LP","I"
327,1,185,"LP","I"
186,1,185,"LP","I"
497,36,185,"LP","I"
358,15,185,"LP","I"
82,1,185,"LP","I"
445,11,185,"LP","I"
123,3,185,"LP","I"
32,11,186,"LP","I"
301,1,186,"LP","I"
61,39,186,"LP","I"
19,11,186,"LP","I"
314,1,186,"LP","I"
499,35,186,"LP","I"
56,7,186,"LP","I"
12,11,186,"LP","I"
142,1,186,"LP","I"
69,1,186,"LP","I"
138,3,186,"LP","I"
286,1,186,"LP","I"
470,4,186,"LP","I"
231,1,186,"LP","I"
517,3,186,"LP","I"
441,1,186,"LP","I"
112,2,186,"LP","I"
250,1,186,"LP","I"
144,1,186,"LP","I"
127,1,186,"LP","I"
112,2,187,"LP","I"
496,32,187,"LP","I"
62,8,187,"LP","I"
470,4,187,"LP","I"
237,1,187,"LP","I"
463,1,187,"LP","I"
7,10,187,"LP","I"
86,4,187,"LP","I"
124,1,187,"LP","I"
318,2,187,"LP","I"
285,1,187,"LP","I"
441,1,187,"LP","I"
196,2,187,"LP","I"
223,1,187,"LP","I"
51,3,187,"LP","I"
28,33,187,"LP","I"
59,5,187,"LP","I"
45,8,187,"LP","I"
522,2,187,"LP","I"
357,1,187,"LP","I"
124,1,188,"LP","I"
47,11,188,"LP","I"
394,1,188,"LP","I"
358,15,188,"LP","I"
318,2,188,"LP","I"
76,7,188,"LP","I"
457,2,188,"LP","I"
426,2,188,"LP","I"
415,1,188,"LP","I"
12,11,188,"LP","I"
327,1,188,"LP","I"
14,37,188,"LP","I"
445,11,188,"LP","I"
237,1,188,"LP","I"
419,1,188,"LP","I"
66,1,188,"LP","I"
140,1,188,"LP","I"
197,1,188,"LP","I"
26,62,188,"LP","I"
306,1,188,"LP","I"
396,1,189,"LP","I"
54,8,189,"LP","I"
48,6,189,"LP","I"
498,32,189,"LP","I"
80,6,189,"LP","I"
469,4,189,"LP","I"
410,2,189,"LP","I"
140,1,189,"LP","I"
69,1,189,"LP","I"
60,5,189,"LP","I"
179,7,189,"LP","I"
11,32,189,"LP","I"
250,1,189,"LP","I"
501,24,189,"LP","I"
124,1,189,"LP","I"
378,1,189,"LP","I"
301,1,189,"LP","I"
209,1,189,"LP","I"
278,1,189,"LP","I"
236,1,189,"LP","I"
362,1,190,"LP","I"
46,5,190,"LP","I"
368,1,190,"LP","I"
377,2,190,"LP","I"
20,8,190,"LP","I"
301,1,190,"LP","I"
426,2,190,"LP","I"
523,4,190,"LP","I"
81,2,190,"LP","I"
128,1,190,"LP","I"
389,2,190,"LP","I"
470,4,190,"LP","I"
11,32,190,"LP","I"
394,1,190,"LP","I"
131,1,190,"LP","I"
327,1,190,"LP","I"
244,2,190,"LP","I"
381,2,190,"LP","I"
503,25,190,"LP","I"
224,1,190,"LP","I"
306,1,191,"LP","I"
302,2,191,"LP","I"
247,1,191,"LP","I"
138,3,191,"LP","I"
440,1,191,"LP","I"
508,19,191,"LP","I"
127,1,191,"LP","I"
7,10,191,"LP","I"
38,6,191,"LP","I"
202,1,191,"LP","I"
69,1,191,"LP","I"
368,1,191,"LP","I"
380,2,191,"LP","I"
313,1,191,"LP","I"
374,2,191,"LP","I"
419,1,191,"LP","I"
515,2,191,"LP","I"
502,22,191,"LP","I"
497,36,191,"LP","I"
467,4,191,"LP","I"
66,1,192,"LP","I"
76,7,192,"LP","I"
505,16,192,"LP","I"
270,1,192,"LP","I"
376,3,192,"LP","I"
128,1,192,"LP","I"
482,3,192,"LP","I"
23,8,192,"LP","I"
327,1,192,"LP","I"
417,1,192,"LP","I"
471,2,192,"LP","I"
301,1,192,"LP","I"
112,2,192,"LP","I"
313,1,192,"LP","I"
54,8,192,"LP","I"
124,1,192,"LP","I"
495,14,192,"LP","I"
496,32,192,"LP","I"
302,2,192,"LP","I"
80,6,192,"LP","I"
173,1,193,"LP","I"
60,5,193,"LP","I"
378,1,193,"LP","I"
344,1,193,"LP","I"
495,14,193,"LP","I"
80,6,193,"LP","I"
77,20,193,"LP","I"
422,3,193,"LP","I"
183,1,193,"LP","I"
369,1,193,"LP","I"
61,39,193,"LP","I"
421,4,193,"LP","I"
284,1,193,"LP","I"
430,1,193,"LP","I"
196,2,193,"LP","I"
469,4,193,"LP","I"
372,1,193,"LP","I"
48,6,193,"LP","I"
54,8,193,"LP","I"
190,2,193,"LP","I"
76,7,194,"LP","I"
305,1,194,"LP","I"
286,1,194,"LP","I"
4,11,194,"LP","I"
57,12,194,"LP","I"
77,20,194,"LP","I"
326,1,194,"LP","I"
497,36,194,"LP","I"
126,3,194,"LP","I"
131,1,194,"LP","I"
164,4,194,"LP","I"
59,5,194,"LP","I"
417,1,194,"LP","I"
354,2,194,"LP","I"
173,1,194,"LP","I"
308,1,194,"LP","I"
86,4,194,"LP","I"
523,4,194,"LP","I"
301,1,194,"LP","I"
64,15,194,"LP","I"
287,1,195,"LP","I"
377,2,195,"LP","I"
344,1,195,"LP","I"
465,1,195,"LP","I"
196,2,195,"LP","I"
401,1,195,"LP","I"
91,9,195,"LP","I"
440,1,195,"LP","I"
105,1,195,"LP","I"
540,3,195,"LP","I"
77,20,195,"LP","I"
56,7,195,"LP","I"
354,2,195,"LP","I"
179,7,195,"LP","I"
523,4,195,"LP","I"
291,1,195,"LP","I"
504,39,195,"LP","I"
30,3,195,"LP","I"
232,3,195,"LP","I"
305,1,195,"LP","I"
39,1,196,"LP","I"
20,8,196,"LP","I"
276,2,196,"LP","I"
7,10,196,"LP","I"
425,4,196,"LP","I"
279,1,196,"LP","I"
132,1,196,"LP","I"
435,3,196,"LP","I"
62,8,196,"LP","I"
255,2,196,"LP","I"
78,12,196,"LP","I"
247,1,196,"LP","I"
498,32,196,"LP","I"
308,1,196,"LP","I"
363,1,196,"LP","I"
209,1,196,"LP","I"
32,11,196,"LP","I"
19,11,196,"LP","I"
69,1,196,"LP","I"
504,39,196,"LP","I"
45,8,197,"LP","I"
124,1,197,"LP","I"
54,8,197,"LP","I"
23,8,197,"LP","I"
158,1,197,"LP","I"
179,7,197,"LP","I"
499,35,197,"LP","I"
141,1,197,"LP","I"
28,33,197,"LP","I"
441,1,197,"LP","I"
318,2,197,"LP","I"
327,1,197,"LP","I"
64,15,197,"LP","I"
101,2,197,"LP","I"
132,1,197,"LP","I"
62,8,197,"LP","I"
419,1,197,"LP","I"
357,1,197,"LP","I"
484,2,197,"LP","I"
425,4,197,"LP","I"
291,1,198,"LP","I"
39,1,198,"LP","I"
46,5,198,"LP","I"
236,1,198,"LP","I"
7,10,198,"LP","I"
304,1,198,"LP","I"
190,2,198,"LP","I"
8,6,198,"LP","I"
62,8,198,"LP","I"
171,1,198,"LP","I"
181,1,198,"LP","I"
381,2,198,"LP","I"
314,1,198,"LP","I"
197,1,198,"LP","I"
523,4,198,"LP","I"
503,25,198,"LP","I"
12,11,198,"LP","I"
131,1,198,"LP","I"
222,1,198,"LP","I"
486,3,198,"LP","I"
56,7,199,"LP","I"
126,3,199,"LP","I"
173,1,199,"LP","I"
66,1,199,"LP","I"
499,35,199,"LP","I"
433,2,199,"LP","I"
248,1,199,"LP","I"
279,1,199,"LP","I"
232,3,199,"LP","I"
19,11,199,"LP","I"
81,2,199,"LP","I"
7,10,199,"LP","I"
500,29,199,"LP","I"
415,1,199,"LP","I"
367,2,199,"LP","I"
209,1,199,"LP","I"
203,1,199,"LP","I"
32,11,199,"LP","I"
343,7,199,"LP","I"
20,8,199,"LP","I"
389,2,200,"LP","I"
23,8,200,"LP","I"
515,2,200,"LP","I"
14,37,200,"LP","I"
508,19,200,"LP","I"
341,2,200,"LP","I"
250,1,200,"LP","I"
223,1,200,"LP","I"
61,39,200,"LP","I"
437,1,200,"LP","I"
12,11,200,"LP","I"
425,4,200,"LP","I"
166,1,200,"LP","I"
13,3,200,"LP","I"
69,1,200,"LP","I"
351,2,200,"LP","I"
72,9,200,"LP","I"
381,2,200,"LP","I"
365,2,200,"LP","I"
181,1,200,"LP","I"
522,2,201,"LP","I"
183,1,201,"LP","I"
291,1,201,"LP","I"
171,1,201,"LP","I"
266,1,201,"LP","I"
126,3,201,"LP","I"
231,1,201,"LP","I"
343,7,201,"LP","I"
306,1,201,"LP","I"
138,3,201,"LP","I"
44,23,201,"LP","I"
264,1,201,"LP","I"
141,1,201,"LP","I"
113,1,201,"LP","I"
303,4,201,"LP","I"
173,1,201,"LP","I"
515,2,201,"LP","I"
523,4,201,"LP","I"
320,1,201,"LP","I"
457,2,201,"LP","I"
196,2,202,"LP","I"
45,8,202,"LP","I"
327,1,202,"LP","I"
519,2,202,"LP","I"
11,32,202,"LP","I"
28,33,202,"LP","I"
457,2,202,"LP","I"
140,1,202,"LP","I"
24,5,202,"LP","I"
248,1,202,"LP","I"
197,1,202,"LP","I"
381,2,202,"LP","I"
305,1,202,"LP","I"
351,2,202,"LP","I"
171,1,202,"LP","I"
202,1,202,"LP","I"
250,1,202,"LP","I"
496,32,202,"LP","I"
17,6,202,"LP","I"
132,1,202,"LP","I"
126,3,203,"LP","I"
433,2,203,"LP","I"
302,2,203,"LP","I"
76,7,203,"LP","I"
504,39,203,"LP","I"
279,1,203,"LP","I"
394,1,203,"LP","I"
348,2,203,"LP","I"
45,8,203,"LP","I"
303,4,203,"LP","I"
32,11,203,"LP","I"
343,7,203,"LP","I"
362,1,203,"LP","I"
540,3,203,"LP","I"
170,1,203,"LP","I"
419,1,203,"LP","I"
482,3,203,"LP","I"
326,1,203,"LP","I"
209,1,203,"LP","I"
82,1,203,"LP","I"
394,1,204,"LP","I"
105,1,204,"LP","I"
441,1,204,"LP","I"
250,1,204,"LP","I"
247,1,204,"LP","I"
112,2,204,"LP","I"
505,16,204,"LP","I"
41,2,204,"LP","I"
138,3,204,"LP","I"
36,5,204,"LP","I"
170,1,204,"LP","I"
440,1,204,"LP","I"
287,1,204,"LP","I"
351,2,204,"LP","I"
279,1,204,"LP","I"
286,1,204,"LP","I"
437,1,204,"LP","I"
534,4,204,"LP","I"
28,33,204,"LP","I"
33,13,204,"LP","I"
503,25,205,"LP","I"
198,1,205,"LP","I"
374,2,205,"LP","I"
32,11,205,"LP","I"
170,1,205,"LP","I"
351,2,205,"LP","I"
439,1,205,"LP","I"
415,1,205,"LP","I"
304,1,205,"LP","I"
56,7,205,"LP","I"
515,2,205,"LP","I"
365,2,205,"LP","I"
181,1,205,"LP","I"
471,2,205,"LP","I"
376,3,205,"LP","I"
417,1,205,"LP","I"
140,1,205,"LP","I"
23,8,205,"LP","I"
514,3,205,"LP","I"
318,2,205,"LP","I"
179,7,206,"LP","I"
516,3,206,"LP","I"
467,4,206,"LP","I"
91,9,206,"LP","I"
141,1,206,"LP","I"
213,1,206,"LP","I"
69,1,206,"LP","I"
8,6,206,"LP","I"
61,39,206,"LP","I"
142,1,206,"LP","I"
129,1,206,"LP","I"
224,1,206,"LP","I"
499,35,206,"LP","I"
455,3,206,"LP","I"
469,4,206,"LP","I"
433,2,206,"LP","I"
166,1,206,"LP","I"
322,1,206,"LP","I"
255,2,206,"LP","I"
515,2,206,"LP","I"
123,3,207,"LP","I"
524,1,207,"LP","I"
437,1,207,"LP","I"
447,3,207,"LP","I"
439,1,207,"LP","I"
378,1,207,"LP","I"
410,2,207,"LP","I"
303,4,207,"LP","I"
417,1,207,"LP","I"
13,3,207,"LP","I"
354,2,207,"LP","I"
426,2,207,"LP","I"
67,11,207,"LP","I"
231,1,207,"LP","I"
503,25,207,"LP","I"
361,4,207,"LP","I"
278,1,207,"LP","I"
365,2,207,"LP","I"
36,5,207,"LP","I"
236,1,207,"LP","I"
244,2,208,"LP","I"
508,19,208,"LP","I"
435,3,208,"LP","I"
467,4,208,"LP","I"
438,7,208,"LP","I"
60,5,208,"LP","I"
302,2,208,"LP","I"
376,3,208,"LP","I"
471,2,208,"LP","I"
141,1,208,"LP","I"
166,1,208,"LP","I"
38,6,208,"LP","I"
24,5,208,"LP","I"
247,1,208,"LP","I"
299,1,208,"LP","I"
380,2,208,"LP","I"
362,1,208,"LP","I"
222,1,208,"LP","I"
327,1,208,"LP","I"
351,2,208,"LP","I"
396,1,209,"LP","I"
12,11,209,"LP","I"
223,1,209,"LP","I"
255,2,209,"LP","I"
502,22,209,"LP","I"
515,2,209,"LP","I"
196,2,209,"LP","I"
349,1,209,"LP","I"
381,2,209,"LP","I"
362,1,209,"LP","I"
320,1,209,"LP","I"
524,1,209,"LP","I"
198,1,209,"LP","I"
327,1,209,"LP","I"
303,4,209,"LP","I"
64,15,209,"LP","I"
126,3,209,"LP","I"
33,13,209,"LP","I"
158,1,209,"LP","I"
369,1,209,"LP","I"
439,1,210,"LP","I"
302,2,210,"LP","I"
236,1,210,"LP","I"
60,5,210,"LP","I"
482,3,210,"LP","I"
516,3,210,"LP","I"
17,6,210,"LP","I"
517,3,210,"LP","I"
349,1,210,"LP","I"
504,39,210,"LP","I"
140,1,210,"LP","I"
127,1,210,"LP","I"
467,4,210,"LP","I"
76,7,210,"LP","I"
326,1,210,"LP","I"
433,2,210,"LP","I"
38,6,210,"LP","I"
198,1,210,"LP","I"
522,2,210,"LP","I"
438,7,210,"LP","I"
259,5,211,"LP","I"
313,1,211,"LP","I"
522,2,211,"LP","I"
127,1,211,"LP","I"
445,11,211,"LP","I"
351,2,211,"LP","I"
440,1,211,"LP","I"
376,3,211,"LP","I"
56,7,211,"LP","I"
458,1,211,"LP","I"
534,4,211,"LP","I"
525,4,211,"LP","I"
33,13,211,"LP","I"
54,8,211,"LP","I"
540,3,211,"LP","I"
465,1,211,"LP","I"
28,33,211,"LP","I"
124,1,211,"LP","I"
285,1,211,"LP","I"
303,4,211,"LP","I"
417,1,212,"LP","I"
503,25,212,"LP","I"
304,1,212,"LP","I"
138,3,212,"LP","I"
327,1,212,"LP","I"
19,11,212,"LP","I"
128,1,212,"LP","I"
30,3,212,"LP","I"
255,2,212,"LP","I"
368,1,212,"LP","I"
112,2,212,"LP","I"
57,12,212,"LP","I"
314,1,212,"LP","I"
38,6,212,"LP","I"
14,37,212,"LP","I"
534,4,212,"LP","I"
132,1,212,"LP","I"
247,1,212,"LP","I"
105,1,212,"LP","I"
45,8,212,"LP","I"
314,1,213,"LP","I"
458,1,213,"LP","I"
276,2,213,"LP","I"
72,9,213,"LP","I"
236,1,213,"LP","I"
368,1,213,"LP","I"
401,1,213,"LP","I"
482,3,213,"LP","I"
190,2,213,"LP","I"
317,2,213,"LP","I"
363,1,213,"LP","I"
344,1,213,"LP","I"
524,1,213,"LP","I"
61,39,213,"LP","I"
348,2,213,"LP","I"
8,6,213,"LP","I"
308,1,213,"LP","I"
77,20,213,"LP","I"
415,1,213,"LP","I"
278,1,213,"LP","I"
505,16,214,"LP","I"
128,1,214,"LP","I"
514,3,214,"LP","I"
380,2,214,"LP","I"
430,1,214,"LP","I"
101,2,214,"LP","I"
314,1,214,"LP","I"
349,1,214,"LP","I"
142,1,214,"LP","I"
503,25,214,"LP","I"
129,1,214,"LP","I"
47,11,214,"LP","I"
30,3,214,"LP","I"
465,1,214,"LP","I"
80,6,214,"LP","I"
302,2,214,"LP","I"
76,7,214,"LP","I"
417,1,214,"LP","I"
13,3,214,"LP","I"
202,1,214,"LP","I"
237,1,215,"LP","I"
248,1,215,"LP","I"
410,2,215,"LP","I"
282,1,215,"LP","I"
4,11,215,"LP","I"
365,2,215,"LP","I"
341,2,215,"LP","I"
372,1,215,"LP","I"
302,2,215,"LP","I"
471,2,215,"LP","I"
516,3,215,"LP","I"
16,8,215,"LP","I"
299,1,215,"LP","I"
48,6,215,"LP","I"
439,1,215,"LP","I"
286,1,215,"LP","I"
231,1,215,"LP","I"
437,1,215,"LP","I"
181,1,215,"LP","I"
440,1,215,"LP","I"
410,2,216,"LP","I"
158,1,216,"LP","I"
7,10,216,"LP","I"
318,2,216,"LP","I"
440,1,216,"LP","I"
255,2,216,"LP","I"
279,1,216,"LP","I"
540,3,216,"LP","I"
142,1,216,"LP","I"
467,4,216,"LP","I"
244,2,216,"LP","I"
433,2,216,"LP","I"
349,1,216,"LP","I"
143,1,216,"LP","I"
48,6,216,"LP","I"
223,1,216,"LP","I"
314,1,216,"LP","I"
441,1,216,"LP","I"
38,6,216,"LP","I"
508,19,216,"LP","I"
20,8,217,"LP","I"
534,4,217,"LP","I"
179,7,217,"LP","I"
222,1,217,"LP","I"
484,2,217,"LP","I"
5,7,217,"LP","I"
144,1,217,"LP","I"
259,5,217,"LP","I"
278,1,217,"LP","I"
62,8,217,"LP","I"
291,1,217,"LP","I"
524,1,217,"LP","I"
363,1,217,"LP","I"
313,1,217,"LP","I"
32,11,217,"LP","I"
314,1,217,"LP","I"
327,1,217,"LP","I"
369,1,217,"LP","I"
368,1,217,"LP","I"
237,1,217,"LP","I"
314,1,218,"LP","I"
255,2,218,"LP","I"
349,1,218,"LP","I"
59,5,218,"LP","I"
503,25,218,"LP","I"
344,1,218,"LP","I"
465,1,218,"LP","I"
508,19,218,"LP","I"
500,29,218,"LP","I"
23,8,218,"LP","I"
524,1,218,"LP","I"
343,7,218,"LP","I"
464,1,218,"LP","I"
354,2,218,"LP","I"
77,20,218,"LP","I"
69,1,218,"LP","I"
20,8,218,"LP","I"
13,3,218,"LP","I"
91,9,218,"LP","I"
252,1,218,"LP","I"
337,2,219,"LP","I"
303,4,219,"LP","I"
255,2,219,"LP","I"
374,2,219,"LP","I"
417,1,219,"LP","I"
370,1,219,"LP","I"
372,1,219,"LP","I"
376,3,219,"LP","I"
171,1,219,"LP","I"
318,2,219,"LP","I"
222,1,219,"LP","I"
112,2,219,"LP","I"
259,5,219,"LP","I"
500,29,219,"LP","I"
540,3,219,"LP","I"
82,1,219,"LP","I"
170,1,219,"LP","I"
124,1,219,"LP","I"
113,1,219,"LP","I"
361,4,219,"LP","I"
497,36,220,"LP","I"
358,15,220,"LP","I"
209,1,220,"LP","I"
250,1,220,"LP","I"
67,11,220,"LP","I"
252,1,220,"LP","I"
198,1,220,"LP","I"
86,4,220,"LP","I"
57,12,220,"LP","I"
447,3,220,"LP","I"
440,1,220,"LP","I"
378,1,220,"LP","I"
186,1,220,"LP","I"
80,6,220,"LP","I"
513,2,220,"LP","I"
60,5,220,"LP","I"
41,2,220,"LP","I"
471,2,220,"LP","I"
64,15,220,"LP","I"
39,1,220,"LP","I"
91,9,221,"LP","I"
51,3,221,"LP","I"
348,2,221,"LP","I"
244,2,221,"LP","I"
465,1,221,"LP","I"
482,3,221,"LP","I"
264,1,221,"LP","I"
140,1,221,"LP","I"
255,2,221,"LP","I"
318,2,221,"LP","I"
228,1,221,"LP","I"
129,1,221,"LP","I"
66,1,221,"LP","I"
181,1,221,"LP","I"
171,1,221,"LP","I"
231,1,221,"LP","I"
499,35,221,"LP","I"
247,1,221,"LP","I"
508,19,221,"LP","I"
222,1,221,"LP","I"
36,5,222,"LP","I"
248,1,222,"LP","I"
381,2,222,"LP","I"
313,1,222,"LP","I"
4,11,222,"LP","I"
390,1,222,"LP","I"
326,1,222,"LP","I"
47,11,222,"LP","I"
523,4,222,"LP","I"
482,3,222,"LP","I"
223,1,222,"LP","I"
105,1,222,"LP","I"
19,11,222,"LP","I"
129,1,222,"LP","I"
197,1,222,"LP","I"
498,32,222,"LP","I"
7,10,222,"LP","I"
13,3,222,"LP","I"
128,1,222,"LP","I"
48,6,222,"LP","I"
435,3,223,"LP","I"
291,1,223,"LP","I"
322,1,223,"LP","I"
30,3,223,"LP","I"
203,1,223,"LP","I"
287,1,223,"LP","I"
496,32,223,"LP","I"
124,1,223,"LP","I"
128,1,223,"LP","I"
430,1,223,"LP","I"
486,3,223,"LP","I"
368,1,223,"LP","I"
101,2,223,"LP","I"
497,36,223,"LP","I"
51,3,223,"LP","I"
482,3,223,"LP","I"
81,2,223,"LP","I"
249,2,223,"LP","I"
112,2,223,"LP","I"
397,1,223,"LP","I"
112,2,224,"LP","I"
320,1,224,"LP","I"
128,1,224,"LP","I"
381,2,224,"LP","I"
236,1,224,"LP","I"
498,32,224,"LP","I"
224,1,224,"LP","I"
285,1,224,"LP","I"
430,1,224,"LP","I"
196,2,224,"LP","I"
13,3,224,"LP","I"
441,1,224,"LP","I"
11,32,224,"LP","I"
440,1,224,"LP","I"
426,2,224,"LP","I"
7,10,224,"LP","I"
351,2,224,"LP","I"
32,11,224,"LP","I"
198,1,224,"LP","I"
144,1,224,"LP","I"
357,1,225,"LP","I"
82,1,225,"LP","I"
279,1,225,"LP","I"
138,3,225,"LP","I"
69,1,225,"LP","I"
486,3,225,"LP","I"
278,1,225,"LP","I"
287,1,225,"LP","I"
378,1,225,"LP","I"
179,7,225,"LP","I"
305,1,225,"LP","I"
348,2,225,"LP","I"
173,1,225,"LP","I"
23,8,225,"LP","I"
317,2,225,"LP","I"
326,1,225,"LP","I"
232,3,225,"LP","I"
12,11,225,"LP","I"
502,22,225,"LP","I"
497,36,225,"LP","I"
349,1,226,"LP","I"
410,2,226,"LP","I"
389,2,226,"LP","I"
76,7,226,"LP","I"
357,1,226,"LP","I"
279,1,226,"LP","I"
20,8,226,"LP","I"
45,8,226,"LP","I"
224,1,226,"LP","I"
495,14,226,"LP","I"
138,3,226,"LP","I"
374,2,226,"LP","I"
498,32,226,"LP","I"
513,2,226,"LP","I"
264,1,226,"LP","I"
463,1,226,"LP","I"
276,2,226,"LP","I"
318,2,226,"LP","I"
228,1,226,"LP","I"
142,1,226,"LP","I"
66,1,227,"LP","I"
67,11,227,"LP","I"
81,2,227,"LP","I"
26,62,227,"LP","I"
415,1,227,"LP","I"
61,39,227,"LP","I"
202,1,227,"LP","I"
515,2,227,"LP","I"
463,1,227,"LP","I"
303,4,227,"LP","I"
369,1,227,"LP","I"
318,2,227,"LP","I"
144,1,227,"LP","I"
499,35,227,"LP","I"
396,1,227,"LP","I"
410,2,227,"LP","I"
372,1,227,"LP","I"
503,25,227,"LP","I"
237,1,227,"LP","I"
82,1,227,"LP","I"
113,1,228,"LP","I"
264,1,228,"LP","I"
348,2,228,"LP","I"
314,1,228,"LP","I"
193,1,228,"LP","I"
396,1,228,"LP","I"
515,2,228,"LP","I"
401,1,228,"LP","I"
471,2,228,"LP","I"
276,2,228,"LP","I"
380,2,228,"LP","I"
370,1,228,"LP","I"
500,29,228,"LP","I"
62,8,228,"LP","I"
76,7,228,"LP","I"
441,1,228,"LP","I"
12,11,228,"LP","I"
198,1,228,"LP","I"
39,1,228,"LP","I"
523,4,228,"LP","I"
519,2,229,"LP","I"
51,3,229,"LP","I"
62,8,229,"LP","I"
349,1,229,"LP","I"
305,1,229,"LP","I"
469,4,229,"LP","I"
465,1,229,"LP","I"
248,1,229,"LP","I"
515,2,229,"LP","I"
380,2,229,"LP","I"
523,4,229,"LP","I"
435,3,229,"LP","I"
341,2,229,"LP","I"
202,1,229,"LP","I"
534,4,229,"LP","I"
317,2,229,"LP","I"
483,3,229,"LP","I"
415,1,229,"LP","I"
158,1,229,"LP","I"
143,1,229,"LP","I"
291,1,230,"LP","I"
41,2,230,"LP","I"
502,22,230,"LP","I"
372,1,230,"LP","I"
60,5,230,"LP","I"
144,1,230,"LP","I"
132,1,230,"LP","I"
20,8,230,"LP","I"
313,1,230,"LP","I"
105,1,230,"LP","I"
170,1,230,"LP","I"
377,2,230,"LP","I"
306,1,230,"LP","I"
250,1,230,"LP","I"
417,1,230,"LP","I"
467,4,230,"LP","I"
67,11,230,"LP","I"
193,1,230,"LP","I"
348,2,230,"LP","I"
287,1,230,"LP","I"
344,1,231,"LP","I"
421,4,231,"LP","I"
131,1,231,"LP","I"
228,1,231,"LP","I"
171,1,231,"LP","I"
285,1,231,"LP","I"
425,4,231,"LP","I"
394,1,231,"LP","I"
124,1,231,"LP","I"
222,1,231,"LP","I"
326,1,231,"LP","I"
503,25,231,"LP","I"
113,1,231,"LP","I"
501,24,231,"LP","I"
270,1,231,"LP","I"
465,1,231,"LP","I"
8,6,231,"LP","I"
305,1,231,"LP","I"
64,15,231,"LP","I"
422,3,231,"LP","I"
301,1,232,"LP","I"
422,3,232,"LP","I"
285,1,232,"LP","I"
60,5,232,"LP","I"
51,3,232,"LP","I"
171,1,232,"LP","I"
344,1,232,"LP","I"
358,15,232,"LP","I"
203,1,232,"LP","I"
419,1,232,"LP","I"
123,3,232,"LP","I"
166,1,232,"LP","I"
7,10,232,"LP","I"
394,1,232,"LP","I"
19,11,232,"LP","I"
72,9,232,"LP","I"
513,2,232,"LP","I"
540,3,232,"LP","I"
377,2,232,"LP","I"
464,1,232,"LP","I"
164,4,233,"LP","I"
24,5,233,"LP","I"
64,15,233,"LP","I"
348,2,233,"LP","I"
503,25,233,"LP","I"
138,3,233,"LP","I"
166,1,233,"LP","I"
232,3,233,"LP","I"
59,5,233,"LP","I"
302,2,233,"LP","I"
410,2,233,"LP","I"
422,3,233,"LP","I"
523,4,233,"LP","I"
5,7,233,"LP","I"
372,1,233,"LP","I"
81,2,233,"LP","I"
80,6,233,"LP","I"
344,1,233,"LP","I"
517,3,233,"LP","I"
501,24,233,"LP","I"
422,3,234,"LP","I"
276,2,234,"LP","I"
362,1,234,"LP","I"
202,1,234,"LP","I"
314,1,234,"LP","I"
91,9,234,"LP","I"
278,1,234,"LP","I"
8,6,234,"LP","I"
302,2,234,"LP","I"
266,1,234,"LP","I"
222,1,234,"LP","I"
344,1,234,"LP","I"
514,3,234,"LP","I"
523,4,234,"LP","I"
515,2,234,"LP","I"
45,8,234,"LP","I"
502,22,234,"LP","I"
433,2,234,"LP","I"
504,39,234,"LP","I"
469,4,234,"LP","I"
209,1,235,"LP","I"
12,11,235,"LP","I"
224,1,235,"LP","I"
7,10,235,"LP","I"
247,1,235,"LP","I"
232,3,235,"LP","I"
196,2,235,"LP","I"
69,1,235,"LP","I"
252,1,235,"LP","I"
380,2,235,"LP","I"
264,1,235,"LP","I"
337,2,235,"LP","I"
306,1,235,"LP","I"
515,2,235,"LP","I"
440,1,235,"LP","I"
522,2,235,"LP","I"
142,1,235,"LP","I"
357,1,235,"LP","I"
82,1,235,"LP","I"
377,2,235,"LP","I"
349,1,236,"LP","I"
129,1,236,"LP","I"
81,2,236,"LP","I"
508,19,236,"LP","I"
524,1,236,"LP","I"
303,4,236,"LP","I"
270,1,236,"LP","I"
437,1,236,"LP","I"
370,1,236,"LP","I"
76,7,236,"LP","I"
415,1,236,"LP","I"
358,15,236,"LP","I"
367,2,236,"LP","I"
313,1,236,"LP","I"
304,1,236,"LP","I"
322,1,236,"LP","I"
203,1,236,"LP","I"
276,2,236,"LP","I"
12,11,236,"LP","I"
372,1,236,"LP","I"
503,25,237,"LP","I"
519,2,237,"LP","I"
81,2,237,"LP","I"
422,3,237,"LP","I"
470,4,237,"LP","I"
12,11,237,"LP","I"
320,1,237,"LP","I"
343,7,237,"LP","I"
197,1,237,"LP","I"
501,24,237,"LP","I"
365,2,237,"LP","I"
259,5,237,"LP","I"
101,2,237,"LP","I"
60,5,237,"LP","I"
304,1,237,"LP","I"
57,12,237,"LP","I"
374,2,237,"LP","I"
8,6,237,"LP","I"
482,3,237,"LP","I"
28,33,237,"LP","I"
81,2,238,"LP","I"
47,11,238,"LP","I"
276,2,238,"LP","I"
171,1,238,"LP","I"
302,2,238,"LP","I"
378,1,238,"LP","I"
158,1,238,"LP","I"
255,2,238,"LP","I"
394,1,238,"LP","I"
455,3,238,"LP","I"
123,3,238,"LP","I"
56,7,238,"LP","I"
500,29,238,"LP","I"
181,1,238,"LP","I"
377,2,238,"LP","I"
502,22,238,"LP","I"
67,11,238,"LP","I"
410,2,238,"LP","I"
441,1,238,"LP","I"
322,1,238,"LP","I"
56,7,239,"LP","I"
516,3,239,"LP","I"
264,1,239,"LP","I"
500,29,239,"LP","I"
435,3,239,"LP","I"
69,1,239,"LP","I"
36,5,239,"LP","I"
158,1,239,"LP","I"
13,3,239,"LP","I"
425,4,239,"LP","I"
362,1,239,"LP","I"
19,11,239,"LP","I"
7,10,239,"LP","I"
190,2,239,"LP","I"
30,3,239,"LP","I"
463,1,239,"LP","I"
394,1,239,"LP","I"
132,1,239,"LP","I"
78,12,239,"LP","I"
164,4,239,"LP","I"
502,22,240,"LP","I"
279,1,240,"LP","I"
39,1,240,"LP","I"
303,4,240,"LP","I"
24,5,240,"LP","I"
516,3,240,"LP","I"
348,2,240,"LP","I"
278,1,240,"LP","I"
304,1,240,"LP","I"
415,1,240,"LP","I"
365,2,240,"LP","I"
463,1,240,"LP","I"
291,1,240,"LP","I"
523,4,240,"LP","I"
209,1,240,"LP","I"
16,8,240,"LP","I"
126,3,240,"LP","I"
86,4,240,"LP","I"
313,1,240,"LP","I"
36,5,240,"LP","I"
525,4,241,"LP","I"
484,2,241,"LP","I"
306,1,241,"LP","I"
365,2,241,"LP","I"
57,12,241,"LP","I"
320,1,241,"LP","I"
439,1,241,"LP","I"
30,3,241,"LP","I"
20,8,241,"LP","I"
441,1,241,"LP","I"
318,2,241,"LP","I"
190,2,241,"LP","I"
349,1,241,"LP","I"
266,1,241,"LP","I"
341,2,241,"LP","I"
389,2,241,"LP","I"
437,1,241,"LP","I"
59,5,241,"LP","I"
67,11,241,"LP","I"
513,2,241,"LP","I"
81,2,242,"LP","I"
72,9,242,"LP","I"
259,5,242,"LP","I"
264,1,242,"LP","I"
224,1,242,"LP","I"
401,1,242,"LP","I"
302,2,242,"LP","I"
13,3,242,"LP","I"
190,2,242,"LP","I"
62,8,242,"LP","I"
457,2,242,"LP","I"
508,19,242,"LP","I"
249,2,242,"LP","I"
26,62,242,"LP","I"
38,6,242,"LP","I"
60,5,242,"LP","I"
455,3,242,"LP","I"
540,3,242,"LP","I"
196,2,242,"LP","I"
361,4,242,"LP","I"
30,3,243,"LP","I"
519,2,243,"LP","I"
361,4,243,"LP","I"
173,1,243,"LP","I"
362,1,243,"LP","I"
496,32,243,"LP","I"
499,35,243,"LP","I"
228,1,243,"LP","I"
396,1,243,"LP","I"
223,1,243,"LP","I"
76,7,243,"LP","I"
264,1,243,"LP","I"
470,4,243,"LP","I"
438,7,243,"LP","I"
61,39,243,"LP","I"
425,4,243,"LP","I"
471,2,243,"LP","I"
45,8,243,"LP","I"
255,2,243,"LP","I"
469,4,243,"LP","I"
390,1,244,"LP","I"
419,1,244,"LP","I"
17,6,244,"LP","I"
505,16,244,"LP","I"
140,1,244,"LP","I"
13,3,244,"LP","I"
534,4,244,"LP","I"
351,2,244,"LP","I"
30,3,244,"LP","I"
524,1,244,"LP","I"
223,1,244,"LP","I"
285,1,244,"LP","I"
370,1,244,"LP","I"
465,1,244,"LP","I"
141,1,244,"LP","I"
438,7,244,"LP","I"
80,6,244,"LP","I"
69,1,244,"LP","I"
248,1,244,"LP","I"
397,1,244,"LP","I"
46,5,245,"LP","I"
313,1,245,"LP","I"
264,1,245,"LP","I"
113,1,245,"LP","I"
515,2,245,"LP","I"
39,1,245,"LP","I"
464,1,245,"LP","I"
441,1,245,"LP","I"
343,7,245,"LP","I"
232,3,245,"LP","I"
285,1,245,"LP","I"
64,15,245,"LP","I"
484,2,245,"LP","I"
164,4,245,"LP","I"
5,7,245,"LP","I"
141,1,245,"LP","I"
236,1,245,"LP","I"
502,22,245,"LP","I"
203,1,245,"LP","I"
351,2,245,"LP","I"
232,3,246,"LP","I"
419,1,246,"LP","I"
264,1,246,"LP","I"
140,1,246,"LP","I"
196,2,246,"LP","I"
39,1,246,"LP","I"
244,2,246,"LP","I"
483,3,246,"LP","I"
158,1,246,"LP","I"
500,29,246,"LP","I"
401,1,246,"LP","I"
276,2,246,"LP","I"
314,1,246,"LP","I"
368,1,246,"LP","I"
86,4,246,"LP","I"
439,1,246,"LP","I"
435,3,246,"LP","I"
60,5,246,"LP","I"
341,2,246,"LP","I"
421,4,246,"LP","I"
7,10,247,"LP","I"
5,7,247,"LP","I"
320,1,247,"LP","I"
57,12,247,"LP","I"
504,39,247,"LP","I"
186,1,247,"LP","I"
498,32,247,"LP","I"
500,29,247,"LP","I"
132,1,247,"LP","I"
183,1,247,"LP","I"
523,4,247,"LP","I"
369,1,247,"LP","I"
36,5,247,"LP","I"
349,1,247,"LP","I"
209,1,247,"LP","I"
12,11,247,"LP","I"
495,14,247,"LP","I"
465,1,247,"LP","I"
131,1,247,"LP","I"
415,1,247,"LP","I"
105,1,248,"LP","I"
202,1,248,"LP","I"
522,2,248,"LP","I"
164,4,248,"LP","I"
496,32,248,"LP","I"
503,25,248,"LP","I"
344,1,248,"LP","I"
276,2,248,"LP","I"
36,5,248,"LP","I"
357,1,248,"LP","I"
62,8,248,"LP","I"
244,2,248,"LP","I"
69,1,248,"LP","I"
179,7,248,"LP","I"
322,1,248,"LP","I"
196,2,248,"LP","I"
193,1,248,"LP","I"
410,2,248,"LP","I"
128,1,248,"LP","I"
48,6,248,"LP","I"
421,4,249,"LP","I"
464,1,249,"LP","I"
48,6,249,"LP","I"
14,37,249,"LP","I"
131,1,249,"LP","I"
8,6,249,"LP","I"
374,2,249,"LP","I"
173,1,249,"LP","I"
232,3,249,"LP","I"
341,2,249,"LP","I"
302,2,249,"LP","I"
291,1,249,"LP","I"
141,1,249,"LP","I"
7,10,249,"LP","I"
183,1,249,"LP","I"
415,1,249,"LP","I"
458,1,249,"LP","I"
30,3,249,"LP","I"
282,1,249,"LP","I"
317,2,249,"LP","I"
236,1,250,"LP","I"
19,11,250,"LP","I"
469,4,250,"LP","I"
348,2,250,"LP","I"
464,1,250,"LP","I"
203,1,250,"LP","I"
173,1,250,"LP","I"
389,2,250,"LP","I"
396,1,250,"LP","I"
419,1,250,"LP","I"
433,2,250,"LP","I"
249,2,250,"LP","I"
12,11,250,"LP","I"
341,2,250,"LP","I"
522,2,250,"LP","I"
86,4,250,"LP","I"
397,1,250,"LP","I"
354,2,250,"LP","I"
304,1,250,"LP","I"
369,1,250,"LP","I"
5,7,251,"LP","I"
228,1,251,"LP","I"
425,4,251,"LP","I"
381,2,251,"LP","I"
370,1,251,"LP","I"
164,4,251,"LP","I"
128,1,251,"LP","I"
131,1,251,"LP","I"
248,1,251,"LP","I"
433,2,251,"LP","I"
203,1,251,"LP","I"
171,1,251,"LP","I"
349,1,251,"LP","I"
505,16,251,"LP","I"
438,7,251,"LP","I"
278,1,251,"LP","I"
26,62,251,"LP","I"
193,1,251,"LP","I"
501,24,251,"LP","I"
183,1,251,"LP","I"
72,9,252,"LP","I"
344,1,252,"LP","I"
313,1,252,"LP","I"
508,19,252,"LP","I"
24,5,252,"LP","I"
144,1,252,"LP","I"
66,1,252,"LP","I"
57,12,252,"LP","I"
525,4,252,"LP","I"
7,10,252,"LP","I"
425,4,252,"LP","I"
129,1,252,"LP","I"
8,6,252,"LP","I"
181,1,252,"LP","I"
361,4,252,"LP","I"
349,1,252,"LP","I"
82,1,252,"LP","I"
326,1,252,"LP","I"
305,1,252,"LP","I"
46,5,252,"LP","I"
503,25,253,"LP","I"
11,32,253,"LP","I"
457,2,253,"LP","I"
306,1,253,"LP","I"
534,4,253,"LP","I"
48,6,253,"LP","I"
455,3,253,"LP","I"
362,1,253,"LP","I"
47,11,253,"LP","I"
24,5,253,"LP","I"
363,1,253,"LP","I"
464,1,253,"LP","I"
291,1,253,"LP","I"
343,7,253,"LP","I"
7,10,253,"LP","I"
305,1,253,"LP","I"
144,1,253,"LP","I"
164,4,253,"LP","I"
365,2,253,"LP","I"
132,1,253,"LP","I"
164,4,254,"LP","I"
203,1,254,"LP","I"
279,1,254,"LP","I"
322,1,254,"LP","I"
33,13,254,"LP","I"
183,1,254,"LP","I"
326,1,254,"LP","I"
503,25,254,"LP","I"
278,1,254,"LP","I"
486,3,254,"LP","I"
12,11,254,"LP","I"
435,3,254,"LP","I"
305,1,254,"LP","I"
301,1,254,"LP","I"
244,2,254,"LP","I"
36,5,254,"LP","I"
463,1,254,"LP","I"
252,1,254,"LP","I"
61,39,254,"LP","I"
57,12,254,"LP","I"
381,2,255,"LP","I"
285,1,255,"LP","I"
11,32,255,"LP","I"
438,7,255,"LP","I"
370,1,255,"LP","I"
244,2,255,"LP","I"
287,1,255,"LP","I"
278,1,255,"LP","I"
513,2,255,"LP","I"
286,1,255,"LP","I"
439,1,255,"LP","I"
341,2,255,"LP","I"
320,1,255,"LP","I"
255,2,255,"LP","I"
4,11,255,"LP","I"
41,2,255,"LP","I"
26,62,255,"LP","I"
193,1,255,"LP","I"
13,3,255,"LP","I"
39,1,255,"LP","I"
417,1,256,"LP","I"
12,11,256,"LP","I"
209,1,256,"LP","I"
357,1,256,"LP","I"
425,4,256,"LP","I"
467,4,256,"LP","I"
8,6,256,"LP","I"
278,1,256,"LP","I"
45,8,256,"LP","I"
11,32,256,"LP","I"
497,36,256,"LP","I"
203,1,256,"LP","I"
419,1,256,"LP","I"
244,2,256,"LP","I"
16,8,256,"LP","I"
224,1,256,"LP","I"
314,1,256,"LP","I"
376,3,256,"LP","I"
5,7,256,"LP","I"
173,1,256,"LP","I"
326,1,257,"LP","I"
441,1,257,"LP","I"
349,1,257,"LP","I"
368,1,257,"LP","I"
128,1,257,"LP","I"
112,2,257,"LP","I"
363,1,257,"LP","I"
357,1,257,"LP","I"
143,1,257,"LP","I"
132,1,257,"LP","I"
60,5,257,"LP","I"
4,11,257,"LP","I"
56,7,257,"LP","I"
213,1,257,"LP","I"
497,36,257,"LP","I"
12,11,257,"LP","I"
284,1,257,"LP","I"
314,1,257,"LP","I"
228,1,257,"LP","I"
390,1,257,"LP","I"
232,3,258,"LP","I"
326,1,258,"LP","I"
60,5,258,"LP","I"
13,3,258,"LP","I"
78,12,258,"LP","I"
113,1,258,"LP","I"
213,1,258,"LP","I"
447,3,258,"LP","I"
499,35,258,"LP","I"
39,1,258,"LP","I"
523,4,258,"LP","I"
7,10,258,"LP","I"
372,1,258,"LP","I"
467,4,258,"LP","I"
138,3,258,"LP","I"
317,2,258,"LP","I"
465,1,258,"LP","I"
222,1,258,"LP","I"
365,2,258,"LP","I"
17,6,258,"LP","I"
301,1,259,"LP","I"
380,2,259,"LP","I"
20,8,259,"LP","I"
36,5,259,"LP","I"
250,1,259,"LP","I"
64,15,259,"LP","I"
317,2,259,"LP","I"
170,1,259,"LP","I"
513,2,259,"LP","I"
41,2,259,"LP","I"
415,1,259,"LP","I"
348,2,259,"LP","I"
519,2,259,"LP","I"
463,1,259,"LP","I"
344,1,259,"LP","I"
11,32,259,"LP","I"
278,1,259,"LP","I"
209,1,259,"LP","I"
305,1,259,"LP","I"
59,5,259,"LP","I"
54,8,260,"LP","I"
264,1,260,"LP","I"
516,3,260,"LP","I"
129,1,260,"LP","I"
433,2,260,"LP","I"
291,1,260,"LP","I"
440,1,260,"LP","I"
515,2,260,"LP","I"
61,39,260,"LP","I"
313,1,260,"LP","I"
181,1,260,"LP","I"
438,7,260,"LP","I"
285,1,260,"LP","I"
64,15,260,"LP","I"
69,1,260,"LP","I"
354,2,260,"LP","I"
138,3,260,"LP","I"
8,6,260,"LP","I"
389,2,260,"LP","I"
248,1,260,"LP","I"
173,1,261,"LP","I"
469,4,261,"LP","I"
503,25,261,"LP","I"
498,32,261,"LP","I"
299,1,261,"LP","I"
497,36,261,"LP","I"
19,11,261,"LP","I"
284,1,261,"LP","I"
486,3,261,"LP","I"
421,4,261,"LP","I"
314,1,261,"LP","I"
313,1,261,"LP","I"
415,1,261,"LP","I"
72,9,261,"LP","I"
426,2,261,"LP","I"
390,1,261,"LP","I"
504,39,261,"LP","I"
179,7,261,"LP","I"
540,3,261,"LP","I"
523,4,261,"LP","I"
513,2,262,"LP","I"
317,2,262,"LP","I"
23,8,262,"LP","I"
123,3,262,"LP","I"
470,4,262,"LP","I"
56,7,262,"LP","I"
231,1,262,"LP","I"
482,3,262,"LP","I"
378,1,262,"LP","I"
344,1,262,"LP","I"
286,1,262,"LP","I"
469,4,262,"LP","I"
438,7,262,"LP","I"
419,1,262,"LP","I"
320,1,262,"LP","I"
32,11,262,"LP","I"
5,7,262,"LP","I"
112,2,262,"LP","I"
41,2,262,"LP","I"
202,1,262,"LP","I"
81,2,263,"LP","I"
502,22,263,"LP","I"
380,2,263,"LP","I"
301,1,263,"LP","I"
389,2,263,"LP","I"
38,6,263,"LP","I"
419,1,263,"LP","I"
291,1,263,"LP","I"
171,1,263,"LP","I"
397,1,263,"LP","I"
438,7,263,"LP","I"
132,1,263,"LP","I"
377,2,263,"LP","I"
455,3,263,"LP","I"
12,11,263,"LP","I"
105,1,263,"LP","I"
457,2,263,"LP","I"
56,7,263,"LP","I"
496,32,263,"LP","I"
4,11,263,"LP","I"
247,1,264,"LP","I"
140,1,264,"LP","I"
440,1,264,"LP","I"
534,4,264,"LP","I"
498,32,264,"LP","I"
82,1,264,"LP","I"
228,1,264,"LP","I"
415,1,264,"LP","I"
24,5,264,"LP","I"
48,6,264,"LP","I"
179,7,264,"LP","I"
41,2,264,"LP","I"
503,25,264,"LP","I"
501,24,264,"LP","I"
370,1,264,"LP","I"
202,1,264,"LP","I"
457,2,264,"LP","I"
166,1,264,"LP","I"
517,3,264,"LP","I"
259,5,264,"LP","I"
186,1,265,"LP","I"
266,1,265,"LP","I"
164,4,265,"LP","I"
59,5,265,"LP","I"
80,6,265,"LP","I"
113,1,265,"LP","I"
417,1,265,"LP","I"
348,2,265,"LP","I"
415,1,265,"LP","I"
498,32,265,"LP","I"
248,1,265,"LP","I"
124,1,265,"LP","I"
365,2,265,"LP","I"
143,1,265,"LP","I"
534,4,265,"LP","I"
30,3,265,"LP","I"
306,1,265,"LP","I"
140,1,265,"LP","I"
228,1,265,"LP","I"
421,4,265,"LP","I"
76,7,266,"LP","I"
20,8,266,"LP","I"
374,2,266,"LP","I"
369,1,266,"LP","I"
231,1,266,"LP","I"
183,1,266,"LP","I"
222,1,266,"LP","I"
410,2,266,"LP","I"
105,1,266,"LP","I"
422,3,266,"LP","I"
77,20,266,"LP","I"
11,32,266,"LP","I"
28,33,266,"LP","I"
132,1,266,"LP","I"
344,1,266,"LP","I"
78,12,266,"LP","I"
469,4,266,"LP","I"
367,2,266,"LP","I"
33,13,266,"LP","I"
317,2,266,"LP","I"
284,1,267,"LP","I"
66,1,267,"LP","I"
327,1,267,"LP","I"
401,1,267,"LP","I"
76,7,267,"LP","I"
343,7,267,"LP","I"
193,1,267,"LP","I"
497,36,267,"LP","I"
38,6,267,"LP","I"
197,1,267,"LP","I"
304,1,267,"LP","I"
522,2,267,"LP","I"
173,1,267,"LP","I"
376,3,267,"LP","I"
306,1,267,"LP","I"
354,2,267,"LP","I"
113,1,267,"LP","I"
86,4,267,"LP","I"
505,16,267,"LP","I"
486,3,267,"LP","I"
193,1,268,"LP","I"
351,2,268,"LP","I"
486,3,268,"LP","I"
28,33,268,"LP","I"
30,3,268,"LP","I"
164,4,268,"LP","I"
276,2,268,"LP","I"
445,11,268,"LP","I"
44,23,268,"LP","I"
447,3,268,"LP","I"
286,1,268,"LP","I"
519,2,268,"LP","I"
504,39,268,"LP","I"
24,5,268,"LP","I"
132,1,268,"LP","I"
348,2,268,"LP","I"
365,2,268,"LP","I"
430,1,268,"LP","I"
19,11,268,"LP","I"
231,1,268,"LP","I"
522,2,269,"LP","I"
179,7,269,"LP","I"
132,1,269,"LP","I"
223,1,269,"LP","I"
19,11,269,"LP","I"
362,1,269,"LP","I"
56,7,269,"LP","I"
540,3,269,"LP","I"
166,1,269,"LP","I"
484,2,269,"LP","I"
421,4,269,"LP","I"
38,6,269,"LP","I"
72,9,269,"LP","I"
224,1,269,"LP","I"
105,1,269,"LP","I"
69,1,269,"LP","I"
471,2,269,"LP","I"
291,1,269,"LP","I"
82,1,269,"LP","I"
123,3,269,"LP","I"
39,1,270,"LP","I"
519,2,270,"LP","I"
415,1,270,"LP","I"
24,5,270,"LP","I"
308,1,270,"LP","I"
381,2,270,"LP","I"
305,1,270,"LP","I"
349,1,270,"LP","I"
437,1,270,"LP","I"
496,32,270,"LP","I"
396,1,270,"LP","I"
306,1,270,"LP","I"
503,25,270,"LP","I"
463,1,270,"LP","I"
143,1,270,"LP","I"
164,4,270,"LP","I"
202,1,270,"LP","I"
249,2,270,"LP","I"
378,1,270,"LP","I"
181,1,270,"LP","I"
318,2,271,"LP","I"
348,2,271,"LP","I"
286,1,271,"LP","I"
517,3,271,"LP","I"
158,1,271,"LP","I"
126,3,271,"LP","I"
45,8,271,"LP","I"
308,1,271,"LP","I"
486,3,271,"LP","I"
498,32,271,"LP","I"
302,2,271,"LP","I"
39,1,271,"LP","I"
410,2,271,"LP","I"
213,1,271,"LP","I"
250,1,271,"LP","I"
447,3,271,"LP","I"
33,13,271,"LP","I"
61,39,271,"LP","I"
59,5,271,"LP","I"
82,1,271,"LP","I"
129,1,272,"LP","I"
505,16,272,"LP","I"
278,1,272,"LP","I"
138,3,272,"LP","I"
181,1,272,"LP","I"
255,2,272,"LP","I"
86,4,272,"LP","I"
421,4,272,"LP","I"
76,7,272,"LP","I"
248,1,272,"LP","I"
326,1,272,"LP","I"
237,1,272,"LP","I"
447,3,272,"LP","I"
463,1,272,"LP","I"
397,1,272,"LP","I"
357,1,272,"LP","I"
422,3,272,"LP","I"
203,1,272,"LP","I"
60,5,272,"LP","I"
363,1,272,"LP","I"
105,1,273,"LP","I"
495,14,273,"LP","I"
508,19,273,"LP","I"
433,2,273,"LP","I"
515,2,273,"LP","I"
142,1,273,"LP","I"
497,36,273,"LP","I"
138,3,273,"LP","I"
47,11,273,"LP","I"
81,2,273,"LP","I"
128,1,273,"LP","I"
12,11,273,"LP","I"
266,1,273,"LP","I"
64,15,273,"LP","I"
419,1,273,"LP","I"
435,3,273,"LP","I"
380,2,273,"LP","I"
276,2,273,"LP","I"
317,2,273,"LP","I"
124,1,273,"LP","I"
30,3,274,"LP","I"
401,1,274,"LP","I"
198,1,274,"LP","I"
259,5,274,"LP","I"
77,20,274,"LP","I"
426,2,274,"LP","I"
508,19,274,"LP","I"
46,5,274,"LP","I"
82,1,274,"LP","I"
20,8,274,"LP","I"
76,7,274,"LP","I"
252,1,274,"LP","I"
394,1,274,"LP","I"
354,2,274,"LP","I"
467,4,274,"LP","I"
193,1,274,"LP","I"
164,4,274,"LP","I"
422,3,274,"LP","I"
143,1,274,"LP","I"
209,1,274,"LP","I"
445,11,275,"LP","I"
259,5,275,"LP","I"
361,4,275,"LP","I"
377,2,275,"LP","I"
24,5,275,"LP","I"
12,11,275,"LP","I"
439,1,275,"LP","I"
13,3,275,"LP","I"
425,4,275,"LP","I"
198,1,275,"LP","I"
422,3,275,"LP","I"
320,1,275,"LP","I"
23,8,275,"LP","I"
368,1,275,"LP","I"
343,7,275,"LP","I"
326,1,275,"LP","I"
28,33,275,"LP","I"
209,1,275,"LP","I"
5,7,275,"LP","I"
56,7,275,"LP","I"
67,11,276,"LP","I"
4,11,276,"LP","I"
126,3,276,"LP","I"
534,4,276,"LP","I"
141,1,276,"LP","I"
142,1,276,"LP","I"
343,7,276,"LP","I"
60,5,276,"LP","I"
439,1,276,"LP","I"
337,2,276,"LP","I"
394,1,276,"LP","I"
513,2,276,"LP","I"
341,2,276,"LP","I"
127,1,276,"LP","I"
7,10,276,"LP","I"
354,2,276,"LP","I"
495,14,276,"LP","I"
132,1,276,"LP","I"
276,2,276,"LP","I"
362,1,276,"LP","I"
458,1,277,"LP","I"
496,32,277,"LP","I"
368,1,277,"LP","I"
170,1,277,"LP","I"
231,1,277,"LP","I"
76,7,277,"LP","I"
131,1,277,"LP","I"
24,5,277,"LP","I"
505,16,277,"LP","I"
524,1,277,"LP","I"
8,6,277,"LP","I"
123,3,277,"LP","I"
484,2,277,"LP","I"
389,2,277,"LP","I"
438,7,277,"LP","I"
419,1,277,"LP","I"
64,15,277,"LP","I"
39,1,277,"LP","I"
237,1,277,"LP","I"
91,9,277,"LP","I"
5,7,278,"LP","I"
361,4,278,"LP","I"
367,2,278,"LP","I"
7,10,278,"LP","I"
322,1,278,"LP","I"
304,1,278,"LP","I"
422,3,278,"LP","I"
279,1,278,"LP","I"
498,32,278,"LP","I"
202,1,278,"LP","I"
223,1,278,"LP","I"
28,33,278,"LP","I"
515,2,278,"LP","I"
374,2,278,"LP","I"
44,23,278,"LP","I"
381,2,278,"LP","I"
113,1,278,"LP","I"
317,2,278,"LP","I"
394,1,278,"LP","I"
12,11,278,"LP","I"
370,1,279,"LP","I"
440,1,279,"LP","I"
483,3,279,"LP","I"
105,1,279,"LP","I"
302,2,279,"LP","I"
259,5,279,"LP","I"
284,1,279,"LP","I"
16,8,279,"LP","I"
77,20,279,"LP","I"
299,1,279,"LP","I"
305,1,279,"LP","I"
171,1,279,"LP","I"
464,1,279,"LP","I"
363,1,279,"LP","I"
401,1,279,"LP","I"
19,11,279,"LP","I"
76,7,279,"LP","I"
57,12,279,"LP","I"
291,1,279,"LP","I"
80,6,279,"LP","I"
26,62,280,"LP","I"
196,2,280,"LP","I"
497,36,280,"LP","I"
47,11,280,"LP","I"
129,1,280,"LP","I"
193,1,280,"LP","I"
433,2,280,"LP","I"
123,3,280,"LP","I"
81,2,280,"LP","I"
430,1,280,"LP","I"
158,1,280,"LP","I"
224,1,280,"LP","I"
67,11,280,"LP","I"
341,2,280,"LP","I"
349,1,280,"LP","I"
464,1,280,"LP","I"
232,3,280,"LP","I"
291,1,280,"LP","I"
377,2,280,"LP","I"
437,1,280,"LP","I"
284,1,281,"LP","I"
504,39,281,"LP","I"
304,1,281,"LP","I"
368,1,281,"LP","I"
396,1,281,"LP","I"
503,25,281,"LP","I"
457,2,281,"LP","I"
354,2,281,"LP","I"
56,7,281,"LP","I"
467,4,281,"LP","I"
48,6,281,"LP","I"
8,6,281,"LP","I"
341,2,281,"LP","I"
455,3,281,"LP","I"
306,1,281,"LP","I"
458,1,281,"LP","I"
337,2,281,"LP","I"
202,1,281,"LP","I"
438,7,281,"LP","I"
299,1,281,"LP","I"
142,1,282,"LP","I"
81,2,282,"LP","I"
401,1,282,"LP","I"
76,7,282,"LP","I"
248,1,282,"LP","I"
259,5,282,"LP","I"
183,1,282,"LP","I"
41,2,282,"LP","I"
435,3,282,"LP","I"
341,2,282,"LP","I"
445,11,282,"LP","I"
128,1,282,"LP","I"
343,7,282,"LP","I"
232,3,282,"LP","I"
425,4,282,"LP","I"
505,16,282,"LP","I"
5,7,282,"LP","I"
282,1,282,"LP","I"
113,1,282,"LP","I"
503,25,282,"LP","I"
522,2,283,"LP","I"
486,3,283,"LP","I"
318,2,283,"LP","I"
81,2,283,"LP","I"
308,1,283,"LP","I"
500,29,283,"LP","I"
39,1,283,"LP","I"
5,7,283,"LP","I"
505,16,283,"LP","I"
196,2,283,"LP","I"
142,1,283,"LP","I"
72,9,283,"LP","I"
48,6,283,"LP","I"
378,1,283,"LP","I"
284,1,283,"LP","I"
372,1,283,"LP","I"
470,4,283,"LP","I"
276,2,283,"LP","I"
455,3,283,"LP","I"
213,1,283,"LP","I"
124,1,284,"LP","I"
317,2,284,"LP","I"
113,1,284,"LP","I"
484,2,284,"LP","I"
358,15,284,"LP","I"
278,1,284,"LP","I"
426,2,284,"LP","I"
59,5,284,"LP","I"
123,3,284,"LP","I"
14,37,284,"LP","I"
203,1,284,"LP","I"
44,23,284,"LP","I"
197,1,284,"LP","I"
299,1,284,"LP","I"
486,3,284,"LP","I"
186,1,284,"LP","I"
47,11,284,"LP","I"
213,1,284,"LP","I"
465,1,284,"LP","I"
140,1,284,"LP","I"
143,1,285,"LP","I"
198,1,285,"LP","I"
38,6,285,"LP","I"
519,2,285,"LP","I"
505,16,285,"LP","I"
67,11,285,"LP","I"
36,5,285,"LP","I"
86,4,285,"LP","I"
112,2,285,"LP","I"
264,1,285,"LP","I"
232,3,285,"LP","I"
170,1,285,"LP","I"
362,1,285,"LP","I"
322,1,285,"LP","I"
78,12,285,"LP","I"
132,1,285,"LP","I"
457,2,285,"LP","I"
13,3,285,"LP","I"
61,39,285,"LP","I"
304,1,285,"LP","I"
279,1,286,"LP","I"
515,2,286,"LP","I"
482,3,286,"LP","I"
415,1,286,"LP","I"
193,1,286,"LP","I"
252,1,286,"LP","I"
368,1,286,"LP","I"
60,5,286,"LP","I"
470,4,286,"LP","I"
503,25,286,"LP","I"
426,2,286,"LP","I"
440,1,286,"LP","I"
101,2,286,"LP","I"
72,9,286,"LP","I"
447,3,286,"LP","I"
513,2,286,"LP","I"
276,2,286,"LP","I"
164,4,286,"LP","I"
464,1,286,"LP","I"
438,7,286,"LP","I"
44,23,287,"LP","I"
33,13,287,"LP","I"
370,1,287,"LP","I"
365,2,287,"LP","I"
223,1,287,"LP","I"
127,1,287,"LP","I"
496,32,287,"LP","I"
166,1,287,"LP","I"
484,2,287,"LP","I"
401,1,287,"LP","I"
341,2,287,"LP","I"
59,5,287,"LP","I"
86,4,287,"LP","I"
470,4,287,"LP","I"
367,2,287,"LP","I"
129,1,287,"LP","I"
471,2,287,"LP","I"
32,11,287,"LP","I"
123,3,287,"LP","I"
422,3,287,"LP","I"
26,62,288,"LP","I"
367,2,288,"LP","I"
57,12,288,"LP","I"
397,1,288,"LP","I"
522,2,288,"LP","I"
14,37,288,"LP","I"
91,9,288,"LP","I"
278,1,288,"LP","I"
48,6,288,"LP","I"
496,32,288,"LP","I"
447,3,288,"LP","I"
455,3,288,"LP","I"
77,20,288,"LP","I"
203,1,288,"LP","I"
313,1,288,"LP","I"
276,2,288,"LP","I"
457,2,288,"LP","I"
425,4,288,"LP","I"
62,8,288,"LP","I"
337,2,288,"LP","I"
378,1,289,"LP","I"
41,2,289,"LP","I"
498,32,289,"LP","I"
30,3,289,"LP","I"
337,2,289,"LP","I"
361,4,289,"LP","I"
60,5,289,"LP","I"
455,3,289,"LP","I"
302,2,289,"LP","I"
327,1,289,"LP","I"
8,6,289,"LP","I"
141,1,289,"LP","I"
501,24,289,"LP","I"
127,1,289,"LP","I"
430,1,289,"LP","I"
435,3,289,"LP","I"
306,1,289,"LP","I"
515,2,289,"LP","I"
362,1,289,"LP","I"
401,1,289,"LP","I"
389,2,290,"LP","I"
32,11,290,"LP","I"
525,4,290,"LP","I"
369,1,290,"LP","I"
69,1,290,"LP","I"
131,1,290,"LP","I"
314,1,290,"LP","I"
343,7,290,"LP","I"
483,3,290,"LP","I"
56,7,290,"LP","I"
313,1,290,"LP","I"
361,4,290,"LP","I"
464,1,290,"LP","I"
19,11,290,"LP","I"
433,2,290,"LP","I"
51,3,290,"LP","I"
285,1,290,"LP","I"
486,3,290,"LP","I"
20,8,290,"LP","I"
499,35,290,"LP","I"
76,7,291,"LP","I"
44,23,291,"LP","I"
469,4,291,"LP","I"
64,15,291,"LP","I"
7,10,291,"LP","I"
266,1,291,"LP","I"
304,1,291,"LP","I"
209,1,291,"LP","I"
132,1,291,"LP","I"
67,11,291,"LP","I"
105,1,291,"LP","I"
228,1,291,"LP","I"
534,4,291,"LP","I"
369,1,291,"LP","I"
343,7,291,"LP","I"
486,3,291,"LP","I"
181,1,291,"LP","I"
362,1,291,"LP","I"
142,1,291,"LP","I"
113,1,291,"LP","I"
19,11,292,"LP","I"
287,1,292,"LP","I"
458,1,292,"LP","I"
285,1,292,"LP","I"
46,5,292,"LP","I"
397,1,292,"LP","I"
503,25,292,"LP","I"
127,1,292,"LP","I"
198,1,292,"LP","I"
142,1,292,"LP","I"
67,11,292,"LP","I"
469,4,292,"LP","I"
378,1,292,"LP","I"
516,3,292,"LP","I"
435,3,292,"LP","I"
445,11,292,"LP","I"
24,5,292,"LP","I"
112,2,292,"LP","I"
483,3,292,"LP","I"
534,4,292,"LP","I"
396,1,293,"LP","I"
113,1,293,"LP","I"
77,20,293,"LP","I"
164,4,293,"LP","I"
291,1,293,"LP","I"
158,1,293,"LP","I"
435,3,293,"LP","I"
183,1,293,"LP","I"
285,1,293,"LP","I"
469,4,293,"LP","I"
170,1,293,"LP","I"
69,1,293,"LP","I"
351,2,293,"LP","I"
426,2,293,"LP","I"
363,1,293,"LP","I"
67,11,293,"LP","I"
127,1,293,"LP","I"
508,19,293,"LP","I"
437,1,293,"LP","I"
56,7,293,"LP","I"
305,1,294,"LP","I"
438,7,294,"LP","I"
196,2,294,"LP","I"
425,4,294,"LP","I"
247,1,294,"LP","I"
505,16,294,"LP","I"
317,2,294,"LP","I"
78,12,294,"LP","I"
12,11,294,"LP","I"
501,24,294,"LP","I"
82,1,294,"LP","I"
326,1,294,"LP","I"
237,1,294,"LP","I"
266,1,294,"LP","I"
522,2,294,"LP","I"
519,2,294,"LP","I"
441,1,294,"LP","I"
361,4,294,"LP","I"
36,5,294,"LP","I"
458,1,294,"LP","I"
344,1,295,"LP","I"
426,2,295,"LP","I"
69,1,295,"LP","I"
278,1,295,"LP","I"
389,2,295,"LP","I"
51,3,295,"LP","I"
4,11,295,"LP","I"
282,1,295,"LP","I"
228,1,295,"LP","I"
44,23,295,"LP","I"
171,1,295,"LP","I"
131,1,295,"LP","I"
464,1,295,"LP","I"
57,12,295,"LP","I"
112,2,295,"LP","I"
483,3,295,"LP","I"
343,7,295,"LP","I"
370,1,295,"LP","I"
67,11,295,"LP","I"
367,2,295,"LP","I"
504,39,296,"LP","I"
209,1,296,"LP","I"
282,1,296,"LP","I"
508,19,296,"LP","I"
503,25,296,"LP","I"
196,2,296,"LP","I"
30,3,296,"LP","I"
51,3,296,"LP","I"
186,1,296,"LP","I"
266,1,296,"LP","I"
48,6,296,"LP","I"
202,1,296,"LP","I"
197,1,296,"LP","I"
433,2,296,"LP","I"
516,3,296,"LP","I"
486,3,296,"LP","I"
522,2,296,"LP","I"
171,1,296,"LP","I"
523,4,296,"LP","I"
132,1,296,"LP","I"
534,4,297,"LP","I"
514,3,297,"LP","I"
82,1,297,"LP","I"
166,1,297,"LP","I"
17,6,297,"LP","I"
517,3,297,"LP","I"
69,1,297,"LP","I"
410,2,297,"LP","I"
482,3,297,"LP","I"
250,1,297,"LP","I"
57,12,297,"LP","I"
20,8,297,"LP","I"
285,1,297,"LP","I"
484,2,297,"LP","I"
301,1,297,"LP","I"
171,1,297,"LP","I"
365,2,297,"LP","I"
513,2,297,"LP","I"
337,2,297,"LP","I"
433,2,297,"LP","I"
138,3,298,"LP","I"
378,1,298,"LP","I"
495,14,298,"LP","I"
438,7,298,"LP","I"
286,1,298,"LP","I"
203,1,298,"LP","I"
72,9,298,"LP","I"
285,1,298,"LP","I"
8,6,298,"LP","I"
11,32,298,"LP","I"
247,1,298,"LP","I"
523,4,298,"LP","I"
45,8,298,"LP","I"
173,1,298,"LP","I"
519,2,298,"LP","I"
467,4,298,"LP","I"
14,37,298,"LP","I"
358,15,298,"LP","I"
514,3,298,"LP","I"
287,1,298,"LP","I"
132,1,299,"LP","I"
51,3,299,"LP","I"
23,8,299,"LP","I"
500,29,299,"LP","I"
308,1,299,"LP","I"
484,2,299,"LP","I"
140,1,299,"LP","I"
209,1,299,"LP","I"
45,8,299,"LP","I"
56,7,299,"LP","I"
181,1,299,"LP","I"
61,39,299,"LP","I"
419,1,299,"LP","I"
5,7,299,"LP","I"
361,4,299,"LP","I"
313,1,299,"LP","I"
278,1,299,"LP","I"
128,1,299,"LP","I"
30,3,299,"LP","I"
464,1,299,"LP","I"
141,1,300,"LP","I"
513,2,300,"LP","I"
67,11,300,"LP","I"
202,1,300,"LP","I"
308,1,300,"LP","I"
249,2,300,"LP","I"
304,1,300,"LP","I"
410,2,300,"LP","I"
247,1,300,"LP","I"
515,2,300,"LP","I"
318,2,300,"LP","I"
250,1,300,"LP","I"
369,1,300,"LP","I"
439,1,300,"LP","I"
426,2,300,"LP","I"
484,2,300,"LP","I"
516,3,300,"LP","I"
129,1,300,"LP","I"
244,2,300,"LP","I"
435,3,300,"LP","I"
410,2,301,"LP","I"
282,1,301,"LP","I"
508,19,301,"LP","I"
445,11,301,"LP","I"
514,3,301,"LP","I"
343,7,301,"LP","I"
378,1,301,"LP","I"
41,2,301,"LP","I"
276,2,301,"LP","I"
354,2,301,"LP","I"
463,1,301,"LP","I"
471,2,301,"LP","I"
264,1,301,"LP","I"
38,6,301,"LP","I"
467,4,301,"LP","I"
519,2,301,"LP","I"
337,2,301,"LP","I"
368,1,301,"LP","I"
255,2,301,"LP","I"
377,2,301,"LP","I"
190,2,302,"LP","I"
445,11,302,"LP","I"
469,4,302,"LP","I"
524,1,302,"LP","I"
433,2,302,"LP","I"
247,1,302,"LP","I"
369,1,302,"LP","I"
377,2,302,"LP","I"
45,8,302,"LP","I"
437,1,302,"LP","I"
32,11,302,"LP","I"
82,1,302,"LP","I"
430,1,302,"LP","I"
302,2,302,"LP","I"
318,2,302,"LP","I"
209,1,302,"LP","I"
365,2,302,"LP","I"
425,4,302,"LP","I"
496,32,302,"LP","I"
223,1,302,"LP","I"
32,11,303,"LP","I"
326,1,303,"LP","I"
64,15,303,"LP","I"
426,2,303,"LP","I"
438,7,303,"LP","I"
469,4,303,"LP","I"
363,1,303,"LP","I"
287,1,303,"LP","I"
249,2,303,"LP","I"
522,2,303,"LP","I"
82,1,303,"LP","I"
396,1,303,"LP","I"
358,15,303,"LP","I"
496,32,303,"LP","I"
276,2,303,"LP","I"
143,1,303,"LP","I"
26,62,303,"LP","I"
498,32,303,"LP","I"
374,2,303,"LP","I"
203,1,303,"LP","I"
252,1,304,"LP","I"
282,1,304,"LP","I"
343,7,304,"LP","I"
264,1,304,"LP","I"
534,4,304,"LP","I"
67,11,304,"LP","I"
320,1,304,"LP","I"
370,1,304,"LP","I"
415,1,304,"LP","I"
247,1,304,"LP","I"
78,12,304,"LP","I"
158,1,304,"LP","I"
326,1,304,"LP","I"
419,1,304,"LP","I"
13,3,304,"LP","I"
183,1,304,"LP","I"
317,2,304,"LP","I"
209,1,304,"LP","I"
482,3,304,"LP","I"
270,1,304,"LP","I"
306,1,305,"LP","I"
282,1,305,"LP","I"
284,1,305,"LP","I"
464,1,305,"LP","I"
259,5,305,"LP","I"
198,1,305,"LP","I"
276,2,305,"LP","I"
64,15,305,"LP","I"
437,1,305,"LP","I"
61,39,305,"LP","I"
514,3,305,"LP","I"
264,1,305,"LP","I"
20,8,305,"LP","I"
72,9,305,"LP","I"
486,3,305,"LP","I"
363,1,305,"LP","I"
60,5,305,"LP","I"
193,1,305,"LP","I"
13,3,305,"LP","I"
390,1,305,"LP","I"
354,2,306,"LP","I"
101,2,306,"LP","I"
183,1,306,"LP","I"
482,3,306,"LP","I"
515,2,306,"LP","I"
7,10,306,"LP","I"
497,36,306,"LP","I"
501,24,306,"LP","I"
291,1,306,"LP","I"
11,32,306,"LP","I"
44,23,306,"LP","I"
231,1,306,"LP","I"
142,1,306,"LP","I"
193,1,306,"LP","I"
48,6,306,"LP","I"
357,1,306,"LP","I"
430,1,306,"LP","I"
270,1,306,"LP","I"
503,25,306,"LP","I"
483,3,306,"LP","I"
213,1,307,"LP","I"
128,1,307,"LP","I"
306,1,307,"LP","I"
131,1,307,"LP","I"
517,3,307,"LP","I"
308,1,307,"LP","I"
430,1,307,"LP","I"
326,1,307,"LP","I"
515,2,307,"LP","I"
471,2,307,"LP","I"
57,12,307,"LP","I"
171,1,307,"LP","I"
19,11,307,"LP","I"
86,4,307,"LP","I"
39,1,307,"LP","I"
302,2,307,"LP","I"
17,6,307,"LP","I"
415,1,307,"LP","I"
252,1,307,"LP","I"
223,1,307,"LP","I"
440,1,308,"LP","I"
377,2,308,"LP","I"
471,2,308,"LP","I"
470,4,308,"LP","I"
500,29,308,"LP","I"
197,1,308,"LP","I"
525,4,308,"LP","I"
314,1,308,"LP","I"
320,1,308,"LP","I"
270,1,308,"LP","I"
32,11,308,"LP","I"
501,24,308,"LP","I"
401,1,308,"LP","I"
351,2,308,"LP","I"
250,1,308,"LP","I"
285,1,308,"LP","I"
343,7,308,"LP","I"
372,1,308,"LP","I"
482,3,308,"LP","I"
505,16,308,"LP","I"
171,1,309,"LP","I"
197,1,309,"LP","I"
276,2,309,"LP","I"
361,4,309,"LP","I"
56,7,309,"LP","I"
158,1,309,"LP","I"
270,1,309,"LP","I"
17,6,309,"LP","I"
62,8,309,"LP","I"
514,3,309,"LP","I"
422,3,309,"LP","I"
224,1,309,"LP","I"
231,1,309,"LP","I"
285,1,309,"LP","I"
455,3,309,"LP","I"
190,2,309,"LP","I"
228,1,309,"LP","I"
105,1,309,"LP","I"
164,4,309,"LP","I"
14,37,309,"LP","I"
190,2,310,"LP","I"
48,6,310,"LP","I"
313,1,310,"LP","I"
64,15,310,"LP","I"
32,11,310,"LP","I"
158,1,310,"LP","I"
264,1,310,"LP","I"
362,1,310,"LP","I"
499,35,310,"LP","I"
4,11,310,"LP","I"
361,4,310,"LP","I"
123,3,310,"LP","I"
534,4,310,"LP","I"
179,7,310,"LP","I"
344,1,310,"LP","I"
270,1,310,"LP","I"
317,2,310,"LP","I"
17,6,310,"LP","I"
469,4,310,"LP","I"
463,1,310,"LP","I"
81,2,311,"LP","I"
127,1,311,"LP","I"
276,2,311,"LP","I"
458,1,311,"LP","I"
314,1,311,"LP","I"
343,7,311,"LP","I"
367,2,311,"LP","I"
231,1,311,"LP","I"
357,1,311,"LP","I"
457,2,311,"LP","I"
123,3,311,"LP","I"
304,1,311,"LP","I"
376,3,311,"LP","I"
396,1,311,"LP","I"
26,62,311,"LP","I"
24,5,311,"LP","I"
236,1,311,"LP","I"
344,1,311,"LP","I"
327,1,311,"LP","I"
270,1,311,"LP","I"
193,1,312,"LP","I"
327,1,312,"LP","I"
457,2,312,"LP","I"
365,2,312,"LP","I"
202,1,312,"LP","I"
248,1,312,"LP","I"
287,1,312,"LP","I"
354,2,312,"LP","I"
249,2,312,"LP","I"
525,4,312,"LP","I"
540,3,312,"LP","I"
128,1,312,"LP","I"
415,1,312,"LP","I"
422,3,312,"LP","I"
389,2,312,"LP","I"
141,1,312,"LP","I"
60,5,312,"LP","I"
516,3,312,"LP","I"
16,8,312,"LP","I"
78,12,312,"LP","I"
255,2,313,"LP","I"
78,12,313,"LP","I"
362,1,313,"LP","I"
124,1,313,"LP","I"
467,4,313,"LP","I"
138,3,313,"LP","I"
202,1,313,"LP","I"
438,7,313,"LP","I"
33,13,313,"LP","I"
397,1,313,"LP","I"
67,11,313,"LP","I"
64,15,313,"LP","I"
514,3,313,"LP","I"
13,3,313,"LP","I"
417,1,313,"LP","I"
381,2,313,"LP","I"
51,3,313,"LP","I"
236,1,313,"LP","I"
302,2,313,"LP","I"
141,1,313,"LP","I"
287,1,314,"LP","I"
433,2,314,"LP","I"
38,6,314,"LP","I"
138,3,314,"LP","I"
72,9,314,"LP","I"
78,12,314,"LP","I"
247,1,314,"LP","I"
252,1,314,"LP","I"
327,1,314,"LP","I"
46,5,314,"LP","I"
367,2,314,"LP","I"
370,1,314,"LP","I"
503,25,314,"LP","I"
415,1,314,"LP","I"
196,2,314,"LP","I"
438,7,314,"LP","I"
129,1,314,"LP","I"
86,4,314,"LP","I"
463,1,314,"LP","I"
11,32,314,"LP","I"
82,1,315,"LP","I"
522,2,315,"LP","I"
308,1,315,"LP","I"
138,3,315,"LP","I"
337,2,315,"LP","I"
144,1,315,"LP","I"
306,1,315,"LP","I"
105,1,315,"LP","I"
320,1,315,"LP","I"
26,62,315,"LP","I"
78,12,315,"LP","I"
438,7,315,"LP","I"
112,2,315,"LP","I"
363,1,315,"LP","I"
284,1,315,"LP","I"
244,2,315,"LP","I"
397,1,315,"LP","I"
447,3,315,"LP","I"
417,1,315,"LP","I"
365,2,315,"LP","I"
313,1,316,"LP","I"
343,7,316,"LP","I"
469,4,316,"LP","I"
440,1,316,"LP","I"
519,2,316,"LP","I"
482,3,316,"LP","I"
516,3,316,"LP","I"
396,1,316,"LP","I"
249,2,316,"LP","I"
357,1,316,"LP","I"
32,11,316,"LP","I"
41,2,316,"LP","I"
522,2,316,"LP","I"
141,1,316,"LP","I"
17,6,316,"LP","I"
380,2,316,"LP","I"
190,2,316,"LP","I"
304,1,316,"LP","I"
287,1,316,"LP","I"
142,1,316,"LP","I"
540,3,317,"LP","I"
209,1,317,"LP","I"
270,1,317,"LP","I"
361,4,317,"LP","I"
433,2,317,"LP","I"
228,1,317,"LP","I"
23,8,317,"LP","I"
500,29,317,"LP","I"
46,5,317,"LP","I"
380,2,317,"LP","I"
502,22,317,"LP","I"
318,2,317,"LP","I"
322,1,317,"LP","I"
183,1,317,"LP","I"
86,4,317,"LP","I"
76,7,317,"LP","I"
344,1,317,"LP","I"
30,3,317,"LP","I"
7,10,317,"LP","I"
308,1,317,"LP","I"
378,1,318,"LP","I"
20,8,318,"LP","I"
517,3,318,"LP","I"
127,1,318,"LP","I"
410,2,318,"LP","I"
361,4,318,"LP","I"
8,6,318,"LP","I"
425,4,318,"LP","I"
39,1,318,"LP","I"
401,1,318,"LP","I"
237,1,318,"LP","I"
467,4,318,"LP","I"
522,2,318,"LP","I"
389,2,318,"LP","I"
60,5,318,"LP","I"
11,32,318,"LP","I"
202,1,318,"LP","I"
486,3,318,"LP","I"
381,2,318,"LP","I"
17,6,318,"LP","I"
396,1,319,"LP","I"
515,2,319,"LP","I"
496,32,319,"LP","I"
132,1,319,"LP","I"
469,4,319,"LP","I"
465,1,319,"LP","I"
41,2,319,"LP","I"
190,2,319,"LP","I"
304,1,319,"LP","I"
363,1,319,"LP","I"
457,2,319,"LP","I"
113,1,319,"LP","I"
198,1,319,"LP","I"
397,1,319,"LP","I"
401,1,319,"LP","I"
30,3,319,"LP","I"
270,1,319,"LP","I"
517,3,319,"LP","I"
525,4,319,"LP","I"
519,2,319,"LP","I"
425,4,320,"LP","I"
540,3,320,"LP","I"
362,1,320,"LP","I"
426,2,320,"LP","I"
24,5,320,"LP","I"
513,2,320,"LP","I"
66,1,320,"LP","I"
46,5,320,"LP","I"
372,1,320,"LP","I"
313,1,320,"LP","I"
8,6,320,"LP","I"
457,2,320,"LP","I"
101,2,320,"LP","I"
39,1,320,"LP","I"
361,4,320,"LP","I"
143,1,320,"LP","I"
455,3,320,"LP","I"
497,36,320,"LP","I"
351,2,320,"LP","I"
140,1,320,"LP","I"
276,2,321,"LP","I"
129,1,321,"LP","I"
455,3,321,"LP","I"
142,1,321,"LP","I"
396,1,321,"LP","I"
140,1,321,"LP","I"
112,2,321,"LP","I"
259,5,321,"LP","I"
193,1,321,"LP","I"
504,39,321,"LP","I"
377,2,321,"LP","I"
318,2,321,"LP","I"
497,36,321,"LP","I"
467,4,321,"LP","I"
322,1,321,"LP","I"
351,2,321,"LP","I"
247,1,321,"LP","I"
101,2,321,"LP","I"
144,1,321,"LP","I"
38,6,321,"LP","I"
190,2,322,"LP","I"
464,1,322,"LP","I"
105,1,322,"LP","I"
389,2,322,"LP","I"
378,1,322,"LP","I"
337,2,322,"LP","I"
48,6,322,"LP","I"
223,1,322,"LP","I"
517,3,322,"LP","I"
126,3,322,"LP","I"
158,1,322,"LP","I"
301,1,322,"LP","I"
417,1,322,"LP","I"
465,1,322,"LP","I"
67,11,322,"LP","I"
237,1,322,"LP","I"
500,29,322,"LP","I"
14,37,322,"LP","I"
496,32,322,"LP","I"
13,3,322,"LP","I"
457,2,323,"LP","I"
171,1,323,"LP","I"
517,3,323,"LP","I"
276,2,323,"LP","I"
78,12,323,"LP","I"
232,3,323,"LP","I"
304,1,323,"LP","I"
228,1,323,"LP","I"
48,6,323,"LP","I"
390,1,323,"LP","I"
250,1,323,"LP","I"
279,1,323,"LP","I"
203,1,323,"LP","I"
504,39,323,"LP","I"
69,1,323,"LP","I"
17,6,323,"LP","I"
113,1,323,"LP","I"
445,11,323,"LP","I"
368,1,323,"LP","I"
77,20,323,"LP","I"
127,1,324,"LP","I"
64,15,324,"LP","I"
39,1,324,"LP","I"
486,3,324,"LP","I"
327,1,324,"LP","I"
223,1,324,"LP","I"
244,2,324,"LP","I"
128,1,324,"LP","I"
46,5,324,"LP","I"
455,3,324,"LP","I"
30,3,324,"LP","I"
505,16,324,"LP","I"
45,8,324,"LP","I"
202,1,324,"LP","I"
441,1,324,"LP","I"
299,1,324,"LP","I"
278,1,324,"LP","I"
457,2,324,"LP","I"
304,1,324,"LP","I"
483,3,324,"LP","I"
439,1,325,"LP","I"
430,1,325,"LP","I"
270,1,325,"LP","I"
128,1,325,"LP","I"
209,1,325,"LP","I"
374,2,325,"LP","I"
51,3,325,"LP","I"
504,39,325,"LP","I"
455,3,325,"LP","I"
471,2,325,"LP","I"
56,7,325,"LP","I"
440,1,325,"LP","I"
278,1,325,"LP","I"
57,12,325,"LP","I"
495,14,325,"LP","I"
48,6,325,"LP","I"
67,11,325,"LP","I"
358,15,325,"LP","I"
82,1,325,"LP","I"
24,5,325,"LP","I"
534,4,326,"LP","I"
82,1,326,"LP","I"
469,4,326,"LP","I"
5,7,326,"LP","I"
516,3,326,"LP","I"
113,1,326,"LP","I"
66,1,326,"LP","I"
255,2,326,"LP","I"
270,1,326,"LP","I"
183,1,326,"LP","I"
369,1,326,"LP","I"
519,2,326,"LP","I"
80,6,326,"LP","I"
322,1,326,"LP","I"
7,10,326,"LP","I"
390,1,326,"LP","I"
57,12,326,"LP","I"
51,3,326,"LP","I"
397,1,326,"LP","I"
54,8,326,"LP","I"
112,2,327,"LP","I"
61,39,327,"LP","I"
318,2,327,"LP","I"
415,1,327,"LP","I"
222,1,327,"LP","I"
197,1,327,"LP","I"
422,3,327,"LP","I"
357,1,327,"LP","I"
232,3,327,"LP","I"
437,1,327,"LP","I"
259,5,327,"LP","I"
508,19,327,"LP","I"
513,2,327,"LP","I"
140,1,327,"LP","I"
282,1,327,"LP","I"
113,1,327,"LP","I"
378,1,327,"LP","I"
358,15,327,"LP","I"
363,1,327,"LP","I"
101,2,327,"LP","I"
39,1,328,"LP","I"
437,1,328,"LP","I"
496,32,328,"LP","I"
105,1,328,"LP","I"
367,2,328,"LP","I"
363,1,328,"LP","I"
337,2,328,"LP","I"
77,20,328,"LP","I"
284,1,328,"LP","I"
17,6,328,"LP","I"
237,1,328,"LP","I"
486,3,328,"LP","I"
484,2,328,"LP","I"
249,2,328,"LP","I"
255,2,328,"LP","I"
128,1,328,"LP","I"
144,1,328,"LP","I"
30,3,328,"LP","I"
308,1,328,"LP","I"
455,3,328,"LP","I"
285,1,329,"LP","I"
39,1,329,"LP","I"
502,22,329,"LP","I"
397,1,329,"LP","I"
51,3,329,"LP","I"
132,1,329,"LP","I"
228,1,329,"LP","I"
7,10,329,"LP","I"
327,1,329,"LP","I"
322,1,329,"LP","I"
540,3,329,"LP","I"
279,1,329,"LP","I"
62,8,329,"LP","I"
173,1,329,"LP","I"
470,4,329,"LP","I"
76,7,329,"LP","I"
203,1,329,"LP","I"
143,1,329,"LP","I"
374,2,329,"LP","I"
351,2,329,"LP","I"
522,2,330,"LP","I"
344,1,330,"LP","I"
80,6,330,"LP","I"
354,2,330,"LP","I"
13,3,330,"LP","I"
28,33,330,"LP","I"
144,1,330,"LP","I"
72,9,330,"LP","I"
69,1,330,"LP","I"
469,4,330,"LP","I"
370,1,330,"LP","I"
496,32,330,"LP","I"
45,8,330,"LP","I"
437,1,330,"LP","I"
501,24,330,"LP","I"
465,1,330,"LP","I"
516,3,330,"LP","I"
306,1,330,"LP","I"
464,1,330,"LP","I"
455,3,330,"LP","I"
198,1,331,"LP","I"
421,4,331,"LP","I"
209,1,331,"LP","I"
228,1,331,"LP","I"
19,11,331,"LP","I"
285,1,331,"LP","I"
140,1,331,"LP","I"
26,62,331,"LP","I"
326,1,331,"LP","I"
36,5,331,"LP","I"
525,4,331,"LP","I"
343,7,331,"LP","I"
247,1,331,"LP","I"
513,2,331,"LP","I"
236,1,331,"LP","I"
51,3,331,"LP","I"
47,11,331,"LP","I"
46,5,331,"LP","I"
374,2,331,"LP","I"
41,2,331,"LP","I"
47,11,332,"LP","I"
396,1,332,"LP","I"
36,5,332,"LP","I"
237,1,332,"LP","I"
441,1,332,"LP","I"
60,5,332,"LP","I"
202,1,332,"LP","I"
170,1,332,"LP","I"
250,1,332,"LP","I"
64,15,332,"LP","I"
112,2,332,"LP","I"
51,3,332,"LP","I"
113,1,332,"LP","I"
365,2,332,"LP","I"
372,1,332,"LP","I"
223,1,332,"LP","I"
322,1,332,"LP","I"
483,3,332,"LP","I"
138,3,332,"LP","I"
439,1,332,"LP","I"
397,1,333,"LP","I"
250,1,333,"LP","I"
497,36,333,"LP","I"
247,1,333,"LP","I"
534,4,333,"LP","I"
358,15,333,"LP","I"
244,2,333,"LP","I"
322,1,333,"LP","I"
91,9,333,"LP","I"
367,2,333,"LP","I"
410,2,333,"LP","I"
124,1,333,"LP","I"
302,2,333,"LP","I"
343,7,333,"LP","I"
501,24,333,"LP","I"
276,2,333,"LP","I"
440,1,333,"LP","I"
61,39,333,"LP","I"
503,25,333,"LP","I"
209,1,333,"LP","I"
455,3,334,"LP","I"
67,11,334,"LP","I"
390,1,334,"LP","I"
425,4,334,"LP","I"
287,1,334,"LP","I"
499,35,334,"LP","I"
77,20,334,"LP","I"
313,1,334,"LP","I"
113,1,334,"LP","I"
56,7,334,"LP","I"
445,11,334,"LP","I"
66,1,334,"LP","I"
16,8,334,"LP","I"
517,3,334,"LP","I"
361,4,334,"LP","I"
51,3,334,"LP","I"
105,1,334,"LP","I"
126,3,334,"LP","I"
482,3,334,"LP","I"
173,1,334,"LP","I"
367,2,335,"LP","I"
41,2,335,"LP","I"
540,3,335,"LP","I"
390,1,335,"LP","I"
313,1,335,"LP","I"
24,5,335,"LP","I"
278,1,335,"LP","I"
422,3,335,"LP","I"
11,32,335,"LP","I"
244,2,335,"LP","I"
483,3,335,"LP","I"
171,1,335,"LP","I"
228,1,335,"LP","I"
503,25,335,"LP","I"
101,2,335,"LP","I"
16,8,335,"LP","I"
179,7,335,"LP","I"
301,1,335,"LP","I"
426,2,335,"LP","I"
64,15,335,"LP","I"
302,2,336,"LP","I"
513,2,336,"LP","I"
72,9,336,"LP","I"
48,6,336,"LP","I"
181,1,336,"LP","I"
51,3,336,"LP","I"
401,1,336,"LP","I"
166,1,336,"LP","I"
266,1,336,"LP","I"
318,2,336,"LP","I"
228,1,336,"LP","I"
249,2,336,"LP","I"
390,1,336,"LP","I"
158,1,336,"LP","I"
358,15,336,"LP","I"
410,2,336,"LP","I"
495,14,336,"LP","I"
505,16,336,"LP","I"
224,1,336,"LP","I"
439,1,336,"LP","I"
7,10,337,"LP","I"
318,2,337,"LP","I"
270,1,337,"LP","I"
514,3,337,"LP","I"
369,1,337,"LP","I"
105,1,337,"LP","I"
362,1,337,"LP","I"
72,9,337,"LP","I"
497,36,337,"LP","I"
291,1,337,"LP","I"
495,14,337,"LP","I"
501,24,337,"LP","I"
28,33,337,"LP","I"
503,25,337,"LP","I"
223,1,337,"LP","I"
64,15,337,"LP","I"
19,11,337,"LP","I"
138,3,337,"LP","I"
81,2,337,"LP","I"
203,1,337,"LP","I"
123,3,338,"LP","I"
255,2,338,"LP","I"
209,1,338,"LP","I"
67,11,338,"LP","I"
36,5,338,"LP","I"
28,33,338,"LP","I"
80,6,338,"LP","I"
320,1,338,"LP","I"
170,1,338,"LP","I"
498,32,338,"LP","I"
381,2,338,"LP","I"
367,2,338,"LP","I"
458,1,338,"LP","I"
173,1,338,"LP","I"
30,3,338,"LP","I"
129,1,338,"LP","I"
64,15,338,"LP","I"
455,3,338,"LP","I"
247,1,338,"LP","I"
313,1,338,"LP","I"
67,11,339,"LP","I"
362,1,339,"LP","I"
76,7,339,"LP","I"
77,20,339,"LP","I"
397,1,339,"LP","I"
301,1,339,"LP","I"
502,22,339,"LP","I"
16,8,339,"LP","I"
223,1,339,"LP","I"
255,2,339,"LP","I"
287,1,339,"LP","I"
32,11,339,"LP","I"
497,36,339,"LP","I"
129,1,339,"LP","I"
305,1,339,"LP","I"
401,1,339,"LP","I"
377,2,339,"LP","I"
361,4,339,"LP","I"
425,4,339,"LP","I"
534,4,339,"LP","I"
306,1,340,"LP","I"
430,1,340,"LP","I"
471,2,340,"LP","I"
282,1,340,"LP","I"
499,35,340,"LP","I"
349,1,340,"LP","I"
105,1,340,"LP","I"
285,1,340,"LP","I"
13,3,340,"LP","I"
486,3,340,"LP","I"
417,1,340,"LP","I"
41,2,340,"LP","I"
164,4,340,"LP","I"
500,29,340,"LP","I"
381,2,340,"LP","I"
250,1,340,"LP","I"
433,2,340,"LP","I"
28,33,340,"LP","I"
515,2,340,"LP","I"
351,2,340,"LP","I"
78,12,341,"LP","I"
131,1,341,"LP","I"
237,1,341,"LP","I"
341,2,341,"LP","I"
105,1,341,"LP","I"
421,4,341,"LP","I"
279,1,341,"LP","I"
445,11,341,"LP","I"
389,2,341,"LP","I"
69,1,341,"LP","I"
186,1,341,"LP","I"
396,1,341,"LP","I"
486,3,341,"LP","I"
166,1,341,"LP","I"
252,1,341,"LP","I"
284,1,341,"LP","I"
301,1,341,"LP","I"
203,1,341,"LP","I"
376,3,341,"LP","I"
86,4,341,"LP","I"
249,2,342,"LP","I"
285,1,342,"LP","I"
26,62,342,"LP","I"
196,2,342,"LP","I"
369,1,342,"LP","I"
365,2,342,"LP","I"
179,7,342,"LP","I"
304,1,342,"LP","I"
41,2,342,"LP","I"
458,1,342,"LP","I"
270,1,342,"LP","I"
389,2,342,"LP","I"
299,1,342,"LP","I"
302,2,342,"LP","I"
140,1,342,"LP","I"
181,1,342,"LP","I"
193,1,342,"LP","I"
20,8,342,"LP","I"
13,3,342,"LP","I"
381,2,342,"LP","I"
372,1,343,"LP","I"
337,2,343,"LP","I"
203,1,343,"LP","I"
38,6,343,"LP","I"
361,4,343,"LP","I"
56,7,343,"LP","I"
7,10,343,"LP","I"
198,1,343,"LP","I"
367,2,343,"LP","I"
464,1,343,"LP","I"
19,11,343,"LP","I"
435,3,343,"LP","I"
41,2,343,"LP","I"
306,1,343,"LP","I"
362,1,343,"LP","I"
183,1,343,"LP","I"
437,1,343,"LP","I"
12,11,343,"LP","I"
363,1,343,"LP","I"
458,1,343,"LP","I"
131,1,344,"LP","I"
441,1,344,"LP","I"
5,7,344,"LP","I"
301,1,344,"LP","I"
158,1,344,"LP","I"
86,4,344,"LP","I"
41,2,344,"LP","I"
231,1,344,"LP","I"
467,4,344,"LP","I"
471,2,344,"LP","I"
129,1,344,"LP","I"
276,2,344,"LP","I"
314,1,344,"LP","I"
421,4,344,"LP","I"
287,1,344,"LP","I"
213,1,344,"LP","I"
516,3,344,"LP","I"
524,1,344,"LP","I"
343,7,344,"LP","I"
464,1,344,"LP","I"
213,1,345,"LP","I"
14,37,345,"LP","I"
504,39,345,"LP","I"
377,2,345,"LP","I"
458,1,345,"LP","I"
278,1,345,"LP","I"
368,1,345,"LP","I"
132,1,345,"LP","I"
80,6,345,"LP","I"
76,7,345,"LP","I"
32,11,345,"LP","I"
105,1,345,"LP","I"
183,1,345,"LP","I"
378,1,345,"LP","I"
91,9,345,"LP","I"
513,2,345,"LP","I"
193,1,345,"LP","I"
285,1,345,"LP","I"
376,3,345,"LP","I"
482,3,345,"LP","I"
8,6,346,"LP","I"
23,8,346,"LP","I"
343,7,346,"LP","I"
467,4,346,"LP","I"
498,32,346,"LP","I"
337,2,346,"LP","I"
193,1,346,"LP","I"
82,1,346,"LP","I"
317,2,346,"LP","I"
540,3,346,"LP","I"
164,4,346,"LP","I"
278,1,346,"LP","I"
508,19,346,"LP","I"
306,1,346,"LP","I"
435,3,346,"LP","I"
232,3,346,"LP","I"
513,2,346,"LP","I"
264,1,346,"LP","I"
369,1,346,"LP","I"
419,1,346,"LP","I"
438,7,347,"LP","I"
496,32,347,"LP","I"
128,1,347,"LP","I"
305,1,347,"LP","I"
299,1,347,"LP","I"
304,1,347,"LP","I"
158,1,347,"LP","I"
252,1,347,"LP","I"
519,2,347,"LP","I"
197,1,347,"LP","I"
105,1,347,"LP","I"
441,1,347,"LP","I"
112,2,347,"LP","I"
101,2,347,"LP","I"
60,5,347,"LP","I"
16,8,347,"LP","I"
367,2,347,"LP","I"
282,1,347,"LP","I"
303,4,347,"LP","I"
23,8,347,"LP","I"
38,6,348,"LP","I"
483,3,348,"LP","I"
305,1,348,"LP","I"
144,1,348,"LP","I"
232,3,348,"LP","I"
62,8,348,"LP","I"
525,4,348,"LP","I"
361,4,348,"LP","I"
80,6,348,"LP","I"
16,8,348,"LP","I"
86,4,348,"LP","I"
372,1,348,"LP","I"
284,1,348,"LP","I"
343,7,348,"LP","I"
301,1,348,"LP","I"
517,3,348,"LP","I"
519,2,348,"LP","I"
389,2,348,"LP","I"
202,1,348,"LP","I"
170,1,348,"LP","I"
8,6,349,"LP","I"
279,1,349,"LP","I"
276,2,349,"LP","I"
425,4,349,"LP","I"
32,11,349,"LP","I"
202,1,349,"LP","I"
540,3,349,"LP","I"
105,1,349,"LP","I"
259,5,349,"LP","I"
500,29,349,"LP","I"
291,1,349,"LP","I"
440,1,349,"LP","I"
284,1,349,"LP","I"
495,14,349,"LP","I"
502,22,349,"LP","I"
369,1,349,"LP","I"
484,2,349,"LP","I"
305,1,349,"LP","I"
255,2,349,"LP","I"
401,1,349,"LP","I"
495,14,350,"LP","I"
202,1,350,"LP","I"
372,1,350,"LP","I"
344,1,350,"LP","I"
11,32,350,"LP","I"
351,2,350,"LP","I"
86,4,350,"LP","I"
91,9,350,"LP","I"
525,4,350,"LP","I"
326,1,350,"LP","I"
127,1,350,"LP","I"
282,1,350,"LP","I"
397,1,350,"LP","I"
377,2,350,"LP","I"
20,8,350,"LP","I"
279,1,350,"LP","I"
264,1,350,"LP","I"
483,3,350,"LP","I"
32,11,350,"LP","I"
30,3,350,"LP","I"
80,6,351,"LP","I"
496,32,351,"LP","I"
504,39,351,"LP","I"
101,2,351,"LP","I"
69,1,351,"LP","I"
14,37,351,"LP","I"
365,2,351,"LP","I"
41,2,351,"LP","I"
266,1,351,"LP","I"
124,1,351,"LP","I"
318,2,351,"LP","I"
64,15,351,"LP","I"
301,1,351,"LP","I"
503,25,351,"LP","I"
467,4,351,"LP","I"
203,1,351,"LP","I"
250,1,351,"LP","I"
8,6,351,"LP","I"
38,6,351,"LP","I"
284,1,351,"LP","I"
522,2,352,"LP","I"
378,1,352,"LP","I"
231,1,352,"LP","I"
228,1,352,"LP","I"
54,8,352,"LP","I"
5,7,352,"LP","I"
285,1,352,"LP","I"
470,4,352,"LP","I"
322,1,352,"LP","I"
179,7,352,"LP","I"
16,8,352,"LP","I"
501,24,352,"LP","I"
426,2,352,"LP","I"
28,33,352,"LP","I"
86,4,352,"LP","I"
514,3,352,"LP","I"
523,4,352,"LP","I"
465,1,352,"LP","I"
471,2,352,"LP","I"
78,12,352,"LP","I"
66,1,353,"LP","I"
158,1,353,"LP","I"
368,1,353,"LP","I"
358,15,353,"LP","I"
24,5,353,"LP","I"
39,1,353,"LP","I"
496,32,353,"LP","I"
508,19,353,"LP","I"
279,1,353,"LP","I"
209,1,353,"LP","I"
67,11,353,"LP","I"
498,32,353,"LP","I"
499,35,353,"LP","I"
266,1,353,"LP","I"
495,14,353,"LP","I"
376,3,353,"LP","I"
86,4,353,"LP","I"
445,11,353,"LP","I"
374,2,353,"LP","I"
128,1,353,"LP","I"
378,1,354,"LP","I"
270,1,354,"LP","I"
390,1,354,"LP","I"
203,1,354,"LP","I"
394,1,354,"LP","I"
124,1,354,"LP","I"
495,14,354,"LP","I"
513,2,354,"LP","I"
186,1,354,"LP","I"
190,2,354,"LP","I"
82,1,354,"LP","I"
222,1,354,"LP","I"
354,2,354,"LP","I"
348,2,354,"LP","I"
519,2,354,"LP","I"
502,22,354,"LP","I"
322,1,354,"LP","I"
236,1,354,"LP","I"
72,9,354,"LP","I"
363,1,354,"LP","I"
72,9,355,"LP","I"
5,7,355,"LP","I"
54,8,355,"LP","I"
36,5,355,"LP","I"
7,10,355,"LP","I"
285,1,355,"LP","I"
259,5,355,"LP","I"
247,1,355,"LP","I"
299,1,355,"LP","I"
209,1,355,"LP","I"
514,3,355,"LP","I"
354,2,355,"LP","I"
47,11,355,"LP","I"
126,3,355,"LP","I"
502,22,355,"LP","I"
60,5,355,"LP","I"
232,3,355,"LP","I"
113,1,355,"LP","I"
164,4,355,"LP","I"
33,13,355,"LP","I"
308,1,356,"LP","I"
519,2,356,"LP","I"
142,1,356,"LP","I"
381,2,356,"LP","I"
343,7,356,"LP","I"
368,1,356,"LP","I"
361,4,356,"LP","I"
524,1,356,"LP","I"
171,1,356,"LP","I"
497,36,356,"LP","I"
458,1,356,"LP","I"
523,4,356,"LP","I"
417,1,356,"LP","I"
471,2,356,"LP","I"
59,5,356,"LP","I"
158,1,356,"LP","I"
516,3,356,"LP","I"
279,1,356,"LP","I"
437,1,356,"LP","I"
132,1,356,"LP","I"
457,2,357,"LP","I"
132,1,357,"LP","I"
327,1,357,"LP","I"
11,32,357,"LP","I"
372,1,357,"LP","I"
525,4,357,"LP","I"
250,1,357,"LP","I"
228,1,357,"LP","I"
143,1,357,"LP","I"
455,3,357,"LP","I"
304,1,357,"LP","I"
142,1,357,"LP","I"
445,11,357,"LP","I"
302,2,357,"LP","I"
12,11,357,"LP","I"
484,2,357,"LP","I"
24,5,357,"LP","I"
354,2,357,"LP","I"
496,32,357,"LP","I"
47,11,357,"LP","I"
499,35,358,"LP","I"
41,2,358,"LP","I"
173,1,358,"LP","I"
196,2,358,"LP","I"
291,1,358,"LP","I"
86,4,358,"LP","I"
457,2,358,"LP","I"
129,1,358,"LP","I"
57,12,358,"LP","I"
69,1,358,"LP","I"
66,1,358,"LP","I"
202,1,358,"LP","I"
209,1,358,"LP","I"
32,11,358,"LP","I"
299,1,358,"LP","I"
417,1,358,"LP","I"
455,3,358,"LP","I"
354,2,358,"LP","I"
500,29,358,"LP","I"
378,1,358,"LP","I"
368,1,359,"LP","I"
61,39,359,"LP","I"
374,2,359,"LP","I"
301,1,359,"LP","I"
496,32,359,"LP","I"
39,1,359,"LP","I"
327,1,359,"LP","I"
504,39,359,"LP","I"
250,1,359,"LP","I"
484,2,359,"LP","I"
91,9,359,"LP","I"
381,2,359,"LP","I"
11,32,359,"LP","I"
141,1,359,"LP","I"
266,1,359,"LP","I"
540,3,359,"LP","I"
367,2,359,"LP","I"
181,1,359,"LP","I"
500,29,359,"LP","I"
76,7,359,"LP","I"
367,2,360,"LP","I"
264,1,360,"LP","I"
38,6,360,"LP","I"
299,1,360,"LP","I"
46,5,360,"LP","I"
20,8,360,"LP","I"
276,2,360,"LP","I"
279,1,360,"LP","I"
369,1,360,"LP","I"
78,12,360,"LP","I"
231,1,360,"LP","I"
39,1,360,"LP","I"
524,1,360,"LP","I"
41,2,360,"LP","I"
377,2,360,"LP","I"
198,1,360,"LP","I"
24,5,360,"LP","I"
247,1,360,"LP","I"
445,11,360,"LP","I"
54,8,360,"LP","I"
128,1,361,"LP","I"
20,8,361,"LP","I"
197,1,361,"LP","I"
313,1,361,"LP","I"
361,4,361,"LP","I"
455,3,361,"LP","I"
13,3,361,"LP","I"
54,8,361,"LP","I"
30,3,361,"LP","I"
14,37,361,"LP","I"
287,1,361,"LP","I"
508,19,361,"LP","I"
417,1,361,"LP","I"
72,9,361,"LP","I"
500,29,361,"LP","I"
248,1,361,"LP","I"
322,1,361,"LP","I"
426,2,361,"LP","I"
486,3,361,"LP","I"
57,12,361,"LP","I"
317,2,362,"LP","I"
419,1,362,"LP","I"
376,3,362,"LP","I"
287,1,362,"LP","I"
48,6,362,"LP","I"
524,1,362,"LP","I"
12,11,362,"LP","I"
304,1,362,"LP","I"
470,4,362,"LP","I"
344,1,362,"LP","I"
173,1,362,"LP","I"
78,12,362,"LP","I"
222,1,362,"LP","I"
86,4,362,"LP","I"
13,3,362,"LP","I"
348,2,362,"LP","I"
231,1,362,"LP","I"
276,2,362,"LP","I"
47,11,362,"LP","I"
401,1,362,"LP","I"
244,2,363,"LP","I"
264,1,363,"LP","I"
344,1,363,"LP","I"
59,5,363,"LP","I"
232,3,363,"LP","I"
430,1,363,"LP","I"
419,1,363,"LP","I"
30,3,363,"LP","I"
470,4,363,"LP","I"
170,1,363,"LP","I"
196,2,363,"LP","I"
369,1,363,"LP","I"
284,1,363,"LP","I"
500,29,363,"LP","I"
249,2,363,"LP","I"
483,3,363,"LP","I"
305,1,363,"LP","I"
534,4,363,"LP","I"
374,2,363,"LP","I"
308,1,363,"LP","I"
24,5,364,"LP","I"
390,1,364,"LP","I"
469,4,364,"LP","I"
500,29,364,"LP","I"
524,1,364,"LP","I"
286,1,364,"LP","I"
179,7,364,"LP","I"
36,5,364,"LP","I"
284,1,364,"LP","I"
369,1,364,"LP","I"
483,3,364,"LP","I"
463,1,364,"LP","I"
14,37,364,"LP","I"
361,4,364,"LP","I"
396,1,364,"LP","I"
497,36,364,"LP","I"
287,1,364,"LP","I"
362,1,364,"LP","I"
61,39,364,"LP","I"
38,6,364,"LP","I"
252,1,365,"LP","I"
422,3,365,"LP","I"
317,2,365,"LP","I"
138,3,365,"LP","I"
519,2,365,"LP","I"
255,2,365,"LP","I"
522,2,365,"LP","I"
80,6,365,"LP","I"
247,1,365,"LP","I"
508,19,365,"LP","I"
389,2,365,"LP","I"
341,2,365,"LP","I"
441,1,365,"LP","I"
430,1,365,"LP","I"
173,1,365,"LP","I"
357,1,365,"LP","I"
14,37,365,"LP","I"
123,3,365,"LP","I"
337,2,365,"LP","I"
127,1,365,"LP","I"
305,1,366,"LP","I"
252,1,366,"LP","I"
5,7,366,"LP","I"
374,2,366,"LP","I"
61,39,366,"LP","I"
495,14,366,"LP","I"
23,8,366,"LP","I"
441,1,366,"LP","I"
249,2,366,"LP","I"
132,1,366,"LP","I"
186,1,366,"LP","I"
524,1,366,"LP","I"
486,3,366,"LP","I"
105,1,366,"LP","I"
45,8,366,"LP","I"
516,3,366,"LP","I"
66,1,366,"LP","I"
82,1,366,"LP","I"
126,3,366,"LP","I"
302,2,366,"LP","I"
455,3,367,"LP","I"
131,1,367,"LP","I"
112,2,367,"LP","I"
497,36,367,"LP","I"
24,5,367,"LP","I"
498,32,367,"LP","I"
504,39,367,"LP","I"
203,1,367,"LP","I"
344,1,367,"LP","I"
525,4,367,"LP","I"
266,1,367,"LP","I"
501,24,367,"LP","I"
56,7,367,"LP","I"
183,1,367,"LP","I"
14,37,367,"LP","I"
502,22,367,"LP","I"
170,1,367,"LP","I"
534,4,367,"LP","I"
496,32,367,"LP","I"
482,3,367,"LP","I"
441,1,368,"LP","I"
455,3,368,"LP","I"
72,9,368,"LP","I"
285,1,368,"LP","I"
525,4,368,"LP","I"
523,4,368,"LP","I"
314,1,368,"LP","I"
255,2,368,"LP","I"
286,1,368,"LP","I"
196,2,368,"LP","I"
440,1,368,"LP","I"
421,4,368,"LP","I"
433,2,368,"LP","I"
287,1,368,"LP","I"
128,1,368,"LP","I"
56,7,368,"LP","I"
86,4,368,"LP","I"
140,1,368,"LP","I"
374,2,368,"LP","I"
457,2,368,"LP","I"
24,5,369,"LP","I"
365,2,369,"LP","I"
351,2,369,"LP","I"
381,2,369,"LP","I"
397,1,369,"LP","I"
11,32,369,"LP","I"
196,2,369,"LP","I"
128,1,369,"LP","I"
171,1,369,"LP","I"
500,29,369,"LP","I"
363,1,369,"LP","I"
81,2,369,"LP","I"
348,2,369,"LP","I"
540,3,369,"LP","I"
247,1,369,"LP","I"
349,1,369,"LP","I"
131,1,369,"LP","I"
264,1,369,"LP","I"
389,2,369,"LP","I"
410,2,369,"LP","I"
36,5,370,"LP","I"
357,1,370,"LP","I"
500,29,370,"LP","I"
276,2,370,"LP","I"
303,4,370,"LP","I"
91,9,370,"LP","I"
445,11,370,"LP","I"
508,19,370,"LP","I"
457,2,370,"LP","I"
369,1,370,"LP","I"
46,5,370,"LP","I"
519,2,370,"LP","I"
48,6,370,"LP","I"
248,1,370,"LP","I"
77,20,370,"LP","I"
54,8,370,"LP","I"
196,2,370,"LP","I"
343,7,370,"LP","I"
237,1,370,"LP","I"
389,2,370,"LP","I"
367,2,371,"LP","I"
514,3,371,"LP","I"
396,1,371,"LP","I"
91,9,371,"LP","I"
44,23,371,"LP","I"
64,15,371,"LP","I"
465,1,371,"LP","I"
19,11,371,"LP","I"
368,1,371,"LP","I"
508,19,371,"LP","I"
426,2,371,"LP","I"
196,2,371,"LP","I"
236,1,371,"LP","I"
14,37,371,"LP","I"
320,1,371,"LP","I"
308,1,371,"LP","I"
54,8,371,"LP","I"
291,1,371,"LP","I"
343,7,371,"LP","I"
317,2,371,"LP","I"
173,1,372,"LP","I"
367,2,372,"LP","I"
318,2,372,"LP","I"
231,1,372,"LP","I"
286,1,372,"LP","I"
91,9,372,"LP","I"
140,1,372,"LP","I"
354,2,372,"LP","I"
496,32,372,"LP","I"
501,24,372,"LP","I"
45,8,372,"LP","I"
252,1,372,"LP","I"
317,2,372,"LP","I"
101,2,372,"LP","I"
282,1,372,"LP","I"
80,6,372,"LP","I"
463,1,372,"LP","I"
124,1,372,"LP","I"
142,1,372,"LP","I"
61,39,372,"LP","I"
30,3,373,"LP","I"
183,1,373,"LP","I"
438,7,373,"LP","I"
249,2,373,"LP","I"
213,1,373,"LP","I"
351,2,373,"LP","I"
44,23,373,"LP","I"
326,1,373,"LP","I"
72,9,373,"LP","I"
317,2,373,"LP","I"
513,2,373,"LP","I"
264,1,373,"LP","I"
377,2,373,"LP","I"
433,2,373,"LP","I"
247,1,373,"LP","I"
76,7,373,"LP","I"
458,1,373,"LP","I"
166,1,373,"LP","I"
287,1,373,"LP","I"
164,4,373,"LP","I"
524,1,374,"LP","I"
362,1,374,"LP","I"
397,1,374,"LP","I"
499,35,374,"LP","I"
23,8,374,"LP","I"
372,1,374,"LP","I"
374,2,374,"LP","I"
500,29,374,"LP","I"
482,3,374,"LP","I"
17,6,374,"LP","I"
505,16,374,"LP","I"
183,1,374,"LP","I"
287,1,374,"LP","I"
301,1,374,"LP","I"
247,1,374,"LP","I"
501,24,374,"LP","I"
248,1,374,"LP","I"
171,1,374,"LP","I"
252,1,374,"LP","I"
540,3,374,"LP","I"
270,1,375,"LP","I"
322,1,375,"LP","I"
213,1,375,"LP","I"
101,2,375,"LP","I"
349,1,375,"LP","I"
62,8,375,"LP","I"
59,5,375,"LP","I"
308,1,375,"LP","I"
259,5,375,"LP","I"
237,1,375,"LP","I"
341,2,375,"LP","I"
86,4,375,"LP","I"
72,9,375,"LP","I"
469,4,375,"LP","I"
197,1,375,"LP","I"
505,16,375,"LP","I"
471,2,375,"LP","I"
363,1,375,"LP","I"
370,1,375,"LP","I"
358,15,375,"LP","I"
426,2,376,"LP","I"
259,5,376,"LP","I"
344,1,376,"LP","I"
519,2,376,"LP","I"
515,2,376,"LP","I"
166,1,376,"LP","I"
44,23,376,"LP","I"
59,5,376,"LP","I"
320,1,376,"LP","I"
358,15,376,"LP","I"
64,15,376,"LP","I"
368,1,376,"LP","I"
91,9,376,"LP","I"
142,1,376,"LP","I"
425,4,376,"LP","I"
377,2,376,"LP","I"
504,39,376,"LP","I"
486,3,376,"LP","I"
445,11,376,"LP","I"
62,8,376,"LP","I"
264,1,377,"LP","I"
252,1,377,"LP","I"
249,2,377,"LP","I"
287,1,377,"LP","I"
5,7,377,"LP","I"
301,1,377,"LP","I"
285,1,377,"LP","I"
23,8,377,"LP","I"
248,1,377,"LP","I"
17,6,377,"LP","I"
439,1,377,"LP","I"
7,10,377,"LP","I"
26,62,377,"LP","I"
337,2,377,"LP","I"
202,1,377,"LP","I"
28,33,377,"LP","I"
524,1,377,"LP","I"
51,3,377,"LP","I"
372,1,377,"LP","I"
223,1,377,"LP","I"
457,2,378,"LP","I"
59,5,378,"LP","I"
278,1,378,"LP","I"
304,1,378,"LP","I"
4,11,378,"LP","I"
213,1,378,"LP","I"
7,10,378,"LP","I"
138,3,378,"LP","I"
166,1,378,"LP","I"
223,1,378,"LP","I"
425,4,378,"LP","I"
524,1,378,"LP","I"
396,1,378,"LP","I"
171,1,378,"LP","I"
179,7,378,"LP","I"
158,1,378,"LP","I"
76,7,378,"LP","I"
222,1,378,"LP","I"
38,6,378,"LP","I"
419,1,378,"LP","I"
381,2,379,"LP","I"
69,1,379,"LP","I"
11,32,379,"LP","I"
337,2,379,"LP","I"
270,1,379,"LP","I"
483,3,379,"LP","I"
138,3,379,"LP","I"
301,1,379,"LP","I"
17,6,379,"LP","I"
501,24,379,"LP","I"
484,2,379,"LP","I"
202,1,379,"LP","I"
463,1,379,"LP","I"
179,7,379,"LP","I"
39,1,379,"LP","I"
231,1,379,"LP","I"
158,1,379,"LP","I"
8,6,379,"LP","I"
183,1,379,"LP","I"
143,1,379,"LP","I"
244,2,380,"LP","I"
33,13,380,"LP","I"
36,5,380,"LP","I"
380,2,380,"LP","I"
5,7,380,"LP","I"
69,1,380,"LP","I"
282,1,380,"LP","I"
248,1,380,"LP","I"
41,2,380,"LP","I"
302,2,380,"LP","I"
433,2,380,"LP","I"
514,3,380,"LP","I"
484,2,380,"LP","I"
351,2,380,"LP","I"
57,12,380,"LP","I"
143,1,380,"LP","I"
486,3,380,"LP","I"
372,1,380,"LP","I"
504,39,380,"LP","I"
438,7,380,"LP","I"
64,15,381,"LP","I"
23,8,381,"LP","I"
124,1,381,"LP","I"
421,4,381,"LP","I"
244,2,381,"LP","I"
255,2,381,"LP","I"
190,2,381,"LP","I"
56,7,381,"LP","I"
397,1,381,"LP","I"
54,8,381,"LP","I"
128,1,381,"LP","I"
465,1,381,"LP","I"
470,4,381,"LP","I"
224,1,381,"LP","I"
142,1,381,"LP","I"
341,2,381,"LP","I"
496,32,381,"LP","I"
62,8,381,"LP","I"
320,1,381,"LP","I"
12,11,381,"LP","I"
142,1,382,"LP","I"
501,24,382,"LP","I"
259,5,382,"LP","I"
143,1,382,"LP","I"
61,39,382,"LP","I"
483,3,382,"LP","I"
486,3,382,"LP","I"
67,11,382,"LP","I"
17,6,382,"LP","I"
91,9,382,"LP","I"
284,1,382,"LP","I"
286,1,382,"LP","I"
357,1,382,"LP","I"
314,1,382,"LP","I"
495,14,382,"LP","I"
196,2,382,"LP","I"
198,1,382,"LP","I"
236,1,382,"LP","I"
415,1,382,"LP","I"
144,1,382,"LP","I"
327,1,383,"LP","I"
198,1,383,"LP","I"
301,1,383,"LP","I"
285,1,383,"LP","I"
410,2,383,"LP","I"
341,2,383,"LP","I"
250,1,383,"LP","I"
503,25,383,"LP","I"
348,2,383,"LP","I"
72,9,383,"LP","I"
266,1,383,"LP","I"
422,3,383,"LP","I"
318,2,383,"LP","I"
455,3,383,"LP","I"
519,2,383,"LP","I"
320,1,383,"LP","I"
445,11,383,"LP","I"
126,3,383,"LP","I"
419,1,383,"LP","I"
482,3,383,"LP","I"
252,1,384,"LP","I"
381,2,384,"LP","I"
430,1,384,"LP","I"
140,1,384,"LP","I"
318,2,384,"LP","I"
236,1,384,"LP","I"
131,1,384,"LP","I"
422,3,384,"LP","I"
264,1,384,"LP","I"
455,3,384,"LP","I"
502,22,384,"LP","I"
33,13,384,"LP","I"
44,23,384,"LP","I"
471,2,384,"LP","I"
284,1,384,"LP","I"
486,3,384,"LP","I"
320,1,384,"LP","I"
138,3,384,"LP","I"
301,1,384,"LP","I"
363,1,384,"LP","I"
228,1,385,"LP","I"
498,32,385,"LP","I"
250,1,385,"LP","I"
14,37,385,"LP","I"
128,1,385,"LP","I"
278,1,385,"LP","I"
69,1,385,"LP","I"
304,1,385,"LP","I"
302,2,385,"LP","I"
38,6,385,"LP","I"
305,1,385,"LP","I"
30,3,385,"LP","I"
348,2,385,"LP","I"
422,3,385,"LP","I"
306,1,385,"LP","I"
369,1,385,"LP","I"
47,11,385,"LP","I"
138,3,385,"LP","I"
380,2,385,"LP","I"
105,1,385,"LP","I"
503,25,386,"LP","I"
372,1,386,"LP","I"
516,3,386,"LP","I"
401,1,386,"LP","I"
376,3,386,"LP","I"
433,2,386,"LP","I"
82,1,386,"LP","I"
183,1,386,"LP","I"
173,1,386,"LP","I"
4,11,386,"LP","I"
30,3,386,"LP","I"
72,9,386,"LP","I"
276,2,386,"LP","I"
344,1,386,"LP","I"
287,1,386,"LP","I"
351,2,386,"LP","I"
304,1,386,"LP","I"
417,1,386,"LP","I"
415,1,386,"LP","I"
197,1,386,"LP","I"
41,2,387,"LP","I"
5,7,387,"LP","I"
440,1,387,"LP","I"
517,3,387,"LP","I"
308,1,387,"LP","I"
341,2,387,"LP","I"
164,4,387,"LP","I"
26,62,387,"LP","I"
368,1,387,"LP","I"
286,1,387,"LP","I"
190,2,387,"LP","I"
72,9,387,"LP","I"
91,9,387,"LP","I"
337,2,387,"LP","I"
438,7,387,"LP","I"
62,8,387,"LP","I"
516,3,387,"LP","I"
467,4,387,"LP","I"
287,1,387,"LP","I"
24,5,387,"LP","I"
377,2,388,"LP","I"
132,1,388,"LP","I"
41,2,388,"LP","I"
396,1,388,"LP","I"
24,5,388,"LP","I"
525,4,388,"LP","I"
126,3,388,"LP","I"
362,1,388,"LP","I"
142,1,388,"LP","I"
378,1,388,"LP","I"
524,1,388,"LP","I"
501,24,388,"LP","I"
445,11,388,"LP","I"
179,7,388,"LP","I"
317,2,388,"LP","I"
264,1,388,"LP","I"
20,8,388,"LP","I"
190,2,388,"LP","I"
320,1,388,"LP","I"
26,62,388,"LP","I"
440,1,389,"LP","I"
470,4,389,"LP","I"
401,1,389,"LP","I"
534,4,389,"LP","I"
483,3,389,"LP","I"
304,1,389,"LP","I"
348,2,389,"LP","I"
514,3,389,"LP","I"
5,7,389,"LP","I"
291,1,389,"LP","I"
368,1,389,"LP","I"
186,1,389,"LP","I"
112,2,389,"LP","I"
270,1,389,"LP","I"
158,1,389,"LP","I"
128,1,389,"LP","I"
508,19,389,"LP","I"
14,37,389,"LP","I"
369,1,389,"LP","I"
213,1,389,"LP","I"
348,2,390,"LP","I"
12,11,390,"LP","I"
465,1,390,"LP","I"
396,1,390,"LP","I"
471,2,390,"LP","I"
370,1,390,"LP","I"
64,15,390,"LP","I"
299,1,390,"LP","I"
276,2,390,"LP","I"
349,1,390,"LP","I"
47,11,390,"LP","I"
525,4,390,"LP","I"
484,2,390,"LP","I"
26,62,390,"LP","I"
67,11,390,"LP","I"
81,2,390,"LP","I"
285,1,390,"LP","I"
61,39,390,"LP","I"
38,6,390,"LP","I"
517,3,390,"LP","I"
209,1,391,"LP","I"
317,2,391,"LP","I"
203,1,391,"LP","I"
522,2,391,"LP","I"
46,5,391,"LP","I"
48,6,391,"LP","I"
24,5,391,"LP","I"
515,2,391,"LP","I"
374,2,391,"LP","I"
62,8,391,"LP","I"
367,2,391,"LP","I"
377,2,391,"LP","I"
305,1,391,"LP","I"
259,5,391,"LP","I"
369,1,391,"LP","I"
181,1,391,"LP","I"
236,1,391,"LP","I"
495,14,391,"LP","I"
318,2,391,"LP","I"
224,1,391,"LP","I"
203,1,392,"LP","I"
291,1,392,"LP","I"
513,2,392,"LP","I"
369,1,392,"LP","I"
525,4,392,"LP","I"
441,1,392,"LP","I"
502,22,392,"LP","I"
496,32,392,"LP","I"
397,1,392,"LP","I"
126,3,392,"LP","I"
435,3,392,"LP","I"
437,1,392,"LP","I"
231,1,392,"LP","I"
438,7,392,"LP","I"
344,1,392,"LP","I"
440,1,392,"LP","I"
252,1,392,"LP","I"
515,2,392,"LP","I"
171,1,392,"LP","I"
390,1,392,"LP","I"
513,2,393,"LP","I"
415,1,393,"LP","I"
123,3,393,"LP","I"
368,1,393,"LP","I"
249,2,393,"LP","I"
302,2,393,"LP","I"
301,1,393,"LP","I"
463,1,393,"LP","I"
500,29,393,"LP","I"
164,4,393,"LP","I"
80,6,393,"LP","I"
39,1,393,"LP","I"
5,7,393,"LP","I"
376,3,393,"LP","I"
313,1,393,"LP","I"
279,1,393,"LP","I"
483,3,393,"LP","I"
522,2,393,"LP","I"
112,2,393,"LP","I"
186,1,393,"LP","I"
259,5,394,"LP","I"
158,1,394,"LP","I"
357,1,394,"LP","I"
367,2,394,"LP","I"
45,8,394,"LP","I"
419,1,394,"LP","I"
193,1,394,"LP","I"
337,2,394,"LP","I"
291,1,394,"LP","I"
247,1,394,"LP","I"
343,7,394,"LP","I"
358,15,394,"LP","I"
80,6,394,"LP","I"
222,1,394,"LP","I"
286,1,394,"LP","I"
14,37,394,"LP","I"
196,2,394,"LP","I"
351,2,394,"LP","I"
441,1,394,"LP","I"
372,1,394,"LP","I"
433,2,395,"LP","I"
26,62,395,"LP","I"
279,1,395,"LP","I"
499,35,395,"LP","I"
173,1,395,"LP","I"
13,3,395,"LP","I"
467,4,395,"LP","I"
422,3,395,"LP","I"
401,1,395,"LP","I"
77,20,395,"LP","I"
60,5,395,"LP","I"
141,1,395,"LP","I"
278,1,395,"LP","I"
252,1,395,"LP","I"
367,2,395,"LP","I"
36,5,395,"LP","I"
112,2,395,"LP","I"
41,2,395,"LP","I"
465,1,395,"LP","I"
213,1,395,"LP","I"
5,7,396,"LP","I"
318,2,396,"LP","I"
471,2,396,"LP","I"
455,3,396,"LP","I"
525,4,396,"LP","I"
348,2,396,"LP","I"
515,2,396,"LP","I"
231,1,396,"LP","I"
77,20,396,"LP","I"
495,14,396,"LP","I"
143,1,396,"LP","I"
417,1,396,"LP","I"
305,1,396,"LP","I"
377,2,396,"LP","I"
248,1,396,"LP","I"
503,25,396,"LP","I"
26,62,396,"LP","I"
105,1,396,"LP","I"
252,1,396,"LP","I"
249,2,396,"LP","I"
376,3,397,"LP","I"
471,2,397,"LP","I"
132,1,397,"LP","I"
396,1,397,"LP","I"
401,1,397,"LP","I"
394,1,397,"LP","I"
322,1,397,"LP","I"
129,1,397,"LP","I"
166,1,397,"LP","I"
540,3,397,"LP","I"
514,3,397,"LP","I"
66,1,397,"LP","I"
57,12,397,"LP","I"
39,1,397,"LP","I"
484,2,397,"LP","I"
317,2,397,"LP","I"
470,4,397,"LP","I"
128,1,397,"LP","I"
337,2,397,"LP","I"
447,3,397,"LP","I"
44,23,398,"LP","I"
422,3,398,"LP","I"
270,1,398,"LP","I"
322,1,398,"LP","I"
513,2,398,"LP","I"
464,1,398,"LP","I"
113,1,398,"LP","I"
463,1,398,"LP","I"
430,1,398,"LP","I"
179,7,398,"LP","I"
250,1,398,"LP","I"
278,1,398,"LP","I"
59,5,398,"LP","I"
164,4,398,"LP","I"
314,1,398,"LP","I"
20,8,398,"LP","I"
61,39,398,"LP","I"
291,1,398,"LP","I"
264,1,398,"LP","I"
105,1,398,"LP","I"
223,1,399,"LP","I"
32,11,399,"LP","I"
196,2,399,"LP","I"
534,4,399,"LP","I"
503,25,399,"LP","I"
467,4,399,"LP","I"
11,32,399,"LP","I"
368,1,399,"LP","I"
508,19,399,"LP","I"
517,3,399,"LP","I"
142,1,399,"LP","I"
519,2,399,"LP","I"
138,3,399,"LP","I"
186,1,399,"LP","I"
499,35,399,"LP","I"
30,3,399,"LP","I"
62,8,399,"LP","I"
369,1,399,"LP","I"
501,24,399,"LP","I"
287,1,399,"LP","I"
320,1,400,"LP","I"
369,1,400,"LP","I"
66,1,400,"LP","I"
41,2,400,"LP","I"
317,2,400,"LP","I"
7,10,400,"LP","I"
381,2,400,"LP","I"
534,4,400,"LP","I"
128,1,400,"LP","I"
20,8,400,"LP","I"
469,4,400,"LP","I"
497,36,400,"LP","I"
457,2,400,"LP","I"
278,1,400,"LP","I"
425,4,400,"LP","I"
101,2,400,"LP","I"
8,6,400,"LP","I"
505,16,400,"LP","I"
513,2,400,"LP","I"
348,2,400,"LP","I"
495,14,401,"LP","I"
314,1,401,"LP","I"
203,1,401,"LP","I"
183,1,401,"LP","I"
129,1,401,"LP","I"
259,5,401,"LP","I"
419,1,401,"LP","I"
47,11,401,"LP","I"
236,1,401,"LP","I"
250,1,401,"LP","I"
437,1,401,"LP","I"
77,20,401,"LP","I"
306,1,401,"LP","I"
8,6,401,"LP","I"
504,39,401,"LP","I"
317,2,401,"LP","I"
60,5,401,"LP","I"
28,33,401,"LP","I"
91,9,401,"LP","I"
278,1,401,"LP","I"
183,1,402,"LP","I"
112,2,402,"LP","I"
127,1,402,"LP","I"
67,11,402,"LP","I"
244,2,402,"LP","I"
30,3,402,"LP","I"
124,1,402,"LP","I"
374,2,402,"LP","I"
228,1,402,"LP","I"
101,2,402,"LP","I"
421,4,402,"LP","I"
23,8,402,"LP","I"
198,1,402,"LP","I"
498,32,402,"LP","I"
202,1,402,"LP","I"
223,1,402,"LP","I"
357,1,402,"LP","I"
170,1,402,"LP","I"
368,1,402,"LP","I"
376,3,402,"LP","I"
142,1,403,"LP","I"
438,7,403,"LP","I"
304,1,403,"LP","I"
285,1,403,"LP","I"
166,1,403,"LP","I"
357,1,403,"LP","I"
483,3,403,"LP","I"
464,1,403,"LP","I"
313,1,403,"LP","I"
484,2,403,"LP","I"
20,8,403,"LP","I"
77,20,403,"LP","I"
183,1,403,"LP","I"
143,1,403,"LP","I"
36,5,403,"LP","I"
202,1,403,"LP","I"
82,1,403,"LP","I"
171,1,403,"LP","I"
305,1,403,"LP","I"
368,1,403,"LP","I"
380,2,404,"LP","I"
291,1,404,"LP","I"
77,20,404,"LP","I"
322,1,404,"LP","I"
410,2,404,"LP","I"
497,36,404,"LP","I"
351,2,404,"LP","I"
170,1,404,"LP","I"
396,1,404,"LP","I"
482,3,404,"LP","I"
498,32,404,"LP","I"
48,6,404,"LP","I"
440,1,404,"LP","I"
362,1,404,"LP","I"
515,2,404,"LP","I"
13,3,404,"LP","I"
51,3,404,"LP","I"
7,10,404,"LP","I"
56,7,404,"LP","I"
198,1,404,"LP","I"
341,2,405,"LP","I"
7,10,405,"LP","I"
497,36,405,"LP","I"
23,8,405,"LP","I"
33,13,405,"LP","I"
255,2,405,"LP","I"
202,1,405,"LP","I"
394,1,405,"LP","I"
363,1,405,"LP","I"
498,32,405,"LP","I"
213,1,405,"LP","I"
515,2,405,"LP","I"
308,1,405,"LP","I"
105,1,405,"LP","I"
286,1,405,"LP","I"
203,1,405,"LP","I"
190,2,405,"LP","I"
279,1,405,"LP","I"
77,20,405,"LP","I"
397,1,405,"LP","I"
64,15,406,"LP","I"
440,1,406,"LP","I"
28,33,406,"LP","I"
279,1,406,"LP","I"
278,1,406,"LP","I"
82,1,406,"LP","I"
51,3,406,"LP","I"
415,1,406,"LP","I"
13,3,406,"LP","I"
483,3,406,"LP","I"
381,2,406,"LP","I"
126,3,406,"LP","I"
244,2,406,"LP","I"
496,32,406,"LP","I"
419,1,406,"LP","I"
105,1,406,"LP","I"
60,5,406,"LP","I"
302,2,406,"LP","I"
76,7,406,"LP","I"
48,6,406,"LP","I"
320,1,407,"LP","I"
438,7,407,"LP","I"
131,1,407,"LP","I"
123,3,407,"LP","I"
20,8,407,"LP","I"
77,20,407,"LP","I"
305,1,407,"LP","I"
91,9,407,"LP","I"
317,2,407,"LP","I"
505,16,407,"LP","I"
343,7,407,"LP","I"
36,5,407,"LP","I"
482,3,407,"LP","I"
421,4,407,"LP","I"
61,39,407,"LP","I"
82,1,407,"LP","I"
183,1,407,"LP","I"
270,1,407,"LP","I"
279,1,407,"LP","I"
101,2,407,"LP","I"
313,1,408,"LP","I"
484,2,408,"LP","I"
124,1,408,"LP","I"
499,35,408,"LP","I"
279,1,408,"LP","I"
13,3,408,"LP","I"
282,1,408,"LP","I"
26,62,408,"LP","I"
231,1,408,"LP","I"
519,2,408,"LP","I"
285,1,408,"LP","I"
105,1,408,"LP","I"
517,3,408,"LP","I"
470,4,408,"LP","I"
142,1,408,"LP","I"
504,39,408,"LP","I"
351,2,408,"LP","I"
455,3,408,"LP","I"
232,3,408,"LP","I"
374,2,408,"LP","I"
81,2,409,"LP","I"
67,11,409,"LP","I"
327,1,409,"LP","I"
348,2,409,"LP","I"
179,7,409,"LP","I"
209,1,409,"LP","I"
525,4,409,"LP","I"
57,12,409,"LP","I"
299,1,409,"LP","I"
11,32,409,"LP","I"
496,32,409,"LP","I"
46,5,409,"LP","I"
72,9,409,"LP","I"
419,1,409,"LP","I"
367,2,409,"LP","I"
463,1,409,"LP","I"
113,1,409,"LP","I"
522,2,409,"LP","I"
264,1,409,"LP","I"
193,1,409,"LP","I"
433,2,410,"LP","I"
222,1,410,"LP","I"
181,1,410,"LP","I"
82,1,410,"LP","I"
381,2,410,"LP","I"
284,1,410,"LP","I"
124,1,410,"LP","I"
252,1,410,"LP","I"
417,1,410,"LP","I"
26,62,410,"LP","I"
415,1,410,"LP","I"
179,7,410,"LP","I"
469,4,410,"LP","I"
523,4,410,"LP","I"
514,3,410,"LP","I"
354,2,410,"LP","I"
164,4,410,"LP","I"
202,1,410,"LP","I"
196,2,410,"LP","I"
484,2,410,"LP","I"
291,1,411,"LP","I"
190,2,411,"LP","I"
430,1,411,"LP","I"
351,2,411,"LP","I"
365,2,411,"LP","I"
367,2,411,"LP","I"
378,1,411,"LP","I"
439,1,411,"LP","I"
394,1,411,"LP","I"
20,8,411,"LP","I"
105,1,411,"LP","I"
138,3,411,"LP","I"
140,1,411,"LP","I"
143,1,411,"LP","I"
76,7,411,"LP","I"
313,1,411,"LP","I"
499,35,411,"LP","I"
308,1,411,"LP","I"
38,6,411,"LP","I"
224,1,411,"LP","I"
236,1,412,"LP","I"
304,1,412,"LP","I"
322,1,412,"LP","I"
203,1,412,"LP","I"
348,2,412,"LP","I"
306,1,412,"LP","I"
38,6,412,"LP","I"
5,7,412,"LP","I"
299,1,412,"LP","I"
455,3,412,"LP","I"
39,1,412,"LP","I"
56,7,412,"LP","I"
48,6,412,"LP","I"
57,12,412,"LP","I"
76,7,412,"LP","I"
287,1,412,"LP","I"
101,2,412,"LP","I"
470,4,412,"LP","I"
303,4,412,"LP","I"
213,1,412,"LP","I"
23,8,413,"LP","I"
45,8,413,"LP","I"
124,1,413,"LP","I"
368,1,413,"LP","I"
540,3,413,"LP","I"
401,1,413,"LP","I"
78,12,413,"LP","I"
519,2,413,"LP","I"
471,2,413,"LP","I"
502,22,413,"LP","I"
308,1,413,"LP","I"
158,1,413,"LP","I"
482,3,413,"LP","I"
504,39,413,"LP","I"
524,1,413,"LP","I"
422,3,413,"LP","I"
224,1,413,"LP","I"
301,1,413,"LP","I"
425,4,413,"LP","I"
5,7,413,"LP","I"
249,2,414,"LP","I"
164,4,414,"LP","I"
439,1,414,"LP","I"
508,19,414,"LP","I"
525,4,414,"LP","I"
81,2,414,"LP","I"
471,2,414,"LP","I"
41,2,414,"LP","I"
306,1,414,"LP","I"
287,1,414,"LP","I"
534,4,414,"LP","I"
483,3,414,"LP","I"
351,2,414,"LP","I"
501,24,414,"LP","I"
12,11,414,"LP","I"
284,1,414,"LP","I"
33,13,414,"LP","I"
286,1,414,"LP","I"
467,4,414,"LP","I"
464,1,414,"LP","I"
164,4,415,"LP","I"
250,1,415,"LP","I"
33,13,415,"LP","I"
138,3,415,"LP","I"
357,1,415,"LP","I"
465,1,415,"LP","I"
264,1,415,"LP","I"
517,3,415,"LP","I"
394,1,415,"LP","I"
105,1,415,"LP","I"
291,1,415,"LP","I"
433,2,415,"LP","I"
190,2,415,"LP","I"
467,4,415,"LP","I"
249,2,415,"LP","I"
64,15,415,"LP","I"
66,1,415,"LP","I"
304,1,415,"LP","I"
141,1,415,"LP","I"
358,15,415,"LP","I"
24,5,416,"LP","I"
64,15,416,"LP","I"
222,1,416,"LP","I"
390,1,416,"LP","I"
516,3,416,"LP","I"
47,11,416,"LP","I"
39,1,416,"LP","I"
19,11,416,"LP","I"
441,1,416,"LP","I"
44,23,416,"LP","I"
77,20,416,"LP","I"
138,3,416,"LP","I"
470,4,416,"LP","I"
308,1,416,"LP","I"
41,2,416,"LP","I"
123,3,416,"LP","I"
38,6,416,"LP","I"
464,1,416,"LP","I"
519,2,416,"LP","I"
421,4,416,"LP","I"
410,2,417,"LP","I"
326,1,417,"LP","I"
12,11,417,"LP","I"
57,12,417,"LP","I"
124,1,417,"LP","I"
438,7,417,"LP","I"
282,1,417,"LP","I"
228,1,417,"LP","I"
56,7,417,"LP","I"
278,1,417,"LP","I"
48,6,417,"LP","I"
39,1,417,"LP","I"
171,1,417,"LP","I"
67,11,417,"LP","I"
14,37,417,"LP","I"
170,1,417,"LP","I"
203,1,417,"LP","I"
202,1,417,"LP","I"
522,2,417,"LP","I"
318,2,417,"LP","I"
86,4,418,"LP","I"
181,1,418,"LP","I"
248,1,418,"LP","I"
517,3,418,"LP","I"
64,15,418,"LP","I"
516,3,418,"LP","I"
223,1,418,"LP","I"
483,3,418,"LP","I"
513,2,418,"LP","I"
144,1,418,"LP","I"
54,8,418,"LP","I"
496,32,418,"LP","I"
397,1,418,"LP","I"
142,1,418,"LP","I"
524,1,418,"LP","I"
435,3,418,"LP","I"
287,1,418,"LP","I"
61,39,418,"LP","I"
361,4,418,"LP","I"
101,2,418,"LP","I"
144,1,419,"LP","I"
305,1,419,"LP","I"
16,8,419,"LP","I"
166,1,419,"LP","I"
72,9,419,"LP","I"
8,6,419,"LP","I"
308,1,419,"LP","I"
508,19,419,"LP","I"
28,33,419,"LP","I"
322,1,419,"LP","I"
394,1,419,"LP","I"
278,1,419,"LP","I"
213,1,419,"LP","I"
504,39,419,"LP","I"
11,32,419,"LP","I"
376,3,419,"LP","I"
164,4,419,"LP","I"
501,24,419,"LP","I"
30,3,419,"LP","I"
445,11,419,"LP","I"
348,2,420,"LP","I"
7,10,420,"LP","I"
24,5,420,"LP","I"
374,2,420,"LP","I"
144,1,420,"LP","I"
291,1,420,"LP","I"
64,15,420,"LP","I"
4,11,420,"LP","I"
517,3,420,"LP","I"
363,1,420,"LP","I"
308,1,420,"LP","I"
41,2,420,"LP","I"
390,1,420,"LP","I"
247,1,420,"LP","I"
457,2,420,"LP","I"
222,1,420,"LP","I"
51,3,420,"LP","I"
417,1,420,"LP","I"
302,2,420,"LP","I"
46,5,420,"LP","I"
301,1,421,"LP","I"
390,1,421,"LP","I"
41,2,421,"LP","I"
166,1,421,"LP","I"
503,25,421,"LP","I"
131,1,421,"LP","I"
171,1,421,"LP","I"
417,1,421,"LP","I"
203,1,421,"LP","I"
435,3,421,"LP","I"
32,11,421,"LP","I"
322,1,421,"LP","I"
69,1,421,"LP","I"
430,1,421,"LP","I"
202,1,421,"LP","I"
351,2,421,"LP","I"
305,1,421,"LP","I"
522,2,421,"LP","I"
372,1,421,"LP","I"
419,1,421,"LP","I"
397,1,422,"LP","I"
370,1,422,"LP","I"
282,1,422,"LP","I"
320,1,422,"LP","I"
401,1,422,"LP","I"
369,1,422,"LP","I"
348,2,422,"LP","I"
354,2,422,"LP","I"
266,1,422,"LP","I"
48,6,422,"LP","I"
377,2,422,"LP","I"
305,1,422,"LP","I"
247,1,422,"LP","I"
171,1,422,"LP","I"
469,4,422,"LP","I"
523,4,422,"LP","I"
358,15,422,"LP","I"
232,3,422,"LP","I"
197,1,422,"LP","I"
394,1,422,"LP","I"
123,3,423,"LP","I"
337,2,423,"LP","I"
264,1,423,"LP","I"
378,1,423,"LP","I"
441,1,423,"LP","I"
259,5,423,"LP","I"
357,1,423,"LP","I"
327,1,423,"LP","I"
390,1,423,"LP","I"
69,1,423,"LP","I"
447,3,423,"LP","I"
112,2,423,"LP","I"
303,4,423,"LP","I"
440,1,423,"LP","I"
228,1,423,"LP","I"
158,1,423,"LP","I"
45,8,423,"LP","I"
266,1,423,"LP","I"
361,4,423,"LP","I"
13,3,423,"LP","I"
368,1,424,"LP","I"
244,2,424,"LP","I"
463,1,424,"LP","I"
502,22,424,"LP","I"
259,5,424,"LP","I"
248,1,424,"LP","I"
284,1,424,"LP","I"
361,4,424,"LP","I"
140,1,424,"LP","I"
28,33,424,"LP","I"
515,2,424,"LP","I"
306,1,424,"LP","I"
144,1,424,"LP","I"
105,1,424,"LP","I"
471,2,424,"LP","I"
523,4,424,"LP","I"
320,1,424,"LP","I"
299,1,424,"LP","I"
247,1,424,"LP","I"
61,39,424,"LP","I"
351,2,425,"LP","I"
327,1,425,"LP","I"
33,13,425,"LP","I"
515,2,425,"LP","I"
314,1,425,"LP","I"
141,1,425,"LP","I"
377,2,425,"LP","I"
82,1,425,"LP","I"
197,1,425,"LP","I"
437,1,425,"LP","I"
198,1,425,"LP","I"
80,6,425,"LP","I"
308,1,425,"LP","I"
426,2,425,"LP","I"
430,1,425,"LP","I"
67,11,425,"LP","I"
224,1,425,"LP","I"
8,6,425,"LP","I"
322,1,425,"LP","I"
463,1,425,"LP","I"
24,5,426,"LP","I"
299,1,426,"LP","I"
377,2,426,"LP","I"
351,2,426,"LP","I"
86,4,426,"LP","I"
457,2,426,"LP","I"
276,2,426,"LP","I"
523,4,426,"LP","I"
516,3,426,"LP","I"
278,1,426,"LP","I"
397,1,426,"LP","I"
16,8,426,"LP","I"
222,1,426,"LP","I"
458,1,426,"LP","I"
425,4,426,"LP","I"
349,1,426,"LP","I"
471,2,426,"LP","I"
341,2,426,"LP","I"
441,1,426,"LP","I"
197,1,426,"LP","I"
247,1,427,"LP","I"
517,3,427,"LP","I"
380,2,427,"LP","I"
51,3,427,"LP","I"
381,2,427,"LP","I"
32,11,427,"LP","I"
126,3,427,"LP","I"
438,7,427,"LP","I"
308,1,427,"LP","I"
264,1,427,"LP","I"
437,1,427,"LP","I"
320,1,427,"LP","I"
56,7,427,"LP","I"
171,1,427,"LP","I"
374,2,427,"LP","I"
17,6,427,"LP","I"
344,1,427,"LP","I"
516,3,427,"LP","I"
525,4,427,"LP","I"
303,4,427,"LP","I"
101,2,428,"LP","I"
426,2,428,"LP","I"
190,2,428,"LP","I"
326,1,428,"LP","I"
129,1,428,"LP","I"
367,2,428,"LP","I"
60,5,428,"LP","I"
484,2,428,"LP","I"
365,2,428,"LP","I"
522,2,428,"LP","I"
349,1,428,"LP","I"
457,2,428,"LP","I"
128,1,428,"LP","I"
32,11,428,"LP","I"
482,3,428,"LP","I"
112,2,428,"LP","I"
67,11,428,"LP","I"
179,7,428,"LP","I"
381,2,428,"LP","I"
397,1,428,"LP","I"
61,39,429,"LP","I"
48,6,429,"LP","I"
525,4,429,"LP","I"
143,1,429,"LP","I"
166,1,429,"LP","I"
396,1,429,"LP","I"
105,1,429,"LP","I"
440,1,429,"LP","I"
425,4,429,"LP","I"
497,36,429,"LP","I"
369,1,429,"LP","I"
12,11,429,"LP","I"
129,1,429,"LP","I"
523,4,429,"LP","I"
66,1,429,"LP","I"
517,3,429,"LP","I"
447,3,429,"LP","I"
370,1,429,"LP","I"
445,11,429,"LP","I"
291,1,429,"LP","I"
255,2,430,"LP","I"
361,4,430,"LP","I"
138,3,430,"LP","I"
291,1,430,"LP","I"
464,1,430,"LP","I"
421,4,430,"LP","I"
158,1,430,"LP","I"
301,1,430,"LP","I"
515,2,430,"LP","I"
209,1,430,"LP","I"
183,1,430,"LP","I"
320,1,430,"LP","I"
486,3,430,"LP","I"
445,11,430,"LP","I"
11,32,430,"LP","I"
503,25,430,"LP","I"
67,11,430,"LP","I"
308,1,430,"LP","I"
8,6,430,"LP","I"
415,1,430,"LP","I"
426,2,431,"LP","I"
438,7,431,"LP","I"
91,9,431,"LP","I"
516,3,431,"LP","I"
430,1,431,"LP","I"
45,8,431,"LP","I"
417,1,431,"LP","I"
433,2,431,"LP","I"
12,11,431,"LP","I"
378,1,431,"LP","I"
351,2,431,"LP","I"
66,1,431,"LP","I"
183,1,431,"LP","I"
56,7,431,"LP","I"
244,2,431,"LP","I"
46,5,431,"LP","I"
314,1,431,"LP","I"
503,25,431,"LP","I"
534,4,431,"LP","I"
213,1,431,"LP","I"
244,2,432,"LP","I"
66,1,432,"LP","I"
438,7,432,"LP","I"
128,1,432,"LP","I"
232,3,432,"LP","I"
421,4,432,"LP","I"
308,1,432,"LP","I"
377,2,432,"LP","I"
299,1,432,"LP","I"
410,2,432,"LP","I"
54,8,432,"LP","I"
499,35,432,"LP","I"
540,3,432,"LP","I"
534,4,432,"LP","I"
61,39,432,"LP","I"
276,2,432,"LP","I"
317,2,432,"LP","I"
248,1,432,"LP","I"
465,1,432,"LP","I"
45,8,432,"LP","I"
5,7,433,"LP","I"
523,4,433,"LP","I"
363,1,433,"LP","I"
378,1,433,"LP","I"
306,1,433,"LP","I"
313,1,433,"LP","I"
421,4,433,"LP","I"
515,2,433,"LP","I"
368,1,433,"LP","I"
517,3,433,"LP","I"
59,5,433,"LP","I"
202,1,433,"LP","I"
28,33,433,"LP","I"
143,1,433,"LP","I"
158,1,433,"LP","I"
284,1,433,"LP","I"
505,16,433,"LP","I"
142,1,433,"LP","I"
193,1,433,"LP","I"
390,1,433,"LP","I"
59,5,434,"LP","I"
279,1,434,"LP","I"
196,2,434,"LP","I"
13,3,434,"LP","I"
503,25,434,"LP","I"
458,1,434,"LP","I"
514,3,434,"LP","I"
505,16,434,"LP","I"
396,1,434,"LP","I"
425,4,434,"LP","I"
47,11,434,"LP","I"
467,4,434,"LP","I"
266,1,434,"LP","I"
508,19,434,"LP","I"
61,39,434,"LP","I"
4,11,434,"LP","I"
171,1,434,"LP","I"
381,2,434,"LP","I"
12,11,434,"LP","I"
17,6,434,"LP","I"
516,3,435,"LP","I"
343,7,435,"LP","I"
46,5,435,"LP","I"
306,1,435,"LP","I"
32,11,435,"LP","I"
5,7,435,"LP","I"
56,7,435,"LP","I"
33,13,435,"LP","I"
523,4,435,"LP","I"
138,3,435,"LP","I"
143,1,435,"LP","I"
534,4,435,"LP","I"
166,1,435,"LP","I"
26,62,435,"LP","I"
231,1,435,"LP","I"
181,1,435,"LP","I"
367,2,435,"LP","I"
396,1,435,"LP","I"
266,1,435,"LP","I"
304,1,435,"LP","I"
39,1,436,"LP","I"
499,35,436,"LP","I"
51,3,436,"LP","I"
91,9,436,"LP","I"
124,1,436,"LP","I"
438,7,436,"LP","I"
504,39,436,"LP","I"
365,2,436,"LP","I"
467,4,436,"LP","I"
378,1,436,"LP","I"
396,1,436,"LP","I"
421,4,436,"LP","I"
62,8,436,"LP","I"
131,1,436,"LP","I"
48,6,436,"LP","I"
540,3,436,"LP","I"
11,32,436,"LP","I"
54,8,436,"LP","I"
482,3,436,"LP","I"
519,2,436,"LP","I"
284,1,437,"LP","I"
515,2,437,"LP","I"
441,1,437,"LP","I"
198,1,437,"LP","I"
59,5,437,"LP","I"
299,1,437,"LP","I"
501,24,437,"LP","I"
7,10,437,"LP","I"
264,1,437,"LP","I"
433,2,437,"LP","I"
458,1,437,"LP","I"
401,1,437,"LP","I"
78,12,437,"LP","I"
164,4,437,"LP","I"
467,4,437,"LP","I"
158,1,437,"LP","I"
504,39,437,"LP","I"
222,1,437,"LP","I"
278,1,437,"LP","I"
44,23,437,"LP","I"
47,11,438,"LP","I"
20,8,438,"LP","I"
305,1,438,"LP","I"
101,2,438,"LP","I"
183,1,438,"LP","I"
320,1,438,"LP","I"
128,1,438,"LP","I"
164,4,438,"LP","I"
60,5,438,"LP","I"
419,1,438,"LP","I"
198,1,438,"LP","I"
341,2,438,"LP","I"
13,3,438,"LP","I"
46,5,438,"LP","I"
458,1,438,"LP","I"
372,1,438,"LP","I"
496,32,438,"LP","I"
28,33,438,"LP","I"
349,1,438,"LP","I"
363,1,438,"LP","I"
113,1,439,"LP","I"
16,8,439,"LP","I"
203,1,439,"LP","I"
514,3,439,"LP","I"
317,2,439,"LP","I"
349,1,439,"LP","I"
455,3,439,"LP","I"
252,1,439,"LP","I"
303,4,439,"LP","I"
534,4,439,"LP","I"
69,1,439,"LP","I"
193,1,439,"LP","I"
372,1,439,"LP","I"
417,1,439,"LP","I"
308,1,439,"LP","I"
131,1,439,"LP","I"
390,1,439,"LP","I"
318,2,439,"LP","I"
326,1,439,"LP","I"
11,32,439,"LP","I"
228,1,440,"LP","I"
320,1,440,"LP","I"
140,1,440,"LP","I"
401,1,440,"LP","I"
196,2,440,"LP","I"
11,32,440,"LP","I"
249,2,440,"LP","I"
501,24,440,"LP","I"
48,6,440,"LP","I"
190,2,440,"LP","I"
513,2,440,"LP","I"
91,9,440,"LP","I"
72,9,440,"LP","I"
503,25,440,"LP","I"
86,4,440,"LP","I"
504,39,440,"LP","I"
363,1,440,"LP","I"
425,4,440,"LP","I"
183,1,440,"LP","I"
57,12,440,"LP","I"
524,1,441,"LP","I"
410,2,441,"LP","I"
80,6,441,"LP","I"
127,1,441,"LP","I"
81,2,441,"LP","I"
278,1,441,"LP","I"
232,3,441,"LP","I"
445,11,441,"LP","I"
308,1,441,"LP","I"
422,3,441,"LP","I"
303,4,441,"LP","I"
367,2,441,"LP","I"
113,1,441,"LP","I"
501,24,441,"LP","I"
301,1,441,"LP","I"
357,1,441,"LP","I"
317,2,441,"LP","I"
437,1,441,"LP","I"
322,1,441,"LP","I"
19,11,441,"LP","I"
11,32,442,"LP","I"
458,1,442,"LP","I"
496,32,442,"LP","I"
270,1,442,"LP","I"
56,7,442,"LP","I"
389,2,442,"LP","I"
314,1,442,"LP","I"
64,15,442,"LP","I"
457,2,442,"LP","I"
19,11,442,"LP","I"
222,1,442,"LP","I"
508,19,442,"LP","I"
361,4,442,"LP","I"
132,1,442,"LP","I"
447,3,442,"LP","I"
66,1,442,"LP","I"
223,1,442,"LP","I"
259,5,442,"LP","I"
301,1,442,"LP","I"
417,1,442,"LP","I"
232,3,443,"LP","I"
363,1,443,"LP","I"
422,3,443,"LP","I"
540,3,443,"LP","I"
44,23,443,"LP","I"
28,33,443,"LP","I"
419,1,443,"LP","I"
471,2,443,"LP","I"
144,1,443,"LP","I"
224,1,443,"LP","I"
54,8,443,"LP","I"
19,11,443,"LP","I"
483,3,443,"LP","I"
354,2,443,"LP","I"
13,3,443,"LP","I"
166,1,443,"LP","I"
56,7,443,"LP","I"
198,1,443,"LP","I"
143,1,443,"LP","I"
59,5,443,"LP","I"
255,2,444,"LP","I"
421,4,444,"LP","I"
236,1,444,"LP","I"
183,1,444,"LP","I"
284,1,444,"LP","I"
425,4,444,"LP","I"
231,1,444,"LP","I"
171,1,444,"LP","I"
33,13,444,"LP","I"
314,1,444,"LP","I"
351,2,444,"LP","I"
41,2,444,"LP","I"
170,1,444,"LP","I"
19,11,444,"LP","I"
81,2,444,"LP","I"
445,11,444,"LP","I"
422,3,444,"LP","I"
357,1,444,"LP","I"
467,4,444,"LP","I"
317,2,444,"LP","I"
349,1,445,"LP","I"
278,1,445,"LP","I"
306,1,445,"LP","I"
24,5,445,"LP","I"
141,1,445,"LP","I"
313,1,445,"LP","I"
64,15,445,"LP","I"
51,3,445,"LP","I"
369,1,445,"LP","I"
517,3,445,"LP","I"
181,1,445,"LP","I"
20,8,445,"LP","I"
186,1,445,"LP","I"
198,1,445,"LP","I"
13,3,445,"LP","I"
276,2,445,"LP","I"
322,1,445,"LP","I"
270,1,445,"LP","I"
36,5,445,"LP","I"
23,8,445,"LP","I"
252,1,446,"LP","I"
378,1,446,"LP","I"
36,5,446,"LP","I"
28,33,446,"LP","I"
306,1,446,"LP","I"
179,7,446,"LP","I"
223,1,446,"LP","I"
44,23,446,"LP","I"
39,1,446,"LP","I"
126,3,446,"LP","I"
469,4,446,"LP","I"
128,1,446,"LP","I"
143,1,446,"LP","I"
264,1,446,"LP","I"
438,7,446,"LP","I"
376,3,446,"LP","I"
287,1,446,"LP","I"
244,2,446,"LP","I"
441,1,446,"LP","I"
368,1,446,"LP","I"
499,35,447,"LP","I"
469,4,447,"LP","I"
503,25,447,"LP","I"
61,39,447,"LP","I"
439,1,447,"LP","I"
80,6,447,"LP","I"
81,2,447,"LP","I"
7,10,447,"LP","I"
28,33,447,"LP","I"
522,2,447,"LP","I"
519,2,447,"LP","I"
497,36,447,"LP","I"
455,3,447,"LP","I"
124,1,447,"LP","I"
270,1,447,"LP","I"
23,8,447,"LP","I"
422,3,447,"LP","I"
441,1,447,"LP","I"
51,3,447,"LP","I"
255,2,447,"LP","I"
317,2,448,"LP","I"
430,1,448,"LP","I"
197,1,448,"LP","I"
270,1,448,"LP","I"
341,2,448,"LP","I"
196,2,448,"LP","I"
190,2,448,"LP","I"
482,3,448,"LP","I"
170,1,448,"LP","I"
496,32,448,"LP","I"
173,1,448,"LP","I"
524,1,448,"LP","I"
67,11,448,"LP","I"
44,23,448,"LP","I"
124,1,448,"LP","I"
13,3,448,"LP","I"
495,14,448,"LP","I"
26,62,448,"LP","I"
278,1,448,"LP","I"
367,2,448,"LP","I"
354,2,449,"LP","I"
445,11,449,"LP","I"
51,3,449,"LP","I"
513,2,449,"LP","I"
314,1,449,"LP","I"
45,8,449,"LP","I"
326,1,449,"LP","I"
252,1,449,"LP","I"
62,8,449,"LP","I"
64,15,449,"LP","I"
179,7,449,"LP","I"
236,1,449,"LP","I"
279,1,449,"LP","I"
142,1,449,"LP","I"
143,1,449,"LP","I"
250,1,449,"LP","I"
396,1,449,"LP","I"
495,14,449,"LP","I"
44,23,449,"LP","I"
170,1,449,"LP","I"
435,3,450,"LP","I"
255,2,450,"LP","I"
514,3,450,"LP","I"
270,1,450,"LP","I"
496,32,450,"LP","I"
314,1,450,"LP","I"
457,2,450,"LP","I"
515,2,450,"LP","I"
158,1,450,"LP","I"
525,4,450,"LP","I"
458,1,450,"LP","I"
164,4,450,"LP","I"
78,12,450,"LP","I"
101,2,450,"LP","I"
7,10,450,"LP","I"
486,3,450,"LP","I"
232,3,450,"LP","I"
13,3,450,"LP","I"
464,1,450,"LP","I"
354,2,450,"LP","I"
441,1,451,"LP","I"
341,2,451,"LP","I"
28,33,451,"LP","I"
48,6,451,"LP","I"
14,37,451,"LP","I"
56,7,451,"LP","I"
7,10,451,"LP","I"
500,29,451,"LP","I"
67,11,451,"LP","I"
421,4,451,"LP","I"
144,1,451,"LP","I"
320,1,451,"LP","I"
112,2,451,"LP","I"
525,4,451,"LP","I"
113,1,451,"LP","I"
422,3,451,"LP","I"
351,2,451,"LP","I"
464,1,451,"LP","I"
501,24,451,"LP","I"
124,1,451,"LP","I"
236,1,452,"LP","I"
77,20,452,"LP","I"
394,1,452,"LP","I"
237,1,452,"LP","I"
66,1,452,"LP","I"
164,4,452,"LP","I"
483,3,452,"LP","I"
224,1,452,"LP","I"
326,1,452,"LP","I"
502,22,452,"LP","I"
202,1,452,"LP","I"
438,7,452,"LP","I"
131,1,452,"LP","I"
363,1,452,"LP","I"
303,4,452,"LP","I"
349,1,452,"LP","I"
183,1,452,"LP","I"
463,1,452,"LP","I"
128,1,452,"LP","I"
81,2,452,"LP","I"
351,2,453,"LP","I"
498,32,453,"LP","I"
513,2,453,"LP","I"
441,1,453,"LP","I"
24,5,453,"LP","I"
305,1,453,"LP","I"
183,1,453,"LP","I"
317,2,453,"LP","I"
224,1,453,"LP","I"
91,9,453,"LP","I"
516,3,453,"LP","I"
282,1,453,"LP","I"
501,24,453,"LP","I"
67,11,453,"LP","I"
112,2,453,"LP","I"
76,7,453,"LP","I"
514,3,453,"LP","I"
38,6,453,"LP","I"
252,1,453,"LP","I"
435,3,453,"LP","I"
41,2,454,"LP","I"
349,1,454,"LP","I"
77,20,454,"LP","I"
209,1,454,"LP","I"
540,3,454,"LP","I"
421,4,454,"LP","I"
166,1,454,"LP","I"
441,1,454,"LP","I"
57,12,454,"LP","I"
500,29,454,"LP","I"
282,1,454,"LP","I"
394,1,454,"LP","I"
503,25,454,"LP","I"
524,1,454,"LP","I"
318,2,454,"LP","I"
132,1,454,"LP","I"
48,6,454,"LP","I"
517,3,454,"LP","I"
314,1,454,"LP","I"
464,1,454,"LP","I"
69,1,455,"LP","I"
301,1,455,"LP","I"
425,4,455,"LP","I"
62,8,455,"LP","I"
438,7,455,"LP","I"
367,2,455,"LP","I"
318,2,455,"LP","I"
483,3,455,"LP","I"
113,1,455,"LP","I"
278,1,455,"LP","I"
362,1,455,"LP","I"
430,1,455,"LP","I"
38,6,455,"LP","I"
322,1,455,"LP","I"
80,6,455,"LP","I"
60,5,455,"LP","I"
166,1,455,"LP","I"
317,2,455,"LP","I"
173,1,455,"LP","I"
142,1,455,"LP","I"
534,4,456,"LP","I"
126,3,456,"LP","I"
497,36,456,"LP","I"
362,1,456,"LP","I"
171,1,456,"LP","I"
62,8,456,"LP","I"
496,32,456,"LP","I"
112,2,456,"LP","I"
322,1,456,"LP","I"
30,3,456,"LP","I"
144,1,456,"LP","I"
517,3,456,"LP","I"
16,8,456,"LP","I"
138,3,456,"LP","I"
72,9,456,"LP","I"
390,1,456,"LP","I"
484,2,456,"LP","I"
61,39,456,"LP","I"
367,2,456,"LP","I"
36,5,456,"LP","I"
66,1,457,"LP","I"
76,7,457,"LP","I"
44,23,457,"LP","I"
482,3,457,"LP","I"
80,6,457,"LP","I"
244,2,457,"LP","I"
327,1,457,"LP","I"
390,1,457,"LP","I"
64,15,457,"LP","I"
173,1,457,"LP","I"
348,2,457,"LP","I"
394,1,457,"LP","I"
389,2,457,"LP","I"
264,1,457,"LP","I"
77,20,457,"LP","I"
505,16,457,"LP","I"
224,1,457,"LP","I"
41,2,457,"LP","I"
417,1,457,"LP","I"
144,1,457,"LP","I"
471,2,458,"LP","I"
61,39,458,"LP","I"
287,1,458,"LP","I"
5,7,458,"LP","I"
343,7,458,"LP","I"
112,2,458,"LP","I"
228,1,458,"LP","I"
173,1,458,"LP","I"
39,1,458,"LP","I"
369,1,458,"LP","I"
8,6,458,"LP","I"
143,1,458,"LP","I"
190,2,458,"LP","I"
81,2,458,"LP","I"
231,1,458,"LP","I"
390,1,458,"LP","I"
484,2,458,"LP","I"
171,1,458,"LP","I"
170,1,458,"LP","I"
128,1,458,"LP","I"
394,1,459,"LP","I"
224,1,459,"LP","I"
305,1,459,"LP","I"
141,1,459,"LP","I"
51,3,459,"LP","I"
23,8,459,"LP","I"
425,4,459,"LP","I"
54,8,459,"LP","I"
343,7,459,"LP","I"
499,35,459,"LP","I"
285,1,459,"LP","I"
482,3,459,"LP","I"
247,1,459,"LP","I"
173,1,459,"LP","I"
252,1,459,"LP","I"
166,1,459,"LP","I"
11,32,459,"LP","I"
143,1,459,"LP","I"
322,1,459,"LP","I"
381,2,459,"LP","I"
7,10,460,"LP","I"
422,3,460,"LP","I"
64,15,460,"LP","I"
517,3,460,"LP","I"
465,1,460,"LP","I"
417,1,460,"LP","I"
237,1,460,"LP","I"
286,1,460,"LP","I"
54,8,460,"LP","I"
131,1,460,"LP","I"
368,1,460,"LP","I"
59,5,460,"LP","I"
128,1,460,"LP","I"
341,2,460,"LP","I"
41,2,460,"LP","I"
313,1,460,"LP","I"
376,3,460,"LP","I"
36,5,460,"LP","I"
291,1,460,"LP","I"
504,39,460,"LP","I"
357,1,461,"LP","I"
236,1,461,"LP","I"
91,9,461,"LP","I"
24,5,461,"LP","I"
305,1,461,"LP","I"
378,1,461,"LP","I"
41,2,461,"LP","I"
279,1,461,"LP","I"
381,2,461,"LP","I"
54,8,461,"LP","I"
124,1,461,"LP","I"
64,15,461,"LP","I"
228,1,461,"LP","I"
30,3,461,"LP","I"
32,11,461,"LP","I"
39,1,461,"LP","I"
504,39,461,"LP","I"
72,9,461,"LP","I"
223,1,461,"LP","I"
231,1,461,"LP","I"
11,32,462,"LP","I"
426,2,462,"LP","I"
8,6,462,"LP","I"
378,1,462,"LP","I"
54,8,462,"LP","I"
26,62,462,"LP","I"
81,2,462,"LP","I"
463,1,462,"LP","I"
213,1,462,"LP","I"
502,22,462,"LP","I"
368,1,462,"LP","I"
505,16,462,"LP","I"
131,1,462,"LP","I"
430,1,462,"LP","I"
28,33,462,"LP","I"
513,2,462,"LP","I"
76,7,462,"LP","I"
499,35,462,"LP","I"
285,1,462,"LP","I"
469,4,462,"LP","I"
367,2,463,"LP","I"
202,1,463,"LP","I"
279,1,463,"LP","I"
495,14,463,"LP","I"
291,1,463,"LP","I"
457,2,463,"LP","I"
425,4,463,"LP","I"
467,4,463,"LP","I"
190,2,463,"LP","I"
259,5,463,"LP","I"
282,1,463,"LP","I"
440,1,463,"LP","I"
232,3,463,"LP","I"
439,1,463,"LP","I"
377,2,463,"LP","I"
69,1,463,"LP","I"
171,1,463,"LP","I"
361,4,463,"LP","I"
504,39,463,"LP","I"
397,1,463,"LP","I"
467,4,464,"LP","I"
495,14,464,"LP","I"
28,33,464,"LP","I"
222,1,464,"LP","I"
348,2,464,"LP","I"
46,5,464,"LP","I"
181,1,464,"LP","I"
327,1,464,"LP","I"
4,11,464,"LP","I"
231,1,464,"LP","I"
337,2,464,"LP","I"
171,1,464,"LP","I"
72,9,464,"LP","I"
498,32,464,"LP","I"
131,1,464,"LP","I"
8,6,464,"LP","I"
372,1,464,"LP","I"
279,1,464,"LP","I"
508,19,464,"LP","I"
213,1,464,"LP","I"
4,11,465,"LP","I"
308,1,465,"LP","I"
209,1,465,"LP","I"
504,39,465,"LP","I"
343,7,465,"LP","I"
369,1,465,"LP","I"
224,1,465,"LP","I"
439,1,465,"LP","I"
282,1,465,"LP","I"
39,1,465,"LP","I"
123,3,465,"LP","I"
435,3,465,"LP","I"
91,9,465,"LP","I"
14,37,465,"LP","I"
126,3,465,"LP","I"
357,1,465,"LP","I"
57,12,465,"LP","I"
363,1,465,"LP","I"
171,1,465,"LP","I"
314,1,465,"LP","I"
337,2,466,"LP","I"
313,1,466,"LP","I"
278,1,466,"LP","I"
441,1,466,"LP","I"
447,3,466,"LP","I"
519,2,466,"LP","I"
469,4,466,"LP","I"
304,1,466,"LP","I"
515,2,466,"LP","I"
327,1,466,"LP","I"
14,37,466,"LP","I"
439,1,466,"LP","I"
112,2,466,"LP","I"
320,1,466,"LP","I"
524,1,466,"LP","I"
64,15,466,"LP","I"
141,1,466,"LP","I"
357,1,466,"LP","I"
318,2,466,"LP","I"
138,3,466,"LP","I"
270,1,467,"LP","I"
5,7,467,"LP","I"
505,16,467,"LP","I"
8,6,467,"LP","I"
348,2,467,"LP","I"
368,1,467,"LP","I"
486,3,467,"LP","I"
131,1,467,"LP","I"
202,1,467,"LP","I"
38,6,467,"LP","I"
112,2,467,"LP","I"
445,11,467,"LP","I"
190,2,467,"LP","I"
378,1,467,"LP","I"
426,2,467,"LP","I"
279,1,467,"LP","I"
11,32,467,"LP","I"
101,2,467,"LP","I"
433,2,467,"LP","I"
78,12,467,"LP","I"
455,3,468,"LP","I"
534,4,468,"LP","I"
179,7,468,"LP","I"
365,2,468,"LP","I"
32,11,468,"LP","I"
228,1,468,"LP","I"
72,9,468,"LP","I"
197,1,468,"LP","I"
86,4,468,"LP","I"
426,2,468,"LP","I"
60,5,468,"LP","I"
138,3,468,"LP","I"
318,2,468,"LP","I"
127,1,468,"LP","I"
445,11,468,"LP","I"
202,1,468,"LP","I"
26,62,468,"LP","I"
39,1,468,"LP","I"
349,1,468,"LP","I"
57,12,468,"LP","I"
8,6,469,"LP","I"
326,1,469,"LP","I"
284,1,469,"LP","I"
209,1,469,"LP","I"
78,12,469,"LP","I"
244,2,469,"LP","I"
213,1,469,"LP","I"
57,12,469,"LP","I"
470,4,469,"LP","I"
23,8,469,"LP","I"
401,1,469,"LP","I"
425,4,469,"LP","I"
430,1,469,"LP","I"
381,2,469,"LP","I"
131,1,469,"LP","I"
38,6,469,"LP","I"
372,1,469,"LP","I"
469,4,469,"LP","I"
105,1,469,"LP","I"
378,1,469,"LP","I"
232,3,470,"LP","I"
367,2,470,"LP","I"
377,2,470,"LP","I"
501,24,470,"LP","I"
516,3,470,"LP","I"
380,2,470,"LP","I"
438,7,470,"LP","I"
193,1,470,"LP","I"
291,1,470,"LP","I"
540,3,470,"LP","I"
440,1,470,"LP","I"
143,1,470,"LP","I"
313,1,470,"LP","I"
28,33,470,"LP","I"
508,19,470,"LP","I"
463,1,470,"LP","I"
36,5,470,"LP","I"
361,4,470,"LP","I"
282,1,470,"LP","I"
54,8,470,"LP","I"
369,1,471,"LP","I"
77,20,471,"LP","I"
308,1,471,"LP","I"
12,11,471,"LP","I"
166,1,471,"LP","I"
372,1,471,"LP","I"
522,2,471,"LP","I"
439,1,471,"LP","I"
252,1,471,"LP","I"
302,2,471,"LP","I"
105,1,471,"LP","I"
306,1,471,"LP","I"
465,1,471,"LP","I"
524,1,471,"LP","I"
470,4,471,"LP","I"
82,1,471,"LP","I"
66,1,471,"LP","I"
348,2,471,"LP","I"
326,1,471,"LP","I"
67,11,471,"LP","I"
196,2,472,"LP","I"
126,3,472,"LP","I"
278,1,472,"LP","I"
237,1,472,"LP","I"
381,2,472,"LP","I"
410,2,472,"LP","I"
82,1,472,"LP","I"
132,1,472,"LP","I"
447,3,472,"LP","I"
270,1,472,"LP","I"
306,1,472,"LP","I"
249,2,472,"LP","I"
318,2,472,"LP","I"
105,1,472,"LP","I"
513,2,472,"LP","I"
17,6,472,"LP","I"
223,1,472,"LP","I"
26,62,472,"LP","I"
362,1,472,"LP","I"
390,1,472,"LP","I"
183,1,473,"LP","I"
482,3,473,"LP","I"
433,2,473,"LP","I"
72,9,473,"LP","I"
91,9,473,"LP","I"
129,1,473,"LP","I"
447,3,473,"LP","I"
23,8,473,"LP","I"
190,2,473,"LP","I"
123,3,473,"LP","I"
498,32,473,"LP","I"
67,11,473,"LP","I"
236,1,473,"LP","I"
351,2,473,"LP","I"
445,11,473,"LP","I"
5,7,473,"LP","I"
48,6,473,"LP","I"
365,2,473,"LP","I"
361,4,473,"LP","I"
124,1,473,"LP","I"
166,1,474,"LP","I"
291,1,474,"LP","I"
503,25,474,"LP","I"
202,1,474,"LP","I"
463,1,474,"LP","I"
504,39,474,"LP","I"
522,2,474,"LP","I"
410,2,474,"LP","I"
4,11,474,"LP","I"
482,3,474,"LP","I"
365,2,474,"LP","I"
67,11,474,"LP","I"
303,4,474,"LP","I"
500,29,474,"LP","I"
501,24,474,"LP","I"
5,7,474,"LP","I"
80,6,474,"LP","I"
56,7,474,"LP","I"
30,3,474,"LP","I"
264,1,474,"LP","I"
128,1,475,"LP","I"
286,1,475,"LP","I"
519,2,475,"LP","I"
534,4,475,"LP","I"
33,13,475,"LP","I"
17,6,475,"LP","I"
250,1,475,"LP","I"
501,24,475,"LP","I"
365,2,475,"LP","I"
341,2,475,"LP","I"
381,2,475,"LP","I"
173,1,475,"LP","I"
504,39,475,"LP","I"
463,1,475,"LP","I"
343,7,475,"LP","I"
72,9,475,"LP","I"
237,1,475,"LP","I"
36,5,475,"LP","I"
358,15,475,"LP","I"
91,9,475,"LP","I"
439,1,476,"LP","I"
231,1,476,"LP","I"
465,1,476,"LP","I"
171,1,476,"LP","I"
482,3,476,"LP","I"
421,4,476,"LP","I"
5,7,476,"LP","I"
447,3,476,"LP","I"
80,6,476,"LP","I"
368,1,476,"LP","I"
51,3,476,"LP","I"
327,1,476,"LP","I"
377,2,476,"LP","I"
91,9,476,"LP","I"
278,1,476,"LP","I"
522,2,476,"LP","I"
503,25,476,"LP","I"
426,2,476,"LP","I"
209,1,476,"LP","I"
348,2,476,"LP","I"
28,33,477,"LP","I"
469,4,477,"LP","I"
144,1,477,"LP","I"
77,20,477,"LP","I"
224,1,477,"LP","I"
524,1,477,"LP","I"
389,2,477,"LP","I"
266,1,477,"LP","I"
421,4,477,"LP","I"
249,2,477,"LP","I"
438,7,477,"LP","I"
308,1,477,"LP","I"
32,11,477,"LP","I"
196,2,477,"LP","I"
179,7,477,"LP","I"
433,2,477,"LP","I"
129,1,477,"LP","I"
198,1,477,"LP","I"
38,6,477,"LP","I"
447,3,477,"LP","I"
367,2,478,"LP","I"
264,1,478,"LP","I"
417,1,478,"LP","I"
209,1,478,"LP","I"
224,1,478,"LP","I"
228,1,478,"LP","I"
508,19,478,"LP","I"
196,2,478,"LP","I"
276,2,478,"LP","I"
499,35,478,"LP","I"
320,1,478,"LP","I"
421,4,478,"LP","I"
82,1,478,"LP","I"
13,3,478,"LP","I"
67,11,478,"LP","I"
14,37,478,"LP","I"
376,3,478,"LP","I"
32,11,478,"LP","I"
19,11,478,"LP","I"
396,1,478,"LP","I"
66,1,479,"LP","I"
197,1,479,"LP","I"
390,1,479,"LP","I"
389,2,479,"LP","I"
19,11,479,"LP","I"
142,1,479,"LP","I"
369,1,479,"LP","I"
344,1,479,"LP","I"
140,1,479,"LP","I"
484,2,479,"LP","I"
255,2,479,"LP","I"
285,1,479,"LP","I"
305,1,479,"LP","I"
496,32,479,"LP","I"
186,1,479,"LP","I"
46,5,479,"LP","I"
231,1,479,"LP","I"
397,1,479,"LP","I"
425,4,479,"LP","I"
457,2,479,"LP","I"
143,1,480,"LP","I"
455,3,480,"LP","I"
13,3,480,"LP","I"
276,2,480,"LP","I"
317,2,480,"LP","I"
20,8,480,"LP","I"
362,1,480,"LP","I"
28,33,480,"LP","I"
457,2,480,"LP","I"
540,3,480,"LP","I"
515,2,480,"LP","I"
105,1,480,"LP","I"
248,1,480,"LP","I"
523,4,480,"LP","I"
378,1,480,"LP","I"
91,9,480,"LP","I"
326,1,480,"LP","I"
504,39,480,"LP","I"
389,2,480,"LP","I"
47,11,480,"LP","I"
337,2,481,"LP","I"
5,7,481,"LP","I"
396,1,481,"LP","I"
16,8,481,"LP","I"
299,1,481,"LP","I"
285,1,481,"LP","I"
318,2,481,"LP","I"
198,1,481,"LP","I"
496,32,481,"LP","I"
197,1,481,"LP","I"
143,1,481,"LP","I"
517,3,481,"LP","I"
36,5,481,"LP","I"
264,1,481,"LP","I"
486,3,481,"LP","I"
138,3,481,"LP","I"
484,2,481,"LP","I"
64,15,481,"LP","I"
45,8,481,"LP","I"
365,2,481,"LP","I"
38,6,482,"LP","I"
270,1,482,"LP","I"
291,1,482,"LP","I"
497,36,482,"LP","I"
224,1,482,"LP","I"
128,1,482,"LP","I"
56,7,482,"LP","I"
249,2,482,"LP","I"
467,4,482,"LP","I"
250,1,482,"LP","I"
286,1,482,"LP","I"
86,4,482,"LP","I"
358,15,482,"LP","I"
495,14,482,"LP","I"
318,2,482,"LP","I"
534,4,482,"LP","I"
57,12,482,"LP","I"
322,1,482,"LP","I"
41,2,482,"LP","I"
193,1,482,"LP","I"
482,3,483,"LP","I"
14,37,483,"LP","I"
51,3,483,"LP","I"
78,12,483,"LP","I"
349,1,483,"LP","I"
363,1,483,"LP","I"
419,1,483,"LP","I"
23,8,483,"LP","I"
367,2,483,"LP","I"
128,1,483,"LP","I"
278,1,483,"LP","I"
13,3,483,"LP","I"
484,2,483,"LP","I"
369,1,483,"LP","I"
470,4,483,"LP","I"
327,1,483,"LP","I"
377,2,483,"LP","I"
203,1,483,"LP","I"
222,1,483,"LP","I"
36,5,483,"LP","I"
171,1,484,"LP","I"
505,16,484,"LP","I"
435,3,484,"LP","I"
390,1,484,"LP","I"
47,11,484,"LP","I"
82,1,484,"LP","I"
470,4,484,"LP","I"
78,12,484,"LP","I"
166,1,484,"LP","I"
237,1,484,"LP","I"
326,1,484,"LP","I"
141,1,484,"LP","I"
308,1,484,"LP","I"
8,6,484,"LP","I"
46,5,484,"LP","I"
374,2,484,"LP","I"
302,2,484,"LP","I"
369,1,484,"LP","I"
397,1,484,"LP","I"
367,2,484,"LP","I"
367,2,485,"LP","I"
447,3,485,"LP","I"
64,15,485,"LP","I"
66,1,485,"LP","I"
14,37,485,"LP","I"
11,32,485,"LP","I"
419,1,485,"LP","I"
193,1,485,"LP","I"
198,1,485,"LP","I"
249,2,485,"LP","I"
317,2,485,"LP","I"
301,1,485,"LP","I"
318,2,485,"LP","I"
497,36,485,"LP","I"
237,1,485,"LP","I"
308,1,485,"LP","I"
81,2,485,"LP","I"
209,1,485,"LP","I"
33,13,485,"LP","I"
105,1,485,"LP","I"
61,39,486,"LP","I"
322,1,486,"LP","I"
341,2,486,"LP","I"
285,1,486,"LP","I"
166,1,486,"LP","I"
500,29,486,"LP","I"
59,5,486,"LP","I"
464,1,486,"LP","I"
455,3,486,"LP","I"
20,8,486,"LP","I"
425,4,486,"LP","I"
284,1,486,"LP","I"
138,3,486,"LP","I"
484,2,486,"LP","I"
173,1,486,"LP","I"
470,4,486,"LP","I"
523,4,486,"LP","I"
129,1,486,"LP","I"
522,2,486,"LP","I"
158,1,486,"LP","I"
381,2,487,"LP","I"
126,3,487,"LP","I"
503,25,487,"LP","I"
264,1,487,"LP","I"
76,7,487,"LP","I"
389,2,487,"LP","I"
471,2,487,"LP","I"
417,1,487,"LP","I"
158,1,487,"LP","I"
495,14,487,"LP","I"
209,1,487,"LP","I"
276,2,487,"LP","I"
516,3,487,"LP","I"
41,2,487,"LP","I"
433,2,487,"LP","I"
368,1,487,"LP","I"
32,11,487,"LP","I"
5,7,487,"LP","I"
45,8,487,"LP","I"
12,11,487,"LP","I"
286,1,488,"LP","I"
4,11,488,"LP","I"
435,3,488,"LP","I"
56,7,488,"LP","I"
305,1,488,"LP","I"
279,1,488,"LP","I"
5,7,488,"LP","I"
222,1,488,"LP","I"
236,1,488,"LP","I"
308,1,488,"LP","I"
361,4,488,"LP","I"
471,2,488,"LP","I"
378,1,488,"LP","I"
503,25,488,"LP","I"
314,1,488,"LP","I"
76,7,488,"LP","I"
80,6,488,"LP","I"
380,2,488,"LP","I"
482,3,488,"LP","I"
374,2,488,"LP","I"
389,2,489,"LP","I"
20,8,489,"LP","I"
249,2,489,"LP","I"
465,1,489,"LP","I"
467,4,489,"LP","I"
516,3,489,"LP","I"
513,2,489,"LP","I"
128,1,489,"LP","I"
113,1,489,"LP","I"
362,1,489,"LP","I"
437,1,489,"LP","I"
322,1,489,"LP","I"
486,3,489,"LP","I"
291,1,489,"LP","I"
361,4,489,"LP","I"
196,2,489,"LP","I"
183,1,489,"LP","I"
24,5,489,"LP","I"
67,11,489,"LP","I"
337,2,489,"LP","I"
91,9,490,"LP","I"
77,20,490,"LP","I"
327,1,490,"LP","I"
445,11,490,"LP","I"
390,1,490,"LP","I"
236,1,490,"LP","I"
484,2,490,"LP","I"
299,1,490,"LP","I"
244,2,490,"LP","I"
193,1,490,"LP","I"
250,1,490,"LP","I"
496,32,490,"LP","I"
372,1,490,"LP","I"
45,8,490,"LP","I"
8,6,490,"LP","I"
78,12,490,"LP","I"
435,3,490,"LP","I"
61,39,490,"LP","I"
276,2,490,"LP","I"
495,14,490,"LP","I"
525,4,491,"LP","I"
11,32,491,"LP","I"
519,2,491,"LP","I"
440,1,491,"LP","I"
47,11,491,"LP","I"
186,1,491,"LP","I"
327,1,491,"LP","I"
48,6,491,"LP","I"
266,1,491,"LP","I"
516,3,491,"LP","I"
482,3,491,"LP","I"
457,2,491,"LP","I"
77,20,491,"LP","I"
202,1,491,"LP","I"
302,2,491,"LP","I"
51,3,491,"LP","I"
438,7,491,"LP","I"
417,1,491,"LP","I"
67,11,491,"LP","I"
540,3,491,"LP","I"
320,1,492,"LP","I"
425,4,492,"LP","I"
439,1,492,"LP","I"
381,2,492,"LP","I"
33,13,492,"LP","I"
24,5,492,"LP","I"
514,3,492,"LP","I"
41,2,492,"LP","I"
237,1,492,"LP","I"
86,4,492,"LP","I"
124,1,492,"LP","I"
12,11,492,"LP","I"
357,1,492,"LP","I"
60,5,492,"LP","I"
458,1,492,"LP","I"
317,2,492,"LP","I"
326,1,492,"LP","I"
16,8,492,"LP","I"
365,2,492,"LP","I"
484,2,492,"LP","I"
101,2,493,"LP","I"
465,1,493,"LP","I"
248,1,493,"LP","I"
419,1,493,"LP","I"
380,2,493,"LP","I"
46,5,493,"LP","I"
51,3,493,"LP","I"
458,1,493,"LP","I"
498,32,493,"LP","I"
276,2,493,"LP","I"
222,1,493,"LP","I"
81,2,493,"LP","I"
30,3,493,"LP","I"
38,6,493,"LP","I"
422,3,493,"LP","I"
425,4,493,"LP","I"
62,8,493,"LP","I"
284,1,493,"LP","I"
516,3,493,"LP","I"
523,4,493,"LP","I"
41,2,494,"LP","I"
45,8,494,"LP","I"
67,11,494,"LP","I"
438,7,494,"LP","I"
129,1,494,"LP","I"
196,2,494,"LP","I"
417,1,494,"LP","I"
440,1,494,"LP","I"
36,5,494,"LP","I"
313,1,494,"LP","I"
279,1,494,"LP","I"
236,1,494,"LP","I"
82,1,494,"LP","I"
513,2,494,"LP","I"
170,1,494,"LP","I"
368,1,494,"LP","I"
223,1,494,"LP","I"
127,1,494,"LP","I"
266,1,494,"LP","I"
344,1,494,"LP","I"
291,1,495,"LP","I"
417,1,495,"LP","I"
470,4,495,"LP","I"
203,1,495,"LP","I"
369,1,495,"LP","I"
24,5,495,"LP","I"
252,1,495,"LP","I"
181,1,495,"LP","I"
7,10,495,"LP","I"
232,3,495,"LP","I"
127,1,495,"LP","I"
499,35,495,"LP","I"
56,7,495,"LP","I"
57,12,495,"LP","I"
362,1,495,"LP","I"
524,1,495,"LP","I"
128,1,495,"LP","I"
457,2,495,"LP","I"
276,2,495,"LP","I"
305,1,495,"LP","I"
445,11,496,"LP","I"
439,1,496,"LP","I"
457,2,496,"LP","I"
374,2,496,"LP","I"
505,16,496,"LP","I"
348,2,496,"LP","I"
376,3,496,"LP","I"
44,23,496,"LP","I"
471,2,496,"LP","I"
33,13,496,"LP","I"
465,1,496,"LP","I"
327,1,496,"LP","I"
249,2,496,"LP","I"
80,6,496,"LP","I"
244,2,496,"LP","I"
259,5,496,"LP","I"
222,1,496,"LP","I"
183,1,496,"LP","I"
482,3,496,"LP","I"
224,1,496,"LP","I"
358,15,497,"LP","I"
368,1,497,"LP","I"
523,4,497,"LP","I"
362,1,497,"LP","I"
302,2,497,"LP","I"
250,1,497,"LP","I"
455,3,497,"LP","I"
426,2,497,"LP","I"
5,7,497,"LP","I"
540,3,497,"LP","I"
224,1,497,"LP","I"
363,1,497,"LP","I"
183,1,497,"LP","I"
500,29,497,"LP","I"
248,1,497,"LP","I"
435,3,497,"LP","I"
252,1,497,"LP","I"
213,1,497,"LP","I"
123,3,497,"LP","I"
465,1,497,"LP","I"
441,1,498,"LP","I"
41,2,498,"LP","I"
516,3,498,"LP","I"
378,1,498,"LP","I"
30,3,498,"LP","I"
142,1,498,"LP","I"
410,2,498,"LP","I"
158,1,498,"LP","I"
232,3,498,"LP","I"
76,7,498,"LP","I"
249,2,498,"LP","I"
508,19,498,"LP","I"
33,13,498,"LP","I"
54,8,498,"LP","I"
224,1,498,"LP","I"
337,2,498,"LP","I"
144,1,498,"LP","I"
327,1,498,"LP","I"
127,1,498,"LP","I"
458,1,498,"LP","I"
327,1,499,"LP","I"
196,2,499,"LP","I"
514,3,499,"LP","I"
166,1,499,"LP","I"
501,24,499,"LP","I"
401,1,499,"LP","I"
270,1,499,"LP","I"
158,1,499,"LP","I"
276,2,499,"LP","I"
173,1,499,"LP","I"
279,1,499,"LP","I"
419,1,499,"LP","I"
197,1,499,"LP","I"
354,2,499,"LP","I"
378,1,499,"LP","I"
437,1,499,"LP","I"
44,23,499,"LP","I"
124,1,499,"LP","I"
11,32,499,"LP","I"
435,3,499,"LP","I"
304,1,500,"LP","I"
471,2,500,"LP","I"
91,9,500,"LP","I"
435,3,500,"LP","I"
303,4,500,"LP","I"
306,1,500,"LP","I"
341,2,500,"LP","I"
279,1,500,"LP","I"
365,2,500,"LP","I"
264,1,500,"LP","I"
181,1,500,"LP","I"
54,8,500,"LP","I"
326,1,500,"LP","I"
270,1,500,"LP","I"
523,4,500,"LP","I"
505,16,500,"LP","I"
358,15,500,"LP","I"
141,1,500,"LP","I"
463,1,500,"LP","I"
20,8,500,"LP","I"
422,3,1,"NL","I"
232,3,1,"NL","I"
471,1,1,"NL","I"
368,1,1,"NL","I"
303,5,1,"NL","I"
380,2,1,"NL","I"
141,1,1,"NL","I"
247,1,1,"NL","I"
80,6,1,"NL","I"
57,12,1,"NL","I"
433,2,1,"NL","I"
360,3,1,"NL","I"
438,6,2,"NL","I"
463,1,2,"NL","I"
343,6,2,"NL","I"
86,5,2,"NL","I"
276,2,2,"NL","I"
193,1,2,"NL","I"
247,1,2,"NL","I"
44,18,2,"NL","I"
447,2,2,"NL","I"
410,2,2,"NL","I"
318,2,2,"NL","I"
326,1,2,"NL","I"
36,6,3,"NL","I"
435,1,3,"NL","I"
363,1,3,"NL","I"
421,4,3,"NL","I"
158,1,3,"NL","I"
249,2,3,"NL","I"
12,11,3,"NL","I"
368,1,3,"NL","I"
279,1,3,"NL","I"
81,2,3,"NL","I"
32,11,3,"NL","I"
458,1,3,"NL","I"
447,2,4,"NL","I"
415,1,4,"NL","I"
499,36,4,"NL","I"
44,18,4,"NL","I"
501,24,4,"NL","I"
463,1,4,"NL","I"
39,1,4,"NL","I"
378,2,4,"NL","I"
341,2,4,"NL","I"
303,5,4,"NL","I"
469,4,4,"NL","I"
228,1,4,"NL","I"
4,11,5,"NL","I"
438,6,5,"NL","I"
67,12,5,"NL","I"
302,1,5,"NL","I"
33,13,5,"NL","I"
150,1,5,"NL","I"
437,1,5,"NL","I"
259,5,5,"NL","I"
126,4,5,"NL","I"
415,1,5,"NL","I"
343,6,5,"NL","I"
516,3,5,"NL","I"
282,1,6,"NL","I"
202,1,6,"NL","I"
519,2,6,"NL","I"
144,1,6,"NL","I"
410,2,6,"NL","I"
437,1,6,"NL","I"
91,9,6,"NL","I"
16,8,6,"NL","I"
222,2,6,"NL","I"
66,1,6,"NL","I"
503,25,6,"NL","I"
183,1,6,"NL","I"
166,1,7,"NL","I"
183,1,7,"NL","I"
11,32,7,"NL","I"
455,2,7,"NL","I"
132,1,7,"NL","I"
425,3,7,"NL","I"
91,9,7,"NL","I"
249,2,7,"NL","I"
315,1,7,"NL","I"
45,8,7,"NL","I"
516,3,7,"NL","I"
244,2,7,"NL","I"
250,1,8,"NL","I"
264,1,8,"NL","I"
41,2,8,"NL","I"
435,1,8,"NL","I"
211,1,8,"NL","I"
186,1,8,"NL","I"
304,1,8,"NL","I"
326,1,8,"NL","I"
496,33,8,"NL","I"
128,1,8,"NL","I"
503,25,8,"NL","I"
483,3,8,"NL","I"
80,6,9,"NL","I"
24,5,9,"NL","I"
57,12,9,"NL","I"
211,1,9,"NL","I"
467,4,9,"NL","I"
47,11,9,"NL","I"
109,1,9,"NL","I"
259,5,9,"NL","I"
471,1,9,"NL","I"
44,18,9,"NL","I"
322,2,9,"NL","I"
514,3,9,"NL","I"
364,2,10,"NL","I"
16,8,10,"NL","I"
279,1,10,"NL","I"
357,1,10,"NL","I"
38,6,10,"NL","I"
381,3,10,"NL","I"
17,6,10,"NL","I"
368,1,10,"NL","I"
389,2,10,"NL","I"
390,1,10,"NL","I"
303,5,10,"NL","I"
394,1,10,"NL","I"
318,2,11,"NL","I"
150,1,11,"NL","I"
62,8,11,"NL","I"
301,1,11,"NL","I"
164,4,11,"NL","I"
181,1,11,"NL","I"
514,3,11,"NL","I"
81,2,11,"NL","I"
132,1,11,"NL","I"
32,11,11,"NL","I"
80,6,11,"NL","I"
282,1,11,"NL","I"
41,2,12,"NL","I"
458,1,12,"NL","I"
249,2,12,"NL","I"
64,14,12,"NL","I"
380,2,12,"NL","I"
211,1,12,"NL","I"
326,1,12,"NL","I"
282,1,12,"NL","I"
354,2,12,"NL","I"
322,2,12,"NL","I"
374,2,12,"NL","I"
19,10,12,"NL","I"
354,2,13,"NL","I"
326,1,13,"NL","I"
196,2,13,"NL","I"
141,1,13,"NL","I"
445,9,13,"NL","I"
26,52,13,"NL","I"
105,1,13,"NL","I"
355,1,13,"NL","I"
128,1,13,"NL","I"
47,11,13,"NL","I"
278,1,13,"NL","I"
20,8,13,"NL","I"
38,6,14,"NL","I"
86,5,14,"NL","I"
144,1,14,"NL","I"
62,8,14,"NL","I"
513,2,14,"NL","I"
441,1,14,"NL","I"
401,1,14,"NL","I"
471,1,14,"NL","I"
422,3,14,"NL","I"
64,14,14,"NL","I"
365,4,14,"NL","I"
56,7,14,"NL","I"
445,9,15,"NL","I"
467,4,15,"NL","I"
425,3,15,"NL","I"
419,1,15,"NL","I"
166,1,15,"NL","I"
181,1,15,"NL","I"
376,4,15,"NL","I"
465,1,15,"NL","I"
57,12,15,"NL","I"
265,1,15,"NL","I"
365,4,15,"NL","I"
349,1,15,"NL","I"
315,1,16,"NL","I"
38,6,16,"NL","I"
300,1,16,"NL","I"
179,7,16,"NL","I"
48,6,16,"NL","I"
426,1,16,"NL","I"
82,1,16,"NL","I"
11,32,16,"NL","I"
498,32,16,"NL","I"
60,5,16,"NL","I"
203,1,16,"NL","I"
67,12,16,"NL","I"
189,1,17,"NL","I"
503,25,17,"NL","I"
86,5,17,"NL","I"
46,6,17,"NL","I"
425,3,17,"NL","I"
358,15,17,"NL","I"
401,1,17,"NL","I"
348,2,17,"NL","I"
196,2,17,"NL","I"
364,2,17,"NL","I"
447,2,17,"NL","I"
422,3,17,"NL","I"
364,2,18,"NL","I"
286,1,18,"NL","I"
482,3,18,"NL","I"
465,1,18,"NL","I"
189,1,18,"NL","I"
46,6,18,"NL","I"
232,3,18,"NL","I"
126,4,18,"NL","I"
440,1,18,"NL","I"
355,1,18,"NL","I"
124,1,18,"NL","I"
503,25,18,"NL","I"
222,2,19,"NL","I"
482,3,19,"NL","I"
33,13,19,"NL","I"
76,7,19,"NL","I"
371,1,19,"NL","I"
132,1,19,"NL","I"
4,11,19,"NL","I"
524,1,19,"NL","I"
122,1,19,"NL","I"
123,3,19,"NL","I"
17,6,19,"NL","I"
421,4,19,"NL","I"
419,1,20,"NL","I"
16,8,20,"NL","I"
209,1,20,"NL","I"
124,1,20,"NL","I"
326,1,20,"NL","I"
39,1,20,"NL","I"
425,3,20,"NL","I"
203,1,20,"NL","I"
465,1,20,"NL","I"
173,1,20,"NL","I"
14,27,20,"NL","I"
519,2,20,"NL","I"
370,1,21,"NL","I"
517,3,21,"NL","I"
80,6,21,"NL","I"
498,32,21,"NL","I"
140,1,21,"NL","I"
76,7,21,"NL","I"
123,3,21,"NL","I"
126,4,21,"NL","I"
138,3,21,"NL","I"
23,8,21,"NL","I"
279,1,21,"NL","I"
61,46,21,"NL","I"
228,1,22,"NL","I"
8,6,22,"NL","I"
57,12,22,"NL","I"
4,11,22,"NL","I"
142,1,22,"NL","I"
499,36,22,"NL","I"
301,1,22,"NL","I"
503,25,22,"NL","I"
265,1,22,"NL","I"
11,32,22,"NL","I"
322,2,22,"NL","I"
482,3,22,"NL","I"
59,5,23,"NL","I"
467,4,23,"NL","I"
302,1,23,"NL","I"
425,3,23,"NL","I"
516,3,23,"NL","I"
232,3,23,"NL","I"
303,5,23,"NL","I"
435,1,23,"NL","I"
455,2,23,"NL","I"
349,1,23,"NL","I"
371,1,23,"NL","I"
249,2,23,"NL","I"
502,23,24,"NL","I"
181,1,24,"NL","I"
14,27,24,"NL","I"
170,1,24,"NL","I"
277,1,24,"NL","I"
48,6,24,"NL","I"
360,3,24,"NL","I"
173,1,24,"NL","I"
188,1,24,"NL","I"
381,3,24,"NL","I"
455,2,24,"NL","I"
278,1,24,"NL","I"
36,6,25,"NL","I"
131,1,25,"NL","I"
504,40,25,"NL","I"
337,8,25,"NL","I"
179,7,25,"NL","I"
105,1,25,"NL","I"
534,3,25,"NL","I"
56,7,25,"NL","I"
380,2,25,"NL","I"
501,24,25,"NL","I"
249,2,25,"NL","I"
173,1,25,"NL","I"
344,1,26,"NL","I"
132,1,26,"NL","I"
203,1,26,"NL","I"
304,1,26,"NL","I"
317,2,26,"NL","I"
249,2,26,"NL","I"
349,1,26,"NL","I"
498,32,26,"NL","I"
433,2,26,"NL","I"
112,2,26,"NL","I"
186,1,26,"NL","I"
12,11,26,"NL","I"
439,1,27,"NL","I"
86,5,27,"NL","I"
438,6,27,"NL","I"
203,1,27,"NL","I"
282,1,27,"NL","I"
30,3,27,"NL","I"
317,2,27,"NL","I"
51,3,27,"NL","I"
77,21,27,"NL","I"
23,8,27,"NL","I"
142,1,27,"NL","I"
337,8,27,"NL","I"
250,1,28,"NL","I"
86,5,28,"NL","I"
437,1,28,"NL","I"
516,3,28,"NL","I"
308,2,28,"NL","I"
401,1,28,"NL","I"
276,2,28,"NL","I"
433,2,28,"NL","I"
33,13,28,"NL","I"
419,1,28,"NL","I"
286,1,28,"NL","I"
13,3,28,"NL","I"
458,1,29,"NL","I"
259,5,29,"NL","I"
186,1,29,"NL","I"
11,32,29,"NL","I"
8,6,29,"NL","I"
525,4,29,"NL","I"
482,3,29,"NL","I"
109,1,29,"NL","I"
430,1,29,"NL","I"
57,12,29,"NL","I"
498,32,29,"NL","I"
360,3,29,"NL","I"
372,1,30,"NL","I"
278,1,30,"NL","I"
105,1,30,"NL","I"
140,1,30,"NL","I"
439,1,30,"NL","I"
519,2,30,"NL","I"
425,3,30,"NL","I"
250,1,30,"NL","I"
517,3,30,"NL","I"
164,4,30,"NL","I"
367,2,30,"NL","I"
14,27,30,"NL","I"
48,6,31,"NL","I"
286,1,31,"NL","I"
66,1,31,"NL","I"
122,1,31,"NL","I"
341,2,31,"NL","I"
32,11,31,"NL","I"
302,1,31,"NL","I"
438,6,31,"NL","I"
471,1,31,"NL","I"
304,1,31,"NL","I"
39,1,31,"NL","I"
232,3,31,"NL","I"
47,11,32,"NL","I"
397,1,32,"NL","I"
286,1,32,"NL","I"
372,1,32,"NL","I"
363,1,32,"NL","I"
308,2,32,"NL","I"
381,3,32,"NL","I"
365,4,32,"NL","I"
91,9,32,"NL","I"
86,5,32,"NL","I"
109,1,32,"NL","I"
486,3,32,"NL","I"
397,1,33,"NL","I"
12,11,33,"NL","I"
44,18,33,"NL","I"
14,27,33,"NL","I"
140,1,33,"NL","I"
278,1,33,"NL","I"
248,2,33,"NL","I"
142,1,33,"NL","I"
343,6,33,"NL","I"
458,1,33,"NL","I"
164,4,33,"NL","I"
39,1,33,"NL","I"
5,7,34,"NL","I"
198,1,34,"NL","I"
142,1,34,"NL","I"
64,14,34,"NL","I"
302,1,34,"NL","I"
60,5,34,"NL","I"
410,2,34,"NL","I"
183,1,34,"NL","I"
276,2,34,"NL","I"
80,6,34,"NL","I"
445,9,34,"NL","I"
497,36,34,"NL","I"
164,4,35,"NL","I"
469,4,35,"NL","I"
165,1,35,"NL","I"
265,1,35,"NL","I"
394,1,35,"NL","I"
371,1,35,"NL","I"
122,1,35,"NL","I"
190,1,35,"NL","I"
128,1,35,"NL","I"
349,1,35,"NL","I"
369,2,35,"NL","I"
354,2,35,"NL","I"
211,1,36,"NL","I"
232,3,36,"NL","I"
222,2,36,"NL","I"
237,1,36,"NL","I"
13,3,36,"NL","I"
278,1,36,"NL","I"
445,9,36,"NL","I"
264,1,36,"NL","I"
317,2,36,"NL","I"
189,1,36,"NL","I"
39,1,36,"NL","I"
112,2,36,"NL","I"
7,10,37,"NL","I"
105,1,37,"NL","I"
186,1,37,"NL","I"
326,1,37,"NL","I"
365,4,37,"NL","I"
302,1,37,"NL","I"
389,2,37,"NL","I"
128,1,37,"NL","I"
124,1,37,"NL","I"
19,10,37,"NL","I"
181,1,37,"NL","I"
516,3,37,"NL","I"
344,1,38,"NL","I"
417,1,38,"NL","I"
11,32,38,"NL","I"
128,1,38,"NL","I"
211,1,38,"NL","I"
278,1,38,"NL","I"
20,8,38,"NL","I"
503,25,38,"NL","I"
513,2,38,"NL","I"
67,12,38,"NL","I"
401,1,38,"NL","I"
397,1,38,"NL","I"
51,3,39,"NL","I"
517,3,39,"NL","I"
317,2,39,"NL","I"
277,1,39,"NL","I"
498,32,39,"NL","I"
374,2,39,"NL","I"
524,1,39,"NL","I"
30,3,39,"NL","I"
322,2,39,"NL","I"
86,5,39,"NL","I"
44,18,39,"NL","I"
123,3,39,"NL","I"
150,1,40,"NL","I"
144,1,40,"NL","I"
363,1,40,"NL","I"
410,2,40,"NL","I"
247,1,40,"NL","I"
86,5,40,"NL","I"
439,1,40,"NL","I"
228,1,40,"NL","I"
56,7,40,"NL","I"
186,1,40,"NL","I"
183,1,40,"NL","I"
10,7,40,"NL","I"
285,1,41,"NL","I"
348,2,41,"NL","I"
57,12,41,"NL","I"
19,10,41,"NL","I"
41,2,41,"NL","I"
381,3,41,"NL","I"
62,8,41,"NL","I"
445,9,41,"NL","I"
39,1,41,"NL","I"
304,1,41,"NL","I"
486,3,41,"NL","I"
378,2,41,"NL","I"
455,2,42,"NL","I"
209,1,42,"NL","I"
142,1,42,"NL","I"
344,1,42,"NL","I"
501,24,42,"NL","I"
222,2,42,"NL","I"
26,52,42,"NL","I"
282,1,42,"NL","I"
497,36,42,"NL","I"
390,1,42,"NL","I"
109,1,42,"NL","I"
124,1,42,"NL","I"
250,1,43,"NL","I"
370,1,43,"NL","I"
193,1,43,"NL","I"
378,2,43,"NL","I"
501,24,43,"NL","I"
372,1,43,"NL","I"
19,10,43,"NL","I"
447,2,43,"NL","I"
33,13,43,"NL","I"
540,3,43,"NL","I"
286,1,43,"NL","I"
39,1,43,"NL","I"
504,40,44,"NL","I"
455,2,44,"NL","I"
425,3,44,"NL","I"
252,1,44,"NL","I"
164,4,44,"NL","I"
143,1,44,"NL","I"
247,1,44,"NL","I"
469,4,44,"NL","I"
64,14,44,"NL","I"
13,3,44,"NL","I"
86,5,44,"NL","I"
122,1,44,"NL","I"
483,3,45,"NL","I"
7,10,45,"NL","I"
59,5,45,"NL","I"
60,5,45,"NL","I"
486,3,45,"NL","I"
173,1,45,"NL","I"
51,3,45,"NL","I"
367,2,45,"NL","I"
304,1,45,"NL","I"
415,1,45,"NL","I"
343,6,45,"NL","I"
26,52,45,"NL","I"
76,7,46,"NL","I"
378,2,46,"NL","I"
164,4,46,"NL","I"
140,1,46,"NL","I"
14,27,46,"NL","I"
277,1,46,"NL","I"
463,1,46,"NL","I"
7,10,46,"NL","I"
32,11,46,"NL","I"
301,1,46,"NL","I"
193,1,46,"NL","I"
24,5,46,"NL","I"
447,2,47,"NL","I"
32,11,47,"NL","I"
482,3,47,"NL","I"
501,24,47,"NL","I"
8,6,47,"NL","I"
357,1,47,"NL","I"
508,19,47,"NL","I"
181,1,47,"NL","I"
26,52,47,"NL","I"
522,1,47,"NL","I"
469,4,47,"NL","I"
20,8,47,"NL","I"
483,3,48,"NL","I"
144,1,48,"NL","I"
264,1,48,"NL","I"
419,1,48,"NL","I"
72,9,48,"NL","I"
203,1,48,"NL","I"
64,14,48,"NL","I"
495,14,48,"NL","I"
302,1,48,"NL","I"
41,2,48,"NL","I"
438,6,48,"NL","I"
341,2,48,"NL","I"
24,5,49,"NL","I"
265,1,49,"NL","I"
525,4,49,"NL","I"
80,6,49,"NL","I"
72,9,49,"NL","I"
222,2,49,"NL","I"
122,1,49,"NL","I"
57,12,49,"NL","I"
326,1,49,"NL","I"
519,2,49,"NL","I"
105,1,49,"NL","I"
499,36,49,"NL","I"
72,9,50,"NL","I"
36,6,50,"NL","I"
10,7,50,"NL","I"
59,5,50,"NL","I"
377,3,50,"NL","I"
380,2,50,"NL","I"
438,6,50,"NL","I"
26,52,50,"NL","I"
126,4,50,"NL","I"
264,1,50,"NL","I"
322,2,50,"NL","I"
128,1,50,"NL","I"
13,3,51,"NL","I"
128,1,51,"NL","I"
244,2,51,"NL","I"
82,1,51,"NL","I"
76,7,51,"NL","I"
62,8,51,"NL","I"
304,1,51,"NL","I"
41,2,51,"NL","I"
248,2,51,"NL","I"
67,12,51,"NL","I"
517,3,51,"NL","I"
48,6,51,"NL","I"
122,1,52,"NL","I"
513,2,52,"NL","I"
397,1,52,"NL","I"
500,29,52,"NL","I"
13,3,52,"NL","I"
36,6,52,"NL","I"
371,1,52,"NL","I"
308,2,52,"NL","I"
355,1,52,"NL","I"
247,1,52,"NL","I"
303,5,52,"NL","I"
198,1,52,"NL","I"
426,1,53,"NL","I"
44,18,53,"NL","I"
77,21,53,"NL","I"
349,1,53,"NL","I"
166,1,53,"NL","I"
433,2,53,"NL","I"
502,23,53,"NL","I"
209,1,53,"NL","I"
486,3,53,"NL","I"
265,1,53,"NL","I"
380,2,53,"NL","I"
471,1,53,"NL","I"
8,6,54,"NL","I"
26,52,54,"NL","I"
209,1,54,"NL","I"
394,1,54,"NL","I"
440,1,54,"NL","I"
13,3,54,"NL","I"
357,1,54,"NL","I"
300,1,54,"NL","I"
48,6,54,"NL","I"
265,1,54,"NL","I"
36,6,54,"NL","I"
32,11,54,"NL","I"
57,12,55,"NL","I"
16,8,55,"NL","I"
534,3,55,"NL","I"
326,1,55,"NL","I"
302,1,55,"NL","I"
322,2,55,"NL","I"
300,1,55,"NL","I"
203,1,55,"NL","I"
363,1,55,"NL","I"
14,27,55,"NL","I"
78,12,55,"NL","I"
60,5,55,"NL","I"
14,27,56,"NL","I"
502,23,56,"NL","I"
438,6,56,"NL","I"
141,1,56,"NL","I"
30,3,56,"NL","I"
372,1,56,"NL","I"
109,1,56,"NL","I"
45,8,56,"NL","I"
523,4,56,"NL","I"
364,2,56,"NL","I"
279,1,56,"NL","I"
63,6,56,"NL","I"
343,6,57,"NL","I"
465,1,57,"NL","I"
357,1,57,"NL","I"
47,11,57,"NL","I"
540,3,57,"NL","I"
437,1,57,"NL","I"
23,8,57,"NL","I"
470,4,57,"NL","I"
534,3,57,"NL","I"
401,1,57,"NL","I"
524,1,57,"NL","I"
380,2,57,"NL","I"
44,18,58,"NL","I"
189,1,58,"NL","I"
30,3,58,"NL","I"
348,2,58,"NL","I"
179,7,58,"NL","I"
378,2,58,"NL","I"
285,1,58,"NL","I"
300,1,58,"NL","I"
469,4,58,"NL","I"
361,3,58,"NL","I"
82,1,58,"NL","I"
80,6,58,"NL","I"
504,40,59,"NL","I"
369,2,59,"NL","I"
11,32,59,"NL","I"
32,11,59,"NL","I"
437,1,59,"NL","I"
426,1,59,"NL","I"
308,2,59,"NL","I"
173,1,59,"NL","I"
150,1,59,"NL","I"
248,2,59,"NL","I"
48,6,59,"NL","I"
455,2,59,"NL","I"
72,9,60,"NL","I"
32,11,60,"NL","I"
4,11,60,"NL","I"
285,1,60,"NL","I"
63,6,60,"NL","I"
469,4,60,"NL","I"
458,1,60,"NL","I"
390,1,60,"NL","I"
355,1,60,"NL","I"
188,1,60,"NL","I"
433,2,60,"NL","I"
165,1,60,"NL","I"
499,36,61,"NL","I"
482,3,61,"NL","I"
72,9,61,"NL","I"
441,1,61,"NL","I"
64,14,61,"NL","I"
123,3,61,"NL","I"
358,15,61,"NL","I"
183,1,61,"NL","I"
141,1,61,"NL","I"
433,2,61,"NL","I"
203,1,61,"NL","I"
419,1,61,"NL","I"
469,4,62,"NL","I"
514,3,62,"NL","I"
255,1,62,"NL","I"
361,3,62,"NL","I"
28,26,62,"NL","I"
26,52,62,"NL","I"
301,1,62,"NL","I"
86,5,62,"NL","I"
46,6,62,"NL","I"
502,23,62,"NL","I"
525,4,62,"NL","I"
144,1,62,"NL","I"
349,1,63,"NL","I"
67,12,63,"NL","I"
47,11,63,"NL","I"
415,1,63,"NL","I"
132,1,63,"NL","I"
337,8,63,"NL","I"
503,25,63,"NL","I"
24,5,63,"NL","I"
66,1,63,"NL","I"
308,2,63,"NL","I"
255,1,63,"NL","I"
138,3,63,"NL","I"
358,15,64,"NL","I"
301,1,64,"NL","I"
60,5,64,"NL","I"
337,8,64,"NL","I"
196,2,64,"NL","I"
435,1,64,"NL","I"
499,36,64,"NL","I"
425,3,64,"NL","I"
415,1,64,"NL","I"
447,2,64,"NL","I"
158,1,64,"NL","I"
228,1,64,"NL","I"
377,3,65,"NL","I"
522,1,65,"NL","I"
422,3,65,"NL","I"
11,32,65,"NL","I"
437,1,65,"NL","I"
430,1,65,"NL","I"
372,1,65,"NL","I"
371,1,65,"NL","I"
390,1,65,"NL","I"
471,1,65,"NL","I"
517,3,65,"NL","I"
28,26,65,"NL","I"
348,2,66,"NL","I"
165,1,66,"NL","I"
496,33,66,"NL","I"
486,3,66,"NL","I"
458,1,66,"NL","I"
343,6,66,"NL","I"
355,1,66,"NL","I"
78,12,66,"NL","I"
57,12,66,"NL","I"
164,4,66,"NL","I"
47,11,66,"NL","I"
45,8,66,"NL","I"
190,1,67,"NL","I"
304,1,67,"NL","I"
128,1,67,"NL","I"
435,1,67,"NL","I"
105,1,67,"NL","I"
374,2,67,"NL","I"
112,2,67,"NL","I"
505,19,67,"NL","I"
20,8,67,"NL","I"
422,3,67,"NL","I"
247,1,67,"NL","I"
344,1,67,"NL","I"
422,3,68,"NL","I"
435,1,68,"NL","I"
301,1,68,"NL","I"
188,1,68,"NL","I"
519,2,68,"NL","I"
326,1,68,"NL","I"
286,1,68,"NL","I"
57,12,68,"NL","I"
445,9,68,"NL","I"
355,1,68,"NL","I"
389,2,68,"NL","I"
439,1,68,"NL","I"
417,1,69,"NL","I"
143,1,69,"NL","I"
248,2,69,"NL","I"
17,6,69,"NL","I"
222,2,69,"NL","I"
228,1,69,"NL","I"
483,3,69,"NL","I"
433,2,69,"NL","I"
128,1,69,"NL","I"
524,1,69,"NL","I"
364,2,69,"NL","I"
471,1,69,"NL","I"
349,1,70,"NL","I"
522,1,70,"NL","I"
248,2,70,"NL","I"
276,2,70,"NL","I"
358,15,70,"NL","I"
278,1,70,"NL","I"
500,29,70,"NL","I"
471,1,70,"NL","I"
203,1,70,"NL","I"
390,1,70,"NL","I"
223,1,70,"NL","I"
381,3,70,"NL","I"
501,24,71,"NL","I"
365,4,71,"NL","I"
437,1,71,"NL","I"
390,1,71,"NL","I"
252,1,71,"NL","I"
30,3,71,"NL","I"
378,2,71,"NL","I"
439,1,71,"NL","I"
381,3,71,"NL","I"
308,2,71,"NL","I"
81,2,71,"NL","I"
349,1,71,"NL","I"
337,8,72,"NL","I"
179,7,72,"NL","I"
143,1,72,"NL","I"
265,1,72,"NL","I"
540,3,72,"NL","I"
371,1,72,"NL","I"
467,4,72,"NL","I"
158,1,72,"NL","I"
439,1,72,"NL","I"
66,1,72,"NL","I"
80,6,72,"NL","I"
77,21,72,"NL","I"
279,1,73,"NL","I"
381,3,73,"NL","I"
348,2,73,"NL","I"
126,4,73,"NL","I"
57,12,73,"NL","I"
417,1,73,"NL","I"
105,1,73,"NL","I"
276,2,73,"NL","I"
11,32,73,"NL","I"
440,1,73,"NL","I"
540,3,73,"NL","I"
80,6,73,"NL","I"
437,1,74,"NL","I"
48,6,74,"NL","I"
170,1,74,"NL","I"
286,1,74,"NL","I"
397,1,74,"NL","I"
471,1,74,"NL","I"
514,3,74,"NL","I"
202,1,74,"NL","I"
60,5,74,"NL","I"
435,1,74,"NL","I"
186,1,74,"NL","I"
522,1,74,"NL","I"
170,1,75,"NL","I"
259,5,75,"NL","I"
358,15,75,"NL","I"
421,4,75,"NL","I"
300,1,75,"NL","I"
14,27,75,"NL","I"
483,3,75,"NL","I"
66,1,75,"NL","I"
209,1,75,"NL","I"
78,12,75,"NL","I"
303,5,75,"NL","I"
365,4,75,"NL","I"
372,1,76,"NL","I"
365,4,76,"NL","I"
522,1,76,"NL","I"
419,1,76,"NL","I"
165,1,76,"NL","I"
228,1,76,"NL","I"
397,1,76,"NL","I"
503,25,76,"NL","I"
122,1,76,"NL","I"
426,1,76,"NL","I"
374,2,76,"NL","I"
20,8,76,"NL","I"
501,24,77,"NL","I"
51,3,77,"NL","I"
259,5,77,"NL","I"
66,1,77,"NL","I"
222,2,77,"NL","I"
26,52,77,"NL","I"
410,2,77,"NL","I"
67,12,77,"NL","I"
132,1,77,"NL","I"
173,1,77,"NL","I"
63,6,77,"NL","I"
32,11,77,"NL","I"
397,1,78,"NL","I"
67,12,78,"NL","I"
36,6,78,"NL","I"
5,7,78,"NL","I"
266,1,78,"NL","I"
534,3,78,"NL","I"
142,1,78,"NL","I"
38,6,78,"NL","I"
419,1,78,"NL","I"
517,3,78,"NL","I"
341,2,78,"NL","I"
467,4,78,"NL","I"
523,4,79,"NL","I"
14,27,79,"NL","I"
524,1,79,"NL","I"
26,52,79,"NL","I"
376,4,79,"NL","I"
36,6,79,"NL","I"
4,11,79,"NL","I"
109,1,79,"NL","I"
140,1,79,"NL","I"
265,1,79,"NL","I"
276,2,79,"NL","I"
193,1,79,"NL","I"
12,11,80,"NL","I"
441,1,80,"NL","I"
523,4,80,"NL","I"
365,4,80,"NL","I"
170,1,80,"NL","I"
467,4,80,"NL","I"
277,1,80,"NL","I"
438,6,80,"NL","I"
504,40,80,"NL","I"
131,1,80,"NL","I"
56,7,80,"NL","I"
360,3,80,"NL","I"
45,8,81,"NL","I"
426,1,81,"NL","I"
368,1,81,"NL","I"
278,1,81,"NL","I"
77,21,81,"NL","I"
211,1,81,"NL","I"
513,2,81,"NL","I"
522,1,81,"NL","I"
354,2,81,"NL","I"
337,8,81,"NL","I"
78,12,81,"NL","I"
440,1,81,"NL","I"
76,7,82,"NL","I"
438,6,82,"NL","I"
471,1,82,"NL","I"
501,24,82,"NL","I"
343,6,82,"NL","I"
138,3,82,"NL","I"
410,2,82,"NL","I"
505,19,82,"NL","I"
105,1,82,"NL","I"
202,1,82,"NL","I"
179,7,82,"NL","I"
59,5,82,"NL","I"
19,10,83,"NL","I"
249,2,83,"NL","I"
223,1,83,"NL","I"
282,1,83,"NL","I"
440,1,83,"NL","I"
357,1,83,"NL","I"
308,2,83,"NL","I"
302,1,83,"NL","I"
141,1,83,"NL","I"
425,3,83,"NL","I"
222,2,83,"NL","I"
63,6,83,"NL","I"
285,1,84,"NL","I"
467,4,84,"NL","I"
348,2,84,"NL","I"
540,3,84,"NL","I"
173,1,84,"NL","I"
417,1,84,"NL","I"
355,1,84,"NL","I"
282,1,84,"NL","I"
72,9,84,"NL","I"
486,3,84,"NL","I"
341,2,84,"NL","I"
523,4,84,"NL","I"
372,1,85,"NL","I"
76,7,85,"NL","I"
301,1,85,"NL","I"
389,2,85,"NL","I"
247,1,85,"NL","I"
141,1,85,"NL","I"
397,1,85,"NL","I"
56,7,85,"NL","I"
318,2,85,"NL","I"
467,4,85,"NL","I"
483,3,85,"NL","I"
202,1,85,"NL","I"
368,1,86,"NL","I"
47,11,86,"NL","I"
265,1,86,"NL","I"
496,33,86,"NL","I"
80,6,86,"NL","I"
237,1,86,"NL","I"
470,4,86,"NL","I"
355,1,86,"NL","I"
277,1,86,"NL","I"
286,1,86,"NL","I"
523,4,86,"NL","I"
301,1,86,"NL","I"
109,1,87,"NL","I"
143,1,87,"NL","I"
374,2,87,"NL","I"
471,1,87,"NL","I"
164,4,87,"NL","I"
190,1,87,"NL","I"
513,2,87,"NL","I"
368,1,87,"NL","I"
38,6,87,"NL","I"
497,36,87,"NL","I"
16,8,87,"NL","I"
302,1,87,"NL","I"
501,24,88,"NL","I"
237,1,88,"NL","I"
378,2,88,"NL","I"
447,2,88,"NL","I"
80,6,88,"NL","I"
441,1,88,"NL","I"
51,3,88,"NL","I"
426,1,88,"NL","I"
158,1,88,"NL","I"
57,12,88,"NL","I"
209,1,88,"NL","I"
499,36,88,"NL","I"
304,1,89,"NL","I"
502,23,89,"NL","I"
430,1,89,"NL","I"
337,8,89,"NL","I"
471,1,89,"NL","I"
209,1,89,"NL","I"
516,3,89,"NL","I"
223,1,89,"NL","I"
498,32,89,"NL","I"
410,2,89,"NL","I"
109,1,89,"NL","I"
202,1,89,"NL","I"
369,2,90,"NL","I"
276,2,90,"NL","I"
158,1,90,"NL","I"
499,36,90,"NL","I"
183,1,90,"NL","I"
517,3,90,"NL","I"
142,1,90,"NL","I"
463,1,90,"NL","I"
198,1,90,"NL","I"
390,1,90,"NL","I"
469,4,90,"NL","I"
364,2,90,"NL","I"
247,1,91,"NL","I"
349,1,91,"NL","I"
355,1,91,"NL","I"
109,1,91,"NL","I"
41,2,91,"NL","I"
439,1,91,"NL","I"
361,3,91,"NL","I"
469,4,91,"NL","I"
67,12,91,"NL","I"
39,1,91,"NL","I"
249,2,91,"NL","I"
20,8,91,"NL","I"
365,4,92,"NL","I"
158,1,92,"NL","I"
421,4,92,"NL","I"
4,11,92,"NL","I"
534,3,92,"NL","I"
59,5,92,"NL","I"
371,1,92,"NL","I"
190,1,92,"NL","I"
228,1,92,"NL","I"
498,32,92,"NL","I"
482,3,92,"NL","I"
38,6,92,"NL","I"
32,11,93,"NL","I"
361,3,93,"NL","I"
394,1,93,"NL","I"
140,1,93,"NL","I"
410,2,93,"NL","I"
14,27,93,"NL","I"
249,2,93,"NL","I"
158,1,93,"NL","I"
349,1,93,"NL","I"
483,3,93,"NL","I"
471,1,93,"NL","I"
12,11,93,"NL","I"
302,1,94,"NL","I"
285,1,94,"NL","I"
211,1,94,"NL","I"
315,1,94,"NL","I"
24,5,94,"NL","I"
370,1,94,"NL","I"
170,1,94,"NL","I"
228,1,94,"NL","I"
357,1,94,"NL","I"
81,2,94,"NL","I"
66,1,94,"NL","I"
441,1,94,"NL","I"
508,19,95,"NL","I"
343,6,95,"NL","I"
141,1,95,"NL","I"
401,1,95,"NL","I"
46,6,95,"NL","I"
32,11,95,"NL","I"
458,1,95,"NL","I"
376,4,95,"NL","I"
61,46,95,"NL","I"
435,1,95,"NL","I"
82,1,95,"NL","I"
266,1,95,"NL","I"
285,1,96,"NL","I"
425,3,96,"NL","I"
390,1,96,"NL","I"
341,2,96,"NL","I"
394,1,96,"NL","I"
24,5,96,"NL","I"
471,1,96,"NL","I"
20,8,96,"NL","I"
496,33,96,"NL","I"
128,1,96,"NL","I"
360,3,96,"NL","I"
441,1,96,"NL","I"
144,1,97,"NL","I"
371,1,97,"NL","I"
422,3,97,"NL","I"
38,6,97,"NL","I"
202,1,97,"NL","I"
211,1,97,"NL","I"
232,3,97,"NL","I"
482,3,97,"NL","I"
67,12,97,"NL","I"
63,6,97,"NL","I"
5,7,97,"NL","I"
183,1,97,"NL","I"
357,1,98,"NL","I"
142,1,98,"NL","I"
360,3,98,"NL","I"
421,4,98,"NL","I"
158,1,98,"NL","I"
78,12,98,"NL","I"
517,3,98,"NL","I"
322,2,98,"NL","I"
363,1,98,"NL","I"
317,2,98,"NL","I"
364,2,98,"NL","I"
46,6,98,"NL","I"
435,1,99,"NL","I"
47,11,99,"NL","I"
343,6,99,"NL","I"
179,7,99,"NL","I"
132,1,99,"NL","I"
422,3,99,"NL","I"
286,1,99,"NL","I"
467,4,99,"NL","I"
181,1,99,"NL","I"
465,1,99,"NL","I"
126,4,99,"NL","I"
193,1,99,"NL","I"
124,1,100,"NL","I"
389,2,100,"NL","I"
369,2,100,"NL","I"
189,1,100,"NL","I"
248,2,100,"NL","I"
504,40,100,"NL","I"
363,1,100,"NL","I"
222,2,100,"NL","I"
36,6,100,"NL","I"
496,33,100,"NL","I"
123,3,100,"NL","I"
203,1,100,"NL","I"
5,7,101,"NL","I"
39,1,101,"NL","I"
144,1,101,"NL","I"
439,1,101,"NL","I"
196,2,101,"NL","I"
237,1,101,"NL","I"
286,1,101,"NL","I"
47,11,101,"NL","I"
276,2,101,"NL","I"
41,2,101,"NL","I"
349,1,101,"NL","I"
422,3,101,"NL","I"
371,1,102,"NL","I"
357,1,102,"NL","I"
247,1,102,"NL","I"
186,1,102,"NL","I"
439,1,102,"NL","I"
232,3,102,"NL","I"
278,1,102,"NL","I"
389,2,102,"NL","I"
77,21,102,"NL","I"
128,1,102,"NL","I"
343,6,102,"NL","I"
358,15,102,"NL","I"
471,1,103,"NL","I"
380,2,103,"NL","I"
500,29,103,"NL","I"
508,19,103,"NL","I"
364,2,103,"NL","I"
441,1,103,"NL","I"
26,52,103,"NL","I"
365,4,103,"NL","I"
128,1,103,"NL","I"
77,21,103,"NL","I"
209,1,103,"NL","I"
179,7,103,"NL","I"
67,12,104,"NL","I"
381,3,104,"NL","I"
525,4,104,"NL","I"
223,1,104,"NL","I"
266,1,104,"NL","I"
124,1,104,"NL","I"
318,2,104,"NL","I"
86,5,104,"NL","I"
57,12,104,"NL","I"
341,2,104,"NL","I"
81,2,104,"NL","I"
364,2,104,"NL","I"
222,2,105,"NL","I"
10,7,105,"NL","I"
343,6,105,"NL","I"
445,9,105,"NL","I"
522,1,105,"NL","I"
470,4,105,"NL","I"
158,1,105,"NL","I"
435,1,105,"NL","I"
66,1,105,"NL","I"
278,1,105,"NL","I"
39,1,105,"NL","I"
317,2,105,"NL","I"
91,9,106,"NL","I"
189,1,106,"NL","I"
66,1,106,"NL","I"
247,1,106,"NL","I"
394,1,106,"NL","I"
502,23,106,"NL","I"
14,27,106,"NL","I"
361,3,106,"NL","I"
486,3,106,"NL","I"
519,2,106,"NL","I"
504,40,106,"NL","I"
132,1,106,"NL","I"
315,1,107,"NL","I"
13,3,107,"NL","I"
304,1,107,"NL","I"
10,7,107,"NL","I"
318,2,107,"NL","I"
285,1,107,"NL","I"
244,2,107,"NL","I"
522,1,107,"NL","I"
322,2,107,"NL","I"
51,3,107,"NL","I"
5,7,107,"NL","I"
193,1,107,"NL","I"
369,2,108,"NL","I"
36,6,108,"NL","I"
502,23,108,"NL","I"
11,32,108,"NL","I"
44,18,108,"NL","I"
196,2,108,"NL","I"
458,1,108,"NL","I"
282,1,108,"NL","I"
228,1,108,"NL","I"
51,3,108,"NL","I"
302,1,108,"NL","I"
188,1,108,"NL","I"
132,1,109,"NL","I"
266,1,109,"NL","I"
276,2,109,"NL","I"
51,3,109,"NL","I"
140,1,109,"NL","I"
44,18,109,"NL","I"
381,3,109,"NL","I"
540,3,109,"NL","I"
522,1,109,"NL","I"
20,8,109,"NL","I"
523,4,109,"NL","I"
164,4,109,"NL","I"
497,36,110,"NL","I"
250,1,110,"NL","I"
517,3,110,"NL","I"
463,1,110,"NL","I"
419,1,110,"NL","I"
422,3,110,"NL","I"
158,1,110,"NL","I"
282,1,110,"NL","I"
445,9,110,"NL","I"
279,1,110,"NL","I"
326,1,110,"NL","I"
140,1,110,"NL","I"
228,1,111,"NL","I"
4,11,111,"NL","I"
445,9,111,"NL","I"
439,1,111,"NL","I"
36,6,111,"NL","I"
76,7,111,"NL","I"
250,1,111,"NL","I"
249,2,111,"NL","I"
470,4,111,"NL","I"
525,4,111,"NL","I"
41,2,111,"NL","I"
252,1,111,"NL","I"
381,3,112,"NL","I"
80,6,112,"NL","I"
244,2,112,"NL","I"
397,1,112,"NL","I"
482,3,112,"NL","I"
360,3,112,"NL","I"
38,6,112,"NL","I"
445,9,112,"NL","I"
4,11,112,"NL","I"
317,2,112,"NL","I"
315,1,112,"NL","I"
421,4,112,"NL","I"
26,52,113,"NL","I"
7,10,113,"NL","I"
189,1,113,"NL","I"
317,2,113,"NL","I"
266,1,113,"NL","I"
498,32,113,"NL","I"
144,1,113,"NL","I"
355,1,113,"NL","I"
179,7,113,"NL","I"
380,2,113,"NL","I"
188,1,113,"NL","I"
142,1,113,"NL","I"
374,2,114,"NL","I"
355,1,114,"NL","I"
47,11,114,"NL","I"
60,5,114,"NL","I"
430,1,114,"NL","I"
190,1,114,"NL","I"
519,2,114,"NL","I"
12,11,114,"NL","I"
503,25,114,"NL","I"
354,2,114,"NL","I"
198,1,114,"NL","I"
141,1,114,"NL","I"
417,1,115,"NL","I"
138,3,115,"NL","I"
39,1,115,"NL","I"
128,1,115,"NL","I"
439,1,115,"NL","I"
278,1,115,"NL","I"
358,15,115,"NL","I"
394,1,115,"NL","I"
322,2,115,"NL","I"
196,2,115,"NL","I"
143,1,115,"NL","I"
82,1,115,"NL","I"
57,12,116,"NL","I"
193,1,116,"NL","I"
486,3,116,"NL","I"
304,1,116,"NL","I"
301,1,116,"NL","I"
498,32,116,"NL","I"
46,6,116,"NL","I"
508,19,116,"NL","I"
534,3,116,"NL","I"
286,1,116,"NL","I"
496,33,116,"NL","I"
249,2,116,"NL","I"
465,1,117,"NL","I"
189,1,117,"NL","I"
7,10,117,"NL","I"
419,1,117,"NL","I"
41,2,117,"NL","I"
30,3,117,"NL","I"
112,2,117,"NL","I"
425,3,117,"NL","I"
503,25,117,"NL","I"
318,2,117,"NL","I"
501,24,117,"NL","I"
380,2,117,"NL","I"
372,1,118,"NL","I"
126,4,118,"NL","I"
179,7,118,"NL","I"
524,1,118,"NL","I"
348,2,118,"NL","I"
540,3,118,"NL","I"
378,2,118,"NL","I"
165,1,118,"NL","I"
380,2,118,"NL","I"
112,2,118,"NL","I"
142,1,118,"NL","I"
123,3,118,"NL","I"
164,4,119,"NL","I"
36,6,119,"NL","I"
244,2,119,"NL","I"
502,23,119,"NL","I"
394,1,119,"NL","I"
486,3,119,"NL","I"
48,6,119,"NL","I"
517,3,119,"NL","I"
440,1,119,"NL","I"
496,33,119,"NL","I"
286,1,119,"NL","I"
363,1,119,"NL","I"
222,2,120,"NL","I"
417,1,120,"NL","I"
376,4,120,"NL","I"
259,5,120,"NL","I"
28,26,120,"NL","I"
425,3,120,"NL","I"
355,1,120,"NL","I"
500,29,120,"NL","I"
483,3,120,"NL","I"
367,2,120,"NL","I"
421,4,120,"NL","I"
419,1,120,"NL","I"
358,15,121,"NL","I"
181,1,121,"NL","I"
278,1,121,"NL","I"
365,4,121,"NL","I"
123,3,121,"NL","I"
361,3,121,"NL","I"
250,1,121,"NL","I"
360,3,121,"NL","I"
150,1,121,"NL","I"
470,4,121,"NL","I"
164,4,121,"NL","I"
364,2,121,"NL","I"
467,4,122,"NL","I"
36,6,122,"NL","I"
126,4,122,"NL","I"
378,2,122,"NL","I"
282,1,122,"NL","I"
426,1,122,"NL","I"
61,46,122,"NL","I"
264,1,122,"NL","I"
381,3,122,"NL","I"
188,1,122,"NL","I"
389,2,122,"NL","I"
286,1,122,"NL","I"
374,2,123,"NL","I"
372,1,123,"NL","I"
189,1,123,"NL","I"
308,2,123,"NL","I"
524,1,123,"NL","I"
166,1,123,"NL","I"
202,1,123,"NL","I"
470,4,123,"NL","I"
483,3,123,"NL","I"
138,3,123,"NL","I"
326,1,123,"NL","I"
357,1,123,"NL","I"
266,1,124,"NL","I"
343,6,124,"NL","I"
422,3,124,"NL","I"
56,7,124,"NL","I"
124,1,124,"NL","I"
23,8,124,"NL","I"
105,1,124,"NL","I"
502,23,124,"NL","I"
232,3,124,"NL","I"
445,9,124,"NL","I"
91,9,124,"NL","I"
523,4,124,"NL","I"
122,1,125,"NL","I"
10,7,125,"NL","I"
463,1,125,"NL","I"
26,52,125,"NL","I"
17,6,125,"NL","I"
300,1,125,"NL","I"
381,3,125,"NL","I"
30,3,125,"NL","I"
67,12,125,"NL","I"
417,1,125,"NL","I"
370,1,125,"NL","I"
378,2,125,"NL","I"
458,1,126,"NL","I"
304,1,126,"NL","I"
64,14,126,"NL","I"
364,2,126,"NL","I"
265,1,126,"NL","I"
380,2,126,"NL","I"
469,4,126,"NL","I"
360,3,126,"NL","I"
28,26,126,"NL","I"
357,1,126,"NL","I"
91,9,126,"NL","I"
44,18,126,"NL","I"
498,32,127,"NL","I"
502,23,127,"NL","I"
128,1,127,"NL","I"
28,26,127,"NL","I"
30,3,127,"NL","I"
250,1,127,"NL","I"
517,3,127,"NL","I"
244,2,127,"NL","I"
322,2,127,"NL","I"
131,1,127,"NL","I"
109,1,127,"NL","I"
277,1,127,"NL","I"
181,1,128,"NL","I"
503,25,128,"NL","I"
348,2,128,"NL","I"
67,12,128,"NL","I"
140,1,128,"NL","I"
11,32,128,"NL","I"
91,9,128,"NL","I"
376,4,128,"NL","I"
30,3,128,"NL","I"
534,3,128,"NL","I"
447,2,128,"NL","I"
63,6,128,"NL","I"
33,13,129,"NL","I"
190,1,129,"NL","I"
36,6,129,"NL","I"
198,1,129,"NL","I"
361,3,129,"NL","I"
60,5,129,"NL","I"
131,1,129,"NL","I"
421,4,129,"NL","I"
486,3,129,"NL","I"
57,12,129,"NL","I"
279,1,129,"NL","I"
249,2,129,"NL","I"
181,1,130,"NL","I"
179,7,130,"NL","I"
124,1,130,"NL","I"
63,6,130,"NL","I"
7,10,130,"NL","I"
193,1,130,"NL","I"
66,1,130,"NL","I"
516,3,130,"NL","I"
78,12,130,"NL","I"
276,2,130,"NL","I"
445,9,130,"NL","I"
142,1,130,"NL","I"
132,1,131,"NL","I"
304,1,131,"NL","I"
252,1,131,"NL","I"
300,1,131,"NL","I"
501,24,131,"NL","I"
348,2,131,"NL","I"
198,1,131,"NL","I"
440,1,131,"NL","I"
343,6,131,"NL","I"
59,5,131,"NL","I"
322,2,131,"NL","I"
483,3,131,"NL","I"
447,2,132,"NL","I"
315,1,132,"NL","I"
439,1,132,"NL","I"
4,11,132,"NL","I"
64,14,132,"NL","I"
367,2,132,"NL","I"
343,6,132,"NL","I"
277,1,132,"NL","I"
23,8,132,"NL","I"
389,2,132,"NL","I"
370,1,132,"NL","I"
247,1,132,"NL","I"
150,1,133,"NL","I"
186,1,133,"NL","I"
524,1,133,"NL","I"
252,1,133,"NL","I"
203,1,133,"NL","I"
410,2,133,"NL","I"
441,1,133,"NL","I"
525,4,133,"NL","I"
63,6,133,"NL","I"
360,3,133,"NL","I"
24,5,133,"NL","I"
458,1,133,"NL","I"
33,13,134,"NL","I"
519,2,134,"NL","I"
56,7,134,"NL","I"
141,1,134,"NL","I"
158,1,134,"NL","I"
45,8,134,"NL","I"
86,5,134,"NL","I"
504,40,134,"NL","I"
378,2,134,"NL","I"
66,1,134,"NL","I"
363,1,134,"NL","I"
514,3,134,"NL","I"
318,2,135,"NL","I"
501,24,135,"NL","I"
496,33,135,"NL","I"
315,1,135,"NL","I"
7,10,135,"NL","I"
482,3,135,"NL","I"
344,1,135,"NL","I"
337,8,135,"NL","I"
252,1,135,"NL","I"
78,12,135,"NL","I"
82,1,135,"NL","I"
91,9,135,"NL","I"
354,2,136,"NL","I"
11,32,136,"NL","I"
343,6,136,"NL","I"
349,1,136,"NL","I"
364,2,136,"NL","I"
318,2,136,"NL","I"
78,12,136,"NL","I"
33,13,136,"NL","I"
67,12,136,"NL","I"
26,52,136,"NL","I"
425,3,136,"NL","I"
196,2,136,"NL","I"
266,1,137,"NL","I"
193,1,137,"NL","I"
131,1,137,"NL","I"
300,1,137,"NL","I"
430,1,137,"NL","I"
64,14,137,"NL","I"
112,2,137,"NL","I"
499,36,137,"NL","I"
517,3,137,"NL","I"
278,1,137,"NL","I"
232,3,137,"NL","I"
470,4,137,"NL","I"
91,9,138,"NL","I"
164,4,138,"NL","I"
13,3,138,"NL","I"
81,2,138,"NL","I"
62,8,138,"NL","I"
364,2,138,"NL","I"
36,6,138,"NL","I"
302,1,138,"NL","I"
28,26,138,"NL","I"
425,3,138,"NL","I"
517,3,138,"NL","I"
467,4,138,"NL","I"
397,1,139,"NL","I"
483,3,139,"NL","I"
33,13,139,"NL","I"
447,2,139,"NL","I"
265,1,139,"NL","I"
433,2,139,"NL","I"
517,3,139,"NL","I"
502,23,139,"NL","I"
374,2,139,"NL","I"
343,6,139,"NL","I"
183,1,139,"NL","I"
337,8,139,"NL","I"
150,1,140,"NL","I"
355,1,140,"NL","I"
343,6,140,"NL","I"
186,1,140,"NL","I"
77,21,140,"NL","I"
223,1,140,"NL","I"
23,8,140,"NL","I"
67,12,140,"NL","I"
128,1,140,"NL","I"
60,5,140,"NL","I"
326,1,140,"NL","I"
8,6,140,"NL","I"
369,2,141,"NL","I"
30,3,141,"NL","I"
72,9,141,"NL","I"
458,1,141,"NL","I"
244,2,141,"NL","I"
358,15,141,"NL","I"
59,5,141,"NL","I"
13,3,141,"NL","I"
303,5,141,"NL","I"
259,5,141,"NL","I"
471,1,141,"NL","I"
514,3,141,"NL","I"
315,1,142,"NL","I"
522,1,142,"NL","I"
381,3,142,"NL","I"
508,19,142,"NL","I"
534,3,142,"NL","I"
46,6,142,"NL","I"
496,33,142,"NL","I"
458,1,142,"NL","I"
44,18,142,"NL","I"
66,1,142,"NL","I"
228,1,142,"NL","I"
141,1,142,"NL","I"
91,9,143,"NL","I"
109,1,143,"NL","I"
401,1,143,"NL","I"
19,10,143,"NL","I"
32,11,143,"NL","I"
369,2,143,"NL","I"
203,1,143,"NL","I"
190,1,143,"NL","I"
77,21,143,"NL","I"
66,1,143,"NL","I"
417,1,143,"NL","I"
166,1,143,"NL","I"
516,3,144,"NL","I"
437,1,144,"NL","I"
381,3,144,"NL","I"
390,1,144,"NL","I"
433,2,144,"NL","I"
277,1,144,"NL","I"
144,1,144,"NL","I"
465,1,144,"NL","I"
109,1,144,"NL","I"
181,1,144,"NL","I"
203,1,144,"NL","I"
46,6,144,"NL","I"
264,1,145,"NL","I"
4,11,145,"NL","I"
438,6,145,"NL","I"
397,1,145,"NL","I"
302,1,145,"NL","I"
500,29,145,"NL","I"
48,6,145,"NL","I"
361,3,145,"NL","I"
377,3,145,"NL","I"
10,7,145,"NL","I"
365,4,145,"NL","I"
318,2,145,"NL","I"
276,2,146,"NL","I"
367,2,146,"NL","I"
517,3,146,"NL","I"
26,52,146,"NL","I"
82,1,146,"NL","I"
181,1,146,"NL","I"
30,3,146,"NL","I"
39,1,146,"NL","I"
425,3,146,"NL","I"
397,1,146,"NL","I"
131,1,146,"NL","I"
166,1,146,"NL","I"
315,1,147,"NL","I"
322,2,147,"NL","I"
447,2,147,"NL","I"
430,1,147,"NL","I"
142,1,147,"NL","I"
128,1,147,"NL","I"
181,1,147,"NL","I"
11,32,147,"NL","I"
445,9,147,"NL","I"
358,15,147,"NL","I"
318,2,147,"NL","I"
286,1,147,"NL","I"
13,3,148,"NL","I"
463,1,148,"NL","I"
361,3,148,"NL","I"
209,1,148,"NL","I"
458,1,148,"NL","I"
508,19,148,"NL","I"
502,23,148,"NL","I"
419,1,148,"NL","I"
445,9,148,"NL","I"
138,3,148,"NL","I"
504,40,148,"NL","I"
435,1,148,"NL","I"
164,4,149,"NL","I"
252,1,149,"NL","I"
170,1,149,"NL","I"
19,10,149,"NL","I"
369,2,149,"NL","I"
425,3,149,"NL","I"
496,33,149,"NL","I"
426,1,149,"NL","I"
202,1,149,"NL","I"
445,9,149,"NL","I"
67,12,149,"NL","I"
282,1,149,"NL","I"
165,1,150,"NL","I"
282,1,150,"NL","I"
540,3,150,"NL","I"
203,1,150,"NL","I"
131,1,150,"NL","I"
183,1,150,"NL","I"
437,1,150,"NL","I"
11,32,150,"NL","I"
308,2,150,"NL","I"
430,1,150,"NL","I"
397,1,150,"NL","I"
363,1,150,"NL","I"
32,11,151,"NL","I"
57,12,151,"NL","I"
277,1,151,"NL","I"
354,2,151,"NL","I"
5,7,151,"NL","I"
66,1,151,"NL","I"
170,1,151,"NL","I"
524,1,151,"NL","I"
519,2,151,"NL","I"
301,1,151,"NL","I"
322,2,151,"NL","I"
7,10,151,"NL","I"
259,5,152,"NL","I"
142,1,152,"NL","I"
24,5,152,"NL","I"
367,2,152,"NL","I"
486,3,152,"NL","I"
318,2,152,"NL","I"
252,1,152,"NL","I"
164,4,152,"NL","I"
354,2,152,"NL","I"
440,1,152,"NL","I"
337,8,152,"NL","I"
198,1,152,"NL","I"
495,14,153,"NL","I"
514,3,153,"NL","I"
265,1,153,"NL","I"
14,27,153,"NL","I"
32,11,153,"NL","I"
170,1,153,"NL","I"
259,5,153,"NL","I"
26,52,153,"NL","I"
337,8,153,"NL","I"
179,7,153,"NL","I"
363,1,153,"NL","I"
165,1,153,"NL","I"
344,1,154,"NL","I"
123,3,154,"NL","I"
425,3,154,"NL","I"
502,23,154,"NL","I"
435,1,154,"NL","I"
64,14,154,"NL","I"
13,3,154,"NL","I"
517,3,154,"NL","I"
266,1,154,"NL","I"
463,1,154,"NL","I"
390,1,154,"NL","I"
486,3,154,"NL","I"
348,2,155,"NL","I"
259,5,155,"NL","I"
138,3,155,"NL","I"
441,1,155,"NL","I"
463,1,155,"NL","I"
198,1,155,"NL","I"
315,1,155,"NL","I"
190,1,155,"NL","I"
430,1,155,"NL","I"
24,5,155,"NL","I"
11,32,155,"NL","I"
377,3,155,"NL","I"
12,11,156,"NL","I"
140,1,156,"NL","I"
369,2,156,"NL","I"
209,1,156,"NL","I"
524,1,156,"NL","I"
372,1,156,"NL","I"
190,1,156,"NL","I"
67,12,156,"NL","I"
361,3,156,"NL","I"
244,2,156,"NL","I"
470,4,156,"NL","I"
276,2,156,"NL","I"
138,3,157,"NL","I"
433,2,157,"NL","I"
349,1,157,"NL","I"
123,3,157,"NL","I"
371,1,157,"NL","I"
228,1,157,"NL","I"
368,1,157,"NL","I"
249,2,157,"NL","I"
465,1,157,"NL","I"
496,33,157,"NL","I"
150,1,157,"NL","I"
522,1,157,"NL","I"
430,1,158,"NL","I"
132,1,158,"NL","I"
105,1,158,"NL","I"
440,1,158,"NL","I"
302,1,158,"NL","I"
317,2,158,"NL","I"
483,3,158,"NL","I"
523,4,158,"NL","I"
415,1,158,"NL","I"
250,1,158,"NL","I"
301,1,158,"NL","I"
248,2,158,"NL","I"
504,40,159,"NL","I"
109,1,159,"NL","I"
368,1,159,"NL","I"
105,1,159,"NL","I"
77,21,159,"NL","I"
419,1,159,"NL","I"
304,1,159,"NL","I"
410,2,159,"NL","I"
370,1,159,"NL","I"
16,8,159,"NL","I"
7,10,159,"NL","I"
86,5,159,"NL","I"
30,3,160,"NL","I"
128,1,160,"NL","I"
364,2,160,"NL","I"
378,2,160,"NL","I"
279,1,160,"NL","I"
469,4,160,"NL","I"
495,14,160,"NL","I"
11,32,160,"NL","I"
483,3,160,"NL","I"
301,1,160,"NL","I"
33,13,160,"NL","I"
519,2,160,"NL","I"
165,1,161,"NL","I"
513,2,161,"NL","I"
426,1,161,"NL","I"
14,27,161,"NL","I"
502,23,161,"NL","I"
173,1,161,"NL","I"
179,7,161,"NL","I"
196,2,161,"NL","I"
440,1,161,"NL","I"
496,33,161,"NL","I"
72,9,161,"NL","I"
11,32,161,"NL","I"
374,2,162,"NL","I"
82,1,162,"NL","I"
17,6,162,"NL","I"
166,1,162,"NL","I"
23,8,162,"NL","I"
422,3,162,"NL","I"
8,6,162,"NL","I"
138,3,162,"NL","I"
435,1,162,"NL","I"
390,1,162,"NL","I"
124,1,162,"NL","I"
181,1,162,"NL","I"
498,32,163,"NL","I"
501,24,163,"NL","I"
318,2,163,"NL","I"
47,11,163,"NL","I"
198,1,163,"NL","I"
131,1,163,"NL","I"
390,1,163,"NL","I"
259,5,163,"NL","I"
503,25,163,"NL","I"
447,2,163,"NL","I"
308,2,163,"NL","I"
8,6,163,"NL","I"
265,1,164,"NL","I"
77,21,164,"NL","I"
46,6,164,"NL","I"
276,2,164,"NL","I"
517,3,164,"NL","I"
51,3,164,"NL","I"
497,36,164,"NL","I"
540,3,164,"NL","I"
371,1,164,"NL","I"
170,1,164,"NL","I"
380,2,164,"NL","I"
59,5,164,"NL","I"
17,6,165,"NL","I"
12,11,165,"NL","I"
140,1,165,"NL","I"
354,2,165,"NL","I"
445,9,165,"NL","I"
390,1,165,"NL","I"
285,1,165,"NL","I"
437,1,165,"NL","I"
59,5,165,"NL","I"
237,1,165,"NL","I"
19,10,165,"NL","I"
179,7,165,"NL","I"
109,1,166,"NL","I"
471,1,166,"NL","I"
24,5,166,"NL","I"
437,1,166,"NL","I"
158,1,166,"NL","I"
390,1,166,"NL","I"
348,2,166,"NL","I"
500,29,166,"NL","I"
517,3,166,"NL","I"
524,1,166,"NL","I"
14,27,166,"NL","I"
301,1,166,"NL","I"
28,26,167,"NL","I"
482,3,167,"NL","I"
5,7,167,"NL","I"
437,1,167,"NL","I"
341,2,167,"NL","I"
502,23,167,"NL","I"
61,46,167,"NL","I"
244,2,167,"NL","I"
326,1,167,"NL","I"
138,3,167,"NL","I"
426,1,167,"NL","I"
513,2,167,"NL","I"
394,1,168,"NL","I"
286,1,168,"NL","I"
123,3,168,"NL","I"
371,1,168,"NL","I"
482,3,168,"NL","I"
377,3,168,"NL","I"
132,1,168,"NL","I"
505,19,168,"NL","I"
124,1,168,"NL","I"
344,1,168,"NL","I"
19,10,168,"NL","I"
486,3,168,"NL","I"
77,21,169,"NL","I"
370,1,169,"NL","I"
433,2,169,"NL","I"
264,1,169,"NL","I"
277,1,169,"NL","I"
20,8,169,"NL","I"
10,7,169,"NL","I"
522,1,169,"NL","I"
252,1,169,"NL","I"
183,1,169,"NL","I"
223,1,169,"NL","I"
540,3,169,"NL","I"
16,8,170,"NL","I"
501,24,170,"NL","I"
276,2,170,"NL","I"
540,3,170,"NL","I"
105,1,170,"NL","I"
61,46,170,"NL","I"
344,1,170,"NL","I"
497,36,170,"NL","I"
367,2,170,"NL","I"
186,1,170,"NL","I"
337,8,170,"NL","I"
410,2,170,"NL","I"
140,1,171,"NL","I"
132,1,171,"NL","I"
112,2,171,"NL","I"
64,14,171,"NL","I"
12,11,171,"NL","I"
337,8,171,"NL","I"
203,1,171,"NL","I"
483,3,171,"NL","I"
209,1,171,"NL","I"
198,1,171,"NL","I"
458,1,171,"NL","I"
4,11,171,"NL","I"
508,19,172,"NL","I"
417,1,172,"NL","I"
193,1,172,"NL","I"
471,1,172,"NL","I"
237,1,172,"NL","I"
430,1,172,"NL","I"
318,2,172,"NL","I"
422,3,172,"NL","I"
361,3,172,"NL","I"
72,9,172,"NL","I"
249,2,172,"NL","I"
282,1,172,"NL","I"
17,6,173,"NL","I"
38,6,173,"NL","I"
131,1,173,"NL","I"
190,1,173,"NL","I"
72,9,173,"NL","I"
524,1,173,"NL","I"
228,1,173,"NL","I"
23,8,173,"NL","I"
51,3,173,"NL","I"
439,1,173,"NL","I"
377,3,173,"NL","I"
318,2,173,"NL","I"
203,1,174,"NL","I"
519,2,174,"NL","I"
228,1,174,"NL","I"
360,3,174,"NL","I"
433,2,174,"NL","I"
140,1,174,"NL","I"
540,3,174,"NL","I"
276,2,174,"NL","I"
282,1,174,"NL","I"
8,6,174,"NL","I"
10,7,174,"NL","I"
112,2,174,"NL","I"
150,1,175,"NL","I"
181,1,175,"NL","I"
196,2,175,"NL","I"
179,7,175,"NL","I"
109,1,175,"NL","I"
45,8,175,"NL","I"
26,52,175,"NL","I"
203,1,175,"NL","I"
303,5,175,"NL","I"
244,2,175,"NL","I"
39,1,175,"NL","I"
81,2,175,"NL","I"
483,3,176,"NL","I"
232,3,176,"NL","I"
421,4,176,"NL","I"
361,3,176,"NL","I"
13,3,176,"NL","I"
91,9,176,"NL","I"
344,1,176,"NL","I"
326,1,176,"NL","I"
381,3,176,"NL","I"
441,1,176,"NL","I"
285,1,176,"NL","I"
144,1,176,"NL","I"
265,1,177,"NL","I"
211,1,177,"NL","I"
519,2,177,"NL","I"
360,3,177,"NL","I"
371,1,177,"NL","I"
24,5,177,"NL","I"
470,4,177,"NL","I"
128,1,177,"NL","I"
44,18,177,"NL","I"
198,1,177,"NL","I"
441,1,177,"NL","I"
343,6,177,"NL","I"
7,10,178,"NL","I"
109,1,178,"NL","I"
131,1,178,"NL","I"
376,4,178,"NL","I"
438,6,178,"NL","I"
122,1,178,"NL","I"
132,1,178,"NL","I"
435,1,178,"NL","I"
499,36,178,"NL","I"
381,3,178,"NL","I"
78,12,178,"NL","I"
368,1,178,"NL","I"
112,2,179,"NL","I"
264,1,179,"NL","I"
23,8,179,"NL","I"
341,2,179,"NL","I"
12,11,179,"NL","I"
361,3,179,"NL","I"
326,1,179,"NL","I"
500,29,179,"NL","I"
525,4,179,"NL","I"
4,11,179,"NL","I"
39,1,179,"NL","I"
32,11,179,"NL","I"
367,2,180,"NL","I"
376,4,180,"NL","I"
5,7,180,"NL","I"
51,3,180,"NL","I"
36,6,180,"NL","I"
63,6,180,"NL","I"
482,3,180,"NL","I"
105,1,180,"NL","I"
497,36,180,"NL","I"
514,3,180,"NL","I"
394,1,180,"NL","I"
222,2,180,"NL","I"
8,6,181,"NL","I"
144,1,181,"NL","I"
499,36,181,"NL","I"
377,3,181,"NL","I"
124,1,181,"NL","I"
20,8,181,"NL","I"
78,12,181,"NL","I"
61,46,181,"NL","I"
211,1,181,"NL","I"
39,1,181,"NL","I"
500,29,181,"NL","I"
534,3,181,"NL","I"
361,3,182,"NL","I"
66,1,182,"NL","I"
376,4,182,"NL","I"
164,4,182,"NL","I"
337,8,182,"NL","I"
56,7,182,"NL","I"
132,1,182,"NL","I"
265,1,182,"NL","I"
447,2,182,"NL","I"
344,1,182,"NL","I"
30,3,182,"NL","I"
471,1,182,"NL","I"
371,1,183,"NL","I"
61,46,183,"NL","I"
519,2,183,"NL","I"
349,1,183,"NL","I"
33,13,183,"NL","I"
401,1,183,"NL","I"
285,1,183,"NL","I"
170,1,183,"NL","I"
358,15,183,"NL","I"
344,1,183,"NL","I"
143,1,183,"NL","I"
38,6,183,"NL","I"
358,15,184,"NL","I"
61,46,184,"NL","I"
357,1,184,"NL","I"
482,3,184,"NL","I"
143,1,184,"NL","I"
368,1,184,"NL","I"
13,3,184,"NL","I"
426,1,184,"NL","I"
458,1,184,"NL","I"
123,3,184,"NL","I"
237,1,184,"NL","I"
525,4,184,"NL","I"
308,2,185,"NL","I"
482,3,185,"NL","I"
186,1,185,"NL","I"
458,1,185,"NL","I"
143,1,185,"NL","I"
469,4,185,"NL","I"
282,1,185,"NL","I"
30,3,185,"NL","I"
20,8,185,"NL","I"
86,5,185,"NL","I"
16,8,185,"NL","I"
13,3,185,"NL","I"
223,1,186,"NL","I"
318,2,186,"NL","I"
380,2,186,"NL","I"
203,1,186,"NL","I"
196,2,186,"NL","I"
183,1,186,"NL","I"
17,6,186,"NL","I"
374,2,186,"NL","I"
24,5,186,"NL","I"
10,7,186,"NL","I"
326,1,186,"NL","I"
499,36,186,"NL","I"
158,1,187,"NL","I"
282,1,187,"NL","I"
123,3,187,"NL","I"
524,1,187,"NL","I"
445,9,187,"NL","I"
67,12,187,"NL","I"
525,4,187,"NL","I"
259,5,187,"NL","I"
286,1,187,"NL","I"
360,3,187,"NL","I"
471,1,187,"NL","I"
86,5,187,"NL","I"
46,6,188,"NL","I"
81,2,188,"NL","I"
304,1,188,"NL","I"
540,3,188,"NL","I"
355,1,188,"NL","I"
249,2,188,"NL","I"
378,2,188,"NL","I"
67,12,188,"NL","I"
317,2,188,"NL","I"
514,3,188,"NL","I"
525,4,188,"NL","I"
363,1,188,"NL","I"
498,32,189,"NL","I"
232,3,189,"NL","I"
170,1,189,"NL","I"
45,8,189,"NL","I"
189,1,189,"NL","I"
80,6,189,"NL","I"
401,1,189,"NL","I"
124,1,189,"NL","I"
266,1,189,"NL","I"
143,1,189,"NL","I"
56,7,189,"NL","I"
300,1,189,"NL","I"
80,6,190,"NL","I"
24,5,190,"NL","I"
105,1,190,"NL","I"
508,19,190,"NL","I"
193,1,190,"NL","I"
179,7,190,"NL","I"
247,1,190,"NL","I"
372,1,190,"NL","I"
165,1,190,"NL","I"
433,2,190,"NL","I"
534,3,190,"NL","I"
458,1,190,"NL","I"
249,2,191,"NL","I"
82,1,191,"NL","I"
390,1,191,"NL","I"
348,2,191,"NL","I"
360,3,191,"NL","I"
165,1,191,"NL","I"
374,2,191,"NL","I"
57,12,191,"NL","I"
59,5,191,"NL","I"
143,1,191,"NL","I"
255,1,191,"NL","I"
264,1,191,"NL","I"
173,1,192,"NL","I"
369,2,192,"NL","I"
63,6,192,"NL","I"
232,3,192,"NL","I"
337,8,192,"NL","I"
20,8,192,"NL","I"
410,2,192,"NL","I"
378,2,192,"NL","I"
304,1,192,"NL","I"
367,2,192,"NL","I"
360,3,192,"NL","I"
380,2,192,"NL","I"
67,12,193,"NL","I"
209,1,193,"NL","I"
439,1,193,"NL","I"
300,1,193,"NL","I"
77,21,193,"NL","I"
123,3,193,"NL","I"
498,32,193,"NL","I"
502,23,193,"NL","I"
358,15,193,"NL","I"
317,2,193,"NL","I"
343,6,193,"NL","I"
41,2,193,"NL","I"
523,4,194,"NL","I"
337,8,194,"NL","I"
144,1,194,"NL","I"
179,7,194,"NL","I"
470,4,194,"NL","I"
66,1,194,"NL","I"
504,40,194,"NL","I"
209,1,194,"NL","I"
276,2,194,"NL","I"
122,1,194,"NL","I"
16,8,194,"NL","I"
519,2,194,"NL","I"
308,2,195,"NL","I"
389,2,195,"NL","I"
401,1,195,"NL","I"
519,2,195,"NL","I"
86,5,195,"NL","I"
504,40,195,"NL","I"
497,36,195,"NL","I"
516,3,195,"NL","I"
421,4,195,"NL","I"
39,1,195,"NL","I"
203,1,195,"NL","I"
91,9,195,"NL","I"
198,1,196,"NL","I"
247,1,196,"NL","I"
410,2,196,"NL","I"
367,2,196,"NL","I"
361,3,196,"NL","I"
20,8,196,"NL","I"
433,2,196,"NL","I"
44,18,196,"NL","I"
501,24,196,"NL","I"
30,3,196,"NL","I"
440,1,196,"NL","I"
421,4,196,"NL","I"
67,12,197,"NL","I"
164,4,197,"NL","I"
11,32,197,"NL","I"
349,1,197,"NL","I"
72,9,197,"NL","I"
109,1,197,"NL","I"
48,6,197,"NL","I"
24,5,197,"NL","I"
326,1,197,"NL","I"
124,1,197,"NL","I"
435,1,197,"NL","I"
26,52,197,"NL","I"
259,5,198,"NL","I"
202,1,198,"NL","I"
248,2,198,"NL","I"
36,6,198,"NL","I"
45,8,198,"NL","I"
198,1,198,"NL","I"
304,1,198,"NL","I"
67,12,198,"NL","I"
247,1,198,"NL","I"
138,3,198,"NL","I"
523,4,198,"NL","I"
540,3,198,"NL","I"
188,1,199,"NL","I"
522,1,199,"NL","I"
415,1,199,"NL","I"
232,3,199,"NL","I"
455,2,199,"NL","I"
458,1,199,"NL","I"
360,3,199,"NL","I"
419,1,199,"NL","I"
441,1,199,"NL","I"
463,1,199,"NL","I"
425,3,199,"NL","I"
186,1,199,"NL","I"
24,5,200,"NL","I"
369,2,200,"NL","I"
365,4,200,"NL","I"
165,1,200,"NL","I"
26,52,200,"NL","I"
164,4,200,"NL","I"
255,1,200,"NL","I"
249,2,200,"NL","I"
308,2,200,"NL","I"
59,5,200,"NL","I"
361,3,200,"NL","I"
540,3,200,"NL","I"
440,1,201,"NL","I"
360,3,201,"NL","I"
128,1,201,"NL","I"
36,6,201,"NL","I"
508,19,201,"NL","I"
266,1,201,"NL","I"
61,46,201,"NL","I"
371,1,201,"NL","I"
80,6,201,"NL","I"
410,2,201,"NL","I"
17,6,201,"NL","I"
458,1,201,"NL","I"
433,2,202,"NL","I"
419,1,202,"NL","I"
64,14,202,"NL","I"
13,3,202,"NL","I"
317,2,202,"NL","I"
123,3,202,"NL","I"
522,1,202,"NL","I"
61,46,202,"NL","I"
447,2,202,"NL","I"
364,2,202,"NL","I"
523,4,202,"NL","I"
534,3,202,"NL","I"
39,1,203,"NL","I"
223,1,203,"NL","I"
303,5,203,"NL","I"
276,2,203,"NL","I"
377,3,203,"NL","I"
186,1,203,"NL","I"
378,2,203,"NL","I"
179,7,203,"NL","I"
498,32,203,"NL","I"
301,1,203,"NL","I"
501,24,203,"NL","I"
80,6,203,"NL","I"
513,2,204,"NL","I"
390,1,204,"NL","I"
20,8,204,"NL","I"
410,2,204,"NL","I"
445,9,204,"NL","I"
255,1,204,"NL","I"
46,6,204,"NL","I"
308,2,204,"NL","I"
211,1,204,"NL","I"
425,3,204,"NL","I"
47,11,204,"NL","I"
66,1,204,"NL","I"
390,1,205,"NL","I"
394,1,205,"NL","I"
5,7,205,"NL","I"
357,1,205,"NL","I"
502,23,205,"NL","I"
380,2,205,"NL","I"
8,6,205,"NL","I"
471,1,205,"NL","I"
198,1,205,"NL","I"
286,1,205,"NL","I"
370,1,205,"NL","I"
193,1,205,"NL","I"
19,10,206,"NL","I"
435,1,206,"NL","I"
318,2,206,"NL","I"
16,8,206,"NL","I"
440,1,206,"NL","I"
467,4,206,"NL","I"
389,2,206,"NL","I"
122,1,206,"NL","I"
66,1,206,"NL","I"
397,1,206,"NL","I"
445,9,206,"NL","I"
390,1,206,"NL","I"
61,46,207,"NL","I"
77,21,207,"NL","I"
363,1,207,"NL","I"
62,8,207,"NL","I"
265,1,207,"NL","I"
150,1,207,"NL","I"
8,6,207,"NL","I"
158,1,207,"NL","I"
524,1,207,"NL","I"
252,1,207,"NL","I"
143,1,207,"NL","I"
211,1,207,"NL","I"
62,8,208,"NL","I"
525,4,208,"NL","I"
122,1,208,"NL","I"
23,8,208,"NL","I"
140,1,208,"NL","I"
164,4,208,"NL","I"
433,2,208,"NL","I"
202,1,208,"NL","I"
247,1,208,"NL","I"
158,1,208,"NL","I"
150,1,208,"NL","I"
143,1,208,"NL","I"
378,2,209,"NL","I"
11,32,209,"NL","I"
318,2,209,"NL","I"
367,2,209,"NL","I"
354,2,209,"NL","I"
138,3,209,"NL","I"
504,40,209,"NL","I"
282,1,209,"NL","I"
141,1,209,"NL","I"
56,7,209,"NL","I"
426,1,209,"NL","I"
374,2,209,"NL","I"
122,1,210,"NL","I"
463,1,210,"NL","I"
343,6,210,"NL","I"
141,1,210,"NL","I"
244,2,210,"NL","I"
124,1,210,"NL","I"
77,21,210,"NL","I"
81,2,210,"NL","I"
4,11,210,"NL","I"
209,1,210,"NL","I"
303,5,210,"NL","I"
513,2,210,"NL","I"
12,11,211,"NL","I"
64,14,211,"NL","I"
514,3,211,"NL","I"
522,1,211,"NL","I"
66,1,211,"NL","I"
486,3,211,"NL","I"
259,5,211,"NL","I"
495,14,211,"NL","I"
131,1,211,"NL","I"
223,1,211,"NL","I"
374,2,211,"NL","I"
438,6,211,"NL","I"
370,1,212,"NL","I"
505,19,212,"NL","I"
67,12,212,"NL","I"
540,3,212,"NL","I"
124,1,212,"NL","I"
222,2,212,"NL","I"
463,1,212,"NL","I"
33,13,212,"NL","I"
86,5,212,"NL","I"
81,2,212,"NL","I"
486,3,212,"NL","I"
445,9,212,"NL","I"
17,6,213,"NL","I"
278,1,213,"NL","I"
259,5,213,"NL","I"
540,3,213,"NL","I"
279,1,213,"NL","I"
349,1,213,"NL","I"
4,11,213,"NL","I"
502,23,213,"NL","I"
367,2,213,"NL","I"
417,1,213,"NL","I"
144,1,213,"NL","I"
381,3,213,"NL","I"
372,1,214,"NL","I"
8,6,214,"NL","I"
315,1,214,"NL","I"
32,11,214,"NL","I"
59,5,214,"NL","I"
181,1,214,"NL","I"
348,2,214,"NL","I"
278,1,214,"NL","I"
30,3,214,"NL","I"
33,13,214,"NL","I"
519,2,214,"NL","I"
447,2,214,"NL","I"
430,1,215,"NL","I"
252,1,215,"NL","I"
500,29,215,"NL","I"
367,2,215,"NL","I"
86,5,215,"NL","I"
377,3,215,"NL","I"
244,2,215,"NL","I"
285,1,215,"NL","I"
344,1,215,"NL","I"
64,14,215,"NL","I"
122,1,215,"NL","I"
7,10,215,"NL","I"
302,1,216,"NL","I"
181,1,216,"NL","I"
426,1,216,"NL","I"
61,46,216,"NL","I"
463,1,216,"NL","I"
354,2,216,"NL","I"
496,33,216,"NL","I"
112,2,216,"NL","I"
285,1,216,"NL","I"
369,2,216,"NL","I"
252,1,216,"NL","I"
141,1,216,"NL","I"
122,1,217,"NL","I"
61,46,217,"NL","I"
63,6,217,"NL","I"
32,11,217,"NL","I"
173,1,217,"NL","I"
349,1,217,"NL","I"
276,2,217,"NL","I"
437,1,217,"NL","I"
237,1,217,"NL","I"
138,3,217,"NL","I"
56,7,217,"NL","I"
30,3,217,"NL","I"
48,6,218,"NL","I"
499,36,218,"NL","I"
467,4,218,"NL","I"
188,1,218,"NL","I"
470,4,218,"NL","I"
486,3,218,"NL","I"
354,2,218,"NL","I"
365,4,218,"NL","I"
10,7,218,"NL","I"
164,4,218,"NL","I"
20,8,218,"NL","I"
264,1,218,"NL","I"
45,8,219,"NL","I"
415,1,219,"NL","I"
437,1,219,"NL","I"
417,1,219,"NL","I"
278,1,219,"NL","I"
170,1,219,"NL","I"
341,2,219,"NL","I"
500,29,219,"NL","I"
508,19,219,"NL","I"
38,6,219,"NL","I"
46,6,219,"NL","I"
426,1,219,"NL","I"
223,1,220,"NL","I"
519,2,220,"NL","I"
371,1,220,"NL","I"
122,1,220,"NL","I"
378,2,220,"NL","I"
500,29,220,"NL","I"
222,2,220,"NL","I"
361,3,220,"NL","I"
445,9,220,"NL","I"
501,24,220,"NL","I"
522,1,220,"NL","I"
523,4,220,"NL","I"
372,1,221,"NL","I"
380,2,221,"NL","I"
7,10,221,"NL","I"
78,12,221,"NL","I"
374,2,221,"NL","I"
358,15,221,"NL","I"
91,9,221,"NL","I"
61,46,221,"NL","I"
190,1,221,"NL","I"
499,36,221,"NL","I"
165,1,221,"NL","I"
317,2,221,"NL","I"
369,2,222,"NL","I"
495,14,222,"NL","I"
249,2,222,"NL","I"
17,6,222,"NL","I"
143,1,222,"NL","I"
144,1,222,"NL","I"
80,6,222,"NL","I"
322,2,222,"NL","I"
170,1,222,"NL","I"
438,6,222,"NL","I"
48,6,222,"NL","I"
516,3,222,"NL","I"
361,3,223,"NL","I"
486,3,223,"NL","I"
371,1,223,"NL","I"
300,1,223,"NL","I"
158,1,223,"NL","I"
421,4,223,"NL","I"
64,14,223,"NL","I"
132,1,223,"NL","I"
467,4,223,"NL","I"
193,1,223,"NL","I"
302,1,223,"NL","I"
265,1,223,"NL","I"
390,1,224,"NL","I"
495,14,224,"NL","I"
523,4,224,"NL","I"
265,1,224,"NL","I"
381,3,224,"NL","I"
112,2,224,"NL","I"
410,2,224,"NL","I"
469,4,224,"NL","I"
435,1,224,"NL","I"
183,1,224,"NL","I"
502,23,224,"NL","I"
368,1,224,"NL","I"
519,2,225,"NL","I"
259,5,225,"NL","I"
349,1,225,"NL","I"
222,2,225,"NL","I"
300,1,225,"NL","I"
252,1,225,"NL","I"
11,32,225,"NL","I"
435,1,225,"NL","I"
188,1,225,"NL","I"
61,46,225,"NL","I"
286,1,225,"NL","I"
41,2,225,"NL","I"
5,7,226,"NL","I"
341,2,226,"NL","I"
465,1,226,"NL","I"
390,1,226,"NL","I"
519,2,226,"NL","I"
26,52,226,"NL","I"
534,3,226,"NL","I"
142,1,226,"NL","I"
483,3,226,"NL","I"
138,3,226,"NL","I"
397,1,226,"NL","I"
248,2,226,"NL","I"
59,5,227,"NL","I"
278,1,227,"NL","I"
57,12,227,"NL","I"
237,1,227,"NL","I"
439,1,227,"NL","I"
247,1,227,"NL","I"
301,1,227,"NL","I"
455,2,227,"NL","I"
81,2,227,"NL","I"
11,32,227,"NL","I"
368,1,227,"NL","I"
441,1,227,"NL","I"
376,4,228,"NL","I"
77,21,228,"NL","I"
24,5,228,"NL","I"
109,1,228,"NL","I"
209,1,228,"NL","I"
63,6,228,"NL","I"
499,36,228,"NL","I"
540,3,228,"NL","I"
497,36,228,"NL","I"
534,3,228,"NL","I"
36,6,228,"NL","I"
337,8,228,"NL","I"
276,2,229,"NL","I"
504,40,229,"NL","I"
465,1,229,"NL","I"
422,3,229,"NL","I"
202,1,229,"NL","I"
277,1,229,"NL","I"
522,1,229,"NL","I"
62,8,229,"NL","I"
394,1,229,"NL","I"
517,3,229,"NL","I"
361,3,229,"NL","I"
209,1,229,"NL","I"
425,3,230,"NL","I"
517,3,230,"NL","I"
355,1,230,"NL","I"
344,1,230,"NL","I"
66,1,230,"NL","I"
91,9,230,"NL","I"
82,1,230,"NL","I"
51,3,230,"NL","I"
126,4,230,"NL","I"
499,36,230,"NL","I"
337,8,230,"NL","I"
440,1,230,"NL","I"
61,46,231,"NL","I"
337,8,231,"NL","I"
433,2,231,"NL","I"
417,1,231,"NL","I"
196,2,231,"NL","I"
17,6,231,"NL","I"
202,1,231,"NL","I"
5,7,231,"NL","I"
23,8,231,"NL","I"
439,1,231,"NL","I"
370,1,231,"NL","I"
46,6,231,"NL","I"
455,2,232,"NL","I"
496,33,232,"NL","I"
47,11,232,"NL","I"
430,1,232,"NL","I"
170,1,232,"NL","I"
109,1,232,"NL","I"
59,5,232,"NL","I"
23,8,232,"NL","I"
495,14,232,"NL","I"
38,6,232,"NL","I"
524,1,232,"NL","I"
20,8,232,"NL","I"
30,3,233,"NL","I"
266,1,233,"NL","I"
498,32,233,"NL","I"
132,1,233,"NL","I"
166,1,233,"NL","I"
255,1,233,"NL","I"
39,1,233,"NL","I"
435,1,233,"NL","I"
36,6,233,"NL","I"
421,4,233,"NL","I"
397,1,233,"NL","I"
140,1,233,"NL","I"
232,3,234,"NL","I"
514,3,234,"NL","I"
122,1,234,"NL","I"
249,2,234,"NL","I"
278,1,234,"NL","I"
264,1,234,"NL","I"
495,14,234,"NL","I"
381,3,234,"NL","I"
141,1,234,"NL","I"
318,2,234,"NL","I"
501,24,234,"NL","I"
517,3,234,"NL","I"
48,6,235,"NL","I"
12,11,235,"NL","I"
308,2,235,"NL","I"
265,1,235,"NL","I"
357,1,235,"NL","I"
286,1,235,"NL","I"
369,2,235,"NL","I"
14,27,235,"NL","I"
495,14,235,"NL","I"
198,1,235,"NL","I"
13,3,235,"NL","I"
8,6,235,"NL","I"
363,1,236,"NL","I"
203,1,236,"NL","I"
228,1,236,"NL","I"
222,2,236,"NL","I"
349,1,236,"NL","I"
81,2,236,"NL","I"
265,1,236,"NL","I"
165,1,236,"NL","I"
505,19,236,"NL","I"
202,1,236,"NL","I"
433,2,236,"NL","I"
358,15,236,"NL","I"
264,1,237,"NL","I"
165,1,237,"NL","I"
4,11,237,"NL","I"
91,9,237,"NL","I"
46,6,237,"NL","I"
422,3,237,"NL","I"
140,1,237,"NL","I"
525,4,237,"NL","I"
250,1,237,"NL","I"
523,4,237,"NL","I"
44,18,237,"NL","I"
166,1,237,"NL","I"
300,1,238,"NL","I"
508,19,238,"NL","I"
56,7,238,"NL","I"
337,8,238,"NL","I"
170,1,238,"NL","I"
360,3,238,"NL","I"
19,10,238,"NL","I"
228,1,238,"NL","I"
410,2,238,"NL","I"
430,1,238,"NL","I"
482,3,238,"NL","I"
439,1,238,"NL","I"
469,4,239,"NL","I"
426,1,239,"NL","I"
360,3,239,"NL","I"
440,1,239,"NL","I"
317,2,239,"NL","I"
348,2,239,"NL","I"
380,2,239,"NL","I"
23,8,239,"NL","I"
315,1,239,"NL","I"
173,1,239,"NL","I"
482,3,239,"NL","I"
286,1,239,"NL","I"
126,4,240,"NL","I"
354,2,240,"NL","I"
140,1,240,"NL","I"
47,11,240,"NL","I"
360,3,240,"NL","I"
10,7,240,"NL","I"
365,4,240,"NL","I"
358,15,240,"NL","I"
190,1,240,"NL","I"
181,1,240,"NL","I"
66,1,240,"NL","I"
232,3,240,"NL","I"
463,1,241,"NL","I"
426,1,241,"NL","I"
390,1,241,"NL","I"
355,1,241,"NL","I"
122,1,241,"NL","I"
378,2,241,"NL","I"
495,14,241,"NL","I"
166,1,241,"NL","I"
524,1,241,"NL","I"
525,4,241,"NL","I"
248,2,241,"NL","I"
81,2,241,"NL","I"
361,3,242,"NL","I"
433,2,242,"NL","I"
196,2,242,"NL","I"
370,1,242,"NL","I"
504,40,242,"NL","I"
128,1,242,"NL","I"
438,6,242,"NL","I"
202,1,242,"NL","I"
150,1,242,"NL","I"
540,3,242,"NL","I"
47,11,242,"NL","I"
249,2,242,"NL","I"
150,1,243,"NL","I"
33,13,243,"NL","I"
56,7,243,"NL","I"
188,1,243,"NL","I"
285,1,243,"NL","I"
337,8,243,"NL","I"
445,9,243,"NL","I"
363,1,243,"NL","I"
255,1,243,"NL","I"
4,11,243,"NL","I"
105,1,243,"NL","I"
433,2,243,"NL","I"
517,3,244,"NL","I"
508,19,244,"NL","I"
179,7,244,"NL","I"
266,1,244,"NL","I"
249,2,244,"NL","I"
51,3,244,"NL","I"
482,3,244,"NL","I"
143,1,244,"NL","I"
525,4,244,"NL","I"
32,11,244,"NL","I"
364,2,244,"NL","I"
41,2,244,"NL","I"
426,1,245,"NL","I"
360,3,245,"NL","I"
237,1,245,"NL","I"
23,8,245,"NL","I"
76,7,245,"NL","I"
11,32,245,"NL","I"
59,5,245,"NL","I"
469,4,245,"NL","I"
471,1,245,"NL","I"
410,2,245,"NL","I"
372,1,245,"NL","I"
86,5,245,"NL","I"
82,1,246,"NL","I"
124,1,246,"NL","I"
46,6,246,"NL","I"
381,3,246,"NL","I"
360,3,246,"NL","I"
519,2,246,"NL","I"
138,3,246,"NL","I"
465,1,246,"NL","I"
516,3,246,"NL","I"
363,1,246,"NL","I"
337,8,246,"NL","I"
303,5,246,"NL","I"
358,15,247,"NL","I"
344,1,247,"NL","I"
441,1,247,"NL","I"
237,1,247,"NL","I"
124,1,247,"NL","I"
166,1,247,"NL","I"
525,4,247,"NL","I"
302,1,247,"NL","I"
286,1,247,"NL","I"
56,7,247,"NL","I"
524,1,247,"NL","I"
158,1,247,"NL","I"
421,4,248,"NL","I"
13,3,248,"NL","I"
183,1,248,"NL","I"
445,9,248,"NL","I"
415,1,248,"NL","I"
276,2,248,"NL","I"
196,2,248,"NL","I"
422,3,248,"NL","I"
112,2,248,"NL","I"
343,6,248,"NL","I"
363,1,248,"NL","I"
302,1,248,"NL","I"
326,1,249,"NL","I"
300,1,249,"NL","I"
435,1,249,"NL","I"
447,2,249,"NL","I"
277,1,249,"NL","I"
33,13,249,"NL","I"
80,6,249,"NL","I"
344,1,249,"NL","I"
372,1,249,"NL","I"
354,2,249,"NL","I"
367,2,249,"NL","I"
465,1,249,"NL","I"
523,4,250,"NL","I"
16,8,250,"NL","I"
343,6,250,"NL","I"
131,1,250,"NL","I"
228,1,250,"NL","I"
303,5,250,"NL","I"
164,4,250,"NL","I"
376,4,250,"NL","I"
372,1,250,"NL","I"
32,11,250,"NL","I"
170,1,250,"NL","I"
255,1,250,"NL","I"
500,29,251,"NL","I"
64,14,251,"NL","I"
364,2,251,"NL","I"
141,1,251,"NL","I"
142,1,251,"NL","I"
282,1,251,"NL","I"
372,1,251,"NL","I"
503,25,251,"NL","I"
430,1,251,"NL","I"
337,8,251,"NL","I"
308,2,251,"NL","I"
360,3,251,"NL","I"
326,1,252,"NL","I"
525,4,252,"NL","I"
150,1,252,"NL","I"
367,2,252,"NL","I"
132,1,252,"NL","I"
67,12,252,"NL","I"
349,1,252,"NL","I"
23,8,252,"NL","I"
91,9,252,"NL","I"
188,1,252,"NL","I"
534,3,252,"NL","I"
317,2,252,"NL","I"
417,1,253,"NL","I"
203,1,253,"NL","I"
26,52,253,"NL","I"
252,1,253,"NL","I"
315,1,253,"NL","I"
222,2,253,"NL","I"
401,1,253,"NL","I"
390,1,253,"NL","I"
183,1,253,"NL","I"
86,5,253,"NL","I"
410,2,253,"NL","I"
131,1,253,"NL","I"
441,1,254,"NL","I"
237,1,254,"NL","I"
56,7,254,"NL","I"
304,1,254,"NL","I"
417,1,254,"NL","I"
150,1,254,"NL","I"
77,21,254,"NL","I"
363,1,254,"NL","I"
394,1,254,"NL","I"
10,7,254,"NL","I"
131,1,254,"NL","I"
24,5,254,"NL","I"
277,1,255,"NL","I"
498,32,255,"NL","I"
422,3,255,"NL","I"
497,36,255,"NL","I"
525,4,255,"NL","I"
376,4,255,"NL","I"
63,6,255,"NL","I"
62,8,255,"NL","I"
211,1,255,"NL","I"
425,3,255,"NL","I"
540,3,255,"NL","I"
369,2,255,"NL","I"
308,2,256,"NL","I"
445,9,256,"NL","I"
318,2,256,"NL","I"
377,3,256,"NL","I"
26,52,256,"NL","I"
367,2,256,"NL","I"
430,1,256,"NL","I"
143,1,256,"NL","I"
303,5,256,"NL","I"
498,32,256,"NL","I"
141,1,256,"NL","I"
467,4,256,"NL","I"
426,1,257,"NL","I"
265,1,257,"NL","I"
228,1,257,"NL","I"
486,3,257,"NL","I"
524,1,257,"NL","I"
534,3,257,"NL","I"
165,1,257,"NL","I"
415,1,257,"NL","I"
181,1,257,"NL","I"
358,15,257,"NL","I"
467,4,257,"NL","I"
376,4,257,"NL","I"
23,8,258,"NL","I"
369,2,258,"NL","I"
540,3,258,"NL","I"
255,1,258,"NL","I"
524,1,258,"NL","I"
358,15,258,"NL","I"
232,3,258,"NL","I"
44,18,258,"NL","I"
266,1,258,"NL","I"
470,4,258,"NL","I"
390,1,258,"NL","I"
374,2,258,"NL","I"
439,1,259,"NL","I"
64,14,259,"NL","I"
410,2,259,"NL","I"
62,8,259,"NL","I"
499,36,259,"NL","I"
128,1,259,"NL","I"
39,1,259,"NL","I"
170,1,259,"NL","I"
525,4,259,"NL","I"
277,1,259,"NL","I"
368,1,259,"NL","I"
132,1,259,"NL","I"
249,2,260,"NL","I"
47,11,260,"NL","I"
193,1,260,"NL","I"
367,2,260,"NL","I"
255,1,260,"NL","I"
16,8,260,"NL","I"
211,1,260,"NL","I"
357,1,260,"NL","I"
341,2,260,"NL","I"
265,1,260,"NL","I"
302,1,260,"NL","I"
376,4,260,"NL","I"
248,2,261,"NL","I"
421,4,261,"NL","I"
369,2,261,"NL","I"
277,1,261,"NL","I"
425,3,261,"NL","I"
5,7,261,"NL","I"
498,32,261,"NL","I"
17,6,261,"NL","I"
170,1,261,"NL","I"
540,3,261,"NL","I"
211,1,261,"NL","I"
300,1,261,"NL","I"
67,12,262,"NL","I"
198,1,262,"NL","I"
5,7,262,"NL","I"
228,1,262,"NL","I"
519,2,262,"NL","I"
341,2,262,"NL","I"
482,3,262,"NL","I"
358,15,262,"NL","I"
259,5,262,"NL","I"
32,11,262,"NL","I"
66,1,262,"NL","I"
237,1,262,"NL","I"
144,1,263,"NL","I"
278,1,263,"NL","I"
32,11,263,"NL","I"
41,2,263,"NL","I"
374,2,263,"NL","I"
276,2,263,"NL","I"
469,4,263,"NL","I"
463,1,263,"NL","I"
361,3,263,"NL","I"
439,1,263,"NL","I"
447,2,263,"NL","I"
51,3,263,"NL","I"
48,6,264,"NL","I"
516,3,264,"NL","I"
179,7,264,"NL","I"
282,1,264,"NL","I"
437,1,264,"NL","I"
189,1,264,"NL","I"
364,2,264,"NL","I"
123,3,264,"NL","I"
259,5,264,"NL","I"
276,2,264,"NL","I"
249,2,264,"NL","I"
505,19,264,"NL","I"
47,11,265,"NL","I"
41,2,265,"NL","I"
80,6,265,"NL","I"
244,2,265,"NL","I"
483,3,265,"NL","I"
361,3,265,"NL","I"
525,4,265,"NL","I"
259,5,265,"NL","I"
286,1,265,"NL","I"
266,1,265,"NL","I"
534,3,265,"NL","I"
4,11,265,"NL","I"
203,1,266,"NL","I"
173,1,266,"NL","I"
140,1,266,"NL","I"
503,25,266,"NL","I"
255,1,266,"NL","I"
59,5,266,"NL","I"
348,2,266,"NL","I"
76,7,266,"NL","I"
377,3,266,"NL","I"
437,1,266,"NL","I"
164,4,266,"NL","I"
109,1,266,"NL","I"
30,3,267,"NL","I"
47,11,267,"NL","I"
308,2,267,"NL","I"
437,1,267,"NL","I"
278,1,267,"NL","I"
422,3,267,"NL","I"
11,32,267,"NL","I"
471,1,267,"NL","I"
364,2,267,"NL","I"
534,3,267,"NL","I"
355,1,267,"NL","I"
401,1,267,"NL","I"
495,14,268,"NL","I"
389,2,268,"NL","I"
190,1,268,"NL","I"
11,32,268,"NL","I"
501,24,268,"NL","I"
41,2,268,"NL","I"
78,12,268,"NL","I"
445,9,268,"NL","I"
300,1,268,"NL","I"
80,6,268,"NL","I"
358,15,268,"NL","I"
232,3,268,"NL","I"
109,1,269,"NL","I"
123,3,269,"NL","I"
131,1,269,"NL","I"
196,2,269,"NL","I"
286,1,269,"NL","I"
483,3,269,"NL","I"
4,11,269,"NL","I"
463,1,269,"NL","I"
60,5,269,"NL","I"
7,10,269,"NL","I"
513,2,269,"NL","I"
46,6,269,"NL","I"
302,1,270,"NL","I"
419,1,270,"NL","I"
198,1,270,"NL","I"
381,3,270,"NL","I"
188,1,270,"NL","I"
422,3,270,"NL","I"
32,11,270,"NL","I"
341,2,270,"NL","I"
483,3,270,"NL","I"
519,2,270,"NL","I"
369,2,270,"NL","I"
232,3,270,"NL","I"
522,1,271,"NL","I"
517,3,271,"NL","I"
508,19,271,"NL","I"
237,1,271,"NL","I"
343,6,271,"NL","I"
141,1,271,"NL","I"
255,1,271,"NL","I"
377,3,271,"NL","I"
301,1,271,"NL","I"
12,11,271,"NL","I"
39,1,271,"NL","I"
302,1,271,"NL","I"
437,1,272,"NL","I"
17,6,272,"NL","I"
126,4,272,"NL","I"
469,4,272,"NL","I"
45,8,272,"NL","I"
259,5,272,"NL","I"
370,1,272,"NL","I"
503,25,272,"NL","I"
337,8,272,"NL","I"
20,8,272,"NL","I"
389,2,272,"NL","I"
471,1,272,"NL","I"
482,3,273,"NL","I"
250,1,273,"NL","I"
122,1,273,"NL","I"
343,6,273,"NL","I"
360,3,273,"NL","I"
181,1,273,"NL","I"
371,1,273,"NL","I"
467,4,273,"NL","I"
326,1,273,"NL","I"
372,1,273,"NL","I"
124,1,273,"NL","I"
16,8,273,"NL","I"
252,1,274,"NL","I"
259,5,274,"NL","I"
318,2,274,"NL","I"
513,2,274,"NL","I"
377,3,274,"NL","I"
426,1,274,"NL","I"
86,5,274,"NL","I"
534,3,274,"NL","I"
63,6,274,"NL","I"
61,46,274,"NL","I"
109,1,274,"NL","I"
394,1,274,"NL","I"
250,1,275,"NL","I"
158,1,275,"NL","I"
181,1,275,"NL","I"
381,3,275,"NL","I"
524,1,275,"NL","I"
222,2,275,"NL","I"
502,23,275,"NL","I"
46,6,275,"NL","I"
20,8,275,"NL","I"
433,2,275,"NL","I"
248,2,275,"NL","I"
265,1,275,"NL","I"
508,19,276,"NL","I"
465,1,276,"NL","I"
378,2,276,"NL","I"
318,2,276,"NL","I"
190,1,276,"NL","I"
203,1,276,"NL","I"
138,3,276,"NL","I"
277,1,276,"NL","I"
513,2,276,"NL","I"
33,13,276,"NL","I"
503,25,276,"NL","I"
497,36,276,"NL","I"
196,2,277,"NL","I"
67,12,277,"NL","I"
173,1,277,"NL","I"
470,4,277,"NL","I"
285,1,277,"NL","I"
249,2,277,"NL","I"
302,1,277,"NL","I"
158,1,277,"NL","I"
150,1,277,"NL","I"
486,3,277,"NL","I"
141,1,277,"NL","I"
17,6,277,"NL","I"
179,7,278,"NL","I"
228,1,278,"NL","I"
505,19,278,"NL","I"
358,15,278,"NL","I"
17,6,278,"NL","I"
380,2,278,"NL","I"
470,4,278,"NL","I"
123,3,278,"NL","I"
394,1,278,"NL","I"
61,46,278,"NL","I"
534,3,278,"NL","I"
372,1,278,"NL","I"
249,2,279,"NL","I"
426,1,279,"NL","I"
438,6,279,"NL","I"
465,1,279,"NL","I"
341,2,279,"NL","I"
82,1,279,"NL","I"
348,2,279,"NL","I"
14,27,279,"NL","I"
415,1,279,"NL","I"
363,1,279,"NL","I"
505,19,279,"NL","I"
46,6,279,"NL","I"
471,1,280,"NL","I"
60,5,280,"NL","I"
322,2,280,"NL","I"
20,8,280,"NL","I"
248,2,280,"NL","I"
232,3,280,"NL","I"
285,1,280,"NL","I"
63,6,280,"NL","I"
26,52,280,"NL","I"
24,5,280,"NL","I"
28,26,280,"NL","I"
59,5,280,"NL","I"
209,1,281,"NL","I"
365,4,281,"NL","I"
67,12,281,"NL","I"
503,25,281,"NL","I"
496,33,281,"NL","I"
438,6,281,"NL","I"
62,8,281,"NL","I"
508,19,281,"NL","I"
186,1,281,"NL","I"
259,5,281,"NL","I"
440,1,281,"NL","I"
433,2,281,"NL","I"
60,5,282,"NL","I"
202,1,282,"NL","I"
302,1,282,"NL","I"
138,3,282,"NL","I"
341,2,282,"NL","I"
86,5,282,"NL","I"
368,1,282,"NL","I"
20,8,282,"NL","I"
300,1,282,"NL","I"
417,1,282,"NL","I"
517,3,282,"NL","I"
410,2,282,"NL","I"
276,2,283,"NL","I"
504,40,283,"NL","I"
500,29,283,"NL","I"
28,26,283,"NL","I"
38,6,283,"NL","I"
158,1,283,"NL","I"
486,3,283,"NL","I"
369,2,283,"NL","I"
377,3,283,"NL","I"
12,11,283,"NL","I"
228,1,283,"NL","I"
86,5,283,"NL","I"
376,4,284,"NL","I"
46,6,284,"NL","I"
513,2,284,"NL","I"
503,25,284,"NL","I"
5,7,284,"NL","I"
77,21,284,"NL","I"
143,1,284,"NL","I"
11,32,284,"NL","I"
495,14,284,"NL","I"
419,1,284,"NL","I"
211,1,284,"NL","I"
401,1,284,"NL","I"
279,1,285,"NL","I"
112,2,285,"NL","I"
300,1,285,"NL","I"
360,3,285,"NL","I"
66,1,285,"NL","I"
286,1,285,"NL","I"
13,3,285,"NL","I"
371,1,285,"NL","I"
122,1,285,"NL","I"
441,1,285,"NL","I"
183,1,285,"NL","I"
277,1,285,"NL","I"
279,1,286,"NL","I"
77,21,286,"NL","I"
503,25,286,"NL","I"
264,1,286,"NL","I"
381,3,286,"NL","I"
173,1,286,"NL","I"
64,14,286,"NL","I"
62,8,286,"NL","I"
63,6,286,"NL","I"
421,4,286,"NL","I"
8,6,286,"NL","I"
57,12,286,"NL","I"
467,4,287,"NL","I"
415,1,287,"NL","I"
211,1,287,"NL","I"
30,3,287,"NL","I"
112,2,287,"NL","I"
244,2,287,"NL","I"
277,1,287,"NL","I"
425,3,287,"NL","I"
59,5,287,"NL","I"
285,1,287,"NL","I"
358,15,287,"NL","I"
496,33,287,"NL","I"
525,4,288,"NL","I"
315,1,288,"NL","I"
250,1,288,"NL","I"
435,1,288,"NL","I"
165,1,288,"NL","I"
343,6,288,"NL","I"
421,4,288,"NL","I"
188,1,288,"NL","I"
467,4,288,"NL","I"
470,4,288,"NL","I"
318,2,288,"NL","I"
76,7,288,"NL","I"
170,1,289,"NL","I"
525,4,289,"NL","I"
81,2,289,"NL","I"
370,1,289,"NL","I"
394,1,289,"NL","I"
123,3,289,"NL","I"
441,1,289,"NL","I"
264,1,289,"NL","I"
13,3,289,"NL","I"
524,1,289,"NL","I"
514,3,289,"NL","I"
360,3,289,"NL","I"
81,2,290,"NL","I"
486,3,290,"NL","I"
8,6,290,"NL","I"
228,1,290,"NL","I"
248,2,290,"NL","I"
308,2,290,"NL","I"
455,2,290,"NL","I"
13,3,290,"NL","I"
502,23,290,"NL","I"
211,1,290,"NL","I"
276,2,290,"NL","I"
203,1,290,"NL","I"
397,1,291,"NL","I"
26,52,291,"NL","I"
128,1,291,"NL","I"
183,1,291,"NL","I"
360,3,291,"NL","I"
193,1,291,"NL","I"
30,3,291,"NL","I"
369,2,291,"NL","I"
522,1,291,"NL","I"
441,1,291,"NL","I"
5,7,291,"NL","I"
390,1,291,"NL","I"
282,1,292,"NL","I"
469,4,292,"NL","I"
341,2,292,"NL","I"
202,1,292,"NL","I"
59,5,292,"NL","I"
370,1,292,"NL","I"
372,1,292,"NL","I"
8,6,292,"NL","I"
16,8,292,"NL","I"
188,1,292,"NL","I"
361,3,292,"NL","I"
247,1,292,"NL","I"
19,10,293,"NL","I"
302,1,293,"NL","I"
46,6,293,"NL","I"
415,1,293,"NL","I"
496,33,293,"NL","I"
45,8,293,"NL","I"
417,1,293,"NL","I"
303,5,293,"NL","I"
209,1,293,"NL","I"
483,3,293,"NL","I"
426,1,293,"NL","I"
193,1,293,"NL","I"
354,2,294,"NL","I"
81,2,294,"NL","I"
170,1,294,"NL","I"
438,6,294,"NL","I"
355,1,294,"NL","I"
415,1,294,"NL","I"
308,2,294,"NL","I"
315,1,294,"NL","I"
66,1,294,"NL","I"
23,8,294,"NL","I"
232,3,294,"NL","I"
142,1,294,"NL","I"
318,2,295,"NL","I"
368,1,295,"NL","I"
438,6,295,"NL","I"
495,14,295,"NL","I"
498,32,295,"NL","I"
278,1,295,"NL","I"
389,2,295,"NL","I"
255,1,295,"NL","I"
19,10,295,"NL","I"
165,1,295,"NL","I"
188,1,295,"NL","I"
516,3,295,"NL","I"
166,1,296,"NL","I"
190,1,296,"NL","I"
193,1,296,"NL","I"
496,33,296,"NL","I"
282,1,296,"NL","I"
249,2,296,"NL","I"
374,2,296,"NL","I"
390,1,296,"NL","I"
501,24,296,"NL","I"
361,3,296,"NL","I"
67,12,296,"NL","I"
252,1,296,"NL","I"
441,1,297,"NL","I"
285,1,297,"NL","I"
19,10,297,"NL","I"
365,4,297,"NL","I"
248,2,297,"NL","I"
437,1,297,"NL","I"
181,1,297,"NL","I"
33,13,297,"NL","I"
318,2,297,"NL","I"
455,2,297,"NL","I"
343,6,297,"NL","I"
38,6,297,"NL","I"
279,1,298,"NL","I"
91,9,298,"NL","I"
410,2,298,"NL","I"
421,4,298,"NL","I"
433,2,298,"NL","I"
12,11,298,"NL","I"
59,5,298,"NL","I"
470,4,298,"NL","I"
211,1,298,"NL","I"
376,4,298,"NL","I"
390,1,298,"NL","I"
368,1,298,"NL","I"
144,1,299,"NL","I"
348,2,299,"NL","I"
326,1,299,"NL","I"
438,6,299,"NL","I"
202,1,299,"NL","I"
401,1,299,"NL","I"
24,5,299,"NL","I"
500,29,299,"NL","I"
265,1,299,"NL","I"
14,27,299,"NL","I"
179,7,299,"NL","I"
300,1,299,"NL","I"
141,1,300,"NL","I"
365,4,300,"NL","I"
11,32,300,"NL","I"
469,4,300,"NL","I"
301,1,300,"NL","I"
150,1,300,"NL","I"
504,40,300,"NL","I"
354,2,300,"NL","I"
81,2,300,"NL","I"
519,2,300,"NL","I"
140,1,300,"NL","I"
397,1,300,"NL","I"
179,7,301,"NL","I"
248,2,301,"NL","I"
519,2,301,"NL","I"
78,12,301,"NL","I"
140,1,301,"NL","I"
173,1,301,"NL","I"
72,9,301,"NL","I"
471,1,301,"NL","I"
380,2,301,"NL","I"
505,19,301,"NL","I"
198,1,301,"NL","I"
455,2,301,"NL","I"
516,3,302,"NL","I"
469,4,302,"NL","I"
433,2,302,"NL","I"
430,1,302,"NL","I"
39,1,302,"NL","I"
437,1,302,"NL","I"
377,3,302,"NL","I"
23,8,302,"NL","I"
282,1,302,"NL","I"
376,4,302,"NL","I"
17,6,302,"NL","I"
265,1,302,"NL","I"
367,2,303,"NL","I"
123,3,303,"NL","I"
196,2,303,"NL","I"
198,1,303,"NL","I"
421,4,303,"NL","I"
109,1,303,"NL","I"
186,1,303,"NL","I"
247,1,303,"NL","I"
341,2,303,"NL","I"
82,1,303,"NL","I"
211,1,303,"NL","I"
372,1,303,"NL","I"
301,1,304,"NL","I"
364,2,304,"NL","I"
265,1,304,"NL","I"
46,6,304,"NL","I"
421,4,304,"NL","I"
367,2,304,"NL","I"
425,3,304,"NL","I"
4,11,304,"NL","I"
354,2,304,"NL","I"
498,32,304,"NL","I"
181,1,304,"NL","I"
300,1,304,"NL","I"
59,5,305,"NL","I"
276,2,305,"NL","I"
364,2,305,"NL","I"
183,1,305,"NL","I"
445,9,305,"NL","I"
193,1,305,"NL","I"
302,1,305,"NL","I"
374,2,305,"NL","I"
223,1,305,"NL","I"
425,3,305,"NL","I"
522,1,305,"NL","I"
48,6,305,"NL","I"
438,6,306,"NL","I"
469,4,306,"NL","I"
463,1,306,"NL","I"
326,1,306,"NL","I"
445,9,306,"NL","I"
360,3,306,"NL","I"
483,3,306,"NL","I"
508,19,306,"NL","I"
128,1,306,"NL","I"
381,3,306,"NL","I"
410,2,306,"NL","I"
357,1,306,"NL","I"
439,1,307,"NL","I"
364,2,307,"NL","I"
144,1,307,"NL","I"
301,1,307,"NL","I"
36,6,307,"NL","I"
503,25,307,"NL","I"
62,8,307,"NL","I"
433,2,307,"NL","I"
109,1,307,"NL","I"
495,14,307,"NL","I"
249,2,307,"NL","I"
209,1,307,"NL","I"
315,1,308,"NL","I"
248,2,308,"NL","I"
211,1,308,"NL","I"
23,8,308,"NL","I"
308,2,308,"NL","I"
250,1,308,"NL","I"
143,1,308,"NL","I"
516,3,308,"NL","I"
390,1,308,"NL","I"
141,1,308,"NL","I"
282,1,308,"NL","I"
91,9,308,"NL","I"
499,36,309,"NL","I"
381,3,309,"NL","I"
11,32,309,"NL","I"
44,18,309,"NL","I"
78,12,309,"NL","I"
17,6,309,"NL","I"
364,2,309,"NL","I"
250,1,309,"NL","I"
164,4,309,"NL","I"
496,33,309,"NL","I"
150,1,309,"NL","I"
540,3,309,"NL","I"
355,1,310,"NL","I"
364,2,310,"NL","I"
166,1,310,"NL","I"
26,52,310,"NL","I"
317,2,310,"NL","I"
190,1,310,"NL","I"
483,3,310,"NL","I"
255,1,310,"NL","I"
38,6,310,"NL","I"
497,36,310,"NL","I"
202,1,310,"NL","I"
143,1,310,"NL","I"
308,2,311,"NL","I"
128,1,311,"NL","I"
499,36,311,"NL","I"
286,1,311,"NL","I"
142,1,311,"NL","I"
426,1,311,"NL","I"
483,3,311,"NL","I"
425,3,311,"NL","I"
344,1,311,"NL","I"
277,1,311,"NL","I"
255,1,311,"NL","I"
4,11,311,"NL","I"
502,23,312,"NL","I"
211,1,312,"NL","I"
141,1,312,"NL","I"
78,12,312,"NL","I"
419,1,312,"NL","I"
28,26,312,"NL","I"
357,1,312,"NL","I"
11,32,312,"NL","I"
308,2,312,"NL","I"
61,46,312,"NL","I"
173,1,312,"NL","I"
369,2,312,"NL","I"
380,2,313,"NL","I"
369,2,313,"NL","I"
426,1,313,"NL","I"
421,4,313,"NL","I"
26,52,313,"NL","I"
365,4,313,"NL","I"
390,1,313,"NL","I"
419,1,313,"NL","I"
28,26,313,"NL","I"
278,1,313,"NL","I"
81,2,313,"NL","I"
522,1,313,"NL","I"
438,6,314,"NL","I"
374,2,314,"NL","I"
39,1,314,"NL","I"
435,1,314,"NL","I"
441,1,314,"NL","I"
66,1,314,"NL","I"
17,6,314,"NL","I"
394,1,314,"NL","I"
513,2,314,"NL","I"
247,1,314,"NL","I"
56,7,314,"NL","I"
48,6,314,"NL","I"
211,1,315,"NL","I"
378,2,315,"NL","I"
19,10,315,"NL","I"
14,27,315,"NL","I"
278,1,315,"NL","I"
122,1,315,"NL","I"
11,32,315,"NL","I"
78,12,315,"NL","I"
56,7,315,"NL","I"
514,3,315,"NL","I"
374,2,315,"NL","I"
186,1,315,"NL","I"
32,11,316,"NL","I"
78,12,316,"NL","I"
341,2,316,"NL","I"
322,2,316,"NL","I"
140,1,316,"NL","I"
337,8,316,"NL","I"
189,1,316,"NL","I"
264,1,316,"NL","I"
421,4,316,"NL","I"
14,27,316,"NL","I"
435,1,316,"NL","I"
173,1,316,"NL","I"
132,1,317,"NL","I"
237,1,317,"NL","I"
202,1,317,"NL","I"
209,1,317,"NL","I"
417,1,317,"NL","I"
232,3,317,"NL","I"
358,15,317,"NL","I"
483,3,317,"NL","I"
364,2,317,"NL","I"
308,2,317,"NL","I"
41,2,317,"NL","I"
158,1,317,"NL","I"
247,1,318,"NL","I"
78,12,318,"NL","I"
237,1,318,"NL","I"
486,3,318,"NL","I"
337,8,318,"NL","I"
190,1,318,"NL","I"
302,1,318,"NL","I"
123,3,318,"NL","I"
390,1,318,"NL","I"
211,1,318,"NL","I"
482,3,318,"NL","I"
144,1,318,"NL","I"
500,29,319,"NL","I"
499,36,319,"NL","I"
264,1,319,"NL","I"
16,8,319,"NL","I"
349,1,319,"NL","I"
425,3,319,"NL","I"
48,6,319,"NL","I"
179,7,319,"NL","I"
252,1,319,"NL","I"
109,1,319,"NL","I"
422,3,319,"NL","I"
482,3,319,"NL","I"
248,2,320,"NL","I"
534,3,320,"NL","I"
30,3,320,"NL","I"
128,1,320,"NL","I"
61,46,320,"NL","I"
519,2,320,"NL","I"
419,1,320,"NL","I"
5,7,320,"NL","I"
80,6,320,"NL","I"
369,2,320,"NL","I"
7,10,320,"NL","I"
109,1,320,"NL","I"
39,1,321,"NL","I"
337,8,321,"NL","I"
502,23,321,"NL","I"
44,18,321,"NL","I"
370,1,321,"NL","I"
282,1,321,"NL","I"
397,1,321,"NL","I"
170,1,321,"NL","I"
445,9,321,"NL","I"
501,24,321,"NL","I"
498,32,321,"NL","I"
369,2,321,"NL","I"
56,7,322,"NL","I"
16,8,322,"NL","I"
26,52,322,"NL","I"
514,3,322,"NL","I"
38,6,322,"NL","I"
365,4,322,"NL","I"
61,46,322,"NL","I"
23,8,322,"NL","I"
433,2,322,"NL","I"
486,3,322,"NL","I"
209,1,322,"NL","I"
60,5,322,"NL","I"
435,1,323,"NL","I"
7,10,323,"NL","I"
60,5,323,"NL","I"
364,2,323,"NL","I"
302,1,323,"NL","I"
198,1,323,"NL","I"
170,1,323,"NL","I"
301,1,323,"NL","I"
166,1,323,"NL","I"
266,1,323,"NL","I"
401,1,323,"NL","I"
470,4,323,"NL","I"
502,23,324,"NL","I"
285,1,324,"NL","I"
265,1,324,"NL","I"
10,7,324,"NL","I"
315,1,324,"NL","I"
183,1,324,"NL","I"
67,12,324,"NL","I"
467,4,324,"NL","I"
401,1,324,"NL","I"
62,8,324,"NL","I"
164,4,324,"NL","I"
326,1,324,"NL","I"
303,5,325,"NL","I"
455,2,325,"NL","I"
508,19,325,"NL","I"
503,25,325,"NL","I"
23,8,325,"NL","I"
421,4,325,"NL","I"
276,2,325,"NL","I"
318,2,325,"NL","I"
186,1,325,"NL","I"
471,1,325,"NL","I"
140,1,325,"NL","I"
266,1,325,"NL","I"
164,4,326,"NL","I"
209,1,326,"NL","I"
46,6,326,"NL","I"
202,1,326,"NL","I"
354,2,326,"NL","I"
81,2,326,"NL","I"
370,1,326,"NL","I"
304,1,326,"NL","I"
422,3,326,"NL","I"
186,1,326,"NL","I"
279,1,326,"NL","I"
300,1,326,"NL","I"
132,1,327,"NL","I"
189,1,327,"NL","I"
202,1,327,"NL","I"
228,1,327,"NL","I"
422,3,327,"NL","I"
300,1,327,"NL","I"
266,1,327,"NL","I"
380,2,327,"NL","I"
46,6,327,"NL","I"
317,2,327,"NL","I"
410,2,327,"NL","I"
447,2,327,"NL","I"
503,25,328,"NL","I"
440,1,328,"NL","I"
81,2,328,"NL","I"
193,1,328,"NL","I"
499,36,328,"NL","I"
20,8,328,"NL","I"
164,4,328,"NL","I"
433,2,328,"NL","I"
505,19,328,"NL","I"
82,1,328,"NL","I"
318,2,328,"NL","I"
513,2,328,"NL","I"
188,1,329,"NL","I"
364,2,329,"NL","I"
193,1,329,"NL","I"
166,1,329,"NL","I"
469,4,329,"NL","I"
308,2,329,"NL","I"
141,1,329,"NL","I"
249,2,329,"NL","I"
495,14,329,"NL","I"
357,1,329,"NL","I"
56,7,329,"NL","I"
131,1,329,"NL","I"
143,1,330,"NL","I"
282,1,330,"NL","I"
471,1,330,"NL","I"
519,2,330,"NL","I"
232,3,330,"NL","I"
344,1,330,"NL","I"
525,4,330,"NL","I"
12,11,330,"NL","I"
337,8,330,"NL","I"
365,4,330,"NL","I"
278,1,330,"NL","I"
209,1,330,"NL","I"
344,1,331,"NL","I"
504,40,331,"NL","I"
77,21,331,"NL","I"
41,2,331,"NL","I"
164,4,331,"NL","I"
124,1,331,"NL","I"
433,2,331,"NL","I"
363,1,331,"NL","I"
301,1,331,"NL","I"
46,6,331,"NL","I"
519,2,331,"NL","I"
349,1,331,"NL","I"
372,1,332,"NL","I"
513,2,332,"NL","I"
357,1,332,"NL","I"
367,2,332,"NL","I"
264,1,332,"NL","I"
496,33,332,"NL","I"
112,2,332,"NL","I"
523,4,332,"NL","I"
469,4,332,"NL","I"
525,4,332,"NL","I"
322,2,332,"NL","I"
63,6,332,"NL","I"
380,2,333,"NL","I"
326,1,333,"NL","I"
47,11,333,"NL","I"
513,2,333,"NL","I"
59,5,333,"NL","I"
132,1,333,"NL","I"
354,2,333,"NL","I"
364,2,333,"NL","I"
358,15,333,"NL","I"
363,1,333,"NL","I"
211,1,333,"NL","I"
78,12,333,"NL","I"
44,18,334,"NL","I"
82,1,334,"NL","I"
503,25,334,"NL","I"
203,1,334,"NL","I"
266,1,334,"NL","I"
61,46,334,"NL","I"
193,1,334,"NL","I"
141,1,334,"NL","I"
368,1,334,"NL","I"
415,1,334,"NL","I"
143,1,334,"NL","I"
501,24,334,"NL","I"
36,6,335,"NL","I"
190,1,335,"NL","I"
354,2,335,"NL","I"
303,5,335,"NL","I"
285,1,335,"NL","I"
467,4,335,"NL","I"
300,1,335,"NL","I"
24,5,335,"NL","I"
60,5,335,"NL","I"
483,3,335,"NL","I"
183,1,335,"NL","I"
374,2,335,"NL","I"
441,1,336,"NL","I"
20,8,336,"NL","I"
277,1,336,"NL","I"
483,3,336,"NL","I"
223,1,336,"NL","I"
222,2,336,"NL","I"
513,2,336,"NL","I"
140,1,336,"NL","I"
502,23,336,"NL","I"
397,1,336,"NL","I"
463,1,336,"NL","I"
59,5,336,"NL","I"
186,1,337,"NL","I"
28,26,337,"NL","I"
363,1,337,"NL","I"
441,1,337,"NL","I"
20,8,337,"NL","I"
51,3,337,"NL","I"
469,4,337,"NL","I"
249,2,337,"NL","I"
122,1,337,"NL","I"
62,8,337,"NL","I"
513,2,337,"NL","I"
514,3,337,"NL","I"
190,1,338,"NL","I"
365,4,338,"NL","I"
8,6,338,"NL","I"
358,15,338,"NL","I"
502,23,338,"NL","I"
166,1,338,"NL","I"
24,5,338,"NL","I"
505,19,338,"NL","I"
5,7,338,"NL","I"
91,9,338,"NL","I"
279,1,338,"NL","I"
467,4,338,"NL","I"
374,2,339,"NL","I"
368,1,339,"NL","I"
394,1,339,"NL","I"
495,14,339,"NL","I"
47,11,339,"NL","I"
415,1,339,"NL","I"
232,3,339,"NL","I"
378,2,339,"NL","I"
56,7,339,"NL","I"
522,1,339,"NL","I"
524,1,339,"NL","I"
209,1,339,"NL","I"
349,1,340,"NL","I"
81,2,340,"NL","I"
59,5,340,"NL","I"
410,2,340,"NL","I"
30,3,340,"NL","I"
142,1,340,"NL","I"
244,2,340,"NL","I"
164,4,340,"NL","I"
354,2,340,"NL","I"
255,1,340,"NL","I"
44,18,340,"NL","I"
514,3,340,"NL","I"
367,2,341,"NL","I"
123,3,341,"NL","I"
24,5,341,"NL","I"
266,1,341,"NL","I"
482,3,341,"NL","I"
64,14,341,"NL","I"
279,1,341,"NL","I"
318,2,341,"NL","I"
483,3,341,"NL","I"
244,2,341,"NL","I"
497,36,341,"NL","I"
349,1,341,"NL","I"
46,6,342,"NL","I"
17,6,342,"NL","I"
498,32,342,"NL","I"
315,1,342,"NL","I"
368,1,342,"NL","I"
4,11,342,"NL","I"
522,1,342,"NL","I"
465,1,342,"NL","I"
164,4,342,"NL","I"
44,18,342,"NL","I"
501,24,342,"NL","I"
277,1,342,"NL","I"
304,1,343,"NL","I"
132,1,343,"NL","I"
368,1,343,"NL","I"
455,2,343,"NL","I"
64,14,343,"NL","I"
524,1,343,"NL","I"
82,1,343,"NL","I"
13,3,343,"NL","I"
193,1,343,"NL","I"
394,1,343,"NL","I"
248,2,343,"NL","I"
32,11,343,"NL","I"
495,14,344,"NL","I"
248,2,344,"NL","I"
47,11,344,"NL","I"
188,1,344,"NL","I"
82,1,344,"NL","I"
138,3,344,"NL","I"
223,1,344,"NL","I"
41,2,344,"NL","I"
189,1,344,"NL","I"
126,4,344,"NL","I"
170,1,344,"NL","I"
59,5,344,"NL","I"
250,1,345,"NL","I"
203,1,345,"NL","I"
26,52,345,"NL","I"
141,1,345,"NL","I"
57,12,345,"NL","I"
255,1,345,"NL","I"
471,1,345,"NL","I"
138,3,345,"NL","I"
78,12,345,"NL","I"
349,1,345,"NL","I"
498,32,345,"NL","I"
354,2,345,"NL","I"
202,1,346,"NL","I"
410,2,346,"NL","I"
266,1,346,"NL","I"
513,2,346,"NL","I"
259,5,346,"NL","I"
344,1,346,"NL","I"
433,2,346,"NL","I"
196,2,346,"NL","I"
367,2,346,"NL","I"
425,3,346,"NL","I"
508,19,346,"NL","I"
419,1,346,"NL","I"
343,6,347,"NL","I"
64,14,347,"NL","I"
38,6,347,"NL","I"
77,21,347,"NL","I"
508,19,347,"NL","I"
150,1,347,"NL","I"
196,2,347,"NL","I"
265,1,347,"NL","I"
465,1,347,"NL","I"
209,1,347,"NL","I"
514,3,347,"NL","I"
447,2,347,"NL","I"
165,1,348,"NL","I"
390,1,348,"NL","I"
105,1,348,"NL","I"
300,1,348,"NL","I"
277,1,348,"NL","I"
417,1,348,"NL","I"
365,4,348,"NL","I"
181,1,348,"NL","I"
422,3,348,"NL","I"
211,1,348,"NL","I"
252,1,348,"NL","I"
348,2,348,"NL","I"
232,3,349,"NL","I"
128,1,349,"NL","I"
186,1,349,"NL","I"
378,2,349,"NL","I"
59,5,349,"NL","I"
523,4,349,"NL","I"
196,2,349,"NL","I"
344,1,349,"NL","I"
482,3,349,"NL","I"
86,5,349,"NL","I"
26,52,349,"NL","I"
433,2,349,"NL","I"
264,1,350,"NL","I"
471,1,350,"NL","I"
266,1,350,"NL","I"
105,1,350,"NL","I"
365,4,350,"NL","I"
425,3,350,"NL","I"
504,40,350,"NL","I"
76,7,350,"NL","I"
463,1,350,"NL","I"
360,3,350,"NL","I"
282,1,350,"NL","I"
300,1,350,"NL","I"
318,2,351,"NL","I"
438,6,351,"NL","I"
259,5,351,"NL","I"
20,8,351,"NL","I"
458,1,351,"NL","I"
447,2,351,"NL","I"
81,2,351,"NL","I"
277,1,351,"NL","I"
445,9,351,"NL","I"
371,1,351,"NL","I"
19,10,351,"NL","I"
349,1,351,"NL","I"
189,1,352,"NL","I"
465,1,352,"NL","I"
498,32,352,"NL","I"
285,1,352,"NL","I"
447,2,352,"NL","I"
48,6,352,"NL","I"
11,32,352,"NL","I"
76,7,352,"NL","I"
430,1,352,"NL","I"
371,1,352,"NL","I"
46,6,352,"NL","I"
469,4,352,"NL","I"
358,15,353,"NL","I"
348,2,353,"NL","I"
44,18,353,"NL","I"
223,1,353,"NL","I"
222,2,353,"NL","I"
123,3,353,"NL","I"
7,10,353,"NL","I"
437,1,353,"NL","I"
198,1,353,"NL","I"
264,1,353,"NL","I"
360,3,353,"NL","I"
11,32,353,"NL","I"
57,12,354,"NL","I"
504,40,354,"NL","I"
80,6,354,"NL","I"
469,4,354,"NL","I"
318,2,354,"NL","I"
279,1,354,"NL","I"
67,12,354,"NL","I"
524,1,354,"NL","I"
232,3,354,"NL","I"
193,1,354,"NL","I"
252,1,354,"NL","I"
410,2,354,"NL","I"
244,2,355,"NL","I"
276,2,355,"NL","I"
223,1,355,"NL","I"
302,1,355,"NL","I"
266,1,355,"NL","I"
508,19,355,"NL","I"
91,9,355,"NL","I"
72,9,355,"NL","I"
66,1,355,"NL","I"
86,5,355,"NL","I"
188,1,355,"NL","I"
82,1,355,"NL","I"
11,32,356,"NL","I"
513,2,356,"NL","I"
426,1,356,"NL","I"
349,1,356,"NL","I"
56,7,356,"NL","I"
341,2,356,"NL","I"
498,32,356,"NL","I"
266,1,356,"NL","I"
317,2,356,"NL","I"
497,36,356,"NL","I"
202,1,356,"NL","I"
447,2,356,"NL","I"
439,1,357,"NL","I"
109,1,357,"NL","I"
122,1,357,"NL","I"
33,13,357,"NL","I"
189,1,357,"NL","I"
525,4,357,"NL","I"
80,6,357,"NL","I"
170,1,357,"NL","I"
51,3,357,"NL","I"
173,1,357,"NL","I"
503,25,357,"NL","I"
30,3,357,"NL","I"
368,1,358,"NL","I"
190,1,358,"NL","I"
502,23,358,"NL","I"
186,1,358,"NL","I"
525,4,358,"NL","I"
4,11,358,"NL","I"
265,1,358,"NL","I"
196,2,358,"NL","I"
259,5,358,"NL","I"
364,2,358,"NL","I"
32,11,358,"NL","I"
343,6,358,"NL","I"
341,2,359,"NL","I"
7,10,359,"NL","I"
203,1,359,"NL","I"
486,3,359,"NL","I"
4,11,359,"NL","I"
445,9,359,"NL","I"
301,1,359,"NL","I"
381,3,359,"NL","I"
285,1,359,"NL","I"
508,19,359,"NL","I"
86,5,359,"NL","I"
26,52,359,"NL","I"
247,1,360,"NL","I"
228,1,360,"NL","I"
250,1,360,"NL","I"
540,3,360,"NL","I"
499,36,360,"NL","I"
144,1,360,"NL","I"
415,1,360,"NL","I"
211,1,360,"NL","I"
24,5,360,"NL","I"
124,1,360,"NL","I"
445,9,360,"NL","I"
179,7,360,"NL","I"
61,46,361,"NL","I"
279,1,361,"NL","I"
12,11,361,"NL","I"
249,2,361,"NL","I"
112,2,361,"NL","I"
286,1,361,"NL","I"
496,33,361,"NL","I"
421,4,361,"NL","I"
426,1,361,"NL","I"
131,1,361,"NL","I"
173,1,361,"NL","I"
165,1,361,"NL","I"
248,2,362,"NL","I"
7,10,362,"NL","I"
368,1,362,"NL","I"
255,1,362,"NL","I"
376,4,362,"NL","I"
437,1,362,"NL","I"
344,1,362,"NL","I"
77,21,362,"NL","I"
360,3,362,"NL","I"
301,1,362,"NL","I"
247,1,362,"NL","I"
44,18,362,"NL","I"
318,2,363,"NL","I"
4,11,363,"NL","I"
355,1,363,"NL","I"
360,3,363,"NL","I"
469,4,363,"NL","I"
433,2,363,"NL","I"
62,8,363,"NL","I"
47,11,363,"NL","I"
86,5,363,"NL","I"
45,8,363,"NL","I"
91,9,363,"NL","I"
389,2,363,"NL","I"
361,3,364,"NL","I"
364,2,364,"NL","I"
14,27,364,"NL","I"
277,1,364,"NL","I"
380,2,364,"NL","I"
140,1,364,"NL","I"
193,1,364,"NL","I"
141,1,364,"NL","I"
376,4,364,"NL","I"
390,1,364,"NL","I"
426,1,364,"NL","I"
131,1,364,"NL","I"
202,1,365,"NL","I"
463,1,365,"NL","I"
522,1,365,"NL","I"
380,2,365,"NL","I"
525,4,365,"NL","I"
361,3,365,"NL","I"
126,4,365,"NL","I"
513,2,365,"NL","I"
76,7,365,"NL","I"
38,6,365,"NL","I"
377,3,365,"NL","I"
483,3,365,"NL","I"
14,27,366,"NL","I"
138,3,366,"NL","I"
24,5,366,"NL","I"
46,6,366,"NL","I"
425,3,366,"NL","I"
349,1,366,"NL","I"
504,40,366,"NL","I"
364,2,366,"NL","I"
496,33,366,"NL","I"
181,1,366,"NL","I"
465,1,366,"NL","I"
78,12,366,"NL","I"
150,1,367,"NL","I"
355,1,367,"NL","I"
39,1,367,"NL","I"
61,46,367,"NL","I"
522,1,367,"NL","I"
467,4,367,"NL","I"
447,2,367,"NL","I"
426,1,367,"NL","I"
469,4,367,"NL","I"
360,3,367,"NL","I"
59,5,367,"NL","I"
179,7,367,"NL","I"
447,2,368,"NL","I"
378,2,368,"NL","I"
64,14,368,"NL","I"
525,4,368,"NL","I"
189,1,368,"NL","I"
86,5,368,"NL","I"
179,7,368,"NL","I"
497,36,368,"NL","I"
158,1,368,"NL","I"
505,19,368,"NL","I"
39,1,368,"NL","I"
165,1,368,"NL","I"
364,2,369,"NL","I"
44,18,369,"NL","I"
322,2,369,"NL","I"
425,3,369,"NL","I"
519,2,369,"NL","I"
318,2,369,"NL","I"
422,3,369,"NL","I"
279,1,369,"NL","I"
228,1,369,"NL","I"
501,24,369,"NL","I"
508,19,369,"NL","I"
430,1,369,"NL","I"
4,11,370,"NL","I"
264,1,370,"NL","I"
458,1,370,"NL","I"
374,2,370,"NL","I"
276,2,370,"NL","I"
499,36,370,"NL","I"
358,15,370,"NL","I"
304,1,370,"NL","I"
186,1,370,"NL","I"
357,1,370,"NL","I"
16,8,370,"NL","I"
504,40,370,"NL","I"
377,3,371,"NL","I"
196,2,371,"NL","I"
250,1,371,"NL","I"
5,7,371,"NL","I"
425,3,371,"NL","I"
426,1,371,"NL","I"
72,9,371,"NL","I"
438,6,371,"NL","I"
186,1,371,"NL","I"
499,36,371,"NL","I"
209,1,371,"NL","I"
150,1,371,"NL","I"
374,2,372,"NL","I"
498,32,372,"NL","I"
165,1,372,"NL","I"
499,36,372,"NL","I"
126,4,372,"NL","I"
308,2,372,"NL","I"
337,8,372,"NL","I"
66,1,372,"NL","I"
60,5,372,"NL","I"
128,1,372,"NL","I"
48,6,372,"NL","I"
540,3,372,"NL","I"
165,1,373,"NL","I"
211,1,373,"NL","I"
181,1,373,"NL","I"
186,1,373,"NL","I"
109,1,373,"NL","I"
300,1,373,"NL","I"
190,1,373,"NL","I"
365,4,373,"NL","I"
497,36,373,"NL","I"
64,14,373,"NL","I"
419,1,373,"NL","I"
17,6,373,"NL","I"
72,9,374,"NL","I"
445,9,374,"NL","I"
417,1,374,"NL","I"
91,9,374,"NL","I"
471,1,374,"NL","I"
430,1,374,"NL","I"
188,1,374,"NL","I"
441,1,374,"NL","I"
17,6,374,"NL","I"
304,1,374,"NL","I"
522,1,374,"NL","I"
12,11,374,"NL","I"
433,2,375,"NL","I"
508,19,375,"NL","I"
188,1,375,"NL","I"
211,1,375,"NL","I"
343,6,375,"NL","I"
499,36,375,"NL","I"
7,10,375,"NL","I"
91,9,375,"NL","I"
503,25,375,"NL","I"
377,3,375,"NL","I"
28,26,375,"NL","I"
170,1,375,"NL","I"
7,10,376,"NL","I"
471,1,376,"NL","I"
318,2,376,"NL","I"
128,1,376,"NL","I"
438,6,376,"NL","I"
17,6,376,"NL","I"
369,2,376,"NL","I"
66,1,376,"NL","I"
183,1,376,"NL","I"
301,1,376,"NL","I"
496,33,376,"NL","I"
266,1,376,"NL","I"
183,1,377,"NL","I"
72,9,377,"NL","I"
138,3,377,"NL","I"
82,1,377,"NL","I"
279,1,377,"NL","I"
422,3,377,"NL","I"
144,1,377,"NL","I"
318,2,377,"NL","I"
266,1,377,"NL","I"
124,1,377,"NL","I"
232,3,377,"NL","I"
441,1,377,"NL","I"
282,1,378,"NL","I"
33,13,378,"NL","I"
203,1,378,"NL","I"
24,5,378,"NL","I"
26,52,378,"NL","I"
322,2,378,"NL","I"
376,4,378,"NL","I"
502,23,378,"NL","I"
469,4,378,"NL","I"
244,2,378,"NL","I"
286,1,378,"NL","I"
445,9,378,"NL","I"
38,6,379,"NL","I"
82,1,379,"NL","I"
17,6,379,"NL","I"
112,2,379,"NL","I"
276,2,379,"NL","I"
63,6,379,"NL","I"
534,3,379,"NL","I"
67,12,379,"NL","I"
508,19,379,"NL","I"
433,2,379,"NL","I"
486,3,379,"NL","I"
441,1,379,"NL","I"
421,4,380,"NL","I"
28,26,380,"NL","I"
247,1,380,"NL","I"
365,4,380,"NL","I"
188,1,380,"NL","I"
250,1,380,"NL","I"
222,2,380,"NL","I"
389,2,380,"NL","I"
439,1,380,"NL","I"
202,1,380,"NL","I"
105,1,380,"NL","I"
463,1,380,"NL","I"
517,3,381,"NL","I"
189,1,381,"NL","I"
376,4,381,"NL","I"
483,3,381,"NL","I"
33,13,381,"NL","I"
368,1,381,"NL","I"
394,1,381,"NL","I"
248,2,381,"NL","I"
62,8,381,"NL","I"
390,1,381,"NL","I"
482,3,381,"NL","I"
378,2,381,"NL","I"
132,1,382,"NL","I"
232,3,382,"NL","I"
196,2,382,"NL","I"
189,1,382,"NL","I"
525,4,382,"NL","I"
372,1,382,"NL","I"
337,8,382,"NL","I"
308,2,382,"NL","I"
439,1,382,"NL","I"
158,1,382,"NL","I"
266,1,382,"NL","I"
166,1,382,"NL","I"
525,4,383,"NL","I"
440,1,383,"NL","I"
77,21,383,"NL","I"
439,1,383,"NL","I"
12,11,383,"NL","I"
365,4,383,"NL","I"
389,2,383,"NL","I"
469,4,383,"NL","I"
186,1,383,"NL","I"
438,6,383,"NL","I"
164,4,383,"NL","I"
499,36,383,"NL","I"
67,12,384,"NL","I"
20,8,384,"NL","I"
150,1,384,"NL","I"
11,32,384,"NL","I"
308,2,384,"NL","I"
516,3,384,"NL","I"
141,1,384,"NL","I"
377,3,384,"NL","I"
32,11,384,"NL","I"
250,1,384,"NL","I"
183,1,384,"NL","I"
317,2,384,"NL","I"
504,40,385,"NL","I"
143,1,385,"NL","I"
458,1,385,"NL","I"
308,2,385,"NL","I"
132,1,385,"NL","I"
326,1,385,"NL","I"
389,2,385,"NL","I"
265,1,385,"NL","I"
77,21,385,"NL","I"
441,1,385,"NL","I"
203,1,385,"NL","I"
211,1,385,"NL","I"
36,6,386,"NL","I"
514,3,386,"NL","I"
38,6,386,"NL","I"
186,1,386,"NL","I"
410,2,386,"NL","I"
358,15,386,"NL","I"
378,2,386,"NL","I"
72,9,386,"NL","I"
354,2,386,"NL","I"
377,3,386,"NL","I"
286,1,386,"NL","I"
17,6,386,"NL","I"
504,40,387,"NL","I"
370,1,387,"NL","I"
508,19,387,"NL","I"
279,1,387,"NL","I"
302,1,387,"NL","I"
500,29,387,"NL","I"
109,1,387,"NL","I"
389,2,387,"NL","I"
435,1,387,"NL","I"
46,6,387,"NL","I"
315,1,387,"NL","I"
188,1,387,"NL","I"
302,1,388,"NL","I"
519,2,388,"NL","I"
517,3,388,"NL","I"
150,1,388,"NL","I"
123,3,388,"NL","I"
244,2,388,"NL","I"
390,1,388,"NL","I"
63,6,388,"NL","I"
482,3,388,"NL","I"
46,6,388,"NL","I"
279,1,388,"NL","I"
76,7,388,"NL","I"
78,12,389,"NL","I"
374,2,389,"NL","I"
26,52,389,"NL","I"
166,1,389,"NL","I"
377,3,389,"NL","I"
455,2,389,"NL","I"
67,12,389,"NL","I"
534,3,389,"NL","I"
278,1,389,"NL","I"
124,1,389,"NL","I"
524,1,389,"NL","I"
41,2,389,"NL","I"
170,1,390,"NL","I"
376,4,390,"NL","I"
372,1,390,"NL","I"
56,7,390,"NL","I"
222,2,390,"NL","I"
438,6,390,"NL","I"
81,2,390,"NL","I"
128,1,390,"NL","I"
495,14,390,"NL","I"
26,52,390,"NL","I"
179,7,390,"NL","I"
318,2,390,"NL","I"
440,1,391,"NL","I"
56,7,391,"NL","I"
165,1,391,"NL","I"
389,2,391,"NL","I"
38,6,391,"NL","I"
20,8,391,"NL","I"
141,1,391,"NL","I"
303,5,391,"NL","I"
422,3,391,"NL","I"
60,5,391,"NL","I"
244,2,391,"NL","I"
266,1,391,"NL","I"
508,19,392,"NL","I"
122,1,392,"NL","I"
142,1,392,"NL","I"
57,12,392,"NL","I"
17,6,392,"NL","I"
378,2,392,"NL","I"
45,8,392,"NL","I"
56,7,392,"NL","I"
469,4,392,"NL","I"
12,11,392,"NL","I"
211,1,392,"NL","I"
109,1,392,"NL","I"
158,1,393,"NL","I"
417,1,393,"NL","I"
30,3,393,"NL","I"
237,1,393,"NL","I"
516,3,393,"NL","I"
471,1,393,"NL","I"
179,7,393,"NL","I"
232,3,393,"NL","I"
183,1,393,"NL","I"
301,1,393,"NL","I"
401,1,393,"NL","I"
39,1,393,"NL","I"
497,36,394,"NL","I"
203,1,394,"NL","I"
122,1,394,"NL","I"
64,14,394,"NL","I"
368,1,394,"NL","I"
441,1,394,"NL","I"
540,3,394,"NL","I"
173,1,394,"NL","I"
394,1,394,"NL","I"
315,1,394,"NL","I"
244,2,394,"NL","I"
344,1,394,"NL","I"
523,4,395,"NL","I"
179,7,395,"NL","I"
301,1,395,"NL","I"
471,1,395,"NL","I"
524,1,395,"NL","I"
109,1,395,"NL","I"
77,21,395,"NL","I"
188,1,395,"NL","I"
499,36,395,"NL","I"
86,5,395,"NL","I"
277,1,395,"NL","I"
173,1,395,"NL","I"
255,1,396,"NL","I"
78,12,396,"NL","I"
179,7,396,"NL","I"
372,1,396,"NL","I"
344,1,396,"NL","I"
72,9,396,"NL","I"
315,1,396,"NL","I"
183,1,396,"NL","I"
60,5,396,"NL","I"
445,9,396,"NL","I"
522,1,396,"NL","I"
364,2,396,"NL","I"
259,5,397,"NL","I"
441,1,397,"NL","I"
304,1,397,"NL","I"
26,52,397,"NL","I"
540,3,397,"NL","I"
170,1,397,"NL","I"
59,5,397,"NL","I"
505,19,397,"NL","I"
465,1,397,"NL","I"
72,9,397,"NL","I"
502,23,397,"NL","I"
440,1,397,"NL","I"
165,1,398,"NL","I"
223,1,398,"NL","I"
39,1,398,"NL","I"
504,40,398,"NL","I"
123,3,398,"NL","I"
60,5,398,"NL","I"
439,1,398,"NL","I"
190,1,398,"NL","I"
250,1,398,"NL","I"
132,1,398,"NL","I"
82,1,398,"NL","I"
105,1,398,"NL","I"
183,1,399,"NL","I"
501,24,399,"NL","I"
23,8,399,"NL","I"
495,14,399,"NL","I"
348,2,399,"NL","I"
357,1,399,"NL","I"
517,3,399,"NL","I"
223,1,399,"NL","I"
124,1,399,"NL","I"
82,1,399,"NL","I"
278,1,399,"NL","I"
222,2,399,"NL","I"
38,6,400,"NL","I"
14,27,400,"NL","I"
57,12,400,"NL","I"
426,1,400,"NL","I"
361,3,400,"NL","I"
131,1,400,"NL","I"
513,2,400,"NL","I"
183,1,400,"NL","I"
45,8,400,"NL","I"
60,5,400,"NL","I"
198,1,400,"NL","I"
77,21,400,"NL","I"
426,1,401,"NL","I"
534,3,401,"NL","I"
265,1,401,"NL","I"
308,2,401,"NL","I"
193,1,401,"NL","I"
179,7,401,"NL","I"
519,2,401,"NL","I"
317,2,401,"NL","I"
203,1,401,"NL","I"
425,3,401,"NL","I"
186,1,401,"NL","I"
343,6,401,"NL","I"
516,3,402,"NL","I"
504,40,402,"NL","I"
24,5,402,"NL","I"
16,8,402,"NL","I"
232,3,402,"NL","I"
209,1,402,"NL","I"
265,1,402,"NL","I"
28,26,402,"NL","I"
517,3,402,"NL","I"
361,3,402,"NL","I"
483,3,402,"NL","I"
247,1,402,"NL","I"
421,4,403,"NL","I"
337,8,403,"NL","I"
505,19,403,"NL","I"
7,10,403,"NL","I"
60,5,403,"NL","I"
422,3,403,"NL","I"
279,1,403,"NL","I"
223,1,403,"NL","I"
62,8,403,"NL","I"
24,5,403,"NL","I"
377,3,403,"NL","I"
378,2,403,"NL","I"
196,2,404,"NL","I"
303,5,404,"NL","I"
20,8,404,"NL","I"
394,1,404,"NL","I"
189,1,404,"NL","I"
247,1,404,"NL","I"
23,8,404,"NL","I"
501,24,404,"NL","I"
540,3,404,"NL","I"
250,1,404,"NL","I"
369,2,404,"NL","I"
524,1,404,"NL","I"
508,19,405,"NL","I"
132,1,405,"NL","I"
495,14,405,"NL","I"
143,1,405,"NL","I"
519,2,405,"NL","I"
337,8,405,"NL","I"
57,12,405,"NL","I"
38,6,405,"NL","I"
458,1,405,"NL","I"
421,4,405,"NL","I"
259,5,405,"NL","I"
361,3,405,"NL","I"
28,26,406,"NL","I"
364,2,406,"NL","I"
433,2,406,"NL","I"
378,2,406,"NL","I"
144,1,406,"NL","I"
522,1,406,"NL","I"
170,1,406,"NL","I"
61,46,406,"NL","I"
77,21,406,"NL","I"
499,36,406,"NL","I"
5,7,406,"NL","I"
441,1,406,"NL","I"
16,8,407,"NL","I"
471,1,407,"NL","I"
33,13,407,"NL","I"
343,6,407,"NL","I"
57,12,407,"NL","I"
534,3,407,"NL","I"
503,25,407,"NL","I"
181,1,407,"NL","I"
105,1,407,"NL","I"
282,1,407,"NL","I"
255,1,407,"NL","I"
179,7,407,"NL","I"
7,10,408,"NL","I"
495,14,408,"NL","I"
469,4,408,"NL","I"
419,1,408,"NL","I"
355,1,408,"NL","I"
508,19,408,"NL","I"
394,1,408,"NL","I"
24,5,408,"NL","I"
517,3,408,"NL","I"
189,1,408,"NL","I"
363,1,408,"NL","I"
247,1,408,"NL","I"
122,1,409,"NL","I"
377,3,409,"NL","I"
421,4,409,"NL","I"
354,2,409,"NL","I"
435,1,409,"NL","I"
183,1,409,"NL","I"
426,1,409,"NL","I"
278,1,409,"NL","I"
302,1,409,"NL","I"
10,7,409,"NL","I"
81,2,409,"NL","I"
244,2,409,"NL","I"
143,1,410,"NL","I"
367,2,410,"NL","I"
164,4,410,"NL","I"
439,1,410,"NL","I"
483,3,410,"NL","I"
504,40,410,"NL","I"
252,1,410,"NL","I"
13,3,410,"NL","I"
12,11,410,"NL","I"
337,8,410,"NL","I"
76,7,410,"NL","I"
223,1,410,"NL","I"
502,23,411,"NL","I"
123,3,411,"NL","I"
23,8,411,"NL","I"
282,1,411,"NL","I"
426,1,411,"NL","I"
196,2,411,"NL","I"
277,1,411,"NL","I"
67,12,411,"NL","I"
144,1,411,"NL","I"
132,1,411,"NL","I"
19,10,411,"NL","I"
86,5,411,"NL","I"
190,1,412,"NL","I"
315,1,412,"NL","I"
523,4,412,"NL","I"
365,4,412,"NL","I"
248,2,412,"NL","I"
282,1,412,"NL","I"
421,4,412,"NL","I"
128,1,412,"NL","I"
124,1,412,"NL","I"
495,14,412,"NL","I"
426,1,412,"NL","I"
41,2,412,"NL","I"
439,1,413,"NL","I"
370,1,413,"NL","I"
525,4,413,"NL","I"
112,2,413,"NL","I"
302,1,413,"NL","I"
86,5,413,"NL","I"
109,1,413,"NL","I"
360,3,413,"NL","I"
486,3,413,"NL","I"
516,3,413,"NL","I"
252,1,413,"NL","I"
60,5,413,"NL","I"
67,12,414,"NL","I"
123,3,414,"NL","I"
109,1,414,"NL","I"
355,1,414,"NL","I"
505,19,414,"NL","I"
16,8,414,"NL","I"
483,3,414,"NL","I"
11,32,414,"NL","I"
519,2,414,"NL","I"
441,1,414,"NL","I"
45,8,414,"NL","I"
64,14,414,"NL","I"
425,3,415,"NL","I"
86,5,415,"NL","I"
82,1,415,"NL","I"
364,2,415,"NL","I"
343,6,415,"NL","I"
211,1,415,"NL","I"
358,15,415,"NL","I"
440,1,415,"NL","I"
61,46,415,"NL","I"
76,7,415,"NL","I"
38,6,415,"NL","I"
441,1,415,"NL","I"
499,36,416,"NL","I"
244,2,416,"NL","I"
381,3,416,"NL","I"
445,9,416,"NL","I"
179,7,416,"NL","I"
315,1,416,"NL","I"
341,2,416,"NL","I"
112,2,416,"NL","I"
437,1,416,"NL","I"
86,5,416,"NL","I"
128,1,416,"NL","I"
17,6,416,"NL","I"
4,11,417,"NL","I"
76,7,417,"NL","I"
371,1,417,"NL","I"
517,3,417,"NL","I"
513,2,417,"NL","I"
301,1,417,"NL","I"
354,2,417,"NL","I"
23,8,417,"NL","I"
514,3,417,"NL","I"
483,3,417,"NL","I"
144,1,417,"NL","I"
198,1,417,"NL","I"
458,1,418,"NL","I"
143,1,418,"NL","I"
44,18,418,"NL","I"
354,2,418,"NL","I"
47,11,418,"NL","I"
232,3,418,"NL","I"
522,1,418,"NL","I"
124,1,418,"NL","I"
445,9,418,"NL","I"
439,1,418,"NL","I"
441,1,418,"NL","I"
394,1,418,"NL","I"
252,1,419,"NL","I"
355,1,419,"NL","I"
76,7,419,"NL","I"
62,8,419,"NL","I"
465,1,419,"NL","I"
315,1,419,"NL","I"
326,1,419,"NL","I"
300,1,419,"NL","I"
190,1,419,"NL","I"
143,1,419,"NL","I"
367,2,419,"NL","I"
61,46,419,"NL","I"
249,2,420,"NL","I"
56,7,420,"NL","I"
525,4,420,"NL","I"
304,1,420,"NL","I"
46,6,420,"NL","I"
301,1,420,"NL","I"
209,1,420,"NL","I"
523,4,420,"NL","I"
390,1,420,"NL","I"
23,8,420,"NL","I"
500,29,420,"NL","I"
278,1,420,"NL","I"
209,1,421,"NL","I"
369,2,421,"NL","I"
247,1,421,"NL","I"
471,1,421,"NL","I"
57,12,421,"NL","I"
358,15,421,"NL","I"
14,27,421,"NL","I"
516,3,421,"NL","I"
124,1,421,"NL","I"
303,5,421,"NL","I"
5,7,421,"NL","I"
495,14,421,"NL","I"
57,12,422,"NL","I"
19,10,422,"NL","I"
247,1,422,"NL","I"
425,3,422,"NL","I"
371,1,422,"NL","I"
14,27,422,"NL","I"
179,7,422,"NL","I"
76,7,422,"NL","I"
357,1,422,"NL","I"
308,2,422,"NL","I"
499,36,422,"NL","I"
211,1,422,"NL","I"
377,3,423,"NL","I"
140,1,423,"NL","I"
112,2,423,"NL","I"
430,1,423,"NL","I"
421,4,423,"NL","I"
502,23,423,"NL","I"
60,5,423,"NL","I"
249,2,423,"NL","I"
26,52,423,"NL","I"
438,6,423,"NL","I"
20,8,423,"NL","I"
203,1,423,"NL","I"
105,1,424,"NL","I"
59,5,424,"NL","I"
302,1,424,"NL","I"
525,4,424,"NL","I"
522,1,424,"NL","I"
66,1,424,"NL","I"
196,2,424,"NL","I"
469,4,424,"NL","I"
64,14,424,"NL","I"
514,3,424,"NL","I"
247,1,424,"NL","I"
11,32,424,"NL","I"
419,1,425,"NL","I"
380,2,425,"NL","I"
36,6,425,"NL","I"
232,3,425,"NL","I"
109,1,425,"NL","I"
20,8,425,"NL","I"
28,26,425,"NL","I"
496,33,425,"NL","I"
24,5,425,"NL","I"
124,1,425,"NL","I"
11,32,425,"NL","I"
417,1,425,"NL","I"
36,6,426,"NL","I"
517,3,426,"NL","I"
445,9,426,"NL","I"
372,1,426,"NL","I"
433,2,426,"NL","I"
109,1,426,"NL","I"
23,8,426,"NL","I"
112,2,426,"NL","I"
374,2,426,"NL","I"
7,10,426,"NL","I"
368,1,426,"NL","I"
322,2,426,"NL","I"
497,36,427,"NL","I"
425,3,427,"NL","I"
128,1,427,"NL","I"
32,11,427,"NL","I"
72,9,427,"NL","I"
361,3,427,"NL","I"
78,12,427,"NL","I"
513,2,427,"NL","I"
498,32,427,"NL","I"
337,8,427,"NL","I"
354,2,427,"NL","I"
458,1,427,"NL","I"
504,40,428,"NL","I"
105,1,428,"NL","I"
508,19,428,"NL","I"
5,7,428,"NL","I"
438,6,428,"NL","I"
514,3,428,"NL","I"
377,3,428,"NL","I"
181,1,428,"NL","I"
467,4,428,"NL","I"
470,4,428,"NL","I"
505,19,428,"NL","I"
463,1,428,"NL","I"
360,3,429,"NL","I"
60,5,429,"NL","I"
381,3,429,"NL","I"
349,1,429,"NL","I"
78,12,429,"NL","I"
318,2,429,"NL","I"
41,2,429,"NL","I"
447,2,429,"NL","I"
483,3,429,"NL","I"
223,1,429,"NL","I"
80,6,429,"NL","I"
112,2,429,"NL","I"
504,40,430,"NL","I"
516,3,430,"NL","I"
39,1,430,"NL","I"
505,19,430,"NL","I"
341,2,430,"NL","I"
44,18,430,"NL","I"
181,1,430,"NL","I"
422,3,430,"NL","I"
24,5,430,"NL","I"
188,1,430,"NL","I"
265,1,430,"NL","I"
415,1,430,"NL","I"
131,1,431,"NL","I"
124,1,431,"NL","I"
508,19,431,"NL","I"
371,1,431,"NL","I"
363,1,431,"NL","I"
524,1,431,"NL","I"
193,1,431,"NL","I"
81,2,431,"NL","I"
301,1,431,"NL","I"
514,3,431,"NL","I"
517,3,431,"NL","I"
380,2,431,"NL","I"
124,1,432,"NL","I"
355,1,432,"NL","I"
470,4,432,"NL","I"
30,3,432,"NL","I"
264,1,432,"NL","I"
166,1,432,"NL","I"
165,1,432,"NL","I"
370,1,432,"NL","I"
455,2,432,"NL","I"
144,1,432,"NL","I"
540,3,432,"NL","I"
496,33,432,"NL","I"
463,1,433,"NL","I"
45,8,433,"NL","I"
63,6,433,"NL","I"
540,3,433,"NL","I"
315,1,433,"NL","I"
91,9,433,"NL","I"
222,2,433,"NL","I"
486,3,433,"NL","I"
358,15,433,"NL","I"
170,1,433,"NL","I"
458,1,433,"NL","I"
513,2,433,"NL","I"
465,1,434,"NL","I"
252,1,434,"NL","I"
455,2,434,"NL","I"
337,8,434,"NL","I"
248,2,434,"NL","I"
165,1,434,"NL","I"
302,1,434,"NL","I"
228,1,434,"NL","I"
463,1,434,"NL","I"
486,3,434,"NL","I"
77,21,434,"NL","I"
56,7,434,"NL","I"
341,2,435,"NL","I"
41,2,435,"NL","I"
12,11,435,"NL","I"
24,5,435,"NL","I"
304,1,435,"NL","I"
186,1,435,"NL","I"
439,1,435,"NL","I"
517,3,435,"NL","I"
503,25,435,"NL","I"
132,1,435,"NL","I"
358,15,435,"NL","I"
165,1,435,"NL","I"
14,27,436,"NL","I"
266,1,436,"NL","I"
496,33,436,"NL","I"
348,2,436,"NL","I"
77,21,436,"NL","I"
124,1,436,"NL","I"
39,1,436,"NL","I"
11,32,436,"NL","I"
56,7,436,"NL","I"
374,2,436,"NL","I"
64,14,436,"NL","I"
441,1,436,"NL","I"
222,2,437,"NL","I"
377,3,437,"NL","I"
326,1,437,"NL","I"
401,1,437,"NL","I"
502,23,437,"NL","I"
8,6,437,"NL","I"
170,1,437,"NL","I"
318,2,437,"NL","I"
504,40,437,"NL","I"
140,1,437,"NL","I"
441,1,437,"NL","I"
482,3,437,"NL","I"
277,1,438,"NL","I"
264,1,438,"NL","I"
48,6,438,"NL","I"
131,1,438,"NL","I"
498,32,438,"NL","I"
426,1,438,"NL","I"
343,6,438,"NL","I"
514,3,438,"NL","I"
374,2,438,"NL","I"
14,27,438,"NL","I"
28,26,438,"NL","I"
183,1,438,"NL","I"
11,32,439,"NL","I"
61,46,439,"NL","I"
193,1,439,"NL","I"
237,1,439,"NL","I"
302,1,439,"NL","I"
203,1,439,"NL","I"
63,6,439,"NL","I"
124,1,439,"NL","I"
497,36,439,"NL","I"
421,4,439,"NL","I"
364,2,439,"NL","I"
317,2,439,"NL","I"
516,3,440,"NL","I"
360,3,440,"NL","I"
72,9,440,"NL","I"
343,6,440,"NL","I"
438,6,440,"NL","I"
81,2,440,"NL","I"
5,7,440,"NL","I"
390,1,440,"NL","I"
376,4,440,"NL","I"
368,1,440,"NL","I"
378,2,440,"NL","I"
80,6,440,"NL","I"
437,1,441,"NL","I"
183,1,441,"NL","I"
141,1,441,"NL","I"
122,1,441,"NL","I"
277,1,441,"NL","I"
483,3,441,"NL","I"
166,1,441,"NL","I"
10,7,441,"NL","I"
142,1,441,"NL","I"
337,8,441,"NL","I"
255,1,441,"NL","I"
467,4,441,"NL","I"
82,1,442,"NL","I"
179,7,442,"NL","I"
301,1,442,"NL","I"
282,1,442,"NL","I"
105,1,442,"NL","I"
181,1,442,"NL","I"
495,14,442,"NL","I"
66,1,442,"NL","I"
142,1,442,"NL","I"
516,3,442,"NL","I"
128,1,442,"NL","I"
397,1,442,"NL","I"
62,8,443,"NL","I"
447,2,443,"NL","I"
370,1,443,"NL","I"
209,1,443,"NL","I"
30,3,443,"NL","I"
14,27,443,"NL","I"
189,1,443,"NL","I"
368,1,443,"NL","I"
109,1,443,"NL","I"
425,3,443,"NL","I"
158,1,443,"NL","I"
252,1,443,"NL","I"
188,1,444,"NL","I"
397,1,444,"NL","I"
354,2,444,"NL","I"
381,3,444,"NL","I"
16,8,444,"NL","I"
39,1,444,"NL","I"
131,1,444,"NL","I"
222,2,444,"NL","I"
45,8,444,"NL","I"
361,3,444,"NL","I"
421,4,444,"NL","I"
501,24,444,"NL","I"
105,1,445,"NL","I"
57,12,445,"NL","I"
318,2,445,"NL","I"
279,1,445,"NL","I"
344,1,445,"NL","I"
19,10,445,"NL","I"
24,5,445,"NL","I"
426,1,445,"NL","I"
66,1,445,"NL","I"
72,9,445,"NL","I"
17,6,445,"NL","I"
315,1,445,"NL","I"
211,1,446,"NL","I"
437,1,446,"NL","I"
76,7,446,"NL","I"
122,1,446,"NL","I"
495,14,446,"NL","I"
264,1,446,"NL","I"
516,3,446,"NL","I"
435,1,446,"NL","I"
486,3,446,"NL","I"
354,2,446,"NL","I"
419,1,446,"NL","I"
322,2,446,"NL","I"
249,2,447,"NL","I"
142,1,447,"NL","I"
374,2,447,"NL","I"
498,32,447,"NL","I"
32,11,447,"NL","I"
28,26,447,"NL","I"
173,1,447,"NL","I"
277,1,447,"NL","I"
467,4,447,"NL","I"
57,12,447,"NL","I"
209,1,447,"NL","I"
463,1,447,"NL","I"
470,4,448,"NL","I"
417,1,448,"NL","I"
81,2,448,"NL","I"
322,2,448,"NL","I"
540,3,448,"NL","I"
72,9,448,"NL","I"
237,1,448,"NL","I"
244,2,448,"NL","I"
534,3,448,"NL","I"
285,1,448,"NL","I"
308,2,448,"NL","I"
522,1,448,"NL","I"
496,33,449,"NL","I"
371,1,449,"NL","I"
534,3,449,"NL","I"
47,11,449,"NL","I"
348,2,449,"NL","I"
86,5,449,"NL","I"
276,2,449,"NL","I"
410,2,449,"NL","I"
250,1,449,"NL","I"
82,1,449,"NL","I"
455,2,449,"NL","I"
394,1,449,"NL","I"
318,2,450,"NL","I"
250,1,450,"NL","I"
36,6,450,"NL","I"
471,1,450,"NL","I"
203,1,450,"NL","I"
285,1,450,"NL","I"
20,8,450,"NL","I"
128,1,450,"NL","I"
337,8,450,"NL","I"
190,1,450,"NL","I"
202,1,450,"NL","I"
188,1,450,"NL","I"
51,3,451,"NL","I"
143,1,451,"NL","I"
389,2,451,"NL","I"
524,1,451,"NL","I"
44,18,451,"NL","I"
66,1,451,"NL","I"
62,8,451,"NL","I"
63,6,451,"NL","I"
397,1,451,"NL","I"
469,4,451,"NL","I"
80,6,451,"NL","I"
505,19,451,"NL","I"
523,4,452,"NL","I"
26,52,452,"NL","I"
259,5,452,"NL","I"
364,2,452,"NL","I"
14,27,452,"NL","I"
517,3,452,"NL","I"
266,1,452,"NL","I"
11,32,452,"NL","I"
326,1,452,"NL","I"
278,1,452,"NL","I"
519,2,452,"NL","I"
315,1,452,"NL","I"
77,21,453,"NL","I"
519,2,453,"NL","I"
24,5,453,"NL","I"
47,11,453,"NL","I"
463,1,453,"NL","I"
11,32,453,"NL","I"
198,1,453,"NL","I"
60,5,453,"NL","I"
91,9,453,"NL","I"
372,1,453,"NL","I"
368,1,453,"NL","I"
505,19,453,"NL","I"
80,6,454,"NL","I"
61,46,454,"NL","I"
438,6,454,"NL","I"
255,1,454,"NL","I"
16,8,454,"NL","I"
138,3,454,"NL","I"
458,1,454,"NL","I"
315,1,454,"NL","I"
105,1,454,"NL","I"
39,1,454,"NL","I"
372,1,454,"NL","I"
370,1,454,"NL","I"
500,29,455,"NL","I"
441,1,455,"NL","I"
372,1,455,"NL","I"
30,3,455,"NL","I"
250,1,455,"NL","I"
62,8,455,"NL","I"
465,1,455,"NL","I"
132,1,455,"NL","I"
196,2,455,"NL","I"
349,1,455,"NL","I"
5,7,455,"NL","I"
41,2,455,"NL","I"
315,1,456,"NL","I"
26,52,456,"NL","I"
189,1,456,"NL","I"
337,8,456,"NL","I"
301,1,456,"NL","I"
503,25,456,"NL","I"
82,1,456,"NL","I"
523,4,456,"NL","I"
255,1,456,"NL","I"
278,1,456,"NL","I"
181,1,456,"NL","I"
410,2,456,"NL","I"
469,4,457,"NL","I"
344,1,457,"NL","I"
188,1,457,"NL","I"
39,1,457,"NL","I"
317,2,457,"NL","I"
482,3,457,"NL","I"
496,33,457,"NL","I"
8,6,457,"NL","I"
232,3,457,"NL","I"
62,8,457,"NL","I"
422,3,457,"NL","I"
355,1,457,"NL","I"
463,1,458,"NL","I"
66,1,458,"NL","I"
522,1,458,"NL","I"
502,23,458,"NL","I"
8,6,458,"NL","I"
357,1,458,"NL","I"
183,1,458,"NL","I"
30,3,458,"NL","I"
63,6,458,"NL","I"
4,11,458,"NL","I"
300,1,458,"NL","I"
124,1,458,"NL","I"
144,1,459,"NL","I"
440,1,459,"NL","I"
232,3,459,"NL","I"
540,3,459,"NL","I"
164,4,459,"NL","I"
417,1,459,"NL","I"
517,3,459,"NL","I"
105,1,459,"NL","I"
465,1,459,"NL","I"
8,6,459,"NL","I"
303,5,459,"NL","I"
186,1,459,"NL","I"
244,2,460,"NL","I"
513,2,460,"NL","I"
380,2,460,"NL","I"
56,7,460,"NL","I"
455,2,460,"NL","I"
62,8,460,"NL","I"
82,1,460,"NL","I"
44,18,460,"NL","I"
365,4,460,"NL","I"
138,3,460,"NL","I"
302,1,460,"NL","I"
390,1,460,"NL","I"
228,1,461,"NL","I"
374,2,461,"NL","I"
47,11,461,"NL","I"
80,6,461,"NL","I"
8,6,461,"NL","I"
438,6,461,"NL","I"
109,1,461,"NL","I"
128,1,461,"NL","I"
276,2,461,"NL","I"
497,36,461,"NL","I"
465,1,461,"NL","I"
140,1,461,"NL","I"
508,19,462,"NL","I"
502,23,462,"NL","I"
534,3,462,"NL","I"
173,1,462,"NL","I"
16,8,462,"NL","I"
503,25,462,"NL","I"
122,1,462,"NL","I"
447,2,462,"NL","I"
72,9,462,"NL","I"
223,1,462,"NL","I"
24,5,462,"NL","I"
380,2,462,"NL","I"
11,32,463,"NL","I"
285,1,463,"NL","I"
142,1,463,"NL","I"
360,3,463,"NL","I"
498,32,463,"NL","I"
144,1,463,"NL","I"
126,4,463,"NL","I"
165,1,463,"NL","I"
465,1,463,"NL","I"
368,1,463,"NL","I"
381,3,463,"NL","I"
48,6,463,"NL","I"
513,2,464,"NL","I"
341,2,464,"NL","I"
517,3,464,"NL","I"
266,1,464,"NL","I"
13,3,464,"NL","I"
372,1,464,"NL","I"
499,36,464,"NL","I"
301,1,464,"NL","I"
519,2,464,"NL","I"
502,23,464,"NL","I"
337,8,464,"NL","I"
105,1,464,"NL","I"
78,12,465,"NL","I"
252,1,465,"NL","I"
524,1,465,"NL","I"
232,3,465,"NL","I"
322,2,465,"NL","I"
41,2,465,"NL","I"
426,1,465,"NL","I"
455,2,465,"NL","I"
517,3,465,"NL","I"
60,5,465,"NL","I"
80,6,465,"NL","I"
513,2,465,"NL","I"
397,1,466,"NL","I"
469,4,466,"NL","I"
447,2,466,"NL","I"
124,1,466,"NL","I"
483,3,466,"NL","I"
503,25,466,"NL","I"
7,10,466,"NL","I"
304,1,466,"NL","I"
123,3,466,"NL","I"
495,14,466,"NL","I"
371,1,466,"NL","I"
142,1,466,"NL","I"
504,40,467,"NL","I"
24,5,467,"NL","I"
124,1,467,"NL","I"
458,1,467,"NL","I"
78,12,467,"NL","I"
112,2,467,"NL","I"
158,1,467,"NL","I"
223,1,467,"NL","I"
390,1,467,"NL","I"
341,2,467,"NL","I"
123,3,467,"NL","I"
62,8,467,"NL","I"
522,1,468,"NL","I"
166,1,468,"NL","I"
67,12,468,"NL","I"
419,1,468,"NL","I"
150,1,468,"NL","I"
303,5,468,"NL","I"
437,1,468,"NL","I"
465,1,468,"NL","I"
46,6,468,"NL","I"
389,2,468,"NL","I"
170,1,468,"NL","I"
11,32,468,"NL","I"
264,1,469,"NL","I"
10,7,469,"NL","I"
455,2,469,"NL","I"
371,1,469,"NL","I"
190,1,469,"NL","I"
131,1,469,"NL","I"
433,2,469,"NL","I"
138,3,469,"NL","I"
301,1,469,"NL","I"
196,2,469,"NL","I"
109,1,469,"NL","I"
193,1,469,"NL","I"
86,5,470,"NL","I"
179,7,470,"NL","I"
80,6,470,"NL","I"
372,1,470,"NL","I"
378,2,470,"NL","I"
421,4,470,"NL","I"
467,4,470,"NL","I"
164,4,470,"NL","I"
502,23,470,"NL","I"
471,1,470,"NL","I"
397,1,470,"NL","I"
26,52,470,"NL","I"
140,1,471,"NL","I"
193,1,471,"NL","I"
514,3,471,"NL","I"
369,2,471,"NL","I"
495,14,471,"NL","I"
232,3,471,"NL","I"
39,1,471,"NL","I"
109,1,471,"NL","I"
349,1,471,"NL","I"
365,4,471,"NL","I"
78,12,471,"NL","I"
374,2,471,"NL","I"
419,1,472,"NL","I"
62,8,472,"NL","I"
28,26,472,"NL","I"
522,1,472,"NL","I"
12,11,472,"NL","I"
188,1,472,"NL","I"
59,5,472,"NL","I"
397,1,472,"NL","I"
14,27,472,"NL","I"
223,1,472,"NL","I"
181,1,472,"NL","I"
497,36,472,"NL","I"
105,1,473,"NL","I"
57,12,473,"NL","I"
344,1,473,"NL","I"
358,15,473,"NL","I"
23,8,473,"NL","I"
363,1,473,"NL","I"
514,3,473,"NL","I"
524,1,473,"NL","I"
354,2,473,"NL","I"
278,1,473,"NL","I"
249,2,473,"NL","I"
141,1,473,"NL","I"
390,1,474,"NL","I"
150,1,474,"NL","I"
131,1,474,"NL","I"
361,3,474,"NL","I"
525,4,474,"NL","I"
51,3,474,"NL","I"
467,4,474,"NL","I"
48,6,474,"NL","I"
81,2,474,"NL","I"
4,11,474,"NL","I"
181,1,474,"NL","I"
486,3,474,"NL","I"
249,2,475,"NL","I"
196,2,475,"NL","I"
23,8,475,"NL","I"
10,7,475,"NL","I"
66,1,475,"NL","I"
277,1,475,"NL","I"
126,4,475,"NL","I"
505,19,475,"NL","I"
63,6,475,"NL","I"
244,2,475,"NL","I"
20,8,475,"NL","I"
72,9,475,"NL","I"
343,6,476,"NL","I"
433,2,476,"NL","I"
66,1,476,"NL","I"
303,5,476,"NL","I"
141,1,476,"NL","I"
363,1,476,"NL","I"
223,1,476,"NL","I"
4,11,476,"NL","I"
202,1,476,"NL","I"
355,1,476,"NL","I"
80,6,476,"NL","I"
458,1,476,"NL","I"
211,1,477,"NL","I"
51,3,477,"NL","I"
524,1,477,"NL","I"
33,13,477,"NL","I"
48,6,477,"NL","I"
322,2,477,"NL","I"
433,2,477,"NL","I"
30,3,477,"NL","I"
62,8,477,"NL","I"
425,3,477,"NL","I"
374,2,477,"NL","I"
228,1,477,"NL","I"
540,3,478,"NL","I"
131,1,478,"NL","I"
165,1,478,"NL","I"
81,2,478,"NL","I"
249,2,478,"NL","I"
48,6,478,"NL","I"
188,1,478,"NL","I"
483,3,478,"NL","I"
433,2,478,"NL","I"
318,2,478,"NL","I"
517,3,478,"NL","I"
44,18,478,"NL","I"
59,5,479,"NL","I"
39,1,479,"NL","I"
62,8,479,"NL","I"
389,2,479,"NL","I"
32,11,479,"NL","I"
301,1,479,"NL","I"
455,2,479,"NL","I"
11,32,479,"NL","I"
173,1,479,"NL","I"
60,5,479,"NL","I"
33,13,479,"NL","I"
344,1,479,"NL","I"
123,3,480,"NL","I"
165,1,480,"NL","I"
394,1,480,"NL","I"
67,12,480,"NL","I"
86,5,480,"NL","I"
483,3,480,"NL","I"
465,1,480,"NL","I"
26,52,480,"NL","I"
56,7,480,"NL","I"
39,1,480,"NL","I"
439,1,480,"NL","I"
372,1,480,"NL","I"
519,2,481,"NL","I"
20,8,481,"NL","I"
486,3,481,"NL","I"
63,6,481,"NL","I"
394,1,481,"NL","I"
67,12,481,"NL","I"
14,27,481,"NL","I"
341,2,481,"NL","I"
59,5,481,"NL","I"
24,5,481,"NL","I"
165,1,481,"NL","I"
12,11,481,"NL","I"
64,14,482,"NL","I"
302,1,482,"NL","I"
105,1,482,"NL","I"
421,4,482,"NL","I"
368,1,482,"NL","I"
82,1,482,"NL","I"
141,1,482,"NL","I"
381,3,482,"NL","I"
341,2,482,"NL","I"
138,3,482,"NL","I"
513,2,482,"NL","I"
20,8,482,"NL","I"
364,2,483,"NL","I"
503,25,483,"NL","I"
196,2,483,"NL","I"
5,7,483,"NL","I"
401,1,483,"NL","I"
524,1,483,"NL","I"
255,1,483,"NL","I"
467,4,483,"NL","I"
348,2,483,"NL","I"
45,8,483,"NL","I"
344,1,483,"NL","I"
277,1,483,"NL","I"
422,3,484,"NL","I"
376,4,484,"NL","I"
372,1,484,"NL","I"
303,5,484,"NL","I"
138,3,484,"NL","I"
62,8,484,"NL","I"
86,5,484,"NL","I"
76,7,484,"NL","I"
250,1,484,"NL","I"
46,6,484,"NL","I"
41,2,484,"NL","I"
337,8,484,"NL","I"
441,1,485,"NL","I"
203,1,485,"NL","I"
190,1,485,"NL","I"
193,1,485,"NL","I"
389,2,485,"NL","I"
91,9,485,"NL","I"
318,2,485,"NL","I"
8,6,485,"NL","I"
381,3,485,"NL","I"
11,32,485,"NL","I"
38,6,485,"NL","I"
337,8,485,"NL","I"
376,4,486,"NL","I"
439,1,486,"NL","I"
519,2,486,"NL","I"
369,2,486,"NL","I"
304,1,486,"NL","I"
189,1,486,"NL","I"
265,1,486,"NL","I"
60,5,486,"NL","I"
540,3,486,"NL","I"
419,1,486,"NL","I"
378,2,486,"NL","I"
486,3,486,"NL","I"
181,1,487,"NL","I"
138,3,487,"NL","I"
277,1,487,"NL","I"
499,36,487,"NL","I"
317,2,487,"NL","I"
165,1,487,"NL","I"
524,1,487,"NL","I"
445,9,487,"NL","I"
209,1,487,"NL","I"
67,12,487,"NL","I"
244,2,487,"NL","I"
519,2,487,"NL","I"
138,3,488,"NL","I"
525,4,488,"NL","I"
513,2,488,"NL","I"
370,1,488,"NL","I"
12,11,488,"NL","I"
358,15,488,"NL","I"
190,1,488,"NL","I"
17,6,488,"NL","I"
4,11,488,"NL","I"
372,1,488,"NL","I"
248,2,488,"NL","I"
8,6,488,"NL","I"
540,3,489,"NL","I"
38,6,489,"NL","I"
496,33,489,"NL","I"
190,1,489,"NL","I"
17,6,489,"NL","I"
497,36,489,"NL","I"
519,2,489,"NL","I"
364,2,489,"NL","I"
445,9,489,"NL","I"
5,7,489,"NL","I"
286,1,489,"NL","I"
343,6,489,"NL","I"
252,1,490,"NL","I"
410,2,490,"NL","I"
504,40,490,"NL","I"
358,15,490,"NL","I"
202,1,490,"NL","I"
203,1,490,"NL","I"
417,1,490,"NL","I"
381,3,490,"NL","I"
496,33,490,"NL","I"
455,2,490,"NL","I"
10,7,490,"NL","I"
193,1,490,"NL","I"
540,3,491,"NL","I"
5,7,491,"NL","I"
126,4,491,"NL","I"
259,5,491,"NL","I"
46,6,491,"NL","I"
354,2,491,"NL","I"
426,1,491,"NL","I"
249,2,491,"NL","I"
447,2,491,"NL","I"
252,1,491,"NL","I"
303,5,491,"NL","I"
28,26,491,"NL","I"
59,5,492,"NL","I"
7,10,492,"NL","I"
131,1,492,"NL","I"
344,1,492,"NL","I"
348,2,492,"NL","I"
80,6,492,"NL","I"
433,2,492,"NL","I"
358,15,492,"NL","I"
132,1,492,"NL","I"
303,5,492,"NL","I"
308,2,492,"NL","I"
248,2,492,"NL","I"
77,21,493,"NL","I"
540,3,493,"NL","I"
188,1,493,"NL","I"
5,7,493,"NL","I"
467,4,493,"NL","I"
368,1,493,"NL","I"
419,1,493,"NL","I"
438,6,493,"NL","I"
341,2,493,"NL","I"
363,1,493,"NL","I"
150,1,493,"NL","I"
36,6,493,"NL","I"
228,1,494,"NL","I"
223,1,494,"NL","I"
308,2,494,"NL","I"
368,1,494,"NL","I"
60,5,494,"NL","I"
501,24,494,"NL","I"
222,2,494,"NL","I"
519,2,494,"NL","I"
78,12,494,"NL","I"
322,2,494,"NL","I"
341,2,494,"NL","I"
203,1,494,"NL","I"
8,6,495,"NL","I"
183,1,495,"NL","I"
301,1,495,"NL","I"
193,1,495,"NL","I"
439,1,495,"NL","I"
209,1,495,"NL","I"
437,1,495,"NL","I"
232,3,495,"NL","I"
495,14,495,"NL","I"
82,1,495,"NL","I"
36,6,495,"NL","I"
144,1,495,"NL","I"
344,1,496,"NL","I"
12,11,496,"NL","I"
370,1,496,"NL","I"
514,3,496,"NL","I"
410,2,496,"NL","I"
377,3,496,"NL","I"
48,6,496,"NL","I"
158,1,496,"NL","I"
259,5,496,"NL","I"
8,6,496,"NL","I"
367,2,496,"NL","I"
183,1,496,"NL","I"
86,5,497,"NL","I"
354,2,497,"NL","I"
82,1,497,"NL","I"
374,2,497,"NL","I"
322,2,497,"NL","I"
440,1,497,"NL","I"
318,2,497,"NL","I"
196,2,497,"NL","I"
302,1,497,"NL","I"
358,15,497,"NL","I"
109,1,497,"NL","I"
419,1,497,"NL","I"
131,1,498,"NL","I"
259,5,498,"NL","I"
19,10,498,"NL","I"
497,36,498,"NL","I"
252,1,498,"NL","I"
4,11,498,"NL","I"
202,1,498,"NL","I"
13,3,498,"NL","I"
317,2,498,"NL","I"
469,4,498,"NL","I"
173,1,498,"NL","I"
164,4,498,"NL","I"
64,14,499,"NL","I"
193,1,499,"NL","I"
500,29,499,"NL","I"
209,1,499,"NL","I"
394,1,499,"NL","I"
430,1,499,"NL","I"
302,1,499,"NL","I"
315,1,499,"NL","I"
32,11,499,"NL","I"
72,9,499,"NL","I"
467,4,499,"NL","I"
10,7,499,"NL","I"
24,5,500,"NL","I"
341,2,500,"NL","I"
317,2,500,"NL","I"
13,3,500,"NL","I"
138,3,500,"NL","I"
505,19,500,"NL","I"
170,1,500,"NL","I"
255,1,500,"NL","I"
32,11,500,"NL","I"
82,1,500,"NL","I"
455,2,500,"NL","I"
361,3,500,"NL","I"
