"species_rem","degree","iteration","habitat_from","management"
501,24,1,"WD","SE"
40,6,1,"WD","SE"
346,1,1,"WD","SE"
276,4,1,"WD","SE"
50,4,1,"WD","SE"
93,3,1,"WD","SE"
370,1,1,"WD","SE"
303,2,1,"WD","SE"
367,2,1,"WD","SE"
551,1,1,"WD","SE"
545,2,1,"WD","SE"
514,3,1,"WD","SE"
534,3,1,"WD","SE"
540,3,1,"WD","SE"
473,1,1,"WD","SE"
313,1,1,"WD","SE"
398,1,1,"WD","SE"
4,9,1,"WD","SE"
143,1,1,"WD","SE"
57,9,1,"WD","SE"
17,5,1,"WD","SE"
349,1,1,"WD","SE"
123,2,1,"WD","SE"
547,1,1,"WD","SE"
92,1,1,"WD","SE"
16,6,1,"WD","SE"
441,2,1,"WD","SE"
465,1,1,"WD","SE"
544,3,1,"WD","SE"
80,10,1,"WD","SE"
244,2,2,"WD","SE"
419,1,2,"WD","SE"
304,1,2,"WD","SE"
357,1,2,"WD","SE"
164,4,2,"WD","SE"
123,2,2,"WD","SE"
143,1,2,"WD","SE"
51,3,2,"WD","SE"
458,1,2,"WD","SE"
203,1,2,"WD","SE"
496,26,2,"WD","SE"
404,1,2,"WD","SE"
438,4,2,"WD","SE"
255,1,2,"WD","SE"
90,3,2,"WD","SE"
103,1,2,"WD","SE"
41,1,2,"WD","SE"
354,1,2,"WD","SE"
463,1,2,"WD","SE"
17,5,2,"WD","SE"
71,1,2,"WD","SE"
447,3,2,"WD","SE"
266,1,2,"WD","SE"
36,6,2,"WD","SE"
540,3,2,"WD","SE"
514,3,2,"WD","SE"
341,2,2,"WD","SE"
186,1,2,"WD","SE"
377,2,2,"WD","SE"
118,1,2,"WD","SE"
534,3,3,"WD","SE"
417,1,3,"WD","SE"
544,3,3,"WD","SE"
322,1,3,"WD","SE"
264,1,3,"WD","SE"
5,9,3,"WD","SE"
78,9,3,"WD","SE"
472,1,3,"WD","SE"
426,2,3,"WD","SE"
52,2,3,"WD","SE"
344,1,3,"WD","SE"
501,24,3,"WD","SE"
1,3,3,"WD","SE"
303,2,3,"WD","SE"
370,1,3,"WD","SE"
354,1,3,"WD","SE"
317,2,3,"WD","SE"
76,6,3,"WD","SE"
463,1,3,"WD","SE"
285,1,3,"WD","SE"
514,3,3,"WD","SE"
445,10,3,"WD","SE"
282,1,3,"WD","SE"
486,3,3,"WD","SE"
502,18,3,"WD","SE"
343,6,3,"WD","SE"
358,15,3,"WD","SE"
48,4,3,"WD","SE"
166,1,3,"WD","SE"
38,5,3,"WD","SE"
170,1,4,"WD","SE"
501,24,4,"WD","SE"
131,1,4,"WD","SE"
141,1,4,"WD","SE"
500,25,4,"WD","SE"
415,1,4,"WD","SE"
140,1,4,"WD","SE"
103,1,4,"WD","SE"
428,1,4,"WD","SE"
410,2,4,"WD","SE"
523,4,4,"WD","SE"
138,3,4,"WD","SE"
389,2,4,"WD","SE"
390,4,4,"WD","SE"
23,7,4,"WD","SE"
142,1,4,"WD","SE"
372,2,4,"WD","SE"
458,1,4,"WD","SE"
352,2,4,"WD","SE"
259,3,4,"WD","SE"
47,10,4,"WD","SE"
205,2,4,"WD","SE"
285,1,4,"WD","SE"
386,1,4,"WD","SE"
53,1,4,"WD","SE"
279,1,4,"WD","SE"
460,1,4,"WD","SE"
369,1,4,"WD","SE"
422,3,4,"WD","SE"
13,4,4,"WD","SE"
141,1,5,"WD","SE"
5,9,5,"WD","SE"
389,2,5,"WD","SE"
232,3,5,"WD","SE"
228,1,5,"WD","SE"
215,1,5,"WD","SE"
308,1,5,"WD","SE"
255,1,5,"WD","SE"
103,1,5,"WD","SE"
40,6,5,"WD","SE"
523,4,5,"WD","SE"
525,5,5,"WD","SE"
72,8,5,"WD","SE"
502,18,5,"WD","SE"
545,2,5,"WD","SE"
496,26,5,"WD","SE"
93,3,5,"WD","SE"
202,1,5,"WD","SE"
435,2,5,"WD","SE"
322,1,5,"WD","SE"
551,1,5,"WD","SE"
357,1,5,"WD","SE"
186,1,5,"WD","SE"
467,4,5,"WD","SE"
440,1,5,"WD","SE"
16,6,5,"WD","SE"
401,1,5,"WD","SE"
344,1,5,"WD","SE"
422,3,5,"WD","SE"
143,1,5,"WD","SE"
428,1,6,"WD","SE"
547,1,6,"WD","SE"
381,2,6,"WD","SE"
433,2,6,"WD","SE"
401,1,6,"WD","SE"
414,1,6,"WD","SE"
193,1,6,"WD","SE"
344,1,6,"WD","SE"
49,1,6,"WD","SE"
11,30,6,"WD","SE"
48,4,6,"WD","SE"
38,5,6,"WD","SE"
5,9,6,"WD","SE"
214,1,6,"WD","SE"
322,1,6,"WD","SE"
483,3,6,"WD","SE"
422,3,6,"WD","SE"
37,1,6,"WD","SE"
356,1,6,"WD","SE"
190,1,6,"WD","SE"
82,3,6,"WD","SE"
50,4,6,"WD","SE"
508,23,6,"WD","SE"
16,6,6,"WD","SE"
445,10,6,"WD","SE"
179,7,6,"WD","SE"
282,1,6,"WD","SE"
350,1,6,"WD","SE"
368,1,6,"WD","SE"
469,5,6,"WD","SE"
394,1,7,"WD","SE"
126,2,7,"WD","SE"
131,1,7,"WD","SE"
461,1,7,"WD","SE"
142,1,7,"WD","SE"
369,1,7,"WD","SE"
390,4,7,"WD","SE"
164,4,7,"WD","SE"
468,1,7,"WD","SE"
308,1,7,"WD","SE"
433,2,7,"WD","SE"
53,1,7,"WD","SE"
424,1,7,"WD","SE"
472,1,7,"WD","SE"
187,1,7,"WD","SE"
502,18,7,"WD","SE"
361,3,7,"WD","SE"
9,1,7,"WD","SE"
140,1,7,"WD","SE"
322,1,7,"WD","SE"
286,1,7,"WD","SE"
19,8,7,"WD","SE"
376,2,7,"WD","SE"
48,4,7,"WD","SE"
20,6,7,"WD","SE"
313,1,7,"WD","SE"
510,18,7,"WD","SE"
183,2,7,"WD","SE"
123,2,7,"WD","SE"
255,1,7,"WD","SE"
449,1,8,"WD","SE"
471,2,8,"WD","SE"
427,1,8,"WD","SE"
513,4,8,"WD","SE"
447,3,8,"WD","SE"
422,3,8,"WD","SE"
523,4,8,"WD","SE"
349,1,8,"WD","SE"
19,8,8,"WD","SE"
398,1,8,"WD","SE"
499,28,8,"WD","SE"
128,1,8,"WD","SE"
20,6,8,"WD","SE"
438,4,8,"WD","SE"
547,1,8,"WD","SE"
385,1,8,"WD","SE"
308,1,8,"WD","SE"
126,2,8,"WD","SE"
343,6,8,"WD","SE"
445,10,8,"WD","SE"
545,2,8,"WD","SE"
255,1,8,"WD","SE"
514,3,8,"WD","SE"
534,3,8,"WD","SE"
502,18,8,"WD","SE"
551,1,8,"WD","SE"
421,5,8,"WD","SE"
420,1,8,"WD","SE"
326,1,8,"WD","SE"
67,9,8,"WD","SE"
203,1,9,"WD","SE"
276,4,9,"WD","SE"
141,1,9,"WD","SE"
223,1,9,"WD","SE"
540,3,9,"WD","SE"
302,1,9,"WD","SE"
313,1,9,"WD","SE"
259,3,9,"WD","SE"
228,1,9,"WD","SE"
449,1,9,"WD","SE"
465,1,9,"WD","SE"
348,2,9,"WD","SE"
349,1,9,"WD","SE"
28,22,9,"WD","SE"
92,1,9,"WD","SE"
123,2,9,"WD","SE"
404,1,9,"WD","SE"
525,5,9,"WD","SE"
377,2,9,"WD","SE"
6,4,9,"WD","SE"
551,1,9,"WD","SE"
501,24,9,"WD","SE"
508,23,9,"WD","SE"
32,9,9,"WD","SE"
74,1,9,"WD","SE"
23,7,9,"WD","SE"
421,5,9,"WD","SE"
91,8,9,"WD","SE"
13,4,9,"WD","SE"
503,22,9,"WD","SE"
86,2,10,"WD","SE"
317,2,10,"WD","SE"
458,1,10,"WD","SE"
546,1,10,"WD","SE"
132,1,10,"WD","SE"
244,2,10,"WD","SE"
343,6,10,"WD","SE"
142,1,10,"WD","SE"
467,4,10,"WD","SE"
214,1,10,"WD","SE"
390,4,10,"WD","SE"
374,2,10,"WD","SE"
519,4,10,"WD","SE"
93,3,10,"WD","SE"
501,24,10,"WD","SE"
223,1,10,"WD","SE"
428,1,10,"WD","SE"
416,1,10,"WD","SE"
326,1,10,"WD","SE"
356,1,10,"WD","SE"
32,9,10,"WD","SE"
9,1,10,"WD","SE"
58,2,10,"WD","SE"
438,4,10,"WD","SE"
82,3,10,"WD","SE"
383,1,10,"WD","SE"
447,3,10,"WD","SE"
215,1,10,"WD","SE"
508,23,10,"WD","SE"
510,18,10,"WD","SE"
546,1,11,"WD","SE"
105,1,11,"WD","SE"
350,1,11,"WD","SE"
252,1,11,"WD","SE"
266,1,11,"WD","SE"
232,3,11,"WD","SE"
52,2,11,"WD","SE"
50,4,11,"WD","SE"
507,11,11,"WD","SE"
551,1,11,"WD","SE"
23,7,11,"WD","SE"
58,2,11,"WD","SE"
419,1,11,"WD","SE"
131,1,11,"WD","SE"
76,6,11,"WD","SE"
93,3,11,"WD","SE"
416,1,11,"WD","SE"
424,1,11,"WD","SE"
259,3,11,"WD","SE"
41,1,11,"WD","SE"
166,1,11,"WD","SE"
415,1,11,"WD","SE"
397,1,11,"WD","SE"
361,3,11,"WD","SE"
358,15,11,"WD","SE"
482,3,11,"WD","SE"
410,2,11,"WD","SE"
381,2,11,"WD","SE"
468,1,11,"WD","SE"
193,1,11,"WD","SE"
203,1,12,"WD","SE"
50,4,12,"WD","SE"
143,1,12,"WD","SE"
471,2,12,"WD","SE"
344,1,12,"WD","SE"
29,2,12,"WD","SE"
44,35,12,"WD","SE"
547,1,12,"WD","SE"
455,2,12,"WD","SE"
361,3,12,"WD","SE"
282,1,12,"WD","SE"
138,3,12,"WD","SE"
187,1,12,"WD","SE"
377,2,12,"WD","SE"
4,9,12,"WD","SE"
508,23,12,"WD","SE"
286,1,12,"WD","SE"
367,2,12,"WD","SE"
548,1,12,"WD","SE"
23,7,12,"WD","SE"
308,1,12,"WD","SE"
19,8,12,"WD","SE"
401,1,12,"WD","SE"
170,1,12,"WD","SE"
47,10,12,"WD","SE"
186,1,12,"WD","SE"
419,1,12,"WD","SE"
5,9,12,"WD","SE"
358,15,12,"WD","SE"
38,5,12,"WD","SE"
214,1,13,"WD","SE"
352,2,13,"WD","SE"
118,1,13,"WD","SE"
303,2,13,"WD","SE"
410,2,13,"WD","SE"
128,1,13,"WD","SE"
131,1,13,"WD","SE"
430,4,13,"WD","SE"
12,9,13,"WD","SE"
1,3,13,"WD","SE"
72,8,13,"WD","SE"
93,3,13,"WD","SE"
48,4,13,"WD","SE"
184,1,13,"WD","SE"
544,3,13,"WD","SE"
349,1,13,"WD","SE"
266,1,13,"WD","SE"
91,8,13,"WD","SE"
205,2,13,"WD","SE"
6,4,13,"WD","SE"
5,9,13,"WD","SE"
51,3,13,"WD","SE"
142,1,13,"WD","SE"
45,7,13,"WD","SE"
427,1,13,"WD","SE"
465,1,13,"WD","SE"
58,2,13,"WD","SE"
545,2,13,"WD","SE"
259,3,13,"WD","SE"
247,1,13,"WD","SE"
126,2,14,"WD","SE"
228,1,14,"WD","SE"
179,7,14,"WD","SE"
252,1,14,"WD","SE"
524,1,14,"WD","SE"
385,1,14,"WD","SE"
266,1,14,"WD","SE"
44,35,14,"WD","SE"
500,25,14,"WD","SE"
128,1,14,"WD","SE"
282,1,14,"WD","SE"
5,9,14,"WD","SE"
427,1,14,"WD","SE"
322,1,14,"WD","SE"
473,1,14,"WD","SE"
16,6,14,"WD","SE"
352,2,14,"WD","SE"
503,22,14,"WD","SE"
383,1,14,"WD","SE"
498,27,14,"WD","SE"
350,1,14,"WD","SE"
318,2,14,"WD","SE"
375,1,14,"WD","SE"
6,4,14,"WD","SE"
86,2,14,"WD","SE"
370,1,14,"WD","SE"
386,1,14,"WD","SE"
118,1,14,"WD","SE"
346,1,14,"WD","SE"
244,2,14,"WD","SE"
223,1,15,"WD","SE"
383,1,15,"WD","SE"
249,2,15,"WD","SE"
138,3,15,"WD","SE"
304,1,15,"WD","SE"
524,1,15,"WD","SE"
469,5,15,"WD","SE"
77,18,15,"WD","SE"
36,6,15,"WD","SE"
19,8,15,"WD","SE"
381,2,15,"WD","SE"
440,1,15,"WD","SE"
59,5,15,"WD","SE"
179,7,15,"WD","SE"
374,2,15,"WD","SE"
20,6,15,"WD","SE"
93,3,15,"WD","SE"
232,3,15,"WD","SE"
4,9,15,"WD","SE"
519,4,15,"WD","SE"
1,3,15,"WD","SE"
546,1,15,"WD","SE"
143,1,15,"WD","SE"
438,4,15,"WD","SE"
158,2,15,"WD","SE"
313,1,15,"WD","SE"
26,41,15,"WD","SE"
198,1,15,"WD","SE"
202,1,15,"WD","SE"
348,2,15,"WD","SE"
370,1,16,"WD","SE"
435,2,16,"WD","SE"
458,1,16,"WD","SE"
349,1,16,"WD","SE"
455,2,16,"WD","SE"
126,2,16,"WD","SE"
247,1,16,"WD","SE"
78,9,16,"WD","SE"
386,1,16,"WD","SE"
510,18,16,"WD","SE"
90,3,16,"WD","SE"
414,1,16,"WD","SE"
12,9,16,"WD","SE"
496,26,16,"WD","SE"
546,1,16,"WD","SE"
49,1,16,"WD","SE"
483,3,16,"WD","SE"
498,27,16,"WD","SE"
410,2,16,"WD","SE"
141,1,16,"WD","SE"
48,4,16,"WD","SE"
223,1,16,"WD","SE"
361,3,16,"WD","SE"
467,4,16,"WD","SE"
248,1,16,"WD","SE"
196,2,16,"WD","SE"
5,9,16,"WD","SE"
381,2,16,"WD","SE"
20,6,16,"WD","SE"
514,3,16,"WD","SE"
41,1,17,"WD","SE"
59,5,17,"WD","SE"
326,1,17,"WD","SE"
343,6,17,"WD","SE"
173,1,17,"WD","SE"
40,6,17,"WD","SE"
338,3,17,"WD","SE"
282,1,17,"WD","SE"
244,2,17,"WD","SE"
232,3,17,"WD","SE"
45,7,17,"WD","SE"
365,1,17,"WD","SE"
404,1,17,"WD","SE"
58,2,17,"WD","SE"
33,12,17,"WD","SE"
53,1,17,"WD","SE"
422,3,17,"WD","SE"
184,1,17,"WD","SE"
547,1,17,"WD","SE"
301,1,17,"WD","SE"
278,1,17,"WD","SE"
472,1,17,"WD","SE"
501,24,17,"WD","SE"
138,3,17,"WD","SE"
214,1,17,"WD","SE"
80,10,17,"WD","SE"
381,2,17,"WD","SE"
90,3,17,"WD","SE"
460,1,17,"WD","SE"
143,1,17,"WD","SE"
158,2,18,"WD","SE"
367,2,18,"WD","SE"
128,1,18,"WD","SE"
500,25,18,"WD","SE"
416,1,18,"WD","SE"
427,1,18,"WD","SE"
467,4,18,"WD","SE"
548,1,18,"WD","SE"
504,35,18,"WD","SE"
421,5,18,"WD","SE"
209,1,18,"WD","SE"
341,2,18,"WD","SE"
394,1,18,"WD","SE"
447,3,18,"WD","SE"
53,1,18,"WD","SE"
441,2,18,"WD","SE"
435,2,18,"WD","SE"
519,4,18,"WD","SE"
252,1,18,"WD","SE"
196,2,18,"WD","SE"
472,1,18,"WD","SE"
440,1,18,"WD","SE"
186,1,18,"WD","SE"
398,1,18,"WD","SE"
428,1,18,"WD","SE"
482,3,18,"WD","SE"
17,5,18,"WD","SE"
469,5,18,"WD","SE"
547,1,18,"WD","SE"
23,7,18,"WD","SE"
465,1,19,"WD","SE"
467,4,19,"WD","SE"
223,1,19,"WD","SE"
48,4,19,"WD","SE"
78,9,19,"WD","SE"
249,2,19,"WD","SE"
193,1,19,"WD","SE"
498,27,19,"WD","SE"
357,1,19,"WD","SE"
380,3,19,"WD","SE"
184,1,19,"WD","SE"
394,1,19,"WD","SE"
457,1,19,"WD","SE"
473,1,19,"WD","SE"
37,1,19,"WD","SE"
365,1,19,"WD","SE"
91,8,19,"WD","SE"
252,1,19,"WD","SE"
460,1,19,"WD","SE"
166,1,19,"WD","SE"
58,2,19,"WD","SE"
92,1,19,"WD","SE"
247,1,19,"WD","SE"
128,1,19,"WD","SE"
20,6,19,"WD","SE"
383,1,19,"WD","SE"
469,5,19,"WD","SE"
29,2,19,"WD","SE"
255,1,19,"WD","SE"
471,2,19,"WD","SE"
41,1,20,"WD","SE"
179,7,20,"WD","SE"
361,3,20,"WD","SE"
244,2,20,"WD","SE"
203,1,20,"WD","SE"
128,1,20,"WD","SE"
504,35,20,"WD","SE"
483,3,20,"WD","SE"
173,1,20,"WD","SE"
411,1,20,"WD","SE"
499,28,20,"WD","SE"
449,1,20,"WD","SE"
215,1,20,"WD","SE"
37,1,20,"WD","SE"
414,1,20,"WD","SE"
346,1,20,"WD","SE"
352,2,20,"WD","SE"
381,2,20,"WD","SE"
250,1,20,"WD","SE"
19,8,20,"WD","SE"
546,1,20,"WD","SE"
86,2,20,"WD","SE"
415,1,20,"WD","SE"
48,4,20,"WD","SE"
184,1,20,"WD","SE"
190,1,20,"WD","SE"
441,2,20,"WD","SE"
514,3,20,"WD","SE"
428,1,20,"WD","SE"
383,1,20,"WD","SE"
416,1,21,"WD","SE"
548,1,21,"WD","SE"
7,24,21,"WD","SE"
517,3,21,"WD","SE"
383,1,21,"WD","SE"
248,1,21,"WD","SE"
426,2,21,"WD","SE"
103,1,21,"WD","SE"
414,1,21,"WD","SE"
503,22,21,"WD","SE"
179,7,21,"WD","SE"
74,1,21,"WD","SE"
375,1,21,"WD","SE"
501,24,21,"WD","SE"
369,1,21,"WD","SE"
472,1,21,"WD","SE"
232,3,21,"WD","SE"
417,1,21,"WD","SE"
500,25,21,"WD","SE"
523,4,21,"WD","SE"
279,1,21,"WD","SE"
466,1,21,"WD","SE"
398,1,21,"WD","SE"
295,4,21,"WD","SE"
203,1,21,"WD","SE"
374,2,21,"WD","SE"
142,1,21,"WD","SE"
389,2,21,"WD","SE"
16,6,21,"WD","SE"
410,2,21,"WD","SE"
344,1,22,"WD","SE"
503,22,22,"WD","SE"
41,1,22,"WD","SE"
313,1,22,"WD","SE"
363,1,22,"WD","SE"
551,1,22,"WD","SE"
1,3,22,"WD","SE"
482,3,22,"WD","SE"
375,1,22,"WD","SE"
72,8,22,"WD","SE"
222,1,22,"WD","SE"
164,4,22,"WD","SE"
29,2,22,"WD","SE"
377,2,22,"WD","SE"
142,1,22,"WD","SE"
302,1,22,"WD","SE"
397,1,22,"WD","SE"
303,2,22,"WD","SE"
468,1,22,"WD","SE"
441,2,22,"WD","SE"
170,1,22,"WD","SE"
17,5,22,"WD","SE"
285,1,22,"WD","SE"
547,1,22,"WD","SE"
26,41,22,"WD","SE"
398,1,22,"WD","SE"
420,1,22,"WD","SE"
445,10,22,"WD","SE"
410,2,22,"WD","SE"
48,4,22,"WD","SE"
105,1,23,"WD","SE"
14,16,23,"WD","SE"
420,1,23,"WD","SE"
255,1,23,"WD","SE"
385,1,23,"WD","SE"
348,2,23,"WD","SE"
190,1,23,"WD","SE"
459,2,23,"WD","SE"
237,1,23,"WD","SE"
397,1,23,"WD","SE"
123,2,23,"WD","SE"
374,2,23,"WD","SE"
419,1,23,"WD","SE"
343,6,23,"WD","SE"
540,3,23,"WD","SE"
266,1,23,"WD","SE"
6,4,23,"WD","SE"
222,1,23,"WD","SE"
5,9,23,"WD","SE"
285,1,23,"WD","SE"
51,3,23,"WD","SE"
318,2,23,"WD","SE"
26,41,23,"WD","SE"
425,3,23,"WD","SE"
144,1,23,"WD","SE"
401,1,23,"WD","SE"
350,1,23,"WD","SE"
45,7,23,"WD","SE"
482,3,23,"WD","SE"
138,3,23,"WD","SE"
13,4,24,"WD","SE"
223,1,24,"WD","SE"
425,3,24,"WD","SE"
317,2,24,"WD","SE"
427,1,24,"WD","SE"
465,1,24,"WD","SE"
356,1,24,"WD","SE"
26,41,24,"WD","SE"
375,1,24,"WD","SE"
410,2,24,"WD","SE"
179,7,24,"WD","SE"
249,2,24,"WD","SE"
544,3,24,"WD","SE"
276,4,24,"WD","SE"
498,27,24,"WD","SE"
71,1,24,"WD","SE"
143,1,24,"WD","SE"
503,22,24,"WD","SE"
264,1,24,"WD","SE"
369,1,24,"WD","SE"
415,1,24,"WD","SE"
278,1,24,"WD","SE"
47,10,24,"WD","SE"
302,1,24,"WD","SE"
338,3,24,"WD","SE"
64,23,24,"WD","SE"
534,3,24,"WD","SE"
138,3,24,"WD","SE"
440,1,24,"WD","SE"
132,1,24,"WD","SE"
551,1,25,"WD","SE"
278,1,25,"WD","SE"
358,15,25,"WD","SE"
503,22,25,"WD","SE"
473,1,25,"WD","SE"
471,2,25,"WD","SE"
523,4,25,"WD","SE"
51,3,25,"WD","SE"
214,1,25,"WD","SE"
58,2,25,"WD","SE"
380,3,25,"WD","SE"
390,4,25,"WD","SE"
463,1,25,"WD","SE"
415,1,25,"WD","SE"
419,1,25,"WD","SE"
105,1,25,"WD","SE"
303,2,25,"WD","SE"
61,37,25,"WD","SE"
317,2,25,"WD","SE"
259,3,25,"WD","SE"
193,1,25,"WD","SE"
482,3,25,"WD","SE"
215,1,25,"WD","SE"
17,5,25,"WD","SE"
457,1,25,"WD","SE"
196,2,25,"WD","SE"
37,1,25,"WD","SE"
126,2,25,"WD","SE"
389,2,25,"WD","SE"
398,1,25,"WD","SE"
470,5,26,"WD","SE"
259,3,26,"WD","SE"
144,1,26,"WD","SE"
40,6,26,"WD","SE"
338,3,26,"WD","SE"
179,7,26,"WD","SE"
416,1,26,"WD","SE"
486,3,26,"WD","SE"
361,3,26,"WD","SE"
250,1,26,"WD","SE"
123,2,26,"WD","SE"
64,23,26,"WD","SE"
196,2,26,"WD","SE"
438,4,26,"WD","SE"
67,9,26,"WD","SE"
232,3,26,"WD","SE"
184,1,26,"WD","SE"
410,2,26,"WD","SE"
126,2,26,"WD","SE"
458,1,26,"WD","SE"
508,23,26,"WD","SE"
132,1,26,"WD","SE"
483,3,26,"WD","SE"
502,18,26,"WD","SE"
545,2,26,"WD","SE"
92,1,26,"WD","SE"
6,4,26,"WD","SE"
404,1,26,"WD","SE"
44,35,26,"WD","SE"
385,1,26,"WD","SE"
9,1,27,"WD","SE"
469,5,27,"WD","SE"
232,3,27,"WD","SE"
358,15,27,"WD","SE"
20,6,27,"WD","SE"
415,1,27,"WD","SE"
17,5,27,"WD","SE"
187,1,27,"WD","SE"
368,1,27,"WD","SE"
502,18,27,"WD","SE"
45,7,27,"WD","SE"
255,1,27,"WD","SE"
41,1,27,"WD","SE"
279,1,27,"WD","SE"
6,4,27,"WD","SE"
249,2,27,"WD","SE"
503,22,27,"WD","SE"
427,1,27,"WD","SE"
164,4,27,"WD","SE"
205,2,27,"WD","SE"
252,1,27,"WD","SE"
389,2,27,"WD","SE"
193,1,27,"WD","SE"
86,2,27,"WD","SE"
435,2,27,"WD","SE"
141,1,27,"WD","SE"
71,1,27,"WD","SE"
118,1,27,"WD","SE"
183,2,27,"WD","SE"
203,1,27,"WD","SE"
343,6,28,"WD","SE"
304,1,28,"WD","SE"
205,2,28,"WD","SE"
166,1,28,"WD","SE"
472,1,28,"WD","SE"
508,23,28,"WD","SE"
186,1,28,"WD","SE"
247,1,28,"WD","SE"
381,2,28,"WD","SE"
420,1,28,"WD","SE"
326,1,28,"WD","SE"
295,4,28,"WD","SE"
414,1,28,"WD","SE"
37,1,28,"WD","SE"
317,2,28,"WD","SE"
425,3,28,"WD","SE"
470,5,28,"WD","SE"
370,1,28,"WD","SE"
237,1,28,"WD","SE"
158,2,28,"WD","SE"
440,1,28,"WD","SE"
417,1,28,"WD","SE"
390,4,28,"WD","SE"
458,1,28,"WD","SE"
131,1,28,"WD","SE"
198,1,28,"WD","SE"
50,4,28,"WD","SE"
57,9,28,"WD","SE"
47,10,28,"WD","SE"
439,2,28,"WD","SE"
48,4,29,"WD","SE"
184,1,29,"WD","SE"
76,6,29,"WD","SE"
26,41,29,"WD","SE"
105,1,29,"WD","SE"
248,1,29,"WD","SE"
78,9,29,"WD","SE"
482,3,29,"WD","SE"
279,1,29,"WD","SE"
502,18,29,"WD","SE"
459,2,29,"WD","SE"
428,1,29,"WD","SE"
433,2,29,"WD","SE"
17,5,29,"WD","SE"
72,8,29,"WD","SE"
37,1,29,"WD","SE"
544,3,29,"WD","SE"
425,3,29,"WD","SE"
467,4,29,"WD","SE"
237,1,29,"WD","SE"
278,1,29,"WD","SE"
144,1,29,"WD","SE"
53,1,29,"WD","SE"
140,1,29,"WD","SE"
496,26,29,"WD","SE"
19,8,29,"WD","SE"
370,1,29,"WD","SE"
61,37,29,"WD","SE"
91,8,29,"WD","SE"
540,3,29,"WD","SE"
368,1,30,"WD","SE"
458,1,30,"WD","SE"
438,4,30,"WD","SE"
447,3,30,"WD","SE"
455,2,30,"WD","SE"
501,24,30,"WD","SE"
401,1,30,"WD","SE"
467,4,30,"WD","SE"
198,1,30,"WD","SE"
61,37,30,"WD","SE"
179,7,30,"WD","SE"
378,1,30,"WD","SE"
4,9,30,"WD","SE"
186,1,30,"WD","SE"
348,2,30,"WD","SE"
196,2,30,"WD","SE"
16,6,30,"WD","SE"
394,1,30,"WD","SE"
203,1,30,"WD","SE"
84,1,30,"WD","SE"
473,1,30,"WD","SE"
468,1,30,"WD","SE"
430,4,30,"WD","SE"
386,1,30,"WD","SE"
437,1,30,"WD","SE"
415,1,30,"WD","SE"
433,2,30,"WD","SE"
308,1,30,"WD","SE"
346,1,30,"WD","SE"
519,4,30,"WD","SE"
20,6,31,"WD","SE"
420,1,31,"WD","SE"
57,9,31,"WD","SE"
103,1,31,"WD","SE"
205,2,31,"WD","SE"
401,1,31,"WD","SE"
472,1,31,"WD","SE"
105,1,31,"WD","SE"
237,1,31,"WD","SE"
295,4,31,"WD","SE"
286,1,31,"WD","SE"
166,1,31,"WD","SE"
202,1,31,"WD","SE"
92,1,31,"WD","SE"
59,5,31,"WD","SE"
496,26,31,"WD","SE"
523,4,31,"WD","SE"
250,1,31,"WD","SE"
304,1,31,"WD","SE"
80,10,31,"WD","SE"
439,2,31,"WD","SE"
255,1,31,"WD","SE"
354,1,31,"WD","SE"
44,35,31,"WD","SE"
61,37,31,"WD","SE"
369,1,31,"WD","SE"
183,2,31,"WD","SE"
389,2,31,"WD","SE"
32,9,31,"WD","SE"
507,11,31,"WD","SE"
29,2,32,"WD","SE"
142,1,32,"WD","SE"
14,16,32,"WD","SE"
183,2,32,"WD","SE"
57,9,32,"WD","SE"
343,6,32,"WD","SE"
252,1,32,"WD","SE"
158,2,32,"WD","SE"
49,1,32,"WD","SE"
376,2,32,"WD","SE"
91,8,32,"WD","SE"
545,2,32,"WD","SE"
61,37,32,"WD","SE"
411,1,32,"WD","SE"
140,1,32,"WD","SE"
50,4,32,"WD","SE"
4,9,32,"WD","SE"
410,2,32,"WD","SE"
141,1,32,"WD","SE"
508,23,32,"WD","SE"
285,1,32,"WD","SE"
344,1,32,"WD","SE"
523,4,32,"WD","SE"
389,2,32,"WD","SE"
483,3,32,"WD","SE"
48,4,32,"WD","SE"
503,22,32,"WD","SE"
23,7,32,"WD","SE"
404,1,32,"WD","SE"
348,2,32,"WD","SE"
131,1,33,"WD","SE"
424,1,33,"WD","SE"
514,3,33,"WD","SE"
368,1,33,"WD","SE"
525,5,33,"WD","SE"
43,1,33,"WD","SE"
378,1,33,"WD","SE"
545,2,33,"WD","SE"
26,41,33,"WD","SE"
301,1,33,"WD","SE"
344,1,33,"WD","SE"
12,9,33,"WD","SE"
14,16,33,"WD","SE"
5,9,33,"WD","SE"
439,2,33,"WD","SE"
414,1,33,"WD","SE"
295,4,33,"WD","SE"
50,4,33,"WD","SE"
470,5,33,"WD","SE"
282,1,33,"WD","SE"
32,9,33,"WD","SE"
57,9,33,"WD","SE"
140,1,33,"WD","SE"
247,1,33,"WD","SE"
415,1,33,"WD","SE"
232,3,33,"WD","SE"
544,3,33,"WD","SE"
91,8,33,"WD","SE"
196,2,33,"WD","SE"
458,1,33,"WD","SE"
426,2,34,"WD","SE"
352,2,34,"WD","SE"
279,1,34,"WD","SE"
143,1,34,"WD","SE"
13,4,34,"WD","SE"
92,1,34,"WD","SE"
58,2,34,"WD","SE"
398,1,34,"WD","SE"
301,1,34,"WD","SE"
445,10,34,"WD","SE"
313,1,34,"WD","SE"
57,9,34,"WD","SE"
358,15,34,"WD","SE"
411,1,34,"WD","SE"
349,1,34,"WD","SE"
76,6,34,"WD","SE"
361,3,34,"WD","SE"
118,1,34,"WD","SE"
514,3,34,"WD","SE"
363,1,34,"WD","SE"
499,28,34,"WD","SE"
385,1,34,"WD","SE"
378,1,34,"WD","SE"
422,3,34,"WD","SE"
547,1,34,"WD","SE"
348,2,34,"WD","SE"
91,8,34,"WD","SE"
508,23,34,"WD","SE"
43,1,34,"WD","SE"
548,1,34,"WD","SE"
461,1,35,"WD","SE"
264,1,35,"WD","SE"
202,1,35,"WD","SE"
470,5,35,"WD","SE"
433,2,35,"WD","SE"
215,1,35,"WD","SE"
4,9,35,"WD","SE"
187,1,35,"WD","SE"
17,5,35,"WD","SE"
209,1,35,"WD","SE"
41,1,35,"WD","SE"
513,4,35,"WD","SE"
383,1,35,"WD","SE"
440,1,35,"WD","SE"
482,3,35,"WD","SE"
5,9,35,"WD","SE"
381,2,35,"WD","SE"
144,1,35,"WD","SE"
14,16,35,"WD","SE"
411,1,35,"WD","SE"
20,6,35,"WD","SE"
426,2,35,"WD","SE"
368,1,35,"WD","SE"
59,5,35,"WD","SE"
51,3,35,"WD","SE"
343,6,35,"WD","SE"
43,1,35,"WD","SE"
338,3,35,"WD","SE"
33,12,35,"WD","SE"
249,2,35,"WD","SE"
28,22,36,"WD","SE"
420,1,36,"WD","SE"
510,18,36,"WD","SE"
358,15,36,"WD","SE"
504,35,36,"WD","SE"
58,2,36,"WD","SE"
482,3,36,"WD","SE"
419,1,36,"WD","SE"
40,6,36,"WD","SE"
350,1,36,"WD","SE"
551,1,36,"WD","SE"
499,28,36,"WD","SE"
425,3,36,"WD","SE"
9,1,36,"WD","SE"
141,1,36,"WD","SE"
354,1,36,"WD","SE"
286,1,36,"WD","SE"
71,1,36,"WD","SE"
365,1,36,"WD","SE"
302,1,36,"WD","SE"
20,6,36,"WD","SE"
51,3,36,"WD","SE"
507,11,36,"WD","SE"
344,1,36,"WD","SE"
179,7,36,"WD","SE"
223,1,36,"WD","SE"
502,18,36,"WD","SE"
80,10,36,"WD","SE"
416,1,36,"WD","SE"
397,1,36,"WD","SE"
534,3,37,"WD","SE"
301,1,37,"WD","SE"
105,1,37,"WD","SE"
504,35,37,"WD","SE"
441,2,37,"WD","SE"
500,25,37,"WD","SE"
498,27,37,"WD","SE"
92,1,37,"WD","SE"
215,1,37,"WD","SE"
449,1,37,"WD","SE"
38,5,37,"WD","SE"
214,1,37,"WD","SE"
45,7,37,"WD","SE"
435,2,37,"WD","SE"
49,1,37,"WD","SE"
50,4,37,"WD","SE"
53,1,37,"WD","SE"
466,1,37,"WD","SE"
128,1,37,"WD","SE"
381,2,37,"WD","SE"
222,1,37,"WD","SE"
363,1,37,"WD","SE"
386,1,37,"WD","SE"
410,2,37,"WD","SE"
302,1,37,"WD","SE"
378,1,37,"WD","SE"
350,1,37,"WD","SE"
503,22,37,"WD","SE"
16,6,37,"WD","SE"
545,2,37,"WD","SE"
266,1,38,"WD","SE"
198,1,38,"WD","SE"
389,2,38,"WD","SE"
433,2,38,"WD","SE"
53,1,38,"WD","SE"
5,9,38,"WD","SE"
247,1,38,"WD","SE"
519,4,38,"WD","SE"
179,7,38,"WD","SE"
352,2,38,"WD","SE"
80,10,38,"WD","SE"
349,1,38,"WD","SE"
16,6,38,"WD","SE"
361,3,38,"WD","SE"
470,5,38,"WD","SE"
421,5,38,"WD","SE"
77,18,38,"WD","SE"
126,2,38,"WD","SE"
372,2,38,"WD","SE"
500,25,38,"WD","SE"
322,1,38,"WD","SE"
193,1,38,"WD","SE"
205,2,38,"WD","SE"
12,9,38,"WD","SE"
67,9,38,"WD","SE"
468,1,38,"WD","SE"
517,3,38,"WD","SE"
32,9,38,"WD","SE"
132,1,38,"WD","SE"
128,1,38,"WD","SE"
389,2,39,"WD","SE"
12,9,39,"WD","SE"
437,1,39,"WD","SE"
13,4,39,"WD","SE"
540,3,39,"WD","SE"
517,3,39,"WD","SE"
58,2,39,"WD","SE"
486,3,39,"WD","SE"
304,1,39,"WD","SE"
248,1,39,"WD","SE"
358,15,39,"WD","SE"
38,5,39,"WD","SE"
504,35,39,"WD","SE"
463,1,39,"WD","SE"
473,1,39,"WD","SE"
428,1,39,"WD","SE"
252,1,39,"WD","SE"
383,1,39,"WD","SE"
203,1,39,"WD","SE"
186,1,39,"WD","SE"
507,11,39,"WD","SE"
278,1,39,"WD","SE"
143,1,39,"WD","SE"
460,1,39,"WD","SE"
214,1,39,"WD","SE"
9,1,39,"WD","SE"
82,3,39,"WD","SE"
357,1,39,"WD","SE"
381,2,39,"WD","SE"
144,1,39,"WD","SE"
525,5,40,"WD","SE"
91,8,40,"WD","SE"
358,15,40,"WD","SE"
467,4,40,"WD","SE"
501,24,40,"WD","SE"
286,1,40,"WD","SE"
513,4,40,"WD","SE"
279,1,40,"WD","SE"
425,3,40,"WD","SE"
398,1,40,"WD","SE"
433,2,40,"WD","SE"
13,4,40,"WD","SE"
449,1,40,"WD","SE"
411,1,40,"WD","SE"
76,6,40,"WD","SE"
459,2,40,"WD","SE"
64,23,40,"WD","SE"
285,1,40,"WD","SE"
343,6,40,"WD","SE"
348,2,40,"WD","SE"
375,1,40,"WD","SE"
322,1,40,"WD","SE"
51,3,40,"WD","SE"
183,2,40,"WD","SE"
33,12,40,"WD","SE"
422,3,40,"WD","SE"
232,3,40,"WD","SE"
276,4,40,"WD","SE"
500,25,40,"WD","SE"
164,4,40,"WD","SE"
460,1,41,"WD","SE"
264,1,41,"WD","SE"
193,1,41,"WD","SE"
376,2,41,"WD","SE"
544,3,41,"WD","SE"
247,1,41,"WD","SE"
45,7,41,"WD","SE"
17,5,41,"WD","SE"
276,4,41,"WD","SE"
356,1,41,"WD","SE"
14,16,41,"WD","SE"
523,4,41,"WD","SE"
349,1,41,"WD","SE"
369,1,41,"WD","SE"
203,1,41,"WD","SE"
58,2,41,"WD","SE"
516,3,41,"WD","SE"
465,1,41,"WD","SE"
344,1,41,"WD","SE"
425,3,41,"WD","SE"
374,2,41,"WD","SE"
365,1,41,"WD","SE"
419,1,41,"WD","SE"
12,9,41,"WD","SE"
53,1,41,"WD","SE"
417,1,41,"WD","SE"
401,1,41,"WD","SE"
486,3,41,"WD","SE"
32,9,41,"WD","SE"
143,1,41,"WD","SE"
164,4,42,"WD","SE"
209,1,42,"WD","SE"
141,1,42,"WD","SE"
523,4,42,"WD","SE"
501,24,42,"WD","SE"
41,1,42,"WD","SE"
19,8,42,"WD","SE"
397,1,42,"WD","SE"
417,1,42,"WD","SE"
17,5,42,"WD","SE"
132,1,42,"WD","SE"
447,3,42,"WD","SE"
427,1,42,"WD","SE"
51,3,42,"WD","SE"
4,9,42,"WD","SE"
33,12,42,"WD","SE"
53,1,42,"WD","SE"
401,1,42,"WD","SE"
301,1,42,"WD","SE"
78,9,42,"WD","SE"
338,3,42,"WD","SE"
472,1,42,"WD","SE"
486,3,42,"WD","SE"
459,2,42,"WD","SE"
7,24,42,"WD","SE"
369,1,42,"WD","SE"
1,3,42,"WD","SE"
26,41,42,"WD","SE"
295,4,42,"WD","SE"
247,1,42,"WD","SE"
232,3,43,"WD","SE"
202,1,43,"WD","SE"
140,1,43,"WD","SE"
546,1,43,"WD","SE"
457,1,43,"WD","SE"
67,9,43,"WD","SE"
57,9,43,"WD","SE"
317,2,43,"WD","SE"
358,15,43,"WD","SE"
507,11,43,"WD","SE"
20,6,43,"WD","SE"
318,2,43,"WD","SE"
249,2,43,"WD","SE"
356,1,43,"WD","SE"
77,18,43,"WD","SE"
349,1,43,"WD","SE"
386,1,43,"WD","SE"
404,1,43,"WD","SE"
374,2,43,"WD","SE"
26,41,43,"WD","SE"
32,9,43,"WD","SE"
132,1,43,"WD","SE"
401,1,43,"WD","SE"
72,8,43,"WD","SE"
357,1,43,"WD","SE"
105,1,43,"WD","SE"
510,18,43,"WD","SE"
247,1,43,"WD","SE"
380,3,43,"WD","SE"
472,1,43,"WD","SE"
372,2,44,"WD","SE"
519,4,44,"WD","SE"
525,5,44,"WD","SE"
38,5,44,"WD","SE"
510,18,44,"WD","SE"
463,1,44,"WD","SE"
508,23,44,"WD","SE"
103,1,44,"WD","SE"
369,1,44,"WD","SE"
318,2,44,"WD","SE"
470,5,44,"WD","SE"
11,30,44,"WD","SE"
356,1,44,"WD","SE"
5,9,44,"WD","SE"
209,1,44,"WD","SE"
445,10,44,"WD","SE"
123,2,44,"WD","SE"
473,1,44,"WD","SE"
222,1,44,"WD","SE"
361,3,44,"WD","SE"
142,1,44,"WD","SE"
380,3,44,"WD","SE"
547,1,44,"WD","SE"
45,7,44,"WD","SE"
517,3,44,"WD","SE"
419,1,44,"WD","SE"
92,1,44,"WD","SE"
460,1,44,"WD","SE"
237,1,44,"WD","SE"
457,1,44,"WD","SE"
365,1,45,"WD","SE"
140,1,45,"WD","SE"
425,3,45,"WD","SE"
58,2,45,"WD","SE"
504,35,45,"WD","SE"
427,1,45,"WD","SE"
244,2,45,"WD","SE"
40,6,45,"WD","SE"
524,1,45,"WD","SE"
507,11,45,"WD","SE"
141,1,45,"WD","SE"
517,3,45,"WD","SE"
61,37,45,"WD","SE"
346,1,45,"WD","SE"
209,1,45,"WD","SE"
410,2,45,"WD","SE"
308,1,45,"WD","SE"
445,10,45,"WD","SE"
551,1,45,"WD","SE"
23,7,45,"WD","SE"
103,1,45,"WD","SE"
90,3,45,"WD","SE"
51,3,45,"WD","SE"
14,16,45,"WD","SE"
344,1,45,"WD","SE"
144,1,45,"WD","SE"
350,1,45,"WD","SE"
424,1,45,"WD","SE"
36,6,45,"WD","SE"
72,8,45,"WD","SE"
48,4,46,"WD","SE"
427,1,46,"WD","SE"
417,1,46,"WD","SE"
504,35,46,"WD","SE"
534,3,46,"WD","SE"
61,37,46,"WD","SE"
473,1,46,"WD","SE"
404,1,46,"WD","SE"
358,15,46,"WD","SE"
424,1,46,"WD","SE"
103,1,46,"WD","SE"
422,3,46,"WD","SE"
295,4,46,"WD","SE"
455,2,46,"WD","SE"
282,1,46,"WD","SE"
190,1,46,"WD","SE"
118,1,46,"WD","SE"
198,1,46,"WD","SE"
51,3,46,"WD","SE"
140,1,46,"WD","SE"
348,2,46,"WD","SE"
126,2,46,"WD","SE"
545,2,46,"WD","SE"
43,1,46,"WD","SE"
346,1,46,"WD","SE"
486,3,46,"WD","SE"
76,6,46,"WD","SE"
419,1,46,"WD","SE"
223,1,46,"WD","SE"
410,2,46,"WD","SE"
4,9,47,"WD","SE"
187,1,47,"WD","SE"
126,2,47,"WD","SE"
278,1,47,"WD","SE"
52,2,47,"WD","SE"
447,3,47,"WD","SE"
59,5,47,"WD","SE"
517,3,47,"WD","SE"
158,2,47,"WD","SE"
496,26,47,"WD","SE"
105,1,47,"WD","SE"
223,1,47,"WD","SE"
467,4,47,"WD","SE"
381,2,47,"WD","SE"
209,1,47,"WD","SE"
498,27,47,"WD","SE"
348,2,47,"WD","SE"
49,1,47,"WD","SE"
51,3,47,"WD","SE"
132,1,47,"WD","SE"
166,1,47,"WD","SE"
7,24,47,"WD","SE"
308,1,47,"WD","SE"
510,18,47,"WD","SE"
143,1,47,"WD","SE"
401,1,47,"WD","SE"
43,1,47,"WD","SE"
144,1,47,"WD","SE"
417,1,47,"WD","SE"
279,1,47,"WD","SE"
416,1,48,"WD","SE"
377,2,48,"WD","SE"
343,6,48,"WD","SE"
419,1,48,"WD","SE"
278,1,48,"WD","SE"
445,10,48,"WD","SE"
428,1,48,"WD","SE"
126,2,48,"WD","SE"
304,1,48,"WD","SE"
420,1,48,"WD","SE"
483,3,48,"WD","SE"
401,1,48,"WD","SE"
158,2,48,"WD","SE"
19,8,48,"WD","SE"
29,2,48,"WD","SE"
326,1,48,"WD","SE"
203,1,48,"WD","SE"
279,1,48,"WD","SE"
222,1,48,"WD","SE"
472,1,48,"WD","SE"
61,37,48,"WD","SE"
513,4,48,"WD","SE"
72,8,48,"WD","SE"
486,3,48,"WD","SE"
352,2,48,"WD","SE"
425,3,48,"WD","SE"
80,10,48,"WD","SE"
170,1,48,"WD","SE"
397,1,48,"WD","SE"
250,1,48,"WD","SE"
501,24,49,"WD","SE"
548,1,49,"WD","SE"
186,1,49,"WD","SE"
437,1,49,"WD","SE"
504,35,49,"WD","SE"
363,1,49,"WD","SE"
16,6,49,"WD","SE"
525,5,49,"WD","SE"
302,1,49,"WD","SE"
534,3,49,"WD","SE"
52,2,49,"WD","SE"
93,3,49,"WD","SE"
196,2,49,"WD","SE"
92,1,49,"WD","SE"
72,8,49,"WD","SE"
131,1,49,"WD","SE"
13,4,49,"WD","SE"
5,9,49,"WD","SE"
318,2,49,"WD","SE"
266,1,49,"WD","SE"
370,1,49,"WD","SE"
74,1,49,"WD","SE"
19,8,49,"WD","SE"
513,4,49,"WD","SE"
183,2,49,"WD","SE"
84,1,49,"WD","SE"
12,9,49,"WD","SE"
468,1,49,"WD","SE"
249,2,49,"WD","SE"
44,35,49,"WD","SE"
417,1,50,"WD","SE"
540,3,50,"WD","SE"
57,9,50,"WD","SE"
303,2,50,"WD","SE"
546,1,50,"WD","SE"
523,4,50,"WD","SE"
198,1,50,"WD","SE"
23,7,50,"WD","SE"
427,1,50,"WD","SE"
295,4,50,"WD","SE"
524,1,50,"WD","SE"
301,1,50,"WD","SE"
45,7,50,"WD","SE"
12,9,50,"WD","SE"
370,1,50,"WD","SE"
103,1,50,"WD","SE"
173,1,50,"WD","SE"
346,1,50,"WD","SE"
13,4,50,"WD","SE"
354,1,50,"WD","SE"
499,28,50,"WD","SE"
433,2,50,"WD","SE"
422,3,50,"WD","SE"
410,2,50,"WD","SE"
486,3,50,"WD","SE"
438,4,50,"WD","SE"
48,4,50,"WD","SE"
132,1,50,"WD","SE"
202,1,50,"WD","SE"
5,9,50,"WD","SE"
425,3,51,"WD","SE"
141,1,51,"WD","SE"
32,9,51,"WD","SE"
103,1,51,"WD","SE"
47,10,51,"WD","SE"
279,1,51,"WD","SE"
416,1,51,"WD","SE"
126,2,51,"WD","SE"
276,4,51,"WD","SE"
82,3,51,"WD","SE"
503,22,51,"WD","SE"
504,35,51,"WD","SE"
74,1,51,"WD","SE"
222,1,51,"WD","SE"
286,1,51,"WD","SE"
341,2,51,"WD","SE"
385,1,51,"WD","SE"
318,2,51,"WD","SE"
358,15,51,"WD","SE"
29,2,51,"WD","SE"
466,1,51,"WD","SE"
19,8,51,"WD","SE"
295,4,51,"WD","SE"
303,2,51,"WD","SE"
545,2,51,"WD","SE"
17,5,51,"WD","SE"
465,1,51,"WD","SE"
317,2,51,"WD","SE"
419,1,51,"WD","SE"
365,1,51,"WD","SE"
414,1,52,"WD","SE"
276,4,52,"WD","SE"
372,2,52,"WD","SE"
496,26,52,"WD","SE"
440,1,52,"WD","SE"
350,1,52,"WD","SE"
499,28,52,"WD","SE"
41,1,52,"WD","SE"
278,1,52,"WD","SE"
186,1,52,"WD","SE"
380,3,52,"WD","SE"
78,9,52,"WD","SE"
463,1,52,"WD","SE"
43,1,52,"WD","SE"
301,1,52,"WD","SE"
420,1,52,"WD","SE"
308,1,52,"WD","SE"
441,2,52,"WD","SE"
285,1,52,"WD","SE"
460,1,52,"WD","SE"
90,3,52,"WD","SE"
196,2,52,"WD","SE"
38,5,52,"WD","SE"
437,1,52,"WD","SE"
9,1,52,"WD","SE"
264,1,52,"WD","SE"
64,23,52,"WD","SE"
385,1,52,"WD","SE"
12,9,52,"WD","SE"
4,9,52,"WD","SE"
92,1,53,"WD","SE"
338,3,53,"WD","SE"
435,2,53,"WD","SE"
368,1,53,"WD","SE"
190,1,53,"WD","SE"
1,3,53,"WD","SE"
440,1,53,"WD","SE"
376,2,53,"WD","SE"
516,3,53,"WD","SE"
439,2,53,"WD","SE"
401,1,53,"WD","SE"
367,2,53,"WD","SE"
11,30,53,"WD","SE"
504,35,53,"WD","SE"
419,1,53,"WD","SE"
140,1,53,"WD","SE"
410,2,53,"WD","SE"
381,2,53,"WD","SE"
548,1,53,"WD","SE"
534,3,53,"WD","SE"
173,1,53,"WD","SE"
317,2,53,"WD","SE"
457,1,53,"WD","SE"
465,1,53,"WD","SE"
361,3,53,"WD","SE"
32,9,53,"WD","SE"
45,7,53,"WD","SE"
469,5,53,"WD","SE"
463,1,53,"WD","SE"
143,1,53,"WD","SE"
44,35,54,"WD","SE"
424,1,54,"WD","SE"
377,2,54,"WD","SE"
501,24,54,"WD","SE"
358,15,54,"WD","SE"
455,2,54,"WD","SE"
380,3,54,"WD","SE"
41,1,54,"WD","SE"
430,4,54,"WD","SE"
32,9,54,"WD","SE"
433,2,54,"WD","SE"
179,7,54,"WD","SE"
118,1,54,"WD","SE"
508,23,54,"WD","SE"
438,4,54,"WD","SE"
322,1,54,"WD","SE"
304,1,54,"WD","SE"
540,3,54,"WD","SE"
517,3,54,"WD","SE"
142,1,54,"WD","SE"
14,16,54,"WD","SE"
71,1,54,"WD","SE"
507,11,54,"WD","SE"
202,1,54,"WD","SE"
183,2,54,"WD","SE"
84,1,54,"WD","SE"
410,2,54,"WD","SE"
51,3,54,"WD","SE"
357,1,54,"WD","SE"
214,1,54,"WD","SE"
203,1,55,"WD","SE"
430,4,55,"WD","SE"
205,2,55,"WD","SE"
439,2,55,"WD","SE"
523,4,55,"WD","SE"
128,1,55,"WD","SE"
343,6,55,"WD","SE"
341,2,55,"WD","SE"
38,5,55,"WD","SE"
41,1,55,"WD","SE"
173,1,55,"WD","SE"
1,3,55,"WD","SE"
264,1,55,"WD","SE"
435,2,55,"WD","SE"
525,5,55,"WD","SE"
344,1,55,"WD","SE"
12,9,55,"WD","SE"
496,26,55,"WD","SE"
209,1,55,"WD","SE"
460,1,55,"WD","SE"
440,1,55,"WD","SE"
516,3,55,"WD","SE"
36,6,55,"WD","SE"
547,1,55,"WD","SE"
17,5,55,"WD","SE"
279,1,55,"WD","SE"
237,1,55,"WD","SE"
5,9,55,"WD","SE"
441,2,55,"WD","SE"
513,4,55,"WD","SE"
255,1,56,"WD","SE"
50,4,56,"WD","SE"
503,22,56,"WD","SE"
43,1,56,"WD","SE"
40,6,56,"WD","SE"
90,3,56,"WD","SE"
232,3,56,"WD","SE"
482,3,56,"WD","SE"
131,1,56,"WD","SE"
369,1,56,"WD","SE"
28,22,56,"WD","SE"
170,1,56,"WD","SE"
380,3,56,"WD","SE"
142,1,56,"WD","SE"
426,2,56,"WD","SE"
47,10,56,"WD","SE"
132,1,56,"WD","SE"
138,3,56,"WD","SE"
433,2,56,"WD","SE"
510,18,56,"WD","SE"
7,24,56,"WD","SE"
525,5,56,"WD","SE"
190,1,56,"WD","SE"
499,28,56,"WD","SE"
414,1,56,"WD","SE"
143,1,56,"WD","SE"
547,1,56,"WD","SE"
352,2,56,"WD","SE"
368,1,56,"WD","SE"
420,1,56,"WD","SE"
158,2,57,"WD","SE"
14,16,57,"WD","SE"
47,10,57,"WD","SE"
37,1,57,"WD","SE"
214,1,57,"WD","SE"
228,1,57,"WD","SE"
437,1,57,"WD","SE"
459,2,57,"WD","SE"
544,3,57,"WD","SE"
276,4,57,"WD","SE"
6,4,57,"WD","SE"
483,3,57,"WD","SE"
33,12,57,"WD","SE"
326,1,57,"WD","SE"
508,23,57,"WD","SE"
222,1,57,"WD","SE"
380,3,57,"WD","SE"
445,10,57,"WD","SE"
428,1,57,"WD","SE"
517,3,57,"WD","SE"
187,1,57,"WD","SE"
126,2,57,"WD","SE"
61,37,57,"WD","SE"
285,1,57,"WD","SE"
170,1,57,"WD","SE"
92,1,57,"WD","SE"
250,1,57,"WD","SE"
466,1,57,"WD","SE"
53,1,57,"WD","SE"
430,4,57,"WD","SE"
58,2,58,"WD","SE"
166,1,58,"WD","SE"
380,3,58,"WD","SE"
435,2,58,"WD","SE"
38,5,58,"WD","SE"
424,1,58,"WD","SE"
361,3,58,"WD","SE"
375,1,58,"WD","SE"
499,28,58,"WD","SE"
33,12,58,"WD","SE"
416,1,58,"WD","SE"
141,1,58,"WD","SE"
93,3,58,"WD","SE"
411,1,58,"WD","SE"
90,3,58,"WD","SE"
461,1,58,"WD","SE"
460,1,58,"WD","SE"
369,1,58,"WD","SE"
544,3,58,"WD","SE"
372,2,58,"WD","SE"
357,1,58,"WD","SE"
302,1,58,"WD","SE"
504,35,58,"WD","SE"
40,6,58,"WD","SE"
20,6,58,"WD","SE"
463,1,58,"WD","SE"
202,1,58,"WD","SE"
43,1,58,"WD","SE"
138,3,58,"WD","SE"
198,1,58,"WD","SE"
252,1,59,"WD","SE"
496,26,59,"WD","SE"
437,1,59,"WD","SE"
158,2,59,"WD","SE"
415,1,59,"WD","SE"
67,9,59,"WD","SE"
465,1,59,"WD","SE"
58,2,59,"WD","SE"
57,9,59,"WD","SE"
93,3,59,"WD","SE"
266,1,59,"WD","SE"
74,1,59,"WD","SE"
398,1,59,"WD","SE"
5,9,59,"WD","SE"
44,35,59,"WD","SE"
372,2,59,"WD","SE"
237,1,59,"WD","SE"
279,1,59,"WD","SE"
420,1,59,"WD","SE"
128,1,59,"WD","SE"
352,2,59,"WD","SE"
455,2,59,"WD","SE"
52,2,59,"WD","SE"
138,3,59,"WD","SE"
466,1,59,"WD","SE"
449,1,59,"WD","SE"
426,2,59,"WD","SE"
118,1,59,"WD","SE"
357,1,59,"WD","SE"
72,8,59,"WD","SE"
82,3,60,"WD","SE"
237,1,60,"WD","SE"
468,1,60,"WD","SE"
302,1,60,"WD","SE"
519,4,60,"WD","SE"
425,3,60,"WD","SE"
540,3,60,"WD","SE"
547,1,60,"WD","SE"
361,3,60,"WD","SE"
463,1,60,"WD","SE"
440,1,60,"WD","SE"
285,1,60,"WD","SE"
28,22,60,"WD","SE"
368,1,60,"WD","SE"
103,1,60,"WD","SE"
498,27,60,"WD","SE"
19,8,60,"WD","SE"
248,1,60,"WD","SE"
259,3,60,"WD","SE"
357,1,60,"WD","SE"
482,3,60,"WD","SE"
390,4,60,"WD","SE"
378,1,60,"WD","SE"
460,1,60,"WD","SE"
23,7,60,"WD","SE"
12,9,60,"WD","SE"
376,2,60,"WD","SE"
389,2,60,"WD","SE"
428,1,60,"WD","SE"
276,4,60,"WD","SE"
259,3,61,"WD","SE"
414,1,61,"WD","SE"
381,2,61,"WD","SE"
486,3,61,"WD","SE"
77,18,61,"WD","SE"
303,2,61,"WD","SE"
203,1,61,"WD","SE"
440,1,61,"WD","SE"
471,2,61,"WD","SE"
248,1,61,"WD","SE"
7,24,61,"WD","SE"
437,1,61,"WD","SE"
50,4,61,"WD","SE"
142,1,61,"WD","SE"
404,1,61,"WD","SE"
540,3,61,"WD","SE"
380,3,61,"WD","SE"
551,1,61,"WD","SE"
363,1,61,"WD","SE"
498,27,61,"WD","SE"
547,1,61,"WD","SE"
385,1,61,"WD","SE"
40,6,61,"WD","SE"
378,1,61,"WD","SE"
346,1,61,"WD","SE"
372,2,61,"WD","SE"
44,35,61,"WD","SE"
433,2,61,"WD","SE"
51,3,61,"WD","SE"
545,2,61,"WD","SE"
398,1,62,"WD","SE"
369,1,62,"WD","SE"
372,2,62,"WD","SE"
417,1,62,"WD","SE"
437,1,62,"WD","SE"
244,2,62,"WD","SE"
467,4,62,"WD","SE"
198,1,62,"WD","SE"
282,1,62,"WD","SE"
513,4,62,"WD","SE"
318,2,62,"WD","SE"
128,1,62,"WD","SE"
378,1,62,"WD","SE"
313,1,62,"WD","SE"
91,8,62,"WD","SE"
59,5,62,"WD","SE"
471,2,62,"WD","SE"
248,1,62,"WD","SE"
383,1,62,"WD","SE"
350,1,62,"WD","SE"
187,1,62,"WD","SE"
86,2,62,"WD","SE"
23,7,62,"WD","SE"
278,1,62,"WD","SE"
433,2,62,"WD","SE"
80,10,62,"WD","SE"
5,9,62,"WD","SE"
470,5,62,"WD","SE"
132,1,62,"WD","SE"
428,1,62,"WD","SE"
301,1,63,"WD","SE"
179,7,63,"WD","SE"
510,18,63,"WD","SE"
72,8,63,"WD","SE"
470,5,63,"WD","SE"
349,1,63,"WD","SE"
9,1,63,"WD","SE"
341,2,63,"WD","SE"
20,6,63,"WD","SE"
48,4,63,"WD","SE"
544,3,63,"WD","SE"
545,2,63,"WD","SE"
90,3,63,"WD","SE"
372,2,63,"WD","SE"
499,28,63,"WD","SE"
215,1,63,"WD","SE"
422,3,63,"WD","SE"
390,4,63,"WD","SE"
86,2,63,"WD","SE"
74,1,63,"WD","SE"
524,1,63,"WD","SE"
52,2,63,"WD","SE"
264,1,63,"WD","SE"
433,2,63,"WD","SE"
19,8,63,"WD","SE"
184,1,63,"WD","SE"
415,1,63,"WD","SE"
23,7,63,"WD","SE"
428,1,63,"WD","SE"
547,1,63,"WD","SE"
1,3,64,"WD","SE"
118,1,64,"WD","SE"
52,2,64,"WD","SE"
33,12,64,"WD","SE"
357,1,64,"WD","SE"
248,1,64,"WD","SE"
374,2,64,"WD","SE"
376,2,64,"WD","SE"
36,6,64,"WD","SE"
361,3,64,"WD","SE"
414,1,64,"WD","SE"
370,1,64,"WD","SE"
64,23,64,"WD","SE"
545,2,64,"WD","SE"
363,1,64,"WD","SE"
103,1,64,"WD","SE"
390,4,64,"WD","SE"
422,3,64,"WD","SE"
467,4,64,"WD","SE"
131,1,64,"WD","SE"
16,6,64,"WD","SE"
507,11,64,"WD","SE"
369,1,64,"WD","SE"
498,27,64,"WD","SE"
7,24,64,"WD","SE"
318,2,64,"WD","SE"
126,2,64,"WD","SE"
38,5,64,"WD","SE"
158,2,64,"WD","SE"
279,1,64,"WD","SE"
523,4,65,"WD","SE"
547,1,65,"WD","SE"
458,1,65,"WD","SE"
422,3,65,"WD","SE"
173,1,65,"WD","SE"
435,2,65,"WD","SE"
427,1,65,"WD","SE"
510,18,65,"WD","SE"
72,8,65,"WD","SE"
51,3,65,"WD","SE"
4,9,65,"WD","SE"
237,1,65,"WD","SE"
196,2,65,"WD","SE"
381,2,65,"WD","SE"
455,2,65,"WD","SE"
123,2,65,"WD","SE"
346,1,65,"WD","SE"
513,4,65,"WD","SE"
430,4,65,"WD","SE"
483,3,65,"WD","SE"
17,5,65,"WD","SE"
74,1,65,"WD","SE"
417,1,65,"WD","SE"
322,1,65,"WD","SE"
184,1,65,"WD","SE"
365,1,65,"WD","SE"
499,28,65,"WD","SE"
471,2,65,"WD","SE"
437,1,65,"WD","SE"
514,3,65,"WD","SE"
383,1,66,"WD","SE"
463,1,66,"WD","SE"
203,1,66,"WD","SE"
410,2,66,"WD","SE"
435,2,66,"WD","SE"
214,1,66,"WD","SE"
524,1,66,"WD","SE"
126,2,66,"WD","SE"
170,1,66,"WD","SE"
460,1,66,"WD","SE"
17,5,66,"WD","SE"
425,3,66,"WD","SE"
389,2,66,"WD","SE"
57,9,66,"WD","SE"
123,2,66,"WD","SE"
76,6,66,"WD","SE"
394,1,66,"WD","SE"
420,1,66,"WD","SE"
544,3,66,"WD","SE"
459,2,66,"WD","SE"
80,10,66,"WD","SE"
455,2,66,"WD","SE"
16,6,66,"WD","SE"
354,1,66,"WD","SE"
416,1,66,"WD","SE"
414,1,66,"WD","SE"
228,1,66,"WD","SE"
419,1,66,"WD","SE"
140,1,66,"WD","SE"
458,1,66,"WD","SE"
84,1,67,"WD","SE"
322,1,67,"WD","SE"
47,10,67,"WD","SE"
458,1,67,"WD","SE"
468,1,67,"WD","SE"
516,3,67,"WD","SE"
142,1,67,"WD","SE"
19,8,67,"WD","SE"
36,6,67,"WD","SE"
40,6,67,"WD","SE"
483,3,67,"WD","SE"
519,4,67,"WD","SE"
196,2,67,"WD","SE"
71,1,67,"WD","SE"
317,2,67,"WD","SE"
45,7,67,"WD","SE"
52,2,67,"WD","SE"
460,1,67,"WD","SE"
4,9,67,"WD","SE"
16,6,67,"WD","SE"
510,18,67,"WD","SE"
523,4,67,"WD","SE"
472,1,67,"WD","SE"
524,1,67,"WD","SE"
425,3,67,"WD","SE"
386,1,67,"WD","SE"
548,1,67,"WD","SE"
184,1,67,"WD","SE"
421,5,67,"WD","SE"
356,1,67,"WD","SE"
138,3,68,"WD","SE"
203,1,68,"WD","SE"
228,1,68,"WD","SE"
158,2,68,"WD","SE"
252,1,68,"WD","SE"
369,1,68,"WD","SE"
486,3,68,"WD","SE"
546,1,68,"WD","SE"
279,1,68,"WD","SE"
282,1,68,"WD","SE"
385,1,68,"WD","SE"
426,2,68,"WD","SE"
343,6,68,"WD","SE"
461,1,68,"WD","SE"
420,1,68,"WD","SE"
417,1,68,"WD","SE"
13,4,68,"WD","SE"
84,1,68,"WD","SE"
72,8,68,"WD","SE"
93,3,68,"WD","SE"
386,1,68,"WD","SE"
144,1,68,"WD","SE"
304,1,68,"WD","SE"
361,3,68,"WD","SE"
90,3,68,"WD","SE"
51,3,68,"WD","SE"
202,1,68,"WD","SE"
465,1,68,"WD","SE"
548,1,68,"WD","SE"
372,2,68,"WD","SE"
67,9,69,"WD","SE"
483,3,69,"WD","SE"
440,1,69,"WD","SE"
503,22,69,"WD","SE"
255,1,69,"WD","SE"
144,1,69,"WD","SE"
313,1,69,"WD","SE"
482,3,69,"WD","SE"
126,2,69,"WD","SE"
381,2,69,"WD","SE"
343,6,69,"WD","SE"
222,1,69,"WD","SE"
363,1,69,"WD","SE"
223,1,69,"WD","SE"
318,2,69,"WD","SE"
524,1,69,"WD","SE"
13,4,69,"WD","SE"
26,41,69,"WD","SE"
467,4,69,"WD","SE"
4,9,69,"WD","SE"
164,4,69,"WD","SE"
29,2,69,"WD","SE"
252,1,69,"WD","SE"
433,2,69,"WD","SE"
375,1,69,"WD","SE"
72,8,69,"WD","SE"
401,1,69,"WD","SE"
44,35,69,"WD","SE"
37,1,69,"WD","SE"
179,7,69,"WD","SE"
37,1,70,"WD","SE"
499,28,70,"WD","SE"
19,8,70,"WD","SE"
496,26,70,"WD","SE"
514,3,70,"WD","SE"
17,5,70,"WD","SE"
546,1,70,"WD","SE"
4,9,70,"WD","SE"
470,5,70,"WD","SE"
376,2,70,"WD","SE"
447,3,70,"WD","SE"
179,7,70,"WD","SE"
547,1,70,"WD","SE"
383,1,70,"WD","SE"
20,6,70,"WD","SE"
144,1,70,"WD","SE"
368,1,70,"WD","SE"
513,4,70,"WD","SE"
82,3,70,"WD","SE"
545,2,70,"WD","SE"
29,2,70,"WD","SE"
252,1,70,"WD","SE"
141,1,70,"WD","SE"
519,4,70,"WD","SE"
440,1,70,"WD","SE"
507,11,70,"WD","SE"
249,2,70,"WD","SE"
404,1,70,"WD","SE"
524,1,70,"WD","SE"
468,1,70,"WD","SE"
131,1,71,"WD","SE"
377,2,71,"WD","SE"
215,1,71,"WD","SE"
202,1,71,"WD","SE"
138,3,71,"WD","SE"
78,9,71,"WD","SE"
198,1,71,"WD","SE"
1,3,71,"WD","SE"
28,22,71,"WD","SE"
170,1,71,"WD","SE"
40,6,71,"WD","SE"
47,10,71,"WD","SE"
140,1,71,"WD","SE"
252,1,71,"WD","SE"
397,1,71,"WD","SE"
304,1,71,"WD","SE"
471,2,71,"WD","SE"
427,1,71,"WD","SE"
248,1,71,"WD","SE"
244,2,71,"WD","SE"
513,4,71,"WD","SE"
250,1,71,"WD","SE"
354,1,71,"WD","SE"
367,2,71,"WD","SE"
48,4,71,"WD","SE"
469,5,71,"WD","SE"
38,5,71,"WD","SE"
301,1,71,"WD","SE"
143,1,71,"WD","SE"
421,5,71,"WD","SE"
415,1,72,"WD","SE"
118,1,72,"WD","SE"
385,1,72,"WD","SE"
461,1,72,"WD","SE"
540,3,72,"WD","SE"
507,11,72,"WD","SE"
193,1,72,"WD","SE"
378,1,72,"WD","SE"
244,2,72,"WD","SE"
420,1,72,"WD","SE"
439,2,72,"WD","SE"
29,2,72,"WD","SE"
356,1,72,"WD","SE"
473,1,72,"WD","SE"
376,2,72,"WD","SE"
437,1,72,"WD","SE"
547,1,72,"WD","SE"
223,1,72,"WD","SE"
82,3,72,"WD","SE"
282,1,72,"WD","SE"
534,3,72,"WD","SE"
41,1,72,"WD","SE"
361,3,72,"WD","SE"
144,1,72,"WD","SE"
350,1,72,"WD","SE"
496,26,72,"WD","SE"
17,5,72,"WD","SE"
421,5,72,"WD","SE"
426,2,72,"WD","SE"
308,1,72,"WD","SE"
214,1,73,"WD","SE"
140,1,73,"WD","SE"
17,5,73,"WD","SE"
77,18,73,"WD","SE"
415,1,73,"WD","SE"
93,3,73,"WD","SE"
278,1,73,"WD","SE"
501,24,73,"WD","SE"
187,1,73,"WD","SE"
131,1,73,"WD","SE"
164,4,73,"WD","SE"
424,1,73,"WD","SE"
525,5,73,"WD","SE"
499,28,73,"WD","SE"
344,1,73,"WD","SE"
516,3,73,"WD","SE"
398,1,73,"WD","SE"
244,2,73,"WD","SE"
317,2,73,"WD","SE"
20,6,73,"WD","SE"
383,1,73,"WD","SE"
461,1,73,"WD","SE"
510,18,73,"WD","SE"
358,15,73,"WD","SE"
128,1,73,"WD","SE"
40,6,73,"WD","SE"
45,7,73,"WD","SE"
38,5,73,"WD","SE"
186,1,73,"WD","SE"
341,2,73,"WD","SE"
286,1,74,"WD","SE"
252,1,74,"WD","SE"
369,1,74,"WD","SE"
361,3,74,"WD","SE"
411,1,74,"WD","SE"
20,6,74,"WD","SE"
33,12,74,"WD","SE"
187,1,74,"WD","SE"
49,1,74,"WD","SE"
57,9,74,"WD","SE"
255,1,74,"WD","SE"
126,2,74,"WD","SE"
303,2,74,"WD","SE"
71,1,74,"WD","SE"
326,1,74,"WD","SE"
76,6,74,"WD","SE"
502,18,74,"WD","SE"
158,2,74,"WD","SE"
482,3,74,"WD","SE"
376,2,74,"WD","SE"
48,4,74,"WD","SE"
248,1,74,"WD","SE"
78,9,74,"WD","SE"
202,1,74,"WD","SE"
499,28,74,"WD","SE"
67,9,74,"WD","SE"
356,1,74,"WD","SE"
404,1,74,"WD","SE"
457,1,74,"WD","SE"
547,1,74,"WD","SE"
252,1,75,"WD","SE"
57,9,75,"WD","SE"
164,4,75,"WD","SE"
58,2,75,"WD","SE"
385,1,75,"WD","SE"
303,2,75,"WD","SE"
184,1,75,"WD","SE"
304,1,75,"WD","SE"
424,1,75,"WD","SE"
471,2,75,"WD","SE"
144,1,75,"WD","SE"
350,1,75,"WD","SE"
13,4,75,"WD","SE"
398,1,75,"WD","SE"
370,1,75,"WD","SE"
458,1,75,"WD","SE"
386,1,75,"WD","SE"
142,1,75,"WD","SE"
205,2,75,"WD","SE"
326,1,75,"WD","SE"
173,1,75,"WD","SE"
264,1,75,"WD","SE"
103,1,75,"WD","SE"
465,1,75,"WD","SE"
504,35,75,"WD","SE"
496,26,75,"WD","SE"
428,1,75,"WD","SE"
76,6,75,"WD","SE"
92,1,75,"WD","SE"
343,6,75,"WD","SE"
74,1,76,"WD","SE"
375,1,76,"WD","SE"
249,2,76,"WD","SE"
71,1,76,"WD","SE"
303,2,76,"WD","SE"
349,1,76,"WD","SE"
1,3,76,"WD","SE"
170,1,76,"WD","SE"
374,2,76,"WD","SE"
301,1,76,"WD","SE"
222,1,76,"WD","SE"
202,1,76,"WD","SE"
118,1,76,"WD","SE"
78,9,76,"WD","SE"
516,3,76,"WD","SE"
465,1,76,"WD","SE"
547,1,76,"WD","SE"
67,9,76,"WD","SE"
308,1,76,"WD","SE"
7,24,76,"WD","SE"
419,1,76,"WD","SE"
367,2,76,"WD","SE"
232,3,76,"WD","SE"
472,1,76,"WD","SE"
14,16,76,"WD","SE"
13,4,76,"WD","SE"
437,1,76,"WD","SE"
458,1,76,"WD","SE"
498,27,76,"WD","SE"
445,10,76,"WD","SE"
523,4,77,"WD","SE"
144,1,77,"WD","SE"
45,7,77,"WD","SE"
103,1,77,"WD","SE"
467,4,77,"WD","SE"
426,2,77,"WD","SE"
131,1,77,"WD","SE"
301,1,77,"WD","SE"
7,24,77,"WD","SE"
386,1,77,"WD","SE"
190,1,77,"WD","SE"
455,2,77,"WD","SE"
498,27,77,"WD","SE"
77,18,77,"WD","SE"
128,1,77,"WD","SE"
374,2,77,"WD","SE"
471,2,77,"WD","SE"
398,1,77,"WD","SE"
417,1,77,"WD","SE"
49,1,77,"WD","SE"
427,1,77,"WD","SE"
510,18,77,"WD","SE"
202,1,77,"WD","SE"
37,1,77,"WD","SE"
318,2,77,"WD","SE"
132,1,77,"WD","SE"
483,3,77,"WD","SE"
437,1,77,"WD","SE"
64,23,77,"WD","SE"
237,1,77,"WD","SE"
47,10,78,"WD","SE"
12,9,78,"WD","SE"
457,1,78,"WD","SE"
401,1,78,"WD","SE"
158,2,78,"WD","SE"
344,1,78,"WD","SE"
348,2,78,"WD","SE"
90,3,78,"WD","SE"
43,1,78,"WD","SE"
202,1,78,"WD","SE"
468,1,78,"WD","SE"
51,3,78,"WD","SE"
349,1,78,"WD","SE"
363,1,78,"WD","SE"
365,1,78,"WD","SE"
435,2,78,"WD","SE"
544,3,78,"WD","SE"
247,1,78,"WD","SE"
317,2,78,"WD","SE"
74,1,78,"WD","SE"
282,1,78,"WD","SE"
389,2,78,"WD","SE"
78,9,78,"WD","SE"
248,1,78,"WD","SE"
421,5,78,"WD","SE"
410,2,78,"WD","SE"
286,1,78,"WD","SE"
458,1,78,"WD","SE"
67,9,78,"WD","SE"
72,8,78,"WD","SE"
4,9,79,"WD","SE"
14,16,79,"WD","SE"
13,4,79,"WD","SE"
376,2,79,"WD","SE"
105,1,79,"WD","SE"
53,1,79,"WD","SE"
278,1,79,"WD","SE"
534,3,79,"WD","SE"
19,8,79,"WD","SE"
482,3,79,"WD","SE"
250,1,79,"WD","SE"
23,7,79,"WD","SE"
74,1,79,"WD","SE"
43,1,79,"WD","SE"
471,2,79,"WD","SE"
469,5,79,"WD","SE"
415,1,79,"WD","SE"
76,6,79,"WD","SE"
455,2,79,"WD","SE"
279,1,79,"WD","SE"
459,2,79,"WD","SE"
228,1,79,"WD","SE"
7,24,79,"WD","SE"
375,1,79,"WD","SE"
26,41,79,"WD","SE"
184,1,79,"WD","SE"
318,2,79,"WD","SE"
394,1,79,"WD","SE"
202,1,79,"WD","SE"
421,5,79,"WD","SE"
370,1,80,"WD","SE"
346,1,80,"WD","SE"
13,4,80,"WD","SE"
132,1,80,"WD","SE"
472,1,80,"WD","SE"
179,7,80,"WD","SE"
33,12,80,"WD","SE"
461,1,80,"WD","SE"
525,5,80,"WD","SE"
417,1,80,"WD","SE"
214,1,80,"WD","SE"
193,1,80,"WD","SE"
414,1,80,"WD","SE"
205,2,80,"WD","SE"
44,35,80,"WD","SE"
303,2,80,"WD","SE"
445,10,80,"WD","SE"
143,1,80,"WD","SE"
183,2,80,"WD","SE"
375,1,80,"WD","SE"
279,1,80,"WD","SE"
326,1,80,"WD","SE"
259,3,80,"WD","SE"
513,4,80,"WD","SE"
67,9,80,"WD","SE"
447,3,80,"WD","SE"
416,1,80,"WD","SE"
37,1,80,"WD","SE"
12,9,80,"WD","SE"
496,26,80,"WD","SE"
363,1,81,"WD","SE"
131,1,81,"WD","SE"
544,3,81,"WD","SE"
276,4,81,"WD","SE"
266,1,81,"WD","SE"
365,1,81,"WD","SE"
551,1,81,"WD","SE"
52,2,81,"WD","SE"
427,1,81,"WD","SE"
508,23,81,"WD","SE"
184,1,81,"WD","SE"
183,2,81,"WD","SE"
385,1,81,"WD","SE"
441,2,81,"WD","SE"
381,2,81,"WD","SE"
463,1,81,"WD","SE"
534,3,81,"WD","SE"
90,3,81,"WD","SE"
313,1,81,"WD","SE"
472,1,81,"WD","SE"
425,3,81,"WD","SE"
469,5,81,"WD","SE"
415,1,81,"WD","SE"
374,2,81,"WD","SE"
421,5,81,"WD","SE"
369,1,81,"WD","SE"
433,2,81,"WD","SE"
209,1,81,"WD","SE"
398,1,81,"WD","SE"
244,2,81,"WD","SE"
9,1,82,"WD","SE"
507,11,82,"WD","SE"
91,8,82,"WD","SE"
545,2,82,"WD","SE"
264,1,82,"WD","SE"
295,4,82,"WD","SE"
472,1,82,"WD","SE"
193,1,82,"WD","SE"
142,1,82,"WD","SE"
304,1,82,"WD","SE"
36,6,82,"WD","SE"
186,1,82,"WD","SE"
352,2,82,"WD","SE"
326,1,82,"WD","SE"
465,1,82,"WD","SE"
166,1,82,"WD","SE"
449,1,82,"WD","SE"
471,2,82,"WD","SE"
19,8,82,"WD","SE"
205,2,82,"WD","SE"
523,4,82,"WD","SE"
424,1,82,"WD","SE"
214,1,82,"WD","SE"
363,1,82,"WD","SE"
72,8,82,"WD","SE"
173,1,82,"WD","SE"
20,6,82,"WD","SE"
499,28,82,"WD","SE"
118,1,82,"WD","SE"
105,1,82,"WD","SE"
184,1,83,"WD","SE"
255,1,83,"WD","SE"
430,4,83,"WD","SE"
377,2,83,"WD","SE"
11,30,83,"WD","SE"
126,2,83,"WD","SE"
472,1,83,"WD","SE"
198,1,83,"WD","SE"
276,4,83,"WD","SE"
26,41,83,"WD","SE"
29,2,83,"WD","SE"
428,1,83,"WD","SE"
58,2,83,"WD","SE"
447,3,83,"WD","SE"
352,2,83,"WD","SE"
142,1,83,"WD","SE"
455,2,83,"WD","SE"
41,1,83,"WD","SE"
471,2,83,"WD","SE"
356,1,83,"WD","SE"
466,1,83,"WD","SE"
259,3,83,"WD","SE"
33,12,83,"WD","SE"
470,5,83,"WD","SE"
286,1,83,"WD","SE"
445,10,83,"WD","SE"
215,1,83,"WD","SE"
249,2,83,"WD","SE"
250,1,83,"WD","SE"
354,1,83,"WD","SE"
57,9,84,"WD","SE"
11,30,84,"WD","SE"
248,1,84,"WD","SE"
48,4,84,"WD","SE"
449,1,84,"WD","SE"
250,1,84,"WD","SE"
12,9,84,"WD","SE"
78,9,84,"WD","SE"
82,3,84,"WD","SE"
40,6,84,"WD","SE"
465,1,84,"WD","SE"
190,1,84,"WD","SE"
524,1,84,"WD","SE"
519,4,84,"WD","SE"
84,1,84,"WD","SE"
247,1,84,"WD","SE"
301,1,84,"WD","SE"
508,23,84,"WD","SE"
158,2,84,"WD","SE"
463,1,84,"WD","SE"
386,1,84,"WD","SE"
410,2,84,"WD","SE"
341,2,84,"WD","SE"
361,3,84,"WD","SE"
5,9,84,"WD","SE"
363,1,84,"WD","SE"
467,4,84,"WD","SE"
416,1,84,"WD","SE"
186,1,84,"WD","SE"
546,1,84,"WD","SE"
285,1,85,"WD","SE"
222,1,85,"WD","SE"
190,1,85,"WD","SE"
51,3,85,"WD","SE"
365,1,85,"WD","SE"
259,3,85,"WD","SE"
38,5,85,"WD","SE"
352,2,85,"WD","SE"
440,1,85,"WD","SE"
363,1,85,"WD","SE"
430,4,85,"WD","SE"
468,1,85,"WD","SE"
186,1,85,"WD","SE"
67,9,85,"WD","SE"
449,1,85,"WD","SE"
461,1,85,"WD","SE"
524,1,85,"WD","SE"
304,1,85,"WD","SE"
483,3,85,"WD","SE"
93,3,85,"WD","SE"
438,4,85,"WD","SE"
463,1,85,"WD","SE"
519,4,85,"WD","SE"
377,2,85,"WD","SE"
544,3,85,"WD","SE"
508,23,85,"WD","SE"
14,16,85,"WD","SE"
123,2,85,"WD","SE"
369,1,85,"WD","SE"
13,4,85,"WD","SE"
76,6,86,"WD","SE"
397,1,86,"WD","SE"
237,1,86,"WD","SE"
363,1,86,"WD","SE"
36,6,86,"WD","SE"
228,1,86,"WD","SE"
26,41,86,"WD","SE"
372,2,86,"WD","SE"
64,23,86,"WD","SE"
179,7,86,"WD","SE"
367,2,86,"WD","SE"
414,1,86,"WD","SE"
126,2,86,"WD","SE"
20,6,86,"WD","SE"
428,1,86,"WD","SE"
390,4,86,"WD","SE"
547,1,86,"WD","SE"
74,1,86,"WD","SE"
53,1,86,"WD","SE"
244,2,86,"WD","SE"
37,1,86,"WD","SE"
105,1,86,"WD","SE"
433,2,86,"WD","SE"
469,5,86,"WD","SE"
286,1,86,"WD","SE"
514,3,86,"WD","SE"
523,4,86,"WD","SE"
190,1,86,"WD","SE"
49,1,86,"WD","SE"
358,15,86,"WD","SE"
427,1,87,"WD","SE"
338,3,87,"WD","SE"
11,30,87,"WD","SE"
394,1,87,"WD","SE"
401,1,87,"WD","SE"
45,7,87,"WD","SE"
138,3,87,"WD","SE"
344,1,87,"WD","SE"
12,9,87,"WD","SE"
544,3,87,"WD","SE"
447,3,87,"WD","SE"
33,12,87,"WD","SE"
93,3,87,"WD","SE"
469,5,87,"WD","SE"
356,1,87,"WD","SE"
44,35,87,"WD","SE"
426,2,87,"WD","SE"
466,1,87,"WD","SE"
375,1,87,"WD","SE"
390,4,87,"WD","SE"
4,9,87,"WD","SE"
118,1,87,"WD","SE"
140,1,87,"WD","SE"
486,3,87,"WD","SE"
503,22,87,"WD","SE"
23,7,87,"WD","SE"
170,1,87,"WD","SE"
551,1,87,"WD","SE"
428,1,87,"WD","SE"
510,18,87,"WD","SE"
36,6,88,"WD","SE"
326,1,88,"WD","SE"
193,1,88,"WD","SE"
517,3,88,"WD","SE"
203,1,88,"WD","SE"
138,3,88,"WD","SE"
215,1,88,"WD","SE"
546,1,88,"WD","SE"
190,1,88,"WD","SE"
179,7,88,"WD","SE"
20,6,88,"WD","SE"
50,4,88,"WD","SE"
143,1,88,"WD","SE"
28,22,88,"WD","SE"
440,1,88,"WD","SE"
80,10,88,"WD","SE"
279,1,88,"WD","SE"
64,23,88,"WD","SE"
4,9,88,"WD","SE"
447,3,88,"WD","SE"
237,1,88,"WD","SE"
503,22,88,"WD","SE"
367,2,88,"WD","SE"
5,9,88,"WD","SE"
548,1,88,"WD","SE"
67,9,88,"WD","SE"
376,2,88,"WD","SE"
545,2,88,"WD","SE"
49,1,88,"WD","SE"
482,3,88,"WD","SE"
372,2,89,"WD","SE"
203,1,89,"WD","SE"
4,9,89,"WD","SE"
322,1,89,"WD","SE"
209,1,89,"WD","SE"
170,1,89,"WD","SE"
244,2,89,"WD","SE"
303,2,89,"WD","SE"
12,9,89,"WD","SE"
422,3,89,"WD","SE"
250,1,89,"WD","SE"
255,1,89,"WD","SE"
77,18,89,"WD","SE"
438,4,89,"WD","SE"
91,8,89,"WD","SE"
278,1,89,"WD","SE"
471,2,89,"WD","SE"
173,1,89,"WD","SE"
349,1,89,"WD","SE"
142,1,89,"WD","SE"
264,1,89,"WD","SE"
350,1,89,"WD","SE"
439,2,89,"WD","SE"
304,1,89,"WD","SE"
420,1,89,"WD","SE"
76,6,89,"WD","SE"
546,1,89,"WD","SE"
416,1,89,"WD","SE"
44,35,89,"WD","SE"
367,2,89,"WD","SE"
247,1,90,"WD","SE"
285,1,90,"WD","SE"
202,1,90,"WD","SE"
232,3,90,"WD","SE"
426,2,90,"WD","SE"
546,1,90,"WD","SE"
47,10,90,"WD","SE"
16,6,90,"WD","SE"
466,1,90,"WD","SE"
41,1,90,"WD","SE"
463,1,90,"WD","SE"
540,3,90,"WD","SE"
471,2,90,"WD","SE"
278,1,90,"WD","SE"
318,2,90,"WD","SE"
19,8,90,"WD","SE"
427,1,90,"WD","SE"
44,35,90,"WD","SE"
361,3,90,"WD","SE"
215,1,90,"WD","SE"
304,1,90,"WD","SE"
363,1,90,"WD","SE"
142,1,90,"WD","SE"
548,1,90,"WD","SE"
369,1,90,"WD","SE"
248,1,90,"WD","SE"
404,1,90,"WD","SE"
17,5,90,"WD","SE"
368,1,90,"WD","SE"
435,2,90,"WD","SE"
49,1,91,"WD","SE"
367,2,91,"WD","SE"
397,1,91,"WD","SE"
80,10,91,"WD","SE"
58,2,91,"WD","SE"
48,4,91,"WD","SE"
544,3,91,"WD","SE"
313,1,91,"WD","SE"
53,1,91,"WD","SE"
190,1,91,"WD","SE"
123,2,91,"WD","SE"
420,1,91,"WD","SE"
6,4,91,"WD","SE"
375,1,91,"WD","SE"
179,7,91,"WD","SE"
126,2,91,"WD","SE"
380,3,91,"WD","SE"
105,1,91,"WD","SE"
82,3,91,"WD","SE"
348,2,91,"WD","SE"
23,7,91,"WD","SE"
390,4,91,"WD","SE"
38,5,91,"WD","SE"
338,3,91,"WD","SE"
223,1,91,"WD","SE"
548,1,91,"WD","SE"
467,4,91,"WD","SE"
13,4,91,"WD","SE"
28,22,91,"WD","SE"
377,2,91,"WD","SE"
417,1,92,"WD","SE"
357,1,92,"WD","SE"
84,1,92,"WD","SE"
394,1,92,"WD","SE"
426,2,92,"WD","SE"
317,2,92,"WD","SE"
80,10,92,"WD","SE"
346,1,92,"WD","SE"
5,9,92,"WD","SE"
48,4,92,"WD","SE"
41,1,92,"WD","SE"
504,35,92,"WD","SE"
61,37,92,"WD","SE"
548,1,92,"WD","SE"
546,1,92,"WD","SE"
358,15,92,"WD","SE"
38,5,92,"WD","SE"
77,18,92,"WD","SE"
17,5,92,"WD","SE"
455,2,92,"WD","SE"
71,1,92,"WD","SE"
215,1,92,"WD","SE"
514,3,92,"WD","SE"
378,1,92,"WD","SE"
278,1,92,"WD","SE"
86,2,92,"WD","SE"
383,1,92,"WD","SE"
214,1,92,"WD","SE"
90,3,92,"WD","SE"
458,1,92,"WD","SE"
372,2,93,"WD","SE"
198,1,93,"WD","SE"
166,1,93,"WD","SE"
365,1,93,"WD","SE"
551,1,93,"WD","SE"
250,1,93,"WD","SE"
424,1,93,"WD","SE"
356,1,93,"WD","SE"
461,1,93,"WD","SE"
303,2,93,"WD","SE"
187,1,93,"WD","SE"
44,35,93,"WD","SE"
118,1,93,"WD","SE"
338,3,93,"WD","SE"
36,6,93,"WD","SE"
416,1,93,"WD","SE"
190,1,93,"WD","SE"
435,2,93,"WD","SE"
346,1,93,"WD","SE"
414,1,93,"WD","SE"
426,2,93,"WD","SE"
264,1,93,"WD","SE"
378,1,93,"WD","SE"
103,1,93,"WD","SE"
439,2,93,"WD","SE"
504,35,93,"WD","SE"
205,2,93,"WD","SE"
458,1,93,"WD","SE"
259,3,93,"WD","SE"
255,1,93,"WD","SE"
308,1,94,"WD","SE"
279,1,94,"WD","SE"
376,2,94,"WD","SE"
375,1,94,"WD","SE"
23,7,94,"WD","SE"
40,6,94,"WD","SE"
1,3,94,"WD","SE"
304,1,94,"WD","SE"
9,1,94,"WD","SE"
380,3,94,"WD","SE"
465,1,94,"WD","SE"
516,3,94,"WD","SE"
500,25,94,"WD","SE"
16,6,94,"WD","SE"
209,1,94,"WD","SE"
411,1,94,"WD","SE"
86,2,94,"WD","SE"
318,2,94,"WD","SE"
28,22,94,"WD","SE"
410,2,94,"WD","SE"
278,1,94,"WD","SE"
504,35,94,"WD","SE"
232,3,94,"WD","SE"
313,1,94,"WD","SE"
496,26,94,"WD","SE"
441,2,94,"WD","SE"
52,2,94,"WD","SE"
350,1,94,"WD","SE"
390,4,94,"WD","SE"
460,1,94,"WD","SE"
517,3,95,"WD","SE"
547,1,95,"WD","SE"
244,2,95,"WD","SE"
215,1,95,"WD","SE"
513,4,95,"WD","SE"
33,12,95,"WD","SE"
57,9,95,"WD","SE"
67,9,95,"WD","SE"
361,3,95,"WD","SE"
374,2,95,"WD","SE"
466,1,95,"WD","SE"
303,2,95,"WD","SE"
356,1,95,"WD","SE"
433,2,95,"WD","SE"
173,1,95,"WD","SE"
58,2,95,"WD","SE"
322,1,95,"WD","SE"
196,2,95,"WD","SE"
460,1,95,"WD","SE"
523,4,95,"WD","SE"
357,1,95,"WD","SE"
203,1,95,"WD","SE"
473,1,95,"WD","SE"
419,1,95,"WD","SE"
138,3,95,"WD","SE"
411,1,95,"WD","SE"
401,1,95,"WD","SE"
439,2,95,"WD","SE"
80,10,95,"WD","SE"
551,1,95,"WD","SE"
187,1,96,"WD","SE"
20,6,96,"WD","SE"
469,5,96,"WD","SE"
142,1,96,"WD","SE"
447,3,96,"WD","SE"
91,8,96,"WD","SE"
61,37,96,"WD","SE"
341,2,96,"WD","SE"
249,2,96,"WD","SE"
44,35,96,"WD","SE"
354,1,96,"WD","SE"
244,2,96,"WD","SE"
350,1,96,"WD","SE"
466,1,96,"WD","SE"
419,1,96,"WD","SE"
433,2,96,"WD","SE"
363,1,96,"WD","SE"
352,2,96,"WD","SE"
498,27,96,"WD","SE"
209,1,96,"WD","SE"
84,1,96,"WD","SE"
123,2,96,"WD","SE"
508,23,96,"WD","SE"
458,1,96,"WD","SE"
17,5,96,"WD","SE"
386,1,96,"WD","SE"
369,1,96,"WD","SE"
357,1,96,"WD","SE"
390,4,96,"WD","SE"
7,24,96,"WD","SE"
449,1,97,"WD","SE"
524,1,97,"WD","SE"
483,3,97,"WD","SE"
455,2,97,"WD","SE"
142,1,97,"WD","SE"
47,10,97,"WD","SE"
313,1,97,"WD","SE"
103,1,97,"WD","SE"
377,2,97,"WD","SE"
368,1,97,"WD","SE"
166,1,97,"WD","SE"
344,1,97,"WD","SE"
203,1,97,"WD","SE"
496,26,97,"WD","SE"
317,2,97,"WD","SE"
354,1,97,"WD","SE"
525,5,97,"WD","SE"
365,1,97,"WD","SE"
74,1,97,"WD","SE"
14,16,97,"WD","SE"
428,1,97,"WD","SE"
32,9,97,"WD","SE"
285,1,97,"WD","SE"
295,4,97,"WD","SE"
16,6,97,"WD","SE"
41,1,97,"WD","SE"
394,1,97,"WD","SE"
417,1,97,"WD","SE"
279,1,97,"WD","SE"
92,1,97,"WD","SE"
326,1,98,"WD","SE"
469,5,98,"WD","SE"
525,5,98,"WD","SE"
465,1,98,"WD","SE"
357,1,98,"WD","SE"
313,1,98,"WD","SE"
425,3,98,"WD","SE"
463,1,98,"WD","SE"
228,1,98,"WD","SE"
499,28,98,"WD","SE"
483,3,98,"WD","SE"
249,2,98,"WD","SE"
186,1,98,"WD","SE"
381,2,98,"WD","SE"
390,4,98,"WD","SE"
23,7,98,"WD","SE"
158,2,98,"WD","SE"
449,1,98,"WD","SE"
126,2,98,"WD","SE"
482,3,98,"WD","SE"
517,3,98,"WD","SE"
4,9,98,"WD","SE"
279,1,98,"WD","SE"
389,2,98,"WD","SE"
354,1,98,"WD","SE"
36,6,98,"WD","SE"
455,2,98,"WD","SE"
358,15,98,"WD","SE"
317,2,98,"WD","SE"
303,2,98,"WD","SE"
377,2,99,"WD","SE"
131,1,99,"WD","SE"
440,1,99,"WD","SE"
510,18,99,"WD","SE"
84,1,99,"WD","SE"
93,3,99,"WD","SE"
322,1,99,"WD","SE"
179,7,99,"WD","SE"
76,6,99,"WD","SE"
513,4,99,"WD","SE"
426,2,99,"WD","SE"
237,1,99,"WD","SE"
385,1,99,"WD","SE"
118,1,99,"WD","SE"
317,2,99,"WD","SE"
472,1,99,"WD","SE"
209,1,99,"WD","SE"
222,1,99,"WD","SE"
285,1,99,"WD","SE"
33,12,99,"WD","SE"
61,37,99,"WD","SE"
441,2,99,"WD","SE"
72,8,99,"WD","SE"
517,3,99,"WD","SE"
508,23,99,"WD","SE"
524,1,99,"WD","SE"
196,2,99,"WD","SE"
352,2,99,"WD","SE"
341,2,99,"WD","SE"
48,4,99,"WD","SE"
255,1,100,"WD","SE"
7,24,100,"WD","SE"
361,3,100,"WD","SE"
318,2,100,"WD","SE"
228,1,100,"WD","SE"
222,1,100,"WD","SE"
404,1,100,"WD","SE"
547,1,100,"WD","SE"
40,6,100,"WD","SE"
458,1,100,"WD","SE"
508,23,100,"WD","SE"
440,1,100,"WD","SE"
264,1,100,"WD","SE"
187,1,100,"WD","SE"
471,2,100,"WD","SE"
286,1,100,"WD","SE"
422,3,100,"WD","SE"
468,1,100,"WD","SE"
503,22,100,"WD","SE"
186,1,100,"WD","SE"
524,1,100,"WD","SE"
544,3,100,"WD","SE"
374,2,100,"WD","SE"
223,1,100,"WD","SE"
50,4,100,"WD","SE"
534,3,100,"WD","SE"
131,1,100,"WD","SE"
16,6,100,"WD","SE"
29,2,100,"WD","SE"
410,2,100,"WD","SE"
317,2,101,"WD","SE"
341,2,101,"WD","SE"
389,2,101,"WD","SE"
45,7,101,"WD","SE"
468,1,101,"WD","SE"
43,1,101,"WD","SE"
228,1,101,"WD","SE"
76,6,101,"WD","SE"
447,3,101,"WD","SE"
7,24,101,"WD","SE"
513,4,101,"WD","SE"
435,2,101,"WD","SE"
86,2,101,"WD","SE"
500,25,101,"WD","SE"
170,1,101,"WD","SE"
534,3,101,"WD","SE"
377,2,101,"WD","SE"
249,2,101,"WD","SE"
466,1,101,"WD","SE"
378,1,101,"WD","SE"
128,1,101,"WD","SE"
252,1,101,"WD","SE"
72,8,101,"WD","SE"
404,1,101,"WD","SE"
295,4,101,"WD","SE"
51,3,101,"WD","SE"
510,18,101,"WD","SE"
141,1,101,"WD","SE"
414,1,101,"WD","SE"
419,1,101,"WD","SE"
14,16,102,"WD","SE"
496,26,102,"WD","SE"
504,35,102,"WD","SE"
352,2,102,"WD","SE"
344,1,102,"WD","SE"
498,27,102,"WD","SE"
463,1,102,"WD","SE"
118,1,102,"WD","SE"
499,28,102,"WD","SE"
411,1,102,"WD","SE"
186,1,102,"WD","SE"
473,1,102,"WD","SE"
318,2,102,"WD","SE"
361,3,102,"WD","SE"
508,23,102,"WD","SE"
49,1,102,"WD","SE"
514,3,102,"WD","SE"
302,1,102,"WD","SE"
525,5,102,"WD","SE"
445,10,102,"WD","SE"
74,1,102,"WD","SE"
383,1,102,"WD","SE"
389,2,102,"WD","SE"
140,1,102,"WD","SE"
427,1,102,"WD","SE"
4,9,102,"WD","SE"
356,1,102,"WD","SE"
276,4,102,"WD","SE"
471,2,102,"WD","SE"
26,41,102,"WD","SE"
540,3,103,"WD","SE"
61,37,103,"WD","SE"
144,1,103,"WD","SE"
467,4,103,"WD","SE"
504,35,103,"WD","SE"
92,1,103,"WD","SE"
343,6,103,"WD","SE"
138,3,103,"WD","SE"
449,1,103,"WD","SE"
37,1,103,"WD","SE"
11,30,103,"WD","SE"
422,3,103,"WD","SE"
385,1,103,"WD","SE"
376,2,103,"WD","SE"
17,5,103,"WD","SE"
71,1,103,"WD","SE"
45,7,103,"WD","SE"
9,1,103,"WD","SE"
389,2,103,"WD","SE"
82,3,103,"WD","SE"
534,3,103,"WD","SE"
397,1,103,"WD","SE"
232,3,103,"WD","SE"
166,1,103,"WD","SE"
187,1,103,"WD","SE"
12,9,103,"WD","SE"
507,11,103,"WD","SE"
295,4,103,"WD","SE"
473,1,103,"WD","SE"
173,1,103,"WD","SE"
525,5,104,"WD","SE"
398,1,104,"WD","SE"
441,2,104,"WD","SE"
472,1,104,"WD","SE"
205,2,104,"WD","SE"
40,6,104,"WD","SE"
500,25,104,"WD","SE"
295,4,104,"WD","SE"
470,5,104,"WD","SE"
7,24,104,"WD","SE"
338,3,104,"WD","SE"
458,1,104,"WD","SE"
401,1,104,"WD","SE"
12,9,104,"WD","SE"
132,1,104,"WD","SE"
302,1,104,"WD","SE"
419,1,104,"WD","SE"
519,4,104,"WD","SE"
223,1,104,"WD","SE"
415,1,104,"WD","SE"
547,1,104,"WD","SE"
29,2,104,"WD","SE"
352,2,104,"WD","SE"
93,3,104,"WD","SE"
503,22,104,"WD","SE"
138,3,104,"WD","SE"
5,9,104,"WD","SE"
348,2,104,"WD","SE"
460,1,104,"WD","SE"
78,9,104,"WD","SE"
469,5,105,"WD","SE"
516,3,105,"WD","SE"
343,6,105,"WD","SE"
326,1,105,"WD","SE"
545,2,105,"WD","SE"
198,1,105,"WD","SE"
144,1,105,"WD","SE"
17,5,105,"WD","SE"
282,1,105,"WD","SE"
205,2,105,"WD","SE"
23,7,105,"WD","SE"
417,1,105,"WD","SE"
370,1,105,"WD","SE"
26,41,105,"WD","SE"
264,1,105,"WD","SE"
6,4,105,"WD","SE"
361,3,105,"WD","SE"
51,3,105,"WD","SE"
440,1,105,"WD","SE"
470,5,105,"WD","SE"
501,24,105,"WD","SE"
397,1,105,"WD","SE"
20,6,105,"WD","SE"
503,22,105,"WD","SE"
158,2,105,"WD","SE"
86,2,105,"WD","SE"
142,1,105,"WD","SE"
303,2,105,"WD","SE"
203,1,105,"WD","SE"
164,4,105,"WD","SE"
368,1,106,"WD","SE"
348,2,106,"WD","SE"
285,1,106,"WD","SE"
544,3,106,"WD","SE"
338,3,106,"WD","SE"
249,2,106,"WD","SE"
92,1,106,"WD","SE"
346,1,106,"WD","SE"
317,2,106,"WD","SE"
9,1,106,"WD","SE"
144,1,106,"WD","SE"
13,4,106,"WD","SE"
352,2,106,"WD","SE"
357,1,106,"WD","SE"
49,1,106,"WD","SE"
507,11,106,"WD","SE"
279,1,106,"WD","SE"
427,1,106,"WD","SE"
394,1,106,"WD","SE"
447,3,106,"WD","SE"
301,1,106,"WD","SE"
44,35,106,"WD","SE"
59,5,106,"WD","SE"
141,1,106,"WD","SE"
435,2,106,"WD","SE"
463,1,106,"WD","SE"
354,1,106,"WD","SE"
546,1,106,"WD","SE"
517,3,106,"WD","SE"
158,2,106,"WD","SE"
252,1,107,"WD","SE"
67,9,107,"WD","SE"
499,28,107,"WD","SE"
250,1,107,"WD","SE"
131,1,107,"WD","SE"
463,1,107,"WD","SE"
173,1,107,"WD","SE"
437,1,107,"WD","SE"
524,1,107,"WD","SE"
248,1,107,"WD","SE"
193,1,107,"WD","SE"
547,1,107,"WD","SE"
61,37,107,"WD","SE"
43,1,107,"WD","SE"
140,1,107,"WD","SE"
420,1,107,"WD","SE"
196,2,107,"WD","SE"
414,1,107,"WD","SE"
158,2,107,"WD","SE"
416,1,107,"WD","SE"
13,4,107,"WD","SE"
295,4,107,"WD","SE"
198,1,107,"WD","SE"
209,1,107,"WD","SE"
338,3,107,"WD","SE"
341,2,107,"WD","SE"
457,1,107,"WD","SE"
435,2,107,"WD","SE"
349,1,107,"WD","SE"
317,2,107,"WD","SE"
430,4,108,"WD","SE"
295,4,108,"WD","SE"
264,1,108,"WD","SE"
308,1,108,"WD","SE"
205,2,108,"WD","SE"
369,1,108,"WD","SE"
500,25,108,"WD","SE"
435,2,108,"WD","SE"
49,1,108,"WD","SE"
318,2,108,"WD","SE"
166,1,108,"WD","SE"
375,1,108,"WD","SE"
348,2,108,"WD","SE"
368,1,108,"WD","SE"
427,1,108,"WD","SE"
445,10,108,"WD","SE"
255,1,108,"WD","SE"
425,3,108,"WD","SE"
80,10,108,"WD","SE"
103,1,108,"WD","SE"
82,3,108,"WD","SE"
13,4,108,"WD","SE"
223,1,108,"WD","SE"
51,3,108,"WD","SE"
44,35,108,"WD","SE"
252,1,108,"WD","SE"
248,1,108,"WD","SE"
9,1,108,"WD","SE"
196,2,108,"WD","SE"
38,5,108,"WD","SE"
285,1,109,"WD","SE"
11,30,109,"WD","SE"
193,1,109,"WD","SE"
26,41,109,"WD","SE"
437,1,109,"WD","SE"
295,4,109,"WD","SE"
9,1,109,"WD","SE"
6,4,109,"WD","SE"
374,2,109,"WD","SE"
326,1,109,"WD","SE"
67,9,109,"WD","SE"
264,1,109,"WD","SE"
14,16,109,"WD","SE"
143,1,109,"WD","SE"
44,35,109,"WD","SE"
78,9,109,"WD","SE"
259,3,109,"WD","SE"
435,2,109,"WD","SE"
466,1,109,"WD","SE"
37,1,109,"WD","SE"
173,1,109,"WD","SE"
126,2,109,"WD","SE"
170,1,109,"WD","SE"
486,3,109,"WD","SE"
540,3,109,"WD","SE"
301,1,109,"WD","SE"
186,1,109,"WD","SE"
214,1,109,"WD","SE"
519,4,109,"WD","SE"
504,35,109,"WD","SE"
519,4,110,"WD","SE"
17,5,110,"WD","SE"
499,28,110,"WD","SE"
33,12,110,"WD","SE"
58,2,110,"WD","SE"
51,3,110,"WD","SE"
57,9,110,"WD","SE"
67,9,110,"WD","SE"
354,1,110,"WD","SE"
548,1,110,"WD","SE"
540,3,110,"WD","SE"
317,2,110,"WD","SE"
5,9,110,"WD","SE"
244,2,110,"WD","SE"
386,1,110,"WD","SE"
11,30,110,"WD","SE"
36,6,110,"WD","SE"
502,18,110,"WD","SE"
170,1,110,"WD","SE"
440,1,110,"WD","SE"
92,1,110,"WD","SE"
249,2,110,"WD","SE"
126,2,110,"WD","SE"
144,1,110,"WD","SE"
498,27,110,"WD","SE"
209,1,110,"WD","SE"
437,1,110,"WD","SE"
466,1,110,"WD","SE"
523,4,110,"WD","SE"
473,1,110,"WD","SE"
496,26,111,"WD","SE"
461,1,111,"WD","SE"
390,4,111,"WD","SE"
190,1,111,"WD","SE"
507,11,111,"WD","SE"
13,4,111,"WD","SE"
128,1,111,"WD","SE"
205,2,111,"WD","SE"
84,1,111,"WD","SE"
40,6,111,"WD","SE"
410,2,111,"WD","SE"
202,1,111,"WD","SE"
61,37,111,"WD","SE"
414,1,111,"WD","SE"
500,25,111,"WD","SE"
427,1,111,"WD","SE"
23,7,111,"WD","SE"
50,4,111,"WD","SE"
48,4,111,"WD","SE"
244,2,111,"WD","SE"
37,1,111,"WD","SE"
433,2,111,"WD","SE"
401,1,111,"WD","SE"
361,3,111,"WD","SE"
469,5,111,"WD","SE"
7,24,111,"WD","SE"
279,1,111,"WD","SE"
49,1,111,"WD","SE"
482,3,111,"WD","SE"
326,1,111,"WD","SE"
140,1,112,"WD","SE"
158,2,112,"WD","SE"
422,3,112,"WD","SE"
132,1,112,"WD","SE"
209,1,112,"WD","SE"
367,2,112,"WD","SE"
318,2,112,"WD","SE"
435,2,112,"WD","SE"
13,4,112,"WD","SE"
144,1,112,"WD","SE"
459,2,112,"WD","SE"
279,1,112,"WD","SE"
425,3,112,"WD","SE"
457,1,112,"WD","SE"
138,3,112,"WD","SE"
519,4,112,"WD","SE"
410,2,112,"WD","SE"
183,2,112,"WD","SE"
126,2,112,"WD","SE"
91,8,112,"WD","SE"
350,1,112,"WD","SE"
523,4,112,"WD","SE"
248,1,112,"WD","SE"
118,1,112,"WD","SE"
198,1,112,"WD","SE"
525,5,112,"WD","SE"
16,6,112,"WD","SE"
92,1,112,"WD","SE"
187,1,112,"WD","SE"
433,2,112,"WD","SE"
507,11,113,"WD","SE"
308,1,113,"WD","SE"
472,1,113,"WD","SE"
346,1,113,"WD","SE"
397,1,113,"WD","SE"
389,2,113,"WD","SE"
544,3,113,"WD","SE"
516,3,113,"WD","SE"
7,24,113,"WD","SE"
445,10,113,"WD","SE"
23,7,113,"WD","SE"
425,3,113,"WD","SE"
44,35,113,"WD","SE"
286,1,113,"WD","SE"
90,3,113,"WD","SE"
352,2,113,"WD","SE"
43,1,113,"WD","SE"
322,1,113,"WD","SE"
126,2,113,"WD","SE"
143,1,113,"WD","SE"
416,1,113,"WD","SE"
420,1,113,"WD","SE"
11,30,113,"WD","SE"
514,3,113,"WD","SE"
215,1,113,"WD","SE"
496,26,113,"WD","SE"
415,1,113,"WD","SE"
471,2,113,"WD","SE"
498,27,113,"WD","SE"
41,1,113,"WD","SE"
504,35,114,"WD","SE"
363,1,114,"WD","SE"
37,1,114,"WD","SE"
132,1,114,"WD","SE"
398,1,114,"WD","SE"
43,1,114,"WD","SE"
264,1,114,"WD","SE"
77,18,114,"WD","SE"
551,1,114,"WD","SE"
499,28,114,"WD","SE"
472,1,114,"WD","SE"
250,1,114,"WD","SE"
369,1,114,"WD","SE"
437,1,114,"WD","SE"
276,4,114,"WD","SE"
40,6,114,"WD","SE"
547,1,114,"WD","SE"
50,4,114,"WD","SE"
430,4,114,"WD","SE"
248,1,114,"WD","SE"
433,2,114,"WD","SE"
252,1,114,"WD","SE"
90,3,114,"WD","SE"
198,1,114,"WD","SE"
439,2,114,"WD","SE"
435,2,114,"WD","SE"
322,1,114,"WD","SE"
11,30,114,"WD","SE"
358,15,114,"WD","SE"
502,18,114,"WD","SE"
348,2,115,"WD","SE"
461,1,115,"WD","SE"
247,1,115,"WD","SE"
278,1,115,"WD","SE"
449,1,115,"WD","SE"
318,2,115,"WD","SE"
430,4,115,"WD","SE"
64,23,115,"WD","SE"
516,3,115,"WD","SE"
141,1,115,"WD","SE"
308,1,115,"WD","SE"
501,24,115,"WD","SE"
471,2,115,"WD","SE"
441,2,115,"WD","SE"
472,1,115,"WD","SE"
93,3,115,"WD","SE"
369,1,115,"WD","SE"
184,1,115,"WD","SE"
346,1,115,"WD","SE"
244,2,115,"WD","SE"
470,5,115,"WD","SE"
43,1,115,"WD","SE"
524,1,115,"WD","SE"
118,1,115,"WD","SE"
279,1,115,"WD","SE"
504,35,115,"WD","SE"
548,1,115,"WD","SE"
131,1,115,"WD","SE"
259,3,115,"WD","SE"
350,1,115,"WD","SE"
61,37,116,"WD","SE"
410,2,116,"WD","SE"
449,1,116,"WD","SE"
483,3,116,"WD","SE"
86,2,116,"WD","SE"
9,1,116,"WD","SE"
71,1,116,"WD","SE"
301,1,116,"WD","SE"
29,2,116,"WD","SE"
516,3,116,"WD","SE"
420,1,116,"WD","SE"
93,3,116,"WD","SE"
534,3,116,"WD","SE"
1,3,116,"WD","SE"
369,1,116,"WD","SE"
358,15,116,"WD","SE"
361,3,116,"WD","SE"
14,16,116,"WD","SE"
72,8,116,"WD","SE"
427,1,116,"WD","SE"
80,10,116,"WD","SE"
349,1,116,"WD","SE"
383,1,116,"WD","SE"
5,9,116,"WD","SE"
186,1,116,"WD","SE"
16,6,116,"WD","SE"
343,6,116,"WD","SE"
482,3,116,"WD","SE"
461,1,116,"WD","SE"
419,1,116,"WD","SE"
467,4,117,"WD","SE"
123,2,117,"WD","SE"
186,1,117,"WD","SE"
486,3,117,"WD","SE"
513,4,117,"WD","SE"
421,5,117,"WD","SE"
540,3,117,"WD","SE"
193,1,117,"WD","SE"
372,2,117,"WD","SE"
341,2,117,"WD","SE"
544,3,117,"WD","SE"
184,1,117,"WD","SE"
466,1,117,"WD","SE"
61,37,117,"WD","SE"
140,1,117,"WD","SE"
244,2,117,"WD","SE"
72,8,117,"WD","SE"
356,1,117,"WD","SE"
367,2,117,"WD","SE"
380,3,117,"WD","SE"
48,4,117,"WD","SE"
348,2,117,"WD","SE"
523,4,117,"WD","SE"
425,3,117,"WD","SE"
173,1,117,"WD","SE"
386,1,117,"WD","SE"
404,1,117,"WD","SE"
525,5,117,"WD","SE"
32,9,117,"WD","SE"
385,1,117,"WD","SE"
500,25,118,"WD","SE"
503,22,118,"WD","SE"
41,1,118,"WD","SE"
504,35,118,"WD","SE"
93,3,118,"WD","SE"
138,3,118,"WD","SE"
370,1,118,"WD","SE"
36,6,118,"WD","SE"
198,1,118,"WD","SE"
43,1,118,"WD","SE"
551,1,118,"WD","SE"
92,1,118,"WD","SE"
548,1,118,"WD","SE"
440,1,118,"WD","SE"
84,1,118,"WD","SE"
142,1,118,"WD","SE"
404,1,118,"WD","SE"
461,1,118,"WD","SE"
244,2,118,"WD","SE"
441,2,118,"WD","SE"
173,1,118,"WD","SE"
349,1,118,"WD","SE"
352,2,118,"WD","SE"
179,7,118,"WD","SE"
16,6,118,"WD","SE"
286,1,118,"WD","SE"
465,1,118,"WD","SE"
20,6,118,"WD","SE"
346,1,118,"WD","SE"
547,1,118,"WD","SE"
439,2,119,"WD","SE"
14,16,119,"WD","SE"
140,1,119,"WD","SE"
473,1,119,"WD","SE"
433,2,119,"WD","SE"
389,2,119,"WD","SE"
338,3,119,"WD","SE"
184,1,119,"WD","SE"
404,1,119,"WD","SE"
394,1,119,"WD","SE"
326,1,119,"WD","SE"
91,8,119,"WD","SE"
428,1,119,"WD","SE"
244,2,119,"WD","SE"
357,1,119,"WD","SE"
187,1,119,"WD","SE"
186,1,119,"WD","SE"
414,1,119,"WD","SE"
502,18,119,"WD","SE"
370,1,119,"WD","SE"
179,7,119,"WD","SE"
45,7,119,"WD","SE"
361,3,119,"WD","SE"
367,2,119,"WD","SE"
354,1,119,"WD","SE"
57,9,119,"WD","SE"
459,2,119,"WD","SE"
202,1,119,"WD","SE"
33,12,119,"WD","SE"
365,1,119,"WD","SE"
317,2,120,"WD","SE"
547,1,120,"WD","SE"
61,37,120,"WD","SE"
41,1,120,"WD","SE"
358,15,120,"WD","SE"
303,2,120,"WD","SE"
103,1,120,"WD","SE"
482,3,120,"WD","SE"
427,1,120,"WD","SE"
507,11,120,"WD","SE"
259,3,120,"WD","SE"
86,2,120,"WD","SE"
467,4,120,"WD","SE"
36,6,120,"WD","SE"
472,1,120,"WD","SE"
426,2,120,"WD","SE"
430,4,120,"WD","SE"
59,5,120,"WD","SE"
78,9,120,"WD","SE"
411,1,120,"WD","SE"
51,3,120,"WD","SE"
285,1,120,"WD","SE"
433,2,120,"WD","SE"
140,1,120,"WD","SE"
1,3,120,"WD","SE"
183,2,120,"WD","SE"
326,1,120,"WD","SE"
504,35,120,"WD","SE"
419,1,120,"WD","SE"
377,2,120,"WD","SE"
143,1,121,"WD","SE"
430,4,121,"WD","SE"
501,24,121,"WD","SE"
84,1,121,"WD","SE"
82,3,121,"WD","SE"
214,1,121,"WD","SE"
237,1,121,"WD","SE"
449,1,121,"WD","SE"
23,7,121,"WD","SE"
259,3,121,"WD","SE"
468,1,121,"WD","SE"
190,1,121,"WD","SE"
72,8,121,"WD","SE"
447,3,121,"WD","SE"
59,5,121,"WD","SE"
6,4,121,"WD","SE"
43,1,121,"WD","SE"
376,2,121,"WD","SE"
244,2,121,"WD","SE"
322,1,121,"WD","SE"
58,2,121,"WD","SE"
105,1,121,"WD","SE"
187,1,121,"WD","SE"
215,1,121,"WD","SE"
184,1,121,"WD","SE"
14,16,121,"WD","SE"
32,9,121,"WD","SE"
198,1,121,"WD","SE"
183,2,121,"WD","SE"
41,1,121,"WD","SE"
502,18,122,"WD","SE"
486,3,122,"WD","SE"
427,1,122,"WD","SE"
534,3,122,"WD","SE"
356,1,122,"WD","SE"
357,1,122,"WD","SE"
278,1,122,"WD","SE"
249,2,122,"WD","SE"
37,1,122,"WD","SE"
389,2,122,"WD","SE"
255,1,122,"WD","SE"
4,9,122,"WD","SE"
250,1,122,"WD","SE"
404,1,122,"WD","SE"
430,4,122,"WD","SE"
372,2,122,"WD","SE"
286,1,122,"WD","SE"
519,4,122,"WD","SE"
343,6,122,"WD","SE"
61,37,122,"WD","SE"
128,1,122,"WD","SE"
285,1,122,"WD","SE"
173,1,122,"WD","SE"
222,1,122,"WD","SE"
546,1,122,"WD","SE"
41,1,122,"WD","SE"
516,3,122,"WD","SE"
16,6,122,"WD","SE"
472,1,122,"WD","SE"
264,1,122,"WD","SE"
425,3,123,"WD","SE"
19,8,123,"WD","SE"
504,35,123,"WD","SE"
76,6,123,"WD","SE"
57,9,123,"WD","SE"
166,1,123,"WD","SE"
164,4,123,"WD","SE"
357,1,123,"WD","SE"
318,2,123,"WD","SE"
317,2,123,"WD","SE"
214,1,123,"WD","SE"
90,3,123,"WD","SE"
372,2,123,"WD","SE"
419,1,123,"WD","SE"
547,1,123,"WD","SE"
302,1,123,"WD","SE"
264,1,123,"WD","SE"
486,3,123,"WD","SE"
465,1,123,"WD","SE"
322,1,123,"WD","SE"
105,1,123,"WD","SE"
84,1,123,"WD","SE"
415,1,123,"WD","SE"
44,35,123,"WD","SE"
469,5,123,"WD","SE"
53,1,123,"WD","SE"
466,1,123,"WD","SE"
304,1,123,"WD","SE"
301,1,123,"WD","SE"
344,1,123,"WD","SE"
237,1,124,"WD","SE"
59,5,124,"WD","SE"
357,1,124,"WD","SE"
49,1,124,"WD","SE"
458,1,124,"WD","SE"
20,6,124,"WD","SE"
14,16,124,"WD","SE"
53,1,124,"WD","SE"
103,1,124,"WD","SE"
71,1,124,"WD","SE"
376,2,124,"WD","SE"
440,1,124,"WD","SE"
78,9,124,"WD","SE"
380,3,124,"WD","SE"
170,1,124,"WD","SE"
467,4,124,"WD","SE"
348,2,124,"WD","SE"
11,30,124,"WD","SE"
50,4,124,"WD","SE"
424,1,124,"WD","SE"
105,1,124,"WD","SE"
472,1,124,"WD","SE"
338,3,124,"WD","SE"
313,1,124,"WD","SE"
415,1,124,"WD","SE"
16,6,124,"WD","SE"
425,3,124,"WD","SE"
534,3,124,"WD","SE"
58,2,124,"WD","SE"
416,1,124,"WD","SE"
352,2,125,"WD","SE"
244,2,125,"WD","SE"
6,4,125,"WD","SE"
322,1,125,"WD","SE"
513,4,125,"WD","SE"
302,1,125,"WD","SE"
223,1,125,"WD","SE"
472,1,125,"WD","SE"
50,4,125,"WD","SE"
435,2,125,"WD","SE"
248,1,125,"WD","SE"
301,1,125,"WD","SE"
354,1,125,"WD","SE"
276,4,125,"WD","SE"
469,5,125,"WD","SE"
424,1,125,"WD","SE"
203,1,125,"WD","SE"
92,1,125,"WD","SE"
547,1,125,"WD","SE"
64,23,125,"WD","SE"
496,26,125,"WD","SE"
367,2,125,"WD","SE"
5,9,125,"WD","SE"
38,5,125,"WD","SE"
468,1,125,"WD","SE"
91,8,125,"WD","SE"
190,1,125,"WD","SE"
415,1,125,"WD","SE"
11,30,125,"WD","SE"
357,1,125,"WD","SE"
458,1,126,"WD","SE"
72,8,126,"WD","SE"
398,1,126,"WD","SE"
441,2,126,"WD","SE"
14,16,126,"WD","SE"
45,7,126,"WD","SE"
158,2,126,"WD","SE"
547,1,126,"WD","SE"
348,2,126,"WD","SE"
53,1,126,"WD","SE"
90,3,126,"WD","SE"
416,1,126,"WD","SE"
463,1,126,"WD","SE"
205,2,126,"WD","SE"
449,1,126,"WD","SE"
29,2,126,"WD","SE"
378,1,126,"WD","SE"
376,2,126,"WD","SE"
502,18,126,"WD","SE"
425,3,126,"WD","SE"
59,5,126,"WD","SE"
36,6,126,"WD","SE"
504,35,126,"WD","SE"
11,30,126,"WD","SE"
126,2,126,"WD","SE"
48,4,126,"WD","SE"
381,2,126,"WD","SE"
266,1,126,"WD","SE"
279,1,126,"WD","SE"
141,1,126,"WD","SE"
158,2,127,"WD","SE"
74,1,127,"WD","SE"
439,2,127,"WD","SE"
427,1,127,"WD","SE"
370,1,127,"WD","SE"
140,1,127,"WD","SE"
318,2,127,"WD","SE"
545,2,127,"WD","SE"
420,1,127,"WD","SE"
173,1,127,"WD","SE"
228,1,127,"WD","SE"
469,5,127,"WD","SE"
237,1,127,"WD","SE"
367,2,127,"WD","SE"
28,22,127,"WD","SE"
548,1,127,"WD","SE"
419,1,127,"WD","SE"
183,2,127,"WD","SE"
301,1,127,"WD","SE"
209,1,127,"WD","SE"
363,1,127,"WD","SE"
4,9,127,"WD","SE"
90,3,127,"WD","SE"
433,2,127,"WD","SE"
428,1,127,"WD","SE"
303,2,127,"WD","SE"
77,18,127,"WD","SE"
546,1,127,"WD","SE"
483,3,127,"WD","SE"
190,1,127,"WD","SE"
301,1,128,"WD","SE"
19,8,128,"WD","SE"
295,4,128,"WD","SE"
457,1,128,"WD","SE"
338,3,128,"WD","SE"
84,1,128,"WD","SE"
358,15,128,"WD","SE"
144,1,128,"WD","SE"
214,1,128,"WD","SE"
376,2,128,"WD","SE"
279,1,128,"WD","SE"
282,1,128,"WD","SE"
500,25,128,"WD","SE"
51,3,128,"WD","SE"
259,3,128,"WD","SE"
76,6,128,"WD","SE"
421,5,128,"WD","SE"
67,9,128,"WD","SE"
11,30,128,"WD","SE"
548,1,128,"WD","SE"
386,1,128,"WD","SE"
44,35,128,"WD","SE"
74,1,128,"WD","SE"
504,35,128,"WD","SE"
368,1,128,"WD","SE"
209,1,128,"WD","SE"
202,1,128,"WD","SE"
250,1,128,"WD","SE"
132,1,128,"WD","SE"
164,4,128,"WD","SE"
433,2,129,"WD","SE"
40,6,129,"WD","SE"
78,9,129,"WD","SE"
457,1,129,"WD","SE"
458,1,129,"WD","SE"
461,1,129,"WD","SE"
198,1,129,"WD","SE"
514,3,129,"WD","SE"
367,2,129,"WD","SE"
190,1,129,"WD","SE"
507,11,129,"WD","SE"
304,1,129,"WD","SE"
313,1,129,"WD","SE"
344,1,129,"WD","SE"
250,1,129,"WD","SE"
483,3,129,"WD","SE"
471,2,129,"WD","SE"
278,1,129,"WD","SE"
23,7,129,"WD","SE"
365,1,129,"WD","SE"
510,18,129,"WD","SE"
422,3,129,"WD","SE"
123,2,129,"WD","SE"
322,1,129,"WD","SE"
202,1,129,"WD","SE"
513,4,129,"WD","SE"
166,1,129,"WD","SE"
414,1,129,"WD","SE"
128,1,129,"WD","SE"
93,3,129,"WD","SE"
19,8,130,"WD","SE"
264,1,130,"WD","SE"
361,3,130,"WD","SE"
28,22,130,"WD","SE"
58,2,130,"WD","SE"
190,1,130,"WD","SE"
143,1,130,"WD","SE"
463,1,130,"WD","SE"
255,1,130,"WD","SE"
375,1,130,"WD","SE"
84,1,130,"WD","SE"
445,10,130,"WD","SE"
105,1,130,"WD","SE"
308,1,130,"WD","SE"
11,30,130,"WD","SE"
164,4,130,"WD","SE"
501,24,130,"WD","SE"
93,3,130,"WD","SE"
198,1,130,"WD","SE"
317,2,130,"WD","SE"
52,2,130,"WD","SE"
74,1,130,"WD","SE"
504,35,130,"WD","SE"
301,1,130,"WD","SE"
417,1,130,"WD","SE"
383,1,130,"WD","SE"
48,4,130,"WD","SE"
303,2,130,"WD","SE"
57,9,130,"WD","SE"
92,1,130,"WD","SE"
295,4,131,"WD","SE"
32,9,131,"WD","SE"
322,1,131,"WD","SE"
504,35,131,"WD","SE"
26,41,131,"WD","SE"
473,1,131,"WD","SE"
318,2,131,"WD","SE"
466,1,131,"WD","SE"
7,24,131,"WD","SE"
523,4,131,"WD","SE"
468,1,131,"WD","SE"
144,1,131,"WD","SE"
23,7,131,"WD","SE"
377,2,131,"WD","SE"
40,6,131,"WD","SE"
80,10,131,"WD","SE"
326,1,131,"WD","SE"
455,2,131,"WD","SE"
37,1,131,"WD","SE"
427,1,131,"WD","SE"
380,3,131,"WD","SE"
193,1,131,"WD","SE"
344,1,131,"WD","SE"
498,27,131,"WD","SE"
71,1,131,"WD","SE"
90,3,131,"WD","SE"
13,4,131,"WD","SE"
430,4,131,"WD","SE"
416,1,131,"WD","SE"
428,1,131,"WD","SE"
374,2,132,"WD","SE"
501,24,132,"WD","SE"
250,1,132,"WD","SE"
354,1,132,"WD","SE"
343,6,132,"WD","SE"
37,1,132,"WD","SE"
131,1,132,"WD","SE"
383,1,132,"WD","SE"
398,1,132,"WD","SE"
248,1,132,"WD","SE"
138,3,132,"WD","SE"
16,6,132,"WD","SE"
255,1,132,"WD","SE"
20,6,132,"WD","SE"
190,1,132,"WD","SE"
437,1,132,"WD","SE"
32,9,132,"WD","SE"
92,1,132,"WD","SE"
459,2,132,"WD","SE"
52,2,132,"WD","SE"
338,3,132,"WD","SE"
441,2,132,"WD","SE"
228,1,132,"WD","SE"
67,9,132,"WD","SE"
38,5,132,"WD","SE"
358,15,132,"WD","SE"
279,1,132,"WD","SE"
126,2,132,"WD","SE"
11,30,132,"WD","SE"
455,2,132,"WD","SE"
469,5,133,"WD","SE"
90,3,133,"WD","SE"
50,4,133,"WD","SE"
338,3,133,"WD","SE"
187,1,133,"WD","SE"
517,3,133,"WD","SE"
378,1,133,"WD","SE"
356,1,133,"WD","SE"
51,3,133,"WD","SE"
5,9,133,"WD","SE"
455,2,133,"WD","SE"
144,1,133,"WD","SE"
53,1,133,"WD","SE"
358,15,133,"WD","SE"
142,1,133,"WD","SE"
381,2,133,"WD","SE"
457,1,133,"WD","SE"
534,3,133,"WD","SE"
308,1,133,"WD","SE"
11,30,133,"WD","SE"
348,2,133,"WD","SE"
437,1,133,"WD","SE"
547,1,133,"WD","SE"
523,4,133,"WD","SE"
44,35,133,"WD","SE"
126,2,133,"WD","SE"
29,2,133,"WD","SE"
33,12,133,"WD","SE"
513,4,133,"WD","SE"
349,1,133,"WD","SE"
228,1,134,"WD","SE"
534,3,134,"WD","SE"
48,4,134,"WD","SE"
77,18,134,"WD","SE"
91,8,134,"WD","SE"
82,3,134,"WD","SE"
390,4,134,"WD","SE"
140,1,134,"WD","SE"
301,1,134,"WD","SE"
540,3,134,"WD","SE"
383,1,134,"WD","SE"
57,9,134,"WD","SE"
545,2,134,"WD","SE"
71,1,134,"WD","SE"
465,1,134,"WD","SE"
58,2,134,"WD","SE"
501,24,134,"WD","SE"
279,1,134,"WD","SE"
6,4,134,"WD","SE"
86,2,134,"WD","SE"
322,1,134,"WD","SE"
276,4,134,"WD","SE"
23,7,134,"WD","SE"
209,1,134,"WD","SE"
377,2,134,"WD","SE"
232,3,134,"WD","SE"
285,1,134,"WD","SE"
348,2,134,"WD","SE"
186,1,134,"WD","SE"
29,2,134,"WD","SE"
508,23,135,"WD","SE"
90,3,135,"WD","SE"
498,27,135,"WD","SE"
222,1,135,"WD","SE"
84,1,135,"WD","SE"
338,3,135,"WD","SE"
519,4,135,"WD","SE"
47,10,135,"WD","SE"
173,1,135,"WD","SE"
51,3,135,"WD","SE"
365,1,135,"WD","SE"
468,1,135,"WD","SE"
64,23,135,"WD","SE"
170,1,135,"WD","SE"
348,2,135,"WD","SE"
352,2,135,"WD","SE"
37,1,135,"WD","SE"
138,3,135,"WD","SE"
38,5,135,"WD","SE"
71,1,135,"WD","SE"
20,6,135,"WD","SE"
482,3,135,"WD","SE"
187,1,135,"WD","SE"
166,1,135,"WD","SE"
86,2,135,"WD","SE"
357,1,135,"WD","SE"
43,1,135,"WD","SE"
1,3,135,"WD","SE"
78,9,135,"WD","SE"
259,3,135,"WD","SE"
1,3,136,"WD","SE"
513,4,136,"WD","SE"
249,2,136,"WD","SE"
45,7,136,"WD","SE"
459,2,136,"WD","SE"
37,1,136,"WD","SE"
534,3,136,"WD","SE"
43,1,136,"WD","SE"
368,1,136,"WD","SE"
510,18,136,"WD","SE"
365,1,136,"WD","SE"
308,1,136,"WD","SE"
548,1,136,"WD","SE"
222,1,136,"WD","SE"
118,1,136,"WD","SE"
198,1,136,"WD","SE"
503,22,136,"WD","SE"
203,1,136,"WD","SE"
501,24,136,"WD","SE"
517,3,136,"WD","SE"
264,1,136,"WD","SE"
499,28,136,"WD","SE"
500,25,136,"WD","SE"
421,5,136,"WD","SE"
420,1,136,"WD","SE"
173,1,136,"WD","SE"
425,3,136,"WD","SE"
252,1,136,"WD","SE"
525,5,136,"WD","SE"
237,1,136,"WD","SE"
301,1,137,"WD","SE"
374,2,137,"WD","SE"
445,10,137,"WD","SE"
228,1,137,"WD","SE"
545,2,137,"WD","SE"
344,1,137,"WD","SE"
354,1,137,"WD","SE"
422,3,137,"WD","SE"
385,1,137,"WD","SE"
45,7,137,"WD","SE"
361,3,137,"WD","SE"
209,1,137,"WD","SE"
13,4,137,"WD","SE"
380,3,137,"WD","SE"
71,1,137,"WD","SE"
43,1,137,"WD","SE"
64,23,137,"WD","SE"
74,1,137,"WD","SE"
540,3,137,"WD","SE"
383,1,137,"WD","SE"
17,5,137,"WD","SE"
410,2,137,"WD","SE"
1,3,137,"WD","SE"
516,3,137,"WD","SE"
247,1,137,"WD","SE"
500,25,137,"WD","SE"
214,1,137,"WD","SE"
458,1,137,"WD","SE"
33,12,137,"WD","SE"
466,1,137,"WD","SE"
47,10,138,"WD","SE"
427,1,138,"WD","SE"
317,2,138,"WD","SE"
483,3,138,"WD","SE"
91,8,138,"WD","SE"
295,4,138,"WD","SE"
252,1,138,"WD","SE"
369,1,138,"WD","SE"
59,5,138,"WD","SE"
36,6,138,"WD","SE"
276,4,138,"WD","SE"
215,1,138,"WD","SE"
223,1,138,"WD","SE"
375,1,138,"WD","SE"
184,1,138,"WD","SE"
352,2,138,"WD","SE"
58,2,138,"WD","SE"
86,2,138,"WD","SE"
361,3,138,"WD","SE"
502,18,138,"WD","SE"
465,1,138,"WD","SE"
203,1,138,"WD","SE"
383,1,138,"WD","SE"
179,7,138,"WD","SE"
471,2,138,"WD","SE"
142,1,138,"WD","SE"
205,2,138,"WD","SE"
358,15,138,"WD","SE"
546,1,138,"WD","SE"
308,1,138,"WD","SE"
503,22,139,"WD","SE"
222,1,139,"WD","SE"
510,18,139,"WD","SE"
500,25,139,"WD","SE"
439,2,139,"WD","SE"
90,3,139,"WD","SE"
36,6,139,"WD","SE"
193,1,139,"WD","SE"
447,3,139,"WD","SE"
519,4,139,"WD","SE"
173,1,139,"WD","SE"
460,1,139,"WD","SE"
523,4,139,"WD","SE"
105,1,139,"WD","SE"
368,1,139,"WD","SE"
502,18,139,"WD","SE"
12,9,139,"WD","SE"
11,30,139,"WD","SE"
471,2,139,"WD","SE"
457,1,139,"WD","SE"
82,3,139,"WD","SE"
401,1,139,"WD","SE"
376,2,139,"WD","SE"
4,9,139,"WD","SE"
551,1,139,"WD","SE"
19,8,139,"WD","SE"
427,1,139,"WD","SE"
381,2,139,"WD","SE"
425,3,139,"WD","SE"
203,1,139,"WD","SE"
426,2,140,"WD","SE"
53,1,140,"WD","SE"
398,1,140,"WD","SE"
58,2,140,"WD","SE"
458,1,140,"WD","SE"
500,25,140,"WD","SE"
92,1,140,"WD","SE"
59,5,140,"WD","SE"
37,1,140,"WD","SE"
378,1,140,"WD","SE"
170,1,140,"WD","SE"
435,2,140,"WD","SE"
463,1,140,"WD","SE"
461,1,140,"WD","SE"
301,1,140,"WD","SE"
118,1,140,"WD","SE"
286,1,140,"WD","SE"
449,1,140,"WD","SE"
372,2,140,"WD","SE"
183,2,140,"WD","SE"
363,1,140,"WD","SE"
457,1,140,"WD","SE"
370,1,140,"WD","SE"
368,1,140,"WD","SE"
32,9,140,"WD","SE"
352,2,140,"WD","SE"
41,1,140,"WD","SE"
421,5,140,"WD","SE"
440,1,140,"WD","SE"
544,3,140,"WD","SE"
190,1,141,"WD","SE"
45,7,141,"WD","SE"
441,2,141,"WD","SE"
517,3,141,"WD","SE"
43,1,141,"WD","SE"
551,1,141,"WD","SE"
421,5,141,"WD","SE"
424,1,141,"WD","SE"
214,1,141,"WD","SE"
513,4,141,"WD","SE"
372,2,141,"WD","SE"
525,5,141,"WD","SE"
252,1,141,"WD","SE"
84,1,141,"WD","SE"
266,1,141,"WD","SE"
386,1,141,"WD","SE"
365,1,141,"WD","SE"
47,10,141,"WD","SE"
471,2,141,"WD","SE"
404,1,141,"WD","SE"
78,9,141,"WD","SE"
397,1,141,"WD","SE"
389,2,141,"WD","SE"
377,2,141,"WD","SE"
103,1,141,"WD","SE"
205,2,141,"WD","SE"
437,1,141,"WD","SE"
26,41,141,"WD","SE"
202,1,141,"WD","SE"
375,1,141,"WD","SE"
84,1,142,"WD","SE"
519,4,142,"WD","SE"
5,9,142,"WD","SE"
1,3,142,"WD","SE"
502,18,142,"WD","SE"
91,8,142,"WD","SE"
441,2,142,"WD","SE"
547,1,142,"WD","SE"
86,2,142,"WD","SE"
244,2,142,"WD","SE"
41,1,142,"WD","SE"
416,1,142,"WD","SE"
308,1,142,"WD","SE"
215,1,142,"WD","SE"
184,1,142,"WD","SE"
499,28,142,"WD","SE"
425,3,142,"WD","SE"
203,1,142,"WD","SE"
80,10,142,"WD","SE"
123,2,142,"WD","SE"
278,1,142,"WD","SE"
7,24,142,"WD","SE"
368,1,142,"WD","SE"
356,1,142,"WD","SE"
500,25,142,"WD","SE"
517,3,142,"WD","SE"
4,9,142,"WD","SE"
214,1,142,"WD","SE"
11,30,142,"WD","SE"
385,1,142,"WD","SE"
11,30,143,"WD","SE"
445,10,143,"WD","SE"
52,2,143,"WD","SE"
465,1,143,"WD","SE"
84,1,143,"WD","SE"
510,18,143,"WD","SE"
86,2,143,"WD","SE"
131,1,143,"WD","SE"
502,18,143,"WD","SE"
14,16,143,"WD","SE"
501,24,143,"WD","SE"
183,2,143,"WD","SE"
285,1,143,"WD","SE"
105,1,143,"WD","SE"
421,5,143,"WD","SE"
460,1,143,"WD","SE"
93,3,143,"WD","SE"
164,4,143,"WD","SE"
546,1,143,"WD","SE"
349,1,143,"WD","SE"
247,1,143,"WD","SE"
209,1,143,"WD","SE"
205,2,143,"WD","SE"
415,1,143,"WD","SE"
469,5,143,"WD","SE"
58,2,143,"WD","SE"
374,2,143,"WD","SE"
420,1,143,"WD","SE"
419,1,143,"WD","SE"
13,4,143,"WD","SE"
72,8,144,"WD","SE"
184,1,144,"WD","SE"
38,5,144,"WD","SE"
285,1,144,"WD","SE"
52,2,144,"WD","SE"
482,3,144,"WD","SE"
166,1,144,"WD","SE"
358,15,144,"WD","SE"
547,1,144,"WD","SE"
459,2,144,"WD","SE"
411,1,144,"WD","SE"
53,1,144,"WD","SE"
350,1,144,"WD","SE"
326,1,144,"WD","SE"
128,1,144,"WD","SE"
44,35,144,"WD","SE"
548,1,144,"WD","SE"
363,1,144,"WD","SE"
383,1,144,"WD","SE"
375,1,144,"WD","SE"
282,1,144,"WD","SE"
467,4,144,"WD","SE"
516,3,144,"WD","SE"
348,2,144,"WD","SE"
502,18,144,"WD","SE"
49,1,144,"WD","SE"
437,1,144,"WD","SE"
244,2,144,"WD","SE"
50,4,144,"WD","SE"
276,4,144,"WD","SE"
422,3,145,"WD","SE"
164,4,145,"WD","SE"
29,2,145,"WD","SE"
276,4,145,"WD","SE"
61,37,145,"WD","SE"
338,3,145,"WD","SE"
196,2,145,"WD","SE"
20,6,145,"WD","SE"
38,5,145,"WD","SE"
198,1,145,"WD","SE"
486,3,145,"WD","SE"
397,1,145,"WD","SE"
76,6,145,"WD","SE"
187,1,145,"WD","SE"
525,5,145,"WD","SE"
244,2,145,"WD","SE"
513,4,145,"WD","SE"
7,24,145,"WD","SE"
51,3,145,"WD","SE"
502,18,145,"WD","SE"
28,22,145,"WD","SE"
222,1,145,"WD","SE"
286,1,145,"WD","SE"
507,11,145,"WD","SE"
105,1,145,"WD","SE"
435,2,145,"WD","SE"
421,5,145,"WD","SE"
468,1,145,"WD","SE"
9,1,145,"WD","SE"
193,1,145,"WD","SE"
507,11,146,"WD","SE"
61,37,146,"WD","SE"
440,1,146,"WD","SE"
249,2,146,"WD","SE"
123,2,146,"WD","SE"
276,4,146,"WD","SE"
470,5,146,"WD","SE"
352,2,146,"WD","SE"
72,8,146,"WD","SE"
504,35,146,"WD","SE"
381,2,146,"WD","SE"
84,1,146,"WD","SE"
437,1,146,"WD","SE"
303,2,146,"WD","SE"
232,3,146,"WD","SE"
420,1,146,"WD","SE"
377,2,146,"WD","SE"
11,30,146,"WD","SE"
415,1,146,"WD","SE"
29,2,146,"WD","SE"
416,1,146,"WD","SE"
508,23,146,"WD","SE"
534,3,146,"WD","SE"
41,1,146,"WD","SE"
545,2,146,"WD","SE"
32,9,146,"WD","SE"
47,10,146,"WD","SE"
105,1,146,"WD","SE"
383,1,146,"WD","SE"
544,3,146,"WD","SE"
12,9,147,"WD","SE"
276,4,147,"WD","SE"
302,1,147,"WD","SE"
398,1,147,"WD","SE"
58,2,147,"WD","SE"
416,1,147,"WD","SE"
59,5,147,"WD","SE"
449,1,147,"WD","SE"
190,1,147,"WD","SE"
433,2,147,"WD","SE"
365,1,147,"WD","SE"
295,4,147,"WD","SE"
344,1,147,"WD","SE"
551,1,147,"WD","SE"
247,1,147,"WD","SE"
469,5,147,"WD","SE"
545,2,147,"WD","SE"
282,1,147,"WD","SE"
378,1,147,"WD","SE"
209,1,147,"WD","SE"
313,1,147,"WD","SE"
16,6,147,"WD","SE"
465,1,147,"WD","SE"
435,2,147,"WD","SE"
504,35,147,"WD","SE"
471,2,147,"WD","SE"
41,1,147,"WD","SE"
118,1,147,"WD","SE"
441,2,147,"WD","SE"
142,1,147,"WD","SE"
358,15,148,"WD","SE"
461,1,148,"WD","SE"
48,4,148,"WD","SE"
17,5,148,"WD","SE"
223,1,148,"WD","SE"
525,5,148,"WD","SE"
338,3,148,"WD","SE"
295,4,148,"WD","SE"
317,2,148,"WD","SE"
126,2,148,"WD","SE"
131,1,148,"WD","SE"
91,8,148,"WD","SE"
513,4,148,"WD","SE"
482,3,148,"WD","SE"
138,3,148,"WD","SE"
544,3,148,"WD","SE"
173,1,148,"WD","SE"
6,4,148,"WD","SE"
415,1,148,"WD","SE"
57,9,148,"WD","SE"
302,1,148,"WD","SE"
144,1,148,"WD","SE"
397,1,148,"WD","SE"
430,4,148,"WD","SE"
29,2,148,"WD","SE"
421,5,148,"WD","SE"
503,22,148,"WD","SE"
266,1,148,"WD","SE"
11,30,148,"WD","SE"
58,2,148,"WD","SE"
264,1,149,"WD","SE"
415,1,149,"WD","SE"
358,15,149,"WD","SE"
190,1,149,"WD","SE"
419,1,149,"WD","SE"
397,1,149,"WD","SE"
546,1,149,"WD","SE"
482,3,149,"WD","SE"
252,1,149,"WD","SE"
64,23,149,"WD","SE"
411,1,149,"WD","SE"
473,1,149,"WD","SE"
401,1,149,"WD","SE"
74,1,149,"WD","SE"
447,3,149,"WD","SE"
52,2,149,"WD","SE"
354,1,149,"WD","SE"
394,1,149,"WD","SE"
525,5,149,"WD","SE"
93,3,149,"WD","SE"
58,2,149,"WD","SE"
421,5,149,"WD","SE"
247,1,149,"WD","SE"
202,1,149,"WD","SE"
346,1,149,"WD","SE"
282,1,149,"WD","SE"
317,2,149,"WD","SE"
12,9,149,"WD","SE"
304,1,149,"WD","SE"
250,1,149,"WD","SE"
84,1,150,"WD","SE"
389,2,150,"WD","SE"
214,1,150,"WD","SE"
483,3,150,"WD","SE"
547,1,150,"WD","SE"
295,4,150,"WD","SE"
376,2,150,"WD","SE"
354,1,150,"WD","SE"
370,1,150,"WD","SE"
205,2,150,"WD","SE"
524,1,150,"WD","SE"
369,1,150,"WD","SE"
93,3,150,"WD","SE"
77,18,150,"WD","SE"
252,1,150,"WD","SE"
341,2,150,"WD","SE"
502,18,150,"WD","SE"
375,1,150,"WD","SE"
440,1,150,"WD","SE"
285,1,150,"WD","SE"
386,1,150,"WD","SE"
249,2,150,"WD","SE"
519,4,150,"WD","SE"
38,5,150,"WD","SE"
255,1,150,"WD","SE"
76,6,150,"WD","SE"
385,1,150,"WD","SE"
92,1,150,"WD","SE"
433,2,150,"WD","SE"
20,6,150,"WD","SE"
301,1,151,"WD","SE"
375,1,151,"WD","SE"
302,1,151,"WD","SE"
421,5,151,"WD","SE"
123,2,151,"WD","SE"
13,4,151,"WD","SE"
5,9,151,"WD","SE"
397,1,151,"WD","SE"
458,1,151,"WD","SE"
465,1,151,"WD","SE"
14,16,151,"WD","SE"
417,1,151,"WD","SE"
184,1,151,"WD","SE"
514,3,151,"WD","SE"
449,1,151,"WD","SE"
411,1,151,"WD","SE"
252,1,151,"WD","SE"
504,35,151,"WD","SE"
33,12,151,"WD","SE"
463,1,151,"WD","SE"
128,1,151,"WD","SE"
425,3,151,"WD","SE"
354,1,151,"WD","SE"
460,1,151,"WD","SE"
361,3,151,"WD","SE"
179,7,151,"WD","SE"
381,2,151,"WD","SE"
404,1,151,"WD","SE"
524,1,151,"WD","SE"
36,6,151,"WD","SE"
103,1,152,"WD","SE"
190,1,152,"WD","SE"
426,2,152,"WD","SE"
144,1,152,"WD","SE"
126,2,152,"WD","SE"
370,1,152,"WD","SE"
350,1,152,"WD","SE"
410,2,152,"WD","SE"
286,1,152,"WD","SE"
232,3,152,"WD","SE"
460,1,152,"WD","SE"
64,23,152,"WD","SE"
19,8,152,"WD","SE"
266,1,152,"WD","SE"
546,1,152,"WD","SE"
244,2,152,"WD","SE"
166,1,152,"WD","SE"
438,4,152,"WD","SE"
196,2,152,"WD","SE"
7,24,152,"WD","SE"
466,1,152,"WD","SE"
435,2,152,"WD","SE"
92,1,152,"WD","SE"
255,1,152,"WD","SE"
45,7,152,"WD","SE"
404,1,152,"WD","SE"
447,3,152,"WD","SE"
417,1,152,"WD","SE"
422,3,152,"WD","SE"
516,3,152,"WD","SE"
486,3,153,"WD","SE"
394,1,153,"WD","SE"
118,1,153,"WD","SE"
202,1,153,"WD","SE"
7,24,153,"WD","SE"
381,2,153,"WD","SE"
503,22,153,"WD","SE"
20,6,153,"WD","SE"
144,1,153,"WD","SE"
103,1,153,"WD","SE"
372,2,153,"WD","SE"
244,2,153,"WD","SE"
209,1,153,"WD","SE"
186,1,153,"WD","SE"
317,2,153,"WD","SE"
365,1,153,"WD","SE"
184,1,153,"WD","SE"
548,1,153,"WD","SE"
519,4,153,"WD","SE"
469,5,153,"WD","SE"
183,2,153,"WD","SE"
438,4,153,"WD","SE"
36,6,153,"WD","SE"
546,1,153,"WD","SE"
540,3,153,"WD","SE"
26,41,153,"WD","SE"
228,1,153,"WD","SE"
358,15,153,"WD","SE"
363,1,153,"WD","SE"
430,4,153,"WD","SE"
513,4,154,"WD","SE"
12,9,154,"WD","SE"
128,1,154,"WD","SE"
411,1,154,"WD","SE"
23,7,154,"WD","SE"
173,1,154,"WD","SE"
545,2,154,"WD","SE"
82,3,154,"WD","SE"
322,1,154,"WD","SE"
38,5,154,"WD","SE"
547,1,154,"WD","SE"
222,1,154,"WD","SE"
343,6,154,"WD","SE"
278,1,154,"WD","SE"
375,1,154,"WD","SE"
80,10,154,"WD","SE"
232,3,154,"WD","SE"
421,5,154,"WD","SE"
313,1,154,"WD","SE"
249,2,154,"WD","SE"
48,4,154,"WD","SE"
370,1,154,"WD","SE"
276,4,154,"WD","SE"
352,2,154,"WD","SE"
93,3,154,"WD","SE"
170,1,154,"WD","SE"
386,1,154,"WD","SE"
365,1,154,"WD","SE"
131,1,154,"WD","SE"
378,1,154,"WD","SE"
223,1,155,"WD","SE"
252,1,155,"WD","SE"
308,1,155,"WD","SE"
401,1,155,"WD","SE"
141,1,155,"WD","SE"
386,1,155,"WD","SE"
248,1,155,"WD","SE"
352,2,155,"WD","SE"
519,4,155,"WD","SE"
411,1,155,"WD","SE"
348,2,155,"WD","SE"
228,1,155,"WD","SE"
483,3,155,"WD","SE"
390,4,155,"WD","SE"
510,18,155,"WD","SE"
465,1,155,"WD","SE"
158,2,155,"WD","SE"
357,1,155,"WD","SE"
82,3,155,"WD","SE"
389,2,155,"WD","SE"
6,4,155,"WD","SE"
17,5,155,"WD","SE"
525,5,155,"WD","SE"
184,1,155,"WD","SE"
398,1,155,"WD","SE"
29,2,155,"WD","SE"
61,37,155,"WD","SE"
41,1,155,"WD","SE"
91,8,155,"WD","SE"
426,2,155,"WD","SE"
53,1,156,"WD","SE"
459,2,156,"WD","SE"
12,9,156,"WD","SE"
223,1,156,"WD","SE"
50,4,156,"WD","SE"
105,1,156,"WD","SE"
142,1,156,"WD","SE"
501,24,156,"WD","SE"
179,7,156,"WD","SE"
445,10,156,"WD","SE"
343,6,156,"WD","SE"
303,2,156,"WD","SE"
508,23,156,"WD","SE"
363,1,156,"WD","SE"
352,2,156,"WD","SE"
90,3,156,"WD","SE"
302,1,156,"WD","SE"
44,35,156,"WD","SE"
486,3,156,"WD","SE"
82,3,156,"WD","SE"
437,1,156,"WD","SE"
78,9,156,"WD","SE"
470,5,156,"WD","SE"
190,1,156,"WD","SE"
4,9,156,"WD","SE"
370,1,156,"WD","SE"
427,1,156,"WD","SE"
375,1,156,"WD","SE"
202,1,156,"WD","SE"
433,2,156,"WD","SE"
183,2,157,"WD","SE"
53,1,157,"WD","SE"
508,23,157,"WD","SE"
545,2,157,"WD","SE"
141,1,157,"WD","SE"
547,1,157,"WD","SE"
419,1,157,"WD","SE"
237,1,157,"WD","SE"
466,1,157,"WD","SE"
5,9,157,"WD","SE"
458,1,157,"WD","SE"
326,1,157,"WD","SE"
20,6,157,"WD","SE"
103,1,157,"WD","SE"
437,1,157,"WD","SE"
427,1,157,"WD","SE"
534,3,157,"WD","SE"
428,1,157,"WD","SE"
32,9,157,"WD","SE"
7,24,157,"WD","SE"
471,2,157,"WD","SE"
380,3,157,"WD","SE"
184,1,157,"WD","SE"
285,1,157,"WD","SE"
357,1,157,"WD","SE"
286,1,157,"WD","SE"
341,2,157,"WD","SE"
13,4,157,"WD","SE"
173,1,157,"WD","SE"
45,7,157,"WD","SE"
173,1,158,"WD","SE"
551,1,158,"WD","SE"
523,4,158,"WD","SE"
9,1,158,"WD","SE"
285,1,158,"WD","SE"
546,1,158,"WD","SE"
428,1,158,"WD","SE"
507,11,158,"WD","SE"
48,4,158,"WD","SE"
469,5,158,"WD","SE"
53,1,158,"WD","SE"
33,12,158,"WD","SE"
302,1,158,"WD","SE"
425,3,158,"WD","SE"
90,3,158,"WD","SE"
547,1,158,"WD","SE"
82,3,158,"WD","SE"
356,1,158,"WD","SE"
433,2,158,"WD","SE"
252,1,158,"WD","SE"
426,2,158,"WD","SE"
92,1,158,"WD","SE"
439,2,158,"WD","SE"
383,1,158,"WD","SE"
164,4,158,"WD","SE"
344,1,158,"WD","SE"
508,23,158,"WD","SE"
14,16,158,"WD","SE"
80,10,158,"WD","SE"
276,4,158,"WD","SE"
461,1,159,"WD","SE"
417,1,159,"WD","SE"
546,1,159,"WD","SE"
547,1,159,"WD","SE"
433,2,159,"WD","SE"
166,1,159,"WD","SE"
374,2,159,"WD","SE"
50,4,159,"WD","SE"
496,26,159,"WD","SE"
513,4,159,"WD","SE"
279,1,159,"WD","SE"
524,1,159,"WD","SE"
514,3,159,"WD","SE"
190,1,159,"WD","SE"
445,10,159,"WD","SE"
196,2,159,"WD","SE"
358,15,159,"WD","SE"
441,2,159,"WD","SE"
158,2,159,"WD","SE"
173,1,159,"WD","SE"
404,1,159,"WD","SE"
430,4,159,"WD","SE"
449,1,159,"WD","SE"
247,1,159,"WD","SE"
369,1,159,"WD","SE"
164,4,159,"WD","SE"
517,3,159,"WD","SE"
361,3,159,"WD","SE"
131,1,159,"WD","SE"
410,2,159,"WD","SE"
29,2,160,"WD","SE"
82,3,160,"WD","SE"
249,2,160,"WD","SE"
247,1,160,"WD","SE"
482,3,160,"WD","SE"
47,10,160,"WD","SE"
74,1,160,"WD","SE"
1,3,160,"WD","SE"
158,2,160,"WD","SE"
425,3,160,"WD","SE"
363,1,160,"WD","SE"
375,1,160,"WD","SE"
228,1,160,"WD","SE"
52,2,160,"WD","SE"
504,35,160,"WD","SE"
184,1,160,"WD","SE"
424,1,160,"WD","SE"
422,3,160,"WD","SE"
419,1,160,"WD","SE"
76,6,160,"WD","SE"
170,1,160,"WD","SE"
6,4,160,"WD","SE"
14,16,160,"WD","SE"
237,1,160,"WD","SE"
376,2,160,"WD","SE"
48,4,160,"WD","SE"
59,5,160,"WD","SE"
486,3,160,"WD","SE"
420,1,160,"WD","SE"
64,23,160,"WD","SE"
546,1,161,"WD","SE"
118,1,161,"WD","SE"
356,1,161,"WD","SE"
372,2,161,"WD","SE"
166,1,161,"WD","SE"
128,1,161,"WD","SE"
374,2,161,"WD","SE"
517,3,161,"WD","SE"
473,1,161,"WD","SE"
447,3,161,"WD","SE"
437,1,161,"WD","SE"
126,2,161,"WD","SE"
486,3,161,"WD","SE"
28,22,161,"WD","SE"
383,1,161,"WD","SE"
303,2,161,"WD","SE"
259,3,161,"WD","SE"
187,1,161,"WD","SE"
534,3,161,"WD","SE"
365,1,161,"WD","SE"
138,3,161,"WD","SE"
386,1,161,"WD","SE"
551,1,161,"WD","SE"
358,15,161,"WD","SE"
470,5,161,"WD","SE"
59,5,161,"WD","SE"
471,2,161,"WD","SE"
344,1,161,"WD","SE"
58,2,161,"WD","SE"
544,3,161,"WD","SE"
279,1,162,"WD","SE"
546,1,162,"WD","SE"
16,6,162,"WD","SE"
1,3,162,"WD","SE"
519,4,162,"WD","SE"
286,1,162,"WD","SE"
190,1,162,"WD","SE"
420,1,162,"WD","SE"
447,3,162,"WD","SE"
105,1,162,"WD","SE"
179,7,162,"WD","SE"
534,3,162,"WD","SE"
77,18,162,"WD","SE"
463,1,162,"WD","SE"
517,3,162,"WD","SE"
404,1,162,"WD","SE"
466,1,162,"WD","SE"
502,18,162,"WD","SE"
184,1,162,"WD","SE"
302,1,162,"WD","SE"
424,1,162,"WD","SE"
143,1,162,"WD","SE"
141,1,162,"WD","SE"
516,3,162,"WD","SE"
551,1,162,"WD","SE"
228,1,162,"WD","SE"
426,2,162,"WD","SE"
430,4,162,"WD","SE"
343,6,162,"WD","SE"
126,2,162,"WD","SE"
6,4,163,"WD","SE"
264,1,163,"WD","SE"
417,1,163,"WD","SE"
90,3,163,"WD","SE"
183,2,163,"WD","SE"
33,12,163,"WD","SE"
20,6,163,"WD","SE"
338,3,163,"WD","SE"
16,6,163,"WD","SE"
430,4,163,"WD","SE"
57,9,163,"WD","SE"
394,1,163,"WD","SE"
37,1,163,"WD","SE"
244,2,163,"WD","SE"
28,22,163,"WD","SE"
465,1,163,"WD","SE"
354,1,163,"WD","SE"
524,1,163,"WD","SE"
482,3,163,"WD","SE"
358,15,163,"WD","SE"
372,2,163,"WD","SE"
499,28,163,"WD","SE"
4,9,163,"WD","SE"
285,1,163,"WD","SE"
467,4,163,"WD","SE"
93,3,163,"WD","SE"
545,2,163,"WD","SE"
414,1,163,"WD","SE"
433,2,163,"WD","SE"
228,1,163,"WD","SE"
430,4,164,"WD","SE"
91,8,164,"WD","SE"
118,1,164,"WD","SE"
525,5,164,"WD","SE"
47,10,164,"WD","SE"
57,9,164,"WD","SE"
41,1,164,"WD","SE"
78,9,164,"WD","SE"
540,3,164,"WD","SE"
198,1,164,"WD","SE"
420,1,164,"WD","SE"
67,9,164,"WD","SE"
276,4,164,"WD","SE"
61,37,164,"WD","SE"
244,2,164,"WD","SE"
250,1,164,"WD","SE"
92,1,164,"WD","SE"
49,1,164,"WD","SE"
7,24,164,"WD","SE"
279,1,164,"WD","SE"
74,1,164,"WD","SE"
301,1,164,"WD","SE"
378,1,164,"WD","SE"
517,3,164,"WD","SE"
501,24,164,"WD","SE"
401,1,164,"WD","SE"
295,4,164,"WD","SE"
249,2,164,"WD","SE"
228,1,164,"WD","SE"
386,1,164,"WD","SE"
367,2,165,"WD","SE"
1,3,165,"WD","SE"
248,1,165,"WD","SE"
7,24,165,"WD","SE"
358,15,165,"WD","SE"
259,3,165,"WD","SE"
179,7,165,"WD","SE"
514,3,165,"WD","SE"
441,2,165,"WD","SE"
304,1,165,"WD","SE"
198,1,165,"WD","SE"
203,1,165,"WD","SE"
504,35,165,"WD","SE"
427,1,165,"WD","SE"
249,2,165,"WD","SE"
313,1,165,"WD","SE"
414,1,165,"WD","SE"
430,4,165,"WD","SE"
84,1,165,"WD","SE"
546,1,165,"WD","SE"
202,1,165,"WD","SE"
23,7,165,"WD","SE"
420,1,165,"WD","SE"
499,28,165,"WD","SE"
250,1,165,"WD","SE"
92,1,165,"WD","SE"
349,1,165,"WD","SE"
544,3,165,"WD","SE"
228,1,165,"WD","SE"
170,1,165,"WD","SE"
276,4,166,"WD","SE"
186,1,166,"WD","SE"
427,1,166,"WD","SE"
71,1,166,"WD","SE"
463,1,166,"WD","SE"
483,3,166,"WD","SE"
430,4,166,"WD","SE"
458,1,166,"WD","SE"
303,2,166,"WD","SE"
26,41,166,"WD","SE"
357,1,166,"WD","SE"
247,1,166,"WD","SE"
420,1,166,"WD","SE"
548,1,166,"WD","SE"
416,1,166,"WD","SE"
376,2,166,"WD","SE"
534,3,166,"WD","SE"
166,1,166,"WD","SE"
457,1,166,"WD","SE"
370,1,166,"WD","SE"
378,1,166,"WD","SE"
93,3,166,"WD","SE"
301,1,166,"WD","SE"
58,2,166,"WD","SE"
14,16,166,"WD","SE"
433,2,166,"WD","SE"
524,1,166,"WD","SE"
372,2,166,"WD","SE"
498,27,166,"WD","SE"
47,10,166,"WD","SE"
9,1,167,"WD","SE"
318,2,167,"WD","SE"
374,2,167,"WD","SE"
525,5,167,"WD","SE"
48,4,167,"WD","SE"
52,2,167,"WD","SE"
486,3,167,"WD","SE"
499,28,167,"WD","SE"
507,11,167,"WD","SE"
304,1,167,"WD","SE"
77,18,167,"WD","SE"
247,1,167,"WD","SE"
17,5,167,"WD","SE"
179,7,167,"WD","SE"
244,2,167,"WD","SE"
421,5,167,"WD","SE"
196,2,167,"WD","SE"
173,1,167,"WD","SE"
411,1,167,"WD","SE"
123,2,167,"WD","SE"
469,5,167,"WD","SE"
368,1,167,"WD","SE"
12,9,167,"WD","SE"
50,4,167,"WD","SE"
126,2,167,"WD","SE"
303,2,167,"WD","SE"
420,1,167,"WD","SE"
103,1,167,"WD","SE"
352,2,167,"WD","SE"
237,1,167,"WD","SE"
435,2,168,"WD","SE"
465,1,168,"WD","SE"
365,1,168,"WD","SE"
166,1,168,"WD","SE"
468,1,168,"WD","SE"
440,1,168,"WD","SE"
380,3,168,"WD","SE"
551,1,168,"WD","SE"
45,7,168,"WD","SE"
118,1,168,"WD","SE"
47,10,168,"WD","SE"
354,1,168,"WD","SE"
466,1,168,"WD","SE"
363,1,168,"WD","SE"
414,1,168,"WD","SE"
143,1,168,"WD","SE"
141,1,168,"WD","SE"
398,1,168,"WD","SE"
84,1,168,"WD","SE"
173,1,168,"WD","SE"
389,2,168,"WD","SE"
372,2,168,"WD","SE"
7,24,168,"WD","SE"
222,1,168,"WD","SE"
401,1,168,"WD","SE"
209,1,168,"WD","SE"
17,5,168,"WD","SE"
52,2,168,"WD","SE"
77,18,168,"WD","SE"
255,1,168,"WD","SE"
377,2,169,"WD","SE"
50,4,169,"WD","SE"
173,1,169,"WD","SE"
346,1,169,"WD","SE"
266,1,169,"WD","SE"
249,2,169,"WD","SE"
45,7,169,"WD","SE"
318,2,169,"WD","SE"
123,2,169,"WD","SE"
76,6,169,"WD","SE"
248,1,169,"WD","SE"
255,1,169,"WD","SE"
356,1,169,"WD","SE"
435,2,169,"WD","SE"
472,1,169,"WD","SE"
375,1,169,"WD","SE"
404,1,169,"WD","SE"
38,5,169,"WD","SE"
12,9,169,"WD","SE"
52,2,169,"WD","SE"
84,1,169,"WD","SE"
370,1,169,"WD","SE"
459,2,169,"WD","SE"
365,1,169,"WD","SE"
544,3,169,"WD","SE"
386,1,169,"WD","SE"
410,2,169,"WD","SE"
498,27,169,"WD","SE"
503,22,169,"WD","SE"
540,3,169,"WD","SE"
501,24,170,"WD","SE"
378,1,170,"WD","SE"
59,5,170,"WD","SE"
51,3,170,"WD","SE"
457,1,170,"WD","SE"
370,1,170,"WD","SE"
350,1,170,"WD","SE"
420,1,170,"WD","SE"
466,1,170,"WD","SE"
358,15,170,"WD","SE"
45,7,170,"WD","SE"
43,1,170,"WD","SE"
187,1,170,"WD","SE"
52,2,170,"WD","SE"
397,1,170,"WD","SE"
198,1,170,"WD","SE"
76,6,170,"WD","SE"
341,2,170,"WD","SE"
279,1,170,"WD","SE"
416,1,170,"WD","SE"
282,1,170,"WD","SE"
13,4,170,"WD","SE"
346,1,170,"WD","SE"
118,1,170,"WD","SE"
421,5,170,"WD","SE"
438,4,170,"WD","SE"
49,1,170,"WD","SE"
164,4,170,"WD","SE"
415,1,170,"WD","SE"
250,1,170,"WD","SE"
33,12,171,"WD","SE"
358,15,171,"WD","SE"
50,4,171,"WD","SE"
318,2,171,"WD","SE"
128,1,171,"WD","SE"
1,3,171,"WD","SE"
502,18,171,"WD","SE"
361,3,171,"WD","SE"
282,1,171,"WD","SE"
158,2,171,"WD","SE"
516,3,171,"WD","SE"
20,6,171,"WD","SE"
428,1,171,"WD","SE"
209,1,171,"WD","SE"
47,10,171,"WD","SE"
433,2,171,"WD","SE"
470,5,171,"WD","SE"
525,5,171,"WD","SE"
11,30,171,"WD","SE"
368,1,171,"WD","SE"
186,1,171,"WD","SE"
378,1,171,"WD","SE"
266,1,171,"WD","SE"
437,1,171,"WD","SE"
141,1,171,"WD","SE"
389,2,171,"WD","SE"
326,1,171,"WD","SE"
483,3,171,"WD","SE"
322,1,171,"WD","SE"
534,3,171,"WD","SE"
313,1,172,"WD","SE"
6,4,172,"WD","SE"
411,1,172,"WD","SE"
404,1,172,"WD","SE"
266,1,172,"WD","SE"
467,4,172,"WD","SE"
472,1,172,"WD","SE"
420,1,172,"WD","SE"
326,1,172,"WD","SE"
425,3,172,"WD","SE"
341,2,172,"WD","SE"
457,1,172,"WD","SE"
187,1,172,"WD","SE"
67,9,172,"WD","SE"
17,5,172,"WD","SE"
483,3,172,"WD","SE"
190,1,172,"WD","SE"
183,2,172,"WD","SE"
14,16,172,"WD","SE"
468,1,172,"WD","SE"
338,3,172,"WD","SE"
427,1,172,"WD","SE"
302,1,172,"WD","SE"
383,1,172,"WD","SE"
516,3,172,"WD","SE"
546,1,172,"WD","SE"
142,1,172,"WD","SE"
29,2,172,"WD","SE"
365,1,172,"WD","SE"
45,7,172,"WD","SE"
383,1,173,"WD","SE"
170,1,173,"WD","SE"
37,1,173,"WD","SE"
457,1,173,"WD","SE"
551,1,173,"WD","SE"
385,1,173,"WD","SE"
264,1,173,"WD","SE"
5,9,173,"WD","SE"
302,1,173,"WD","SE"
202,1,173,"WD","SE"
6,4,173,"WD","SE"
544,3,173,"WD","SE"
173,1,173,"WD","SE"
282,1,173,"WD","SE"
49,1,173,"WD","SE"
517,3,173,"WD","SE"
53,1,173,"WD","SE"
343,6,173,"WD","SE"
394,1,173,"WD","SE"
16,6,173,"WD","SE"
303,2,173,"WD","SE"
20,6,173,"WD","SE"
370,1,173,"WD","SE"
414,1,173,"WD","SE"
184,1,173,"WD","SE"
186,1,173,"WD","SE"
59,5,173,"WD","SE"
460,1,173,"WD","SE"
349,1,173,"WD","SE"
397,1,173,"WD","SE"
404,1,174,"WD","SE"
352,2,174,"WD","SE"
422,3,174,"WD","SE"
460,1,174,"WD","SE"
252,1,174,"WD","SE"
545,2,174,"WD","SE"
29,2,174,"WD","SE"
349,1,174,"WD","SE"
459,2,174,"WD","SE"
17,5,174,"WD","SE"
471,2,174,"WD","SE"
7,24,174,"WD","SE"
372,2,174,"WD","SE"
447,3,174,"WD","SE"
140,1,174,"WD","SE"
348,2,174,"WD","SE"
519,4,174,"WD","SE"
36,6,174,"WD","SE"
232,3,174,"WD","SE"
202,1,174,"WD","SE"
523,4,174,"WD","SE"
437,1,174,"WD","SE"
551,1,174,"WD","SE"
282,1,174,"WD","SE"
513,4,174,"WD","SE"
378,1,174,"WD","SE"
525,5,174,"WD","SE"
514,3,174,"WD","SE"
438,4,174,"WD","SE"
72,8,174,"WD","SE"
523,4,175,"WD","SE"
369,1,175,"WD","SE"
546,1,175,"WD","SE"
279,1,175,"WD","SE"
93,3,175,"WD","SE"
51,3,175,"WD","SE"
285,1,175,"WD","SE"
472,1,175,"WD","SE"
368,1,175,"WD","SE"
401,1,175,"WD","SE"
86,2,175,"WD","SE"
346,1,175,"WD","SE"
45,7,175,"WD","SE"
424,1,175,"WD","SE"
504,35,175,"WD","SE"
80,10,175,"WD","SE"
302,1,175,"WD","SE"
209,1,175,"WD","SE"
427,1,175,"WD","SE"
376,2,175,"WD","SE"
286,1,175,"WD","SE"
20,6,175,"WD","SE"
367,2,175,"WD","SE"
357,1,175,"WD","SE"
40,6,175,"WD","SE"
404,1,175,"WD","SE"
411,1,175,"WD","SE"
433,2,175,"WD","SE"
548,1,175,"WD","SE"
278,1,175,"WD","SE"
501,24,176,"WD","SE"
468,1,176,"WD","SE"
471,2,176,"WD","SE"
548,1,176,"WD","SE"
482,3,176,"WD","SE"
422,3,176,"WD","SE"
375,1,176,"WD","SE"
279,1,176,"WD","SE"
420,1,176,"WD","SE"
173,1,176,"WD","SE"
404,1,176,"WD","SE"
430,4,176,"WD","SE"
499,28,176,"WD","SE"
140,1,176,"WD","SE"
419,1,176,"WD","SE"
519,4,176,"WD","SE"
370,1,176,"WD","SE"
11,30,176,"WD","SE"
247,1,176,"WD","SE"
365,1,176,"WD","SE"
326,1,176,"WD","SE"
344,1,176,"WD","SE"
380,3,176,"WD","SE"
447,3,176,"WD","SE"
285,1,176,"WD","SE"
123,2,176,"WD","SE"
398,1,176,"WD","SE"
372,2,176,"WD","SE"
381,2,176,"WD","SE"
19,8,176,"WD","SE"
370,1,177,"WD","SE"
266,1,177,"WD","SE"
430,4,177,"WD","SE"
248,1,177,"WD","SE"
435,2,177,"WD","SE"
67,9,177,"WD","SE"
247,1,177,"WD","SE"
546,1,177,"WD","SE"
516,3,177,"WD","SE"
52,2,177,"WD","SE"
92,1,177,"WD","SE"
237,1,177,"WD","SE"
417,1,177,"WD","SE"
142,1,177,"WD","SE"
496,26,177,"WD","SE"
369,1,177,"WD","SE"
398,1,177,"WD","SE"
441,2,177,"WD","SE"
469,5,177,"WD","SE"
439,2,177,"WD","SE"
193,1,177,"WD","SE"
91,8,177,"WD","SE"
131,1,177,"WD","SE"
534,3,177,"WD","SE"
459,2,177,"WD","SE"
61,37,177,"WD","SE"
378,1,177,"WD","SE"
282,1,177,"WD","SE"
302,1,177,"WD","SE"
447,3,177,"WD","SE"
548,1,178,"WD","SE"
14,16,178,"WD","SE"
459,2,178,"WD","SE"
53,1,178,"WD","SE"
519,4,178,"WD","SE"
71,1,178,"WD","SE"
317,2,178,"WD","SE"
126,2,178,"WD","SE"
439,2,178,"WD","SE"
76,6,178,"WD","SE"
249,2,178,"WD","SE"
354,1,178,"WD","SE"
472,1,178,"WD","SE"
356,1,178,"WD","SE"
44,35,178,"WD","SE"
6,4,178,"WD","SE"
132,1,178,"WD","SE"
187,1,178,"WD","SE"
447,3,178,"WD","SE"
435,2,178,"WD","SE"
67,9,178,"WD","SE"
49,1,178,"WD","SE"
397,1,178,"WD","SE"
186,1,178,"WD","SE"
467,4,178,"WD","SE"
437,1,178,"WD","SE"
40,6,178,"WD","SE"
286,1,178,"WD","SE"
525,5,178,"WD","SE"
449,1,178,"WD","SE"
313,1,179,"WD","SE"
504,35,179,"WD","SE"
144,1,179,"WD","SE"
140,1,179,"WD","SE"
386,1,179,"WD","SE"
383,1,179,"WD","SE"
449,1,179,"WD","SE"
348,2,179,"WD","SE"
507,11,179,"WD","SE"
433,2,179,"WD","SE"
322,1,179,"WD","SE"
193,1,179,"WD","SE"
92,1,179,"WD","SE"
356,1,179,"WD","SE"
457,1,179,"WD","SE"
41,1,179,"WD","SE"
551,1,179,"WD","SE"
411,1,179,"WD","SE"
546,1,179,"WD","SE"
500,25,179,"WD","SE"
12,9,179,"WD","SE"
447,3,179,"WD","SE"
513,4,179,"WD","SE"
179,7,179,"WD","SE"
428,1,179,"WD","SE"
252,1,179,"WD","SE"
132,1,179,"WD","SE"
380,3,179,"WD","SE"
4,9,179,"WD","SE"
352,2,179,"WD","SE"
510,18,180,"WD","SE"
303,2,180,"WD","SE"
276,4,180,"WD","SE"
354,1,180,"WD","SE"
93,3,180,"WD","SE"
525,5,180,"WD","SE"
183,2,180,"WD","SE"
38,5,180,"WD","SE"
90,3,180,"WD","SE"
301,1,180,"WD","SE"
302,1,180,"WD","SE"
417,1,180,"WD","SE"
433,2,180,"WD","SE"
74,1,180,"WD","SE"
457,1,180,"WD","SE"
170,1,180,"WD","SE"
447,3,180,"WD","SE"
1,3,180,"WD","SE"
232,3,180,"WD","SE"
344,1,180,"WD","SE"
196,2,180,"WD","SE"
59,5,180,"WD","SE"
346,1,180,"WD","SE"
410,2,180,"WD","SE"
247,1,180,"WD","SE"
92,1,180,"WD","SE"
439,2,180,"WD","SE"
45,7,180,"WD","SE"
428,1,180,"WD","SE"
26,41,180,"WD","SE"
61,37,181,"WD","SE"
469,5,181,"WD","SE"
244,2,181,"WD","SE"
435,2,181,"WD","SE"
313,1,181,"WD","SE"
7,24,181,"WD","SE"
14,16,181,"WD","SE"
266,1,181,"WD","SE"
78,9,181,"WD","SE"
20,6,181,"WD","SE"
16,6,181,"WD","SE"
438,4,181,"WD","SE"
361,3,181,"WD","SE"
498,27,181,"WD","SE"
404,1,181,"WD","SE"
6,4,181,"WD","SE"
496,26,181,"WD","SE"
232,3,181,"WD","SE"
534,3,181,"WD","SE"
302,1,181,"WD","SE"
202,1,181,"WD","SE"
465,1,181,"WD","SE"
398,1,181,"WD","SE"
71,1,181,"WD","SE"
47,10,181,"WD","SE"
223,1,181,"WD","SE"
190,1,181,"WD","SE"
67,9,181,"WD","SE"
507,11,181,"WD","SE"
430,4,181,"WD","SE"
414,1,182,"WD","SE"
128,1,182,"WD","SE"
76,6,182,"WD","SE"
421,5,182,"WD","SE"
103,1,182,"WD","SE"
16,6,182,"WD","SE"
203,1,182,"WD","SE"
468,1,182,"WD","SE"
313,1,182,"WD","SE"
308,1,182,"WD","SE"
318,2,182,"WD","SE"
435,2,182,"WD","SE"
457,1,182,"WD","SE"
499,28,182,"WD","SE"
376,2,182,"WD","SE"
517,3,182,"WD","SE"
350,1,182,"WD","SE"
67,9,182,"WD","SE"
547,1,182,"WD","SE"
304,1,182,"WD","SE"
23,7,182,"WD","SE"
209,1,182,"WD","SE"
92,1,182,"WD","SE"
524,1,182,"WD","SE"
416,1,182,"WD","SE"
302,1,182,"WD","SE"
346,1,182,"WD","SE"
343,6,182,"WD","SE"
6,4,182,"WD","SE"
461,1,182,"WD","SE"
370,1,183,"WD","SE"
303,2,183,"WD","SE"
383,1,183,"WD","SE"
53,1,183,"WD","SE"
352,2,183,"WD","SE"
1,3,183,"WD","SE"
326,1,183,"WD","SE"
508,23,183,"WD","SE"
389,2,183,"WD","SE"
28,22,183,"WD","SE"
158,2,183,"WD","SE"
523,4,183,"WD","SE"
398,1,183,"WD","SE"
286,1,183,"WD","SE"
437,1,183,"WD","SE"
397,1,183,"WD","SE"
467,4,183,"WD","SE"
422,3,183,"WD","SE"
37,1,183,"WD","SE"
76,6,183,"WD","SE"
190,1,183,"WD","SE"
524,1,183,"WD","SE"
496,26,183,"WD","SE"
82,3,183,"WD","SE"
140,1,183,"WD","SE"
19,8,183,"WD","SE"
36,6,183,"WD","SE"
51,3,183,"WD","SE"
279,1,183,"WD","SE"
416,1,183,"WD","SE"
222,1,184,"WD","SE"
483,3,184,"WD","SE"
365,1,184,"WD","SE"
41,1,184,"WD","SE"
53,1,184,"WD","SE"
514,3,184,"WD","SE"
467,4,184,"WD","SE"
237,1,184,"WD","SE"
37,1,184,"WD","SE"
48,4,184,"WD","SE"
519,4,184,"WD","SE"
397,1,184,"WD","SE"
249,2,184,"WD","SE"
143,1,184,"WD","SE"
223,1,184,"WD","SE"
184,1,184,"WD","SE"
247,1,184,"WD","SE"
377,2,184,"WD","SE"
470,5,184,"WD","SE"
16,6,184,"WD","SE"
187,1,184,"WD","SE"
158,2,184,"WD","SE"
105,1,184,"WD","SE"
545,2,184,"WD","SE"
23,7,184,"WD","SE"
348,2,184,"WD","SE"
498,27,184,"WD","SE"
183,2,184,"WD","SE"
285,1,184,"WD","SE"
428,1,184,"WD","SE"
498,27,185,"WD","SE"
370,1,185,"WD","SE"
420,1,185,"WD","SE"
76,6,185,"WD","SE"
14,16,185,"WD","SE"
354,1,185,"WD","SE"
372,2,185,"WD","SE"
439,2,185,"WD","SE"
255,1,185,"WD","SE"
209,1,185,"WD","SE"
286,1,185,"WD","SE"
49,1,185,"WD","SE"
427,1,185,"WD","SE"
377,2,185,"WD","SE"
50,4,185,"WD","SE"
470,5,185,"WD","SE"
80,10,185,"WD","SE"
343,6,185,"WD","SE"
411,1,185,"WD","SE"
61,37,185,"WD","SE"
123,2,185,"WD","SE"
53,1,185,"WD","SE"
424,1,185,"WD","SE"
546,1,185,"WD","SE"
507,11,185,"WD","SE"
322,1,185,"WD","SE"
105,1,185,"WD","SE"
92,1,185,"WD","SE"
496,26,185,"WD","SE"
187,1,185,"WD","SE"
350,1,186,"WD","SE"
374,2,186,"WD","SE"
463,1,186,"WD","SE"
425,3,186,"WD","SE"
540,3,186,"WD","SE"
381,2,186,"WD","SE"
486,3,186,"WD","SE"
6,4,186,"WD","SE"
368,1,186,"WD","SE"
441,2,186,"WD","SE"
11,30,186,"WD","SE"
17,5,186,"WD","SE"
72,8,186,"WD","SE"
326,1,186,"WD","SE"
457,1,186,"WD","SE"
26,41,186,"WD","SE"
415,1,186,"WD","SE"
401,1,186,"WD","SE"
141,1,186,"WD","SE"
259,3,186,"WD","SE"
419,1,186,"WD","SE"
33,12,186,"WD","SE"
427,1,186,"WD","SE"
140,1,186,"WD","SE"
84,1,186,"WD","SE"
510,18,186,"WD","SE"
40,6,186,"WD","SE"
357,1,186,"WD","SE"
67,9,186,"WD","SE"
1,3,186,"WD","SE"
259,3,187,"WD","SE"
467,4,187,"WD","SE"
420,1,187,"WD","SE"
264,1,187,"WD","SE"
367,2,187,"WD","SE"
38,5,187,"WD","SE"
365,1,187,"WD","SE"
510,18,187,"WD","SE"
361,3,187,"WD","SE"
12,9,187,"WD","SE"
380,3,187,"WD","SE"
482,3,187,"WD","SE"
472,1,187,"WD","SE"
52,2,187,"WD","SE"
71,1,187,"WD","SE"
545,2,187,"WD","SE"
466,1,187,"WD","SE"
428,1,187,"WD","SE"
438,4,187,"WD","SE"
186,1,187,"WD","SE"
91,8,187,"WD","SE"
190,1,187,"WD","SE"
341,2,187,"WD","SE"
370,1,187,"WD","SE"
90,3,187,"WD","SE"
179,7,187,"WD","SE"
209,1,187,"WD","SE"
222,1,187,"WD","SE"
1,3,187,"WD","SE"
5,9,187,"WD","SE"
516,3,188,"WD","SE"
498,27,188,"WD","SE"
540,3,188,"WD","SE"
390,4,188,"WD","SE"
26,41,188,"WD","SE"
279,1,188,"WD","SE"
534,3,188,"WD","SE"
376,2,188,"WD","SE"
52,2,188,"WD","SE"
179,7,188,"WD","SE"
386,1,188,"WD","SE"
414,1,188,"WD","SE"
237,1,188,"WD","SE"
301,1,188,"WD","SE"
383,1,188,"WD","SE"
500,25,188,"WD","SE"
461,1,188,"WD","SE"
36,6,188,"WD","SE"
247,1,188,"WD","SE"
369,1,188,"WD","SE"
166,1,188,"WD","SE"
93,3,188,"WD","SE"
416,1,188,"WD","SE"
118,1,188,"WD","SE"
232,3,188,"WD","SE"
248,1,188,"WD","SE"
123,2,188,"WD","SE"
64,23,188,"WD","SE"
365,1,188,"WD","SE"
76,6,188,"WD","SE"
140,1,189,"WD","SE"
544,3,189,"WD","SE"
524,1,189,"WD","SE"
14,16,189,"WD","SE"
501,24,189,"WD","SE"
78,9,189,"WD","SE"
350,1,189,"WD","SE"
232,3,189,"WD","SE"
358,15,189,"WD","SE"
71,1,189,"WD","SE"
58,2,189,"WD","SE"
11,30,189,"WD","SE"
74,1,189,"WD","SE"
61,37,189,"WD","SE"
420,1,189,"WD","SE"
441,2,189,"WD","SE"
389,2,189,"WD","SE"
433,2,189,"WD","SE"
7,24,189,"WD","SE"
465,1,189,"WD","SE"
500,25,189,"WD","SE"
51,3,189,"WD","SE"
377,2,189,"WD","SE"
82,3,189,"WD","SE"
383,1,189,"WD","SE"
166,1,189,"WD","SE"
401,1,189,"WD","SE"
378,1,189,"WD","SE"
313,1,189,"WD","SE"
357,1,189,"WD","SE"
370,1,190,"WD","SE"
352,2,190,"WD","SE"
398,1,190,"WD","SE"
170,1,190,"WD","SE"
126,2,190,"WD","SE"
14,16,190,"WD","SE"
376,2,190,"WD","SE"
449,1,190,"WD","SE"
430,4,190,"WD","SE"
358,15,190,"WD","SE"
32,9,190,"WD","SE"
415,1,190,"WD","SE"
45,7,190,"WD","SE"
389,2,190,"WD","SE"
92,1,190,"WD","SE"
525,5,190,"WD","SE"
374,2,190,"WD","SE"
186,1,190,"WD","SE"
420,1,190,"WD","SE"
244,2,190,"WD","SE"
198,1,190,"WD","SE"
343,6,190,"WD","SE"
138,3,190,"WD","SE"
308,1,190,"WD","SE"
500,25,190,"WD","SE"
285,1,190,"WD","SE"
43,1,190,"WD","SE"
457,1,190,"WD","SE"
349,1,190,"WD","SE"
49,1,190,"WD","SE"
378,1,191,"WD","SE"
344,1,191,"WD","SE"
38,5,191,"WD","SE"
64,23,191,"WD","SE"
457,1,191,"WD","SE"
435,2,191,"WD","SE"
447,3,191,"WD","SE"
186,1,191,"WD","SE"
546,1,191,"WD","SE"
302,1,191,"WD","SE"
470,5,191,"WD","SE"
483,3,191,"WD","SE"
23,7,191,"WD","SE"
36,6,191,"WD","SE"
433,2,191,"WD","SE"
80,10,191,"WD","SE"
276,4,191,"WD","SE"
376,2,191,"WD","SE"
459,2,191,"WD","SE"
427,1,191,"WD","SE"
49,1,191,"WD","SE"
401,1,191,"WD","SE"
252,1,191,"WD","SE"
467,4,191,"WD","SE"
143,1,191,"WD","SE"
11,30,191,"WD","SE"
380,3,191,"WD","SE"
419,1,191,"WD","SE"
166,1,191,"WD","SE"
524,1,191,"WD","SE"
377,2,192,"WD","SE"
26,41,192,"WD","SE"
397,1,192,"WD","SE"
322,1,192,"WD","SE"
447,3,192,"WD","SE"
381,2,192,"WD","SE"
203,1,192,"WD","SE"
394,1,192,"WD","SE"
16,6,192,"WD","SE"
508,23,192,"WD","SE"
365,1,192,"WD","SE"
410,2,192,"WD","SE"
78,9,192,"WD","SE"
545,2,192,"WD","SE"
357,1,192,"WD","SE"
158,2,192,"WD","SE"
20,6,192,"WD","SE"
398,1,192,"WD","SE"
435,2,192,"WD","SE"
378,1,192,"WD","SE"
237,1,192,"WD","SE"
278,1,192,"WD","SE"
369,1,192,"WD","SE"
502,18,192,"WD","SE"
459,2,192,"WD","SE"
140,1,192,"WD","SE"
469,5,192,"WD","SE"
514,3,192,"WD","SE"
304,1,192,"WD","SE"
338,3,192,"WD","SE"
381,2,193,"WD","SE"
375,1,193,"WD","SE"
377,2,193,"WD","SE"
414,1,193,"WD","SE"
551,1,193,"WD","SE"
486,3,193,"WD","SE"
33,12,193,"WD","SE"
255,1,193,"WD","SE"
92,1,193,"WD","SE"
61,37,193,"WD","SE"
525,5,193,"WD","SE"
358,15,193,"WD","SE"
47,10,193,"WD","SE"
449,1,193,"WD","SE"
421,5,193,"WD","SE"
523,4,193,"WD","SE"
26,41,193,"WD","SE"
158,2,193,"WD","SE"
458,1,193,"WD","SE"
259,3,193,"WD","SE"
173,1,193,"WD","SE"
71,1,193,"WD","SE"
11,30,193,"WD","SE"
496,26,193,"WD","SE"
357,1,193,"WD","SE"
516,3,193,"WD","SE"
466,1,193,"WD","SE"
439,2,193,"WD","SE"
76,6,193,"WD","SE"
508,23,193,"WD","SE"
44,35,194,"WD","SE"
202,1,194,"WD","SE"
144,1,194,"WD","SE"
415,1,194,"WD","SE"
214,1,194,"WD","SE"
11,30,194,"WD","SE"
103,1,194,"WD","SE"
33,12,194,"WD","SE"
50,4,194,"WD","SE"
76,6,194,"WD","SE"
128,1,194,"WD","SE"
356,1,194,"WD","SE"
308,1,194,"WD","SE"
12,9,194,"WD","SE"
513,4,194,"WD","SE"
132,1,194,"WD","SE"
465,1,194,"WD","SE"
248,1,194,"WD","SE"
523,4,194,"WD","SE"
544,3,194,"WD","SE"
322,1,194,"WD","SE"
357,1,194,"WD","SE"
326,1,194,"WD","SE"
540,3,194,"WD","SE"
7,24,194,"WD","SE"
170,1,194,"WD","SE"
51,3,194,"WD","SE"
447,3,194,"WD","SE"
410,2,194,"WD","SE"
375,1,194,"WD","SE"
170,1,195,"WD","SE"
143,1,195,"WD","SE"
438,4,195,"WD","SE"
32,9,195,"WD","SE"
469,5,195,"WD","SE"
232,3,195,"WD","SE"
349,1,195,"WD","SE"
302,1,195,"WD","SE"
126,2,195,"WD","SE"
482,3,195,"WD","SE"
244,2,195,"WD","SE"
6,4,195,"WD","SE"
77,18,195,"WD","SE"
428,1,195,"WD","SE"
426,2,195,"WD","SE"
341,2,195,"WD","SE"
132,1,195,"WD","SE"
91,8,195,"WD","SE"
196,2,195,"WD","SE"
519,4,195,"WD","SE"
179,7,195,"WD","SE"
500,25,195,"WD","SE"
38,5,195,"WD","SE"
421,5,195,"WD","SE"
249,2,195,"WD","SE"
523,4,195,"WD","SE"
7,24,195,"WD","SE"
370,1,195,"WD","SE"
80,10,195,"WD","SE"
368,1,195,"WD","SE"
71,1,196,"WD","SE"
9,1,196,"WD","SE"
166,1,196,"WD","SE"
471,2,196,"WD","SE"
196,2,196,"WD","SE"
341,2,196,"WD","SE"
183,2,196,"WD","SE"
421,5,196,"WD","SE"
244,2,196,"WD","SE"
41,1,196,"WD","SE"
425,3,196,"WD","SE"
38,5,196,"WD","SE"
74,1,196,"WD","SE"
142,1,196,"WD","SE"
118,1,196,"WD","SE"
131,1,196,"WD","SE"
516,3,196,"WD","SE"
86,2,196,"WD","SE"
499,28,196,"WD","SE"
248,1,196,"WD","SE"
249,2,196,"WD","SE"
513,4,196,"WD","SE"
4,9,196,"WD","SE"
500,25,196,"WD","SE"
486,3,196,"WD","SE"
198,1,196,"WD","SE"
308,1,196,"WD","SE"
222,1,196,"WD","SE"
33,12,196,"WD","SE"
458,1,196,"WD","SE"
350,1,197,"WD","SE"
247,1,197,"WD","SE"
264,1,197,"WD","SE"
203,1,197,"WD","SE"
363,1,197,"WD","SE"
4,9,197,"WD","SE"
33,12,197,"WD","SE"
237,1,197,"WD","SE"
426,2,197,"WD","SE"
215,1,197,"WD","SE"
14,16,197,"WD","SE"
173,1,197,"WD","SE"
352,2,197,"WD","SE"
84,1,197,"WD","SE"
472,1,197,"WD","SE"
361,3,197,"WD","SE"
516,3,197,"WD","SE"
82,3,197,"WD","SE"
53,1,197,"WD","SE"
397,1,197,"WD","SE"
7,24,197,"WD","SE"
282,1,197,"WD","SE"
486,3,197,"WD","SE"
67,9,197,"WD","SE"
301,1,197,"WD","SE"
367,2,197,"WD","SE"
389,2,197,"WD","SE"
308,1,197,"WD","SE"
394,1,197,"WD","SE"
502,18,197,"WD","SE"
140,1,198,"WD","SE"
183,2,198,"WD","SE"
461,1,198,"WD","SE"
16,6,198,"WD","SE"
4,9,198,"WD","SE"
209,1,198,"WD","SE"
546,1,198,"WD","SE"
247,1,198,"WD","SE"
190,1,198,"WD","SE"
341,2,198,"WD","SE"
438,4,198,"WD","SE"
514,3,198,"WD","SE"
170,1,198,"WD","SE"
67,9,198,"WD","SE"
465,1,198,"WD","SE"
53,1,198,"WD","SE"
57,9,198,"WD","SE"
540,3,198,"WD","SE"
193,1,198,"WD","SE"
286,1,198,"WD","SE"
414,1,198,"WD","SE"
547,1,198,"WD","SE"
499,28,198,"WD","SE"
92,1,198,"WD","SE"
52,2,198,"WD","SE"
551,1,198,"WD","SE"
460,1,198,"WD","SE"
78,9,198,"WD","SE"
64,23,198,"WD","SE"
367,2,198,"WD","SE"
304,1,199,"WD","SE"
19,8,199,"WD","SE"
11,30,199,"WD","SE"
7,24,199,"WD","SE"
179,7,199,"WD","SE"
237,1,199,"WD","SE"
86,2,199,"WD","SE"
47,10,199,"WD","SE"
372,2,199,"WD","SE"
276,4,199,"WD","SE"
118,1,199,"WD","SE"
170,1,199,"WD","SE"
457,1,199,"WD","SE"
365,1,199,"WD","SE"
466,1,199,"WD","SE"
415,1,199,"WD","SE"
350,1,199,"WD","SE"
279,1,199,"WD","SE"
128,1,199,"WD","SE"
378,1,199,"WD","SE"
468,1,199,"WD","SE"
248,1,199,"WD","SE"
255,1,199,"WD","SE"
496,26,199,"WD","SE"
508,23,199,"WD","SE"
84,1,199,"WD","SE"
50,4,199,"WD","SE"
389,2,199,"WD","SE"
266,1,199,"WD","SE"
507,11,199,"WD","SE"
132,1,200,"WD","SE"
460,1,200,"WD","SE"
48,4,200,"WD","SE"
304,1,200,"WD","SE"
471,2,200,"WD","SE"
140,1,200,"WD","SE"
252,1,200,"WD","SE"
361,3,200,"WD","SE"
468,1,200,"WD","SE"
36,6,200,"WD","SE"
411,1,200,"WD","SE"
45,7,200,"WD","SE"
203,1,200,"WD","SE"
43,1,200,"WD","SE"
266,1,200,"WD","SE"
551,1,200,"WD","SE"
504,35,200,"WD","SE"
313,1,200,"WD","SE"
338,3,200,"WD","SE"
91,8,200,"WD","SE"
6,4,200,"WD","SE"
282,1,200,"WD","SE"
303,2,200,"WD","SE"
469,5,200,"WD","SE"
513,4,200,"WD","SE"
433,2,200,"WD","SE"
20,6,200,"WD","SE"
50,4,200,"WD","SE"
415,1,200,"WD","SE"
435,2,200,"WD","SE"
44,35,201,"WD","SE"
439,2,201,"WD","SE"
417,1,201,"WD","SE"
516,3,201,"WD","SE"
547,1,201,"WD","SE"
33,12,201,"WD","SE"
414,1,201,"WD","SE"
249,2,201,"WD","SE"
447,3,201,"WD","SE"
517,3,201,"WD","SE"
369,1,201,"WD","SE"
303,2,201,"WD","SE"
519,4,201,"WD","SE"
202,1,201,"WD","SE"
466,1,201,"WD","SE"
470,5,201,"WD","SE"
279,1,201,"WD","SE"
286,1,201,"WD","SE"
420,1,201,"WD","SE"
354,1,201,"WD","SE"
173,1,201,"WD","SE"
12,9,201,"WD","SE"
28,22,201,"WD","SE"
499,28,201,"WD","SE"
26,41,201,"WD","SE"
410,2,201,"WD","SE"
317,2,201,"WD","SE"
468,1,201,"WD","SE"
458,1,201,"WD","SE"
430,4,201,"WD","SE"
232,3,202,"WD","SE"
202,1,202,"WD","SE"
463,1,202,"WD","SE"
508,23,202,"WD","SE"
279,1,202,"WD","SE"
517,3,202,"WD","SE"
14,16,202,"WD","SE"
276,4,202,"WD","SE"
170,1,202,"WD","SE"
369,1,202,"WD","SE"
4,9,202,"WD","SE"
372,2,202,"WD","SE"
304,1,202,"WD","SE"
524,1,202,"WD","SE"
343,6,202,"WD","SE"
186,1,202,"WD","SE"
486,3,202,"WD","SE"
389,2,202,"WD","SE"
551,1,202,"WD","SE"
352,2,202,"WD","SE"
82,3,202,"WD","SE"
6,4,202,"WD","SE"
519,4,202,"WD","SE"
142,1,202,"WD","SE"
380,3,202,"WD","SE"
58,2,202,"WD","SE"
118,1,202,"WD","SE"
247,1,202,"WD","SE"
249,2,202,"WD","SE"
40,6,202,"WD","SE"
367,2,203,"WD","SE"
52,2,203,"WD","SE"
547,1,203,"WD","SE"
209,1,203,"WD","SE"
36,6,203,"WD","SE"
59,5,203,"WD","SE"
140,1,203,"WD","SE"
465,1,203,"WD","SE"
338,3,203,"WD","SE"
58,2,203,"WD","SE"
500,25,203,"WD","SE"
286,1,203,"WD","SE"
343,6,203,"WD","SE"
43,1,203,"WD","SE"
92,1,203,"WD","SE"
483,3,203,"WD","SE"
313,1,203,"WD","SE"
6,4,203,"WD","SE"
138,3,203,"WD","SE"
376,2,203,"WD","SE"
132,1,203,"WD","SE"
496,26,203,"WD","SE"
486,3,203,"WD","SE"
303,2,203,"WD","SE"
166,1,203,"WD","SE"
461,1,203,"WD","SE"
247,1,203,"WD","SE"
517,3,203,"WD","SE"
466,1,203,"WD","SE"
76,6,203,"WD","SE"
5,9,204,"WD","SE"
401,1,204,"WD","SE"
118,1,204,"WD","SE"
502,18,204,"WD","SE"
80,10,204,"WD","SE"
45,7,204,"WD","SE"
433,2,204,"WD","SE"
9,1,204,"WD","SE"
449,1,204,"WD","SE"
276,4,204,"WD","SE"
166,1,204,"WD","SE"
285,1,204,"WD","SE"
58,2,204,"WD","SE"
57,9,204,"WD","SE"
524,1,204,"WD","SE"
84,1,204,"WD","SE"
357,1,204,"WD","SE"
322,1,204,"WD","SE"
346,1,204,"WD","SE"
421,5,204,"WD","SE"
86,2,204,"WD","SE"
264,1,204,"WD","SE"
252,1,204,"WD","SE"
503,22,204,"WD","SE"
468,1,204,"WD","SE"
232,3,204,"WD","SE"
138,3,204,"WD","SE"
255,1,204,"WD","SE"
411,1,204,"WD","SE"
47,10,204,"WD","SE"
26,41,205,"WD","SE"
424,1,205,"WD","SE"
6,4,205,"WD","SE"
303,2,205,"WD","SE"
368,1,205,"WD","SE"
250,1,205,"WD","SE"
427,1,205,"WD","SE"
498,27,205,"WD","SE"
183,2,205,"WD","SE"
286,1,205,"WD","SE"
365,1,205,"WD","SE"
416,1,205,"WD","SE"
375,1,205,"WD","SE"
496,26,205,"WD","SE"
545,2,205,"WD","SE"
380,3,205,"WD","SE"
430,4,205,"WD","SE"
92,1,205,"WD","SE"
513,4,205,"WD","SE"
503,22,205,"WD","SE"
57,9,205,"WD","SE"
322,1,205,"WD","SE"
548,1,205,"WD","SE"
361,3,205,"WD","SE"
390,4,205,"WD","SE"
472,1,205,"WD","SE"
44,35,205,"WD","SE"
43,1,205,"WD","SE"
471,2,205,"WD","SE"
383,1,205,"WD","SE"
285,1,206,"WD","SE"
126,2,206,"WD","SE"
458,1,206,"WD","SE"
184,1,206,"WD","SE"
59,5,206,"WD","SE"
470,5,206,"WD","SE"
378,1,206,"WD","SE"
317,2,206,"WD","SE"
368,1,206,"WD","SE"
198,1,206,"WD","SE"
40,6,206,"WD","SE"
187,1,206,"WD","SE"
466,1,206,"WD","SE"
468,1,206,"WD","SE"
417,1,206,"WD","SE"
278,1,206,"WD","SE"
74,1,206,"WD","SE"
279,1,206,"WD","SE"
164,4,206,"WD","SE"
369,1,206,"WD","SE"
420,1,206,"WD","SE"
142,1,206,"WD","SE"
438,4,206,"WD","SE"
367,2,206,"WD","SE"
67,9,206,"WD","SE"
141,1,206,"WD","SE"
414,1,206,"WD","SE"
545,2,206,"WD","SE"
338,3,206,"WD","SE"
410,2,206,"WD","SE"
141,1,207,"WD","SE"
361,3,207,"WD","SE"
131,1,207,"WD","SE"
463,1,207,"WD","SE"
398,1,207,"WD","SE"
1,3,207,"WD","SE"
504,35,207,"WD","SE"
32,9,207,"WD","SE"
20,6,207,"WD","SE"
173,1,207,"WD","SE"
439,2,207,"WD","SE"
466,1,207,"WD","SE"
357,1,207,"WD","SE"
138,3,207,"WD","SE"
551,1,207,"WD","SE"
459,2,207,"WD","SE"
57,9,207,"WD","SE"
222,1,207,"WD","SE"
132,1,207,"WD","SE"
11,30,207,"WD","SE"
352,2,207,"WD","SE"
365,1,207,"WD","SE"
519,4,207,"WD","SE"
458,1,207,"WD","SE"
40,6,207,"WD","SE"
465,1,207,"WD","SE"
534,3,207,"WD","SE"
123,2,207,"WD","SE"
166,1,207,"WD","SE"
276,4,207,"WD","SE"
186,1,208,"WD","SE"
295,4,208,"WD","SE"
187,1,208,"WD","SE"
433,2,208,"WD","SE"
193,1,208,"WD","SE"
7,24,208,"WD","SE"
503,22,208,"WD","SE"
386,1,208,"WD","SE"
14,16,208,"WD","SE"
439,2,208,"WD","SE"
118,1,208,"WD","SE"
416,1,208,"WD","SE"
215,1,208,"WD","SE"
158,2,208,"WD","SE"
390,4,208,"WD","SE"
540,3,208,"WD","SE"
67,9,208,"WD","SE"
250,1,208,"WD","SE"
504,35,208,"WD","SE"
170,1,208,"WD","SE"
91,8,208,"WD","SE"
469,5,208,"WD","SE"
196,2,208,"WD","SE"
437,1,208,"WD","SE"
41,1,208,"WD","SE"
428,1,208,"WD","SE"
361,3,208,"WD","SE"
420,1,208,"WD","SE"
460,1,208,"WD","SE"
142,1,208,"WD","SE"
140,1,209,"WD","SE"
398,1,209,"WD","SE"
437,1,209,"WD","SE"
28,22,209,"WD","SE"
138,3,209,"WD","SE"
209,1,209,"WD","SE"
467,4,209,"WD","SE"
357,1,209,"WD","SE"
232,3,209,"WD","SE"
80,10,209,"WD","SE"
517,3,209,"WD","SE"
341,2,209,"WD","SE"
390,4,209,"WD","SE"
401,1,209,"WD","SE"
203,1,209,"WD","SE"
304,1,209,"WD","SE"
183,2,209,"WD","SE"
372,2,209,"WD","SE"
7,24,209,"WD","SE"
40,6,209,"WD","SE"
424,1,209,"WD","SE"
326,1,209,"WD","SE"
4,9,209,"WD","SE"
389,2,209,"WD","SE"
317,2,209,"WD","SE"
51,3,209,"WD","SE"
82,3,209,"WD","SE"
344,1,209,"WD","SE"
458,1,209,"WD","SE"
170,1,209,"WD","SE"
308,1,210,"WD","SE"
424,1,210,"WD","SE"
158,2,210,"WD","SE"
183,2,210,"WD","SE"
363,1,210,"WD","SE"
524,1,210,"WD","SE"
74,1,210,"WD","SE"
547,1,210,"WD","SE"
105,1,210,"WD","SE"
205,2,210,"WD","SE"
398,1,210,"WD","SE"
365,1,210,"WD","SE"
303,2,210,"WD","SE"
467,4,210,"WD","SE"
4,9,210,"WD","SE"
228,1,210,"WD","SE"
368,1,210,"WD","SE"
196,2,210,"WD","SE"
414,1,210,"WD","SE"
141,1,210,"WD","SE"
313,1,210,"WD","SE"
52,2,210,"WD","SE"
50,4,210,"WD","SE"
184,1,210,"WD","SE"
13,4,210,"WD","SE"
517,3,210,"WD","SE"
389,2,210,"WD","SE"
380,3,210,"WD","SE"
350,1,210,"WD","SE"
138,3,210,"WD","SE"
349,1,211,"WD","SE"
57,9,211,"WD","SE"
415,1,211,"WD","SE"
295,4,211,"WD","SE"
486,3,211,"WD","SE"
308,1,211,"WD","SE"
425,3,211,"WD","SE"
7,24,211,"WD","SE"
141,1,211,"WD","SE"
427,1,211,"WD","SE"
548,1,211,"WD","SE"
61,37,211,"WD","SE"
198,1,211,"WD","SE"
524,1,211,"WD","SE"
28,22,211,"WD","SE"
472,1,211,"WD","SE"
419,1,211,"WD","SE"
534,3,211,"WD","SE"
546,1,211,"WD","SE"
348,2,211,"WD","SE"
517,3,211,"WD","SE"
411,1,211,"WD","SE"
513,4,211,"WD","SE"
92,1,211,"WD","SE"
374,2,211,"WD","SE"
58,2,211,"WD","SE"
244,2,211,"WD","SE"
390,4,211,"WD","SE"
420,1,211,"WD","SE"
496,26,211,"WD","SE"
386,1,212,"WD","SE"
158,2,212,"WD","SE"
457,1,212,"WD","SE"
348,2,212,"WD","SE"
186,1,212,"WD","SE"
57,9,212,"WD","SE"
203,1,212,"WD","SE"
404,1,212,"WD","SE"
53,1,212,"WD","SE"
467,4,212,"WD","SE"
184,1,212,"WD","SE"
190,1,212,"WD","SE"
370,1,212,"WD","SE"
209,1,212,"WD","SE"
12,9,212,"WD","SE"
123,2,212,"WD","SE"
37,1,212,"WD","SE"
346,1,212,"WD","SE"
286,1,212,"WD","SE"
398,1,212,"WD","SE"
166,1,212,"WD","SE"
433,2,212,"WD","SE"
459,2,212,"WD","SE"
551,1,212,"WD","SE"
389,2,212,"WD","SE"
138,3,212,"WD","SE"
425,3,212,"WD","SE"
447,3,212,"WD","SE"
52,2,212,"WD","SE"
545,2,212,"WD","SE"
255,1,213,"WD","SE"
504,35,213,"WD","SE"
86,2,213,"WD","SE"
67,9,213,"WD","SE"
196,2,213,"WD","SE"
232,3,213,"WD","SE"
525,5,213,"WD","SE"
426,2,213,"WD","SE"
546,1,213,"WD","SE"
186,1,213,"WD","SE"
187,1,213,"WD","SE"
375,1,213,"WD","SE"
198,1,213,"WD","SE"
51,3,213,"WD","SE"
286,1,213,"WD","SE"
264,1,213,"WD","SE"
4,9,213,"WD","SE"
244,2,213,"WD","SE"
223,1,213,"WD","SE"
503,22,213,"WD","SE"
301,1,213,"WD","SE"
142,1,213,"WD","SE"
61,37,213,"WD","SE"
389,2,213,"WD","SE"
203,1,213,"WD","SE"
304,1,213,"WD","SE"
326,1,213,"WD","SE"
173,1,213,"WD","SE"
445,10,213,"WD","SE"
502,18,213,"WD","SE"
502,18,214,"WD","SE"
193,1,214,"WD","SE"
43,1,214,"WD","SE"
45,7,214,"WD","SE"
461,1,214,"WD","SE"
369,1,214,"WD","SE"
48,4,214,"WD","SE"
458,1,214,"WD","SE"
414,1,214,"WD","SE"
425,3,214,"WD","SE"
317,2,214,"WD","SE"
222,1,214,"WD","SE"
503,22,214,"WD","SE"
482,3,214,"WD","SE"
457,1,214,"WD","SE"
276,4,214,"WD","SE"
438,4,214,"WD","SE"
501,24,214,"WD","SE"
318,2,214,"WD","SE"
551,1,214,"WD","SE"
313,1,214,"WD","SE"
247,1,214,"WD","SE"
215,1,214,"WD","SE"
467,4,214,"WD","SE"
14,16,214,"WD","SE"
346,1,214,"WD","SE"
361,3,214,"WD","SE"
378,1,214,"WD","SE"
32,9,214,"WD","SE"
285,1,214,"WD","SE"
186,1,215,"WD","SE"
367,2,215,"WD","SE"
465,1,215,"WD","SE"
499,28,215,"WD","SE"
401,1,215,"WD","SE"
301,1,215,"WD","SE"
344,1,215,"WD","SE"
370,1,215,"WD","SE"
455,2,215,"WD","SE"
91,8,215,"WD","SE"
354,1,215,"WD","SE"
248,1,215,"WD","SE"
92,1,215,"WD","SE"
49,1,215,"WD","SE"
463,1,215,"WD","SE"
118,1,215,"WD","SE"
278,1,215,"WD","SE"
276,4,215,"WD","SE"
93,3,215,"WD","SE"
482,3,215,"WD","SE"
6,4,215,"WD","SE"
460,1,215,"WD","SE"
184,1,215,"WD","SE"
502,18,215,"WD","SE"
438,4,215,"WD","SE"
416,1,215,"WD","SE"
425,3,215,"WD","SE"
546,1,215,"WD","SE"
352,2,215,"WD","SE"
203,1,215,"WD","SE"
422,3,216,"WD","SE"
503,22,216,"WD","SE"
12,9,216,"WD","SE"
457,1,216,"WD","SE"
173,1,216,"WD","SE"
467,4,216,"WD","SE"
16,6,216,"WD","SE"
438,4,216,"WD","SE"
386,1,216,"WD","SE"
86,2,216,"WD","SE"
486,3,216,"WD","SE"
38,5,216,"WD","SE"
417,1,216,"WD","SE"
7,24,216,"WD","SE"
445,10,216,"WD","SE"
5,9,216,"WD","SE"
411,1,216,"WD","SE"
519,4,216,"WD","SE"
380,3,216,"WD","SE"
74,1,216,"WD","SE"
143,1,216,"WD","SE"
425,3,216,"WD","SE"
523,4,216,"WD","SE"
32,9,216,"WD","SE"
501,24,216,"WD","SE"
385,1,216,"WD","SE"
318,2,216,"WD","SE"
547,1,216,"WD","SE"
93,3,216,"WD","SE"
398,1,216,"WD","SE"
467,4,217,"WD","SE"
205,2,217,"WD","SE"
421,5,217,"WD","SE"
33,12,217,"WD","SE"
186,1,217,"WD","SE"
228,1,217,"WD","SE"
370,1,217,"WD","SE"
417,1,217,"WD","SE"
232,3,217,"WD","SE"
317,2,217,"WD","SE"
368,1,217,"WD","SE"
196,2,217,"WD","SE"
170,1,217,"WD","SE"
376,2,217,"WD","SE"
439,2,217,"WD","SE"
286,1,217,"WD","SE"
466,1,217,"WD","SE"
51,3,217,"WD","SE"
13,4,217,"WD","SE"
426,2,217,"WD","SE"
548,1,217,"WD","SE"
1,3,217,"WD","SE"
445,10,217,"WD","SE"
419,1,217,"WD","SE"
37,1,217,"WD","SE"
203,1,217,"WD","SE"
304,1,217,"WD","SE"
44,35,217,"WD","SE"
498,27,217,"WD","SE"
32,9,217,"WD","SE"
38,5,218,"WD","SE"
455,2,218,"WD","SE"
397,1,218,"WD","SE"
540,3,218,"WD","SE"
4,9,218,"WD","SE"
534,3,218,"WD","SE"
249,2,218,"WD","SE"
131,1,218,"WD","SE"
237,1,218,"WD","SE"
503,22,218,"WD","SE"
214,1,218,"WD","SE"
500,25,218,"WD","SE"
458,1,218,"WD","SE"
303,2,218,"WD","SE"
439,2,218,"WD","SE"
344,1,218,"WD","SE"
378,1,218,"WD","SE"
498,27,218,"WD","SE"
524,1,218,"WD","SE"
459,2,218,"WD","SE"
410,2,218,"WD","SE"
215,1,218,"WD","SE"
29,2,218,"WD","SE"
105,1,218,"WD","SE"
369,1,218,"WD","SE"
123,2,218,"WD","SE"
118,1,218,"WD","SE"
164,4,218,"WD","SE"
92,1,218,"WD","SE"
36,6,218,"WD","SE"
466,1,219,"WD","SE"
548,1,219,"WD","SE"
202,1,219,"WD","SE"
215,1,219,"WD","SE"
105,1,219,"WD","SE"
439,2,219,"WD","SE"
344,1,219,"WD","SE"
426,2,219,"WD","SE"
1,3,219,"WD","SE"
338,3,219,"WD","SE"
502,18,219,"WD","SE"
103,1,219,"WD","SE"
404,1,219,"WD","SE"
445,10,219,"WD","SE"
416,1,219,"WD","SE"
248,1,219,"WD","SE"
447,3,219,"WD","SE"
173,1,219,"WD","SE"
415,1,219,"WD","SE"
354,1,219,"WD","SE"
64,23,219,"WD","SE"
17,5,219,"WD","SE"
250,1,219,"WD","SE"
51,3,219,"WD","SE"
472,1,219,"WD","SE"
546,1,219,"WD","SE"
376,2,219,"WD","SE"
205,2,219,"WD","SE"
545,2,219,"WD","SE"
438,4,219,"WD","SE"
483,3,220,"WD","SE"
398,1,220,"WD","SE"
501,24,220,"WD","SE"
513,4,220,"WD","SE"
551,1,220,"WD","SE"
158,2,220,"WD","SE"
496,26,220,"WD","SE"
308,1,220,"WD","SE"
41,1,220,"WD","SE"
59,5,220,"WD","SE"
11,30,220,"WD","SE"
346,1,220,"WD","SE"
37,1,220,"WD","SE"
13,4,220,"WD","SE"
285,1,220,"WD","SE"
61,37,220,"WD","SE"
26,41,220,"WD","SE"
381,2,220,"WD","SE"
29,2,220,"WD","SE"
138,3,220,"WD","SE"
354,1,220,"WD","SE"
519,4,220,"WD","SE"
209,1,220,"WD","SE"
12,9,220,"WD","SE"
244,2,220,"WD","SE"
6,4,220,"WD","SE"
508,23,220,"WD","SE"
187,1,220,"WD","SE"
32,9,220,"WD","SE"
58,2,220,"WD","SE"
72,8,221,"WD","SE"
144,1,221,"WD","SE"
249,2,221,"WD","SE"
375,1,221,"WD","SE"
186,1,221,"WD","SE"
385,1,221,"WD","SE"
90,3,221,"WD","SE"
203,1,221,"WD","SE"
427,1,221,"WD","SE"
9,1,221,"WD","SE"
471,2,221,"WD","SE"
301,1,221,"WD","SE"
358,15,221,"WD","SE"
372,2,221,"WD","SE"
377,2,221,"WD","SE"
193,1,221,"WD","SE"
285,1,221,"WD","SE"
341,2,221,"WD","SE"
499,28,221,"WD","SE"
455,2,221,"WD","SE"
303,2,221,"WD","SE"
524,1,221,"WD","SE"
247,1,221,"WD","SE"
5,9,221,"WD","SE"
374,2,221,"WD","SE"
4,9,221,"WD","SE"
166,1,221,"WD","SE"
37,1,221,"WD","SE"
16,6,221,"WD","SE"
417,1,221,"WD","SE"
20,6,222,"WD","SE"
445,10,222,"WD","SE"
483,3,222,"WD","SE"
91,8,222,"WD","SE"
372,2,222,"WD","SE"
503,22,222,"WD","SE"
500,25,222,"WD","SE"
473,1,222,"WD","SE"
322,1,222,"WD","SE"
354,1,222,"WD","SE"
422,3,222,"WD","SE"
215,1,222,"WD","SE"
466,1,222,"WD","SE"
190,1,222,"WD","SE"
502,18,222,"WD","SE"
463,1,222,"WD","SE"
381,2,222,"WD","SE"
318,2,222,"WD","SE"
467,4,222,"WD","SE"
38,5,222,"WD","SE"
365,1,222,"WD","SE"
11,30,222,"WD","SE"
170,1,222,"WD","SE"
17,5,222,"WD","SE"
458,1,222,"WD","SE"
427,1,222,"WD","SE"
131,1,222,"WD","SE"
255,1,222,"WD","SE"
222,1,222,"WD","SE"
5,9,222,"WD","SE"
338,3,223,"WD","SE"
40,6,223,"WD","SE"
424,1,223,"WD","SE"
202,1,223,"WD","SE"
486,3,223,"WD","SE"
510,18,223,"WD","SE"
123,2,223,"WD","SE"
179,7,223,"WD","SE"
64,23,223,"WD","SE"
41,1,223,"WD","SE"
67,9,223,"WD","SE"
397,1,223,"WD","SE"
377,2,223,"WD","SE"
438,4,223,"WD","SE"
507,11,223,"WD","SE"
285,1,223,"WD","SE"
544,3,223,"WD","SE"
374,2,223,"WD","SE"
322,1,223,"WD","SE"
205,2,223,"WD","SE"
57,9,223,"WD","SE"
78,9,223,"WD","SE"
279,1,223,"WD","SE"
303,2,223,"WD","SE"
128,1,223,"WD","SE"
422,3,223,"WD","SE"
7,24,223,"WD","SE"
523,4,223,"WD","SE"
52,2,223,"WD","SE"
38,5,223,"WD","SE"
222,1,224,"WD","SE"
394,1,224,"WD","SE"
390,4,224,"WD","SE"
50,4,224,"WD","SE"
368,1,224,"WD","SE"
370,1,224,"WD","SE"
352,2,224,"WD","SE"
349,1,224,"WD","SE"
473,1,224,"WD","SE"
131,1,224,"WD","SE"
483,3,224,"WD","SE"
365,1,224,"WD","SE"
40,6,224,"WD","SE"
304,1,224,"WD","SE"
468,1,224,"WD","SE"
58,2,224,"WD","SE"
463,1,224,"WD","SE"
32,9,224,"WD","SE"
435,2,224,"WD","SE"
348,2,224,"WD","SE"
437,1,224,"WD","SE"
38,5,224,"WD","SE"
544,3,224,"WD","SE"
173,1,224,"WD","SE"
276,4,224,"WD","SE"
449,1,224,"WD","SE"
386,1,224,"WD","SE"
516,3,224,"WD","SE"
198,1,224,"WD","SE"
92,1,224,"WD","SE"
72,8,225,"WD","SE"
383,1,225,"WD","SE"
514,3,225,"WD","SE"
356,1,225,"WD","SE"
447,3,225,"WD","SE"
103,1,225,"WD","SE"
504,35,225,"WD","SE"
28,22,225,"WD","SE"
20,6,225,"WD","SE"
372,2,225,"WD","SE"
498,27,225,"WD","SE"
517,3,225,"WD","SE"
23,7,225,"WD","SE"
250,1,225,"WD","SE"
295,4,225,"WD","SE"
64,23,225,"WD","SE"
123,2,225,"WD","SE"
459,2,225,"WD","SE"
458,1,225,"WD","SE"
249,2,225,"WD","SE"
411,1,225,"WD","SE"
548,1,225,"WD","SE"
358,15,225,"WD","SE"
496,26,225,"WD","SE"
40,6,225,"WD","SE"
49,1,225,"WD","SE"
510,18,225,"WD","SE"
86,2,225,"WD","SE"
184,1,225,"WD","SE"
375,1,225,"WD","SE"
141,1,226,"WD","SE"
546,1,226,"WD","SE"
33,12,226,"WD","SE"
11,30,226,"WD","SE"
468,1,226,"WD","SE"
414,1,226,"WD","SE"
367,2,226,"WD","SE"
237,1,226,"WD","SE"
502,18,226,"WD","SE"
131,1,226,"WD","SE"
16,6,226,"WD","SE"
209,1,226,"WD","SE"
308,1,226,"WD","SE"
164,4,226,"WD","SE"
545,2,226,"WD","SE"
132,1,226,"WD","SE"
383,1,226,"WD","SE"
447,3,226,"WD","SE"
276,4,226,"WD","SE"
410,2,226,"WD","SE"
524,1,226,"WD","SE"
459,2,226,"WD","SE"
445,10,226,"WD","SE"
252,1,226,"WD","SE"
438,4,226,"WD","SE"
377,2,226,"WD","SE"
415,1,226,"WD","SE"
350,1,226,"WD","SE"
500,25,226,"WD","SE"
190,1,226,"WD","SE"
463,1,227,"WD","SE"
50,4,227,"WD","SE"
64,23,227,"WD","SE"
61,37,227,"WD","SE"
435,2,227,"WD","SE"
457,1,227,"WD","SE"
394,1,227,"WD","SE"
352,2,227,"WD","SE"
132,1,227,"WD","SE"
40,6,227,"WD","SE"
455,2,227,"WD","SE"
16,6,227,"WD","SE"
249,2,227,"WD","SE"
546,1,227,"WD","SE"
12,9,227,"WD","SE"
131,1,227,"WD","SE"
43,1,227,"WD","SE"
48,4,227,"WD","SE"
53,1,227,"WD","SE"
377,2,227,"WD","SE"
496,26,227,"WD","SE"
514,3,227,"WD","SE"
29,2,227,"WD","SE"
390,4,227,"WD","SE"
501,24,227,"WD","SE"
140,1,227,"WD","SE"
58,2,227,"WD","SE"
250,1,227,"WD","SE"
57,9,227,"WD","SE"
534,3,227,"WD","SE"
435,2,228,"WD","SE"
7,24,228,"WD","SE"
132,1,228,"WD","SE"
276,4,228,"WD","SE"
166,1,228,"WD","SE"
514,3,228,"WD","SE"
358,15,228,"WD","SE"
544,3,228,"WD","SE"
524,1,228,"WD","SE"
510,18,228,"WD","SE"
547,1,228,"WD","SE"
164,4,228,"WD","SE"
523,4,228,"WD","SE"
500,25,228,"WD","SE"
343,6,228,"WD","SE"
84,1,228,"WD","SE"
383,1,228,"WD","SE"
203,1,228,"WD","SE"
123,2,228,"WD","SE"
183,2,228,"WD","SE"
441,2,228,"WD","SE"
19,8,228,"WD","SE"
445,10,228,"WD","SE"
394,1,228,"WD","SE"
77,18,228,"WD","SE"
48,4,228,"WD","SE"
370,1,228,"WD","SE"
468,1,228,"WD","SE"
361,3,228,"WD","SE"
390,4,228,"WD","SE"
426,2,229,"WD","SE"
411,1,229,"WD","SE"
1,3,229,"WD","SE"
513,4,229,"WD","SE"
469,5,229,"WD","SE"
118,1,229,"WD","SE"
285,1,229,"WD","SE"
103,1,229,"WD","SE"
401,1,229,"WD","SE"
545,2,229,"WD","SE"
374,2,229,"WD","SE"
514,3,229,"WD","SE"
354,1,229,"WD","SE"
202,1,229,"WD","SE"
465,1,229,"WD","SE"
534,3,229,"WD","SE"
78,9,229,"WD","SE"
259,3,229,"WD","SE"
58,2,229,"WD","SE"
247,1,229,"WD","SE"
547,1,229,"WD","SE"
441,2,229,"WD","SE"
41,1,229,"WD","SE"
458,1,229,"WD","SE"
45,7,229,"WD","SE"
37,1,229,"WD","SE"
74,1,229,"WD","SE"
20,6,229,"WD","SE"
187,1,229,"WD","SE"
286,1,229,"WD","SE"
425,3,230,"WD","SE"
410,2,230,"WD","SE"
40,6,230,"WD","SE"
295,4,230,"WD","SE"
346,1,230,"WD","SE"
517,3,230,"WD","SE"
421,5,230,"WD","SE"
47,10,230,"WD","SE"
501,24,230,"WD","SE"
7,24,230,"WD","SE"
308,1,230,"WD","SE"
126,2,230,"WD","SE"
37,1,230,"WD","SE"
28,22,230,"WD","SE"
250,1,230,"WD","SE"
93,3,230,"WD","SE"
140,1,230,"WD","SE"
350,1,230,"WD","SE"
545,2,230,"WD","SE"
266,1,230,"WD","SE"
144,1,230,"WD","SE"
50,4,230,"WD","SE"
209,1,230,"WD","SE"
38,5,230,"WD","SE"
524,1,230,"WD","SE"
551,1,230,"WD","SE"
428,1,230,"WD","SE"
313,1,230,"WD","SE"
504,35,230,"WD","SE"
544,3,230,"WD","SE"
322,1,231,"WD","SE"
249,2,231,"WD","SE"
16,6,231,"WD","SE"
546,1,231,"WD","SE"
170,1,231,"WD","SE"
507,11,231,"WD","SE"
123,2,231,"WD","SE"
232,3,231,"WD","SE"
457,1,231,"WD","SE"
517,3,231,"WD","SE"
74,1,231,"WD","SE"
237,1,231,"WD","SE"
435,2,231,"WD","SE"
374,2,231,"WD","SE"
343,6,231,"WD","SE"
401,1,231,"WD","SE"
76,6,231,"WD","SE"
424,1,231,"WD","SE"
187,1,231,"WD","SE"
318,2,231,"WD","SE"
252,1,231,"WD","SE"
386,1,231,"WD","SE"
166,1,231,"WD","SE"
346,1,231,"WD","SE"
419,1,231,"WD","SE"
80,10,231,"WD","SE"
247,1,231,"WD","SE"
45,7,231,"WD","SE"
501,24,231,"WD","SE"
411,1,231,"WD","SE"
375,1,232,"WD","SE"
20,6,232,"WD","SE"
123,2,232,"WD","SE"
507,11,232,"WD","SE"
441,2,232,"WD","SE"
132,1,232,"WD","SE"
143,1,232,"WD","SE"
338,3,232,"WD","SE"
486,3,232,"WD","SE"
295,4,232,"WD","SE"
410,2,232,"WD","SE"
4,9,232,"WD","SE"
279,1,232,"WD","SE"
546,1,232,"WD","SE"
266,1,232,"WD","SE"
420,1,232,"WD","SE"
525,5,232,"WD","SE"
51,3,232,"WD","SE"
397,1,232,"WD","SE"
419,1,232,"WD","SE"
138,3,232,"WD","SE"
463,1,232,"WD","SE"
286,1,232,"WD","SE"
430,4,232,"WD","SE"
158,2,232,"WD","SE"
50,4,232,"WD","SE"
435,2,232,"WD","SE"
367,2,232,"WD","SE"
501,24,232,"WD","SE"
61,37,232,"WD","SE"
370,1,233,"WD","SE"
48,4,233,"WD","SE"
47,10,233,"WD","SE"
499,28,233,"WD","SE"
59,5,233,"WD","SE"
158,2,233,"WD","SE"
255,1,233,"WD","SE"
61,37,233,"WD","SE"
13,4,233,"WD","SE"
439,2,233,"WD","SE"
232,3,233,"WD","SE"
430,4,233,"WD","SE"
510,18,233,"WD","SE"
179,7,233,"WD","SE"
390,4,233,"WD","SE"
372,2,233,"WD","SE"
415,1,233,"WD","SE"
308,1,233,"WD","SE"
486,3,233,"WD","SE"
44,35,233,"WD","SE"
428,1,233,"WD","SE"
259,3,233,"WD","SE"
365,1,233,"WD","SE"
264,1,233,"WD","SE"
252,1,233,"WD","SE"
209,1,233,"WD","SE"
40,6,233,"WD","SE"
352,2,233,"WD","SE"
424,1,233,"WD","SE"
222,1,233,"WD","SE"
341,2,234,"WD","SE"
51,3,234,"WD","SE"
401,1,234,"WD","SE"
508,23,234,"WD","SE"
132,1,234,"WD","SE"
398,1,234,"WD","SE"
48,4,234,"WD","SE"
441,2,234,"WD","SE"
458,1,234,"WD","SE"
57,9,234,"WD","SE"
386,1,234,"WD","SE"
14,16,234,"WD","SE"
32,9,234,"WD","SE"
144,1,234,"WD","SE"
510,18,234,"WD","SE"
419,1,234,"WD","SE"
250,1,234,"WD","SE"
80,10,234,"WD","SE"
118,1,234,"WD","SE"
449,1,234,"WD","SE"
365,1,234,"WD","SE"
496,26,234,"WD","SE"
7,24,234,"WD","SE"
546,1,234,"WD","SE"
49,1,234,"WD","SE"
279,1,234,"WD","SE"
26,41,234,"WD","SE"
91,8,234,"WD","SE"
1,3,234,"WD","SE"
143,1,234,"WD","SE"
365,1,235,"WD","SE"
447,3,235,"WD","SE"
372,2,235,"WD","SE"
368,1,235,"WD","SE"
507,11,235,"WD","SE"
439,2,235,"WD","SE"
51,3,235,"WD","SE"
67,9,235,"WD","SE"
483,3,235,"WD","SE"
545,2,235,"WD","SE"
427,1,235,"WD","SE"
126,2,235,"WD","SE"
548,1,235,"WD","SE"
71,1,235,"WD","SE"
401,1,235,"WD","SE"
214,1,235,"WD","SE"
82,3,235,"WD","SE"
414,1,235,"WD","SE"
37,1,235,"WD","SE"
367,2,235,"WD","SE"
209,1,235,"WD","SE"
264,1,235,"WD","SE"
19,8,235,"WD","SE"
369,1,235,"WD","SE"
438,4,235,"WD","SE"
326,1,235,"WD","SE"
415,1,235,"WD","SE"
424,1,235,"WD","SE"
279,1,235,"WD","SE"
118,1,235,"WD","SE"
350,1,236,"WD","SE"
17,5,236,"WD","SE"
385,1,236,"WD","SE"
349,1,236,"WD","SE"
369,1,236,"WD","SE"
375,1,236,"WD","SE"
48,4,236,"WD","SE"
86,2,236,"WD","SE"
37,1,236,"WD","SE"
72,8,236,"WD","SE"
433,2,236,"WD","SE"
459,2,236,"WD","SE"
344,1,236,"WD","SE"
126,2,236,"WD","SE"
295,4,236,"WD","SE"
247,1,236,"WD","SE"
498,27,236,"WD","SE"
465,1,236,"WD","SE"
4,9,236,"WD","SE"
51,3,236,"WD","SE"
547,1,236,"WD","SE"
36,6,236,"WD","SE"
510,18,236,"WD","SE"
372,2,236,"WD","SE"
424,1,236,"WD","SE"
78,9,236,"WD","SE"
370,1,236,"WD","SE"
361,3,236,"WD","SE"
23,7,236,"WD","SE"
500,25,236,"WD","SE"
546,1,237,"WD","SE"
426,2,237,"WD","SE"
338,3,237,"WD","SE"
420,1,237,"WD","SE"
252,1,237,"WD","SE"
401,1,237,"WD","SE"
215,1,237,"WD","SE"
74,1,237,"WD","SE"
428,1,237,"WD","SE"
455,2,237,"WD","SE"
513,4,237,"WD","SE"
547,1,237,"WD","SE"
369,1,237,"WD","SE"
282,1,237,"WD","SE"
278,1,237,"WD","SE"
9,1,237,"WD","SE"
264,1,237,"WD","SE"
143,1,237,"WD","SE"
93,3,237,"WD","SE"
361,3,237,"WD","SE"
126,2,237,"WD","SE"
187,1,237,"WD","SE"
232,3,237,"WD","SE"
437,1,237,"WD","SE"
470,5,237,"WD","SE"
372,2,237,"WD","SE"
37,1,237,"WD","SE"
209,1,237,"WD","SE"
228,1,237,"WD","SE"
41,1,237,"WD","SE"
404,1,238,"WD","SE"
140,1,238,"WD","SE"
385,1,238,"WD","SE"
302,1,238,"WD","SE"
524,1,238,"WD","SE"
422,3,238,"WD","SE"
455,2,238,"WD","SE"
421,5,238,"WD","SE"
394,1,238,"WD","SE"
19,8,238,"WD","SE"
326,1,238,"WD","SE"
459,2,238,"WD","SE"
132,1,238,"WD","SE"
103,1,238,"WD","SE"
48,4,238,"WD","SE"
473,1,238,"WD","SE"
500,25,238,"WD","SE"
482,3,238,"WD","SE"
354,1,238,"WD","SE"
38,5,238,"WD","SE"
4,9,238,"WD","SE"
32,9,238,"WD","SE"
187,1,238,"WD","SE"
363,1,238,"WD","SE"
350,1,238,"WD","SE"
420,1,238,"WD","SE"
144,1,238,"WD","SE"
438,4,238,"WD","SE"
375,1,238,"WD","SE"
414,1,238,"WD","SE"
424,1,239,"WD","SE"
132,1,239,"WD","SE"
499,28,239,"WD","SE"
357,1,239,"WD","SE"
439,2,239,"WD","SE"
19,8,239,"WD","SE"
40,6,239,"WD","SE"
517,3,239,"WD","SE"
128,1,239,"WD","SE"
86,2,239,"WD","SE"
467,4,239,"WD","SE"
71,1,239,"WD","SE"
32,9,239,"WD","SE"
6,4,239,"WD","SE"
469,5,239,"WD","SE"
143,1,239,"WD","SE"
302,1,239,"WD","SE"
77,18,239,"WD","SE"
158,2,239,"WD","SE"
126,2,239,"WD","SE"
350,1,239,"WD","SE"
500,25,239,"WD","SE"
67,9,239,"WD","SE"
348,2,239,"WD","SE"
48,4,239,"WD","SE"
304,1,239,"WD","SE"
459,2,239,"WD","SE"
519,4,239,"WD","SE"
285,1,239,"WD","SE"
198,1,239,"WD","SE"
422,3,240,"WD","SE"
354,1,240,"WD","SE"
45,7,240,"WD","SE"
348,2,240,"WD","SE"
428,1,240,"WD","SE"
467,4,240,"WD","SE"
92,1,240,"WD","SE"
7,24,240,"WD","SE"
455,2,240,"WD","SE"
303,2,240,"WD","SE"
50,4,240,"WD","SE"
179,7,240,"WD","SE"
401,1,240,"WD","SE"
278,1,240,"WD","SE"
463,1,240,"WD","SE"
196,2,240,"WD","SE"
482,3,240,"WD","SE"
173,1,240,"WD","SE"
377,2,240,"WD","SE"
486,3,240,"WD","SE"
237,1,240,"WD","SE"
202,1,240,"WD","SE"
205,2,240,"WD","SE"
350,1,240,"WD","SE"
223,1,240,"WD","SE"
398,1,240,"WD","SE"
249,2,240,"WD","SE"
80,10,240,"WD","SE"
471,2,240,"WD","SE"
286,1,240,"WD","SE"
401,1,241,"WD","SE"
361,3,241,"WD","SE"
380,3,241,"WD","SE"
19,8,241,"WD","SE"
103,1,241,"WD","SE"
411,1,241,"WD","SE"
279,1,241,"WD","SE"
523,4,241,"WD","SE"
447,3,241,"WD","SE"
105,1,241,"WD","SE"
540,3,241,"WD","SE"
17,5,241,"WD","SE"
14,16,241,"WD","SE"
471,2,241,"WD","SE"
458,1,241,"WD","SE"
317,2,241,"WD","SE"
417,1,241,"WD","SE"
38,5,241,"WD","SE"
45,7,241,"WD","SE"
483,3,241,"WD","SE"
503,22,241,"WD","SE"
232,3,241,"WD","SE"
308,1,241,"WD","SE"
9,1,241,"WD","SE"
237,1,241,"WD","SE"
544,3,241,"WD","SE"
470,5,241,"WD","SE"
463,1,241,"WD","SE"
398,1,241,"WD","SE"
424,1,241,"WD","SE"
417,1,242,"WD","SE"
255,1,242,"WD","SE"
286,1,242,"WD","SE"
43,1,242,"WD","SE"
266,1,242,"WD","SE"
76,6,242,"WD","SE"
183,2,242,"WD","SE"
372,2,242,"WD","SE"
52,2,242,"WD","SE"
77,18,242,"WD","SE"
433,2,242,"WD","SE"
501,24,242,"WD","SE"
426,2,242,"WD","SE"
308,1,242,"WD","SE"
398,1,242,"WD","SE"
190,1,242,"WD","SE"
302,1,242,"WD","SE"
390,4,242,"WD","SE"
357,1,242,"WD","SE"
118,1,242,"WD","SE"
472,1,242,"WD","SE"
4,9,242,"WD","SE"
232,3,242,"WD","SE"
344,1,242,"WD","SE"
350,1,242,"WD","SE"
437,1,242,"WD","SE"
375,1,242,"WD","SE"
237,1,242,"WD","SE"
389,2,242,"WD","SE"
249,2,242,"WD","SE"
381,2,243,"WD","SE"
86,2,243,"WD","SE"
519,4,243,"WD","SE"
363,1,243,"WD","SE"
58,2,243,"WD","SE"
404,1,243,"WD","SE"
38,5,243,"WD","SE"
16,6,243,"WD","SE"
141,1,243,"WD","SE"
460,1,243,"WD","SE"
369,1,243,"WD","SE"
37,1,243,"WD","SE"
534,3,243,"WD","SE"
419,1,243,"WD","SE"
383,1,243,"WD","SE"
166,1,243,"WD","SE"
198,1,243,"WD","SE"
105,1,243,"WD","SE"
64,23,243,"WD","SE"
338,3,243,"WD","SE"
357,1,243,"WD","SE"
285,1,243,"WD","SE"
44,35,243,"WD","SE"
131,1,243,"WD","SE"
193,1,243,"WD","SE"
411,1,243,"WD","SE"
183,2,243,"WD","SE"
503,22,243,"WD","SE"
465,1,243,"WD","SE"
48,4,243,"WD","SE"
295,4,244,"WD","SE"
43,1,244,"WD","SE"
93,3,244,"WD","SE"
422,3,244,"WD","SE"
352,2,244,"WD","SE"
132,1,244,"WD","SE"
1,3,244,"WD","SE"
13,4,244,"WD","SE"
513,4,244,"WD","SE"
363,1,244,"WD","SE"
471,2,244,"WD","SE"
417,1,244,"WD","SE"
503,22,244,"WD","SE"
419,1,244,"WD","SE"
322,1,244,"WD","SE"
131,1,244,"WD","SE"
445,10,244,"WD","SE"
430,4,244,"WD","SE"
383,1,244,"WD","SE"
318,2,244,"WD","SE"
404,1,244,"WD","SE"
460,1,244,"WD","SE"
255,1,244,"WD","SE"
447,3,244,"WD","SE"
389,2,244,"WD","SE"
228,1,244,"WD","SE"
158,2,244,"WD","SE"
410,2,244,"WD","SE"
440,1,244,"WD","SE"
29,2,244,"WD","SE"
346,1,245,"WD","SE"
202,1,245,"WD","SE"
357,1,245,"WD","SE"
32,9,245,"WD","SE"
59,5,245,"WD","SE"
20,6,245,"WD","SE"
205,2,245,"WD","SE"
276,4,245,"WD","SE"
64,23,245,"WD","SE"
390,4,245,"WD","SE"
187,1,245,"WD","SE"
118,1,245,"WD","SE"
61,37,245,"WD","SE"
23,7,245,"WD","SE"
186,1,245,"WD","SE"
19,8,245,"WD","SE"
37,1,245,"WD","SE"
397,1,245,"WD","SE"
237,1,245,"WD","SE"
343,6,245,"WD","SE"
422,3,245,"WD","SE"
255,1,245,"WD","SE"
131,1,245,"WD","SE"
190,1,245,"WD","SE"
363,1,245,"WD","SE"
16,6,245,"WD","SE"
461,1,245,"WD","SE"
244,2,245,"WD","SE"
469,5,245,"WD","SE"
93,3,245,"WD","SE"
78,9,246,"WD","SE"
523,4,246,"WD","SE"
499,28,246,"WD","SE"
47,10,246,"WD","SE"
507,11,246,"WD","SE"
455,2,246,"WD","SE"
460,1,246,"WD","SE"
193,1,246,"WD","SE"
49,1,246,"WD","SE"
458,1,246,"WD","SE"
437,1,246,"WD","SE"
350,1,246,"WD","SE"
105,1,246,"WD","SE"
441,2,246,"WD","SE"
51,3,246,"WD","SE"
367,2,246,"WD","SE"
52,2,246,"WD","SE"
43,1,246,"WD","SE"
304,1,246,"WD","SE"
141,1,246,"WD","SE"
38,5,246,"WD","SE"
11,30,246,"WD","SE"
426,2,246,"WD","SE"
514,3,246,"WD","SE"
468,1,246,"WD","SE"
126,2,246,"WD","SE"
326,1,246,"WD","SE"
19,8,246,"WD","SE"
14,16,246,"WD","SE"
416,1,246,"WD","SE"
377,2,247,"WD","SE"
424,1,247,"WD","SE"
32,9,247,"WD","SE"
394,1,247,"WD","SE"
282,1,247,"WD","SE"
308,1,247,"WD","SE"
72,8,247,"WD","SE"
103,1,247,"WD","SE"
352,2,247,"WD","SE"
501,24,247,"WD","SE"
304,1,247,"WD","SE"
164,4,247,"WD","SE"
7,24,247,"WD","SE"
510,18,247,"WD","SE"
338,3,247,"WD","SE"
460,1,247,"WD","SE"
430,4,247,"WD","SE"
203,1,247,"WD","SE"
365,1,247,"WD","SE"
378,1,247,"WD","SE"
187,1,247,"WD","SE"
301,1,247,"WD","SE"
214,1,247,"WD","SE"
317,2,247,"WD","SE"
295,4,247,"WD","SE"
356,1,247,"WD","SE"
486,3,247,"WD","SE"
223,1,247,"WD","SE"
19,8,247,"WD","SE"
344,1,247,"WD","SE"
126,2,248,"WD","SE"
164,4,248,"WD","SE"
279,1,248,"WD","SE"
458,1,248,"WD","SE"
519,4,248,"WD","SE"
12,9,248,"WD","SE"
91,8,248,"WD","SE"
11,30,248,"WD","SE"
322,1,248,"WD","SE"
378,1,248,"WD","SE"
205,2,248,"WD","SE"
502,18,248,"WD","SE"
524,1,248,"WD","SE"
513,4,248,"WD","SE"
202,1,248,"WD","SE"
285,1,248,"WD","SE"
348,2,248,"WD","SE"
401,1,248,"WD","SE"
23,7,248,"WD","SE"
144,1,248,"WD","SE"
183,2,248,"WD","SE"
80,10,248,"WD","SE"
516,3,248,"WD","SE"
508,23,248,"WD","SE"
78,9,248,"WD","SE"
302,1,248,"WD","SE"
349,1,248,"WD","SE"
90,3,248,"WD","SE"
427,1,248,"WD","SE"
304,1,248,"WD","SE"
367,2,249,"WD","SE"
276,4,249,"WD","SE"
118,1,249,"WD","SE"
5,9,249,"WD","SE"
346,1,249,"WD","SE"
385,1,249,"WD","SE"
295,4,249,"WD","SE"
264,1,249,"WD","SE"
45,7,249,"WD","SE"
51,3,249,"WD","SE"
501,24,249,"WD","SE"
303,2,249,"WD","SE"
389,2,249,"WD","SE"
358,15,249,"WD","SE"
411,1,249,"WD","SE"
361,3,249,"WD","SE"
140,1,249,"WD","SE"
103,1,249,"WD","SE"
419,1,249,"WD","SE"
394,1,249,"WD","SE"
507,11,249,"WD","SE"
244,2,249,"WD","SE"
447,3,249,"WD","SE"
547,1,249,"WD","SE"
12,9,249,"WD","SE"
158,2,249,"WD","SE"
209,1,249,"WD","SE"
187,1,249,"WD","SE"
286,1,249,"WD","SE"
170,1,249,"WD","SE"
170,1,250,"WD","SE"
394,1,250,"WD","SE"
9,1,250,"WD","SE"
26,41,250,"WD","SE"
244,2,250,"WD","SE"
363,1,250,"WD","SE"
40,6,250,"WD","SE"
64,23,250,"WD","SE"
424,1,250,"WD","SE"
322,1,250,"WD","SE"
303,2,250,"WD","SE"
397,1,250,"WD","SE"
52,2,250,"WD","SE"
50,4,250,"WD","SE"
279,1,250,"WD","SE"
14,16,250,"WD","SE"
118,1,250,"WD","SE"
344,1,250,"WD","SE"
1,3,250,"WD","SE"
186,1,250,"WD","SE"
41,1,250,"WD","SE"
32,9,250,"WD","SE"
128,1,250,"WD","SE"
295,4,250,"WD","SE"
439,2,250,"WD","SE"
465,1,250,"WD","SE"
370,1,250,"WD","SE"
411,1,250,"WD","SE"
237,1,250,"WD","SE"
534,3,250,"WD","SE"
7,24,251,"WD","SE"
390,4,251,"WD","SE"
198,1,251,"WD","SE"
463,1,251,"WD","SE"
223,1,251,"WD","SE"
416,1,251,"WD","SE"
158,2,251,"WD","SE"
378,1,251,"WD","SE"
37,1,251,"WD","SE"
93,3,251,"WD","SE"
510,18,251,"WD","SE"
401,1,251,"WD","SE"
276,4,251,"WD","SE"
77,18,251,"WD","SE"
279,1,251,"WD","SE"
23,7,251,"WD","SE"
247,1,251,"WD","SE"
546,1,251,"WD","SE"
365,1,251,"WD","SE"
228,1,251,"WD","SE"
437,1,251,"WD","SE"
457,1,251,"WD","SE"
318,2,251,"WD","SE"
304,1,251,"WD","SE"
465,1,251,"WD","SE"
123,2,251,"WD","SE"
363,1,251,"WD","SE"
486,3,251,"WD","SE"
142,1,251,"WD","SE"
368,1,251,"WD","SE"
126,2,252,"WD","SE"
370,1,252,"WD","SE"
237,1,252,"WD","SE"
29,2,252,"WD","SE"
64,23,252,"WD","SE"
47,10,252,"WD","SE"
343,6,252,"WD","SE"
17,5,252,"WD","SE"
483,3,252,"WD","SE"
428,1,252,"WD","SE"
19,8,252,"WD","SE"
358,15,252,"WD","SE"
26,41,252,"WD","SE"
410,2,252,"WD","SE"
426,2,252,"WD","SE"
44,35,252,"WD","SE"
467,4,252,"WD","SE"
459,2,252,"WD","SE"
205,2,252,"WD","SE"
445,10,252,"WD","SE"
6,4,252,"WD","SE"
317,2,252,"WD","SE"
415,1,252,"WD","SE"
503,22,252,"WD","SE"
33,12,252,"WD","SE"
276,4,252,"WD","SE"
196,2,252,"WD","SE"
14,16,252,"WD","SE"
184,1,252,"WD","SE"
508,23,252,"WD","SE"
516,3,253,"WD","SE"
352,2,253,"WD","SE"
84,1,253,"WD","SE"
43,1,253,"WD","SE"
404,1,253,"WD","SE"
519,4,253,"WD","SE"
33,12,253,"WD","SE"
26,41,253,"WD","SE"
348,2,253,"WD","SE"
80,10,253,"WD","SE"
37,1,253,"WD","SE"
468,1,253,"WD","SE"
546,1,253,"WD","SE"
459,2,253,"WD","SE"
140,1,253,"WD","SE"
419,1,253,"WD","SE"
317,2,253,"WD","SE"
545,2,253,"WD","SE"
499,28,253,"WD","SE"
381,2,253,"WD","SE"
45,7,253,"WD","SE"
417,1,253,"WD","SE"
318,2,253,"WD","SE"
301,1,253,"WD","SE"
223,1,253,"WD","SE"
244,2,253,"WD","SE"
36,6,253,"WD","SE"
132,1,253,"WD","SE"
513,4,253,"WD","SE"
458,1,253,"WD","SE"
483,3,254,"WD","SE"
548,1,254,"WD","SE"
278,1,254,"WD","SE"
164,4,254,"WD","SE"
428,1,254,"WD","SE"
363,1,254,"WD","SE"
123,2,254,"WD","SE"
471,2,254,"WD","SE"
259,3,254,"WD","SE"
459,2,254,"WD","SE"
438,4,254,"WD","SE"
380,3,254,"WD","SE"
370,1,254,"WD","SE"
461,1,254,"WD","SE"
503,22,254,"WD","SE"
128,1,254,"WD","SE"
190,1,254,"WD","SE"
11,30,254,"WD","SE"
449,1,254,"WD","SE"
17,5,254,"WD","SE"
322,1,254,"WD","SE"
52,2,254,"WD","SE"
437,1,254,"WD","SE"
502,18,254,"WD","SE"
349,1,254,"WD","SE"
132,1,254,"WD","SE"
372,2,254,"WD","SE"
430,4,254,"WD","SE"
504,35,254,"WD","SE"
37,1,254,"WD","SE"
43,1,255,"WD","SE"
519,4,255,"WD","SE"
496,26,255,"WD","SE"
193,1,255,"WD","SE"
44,35,255,"WD","SE"
367,2,255,"WD","SE"
23,7,255,"WD","SE"
77,18,255,"WD","SE"
103,1,255,"WD","SE"
438,4,255,"WD","SE"
428,1,255,"WD","SE"
249,2,255,"WD","SE"
282,1,255,"WD","SE"
510,18,255,"WD","SE"
343,6,255,"WD","SE"
48,4,255,"WD","SE"
372,2,255,"WD","SE"
398,1,255,"WD","SE"
279,1,255,"WD","SE"
215,1,255,"WD","SE"
123,2,255,"WD","SE"
196,2,255,"WD","SE"
534,3,255,"WD","SE"
389,2,255,"WD","SE"
6,4,255,"WD","SE"
53,1,255,"WD","SE"
433,2,255,"WD","SE"
49,1,255,"WD","SE"
1,3,255,"WD","SE"
466,1,255,"WD","SE"
457,1,256,"WD","SE"
41,1,256,"WD","SE"
427,1,256,"WD","SE"
445,10,256,"WD","SE"
354,1,256,"WD","SE"
377,2,256,"WD","SE"
80,10,256,"WD","SE"
514,3,256,"WD","SE"
525,5,256,"WD","SE"
496,26,256,"WD","SE"
138,3,256,"WD","SE"
380,3,256,"WD","SE"
183,2,256,"WD","SE"
198,1,256,"WD","SE"
375,1,256,"WD","SE"
460,1,256,"WD","SE"
438,4,256,"WD","SE"
209,1,256,"WD","SE"
500,25,256,"WD","SE"
357,1,256,"WD","SE"
416,1,256,"WD","SE"
33,12,256,"WD","SE"
304,1,256,"WD","SE"
285,1,256,"WD","SE"
17,5,256,"WD","SE"
461,1,256,"WD","SE"
433,2,256,"WD","SE"
502,18,256,"WD","SE"
466,1,256,"WD","SE"
173,1,256,"WD","SE"
36,6,257,"WD","SE"
132,1,257,"WD","SE"
82,3,257,"WD","SE"
445,10,257,"WD","SE"
372,2,257,"WD","SE"
61,37,257,"WD","SE"
389,2,257,"WD","SE"
344,1,257,"WD","SE"
6,4,257,"WD","SE"
144,1,257,"WD","SE"
313,1,257,"WD","SE"
302,1,257,"WD","SE"
424,1,257,"WD","SE"
205,2,257,"WD","SE"
264,1,257,"WD","SE"
458,1,257,"WD","SE"
278,1,257,"WD","SE"
318,2,257,"WD","SE"
349,1,257,"WD","SE"
282,1,257,"WD","SE"
91,8,257,"WD","SE"
551,1,257,"WD","SE"
186,1,257,"WD","SE"
237,1,257,"WD","SE"
29,2,257,"WD","SE"
548,1,257,"WD","SE"
232,3,257,"WD","SE"
501,24,257,"WD","SE"
49,1,257,"WD","SE"
398,1,257,"WD","SE"
4,9,258,"WD","SE"
322,1,258,"WD","SE"
76,6,258,"WD","SE"
380,3,258,"WD","SE"
187,1,258,"WD","SE"
301,1,258,"WD","SE"
471,2,258,"WD","SE"
248,1,258,"WD","SE"
445,10,258,"WD","SE"
368,1,258,"WD","SE"
519,4,258,"WD","SE"
128,1,258,"WD","SE"
38,5,258,"WD","SE"
259,3,258,"WD","SE"
205,2,258,"WD","SE"
428,1,258,"WD","SE"
437,1,258,"WD","SE"
469,5,258,"WD","SE"
466,1,258,"WD","SE"
6,4,258,"WD","SE"
440,1,258,"WD","SE"
461,1,258,"WD","SE"
184,1,258,"WD","SE"
357,1,258,"WD","SE"
381,2,258,"WD","SE"
80,10,258,"WD","SE"
348,2,258,"WD","SE"
93,3,258,"WD","SE"
252,1,258,"WD","SE"
385,1,258,"WD","SE"
369,1,259,"WD","SE"
19,8,259,"WD","SE"
9,1,259,"WD","SE"
77,18,259,"WD","SE"
322,1,259,"WD","SE"
420,1,259,"WD","SE"
103,1,259,"WD","SE"
415,1,259,"WD","SE"
401,1,259,"WD","SE"
209,1,259,"WD","SE"
128,1,259,"WD","SE"
445,10,259,"WD","SE"
17,5,259,"WD","SE"
59,5,259,"WD","SE"
12,9,259,"WD","SE"
524,1,259,"WD","SE"
461,1,259,"WD","SE"
425,3,259,"WD","SE"
503,22,259,"WD","SE"
378,1,259,"WD","SE"
7,24,259,"WD","SE"
203,1,259,"WD","SE"
28,22,259,"WD","SE"
356,1,259,"WD","SE"
43,1,259,"WD","SE"
48,4,259,"WD","SE"
237,1,259,"WD","SE"
386,1,259,"WD","SE"
468,1,259,"WD","SE"
126,2,259,"WD","SE"
183,2,260,"WD","SE"
19,8,260,"WD","SE"
447,3,260,"WD","SE"
23,7,260,"WD","SE"
138,3,260,"WD","SE"
67,9,260,"WD","SE"
20,6,260,"WD","SE"
438,4,260,"WD","SE"
501,24,260,"WD","SE"
435,2,260,"WD","SE"
349,1,260,"WD","SE"
386,1,260,"WD","SE"
427,1,260,"WD","SE"
16,6,260,"WD","SE"
513,4,260,"WD","SE"
128,1,260,"WD","SE"
369,1,260,"WD","SE"
394,1,260,"WD","SE"
459,2,260,"WD","SE"
482,3,260,"WD","SE"
463,1,260,"WD","SE"
390,4,260,"WD","SE"
223,1,260,"WD","SE"
248,1,260,"WD","SE"
6,4,260,"WD","SE"
158,2,260,"WD","SE"
232,3,260,"WD","SE"
352,2,260,"WD","SE"
525,5,260,"WD","SE"
389,2,260,"WD","SE"
12,9,261,"WD","SE"
255,1,261,"WD","SE"
11,30,261,"WD","SE"
356,1,261,"WD","SE"
551,1,261,"WD","SE"
5,9,261,"WD","SE"
439,2,261,"WD","SE"
286,1,261,"WD","SE"
170,1,261,"WD","SE"
64,23,261,"WD","SE"
193,1,261,"WD","SE"
123,2,261,"WD","SE"
470,5,261,"WD","SE"
248,1,261,"WD","SE"
282,1,261,"WD","SE"
524,1,261,"WD","SE"
45,7,261,"WD","SE"
61,37,261,"WD","SE"
458,1,261,"WD","SE"
259,3,261,"WD","SE"
7,24,261,"WD","SE"
250,1,261,"WD","SE"
279,1,261,"WD","SE"
276,4,261,"WD","SE"
278,1,261,"WD","SE"
166,1,261,"WD","SE"
9,1,261,"WD","SE"
90,3,261,"WD","SE"
427,1,261,"WD","SE"
183,2,261,"WD","SE"
523,4,262,"WD","SE"
279,1,262,"WD","SE"
36,6,262,"WD","SE"
71,1,262,"WD","SE"
471,2,262,"WD","SE"
215,1,262,"WD","SE"
64,23,262,"WD","SE"
214,1,262,"WD","SE"
203,1,262,"WD","SE"
252,1,262,"WD","SE"
503,22,262,"WD","SE"
244,2,262,"WD","SE"
301,1,262,"WD","SE"
411,1,262,"WD","SE"
470,5,262,"WD","SE"
52,2,262,"WD","SE"
92,1,262,"WD","SE"
483,3,262,"WD","SE"
45,7,262,"WD","SE"
516,3,262,"WD","SE"
166,1,262,"WD","SE"
519,4,262,"WD","SE"
38,5,262,"WD","SE"
6,4,262,"WD","SE"
551,1,262,"WD","SE"
72,8,262,"WD","SE"
74,1,262,"WD","SE"
445,10,262,"WD","SE"
57,9,262,"WD","SE"
404,1,262,"WD","SE"
255,1,263,"WD","SE"
414,1,263,"WD","SE"
186,1,263,"WD","SE"
472,1,263,"WD","SE"
508,23,263,"WD","SE"
380,3,263,"WD","SE"
33,12,263,"WD","SE"
26,41,263,"WD","SE"
4,9,263,"WD","SE"
84,1,263,"WD","SE"
390,4,263,"WD","SE"
482,3,263,"WD","SE"
43,1,263,"WD","SE"
458,1,263,"WD","SE"
346,1,263,"WD","SE"
367,2,263,"WD","SE"
356,1,263,"WD","SE"
548,1,263,"WD","SE"
232,3,263,"WD","SE"
504,35,263,"WD","SE"
173,1,263,"WD","SE"
123,2,263,"WD","SE"
48,4,263,"WD","SE"
394,1,263,"WD","SE"
77,18,263,"WD","SE"
103,1,263,"WD","SE"
128,1,263,"WD","SE"
166,1,263,"WD","SE"
459,2,263,"WD","SE"
498,27,263,"WD","SE"
425,3,264,"WD","SE"
33,12,264,"WD","SE"
196,2,264,"WD","SE"
372,2,264,"WD","SE"
173,1,264,"WD","SE"
473,1,264,"WD","SE"
103,1,264,"WD","SE"
415,1,264,"WD","SE"
545,2,264,"WD","SE"
82,3,264,"WD","SE"
295,4,264,"WD","SE"
276,4,264,"WD","SE"
67,9,264,"WD","SE"
78,9,264,"WD","SE"
52,2,264,"WD","SE"
170,1,264,"WD","SE"
466,1,264,"WD","SE"
264,1,264,"WD","SE"
285,1,264,"WD","SE"
91,8,264,"WD","SE"
187,1,264,"WD","SE"
500,25,264,"WD","SE"
548,1,264,"WD","SE"
534,3,264,"WD","SE"
377,2,264,"WD","SE"
458,1,264,"WD","SE"
457,1,264,"WD","SE"
427,1,264,"WD","SE"
141,1,264,"WD","SE"
420,1,264,"WD","SE"
222,1,265,"WD","SE"
64,23,265,"WD","SE"
308,1,265,"WD","SE"
232,3,265,"WD","SE"
123,2,265,"WD","SE"
441,2,265,"WD","SE"
352,2,265,"WD","SE"
468,1,265,"WD","SE"
523,4,265,"WD","SE"
82,3,265,"WD","SE"
84,1,265,"WD","SE"
374,2,265,"WD","SE"
411,1,265,"WD","SE"
48,4,265,"WD","SE"
457,1,265,"WD","SE"
304,1,265,"WD","SE"
482,3,265,"WD","SE"
370,1,265,"WD","SE"
459,2,265,"WD","SE"
44,35,265,"WD","SE"
421,5,265,"WD","SE"
499,28,265,"WD","SE"
326,1,265,"WD","SE"
383,1,265,"WD","SE"
470,5,265,"WD","SE"
45,7,265,"WD","SE"
375,1,265,"WD","SE"
285,1,265,"WD","SE"
544,3,265,"WD","SE"
91,8,265,"WD","SE"
6,4,266,"WD","SE"
80,10,266,"WD","SE"
77,18,266,"WD","SE"
460,1,266,"WD","SE"
105,1,266,"WD","SE"
343,6,266,"WD","SE"
285,1,266,"WD","SE"
368,1,266,"WD","SE"
247,1,266,"WD","SE"
346,1,266,"WD","SE"
404,1,266,"WD","SE"
483,3,266,"WD","SE"
513,4,266,"WD","SE"
551,1,266,"WD","SE"
53,1,266,"WD","SE"
422,3,266,"WD","SE"
215,1,266,"WD","SE"
142,1,266,"WD","SE"
313,1,266,"WD","SE"
47,10,266,"WD","SE"
302,1,266,"WD","SE"
361,3,266,"WD","SE"
507,11,266,"WD","SE"
349,1,266,"WD","SE"
467,4,266,"WD","SE"
250,1,266,"WD","SE"
86,2,266,"WD","SE"
426,2,266,"WD","SE"
419,1,266,"WD","SE"
198,1,266,"WD","SE"
67,9,267,"WD","SE"
202,1,267,"WD","SE"
264,1,267,"WD","SE"
247,1,267,"WD","SE"
278,1,267,"WD","SE"
16,6,267,"WD","SE"
427,1,267,"WD","SE"
214,1,267,"WD","SE"
77,18,267,"WD","SE"
352,2,267,"WD","SE"
516,3,267,"WD","SE"
381,2,267,"WD","SE"
142,1,267,"WD","SE"
438,4,267,"WD","SE"
545,2,267,"WD","SE"
103,1,267,"WD","SE"
45,7,267,"WD","SE"
52,2,267,"WD","SE"
303,2,267,"WD","SE"
118,1,267,"WD","SE"
295,4,267,"WD","SE"
471,2,267,"WD","SE"
40,6,267,"WD","SE"
473,1,267,"WD","SE"
17,5,267,"WD","SE"
547,1,267,"WD","SE"
551,1,267,"WD","SE"
82,3,267,"WD","SE"
164,4,267,"WD","SE"
410,2,267,"WD","SE"
435,2,268,"WD","SE"
16,6,268,"WD","SE"
401,1,268,"WD","SE"
404,1,268,"WD","SE"
544,3,268,"WD","SE"
349,1,268,"WD","SE"
376,2,268,"WD","SE"
214,1,268,"WD","SE"
524,1,268,"WD","SE"
519,4,268,"WD","SE"
525,5,268,"WD","SE"
264,1,268,"WD","SE"
295,4,268,"WD","SE"
417,1,268,"WD","SE"
368,1,268,"WD","SE"
144,1,268,"WD","SE"
4,9,268,"WD","SE"
389,2,268,"WD","SE"
32,9,268,"WD","SE"
187,1,268,"WD","SE"
26,41,268,"WD","SE"
397,1,268,"WD","SE"
465,1,268,"WD","SE"
504,35,268,"WD","SE"
36,6,268,"WD","SE"
548,1,268,"WD","SE"
540,3,268,"WD","SE"
517,3,268,"WD","SE"
377,2,268,"WD","SE"
363,1,268,"WD","SE"
354,1,269,"WD","SE"
500,25,269,"WD","SE"
410,2,269,"WD","SE"
43,1,269,"WD","SE"
457,1,269,"WD","SE"
248,1,269,"WD","SE"
344,1,269,"WD","SE"
51,3,269,"WD","SE"
350,1,269,"WD","SE"
313,1,269,"WD","SE"
126,2,269,"WD","SE"
13,4,269,"WD","SE"
1,3,269,"WD","SE"
12,9,269,"WD","SE"
9,1,269,"WD","SE"
193,1,269,"WD","SE"
368,1,269,"WD","SE"
209,1,269,"WD","SE"
76,6,269,"WD","SE"
441,2,269,"WD","SE"
78,9,269,"WD","SE"
486,3,269,"WD","SE"
304,1,269,"WD","SE"
483,3,269,"WD","SE"
16,6,269,"WD","SE"
523,4,269,"WD","SE"
58,2,269,"WD","SE"
548,1,269,"WD","SE"
23,7,269,"WD","SE"
214,1,269,"WD","SE"
14,16,270,"WD","SE"
266,1,270,"WD","SE"
32,9,270,"WD","SE"
250,1,270,"WD","SE"
128,1,270,"WD","SE"
383,1,270,"WD","SE"
43,1,270,"WD","SE"
415,1,270,"WD","SE"
61,37,270,"WD","SE"
279,1,270,"WD","SE"
36,6,270,"WD","SE"
215,1,270,"WD","SE"
372,2,270,"WD","SE"
317,2,270,"WD","SE"
20,6,270,"WD","SE"
59,5,270,"WD","SE"
301,1,270,"WD","SE"
428,1,270,"WD","SE"
424,1,270,"WD","SE"
449,1,270,"WD","SE"
313,1,270,"WD","SE"
285,1,270,"WD","SE"
482,3,270,"WD","SE"
40,6,270,"WD","SE"
57,9,270,"WD","SE"
374,2,270,"WD","SE"
397,1,270,"WD","SE"
249,2,270,"WD","SE"
447,3,270,"WD","SE"
252,1,270,"WD","SE"
82,3,271,"WD","SE"
510,18,271,"WD","SE"
483,3,271,"WD","SE"
264,1,271,"WD","SE"
540,3,271,"WD","SE"
449,1,271,"WD","SE"
48,4,271,"WD","SE"
59,5,271,"WD","SE"
433,2,271,"WD","SE"
166,1,271,"WD","SE"
37,1,271,"WD","SE"
467,4,271,"WD","SE"
425,3,271,"WD","SE"
438,4,271,"WD","SE"
404,1,271,"WD","SE"
385,1,271,"WD","SE"
386,1,271,"WD","SE"
534,3,271,"WD","SE"
394,1,271,"WD","SE"
128,1,271,"WD","SE"
47,10,271,"WD","SE"
19,8,271,"WD","SE"
503,22,271,"WD","SE"
357,1,271,"WD","SE"
343,6,271,"WD","SE"
57,9,271,"WD","SE"
440,1,271,"WD","SE"
14,16,271,"WD","SE"
282,1,271,"WD","SE"
276,4,271,"WD","SE"
184,1,272,"WD","SE"
383,1,272,"WD","SE"
513,4,272,"WD","SE"
547,1,272,"WD","SE"
545,2,272,"WD","SE"
482,3,272,"WD","SE"
346,1,272,"WD","SE"
425,3,272,"WD","SE"
131,1,272,"WD","SE"
417,1,272,"WD","SE"
421,5,272,"WD","SE"
467,4,272,"WD","SE"
223,1,272,"WD","SE"
348,2,272,"WD","SE"
394,1,272,"WD","SE"
514,3,272,"WD","SE"
466,1,272,"WD","SE"
48,4,272,"WD","SE"
472,1,272,"WD","SE"
369,1,272,"WD","SE"
196,2,272,"WD","SE"
187,1,272,"WD","SE"
53,1,272,"WD","SE"
322,1,272,"WD","SE"
496,26,272,"WD","SE"
498,27,272,"WD","SE"
437,1,272,"WD","SE"
459,2,272,"WD","SE"
144,1,272,"WD","SE"
9,1,272,"WD","SE"
11,30,273,"WD","SE"
37,1,273,"WD","SE"
237,1,273,"WD","SE"
354,1,273,"WD","SE"
93,3,273,"WD","SE"
41,1,273,"WD","SE"
466,1,273,"WD","SE"
198,1,273,"WD","SE"
12,9,273,"WD","SE"
503,22,273,"WD","SE"
138,3,273,"WD","SE"
295,4,273,"WD","SE"
205,2,273,"WD","SE"
164,4,273,"WD","SE"
28,22,273,"WD","SE"
80,10,273,"WD","SE"
358,15,273,"WD","SE"
508,23,273,"WD","SE"
186,1,273,"WD","SE"
23,7,273,"WD","SE"
440,1,273,"WD","SE"
196,2,273,"WD","SE"
6,4,273,"WD","SE"
438,4,273,"WD","SE"
86,2,273,"WD","SE"
76,6,273,"WD","SE"
519,4,273,"WD","SE"
282,1,273,"WD","SE"
203,1,273,"WD","SE"
51,3,273,"WD","SE"
302,1,274,"WD","SE"
389,2,274,"WD","SE"
49,1,274,"WD","SE"
523,4,274,"WD","SE"
470,5,274,"WD","SE"
437,1,274,"WD","SE"
295,4,274,"WD","SE"
377,2,274,"WD","SE"
468,1,274,"WD","SE"
33,12,274,"WD","SE"
420,1,274,"WD","SE"
28,22,274,"WD","SE"
318,2,274,"WD","SE"
86,2,274,"WD","SE"
72,8,274,"WD","SE"
118,1,274,"WD","SE"
322,1,274,"WD","SE"
76,6,274,"WD","SE"
519,4,274,"WD","SE"
435,2,274,"WD","SE"
164,4,274,"WD","SE"
186,1,274,"WD","SE"
166,1,274,"WD","SE"
394,1,274,"WD","SE"
91,8,274,"WD","SE"
140,1,274,"WD","SE"
421,5,274,"WD","SE"
52,2,274,"WD","SE"
279,1,274,"WD","SE"
516,3,274,"WD","SE"
390,4,275,"WD","SE"
304,1,275,"WD","SE"
16,6,275,"WD","SE"
365,1,275,"WD","SE"
164,4,275,"WD","SE"
322,1,275,"WD","SE"
13,4,275,"WD","SE"
183,2,275,"WD","SE"
482,3,275,"WD","SE"
548,1,275,"WD","SE"
473,1,275,"WD","SE"
317,2,275,"WD","SE"
428,1,275,"WD","SE"
421,5,275,"WD","SE"
52,2,275,"WD","SE"
377,2,275,"WD","SE"
59,5,275,"WD","SE"
276,4,275,"WD","SE"
381,2,275,"WD","SE"
326,1,275,"WD","SE"
301,1,275,"WD","SE"
166,1,275,"WD","SE"
72,8,275,"WD","SE"
338,3,275,"WD","SE"
26,41,275,"WD","SE"
91,8,275,"WD","SE"
415,1,275,"WD","SE"
500,25,275,"WD","SE"
376,2,275,"WD","SE"
486,3,275,"WD","SE"
78,9,276,"WD","SE"
386,1,276,"WD","SE"
164,4,276,"WD","SE"
551,1,276,"WD","SE"
519,4,276,"WD","SE"
302,1,276,"WD","SE"
389,2,276,"WD","SE"
365,1,276,"WD","SE"
132,1,276,"WD","SE"
381,2,276,"WD","SE"
545,2,276,"WD","SE"
428,1,276,"WD","SE"
401,1,276,"WD","SE"
244,2,276,"WD","SE"
322,1,276,"WD","SE"
461,1,276,"WD","SE"
103,1,276,"WD","SE"
420,1,276,"WD","SE"
28,22,276,"WD","SE"
214,1,276,"WD","SE"
467,4,276,"WD","SE"
427,1,276,"WD","SE"
9,1,276,"WD","SE"
59,5,276,"WD","SE"
50,4,276,"WD","SE"
503,22,276,"WD","SE"
223,1,276,"WD","SE"
548,1,276,"WD","SE"
437,1,276,"WD","SE"
37,1,276,"WD","SE"
198,1,277,"WD","SE"
164,4,277,"WD","SE"
313,1,277,"WD","SE"
500,25,277,"WD","SE"
264,1,277,"WD","SE"
7,24,277,"WD","SE"
43,1,277,"WD","SE"
467,4,277,"WD","SE"
12,9,277,"WD","SE"
186,1,277,"WD","SE"
370,1,277,"WD","SE"
173,1,277,"WD","SE"
184,1,277,"WD","SE"
525,5,277,"WD","SE"
228,1,277,"WD","SE"
16,6,277,"WD","SE"
223,1,277,"WD","SE"
17,5,277,"WD","SE"
361,3,277,"WD","SE"
501,24,277,"WD","SE"
380,3,277,"WD","SE"
1,3,277,"WD","SE"
461,1,277,"WD","SE"
187,1,277,"WD","SE"
301,1,277,"WD","SE"
398,1,277,"WD","SE"
237,1,277,"WD","SE"
508,23,277,"WD","SE"
397,1,277,"WD","SE"
214,1,277,"WD","SE"
186,1,278,"WD","SE"
142,1,278,"WD","SE"
440,1,278,"WD","SE"
179,7,278,"WD","SE"
32,9,278,"WD","SE"
105,1,278,"WD","SE"
249,2,278,"WD","SE"
486,3,278,"WD","SE"
303,2,278,"WD","SE"
183,2,278,"WD","SE"
326,1,278,"WD","SE"
164,4,278,"WD","SE"
222,1,278,"WD","SE"
547,1,278,"WD","SE"
43,1,278,"WD","SE"
50,4,278,"WD","SE"
499,28,278,"WD","SE"
390,4,278,"WD","SE"
447,3,278,"WD","SE"
7,24,278,"WD","SE"
389,2,278,"WD","SE"
435,2,278,"WD","SE"
13,4,278,"WD","SE"
282,1,278,"WD","SE"
322,1,278,"WD","SE"
470,5,278,"WD","SE"
361,3,278,"WD","SE"
398,1,278,"WD","SE"
523,4,278,"WD","SE"
411,1,278,"WD","SE"
247,1,279,"WD","SE"
250,1,279,"WD","SE"
51,3,279,"WD","SE"
222,1,279,"WD","SE"
248,1,279,"WD","SE"
398,1,279,"WD","SE"
313,1,279,"WD","SE"
90,3,279,"WD","SE"
11,30,279,"WD","SE"
103,1,279,"WD","SE"
449,1,279,"WD","SE"
438,4,279,"WD","SE"
473,1,279,"WD","SE"
93,3,279,"WD","SE"
61,37,279,"WD","SE"
540,3,279,"WD","SE"
545,2,279,"WD","SE"
17,5,279,"WD","SE"
67,9,279,"WD","SE"
59,5,279,"WD","SE"
341,2,279,"WD","SE"
23,7,279,"WD","SE"
421,5,279,"WD","SE"
158,2,279,"WD","SE"
370,1,279,"WD","SE"
40,6,279,"WD","SE"
32,9,279,"WD","SE"
57,9,279,"WD","SE"
534,3,279,"WD","SE"
52,2,279,"WD","SE"
266,1,280,"WD","SE"
72,8,280,"WD","SE"
26,41,280,"WD","SE"
49,1,280,"WD","SE"
524,1,280,"WD","SE"
460,1,280,"WD","SE"
398,1,280,"WD","SE"
415,1,280,"WD","SE"
463,1,280,"WD","SE"
29,2,280,"WD","SE"
144,1,280,"WD","SE"
421,5,280,"WD","SE"
14,16,280,"WD","SE"
500,25,280,"WD","SE"
303,2,280,"WD","SE"
36,6,280,"WD","SE"
52,2,280,"WD","SE"
374,2,280,"WD","SE"
223,1,280,"WD","SE"
23,7,280,"WD","SE"
222,1,280,"WD","SE"
410,2,280,"WD","SE"
377,2,280,"WD","SE"
44,35,280,"WD","SE"
545,2,280,"WD","SE"
471,2,280,"WD","SE"
517,3,280,"WD","SE"
346,1,280,"WD","SE"
77,18,280,"WD","SE"
51,3,280,"WD","SE"
28,22,281,"WD","SE"
398,1,281,"WD","SE"
376,2,281,"WD","SE"
397,1,281,"WD","SE"
141,1,281,"WD","SE"
49,1,281,"WD","SE"
232,3,281,"WD","SE"
237,1,281,"WD","SE"
517,3,281,"WD","SE"
71,1,281,"WD","SE"
259,3,281,"WD","SE"
440,1,281,"WD","SE"
105,1,281,"WD","SE"
187,1,281,"WD","SE"
501,24,281,"WD","SE"
455,2,281,"WD","SE"
352,2,281,"WD","SE"
546,1,281,"WD","SE"
302,1,281,"WD","SE"
282,1,281,"WD","SE"
326,1,281,"WD","SE"
445,10,281,"WD","SE"
9,1,281,"WD","SE"
534,3,281,"WD","SE"
74,1,281,"WD","SE"
32,9,281,"WD","SE"
498,27,281,"WD","SE"
51,3,281,"WD","SE"
470,5,281,"WD","SE"
6,4,281,"WD","SE"
77,18,282,"WD","SE"
508,23,282,"WD","SE"
461,1,282,"WD","SE"
445,10,282,"WD","SE"
228,1,282,"WD","SE"
304,1,282,"WD","SE"
503,22,282,"WD","SE"
80,10,282,"WD","SE"
103,1,282,"WD","SE"
459,2,282,"WD","SE"
47,10,282,"WD","SE"
510,18,282,"WD","SE"
514,3,282,"WD","SE"
303,2,282,"WD","SE"
13,4,282,"WD","SE"
346,1,282,"WD","SE"
524,1,282,"WD","SE"
411,1,282,"WD","SE"
48,4,282,"WD","SE"
534,3,282,"WD","SE"
349,1,282,"WD","SE"
57,9,282,"WD","SE"
354,1,282,"WD","SE"
279,1,282,"WD","SE"
417,1,282,"WD","SE"
266,1,282,"WD","SE"
250,1,282,"WD","SE"
190,1,282,"WD","SE"
420,1,282,"WD","SE"
361,3,282,"WD","SE"
369,1,283,"WD","SE"
370,1,283,"WD","SE"
410,2,283,"WD","SE"
318,2,283,"WD","SE"
524,1,283,"WD","SE"
514,3,283,"WD","SE"
500,25,283,"WD","SE"
301,1,283,"WD","SE"
48,4,283,"WD","SE"
507,11,283,"WD","SE"
404,1,283,"WD","SE"
547,1,283,"WD","SE"
350,1,283,"WD","SE"
179,7,283,"WD","SE"
375,1,283,"WD","SE"
74,1,283,"WD","SE"
184,1,283,"WD","SE"
499,28,283,"WD","SE"
471,2,283,"WD","SE"
44,35,283,"WD","SE"
445,10,283,"WD","SE"
467,4,283,"WD","SE"
286,1,283,"WD","SE"
322,1,283,"WD","SE"
352,2,283,"WD","SE"
50,4,283,"WD","SE"
138,3,283,"WD","SE"
458,1,283,"WD","SE"
164,4,283,"WD","SE"
84,1,283,"WD","SE"
524,1,284,"WD","SE"
140,1,284,"WD","SE"
394,1,284,"WD","SE"
64,23,284,"WD","SE"
93,3,284,"WD","SE"
441,2,284,"WD","SE"
318,2,284,"WD","SE"
26,41,284,"WD","SE"
13,4,284,"WD","SE"
517,3,284,"WD","SE"
40,6,284,"WD","SE"
105,1,284,"WD","SE"
196,2,284,"WD","SE"
447,3,284,"WD","SE"
255,1,284,"WD","SE"
341,2,284,"WD","SE"
190,1,284,"WD","SE"
228,1,284,"WD","SE"
184,1,284,"WD","SE"
9,1,284,"WD","SE"
385,1,284,"WD","SE"
383,1,284,"WD","SE"
142,1,284,"WD","SE"
411,1,284,"WD","SE"
472,1,284,"WD","SE"
349,1,284,"WD","SE"
457,1,284,"WD","SE"
466,1,284,"WD","SE"
322,1,284,"WD","SE"
126,2,284,"WD","SE"
118,1,285,"WD","SE"
430,4,285,"WD","SE"
546,1,285,"WD","SE"
500,25,285,"WD","SE"
84,1,285,"WD","SE"
551,1,285,"WD","SE"
466,1,285,"WD","SE"
410,2,285,"WD","SE"
282,1,285,"WD","SE"
266,1,285,"WD","SE"
58,2,285,"WD","SE"
166,1,285,"WD","SE"
209,1,285,"WD","SE"
513,4,285,"WD","SE"
38,5,285,"WD","SE"
164,4,285,"WD","SE"
158,2,285,"WD","SE"
363,1,285,"WD","SE"
401,1,285,"WD","SE"
372,2,285,"WD","SE"
365,1,285,"WD","SE"
510,18,285,"WD","SE"
397,1,285,"WD","SE"
64,23,285,"WD","SE"
467,4,285,"WD","SE"
501,24,285,"WD","SE"
344,1,285,"WD","SE"
414,1,285,"WD","SE"
91,8,285,"WD","SE"
140,1,285,"WD","SE"
326,1,286,"WD","SE"
43,1,286,"WD","SE"
50,4,286,"WD","SE"
187,1,286,"WD","SE"
295,4,286,"WD","SE"
93,3,286,"WD","SE"
386,1,286,"WD","SE"
389,2,286,"WD","SE"
103,1,286,"WD","SE"
158,2,286,"WD","SE"
105,1,286,"WD","SE"
166,1,286,"WD","SE"
367,2,286,"WD","SE"
303,2,286,"WD","SE"
53,1,286,"WD","SE"
551,1,286,"WD","SE"
440,1,286,"WD","SE"
186,1,286,"WD","SE"
123,2,286,"WD","SE"
517,3,286,"WD","SE"
449,1,286,"WD","SE"
369,1,286,"WD","SE"
510,18,286,"WD","SE"
11,30,286,"WD","SE"
534,3,286,"WD","SE"
463,1,286,"WD","SE"
424,1,286,"WD","SE"
349,1,286,"WD","SE"
404,1,286,"WD","SE"
173,1,286,"WD","SE"
517,3,287,"WD","SE"
247,1,287,"WD","SE"
205,2,287,"WD","SE"
501,24,287,"WD","SE"
367,2,287,"WD","SE"
417,1,287,"WD","SE"
346,1,287,"WD","SE"
44,35,287,"WD","SE"
422,3,287,"WD","SE"
40,6,287,"WD","SE"
350,1,287,"WD","SE"
123,2,287,"WD","SE"
84,1,287,"WD","SE"
401,1,287,"WD","SE"
483,3,287,"WD","SE"
440,1,287,"WD","SE"
447,3,287,"WD","SE"
48,4,287,"WD","SE"
419,1,287,"WD","SE"
76,6,287,"WD","SE"
420,1,287,"WD","SE"
301,1,287,"WD","SE"
516,3,287,"WD","SE"
16,6,287,"WD","SE"
326,1,287,"WD","SE"
504,35,287,"WD","SE"
252,1,287,"WD","SE"
131,1,287,"WD","SE"
544,3,287,"WD","SE"
49,1,287,"WD","SE"
53,1,288,"WD","SE"
118,1,288,"WD","SE"
534,3,288,"WD","SE"
361,3,288,"WD","SE"
23,7,288,"WD","SE"
78,9,288,"WD","SE"
502,18,288,"WD","SE"
264,1,288,"WD","SE"
303,2,288,"WD","SE"
517,3,288,"WD","SE"
103,1,288,"WD","SE"
504,35,288,"WD","SE"
372,2,288,"WD","SE"
501,24,288,"WD","SE"
90,3,288,"WD","SE"
503,22,288,"WD","SE"
457,1,288,"WD","SE"
499,28,288,"WD","SE"
378,1,288,"WD","SE"
398,1,288,"WD","SE"
419,1,288,"WD","SE"
354,1,288,"WD","SE"
447,3,288,"WD","SE"
437,1,288,"WD","SE"
166,1,288,"WD","SE"
259,3,288,"WD","SE"
4,9,288,"WD","SE"
544,3,288,"WD","SE"
228,1,288,"WD","SE"
20,6,288,"WD","SE"
28,22,289,"WD","SE"
447,3,289,"WD","SE"
524,1,289,"WD","SE"
374,2,289,"WD","SE"
48,4,289,"WD","SE"
187,1,289,"WD","SE"
449,1,289,"WD","SE"
363,1,289,"WD","SE"
375,1,289,"WD","SE"
390,4,289,"WD","SE"
214,1,289,"WD","SE"
140,1,289,"WD","SE"
455,2,289,"WD","SE"
74,1,289,"WD","SE"
29,2,289,"WD","SE"
437,1,289,"WD","SE"
158,2,289,"WD","SE"
196,2,289,"WD","SE"
545,2,289,"WD","SE"
344,1,289,"WD","SE"
504,35,289,"WD","SE"
356,1,289,"WD","SE"
303,2,289,"WD","SE"
472,1,289,"WD","SE"
50,4,289,"WD","SE"
498,27,289,"WD","SE"
126,2,289,"WD","SE"
411,1,289,"WD","SE"
424,1,289,"WD","SE"
459,2,289,"WD","SE"
237,1,290,"WD","SE"
546,1,290,"WD","SE"
74,1,290,"WD","SE"
29,2,290,"WD","SE"
193,1,290,"WD","SE"
14,16,290,"WD","SE"
222,1,290,"WD","SE"
138,3,290,"WD","SE"
502,18,290,"WD","SE"
105,1,290,"WD","SE"
397,1,290,"WD","SE"
510,18,290,"WD","SE"
232,3,290,"WD","SE"
361,3,290,"WD","SE"
143,1,290,"WD","SE"
286,1,290,"WD","SE"
470,5,290,"WD","SE"
248,1,290,"WD","SE"
425,3,290,"WD","SE"
205,2,290,"WD","SE"
255,1,290,"WD","SE"
471,2,290,"WD","SE"
20,6,290,"WD","SE"
313,1,290,"WD","SE"
4,9,290,"WD","SE"
435,2,290,"WD","SE"
80,10,290,"WD","SE"
358,15,290,"WD","SE"
365,1,290,"WD","SE"
303,2,290,"WD","SE"
428,1,291,"WD","SE"
470,5,291,"WD","SE"
401,1,291,"WD","SE"
302,1,291,"WD","SE"
244,2,291,"WD","SE"
502,18,291,"WD","SE"
28,22,291,"WD","SE"
350,1,291,"WD","SE"
6,4,291,"WD","SE"
64,23,291,"WD","SE"
123,2,291,"WD","SE"
170,1,291,"WD","SE"
143,1,291,"WD","SE"
255,1,291,"WD","SE"
510,18,291,"WD","SE"
19,8,291,"WD","SE"
237,1,291,"WD","SE"
32,9,291,"WD","SE"
278,1,291,"WD","SE"
544,3,291,"WD","SE"
4,9,291,"WD","SE"
546,1,291,"WD","SE"
186,1,291,"WD","SE"
13,4,291,"WD","SE"
473,1,291,"WD","SE"
11,30,291,"WD","SE"
76,6,291,"WD","SE"
248,1,291,"WD","SE"
158,2,291,"WD","SE"
445,10,291,"WD","SE"
410,2,292,"WD","SE"
308,1,292,"WD","SE"
341,2,292,"WD","SE"
428,1,292,"WD","SE"
467,4,292,"WD","SE"
470,5,292,"WD","SE"
352,2,292,"WD","SE"
427,1,292,"WD","SE"
276,4,292,"WD","SE"
49,1,292,"WD","SE"
186,1,292,"WD","SE"
19,8,292,"WD","SE"
20,6,292,"WD","SE"
385,1,292,"WD","SE"
322,1,292,"WD","SE"
498,27,292,"WD","SE"
420,1,292,"WD","SE"
38,5,292,"WD","SE"
255,1,292,"WD","SE"
128,1,292,"WD","SE"
244,2,292,"WD","SE"
348,2,292,"WD","SE"
141,1,292,"WD","SE"
5,9,292,"WD","SE"
368,1,292,"WD","SE"
64,23,292,"WD","SE"
463,1,292,"WD","SE"
80,10,292,"WD","SE"
401,1,292,"WD","SE"
460,1,292,"WD","SE"
186,1,293,"WD","SE"
237,1,293,"WD","SE"
91,8,293,"WD","SE"
420,1,293,"WD","SE"
196,2,293,"WD","SE"
469,5,293,"WD","SE"
232,3,293,"WD","SE"
93,3,293,"WD","SE"
126,2,293,"WD","SE"
86,2,293,"WD","SE"
132,1,293,"WD","SE"
369,1,293,"WD","SE"
460,1,293,"WD","SE"
123,2,293,"WD","SE"
547,1,293,"WD","SE"
381,2,293,"WD","SE"
190,1,293,"WD","SE"
209,1,293,"WD","SE"
356,1,293,"WD","SE"
48,4,293,"WD","SE"
398,1,293,"WD","SE"
244,2,293,"WD","SE"
317,2,293,"WD","SE"
215,1,293,"WD","SE"
282,1,293,"WD","SE"
344,1,293,"WD","SE"
223,1,293,"WD","SE"
378,1,293,"WD","SE"
140,1,293,"WD","SE"
449,1,293,"WD","SE"
222,1,294,"WD","SE"
16,6,294,"WD","SE"
264,1,294,"WD","SE"
20,6,294,"WD","SE"
51,3,294,"WD","SE"
322,1,294,"WD","SE"
385,1,294,"WD","SE"
346,1,294,"WD","SE"
344,1,294,"WD","SE"
173,1,294,"WD","SE"
166,1,294,"WD","SE"
317,2,294,"WD","SE"
26,41,294,"WD","SE"
9,1,294,"WD","SE"
203,1,294,"WD","SE"
548,1,294,"WD","SE"
252,1,294,"WD","SE"
5,9,294,"WD","SE"
123,2,294,"WD","SE"
50,4,294,"WD","SE"
84,1,294,"WD","SE"
390,4,294,"WD","SE"
398,1,294,"WD","SE"
368,1,294,"WD","SE"
460,1,294,"WD","SE"
223,1,294,"WD","SE"
524,1,294,"WD","SE"
428,1,294,"WD","SE"
7,24,294,"WD","SE"
144,1,294,"WD","SE"
377,2,295,"WD","SE"
278,1,295,"WD","SE"
503,22,295,"WD","SE"
534,3,295,"WD","SE"
126,2,295,"WD","SE"
422,3,295,"WD","SE"
457,1,295,"WD","SE"
472,1,295,"WD","SE"
430,4,295,"WD","SE"
459,2,295,"WD","SE"
13,4,295,"WD","SE"
445,10,295,"WD","SE"
376,2,295,"WD","SE"
517,3,295,"WD","SE"
482,3,295,"WD","SE"
421,5,295,"WD","SE"
90,3,295,"WD","SE"
433,2,295,"WD","SE"
466,1,295,"WD","SE"
471,2,295,"WD","SE"
313,1,295,"WD","SE"
45,7,295,"WD","SE"
502,18,295,"WD","SE"
244,2,295,"WD","SE"
414,1,295,"WD","SE"
105,1,295,"WD","SE"
193,1,295,"WD","SE"
64,23,295,"WD","SE"
500,25,295,"WD","SE"
6,4,295,"WD","SE"
500,25,296,"WD","SE"
61,37,296,"WD","SE"
304,1,296,"WD","SE"
415,1,296,"WD","SE"
357,1,296,"WD","SE"
421,5,296,"WD","SE"
496,26,296,"WD","SE"
244,2,296,"WD","SE"
215,1,296,"WD","SE"
5,9,296,"WD","SE"
190,1,296,"WD","SE"
397,1,296,"WD","SE"
350,1,296,"WD","SE"
82,3,296,"WD","SE"
78,9,296,"WD","SE"
259,3,296,"WD","SE"
6,4,296,"WD","SE"
308,1,296,"WD","SE"
249,2,296,"WD","SE"
463,1,296,"WD","SE"
247,1,296,"WD","SE"
14,16,296,"WD","SE"
20,6,296,"WD","SE"
223,1,296,"WD","SE"
285,1,296,"WD","SE"
23,7,296,"WD","SE"
37,1,296,"WD","SE"
128,1,296,"WD","SE"
45,7,296,"WD","SE"
378,1,296,"WD","SE"
92,1,297,"WD","SE"
519,4,297,"WD","SE"
498,27,297,"WD","SE"
105,1,297,"WD","SE"
504,35,297,"WD","SE"
486,3,297,"WD","SE"
14,16,297,"WD","SE"
282,1,297,"WD","SE"
16,6,297,"WD","SE"
237,1,297,"WD","SE"
222,1,297,"WD","SE"
508,23,297,"WD","SE"
385,1,297,"WD","SE"
202,1,297,"WD","SE"
215,1,297,"WD","SE"
338,3,297,"WD","SE"
9,1,297,"WD","SE"
501,24,297,"WD","SE"
437,1,297,"WD","SE"
525,5,297,"WD","SE"
266,1,297,"WD","SE"
349,1,297,"WD","SE"
128,1,297,"WD","SE"
422,3,297,"WD","SE"
223,1,297,"WD","SE"
82,3,297,"WD","SE"
76,6,297,"WD","SE"
19,8,297,"WD","SE"
356,1,297,"WD","SE"
123,2,297,"WD","SE"
546,1,298,"WD","SE"
302,1,298,"WD","SE"
228,1,298,"WD","SE"
507,11,298,"WD","SE"
303,2,298,"WD","SE"
357,1,298,"WD","SE"
232,3,298,"WD","SE"
308,1,298,"WD","SE"
266,1,298,"WD","SE"
463,1,298,"WD","SE"
44,35,298,"WD","SE"
45,7,298,"WD","SE"
424,1,298,"WD","SE"
410,2,298,"WD","SE"
354,1,298,"WD","SE"
264,1,298,"WD","SE"
548,1,298,"WD","SE"
372,2,298,"WD","SE"
279,1,298,"WD","SE"
421,5,298,"WD","SE"
419,1,298,"WD","SE"
143,1,298,"WD","SE"
74,1,298,"WD","SE"
438,4,298,"WD","SE"
378,1,298,"WD","SE"
186,1,298,"WD","SE"
52,2,298,"WD","SE"
80,10,298,"WD","SE"
61,37,298,"WD","SE"
6,4,298,"WD","SE"
43,1,299,"WD","SE"
20,6,299,"WD","SE"
90,3,299,"WD","SE"
190,1,299,"WD","SE"
514,3,299,"WD","SE"
551,1,299,"WD","SE"
344,1,299,"WD","SE"
144,1,299,"WD","SE"
517,3,299,"WD","SE"
143,1,299,"WD","SE"
6,4,299,"WD","SE"
415,1,299,"WD","SE"
71,1,299,"WD","SE"
166,1,299,"WD","SE"
19,8,299,"WD","SE"
286,1,299,"WD","SE"
37,1,299,"WD","SE"
428,1,299,"WD","SE"
341,2,299,"WD","SE"
455,2,299,"WD","SE"
158,2,299,"WD","SE"
14,16,299,"WD","SE"
338,3,299,"WD","SE"
74,1,299,"WD","SE"
214,1,299,"WD","SE"
525,5,299,"WD","SE"
483,3,299,"WD","SE"
13,4,299,"WD","SE"
198,1,299,"WD","SE"
41,1,299,"WD","SE"
248,1,300,"WD","SE"
457,1,300,"WD","SE"
223,1,300,"WD","SE"
519,4,300,"WD","SE"
357,1,300,"WD","SE"
140,1,300,"WD","SE"
84,1,300,"WD","SE"
285,1,300,"WD","SE"
76,6,300,"WD","SE"
51,3,300,"WD","SE"
375,1,300,"WD","SE"
461,1,300,"WD","SE"
426,2,300,"WD","SE"
513,4,300,"WD","SE"
82,3,300,"WD","SE"
17,5,300,"WD","SE"
411,1,300,"WD","SE"
372,2,300,"WD","SE"
183,2,300,"WD","SE"
378,1,300,"WD","SE"
385,1,300,"WD","SE"
36,6,300,"WD","SE"
398,1,300,"WD","SE"
466,1,300,"WD","SE"
278,1,300,"WD","SE"
370,1,300,"WD","SE"
472,1,300,"WD","SE"
376,2,300,"WD","SE"
282,1,300,"WD","SE"
510,18,300,"WD","SE"
28,22,301,"WD","SE"
244,2,301,"WD","SE"
368,1,301,"WD","SE"
499,28,301,"WD","SE"
209,1,301,"WD","SE"
132,1,301,"WD","SE"
313,1,301,"WD","SE"
190,1,301,"WD","SE"
128,1,301,"WD","SE"
424,1,301,"WD","SE"
7,24,301,"WD","SE"
386,1,301,"WD","SE"
23,7,301,"WD","SE"
445,10,301,"WD","SE"
286,1,301,"WD","SE"
468,1,301,"WD","SE"
389,2,301,"WD","SE"
255,1,301,"WD","SE"
459,2,301,"WD","SE"
144,1,301,"WD","SE"
304,1,301,"WD","SE"
50,4,301,"WD","SE"
228,1,301,"WD","SE"
365,1,301,"WD","SE"
86,2,301,"WD","SE"
105,1,301,"WD","SE"
45,7,301,"WD","SE"
13,4,301,"WD","SE"
383,1,301,"WD","SE"
467,4,301,"WD","SE"
544,3,302,"WD","SE"
232,3,302,"WD","SE"
540,3,302,"WD","SE"
350,1,302,"WD","SE"
504,35,302,"WD","SE"
279,1,302,"WD","SE"
499,28,302,"WD","SE"
411,1,302,"WD","SE"
72,8,302,"WD","SE"
427,1,302,"WD","SE"
44,35,302,"WD","SE"
13,4,302,"WD","SE"
482,3,302,"WD","SE"
244,2,302,"WD","SE"
9,1,302,"WD","SE"
470,5,302,"WD","SE"
82,3,302,"WD","SE"
438,4,302,"WD","SE"
303,2,302,"WD","SE"
368,1,302,"WD","SE"
140,1,302,"WD","SE"
302,1,302,"WD","SE"
507,11,302,"WD","SE"
514,3,302,"WD","SE"
295,4,302,"WD","SE"
369,1,302,"WD","SE"
349,1,302,"WD","SE"
424,1,302,"WD","SE"
415,1,302,"WD","SE"
28,22,302,"WD","SE"
463,1,303,"WD","SE"
524,1,303,"WD","SE"
123,2,303,"WD","SE"
93,3,303,"WD","SE"
237,1,303,"WD","SE"
16,6,303,"WD","SE"
496,26,303,"WD","SE"
7,24,303,"WD","SE"
416,1,303,"WD","SE"
435,2,303,"WD","SE"
48,4,303,"WD","SE"
483,3,303,"WD","SE"
317,2,303,"WD","SE"
369,1,303,"WD","SE"
264,1,303,"WD","SE"
304,1,303,"WD","SE"
500,25,303,"WD","SE"
209,1,303,"WD","SE"
67,9,303,"WD","SE"
50,4,303,"WD","SE"
322,1,303,"WD","SE"
82,3,303,"WD","SE"
440,1,303,"WD","SE"
346,1,303,"WD","SE"
380,3,303,"WD","SE"
164,4,303,"WD","SE"
103,1,303,"WD","SE"
49,1,303,"WD","SE"
278,1,303,"WD","SE"
64,23,303,"WD","SE"
470,5,304,"WD","SE"
144,1,304,"WD","SE"
6,4,304,"WD","SE"
50,4,304,"WD","SE"
49,1,304,"WD","SE"
198,1,304,"WD","SE"
72,8,304,"WD","SE"
36,6,304,"WD","SE"
465,1,304,"WD","SE"
138,3,304,"WD","SE"
186,1,304,"WD","SE"
53,1,304,"WD","SE"
143,1,304,"WD","SE"
519,4,304,"WD","SE"
466,1,304,"WD","SE"
386,1,304,"WD","SE"
524,1,304,"WD","SE"
304,1,304,"WD","SE"
303,2,304,"WD","SE"
447,3,304,"WD","SE"
350,1,304,"WD","SE"
551,1,304,"WD","SE"
367,2,304,"WD","SE"
544,3,304,"WD","SE"
499,28,304,"WD","SE"
74,1,304,"WD","SE"
266,1,304,"WD","SE"
404,1,304,"WD","SE"
358,15,304,"WD","SE"
510,18,304,"WD","SE"
259,3,305,"WD","SE"
369,1,305,"WD","SE"
389,2,305,"WD","SE"
547,1,305,"WD","SE"
503,22,305,"WD","SE"
313,1,305,"WD","SE"
463,1,305,"WD","SE"
427,1,305,"WD","SE"
142,1,305,"WD","SE"
433,2,305,"WD","SE"
26,41,305,"WD","SE"
57,9,305,"WD","SE"
428,1,305,"WD","SE"
507,11,305,"WD","SE"
411,1,305,"WD","SE"
441,2,305,"WD","SE"
67,9,305,"WD","SE"
103,1,305,"WD","SE"
286,1,305,"WD","SE"
61,37,305,"WD","SE"
118,1,305,"WD","SE"
356,1,305,"WD","SE"
468,1,305,"WD","SE"
4,9,305,"WD","SE"
523,4,305,"WD","SE"
540,3,305,"WD","SE"
28,22,305,"WD","SE"
202,1,305,"WD","SE"
357,1,305,"WD","SE"
170,1,305,"WD","SE"
183,2,306,"WD","SE"
247,1,306,"WD","SE"
416,1,306,"WD","SE"
507,11,306,"WD","SE"
365,1,306,"WD","SE"
5,9,306,"WD","SE"
455,2,306,"WD","SE"
141,1,306,"WD","SE"
228,1,306,"WD","SE"
244,2,306,"WD","SE"
20,6,306,"WD","SE"
545,2,306,"WD","SE"
144,1,306,"WD","SE"
164,4,306,"WD","SE"
473,1,306,"WD","SE"
544,3,306,"WD","SE"
390,4,306,"WD","SE"
203,1,306,"WD","SE"
186,1,306,"WD","SE"
52,2,306,"WD","SE"
385,1,306,"WD","SE"
368,1,306,"WD","SE"
29,2,306,"WD","SE"
184,1,306,"WD","SE"
285,1,306,"WD","SE"
301,1,306,"WD","SE"
410,2,306,"WD","SE"
417,1,306,"WD","SE"
500,25,306,"WD","SE"
57,9,306,"WD","SE"
259,3,307,"WD","SE"
427,1,307,"WD","SE"
255,1,307,"WD","SE"
422,3,307,"WD","SE"
377,2,307,"WD","SE"
469,5,307,"WD","SE"
29,2,307,"WD","SE"
19,8,307,"WD","SE"
346,1,307,"WD","SE"
508,23,307,"WD","SE"
461,1,307,"WD","SE"
338,3,307,"WD","SE"
52,2,307,"WD","SE"
486,3,307,"WD","SE"
534,3,307,"WD","SE"
32,9,307,"WD","SE"
383,1,307,"WD","SE"
465,1,307,"WD","SE"
430,4,307,"WD","SE"
514,3,307,"WD","SE"
179,7,307,"WD","SE"
43,1,307,"WD","SE"
203,1,307,"WD","SE"
499,28,307,"WD","SE"
103,1,307,"WD","SE"
367,2,307,"WD","SE"
49,1,307,"WD","SE"
356,1,307,"WD","SE"
58,2,307,"WD","SE"
472,1,307,"WD","SE"
58,2,308,"WD","SE"
19,8,308,"WD","SE"
215,1,308,"WD","SE"
349,1,308,"WD","SE"
37,1,308,"WD","SE"
460,1,308,"WD","SE"
105,1,308,"WD","SE"
126,2,308,"WD","SE"
128,1,308,"WD","SE"
7,24,308,"WD","SE"
422,3,308,"WD","SE"
26,41,308,"WD","SE"
473,1,308,"WD","SE"
301,1,308,"WD","SE"
23,7,308,"WD","SE"
20,6,308,"WD","SE"
425,3,308,"WD","SE"
368,1,308,"WD","SE"
50,4,308,"WD","SE"
318,2,308,"WD","SE"
467,4,308,"WD","SE"
322,1,308,"WD","SE"
92,1,308,"WD","SE"
439,2,308,"WD","SE"
411,1,308,"WD","SE"
295,4,308,"WD","SE"
9,1,308,"WD","SE"
190,1,308,"WD","SE"
196,2,308,"WD","SE"
202,1,308,"WD","SE"
40,6,309,"WD","SE"
252,1,309,"WD","SE"
51,3,309,"WD","SE"
503,22,309,"WD","SE"
86,2,309,"WD","SE"
52,2,309,"WD","SE"
398,1,309,"WD","SE"
59,5,309,"WD","SE"
308,1,309,"WD","SE"
1,3,309,"WD","SE"
507,11,309,"WD","SE"
354,1,309,"WD","SE"
184,1,309,"WD","SE"
72,8,309,"WD","SE"
343,6,309,"WD","SE"
348,2,309,"WD","SE"
118,1,309,"WD","SE"
455,2,309,"WD","SE"
447,3,309,"WD","SE"
84,1,309,"WD","SE"
249,2,309,"WD","SE"
202,1,309,"WD","SE"
17,5,309,"WD","SE"
338,3,309,"WD","SE"
244,2,309,"WD","SE"
57,9,309,"WD","SE"
71,1,309,"WD","SE"
346,1,309,"WD","SE"
524,1,309,"WD","SE"
427,1,309,"WD","SE"
228,1,310,"WD","SE"
424,1,310,"WD","SE"
247,1,310,"WD","SE"
158,2,310,"WD","SE"
49,1,310,"WD","SE"
128,1,310,"WD","SE"
141,1,310,"WD","SE"
187,1,310,"WD","SE"
302,1,310,"WD","SE"
77,18,310,"WD","SE"
237,1,310,"WD","SE"
449,1,310,"WD","SE"
343,6,310,"WD","SE"
14,16,310,"WD","SE"
222,1,310,"WD","SE"
43,1,310,"WD","SE"
414,1,310,"WD","SE"
5,9,310,"WD","SE"
372,2,310,"WD","SE"
36,6,310,"WD","SE"
458,1,310,"WD","SE"
411,1,310,"WD","SE"
508,23,310,"WD","SE"
473,1,310,"WD","SE"
28,22,310,"WD","SE"
214,1,310,"WD","SE"
551,1,310,"WD","SE"
76,6,310,"WD","SE"
430,4,310,"WD","SE"
416,1,310,"WD","SE"
326,1,311,"WD","SE"
546,1,311,"WD","SE"
519,4,311,"WD","SE"
346,1,311,"WD","SE"
421,5,311,"WD","SE"
465,1,311,"WD","SE"
4,9,311,"WD","SE"
513,4,311,"WD","SE"
447,3,311,"WD","SE"
132,1,311,"WD","SE"
11,30,311,"WD","SE"
376,2,311,"WD","SE"
33,12,311,"WD","SE"
29,2,311,"WD","SE"
523,4,311,"WD","SE"
295,4,311,"WD","SE"
441,2,311,"WD","SE"
61,37,311,"WD","SE"
164,4,311,"WD","SE"
190,1,311,"WD","SE"
354,1,311,"WD","SE"
45,7,311,"WD","SE"
383,1,311,"WD","SE"
352,2,311,"WD","SE"
410,2,311,"WD","SE"
59,5,311,"WD","SE"
348,2,311,"WD","SE"
304,1,311,"WD","SE"
247,1,311,"WD","SE"
7,24,311,"WD","SE"
37,1,312,"WD","SE"
501,24,312,"WD","SE"
308,1,312,"WD","SE"
368,1,312,"WD","SE"
77,18,312,"WD","SE"
365,1,312,"WD","SE"
32,9,312,"WD","SE"
466,1,312,"WD","SE"
499,28,312,"WD","SE"
398,1,312,"WD","SE"
468,1,312,"WD","SE"
126,2,312,"WD","SE"
16,6,312,"WD","SE"
255,1,312,"WD","SE"
394,1,312,"WD","SE"
439,2,312,"WD","SE"
389,2,312,"WD","SE"
196,2,312,"WD","SE"
420,1,312,"WD","SE"
547,1,312,"WD","SE"
421,5,312,"WD","SE"
463,1,312,"WD","SE"
455,2,312,"WD","SE"
415,1,312,"WD","SE"
519,4,312,"WD","SE"
507,11,312,"WD","SE"
445,10,312,"WD","SE"
524,1,312,"WD","SE"
348,2,312,"WD","SE"
58,2,312,"WD","SE"
58,2,313,"WD","SE"
19,8,313,"WD","SE"
525,5,313,"WD","SE"
352,2,313,"WD","SE"
348,2,313,"WD","SE"
276,4,313,"WD","SE"
385,1,313,"WD","SE"
471,2,313,"WD","SE"
44,35,313,"WD","SE"
80,10,313,"WD","SE"
440,1,313,"WD","SE"
421,5,313,"WD","SE"
540,3,313,"WD","SE"
534,3,313,"WD","SE"
551,1,313,"WD","SE"
23,7,313,"WD","SE"
141,1,313,"WD","SE"
545,2,313,"WD","SE"
503,22,313,"WD","SE"
507,11,313,"WD","SE"
143,1,313,"WD","SE"
449,1,313,"WD","SE"
445,10,313,"WD","SE"
425,3,313,"WD","SE"
344,1,313,"WD","SE"
14,16,313,"WD","SE"
389,2,313,"WD","SE"
397,1,313,"WD","SE"
341,2,313,"WD","SE"
196,2,313,"WD","SE"
248,1,314,"WD","SE"
222,1,314,"WD","SE"
548,1,314,"WD","SE"
417,1,314,"WD","SE"
547,1,314,"WD","SE"
138,3,314,"WD","SE"
190,1,314,"WD","SE"
372,2,314,"WD","SE"
457,1,314,"WD","SE"
377,2,314,"WD","SE"
286,1,314,"WD","SE"
164,4,314,"WD","SE"
28,22,314,"WD","SE"
386,1,314,"WD","SE"
416,1,314,"WD","SE"
52,2,314,"WD","SE"
7,24,314,"WD","SE"
363,1,314,"WD","SE"
370,1,314,"WD","SE"
401,1,314,"WD","SE"
517,3,314,"WD","SE"
486,3,314,"WD","SE"
411,1,314,"WD","SE"
223,1,314,"WD","SE"
523,4,314,"WD","SE"
78,9,314,"WD","SE"
348,2,314,"WD","SE"
346,1,314,"WD","SE"
356,1,314,"WD","SE"
4,9,314,"WD","SE"
460,1,315,"WD","SE"
1,3,315,"WD","SE"
513,4,315,"WD","SE"
47,10,315,"WD","SE"
425,3,315,"WD","SE"
367,2,315,"WD","SE"
414,1,315,"WD","SE"
398,1,315,"WD","SE"
282,1,315,"WD","SE"
498,27,315,"WD","SE"
250,1,315,"WD","SE"
303,2,315,"WD","SE"
252,1,315,"WD","SE"
523,4,315,"WD","SE"
370,1,315,"WD","SE"
439,2,315,"WD","SE"
486,3,315,"WD","SE"
142,1,315,"WD","SE"
301,1,315,"WD","SE"
441,2,315,"WD","SE"
473,1,315,"WD","SE"
349,1,315,"WD","SE"
279,1,315,"WD","SE"
544,3,315,"WD","SE"
285,1,315,"WD","SE"
419,1,315,"WD","SE"
202,1,315,"WD","SE"
203,1,315,"WD","SE"
141,1,315,"WD","SE"
422,3,315,"WD","SE"
215,1,316,"WD","SE"
525,5,316,"WD","SE"
7,24,316,"WD","SE"
187,1,316,"WD","SE"
503,22,316,"WD","SE"
344,1,316,"WD","SE"
59,5,316,"WD","SE"
363,1,316,"WD","SE"
547,1,316,"WD","SE"
514,3,316,"WD","SE"
394,1,316,"WD","SE"
301,1,316,"WD","SE"
228,1,316,"WD","SE"
76,6,316,"WD","SE"
422,3,316,"WD","SE"
386,1,316,"WD","SE"
166,1,316,"WD","SE"
92,1,316,"WD","SE"
416,1,316,"WD","SE"
313,1,316,"WD","SE"
82,3,316,"WD","SE"
368,1,316,"WD","SE"
437,1,316,"WD","SE"
343,6,316,"WD","SE"
13,4,316,"WD","SE"
72,8,316,"WD","SE"
140,1,316,"WD","SE"
447,3,316,"WD","SE"
499,28,316,"WD","SE"
519,4,316,"WD","SE"
128,1,317,"WD","SE"
420,1,317,"WD","SE"
447,3,317,"WD","SE"
279,1,317,"WD","SE"
473,1,317,"WD","SE"
17,5,317,"WD","SE"
43,1,317,"WD","SE"
415,1,317,"WD","SE"
9,1,317,"WD","SE"
465,1,317,"WD","SE"
250,1,317,"WD","SE"
249,2,317,"WD","SE"
40,6,317,"WD","SE"
459,2,317,"WD","SE"
198,1,317,"WD","SE"
503,22,317,"WD","SE"
51,3,317,"WD","SE"
190,1,317,"WD","SE"
20,6,317,"WD","SE"
363,1,317,"WD","SE"
440,1,317,"WD","SE"
318,2,317,"WD","SE"
4,9,317,"WD","SE"
205,2,317,"WD","SE"
410,2,317,"WD","SE"
7,24,317,"WD","SE"
416,1,317,"WD","SE"
5,9,317,"WD","SE"
203,1,317,"WD","SE"
92,1,317,"WD","SE"
57,9,318,"WD","SE"
86,2,318,"WD","SE"
187,1,318,"WD","SE"
414,1,318,"WD","SE"
92,1,318,"WD","SE"
32,9,318,"WD","SE"
482,3,318,"WD","SE"
460,1,318,"WD","SE"
179,7,318,"WD","SE"
64,23,318,"WD","SE"
545,2,318,"WD","SE"
438,4,318,"WD","SE"
140,1,318,"WD","SE"
76,6,318,"WD","SE"
473,1,318,"WD","SE"
390,4,318,"WD","SE"
441,2,318,"WD","SE"
519,4,318,"WD","SE"
358,15,318,"WD","SE"
544,3,318,"WD","SE"
52,2,318,"WD","SE"
546,1,318,"WD","SE"
367,2,318,"WD","SE"
507,11,318,"WD","SE"
12,9,318,"WD","SE"
5,9,318,"WD","SE"
128,1,318,"WD","SE"
71,1,318,"WD","SE"
214,1,318,"WD","SE"
123,2,318,"WD","SE"
349,1,319,"WD","SE"
76,6,319,"WD","SE"
74,1,319,"WD","SE"
499,28,319,"WD","SE"
433,2,319,"WD","SE"
128,1,319,"WD","SE"
427,1,319,"WD","SE"
228,1,319,"WD","SE"
276,4,319,"WD","SE"
308,1,319,"WD","SE"
282,1,319,"WD","SE"
67,9,319,"WD","SE"
26,41,319,"WD","SE"
43,1,319,"WD","SE"
546,1,319,"WD","SE"
53,1,319,"WD","SE"
458,1,319,"WD","SE"
302,1,319,"WD","SE"
250,1,319,"WD","SE"
59,5,319,"WD","SE"
304,1,319,"WD","SE"
348,2,319,"WD","SE"
5,9,319,"WD","SE"
17,5,319,"WD","SE"
1,3,319,"WD","SE"
259,3,319,"WD","SE"
540,3,319,"WD","SE"
449,1,319,"WD","SE"
472,1,319,"WD","SE"
249,2,319,"WD","SE"
126,2,320,"WD","SE"
71,1,320,"WD","SE"
348,2,320,"WD","SE"
508,23,320,"WD","SE"
483,3,320,"WD","SE"
302,1,320,"WD","SE"
72,8,320,"WD","SE"
463,1,320,"WD","SE"
416,1,320,"WD","SE"
47,10,320,"WD","SE"
551,1,320,"WD","SE"
93,3,320,"WD","SE"
439,2,320,"WD","SE"
33,12,320,"WD","SE"
419,1,320,"WD","SE"
14,16,320,"WD","SE"
499,28,320,"WD","SE"
248,1,320,"WD","SE"
517,3,320,"WD","SE"
59,5,320,"WD","SE"
455,2,320,"WD","SE"
426,2,320,"WD","SE"
390,4,320,"WD","SE"
249,2,320,"WD","SE"
525,5,320,"WD","SE"
53,1,320,"WD","SE"
64,23,320,"WD","SE"
187,1,320,"WD","SE"
222,1,320,"WD","SE"
458,1,320,"WD","SE"
546,1,321,"WD","SE"
57,9,321,"WD","SE"
184,1,321,"WD","SE"
414,1,321,"WD","SE"
82,3,321,"WD","SE"
203,1,321,"WD","SE"
358,15,321,"WD","SE"
40,6,321,"WD","SE"
547,1,321,"WD","SE"
90,3,321,"WD","SE"
369,1,321,"WD","SE"
458,1,321,"WD","SE"
64,23,321,"WD","SE"
502,18,321,"WD","SE"
33,12,321,"WD","SE"
164,4,321,"WD","SE"
209,1,321,"WD","SE"
13,4,321,"WD","SE"
499,28,321,"WD","SE"
166,1,321,"WD","SE"
179,7,321,"WD","SE"
32,9,321,"WD","SE"
422,3,321,"WD","SE"
9,1,321,"WD","SE"
248,1,321,"WD","SE"
525,5,321,"WD","SE"
103,1,321,"WD","SE"
187,1,321,"WD","SE"
441,2,321,"WD","SE"
44,35,321,"WD","SE"
346,1,322,"WD","SE"
524,1,322,"WD","SE"
282,1,322,"WD","SE"
193,1,322,"WD","SE"
483,3,322,"WD","SE"
438,4,322,"WD","SE"
372,2,322,"WD","SE"
449,1,322,"WD","SE"
76,6,322,"WD","SE"
50,4,322,"WD","SE"
61,37,322,"WD","SE"
455,2,322,"WD","SE"
460,1,322,"WD","SE"
439,2,322,"WD","SE"
92,1,322,"WD","SE"
20,6,322,"WD","SE"
205,2,322,"WD","SE"
356,1,322,"WD","SE"
322,1,322,"WD","SE"
302,1,322,"WD","SE"
503,22,322,"WD","SE"
16,6,322,"WD","SE"
313,1,322,"WD","SE"
507,11,322,"WD","SE"
244,2,322,"WD","SE"
357,1,322,"WD","SE"
141,1,322,"WD","SE"
500,25,322,"WD","SE"
341,2,322,"WD","SE"
486,3,322,"WD","SE"
377,2,323,"WD","SE"
179,7,323,"WD","SE"
198,1,323,"WD","SE"
158,2,323,"WD","SE"
59,5,323,"WD","SE"
259,3,323,"WD","SE"
304,1,323,"WD","SE"
232,3,323,"WD","SE"
551,1,323,"WD","SE"
4,9,323,"WD","SE"
496,26,323,"WD","SE"
19,8,323,"WD","SE"
28,22,323,"WD","SE"
140,1,323,"WD","SE"
439,2,323,"WD","SE"
142,1,323,"WD","SE"
45,7,323,"WD","SE"
48,4,323,"WD","SE"
90,3,323,"WD","SE"
346,1,323,"WD","SE"
544,3,323,"WD","SE"
422,3,323,"WD","SE"
374,2,323,"WD","SE"
441,2,323,"WD","SE"
467,4,323,"WD","SE"
343,6,323,"WD","SE"
105,1,323,"WD","SE"
449,1,323,"WD","SE"
77,18,323,"WD","SE"
545,2,323,"WD","SE"
460,1,324,"WD","SE"
209,1,324,"WD","SE"
173,1,324,"WD","SE"
67,9,324,"WD","SE"
144,1,324,"WD","SE"
544,3,324,"WD","SE"
7,24,324,"WD","SE"
286,1,324,"WD","SE"
16,6,324,"WD","SE"
457,1,324,"WD","SE"
186,1,324,"WD","SE"
1,3,324,"WD","SE"
232,3,324,"WD","SE"
19,8,324,"WD","SE"
551,1,324,"WD","SE"
32,9,324,"WD","SE"
377,2,324,"WD","SE"
14,16,324,"WD","SE"
390,4,324,"WD","SE"
455,2,324,"WD","SE"
401,1,324,"WD","SE"
126,2,324,"WD","SE"
369,1,324,"WD","SE"
91,8,324,"WD","SE"
49,1,324,"WD","SE"
308,1,324,"WD","SE"
368,1,324,"WD","SE"
84,1,324,"WD","SE"
415,1,324,"WD","SE"
372,2,324,"WD","SE"
346,1,325,"WD","SE"
138,3,325,"WD","SE"
385,1,325,"WD","SE"
374,2,325,"WD","SE"
76,6,325,"WD","SE"
183,2,325,"WD","SE"
394,1,325,"WD","SE"
57,9,325,"WD","SE"
458,1,325,"WD","SE"
410,2,325,"WD","SE"
248,1,325,"WD","SE"
546,1,325,"WD","SE"
466,1,325,"WD","SE"
404,1,325,"WD","SE"
44,35,325,"WD","SE"
519,4,325,"WD","SE"
36,6,325,"WD","SE"
304,1,325,"WD","SE"
516,3,325,"WD","SE"
285,1,325,"WD","SE"
426,2,325,"WD","SE"
381,2,325,"WD","SE"
435,2,325,"WD","SE"
369,1,325,"WD","SE"
33,12,325,"WD","SE"
244,2,325,"WD","SE"
370,1,325,"WD","SE"
389,2,325,"WD","SE"
164,4,325,"WD","SE"
421,5,325,"WD","SE"
343,6,326,"WD","SE"
425,3,326,"WD","SE"
440,1,326,"WD","SE"
376,2,326,"WD","SE"
9,1,326,"WD","SE"
394,1,326,"WD","SE"
144,1,326,"WD","SE"
190,1,326,"WD","SE"
417,1,326,"WD","SE"
468,1,326,"WD","SE"
187,1,326,"WD","SE"
458,1,326,"WD","SE"
358,15,326,"WD","SE"
4,9,326,"WD","SE"
143,1,326,"WD","SE"
415,1,326,"WD","SE"
473,1,326,"WD","SE"
93,3,326,"WD","SE"
471,2,326,"WD","SE"
404,1,326,"WD","SE"
470,5,326,"WD","SE"
232,3,326,"WD","SE"
469,5,326,"WD","SE"
77,18,326,"WD","SE"
16,6,326,"WD","SE"
551,1,326,"WD","SE"
519,4,326,"WD","SE"
365,1,326,"WD","SE"
78,9,326,"WD","SE"
352,2,326,"WD","SE"
193,1,327,"WD","SE"
11,30,327,"WD","SE"
358,15,327,"WD","SE"
510,18,327,"WD","SE"
501,24,327,"WD","SE"
508,23,327,"WD","SE"
416,1,327,"WD","SE"
41,1,327,"WD","SE"
84,1,327,"WD","SE"
48,4,327,"WD","SE"
428,1,327,"WD","SE"
142,1,327,"WD","SE"
264,1,327,"WD","SE"
57,9,327,"WD","SE"
397,1,327,"WD","SE"
414,1,327,"WD","SE"
138,3,327,"WD","SE"
365,1,327,"WD","SE"
1,3,327,"WD","SE"
499,28,327,"WD","SE"
415,1,327,"WD","SE"
51,3,327,"WD","SE"
29,2,327,"WD","SE"
237,1,327,"WD","SE"
282,1,327,"WD","SE"
222,1,327,"WD","SE"
4,9,327,"WD","SE"
369,1,327,"WD","SE"
344,1,327,"WD","SE"
38,5,327,"WD","SE"
517,3,328,"WD","SE"
433,2,328,"WD","SE"
401,1,328,"WD","SE"
369,1,328,"WD","SE"
28,22,328,"WD","SE"
348,2,328,"WD","SE"
496,26,328,"WD","SE"
84,1,328,"WD","SE"
266,1,328,"WD","SE"
29,2,328,"WD","SE"
11,30,328,"WD","SE"
53,1,328,"WD","SE"
183,2,328,"WD","SE"
534,3,328,"WD","SE"
232,3,328,"WD","SE"
410,2,328,"WD","SE"
41,1,328,"WD","SE"
545,2,328,"WD","SE"
421,5,328,"WD","SE"
414,1,328,"WD","SE"
346,1,328,"WD","SE"
420,1,328,"WD","SE"
427,1,328,"WD","SE"
469,5,328,"WD","SE"
223,1,328,"WD","SE"
318,2,328,"WD","SE"
430,4,328,"WD","SE"
77,18,328,"WD","SE"
186,1,328,"WD","SE"
92,1,328,"WD","SE"
49,1,329,"WD","SE"
496,26,329,"WD","SE"
416,1,329,"WD","SE"
57,9,329,"WD","SE"
547,1,329,"WD","SE"
356,1,329,"WD","SE"
441,2,329,"WD","SE"
421,5,329,"WD","SE"
370,1,329,"WD","SE"
357,1,329,"WD","SE"
223,1,329,"WD","SE"
389,2,329,"WD","SE"
375,1,329,"WD","SE"
105,1,329,"WD","SE"
64,23,329,"WD","SE"
367,2,329,"WD","SE"
470,5,329,"WD","SE"
302,1,329,"WD","SE"
427,1,329,"WD","SE"
184,1,329,"WD","SE"
551,1,329,"WD","SE"
338,3,329,"WD","SE"
439,2,329,"WD","SE"
11,30,329,"WD","SE"
76,6,329,"WD","SE"
440,1,329,"WD","SE"
13,4,329,"WD","SE"
501,24,329,"WD","SE"
72,8,329,"WD","SE"
447,3,329,"WD","SE"
510,18,330,"WD","SE"
26,41,330,"WD","SE"
415,1,330,"WD","SE"
266,1,330,"WD","SE"
372,2,330,"WD","SE"
52,2,330,"WD","SE"
414,1,330,"WD","SE"
419,1,330,"WD","SE"
183,2,330,"WD","SE"
232,3,330,"WD","SE"
19,8,330,"WD","SE"
12,9,330,"WD","SE"
326,1,330,"WD","SE"
483,3,330,"WD","SE"
427,1,330,"WD","SE"
186,1,330,"WD","SE"
460,1,330,"WD","SE"
438,4,330,"WD","SE"
67,9,330,"WD","SE"
33,12,330,"WD","SE"
435,2,330,"WD","SE"
449,1,330,"WD","SE"
410,2,330,"WD","SE"
278,1,330,"WD","SE"
264,1,330,"WD","SE"
525,5,330,"WD","SE"
341,2,330,"WD","SE"
421,5,330,"WD","SE"
295,4,330,"WD","SE"
41,1,330,"WD","SE"
482,3,331,"WD","SE"
401,1,331,"WD","SE"
318,2,331,"WD","SE"
469,5,331,"WD","SE"
232,3,331,"WD","SE"
467,4,331,"WD","SE"
5,9,331,"WD","SE"
459,2,331,"WD","SE"
430,4,331,"WD","SE"
376,2,331,"WD","SE"
228,1,331,"WD","SE"
48,4,331,"WD","SE"
17,5,331,"WD","SE"
404,1,331,"WD","SE"
36,6,331,"WD","SE"
414,1,331,"WD","SE"
508,23,331,"WD","SE"
438,4,331,"WD","SE"
41,1,331,"WD","SE"
45,7,331,"WD","SE"
460,1,331,"WD","SE"
354,1,331,"WD","SE"
131,1,331,"WD","SE"
132,1,331,"WD","SE"
455,2,331,"WD","SE"
386,1,331,"WD","SE"
166,1,331,"WD","SE"
513,4,331,"WD","SE"
461,1,331,"WD","SE"
437,1,331,"WD","SE"
441,2,332,"WD","SE"
223,1,332,"WD","SE"
47,10,332,"WD","SE"
376,2,332,"WD","SE"
482,3,332,"WD","SE"
433,2,332,"WD","SE"
183,2,332,"WD","SE"
420,1,332,"WD","SE"
501,24,332,"WD","SE"
463,1,332,"WD","SE"
44,35,332,"WD","SE"
540,3,332,"WD","SE"
67,9,332,"WD","SE"
356,1,332,"WD","SE"
248,1,332,"WD","SE"
202,1,332,"WD","SE"
32,9,332,"WD","SE"
255,1,332,"WD","SE"
266,1,332,"WD","SE"
458,1,332,"WD","SE"
502,18,332,"WD","SE"
496,26,332,"WD","SE"
166,1,332,"WD","SE"
158,2,332,"WD","SE"
317,2,332,"WD","SE"
343,6,332,"WD","SE"
326,1,332,"WD","SE"
421,5,332,"WD","SE"
91,8,332,"WD","SE"
82,3,332,"WD","SE"
28,22,333,"WD","SE"
279,1,333,"WD","SE"
19,8,333,"WD","SE"
411,1,333,"WD","SE"
439,2,333,"WD","SE"
420,1,333,"WD","SE"
84,1,333,"WD","SE"
6,4,333,"WD","SE"
140,1,333,"WD","SE"
244,2,333,"WD","SE"
350,1,333,"WD","SE"
308,1,333,"WD","SE"
348,2,333,"WD","SE"
430,4,333,"WD","SE"
223,1,333,"WD","SE"
551,1,333,"WD","SE"
276,4,333,"WD","SE"
13,4,333,"WD","SE"
472,1,333,"WD","SE"
118,1,333,"WD","SE"
357,1,333,"WD","SE"
57,9,333,"WD","SE"
123,2,333,"WD","SE"
372,2,333,"WD","SE"
503,22,333,"WD","SE"
369,1,333,"WD","SE"
349,1,333,"WD","SE"
196,2,333,"WD","SE"
5,9,333,"WD","SE"
352,2,333,"WD","SE"
12,9,334,"WD","SE"
435,2,334,"WD","SE"
78,9,334,"WD","SE"
438,4,334,"WD","SE"
71,1,334,"WD","SE"
544,3,334,"WD","SE"
548,1,334,"WD","SE"
282,1,334,"WD","SE"
67,9,334,"WD","SE"
5,9,334,"WD","SE"
47,10,334,"WD","SE"
158,2,334,"WD","SE"
503,22,334,"WD","SE"
32,9,334,"WD","SE"
144,1,334,"WD","SE"
378,1,334,"WD","SE"
472,1,334,"WD","SE"
301,1,334,"WD","SE"
140,1,334,"WD","SE"
422,3,334,"WD","SE"
17,5,334,"WD","SE"
349,1,334,"WD","SE"
482,3,334,"WD","SE"
381,2,334,"WD","SE"
303,2,334,"WD","SE"
23,7,334,"WD","SE"
193,1,334,"WD","SE"
80,10,334,"WD","SE"
103,1,334,"WD","SE"
20,6,334,"WD","SE"
74,1,335,"WD","SE"
447,3,335,"WD","SE"
302,1,335,"WD","SE"
513,4,335,"WD","SE"
404,1,335,"WD","SE"
118,1,335,"WD","SE"
322,1,335,"WD","SE"
187,1,335,"WD","SE"
51,3,335,"WD","SE"
19,8,335,"WD","SE"
5,9,335,"WD","SE"
421,5,335,"WD","SE"
40,6,335,"WD","SE"
33,12,335,"WD","SE"
486,3,335,"WD","SE"
48,4,335,"WD","SE"
80,10,335,"WD","SE"
282,1,335,"WD","SE"
301,1,335,"WD","SE"
469,5,335,"WD","SE"
32,9,335,"WD","SE"
461,1,335,"WD","SE"
123,2,335,"WD","SE"
410,2,335,"WD","SE"
255,1,335,"WD","SE"
435,2,335,"WD","SE"
47,10,335,"WD","SE"
344,1,335,"WD","SE"
286,1,335,"WD","SE"
57,9,335,"WD","SE"
203,1,336,"WD","SE"
215,1,336,"WD","SE"
435,2,336,"WD","SE"
67,9,336,"WD","SE"
463,1,336,"WD","SE"
131,1,336,"WD","SE"
164,4,336,"WD","SE"
525,5,336,"WD","SE"
36,6,336,"WD","SE"
278,1,336,"WD","SE"
419,1,336,"WD","SE"
411,1,336,"WD","SE"
496,26,336,"WD","SE"
186,1,336,"WD","SE"
17,5,336,"WD","SE"
354,1,336,"WD","SE"
1,3,336,"WD","SE"
398,1,336,"WD","SE"
302,1,336,"WD","SE"
285,1,336,"WD","SE"
143,1,336,"WD","SE"
416,1,336,"WD","SE"
343,6,336,"WD","SE"
202,1,336,"WD","SE"
90,3,336,"WD","SE"
513,4,336,"WD","SE"
348,2,336,"WD","SE"
141,1,336,"WD","SE"
455,2,336,"WD","SE"
420,1,336,"WD","SE"
237,1,337,"WD","SE"
441,2,337,"WD","SE"
498,27,337,"WD","SE"
37,1,337,"WD","SE"
279,1,337,"WD","SE"
29,2,337,"WD","SE"
378,1,337,"WD","SE"
365,1,337,"WD","SE"
356,1,337,"WD","SE"
377,2,337,"WD","SE"
20,6,337,"WD","SE"
422,3,337,"WD","SE"
440,1,337,"WD","SE"
433,2,337,"WD","SE"
90,3,337,"WD","SE"
302,1,337,"WD","SE"
92,1,337,"WD","SE"
209,1,337,"WD","SE"
472,1,337,"WD","SE"
416,1,337,"WD","SE"
14,16,337,"WD","SE"
534,3,337,"WD","SE"
84,1,337,"WD","SE"
326,1,337,"WD","SE"
58,2,337,"WD","SE"
190,1,337,"WD","SE"
322,1,337,"WD","SE"
341,2,337,"WD","SE"
447,3,337,"WD","SE"
459,2,337,"WD","SE"
416,1,338,"WD","SE"
93,3,338,"WD","SE"
61,37,338,"WD","SE"
322,1,338,"WD","SE"
158,2,338,"WD","SE"
26,41,338,"WD","SE"
375,1,338,"WD","SE"
344,1,338,"WD","SE"
390,4,338,"WD","SE"
415,1,338,"WD","SE"
77,18,338,"WD","SE"
118,1,338,"WD","SE"
343,6,338,"WD","SE"
435,2,338,"WD","SE"
357,1,338,"WD","SE"
50,4,338,"WD","SE"
105,1,338,"WD","SE"
72,8,338,"WD","SE"
28,22,338,"WD","SE"
510,18,338,"WD","SE"
215,1,338,"WD","SE"
368,1,338,"WD","SE"
255,1,338,"WD","SE"
249,2,338,"WD","SE"
264,1,338,"WD","SE"
365,1,338,"WD","SE"
44,35,338,"WD","SE"
1,3,338,"WD","SE"
33,12,338,"WD","SE"
51,3,338,"WD","SE"
196,2,339,"WD","SE"
426,2,339,"WD","SE"
461,1,339,"WD","SE"
440,1,339,"WD","SE"
20,6,339,"WD","SE"
524,1,339,"WD","SE"
398,1,339,"WD","SE"
59,5,339,"WD","SE"
376,2,339,"WD","SE"
414,1,339,"WD","SE"
247,1,339,"WD","SE"
249,2,339,"WD","SE"
252,1,339,"WD","SE"
250,1,339,"WD","SE"
86,2,339,"WD","SE"
525,5,339,"WD","SE"
469,5,339,"WD","SE"
11,30,339,"WD","SE"
486,3,339,"WD","SE"
32,9,339,"WD","SE"
84,1,339,"WD","SE"
61,37,339,"WD","SE"
123,2,339,"WD","SE"
438,4,339,"WD","SE"
473,1,339,"WD","SE"
377,2,339,"WD","SE"
534,3,339,"WD","SE"
76,6,339,"WD","SE"
514,3,339,"WD","SE"
13,4,339,"WD","SE"
304,1,340,"WD","SE"
198,1,340,"WD","SE"
126,2,340,"WD","SE"
358,15,340,"WD","SE"
266,1,340,"WD","SE"
508,23,340,"WD","SE"
540,3,340,"WD","SE"
14,16,340,"WD","SE"
72,8,340,"WD","SE"
482,3,340,"WD","SE"
91,8,340,"WD","SE"
367,2,340,"WD","SE"
419,1,340,"WD","SE"
1,3,340,"WD","SE"
326,1,340,"WD","SE"
455,2,340,"WD","SE"
45,7,340,"WD","SE"
286,1,340,"WD","SE"
376,2,340,"WD","SE"
414,1,340,"WD","SE"
523,4,340,"WD","SE"
78,9,340,"WD","SE"
131,1,340,"WD","SE"
368,1,340,"WD","SE"
426,2,340,"WD","SE"
278,1,340,"WD","SE"
374,2,340,"WD","SE"
58,2,340,"WD","SE"
445,10,340,"WD","SE"
503,22,340,"WD","SE"
264,1,341,"WD","SE"
377,2,341,"WD","SE"
372,2,341,"WD","SE"
23,7,341,"WD","SE"
76,6,341,"WD","SE"
411,1,341,"WD","SE"
504,35,341,"WD","SE"
397,1,341,"WD","SE"
349,1,341,"WD","SE"
358,15,341,"WD","SE"
338,3,341,"WD","SE"
166,1,341,"WD","SE"
458,1,341,"WD","SE"
375,1,341,"WD","SE"
437,1,341,"WD","SE"
525,5,341,"WD","SE"
385,1,341,"WD","SE"
378,1,341,"WD","SE"
131,1,341,"WD","SE"
93,3,341,"WD","SE"
92,1,341,"WD","SE"
48,4,341,"WD","SE"
140,1,341,"WD","SE"
461,1,341,"WD","SE"
74,1,341,"WD","SE"
49,1,341,"WD","SE"
12,9,341,"WD","SE"
1,3,341,"WD","SE"
41,1,341,"WD","SE"
105,1,341,"WD","SE"
86,2,342,"WD","SE"
49,1,342,"WD","SE"
123,2,342,"WD","SE"
187,1,342,"WD","SE"
20,6,342,"WD","SE"
186,1,342,"WD","SE"
302,1,342,"WD","SE"
358,15,342,"WD","SE"
13,4,342,"WD","SE"
28,22,342,"WD","SE"
202,1,342,"WD","SE"
438,4,342,"WD","SE"
92,1,342,"WD","SE"
545,2,342,"WD","SE"
29,2,342,"WD","SE"
483,3,342,"WD","SE"
427,1,342,"WD","SE"
317,2,342,"WD","SE"
386,1,342,"WD","SE"
33,12,342,"WD","SE"
502,18,342,"WD","SE"
142,1,342,"WD","SE"
350,1,342,"WD","SE"
37,1,342,"WD","SE"
547,1,342,"WD","SE"
377,2,342,"WD","SE"
459,2,342,"WD","SE"
419,1,342,"WD","SE"
76,6,342,"WD","SE"
313,1,342,"WD","SE"
468,1,343,"WD","SE"
36,6,343,"WD","SE"
58,2,343,"WD","SE"
377,2,343,"WD","SE"
202,1,343,"WD","SE"
6,4,343,"WD","SE"
184,1,343,"WD","SE"
352,2,343,"WD","SE"
380,3,343,"WD","SE"
276,4,343,"WD","SE"
471,2,343,"WD","SE"
326,1,343,"WD","SE"
546,1,343,"WD","SE"
419,1,343,"WD","SE"
503,22,343,"WD","SE"
141,1,343,"WD","SE"
415,1,343,"WD","SE"
425,3,343,"WD","SE"
186,1,343,"WD","SE"
126,2,343,"WD","SE"
369,1,343,"WD","SE"
38,5,343,"WD","SE"
421,5,343,"WD","SE"
459,2,343,"WD","SE"
67,9,343,"WD","SE"
301,1,343,"WD","SE"
143,1,343,"WD","SE"
463,1,343,"WD","SE"
375,1,343,"WD","SE"
445,10,343,"WD","SE"
84,1,344,"WD","SE"
6,4,344,"WD","SE"
249,2,344,"WD","SE"
467,4,344,"WD","SE"
90,3,344,"WD","SE"
41,1,344,"WD","SE"
430,4,344,"WD","SE"
496,26,344,"WD","SE"
545,2,344,"WD","SE"
440,1,344,"WD","SE"
372,2,344,"WD","SE"
214,1,344,"WD","SE"
9,1,344,"WD","SE"
255,1,344,"WD","SE"
534,3,344,"WD","SE"
48,4,344,"WD","SE"
76,6,344,"WD","SE"
12,9,344,"WD","SE"
126,2,344,"WD","SE"
138,3,344,"WD","SE"
507,11,344,"WD","SE"
420,1,344,"WD","SE"
322,1,344,"WD","SE"
368,1,344,"WD","SE"
519,4,344,"WD","SE"
40,6,344,"WD","SE"
52,2,344,"WD","SE"
142,1,344,"WD","SE"
128,1,344,"WD","SE"
248,1,344,"WD","SE"
441,2,345,"WD","SE"
76,6,345,"WD","SE"
510,18,345,"WD","SE"
354,1,345,"WD","SE"
44,35,345,"WD","SE"
74,1,345,"WD","SE"
183,2,345,"WD","SE"
93,3,345,"WD","SE"
440,1,345,"WD","SE"
36,6,345,"WD","SE"
326,1,345,"WD","SE"
381,2,345,"WD","SE"
141,1,345,"WD","SE"
404,1,345,"WD","SE"
414,1,345,"WD","SE"
40,6,345,"WD","SE"
17,5,345,"WD","SE"
496,26,345,"WD","SE"
376,2,345,"WD","SE"
356,1,345,"WD","SE"
385,1,345,"WD","SE"
16,6,345,"WD","SE"
61,37,345,"WD","SE"
468,1,345,"WD","SE"
38,5,345,"WD","SE"
514,3,345,"WD","SE"
48,4,345,"WD","SE"
357,1,345,"WD","SE"
427,1,345,"WD","SE"
544,3,345,"WD","SE"
467,4,346,"WD","SE"
57,9,346,"WD","SE"
546,1,346,"WD","SE"
51,3,346,"WD","SE"
43,1,346,"WD","SE"
374,2,346,"WD","SE"
14,16,346,"WD","SE"
417,1,346,"WD","SE"
252,1,346,"WD","SE"
198,1,346,"WD","SE"
410,2,346,"WD","SE"
29,2,346,"WD","SE"
255,1,346,"WD","SE"
196,2,346,"WD","SE"
445,10,346,"WD","SE"
401,1,346,"WD","SE"
308,1,346,"WD","SE"
33,12,346,"WD","SE"
322,1,346,"WD","SE"
84,1,346,"WD","SE"
77,18,346,"WD","SE"
158,2,346,"WD","SE"
131,1,346,"WD","SE"
143,1,346,"WD","SE"
438,4,346,"WD","SE"
20,6,346,"WD","SE"
352,2,346,"WD","SE"
7,24,346,"WD","SE"
424,1,346,"WD","SE"
190,1,346,"WD","SE"
164,4,347,"WD","SE"
131,1,347,"WD","SE"
455,2,347,"WD","SE"
247,1,347,"WD","SE"
341,2,347,"WD","SE"
467,4,347,"WD","SE"
17,5,347,"WD","SE"
84,1,347,"WD","SE"
435,2,347,"WD","SE"
517,3,347,"WD","SE"
144,1,347,"WD","SE"
502,18,347,"WD","SE"
303,2,347,"WD","SE"
358,15,347,"WD","SE"
82,3,347,"WD","SE"
445,10,347,"WD","SE"
92,1,347,"WD","SE"
74,1,347,"WD","SE"
421,5,347,"WD","SE"
424,1,347,"WD","SE"
458,1,347,"WD","SE"
48,4,347,"WD","SE"
411,1,347,"WD","SE"
503,22,347,"WD","SE"
64,23,347,"WD","SE"
19,8,347,"WD","SE"
356,1,347,"WD","SE"
508,23,347,"WD","SE"
202,1,347,"WD","SE"
525,5,347,"WD","SE"
437,1,348,"WD","SE"
500,25,348,"WD","SE"
525,5,348,"WD","SE"
467,4,348,"WD","SE"
91,8,348,"WD","SE"
344,1,348,"WD","SE"
473,1,348,"WD","SE"
326,1,348,"WD","SE"
183,2,348,"WD","SE"
458,1,348,"WD","SE"
313,1,348,"WD","SE"
202,1,348,"WD","SE"
517,3,348,"WD","SE"
498,27,348,"WD","SE"
250,1,348,"WD","SE"
279,1,348,"WD","SE"
266,1,348,"WD","SE"
90,3,348,"WD","SE"
4,9,348,"WD","SE"
459,2,348,"WD","SE"
11,30,348,"WD","SE"
20,6,348,"WD","SE"
389,2,348,"WD","SE"
43,1,348,"WD","SE"
67,9,348,"WD","SE"
103,1,348,"WD","SE"
397,1,348,"WD","SE"
502,18,348,"WD","SE"
222,1,348,"WD","SE"
394,1,348,"WD","SE"
367,2,349,"WD","SE"
424,1,349,"WD","SE"
252,1,349,"WD","SE"
13,4,349,"WD","SE"
482,3,349,"WD","SE"
244,2,349,"WD","SE"
166,1,349,"WD","SE"
440,1,349,"WD","SE"
425,3,349,"WD","SE"
510,18,349,"WD","SE"
501,24,349,"WD","SE"
93,3,349,"WD","SE"
247,1,349,"WD","SE"
77,18,349,"WD","SE"
308,1,349,"WD","SE"
525,5,349,"WD","SE"
203,1,349,"WD","SE"
198,1,349,"WD","SE"
507,11,349,"WD","SE"
38,5,349,"WD","SE"
126,2,349,"WD","SE"
350,1,349,"WD","SE"
439,2,349,"WD","SE"
349,1,349,"WD","SE"
346,1,349,"WD","SE"
91,8,349,"WD","SE"
140,1,349,"WD","SE"
461,1,349,"WD","SE"
47,10,349,"WD","SE"
441,2,349,"WD","SE"
357,1,350,"WD","SE"
36,6,350,"WD","SE"
313,1,350,"WD","SE"
223,1,350,"WD","SE"
343,6,350,"WD","SE"
232,3,350,"WD","SE"
14,16,350,"WD","SE"
103,1,350,"WD","SE"
48,4,350,"WD","SE"
301,1,350,"WD","SE"
544,3,350,"WD","SE"
534,3,350,"WD","SE"
255,1,350,"WD","SE"
278,1,350,"WD","SE"
132,1,350,"WD","SE"
4,9,350,"WD","SE"
5,9,350,"WD","SE"
49,1,350,"WD","SE"
77,18,350,"WD","SE"
469,5,350,"WD","SE"
45,7,350,"WD","SE"
64,23,350,"WD","SE"
183,2,350,"WD","SE"
510,18,350,"WD","SE"
222,1,350,"WD","SE"
128,1,350,"WD","SE"
250,1,350,"WD","SE"
386,1,350,"WD","SE"
279,1,350,"WD","SE"
259,3,350,"WD","SE"
380,3,351,"WD","SE"
376,2,351,"WD","SE"
244,2,351,"WD","SE"
389,2,351,"WD","SE"
467,4,351,"WD","SE"
503,22,351,"WD","SE"
51,3,351,"WD","SE"
308,1,351,"WD","SE"
38,5,351,"WD","SE"
524,1,351,"WD","SE"
59,5,351,"WD","SE"
80,10,351,"WD","SE"
40,6,351,"WD","SE"
302,1,351,"WD","SE"
463,1,351,"WD","SE"
78,9,351,"WD","SE"
248,1,351,"WD","SE"
374,2,351,"WD","SE"
93,3,351,"WD","SE"
105,1,351,"WD","SE"
516,3,351,"WD","SE"
368,1,351,"WD","SE"
36,6,351,"WD","SE"
303,2,351,"WD","SE"
461,1,351,"WD","SE"
469,5,351,"WD","SE"
404,1,351,"WD","SE"
48,4,351,"WD","SE"
228,1,351,"WD","SE"
132,1,351,"WD","SE"
343,6,352,"WD","SE"
123,2,352,"WD","SE"
71,1,352,"WD","SE"
416,1,352,"WD","SE"
370,1,352,"WD","SE"
468,1,352,"WD","SE"
126,2,352,"WD","SE"
510,18,352,"WD","SE"
380,3,352,"WD","SE"
458,1,352,"WD","SE"
26,41,352,"WD","SE"
5,9,352,"WD","SE"
132,1,352,"WD","SE"
9,1,352,"WD","SE"
383,1,352,"WD","SE"
389,2,352,"WD","SE"
430,4,352,"WD","SE"
266,1,352,"WD","SE"
17,5,352,"WD","SE"
53,1,352,"WD","SE"
80,10,352,"WD","SE"
166,1,352,"WD","SE"
514,3,352,"WD","SE"
425,3,352,"WD","SE"
37,1,352,"WD","SE"
313,1,352,"WD","SE"
308,1,352,"WD","SE"
415,1,352,"WD","SE"
427,1,352,"WD","SE"
6,4,352,"WD","SE"
14,16,353,"WD","SE"
426,2,353,"WD","SE"
92,1,353,"WD","SE"
326,1,353,"WD","SE"
389,2,353,"WD","SE"
282,1,353,"WD","SE"
237,1,353,"WD","SE"
255,1,353,"WD","SE"
513,4,353,"WD","SE"
499,28,353,"WD","SE"
547,1,353,"WD","SE"
503,22,353,"WD","SE"
350,1,353,"WD","SE"
551,1,353,"WD","SE"
374,2,353,"WD","SE"
375,1,353,"WD","SE"
378,1,353,"WD","SE"
166,1,353,"WD","SE"
142,1,353,"WD","SE"
417,1,353,"WD","SE"
367,2,353,"WD","SE"
472,1,353,"WD","SE"
470,5,353,"WD","SE"
343,6,353,"WD","SE"
445,10,353,"WD","SE"
534,3,353,"WD","SE"
28,22,353,"WD","SE"
17,5,353,"WD","SE"
7,24,353,"WD","SE"
249,2,353,"WD","SE"
467,4,354,"WD","SE"
237,1,354,"WD","SE"
545,2,354,"WD","SE"
349,1,354,"WD","SE"
398,1,354,"WD","SE"
461,1,354,"WD","SE"
378,1,354,"WD","SE"
51,3,354,"WD","SE"
23,7,354,"WD","SE"
71,1,354,"WD","SE"
459,2,354,"WD","SE"
401,1,354,"WD","SE"
232,3,354,"WD","SE"
460,1,354,"WD","SE"
131,1,354,"WD","SE"
416,1,354,"WD","SE"
430,4,354,"WD","SE"
84,1,354,"WD","SE"
449,1,354,"WD","SE"
248,1,354,"WD","SE"
510,18,354,"WD","SE"
247,1,354,"WD","SE"
482,3,354,"WD","SE"
517,3,354,"WD","SE"
394,1,354,"WD","SE"
144,1,354,"WD","SE"
377,2,354,"WD","SE"
38,5,354,"WD","SE"
276,4,354,"WD","SE"
301,1,354,"WD","SE"
548,1,355,"WD","SE"
186,1,355,"WD","SE"
16,6,355,"WD","SE"
48,4,355,"WD","SE"
82,3,355,"WD","SE"
322,1,355,"WD","SE"
57,9,355,"WD","SE"
93,3,355,"WD","SE"
416,1,355,"WD","SE"
14,16,355,"WD","SE"
193,1,355,"WD","SE"
370,1,355,"WD","SE"
131,1,355,"WD","SE"
326,1,355,"WD","SE"
546,1,355,"WD","SE"
36,6,355,"WD","SE"
545,2,355,"WD","SE"
223,1,355,"WD","SE"
77,18,355,"WD","SE"
390,4,355,"WD","SE"
380,3,355,"WD","SE"
76,6,355,"WD","SE"
356,1,355,"WD","SE"
286,1,355,"WD","SE"
158,2,355,"WD","SE"
302,1,355,"WD","SE"
228,1,355,"WD","SE"
1,3,355,"WD","SE"
496,26,355,"WD","SE"
249,2,355,"WD","SE"
440,1,356,"WD","SE"
352,2,356,"WD","SE"
470,5,356,"WD","SE"
457,1,356,"WD","SE"
76,6,356,"WD","SE"
59,5,356,"WD","SE"
483,3,356,"WD","SE"
50,4,356,"WD","SE"
524,1,356,"WD","SE"
143,1,356,"WD","SE"
519,4,356,"WD","SE"
215,1,356,"WD","SE"
58,2,356,"WD","SE"
51,3,356,"WD","SE"
504,35,356,"WD","SE"
244,2,356,"WD","SE"
460,1,356,"WD","SE"
209,1,356,"WD","SE"
11,30,356,"WD","SE"
67,9,356,"WD","SE"
397,1,356,"WD","SE"
16,6,356,"WD","SE"
72,8,356,"WD","SE"
286,1,356,"WD","SE"
369,1,356,"WD","SE"
424,1,356,"WD","SE"
170,1,356,"WD","SE"
250,1,356,"WD","SE"
33,12,356,"WD","SE"
544,3,356,"WD","SE"
77,18,357,"WD","SE"
5,9,357,"WD","SE"
164,4,357,"WD","SE"
16,6,357,"WD","SE"
352,2,357,"WD","SE"
435,2,357,"WD","SE"
471,2,357,"WD","SE"
469,5,357,"WD","SE"
1,3,357,"WD","SE"
508,23,357,"WD","SE"
19,8,357,"WD","SE"
422,3,357,"WD","SE"
53,1,357,"WD","SE"
513,4,357,"WD","SE"
58,2,357,"WD","SE"
103,1,357,"WD","SE"
44,35,357,"WD","SE"
141,1,357,"WD","SE"
458,1,357,"WD","SE"
472,1,357,"WD","SE"
468,1,357,"WD","SE"
540,3,357,"WD","SE"
23,7,357,"WD","SE"
138,3,357,"WD","SE"
248,1,357,"WD","SE"
421,5,357,"WD","SE"
375,1,357,"WD","SE"
67,9,357,"WD","SE"
514,3,357,"WD","SE"
90,3,357,"WD","SE"
445,10,358,"WD","SE"
202,1,358,"WD","SE"
173,1,358,"WD","SE"
504,35,358,"WD","SE"
214,1,358,"WD","SE"
422,3,358,"WD","SE"
455,2,358,"WD","SE"
420,1,358,"WD","SE"
363,1,358,"WD","SE"
546,1,358,"WD","SE"
482,3,358,"WD","SE"
105,1,358,"WD","SE"
523,4,358,"WD","SE"
33,12,358,"WD","SE"
196,2,358,"WD","SE"
67,9,358,"WD","SE"
48,4,358,"WD","SE"
547,1,358,"WD","SE"
369,1,358,"WD","SE"
158,2,358,"WD","SE"
9,1,358,"WD","SE"
404,1,358,"WD","SE"
250,1,358,"WD","SE"
37,1,358,"WD","SE"
348,2,358,"WD","SE"
131,1,358,"WD","SE"
44,35,358,"WD","SE"
499,28,358,"WD","SE"
322,1,358,"WD","SE"
389,2,358,"WD","SE"
19,8,359,"WD","SE"
4,9,359,"WD","SE"
84,1,359,"WD","SE"
374,2,359,"WD","SE"
410,2,359,"WD","SE"
514,3,359,"WD","SE"
504,35,359,"WD","SE"
26,41,359,"WD","SE"
461,1,359,"WD","SE"
138,3,359,"WD","SE"
427,1,359,"WD","SE"
13,4,359,"WD","SE"
214,1,359,"WD","SE"
486,3,359,"WD","SE"
64,23,359,"WD","SE"
36,6,359,"WD","SE"
547,1,359,"WD","SE"
459,2,359,"WD","SE"
12,9,359,"WD","SE"
389,2,359,"WD","SE"
372,2,359,"WD","SE"
215,1,359,"WD","SE"
468,1,359,"WD","SE"
20,6,359,"WD","SE"
23,7,359,"WD","SE"
496,26,359,"WD","SE"
524,1,359,"WD","SE"
237,1,359,"WD","SE"
398,1,359,"WD","SE"
282,1,359,"WD","SE"
381,2,360,"WD","SE"
357,1,360,"WD","SE"
473,1,360,"WD","SE"
551,1,360,"WD","SE"
179,7,360,"WD","SE"
376,2,360,"WD","SE"
368,1,360,"WD","SE"
465,1,360,"WD","SE"
286,1,360,"WD","SE"
202,1,360,"WD","SE"
259,3,360,"WD","SE"
449,1,360,"WD","SE"
378,1,360,"WD","SE"
422,3,360,"WD","SE"
183,2,360,"WD","SE"
468,1,360,"WD","SE"
394,1,360,"WD","SE"
445,10,360,"WD","SE"
32,9,360,"WD","SE"
470,5,360,"WD","SE"
61,37,360,"WD","SE"
29,2,360,"WD","SE"
1,3,360,"WD","SE"
467,4,360,"WD","SE"
302,1,360,"WD","SE"
507,11,360,"WD","SE"
255,1,360,"WD","SE"
516,3,360,"WD","SE"
196,2,360,"WD","SE"
318,2,360,"WD","SE"
421,5,361,"WD","SE"
276,4,361,"WD","SE"
410,2,361,"WD","SE"
343,6,361,"WD","SE"
433,2,361,"WD","SE"
141,1,361,"WD","SE"
545,2,361,"WD","SE"
209,1,361,"WD","SE"
203,1,361,"WD","SE"
375,1,361,"WD","SE"
370,1,361,"WD","SE"
422,3,361,"WD","SE"
548,1,361,"WD","SE"
232,3,361,"WD","SE"
313,1,361,"WD","SE"
193,1,361,"WD","SE"
45,7,361,"WD","SE"
67,9,361,"WD","SE"
214,1,361,"WD","SE"
465,1,361,"WD","SE"
482,3,361,"WD","SE"
390,4,361,"WD","SE"
123,2,361,"WD","SE"
461,1,361,"WD","SE"
401,1,361,"WD","SE"
132,1,361,"WD","SE"
367,2,361,"WD","SE"
12,9,361,"WD","SE"
385,1,361,"WD","SE"
72,8,361,"WD","SE"
286,1,362,"WD","SE"
302,1,362,"WD","SE"
440,1,362,"WD","SE"
279,1,362,"WD","SE"
313,1,362,"WD","SE"
348,2,362,"WD","SE"
184,1,362,"WD","SE"
52,2,362,"WD","SE"
367,2,362,"WD","SE"
74,1,362,"WD","SE"
524,1,362,"WD","SE"
6,4,362,"WD","SE"
190,1,362,"WD","SE"
123,2,362,"WD","SE"
458,1,362,"WD","SE"
71,1,362,"WD","SE"
237,1,362,"WD","SE"
467,4,362,"WD","SE"
82,3,362,"WD","SE"
193,1,362,"WD","SE"
203,1,362,"WD","SE"
500,25,362,"WD","SE"
183,2,362,"WD","SE"
179,7,362,"WD","SE"
514,3,362,"WD","SE"
140,1,362,"WD","SE"
482,3,362,"WD","SE"
44,35,362,"WD","SE"
202,1,362,"WD","SE"
186,1,362,"WD","SE"
415,1,363,"WD","SE"
142,1,363,"WD","SE"
534,3,363,"WD","SE"
368,1,363,"WD","SE"
67,9,363,"WD","SE"
255,1,363,"WD","SE"
228,1,363,"WD","SE"
437,1,363,"WD","SE"
126,2,363,"WD","SE"
72,8,363,"WD","SE"
49,1,363,"WD","SE"
50,4,363,"WD","SE"
138,3,363,"WD","SE"
504,35,363,"WD","SE"
29,2,363,"WD","SE"
472,1,363,"WD","SE"
468,1,363,"WD","SE"
380,3,363,"WD","SE"
250,1,363,"WD","SE"
9,1,363,"WD","SE"
486,3,363,"WD","SE"
52,2,363,"WD","SE"
404,1,363,"WD","SE"
510,18,363,"WD","SE"
350,1,363,"WD","SE"
84,1,363,"WD","SE"
57,9,363,"WD","SE"
58,2,363,"WD","SE"
16,6,363,"WD","SE"
467,4,363,"WD","SE"
352,2,364,"WD","SE"
439,2,364,"WD","SE"
317,2,364,"WD","SE"
376,2,364,"WD","SE"
326,1,364,"WD","SE"
198,1,364,"WD","SE"
140,1,364,"WD","SE"
64,23,364,"WD","SE"
517,3,364,"WD","SE"
385,1,364,"WD","SE"
308,1,364,"WD","SE"
461,1,364,"WD","SE"
417,1,364,"WD","SE"
523,4,364,"WD","SE"
128,1,364,"WD","SE"
449,1,364,"WD","SE"
47,10,364,"WD","SE"
244,2,364,"WD","SE"
508,23,364,"WD","SE"
37,1,364,"WD","SE"
313,1,364,"WD","SE"
255,1,364,"WD","SE"
223,1,364,"WD","SE"
547,1,364,"WD","SE"
247,1,364,"WD","SE"
499,28,364,"WD","SE"
1,3,364,"WD","SE"
33,12,364,"WD","SE"
357,1,364,"WD","SE"
40,6,364,"WD","SE"
286,1,365,"WD","SE"
439,2,365,"WD","SE"
252,1,365,"WD","SE"
482,3,365,"WD","SE"
196,2,365,"WD","SE"
326,1,365,"WD","SE"
126,2,365,"WD","SE"
61,37,365,"WD","SE"
128,1,365,"WD","SE"
11,30,365,"WD","SE"
397,1,365,"WD","SE"
341,2,365,"WD","SE"
455,2,365,"WD","SE"
461,1,365,"WD","SE"
426,2,365,"WD","SE"
358,15,365,"WD","SE"
546,1,365,"WD","SE"
435,2,365,"WD","SE"
282,1,365,"WD","SE"
470,5,365,"WD","SE"
202,1,365,"WD","SE"
29,2,365,"WD","SE"
50,4,365,"WD","SE"
141,1,365,"WD","SE"
507,11,365,"WD","SE"
419,1,365,"WD","SE"
279,1,365,"WD","SE"
463,1,365,"WD","SE"
228,1,365,"WD","SE"
41,1,365,"WD","SE"
179,7,366,"WD","SE"
416,1,366,"WD","SE"
534,3,366,"WD","SE"
467,4,366,"WD","SE"
166,1,366,"WD","SE"
365,1,366,"WD","SE"
417,1,366,"WD","SE"
72,8,366,"WD","SE"
525,5,366,"WD","SE"
78,9,366,"WD","SE"
91,8,366,"WD","SE"
141,1,366,"WD","SE"
43,1,366,"WD","SE"
317,2,366,"WD","SE"
118,1,366,"WD","SE"
12,9,366,"WD","SE"
20,6,366,"WD","SE"
486,3,366,"WD","SE"
500,25,366,"WD","SE"
441,2,366,"WD","SE"
459,2,366,"WD","SE"
9,1,366,"WD","SE"
504,35,366,"WD","SE"
158,2,366,"WD","SE"
184,1,366,"WD","SE"
517,3,366,"WD","SE"
482,3,366,"WD","SE"
1,3,366,"WD","SE"
368,1,366,"WD","SE"
214,1,366,"WD","SE"
26,41,367,"WD","SE"
503,22,367,"WD","SE"
303,2,367,"WD","SE"
377,2,367,"WD","SE"
29,2,367,"WD","SE"
457,1,367,"WD","SE"
304,1,367,"WD","SE"
214,1,367,"WD","SE"
92,1,367,"WD","SE"
286,1,367,"WD","SE"
548,1,367,"WD","SE"
93,3,367,"WD","SE"
439,2,367,"WD","SE"
6,4,367,"WD","SE"
279,1,367,"WD","SE"
58,2,367,"WD","SE"
417,1,367,"WD","SE"
105,1,367,"WD","SE"
525,5,367,"WD","SE"
483,3,367,"WD","SE"
376,2,367,"WD","SE"
123,2,367,"WD","SE"
504,35,367,"WD","SE"
547,1,367,"WD","SE"
103,1,367,"WD","SE"
276,4,367,"WD","SE"
313,1,367,"WD","SE"
173,1,367,"WD","SE"
369,1,367,"WD","SE"
228,1,367,"WD","SE"
380,3,368,"WD","SE"
49,1,368,"WD","SE"
500,25,368,"WD","SE"
516,3,368,"WD","SE"
498,27,368,"WD","SE"
45,7,368,"WD","SE"
374,2,368,"WD","SE"
32,9,368,"WD","SE"
472,1,368,"WD","SE"
19,8,368,"WD","SE"
370,1,368,"WD","SE"
367,2,368,"WD","SE"
179,7,368,"WD","SE"
144,1,368,"WD","SE"
184,1,368,"WD","SE"
103,1,368,"WD","SE"
508,23,368,"WD","SE"
173,1,368,"WD","SE"
5,9,368,"WD","SE"
517,3,368,"WD","SE"
381,2,368,"WD","SE"
389,2,368,"WD","SE"
80,10,368,"WD","SE"
383,1,368,"WD","SE"
77,18,368,"WD","SE"
445,10,368,"WD","SE"
394,1,368,"WD","SE"
422,3,368,"WD","SE"
58,2,368,"WD","SE"
202,1,368,"WD","SE"
419,1,369,"WD","SE"
449,1,369,"WD","SE"
503,22,369,"WD","SE"
64,23,369,"WD","SE"
179,7,369,"WD","SE"
78,9,369,"WD","SE"
367,2,369,"WD","SE"
467,4,369,"WD","SE"
76,6,369,"WD","SE"
465,1,369,"WD","SE"
198,1,369,"WD","SE"
472,1,369,"WD","SE"
508,23,369,"WD","SE"
19,8,369,"WD","SE"
77,18,369,"WD","SE"
29,2,369,"WD","SE"
517,3,369,"WD","SE"
266,1,369,"WD","SE"
447,3,369,"WD","SE"
237,1,369,"WD","SE"
338,3,369,"WD","SE"
372,2,369,"WD","SE"
486,3,369,"WD","SE"
26,41,369,"WD","SE"
422,3,369,"WD","SE"
523,4,369,"WD","SE"
186,1,369,"WD","SE"
255,1,369,"WD","SE"
385,1,369,"WD","SE"
36,6,369,"WD","SE"
504,35,370,"WD","SE"
19,8,370,"WD","SE"
301,1,370,"WD","SE"
12,9,370,"WD","SE"
286,1,370,"WD","SE"
51,3,370,"WD","SE"
279,1,370,"WD","SE"
421,5,370,"WD","SE"
514,3,370,"WD","SE"
38,5,370,"WD","SE"
17,5,370,"WD","SE"
41,1,370,"WD","SE"
460,1,370,"WD","SE"
369,1,370,"WD","SE"
447,3,370,"WD","SE"
90,3,370,"WD","SE"
16,6,370,"WD","SE"
466,1,370,"WD","SE"
255,1,370,"WD","SE"
422,3,370,"WD","SE"
338,3,370,"WD","SE"
29,2,370,"WD","SE"
397,1,370,"WD","SE"
534,3,370,"WD","SE"
498,27,370,"WD","SE"
346,1,370,"WD","SE"
354,1,370,"WD","SE"
166,1,370,"WD","SE"
433,2,370,"WD","SE"
78,9,370,"WD","SE"
380,3,371,"WD","SE"
368,1,371,"WD","SE"
57,9,371,"WD","SE"
82,3,371,"WD","SE"
170,1,371,"WD","SE"
32,9,371,"WD","SE"
463,1,371,"WD","SE"
419,1,371,"WD","SE"
410,2,371,"WD","SE"
232,3,371,"WD","SE"
61,37,371,"WD","SE"
285,1,371,"WD","SE"
282,1,371,"WD","SE"
29,2,371,"WD","SE"
202,1,371,"WD","SE"
546,1,371,"WD","SE"
377,2,371,"WD","SE"
381,2,371,"WD","SE"
496,26,371,"WD","SE"
93,3,371,"WD","SE"
158,2,371,"WD","SE"
534,3,371,"WD","SE"
77,18,371,"WD","SE"
166,1,371,"WD","SE"
502,18,371,"WD","SE"
266,1,371,"WD","SE"
326,1,371,"WD","SE"
50,4,371,"WD","SE"
346,1,371,"WD","SE"
4,9,371,"WD","SE"
326,1,372,"WD","SE"
317,2,372,"WD","SE"
503,22,372,"WD","SE"
441,2,372,"WD","SE"
259,3,372,"WD","SE"
203,1,372,"WD","SE"
7,24,372,"WD","SE"
346,1,372,"WD","SE"
11,30,372,"WD","SE"
368,1,372,"WD","SE"
28,22,372,"WD","SE"
507,11,372,"WD","SE"
502,18,372,"WD","SE"
501,24,372,"WD","SE"
426,2,372,"WD","SE"
90,3,372,"WD","SE"
376,2,372,"WD","SE"
410,2,372,"WD","SE"
548,1,372,"WD","SE"
209,1,372,"WD","SE"
78,9,372,"WD","SE"
440,1,372,"WD","SE"
416,1,372,"WD","SE"
397,1,372,"WD","SE"
461,1,372,"WD","SE"
301,1,372,"WD","SE"
61,37,372,"WD","SE"
370,1,372,"WD","SE"
29,2,372,"WD","SE"
14,16,372,"WD","SE"
460,1,373,"WD","SE"
76,6,373,"WD","SE"
52,2,373,"WD","SE"
40,6,373,"WD","SE"
6,4,373,"WD","SE"
215,1,373,"WD","SE"
326,1,373,"WD","SE"
424,1,373,"WD","SE"
266,1,373,"WD","SE"
483,3,373,"WD","SE"
228,1,373,"WD","SE"
12,9,373,"WD","SE"
346,1,373,"WD","SE"
546,1,373,"WD","SE"
72,8,373,"WD","SE"
376,2,373,"WD","SE"
410,2,373,"WD","SE"
16,6,373,"WD","SE"
356,1,373,"WD","SE"
202,1,373,"WD","SE"
500,25,373,"WD","SE"
205,2,373,"WD","SE"
525,5,373,"WD","SE"
501,24,373,"WD","SE"
341,2,373,"WD","SE"
5,9,373,"WD","SE"
455,2,373,"WD","SE"
534,3,373,"WD","SE"
430,4,373,"WD","SE"
513,4,373,"WD","SE"
276,4,374,"WD","SE"
460,1,374,"WD","SE"
433,2,374,"WD","SE"
440,1,374,"WD","SE"
341,2,374,"WD","SE"
28,22,374,"WD","SE"
390,4,374,"WD","SE"
470,5,374,"WD","SE"
322,1,374,"WD","SE"
282,1,374,"WD","SE"
361,3,374,"WD","SE"
524,1,374,"WD","SE"
420,1,374,"WD","SE"
278,1,374,"WD","SE"
503,22,374,"WD","SE"
502,18,374,"WD","SE"
82,3,374,"WD","SE"
459,2,374,"WD","SE"
285,1,374,"WD","SE"
467,4,374,"WD","SE"
504,35,374,"WD","SE"
1,3,374,"WD","SE"
80,10,374,"WD","SE"
29,2,374,"WD","SE"
540,3,374,"WD","SE"
187,1,374,"WD","SE"
350,1,374,"WD","SE"
461,1,374,"WD","SE"
466,1,374,"WD","SE"
510,18,374,"WD","SE"
385,1,375,"WD","SE"
318,2,375,"WD","SE"
202,1,375,"WD","SE"
348,2,375,"WD","SE"
276,4,375,"WD","SE"
514,3,375,"WD","SE"
1,3,375,"WD","SE"
19,8,375,"WD","SE"
513,4,375,"WD","SE"
426,2,375,"WD","SE"
326,1,375,"WD","SE"
48,4,375,"WD","SE"
465,1,375,"WD","SE"
26,41,375,"WD","SE"
460,1,375,"WD","SE"
376,2,375,"WD","SE"
140,1,375,"WD","SE"
439,2,375,"WD","SE"
377,2,375,"WD","SE"
45,7,375,"WD","SE"
524,1,375,"WD","SE"
164,4,375,"WD","SE"
466,1,375,"WD","SE"
430,4,375,"WD","SE"
498,27,375,"WD","SE"
244,2,375,"WD","SE"
459,2,375,"WD","SE"
301,1,375,"WD","SE"
190,1,375,"WD","SE"
33,12,375,"WD","SE"
357,1,376,"WD","SE"
437,1,376,"WD","SE"
140,1,376,"WD","SE"
64,23,376,"WD","SE"
84,1,376,"WD","SE"
45,7,376,"WD","SE"
179,7,376,"WD","SE"
184,1,376,"WD","SE"
232,3,376,"WD","SE"
11,30,376,"WD","SE"
458,1,376,"WD","SE"
551,1,376,"WD","SE"
502,18,376,"WD","SE"
282,1,376,"WD","SE"
322,1,376,"WD","SE"
80,10,376,"WD","SE"
48,4,376,"WD","SE"
386,1,376,"WD","SE"
187,1,376,"WD","SE"
86,2,376,"WD","SE"
36,6,376,"WD","SE"
50,4,376,"WD","SE"
356,1,376,"WD","SE"
205,2,376,"WD","SE"
401,1,376,"WD","SE"
82,3,376,"WD","SE"
370,1,376,"WD","SE"
375,1,376,"WD","SE"
471,2,376,"WD","SE"
223,1,376,"WD","SE"
184,1,377,"WD","SE"
282,1,377,"WD","SE"
78,9,377,"WD","SE"
326,1,377,"WD","SE"
209,1,377,"WD","SE"
93,3,377,"WD","SE"
143,1,377,"WD","SE"
422,3,377,"WD","SE"
9,1,377,"WD","SE"
439,2,377,"WD","SE"
390,4,377,"WD","SE"
48,4,377,"WD","SE"
132,1,377,"WD","SE"
338,3,377,"WD","SE"
459,2,377,"WD","SE"
126,2,377,"WD","SE"
17,5,377,"WD","SE"
401,1,377,"WD","SE"
82,3,377,"WD","SE"
544,3,377,"WD","SE"
223,1,377,"WD","SE"
44,35,377,"WD","SE"
317,2,377,"WD","SE"
346,1,377,"WD","SE"
29,2,377,"WD","SE"
286,1,377,"WD","SE"
381,2,377,"WD","SE"
196,2,377,"WD","SE"
411,1,377,"WD","SE"
507,11,377,"WD","SE"
401,1,378,"WD","SE"
264,1,378,"WD","SE"
45,7,378,"WD","SE"
72,8,378,"WD","SE"
215,1,378,"WD","SE"
43,1,378,"WD","SE"
361,3,378,"WD","SE"
58,2,378,"WD","SE"
103,1,378,"WD","SE"
36,6,378,"WD","SE"
318,2,378,"WD","SE"
417,1,378,"WD","SE"
222,1,378,"WD","SE"
9,1,378,"WD","SE"
525,5,378,"WD","SE"
308,1,378,"WD","SE"
48,4,378,"WD","SE"
341,2,378,"WD","SE"
317,2,378,"WD","SE"
344,1,378,"WD","SE"
372,2,378,"WD","SE"
128,1,378,"WD","SE"
4,9,378,"WD","SE"
523,4,378,"WD","SE"
44,35,378,"WD","SE"
441,2,378,"WD","SE"
430,4,378,"WD","SE"
38,5,378,"WD","SE"
463,1,378,"WD","SE"
386,1,378,"WD","SE"
519,4,379,"WD","SE"
377,2,379,"WD","SE"
86,2,379,"WD","SE"
105,1,379,"WD","SE"
266,1,379,"WD","SE"
23,7,379,"WD","SE"
439,2,379,"WD","SE"
545,2,379,"WD","SE"
433,2,379,"WD","SE"
501,24,379,"WD","SE"
50,4,379,"WD","SE"
419,1,379,"WD","SE"
28,22,379,"WD","SE"
5,9,379,"WD","SE"
84,1,379,"WD","SE"
343,6,379,"WD","SE"
61,37,379,"WD","SE"
386,1,379,"WD","SE"
202,1,379,"WD","SE"
338,3,379,"WD","SE"
449,1,379,"WD","SE"
441,2,379,"WD","SE"
540,3,379,"WD","SE"
551,1,379,"WD","SE"
499,28,379,"WD","SE"
183,2,379,"WD","SE"
510,18,379,"WD","SE"
250,1,379,"WD","SE"
437,1,379,"WD","SE"
193,1,379,"WD","SE"
435,2,380,"WD","SE"
32,9,380,"WD","SE"
184,1,380,"WD","SE"
53,1,380,"WD","SE"
29,2,380,"WD","SE"
186,1,380,"WD","SE"
170,1,380,"WD","SE"
350,1,380,"WD","SE"
467,4,380,"WD","SE"
502,18,380,"WD","SE"
45,7,380,"WD","SE"
507,11,380,"WD","SE"
377,2,380,"WD","SE"
26,41,380,"WD","SE"
61,37,380,"WD","SE"
349,1,380,"WD","SE"
496,26,380,"WD","SE"
375,1,380,"WD","SE"
138,3,380,"WD","SE"
303,2,380,"WD","SE"
164,4,380,"WD","SE"
352,2,380,"WD","SE"
534,3,380,"WD","SE"
390,4,380,"WD","SE"
140,1,380,"WD","SE"
41,1,380,"WD","SE"
47,10,380,"WD","SE"
438,4,380,"WD","SE"
426,2,380,"WD","SE"
202,1,380,"WD","SE"
23,7,381,"WD","SE"
547,1,381,"WD","SE"
14,16,381,"WD","SE"
142,1,381,"WD","SE"
173,1,381,"WD","SE"
92,1,381,"WD","SE"
381,2,381,"WD","SE"
425,3,381,"WD","SE"
249,2,381,"WD","SE"
465,1,381,"WD","SE"
67,9,381,"WD","SE"
19,8,381,"WD","SE"
414,1,381,"WD","SE"
482,3,381,"WD","SE"
29,2,381,"WD","SE"
501,24,381,"WD","SE"
52,2,381,"WD","SE"
356,1,381,"WD","SE"
28,22,381,"WD","SE"
313,1,381,"WD","SE"
457,1,381,"WD","SE"
266,1,381,"WD","SE"
470,5,381,"WD","SE"
524,1,381,"WD","SE"
344,1,381,"WD","SE"
358,15,381,"WD","SE"
20,6,381,"WD","SE"
385,1,381,"WD","SE"
58,2,381,"WD","SE"
378,1,381,"WD","SE"
460,1,382,"WD","SE"
143,1,382,"WD","SE"
128,1,382,"WD","SE"
545,2,382,"WD","SE"
64,23,382,"WD","SE"
47,10,382,"WD","SE"
352,2,382,"WD","SE"
426,2,382,"WD","SE"
301,1,382,"WD","SE"
140,1,382,"WD","SE"
457,1,382,"WD","SE"
123,2,382,"WD","SE"
20,6,382,"WD","SE"
190,1,382,"WD","SE"
390,4,382,"WD","SE"
367,2,382,"WD","SE"
209,1,382,"WD","SE"
67,9,382,"WD","SE"
232,3,382,"WD","SE"
91,8,382,"WD","SE"
59,5,382,"WD","SE"
41,1,382,"WD","SE"
40,6,382,"WD","SE"
74,1,382,"WD","SE"
346,1,382,"WD","SE"
57,9,382,"WD","SE"
482,3,382,"WD","SE"
53,1,382,"WD","SE"
508,23,382,"WD","SE"
196,2,382,"WD","SE"
78,9,383,"WD","SE"
377,2,383,"WD","SE"
496,26,383,"WD","SE"
222,1,383,"WD","SE"
376,2,383,"WD","SE"
468,1,383,"WD","SE"
534,3,383,"WD","SE"
501,24,383,"WD","SE"
401,1,383,"WD","SE"
457,1,383,"WD","SE"
437,1,383,"WD","SE"
421,5,383,"WD","SE"
482,3,383,"WD","SE"
514,3,383,"WD","SE"
196,2,383,"WD","SE"
547,1,383,"WD","SE"
158,2,383,"WD","SE"
278,1,383,"WD","SE"
232,3,383,"WD","SE"
372,2,383,"WD","SE"
368,1,383,"WD","SE"
540,3,383,"WD","SE"
250,1,383,"WD","SE"
4,9,383,"WD","SE"
9,1,383,"WD","SE"
44,35,383,"WD","SE"
455,2,383,"WD","SE"
503,22,383,"WD","SE"
228,1,383,"WD","SE"
1,3,383,"WD","SE"
369,1,384,"WD","SE"
356,1,384,"WD","SE"
223,1,384,"WD","SE"
252,1,384,"WD","SE"
49,1,384,"WD","SE"
282,1,384,"WD","SE"
508,23,384,"WD","SE"
510,18,384,"WD","SE"
430,4,384,"WD","SE"
503,22,384,"WD","SE"
459,2,384,"WD","SE"
4,9,384,"WD","SE"
440,1,384,"WD","SE"
203,1,384,"WD","SE"
183,2,384,"WD","SE"
11,30,384,"WD","SE"
548,1,384,"WD","SE"
77,18,384,"WD","SE"
465,1,384,"WD","SE"
78,9,384,"WD","SE"
103,1,384,"WD","SE"
17,5,384,"WD","SE"
1,3,384,"WD","SE"
7,24,384,"WD","SE"
496,26,384,"WD","SE"
401,1,384,"WD","SE"
427,1,384,"WD","SE"
422,3,384,"WD","SE"
545,2,384,"WD","SE"
523,4,384,"WD","SE"
354,1,385,"WD","SE"
140,1,385,"WD","SE"
372,2,385,"WD","SE"
381,2,385,"WD","SE"
401,1,385,"WD","SE"
209,1,385,"WD","SE"
374,2,385,"WD","SE"
472,1,385,"WD","SE"
424,1,385,"WD","SE"
504,35,385,"WD","SE"
390,4,385,"WD","SE"
1,3,385,"WD","SE"
540,3,385,"WD","SE"
375,1,385,"WD","SE"
430,4,385,"WD","SE"
425,3,385,"WD","SE"
7,24,385,"WD","SE"
304,1,385,"WD","SE"
28,22,385,"WD","SE"
503,22,385,"WD","SE"
228,1,385,"WD","SE"
547,1,385,"WD","SE"
348,2,385,"WD","SE"
447,3,385,"WD","SE"
449,1,385,"WD","SE"
47,10,385,"WD","SE"
458,1,385,"WD","SE"
416,1,385,"WD","SE"
473,1,385,"WD","SE"
546,1,385,"WD","SE"
16,6,386,"WD","SE"
82,3,386,"WD","SE"
414,1,386,"WD","SE"
40,6,386,"WD","SE"
441,2,386,"WD","SE"
390,4,386,"WD","SE"
266,1,386,"WD","SE"
389,2,386,"WD","SE"
410,2,386,"WD","SE"
20,6,386,"WD","SE"
461,1,386,"WD","SE"
170,1,386,"WD","SE"
425,3,386,"WD","SE"
45,7,386,"WD","SE"
11,30,386,"WD","SE"
44,35,386,"WD","SE"
417,1,386,"WD","SE"
503,22,386,"WD","SE"
215,1,386,"WD","SE"
196,2,386,"WD","SE"
301,1,386,"WD","SE"
84,1,386,"WD","SE"
372,2,386,"WD","SE"
363,1,386,"WD","SE"
416,1,386,"WD","SE"
404,1,386,"WD","SE"
368,1,386,"WD","SE"
278,1,386,"WD","SE"
14,16,386,"WD","SE"
58,2,386,"WD","SE"
510,18,387,"WD","SE"
500,25,387,"WD","SE"
179,7,387,"WD","SE"
143,1,387,"WD","SE"
548,1,387,"WD","SE"
301,1,387,"WD","SE"
44,35,387,"WD","SE"
390,4,387,"WD","SE"
326,1,387,"WD","SE"
128,1,387,"WD","SE"
49,1,387,"WD","SE"
394,1,387,"WD","SE"
13,4,387,"WD","SE"
545,2,387,"WD","SE"
64,23,387,"WD","SE"
186,1,387,"WD","SE"
457,1,387,"WD","SE"
190,1,387,"WD","SE"
354,1,387,"WD","SE"
78,9,387,"WD","SE"
205,2,387,"WD","SE"
4,9,387,"WD","SE"
202,1,387,"WD","SE"
468,1,387,"WD","SE"
421,5,387,"WD","SE"
458,1,387,"WD","SE"
244,2,387,"WD","SE"
131,1,387,"WD","SE"
11,30,387,"WD","SE"
247,1,387,"WD","SE"
38,5,388,"WD","SE"
416,1,388,"WD","SE"
279,1,388,"WD","SE"
367,2,388,"WD","SE"
459,2,388,"WD","SE"
166,1,388,"WD","SE"
138,3,388,"WD","SE"
252,1,388,"WD","SE"
259,3,388,"WD","SE"
410,2,388,"WD","SE"
184,1,388,"WD","SE"
383,1,388,"WD","SE"
458,1,388,"WD","SE"
341,2,388,"WD","SE"
424,1,388,"WD","SE"
385,1,388,"WD","SE"
457,1,388,"WD","SE"
215,1,388,"WD","SE"
500,25,388,"WD","SE"
346,1,388,"WD","SE"
352,2,388,"WD","SE"
19,8,388,"WD","SE"
264,1,388,"WD","SE"
52,2,388,"WD","SE"
203,1,388,"WD","SE"
517,3,388,"WD","SE"
132,1,388,"WD","SE"
548,1,388,"WD","SE"
26,41,388,"WD","SE"
368,1,388,"WD","SE"
4,9,389,"WD","SE"
417,1,389,"WD","SE"
14,16,389,"WD","SE"
445,10,389,"WD","SE"
501,24,389,"WD","SE"
77,18,389,"WD","SE"
170,1,389,"WD","SE"
285,1,389,"WD","SE"
193,1,389,"WD","SE"
91,8,389,"WD","SE"
430,4,389,"WD","SE"
411,1,389,"WD","SE"
350,1,389,"WD","SE"
250,1,389,"WD","SE"
9,1,389,"WD","SE"
482,3,389,"WD","SE"
144,1,389,"WD","SE"
132,1,389,"WD","SE"
228,1,389,"WD","SE"
385,1,389,"WD","SE"
45,7,389,"WD","SE"
365,1,389,"WD","SE"
370,1,389,"WD","SE"
23,7,389,"WD","SE"
502,18,389,"WD","SE"
166,1,389,"WD","SE"
131,1,389,"WD","SE"
28,22,389,"WD","SE"
82,3,389,"WD","SE"
424,1,389,"WD","SE"
205,2,390,"WD","SE"
203,1,390,"WD","SE"
519,4,390,"WD","SE"
348,2,390,"WD","SE"
390,4,390,"WD","SE"
372,2,390,"WD","SE"
502,18,390,"WD","SE"
350,1,390,"WD","SE"
33,12,390,"WD","SE"
82,3,390,"WD","SE"
14,16,390,"WD","SE"
313,1,390,"WD","SE"
383,1,390,"WD","SE"
455,2,390,"WD","SE"
103,1,390,"WD","SE"
341,2,390,"WD","SE"
354,1,390,"WD","SE"
304,1,390,"WD","SE"
118,1,390,"WD","SE"
19,8,390,"WD","SE"
516,3,390,"WD","SE"
458,1,390,"WD","SE"
308,1,390,"WD","SE"
57,9,390,"WD","SE"
468,1,390,"WD","SE"
401,1,390,"WD","SE"
17,5,390,"WD","SE"
447,3,390,"WD","SE"
381,2,390,"WD","SE"
141,1,390,"WD","SE"
33,12,391,"WD","SE"
375,1,391,"WD","SE"
358,15,391,"WD","SE"
430,4,391,"WD","SE"
82,3,391,"WD","SE"
51,3,391,"WD","SE"
59,5,391,"WD","SE"
183,2,391,"WD","SE"
441,2,391,"WD","SE"
348,2,391,"WD","SE"
17,5,391,"WD","SE"
415,1,391,"WD","SE"
29,2,391,"WD","SE"
80,10,391,"WD","SE"
416,1,391,"WD","SE"
317,2,391,"WD","SE"
410,2,391,"WD","SE"
78,9,391,"WD","SE"
463,1,391,"WD","SE"
483,3,391,"WD","SE"
422,3,391,"WD","SE"
419,1,391,"WD","SE"
372,2,391,"WD","SE"
276,4,391,"WD","SE"
12,9,391,"WD","SE"
540,3,391,"WD","SE"
472,1,391,"WD","SE"
544,3,391,"WD","SE"
363,1,391,"WD","SE"
411,1,391,"WD","SE"
426,2,392,"WD","SE"
510,18,392,"WD","SE"
295,4,392,"WD","SE"
394,1,392,"WD","SE"
82,3,392,"WD","SE"
468,1,392,"WD","SE"
458,1,392,"WD","SE"
357,1,392,"WD","SE"
500,25,392,"WD","SE"
90,3,392,"WD","SE"
469,5,392,"WD","SE"
166,1,392,"WD","SE"
346,1,392,"WD","SE"
435,2,392,"WD","SE"
457,1,392,"WD","SE"
445,10,392,"WD","SE"
255,1,392,"WD","SE"
516,3,392,"WD","SE"
386,1,392,"WD","SE"
23,7,392,"WD","SE"
19,8,392,"WD","SE"
460,1,392,"WD","SE"
372,2,392,"WD","SE"
7,24,392,"WD","SE"
48,4,392,"WD","SE"
92,1,392,"WD","SE"
72,8,392,"WD","SE"
266,1,392,"WD","SE"
358,15,392,"WD","SE"
467,4,392,"WD","SE"
40,6,393,"WD","SE"
447,3,393,"WD","SE"
186,1,393,"WD","SE"
517,3,393,"WD","SE"
383,1,393,"WD","SE"
424,1,393,"WD","SE"
348,2,393,"WD","SE"
378,1,393,"WD","SE"
427,1,393,"WD","SE"
524,1,393,"WD","SE"
67,9,393,"WD","SE"
173,1,393,"WD","SE"
508,23,393,"WD","SE"
5,9,393,"WD","SE"
223,1,393,"WD","SE"
20,6,393,"WD","SE"
460,1,393,"WD","SE"
370,1,393,"WD","SE"
266,1,393,"WD","SE"
164,4,393,"WD","SE"
365,1,393,"WD","SE"
439,2,393,"WD","SE"
166,1,393,"WD","SE"
349,1,393,"WD","SE"
29,2,393,"WD","SE"
358,15,393,"WD","SE"
196,2,393,"WD","SE"
507,11,393,"WD","SE"
545,2,393,"WD","SE"
525,5,393,"WD","SE"
378,1,394,"WD","SE"
447,3,394,"WD","SE"
369,1,394,"WD","SE"
504,35,394,"WD","SE"
6,4,394,"WD","SE"
266,1,394,"WD","SE"
105,1,394,"WD","SE"
14,16,394,"WD","SE"
58,2,394,"WD","SE"
548,1,394,"WD","SE"
544,3,394,"WD","SE"
82,3,394,"WD","SE"
433,2,394,"WD","SE"
138,3,394,"WD","SE"
411,1,394,"WD","SE"
430,4,394,"WD","SE"
282,1,394,"WD","SE"
501,24,394,"WD","SE"
183,2,394,"WD","SE"
524,1,394,"WD","SE"
420,1,394,"WD","SE"
346,1,394,"WD","SE"
215,1,394,"WD","SE"
437,1,394,"WD","SE"
74,1,394,"WD","SE"
52,2,394,"WD","SE"
7,24,394,"WD","SE"
523,4,394,"WD","SE"
352,2,394,"WD","SE"
48,4,394,"WD","SE"
302,1,395,"WD","SE"
228,1,395,"WD","SE"
470,5,395,"WD","SE"
338,3,395,"WD","SE"
51,3,395,"WD","SE"
503,22,395,"WD","SE"
349,1,395,"WD","SE"
255,1,395,"WD","SE"
507,11,395,"WD","SE"
483,3,395,"WD","SE"
356,1,395,"WD","SE"
205,2,395,"WD","SE"
404,1,395,"WD","SE"
534,3,395,"WD","SE"
499,28,395,"WD","SE"
276,4,395,"WD","SE"
32,9,395,"WD","SE"
138,3,395,"WD","SE"
41,1,395,"WD","SE"
460,1,395,"WD","SE"
84,1,395,"WD","SE"
341,2,395,"WD","SE"
47,10,395,"WD","SE"
469,5,395,"WD","SE"
92,1,395,"WD","SE"
361,3,395,"WD","SE"
118,1,395,"WD","SE"
17,5,395,"WD","SE"
411,1,395,"WD","SE"
128,1,395,"WD","SE"
183,2,396,"WD","SE"
19,8,396,"WD","SE"
486,3,396,"WD","SE"
14,16,396,"WD","SE"
445,10,396,"WD","SE"
468,1,396,"WD","SE"
433,2,396,"WD","SE"
422,3,396,"WD","SE"
52,2,396,"WD","SE"
7,24,396,"WD","SE"
318,2,396,"WD","SE"
503,22,396,"WD","SE"
84,1,396,"WD","SE"
510,18,396,"WD","SE"
142,1,396,"WD","SE"
237,1,396,"WD","SE"
78,9,396,"WD","SE"
519,4,396,"WD","SE"
390,4,396,"WD","SE"
279,1,396,"WD","SE"
416,1,396,"WD","SE"
43,1,396,"WD","SE"
32,9,396,"WD","SE"
322,1,396,"WD","SE"
458,1,396,"WD","SE"
415,1,396,"WD","SE"
282,1,396,"WD","SE"
369,1,396,"WD","SE"
472,1,396,"WD","SE"
71,1,396,"WD","SE"
398,1,397,"WD","SE"
422,3,397,"WD","SE"
17,5,397,"WD","SE"
118,1,397,"WD","SE"
435,2,397,"WD","SE"
303,2,397,"WD","SE"
196,2,397,"WD","SE"
469,5,397,"WD","SE"
93,3,397,"WD","SE"
50,4,397,"WD","SE"
237,1,397,"WD","SE"
424,1,397,"WD","SE"
67,9,397,"WD","SE"
74,1,397,"WD","SE"
250,1,397,"WD","SE"
338,3,397,"WD","SE"
286,1,397,"WD","SE"
131,1,397,"WD","SE"
4,9,397,"WD","SE"
361,3,397,"WD","SE"
510,18,397,"WD","SE"
498,27,397,"WD","SE"
447,3,397,"WD","SE"
348,2,397,"WD","SE"
466,1,397,"WD","SE"
13,4,397,"WD","SE"
397,1,397,"WD","SE"
37,1,397,"WD","SE"
72,8,397,"WD","SE"
141,1,397,"WD","SE"
232,3,398,"WD","SE"
103,1,398,"WD","SE"
467,4,398,"WD","SE"
459,2,398,"WD","SE"
222,1,398,"WD","SE"
313,1,398,"WD","SE"
449,1,398,"WD","SE"
468,1,398,"WD","SE"
430,4,398,"WD","SE"
428,1,398,"WD","SE"
205,2,398,"WD","SE"
59,5,398,"WD","SE"
424,1,398,"WD","SE"
13,4,398,"WD","SE"
248,1,398,"WD","SE"
141,1,398,"WD","SE"
389,2,398,"WD","SE"
326,1,398,"WD","SE"
441,2,398,"WD","SE"
26,41,398,"WD","SE"
6,4,398,"WD","SE"
64,23,398,"WD","SE"
250,1,398,"WD","SE"
276,4,398,"WD","SE"
380,3,398,"WD","SE"
252,1,398,"WD","SE"
440,1,398,"WD","SE"
367,2,398,"WD","SE"
44,35,398,"WD","SE"
425,3,398,"WD","SE"
193,1,399,"WD","SE"
433,2,399,"WD","SE"
437,1,399,"WD","SE"
183,2,399,"WD","SE"
209,1,399,"WD","SE"
78,9,399,"WD","SE"
501,24,399,"WD","SE"
14,16,399,"WD","SE"
358,15,399,"WD","SE"
473,1,399,"WD","SE"
45,7,399,"WD","SE"
483,3,399,"WD","SE"
203,1,399,"WD","SE"
426,2,399,"WD","SE"
37,1,399,"WD","SE"
13,4,399,"WD","SE"
326,1,399,"WD","SE"
5,9,399,"WD","SE"
428,1,399,"WD","SE"
158,2,399,"WD","SE"
470,5,399,"WD","SE"
338,3,399,"WD","SE"
23,7,399,"WD","SE"
363,1,399,"WD","SE"
410,2,399,"WD","SE"
303,2,399,"WD","SE"
255,1,399,"WD","SE"
131,1,399,"WD","SE"
417,1,399,"WD","SE"
4,9,399,"WD","SE"
425,3,400,"WD","SE"
302,1,400,"WD","SE"
470,5,400,"WD","SE"
158,2,400,"WD","SE"
190,1,400,"WD","SE"
499,28,400,"WD","SE"
352,2,400,"WD","SE"
103,1,400,"WD","SE"
547,1,400,"WD","SE"
449,1,400,"WD","SE"
313,1,400,"WD","SE"
397,1,400,"WD","SE"
215,1,400,"WD","SE"
322,1,400,"WD","SE"
77,18,400,"WD","SE"
29,2,400,"WD","SE"
20,6,400,"WD","SE"
457,1,400,"WD","SE"
118,1,400,"WD","SE"
415,1,400,"WD","SE"
551,1,400,"WD","SE"
164,4,400,"WD","SE"
517,3,400,"WD","SE"
304,1,400,"WD","SE"
276,4,400,"WD","SE"
343,6,400,"WD","SE"
344,1,400,"WD","SE"
58,2,400,"WD","SE"
237,1,400,"WD","SE"
7,24,400,"WD","SE"
447,3,401,"WD","SE"
435,2,401,"WD","SE"
383,1,401,"WD","SE"
516,3,401,"WD","SE"
232,3,401,"WD","SE"
459,2,401,"WD","SE"
419,1,401,"WD","SE"
430,4,401,"WD","SE"
354,1,401,"WD","SE"
190,1,401,"WD","SE"
84,1,401,"WD","SE"
45,7,401,"WD","SE"
420,1,401,"WD","SE"
498,27,401,"WD","SE"
372,2,401,"WD","SE"
255,1,401,"WD","SE"
472,1,401,"WD","SE"
86,2,401,"WD","SE"
385,1,401,"WD","SE"
58,2,401,"WD","SE"
222,1,401,"WD","SE"
470,5,401,"WD","SE"
375,1,401,"WD","SE"
44,35,401,"WD","SE"
508,23,401,"WD","SE"
92,1,401,"WD","SE"
341,2,401,"WD","SE"
482,3,401,"WD","SE"
504,35,401,"WD","SE"
437,1,401,"WD","SE"
23,7,402,"WD","SE"
410,2,402,"WD","SE"
33,12,402,"WD","SE"
341,2,402,"WD","SE"
28,22,402,"WD","SE"
469,5,402,"WD","SE"
343,6,402,"WD","SE"
36,6,402,"WD","SE"
438,4,402,"WD","SE"
285,1,402,"WD","SE"
540,3,402,"WD","SE"
144,1,402,"WD","SE"
72,8,402,"WD","SE"
223,1,402,"WD","SE"
414,1,402,"WD","SE"
196,2,402,"WD","SE"
141,1,402,"WD","SE"
370,1,402,"WD","SE"
361,3,402,"WD","SE"
365,1,402,"WD","SE"
346,1,402,"WD","SE"
259,3,402,"WD","SE"
93,3,402,"WD","SE"
12,9,402,"WD","SE"
49,1,402,"WD","SE"
84,1,402,"WD","SE"
367,2,402,"WD","SE"
77,18,402,"WD","SE"
183,2,402,"WD","SE"
71,1,402,"WD","SE"
503,22,403,"WD","SE"
58,2,403,"WD","SE"
394,1,403,"WD","SE"
356,1,403,"WD","SE"
179,7,403,"WD","SE"
304,1,403,"WD","SE"
247,1,403,"WD","SE"
131,1,403,"WD","SE"
367,2,403,"WD","SE"
416,1,403,"WD","SE"
184,1,403,"WD","SE"
545,2,403,"WD","SE"
252,1,403,"WD","SE"
237,1,403,"WD","SE"
232,3,403,"WD","SE"
48,4,403,"WD","SE"
510,18,403,"WD","SE"
142,1,403,"WD","SE"
458,1,403,"WD","SE"
401,1,403,"WD","SE"
93,3,403,"WD","SE"
285,1,403,"WD","SE"
318,2,403,"WD","SE"
438,4,403,"WD","SE"
202,1,403,"WD","SE"
276,4,403,"WD","SE"
32,9,403,"WD","SE"
44,35,403,"WD","SE"
513,4,403,"WD","SE"
215,1,403,"WD","SE"
190,1,404,"WD","SE"
317,2,404,"WD","SE"
5,9,404,"WD","SE"
285,1,404,"WD","SE"
502,18,404,"WD","SE"
141,1,404,"WD","SE"
411,1,404,"WD","SE"
103,1,404,"WD","SE"
471,2,404,"WD","SE"
367,2,404,"WD","SE"
369,1,404,"WD","SE"
164,4,404,"WD","SE"
415,1,404,"WD","SE"
53,1,404,"WD","SE"
131,1,404,"WD","SE"
84,1,404,"WD","SE"
50,4,404,"WD","SE"
427,1,404,"WD","SE"
16,6,404,"WD","SE"
249,2,404,"WD","SE"
469,5,404,"WD","SE"
196,2,404,"WD","SE"
58,2,404,"WD","SE"
326,1,404,"WD","SE"
437,1,404,"WD","SE"
338,3,404,"WD","SE"
36,6,404,"WD","SE"
525,5,404,"WD","SE"
547,1,404,"WD","SE"
118,1,404,"WD","SE"
184,1,405,"WD","SE"
266,1,405,"WD","SE"
516,3,405,"WD","SE"
348,2,405,"WD","SE"
64,23,405,"WD","SE"
49,1,405,"WD","SE"
422,3,405,"WD","SE"
486,3,405,"WD","SE"
465,1,405,"WD","SE"
164,4,405,"WD","SE"
524,1,405,"WD","SE"
58,2,405,"WD","SE"
6,4,405,"WD","SE"
428,1,405,"WD","SE"
77,18,405,"WD","SE"
84,1,405,"WD","SE"
278,1,405,"WD","SE"
551,1,405,"WD","SE"
420,1,405,"WD","SE"
252,1,405,"WD","SE"
433,2,405,"WD","SE"
141,1,405,"WD","SE"
498,27,405,"WD","SE"
377,2,405,"WD","SE"
317,2,405,"WD","SE"
513,4,405,"WD","SE"
419,1,405,"WD","SE"
358,15,405,"WD","SE"
415,1,405,"WD","SE"
295,4,405,"WD","SE"
449,1,406,"WD","SE"
143,1,406,"WD","SE"
376,2,406,"WD","SE"
203,1,406,"WD","SE"
158,2,406,"WD","SE"
86,2,406,"WD","SE"
47,10,406,"WD","SE"
421,5,406,"WD","SE"
103,1,406,"WD","SE"
503,22,406,"WD","SE"
138,3,406,"WD","SE"
507,11,406,"WD","SE"
23,7,406,"WD","SE"
472,1,406,"WD","SE"
356,1,406,"WD","SE"
40,6,406,"WD","SE"
32,9,406,"WD","SE"
534,3,406,"WD","SE"
377,2,406,"WD","SE"
381,2,406,"WD","SE"
279,1,406,"WD","SE"
232,3,406,"WD","SE"
92,1,406,"WD","SE"
513,4,406,"WD","SE"
370,1,406,"WD","SE"
545,2,406,"WD","SE"
471,2,406,"WD","SE"
463,1,406,"WD","SE"
209,1,406,"WD","SE"
61,37,406,"WD","SE"
370,1,407,"WD","SE"
483,3,407,"WD","SE"
428,1,407,"WD","SE"
295,4,407,"WD","SE"
252,1,407,"WD","SE"
9,1,407,"WD","SE"
517,3,407,"WD","SE"
78,9,407,"WD","SE"
193,1,407,"WD","SE"
459,2,407,"WD","SE"
368,1,407,"WD","SE"
498,27,407,"WD","SE"
469,5,407,"WD","SE"
237,1,407,"WD","SE"
390,4,407,"WD","SE"
53,1,407,"WD","SE"
414,1,407,"WD","SE"
126,2,407,"WD","SE"
440,1,407,"WD","SE"
47,10,407,"WD","SE"
356,1,407,"WD","SE"
64,23,407,"WD","SE"
301,1,407,"WD","SE"
43,1,407,"WD","SE"
52,2,407,"WD","SE"
187,1,407,"WD","SE"
386,1,407,"WD","SE"
433,2,407,"WD","SE"
421,5,407,"WD","SE"
352,2,407,"WD","SE"
20,6,408,"WD","SE"
143,1,408,"WD","SE"
341,2,408,"WD","SE"
308,1,408,"WD","SE"
486,3,408,"WD","SE"
295,4,408,"WD","SE"
205,2,408,"WD","SE"
158,2,408,"WD","SE"
29,2,408,"WD","SE"
534,3,408,"WD","SE"
465,1,408,"WD","SE"
363,1,408,"WD","SE"
276,4,408,"WD","SE"
48,4,408,"WD","SE"
540,3,408,"WD","SE"
411,1,408,"WD","SE"
105,1,408,"WD","SE"
286,1,408,"WD","SE"
301,1,408,"WD","SE"
278,1,408,"WD","SE"
43,1,408,"WD","SE"
365,1,408,"WD","SE"
47,10,408,"WD","SE"
248,1,408,"WD","SE"
142,1,408,"WD","SE"
378,1,408,"WD","SE"
38,5,408,"WD","SE"
401,1,408,"WD","SE"
430,4,408,"WD","SE"
74,1,408,"WD","SE"
414,1,409,"WD","SE"
357,1,409,"WD","SE"
266,1,409,"WD","SE"
501,24,409,"WD","SE"
447,3,409,"WD","SE"
524,1,409,"WD","SE"
426,2,409,"WD","SE"
483,3,409,"WD","SE"
105,1,409,"WD","SE"
186,1,409,"WD","SE"
51,3,409,"WD","SE"
187,1,409,"WD","SE"
72,8,409,"WD","SE"
545,2,409,"WD","SE"
47,10,409,"WD","SE"
441,2,409,"WD","SE"
138,3,409,"WD","SE"
461,1,409,"WD","SE"
16,6,409,"WD","SE"
361,3,409,"WD","SE"
26,41,409,"WD","SE"
158,2,409,"WD","SE"
394,1,409,"WD","SE"
76,6,409,"WD","SE"
322,1,409,"WD","SE"
445,10,409,"WD","SE"
437,1,409,"WD","SE"
74,1,409,"WD","SE"
544,3,409,"WD","SE"
435,2,409,"WD","SE"
460,1,410,"WD","SE"
422,3,410,"WD","SE"
166,1,410,"WD","SE"
326,1,410,"WD","SE"
381,2,410,"WD","SE"
467,4,410,"WD","SE"
248,1,410,"WD","SE"
524,1,410,"WD","SE"
519,4,410,"WD","SE"
430,4,410,"WD","SE"
47,10,410,"WD","SE"
13,4,410,"WD","SE"
126,2,410,"WD","SE"
223,1,410,"WD","SE"
158,2,410,"WD","SE"
416,1,410,"WD","SE"
302,1,410,"WD","SE"
105,1,410,"WD","SE"
78,9,410,"WD","SE"
357,1,410,"WD","SE"
20,6,410,"WD","SE"
352,2,410,"WD","SE"
72,8,410,"WD","SE"
103,1,410,"WD","SE"
426,2,410,"WD","SE"
32,9,410,"WD","SE"
250,1,410,"WD","SE"
266,1,410,"WD","SE"
82,3,410,"WD","SE"
44,35,410,"WD","SE"
252,1,411,"WD","SE"
534,3,411,"WD","SE"
372,2,411,"WD","SE"
358,15,411,"WD","SE"
322,1,411,"WD","SE"
214,1,411,"WD","SE"
545,2,411,"WD","SE"
375,1,411,"WD","SE"
472,1,411,"WD","SE"
326,1,411,"WD","SE"
196,2,411,"WD","SE"
278,1,411,"WD","SE"
84,1,411,"WD","SE"
48,4,411,"WD","SE"
368,1,411,"WD","SE"
248,1,411,"WD","SE"
380,3,411,"WD","SE"
29,2,411,"WD","SE"
41,1,411,"WD","SE"
498,27,411,"WD","SE"
486,3,411,"WD","SE"
414,1,411,"WD","SE"
341,2,411,"WD","SE"
16,6,411,"WD","SE"
425,3,411,"WD","SE"
237,1,411,"WD","SE"
461,1,411,"WD","SE"
23,7,411,"WD","SE"
544,3,411,"WD","SE"
343,6,411,"WD","SE"
503,22,412,"WD","SE"
486,3,412,"WD","SE"
386,1,412,"WD","SE"
326,1,412,"WD","SE"
91,8,412,"WD","SE"
71,1,412,"WD","SE"
466,1,412,"WD","SE"
540,3,412,"WD","SE"
510,18,412,"WD","SE"
4,9,412,"WD","SE"
546,1,412,"WD","SE"
1,3,412,"WD","SE"
368,1,412,"WD","SE"
547,1,412,"WD","SE"
49,1,412,"WD","SE"
458,1,412,"WD","SE"
428,1,412,"WD","SE"
202,1,412,"WD","SE"
427,1,412,"WD","SE"
33,12,412,"WD","SE"
179,7,412,"WD","SE"
346,1,412,"WD","SE"
90,3,412,"WD","SE"
48,4,412,"WD","SE"
365,1,412,"WD","SE"
36,6,412,"WD","SE"
377,2,412,"WD","SE"
72,8,412,"WD","SE"
304,1,412,"WD","SE"
143,1,412,"WD","SE"
61,37,413,"WD","SE"
82,3,413,"WD","SE"
438,4,413,"WD","SE"
304,1,413,"WD","SE"
303,2,413,"WD","SE"
439,2,413,"WD","SE"
72,8,413,"WD","SE"
380,3,413,"WD","SE"
285,1,413,"WD","SE"
463,1,413,"WD","SE"
123,2,413,"WD","SE"
425,3,413,"WD","SE"
90,3,413,"WD","SE"
36,6,413,"WD","SE"
244,2,413,"WD","SE"
398,1,413,"WD","SE"
43,1,413,"WD","SE"
466,1,413,"WD","SE"
433,2,413,"WD","SE"
33,12,413,"WD","SE"
367,2,413,"WD","SE"
29,2,413,"WD","SE"
513,4,413,"WD","SE"
118,1,413,"WD","SE"
1,3,413,"WD","SE"
383,1,413,"WD","SE"
416,1,413,"WD","SE"
19,8,413,"WD","SE"
390,4,413,"WD","SE"
449,1,413,"WD","SE"
38,5,414,"WD","SE"
372,2,414,"WD","SE"
196,2,414,"WD","SE"
534,3,414,"WD","SE"
244,2,414,"WD","SE"
32,9,414,"WD","SE"
422,3,414,"WD","SE"
183,2,414,"WD","SE"
356,1,414,"WD","SE"
222,1,414,"WD","SE"
460,1,414,"WD","SE"
232,3,414,"WD","SE"
126,2,414,"WD","SE"
53,1,414,"WD","SE"
285,1,414,"WD","SE"
424,1,414,"WD","SE"
198,1,414,"WD","SE"
179,7,414,"WD","SE"
472,1,414,"WD","SE"
33,12,414,"WD","SE"
420,1,414,"WD","SE"
344,1,414,"WD","SE"
507,11,414,"WD","SE"
6,4,414,"WD","SE"
426,2,414,"WD","SE"
43,1,414,"WD","SE"
23,7,414,"WD","SE"
398,1,414,"WD","SE"
419,1,414,"WD","SE"
91,8,414,"WD","SE"
132,1,415,"WD","SE"
516,3,415,"WD","SE"
369,1,415,"WD","SE"
545,2,415,"WD","SE"
179,7,415,"WD","SE"
370,1,415,"WD","SE"
338,3,415,"WD","SE"
504,35,415,"WD","SE"
419,1,415,"WD","SE"
278,1,415,"WD","SE"
131,1,415,"WD","SE"
510,18,415,"WD","SE"
496,26,415,"WD","SE"
482,3,415,"WD","SE"
365,1,415,"WD","SE"
29,2,415,"WD","SE"
71,1,415,"WD","SE"
499,28,415,"WD","SE"
514,3,415,"WD","SE"
463,1,415,"WD","SE"
128,1,415,"WD","SE"
502,18,415,"WD","SE"
449,1,415,"WD","SE"
52,2,415,"WD","SE"
322,1,415,"WD","SE"
103,1,415,"WD","SE"
447,3,415,"WD","SE"
416,1,415,"WD","SE"
214,1,415,"WD","SE"
76,6,415,"WD","SE"
358,15,416,"WD","SE"
41,1,416,"WD","SE"
7,24,416,"WD","SE"
144,1,416,"WD","SE"
472,1,416,"WD","SE"
426,2,416,"WD","SE"
425,3,416,"WD","SE"
232,3,416,"WD","SE"
173,1,416,"WD","SE"
498,27,416,"WD","SE"
295,4,416,"WD","SE"
317,2,416,"WD","SE"
447,3,416,"WD","SE"
279,1,416,"WD","SE"
252,1,416,"WD","SE"
517,3,416,"WD","SE"
187,1,416,"WD","SE"
78,9,416,"WD","SE"
86,2,416,"WD","SE"
349,1,416,"WD","SE"
513,4,416,"WD","SE"
142,1,416,"WD","SE"
367,2,416,"WD","SE"
44,35,416,"WD","SE"
64,23,416,"WD","SE"
93,3,416,"WD","SE"
439,2,416,"WD","SE"
523,4,416,"WD","SE"
486,3,416,"WD","SE"
247,1,416,"WD","SE"
126,2,417,"WD","SE"
504,35,417,"WD","SE"
404,1,417,"WD","SE"
38,5,417,"WD","SE"
363,1,417,"WD","SE"
501,24,417,"WD","SE"
140,1,417,"WD","SE"
91,8,417,"WD","SE"
514,3,417,"WD","SE"
71,1,417,"WD","SE"
247,1,417,"WD","SE"
383,1,417,"WD","SE"
228,1,417,"WD","SE"
369,1,417,"WD","SE"
445,10,417,"WD","SE"
430,4,417,"WD","SE"
264,1,417,"WD","SE"
64,23,417,"WD","SE"
420,1,417,"WD","SE"
469,5,417,"WD","SE"
205,2,417,"WD","SE"
90,3,417,"WD","SE"
286,1,417,"WD","SE"
346,1,417,"WD","SE"
486,3,417,"WD","SE"
255,1,417,"WD","SE"
525,5,417,"WD","SE"
266,1,417,"WD","SE"
132,1,417,"WD","SE"
397,1,417,"WD","SE"
9,1,418,"WD","SE"
468,1,418,"WD","SE"
394,1,418,"WD","SE"
279,1,418,"WD","SE"
244,2,418,"WD","SE"
4,9,418,"WD","SE"
249,2,418,"WD","SE"
74,1,418,"WD","SE"
1,3,418,"WD","SE"
313,1,418,"WD","SE"
424,1,418,"WD","SE"
250,1,418,"WD","SE"
19,8,418,"WD","SE"
48,4,418,"WD","SE"
16,6,418,"WD","SE"
184,1,418,"WD","SE"
286,1,418,"WD","SE"
465,1,418,"WD","SE"
32,9,418,"WD","SE"
23,7,418,"WD","SE"
457,1,418,"WD","SE"
349,1,418,"WD","SE"
36,6,418,"WD","SE"
53,1,418,"WD","SE"
417,1,418,"WD","SE"
215,1,418,"WD","SE"
203,1,418,"WD","SE"
357,1,418,"WD","SE"
214,1,418,"WD","SE"
425,3,418,"WD","SE"
546,1,419,"WD","SE"
427,1,419,"WD","SE"
430,4,419,"WD","SE"
50,4,419,"WD","SE"
84,1,419,"WD","SE"
471,2,419,"WD","SE"
77,18,419,"WD","SE"
103,1,419,"WD","SE"
7,24,419,"WD","SE"
449,1,419,"WD","SE"
128,1,419,"WD","SE"
435,2,419,"WD","SE"
519,4,419,"WD","SE"
33,12,419,"WD","SE"
126,2,419,"WD","SE"
183,2,419,"WD","SE"
468,1,419,"WD","SE"
248,1,419,"WD","SE"
510,18,419,"WD","SE"
142,1,419,"WD","SE"
470,5,419,"WD","SE"
376,2,419,"WD","SE"
16,6,419,"WD","SE"
547,1,419,"WD","SE"
369,1,419,"WD","SE"
264,1,419,"WD","SE"
525,5,419,"WD","SE"
138,3,419,"WD","SE"
375,1,419,"WD","SE"
14,16,419,"WD","SE"
58,2,420,"WD","SE"
28,22,420,"WD","SE"
36,6,420,"WD","SE"
420,1,420,"WD","SE"
349,1,420,"WD","SE"
164,4,420,"WD","SE"
91,8,420,"WD","SE"
37,1,420,"WD","SE"
338,3,420,"WD","SE"
411,1,420,"WD","SE"
472,1,420,"WD","SE"
313,1,420,"WD","SE"
11,30,420,"WD","SE"
421,5,420,"WD","SE"
123,2,420,"WD","SE"
285,1,420,"WD","SE"
186,1,420,"WD","SE"
266,1,420,"WD","SE"
466,1,420,"WD","SE"
138,3,420,"WD","SE"
381,2,420,"WD","SE"
401,1,420,"WD","SE"
184,1,420,"WD","SE"
547,1,420,"WD","SE"
465,1,420,"WD","SE"
193,1,420,"WD","SE"
525,5,420,"WD","SE"
215,1,420,"WD","SE"
57,9,420,"WD","SE"
386,1,420,"WD","SE"
417,1,421,"WD","SE"
215,1,421,"WD","SE"
483,3,421,"WD","SE"
386,1,421,"WD","SE"
123,2,421,"WD","SE"
142,1,421,"WD","SE"
445,10,421,"WD","SE"
205,2,421,"WD","SE"
12,9,421,"WD","SE"
447,3,421,"WD","SE"
358,15,421,"WD","SE"
546,1,421,"WD","SE"
183,2,421,"WD","SE"
6,4,421,"WD","SE"
285,1,421,"WD","SE"
545,2,421,"WD","SE"
368,1,421,"WD","SE"
105,1,421,"WD","SE"
282,1,421,"WD","SE"
466,1,421,"WD","SE"
322,1,421,"WD","SE"
29,2,421,"WD","SE"
343,6,421,"WD","SE"
496,26,421,"WD","SE"
33,12,421,"WD","SE"
72,8,421,"WD","SE"
78,9,421,"WD","SE"
374,2,421,"WD","SE"
248,1,421,"WD","SE"
40,6,421,"WD","SE"
404,1,422,"WD","SE"
301,1,422,"WD","SE"
59,5,422,"WD","SE"
302,1,422,"WD","SE"
187,1,422,"WD","SE"
500,25,422,"WD","SE"
90,3,422,"WD","SE"
383,1,422,"WD","SE"
142,1,422,"WD","SE"
420,1,422,"WD","SE"
144,1,422,"WD","SE"
303,2,422,"WD","SE"
421,5,422,"WD","SE"
386,1,422,"WD","SE"
131,1,422,"WD","SE"
540,3,422,"WD","SE"
222,1,422,"WD","SE"
190,1,422,"WD","SE"
435,2,422,"WD","SE"
463,1,422,"WD","SE"
317,2,422,"WD","SE"
438,4,422,"WD","SE"
349,1,422,"WD","SE"
84,1,422,"WD","SE"
249,2,422,"WD","SE"
410,2,422,"WD","SE"
279,1,422,"WD","SE"
164,4,422,"WD","SE"
461,1,422,"WD","SE"
472,1,422,"WD","SE"
49,1,423,"WD","SE"
14,16,423,"WD","SE"
51,3,423,"WD","SE"
449,1,423,"WD","SE"
376,2,423,"WD","SE"
394,1,423,"WD","SE"
93,3,423,"WD","SE"
144,1,423,"WD","SE"
186,1,423,"WD","SE"
203,1,423,"WD","SE"
26,41,423,"WD","SE"
523,4,423,"WD","SE"
92,1,423,"WD","SE"
437,1,423,"WD","SE"
209,1,423,"WD","SE"
354,1,423,"WD","SE"
473,1,423,"WD","SE"
37,1,423,"WD","SE"
38,5,423,"WD","SE"
278,1,423,"WD","SE"
467,4,423,"WD","SE"
61,37,423,"WD","SE"
20,6,423,"WD","SE"
40,6,423,"WD","SE"
64,23,423,"WD","SE"
435,2,423,"WD","SE"
9,1,423,"WD","SE"
179,7,423,"WD","SE"
548,1,423,"WD","SE"
57,9,423,"WD","SE"
358,15,424,"WD","SE"
16,6,424,"WD","SE"
417,1,424,"WD","SE"
427,1,424,"WD","SE"
286,1,424,"WD","SE"
410,2,424,"WD","SE"
411,1,424,"WD","SE"
372,2,424,"WD","SE"
415,1,424,"WD","SE"
61,37,424,"WD","SE"
544,3,424,"WD","SE"
508,23,424,"WD","SE"
5,9,424,"WD","SE"
266,1,424,"WD","SE"
519,4,424,"WD","SE"
548,1,424,"WD","SE"
465,1,424,"WD","SE"
376,2,424,"WD","SE"
499,28,424,"WD","SE"
179,7,424,"WD","SE"
173,1,424,"WD","SE"
440,1,424,"WD","SE"
516,3,424,"WD","SE"
17,5,424,"WD","SE"
326,1,424,"WD","SE"
91,8,424,"WD","SE"
285,1,424,"WD","SE"
203,1,424,"WD","SE"
187,1,424,"WD","SE"
389,2,424,"WD","SE"
513,4,425,"WD","SE"
517,3,425,"WD","SE"
276,4,425,"WD","SE"
266,1,425,"WD","SE"
534,3,425,"WD","SE"
322,1,425,"WD","SE"
500,25,425,"WD","SE"
285,1,425,"WD","SE"
376,2,425,"WD","SE"
469,5,425,"WD","SE"
547,1,425,"WD","SE"
540,3,425,"WD","SE"
390,4,425,"WD","SE"
349,1,425,"WD","SE"
524,1,425,"WD","SE"
367,2,425,"WD","SE"
51,3,425,"WD","SE"
36,6,425,"WD","SE"
1,3,425,"WD","SE"
496,26,425,"WD","SE"
343,6,425,"WD","SE"
20,6,425,"WD","SE"
338,3,425,"WD","SE"
421,5,425,"WD","SE"
41,1,425,"WD","SE"
375,1,425,"WD","SE"
433,2,425,"WD","SE"
344,1,425,"WD","SE"
455,2,425,"WD","SE"
16,6,425,"WD","SE"
38,5,426,"WD","SE"
47,10,426,"WD","SE"
370,1,426,"WD","SE"
390,4,426,"WD","SE"
397,1,426,"WD","SE"
441,2,426,"WD","SE"
23,7,426,"WD","SE"
140,1,426,"WD","SE"
45,7,426,"WD","SE"
286,1,426,"WD","SE"
368,1,426,"WD","SE"
551,1,426,"WD","SE"
282,1,426,"WD","SE"
415,1,426,"WD","SE"
523,4,426,"WD","SE"
380,3,426,"WD","SE"
414,1,426,"WD","SE"
29,2,426,"WD","SE"
49,1,426,"WD","SE"
540,3,426,"WD","SE"
5,9,426,"WD","SE"
516,3,426,"WD","SE"
510,18,426,"WD","SE"
317,2,426,"WD","SE"
58,2,426,"WD","SE"
6,4,426,"WD","SE"
455,2,426,"WD","SE"
202,1,426,"WD","SE"
424,1,426,"WD","SE"
44,35,426,"WD","SE"
389,2,427,"WD","SE"
437,1,427,"WD","SE"
7,24,427,"WD","SE"
545,2,427,"WD","SE"
468,1,427,"WD","SE"
295,4,427,"WD","SE"
390,4,427,"WD","SE"
338,3,427,"WD","SE"
326,1,427,"WD","SE"
516,3,427,"WD","SE"
507,11,427,"WD","SE"
237,1,427,"WD","SE"
105,1,427,"WD","SE"
90,3,427,"WD","SE"
141,1,427,"WD","SE"
502,18,427,"WD","SE"
128,1,427,"WD","SE"
205,2,427,"WD","SE"
422,3,427,"WD","SE"
463,1,427,"WD","SE"
84,1,427,"WD","SE"
132,1,427,"WD","SE"
44,35,427,"WD","SE"
376,2,427,"WD","SE"
248,1,427,"WD","SE"
350,1,427,"WD","SE"
401,1,427,"WD","SE"
183,2,427,"WD","SE"
386,1,427,"WD","SE"
381,2,427,"WD","SE"
482,3,428,"WD","SE"
303,2,428,"WD","SE"
440,1,428,"WD","SE"
341,2,428,"WD","SE"
248,1,428,"WD","SE"
546,1,428,"WD","SE"
459,2,428,"WD","SE"
416,1,428,"WD","SE"
525,5,428,"WD","SE"
404,1,428,"WD","SE"
276,4,428,"WD","SE"
77,18,428,"WD","SE"
350,1,428,"WD","SE"
33,12,428,"WD","SE"
551,1,428,"WD","SE"
348,2,428,"WD","SE"
523,4,428,"WD","SE"
433,2,428,"WD","SE"
540,3,428,"WD","SE"
186,1,428,"WD","SE"
419,1,428,"WD","SE"
326,1,428,"WD","SE"
498,27,428,"WD","SE"
86,2,428,"WD","SE"
390,4,428,"WD","SE"
17,5,428,"WD","SE"
118,1,428,"WD","SE"
50,4,428,"WD","SE"
170,1,428,"WD","SE"
368,1,428,"WD","SE"
173,1,429,"WD","SE"
205,2,429,"WD","SE"
82,3,429,"WD","SE"
375,1,429,"WD","SE"
354,1,429,"WD","SE"
369,1,429,"WD","SE"
29,2,429,"WD","SE"
264,1,429,"WD","SE"
170,1,429,"WD","SE"
367,2,429,"WD","SE"
303,2,429,"WD","SE"
61,37,429,"WD","SE"
71,1,429,"WD","SE"
45,7,429,"WD","SE"
341,2,429,"WD","SE"
421,5,429,"WD","SE"
374,2,429,"WD","SE"
59,5,429,"WD","SE"
40,6,429,"WD","SE"
501,24,429,"WD","SE"
301,1,429,"WD","SE"
37,1,429,"WD","SE"
16,6,429,"WD","SE"
504,35,429,"WD","SE"
459,2,429,"WD","SE"
498,27,429,"WD","SE"
13,4,429,"WD","SE"
250,1,429,"WD","SE"
9,1,429,"WD","SE"
248,1,429,"WD","SE"
302,1,430,"WD","SE"
118,1,430,"WD","SE"
183,2,430,"WD","SE"
12,9,430,"WD","SE"
237,1,430,"WD","SE"
437,1,430,"WD","SE"
385,1,430,"WD","SE"
439,2,430,"WD","SE"
389,2,430,"WD","SE"
14,16,430,"WD","SE"
460,1,430,"WD","SE"
166,1,430,"WD","SE"
377,2,430,"WD","SE"
196,2,430,"WD","SE"
164,4,430,"WD","SE"
514,3,430,"WD","SE"
498,27,430,"WD","SE"
349,1,430,"WD","SE"
317,2,430,"WD","SE"
422,3,430,"WD","SE"
45,7,430,"WD","SE"
326,1,430,"WD","SE"
285,1,430,"WD","SE"
354,1,430,"WD","SE"
401,1,430,"WD","SE"
374,2,430,"WD","SE"
61,37,430,"WD","SE"
186,1,430,"WD","SE"
13,4,430,"WD","SE"
47,10,430,"WD","SE"
500,25,431,"WD","SE"
51,3,431,"WD","SE"
546,1,431,"WD","SE"
457,1,431,"WD","SE"
425,3,431,"WD","SE"
295,4,431,"WD","SE"
183,2,431,"WD","SE"
318,2,431,"WD","SE"
380,3,431,"WD","SE"
404,1,431,"WD","SE"
498,27,431,"WD","SE"
326,1,431,"WD","SE"
105,1,431,"WD","SE"
414,1,431,"WD","SE"
383,1,431,"WD","SE"
376,2,431,"WD","SE"
128,1,431,"WD","SE"
237,1,431,"WD","SE"
19,8,431,"WD","SE"
525,5,431,"WD","SE"
86,2,431,"WD","SE"
420,1,431,"WD","SE"
7,24,431,"WD","SE"
507,11,431,"WD","SE"
84,1,431,"WD","SE"
504,35,431,"WD","SE"
416,1,431,"WD","SE"
372,2,431,"WD","SE"
232,3,431,"WD","SE"
285,1,431,"WD","SE"
344,1,432,"WD","SE"
534,3,432,"WD","SE"
380,3,432,"WD","SE"
38,5,432,"WD","SE"
28,22,432,"WD","SE"
249,2,432,"WD","SE"
365,1,432,"WD","SE"
51,3,432,"WD","SE"
438,4,432,"WD","SE"
547,1,432,"WD","SE"
544,3,432,"WD","SE"
33,12,432,"WD","SE"
193,1,432,"WD","SE"
545,2,432,"WD","SE"
524,1,432,"WD","SE"
348,2,432,"WD","SE"
341,2,432,"WD","SE"
71,1,432,"WD","SE"
170,1,432,"WD","SE"
186,1,432,"WD","SE"
422,3,432,"WD","SE"
278,1,432,"WD","SE"
264,1,432,"WD","SE"
398,1,432,"WD","SE"
426,2,432,"WD","SE"
449,1,432,"WD","SE"
517,3,432,"WD","SE"
370,1,432,"WD","SE"
457,1,432,"WD","SE"
84,1,432,"WD","SE"
486,3,433,"WD","SE"
80,10,433,"WD","SE"
469,5,433,"WD","SE"
449,1,433,"WD","SE"
9,1,433,"WD","SE"
357,1,433,"WD","SE"
510,18,433,"WD","SE"
428,1,433,"WD","SE"
203,1,433,"WD","SE"
74,1,433,"WD","SE"
285,1,433,"WD","SE"
548,1,433,"WD","SE"
369,1,433,"WD","SE"
209,1,433,"WD","SE"
40,6,433,"WD","SE"
385,1,433,"WD","SE"
38,5,433,"WD","SE"
11,30,433,"WD","SE"
380,3,433,"WD","SE"
183,2,433,"WD","SE"
519,4,433,"WD","SE"
415,1,433,"WD","SE"
59,5,433,"WD","SE"
367,2,433,"WD","SE"
348,2,433,"WD","SE"
346,1,433,"WD","SE"
389,2,433,"WD","SE"
546,1,433,"WD","SE"
459,2,433,"WD","SE"
540,3,433,"WD","SE"
551,1,434,"WD","SE"
198,1,434,"WD","SE"
179,7,434,"WD","SE"
375,1,434,"WD","SE"
50,4,434,"WD","SE"
45,7,434,"WD","SE"
326,1,434,"WD","SE"
67,9,434,"WD","SE"
459,2,434,"WD","SE"
82,3,434,"WD","SE"
91,8,434,"WD","SE"
80,10,434,"WD","SE"
483,3,434,"WD","SE"
193,1,434,"WD","SE"
71,1,434,"WD","SE"
389,2,434,"WD","SE"
32,9,434,"WD","SE"
352,2,434,"WD","SE"
59,5,434,"WD","SE"
92,1,434,"WD","SE"
170,1,434,"WD","SE"
548,1,434,"WD","SE"
11,30,434,"WD","SE"
523,4,434,"WD","SE"
58,2,434,"WD","SE"
367,2,434,"WD","SE"
439,2,434,"WD","SE"
279,1,434,"WD","SE"
357,1,434,"WD","SE"
187,1,434,"WD","SE"
465,1,435,"WD","SE"
71,1,435,"WD","SE"
377,2,435,"WD","SE"
142,1,435,"WD","SE"
158,2,435,"WD","SE"
376,2,435,"WD","SE"
38,5,435,"WD","SE"
410,2,435,"WD","SE"
380,3,435,"WD","SE"
61,37,435,"WD","SE"
187,1,435,"WD","SE"
417,1,435,"WD","SE"
441,2,435,"WD","SE"
40,6,435,"WD","SE"
435,2,435,"WD","SE"
504,35,435,"WD","SE"
416,1,435,"WD","SE"
344,1,435,"WD","SE"
375,1,435,"WD","SE"
131,1,435,"WD","SE"
445,10,435,"WD","SE"
51,3,435,"WD","SE"
468,1,435,"WD","SE"
414,1,435,"WD","SE"
1,3,435,"WD","SE"
33,12,435,"WD","SE"
266,1,435,"WD","SE"
467,4,435,"WD","SE"
501,24,435,"WD","SE"
430,4,435,"WD","SE"
285,1,436,"WD","SE"
519,4,436,"WD","SE"
278,1,436,"WD","SE"
357,1,436,"WD","SE"
43,1,436,"WD","SE"
463,1,436,"WD","SE"
361,3,436,"WD","SE"
390,4,436,"WD","SE"
514,3,436,"WD","SE"
318,2,436,"WD","SE"
365,1,436,"WD","SE"
72,8,436,"WD","SE"
80,10,436,"WD","SE"
343,6,436,"WD","SE"
516,3,436,"WD","SE"
508,23,436,"WD","SE"
74,1,436,"WD","SE"
517,3,436,"WD","SE"
223,1,436,"WD","SE"
164,4,436,"WD","SE"
40,6,436,"WD","SE"
138,3,436,"WD","SE"
374,2,436,"WD","SE"
140,1,436,"WD","SE"
250,1,436,"WD","SE"
439,2,436,"WD","SE"
545,2,436,"WD","SE"
51,3,436,"WD","SE"
301,1,436,"WD","SE"
326,1,436,"WD","SE"
421,5,437,"WD","SE"
358,15,437,"WD","SE"
357,1,437,"WD","SE"
426,2,437,"WD","SE"
341,2,437,"WD","SE"
51,3,437,"WD","SE"
545,2,437,"WD","SE"
501,24,437,"WD","SE"
214,1,437,"WD","SE"
380,3,437,"WD","SE"
482,3,437,"WD","SE"
76,6,437,"WD","SE"
363,1,437,"WD","SE"
166,1,437,"WD","SE"
78,9,437,"WD","SE"
28,22,437,"WD","SE"
140,1,437,"WD","SE"
170,1,437,"WD","SE"
356,1,437,"WD","SE"
415,1,437,"WD","SE"
49,1,437,"WD","SE"
441,2,437,"WD","SE"
377,2,437,"WD","SE"
447,3,437,"WD","SE"
40,6,437,"WD","SE"
473,1,437,"WD","SE"
143,1,437,"WD","SE"
349,1,437,"WD","SE"
16,6,437,"WD","SE"
471,2,437,"WD","SE"
370,1,438,"WD","SE"
343,6,438,"WD","SE"
459,2,438,"WD","SE"
460,1,438,"WD","SE"
383,1,438,"WD","SE"
545,2,438,"WD","SE"
38,5,438,"WD","SE"
202,1,438,"WD","SE"
1,3,438,"WD","SE"
470,5,438,"WD","SE"
58,2,438,"WD","SE"
304,1,438,"WD","SE"
247,1,438,"WD","SE"
20,6,438,"WD","SE"
295,4,438,"WD","SE"
61,37,438,"WD","SE"
215,1,438,"WD","SE"
482,3,438,"WD","SE"
45,7,438,"WD","SE"
510,18,438,"WD","SE"
158,2,438,"WD","SE"
6,4,438,"WD","SE"
173,1,438,"WD","SE"
441,2,438,"WD","SE"
483,3,438,"WD","SE"
414,1,438,"WD","SE"
500,25,438,"WD","SE"
380,3,438,"WD","SE"
401,1,438,"WD","SE"
447,3,438,"WD","SE"
123,2,439,"WD","SE"
308,1,439,"WD","SE"
266,1,439,"WD","SE"
367,2,439,"WD","SE"
365,1,439,"WD","SE"
23,7,439,"WD","SE"
372,2,439,"WD","SE"
318,2,439,"WD","SE"
426,2,439,"WD","SE"
397,1,439,"WD","SE"
343,6,439,"WD","SE"
170,1,439,"WD","SE"
326,1,439,"WD","SE"
441,2,439,"WD","SE"
501,24,439,"WD","SE"
546,1,439,"WD","SE"
209,1,439,"WD","SE"
348,2,439,"WD","SE"
433,2,439,"WD","SE"
282,1,439,"WD","SE"
285,1,439,"WD","SE"
105,1,439,"WD","SE"
472,1,439,"WD","SE"
92,1,439,"WD","SE"
422,3,439,"WD","SE"
551,1,439,"WD","SE"
26,41,439,"WD","SE"
77,18,439,"WD","SE"
516,3,439,"WD","SE"
457,1,439,"WD","SE"
313,1,440,"WD","SE"
9,1,440,"WD","SE"
92,1,440,"WD","SE"
61,37,440,"WD","SE"
164,4,440,"WD","SE"
449,1,440,"WD","SE"
105,1,440,"WD","SE"
445,10,440,"WD","SE"
458,1,440,"WD","SE"
12,9,440,"WD","SE"
326,1,440,"WD","SE"
278,1,440,"WD","SE"
91,8,440,"WD","SE"
523,4,440,"WD","SE"
144,1,440,"WD","SE"
158,2,440,"WD","SE"
350,1,440,"WD","SE"
375,1,440,"WD","SE"
346,1,440,"WD","SE"
228,1,440,"WD","SE"
363,1,440,"WD","SE"
430,4,440,"WD","SE"
471,2,440,"WD","SE"
23,7,440,"WD","SE"
84,1,440,"WD","SE"
33,12,440,"WD","SE"
349,1,440,"WD","SE"
499,28,440,"WD","SE"
348,2,440,"WD","SE"
341,2,440,"WD","SE"
144,1,441,"WD","SE"
397,1,441,"WD","SE"
187,1,441,"WD","SE"
417,1,441,"WD","SE"
483,3,441,"WD","SE"
132,1,441,"WD","SE"
126,2,441,"WD","SE"
103,1,441,"WD","SE"
205,2,441,"WD","SE"
142,1,441,"WD","SE"
249,2,441,"WD","SE"
44,35,441,"WD","SE"
348,2,441,"WD","SE"
422,3,441,"WD","SE"
410,2,441,"WD","SE"
308,1,441,"WD","SE"
368,1,441,"WD","SE"
223,1,441,"WD","SE"
14,16,441,"WD","SE"
279,1,441,"WD","SE"
459,2,441,"WD","SE"
326,1,441,"WD","SE"
193,1,441,"WD","SE"
386,1,441,"WD","SE"
357,1,441,"WD","SE"
28,22,441,"WD","SE"
433,2,441,"WD","SE"
244,2,441,"WD","SE"
48,4,441,"WD","SE"
43,1,441,"WD","SE"
282,1,442,"WD","SE"
367,2,442,"WD","SE"
500,25,442,"WD","SE"
416,1,442,"WD","SE"
301,1,442,"WD","SE"
498,27,442,"WD","SE"
460,1,442,"WD","SE"
215,1,442,"WD","SE"
455,2,442,"WD","SE"
202,1,442,"WD","SE"
410,2,442,"WD","SE"
404,1,442,"WD","SE"
356,1,442,"WD","SE"
228,1,442,"WD","SE"
64,23,442,"WD","SE"
441,2,442,"WD","SE"
209,1,442,"WD","SE"
411,1,442,"WD","SE"
386,1,442,"WD","SE"
369,1,442,"WD","SE"
417,1,442,"WD","SE"
259,3,442,"WD","SE"
357,1,442,"WD","SE"
16,6,442,"WD","SE"
11,30,442,"WD","SE"
1,3,442,"WD","SE"
61,37,442,"WD","SE"
184,1,442,"WD","SE"
510,18,442,"WD","SE"
255,1,442,"WD","SE"
214,1,443,"WD","SE"
80,10,443,"WD","SE"
516,3,443,"WD","SE"
33,12,443,"WD","SE"
524,1,443,"WD","SE"
468,1,443,"WD","SE"
32,9,443,"WD","SE"
546,1,443,"WD","SE"
302,1,443,"WD","SE"
455,2,443,"WD","SE"
503,22,443,"WD","SE"
93,3,443,"WD","SE"
374,2,443,"WD","SE"
547,1,443,"WD","SE"
352,2,443,"WD","SE"
6,4,443,"WD","SE"
380,3,443,"WD","SE"
237,1,443,"WD","SE"
501,24,443,"WD","SE"
517,3,443,"WD","SE"
143,1,443,"WD","SE"
71,1,443,"WD","SE"
349,1,443,"WD","SE"
16,6,443,"WD","SE"
363,1,443,"WD","SE"
9,1,443,"WD","SE"
203,1,443,"WD","SE"
338,3,443,"WD","SE"
47,10,443,"WD","SE"
76,6,443,"WD","SE"
390,4,444,"WD","SE"
72,8,444,"WD","SE"
344,1,444,"WD","SE"
368,1,444,"WD","SE"
455,2,444,"WD","SE"
223,1,444,"WD","SE"
508,23,444,"WD","SE"
228,1,444,"WD","SE"
386,1,444,"WD","SE"
437,1,444,"WD","SE"
40,6,444,"WD","SE"
196,2,444,"WD","SE"
343,6,444,"WD","SE"
173,1,444,"WD","SE"
74,1,444,"WD","SE"
4,9,444,"WD","SE"
499,28,444,"WD","SE"
29,2,444,"WD","SE"
183,2,444,"WD","SE"
90,3,444,"WD","SE"
23,7,444,"WD","SE"
43,1,444,"WD","SE"
249,2,444,"WD","SE"
414,1,444,"WD","SE"
48,4,444,"WD","SE"
415,1,444,"WD","SE"
103,1,444,"WD","SE"
302,1,444,"WD","SE"
338,3,444,"WD","SE"
303,2,444,"WD","SE"
303,2,445,"WD","SE"
141,1,445,"WD","SE"
249,2,445,"WD","SE"
385,1,445,"WD","SE"
472,1,445,"WD","SE"
438,4,445,"WD","SE"
40,6,445,"WD","SE"
209,1,445,"WD","SE"
11,30,445,"WD","SE"
370,1,445,"WD","SE"
92,1,445,"WD","SE"
389,2,445,"WD","SE"
398,1,445,"WD","SE"
166,1,445,"WD","SE"
138,3,445,"WD","SE"
508,23,445,"WD","SE"
57,9,445,"WD","SE"
286,1,445,"WD","SE"
72,8,445,"WD","SE"
223,1,445,"WD","SE"
544,3,445,"WD","SE"
466,1,445,"WD","SE"
47,10,445,"WD","SE"
78,9,445,"WD","SE"
367,2,445,"WD","SE"
523,4,445,"WD","SE"
304,1,445,"WD","SE"
348,2,445,"WD","SE"
164,4,445,"WD","SE"
394,1,445,"WD","SE"
377,2,446,"WD","SE"
389,2,446,"WD","SE"
61,37,446,"WD","SE"
341,2,446,"WD","SE"
264,1,446,"WD","SE"
7,24,446,"WD","SE"
138,3,446,"WD","SE"
202,1,446,"WD","SE"
32,9,446,"WD","SE"
64,23,446,"WD","SE"
410,2,446,"WD","SE"
422,3,446,"WD","SE"
9,1,446,"WD","SE"
439,2,446,"WD","SE"
52,2,446,"WD","SE"
317,2,446,"WD","SE"
41,1,446,"WD","SE"
279,1,446,"WD","SE"
517,3,446,"WD","SE"
441,2,446,"WD","SE"
430,4,446,"WD","SE"
247,1,446,"WD","SE"
470,5,446,"WD","SE"
193,1,446,"WD","SE"
72,8,446,"WD","SE"
74,1,446,"WD","SE"
504,35,446,"WD","SE"
498,27,446,"WD","SE"
414,1,446,"WD","SE"
183,2,446,"WD","SE"
170,1,447,"WD","SE"
397,1,447,"WD","SE"
105,1,447,"WD","SE"
465,1,447,"WD","SE"
38,5,447,"WD","SE"
540,3,447,"WD","SE"
483,3,447,"WD","SE"
363,1,447,"WD","SE"
140,1,447,"WD","SE"
11,30,447,"WD","SE"
126,2,447,"WD","SE"
348,2,447,"WD","SE"
78,9,447,"WD","SE"
447,3,447,"WD","SE"
389,2,447,"WD","SE"
427,1,447,"WD","SE"
13,4,447,"WD","SE"
358,15,447,"WD","SE"
64,23,447,"WD","SE"
29,2,447,"WD","SE"
74,1,447,"WD","SE"
255,1,447,"WD","SE"
20,6,447,"WD","SE"
118,1,447,"WD","SE"
128,1,447,"WD","SE"
378,1,447,"WD","SE"
410,2,447,"WD","SE"
187,1,447,"WD","SE"
433,2,447,"WD","SE"
547,1,447,"WD","SE"
377,2,448,"WD","SE"
419,1,448,"WD","SE"
132,1,448,"WD","SE"
507,11,448,"WD","SE"
380,3,448,"WD","SE"
425,3,448,"WD","SE"
414,1,448,"WD","SE"
352,2,448,"WD","SE"
415,1,448,"WD","SE"
389,2,448,"WD","SE"
548,1,448,"WD","SE"
17,5,448,"WD","SE"
252,1,448,"WD","SE"
61,37,448,"WD","SE"
363,1,448,"WD","SE"
36,6,448,"WD","SE"
421,5,448,"WD","SE"
7,24,448,"WD","SE"
470,5,448,"WD","SE"
51,3,448,"WD","SE"
118,1,448,"WD","SE"
435,2,448,"WD","SE"
517,3,448,"WD","SE"
350,1,448,"WD","SE"
378,1,448,"WD","SE"
439,2,448,"WD","SE"
367,2,448,"WD","SE"
38,5,448,"WD","SE"
64,23,448,"WD","SE"
404,1,448,"WD","SE"
266,1,449,"WD","SE"
259,3,449,"WD","SE"
368,1,449,"WD","SE"
308,1,449,"WD","SE"
9,1,449,"WD","SE"
302,1,449,"WD","SE"
80,10,449,"WD","SE"
57,9,449,"WD","SE"
228,1,449,"WD","SE"
361,3,449,"WD","SE"
19,8,449,"WD","SE"
433,2,449,"WD","SE"
447,3,449,"WD","SE"
380,3,449,"WD","SE"
354,1,449,"WD","SE"
370,1,449,"WD","SE"
202,1,449,"WD","SE"
255,1,449,"WD","SE"
17,5,449,"WD","SE"
92,1,449,"WD","SE"
430,4,449,"WD","SE"
32,9,449,"WD","SE"
349,1,449,"WD","SE"
11,30,449,"WD","SE"
338,3,449,"WD","SE"
16,6,449,"WD","SE"
43,1,449,"WD","SE"
548,1,449,"WD","SE"
82,3,449,"WD","SE"
424,1,449,"WD","SE"
266,1,450,"WD","SE"
524,1,450,"WD","SE"
166,1,450,"WD","SE"
12,9,450,"WD","SE"
61,37,450,"WD","SE"
424,1,450,"WD","SE"
143,1,450,"WD","SE"
378,1,450,"WD","SE"
519,4,450,"WD","SE"
551,1,450,"WD","SE"
414,1,450,"WD","SE"
348,2,450,"WD","SE"
499,28,450,"WD","SE"
232,3,450,"WD","SE"
295,4,450,"WD","SE"
170,1,450,"WD","SE"
276,4,450,"WD","SE"
33,12,450,"WD","SE"
279,1,450,"WD","SE"
545,2,450,"WD","SE"
144,1,450,"WD","SE"
540,3,450,"WD","SE"
416,1,450,"WD","SE"
426,2,450,"WD","SE"
317,2,450,"WD","SE"
548,1,450,"WD","SE"
463,1,450,"WD","SE"
247,1,450,"WD","SE"
372,2,450,"WD","SE"
14,16,450,"WD","SE"
193,1,451,"WD","SE"
525,5,451,"WD","SE"
285,1,451,"WD","SE"
504,35,451,"WD","SE"
439,2,451,"WD","SE"
11,30,451,"WD","SE"
90,3,451,"WD","SE"
547,1,451,"WD","SE"
486,3,451,"WD","SE"
372,2,451,"WD","SE"
183,2,451,"WD","SE"
214,1,451,"WD","SE"
500,25,451,"WD","SE"
344,1,451,"WD","SE"
67,9,451,"WD","SE"
390,4,451,"WD","SE"
4,9,451,"WD","SE"
282,1,451,"WD","SE"
540,3,451,"WD","SE"
415,1,451,"WD","SE"
499,28,451,"WD","SE"
249,2,451,"WD","SE"
1,3,451,"WD","SE"
414,1,451,"WD","SE"
428,1,451,"WD","SE"
341,2,451,"WD","SE"
346,1,451,"WD","SE"
377,2,451,"WD","SE"
411,1,451,"WD","SE"
424,1,451,"WD","SE"
383,1,452,"WD","SE"
279,1,452,"WD","SE"
519,4,452,"WD","SE"
460,1,452,"WD","SE"
421,5,452,"WD","SE"
285,1,452,"WD","SE"
482,3,452,"WD","SE"
9,1,452,"WD","SE"
41,1,452,"WD","SE"
276,4,452,"WD","SE"
187,1,452,"WD","SE"
499,28,452,"WD","SE"
247,1,452,"WD","SE"
346,1,452,"WD","SE"
378,1,452,"WD","SE"
313,1,452,"WD","SE"
77,18,452,"WD","SE"
29,2,452,"WD","SE"
375,1,452,"WD","SE"
205,2,452,"WD","SE"
67,9,452,"WD","SE"
361,3,452,"WD","SE"
13,4,452,"WD","SE"
544,3,452,"WD","SE"
367,2,452,"WD","SE"
430,4,452,"WD","SE"
131,1,452,"WD","SE"
483,3,452,"WD","SE"
308,1,452,"WD","SE"
266,1,452,"WD","SE"
186,1,453,"WD","SE"
496,26,453,"WD","SE"
51,3,453,"WD","SE"
247,1,453,"WD","SE"
303,2,453,"WD","SE"
123,2,453,"WD","SE"
71,1,453,"WD","SE"
416,1,453,"WD","SE"
103,1,453,"WD","SE"
138,3,453,"WD","SE"
9,1,453,"WD","SE"
86,2,453,"WD","SE"
203,1,453,"WD","SE"
447,3,453,"WD","SE"
421,5,453,"WD","SE"
255,1,453,"WD","SE"
372,2,453,"WD","SE"
417,1,453,"WD","SE"
80,10,453,"WD","SE"
142,1,453,"WD","SE"
375,1,453,"WD","SE"
105,1,453,"WD","SE"
386,1,453,"WD","SE"
458,1,453,"WD","SE"
471,2,453,"WD","SE"
313,1,453,"WD","SE"
441,2,453,"WD","SE"
513,4,453,"WD","SE"
143,1,453,"WD","SE"
414,1,453,"WD","SE"
466,1,454,"WD","SE"
140,1,454,"WD","SE"
496,26,454,"WD","SE"
469,5,454,"WD","SE"
368,1,454,"WD","SE"
513,4,454,"WD","SE"
301,1,454,"WD","SE"
322,1,454,"WD","SE"
59,5,454,"WD","SE"
49,1,454,"WD","SE"
255,1,454,"WD","SE"
370,1,454,"WD","SE"
372,2,454,"WD","SE"
38,5,454,"WD","SE"
143,1,454,"WD","SE"
499,28,454,"WD","SE"
389,2,454,"WD","SE"
84,1,454,"WD","SE"
365,1,454,"WD","SE"
164,4,454,"WD","SE"
441,2,454,"WD","SE"
61,37,454,"WD","SE"
381,2,454,"WD","SE"
86,2,454,"WD","SE"
203,1,454,"WD","SE"
16,6,454,"WD","SE"
501,24,454,"WD","SE"
47,10,454,"WD","SE"
349,1,454,"WD","SE"
308,1,454,"WD","SE"
286,1,455,"WD","SE"
190,1,455,"WD","SE"
449,1,455,"WD","SE"
502,18,455,"WD","SE"
13,4,455,"WD","SE"
202,1,455,"WD","SE"
11,30,455,"WD","SE"
343,6,455,"WD","SE"
524,1,455,"WD","SE"
466,1,455,"WD","SE"
29,2,455,"WD","SE"
80,10,455,"WD","SE"
93,3,455,"WD","SE"
437,1,455,"WD","SE"
47,10,455,"WD","SE"
546,1,455,"WD","SE"
36,6,455,"WD","SE"
33,12,455,"WD","SE"
415,1,455,"WD","SE"
460,1,455,"WD","SE"
23,7,455,"WD","SE"
496,26,455,"WD","SE"
420,1,455,"WD","SE"
430,4,455,"WD","SE"
348,2,455,"WD","SE"
26,41,455,"WD","SE"
469,5,455,"WD","SE"
67,9,455,"WD","SE"
61,37,455,"WD","SE"
209,1,455,"WD","SE"
11,30,456,"WD","SE"
326,1,456,"WD","SE"
350,1,456,"WD","SE"
4,9,456,"WD","SE"
128,1,456,"WD","SE"
51,3,456,"WD","SE"
138,3,456,"WD","SE"
547,1,456,"WD","SE"
460,1,456,"WD","SE"
459,2,456,"WD","SE"
457,1,456,"WD","SE"
48,4,456,"WD","SE"
433,2,456,"WD","SE"
278,1,456,"WD","SE"
252,1,456,"WD","SE"
341,2,456,"WD","SE"
196,2,456,"WD","SE"
71,1,456,"WD","SE"
502,18,456,"WD","SE"
496,26,456,"WD","SE"
370,1,456,"WD","SE"
441,2,456,"WD","SE"
438,4,456,"WD","SE"
346,1,456,"WD","SE"
103,1,456,"WD","SE"
158,2,456,"WD","SE"
255,1,456,"WD","SE"
45,7,456,"WD","SE"
440,1,456,"WD","SE"
381,2,456,"WD","SE"
23,7,457,"WD","SE"
52,2,457,"WD","SE"
74,1,457,"WD","SE"
519,4,457,"WD","SE"
389,2,457,"WD","SE"
504,35,457,"WD","SE"
322,1,457,"WD","SE"
525,5,457,"WD","SE"
510,18,457,"WD","SE"
471,2,457,"WD","SE"
203,1,457,"WD","SE"
20,6,457,"WD","SE"
317,2,457,"WD","SE"
499,28,457,"WD","SE"
514,3,457,"WD","SE"
368,1,457,"WD","SE"
45,7,457,"WD","SE"
381,2,457,"WD","SE"
386,1,457,"WD","SE"
279,1,457,"WD","SE"
228,1,457,"WD","SE"
64,23,457,"WD","SE"
414,1,457,"WD","SE"
40,6,457,"WD","SE"
26,41,457,"WD","SE"
278,1,457,"WD","SE"
465,1,457,"WD","SE"
383,1,457,"WD","SE"
248,1,457,"WD","SE"
141,1,457,"WD","SE"
346,1,458,"WD","SE"
445,10,458,"WD","SE"
317,2,458,"WD","SE"
433,2,458,"WD","SE"
13,4,458,"WD","SE"
184,1,458,"WD","SE"
313,1,458,"WD","SE"
514,3,458,"WD","SE"
49,1,458,"WD","SE"
545,2,458,"WD","SE"
341,2,458,"WD","SE"
439,2,458,"WD","SE"
58,2,458,"WD","SE"
77,18,458,"WD","SE"
252,1,458,"WD","SE"
214,1,458,"WD","SE"
459,2,458,"WD","SE"
357,1,458,"WD","SE"
378,1,458,"WD","SE"
482,3,458,"WD","SE"
386,1,458,"WD","SE"
449,1,458,"WD","SE"
368,1,458,"WD","SE"
519,4,458,"WD","SE"
381,2,458,"WD","SE"
259,3,458,"WD","SE"
74,1,458,"WD","SE"
244,2,458,"WD","SE"
123,2,458,"WD","SE"
7,24,458,"WD","SE"
179,7,459,"WD","SE"
61,37,459,"WD","SE"
510,18,459,"WD","SE"
358,15,459,"WD","SE"
425,3,459,"WD","SE"
118,1,459,"WD","SE"
198,1,459,"WD","SE"
465,1,459,"WD","SE"
203,1,459,"WD","SE"
524,1,459,"WD","SE"
90,3,459,"WD","SE"
187,1,459,"WD","SE"
468,1,459,"WD","SE"
455,2,459,"WD","SE"
285,1,459,"WD","SE"
437,1,459,"WD","SE"
420,1,459,"WD","SE"
303,2,459,"WD","SE"
544,3,459,"WD","SE"
441,2,459,"WD","SE"
82,3,459,"WD","SE"
17,5,459,"WD","SE"
470,5,459,"WD","SE"
13,4,459,"WD","SE"
322,1,459,"WD","SE"
394,1,459,"WD","SE"
548,1,459,"WD","SE"
11,30,459,"WD","SE"
164,4,459,"WD","SE"
449,1,459,"WD","SE"
303,2,460,"WD","SE"
346,1,460,"WD","SE"
482,3,460,"WD","SE"
459,2,460,"WD","SE"
468,1,460,"WD","SE"
23,7,460,"WD","SE"
103,1,460,"WD","SE"
105,1,460,"WD","SE"
350,1,460,"WD","SE"
252,1,460,"WD","SE"
440,1,460,"WD","SE"
374,2,460,"WD","SE"
343,6,460,"WD","SE"
313,1,460,"WD","SE"
377,2,460,"WD","SE"
6,4,460,"WD","SE"
82,3,460,"WD","SE"
417,1,460,"WD","SE"
44,35,460,"WD","SE"
71,1,460,"WD","SE"
381,2,460,"WD","SE"
394,1,460,"WD","SE"
264,1,460,"WD","SE"
433,2,460,"WD","SE"
352,2,460,"WD","SE"
16,6,460,"WD","SE"
166,1,460,"WD","SE"
317,2,460,"WD","SE"
449,1,460,"WD","SE"
40,6,460,"WD","SE"
237,1,461,"WD","SE"
346,1,461,"WD","SE"
500,25,461,"WD","SE"
301,1,461,"WD","SE"
439,2,461,"WD","SE"
519,4,461,"WD","SE"
498,27,461,"WD","SE"
23,7,461,"WD","SE"
48,4,461,"WD","SE"
496,26,461,"WD","SE"
170,1,461,"WD","SE"
205,2,461,"WD","SE"
140,1,461,"WD","SE"
449,1,461,"WD","SE"
367,2,461,"WD","SE"
416,1,461,"WD","SE"
437,1,461,"WD","SE"
51,3,461,"WD","SE"
41,1,461,"WD","SE"
90,3,461,"WD","SE"
103,1,461,"WD","SE"
166,1,461,"WD","SE"
415,1,461,"WD","SE"
525,5,461,"WD","SE"
186,1,461,"WD","SE"
338,3,461,"WD","SE"
441,2,461,"WD","SE"
132,1,461,"WD","SE"
14,16,461,"WD","SE"
131,1,461,"WD","SE"
36,6,462,"WD","SE"
259,3,462,"WD","SE"
313,1,462,"WD","SE"
198,1,462,"WD","SE"
546,1,462,"WD","SE"
503,22,462,"WD","SE"
45,7,462,"WD","SE"
123,2,462,"WD","SE"
380,3,462,"WD","SE"
61,37,462,"WD","SE"
14,16,462,"WD","SE"
463,1,462,"WD","SE"
308,1,462,"WD","SE"
144,1,462,"WD","SE"
9,1,462,"WD","SE"
250,1,462,"WD","SE"
166,1,462,"WD","SE"
202,1,462,"WD","SE"
435,2,462,"WD","SE"
132,1,462,"WD","SE"
266,1,462,"WD","SE"
473,1,462,"WD","SE"
285,1,462,"WD","SE"
468,1,462,"WD","SE"
76,6,462,"WD","SE"
128,1,462,"WD","SE"
348,2,462,"WD","SE"
282,1,462,"WD","SE"
374,2,462,"WD","SE"
458,1,462,"WD","SE"
318,2,463,"WD","SE"
385,1,463,"WD","SE"
50,4,463,"WD","SE"
36,6,463,"WD","SE"
303,2,463,"WD","SE"
264,1,463,"WD","SE"
322,1,463,"WD","SE"
61,37,463,"WD","SE"
279,1,463,"WD","SE"
544,3,463,"WD","SE"
138,3,463,"WD","SE"
394,1,463,"WD","SE"
38,5,463,"WD","SE"
164,4,463,"WD","SE"
470,5,463,"WD","SE"
187,1,463,"WD","SE"
551,1,463,"WD","SE"
282,1,463,"WD","SE"
5,9,463,"WD","SE"
41,1,463,"WD","SE"
67,9,463,"WD","SE"
504,35,463,"WD","SE"
301,1,463,"WD","SE"
473,1,463,"WD","SE"
4,9,463,"WD","SE"
368,1,463,"WD","SE"
433,2,463,"WD","SE"
343,6,463,"WD","SE"
118,1,463,"WD","SE"
285,1,463,"WD","SE"
463,1,464,"WD","SE"
482,3,464,"WD","SE"
357,1,464,"WD","SE"
352,2,464,"WD","SE"
77,18,464,"WD","SE"
419,1,464,"WD","SE"
375,1,464,"WD","SE"
41,1,464,"WD","SE"
544,3,464,"WD","SE"
38,5,464,"WD","SE"
266,1,464,"WD","SE"
11,30,464,"WD","SE"
422,3,464,"WD","SE"
19,8,464,"WD","SE"
247,1,464,"WD","SE"
350,1,464,"WD","SE"
43,1,464,"WD","SE"
473,1,464,"WD","SE"
9,1,464,"WD","SE"
416,1,464,"WD","SE"
252,1,464,"WD","SE"
123,2,464,"WD","SE"
91,8,464,"WD","SE"
40,6,464,"WD","SE"
26,41,464,"WD","SE"
460,1,464,"WD","SE"
198,1,464,"WD","SE"
470,5,464,"WD","SE"
44,35,464,"WD","SE"
415,1,464,"WD","SE"
209,1,465,"WD","SE"
376,2,465,"WD","SE"
84,1,465,"WD","SE"
222,1,465,"WD","SE"
394,1,465,"WD","SE"
78,9,465,"WD","SE"
29,2,465,"WD","SE"
32,9,465,"WD","SE"
457,1,465,"WD","SE"
410,2,465,"WD","SE"
380,3,465,"WD","SE"
303,2,465,"WD","SE"
72,8,465,"WD","SE"
232,3,465,"WD","SE"
140,1,465,"WD","SE"
47,10,465,"WD","SE"
326,1,465,"WD","SE"
455,2,465,"WD","SE"
441,2,465,"WD","SE"
74,1,465,"WD","SE"
205,2,465,"WD","SE"
361,3,465,"WD","SE"
416,1,465,"WD","SE"
49,1,465,"WD","SE"
158,2,465,"WD","SE"
414,1,465,"WD","SE"
14,16,465,"WD","SE"
421,5,465,"WD","SE"
302,1,465,"WD","SE"
282,1,465,"WD","SE"
14,16,466,"WD","SE"
551,1,466,"WD","SE"
500,25,466,"WD","SE"
460,1,466,"WD","SE"
468,1,466,"WD","SE"
445,10,466,"WD","SE"
428,1,466,"WD","SE"
346,1,466,"WD","SE"
92,1,466,"WD","SE"
80,10,466,"WD","SE"
259,3,466,"WD","SE"
255,1,466,"WD","SE"
7,24,466,"WD","SE"
250,1,466,"WD","SE"
23,7,466,"WD","SE"
350,1,466,"WD","SE"
545,2,466,"WD","SE"
546,1,466,"WD","SE"
278,1,466,"WD","SE"
164,4,466,"WD","SE"
302,1,466,"WD","SE"
252,1,466,"WD","SE"
36,6,466,"WD","SE"
390,4,466,"WD","SE"
193,1,466,"WD","SE"
470,5,466,"WD","SE"
514,3,466,"WD","SE"
341,2,466,"WD","SE"
467,4,466,"WD","SE"
215,1,466,"WD","SE"
12,9,467,"WD","SE"
517,3,467,"WD","SE"
546,1,467,"WD","SE"
282,1,467,"WD","SE"
463,1,467,"WD","SE"
105,1,467,"WD","SE"
13,4,467,"WD","SE"
77,18,467,"WD","SE"
361,3,467,"WD","SE"
248,1,467,"WD","SE"
358,15,467,"WD","SE"
16,6,467,"WD","SE"
90,3,467,"WD","SE"
525,5,467,"WD","SE"
501,24,467,"WD","SE"
140,1,467,"WD","SE"
255,1,467,"WD","SE"
259,3,467,"WD","SE"
71,1,467,"WD","SE"
441,2,467,"WD","SE"
519,4,467,"WD","SE"
187,1,467,"WD","SE"
295,4,467,"WD","SE"
422,3,467,"WD","SE"
143,1,467,"WD","SE"
467,4,467,"WD","SE"
128,1,467,"WD","SE"
449,1,467,"WD","SE"
74,1,467,"WD","SE"
430,4,467,"WD","SE"
29,2,468,"WD","SE"
369,1,468,"WD","SE"
59,5,468,"WD","SE"
50,4,468,"WD","SE"
437,1,468,"WD","SE"
470,5,468,"WD","SE"
363,1,468,"WD","SE"
445,10,468,"WD","SE"
72,8,468,"WD","SE"
118,1,468,"WD","SE"
19,8,468,"WD","SE"
510,18,468,"WD","SE"
318,2,468,"WD","SE"
375,1,468,"WD","SE"
6,4,468,"WD","SE"
82,3,468,"WD","SE"
499,28,468,"WD","SE"
186,1,468,"WD","SE"
138,3,468,"WD","SE"
367,2,468,"WD","SE"
341,2,468,"WD","SE"
308,1,468,"WD","SE"
143,1,468,"WD","SE"
77,18,468,"WD","SE"
301,1,468,"WD","SE"
91,8,468,"WD","SE"
49,1,468,"WD","SE"
90,3,468,"WD","SE"
142,1,468,"WD","SE"
105,1,468,"WD","SE"
397,1,469,"WD","SE"
247,1,469,"WD","SE"
417,1,469,"WD","SE"
29,2,469,"WD","SE"
445,10,469,"WD","SE"
460,1,469,"WD","SE"
524,1,469,"WD","SE"
278,1,469,"WD","SE"
517,3,469,"WD","SE"
32,9,469,"WD","SE"
414,1,469,"WD","SE"
344,1,469,"WD","SE"
455,2,469,"WD","SE"
380,3,469,"WD","SE"
141,1,469,"WD","SE"
348,2,469,"WD","SE"
419,1,469,"WD","SE"
132,1,469,"WD","SE"
187,1,469,"WD","SE"
244,2,469,"WD","SE"
64,23,469,"WD","SE"
449,1,469,"WD","SE"
57,9,469,"WD","SE"
498,27,469,"WD","SE"
295,4,469,"WD","SE"
499,28,469,"WD","SE"
420,1,469,"WD","SE"
52,2,469,"WD","SE"
385,1,469,"WD","SE"
47,10,469,"WD","SE"
6,4,470,"WD","SE"
173,1,470,"WD","SE"
435,2,470,"WD","SE"
144,1,470,"WD","SE"
198,1,470,"WD","SE"
545,2,470,"WD","SE"
48,4,470,"WD","SE"
158,2,470,"WD","SE"
13,4,470,"WD","SE"
1,3,470,"WD","SE"
424,1,470,"WD","SE"
483,3,470,"WD","SE"
317,2,470,"WD","SE"
190,1,470,"WD","SE"
349,1,470,"WD","SE"
105,1,470,"WD","SE"
250,1,470,"WD","SE"
52,2,470,"WD","SE"
72,8,470,"WD","SE"
438,4,470,"WD","SE"
193,1,470,"WD","SE"
370,1,470,"WD","SE"
179,7,470,"WD","SE"
301,1,470,"WD","SE"
416,1,470,"WD","SE"
425,3,470,"WD","SE"
29,2,470,"WD","SE"
215,1,470,"WD","SE"
249,2,470,"WD","SE"
78,9,470,"WD","SE"
548,1,471,"WD","SE"
540,3,471,"WD","SE"
482,3,471,"WD","SE"
318,2,471,"WD","SE"
377,2,471,"WD","SE"
26,41,471,"WD","SE"
503,22,471,"WD","SE"
47,10,471,"WD","SE"
78,9,471,"WD","SE"
82,3,471,"WD","SE"
525,5,471,"WD","SE"
6,4,471,"WD","SE"
72,8,471,"WD","SE"
48,4,471,"WD","SE"
77,18,471,"WD","SE"
198,1,471,"WD","SE"
350,1,471,"WD","SE"
166,1,471,"WD","SE"
19,8,471,"WD","SE"
427,1,471,"WD","SE"
255,1,471,"WD","SE"
397,1,471,"WD","SE"
524,1,471,"WD","SE"
186,1,471,"WD","SE"
308,1,471,"WD","SE"
143,1,471,"WD","SE"
38,5,471,"WD","SE"
58,2,471,"WD","SE"
214,1,471,"WD","SE"
425,3,471,"WD","SE"
513,4,472,"WD","SE"
64,23,472,"WD","SE"
76,6,472,"WD","SE"
457,1,472,"WD","SE"
510,18,472,"WD","SE"
416,1,472,"WD","SE"
301,1,472,"WD","SE"
158,2,472,"WD","SE"
500,25,472,"WD","SE"
458,1,472,"WD","SE"
59,5,472,"WD","SE"
411,1,472,"WD","SE"
540,3,472,"WD","SE"
295,4,472,"WD","SE"
401,1,472,"WD","SE"
144,1,472,"WD","SE"
469,5,472,"WD","SE"
482,3,472,"WD","SE"
421,5,472,"WD","SE"
143,1,472,"WD","SE"
441,2,472,"WD","SE"
341,2,472,"WD","SE"
461,1,472,"WD","SE"
183,2,472,"WD","SE"
377,2,472,"WD","SE"
266,1,472,"WD","SE"
322,1,472,"WD","SE"
82,3,472,"WD","SE"
394,1,472,"WD","SE"
138,3,472,"WD","SE"
361,3,473,"WD","SE"
78,9,473,"WD","SE"
447,3,473,"WD","SE"
501,24,473,"WD","SE"
282,1,473,"WD","SE"
5,9,473,"WD","SE"
209,1,473,"WD","SE"
372,2,473,"WD","SE"
503,22,473,"WD","SE"
126,2,473,"WD","SE"
48,4,473,"WD","SE"
354,1,473,"WD","SE"
438,4,473,"WD","SE"
67,9,473,"WD","SE"
82,3,473,"WD","SE"
394,1,473,"WD","SE"
498,27,473,"WD","SE"
285,1,473,"WD","SE"
496,26,473,"WD","SE"
1,3,473,"WD","SE"
459,2,473,"WD","SE"
458,1,473,"WD","SE"
77,18,473,"WD","SE"
445,10,473,"WD","SE"
513,4,473,"WD","SE"
255,1,473,"WD","SE"
132,1,473,"WD","SE"
57,9,473,"WD","SE"
118,1,473,"WD","SE"
504,35,473,"WD","SE"
228,1,474,"WD","SE"
504,35,474,"WD","SE"
38,5,474,"WD","SE"
468,1,474,"WD","SE"
259,3,474,"WD","SE"
187,1,474,"WD","SE"
344,1,474,"WD","SE"
237,1,474,"WD","SE"
343,6,474,"WD","SE"
247,1,474,"WD","SE"
71,1,474,"WD","SE"
471,2,474,"WD","SE"
374,2,474,"WD","SE"
138,3,474,"WD","SE"
313,1,474,"WD","SE"
144,1,474,"WD","SE"
77,18,474,"WD","SE"
467,4,474,"WD","SE"
40,6,474,"WD","SE"
64,23,474,"WD","SE"
301,1,474,"WD","SE"
472,1,474,"WD","SE"
286,1,474,"WD","SE"
350,1,474,"WD","SE"
143,1,474,"WD","SE"
401,1,474,"WD","SE"
67,9,474,"WD","SE"
394,1,474,"WD","SE"
193,1,474,"WD","SE"
264,1,474,"WD","SE"
504,35,475,"WD","SE"
435,2,475,"WD","SE"
344,1,475,"WD","SE"
308,1,475,"WD","SE"
205,2,475,"WD","SE"
449,1,475,"WD","SE"
36,6,475,"WD","SE"
534,3,475,"WD","SE"
198,1,475,"WD","SE"
424,1,475,"WD","SE"
13,4,475,"WD","SE"
356,1,475,"WD","SE"
187,1,475,"WD","SE"
266,1,475,"WD","SE"
223,1,475,"WD","SE"
425,3,475,"WD","SE"
459,2,475,"WD","SE"
248,1,475,"WD","SE"
11,30,475,"WD","SE"
214,1,475,"WD","SE"
519,4,475,"WD","SE"
322,1,475,"WD","SE"
455,2,475,"WD","SE"
374,2,475,"WD","SE"
1,3,475,"WD","SE"
19,8,475,"WD","SE"
414,1,475,"WD","SE"
367,2,475,"WD","SE"
514,3,475,"WD","SE"
4,9,475,"WD","SE"
247,1,476,"WD","SE"
445,10,476,"WD","SE"
421,5,476,"WD","SE"
419,1,476,"WD","SE"
77,18,476,"WD","SE"
507,11,476,"WD","SE"
544,3,476,"WD","SE"
250,1,476,"WD","SE"
468,1,476,"WD","SE"
502,18,476,"WD","SE"
183,2,476,"WD","SE"
38,5,476,"WD","SE"
12,9,476,"WD","SE"
383,1,476,"WD","SE"
105,1,476,"WD","SE"
424,1,476,"WD","SE"
131,1,476,"WD","SE"
252,1,476,"WD","SE"
357,1,476,"WD","SE"
508,23,476,"WD","SE"
29,2,476,"WD","SE"
158,2,476,"WD","SE"
51,3,476,"WD","SE"
193,1,476,"WD","SE"
45,7,476,"WD","SE"
389,2,476,"WD","SE"
91,8,476,"WD","SE"
52,2,476,"WD","SE"
455,2,476,"WD","SE"
469,5,476,"WD","SE"
86,2,477,"WD","SE"
131,1,477,"WD","SE"
16,6,477,"WD","SE"
244,2,477,"WD","SE"
430,4,477,"WD","SE"
361,3,477,"WD","SE"
437,1,477,"WD","SE"
308,1,477,"WD","SE"
483,3,477,"WD","SE"
389,2,477,"WD","SE"
9,1,477,"WD","SE"
524,1,477,"WD","SE"
499,28,477,"WD","SE"
50,4,477,"WD","SE"
58,2,477,"WD","SE"
264,1,477,"WD","SE"
7,24,477,"WD","SE"
424,1,477,"WD","SE"
232,3,477,"WD","SE"
460,1,477,"WD","SE"
45,7,477,"WD","SE"
214,1,477,"WD","SE"
455,2,477,"WD","SE"
132,1,477,"WD","SE"
425,3,477,"WD","SE"
286,1,477,"WD","SE"
164,4,477,"WD","SE"
441,2,477,"WD","SE"
467,4,477,"WD","SE"
48,4,477,"WD","SE"
1,3,478,"WD","SE"
473,1,478,"WD","SE"
426,2,478,"WD","SE"
358,15,478,"WD","SE"
266,1,478,"WD","SE"
9,1,478,"WD","SE"
17,5,478,"WD","SE"
517,3,478,"WD","SE"
424,1,478,"WD","SE"
338,3,478,"WD","SE"
278,1,478,"WD","SE"
140,1,478,"WD","SE"
43,1,478,"WD","SE"
380,3,478,"WD","SE"
516,3,478,"WD","SE"
410,2,478,"WD","SE"
285,1,478,"WD","SE"
118,1,478,"WD","SE"
430,4,478,"WD","SE"
416,1,478,"WD","SE"
64,23,478,"WD","SE"
381,2,478,"WD","SE"
428,1,478,"WD","SE"
16,6,478,"WD","SE"
301,1,478,"WD","SE"
158,2,478,"WD","SE"
470,5,478,"WD","SE"
252,1,478,"WD","SE"
540,3,478,"WD","SE"
417,1,478,"WD","SE"
540,3,479,"WD","SE"
302,1,479,"WD","SE"
471,2,479,"WD","SE"
363,1,479,"WD","SE"
128,1,479,"WD","SE"
93,3,479,"WD","SE"
190,1,479,"WD","SE"
279,1,479,"WD","SE"
344,1,479,"WD","SE"
90,3,479,"WD","SE"
427,1,479,"WD","SE"
103,1,479,"WD","SE"
67,9,479,"WD","SE"
389,2,479,"WD","SE"
374,2,479,"WD","SE"
282,1,479,"WD","SE"
377,2,479,"WD","SE"
82,3,479,"WD","SE"
414,1,479,"WD","SE"
473,1,479,"WD","SE"
20,6,479,"WD","SE"
223,1,479,"WD","SE"
1,3,479,"WD","SE"
519,4,479,"WD","SE"
304,1,479,"WD","SE"
544,3,479,"WD","SE"
523,4,479,"WD","SE"
372,2,479,"WD","SE"
438,4,479,"WD","SE"
322,1,479,"WD","SE"
184,1,480,"WD","SE"
377,2,480,"WD","SE"
173,1,480,"WD","SE"
64,23,480,"WD","SE"
158,2,480,"WD","SE"
90,3,480,"WD","SE"
416,1,480,"WD","SE"
348,2,480,"WD","SE"
179,7,480,"WD","SE"
266,1,480,"WD","SE"
318,2,480,"WD","SE"
459,2,480,"WD","SE"
472,1,480,"WD","SE"
186,1,480,"WD","SE"
341,2,480,"WD","SE"
499,28,480,"WD","SE"
143,1,480,"WD","SE"
383,1,480,"WD","SE"
365,1,480,"WD","SE"
419,1,480,"WD","SE"
1,3,480,"WD","SE"
428,1,480,"WD","SE"
61,37,480,"WD","SE"
14,16,480,"WD","SE"
128,1,480,"WD","SE"
237,1,480,"WD","SE"
354,1,480,"WD","SE"
422,3,480,"WD","SE"
123,2,480,"WD","SE"
468,1,480,"WD","SE"
33,12,481,"WD","SE"
203,1,481,"WD","SE"
71,1,481,"WD","SE"
19,8,481,"WD","SE"
548,1,481,"WD","SE"
410,2,481,"WD","SE"
26,41,481,"WD","SE"
196,2,481,"WD","SE"
369,1,481,"WD","SE"
45,7,481,"WD","SE"
23,7,481,"WD","SE"
41,1,481,"WD","SE"
367,2,481,"WD","SE"
44,35,481,"WD","SE"
91,8,481,"WD","SE"
352,2,481,"WD","SE"
482,3,481,"WD","SE"
460,1,481,"WD","SE"
302,1,481,"WD","SE"
128,1,481,"WD","SE"
427,1,481,"WD","SE"
12,9,481,"WD","SE"
378,1,481,"WD","SE"
500,25,481,"WD","SE"
11,30,481,"WD","SE"
517,3,481,"WD","SE"
441,2,481,"WD","SE"
414,1,481,"WD","SE"
389,2,481,"WD","SE"
469,5,481,"WD","SE"
544,3,482,"WD","SE"
52,2,482,"WD","SE"
23,7,482,"WD","SE"
43,1,482,"WD","SE"
519,4,482,"WD","SE"
14,16,482,"WD","SE"
361,3,482,"WD","SE"
6,4,482,"WD","SE"
12,9,482,"WD","SE"
282,1,482,"WD","SE"
386,1,482,"WD","SE"
158,2,482,"WD","SE"
376,2,482,"WD","SE"
118,1,482,"WD","SE"
71,1,482,"WD","SE"
317,2,482,"WD","SE"
389,2,482,"WD","SE"
11,30,482,"WD","SE"
123,2,482,"WD","SE"
367,2,482,"WD","SE"
468,1,482,"WD","SE"
37,1,482,"WD","SE"
255,1,482,"WD","SE"
411,1,482,"WD","SE"
209,1,482,"WD","SE"
205,2,482,"WD","SE"
548,1,482,"WD","SE"
67,9,482,"WD","SE"
247,1,482,"WD","SE"
249,2,482,"WD","SE"
1,3,483,"WD","SE"
255,1,483,"WD","SE"
447,3,483,"WD","SE"
417,1,483,"WD","SE"
173,1,483,"WD","SE"
304,1,483,"WD","SE"
440,1,483,"WD","SE"
358,15,483,"WD","SE"
16,6,483,"WD","SE"
295,4,483,"WD","SE"
301,1,483,"WD","SE"
203,1,483,"WD","SE"
350,1,483,"WD","SE"
76,6,483,"WD","SE"
276,4,483,"WD","SE"
458,1,483,"WD","SE"
486,3,483,"WD","SE"
357,1,483,"WD","SE"
84,1,483,"WD","SE"
223,1,483,"WD","SE"
183,2,483,"WD","SE"
517,3,483,"WD","SE"
20,6,483,"WD","SE"
32,9,483,"WD","SE"
140,1,483,"WD","SE"
419,1,483,"WD","SE"
540,3,483,"WD","SE"
286,1,483,"WD","SE"
374,2,483,"WD","SE"
44,35,483,"WD","SE"
11,30,484,"WD","SE"
1,3,484,"WD","SE"
91,8,484,"WD","SE"
361,3,484,"WD","SE"
9,1,484,"WD","SE"
425,3,484,"WD","SE"
551,1,484,"WD","SE"
266,1,484,"WD","SE"
186,1,484,"WD","SE"
519,4,484,"WD","SE"
285,1,484,"WD","SE"
64,23,484,"WD","SE"
419,1,484,"WD","SE"
501,24,484,"WD","SE"
341,2,484,"WD","SE"
118,1,484,"WD","SE"
369,1,484,"WD","SE"
416,1,484,"WD","SE"
367,2,484,"WD","SE"
455,2,484,"WD","SE"
26,41,484,"WD","SE"
74,1,484,"WD","SE"
318,2,484,"WD","SE"
179,7,484,"WD","SE"
17,5,484,"WD","SE"
209,1,484,"WD","SE"
365,1,484,"WD","SE"
33,12,484,"WD","SE"
286,1,484,"WD","SE"
463,1,484,"WD","SE"
346,1,485,"WD","SE"
143,1,485,"WD","SE"
20,6,485,"WD","SE"
502,18,485,"WD","SE"
369,1,485,"WD","SE"
374,2,485,"WD","SE"
77,18,485,"WD","SE"
460,1,485,"WD","SE"
378,1,485,"WD","SE"
465,1,485,"WD","SE"
430,4,485,"WD","SE"
84,1,485,"WD","SE"
416,1,485,"WD","SE"
232,3,485,"WD","SE"
455,2,485,"WD","SE"
105,1,485,"WD","SE"
237,1,485,"WD","SE"
4,9,485,"WD","SE"
187,1,485,"WD","SE"
250,1,485,"WD","SE"
523,4,485,"WD","SE"
19,8,485,"WD","SE"
205,2,485,"WD","SE"
59,5,485,"WD","SE"
544,3,485,"WD","SE"
202,1,485,"WD","SE"
377,2,485,"WD","SE"
43,1,485,"WD","SE"
123,2,485,"WD","SE"
514,3,485,"WD","SE"
466,1,486,"WD","SE"
26,41,486,"WD","SE"
43,1,486,"WD","SE"
105,1,486,"WD","SE"
460,1,486,"WD","SE"
72,8,486,"WD","SE"
461,1,486,"WD","SE"
86,2,486,"WD","SE"
469,5,486,"WD","SE"
433,2,486,"WD","SE"
414,1,486,"WD","SE"
214,1,486,"WD","SE"
352,2,486,"WD","SE"
420,1,486,"WD","SE"
349,1,486,"WD","SE"
259,3,486,"WD","SE"
496,26,486,"WD","SE"
173,1,486,"WD","SE"
447,3,486,"WD","SE"
415,1,486,"WD","SE"
458,1,486,"WD","SE"
343,6,486,"WD","SE"
348,2,486,"WD","SE"
519,4,486,"WD","SE"
551,1,486,"WD","SE"
222,1,486,"WD","SE"
140,1,486,"WD","SE"
502,18,486,"WD","SE"
282,1,486,"WD","SE"
76,6,486,"WD","SE"
514,3,487,"WD","SE"
381,2,487,"WD","SE"
349,1,487,"WD","SE"
467,4,487,"WD","SE"
303,2,487,"WD","SE"
473,1,487,"WD","SE"
90,3,487,"WD","SE"
472,1,487,"WD","SE"
82,3,487,"WD","SE"
184,1,487,"WD","SE"
13,4,487,"WD","SE"
358,15,487,"WD","SE"
470,5,487,"WD","SE"
209,1,487,"WD","SE"
449,1,487,"WD","SE"
214,1,487,"WD","SE"
186,1,487,"WD","SE"
486,3,487,"WD","SE"
196,2,487,"WD","SE"
548,1,487,"WD","SE"
322,1,487,"WD","SE"
50,4,487,"WD","SE"
144,1,487,"WD","SE"
416,1,487,"WD","SE"
4,9,487,"WD","SE"
346,1,487,"WD","SE"
380,3,487,"WD","SE"
77,18,487,"WD","SE"
278,1,487,"WD","SE"
326,1,487,"WD","SE"
370,1,488,"WD","SE"
28,22,488,"WD","SE"
470,5,488,"WD","SE"
190,1,488,"WD","SE"
414,1,488,"WD","SE"
61,37,488,"WD","SE"
546,1,488,"WD","SE"
166,1,488,"WD","SE"
447,3,488,"WD","SE"
500,25,488,"WD","SE"
389,2,488,"WD","SE"
58,2,488,"WD","SE"
183,2,488,"WD","SE"
20,6,488,"WD","SE"
304,1,488,"WD","SE"
548,1,488,"WD","SE"
47,10,488,"WD","SE"
266,1,488,"WD","SE"
547,1,488,"WD","SE"
338,3,488,"WD","SE"
544,3,488,"WD","SE"
375,1,488,"WD","SE"
308,1,488,"WD","SE"
41,1,488,"WD","SE"
349,1,488,"WD","SE"
74,1,488,"WD","SE"
445,10,488,"WD","SE"
59,5,488,"WD","SE"
473,1,488,"WD","SE"
404,1,488,"WD","SE"
78,9,489,"WD","SE"
352,2,489,"WD","SE"
14,16,489,"WD","SE"
500,25,489,"WD","SE"
455,2,489,"WD","SE"
516,3,489,"WD","SE"
41,1,489,"WD","SE"
398,1,489,"WD","SE"
61,37,489,"WD","SE"
344,1,489,"WD","SE"
356,1,489,"WD","SE"
433,2,489,"WD","SE"
28,22,489,"WD","SE"
51,3,489,"WD","SE"
357,1,489,"WD","SE"
16,6,489,"WD","SE"
33,12,489,"WD","SE"
214,1,489,"WD","SE"
471,2,489,"WD","SE"
92,1,489,"WD","SE"
84,1,489,"WD","SE"
394,1,489,"WD","SE"
90,3,489,"WD","SE"
301,1,489,"WD","SE"
222,1,489,"WD","SE"
255,1,489,"WD","SE"
141,1,489,"WD","SE"
143,1,489,"WD","SE"
381,2,489,"WD","SE"
437,1,489,"WD","SE"
546,1,490,"WD","SE"
435,2,490,"WD","SE"
184,1,490,"WD","SE"
215,1,490,"WD","SE"
222,1,490,"WD","SE"
282,1,490,"WD","SE"
358,15,490,"WD","SE"
259,3,490,"WD","SE"
370,1,490,"WD","SE"
36,6,490,"WD","SE"
20,6,490,"WD","SE"
295,4,490,"WD","SE"
421,5,490,"WD","SE"
158,2,490,"WD","SE"
365,1,490,"WD","SE"
203,1,490,"WD","SE"
9,1,490,"WD","SE"
58,2,490,"WD","SE"
467,4,490,"WD","SE"
48,4,490,"WD","SE"
514,3,490,"WD","SE"
276,4,490,"WD","SE"
428,1,490,"WD","SE"
422,3,490,"WD","SE"
427,1,490,"WD","SE"
249,2,490,"WD","SE"
33,12,490,"WD","SE"
447,3,490,"WD","SE"
17,5,490,"WD","SE"
52,2,490,"WD","SE"
513,4,491,"WD","SE"
551,1,491,"WD","SE"
383,1,491,"WD","SE"
186,1,491,"WD","SE"
417,1,491,"WD","SE"
473,1,491,"WD","SE"
259,3,491,"WD","SE"
525,5,491,"WD","SE"
486,3,491,"WD","SE"
375,1,491,"WD","SE"
496,26,491,"WD","SE"
376,2,491,"WD","SE"
467,4,491,"WD","SE"
470,5,491,"WD","SE"
545,2,491,"WD","SE"
170,1,491,"WD","SE"
255,1,491,"WD","SE"
346,1,491,"WD","SE"
463,1,491,"WD","SE"
461,1,491,"WD","SE"
33,12,491,"WD","SE"
215,1,491,"WD","SE"
202,1,491,"WD","SE"
237,1,491,"WD","SE"
90,3,491,"WD","SE"
247,1,491,"WD","SE"
352,2,491,"WD","SE"
308,1,491,"WD","SE"
244,2,491,"WD","SE"
344,1,491,"WD","SE"
365,1,492,"WD","SE"
447,3,492,"WD","SE"
76,6,492,"WD","SE"
404,1,492,"WD","SE"
352,2,492,"WD","SE"
244,2,492,"WD","SE"
375,1,492,"WD","SE"
61,37,492,"WD","SE"
52,2,492,"WD","SE"
38,5,492,"WD","SE"
209,1,492,"WD","SE"
457,1,492,"WD","SE"
78,9,492,"WD","SE"
546,1,492,"WD","SE"
449,1,492,"WD","SE"
422,3,492,"WD","SE"
416,1,492,"WD","SE"
132,1,492,"WD","SE"
223,1,492,"WD","SE"
43,1,492,"WD","SE"
19,8,492,"WD","SE"
368,1,492,"WD","SE"
524,1,492,"WD","SE"
20,6,492,"WD","SE"
389,2,492,"WD","SE"
357,1,492,"WD","SE"
33,12,492,"WD","SE"
126,2,492,"WD","SE"
285,1,492,"WD","SE"
187,1,492,"WD","SE"
507,11,493,"WD","SE"
381,2,493,"WD","SE"
401,1,493,"WD","SE"
278,1,493,"WD","SE"
354,1,493,"WD","SE"
301,1,493,"WD","SE"
545,2,493,"WD","SE"
209,1,493,"WD","SE"
9,1,493,"WD","SE"
473,1,493,"WD","SE"
410,2,493,"WD","SE"
370,1,493,"WD","SE"
266,1,493,"WD","SE"
551,1,493,"WD","SE"
338,3,493,"WD","SE"
465,1,493,"WD","SE"
11,30,493,"WD","SE"
482,3,493,"WD","SE"
433,2,493,"WD","SE"
61,37,493,"WD","SE"
103,1,493,"WD","SE"
426,2,493,"WD","SE"
435,2,493,"WD","SE"
5,9,493,"WD","SE"
86,2,493,"WD","SE"
440,1,493,"WD","SE"
499,28,493,"WD","SE"
91,8,493,"WD","SE"
138,3,493,"WD","SE"
352,2,493,"WD","SE"
29,2,494,"WD","SE"
37,1,494,"WD","SE"
77,18,494,"WD","SE"
131,1,494,"WD","SE"
496,26,494,"WD","SE"
74,1,494,"WD","SE"
322,1,494,"WD","SE"
500,25,494,"WD","SE"
9,1,494,"WD","SE"
415,1,494,"WD","SE"
214,1,494,"WD","SE"
350,1,494,"WD","SE"
318,2,494,"WD","SE"
43,1,494,"WD","SE"
544,3,494,"WD","SE"
470,5,494,"WD","SE"
514,3,494,"WD","SE"
437,1,494,"WD","SE"
502,18,494,"WD","SE"
435,2,494,"WD","SE"
142,1,494,"WD","SE"
510,18,494,"WD","SE"
346,1,494,"WD","SE"
128,1,494,"WD","SE"
67,9,494,"WD","SE"
457,1,494,"WD","SE"
86,2,494,"WD","SE"
548,1,494,"WD","SE"
140,1,494,"WD","SE"
53,1,494,"WD","SE"
126,2,495,"WD","SE"
128,1,495,"WD","SE"
458,1,495,"WD","SE"
361,3,495,"WD","SE"
53,1,495,"WD","SE"
64,23,495,"WD","SE"
318,2,495,"WD","SE"
374,2,495,"WD","SE"
203,1,495,"WD","SE"
513,4,495,"WD","SE"
202,1,495,"WD","SE"
28,22,495,"WD","SE"
158,2,495,"WD","SE"
519,4,495,"WD","SE"
472,1,495,"WD","SE"
322,1,495,"WD","SE"
471,2,495,"WD","SE"
417,1,495,"WD","SE"
548,1,495,"WD","SE"
37,1,495,"WD","SE"
132,1,495,"WD","SE"
427,1,495,"WD","SE"
59,5,495,"WD","SE"
214,1,495,"WD","SE"
381,2,495,"WD","SE"
40,6,495,"WD","SE"
378,1,495,"WD","SE"
266,1,495,"WD","SE"
61,37,495,"WD","SE"
5,9,495,"WD","SE"
455,2,496,"WD","SE"
341,2,496,"WD","SE"
377,2,496,"WD","SE"
276,4,496,"WD","SE"
33,12,496,"WD","SE"
441,2,496,"WD","SE"
84,1,496,"WD","SE"
422,3,496,"WD","SE"
428,1,496,"WD","SE"
141,1,496,"WD","SE"
482,3,496,"WD","SE"
14,16,496,"WD","SE"
198,1,496,"WD","SE"
416,1,496,"WD","SE"
282,1,496,"WD","SE"
357,1,496,"WD","SE"
308,1,496,"WD","SE"
358,15,496,"WD","SE"
13,4,496,"WD","SE"
414,1,496,"WD","SE"
255,1,496,"WD","SE"
338,3,496,"WD","SE"
279,1,496,"WD","SE"
90,3,496,"WD","SE"
372,2,496,"WD","SE"
32,9,496,"WD","SE"
304,1,496,"WD","SE"
317,2,496,"WD","SE"
525,5,496,"WD","SE"
4,9,496,"WD","SE"
86,2,497,"WD","SE"
50,4,497,"WD","SE"
45,7,497,"WD","SE"
302,1,497,"WD","SE"
507,11,497,"WD","SE"
47,10,497,"WD","SE"
341,2,497,"WD","SE"
369,1,497,"WD","SE"
143,1,497,"WD","SE"
361,3,497,"WD","SE"
144,1,497,"WD","SE"
317,2,497,"WD","SE"
247,1,497,"WD","SE"
441,2,497,"WD","SE"
410,2,497,"WD","SE"
29,2,497,"WD","SE"
449,1,497,"WD","SE"
439,2,497,"WD","SE"
546,1,497,"WD","SE"
502,18,497,"WD","SE"
36,6,497,"WD","SE"
158,2,497,"WD","SE"
435,2,497,"WD","SE"
523,4,497,"WD","SE"
498,27,497,"WD","SE"
41,1,497,"WD","SE"
390,4,497,"WD","SE"
419,1,497,"WD","SE"
193,1,497,"WD","SE"
440,1,497,"WD","SE"
386,1,498,"WD","SE"
51,3,498,"WD","SE"
179,7,498,"WD","SE"
126,2,498,"WD","SE"
142,1,498,"WD","SE"
349,1,498,"WD","SE"
313,1,498,"WD","SE"
29,2,498,"WD","SE"
440,1,498,"WD","SE"
40,6,498,"WD","SE"
250,1,498,"WD","SE"
401,1,498,"WD","SE"
510,18,498,"WD","SE"
158,2,498,"WD","SE"
286,1,498,"WD","SE"
465,1,498,"WD","SE"
17,5,498,"WD","SE"
470,5,498,"WD","SE"
499,28,498,"WD","SE"
441,2,498,"WD","SE"
534,3,498,"WD","SE"
14,16,498,"WD","SE"
365,1,498,"WD","SE"
548,1,498,"WD","SE"
138,3,498,"WD","SE"
466,1,498,"WD","SE"
381,2,498,"WD","SE"
228,1,498,"WD","SE"
76,6,498,"WD","SE"
304,1,498,"WD","SE"
276,4,499,"WD","SE"
361,3,499,"WD","SE"
349,1,499,"WD","SE"
508,23,499,"WD","SE"
469,5,499,"WD","SE"
38,5,499,"WD","SE"
44,35,499,"WD","SE"
386,1,499,"WD","SE"
457,1,499,"WD","SE"
61,37,499,"WD","SE"
286,1,499,"WD","SE"
326,1,499,"WD","SE"
76,6,499,"WD","SE"
23,7,499,"WD","SE"
249,2,499,"WD","SE"
118,1,499,"WD","SE"
354,1,499,"WD","SE"
377,2,499,"WD","SE"
551,1,499,"WD","SE"
285,1,499,"WD","SE"
123,2,499,"WD","SE"
264,1,499,"WD","SE"
425,3,499,"WD","SE"
369,1,499,"WD","SE"
430,4,499,"WD","SE"
524,1,499,"WD","SE"
435,2,499,"WD","SE"
502,18,499,"WD","SE"
519,4,499,"WD","SE"
470,5,499,"WD","SE"
356,1,500,"WD","SE"
295,4,500,"WD","SE"
368,1,500,"WD","SE"
285,1,500,"WD","SE"
43,1,500,"WD","SE"
92,1,500,"WD","SE"
123,2,500,"WD","SE"
346,1,500,"WD","SE"
77,18,500,"WD","SE"
421,5,500,"WD","SE"
44,35,500,"WD","SE"
341,2,500,"WD","SE"
439,2,500,"WD","SE"
447,3,500,"WD","SE"
437,1,500,"WD","SE"
545,2,500,"WD","SE"
19,8,500,"WD","SE"
350,1,500,"WD","SE"
9,1,500,"WD","SE"
249,2,500,"WD","SE"
425,3,500,"WD","SE"
13,4,500,"WD","SE"
470,5,500,"WD","SE"
12,9,500,"WD","SE"
438,4,500,"WD","SE"
383,1,500,"WD","SE"
326,1,500,"WD","SE"
445,10,500,"WD","SE"
14,16,500,"WD","SE"
184,1,500,"WD","SE"
191,1,1,"RG","SE"
110,1,1,"RG","SE"
273,1,1,"RG","SE"
422,4,1,"RG","SE"
196,2,1,"RG","SE"
268,1,1,"RG","SE"
328,1,1,"RG","SE"
5,4,1,"RG","SE"
296,1,1,"RG","SE"
365,2,1,"RG","SE"
179,12,1,"RG","SE"
141,2,1,"RG","SE"
523,4,1,"RG","SE"
479,6,1,"RG","SE"
111,1,1,"RG","SE"
146,1,1,"RG","SE"
489,4,1,"RG","SE"
368,1,1,"RG","SE"
477,4,1,"RG","SE"
283,1,1,"RG","SE"
525,9,1,"RG","SE"
123,4,1,"RG","SE"
89,1,1,"RG","SE"
261,3,1,"RG","SE"
319,1,1,"RG","SE"
441,1,1,"RG","SE"
345,1,1,"RG","SE"
363,2,1,"RG","SE"
190,1,1,"RG","SE"
439,1,1,"RG","SE"
435,2,1,"RG","SE"
487,4,1,"RG","SE"
510,9,1,"RG","SE"
354,2,1,"RG","SE"
166,1,1,"RG","SE"
330,1,1,"RG","SE"
255,1,1,"RG","SE"
415,1,1,"RG","SE"
501,17,1,"RG","SE"
204,2,1,"RG","SE"
222,2,1,"RG","SE"
445,10,1,"RG","SE"
153,1,1,"RG","SE"
160,1,1,"RG","SE"
282,1,1,"RG","SE"
269,1,1,"RG","SE"
186,2,1,"RG","SE"
380,2,1,"RG","SE"
237,1,1,"RG","SE"
168,1,1,"RG","SE"
494,8,1,"RG","SE"
343,9,1,"RG","SE"
158,3,1,"RG","SE"
486,5,1,"RG","SE"
155,1,1,"RG","SE"
157,1,1,"RG","SE"
504,10,1,"RG","SE"
151,1,1,"RG","SE"
17,5,2,"RG","SE"
348,2,2,"RG","SE"
547,1,2,"RG","SE"
344,1,2,"RG","SE"
147,1,2,"RG","SE"
175,1,2,"RG","SE"
440,1,2,"RG","SE"
45,1,2,"RG","SE"
484,4,2,"RG","SE"
207,1,2,"RG","SE"
480,6,2,"RG","SE"
308,2,2,"RG","SE"
277,1,2,"RG","SE"
317,2,2,"RG","SE"
523,4,2,"RG","SE"
65,4,2,"RG","SE"
219,1,2,"RG","SE"
80,6,2,"RG","SE"
106,1,2,"RG","SE"
64,9,2,"RG","SE"
19,5,2,"RG","SE"
148,1,2,"RG","SE"
304,2,2,"RG","SE"
505,11,2,"RG","SE"
340,1,2,"RG","SE"
476,1,2,"RG","SE"
155,1,2,"RG","SE"
332,1,2,"RG","SE"
284,1,2,"RG","SE"
132,1,2,"RG","SE"
544,1,2,"RG","SE"
268,1,2,"RG","SE"
509,3,2,"RG","SE"
33,12,2,"RG","SE"
168,1,2,"RG","SE"
196,2,2,"RG","SE"
285,3,2,"RG","SE"
328,1,2,"RG","SE"
496,22,2,"RG","SE"
190,1,2,"RG","SE"
68,5,2,"RG","SE"
410,2,2,"RG","SE"
466,1,2,"RG","SE"
145,1,2,"RG","SE"
529,5,2,"RG","SE"
254,1,2,"RG","SE"
513,6,2,"RG","SE"
12,11,2,"RG","SE"
14,30,2,"RG","SE"
535,3,2,"RG","SE"
394,1,2,"RG","SE"
103,1,2,"RG","SE"
471,3,2,"RG","SE"
312,1,2,"RG","SE"
248,5,2,"RG","SE"
415,1,2,"RG","SE"
157,1,2,"RG","SE"
436,1,2,"RG","SE"
115,1,3,"RG","SE"
282,1,3,"RG","SE"
112,4,3,"RG","SE"
539,1,3,"RG","SE"
85,15,3,"RG","SE"
131,1,3,"RG","SE"
61,50,3,"RG","SE"
33,12,3,"RG","SE"
313,3,3,"RG","SE"
269,1,3,"RG","SE"
250,1,3,"RG","SE"
545,1,3,"RG","SE"
125,1,3,"RG","SE"
365,2,3,"RG","SE"
470,5,3,"RG","SE"
528,5,3,"RG","SE"
57,9,3,"RG","SE"
479,6,3,"RG","SE"
148,1,3,"RG","SE"
91,5,3,"RG","SE"
164,6,3,"RG","SE"
439,1,3,"RG","SE"
548,1,3,"RG","SE"
209,1,3,"RG","SE"
481,2,3,"RG","SE"
389,3,3,"RG","SE"
533,5,3,"RG","SE"
244,3,3,"RG","SE"
111,1,3,"RG","SE"
514,6,3,"RG","SE"
22,4,3,"RG","SE"
140,1,3,"RG","SE"
249,2,3,"RG","SE"
191,1,3,"RG","SE"
419,1,3,"RG","SE"
155,1,3,"RG","SE"
445,10,3,"RG","SE"
68,5,3,"RG","SE"
72,9,3,"RG","SE"
142,1,3,"RG","SE"
170,1,3,"RG","SE"
517,6,3,"RG","SE"
476,1,3,"RG","SE"
28,50,3,"RG","SE"
354,2,3,"RG","SE"
494,8,3,"RG","SE"
171,1,3,"RG","SE"
493,7,3,"RG","SE"
422,4,3,"RG","SE"
380,2,3,"RG","SE"
102,1,3,"RG","SE"
17,5,3,"RG","SE"
203,1,3,"RG","SE"
67,9,3,"RG","SE"
397,1,3,"RG","SE"
463,1,3,"RG","SE"
266,1,3,"RG","SE"
404,1,3,"RG","SE"
529,5,4,"RG","SE"
284,1,4,"RG","SE"
12,11,4,"RG","SE"
302,2,4,"RG","SE"
196,2,4,"RG","SE"
86,2,4,"RG","SE"
286,1,4,"RG","SE"
22,4,4,"RG","SE"
535,3,4,"RG","SE"
520,2,4,"RG","SE"
183,3,4,"RG","SE"
277,1,4,"RG","SE"
51,2,4,"RG","SE"
534,3,4,"RG","SE"
547,1,4,"RG","SE"
242,1,4,"RG","SE"
147,1,4,"RG","SE"
395,1,4,"RG","SE"
490,4,4,"RG","SE"
25,1,4,"RG","SE"
85,15,4,"RG","SE"
435,2,4,"RG","SE"
422,4,4,"RG","SE"
153,1,4,"RG","SE"
191,1,4,"RG","SE"
470,5,4,"RG","SE"
194,1,4,"RG","SE"
474,1,4,"RG","SE"
87,1,4,"RG","SE"
368,1,4,"RG","SE"
110,1,4,"RG","SE"
268,1,4,"RG","SE"
175,1,4,"RG","SE"
72,9,4,"RG","SE"
387,1,4,"RG","SE"
19,5,4,"RG","SE"
399,1,4,"RG","SE"
225,1,4,"RG","SE"
257,1,4,"RG","SE"
367,2,4,"RG","SE"
301,1,4,"RG","SE"
532,5,4,"RG","SE"
160,1,4,"RG","SE"
508,14,4,"RG","SE"
264,1,4,"RG","SE"
78,21,4,"RG","SE"
129,2,4,"RG","SE"
477,4,4,"RG","SE"
462,1,4,"RG","SE"
365,2,4,"RG","SE"
461,1,4,"RG","SE"
489,4,4,"RG","SE"
390,1,4,"RG","SE"
278,1,4,"RG","SE"
539,1,4,"RG","SE"
531,2,4,"RG","SE"
517,6,4,"RG","SE"
494,8,4,"RG","SE"
322,3,5,"RG","SE"
500,22,5,"RG","SE"
250,1,5,"RG","SE"
525,9,5,"RG","SE"
447,4,5,"RG","SE"
493,7,5,"RG","SE"
190,1,5,"RG","SE"
528,5,5,"RG","SE"
326,2,5,"RG","SE"
418,1,5,"RG","SE"
164,6,5,"RG","SE"
482,5,5,"RG","SE"
296,1,5,"RG","SE"
367,2,5,"RG","SE"
303,6,5,"RG","SE"
27,2,5,"RG","SE"
223,1,5,"RG","SE"
458,1,5,"RG","SE"
358,16,5,"RG","SE"
235,1,5,"RG","SE"
207,1,5,"RG","SE"
490,4,5,"RG","SE"
505,11,5,"RG","SE"
14,30,5,"RG","SE"
519,3,5,"RG","SE"
4,5,5,"RG","SE"
541,8,5,"RG","SE"
149,1,5,"RG","SE"
13,1,5,"RG","SE"
284,1,5,"RG","SE"
301,1,5,"RG","SE"
308,2,5,"RG","SE"
253,1,5,"RG","SE"
544,1,5,"RG","SE"
145,1,5,"RG","SE"
538,2,5,"RG","SE"
471,3,5,"RG","SE"
170,1,5,"RG","SE"
144,1,5,"RG","SE"
130,1,5,"RG","SE"
357,1,5,"RG","SE"
436,1,5,"RG","SE"
122,2,5,"RG","SE"
501,17,5,"RG","SE"
153,1,5,"RG","SE"
481,2,5,"RG","SE"
119,1,5,"RG","SE"
15,2,5,"RG","SE"
175,1,5,"RG","SE"
291,1,5,"RG","SE"
203,1,5,"RG","SE"
455,3,5,"RG","SE"
531,2,5,"RG","SE"
421,4,5,"RG","SE"
410,2,5,"RG","SE"
344,1,5,"RG","SE"
370,1,5,"RG","SE"
313,3,5,"RG","SE"
519,3,6,"RG","SE"
302,2,6,"RG","SE"
349,1,6,"RG","SE"
257,1,6,"RG","SE"
422,4,6,"RG","SE"
7,21,6,"RG","SE"
514,6,6,"RG","SE"
173,2,6,"RG","SE"
381,3,6,"RG","SE"
438,6,6,"RG","SE"
477,4,6,"RG","SE"
130,1,6,"RG","SE"
455,3,6,"RG","SE"
42,1,6,"RG","SE"
517,6,6,"RG","SE"
305,1,6,"RG","SE"
372,1,6,"RG","SE"
15,2,6,"RG","SE"
225,1,6,"RG","SE"
490,4,6,"RG","SE"
142,1,6,"RG","SE"
345,1,6,"RG","SE"
68,5,6,"RG","SE"
308,2,6,"RG","SE"
245,1,6,"RG","SE"
294,3,6,"RG","SE"
435,2,6,"RG","SE"
486,5,6,"RG","SE"
87,1,6,"RG","SE"
11,27,6,"RG","SE"
348,2,6,"RG","SE"
196,2,6,"RG","SE"
85,15,6,"RG","SE"
489,4,6,"RG","SE"
284,1,6,"RG","SE"
366,1,6,"RG","SE"
370,1,6,"RG","SE"
545,1,6,"RG","SE"
540,8,6,"RG","SE"
27,2,6,"RG","SE"
357,1,6,"RG","SE"
382,1,6,"RG","SE"
470,5,6,"RG","SE"
17,5,6,"RG","SE"
441,1,6,"RG","SE"
198,2,6,"RG","SE"
171,1,6,"RG","SE"
76,4,6,"RG","SE"
304,2,6,"RG","SE"
523,4,6,"RG","SE"
482,5,6,"RG","SE"
341,2,6,"RG","SE"
123,4,6,"RG","SE"
166,1,6,"RG","SE"
125,1,6,"RG","SE"
524,2,6,"RG","SE"
363,2,6,"RG","SE"
193,2,6,"RG","SE"
268,1,7,"RG","SE"
175,1,7,"RG","SE"
500,22,7,"RG","SE"
153,1,7,"RG","SE"
191,1,7,"RG","SE"
151,1,7,"RG","SE"
277,1,7,"RG","SE"
245,1,7,"RG","SE"
202,1,7,"RG","SE"
169,1,7,"RG","SE"
65,4,7,"RG","SE"
523,4,7,"RG","SE"
374,2,7,"RG","SE"
173,2,7,"RG","SE"
341,2,7,"RG","SE"
294,3,7,"RG","SE"
101,1,7,"RG","SE"
401,1,7,"RG","SE"
540,8,7,"RG","SE"
166,1,7,"RG","SE"
354,2,7,"RG","SE"
254,1,7,"RG","SE"
112,4,7,"RG","SE"
249,2,7,"RG","SE"
526,2,7,"RG","SE"
157,1,7,"RG","SE"
390,1,7,"RG","SE"
452,1,7,"RG","SE"
144,1,7,"RG","SE"
237,1,7,"RG","SE"
15,2,7,"RG","SE"
179,12,7,"RG","SE"
244,3,7,"RG","SE"
141,2,7,"RG","SE"
469,5,7,"RG","SE"
5,4,7,"RG","SE"
45,1,7,"RG","SE"
508,14,7,"RG","SE"
250,1,7,"RG","SE"
344,1,7,"RG","SE"
27,2,7,"RG","SE"
286,1,7,"RG","SE"
38,3,7,"RG","SE"
187,1,7,"RG","SE"
502,7,7,"RG","SE"
158,3,7,"RG","SE"
190,1,7,"RG","SE"
168,1,7,"RG","SE"
505,11,7,"RG","SE"
382,1,7,"RG","SE"
349,1,7,"RG","SE"
418,1,7,"RG","SE"
44,30,7,"RG","SE"
319,1,7,"RG","SE"
255,1,7,"RG","SE"
285,3,7,"RG","SE"
296,1,7,"RG","SE"
225,1,7,"RG","SE"
397,1,8,"RG","SE"
57,9,8,"RG","SE"
243,2,8,"RG","SE"
303,6,8,"RG","SE"
313,3,8,"RG","SE"
498,25,8,"RG","SE"
469,5,8,"RG","SE"
531,2,8,"RG","SE"
529,5,8,"RG","SE"
104,2,8,"RG","SE"
101,1,8,"RG","SE"
20,7,8,"RG","SE"
421,4,8,"RG","SE"
123,4,8,"RG","SE"
390,1,8,"RG","SE"
488,6,8,"RG","SE"
547,1,8,"RG","SE"
425,4,8,"RG","SE"
380,2,8,"RG","SE"
223,1,8,"RG","SE"
304,2,8,"RG","SE"
462,1,8,"RG","SE"
476,1,8,"RG","SE"
193,2,8,"RG","SE"
45,1,8,"RG","SE"
83,2,8,"RG","SE"
538,2,8,"RG","SE"
514,6,8,"RG","SE"
166,1,8,"RG","SE"
252,2,8,"RG","SE"
365,2,8,"RG","SE"
199,1,8,"RG","SE"
7,21,8,"RG","SE"
296,1,8,"RG","SE"
125,1,8,"RG","SE"
376,3,8,"RG","SE"
13,1,8,"RG","SE"
501,17,8,"RG","SE"
318,3,8,"RG","SE"
523,4,8,"RG","SE"
415,1,8,"RG","SE"
399,1,8,"RG","SE"
122,2,8,"RG","SE"
539,1,8,"RG","SE"
141,2,8,"RG","SE"
389,3,8,"RG","SE"
317,2,8,"RG","SE"
401,1,8,"RG","SE"
493,7,8,"RG","SE"
506,7,8,"RG","SE"
343,9,8,"RG","SE"
72,9,8,"RG","SE"
525,9,8,"RG","SE"
433,2,8,"RG","SE"
64,9,8,"RG","SE"
328,1,8,"RG","SE"
541,8,8,"RG","SE"
146,1,8,"RG","SE"
106,1,9,"RG","SE"
523,4,9,"RG","SE"
533,5,9,"RG","SE"
517,6,9,"RG","SE"
194,1,9,"RG","SE"
332,1,9,"RG","SE"
387,1,9,"RG","SE"
102,1,9,"RG","SE"
461,1,9,"RG","SE"
372,1,9,"RG","SE"
25,1,9,"RG","SE"
116,1,9,"RG","SE"
418,1,9,"RG","SE"
16,3,9,"RG","SE"
544,1,9,"RG","SE"
190,1,9,"RG","SE"
13,1,9,"RG","SE"
312,1,9,"RG","SE"
374,2,9,"RG","SE"
462,1,9,"RG","SE"
328,1,9,"RG","SE"
486,5,9,"RG","SE"
367,2,9,"RG","SE"
235,1,9,"RG","SE"
111,1,9,"RG","SE"
67,9,9,"RG","SE"
326,2,9,"RG","SE"
368,1,9,"RG","SE"
5,4,9,"RG","SE"
225,1,9,"RG","SE"
242,1,9,"RG","SE"
115,1,9,"RG","SE"
72,9,9,"RG","SE"
482,5,9,"RG","SE"
123,4,9,"RG","SE"
404,1,9,"RG","SE"
527,8,9,"RG","SE"
26,59,9,"RG","SE"
471,3,9,"RG","SE"
129,2,9,"RG","SE"
248,5,9,"RG","SE"
504,10,9,"RG","SE"
399,1,9,"RG","SE"
494,8,9,"RG","SE"
397,1,9,"RG","SE"
415,1,9,"RG","SE"
171,1,9,"RG","SE"
15,2,9,"RG","SE"
112,4,9,"RG","SE"
223,1,9,"RG","SE"
20,7,9,"RG","SE"
27,2,9,"RG","SE"
186,2,9,"RG","SE"
352,2,9,"RG","SE"
308,2,9,"RG","SE"
310,1,9,"RG","SE"
7,21,9,"RG","SE"
519,3,9,"RG","SE"
44,30,10,"RG","SE"
282,1,10,"RG","SE"
119,1,10,"RG","SE"
76,4,10,"RG","SE"
390,1,10,"RG","SE"
344,1,10,"RG","SE"
111,1,10,"RG","SE"
140,1,10,"RG","SE"
245,1,10,"RG","SE"
108,1,10,"RG","SE"
301,1,10,"RG","SE"
10,1,10,"RG","SE"
501,17,10,"RG","SE"
357,1,10,"RG","SE"
125,1,10,"RG","SE"
413,1,10,"RG","SE"
404,1,10,"RG","SE"
431,1,10,"RG","SE"
14,30,10,"RG","SE"
131,1,10,"RG","SE"
376,3,10,"RG","SE"
193,2,10,"RG","SE"
151,1,10,"RG","SE"
128,1,10,"RG","SE"
484,4,10,"RG","SE"
490,4,10,"RG","SE"
456,1,10,"RG","SE"
3,5,10,"RG","SE"
305,1,10,"RG","SE"
147,1,10,"RG","SE"
487,4,10,"RG","SE"
309,1,10,"RG","SE"
26,59,10,"RG","SE"
225,1,10,"RG","SE"
319,1,10,"RG","SE"
410,2,10,"RG","SE"
517,6,10,"RG","SE"
168,1,10,"RG","SE"
461,1,10,"RG","SE"
481,2,10,"RG","SE"
533,5,10,"RG","SE"
259,6,10,"RG","SE"
381,3,10,"RG","SE"
387,1,10,"RG","SE"
340,1,10,"RG","SE"
480,6,10,"RG","SE"
494,8,10,"RG","SE"
64,9,10,"RG","SE"
7,21,10,"RG","SE"
170,1,10,"RG","SE"
273,1,10,"RG","SE"
514,6,10,"RG","SE"
535,3,10,"RG","SE"
291,1,10,"RG","SE"
545,1,10,"RG","SE"
32,6,10,"RG","SE"
264,1,10,"RG","SE"
110,1,10,"RG","SE"
372,1,11,"RG","SE"
365,2,11,"RG","SE"
130,1,11,"RG","SE"
86,2,11,"RG","SE"
110,1,11,"RG","SE"
268,1,11,"RG","SE"
131,1,11,"RG","SE"
529,5,11,"RG","SE"
452,1,11,"RG","SE"
209,1,11,"RG","SE"
352,2,11,"RG","SE"
146,1,11,"RG","SE"
548,1,11,"RG","SE"
7,21,11,"RG","SE"
415,1,11,"RG","SE"
278,1,11,"RG","SE"
467,4,11,"RG","SE"
345,1,11,"RG","SE"
486,5,11,"RG","SE"
26,59,11,"RG","SE"
382,1,11,"RG","SE"
471,3,11,"RG","SE"
250,1,11,"RG","SE"
158,3,11,"RG","SE"
465,1,11,"RG","SE"
16,3,11,"RG","SE"
349,1,11,"RG","SE"
36,3,11,"RG","SE"
155,1,11,"RG","SE"
426,4,11,"RG","SE"
357,1,11,"RG","SE"
390,1,11,"RG","SE"
312,1,11,"RG","SE"
410,2,11,"RG","SE"
539,1,11,"RG","SE"
266,1,11,"RG","SE"
310,1,11,"RG","SE"
32,6,11,"RG","SE"
433,2,11,"RG","SE"
17,5,11,"RG","SE"
123,4,11,"RG","SE"
488,6,11,"RG","SE"
439,1,11,"RG","SE"
436,1,11,"RG","SE"
54,39,11,"RG","SE"
545,1,11,"RG","SE"
404,1,11,"RG","SE"
438,6,11,"RG","SE"
457,2,11,"RG","SE"
49,1,11,"RG","SE"
296,1,11,"RG","SE"
389,3,11,"RG","SE"
264,1,11,"RG","SE"
149,1,11,"RG","SE"
308,2,11,"RG","SE"
25,1,11,"RG","SE"
302,2,11,"RG","SE"
126,3,11,"RG","SE"
366,1,12,"RG","SE"
15,2,12,"RG","SE"
313,3,12,"RG","SE"
447,4,12,"RG","SE"
282,1,12,"RG","SE"
431,1,12,"RG","SE"
404,1,12,"RG","SE"
372,1,12,"RG","SE"
517,6,12,"RG","SE"
157,1,12,"RG","SE"
249,2,12,"RG","SE"
508,14,12,"RG","SE"
419,1,12,"RG","SE"
27,2,12,"RG","SE"
78,21,12,"RG","SE"
237,1,12,"RG","SE"
171,1,12,"RG","SE"
496,22,12,"RG","SE"
19,5,12,"RG","SE"
484,4,12,"RG","SE"
22,4,12,"RG","SE"
264,1,12,"RG","SE"
169,1,12,"RG","SE"
49,1,12,"RG","SE"
128,1,12,"RG","SE"
7,21,12,"RG","SE"
505,11,12,"RG","SE"
351,1,12,"RG","SE"
124,4,12,"RG","SE"
326,2,12,"RG","SE"
415,1,12,"RG","SE"
349,1,12,"RG","SE"
519,3,12,"RG","SE"
534,3,12,"RG","SE"
166,1,12,"RG","SE"
461,1,12,"RG","SE"
54,39,12,"RG","SE"
130,1,12,"RG","SE"
187,1,12,"RG","SE"
410,2,12,"RG","SE"
540,8,12,"RG","SE"
344,1,12,"RG","SE"
89,1,12,"RG","SE"
317,2,12,"RG","SE"
160,1,12,"RG","SE"
439,1,12,"RG","SE"
465,1,12,"RG","SE"
526,2,12,"RG","SE"
524,2,12,"RG","SE"
457,2,12,"RG","SE"
144,1,12,"RG","SE"
486,5,12,"RG","SE"
294,3,12,"RG","SE"
61,50,12,"RG","SE"
531,2,12,"RG","SE"
413,1,12,"RG","SE"
149,1,12,"RG","SE"
225,1,12,"RG","SE"
326,2,13,"RG","SE"
243,2,13,"RG","SE"
488,6,13,"RG","SE"
148,1,13,"RG","SE"
273,1,13,"RG","SE"
57,9,13,"RG","SE"
187,1,13,"RG","SE"
441,1,13,"RG","SE"
125,1,13,"RG","SE"
501,17,13,"RG","SE"
467,4,13,"RG","SE"
404,1,13,"RG","SE"
500,22,13,"RG","SE"
535,3,13,"RG","SE"
33,12,13,"RG","SE"
54,39,13,"RG","SE"
361,3,13,"RG","SE"
235,1,13,"RG","SE"
102,1,13,"RG","SE"
456,1,13,"RG","SE"
61,50,13,"RG","SE"
115,1,13,"RG","SE"
318,3,13,"RG","SE"
7,21,13,"RG","SE"
250,1,13,"RG","SE"
357,1,13,"RG","SE"
21,7,13,"RG","SE"
461,1,13,"RG","SE"
455,3,13,"RG","SE"
332,1,13,"RG","SE"
302,2,13,"RG","SE"
438,6,13,"RG","SE"
104,2,13,"RG","SE"
484,4,13,"RG","SE"
64,9,13,"RG","SE"
68,5,13,"RG","SE"
276,3,13,"RG","SE"
340,1,13,"RG","SE"
498,25,13,"RG","SE"
477,4,13,"RG","SE"
164,6,13,"RG","SE"
3,5,13,"RG","SE"
410,2,13,"RG","SE"
348,2,13,"RG","SE"
193,2,13,"RG","SE"
253,1,13,"RG","SE"
247,3,13,"RG","SE"
51,2,13,"RG","SE"
222,2,13,"RG","SE"
106,1,13,"RG","SE"
153,1,13,"RG","SE"
401,1,13,"RG","SE"
480,6,13,"RG","SE"
108,1,13,"RG","SE"
470,5,13,"RG","SE"
91,5,13,"RG","SE"
399,1,13,"RG","SE"
111,1,13,"RG","SE"
106,1,14,"RG","SE"
312,1,14,"RG","SE"
253,1,14,"RG","SE"
539,1,14,"RG","SE"
524,2,14,"RG","SE"
513,6,14,"RG","SE"
476,1,14,"RG","SE"
395,1,14,"RG","SE"
445,10,14,"RG","SE"
514,6,14,"RG","SE"
49,1,14,"RG","SE"
313,3,14,"RG","SE"
526,2,14,"RG","SE"
148,1,14,"RG","SE"
301,1,14,"RG","SE"
437,1,14,"RG","SE"
170,1,14,"RG","SE"
441,1,14,"RG","SE"
378,1,14,"RG","SE"
340,1,14,"RG","SE"
151,1,14,"RG","SE"
183,3,14,"RG","SE"
382,1,14,"RG","SE"
369,2,14,"RG","SE"
198,2,14,"RG","SE"
436,1,14,"RG","SE"
470,5,14,"RG","SE"
296,1,14,"RG","SE"
89,1,14,"RG","SE"
143,1,14,"RG","SE"
531,2,14,"RG","SE"
367,2,14,"RG","SE"
471,3,14,"RG","SE"
257,1,14,"RG","SE"
261,3,14,"RG","SE"
283,1,14,"RG","SE"
171,1,14,"RG","SE"
111,1,14,"RG","SE"
500,22,14,"RG","SE"
157,1,14,"RG","SE"
91,5,14,"RG","SE"
12,11,14,"RG","SE"
255,1,14,"RG","SE"
291,1,14,"RG","SE"
285,3,14,"RG","SE"
532,5,14,"RG","SE"
103,1,14,"RG","SE"
418,1,14,"RG","SE"
390,1,14,"RG","SE"
249,2,14,"RG","SE"
506,7,14,"RG","SE"
352,2,14,"RG","SE"
479,6,14,"RG","SE"
32,6,14,"RG","SE"
336,1,14,"RG","SE"
17,5,14,"RG","SE"
250,1,14,"RG","SE"
439,1,14,"RG","SE"
348,2,15,"RG","SE"
77,17,15,"RG","SE"
124,4,15,"RG","SE"
308,2,15,"RG","SE"
352,2,15,"RG","SE"
128,1,15,"RG","SE"
284,1,15,"RG","SE"
242,1,15,"RG","SE"
369,2,15,"RG","SE"
207,1,15,"RG","SE"
142,1,15,"RG","SE"
381,3,15,"RG","SE"
548,1,15,"RG","SE"
149,1,15,"RG","SE"
245,1,15,"RG","SE"
361,3,15,"RG","SE"
191,1,15,"RG","SE"
421,4,15,"RG","SE"
480,6,15,"RG","SE"
54,39,15,"RG","SE"
115,1,15,"RG","SE"
413,1,15,"RG","SE"
67,9,15,"RG","SE"
247,3,15,"RG","SE"
16,3,15,"RG","SE"
42,1,15,"RG","SE"
419,1,15,"RG","SE"
452,1,15,"RG","SE"
291,1,15,"RG","SE"
458,1,15,"RG","SE"
534,3,15,"RG","SE"
223,1,15,"RG","SE"
470,5,15,"RG","SE"
435,2,15,"RG","SE"
317,2,15,"RG","SE"
4,5,15,"RG","SE"
363,2,15,"RG","SE"
436,1,15,"RG","SE"
36,3,15,"RG","SE"
17,5,15,"RG","SE"
474,1,15,"RG","SE"
401,1,15,"RG","SE"
132,1,15,"RG","SE"
482,5,15,"RG","SE"
123,4,15,"RG","SE"
171,1,15,"RG","SE"
349,1,15,"RG","SE"
516,4,15,"RG","SE"
250,1,15,"RG","SE"
106,1,15,"RG","SE"
273,1,15,"RG","SE"
204,2,15,"RG","SE"
431,1,15,"RG","SE"
541,8,15,"RG","SE"
397,1,15,"RG","SE"
104,2,15,"RG","SE"
190,1,15,"RG","SE"
187,1,15,"RG","SE"
258,1,16,"RG","SE"
91,5,16,"RG","SE"
44,30,16,"RG","SE"
261,3,16,"RG","SE"
225,1,16,"RG","SE"
455,3,16,"RG","SE"
202,1,16,"RG","SE"
243,2,16,"RG","SE"
219,1,16,"RG","SE"
345,1,16,"RG","SE"
344,1,16,"RG","SE"
363,2,16,"RG","SE"
4,5,16,"RG","SE"
277,1,16,"RG","SE"
419,1,16,"RG","SE"
312,1,16,"RG","SE"
112,4,16,"RG","SE"
343,9,16,"RG","SE"
430,1,16,"RG","SE"
175,1,16,"RG","SE"
301,1,16,"RG","SE"
196,2,16,"RG","SE"
16,3,16,"RG","SE"
105,1,16,"RG","SE"
431,1,16,"RG","SE"
318,3,16,"RG","SE"
22,4,16,"RG","SE"
527,8,16,"RG","SE"
421,4,16,"RG","SE"
183,3,16,"RG","SE"
138,2,16,"RG","SE"
21,7,16,"RG","SE"
479,6,16,"RG","SE"
438,6,16,"RG","SE"
366,1,16,"RG","SE"
381,3,16,"RG","SE"
147,1,16,"RG","SE"
249,2,16,"RG","SE"
528,5,16,"RG","SE"
269,1,16,"RG","SE"
119,1,16,"RG","SE"
5,4,16,"RG","SE"
376,3,16,"RG","SE"
42,1,16,"RG","SE"
65,4,16,"RG","SE"
244,3,16,"RG","SE"
502,7,16,"RG","SE"
534,3,16,"RG","SE"
170,1,16,"RG","SE"
130,1,16,"RG","SE"
487,4,16,"RG","SE"
125,1,16,"RG","SE"
126,3,16,"RG","SE"
193,2,16,"RG","SE"
302,2,16,"RG","SE"
279,1,16,"RG","SE"
51,2,16,"RG","SE"
317,2,16,"RG","SE"
461,1,17,"RG","SE"
392,1,17,"RG","SE"
147,1,17,"RG","SE"
51,2,17,"RG","SE"
57,9,17,"RG","SE"
418,1,17,"RG","SE"
482,5,17,"RG","SE"
179,12,17,"RG","SE"
253,1,17,"RG","SE"
228,1,17,"RG","SE"
496,22,17,"RG","SE"
514,6,17,"RG","SE"
143,1,17,"RG","SE"
501,17,17,"RG","SE"
437,1,17,"RG","SE"
278,1,17,"RG","SE"
103,1,17,"RG","SE"
111,1,17,"RG","SE"
130,1,17,"RG","SE"
382,1,17,"RG","SE"
286,1,17,"RG","SE"
158,3,17,"RG","SE"
357,1,17,"RG","SE"
17,5,17,"RG","SE"
474,1,17,"RG","SE"
467,4,17,"RG","SE"
123,4,17,"RG","SE"
421,4,17,"RG","SE"
194,1,17,"RG","SE"
534,3,17,"RG","SE"
296,1,17,"RG","SE"
332,1,17,"RG","SE"
222,2,17,"RG","SE"
141,2,17,"RG","SE"
374,2,17,"RG","SE"
67,9,17,"RG","SE"
61,50,17,"RG","SE"
477,4,17,"RG","SE"
105,1,17,"RG","SE"
20,7,17,"RG","SE"
309,1,17,"RG","SE"
302,2,17,"RG","SE"
493,7,17,"RG","SE"
520,2,17,"RG","SE"
245,1,17,"RG","SE"
519,3,17,"RG","SE"
523,4,17,"RG","SE"
284,1,17,"RG","SE"
541,8,17,"RG","SE"
528,5,17,"RG","SE"
257,1,17,"RG","SE"
204,2,17,"RG","SE"
439,1,17,"RG","SE"
505,11,17,"RG","SE"
525,9,17,"RG","SE"
42,1,17,"RG","SE"
13,1,17,"RG","SE"
463,1,17,"RG","SE"
33,12,18,"RG","SE"
119,1,18,"RG","SE"
148,1,18,"RG","SE"
520,2,18,"RG","SE"
410,2,18,"RG","SE"
49,1,18,"RG","SE"
367,2,18,"RG","SE"
264,1,18,"RG","SE"
198,2,18,"RG","SE"
529,5,18,"RG","SE"
255,1,18,"RG","SE"
259,6,18,"RG","SE"
372,1,18,"RG","SE"
426,4,18,"RG","SE"
141,2,18,"RG","SE"
463,1,18,"RG","SE"
519,3,18,"RG","SE"
254,1,18,"RG","SE"
431,1,18,"RG","SE"
36,3,18,"RG","SE"
249,2,18,"RG","SE"
17,5,18,"RG","SE"
223,1,18,"RG","SE"
308,2,18,"RG","SE"
67,9,18,"RG","SE"
193,2,18,"RG","SE"
513,6,18,"RG","SE"
245,1,18,"RG","SE"
532,5,18,"RG","SE"
504,10,18,"RG","SE"
204,2,18,"RG","SE"
130,1,18,"RG","SE"
28,50,18,"RG","SE"
77,17,18,"RG","SE"
5,4,18,"RG","SE"
138,2,18,"RG","SE"
64,9,18,"RG","SE"
547,1,18,"RG","SE"
481,2,18,"RG","SE"
72,9,18,"RG","SE"
508,14,18,"RG","SE"
276,3,18,"RG","SE"
545,1,18,"RG","SE"
445,10,18,"RG","SE"
527,8,18,"RG","SE"
125,1,18,"RG","SE"
173,2,18,"RG","SE"
498,25,18,"RG","SE"
524,2,18,"RG","SE"
330,1,18,"RG","SE"
277,1,18,"RG","SE"
302,2,18,"RG","SE"
132,1,18,"RG","SE"
242,1,18,"RG","SE"
202,1,18,"RG","SE"
500,22,18,"RG","SE"
490,4,18,"RG","SE"
541,8,18,"RG","SE"
103,1,19,"RG","SE"
209,1,19,"RG","SE"
222,2,19,"RG","SE"
349,1,19,"RG","SE"
106,1,19,"RG","SE"
87,1,19,"RG","SE"
286,1,19,"RG","SE"
86,2,19,"RG","SE"
498,25,19,"RG","SE"
223,1,19,"RG","SE"
190,1,19,"RG","SE"
276,3,19,"RG","SE"
344,1,19,"RG","SE"
105,1,19,"RG","SE"
269,1,19,"RG","SE"
171,1,19,"RG","SE"
351,1,19,"RG","SE"
284,1,19,"RG","SE"
430,1,19,"RG","SE"
115,1,19,"RG","SE"
64,9,19,"RG","SE"
438,6,19,"RG","SE"
185,1,19,"RG","SE"
387,1,19,"RG","SE"
7,21,19,"RG","SE"
469,5,19,"RG","SE"
33,12,19,"RG","SE"
524,2,19,"RG","SE"
194,1,19,"RG","SE"
248,5,19,"RG","SE"
254,1,19,"RG","SE"
4,5,19,"RG","SE"
466,1,19,"RG","SE"
510,9,19,"RG","SE"
462,1,19,"RG","SE"
452,1,19,"RG","SE"
22,4,19,"RG","SE"
168,1,19,"RG","SE"
68,5,19,"RG","SE"
42,1,19,"RG","SE"
249,2,19,"RG","SE"
179,12,19,"RG","SE"
183,3,19,"RG","SE"
366,1,19,"RG","SE"
77,17,19,"RG","SE"
527,8,19,"RG","SE"
529,5,19,"RG","SE"
500,22,19,"RG","SE"
455,3,19,"RG","SE"
528,5,19,"RG","SE"
305,1,19,"RG","SE"
3,5,19,"RG","SE"
336,1,19,"RG","SE"
526,2,19,"RG","SE"
439,1,19,"RG","SE"
372,1,19,"RG","SE"
368,1,19,"RG","SE"
401,1,19,"RG","SE"
389,3,20,"RG","SE"
378,1,20,"RG","SE"
463,1,20,"RG","SE"
108,1,20,"RG","SE"
87,1,20,"RG","SE"
531,2,20,"RG","SE"
191,1,20,"RG","SE"
183,3,20,"RG","SE"
143,1,20,"RG","SE"
149,1,20,"RG","SE"
436,1,20,"RG","SE"
361,3,20,"RG","SE"
68,5,20,"RG","SE"
7,21,20,"RG","SE"
185,1,20,"RG","SE"
440,1,20,"RG","SE"
487,4,20,"RG","SE"
110,1,20,"RG","SE"
435,2,20,"RG","SE"
196,2,20,"RG","SE"
130,1,20,"RG","SE"
115,1,20,"RG","SE"
51,2,20,"RG","SE"
433,2,20,"RG","SE"
151,1,20,"RG","SE"
28,50,20,"RG","SE"
533,5,20,"RG","SE"
369,2,20,"RG","SE"
15,2,20,"RG","SE"
534,3,20,"RG","SE"
344,1,20,"RG","SE"
49,1,20,"RG","SE"
129,2,20,"RG","SE"
278,1,20,"RG","SE"
72,9,20,"RG","SE"
348,2,20,"RG","SE"
438,6,20,"RG","SE"
44,30,20,"RG","SE"
452,1,20,"RG","SE"
255,1,20,"RG","SE"
458,1,20,"RG","SE"
426,4,20,"RG","SE"
247,3,20,"RG","SE"
377,2,20,"RG","SE"
203,1,20,"RG","SE"
465,1,20,"RG","SE"
486,5,20,"RG","SE"
13,1,20,"RG","SE"
89,1,20,"RG","SE"
101,1,20,"RG","SE"
286,1,20,"RG","SE"
523,4,20,"RG","SE"
413,1,20,"RG","SE"
502,7,20,"RG","SE"
64,9,20,"RG","SE"
78,21,20,"RG","SE"
282,1,20,"RG","SE"
198,2,20,"RG","SE"
245,1,21,"RG","SE"
170,1,21,"RG","SE"
447,4,21,"RG","SE"
513,6,21,"RG","SE"
308,2,21,"RG","SE"
376,3,21,"RG","SE"
354,2,21,"RG","SE"
283,1,21,"RG","SE"
313,3,21,"RG","SE"
209,1,21,"RG","SE"
228,1,21,"RG","SE"
186,2,21,"RG","SE"
382,1,21,"RG","SE"
525,9,21,"RG","SE"
202,1,21,"RG","SE"
425,4,21,"RG","SE"
439,1,21,"RG","SE"
3,5,21,"RG","SE"
151,1,21,"RG","SE"
505,11,21,"RG","SE"
509,3,21,"RG","SE"
410,2,21,"RG","SE"
142,1,21,"RG","SE"
440,1,21,"RG","SE"
10,1,21,"RG","SE"
45,1,21,"RG","SE"
49,1,21,"RG","SE"
294,3,21,"RG","SE"
143,1,21,"RG","SE"
76,4,21,"RG","SE"
368,1,21,"RG","SE"
363,2,21,"RG","SE"
282,1,21,"RG","SE"
214,1,21,"RG","SE"
193,2,21,"RG","SE"
531,2,21,"RG","SE"
199,1,21,"RG","SE"
67,9,21,"RG","SE"
361,3,21,"RG","SE"
526,2,21,"RG","SE"
476,1,21,"RG","SE"
124,4,21,"RG","SE"
548,1,21,"RG","SE"
85,15,21,"RG","SE"
390,1,21,"RG","SE"
317,2,21,"RG","SE"
17,5,21,"RG","SE"
123,4,21,"RG","SE"
102,1,21,"RG","SE"
179,12,21,"RG","SE"
36,3,21,"RG","SE"
244,3,21,"RG","SE"
366,1,21,"RG","SE"
258,1,21,"RG","SE"
540,8,21,"RG","SE"
544,1,21,"RG","SE"
130,1,21,"RG","SE"
352,2,21,"RG","SE"
490,4,22,"RG","SE"
228,1,22,"RG","SE"
358,16,22,"RG","SE"
147,1,22,"RG","SE"
164,6,22,"RG","SE"
465,1,22,"RG","SE"
539,1,22,"RG","SE"
222,2,22,"RG","SE"
112,4,22,"RG","SE"
523,4,22,"RG","SE"
389,3,22,"RG","SE"
283,1,22,"RG","SE"
115,1,22,"RG","SE"
469,5,22,"RG","SE"
237,1,22,"RG","SE"
525,9,22,"RG","SE"
501,17,22,"RG","SE"
425,4,22,"RG","SE"
445,10,22,"RG","SE"
103,1,22,"RG","SE"
540,8,22,"RG","SE"
535,3,22,"RG","SE"
279,1,22,"RG","SE"
363,2,22,"RG","SE"
54,39,22,"RG","SE"
141,2,22,"RG","SE"
502,7,22,"RG","SE"
144,1,22,"RG","SE"
207,1,22,"RG","SE"
11,27,22,"RG","SE"
214,1,22,"RG","SE"
266,1,22,"RG","SE"
301,1,22,"RG","SE"
516,4,22,"RG","SE"
87,1,22,"RG","SE"
282,1,22,"RG","SE"
419,1,22,"RG","SE"
399,1,22,"RG","SE"
169,1,22,"RG","SE"
122,2,22,"RG","SE"
104,2,22,"RG","SE"
520,2,22,"RG","SE"
191,1,22,"RG","SE"
509,3,22,"RG","SE"
441,1,22,"RG","SE"
102,1,22,"RG","SE"
175,1,22,"RG","SE"
254,1,22,"RG","SE"
291,1,22,"RG","SE"
437,1,22,"RG","SE"
33,12,22,"RG","SE"
504,10,22,"RG","SE"
276,3,22,"RG","SE"
243,2,22,"RG","SE"
179,12,22,"RG","SE"
193,2,22,"RG","SE"
65,4,22,"RG","SE"
394,1,22,"RG","SE"
28,50,23,"RG","SE"
410,2,23,"RG","SE"
528,5,23,"RG","SE"
170,1,23,"RG","SE"
548,1,23,"RG","SE"
57,9,23,"RG","SE"
348,2,23,"RG","SE"
228,1,23,"RG","SE"
508,14,23,"RG","SE"
523,4,23,"RG","SE"
488,6,23,"RG","SE"
441,1,23,"RG","SE"
479,6,23,"RG","SE"
171,1,23,"RG","SE"
214,1,23,"RG","SE"
382,1,23,"RG","SE"
155,1,23,"RG","SE"
304,2,23,"RG","SE"
365,2,23,"RG","SE"
209,1,23,"RG","SE"
502,7,23,"RG","SE"
363,2,23,"RG","SE"
146,1,23,"RG","SE"
112,4,23,"RG","SE"
126,3,23,"RG","SE"
21,7,23,"RG","SE"
354,2,23,"RG","SE"
415,1,23,"RG","SE"
49,1,23,"RG","SE"
467,4,23,"RG","SE"
389,3,23,"RG","SE"
310,1,23,"RG","SE"
378,1,23,"RG","SE"
358,16,23,"RG","SE"
168,1,23,"RG","SE"
520,2,23,"RG","SE"
506,7,23,"RG","SE"
476,1,23,"RG","SE"
198,2,23,"RG","SE"
401,1,23,"RG","SE"
10,1,23,"RG","SE"
330,1,23,"RG","SE"
431,1,23,"RG","SE"
15,2,23,"RG","SE"
264,1,23,"RG","SE"
501,17,23,"RG","SE"
77,17,23,"RG","SE"
483,5,23,"RG","SE"
513,6,23,"RG","SE"
22,4,23,"RG","SE"
445,10,23,"RG","SE"
332,1,23,"RG","SE"
157,1,23,"RG","SE"
149,1,23,"RG","SE"
17,5,23,"RG","SE"
253,1,23,"RG","SE"
19,5,23,"RG","SE"
67,9,23,"RG","SE"
526,2,24,"RG","SE"
336,1,24,"RG","SE"
328,1,24,"RG","SE"
266,1,24,"RG","SE"
457,2,24,"RG","SE"
166,1,24,"RG","SE"
185,1,24,"RG","SE"
534,3,24,"RG","SE"
332,1,24,"RG","SE"
202,1,24,"RG","SE"
67,9,24,"RG","SE"
317,2,24,"RG","SE"
38,3,24,"RG","SE"
153,1,24,"RG","SE"
514,6,24,"RG","SE"
510,9,24,"RG","SE"
203,1,24,"RG","SE"
209,1,24,"RG","SE"
487,4,24,"RG","SE"
302,2,24,"RG","SE"
285,3,24,"RG","SE"
445,10,24,"RG","SE"
528,5,24,"RG","SE"
44,30,24,"RG","SE"
10,1,24,"RG","SE"
103,1,24,"RG","SE"
151,1,24,"RG","SE"
417,1,24,"RG","SE"
85,15,24,"RG","SE"
481,2,24,"RG","SE"
374,2,24,"RG","SE"
254,1,24,"RG","SE"
421,4,24,"RG","SE"
199,1,24,"RG","SE"
326,2,24,"RG","SE"
368,1,24,"RG","SE"
124,4,24,"RG","SE"
456,1,24,"RG","SE"
26,59,24,"RG","SE"
447,4,24,"RG","SE"
194,1,24,"RG","SE"
16,3,24,"RG","SE"
477,4,24,"RG","SE"
237,1,24,"RG","SE"
126,3,24,"RG","SE"
179,12,24,"RG","SE"
352,2,24,"RG","SE"
277,1,24,"RG","SE"
4,5,24,"RG","SE"
422,4,24,"RG","SE"
244,3,24,"RG","SE"
390,1,24,"RG","SE"
142,1,24,"RG","SE"
282,1,24,"RG","SE"
494,8,24,"RG","SE"
401,1,24,"RG","SE"
341,2,24,"RG","SE"
312,1,24,"RG","SE"
198,2,25,"RG","SE"
392,1,25,"RG","SE"
173,2,25,"RG","SE"
514,6,25,"RG","SE"
67,9,25,"RG","SE"
126,3,25,"RG","SE"
125,1,25,"RG","SE"
483,5,25,"RG","SE"
296,1,25,"RG","SE"
456,1,25,"RG","SE"
462,1,25,"RG","SE"
419,1,25,"RG","SE"
389,3,25,"RG","SE"
545,1,25,"RG","SE"
527,8,25,"RG","SE"
269,1,25,"RG","SE"
196,2,25,"RG","SE"
351,1,25,"RG","SE"
535,3,25,"RG","SE"
317,2,25,"RG","SE"
42,1,25,"RG","SE"
404,1,25,"RG","SE"
232,4,25,"RG","SE"
516,4,25,"RG","SE"
489,4,25,"RG","SE"
309,1,25,"RG","SE"
185,1,25,"RG","SE"
332,1,25,"RG","SE"
471,3,25,"RG","SE"
544,1,25,"RG","SE"
225,1,25,"RG","SE"
330,1,25,"RG","SE"
344,1,25,"RG","SE"
486,5,25,"RG","SE"
399,1,25,"RG","SE"
277,1,25,"RG","SE"
128,1,25,"RG","SE"
487,4,25,"RG","SE"
237,1,25,"RG","SE"
273,1,25,"RG","SE"
15,2,25,"RG","SE"
363,2,25,"RG","SE"
145,1,25,"RG","SE"
340,1,25,"RG","SE"
282,1,25,"RG","SE"
539,1,25,"RG","SE"
89,1,25,"RG","SE"
255,1,25,"RG","SE"
68,5,25,"RG","SE"
86,2,25,"RG","SE"
529,5,25,"RG","SE"
123,4,25,"RG","SE"
219,1,25,"RG","SE"
328,1,25,"RG","SE"
520,2,25,"RG","SE"
228,1,25,"RG","SE"
102,1,25,"RG","SE"
199,1,25,"RG","SE"
510,9,26,"RG","SE"
506,7,26,"RG","SE"
157,1,26,"RG","SE"
123,4,26,"RG","SE"
380,2,26,"RG","SE"
457,2,26,"RG","SE"
422,4,26,"RG","SE"
285,3,26,"RG","SE"
160,1,26,"RG","SE"
273,1,26,"RG","SE"
147,1,26,"RG","SE"
439,1,26,"RG","SE"
494,8,26,"RG","SE"
244,3,26,"RG","SE"
467,4,26,"RG","SE"
489,4,26,"RG","SE"
508,14,26,"RG","SE"
186,2,26,"RG","SE"
304,2,26,"RG","SE"
49,1,26,"RG","SE"
86,2,26,"RG","SE"
264,1,26,"RG","SE"
541,8,26,"RG","SE"
22,4,26,"RG","SE"
80,6,26,"RG","SE"
394,1,26,"RG","SE"
426,4,26,"RG","SE"
277,1,26,"RG","SE"
103,1,26,"RG","SE"
83,2,26,"RG","SE"
381,3,26,"RG","SE"
313,3,26,"RG","SE"
340,1,26,"RG","SE"
520,2,26,"RG","SE"
365,2,26,"RG","SE"
258,1,26,"RG","SE"
372,1,26,"RG","SE"
194,1,26,"RG","SE"
42,1,26,"RG","SE"
105,1,26,"RG","SE"
33,12,26,"RG","SE"
131,1,26,"RG","SE"
237,1,26,"RG","SE"
232,4,26,"RG","SE"
151,1,26,"RG","SE"
222,2,26,"RG","SE"
502,7,26,"RG","SE"
431,1,26,"RG","SE"
532,5,26,"RG","SE"
526,2,26,"RG","SE"
21,7,26,"RG","SE"
440,1,26,"RG","SE"
528,5,26,"RG","SE"
128,1,26,"RG","SE"
207,1,26,"RG","SE"
343,9,26,"RG","SE"
144,1,26,"RG","SE"
529,5,26,"RG","SE"
17,5,27,"RG","SE"
445,10,27,"RG","SE"
193,2,27,"RG","SE"
185,1,27,"RG","SE"
105,1,27,"RG","SE"
15,2,27,"RG","SE"
482,5,27,"RG","SE"
387,1,27,"RG","SE"
540,8,27,"RG","SE"
509,3,27,"RG","SE"
85,15,27,"RG","SE"
89,1,27,"RG","SE"
519,3,27,"RG","SE"
523,4,27,"RG","SE"
146,1,27,"RG","SE"
319,1,27,"RG","SE"
308,2,27,"RG","SE"
153,1,27,"RG","SE"
142,1,27,"RG","SE"
19,5,27,"RG","SE"
255,1,27,"RG","SE"
49,1,27,"RG","SE"
487,4,27,"RG","SE"
377,2,27,"RG","SE"
64,9,27,"RG","SE"
352,2,27,"RG","SE"
476,1,27,"RG","SE"
155,1,27,"RG","SE"
147,1,27,"RG","SE"
123,4,27,"RG","SE"
4,5,27,"RG","SE"
361,3,27,"RG","SE"
421,4,27,"RG","SE"
286,1,27,"RG","SE"
548,1,27,"RG","SE"
235,1,27,"RG","SE"
51,2,27,"RG","SE"
358,16,27,"RG","SE"
462,1,27,"RG","SE"
138,2,27,"RG","SE"
27,2,27,"RG","SE"
336,1,27,"RG","SE"
112,4,27,"RG","SE"
440,1,27,"RG","SE"
419,1,27,"RG","SE"
477,4,27,"RG","SE"
545,1,27,"RG","SE"
214,1,27,"RG","SE"
528,5,27,"RG","SE"
144,1,27,"RG","SE"
254,1,27,"RG","SE"
194,1,27,"RG","SE"
439,1,27,"RG","SE"
5,4,27,"RG","SE"
354,2,27,"RG","SE"
490,4,27,"RG","SE"
190,1,27,"RG","SE"
372,1,27,"RG","SE"
466,1,28,"RG","SE"
508,14,28,"RG","SE"
219,1,28,"RG","SE"
247,3,28,"RG","SE"
417,1,28,"RG","SE"
108,1,28,"RG","SE"
285,3,28,"RG","SE"
32,6,28,"RG","SE"
365,2,28,"RG","SE"
506,7,28,"RG","SE"
278,1,28,"RG","SE"
394,1,28,"RG","SE"
441,1,28,"RG","SE"
284,1,28,"RG","SE"
27,2,28,"RG","SE"
111,1,28,"RG","SE"
426,4,28,"RG","SE"
467,4,28,"RG","SE"
312,1,28,"RG","SE"
421,4,28,"RG","SE"
196,2,28,"RG","SE"
243,2,28,"RG","SE"
415,1,28,"RG","SE"
142,1,28,"RG","SE"
186,2,28,"RG","SE"
481,2,28,"RG","SE"
140,1,28,"RG","SE"
370,1,28,"RG","SE"
343,9,28,"RG","SE"
439,1,28,"RG","SE"
351,1,28,"RG","SE"
76,4,28,"RG","SE"
401,1,28,"RG","SE"
112,4,28,"RG","SE"
123,4,28,"RG","SE"
245,1,28,"RG","SE"
128,1,28,"RG","SE"
462,1,28,"RG","SE"
305,1,28,"RG","SE"
122,2,28,"RG","SE"
531,2,28,"RG","SE"
102,1,28,"RG","SE"
194,1,28,"RG","SE"
374,2,28,"RG","SE"
191,1,28,"RG","SE"
129,2,28,"RG","SE"
259,6,28,"RG","SE"
404,1,28,"RG","SE"
349,1,28,"RG","SE"
301,1,28,"RG","SE"
143,1,28,"RG","SE"
419,1,28,"RG","SE"
361,3,28,"RG","SE"
179,12,28,"RG","SE"
36,3,28,"RG","SE"
544,1,28,"RG","SE"
367,2,28,"RG","SE"
489,4,28,"RG","SE"
525,9,29,"RG","SE"
250,1,29,"RG","SE"
278,1,29,"RG","SE"
257,1,29,"RG","SE"
77,17,29,"RG","SE"
452,1,29,"RG","SE"
422,4,29,"RG","SE"
501,17,29,"RG","SE"
489,4,29,"RG","SE"
72,9,29,"RG","SE"
198,2,29,"RG","SE"
19,5,29,"RG","SE"
397,1,29,"RG","SE"
421,4,29,"RG","SE"
222,2,29,"RG","SE"
143,1,29,"RG","SE"
354,2,29,"RG","SE"
166,1,29,"RG","SE"
296,1,29,"RG","SE"
5,4,29,"RG","SE"
202,1,29,"RG","SE"
204,2,29,"RG","SE"
102,1,29,"RG","SE"
352,2,29,"RG","SE"
419,1,29,"RG","SE"
57,9,29,"RG","SE"
285,3,29,"RG","SE"
510,9,29,"RG","SE"
494,8,29,"RG","SE"
469,5,29,"RG","SE"
219,1,29,"RG","SE"
481,2,29,"RG","SE"
455,3,29,"RG","SE"
252,2,29,"RG","SE"
349,1,29,"RG","SE"
28,50,29,"RG","SE"
381,3,29,"RG","SE"
417,1,29,"RG","SE"
471,3,29,"RG","SE"
191,1,29,"RG","SE"
367,2,29,"RG","SE"
476,1,29,"RG","SE"
488,6,29,"RG","SE"
259,6,29,"RG","SE"
439,1,29,"RG","SE"
480,6,29,"RG","SE"
523,4,29,"RG","SE"
484,4,29,"RG","SE"
103,1,29,"RG","SE"
357,1,29,"RG","SE"
193,2,29,"RG","SE"
83,2,29,"RG","SE"
483,5,29,"RG","SE"
194,1,29,"RG","SE"
284,1,29,"RG","SE"
305,1,29,"RG","SE"
313,3,29,"RG","SE"
496,22,29,"RG","SE"
194,1,30,"RG","SE"
209,1,30,"RG","SE"
294,3,30,"RG","SE"
489,4,30,"RG","SE"
352,2,30,"RG","SE"
49,1,30,"RG","SE"
455,3,30,"RG","SE"
277,1,30,"RG","SE"
527,8,30,"RG","SE"
191,1,30,"RG","SE"
524,2,30,"RG","SE"
203,1,30,"RG","SE"
477,4,30,"RG","SE"
179,12,30,"RG","SE"
10,1,30,"RG","SE"
367,2,30,"RG","SE"
190,1,30,"RG","SE"
196,2,30,"RG","SE"
119,1,30,"RG","SE"
283,1,30,"RG","SE"
204,2,30,"RG","SE"
366,1,30,"RG","SE"
381,3,30,"RG","SE"
363,2,30,"RG","SE"
51,2,30,"RG","SE"
372,1,30,"RG","SE"
322,3,30,"RG","SE"
310,1,30,"RG","SE"
32,6,30,"RG","SE"
19,5,30,"RG","SE"
77,17,30,"RG","SE"
164,6,30,"RG","SE"
245,1,30,"RG","SE"
173,2,30,"RG","SE"
175,1,30,"RG","SE"
471,3,30,"RG","SE"
258,1,30,"RG","SE"
501,17,30,"RG","SE"
470,5,30,"RG","SE"
25,1,30,"RG","SE"
87,1,30,"RG","SE"
389,3,30,"RG","SE"
531,2,30,"RG","SE"
509,3,30,"RG","SE"
304,2,30,"RG","SE"
539,1,30,"RG","SE"
225,1,30,"RG","SE"
80,6,30,"RG","SE"
86,2,30,"RG","SE"
284,1,30,"RG","SE"
54,39,30,"RG","SE"
68,5,30,"RG","SE"
278,1,30,"RG","SE"
452,1,30,"RG","SE"
147,1,30,"RG","SE"
435,2,30,"RG","SE"
33,12,30,"RG","SE"
83,2,30,"RG","SE"
540,8,31,"RG","SE"
490,4,31,"RG","SE"
532,5,31,"RG","SE"
527,8,31,"RG","SE"
194,1,31,"RG","SE"
126,3,31,"RG","SE"
16,3,31,"RG","SE"
349,1,31,"RG","SE"
509,3,31,"RG","SE"
397,1,31,"RG","SE"
304,2,31,"RG","SE"
15,2,31,"RG","SE"
376,3,31,"RG","SE"
483,5,31,"RG","SE"
493,7,31,"RG","SE"
101,1,31,"RG","SE"
489,4,31,"RG","SE"
242,1,31,"RG","SE"
480,6,31,"RG","SE"
506,7,31,"RG","SE"
278,1,31,"RG","SE"
392,1,31,"RG","SE"
538,2,31,"RG","SE"
222,2,31,"RG","SE"
72,9,31,"RG","SE"
441,1,31,"RG","SE"
494,8,31,"RG","SE"
266,1,31,"RG","SE"
430,1,31,"RG","SE"
547,1,31,"RG","SE"
529,5,31,"RG","SE"
158,3,31,"RG","SE"
291,1,31,"RG","SE"
361,3,31,"RG","SE"
235,1,31,"RG","SE"
302,2,31,"RG","SE"
498,25,31,"RG","SE"
390,1,31,"RG","SE"
155,1,31,"RG","SE"
482,5,31,"RG","SE"
541,8,31,"RG","SE"
249,2,31,"RG","SE"
80,6,31,"RG","SE"
365,2,31,"RG","SE"
452,1,31,"RG","SE"
140,1,31,"RG","SE"
431,1,31,"RG","SE"
61,50,31,"RG","SE"
148,1,31,"RG","SE"
523,4,31,"RG","SE"
179,12,31,"RG","SE"
413,1,31,"RG","SE"
419,1,31,"RG","SE"
387,1,31,"RG","SE"
28,50,31,"RG","SE"
277,1,31,"RG","SE"
202,1,31,"RG","SE"
102,1,31,"RG","SE"
222,2,32,"RG","SE"
146,1,32,"RG","SE"
235,1,32,"RG","SE"
250,1,32,"RG","SE"
523,4,32,"RG","SE"
509,3,32,"RG","SE"
382,1,32,"RG","SE"
310,1,32,"RG","SE"
504,10,32,"RG","SE"
4,5,32,"RG","SE"
237,1,32,"RG","SE"
508,14,32,"RG","SE"
344,1,32,"RG","SE"
141,2,32,"RG","SE"
125,1,32,"RG","SE"
401,1,32,"RG","SE"
16,3,32,"RG","SE"
61,50,32,"RG","SE"
539,1,32,"RG","SE"
242,1,32,"RG","SE"
209,1,32,"RG","SE"
187,1,32,"RG","SE"
438,6,32,"RG","SE"
25,1,32,"RG","SE"
413,1,32,"RG","SE"
394,1,32,"RG","SE"
354,2,32,"RG","SE"
352,2,32,"RG","SE"
232,4,32,"RG","SE"
110,1,32,"RG","SE"
319,1,32,"RG","SE"
392,1,32,"RG","SE"
85,15,32,"RG","SE"
106,1,32,"RG","SE"
247,3,32,"RG","SE"
477,4,32,"RG","SE"
426,4,32,"RG","SE"
343,9,32,"RG","SE"
358,16,32,"RG","SE"
155,1,32,"RG","SE"
461,1,32,"RG","SE"
138,2,32,"RG","SE"
86,2,32,"RG","SE"
191,1,32,"RG","SE"
199,1,32,"RG","SE"
466,1,32,"RG","SE"
370,1,32,"RG","SE"
330,1,32,"RG","SE"
170,1,32,"RG","SE"
140,1,32,"RG","SE"
5,4,32,"RG","SE"
149,1,32,"RG","SE"
525,9,32,"RG","SE"
436,1,32,"RG","SE"
151,1,32,"RG","SE"
366,1,32,"RG","SE"
479,6,32,"RG","SE"
112,4,32,"RG","SE"
471,3,33,"RG","SE"
169,1,33,"RG","SE"
469,5,33,"RG","SE"
513,6,33,"RG","SE"
534,3,33,"RG","SE"
482,5,33,"RG","SE"
269,1,33,"RG","SE"
28,50,33,"RG","SE"
467,4,33,"RG","SE"
486,5,33,"RG","SE"
279,1,33,"RG","SE"
494,8,33,"RG","SE"
235,1,33,"RG","SE"
85,15,33,"RG","SE"
437,1,33,"RG","SE"
103,1,33,"RG","SE"
175,1,33,"RG","SE"
228,1,33,"RG","SE"
196,2,33,"RG","SE"
352,2,33,"RG","SE"
344,1,33,"RG","SE"
17,5,33,"RG","SE"
142,1,33,"RG","SE"
5,4,33,"RG","SE"
259,6,33,"RG","SE"
548,1,33,"RG","SE"
524,2,33,"RG","SE"
541,8,33,"RG","SE"
276,3,33,"RG","SE"
520,2,33,"RG","SE"
20,7,33,"RG","SE"
358,16,33,"RG","SE"
528,5,33,"RG","SE"
487,4,33,"RG","SE"
372,1,33,"RG","SE"
80,6,33,"RG","SE"
445,10,33,"RG","SE"
484,4,33,"RG","SE"
436,1,33,"RG","SE"
186,2,33,"RG","SE"
141,2,33,"RG","SE"
291,1,33,"RG","SE"
349,1,33,"RG","SE"
332,1,33,"RG","SE"
243,2,33,"RG","SE"
461,1,33,"RG","SE"
510,9,33,"RG","SE"
544,1,33,"RG","SE"
173,2,33,"RG","SE"
366,1,33,"RG","SE"
203,1,33,"RG","SE"
377,2,33,"RG","SE"
370,1,33,"RG","SE"
496,22,33,"RG","SE"
257,1,33,"RG","SE"
126,3,33,"RG","SE"
413,1,33,"RG","SE"
348,2,33,"RG","SE"
500,22,34,"RG","SE"
194,1,34,"RG","SE"
170,1,34,"RG","SE"
158,3,34,"RG","SE"
309,1,34,"RG","SE"
534,3,34,"RG","SE"
286,1,34,"RG","SE"
332,1,34,"RG","SE"
25,1,34,"RG","SE"
426,4,34,"RG","SE"
378,1,34,"RG","SE"
345,1,34,"RG","SE"
381,3,34,"RG","SE"
390,1,34,"RG","SE"
266,1,34,"RG","SE"
245,1,34,"RG","SE"
457,2,34,"RG","SE"
283,1,34,"RG","SE"
64,9,34,"RG","SE"
187,1,34,"RG","SE"
437,1,34,"RG","SE"
317,2,34,"RG","SE"
387,1,34,"RG","SE"
415,1,34,"RG","SE"
440,1,34,"RG","SE"
128,1,34,"RG","SE"
377,2,34,"RG","SE"
330,1,34,"RG","SE"
372,1,34,"RG","SE"
526,2,34,"RG","SE"
489,4,34,"RG","SE"
544,1,34,"RG","SE"
27,2,34,"RG","SE"
157,1,34,"RG","SE"
7,21,34,"RG","SE"
45,1,34,"RG","SE"
237,1,34,"RG","SE"
242,1,34,"RG","SE"
389,3,34,"RG","SE"
168,1,34,"RG","SE"
376,3,34,"RG","SE"
474,1,34,"RG","SE"
445,10,34,"RG","SE"
103,1,34,"RG","SE"
303,6,34,"RG","SE"
515,4,34,"RG","SE"
116,1,34,"RG","SE"
115,1,34,"RG","SE"
228,1,34,"RG","SE"
175,1,34,"RG","SE"
196,2,34,"RG","SE"
155,1,34,"RG","SE"
57,9,34,"RG","SE"
318,3,34,"RG","SE"
264,1,34,"RG","SE"
108,1,34,"RG","SE"
488,6,34,"RG","SE"
548,1,34,"RG","SE"
436,1,35,"RG","SE"
326,2,35,"RG","SE"
104,2,35,"RG","SE"
413,1,35,"RG","SE"
209,1,35,"RG","SE"
116,1,35,"RG","SE"
296,1,35,"RG","SE"
146,1,35,"RG","SE"
367,2,35,"RG","SE"
22,4,35,"RG","SE"
85,15,35,"RG","SE"
129,2,35,"RG","SE"
370,1,35,"RG","SE"
301,1,35,"RG","SE"
143,1,35,"RG","SE"
21,7,35,"RG","SE"
533,5,35,"RG","SE"
381,3,35,"RG","SE"
313,3,35,"RG","SE"
86,2,35,"RG","SE"
222,2,35,"RG","SE"
302,2,35,"RG","SE"
476,1,35,"RG","SE"
343,9,35,"RG","SE"
115,1,35,"RG","SE"
470,5,35,"RG","SE"
377,2,35,"RG","SE"
232,4,35,"RG","SE"
430,1,35,"RG","SE"
277,1,35,"RG","SE"
243,2,35,"RG","SE"
358,16,35,"RG","SE"
285,3,35,"RG","SE"
452,1,35,"RG","SE"
463,1,35,"RG","SE"
278,1,35,"RG","SE"
140,1,35,"RG","SE"
374,2,35,"RG","SE"
502,7,35,"RG","SE"
193,2,35,"RG","SE"
248,5,35,"RG","SE"
344,1,35,"RG","SE"
514,6,35,"RG","SE"
244,3,35,"RG","SE"
198,2,35,"RG","SE"
365,2,35,"RG","SE"
16,3,35,"RG","SE"
532,5,35,"RG","SE"
202,1,35,"RG","SE"
155,1,35,"RG","SE"
223,1,35,"RG","SE"
219,1,35,"RG","SE"
32,6,35,"RG","SE"
547,1,35,"RG","SE"
247,3,35,"RG","SE"
510,9,35,"RG","SE"
284,1,35,"RG","SE"
305,1,35,"RG","SE"
36,3,36,"RG","SE"
525,9,36,"RG","SE"
508,14,36,"RG","SE"
164,6,36,"RG","SE"
418,1,36,"RG","SE"
175,1,36,"RG","SE"
540,8,36,"RG","SE"
15,2,36,"RG","SE"
65,4,36,"RG","SE"
5,4,36,"RG","SE"
456,1,36,"RG","SE"
268,1,36,"RG","SE"
467,4,36,"RG","SE"
395,1,36,"RG","SE"
504,10,36,"RG","SE"
105,1,36,"RG","SE"
380,2,36,"RG","SE"
147,1,36,"RG","SE"
124,4,36,"RG","SE"
476,1,36,"RG","SE"
516,4,36,"RG","SE"
493,7,36,"RG","SE"
425,4,36,"RG","SE"
169,1,36,"RG","SE"
237,1,36,"RG","SE"
190,1,36,"RG","SE"
422,4,36,"RG","SE"
438,6,36,"RG","SE"
374,2,36,"RG","SE"
202,1,36,"RG","SE"
214,1,36,"RG","SE"
219,1,36,"RG","SE"
410,2,36,"RG","SE"
257,1,36,"RG","SE"
57,9,36,"RG","SE"
278,1,36,"RG","SE"
126,3,36,"RG","SE"
26,59,36,"RG","SE"
116,1,36,"RG","SE"
123,4,36,"RG","SE"
517,6,36,"RG","SE"
458,1,36,"RG","SE"
101,1,36,"RG","SE"
397,1,36,"RG","SE"
64,9,36,"RG","SE"
539,1,36,"RG","SE"
519,3,36,"RG","SE"
3,5,36,"RG","SE"
223,1,36,"RG","SE"
146,1,36,"RG","SE"
194,1,36,"RG","SE"
28,50,36,"RG","SE"
67,9,36,"RG","SE"
322,3,36,"RG","SE"
531,2,36,"RG","SE"
419,1,36,"RG","SE"
86,2,36,"RG","SE"
482,5,36,"RG","SE"
89,1,37,"RG","SE"
526,2,37,"RG","SE"
481,2,37,"RG","SE"
336,1,37,"RG","SE"
67,9,37,"RG","SE"
368,1,37,"RG","SE"
494,8,37,"RG","SE"
5,4,37,"RG","SE"
493,7,37,"RG","SE"
258,1,37,"RG","SE"
157,1,37,"RG","SE"
185,1,37,"RG","SE"
525,9,37,"RG","SE"
367,2,37,"RG","SE"
155,1,37,"RG","SE"
352,2,37,"RG","SE"
199,1,37,"RG","SE"
313,3,37,"RG","SE"
469,5,37,"RG","SE"
419,1,37,"RG","SE"
514,6,37,"RG","SE"
222,2,37,"RG","SE"
209,1,37,"RG","SE"
169,1,37,"RG","SE"
250,1,37,"RG","SE"
541,8,37,"RG","SE"
244,3,37,"RG","SE"
64,9,37,"RG","SE"
186,2,37,"RG","SE"
142,1,37,"RG","SE"
452,1,37,"RG","SE"
308,2,37,"RG","SE"
510,9,37,"RG","SE"
219,1,37,"RG","SE"
496,22,37,"RG","SE"
394,1,37,"RG","SE"
160,1,37,"RG","SE"
268,1,37,"RG","SE"
247,3,37,"RG","SE"
266,1,37,"RG","SE"
228,1,37,"RG","SE"
276,3,37,"RG","SE"
183,3,37,"RG","SE"
527,8,37,"RG","SE"
72,9,37,"RG","SE"
54,39,37,"RG","SE"
124,4,37,"RG","SE"
277,1,37,"RG","SE"
11,27,37,"RG","SE"
516,4,37,"RG","SE"
509,3,37,"RG","SE"
248,5,37,"RG","SE"
310,1,37,"RG","SE"
528,5,37,"RG","SE"
319,1,37,"RG","SE"
376,3,37,"RG","SE"
112,4,37,"RG","SE"
399,1,37,"RG","SE"
435,2,38,"RG","SE"
269,1,38,"RG","SE"
345,1,38,"RG","SE"
284,1,38,"RG","SE"
21,7,38,"RG","SE"
187,1,38,"RG","SE"
394,1,38,"RG","SE"
535,3,38,"RG","SE"
513,6,38,"RG","SE"
540,8,38,"RG","SE"
413,1,38,"RG","SE"
431,1,38,"RG","SE"
378,1,38,"RG","SE"
494,8,38,"RG","SE"
13,1,38,"RG","SE"
5,4,38,"RG","SE"
123,4,38,"RG","SE"
32,6,38,"RG","SE"
317,2,38,"RG","SE"
268,1,38,"RG","SE"
27,2,38,"RG","SE"
72,9,38,"RG","SE"
164,6,38,"RG","SE"
277,1,38,"RG","SE"
496,22,38,"RG","SE"
276,3,38,"RG","SE"
28,50,38,"RG","SE"
487,4,38,"RG","SE"
376,3,38,"RG","SE"
158,3,38,"RG","SE"
533,5,38,"RG","SE"
207,1,38,"RG","SE"
358,16,38,"RG","SE"
171,1,38,"RG","SE"
122,2,38,"RG","SE"
477,4,38,"RG","SE"
101,1,38,"RG","SE"
247,3,38,"RG","SE"
445,10,38,"RG","SE"
380,2,38,"RG","SE"
483,5,38,"RG","SE"
219,1,38,"RG","SE"
484,4,38,"RG","SE"
108,1,38,"RG","SE"
452,1,38,"RG","SE"
105,1,38,"RG","SE"
254,1,38,"RG","SE"
7,21,38,"RG","SE"
278,1,38,"RG","SE"
80,6,38,"RG","SE"
404,1,38,"RG","SE"
253,1,38,"RG","SE"
455,3,38,"RG","SE"
22,4,38,"RG","SE"
186,2,38,"RG","SE"
199,1,38,"RG","SE"
387,1,38,"RG","SE"
112,4,38,"RG","SE"
496,22,39,"RG","SE"
61,50,39,"RG","SE"
110,1,39,"RG","SE"
380,2,39,"RG","SE"
145,1,39,"RG","SE"
10,1,39,"RG","SE"
266,1,39,"RG","SE"
487,4,39,"RG","SE"
494,8,39,"RG","SE"
12,11,39,"RG","SE"
123,4,39,"RG","SE"
488,6,39,"RG","SE"
91,5,39,"RG","SE"
104,2,39,"RG","SE"
80,6,39,"RG","SE"
330,1,39,"RG","SE"
415,1,39,"RG","SE"
303,6,39,"RG","SE"
378,1,39,"RG","SE"
302,2,39,"RG","SE"
397,1,39,"RG","SE"
183,3,39,"RG","SE"
108,1,39,"RG","SE"
247,3,39,"RG","SE"
42,1,39,"RG","SE"
523,4,39,"RG","SE"
77,17,39,"RG","SE"
343,9,39,"RG","SE"
17,5,39,"RG","SE"
541,8,39,"RG","SE"
421,4,39,"RG","SE"
76,4,39,"RG","SE"
252,2,39,"RG","SE"
190,1,39,"RG","SE"
38,3,39,"RG","SE"
264,1,39,"RG","SE"
284,1,39,"RG","SE"
199,1,39,"RG","SE"
45,1,39,"RG","SE"
151,1,39,"RG","SE"
517,6,39,"RG","SE"
447,4,39,"RG","SE"
27,2,39,"RG","SE"
242,1,39,"RG","SE"
489,4,39,"RG","SE"
389,3,39,"RG","SE"
440,1,39,"RG","SE"
112,4,39,"RG","SE"
179,12,39,"RG","SE"
72,9,39,"RG","SE"
130,1,39,"RG","SE"
309,1,39,"RG","SE"
187,1,39,"RG","SE"
344,1,39,"RG","SE"
11,27,39,"RG","SE"
445,10,39,"RG","SE"
469,5,39,"RG","SE"
479,6,39,"RG","SE"
486,5,40,"RG","SE"
369,2,40,"RG","SE"
247,3,40,"RG","SE"
235,1,40,"RG","SE"
175,1,40,"RG","SE"
286,1,40,"RG","SE"
457,2,40,"RG","SE"
155,1,40,"RG","SE"
504,10,40,"RG","SE"
110,1,40,"RG","SE"
141,2,40,"RG","SE"
278,1,40,"RG","SE"
214,1,40,"RG","SE"
523,4,40,"RG","SE"
455,3,40,"RG","SE"
219,1,40,"RG","SE"
42,1,40,"RG","SE"
67,9,40,"RG","SE"
509,3,40,"RG","SE"
519,3,40,"RG","SE"
326,2,40,"RG","SE"
283,1,40,"RG","SE"
111,1,40,"RG","SE"
244,3,40,"RG","SE"
413,1,40,"RG","SE"
248,5,40,"RG","SE"
483,5,40,"RG","SE"
131,1,40,"RG","SE"
458,1,40,"RG","SE"
261,3,40,"RG","SE"
380,2,40,"RG","SE"
80,6,40,"RG","SE"
264,1,40,"RG","SE"
10,1,40,"RG","SE"
474,1,40,"RG","SE"
78,21,40,"RG","SE"
85,15,40,"RG","SE"
77,17,40,"RG","SE"
363,2,40,"RG","SE"
186,2,40,"RG","SE"
145,1,40,"RG","SE"
160,1,40,"RG","SE"
370,1,40,"RG","SE"
378,1,40,"RG","SE"
291,1,40,"RG","SE"
389,3,40,"RG","SE"
157,1,40,"RG","SE"
336,1,40,"RG","SE"
392,1,40,"RG","SE"
341,2,40,"RG","SE"
254,1,40,"RG","SE"
548,1,40,"RG","SE"
524,2,40,"RG","SE"
164,6,40,"RG","SE"
102,1,40,"RG","SE"
303,6,40,"RG","SE"
54,39,40,"RG","SE"
22,4,40,"RG","SE"
148,1,41,"RG","SE"
516,4,41,"RG","SE"
141,2,41,"RG","SE"
151,1,41,"RG","SE"
354,2,41,"RG","SE"
369,2,41,"RG","SE"
466,1,41,"RG","SE"
111,1,41,"RG","SE"
418,1,41,"RG","SE"
245,1,41,"RG","SE"
219,1,41,"RG","SE"
463,1,41,"RG","SE"
179,12,41,"RG","SE"
128,1,41,"RG","SE"
279,1,41,"RG","SE"
291,1,41,"RG","SE"
54,39,41,"RG","SE"
20,7,41,"RG","SE"
138,2,41,"RG","SE"
382,1,41,"RG","SE"
131,1,41,"RG","SE"
349,1,41,"RG","SE"
301,1,41,"RG","SE"
22,4,41,"RG","SE"
242,1,41,"RG","SE"
363,2,41,"RG","SE"
173,2,41,"RG","SE"
431,1,41,"RG","SE"
494,8,41,"RG","SE"
340,1,41,"RG","SE"
160,1,41,"RG","SE"
254,1,41,"RG","SE"
130,1,41,"RG","SE"
222,2,41,"RG","SE"
76,4,41,"RG","SE"
250,1,41,"RG","SE"
344,1,41,"RG","SE"
322,3,41,"RG","SE"
436,1,41,"RG","SE"
395,1,41,"RG","SE"
377,2,41,"RG","SE"
89,1,41,"RG","SE"
57,9,41,"RG","SE"
44,30,41,"RG","SE"
470,5,41,"RG","SE"
145,1,41,"RG","SE"
370,1,41,"RG","SE"
119,1,41,"RG","SE"
4,5,41,"RG","SE"
237,1,41,"RG","SE"
124,4,41,"RG","SE"
223,1,41,"RG","SE"
502,7,41,"RG","SE"
203,1,41,"RG","SE"
368,1,41,"RG","SE"
515,4,41,"RG","SE"
426,4,41,"RG","SE"
534,3,41,"RG","SE"
207,1,42,"RG","SE"
519,3,42,"RG","SE"
27,2,42,"RG","SE"
255,1,42,"RG","SE"
504,10,42,"RG","SE"
185,1,42,"RG","SE"
458,1,42,"RG","SE"
431,1,42,"RG","SE"
510,9,42,"RG","SE"
308,2,42,"RG","SE"
198,2,42,"RG","SE"
175,1,42,"RG","SE"
68,5,42,"RG","SE"
547,1,42,"RG","SE"
194,1,42,"RG","SE"
358,16,42,"RG","SE"
540,8,42,"RG","SE"
36,3,42,"RG","SE"
514,6,42,"RG","SE"
129,2,42,"RG","SE"
283,1,42,"RG","SE"
488,6,42,"RG","SE"
44,30,42,"RG","SE"
278,1,42,"RG","SE"
332,1,42,"RG","SE"
372,1,42,"RG","SE"
105,1,42,"RG","SE"
259,6,42,"RG","SE"
25,1,42,"RG","SE"
523,4,42,"RG","SE"
426,4,42,"RG","SE"
149,1,42,"RG","SE"
166,1,42,"RG","SE"
244,3,42,"RG","SE"
441,1,42,"RG","SE"
65,4,42,"RG","SE"
179,12,42,"RG","SE"
415,1,42,"RG","SE"
474,1,42,"RG","SE"
157,1,42,"RG","SE"
106,1,42,"RG","SE"
452,1,42,"RG","SE"
380,2,42,"RG","SE"
318,3,42,"RG","SE"
83,2,42,"RG","SE"
370,1,42,"RG","SE"
322,3,42,"RG","SE"
397,1,42,"RG","SE"
531,2,42,"RG","SE"
144,1,42,"RG","SE"
526,2,42,"RG","SE"
130,1,42,"RG","SE"
67,9,42,"RG","SE"
535,3,42,"RG","SE"
395,1,42,"RG","SE"
277,1,42,"RG","SE"
209,1,42,"RG","SE"
160,1,42,"RG","SE"
222,2,43,"RG","SE"
526,2,43,"RG","SE"
147,1,43,"RG","SE"
399,1,43,"RG","SE"
17,5,43,"RG","SE"
36,3,43,"RG","SE"
370,1,43,"RG","SE"
253,1,43,"RG","SE"
358,16,43,"RG","SE"
296,1,43,"RG","SE"
22,4,43,"RG","SE"
243,2,43,"RG","SE"
418,1,43,"RG","SE"
130,1,43,"RG","SE"
86,2,43,"RG","SE"
104,2,43,"RG","SE"
12,11,43,"RG","SE"
433,2,43,"RG","SE"
25,1,43,"RG","SE"
38,3,43,"RG","SE"
395,1,43,"RG","SE"
28,50,43,"RG","SE"
435,2,43,"RG","SE"
319,1,43,"RG","SE"
78,21,43,"RG","SE"
417,1,43,"RG","SE"
425,4,43,"RG","SE"
168,1,43,"RG","SE"
254,1,43,"RG","SE"
540,8,43,"RG","SE"
330,1,43,"RG","SE"
440,1,43,"RG","SE"
85,15,43,"RG","SE"
294,3,43,"RG","SE"
214,1,43,"RG","SE"
132,1,43,"RG","SE"
531,2,43,"RG","SE"
26,59,43,"RG","SE"
484,4,43,"RG","SE"
242,1,43,"RG","SE"
285,3,43,"RG","SE"
505,11,43,"RG","SE"
487,4,43,"RG","SE"
344,1,43,"RG","SE"
169,1,43,"RG","SE"
199,1,43,"RG","SE"
348,2,43,"RG","SE"
142,1,43,"RG","SE"
261,3,43,"RG","SE"
349,1,43,"RG","SE"
223,1,43,"RG","SE"
336,1,43,"RG","SE"
426,4,43,"RG","SE"
191,1,43,"RG","SE"
376,3,43,"RG","SE"
123,4,43,"RG","SE"
351,1,43,"RG","SE"
269,1,43,"RG","SE"
410,2,44,"RG","SE"
488,6,44,"RG","SE"
515,4,44,"RG","SE"
369,2,44,"RG","SE"
276,3,44,"RG","SE"
343,9,44,"RG","SE"
219,1,44,"RG","SE"
105,1,44,"RG","SE"
308,2,44,"RG","SE"
245,1,44,"RG","SE"
505,11,44,"RG","SE"
244,3,44,"RG","SE"
305,1,44,"RG","SE"
36,3,44,"RG","SE"
330,1,44,"RG","SE"
480,6,44,"RG","SE"
149,1,44,"RG","SE"
433,2,44,"RG","SE"
426,4,44,"RG","SE"
508,14,44,"RG","SE"
17,5,44,"RG","SE"
456,1,44,"RG","SE"
284,1,44,"RG","SE"
304,2,44,"RG","SE"
439,1,44,"RG","SE"
155,1,44,"RG","SE"
430,1,44,"RG","SE"
279,1,44,"RG","SE"
294,3,44,"RG","SE"
202,1,44,"RG","SE"
106,1,44,"RG","SE"
228,1,44,"RG","SE"
390,1,44,"RG","SE"
458,1,44,"RG","SE"
129,2,44,"RG","SE"
278,1,44,"RG","SE"
520,2,44,"RG","SE"
348,2,44,"RG","SE"
469,5,44,"RG","SE"
54,39,44,"RG","SE"
235,1,44,"RG","SE"
487,4,44,"RG","SE"
140,1,44,"RG","SE"
285,3,44,"RG","SE"
108,1,44,"RG","SE"
516,4,44,"RG","SE"
13,1,44,"RG","SE"
372,1,44,"RG","SE"
12,11,44,"RG","SE"
282,1,44,"RG","SE"
132,1,44,"RG","SE"
484,4,44,"RG","SE"
116,1,44,"RG","SE"
470,5,44,"RG","SE"
532,5,44,"RG","SE"
482,5,44,"RG","SE"
399,1,44,"RG","SE"
5,4,44,"RG","SE"
457,2,45,"RG","SE"
501,17,45,"RG","SE"
436,1,45,"RG","SE"
440,1,45,"RG","SE"
502,7,45,"RG","SE"
505,11,45,"RG","SE"
545,1,45,"RG","SE"
463,1,45,"RG","SE"
425,4,45,"RG","SE"
252,2,45,"RG","SE"
341,2,45,"RG","SE"
268,1,45,"RG","SE"
525,9,45,"RG","SE"
471,3,45,"RG","SE"
86,2,45,"RG","SE"
87,1,45,"RG","SE"
237,1,45,"RG","SE"
467,4,45,"RG","SE"
273,1,45,"RG","SE"
142,1,45,"RG","SE"
284,1,45,"RG","SE"
394,1,45,"RG","SE"
322,3,45,"RG","SE"
21,7,45,"RG","SE"
461,1,45,"RG","SE"
509,3,45,"RG","SE"
214,1,45,"RG","SE"
153,1,45,"RG","SE"
171,1,45,"RG","SE"
535,3,45,"RG","SE"
198,2,45,"RG","SE"
343,9,45,"RG","SE"
426,4,45,"RG","SE"
219,1,45,"RG","SE"
372,1,45,"RG","SE"
377,2,45,"RG","SE"
64,9,45,"RG","SE"
326,2,45,"RG","SE"
493,7,45,"RG","SE"
144,1,45,"RG","SE"
225,1,45,"RG","SE"
168,1,45,"RG","SE"
276,3,45,"RG","SE"
483,5,45,"RG","SE"
160,1,45,"RG","SE"
466,1,45,"RG","SE"
115,1,45,"RG","SE"
363,2,45,"RG","SE"
538,2,45,"RG","SE"
480,6,45,"RG","SE"
12,11,45,"RG","SE"
257,1,45,"RG","SE"
438,6,45,"RG","SE"
110,1,45,"RG","SE"
309,1,45,"RG","SE"
354,2,45,"RG","SE"
38,3,45,"RG","SE"
243,2,45,"RG","SE"
285,3,46,"RG","SE"
20,7,46,"RG","SE"
376,3,46,"RG","SE"
517,6,46,"RG","SE"
153,1,46,"RG","SE"
13,1,46,"RG","SE"
27,2,46,"RG","SE"
332,1,46,"RG","SE"
196,2,46,"RG","SE"
22,4,46,"RG","SE"
277,1,46,"RG","SE"
310,1,46,"RG","SE"
125,1,46,"RG","SE"
528,5,46,"RG","SE"
38,3,46,"RG","SE"
124,4,46,"RG","SE"
410,2,46,"RG","SE"
26,59,46,"RG","SE"
252,2,46,"RG","SE"
242,1,46,"RG","SE"
237,1,46,"RG","SE"
369,2,46,"RG","SE"
509,3,46,"RG","SE"
85,15,46,"RG","SE"
166,1,46,"RG","SE"
519,3,46,"RG","SE"
116,1,46,"RG","SE"
279,1,46,"RG","SE"
470,5,46,"RG","SE"
5,4,46,"RG","SE"
110,1,46,"RG","SE"
170,1,46,"RG","SE"
175,1,46,"RG","SE"
169,1,46,"RG","SE"
426,4,46,"RG","SE"
64,9,46,"RG","SE"
28,50,46,"RG","SE"
198,2,46,"RG","SE"
191,1,46,"RG","SE"
245,1,46,"RG","SE"
147,1,46,"RG","SE"
259,6,46,"RG","SE"
10,1,46,"RG","SE"
392,1,46,"RG","SE"
486,5,46,"RG","SE"
185,1,46,"RG","SE"
261,3,46,"RG","SE"
352,2,46,"RG","SE"
57,9,46,"RG","SE"
467,4,46,"RG","SE"
422,4,46,"RG","SE"
32,6,46,"RG","SE"
282,1,46,"RG","SE"
455,3,46,"RG","SE"
302,2,46,"RG","SE"
541,8,46,"RG","SE"
401,1,46,"RG","SE"
374,2,46,"RG","SE"
242,1,47,"RG","SE"
368,1,47,"RG","SE"
470,5,47,"RG","SE"
301,1,47,"RG","SE"
489,4,47,"RG","SE"
426,4,47,"RG","SE"
430,1,47,"RG","SE"
548,1,47,"RG","SE"
520,2,47,"RG","SE"
214,1,47,"RG","SE"
123,4,47,"RG","SE"
304,2,47,"RG","SE"
142,1,47,"RG","SE"
533,5,47,"RG","SE"
183,3,47,"RG","SE"
463,1,47,"RG","SE"
49,1,47,"RG","SE"
506,7,47,"RG","SE"
357,1,47,"RG","SE"
76,4,47,"RG","SE"
336,1,47,"RG","SE"
57,9,47,"RG","SE"
392,1,47,"RG","SE"
482,5,47,"RG","SE"
465,1,47,"RG","SE"
397,1,47,"RG","SE"
32,6,47,"RG","SE"
479,6,47,"RG","SE"
498,25,47,"RG","SE"
363,2,47,"RG","SE"
493,7,47,"RG","SE"
89,1,47,"RG","SE"
494,8,47,"RG","SE"
387,1,47,"RG","SE"
160,1,47,"RG","SE"
124,4,47,"RG","SE"
125,1,47,"RG","SE"
291,1,47,"RG","SE"
61,50,47,"RG","SE"
326,2,47,"RG","SE"
44,30,47,"RG","SE"
344,1,47,"RG","SE"
445,10,47,"RG","SE"
410,2,47,"RG","SE"
193,2,47,"RG","SE"
328,1,47,"RG","SE"
354,2,47,"RG","SE"
439,1,47,"RG","SE"
26,59,47,"RG","SE"
540,8,47,"RG","SE"
264,1,47,"RG","SE"
352,2,47,"RG","SE"
436,1,47,"RG","SE"
370,1,47,"RG","SE"
175,1,47,"RG","SE"
378,1,47,"RG","SE"
484,4,47,"RG","SE"
457,2,47,"RG","SE"
322,3,48,"RG","SE"
78,21,48,"RG","SE"
480,6,48,"RG","SE"
277,1,48,"RG","SE"
219,1,48,"RG","SE"
282,1,48,"RG","SE"
343,9,48,"RG","SE"
305,1,48,"RG","SE"
61,50,48,"RG","SE"
179,12,48,"RG","SE"
128,1,48,"RG","SE"
22,4,48,"RG","SE"
445,10,48,"RG","SE"
248,5,48,"RG","SE"
245,1,48,"RG","SE"
207,1,48,"RG","SE"
273,1,48,"RG","SE"
222,2,48,"RG","SE"
524,2,48,"RG","SE"
147,1,48,"RG","SE"
474,1,48,"RG","SE"
158,3,48,"RG","SE"
301,1,48,"RG","SE"
506,7,48,"RG","SE"
504,10,48,"RG","SE"
349,1,48,"RG","SE"
466,1,48,"RG","SE"
372,1,48,"RG","SE"
65,4,48,"RG","SE"
425,4,48,"RG","SE"
471,3,48,"RG","SE"
493,7,48,"RG","SE"
25,1,48,"RG","SE"
140,1,48,"RG","SE"
242,1,48,"RG","SE"
548,1,48,"RG","SE"
294,3,48,"RG","SE"
12,11,48,"RG","SE"
470,5,48,"RG","SE"
157,1,48,"RG","SE"
447,4,48,"RG","SE"
198,2,48,"RG","SE"
173,2,48,"RG","SE"
330,1,48,"RG","SE"
397,1,48,"RG","SE"
284,1,48,"RG","SE"
202,1,48,"RG","SE"
515,4,48,"RG","SE"
141,2,48,"RG","SE"
116,1,48,"RG","SE"
431,1,48,"RG","SE"
502,7,48,"RG","SE"
64,9,48,"RG","SE"
326,2,48,"RG","SE"
465,1,48,"RG","SE"
501,17,48,"RG","SE"
302,2,48,"RG","SE"
54,39,48,"RG","SE"
22,4,49,"RG","SE"
433,2,49,"RG","SE"
91,5,49,"RG","SE"
378,1,49,"RG","SE"
482,5,49,"RG","SE"
352,2,49,"RG","SE"
532,5,49,"RG","SE"
19,5,49,"RG","SE"
430,1,49,"RG","SE"
249,2,49,"RG","SE"
313,3,49,"RG","SE"
15,2,49,"RG","SE"
369,2,49,"RG","SE"
264,1,49,"RG","SE"
317,2,49,"RG","SE"
108,1,49,"RG","SE"
14,30,49,"RG","SE"
534,3,49,"RG","SE"
149,1,49,"RG","SE"
361,3,49,"RG","SE"
20,7,49,"RG","SE"
185,1,49,"RG","SE"
65,4,49,"RG","SE"
284,1,49,"RG","SE"
376,3,49,"RG","SE"
277,1,49,"RG","SE"
286,1,49,"RG","SE"
166,1,49,"RG","SE"
248,5,49,"RG","SE"
494,8,49,"RG","SE"
470,5,49,"RG","SE"
425,4,49,"RG","SE"
12,11,49,"RG","SE"
319,1,49,"RG","SE"
463,1,49,"RG","SE"
504,10,49,"RG","SE"
175,1,49,"RG","SE"
223,1,49,"RG","SE"
16,3,49,"RG","SE"
198,2,49,"RG","SE"
54,39,49,"RG","SE"
527,8,49,"RG","SE"
380,2,49,"RG","SE"
354,2,49,"RG","SE"
437,1,49,"RG","SE"
155,1,49,"RG","SE"
25,1,49,"RG","SE"
486,5,49,"RG","SE"
225,1,49,"RG","SE"
496,22,49,"RG","SE"
528,5,49,"RG","SE"
469,5,49,"RG","SE"
523,4,49,"RG","SE"
515,4,49,"RG","SE"
57,9,49,"RG","SE"
322,3,49,"RG","SE"
417,1,49,"RG","SE"
38,3,49,"RG","SE"
351,1,50,"RG","SE"
112,4,50,"RG","SE"
45,1,50,"RG","SE"
160,1,50,"RG","SE"
504,10,50,"RG","SE"
326,2,50,"RG","SE"
169,1,50,"RG","SE"
309,1,50,"RG","SE"
106,1,50,"RG","SE"
532,5,50,"RG","SE"
123,4,50,"RG","SE"
187,1,50,"RG","SE"
61,50,50,"RG","SE"
465,1,50,"RG","SE"
418,1,50,"RG","SE"
394,1,50,"RG","SE"
158,3,50,"RG","SE"
516,4,50,"RG","SE"
368,1,50,"RG","SE"
520,2,50,"RG","SE"
480,6,50,"RG","SE"
349,1,50,"RG","SE"
310,1,50,"RG","SE"
85,15,50,"RG","SE"
336,1,50,"RG","SE"
505,11,50,"RG","SE"
467,4,50,"RG","SE"
487,4,50,"RG","SE"
214,1,50,"RG","SE"
243,2,50,"RG","SE"
140,1,50,"RG","SE"
142,1,50,"RG","SE"
541,8,50,"RG","SE"
382,1,50,"RG","SE"
10,1,50,"RG","SE"
392,1,50,"RG","SE"
32,6,50,"RG","SE"
458,1,50,"RG","SE"
422,4,50,"RG","SE"
517,6,50,"RG","SE"
404,1,50,"RG","SE"
115,1,50,"RG","SE"
190,1,50,"RG","SE"
111,1,50,"RG","SE"
7,21,50,"RG","SE"
387,1,50,"RG","SE"
15,2,50,"RG","SE"
148,1,50,"RG","SE"
313,3,50,"RG","SE"
20,7,50,"RG","SE"
447,4,50,"RG","SE"
196,2,50,"RG","SE"
361,3,50,"RG","SE"
144,1,50,"RG","SE"
80,6,50,"RG","SE"
124,4,50,"RG","SE"
44,30,50,"RG","SE"
33,12,50,"RG","SE"
534,3,51,"RG","SE"
198,2,51,"RG","SE"
399,1,51,"RG","SE"
168,1,51,"RG","SE"
340,1,51,"RG","SE"
273,1,51,"RG","SE"
268,1,51,"RG","SE"
539,1,51,"RG","SE"
277,1,51,"RG","SE"
404,1,51,"RG","SE"
38,3,51,"RG","SE"
535,3,51,"RG","SE"
498,25,51,"RG","SE"
196,2,51,"RG","SE"
461,1,51,"RG","SE"
309,1,51,"RG","SE"
185,1,51,"RG","SE"
505,11,51,"RG","SE"
171,1,51,"RG","SE"
366,1,51,"RG","SE"
119,1,51,"RG","SE"
72,9,51,"RG","SE"
372,1,51,"RG","SE"
482,5,51,"RG","SE"
506,7,51,"RG","SE"
20,7,51,"RG","SE"
26,59,51,"RG","SE"
194,1,51,"RG","SE"
186,2,51,"RG","SE"
11,27,51,"RG","SE"
89,1,51,"RG","SE"
430,1,51,"RG","SE"
183,3,51,"RG","SE"
51,2,51,"RG","SE"
65,4,51,"RG","SE"
285,3,51,"RG","SE"
101,1,51,"RG","SE"
235,1,51,"RG","SE"
490,4,51,"RG","SE"
28,50,51,"RG","SE"
147,1,51,"RG","SE"
87,1,51,"RG","SE"
488,6,51,"RG","SE"
248,5,51,"RG","SE"
143,1,51,"RG","SE"
523,4,51,"RG","SE"
389,3,51,"RG","SE"
144,1,51,"RG","SE"
489,4,51,"RG","SE"
419,1,51,"RG","SE"
301,1,51,"RG","SE"
76,4,51,"RG","SE"
278,1,51,"RG","SE"
214,1,51,"RG","SE"
538,2,51,"RG","SE"
15,2,51,"RG","SE"
519,3,51,"RG","SE"
344,1,51,"RG","SE"
160,1,52,"RG","SE"
183,3,52,"RG","SE"
358,16,52,"RG","SE"
257,1,52,"RG","SE"
352,2,52,"RG","SE"
235,1,52,"RG","SE"
119,1,52,"RG","SE"
269,1,52,"RG","SE"
101,1,52,"RG","SE"
264,1,52,"RG","SE"
481,2,52,"RG","SE"
357,1,52,"RG","SE"
296,1,52,"RG","SE"
123,4,52,"RG","SE"
404,1,52,"RG","SE"
515,4,52,"RG","SE"
277,1,52,"RG","SE"
232,4,52,"RG","SE"
145,1,52,"RG","SE"
377,2,52,"RG","SE"
83,2,52,"RG","SE"
368,1,52,"RG","SE"
330,1,52,"RG","SE"
103,1,52,"RG","SE"
13,1,52,"RG","SE"
422,4,52,"RG","SE"
124,4,52,"RG","SE"
10,1,52,"RG","SE"
421,4,52,"RG","SE"
433,2,52,"RG","SE"
502,7,52,"RG","SE"
349,1,52,"RG","SE"
158,3,52,"RG","SE"
42,1,52,"RG","SE"
278,1,52,"RG","SE"
508,14,52,"RG","SE"
313,3,52,"RG","SE"
302,2,52,"RG","SE"
528,5,52,"RG","SE"
466,1,52,"RG","SE"
544,1,52,"RG","SE"
374,2,52,"RG","SE"
370,1,52,"RG","SE"
284,1,52,"RG","SE"
151,1,52,"RG","SE"
447,4,52,"RG","SE"
456,1,52,"RG","SE"
538,2,52,"RG","SE"
276,3,52,"RG","SE"
483,5,52,"RG","SE"
326,2,52,"RG","SE"
541,8,52,"RG","SE"
348,2,52,"RG","SE"
399,1,52,"RG","SE"
223,1,52,"RG","SE"
285,3,52,"RG","SE"
545,1,52,"RG","SE"
340,1,52,"RG","SE"
501,17,53,"RG","SE"
538,2,53,"RG","SE"
225,1,53,"RG","SE"
482,5,53,"RG","SE"
148,1,53,"RG","SE"
157,1,53,"RG","SE"
4,5,53,"RG","SE"
426,4,53,"RG","SE"
376,3,53,"RG","SE"
223,1,53,"RG","SE"
248,5,53,"RG","SE"
129,2,53,"RG","SE"
283,1,53,"RG","SE"
534,3,53,"RG","SE"
244,3,53,"RG","SE"
222,2,53,"RG","SE"
354,2,53,"RG","SE"
80,6,53,"RG","SE"
173,2,53,"RG","SE"
533,5,53,"RG","SE"
20,7,53,"RG","SE"
326,2,53,"RG","SE"
282,1,53,"RG","SE"
153,1,53,"RG","SE"
15,2,53,"RG","SE"
535,3,53,"RG","SE"
496,22,53,"RG","SE"
363,2,53,"RG","SE"
138,2,53,"RG","SE"
142,1,53,"RG","SE"
21,7,53,"RG","SE"
124,4,53,"RG","SE"
422,4,53,"RG","SE"
203,1,53,"RG","SE"
22,4,53,"RG","SE"
25,1,53,"RG","SE"
45,1,53,"RG","SE"
285,3,53,"RG","SE"
370,1,53,"RG","SE"
264,1,53,"RG","SE"
348,2,53,"RG","SE"
520,2,53,"RG","SE"
191,1,53,"RG","SE"
32,6,53,"RG","SE"
284,1,53,"RG","SE"
489,4,53,"RG","SE"
312,1,53,"RG","SE"
526,2,53,"RG","SE"
545,1,53,"RG","SE"
198,2,53,"RG","SE"
516,4,53,"RG","SE"
125,1,53,"RG","SE"
319,1,53,"RG","SE"
259,6,53,"RG","SE"
447,4,53,"RG","SE"
175,1,53,"RG","SE"
27,2,53,"RG","SE"
273,1,53,"RG","SE"
363,2,54,"RG","SE"
142,1,54,"RG","SE"
20,7,54,"RG","SE"
377,2,54,"RG","SE"
533,5,54,"RG","SE"
64,9,54,"RG","SE"
87,1,54,"RG","SE"
285,3,54,"RG","SE"
481,2,54,"RG","SE"
80,6,54,"RG","SE"
378,1,54,"RG","SE"
255,1,54,"RG","SE"
38,3,54,"RG","SE"
490,4,54,"RG","SE"
254,1,54,"RG","SE"
168,1,54,"RG","SE"
479,6,54,"RG","SE"
129,2,54,"RG","SE"
12,11,54,"RG","SE"
425,4,54,"RG","SE"
467,4,54,"RG","SE"
457,2,54,"RG","SE"
250,1,54,"RG","SE"
501,17,54,"RG","SE"
202,1,54,"RG","SE"
49,1,54,"RG","SE"
247,3,54,"RG","SE"
531,2,54,"RG","SE"
151,1,54,"RG","SE"
269,1,54,"RG","SE"
158,3,54,"RG","SE"
482,5,54,"RG","SE"
7,21,54,"RG","SE"
170,1,54,"RG","SE"
525,9,54,"RG","SE"
13,1,54,"RG","SE"
83,2,54,"RG","SE"
392,1,54,"RG","SE"
404,1,54,"RG","SE"
155,1,54,"RG","SE"
286,1,54,"RG","SE"
282,1,54,"RG","SE"
502,7,54,"RG","SE"
108,1,54,"RG","SE"
387,1,54,"RG","SE"
179,12,54,"RG","SE"
242,1,54,"RG","SE"
462,1,54,"RG","SE"
105,1,54,"RG","SE"
111,1,54,"RG","SE"
486,5,54,"RG","SE"
166,1,54,"RG","SE"
123,4,54,"RG","SE"
138,2,54,"RG","SE"
140,1,54,"RG","SE"
91,5,54,"RG","SE"
228,1,54,"RG","SE"
67,9,54,"RG","SE"
296,1,55,"RG","SE"
445,10,55,"RG","SE"
123,4,55,"RG","SE"
458,1,55,"RG","SE"
544,1,55,"RG","SE"
506,7,55,"RG","SE"
541,8,55,"RG","SE"
203,1,55,"RG","SE"
80,6,55,"RG","SE"
38,3,55,"RG","SE"
269,1,55,"RG","SE"
367,2,55,"RG","SE"
488,6,55,"RG","SE"
11,27,55,"RG","SE"
145,1,55,"RG","SE"
22,4,55,"RG","SE"
374,2,55,"RG","SE"
309,1,55,"RG","SE"
527,8,55,"RG","SE"
524,2,55,"RG","SE"
258,1,55,"RG","SE"
235,1,55,"RG","SE"
481,2,55,"RG","SE"
413,1,55,"RG","SE"
115,1,55,"RG","SE"
283,1,55,"RG","SE"
44,30,55,"RG","SE"
169,1,55,"RG","SE"
245,1,55,"RG","SE"
469,5,55,"RG","SE"
534,3,55,"RG","SE"
54,39,55,"RG","SE"
519,3,55,"RG","SE"
369,2,55,"RG","SE"
160,1,55,"RG","SE"
252,2,55,"RG","SE"
376,3,55,"RG","SE"
170,1,55,"RG","SE"
455,3,55,"RG","SE"
312,1,55,"RG","SE"
173,2,55,"RG","SE"
196,2,55,"RG","SE"
89,1,55,"RG","SE"
67,9,55,"RG","SE"
111,1,55,"RG","SE"
244,3,55,"RG","SE"
441,1,55,"RG","SE"
548,1,55,"RG","SE"
528,5,55,"RG","SE"
322,3,55,"RG","SE"
276,3,55,"RG","SE"
285,3,55,"RG","SE"
545,1,55,"RG","SE"
243,2,55,"RG","SE"
351,1,55,"RG","SE"
395,1,55,"RG","SE"
483,5,55,"RG","SE"
228,1,55,"RG","SE"
173,2,56,"RG","SE"
20,7,56,"RG","SE"
78,21,56,"RG","SE"
61,50,56,"RG","SE"
123,4,56,"RG","SE"
509,3,56,"RG","SE"
481,2,56,"RG","SE"
304,2,56,"RG","SE"
235,1,56,"RG","SE"
17,5,56,"RG","SE"
488,6,56,"RG","SE"
437,1,56,"RG","SE"
413,1,56,"RG","SE"
318,3,56,"RG","SE"
277,1,56,"RG","SE"
228,1,56,"RG","SE"
397,1,56,"RG","SE"
435,2,56,"RG","SE"
431,1,56,"RG","SE"
279,1,56,"RG","SE"
358,16,56,"RG","SE"
33,12,56,"RG","SE"
76,4,56,"RG","SE"
418,1,56,"RG","SE"
166,1,56,"RG","SE"
401,1,56,"RG","SE"
540,8,56,"RG","SE"
57,9,56,"RG","SE"
340,1,56,"RG","SE"
130,1,56,"RG","SE"
170,1,56,"RG","SE"
45,1,56,"RG","SE"
116,1,56,"RG","SE"
422,4,56,"RG","SE"
273,1,56,"RG","SE"
430,1,56,"RG","SE"
433,2,56,"RG","SE"
11,27,56,"RG","SE"
147,1,56,"RG","SE"
3,5,56,"RG","SE"
32,6,56,"RG","SE"
83,2,56,"RG","SE"
25,1,56,"RG","SE"
351,1,56,"RG","SE"
531,2,56,"RG","SE"
108,1,56,"RG","SE"
328,1,56,"RG","SE"
308,2,56,"RG","SE"
207,1,56,"RG","SE"
505,11,56,"RG","SE"
368,1,56,"RG","SE"
194,1,56,"RG","SE"
291,1,56,"RG","SE"
469,5,56,"RG","SE"
258,1,56,"RG","SE"
283,1,56,"RG","SE"
366,1,56,"RG","SE"
168,1,56,"RG","SE"
284,1,57,"RG","SE"
276,3,57,"RG","SE"
496,22,57,"RG","SE"
190,1,57,"RG","SE"
447,4,57,"RG","SE"
340,1,57,"RG","SE"
20,7,57,"RG","SE"
504,10,57,"RG","SE"
344,1,57,"RG","SE"
45,1,57,"RG","SE"
436,1,57,"RG","SE"
22,4,57,"RG","SE"
455,3,57,"RG","SE"
105,1,57,"RG","SE"
175,1,57,"RG","SE"
440,1,57,"RG","SE"
354,2,57,"RG","SE"
266,1,57,"RG","SE"
516,4,57,"RG","SE"
318,3,57,"RG","SE"
194,1,57,"RG","SE"
498,25,57,"RG","SE"
222,2,57,"RG","SE"
458,1,57,"RG","SE"
433,2,57,"RG","SE"
535,3,57,"RG","SE"
469,5,57,"RG","SE"
116,1,57,"RG","SE"
294,3,57,"RG","SE"
185,1,57,"RG","SE"
372,1,57,"RG","SE"
322,3,57,"RG","SE"
488,6,57,"RG","SE"
26,59,57,"RG","SE"
10,1,57,"RG","SE"
378,1,57,"RG","SE"
252,2,57,"RG","SE"
545,1,57,"RG","SE"
128,1,57,"RG","SE"
179,12,57,"RG","SE"
261,3,57,"RG","SE"
422,4,57,"RG","SE"
415,1,57,"RG","SE"
343,9,57,"RG","SE"
155,1,57,"RG","SE"
61,50,57,"RG","SE"
392,1,57,"RG","SE"
303,6,57,"RG","SE"
470,5,57,"RG","SE"
68,5,57,"RG","SE"
348,2,57,"RG","SE"
170,1,57,"RG","SE"
502,7,57,"RG","SE"
235,1,57,"RG","SE"
13,1,57,"RG","SE"
369,2,57,"RG","SE"
129,2,57,"RG","SE"
183,3,57,"RG","SE"
76,4,58,"RG","SE"
425,4,58,"RG","SE"
80,6,58,"RG","SE"
219,1,58,"RG","SE"
266,1,58,"RG","SE"
487,4,58,"RG","SE"
494,8,58,"RG","SE"
158,3,58,"RG","SE"
540,8,58,"RG","SE"
378,1,58,"RG","SE"
515,4,58,"RG","SE"
125,1,58,"RG","SE"
294,3,58,"RG","SE"
19,5,58,"RG","SE"
340,1,58,"RG","SE"
437,1,58,"RG","SE"
122,2,58,"RG","SE"
471,3,58,"RG","SE"
144,1,58,"RG","SE"
237,1,58,"RG","SE"
104,2,58,"RG","SE"
284,1,58,"RG","SE"
508,14,58,"RG","SE"
235,1,58,"RG","SE"
463,1,58,"RG","SE"
186,2,58,"RG","SE"
505,11,58,"RG","SE"
330,1,58,"RG","SE"
348,2,58,"RG","SE"
519,3,58,"RG","SE"
15,2,58,"RG","SE"
317,2,58,"RG","SE"
115,1,58,"RG","SE"
199,1,58,"RG","SE"
535,3,58,"RG","SE"
42,1,58,"RG","SE"
141,2,58,"RG","SE"
258,1,58,"RG","SE"
268,1,58,"RG","SE"
433,2,58,"RG","SE"
278,1,58,"RG","SE"
520,2,58,"RG","SE"
11,27,58,"RG","SE"
78,21,58,"RG","SE"
457,2,58,"RG","SE"
179,12,58,"RG","SE"
105,1,58,"RG","SE"
91,5,58,"RG","SE"
326,2,58,"RG","SE"
194,1,58,"RG","SE"
155,1,58,"RG","SE"
138,2,58,"RG","SE"
439,1,58,"RG","SE"
143,1,58,"RG","SE"
269,1,58,"RG","SE"
5,4,58,"RG","SE"
466,1,58,"RG","SE"
149,1,58,"RG","SE"
186,2,59,"RG","SE"
387,1,59,"RG","SE"
277,1,59,"RG","SE"
142,1,59,"RG","SE"
514,6,59,"RG","SE"
516,4,59,"RG","SE"
108,1,59,"RG","SE"
441,1,59,"RG","SE"
447,4,59,"RG","SE"
51,2,59,"RG","SE"
358,16,59,"RG","SE"
123,4,59,"RG","SE"
173,2,59,"RG","SE"
524,2,59,"RG","SE"
45,1,59,"RG","SE"
301,1,59,"RG","SE"
354,2,59,"RG","SE"
44,30,59,"RG","SE"
242,1,59,"RG","SE"
128,1,59,"RG","SE"
506,7,59,"RG","SE"
28,50,59,"RG","SE"
144,1,59,"RG","SE"
517,6,59,"RG","SE"
283,1,59,"RG","SE"
67,9,59,"RG","SE"
399,1,59,"RG","SE"
498,25,59,"RG","SE"
505,11,59,"RG","SE"
278,1,59,"RG","SE"
68,5,59,"RG","SE"
390,1,59,"RG","SE"
461,1,59,"RG","SE"
13,1,59,"RG","SE"
369,2,59,"RG","SE"
7,21,59,"RG","SE"
49,1,59,"RG","SE"
155,1,59,"RG","SE"
76,4,59,"RG","SE"
523,4,59,"RG","SE"
415,1,59,"RG","SE"
527,8,59,"RG","SE"
308,2,59,"RG","SE"
500,22,59,"RG","SE"
317,2,59,"RG","SE"
19,5,59,"RG","SE"
64,9,59,"RG","SE"
532,5,59,"RG","SE"
419,1,59,"RG","SE"
544,1,59,"RG","SE"
143,1,59,"RG","SE"
469,5,59,"RG","SE"
145,1,59,"RG","SE"
326,2,59,"RG","SE"
422,4,59,"RG","SE"
235,1,59,"RG","SE"
91,5,59,"RG","SE"
533,5,59,"RG","SE"
207,1,60,"RG","SE"
15,2,60,"RG","SE"
264,1,60,"RG","SE"
309,1,60,"RG","SE"
368,1,60,"RG","SE"
326,2,60,"RG","SE"
203,1,60,"RG","SE"
452,1,60,"RG","SE"
10,1,60,"RG","SE"
508,14,60,"RG","SE"
112,4,60,"RG","SE"
369,2,60,"RG","SE"
463,1,60,"RG","SE"
418,1,60,"RG","SE"
255,1,60,"RG","SE"
76,4,60,"RG","SE"
170,1,60,"RG","SE"
204,2,60,"RG","SE"
462,1,60,"RG","SE"
469,5,60,"RG","SE"
413,1,60,"RG","SE"
431,1,60,"RG","SE"
445,10,60,"RG","SE"
545,1,60,"RG","SE"
513,6,60,"RG","SE"
124,4,60,"RG","SE"
529,5,60,"RG","SE"
494,8,60,"RG","SE"
42,1,60,"RG","SE"
235,1,60,"RG","SE"
318,3,60,"RG","SE"
4,5,60,"RG","SE"
191,1,60,"RG","SE"
421,4,60,"RG","SE"
232,4,60,"RG","SE"
166,1,60,"RG","SE"
276,3,60,"RG","SE"
480,6,60,"RG","SE"
285,3,60,"RG","SE"
312,1,60,"RG","SE"
378,1,60,"RG","SE"
541,8,60,"RG","SE"
496,22,60,"RG","SE"
377,2,60,"RG","SE"
168,1,60,"RG","SE"
422,4,60,"RG","SE"
370,1,60,"RG","SE"
533,5,60,"RG","SE"
308,2,60,"RG","SE"
332,1,60,"RG","SE"
237,1,60,"RG","SE"
49,1,60,"RG","SE"
319,1,60,"RG","SE"
249,2,60,"RG","SE"
520,2,60,"RG","SE"
85,15,60,"RG","SE"
105,1,60,"RG","SE"
61,50,60,"RG","SE"
140,1,61,"RG","SE"
11,27,61,"RG","SE"
64,9,61,"RG","SE"
146,1,61,"RG","SE"
357,1,61,"RG","SE"
209,1,61,"RG","SE"
77,17,61,"RG","SE"
248,5,61,"RG","SE"
365,2,61,"RG","SE"
397,1,61,"RG","SE"
494,8,61,"RG","SE"
465,1,61,"RG","SE"
489,4,61,"RG","SE"
470,5,61,"RG","SE"
252,2,61,"RG","SE"
13,1,61,"RG","SE"
515,4,61,"RG","SE"
349,1,61,"RG","SE"
330,1,61,"RG","SE"
68,5,61,"RG","SE"
519,3,61,"RG","SE"
12,11,61,"RG","SE"
296,1,61,"RG","SE"
367,2,61,"RG","SE"
10,1,61,"RG","SE"
422,4,61,"RG","SE"
223,1,61,"RG","SE"
264,1,61,"RG","SE"
504,10,61,"RG","SE"
250,1,61,"RG","SE"
488,6,61,"RG","SE"
277,1,61,"RG","SE"
15,2,61,"RG","SE"
7,21,61,"RG","SE"
258,1,61,"RG","SE"
44,30,61,"RG","SE"
474,1,61,"RG","SE"
116,1,61,"RG","SE"
514,6,61,"RG","SE"
247,3,61,"RG","SE"
129,2,61,"RG","SE"
381,3,61,"RG","SE"
284,1,61,"RG","SE"
520,2,61,"RG","SE"
433,2,61,"RG","SE"
158,3,61,"RG","SE"
286,1,61,"RG","SE"
466,1,61,"RG","SE"
155,1,61,"RG","SE"
458,1,61,"RG","SE"
525,9,61,"RG","SE"
111,1,61,"RG","SE"
376,3,61,"RG","SE"
243,2,61,"RG","SE"
351,1,61,"RG","SE"
27,2,61,"RG","SE"
131,1,61,"RG","SE"
469,5,61,"RG","SE"
539,1,62,"RG","SE"
170,1,62,"RG","SE"
122,2,62,"RG","SE"
19,5,62,"RG","SE"
540,8,62,"RG","SE"
541,8,62,"RG","SE"
436,1,62,"RG","SE"
344,1,62,"RG","SE"
426,4,62,"RG","SE"
471,3,62,"RG","SE"
317,2,62,"RG","SE"
185,1,62,"RG","SE"
219,1,62,"RG","SE"
470,5,62,"RG","SE"
377,2,62,"RG","SE"
277,1,62,"RG","SE"
250,1,62,"RG","SE"
279,1,62,"RG","SE"
439,1,62,"RG","SE"
319,1,62,"RG","SE"
282,1,62,"RG","SE"
255,1,62,"RG","SE"
76,4,62,"RG","SE"
86,2,62,"RG","SE"
477,4,62,"RG","SE"
404,1,62,"RG","SE"
21,7,62,"RG","SE"
253,1,62,"RG","SE"
129,2,62,"RG","SE"
119,1,62,"RG","SE"
160,1,62,"RG","SE"
382,1,62,"RG","SE"
440,1,62,"RG","SE"
147,1,62,"RG","SE"
526,2,62,"RG","SE"
399,1,62,"RG","SE"
199,1,62,"RG","SE"
336,1,62,"RG","SE"
3,5,62,"RG","SE"
294,3,62,"RG","SE"
529,5,62,"RG","SE"
85,15,62,"RG","SE"
44,30,62,"RG","SE"
548,1,62,"RG","SE"
523,4,62,"RG","SE"
203,1,62,"RG","SE"
425,4,62,"RG","SE"
302,2,62,"RG","SE"
151,1,62,"RG","SE"
186,2,62,"RG","SE"
505,11,62,"RG","SE"
369,2,62,"RG","SE"
64,9,62,"RG","SE"
467,4,62,"RG","SE"
168,1,62,"RG","SE"
72,9,62,"RG","SE"
248,5,62,"RG","SE"
305,1,62,"RG","SE"
447,4,63,"RG","SE"
431,1,63,"RG","SE"
28,50,63,"RG","SE"
76,4,63,"RG","SE"
131,1,63,"RG","SE"
425,4,63,"RG","SE"
336,1,63,"RG","SE"
508,14,63,"RG","SE"
194,1,63,"RG","SE"
259,6,63,"RG","SE"
544,1,63,"RG","SE"
421,4,63,"RG","SE"
285,3,63,"RG","SE"
500,22,63,"RG","SE"
119,1,63,"RG","SE"
309,1,63,"RG","SE"
26,59,63,"RG","SE"
228,1,63,"RG","SE"
378,1,63,"RG","SE"
487,4,63,"RG","SE"
164,6,63,"RG","SE"
72,9,63,"RG","SE"
83,2,63,"RG","SE"
358,16,63,"RG","SE"
45,1,63,"RG","SE"
123,4,63,"RG","SE"
253,1,63,"RG","SE"
160,1,63,"RG","SE"
158,3,63,"RG","SE"
19,5,63,"RG","SE"
531,2,63,"RG","SE"
369,2,63,"RG","SE"
268,1,63,"RG","SE"
223,1,63,"RG","SE"
367,2,63,"RG","SE"
455,3,63,"RG","SE"
476,1,63,"RG","SE"
345,1,63,"RG","SE"
457,2,63,"RG","SE"
456,1,63,"RG","SE"
147,1,63,"RG","SE"
16,3,63,"RG","SE"
191,1,63,"RG","SE"
235,1,63,"RG","SE"
474,1,63,"RG","SE"
496,22,63,"RG","SE"
351,1,63,"RG","SE"
247,3,63,"RG","SE"
318,3,63,"RG","SE"
380,2,63,"RG","SE"
103,1,63,"RG","SE"
361,3,63,"RG","SE"
21,7,63,"RG","SE"
20,7,63,"RG","SE"
516,4,63,"RG","SE"
419,1,63,"RG","SE"
525,9,63,"RG","SE"
5,4,63,"RG","SE"
286,1,64,"RG","SE"
173,2,64,"RG","SE"
14,30,64,"RG","SE"
223,1,64,"RG","SE"
471,3,64,"RG","SE"
415,1,64,"RG","SE"
462,1,64,"RG","SE"
526,2,64,"RG","SE"
164,6,64,"RG","SE"
437,1,64,"RG","SE"
5,4,64,"RG","SE"
111,1,64,"RG","SE"
501,17,64,"RG","SE"
130,1,64,"RG","SE"
508,14,64,"RG","SE"
196,2,64,"RG","SE"
27,2,64,"RG","SE"
77,17,64,"RG","SE"
392,1,64,"RG","SE"
49,1,64,"RG","SE"
268,1,64,"RG","SE"
291,1,64,"RG","SE"
106,1,64,"RG","SE"
190,1,64,"RG","SE"
64,9,64,"RG","SE"
486,5,64,"RG","SE"
541,8,64,"RG","SE"
534,3,64,"RG","SE"
249,2,64,"RG","SE"
469,5,64,"RG","SE"
319,1,64,"RG","SE"
191,1,64,"RG","SE"
296,1,64,"RG","SE"
266,1,64,"RG","SE"
349,1,64,"RG","SE"
425,4,64,"RG","SE"
124,4,64,"RG","SE"
204,2,64,"RG","SE"
123,4,64,"RG","SE"
255,1,64,"RG","SE"
247,3,64,"RG","SE"
340,1,64,"RG","SE"
304,2,64,"RG","SE"
354,2,64,"RG","SE"
374,2,64,"RG","SE"
336,1,64,"RG","SE"
131,1,64,"RG","SE"
389,3,64,"RG","SE"
28,50,64,"RG","SE"
456,1,64,"RG","SE"
417,1,64,"RG","SE"
318,3,64,"RG","SE"
20,7,64,"RG","SE"
422,4,64,"RG","SE"
317,2,64,"RG","SE"
343,9,64,"RG","SE"
433,2,64,"RG","SE"
16,3,64,"RG","SE"
309,1,65,"RG","SE"
10,1,65,"RG","SE"
126,3,65,"RG","SE"
490,4,65,"RG","SE"
370,1,65,"RG","SE"
25,1,65,"RG","SE"
318,3,65,"RG","SE"
547,1,65,"RG","SE"
378,1,65,"RG","SE"
44,30,65,"RG","SE"
22,4,65,"RG","SE"
340,1,65,"RG","SE"
415,1,65,"RG","SE"
3,5,65,"RG","SE"
513,6,65,"RG","SE"
467,4,65,"RG","SE"
312,1,65,"RG","SE"
191,1,65,"RG","SE"
145,1,65,"RG","SE"
78,21,65,"RG","SE"
301,1,65,"RG","SE"
357,1,65,"RG","SE"
85,15,65,"RG","SE"
222,2,65,"RG","SE"
506,7,65,"RG","SE"
42,1,65,"RG","SE"
296,1,65,"RG","SE"
538,2,65,"RG","SE"
531,2,65,"RG","SE"
380,2,65,"RG","SE"
65,4,65,"RG","SE"
157,1,65,"RG","SE"
146,1,65,"RG","SE"
417,1,65,"RG","SE"
122,2,65,"RG","SE"
243,2,65,"RG","SE"
431,1,65,"RG","SE"
520,2,65,"RG","SE"
276,3,65,"RG","SE"
479,6,65,"RG","SE"
7,21,65,"RG","SE"
501,17,65,"RG","SE"
142,1,65,"RG","SE"
477,4,65,"RG","SE"
488,6,65,"RG","SE"
544,1,65,"RG","SE"
108,1,65,"RG","SE"
517,6,65,"RG","SE"
198,2,65,"RG","SE"
525,9,65,"RG","SE"
124,4,65,"RG","SE"
438,6,65,"RG","SE"
305,1,65,"RG","SE"
179,12,65,"RG","SE"
317,2,65,"RG","SE"
345,1,65,"RG","SE"
194,1,65,"RG","SE"
244,3,65,"RG","SE"
463,1,66,"RG","SE"
126,3,66,"RG","SE"
183,3,66,"RG","SE"
106,1,66,"RG","SE"
498,25,66,"RG","SE"
237,1,66,"RG","SE"
539,1,66,"RG","SE"
462,1,66,"RG","SE"
54,39,66,"RG","SE"
531,2,66,"RG","SE"
305,1,66,"RG","SE"
332,1,66,"RG","SE"
279,1,66,"RG","SE"
27,2,66,"RG","SE"
470,5,66,"RG","SE"
436,1,66,"RG","SE"
141,2,66,"RG","SE"
524,2,66,"RG","SE"
4,5,66,"RG","SE"
250,1,66,"RG","SE"
312,1,66,"RG","SE"
480,6,66,"RG","SE"
534,3,66,"RG","SE"
11,27,66,"RG","SE"
103,1,66,"RG","SE"
344,1,66,"RG","SE"
269,1,66,"RG","SE"
363,2,66,"RG","SE"
439,1,66,"RG","SE"
286,1,66,"RG","SE"
129,2,66,"RG","SE"
80,6,66,"RG","SE"
277,1,66,"RG","SE"
535,3,66,"RG","SE"
326,2,66,"RG","SE"
259,6,66,"RG","SE"
116,1,66,"RG","SE"
476,1,66,"RG","SE"
392,1,66,"RG","SE"
322,3,66,"RG","SE"
36,3,66,"RG","SE"
20,7,66,"RG","SE"
523,4,66,"RG","SE"
169,1,66,"RG","SE"
232,4,66,"RG","SE"
147,1,66,"RG","SE"
303,6,66,"RG","SE"
64,9,66,"RG","SE"
111,1,66,"RG","SE"
361,3,66,"RG","SE"
204,2,66,"RG","SE"
374,2,66,"RG","SE"
28,50,66,"RG","SE"
67,9,66,"RG","SE"
441,1,66,"RG","SE"
190,1,66,"RG","SE"
381,3,66,"RG","SE"
483,5,66,"RG","SE"
140,1,67,"RG","SE"
255,1,67,"RG","SE"
222,2,67,"RG","SE"
367,2,67,"RG","SE"
418,1,67,"RG","SE"
146,1,67,"RG","SE"
36,3,67,"RG","SE"
86,2,67,"RG","SE"
204,2,67,"RG","SE"
330,1,67,"RG","SE"
500,22,67,"RG","SE"
436,1,67,"RG","SE"
13,1,67,"RG","SE"
105,1,67,"RG","SE"
422,4,67,"RG","SE"
419,1,67,"RG","SE"
532,5,67,"RG","SE"
351,1,67,"RG","SE"
520,2,67,"RG","SE"
166,1,67,"RG","SE"
344,1,67,"RG","SE"
19,5,67,"RG","SE"
284,1,67,"RG","SE"
545,1,67,"RG","SE"
438,6,67,"RG","SE"
309,1,67,"RG","SE"
20,7,67,"RG","SE"
343,9,67,"RG","SE"
363,2,67,"RG","SE"
158,3,67,"RG","SE"
458,1,67,"RG","SE"
28,50,67,"RG","SE"
141,2,67,"RG","SE"
199,1,67,"RG","SE"
533,5,67,"RG","SE"
515,4,67,"RG","SE"
42,1,67,"RG","SE"
4,5,67,"RG","SE"
389,3,67,"RG","SE"
317,2,67,"RG","SE"
486,5,67,"RG","SE"
143,1,67,"RG","SE"
268,1,67,"RG","SE"
232,4,67,"RG","SE"
540,8,67,"RG","SE"
269,1,67,"RG","SE"
266,1,67,"RG","SE"
502,7,67,"RG","SE"
87,1,67,"RG","SE"
345,1,67,"RG","SE"
387,1,67,"RG","SE"
528,5,67,"RG","SE"
312,1,67,"RG","SE"
264,1,67,"RG","SE"
128,1,67,"RG","SE"
471,3,67,"RG","SE"
279,1,67,"RG","SE"
431,1,67,"RG","SE"
149,1,68,"RG","SE"
433,2,68,"RG","SE"
185,1,68,"RG","SE"
106,1,68,"RG","SE"
509,3,68,"RG","SE"
45,1,68,"RG","SE"
225,1,68,"RG","SE"
264,1,68,"RG","SE"
361,3,68,"RG","SE"
363,2,68,"RG","SE"
510,9,68,"RG","SE"
242,1,68,"RG","SE"
498,25,68,"RG","SE"
219,1,68,"RG","SE"
78,21,68,"RG","SE"
33,12,68,"RG","SE"
49,1,68,"RG","SE"
91,5,68,"RG","SE"
501,17,68,"RG","SE"
68,5,68,"RG","SE"
425,4,68,"RG","SE"
547,1,68,"RG","SE"
157,1,68,"RG","SE"
124,4,68,"RG","SE"
447,4,68,"RG","SE"
344,1,68,"RG","SE"
401,1,68,"RG","SE"
190,1,68,"RG","SE"
250,1,68,"RG","SE"
80,6,68,"RG","SE"
247,3,68,"RG","SE"
131,1,68,"RG","SE"
357,1,68,"RG","SE"
438,6,68,"RG","SE"
119,1,68,"RG","SE"
283,1,68,"RG","SE"
103,1,68,"RG","SE"
544,1,68,"RG","SE"
483,5,68,"RG","SE"
26,59,68,"RG","SE"
244,3,68,"RG","SE"
395,1,68,"RG","SE"
526,2,68,"RG","SE"
368,1,68,"RG","SE"
108,1,68,"RG","SE"
42,1,68,"RG","SE"
381,3,68,"RG","SE"
279,1,68,"RG","SE"
500,22,68,"RG","SE"
245,1,68,"RG","SE"
196,2,68,"RG","SE"
319,1,68,"RG","SE"
32,6,68,"RG","SE"
463,1,68,"RG","SE"
203,1,68,"RG","SE"
397,1,68,"RG","SE"
410,2,68,"RG","SE"
390,1,68,"RG","SE"
517,6,69,"RG","SE"
89,1,69,"RG","SE"
389,3,69,"RG","SE"
462,1,69,"RG","SE"
143,1,69,"RG","SE"
132,1,69,"RG","SE"
476,1,69,"RG","SE"
20,7,69,"RG","SE"
203,1,69,"RG","SE"
72,9,69,"RG","SE"
519,3,69,"RG","SE"
469,5,69,"RG","SE"
458,1,69,"RG","SE"
340,1,69,"RG","SE"
194,1,69,"RG","SE"
68,5,69,"RG","SE"
535,3,69,"RG","SE"
76,4,69,"RG","SE"
140,1,69,"RG","SE"
498,25,69,"RG","SE"
305,1,69,"RG","SE"
502,7,69,"RG","SE"
401,1,69,"RG","SE"
129,2,69,"RG","SE"
108,1,69,"RG","SE"
369,2,69,"RG","SE"
286,1,69,"RG","SE"
268,1,69,"RG","SE"
527,8,69,"RG","SE"
326,2,69,"RG","SE"
481,2,69,"RG","SE"
302,2,69,"RG","SE"
27,2,69,"RG","SE"
149,1,69,"RG","SE"
438,6,69,"RG","SE"
250,1,69,"RG","SE"
445,10,69,"RG","SE"
545,1,69,"RG","SE"
466,1,69,"RG","SE"
534,3,69,"RG","SE"
319,1,69,"RG","SE"
439,1,69,"RG","SE"
158,3,69,"RG","SE"
474,1,69,"RG","SE"
214,1,69,"RG","SE"
452,1,69,"RG","SE"
457,2,69,"RG","SE"
479,6,69,"RG","SE"
318,3,69,"RG","SE"
351,1,69,"RG","SE"
441,1,69,"RG","SE"
38,3,69,"RG","SE"
14,30,69,"RG","SE"
242,1,69,"RG","SE"
349,1,69,"RG","SE"
183,3,69,"RG","SE"
500,22,69,"RG","SE"
49,1,69,"RG","SE"
357,1,70,"RG","SE"
538,2,70,"RG","SE"
143,1,70,"RG","SE"
26,59,70,"RG","SE"
65,4,70,"RG","SE"
516,4,70,"RG","SE"
187,1,70,"RG","SE"
157,1,70,"RG","SE"
336,1,70,"RG","SE"
328,1,70,"RG","SE"
540,8,70,"RG","SE"
392,1,70,"RG","SE"
7,21,70,"RG","SE"
519,3,70,"RG","SE"
57,9,70,"RG","SE"
354,2,70,"RG","SE"
477,4,70,"RG","SE"
145,1,70,"RG","SE"
268,1,70,"RG","SE"
243,2,70,"RG","SE"
431,1,70,"RG","SE"
322,3,70,"RG","SE"
5,4,70,"RG","SE"
317,2,70,"RG","SE"
490,4,70,"RG","SE"
204,2,70,"RG","SE"
363,2,70,"RG","SE"
456,1,70,"RG","SE"
222,2,70,"RG","SE"
413,1,70,"RG","SE"
389,3,70,"RG","SE"
524,2,70,"RG","SE"
245,1,70,"RG","SE"
467,4,70,"RG","SE"
430,1,70,"RG","SE"
309,1,70,"RG","SE"
76,4,70,"RG","SE"
146,1,70,"RG","SE"
539,1,70,"RG","SE"
158,3,70,"RG","SE"
447,4,70,"RG","SE"
380,2,70,"RG","SE"
191,1,70,"RG","SE"
45,1,70,"RG","SE"
466,1,70,"RG","SE"
426,4,70,"RG","SE"
153,1,70,"RG","SE"
179,12,70,"RG","SE"
183,3,70,"RG","SE"
513,6,70,"RG","SE"
374,2,70,"RG","SE"
458,1,70,"RG","SE"
505,11,70,"RG","SE"
496,22,70,"RG","SE"
418,1,70,"RG","SE"
349,1,70,"RG","SE"
523,4,70,"RG","SE"
223,1,70,"RG","SE"
547,1,71,"RG","SE"
418,1,71,"RG","SE"
305,1,71,"RG","SE"
160,1,71,"RG","SE"
255,1,71,"RG","SE"
26,59,71,"RG","SE"
438,6,71,"RG","SE"
474,1,71,"RG","SE"
252,2,71,"RG","SE"
467,4,71,"RG","SE"
243,2,71,"RG","SE"
513,6,71,"RG","SE"
7,21,71,"RG","SE"
461,1,71,"RG","SE"
520,2,71,"RG","SE"
317,2,71,"RG","SE"
368,1,71,"RG","SE"
112,4,71,"RG","SE"
130,1,71,"RG","SE"
103,1,71,"RG","SE"
303,6,71,"RG","SE"
341,2,71,"RG","SE"
147,1,71,"RG","SE"
132,1,71,"RG","SE"
64,9,71,"RG","SE"
168,1,71,"RG","SE"
54,39,71,"RG","SE"
25,1,71,"RG","SE"
291,1,71,"RG","SE"
45,1,71,"RG","SE"
462,1,71,"RG","SE"
175,1,71,"RG","SE"
494,8,71,"RG","SE"
235,1,71,"RG","SE"
203,1,71,"RG","SE"
89,1,71,"RG","SE"
312,1,71,"RG","SE"
345,1,71,"RG","SE"
486,5,71,"RG","SE"
198,2,71,"RG","SE"
124,4,71,"RG","SE"
42,1,71,"RG","SE"
22,4,71,"RG","SE"
143,1,71,"RG","SE"
245,1,71,"RG","SE"
222,2,71,"RG","SE"
456,1,71,"RG","SE"
302,2,71,"RG","SE"
258,1,71,"RG","SE"
80,6,71,"RG","SE"
439,1,71,"RG","SE"
128,1,71,"RG","SE"
61,50,71,"RG","SE"
501,17,71,"RG","SE"
415,1,71,"RG","SE"
67,9,71,"RG","SE"
363,2,71,"RG","SE"
380,2,71,"RG","SE"
138,2,72,"RG","SE"
308,2,72,"RG","SE"
422,4,72,"RG","SE"
399,1,72,"RG","SE"
437,1,72,"RG","SE"
509,3,72,"RG","SE"
533,5,72,"RG","SE"
129,2,72,"RG","SE"
4,5,72,"RG","SE"
345,1,72,"RG","SE"
255,1,72,"RG","SE"
330,1,72,"RG","SE"
480,6,72,"RG","SE"
477,4,72,"RG","SE"
110,1,72,"RG","SE"
273,1,72,"RG","SE"
470,5,72,"RG","SE"
377,2,72,"RG","SE"
294,3,72,"RG","SE"
490,4,72,"RG","SE"
191,1,72,"RG","SE"
523,4,72,"RG","SE"
310,1,72,"RG","SE"
494,8,72,"RG","SE"
259,6,72,"RG","SE"
3,5,72,"RG","SE"
354,2,72,"RG","SE"
146,1,72,"RG","SE"
458,1,72,"RG","SE"
387,1,72,"RG","SE"
17,5,72,"RG","SE"
42,1,72,"RG","SE"
527,8,72,"RG","SE"
65,4,72,"RG","SE"
15,2,72,"RG","SE"
467,4,72,"RG","SE"
21,7,72,"RG","SE"
520,2,72,"RG","SE"
102,1,72,"RG","SE"
500,22,72,"RG","SE"
284,1,72,"RG","SE"
242,1,72,"RG","SE"
431,1,72,"RG","SE"
204,2,72,"RG","SE"
80,6,72,"RG","SE"
278,1,72,"RG","SE"
322,3,72,"RG","SE"
319,1,72,"RG","SE"
538,2,72,"RG","SE"
486,5,72,"RG","SE"
77,17,72,"RG","SE"
14,30,72,"RG","SE"
64,9,72,"RG","SE"
513,6,72,"RG","SE"
279,1,72,"RG","SE"
501,17,72,"RG","SE"
340,1,72,"RG","SE"
415,1,72,"RG","SE"
252,2,73,"RG","SE"
146,1,73,"RG","SE"
102,1,73,"RG","SE"
534,3,73,"RG","SE"
452,1,73,"RG","SE"
377,2,73,"RG","SE"
13,1,73,"RG","SE"
36,3,73,"RG","SE"
296,1,73,"RG","SE"
352,2,73,"RG","SE"
268,1,73,"RG","SE"
438,6,73,"RG","SE"
187,1,73,"RG","SE"
157,1,73,"RG","SE"
51,2,73,"RG","SE"
436,1,73,"RG","SE"
14,30,73,"RG","SE"
38,3,73,"RG","SE"
12,11,73,"RG","SE"
190,1,73,"RG","SE"
463,1,73,"RG","SE"
489,4,73,"RG","SE"
312,1,73,"RG","SE"
4,5,73,"RG","SE"
457,2,73,"RG","SE"
61,50,73,"RG","SE"
145,1,73,"RG","SE"
68,5,73,"RG","SE"
494,8,73,"RG","SE"
175,1,73,"RG","SE"
110,1,73,"RG","SE"
257,1,73,"RG","SE"
547,1,73,"RG","SE"
341,2,73,"RG","SE"
516,4,73,"RG","SE"
3,5,73,"RG","SE"
282,1,73,"RG","SE"
469,5,73,"RG","SE"
273,1,73,"RG","SE"
317,2,73,"RG","SE"
508,14,73,"RG","SE"
28,50,73,"RG","SE"
27,2,73,"RG","SE"
302,2,73,"RG","SE"
318,3,73,"RG","SE"
332,1,73,"RG","SE"
194,1,73,"RG","SE"
328,1,73,"RG","SE"
381,3,73,"RG","SE"
138,2,73,"RG","SE"
64,9,73,"RG","SE"
367,2,73,"RG","SE"
228,1,73,"RG","SE"
15,2,73,"RG","SE"
390,1,73,"RG","SE"
345,1,73,"RG","SE"
399,1,73,"RG","SE"
548,1,73,"RG","SE"
520,2,74,"RG","SE"
469,5,74,"RG","SE"
285,3,74,"RG","SE"
533,5,74,"RG","SE"
455,3,74,"RG","SE"
291,1,74,"RG","SE"
479,6,74,"RG","SE"
365,2,74,"RG","SE"
68,5,74,"RG","SE"
368,1,74,"RG","SE"
526,2,74,"RG","SE"
380,2,74,"RG","SE"
130,1,74,"RG","SE"
399,1,74,"RG","SE"
286,1,74,"RG","SE"
376,3,74,"RG","SE"
319,1,74,"RG","SE"
261,3,74,"RG","SE"
490,4,74,"RG","SE"
179,12,74,"RG","SE"
45,1,74,"RG","SE"
471,3,74,"RG","SE"
22,4,74,"RG","SE"
322,3,74,"RG","SE"
155,1,74,"RG","SE"
328,1,74,"RG","SE"
457,2,74,"RG","SE"
363,2,74,"RG","SE"
103,1,74,"RG","SE"
397,1,74,"RG","SE"
166,1,74,"RG","SE"
119,1,74,"RG","SE"
250,1,74,"RG","SE"
370,1,74,"RG","SE"
237,1,74,"RG","SE"
541,8,74,"RG","SE"
105,1,74,"RG","SE"
203,1,74,"RG","SE"
83,2,74,"RG","SE"
33,12,74,"RG","SE"
545,1,74,"RG","SE"
199,1,74,"RG","SE"
510,9,74,"RG","SE"
465,1,74,"RG","SE"
477,4,74,"RG","SE"
87,1,74,"RG","SE"
357,1,74,"RG","SE"
278,1,74,"RG","SE"
456,1,74,"RG","SE"
168,1,74,"RG","SE"
101,1,74,"RG","SE"
228,1,74,"RG","SE"
283,1,74,"RG","SE"
480,6,74,"RG","SE"
245,1,74,"RG","SE"
523,4,74,"RG","SE"
190,1,74,"RG","SE"
392,1,74,"RG","SE"
509,3,75,"RG","SE"
466,1,75,"RG","SE"
110,1,75,"RG","SE"
170,1,75,"RG","SE"
296,1,75,"RG","SE"
484,4,75,"RG","SE"
202,1,75,"RG","SE"
524,2,75,"RG","SE"
305,1,75,"RG","SE"
387,1,75,"RG","SE"
244,3,75,"RG","SE"
142,1,75,"RG","SE"
455,3,75,"RG","SE"
15,2,75,"RG","SE"
513,6,75,"RG","SE"
145,1,75,"RG","SE"
235,1,75,"RG","SE"
399,1,75,"RG","SE"
141,2,75,"RG","SE"
531,2,75,"RG","SE"
68,5,75,"RG","SE"
440,1,75,"RG","SE"
85,15,75,"RG","SE"
437,1,75,"RG","SE"
341,2,75,"RG","SE"
123,4,75,"RG","SE"
510,9,75,"RG","SE"
430,1,75,"RG","SE"
237,1,75,"RG","SE"
527,8,75,"RG","SE"
538,2,75,"RG","SE"
4,5,75,"RG","SE"
214,1,75,"RG","SE"
124,4,75,"RG","SE"
529,5,75,"RG","SE"
204,2,75,"RG","SE"
278,1,75,"RG","SE"
317,2,75,"RG","SE"
286,1,75,"RG","SE"
544,1,75,"RG","SE"
500,22,75,"RG","SE"
103,1,75,"RG","SE"
283,1,75,"RG","SE"
187,1,75,"RG","SE"
376,3,75,"RG","SE"
436,1,75,"RG","SE"
394,1,75,"RG","SE"
254,1,75,"RG","SE"
488,6,75,"RG","SE"
193,2,75,"RG","SE"
532,5,75,"RG","SE"
471,3,75,"RG","SE"
78,21,75,"RG","SE"
38,3,75,"RG","SE"
313,3,75,"RG","SE"
516,4,75,"RG","SE"
303,6,75,"RG","SE"
186,2,75,"RG","SE"
452,1,76,"RG","SE"
110,1,76,"RG","SE"
418,1,76,"RG","SE"
105,1,76,"RG","SE"
91,5,76,"RG","SE"
502,7,76,"RG","SE"
248,5,76,"RG","SE"
168,1,76,"RG","SE"
130,1,76,"RG","SE"
540,8,76,"RG","SE"
237,1,76,"RG","SE"
387,1,76,"RG","SE"
486,5,76,"RG","SE"
496,22,76,"RG","SE"
187,1,76,"RG","SE"
374,2,76,"RG","SE"
541,8,76,"RG","SE"
21,7,76,"RG","SE"
487,4,76,"RG","SE"
27,2,76,"RG","SE"
103,1,76,"RG","SE"
203,1,76,"RG","SE"
191,1,76,"RG","SE"
431,1,76,"RG","SE"
33,12,76,"RG","SE"
513,6,76,"RG","SE"
155,1,76,"RG","SE"
157,1,76,"RG","SE"
147,1,76,"RG","SE"
193,2,76,"RG","SE"
61,50,76,"RG","SE"
498,25,76,"RG","SE"
501,17,76,"RG","SE"
15,2,76,"RG","SE"
141,2,76,"RG","SE"
372,1,76,"RG","SE"
151,1,76,"RG","SE"
102,1,76,"RG","SE"
471,3,76,"RG","SE"
243,2,76,"RG","SE"
421,4,76,"RG","SE"
341,2,76,"RG","SE"
544,1,76,"RG","SE"
279,1,76,"RG","SE"
80,6,76,"RG","SE"
481,2,76,"RG","SE"
534,3,76,"RG","SE"
268,1,76,"RG","SE"
455,3,76,"RG","SE"
228,1,76,"RG","SE"
171,1,76,"RG","SE"
232,4,76,"RG","SE"
170,1,76,"RG","SE"
209,1,76,"RG","SE"
404,1,76,"RG","SE"
169,1,76,"RG","SE"
349,1,76,"RG","SE"
124,4,76,"RG","SE"
253,1,77,"RG","SE"
461,1,77,"RG","SE"
144,1,77,"RG","SE"
363,2,77,"RG","SE"
465,1,77,"RG","SE"
395,1,77,"RG","SE"
126,3,77,"RG","SE"
417,1,77,"RG","SE"
354,2,77,"RG","SE"
326,2,77,"RG","SE"
261,3,77,"RG","SE"
547,1,77,"RG","SE"
367,2,77,"RG","SE"
242,1,77,"RG","SE"
111,1,77,"RG","SE"
22,4,77,"RG","SE"
517,6,77,"RG","SE"
248,5,77,"RG","SE"
524,2,77,"RG","SE"
330,1,77,"RG","SE"
529,5,77,"RG","SE"
148,1,77,"RG","SE"
526,2,77,"RG","SE"
65,4,77,"RG","SE"
471,3,77,"RG","SE"
250,1,77,"RG","SE"
500,22,77,"RG","SE"
3,5,77,"RG","SE"
308,2,77,"RG","SE"
105,1,77,"RG","SE"
496,22,77,"RG","SE"
301,1,77,"RG","SE"
122,2,77,"RG","SE"
247,3,77,"RG","SE"
175,1,77,"RG","SE"
273,1,77,"RG","SE"
103,1,77,"RG","SE"
12,11,77,"RG","SE"
77,17,77,"RG","SE"
259,6,77,"RG","SE"
389,3,77,"RG","SE"
463,1,77,"RG","SE"
368,1,77,"RG","SE"
196,2,77,"RG","SE"
313,3,77,"RG","SE"
421,4,77,"RG","SE"
366,1,77,"RG","SE"
283,1,77,"RG","SE"
106,1,77,"RG","SE"
317,2,77,"RG","SE"
382,1,77,"RG","SE"
219,1,77,"RG","SE"
310,1,77,"RG","SE"
116,1,77,"RG","SE"
510,9,77,"RG","SE"
477,4,77,"RG","SE"
539,1,77,"RG","SE"
466,1,77,"RG","SE"
283,1,78,"RG","SE"
368,1,78,"RG","SE"
244,3,78,"RG","SE"
158,3,78,"RG","SE"
397,1,78,"RG","SE"
145,1,78,"RG","SE"
387,1,78,"RG","SE"
341,2,78,"RG","SE"
535,3,78,"RG","SE"
132,1,78,"RG","SE"
370,1,78,"RG","SE"
194,1,78,"RG","SE"
389,3,78,"RG","SE"
122,2,78,"RG","SE"
313,3,78,"RG","SE"
381,3,78,"RG","SE"
425,4,78,"RG","SE"
282,1,78,"RG","SE"
67,9,78,"RG","SE"
366,1,78,"RG","SE"
404,1,78,"RG","SE"
153,1,78,"RG","SE"
469,5,78,"RG","SE"
377,2,78,"RG","SE"
91,5,78,"RG","SE"
11,27,78,"RG","SE"
509,3,78,"RG","SE"
358,16,78,"RG","SE"
498,25,78,"RG","SE"
25,1,78,"RG","SE"
198,2,78,"RG","SE"
417,1,78,"RG","SE"
86,2,78,"RG","SE"
367,2,78,"RG","SE"
481,2,78,"RG","SE"
225,1,78,"RG","SE"
44,30,78,"RG","SE"
415,1,78,"RG","SE"
21,7,78,"RG","SE"
255,1,78,"RG","SE"
266,1,78,"RG","SE"
305,1,78,"RG","SE"
399,1,78,"RG","SE"
447,4,78,"RG","SE"
111,1,78,"RG","SE"
65,4,78,"RG","SE"
484,4,78,"RG","SE"
115,1,78,"RG","SE"
513,6,78,"RG","SE"
482,5,78,"RG","SE"
16,3,78,"RG","SE"
363,2,78,"RG","SE"
250,1,78,"RG","SE"
259,6,78,"RG","SE"
203,1,78,"RG","SE"
318,3,78,"RG","SE"
302,2,78,"RG","SE"
170,1,78,"RG","SE"
12,11,79,"RG","SE"
382,1,79,"RG","SE"
141,2,79,"RG","SE"
368,1,79,"RG","SE"
266,1,79,"RG","SE"
395,1,79,"RG","SE"
252,2,79,"RG","SE"
514,6,79,"RG","SE"
465,1,79,"RG","SE"
17,5,79,"RG","SE"
422,4,79,"RG","SE"
494,8,79,"RG","SE"
33,12,79,"RG","SE"
258,1,79,"RG","SE"
392,1,79,"RG","SE"
440,1,79,"RG","SE"
493,7,79,"RG","SE"
330,1,79,"RG","SE"
505,11,79,"RG","SE"
336,1,79,"RG","SE"
544,1,79,"RG","SE"
484,4,79,"RG","SE"
28,50,79,"RG","SE"
255,1,79,"RG","SE"
276,3,79,"RG","SE"
419,1,79,"RG","SE"
294,3,79,"RG","SE"
397,1,79,"RG","SE"
410,2,79,"RG","SE"
243,2,79,"RG","SE"
89,1,79,"RG","SE"
421,4,79,"RG","SE"
539,1,79,"RG","SE"
190,1,79,"RG","SE"
80,6,79,"RG","SE"
87,1,79,"RG","SE"
242,1,79,"RG","SE"
103,1,79,"RG","SE"
61,50,79,"RG","SE"
264,1,79,"RG","SE"
22,4,79,"RG","SE"
452,1,79,"RG","SE"
123,4,79,"RG","SE"
173,2,79,"RG","SE"
170,1,79,"RG","SE"
476,1,79,"RG","SE"
249,2,79,"RG","SE"
387,1,79,"RG","SE"
164,6,79,"RG","SE"
438,6,79,"RG","SE"
225,1,79,"RG","SE"
268,1,79,"RG","SE"
479,6,79,"RG","SE"
352,2,79,"RG","SE"
418,1,79,"RG","SE"
183,3,79,"RG","SE"
3,5,79,"RG","SE"
112,4,79,"RG","SE"
544,1,80,"RG","SE"
10,1,80,"RG","SE"
421,4,80,"RG","SE"
345,1,80,"RG","SE"
219,1,80,"RG","SE"
470,5,80,"RG","SE"
76,4,80,"RG","SE"
358,16,80,"RG","SE"
341,2,80,"RG","SE"
259,6,80,"RG","SE"
123,4,80,"RG","SE"
245,1,80,"RG","SE"
65,4,80,"RG","SE"
72,9,80,"RG","SE"
415,1,80,"RG","SE"
484,4,80,"RG","SE"
482,5,80,"RG","SE"
490,4,80,"RG","SE"
64,9,80,"RG","SE"
5,4,80,"RG","SE"
27,2,80,"RG","SE"
426,4,80,"RG","SE"
254,1,80,"RG","SE"
183,3,80,"RG","SE"
322,3,80,"RG","SE"
366,1,80,"RG","SE"
268,1,80,"RG","SE"
255,1,80,"RG","SE"
202,1,80,"RG","SE"
508,14,80,"RG","SE"
488,6,80,"RG","SE"
376,3,80,"RG","SE"
494,8,80,"RG","SE"
319,1,80,"RG","SE"
237,1,80,"RG","SE"
476,1,80,"RG","SE"
138,2,80,"RG","SE"
122,2,80,"RG","SE"
305,1,80,"RG","SE"
20,7,80,"RG","SE"
148,1,80,"RG","SE"
394,1,80,"RG","SE"
326,2,80,"RG","SE"
534,3,80,"RG","SE"
45,1,80,"RG","SE"
501,17,80,"RG","SE"
504,10,80,"RG","SE"
425,4,80,"RG","SE"
67,9,80,"RG","SE"
392,1,80,"RG","SE"
296,1,80,"RG","SE"
103,1,80,"RG","SE"
301,1,80,"RG","SE"
456,1,80,"RG","SE"
524,2,80,"RG","SE"
528,5,80,"RG","SE"
38,3,80,"RG","SE"
516,4,80,"RG","SE"
116,1,81,"RG","SE"
358,16,81,"RG","SE"
490,4,81,"RG","SE"
463,1,81,"RG","SE"
370,1,81,"RG","SE"
4,5,81,"RG","SE"
483,5,81,"RG","SE"
102,1,81,"RG","SE"
25,1,81,"RG","SE"
367,2,81,"RG","SE"
115,1,81,"RG","SE"
249,2,81,"RG","SE"
421,4,81,"RG","SE"
26,59,81,"RG","SE"
487,4,81,"RG","SE"
436,1,81,"RG","SE"
28,50,81,"RG","SE"
146,1,81,"RG","SE"
196,2,81,"RG","SE"
33,12,81,"RG","SE"
245,1,81,"RG","SE"
204,2,81,"RG","SE"
12,11,81,"RG","SE"
232,4,81,"RG","SE"
261,3,81,"RG","SE"
489,4,81,"RG","SE"
377,2,81,"RG","SE"
175,1,81,"RG","SE"
132,1,81,"RG","SE"
343,9,81,"RG","SE"
395,1,81,"RG","SE"
186,2,81,"RG","SE"
279,1,81,"RG","SE"
10,1,81,"RG","SE"
547,1,81,"RG","SE"
399,1,81,"RG","SE"
305,1,81,"RG","SE"
86,2,81,"RG","SE"
223,1,81,"RG","SE"
142,1,81,"RG","SE"
285,3,81,"RG","SE"
354,2,81,"RG","SE"
394,1,81,"RG","SE"
242,1,81,"RG","SE"
19,5,81,"RG","SE"
83,2,81,"RG","SE"
278,1,81,"RG","SE"
269,1,81,"RG","SE"
422,4,81,"RG","SE"
61,50,81,"RG","SE"
462,1,81,"RG","SE"
344,1,81,"RG","SE"
228,1,81,"RG","SE"
419,1,81,"RG","SE"
67,9,81,"RG","SE"
173,2,81,"RG","SE"
72,9,81,"RG","SE"
32,6,81,"RG","SE"
548,1,82,"RG","SE"
36,3,82,"RG","SE"
422,4,82,"RG","SE"
276,3,82,"RG","SE"
395,1,82,"RG","SE"
140,1,82,"RG","SE"
452,1,82,"RG","SE"
547,1,82,"RG","SE"
369,2,82,"RG","SE"
128,1,82,"RG","SE"
247,3,82,"RG","SE"
61,50,82,"RG","SE"
38,3,82,"RG","SE"
219,1,82,"RG","SE"
105,1,82,"RG","SE"
91,5,82,"RG","SE"
326,2,82,"RG","SE"
480,6,82,"RG","SE"
7,21,82,"RG","SE"
86,2,82,"RG","SE"
126,3,82,"RG","SE"
123,4,82,"RG","SE"
130,1,82,"RG","SE"
365,2,82,"RG","SE"
387,1,82,"RG","SE"
111,1,82,"RG","SE"
397,1,82,"RG","SE"
349,1,82,"RG","SE"
64,9,82,"RG","SE"
5,4,82,"RG","SE"
390,1,82,"RG","SE"
242,1,82,"RG","SE"
528,5,82,"RG","SE"
51,2,82,"RG","SE"
277,1,82,"RG","SE"
336,1,82,"RG","SE"
268,1,82,"RG","SE"
380,2,82,"RG","SE"
67,9,82,"RG","SE"
21,7,82,"RG","SE"
389,3,82,"RG","SE"
441,1,82,"RG","SE"
145,1,82,"RG","SE"
203,1,82,"RG","SE"
535,3,82,"RG","SE"
249,2,82,"RG","SE"
401,1,82,"RG","SE"
438,6,82,"RG","SE"
534,3,82,"RG","SE"
283,1,82,"RG","SE"
493,7,82,"RG","SE"
33,12,82,"RG","SE"
322,3,82,"RG","SE"
42,1,82,"RG","SE"
138,2,82,"RG","SE"
467,4,82,"RG","SE"
366,1,82,"RG","SE"
474,1,82,"RG","SE"
283,1,83,"RG","SE"
509,3,83,"RG","SE"
65,4,83,"RG","SE"
255,1,83,"RG","SE"
481,2,83,"RG","SE"
404,1,83,"RG","SE"
142,1,83,"RG","SE"
519,3,83,"RG","SE"
170,1,83,"RG","SE"
363,2,83,"RG","SE"
377,2,83,"RG","SE"
254,1,83,"RG","SE"
278,1,83,"RG","SE"
397,1,83,"RG","SE"
374,2,83,"RG","SE"
194,1,83,"RG","SE"
14,30,83,"RG","SE"
131,1,83,"RG","SE"
312,1,83,"RG","SE"
140,1,83,"RG","SE"
85,15,83,"RG","SE"
101,1,83,"RG","SE"
301,1,83,"RG","SE"
378,1,83,"RG","SE"
153,1,83,"RG","SE"
486,5,83,"RG","SE"
545,1,83,"RG","SE"
394,1,83,"RG","SE"
235,1,83,"RG","SE"
470,5,83,"RG","SE"
540,8,83,"RG","SE"
357,1,83,"RG","SE"
203,1,83,"RG","SE"
249,2,83,"RG","SE"
222,2,83,"RG","SE"
115,1,83,"RG","SE"
505,11,83,"RG","SE"
336,1,83,"RG","SE"
243,2,83,"RG","SE"
524,2,83,"RG","SE"
548,1,83,"RG","SE"
514,6,83,"RG","SE"
471,3,83,"RG","SE"
437,1,83,"RG","SE"
461,1,83,"RG","SE"
340,1,83,"RG","SE"
146,1,83,"RG","SE"
78,21,83,"RG","SE"
425,4,83,"RG","SE"
138,2,83,"RG","SE"
143,1,83,"RG","SE"
438,6,83,"RG","SE"
501,17,83,"RG","SE"
516,4,83,"RG","SE"
199,1,83,"RG","SE"
457,2,83,"RG","SE"
232,4,83,"RG","SE"
484,4,83,"RG","SE"
237,1,84,"RG","SE"
467,4,84,"RG","SE"
116,1,84,"RG","SE"
12,11,84,"RG","SE"
138,2,84,"RG","SE"
157,1,84,"RG","SE"
36,3,84,"RG","SE"
452,1,84,"RG","SE"
332,1,84,"RG","SE"
481,2,84,"RG","SE"
131,1,84,"RG","SE"
361,3,84,"RG","SE"
91,5,84,"RG","SE"
399,1,84,"RG","SE"
111,1,84,"RG","SE"
132,1,84,"RG","SE"
219,1,84,"RG","SE"
130,1,84,"RG","SE"
395,1,84,"RG","SE"
445,10,84,"RG","SE"
527,8,84,"RG","SE"
457,2,84,"RG","SE"
57,9,84,"RG","SE"
141,2,84,"RG","SE"
68,5,84,"RG","SE"
524,2,84,"RG","SE"
235,1,84,"RG","SE"
171,1,84,"RG","SE"
102,1,84,"RG","SE"
15,2,84,"RG","SE"
80,6,84,"RG","SE"
144,1,84,"RG","SE"
392,1,84,"RG","SE"
330,1,84,"RG","SE"
433,2,84,"RG","SE"
194,1,84,"RG","SE"
166,1,84,"RG","SE"
65,4,84,"RG","SE"
504,10,84,"RG","SE"
489,4,84,"RG","SE"
328,1,84,"RG","SE"
19,5,84,"RG","SE"
465,1,84,"RG","SE"
259,6,84,"RG","SE"
83,2,84,"RG","SE"
193,2,84,"RG","SE"
502,7,84,"RG","SE"
480,6,84,"RG","SE"
203,1,84,"RG","SE"
38,3,84,"RG","SE"
514,6,84,"RG","SE"
16,3,84,"RG","SE"
430,1,84,"RG","SE"
158,3,84,"RG","SE"
145,1,84,"RG","SE"
153,1,84,"RG","SE"
291,1,84,"RG","SE"
89,1,84,"RG","SE"
344,1,85,"RG","SE"
276,3,85,"RG","SE"
244,3,85,"RG","SE"
348,2,85,"RG","SE"
15,2,85,"RG","SE"
532,5,85,"RG","SE"
253,1,85,"RG","SE"
202,1,85,"RG","SE"
394,1,85,"RG","SE"
11,27,85,"RG","SE"
541,8,85,"RG","SE"
525,9,85,"RG","SE"
204,2,85,"RG","SE"
116,1,85,"RG","SE"
367,2,85,"RG","SE"
494,8,85,"RG","SE"
455,3,85,"RG","SE"
531,2,85,"RG","SE"
278,1,85,"RG","SE"
479,6,85,"RG","SE"
482,5,85,"RG","SE"
110,1,85,"RG","SE"
452,1,85,"RG","SE"
33,12,85,"RG","SE"
528,5,85,"RG","SE"
279,1,85,"RG","SE"
250,1,85,"RG","SE"
169,1,85,"RG","SE"
361,3,85,"RG","SE"
132,1,85,"RG","SE"
319,1,85,"RG","SE"
72,9,85,"RG","SE"
284,1,85,"RG","SE"
540,8,85,"RG","SE"
232,4,85,"RG","SE"
175,1,85,"RG","SE"
399,1,85,"RG","SE"
354,2,85,"RG","SE"
463,1,85,"RG","SE"
185,1,85,"RG","SE"
19,5,85,"RG","SE"
381,3,85,"RG","SE"
247,3,85,"RG","SE"
457,2,85,"RG","SE"
326,2,85,"RG","SE"
223,1,85,"RG","SE"
28,50,85,"RG","SE"
168,1,85,"RG","SE"
474,1,85,"RG","SE"
268,1,85,"RG","SE"
103,1,85,"RG","SE"
341,2,85,"RG","SE"
259,6,85,"RG","SE"
179,12,85,"RG","SE"
471,3,85,"RG","SE"
304,2,85,"RG","SE"
372,1,85,"RG","SE"
470,5,85,"RG","SE"
266,1,86,"RG","SE"
145,1,86,"RG","SE"
153,1,86,"RG","SE"
504,10,86,"RG","SE"
310,1,86,"RG","SE"
303,6,86,"RG","SE"
441,1,86,"RG","SE"
547,1,86,"RG","SE"
317,2,86,"RG","SE"
285,3,86,"RG","SE"
16,3,86,"RG","SE"
415,1,86,"RG","SE"
440,1,86,"RG","SE"
249,2,86,"RG","SE"
332,1,86,"RG","SE"
252,2,86,"RG","SE"
257,1,86,"RG","SE"
510,9,86,"RG","SE"
129,2,86,"RG","SE"
455,3,86,"RG","SE"
302,2,86,"RG","SE"
366,1,86,"RG","SE"
313,3,86,"RG","SE"
328,1,86,"RG","SE"
15,2,86,"RG","SE"
500,22,86,"RG","SE"
382,1,86,"RG","SE"
36,3,86,"RG","SE"
413,1,86,"RG","SE"
245,1,86,"RG","SE"
237,1,86,"RG","SE"
505,11,86,"RG","SE"
258,1,86,"RG","SE"
91,5,86,"RG","SE"
294,3,86,"RG","SE"
11,27,86,"RG","SE"
532,5,86,"RG","SE"
304,2,86,"RG","SE"
196,2,86,"RG","SE"
269,1,86,"RG","SE"
259,6,86,"RG","SE"
191,1,86,"RG","SE"
336,1,86,"RG","SE"
185,1,86,"RG","SE"
254,1,86,"RG","SE"
378,1,86,"RG","SE"
170,1,86,"RG","SE"
368,1,86,"RG","SE"
367,2,86,"RG","SE"
173,2,86,"RG","SE"
520,2,86,"RG","SE"
476,1,86,"RG","SE"
404,1,86,"RG","SE"
374,2,86,"RG","SE"
25,1,86,"RG","SE"
523,4,86,"RG","SE"
5,4,86,"RG","SE"
437,1,86,"RG","SE"
509,3,87,"RG","SE"
370,1,87,"RG","SE"
126,3,87,"RG","SE"
164,6,87,"RG","SE"
151,1,87,"RG","SE"
285,3,87,"RG","SE"
129,2,87,"RG","SE"
42,1,87,"RG","SE"
508,14,87,"RG","SE"
44,30,87,"RG","SE"
21,7,87,"RG","SE"
354,2,87,"RG","SE"
404,1,87,"RG","SE"
54,39,87,"RG","SE"
513,6,87,"RG","SE"
7,21,87,"RG","SE"
185,1,87,"RG","SE"
539,1,87,"RG","SE"
158,3,87,"RG","SE"
36,3,87,"RG","SE"
108,1,87,"RG","SE"
401,1,87,"RG","SE"
500,22,87,"RG","SE"
538,2,87,"RG","SE"
452,1,87,"RG","SE"
351,1,87,"RG","SE"
4,5,87,"RG","SE"
525,9,87,"RG","SE"
186,2,87,"RG","SE"
488,6,87,"RG","SE"
326,2,87,"RG","SE"
11,27,87,"RG","SE"
143,1,87,"RG","SE"
305,1,87,"RG","SE"
510,9,87,"RG","SE"
64,9,87,"RG","SE"
455,3,87,"RG","SE"
526,2,87,"RG","SE"
17,5,87,"RG","SE"
506,7,87,"RG","SE"
516,4,87,"RG","SE"
514,6,87,"RG","SE"
328,1,87,"RG","SE"
187,1,87,"RG","SE"
369,2,87,"RG","SE"
418,1,87,"RG","SE"
445,10,87,"RG","SE"
441,1,87,"RG","SE"
282,1,87,"RG","SE"
252,2,87,"RG","SE"
366,1,87,"RG","SE"
317,2,87,"RG","SE"
319,1,87,"RG","SE"
45,1,87,"RG","SE"
283,1,87,"RG","SE"
160,1,87,"RG","SE"
105,1,87,"RG","SE"
486,5,87,"RG","SE"
418,1,88,"RG","SE"
44,30,88,"RG","SE"
149,1,88,"RG","SE"
394,1,88,"RG","SE"
330,1,88,"RG","SE"
447,4,88,"RG","SE"
147,1,88,"RG","SE"
490,4,88,"RG","SE"
467,4,88,"RG","SE"
508,14,88,"RG","SE"
516,4,88,"RG","SE"
496,22,88,"RG","SE"
155,1,88,"RG","SE"
32,6,88,"RG","SE"
196,2,88,"RG","SE"
438,6,88,"RG","SE"
308,2,88,"RG","SE"
483,5,88,"RG","SE"
232,4,88,"RG","SE"
357,1,88,"RG","SE"
354,2,88,"RG","SE"
517,6,88,"RG","SE"
119,1,88,"RG","SE"
296,1,88,"RG","SE"
228,1,88,"RG","SE"
14,30,88,"RG","SE"
214,1,88,"RG","SE"
380,2,88,"RG","SE"
61,50,88,"RG","SE"
203,1,88,"RG","SE"
108,1,88,"RG","SE"
303,6,88,"RG","SE"
458,1,88,"RG","SE"
110,1,88,"RG","SE"
259,6,88,"RG","SE"
318,3,88,"RG","SE"
76,4,88,"RG","SE"
7,21,88,"RG","SE"
45,1,88,"RG","SE"
42,1,88,"RG","SE"
111,1,88,"RG","SE"
25,1,88,"RG","SE"
368,1,88,"RG","SE"
282,1,88,"RG","SE"
445,10,88,"RG","SE"
257,1,88,"RG","SE"
126,3,88,"RG","SE"
367,2,88,"RG","SE"
268,1,88,"RG","SE"
489,4,88,"RG","SE"
204,2,88,"RG","SE"
510,9,88,"RG","SE"
540,8,88,"RG","SE"
286,1,88,"RG","SE"
493,7,88,"RG","SE"
474,1,88,"RG","SE"
377,2,88,"RG","SE"
235,1,88,"RG","SE"
112,4,89,"RG","SE"
266,1,89,"RG","SE"
539,1,89,"RG","SE"
519,3,89,"RG","SE"
318,3,89,"RG","SE"
42,1,89,"RG","SE"
544,1,89,"RG","SE"
529,5,89,"RG","SE"
352,2,89,"RG","SE"
515,4,89,"RG","SE"
523,4,89,"RG","SE"
413,1,89,"RG","SE"
116,1,89,"RG","SE"
370,1,89,"RG","SE"
185,1,89,"RG","SE"
219,1,89,"RG","SE"
284,1,89,"RG","SE"
458,1,89,"RG","SE"
132,1,89,"RG","SE"
418,1,89,"RG","SE"
395,1,89,"RG","SE"
173,2,89,"RG","SE"
268,1,89,"RG","SE"
80,6,89,"RG","SE"
435,2,89,"RG","SE"
399,1,89,"RG","SE"
394,1,89,"RG","SE"
166,1,89,"RG","SE"
187,1,89,"RG","SE"
482,5,89,"RG","SE"
527,8,89,"RG","SE"
273,1,89,"RG","SE"
33,12,89,"RG","SE"
480,6,89,"RG","SE"
433,2,89,"RG","SE"
203,1,89,"RG","SE"
253,1,89,"RG","SE"
190,1,89,"RG","SE"
110,1,89,"RG","SE"
119,1,89,"RG","SE"
209,1,89,"RG","SE"
85,15,89,"RG","SE"
488,6,89,"RG","SE"
477,4,89,"RG","SE"
367,2,89,"RG","SE"
153,1,89,"RG","SE"
101,1,89,"RG","SE"
465,1,89,"RG","SE"
123,4,89,"RG","SE"
204,2,89,"RG","SE"
16,3,89,"RG","SE"
26,59,89,"RG","SE"
276,3,89,"RG","SE"
175,1,89,"RG","SE"
313,3,89,"RG","SE"
494,8,89,"RG","SE"
222,2,89,"RG","SE"
496,22,89,"RG","SE"
489,4,90,"RG","SE"
190,1,90,"RG","SE"
477,4,90,"RG","SE"
153,1,90,"RG","SE"
418,1,90,"RG","SE"
209,1,90,"RG","SE"
185,1,90,"RG","SE"
374,2,90,"RG","SE"
108,1,90,"RG","SE"
102,1,90,"RG","SE"
12,11,90,"RG","SE"
49,1,90,"RG","SE"
250,1,90,"RG","SE"
531,2,90,"RG","SE"
523,4,90,"RG","SE"
332,1,90,"RG","SE"
248,5,90,"RG","SE"
202,1,90,"RG","SE"
14,30,90,"RG","SE"
89,1,90,"RG","SE"
534,3,90,"RG","SE"
264,1,90,"RG","SE"
358,16,90,"RG","SE"
313,3,90,"RG","SE"
223,1,90,"RG","SE"
344,1,90,"RG","SE"
481,2,90,"RG","SE"
183,3,90,"RG","SE"
283,1,90,"RG","SE"
426,4,90,"RG","SE"
527,8,90,"RG","SE"
539,1,90,"RG","SE"
65,4,90,"RG","SE"
130,1,90,"RG","SE"
104,2,90,"RG","SE"
126,3,90,"RG","SE"
247,3,90,"RG","SE"
303,6,90,"RG","SE"
545,1,90,"RG","SE"
367,2,90,"RG","SE"
42,1,90,"RG","SE"
467,4,90,"RG","SE"
286,1,90,"RG","SE"
422,4,90,"RG","SE"
44,30,90,"RG","SE"
479,6,90,"RG","SE"
122,2,90,"RG","SE"
83,2,90,"RG","SE"
336,1,90,"RG","SE"
469,5,90,"RG","SE"
61,50,90,"RG","SE"
255,1,90,"RG","SE"
340,1,90,"RG","SE"
160,1,90,"RG","SE"
155,1,90,"RG","SE"
51,2,90,"RG","SE"
493,7,90,"RG","SE"
138,2,90,"RG","SE"
259,6,91,"RG","SE"
126,3,91,"RG","SE"
417,1,91,"RG","SE"
509,3,91,"RG","SE"
496,22,91,"RG","SE"
370,1,91,"RG","SE"
19,5,91,"RG","SE"
171,1,91,"RG","SE"
3,5,91,"RG","SE"
332,1,91,"RG","SE"
32,6,91,"RG","SE"
193,2,91,"RG","SE"
164,6,91,"RG","SE"
237,1,91,"RG","SE"
505,11,91,"RG","SE"
471,3,91,"RG","SE"
33,12,91,"RG","SE"
190,1,91,"RG","SE"
65,4,91,"RG","SE"
5,4,91,"RG","SE"
21,7,91,"RG","SE"
296,1,91,"RG","SE"
157,1,91,"RG","SE"
506,7,91,"RG","SE"
254,1,91,"RG","SE"
222,2,91,"RG","SE"
376,3,91,"RG","SE"
108,1,91,"RG","SE"
132,1,91,"RG","SE"
489,4,91,"RG","SE"
91,5,91,"RG","SE"
49,1,91,"RG","SE"
369,2,91,"RG","SE"
439,1,91,"RG","SE"
249,2,91,"RG","SE"
426,4,91,"RG","SE"
431,1,91,"RG","SE"
146,1,91,"RG","SE"
273,1,91,"RG","SE"
61,50,91,"RG","SE"
77,17,91,"RG","SE"
366,1,91,"RG","SE"
253,1,91,"RG","SE"
89,1,91,"RG","SE"
183,3,91,"RG","SE"
467,4,91,"RG","SE"
548,1,91,"RG","SE"
447,4,91,"RG","SE"
116,1,91,"RG","SE"
170,1,91,"RG","SE"
27,2,91,"RG","SE"
488,6,91,"RG","SE"
203,1,91,"RG","SE"
441,1,91,"RG","SE"
422,4,91,"RG","SE"
474,1,91,"RG","SE"
367,2,91,"RG","SE"
16,3,91,"RG","SE"
89,1,92,"RG","SE"
286,1,92,"RG","SE"
68,5,92,"RG","SE"
57,9,92,"RG","SE"
22,4,92,"RG","SE"
465,1,92,"RG","SE"
83,2,92,"RG","SE"
160,1,92,"RG","SE"
67,9,92,"RG","SE"
463,1,92,"RG","SE"
124,4,92,"RG","SE"
3,5,92,"RG","SE"
480,6,92,"RG","SE"
252,2,92,"RG","SE"
535,3,92,"RG","SE"
237,1,92,"RG","SE"
508,14,92,"RG","SE"
258,1,92,"RG","SE"
72,9,92,"RG","SE"
158,3,92,"RG","SE"
340,1,92,"RG","SE"
269,1,92,"RG","SE"
387,1,92,"RG","SE"
7,21,92,"RG","SE"
532,5,92,"RG","SE"
122,2,92,"RG","SE"
430,1,92,"RG","SE"
294,3,92,"RG","SE"
207,1,92,"RG","SE"
493,7,92,"RG","SE"
301,1,92,"RG","SE"
481,2,92,"RG","SE"
222,2,92,"RG","SE"
253,1,92,"RG","SE"
305,1,92,"RG","SE"
457,2,92,"RG","SE"
279,1,92,"RG","SE"
179,12,92,"RG","SE"
175,1,92,"RG","SE"
85,15,92,"RG","SE"
116,1,92,"RG","SE"
194,1,92,"RG","SE"
21,7,92,"RG","SE"
284,1,92,"RG","SE"
245,1,92,"RG","SE"
310,1,92,"RG","SE"
348,2,92,"RG","SE"
479,6,92,"RG","SE"
87,1,92,"RG","SE"
477,4,92,"RG","SE"
223,1,92,"RG","SE"
547,1,92,"RG","SE"
435,2,92,"RG","SE"
366,1,92,"RG","SE"
516,4,92,"RG","SE"
17,5,92,"RG","SE"
149,1,92,"RG","SE"
370,1,92,"RG","SE"
253,1,93,"RG","SE"
49,1,93,"RG","SE"
190,1,93,"RG","SE"
54,39,93,"RG","SE"
328,1,93,"RG","SE"
534,3,93,"RG","SE"
285,3,93,"RG","SE"
207,1,93,"RG","SE"
68,5,93,"RG","SE"
252,2,93,"RG","SE"
467,4,93,"RG","SE"
228,1,93,"RG","SE"
421,4,93,"RG","SE"
27,2,93,"RG","SE"
506,7,93,"RG","SE"
345,1,93,"RG","SE"
526,2,93,"RG","SE"
440,1,93,"RG","SE"
243,2,93,"RG","SE"
223,1,93,"RG","SE"
22,4,93,"RG","SE"
309,1,93,"RG","SE"
369,2,93,"RG","SE"
91,5,93,"RG","SE"
527,8,93,"RG","SE"
291,1,93,"RG","SE"
548,1,93,"RG","SE"
378,1,93,"RG","SE"
532,5,93,"RG","SE"
438,6,93,"RG","SE"
286,1,93,"RG","SE"
111,1,93,"RG","SE"
317,2,93,"RG","SE"
89,1,93,"RG","SE"
232,4,93,"RG","SE"
155,1,93,"RG","SE"
508,14,93,"RG","SE"
33,12,93,"RG","SE"
203,1,93,"RG","SE"
435,2,93,"RG","SE"
524,2,93,"RG","SE"
45,1,93,"RG","SE"
426,4,93,"RG","SE"
219,1,93,"RG","SE"
259,6,93,"RG","SE"
245,1,93,"RG","SE"
455,3,93,"RG","SE"
38,3,93,"RG","SE"
510,9,93,"RG","SE"
351,1,93,"RG","SE"
235,1,93,"RG","SE"
482,5,93,"RG","SE"
326,2,93,"RG","SE"
395,1,93,"RG","SE"
149,1,93,"RG","SE"
483,5,93,"RG","SE"
389,3,93,"RG","SE"
504,10,93,"RG","SE"
126,3,94,"RG","SE"
237,1,94,"RG","SE"
203,1,94,"RG","SE"
273,1,94,"RG","SE"
129,2,94,"RG","SE"
328,1,94,"RG","SE"
141,2,94,"RG","SE"
319,1,94,"RG","SE"
264,1,94,"RG","SE"
255,1,94,"RG","SE"
358,16,94,"RG","SE"
513,6,94,"RG","SE"
291,1,94,"RG","SE"
310,1,94,"RG","SE"
196,2,94,"RG","SE"
490,4,94,"RG","SE"
91,5,94,"RG","SE"
223,1,94,"RG","SE"
61,50,94,"RG","SE"
168,1,94,"RG","SE"
276,3,94,"RG","SE"
252,2,94,"RG","SE"
278,1,94,"RG","SE"
222,2,94,"RG","SE"
7,21,94,"RG","SE"
115,1,94,"RG","SE"
17,5,94,"RG","SE"
344,1,94,"RG","SE"
365,2,94,"RG","SE"
155,1,94,"RG","SE"
395,1,94,"RG","SE"
242,1,94,"RG","SE"
470,5,94,"RG","SE"
179,12,94,"RG","SE"
520,2,94,"RG","SE"
103,1,94,"RG","SE"
110,1,94,"RG","SE"
33,12,94,"RG","SE"
185,1,94,"RG","SE"
348,2,94,"RG","SE"
357,1,94,"RG","SE"
157,1,94,"RG","SE"
285,3,94,"RG","SE"
166,1,94,"RG","SE"
284,1,94,"RG","SE"
194,1,94,"RG","SE"
119,1,94,"RG","SE"
257,1,94,"RG","SE"
193,2,94,"RG","SE"
191,1,94,"RG","SE"
187,1,94,"RG","SE"
436,1,94,"RG","SE"
20,7,94,"RG","SE"
303,6,94,"RG","SE"
532,5,94,"RG","SE"
343,9,94,"RG","SE"
461,1,94,"RG","SE"
190,1,94,"RG","SE"
363,2,95,"RG","SE"
190,1,95,"RG","SE"
143,1,95,"RG","SE"
268,1,95,"RG","SE"
547,1,95,"RG","SE"
282,1,95,"RG","SE"
506,7,95,"RG","SE"
232,4,95,"RG","SE"
196,2,95,"RG","SE"
344,1,95,"RG","SE"
486,5,95,"RG","SE"
340,1,95,"RG","SE"
125,1,95,"RG","SE"
305,1,95,"RG","SE"
145,1,95,"RG","SE"
322,3,95,"RG","SE"
531,2,95,"RG","SE"
140,1,95,"RG","SE"
64,9,95,"RG","SE"
466,1,95,"RG","SE"
103,1,95,"RG","SE"
317,2,95,"RG","SE"
374,2,95,"RG","SE"
498,25,95,"RG","SE"
132,1,95,"RG","SE"
361,3,95,"RG","SE"
175,1,95,"RG","SE"
480,6,95,"RG","SE"
514,6,95,"RG","SE"
160,1,95,"RG","SE"
548,1,95,"RG","SE"
111,1,95,"RG","SE"
203,1,95,"RG","SE"
479,6,95,"RG","SE"
447,4,95,"RG","SE"
474,1,95,"RG","SE"
312,1,95,"RG","SE"
179,12,95,"RG","SE"
328,1,95,"RG","SE"
510,9,95,"RG","SE"
505,11,95,"RG","SE"
286,1,95,"RG","SE"
421,4,95,"RG","SE"
57,9,95,"RG","SE"
413,1,95,"RG","SE"
105,1,95,"RG","SE"
515,4,95,"RG","SE"
415,1,95,"RG","SE"
284,1,95,"RG","SE"
304,2,95,"RG","SE"
157,1,95,"RG","SE"
326,2,95,"RG","SE"
130,1,95,"RG","SE"
529,5,95,"RG","SE"
308,2,95,"RG","SE"
502,7,95,"RG","SE"
535,3,95,"RG","SE"
436,1,95,"RG","SE"
268,1,96,"RG","SE"
110,1,96,"RG","SE"
279,1,96,"RG","SE"
49,1,96,"RG","SE"
520,2,96,"RG","SE"
132,1,96,"RG","SE"
372,1,96,"RG","SE"
26,59,96,"RG","SE"
494,8,96,"RG","SE"
171,1,96,"RG","SE"
466,1,96,"RG","SE"
86,2,96,"RG","SE"
237,1,96,"RG","SE"
433,2,96,"RG","SE"
422,4,96,"RG","SE"
228,1,96,"RG","SE"
467,4,96,"RG","SE"
269,1,96,"RG","SE"
128,1,96,"RG","SE"
340,1,96,"RG","SE"
535,3,96,"RG","SE"
547,1,96,"RG","SE"
538,2,96,"RG","SE"
138,2,96,"RG","SE"
358,16,96,"RG","SE"
330,1,96,"RG","SE"
351,1,96,"RG","SE"
458,1,96,"RG","SE"
249,2,96,"RG","SE"
5,4,96,"RG","SE"
319,1,96,"RG","SE"
266,1,96,"RG","SE"
510,9,96,"RG","SE"
514,6,96,"RG","SE"
122,2,96,"RG","SE"
257,1,96,"RG","SE"
418,1,96,"RG","SE"
480,6,96,"RG","SE"
308,2,96,"RG","SE"
516,4,96,"RG","SE"
198,2,96,"RG","SE"
45,1,96,"RG","SE"
392,1,96,"RG","SE"
399,1,96,"RG","SE"
185,1,96,"RG","SE"
305,1,96,"RG","SE"
157,1,96,"RG","SE"
302,2,96,"RG","SE"
517,6,96,"RG","SE"
367,2,96,"RG","SE"
469,5,96,"RG","SE"
36,3,96,"RG","SE"
191,1,96,"RG","SE"
222,2,96,"RG","SE"
455,3,96,"RG","SE"
318,3,96,"RG","SE"
540,8,96,"RG","SE"
404,1,96,"RG","SE"
141,2,97,"RG","SE"
372,1,97,"RG","SE"
77,17,97,"RG","SE"
380,2,97,"RG","SE"
123,4,97,"RG","SE"
57,9,97,"RG","SE"
151,1,97,"RG","SE"
261,3,97,"RG","SE"
421,4,97,"RG","SE"
153,1,97,"RG","SE"
455,3,97,"RG","SE"
462,1,97,"RG","SE"
456,1,97,"RG","SE"
228,1,97,"RG","SE"
369,2,97,"RG","SE"
418,1,97,"RG","SE"
394,1,97,"RG","SE"
19,5,97,"RG","SE"
367,2,97,"RG","SE"
21,7,97,"RG","SE"
501,17,97,"RG","SE"
258,1,97,"RG","SE"
115,1,97,"RG","SE"
166,1,97,"RG","SE"
179,12,97,"RG","SE"
445,10,97,"RG","SE"
76,4,97,"RG","SE"
169,1,97,"RG","SE"
72,9,97,"RG","SE"
207,1,97,"RG","SE"
65,4,97,"RG","SE"
506,7,97,"RG","SE"
488,6,97,"RG","SE"
441,1,97,"RG","SE"
138,2,97,"RG","SE"
540,8,97,"RG","SE"
254,1,97,"RG","SE"
447,4,97,"RG","SE"
310,1,97,"RG","SE"
145,1,97,"RG","SE"
358,16,97,"RG","SE"
336,1,97,"RG","SE"
303,6,97,"RG","SE"
510,9,97,"RG","SE"
486,5,97,"RG","SE"
28,50,97,"RG","SE"
433,2,97,"RG","SE"
480,6,97,"RG","SE"
257,1,97,"RG","SE"
112,4,97,"RG","SE"
223,1,97,"RG","SE"
247,3,97,"RG","SE"
86,2,97,"RG","SE"
490,4,97,"RG","SE"
493,7,97,"RG","SE"
523,4,97,"RG","SE"
204,2,97,"RG","SE"
312,1,97,"RG","SE"
54,39,98,"RG","SE"
456,1,98,"RG","SE"
225,1,98,"RG","SE"
80,6,98,"RG","SE"
11,27,98,"RG","SE"
541,8,98,"RG","SE"
433,2,98,"RG","SE"
349,1,98,"RG","SE"
129,2,98,"RG","SE"
417,1,98,"RG","SE"
394,1,98,"RG","SE"
249,2,98,"RG","SE"
112,4,98,"RG","SE"
469,5,98,"RG","SE"
20,7,98,"RG","SE"
332,1,98,"RG","SE"
494,8,98,"RG","SE"
389,3,98,"RG","SE"
26,59,98,"RG","SE"
510,9,98,"RG","SE"
361,3,98,"RG","SE"
185,1,98,"RG","SE"
252,2,98,"RG","SE"
348,2,98,"RG","SE"
387,1,98,"RG","SE"
103,1,98,"RG","SE"
49,1,98,"RG","SE"
372,1,98,"RG","SE"
77,17,98,"RG","SE"
501,17,98,"RG","SE"
488,6,98,"RG","SE"
269,1,98,"RG","SE"
266,1,98,"RG","SE"
369,2,98,"RG","SE"
296,1,98,"RG","SE"
422,4,98,"RG","SE"
72,9,98,"RG","SE"
458,1,98,"RG","SE"
7,21,98,"RG","SE"
78,21,98,"RG","SE"
438,6,98,"RG","SE"
493,7,98,"RG","SE"
381,3,98,"RG","SE"
186,2,98,"RG","SE"
223,1,98,"RG","SE"
367,2,98,"RG","SE"
431,1,98,"RG","SE"
283,1,98,"RG","SE"
243,2,98,"RG","SE"
380,2,98,"RG","SE"
258,1,98,"RG","SE"
151,1,98,"RG","SE"
538,2,98,"RG","SE"
198,2,98,"RG","SE"
250,1,98,"RG","SE"
204,2,98,"RG","SE"
282,1,98,"RG","SE"
531,2,98,"RG","SE"
308,2,99,"RG","SE"
426,4,99,"RG","SE"
36,3,99,"RG","SE"
77,17,99,"RG","SE"
20,7,99,"RG","SE"
545,1,99,"RG","SE"
140,1,99,"RG","SE"
222,2,99,"RG","SE"
223,1,99,"RG","SE"
390,1,99,"RG","SE"
119,1,99,"RG","SE"
415,1,99,"RG","SE"
242,1,99,"RG","SE"
352,2,99,"RG","SE"
477,4,99,"RG","SE"
305,1,99,"RG","SE"
439,1,99,"RG","SE"
219,1,99,"RG","SE"
421,4,99,"RG","SE"
102,1,99,"RG","SE"
457,2,99,"RG","SE"
436,1,99,"RG","SE"
433,2,99,"RG","SE"
365,2,99,"RG","SE"
447,4,99,"RG","SE"
508,14,99,"RG","SE"
248,5,99,"RG","SE"
169,1,99,"RG","SE"
296,1,99,"RG","SE"
463,1,99,"RG","SE"
547,1,99,"RG","SE"
32,6,99,"RG","SE"
534,3,99,"RG","SE"
128,1,99,"RG","SE"
387,1,99,"RG","SE"
124,4,99,"RG","SE"
462,1,99,"RG","SE"
374,2,99,"RG","SE"
198,2,99,"RG","SE"
261,3,99,"RG","SE"
455,3,99,"RG","SE"
524,2,99,"RG","SE"
322,3,99,"RG","SE"
284,1,99,"RG","SE"
476,1,99,"RG","SE"
146,1,99,"RG","SE"
528,5,99,"RG","SE"
505,11,99,"RG","SE"
190,1,99,"RG","SE"
319,1,99,"RG","SE"
67,9,99,"RG","SE"
27,2,99,"RG","SE"
86,2,99,"RG","SE"
302,2,99,"RG","SE"
506,7,99,"RG","SE"
286,1,99,"RG","SE"
480,6,99,"RG","SE"
367,2,99,"RG","SE"
516,4,100,"RG","SE"
77,17,100,"RG","SE"
430,1,100,"RG","SE"
487,4,100,"RG","SE"
476,1,100,"RG","SE"
480,6,100,"RG","SE"
193,2,100,"RG","SE"
372,1,100,"RG","SE"
187,1,100,"RG","SE"
490,4,100,"RG","SE"
380,2,100,"RG","SE"
16,3,100,"RG","SE"
247,3,100,"RG","SE"
309,1,100,"RG","SE"
36,3,100,"RG","SE"
471,3,100,"RG","SE"
277,1,100,"RG","SE"
250,1,100,"RG","SE"
253,1,100,"RG","SE"
374,2,100,"RG","SE"
548,1,100,"RG","SE"
203,1,100,"RG","SE"
142,1,100,"RG","SE"
533,5,100,"RG","SE"
515,4,100,"RG","SE"
345,1,100,"RG","SE"
547,1,100,"RG","SE"
257,1,100,"RG","SE"
517,6,100,"RG","SE"
437,1,100,"RG","SE"
425,4,100,"RG","SE"
25,1,100,"RG","SE"
4,5,100,"RG","SE"
312,1,100,"RG","SE"
376,3,100,"RG","SE"
235,1,100,"RG","SE"
244,3,100,"RG","SE"
440,1,100,"RG","SE"
394,1,100,"RG","SE"
365,2,100,"RG","SE"
513,6,100,"RG","SE"
328,1,100,"RG","SE"
508,14,100,"RG","SE"
223,1,100,"RG","SE"
540,8,100,"RG","SE"
214,1,100,"RG","SE"
525,9,100,"RG","SE"
11,27,100,"RG","SE"
185,1,100,"RG","SE"
368,1,100,"RG","SE"
125,1,100,"RG","SE"
301,1,100,"RG","SE"
225,1,100,"RG","SE"
303,6,100,"RG","SE"
148,1,100,"RG","SE"
484,4,100,"RG","SE"
467,4,100,"RG","SE"
198,2,100,"RG","SE"
235,1,101,"RG","SE"
305,1,101,"RG","SE"
309,1,101,"RG","SE"
223,1,101,"RG","SE"
474,1,101,"RG","SE"
57,9,101,"RG","SE"
257,1,101,"RG","SE"
268,1,101,"RG","SE"
528,5,101,"RG","SE"
390,1,101,"RG","SE"
313,3,101,"RG","SE"
78,21,101,"RG","SE"
291,1,101,"RG","SE"
435,2,101,"RG","SE"
11,27,101,"RG","SE"
527,8,101,"RG","SE"
524,2,101,"RG","SE"
112,4,101,"RG","SE"
482,5,101,"RG","SE"
22,4,101,"RG","SE"
147,1,101,"RG","SE"
61,50,101,"RG","SE"
225,1,101,"RG","SE"
170,1,101,"RG","SE"
322,3,101,"RG","SE"
283,1,101,"RG","SE"
548,1,101,"RG","SE"
487,4,101,"RG","SE"
64,9,101,"RG","SE"
273,1,101,"RG","SE"
535,3,101,"RG","SE"
264,1,101,"RG","SE"
160,1,101,"RG","SE"
148,1,101,"RG","SE"
151,1,101,"RG","SE"
103,1,101,"RG","SE"
45,1,101,"RG","SE"
65,4,101,"RG","SE"
198,2,101,"RG","SE"
517,6,101,"RG","SE"
502,7,101,"RG","SE"
352,2,101,"RG","SE"
404,1,101,"RG","SE"
439,1,101,"RG","SE"
247,3,101,"RG","SE"
541,8,101,"RG","SE"
243,2,101,"RG","SE"
179,12,101,"RG","SE"
106,1,101,"RG","SE"
494,8,101,"RG","SE"
199,1,101,"RG","SE"
183,3,101,"RG","SE"
501,17,101,"RG","SE"
344,1,101,"RG","SE"
538,2,101,"RG","SE"
219,1,101,"RG","SE"
392,1,101,"RG","SE"
310,1,101,"RG","SE"
235,1,102,"RG","SE"
54,39,102,"RG","SE"
516,4,102,"RG","SE"
466,1,102,"RG","SE"
191,1,102,"RG","SE"
49,1,102,"RG","SE"
418,1,102,"RG","SE"
437,1,102,"RG","SE"
196,2,102,"RG","SE"
105,1,102,"RG","SE"
382,1,102,"RG","SE"
505,11,102,"RG","SE"
328,1,102,"RG","SE"
138,2,102,"RG","SE"
65,4,102,"RG","SE"
345,1,102,"RG","SE"
381,3,102,"RG","SE"
517,6,102,"RG","SE"
77,17,102,"RG","SE"
7,21,102,"RG","SE"
225,1,102,"RG","SE"
158,3,102,"RG","SE"
513,6,102,"RG","SE"
91,5,102,"RG","SE"
525,9,102,"RG","SE"
313,3,102,"RG","SE"
480,6,102,"RG","SE"
20,7,102,"RG","SE"
399,1,102,"RG","SE"
369,2,102,"RG","SE"
102,1,102,"RG","SE"
222,2,102,"RG","SE"
440,1,102,"RG","SE"
67,9,102,"RG","SE"
68,5,102,"RG","SE"
500,22,102,"RG","SE"
28,50,102,"RG","SE"
390,1,102,"RG","SE"
144,1,102,"RG","SE"
276,3,102,"RG","SE"
479,6,102,"RG","SE"
186,2,102,"RG","SE"
151,1,102,"RG","SE"
401,1,102,"RG","SE"
547,1,102,"RG","SE"
279,1,102,"RG","SE"
533,5,102,"RG","SE"
332,1,102,"RG","SE"
529,5,102,"RG","SE"
419,1,102,"RG","SE"
365,2,102,"RG","SE"
421,4,102,"RG","SE"
392,1,102,"RG","SE"
175,1,102,"RG","SE"
541,8,102,"RG","SE"
548,1,102,"RG","SE"
78,21,102,"RG","SE"
104,2,102,"RG","SE"
175,1,103,"RG","SE"
16,3,103,"RG","SE"
254,1,103,"RG","SE"
526,2,103,"RG","SE"
404,1,103,"RG","SE"
28,50,103,"RG","SE"
164,6,103,"RG","SE"
149,1,103,"RG","SE"
17,5,103,"RG","SE"
317,2,103,"RG","SE"
126,3,103,"RG","SE"
108,1,103,"RG","SE"
111,1,103,"RG","SE"
286,1,103,"RG","SE"
247,3,103,"RG","SE"
471,3,103,"RG","SE"
463,1,103,"RG","SE"
493,7,103,"RG","SE"
143,1,103,"RG","SE"
482,5,103,"RG","SE"
529,5,103,"RG","SE"
322,3,103,"RG","SE"
528,5,103,"RG","SE"
474,1,103,"RG","SE"
504,10,103,"RG","SE"
344,1,103,"RG","SE"
465,1,103,"RG","SE"
22,4,103,"RG","SE"
538,2,103,"RG","SE"
242,1,103,"RG","SE"
540,8,103,"RG","SE"
131,1,103,"RG","SE"
392,1,103,"RG","SE"
15,2,103,"RG","SE"
441,1,103,"RG","SE"
101,1,103,"RG","SE"
14,30,103,"RG","SE"
128,1,103,"RG","SE"
250,1,103,"RG","SE"
36,3,103,"RG","SE"
258,1,103,"RG","SE"
202,1,103,"RG","SE"
520,2,103,"RG","SE"
170,1,103,"RG","SE"
425,4,103,"RG","SE"
399,1,103,"RG","SE"
160,1,103,"RG","SE"
32,6,103,"RG","SE"
19,5,103,"RG","SE"
284,1,103,"RG","SE"
243,2,103,"RG","SE"
190,1,103,"RG","SE"
302,2,103,"RG","SE"
155,1,103,"RG","SE"
86,2,103,"RG","SE"
13,1,103,"RG","SE"
187,1,103,"RG","SE"
502,7,103,"RG","SE"
345,1,104,"RG","SE"
534,3,104,"RG","SE"
322,3,104,"RG","SE"
4,5,104,"RG","SE"
54,39,104,"RG","SE"
452,1,104,"RG","SE"
26,59,104,"RG","SE"
17,5,104,"RG","SE"
535,3,104,"RG","SE"
44,30,104,"RG","SE"
294,3,104,"RG","SE"
470,5,104,"RG","SE"
193,2,104,"RG","SE"
87,1,104,"RG","SE"
481,2,104,"RG","SE"
68,5,104,"RG","SE"
89,1,104,"RG","SE"
104,2,104,"RG","SE"
3,5,104,"RG","SE"
377,2,104,"RG","SE"
493,7,104,"RG","SE"
508,14,104,"RG","SE"
440,1,104,"RG","SE"
101,1,104,"RG","SE"
199,1,104,"RG","SE"
457,2,104,"RG","SE"
28,50,104,"RG","SE"
531,2,104,"RG","SE"
483,5,104,"RG","SE"
158,3,104,"RG","SE"
433,2,104,"RG","SE"
500,22,104,"RG","SE"
138,2,104,"RG","SE"
228,1,104,"RG","SE"
147,1,104,"RG","SE"
235,1,104,"RG","SE"
209,1,104,"RG","SE"
125,1,104,"RG","SE"
175,1,104,"RG","SE"
128,1,104,"RG","SE"
45,1,104,"RG","SE"
461,1,104,"RG","SE"
370,1,104,"RG","SE"
11,27,104,"RG","SE"
7,21,104,"RG","SE"
514,6,104,"RG","SE"
170,1,104,"RG","SE"
78,21,104,"RG","SE"
108,1,104,"RG","SE"
310,1,104,"RG","SE"
477,4,104,"RG","SE"
504,10,104,"RG","SE"
490,4,104,"RG","SE"
326,2,104,"RG","SE"
155,1,104,"RG","SE"
140,1,104,"RG","SE"
149,1,104,"RG","SE"
548,1,104,"RG","SE"
344,1,105,"RG","SE"
204,2,105,"RG","SE"
12,11,105,"RG","SE"
144,1,105,"RG","SE"
19,5,105,"RG","SE"
399,1,105,"RG","SE"
104,2,105,"RG","SE"
534,3,105,"RG","SE"
486,5,105,"RG","SE"
5,4,105,"RG","SE"
101,1,105,"RG","SE"
27,2,105,"RG","SE"
68,5,105,"RG","SE"
369,2,105,"RG","SE"
363,2,105,"RG","SE"
142,1,105,"RG","SE"
20,7,105,"RG","SE"
115,1,105,"RG","SE"
430,1,105,"RG","SE"
145,1,105,"RG","SE"
318,3,105,"RG","SE"
374,2,105,"RG","SE"
523,4,105,"RG","SE"
421,4,105,"RG","SE"
209,1,105,"RG","SE"
303,6,105,"RG","SE"
457,2,105,"RG","SE"
119,1,105,"RG","SE"
357,1,105,"RG","SE"
284,1,105,"RG","SE"
10,1,105,"RG","SE"
490,4,105,"RG","SE"
340,1,105,"RG","SE"
463,1,105,"RG","SE"
125,1,105,"RG","SE"
45,1,105,"RG","SE"
526,2,105,"RG","SE"
531,2,105,"RG","SE"
67,9,105,"RG","SE"
494,8,105,"RG","SE"
26,59,105,"RG","SE"
261,3,105,"RG","SE"
38,3,105,"RG","SE"
171,1,105,"RG","SE"
276,3,105,"RG","SE"
326,2,105,"RG","SE"
283,1,105,"RG","SE"
252,2,105,"RG","SE"
431,1,105,"RG","SE"
54,39,105,"RG","SE"
243,2,105,"RG","SE"
545,1,105,"RG","SE"
535,3,105,"RG","SE"
541,8,105,"RG","SE"
506,7,105,"RG","SE"
191,1,105,"RG","SE"
455,3,105,"RG","SE"
476,1,105,"RG","SE"
358,16,106,"RG","SE"
129,2,106,"RG","SE"
541,8,106,"RG","SE"
141,2,106,"RG","SE"
330,1,106,"RG","SE"
354,2,106,"RG","SE"
322,3,106,"RG","SE"
145,1,106,"RG","SE"
143,1,106,"RG","SE"
247,3,106,"RG","SE"
479,6,106,"RG","SE"
277,1,106,"RG","SE"
26,59,106,"RG","SE"
199,1,106,"RG","SE"
304,2,106,"RG","SE"
198,2,106,"RG","SE"
413,1,106,"RG","SE"
15,2,106,"RG","SE"
426,4,106,"RG","SE"
520,2,106,"RG","SE"
85,15,106,"RG","SE"
501,17,106,"RG","SE"
219,1,106,"RG","SE"
510,9,106,"RG","SE"
441,1,106,"RG","SE"
395,1,106,"RG","SE"
305,1,106,"RG","SE"
456,1,106,"RG","SE"
28,50,106,"RG","SE"
425,4,106,"RG","SE"
533,5,106,"RG","SE"
340,1,106,"RG","SE"
44,30,106,"RG","SE"
87,1,106,"RG","SE"
132,1,106,"RG","SE"
376,3,106,"RG","SE"
363,2,106,"RG","SE"
131,1,106,"RG","SE"
122,2,106,"RG","SE"
77,17,106,"RG","SE"
490,4,106,"RG","SE"
539,1,106,"RG","SE"
349,1,106,"RG","SE"
214,1,106,"RG","SE"
252,2,106,"RG","SE"
523,4,106,"RG","SE"
527,8,106,"RG","SE"
345,1,106,"RG","SE"
245,1,106,"RG","SE"
506,7,106,"RG","SE"
194,1,106,"RG","SE"
179,12,106,"RG","SE"
125,1,106,"RG","SE"
276,3,106,"RG","SE"
144,1,106,"RG","SE"
514,6,106,"RG","SE"
111,1,106,"RG","SE"
4,5,106,"RG","SE"
509,3,107,"RG","SE"
336,1,107,"RG","SE"
15,2,107,"RG","SE"
158,3,107,"RG","SE"
404,1,107,"RG","SE"
477,4,107,"RG","SE"
357,1,107,"RG","SE"
273,1,107,"RG","SE"
456,1,107,"RG","SE"
80,6,107,"RG","SE"
185,1,107,"RG","SE"
247,3,107,"RG","SE"
26,59,107,"RG","SE"
378,1,107,"RG","SE"
399,1,107,"RG","SE"
57,9,107,"RG","SE"
13,1,107,"RG","SE"
207,1,107,"RG","SE"
225,1,107,"RG","SE"
410,2,107,"RG","SE"
157,1,107,"RG","SE"
202,1,107,"RG","SE"
529,5,107,"RG","SE"
489,4,107,"RG","SE"
482,5,107,"RG","SE"
253,1,107,"RG","SE"
276,3,107,"RG","SE"
45,1,107,"RG","SE"
426,4,107,"RG","SE"
264,1,107,"RG","SE"
42,1,107,"RG","SE"
440,1,107,"RG","SE"
524,2,107,"RG","SE"
72,9,107,"RG","SE"
351,1,107,"RG","SE"
496,22,107,"RG","SE"
305,1,107,"RG","SE"
487,4,107,"RG","SE"
175,1,107,"RG","SE"
394,1,107,"RG","SE"
148,1,107,"RG","SE"
470,5,107,"RG","SE"
147,1,107,"RG","SE"
146,1,107,"RG","SE"
269,1,107,"RG","SE"
548,1,107,"RG","SE"
204,2,107,"RG","SE"
363,2,107,"RG","SE"
463,1,107,"RG","SE"
122,2,107,"RG","SE"
352,2,107,"RG","SE"
415,1,107,"RG","SE"
291,1,107,"RG","SE"
547,1,107,"RG","SE"
540,8,107,"RG","SE"
130,1,107,"RG","SE"
14,30,107,"RG","SE"
389,3,107,"RG","SE"
54,39,108,"RG","SE"
476,1,108,"RG","SE"
318,3,108,"RG","SE"
85,15,108,"RG","SE"
169,1,108,"RG","SE"
247,3,108,"RG","SE"
183,3,108,"RG","SE"
214,1,108,"RG","SE"
380,2,108,"RG","SE"
65,4,108,"RG","SE"
435,2,108,"RG","SE"
417,1,108,"RG","SE"
25,1,108,"RG","SE"
545,1,108,"RG","SE"
487,4,108,"RG","SE"
115,1,108,"RG","SE"
527,8,108,"RG","SE"
132,1,108,"RG","SE"
312,1,108,"RG","SE"
374,2,108,"RG","SE"
520,2,108,"RG","SE"
77,17,108,"RG","SE"
348,2,108,"RG","SE"
283,1,108,"RG","SE"
483,5,108,"RG","SE"
269,1,108,"RG","SE"
173,2,108,"RG","SE"
166,1,108,"RG","SE"
124,4,108,"RG","SE"
382,1,108,"RG","SE"
243,2,108,"RG","SE"
456,1,108,"RG","SE"
22,4,108,"RG","SE"
372,1,108,"RG","SE"
474,1,108,"RG","SE"
255,1,108,"RG","SE"
147,1,108,"RG","SE"
277,1,108,"RG","SE"
410,2,108,"RG","SE"
190,1,108,"RG","SE"
78,21,108,"RG","SE"
526,2,108,"RG","SE"
421,4,108,"RG","SE"
111,1,108,"RG","SE"
146,1,108,"RG","SE"
440,1,108,"RG","SE"
524,2,108,"RG","SE"
534,3,108,"RG","SE"
538,2,108,"RG","SE"
462,1,108,"RG","SE"
426,4,108,"RG","SE"
370,1,108,"RG","SE"
5,4,108,"RG","SE"
399,1,108,"RG","SE"
540,8,108,"RG","SE"
535,3,108,"RG","SE"
252,2,108,"RG","SE"
415,1,108,"RG","SE"
242,1,109,"RG","SE"
439,1,109,"RG","SE"
72,9,109,"RG","SE"
108,1,109,"RG","SE"
515,4,109,"RG","SE"
284,1,109,"RG","SE"
354,2,109,"RG","SE"
482,5,109,"RG","SE"
219,1,109,"RG","SE"
366,1,109,"RG","SE"
380,2,109,"RG","SE"
65,4,109,"RG","SE"
279,1,109,"RG","SE"
291,1,109,"RG","SE"
249,2,109,"RG","SE"
175,1,109,"RG","SE"
418,1,109,"RG","SE"
248,5,109,"RG","SE"
245,1,109,"RG","SE"
151,1,109,"RG","SE"
57,9,109,"RG","SE"
128,1,109,"RG","SE"
437,1,109,"RG","SE"
101,1,109,"RG","SE"
533,5,109,"RG","SE"
435,2,109,"RG","SE"
45,1,109,"RG","SE"
544,1,109,"RG","SE"
209,1,109,"RG","SE"
266,1,109,"RG","SE"
490,4,109,"RG","SE"
10,1,109,"RG","SE"
146,1,109,"RG","SE"
33,12,109,"RG","SE"
196,2,109,"RG","SE"
501,17,109,"RG","SE"
16,3,109,"RG","SE"
276,3,109,"RG","SE"
513,6,109,"RG","SE"
489,4,109,"RG","SE"
509,3,109,"RG","SE"
132,1,109,"RG","SE"
12,11,109,"RG","SE"
153,1,109,"RG","SE"
11,27,109,"RG","SE"
365,2,109,"RG","SE"
32,6,109,"RG","SE"
368,1,109,"RG","SE"
86,2,109,"RG","SE"
452,1,109,"RG","SE"
548,1,109,"RG","SE"
67,9,109,"RG","SE"
191,1,109,"RG","SE"
374,2,109,"RG","SE"
504,10,109,"RG","SE"
517,6,109,"RG","SE"
447,4,109,"RG","SE"
247,3,109,"RG","SE"
455,3,110,"RG","SE"
301,1,110,"RG","SE"
186,2,110,"RG","SE"
501,17,110,"RG","SE"
44,30,110,"RG","SE"
276,3,110,"RG","SE"
42,1,110,"RG","SE"
219,1,110,"RG","SE"
193,2,110,"RG","SE"
477,4,110,"RG","SE"
160,1,110,"RG","SE"
341,2,110,"RG","SE"
352,2,110,"RG","SE"
419,1,110,"RG","SE"
496,22,110,"RG","SE"
108,1,110,"RG","SE"
142,1,110,"RG","SE"
249,2,110,"RG","SE"
198,2,110,"RG","SE"
244,3,110,"RG","SE"
510,9,110,"RG","SE"
126,3,110,"RG","SE"
89,1,110,"RG","SE"
157,1,110,"RG","SE"
223,1,110,"RG","SE"
194,1,110,"RG","SE"
191,1,110,"RG","SE"
19,5,110,"RG","SE"
225,1,110,"RG","SE"
273,1,110,"RG","SE"
529,5,110,"RG","SE"
463,1,110,"RG","SE"
173,2,110,"RG","SE"
214,1,110,"RG","SE"
340,1,110,"RG","SE"
336,1,110,"RG","SE"
148,1,110,"RG","SE"
237,1,110,"RG","SE"
175,1,110,"RG","SE"
452,1,110,"RG","SE"
394,1,110,"RG","SE"
140,1,110,"RG","SE"
377,2,110,"RG","SE"
269,1,110,"RG","SE"
365,2,110,"RG","SE"
410,2,110,"RG","SE"
49,1,110,"RG","SE"
547,1,110,"RG","SE"
104,2,110,"RG","SE"
254,1,110,"RG","SE"
14,30,110,"RG","SE"
366,1,110,"RG","SE"
426,4,110,"RG","SE"
119,1,110,"RG","SE"
462,1,110,"RG","SE"
317,2,110,"RG","SE"
131,1,110,"RG","SE"
124,4,110,"RG","SE"
57,9,111,"RG","SE"
309,1,111,"RG","SE"
458,1,111,"RG","SE"
358,16,111,"RG","SE"
286,1,111,"RG","SE"
214,1,111,"RG","SE"
279,1,111,"RG","SE"
168,1,111,"RG","SE"
319,1,111,"RG","SE"
223,1,111,"RG","SE"
45,1,111,"RG","SE"
198,2,111,"RG","SE"
83,2,111,"RG","SE"
404,1,111,"RG","SE"
527,8,111,"RG","SE"
377,2,111,"RG","SE"
264,1,111,"RG","SE"
17,5,111,"RG","SE"
532,5,111,"RG","SE"
65,4,111,"RG","SE"
516,4,111,"RG","SE"
436,1,111,"RG","SE"
80,6,111,"RG","SE"
104,2,111,"RG","SE"
322,3,111,"RG","SE"
304,2,111,"RG","SE"
415,1,111,"RG","SE"
382,1,111,"RG","SE"
340,1,111,"RG","SE"
106,1,111,"RG","SE"
138,2,111,"RG","SE"
357,1,111,"RG","SE"
438,6,111,"RG","SE"
105,1,111,"RG","SE"
196,2,111,"RG","SE"
457,2,111,"RG","SE"
258,1,111,"RG","SE"
191,1,111,"RG","SE"
255,1,111,"RG","SE"
61,50,111,"RG","SE"
199,1,111,"RG","SE"
493,7,111,"RG","SE"
481,2,111,"RG","SE"
500,22,111,"RG","SE"
462,1,111,"RG","SE"
169,1,111,"RG","SE"
148,1,111,"RG","SE"
123,4,111,"RG","SE"
531,2,111,"RG","SE"
225,1,111,"RG","SE"
266,1,111,"RG","SE"
125,1,111,"RG","SE"
345,1,111,"RG","SE"
277,1,111,"RG","SE"
146,1,111,"RG","SE"
435,2,111,"RG","SE"
365,2,111,"RG","SE"
486,5,111,"RG","SE"
122,2,112,"RG","SE"
354,2,112,"RG","SE"
469,5,112,"RG","SE"
17,5,112,"RG","SE"
187,1,112,"RG","SE"
250,1,112,"RG","SE"
7,21,112,"RG","SE"
341,2,112,"RG","SE"
130,1,112,"RG","SE"
207,1,112,"RG","SE"
171,1,112,"RG","SE"
72,9,112,"RG","SE"
452,1,112,"RG","SE"
381,3,112,"RG","SE"
160,1,112,"RG","SE"
310,1,112,"RG","SE"
255,1,112,"RG","SE"
33,12,112,"RG","SE"
539,1,112,"RG","SE"
541,8,112,"RG","SE"
524,2,112,"RG","SE"
140,1,112,"RG","SE"
513,6,112,"RG","SE"
480,6,112,"RG","SE"
370,1,112,"RG","SE"
301,1,112,"RG","SE"
54,39,112,"RG","SE"
13,1,112,"RG","SE"
527,8,112,"RG","SE"
38,3,112,"RG","SE"
366,1,112,"RG","SE"
179,12,112,"RG","SE"
538,2,112,"RG","SE"
147,1,112,"RG","SE"
111,1,112,"RG","SE"
502,7,112,"RG","SE"
519,3,112,"RG","SE"
115,1,112,"RG","SE"
268,1,112,"RG","SE"
488,6,112,"RG","SE"
5,4,112,"RG","SE"
474,1,112,"RG","SE"
419,1,112,"RG","SE"
132,1,112,"RG","SE"
85,15,112,"RG","SE"
27,2,112,"RG","SE"
243,2,112,"RG","SE"
277,1,112,"RG","SE"
529,5,112,"RG","SE"
49,1,112,"RG","SE"
308,2,112,"RG","SE"
51,2,112,"RG","SE"
141,2,112,"RG","SE"
531,2,112,"RG","SE"
193,2,112,"RG","SE"
426,4,112,"RG","SE"
389,3,112,"RG","SE"
455,3,112,"RG","SE"
222,2,113,"RG","SE"
77,17,113,"RG","SE"
517,6,113,"RG","SE"
285,3,113,"RG","SE"
179,12,113,"RG","SE"
185,1,113,"RG","SE"
228,1,113,"RG","SE"
508,14,113,"RG","SE"
336,1,113,"RG","SE"
397,1,113,"RG","SE"
358,16,113,"RG","SE"
196,2,113,"RG","SE"
102,1,113,"RG","SE"
124,4,113,"RG","SE"
89,1,113,"RG","SE"
253,1,113,"RG","SE"
291,1,113,"RG","SE"
45,1,113,"RG","SE"
374,2,113,"RG","SE"
28,50,113,"RG","SE"
193,2,113,"RG","SE"
370,1,113,"RG","SE"
479,6,113,"RG","SE"
157,1,113,"RG","SE"
282,1,113,"RG","SE"
482,5,113,"RG","SE"
87,1,113,"RG","SE"
261,3,113,"RG","SE"
203,1,113,"RG","SE"
80,6,113,"RG","SE"
42,1,113,"RG","SE"
319,1,113,"RG","SE"
144,1,113,"RG","SE"
78,21,113,"RG","SE"
426,4,113,"RG","SE"
49,1,113,"RG","SE"
533,5,113,"RG","SE"
344,1,113,"RG","SE"
160,1,113,"RG","SE"
115,1,113,"RG","SE"
463,1,113,"RG","SE"
108,1,113,"RG","SE"
166,1,113,"RG","SE"
363,2,113,"RG","SE"
524,2,113,"RG","SE"
431,1,113,"RG","SE"
32,6,113,"RG","SE"
207,1,113,"RG","SE"
149,1,113,"RG","SE"
170,1,113,"RG","SE"
417,1,113,"RG","SE"
332,1,113,"RG","SE"
305,1,113,"RG","SE"
128,1,113,"RG","SE"
474,1,113,"RG","SE"
51,2,113,"RG","SE"
83,2,113,"RG","SE"
19,5,113,"RG","SE"
151,1,114,"RG","SE"
515,4,114,"RG","SE"
268,1,114,"RG","SE"
493,7,114,"RG","SE"
12,11,114,"RG","SE"
237,1,114,"RG","SE"
477,4,114,"RG","SE"
529,5,114,"RG","SE"
202,1,114,"RG","SE"
445,10,114,"RG","SE"
534,3,114,"RG","SE"
419,1,114,"RG","SE"
91,5,114,"RG","SE"
131,1,114,"RG","SE"
374,2,114,"RG","SE"
441,1,114,"RG","SE"
45,1,114,"RG","SE"
86,2,114,"RG","SE"
430,1,114,"RG","SE"
168,1,114,"RG","SE"
517,6,114,"RG","SE"
223,1,114,"RG","SE"
435,2,114,"RG","SE"
471,3,114,"RG","SE"
123,4,114,"RG","SE"
394,1,114,"RG","SE"
191,1,114,"RG","SE"
68,5,114,"RG","SE"
149,1,114,"RG","SE"
367,2,114,"RG","SE"
10,1,114,"RG","SE"
418,1,114,"RG","SE"
115,1,114,"RG","SE"
494,8,114,"RG","SE"
344,1,114,"RG","SE"
155,1,114,"RG","SE"
467,4,114,"RG","SE"
365,2,114,"RG","SE"
380,2,114,"RG","SE"
352,2,114,"RG","SE"
476,1,114,"RG","SE"
505,11,114,"RG","SE"
415,1,114,"RG","SE"
199,1,114,"RG","SE"
104,2,114,"RG","SE"
520,2,114,"RG","SE"
57,9,114,"RG","SE"
317,2,114,"RG","SE"
129,2,114,"RG","SE"
187,1,114,"RG","SE"
19,5,114,"RG","SE"
302,2,114,"RG","SE"
308,2,114,"RG","SE"
248,5,114,"RG","SE"
368,1,114,"RG","SE"
209,1,114,"RG","SE"
15,2,114,"RG","SE"
146,1,114,"RG","SE"
501,17,115,"RG","SE"
524,2,115,"RG","SE"
308,2,115,"RG","SE"
294,3,115,"RG","SE"
173,2,115,"RG","SE"
348,2,115,"RG","SE"
516,4,115,"RG","SE"
104,2,115,"RG","SE"
431,1,115,"RG","SE"
112,4,115,"RG","SE"
252,2,115,"RG","SE"
160,1,115,"RG","SE"
283,1,115,"RG","SE"
257,1,115,"RG","SE"
426,4,115,"RG","SE"
243,2,115,"RG","SE"
110,1,115,"RG","SE"
390,1,115,"RG","SE"
202,1,115,"RG","SE"
404,1,115,"RG","SE"
254,1,115,"RG","SE"
61,50,115,"RG","SE"
418,1,115,"RG","SE"
12,11,115,"RG","SE"
261,3,115,"RG","SE"
132,1,115,"RG","SE"
351,1,115,"RG","SE"
26,59,115,"RG","SE"
285,3,115,"RG","SE"
85,15,115,"RG","SE"
387,1,115,"RG","SE"
313,3,115,"RG","SE"
207,1,115,"RG","SE"
169,1,115,"RG","SE"
513,6,115,"RG","SE"
322,3,115,"RG","SE"
479,6,115,"RG","SE"
463,1,115,"RG","SE"
437,1,115,"RG","SE"
436,1,115,"RG","SE"
153,1,115,"RG","SE"
131,1,115,"RG","SE"
3,5,115,"RG","SE"
441,1,115,"RG","SE"
87,1,115,"RG","SE"
401,1,115,"RG","SE"
25,1,115,"RG","SE"
519,3,115,"RG","SE"
377,2,115,"RG","SE"
296,1,115,"RG","SE"
72,9,115,"RG","SE"
232,4,115,"RG","SE"
477,4,115,"RG","SE"
244,3,115,"RG","SE"
425,4,115,"RG","SE"
352,2,115,"RG","SE"
142,1,115,"RG","SE"
44,30,115,"RG","SE"
116,1,116,"RG","SE"
358,16,116,"RG","SE"
42,1,116,"RG","SE"
413,1,116,"RG","SE"
351,1,116,"RG","SE"
415,1,116,"RG","SE"
132,1,116,"RG","SE"
528,5,116,"RG","SE"
318,3,116,"RG","SE"
285,3,116,"RG","SE"
439,1,116,"RG","SE"
419,1,116,"RG","SE"
457,2,116,"RG","SE"
513,6,116,"RG","SE"
257,1,116,"RG","SE"
108,1,116,"RG","SE"
378,1,116,"RG","SE"
171,1,116,"RG","SE"
284,1,116,"RG","SE"
438,6,116,"RG","SE"
404,1,116,"RG","SE"
352,2,116,"RG","SE"
370,1,116,"RG","SE"
101,1,116,"RG","SE"
190,1,116,"RG","SE"
479,6,116,"RG","SE"
394,1,116,"RG","SE"
341,2,116,"RG","SE"
250,1,116,"RG","SE"
545,1,116,"RG","SE"
493,7,116,"RG","SE"
496,22,116,"RG","SE"
254,1,116,"RG","SE"
130,1,116,"RG","SE"
282,1,116,"RG","SE"
515,4,116,"RG","SE"
166,1,116,"RG","SE"
372,1,116,"RG","SE"
126,3,116,"RG","SE"
357,1,116,"RG","SE"
276,3,116,"RG","SE"
187,1,116,"RG","SE"
87,1,116,"RG","SE"
269,1,116,"RG","SE"
147,1,116,"RG","SE"
122,2,116,"RG","SE"
531,2,116,"RG","SE"
291,1,116,"RG","SE"
366,1,116,"RG","SE"
26,59,116,"RG","SE"
308,2,116,"RG","SE"
539,1,116,"RG","SE"
209,1,116,"RG","SE"
374,2,116,"RG","SE"
365,2,116,"RG","SE"
376,3,116,"RG","SE"
526,2,116,"RG","SE"
520,2,116,"RG","SE"
483,5,117,"RG","SE"
439,1,117,"RG","SE"
399,1,117,"RG","SE"
131,1,117,"RG","SE"
390,1,117,"RG","SE"
105,1,117,"RG","SE"
410,2,117,"RG","SE"
394,1,117,"RG","SE"
440,1,117,"RG","SE"
51,2,117,"RG","SE"
277,1,117,"RG","SE"
237,1,117,"RG","SE"
102,1,117,"RG","SE"
520,2,117,"RG","SE"
471,3,117,"RG","SE"
500,22,117,"RG","SE"
147,1,117,"RG","SE"
204,2,117,"RG","SE"
489,4,117,"RG","SE"
387,1,117,"RG","SE"
4,5,117,"RG","SE"
404,1,117,"RG","SE"
517,6,117,"RG","SE"
68,5,117,"RG","SE"
421,4,117,"RG","SE"
301,1,117,"RG","SE"
158,3,117,"RG","SE"
382,1,117,"RG","SE"
42,1,117,"RG","SE"
341,2,117,"RG","SE"
155,1,117,"RG","SE"
395,1,117,"RG","SE"
45,1,117,"RG","SE"
7,21,117,"RG","SE"
490,4,117,"RG","SE"
243,2,117,"RG","SE"
286,1,117,"RG","SE"
278,1,117,"RG","SE"
15,2,117,"RG","SE"
531,2,117,"RG","SE"
101,1,117,"RG","SE"
11,27,117,"RG","SE"
312,1,117,"RG","SE"
106,1,117,"RG","SE"
145,1,117,"RG","SE"
493,7,117,"RG","SE"
374,2,117,"RG","SE"
249,2,117,"RG","SE"
186,2,117,"RG","SE"
303,6,117,"RG","SE"
144,1,117,"RG","SE"
547,1,117,"RG","SE"
419,1,117,"RG","SE"
376,3,117,"RG","SE"
245,1,117,"RG","SE"
191,1,117,"RG","SE"
540,8,117,"RG","SE"
198,2,117,"RG","SE"
83,2,118,"RG","SE"
547,1,118,"RG","SE"
463,1,118,"RG","SE"
489,4,118,"RG","SE"
466,1,118,"RG","SE"
354,2,118,"RG","SE"
286,1,118,"RG","SE"
482,5,118,"RG","SE"
490,4,118,"RG","SE"
369,2,118,"RG","SE"
146,1,118,"RG","SE"
345,1,118,"RG","SE"
126,3,118,"RG","SE"
175,1,118,"RG","SE"
496,22,118,"RG","SE"
545,1,118,"RG","SE"
144,1,118,"RG","SE"
171,1,118,"RG","SE"
106,1,118,"RG","SE"
509,3,118,"RG","SE"
326,2,118,"RG","SE"
258,1,118,"RG","SE"
378,1,118,"RG","SE"
279,1,118,"RG","SE"
425,4,118,"RG","SE"
110,1,118,"RG","SE"
401,1,118,"RG","SE"
124,4,118,"RG","SE"
237,1,118,"RG","SE"
508,14,118,"RG","SE"
529,5,118,"RG","SE"
4,5,118,"RG","SE"
108,1,118,"RG","SE"
78,21,118,"RG","SE"
548,1,118,"RG","SE"
7,21,118,"RG","SE"
343,9,118,"RG","SE"
318,3,118,"RG","SE"
32,6,118,"RG","SE"
397,1,118,"RG","SE"
273,1,118,"RG","SE"
103,1,118,"RG","SE"
253,1,118,"RG","SE"
365,2,118,"RG","SE"
322,3,118,"RG","SE"
481,2,118,"RG","SE"
535,3,118,"RG","SE"
169,1,118,"RG","SE"
430,1,118,"RG","SE"
232,4,118,"RG","SE"
28,50,118,"RG","SE"
203,1,118,"RG","SE"
382,1,118,"RG","SE"
145,1,118,"RG","SE"
493,7,118,"RG","SE"
351,1,118,"RG","SE"
539,1,118,"RG","SE"
194,1,118,"RG","SE"
366,1,119,"RG","SE"
175,1,119,"RG","SE"
21,7,119,"RG","SE"
148,1,119,"RG","SE"
296,1,119,"RG","SE"
332,1,119,"RG","SE"
193,2,119,"RG","SE"
253,1,119,"RG","SE"
517,6,119,"RG","SE"
540,8,119,"RG","SE"
291,1,119,"RG","SE"
44,30,119,"RG","SE"
273,1,119,"RG","SE"
488,6,119,"RG","SE"
351,1,119,"RG","SE"
194,1,119,"RG","SE"
219,1,119,"RG","SE"
535,3,119,"RG","SE"
245,1,119,"RG","SE"
5,4,119,"RG","SE"
395,1,119,"RG","SE"
119,1,119,"RG","SE"
33,12,119,"RG","SE"
116,1,119,"RG","SE"
527,8,119,"RG","SE"
532,5,119,"RG","SE"
124,4,119,"RG","SE"
129,2,119,"RG","SE"
506,7,119,"RG","SE"
126,3,119,"RG","SE"
103,1,119,"RG","SE"
3,5,119,"RG","SE"
438,6,119,"RG","SE"
313,3,119,"RG","SE"
283,1,119,"RG","SE"
242,1,119,"RG","SE"
372,1,119,"RG","SE"
115,1,119,"RG","SE"
496,22,119,"RG","SE"
304,2,119,"RG","SE"
545,1,119,"RG","SE"
317,2,119,"RG","SE"
452,1,119,"RG","SE"
352,2,119,"RG","SE"
378,1,119,"RG","SE"
254,1,119,"RG","SE"
106,1,119,"RG","SE"
141,2,119,"RG","SE"
225,1,119,"RG","SE"
243,2,119,"RG","SE"
470,5,119,"RG","SE"
401,1,119,"RG","SE"
533,5,119,"RG","SE"
466,1,119,"RG","SE"
474,1,119,"RG","SE"
381,3,119,"RG","SE"
202,1,119,"RG","SE"
520,2,119,"RG","SE"
57,9,120,"RG","SE"
128,1,120,"RG","SE"
458,1,120,"RG","SE"
247,3,120,"RG","SE"
471,3,120,"RG","SE"
496,22,120,"RG","SE"
525,9,120,"RG","SE"
452,1,120,"RG","SE"
16,3,120,"RG","SE"
255,1,120,"RG","SE"
183,3,120,"RG","SE"
541,8,120,"RG","SE"
524,2,120,"RG","SE"
191,1,120,"RG","SE"
365,2,120,"RG","SE"
235,1,120,"RG","SE"
104,2,120,"RG","SE"
345,1,120,"RG","SE"
376,3,120,"RG","SE"
447,4,120,"RG","SE"
488,6,120,"RG","SE"
372,1,120,"RG","SE"
25,1,120,"RG","SE"
171,1,120,"RG","SE"
415,1,120,"RG","SE"
284,1,120,"RG","SE"
510,9,120,"RG","SE"
363,2,120,"RG","SE"
106,1,120,"RG","SE"
86,2,120,"RG","SE"
326,2,120,"RG","SE"
294,3,120,"RG","SE"
413,1,120,"RG","SE"
170,1,120,"RG","SE"
441,1,120,"RG","SE"
149,1,120,"RG","SE"
277,1,120,"RG","SE"
209,1,120,"RG","SE"
108,1,120,"RG","SE"
349,1,120,"RG","SE"
196,2,120,"RG","SE"
535,3,120,"RG","SE"
32,6,120,"RG","SE"
202,1,120,"RG","SE"
296,1,120,"RG","SE"
366,1,120,"RG","SE"
422,4,120,"RG","SE"
27,2,120,"RG","SE"
68,5,120,"RG","SE"
352,2,120,"RG","SE"
462,1,120,"RG","SE"
147,1,120,"RG","SE"
520,2,120,"RG","SE"
382,1,120,"RG","SE"
498,25,120,"RG","SE"
153,1,120,"RG","SE"
5,4,120,"RG","SE"
358,16,120,"RG","SE"
284,1,121,"RG","SE"
523,4,121,"RG","SE"
250,1,121,"RG","SE"
501,17,121,"RG","SE"
209,1,121,"RG","SE"
471,3,121,"RG","SE"
273,1,121,"RG","SE"
204,2,121,"RG","SE"
232,4,121,"RG","SE"
153,1,121,"RG","SE"
146,1,121,"RG","SE"
87,1,121,"RG","SE"
534,3,121,"RG","SE"
170,1,121,"RG","SE"
496,22,121,"RG","SE"
77,17,121,"RG","SE"
377,2,121,"RG","SE"
502,7,121,"RG","SE"
540,8,121,"RG","SE"
399,1,121,"RG","SE"
535,3,121,"RG","SE"
45,1,121,"RG","SE"
190,1,121,"RG","SE"
61,50,121,"RG","SE"
528,5,121,"RG","SE"
308,2,121,"RG","SE"
249,2,121,"RG","SE"
380,2,121,"RG","SE"
313,3,121,"RG","SE"
44,30,121,"RG","SE"
3,5,121,"RG","SE"
101,1,121,"RG","SE"
458,1,121,"RG","SE"
544,1,121,"RG","SE"
365,2,121,"RG","SE"
283,1,121,"RG","SE"
128,1,121,"RG","SE"
519,3,121,"RG","SE"
110,1,121,"RG","SE"
361,3,121,"RG","SE"
219,1,121,"RG","SE"
483,5,121,"RG","SE"
72,9,121,"RG","SE"
378,1,121,"RG","SE"
89,1,121,"RG","SE"
482,5,121,"RG","SE"
418,1,121,"RG","SE"
456,1,121,"RG","SE"
509,3,121,"RG","SE"
202,1,121,"RG","SE"
488,6,121,"RG","SE"
21,7,121,"RG","SE"
349,1,121,"RG","SE"
247,3,121,"RG","SE"
223,1,121,"RG","SE"
27,2,121,"RG","SE"
141,2,121,"RG","SE"
545,1,121,"RG","SE"
106,1,122,"RG","SE"
366,1,122,"RG","SE"
235,1,122,"RG","SE"
219,1,122,"RG","SE"
252,2,122,"RG","SE"
170,1,122,"RG","SE"
144,1,122,"RG","SE"
255,1,122,"RG","SE"
514,6,122,"RG","SE"
352,2,122,"RG","SE"
397,1,122,"RG","SE"
64,9,122,"RG","SE"
16,3,122,"RG","SE"
349,1,122,"RG","SE"
535,3,122,"RG","SE"
119,1,122,"RG","SE"
13,1,122,"RG","SE"
395,1,122,"RG","SE"
539,1,122,"RG","SE"
506,7,122,"RG","SE"
3,5,122,"RG","SE"
484,4,122,"RG","SE"
367,2,122,"RG","SE"
49,1,122,"RG","SE"
277,1,122,"RG","SE"
164,6,122,"RG","SE"
470,5,122,"RG","SE"
462,1,122,"RG","SE"
27,2,122,"RG","SE"
291,1,122,"RG","SE"
249,2,122,"RG","SE"
103,1,122,"RG","SE"
445,10,122,"RG","SE"
237,1,122,"RG","SE"
326,2,122,"RG","SE"
417,1,122,"RG","SE"
332,1,122,"RG","SE"
112,4,122,"RG","SE"
461,1,122,"RG","SE"
351,1,122,"RG","SE"
51,2,122,"RG","SE"
361,3,122,"RG","SE"
422,4,122,"RG","SE"
78,21,122,"RG","SE"
254,1,122,"RG","SE"
125,1,122,"RG","SE"
36,3,122,"RG","SE"
505,11,122,"RG","SE"
190,1,122,"RG","SE"
203,1,122,"RG","SE"
487,4,122,"RG","SE"
440,1,122,"RG","SE"
465,1,122,"RG","SE"
387,1,122,"RG","SE"
447,4,122,"RG","SE"
318,3,122,"RG","SE"
426,4,122,"RG","SE"
33,12,122,"RG","SE"
534,3,123,"RG","SE"
20,7,123,"RG","SE"
369,2,123,"RG","SE"
529,5,123,"RG","SE"
128,1,123,"RG","SE"
252,2,123,"RG","SE"
312,1,123,"RG","SE"
319,1,123,"RG","SE"
273,1,123,"RG","SE"
3,5,123,"RG","SE"
502,7,123,"RG","SE"
500,22,123,"RG","SE"
228,1,123,"RG","SE"
397,1,123,"RG","SE"
286,1,123,"RG","SE"
269,1,123,"RG","SE"
413,1,123,"RG","SE"
168,1,123,"RG","SE"
140,1,123,"RG","SE"
202,1,123,"RG","SE"
487,4,123,"RG","SE"
395,1,123,"RG","SE"
26,59,123,"RG","SE"
61,50,123,"RG","SE"
458,1,123,"RG","SE"
51,2,123,"RG","SE"
255,1,123,"RG","SE"
493,7,123,"RG","SE"
294,3,123,"RG","SE"
25,1,123,"RG","SE"
526,2,123,"RG","SE"
16,3,123,"RG","SE"
38,3,123,"RG","SE"
477,4,123,"RG","SE"
116,1,123,"RG","SE"
186,2,123,"RG","SE"
112,4,123,"RG","SE"
214,1,123,"RG","SE"
533,5,123,"RG","SE"
78,21,123,"RG","SE"
21,7,123,"RG","SE"
89,1,123,"RG","SE"
520,2,123,"RG","SE"
196,2,123,"RG","SE"
15,2,123,"RG","SE"
394,1,123,"RG","SE"
27,2,123,"RG","SE"
125,1,123,"RG","SE"
261,3,123,"RG","SE"
496,22,123,"RG","SE"
510,9,123,"RG","SE"
284,1,123,"RG","SE"
531,2,123,"RG","SE"
438,6,123,"RG","SE"
548,1,123,"RG","SE"
308,2,123,"RG","SE"
108,1,123,"RG","SE"
132,1,123,"RG","SE"
502,7,124,"RG","SE"
397,1,124,"RG","SE"
258,1,124,"RG","SE"
389,3,124,"RG","SE"
470,5,124,"RG","SE"
171,1,124,"RG","SE"
456,1,124,"RG","SE"
367,2,124,"RG","SE"
326,2,124,"RG","SE"
138,2,124,"RG","SE"
157,1,124,"RG","SE"
415,1,124,"RG","SE"
523,4,124,"RG","SE"
3,5,124,"RG","SE"
4,5,124,"RG","SE"
110,1,124,"RG","SE"
302,2,124,"RG","SE"
437,1,124,"RG","SE"
340,1,124,"RG","SE"
149,1,124,"RG","SE"
85,15,124,"RG","SE"
257,1,124,"RG","SE"
219,1,124,"RG","SE"
399,1,124,"RG","SE"
404,1,124,"RG","SE"
193,2,124,"RG","SE"
166,1,124,"RG","SE"
33,12,124,"RG","SE"
319,1,124,"RG","SE"
170,1,124,"RG","SE"
509,3,124,"RG","SE"
87,1,124,"RG","SE"
244,3,124,"RG","SE"
463,1,124,"RG","SE"
104,2,124,"RG","SE"
548,1,124,"RG","SE"
12,11,124,"RG","SE"
142,1,124,"RG","SE"
291,1,124,"RG","SE"
344,1,124,"RG","SE"
14,30,124,"RG","SE"
252,2,124,"RG","SE"
72,9,124,"RG","SE"
49,1,124,"RG","SE"
395,1,124,"RG","SE"
123,4,124,"RG","SE"
313,3,124,"RG","SE"
372,1,124,"RG","SE"
106,1,124,"RG","SE"
426,4,124,"RG","SE"
144,1,124,"RG","SE"
250,1,124,"RG","SE"
76,4,124,"RG","SE"
366,1,124,"RG","SE"
322,3,124,"RG","SE"
544,1,124,"RG","SE"
199,1,124,"RG","SE"
296,1,124,"RG","SE"
504,10,125,"RG","SE"
394,1,125,"RG","SE"
332,1,125,"RG","SE"
483,5,125,"RG","SE"
395,1,125,"RG","SE"
202,1,125,"RG","SE"
110,1,125,"RG","SE"
146,1,125,"RG","SE"
490,4,125,"RG","SE"
506,7,125,"RG","SE"
193,2,125,"RG","SE"
26,59,125,"RG","SE"
4,5,125,"RG","SE"
456,1,125,"RG","SE"
381,3,125,"RG","SE"
326,2,125,"RG","SE"
112,4,125,"RG","SE"
467,4,125,"RG","SE"
83,2,125,"RG","SE"
399,1,125,"RG","SE"
257,1,125,"RG","SE"
349,1,125,"RG","SE"
149,1,125,"RG","SE"
237,1,125,"RG","SE"
11,27,125,"RG","SE"
305,1,125,"RG","SE"
462,1,125,"RG","SE"
33,12,125,"RG","SE"
141,2,125,"RG","SE"
404,1,125,"RG","SE"
422,4,125,"RG","SE"
91,5,125,"RG","SE"
534,3,125,"RG","SE"
378,1,125,"RG","SE"
67,9,125,"RG","SE"
390,1,125,"RG","SE"
78,21,125,"RG","SE"
440,1,125,"RG","SE"
273,1,125,"RG","SE"
124,4,125,"RG","SE"
328,1,125,"RG","SE"
529,5,125,"RG","SE"
17,5,125,"RG","SE"
25,1,125,"RG","SE"
243,2,125,"RG","SE"
431,1,125,"RG","SE"
228,1,125,"RG","SE"
278,1,125,"RG","SE"
222,2,125,"RG","SE"
198,2,125,"RG","SE"
138,2,125,"RG","SE"
207,1,125,"RG","SE"
541,8,125,"RG","SE"
520,2,125,"RG","SE"
544,1,125,"RG","SE"
277,1,125,"RG","SE"
19,5,125,"RG","SE"
250,1,125,"RG","SE"
435,2,126,"RG","SE"
259,6,126,"RG","SE"
169,1,126,"RG","SE"
470,5,126,"RG","SE"
33,12,126,"RG","SE"
489,4,126,"RG","SE"
125,1,126,"RG","SE"
153,1,126,"RG","SE"
68,5,126,"RG","SE"
115,1,126,"RG","SE"
12,11,126,"RG","SE"
433,2,126,"RG","SE"
480,6,126,"RG","SE"
474,1,126,"RG","SE"
141,2,126,"RG","SE"
89,1,126,"RG","SE"
78,21,126,"RG","SE"
504,10,126,"RG","SE"
179,12,126,"RG","SE"
527,8,126,"RG","SE"
525,9,126,"RG","SE"
5,4,126,"RG","SE"
469,5,126,"RG","SE"
496,22,126,"RG","SE"
36,3,126,"RG","SE"
430,1,126,"RG","SE"
431,1,126,"RG","SE"
309,1,126,"RG","SE"
57,9,126,"RG","SE"
128,1,126,"RG","SE"
124,4,126,"RG","SE"
467,4,126,"RG","SE"
535,3,126,"RG","SE"
183,3,126,"RG","SE"
513,6,126,"RG","SE"
219,1,126,"RG","SE"
387,1,126,"RG","SE"
175,1,126,"RG","SE"
19,5,126,"RG","SE"
242,1,126,"RG","SE"
422,4,126,"RG","SE"
3,5,126,"RG","SE"
358,16,126,"RG","SE"
261,3,126,"RG","SE"
38,3,126,"RG","SE"
322,3,126,"RG","SE"
65,4,126,"RG","SE"
501,17,126,"RG","SE"
482,5,126,"RG","SE"
193,2,126,"RG","SE"
372,1,126,"RG","SE"
477,4,126,"RG","SE"
447,4,126,"RG","SE"
508,14,126,"RG","SE"
523,4,126,"RG","SE"
308,2,126,"RG","SE"
540,8,126,"RG","SE"
253,1,126,"RG","SE"
526,2,127,"RG","SE"
430,1,127,"RG","SE"
252,2,127,"RG","SE"
452,1,127,"RG","SE"
105,1,127,"RG","SE"
483,5,127,"RG","SE"
382,1,127,"RG","SE"
513,6,127,"RG","SE"
147,1,127,"RG","SE"
500,22,127,"RG","SE"
494,8,127,"RG","SE"
32,6,127,"RG","SE"
413,1,127,"RG","SE"
173,2,127,"RG","SE"
541,8,127,"RG","SE"
255,1,127,"RG","SE"
533,5,127,"RG","SE"
438,6,127,"RG","SE"
145,1,127,"RG","SE"
190,1,127,"RG","SE"
394,1,127,"RG","SE"
250,1,127,"RG","SE"
291,1,127,"RG","SE"
510,9,127,"RG","SE"
253,1,127,"RG","SE"
146,1,127,"RG","SE"
345,1,127,"RG","SE"
477,4,127,"RG","SE"
126,3,127,"RG","SE"
65,4,127,"RG","SE"
539,1,127,"RG","SE"
16,3,127,"RG","SE"
140,1,127,"RG","SE"
153,1,127,"RG","SE"
531,2,127,"RG","SE"
322,3,127,"RG","SE"
308,2,127,"RG","SE"
33,12,127,"RG","SE"
529,5,127,"RG","SE"
493,7,127,"RG","SE"
175,1,127,"RG","SE"
261,3,127,"RG","SE"
351,1,127,"RG","SE"
132,1,127,"RG","SE"
42,1,127,"RG","SE"
245,1,127,"RG","SE"
509,3,127,"RG","SE"
149,1,127,"RG","SE"
160,1,127,"RG","SE"
141,2,127,"RG","SE"
387,1,127,"RG","SE"
520,2,127,"RG","SE"
528,5,127,"RG","SE"
170,1,127,"RG","SE"
78,21,127,"RG","SE"
343,9,127,"RG","SE"
158,3,127,"RG","SE"
80,6,127,"RG","SE"
291,1,128,"RG","SE"
340,1,128,"RG","SE"
209,1,128,"RG","SE"
480,6,128,"RG","SE"
461,1,128,"RG","SE"
506,7,128,"RG","SE"
389,3,128,"RG","SE"
504,10,128,"RG","SE"
86,2,128,"RG","SE"
538,2,128,"RG","SE"
49,1,128,"RG","SE"
509,3,128,"RG","SE"
243,2,128,"RG","SE"
258,1,128,"RG","SE"
465,1,128,"RG","SE"
128,1,128,"RG","SE"
103,1,128,"RG","SE"
370,1,128,"RG","SE"
376,3,128,"RG","SE"
458,1,128,"RG","SE"
108,1,128,"RG","SE"
247,3,128,"RG","SE"
254,1,128,"RG","SE"
395,1,128,"RG","SE"
33,12,128,"RG","SE"
309,1,128,"RG","SE"
219,1,128,"RG","SE"
146,1,128,"RG","SE"
481,2,128,"RG","SE"
185,1,128,"RG","SE"
502,7,128,"RG","SE"
13,1,128,"RG","SE"
498,25,128,"RG","SE"
68,5,128,"RG","SE"
392,1,128,"RG","SE"
77,17,128,"RG","SE"
187,1,128,"RG","SE"
474,1,128,"RG","SE"
494,8,128,"RG","SE"
462,1,128,"RG","SE"
304,2,128,"RG","SE"
539,1,128,"RG","SE"
369,2,128,"RG","SE"
372,1,128,"RG","SE"
173,2,128,"RG","SE"
363,2,128,"RG","SE"
15,2,128,"RG","SE"
326,2,128,"RG","SE"
193,2,128,"RG","SE"
144,1,128,"RG","SE"
105,1,128,"RG","SE"
249,2,128,"RG","SE"
467,4,128,"RG","SE"
463,1,128,"RG","SE"
344,1,128,"RG","SE"
160,1,128,"RG","SE"
122,2,128,"RG","SE"
141,2,128,"RG","SE"
49,1,129,"RG","SE"
243,2,129,"RG","SE"
544,1,129,"RG","SE"
357,1,129,"RG","SE"
445,10,129,"RG","SE"
171,1,129,"RG","SE"
248,5,129,"RG","SE"
232,4,129,"RG","SE"
104,2,129,"RG","SE"
483,5,129,"RG","SE"
369,2,129,"RG","SE"
175,1,129,"RG","SE"
517,6,129,"RG","SE"
158,3,129,"RG","SE"
61,50,129,"RG","SE"
126,3,129,"RG","SE"
387,1,129,"RG","SE"
399,1,129,"RG","SE"
482,5,129,"RG","SE"
111,1,129,"RG","SE"
170,1,129,"RG","SE"
130,1,129,"RG","SE"
15,2,129,"RG","SE"
500,22,129,"RG","SE"
417,1,129,"RG","SE"
304,2,129,"RG","SE"
439,1,129,"RG","SE"
166,1,129,"RG","SE"
173,2,129,"RG","SE"
245,1,129,"RG","SE"
169,1,129,"RG","SE"
138,2,129,"RG","SE"
147,1,129,"RG","SE"
305,1,129,"RG","SE"
410,2,129,"RG","SE"
252,2,129,"RG","SE"
168,1,129,"RG","SE"
520,2,129,"RG","SE"
463,1,129,"RG","SE"
526,2,129,"RG","SE"
513,6,129,"RG","SE"
284,1,129,"RG","SE"
65,4,129,"RG","SE"
140,1,129,"RG","SE"
123,4,129,"RG","SE"
380,2,129,"RG","SE"
462,1,129,"RG","SE"
193,2,129,"RG","SE"
455,3,129,"RG","SE"
89,1,129,"RG","SE"
45,1,129,"RG","SE"
10,1,129,"RG","SE"
461,1,129,"RG","SE"
372,1,129,"RG","SE"
404,1,129,"RG","SE"
103,1,129,"RG","SE"
115,1,129,"RG","SE"
390,1,129,"RG","SE"
85,15,130,"RG","SE"
483,5,130,"RG","SE"
345,1,130,"RG","SE"
209,1,130,"RG","SE"
282,1,130,"RG","SE"
352,2,130,"RG","SE"
158,3,130,"RG","SE"
166,1,130,"RG","SE"
76,4,130,"RG","SE"
343,9,130,"RG","SE"
419,1,130,"RG","SE"
328,1,130,"RG","SE"
237,1,130,"RG","SE"
317,2,130,"RG","SE"
4,5,130,"RG","SE"
179,12,130,"RG","SE"
505,11,130,"RG","SE"
515,4,130,"RG","SE"
42,1,130,"RG","SE"
128,1,130,"RG","SE"
198,2,130,"RG","SE"
17,5,130,"RG","SE"
528,5,130,"RG","SE"
469,5,130,"RG","SE"
430,1,130,"RG","SE"
496,22,130,"RG","SE"
392,1,130,"RG","SE"
484,4,130,"RG","SE"
544,1,130,"RG","SE"
247,3,130,"RG","SE"
547,1,130,"RG","SE"
435,2,130,"RG","SE"
519,3,130,"RG","SE"
89,1,130,"RG","SE"
10,1,130,"RG","SE"
285,3,130,"RG","SE"
480,6,130,"RG","SE"
319,1,130,"RG","SE"
87,1,130,"RG","SE"
15,2,130,"RG","SE"
401,1,130,"RG","SE"
395,1,130,"RG","SE"
232,4,130,"RG","SE"
32,6,130,"RG","SE"
529,5,130,"RG","SE"
517,6,130,"RG","SE"
357,1,130,"RG","SE"
284,1,130,"RG","SE"
520,2,130,"RG","SE"
147,1,130,"RG","SE"
465,1,130,"RG","SE"
250,1,130,"RG","SE"
354,2,130,"RG","SE"
377,2,130,"RG","SE"
276,3,130,"RG","SE"
243,2,130,"RG","SE"
204,2,130,"RG","SE"
502,7,130,"RG","SE"
328,1,131,"RG","SE"
433,2,131,"RG","SE"
519,3,131,"RG","SE"
171,1,131,"RG","SE"
67,9,131,"RG","SE"
126,3,131,"RG","SE"
103,1,131,"RG","SE"
112,4,131,"RG","SE"
158,3,131,"RG","SE"
493,7,131,"RG","SE"
372,1,131,"RG","SE"
545,1,131,"RG","SE"
344,1,131,"RG","SE"
7,21,131,"RG","SE"
186,2,131,"RG","SE"
505,11,131,"RG","SE"
86,2,131,"RG","SE"
304,2,131,"RG","SE"
11,27,131,"RG","SE"
397,1,131,"RG","SE"
515,4,131,"RG","SE"
535,3,131,"RG","SE"
343,9,131,"RG","SE"
173,2,131,"RG","SE"
310,1,131,"RG","SE"
36,3,131,"RG","SE"
516,4,131,"RG","SE"
160,1,131,"RG","SE"
345,1,131,"RG","SE"
458,1,131,"RG","SE"
65,4,131,"RG","SE"
404,1,131,"RG","SE"
286,1,131,"RG","SE"
367,2,131,"RG","SE"
138,2,131,"RG","SE"
332,1,131,"RG","SE"
531,2,131,"RG","SE"
17,5,131,"RG","SE"
456,1,131,"RG","SE"
368,1,131,"RG","SE"
16,3,131,"RG","SE"
390,1,131,"RG","SE"
125,1,131,"RG","SE"
528,5,131,"RG","SE"
146,1,131,"RG","SE"
28,50,131,"RG","SE"
193,2,131,"RG","SE"
506,7,131,"RG","SE"
19,5,131,"RG","SE"
520,2,131,"RG","SE"
313,3,131,"RG","SE"
479,6,131,"RG","SE"
462,1,131,"RG","SE"
144,1,131,"RG","SE"
247,3,131,"RG","SE"
257,1,131,"RG","SE"
348,2,131,"RG","SE"
105,1,131,"RG","SE"
372,1,132,"RG","SE"
415,1,132,"RG","SE"
283,1,132,"RG","SE"
322,3,132,"RG","SE"
243,2,132,"RG","SE"
51,2,132,"RG","SE"
57,9,132,"RG","SE"
175,1,132,"RG","SE"
534,3,132,"RG","SE"
302,2,132,"RG","SE"
72,9,132,"RG","SE"
303,6,132,"RG","SE"
3,5,132,"RG","SE"
541,8,132,"RG","SE"
387,1,132,"RG","SE"
101,1,132,"RG","SE"
483,5,132,"RG","SE"
523,4,132,"RG","SE"
349,1,132,"RG","SE"
5,4,132,"RG","SE"
10,1,132,"RG","SE"
397,1,132,"RG","SE"
179,12,132,"RG","SE"
531,2,132,"RG","SE"
20,7,132,"RG","SE"
421,4,132,"RG","SE"
308,2,132,"RG","SE"
366,1,132,"RG","SE"
447,4,132,"RG","SE"
147,1,132,"RG","SE"
123,4,132,"RG","SE"
381,3,132,"RG","SE"
380,2,132,"RG","SE"
186,2,132,"RG","SE"
244,3,132,"RG","SE"
431,1,132,"RG","SE"
250,1,132,"RG","SE"
196,2,132,"RG","SE"
284,1,132,"RG","SE"
160,1,132,"RG","SE"
131,1,132,"RG","SE"
477,4,132,"RG","SE"
199,1,132,"RG","SE"
153,1,132,"RG","SE"
456,1,132,"RG","SE"
463,1,132,"RG","SE"
319,1,132,"RG","SE"
310,1,132,"RG","SE"
369,2,132,"RG","SE"
365,2,132,"RG","SE"
438,6,132,"RG","SE"
505,11,132,"RG","SE"
367,2,132,"RG","SE"
203,1,132,"RG","SE"
500,22,132,"RG","SE"
158,3,132,"RG","SE"
138,2,132,"RG","SE"
540,8,132,"RG","SE"
20,7,133,"RG","SE"
482,5,133,"RG","SE"
171,1,133,"RG","SE"
401,1,133,"RG","SE"
130,1,133,"RG","SE"
445,10,133,"RG","SE"
471,3,133,"RG","SE"
296,1,133,"RG","SE"
436,1,133,"RG","SE"
264,1,133,"RG","SE"
54,39,133,"RG","SE"
313,3,133,"RG","SE"
425,4,133,"RG","SE"
528,5,133,"RG","SE"
372,1,133,"RG","SE"
19,5,133,"RG","SE"
502,7,133,"RG","SE"
16,3,133,"RG","SE"
390,1,133,"RG","SE"
7,21,133,"RG","SE"
148,1,133,"RG","SE"
532,5,133,"RG","SE"
86,2,133,"RG","SE"
179,12,133,"RG","SE"
3,5,133,"RG","SE"
253,1,133,"RG","SE"
252,2,133,"RG","SE"
484,4,133,"RG","SE"
110,1,133,"RG","SE"
513,6,133,"RG","SE"
57,9,133,"RG","SE"
185,1,133,"RG","SE"
164,6,133,"RG","SE"
247,3,133,"RG","SE"
415,1,133,"RG","SE"
369,2,133,"RG","SE"
276,3,133,"RG","SE"
25,1,133,"RG","SE"
452,1,133,"RG","SE"
377,2,133,"RG","SE"
303,6,133,"RG","SE"
348,2,133,"RG","SE"
12,11,133,"RG","SE"
183,3,133,"RG","SE"
439,1,133,"RG","SE"
487,4,133,"RG","SE"
421,4,133,"RG","SE"
370,1,133,"RG","SE"
207,1,133,"RG","SE"
266,1,133,"RG","SE"
498,25,133,"RG","SE"
255,1,133,"RG","SE"
80,6,133,"RG","SE"
219,1,133,"RG","SE"
27,2,133,"RG","SE"
83,2,133,"RG","SE"
5,4,133,"RG","SE"
340,1,133,"RG","SE"
19,5,134,"RG","SE"
419,1,134,"RG","SE"
5,4,134,"RG","SE"
91,5,134,"RG","SE"
525,9,134,"RG","SE"
433,2,134,"RG","SE"
304,2,134,"RG","SE"
470,5,134,"RG","SE"
219,1,134,"RG","SE"
171,1,134,"RG","SE"
394,1,134,"RG","SE"
302,2,134,"RG","SE"
366,1,134,"RG","SE"
540,8,134,"RG","SE"
461,1,134,"RG","SE"
173,2,134,"RG","SE"
203,1,134,"RG","SE"
377,2,134,"RG","SE"
130,1,134,"RG","SE"
421,4,134,"RG","SE"
490,4,134,"RG","SE"
469,5,134,"RG","SE"
361,3,134,"RG","SE"
204,2,134,"RG","SE"
148,1,134,"RG","SE"
153,1,134,"RG","SE"
278,1,134,"RG","SE"
198,2,134,"RG","SE"
27,2,134,"RG","SE"
506,7,134,"RG","SE"
45,1,134,"RG","SE"
349,1,134,"RG","SE"
255,1,134,"RG","SE"
363,2,134,"RG","SE"
413,1,134,"RG","SE"
523,4,134,"RG","SE"
372,1,134,"RG","SE"
486,5,134,"RG","SE"
131,1,134,"RG","SE"
309,1,134,"RG","SE"
509,3,134,"RG","SE"
390,1,134,"RG","SE"
516,4,134,"RG","SE"
534,3,134,"RG","SE"
437,1,134,"RG","SE"
308,2,134,"RG","SE"
42,1,134,"RG","SE"
15,2,134,"RG","SE"
22,4,134,"RG","SE"
116,1,134,"RG","SE"
36,3,134,"RG","SE"
10,1,134,"RG","SE"
64,9,134,"RG","SE"
101,1,134,"RG","SE"
389,3,134,"RG","SE"
164,6,134,"RG","SE"
477,4,134,"RG","SE"
493,7,134,"RG","SE"
404,1,135,"RG","SE"
457,2,135,"RG","SE"
545,1,135,"RG","SE"
116,1,135,"RG","SE"
319,1,135,"RG","SE"
500,22,135,"RG","SE"
78,21,135,"RG","SE"
318,3,135,"RG","SE"
344,1,135,"RG","SE"
476,1,135,"RG","SE"
441,1,135,"RG","SE"
484,4,135,"RG","SE"
477,4,135,"RG","SE"
247,3,135,"RG","SE"
431,1,135,"RG","SE"
415,1,135,"RG","SE"
123,4,135,"RG","SE"
278,1,135,"RG","SE"
185,1,135,"RG","SE"
49,1,135,"RG","SE"
401,1,135,"RG","SE"
38,3,135,"RG","SE"
369,2,135,"RG","SE"
64,9,135,"RG","SE"
540,8,135,"RG","SE"
13,1,135,"RG","SE"
410,2,135,"RG","SE"
158,3,135,"RG","SE"
17,5,135,"RG","SE"
515,4,135,"RG","SE"
191,1,135,"RG","SE"
425,4,135,"RG","SE"
376,3,135,"RG","SE"
422,4,135,"RG","SE"
469,5,135,"RG","SE"
486,5,135,"RG","SE"
248,5,135,"RG","SE"
527,8,135,"RG","SE"
261,3,135,"RG","SE"
343,9,135,"RG","SE"
322,3,135,"RG","SE"
129,2,135,"RG","SE"
249,2,135,"RG","SE"
193,2,135,"RG","SE"
204,2,135,"RG","SE"
547,1,135,"RG","SE"
524,2,135,"RG","SE"
42,1,135,"RG","SE"
276,3,135,"RG","SE"
463,1,135,"RG","SE"
378,1,135,"RG","SE"
15,2,135,"RG","SE"
317,2,135,"RG","SE"
390,1,135,"RG","SE"
392,1,135,"RG","SE"
252,2,135,"RG","SE"
160,1,135,"RG","SE"
377,2,135,"RG","SE"
535,3,136,"RG","SE"
33,12,136,"RG","SE"
51,2,136,"RG","SE"
87,1,136,"RG","SE"
410,2,136,"RG","SE"
4,5,136,"RG","SE"
111,1,136,"RG","SE"
85,15,136,"RG","SE"
285,3,136,"RG","SE"
269,1,136,"RG","SE"
157,1,136,"RG","SE"
488,6,136,"RG","SE"
532,5,136,"RG","SE"
474,1,136,"RG","SE"
209,1,136,"RG","SE"
102,1,136,"RG","SE"
89,1,136,"RG","SE"
225,1,136,"RG","SE"
312,1,136,"RG","SE"
72,9,136,"RG","SE"
348,2,136,"RG","SE"
266,1,136,"RG","SE"
138,2,136,"RG","SE"
13,1,136,"RG","SE"
168,1,136,"RG","SE"
128,1,136,"RG","SE"
529,5,136,"RG","SE"
440,1,136,"RG","SE"
510,9,136,"RG","SE"
487,4,136,"RG","SE"
164,6,136,"RG","SE"
141,2,136,"RG","SE"
426,4,136,"RG","SE"
531,2,136,"RG","SE"
173,2,136,"RG","SE"
430,1,136,"RG","SE"
319,1,136,"RG","SE"
461,1,136,"RG","SE"
49,1,136,"RG","SE"
282,1,136,"RG","SE"
21,7,136,"RG","SE"
332,1,136,"RG","SE"
175,1,136,"RG","SE"
112,4,136,"RG","SE"
232,4,136,"RG","SE"
462,1,136,"RG","SE"
126,3,136,"RG","SE"
44,30,136,"RG","SE"
322,3,136,"RG","SE"
108,1,136,"RG","SE"
349,1,136,"RG","SE"
130,1,136,"RG","SE"
101,1,136,"RG","SE"
103,1,136,"RG","SE"
439,1,136,"RG","SE"
498,25,136,"RG","SE"
160,1,136,"RG","SE"
25,1,136,"RG","SE"
401,1,137,"RG","SE"
381,3,137,"RG","SE"
480,6,137,"RG","SE"
304,2,137,"RG","SE"
317,2,137,"RG","SE"
369,2,137,"RG","SE"
5,4,137,"RG","SE"
463,1,137,"RG","SE"
344,1,137,"RG","SE"
312,1,137,"RG","SE"
286,1,137,"RG","SE"
397,1,137,"RG","SE"
245,1,137,"RG","SE"
247,3,137,"RG","SE"
348,2,137,"RG","SE"
370,1,137,"RG","SE"
160,1,137,"RG","SE"
305,1,137,"RG","SE"
171,1,137,"RG","SE"
465,1,137,"RG","SE"
490,4,137,"RG","SE"
259,6,137,"RG","SE"
17,5,137,"RG","SE"
13,1,137,"RG","SE"
138,2,137,"RG","SE"
366,1,137,"RG","SE"
413,1,137,"RG","SE"
526,2,137,"RG","SE"
255,1,137,"RG","SE"
531,2,137,"RG","SE"
470,5,137,"RG","SE"
436,1,137,"RG","SE"
332,1,137,"RG","SE"
493,7,137,"RG","SE"
508,14,137,"RG","SE"
19,5,137,"RG","SE"
225,1,137,"RG","SE"
149,1,137,"RG","SE"
372,1,137,"RG","SE"
14,30,137,"RG","SE"
421,4,137,"RG","SE"
410,2,137,"RG","SE"
87,1,137,"RG","SE"
455,3,137,"RG","SE"
496,22,137,"RG","SE"
302,2,137,"RG","SE"
447,4,137,"RG","SE"
102,1,137,"RG","SE"
466,1,137,"RG","SE"
244,3,137,"RG","SE"
481,2,137,"RG","SE"
516,4,137,"RG","SE"
422,4,137,"RG","SE"
538,2,137,"RG","SE"
158,3,137,"RG","SE"
340,1,137,"RG","SE"
243,2,137,"RG","SE"
467,4,137,"RG","SE"
376,3,138,"RG","SE"
506,7,138,"RG","SE"
413,1,138,"RG","SE"
76,4,138,"RG","SE"
253,1,138,"RG","SE"
257,1,138,"RG","SE"
242,1,138,"RG","SE"
276,3,138,"RG","SE"
286,1,138,"RG","SE"
222,2,138,"RG","SE"
498,25,138,"RG","SE"
422,4,138,"RG","SE"
266,1,138,"RG","SE"
401,1,138,"RG","SE"
146,1,138,"RG","SE"
284,1,138,"RG","SE"
389,3,138,"RG","SE"
259,6,138,"RG","SE"
534,3,138,"RG","SE"
474,1,138,"RG","SE"
252,2,138,"RG","SE"
461,1,138,"RG","SE"
508,14,138,"RG","SE"
348,2,138,"RG","SE"
466,1,138,"RG","SE"
187,1,138,"RG","SE"
374,2,138,"RG","SE"
51,2,138,"RG","SE"
26,59,138,"RG","SE"
437,1,138,"RG","SE"
128,1,138,"RG","SE"
520,2,138,"RG","SE"
250,1,138,"RG","SE"
273,1,138,"RG","SE"
544,1,138,"RG","SE"
425,4,138,"RG","SE"
85,15,138,"RG","SE"
124,4,138,"RG","SE"
476,1,138,"RG","SE"
86,2,138,"RG","SE"
235,1,138,"RG","SE"
72,9,138,"RG","SE"
214,1,138,"RG","SE"
312,1,138,"RG","SE"
80,6,138,"RG","SE"
502,7,138,"RG","SE"
183,3,138,"RG","SE"
225,1,138,"RG","SE"
487,4,138,"RG","SE"
516,4,138,"RG","SE"
119,1,138,"RG","SE"
361,3,138,"RG","SE"
4,5,138,"RG","SE"
204,2,138,"RG","SE"
245,1,138,"RG","SE"
108,1,138,"RG","SE"
61,50,138,"RG","SE"
116,1,138,"RG","SE"
301,1,139,"RG","SE"
228,1,139,"RG","SE"
410,2,139,"RG","SE"
387,1,139,"RG","SE"
417,1,139,"RG","SE"
32,6,139,"RG","SE"
528,5,139,"RG","SE"
171,1,139,"RG","SE"
303,6,139,"RG","SE"
126,3,139,"RG","SE"
382,1,139,"RG","SE"
151,1,139,"RG","SE"
340,1,139,"RG","SE"
401,1,139,"RG","SE"
196,2,139,"RG","SE"
369,2,139,"RG","SE"
111,1,139,"RG","SE"
278,1,139,"RG","SE"
504,10,139,"RG","SE"
128,1,139,"RG","SE"
10,1,139,"RG","SE"
140,1,139,"RG","SE"
455,3,139,"RG","SE"
488,6,139,"RG","SE"
77,17,139,"RG","SE"
547,1,139,"RG","SE"
170,1,139,"RG","SE"
253,1,139,"RG","SE"
294,3,139,"RG","SE"
479,6,139,"RG","SE"
254,1,139,"RG","SE"
425,4,139,"RG","SE"
465,1,139,"RG","SE"
185,1,139,"RG","SE"
179,12,139,"RG","SE"
76,4,139,"RG","SE"
68,5,139,"RG","SE"
222,2,139,"RG","SE"
269,1,139,"RG","SE"
26,59,139,"RG","SE"
91,5,139,"RG","SE"
389,3,139,"RG","SE"
7,21,139,"RG","SE"
148,1,139,"RG","SE"
418,1,139,"RG","SE"
390,1,139,"RG","SE"
183,3,139,"RG","SE"
469,5,139,"RG","SE"
467,4,139,"RG","SE"
330,1,139,"RG","SE"
168,1,139,"RG","SE"
477,4,139,"RG","SE"
540,8,139,"RG","SE"
435,2,139,"RG","SE"
19,5,139,"RG","SE"
214,1,139,"RG","SE"
28,50,139,"RG","SE"
264,1,139,"RG","SE"
123,4,140,"RG","SE"
381,3,140,"RG","SE"
404,1,140,"RG","SE"
462,1,140,"RG","SE"
89,1,140,"RG","SE"
76,4,140,"RG","SE"
524,2,140,"RG","SE"
242,1,140,"RG","SE"
368,1,140,"RG","SE"
351,1,140,"RG","SE"
380,2,140,"RG","SE"
119,1,140,"RG","SE"
425,4,140,"RG","SE"
142,1,140,"RG","SE"
72,9,140,"RG","SE"
110,1,140,"RG","SE"
501,17,140,"RG","SE"
49,1,140,"RG","SE"
175,1,140,"RG","SE"
106,1,140,"RG","SE"
253,1,140,"RG","SE"
15,2,140,"RG","SE"
476,1,140,"RG","SE"
358,16,140,"RG","SE"
243,2,140,"RG","SE"
487,4,140,"RG","SE"
494,8,140,"RG","SE"
363,2,140,"RG","SE"
309,1,140,"RG","SE"
269,1,140,"RG","SE"
313,3,140,"RG","SE"
187,1,140,"RG","SE"
348,2,140,"RG","SE"
482,5,140,"RG","SE"
343,9,140,"RG","SE"
237,1,140,"RG","SE"
352,2,140,"RG","SE"
488,6,140,"RG","SE"
479,6,140,"RG","SE"
441,1,140,"RG","SE"
417,1,140,"RG","SE"
111,1,140,"RG","SE"
77,17,140,"RG","SE"
209,1,140,"RG","SE"
264,1,140,"RG","SE"
198,2,140,"RG","SE"
149,1,140,"RG","SE"
284,1,140,"RG","SE"
496,22,140,"RG","SE"
344,1,140,"RG","SE"
465,1,140,"RG","SE"
296,1,140,"RG","SE"
493,7,140,"RG","SE"
185,1,140,"RG","SE"
168,1,140,"RG","SE"
204,2,140,"RG","SE"
252,2,140,"RG","SE"
418,1,140,"RG","SE"
273,1,141,"RG","SE"
57,9,141,"RG","SE"
309,1,141,"RG","SE"
513,6,141,"RG","SE"
253,1,141,"RG","SE"
199,1,141,"RG","SE"
535,3,141,"RG","SE"
65,4,141,"RG","SE"
148,1,141,"RG","SE"
435,2,141,"RG","SE"
254,1,141,"RG","SE"
479,6,141,"RG","SE"
244,3,141,"RG","SE"
101,1,141,"RG","SE"
86,2,141,"RG","SE"
351,1,141,"RG","SE"
207,1,141,"RG","SE"
36,3,141,"RG","SE"
141,2,141,"RG","SE"
140,1,141,"RG","SE"
545,1,141,"RG","SE"
277,1,141,"RG","SE"
116,1,141,"RG","SE"
173,2,141,"RG","SE"
17,5,141,"RG","SE"
377,2,141,"RG","SE"
279,1,141,"RG","SE"
132,1,141,"RG","SE"
198,2,141,"RG","SE"
476,1,141,"RG","SE"
235,1,141,"RG","SE"
243,2,141,"RG","SE"
196,2,141,"RG","SE"
14,30,141,"RG","SE"
105,1,141,"RG","SE"
158,3,141,"RG","SE"
19,5,141,"RG","SE"
305,1,141,"RG","SE"
110,1,141,"RG","SE"
268,1,141,"RG","SE"
547,1,141,"RG","SE"
517,6,141,"RG","SE"
452,1,141,"RG","SE"
249,2,141,"RG","SE"
111,1,141,"RG","SE"
103,1,141,"RG","SE"
149,1,141,"RG","SE"
138,2,141,"RG","SE"
170,1,141,"RG","SE"
438,6,141,"RG","SE"
319,1,141,"RG","SE"
209,1,141,"RG","SE"
248,5,141,"RG","SE"
358,16,141,"RG","SE"
336,1,141,"RG","SE"
369,2,141,"RG","SE"
525,9,141,"RG","SE"
255,1,141,"RG","SE"
248,5,142,"RG","SE"
303,6,142,"RG","SE"
32,6,142,"RG","SE"
45,1,142,"RG","SE"
458,1,142,"RG","SE"
80,6,142,"RG","SE"
515,4,142,"RG","SE"
502,7,142,"RG","SE"
242,1,142,"RG","SE"
524,2,142,"RG","SE"
209,1,142,"RG","SE"
301,1,142,"RG","SE"
425,4,142,"RG","SE"
21,7,142,"RG","SE"
131,1,142,"RG","SE"
101,1,142,"RG","SE"
87,1,142,"RG","SE"
126,3,142,"RG","SE"
36,3,142,"RG","SE"
368,1,142,"RG","SE"
219,1,142,"RG","SE"
204,2,142,"RG","SE"
506,7,142,"RG","SE"
12,11,142,"RG","SE"
535,3,142,"RG","SE"
462,1,142,"RG","SE"
153,1,142,"RG","SE"
143,1,142,"RG","SE"
65,4,142,"RG","SE"
49,1,142,"RG","SE"
214,1,142,"RG","SE"
422,4,142,"RG","SE"
440,1,142,"RG","SE"
358,16,142,"RG","SE"
509,3,142,"RG","SE"
378,1,142,"RG","SE"
278,1,142,"RG","SE"
523,4,142,"RG","SE"
11,27,142,"RG","SE"
249,2,142,"RG","SE"
17,5,142,"RG","SE"
257,1,142,"RG","SE"
421,4,142,"RG","SE"
185,1,142,"RG","SE"
86,2,142,"RG","SE"
123,4,142,"RG","SE"
496,22,142,"RG","SE"
207,1,142,"RG","SE"
538,2,142,"RG","SE"
366,1,142,"RG","SE"
439,1,142,"RG","SE"
336,1,142,"RG","SE"
410,2,142,"RG","SE"
27,2,142,"RG","SE"
102,1,142,"RG","SE"
22,4,142,"RG","SE"
106,1,142,"RG","SE"
317,2,142,"RG","SE"
517,6,143,"RG","SE"
363,2,143,"RG","SE"
422,4,143,"RG","SE"
148,1,143,"RG","SE"
198,2,143,"RG","SE"
14,30,143,"RG","SE"
173,2,143,"RG","SE"
312,1,143,"RG","SE"
146,1,143,"RG","SE"
144,1,143,"RG","SE"
540,8,143,"RG","SE"
369,2,143,"RG","SE"
27,2,143,"RG","SE"
204,2,143,"RG","SE"
143,1,143,"RG","SE"
15,2,143,"RG","SE"
269,1,143,"RG","SE"
190,1,143,"RG","SE"
284,1,143,"RG","SE"
417,1,143,"RG","SE"
317,2,143,"RG","SE"
151,1,143,"RG","SE"
68,5,143,"RG","SE"
425,4,143,"RG","SE"
336,1,143,"RG","SE"
510,9,143,"RG","SE"
248,5,143,"RG","SE"
185,1,143,"RG","SE"
358,16,143,"RG","SE"
186,2,143,"RG","SE"
376,3,143,"RG","SE"
421,4,143,"RG","SE"
302,2,143,"RG","SE"
145,1,143,"RG","SE"
488,6,143,"RG","SE"
264,1,143,"RG","SE"
438,6,143,"RG","SE"
116,1,143,"RG","SE"
129,2,143,"RG","SE"
222,2,143,"RG","SE"
509,3,143,"RG","SE"
20,7,143,"RG","SE"
382,1,143,"RG","SE"
354,2,143,"RG","SE"
183,3,143,"RG","SE"
381,3,143,"RG","SE"
179,12,143,"RG","SE"
456,1,143,"RG","SE"
308,2,143,"RG","SE"
483,5,143,"RG","SE"
457,2,143,"RG","SE"
529,5,143,"RG","SE"
418,1,143,"RG","SE"
361,3,143,"RG","SE"
504,10,143,"RG","SE"
12,11,143,"RG","SE"
394,1,143,"RG","SE"
520,2,143,"RG","SE"
467,4,144,"RG","SE"
421,4,144,"RG","SE"
296,1,144,"RG","SE"
336,1,144,"RG","SE"
258,1,144,"RG","SE"
171,1,144,"RG","SE"
523,4,144,"RG","SE"
380,2,144,"RG","SE"
525,9,144,"RG","SE"
425,4,144,"RG","SE"
145,1,144,"RG","SE"
54,39,144,"RG","SE"
313,3,144,"RG","SE"
168,1,144,"RG","SE"
101,1,144,"RG","SE"
381,3,144,"RG","SE"
517,6,144,"RG","SE"
326,2,144,"RG","SE"
395,1,144,"RG","SE"
510,9,144,"RG","SE"
104,2,144,"RG","SE"
232,4,144,"RG","SE"
76,4,144,"RG","SE"
147,1,144,"RG","SE"
533,5,144,"RG","SE"
86,2,144,"RG","SE"
38,3,144,"RG","SE"
85,15,144,"RG","SE"
123,4,144,"RG","SE"
483,5,144,"RG","SE"
259,6,144,"RG","SE"
175,1,144,"RG","SE"
461,1,144,"RG","SE"
249,2,144,"RG","SE"
179,12,144,"RG","SE"
247,3,144,"RG","SE"
68,5,144,"RG","SE"
148,1,144,"RG","SE"
61,50,144,"RG","SE"
526,2,144,"RG","SE"
122,2,144,"RG","SE"
308,2,144,"RG","SE"
487,4,144,"RG","SE"
502,7,144,"RG","SE"
445,10,144,"RG","SE"
363,2,144,"RG","SE"
515,4,144,"RG","SE"
80,6,144,"RG","SE"
309,1,144,"RG","SE"
318,3,144,"RG","SE"
128,1,144,"RG","SE"
477,4,144,"RG","SE"
222,2,144,"RG","SE"
269,1,144,"RG","SE"
437,1,144,"RG","SE"
479,6,144,"RG","SE"
67,9,144,"RG","SE"
366,1,144,"RG","SE"
111,1,145,"RG","SE"
399,1,145,"RG","SE"
440,1,145,"RG","SE"
340,1,145,"RG","SE"
91,5,145,"RG","SE"
132,1,145,"RG","SE"
404,1,145,"RG","SE"
308,2,145,"RG","SE"
10,1,145,"RG","SE"
257,1,145,"RG","SE"
115,1,145,"RG","SE"
336,1,145,"RG","SE"
19,5,145,"RG","SE"
358,16,145,"RG","SE"
467,4,145,"RG","SE"
138,2,145,"RG","SE"
64,9,145,"RG","SE"
455,3,145,"RG","SE"
266,1,145,"RG","SE"
284,1,145,"RG","SE"
125,1,145,"RG","SE"
116,1,145,"RG","SE"
533,5,145,"RG","SE"
387,1,145,"RG","SE"
525,9,145,"RG","SE"
456,1,145,"RG","SE"
252,2,145,"RG","SE"
130,1,145,"RG","SE"
209,1,145,"RG","SE"
232,4,145,"RG","SE"
502,7,145,"RG","SE"
372,1,145,"RG","SE"
366,1,145,"RG","SE"
153,1,145,"RG","SE"
376,3,145,"RG","SE"
123,4,145,"RG","SE"
431,1,145,"RG","SE"
354,2,145,"RG","SE"
222,2,145,"RG","SE"
500,22,145,"RG","SE"
170,1,145,"RG","SE"
291,1,145,"RG","SE"
529,5,145,"RG","SE"
466,1,145,"RG","SE"
249,2,145,"RG","SE"
101,1,145,"RG","SE"
332,1,145,"RG","SE"
544,1,145,"RG","SE"
367,2,145,"RG","SE"
42,1,145,"RG","SE"
545,1,145,"RG","SE"
202,1,145,"RG","SE"
505,11,145,"RG","SE"
237,1,145,"RG","SE"
207,1,145,"RG","SE"
203,1,145,"RG","SE"
482,5,145,"RG","SE"
296,1,145,"RG","SE"
458,1,146,"RG","SE"
204,2,146,"RG","SE"
25,1,146,"RG","SE"
235,1,146,"RG","SE"
111,1,146,"RG","SE"
417,1,146,"RG","SE"
540,8,146,"RG","SE"
10,1,146,"RG","SE"
158,3,146,"RG","SE"
169,1,146,"RG","SE"
479,6,146,"RG","SE"
488,6,146,"RG","SE"
132,1,146,"RG","SE"
410,2,146,"RG","SE"
317,2,146,"RG","SE"
309,1,146,"RG","SE"
164,6,146,"RG","SE"
254,1,146,"RG","SE"
340,1,146,"RG","SE"
187,1,146,"RG","SE"
389,3,146,"RG","SE"
223,1,146,"RG","SE"
78,21,146,"RG","SE"
399,1,146,"RG","SE"
466,1,146,"RG","SE"
419,1,146,"RG","SE"
194,1,146,"RG","SE"
26,59,146,"RG","SE"
528,5,146,"RG","SE"
519,3,146,"RG","SE"
250,1,146,"RG","SE"
269,1,146,"RG","SE"
430,1,146,"RG","SE"
493,7,146,"RG","SE"
304,2,146,"RG","SE"
249,2,146,"RG","SE"
510,9,146,"RG","SE"
183,3,146,"RG","SE"
401,1,146,"RG","SE"
266,1,146,"RG","SE"
255,1,146,"RG","SE"
348,2,146,"RG","SE"
461,1,146,"RG","SE"
112,4,146,"RG","SE"
268,1,146,"RG","SE"
44,30,146,"RG","SE"
22,4,146,"RG","SE"
302,2,146,"RG","SE"
261,3,146,"RG","SE"
313,3,146,"RG","SE"
141,2,146,"RG","SE"
470,5,146,"RG","SE"
128,1,146,"RG","SE"
175,1,146,"RG","SE"
76,4,146,"RG","SE"
357,1,146,"RG","SE"
243,2,146,"RG","SE"
54,39,146,"RG","SE"
204,2,147,"RG","SE"
38,3,147,"RG","SE"
312,1,147,"RG","SE"
336,1,147,"RG","SE"
330,1,147,"RG","SE"
291,1,147,"RG","SE"
527,8,147,"RG","SE"
458,1,147,"RG","SE"
394,1,147,"RG","SE"
482,5,147,"RG","SE"
143,1,147,"RG","SE"
276,3,147,"RG","SE"
89,1,147,"RG","SE"
308,2,147,"RG","SE"
144,1,147,"RG","SE"
418,1,147,"RG","SE"
86,2,147,"RG","SE"
140,1,147,"RG","SE"
122,2,147,"RG","SE"
286,1,147,"RG","SE"
474,1,147,"RG","SE"
15,2,147,"RG","SE"
25,1,147,"RG","SE"
279,1,147,"RG","SE"
209,1,147,"RG","SE"
198,2,147,"RG","SE"
20,7,147,"RG","SE"
125,1,147,"RG","SE"
358,16,147,"RG","SE"
500,22,147,"RG","SE"
173,2,147,"RG","SE"
490,4,147,"RG","SE"
340,1,147,"RG","SE"
157,1,147,"RG","SE"
203,1,147,"RG","SE"
248,5,147,"RG","SE"
27,2,147,"RG","SE"
151,1,147,"RG","SE"
284,1,147,"RG","SE"
380,2,147,"RG","SE"
452,1,147,"RG","SE"
382,1,147,"RG","SE"
479,6,147,"RG","SE"
481,2,147,"RG","SE"
166,1,147,"RG","SE"
146,1,147,"RG","SE"
523,4,147,"RG","SE"
441,1,147,"RG","SE"
369,2,147,"RG","SE"
26,59,147,"RG","SE"
445,10,147,"RG","SE"
399,1,147,"RG","SE"
345,1,147,"RG","SE"
190,1,147,"RG","SE"
179,12,147,"RG","SE"
129,2,147,"RG","SE"
365,2,147,"RG","SE"
367,2,147,"RG","SE"
42,1,148,"RG","SE"
3,5,148,"RG","SE"
399,1,148,"RG","SE"
535,3,148,"RG","SE"
486,5,148,"RG","SE"
284,1,148,"RG","SE"
304,2,148,"RG","SE"
312,1,148,"RG","SE"
363,2,148,"RG","SE"
36,3,148,"RG","SE"
77,17,148,"RG","SE"
80,6,148,"RG","SE"
540,8,148,"RG","SE"
250,1,148,"RG","SE"
65,4,148,"RG","SE"
72,9,148,"RG","SE"
151,1,148,"RG","SE"
19,5,148,"RG","SE"
32,6,148,"RG","SE"
358,16,148,"RG","SE"
196,2,148,"RG","SE"
439,1,148,"RG","SE"
26,59,148,"RG","SE"
481,2,148,"RG","SE"
285,3,148,"RG","SE"
436,1,148,"RG","SE"
160,1,148,"RG","SE"
91,5,148,"RG","SE"
452,1,148,"RG","SE"
54,39,148,"RG","SE"
294,3,148,"RG","SE"
372,1,148,"RG","SE"
526,2,148,"RG","SE"
141,2,148,"RG","SE"
458,1,148,"RG","SE"
525,9,148,"RG","SE"
441,1,148,"RG","SE"
102,1,148,"RG","SE"
368,1,148,"RG","SE"
199,1,148,"RG","SE"
61,50,148,"RG","SE"
322,3,148,"RG","SE"
168,1,148,"RG","SE"
148,1,148,"RG","SE"
242,1,148,"RG","SE"
45,1,148,"RG","SE"
493,7,148,"RG","SE"
545,1,148,"RG","SE"
278,1,148,"RG","SE"
520,2,148,"RG","SE"
119,1,148,"RG","SE"
237,1,148,"RG","SE"
16,3,148,"RG","SE"
319,1,148,"RG","SE"
248,5,148,"RG","SE"
401,1,148,"RG","SE"
261,3,148,"RG","SE"
529,5,148,"RG","SE"
296,1,149,"RG","SE"
77,17,149,"RG","SE"
244,3,149,"RG","SE"
155,1,149,"RG","SE"
219,1,149,"RG","SE"
49,1,149,"RG","SE"
183,3,149,"RG","SE"
467,4,149,"RG","SE"
106,1,149,"RG","SE"
399,1,149,"RG","SE"
67,9,149,"RG","SE"
445,10,149,"RG","SE"
504,10,149,"RG","SE"
505,11,149,"RG","SE"
132,1,149,"RG","SE"
302,2,149,"RG","SE"
378,1,149,"RG","SE"
469,5,149,"RG","SE"
102,1,149,"RG","SE"
116,1,149,"RG","SE"
153,1,149,"RG","SE"
104,2,149,"RG","SE"
430,1,149,"RG","SE"
149,1,149,"RG","SE"
435,2,149,"RG","SE"
532,5,149,"RG","SE"
245,1,149,"RG","SE"
392,1,149,"RG","SE"
376,3,149,"RG","SE"
387,1,149,"RG","SE"
21,7,149,"RG","SE"
170,1,149,"RG","SE"
64,9,149,"RG","SE"
381,3,149,"RG","SE"
413,1,149,"RG","SE"
490,4,149,"RG","SE"
191,1,149,"RG","SE"
126,3,149,"RG","SE"
436,1,149,"RG","SE"
194,1,149,"RG","SE"
326,2,149,"RG","SE"
282,1,149,"RG","SE"
203,1,149,"RG","SE"
140,1,149,"RG","SE"
243,2,149,"RG","SE"
535,3,149,"RG","SE"
36,3,149,"RG","SE"
222,2,149,"RG","SE"
19,5,149,"RG","SE"
372,1,149,"RG","SE"
110,1,149,"RG","SE"
166,1,149,"RG","SE"
4,5,149,"RG","SE"
455,3,149,"RG","SE"
471,3,149,"RG","SE"
528,5,149,"RG","SE"
202,1,149,"RG","SE"
417,1,149,"RG","SE"
278,1,150,"RG","SE"
32,6,150,"RG","SE"
202,1,150,"RG","SE"
252,2,150,"RG","SE"
308,2,150,"RG","SE"
158,3,150,"RG","SE"
348,2,150,"RG","SE"
26,59,150,"RG","SE"
191,1,150,"RG","SE"
248,5,150,"RG","SE"
142,1,150,"RG","SE"
5,4,150,"RG","SE"
390,1,150,"RG","SE"
526,2,150,"RG","SE"
422,4,150,"RG","SE"
140,1,150,"RG","SE"
266,1,150,"RG","SE"
302,2,150,"RG","SE"
506,7,150,"RG","SE"
36,3,150,"RG","SE"
273,1,150,"RG","SE"
51,2,150,"RG","SE"
486,5,150,"RG","SE"
170,1,150,"RG","SE"
255,1,150,"RG","SE"
466,1,150,"RG","SE"
343,9,150,"RG","SE"
372,1,150,"RG","SE"
86,2,150,"RG","SE"
237,1,150,"RG","SE"
476,1,150,"RG","SE"
151,1,150,"RG","SE"
106,1,150,"RG","SE"
482,5,150,"RG","SE"
187,1,150,"RG","SE"
77,17,150,"RG","SE"
349,1,150,"RG","SE"
242,1,150,"RG","SE"
441,1,150,"RG","SE"
198,2,150,"RG","SE"
49,1,150,"RG","SE"
219,1,150,"RG","SE"
524,2,150,"RG","SE"
447,4,150,"RG","SE"
45,1,150,"RG","SE"
309,1,150,"RG","SE"
119,1,150,"RG","SE"
245,1,150,"RG","SE"
57,9,150,"RG","SE"
532,5,150,"RG","SE"
493,7,150,"RG","SE"
235,1,150,"RG","SE"
417,1,150,"RG","SE"
232,4,150,"RG","SE"
44,30,150,"RG","SE"
418,1,150,"RG","SE"
126,3,150,"RG","SE"
122,2,150,"RG","SE"
377,2,151,"RG","SE"
436,1,151,"RG","SE"
372,1,151,"RG","SE"
89,1,151,"RG","SE"
110,1,151,"RG","SE"
445,10,151,"RG","SE"
435,2,151,"RG","SE"
322,3,151,"RG","SE"
344,1,151,"RG","SE"
363,2,151,"RG","SE"
548,1,151,"RG","SE"
467,4,151,"RG","SE"
452,1,151,"RG","SE"
261,3,151,"RG","SE"
544,1,151,"RG","SE"
258,1,151,"RG","SE"
65,4,151,"RG","SE"
463,1,151,"RG","SE"
378,1,151,"RG","SE"
14,30,151,"RG","SE"
10,1,151,"RG","SE"
283,1,151,"RG","SE"
266,1,151,"RG","SE"
440,1,151,"RG","SE"
517,6,151,"RG","SE"
4,5,151,"RG","SE"
257,1,151,"RG","SE"
374,2,151,"RG","SE"
132,1,151,"RG","SE"
32,6,151,"RG","SE"
235,1,151,"RG","SE"
318,3,151,"RG","SE"
308,2,151,"RG","SE"
124,4,151,"RG","SE"
354,2,151,"RG","SE"
148,1,151,"RG","SE"
237,1,151,"RG","SE"
469,5,151,"RG","SE"
278,1,151,"RG","SE"
61,50,151,"RG","SE"
430,1,151,"RG","SE"
349,1,151,"RG","SE"
101,1,151,"RG","SE"
535,3,151,"RG","SE"
526,2,151,"RG","SE"
164,6,151,"RG","SE"
11,27,151,"RG","SE"
170,1,151,"RG","SE"
202,1,151,"RG","SE"
310,1,151,"RG","SE"
250,1,151,"RG","SE"
51,2,151,"RG","SE"
76,4,151,"RG","SE"
125,1,151,"RG","SE"
269,1,151,"RG","SE"
481,2,151,"RG","SE"
422,4,151,"RG","SE"
7,21,151,"RG","SE"
49,1,152,"RG","SE"
462,1,152,"RG","SE"
540,8,152,"RG","SE"
187,1,152,"RG","SE"
128,1,152,"RG","SE"
16,3,152,"RG","SE"
535,3,152,"RG","SE"
67,9,152,"RG","SE"
255,1,152,"RG","SE"
186,2,152,"RG","SE"
105,1,152,"RG","SE"
20,7,152,"RG","SE"
65,4,152,"RG","SE"
366,1,152,"RG","SE"
51,2,152,"RG","SE"
36,3,152,"RG","SE"
496,22,152,"RG","SE"
418,1,152,"RG","SE"
196,2,152,"RG","SE"
531,2,152,"RG","SE"
501,17,152,"RG","SE"
361,3,152,"RG","SE"
125,1,152,"RG","SE"
410,2,152,"RG","SE"
252,2,152,"RG","SE"
447,4,152,"RG","SE"
469,5,152,"RG","SE"
482,5,152,"RG","SE"
22,4,152,"RG","SE"
510,9,152,"RG","SE"
144,1,152,"RG","SE"
363,2,152,"RG","SE"
261,3,152,"RG","SE"
374,2,152,"RG","SE"
13,1,152,"RG","SE"
452,1,152,"RG","SE"
126,3,152,"RG","SE"
465,1,152,"RG","SE"
253,1,152,"RG","SE"
520,2,152,"RG","SE"
64,9,152,"RG","SE"
190,1,152,"RG","SE"
160,1,152,"RG","SE"
149,1,152,"RG","SE"
193,2,152,"RG","SE"
474,1,152,"RG","SE"
319,1,152,"RG","SE"
147,1,152,"RG","SE"
516,4,152,"RG","SE"
480,6,152,"RG","SE"
19,5,152,"RG","SE"
258,1,152,"RG","SE"
235,1,152,"RG","SE"
254,1,152,"RG","SE"
247,3,152,"RG","SE"
173,2,152,"RG","SE"
354,2,152,"RG","SE"
372,1,152,"RG","SE"
392,1,153,"RG","SE"
164,6,153,"RG","SE"
83,2,153,"RG","SE"
376,3,153,"RG","SE"
86,2,153,"RG","SE"
225,1,153,"RG","SE"
523,4,153,"RG","SE"
242,1,153,"RG","SE"
445,10,153,"RG","SE"
282,1,153,"RG","SE"
480,6,153,"RG","SE"
104,2,153,"RG","SE"
252,2,153,"RG","SE"
191,1,153,"RG","SE"
547,1,153,"RG","SE"
72,9,153,"RG","SE"
421,4,153,"RG","SE"
545,1,153,"RG","SE"
115,1,153,"RG","SE"
155,1,153,"RG","SE"
105,1,153,"RG","SE"
301,1,153,"RG","SE"
166,1,153,"RG","SE"
517,6,153,"RG","SE"
452,1,153,"RG","SE"
168,1,153,"RG","SE"
461,1,153,"RG","SE"
526,2,153,"RG","SE"
54,39,153,"RG","SE"
378,1,153,"RG","SE"
544,1,153,"RG","SE"
185,1,153,"RG","SE"
463,1,153,"RG","SE"
131,1,153,"RG","SE"
483,5,153,"RG","SE"
122,2,153,"RG","SE"
496,22,153,"RG","SE"
142,1,153,"RG","SE"
283,1,153,"RG","SE"
514,6,153,"RG","SE"
232,4,153,"RG","SE"
489,4,153,"RG","SE"
465,1,153,"RG","SE"
175,1,153,"RG","SE"
437,1,153,"RG","SE"
369,2,153,"RG","SE"
116,1,153,"RG","SE"
328,1,153,"RG","SE"
138,2,153,"RG","SE"
487,4,153,"RG","SE"
431,1,153,"RG","SE"
541,8,153,"RG","SE"
235,1,153,"RG","SE"
153,1,153,"RG","SE"
25,1,153,"RG","SE"
441,1,153,"RG","SE"
57,9,153,"RG","SE"
3,5,153,"RG","SE"
194,1,154,"RG","SE"
124,4,154,"RG","SE"
374,2,154,"RG","SE"
214,1,154,"RG","SE"
467,4,154,"RG","SE"
19,5,154,"RG","SE"
508,14,154,"RG","SE"
488,6,154,"RG","SE"
207,1,154,"RG","SE"
111,1,154,"RG","SE"
78,21,154,"RG","SE"
116,1,154,"RG","SE"
519,3,154,"RG","SE"
399,1,154,"RG","SE"
489,4,154,"RG","SE"
105,1,154,"RG","SE"
526,2,154,"RG","SE"
367,2,154,"RG","SE"
54,39,154,"RG","SE"
183,3,154,"RG","SE"
436,1,154,"RG","SE"
20,7,154,"RG","SE"
282,1,154,"RG","SE"
381,3,154,"RG","SE"
57,9,154,"RG","SE"
125,1,154,"RG","SE"
286,1,154,"RG","SE"
313,3,154,"RG","SE"
354,2,154,"RG","SE"
421,4,154,"RG","SE"
500,22,154,"RG","SE"
245,1,154,"RG","SE"
514,6,154,"RG","SE"
372,1,154,"RG","SE"
410,2,154,"RG","SE"
474,1,154,"RG","SE"
38,3,154,"RG","SE"
510,9,154,"RG","SE"
332,1,154,"RG","SE"
103,1,154,"RG","SE"
480,6,154,"RG","SE"
413,1,154,"RG","SE"
456,1,154,"RG","SE"
67,9,154,"RG","SE"
430,1,154,"RG","SE"
168,1,154,"RG","SE"
534,3,154,"RG","SE"
291,1,154,"RG","SE"
203,1,154,"RG","SE"
302,2,154,"RG","SE"
390,1,154,"RG","SE"
466,1,154,"RG","SE"
461,1,154,"RG","SE"
505,11,154,"RG","SE"
463,1,154,"RG","SE"
319,1,154,"RG","SE"
142,1,154,"RG","SE"
248,5,154,"RG","SE"
301,1,155,"RG","SE"
130,1,155,"RG","SE"
461,1,155,"RG","SE"
374,2,155,"RG","SE"
343,9,155,"RG","SE"
548,1,155,"RG","SE"
147,1,155,"RG","SE"
345,1,155,"RG","SE"
157,1,155,"RG","SE"
358,16,155,"RG","SE"
248,5,155,"RG","SE"
344,1,155,"RG","SE"
367,2,155,"RG","SE"
361,3,155,"RG","SE"
140,1,155,"RG","SE"
539,1,155,"RG","SE"
531,2,155,"RG","SE"
527,8,155,"RG","SE"
102,1,155,"RG","SE"
348,2,155,"RG","SE"
111,1,155,"RG","SE"
3,5,155,"RG","SE"
471,3,155,"RG","SE"
27,2,155,"RG","SE"
250,1,155,"RG","SE"
493,7,155,"RG","SE"
61,50,155,"RG","SE"
101,1,155,"RG","SE"
76,4,155,"RG","SE"
502,7,155,"RG","SE"
194,1,155,"RG","SE"
282,1,155,"RG","SE"
326,2,155,"RG","SE"
261,3,155,"RG","SE"
458,1,155,"RG","SE"
516,4,155,"RG","SE"
445,10,155,"RG","SE"
104,2,155,"RG","SE"
397,1,155,"RG","SE"
509,3,155,"RG","SE"
392,1,155,"RG","SE"
126,3,155,"RG","SE"
389,3,155,"RG","SE"
190,1,155,"RG","SE"
249,2,155,"RG","SE"
489,4,155,"RG","SE"
377,2,155,"RG","SE"
387,1,155,"RG","SE"
349,1,155,"RG","SE"
378,1,155,"RG","SE"
115,1,155,"RG","SE"
243,2,155,"RG","SE"
435,2,155,"RG","SE"
112,4,155,"RG","SE"
83,2,155,"RG","SE"
131,1,155,"RG","SE"
433,2,155,"RG","SE"
506,7,155,"RG","SE"
147,1,156,"RG","SE"
153,1,156,"RG","SE"
413,1,156,"RG","SE"
219,1,156,"RG","SE"
17,5,156,"RG","SE"
502,7,156,"RG","SE"
264,1,156,"RG","SE"
106,1,156,"RG","SE"
501,17,156,"RG","SE"
160,1,156,"RG","SE"
436,1,156,"RG","SE"
440,1,156,"RG","SE"
516,4,156,"RG","SE"
438,6,156,"RG","SE"
68,5,156,"RG","SE"
302,2,156,"RG","SE"
367,2,156,"RG","SE"
488,6,156,"RG","SE"
57,9,156,"RG","SE"
169,1,156,"RG","SE"
284,1,156,"RG","SE"
80,6,156,"RG","SE"
76,4,156,"RG","SE"
477,4,156,"RG","SE"
257,1,156,"RG","SE"
490,4,156,"RG","SE"
141,2,156,"RG","SE"
108,1,156,"RG","SE"
354,2,156,"RG","SE"
247,3,156,"RG","SE"
268,1,156,"RG","SE"
387,1,156,"RG","SE"
486,5,156,"RG","SE"
191,1,156,"RG","SE"
145,1,156,"RG","SE"
351,1,156,"RG","SE"
445,10,156,"RG","SE"
148,1,156,"RG","SE"
10,1,156,"RG","SE"
33,12,156,"RG","SE"
126,3,156,"RG","SE"
349,1,156,"RG","SE"
166,1,156,"RG","SE"
535,3,156,"RG","SE"
187,1,156,"RG","SE"
151,1,156,"RG","SE"
465,1,156,"RG","SE"
374,2,156,"RG","SE"
523,4,156,"RG","SE"
541,8,156,"RG","SE"
252,2,156,"RG","SE"
348,2,156,"RG","SE"
489,4,156,"RG","SE"
4,5,156,"RG","SE"
506,7,156,"RG","SE"
404,1,156,"RG","SE"
372,1,156,"RG","SE"
526,2,156,"RG","SE"
291,1,157,"RG","SE"
417,1,157,"RG","SE"
122,2,157,"RG","SE"
370,1,157,"RG","SE"
505,11,157,"RG","SE"
242,1,157,"RG","SE"
358,16,157,"RG","SE"
129,2,157,"RG","SE"
357,1,157,"RG","SE"
381,3,157,"RG","SE"
115,1,157,"RG","SE"
455,3,157,"RG","SE"
465,1,157,"RG","SE"
42,1,157,"RG","SE"
477,4,157,"RG","SE"
523,4,157,"RG","SE"
545,1,157,"RG","SE"
479,6,157,"RG","SE"
531,2,157,"RG","SE"
380,2,157,"RG","SE"
13,1,157,"RG","SE"
410,2,157,"RG","SE"
7,21,157,"RG","SE"
20,7,157,"RG","SE"
142,1,157,"RG","SE"
501,17,157,"RG","SE"
330,1,157,"RG","SE"
170,1,157,"RG","SE"
252,2,157,"RG","SE"
237,1,157,"RG","SE"
343,9,157,"RG","SE"
431,1,157,"RG","SE"
103,1,157,"RG","SE"
502,7,157,"RG","SE"
78,21,157,"RG","SE"
456,1,157,"RG","SE"
467,4,157,"RG","SE"
72,9,157,"RG","SE"
352,2,157,"RG","SE"
4,5,157,"RG","SE"
19,5,157,"RG","SE"
471,3,157,"RG","SE"
45,1,157,"RG","SE"
190,1,157,"RG","SE"
108,1,157,"RG","SE"
89,1,157,"RG","SE"
474,1,157,"RG","SE"
10,1,157,"RG","SE"
490,4,157,"RG","SE"
377,2,157,"RG","SE"
363,2,157,"RG","SE"
390,1,157,"RG","SE"
21,7,157,"RG","SE"
83,2,157,"RG","SE"
322,3,157,"RG","SE"
179,12,157,"RG","SE"
283,1,157,"RG","SE"
149,1,157,"RG","SE"
277,1,158,"RG","SE"
49,1,158,"RG","SE"
259,6,158,"RG","SE"
193,2,158,"RG","SE"
514,6,158,"RG","SE"
544,1,158,"RG","SE"
389,3,158,"RG","SE"
78,21,158,"RG","SE"
222,2,158,"RG","SE"
285,3,158,"RG","SE"
341,2,158,"RG","SE"
419,1,158,"RG","SE"
509,3,158,"RG","SE"
248,5,158,"RG","SE"
207,1,158,"RG","SE"
426,4,158,"RG","SE"
115,1,158,"RG","SE"
462,1,158,"RG","SE"
86,2,158,"RG","SE"
301,1,158,"RG","SE"
190,1,158,"RG","SE"
452,1,158,"RG","SE"
282,1,158,"RG","SE"
124,4,158,"RG","SE"
515,4,158,"RG","SE"
436,1,158,"RG","SE"
458,1,158,"RG","SE"
179,12,158,"RG","SE"
284,1,158,"RG","SE"
125,1,158,"RG","SE"
111,1,158,"RG","SE"
540,8,158,"RG","SE"
173,2,158,"RG","SE"
4,5,158,"RG","SE"
418,1,158,"RG","SE"
122,2,158,"RG","SE"
104,2,158,"RG","SE"
123,4,158,"RG","SE"
496,22,158,"RG","SE"
502,7,158,"RG","SE"
228,1,158,"RG","SE"
318,3,158,"RG","SE"
498,25,158,"RG","SE"
317,2,158,"RG","SE"
483,5,158,"RG","SE"
242,1,158,"RG","SE"
140,1,158,"RG","SE"
153,1,158,"RG","SE"
223,1,158,"RG","SE"
32,6,158,"RG","SE"
545,1,158,"RG","SE"
151,1,158,"RG","SE"
196,2,158,"RG","SE"
106,1,158,"RG","SE"
312,1,158,"RG","SE"
45,1,158,"RG","SE"
175,1,158,"RG","SE"
138,2,158,"RG","SE"
441,1,159,"RG","SE"
186,2,159,"RG","SE"
21,7,159,"RG","SE"
273,1,159,"RG","SE"
332,1,159,"RG","SE"
45,1,159,"RG","SE"
78,21,159,"RG","SE"
91,5,159,"RG","SE"
430,1,159,"RG","SE"
369,2,159,"RG","SE"
514,6,159,"RG","SE"
519,3,159,"RG","SE"
387,1,159,"RG","SE"
13,1,159,"RG","SE"
508,14,159,"RG","SE"
123,4,159,"RG","SE"
494,8,159,"RG","SE"
5,4,159,"RG","SE"
249,2,159,"RG","SE"
439,1,159,"RG","SE"
291,1,159,"RG","SE"
115,1,159,"RG","SE"
110,1,159,"RG","SE"
510,9,159,"RG","SE"
390,1,159,"RG","SE"
194,1,159,"RG","SE"
504,10,159,"RG","SE"
303,6,159,"RG","SE"
392,1,159,"RG","SE"
276,3,159,"RG","SE"
436,1,159,"RG","SE"
143,1,159,"RG","SE"
447,4,159,"RG","SE"
377,2,159,"RG","SE"
185,1,159,"RG","SE"
250,1,159,"RG","SE"
164,6,159,"RG","SE"
317,2,159,"RG","SE"
237,1,159,"RG","SE"
257,1,159,"RG","SE"
277,1,159,"RG","SE"
462,1,159,"RG","SE"
245,1,159,"RG","SE"
80,6,159,"RG","SE"
132,1,159,"RG","SE"
380,2,159,"RG","SE"
4,5,159,"RG","SE"
111,1,159,"RG","SE"
401,1,159,"RG","SE"
349,1,159,"RG","SE"
455,3,159,"RG","SE"
328,1,159,"RG","SE"
86,2,159,"RG","SE"
516,4,159,"RG","SE"
64,9,159,"RG","SE"
480,6,159,"RG","SE"
501,17,159,"RG","SE"
526,2,159,"RG","SE"
433,2,160,"RG","SE"
369,2,160,"RG","SE"
500,22,160,"RG","SE"
456,1,160,"RG","SE"
166,1,160,"RG","SE"
36,3,160,"RG","SE"
32,6,160,"RG","SE"
22,4,160,"RG","SE"
488,6,160,"RG","SE"
144,1,160,"RG","SE"
225,1,160,"RG","SE"
284,1,160,"RG","SE"
170,1,160,"RG","SE"
481,2,160,"RG","SE"
173,2,160,"RG","SE"
527,8,160,"RG","SE"
354,2,160,"RG","SE"
544,1,160,"RG","SE"
164,6,160,"RG","SE"
183,3,160,"RG","SE"
10,1,160,"RG","SE"
313,3,160,"RG","SE"
490,4,160,"RG","SE"
352,2,160,"RG","SE"
72,9,160,"RG","SE"
286,1,160,"RG","SE"
332,1,160,"RG","SE"
303,6,160,"RG","SE"
401,1,160,"RG","SE"
86,2,160,"RG","SE"
141,2,160,"RG","SE"
168,1,160,"RG","SE"
526,2,160,"RG","SE"
341,2,160,"RG","SE"
466,1,160,"RG","SE"
366,1,160,"RG","SE"
502,7,160,"RG","SE"
545,1,160,"RG","SE"
498,25,160,"RG","SE"
520,2,160,"RG","SE"
328,1,160,"RG","SE"
108,1,160,"RG","SE"
110,1,160,"RG","SE"
171,1,160,"RG","SE"
106,1,160,"RG","SE"
515,4,160,"RG","SE"
336,1,160,"RG","SE"
422,4,160,"RG","SE"
486,5,160,"RG","SE"
447,4,160,"RG","SE"
194,1,160,"RG","SE"
57,9,160,"RG","SE"
418,1,160,"RG","SE"
479,6,160,"RG","SE"
357,1,160,"RG","SE"
318,3,160,"RG","SE"
516,4,160,"RG","SE"
242,1,160,"RG","SE"
264,1,161,"RG","SE"
19,5,161,"RG","SE"
310,1,161,"RG","SE"
457,2,161,"RG","SE"
187,1,161,"RG","SE"
358,16,161,"RG","SE"
303,6,161,"RG","SE"
110,1,161,"RG","SE"
228,1,161,"RG","SE"
225,1,161,"RG","SE"
435,2,161,"RG","SE"
78,21,161,"RG","SE"
76,4,161,"RG","SE"
89,1,161,"RG","SE"
363,2,161,"RG","SE"
367,2,161,"RG","SE"
219,1,161,"RG","SE"
381,3,161,"RG","SE"
57,9,161,"RG","SE"
294,3,161,"RG","SE"
458,1,161,"RG","SE"
401,1,161,"RG","SE"
461,1,161,"RG","SE"
387,1,161,"RG","SE"
278,1,161,"RG","SE"
456,1,161,"RG","SE"
425,4,161,"RG","SE"
83,2,161,"RG","SE"
68,5,161,"RG","SE"
285,3,161,"RG","SE"
11,27,161,"RG","SE"
502,7,161,"RG","SE"
111,1,161,"RG","SE"
532,5,161,"RG","SE"
170,1,161,"RG","SE"
370,1,161,"RG","SE"
533,5,161,"RG","SE"
106,1,161,"RG","SE"
548,1,161,"RG","SE"
349,1,161,"RG","SE"
466,1,161,"RG","SE"
441,1,161,"RG","SE"
51,2,161,"RG","SE"
284,1,161,"RG","SE"
186,2,161,"RG","SE"
131,1,161,"RG","SE"
45,1,161,"RG","SE"
413,1,161,"RG","SE"
474,1,161,"RG","SE"
116,1,161,"RG","SE"
319,1,161,"RG","SE"
477,4,161,"RG","SE"
308,2,161,"RG","SE"
237,1,161,"RG","SE"
168,1,161,"RG","SE"
49,1,161,"RG","SE"
535,3,161,"RG","SE"
36,3,161,"RG","SE"
7,21,162,"RG","SE"
130,1,162,"RG","SE"
140,1,162,"RG","SE"
358,16,162,"RG","SE"
257,1,162,"RG","SE"
173,2,162,"RG","SE"
264,1,162,"RG","SE"
548,1,162,"RG","SE"
186,2,162,"RG","SE"
482,5,162,"RG","SE"
242,1,162,"RG","SE"
418,1,162,"RG","SE"
455,3,162,"RG","SE"
319,1,162,"RG","SE"
102,1,162,"RG","SE"
32,6,162,"RG","SE"
401,1,162,"RG","SE"
466,1,162,"RG","SE"
390,1,162,"RG","SE"
540,8,162,"RG","SE"
207,1,162,"RG","SE"
16,3,162,"RG","SE"
15,2,162,"RG","SE"
14,30,162,"RG","SE"
439,1,162,"RG","SE"
258,1,162,"RG","SE"
125,1,162,"RG","SE"
509,3,162,"RG","SE"
535,3,162,"RG","SE"
85,15,162,"RG","SE"
488,6,162,"RG","SE"
541,8,162,"RG","SE"
132,1,162,"RG","SE"
523,4,162,"RG","SE"
244,3,162,"RG","SE"
157,1,162,"RG","SE"
349,1,162,"RG","SE"
544,1,162,"RG","SE"
309,1,162,"RG","SE"
108,1,162,"RG","SE"
394,1,162,"RG","SE"
144,1,162,"RG","SE"
328,1,162,"RG","SE"
296,1,162,"RG","SE"
27,2,162,"RG","SE"
452,1,162,"RG","SE"
259,6,162,"RG","SE"
317,2,162,"RG","SE"
368,1,162,"RG","SE"
533,5,162,"RG","SE"
404,1,162,"RG","SE"
255,1,162,"RG","SE"
547,1,162,"RG","SE"
105,1,162,"RG","SE"
413,1,162,"RG","SE"
248,5,162,"RG","SE"
42,1,162,"RG","SE"
476,1,162,"RG","SE"
380,2,163,"RG","SE"
187,1,163,"RG","SE"
457,2,163,"RG","SE"
466,1,163,"RG","SE"
351,1,163,"RG","SE"
130,1,163,"RG","SE"
277,1,163,"RG","SE"
539,1,163,"RG","SE"
458,1,163,"RG","SE"
467,4,163,"RG","SE"
431,1,163,"RG","SE"
418,1,163,"RG","SE"
285,3,163,"RG","SE"
175,1,163,"RG","SE"
145,1,163,"RG","SE"
142,1,163,"RG","SE"
367,2,163,"RG","SE"
363,2,163,"RG","SE"
361,3,163,"RG","SE"
80,6,163,"RG","SE"
523,4,163,"RG","SE"
508,14,163,"RG","SE"
456,1,163,"RG","SE"
302,2,163,"RG","SE"
498,25,163,"RG","SE"
166,1,163,"RG","SE"
477,4,163,"RG","SE"
248,5,163,"RG","SE"
494,8,163,"RG","SE"
524,2,163,"RG","SE"
506,7,163,"RG","SE"
462,1,163,"RG","SE"
222,2,163,"RG","SE"
463,1,163,"RG","SE"
392,1,163,"RG","SE"
515,4,163,"RG","SE"
49,1,163,"RG","SE"
78,21,163,"RG","SE"
126,3,163,"RG","SE"
68,5,163,"RG","SE"
72,9,163,"RG","SE"
57,9,163,"RG","SE"
534,3,163,"RG","SE"
304,2,163,"RG","SE"
394,1,163,"RG","SE"
368,1,163,"RG","SE"
382,1,163,"RG","SE"
330,1,163,"RG","SE"
528,5,163,"RG","SE"
186,2,163,"RG","SE"
425,4,163,"RG","SE"
348,2,163,"RG","SE"
20,7,163,"RG","SE"
86,2,163,"RG","SE"
471,3,163,"RG","SE"
21,7,163,"RG","SE"
438,6,163,"RG","SE"
369,2,163,"RG","SE"
68,5,164,"RG","SE"
153,1,164,"RG","SE"
4,5,164,"RG","SE"
330,1,164,"RG","SE"
425,4,164,"RG","SE"
158,3,164,"RG","SE"
351,1,164,"RG","SE"
426,4,164,"RG","SE"
363,2,164,"RG","SE"
498,25,164,"RG","SE"
171,1,164,"RG","SE"
194,1,164,"RG","SE"
525,9,164,"RG","SE"
123,4,164,"RG","SE"
193,2,164,"RG","SE"
185,1,164,"RG","SE"
49,1,164,"RG","SE"
545,1,164,"RG","SE"
155,1,164,"RG","SE"
488,6,164,"RG","SE"
273,1,164,"RG","SE"
222,2,164,"RG","SE"
28,50,164,"RG","SE"
514,6,164,"RG","SE"
394,1,164,"RG","SE"
535,3,164,"RG","SE"
366,1,164,"RG","SE"
302,2,164,"RG","SE"
541,8,164,"RG","SE"
72,9,164,"RG","SE"
285,3,164,"RG","SE"
140,1,164,"RG","SE"
33,12,164,"RG","SE"
259,6,164,"RG","SE"
513,6,164,"RG","SE"
506,7,164,"RG","SE"
122,2,164,"RG","SE"
7,21,164,"RG","SE"
283,1,164,"RG","SE"
328,1,164,"RG","SE"
374,2,164,"RG","SE"
458,1,164,"RG","SE"
175,1,164,"RG","SE"
476,1,164,"RG","SE"
368,1,164,"RG","SE"
89,1,164,"RG","SE"
12,11,164,"RG","SE"
202,1,164,"RG","SE"
308,2,164,"RG","SE"
282,1,164,"RG","SE"
418,1,164,"RG","SE"
540,8,164,"RG","SE"
160,1,164,"RG","SE"
91,5,164,"RG","SE"
126,3,164,"RG","SE"
157,1,164,"RG","SE"
225,1,164,"RG","SE"
441,1,164,"RG","SE"
476,1,165,"RG","SE"
67,9,165,"RG","SE"
328,1,165,"RG","SE"
151,1,165,"RG","SE"
196,2,165,"RG","SE"
505,11,165,"RG","SE"
111,1,165,"RG","SE"
377,2,165,"RG","SE"
486,5,165,"RG","SE"
430,1,165,"RG","SE"
501,17,165,"RG","SE"
524,2,165,"RG","SE"
330,1,165,"RG","SE"
54,39,165,"RG","SE"
435,2,165,"RG","SE"
129,2,165,"RG","SE"
471,3,165,"RG","SE"
142,1,165,"RG","SE"
86,2,165,"RG","SE"
480,6,165,"RG","SE"
199,1,165,"RG","SE"
249,2,165,"RG","SE"
116,1,165,"RG","SE"
242,1,165,"RG","SE"
502,7,165,"RG","SE"
539,1,165,"RG","SE"
141,2,165,"RG","SE"
76,4,165,"RG","SE"
38,3,165,"RG","SE"
245,1,165,"RG","SE"
125,1,165,"RG","SE"
105,1,165,"RG","SE"
20,7,165,"RG","SE"
548,1,165,"RG","SE"
179,12,165,"RG","SE"
284,1,165,"RG","SE"
204,2,165,"RG","SE"
527,8,165,"RG","SE"
304,2,165,"RG","SE"
525,9,165,"RG","SE"
115,1,165,"RG","SE"
80,6,165,"RG","SE"
171,1,165,"RG","SE"
332,1,165,"RG","SE"
493,7,165,"RG","SE"
378,1,165,"RG","SE"
5,4,165,"RG","SE"
166,1,165,"RG","SE"
126,3,165,"RG","SE"
365,2,165,"RG","SE"
547,1,165,"RG","SE"
498,25,165,"RG","SE"
387,1,165,"RG","SE"
89,1,165,"RG","SE"
477,4,165,"RG","SE"
294,3,165,"RG","SE"
112,4,165,"RG","SE"
352,2,165,"RG","SE"
440,1,166,"RG","SE"
547,1,166,"RG","SE"
103,1,166,"RG","SE"
455,3,166,"RG","SE"
223,1,166,"RG","SE"
175,1,166,"RG","SE"
413,1,166,"RG","SE"
145,1,166,"RG","SE"
294,3,166,"RG","SE"
185,1,166,"RG","SE"
438,6,166,"RG","SE"
190,1,166,"RG","SE"
49,1,166,"RG","SE"
456,1,166,"RG","SE"
312,1,166,"RG","SE"
387,1,166,"RG","SE"
527,8,166,"RG","SE"
273,1,166,"RG","SE"
140,1,166,"RG","SE"
494,8,166,"RG","SE"
126,3,166,"RG","SE"
399,1,166,"RG","SE"
304,2,166,"RG","SE"
517,6,166,"RG","SE"
252,2,166,"RG","SE"
539,1,166,"RG","SE"
155,1,166,"RG","SE"
458,1,166,"RG","SE"
418,1,166,"RG","SE"
89,1,166,"RG","SE"
467,4,166,"RG","SE"
72,9,166,"RG","SE"
419,1,166,"RG","SE"
309,1,166,"RG","SE"
526,2,166,"RG","SE"
533,5,166,"RG","SE"
377,2,166,"RG","SE"
317,2,166,"RG","SE"
285,3,166,"RG","SE"
28,50,166,"RG","SE"
119,1,166,"RG","SE"
404,1,166,"RG","SE"
11,27,166,"RG","SE"
531,2,166,"RG","SE"
532,5,166,"RG","SE"
374,2,166,"RG","SE"
20,7,166,"RG","SE"
142,1,166,"RG","SE"
116,1,166,"RG","SE"
378,1,166,"RG","SE"
514,6,166,"RG","SE"
305,1,166,"RG","SE"
486,5,166,"RG","SE"
7,21,166,"RG","SE"
487,4,166,"RG","SE"
277,1,166,"RG","SE"
19,5,166,"RG","SE"
222,2,166,"RG","SE"
354,2,167,"RG","SE"
157,1,167,"RG","SE"
103,1,167,"RG","SE"
28,50,167,"RG","SE"
308,2,167,"RG","SE"
417,1,167,"RG","SE"
101,1,167,"RG","SE"
539,1,167,"RG","SE"
257,1,167,"RG","SE"
44,30,167,"RG","SE"
370,1,167,"RG","SE"
488,6,167,"RG","SE"
222,2,167,"RG","SE"
259,6,167,"RG","SE"
209,1,167,"RG","SE"
439,1,167,"RG","SE"
171,1,167,"RG","SE"
155,1,167,"RG","SE"
458,1,167,"RG","SE"
489,4,167,"RG","SE"
366,1,167,"RG","SE"
394,1,167,"RG","SE"
249,2,167,"RG","SE"
528,5,167,"RG","SE"
482,5,167,"RG","SE"
282,1,167,"RG","SE"
214,1,167,"RG","SE"
20,7,167,"RG","SE"
149,1,167,"RG","SE"
341,2,167,"RG","SE"
401,1,167,"RG","SE"
108,1,167,"RG","SE"
526,2,167,"RG","SE"
36,3,167,"RG","SE"
336,1,167,"RG","SE"
310,1,167,"RG","SE"
141,2,167,"RG","SE"
151,1,167,"RG","SE"
322,3,167,"RG","SE"
32,6,167,"RG","SE"
430,1,167,"RG","SE"
302,2,167,"RG","SE"
119,1,167,"RG","SE"
204,2,167,"RG","SE"
183,3,167,"RG","SE"
269,1,167,"RG","SE"
545,1,167,"RG","SE"
242,1,167,"RG","SE"
340,1,167,"RG","SE"
413,1,167,"RG","SE"
27,2,167,"RG","SE"
254,1,167,"RG","SE"
380,2,167,"RG","SE"
436,1,167,"RG","SE"
477,4,167,"RG","SE"
440,1,167,"RG","SE"
261,3,167,"RG","SE"
433,2,167,"RG","SE"
332,1,168,"RG","SE"
378,1,168,"RG","SE"
372,1,168,"RG","SE"
11,27,168,"RG","SE"
232,4,168,"RG","SE"
480,6,168,"RG","SE"
87,1,168,"RG","SE"
515,4,168,"RG","SE"
422,4,168,"RG","SE"
425,4,168,"RG","SE"
465,1,168,"RG","SE"
16,3,168,"RG","SE"
309,1,168,"RG","SE"
514,6,168,"RG","SE"
157,1,168,"RG","SE"
410,2,168,"RG","SE"
19,5,168,"RG","SE"
64,9,168,"RG","SE"
392,1,168,"RG","SE"
219,1,168,"RG","SE"
544,1,168,"RG","SE"
436,1,168,"RG","SE"
348,2,168,"RG","SE"
494,8,168,"RG","SE"
235,1,168,"RG","SE"
471,3,168,"RG","SE"
489,4,168,"RG","SE"
183,3,168,"RG","SE"
83,2,168,"RG","SE"
305,1,168,"RG","SE"
185,1,168,"RG","SE"
502,7,168,"RG","SE"
111,1,168,"RG","SE"
377,2,168,"RG","SE"
129,2,168,"RG","SE"
25,1,168,"RG","SE"
343,9,168,"RG","SE"
330,1,168,"RG","SE"
304,2,168,"RG","SE"
193,2,168,"RG","SE"
228,1,168,"RG","SE"
463,1,168,"RG","SE"
286,1,168,"RG","SE"
363,2,168,"RG","SE"
529,5,168,"RG","SE"
247,3,168,"RG","SE"
4,5,168,"RG","SE"
126,3,168,"RG","SE"
171,1,168,"RG","SE"
516,4,168,"RG","SE"
102,1,168,"RG","SE"
86,2,168,"RG","SE"
130,1,168,"RG","SE"
268,1,168,"RG","SE"
509,3,168,"RG","SE"
534,3,168,"RG","SE"
146,1,168,"RG","SE"
381,3,168,"RG","SE"
128,1,169,"RG","SE"
103,1,169,"RG","SE"
509,3,169,"RG","SE"
341,2,169,"RG","SE"
283,1,169,"RG","SE"
26,59,169,"RG","SE"
465,1,169,"RG","SE"
447,4,169,"RG","SE"
250,1,169,"RG","SE"
538,2,169,"RG","SE"
151,1,169,"RG","SE"
278,1,169,"RG","SE"
490,4,169,"RG","SE"
126,3,169,"RG","SE"
480,6,169,"RG","SE"
286,1,169,"RG","SE"
4,5,169,"RG","SE"
5,4,169,"RG","SE"
111,1,169,"RG","SE"
78,21,169,"RG","SE"
193,2,169,"RG","SE"
72,9,169,"RG","SE"
486,5,169,"RG","SE"
389,3,169,"RG","SE"
312,1,169,"RG","SE"
458,1,169,"RG","SE"
138,2,169,"RG","SE"
500,22,169,"RG","SE"
199,1,169,"RG","SE"
291,1,169,"RG","SE"
285,3,169,"RG","SE"
531,2,169,"RG","SE"
277,1,169,"RG","SE"
367,2,169,"RG","SE"
437,1,169,"RG","SE"
336,1,169,"RG","SE"
410,2,169,"RG","SE"
374,2,169,"RG","SE"
461,1,169,"RG","SE"
457,2,169,"RG","SE"
436,1,169,"RG","SE"
146,1,169,"RG","SE"
455,3,169,"RG","SE"
345,1,169,"RG","SE"
304,2,169,"RG","SE"
308,2,169,"RG","SE"
257,1,169,"RG","SE"
255,1,169,"RG","SE"
508,14,169,"RG","SE"
431,1,169,"RG","SE"
244,3,169,"RG","SE"
361,3,169,"RG","SE"
145,1,169,"RG","SE"
141,2,169,"RG","SE"
158,3,169,"RG","SE"
279,1,169,"RG","SE"
330,1,169,"RG","SE"
523,4,169,"RG","SE"
363,2,170,"RG","SE"
228,1,170,"RG","SE"
394,1,170,"RG","SE"
144,1,170,"RG","SE"
534,3,170,"RG","SE"
463,1,170,"RG","SE"
322,3,170,"RG","SE"
366,1,170,"RG","SE"
506,7,170,"RG","SE"
488,6,170,"RG","SE"
259,6,170,"RG","SE"
508,14,170,"RG","SE"
247,3,170,"RG","SE"
496,22,170,"RG","SE"
486,5,170,"RG","SE"
317,2,170,"RG","SE"
36,3,170,"RG","SE"
404,1,170,"RG","SE"
141,2,170,"RG","SE"
487,4,170,"RG","SE"
151,1,170,"RG","SE"
462,1,170,"RG","SE"
415,1,170,"RG","SE"
421,4,170,"RG","SE"
77,17,170,"RG","SE"
352,2,170,"RG","SE"
7,21,170,"RG","SE"
13,1,170,"RG","SE"
158,3,170,"RG","SE"
266,1,170,"RG","SE"
155,1,170,"RG","SE"
223,1,170,"RG","SE"
308,2,170,"RG","SE"
502,7,170,"RG","SE"
523,4,170,"RG","SE"
122,2,170,"RG","SE"
104,2,170,"RG","SE"
277,1,170,"RG","SE"
374,2,170,"RG","SE"
168,1,170,"RG","SE"
456,1,170,"RG","SE"
381,3,170,"RG","SE"
148,1,170,"RG","SE"
38,3,170,"RG","SE"
336,1,170,"RG","SE"
242,1,170,"RG","SE"
138,2,170,"RG","SE"
25,1,170,"RG","SE"
15,2,170,"RG","SE"
435,2,170,"RG","SE"
269,1,170,"RG","SE"
357,1,170,"RG","SE"
479,6,170,"RG","SE"
515,4,170,"RG","SE"
32,6,170,"RG","SE"
190,1,170,"RG","SE"
328,1,170,"RG","SE"
372,1,170,"RG","SE"
85,15,171,"RG","SE"
502,7,171,"RG","SE"
437,1,171,"RG","SE"
248,5,171,"RG","SE"
153,1,171,"RG","SE"
392,1,171,"RG","SE"
417,1,171,"RG","SE"
493,7,171,"RG","SE"
344,1,171,"RG","SE"
282,1,171,"RG","SE"
105,1,171,"RG","SE"
125,1,171,"RG","SE"
193,2,171,"RG","SE"
365,2,171,"RG","SE"
102,1,171,"RG","SE"
534,3,171,"RG","SE"
440,1,171,"RG","SE"
341,2,171,"RG","SE"
500,22,171,"RG","SE"
425,4,171,"RG","SE"
276,3,171,"RG","SE"
258,1,171,"RG","SE"
261,3,171,"RG","SE"
191,1,171,"RG","SE"
259,6,171,"RG","SE"
381,3,171,"RG","SE"
520,2,171,"RG","SE"
494,8,171,"RG","SE"
198,2,171,"RG","SE"
61,50,171,"RG","SE"
166,1,171,"RG","SE"
175,1,171,"RG","SE"
541,8,171,"RG","SE"
106,1,171,"RG","SE"
283,1,171,"RG","SE"
187,1,171,"RG","SE"
387,1,171,"RG","SE"
142,1,171,"RG","SE"
77,17,171,"RG","SE"
463,1,171,"RG","SE"
14,30,171,"RG","SE"
266,1,171,"RG","SE"
132,1,171,"RG","SE"
531,2,171,"RG","SE"
382,1,171,"RG","SE"
547,1,171,"RG","SE"
110,1,171,"RG","SE"
457,2,171,"RG","SE"
242,1,171,"RG","SE"
410,2,171,"RG","SE"
349,1,171,"RG","SE"
433,2,171,"RG","SE"
539,1,171,"RG","SE"
5,4,171,"RG","SE"
466,1,171,"RG","SE"
183,3,171,"RG","SE"
458,1,171,"RG","SE"
104,2,171,"RG","SE"
524,2,172,"RG","SE"
410,2,172,"RG","SE"
505,11,172,"RG","SE"
32,6,172,"RG","SE"
171,1,172,"RG","SE"
541,8,172,"RG","SE"
228,1,172,"RG","SE"
310,1,172,"RG","SE"
397,1,172,"RG","SE"
168,1,172,"RG","SE"
155,1,172,"RG","SE"
20,7,172,"RG","SE"
548,1,172,"RG","SE"
351,1,172,"RG","SE"
108,1,172,"RG","SE"
12,11,172,"RG","SE"
506,7,172,"RG","SE"
433,2,172,"RG","SE"
545,1,172,"RG","SE"
141,2,172,"RG","SE"
361,3,172,"RG","SE"
72,9,172,"RG","SE"
77,17,172,"RG","SE"
501,17,172,"RG","SE"
344,1,172,"RG","SE"
469,5,172,"RG","SE"
103,1,172,"RG","SE"
21,7,172,"RG","SE"
4,5,172,"RG","SE"
458,1,172,"RG","SE"
488,6,172,"RG","SE"
106,1,172,"RG","SE"
302,2,172,"RG","SE"
264,1,172,"RG","SE"
202,1,172,"RG","SE"
540,8,172,"RG","SE"
116,1,172,"RG","SE"
169,1,172,"RG","SE"
187,1,172,"RG","SE"
415,1,172,"RG","SE"
482,5,172,"RG","SE"
196,2,172,"RG","SE"
336,1,172,"RG","SE"
457,2,172,"RG","SE"
317,2,172,"RG","SE"
509,3,172,"RG","SE"
278,1,172,"RG","SE"
199,1,172,"RG","SE"
269,1,172,"RG","SE"
389,3,172,"RG","SE"
532,5,172,"RG","SE"
198,2,172,"RG","SE"
124,4,172,"RG","SE"
19,5,172,"RG","SE"
284,1,172,"RG","SE"
68,5,172,"RG","SE"
510,9,172,"RG","SE"
248,5,172,"RG","SE"
13,1,173,"RG","SE"
301,1,173,"RG","SE"
528,5,173,"RG","SE"
255,1,173,"RG","SE"
253,1,173,"RG","SE"
110,1,173,"RG","SE"
108,1,173,"RG","SE"
322,3,173,"RG","SE"
103,1,173,"RG","SE"
532,5,173,"RG","SE"
502,7,173,"RG","SE"
166,1,173,"RG","SE"
378,1,173,"RG","SE"
534,3,173,"RG","SE"
441,1,173,"RG","SE"
26,59,173,"RG","SE"
28,50,173,"RG","SE"
219,1,173,"RG","SE"
112,4,173,"RG","SE"
529,5,173,"RG","SE"
207,1,173,"RG","SE"
390,1,173,"RG","SE"
440,1,173,"RG","SE"
147,1,173,"RG","SE"
252,2,173,"RG","SE"
363,2,173,"RG","SE"
484,4,173,"RG","SE"
199,1,173,"RG","SE"
61,50,173,"RG","SE"
72,9,173,"RG","SE"
462,1,173,"RG","SE"
439,1,173,"RG","SE"
513,6,173,"RG","SE"
193,2,173,"RG","SE"
313,3,173,"RG","SE"
544,1,173,"RG","SE"
461,1,173,"RG","SE"
310,1,173,"RG","SE"
401,1,173,"RG","SE"
38,3,173,"RG","SE"
155,1,173,"RG","SE"
377,2,173,"RG","SE"
65,4,173,"RG","SE"
471,3,173,"RG","SE"
264,1,173,"RG","SE"
494,8,173,"RG","SE"
303,6,173,"RG","SE"
148,1,173,"RG","SE"
330,1,173,"RG","SE"
145,1,173,"RG","SE"
302,2,173,"RG","SE"
57,9,173,"RG","SE"
531,2,173,"RG","SE"
20,7,173,"RG","SE"
308,2,173,"RG","SE"
436,1,173,"RG","SE"
45,1,173,"RG","SE"
179,12,173,"RG","SE"
476,1,174,"RG","SE"
228,1,174,"RG","SE"
529,5,174,"RG","SE"
187,1,174,"RG","SE"
16,3,174,"RG","SE"
276,3,174,"RG","SE"
143,1,174,"RG","SE"
484,4,174,"RG","SE"
91,5,174,"RG","SE"
348,2,174,"RG","SE"
219,1,174,"RG","SE"
344,1,174,"RG","SE"
390,1,174,"RG","SE"
5,4,174,"RG","SE"
223,1,174,"RG","SE"
142,1,174,"RG","SE"
148,1,174,"RG","SE"
526,2,174,"RG","SE"
397,1,174,"RG","SE"
126,3,174,"RG","SE"
112,4,174,"RG","SE"
470,5,174,"RG","SE"
341,2,174,"RG","SE"
540,8,174,"RG","SE"
418,1,174,"RG","SE"
45,1,174,"RG","SE"
78,21,174,"RG","SE"
80,6,174,"RG","SE"
26,59,174,"RG","SE"
309,1,174,"RG","SE"
72,9,174,"RG","SE"
278,1,174,"RG","SE"
145,1,174,"RG","SE"
318,3,174,"RG","SE"
164,6,174,"RG","SE"
404,1,174,"RG","SE"
301,1,174,"RG","SE"
439,1,174,"RG","SE"
481,2,174,"RG","SE"
349,1,174,"RG","SE"
277,1,174,"RG","SE"
204,2,174,"RG","SE"
539,1,174,"RG","SE"
510,9,174,"RG","SE"
463,1,174,"RG","SE"
122,2,174,"RG","SE"
469,5,174,"RG","SE"
19,5,174,"RG","SE"
266,1,174,"RG","SE"
7,21,174,"RG","SE"
328,1,174,"RG","SE"
104,2,174,"RG","SE"
132,1,174,"RG","SE"
257,1,174,"RG","SE"
433,2,174,"RG","SE"
111,1,174,"RG","SE"
302,2,174,"RG","SE"
76,4,174,"RG","SE"
173,2,175,"RG","SE"
394,1,175,"RG","SE"
273,1,175,"RG","SE"
28,50,175,"RG","SE"
32,6,175,"RG","SE"
419,1,175,"RG","SE"
190,1,175,"RG","SE"
11,27,175,"RG","SE"
474,1,175,"RG","SE"
417,1,175,"RG","SE"
160,1,175,"RG","SE"
91,5,175,"RG","SE"
548,1,175,"RG","SE"
488,6,175,"RG","SE"
279,1,175,"RG","SE"
141,2,175,"RG","SE"
86,2,175,"RG","SE"
148,1,175,"RG","SE"
341,2,175,"RG","SE"
175,1,175,"RG","SE"
445,10,175,"RG","SE"
191,1,175,"RG","SE"
244,3,175,"RG","SE"
431,1,175,"RG","SE"
430,1,175,"RG","SE"
42,1,175,"RG","SE"
513,6,175,"RG","SE"
545,1,175,"RG","SE"
438,6,175,"RG","SE"
124,4,175,"RG","SE"
284,1,175,"RG","SE"
520,2,175,"RG","SE"
466,1,175,"RG","SE"
5,4,175,"RG","SE"
528,5,175,"RG","SE"
110,1,175,"RG","SE"
351,1,175,"RG","SE"
534,3,175,"RG","SE"
510,9,175,"RG","SE"
65,4,175,"RG","SE"
508,14,175,"RG","SE"
390,1,175,"RG","SE"
72,9,175,"RG","SE"
436,1,175,"RG","SE"
310,1,175,"RG","SE"
122,2,175,"RG","SE"
147,1,175,"RG","SE"
303,6,175,"RG","SE"
214,1,175,"RG","SE"
204,2,175,"RG","SE"
357,1,175,"RG","SE"
105,1,175,"RG","SE"
106,1,175,"RG","SE"
237,1,175,"RG","SE"
168,1,175,"RG","SE"
435,2,175,"RG","SE"
248,5,175,"RG","SE"
463,1,175,"RG","SE"
3,5,176,"RG","SE"
108,1,176,"RG","SE"
186,2,176,"RG","SE"
525,9,176,"RG","SE"
390,1,176,"RG","SE"
225,1,176,"RG","SE"
248,5,176,"RG","SE"
14,30,176,"RG","SE"
145,1,176,"RG","SE"
425,4,176,"RG","SE"
397,1,176,"RG","SE"
285,3,176,"RG","SE"
426,4,176,"RG","SE"
510,9,176,"RG","SE"
516,4,176,"RG","SE"
130,1,176,"RG","SE"
20,7,176,"RG","SE"
348,2,176,"RG","SE"
514,6,176,"RG","SE"
377,2,176,"RG","SE"
332,1,176,"RG","SE"
21,7,176,"RG","SE"
44,30,176,"RG","SE"
140,1,176,"RG","SE"
365,2,176,"RG","SE"
124,4,176,"RG","SE"
505,11,176,"RG","SE"
191,1,176,"RG","SE"
148,1,176,"RG","SE"
509,3,176,"RG","SE"
65,4,176,"RG","SE"
394,1,176,"RG","SE"
42,1,176,"RG","SE"
142,1,176,"RG","SE"
279,1,176,"RG","SE"
173,2,176,"RG","SE"
160,1,176,"RG","SE"
477,4,176,"RG","SE"
309,1,176,"RG","SE"
116,1,176,"RG","SE"
374,2,176,"RG","SE"
318,3,176,"RG","SE"
352,2,176,"RG","SE"
471,3,176,"RG","SE"
438,6,176,"RG","SE"
457,2,176,"RG","SE"
500,22,176,"RG","SE"
187,1,176,"RG","SE"
336,1,176,"RG","SE"
494,8,176,"RG","SE"
283,1,176,"RG","SE"
122,2,176,"RG","SE"
103,1,176,"RG","SE"
80,6,176,"RG","SE"
469,5,176,"RG","SE"
308,2,176,"RG","SE"
105,1,176,"RG","SE"
487,4,176,"RG","SE"
506,7,177,"RG","SE"
78,21,177,"RG","SE"
387,1,177,"RG","SE"
479,6,177,"RG","SE"
330,1,177,"RG","SE"
471,3,177,"RG","SE"
10,1,177,"RG","SE"
237,1,177,"RG","SE"
368,1,177,"RG","SE"
157,1,177,"RG","SE"
138,2,177,"RG","SE"
283,1,177,"RG","SE"
372,1,177,"RG","SE"
523,4,177,"RG","SE"
545,1,177,"RG","SE"
108,1,177,"RG","SE"
439,1,177,"RG","SE"
319,1,177,"RG","SE"
186,2,177,"RG","SE"
86,2,177,"RG","SE"
128,1,177,"RG","SE"
332,1,177,"RG","SE"
202,1,177,"RG","SE"
252,2,177,"RG","SE"
204,2,177,"RG","SE"
141,2,177,"RG","SE"
17,5,177,"RG","SE"
104,2,177,"RG","SE"
445,10,177,"RG","SE"
410,2,177,"RG","SE"
381,3,177,"RG","SE"
322,3,177,"RG","SE"
132,1,177,"RG","SE"
462,1,177,"RG","SE"
304,2,177,"RG","SE"
484,4,177,"RG","SE"
309,1,177,"RG","SE"
33,12,177,"RG","SE"
61,50,177,"RG","SE"
294,3,177,"RG","SE"
153,1,177,"RG","SE"
529,5,177,"RG","SE"
80,6,177,"RG","SE"
21,7,177,"RG","SE"
144,1,177,"RG","SE"
365,2,177,"RG","SE"
160,1,177,"RG","SE"
392,1,177,"RG","SE"
534,3,177,"RG","SE"
418,1,177,"RG","SE"
124,4,177,"RG","SE"
190,1,177,"RG","SE"
363,2,177,"RG","SE"
105,1,177,"RG","SE"
494,8,177,"RG","SE"
115,1,177,"RG","SE"
544,1,177,"RG","SE"
435,2,177,"RG","SE"
91,5,178,"RG","SE"
105,1,178,"RG","SE"
308,2,178,"RG","SE"
83,2,178,"RG","SE"
506,7,178,"RG","SE"
169,1,178,"RG","SE"
437,1,178,"RG","SE"
435,2,178,"RG","SE"
186,2,178,"RG","SE"
540,8,178,"RG","SE"
185,1,178,"RG","SE"
533,5,178,"RG","SE"
508,14,178,"RG","SE"
65,4,178,"RG","SE"
68,5,178,"RG","SE"
89,1,178,"RG","SE"
326,2,178,"RG","SE"
190,1,178,"RG","SE"
175,1,178,"RG","SE"
266,1,178,"RG","SE"
273,1,178,"RG","SE"
514,6,178,"RG","SE"
87,1,178,"RG","SE"
104,2,178,"RG","SE"
349,1,178,"RG","SE"
548,1,178,"RG","SE"
524,2,178,"RG","SE"
284,1,178,"RG","SE"
4,5,178,"RG","SE"
151,1,178,"RG","SE"
457,2,178,"RG","SE"
228,1,178,"RG","SE"
322,3,178,"RG","SE"
243,2,178,"RG","SE"
141,2,178,"RG","SE"
312,1,178,"RG","SE"
112,4,178,"RG","SE"
160,1,178,"RG","SE"
237,1,178,"RG","SE"
447,4,178,"RG","SE"
476,1,178,"RG","SE"
57,9,178,"RG","SE"
520,2,178,"RG","SE"
304,2,178,"RG","SE"
470,5,178,"RG","SE"
498,25,178,"RG","SE"
28,50,178,"RG","SE"
20,7,178,"RG","SE"
202,1,178,"RG","SE"
455,3,178,"RG","SE"
13,1,178,"RG","SE"
32,6,178,"RG","SE"
452,1,178,"RG","SE"
399,1,178,"RG","SE"
12,11,178,"RG","SE"
198,2,178,"RG","SE"
501,17,178,"RG","SE"
119,1,178,"RG","SE"
191,1,179,"RG","SE"
124,4,179,"RG","SE"
369,2,179,"RG","SE"
404,1,179,"RG","SE"
258,1,179,"RG","SE"
457,2,179,"RG","SE"
279,1,179,"RG","SE"
390,1,179,"RG","SE"
166,1,179,"RG","SE"
533,5,179,"RG","SE"
528,5,179,"RG","SE"
13,1,179,"RG","SE"
438,6,179,"RG","SE"
228,1,179,"RG","SE"
365,2,179,"RG","SE"
11,27,179,"RG","SE"
345,1,179,"RG","SE"
126,3,179,"RG","SE"
341,2,179,"RG","SE"
487,4,179,"RG","SE"
513,6,179,"RG","SE"
44,30,179,"RG","SE"
508,14,179,"RG","SE"
247,3,179,"RG","SE"
465,1,179,"RG","SE"
203,1,179,"RG","SE"
122,2,179,"RG","SE"
381,3,179,"RG","SE"
479,6,179,"RG","SE"
64,9,179,"RG","SE"
248,5,179,"RG","SE"
545,1,179,"RG","SE"
214,1,179,"RG","SE"
207,1,179,"RG","SE"
294,3,179,"RG","SE"
22,4,179,"RG","SE"
308,2,179,"RG","SE"
474,1,179,"RG","SE"
28,50,179,"RG","SE"
130,1,179,"RG","SE"
83,2,179,"RG","SE"
376,3,179,"RG","SE"
493,7,179,"RG","SE"
245,1,179,"RG","SE"
170,1,179,"RG","SE"
266,1,179,"RG","SE"
330,1,179,"RG","SE"
278,1,179,"RG","SE"
445,10,179,"RG","SE"
370,1,179,"RG","SE"
539,1,179,"RG","SE"
45,1,179,"RG","SE"
273,1,179,"RG","SE"
366,1,179,"RG","SE"
395,1,179,"RG","SE"
349,1,179,"RG","SE"
198,2,179,"RG","SE"
67,9,179,"RG","SE"
435,2,180,"RG","SE"
116,1,180,"RG","SE"
430,1,180,"RG","SE"
128,1,180,"RG","SE"
105,1,180,"RG","SE"
404,1,180,"RG","SE"
146,1,180,"RG","SE"
470,5,180,"RG","SE"
440,1,180,"RG","SE"
19,5,180,"RG","SE"
186,2,180,"RG","SE"
194,1,180,"RG","SE"
328,1,180,"RG","SE"
266,1,180,"RG","SE"
138,2,180,"RG","SE"
502,7,180,"RG","SE"
481,2,180,"RG","SE"
160,1,180,"RG","SE"
16,3,180,"RG","SE"
202,1,180,"RG","SE"
36,3,180,"RG","SE"
370,1,180,"RG","SE"
377,2,180,"RG","SE"
313,3,180,"RG","SE"
104,2,180,"RG","SE"
130,1,180,"RG","SE"
397,1,180,"RG","SE"
125,1,180,"RG","SE"
538,2,180,"RG","SE"
392,1,180,"RG","SE"
203,1,180,"RG","SE"
183,3,180,"RG","SE"
524,2,180,"RG","SE"
170,1,180,"RG","SE"
505,11,180,"RG","SE"
399,1,180,"RG","SE"
413,1,180,"RG","SE"
302,2,180,"RG","SE"
179,12,180,"RG","SE"
401,1,180,"RG","SE"
389,3,180,"RG","SE"
193,2,180,"RG","SE"
185,1,180,"RG","SE"
369,2,180,"RG","SE"
243,2,180,"RG","SE"
466,1,180,"RG","SE"
476,1,180,"RG","SE"
486,5,180,"RG","SE"
15,2,180,"RG","SE"
544,1,180,"RG","SE"
308,2,180,"RG","SE"
44,30,180,"RG","SE"
528,5,180,"RG","SE"
12,11,180,"RG","SE"
318,3,180,"RG","SE"
294,3,180,"RG","SE"
57,9,180,"RG","SE"
529,5,180,"RG","SE"
336,1,181,"RG","SE"
392,1,181,"RG","SE"
430,1,181,"RG","SE"
533,5,181,"RG","SE"
32,6,181,"RG","SE"
249,2,181,"RG","SE"
244,3,181,"RG","SE"
17,5,181,"RG","SE"
269,1,181,"RG","SE"
141,2,181,"RG","SE"
266,1,181,"RG","SE"
399,1,181,"RG","SE"
125,1,181,"RG","SE"
258,1,181,"RG","SE"
374,2,181,"RG","SE"
242,1,181,"RG","SE"
425,4,181,"RG","SE"
422,4,181,"RG","SE"
378,1,181,"RG","SE"
169,1,181,"RG","SE"
328,1,181,"RG","SE"
49,1,181,"RG","SE"
341,2,181,"RG","SE"
252,2,181,"RG","SE"
535,3,181,"RG","SE"
433,2,181,"RG","SE"
183,3,181,"RG","SE"
318,3,181,"RG","SE"
361,3,181,"RG","SE"
51,2,181,"RG","SE"
305,1,181,"RG","SE"
471,3,181,"RG","SE"
149,1,181,"RG","SE"
387,1,181,"RG","SE"
7,21,181,"RG","SE"
142,1,181,"RG","SE"
481,2,181,"RG","SE"
248,5,181,"RG","SE"
4,5,181,"RG","SE"
397,1,181,"RG","SE"
115,1,181,"RG","SE"
394,1,181,"RG","SE"
527,8,181,"RG","SE"
494,8,181,"RG","SE"
489,4,181,"RG","SE"
304,2,181,"RG","SE"
508,14,181,"RG","SE"
44,30,181,"RG","SE"
54,39,181,"RG","SE"
474,1,181,"RG","SE"
175,1,181,"RG","SE"
147,1,181,"RG","SE"
547,1,181,"RG","SE"
232,4,181,"RG","SE"
199,1,181,"RG","SE"
462,1,181,"RG","SE"
261,3,181,"RG","SE"
187,1,181,"RG","SE"
502,7,182,"RG","SE"
357,1,182,"RG","SE"
173,2,182,"RG","SE"
258,1,182,"RG","SE"
132,1,182,"RG","SE"
141,2,182,"RG","SE"
474,1,182,"RG","SE"
515,4,182,"RG","SE"
517,6,182,"RG","SE"
471,3,182,"RG","SE"
486,5,182,"RG","SE"
149,1,182,"RG","SE"
78,21,182,"RG","SE"
85,15,182,"RG","SE"
548,1,182,"RG","SE"
401,1,182,"RG","SE"
483,5,182,"RG","SE"
57,9,182,"RG","SE"
310,1,182,"RG","SE"
410,2,182,"RG","SE"
477,4,182,"RG","SE"
348,2,182,"RG","SE"
89,1,182,"RG","SE"
77,17,182,"RG","SE"
547,1,182,"RG","SE"
341,2,182,"RG","SE"
529,5,182,"RG","SE"
151,1,182,"RG","SE"
505,11,182,"RG","SE"
22,4,182,"RG","SE"
26,59,182,"RG","SE"
470,5,182,"RG","SE"
248,5,182,"RG","SE"
541,8,182,"RG","SE"
528,5,182,"RG","SE"
404,1,182,"RG","SE"
531,2,182,"RG","SE"
146,1,182,"RG","SE"
119,1,182,"RG","SE"
279,1,182,"RG","SE"
14,30,182,"RG","SE"
336,1,182,"RG","SE"
7,21,182,"RG","SE"
203,1,182,"RG","SE"
509,3,182,"RG","SE"
38,3,182,"RG","SE"
232,4,182,"RG","SE"
313,3,182,"RG","SE"
67,9,182,"RG","SE"
526,2,182,"RG","SE"
389,3,182,"RG","SE"
532,5,182,"RG","SE"
76,4,182,"RG","SE"
380,2,182,"RG","SE"
462,1,182,"RG","SE"
523,4,182,"RG","SE"
10,1,182,"RG","SE"
19,5,182,"RG","SE"
155,1,183,"RG","SE"
278,1,183,"RG","SE"
279,1,183,"RG","SE"
318,3,183,"RG","SE"
390,1,183,"RG","SE"
16,3,183,"RG","SE"
153,1,183,"RG","SE"
175,1,183,"RG","SE"
548,1,183,"RG","SE"
437,1,183,"RG","SE"
401,1,183,"RG","SE"
461,1,183,"RG","SE"
358,16,183,"RG","SE"
7,21,183,"RG","SE"
382,1,183,"RG","SE"
340,1,183,"RG","SE"
484,4,183,"RG","SE"
17,5,183,"RG","SE"
304,2,183,"RG","SE"
439,1,183,"RG","SE"
166,1,183,"RG","SE"
83,2,183,"RG","SE"
438,6,183,"RG","SE"
467,4,183,"RG","SE"
13,1,183,"RG","SE"
305,1,183,"RG","SE"
168,1,183,"RG","SE"
54,39,183,"RG","SE"
146,1,183,"RG","SE"
186,2,183,"RG","SE"
123,4,183,"RG","SE"
21,7,183,"RG","SE"
501,17,183,"RG","SE"
445,10,183,"RG","SE"
513,6,183,"RG","SE"
533,5,183,"RG","SE"
170,1,183,"RG","SE"
130,1,183,"RG","SE"
330,1,183,"RG","SE"
466,1,183,"RG","SE"
131,1,183,"RG","SE"
541,8,183,"RG","SE"
68,5,183,"RG","SE"
440,1,183,"RG","SE"
286,1,183,"RG","SE"
145,1,183,"RG","SE"
489,4,183,"RG","SE"
367,2,183,"RG","SE"
415,1,183,"RG","SE"
481,2,183,"RG","SE"
207,1,183,"RG","SE"
203,1,183,"RG","SE"
506,7,183,"RG","SE"
526,2,183,"RG","SE"
483,5,183,"RG","SE"
532,5,183,"RG","SE"
431,1,183,"RG","SE"
149,1,183,"RG","SE"
87,1,184,"RG","SE"
179,12,184,"RG","SE"
33,12,184,"RG","SE"
254,1,184,"RG","SE"
119,1,184,"RG","SE"
377,2,184,"RG","SE"
410,2,184,"RG","SE"
160,1,184,"RG","SE"
313,3,184,"RG","SE"
488,6,184,"RG","SE"
493,7,184,"RG","SE"
489,4,184,"RG","SE"
382,1,184,"RG","SE"
77,17,184,"RG","SE"
242,1,184,"RG","SE"
223,1,184,"RG","SE"
257,1,184,"RG","SE"
361,3,184,"RG","SE"
480,6,184,"RG","SE"
529,5,184,"RG","SE"
78,21,184,"RG","SE"
463,1,184,"RG","SE"
351,1,184,"RG","SE"
194,1,184,"RG","SE"
235,1,184,"RG","SE"
348,2,184,"RG","SE"
456,1,184,"RG","SE"
196,2,184,"RG","SE"
49,1,184,"RG","SE"
369,2,184,"RG","SE"
85,15,184,"RG","SE"
20,7,184,"RG","SE"
16,3,184,"RG","SE"
483,5,184,"RG","SE"
61,50,184,"RG","SE"
312,1,184,"RG","SE"
540,8,184,"RG","SE"
354,2,184,"RG","SE"
25,1,184,"RG","SE"
513,6,184,"RG","SE"
501,17,184,"RG","SE"
286,1,184,"RG","SE"
523,4,184,"RG","SE"
122,2,184,"RG","SE"
520,2,184,"RG","SE"
276,3,184,"RG","SE"
291,1,184,"RG","SE"
506,7,184,"RG","SE"
309,1,184,"RG","SE"
253,1,184,"RG","SE"
508,14,184,"RG","SE"
534,3,184,"RG","SE"
207,1,184,"RG","SE"
17,5,184,"RG","SE"
173,2,184,"RG","SE"
524,2,184,"RG","SE"
247,3,184,"RG","SE"
36,3,184,"RG","SE"
142,1,185,"RG","SE"
480,6,185,"RG","SE"
244,3,185,"RG","SE"
13,1,185,"RG","SE"
22,4,185,"RG","SE"
282,1,185,"RG","SE"
489,4,185,"RG","SE"
278,1,185,"RG","SE"
193,2,185,"RG","SE"
119,1,185,"RG","SE"
483,5,185,"RG","SE"
225,1,185,"RG","SE"
484,4,185,"RG","SE"
467,4,185,"RG","SE"
101,1,185,"RG","SE"
173,2,185,"RG","SE"
19,5,185,"RG","SE"
392,1,185,"RG","SE"
494,8,185,"RG","SE"
317,2,185,"RG","SE"
486,5,185,"RG","SE"
232,4,185,"RG","SE"
32,6,185,"RG","SE"
202,1,185,"RG","SE"
45,1,185,"RG","SE"
196,2,185,"RG","SE"
169,1,185,"RG","SE"
85,15,185,"RG","SE"
190,1,185,"RG","SE"
304,2,185,"RG","SE"
302,2,185,"RG","SE"
106,1,185,"RG","SE"
519,3,185,"RG","SE"
247,3,185,"RG","SE"
474,1,185,"RG","SE"
254,1,185,"RG","SE"
252,2,185,"RG","SE"
253,1,185,"RG","SE"
541,8,185,"RG","SE"
33,12,185,"RG","SE"
16,3,185,"RG","SE"
501,17,185,"RG","SE"
143,1,185,"RG","SE"
422,4,185,"RG","SE"
187,1,185,"RG","SE"
112,4,185,"RG","SE"
128,1,185,"RG","SE"
390,1,185,"RG","SE"
326,2,185,"RG","SE"
363,2,185,"RG","SE"
344,1,185,"RG","SE"
305,1,185,"RG","SE"
248,5,185,"RG","SE"
531,2,185,"RG","SE"
257,1,185,"RG","SE"
89,1,185,"RG","SE"
219,1,185,"RG","SE"
368,1,185,"RG","SE"
397,1,186,"RG","SE"
392,1,186,"RG","SE"
285,3,186,"RG","SE"
20,7,186,"RG","SE"
317,2,186,"RG","SE"
352,2,186,"RG","SE"
363,2,186,"RG","SE"
87,1,186,"RG","SE"
348,2,186,"RG","SE"
541,8,186,"RG","SE"
322,3,186,"RG","SE"
524,2,186,"RG","SE"
488,6,186,"RG","SE"
312,1,186,"RG","SE"
534,3,186,"RG","SE"
309,1,186,"RG","SE"
531,2,186,"RG","SE"
106,1,186,"RG","SE"
85,15,186,"RG","SE"
378,1,186,"RG","SE"
490,4,186,"RG","SE"
237,1,186,"RG","SE"
209,1,186,"RG","SE"
399,1,186,"RG","SE"
169,1,186,"RG","SE"
466,1,186,"RG","SE"
171,1,186,"RG","SE"
278,1,186,"RG","SE"
437,1,186,"RG","SE"
276,3,186,"RG","SE"
5,4,186,"RG","SE"
138,2,186,"RG","SE"
471,3,186,"RG","SE"
72,9,186,"RG","SE"
153,1,186,"RG","SE"
302,2,186,"RG","SE"
83,2,186,"RG","SE"
259,6,186,"RG","SE"
12,11,186,"RG","SE"
196,2,186,"RG","SE"
351,1,186,"RG","SE"
441,1,186,"RG","SE"
148,1,186,"RG","SE"
345,1,186,"RG","SE"
44,30,186,"RG","SE"
248,5,186,"RG","SE"
219,1,186,"RG","SE"
486,5,186,"RG","SE"
126,3,186,"RG","SE"
509,3,186,"RG","SE"
264,1,186,"RG","SE"
57,9,186,"RG","SE"
526,2,186,"RG","SE"
358,16,186,"RG","SE"
496,22,186,"RG","SE"
273,1,186,"RG","SE"
269,1,186,"RG","SE"
361,3,186,"RG","SE"
10,1,187,"RG","SE"
269,1,187,"RG","SE"
44,30,187,"RG","SE"
123,4,187,"RG","SE"
151,1,187,"RG","SE"
498,25,187,"RG","SE"
237,1,187,"RG","SE"
186,2,187,"RG","SE"
3,5,187,"RG","SE"
336,1,187,"RG","SE"
67,9,187,"RG","SE"
370,1,187,"RG","SE"
341,2,187,"RG","SE"
257,1,187,"RG","SE"
401,1,187,"RG","SE"
202,1,187,"RG","SE"
310,1,187,"RG","SE"
523,4,187,"RG","SE"
529,5,187,"RG","SE"
455,3,187,"RG","SE"
433,2,187,"RG","SE"
305,1,187,"RG","SE"
313,3,187,"RG","SE"
392,1,187,"RG","SE"
194,1,187,"RG","SE"
501,17,187,"RG","SE"
532,5,187,"RG","SE"
394,1,187,"RG","SE"
252,2,187,"RG","SE"
111,1,187,"RG","SE"
129,2,187,"RG","SE"
489,4,187,"RG","SE"
322,3,187,"RG","SE"
27,2,187,"RG","SE"
283,1,187,"RG","SE"
470,5,187,"RG","SE"
166,1,187,"RG","SE"
141,2,187,"RG","SE"
83,2,187,"RG","SE"
282,1,187,"RG","SE"
372,1,187,"RG","SE"
318,3,187,"RG","SE"
319,1,187,"RG","SE"
389,3,187,"RG","SE"
72,9,187,"RG","SE"
279,1,187,"RG","SE"
465,1,187,"RG","SE"
21,7,187,"RG","SE"
502,7,187,"RG","SE"
125,1,187,"RG","SE"
219,1,187,"RG","SE"
112,4,187,"RG","SE"
57,9,187,"RG","SE"
366,1,187,"RG","SE"
387,1,187,"RG","SE"
264,1,187,"RG","SE"
452,1,187,"RG","SE"
158,3,187,"RG","SE"
493,7,188,"RG","SE"
430,1,188,"RG","SE"
304,2,188,"RG","SE"
367,2,188,"RG","SE"
169,1,188,"RG","SE"
417,1,188,"RG","SE"
214,1,188,"RG","SE"
303,6,188,"RG","SE"
89,1,188,"RG","SE"
312,1,188,"RG","SE"
49,1,188,"RG","SE"
431,1,188,"RG","SE"
283,1,188,"RG","SE"
540,8,188,"RG","SE"
17,5,188,"RG","SE"
397,1,188,"RG","SE"
390,1,188,"RG","SE"
250,1,188,"RG","SE"
404,1,188,"RG","SE"
166,1,188,"RG","SE"
51,2,188,"RG","SE"
286,1,188,"RG","SE"
382,1,188,"RG","SE"
106,1,188,"RG","SE"
171,1,188,"RG","SE"
243,2,188,"RG","SE"
461,1,188,"RG","SE"
269,1,188,"RG","SE"
351,1,188,"RG","SE"
343,9,188,"RG","SE"
319,1,188,"RG","SE"
242,1,188,"RG","SE"
115,1,188,"RG","SE"
505,11,188,"RG","SE"
547,1,188,"RG","SE"
489,4,188,"RG","SE"
496,22,188,"RG","SE"
534,3,188,"RG","SE"
61,50,188,"RG","SE"
418,1,188,"RG","SE"
112,4,188,"RG","SE"
313,3,188,"RG","SE"
10,1,188,"RG","SE"
363,2,188,"RG","SE"
131,1,188,"RG","SE"
122,2,188,"RG","SE"
32,6,188,"RG","SE"
413,1,188,"RG","SE"
225,1,188,"RG","SE"
160,1,188,"RG","SE"
509,3,188,"RG","SE"
514,6,188,"RG","SE"
222,2,188,"RG","SE"
348,2,188,"RG","SE"
247,3,188,"RG","SE"
500,22,188,"RG","SE"
425,4,188,"RG","SE"
395,1,188,"RG","SE"
431,1,189,"RG","SE"
430,1,189,"RG","SE"
520,2,189,"RG","SE"
269,1,189,"RG","SE"
153,1,189,"RG","SE"
125,1,189,"RG","SE"
505,11,189,"RG","SE"
65,4,189,"RG","SE"
186,2,189,"RG","SE"
168,1,189,"RG","SE"
124,4,189,"RG","SE"
38,3,189,"RG","SE"
276,3,189,"RG","SE"
345,1,189,"RG","SE"
535,3,189,"RG","SE"
374,2,189,"RG","SE"
49,1,189,"RG","SE"
140,1,189,"RG","SE"
528,5,189,"RG","SE"
22,4,189,"RG","SE"
278,1,189,"RG","SE"
372,1,189,"RG","SE"
401,1,189,"RG","SE"
130,1,189,"RG","SE"
482,5,189,"RG","SE"
294,3,189,"RG","SE"
369,2,189,"RG","SE"
83,2,189,"RG","SE"
264,1,189,"RG","SE"
157,1,189,"RG","SE"
198,2,189,"RG","SE"
132,1,189,"RG","SE"
538,2,189,"RG","SE"
129,2,189,"RG","SE"
457,2,189,"RG","SE"
484,4,189,"RG","SE"
142,1,189,"RG","SE"
382,1,189,"RG","SE"
461,1,189,"RG","SE"
545,1,189,"RG","SE"
225,1,189,"RG","SE"
467,4,189,"RG","SE"
514,6,189,"RG","SE"
86,2,189,"RG","SE"
146,1,189,"RG","SE"
462,1,189,"RG","SE"
193,2,189,"RG","SE"
204,2,189,"RG","SE"
237,1,189,"RG","SE"
68,5,189,"RG","SE"
456,1,189,"RG","SE"
418,1,189,"RG","SE"
187,1,189,"RG","SE"
476,1,189,"RG","SE"
380,2,189,"RG","SE"
389,3,189,"RG","SE"
115,1,189,"RG","SE"
348,2,189,"RG","SE"
479,6,190,"RG","SE"
158,3,190,"RG","SE"
266,1,190,"RG","SE"
486,5,190,"RG","SE"
286,1,190,"RG","SE"
438,6,190,"RG","SE"
225,1,190,"RG","SE"
365,2,190,"RG","SE"
304,2,190,"RG","SE"
13,1,190,"RG","SE"
532,5,190,"RG","SE"
20,7,190,"RG","SE"
276,3,190,"RG","SE"
202,1,190,"RG","SE"
17,5,190,"RG","SE"
132,1,190,"RG","SE"
214,1,190,"RG","SE"
44,30,190,"RG","SE"
27,2,190,"RG","SE"
259,6,190,"RG","SE"
191,1,190,"RG","SE"
157,1,190,"RG","SE"
466,1,190,"RG","SE"
328,1,190,"RG","SE"
269,1,190,"RG","SE"
160,1,190,"RG","SE"
516,4,190,"RG","SE"
526,2,190,"RG","SE"
422,4,190,"RG","SE"
517,6,190,"RG","SE"
253,1,190,"RG","SE"
147,1,190,"RG","SE"
369,2,190,"RG","SE"
520,2,190,"RG","SE"
123,4,190,"RG","SE"
22,4,190,"RG","SE"
544,1,190,"RG","SE"
534,3,190,"RG","SE"
370,1,190,"RG","SE"
330,1,190,"RG","SE"
141,2,190,"RG","SE"
525,9,190,"RG","SE"
430,1,190,"RG","SE"
243,2,190,"RG","SE"
301,1,190,"RG","SE"
223,1,190,"RG","SE"
308,2,190,"RG","SE"
351,1,190,"RG","SE"
209,1,190,"RG","SE"
494,8,190,"RG","SE"
248,5,190,"RG","SE"
489,4,190,"RG","SE"
193,2,190,"RG","SE"
15,2,190,"RG","SE"
417,1,190,"RG","SE"
458,1,190,"RG","SE"
397,1,190,"RG","SE"
296,1,190,"RG","SE"
431,1,191,"RG","SE"
138,2,191,"RG","SE"
332,1,191,"RG","SE"
381,3,191,"RG","SE"
534,3,191,"RG","SE"
179,12,191,"RG","SE"
126,3,191,"RG","SE"
415,1,191,"RG","SE"
232,4,191,"RG","SE"
85,15,191,"RG","SE"
202,1,191,"RG","SE"
11,27,191,"RG","SE"
20,7,191,"RG","SE"
257,1,191,"RG","SE"
141,2,191,"RG","SE"
435,2,191,"RG","SE"
304,2,191,"RG","SE"
19,5,191,"RG","SE"
462,1,191,"RG","SE"
466,1,191,"RG","SE"
525,9,191,"RG","SE"
284,1,191,"RG","SE"
276,3,191,"RG","SE"
340,1,191,"RG","SE"
33,12,191,"RG","SE"
101,1,191,"RG","SE"
312,1,191,"RG","SE"
128,1,191,"RG","SE"
147,1,191,"RG","SE"
36,3,191,"RG","SE"
286,1,191,"RG","SE"
44,30,191,"RG","SE"
545,1,191,"RG","SE"
87,1,191,"RG","SE"
490,4,191,"RG","SE"
487,4,191,"RG","SE"
481,2,191,"RG","SE"
157,1,191,"RG","SE"
366,1,191,"RG","SE"
77,17,191,"RG","SE"
547,1,191,"RG","SE"
199,1,191,"RG","SE"
244,3,191,"RG","SE"
25,1,191,"RG","SE"
509,3,191,"RG","SE"
326,2,191,"RG","SE"
458,1,191,"RG","SE"
261,3,191,"RG","SE"
336,1,191,"RG","SE"
357,1,191,"RG","SE"
27,2,191,"RG","SE"
519,3,191,"RG","SE"
64,9,191,"RG","SE"
78,21,191,"RG","SE"
310,1,191,"RG","SE"
397,1,191,"RG","SE"
122,2,191,"RG","SE"
144,1,191,"RG","SE"
504,10,192,"RG","SE"
547,1,192,"RG","SE"
245,1,192,"RG","SE"
509,3,192,"RG","SE"
382,1,192,"RG","SE"
483,5,192,"RG","SE"
103,1,192,"RG","SE"
277,1,192,"RG","SE"
12,11,192,"RG","SE"
528,5,192,"RG","SE"
273,1,192,"RG","SE"
49,1,192,"RG","SE"
392,1,192,"RG","SE"
151,1,192,"RG","SE"
276,3,192,"RG","SE"
469,5,192,"RG","SE"
194,1,192,"RG","SE"
169,1,192,"RG","SE"
516,4,192,"RG","SE"
264,1,192,"RG","SE"
27,2,192,"RG","SE"
357,1,192,"RG","SE"
164,6,192,"RG","SE"
25,1,192,"RG","SE"
105,1,192,"RG","SE"
374,2,192,"RG","SE"
77,17,192,"RG","SE"
477,4,192,"RG","SE"
361,3,192,"RG","SE"
144,1,192,"RG","SE"
155,1,192,"RG","SE"
322,3,192,"RG","SE"
237,1,192,"RG","SE"
284,1,192,"RG","SE"
126,3,192,"RG","SE"
16,3,192,"RG","SE"
365,2,192,"RG","SE"
129,2,192,"RG","SE"
14,30,192,"RG","SE"
500,22,192,"RG","SE"
190,1,192,"RG","SE"
484,4,192,"RG","SE"
112,4,192,"RG","SE"
291,1,192,"RG","SE"
248,5,192,"RG","SE"
225,1,192,"RG","SE"
395,1,192,"RG","SE"
340,1,192,"RG","SE"
244,3,192,"RG","SE"
372,1,192,"RG","SE"
529,5,192,"RG","SE"
310,1,192,"RG","SE"
170,1,192,"RG","SE"
64,9,192,"RG","SE"
61,50,192,"RG","SE"
116,1,192,"RG","SE"
404,1,192,"RG","SE"
78,21,192,"RG","SE"
140,1,193,"RG","SE"
309,1,193,"RG","SE"
219,1,193,"RG","SE"
61,50,193,"RG","SE"
494,8,193,"RG","SE"
418,1,193,"RG","SE"
103,1,193,"RG","SE"
534,3,193,"RG","SE"
425,4,193,"RG","SE"
110,1,193,"RG","SE"
49,1,193,"RG","SE"
490,4,193,"RG","SE"
273,1,193,"RG","SE"
394,1,193,"RG","SE"
282,1,193,"RG","SE"
245,1,193,"RG","SE"
487,4,193,"RG","SE"
433,2,193,"RG","SE"
185,1,193,"RG","SE"
447,4,193,"RG","SE"
404,1,193,"RG","SE"
513,6,193,"RG","SE"
305,1,193,"RG","SE"
539,1,193,"RG","SE"
67,9,193,"RG","SE"
376,3,193,"RG","SE"
504,10,193,"RG","SE"
303,6,193,"RG","SE"
480,6,193,"RG","SE"
547,1,193,"RG","SE"
496,22,193,"RG","SE"
166,1,193,"RG","SE"
354,2,193,"RG","SE"
372,1,193,"RG","SE"
4,5,193,"RG","SE"
13,1,193,"RG","SE"
164,6,193,"RG","SE"
255,1,193,"RG","SE"
349,1,193,"RG","SE"
378,1,193,"RG","SE"
143,1,193,"RG","SE"
45,1,193,"RG","SE"
474,1,193,"RG","SE"
145,1,193,"RG","SE"
207,1,193,"RG","SE"
54,39,193,"RG","SE"
42,1,193,"RG","SE"
237,1,193,"RG","SE"
17,5,193,"RG","SE"
190,1,193,"RG","SE"
426,4,193,"RG","SE"
228,1,193,"RG","SE"
38,3,193,"RG","SE"
361,3,193,"RG","SE"
111,1,193,"RG","SE"
397,1,193,"RG","SE"
225,1,193,"RG","SE"
89,1,193,"RG","SE"
3,5,194,"RG","SE"
486,5,194,"RG","SE"
187,1,194,"RG","SE"
119,1,194,"RG","SE"
445,10,194,"RG","SE"
456,1,194,"RG","SE"
214,1,194,"RG","SE"
318,3,194,"RG","SE"
168,1,194,"RG","SE"
463,1,194,"RG","SE"
433,2,194,"RG","SE"
354,2,194,"RG","SE"
529,5,194,"RG","SE"
465,1,194,"RG","SE"
278,1,194,"RG","SE"
374,2,194,"RG","SE"
175,1,194,"RG","SE"
131,1,194,"RG","SE"
523,4,194,"RG","SE"
506,7,194,"RG","SE"
431,1,194,"RG","SE"
103,1,194,"RG","SE"
194,1,194,"RG","SE"
86,2,194,"RG","SE"
209,1,194,"RG","SE"
332,1,194,"RG","SE"
351,1,194,"RG","SE"
455,3,194,"RG","SE"
106,1,194,"RG","SE"
110,1,194,"RG","SE"
330,1,194,"RG","SE"
426,4,194,"RG","SE"
91,5,194,"RG","SE"
482,5,194,"RG","SE"
76,4,194,"RG","SE"
404,1,194,"RG","SE"
247,3,194,"RG","SE"
38,3,194,"RG","SE"
259,6,194,"RG","SE"
380,2,194,"RG","SE"
166,1,194,"RG","SE"
389,3,194,"RG","SE"
510,9,194,"RG","SE"
138,2,194,"RG","SE"
505,11,194,"RG","SE"
102,1,194,"RG","SE"
370,1,194,"RG","SE"
78,21,194,"RG","SE"
516,4,194,"RG","SE"
310,1,194,"RG","SE"
222,2,194,"RG","SE"
155,1,194,"RG","SE"
268,1,194,"RG","SE"
83,2,194,"RG","SE"
253,1,194,"RG","SE"
376,3,194,"RG","SE"
25,1,194,"RG","SE"
413,1,194,"RG","SE"
151,1,195,"RG","SE"
363,2,195,"RG","SE"
64,9,195,"RG","SE"
237,1,195,"RG","SE"
250,1,195,"RG","SE"
447,4,195,"RG","SE"
349,1,195,"RG","SE"
19,5,195,"RG","SE"
378,1,195,"RG","SE"
545,1,195,"RG","SE"
344,1,195,"RG","SE"
232,4,195,"RG","SE"
462,1,195,"RG","SE"
357,1,195,"RG","SE"
186,2,195,"RG","SE"
534,3,195,"RG","SE"
282,1,195,"RG","SE"
438,6,195,"RG","SE"
389,3,195,"RG","SE"
425,4,195,"RG","SE"
366,1,195,"RG","SE"
436,1,195,"RG","SE"
116,1,195,"RG","SE"
276,3,195,"RG","SE"
301,1,195,"RG","SE"
540,8,195,"RG","SE"
13,1,195,"RG","SE"
198,2,195,"RG","SE"
179,12,195,"RG","SE"
336,1,195,"RG","SE"
488,6,195,"RG","SE"
44,30,195,"RG","SE"
16,3,195,"RG","SE"
515,4,195,"RG","SE"
42,1,195,"RG","SE"
455,3,195,"RG","SE"
458,1,195,"RG","SE"
248,5,195,"RG","SE"
313,3,195,"RG","SE"
32,6,195,"RG","SE"
80,6,195,"RG","SE"
415,1,195,"RG","SE"
527,8,195,"RG","SE"
520,2,195,"RG","SE"
397,1,195,"RG","SE"
67,9,195,"RG","SE"
456,1,195,"RG","SE"
404,1,195,"RG","SE"
426,4,195,"RG","SE"
21,7,195,"RG","SE"
377,2,195,"RG","SE"
27,2,195,"RG","SE"
461,1,195,"RG","SE"
382,1,195,"RG","SE"
26,59,195,"RG","SE"
223,1,195,"RG","SE"
261,3,195,"RG","SE"
544,1,195,"RG","SE"
199,1,196,"RG","SE"
173,2,196,"RG","SE"
519,3,196,"RG","SE"
255,1,196,"RG","SE"
141,2,196,"RG","SE"
447,4,196,"RG","SE"
128,1,196,"RG","SE"
285,3,196,"RG","SE"
19,5,196,"RG","SE"
38,3,196,"RG","SE"
26,59,196,"RG","SE"
102,1,196,"RG","SE"
223,1,196,"RG","SE"
15,2,196,"RG","SE"
539,1,196,"RG","SE"
17,5,196,"RG","SE"
369,2,196,"RG","SE"
146,1,196,"RG","SE"
509,3,196,"RG","SE"
115,1,196,"RG","SE"
72,9,196,"RG","SE"
378,1,196,"RG","SE"
282,1,196,"RG","SE"
273,1,196,"RG","SE"
517,6,196,"RG","SE"
404,1,196,"RG","SE"
204,2,196,"RG","SE"
525,9,196,"RG","SE"
532,5,196,"RG","SE"
515,4,196,"RG","SE"
513,6,196,"RG","SE"
437,1,196,"RG","SE"
106,1,196,"RG","SE"
352,2,196,"RG","SE"
544,1,196,"RG","SE"
33,12,196,"RG","SE"
250,1,196,"RG","SE"
368,1,196,"RG","SE"
145,1,196,"RG","SE"
336,1,196,"RG","SE"
370,1,196,"RG","SE"
304,2,196,"RG","SE"
284,1,196,"RG","SE"
57,9,196,"RG","SE"
377,2,196,"RG","SE"
116,1,196,"RG","SE"
222,2,196,"RG","SE"
348,2,196,"RG","SE"
345,1,196,"RG","SE"
366,1,196,"RG","SE"
91,5,196,"RG","SE"
125,1,196,"RG","SE"
36,3,196,"RG","SE"
130,1,196,"RG","SE"
510,9,196,"RG","SE"
61,50,196,"RG","SE"
531,2,196,"RG","SE"
129,2,196,"RG","SE"
369,2,197,"RG","SE"
129,2,197,"RG","SE"
425,4,197,"RG","SE"
268,1,197,"RG","SE"
457,2,197,"RG","SE"
110,1,197,"RG","SE"
509,3,197,"RG","SE"
17,5,197,"RG","SE"
524,2,197,"RG","SE"
529,5,197,"RG","SE"
143,1,197,"RG","SE"
103,1,197,"RG","SE"
104,2,197,"RG","SE"
11,27,197,"RG","SE"
222,2,197,"RG","SE"
140,1,197,"RG","SE"
476,1,197,"RG","SE"
199,1,197,"RG","SE"
45,1,197,"RG","SE"
452,1,197,"RG","SE"
447,4,197,"RG","SE"
531,2,197,"RG","SE"
175,1,197,"RG","SE"
308,2,197,"RG","SE"
304,2,197,"RG","SE"
291,1,197,"RG","SE"
527,8,197,"RG","SE"
410,2,197,"RG","SE"
194,1,197,"RG","SE"
488,6,197,"RG","SE"
266,1,197,"RG","SE"
395,1,197,"RG","SE"
309,1,197,"RG","SE"
326,2,197,"RG","SE"
486,5,197,"RG","SE"
112,4,197,"RG","SE"
166,1,197,"RG","SE"
259,6,197,"RG","SE"
344,1,197,"RG","SE"
502,7,197,"RG","SE"
401,1,197,"RG","SE"
4,5,197,"RG","SE"
85,15,197,"RG","SE"
322,3,197,"RG","SE"
42,1,197,"RG","SE"
431,1,197,"RG","SE"
541,8,197,"RG","SE"
243,2,197,"RG","SE"
341,2,197,"RG","SE"
232,4,197,"RG","SE"
441,1,197,"RG","SE"
382,1,197,"RG","SE"
343,9,197,"RG","SE"
51,2,197,"RG","SE"
123,4,197,"RG","SE"
462,1,197,"RG","SE"
445,10,197,"RG","SE"
533,5,197,"RG","SE"
517,6,198,"RG","SE"
417,1,198,"RG","SE"
436,1,198,"RG","SE"
222,2,198,"RG","SE"
415,1,198,"RG","SE"
249,2,198,"RG","SE"
141,2,198,"RG","SE"
104,2,198,"RG","SE"
500,22,198,"RG","SE"
198,2,198,"RG","SE"
465,1,198,"RG","SE"
42,1,198,"RG","SE"
204,2,198,"RG","SE"
126,3,198,"RG","SE"
455,3,198,"RG","SE"
445,10,198,"RG","SE"
124,4,198,"RG","SE"
348,2,198,"RG","SE"
477,4,198,"RG","SE"
344,1,198,"RG","SE"
302,2,198,"RG","SE"
235,1,198,"RG","SE"
319,1,198,"RG","SE"
33,12,198,"RG","SE"
19,5,198,"RG","SE"
202,1,198,"RG","SE"
85,15,198,"RG","SE"
219,1,198,"RG","SE"
513,6,198,"RG","SE"
531,2,198,"RG","SE"
476,1,198,"RG","SE"
463,1,198,"RG","SE"
51,2,198,"RG","SE"
168,1,198,"RG","SE"
175,1,198,"RG","SE"
17,5,198,"RG","SE"
38,3,198,"RG","SE"
330,1,198,"RG","SE"
268,1,198,"RG","SE"
312,1,198,"RG","SE"
5,4,198,"RG","SE"
305,1,198,"RG","SE"
147,1,198,"RG","SE"
374,2,198,"RG","SE"
77,17,198,"RG","SE"
322,3,198,"RG","SE"
258,1,198,"RG","SE"
83,2,198,"RG","SE"
326,2,198,"RG","SE"
399,1,198,"RG","SE"
469,5,198,"RG","SE"
328,1,198,"RG","SE"
190,1,198,"RG","SE"
250,1,198,"RG","SE"
286,1,198,"RG","SE"
20,7,198,"RG","SE"
419,1,198,"RG","SE"
245,1,198,"RG","SE"
21,7,199,"RG","SE"
302,2,199,"RG","SE"
376,3,199,"RG","SE"
399,1,199,"RG","SE"
482,5,199,"RG","SE"
86,2,199,"RG","SE"
171,1,199,"RG","SE"
25,1,199,"RG","SE"
261,3,199,"RG","SE"
413,1,199,"RG","SE"
17,5,199,"RG","SE"
370,1,199,"RG","SE"
357,1,199,"RG","SE"
502,7,199,"RG","SE"
349,1,199,"RG","SE"
249,2,199,"RG","SE"
523,4,199,"RG","SE"
140,1,199,"RG","SE"
457,2,199,"RG","SE"
301,1,199,"RG","SE"
392,1,199,"RG","SE"
232,4,199,"RG","SE"
129,2,199,"RG","SE"
410,2,199,"RG","SE"
369,2,199,"RG","SE"
191,1,199,"RG","SE"
179,12,199,"RG","SE"
469,5,199,"RG","SE"
285,3,199,"RG","SE"
447,4,199,"RG","SE"
486,5,199,"RG","SE"
508,14,199,"RG","SE"
437,1,199,"RG","SE"
244,3,199,"RG","SE"
65,4,199,"RG","SE"
85,15,199,"RG","SE"
515,4,199,"RG","SE"
504,10,199,"RG","SE"
175,1,199,"RG","SE"
199,1,199,"RG","SE"
33,12,199,"RG","SE"
436,1,199,"RG","SE"
186,2,199,"RG","SE"
194,1,199,"RG","SE"
4,5,199,"RG","SE"
258,1,199,"RG","SE"
14,30,199,"RG","SE"
540,8,199,"RG","SE"
340,1,199,"RG","SE"
509,3,199,"RG","SE"
148,1,199,"RG","SE"
381,3,199,"RG","SE"
524,2,199,"RG","SE"
128,1,199,"RG","SE"
343,9,199,"RG","SE"
112,4,199,"RG","SE"
426,4,199,"RG","SE"
54,39,199,"RG","SE"
389,3,200,"RG","SE"
247,3,200,"RG","SE"
538,2,200,"RG","SE"
452,1,200,"RG","SE"
529,5,200,"RG","SE"
365,2,200,"RG","SE"
498,25,200,"RG","SE"
463,1,200,"RG","SE"
340,1,200,"RG","SE"
330,1,200,"RG","SE"
168,1,200,"RG","SE"
481,2,200,"RG","SE"
354,2,200,"RG","SE"
258,1,200,"RG","SE"
493,7,200,"RG","SE"
14,30,200,"RG","SE"
417,1,200,"RG","SE"
317,2,200,"RG","SE"
466,1,200,"RG","SE"
254,1,200,"RG","SE"
471,3,200,"RG","SE"
312,1,200,"RG","SE"
376,3,200,"RG","SE"
372,1,200,"RG","SE"
399,1,200,"RG","SE"
285,3,200,"RG","SE"
44,30,200,"RG","SE"
535,3,200,"RG","SE"
78,21,200,"RG","SE"
202,1,200,"RG","SE"
171,1,200,"RG","SE"
484,4,200,"RG","SE"
22,4,200,"RG","SE"
141,2,200,"RG","SE"
318,3,200,"RG","SE"
11,27,200,"RG","SE"
102,1,200,"RG","SE"
508,14,200,"RG","SE"
457,2,200,"RG","SE"
426,4,200,"RG","SE"
381,3,200,"RG","SE"
61,50,200,"RG","SE"
235,1,200,"RG","SE"
68,5,200,"RG","SE"
248,5,200,"RG","SE"
525,9,200,"RG","SE"
421,4,200,"RG","SE"
276,3,200,"RG","SE"
332,1,200,"RG","SE"
259,6,200,"RG","SE"
506,7,200,"RG","SE"
369,2,200,"RG","SE"
461,1,200,"RG","SE"
145,1,200,"RG","SE"
445,10,200,"RG","SE"
32,6,200,"RG","SE"
83,2,200,"RG","SE"
387,1,200,"RG","SE"
145,1,201,"RG","SE"
264,1,201,"RG","SE"
21,7,201,"RG","SE"
326,2,201,"RG","SE"
422,4,201,"RG","SE"
119,1,201,"RG","SE"
304,2,201,"RG","SE"
322,3,201,"RG","SE"
452,1,201,"RG","SE"
445,10,201,"RG","SE"
258,1,201,"RG","SE"
140,1,201,"RG","SE"
340,1,201,"RG","SE"
77,17,201,"RG","SE"
477,4,201,"RG","SE"
248,5,201,"RG","SE"
207,1,201,"RG","SE"
305,1,201,"RG","SE"
141,2,201,"RG","SE"
509,3,201,"RG","SE"
155,1,201,"RG","SE"
467,4,201,"RG","SE"
317,2,201,"RG","SE"
276,3,201,"RG","SE"
318,3,201,"RG","SE"
354,2,201,"RG","SE"
466,1,201,"RG","SE"
32,6,201,"RG","SE"
540,8,201,"RG","SE"
103,1,201,"RG","SE"
242,1,201,"RG","SE"
26,59,201,"RG","SE"
394,1,201,"RG","SE"
413,1,201,"RG","SE"
425,4,201,"RG","SE"
253,1,201,"RG","SE"
529,5,201,"RG","SE"
363,2,201,"RG","SE"
166,1,201,"RG","SE"
279,1,201,"RG","SE"
123,4,201,"RG","SE"
157,1,201,"RG","SE"
390,1,201,"RG","SE"
20,7,201,"RG","SE"
505,11,201,"RG","SE"
482,5,201,"RG","SE"
125,1,201,"RG","SE"
545,1,201,"RG","SE"
25,1,201,"RG","SE"
313,3,201,"RG","SE"
11,27,201,"RG","SE"
28,50,201,"RG","SE"
369,2,201,"RG","SE"
510,9,201,"RG","SE"
254,1,201,"RG","SE"
72,9,201,"RG","SE"
278,1,201,"RG","SE"
302,2,201,"RG","SE"
494,8,202,"RG","SE"
116,1,202,"RG","SE"
399,1,202,"RG","SE"
387,1,202,"RG","SE"
5,4,202,"RG","SE"
11,27,202,"RG","SE"
533,5,202,"RG","SE"
438,6,202,"RG","SE"
72,9,202,"RG","SE"
115,1,202,"RG","SE"
481,2,202,"RG","SE"
308,2,202,"RG","SE"
21,7,202,"RG","SE"
138,2,202,"RG","SE"
57,9,202,"RG","SE"
535,3,202,"RG","SE"
358,16,202,"RG","SE"
225,1,202,"RG","SE"
273,1,202,"RG","SE"
425,4,202,"RG","SE"
10,1,202,"RG","SE"
525,9,202,"RG","SE"
365,2,202,"RG","SE"
4,5,202,"RG","SE"
44,30,202,"RG","SE"
296,1,202,"RG","SE"
392,1,202,"RG","SE"
389,3,202,"RG","SE"
77,17,202,"RG","SE"
27,2,202,"RG","SE"
130,1,202,"RG","SE"
319,1,202,"RG","SE"
203,1,202,"RG","SE"
310,1,202,"RG","SE"
452,1,202,"RG","SE"
51,2,202,"RG","SE"
250,1,202,"RG","SE"
166,1,202,"RG","SE"
544,1,202,"RG","SE"
538,2,202,"RG","SE"
65,4,202,"RG","SE"
390,1,202,"RG","SE"
207,1,202,"RG","SE"
153,1,202,"RG","SE"
369,2,202,"RG","SE"
372,1,202,"RG","SE"
284,1,202,"RG","SE"
242,1,202,"RG","SE"
85,15,202,"RG","SE"
440,1,202,"RG","SE"
463,1,202,"RG","SE"
436,1,202,"RG","SE"
548,1,202,"RG","SE"
397,1,202,"RG","SE"
283,1,202,"RG","SE"
15,2,202,"RG","SE"
505,11,202,"RG","SE"
202,1,202,"RG","SE"
143,1,203,"RG","SE"
261,3,203,"RG","SE"
202,1,203,"RG","SE"
125,1,203,"RG","SE"
11,27,203,"RG","SE"
15,2,203,"RG","SE"
523,4,203,"RG","SE"
493,7,203,"RG","SE"
194,1,203,"RG","SE"
77,17,203,"RG","SE"
508,14,203,"RG","SE"
259,6,203,"RG","SE"
284,1,203,"RG","SE"
64,9,203,"RG","SE"
312,1,203,"RG","SE"
544,1,203,"RG","SE"
72,9,203,"RG","SE"
361,3,203,"RG","SE"
397,1,203,"RG","SE"
336,1,203,"RG","SE"
146,1,203,"RG","SE"
244,3,203,"RG","SE"
447,4,203,"RG","SE"
438,6,203,"RG","SE"
268,1,203,"RG","SE"
328,1,203,"RG","SE"
115,1,203,"RG","SE"
250,1,203,"RG","SE"
32,6,203,"RG","SE"
85,15,203,"RG","SE"
185,1,203,"RG","SE"
389,3,203,"RG","SE"
498,25,203,"RG","SE"
368,1,203,"RG","SE"
369,2,203,"RG","SE"
466,1,203,"RG","SE"
291,1,203,"RG","SE"
496,22,203,"RG","SE"
160,1,203,"RG","SE"
203,1,203,"RG","SE"
417,1,203,"RG","SE"
255,1,203,"RG","SE"
249,2,203,"RG","SE"
209,1,203,"RG","SE"
80,6,203,"RG","SE"
273,1,203,"RG","SE"
285,3,203,"RG","SE"
4,5,203,"RG","SE"
532,5,203,"RG","SE"
344,1,203,"RG","SE"
61,50,203,"RG","SE"
481,2,203,"RG","SE"
119,1,203,"RG","SE"
422,4,203,"RG","SE"
418,1,203,"RG","SE"
151,1,203,"RG","SE"
484,4,203,"RG","SE"
382,1,203,"RG","SE"
463,1,204,"RG","SE"
447,4,204,"RG","SE"
147,1,204,"RG","SE"
123,4,204,"RG","SE"
258,1,204,"RG","SE"
14,30,204,"RG","SE"
395,1,204,"RG","SE"
285,3,204,"RG","SE"
141,2,204,"RG","SE"
77,17,204,"RG","SE"
548,1,204,"RG","SE"
481,2,204,"RG","SE"
538,2,204,"RG","SE"
493,7,204,"RG","SE"
531,2,204,"RG","SE"
140,1,204,"RG","SE"
467,4,204,"RG","SE"
278,1,204,"RG","SE"
17,5,204,"RG","SE"
36,3,204,"RG","SE"
435,2,204,"RG","SE"
115,1,204,"RG","SE"
11,27,204,"RG","SE"
22,4,204,"RG","SE"
358,16,204,"RG","SE"
498,25,204,"RG","SE"
308,2,204,"RG","SE"
253,1,204,"RG","SE"
341,2,204,"RG","SE"
509,3,204,"RG","SE"
57,9,204,"RG","SE"
126,3,204,"RG","SE"
130,1,204,"RG","SE"
264,1,204,"RG","SE"
488,6,204,"RG","SE"
111,1,204,"RG","SE"
138,2,204,"RG","SE"
349,1,204,"RG","SE"
496,22,204,"RG","SE"
457,2,204,"RG","SE"
151,1,204,"RG","SE"
380,2,204,"RG","SE"
476,1,204,"RG","SE"
250,1,204,"RG","SE"
318,3,204,"RG","SE"
243,2,204,"RG","SE"
199,1,204,"RG","SE"
541,8,204,"RG","SE"
343,9,204,"RG","SE"
392,1,204,"RG","SE"
27,2,204,"RG","SE"
479,6,204,"RG","SE"
259,6,204,"RG","SE"
430,1,204,"RG","SE"
376,3,204,"RG","SE"
535,3,204,"RG","SE"
87,1,204,"RG","SE"
326,2,204,"RG","SE"
483,5,205,"RG","SE"
462,1,205,"RG","SE"
456,1,205,"RG","SE"
155,1,205,"RG","SE"
301,1,205,"RG","SE"
164,6,205,"RG","SE"
104,2,205,"RG","SE"
151,1,205,"RG","SE"
126,3,205,"RG","SE"
7,21,205,"RG","SE"
22,4,205,"RG","SE"
266,1,205,"RG","SE"
15,2,205,"RG","SE"
142,1,205,"RG","SE"
494,8,205,"RG","SE"
413,1,205,"RG","SE"
17,5,205,"RG","SE"
516,4,205,"RG","SE"
228,1,205,"RG","SE"
123,4,205,"RG","SE"
390,1,205,"RG","SE"
380,2,205,"RG","SE"
26,59,205,"RG","SE"
259,6,205,"RG","SE"
276,3,205,"RG","SE"
131,1,205,"RG","SE"
273,1,205,"RG","SE"
207,1,205,"RG","SE"
539,1,205,"RG","SE"
312,1,205,"RG","SE"
36,3,205,"RG","SE"
326,2,205,"RG","SE"
67,9,205,"RG","SE"
277,1,205,"RG","SE"
465,1,205,"RG","SE"
305,1,205,"RG","SE"
247,3,205,"RG","SE"
101,1,205,"RG","SE"
87,1,205,"RG","SE"
44,30,205,"RG","SE"
160,1,205,"RG","SE"
279,1,205,"RG","SE"
426,4,205,"RG","SE"
523,4,205,"RG","SE"
173,2,205,"RG","SE"
501,17,205,"RG","SE"
513,6,205,"RG","SE"
254,1,205,"RG","SE"
382,1,205,"RG","SE"
76,4,205,"RG","SE"
128,1,205,"RG","SE"
42,1,205,"RG","SE"
515,4,205,"RG","SE"
322,3,205,"RG","SE"
27,2,205,"RG","SE"
25,1,205,"RG","SE"
309,1,205,"RG","SE"
343,9,205,"RG","SE"
469,5,206,"RG","SE"
528,5,206,"RG","SE"
14,30,206,"RG","SE"
277,1,206,"RG","SE"
471,3,206,"RG","SE"
490,4,206,"RG","SE"
493,7,206,"RG","SE"
179,12,206,"RG","SE"
505,11,206,"RG","SE"
132,1,206,"RG","SE"
273,1,206,"RG","SE"
146,1,206,"RG","SE"
86,2,206,"RG","SE"
463,1,206,"RG","SE"
301,1,206,"RG","SE"
544,1,206,"RG","SE"
465,1,206,"RG","SE"
394,1,206,"RG","SE"
10,1,206,"RG","SE"
539,1,206,"RG","SE"
466,1,206,"RG","SE"
248,5,206,"RG","SE"
128,1,206,"RG","SE"
514,6,206,"RG","SE"
175,1,206,"RG","SE"
291,1,206,"RG","SE"
25,1,206,"RG","SE"
198,2,206,"RG","SE"
296,1,206,"RG","SE"
5,4,206,"RG","SE"
541,8,206,"RG","SE"
259,6,206,"RG","SE"
312,1,206,"RG","SE"
447,4,206,"RG","SE"
377,2,206,"RG","SE"
89,1,206,"RG","SE"
358,16,206,"RG","SE"
519,3,206,"RG","SE"
548,1,206,"RG","SE"
64,9,206,"RG","SE"
203,1,206,"RG","SE"
369,2,206,"RG","SE"
352,2,206,"RG","SE"
457,2,206,"RG","SE"
387,1,206,"RG","SE"
157,1,206,"RG","SE"
488,6,206,"RG","SE"
4,5,206,"RG","SE"
425,4,206,"RG","SE"
348,2,206,"RG","SE"
515,4,206,"RG","SE"
232,4,206,"RG","SE"
367,2,206,"RG","SE"
477,4,206,"RG","SE"
119,1,206,"RG","SE"
32,6,206,"RG","SE"
124,4,206,"RG","SE"
142,1,206,"RG","SE"
461,1,207,"RG","SE"
514,6,207,"RG","SE"
516,4,207,"RG","SE"
368,1,207,"RG","SE"
509,3,207,"RG","SE"
3,5,207,"RG","SE"
20,7,207,"RG","SE"
482,5,207,"RG","SE"
116,1,207,"RG","SE"
535,3,207,"RG","SE"
389,3,207,"RG","SE"
143,1,207,"RG","SE"
269,1,207,"RG","SE"
185,1,207,"RG","SE"
242,1,207,"RG","SE"
312,1,207,"RG","SE"
245,1,207,"RG","SE"
38,3,207,"RG","SE"
531,2,207,"RG","SE"
122,2,207,"RG","SE"
86,2,207,"RG","SE"
131,1,207,"RG","SE"
447,4,207,"RG","SE"
441,1,207,"RG","SE"
467,4,207,"RG","SE"
4,5,207,"RG","SE"
128,1,207,"RG","SE"
519,3,207,"RG","SE"
489,4,207,"RG","SE"
7,21,207,"RG","SE"
214,1,207,"RG","SE"
317,2,207,"RG","SE"
106,1,207,"RG","SE"
318,3,207,"RG","SE"
237,1,207,"RG","SE"
196,2,207,"RG","SE"
490,4,207,"RG","SE"
486,5,207,"RG","SE"
344,1,207,"RG","SE"
111,1,207,"RG","SE"
27,2,207,"RG","SE"
80,6,207,"RG","SE"
126,3,207,"RG","SE"
502,7,207,"RG","SE"
528,5,207,"RG","SE"
64,9,207,"RG","SE"
523,4,207,"RG","SE"
203,1,207,"RG","SE"
132,1,207,"RG","SE"
259,6,207,"RG","SE"
285,3,207,"RG","SE"
474,1,207,"RG","SE"
268,1,207,"RG","SE"
457,2,207,"RG","SE"
17,5,207,"RG","SE"
51,2,207,"RG","SE"
374,2,207,"RG","SE"
243,2,207,"RG","SE"
500,22,208,"RG","SE"
486,5,208,"RG","SE"
72,9,208,"RG","SE"
228,1,208,"RG","SE"
538,2,208,"RG","SE"
253,1,208,"RG","SE"
160,1,208,"RG","SE"
111,1,208,"RG","SE"
528,5,208,"RG","SE"
183,3,208,"RG","SE"
441,1,208,"RG","SE"
78,21,208,"RG","SE"
80,6,208,"RG","SE"
480,6,208,"RG","SE"
304,2,208,"RG","SE"
332,1,208,"RG","SE"
381,3,208,"RG","SE"
462,1,208,"RG","SE"
504,10,208,"RG","SE"
245,1,208,"RG","SE"
5,4,208,"RG","SE"
140,1,208,"RG","SE"
222,2,208,"RG","SE"
276,3,208,"RG","SE"
349,1,208,"RG","SE"
344,1,208,"RG","SE"
149,1,208,"RG","SE"
358,16,208,"RG","SE"
377,2,208,"RG","SE"
399,1,208,"RG","SE"
513,6,208,"RG","SE"
164,6,208,"RG","SE"
465,1,208,"RG","SE"
286,1,208,"RG","SE"
466,1,208,"RG","SE"
171,1,208,"RG","SE"
445,10,208,"RG","SE"
470,5,208,"RG","SE"
520,2,208,"RG","SE"
343,9,208,"RG","SE"
340,1,208,"RG","SE"
16,3,208,"RG","SE"
25,1,208,"RG","SE"
535,3,208,"RG","SE"
514,6,208,"RG","SE"
419,1,208,"RG","SE"
77,17,208,"RG","SE"
487,4,208,"RG","SE"
155,1,208,"RG","SE"
498,25,208,"RG","SE"
540,8,208,"RG","SE"
440,1,208,"RG","SE"
392,1,208,"RG","SE"
519,3,208,"RG","SE"
494,8,208,"RG","SE"
318,3,208,"RG","SE"
187,1,208,"RG","SE"
508,14,208,"RG","SE"
539,1,209,"RG","SE"
235,1,209,"RG","SE"
303,6,209,"RG","SE"
341,2,209,"RG","SE"
413,1,209,"RG","SE"
254,1,209,"RG","SE"
223,1,209,"RG","SE"
479,6,209,"RG","SE"
351,1,209,"RG","SE"
203,1,209,"RG","SE"
422,4,209,"RG","SE"
101,1,209,"RG","SE"
463,1,209,"RG","SE"
261,3,209,"RG","SE"
13,1,209,"RG","SE"
250,1,209,"RG","SE"
273,1,209,"RG","SE"
374,2,209,"RG","SE"
222,2,209,"RG","SE"
83,2,209,"RG","SE"
116,1,209,"RG","SE"
20,7,209,"RG","SE"
349,1,209,"RG","SE"
191,1,209,"RG","SE"
45,1,209,"RG","SE"
438,6,209,"RG","SE"
228,1,209,"RG","SE"
132,1,209,"RG","SE"
488,6,209,"RG","SE"
78,21,209,"RG","SE"
15,2,209,"RG","SE"
257,1,209,"RG","SE"
441,1,209,"RG","SE"
332,1,209,"RG","SE"
153,1,209,"RG","SE"
466,1,209,"RG","SE"
106,1,209,"RG","SE"
381,3,209,"RG","SE"
17,5,209,"RG","SE"
164,6,209,"RG","SE"
77,17,209,"RG","SE"
436,1,209,"RG","SE"
10,1,209,"RG","SE"
302,2,209,"RG","SE"
243,2,209,"RG","SE"
112,4,209,"RG","SE"
390,1,209,"RG","SE"
11,27,209,"RG","SE"
252,2,209,"RG","SE"
3,5,209,"RG","SE"
145,1,209,"RG","SE"
319,1,209,"RG","SE"
89,1,209,"RG","SE"
204,2,209,"RG","SE"
309,1,209,"RG","SE"
124,4,209,"RG","SE"
369,2,209,"RG","SE"
439,1,209,"RG","SE"
16,3,210,"RG","SE"
33,12,210,"RG","SE"
538,2,210,"RG","SE"
456,1,210,"RG","SE"
242,1,210,"RG","SE"
484,4,210,"RG","SE"
222,2,210,"RG","SE"
266,1,210,"RG","SE"
455,3,210,"RG","SE"
253,1,210,"RG","SE"
11,27,210,"RG","SE"
101,1,210,"RG","SE"
259,6,210,"RG","SE"
147,1,210,"RG","SE"
42,1,210,"RG","SE"
545,1,210,"RG","SE"
515,4,210,"RG","SE"
483,5,210,"RG","SE"
283,1,210,"RG","SE"
381,3,210,"RG","SE"
525,9,210,"RG","SE"
78,21,210,"RG","SE"
394,1,210,"RG","SE"
301,1,210,"RG","SE"
516,4,210,"RG","SE"
310,1,210,"RG","SE"
276,3,210,"RG","SE"
440,1,210,"RG","SE"
501,17,210,"RG","SE"
378,1,210,"RG","SE"
422,4,210,"RG","SE"
278,1,210,"RG","SE"
269,1,210,"RG","SE"
467,4,210,"RG","SE"
486,5,210,"RG","SE"
505,11,210,"RG","SE"
49,1,210,"RG","SE"
377,2,210,"RG","SE"
237,1,210,"RG","SE"
358,16,210,"RG","SE"
318,3,210,"RG","SE"
83,2,210,"RG","SE"
149,1,210,"RG","SE"
452,1,210,"RG","SE"
418,1,210,"RG","SE"
534,3,210,"RG","SE"
447,4,210,"RG","SE"
86,2,210,"RG","SE"
328,1,210,"RG","SE"
112,4,210,"RG","SE"
164,6,210,"RG","SE"
185,1,210,"RG","SE"
179,12,210,"RG","SE"
479,6,210,"RG","SE"
12,11,210,"RG","SE"
382,1,210,"RG","SE"
498,25,210,"RG","SE"
365,2,210,"RG","SE"
185,1,211,"RG","SE"
209,1,211,"RG","SE"
248,5,211,"RG","SE"
28,50,211,"RG","SE"
190,1,211,"RG","SE"
516,4,211,"RG","SE"
155,1,211,"RG","SE"
11,27,211,"RG","SE"
122,2,211,"RG","SE"
119,1,211,"RG","SE"
166,1,211,"RG","SE"
531,2,211,"RG","SE"
164,6,211,"RG","SE"
257,1,211,"RG","SE"
312,1,211,"RG","SE"
308,2,211,"RG","SE"
268,1,211,"RG","SE"
431,1,211,"RG","SE"
232,4,211,"RG","SE"
520,2,211,"RG","SE"
439,1,211,"RG","SE"
203,1,211,"RG","SE"
317,2,211,"RG","SE"
479,6,211,"RG","SE"
128,1,211,"RG","SE"
132,1,211,"RG","SE"
20,7,211,"RG","SE"
547,1,211,"RG","SE"
85,15,211,"RG","SE"
494,8,211,"RG","SE"
470,5,211,"RG","SE"
415,1,211,"RG","SE"
418,1,211,"RG","SE"
111,1,211,"RG","SE"
374,2,211,"RG","SE"
245,1,211,"RG","SE"
38,3,211,"RG","SE"
87,1,211,"RG","SE"
273,1,211,"RG","SE"
282,1,211,"RG","SE"
488,6,211,"RG","SE"
326,2,211,"RG","SE"
91,5,211,"RG","SE"
382,1,211,"RG","SE"
519,3,211,"RG","SE"
191,1,211,"RG","SE"
17,5,211,"RG","SE"
367,2,211,"RG","SE"
235,1,211,"RG","SE"
544,1,211,"RG","SE"
283,1,211,"RG","SE"
508,14,211,"RG","SE"
313,3,211,"RG","SE"
65,4,211,"RG","SE"
489,4,211,"RG","SE"
33,12,211,"RG","SE"
456,1,211,"RG","SE"
322,3,211,"RG","SE"
433,2,212,"RG","SE"
523,4,212,"RG","SE"
458,1,212,"RG","SE"
54,39,212,"RG","SE"
534,3,212,"RG","SE"
487,4,212,"RG","SE"
253,1,212,"RG","SE"
462,1,212,"RG","SE"
482,5,212,"RG","SE"
65,4,212,"RG","SE"
341,2,212,"RG","SE"
547,1,212,"RG","SE"
441,1,212,"RG","SE"
474,1,212,"RG","SE"
545,1,212,"RG","SE"
378,1,212,"RG","SE"
15,2,212,"RG","SE"
244,3,212,"RG","SE"
194,1,212,"RG","SE"
354,2,212,"RG","SE"
258,1,212,"RG","SE"
493,7,212,"RG","SE"
209,1,212,"RG","SE"
504,10,212,"RG","SE"
160,1,212,"RG","SE"
252,2,212,"RG","SE"
183,3,212,"RG","SE"
369,2,212,"RG","SE"
317,2,212,"RG","SE"
516,4,212,"RG","SE"
322,3,212,"RG","SE"
505,11,212,"RG","SE"
330,1,212,"RG","SE"
519,3,212,"RG","SE"
513,6,212,"RG","SE"
26,59,212,"RG","SE"
102,1,212,"RG","SE"
131,1,212,"RG","SE"
282,1,212,"RG","SE"
157,1,212,"RG","SE"
86,2,212,"RG","SE"
111,1,212,"RG","SE"
247,3,212,"RG","SE"
80,6,212,"RG","SE"
61,50,212,"RG","SE"
328,1,212,"RG","SE"
395,1,212,"RG","SE"
199,1,212,"RG","SE"
382,1,212,"RG","SE"
531,2,212,"RG","SE"
72,9,212,"RG","SE"
410,2,212,"RG","SE"
12,11,212,"RG","SE"
20,7,212,"RG","SE"
357,1,212,"RG","SE"
349,1,212,"RG","SE"
466,1,212,"RG","SE"
312,1,212,"RG","SE"
343,9,213,"RG","SE"
470,5,213,"RG","SE"
194,1,213,"RG","SE"
57,9,213,"RG","SE"
269,1,213,"RG","SE"
143,1,213,"RG","SE"
505,11,213,"RG","SE"
357,1,213,"RG","SE"
158,3,213,"RG","SE"
151,1,213,"RG","SE"
539,1,213,"RG","SE"
301,1,213,"RG","SE"
122,2,213,"RG","SE"
532,5,213,"RG","SE"
387,1,213,"RG","SE"
277,1,213,"RG","SE"
525,9,213,"RG","SE"
155,1,213,"RG","SE"
508,14,213,"RG","SE"
514,6,213,"RG","SE"
426,4,213,"RG","SE"
519,3,213,"RG","SE"
483,5,213,"RG","SE"
376,3,213,"RG","SE"
465,1,213,"RG","SE"
332,1,213,"RG","SE"
242,1,213,"RG","SE"
282,1,213,"RG","SE"
545,1,213,"RG","SE"
32,6,213,"RG","SE"
225,1,213,"RG","SE"
168,1,213,"RG","SE"
253,1,213,"RG","SE"
131,1,213,"RG","SE"
319,1,213,"RG","SE"
482,5,213,"RG","SE"
19,5,213,"RG","SE"
147,1,213,"RG","SE"
437,1,213,"RG","SE"
235,1,213,"RG","SE"
247,3,213,"RG","SE"
169,1,213,"RG","SE"
489,4,213,"RG","SE"
538,2,213,"RG","SE"
479,6,213,"RG","SE"
64,9,213,"RG","SE"
13,1,213,"RG","SE"
517,6,213,"RG","SE"
344,1,213,"RG","SE"
148,1,213,"RG","SE"
78,21,213,"RG","SE"
125,1,213,"RG","SE"
397,1,213,"RG","SE"
294,3,213,"RG","SE"
392,1,213,"RG","SE"
441,1,213,"RG","SE"
7,21,213,"RG","SE"
102,1,213,"RG","SE"
477,4,214,"RG","SE"
132,1,214,"RG","SE"
235,1,214,"RG","SE"
20,7,214,"RG","SE"
541,8,214,"RG","SE"
187,1,214,"RG","SE"
250,1,214,"RG","SE"
65,4,214,"RG","SE"
15,2,214,"RG","SE"
186,2,214,"RG","SE"
363,2,214,"RG","SE"
27,2,214,"RG","SE"
199,1,214,"RG","SE"
112,4,214,"RG","SE"
456,1,214,"RG","SE"
439,1,214,"RG","SE"
259,6,214,"RG","SE"
105,1,214,"RG","SE"
303,6,214,"RG","SE"
10,1,214,"RG","SE"
269,1,214,"RG","SE"
322,3,214,"RG","SE"
310,1,214,"RG","SE"
49,1,214,"RG","SE"
515,4,214,"RG","SE"
479,6,214,"RG","SE"
198,2,214,"RG","SE"
131,1,214,"RG","SE"
313,3,214,"RG","SE"
196,2,214,"RG","SE"
438,6,214,"RG","SE"
160,1,214,"RG","SE"
145,1,214,"RG","SE"
317,2,214,"RG","SE"
357,1,214,"RG","SE"
309,1,214,"RG","SE"
435,2,214,"RG","SE"
506,7,214,"RG","SE"
276,3,214,"RG","SE"
202,1,214,"RG","SE"
517,6,214,"RG","SE"
425,4,214,"RG","SE"
345,1,214,"RG","SE"
17,5,214,"RG","SE"
343,9,214,"RG","SE"
36,3,214,"RG","SE"
302,2,214,"RG","SE"
68,5,214,"RG","SE"
232,4,214,"RG","SE"
7,21,214,"RG","SE"
500,22,214,"RG","SE"
466,1,214,"RG","SE"
426,4,214,"RG","SE"
16,3,214,"RG","SE"
381,3,214,"RG","SE"
164,6,214,"RG","SE"
548,1,214,"RG","SE"
149,1,214,"RG","SE"
304,2,215,"RG","SE"
296,1,215,"RG","SE"
153,1,215,"RG","SE"
193,2,215,"RG","SE"
470,5,215,"RG","SE"
112,4,215,"RG","SE"
140,1,215,"RG","SE"
392,1,215,"RG","SE"
291,1,215,"RG","SE"
235,1,215,"RG","SE"
261,3,215,"RG","SE"
447,4,215,"RG","SE"
49,1,215,"RG","SE"
318,3,215,"RG","SE"
64,9,215,"RG","SE"
351,1,215,"RG","SE"
207,1,215,"RG","SE"
78,21,215,"RG","SE"
191,1,215,"RG","SE"
376,3,215,"RG","SE"
202,1,215,"RG","SE"
166,1,215,"RG","SE"
462,1,215,"RG","SE"
494,8,215,"RG","SE"
322,3,215,"RG","SE"
242,1,215,"RG","SE"
380,2,215,"RG","SE"
532,5,215,"RG","SE"
85,15,215,"RG","SE"
101,1,215,"RG","SE"
489,4,215,"RG","SE"
104,2,215,"RG","SE"
305,1,215,"RG","SE"
124,4,215,"RG","SE"
458,1,215,"RG","SE"
108,1,215,"RG","SE"
517,6,215,"RG","SE"
14,30,215,"RG","SE"
61,50,215,"RG","SE"
524,2,215,"RG","SE"
148,1,215,"RG","SE"
529,5,215,"RG","SE"
264,1,215,"RG","SE"
389,3,215,"RG","SE"
490,4,215,"RG","SE"
437,1,215,"RG","SE"
493,7,215,"RG","SE"
404,1,215,"RG","SE"
254,1,215,"RG","SE"
534,3,215,"RG","SE"
190,1,215,"RG","SE"
147,1,215,"RG","SE"
326,2,215,"RG","SE"
196,2,215,"RG","SE"
540,8,215,"RG","SE"
228,1,215,"RG","SE"
401,1,215,"RG","SE"
308,2,215,"RG","SE"
110,1,216,"RG","SE"
376,3,216,"RG","SE"
413,1,216,"RG","SE"
452,1,216,"RG","SE"
45,1,216,"RG","SE"
328,1,216,"RG","SE"
131,1,216,"RG","SE"
541,8,216,"RG","SE"
366,1,216,"RG","SE"
72,9,216,"RG","SE"
374,2,216,"RG","SE"
395,1,216,"RG","SE"
440,1,216,"RG","SE"
417,1,216,"RG","SE"
166,1,216,"RG","SE"
87,1,216,"RG","SE"
437,1,216,"RG","SE"
318,3,216,"RG","SE"
207,1,216,"RG","SE"
186,2,216,"RG","SE"
330,1,216,"RG","SE"
392,1,216,"RG","SE"
243,2,216,"RG","SE"
352,2,216,"RG","SE"
291,1,216,"RG","SE"
445,10,216,"RG","SE"
312,1,216,"RG","SE"
524,2,216,"RG","SE"
38,3,216,"RG","SE"
382,1,216,"RG","SE"
242,1,216,"RG","SE"
354,2,216,"RG","SE"
15,2,216,"RG","SE"
502,7,216,"RG","SE"
282,1,216,"RG","SE"
89,1,216,"RG","SE"
264,1,216,"RG","SE"
305,1,216,"RG","SE"
119,1,216,"RG","SE"
463,1,216,"RG","SE"
126,3,216,"RG","SE"
255,1,216,"RG","SE"
83,2,216,"RG","SE"
510,9,216,"RG","SE"
319,1,216,"RG","SE"
190,1,216,"RG","SE"
394,1,216,"RG","SE"
397,1,216,"RG","SE"
149,1,216,"RG","SE"
140,1,216,"RG","SE"
78,21,216,"RG","SE"
13,1,216,"RG","SE"
57,9,216,"RG","SE"
494,8,216,"RG","SE"
415,1,216,"RG","SE"
506,7,216,"RG","SE"
85,15,216,"RG","SE"
91,5,216,"RG","SE"
487,4,217,"RG","SE"
312,1,217,"RG","SE"
547,1,217,"RG","SE"
132,1,217,"RG","SE"
326,2,217,"RG","SE"
367,2,217,"RG","SE"
310,1,217,"RG","SE"
204,2,217,"RG","SE"
223,1,217,"RG","SE"
105,1,217,"RG","SE"
19,5,217,"RG","SE"
527,8,217,"RG","SE"
61,50,217,"RG","SE"
179,12,217,"RG","SE"
470,5,217,"RG","SE"
340,1,217,"RG","SE"
296,1,217,"RG","SE"
308,2,217,"RG","SE"
130,1,217,"RG","SE"
304,2,217,"RG","SE"
369,2,217,"RG","SE"
143,1,217,"RG","SE"
4,5,217,"RG","SE"
26,59,217,"RG","SE"
16,3,217,"RG","SE"
528,5,217,"RG","SE"
219,1,217,"RG","SE"
425,4,217,"RG","SE"
513,6,217,"RG","SE"
482,5,217,"RG","SE"
10,1,217,"RG","SE"
341,2,217,"RG","SE"
540,8,217,"RG","SE"
477,4,217,"RG","SE"
344,1,217,"RG","SE"
545,1,217,"RG","SE"
376,3,217,"RG","SE"
494,8,217,"RG","SE"
305,1,217,"RG","SE"
510,9,217,"RG","SE"
309,1,217,"RG","SE"
357,1,217,"RG","SE"
51,2,217,"RG","SE"
330,1,217,"RG","SE"
36,3,217,"RG","SE"
89,1,217,"RG","SE"
283,1,217,"RG","SE"
259,6,217,"RG","SE"
32,6,217,"RG","SE"
257,1,217,"RG","SE"
103,1,217,"RG","SE"
378,1,217,"RG","SE"
381,3,217,"RG","SE"
148,1,217,"RG","SE"
106,1,217,"RG","SE"
21,7,217,"RG","SE"
264,1,217,"RG","SE"
463,1,217,"RG","SE"
490,4,218,"RG","SE"
340,1,218,"RG","SE"
235,1,218,"RG","SE"
78,21,218,"RG","SE"
531,2,218,"RG","SE"
541,8,218,"RG","SE"
369,2,218,"RG","SE"
26,59,218,"RG","SE"
294,3,218,"RG","SE"
439,1,218,"RG","SE"
91,5,218,"RG","SE"
493,7,218,"RG","SE"
32,6,218,"RG","SE"
488,6,218,"RG","SE"
102,1,218,"RG","SE"
160,1,218,"RG","SE"
38,3,218,"RG","SE"
42,1,218,"RG","SE"
276,3,218,"RG","SE"
25,1,218,"RG","SE"
259,6,218,"RG","SE"
244,3,218,"RG","SE"
489,4,218,"RG","SE"
124,4,218,"RG","SE"
203,1,218,"RG","SE"
225,1,218,"RG","SE"
366,1,218,"RG","SE"
425,4,218,"RG","SE"
430,1,218,"RG","SE"
401,1,218,"RG","SE"
147,1,218,"RG","SE"
532,5,218,"RG","SE"
395,1,218,"RG","SE"
108,1,218,"RG","SE"
528,5,218,"RG","SE"
313,3,218,"RG","SE"
278,1,218,"RG","SE"
51,2,218,"RG","SE"
166,1,218,"RG","SE"
252,2,218,"RG","SE"
10,1,218,"RG","SE"
533,5,218,"RG","SE"
145,1,218,"RG","SE"
483,5,218,"RG","SE"
415,1,218,"RG","SE"
535,3,218,"RG","SE"
17,5,218,"RG","SE"
204,2,218,"RG","SE"
506,7,218,"RG","SE"
183,3,218,"RG","SE"
101,1,218,"RG","SE"
151,1,218,"RG","SE"
309,1,218,"RG","SE"
115,1,218,"RG","SE"
525,9,218,"RG","SE"
249,2,218,"RG","SE"
141,2,218,"RG","SE"
250,1,218,"RG","SE"
457,2,219,"RG","SE"
487,4,219,"RG","SE"
380,2,219,"RG","SE"
183,3,219,"RG","SE"
452,1,219,"RG","SE"
336,1,219,"RG","SE"
3,5,219,"RG","SE"
245,1,219,"RG","SE"
72,9,219,"RG","SE"
535,3,219,"RG","SE"
544,1,219,"RG","SE"
83,2,219,"RG","SE"
387,1,219,"RG","SE"
153,1,219,"RG","SE"
498,25,219,"RG","SE"
264,1,219,"RG","SE"
278,1,219,"RG","SE"
28,50,219,"RG","SE"
309,1,219,"RG","SE"
394,1,219,"RG","SE"
322,3,219,"RG","SE"
51,2,219,"RG","SE"
209,1,219,"RG","SE"
392,1,219,"RG","SE"
458,1,219,"RG","SE"
519,3,219,"RG","SE"
78,21,219,"RG","SE"
344,1,219,"RG","SE"
482,5,219,"RG","SE"
10,1,219,"RG","SE"
214,1,219,"RG","SE"
296,1,219,"RG","SE"
38,3,219,"RG","SE"
509,3,219,"RG","SE"
389,3,219,"RG","SE"
222,2,219,"RG","SE"
515,4,219,"RG","SE"
447,4,219,"RG","SE"
514,6,219,"RG","SE"
87,1,219,"RG","SE"
20,7,219,"RG","SE"
312,1,219,"RG","SE"
523,4,219,"RG","SE"
17,5,219,"RG","SE"
130,1,219,"RG","SE"
151,1,219,"RG","SE"
266,1,219,"RG","SE"
91,5,219,"RG","SE"
433,2,219,"RG","SE"
480,6,219,"RG","SE"
171,1,219,"RG","SE"
198,2,219,"RG","SE"
351,1,219,"RG","SE"
112,4,219,"RG","SE"
397,1,219,"RG","SE"
26,59,219,"RG","SE"
14,30,219,"RG","SE"
187,1,219,"RG","SE"
266,1,220,"RG","SE"
312,1,220,"RG","SE"
173,2,220,"RG","SE"
261,3,220,"RG","SE"
282,1,220,"RG","SE"
38,3,220,"RG","SE"
264,1,220,"RG","SE"
183,3,220,"RG","SE"
435,2,220,"RG","SE"
296,1,220,"RG","SE"
523,4,220,"RG","SE"
151,1,220,"RG","SE"
191,1,220,"RG","SE"
277,1,220,"RG","SE"
72,9,220,"RG","SE"
336,1,220,"RG","SE"
397,1,220,"RG","SE"
179,12,220,"RG","SE"
276,3,220,"RG","SE"
498,25,220,"RG","SE"
228,1,220,"RG","SE"
404,1,220,"RG","SE"
222,2,220,"RG","SE"
433,2,220,"RG","SE"
413,1,220,"RG","SE"
49,1,220,"RG","SE"
487,4,220,"RG","SE"
168,1,220,"RG","SE"
363,2,220,"RG","SE"
395,1,220,"RG","SE"
484,4,220,"RG","SE"
76,4,220,"RG","SE"
101,1,220,"RG","SE"
68,5,220,"RG","SE"
128,1,220,"RG","SE"
247,3,220,"RG","SE"
535,3,220,"RG","SE"
202,1,220,"RG","SE"
377,2,220,"RG","SE"
343,9,220,"RG","SE"
378,1,220,"RG","SE"
259,6,220,"RG","SE"
486,5,220,"RG","SE"
452,1,220,"RG","SE"
124,4,220,"RG","SE"
410,2,220,"RG","SE"
367,2,220,"RG","SE"
365,2,220,"RG","SE"
146,1,220,"RG","SE"
199,1,220,"RG","SE"
255,1,220,"RG","SE"
545,1,220,"RG","SE"
65,4,220,"RG","SE"
493,7,220,"RG","SE"
392,1,220,"RG","SE"
143,1,220,"RG","SE"
348,2,220,"RG","SE"
243,2,220,"RG","SE"
484,4,221,"RG","SE"
45,1,221,"RG","SE"
392,1,221,"RG","SE"
332,1,221,"RG","SE"
390,1,221,"RG","SE"
103,1,221,"RG","SE"
310,1,221,"RG","SE"
417,1,221,"RG","SE"
479,6,221,"RG","SE"
106,1,221,"RG","SE"
516,4,221,"RG","SE"
294,3,221,"RG","SE"
435,2,221,"RG","SE"
214,1,221,"RG","SE"
252,2,221,"RG","SE"
190,1,221,"RG","SE"
64,9,221,"RG","SE"
452,1,221,"RG","SE"
309,1,221,"RG","SE"
291,1,221,"RG","SE"
89,1,221,"RG","SE"
377,2,221,"RG","SE"
283,1,221,"RG","SE"
477,4,221,"RG","SE"
284,1,221,"RG","SE"
462,1,221,"RG","SE"
330,1,221,"RG","SE"
328,1,221,"RG","SE"
548,1,221,"RG","SE"
115,1,221,"RG","SE"
481,2,221,"RG","SE"
489,4,221,"RG","SE"
111,1,221,"RG","SE"
418,1,221,"RG","SE"
514,6,221,"RG","SE"
132,1,221,"RG","SE"
304,2,221,"RG","SE"
65,4,221,"RG","SE"
520,2,221,"RG","SE"
340,1,221,"RG","SE"
112,4,221,"RG","SE"
248,5,221,"RG","SE"
363,2,221,"RG","SE"
32,6,221,"RG","SE"
480,6,221,"RG","SE"
223,1,221,"RG","SE"
458,1,221,"RG","SE"
431,1,221,"RG","SE"
108,1,221,"RG","SE"
318,3,221,"RG","SE"
86,2,221,"RG","SE"
33,12,221,"RG","SE"
7,21,221,"RG","SE"
147,1,221,"RG","SE"
336,1,221,"RG","SE"
77,17,221,"RG","SE"
276,3,221,"RG","SE"
140,1,221,"RG","SE"
479,6,222,"RG","SE"
463,1,222,"RG","SE"
160,1,222,"RG","SE"
535,3,222,"RG","SE"
490,4,222,"RG","SE"
348,2,222,"RG","SE"
20,7,222,"RG","SE"
219,1,222,"RG","SE"
264,1,222,"RG","SE"
319,1,222,"RG","SE"
101,1,222,"RG","SE"
527,8,222,"RG","SE"
68,5,222,"RG","SE"
419,1,222,"RG","SE"
129,2,222,"RG","SE"
266,1,222,"RG","SE"
310,1,222,"RG","SE"
235,1,222,"RG","SE"
381,3,222,"RG","SE"
111,1,222,"RG","SE"
452,1,222,"RG","SE"
169,1,222,"RG","SE"
276,3,222,"RG","SE"
437,1,222,"RG","SE"
524,2,222,"RG","SE"
89,1,222,"RG","SE"
175,1,222,"RG","SE"
193,2,222,"RG","SE"
7,21,222,"RG","SE"
45,1,222,"RG","SE"
242,1,222,"RG","SE"
10,1,222,"RG","SE"
4,5,222,"RG","SE"
26,59,222,"RG","SE"
516,4,222,"RG","SE"
222,2,222,"RG","SE"
86,2,222,"RG","SE"
349,1,222,"RG","SE"
410,2,222,"RG","SE"
390,1,222,"RG","SE"
11,27,222,"RG","SE"
539,1,222,"RG","SE"
484,4,222,"RG","SE"
417,1,222,"RG","SE"
431,1,222,"RG","SE"
366,1,222,"RG","SE"
269,1,222,"RG","SE"
232,4,222,"RG","SE"
502,7,222,"RG","SE"
369,2,222,"RG","SE"
493,7,222,"RG","SE"
515,4,222,"RG","SE"
261,3,222,"RG","SE"
467,4,222,"RG","SE"
194,1,222,"RG","SE"
102,1,222,"RG","SE"
341,2,222,"RG","SE"
179,12,222,"RG","SE"
278,1,223,"RG","SE"
378,1,223,"RG","SE"
318,3,223,"RG","SE"
250,1,223,"RG","SE"
244,3,223,"RG","SE"
474,1,223,"RG","SE"
122,2,223,"RG","SE"
500,22,223,"RG","SE"
207,1,223,"RG","SE"
524,2,223,"RG","SE"
426,4,223,"RG","SE"
437,1,223,"RG","SE"
38,3,223,"RG","SE"
194,1,223,"RG","SE"
390,1,223,"RG","SE"
456,1,223,"RG","SE"
57,9,223,"RG","SE"
147,1,223,"RG","SE"
539,1,223,"RG","SE"
277,1,223,"RG","SE"
21,7,223,"RG","SE"
237,1,223,"RG","SE"
457,2,223,"RG","SE"
340,1,223,"RG","SE"
376,3,223,"RG","SE"
249,2,223,"RG","SE"
462,1,223,"RG","SE"
455,3,223,"RG","SE"
348,2,223,"RG","SE"
124,4,223,"RG","SE"
501,17,223,"RG","SE"
509,3,223,"RG","SE"
365,2,223,"RG","SE"
286,1,223,"RG","SE"
322,3,223,"RG","SE"
155,1,223,"RG","SE"
255,1,223,"RG","SE"
469,5,223,"RG","SE"
283,1,223,"RG","SE"
336,1,223,"RG","SE"
490,4,223,"RG","SE"
183,3,223,"RG","SE"
418,1,223,"RG","SE"
202,1,223,"RG","SE"
380,2,223,"RG","SE"
312,1,223,"RG","SE"
125,1,223,"RG","SE"
199,1,223,"RG","SE"
317,2,223,"RG","SE"
242,1,223,"RG","SE"
463,1,223,"RG","SE"
513,6,223,"RG","SE"
483,5,223,"RG","SE"
13,1,223,"RG","SE"
128,1,223,"RG","SE"
349,1,223,"RG","SE"
214,1,223,"RG","SE"
309,1,223,"RG","SE"
13,1,224,"RG","SE"
524,2,224,"RG","SE"
108,1,224,"RG","SE"
158,3,224,"RG","SE"
128,1,224,"RG","SE"
380,2,224,"RG","SE"
78,21,224,"RG","SE"
340,1,224,"RG","SE"
248,5,224,"RG","SE"
285,3,224,"RG","SE"
204,2,224,"RG","SE"
87,1,224,"RG","SE"
122,2,224,"RG","SE"
294,3,224,"RG","SE"
222,2,224,"RG","SE"
535,3,224,"RG","SE"
72,9,224,"RG","SE"
344,1,224,"RG","SE"
12,11,224,"RG","SE"
32,6,224,"RG","SE"
19,5,224,"RG","SE"
516,4,224,"RG","SE"
160,1,224,"RG","SE"
500,22,224,"RG","SE"
322,3,224,"RG","SE"
129,2,224,"RG","SE"
202,1,224,"RG","SE"
377,2,224,"RG","SE"
214,1,224,"RG","SE"
484,4,224,"RG","SE"
354,2,224,"RG","SE"
68,5,224,"RG","SE"
474,1,224,"RG","SE"
363,2,224,"RG","SE"
5,4,224,"RG","SE"
352,2,224,"RG","SE"
80,6,224,"RG","SE"
49,1,224,"RG","SE"
544,1,224,"RG","SE"
91,5,224,"RG","SE"
447,4,224,"RG","SE"
243,2,224,"RG","SE"
175,1,224,"RG","SE"
203,1,224,"RG","SE"
312,1,224,"RG","SE"
392,1,224,"RG","SE"
45,1,224,"RG","SE"
538,2,224,"RG","SE"
85,15,224,"RG","SE"
7,21,224,"RG","SE"
528,5,224,"RG","SE"
125,1,224,"RG","SE"
209,1,224,"RG","SE"
438,6,224,"RG","SE"
33,12,224,"RG","SE"
471,3,224,"RG","SE"
523,4,224,"RG","SE"
374,2,224,"RG","SE"
532,5,225,"RG","SE"
209,1,225,"RG","SE"
158,3,225,"RG","SE"
219,1,225,"RG","SE"
435,2,225,"RG","SE"
458,1,225,"RG","SE"
318,3,225,"RG","SE"
166,1,225,"RG","SE"
404,1,225,"RG","SE"
538,2,225,"RG","SE"
357,1,225,"RG","SE"
516,4,225,"RG","SE"
105,1,225,"RG","SE"
415,1,225,"RG","SE"
425,4,225,"RG","SE"
157,1,225,"RG","SE"
21,7,225,"RG","SE"
528,5,225,"RG","SE"
175,1,225,"RG","SE"
496,22,225,"RG","SE"
20,7,225,"RG","SE"
474,1,225,"RG","SE"
488,6,225,"RG","SE"
422,4,225,"RG","SE"
191,1,225,"RG","SE"
86,2,225,"RG","SE"
378,1,225,"RG","SE"
392,1,225,"RG","SE"
508,14,225,"RG","SE"
244,3,225,"RG","SE"
64,9,225,"RG","SE"
344,1,225,"RG","SE"
203,1,225,"RG","SE"
103,1,225,"RG","SE"
345,1,225,"RG","SE"
399,1,225,"RG","SE"
413,1,225,"RG","SE"
45,1,225,"RG","SE"
183,3,225,"RG","SE"
61,50,225,"RG","SE"
332,1,225,"RG","SE"
401,1,225,"RG","SE"
49,1,225,"RG","SE"
380,2,225,"RG","SE"
545,1,225,"RG","SE"
187,1,225,"RG","SE"
119,1,225,"RG","SE"
456,1,225,"RG","SE"
148,1,225,"RG","SE"
3,5,225,"RG","SE"
310,1,225,"RG","SE"
395,1,225,"RG","SE"
102,1,225,"RG","SE"
130,1,225,"RG","SE"
26,59,225,"RG","SE"
439,1,225,"RG","SE"
441,1,225,"RG","SE"
13,1,225,"RG","SE"
294,3,226,"RG","SE"
431,1,226,"RG","SE"
336,1,226,"RG","SE"
125,1,226,"RG","SE"
368,1,226,"RG","SE"
89,1,226,"RG","SE"
366,1,226,"RG","SE"
78,21,226,"RG","SE"
219,1,226,"RG","SE"
179,12,226,"RG","SE"
130,1,226,"RG","SE"
367,2,226,"RG","SE"
282,1,226,"RG","SE"
365,2,226,"RG","SE"
301,1,226,"RG","SE"
22,4,226,"RG","SE"
254,1,226,"RG","SE"
247,3,226,"RG","SE"
10,1,226,"RG","SE"
421,4,226,"RG","SE"
514,6,226,"RG","SE"
445,10,226,"RG","SE"
494,8,226,"RG","SE"
103,1,226,"RG","SE"
235,1,226,"RG","SE"
541,8,226,"RG","SE"
259,6,226,"RG","SE"
493,7,226,"RG","SE"
547,1,226,"RG","SE"
548,1,226,"RG","SE"
170,1,226,"RG","SE"
13,1,226,"RG","SE"
67,9,226,"RG","SE"
199,1,226,"RG","SE"
106,1,226,"RG","SE"
508,14,226,"RG","SE"
286,1,226,"RG","SE"
273,1,226,"RG","SE"
345,1,226,"RG","SE"
83,2,226,"RG","SE"
44,30,226,"RG","SE"
374,2,226,"RG","SE"
253,1,226,"RG","SE"
175,1,226,"RG","SE"
112,4,226,"RG","SE"
148,1,226,"RG","SE"
171,1,226,"RG","SE"
124,4,226,"RG","SE"
269,1,226,"RG","SE"
349,1,226,"RG","SE"
68,5,226,"RG","SE"
101,1,226,"RG","SE"
504,10,226,"RG","SE"
458,1,226,"RG","SE"
341,2,226,"RG","SE"
545,1,226,"RG","SE"
436,1,226,"RG","SE"
237,1,226,"RG","SE"
508,14,227,"RG","SE"
505,11,227,"RG","SE"
126,3,227,"RG","SE"
277,1,227,"RG","SE"
160,1,227,"RG","SE"
80,6,227,"RG","SE"
410,2,227,"RG","SE"
387,1,227,"RG","SE"
541,8,227,"RG","SE"
108,1,227,"RG","SE"
78,21,227,"RG","SE"
264,1,227,"RG","SE"
417,1,227,"RG","SE"
129,2,227,"RG","SE"
222,2,227,"RG","SE"
255,1,227,"RG","SE"
480,6,227,"RG","SE"
535,3,227,"RG","SE"
301,1,227,"RG","SE"
146,1,227,"RG","SE"
328,1,227,"RG","SE"
27,2,227,"RG","SE"
32,6,227,"RG","SE"
132,1,227,"RG","SE"
237,1,227,"RG","SE"
381,3,227,"RG","SE"
183,3,227,"RG","SE"
510,9,227,"RG","SE"
374,2,227,"RG","SE"
435,2,227,"RG","SE"
169,1,227,"RG","SE"
440,1,227,"RG","SE"
308,2,227,"RG","SE"
436,1,227,"RG","SE"
15,2,227,"RG","SE"
545,1,227,"RG","SE"
203,1,227,"RG","SE"
103,1,227,"RG","SE"
422,4,227,"RG","SE"
207,1,227,"RG","SE"
463,1,227,"RG","SE"
187,1,227,"RG","SE"
318,3,227,"RG","SE"
247,3,227,"RG","SE"
484,4,227,"RG","SE"
19,5,227,"RG","SE"
349,1,227,"RG","SE"
61,50,227,"RG","SE"
14,30,227,"RG","SE"
244,3,227,"RG","SE"
269,1,227,"RG","SE"
515,4,227,"RG","SE"
540,8,227,"RG","SE"
498,25,227,"RG","SE"
16,3,227,"RG","SE"
225,1,227,"RG","SE"
482,5,227,"RG","SE"
523,4,227,"RG","SE"
527,8,228,"RG","SE"
470,5,228,"RG","SE"
435,2,228,"RG","SE"
199,1,228,"RG","SE"
149,1,228,"RG","SE"
296,1,228,"RG","SE"
72,9,228,"RG","SE"
19,5,228,"RG","SE"
125,1,228,"RG","SE"
65,4,228,"RG","SE"
309,1,228,"RG","SE"
110,1,228,"RG","SE"
20,7,228,"RG","SE"
191,1,228,"RG","SE"
413,1,228,"RG","SE"
101,1,228,"RG","SE"
116,1,228,"RG","SE"
332,1,228,"RG","SE"
486,5,228,"RG","SE"
76,4,228,"RG","SE"
12,11,228,"RG","SE"
471,3,228,"RG","SE"
140,1,228,"RG","SE"
368,1,228,"RG","SE"
480,6,228,"RG","SE"
367,2,228,"RG","SE"
312,1,228,"RG","SE"
250,1,228,"RG","SE"
354,2,228,"RG","SE"
235,1,228,"RG","SE"
228,1,228,"RG","SE"
369,2,228,"RG","SE"
479,6,228,"RG","SE"
357,1,228,"RG","SE"
352,2,228,"RG","SE"
328,1,228,"RG","SE"
44,30,228,"RG","SE"
477,4,228,"RG","SE"
112,4,228,"RG","SE"
548,1,228,"RG","SE"
397,1,228,"RG","SE"
102,1,228,"RG","SE"
130,1,228,"RG","SE"
209,1,228,"RG","SE"
488,6,228,"RG","SE"
433,2,228,"RG","SE"
249,2,228,"RG","SE"
381,3,228,"RG","SE"
13,1,228,"RG","SE"
489,4,228,"RG","SE"
21,7,228,"RG","SE"
425,4,228,"RG","SE"
540,8,228,"RG","SE"
14,30,228,"RG","SE"
541,8,228,"RG","SE"
164,6,228,"RG","SE"
318,3,228,"RG","SE"
190,1,228,"RG","SE"
544,1,229,"RG","SE"
482,5,229,"RG","SE"
524,2,229,"RG","SE"
249,2,229,"RG","SE"
106,1,229,"RG","SE"
33,12,229,"RG","SE"
481,2,229,"RG","SE"
352,2,229,"RG","SE"
207,1,229,"RG","SE"
480,6,229,"RG","SE"
436,1,229,"RG","SE"
175,1,229,"RG","SE"
126,3,229,"RG","SE"
26,59,229,"RG","SE"
535,3,229,"RG","SE"
252,2,229,"RG","SE"
111,1,229,"RG","SE"
276,3,229,"RG","SE"
517,6,229,"RG","SE"
445,10,229,"RG","SE"
78,21,229,"RG","SE"
343,9,229,"RG","SE"
145,1,229,"RG","SE"
303,6,229,"RG","SE"
170,1,229,"RG","SE"
11,27,229,"RG","SE"
12,11,229,"RG","SE"
452,1,229,"RG","SE"
433,2,229,"RG","SE"
269,1,229,"RG","SE"
308,2,229,"RG","SE"
291,1,229,"RG","SE"
488,6,229,"RG","SE"
513,6,229,"RG","SE"
369,2,229,"RG","SE"
183,3,229,"RG","SE"
526,2,229,"RG","SE"
496,22,229,"RG","SE"
310,1,229,"RG","SE"
430,1,229,"RG","SE"
404,1,229,"RG","SE"
514,6,229,"RG","SE"
505,11,229,"RG","SE"
435,2,229,"RG","SE"
248,5,229,"RG","SE"
21,7,229,"RG","SE"
484,4,229,"RG","SE"
456,1,229,"RG","SE"
164,6,229,"RG","SE"
494,8,229,"RG","SE"
418,1,229,"RG","SE"
493,7,229,"RG","SE"
377,2,229,"RG","SE"
392,1,229,"RG","SE"
309,1,229,"RG","SE"
361,3,229,"RG","SE"
487,4,229,"RG","SE"
370,1,229,"RG","SE"
22,4,230,"RG","SE"
368,1,230,"RG","SE"
10,1,230,"RG","SE"
547,1,230,"RG","SE"
185,1,230,"RG","SE"
401,1,230,"RG","SE"
515,4,230,"RG","SE"
160,1,230,"RG","SE"
244,3,230,"RG","SE"
149,1,230,"RG","SE"
20,7,230,"RG","SE"
494,8,230,"RG","SE"
111,1,230,"RG","SE"
328,1,230,"RG","SE"
148,1,230,"RG","SE"
477,4,230,"RG","SE"
513,6,230,"RG","SE"
345,1,230,"RG","SE"
284,1,230,"RG","SE"
447,4,230,"RG","SE"
490,4,230,"RG","SE"
21,7,230,"RG","SE"
5,4,230,"RG","SE"
245,1,230,"RG","SE"
482,5,230,"RG","SE"
533,5,230,"RG","SE"
209,1,230,"RG","SE"
7,21,230,"RG","SE"
519,3,230,"RG","SE"
68,5,230,"RG","SE"
431,1,230,"RG","SE"
352,2,230,"RG","SE"
138,2,230,"RG","SE"
366,1,230,"RG","SE"
394,1,230,"RG","SE"
548,1,230,"RG","SE"
72,9,230,"RG","SE"
257,1,230,"RG","SE"
247,3,230,"RG","SE"
343,9,230,"RG","SE"
204,2,230,"RG","SE"
27,2,230,"RG","SE"
399,1,230,"RG","SE"
28,50,230,"RG","SE"
389,3,230,"RG","SE"
191,1,230,"RG","SE"
296,1,230,"RG","SE"
44,30,230,"RG","SE"
506,7,230,"RG","SE"
413,1,230,"RG","SE"
202,1,230,"RG","SE"
26,59,230,"RG","SE"
437,1,230,"RG","SE"
175,1,230,"RG","SE"
285,3,230,"RG","SE"
452,1,230,"RG","SE"
115,1,230,"RG","SE"
65,4,230,"RG","SE"
366,1,231,"RG","SE"
194,1,231,"RG","SE"
196,2,231,"RG","SE"
222,2,231,"RG","SE"
214,1,231,"RG","SE"
354,2,231,"RG","SE"
378,1,231,"RG","SE"
106,1,231,"RG","SE"
441,1,231,"RG","SE"
10,1,231,"RG","SE"
419,1,231,"RG","SE"
183,3,231,"RG","SE"
538,2,231,"RG","SE"
110,1,231,"RG","SE"
493,7,231,"RG","SE"
509,3,231,"RG","SE"
418,1,231,"RG","SE"
361,3,231,"RG","SE"
479,6,231,"RG","SE"
501,17,231,"RG","SE"
235,1,231,"RG","SE"
374,2,231,"RG","SE"
103,1,231,"RG","SE"
456,1,231,"RG","SE"
496,22,231,"RG","SE"
425,4,231,"RG","SE"
489,4,231,"RG","SE"
286,1,231,"RG","SE"
519,3,231,"RG","SE"
465,1,231,"RG","SE"
203,1,231,"RG","SE"
539,1,231,"RG","SE"
78,21,231,"RG","SE"
264,1,231,"RG","SE"
389,3,231,"RG","SE"
326,2,231,"RG","SE"
21,7,231,"RG","SE"
158,3,231,"RG","SE"
540,8,231,"RG","SE"
490,4,231,"RG","SE"
13,1,231,"RG","SE"
302,2,231,"RG","SE"
191,1,231,"RG","SE"
410,2,231,"RG","SE"
268,1,231,"RG","SE"
458,1,231,"RG","SE"
455,3,231,"RG","SE"
170,1,231,"RG","SE"
190,1,231,"RG","SE"
399,1,231,"RG","SE"
173,2,231,"RG","SE"
252,2,231,"RG","SE"
131,1,231,"RG","SE"
397,1,231,"RG","SE"
36,3,231,"RG","SE"
151,1,231,"RG","SE"
153,1,231,"RG","SE"
91,5,231,"RG","SE"
38,3,232,"RG","SE"
304,2,232,"RG","SE"
170,1,232,"RG","SE"
155,1,232,"RG","SE"
7,21,232,"RG","SE"
149,1,232,"RG","SE"
225,1,232,"RG","SE"
111,1,232,"RG","SE"
474,1,232,"RG","SE"
523,4,232,"RG","SE"
153,1,232,"RG","SE"
413,1,232,"RG","SE"
515,4,232,"RG","SE"
426,4,232,"RG","SE"
64,9,232,"RG","SE"
363,2,232,"RG","SE"
349,1,232,"RG","SE"
466,1,232,"RG","SE"
193,2,232,"RG","SE"
185,1,232,"RG","SE"
33,12,232,"RG","SE"
77,17,232,"RG","SE"
44,30,232,"RG","SE"
508,14,232,"RG","SE"
17,5,232,"RG","SE"
286,1,232,"RG","SE"
488,6,232,"RG","SE"
367,2,232,"RG","SE"
124,4,232,"RG","SE"
431,1,232,"RG","SE"
437,1,232,"RG","SE"
102,1,232,"RG","SE"
538,2,232,"RG","SE"
294,3,232,"RG","SE"
228,1,232,"RG","SE"
175,1,232,"RG","SE"
308,2,232,"RG","SE"
252,2,232,"RG","SE"
116,1,232,"RG","SE"
85,15,232,"RG","SE"
19,5,232,"RG","SE"
469,5,232,"RG","SE"
237,1,232,"RG","SE"
489,4,232,"RG","SE"
148,1,232,"RG","SE"
430,1,232,"RG","SE"
261,3,232,"RG","SE"
531,2,232,"RG","SE"
57,9,232,"RG","SE"
498,25,232,"RG","SE"
141,2,232,"RG","SE"
191,1,232,"RG","SE"
157,1,232,"RG","SE"
266,1,232,"RG","SE"
312,1,232,"RG","SE"
438,6,232,"RG","SE"
248,5,232,"RG","SE"
49,1,232,"RG","SE"
410,2,233,"RG","SE"
111,1,233,"RG","SE"
392,1,233,"RG","SE"
389,3,233,"RG","SE"
381,3,233,"RG","SE"
351,1,233,"RG","SE"
108,1,233,"RG","SE"
45,1,233,"RG","SE"
336,1,233,"RG","SE"
474,1,233,"RG","SE"
538,2,233,"RG","SE"
207,1,233,"RG","SE"
440,1,233,"RG","SE"
279,1,233,"RG","SE"
523,4,233,"RG","SE"
38,3,233,"RG","SE"
141,2,233,"RG","SE"
146,1,233,"RG","SE"
67,9,233,"RG","SE"
277,1,233,"RG","SE"
164,6,233,"RG","SE"
282,1,233,"RG","SE"
140,1,233,"RG","SE"
132,1,233,"RG","SE"
322,3,233,"RG","SE"
130,1,233,"RG","SE"
354,2,233,"RG","SE"
547,1,233,"RG","SE"
106,1,233,"RG","SE"
319,1,233,"RG","SE"
143,1,233,"RG","SE"
222,2,233,"RG","SE"
26,59,233,"RG","SE"
513,6,233,"RG","SE"
232,4,233,"RG","SE"
16,3,233,"RG","SE"
284,1,233,"RG","SE"
313,3,233,"RG","SE"
119,1,233,"RG","SE"
248,5,233,"RG","SE"
533,5,233,"RG","SE"
401,1,233,"RG","SE"
14,30,233,"RG","SE"
377,2,233,"RG","SE"
112,4,233,"RG","SE"
250,1,233,"RG","SE"
415,1,233,"RG","SE"
44,30,233,"RG","SE"
348,2,233,"RG","SE"
490,4,233,"RG","SE"
466,1,233,"RG","SE"
105,1,233,"RG","SE"
261,3,233,"RG","SE"
529,5,233,"RG","SE"
458,1,233,"RG","SE"
219,1,233,"RG","SE"
368,1,233,"RG","SE"
317,2,233,"RG","SE"
467,4,234,"RG","SE"
505,11,234,"RG","SE"
166,1,234,"RG","SE"
268,1,234,"RG","SE"
104,2,234,"RG","SE"
54,39,234,"RG","SE"
168,1,234,"RG","SE"
487,4,234,"RG","SE"
348,2,234,"RG","SE"
214,1,234,"RG","SE"
68,5,234,"RG","SE"
523,4,234,"RG","SE"
232,4,234,"RG","SE"
486,5,234,"RG","SE"
534,3,234,"RG","SE"
10,1,234,"RG","SE"
531,2,234,"RG","SE"
341,2,234,"RG","SE"
44,30,234,"RG","SE"
269,1,234,"RG","SE"
141,2,234,"RG","SE"
14,30,234,"RG","SE"
493,7,234,"RG","SE"
389,3,234,"RG","SE"
435,2,234,"RG","SE"
374,2,234,"RG","SE"
17,5,234,"RG","SE"
87,1,234,"RG","SE"
78,21,234,"RG","SE"
378,1,234,"RG","SE"
404,1,234,"RG","SE"
169,1,234,"RG","SE"
11,27,234,"RG","SE"
462,1,234,"RG","SE"
520,2,234,"RG","SE"
27,2,234,"RG","SE"
285,3,234,"RG","SE"
415,1,234,"RG","SE"
138,2,234,"RG","SE"
394,1,234,"RG","SE"
223,1,234,"RG","SE"
352,2,234,"RG","SE"
89,1,234,"RG","SE"
124,4,234,"RG","SE"
548,1,234,"RG","SE"
370,1,234,"RG","SE"
296,1,234,"RG","SE"
466,1,234,"RG","SE"
110,1,234,"RG","SE"
368,1,234,"RG","SE"
33,12,234,"RG","SE"
276,3,234,"RG","SE"
26,59,234,"RG","SE"
65,4,234,"RG","SE"
544,1,234,"RG","SE"
498,25,234,"RG","SE"
413,1,234,"RG","SE"
489,4,234,"RG","SE"
125,1,235,"RG","SE"
223,1,235,"RG","SE"
157,1,235,"RG","SE"
151,1,235,"RG","SE"
245,1,235,"RG","SE"
493,7,235,"RG","SE"
25,1,235,"RG","SE"
232,4,235,"RG","SE"
341,2,235,"RG","SE"
110,1,235,"RG","SE"
108,1,235,"RG","SE"
194,1,235,"RG","SE"
235,1,235,"RG","SE"
214,1,235,"RG","SE"
494,8,235,"RG","SE"
302,2,235,"RG","SE"
86,2,235,"RG","SE"
534,3,235,"RG","SE"
387,1,235,"RG","SE"
13,1,235,"RG","SE"
203,1,235,"RG","SE"
102,1,235,"RG","SE"
222,2,235,"RG","SE"
516,4,235,"RG","SE"
283,1,235,"RG","SE"
301,1,235,"RG","SE"
199,1,235,"RG","SE"
458,1,235,"RG","SE"
528,5,235,"RG","SE"
467,4,235,"RG","SE"
123,4,235,"RG","SE"
308,2,235,"RG","SE"
418,1,235,"RG","SE"
286,1,235,"RG","SE"
545,1,235,"RG","SE"
257,1,235,"RG","SE"
143,1,235,"RG","SE"
508,14,235,"RG","SE"
72,9,235,"RG","SE"
16,3,235,"RG","SE"
474,1,235,"RG","SE"
68,5,235,"RG","SE"
380,2,235,"RG","SE"
28,50,235,"RG","SE"
440,1,235,"RG","SE"
417,1,235,"RG","SE"
535,3,235,"RG","SE"
525,9,235,"RG","SE"
158,3,235,"RG","SE"
191,1,235,"RG","SE"
190,1,235,"RG","SE"
12,11,235,"RG","SE"
490,4,235,"RG","SE"
254,1,235,"RG","SE"
462,1,235,"RG","SE"
372,1,235,"RG","SE"
431,1,235,"RG","SE"
531,2,235,"RG","SE"
467,4,236,"RG","SE"
374,2,236,"RG","SE"
436,1,236,"RG","SE"
500,22,236,"RG","SE"
266,1,236,"RG","SE"
496,22,236,"RG","SE"
483,5,236,"RG","SE"
372,1,236,"RG","SE"
169,1,236,"RG","SE"
257,1,236,"RG","SE"
457,2,236,"RG","SE"
463,1,236,"RG","SE"
433,2,236,"RG","SE"
441,1,236,"RG","SE"
130,1,236,"RG","SE"
247,3,236,"RG","SE"
466,1,236,"RG","SE"
304,2,236,"RG","SE"
404,1,236,"RG","SE"
170,1,236,"RG","SE"
502,7,236,"RG","SE"
10,1,236,"RG","SE"
425,4,236,"RG","SE"
190,1,236,"RG","SE"
129,2,236,"RG","SE"
397,1,236,"RG","SE"
83,2,236,"RG","SE"
124,4,236,"RG","SE"
366,1,236,"RG","SE"
87,1,236,"RG","SE"
458,1,236,"RG","SE"
44,30,236,"RG","SE"
283,1,236,"RG","SE"
395,1,236,"RG","SE"
367,2,236,"RG","SE"
516,4,236,"RG","SE"
80,6,236,"RG","SE"
245,1,236,"RG","SE"
430,1,236,"RG","SE"
147,1,236,"RG","SE"
474,1,236,"RG","SE"
140,1,236,"RG","SE"
11,27,236,"RG","SE"
380,2,236,"RG","SE"
269,1,236,"RG","SE"
202,1,236,"RG","SE"
5,4,236,"RG","SE"
482,5,236,"RG","SE"
527,8,236,"RG","SE"
417,1,236,"RG","SE"
469,5,236,"RG","SE"
318,3,236,"RG","SE"
413,1,236,"RG","SE"
199,1,236,"RG","SE"
369,2,236,"RG","SE"
490,4,236,"RG","SE"
394,1,236,"RG","SE"
27,2,236,"RG","SE"
433,2,237,"RG","SE"
309,1,237,"RG","SE"
504,10,237,"RG","SE"
204,2,237,"RG","SE"
296,1,237,"RG","SE"
115,1,237,"RG","SE"
198,2,237,"RG","SE"
494,8,237,"RG","SE"
445,10,237,"RG","SE"
534,3,237,"RG","SE"
377,2,237,"RG","SE"
108,1,237,"RG","SE"
104,2,237,"RG","SE"
16,3,237,"RG","SE"
131,1,237,"RG","SE"
207,1,237,"RG","SE"
456,1,237,"RG","SE"
257,1,237,"RG","SE"
269,1,237,"RG","SE"
141,2,237,"RG","SE"
14,30,237,"RG","SE"
286,1,237,"RG","SE"
313,3,237,"RG","SE"
319,1,237,"RG","SE"
389,3,237,"RG","SE"
243,2,237,"RG","SE"
291,1,237,"RG","SE"
259,6,237,"RG","SE"
102,1,237,"RG","SE"
493,7,237,"RG","SE"
523,4,237,"RG","SE"
255,1,237,"RG","SE"
3,5,237,"RG","SE"
13,1,237,"RG","SE"
128,1,237,"RG","SE"
363,2,237,"RG","SE"
170,1,237,"RG","SE"
302,2,237,"RG","SE"
194,1,237,"RG","SE"
533,5,237,"RG","SE"
11,27,237,"RG","SE"
548,1,237,"RG","SE"
25,1,237,"RG","SE"
258,1,237,"RG","SE"
146,1,237,"RG","SE"
431,1,237,"RG","SE"
455,3,237,"RG","SE"
149,1,237,"RG","SE"
467,4,237,"RG","SE"
42,1,237,"RG","SE"
245,1,237,"RG","SE"
248,5,237,"RG","SE"
365,2,237,"RG","SE"
509,3,237,"RG","SE"
169,1,237,"RG","SE"
489,4,237,"RG","SE"
526,2,237,"RG","SE"
91,5,237,"RG","SE"
435,2,238,"RG","SE"
519,3,238,"RG","SE"
422,4,238,"RG","SE"
244,3,238,"RG","SE"
548,1,238,"RG","SE"
382,1,238,"RG","SE"
376,3,238,"RG","SE"
389,3,238,"RG","SE"
483,5,238,"RG","SE"
57,9,238,"RG","SE"
486,5,238,"RG","SE"
296,1,238,"RG","SE"
301,1,238,"RG","SE"
228,1,238,"RG","SE"
119,1,238,"RG","SE"
222,2,238,"RG","SE"
175,1,238,"RG","SE"
76,4,238,"RG","SE"
340,1,238,"RG","SE"
534,3,238,"RG","SE"
20,7,238,"RG","SE"
436,1,238,"RG","SE"
474,1,238,"RG","SE"
354,2,238,"RG","SE"
395,1,238,"RG","SE"
86,2,238,"RG","SE"
541,8,238,"RG","SE"
504,10,238,"RG","SE"
164,6,238,"RG","SE"
170,1,238,"RG","SE"
202,1,238,"RG","SE"
15,2,238,"RG","SE"
493,7,238,"RG","SE"
276,3,238,"RG","SE"
65,4,238,"RG","SE"
85,15,238,"RG","SE"
523,4,238,"RG","SE"
490,4,238,"RG","SE"
535,3,238,"RG","SE"
505,11,238,"RG","SE"
250,1,238,"RG","SE"
61,50,238,"RG","SE"
508,14,238,"RG","SE"
138,2,238,"RG","SE"
143,1,238,"RG","SE"
392,1,238,"RG","SE"
273,1,238,"RG","SE"
105,1,238,"RG","SE"
3,5,238,"RG","SE"
286,1,238,"RG","SE"
28,50,238,"RG","SE"
187,1,238,"RG","SE"
219,1,238,"RG","SE"
142,1,238,"RG","SE"
399,1,238,"RG","SE"
123,4,238,"RG","SE"
343,9,238,"RG","SE"
440,1,238,"RG","SE"
248,5,239,"RG","SE"
528,5,239,"RG","SE"
209,1,239,"RG","SE"
277,1,239,"RG","SE"
477,4,239,"RG","SE"
129,2,239,"RG","SE"
175,1,239,"RG","SE"
456,1,239,"RG","SE"
67,9,239,"RG","SE"
500,22,239,"RG","SE"
372,1,239,"RG","SE"
517,6,239,"RG","SE"
142,1,239,"RG","SE"
207,1,239,"RG","SE"
433,2,239,"RG","SE"
36,3,239,"RG","SE"
283,1,239,"RG","SE"
439,1,239,"RG","SE"
419,1,239,"RG","SE"
157,1,239,"RG","SE"
28,50,239,"RG","SE"
219,1,239,"RG","SE"
183,3,239,"RG","SE"
445,10,239,"RG","SE"
268,1,239,"RG","SE"
64,9,239,"RG","SE"
541,8,239,"RG","SE"
330,1,239,"RG","SE"
190,1,239,"RG","SE"
467,4,239,"RG","SE"
389,3,239,"RG","SE"
332,1,239,"RG","SE"
27,2,239,"RG","SE"
532,5,239,"RG","SE"
140,1,239,"RG","SE"
286,1,239,"RG","SE"
187,1,239,"RG","SE"
144,1,239,"RG","SE"
513,6,239,"RG","SE"
481,2,239,"RG","SE"
130,1,239,"RG","SE"
345,1,239,"RG","SE"
147,1,239,"RG","SE"
191,1,239,"RG","SE"
244,3,239,"RG","SE"
463,1,239,"RG","SE"
116,1,239,"RG","SE"
430,1,239,"RG","SE"
291,1,239,"RG","SE"
126,3,239,"RG","SE"
308,2,239,"RG","SE"
440,1,239,"RG","SE"
105,1,239,"RG","SE"
313,3,239,"RG","SE"
520,2,239,"RG","SE"
253,1,239,"RG","SE"
26,59,239,"RG","SE"
232,4,239,"RG","SE"
12,11,240,"RG","SE"
513,6,240,"RG","SE"
185,1,240,"RG","SE"
198,2,240,"RG","SE"
57,9,240,"RG","SE"
264,1,240,"RG","SE"
312,1,240,"RG","SE"
309,1,240,"RG","SE"
33,12,240,"RG","SE"
3,5,240,"RG","SE"
116,1,240,"RG","SE"
138,2,240,"RG","SE"
25,1,240,"RG","SE"
142,1,240,"RG","SE"
390,1,240,"RG","SE"
36,3,240,"RG","SE"
488,6,240,"RG","SE"
354,2,240,"RG","SE"
326,2,240,"RG","SE"
479,6,240,"RG","SE"
254,1,240,"RG","SE"
11,27,240,"RG","SE"
17,5,240,"RG","SE"
140,1,240,"RG","SE"
369,2,240,"RG","SE"
366,1,240,"RG","SE"
235,1,240,"RG","SE"
5,4,240,"RG","SE"
483,5,240,"RG","SE"
489,4,240,"RG","SE"
457,2,240,"RG","SE"
438,6,240,"RG","SE"
76,4,240,"RG","SE"
42,1,240,"RG","SE"
357,1,240,"RG","SE"
302,2,240,"RG","SE"
330,1,240,"RG","SE"
303,6,240,"RG","SE"
276,3,240,"RG","SE"
421,4,240,"RG","SE"
49,1,240,"RG","SE"
268,1,240,"RG","SE"
392,1,240,"RG","SE"
463,1,240,"RG","SE"
250,1,240,"RG","SE"
394,1,240,"RG","SE"
45,1,240,"RG","SE"
487,4,240,"RG","SE"
404,1,240,"RG","SE"
277,1,240,"RG","SE"
153,1,240,"RG","SE"
296,1,240,"RG","SE"
515,4,240,"RG","SE"
332,1,240,"RG","SE"
361,3,240,"RG","SE"
19,5,240,"RG","SE"
370,1,240,"RG","SE"
532,5,240,"RG","SE"
235,1,241,"RG","SE"
125,1,241,"RG","SE"
232,4,241,"RG","SE"
534,3,241,"RG","SE"
264,1,241,"RG","SE"
244,3,241,"RG","SE"
318,3,241,"RG","SE"
222,2,241,"RG","SE"
457,2,241,"RG","SE"
458,1,241,"RG","SE"
531,2,241,"RG","SE"
14,30,241,"RG","SE"
294,3,241,"RG","SE"
426,4,241,"RG","SE"
141,2,241,"RG","SE"
285,3,241,"RG","SE"
452,1,241,"RG","SE"
351,1,241,"RG","SE"
441,1,241,"RG","SE"
308,2,241,"RG","SE"
404,1,241,"RG","SE"
309,1,241,"RG","SE"
370,1,241,"RG","SE"
67,9,241,"RG","SE"
198,2,241,"RG","SE"
45,1,241,"RG","SE"
11,27,241,"RG","SE"
199,1,241,"RG","SE"
207,1,241,"RG","SE"
435,2,241,"RG","SE"
425,4,241,"RG","SE"
525,9,241,"RG","SE"
7,21,241,"RG","SE"
54,39,241,"RG","SE"
344,1,241,"RG","SE"
22,4,241,"RG","SE"
252,2,241,"RG","SE"
77,17,241,"RG","SE"
277,1,241,"RG","SE"
390,1,241,"RG","SE"
149,1,241,"RG","SE"
479,6,241,"RG","SE"
336,1,241,"RG","SE"
381,3,241,"RG","SE"
547,1,241,"RG","SE"
483,5,241,"RG","SE"
399,1,241,"RG","SE"
462,1,241,"RG","SE"
528,5,241,"RG","SE"
284,1,241,"RG","SE"
209,1,241,"RG","SE"
64,9,241,"RG","SE"
514,6,241,"RG","SE"
91,5,241,"RG","SE"
422,4,241,"RG","SE"
83,2,241,"RG","SE"
533,5,241,"RG","SE"
322,3,241,"RG","SE"
27,2,242,"RG","SE"
235,1,242,"RG","SE"
544,1,242,"RG","SE"
322,3,242,"RG","SE"
103,1,242,"RG","SE"
352,2,242,"RG","SE"
394,1,242,"RG","SE"
310,1,242,"RG","SE"
345,1,242,"RG","SE"
112,4,242,"RG","SE"
273,1,242,"RG","SE"
397,1,242,"RG","SE"
15,2,242,"RG","SE"
131,1,242,"RG","SE"
149,1,242,"RG","SE"
141,2,242,"RG","SE"
194,1,242,"RG","SE"
54,39,242,"RG","SE"
441,1,242,"RG","SE"
207,1,242,"RG","SE"
14,30,242,"RG","SE"
153,1,242,"RG","SE"
255,1,242,"RG","SE"
268,1,242,"RG","SE"
219,1,242,"RG","SE"
374,2,242,"RG","SE"
155,1,242,"RG","SE"
447,4,242,"RG","SE"
438,6,242,"RG","SE"
526,2,242,"RG","SE"
505,11,242,"RG","SE"
528,5,242,"RG","SE"
4,5,242,"RG","SE"
458,1,242,"RG","SE"
452,1,242,"RG","SE"
115,1,242,"RG","SE"
344,1,242,"RG","SE"
462,1,242,"RG","SE"
38,3,242,"RG","SE"
510,9,242,"RG","SE"
489,4,242,"RG","SE"
282,1,242,"RG","SE"
36,3,242,"RG","SE"
42,1,242,"RG","SE"
49,1,242,"RG","SE"
91,5,242,"RG","SE"
349,1,242,"RG","SE"
513,6,242,"RG","SE"
7,21,242,"RG","SE"
144,1,242,"RG","SE"
437,1,242,"RG","SE"
108,1,242,"RG","SE"
285,3,242,"RG","SE"
225,1,242,"RG","SE"
111,1,242,"RG","SE"
413,1,242,"RG","SE"
269,1,242,"RG","SE"
399,1,242,"RG","SE"
486,5,243,"RG","SE"
119,1,243,"RG","SE"
395,1,243,"RG","SE"
57,9,243,"RG","SE"
42,1,243,"RG","SE"
538,2,243,"RG","SE"
340,1,243,"RG","SE"
519,3,243,"RG","SE"
365,2,243,"RG","SE"
336,1,243,"RG","SE"
123,4,243,"RG","SE"
222,2,243,"RG","SE"
68,5,243,"RG","SE"
390,1,243,"RG","SE"
129,2,243,"RG","SE"
108,1,243,"RG","SE"
535,3,243,"RG","SE"
83,2,243,"RG","SE"
279,1,243,"RG","SE"
3,5,243,"RG","SE"
85,15,243,"RG","SE"
440,1,243,"RG","SE"
310,1,243,"RG","SE"
377,2,243,"RG","SE"
7,21,243,"RG","SE"
368,1,243,"RG","SE"
482,5,243,"RG","SE"
514,6,243,"RG","SE"
309,1,243,"RG","SE"
425,4,243,"RG","SE"
541,8,243,"RG","SE"
228,1,243,"RG","SE"
544,1,243,"RG","SE"
259,6,243,"RG","SE"
291,1,243,"RG","SE"
527,8,243,"RG","SE"
209,1,243,"RG","SE"
397,1,243,"RG","SE"
111,1,243,"RG","SE"
25,1,243,"RG","SE"
413,1,243,"RG","SE"
422,4,243,"RG","SE"
153,1,243,"RG","SE"
415,1,243,"RG","SE"
131,1,243,"RG","SE"
77,17,243,"RG","SE"
91,5,243,"RG","SE"
183,3,243,"RG","SE"
358,16,243,"RG","SE"
89,1,243,"RG","SE"
19,5,243,"RG","SE"
151,1,243,"RG","SE"
477,4,243,"RG","SE"
387,1,243,"RG","SE"
547,1,243,"RG","SE"
148,1,243,"RG","SE"
193,2,243,"RG","SE"
13,1,243,"RG","SE"
445,10,244,"RG","SE"
487,4,244,"RG","SE"
504,10,244,"RG","SE"
26,59,244,"RG","SE"
264,1,244,"RG","SE"
124,4,244,"RG","SE"
32,6,244,"RG","SE"
12,11,244,"RG","SE"
105,1,244,"RG","SE"
366,1,244,"RG","SE"
138,2,244,"RG","SE"
547,1,244,"RG","SE"
422,4,244,"RG","SE"
198,2,244,"RG","SE"
22,4,244,"RG","SE"
269,1,244,"RG","SE"
44,30,244,"RG","SE"
204,2,244,"RG","SE"
276,3,244,"RG","SE"
51,2,244,"RG","SE"
15,2,244,"RG","SE"
190,1,244,"RG","SE"
25,1,244,"RG","SE"
261,3,244,"RG","SE"
467,4,244,"RG","SE"
389,3,244,"RG","SE"
538,2,244,"RG","SE"
349,1,244,"RG","SE"
541,8,244,"RG","SE"
65,4,244,"RG","SE"
38,3,244,"RG","SE"
357,1,244,"RG","SE"
441,1,244,"RG","SE"
531,2,244,"RG","SE"
171,1,244,"RG","SE"
257,1,244,"RG","SE"
510,9,244,"RG","SE"
219,1,244,"RG","SE"
129,2,244,"RG","SE"
207,1,244,"RG","SE"
548,1,244,"RG","SE"
155,1,244,"RG","SE"
401,1,244,"RG","SE"
332,1,244,"RG","SE"
183,3,244,"RG","SE"
179,12,244,"RG","SE"
534,3,244,"RG","SE"
45,1,244,"RG","SE"
202,1,244,"RG","SE"
28,50,244,"RG","SE"
253,1,244,"RG","SE"
214,1,244,"RG","SE"
305,1,244,"RG","SE"
392,1,244,"RG","SE"
140,1,244,"RG","SE"
191,1,244,"RG","SE"
61,50,244,"RG","SE"
317,2,244,"RG","SE"
199,1,245,"RG","SE"
148,1,245,"RG","SE"
506,7,245,"RG","SE"
397,1,245,"RG","SE"
164,6,245,"RG","SE"
103,1,245,"RG","SE"
326,2,245,"RG","SE"
104,2,245,"RG","SE"
401,1,245,"RG","SE"
467,4,245,"RG","SE"
547,1,245,"RG","SE"
83,2,245,"RG","SE"
126,3,245,"RG","SE"
264,1,245,"RG","SE"
80,6,245,"RG","SE"
455,3,245,"RG","SE"
250,1,245,"RG","SE"
283,1,245,"RG","SE"
313,3,245,"RG","SE"
284,1,245,"RG","SE"
417,1,245,"RG","SE"
4,5,245,"RG","SE"
452,1,245,"RG","SE"
166,1,245,"RG","SE"
42,1,245,"RG","SE"
486,5,245,"RG","SE"
469,5,245,"RG","SE"
516,4,245,"RG","SE"
461,1,245,"RG","SE"
489,4,245,"RG","SE"
476,1,245,"RG","SE"
273,1,245,"RG","SE"
463,1,245,"RG","SE"
266,1,245,"RG","SE"
479,6,245,"RG","SE"
248,5,245,"RG","SE"
369,2,245,"RG","SE"
344,1,245,"RG","SE"
87,1,245,"RG","SE"
11,27,245,"RG","SE"
141,2,245,"RG","SE"
26,59,245,"RG","SE"
389,3,245,"RG","SE"
318,3,245,"RG","SE"
395,1,245,"RG","SE"
404,1,245,"RG","SE"
105,1,245,"RG","SE"
110,1,245,"RG","SE"
399,1,245,"RG","SE"
225,1,245,"RG","SE"
185,1,245,"RG","SE"
12,11,245,"RG","SE"
57,9,245,"RG","SE"
466,1,245,"RG","SE"
510,9,245,"RG","SE"
286,1,245,"RG","SE"
244,3,245,"RG","SE"
91,5,245,"RG","SE"
250,1,246,"RG","SE"
515,4,246,"RG","SE"
72,9,246,"RG","SE"
422,4,246,"RG","SE"
116,1,246,"RG","SE"
513,6,246,"RG","SE"
302,2,246,"RG","SE"
266,1,246,"RG","SE"
10,1,246,"RG","SE"
166,1,246,"RG","SE"
501,17,246,"RG","SE"
538,2,246,"RG","SE"
489,4,246,"RG","SE"
328,1,246,"RG","SE"
471,3,246,"RG","SE"
222,2,246,"RG","SE"
309,1,246,"RG","SE"
381,3,246,"RG","SE"
535,3,246,"RG","SE"
545,1,246,"RG","SE"
430,1,246,"RG","SE"
51,2,246,"RG","SE"
199,1,246,"RG","SE"
190,1,246,"RG","SE"
431,1,246,"RG","SE"
349,1,246,"RG","SE"
132,1,246,"RG","SE"
494,8,246,"RG","SE"
168,1,246,"RG","SE"
102,1,246,"RG","SE"
532,5,246,"RG","SE"
106,1,246,"RG","SE"
243,2,246,"RG","SE"
252,2,246,"RG","SE"
305,1,246,"RG","SE"
26,59,246,"RG","SE"
141,2,246,"RG","SE"
462,1,246,"RG","SE"
319,1,246,"RG","SE"
326,2,246,"RG","SE"
142,1,246,"RG","SE"
123,4,246,"RG","SE"
131,1,246,"RG","SE"
531,2,246,"RG","SE"
202,1,246,"RG","SE"
465,1,246,"RG","SE"
83,2,246,"RG","SE"
101,1,246,"RG","SE"
439,1,246,"RG","SE"
78,21,246,"RG","SE"
219,1,246,"RG","SE"
25,1,246,"RG","SE"
108,1,246,"RG","SE"
209,1,246,"RG","SE"
80,6,246,"RG","SE"
366,1,246,"RG","SE"
282,1,246,"RG","SE"
21,7,246,"RG","SE"
426,4,247,"RG","SE"
545,1,247,"RG","SE"
461,1,247,"RG","SE"
490,4,247,"RG","SE"
261,3,247,"RG","SE"
370,1,247,"RG","SE"
445,10,247,"RG","SE"
310,1,247,"RG","SE"
317,2,247,"RG","SE"
268,1,247,"RG","SE"
506,7,247,"RG","SE"
14,30,247,"RG","SE"
482,5,247,"RG","SE"
548,1,247,"RG","SE"
157,1,247,"RG","SE"
501,17,247,"RG","SE"
65,4,247,"RG","SE"
382,1,247,"RG","SE"
105,1,247,"RG","SE"
363,2,247,"RG","SE"
513,6,247,"RG","SE"
179,12,247,"RG","SE"
282,1,247,"RG","SE"
68,5,247,"RG","SE"
431,1,247,"RG","SE"
284,1,247,"RG","SE"
352,2,247,"RG","SE"
185,1,247,"RG","SE"
28,50,247,"RG","SE"
130,1,247,"RG","SE"
209,1,247,"RG","SE"
486,5,247,"RG","SE"
169,1,247,"RG","SE"
422,4,247,"RG","SE"
61,50,247,"RG","SE"
354,2,247,"RG","SE"
418,1,247,"RG","SE"
171,1,247,"RG","SE"
264,1,247,"RG","SE"
415,1,247,"RG","SE"
254,1,247,"RG","SE"
129,2,247,"RG","SE"
404,1,247,"RG","SE"
367,2,247,"RG","SE"
436,1,247,"RG","SE"
357,1,247,"RG","SE"
484,4,247,"RG","SE"
519,3,247,"RG","SE"
520,2,247,"RG","SE"
312,1,247,"RG","SE"
10,1,247,"RG","SE"
36,3,247,"RG","SE"
488,6,247,"RG","SE"
476,1,247,"RG","SE"
326,2,247,"RG","SE"
12,11,247,"RG","SE"
160,1,247,"RG","SE"
225,1,247,"RG","SE"
237,1,248,"RG","SE"
336,1,248,"RG","SE"
431,1,248,"RG","SE"
304,2,248,"RG","SE"
232,4,248,"RG","SE"
363,2,248,"RG","SE"
376,3,248,"RG","SE"
258,1,248,"RG","SE"
33,12,248,"RG","SE"
395,1,248,"RG","SE"
366,1,248,"RG","SE"
457,2,248,"RG","SE"
341,2,248,"RG","SE"
146,1,248,"RG","SE"
415,1,248,"RG","SE"
131,1,248,"RG","SE"
455,3,248,"RG","SE"
381,3,248,"RG","SE"
228,1,248,"RG","SE"
171,1,248,"RG","SE"
279,1,248,"RG","SE"
17,5,248,"RG","SE"
203,1,248,"RG","SE"
438,6,248,"RG","SE"
101,1,248,"RG","SE"
89,1,248,"RG","SE"
501,17,248,"RG","SE"
252,2,248,"RG","SE"
80,6,248,"RG","SE"
19,5,248,"RG","SE"
148,1,248,"RG","SE"
247,3,248,"RG","SE"
155,1,248,"RG","SE"
65,4,248,"RG","SE"
7,21,248,"RG","SE"
469,5,248,"RG","SE"
313,3,248,"RG","SE"
419,1,248,"RG","SE"
458,1,248,"RG","SE"
147,1,248,"RG","SE"
484,4,248,"RG","SE"
168,1,248,"RG","SE"
399,1,248,"RG","SE"
525,9,248,"RG","SE"
144,1,248,"RG","SE"
545,1,248,"RG","SE"
149,1,248,"RG","SE"
369,2,248,"RG","SE"
108,1,248,"RG","SE"
479,6,248,"RG","SE"
426,4,248,"RG","SE"
225,1,248,"RG","SE"
255,1,248,"RG","SE"
209,1,248,"RG","SE"
170,1,248,"RG","SE"
527,8,248,"RG","SE"
54,39,248,"RG","SE"
539,1,248,"RG","SE"
404,1,249,"RG","SE"
198,2,249,"RG","SE"
131,1,249,"RG","SE"
486,5,249,"RG","SE"
363,2,249,"RG","SE"
366,1,249,"RG","SE"
540,8,249,"RG","SE"
352,2,249,"RG","SE"
322,3,249,"RG","SE"
123,4,249,"RG","SE"
310,1,249,"RG","SE"
151,1,249,"RG","SE"
225,1,249,"RG","SE"
112,4,249,"RG","SE"
390,1,249,"RG","SE"
142,1,249,"RG","SE"
102,1,249,"RG","SE"
91,5,249,"RG","SE"
502,7,249,"RG","SE"
349,1,249,"RG","SE"
243,2,249,"RG","SE"
461,1,249,"RG","SE"
223,1,249,"RG","SE"
115,1,249,"RG","SE"
369,2,249,"RG","SE"
104,2,249,"RG","SE"
13,1,249,"RG","SE"
49,1,249,"RG","SE"
111,1,249,"RG","SE"
481,2,249,"RG","SE"
3,5,249,"RG","SE"
186,2,249,"RG","SE"
463,1,249,"RG","SE"
483,5,249,"RG","SE"
250,1,249,"RG","SE"
57,9,249,"RG","SE"
143,1,249,"RG","SE"
202,1,249,"RG","SE"
273,1,249,"RG","SE"
534,3,249,"RG","SE"
149,1,249,"RG","SE"
531,2,249,"RG","SE"
291,1,249,"RG","SE"
441,1,249,"RG","SE"
430,1,249,"RG","SE"
25,1,249,"RG","SE"
332,1,249,"RG","SE"
166,1,249,"RG","SE"
254,1,249,"RG","SE"
101,1,249,"RG","SE"
185,1,249,"RG","SE"
138,2,249,"RG","SE"
482,5,249,"RG","SE"
532,5,249,"RG","SE"
183,3,249,"RG","SE"
378,1,249,"RG","SE"
244,3,249,"RG","SE"
61,50,249,"RG","SE"
168,1,250,"RG","SE"
223,1,250,"RG","SE"
480,6,250,"RG","SE"
126,3,250,"RG","SE"
11,27,250,"RG","SE"
286,1,250,"RG","SE"
170,1,250,"RG","SE"
17,5,250,"RG","SE"
146,1,250,"RG","SE"
541,8,250,"RG","SE"
513,6,250,"RG","SE"
264,1,250,"RG","SE"
76,4,250,"RG","SE"
140,1,250,"RG","SE"
253,1,250,"RG","SE"
228,1,250,"RG","SE"
80,6,250,"RG","SE"
418,1,250,"RG","SE"
319,1,250,"RG","SE"
529,5,250,"RG","SE"
517,6,250,"RG","SE"
476,1,250,"RG","SE"
105,1,250,"RG","SE"
469,5,250,"RG","SE"
467,4,250,"RG","SE"
515,4,250,"RG","SE"
372,1,250,"RG","SE"
242,1,250,"RG","SE"
501,17,250,"RG","SE"
455,3,250,"RG","SE"
87,1,250,"RG","SE"
131,1,250,"RG","SE"
77,17,250,"RG","SE"
20,7,250,"RG","SE"
322,3,250,"RG","SE"
462,1,250,"RG","SE"
85,15,250,"RG","SE"
310,1,250,"RG","SE"
124,4,250,"RG","SE"
404,1,250,"RG","SE"
477,4,250,"RG","SE"
108,1,250,"RG","SE"
303,6,250,"RG","SE"
351,1,250,"RG","SE"
19,5,250,"RG","SE"
65,4,250,"RG","SE"
266,1,250,"RG","SE"
395,1,250,"RG","SE"
112,4,250,"RG","SE"
471,3,250,"RG","SE"
363,2,250,"RG","SE"
247,3,250,"RG","SE"
345,1,250,"RG","SE"
401,1,250,"RG","SE"
535,3,250,"RG","SE"
387,1,250,"RG","SE"
144,1,250,"RG","SE"
504,10,250,"RG","SE"
422,4,251,"RG","SE"
27,2,251,"RG","SE"
535,3,251,"RG","SE"
529,5,251,"RG","SE"
483,5,251,"RG","SE"
228,1,251,"RG","SE"
193,2,251,"RG","SE"
452,1,251,"RG","SE"
273,1,251,"RG","SE"
539,1,251,"RG","SE"
204,2,251,"RG","SE"
185,1,251,"RG","SE"
477,4,251,"RG","SE"
32,6,251,"RG","SE"
164,6,251,"RG","SE"
285,3,251,"RG","SE"
404,1,251,"RG","SE"
126,3,251,"RG","SE"
413,1,251,"RG","SE"
425,4,251,"RG","SE"
476,1,251,"RG","SE"
505,11,251,"RG","SE"
187,1,251,"RG","SE"
500,22,251,"RG","SE"
111,1,251,"RG","SE"
377,2,251,"RG","SE"
87,1,251,"RG","SE"
51,2,251,"RG","SE"
445,10,251,"RG","SE"
179,12,251,"RG","SE"
112,4,251,"RG","SE"
456,1,251,"RG","SE"
368,1,251,"RG","SE"
349,1,251,"RG","SE"
438,6,251,"RG","SE"
494,8,251,"RG","SE"
318,3,251,"RG","SE"
524,2,251,"RG","SE"
261,3,251,"RG","SE"
370,1,251,"RG","SE"
264,1,251,"RG","SE"
12,11,251,"RG","SE"
389,3,251,"RG","SE"
125,1,251,"RG","SE"
144,1,251,"RG","SE"
369,2,251,"RG","SE"
67,9,251,"RG","SE"
469,5,251,"RG","SE"
129,2,251,"RG","SE"
514,6,251,"RG","SE"
266,1,251,"RG","SE"
21,7,251,"RG","SE"
257,1,251,"RG","SE"
481,2,251,"RG","SE"
516,4,251,"RG","SE"
86,2,251,"RG","SE"
301,1,251,"RG","SE"
317,2,251,"RG","SE"
171,1,252,"RG","SE"
3,5,252,"RG","SE"
28,50,252,"RG","SE"
415,1,252,"RG","SE"
419,1,252,"RG","SE"
4,5,252,"RG","SE"
214,1,252,"RG","SE"
488,6,252,"RG","SE"
399,1,252,"RG","SE"
145,1,252,"RG","SE"
380,2,252,"RG","SE"
345,1,252,"RG","SE"
116,1,252,"RG","SE"
138,2,252,"RG","SE"
515,4,252,"RG","SE"
528,5,252,"RG","SE"
433,2,252,"RG","SE"
389,3,252,"RG","SE"
45,1,252,"RG","SE"
143,1,252,"RG","SE"
247,3,252,"RG","SE"
318,3,252,"RG","SE"
86,2,252,"RG","SE"
130,1,252,"RG","SE"
392,1,252,"RG","SE"
317,2,252,"RG","SE"
376,3,252,"RG","SE"
283,1,252,"RG","SE"
32,6,252,"RG","SE"
242,1,252,"RG","SE"
204,2,252,"RG","SE"
401,1,252,"RG","SE"
190,1,252,"RG","SE"
57,9,252,"RG","SE"
44,30,252,"RG","SE"
474,1,252,"RG","SE"
105,1,252,"RG","SE"
284,1,252,"RG","SE"
268,1,252,"RG","SE"
480,6,252,"RG","SE"
108,1,252,"RG","SE"
366,1,252,"RG","SE"
348,2,252,"RG","SE"
278,1,252,"RG","SE"
463,1,252,"RG","SE"
198,2,252,"RG","SE"
413,1,252,"RG","SE"
89,1,252,"RG","SE"
140,1,252,"RG","SE"
425,4,252,"RG","SE"
191,1,252,"RG","SE"
469,5,252,"RG","SE"
481,2,252,"RG","SE"
378,1,252,"RG","SE"
14,30,252,"RG","SE"
151,1,252,"RG","SE"
358,16,252,"RG","SE"
309,1,252,"RG","SE"
470,5,253,"RG","SE"
102,1,253,"RG","SE"
45,1,253,"RG","SE"
330,1,253,"RG","SE"
526,2,253,"RG","SE"
345,1,253,"RG","SE"
540,8,253,"RG","SE"
186,2,253,"RG","SE"
438,6,253,"RG","SE"
348,2,253,"RG","SE"
140,1,253,"RG","SE"
258,1,253,"RG","SE"
42,1,253,"RG","SE"
349,1,253,"RG","SE"
294,3,253,"RG","SE"
365,2,253,"RG","SE"
7,21,253,"RG","SE"
493,7,253,"RG","SE"
199,1,253,"RG","SE"
304,2,253,"RG","SE"
500,22,253,"RG","SE"
544,1,253,"RG","SE"
422,4,253,"RG","SE"
430,1,253,"RG","SE"
105,1,253,"RG","SE"
151,1,253,"RG","SE"
547,1,253,"RG","SE"
223,1,253,"RG","SE"
77,17,253,"RG","SE"
228,1,253,"RG","SE"
376,3,253,"RG","SE"
340,1,253,"RG","SE"
534,3,253,"RG","SE"
155,1,253,"RG","SE"
16,3,253,"RG","SE"
465,1,253,"RG","SE"
28,50,253,"RG","SE"
19,5,253,"RG","SE"
515,4,253,"RG","SE"
166,1,253,"RG","SE"
457,2,253,"RG","SE"
132,1,253,"RG","SE"
72,9,253,"RG","SE"
187,1,253,"RG","SE"
91,5,253,"RG","SE"
501,17,253,"RG","SE"
440,1,253,"RG","SE"
61,50,253,"RG","SE"
302,2,253,"RG","SE"
381,3,253,"RG","SE"
168,1,253,"RG","SE"
124,4,253,"RG","SE"
529,5,253,"RG","SE"
146,1,253,"RG","SE"
421,4,253,"RG","SE"
332,1,253,"RG","SE"
417,1,253,"RG","SE"
131,1,253,"RG","SE"
520,2,254,"RG","SE"
25,1,254,"RG","SE"
463,1,254,"RG","SE"
404,1,254,"RG","SE"
124,4,254,"RG","SE"
318,3,254,"RG","SE"
36,3,254,"RG","SE"
535,3,254,"RG","SE"
529,5,254,"RG","SE"
363,2,254,"RG","SE"
493,7,254,"RG","SE"
268,1,254,"RG","SE"
4,5,254,"RG","SE"
80,6,254,"RG","SE"
173,2,254,"RG","SE"
433,2,254,"RG","SE"
498,25,254,"RG","SE"
369,2,254,"RG","SE"
140,1,254,"RG","SE"
544,1,254,"RG","SE"
377,2,254,"RG","SE"
481,2,254,"RG","SE"
164,6,254,"RG","SE"
417,1,254,"RG","SE"
382,1,254,"RG","SE"
12,11,254,"RG","SE"
32,6,254,"RG","SE"
89,1,254,"RG","SE"
278,1,254,"RG","SE"
303,6,254,"RG","SE"
351,1,254,"RG","SE"
418,1,254,"RG","SE"
496,22,254,"RG","SE"
232,4,254,"RG","SE"
319,1,254,"RG","SE"
539,1,254,"RG","SE"
392,1,254,"RG","SE"
21,7,254,"RG","SE"
516,4,254,"RG","SE"
506,7,254,"RG","SE"
344,1,254,"RG","SE"
138,2,254,"RG","SE"
104,2,254,"RG","SE"
20,7,254,"RG","SE"
482,5,254,"RG","SE"
501,17,254,"RG","SE"
10,1,254,"RG","SE"
490,4,254,"RG","SE"
447,4,254,"RG","SE"
112,4,254,"RG","SE"
310,1,254,"RG","SE"
483,5,254,"RG","SE"
366,1,254,"RG","SE"
527,8,254,"RG","SE"
16,3,254,"RG","SE"
508,14,254,"RG","SE"
101,1,254,"RG","SE"
190,1,254,"RG","SE"
471,3,255,"RG","SE"
463,1,255,"RG","SE"
17,5,255,"RG","SE"
268,1,255,"RG","SE"
490,4,255,"RG","SE"
144,1,255,"RG","SE"
145,1,255,"RG","SE"
415,1,255,"RG","SE"
278,1,255,"RG","SE"
340,1,255,"RG","SE"
361,3,255,"RG","SE"
78,21,255,"RG","SE"
474,1,255,"RG","SE"
430,1,255,"RG","SE"
10,1,255,"RG","SE"
319,1,255,"RG","SE"
476,1,255,"RG","SE"
194,1,255,"RG","SE"
223,1,255,"RG","SE"
190,1,255,"RG","SE"
445,10,255,"RG","SE"
348,2,255,"RG","SE"
381,3,255,"RG","SE"
286,1,255,"RG","SE"
164,6,255,"RG","SE"
86,2,255,"RG","SE"
104,2,255,"RG","SE"
237,1,255,"RG","SE"
4,5,255,"RG","SE"
455,3,255,"RG","SE"
523,4,255,"RG","SE"
209,1,255,"RG","SE"
20,7,255,"RG","SE"
526,2,255,"RG","SE"
397,1,255,"RG","SE"
296,1,255,"RG","SE"
332,1,255,"RG","SE"
253,1,255,"RG","SE"
363,2,255,"RG","SE"
153,1,255,"RG","SE"
89,1,255,"RG","SE"
285,3,255,"RG","SE"
515,4,255,"RG","SE"
494,8,255,"RG","SE"
539,1,255,"RG","SE"
193,2,255,"RG","SE"
155,1,255,"RG","SE"
469,5,255,"RG","SE"
214,1,255,"RG","SE"
500,22,255,"RG","SE"
147,1,255,"RG","SE"
370,1,255,"RG","SE"
149,1,255,"RG","SE"
264,1,255,"RG","SE"
3,5,255,"RG","SE"
143,1,255,"RG","SE"
140,1,255,"RG","SE"
312,1,255,"RG","SE"
489,4,256,"RG","SE"
123,4,256,"RG","SE"
523,4,256,"RG","SE"
305,1,256,"RG","SE"
457,2,256,"RG","SE"
513,6,256,"RG","SE"
228,1,256,"RG","SE"
456,1,256,"RG","SE"
351,1,256,"RG","SE"
122,2,256,"RG","SE"
16,3,256,"RG","SE"
87,1,256,"RG","SE"
144,1,256,"RG","SE"
44,30,256,"RG","SE"
330,1,256,"RG","SE"
12,11,256,"RG","SE"
466,1,256,"RG","SE"
302,2,256,"RG","SE"
193,2,256,"RG","SE"
185,1,256,"RG","SE"
252,2,256,"RG","SE"
515,4,256,"RG","SE"
91,5,256,"RG","SE"
21,7,256,"RG","SE"
282,1,256,"RG","SE"
202,1,256,"RG","SE"
168,1,256,"RG","SE"
42,1,256,"RG","SE"
108,1,256,"RG","SE"
380,2,256,"RG","SE"
13,1,256,"RG","SE"
61,50,256,"RG","SE"
102,1,256,"RG","SE"
80,6,256,"RG","SE"
417,1,256,"RG","SE"
505,11,256,"RG","SE"
319,1,256,"RG","SE"
343,9,256,"RG","SE"
291,1,256,"RG","SE"
519,3,256,"RG","SE"
390,1,256,"RG","SE"
186,2,256,"RG","SE"
253,1,256,"RG","SE"
160,1,256,"RG","SE"
410,2,256,"RG","SE"
209,1,256,"RG","SE"
377,2,256,"RG","SE"
268,1,256,"RG","SE"
89,1,256,"RG","SE"
126,3,256,"RG","SE"
225,1,256,"RG","SE"
145,1,256,"RG","SE"
132,1,256,"RG","SE"
431,1,256,"RG","SE"
301,1,256,"RG","SE"
33,12,256,"RG","SE"
149,1,256,"RG","SE"
148,1,256,"RG","SE"
175,1,257,"RG","SE"
517,6,257,"RG","SE"
435,2,257,"RG","SE"
548,1,257,"RG","SE"
78,21,257,"RG","SE"
291,1,257,"RG","SE"
461,1,257,"RG","SE"
285,3,257,"RG","SE"
147,1,257,"RG","SE"
336,1,257,"RG","SE"
438,6,257,"RG","SE"
361,3,257,"RG","SE"
25,1,257,"RG","SE"
76,4,257,"RG","SE"
301,1,257,"RG","SE"
223,1,257,"RG","SE"
382,1,257,"RG","SE"
357,1,257,"RG","SE"
269,1,257,"RG","SE"
308,2,257,"RG","SE"
194,1,257,"RG","SE"
317,2,257,"RG","SE"
129,2,257,"RG","SE"
467,4,257,"RG","SE"
415,1,257,"RG","SE"
87,1,257,"RG","SE"
470,5,257,"RG","SE"
430,1,257,"RG","SE"
372,1,257,"RG","SE"
7,21,257,"RG","SE"
322,3,257,"RG","SE"
204,2,257,"RG","SE"
525,9,257,"RG","SE"
57,9,257,"RG","SE"
304,2,257,"RG","SE"
533,5,257,"RG","SE"
268,1,257,"RG","SE"
387,1,257,"RG","SE"
426,4,257,"RG","SE"
214,1,257,"RG","SE"
126,3,257,"RG","SE"
344,1,257,"RG","SE"
513,6,257,"RG","SE"
365,2,257,"RG","SE"
487,4,257,"RG","SE"
380,2,257,"RG","SE"
462,1,257,"RG","SE"
186,2,257,"RG","SE"
367,2,257,"RG","SE"
153,1,257,"RG","SE"
340,1,257,"RG","SE"
190,1,257,"RG","SE"
528,5,257,"RG","SE"
488,6,257,"RG","SE"
245,1,257,"RG","SE"
104,2,257,"RG","SE"
531,2,257,"RG","SE"
545,1,257,"RG","SE"
254,1,258,"RG","SE"
535,3,258,"RG","SE"
106,1,258,"RG","SE"
27,2,258,"RG","SE"
438,6,258,"RG","SE"
519,3,258,"RG","SE"
417,1,258,"RG","SE"
357,1,258,"RG","SE"
183,3,258,"RG","SE"
247,3,258,"RG","SE"
282,1,258,"RG","SE"
103,1,258,"RG","SE"
148,1,258,"RG","SE"
252,2,258,"RG","SE"
76,4,258,"RG","SE"
422,4,258,"RG","SE"
193,2,258,"RG","SE"
534,3,258,"RG","SE"
130,1,258,"RG","SE"
404,1,258,"RG","SE"
296,1,258,"RG","SE"
418,1,258,"RG","SE"
372,1,258,"RG","SE"
207,1,258,"RG","SE"
110,1,258,"RG","SE"
340,1,258,"RG","SE"
19,5,258,"RG","SE"
490,4,258,"RG","SE"
382,1,258,"RG","SE"
168,1,258,"RG","SE"
436,1,258,"RG","SE"
278,1,258,"RG","SE"
49,1,258,"RG","SE"
415,1,258,"RG","SE"
377,2,258,"RG","SE"
38,3,258,"RG","SE"
539,1,258,"RG","SE"
294,3,258,"RG","SE"
505,11,258,"RG","SE"
242,1,258,"RG","SE"
13,1,258,"RG","SE"
44,30,258,"RG","SE"
203,1,258,"RG","SE"
326,2,258,"RG","SE"
175,1,258,"RG","SE"
244,3,258,"RG","SE"
264,1,258,"RG","SE"
222,2,258,"RG","SE"
322,3,258,"RG","SE"
410,2,258,"RG","SE"
186,2,258,"RG","SE"
187,1,258,"RG","SE"
261,3,258,"RG","SE"
548,1,258,"RG","SE"
196,2,258,"RG","SE"
524,2,258,"RG","SE"
214,1,258,"RG","SE"
523,4,258,"RG","SE"
341,2,259,"RG","SE"
361,3,259,"RG","SE"
268,1,259,"RG","SE"
276,3,259,"RG","SE"
25,1,259,"RG","SE"
422,4,259,"RG","SE"
38,3,259,"RG","SE"
112,4,259,"RG","SE"
12,11,259,"RG","SE"
441,1,259,"RG","SE"
132,1,259,"RG","SE"
20,7,259,"RG","SE"
303,6,259,"RG","SE"
138,2,259,"RG","SE"
452,1,259,"RG","SE"
457,2,259,"RG","SE"
140,1,259,"RG","SE"
122,2,259,"RG","SE"
235,1,259,"RG","SE"
345,1,259,"RG","SE"
202,1,259,"RG","SE"
496,22,259,"RG","SE"
277,1,259,"RG","SE"
32,6,259,"RG","SE"
506,7,259,"RG","SE"
534,3,259,"RG","SE"
51,2,259,"RG","SE"
49,1,259,"RG","SE"
185,1,259,"RG","SE"
296,1,259,"RG","SE"
144,1,259,"RG","SE"
490,4,259,"RG","SE"
214,1,259,"RG","SE"
426,4,259,"RG","SE"
535,3,259,"RG","SE"
248,5,259,"RG","SE"
126,3,259,"RG","SE"
72,9,259,"RG","SE"
108,1,259,"RG","SE"
425,4,259,"RG","SE"
310,1,259,"RG","SE"
13,1,259,"RG","SE"
509,3,259,"RG","SE"
57,9,259,"RG","SE"
370,1,259,"RG","SE"
547,1,259,"RG","SE"
237,1,259,"RG","SE"
330,1,259,"RG","SE"
110,1,259,"RG","SE"
168,1,259,"RG","SE"
514,6,259,"RG","SE"
243,2,259,"RG","SE"
392,1,259,"RG","SE"
27,2,259,"RG","SE"
247,3,259,"RG","SE"
313,3,259,"RG","SE"
191,1,259,"RG","SE"
145,1,259,"RG","SE"
153,1,260,"RG","SE"
352,2,260,"RG","SE"
471,3,260,"RG","SE"
173,2,260,"RG","SE"
65,4,260,"RG","SE"
312,1,260,"RG","SE"
479,6,260,"RG","SE"
141,2,260,"RG","SE"
214,1,260,"RG","SE"
147,1,260,"RG","SE"
157,1,260,"RG","SE"
430,1,260,"RG","SE"
365,2,260,"RG","SE"
3,5,260,"RG","SE"
194,1,260,"RG","SE"
51,2,260,"RG","SE"
343,9,260,"RG","SE"
45,1,260,"RG","SE"
122,2,260,"RG","SE"
158,3,260,"RG","SE"
198,2,260,"RG","SE"
151,1,260,"RG","SE"
279,1,260,"RG","SE"
515,4,260,"RG","SE"
305,1,260,"RG","SE"
255,1,260,"RG","SE"
119,1,260,"RG","SE"
140,1,260,"RG","SE"
438,6,260,"RG","SE"
179,12,260,"RG","SE"
243,2,260,"RG","SE"
72,9,260,"RG","SE"
57,9,260,"RG","SE"
440,1,260,"RG","SE"
496,22,260,"RG","SE"
445,10,260,"RG","SE"
308,2,260,"RG","SE"
273,1,260,"RG","SE"
310,1,260,"RG","SE"
426,4,260,"RG","SE"
126,3,260,"RG","SE"
285,3,260,"RG","SE"
344,1,260,"RG","SE"
540,8,260,"RG","SE"
317,2,260,"RG","SE"
68,5,260,"RG","SE"
500,22,260,"RG","SE"
25,1,260,"RG","SE"
259,6,260,"RG","SE"
199,1,260,"RG","SE"
87,1,260,"RG","SE"
394,1,260,"RG","SE"
480,6,260,"RG","SE"
392,1,260,"RG","SE"
282,1,260,"RG","SE"
110,1,260,"RG","SE"
487,4,260,"RG","SE"
532,5,260,"RG","SE"
155,1,261,"RG","SE"
151,1,261,"RG","SE"
219,1,261,"RG","SE"
12,11,261,"RG","SE"
361,3,261,"RG","SE"
440,1,261,"RG","SE"
11,27,261,"RG","SE"
21,7,261,"RG","SE"
166,1,261,"RG","SE"
369,2,261,"RG","SE"
470,5,261,"RG","SE"
394,1,261,"RG","SE"
15,2,261,"RG","SE"
457,2,261,"RG","SE"
527,8,261,"RG","SE"
243,2,261,"RG","SE"
296,1,261,"RG","SE"
463,1,261,"RG","SE"
277,1,261,"RG","SE"
3,5,261,"RG","SE"
28,50,261,"RG","SE"
72,9,261,"RG","SE"
124,4,261,"RG","SE"
504,10,261,"RG","SE"
317,2,261,"RG","SE"
489,4,261,"RG","SE"
425,4,261,"RG","SE"
304,2,261,"RG","SE"
430,1,261,"RG","SE"
111,1,261,"RG","SE"
57,9,261,"RG","SE"
374,2,261,"RG","SE"
534,3,261,"RG","SE"
399,1,261,"RG","SE"
351,1,261,"RG","SE"
7,21,261,"RG","SE"
426,4,261,"RG","SE"
250,1,261,"RG","SE"
387,1,261,"RG","SE"
404,1,261,"RG","SE"
488,6,261,"RG","SE"
319,1,261,"RG","SE"
322,3,261,"RG","SE"
104,2,261,"RG","SE"
5,4,261,"RG","SE"
142,1,261,"RG","SE"
418,1,261,"RG","SE"
366,1,261,"RG","SE"
312,1,261,"RG","SE"
245,1,261,"RG","SE"
455,3,261,"RG","SE"
248,5,261,"RG","SE"
435,2,261,"RG","SE"
158,3,261,"RG","SE"
541,8,261,"RG","SE"
169,1,261,"RG","SE"
544,1,261,"RG","SE"
540,8,261,"RG","SE"
547,1,262,"RG","SE"
520,2,262,"RG","SE"
183,3,262,"RG","SE"
242,1,262,"RG","SE"
36,3,262,"RG","SE"
348,2,262,"RG","SE"
131,1,262,"RG","SE"
214,1,262,"RG","SE"
28,50,262,"RG","SE"
27,2,262,"RG","SE"
25,1,262,"RG","SE"
470,5,262,"RG","SE"
421,4,262,"RG","SE"
168,1,262,"RG","SE"
437,1,262,"RG","SE"
86,2,262,"RG","SE"
482,5,262,"RG","SE"
166,1,262,"RG","SE"
202,1,262,"RG","SE"
504,10,262,"RG","SE"
122,2,262,"RG","SE"
21,7,262,"RG","SE"
26,59,262,"RG","SE"
548,1,262,"RG","SE"
108,1,262,"RG","SE"
452,1,262,"RG","SE"
399,1,262,"RG","SE"
199,1,262,"RG","SE"
479,6,262,"RG","SE"
480,6,262,"RG","SE"
223,1,262,"RG","SE"
476,1,262,"RG","SE"
237,1,262,"RG","SE"
282,1,262,"RG","SE"
207,1,262,"RG","SE"
164,6,262,"RG","SE"
527,8,262,"RG","SE"
502,7,262,"RG","SE"
488,6,262,"RG","SE"
397,1,262,"RG","SE"
171,1,262,"RG","SE"
285,3,262,"RG","SE"
441,1,262,"RG","SE"
469,5,262,"RG","SE"
198,2,262,"RG","SE"
143,1,262,"RG","SE"
308,2,262,"RG","SE"
445,10,262,"RG","SE"
516,4,262,"RG","SE"
269,1,262,"RG","SE"
32,6,262,"RG","SE"
268,1,262,"RG","SE"
22,4,262,"RG","SE"
318,3,262,"RG","SE"
430,1,262,"RG","SE"
466,1,262,"RG","SE"
425,4,262,"RG","SE"
291,1,262,"RG","SE"
496,22,263,"RG","SE"
158,3,263,"RG","SE"
508,14,263,"RG","SE"
80,6,263,"RG","SE"
330,1,263,"RG","SE"
25,1,263,"RG","SE"
247,3,263,"RG","SE"
166,1,263,"RG","SE"
351,1,263,"RG","SE"
367,2,263,"RG","SE"
457,2,263,"RG","SE"
493,7,263,"RG","SE"
146,1,263,"RG","SE"
354,2,263,"RG","SE"
374,2,263,"RG","SE"
101,1,263,"RG","SE"
175,1,263,"RG","SE"
425,4,263,"RG","SE"
540,8,263,"RG","SE"
209,1,263,"RG","SE"
123,4,263,"RG","SE"
365,2,263,"RG","SE"
252,2,263,"RG","SE"
110,1,263,"RG","SE"
183,3,263,"RG","SE"
57,9,263,"RG","SE"
303,6,263,"RG","SE"
394,1,263,"RG","SE"
32,6,263,"RG","SE"
235,1,263,"RG","SE"
494,8,263,"RG","SE"
525,9,263,"RG","SE"
141,2,263,"RG","SE"
268,1,263,"RG","SE"
72,9,263,"RG","SE"
461,1,263,"RG","SE"
61,50,263,"RG","SE"
509,3,263,"RG","SE"
426,4,263,"RG","SE"
207,1,263,"RG","SE"
10,1,263,"RG","SE"
532,5,263,"RG","SE"
381,3,263,"RG","SE"
480,6,263,"RG","SE"
68,5,263,"RG","SE"
498,25,263,"RG","SE"
308,2,263,"RG","SE"
199,1,263,"RG","SE"
363,2,263,"RG","SE"
527,8,263,"RG","SE"
17,5,263,"RG","SE"
125,1,263,"RG","SE"
352,2,263,"RG","SE"
535,3,263,"RG","SE"
456,1,263,"RG","SE"
49,1,263,"RG","SE"
11,27,263,"RG","SE"
390,1,263,"RG","SE"
179,12,264,"RG","SE"
526,2,264,"RG","SE"
389,3,264,"RG","SE"
445,10,264,"RG","SE"
187,1,264,"RG","SE"
524,2,264,"RG","SE"
249,2,264,"RG","SE"
27,2,264,"RG","SE"
370,1,264,"RG","SE"
148,1,264,"RG","SE"
204,2,264,"RG","SE"
303,6,264,"RG","SE"
441,1,264,"RG","SE"
141,2,264,"RG","SE"
332,1,264,"RG","SE"
132,1,264,"RG","SE"
515,4,264,"RG","SE"
33,12,264,"RG","SE"
534,3,264,"RG","SE"
264,1,264,"RG","SE"
376,3,264,"RG","SE"
190,1,264,"RG","SE"
183,3,264,"RG","SE"
169,1,264,"RG","SE"
143,1,264,"RG","SE"
506,7,264,"RG","SE"
185,1,264,"RG","SE"
245,1,264,"RG","SE"
244,3,264,"RG","SE"
401,1,264,"RG","SE"
528,5,264,"RG","SE"
101,1,264,"RG","SE"
365,2,264,"RG","SE"
358,16,264,"RG","SE"
68,5,264,"RG","SE"
380,2,264,"RG","SE"
273,1,264,"RG","SE"
397,1,264,"RG","SE"
103,1,264,"RG","SE"
122,2,264,"RG","SE"
199,1,264,"RG","SE"
130,1,264,"RG","SE"
498,25,264,"RG","SE"
12,11,264,"RG","SE"
476,1,264,"RG","SE"
291,1,264,"RG","SE"
7,21,264,"RG","SE"
541,8,264,"RG","SE"
487,4,264,"RG","SE"
313,3,264,"RG","SE"
477,4,264,"RG","SE"
261,3,264,"RG","SE"
111,1,264,"RG","SE"
469,5,264,"RG","SE"
413,1,264,"RG","SE"
415,1,264,"RG","SE"
64,9,264,"RG","SE"
535,3,264,"RG","SE"
183,3,265,"RG","SE"
203,1,265,"RG","SE"
397,1,265,"RG","SE"
513,6,265,"RG","SE"
284,1,265,"RG","SE"
7,21,265,"RG","SE"
482,5,265,"RG","SE"
372,1,265,"RG","SE"
222,2,265,"RG","SE"
191,1,265,"RG","SE"
387,1,265,"RG","SE"
422,4,265,"RG","SE"
471,3,265,"RG","SE"
519,3,265,"RG","SE"
433,2,265,"RG","SE"
168,1,265,"RG","SE"
532,5,265,"RG","SE"
480,6,265,"RG","SE"
493,7,265,"RG","SE"
27,2,265,"RG","SE"
258,1,265,"RG","SE"
13,1,265,"RG","SE"
496,22,265,"RG","SE"
417,1,265,"RG","SE"
228,1,265,"RG","SE"
302,2,265,"RG","SE"
340,1,265,"RG","SE"
123,4,265,"RG","SE"
517,6,265,"RG","SE"
357,1,265,"RG","SE"
111,1,265,"RG","SE"
11,27,265,"RG","SE"
368,1,265,"RG","SE"
65,4,265,"RG","SE"
5,4,265,"RG","SE"
164,6,265,"RG","SE"
157,1,265,"RG","SE"
148,1,265,"RG","SE"
145,1,265,"RG","SE"
502,7,265,"RG","SE"
147,1,265,"RG","SE"
78,21,265,"RG","SE"
248,5,265,"RG","SE"
520,2,265,"RG","SE"
285,3,265,"RG","SE"
129,2,265,"RG","SE"
399,1,265,"RG","SE"
67,9,265,"RG","SE"
366,1,265,"RG","SE"
244,3,265,"RG","SE"
21,7,265,"RG","SE"
85,15,265,"RG","SE"
91,5,265,"RG","SE"
278,1,265,"RG","SE"
505,11,265,"RG","SE"
10,1,265,"RG","SE"
528,5,265,"RG","SE"
179,12,265,"RG","SE"
358,16,266,"RG","SE"
354,2,266,"RG","SE"
196,2,266,"RG","SE"
392,1,266,"RG","SE"
38,3,266,"RG","SE"
54,39,266,"RG","SE"
524,2,266,"RG","SE"
111,1,266,"RG","SE"
32,6,266,"RG","SE"
505,11,266,"RG","SE"
336,1,266,"RG","SE"
328,1,266,"RG","SE"
456,1,266,"RG","SE"
348,2,266,"RG","SE"
255,1,266,"RG","SE"
463,1,266,"RG","SE"
484,4,266,"RG","SE"
247,3,266,"RG","SE"
477,4,266,"RG","SE"
345,1,266,"RG","SE"
466,1,266,"RG","SE"
395,1,266,"RG","SE"
183,3,266,"RG","SE"
104,2,266,"RG","SE"
312,1,266,"RG","SE"
261,3,266,"RG","SE"
377,2,266,"RG","SE"
116,1,266,"RG","SE"
153,1,266,"RG","SE"
21,7,266,"RG","SE"
202,1,266,"RG","SE"
480,6,266,"RG","SE"
141,2,266,"RG","SE"
340,1,266,"RG","SE"
483,5,266,"RG","SE"
482,5,266,"RG","SE"
87,1,266,"RG","SE"
89,1,266,"RG","SE"
493,7,266,"RG","SE"
431,1,266,"RG","SE"
13,1,266,"RG","SE"
361,3,266,"RG","SE"
330,1,266,"RG","SE"
64,9,266,"RG","SE"
380,2,266,"RG","SE"
322,3,266,"RG","SE"
264,1,266,"RG","SE"
301,1,266,"RG","SE"
421,4,266,"RG","SE"
390,1,266,"RG","SE"
452,1,266,"RG","SE"
545,1,266,"RG","SE"
486,5,266,"RG","SE"
171,1,266,"RG","SE"
57,9,266,"RG","SE"
470,5,266,"RG","SE"
244,3,266,"RG","SE"
147,1,266,"RG","SE"
7,21,267,"RG","SE"
91,5,267,"RG","SE"
128,1,267,"RG","SE"
538,2,267,"RG","SE"
168,1,267,"RG","SE"
87,1,267,"RG","SE"
433,2,267,"RG","SE"
525,9,267,"RG","SE"
348,2,267,"RG","SE"
480,6,267,"RG","SE"
309,1,267,"RG","SE"
103,1,267,"RG","SE"
223,1,267,"RG","SE"
514,6,267,"RG","SE"
145,1,267,"RG","SE"
469,5,267,"RG","SE"
515,4,267,"RG","SE"
470,5,267,"RG","SE"
456,1,267,"RG","SE"
369,2,267,"RG","SE"
282,1,267,"RG","SE"
140,1,267,"RG","SE"
340,1,267,"RG","SE"
526,2,267,"RG","SE"
21,7,267,"RG","SE"
194,1,267,"RG","SE"
17,5,267,"RG","SE"
445,10,267,"RG","SE"
319,1,267,"RG","SE"
225,1,267,"RG","SE"
36,3,267,"RG","SE"
322,3,267,"RG","SE"
183,3,267,"RG","SE"
207,1,267,"RG","SE"
51,2,267,"RG","SE"
166,1,267,"RG","SE"
175,1,267,"RG","SE"
474,1,267,"RG","SE"
49,1,267,"RG","SE"
425,4,267,"RG","SE"
352,2,267,"RG","SE"
278,1,267,"RG","SE"
110,1,267,"RG","SE"
5,4,267,"RG","SE"
253,1,267,"RG","SE"
122,2,267,"RG","SE"
462,1,267,"RG","SE"
125,1,267,"RG","SE"
198,2,267,"RG","SE"
417,1,267,"RG","SE"
112,4,267,"RG","SE"
466,1,267,"RG","SE"
438,6,267,"RG","SE"
524,2,267,"RG","SE"
363,2,267,"RG","SE"
517,6,267,"RG","SE"
431,1,267,"RG","SE"
482,5,267,"RG","SE"
376,3,268,"RG","SE"
248,5,268,"RG","SE"
20,7,268,"RG","SE"
143,1,268,"RG","SE"
348,2,268,"RG","SE"
276,3,268,"RG","SE"
266,1,268,"RG","SE"
250,1,268,"RG","SE"
524,2,268,"RG","SE"
435,2,268,"RG","SE"
477,4,268,"RG","SE"
394,1,268,"RG","SE"
439,1,268,"RG","SE"
126,3,268,"RG","SE"
190,1,268,"RG","SE"
219,1,268,"RG","SE"
343,9,268,"RG","SE"
484,4,268,"RG","SE"
318,3,268,"RG","SE"
463,1,268,"RG","SE"
369,2,268,"RG","SE"
123,4,268,"RG","SE"
313,3,268,"RG","SE"
115,1,268,"RG","SE"
357,1,268,"RG","SE"
258,1,268,"RG","SE"
387,1,268,"RG","SE"
67,9,268,"RG","SE"
467,4,268,"RG","SE"
131,1,268,"RG","SE"
164,6,268,"RG","SE"
431,1,268,"RG","SE"
538,2,268,"RG","SE"
259,6,268,"RG","SE"
370,1,268,"RG","SE"
138,2,268,"RG","SE"
102,1,268,"RG","SE"
78,21,268,"RG","SE"
517,6,268,"RG","SE"
308,2,268,"RG","SE"
301,1,268,"RG","SE"
111,1,268,"RG","SE"
540,8,268,"RG","SE"
498,25,268,"RG","SE"
358,16,268,"RG","SE"
433,2,268,"RG","SE"
257,1,268,"RG","SE"
489,4,268,"RG","SE"
153,1,268,"RG","SE"
447,4,268,"RG","SE"
372,1,268,"RG","SE"
140,1,268,"RG","SE"
380,2,268,"RG","SE"
282,1,268,"RG","SE"
490,4,268,"RG","SE"
54,39,268,"RG","SE"
21,7,268,"RG","SE"
457,2,268,"RG","SE"
179,12,269,"RG","SE"
202,1,269,"RG","SE"
381,3,269,"RG","SE"
440,1,269,"RG","SE"
519,3,269,"RG","SE"
160,1,269,"RG","SE"
282,1,269,"RG","SE"
237,1,269,"RG","SE"
253,1,269,"RG","SE"
277,1,269,"RG","SE"
235,1,269,"RG","SE"
474,1,269,"RG","SE"
108,1,269,"RG","SE"
463,1,269,"RG","SE"
343,9,269,"RG","SE"
148,1,269,"RG","SE"
28,50,269,"RG","SE"
445,10,269,"RG","SE"
151,1,269,"RG","SE"
140,1,269,"RG","SE"
548,1,269,"RG","SE"
418,1,269,"RG","SE"
500,22,269,"RG","SE"
7,21,269,"RG","SE"
268,1,269,"RG","SE"
387,1,269,"RG","SE"
527,8,269,"RG","SE"
469,5,269,"RG","SE"
480,6,269,"RG","SE"
17,5,269,"RG","SE"
415,1,269,"RG","SE"
42,1,269,"RG","SE"
517,6,269,"RG","SE"
222,2,269,"RG","SE"
255,1,269,"RG","SE"
501,17,269,"RG","SE"
399,1,269,"RG","SE"
67,9,269,"RG","SE"
366,1,269,"RG","SE"
102,1,269,"RG","SE"
51,2,269,"RG","SE"
508,14,269,"RG","SE"
141,2,269,"RG","SE"
65,4,269,"RG","SE"
124,4,269,"RG","SE"
458,1,269,"RG","SE"
170,1,269,"RG","SE"
456,1,269,"RG","SE"
248,5,269,"RG","SE"
309,1,269,"RG","SE"
68,5,269,"RG","SE"
452,1,269,"RG","SE"
513,6,269,"RG","SE"
173,2,269,"RG","SE"
291,1,269,"RG","SE"
22,4,269,"RG","SE"
426,4,269,"RG","SE"
303,6,269,"RG","SE"
514,6,270,"RG","SE"
223,1,270,"RG","SE"
282,1,270,"RG","SE"
78,21,270,"RG","SE"
447,4,270,"RG","SE"
509,3,270,"RG","SE"
170,1,270,"RG","SE"
456,1,270,"RG","SE"
199,1,270,"RG","SE"
28,50,270,"RG","SE"
465,1,270,"RG","SE"
76,4,270,"RG","SE"
254,1,270,"RG","SE"
186,2,270,"RG","SE"
169,1,270,"RG","SE"
438,6,270,"RG","SE"
425,4,270,"RG","SE"
361,3,270,"RG","SE"
527,8,270,"RG","SE"
487,4,270,"RG","SE"
87,1,270,"RG","SE"
252,2,270,"RG","SE"
173,2,270,"RG","SE"
363,2,270,"RG","SE"
250,1,270,"RG","SE"
122,2,270,"RG","SE"
191,1,270,"RG","SE"
12,11,270,"RG","SE"
277,1,270,"RG","SE"
533,5,270,"RG","SE"
445,10,270,"RG","SE"
387,1,270,"RG","SE"
330,1,270,"RG","SE"
489,4,270,"RG","SE"
394,1,270,"RG","SE"
128,1,270,"RG","SE"
102,1,270,"RG","SE"
160,1,270,"RG","SE"
83,2,270,"RG","SE"
158,3,270,"RG","SE"
372,1,270,"RG","SE"
91,5,270,"RG","SE"
42,1,270,"RG","SE"
328,1,270,"RG","SE"
155,1,270,"RG","SE"
531,2,270,"RG","SE"
479,6,270,"RG","SE"
296,1,270,"RG","SE"
190,1,270,"RG","SE"
164,6,270,"RG","SE"
413,1,270,"RG","SE"
67,9,270,"RG","SE"
179,12,270,"RG","SE"
129,2,270,"RG","SE"
525,9,270,"RG","SE"
183,3,270,"RG","SE"
148,1,270,"RG","SE"
248,5,270,"RG","SE"
214,1,271,"RG","SE"
304,2,271,"RG","SE"
115,1,271,"RG","SE"
193,2,271,"RG","SE"
366,1,271,"RG","SE"
237,1,271,"RG","SE"
474,1,271,"RG","SE"
168,1,271,"RG","SE"
147,1,271,"RG","SE"
12,11,271,"RG","SE"
431,1,271,"RG","SE"
480,6,271,"RG","SE"
330,1,271,"RG","SE"
545,1,271,"RG","SE"
509,3,271,"RG","SE"
392,1,271,"RG","SE"
110,1,271,"RG","SE"
91,5,271,"RG","SE"
228,1,271,"RG","SE"
319,1,271,"RG","SE"
146,1,271,"RG","SE"
140,1,271,"RG","SE"
481,2,271,"RG","SE"
445,10,271,"RG","SE"
175,1,271,"RG","SE"
259,6,271,"RG","SE"
524,2,271,"RG","SE"
225,1,271,"RG","SE"
141,2,271,"RG","SE"
421,4,271,"RG","SE"
258,1,271,"RG","SE"
305,1,271,"RG","SE"
27,2,271,"RG","SE"
64,9,271,"RG","SE"
198,2,271,"RG","SE"
547,1,271,"RG","SE"
248,5,271,"RG","SE"
301,1,271,"RG","SE"
482,5,271,"RG","SE"
129,2,271,"RG","SE"
108,1,271,"RG","SE"
244,3,271,"RG","SE"
164,6,271,"RG","SE"
461,1,271,"RG","SE"
487,4,271,"RG","SE"
372,1,271,"RG","SE"
539,1,271,"RG","SE"
471,3,271,"RG","SE"
322,3,271,"RG","SE"
525,9,271,"RG","SE"
540,8,271,"RG","SE"
51,2,271,"RG","SE"
76,4,271,"RG","SE"
341,2,271,"RG","SE"
367,2,271,"RG","SE"
80,6,271,"RG","SE"
247,3,271,"RG","SE"
390,1,271,"RG","SE"
203,1,272,"RG","SE"
67,9,272,"RG","SE"
68,5,272,"RG","SE"
526,2,272,"RG","SE"
540,8,272,"RG","SE"
153,1,272,"RG","SE"
103,1,272,"RG","SE"
214,1,272,"RG","SE"
490,4,272,"RG","SE"
332,1,272,"RG","SE"
404,1,272,"RG","SE"
358,16,272,"RG","SE"
108,1,272,"RG","SE"
219,1,272,"RG","SE"
482,5,272,"RG","SE"
173,2,272,"RG","SE"
61,50,272,"RG","SE"
257,1,272,"RG","SE"
319,1,272,"RG","SE"
83,2,272,"RG","SE"
381,3,272,"RG","SE"
119,1,272,"RG","SE"
143,1,272,"RG","SE"
392,1,272,"RG","SE"
439,1,272,"RG","SE"
54,39,272,"RG","SE"
380,2,272,"RG","SE"
525,9,272,"RG","SE"
445,10,272,"RG","SE"
504,10,272,"RG","SE"
51,2,272,"RG","SE"
440,1,272,"RG","SE"
452,1,272,"RG","SE"
258,1,272,"RG","SE"
132,1,272,"RG","SE"
145,1,272,"RG","SE"
196,2,272,"RG","SE"
89,1,272,"RG","SE"
187,1,272,"RG","SE"
340,1,272,"RG","SE"
202,1,272,"RG","SE"
247,3,272,"RG","SE"
64,9,272,"RG","SE"
489,4,272,"RG","SE"
7,21,272,"RG","SE"
508,14,272,"RG","SE"
259,6,272,"RG","SE"
27,2,272,"RG","SE"
151,1,272,"RG","SE"
77,17,272,"RG","SE"
417,1,272,"RG","SE"
516,4,272,"RG","SE"
305,1,272,"RG","SE"
302,2,272,"RG","SE"
269,1,272,"RG","SE"
519,3,272,"RG","SE"
57,9,272,"RG","SE"
399,1,272,"RG","SE"
317,2,273,"RG","SE"
382,1,273,"RG","SE"
186,2,273,"RG","SE"
164,6,273,"RG","SE"
128,1,273,"RG","SE"
401,1,273,"RG","SE"
242,1,273,"RG","SE"
528,5,273,"RG","SE"
19,5,273,"RG","SE"
277,1,273,"RG","SE"
490,4,273,"RG","SE"
123,4,273,"RG","SE"
541,8,273,"RG","SE"
255,1,273,"RG","SE"
261,3,273,"RG","SE"
10,1,273,"RG","SE"
341,2,273,"RG","SE"
138,2,273,"RG","SE"
78,21,273,"RG","SE"
470,5,273,"RG","SE"
389,3,273,"RG","SE"
51,2,273,"RG","SE"
366,1,273,"RG","SE"
440,1,273,"RG","SE"
196,2,273,"RG","SE"
514,6,273,"RG","SE"
487,4,273,"RG","SE"
17,5,273,"RG","SE"
15,2,273,"RG","SE"
361,3,273,"RG","SE"
363,2,273,"RG","SE"
390,1,273,"RG","SE"
130,1,273,"RG","SE"
322,3,273,"RG","SE"
310,1,273,"RG","SE"
545,1,273,"RG","SE"
413,1,273,"RG","SE"
422,4,273,"RG","SE"
372,1,273,"RG","SE"
466,1,273,"RG","SE"
86,2,273,"RG","SE"
160,1,273,"RG","SE"
129,2,273,"RG","SE"
482,5,273,"RG","SE"
126,3,273,"RG","SE"
455,3,273,"RG","SE"
115,1,273,"RG","SE"
489,4,273,"RG","SE"
319,1,273,"RG","SE"
508,14,273,"RG","SE"
146,1,273,"RG","SE"
244,3,273,"RG","SE"
285,3,273,"RG","SE"
436,1,273,"RG","SE"
538,2,273,"RG","SE"
42,1,273,"RG","SE"
191,1,273,"RG","SE"
524,2,273,"RG","SE"
358,16,274,"RG","SE"
179,12,274,"RG","SE"
351,1,274,"RG","SE"
78,21,274,"RG","SE"
49,1,274,"RG","SE"
296,1,274,"RG","SE"
64,9,274,"RG","SE"
390,1,274,"RG","SE"
425,4,274,"RG","SE"
417,1,274,"RG","SE"
474,1,274,"RG","SE"
466,1,274,"RG","SE"
309,1,274,"RG","SE"
283,1,274,"RG","SE"
399,1,274,"RG","SE"
445,10,274,"RG","SE"
68,5,274,"RG","SE"
89,1,274,"RG","SE"
171,1,274,"RG","SE"
302,2,274,"RG","SE"
456,1,274,"RG","SE"
214,1,274,"RG","SE"
20,7,274,"RG","SE"
377,2,274,"RG","SE"
514,6,274,"RG","SE"
257,1,274,"RG","SE"
452,1,274,"RG","SE"
235,1,274,"RG","SE"
242,1,274,"RG","SE"
422,4,274,"RG","SE"
489,4,274,"RG","SE"
101,1,274,"RG","SE"
545,1,274,"RG","SE"
11,27,274,"RG","SE"
374,2,274,"RG","SE"
269,1,274,"RG","SE"
115,1,274,"RG","SE"
33,12,274,"RG","SE"
501,17,274,"RG","SE"
418,1,274,"RG","SE"
363,2,274,"RG","SE"
421,4,274,"RG","SE"
191,1,274,"RG","SE"
196,2,274,"RG","SE"
91,5,274,"RG","SE"
482,5,274,"RG","SE"
317,2,274,"RG","SE"
349,1,274,"RG","SE"
199,1,274,"RG","SE"
483,5,274,"RG","SE"
440,1,274,"RG","SE"
303,6,274,"RG","SE"
254,1,274,"RG","SE"
32,6,274,"RG","SE"
415,1,274,"RG","SE"
142,1,274,"RG","SE"
149,1,274,"RG","SE"
65,4,274,"RG","SE"
119,1,275,"RG","SE"
278,1,275,"RG","SE"
15,2,275,"RG","SE"
86,2,275,"RG","SE"
155,1,275,"RG","SE"
455,3,275,"RG","SE"
264,1,275,"RG","SE"
207,1,275,"RG","SE"
433,2,275,"RG","SE"
471,3,275,"RG","SE"
129,2,275,"RG","SE"
72,9,275,"RG","SE"
494,8,275,"RG","SE"
377,2,275,"RG","SE"
326,2,275,"RG","SE"
351,1,275,"RG","SE"
115,1,275,"RG","SE"
343,9,275,"RG","SE"
380,2,275,"RG","SE"
91,5,275,"RG","SE"
151,1,275,"RG","SE"
389,3,275,"RG","SE"
124,4,275,"RG","SE"
410,2,275,"RG","SE"
483,5,275,"RG","SE"
330,1,275,"RG","SE"
10,1,275,"RG","SE"
68,5,275,"RG","SE"
285,3,275,"RG","SE"
61,50,275,"RG","SE"
17,5,275,"RG","SE"
7,21,275,"RG","SE"
21,7,275,"RG","SE"
366,1,275,"RG","SE"
504,10,275,"RG","SE"
419,1,275,"RG","SE"
286,1,275,"RG","SE"
131,1,275,"RG","SE"
149,1,275,"RG","SE"
422,4,275,"RG","SE"
194,1,275,"RG","SE"
332,1,275,"RG","SE"
132,1,275,"RG","SE"
301,1,275,"RG","SE"
417,1,275,"RG","SE"
255,1,275,"RG","SE"
352,2,275,"RG","SE"
467,4,275,"RG","SE"
361,3,275,"RG","SE"
128,1,275,"RG","SE"
544,1,275,"RG","SE"
78,21,275,"RG","SE"
144,1,275,"RG","SE"
365,2,275,"RG","SE"
242,1,275,"RG","SE"
85,15,275,"RG","SE"
11,27,275,"RG","SE"
243,2,275,"RG","SE"
22,4,276,"RG","SE"
112,4,276,"RG","SE"
410,2,276,"RG","SE"
354,2,276,"RG","SE"
175,1,276,"RG","SE"
462,1,276,"RG","SE"
470,5,276,"RG","SE"
153,1,276,"RG","SE"
269,1,276,"RG","SE"
45,1,276,"RG","SE"
382,1,276,"RG","SE"
207,1,276,"RG","SE"
508,14,276,"RG","SE"
294,3,276,"RG","SE"
198,2,276,"RG","SE"
4,5,276,"RG","SE"
106,1,276,"RG","SE"
528,5,276,"RG","SE"
144,1,276,"RG","SE"
482,5,276,"RG","SE"
435,2,276,"RG","SE"
533,5,276,"RG","SE"
128,1,276,"RG","SE"
76,4,276,"RG","SE"
312,1,276,"RG","SE"
531,2,276,"RG","SE"
349,1,276,"RG","SE"
232,4,276,"RG","SE"
519,3,276,"RG","SE"
370,1,276,"RG","SE"
57,9,276,"RG","SE"
438,6,276,"RG","SE"
361,3,276,"RG","SE"
64,9,276,"RG","SE"
214,1,276,"RG","SE"
344,1,276,"RG","SE"
474,1,276,"RG","SE"
547,1,276,"RG","SE"
115,1,276,"RG","SE"
141,2,276,"RG","SE"
516,4,276,"RG","SE"
228,1,276,"RG","SE"
369,2,276,"RG","SE"
534,3,276,"RG","SE"
529,5,276,"RG","SE"
20,7,276,"RG","SE"
431,1,276,"RG","SE"
498,25,276,"RG","SE"
318,3,276,"RG","SE"
170,1,276,"RG","SE"
505,11,276,"RG","SE"
425,4,276,"RG","SE"
372,1,276,"RG","SE"
72,9,276,"RG","SE"
101,1,276,"RG","SE"
277,1,276,"RG","SE"
196,2,276,"RG","SE"
273,1,276,"RG","SE"
308,2,277,"RG","SE"
187,1,277,"RG","SE"
25,1,277,"RG","SE"
277,1,277,"RG","SE"
361,3,277,"RG","SE"
294,3,277,"RG","SE"
153,1,277,"RG","SE"
413,1,277,"RG","SE"
122,2,277,"RG","SE"
523,4,277,"RG","SE"
61,50,277,"RG","SE"
526,2,277,"RG","SE"
250,1,277,"RG","SE"
376,3,277,"RG","SE"
173,2,277,"RG","SE"
15,2,277,"RG","SE"
545,1,277,"RG","SE"
508,14,277,"RG","SE"
102,1,277,"RG","SE"
158,3,277,"RG","SE"
68,5,277,"RG","SE"
377,2,277,"RG","SE"
330,1,277,"RG","SE"
319,1,277,"RG","SE"
532,5,277,"RG","SE"
461,1,277,"RG","SE"
147,1,277,"RG","SE"
348,2,277,"RG","SE"
276,3,277,"RG","SE"
296,1,277,"RG","SE"
138,2,277,"RG","SE"
534,3,277,"RG","SE"
380,2,277,"RG","SE"
445,10,277,"RG","SE"
86,2,277,"RG","SE"
128,1,277,"RG","SE"
506,7,277,"RG","SE"
474,1,277,"RG","SE"
477,4,277,"RG","SE"
419,1,277,"RG","SE"
20,7,277,"RG","SE"
243,2,277,"RG","SE"
421,4,277,"RG","SE"
365,2,277,"RG","SE"
484,4,277,"RG","SE"
500,22,277,"RG","SE"
410,2,277,"RG","SE"
476,1,277,"RG","SE"
112,4,277,"RG","SE"
547,1,277,"RG","SE"
255,1,277,"RG","SE"
198,2,277,"RG","SE"
164,6,277,"RG","SE"
103,1,277,"RG","SE"
358,16,277,"RG","SE"
202,1,277,"RG","SE"
515,4,277,"RG","SE"
437,1,277,"RG","SE"
481,2,278,"RG","SE"
278,1,278,"RG","SE"
140,1,278,"RG","SE"
349,1,278,"RG","SE"
486,5,278,"RG","SE"
437,1,278,"RG","SE"
258,1,278,"RG","SE"
452,1,278,"RG","SE"
502,7,278,"RG","SE"
128,1,278,"RG","SE"
463,1,278,"RG","SE"
441,1,278,"RG","SE"
309,1,278,"RG","SE"
19,5,278,"RG","SE"
235,1,278,"RG","SE"
209,1,278,"RG","SE"
513,6,278,"RG","SE"
358,16,278,"RG","SE"
123,4,278,"RG","SE"
488,6,278,"RG","SE"
351,1,278,"RG","SE"
302,2,278,"RG","SE"
539,1,278,"RG","SE"
21,7,278,"RG","SE"
510,9,278,"RG","SE"
504,10,278,"RG","SE"
243,2,278,"RG","SE"
277,1,278,"RG","SE"
524,2,278,"RG","SE"
508,14,278,"RG","SE"
158,3,278,"RG","SE"
33,12,278,"RG","SE"
397,1,278,"RG","SE"
15,2,278,"RG","SE"
76,4,278,"RG","SE"
104,2,278,"RG","SE"
173,2,278,"RG","SE"
296,1,278,"RG","SE"
525,9,278,"RG","SE"
130,1,278,"RG","SE"
489,4,278,"RG","SE"
228,1,278,"RG","SE"
285,3,278,"RG","SE"
83,2,278,"RG","SE"
85,15,278,"RG","SE"
143,1,278,"RG","SE"
101,1,278,"RG","SE"
394,1,278,"RG","SE"
526,2,278,"RG","SE"
318,3,278,"RG","SE"
520,2,278,"RG","SE"
344,1,278,"RG","SE"
242,1,278,"RG","SE"
509,3,278,"RG","SE"
187,1,278,"RG","SE"
366,1,278,"RG","SE"
439,1,278,"RG","SE"
65,4,278,"RG","SE"
49,1,279,"RG","SE"
426,4,279,"RG","SE"
394,1,279,"RG","SE"
67,9,279,"RG","SE"
207,1,279,"RG","SE"
77,17,279,"RG","SE"
520,2,279,"RG","SE"
219,1,279,"RG","SE"
253,1,279,"RG","SE"
510,9,279,"RG","SE"
54,39,279,"RG","SE"
187,1,279,"RG","SE"
148,1,279,"RG","SE"
544,1,279,"RG","SE"
484,4,279,"RG","SE"
341,2,279,"RG","SE"
308,2,279,"RG","SE"
164,6,279,"RG","SE"
302,2,279,"RG","SE"
535,3,279,"RG","SE"
410,2,279,"RG","SE"
27,2,279,"RG","SE"
488,6,279,"RG","SE"
278,1,279,"RG","SE"
112,4,279,"RG","SE"
539,1,279,"RG","SE"
452,1,279,"RG","SE"
126,3,279,"RG","SE"
15,2,279,"RG","SE"
317,2,279,"RG","SE"
441,1,279,"RG","SE"
257,1,279,"RG","SE"
44,30,279,"RG","SE"
12,11,279,"RG","SE"
513,6,279,"RG","SE"
480,6,279,"RG","SE"
266,1,279,"RG","SE"
415,1,279,"RG","SE"
283,1,279,"RG","SE"
151,1,279,"RG","SE"
252,2,279,"RG","SE"
399,1,279,"RG","SE"
525,9,279,"RG","SE"
235,1,279,"RG","SE"
284,1,279,"RG","SE"
250,1,279,"RG","SE"
517,6,279,"RG","SE"
179,12,279,"RG","SE"
531,2,279,"RG","SE"
21,7,279,"RG","SE"
115,1,279,"RG","SE"
248,5,279,"RG","SE"
445,10,279,"RG","SE"
310,1,279,"RG","SE"
190,1,279,"RG","SE"
78,21,279,"RG","SE"
268,1,279,"RG","SE"
381,3,279,"RG","SE"
207,1,280,"RG","SE"
382,1,280,"RG","SE"
36,3,280,"RG","SE"
377,2,280,"RG","SE"
520,2,280,"RG","SE"
304,2,280,"RG","SE"
524,2,280,"RG","SE"
16,3,280,"RG","SE"
125,1,280,"RG","SE"
235,1,280,"RG","SE"
196,2,280,"RG","SE"
517,6,280,"RG","SE"
303,6,280,"RG","SE"
328,1,280,"RG","SE"
467,4,280,"RG","SE"
352,2,280,"RG","SE"
466,1,280,"RG","SE"
164,6,280,"RG","SE"
33,12,280,"RG","SE"
116,1,280,"RG","SE"
395,1,280,"RG","SE"
279,1,280,"RG","SE"
404,1,280,"RG","SE"
286,1,280,"RG","SE"
157,1,280,"RG","SE"
519,3,280,"RG","SE"
45,1,280,"RG","SE"
501,17,280,"RG","SE"
128,1,280,"RG","SE"
19,5,280,"RG","SE"
103,1,280,"RG","SE"
302,2,280,"RG","SE"
397,1,280,"RG","SE"
366,1,280,"RG","SE"
104,2,280,"RG","SE"
494,8,280,"RG","SE"
153,1,280,"RG","SE"
401,1,280,"RG","SE"
538,2,280,"RG","SE"
122,2,280,"RG","SE"
285,3,280,"RG","SE"
483,5,280,"RG","SE"
435,2,280,"RG","SE"
531,2,280,"RG","SE"
252,2,280,"RG","SE"
326,2,280,"RG","SE"
367,2,280,"RG","SE"
332,1,280,"RG","SE"
11,27,280,"RG","SE"
76,4,280,"RG","SE"
482,5,280,"RG","SE"
123,4,280,"RG","SE"
25,1,280,"RG","SE"
112,4,280,"RG","SE"
232,4,280,"RG","SE"
322,3,280,"RG","SE"
526,2,280,"RG","SE"
72,9,280,"RG","SE"
514,6,281,"RG","SE"
65,4,281,"RG","SE"
332,1,281,"RG","SE"
277,1,281,"RG","SE"
541,8,281,"RG","SE"
247,3,281,"RG","SE"
378,1,281,"RG","SE"
309,1,281,"RG","SE"
149,1,281,"RG","SE"
19,5,281,"RG","SE"
284,1,281,"RG","SE"
144,1,281,"RG","SE"
318,3,281,"RG","SE"
308,2,281,"RG","SE"
319,1,281,"RG","SE"
532,5,281,"RG","SE"
401,1,281,"RG","SE"
129,2,281,"RG","SE"
545,1,281,"RG","SE"
304,2,281,"RG","SE"
85,15,281,"RG","SE"
340,1,281,"RG","SE"
467,4,281,"RG","SE"
419,1,281,"RG","SE"
374,2,281,"RG","SE"
128,1,281,"RG","SE"
86,2,281,"RG","SE"
33,12,281,"RG","SE"
168,1,281,"RG","SE"
20,7,281,"RG","SE"
348,2,281,"RG","SE"
130,1,281,"RG","SE"
430,1,281,"RG","SE"
399,1,281,"RG","SE"
111,1,281,"RG","SE"
397,1,281,"RG","SE"
7,21,281,"RG","SE"
525,9,281,"RG","SE"
377,2,281,"RG","SE"
25,1,281,"RG","SE"
268,1,281,"RG","SE"
431,1,281,"RG","SE"
76,4,281,"RG","SE"
435,2,281,"RG","SE"
232,4,281,"RG","SE"
477,4,281,"RG","SE"
470,5,281,"RG","SE"
282,1,281,"RG","SE"
164,6,281,"RG","SE"
533,5,281,"RG","SE"
138,2,281,"RG","SE"
151,1,281,"RG","SE"
486,5,281,"RG","SE"
253,1,281,"RG","SE"
357,1,281,"RG","SE"
481,2,281,"RG","SE"
104,2,281,"RG","SE"
57,9,281,"RG","SE"
89,1,282,"RG","SE"
232,4,282,"RG","SE"
242,1,282,"RG","SE"
349,1,282,"RG","SE"
417,1,282,"RG","SE"
540,8,282,"RG","SE"
286,1,282,"RG","SE"
524,2,282,"RG","SE"
401,1,282,"RG","SE"
257,1,282,"RG","SE"
111,1,282,"RG","SE"
249,2,282,"RG","SE"
457,2,282,"RG","SE"
72,9,282,"RG","SE"
529,5,282,"RG","SE"
170,1,282,"RG","SE"
479,6,282,"RG","SE"
123,4,282,"RG","SE"
519,3,282,"RG","SE"
363,2,282,"RG","SE"
49,1,282,"RG","SE"
318,3,282,"RG","SE"
438,6,282,"RG","SE"
32,6,282,"RG","SE"
57,9,282,"RG","SE"
202,1,282,"RG","SE"
160,1,282,"RG","SE"
358,16,282,"RG","SE"
328,1,282,"RG","SE"
168,1,282,"RG","SE"
534,3,282,"RG","SE"
64,9,282,"RG","SE"
515,4,282,"RG","SE"
330,1,282,"RG","SE"
153,1,282,"RG","SE"
105,1,282,"RG","SE"
33,12,282,"RG","SE"
456,1,282,"RG","SE"
255,1,282,"RG","SE"
484,4,282,"RG","SE"
126,3,282,"RG","SE"
179,12,282,"RG","SE"
122,2,282,"RG","SE"
14,30,282,"RG","SE"
276,3,282,"RG","SE"
51,2,282,"RG","SE"
282,1,282,"RG","SE"
317,2,282,"RG","SE"
377,2,282,"RG","SE"
244,3,282,"RG","SE"
389,3,282,"RG","SE"
476,1,282,"RG","SE"
535,3,282,"RG","SE"
115,1,282,"RG","SE"
91,5,282,"RG","SE"
494,8,282,"RG","SE"
508,14,282,"RG","SE"
463,1,282,"RG","SE"
143,1,283,"RG","SE"
207,1,283,"RG","SE"
308,2,283,"RG","SE"
187,1,283,"RG","SE"
471,3,283,"RG","SE"
68,5,283,"RG","SE"
372,1,283,"RG","SE"
368,1,283,"RG","SE"
119,1,283,"RG","SE"
51,2,283,"RG","SE"
175,1,283,"RG","SE"
7,21,283,"RG","SE"
286,1,283,"RG","SE"
332,1,283,"RG","SE"
291,1,283,"RG","SE"
141,2,283,"RG","SE"
111,1,283,"RG","SE"
44,30,283,"RG","SE"
322,3,283,"RG","SE"
401,1,283,"RG","SE"
125,1,283,"RG","SE"
479,6,283,"RG","SE"
527,8,283,"RG","SE"
534,3,283,"RG","SE"
91,5,283,"RG","SE"
102,1,283,"RG","SE"
501,17,283,"RG","SE"
258,1,283,"RG","SE"
122,2,283,"RG","SE"
302,2,283,"RG","SE"
171,1,283,"RG","SE"
354,2,283,"RG","SE"
32,6,283,"RG","SE"
365,2,283,"RG","SE"
525,9,283,"RG","SE"
101,1,283,"RG","SE"
422,4,283,"RG","SE"
533,5,283,"RG","SE"
83,2,283,"RG","SE"
145,1,283,"RG","SE"
498,25,283,"RG","SE"
153,1,283,"RG","SE"
19,5,283,"RG","SE"
155,1,283,"RG","SE"
22,4,283,"RG","SE"
129,2,283,"RG","SE"
72,9,283,"RG","SE"
12,11,283,"RG","SE"
266,1,283,"RG","SE"
484,4,283,"RG","SE"
38,3,283,"RG","SE"
370,1,283,"RG","SE"
255,1,283,"RG","SE"
237,1,283,"RG","SE"
462,1,283,"RG","SE"
539,1,283,"RG","SE"
336,1,283,"RG","SE"
144,1,283,"RG","SE"
130,1,284,"RG","SE"
438,6,284,"RG","SE"
309,1,284,"RG","SE"
67,9,284,"RG","SE"
344,1,284,"RG","SE"
106,1,284,"RG","SE"
61,50,284,"RG","SE"
68,5,284,"RG","SE"
237,1,284,"RG","SE"
470,5,284,"RG","SE"
501,17,284,"RG","SE"
10,1,284,"RG","SE"
532,5,284,"RG","SE"
222,2,284,"RG","SE"
345,1,284,"RG","SE"
487,4,284,"RG","SE"
245,1,284,"RG","SE"
42,1,284,"RG","SE"
179,12,284,"RG","SE"
17,5,284,"RG","SE"
28,50,284,"RG","SE"
266,1,284,"RG","SE"
3,5,284,"RG","SE"
514,6,284,"RG","SE"
141,2,284,"RG","SE"
170,1,284,"RG","SE"
259,6,284,"RG","SE"
506,7,284,"RG","SE"
535,3,284,"RG","SE"
110,1,284,"RG","SE"
510,9,284,"RG","SE"
291,1,284,"RG","SE"
463,1,284,"RG","SE"
146,1,284,"RG","SE"
247,3,284,"RG","SE"
500,22,284,"RG","SE"
394,1,284,"RG","SE"
143,1,284,"RG","SE"
15,2,284,"RG","SE"
357,1,284,"RG","SE"
519,3,284,"RG","SE"
496,22,284,"RG","SE"
367,2,284,"RG","SE"
312,1,284,"RG","SE"
105,1,284,"RG","SE"
80,6,284,"RG","SE"
539,1,284,"RG","SE"
202,1,284,"RG","SE"
124,4,284,"RG","SE"
490,4,284,"RG","SE"
304,2,284,"RG","SE"
283,1,284,"RG","SE"
349,1,284,"RG","SE"
531,2,284,"RG","SE"
302,2,284,"RG","SE"
173,2,284,"RG","SE"
534,3,284,"RG","SE"
441,1,284,"RG","SE"
330,1,285,"RG","SE"
72,9,285,"RG","SE"
419,1,285,"RG","SE"
146,1,285,"RG","SE"
160,1,285,"RG","SE"
126,3,285,"RG","SE"
474,1,285,"RG","SE"
447,4,285,"RG","SE"
245,1,285,"RG","SE"
141,2,285,"RG","SE"
421,4,285,"RG","SE"
278,1,285,"RG","SE"
302,2,285,"RG","SE"
377,2,285,"RG","SE"
392,1,285,"RG","SE"
305,1,285,"RG","SE"
148,1,285,"RG","SE"
91,5,285,"RG","SE"
10,1,285,"RG","SE"
372,1,285,"RG","SE"
89,1,285,"RG","SE"
363,2,285,"RG","SE"
376,3,285,"RG","SE"
357,1,285,"RG","SE"
370,1,285,"RG","SE"
105,1,285,"RG","SE"
502,7,285,"RG","SE"
533,5,285,"RG","SE"
390,1,285,"RG","SE"
194,1,285,"RG","SE"
144,1,285,"RG","SE"
461,1,285,"RG","SE"
524,2,285,"RG","SE"
441,1,285,"RG","SE"
15,2,285,"RG","SE"
488,6,285,"RG","SE"
514,6,285,"RG","SE"
166,1,285,"RG","SE"
529,5,285,"RG","SE"
87,1,285,"RG","SE"
255,1,285,"RG","SE"
326,2,285,"RG","SE"
389,3,285,"RG","SE"
168,1,285,"RG","SE"
51,2,285,"RG","SE"
437,1,285,"RG","SE"
285,3,285,"RG","SE"
269,1,285,"RG","SE"
410,2,285,"RG","SE"
466,1,285,"RG","SE"
252,2,285,"RG","SE"
286,1,285,"RG","SE"
61,50,285,"RG","SE"
308,2,285,"RG","SE"
445,10,285,"RG","SE"
196,2,285,"RG","SE"
435,2,285,"RG","SE"
277,1,285,"RG","SE"
296,1,286,"RG","SE"
142,1,286,"RG","SE"
516,4,286,"RG","SE"
469,5,286,"RG","SE"
25,1,286,"RG","SE"
91,5,286,"RG","SE"
199,1,286,"RG","SE"
418,1,286,"RG","SE"
173,2,286,"RG","SE"
438,6,286,"RG","SE"
171,1,286,"RG","SE"
51,2,286,"RG","SE"
268,1,286,"RG","SE"
483,5,286,"RG","SE"
283,1,286,"RG","SE"
319,1,286,"RG","SE"
488,6,286,"RG","SE"
361,3,286,"RG","SE"
196,2,286,"RG","SE"
317,2,286,"RG","SE"
500,22,286,"RG","SE"
54,39,286,"RG","SE"
17,5,286,"RG","SE"
108,1,286,"RG","SE"
12,11,286,"RG","SE"
471,3,286,"RG","SE"
529,5,286,"RG","SE"
4,5,286,"RG","SE"
430,1,286,"RG","SE"
322,3,286,"RG","SE"
332,1,286,"RG","SE"
340,1,286,"RG","SE"
194,1,286,"RG","SE"
465,1,286,"RG","SE"
257,1,286,"RG","SE"
141,2,286,"RG","SE"
539,1,286,"RG","SE"
129,2,286,"RG","SE"
328,1,286,"RG","SE"
392,1,286,"RG","SE"
517,6,286,"RG","SE"
80,6,286,"RG","SE"
185,1,286,"RG","SE"
504,10,286,"RG","SE"
278,1,286,"RG","SE"
440,1,286,"RG","SE"
528,5,286,"RG","SE"
115,1,286,"RG","SE"
28,50,286,"RG","SE"
249,2,286,"RG","SE"
313,3,286,"RG","SE"
13,1,286,"RG","SE"
527,8,286,"RG","SE"
22,4,286,"RG","SE"
341,2,286,"RG","SE"
526,2,286,"RG","SE"
169,1,286,"RG","SE"
247,3,286,"RG","SE"
382,1,287,"RG","SE"
538,2,287,"RG","SE"
146,1,287,"RG","SE"
209,1,287,"RG","SE"
317,2,287,"RG","SE"
279,1,287,"RG","SE"
198,2,287,"RG","SE"
461,1,287,"RG","SE"
27,2,287,"RG","SE"
539,1,287,"RG","SE"
45,1,287,"RG","SE"
258,1,287,"RG","SE"
330,1,287,"RG","SE"
437,1,287,"RG","SE"
115,1,287,"RG","SE"
480,6,287,"RG","SE"
266,1,287,"RG","SE"
496,22,287,"RG","SE"
500,22,287,"RG","SE"
273,1,287,"RG","SE"
401,1,287,"RG","SE"
131,1,287,"RG","SE"
483,5,287,"RG","SE"
253,1,287,"RG","SE"
425,4,287,"RG","SE"
11,27,287,"RG","SE"
21,7,287,"RG","SE"
392,1,287,"RG","SE"
476,1,287,"RG","SE"
278,1,287,"RG","SE"
128,1,287,"RG","SE"
155,1,287,"RG","SE"
204,2,287,"RG","SE"
519,3,287,"RG","SE"
365,2,287,"RG","SE"
22,4,287,"RG","SE"
328,1,287,"RG","SE"
490,4,287,"RG","SE"
361,3,287,"RG","SE"
170,1,287,"RG","SE"
83,2,287,"RG","SE"
148,1,287,"RG","SE"
531,2,287,"RG","SE"
283,1,287,"RG","SE"
36,3,287,"RG","SE"
322,3,287,"RG","SE"
352,2,287,"RG","SE"
122,2,287,"RG","SE"
540,8,287,"RG","SE"
467,4,287,"RG","SE"
354,2,287,"RG","SE"
516,4,287,"RG","SE"
415,1,287,"RG","SE"
64,9,287,"RG","SE"
86,2,287,"RG","SE"
457,2,287,"RG","SE"
129,2,287,"RG","SE"
493,7,287,"RG","SE"
498,25,288,"RG","SE"
128,1,288,"RG","SE"
10,1,288,"RG","SE"
38,3,288,"RG","SE"
395,1,288,"RG","SE"
502,7,288,"RG","SE"
123,4,288,"RG","SE"
175,1,288,"RG","SE"
380,2,288,"RG","SE"
32,6,288,"RG","SE"
528,5,288,"RG","SE"
527,8,288,"RG","SE"
168,1,288,"RG","SE"
389,3,288,"RG","SE"
77,17,288,"RG","SE"
374,2,288,"RG","SE"
523,4,288,"RG","SE"
508,14,288,"RG","SE"
477,4,288,"RG","SE"
514,6,288,"RG","SE"
317,2,288,"RG","SE"
533,5,288,"RG","SE"
26,59,288,"RG","SE"
279,1,288,"RG","SE"
470,5,288,"RG","SE"
483,5,288,"RG","SE"
479,6,288,"RG","SE"
7,21,288,"RG","SE"
191,1,288,"RG","SE"
447,4,288,"RG","SE"
349,1,288,"RG","SE"
145,1,288,"RG","SE"
183,3,288,"RG","SE"
352,2,288,"RG","SE"
510,9,288,"RG","SE"
415,1,288,"RG","SE"
204,2,288,"RG","SE"
544,1,288,"RG","SE"
305,1,288,"RG","SE"
125,1,288,"RG","SE"
489,4,288,"RG","SE"
158,3,288,"RG","SE"
64,9,288,"RG","SE"
516,4,288,"RG","SE"
517,6,288,"RG","SE"
282,1,288,"RG","SE"
506,7,288,"RG","SE"
33,12,288,"RG","SE"
354,2,288,"RG","SE"
465,1,288,"RG","SE"
11,27,288,"RG","SE"
202,1,288,"RG","SE"
259,6,288,"RG","SE"
28,50,288,"RG","SE"
68,5,288,"RG","SE"
102,1,288,"RG","SE"
545,1,288,"RG","SE"
27,2,288,"RG","SE"
153,1,289,"RG","SE"
284,1,289,"RG","SE"
111,1,289,"RG","SE"
401,1,289,"RG","SE"
285,3,289,"RG","SE"
243,2,289,"RG","SE"
426,4,289,"RG","SE"
64,9,289,"RG","SE"
374,2,289,"RG","SE"
291,1,289,"RG","SE"
367,2,289,"RG","SE"
144,1,289,"RG","SE"
257,1,289,"RG","SE"
433,2,289,"RG","SE"
19,5,289,"RG","SE"
440,1,289,"RG","SE"
42,1,289,"RG","SE"
361,3,289,"RG","SE"
149,1,289,"RG","SE"
466,1,289,"RG","SE"
439,1,289,"RG","SE"
455,3,289,"RG","SE"
91,5,289,"RG","SE"
365,2,289,"RG","SE"
382,1,289,"RG","SE"
486,5,289,"RG","SE"
143,1,289,"RG","SE"
476,1,289,"RG","SE"
22,4,289,"RG","SE"
399,1,289,"RG","SE"
232,4,289,"RG","SE"
547,1,289,"RG","SE"
198,2,289,"RG","SE"
545,1,289,"RG","SE"
194,1,289,"RG","SE"
302,2,289,"RG","SE"
351,1,289,"RG","SE"
312,1,289,"RG","SE"
223,1,289,"RG","SE"
481,2,289,"RG","SE"
392,1,289,"RG","SE"
479,6,289,"RG","SE"
140,1,289,"RG","SE"
370,1,289,"RG","SE"
296,1,289,"RG","SE"
202,1,289,"RG","SE"
376,3,289,"RG","SE"
72,9,289,"RG","SE"
487,4,289,"RG","SE"
366,1,289,"RG","SE"
193,2,289,"RG","SE"
138,2,289,"RG","SE"
258,1,289,"RG","SE"
148,1,289,"RG","SE"
301,1,289,"RG","SE"
496,22,289,"RG","SE"
437,1,289,"RG","SE"
381,3,289,"RG","SE"
54,39,290,"RG","SE"
285,3,290,"RG","SE"
5,4,290,"RG","SE"
219,1,290,"RG","SE"
540,8,290,"RG","SE"
538,2,290,"RG","SE"
168,1,290,"RG","SE"
470,5,290,"RG","SE"
193,2,290,"RG","SE"
486,5,290,"RG","SE"
514,6,290,"RG","SE"
341,2,290,"RG","SE"
365,2,290,"RG","SE"
112,4,290,"RG","SE"
367,2,290,"RG","SE"
103,1,290,"RG","SE"
528,5,290,"RG","SE"
115,1,290,"RG","SE"
105,1,290,"RG","SE"
147,1,290,"RG","SE"
483,5,290,"RG","SE"
124,4,290,"RG","SE"
149,1,290,"RG","SE"
111,1,290,"RG","SE"
283,1,290,"RG","SE"
22,4,290,"RG","SE"
252,2,290,"RG","SE"
509,3,290,"RG","SE"
12,11,290,"RG","SE"
456,1,290,"RG","SE"
164,6,290,"RG","SE"
253,1,290,"RG","SE"
535,3,290,"RG","SE"
235,1,290,"RG","SE"
533,5,290,"RG","SE"
173,2,290,"RG","SE"
524,2,290,"RG","SE"
196,2,290,"RG","SE"
26,59,290,"RG","SE"
51,2,290,"RG","SE"
102,1,290,"RG","SE"
372,1,290,"RG","SE"
284,1,290,"RG","SE"
49,1,290,"RG","SE"
480,6,290,"RG","SE"
125,1,290,"RG","SE"
358,16,290,"RG","SE"
301,1,290,"RG","SE"
418,1,290,"RG","SE"
237,1,290,"RG","SE"
317,2,290,"RG","SE"
465,1,290,"RG","SE"
523,4,290,"RG","SE"
130,1,290,"RG","SE"
366,1,290,"RG","SE"
348,2,290,"RG","SE"
340,1,290,"RG","SE"
209,1,290,"RG","SE"
421,4,291,"RG","SE"
141,2,291,"RG","SE"
502,7,291,"RG","SE"
381,3,291,"RG","SE"
515,4,291,"RG","SE"
269,1,291,"RG","SE"
487,4,291,"RG","SE"
278,1,291,"RG","SE"
390,1,291,"RG","SE"
42,1,291,"RG","SE"
158,3,291,"RG","SE"
160,1,291,"RG","SE"
541,8,291,"RG","SE"
437,1,291,"RG","SE"
510,9,291,"RG","SE"
517,6,291,"RG","SE"
394,1,291,"RG","SE"
477,4,291,"RG","SE"
302,2,291,"RG","SE"
131,1,291,"RG","SE"
309,1,291,"RG","SE"
266,1,291,"RG","SE"
363,2,291,"RG","SE"
219,1,291,"RG","SE"
124,4,291,"RG","SE"
25,1,291,"RG","SE"
248,5,291,"RG","SE"
527,8,291,"RG","SE"
370,1,291,"RG","SE"
330,1,291,"RG","SE"
144,1,291,"RG","SE"
255,1,291,"RG","SE"
447,4,291,"RG","SE"
209,1,291,"RG","SE"
285,3,291,"RG","SE"
410,2,291,"RG","SE"
110,1,291,"RG","SE"
310,1,291,"RG","SE"
164,6,291,"RG","SE"
119,1,291,"RG","SE"
223,1,291,"RG","SE"
191,1,291,"RG","SE"
368,1,291,"RG","SE"
490,4,291,"RG","SE"
249,2,291,"RG","SE"
11,27,291,"RG","SE"
44,30,291,"RG","SE"
529,5,291,"RG","SE"
225,1,291,"RG","SE"
19,5,291,"RG","SE"
380,2,291,"RG","SE"
130,1,291,"RG","SE"
458,1,291,"RG","SE"
27,2,291,"RG","SE"
291,1,291,"RG","SE"
166,1,291,"RG","SE"
506,7,291,"RG","SE"
3,5,291,"RG","SE"
348,2,292,"RG","SE"
461,1,292,"RG","SE"
143,1,292,"RG","SE"
469,5,292,"RG","SE"
148,1,292,"RG","SE"
119,1,292,"RG","SE"
273,1,292,"RG","SE"
259,6,292,"RG","SE"
123,4,292,"RG","SE"
45,1,292,"RG","SE"
110,1,292,"RG","SE"
309,1,292,"RG","SE"
12,11,292,"RG","SE"
15,2,292,"RG","SE"
341,2,292,"RG","SE"
519,3,292,"RG","SE"
80,6,292,"RG","SE"
462,1,292,"RG","SE"
394,1,292,"RG","SE"
531,2,292,"RG","SE"
202,1,292,"RG","SE"
533,5,292,"RG","SE"
191,1,292,"RG","SE"
140,1,292,"RG","SE"
488,6,292,"RG","SE"
223,1,292,"RG","SE"
392,1,292,"RG","SE"
13,1,292,"RG","SE"
77,17,292,"RG","SE"
354,2,292,"RG","SE"
540,8,292,"RG","SE"
130,1,292,"RG","SE"
467,4,292,"RG","SE"
417,1,292,"RG","SE"
425,4,292,"RG","SE"
344,1,292,"RG","SE"
145,1,292,"RG","SE"
372,1,292,"RG","SE"
19,5,292,"RG","SE"
545,1,292,"RG","SE"
547,1,292,"RG","SE"
54,39,292,"RG","SE"
228,1,292,"RG","SE"
532,5,292,"RG","SE"
470,5,292,"RG","SE"
441,1,292,"RG","SE"
317,2,292,"RG","SE"
368,1,292,"RG","SE"
61,50,292,"RG","SE"
252,2,292,"RG","SE"
214,1,292,"RG","SE"
305,1,292,"RG","SE"
72,9,292,"RG","SE"
430,1,292,"RG","SE"
169,1,292,"RG","SE"
387,1,292,"RG","SE"
516,4,292,"RG","SE"
479,6,292,"RG","SE"
45,1,293,"RG","SE"
5,4,293,"RG","SE"
219,1,293,"RG","SE"
523,4,293,"RG","SE"
470,5,293,"RG","SE"
372,1,293,"RG","SE"
235,1,293,"RG","SE"
374,2,293,"RG","SE"
132,1,293,"RG","SE"
418,1,293,"RG","SE"
496,22,293,"RG","SE"
367,2,293,"RG","SE"
232,4,293,"RG","SE"
487,4,293,"RG","SE"
168,1,293,"RG","SE"
392,1,293,"RG","SE"
462,1,293,"RG","SE"
166,1,293,"RG","SE"
500,22,293,"RG","SE"
514,6,293,"RG","SE"
294,3,293,"RG","SE"
438,6,293,"RG","SE"
91,5,293,"RG","SE"
421,4,293,"RG","SE"
273,1,293,"RG","SE"
15,2,293,"RG","SE"
261,3,293,"RG","SE"
308,2,293,"RG","SE"
471,3,293,"RG","SE"
532,5,293,"RG","SE"
76,4,293,"RG","SE"
447,4,293,"RG","SE"
179,12,293,"RG","SE"
474,1,293,"RG","SE"
143,1,293,"RG","SE"
170,1,293,"RG","SE"
310,1,293,"RG","SE"
390,1,293,"RG","SE"
502,7,293,"RG","SE"
513,6,293,"RG","SE"
194,1,293,"RG","SE"
202,1,293,"RG","SE"
255,1,293,"RG","SE"
463,1,293,"RG","SE"
285,3,293,"RG","SE"
461,1,293,"RG","SE"
348,2,293,"RG","SE"
258,1,293,"RG","SE"
533,5,293,"RG","SE"
4,5,293,"RG","SE"
452,1,293,"RG","SE"
83,2,293,"RG","SE"
185,1,293,"RG","SE"
381,3,293,"RG","SE"
12,11,293,"RG","SE"
541,8,293,"RG","SE"
458,1,293,"RG","SE"
207,1,293,"RG","SE"
399,1,294,"RG","SE"
268,1,294,"RG","SE"
67,9,294,"RG","SE"
187,1,294,"RG","SE"
157,1,294,"RG","SE"
514,6,294,"RG","SE"
17,5,294,"RG","SE"
312,1,294,"RG","SE"
294,3,294,"RG","SE"
344,1,294,"RG","SE"
368,1,294,"RG","SE"
488,6,294,"RG","SE"
155,1,294,"RG","SE"
261,3,294,"RG","SE"
547,1,294,"RG","SE"
462,1,294,"RG","SE"
254,1,294,"RG","SE"
64,9,294,"RG","SE"
505,11,294,"RG","SE"
535,3,294,"RG","SE"
235,1,294,"RG","SE"
259,6,294,"RG","SE"
377,2,294,"RG","SE"
437,1,294,"RG","SE"
309,1,294,"RG","SE"
283,1,294,"RG","SE"
354,2,294,"RG","SE"
153,1,294,"RG","SE"
199,1,294,"RG","SE"
85,15,294,"RG","SE"
382,1,294,"RG","SE"
545,1,294,"RG","SE"
476,1,294,"RG","SE"
425,4,294,"RG","SE"
250,1,294,"RG","SE"
381,3,294,"RG","SE"
169,1,294,"RG","SE"
122,2,294,"RG","SE"
301,1,294,"RG","SE"
115,1,294,"RG","SE"
496,22,294,"RG","SE"
91,5,294,"RG","SE"
440,1,294,"RG","SE"
273,1,294,"RG","SE"
326,2,294,"RG","SE"
363,2,294,"RG","SE"
266,1,294,"RG","SE"
508,14,294,"RG","SE"
526,2,294,"RG","SE"
387,1,294,"RG","SE"
461,1,294,"RG","SE"
12,11,294,"RG","SE"
548,1,294,"RG","SE"
252,2,294,"RG","SE"
249,2,294,"RG","SE"
22,4,294,"RG","SE"
257,1,294,"RG","SE"
11,27,294,"RG","SE"
108,1,295,"RG","SE"
513,6,295,"RG","SE"
278,1,295,"RG","SE"
15,2,295,"RG","SE"
389,3,295,"RG","SE"
158,3,295,"RG","SE"
370,1,295,"RG","SE"
471,3,295,"RG","SE"
254,1,295,"RG","SE"
143,1,295,"RG","SE"
141,2,295,"RG","SE"
76,4,295,"RG","SE"
78,21,295,"RG","SE"
395,1,295,"RG","SE"
458,1,295,"RG","SE"
80,6,295,"RG","SE"
344,1,295,"RG","SE"
524,2,295,"RG","SE"
115,1,295,"RG","SE"
153,1,295,"RG","SE"
131,1,295,"RG","SE"
112,4,295,"RG","SE"
3,5,295,"RG","SE"
166,1,295,"RG","SE"
404,1,295,"RG","SE"
252,2,295,"RG","SE"
532,5,295,"RG","SE"
183,3,295,"RG","SE"
148,1,295,"RG","SE"
51,2,295,"RG","SE"
474,1,295,"RG","SE"
65,4,295,"RG","SE"
332,1,295,"RG","SE"
223,1,295,"RG","SE"
145,1,295,"RG","SE"
484,4,295,"RG","SE"
245,1,295,"RG","SE"
261,3,295,"RG","SE"
138,2,295,"RG","SE"
318,3,295,"RG","SE"
494,8,295,"RG","SE"
284,1,295,"RG","SE"
173,2,295,"RG","SE"
168,1,295,"RG","SE"
255,1,295,"RG","SE"
348,2,295,"RG","SE"
179,12,295,"RG","SE"
465,1,295,"RG","SE"
417,1,295,"RG","SE"
538,2,295,"RG","SE"
247,3,295,"RG","SE"
101,1,295,"RG","SE"
496,22,295,"RG","SE"
302,2,295,"RG","SE"
363,2,295,"RG","SE"
249,2,295,"RG","SE"
544,1,295,"RG","SE"
77,17,295,"RG","SE"
548,1,296,"RG","SE"
190,1,296,"RG","SE"
481,2,296,"RG","SE"
257,1,296,"RG","SE"
186,2,296,"RG","SE"
401,1,296,"RG","SE"
57,9,296,"RG","SE"
147,1,296,"RG","SE"
404,1,296,"RG","SE"
222,2,296,"RG","SE"
480,6,296,"RG","SE"
377,2,296,"RG","SE"
141,2,296,"RG","SE"
27,2,296,"RG","SE"
317,2,296,"RG","SE"
509,3,296,"RG","SE"
266,1,296,"RG","SE"
547,1,296,"RG","SE"
115,1,296,"RG","SE"
328,1,296,"RG","SE"
479,6,296,"RG","SE"
252,2,296,"RG","SE"
514,6,296,"RG","SE"
466,1,296,"RG","SE"
202,1,296,"RG","SE"
83,2,296,"RG","SE"
67,9,296,"RG","SE"
185,1,296,"RG","SE"
179,12,296,"RG","SE"
363,2,296,"RG","SE"
358,16,296,"RG","SE"
319,1,296,"RG","SE"
250,1,296,"RG","SE"
502,7,296,"RG","SE"
483,5,296,"RG","SE"
415,1,296,"RG","SE"
49,1,296,"RG","SE"
166,1,296,"RG","SE"
91,5,296,"RG","SE"
61,50,296,"RG","SE"
318,3,296,"RG","SE"
455,3,296,"RG","SE"
506,7,296,"RG","SE"
344,1,296,"RG","SE"
140,1,296,"RG","SE"
421,4,296,"RG","SE"
253,1,296,"RG","SE"
392,1,296,"RG","SE"
155,1,296,"RG","SE"
145,1,296,"RG","SE"
312,1,296,"RG","SE"
130,1,296,"RG","SE"
361,3,296,"RG","SE"
436,1,296,"RG","SE"
86,2,296,"RG","SE"
17,5,296,"RG","SE"
394,1,296,"RG","SE"
525,9,296,"RG","SE"
317,2,297,"RG","SE"
426,4,297,"RG","SE"
16,3,297,"RG","SE"
533,5,297,"RG","SE"
309,1,297,"RG","SE"
310,1,297,"RG","SE"
110,1,297,"RG","SE"
547,1,297,"RG","SE"
415,1,297,"RG","SE"
322,3,297,"RG","SE"
457,2,297,"RG","SE"
77,17,297,"RG","SE"
463,1,297,"RG","SE"
514,6,297,"RG","SE"
20,7,297,"RG","SE"
458,1,297,"RG","SE"
372,1,297,"RG","SE"
28,50,297,"RG","SE"
439,1,297,"RG","SE"
158,3,297,"RG","SE"
477,4,297,"RG","SE"
394,1,297,"RG","SE"
348,2,297,"RG","SE"
465,1,297,"RG","SE"
301,1,297,"RG","SE"
119,1,297,"RG","SE"
102,1,297,"RG","SE"
25,1,297,"RG","SE"
471,3,297,"RG","SE"
279,1,297,"RG","SE"
349,1,297,"RG","SE"
490,4,297,"RG","SE"
369,2,297,"RG","SE"
21,7,297,"RG","SE"
377,2,297,"RG","SE"
319,1,297,"RG","SE"
527,8,297,"RG","SE"
171,1,297,"RG","SE"
103,1,297,"RG","SE"
32,6,297,"RG","SE"
65,4,297,"RG","SE"
418,1,297,"RG","SE"
169,1,297,"RG","SE"
204,2,297,"RG","SE"
368,1,297,"RG","SE"
243,2,297,"RG","SE"
244,3,297,"RG","SE"
129,2,297,"RG","SE"
433,2,297,"RG","SE"
104,2,297,"RG","SE"
222,2,297,"RG","SE"
366,1,297,"RG","SE"
425,4,297,"RG","SE"
505,11,297,"RG","SE"
164,6,297,"RG","SE"
85,15,297,"RG","SE"
17,5,297,"RG","SE"
155,1,297,"RG","SE"
57,9,298,"RG","SE"
330,1,298,"RG","SE"
138,2,298,"RG","SE"
419,1,298,"RG","SE"
456,1,298,"RG","SE"
125,1,298,"RG","SE"
490,4,298,"RG","SE"
83,2,298,"RG","SE"
124,4,298,"RG","SE"
345,1,298,"RG","SE"
249,2,298,"RG","SE"
363,2,298,"RG","SE"
304,2,298,"RG","SE"
32,6,298,"RG","SE"
469,5,298,"RG","SE"
49,1,298,"RG","SE"
501,17,298,"RG","SE"
243,2,298,"RG","SE"
539,1,298,"RG","SE"
341,2,298,"RG","SE"
193,2,298,"RG","SE"
470,5,298,"RG","SE"
351,1,298,"RG","SE"
445,10,298,"RG","SE"
242,1,298,"RG","SE"
422,4,298,"RG","SE"
119,1,298,"RG","SE"
303,6,298,"RG","SE"
85,15,298,"RG","SE"
101,1,298,"RG","SE"
11,27,298,"RG","SE"
67,9,298,"RG","SE"
279,1,298,"RG","SE"
494,8,298,"RG","SE"
440,1,298,"RG","SE"
158,3,298,"RG","SE"
126,3,298,"RG","SE"
106,1,298,"RG","SE"
509,3,298,"RG","SE"
33,12,298,"RG","SE"
203,1,298,"RG","SE"
235,1,298,"RG","SE"
286,1,298,"RG","SE"
439,1,298,"RG","SE"
545,1,298,"RG","SE"
129,2,298,"RG","SE"
447,4,298,"RG","SE"
194,1,298,"RG","SE"
142,1,298,"RG","SE"
401,1,298,"RG","SE"
354,2,298,"RG","SE"
525,9,298,"RG","SE"
519,3,298,"RG","SE"
319,1,298,"RG","SE"
377,2,298,"RG","SE"
86,2,298,"RG","SE"
392,1,298,"RG","SE"
214,1,298,"RG","SE"
326,2,299,"RG","SE"
249,2,299,"RG","SE"
145,1,299,"RG","SE"
302,2,299,"RG","SE"
345,1,299,"RG","SE"
390,1,299,"RG","SE"
15,2,299,"RG","SE"
20,7,299,"RG","SE"
111,1,299,"RG","SE"
19,5,299,"RG","SE"
313,3,299,"RG","SE"
16,3,299,"RG","SE"
361,3,299,"RG","SE"
433,2,299,"RG","SE"
199,1,299,"RG","SE"
465,1,299,"RG","SE"
158,3,299,"RG","SE"
304,2,299,"RG","SE"
171,1,299,"RG","SE"
439,1,299,"RG","SE"
410,2,299,"RG","SE"
148,1,299,"RG","SE"
225,1,299,"RG","SE"
147,1,299,"RG","SE"
149,1,299,"RG","SE"
381,3,299,"RG","SE"
21,7,299,"RG","SE"
129,2,299,"RG","SE"
102,1,299,"RG","SE"
285,3,299,"RG","SE"
248,5,299,"RG","SE"
223,1,299,"RG","SE"
357,1,299,"RG","SE"
418,1,299,"RG","SE"
365,2,299,"RG","SE"
343,9,299,"RG","SE"
452,1,299,"RG","SE"
157,1,299,"RG","SE"
130,1,299,"RG","SE"
237,1,299,"RG","SE"
504,10,299,"RG","SE"
422,4,299,"RG","SE"
477,4,299,"RG","SE"
467,4,299,"RG","SE"
140,1,299,"RG","SE"
524,2,299,"RG","SE"
519,3,299,"RG","SE"
480,6,299,"RG","SE"
166,1,299,"RG","SE"
138,2,299,"RG","SE"
374,2,299,"RG","SE"
151,1,299,"RG","SE"
462,1,299,"RG","SE"
482,5,299,"RG","SE"
257,1,299,"RG","SE"
22,4,299,"RG","SE"
487,4,299,"RG","SE"
253,1,299,"RG","SE"
269,1,300,"RG","SE"
467,4,300,"RG","SE"
119,1,300,"RG","SE"
223,1,300,"RG","SE"
198,2,300,"RG","SE"
157,1,300,"RG","SE"
140,1,300,"RG","SE"
527,8,300,"RG","SE"
352,2,300,"RG","SE"
437,1,300,"RG","SE"
532,5,300,"RG","SE"
344,1,300,"RG","SE"
132,1,300,"RG","SE"
155,1,300,"RG","SE"
484,4,300,"RG","SE"
282,1,300,"RG","SE"
470,5,300,"RG","SE"
67,9,300,"RG","SE"
399,1,300,"RG","SE"
4,5,300,"RG","SE"
13,1,300,"RG","SE"
153,1,300,"RG","SE"
273,1,300,"RG","SE"
209,1,300,"RG","SE"
439,1,300,"RG","SE"
519,3,300,"RG","SE"
436,1,300,"RG","SE"
533,5,300,"RG","SE"
14,30,300,"RG","SE"
435,2,300,"RG","SE"
64,9,300,"RG","SE"
242,1,300,"RG","SE"
36,3,300,"RG","SE"
502,7,300,"RG","SE"
340,1,300,"RG","SE"
380,2,300,"RG","SE"
441,1,300,"RG","SE"
367,2,300,"RG","SE"
345,1,300,"RG","SE"
515,4,300,"RG","SE"
462,1,300,"RG","SE"
417,1,300,"RG","SE"
28,50,300,"RG","SE"
461,1,300,"RG","SE"
466,1,300,"RG","SE"
191,1,300,"RG","SE"
185,1,300,"RG","SE"
301,1,300,"RG","SE"
365,2,300,"RG","SE"
202,1,300,"RG","SE"
404,1,300,"RG","SE"
538,2,300,"RG","SE"
469,5,300,"RG","SE"
419,1,300,"RG","SE"
257,1,300,"RG","SE"
105,1,300,"RG","SE"
504,10,300,"RG","SE"
541,8,300,"RG","SE"
484,4,301,"RG","SE"
112,4,301,"RG","SE"
33,12,301,"RG","SE"
202,1,301,"RG","SE"
26,59,301,"RG","SE"
276,3,301,"RG","SE"
387,1,301,"RG","SE"
422,4,301,"RG","SE"
193,2,301,"RG","SE"
4,5,301,"RG","SE"
413,1,301,"RG","SE"
105,1,301,"RG","SE"
125,1,301,"RG","SE"
313,3,301,"RG","SE"
358,16,301,"RG","SE"
219,1,301,"RG","SE"
108,1,301,"RG","SE"
319,1,301,"RG","SE"
482,5,301,"RG","SE"
222,2,301,"RG","SE"
415,1,301,"RG","SE"
42,1,301,"RG","SE"
10,1,301,"RG","SE"
138,2,301,"RG","SE"
310,1,301,"RG","SE"
502,7,301,"RG","SE"
527,8,301,"RG","SE"
490,4,301,"RG","SE"
417,1,301,"RG","SE"
471,3,301,"RG","SE"
89,1,301,"RG","SE"
532,5,301,"RG","SE"
259,6,301,"RG","SE"
132,1,301,"RG","SE"
480,6,301,"RG","SE"
151,1,301,"RG","SE"
436,1,301,"RG","SE"
441,1,301,"RG","SE"
351,1,301,"RG","SE"
116,1,301,"RG","SE"
488,6,301,"RG","SE"
237,1,301,"RG","SE"
13,1,301,"RG","SE"
245,1,301,"RG","SE"
509,3,301,"RG","SE"
25,1,301,"RG","SE"
523,4,301,"RG","SE"
328,1,301,"RG","SE"
191,1,301,"RG","SE"
326,2,301,"RG","SE"
61,50,301,"RG","SE"
164,6,301,"RG","SE"
149,1,301,"RG","SE"
128,1,301,"RG","SE"
548,1,301,"RG","SE"
410,2,301,"RG","SE"
249,2,301,"RG","SE"
129,2,301,"RG","SE"
16,3,302,"RG","SE"
390,1,302,"RG","SE"
25,1,302,"RG","SE"
14,30,302,"RG","SE"
438,6,302,"RG","SE"
222,2,302,"RG","SE"
257,1,302,"RG","SE"
170,1,302,"RG","SE"
498,25,302,"RG","SE"
372,1,302,"RG","SE"
187,1,302,"RG","SE"
285,3,302,"RG","SE"
203,1,302,"RG","SE"
291,1,302,"RG","SE"
526,2,302,"RG","SE"
186,2,302,"RG","SE"
45,1,302,"RG","SE"
483,5,302,"RG","SE"
302,2,302,"RG","SE"
345,1,302,"RG","SE"
377,2,302,"RG","SE"
401,1,302,"RG","SE"
431,1,302,"RG","SE"
86,2,302,"RG","SE"
309,1,302,"RG","SE"
155,1,302,"RG","SE"
49,1,302,"RG","SE"
476,1,302,"RG","SE"
544,1,302,"RG","SE"
527,8,302,"RG","SE"
12,11,302,"RG","SE"
3,5,302,"RG","SE"
426,4,302,"RG","SE"
19,5,302,"RG","SE"
122,2,302,"RG","SE"
461,1,302,"RG","SE"
214,1,302,"RG","SE"
477,4,302,"RG","SE"
126,3,302,"RG","SE"
296,1,302,"RG","SE"
437,1,302,"RG","SE"
305,1,302,"RG","SE"
510,9,302,"RG","SE"
441,1,302,"RG","SE"
493,7,302,"RG","SE"
357,1,302,"RG","SE"
284,1,302,"RG","SE"
87,1,302,"RG","SE"
72,9,302,"RG","SE"
168,1,302,"RG","SE"
248,5,302,"RG","SE"
199,1,302,"RG","SE"
190,1,302,"RG","SE"
54,39,302,"RG","SE"
366,1,302,"RG","SE"
490,4,302,"RG","SE"
11,27,302,"RG","SE"
505,11,302,"RG","SE"
493,7,303,"RG","SE"
112,4,303,"RG","SE"
17,5,303,"RG","SE"
194,1,303,"RG","SE"
144,1,303,"RG","SE"
312,1,303,"RG","SE"
437,1,303,"RG","SE"
534,3,303,"RG","SE"
277,1,303,"RG","SE"
175,1,303,"RG","SE"
116,1,303,"RG","SE"
170,1,303,"RG","SE"
269,1,303,"RG","SE"
348,2,303,"RG","SE"
65,4,303,"RG","SE"
5,4,303,"RG","SE"
185,1,303,"RG","SE"
310,1,303,"RG","SE"
305,1,303,"RG","SE"
104,2,303,"RG","SE"
374,2,303,"RG","SE"
38,3,303,"RG","SE"
225,1,303,"RG","SE"
83,2,303,"RG","SE"
313,3,303,"RG","SE"
64,9,303,"RG","SE"
395,1,303,"RG","SE"
76,4,303,"RG","SE"
278,1,303,"RG","SE"
425,4,303,"RG","SE"
302,2,303,"RG","SE"
426,4,303,"RG","SE"
441,1,303,"RG","SE"
232,4,303,"RG","SE"
199,1,303,"RG","SE"
539,1,303,"RG","SE"
304,2,303,"RG","SE"
146,1,303,"RG","SE"
341,2,303,"RG","SE"
237,1,303,"RG","SE"
319,1,303,"RG","SE"
250,1,303,"RG","SE"
528,5,303,"RG","SE"
264,1,303,"RG","SE"
13,1,303,"RG","SE"
261,3,303,"RG","SE"
119,1,303,"RG","SE"
44,30,303,"RG","SE"
151,1,303,"RG","SE"
78,21,303,"RG","SE"
370,1,303,"RG","SE"
502,7,303,"RG","SE"
389,3,303,"RG","SE"
145,1,303,"RG","SE"
266,1,303,"RG","SE"
440,1,303,"RG","SE"
32,6,303,"RG","SE"
332,1,303,"RG","SE"
452,1,304,"RG","SE"
273,1,304,"RG","SE"
415,1,304,"RG","SE"
484,4,304,"RG","SE"
301,1,304,"RG","SE"
111,1,304,"RG","SE"
291,1,304,"RG","SE"
390,1,304,"RG","SE"
89,1,304,"RG","SE"
447,4,304,"RG","SE"
544,1,304,"RG","SE"
144,1,304,"RG","SE"
279,1,304,"RG","SE"
276,3,304,"RG","SE"
5,4,304,"RG","SE"
243,2,304,"RG","SE"
140,1,304,"RG","SE"
278,1,304,"RG","SE"
354,2,304,"RG","SE"
247,3,304,"RG","SE"
235,1,304,"RG","SE"
222,2,304,"RG","SE"
358,16,304,"RG","SE"
461,1,304,"RG","SE"
303,6,304,"RG","SE"
65,4,304,"RG","SE"
490,4,304,"RG","SE"
421,4,304,"RG","SE"
540,8,304,"RG","SE"
72,9,304,"RG","SE"
147,1,304,"RG","SE"
277,1,304,"RG","SE"
365,2,304,"RG","SE"
471,3,304,"RG","SE"
185,1,304,"RG","SE"
20,7,304,"RG","SE"
489,4,304,"RG","SE"
328,1,304,"RG","SE"
116,1,304,"RG","SE"
474,1,304,"RG","SE"
123,4,304,"RG","SE"
377,2,304,"RG","SE"
143,1,304,"RG","SE"
36,3,304,"RG","SE"
61,50,304,"RG","SE"
131,1,304,"RG","SE"
42,1,304,"RG","SE"
106,1,304,"RG","SE"
363,2,304,"RG","SE"
504,10,304,"RG","SE"
517,6,304,"RG","SE"
381,3,304,"RG","SE"
187,1,304,"RG","SE"
26,59,304,"RG","SE"
477,4,304,"RG","SE"
68,5,304,"RG","SE"
266,1,304,"RG","SE"
232,4,304,"RG","SE"
322,3,305,"RG","SE"
438,6,305,"RG","SE"
340,1,305,"RG","SE"
348,2,305,"RG","SE"
302,2,305,"RG","SE"
474,1,305,"RG","SE"
535,3,305,"RG","SE"
243,2,305,"RG","SE"
110,1,305,"RG","SE"
471,3,305,"RG","SE"
146,1,305,"RG","SE"
5,4,305,"RG","SE"
369,2,305,"RG","SE"
387,1,305,"RG","SE"
286,1,305,"RG","SE"
255,1,305,"RG","SE"
68,5,305,"RG","SE"
269,1,305,"RG","SE"
142,1,305,"RG","SE"
493,7,305,"RG","SE"
283,1,305,"RG","SE"
144,1,305,"RG","SE"
190,1,305,"RG","SE"
122,2,305,"RG","SE"
85,15,305,"RG","SE"
296,1,305,"RG","SE"
72,9,305,"RG","SE"
476,1,305,"RG","SE"
510,9,305,"RG","SE"
479,6,305,"RG","SE"
490,4,305,"RG","SE"
209,1,305,"RG","SE"
426,4,305,"RG","SE"
222,2,305,"RG","SE"
86,2,305,"RG","SE"
367,2,305,"RG","SE"
519,3,305,"RG","SE"
389,3,305,"RG","SE"
169,1,305,"RG","SE"
351,1,305,"RG","SE"
3,5,305,"RG","SE"
119,1,305,"RG","SE"
528,5,305,"RG","SE"
51,2,305,"RG","SE"
303,6,305,"RG","SE"
101,1,305,"RG","SE"
128,1,305,"RG","SE"
310,1,305,"RG","SE"
545,1,305,"RG","SE"
484,4,305,"RG","SE"
378,1,305,"RG","SE"
457,2,305,"RG","SE"
77,17,305,"RG","SE"
430,1,305,"RG","SE"
148,1,305,"RG","SE"
115,1,305,"RG","SE"
245,1,305,"RG","SE"
439,1,305,"RG","SE"
68,5,306,"RG","SE"
157,1,306,"RG","SE"
175,1,306,"RG","SE"
399,1,306,"RG","SE"
490,4,306,"RG","SE"
258,1,306,"RG","SE"
64,9,306,"RG","SE"
15,2,306,"RG","SE"
219,1,306,"RG","SE"
529,5,306,"RG","SE"
357,1,306,"RG","SE"
322,3,306,"RG","SE"
80,6,306,"RG","SE"
481,2,306,"RG","SE"
302,2,306,"RG","SE"
476,1,306,"RG","SE"
138,2,306,"RG","SE"
51,2,306,"RG","SE"
225,1,306,"RG","SE"
185,1,306,"RG","SE"
279,1,306,"RG","SE"
261,3,306,"RG","SE"
266,1,306,"RG","SE"
269,1,306,"RG","SE"
42,1,306,"RG","SE"
26,59,306,"RG","SE"
419,1,306,"RG","SE"
148,1,306,"RG","SE"
456,1,306,"RG","SE"
36,3,306,"RG","SE"
259,6,306,"RG","SE"
441,1,306,"RG","SE"
222,2,306,"RG","SE"
358,16,306,"RG","SE"
155,1,306,"RG","SE"
27,2,306,"RG","SE"
191,1,306,"RG","SE"
471,3,306,"RG","SE"
519,3,306,"RG","SE"
493,7,306,"RG","SE"
318,3,306,"RG","SE"
147,1,306,"RG","SE"
143,1,306,"RG","SE"
305,1,306,"RG","SE"
433,2,306,"RG","SE"
14,30,306,"RG","SE"
545,1,306,"RG","SE"
354,2,306,"RG","SE"
486,5,306,"RG","SE"
89,1,306,"RG","SE"
482,5,306,"RG","SE"
344,1,306,"RG","SE"
480,6,306,"RG","SE"
126,3,306,"RG","SE"
523,4,306,"RG","SE"
501,17,306,"RG","SE"
304,2,306,"RG","SE"
509,3,306,"RG","SE"
474,1,307,"RG","SE"
22,4,307,"RG","SE"
242,1,307,"RG","SE"
202,1,307,"RG","SE"
126,3,307,"RG","SE"
525,9,307,"RG","SE"
80,6,307,"RG","SE"
77,17,307,"RG","SE"
390,1,307,"RG","SE"
252,2,307,"RG","SE"
89,1,307,"RG","SE"
493,7,307,"RG","SE"
319,1,307,"RG","SE"
193,2,307,"RG","SE"
112,4,307,"RG","SE"
345,1,307,"RG","SE"
378,1,307,"RG","SE"
445,10,307,"RG","SE"
111,1,307,"RG","SE"
173,2,307,"RG","SE"
123,4,307,"RG","SE"
237,1,307,"RG","SE"
151,1,307,"RG","SE"
301,1,307,"RG","SE"
452,1,307,"RG","SE"
368,1,307,"RG","SE"
528,5,307,"RG","SE"
513,6,307,"RG","SE"
160,1,307,"RG","SE"
508,14,307,"RG","SE"
264,1,307,"RG","SE"
54,39,307,"RG","SE"
440,1,307,"RG","SE"
381,3,307,"RG","SE"
526,2,307,"RG","SE"
198,2,307,"RG","SE"
76,4,307,"RG","SE"
132,1,307,"RG","SE"
125,1,307,"RG","SE"
467,4,307,"RG","SE"
243,2,307,"RG","SE"
437,1,307,"RG","SE"
148,1,307,"RG","SE"
5,4,307,"RG","SE"
44,30,307,"RG","SE"
168,1,307,"RG","SE"
28,50,307,"RG","SE"
144,1,307,"RG","SE"
374,2,307,"RG","SE"
489,4,307,"RG","SE"
308,2,307,"RG","SE"
228,1,307,"RG","SE"
20,7,307,"RG","SE"
207,1,307,"RG","SE"
249,2,307,"RG","SE"
261,3,307,"RG","SE"
223,1,307,"RG","SE"
348,2,307,"RG","SE"
516,4,308,"RG","SE"
143,1,308,"RG","SE"
529,5,308,"RG","SE"
457,2,308,"RG","SE"
242,1,308,"RG","SE"
232,4,308,"RG","SE"
282,1,308,"RG","SE"
15,2,308,"RG","SE"
209,1,308,"RG","SE"
190,1,308,"RG","SE"
326,2,308,"RG","SE"
202,1,308,"RG","SE"
345,1,308,"RG","SE"
171,1,308,"RG","SE"
19,5,308,"RG","SE"
106,1,308,"RG","SE"
340,1,308,"RG","SE"
401,1,308,"RG","SE"
510,9,308,"RG","SE"
494,8,308,"RG","SE"
318,3,308,"RG","SE"
278,1,308,"RG","SE"
540,8,308,"RG","SE"
539,1,308,"RG","SE"
481,2,308,"RG","SE"
301,1,308,"RG","SE"
219,1,308,"RG","SE"
410,2,308,"RG","SE"
341,2,308,"RG","SE"
436,1,308,"RG","SE"
247,3,308,"RG","SE"
264,1,308,"RG","SE"
474,1,308,"RG","SE"
11,27,308,"RG","SE"
67,9,308,"RG","SE"
214,1,308,"RG","SE"
33,12,308,"RG","SE"
433,2,308,"RG","SE"
173,2,308,"RG","SE"
397,1,308,"RG","SE"
486,5,308,"RG","SE"
144,1,308,"RG","SE"
506,7,308,"RG","SE"
14,30,308,"RG","SE"
395,1,308,"RG","SE"
277,1,308,"RG","SE"
394,1,308,"RG","SE"
425,4,308,"RG","SE"
119,1,308,"RG","SE"
404,1,308,"RG","SE"
147,1,308,"RG","SE"
476,1,308,"RG","SE"
222,2,308,"RG","SE"
505,11,308,"RG","SE"
490,4,308,"RG","SE"
170,1,308,"RG","SE"
105,1,308,"RG","SE"
399,1,308,"RG","SE"
209,1,309,"RG","SE"
122,2,309,"RG","SE"
330,1,309,"RG","SE"
328,1,309,"RG","SE"
185,1,309,"RG","SE"
435,2,309,"RG","SE"
345,1,309,"RG","SE"
445,10,309,"RG","SE"
357,1,309,"RG","SE"
124,4,309,"RG","SE"
463,1,309,"RG","SE"
535,3,309,"RG","SE"
415,1,309,"RG","SE"
470,5,309,"RG","SE"
126,3,309,"RG","SE"
279,1,309,"RG","SE"
76,4,309,"RG","SE"
458,1,309,"RG","SE"
526,2,309,"RG","SE"
348,2,309,"RG","SE"
352,2,309,"RG","SE"
336,1,309,"RG","SE"
222,2,309,"RG","SE"
111,1,309,"RG","SE"
490,4,309,"RG","SE"
183,3,309,"RG","SE"
539,1,309,"RG","SE"
173,2,309,"RG","SE"
115,1,309,"RG","SE"
301,1,309,"RG","SE"
436,1,309,"RG","SE"
313,3,309,"RG","SE"
54,39,309,"RG","SE"
145,1,309,"RG","SE"
259,6,309,"RG","SE"
36,3,309,"RG","SE"
286,1,309,"RG","SE"
22,4,309,"RG","SE"
19,5,309,"RG","SE"
25,1,309,"RG","SE"
169,1,309,"RG","SE"
148,1,309,"RG","SE"
404,1,309,"RG","SE"
5,4,309,"RG","SE"
237,1,309,"RG","SE"
199,1,309,"RG","SE"
219,1,309,"RG","SE"
533,5,309,"RG","SE"
312,1,309,"RG","SE"
367,2,309,"RG","SE"
494,8,309,"RG","SE"
291,1,309,"RG","SE"
77,17,309,"RG","SE"
273,1,309,"RG","SE"
516,4,309,"RG","SE"
187,1,309,"RG","SE"
268,1,309,"RG","SE"
57,9,309,"RG","SE"
399,1,310,"RG","SE"
129,2,310,"RG","SE"
36,3,310,"RG","SE"
513,6,310,"RG","SE"
44,30,310,"RG","SE"
170,1,310,"RG","SE"
524,2,310,"RG","SE"
223,1,310,"RG","SE"
318,3,310,"RG","SE"
278,1,310,"RG","SE"
196,2,310,"RG","SE"
526,2,310,"RG","SE"
330,1,310,"RG","SE"
269,1,310,"RG","SE"
89,1,310,"RG","SE"
502,7,310,"RG","SE"
461,1,310,"RG","SE"
10,1,310,"RG","SE"
104,2,310,"RG","SE"
480,6,310,"RG","SE"
242,1,310,"RG","SE"
80,6,310,"RG","SE"
305,1,310,"RG","SE"
119,1,310,"RG","SE"
366,1,310,"RG","SE"
273,1,310,"RG","SE"
463,1,310,"RG","SE"
14,30,310,"RG","SE"
378,1,310,"RG","SE"
12,11,310,"RG","SE"
131,1,310,"RG","SE"
433,2,310,"RG","SE"
538,2,310,"RG","SE"
64,9,310,"RG","SE"
157,1,310,"RG","SE"
509,3,310,"RG","SE"
455,3,310,"RG","SE"
395,1,310,"RG","SE"
365,2,310,"RG","SE"
517,6,310,"RG","SE"
413,1,310,"RG","SE"
19,5,310,"RG","SE"
535,3,310,"RG","SE"
381,3,310,"RG","SE"
158,3,310,"RG","SE"
514,6,310,"RG","SE"
505,11,310,"RG","SE"
179,12,310,"RG","SE"
328,1,310,"RG","SE"
147,1,310,"RG","SE"
279,1,310,"RG","SE"
462,1,310,"RG","SE"
532,5,310,"RG","SE"
232,4,310,"RG","SE"
421,4,310,"RG","SE"
358,16,310,"RG","SE"
266,1,310,"RG","SE"
247,3,310,"RG","SE"
545,1,311,"RG","SE"
158,3,311,"RG","SE"
345,1,311,"RG","SE"
539,1,311,"RG","SE"
370,1,311,"RG","SE"
366,1,311,"RG","SE"
515,4,311,"RG","SE"
228,1,311,"RG","SE"
505,11,311,"RG","SE"
381,3,311,"RG","SE"
426,4,311,"RG","SE"
438,6,311,"RG","SE"
147,1,311,"RG","SE"
502,7,311,"RG","SE"
91,5,311,"RG","SE"
486,5,311,"RG","SE"
425,4,311,"RG","SE"
376,3,311,"RG","SE"
126,3,311,"RG","SE"
493,7,311,"RG","SE"
354,2,311,"RG","SE"
45,1,311,"RG","SE"
173,2,311,"RG","SE"
440,1,311,"RG","SE"
277,1,311,"RG","SE"
294,3,311,"RG","SE"
250,1,311,"RG","SE"
358,16,311,"RG","SE"
361,3,311,"RG","SE"
419,1,311,"RG","SE"
308,2,311,"RG","SE"
83,2,311,"RG","SE"
243,2,311,"RG","SE"
481,2,311,"RG","SE"
257,1,311,"RG","SE"
14,30,311,"RG","SE"
487,4,311,"RG","SE"
12,11,311,"RG","SE"
36,3,311,"RG","SE"
510,9,311,"RG","SE"
116,1,311,"RG","SE"
87,1,311,"RG","SE"
186,2,311,"RG","SE"
235,1,311,"RG","SE"
144,1,311,"RG","SE"
328,1,311,"RG","SE"
344,1,311,"RG","SE"
474,1,311,"RG","SE"
149,1,311,"RG","SE"
368,1,311,"RG","SE"
431,1,311,"RG","SE"
435,2,311,"RG","SE"
506,7,311,"RG","SE"
214,1,311,"RG","SE"
382,1,311,"RG","SE"
38,3,311,"RG","SE"
437,1,311,"RG","SE"
129,2,311,"RG","SE"
284,1,312,"RG","SE"
477,4,312,"RG","SE"
378,1,312,"RG","SE"
203,1,312,"RG","SE"
305,1,312,"RG","SE"
54,39,312,"RG","SE"
419,1,312,"RG","SE"
125,1,312,"RG","SE"
506,7,312,"RG","SE"
345,1,312,"RG","SE"
441,1,312,"RG","SE"
367,2,312,"RG","SE"
332,1,312,"RG","SE"
372,1,312,"RG","SE"
457,2,312,"RG","SE"
436,1,312,"RG","SE"
458,1,312,"RG","SE"
123,4,312,"RG","SE"
153,1,312,"RG","SE"
531,2,312,"RG","SE"
330,1,312,"RG","SE"
144,1,312,"RG","SE"
124,4,312,"RG","SE"
368,1,312,"RG","SE"
42,1,312,"RG","SE"
401,1,312,"RG","SE"
352,2,312,"RG","SE"
17,5,312,"RG","SE"
404,1,312,"RG","SE"
110,1,312,"RG","SE"
219,1,312,"RG","SE"
126,3,312,"RG","SE"
19,5,312,"RG","SE"
235,1,312,"RG","SE"
105,1,312,"RG","SE"
191,1,312,"RG","SE"
501,17,312,"RG","SE"
183,3,312,"RG","SE"
164,6,312,"RG","SE"
158,3,312,"RG","SE"
303,6,312,"RG","SE"
151,1,312,"RG","SE"
369,2,312,"RG","SE"
198,2,312,"RG","SE"
523,4,312,"RG","SE"
487,4,312,"RG","SE"
101,1,312,"RG","SE"
488,6,312,"RG","SE"
245,1,312,"RG","SE"
467,4,312,"RG","SE"
435,2,312,"RG","SE"
103,1,312,"RG","SE"
269,1,312,"RG","SE"
85,15,312,"RG","SE"
116,1,312,"RG","SE"
283,1,312,"RG","SE"
273,1,312,"RG","SE"
199,1,312,"RG","SE"
328,1,313,"RG","SE"
480,6,313,"RG","SE"
286,1,313,"RG","SE"
458,1,313,"RG","SE"
276,3,313,"RG","SE"
86,2,313,"RG","SE"
64,9,313,"RG","SE"
470,5,313,"RG","SE"
504,10,313,"RG","SE"
358,16,313,"RG","SE"
433,2,313,"RG","SE"
461,1,313,"RG","SE"
186,2,313,"RG","SE"
44,30,313,"RG","SE"
378,1,313,"RG","SE"
344,1,313,"RG","SE"
441,1,313,"RG","SE"
19,5,313,"RG","SE"
515,4,313,"RG","SE"
203,1,313,"RG","SE"
125,1,313,"RG","SE"
294,3,313,"RG","SE"
496,22,313,"RG","SE"
279,1,313,"RG","SE"
65,4,313,"RG","SE"
340,1,313,"RG","SE"
68,5,313,"RG","SE"
462,1,313,"RG","SE"
157,1,313,"RG","SE"
532,5,313,"RG","SE"
519,3,313,"RG","SE"
252,2,313,"RG","SE"
541,8,313,"RG","SE"
128,1,313,"RG","SE"
482,5,313,"RG","SE"
147,1,313,"RG","SE"
158,3,313,"RG","SE"
16,3,313,"RG","SE"
395,1,313,"RG","SE"
502,7,313,"RG","SE"
27,2,313,"RG","SE"
531,2,313,"RG","SE"
179,12,313,"RG","SE"
254,1,313,"RG","SE"
415,1,313,"RG","SE"
83,2,313,"RG","SE"
45,1,313,"RG","SE"
548,1,313,"RG","SE"
312,1,313,"RG","SE"
474,1,313,"RG","SE"
309,1,313,"RG","SE"
361,3,313,"RG","SE"
534,3,313,"RG","SE"
245,1,313,"RG","SE"
14,30,313,"RG","SE"
187,1,313,"RG","SE"
401,1,313,"RG","SE"
138,2,313,"RG","SE"
259,6,314,"RG","SE"
494,8,314,"RG","SE"
479,6,314,"RG","SE"
42,1,314,"RG","SE"
153,1,314,"RG","SE"
312,1,314,"RG","SE"
19,5,314,"RG","SE"
433,2,314,"RG","SE"
20,7,314,"RG","SE"
245,1,314,"RG","SE"
515,4,314,"RG","SE"
26,59,314,"RG","SE"
352,2,314,"RG","SE"
415,1,314,"RG","SE"
531,2,314,"RG","SE"
477,4,314,"RG","SE"
261,3,314,"RG","SE"
493,7,314,"RG","SE"
283,1,314,"RG","SE"
21,7,314,"RG","SE"
209,1,314,"RG","SE"
204,2,314,"RG","SE"
474,1,314,"RG","SE"
529,5,314,"RG","SE"
122,2,314,"RG","SE"
340,1,314,"RG","SE"
422,4,314,"RG","SE"
469,5,314,"RG","SE"
183,3,314,"RG","SE"
436,1,314,"RG","SE"
49,1,314,"RG","SE"
198,2,314,"RG","SE"
392,1,314,"RG","SE"
160,1,314,"RG","SE"
526,2,314,"RG","SE"
372,1,314,"RG","SE"
80,6,314,"RG","SE"
248,5,314,"RG","SE"
72,9,314,"RG","SE"
538,2,314,"RG","SE"
487,4,314,"RG","SE"
77,17,314,"RG","SE"
57,9,314,"RG","SE"
45,1,314,"RG","SE"
535,3,314,"RG","SE"
490,4,314,"RG","SE"
235,1,314,"RG","SE"
273,1,314,"RG","SE"
438,6,314,"RG","SE"
104,2,314,"RG","SE"
278,1,314,"RG","SE"
496,22,314,"RG","SE"
508,14,314,"RG","SE"
85,15,314,"RG","SE"
13,1,314,"RG","SE"
466,1,314,"RG","SE"
264,1,314,"RG","SE"
141,2,314,"RG","SE"
422,4,315,"RG","SE"
187,1,315,"RG","SE"
13,1,315,"RG","SE"
21,7,315,"RG","SE"
185,1,315,"RG","SE"
148,1,315,"RG","SE"
387,1,315,"RG","SE"
529,5,315,"RG","SE"
285,3,315,"RG","SE"
476,1,315,"RG","SE"
170,1,315,"RG","SE"
455,3,315,"RG","SE"
116,1,315,"RG","SE"
349,1,315,"RG","SE"
471,3,315,"RG","SE"
144,1,315,"RG","SE"
322,3,315,"RG","SE"
268,1,315,"RG","SE"
85,15,315,"RG","SE"
257,1,315,"RG","SE"
489,4,315,"RG","SE"
112,4,315,"RG","SE"
397,1,315,"RG","SE"
458,1,315,"RG","SE"
354,2,315,"RG","SE"
466,1,315,"RG","SE"
142,1,315,"RG","SE"
477,4,315,"RG","SE"
482,5,315,"RG","SE"
319,1,315,"RG","SE"
301,1,315,"RG","SE"
147,1,315,"RG","SE"
435,2,315,"RG","SE"
209,1,315,"RG","SE"
494,8,315,"RG","SE"
108,1,315,"RG","SE"
439,1,315,"RG","SE"
204,2,315,"RG","SE"
160,1,315,"RG","SE"
19,5,315,"RG","SE"
87,1,315,"RG","SE"
10,1,315,"RG","SE"
513,6,315,"RG","SE"
166,1,315,"RG","SE"
123,4,315,"RG","SE"
64,9,315,"RG","SE"
157,1,315,"RG","SE"
235,1,315,"RG","SE"
309,1,315,"RG","SE"
51,2,315,"RG","SE"
317,2,315,"RG","SE"
481,2,315,"RG","SE"
430,1,315,"RG","SE"
308,2,315,"RG","SE"
313,3,315,"RG","SE"
168,1,315,"RG","SE"
441,1,315,"RG","SE"
258,1,315,"RG","SE"
190,1,316,"RG","SE"
458,1,316,"RG","SE"
225,1,316,"RG","SE"
439,1,316,"RG","SE"
363,2,316,"RG","SE"
305,1,316,"RG","SE"
276,3,316,"RG","SE"
376,3,316,"RG","SE"
87,1,316,"RG","SE"
202,1,316,"RG","SE"
170,1,316,"RG","SE"
157,1,316,"RG","SE"
146,1,316,"RG","SE"
480,6,316,"RG","SE"
232,4,316,"RG","SE"
19,5,316,"RG","SE"
198,2,316,"RG","SE"
457,2,316,"RG","SE"
222,2,316,"RG","SE"
283,1,316,"RG","SE"
345,1,316,"RG","SE"
91,5,316,"RG","SE"
245,1,316,"RG","SE"
519,3,316,"RG","SE"
123,4,316,"RG","SE"
138,2,316,"RG","SE"
126,3,316,"RG","SE"
61,50,316,"RG","SE"
354,2,316,"RG","SE"
5,4,316,"RG","SE"
49,1,316,"RG","SE"
399,1,316,"RG","SE"
173,2,316,"RG","SE"
303,6,316,"RG","SE"
487,4,316,"RG","SE"
86,2,316,"RG","SE"
279,1,316,"RG","SE"
3,5,316,"RG","SE"
143,1,316,"RG","SE"
538,2,316,"RG","SE"
544,1,316,"RG","SE"
494,8,316,"RG","SE"
524,2,316,"RG","SE"
415,1,316,"RG","SE"
153,1,316,"RG","SE"
255,1,316,"RG","SE"
264,1,316,"RG","SE"
380,2,316,"RG","SE"
144,1,316,"RG","SE"
141,2,316,"RG","SE"
26,59,316,"RG","SE"
183,3,316,"RG","SE"
116,1,316,"RG","SE"
257,1,316,"RG","SE"
336,1,316,"RG","SE"
510,9,316,"RG","SE"
25,1,316,"RG","SE"
389,3,316,"RG","SE"
38,3,317,"RG","SE"
524,2,317,"RG","SE"
399,1,317,"RG","SE"
80,6,317,"RG","SE"
340,1,317,"RG","SE"
266,1,317,"RG","SE"
168,1,317,"RG","SE"
525,9,317,"RG","SE"
202,1,317,"RG","SE"
532,5,317,"RG","SE"
254,1,317,"RG","SE"
264,1,317,"RG","SE"
268,1,317,"RG","SE"
183,3,317,"RG","SE"
22,4,317,"RG","SE"
76,4,317,"RG","SE"
119,1,317,"RG","SE"
122,2,317,"RG","SE"
158,3,317,"RG","SE"
151,1,317,"RG","SE"
131,1,317,"RG","SE"
410,2,317,"RG","SE"
15,2,317,"RG","SE"
370,1,317,"RG","SE"
72,9,317,"RG","SE"
389,3,317,"RG","SE"
431,1,317,"RG","SE"
439,1,317,"RG","SE"
469,5,317,"RG","SE"
367,2,317,"RG","SE"
190,1,317,"RG","SE"
87,1,317,"RG","SE"
312,1,317,"RG","SE"
541,8,317,"RG","SE"
435,2,317,"RG","SE"
51,2,317,"RG","SE"
16,3,317,"RG","SE"
186,2,317,"RG","SE"
547,1,317,"RG","SE"
157,1,317,"RG","SE"
538,2,317,"RG","SE"
187,1,317,"RG","SE"
425,4,317,"RG","SE"
101,1,317,"RG","SE"
14,30,317,"RG","SE"
247,3,317,"RG","SE"
273,1,317,"RG","SE"
128,1,317,"RG","SE"
207,1,317,"RG","SE"
146,1,317,"RG","SE"
153,1,317,"RG","SE"
361,3,317,"RG","SE"
426,4,317,"RG","SE"
112,4,317,"RG","SE"
447,4,317,"RG","SE"
68,5,317,"RG","SE"
147,1,317,"RG","SE"
259,6,317,"RG","SE"
248,5,318,"RG","SE"
390,1,318,"RG","SE"
367,2,318,"RG","SE"
415,1,318,"RG","SE"
202,1,318,"RG","SE"
510,9,318,"RG","SE"
303,6,318,"RG","SE"
106,1,318,"RG","SE"
436,1,318,"RG","SE"
170,1,318,"RG","SE"
147,1,318,"RG","SE"
494,8,318,"RG","SE"
479,6,318,"RG","SE"
376,3,318,"RG","SE"
425,4,318,"RG","SE"
207,1,318,"RG","SE"
203,1,318,"RG","SE"
64,9,318,"RG","SE"
148,1,318,"RG","SE"
352,2,318,"RG","SE"
103,1,318,"RG","SE"
128,1,318,"RG","SE"
488,6,318,"RG","SE"
310,1,318,"RG","SE"
319,1,318,"RG","SE"
484,4,318,"RG","SE"
461,1,318,"RG","SE"
232,4,318,"RG","SE"
243,2,318,"RG","SE"
374,2,318,"RG","SE"
261,3,318,"RG","SE"
380,2,318,"RG","SE"
286,1,318,"RG","SE"
144,1,318,"RG","SE"
13,1,318,"RG","SE"
466,1,318,"RG","SE"
179,12,318,"RG","SE"
126,3,318,"RG","SE"
83,2,318,"RG","SE"
519,3,318,"RG","SE"
101,1,318,"RG","SE"
11,27,318,"RG","SE"
410,2,318,"RG","SE"
249,2,318,"RG","SE"
336,1,318,"RG","SE"
372,1,318,"RG","SE"
257,1,318,"RG","SE"
395,1,318,"RG","SE"
345,1,318,"RG","SE"
486,5,318,"RG","SE"
520,2,318,"RG","SE"
476,1,318,"RG","SE"
140,1,318,"RG","SE"
517,6,318,"RG","SE"
250,1,318,"RG","SE"
498,25,318,"RG","SE"
219,1,318,"RG","SE"
185,1,318,"RG","SE"
477,4,319,"RG","SE"
22,4,319,"RG","SE"
207,1,319,"RG","SE"
214,1,319,"RG","SE"
294,3,319,"RG","SE"
244,3,319,"RG","SE"
319,1,319,"RG","SE"
225,1,319,"RG","SE"
170,1,319,"RG","SE"
389,3,319,"RG","SE"
14,30,319,"RG","SE"
143,1,319,"RG","SE"
199,1,319,"RG","SE"
349,1,319,"RG","SE"
257,1,319,"RG","SE"
486,5,319,"RG","SE"
119,1,319,"RG","SE"
122,2,319,"RG","SE"
467,4,319,"RG","SE"
112,4,319,"RG","SE"
483,5,319,"RG","SE"
209,1,319,"RG","SE"
138,2,319,"RG","SE"
219,1,319,"RG","SE"
431,1,319,"RG","SE"
301,1,319,"RG","SE"
7,21,319,"RG","SE"
115,1,319,"RG","SE"
77,17,319,"RG","SE"
547,1,319,"RG","SE"
348,2,319,"RG","SE"
340,1,319,"RG","SE"
418,1,319,"RG","SE"
57,9,319,"RG","SE"
392,1,319,"RG","SE"
237,1,319,"RG","SE"
455,3,319,"RG","SE"
524,2,319,"RG","SE"
394,1,319,"RG","SE"
145,1,319,"RG","SE"
447,4,319,"RG","SE"
198,2,319,"RG","SE"
317,2,319,"RG","SE"
261,3,319,"RG","SE"
528,5,319,"RG","SE"
457,2,319,"RG","SE"
169,1,319,"RG","SE"
538,2,319,"RG","SE"
296,1,319,"RG","SE"
175,1,319,"RG","SE"
413,1,319,"RG","SE"
304,2,319,"RG","SE"
38,3,319,"RG","SE"
377,2,319,"RG","SE"
61,50,319,"RG","SE"
166,1,319,"RG","SE"
269,1,319,"RG","SE"
382,1,319,"RG","SE"
22,4,320,"RG","SE"
269,1,320,"RG","SE"
481,2,320,"RG","SE"
330,1,320,"RG","SE"
358,16,320,"RG","SE"
357,1,320,"RG","SE"
504,10,320,"RG","SE"
57,9,320,"RG","SE"
209,1,320,"RG","SE"
369,2,320,"RG","SE"
440,1,320,"RG","SE"
526,2,320,"RG","SE"
140,1,320,"RG","SE"
284,1,320,"RG","SE"
348,2,320,"RG","SE"
283,1,320,"RG","SE"
436,1,320,"RG","SE"
413,1,320,"RG","SE"
418,1,320,"RG","SE"
328,1,320,"RG","SE"
249,2,320,"RG","SE"
264,1,320,"RG","SE"
441,1,320,"RG","SE"
223,1,320,"RG","SE"
145,1,320,"RG","SE"
506,7,320,"RG","SE"
19,5,320,"RG","SE"
104,2,320,"RG","SE"
493,7,320,"RG","SE"
539,1,320,"RG","SE"
313,3,320,"RG","SE"
250,1,320,"RG","SE"
508,14,320,"RG","SE"
166,1,320,"RG","SE"
244,3,320,"RG","SE"
378,1,320,"RG","SE"
308,2,320,"RG","SE"
15,2,320,"RG","SE"
110,1,320,"RG","SE"
252,2,320,"RG","SE"
91,5,320,"RG","SE"
380,2,320,"RG","SE"
381,3,320,"RG","SE"
108,1,320,"RG","SE"
535,3,320,"RG","SE"
382,1,320,"RG","SE"
222,2,320,"RG","SE"
490,4,320,"RG","SE"
345,1,320,"RG","SE"
169,1,320,"RG","SE"
547,1,320,"RG","SE"
417,1,320,"RG","SE"
447,4,320,"RG","SE"
439,1,320,"RG","SE"
186,2,320,"RG","SE"
85,15,320,"RG","SE"
285,3,320,"RG","SE"
533,5,320,"RG","SE"
527,8,321,"RG","SE"
108,1,321,"RG","SE"
131,1,321,"RG","SE"
439,1,321,"RG","SE"
308,2,321,"RG","SE"
474,1,321,"RG","SE"
61,50,321,"RG","SE"
462,1,321,"RG","SE"
171,1,321,"RG","SE"
465,1,321,"RG","SE"
500,22,321,"RG","SE"
65,4,321,"RG","SE"
341,2,321,"RG","SE"
378,1,321,"RG","SE"
291,1,321,"RG","SE"
222,2,321,"RG","SE"
533,5,321,"RG","SE"
264,1,321,"RG","SE"
479,6,321,"RG","SE"
452,1,321,"RG","SE"
126,3,321,"RG","SE"
502,7,321,"RG","SE"
33,12,321,"RG","SE"
368,1,321,"RG","SE"
532,5,321,"RG","SE"
166,1,321,"RG","SE"
425,4,321,"RG","SE"
148,1,321,"RG","SE"
370,1,321,"RG","SE"
322,3,321,"RG","SE"
245,1,321,"RG","SE"
525,9,321,"RG","SE"
254,1,321,"RG","SE"
214,1,321,"RG","SE"
470,5,321,"RG","SE"
237,1,321,"RG","SE"
129,2,321,"RG","SE"
142,1,321,"RG","SE"
418,1,321,"RG","SE"
279,1,321,"RG","SE"
514,6,321,"RG","SE"
253,1,321,"RG","SE"
153,1,321,"RG","SE"
531,2,321,"RG","SE"
19,5,321,"RG","SE"
493,7,321,"RG","SE"
119,1,321,"RG","SE"
441,1,321,"RG","SE"
266,1,321,"RG","SE"
26,59,321,"RG","SE"
284,1,321,"RG","SE"
158,3,321,"RG","SE"
336,1,321,"RG","SE"
397,1,321,"RG","SE"
310,1,321,"RG","SE"
395,1,321,"RG","SE"
147,1,321,"RG","SE"
426,4,321,"RG","SE"
19,5,322,"RG","SE"
21,7,322,"RG","SE"
463,1,322,"RG","SE"
382,1,322,"RG","SE"
368,1,322,"RG","SE"
481,2,322,"RG","SE"
349,1,322,"RG","SE"
527,8,322,"RG","SE"
500,22,322,"RG","SE"
535,3,322,"RG","SE"
519,3,322,"RG","SE"
45,1,322,"RG","SE"
5,4,322,"RG","SE"
426,4,322,"RG","SE"
10,1,322,"RG","SE"
153,1,322,"RG","SE"
509,3,322,"RG","SE"
304,2,322,"RG","SE"
169,1,322,"RG","SE"
477,4,322,"RG","SE"
7,21,322,"RG","SE"
13,1,322,"RG","SE"
171,1,322,"RG","SE"
199,1,322,"RG","SE"
517,6,322,"RG","SE"
358,16,322,"RG","SE"
243,2,322,"RG","SE"
467,4,322,"RG","SE"
68,5,322,"RG","SE"
303,6,322,"RG","SE"
232,4,322,"RG","SE"
452,1,322,"RG","SE"
3,5,322,"RG","SE"
186,2,322,"RG","SE"
319,1,322,"RG","SE"
145,1,322,"RG","SE"
105,1,322,"RG","SE"
374,2,322,"RG","SE"
115,1,322,"RG","SE"
258,1,322,"RG","SE"
312,1,322,"RG","SE"
417,1,322,"RG","SE"
259,6,322,"RG","SE"
108,1,322,"RG","SE"
352,2,322,"RG","SE"
502,7,322,"RG","SE"
433,2,322,"RG","SE"
111,1,322,"RG","SE"
179,12,322,"RG","SE"
476,1,322,"RG","SE"
404,1,322,"RG","SE"
501,17,322,"RG","SE"
313,3,322,"RG","SE"
367,2,322,"RG","SE"
103,1,322,"RG","SE"
392,1,322,"RG","SE"
253,1,322,"RG","SE"
183,3,322,"RG","SE"
248,5,323,"RG","SE"
483,5,323,"RG","SE"
187,1,323,"RG","SE"
372,1,323,"RG","SE"
105,1,323,"RG","SE"
160,1,323,"RG","SE"
317,2,323,"RG","SE"
525,9,323,"RG","SE"
253,1,323,"RG","SE"
426,4,323,"RG","SE"
517,6,323,"RG","SE"
198,2,323,"RG","SE"
138,2,323,"RG","SE"
343,9,323,"RG","SE"
336,1,323,"RG","SE"
170,1,323,"RG","SE"
219,1,323,"RG","SE"
155,1,323,"RG","SE"
185,1,323,"RG","SE"
527,8,323,"RG","SE"
516,4,323,"RG","SE"
232,4,323,"RG","SE"
250,1,323,"RG","SE"
477,4,323,"RG","SE"
493,7,323,"RG","SE"
519,3,323,"RG","SE"
354,2,323,"RG","SE"
286,1,323,"RG","SE"
237,1,323,"RG","SE"
404,1,323,"RG","SE"
318,3,323,"RG","SE"
296,1,323,"RG","SE"
140,1,323,"RG","SE"
77,17,323,"RG","SE"
523,4,323,"RG","SE"
141,2,323,"RG","SE"
410,2,323,"RG","SE"
419,1,323,"RG","SE"
22,4,323,"RG","SE"
486,5,323,"RG","SE"
122,2,323,"RG","SE"
268,1,323,"RG","SE"
309,1,323,"RG","SE"
103,1,323,"RG","SE"
476,1,323,"RG","SE"
32,6,323,"RG","SE"
390,1,323,"RG","SE"
437,1,323,"RG","SE"
7,21,323,"RG","SE"
129,2,323,"RG","SE"
38,3,323,"RG","SE"
349,1,323,"RG","SE"
413,1,323,"RG","SE"
116,1,323,"RG","SE"
207,1,323,"RG","SE"
438,6,323,"RG","SE"
146,1,323,"RG","SE"
455,3,323,"RG","SE"
173,2,324,"RG","SE"
166,1,324,"RG","SE"
457,2,324,"RG","SE"
3,5,324,"RG","SE"
250,1,324,"RG","SE"
19,5,324,"RG","SE"
308,2,324,"RG","SE"
322,3,324,"RG","SE"
500,22,324,"RG","SE"
194,1,324,"RG","SE"
105,1,324,"RG","SE"
456,1,324,"RG","SE"
498,25,324,"RG","SE"
10,1,324,"RG","SE"
317,2,324,"RG","SE"
169,1,324,"RG","SE"
112,4,324,"RG","SE"
144,1,324,"RG","SE"
142,1,324,"RG","SE"
545,1,324,"RG","SE"
223,1,324,"RG","SE"
309,1,324,"RG","SE"
539,1,324,"RG","SE"
430,1,324,"RG","SE"
296,1,324,"RG","SE"
42,1,324,"RG","SE"
493,7,324,"RG","SE"
187,1,324,"RG","SE"
119,1,324,"RG","SE"
365,2,324,"RG","SE"
77,17,324,"RG","SE"
115,1,324,"RG","SE"
318,3,324,"RG","SE"
506,7,324,"RG","SE"
540,8,324,"RG","SE"
525,9,324,"RG","SE"
202,1,324,"RG","SE"
352,2,324,"RG","SE"
57,9,324,"RG","SE"
526,2,324,"RG","SE"
36,3,324,"RG","SE"
145,1,324,"RG","SE"
531,2,324,"RG","SE"
381,3,324,"RG","SE"
38,3,324,"RG","SE"
32,6,324,"RG","SE"
124,4,324,"RG","SE"
382,1,324,"RG","SE"
12,11,324,"RG","SE"
17,5,324,"RG","SE"
461,1,324,"RG","SE"
304,2,324,"RG","SE"
193,2,324,"RG","SE"
479,6,324,"RG","SE"
387,1,324,"RG","SE"
247,3,324,"RG","SE"
341,2,324,"RG","SE"
367,2,324,"RG","SE"
545,1,325,"RG","SE"
198,2,325,"RG","SE"
153,1,325,"RG","SE"
57,9,325,"RG","SE"
237,1,325,"RG","SE"
147,1,325,"RG","SE"
155,1,325,"RG","SE"
348,2,325,"RG","SE"
151,1,325,"RG","SE"
332,1,325,"RG","SE"
146,1,325,"RG","SE"
282,1,325,"RG","SE"
441,1,325,"RG","SE"
516,4,325,"RG","SE"
340,1,325,"RG","SE"
264,1,325,"RG","SE"
101,1,325,"RG","SE"
426,4,325,"RG","SE"
309,1,325,"RG","SE"
32,6,325,"RG","SE"
243,2,325,"RG","SE"
500,22,325,"RG","SE"
5,4,325,"RG","SE"
219,1,325,"RG","SE"
365,2,325,"RG","SE"
249,2,325,"RG","SE"
404,1,325,"RG","SE"
447,4,325,"RG","SE"
380,2,325,"RG","SE"
474,1,325,"RG","SE"
539,1,325,"RG","SE"
22,4,325,"RG","SE"
183,3,325,"RG","SE"
44,30,325,"RG","SE"
242,1,325,"RG","SE"
471,3,325,"RG","SE"
367,2,325,"RG","SE"
131,1,325,"RG","SE"
202,1,325,"RG","SE"
112,4,325,"RG","SE"
417,1,325,"RG","SE"
252,2,325,"RG","SE"
430,1,325,"RG","SE"
502,7,325,"RG","SE"
544,1,325,"RG","SE"
49,1,325,"RG","SE"
481,2,325,"RG","SE"
389,3,325,"RG","SE"
308,2,325,"RG","SE"
276,3,325,"RG","SE"
533,5,325,"RG","SE"
104,2,325,"RG","SE"
138,2,325,"RG","SE"
376,3,325,"RG","SE"
538,2,325,"RG","SE"
494,8,325,"RG","SE"
303,6,325,"RG","SE"
395,1,325,"RG","SE"
198,2,326,"RG","SE"
484,4,326,"RG","SE"
431,1,326,"RG","SE"
463,1,326,"RG","SE"
510,9,326,"RG","SE"
399,1,326,"RG","SE"
294,3,326,"RG","SE"
245,1,326,"RG","SE"
330,1,326,"RG","SE"
480,6,326,"RG","SE"
276,3,326,"RG","SE"
264,1,326,"RG","SE"
397,1,326,"RG","SE"
67,9,326,"RG","SE"
157,1,326,"RG","SE"
101,1,326,"RG","SE"
36,3,326,"RG","SE"
440,1,326,"RG","SE"
103,1,326,"RG","SE"
138,2,326,"RG","SE"
545,1,326,"RG","SE"
535,3,326,"RG","SE"
209,1,326,"RG","SE"
242,1,326,"RG","SE"
477,4,326,"RG","SE"
158,3,326,"RG","SE"
219,1,326,"RG","SE"
207,1,326,"RG","SE"
25,1,326,"RG","SE"
57,9,326,"RG","SE"
305,1,326,"RG","SE"
129,2,326,"RG","SE"
487,4,326,"RG","SE"
374,2,326,"RG","SE"
426,4,326,"RG","SE"
336,1,326,"RG","SE"
65,4,326,"RG","SE"
433,2,326,"RG","SE"
80,6,326,"RG","SE"
367,2,326,"RG","SE"
130,1,326,"RG","SE"
493,7,326,"RG","SE"
389,3,326,"RG","SE"
284,1,326,"RG","SE"
532,5,326,"RG","SE"
344,1,326,"RG","SE"
369,2,326,"RG","SE"
104,2,326,"RG","SE"
259,6,326,"RG","SE"
278,1,326,"RG","SE"
45,1,326,"RG","SE"
175,1,326,"RG","SE"
222,2,326,"RG","SE"
89,1,326,"RG","SE"
33,12,326,"RG","SE"
313,3,326,"RG","SE"
322,3,326,"RG","SE"
223,1,326,"RG","SE"
68,5,327,"RG","SE"
310,1,327,"RG","SE"
482,5,327,"RG","SE"
433,2,327,"RG","SE"
547,1,327,"RG","SE"
78,21,327,"RG","SE"
101,1,327,"RG","SE"
80,6,327,"RG","SE"
318,3,327,"RG","SE"
264,1,327,"RG","SE"
235,1,327,"RG","SE"
214,1,327,"RG","SE"
498,25,327,"RG","SE"
382,1,327,"RG","SE"
61,50,327,"RG","SE"
369,2,327,"RG","SE"
169,1,327,"RG","SE"
374,2,327,"RG","SE"
437,1,327,"RG","SE"
282,1,327,"RG","SE"
57,9,327,"RG","SE"
129,2,327,"RG","SE"
209,1,327,"RG","SE"
170,1,327,"RG","SE"
394,1,327,"RG","SE"
357,1,327,"RG","SE"
131,1,327,"RG","SE"
143,1,327,"RG","SE"
126,3,327,"RG","SE"
249,2,327,"RG","SE"
132,1,327,"RG","SE"
142,1,327,"RG","SE"
13,1,327,"RG","SE"
279,1,327,"RG","SE"
527,8,327,"RG","SE"
64,9,327,"RG","SE"
415,1,327,"RG","SE"
160,1,327,"RG","SE"
266,1,327,"RG","SE"
456,1,327,"RG","SE"
72,9,327,"RG","SE"
509,3,327,"RG","SE"
345,1,327,"RG","SE"
291,1,327,"RG","SE"
138,2,327,"RG","SE"
130,1,327,"RG","SE"
401,1,327,"RG","SE"
513,6,327,"RG","SE"
166,1,327,"RG","SE"
25,1,327,"RG","SE"
439,1,327,"RG","SE"
158,3,327,"RG","SE"
529,5,327,"RG","SE"
466,1,327,"RG","SE"
273,1,327,"RG","SE"
534,3,327,"RG","SE"
397,1,327,"RG","SE"
190,1,327,"RG","SE"
341,2,328,"RG","SE"
469,5,328,"RG","SE"
425,4,328,"RG","SE"
19,5,328,"RG","SE"
170,1,328,"RG","SE"
266,1,328,"RG","SE"
547,1,328,"RG","SE"
389,3,328,"RG","SE"
437,1,328,"RG","SE"
106,1,328,"RG","SE"
249,2,328,"RG","SE"
438,6,328,"RG","SE"
199,1,328,"RG","SE"
173,2,328,"RG","SE"
476,1,328,"RG","SE"
501,17,328,"RG","SE"
336,1,328,"RG","SE"
86,2,328,"RG","SE"
422,4,328,"RG","SE"
494,8,328,"RG","SE"
344,1,328,"RG","SE"
363,2,328,"RG","SE"
538,2,328,"RG","SE"
64,9,328,"RG","SE"
541,8,328,"RG","SE"
520,2,328,"RG","SE"
105,1,328,"RG","SE"
80,6,328,"RG","SE"
15,2,328,"RG","SE"
204,2,328,"RG","SE"
115,1,328,"RG","SE"
36,3,328,"RG","SE"
343,9,328,"RG","SE"
366,1,328,"RG","SE"
548,1,328,"RG","SE"
370,1,328,"RG","SE"
104,2,328,"RG","SE"
367,2,328,"RG","SE"
467,4,328,"RG","SE"
207,1,328,"RG","SE"
455,3,328,"RG","SE"
103,1,328,"RG","SE"
244,3,328,"RG","SE"
399,1,328,"RG","SE"
361,3,328,"RG","SE"
261,3,328,"RG","SE"
474,1,328,"RG","SE"
376,3,328,"RG","SE"
465,1,328,"RG","SE"
354,2,328,"RG","SE"
524,2,328,"RG","SE"
489,4,328,"RG","SE"
452,1,328,"RG","SE"
481,2,328,"RG","SE"
153,1,328,"RG","SE"
528,5,328,"RG","SE"
487,4,328,"RG","SE"
38,3,328,"RG","SE"
490,4,329,"RG","SE"
303,6,329,"RG","SE"
440,1,329,"RG","SE"
278,1,329,"RG","SE"
26,59,329,"RG","SE"
520,2,329,"RG","SE"
532,5,329,"RG","SE"
10,1,329,"RG","SE"
91,5,329,"RG","SE"
124,4,329,"RG","SE"
399,1,329,"RG","SE"
318,3,329,"RG","SE"
525,9,329,"RG","SE"
469,5,329,"RG","SE"
155,1,329,"RG","SE"
126,3,329,"RG","SE"
147,1,329,"RG","SE"
544,1,329,"RG","SE"
439,1,329,"RG","SE"
390,1,329,"RG","SE"
466,1,329,"RG","SE"
332,1,329,"RG","SE"
417,1,329,"RG","SE"
168,1,329,"RG","SE"
203,1,329,"RG","SE"
477,4,329,"RG","SE"
101,1,329,"RG","SE"
524,2,329,"RG","SE"
122,2,329,"RG","SE"
85,15,329,"RG","SE"
194,1,329,"RG","SE"
170,1,329,"RG","SE"
22,4,329,"RG","SE"
462,1,329,"RG","SE"
145,1,329,"RG","SE"
380,2,329,"RG","SE"
89,1,329,"RG","SE"
131,1,329,"RG","SE"
204,2,329,"RG","SE"
352,2,329,"RG","SE"
237,1,329,"RG","SE"
248,5,329,"RG","SE"
322,3,329,"RG","SE"
187,1,329,"RG","SE"
209,1,329,"RG","SE"
249,2,329,"RG","SE"
4,5,329,"RG","SE"
538,2,329,"RG","SE"
61,50,329,"RG","SE"
377,2,329,"RG","SE"
171,1,329,"RG","SE"
49,1,329,"RG","SE"
484,4,329,"RG","SE"
467,4,329,"RG","SE"
125,1,329,"RG","SE"
488,6,329,"RG","SE"
158,3,329,"RG","SE"
112,4,329,"RG","SE"
431,1,330,"RG","SE"
169,1,330,"RG","SE"
533,5,330,"RG","SE"
457,2,330,"RG","SE"
26,59,330,"RG","SE"
219,1,330,"RG","SE"
146,1,330,"RG","SE"
539,1,330,"RG","SE"
255,1,330,"RG","SE"
419,1,330,"RG","SE"
214,1,330,"RG","SE"
42,1,330,"RG","SE"
456,1,330,"RG","SE"
418,1,330,"RG","SE"
399,1,330,"RG","SE"
148,1,330,"RG","SE"
17,5,330,"RG","SE"
382,1,330,"RG","SE"
32,6,330,"RG","SE"
269,1,330,"RG","SE"
253,1,330,"RG","SE"
20,7,330,"RG","SE"
222,2,330,"RG","SE"
286,1,330,"RG","SE"
278,1,330,"RG","SE"
244,3,330,"RG","SE"
128,1,330,"RG","SE"
283,1,330,"RG","SE"
500,22,330,"RG","SE"
143,1,330,"RG","SE"
467,4,330,"RG","SE"
465,1,330,"RG","SE"
102,1,330,"RG","SE"
368,1,330,"RG","SE"
426,4,330,"RG","SE"
330,1,330,"RG","SE"
394,1,330,"RG","SE"
285,3,330,"RG","SE"
228,1,330,"RG","SE"
520,2,330,"RG","SE"
250,1,330,"RG","SE"
80,6,330,"RG","SE"
261,3,330,"RG","SE"
123,4,330,"RG","SE"
242,1,330,"RG","SE"
175,1,330,"RG","SE"
199,1,330,"RG","SE"
149,1,330,"RG","SE"
392,1,330,"RG","SE"
387,1,330,"RG","SE"
510,9,330,"RG","SE"
294,3,330,"RG","SE"
545,1,330,"RG","SE"
4,5,330,"RG","SE"
142,1,330,"RG","SE"
354,2,330,"RG","SE"
141,2,330,"RG","SE"
480,6,330,"RG","SE"
363,2,331,"RG","SE"
483,5,331,"RG","SE"
463,1,331,"RG","SE"
376,3,331,"RG","SE"
17,5,331,"RG","SE"
183,3,331,"RG","SE"
89,1,331,"RG","SE"
248,5,331,"RG","SE"
123,4,331,"RG","SE"
277,1,331,"RG","SE"
419,1,331,"RG","SE"
340,1,331,"RG","SE"
38,3,331,"RG","SE"
374,2,331,"RG","SE"
129,2,331,"RG","SE"
413,1,331,"RG","SE"
115,1,331,"RG","SE"
415,1,331,"RG","SE"
146,1,331,"RG","SE"
417,1,331,"RG","SE"
45,1,331,"RG","SE"
254,1,331,"RG","SE"
332,1,331,"RG","SE"
431,1,331,"RG","SE"
49,1,331,"RG","SE"
527,8,331,"RG","SE"
372,1,331,"RG","SE"
5,4,331,"RG","SE"
487,4,331,"RG","SE"
401,1,331,"RG","SE"
149,1,331,"RG","SE"
319,1,331,"RG","SE"
247,3,331,"RG","SE"
410,2,331,"RG","SE"
322,3,331,"RG","SE"
186,2,331,"RG","SE"
538,2,331,"RG","SE"
506,7,331,"RG","SE"
395,1,331,"RG","SE"
368,1,331,"RG","SE"
480,6,331,"RG","SE"
517,6,331,"RG","SE"
253,1,331,"RG","SE"
462,1,331,"RG","SE"
508,14,331,"RG","SE"
237,1,331,"RG","SE"
285,3,331,"RG","SE"
27,2,331,"RG","SE"
86,2,331,"RG","SE"
369,2,331,"RG","SE"
141,2,331,"RG","SE"
387,1,331,"RG","SE"
77,17,331,"RG","SE"
482,5,331,"RG","SE"
19,5,331,"RG","SE"
481,2,331,"RG","SE"
219,1,331,"RG","SE"
361,3,331,"RG","SE"
479,6,332,"RG","SE"
366,1,332,"RG","SE"
547,1,332,"RG","SE"
10,1,332,"RG","SE"
433,2,332,"RG","SE"
517,6,332,"RG","SE"
3,5,332,"RG","SE"
204,2,332,"RG","SE"
5,4,332,"RG","SE"
164,6,332,"RG","SE"
253,1,332,"RG","SE"
101,1,332,"RG","SE"
185,1,332,"RG","SE"
175,1,332,"RG","SE"
36,3,332,"RG","SE"
38,3,332,"RG","SE"
336,1,332,"RG","SE"
515,4,332,"RG","SE"
129,2,332,"RG","SE"
301,1,332,"RG","SE"
502,7,332,"RG","SE"
65,4,332,"RG","SE"
447,4,332,"RG","SE"
138,2,332,"RG","SE"
309,1,332,"RG","SE"
282,1,332,"RG","SE"
527,8,332,"RG","SE"
378,1,332,"RG","SE"
419,1,332,"RG","SE"
214,1,332,"RG","SE"
539,1,332,"RG","SE"
219,1,332,"RG","SE"
456,1,332,"RG","SE"
252,2,332,"RG","SE"
222,2,332,"RG","SE"
87,1,332,"RG","SE"
345,1,332,"RG","SE"
14,30,332,"RG","SE"
529,5,332,"RG","SE"
51,2,332,"RG","SE"
33,12,332,"RG","SE"
493,7,332,"RG","SE"
77,17,332,"RG","SE"
83,2,332,"RG","SE"
302,2,332,"RG","SE"
436,1,332,"RG","SE"
395,1,332,"RG","SE"
392,1,332,"RG","SE"
509,3,332,"RG","SE"
67,9,332,"RG","SE"
89,1,332,"RG","SE"
490,4,332,"RG","SE"
312,1,332,"RG","SE"
357,1,332,"RG","SE"
500,22,332,"RG","SE"
19,5,332,"RG","SE"
510,9,332,"RG","SE"
501,17,332,"RG","SE"
487,4,333,"RG","SE"
146,1,333,"RG","SE"
486,5,333,"RG","SE"
439,1,333,"RG","SE"
317,2,333,"RG","SE"
529,5,333,"RG","SE"
248,5,333,"RG","SE"
532,5,333,"RG","SE"
370,1,333,"RG","SE"
276,3,333,"RG","SE"
479,6,333,"RG","SE"
112,4,333,"RG","SE"
309,1,333,"RG","SE"
151,1,333,"RG","SE"
54,39,333,"RG","SE"
349,1,333,"RG","SE"
164,6,333,"RG","SE"
367,2,333,"RG","SE"
51,2,333,"RG","SE"
78,21,333,"RG","SE"
387,1,333,"RG","SE"
44,30,333,"RG","SE"
108,1,333,"RG","SE"
455,3,333,"RG","SE"
397,1,333,"RG","SE"
132,1,333,"RG","SE"
505,11,333,"RG","SE"
509,3,333,"RG","SE"
245,1,333,"RG","SE"
365,2,333,"RG","SE"
104,2,333,"RG","SE"
382,1,333,"RG","SE"
259,6,333,"RG","SE"
502,7,333,"RG","SE"
357,1,333,"RG","SE"
209,1,333,"RG","SE"
157,1,333,"RG","SE"
540,8,333,"RG","SE"
27,2,333,"RG","SE"
138,2,333,"RG","SE"
228,1,333,"RG","SE"
381,3,333,"RG","SE"
294,3,333,"RG","SE"
193,2,333,"RG","SE"
480,6,333,"RG","SE"
437,1,333,"RG","SE"
141,2,333,"RG","SE"
545,1,333,"RG","SE"
169,1,333,"RG","SE"
378,1,333,"RG","SE"
153,1,333,"RG","SE"
4,5,333,"RG","SE"
111,1,333,"RG","SE"
322,3,333,"RG","SE"
110,1,333,"RG","SE"
541,8,333,"RG","SE"
548,1,333,"RG","SE"
374,2,333,"RG","SE"
328,1,334,"RG","SE"
273,1,334,"RG","SE"
481,2,334,"RG","SE"
157,1,334,"RG","SE"
471,3,334,"RG","SE"
533,5,334,"RG","SE"
488,6,334,"RG","SE"
191,1,334,"RG","SE"
38,3,334,"RG","SE"
410,2,334,"RG","SE"
160,1,334,"RG","SE"
479,6,334,"RG","SE"
532,5,334,"RG","SE"
332,1,334,"RG","SE"
489,4,334,"RG","SE"
296,1,334,"RG","SE"
203,1,334,"RG","SE"
269,1,334,"RG","SE"
447,4,334,"RG","SE"
378,1,334,"RG","SE"
531,2,334,"RG","SE"
523,4,334,"RG","SE"
372,1,334,"RG","SE"
421,4,334,"RG","SE"
36,3,334,"RG","SE"
209,1,334,"RG","SE"
343,9,334,"RG","SE"
336,1,334,"RG","SE"
465,1,334,"RG","SE"
49,1,334,"RG","SE"
547,1,334,"RG","SE"
175,1,334,"RG","SE"
223,1,334,"RG","SE"
129,2,334,"RG","SE"
538,2,334,"RG","SE"
146,1,334,"RG","SE"
426,4,334,"RG","SE"
319,1,334,"RG","SE"
85,15,334,"RG","SE"
344,1,334,"RG","SE"
115,1,334,"RG","SE"
171,1,334,"RG","SE"
476,1,334,"RG","SE"
282,1,334,"RG","SE"
310,1,334,"RG","SE"
44,30,334,"RG","SE"
515,4,334,"RG","SE"
435,2,334,"RG","SE"
3,5,334,"RG","SE"
548,1,334,"RG","SE"
540,8,334,"RG","SE"
487,4,334,"RG","SE"
425,4,334,"RG","SE"
341,2,334,"RG","SE"
266,1,334,"RG","SE"
142,1,334,"RG","SE"
519,3,334,"RG","SE"
313,3,334,"RG","SE"
101,1,335,"RG","SE"
89,1,335,"RG","SE"
410,2,335,"RG","SE"
510,9,335,"RG","SE"
326,2,335,"RG","SE"
524,2,335,"RG","SE"
548,1,335,"RG","SE"
501,17,335,"RG","SE"
377,2,335,"RG","SE"
126,3,335,"RG","SE"
157,1,335,"RG","SE"
366,1,335,"RG","SE"
85,15,335,"RG","SE"
532,5,335,"RG","SE"
247,3,335,"RG","SE"
397,1,335,"RG","SE"
191,1,335,"RG","SE"
166,1,335,"RG","SE"
291,1,335,"RG","SE"
540,8,335,"RG","SE"
520,2,335,"RG","SE"
235,1,335,"RG","SE"
138,2,335,"RG","SE"
204,2,335,"RG","SE"
493,7,335,"RG","SE"
141,2,335,"RG","SE"
255,1,335,"RG","SE"
242,1,335,"RG","SE"
539,1,335,"RG","SE"
470,5,335,"RG","SE"
344,1,335,"RG","SE"
76,4,335,"RG","SE"
259,6,335,"RG","SE"
108,1,335,"RG","SE"
395,1,335,"RG","SE"
80,6,335,"RG","SE"
252,2,335,"RG","SE"
469,5,335,"RG","SE"
541,8,335,"RG","SE"
16,3,335,"RG","SE"
487,4,335,"RG","SE"
130,1,335,"RG","SE"
523,4,335,"RG","SE"
155,1,335,"RG","SE"
545,1,335,"RG","SE"
302,2,335,"RG","SE"
354,2,335,"RG","SE"
544,1,335,"RG","SE"
496,22,335,"RG","SE"
479,6,335,"RG","SE"
12,11,335,"RG","SE"
282,1,335,"RG","SE"
119,1,335,"RG","SE"
146,1,335,"RG","SE"
115,1,335,"RG","SE"
322,3,335,"RG","SE"
105,1,335,"RG","SE"
273,1,335,"RG","SE"
183,3,336,"RG","SE"
380,2,336,"RG","SE"
276,3,336,"RG","SE"
101,1,336,"RG","SE"
456,1,336,"RG","SE"
487,4,336,"RG","SE"
68,5,336,"RG","SE"
474,1,336,"RG","SE"
366,1,336,"RG","SE"
258,1,336,"RG","SE"
49,1,336,"RG","SE"
419,1,336,"RG","SE"
122,2,336,"RG","SE"
225,1,336,"RG","SE"
26,59,336,"RG","SE"
469,5,336,"RG","SE"
548,1,336,"RG","SE"
111,1,336,"RG","SE"
357,1,336,"RG","SE"
278,1,336,"RG","SE"
148,1,336,"RG","SE"
146,1,336,"RG","SE"
103,1,336,"RG","SE"
143,1,336,"RG","SE"
301,1,336,"RG","SE"
528,5,336,"RG","SE"
381,3,336,"RG","SE"
513,6,336,"RG","SE"
510,9,336,"RG","SE"
344,1,336,"RG","SE"
173,2,336,"RG","SE"
377,2,336,"RG","SE"
253,1,336,"RG","SE"
259,6,336,"RG","SE"
394,1,336,"RG","SE"
149,1,336,"RG","SE"
365,2,336,"RG","SE"
76,4,336,"RG","SE"
145,1,336,"RG","SE"
349,1,336,"RG","SE"
303,6,336,"RG","SE"
179,12,336,"RG","SE"
91,5,336,"RG","SE"
3,5,336,"RG","SE"
104,2,336,"RG","SE"
25,1,336,"RG","SE"
279,1,336,"RG","SE"
547,1,336,"RG","SE"
322,3,336,"RG","SE"
14,30,336,"RG","SE"
160,1,336,"RG","SE"
363,2,336,"RG","SE"
10,1,336,"RG","SE"
455,3,336,"RG","SE"
7,21,336,"RG","SE"
392,1,336,"RG","SE"
87,1,336,"RG","SE"
36,3,336,"RG","SE"
341,2,337,"RG","SE"
452,1,337,"RG","SE"
232,4,337,"RG","SE"
525,9,337,"RG","SE"
515,4,337,"RG","SE"
255,1,337,"RG","SE"
455,3,337,"RG","SE"
533,5,337,"RG","SE"
319,1,337,"RG","SE"
138,2,337,"RG","SE"
186,2,337,"RG","SE"
190,1,337,"RG","SE"
5,4,337,"RG","SE"
309,1,337,"RG","SE"
27,2,337,"RG","SE"
116,1,337,"RG","SE"
365,2,337,"RG","SE"
119,1,337,"RG","SE"
395,1,337,"RG","SE"
410,2,337,"RG","SE"
3,5,337,"RG","SE"
171,1,337,"RG","SE"
16,3,337,"RG","SE"
431,1,337,"RG","SE"
305,1,337,"RG","SE"
244,3,337,"RG","SE"
493,7,337,"RG","SE"
540,8,337,"RG","SE"
199,1,337,"RG","SE"
419,1,337,"RG","SE"
399,1,337,"RG","SE"
261,3,337,"RG","SE"
435,2,337,"RG","SE"
368,1,337,"RG","SE"
132,1,337,"RG","SE"
4,5,337,"RG","SE"
291,1,337,"RG","SE"
506,7,337,"RG","SE"
302,2,337,"RG","SE"
500,22,337,"RG","SE"
345,1,337,"RG","SE"
534,3,337,"RG","SE"
516,4,337,"RG","SE"
141,2,337,"RG","SE"
235,1,337,"RG","SE"
486,5,337,"RG","SE"
445,10,337,"RG","SE"
415,1,337,"RG","SE"
111,1,337,"RG","SE"
494,8,337,"RG","SE"
349,1,337,"RG","SE"
438,6,337,"RG","SE"
128,1,337,"RG","SE"
504,10,337,"RG","SE"
179,12,337,"RG","SE"
146,1,337,"RG","SE"
545,1,337,"RG","SE"
466,1,337,"RG","SE"
368,1,338,"RG","SE"
257,1,338,"RG","SE"
119,1,338,"RG","SE"
207,1,338,"RG","SE"
540,8,338,"RG","SE"
525,9,338,"RG","SE"
370,1,338,"RG","SE"
21,7,338,"RG","SE"
345,1,338,"RG","SE"
515,4,338,"RG","SE"
471,3,338,"RG","SE"
312,1,338,"RG","SE"
376,3,338,"RG","SE"
145,1,338,"RG","SE"
348,2,338,"RG","SE"
366,1,338,"RG","SE"
354,2,338,"RG","SE"
480,6,338,"RG","SE"
169,1,338,"RG","SE"
352,2,338,"RG","SE"
494,8,338,"RG","SE"
395,1,338,"RG","SE"
514,6,338,"RG","SE"
534,3,338,"RG","SE"
456,1,338,"RG","SE"
457,2,338,"RG","SE"
516,4,338,"RG","SE"
87,1,338,"RG","SE"
465,1,338,"RG","SE"
317,2,338,"RG","SE"
463,1,338,"RG","SE"
433,2,338,"RG","SE"
474,1,338,"RG","SE"
282,1,338,"RG","SE"
269,1,338,"RG","SE"
332,1,338,"RG","SE"
175,1,338,"RG","SE"
102,1,338,"RG","SE"
489,4,338,"RG","SE"
67,9,338,"RG","SE"
253,1,338,"RG","SE"
365,2,338,"RG","SE"
104,2,338,"RG","SE"
544,1,338,"RG","SE"
438,6,338,"RG","SE"
431,1,338,"RG","SE"
103,1,338,"RG","SE"
223,1,338,"RG","SE"
185,1,338,"RG","SE"
519,3,338,"RG","SE"
68,5,338,"RG","SE"
108,1,338,"RG","SE"
387,1,338,"RG","SE"
372,1,338,"RG","SE"
11,27,338,"RG","SE"
363,2,338,"RG","SE"
458,1,338,"RG","SE"
509,3,338,"RG","SE"
204,2,339,"RG","SE"
501,17,339,"RG","SE"
190,1,339,"RG","SE"
54,39,339,"RG","SE"
258,1,339,"RG","SE"
160,1,339,"RG","SE"
179,12,339,"RG","SE"
539,1,339,"RG","SE"
538,2,339,"RG","SE"
209,1,339,"RG","SE"
508,14,339,"RG","SE"
112,4,339,"RG","SE"
548,1,339,"RG","SE"
147,1,339,"RG","SE"
11,27,339,"RG","SE"
273,1,339,"RG","SE"
38,3,339,"RG","SE"
123,4,339,"RG","SE"
466,1,339,"RG","SE"
101,1,339,"RG","SE"
461,1,339,"RG","SE"
232,4,339,"RG","SE"
170,1,339,"RG","SE"
458,1,339,"RG","SE"
540,8,339,"RG","SE"
351,1,339,"RG","SE"
3,5,339,"RG","SE"
169,1,339,"RG","SE"
368,1,339,"RG","SE"
72,9,339,"RG","SE"
303,6,339,"RG","SE"
142,1,339,"RG","SE"
493,7,339,"RG","SE"
157,1,339,"RG","SE"
191,1,339,"RG","SE"
106,1,339,"RG","SE"
173,2,339,"RG","SE"
252,2,339,"RG","SE"
266,1,339,"RG","SE"
358,16,339,"RG","SE"
517,6,339,"RG","SE"
399,1,339,"RG","SE"
203,1,339,"RG","SE"
245,1,339,"RG","SE"
5,4,339,"RG","SE"
282,1,339,"RG","SE"
222,2,339,"RG","SE"
45,1,339,"RG","SE"
349,1,339,"RG","SE"
219,1,339,"RG","SE"
183,3,339,"RG","SE"
89,1,339,"RG","SE"
286,1,339,"RG","SE"
317,2,339,"RG","SE"
341,2,339,"RG","SE"
257,1,339,"RG","SE"
357,1,339,"RG","SE"
187,1,339,"RG","SE"
278,1,340,"RG","SE"
366,1,340,"RG","SE"
146,1,340,"RG","SE"
417,1,340,"RG","SE"
437,1,340,"RG","SE"
517,6,340,"RG","SE"
187,1,340,"RG","SE"
164,6,340,"RG","SE"
500,22,340,"RG","SE"
415,1,340,"RG","SE"
309,1,340,"RG","SE"
276,3,340,"RG","SE"
382,1,340,"RG","SE"
266,1,340,"RG","SE"
145,1,340,"RG","SE"
508,14,340,"RG","SE"
119,1,340,"RG","SE"
539,1,340,"RG","SE"
498,25,340,"RG","SE"
514,6,340,"RG","SE"
143,1,340,"RG","SE"
258,1,340,"RG","SE"
419,1,340,"RG","SE"
228,1,340,"RG","SE"
367,2,340,"RG","SE"
183,3,340,"RG","SE"
157,1,340,"RG","SE"
535,3,340,"RG","SE"
144,1,340,"RG","SE"
489,4,340,"RG","SE"
235,1,340,"RG","SE"
376,3,340,"RG","SE"
394,1,340,"RG","SE"
544,1,340,"RG","SE"
474,1,340,"RG","SE"
523,4,340,"RG","SE"
11,27,340,"RG","SE"
529,5,340,"RG","SE"
439,1,340,"RG","SE"
13,1,340,"RG","SE"
509,3,340,"RG","SE"
169,1,340,"RG","SE"
194,1,340,"RG","SE"
516,4,340,"RG","SE"
85,15,340,"RG","SE"
457,2,340,"RG","SE"
422,4,340,"RG","SE"
519,3,340,"RG","SE"
105,1,340,"RG","SE"
285,3,340,"RG","SE"
374,2,340,"RG","SE"
369,2,340,"RG","SE"
431,1,340,"RG","SE"
17,5,340,"RG","SE"
445,10,340,"RG","SE"
440,1,340,"RG","SE"
381,3,340,"RG","SE"
142,1,340,"RG","SE"
445,10,341,"RG","SE"
253,1,341,"RG","SE"
395,1,341,"RG","SE"
399,1,341,"RG","SE"
465,1,341,"RG","SE"
431,1,341,"RG","SE"
441,1,341,"RG","SE"
166,1,341,"RG","SE"
123,4,341,"RG","SE"
380,2,341,"RG","SE"
129,2,341,"RG","SE"
539,1,341,"RG","SE"
476,1,341,"RG","SE"
378,1,341,"RG","SE"
540,8,341,"RG","SE"
419,1,341,"RG","SE"
214,1,341,"RG","SE"
101,1,341,"RG","SE"
341,2,341,"RG","SE"
474,1,341,"RG","SE"
349,1,341,"RG","SE"
410,2,341,"RG","SE"
254,1,341,"RG","SE"
435,2,341,"RG","SE"
525,9,341,"RG","SE"
285,3,341,"RG","SE"
322,3,341,"RG","SE"
7,21,341,"RG","SE"
199,1,341,"RG","SE"
517,6,341,"RG","SE"
515,4,341,"RG","SE"
365,2,341,"RG","SE"
21,7,341,"RG","SE"
255,1,341,"RG","SE"
158,3,341,"RG","SE"
91,5,341,"RG","SE"
193,2,341,"RG","SE"
209,1,341,"RG","SE"
504,10,341,"RG","SE"
283,1,341,"RG","SE"
425,4,341,"RG","SE"
534,3,341,"RG","SE"
142,1,341,"RG","SE"
456,1,341,"RG","SE"
415,1,341,"RG","SE"
277,1,341,"RG","SE"
490,4,341,"RG","SE"
309,1,341,"RG","SE"
185,1,341,"RG","SE"
228,1,341,"RG","SE"
484,4,341,"RG","SE"
493,7,341,"RG","SE"
352,2,341,"RG","SE"
282,1,341,"RG","SE"
108,1,341,"RG","SE"
122,2,341,"RG","SE"
67,9,341,"RG","SE"
204,2,341,"RG","SE"
413,1,342,"RG","SE"
527,8,342,"RG","SE"
374,2,342,"RG","SE"
455,3,342,"RG","SE"
83,2,342,"RG","SE"
276,3,342,"RG","SE"
169,1,342,"RG","SE"
13,1,342,"RG","SE"
544,1,342,"RG","SE"
470,5,342,"RG","SE"
466,1,342,"RG","SE"
76,4,342,"RG","SE"
183,3,342,"RG","SE"
112,4,342,"RG","SE"
508,14,342,"RG","SE"
506,7,342,"RG","SE"
352,2,342,"RG","SE"
389,3,342,"RG","SE"
519,3,342,"RG","SE"
131,1,342,"RG","SE"
326,2,342,"RG","SE"
132,1,342,"RG","SE"
303,6,342,"RG","SE"
477,4,342,"RG","SE"
232,4,342,"RG","SE"
196,2,342,"RG","SE"
198,2,342,"RG","SE"
529,5,342,"RG","SE"
302,2,342,"RG","SE"
422,4,342,"RG","SE"
462,1,342,"RG","SE"
28,50,342,"RG","SE"
20,7,342,"RG","SE"
296,1,342,"RG","SE"
532,5,342,"RG","SE"
439,1,342,"RG","SE"
155,1,342,"RG","SE"
111,1,342,"RG","SE"
204,2,342,"RG","SE"
291,1,342,"RG","SE"
332,1,342,"RG","SE"
310,1,342,"RG","SE"
547,1,342,"RG","SE"
255,1,342,"RG","SE"
142,1,342,"RG","SE"
170,1,342,"RG","SE"
143,1,342,"RG","SE"
72,9,342,"RG","SE"
249,2,342,"RG","SE"
27,2,342,"RG","SE"
166,1,342,"RG","SE"
513,6,342,"RG","SE"
528,5,342,"RG","SE"
44,30,342,"RG","SE"
457,2,342,"RG","SE"
340,1,342,"RG","SE"
433,2,342,"RG","SE"
207,1,342,"RG","SE"
132,1,343,"RG","SE"
68,5,343,"RG","SE"
534,3,343,"RG","SE"
445,10,343,"RG","SE"
422,4,343,"RG","SE"
203,1,343,"RG","SE"
140,1,343,"RG","SE"
209,1,343,"RG","SE"
19,5,343,"RG","SE"
285,3,343,"RG","SE"
247,3,343,"RG","SE"
458,1,343,"RG","SE"
264,1,343,"RG","SE"
303,6,343,"RG","SE"
519,3,343,"RG","SE"
389,3,343,"RG","SE"
141,2,343,"RG","SE"
509,3,343,"RG","SE"
466,1,343,"RG","SE"
438,6,343,"RG","SE"
125,1,343,"RG","SE"
437,1,343,"RG","SE"
301,1,343,"RG","SE"
16,3,343,"RG","SE"
533,5,343,"RG","SE"
312,1,343,"RG","SE"
456,1,343,"RG","SE"
89,1,343,"RG","SE"
145,1,343,"RG","SE"
282,1,343,"RG","SE"
501,17,343,"RG","SE"
151,1,343,"RG","SE"
266,1,343,"RG","SE"
22,4,343,"RG","SE"
124,4,343,"RG","SE"
374,2,343,"RG","SE"
20,7,343,"RG","SE"
517,6,343,"RG","SE"
392,1,343,"RG","SE"
431,1,343,"RG","SE"
248,5,343,"RG","SE"
498,25,343,"RG","SE"
160,1,343,"RG","SE"
83,2,343,"RG","SE"
67,9,343,"RG","SE"
441,1,343,"RG","SE"
471,3,343,"RG","SE"
269,1,343,"RG","SE"
317,2,343,"RG","SE"
461,1,343,"RG","SE"
12,11,343,"RG","SE"
394,1,343,"RG","SE"
254,1,343,"RG","SE"
455,3,343,"RG","SE"
363,2,343,"RG","SE"
232,4,343,"RG","SE"
349,1,343,"RG","SE"
11,27,343,"RG","SE"
248,5,344,"RG","SE"
461,1,344,"RG","SE"
155,1,344,"RG","SE"
531,2,344,"RG","SE"
148,1,344,"RG","SE"
64,9,344,"RG","SE"
168,1,344,"RG","SE"
469,5,344,"RG","SE"
194,1,344,"RG","SE"
404,1,344,"RG","SE"
474,1,344,"RG","SE"
501,17,344,"RG","SE"
452,1,344,"RG","SE"
202,1,344,"RG","SE"
104,2,344,"RG","SE"
533,5,344,"RG","SE"
235,1,344,"RG","SE"
20,7,344,"RG","SE"
214,1,344,"RG","SE"
269,1,344,"RG","SE"
273,1,344,"RG","SE"
445,10,344,"RG","SE"
261,3,344,"RG","SE"
488,6,344,"RG","SE"
219,1,344,"RG","SE"
91,5,344,"RG","SE"
157,1,344,"RG","SE"
380,2,344,"RG","SE"
72,9,344,"RG","SE"
436,1,344,"RG","SE"
481,2,344,"RG","SE"
302,2,344,"RG","SE"
13,1,344,"RG","SE"
115,1,344,"RG","SE"
158,3,344,"RG","SE"
144,1,344,"RG","SE"
285,3,344,"RG","SE"
523,4,344,"RG","SE"
125,1,344,"RG","SE"
544,1,344,"RG","SE"
489,4,344,"RG","SE"
529,5,344,"RG","SE"
439,1,344,"RG","SE"
490,4,344,"RG","SE"
171,1,344,"RG","SE"
122,2,344,"RG","SE"
291,1,344,"RG","SE"
438,6,344,"RG","SE"
471,3,344,"RG","SE"
232,4,344,"RG","SE"
369,2,344,"RG","SE"
108,1,344,"RG","SE"
502,7,344,"RG","SE"
304,2,344,"RG","SE"
358,16,344,"RG","SE"
89,1,344,"RG","SE"
368,1,344,"RG","SE"
480,6,344,"RG","SE"
119,1,345,"RG","SE"
345,1,345,"RG","SE"
524,2,345,"RG","SE"
25,1,345,"RG","SE"
482,5,345,"RG","SE"
169,1,345,"RG","SE"
164,6,345,"RG","SE"
102,1,345,"RG","SE"
291,1,345,"RG","SE"
54,39,345,"RG","SE"
284,1,345,"RG","SE"
455,3,345,"RG","SE"
19,5,345,"RG","SE"
143,1,345,"RG","SE"
191,1,345,"RG","SE"
523,4,345,"RG","SE"
223,1,345,"RG","SE"
153,1,345,"RG","SE"
77,17,345,"RG","SE"
86,2,345,"RG","SE"
541,8,345,"RG","SE"
17,5,345,"RG","SE"
365,2,345,"RG","SE"
305,1,345,"RG","SE"
341,2,345,"RG","SE"
532,5,345,"RG","SE"
146,1,345,"RG","SE"
413,1,345,"RG","SE"
257,1,345,"RG","SE"
11,27,345,"RG","SE"
421,4,345,"RG","SE"
308,2,345,"RG","SE"
179,12,345,"RG","SE"
508,14,345,"RG","SE"
548,1,345,"RG","SE"
531,2,345,"RG","SE"
13,1,345,"RG","SE"
433,2,345,"RG","SE"
348,2,345,"RG","SE"
67,9,345,"RG","SE"
354,2,345,"RG","SE"
185,1,345,"RG","SE"
264,1,345,"RG","SE"
415,1,345,"RG","SE"
313,3,345,"RG","SE"
193,2,345,"RG","SE"
22,4,345,"RG","SE"
447,4,345,"RG","SE"
89,1,345,"RG","SE"
376,3,345,"RG","SE"
261,3,345,"RG","SE"
166,1,345,"RG","SE"
7,21,345,"RG","SE"
479,6,345,"RG","SE"
242,1,345,"RG","SE"
516,4,345,"RG","SE"
78,21,345,"RG","SE"
122,2,345,"RG","SE"
312,1,346,"RG","SE"
141,2,346,"RG","SE"
264,1,346,"RG","SE"
441,1,346,"RG","SE"
284,1,346,"RG","SE"
466,1,346,"RG","SE"
390,1,346,"RG","SE"
209,1,346,"RG","SE"
496,22,346,"RG","SE"
326,2,346,"RG","SE"
85,15,346,"RG","SE"
142,1,346,"RG","SE"
380,2,346,"RG","SE"
144,1,346,"RG","SE"
21,7,346,"RG","SE"
372,1,346,"RG","SE"
108,1,346,"RG","SE"
526,2,346,"RG","SE"
15,2,346,"RG","SE"
204,2,346,"RG","SE"
282,1,346,"RG","SE"
456,1,346,"RG","SE"
143,1,346,"RG","SE"
488,6,346,"RG","SE"
361,3,346,"RG","SE"
470,5,346,"RG","SE"
422,4,346,"RG","SE"
517,6,346,"RG","SE"
170,1,346,"RG","SE"
317,2,346,"RG","SE"
482,5,346,"RG","SE"
425,4,346,"RG","SE"
67,9,346,"RG","SE"
367,2,346,"RG","SE"
520,2,346,"RG","SE"
22,4,346,"RG","SE"
489,4,346,"RG","SE"
467,4,346,"RG","SE"
146,1,346,"RG","SE"
153,1,346,"RG","SE"
458,1,346,"RG","SE"
493,7,346,"RG","SE"
244,3,346,"RG","SE"
505,11,346,"RG","SE"
541,8,346,"RG","SE"
469,5,346,"RG","SE"
535,3,346,"RG","SE"
486,5,346,"RG","SE"
223,1,346,"RG","SE"
501,17,346,"RG","SE"
319,1,346,"RG","SE"
474,1,346,"RG","SE"
439,1,346,"RG","SE"
500,22,346,"RG","SE"
168,1,346,"RG","SE"
12,11,346,"RG","SE"
413,1,346,"RG","SE"
401,1,346,"RG","SE"
124,4,347,"RG","SE"
505,11,347,"RG","SE"
175,1,347,"RG","SE"
487,4,347,"RG","SE"
141,2,347,"RG","SE"
27,2,347,"RG","SE"
17,5,347,"RG","SE"
457,2,347,"RG","SE"
516,4,347,"RG","SE"
258,1,347,"RG","SE"
493,7,347,"RG","SE"
312,1,347,"RG","SE"
535,3,347,"RG","SE"
368,1,347,"RG","SE"
168,1,347,"RG","SE"
541,8,347,"RG","SE"
480,6,347,"RG","SE"
294,3,347,"RG","SE"
91,5,347,"RG","SE"
377,2,347,"RG","SE"
348,2,347,"RG","SE"
502,7,347,"RG","SE"
520,2,347,"RG","SE"
198,2,347,"RG","SE"
378,1,347,"RG","SE"
544,1,347,"RG","SE"
116,1,347,"RG","SE"
45,1,347,"RG","SE"
540,8,347,"RG","SE"
305,1,347,"RG","SE"
387,1,347,"RG","SE"
479,6,347,"RG","SE"
476,1,347,"RG","SE"
418,1,347,"RG","SE"
465,1,347,"RG","SE"
425,4,347,"RG","SE"
496,22,347,"RG","SE"
33,12,347,"RG","SE"
392,1,347,"RG","SE"
538,2,347,"RG","SE"
363,2,347,"RG","SE"
328,1,347,"RG","SE"
494,8,347,"RG","SE"
209,1,347,"RG","SE"
164,6,347,"RG","SE"
171,1,347,"RG","SE"
304,2,347,"RG","SE"
15,2,347,"RG","SE"
343,9,347,"RG","SE"
32,6,347,"RG","SE"
284,1,347,"RG","SE"
85,15,347,"RG","SE"
301,1,347,"RG","SE"
532,5,347,"RG","SE"
111,1,347,"RG","SE"
452,1,347,"RG","SE"
441,1,347,"RG","SE"
268,1,347,"RG","SE"
381,3,348,"RG","SE"
540,8,348,"RG","SE"
545,1,348,"RG","SE"
269,1,348,"RG","SE"
352,2,348,"RG","SE"
255,1,348,"RG","SE"
261,3,348,"RG","SE"
228,1,348,"RG","SE"
104,2,348,"RG","SE"
336,1,348,"RG","SE"
487,4,348,"RG","SE"
160,1,348,"RG","SE"
479,6,348,"RG","SE"
377,2,348,"RG","SE"
317,2,348,"RG","SE"
326,2,348,"RG","SE"
103,1,348,"RG","SE"
19,5,348,"RG","SE"
435,2,348,"RG","SE"
164,6,348,"RG","SE"
390,1,348,"RG","SE"
284,1,348,"RG","SE"
14,30,348,"RG","SE"
122,2,348,"RG","SE"
57,9,348,"RG","SE"
273,1,348,"RG","SE"
368,1,348,"RG","SE"
61,50,348,"RG","SE"
358,16,348,"RG","SE"
171,1,348,"RG","SE"
455,3,348,"RG","SE"
72,9,348,"RG","SE"
305,1,348,"RG","SE"
258,1,348,"RG","SE"
89,1,348,"RG","SE"
508,14,348,"RG","SE"
309,1,348,"RG","SE"
531,2,348,"RG","SE"
86,2,348,"RG","SE"
151,1,348,"RG","SE"
199,1,348,"RG","SE"
20,7,348,"RG","SE"
214,1,348,"RG","SE"
303,6,348,"RG","SE"
282,1,348,"RG","SE"
140,1,348,"RG","SE"
170,1,348,"RG","SE"
399,1,348,"RG","SE"
525,9,348,"RG","SE"
318,3,348,"RG","SE"
547,1,348,"RG","SE"
203,1,348,"RG","SE"
247,3,348,"RG","SE"
486,5,348,"RG","SE"
130,1,348,"RG","SE"
404,1,348,"RG","SE"
506,7,348,"RG","SE"
483,5,348,"RG","SE"
526,2,349,"RG","SE"
382,1,349,"RG","SE"
381,3,349,"RG","SE"
261,3,349,"RG","SE"
242,1,349,"RG","SE"
421,4,349,"RG","SE"
479,6,349,"RG","SE"
317,2,349,"RG","SE"
455,3,349,"RG","SE"
310,1,349,"RG","SE"
266,1,349,"RG","SE"
502,7,349,"RG","SE"
285,3,349,"RG","SE"
378,1,349,"RG","SE"
529,5,349,"RG","SE"
87,1,349,"RG","SE"
248,5,349,"RG","SE"
431,1,349,"RG","SE"
498,25,349,"RG","SE"
115,1,349,"RG","SE"
209,1,349,"RG","SE"
138,2,349,"RG","SE"
308,2,349,"RG","SE"
38,3,349,"RG","SE"
175,1,349,"RG","SE"
193,2,349,"RG","SE"
26,59,349,"RG","SE"
12,11,349,"RG","SE"
357,1,349,"RG","SE"
199,1,349,"RG","SE"
532,5,349,"RG","SE"
110,1,349,"RG","SE"
415,1,349,"RG","SE"
372,1,349,"RG","SE"
10,1,349,"RG","SE"
480,6,349,"RG","SE"
125,1,349,"RG","SE"
304,2,349,"RG","SE"
470,5,349,"RG","SE"
3,5,349,"RG","SE"
76,4,349,"RG","SE"
447,4,349,"RG","SE"
439,1,349,"RG","SE"
401,1,349,"RG","SE"
65,4,349,"RG","SE"
85,15,349,"RG","SE"
13,1,349,"RG","SE"
131,1,349,"RG","SE"
7,21,349,"RG","SE"
21,7,349,"RG","SE"
489,4,349,"RG","SE"
534,3,349,"RG","SE"
296,1,349,"RG","SE"
312,1,349,"RG","SE"
494,8,349,"RG","SE"
538,2,349,"RG","SE"
366,1,349,"RG","SE"
157,1,349,"RG","SE"
17,5,350,"RG","SE"
61,50,350,"RG","SE"
153,1,350,"RG","SE"
456,1,350,"RG","SE"
433,2,350,"RG","SE"
149,1,350,"RG","SE"
65,4,350,"RG","SE"
76,4,350,"RG","SE"
21,7,350,"RG","SE"
304,2,350,"RG","SE"
435,2,350,"RG","SE"
419,1,350,"RG","SE"
296,1,350,"RG","SE"
25,1,350,"RG","SE"
155,1,350,"RG","SE"
345,1,350,"RG","SE"
112,4,350,"RG","SE"
392,1,350,"RG","SE"
259,6,350,"RG","SE"
249,2,350,"RG","SE"
372,1,350,"RG","SE"
352,2,350,"RG","SE"
496,22,350,"RG","SE"
301,1,350,"RG","SE"
42,1,350,"RG","SE"
493,7,350,"RG","SE"
520,2,350,"RG","SE"
390,1,350,"RG","SE"
203,1,350,"RG","SE"
455,3,350,"RG","SE"
404,1,350,"RG","SE"
170,1,350,"RG","SE"
16,3,350,"RG","SE"
332,1,350,"RG","SE"
110,1,350,"RG","SE"
365,2,350,"RG","SE"
193,2,350,"RG","SE"
268,1,350,"RG","SE"
28,50,350,"RG","SE"
294,3,350,"RG","SE"
481,2,350,"RG","SE"
257,1,350,"RG","SE"
470,5,350,"RG","SE"
179,12,350,"RG","SE"
54,39,350,"RG","SE"
394,1,350,"RG","SE"
541,8,350,"RG","SE"
513,6,350,"RG","SE"
44,30,350,"RG","SE"
245,1,350,"RG","SE"
303,6,350,"RG","SE"
111,1,350,"RG","SE"
168,1,350,"RG","SE"
509,3,350,"RG","SE"
477,4,350,"RG","SE"
14,30,350,"RG","SE"
219,1,350,"RG","SE"
202,1,350,"RG","SE"
481,2,351,"RG","SE"
138,2,351,"RG","SE"
123,4,351,"RG","SE"
38,3,351,"RG","SE"
498,25,351,"RG","SE"
284,1,351,"RG","SE"
144,1,351,"RG","SE"
516,4,351,"RG","SE"
20,7,351,"RG","SE"
425,4,351,"RG","SE"
401,1,351,"RG","SE"
169,1,351,"RG","SE"
378,1,351,"RG","SE"
141,2,351,"RG","SE"
344,1,351,"RG","SE"
259,6,351,"RG","SE"
244,3,351,"RG","SE"
72,9,351,"RG","SE"
455,3,351,"RG","SE"
45,1,351,"RG","SE"
54,39,351,"RG","SE"
494,8,351,"RG","SE"
147,1,351,"RG","SE"
413,1,351,"RG","SE"
67,9,351,"RG","SE"
207,1,351,"RG","SE"
26,59,351,"RG","SE"
33,12,351,"RG","SE"
313,3,351,"RG","SE"
255,1,351,"RG","SE"
474,1,351,"RG","SE"
112,4,351,"RG","SE"
101,1,351,"RG","SE"
368,1,351,"RG","SE"
509,3,351,"RG","SE"
365,2,351,"RG","SE"
279,1,351,"RG","SE"
302,2,351,"RG","SE"
502,7,351,"RG","SE"
22,4,351,"RG","SE"
430,1,351,"RG","SE"
319,1,351,"RG","SE"
36,3,351,"RG","SE"
104,2,351,"RG","SE"
410,2,351,"RG","SE"
185,1,351,"RG","SE"
322,3,351,"RG","SE"
376,3,351,"RG","SE"
520,2,351,"RG","SE"
462,1,351,"RG","SE"
191,1,351,"RG","SE"
377,2,351,"RG","SE"
151,1,351,"RG","SE"
51,2,351,"RG","SE"
237,1,351,"RG","SE"
303,6,351,"RG","SE"
515,4,351,"RG","SE"
183,3,351,"RG","SE"
322,3,352,"RG","SE"
319,1,352,"RG","SE"
10,1,352,"RG","SE"
505,11,352,"RG","SE"
532,5,352,"RG","SE"
222,2,352,"RG","SE"
381,3,352,"RG","SE"
183,3,352,"RG","SE"
158,3,352,"RG","SE"
458,1,352,"RG","SE"
504,10,352,"RG","SE"
520,2,352,"RG","SE"
524,2,352,"RG","SE"
422,4,352,"RG","SE"
91,5,352,"RG","SE"
332,1,352,"RG","SE"
418,1,352,"RG","SE"
89,1,352,"RG","SE"
462,1,352,"RG","SE"
175,1,352,"RG","SE"
480,6,352,"RG","SE"
19,5,352,"RG","SE"
72,9,352,"RG","SE"
145,1,352,"RG","SE"
534,3,352,"RG","SE"
351,1,352,"RG","SE"
204,2,352,"RG","SE"
171,1,352,"RG","SE"
259,6,352,"RG","SE"
513,6,352,"RG","SE"
343,9,352,"RG","SE"
28,50,352,"RG","SE"
284,1,352,"RG","SE"
358,16,352,"RG","SE"
467,4,352,"RG","SE"
525,9,352,"RG","SE"
115,1,352,"RG","SE"
126,3,352,"RG","SE"
243,2,352,"RG","SE"
170,1,352,"RG","SE"
533,5,352,"RG","SE"
105,1,352,"RG","SE"
435,2,352,"RG","SE"
140,1,352,"RG","SE"
461,1,352,"RG","SE"
376,3,352,"RG","SE"
38,3,352,"RG","SE"
490,4,352,"RG","SE"
51,2,352,"RG","SE"
541,8,352,"RG","SE"
202,1,352,"RG","SE"
302,2,352,"RG","SE"
309,1,352,"RG","SE"
104,2,352,"RG","SE"
476,1,352,"RG","SE"
483,5,352,"RG","SE"
313,3,352,"RG","SE"
471,3,352,"RG","SE"
349,1,353,"RG","SE"
276,3,353,"RG","SE"
13,1,353,"RG","SE"
506,7,353,"RG","SE"
489,4,353,"RG","SE"
439,1,353,"RG","SE"
247,3,353,"RG","SE"
332,1,353,"RG","SE"
494,8,353,"RG","SE"
173,2,353,"RG","SE"
138,2,353,"RG","SE"
291,1,353,"RG","SE"
425,4,353,"RG","SE"
367,2,353,"RG","SE"
186,2,353,"RG","SE"
194,1,353,"RG","SE"
22,4,353,"RG","SE"
471,3,353,"RG","SE"
328,1,353,"RG","SE"
348,2,353,"RG","SE"
252,2,353,"RG","SE"
319,1,353,"RG","SE"
214,1,353,"RG","SE"
377,2,353,"RG","SE"
104,2,353,"RG","SE"
285,3,353,"RG","SE"
168,1,353,"RG","SE"
242,1,353,"RG","SE"
397,1,353,"RG","SE"
445,10,353,"RG","SE"
435,2,353,"RG","SE"
305,1,353,"RG","SE"
462,1,353,"RG","SE"
433,2,353,"RG","SE"
219,1,353,"RG","SE"
223,1,353,"RG","SE"
203,1,353,"RG","SE"
273,1,353,"RG","SE"
461,1,353,"RG","SE"
80,6,353,"RG","SE"
387,1,353,"RG","SE"
369,2,353,"RG","SE"
261,3,353,"RG","SE"
520,2,353,"RG","SE"
527,8,353,"RG","SE"
500,22,353,"RG","SE"
126,3,353,"RG","SE"
309,1,353,"RG","SE"
336,1,353,"RG","SE"
124,4,353,"RG","SE"
54,39,353,"RG","SE"
519,3,353,"RG","SE"
166,1,353,"RG","SE"
438,6,353,"RG","SE"
32,6,353,"RG","SE"
132,1,353,"RG","SE"
410,2,353,"RG","SE"
7,21,353,"RG","SE"
418,1,354,"RG","SE"
15,2,354,"RG","SE"
13,1,354,"RG","SE"
223,1,354,"RG","SE"
87,1,354,"RG","SE"
164,6,354,"RG","SE"
544,1,354,"RG","SE"
44,30,354,"RG","SE"
78,21,354,"RG","SE"
141,2,354,"RG","SE"
228,1,354,"RG","SE"
187,1,354,"RG","SE"
142,1,354,"RG","SE"
244,3,354,"RG","SE"
101,1,354,"RG","SE"
390,1,354,"RG","SE"
345,1,354,"RG","SE"
143,1,354,"RG","SE"
490,4,354,"RG","SE"
76,4,354,"RG","SE"
132,1,354,"RG","SE"
482,5,354,"RG","SE"
22,4,354,"RG","SE"
445,10,354,"RG","SE"
341,2,354,"RG","SE"
309,1,354,"RG","SE"
351,1,354,"RG","SE"
421,4,354,"RG","SE"
10,1,354,"RG","SE"
348,2,354,"RG","SE"
376,3,354,"RG","SE"
7,21,354,"RG","SE"
128,1,354,"RG","SE"
140,1,354,"RG","SE"
538,2,354,"RG","SE"
264,1,354,"RG","SE"
535,3,354,"RG","SE"
12,11,354,"RG","SE"
225,1,354,"RG","SE"
252,2,354,"RG","SE"
249,2,354,"RG","SE"
11,27,354,"RG","SE"
259,6,354,"RG","SE"
64,9,354,"RG","SE"
477,4,354,"RG","SE"
500,22,354,"RG","SE"
520,2,354,"RG","SE"
17,5,354,"RG","SE"
282,1,354,"RG","SE"
61,50,354,"RG","SE"
365,2,354,"RG","SE"
508,14,354,"RG","SE"
547,1,354,"RG","SE"
322,3,354,"RG","SE"
145,1,354,"RG","SE"
175,1,354,"RG","SE"
506,7,354,"RG","SE"
32,6,354,"RG","SE"
57,9,355,"RG","SE"
479,6,355,"RG","SE"
481,2,355,"RG","SE"
387,1,355,"RG","SE"
219,1,355,"RG","SE"
190,1,355,"RG","SE"
548,1,355,"RG","SE"
358,16,355,"RG","SE"
244,3,355,"RG","SE"
377,2,355,"RG","SE"
483,5,355,"RG","SE"
467,4,355,"RG","SE"
381,3,355,"RG","SE"
361,3,355,"RG","SE"
368,1,355,"RG","SE"
529,5,355,"RG","SE"
144,1,355,"RG","SE"
538,2,355,"RG","SE"
179,12,355,"RG","SE"
534,3,355,"RG","SE"
528,5,355,"RG","SE"
436,1,355,"RG","SE"
349,1,355,"RG","SE"
317,2,355,"RG","SE"
494,8,355,"RG","SE"
111,1,355,"RG","SE"
119,1,355,"RG","SE"
523,4,355,"RG","SE"
284,1,355,"RG","SE"
439,1,355,"RG","SE"
138,2,355,"RG","SE"
382,1,355,"RG","SE"
455,3,355,"RG","SE"
357,1,355,"RG","SE"
498,25,355,"RG","SE"
340,1,355,"RG","SE"
104,2,355,"RG","SE"
223,1,355,"RG","SE"
250,1,355,"RG","SE"
372,1,355,"RG","SE"
291,1,355,"RG","SE"
203,1,355,"RG","SE"
351,1,355,"RG","SE"
305,1,355,"RG","SE"
248,5,355,"RG","SE"
243,2,355,"RG","SE"
392,1,355,"RG","SE"
141,2,355,"RG","SE"
401,1,355,"RG","SE"
365,2,355,"RG","SE"
7,21,355,"RG","SE"
105,1,355,"RG","SE"
516,4,355,"RG","SE"
264,1,355,"RG","SE"
101,1,355,"RG","SE"
54,39,355,"RG","SE"
426,4,355,"RG","SE"
252,2,355,"RG","SE"
302,2,356,"RG","SE"
358,16,356,"RG","SE"
168,1,356,"RG","SE"
348,2,356,"RG","SE"
104,2,356,"RG","SE"
526,2,356,"RG","SE"
57,9,356,"RG","SE"
397,1,356,"RG","SE"
361,3,356,"RG","SE"
15,2,356,"RG","SE"
368,1,356,"RG","SE"
505,11,356,"RG","SE"
128,1,356,"RG","SE"
26,59,356,"RG","SE"
247,3,356,"RG","SE"
390,1,356,"RG","SE"
520,2,356,"RG","SE"
433,2,356,"RG","SE"
166,1,356,"RG","SE"
378,1,356,"RG","SE"
404,1,356,"RG","SE"
519,3,356,"RG","SE"
261,3,356,"RG","SE"
438,6,356,"RG","SE"
112,4,356,"RG","SE"
447,4,356,"RG","SE"
481,2,356,"RG","SE"
326,2,356,"RG","SE"
36,3,356,"RG","SE"
38,3,356,"RG","SE"
101,1,356,"RG","SE"
461,1,356,"RG","SE"
144,1,356,"RG","SE"
341,2,356,"RG","SE"
199,1,356,"RG","SE"
16,3,356,"RG","SE"
255,1,356,"RG","SE"
486,5,356,"RG","SE"
483,5,356,"RG","SE"
17,5,356,"RG","SE"
501,17,356,"RG","SE"
204,2,356,"RG","SE"
140,1,356,"RG","SE"
538,2,356,"RG","SE"
528,5,356,"RG","SE"
535,3,356,"RG","SE"
258,1,356,"RG","SE"
345,1,356,"RG","SE"
146,1,356,"RG","SE"
410,2,356,"RG","SE"
126,3,356,"RG","SE"
534,3,356,"RG","SE"
369,2,356,"RG","SE"
493,7,356,"RG","SE"
517,6,356,"RG","SE"
219,1,356,"RG","SE"
539,1,356,"RG","SE"
148,1,356,"RG","SE"
483,5,357,"RG","SE"
202,1,357,"RG","SE"
72,9,357,"RG","SE"
77,17,357,"RG","SE"
548,1,357,"RG","SE"
277,1,357,"RG","SE"
308,2,357,"RG","SE"
304,2,357,"RG","SE"
463,1,357,"RG","SE"
480,6,357,"RG","SE"
482,5,357,"RG","SE"
193,2,357,"RG","SE"
469,5,357,"RG","SE"
13,1,357,"RG","SE"
358,16,357,"RG","SE"
198,2,357,"RG","SE"
531,2,357,"RG","SE"
332,1,357,"RG","SE"
508,14,357,"RG","SE"
513,6,357,"RG","SE"
488,6,357,"RG","SE"
303,6,357,"RG","SE"
486,5,357,"RG","SE"
132,1,357,"RG","SE"
514,6,357,"RG","SE"
78,21,357,"RG","SE"
351,1,357,"RG","SE"
354,2,357,"RG","SE"
144,1,357,"RG","SE"
467,4,357,"RG","SE"
498,25,357,"RG","SE"
138,2,357,"RG","SE"
61,50,357,"RG","SE"
520,2,357,"RG","SE"
51,2,357,"RG","SE"
91,5,357,"RG","SE"
381,3,357,"RG","SE"
310,1,357,"RG","SE"
64,9,357,"RG","SE"
194,1,357,"RG","SE"
328,1,357,"RG","SE"
173,2,357,"RG","SE"
336,1,357,"RG","SE"
276,3,357,"RG","SE"
255,1,357,"RG","SE"
196,2,357,"RG","SE"
232,4,357,"RG","SE"
285,3,357,"RG","SE"
102,1,357,"RG","SE"
151,1,357,"RG","SE"
249,2,357,"RG","SE"
169,1,357,"RG","SE"
524,2,357,"RG","SE"
372,1,357,"RG","SE"
32,6,357,"RG","SE"
67,9,357,"RG","SE"
363,2,357,"RG","SE"
516,4,357,"RG","SE"
534,3,358,"RG","SE"
291,1,358,"RG","SE"
228,1,358,"RG","SE"
538,2,358,"RG","SE"
131,1,358,"RG","SE"
308,2,358,"RG","SE"
21,7,358,"RG","SE"
525,9,358,"RG","SE"
510,9,358,"RG","SE"
57,9,358,"RG","SE"
264,1,358,"RG","SE"
27,2,358,"RG","SE"
501,17,358,"RG","SE"
125,1,358,"RG","SE"
223,1,358,"RG","SE"
436,1,358,"RG","SE"
413,1,358,"RG","SE"
515,4,358,"RG","SE"
296,1,358,"RG","SE"
354,2,358,"RG","SE"
417,1,358,"RG","SE"
365,2,358,"RG","SE"
232,4,358,"RG","SE"
255,1,358,"RG","SE"
160,1,358,"RG","SE"
76,4,358,"RG","SE"
175,1,358,"RG","SE"
191,1,358,"RG","SE"
245,1,358,"RG","SE"
465,1,358,"RG","SE"
544,1,358,"RG","SE"
155,1,358,"RG","SE"
266,1,358,"RG","SE"
253,1,358,"RG","SE"
494,8,358,"RG","SE"
481,2,358,"RG","SE"
149,1,358,"RG","SE"
28,50,358,"RG","SE"
545,1,358,"RG","SE"
116,1,358,"RG","SE"
389,3,358,"RG","SE"
529,5,358,"RG","SE"
348,2,358,"RG","SE"
128,1,358,"RG","SE"
225,1,358,"RG","SE"
168,1,358,"RG","SE"
500,22,358,"RG","SE"
440,1,358,"RG","SE"
435,2,358,"RG","SE"
469,5,358,"RG","SE"
10,1,358,"RG","SE"
363,2,358,"RG","SE"
250,1,358,"RG","SE"
470,5,358,"RG","SE"
186,2,358,"RG","SE"
130,1,358,"RG","SE"
207,1,358,"RG","SE"
144,1,358,"RG","SE"
399,1,359,"RG","SE"
422,4,359,"RG","SE"
490,4,359,"RG","SE"
257,1,359,"RG","SE"
369,2,359,"RG","SE"
514,6,359,"RG","SE"
301,1,359,"RG","SE"
372,1,359,"RG","SE"
112,4,359,"RG","SE"
380,2,359,"RG","SE"
202,1,359,"RG","SE"
61,50,359,"RG","SE"
123,4,359,"RG","SE"
517,6,359,"RG","SE"
119,1,359,"RG","SE"
22,4,359,"RG","SE"
273,1,359,"RG","SE"
138,2,359,"RG","SE"
54,39,359,"RG","SE"
169,1,359,"RG","SE"
435,2,359,"RG","SE"
232,4,359,"RG","SE"
305,1,359,"RG","SE"
199,1,359,"RG","SE"
242,1,359,"RG","SE"
548,1,359,"RG","SE"
418,1,359,"RG","SE"
457,2,359,"RG","SE"
390,1,359,"RG","SE"
203,1,359,"RG","SE"
68,5,359,"RG","SE"
526,2,359,"RG","SE"
332,1,359,"RG","SE"
105,1,359,"RG","SE"
228,1,359,"RG","SE"
207,1,359,"RG","SE"
222,2,359,"RG","SE"
196,2,359,"RG","SE"
544,1,359,"RG","SE"
493,7,359,"RG","SE"
252,2,359,"RG","SE"
104,2,359,"RG","SE"
235,1,359,"RG","SE"
28,50,359,"RG","SE"
67,9,359,"RG","SE"
171,1,359,"RG","SE"
279,1,359,"RG","SE"
102,1,359,"RG","SE"
57,9,359,"RG","SE"
322,3,359,"RG","SE"
456,1,359,"RG","SE"
157,1,359,"RG","SE"
336,1,359,"RG","SE"
501,17,359,"RG","SE"
42,1,359,"RG","SE"
483,5,359,"RG","SE"
179,12,359,"RG","SE"
65,4,359,"RG","SE"
344,1,360,"RG","SE"
544,1,360,"RG","SE"
147,1,360,"RG","SE"
15,2,360,"RG","SE"
425,4,360,"RG","SE"
547,1,360,"RG","SE"
19,5,360,"RG","SE"
477,4,360,"RG","SE"
458,1,360,"RG","SE"
541,8,360,"RG","SE"
32,6,360,"RG","SE"
358,16,360,"RG","SE"
506,7,360,"RG","SE"
413,1,360,"RG","SE"
269,1,360,"RG","SE"
354,2,360,"RG","SE"
533,5,360,"RG","SE"
142,1,360,"RG","SE"
20,7,360,"RG","SE"
175,1,360,"RG","SE"
361,3,360,"RG","SE"
308,2,360,"RG","SE"
441,1,360,"RG","SE"
65,4,360,"RG","SE"
132,1,360,"RG","SE"
250,1,360,"RG","SE"
247,3,360,"RG","SE"
244,3,360,"RG","SE"
122,2,360,"RG","SE"
389,3,360,"RG","SE"
225,1,360,"RG","SE"
235,1,360,"RG","SE"
437,1,360,"RG","SE"
351,1,360,"RG","SE"
101,1,360,"RG","SE"
505,11,360,"RG","SE"
77,17,360,"RG","SE"
395,1,360,"RG","SE"
123,4,360,"RG","SE"
303,6,360,"RG","SE"
199,1,360,"RG","SE"
204,2,360,"RG","SE"
166,1,360,"RG","SE"
498,25,360,"RG","SE"
282,1,360,"RG","SE"
249,2,360,"RG","SE"
330,1,360,"RG","SE"
252,2,360,"RG","SE"
426,4,360,"RG","SE"
124,4,360,"RG","SE"
67,9,360,"RG","SE"
4,5,360,"RG","SE"
253,1,360,"RG","SE"
214,1,360,"RG","SE"
304,2,360,"RG","SE"
237,1,360,"RG","SE"
540,8,360,"RG","SE"
294,3,360,"RG","SE"
277,1,361,"RG","SE"
541,8,361,"RG","SE"
526,2,361,"RG","SE"
198,2,361,"RG","SE"
308,2,361,"RG","SE"
7,21,361,"RG","SE"
170,1,361,"RG","SE"
392,1,361,"RG","SE"
481,2,361,"RG","SE"
17,5,361,"RG","SE"
506,7,361,"RG","SE"
547,1,361,"RG","SE"
183,3,361,"RG","SE"
523,4,361,"RG","SE"
148,1,361,"RG","SE"
67,9,361,"RG","SE"
433,2,361,"RG","SE"
285,3,361,"RG","SE"
242,1,361,"RG","SE"
149,1,361,"RG","SE"
166,1,361,"RG","SE"
202,1,361,"RG","SE"
91,5,361,"RG","SE"
482,5,361,"RG","SE"
27,2,361,"RG","SE"
488,6,361,"RG","SE"
438,6,361,"RG","SE"
173,2,361,"RG","SE"
249,2,361,"RG","SE"
341,2,361,"RG","SE"
525,9,361,"RG","SE"
436,1,361,"RG","SE"
390,1,361,"RG","SE"
374,2,361,"RG","SE"
510,9,361,"RG","SE"
483,5,361,"RG","SE"
524,2,361,"RG","SE"
51,2,361,"RG","SE"
291,1,361,"RG","SE"
33,12,361,"RG","SE"
318,3,361,"RG","SE"
20,7,361,"RG","SE"
22,4,361,"RG","SE"
128,1,361,"RG","SE"
125,1,361,"RG","SE"
294,3,361,"RG","SE"
131,1,361,"RG","SE"
115,1,361,"RG","SE"
219,1,361,"RG","SE"
456,1,361,"RG","SE"
397,1,361,"RG","SE"
437,1,361,"RG","SE"
413,1,361,"RG","SE"
266,1,361,"RG","SE"
235,1,361,"RG","SE"
322,3,361,"RG","SE"
257,1,361,"RG","SE"
86,2,361,"RG","SE"
541,8,362,"RG","SE"
277,1,362,"RG","SE"
204,2,362,"RG","SE"
68,5,362,"RG","SE"
365,2,362,"RG","SE"
304,2,362,"RG","SE"
186,2,362,"RG","SE"
378,1,362,"RG","SE"
514,6,362,"RG","SE"
534,3,362,"RG","SE"
132,1,362,"RG","SE"
119,1,362,"RG","SE"
519,3,362,"RG","SE"
358,16,362,"RG","SE"
254,1,362,"RG","SE"
25,1,362,"RG","SE"
190,1,362,"RG","SE"
527,8,362,"RG","SE"
465,1,362,"RG","SE"
482,5,362,"RG","SE"
397,1,362,"RG","SE"
516,4,362,"RG","SE"
369,2,362,"RG","SE"
80,6,362,"RG","SE"
505,11,362,"RG","SE"
419,1,362,"RG","SE"
247,3,362,"RG","SE"
65,4,362,"RG","SE"
169,1,362,"RG","SE"
426,4,362,"RG","SE"
28,50,362,"RG","SE"
474,1,362,"RG","SE"
19,5,362,"RG","SE"
123,4,362,"RG","SE"
462,1,362,"RG","SE"
374,2,362,"RG","SE"
461,1,362,"RG","SE"
502,7,362,"RG","SE"
413,1,362,"RG","SE"
89,1,362,"RG","SE"
115,1,362,"RG","SE"
513,6,362,"RG","SE"
496,22,362,"RG","SE"
455,3,362,"RG","SE"
196,2,362,"RG","SE"
437,1,362,"RG","SE"
45,1,362,"RG","SE"
11,27,362,"RG","SE"
131,1,362,"RG","SE"
151,1,362,"RG","SE"
225,1,362,"RG","SE"
498,25,362,"RG","SE"
199,1,362,"RG","SE"
436,1,362,"RG","SE"
357,1,362,"RG","SE"
78,21,362,"RG","SE"
399,1,362,"RG","SE"
36,3,362,"RG","SE"
498,25,363,"RG","SE"
132,1,363,"RG","SE"
261,3,363,"RG","SE"
395,1,363,"RG","SE"
517,6,363,"RG","SE"
540,8,363,"RG","SE"
541,8,363,"RG","SE"
17,5,363,"RG","SE"
91,5,363,"RG","SE"
513,6,363,"RG","SE"
471,3,363,"RG","SE"
276,3,363,"RG","SE"
437,1,363,"RG","SE"
524,2,363,"RG","SE"
309,1,363,"RG","SE"
430,1,363,"RG","SE"
457,2,363,"RG","SE"
394,1,363,"RG","SE"
285,3,363,"RG","SE"
186,2,363,"RG","SE"
61,50,363,"RG","SE"
33,12,363,"RG","SE"
539,1,363,"RG","SE"
465,1,363,"RG","SE"
245,1,363,"RG","SE"
259,6,363,"RG","SE"
348,2,363,"RG","SE"
538,2,363,"RG","SE"
157,1,363,"RG","SE"
22,4,363,"RG","SE"
466,1,363,"RG","SE"
49,1,363,"RG","SE"
85,15,363,"RG","SE"
7,21,363,"RG","SE"
477,4,363,"RG","SE"
146,1,363,"RG","SE"
142,1,363,"RG","SE"
122,2,363,"RG","SE"
504,10,363,"RG","SE"
461,1,363,"RG","SE"
286,1,363,"RG","SE"
247,3,363,"RG","SE"
20,7,363,"RG","SE"
528,5,363,"RG","SE"
51,2,363,"RG","SE"
401,1,363,"RG","SE"
250,1,363,"RG","SE"
4,5,363,"RG","SE"
545,1,363,"RG","SE"
249,2,363,"RG","SE"
345,1,363,"RG","SE"
304,2,363,"RG","SE"
10,1,363,"RG","SE"
5,4,363,"RG","SE"
25,1,363,"RG","SE"
494,8,363,"RG","SE"
232,4,363,"RG","SE"
128,1,363,"RG","SE"
519,3,364,"RG","SE"
528,5,364,"RG","SE"
85,15,364,"RG","SE"
243,2,364,"RG","SE"
222,2,364,"RG","SE"
516,4,364,"RG","SE"
296,1,364,"RG","SE"
164,6,364,"RG","SE"
365,2,364,"RG","SE"
484,4,364,"RG","SE"
361,3,364,"RG","SE"
286,1,364,"RG","SE"
26,59,364,"RG","SE"
431,1,364,"RG","SE"
104,2,364,"RG","SE"
175,1,364,"RG","SE"
187,1,364,"RG","SE"
336,1,364,"RG","SE"
80,6,364,"RG","SE"
146,1,364,"RG","SE"
469,5,364,"RG","SE"
378,1,364,"RG","SE"
106,1,364,"RG","SE"
148,1,364,"RG","SE"
439,1,364,"RG","SE"
116,1,364,"RG","SE"
28,50,364,"RG","SE"
72,9,364,"RG","SE"
474,1,364,"RG","SE"
394,1,364,"RG","SE"
340,1,364,"RG","SE"
249,2,364,"RG","SE"
87,1,364,"RG","SE"
326,2,364,"RG","SE"
541,8,364,"RG","SE"
505,11,364,"RG","SE"
199,1,364,"RG","SE"
457,2,364,"RG","SE"
426,4,364,"RG","SE"
255,1,364,"RG","SE"
77,17,364,"RG","SE"
25,1,364,"RG","SE"
370,1,364,"RG","SE"
11,27,364,"RG","SE"
264,1,364,"RG","SE"
490,4,364,"RG","SE"
367,2,364,"RG","SE"
380,2,364,"RG","SE"
504,10,364,"RG","SE"
102,1,364,"RG","SE"
302,2,364,"RG","SE"
509,3,364,"RG","SE"
419,1,364,"RG","SE"
421,4,364,"RG","SE"
523,4,364,"RG","SE"
57,9,364,"RG","SE"
4,5,364,"RG","SE"
64,9,364,"RG","SE"
170,1,365,"RG","SE"
204,2,365,"RG","SE"
365,2,365,"RG","SE"
143,1,365,"RG","SE"
296,1,365,"RG","SE"
487,4,365,"RG","SE"
148,1,365,"RG","SE"
415,1,365,"RG","SE"
484,4,365,"RG","SE"
36,3,365,"RG","SE"
102,1,365,"RG","SE"
129,2,365,"RG","SE"
397,1,365,"RG","SE"
104,2,365,"RG","SE"
10,1,365,"RG","SE"
132,1,365,"RG","SE"
264,1,365,"RG","SE"
225,1,365,"RG","SE"
523,4,365,"RG","SE"
456,1,365,"RG","SE"
421,4,365,"RG","SE"
193,2,365,"RG","SE"
164,6,365,"RG","SE"
422,4,365,"RG","SE"
345,1,365,"RG","SE"
65,4,365,"RG","SE"
474,1,365,"RG","SE"
426,4,365,"RG","SE"
544,1,365,"RG","SE"
378,1,365,"RG","SE"
207,1,365,"RG","SE"
519,3,365,"RG","SE"
15,2,365,"RG","SE"
145,1,365,"RG","SE"
166,1,365,"RG","SE"
535,3,365,"RG","SE"
313,3,365,"RG","SE"
282,1,365,"RG","SE"
257,1,365,"RG","SE"
354,2,365,"RG","SE"
219,1,365,"RG","SE"
500,22,365,"RG","SE"
465,1,365,"RG","SE"
125,1,365,"RG","SE"
169,1,365,"RG","SE"
340,1,365,"RG","SE"
319,1,365,"RG","SE"
124,4,365,"RG","SE"
445,10,365,"RG","SE"
494,8,365,"RG","SE"
5,4,365,"RG","SE"
294,3,365,"RG","SE"
312,1,365,"RG","SE"
430,1,365,"RG","SE"
89,1,365,"RG","SE"
252,2,365,"RG","SE"
168,1,365,"RG","SE"
235,1,365,"RG","SE"
504,10,366,"RG","SE"
519,3,366,"RG","SE"
438,6,366,"RG","SE"
278,1,366,"RG","SE"
488,6,366,"RG","SE"
437,1,366,"RG","SE"
196,2,366,"RG","SE"
480,6,366,"RG","SE"
426,4,366,"RG","SE"
413,1,366,"RG","SE"
302,2,366,"RG","SE"
131,1,366,"RG","SE"
32,6,366,"RG","SE"
286,1,366,"RG","SE"
277,1,366,"RG","SE"
369,2,366,"RG","SE"
223,1,366,"RG","SE"
222,2,366,"RG","SE"
535,3,366,"RG","SE"
228,1,366,"RG","SE"
76,4,366,"RG","SE"
89,1,366,"RG","SE"
526,2,366,"RG","SE"
57,9,366,"RG","SE"
116,1,366,"RG","SE"
104,2,366,"RG","SE"
65,4,366,"RG","SE"
349,1,366,"RG","SE"
4,5,366,"RG","SE"
418,1,366,"RG","SE"
33,12,366,"RG","SE"
481,2,366,"RG","SE"
158,3,366,"RG","SE"
345,1,366,"RG","SE"
91,5,366,"RG","SE"
421,4,366,"RG","SE"
484,4,366,"RG","SE"
244,3,366,"RG","SE"
351,1,366,"RG","SE"
529,5,366,"RG","SE"
509,3,366,"RG","SE"
506,7,366,"RG","SE"
191,1,366,"RG","SE"
87,1,366,"RG","SE"
332,1,366,"RG","SE"
517,6,366,"RG","SE"
336,1,366,"RG","SE"
463,1,366,"RG","SE"
237,1,366,"RG","SE"
374,2,366,"RG","SE"
129,2,366,"RG","SE"
284,1,366,"RG","SE"
539,1,366,"RG","SE"
257,1,366,"RG","SE"
410,2,366,"RG","SE"
376,3,366,"RG","SE"
476,1,366,"RG","SE"
343,9,366,"RG","SE"
3,5,367,"RG","SE"
367,2,367,"RG","SE"
125,1,367,"RG","SE"
523,4,367,"RG","SE"
487,4,367,"RG","SE"
302,2,367,"RG","SE"
516,4,367,"RG","SE"
103,1,367,"RG","SE"
313,3,367,"RG","SE"
426,4,367,"RG","SE"
433,2,367,"RG","SE"
330,1,367,"RG","SE"
166,1,367,"RG","SE"
447,4,367,"RG","SE"
358,16,367,"RG","SE"
111,1,367,"RG","SE"
223,1,367,"RG","SE"
15,2,367,"RG","SE"
377,2,367,"RG","SE"
68,5,367,"RG","SE"
538,2,367,"RG","SE"
286,1,367,"RG","SE"
484,4,367,"RG","SE"
294,3,367,"RG","SE"
545,1,367,"RG","SE"
489,4,367,"RG","SE"
175,1,367,"RG","SE"
452,1,367,"RG","SE"
527,8,367,"RG","SE"
86,2,367,"RG","SE"
106,1,367,"RG","SE"
141,2,367,"RG","SE"
242,1,367,"RG","SE"
500,22,367,"RG","SE"
228,1,367,"RG","SE"
131,1,367,"RG","SE"
510,9,367,"RG","SE"
225,1,367,"RG","SE"
153,1,367,"RG","SE"
268,1,367,"RG","SE"
469,5,367,"RG","SE"
341,2,367,"RG","SE"
261,3,367,"RG","SE"
519,3,367,"RG","SE"
348,2,367,"RG","SE"
105,1,367,"RG","SE"
132,1,367,"RG","SE"
11,27,367,"RG","SE"
372,1,367,"RG","SE"
140,1,367,"RG","SE"
368,1,367,"RG","SE"
76,4,367,"RG","SE"
122,2,367,"RG","SE"
42,1,367,"RG","SE"
245,1,367,"RG","SE"
148,1,367,"RG","SE"
20,7,367,"RG","SE"
155,1,367,"RG","SE"
106,1,368,"RG","SE"
477,4,368,"RG","SE"
328,1,368,"RG","SE"
49,1,368,"RG","SE"
225,1,368,"RG","SE"
130,1,368,"RG","SE"
548,1,368,"RG","SE"
395,1,368,"RG","SE"
387,1,368,"RG","SE"
160,1,368,"RG","SE"
296,1,368,"RG","SE"
439,1,368,"RG","SE"
276,3,368,"RG","SE"
116,1,368,"RG","SE"
517,6,368,"RG","SE"
452,1,368,"RG","SE"
330,1,368,"RG","SE"
103,1,368,"RG","SE"
526,2,368,"RG","SE"
32,6,368,"RG","SE"
64,9,368,"RG","SE"
463,1,368,"RG","SE"
493,7,368,"RG","SE"
515,4,368,"RG","SE"
254,1,368,"RG","SE"
277,1,368,"RG","SE"
305,1,368,"RG","SE"
415,1,368,"RG","SE"
308,2,368,"RG","SE"
175,1,368,"RG","SE"
380,2,368,"RG","SE"
142,1,368,"RG","SE"
376,3,368,"RG","SE"
57,9,368,"RG","SE"
377,2,368,"RG","SE"
77,17,368,"RG","SE"
509,3,368,"RG","SE"
498,25,368,"RG","SE"
193,2,368,"RG","SE"
17,5,368,"RG","SE"
264,1,368,"RG","SE"
516,4,368,"RG","SE"
268,1,368,"RG","SE"
301,1,368,"RG","SE"
78,21,368,"RG","SE"
394,1,368,"RG","SE"
235,1,368,"RG","SE"
237,1,368,"RG","SE"
20,7,368,"RG","SE"
531,2,368,"RG","SE"
312,1,368,"RG","SE"
186,2,368,"RG","SE"
440,1,368,"RG","SE"
348,2,368,"RG","SE"
461,1,368,"RG","SE"
141,2,368,"RG","SE"
455,3,368,"RG","SE"
104,2,368,"RG","SE"
426,4,369,"RG","SE"
144,1,369,"RG","SE"
302,2,369,"RG","SE"
203,1,369,"RG","SE"
11,27,369,"RG","SE"
332,1,369,"RG","SE"
370,1,369,"RG","SE"
291,1,369,"RG","SE"
101,1,369,"RG","SE"
187,1,369,"RG","SE"
419,1,369,"RG","SE"
529,5,369,"RG","SE"
110,1,369,"RG","SE"
278,1,369,"RG","SE"
15,2,369,"RG","SE"
296,1,369,"RG","SE"
496,22,369,"RG","SE"
17,5,369,"RG","SE"
13,1,369,"RG","SE"
33,12,369,"RG","SE"
455,3,369,"RG","SE"
474,1,369,"RG","SE"
130,1,369,"RG","SE"
108,1,369,"RG","SE"
437,1,369,"RG","SE"
80,6,369,"RG","SE"
509,3,369,"RG","SE"
5,4,369,"RG","SE"
237,1,369,"RG","SE"
191,1,369,"RG","SE"
457,2,369,"RG","SE"
368,1,369,"RG","SE"
264,1,369,"RG","SE"
389,3,369,"RG","SE"
257,1,369,"RG","SE"
493,7,369,"RG","SE"
104,2,369,"RG","SE"
32,6,369,"RG","SE"
128,1,369,"RG","SE"
49,1,369,"RG","SE"
494,8,369,"RG","SE"
198,2,369,"RG","SE"
273,1,369,"RG","SE"
345,1,369,"RG","SE"
520,2,369,"RG","SE"
89,1,369,"RG","SE"
404,1,369,"RG","SE"
72,9,369,"RG","SE"
219,1,369,"RG","SE"
480,6,369,"RG","SE"
164,6,369,"RG","SE"
469,5,369,"RG","SE"
145,1,369,"RG","SE"
129,2,369,"RG","SE"
481,2,369,"RG","SE"
141,2,369,"RG","SE"
343,9,369,"RG","SE"
14,30,369,"RG","SE"
476,1,370,"RG","SE"
418,1,370,"RG","SE"
480,6,370,"RG","SE"
344,1,370,"RG","SE"
193,2,370,"RG","SE"
380,2,370,"RG","SE"
532,5,370,"RG","SE"
64,9,370,"RG","SE"
535,3,370,"RG","SE"
124,4,370,"RG","SE"
404,1,370,"RG","SE"
368,1,370,"RG","SE"
261,3,370,"RG","SE"
198,2,370,"RG","SE"
232,4,370,"RG","SE"
328,1,370,"RG","SE"
173,2,370,"RG","SE"
392,1,370,"RG","SE"
223,1,370,"RG","SE"
164,6,370,"RG","SE"
38,3,370,"RG","SE"
336,1,370,"RG","SE"
352,2,370,"RG","SE"
242,1,370,"RG","SE"
340,1,370,"RG","SE"
301,1,370,"RG","SE"
436,1,370,"RG","SE"
545,1,370,"RG","SE"
494,8,370,"RG","SE"
130,1,370,"RG","SE"
501,17,370,"RG","SE"
277,1,370,"RG","SE"
291,1,370,"RG","SE"
171,1,370,"RG","SE"
330,1,370,"RG","SE"
245,1,370,"RG","SE"
452,1,370,"RG","SE"
481,2,370,"RG","SE"
151,1,370,"RG","SE"
378,1,370,"RG","SE"
166,1,370,"RG","SE"
302,2,370,"RG","SE"
389,3,370,"RG","SE"
102,1,370,"RG","SE"
199,1,370,"RG","SE"
144,1,370,"RG","SE"
382,1,370,"RG","SE"
202,1,370,"RG","SE"
367,2,370,"RG","SE"
465,1,370,"RG","SE"
377,2,370,"RG","SE"
365,2,370,"RG","SE"
258,1,370,"RG","SE"
387,1,370,"RG","SE"
203,1,370,"RG","SE"
308,2,370,"RG","SE"
534,3,370,"RG","SE"
185,1,370,"RG","SE"
185,1,371,"RG","SE"
294,3,371,"RG","SE"
480,6,371,"RG","SE"
438,6,371,"RG","SE"
255,1,371,"RG","SE"
183,3,371,"RG","SE"
395,1,371,"RG","SE"
426,4,371,"RG","SE"
7,21,371,"RG","SE"
525,9,371,"RG","SE"
515,4,371,"RG","SE"
540,8,371,"RG","SE"
252,2,371,"RG","SE"
204,2,371,"RG","SE"
168,1,371,"RG","SE"
519,3,371,"RG","SE"
25,1,371,"RG","SE"
535,3,371,"RG","SE"
418,1,371,"RG","SE"
155,1,371,"RG","SE"
124,4,371,"RG","SE"
463,1,371,"RG","SE"
279,1,371,"RG","SE"
413,1,371,"RG","SE"
273,1,371,"RG","SE"
541,8,371,"RG","SE"
419,1,371,"RG","SE"
318,3,371,"RG","SE"
254,1,371,"RG","SE"
179,12,371,"RG","SE"
484,4,371,"RG","SE"
190,1,371,"RG","SE"
36,3,371,"RG","SE"
103,1,371,"RG","SE"
285,3,371,"RG","SE"
266,1,371,"RG","SE"
142,1,371,"RG","SE"
526,2,371,"RG","SE"
268,1,371,"RG","SE"
544,1,371,"RG","SE"
44,30,371,"RG","SE"
253,1,371,"RG","SE"
108,1,371,"RG","SE"
469,5,371,"RG","SE"
352,2,371,"RG","SE"
166,1,371,"RG","SE"
61,50,371,"RG","SE"
173,2,371,"RG","SE"
141,2,371,"RG","SE"
365,2,371,"RG","SE"
11,27,371,"RG","SE"
247,3,371,"RG","SE"
417,1,371,"RG","SE"
452,1,371,"RG","SE"
116,1,371,"RG","SE"
16,3,371,"RG","SE"
149,1,371,"RG","SE"
21,7,371,"RG","SE"
51,2,372,"RG","SE"
304,2,372,"RG","SE"
505,11,372,"RG","SE"
101,1,372,"RG","SE"
517,6,372,"RG","SE"
489,4,372,"RG","SE"
80,6,372,"RG","SE"
368,1,372,"RG","SE"
319,1,372,"RG","SE"
104,2,372,"RG","SE"
128,1,372,"RG","SE"
28,50,372,"RG","SE"
25,1,372,"RG","SE"
544,1,372,"RG","SE"
140,1,372,"RG","SE"
65,4,372,"RG","SE"
198,2,372,"RG","SE"
471,3,372,"RG","SE"
418,1,372,"RG","SE"
16,3,372,"RG","SE"
435,2,372,"RG","SE"
61,50,372,"RG","SE"
455,3,372,"RG","SE"
310,1,372,"RG","SE"
487,4,372,"RG","SE"
376,3,372,"RG","SE"
138,2,372,"RG","SE"
232,4,372,"RG","SE"
303,6,372,"RG","SE"
312,1,372,"RG","SE"
258,1,372,"RG","SE"
313,3,372,"RG","SE"
389,3,372,"RG","SE"
13,1,372,"RG","SE"
390,1,372,"RG","SE"
273,1,372,"RG","SE"
14,30,372,"RG","SE"
469,5,372,"RG","SE"
366,1,372,"RG","SE"
67,9,372,"RG","SE"
433,2,372,"RG","SE"
438,6,372,"RG","SE"
358,16,372,"RG","SE"
484,4,372,"RG","SE"
282,1,372,"RG","SE"
266,1,372,"RG","SE"
481,2,372,"RG","SE"
49,1,372,"RG","SE"
199,1,372,"RG","SE"
179,12,372,"RG","SE"
123,4,372,"RG","SE"
269,1,372,"RG","SE"
341,2,372,"RG","SE"
417,1,372,"RG","SE"
479,6,372,"RG","SE"
436,1,372,"RG","SE"
294,3,372,"RG","SE"
317,2,372,"RG","SE"
389,3,373,"RG","SE"
87,1,373,"RG","SE"
51,2,373,"RG","SE"
228,1,373,"RG","SE"
45,1,373,"RG","SE"
203,1,373,"RG","SE"
483,5,373,"RG","SE"
249,2,373,"RG","SE"
431,1,373,"RG","SE"
175,1,373,"RG","SE"
158,3,373,"RG","SE"
367,2,373,"RG","SE"
529,5,373,"RG","SE"
523,4,373,"RG","SE"
78,21,373,"RG","SE"
378,1,373,"RG","SE"
54,39,373,"RG","SE"
392,1,373,"RG","SE"
458,1,373,"RG","SE"
526,2,373,"RG","SE"
479,6,373,"RG","SE"
254,1,373,"RG","SE"
425,4,373,"RG","SE"
61,50,373,"RG","SE"
317,2,373,"RG","SE"
49,1,373,"RG","SE"
243,2,373,"RG","SE"
102,1,373,"RG","SE"
129,2,373,"RG","SE"
204,2,373,"RG","SE"
357,1,373,"RG","SE"
440,1,373,"RG","SE"
173,2,373,"RG","SE"
370,1,373,"RG","SE"
348,2,373,"RG","SE"
132,1,373,"RG","SE"
144,1,373,"RG","SE"
498,25,373,"RG","SE"
436,1,373,"RG","SE"
528,5,373,"RG","SE"
309,1,373,"RG","SE"
252,2,373,"RG","SE"
26,59,373,"RG","SE"
198,2,373,"RG","SE"
488,6,373,"RG","SE"
312,1,373,"RG","SE"
304,2,373,"RG","SE"
387,1,373,"RG","SE"
480,6,373,"RG","SE"
57,9,373,"RG","SE"
509,3,373,"RG","SE"
147,1,373,"RG","SE"
390,1,373,"RG","SE"
7,21,373,"RG","SE"
209,1,373,"RG","SE"
308,2,373,"RG","SE"
363,2,373,"RG","SE"
12,11,373,"RG","SE"
16,3,374,"RG","SE"
146,1,374,"RG","SE"
168,1,374,"RG","SE"
28,50,374,"RG","SE"
457,2,374,"RG","SE"
171,1,374,"RG","SE"
502,7,374,"RG","SE"
179,12,374,"RG","SE"
313,3,374,"RG","SE"
132,1,374,"RG","SE"
104,2,374,"RG","SE"
185,1,374,"RG","SE"
269,1,374,"RG","SE"
493,7,374,"RG","SE"
196,2,374,"RG","SE"
481,2,374,"RG","SE"
547,1,374,"RG","SE"
381,3,374,"RG","SE"
65,4,374,"RG","SE"
465,1,374,"RG","SE"
259,6,374,"RG","SE"
116,1,374,"RG","SE"
445,10,374,"RG","SE"
61,50,374,"RG","SE"
533,5,374,"RG","SE"
365,2,374,"RG","SE"
149,1,374,"RG","SE"
285,3,374,"RG","SE"
187,1,374,"RG","SE"
199,1,374,"RG","SE"
470,5,374,"RG","SE"
214,1,374,"RG","SE"
336,1,374,"RG","SE"
352,2,374,"RG","SE"
282,1,374,"RG","SE"
477,4,374,"RG","SE"
13,1,374,"RG","SE"
250,1,374,"RG","SE"
49,1,374,"RG","SE"
535,3,374,"RG","SE"
301,1,374,"RG","SE"
310,1,374,"RG","SE"
51,2,374,"RG","SE"
45,1,374,"RG","SE"
523,4,374,"RG","SE"
291,1,374,"RG","SE"
394,1,374,"RG","SE"
548,1,374,"RG","SE"
330,1,374,"RG","SE"
426,4,374,"RG","SE"
222,2,374,"RG","SE"
248,5,374,"RG","SE"
466,1,374,"RG","SE"
68,5,374,"RG","SE"
527,8,374,"RG","SE"
455,3,374,"RG","SE"
435,2,374,"RG","SE"
367,2,374,"RG","SE"
506,7,375,"RG","SE"
228,1,375,"RG","SE"
312,1,375,"RG","SE"
343,9,375,"RG","SE"
284,1,375,"RG","SE"
126,3,375,"RG","SE"
207,1,375,"RG","SE"
149,1,375,"RG","SE"
144,1,375,"RG","SE"
498,25,375,"RG","SE"
365,2,375,"RG","SE"
413,1,375,"RG","SE"
5,4,375,"RG","SE"
108,1,375,"RG","SE"
322,3,375,"RG","SE"
33,12,375,"RG","SE"
496,22,375,"RG","SE"
401,1,375,"RG","SE"
505,11,375,"RG","SE"
125,1,375,"RG","SE"
548,1,375,"RG","SE"
531,2,375,"RG","SE"
303,6,375,"RG","SE"
285,3,375,"RG","SE"
469,5,375,"RG","SE"
78,21,375,"RG","SE"
101,1,375,"RG","SE"
517,6,375,"RG","SE"
462,1,375,"RG","SE"
310,1,375,"RG","SE"
151,1,375,"RG","SE"
513,6,375,"RG","SE"
138,2,375,"RG","SE"
490,4,375,"RG","SE"
282,1,375,"RG","SE"
257,1,375,"RG","SE"
378,1,375,"RG","SE"
45,1,375,"RG","SE"
461,1,375,"RG","SE"
268,1,375,"RG","SE"
131,1,375,"RG","SE"
502,7,375,"RG","SE"
209,1,375,"RG","SE"
249,2,375,"RG","SE"
175,1,375,"RG","SE"
528,5,375,"RG","SE"
529,5,375,"RG","SE"
336,1,375,"RG","SE"
426,4,375,"RG","SE"
10,1,375,"RG","SE"
116,1,375,"RG","SE"
544,1,375,"RG","SE"
194,1,375,"RG","SE"
304,2,375,"RG","SE"
456,1,375,"RG","SE"
169,1,375,"RG","SE"
540,8,375,"RG","SE"
484,4,375,"RG","SE"
456,1,376,"RG","SE"
64,9,376,"RG","SE"
417,1,376,"RG","SE"
294,3,376,"RG","SE"
244,3,376,"RG","SE"
276,3,376,"RG","SE"
419,1,376,"RG","SE"
440,1,376,"RG","SE"
296,1,376,"RG","SE"
166,1,376,"RG","SE"
12,11,376,"RG","SE"
7,21,376,"RG","SE"
115,1,376,"RG","SE"
525,9,376,"RG","SE"
33,12,376,"RG","SE"
111,1,376,"RG","SE"
264,1,376,"RG","SE"
305,1,376,"RG","SE"
482,5,376,"RG","SE"
372,1,376,"RG","SE"
506,7,376,"RG","SE"
548,1,376,"RG","SE"
186,2,376,"RG","SE"
370,1,376,"RG","SE"
214,1,376,"RG","SE"
426,4,376,"RG","SE"
151,1,376,"RG","SE"
57,9,376,"RG","SE"
466,1,376,"RG","SE"
467,4,376,"RG","SE"
547,1,376,"RG","SE"
222,2,376,"RG","SE"
149,1,376,"RG","SE"
319,1,376,"RG","SE"
352,2,376,"RG","SE"
377,2,376,"RG","SE"
415,1,376,"RG","SE"
445,10,376,"RG","SE"
500,22,376,"RG","SE"
142,1,376,"RG","SE"
112,4,376,"RG","SE"
363,2,376,"RG","SE"
462,1,376,"RG","SE"
336,1,376,"RG","SE"
123,4,376,"RG","SE"
496,22,376,"RG","SE"
130,1,376,"RG","SE"
44,30,376,"RG","SE"
185,1,376,"RG","SE"
65,4,376,"RG","SE"
141,2,376,"RG","SE"
10,1,376,"RG","SE"
132,1,376,"RG","SE"
376,3,376,"RG","SE"
381,3,376,"RG","SE"
91,5,376,"RG","SE"
309,1,376,"RG","SE"
508,14,376,"RG","SE"
38,3,377,"RG","SE"
345,1,377,"RG","SE"
301,1,377,"RG","SE"
328,1,377,"RG","SE"
368,1,377,"RG","SE"
305,1,377,"RG","SE"
529,5,377,"RG","SE"
510,9,377,"RG","SE"
130,1,377,"RG","SE"
436,1,377,"RG","SE"
535,3,377,"RG","SE"
515,4,377,"RG","SE"
418,1,377,"RG","SE"
513,6,377,"RG","SE"
476,1,377,"RG","SE"
366,1,377,"RG","SE"
259,6,377,"RG","SE"
294,3,377,"RG","SE"
319,1,377,"RG","SE"
380,2,377,"RG","SE"
228,1,377,"RG","SE"
187,1,377,"RG","SE"
4,5,377,"RG","SE"
258,1,377,"RG","SE"
147,1,377,"RG","SE"
164,6,377,"RG","SE"
116,1,377,"RG","SE"
91,5,377,"RG","SE"
296,1,377,"RG","SE"
26,59,377,"RG","SE"
207,1,377,"RG","SE"
505,11,377,"RG","SE"
461,1,377,"RG","SE"
27,2,377,"RG","SE"
523,4,377,"RG","SE"
489,4,377,"RG","SE"
20,7,377,"RG","SE"
544,1,377,"RG","SE"
482,5,377,"RG","SE"
149,1,377,"RG","SE"
115,1,377,"RG","SE"
170,1,377,"RG","SE"
279,1,377,"RG","SE"
282,1,377,"RG","SE"
351,1,377,"RG","SE"
261,3,377,"RG","SE"
222,2,377,"RG","SE"
413,1,377,"RG","SE"
169,1,377,"RG","SE"
317,2,377,"RG","SE"
158,3,377,"RG","SE"
417,1,377,"RG","SE"
531,2,377,"RG","SE"
268,1,377,"RG","SE"
399,1,377,"RG","SE"
466,1,377,"RG","SE"
57,9,377,"RG","SE"
395,1,377,"RG","SE"
452,1,378,"RG","SE"
27,2,378,"RG","SE"
404,1,378,"RG","SE"
278,1,378,"RG","SE"
252,2,378,"RG","SE"
422,4,378,"RG","SE"
261,3,378,"RG","SE"
214,1,378,"RG","SE"
144,1,378,"RG","SE"
105,1,378,"RG","SE"
517,6,378,"RG","SE"
514,6,378,"RG","SE"
447,4,378,"RG","SE"
482,5,378,"RG","SE"
430,1,378,"RG","SE"
395,1,378,"RG","SE"
301,1,378,"RG","SE"
22,4,378,"RG","SE"
86,2,378,"RG","SE"
490,4,378,"RG","SE"
21,7,378,"RG","SE"
106,1,378,"RG","SE"
7,21,378,"RG","SE"
10,1,378,"RG","SE"
20,7,378,"RG","SE"
228,1,378,"RG","SE"
80,6,378,"RG","SE"
89,1,378,"RG","SE"
372,1,378,"RG","SE"
101,1,378,"RG","SE"
126,3,378,"RG","SE"
312,1,378,"RG","SE"
138,2,378,"RG","SE"
392,1,378,"RG","SE"
501,17,378,"RG","SE"
25,1,378,"RG","SE"
318,3,378,"RG","SE"
15,2,378,"RG","SE"
431,1,378,"RG","SE"
190,1,378,"RG","SE"
14,30,378,"RG","SE"
119,1,378,"RG","SE"
477,4,378,"RG","SE"
187,1,378,"RG","SE"
276,3,378,"RG","SE"
426,4,378,"RG","SE"
85,15,378,"RG","SE"
160,1,378,"RG","SE"
470,5,378,"RG","SE"
326,2,378,"RG","SE"
147,1,378,"RG","SE"
496,22,378,"RG","SE"
500,22,378,"RG","SE"
381,3,378,"RG","SE"
254,1,378,"RG","SE"
498,25,378,"RG","SE"
146,1,378,"RG","SE"
352,2,378,"RG","SE"
104,2,379,"RG","SE"
513,6,379,"RG","SE"
191,1,379,"RG","SE"
419,1,379,"RG","SE"
57,9,379,"RG","SE"
196,2,379,"RG","SE"
417,1,379,"RG","SE"
322,3,379,"RG","SE"
160,1,379,"RG","SE"
80,6,379,"RG","SE"
467,4,379,"RG","SE"
49,1,379,"RG","SE"
498,25,379,"RG","SE"
517,6,379,"RG","SE"
520,2,379,"RG","SE"
20,7,379,"RG","SE"
455,3,379,"RG","SE"
142,1,379,"RG","SE"
526,2,379,"RG","SE"
21,7,379,"RG","SE"
422,4,379,"RG","SE"
541,8,379,"RG","SE"
326,2,379,"RG","SE"
493,7,379,"RG","SE"
548,1,379,"RG","SE"
343,9,379,"RG","SE"
143,1,379,"RG","SE"
505,11,379,"RG","SE"
130,1,379,"RG","SE"
222,2,379,"RG","SE"
183,3,379,"RG","SE"
131,1,379,"RG","SE"
305,1,379,"RG","SE"
539,1,379,"RG","SE"
164,6,379,"RG","SE"
509,3,379,"RG","SE"
103,1,379,"RG","SE"
397,1,379,"RG","SE"
155,1,379,"RG","SE"
341,2,379,"RG","SE"
268,1,379,"RG","SE"
209,1,379,"RG","SE"
368,1,379,"RG","SE"
433,2,379,"RG","SE"
237,1,379,"RG","SE"
284,1,379,"RG","SE"
487,4,379,"RG","SE"
533,5,379,"RG","SE"
469,5,379,"RG","SE"
457,2,379,"RG","SE"
425,4,379,"RG","SE"
129,2,379,"RG","SE"
146,1,379,"RG","SE"
437,1,379,"RG","SE"
494,8,379,"RG","SE"
276,3,379,"RG","SE"
42,1,379,"RG","SE"
390,1,379,"RG","SE"
296,1,380,"RG","SE"
248,5,380,"RG","SE"
510,9,380,"RG","SE"
44,30,380,"RG","SE"
502,7,380,"RG","SE"
13,1,380,"RG","SE"
439,1,380,"RG","SE"
179,12,380,"RG","SE"
27,2,380,"RG","SE"
119,1,380,"RG","SE"
158,3,380,"RG","SE"
285,3,380,"RG","SE"
86,2,380,"RG","SE"
474,1,380,"RG","SE"
250,1,380,"RG","SE"
237,1,380,"RG","SE"
14,30,380,"RG","SE"
203,1,380,"RG","SE"
486,5,380,"RG","SE"
105,1,380,"RG","SE"
390,1,380,"RG","SE"
319,1,380,"RG","SE"
83,2,380,"RG","SE"
352,2,380,"RG","SE"
282,1,380,"RG","SE"
415,1,380,"RG","SE"
32,6,380,"RG","SE"
204,2,380,"RG","SE"
116,1,380,"RG","SE"
378,1,380,"RG","SE"
294,3,380,"RG","SE"
484,4,380,"RG","SE"
508,14,380,"RG","SE"
528,5,380,"RG","SE"
358,16,380,"RG","SE"
431,1,380,"RG","SE"
458,1,380,"RG","SE"
524,2,380,"RG","SE"
157,1,380,"RG","SE"
122,2,380,"RG","SE"
112,4,380,"RG","SE"
344,1,380,"RG","SE"
144,1,380,"RG","SE"
183,3,380,"RG","SE"
126,3,380,"RG","SE"
345,1,380,"RG","SE"
509,3,380,"RG","SE"
441,1,380,"RG","SE"
332,1,380,"RG","SE"
349,1,380,"RG","SE"
283,1,380,"RG","SE"
175,1,380,"RG","SE"
532,5,380,"RG","SE"
155,1,380,"RG","SE"
15,2,380,"RG","SE"
519,3,380,"RG","SE"
470,5,380,"RG","SE"
377,2,380,"RG","SE"
482,5,381,"RG","SE"
430,1,381,"RG","SE"
452,1,381,"RG","SE"
502,7,381,"RG","SE"
147,1,381,"RG","SE"
399,1,381,"RG","SE"
461,1,381,"RG","SE"
291,1,381,"RG","SE"
243,2,381,"RG","SE"
484,4,381,"RG","SE"
151,1,381,"RG","SE"
490,4,381,"RG","SE"
168,1,381,"RG","SE"
266,1,381,"RG","SE"
397,1,381,"RG","SE"
308,2,381,"RG","SE"
377,2,381,"RG","SE"
101,1,381,"RG","SE"
91,5,381,"RG","SE"
64,9,381,"RG","SE"
186,2,381,"RG","SE"
369,2,381,"RG","SE"
111,1,381,"RG","SE"
269,1,381,"RG","SE"
465,1,381,"RG","SE"
447,4,381,"RG","SE"
469,5,381,"RG","SE"
463,1,381,"RG","SE"
80,6,381,"RG","SE"
116,1,381,"RG","SE"
513,6,381,"RG","SE"
301,1,381,"RG","SE"
445,10,381,"RG","SE"
477,4,381,"RG","SE"
170,1,381,"RG","SE"
352,2,381,"RG","SE"
148,1,381,"RG","SE"
261,3,381,"RG","SE"
164,6,381,"RG","SE"
153,1,381,"RG","SE"
17,5,381,"RG","SE"
370,1,381,"RG","SE"
16,3,381,"RG","SE"
279,1,381,"RG","SE"
130,1,381,"RG","SE"
486,5,381,"RG","SE"
519,3,381,"RG","SE"
268,1,381,"RG","SE"
340,1,381,"RG","SE"
140,1,381,"RG","SE"
354,2,381,"RG","SE"
435,2,381,"RG","SE"
102,1,381,"RG","SE"
508,14,381,"RG","SE"
345,1,381,"RG","SE"
49,1,381,"RG","SE"
368,1,381,"RG","SE"
471,3,381,"RG","SE"
160,1,382,"RG","SE"
101,1,382,"RG","SE"
255,1,382,"RG","SE"
500,22,382,"RG","SE"
140,1,382,"RG","SE"
284,1,382,"RG","SE"
278,1,382,"RG","SE"
124,4,382,"RG","SE"
91,5,382,"RG","SE"
368,1,382,"RG","SE"
458,1,382,"RG","SE"
312,1,382,"RG","SE"
498,25,382,"RG","SE"
186,2,382,"RG","SE"
404,1,382,"RG","SE"
36,3,382,"RG","SE"
171,1,382,"RG","SE"
352,2,382,"RG","SE"
282,1,382,"RG","SE"
44,30,382,"RG","SE"
309,1,382,"RG","SE"
204,2,382,"RG","SE"
452,1,382,"RG","SE"
308,2,382,"RG","SE"
237,1,382,"RG","SE"
111,1,382,"RG","SE"
151,1,382,"RG","SE"
501,17,382,"RG","SE"
470,5,382,"RG","SE"
532,5,382,"RG","SE"
372,1,382,"RG","SE"
474,1,382,"RG","SE"
363,2,382,"RG","SE"
276,3,382,"RG","SE"
15,2,382,"RG","SE"
544,1,382,"RG","SE"
103,1,382,"RG","SE"
68,5,382,"RG","SE"
199,1,382,"RG","SE"
417,1,382,"RG","SE"
105,1,382,"RG","SE"
479,6,382,"RG","SE"
108,1,382,"RG","SE"
138,2,382,"RG","SE"
80,6,382,"RG","SE"
421,4,382,"RG","SE"
496,22,382,"RG","SE"
545,1,382,"RG","SE"
285,3,382,"RG","SE"
222,2,382,"RG","SE"
517,6,382,"RG","SE"
166,1,382,"RG","SE"
377,2,382,"RG","SE"
540,8,382,"RG","SE"
301,1,382,"RG","SE"
187,1,382,"RG","SE"
461,1,382,"RG","SE"
261,3,382,"RG","SE"
469,5,383,"RG","SE"
487,4,383,"RG","SE"
514,6,383,"RG","SE"
106,1,383,"RG","SE"
367,2,383,"RG","SE"
548,1,383,"RG","SE"
370,1,383,"RG","SE"
358,16,383,"RG","SE"
504,10,383,"RG","SE"
523,4,383,"RG","SE"
12,11,383,"RG","SE"
219,1,383,"RG","SE"
426,4,383,"RG","SE"
28,50,383,"RG","SE"
116,1,383,"RG","SE"
301,1,383,"RG","SE"
111,1,383,"RG","SE"
462,1,383,"RG","SE"
22,4,383,"RG","SE"
456,1,383,"RG","SE"
340,1,383,"RG","SE"
129,2,383,"RG","SE"
225,1,383,"RG","SE"
7,21,383,"RG","SE"
185,1,383,"RG","SE"
401,1,383,"RG","SE"
517,6,383,"RG","SE"
397,1,383,"RG","SE"
104,2,383,"RG","SE"
187,1,383,"RG","SE"
11,27,383,"RG","SE"
242,1,383,"RG","SE"
436,1,383,"RG","SE"
76,4,383,"RG","SE"
519,3,383,"RG","SE"
445,10,383,"RG","SE"
317,2,383,"RG","SE"
131,1,383,"RG","SE"
387,1,383,"RG","SE"
496,22,383,"RG","SE"
191,1,383,"RG","SE"
130,1,383,"RG","SE"
194,1,383,"RG","SE"
247,3,383,"RG","SE"
378,1,383,"RG","SE"
500,22,383,"RG","SE"
296,1,383,"RG","SE"
441,1,383,"RG","SE"
266,1,383,"RG","SE"
541,8,383,"RG","SE"
284,1,383,"RG","SE"
199,1,383,"RG","SE"
108,1,383,"RG","SE"
532,5,383,"RG","SE"
330,1,383,"RG","SE"
244,3,383,"RG","SE"
171,1,383,"RG","SE"
372,1,383,"RG","SE"
322,3,384,"RG","SE"
119,1,384,"RG","SE"
366,1,384,"RG","SE"
308,2,384,"RG","SE"
526,2,384,"RG","SE"
496,22,384,"RG","SE"
245,1,384,"RG","SE"
170,1,384,"RG","SE"
143,1,384,"RG","SE"
168,1,384,"RG","SE"
479,6,384,"RG","SE"
493,7,384,"RG","SE"
404,1,384,"RG","SE"
72,9,384,"RG","SE"
185,1,384,"RG","SE"
277,1,384,"RG","SE"
202,1,384,"RG","SE"
461,1,384,"RG","SE"
157,1,384,"RG","SE"
67,9,384,"RG","SE"
387,1,384,"RG","SE"
465,1,384,"RG","SE"
463,1,384,"RG","SE"
504,10,384,"RG","SE"
232,4,384,"RG","SE"
104,2,384,"RG","SE"
7,21,384,"RG","SE"
374,2,384,"RG","SE"
65,4,384,"RG","SE"
264,1,384,"RG","SE"
83,2,384,"RG","SE"
196,2,384,"RG","SE"
198,2,384,"RG","SE"
445,10,384,"RG","SE"
80,6,384,"RG","SE"
345,1,384,"RG","SE"
413,1,384,"RG","SE"
193,2,384,"RG","SE"
33,12,384,"RG","SE"
64,9,384,"RG","SE"
312,1,384,"RG","SE"
87,1,384,"RG","SE"
285,3,384,"RG","SE"
61,50,384,"RG","SE"
253,1,384,"RG","SE"
183,3,384,"RG","SE"
471,3,384,"RG","SE"
422,4,384,"RG","SE"
302,2,384,"RG","SE"
309,1,384,"RG","SE"
160,1,384,"RG","SE"
532,5,384,"RG","SE"
294,3,384,"RG","SE"
410,2,384,"RG","SE"
509,3,384,"RG","SE"
166,1,384,"RG","SE"
486,5,384,"RG","SE"
418,1,384,"RG","SE"
266,1,385,"RG","SE"
105,1,385,"RG","SE"
110,1,385,"RG","SE"
547,1,385,"RG","SE"
419,1,385,"RG","SE"
509,3,385,"RG","SE"
415,1,385,"RG","SE"
397,1,385,"RG","SE"
17,5,385,"RG","SE"
394,1,385,"RG","SE"
357,1,385,"RG","SE"
520,2,385,"RG","SE"
526,2,385,"RG","SE"
194,1,385,"RG","SE"
380,2,385,"RG","SE"
532,5,385,"RG","SE"
83,2,385,"RG","SE"
116,1,385,"RG","SE"
141,2,385,"RG","SE"
395,1,385,"RG","SE"
111,1,385,"RG","SE"
115,1,385,"RG","SE"
488,6,385,"RG","SE"
126,3,385,"RG","SE"
326,2,385,"RG","SE"
313,3,385,"RG","SE"
51,2,385,"RG","SE"
15,2,385,"RG","SE"
158,3,385,"RG","SE"
191,1,385,"RG","SE"
49,1,385,"RG","SE"
377,2,385,"RG","SE"
372,1,385,"RG","SE"
351,1,385,"RG","SE"
65,4,385,"RG","SE"
336,1,385,"RG","SE"
222,2,385,"RG","SE"
469,5,385,"RG","SE"
524,2,385,"RG","SE"
467,4,385,"RG","SE"
493,7,385,"RG","SE"
410,2,385,"RG","SE"
483,5,385,"RG","SE"
534,3,385,"RG","SE"
214,1,385,"RG","SE"
199,1,385,"RG","SE"
147,1,385,"RG","SE"
401,1,385,"RG","SE"
358,16,385,"RG","SE"
496,22,385,"RG","SE"
517,6,385,"RG","SE"
11,27,385,"RG","SE"
144,1,385,"RG","SE"
382,1,385,"RG","SE"
498,25,385,"RG","SE"
232,4,385,"RG","SE"
352,2,385,"RG","SE"
344,1,385,"RG","SE"
417,1,386,"RG","SE"
242,1,386,"RG","SE"
474,1,386,"RG","SE"
490,4,386,"RG","SE"
285,3,386,"RG","SE"
348,2,386,"RG","SE"
349,1,386,"RG","SE"
309,1,386,"RG","SE"
129,2,386,"RG","SE"
21,7,386,"RG","SE"
489,4,386,"RG","SE"
145,1,386,"RG","SE"
500,22,386,"RG","SE"
422,4,386,"RG","SE"
494,8,386,"RG","SE"
243,2,386,"RG","SE"
380,2,386,"RG","SE"
207,1,386,"RG","SE"
523,4,386,"RG","SE"
204,2,386,"RG","SE"
452,1,386,"RG","SE"
193,2,386,"RG","SE"
524,2,386,"RG","SE"
504,10,386,"RG","SE"
510,9,386,"RG","SE"
27,2,386,"RG","SE"
457,2,386,"RG","SE"
158,3,386,"RG","SE"
445,10,386,"RG","SE"
395,1,386,"RG","SE"
540,8,386,"RG","SE"
470,5,386,"RG","SE"
190,1,386,"RG","SE"
76,4,386,"RG","SE"
253,1,386,"RG","SE"
13,1,386,"RG","SE"
535,3,386,"RG","SE"
436,1,386,"RG","SE"
183,3,386,"RG","SE"
91,5,386,"RG","SE"
415,1,386,"RG","SE"
303,6,386,"RG","SE"
322,3,386,"RG","SE"
103,1,386,"RG","SE"
49,1,386,"RG","SE"
44,30,386,"RG","SE"
505,11,386,"RG","SE"
38,3,386,"RG","SE"
214,1,386,"RG","SE"
277,1,386,"RG","SE"
22,4,386,"RG","SE"
138,2,386,"RG","SE"
244,3,386,"RG","SE"
223,1,386,"RG","SE"
254,1,386,"RG","SE"
36,3,386,"RG","SE"
276,3,386,"RG","SE"
358,16,386,"RG","SE"
455,3,387,"RG","SE"
474,1,387,"RG","SE"
257,1,387,"RG","SE"
430,1,387,"RG","SE"
528,5,387,"RG","SE"
330,1,387,"RG","SE"
469,5,387,"RG","SE"
86,2,387,"RG","SE"
374,2,387,"RG","SE"
83,2,387,"RG","SE"
194,1,387,"RG","SE"
277,1,387,"RG","SE"
305,1,387,"RG","SE"
173,2,387,"RG","SE"
302,2,387,"RG","SE"
544,1,387,"RG","SE"
418,1,387,"RG","SE"
168,1,387,"RG","SE"
193,2,387,"RG","SE"
103,1,387,"RG","SE"
504,10,387,"RG","SE"
308,2,387,"RG","SE"
32,6,387,"RG","SE"
447,4,387,"RG","SE"
266,1,387,"RG","SE"
101,1,387,"RG","SE"
436,1,387,"RG","SE"
413,1,387,"RG","SE"
470,5,387,"RG","SE"
484,4,387,"RG","SE"
494,8,387,"RG","SE"
45,1,387,"RG","SE"
3,5,387,"RG","SE"
175,1,387,"RG","SE"
377,2,387,"RG","SE"
64,9,387,"RG","SE"
76,4,387,"RG","SE"
372,1,387,"RG","SE"
527,8,387,"RG","SE"
244,3,387,"RG","SE"
129,2,387,"RG","SE"
235,1,387,"RG","SE"
209,1,387,"RG","SE"
158,3,387,"RG","SE"
539,1,387,"RG","SE"
214,1,387,"RG","SE"
368,1,387,"RG","SE"
72,9,387,"RG","SE"
17,5,387,"RG","SE"
282,1,387,"RG","SE"
164,6,387,"RG","SE"
284,1,387,"RG","SE"
78,21,387,"RG","SE"
480,6,387,"RG","SE"
33,12,387,"RG","SE"
304,2,387,"RG","SE"
466,1,387,"RG","SE"
146,1,387,"RG","SE"
89,1,388,"RG","SE"
87,1,388,"RG","SE"
175,1,388,"RG","SE"
465,1,388,"RG","SE"
3,5,388,"RG","SE"
489,4,388,"RG","SE"
374,2,388,"RG","SE"
191,1,388,"RG","SE"
336,1,388,"RG","SE"
484,4,388,"RG","SE"
148,1,388,"RG","SE"
244,3,388,"RG","SE"
61,50,388,"RG","SE"
390,1,388,"RG","SE"
144,1,388,"RG","SE"
106,1,388,"RG","SE"
487,4,388,"RG","SE"
219,1,388,"RG","SE"
45,1,388,"RG","SE"
187,1,388,"RG","SE"
529,5,388,"RG","SE"
456,1,388,"RG","SE"
268,1,388,"RG","SE"
422,4,388,"RG","SE"
72,9,388,"RG","SE"
228,1,388,"RG","SE"
366,1,388,"RG","SE"
13,1,388,"RG","SE"
22,4,388,"RG","SE"
131,1,388,"RG","SE"
103,1,388,"RG","SE"
415,1,388,"RG","SE"
85,15,388,"RG","SE"
68,5,388,"RG","SE"
304,2,388,"RG","SE"
509,3,388,"RG","SE"
264,1,388,"RG","SE"
248,5,388,"RG","SE"
140,1,388,"RG","SE"
458,1,388,"RG","SE"
130,1,388,"RG","SE"
430,1,388,"RG","SE"
447,4,388,"RG","SE"
345,1,388,"RG","SE"
146,1,388,"RG","SE"
276,3,388,"RG","SE"
253,1,388,"RG","SE"
49,1,388,"RG","SE"
64,9,388,"RG","SE"
19,5,388,"RG","SE"
426,4,388,"RG","SE"
123,4,388,"RG","SE"
198,2,388,"RG","SE"
341,2,388,"RG","SE"
273,1,388,"RG","SE"
476,1,388,"RG","SE"
309,1,388,"RG","SE"
254,1,388,"RG","SE"
3,5,389,"RG","SE"
399,1,389,"RG","SE"
160,1,389,"RG","SE"
480,6,389,"RG","SE"
219,1,389,"RG","SE"
203,1,389,"RG","SE"
32,6,389,"RG","SE"
83,2,389,"RG","SE"
164,6,389,"RG","SE"
119,1,389,"RG","SE"
343,9,389,"RG","SE"
310,1,389,"RG","SE"
16,3,389,"RG","SE"
439,1,389,"RG","SE"
397,1,389,"RG","SE"
151,1,389,"RG","SE"
283,1,389,"RG","SE"
61,50,389,"RG","SE"
282,1,389,"RG","SE"
510,9,389,"RG","SE"
87,1,389,"RG","SE"
141,2,389,"RG","SE"
349,1,389,"RG","SE"
322,3,389,"RG","SE"
91,5,389,"RG","SE"
313,3,389,"RG","SE"
548,1,389,"RG","SE"
502,7,389,"RG","SE"
401,1,389,"RG","SE"
124,4,389,"RG","SE"
351,1,389,"RG","SE"
426,4,389,"RG","SE"
415,1,389,"RG","SE"
345,1,389,"RG","SE"
228,1,389,"RG","SE"
170,1,389,"RG","SE"
471,3,389,"RG","SE"
17,5,389,"RG","SE"
438,6,389,"RG","SE"
20,7,389,"RG","SE"
237,1,389,"RG","SE"
515,4,389,"RG","SE"
250,1,389,"RG","SE"
508,14,389,"RG","SE"
505,11,389,"RG","SE"
433,2,389,"RG","SE"
489,4,389,"RG","SE"
147,1,389,"RG","SE"
186,2,389,"RG","SE"
129,2,389,"RG","SE"
525,9,389,"RG","SE"
541,8,389,"RG","SE"
417,1,389,"RG","SE"
13,1,389,"RG","SE"
387,1,389,"RG","SE"
145,1,389,"RG","SE"
305,1,389,"RG","SE"
57,9,389,"RG","SE"
10,1,390,"RG","SE"
20,7,390,"RG","SE"
111,1,390,"RG","SE"
433,2,390,"RG","SE"
4,5,390,"RG","SE"
160,1,390,"RG","SE"
248,5,390,"RG","SE"
157,1,390,"RG","SE"
455,3,390,"RG","SE"
529,5,390,"RG","SE"
413,1,390,"RG","SE"
382,1,390,"RG","SE"
175,1,390,"RG","SE"
484,4,390,"RG","SE"
105,1,390,"RG","SE"
317,2,390,"RG","SE"
461,1,390,"RG","SE"
439,1,390,"RG","SE"
187,1,390,"RG","SE"
36,3,390,"RG","SE"
122,2,390,"RG","SE"
16,3,390,"RG","SE"
456,1,390,"RG","SE"
143,1,390,"RG","SE"
470,5,390,"RG","SE"
496,22,390,"RG","SE"
515,4,390,"RG","SE"
302,2,390,"RG","SE"
469,5,390,"RG","SE"
498,25,390,"RG","SE"
487,4,390,"RG","SE"
483,5,390,"RG","SE"
505,11,390,"RG","SE"
477,4,390,"RG","SE"
465,1,390,"RG","SE"
489,4,390,"RG","SE"
441,1,390,"RG","SE"
341,2,390,"RG","SE"
357,1,390,"RG","SE"
540,8,390,"RG","SE"
294,3,390,"RG","SE"
285,3,390,"RG","SE"
328,1,390,"RG","SE"
44,30,390,"RG","SE"
15,2,390,"RG","SE"
51,2,390,"RG","SE"
264,1,390,"RG","SE"
380,2,390,"RG","SE"
268,1,390,"RG","SE"
64,9,390,"RG","SE"
308,2,390,"RG","SE"
417,1,390,"RG","SE"
169,1,390,"RG","SE"
376,3,390,"RG","SE"
209,1,390,"RG","SE"
528,5,390,"RG","SE"
313,3,390,"RG","SE"
282,1,390,"RG","SE"
116,1,391,"RG","SE"
264,1,391,"RG","SE"
501,17,391,"RG","SE"
38,3,391,"RG","SE"
179,12,391,"RG","SE"
345,1,391,"RG","SE"
380,2,391,"RG","SE"
291,1,391,"RG","SE"
483,5,391,"RG","SE"
261,3,391,"RG","SE"
155,1,391,"RG","SE"
147,1,391,"RG","SE"
282,1,391,"RG","SE"
421,4,391,"RG","SE"
171,1,391,"RG","SE"
157,1,391,"RG","SE"
539,1,391,"RG","SE"
354,2,391,"RG","SE"
395,1,391,"RG","SE"
476,1,391,"RG","SE"
515,4,391,"RG","SE"
430,1,391,"RG","SE"
123,4,391,"RG","SE"
305,1,391,"RG","SE"
5,4,391,"RG","SE"
465,1,391,"RG","SE"
11,27,391,"RG","SE"
310,1,391,"RG","SE"
273,1,391,"RG","SE"
504,10,391,"RG","SE"
481,2,391,"RG","SE"
397,1,391,"RG","SE"
106,1,391,"RG","SE"
374,2,391,"RG","SE"
490,4,391,"RG","SE"
132,1,391,"RG","SE"
125,1,391,"RG","SE"
514,6,391,"RG","SE"
534,3,391,"RG","SE"
318,3,391,"RG","SE"
276,3,391,"RG","SE"
505,11,391,"RG","SE"
54,39,391,"RG","SE"
351,1,391,"RG","SE"
361,3,391,"RG","SE"
418,1,391,"RG","SE"
158,3,391,"RG","SE"
516,4,391,"RG","SE"
15,2,391,"RG","SE"
151,1,391,"RG","SE"
529,5,391,"RG","SE"
523,4,391,"RG","SE"
249,2,391,"RG","SE"
190,1,391,"RG","SE"
278,1,391,"RG","SE"
461,1,391,"RG","SE"
14,30,391,"RG","SE"
348,2,391,"RG","SE"
365,2,392,"RG","SE"
445,10,392,"RG","SE"
276,3,392,"RG","SE"
125,1,392,"RG","SE"
243,2,392,"RG","SE"
242,1,392,"RG","SE"
171,1,392,"RG","SE"
438,6,392,"RG","SE"
160,1,392,"RG","SE"
303,6,392,"RG","SE"
283,1,392,"RG","SE"
42,1,392,"RG","SE"
166,1,392,"RG","SE"
32,6,392,"RG","SE"
382,1,392,"RG","SE"
258,1,392,"RG","SE"
341,2,392,"RG","SE"
4,5,392,"RG","SE"
487,4,392,"RG","SE"
439,1,392,"RG","SE"
330,1,392,"RG","SE"
381,3,392,"RG","SE"
65,4,392,"RG","SE"
529,5,392,"RG","SE"
259,6,392,"RG","SE"
158,3,392,"RG","SE"
418,1,392,"RG","SE"
110,1,392,"RG","SE"
525,9,392,"RG","SE"
207,1,392,"RG","SE"
17,5,392,"RG","SE"
541,8,392,"RG","SE"
496,22,392,"RG","SE"
105,1,392,"RG","SE"
437,1,392,"RG","SE"
124,4,392,"RG","SE"
282,1,392,"RG","SE"
308,2,392,"RG","SE"
112,4,392,"RG","SE"
378,1,392,"RG","SE"
534,3,392,"RG","SE"
36,3,392,"RG","SE"
116,1,392,"RG","SE"
363,2,392,"RG","SE"
488,6,392,"RG","SE"
326,2,392,"RG","SE"
83,2,392,"RG","SE"
394,1,392,"RG","SE"
285,3,392,"RG","SE"
390,1,392,"RG","SE"
548,1,392,"RG","SE"
91,5,392,"RG","SE"
204,2,392,"RG","SE"
440,1,392,"RG","SE"
545,1,392,"RG","SE"
457,2,392,"RG","SE"
436,1,392,"RG","SE"
349,1,392,"RG","SE"
351,1,393,"RG","SE"
115,1,393,"RG","SE"
183,3,393,"RG","SE"
358,16,393,"RG","SE"
458,1,393,"RG","SE"
284,1,393,"RG","SE"
242,1,393,"RG","SE"
436,1,393,"RG","SE"
247,3,393,"RG","SE"
13,1,393,"RG","SE"
122,2,393,"RG","SE"
483,5,393,"RG","SE"
390,1,393,"RG","SE"
257,1,393,"RG","SE"
296,1,393,"RG","SE"
319,1,393,"RG","SE"
253,1,393,"RG","SE"
102,1,393,"RG","SE"
489,4,393,"RG","SE"
141,2,393,"RG","SE"
426,4,393,"RG","SE"
110,1,393,"RG","SE"
42,1,393,"RG","SE"
266,1,393,"RG","SE"
222,2,393,"RG","SE"
28,50,393,"RG","SE"
500,22,393,"RG","SE"
514,6,393,"RG","SE"
367,2,393,"RG","SE"
539,1,393,"RG","SE"
291,1,393,"RG","SE"
505,11,393,"RG","SE"
447,4,393,"RG","SE"
417,1,393,"RG","SE"
283,1,393,"RG","SE"
129,2,393,"RG","SE"
57,9,393,"RG","SE"
268,1,393,"RG","SE"
502,7,393,"RG","SE"
168,1,393,"RG","SE"
128,1,393,"RG","SE"
479,6,393,"RG","SE"
419,1,393,"RG","SE"
345,1,393,"RG","SE"
67,9,393,"RG","SE"
250,1,393,"RG","SE"
352,2,393,"RG","SE"
527,8,393,"RG","SE"
199,1,393,"RG","SE"
369,2,393,"RG","SE"
279,1,393,"RG","SE"
33,12,393,"RG","SE"
147,1,393,"RG","SE"
401,1,393,"RG","SE"
349,1,393,"RG","SE"
5,4,393,"RG","SE"
313,3,393,"RG","SE"
144,1,393,"RG","SE"
7,21,394,"RG","SE"
57,9,394,"RG","SE"
457,2,394,"RG","SE"
219,1,394,"RG","SE"
158,3,394,"RG","SE"
145,1,394,"RG","SE"
252,2,394,"RG","SE"
171,1,394,"RG","SE"
479,6,394,"RG","SE"
214,1,394,"RG","SE"
390,1,394,"RG","SE"
341,2,394,"RG","SE"
13,1,394,"RG","SE"
313,3,394,"RG","SE"
276,3,394,"RG","SE"
455,3,394,"RG","SE"
326,2,394,"RG","SE"
169,1,394,"RG","SE"
193,2,394,"RG","SE"
3,5,394,"RG","SE"
345,1,394,"RG","SE"
351,1,394,"RG","SE"
363,2,394,"RG","SE"
493,7,394,"RG","SE"
5,4,394,"RG","SE"
404,1,394,"RG","SE"
310,1,394,"RG","SE"
225,1,394,"RG","SE"
125,1,394,"RG","SE"
269,1,394,"RG","SE"
243,2,394,"RG","SE"
476,1,394,"RG","SE"
519,3,394,"RG","SE"
410,2,394,"RG","SE"
132,1,394,"RG","SE"
529,5,394,"RG","SE"
437,1,394,"RG","SE"
510,9,394,"RG","SE"
36,3,394,"RG","SE"
426,4,394,"RG","SE"
249,2,394,"RG","SE"
539,1,394,"RG","SE"
254,1,394,"RG","SE"
116,1,394,"RG","SE"
85,15,394,"RG","SE"
89,1,394,"RG","SE"
126,3,394,"RG","SE"
33,12,394,"RG","SE"
441,1,394,"RG","SE"
155,1,394,"RG","SE"
101,1,394,"RG","SE"
377,2,394,"RG","SE"
413,1,394,"RG","SE"
357,1,394,"RG","SE"
11,27,394,"RG","SE"
285,3,394,"RG","SE"
528,5,394,"RG","SE"
332,1,394,"RG","SE"
276,3,395,"RG","SE"
463,1,395,"RG","SE"
310,1,395,"RG","SE"
378,1,395,"RG","SE"
257,1,395,"RG","SE"
142,1,395,"RG","SE"
332,1,395,"RG","SE"
131,1,395,"RG","SE"
348,2,395,"RG","SE"
326,2,395,"RG","SE"
367,2,395,"RG","SE"
395,1,395,"RG","SE"
225,1,395,"RG","SE"
3,5,395,"RG","SE"
194,1,395,"RG","SE"
76,4,395,"RG","SE"
115,1,395,"RG","SE"
91,5,395,"RG","SE"
498,25,395,"RG","SE"
185,1,395,"RG","SE"
483,5,395,"RG","SE"
513,6,395,"RG","SE"
377,2,395,"RG","SE"
145,1,395,"RG","SE"
248,5,395,"RG","SE"
49,1,395,"RG","SE"
33,12,395,"RG","SE"
525,9,395,"RG","SE"
394,1,395,"RG","SE"
527,8,395,"RG","SE"
17,5,395,"RG","SE"
480,6,395,"RG","SE"
166,1,395,"RG","SE"
61,50,395,"RG","SE"
372,1,395,"RG","SE"
462,1,395,"RG","SE"
119,1,395,"RG","SE"
305,1,395,"RG","SE"
199,1,395,"RG","SE"
488,6,395,"RG","SE"
183,3,395,"RG","SE"
514,6,395,"RG","SE"
506,7,395,"RG","SE"
547,1,395,"RG","SE"
535,3,395,"RG","SE"
278,1,395,"RG","SE"
268,1,395,"RG","SE"
457,2,395,"RG","SE"
4,5,395,"RG","SE"
404,1,395,"RG","SE"
545,1,395,"RG","SE"
36,3,395,"RG","SE"
249,2,395,"RG","SE"
330,1,395,"RG","SE"
147,1,395,"RG","SE"
477,4,395,"RG","SE"
106,1,395,"RG","SE"
38,3,395,"RG","SE"
548,1,396,"RG","SE"
303,6,396,"RG","SE"
207,1,396,"RG","SE"
330,1,396,"RG","SE"
28,50,396,"RG","SE"
341,2,396,"RG","SE"
417,1,396,"RG","SE"
22,4,396,"RG","SE"
269,1,396,"RG","SE"
80,6,396,"RG","SE"
199,1,396,"RG","SE"
466,1,396,"RG","SE"
456,1,396,"RG","SE"
194,1,396,"RG","SE"
533,5,396,"RG","SE"
19,5,396,"RG","SE"
399,1,396,"RG","SE"
5,4,396,"RG","SE"
122,2,396,"RG","SE"
395,1,396,"RG","SE"
310,1,396,"RG","SE"
366,1,396,"RG","SE"
438,6,396,"RG","SE"
322,3,396,"RG","SE"
535,3,396,"RG","SE"
116,1,396,"RG","SE"
532,5,396,"RG","SE"
527,8,396,"RG","SE"
349,1,396,"RG","SE"
26,59,396,"RG","SE"
44,30,396,"RG","SE"
237,1,396,"RG","SE"
25,1,396,"RG","SE"
119,1,396,"RG","SE"
278,1,396,"RG","SE"
381,3,396,"RG","SE"
426,4,396,"RG","SE"
332,1,396,"RG","SE"
529,5,396,"RG","SE"
377,2,396,"RG","SE"
439,1,396,"RG","SE"
294,3,396,"RG","SE"
365,2,396,"RG","SE"
72,9,396,"RG","SE"
151,1,396,"RG","SE"
304,2,396,"RG","SE"
489,4,396,"RG","SE"
301,1,396,"RG","SE"
401,1,396,"RG","SE"
539,1,396,"RG","SE"
505,11,396,"RG","SE"
258,1,396,"RG","SE"
440,1,396,"RG","SE"
232,4,396,"RG","SE"
191,1,396,"RG","SE"
10,1,396,"RG","SE"
431,1,396,"RG","SE"
193,2,396,"RG","SE"
199,1,397,"RG","SE"
487,4,397,"RG","SE"
13,1,397,"RG","SE"
401,1,397,"RG","SE"
312,1,397,"RG","SE"
358,16,397,"RG","SE"
418,1,397,"RG","SE"
494,8,397,"RG","SE"
284,1,397,"RG","SE"
186,2,397,"RG","SE"
155,1,397,"RG","SE"
541,8,397,"RG","SE"
513,6,397,"RG","SE"
445,10,397,"RG","SE"
308,2,397,"RG","SE"
42,1,397,"RG","SE"
489,4,397,"RG","SE"
32,6,397,"RG","SE"
250,1,397,"RG","SE"
157,1,397,"RG","SE"
301,1,397,"RG","SE"
144,1,397,"RG","SE"
309,1,397,"RG","SE"
3,5,397,"RG","SE"
524,2,397,"RG","SE"
377,2,397,"RG","SE"
387,1,397,"RG","SE"
510,9,397,"RG","SE"
319,1,397,"RG","SE"
417,1,397,"RG","SE"
87,1,397,"RG","SE"
91,5,397,"RG","SE"
476,1,397,"RG","SE"
83,2,397,"RG","SE"
526,2,397,"RG","SE"
273,1,397,"RG","SE"
547,1,397,"RG","SE"
187,1,397,"RG","SE"
198,2,397,"RG","SE"
431,1,397,"RG","SE"
245,1,397,"RG","SE"
527,8,397,"RG","SE"
488,6,397,"RG","SE"
160,1,397,"RG","SE"
252,2,397,"RG","SE"
5,4,397,"RG","SE"
351,1,397,"RG","SE"
374,2,397,"RG","SE"
20,7,397,"RG","SE"
51,2,397,"RG","SE"
12,11,397,"RG","SE"
235,1,397,"RG","SE"
85,15,397,"RG","SE"
222,2,397,"RG","SE"
344,1,397,"RG","SE"
548,1,397,"RG","SE"
166,1,397,"RG","SE"
243,2,397,"RG","SE"
72,9,398,"RG","SE"
5,4,398,"RG","SE"
61,50,398,"RG","SE"
85,15,398,"RG","SE"
49,1,398,"RG","SE"
527,8,398,"RG","SE"
480,6,398,"RG","SE"
10,1,398,"RG","SE"
380,2,398,"RG","SE"
144,1,398,"RG","SE"
36,3,398,"RG","SE"
282,1,398,"RG","SE"
11,27,398,"RG","SE"
3,5,398,"RG","SE"
487,4,398,"RG","SE"
202,1,398,"RG","SE"
447,4,398,"RG","SE"
187,1,398,"RG","SE"
32,6,398,"RG","SE"
248,5,398,"RG","SE"
219,1,398,"RG","SE"
374,2,398,"RG","SE"
514,6,398,"RG","SE"
102,1,398,"RG","SE"
223,1,398,"RG","SE"
286,1,398,"RG","SE"
343,9,398,"RG","SE"
108,1,398,"RG","SE"
381,3,398,"RG","SE"
322,3,398,"RG","SE"
534,3,398,"RG","SE"
313,3,398,"RG","SE"
366,1,398,"RG","SE"
19,5,398,"RG","SE"
308,2,398,"RG","SE"
441,1,398,"RG","SE"
83,2,398,"RG","SE"
157,1,398,"RG","SE"
426,4,398,"RG","SE"
190,1,398,"RG","SE"
258,1,398,"RG","SE"
345,1,398,"RG","SE"
207,1,398,"RG","SE"
294,3,398,"RG","SE"
483,5,398,"RG","SE"
310,1,398,"RG","SE"
33,12,398,"RG","SE"
225,1,398,"RG","SE"
370,1,398,"RG","SE"
105,1,398,"RG","SE"
458,1,398,"RG","SE"
168,1,398,"RG","SE"
276,3,398,"RG","SE"
369,2,398,"RG","SE"
363,2,398,"RG","SE"
38,3,398,"RG","SE"
531,2,398,"RG","SE"
510,9,398,"RG","SE"
140,1,399,"RG","SE"
157,1,399,"RG","SE"
199,1,399,"RG","SE"
72,9,399,"RG","SE"
541,8,399,"RG","SE"
413,1,399,"RG","SE"
302,2,399,"RG","SE"
65,4,399,"RG","SE"
16,3,399,"RG","SE"
471,3,399,"RG","SE"
389,3,399,"RG","SE"
202,1,399,"RG","SE"
44,30,399,"RG","SE"
242,1,399,"RG","SE"
196,2,399,"RG","SE"
10,1,399,"RG","SE"
255,1,399,"RG","SE"
222,2,399,"RG","SE"
13,1,399,"RG","SE"
253,1,399,"RG","SE"
36,3,399,"RG","SE"
173,2,399,"RG","SE"
482,5,399,"RG","SE"
268,1,399,"RG","SE"
294,3,399,"RG","SE"
257,1,399,"RG","SE"
523,4,399,"RG","SE"
245,1,399,"RG","SE"
185,1,399,"RG","SE"
186,2,399,"RG","SE"
540,8,399,"RG","SE"
544,1,399,"RG","SE"
128,1,399,"RG","SE"
125,1,399,"RG","SE"
17,5,399,"RG","SE"
214,1,399,"RG","SE"
279,1,399,"RG","SE"
319,1,399,"RG","SE"
345,1,399,"RG","SE"
151,1,399,"RG","SE"
426,4,399,"RG","SE"
322,3,399,"RG","SE"
145,1,399,"RG","SE"
531,2,399,"RG","SE"
168,1,399,"RG","SE"
326,2,399,"RG","SE"
318,3,399,"RG","SE"
332,1,399,"RG","SE"
223,1,399,"RG","SE"
415,1,399,"RG","SE"
421,4,399,"RG","SE"
493,7,399,"RG","SE"
368,1,399,"RG","SE"
207,1,399,"RG","SE"
484,4,399,"RG","SE"
463,1,399,"RG","SE"
357,1,399,"RG","SE"
425,4,399,"RG","SE"
283,1,400,"RG","SE"
302,2,400,"RG","SE"
482,5,400,"RG","SE"
89,1,400,"RG","SE"
535,3,400,"RG","SE"
452,1,400,"RG","SE"
124,4,400,"RG","SE"
49,1,400,"RG","SE"
228,1,400,"RG","SE"
505,11,400,"RG","SE"
76,4,400,"RG","SE"
372,1,400,"RG","SE"
20,7,400,"RG","SE"
340,1,400,"RG","SE"
160,1,400,"RG","SE"
382,1,400,"RG","SE"
253,1,400,"RG","SE"
278,1,400,"RG","SE"
36,3,400,"RG","SE"
104,2,400,"RG","SE"
291,1,400,"RG","SE"
534,3,400,"RG","SE"
132,1,400,"RG","SE"
190,1,400,"RG","SE"
170,1,400,"RG","SE"
194,1,400,"RG","SE"
199,1,400,"RG","SE"
38,3,400,"RG","SE"
7,21,400,"RG","SE"
312,1,400,"RG","SE"
399,1,400,"RG","SE"
374,2,400,"RG","SE"
277,1,400,"RG","SE"
486,5,400,"RG","SE"
273,1,400,"RG","SE"
467,4,400,"RG","SE"
115,1,400,"RG","SE"
361,3,400,"RG","SE"
477,4,400,"RG","SE"
494,8,400,"RG","SE"
341,2,400,"RG","SE"
284,1,400,"RG","SE"
514,6,400,"RG","SE"
426,4,400,"RG","SE"
268,1,400,"RG","SE"
203,1,400,"RG","SE"
44,30,400,"RG","SE"
14,30,400,"RG","SE"
343,9,400,"RG","SE"
319,1,400,"RG","SE"
328,1,400,"RG","SE"
237,1,400,"RG","SE"
548,1,400,"RG","SE"
51,2,400,"RG","SE"
437,1,400,"RG","SE"
204,2,400,"RG","SE"
11,27,400,"RG","SE"
466,1,400,"RG","SE"
33,12,401,"RG","SE"
247,3,401,"RG","SE"
128,1,401,"RG","SE"
285,3,401,"RG","SE"
115,1,401,"RG","SE"
13,1,401,"RG","SE"
72,9,401,"RG","SE"
101,1,401,"RG","SE"
369,2,401,"RG","SE"
124,4,401,"RG","SE"
469,5,401,"RG","SE"
261,3,401,"RG","SE"
110,1,401,"RG","SE"
21,7,401,"RG","SE"
397,1,401,"RG","SE"
436,1,401,"RG","SE"
232,4,401,"RG","SE"
354,2,401,"RG","SE"
11,27,401,"RG","SE"
351,1,401,"RG","SE"
175,1,401,"RG","SE"
381,3,401,"RG","SE"
20,7,401,"RG","SE"
199,1,401,"RG","SE"
525,9,401,"RG","SE"
433,2,401,"RG","SE"
365,2,401,"RG","SE"
506,7,401,"RG","SE"
313,3,401,"RG","SE"
283,1,401,"RG","SE"
532,5,401,"RG","SE"
466,1,401,"RG","SE"
203,1,401,"RG","SE"
57,9,401,"RG","SE"
304,2,401,"RG","SE"
244,3,401,"RG","SE"
480,6,401,"RG","SE"
341,2,401,"RG","SE"
534,3,401,"RG","SE"
387,1,401,"RG","SE"
68,5,401,"RG","SE"
487,4,401,"RG","SE"
83,2,401,"RG","SE"
476,1,401,"RG","SE"
183,3,401,"RG","SE"
147,1,401,"RG","SE"
305,1,401,"RG","SE"
151,1,401,"RG","SE"
273,1,401,"RG","SE"
422,4,401,"RG","SE"
252,2,401,"RG","SE"
32,6,401,"RG","SE"
516,4,401,"RG","SE"
401,1,401,"RG","SE"
390,1,401,"RG","SE"
501,17,401,"RG","SE"
185,1,401,"RG","SE"
463,1,401,"RG","SE"
147,1,402,"RG","SE"
61,50,402,"RG","SE"
532,5,402,"RG","SE"
310,1,402,"RG","SE"
122,2,402,"RG","SE"
123,4,402,"RG","SE"
36,3,402,"RG","SE"
254,1,402,"RG","SE"
247,3,402,"RG","SE"
436,1,402,"RG","SE"
126,3,402,"RG","SE"
186,2,402,"RG","SE"
257,1,402,"RG","SE"
286,1,402,"RG","SE"
191,1,402,"RG","SE"
153,1,402,"RG","SE"
282,1,402,"RG","SE"
504,10,402,"RG","SE"
10,1,402,"RG","SE"
77,17,402,"RG","SE"
15,2,402,"RG","SE"
124,4,402,"RG","SE"
111,1,402,"RG","SE"
354,2,402,"RG","SE"
541,8,402,"RG","SE"
33,12,402,"RG","SE"
108,1,402,"RG","SE"
129,2,402,"RG","SE"
160,1,402,"RG","SE"
463,1,402,"RG","SE"
317,2,402,"RG","SE"
487,4,402,"RG","SE"
83,2,402,"RG","SE"
106,1,402,"RG","SE"
158,3,402,"RG","SE"
214,1,402,"RG","SE"
438,6,402,"RG","SE"
377,2,402,"RG","SE"
283,1,402,"RG","SE"
4,5,402,"RG","SE"
27,2,402,"RG","SE"
340,1,402,"RG","SE"
471,3,402,"RG","SE"
102,1,402,"RG","SE"
49,1,402,"RG","SE"
527,8,402,"RG","SE"
328,1,402,"RG","SE"
544,1,402,"RG","SE"
345,1,402,"RG","SE"
502,7,402,"RG","SE"
480,6,402,"RG","SE"
219,1,402,"RG","SE"
12,11,402,"RG","SE"
204,2,402,"RG","SE"
413,1,402,"RG","SE"
193,2,402,"RG","SE"
493,7,402,"RG","SE"
397,1,402,"RG","SE"
361,3,403,"RG","SE"
5,4,403,"RG","SE"
147,1,403,"RG","SE"
20,7,403,"RG","SE"
26,59,403,"RG","SE"
527,8,403,"RG","SE"
401,1,403,"RG","SE"
445,10,403,"RG","SE"
510,9,403,"RG","SE"
421,4,403,"RG","SE"
520,2,403,"RG","SE"
244,3,403,"RG","SE"
286,1,403,"RG","SE"
514,6,403,"RG","SE"
269,1,403,"RG","SE"
426,4,403,"RG","SE"
303,6,403,"RG","SE"
138,2,403,"RG","SE"
3,5,403,"RG","SE"
395,1,403,"RG","SE"
266,1,403,"RG","SE"
513,6,403,"RG","SE"
351,1,403,"RG","SE"
76,4,403,"RG","SE"
86,2,403,"RG","SE"
32,6,403,"RG","SE"
470,5,403,"RG","SE"
122,2,403,"RG","SE"
532,5,403,"RG","SE"
268,1,403,"RG","SE"
141,2,403,"RG","SE"
496,22,403,"RG","SE"
480,6,403,"RG","SE"
116,1,403,"RG","SE"
529,5,403,"RG","SE"
123,4,403,"RG","SE"
169,1,403,"RG","SE"
219,1,403,"RG","SE"
535,3,403,"RG","SE"
103,1,403,"RG","SE"
61,50,403,"RG","SE"
370,1,403,"RG","SE"
124,4,403,"RG","SE"
164,6,403,"RG","SE"
336,1,403,"RG","SE"
7,21,403,"RG","SE"
509,3,403,"RG","SE"
112,4,403,"RG","SE"
132,1,403,"RG","SE"
214,1,403,"RG","SE"
399,1,403,"RG","SE"
242,1,403,"RG","SE"
404,1,403,"RG","SE"
528,5,403,"RG","SE"
456,1,403,"RG","SE"
304,2,403,"RG","SE"
38,3,403,"RG","SE"
131,1,403,"RG","SE"
410,2,404,"RG","SE"
332,1,404,"RG","SE"
7,21,404,"RG","SE"
544,1,404,"RG","SE"
104,2,404,"RG","SE"
19,5,404,"RG","SE"
105,1,404,"RG","SE"
513,6,404,"RG","SE"
255,1,404,"RG","SE"
65,4,404,"RG","SE"
381,3,404,"RG","SE"
466,1,404,"RG","SE"
483,5,404,"RG","SE"
352,2,404,"RG","SE"
257,1,404,"RG","SE"
86,2,404,"RG","SE"
266,1,404,"RG","SE"
235,1,404,"RG","SE"
366,1,404,"RG","SE"
16,3,404,"RG","SE"
389,3,404,"RG","SE"
462,1,404,"RG","SE"
244,3,404,"RG","SE"
32,6,404,"RG","SE"
547,1,404,"RG","SE"
291,1,404,"RG","SE"
539,1,404,"RG","SE"
336,1,404,"RG","SE"
496,22,404,"RG","SE"
467,4,404,"RG","SE"
190,1,404,"RG","SE"
91,5,404,"RG","SE"
27,2,404,"RG","SE"
436,1,404,"RG","SE"
232,4,404,"RG","SE"
502,7,404,"RG","SE"
294,3,404,"RG","SE"
203,1,404,"RG","SE"
377,2,404,"RG","SE"
519,3,404,"RG","SE"
149,1,404,"RG","SE"
44,30,404,"RG","SE"
357,1,404,"RG","SE"
490,4,404,"RG","SE"
264,1,404,"RG","SE"
421,4,404,"RG","SE"
10,1,404,"RG","SE"
126,3,404,"RG","SE"
237,1,404,"RG","SE"
143,1,404,"RG","SE"
469,5,404,"RG","SE"
457,2,404,"RG","SE"
326,2,404,"RG","SE"
252,2,404,"RG","SE"
225,1,404,"RG","SE"
4,5,404,"RG","SE"
258,1,404,"RG","SE"
374,2,404,"RG","SE"
252,2,405,"RG","SE"
111,1,405,"RG","SE"
506,7,405,"RG","SE"
168,1,405,"RG","SE"
276,3,405,"RG","SE"
157,1,405,"RG","SE"
144,1,405,"RG","SE"
389,3,405,"RG","SE"
439,1,405,"RG","SE"
489,4,405,"RG","SE"
104,2,405,"RG","SE"
483,5,405,"RG","SE"
474,1,405,"RG","SE"
247,3,405,"RG","SE"
343,9,405,"RG","SE"
204,2,405,"RG","SE"
170,1,405,"RG","SE"
22,4,405,"RG","SE"
286,1,405,"RG","SE"
72,9,405,"RG","SE"
304,2,405,"RG","SE"
108,1,405,"RG","SE"
422,4,405,"RG","SE"
352,2,405,"RG","SE"
223,1,405,"RG","SE"
83,2,405,"RG","SE"
194,1,405,"RG","SE"
510,9,405,"RG","SE"
544,1,405,"RG","SE"
266,1,405,"RG","SE"
376,3,405,"RG","SE"
57,9,405,"RG","SE"
494,8,405,"RG","SE"
255,1,405,"RG","SE"
368,1,405,"RG","SE"
319,1,405,"RG","SE"
261,3,405,"RG","SE"
158,3,405,"RG","SE"
5,4,405,"RG","SE"
351,1,405,"RG","SE"
435,2,405,"RG","SE"
248,5,405,"RG","SE"
142,1,405,"RG","SE"
273,1,405,"RG","SE"
344,1,405,"RG","SE"
486,5,405,"RG","SE"
164,6,405,"RG","SE"
237,1,405,"RG","SE"
155,1,405,"RG","SE"
219,1,405,"RG","SE"
186,2,405,"RG","SE"
358,16,405,"RG","SE"
149,1,405,"RG","SE"
534,3,405,"RG","SE"
116,1,405,"RG","SE"
54,39,405,"RG","SE"
13,1,405,"RG","SE"
254,1,405,"RG","SE"
376,3,406,"RG","SE"
382,1,406,"RG","SE"
13,1,406,"RG","SE"
235,1,406,"RG","SE"
547,1,406,"RG","SE"
482,5,406,"RG","SE"
278,1,406,"RG","SE"
502,7,406,"RG","SE"
54,39,406,"RG","SE"
471,3,406,"RG","SE"
253,1,406,"RG","SE"
351,1,406,"RG","SE"
112,4,406,"RG","SE"
505,11,406,"RG","SE"
72,9,406,"RG","SE"
115,1,406,"RG","SE"
476,1,406,"RG","SE"
486,5,406,"RG","SE"
248,5,406,"RG","SE"
525,9,406,"RG","SE"
301,1,406,"RG","SE"
457,2,406,"RG","SE"
190,1,406,"RG","SE"
304,2,406,"RG","SE"
431,1,406,"RG","SE"
480,6,406,"RG","SE"
249,2,406,"RG","SE"
349,1,406,"RG","SE"
340,1,406,"RG","SE"
22,4,406,"RG","SE"
343,9,406,"RG","SE"
264,1,406,"RG","SE"
148,1,406,"RG","SE"
166,1,406,"RG","SE"
194,1,406,"RG","SE"
116,1,406,"RG","SE"
273,1,406,"RG","SE"
209,1,406,"RG","SE"
102,1,406,"RG","SE"
91,5,406,"RG","SE"
365,2,406,"RG","SE"
269,1,406,"RG","SE"
514,6,406,"RG","SE"
157,1,406,"RG","SE"
131,1,406,"RG","SE"
87,1,406,"RG","SE"
12,11,406,"RG","SE"
370,1,406,"RG","SE"
483,5,406,"RG","SE"
308,2,406,"RG","SE"
493,7,406,"RG","SE"
294,3,406,"RG","SE"
283,1,406,"RG","SE"
516,4,406,"RG","SE"
527,8,406,"RG","SE"
368,1,406,"RG","SE"
214,1,406,"RG","SE"
313,3,406,"RG","SE"
128,1,407,"RG","SE"
3,5,407,"RG","SE"
283,1,407,"RG","SE"
145,1,407,"RG","SE"
493,7,407,"RG","SE"
367,2,407,"RG","SE"
33,12,407,"RG","SE"
452,1,407,"RG","SE"
487,4,407,"RG","SE"
67,9,407,"RG","SE"
480,6,407,"RG","SE"
25,1,407,"RG","SE"
404,1,407,"RG","SE"
365,2,407,"RG","SE"
541,8,407,"RG","SE"
19,5,407,"RG","SE"
124,4,407,"RG","SE"
440,1,407,"RG","SE"
539,1,407,"RG","SE"
410,2,407,"RG","SE"
380,2,407,"RG","SE"
89,1,407,"RG","SE"
51,2,407,"RG","SE"
286,1,407,"RG","SE"
332,1,407,"RG","SE"
20,7,407,"RG","SE"
358,16,407,"RG","SE"
517,6,407,"RG","SE"
4,5,407,"RG","SE"
430,1,407,"RG","SE"
257,1,407,"RG","SE"
438,6,407,"RG","SE"
456,1,407,"RG","SE"
119,1,407,"RG","SE"
486,5,407,"RG","SE"
249,2,407,"RG","SE"
222,2,407,"RG","SE"
65,4,407,"RG","SE"
106,1,407,"RG","SE"
72,9,407,"RG","SE"
308,2,407,"RG","SE"
524,2,407,"RG","SE"
191,1,407,"RG","SE"
466,1,407,"RG","SE"
366,1,407,"RG","SE"
155,1,407,"RG","SE"
382,1,407,"RG","SE"
12,11,407,"RG","SE"
219,1,407,"RG","SE"
169,1,407,"RG","SE"
103,1,407,"RG","SE"
284,1,407,"RG","SE"
525,9,407,"RG","SE"
345,1,407,"RG","SE"
158,3,407,"RG","SE"
277,1,407,"RG","SE"
354,2,407,"RG","SE"
514,6,407,"RG","SE"
369,2,408,"RG","SE"
129,2,408,"RG","SE"
508,14,408,"RG","SE"
49,1,408,"RG","SE"
276,3,408,"RG","SE"
151,1,408,"RG","SE"
15,2,408,"RG","SE"
341,2,408,"RG","SE"
80,6,408,"RG","SE"
89,1,408,"RG","SE"
244,3,408,"RG","SE"
354,2,408,"RG","SE"
545,1,408,"RG","SE"
166,1,408,"RG","SE"
149,1,408,"RG","SE"
517,6,408,"RG","SE"
469,5,408,"RG","SE"
61,50,408,"RG","SE"
332,1,408,"RG","SE"
534,3,408,"RG","SE"
381,3,408,"RG","SE"
11,27,408,"RG","SE"
27,2,408,"RG","SE"
42,1,408,"RG","SE"
190,1,408,"RG","SE"
456,1,408,"RG","SE"
106,1,408,"RG","SE"
367,2,408,"RG","SE"
436,1,408,"RG","SE"
258,1,408,"RG","SE"
91,5,408,"RG","SE"
225,1,408,"RG","SE"
209,1,408,"RG","SE"
377,2,408,"RG","SE"
374,2,408,"RG","SE"
187,1,408,"RG","SE"
237,1,408,"RG","SE"
199,1,408,"RG","SE"
183,3,408,"RG","SE"
194,1,408,"RG","SE"
170,1,408,"RG","SE"
513,6,408,"RG","SE"
529,5,408,"RG","SE"
102,1,408,"RG","SE"
302,2,408,"RG","SE"
351,1,408,"RG","SE"
312,1,408,"RG","SE"
352,2,408,"RG","SE"
273,1,408,"RG","SE"
228,1,408,"RG","SE"
501,17,408,"RG","SE"
370,1,408,"RG","SE"
124,4,408,"RG","SE"
438,6,408,"RG","SE"
12,11,408,"RG","SE"
141,2,408,"RG","SE"
477,4,408,"RG","SE"
291,1,408,"RG","SE"
361,3,409,"RG","SE"
419,1,409,"RG","SE"
112,4,409,"RG","SE"
535,3,409,"RG","SE"
455,3,409,"RG","SE"
42,1,409,"RG","SE"
504,10,409,"RG","SE"
26,59,409,"RG","SE"
349,1,409,"RG","SE"
418,1,409,"RG","SE"
242,1,409,"RG","SE"
193,2,409,"RG","SE"
501,17,409,"RG","SE"
191,1,409,"RG","SE"
533,5,409,"RG","SE"
138,2,409,"RG","SE"
463,1,409,"RG","SE"
89,1,409,"RG","SE"
285,3,409,"RG","SE"
123,4,409,"RG","SE"
126,3,409,"RG","SE"
171,1,409,"RG","SE"
343,9,409,"RG","SE"
173,2,409,"RG","SE"
3,5,409,"RG","SE"
363,2,409,"RG","SE"
465,1,409,"RG","SE"
395,1,409,"RG","SE"
352,2,409,"RG","SE"
486,5,409,"RG","SE"
309,1,409,"RG","SE"
515,4,409,"RG","SE"
202,1,409,"RG","SE"
187,1,409,"RG","SE"
125,1,409,"RG","SE"
496,22,409,"RG","SE"
198,2,409,"RG","SE"
250,1,409,"RG","SE"
175,1,409,"RG","SE"
11,27,409,"RG","SE"
146,1,409,"RG","SE"
284,1,409,"RG","SE"
155,1,409,"RG","SE"
476,1,409,"RG","SE"
318,3,409,"RG","SE"
540,8,409,"RG","SE"
340,1,409,"RG","SE"
141,2,409,"RG","SE"
151,1,409,"RG","SE"
105,1,409,"RG","SE"
413,1,409,"RG","SE"
493,7,409,"RG","SE"
142,1,409,"RG","SE"
527,8,409,"RG","SE"
437,1,409,"RG","SE"
235,1,409,"RG","SE"
64,9,409,"RG","SE"
21,7,409,"RG","SE"
336,1,410,"RG","SE"
430,1,410,"RG","SE"
344,1,410,"RG","SE"
155,1,410,"RG","SE"
179,12,410,"RG","SE"
222,2,410,"RG","SE"
105,1,410,"RG","SE"
390,1,410,"RG","SE"
291,1,410,"RG","SE"
516,4,410,"RG","SE"
129,2,410,"RG","SE"
126,3,410,"RG","SE"
166,1,410,"RG","SE"
415,1,410,"RG","SE"
458,1,410,"RG","SE"
32,6,410,"RG","SE"
85,15,410,"RG","SE"
397,1,410,"RG","SE"
235,1,410,"RG","SE"
399,1,410,"RG","SE"
421,4,410,"RG","SE"
278,1,410,"RG","SE"
125,1,410,"RG","SE"
378,1,410,"RG","SE"
456,1,410,"RG","SE"
294,3,410,"RG","SE"
540,8,410,"RG","SE"
348,2,410,"RG","SE"
21,7,410,"RG","SE"
457,2,410,"RG","SE"
80,6,410,"RG","SE"
410,2,410,"RG","SE"
476,1,410,"RG","SE"
76,4,410,"RG","SE"
209,1,410,"RG","SE"
508,14,410,"RG","SE"
3,5,410,"RG","SE"
381,3,410,"RG","SE"
466,1,410,"RG","SE"
440,1,410,"RG","SE"
279,1,410,"RG","SE"
237,1,410,"RG","SE"
351,1,410,"RG","SE"
141,2,410,"RG","SE"
68,5,410,"RG","SE"
322,3,410,"RG","SE"
532,5,410,"RG","SE"
11,27,410,"RG","SE"
445,10,410,"RG","SE"
422,4,410,"RG","SE"
54,39,410,"RG","SE"
190,1,410,"RG","SE"
482,5,410,"RG","SE"
103,1,410,"RG","SE"
285,3,410,"RG","SE"
514,6,410,"RG","SE"
413,1,410,"RG","SE"
545,1,410,"RG","SE"
101,1,411,"RG","SE"
417,1,411,"RG","SE"
193,2,411,"RG","SE"
250,1,411,"RG","SE"
431,1,411,"RG","SE"
190,1,411,"RG","SE"
294,3,411,"RG","SE"
149,1,411,"RG","SE"
498,25,411,"RG","SE"
103,1,411,"RG","SE"
401,1,411,"RG","SE"
433,2,411,"RG","SE"
21,7,411,"RG","SE"
441,1,411,"RG","SE"
22,4,411,"RG","SE"
455,3,411,"RG","SE"
505,11,411,"RG","SE"
352,2,411,"RG","SE"
310,1,411,"RG","SE"
471,3,411,"RG","SE"
462,1,411,"RG","SE"
273,1,411,"RG","SE"
257,1,411,"RG","SE"
496,22,411,"RG","SE"
318,3,411,"RG","SE"
529,5,411,"RG","SE"
528,5,411,"RG","SE"
146,1,411,"RG","SE"
145,1,411,"RG","SE"
27,2,411,"RG","SE"
228,1,411,"RG","SE"
179,12,411,"RG","SE"
45,1,411,"RG","SE"
171,1,411,"RG","SE"
269,1,411,"RG","SE"
85,15,411,"RG","SE"
526,2,411,"RG","SE"
509,3,411,"RG","SE"
340,1,411,"RG","SE"
415,1,411,"RG","SE"
248,5,411,"RG","SE"
38,3,411,"RG","SE"
138,2,411,"RG","SE"
484,4,411,"RG","SE"
425,4,411,"RG","SE"
225,1,411,"RG","SE"
16,3,411,"RG","SE"
489,4,411,"RG","SE"
532,5,411,"RG","SE"
13,1,411,"RG","SE"
548,1,411,"RG","SE"
332,1,411,"RG","SE"
377,2,411,"RG","SE"
170,1,411,"RG","SE"
493,7,411,"RG","SE"
469,5,411,"RG","SE"
235,1,411,"RG","SE"
317,2,411,"RG","SE"
508,14,412,"RG","SE"
531,2,412,"RG","SE"
538,2,412,"RG","SE"
80,6,412,"RG","SE"
268,1,412,"RG","SE"
149,1,412,"RG","SE"
458,1,412,"RG","SE"
131,1,412,"RG","SE"
447,4,412,"RG","SE"
366,1,412,"RG","SE"
523,4,412,"RG","SE"
544,1,412,"RG","SE"
286,1,412,"RG","SE"
242,1,412,"RG","SE"
435,2,412,"RG","SE"
516,4,412,"RG","SE"
19,5,412,"RG","SE"
439,1,412,"RG","SE"
415,1,412,"RG","SE"
153,1,412,"RG","SE"
128,1,412,"RG","SE"
410,2,412,"RG","SE"
65,4,412,"RG","SE"
258,1,412,"RG","SE"
304,2,412,"RG","SE"
477,4,412,"RG","SE"
78,21,412,"RG","SE"
494,8,412,"RG","SE"
394,1,412,"RG","SE"
476,1,412,"RG","SE"
514,6,412,"RG","SE"
395,1,412,"RG","SE"
312,1,412,"RG","SE"
104,2,412,"RG","SE"
83,2,412,"RG","SE"
370,1,412,"RG","SE"
64,9,412,"RG","SE"
278,1,412,"RG","SE"
45,1,412,"RG","SE"
517,6,412,"RG","SE"
377,2,412,"RG","SE"
389,3,412,"RG","SE"
249,2,412,"RG","SE"
254,1,412,"RG","SE"
103,1,412,"RG","SE"
489,4,412,"RG","SE"
481,2,412,"RG","SE"
419,1,412,"RG","SE"
51,2,412,"RG","SE"
436,1,412,"RG","SE"
502,7,412,"RG","SE"
372,1,412,"RG","SE"
462,1,412,"RG","SE"
170,1,412,"RG","SE"
10,1,412,"RG","SE"
515,4,412,"RG","SE"
340,1,412,"RG","SE"
207,1,412,"RG","SE"
481,2,413,"RG","SE"
249,2,413,"RG","SE"
421,4,413,"RG","SE"
308,2,413,"RG","SE"
242,1,413,"RG","SE"
49,1,413,"RG","SE"
112,4,413,"RG","SE"
147,1,413,"RG","SE"
361,3,413,"RG","SE"
235,1,413,"RG","SE"
313,3,413,"RG","SE"
191,1,413,"RG","SE"
33,12,413,"RG","SE"
341,2,413,"RG","SE"
83,2,413,"RG","SE"
531,2,413,"RG","SE"
520,2,413,"RG","SE"
5,4,413,"RG","SE"
505,11,413,"RG","SE"
130,1,413,"RG","SE"
302,2,413,"RG","SE"
458,1,413,"RG","SE"
387,1,413,"RG","SE"
153,1,413,"RG","SE"
186,2,413,"RG","SE"
526,2,413,"RG","SE"
305,1,413,"RG","SE"
151,1,413,"RG","SE"
20,7,413,"RG","SE"
440,1,413,"RG","SE"
500,22,413,"RG","SE"
399,1,413,"RG","SE"
87,1,413,"RG","SE"
294,3,413,"RG","SE"
322,3,413,"RG","SE"
14,30,413,"RG","SE"
541,8,413,"RG","SE"
77,17,413,"RG","SE"
245,1,413,"RG","SE"
483,5,413,"RG","SE"
61,50,413,"RG","SE"
501,17,413,"RG","SE"
183,3,413,"RG","SE"
319,1,413,"RG","SE"
487,4,413,"RG","SE"
17,5,413,"RG","SE"
282,1,413,"RG","SE"
45,1,413,"RG","SE"
502,7,413,"RG","SE"
545,1,413,"RG","SE"
258,1,413,"RG","SE"
484,4,413,"RG","SE"
266,1,413,"RG","SE"
123,4,413,"RG","SE"
417,1,413,"RG","SE"
148,1,413,"RG","SE"
285,3,413,"RG","SE"
204,2,413,"RG","SE"
445,10,414,"RG","SE"
253,1,414,"RG","SE"
514,6,414,"RG","SE"
547,1,414,"RG","SE"
186,2,414,"RG","SE"
155,1,414,"RG","SE"
4,5,414,"RG","SE"
12,11,414,"RG","SE"
418,1,414,"RG","SE"
524,2,414,"RG","SE"
17,5,414,"RG","SE"
168,1,414,"RG","SE"
440,1,414,"RG","SE"
474,1,414,"RG","SE"
169,1,414,"RG","SE"
372,1,414,"RG","SE"
343,9,414,"RG","SE"
482,5,414,"RG","SE"
533,5,414,"RG","SE"
147,1,414,"RG","SE"
302,2,414,"RG","SE"
410,2,414,"RG","SE"
534,3,414,"RG","SE"
38,3,414,"RG","SE"
228,1,414,"RG","SE"
235,1,414,"RG","SE"
452,1,414,"RG","SE"
296,1,414,"RG","SE"
171,1,414,"RG","SE"
264,1,414,"RG","SE"
166,1,414,"RG","SE"
199,1,414,"RG","SE"
467,4,414,"RG","SE"
80,6,414,"RG","SE"
282,1,414,"RG","SE"
140,1,414,"RG","SE"
190,1,414,"RG","SE"
463,1,414,"RG","SE"
532,5,414,"RG","SE"
144,1,414,"RG","SE"
332,1,414,"RG","SE"
461,1,414,"RG","SE"
430,1,414,"RG","SE"
196,2,414,"RG","SE"
308,2,414,"RG","SE"
131,1,414,"RG","SE"
245,1,414,"RG","SE"
286,1,414,"RG","SE"
489,4,414,"RG","SE"
27,2,414,"RG","SE"
506,7,414,"RG","SE"
126,3,414,"RG","SE"
437,1,414,"RG","SE"
77,17,414,"RG","SE"
439,1,414,"RG","SE"
344,1,414,"RG","SE"
160,1,414,"RG","SE"
374,2,414,"RG","SE"
276,3,415,"RG","SE"
462,1,415,"RG","SE"
105,1,415,"RG","SE"
282,1,415,"RG","SE"
49,1,415,"RG","SE"
243,2,415,"RG","SE"
488,6,415,"RG","SE"
374,2,415,"RG","SE"
83,2,415,"RG","SE"
3,5,415,"RG","SE"
196,2,415,"RG","SE"
341,2,415,"RG","SE"
4,5,415,"RG","SE"
140,1,415,"RG","SE"
466,1,415,"RG","SE"
344,1,415,"RG","SE"
185,1,415,"RG","SE"
186,2,415,"RG","SE"
294,3,415,"RG","SE"
493,7,415,"RG","SE"
505,11,415,"RG","SE"
125,1,415,"RG","SE"
378,1,415,"RG","SE"
477,4,415,"RG","SE"
426,4,415,"RG","SE"
68,5,415,"RG","SE"
343,9,415,"RG","SE"
21,7,415,"RG","SE"
122,2,415,"RG","SE"
51,2,415,"RG","SE"
445,10,415,"RG","SE"
76,4,415,"RG","SE"
533,5,415,"RG","SE"
144,1,415,"RG","SE"
506,7,415,"RG","SE"
15,2,415,"RG","SE"
42,1,415,"RG","SE"
457,2,415,"RG","SE"
202,1,415,"RG","SE"
145,1,415,"RG","SE"
258,1,415,"RG","SE"
219,1,415,"RG","SE"
351,1,415,"RG","SE"
352,2,415,"RG","SE"
479,6,415,"RG","SE"
309,1,415,"RG","SE"
336,1,415,"RG","SE"
110,1,415,"RG","SE"
123,4,415,"RG","SE"
349,1,415,"RG","SE"
190,1,415,"RG","SE"
257,1,415,"RG","SE"
44,30,415,"RG","SE"
513,6,415,"RG","SE"
146,1,415,"RG","SE"
544,1,415,"RG","SE"
422,4,415,"RG","SE"
268,1,415,"RG","SE"
336,1,416,"RG","SE"
254,1,416,"RG","SE"
390,1,416,"RG","SE"
276,3,416,"RG","SE"
519,3,416,"RG","SE"
214,1,416,"RG","SE"
418,1,416,"RG","SE"
465,1,416,"RG","SE"
419,1,416,"RG","SE"
345,1,416,"RG","SE"
439,1,416,"RG","SE"
148,1,416,"RG","SE"
477,4,416,"RG","SE"
7,21,416,"RG","SE"
513,6,416,"RG","SE"
505,11,416,"RG","SE"
261,3,416,"RG","SE"
168,1,416,"RG","SE"
501,17,416,"RG","SE"
534,3,416,"RG","SE"
86,2,416,"RG","SE"
187,1,416,"RG","SE"
326,2,416,"RG","SE"
87,1,416,"RG","SE"
225,1,416,"RG","SE"
19,5,416,"RG","SE"
309,1,416,"RG","SE"
319,1,416,"RG","SE"
510,9,416,"RG","SE"
171,1,416,"RG","SE"
367,2,416,"RG","SE"
124,4,416,"RG","SE"
196,2,416,"RG","SE"
302,2,416,"RG","SE"
80,6,416,"RG","SE"
277,1,416,"RG","SE"
14,30,416,"RG","SE"
141,2,416,"RG","SE"
106,1,416,"RG","SE"
10,1,416,"RG","SE"
170,1,416,"RG","SE"
111,1,416,"RG","SE"
49,1,416,"RG","SE"
186,2,416,"RG","SE"
349,1,416,"RG","SE"
122,2,416,"RG","SE"
480,6,416,"RG","SE"
158,3,416,"RG","SE"
476,1,416,"RG","SE"
296,1,416,"RG","SE"
433,2,416,"RG","SE"
516,4,416,"RG","SE"
369,2,416,"RG","SE"
259,6,416,"RG","SE"
341,2,416,"RG","SE"
317,2,416,"RG","SE"
540,8,416,"RG","SE"
116,1,416,"RG","SE"
248,5,417,"RG","SE"
541,8,417,"RG","SE"
304,2,417,"RG","SE"
332,1,417,"RG","SE"
194,1,417,"RG","SE"
155,1,417,"RG","SE"
539,1,417,"RG","SE"
309,1,417,"RG","SE"
430,1,417,"RG","SE"
20,7,417,"RG","SE"
7,21,417,"RG","SE"
502,7,417,"RG","SE"
419,1,417,"RG","SE"
254,1,417,"RG","SE"
433,2,417,"RG","SE"
463,1,417,"RG","SE"
500,22,417,"RG","SE"
399,1,417,"RG","SE"
370,1,417,"RG","SE"
319,1,417,"RG","SE"
510,9,417,"RG","SE"
228,1,417,"RG","SE"
119,1,417,"RG","SE"
508,14,417,"RG","SE"
57,9,417,"RG","SE"
284,1,417,"RG","SE"
395,1,417,"RG","SE"
72,9,417,"RG","SE"
381,3,417,"RG","SE"
534,3,417,"RG","SE"
415,1,417,"RG","SE"
80,6,417,"RG","SE"
545,1,417,"RG","SE"
130,1,417,"RG","SE"
27,2,417,"RG","SE"
245,1,417,"RG","SE"
185,1,417,"RG","SE"
105,1,417,"RG","SE"
25,1,417,"RG","SE"
148,1,417,"RG","SE"
326,2,417,"RG","SE"
86,2,417,"RG","SE"
255,1,417,"RG","SE"
3,5,417,"RG","SE"
380,2,417,"RG","SE"
520,2,417,"RG","SE"
540,8,417,"RG","SE"
153,1,417,"RG","SE"
83,2,417,"RG","SE"
286,1,417,"RG","SE"
250,1,417,"RG","SE"
104,2,417,"RG","SE"
417,1,417,"RG","SE"
394,1,417,"RG","SE"
302,2,417,"RG","SE"
106,1,417,"RG","SE"
36,3,417,"RG","SE"
21,7,417,"RG","SE"
508,14,418,"RG","SE"
258,1,418,"RG","SE"
124,4,418,"RG","SE"
517,6,418,"RG","SE"
343,9,418,"RG","SE"
12,11,418,"RG","SE"
486,5,418,"RG","SE"
282,1,418,"RG","SE"
112,4,418,"RG","SE"
322,3,418,"RG","SE"
142,1,418,"RG","SE"
21,7,418,"RG","SE"
158,3,418,"RG","SE"
361,3,418,"RG","SE"
332,1,418,"RG","SE"
214,1,418,"RG","SE"
38,3,418,"RG","SE"
365,2,418,"RG","SE"
169,1,418,"RG","SE"
317,2,418,"RG","SE"
467,4,418,"RG","SE"
185,1,418,"RG","SE"
447,4,418,"RG","SE"
395,1,418,"RG","SE"
4,5,418,"RG","SE"
91,5,418,"RG","SE"
330,1,418,"RG","SE"
222,2,418,"RG","SE"
209,1,418,"RG","SE"
488,6,418,"RG","SE"
471,3,418,"RG","SE"
531,2,418,"RG","SE"
469,5,418,"RG","SE"
115,1,418,"RG","SE"
458,1,418,"RG","SE"
520,2,418,"RG","SE"
204,2,418,"RG","SE"
437,1,418,"RG","SE"
173,2,418,"RG","SE"
277,1,418,"RG","SE"
148,1,418,"RG","SE"
138,2,418,"RG","SE"
286,1,418,"RG","SE"
326,2,418,"RG","SE"
149,1,418,"RG","SE"
309,1,418,"RG","SE"
237,1,418,"RG","SE"
186,2,418,"RG","SE"
61,50,418,"RG","SE"
145,1,418,"RG","SE"
354,2,418,"RG","SE"
440,1,418,"RG","SE"
193,2,418,"RG","SE"
54,39,418,"RG","SE"
5,4,418,"RG","SE"
128,1,418,"RG","SE"
108,1,418,"RG","SE"
264,1,418,"RG","SE"
349,1,419,"RG","SE"
426,4,419,"RG","SE"
358,16,419,"RG","SE"
504,10,419,"RG","SE"
376,3,419,"RG","SE"
466,1,419,"RG","SE"
67,9,419,"RG","SE"
343,9,419,"RG","SE"
547,1,419,"RG","SE"
431,1,419,"RG","SE"
509,3,419,"RG","SE"
140,1,419,"RG","SE"
155,1,419,"RG","SE"
363,2,419,"RG","SE"
244,3,419,"RG","SE"
144,1,419,"RG","SE"
361,3,419,"RG","SE"
447,4,419,"RG","SE"
303,6,419,"RG","SE"
22,4,419,"RG","SE"
183,3,419,"RG","SE"
158,3,419,"RG","SE"
525,9,419,"RG","SE"
65,4,419,"RG","SE"
268,1,419,"RG","SE"
278,1,419,"RG","SE"
51,2,419,"RG","SE"
123,4,419,"RG","SE"
4,5,419,"RG","SE"
394,1,419,"RG","SE"
86,2,419,"RG","SE"
261,3,419,"RG","SE"
348,2,419,"RG","SE"
498,25,419,"RG","SE"
392,1,419,"RG","SE"
83,2,419,"RG","SE"
319,1,419,"RG","SE"
309,1,419,"RG","SE"
291,1,419,"RG","SE"
259,6,419,"RG","SE"
317,2,419,"RG","SE"
80,6,419,"RG","SE"
523,4,419,"RG","SE"
524,2,419,"RG","SE"
149,1,419,"RG","SE"
132,1,419,"RG","SE"
49,1,419,"RG","SE"
352,2,419,"RG","SE"
372,1,419,"RG","SE"
435,2,419,"RG","SE"
171,1,419,"RG","SE"
104,2,419,"RG","SE"
484,4,419,"RG","SE"
357,1,419,"RG","SE"
422,4,419,"RG","SE"
467,4,419,"RG","SE"
397,1,419,"RG","SE"
489,4,419,"RG","SE"
146,1,420,"RG","SE"
170,1,420,"RG","SE"
68,5,420,"RG","SE"
310,1,420,"RG","SE"
247,3,420,"RG","SE"
519,3,420,"RG","SE"
20,7,420,"RG","SE"
264,1,420,"RG","SE"
115,1,420,"RG","SE"
85,15,420,"RG","SE"
431,1,420,"RG","SE"
104,2,420,"RG","SE"
368,1,420,"RG","SE"
106,1,420,"RG","SE"
361,3,420,"RG","SE"
358,16,420,"RG","SE"
257,1,420,"RG","SE"
125,1,420,"RG","SE"
538,2,420,"RG","SE"
484,4,420,"RG","SE"
259,6,420,"RG","SE"
365,2,420,"RG","SE"
268,1,420,"RG","SE"
147,1,420,"RG","SE"
366,1,420,"RG","SE"
126,3,420,"RG","SE"
131,1,420,"RG","SE"
482,5,420,"RG","SE"
312,1,420,"RG","SE"
187,1,420,"RG","SE"
452,1,420,"RG","SE"
419,1,420,"RG","SE"
284,1,420,"RG","SE"
235,1,420,"RG","SE"
387,1,420,"RG","SE"
527,8,420,"RG","SE"
151,1,420,"RG","SE"
304,2,420,"RG","SE"
296,1,420,"RG","SE"
520,2,420,"RG","SE"
219,1,420,"RG","SE"
437,1,420,"RG","SE"
194,1,420,"RG","SE"
348,2,420,"RG","SE"
76,4,420,"RG","SE"
261,3,420,"RG","SE"
255,1,420,"RG","SE"
341,2,420,"RG","SE"
228,1,420,"RG","SE"
87,1,420,"RG","SE"
294,3,420,"RG","SE"
425,4,420,"RG","SE"
25,1,420,"RG","SE"
243,2,420,"RG","SE"
349,1,420,"RG","SE"
332,1,420,"RG","SE"
344,1,420,"RG","SE"
3,5,420,"RG","SE"
247,3,421,"RG","SE"
20,7,421,"RG","SE"
14,30,421,"RG","SE"
255,1,421,"RG","SE"
340,1,421,"RG","SE"
225,1,421,"RG","SE"
249,2,421,"RG","SE"
302,2,421,"RG","SE"
377,2,421,"RG","SE"
242,1,421,"RG","SE"
404,1,421,"RG","SE"
273,1,421,"RG","SE"
352,2,421,"RG","SE"
248,5,421,"RG","SE"
502,7,421,"RG","SE"
250,1,421,"RG","SE"
85,15,421,"RG","SE"
504,10,421,"RG","SE"
282,1,421,"RG","SE"
368,1,421,"RG","SE"
531,2,421,"RG","SE"
296,1,421,"RG","SE"
462,1,421,"RG","SE"
223,1,421,"RG","SE"
514,6,421,"RG","SE"
361,3,421,"RG","SE"
484,4,421,"RG","SE"
202,1,421,"RG","SE"
535,3,421,"RG","SE"
540,8,421,"RG","SE"
22,4,421,"RG","SE"
519,3,421,"RG","SE"
203,1,421,"RG","SE"
483,5,421,"RG","SE"
482,5,421,"RG","SE"
439,1,421,"RG","SE"
36,3,421,"RG","SE"
309,1,421,"RG","SE"
319,1,421,"RG","SE"
380,2,421,"RG","SE"
351,1,421,"RG","SE"
291,1,421,"RG","SE"
506,7,421,"RG","SE"
463,1,421,"RG","SE"
399,1,421,"RG","SE"
544,1,421,"RG","SE"
253,1,421,"RG","SE"
471,3,421,"RG","SE"
303,6,421,"RG","SE"
187,1,421,"RG","SE"
436,1,421,"RG","SE"
149,1,421,"RG","SE"
378,1,421,"RG","SE"
425,4,421,"RG","SE"
207,1,421,"RG","SE"
33,12,421,"RG","SE"
193,2,421,"RG","SE"
369,2,421,"RG","SE"
87,1,422,"RG","SE"
235,1,422,"RG","SE"
128,1,422,"RG","SE"
175,1,422,"RG","SE"
171,1,422,"RG","SE"
85,15,422,"RG","SE"
91,5,422,"RG","SE"
203,1,422,"RG","SE"
129,2,422,"RG","SE"
438,6,422,"RG","SE"
222,2,422,"RG","SE"
103,1,422,"RG","SE"
486,5,422,"RG","SE"
169,1,422,"RG","SE"
204,2,422,"RG","SE"
12,11,422,"RG","SE"
209,1,422,"RG","SE"
261,3,422,"RG","SE"
308,2,422,"RG","SE"
539,1,422,"RG","SE"
534,3,422,"RG","SE"
417,1,422,"RG","SE"
61,50,422,"RG","SE"
101,1,422,"RG","SE"
439,1,422,"RG","SE"
112,4,422,"RG","SE"
7,21,422,"RG","SE"
160,1,422,"RG","SE"
187,1,422,"RG","SE"
328,1,422,"RG","SE"
345,1,422,"RG","SE"
357,1,422,"RG","SE"
380,2,422,"RG","SE"
153,1,422,"RG","SE"
399,1,422,"RG","SE"
223,1,422,"RG","SE"
32,6,422,"RG","SE"
286,1,422,"RG","SE"
517,6,422,"RG","SE"
382,1,422,"RG","SE"
528,5,422,"RG","SE"
173,2,422,"RG","SE"
190,1,422,"RG","SE"
264,1,422,"RG","SE"
268,1,422,"RG","SE"
527,8,422,"RG","SE"
502,7,422,"RG","SE"
57,9,422,"RG","SE"
413,1,422,"RG","SE"
277,1,422,"RG","SE"
38,3,422,"RG","SE"
179,12,422,"RG","SE"
458,1,422,"RG","SE"
278,1,422,"RG","SE"
146,1,422,"RG","SE"
519,3,422,"RG","SE"
368,1,422,"RG","SE"
83,2,422,"RG","SE"
500,22,423,"RG","SE"
16,3,423,"RG","SE"
128,1,423,"RG","SE"
531,2,423,"RG","SE"
282,1,423,"RG","SE"
104,2,423,"RG","SE"
312,1,423,"RG","SE"
116,1,423,"RG","SE"
284,1,423,"RG","SE"
479,6,423,"RG","SE"
102,1,423,"RG","SE"
547,1,423,"RG","SE"
173,2,423,"RG","SE"
20,7,423,"RG","SE"
452,1,423,"RG","SE"
516,4,423,"RG","SE"
209,1,423,"RG","SE"
496,22,423,"RG","SE"
169,1,423,"RG","SE"
431,1,423,"RG","SE"
506,7,423,"RG","SE"
247,3,423,"RG","SE"
304,2,423,"RG","SE"
514,6,423,"RG","SE"
19,5,423,"RG","SE"
164,6,423,"RG","SE"
466,1,423,"RG","SE"
129,2,423,"RG","SE"
309,1,423,"RG","SE"
404,1,423,"RG","SE"
244,3,423,"RG","SE"
513,6,423,"RG","SE"
32,6,423,"RG","SE"
276,3,423,"RG","SE"
33,12,423,"RG","SE"
269,1,423,"RG","SE"
242,1,423,"RG","SE"
509,3,423,"RG","SE"
248,5,423,"RG","SE"
122,2,423,"RG","SE"
387,1,423,"RG","SE"
457,2,423,"RG","SE"
486,5,423,"RG","SE"
534,3,423,"RG","SE"
257,1,423,"RG","SE"
345,1,423,"RG","SE"
330,1,423,"RG","SE"
67,9,423,"RG","SE"
425,4,423,"RG","SE"
147,1,423,"RG","SE"
529,5,423,"RG","SE"
204,2,423,"RG","SE"
131,1,423,"RG","SE"
21,7,423,"RG","SE"
106,1,423,"RG","SE"
266,1,423,"RG","SE"
268,1,423,"RG","SE"
328,1,423,"RG","SE"
261,3,424,"RG","SE"
438,6,424,"RG","SE"
146,1,424,"RG","SE"
249,2,424,"RG","SE"
123,4,424,"RG","SE"
245,1,424,"RG","SE"
196,2,424,"RG","SE"
20,7,424,"RG","SE"
374,2,424,"RG","SE"
243,2,424,"RG","SE"
417,1,424,"RG","SE"
175,1,424,"RG","SE"
266,1,424,"RG","SE"
328,1,424,"RG","SE"
365,2,424,"RG","SE"
399,1,424,"RG","SE"
250,1,424,"RG","SE"
4,5,424,"RG","SE"
436,1,424,"RG","SE"
389,3,424,"RG","SE"
157,1,424,"RG","SE"
462,1,424,"RG","SE"
173,2,424,"RG","SE"
57,9,424,"RG","SE"
447,4,424,"RG","SE"
528,5,424,"RG","SE"
437,1,424,"RG","SE"
493,7,424,"RG","SE"
319,1,424,"RG","SE"
145,1,424,"RG","SE"
510,9,424,"RG","SE"
207,1,424,"RG","SE"
33,12,424,"RG","SE"
395,1,424,"RG","SE"
458,1,424,"RG","SE"
193,2,424,"RG","SE"
304,2,424,"RG","SE"
138,2,424,"RG","SE"
488,6,424,"RG","SE"
369,2,424,"RG","SE"
259,6,424,"RG","SE"
255,1,424,"RG","SE"
313,3,424,"RG","SE"
80,6,424,"RG","SE"
426,4,424,"RG","SE"
410,2,424,"RG","SE"
545,1,424,"RG","SE"
185,1,424,"RG","SE"
86,2,424,"RG","SE"
477,4,424,"RG","SE"
487,4,424,"RG","SE"
203,1,424,"RG","SE"
277,1,424,"RG","SE"
273,1,424,"RG","SE"
534,3,424,"RG","SE"
394,1,424,"RG","SE"
225,1,424,"RG","SE"
419,1,424,"RG","SE"
456,1,425,"RG","SE"
123,4,425,"RG","SE"
138,2,425,"RG","SE"
80,6,425,"RG","SE"
447,4,425,"RG","SE"
533,5,425,"RG","SE"
326,2,425,"RG","SE"
525,9,425,"RG","SE"
440,1,425,"RG","SE"
529,5,425,"RG","SE"
67,9,425,"RG","SE"
418,1,425,"RG","SE"
436,1,425,"RG","SE"
310,1,425,"RG","SE"
519,3,425,"RG","SE"
535,3,425,"RG","SE"
361,3,425,"RG","SE"
494,8,425,"RG","SE"
101,1,425,"RG","SE"
142,1,425,"RG","SE"
253,1,425,"RG","SE"
36,3,425,"RG","SE"
179,12,425,"RG","SE"
317,2,425,"RG","SE"
294,3,425,"RG","SE"
399,1,425,"RG","SE"
164,6,425,"RG","SE"
3,5,425,"RG","SE"
309,1,425,"RG","SE"
296,1,425,"RG","SE"
261,3,425,"RG","SE"
506,7,425,"RG","SE"
249,2,425,"RG","SE"
319,1,425,"RG","SE"
148,1,425,"RG","SE"
509,3,425,"RG","SE"
147,1,425,"RG","SE"
194,1,425,"RG","SE"
266,1,425,"RG","SE"
282,1,425,"RG","SE"
458,1,425,"RG","SE"
255,1,425,"RG","SE"
258,1,425,"RG","SE"
397,1,425,"RG","SE"
140,1,425,"RG","SE"
531,2,425,"RG","SE"
538,2,425,"RG","SE"
430,1,425,"RG","SE"
12,11,425,"RG","SE"
336,1,425,"RG","SE"
532,5,425,"RG","SE"
352,2,425,"RG","SE"
344,1,425,"RG","SE"
26,59,425,"RG","SE"
203,1,425,"RG","SE"
520,2,425,"RG","SE"
463,1,425,"RG","SE"
285,3,425,"RG","SE"
304,2,426,"RG","SE"
544,1,426,"RG","SE"
476,1,426,"RG","SE"
87,1,426,"RG","SE"
16,3,426,"RG","SE"
85,15,426,"RG","SE"
54,39,426,"RG","SE"
305,1,426,"RG","SE"
277,1,426,"RG","SE"
254,1,426,"RG","SE"
322,3,426,"RG","SE"
488,6,426,"RG","SE"
481,2,426,"RG","SE"
455,3,426,"RG","SE"
110,1,426,"RG","SE"
441,1,426,"RG","SE"
12,11,426,"RG","SE"
112,4,426,"RG","SE"
389,3,426,"RG","SE"
426,4,426,"RG","SE"
128,1,426,"RG","SE"
545,1,426,"RG","SE"
249,2,426,"RG","SE"
102,1,426,"RG","SE"
15,2,426,"RG","SE"
279,1,426,"RG","SE"
91,5,426,"RG","SE"
471,3,426,"RG","SE"
529,5,426,"RG","SE"
436,1,426,"RG","SE"
310,1,426,"RG","SE"
276,3,426,"RG","SE"
122,2,426,"RG","SE"
358,16,426,"RG","SE"
382,1,426,"RG","SE"
372,1,426,"RG","SE"
303,6,426,"RG","SE"
261,3,426,"RG","SE"
357,1,426,"RG","SE"
129,2,426,"RG","SE"
7,21,426,"RG","SE"
145,1,426,"RG","SE"
363,2,426,"RG","SE"
207,1,426,"RG","SE"
510,9,426,"RG","SE"
380,2,426,"RG","SE"
248,5,426,"RG","SE"
501,17,426,"RG","SE"
498,25,426,"RG","SE"
514,6,426,"RG","SE"
282,1,426,"RG","SE"
4,5,426,"RG","SE"
526,2,426,"RG","SE"
106,1,426,"RG","SE"
340,1,426,"RG","SE"
354,2,426,"RG","SE"
504,10,426,"RG","SE"
401,1,426,"RG","SE"
430,1,427,"RG","SE"
368,1,427,"RG","SE"
278,1,427,"RG","SE"
68,5,427,"RG","SE"
261,3,427,"RG","SE"
437,1,427,"RG","SE"
104,2,427,"RG","SE"
33,12,427,"RG","SE"
228,1,427,"RG","SE"
510,9,427,"RG","SE"
185,1,427,"RG","SE"
124,4,427,"RG","SE"
490,4,427,"RG","SE"
328,1,427,"RG","SE"
259,6,427,"RG","SE"
513,6,427,"RG","SE"
78,21,427,"RG","SE"
64,9,427,"RG","SE"
138,2,427,"RG","SE"
143,1,427,"RG","SE"
87,1,427,"RG","SE"
480,6,427,"RG","SE"
533,5,427,"RG","SE"
378,1,427,"RG","SE"
148,1,427,"RG","SE"
382,1,427,"RG","SE"
151,1,427,"RG","SE"
477,4,427,"RG","SE"
309,1,427,"RG","SE"
10,1,427,"RG","SE"
527,8,427,"RG","SE"
431,1,427,"RG","SE"
101,1,427,"RG","SE"
484,4,427,"RG","SE"
436,1,427,"RG","SE"
193,2,427,"RG","SE"
380,2,427,"RG","SE"
493,7,427,"RG","SE"
440,1,427,"RG","SE"
514,6,427,"RG","SE"
27,2,427,"RG","SE"
541,8,427,"RG","SE"
243,2,427,"RG","SE"
417,1,427,"RG","SE"
191,1,427,"RG","SE"
395,1,427,"RG","SE"
273,1,427,"RG","SE"
340,1,427,"RG","SE"
308,2,427,"RG","SE"
330,1,427,"RG","SE"
157,1,427,"RG","SE"
462,1,427,"RG","SE"
372,1,427,"RG","SE"
166,1,427,"RG","SE"
387,1,427,"RG","SE"
394,1,427,"RG","SE"
125,1,427,"RG","SE"
170,1,427,"RG","SE"
363,2,428,"RG","SE"
436,1,428,"RG","SE"
148,1,428,"RG","SE"
336,1,428,"RG","SE"
501,17,428,"RG","SE"
313,3,428,"RG","SE"
372,1,428,"RG","SE"
76,4,428,"RG","SE"
510,9,428,"RG","SE"
361,3,428,"RG","SE"
479,6,428,"RG","SE"
470,5,428,"RG","SE"
36,3,428,"RG","SE"
4,5,428,"RG","SE"
308,2,428,"RG","SE"
173,2,428,"RG","SE"
248,5,428,"RG","SE"
368,1,428,"RG","SE"
341,2,428,"RG","SE"
243,2,428,"RG","SE"
105,1,428,"RG","SE"
354,2,428,"RG","SE"
219,1,428,"RG","SE"
151,1,428,"RG","SE"
77,17,428,"RG","SE"
149,1,428,"RG","SE"
264,1,428,"RG","SE"
340,1,428,"RG","SE"
524,2,428,"RG","SE"
268,1,428,"RG","SE"
64,9,428,"RG","SE"
196,2,428,"RG","SE"
54,39,428,"RG","SE"
462,1,428,"RG","SE"
381,3,428,"RG","SE"
142,1,428,"RG","SE"
526,2,428,"RG","SE"
67,9,428,"RG","SE"
106,1,428,"RG","SE"
11,27,428,"RG","SE"
108,1,428,"RG","SE"
171,1,428,"RG","SE"
374,2,428,"RG","SE"
435,2,428,"RG","SE"
445,10,428,"RG","SE"
65,4,428,"RG","SE"
439,1,428,"RG","SE"
538,2,428,"RG","SE"
438,6,428,"RG","SE"
49,1,428,"RG","SE"
125,1,428,"RG","SE"
452,1,428,"RG","SE"
330,1,428,"RG","SE"
140,1,428,"RG","SE"
5,4,428,"RG","SE"
166,1,428,"RG","SE"
437,1,428,"RG","SE"
153,1,428,"RG","SE"
374,2,429,"RG","SE"
470,5,429,"RG","SE"
515,4,429,"RG","SE"
148,1,429,"RG","SE"
438,6,429,"RG","SE"
426,4,429,"RG","SE"
401,1,429,"RG","SE"
129,2,429,"RG","SE"
283,1,429,"RG","SE"
502,7,429,"RG","SE"
7,21,429,"RG","SE"
436,1,429,"RG","SE"
368,1,429,"RG","SE"
415,1,429,"RG","SE"
258,1,429,"RG","SE"
132,1,429,"RG","SE"
437,1,429,"RG","SE"
68,5,429,"RG","SE"
439,1,429,"RG","SE"
85,15,429,"RG","SE"
296,1,429,"RG","SE"
157,1,429,"RG","SE"
372,1,429,"RG","SE"
61,50,429,"RG","SE"
326,2,429,"RG","SE"
131,1,429,"RG","SE"
392,1,429,"RG","SE"
13,1,429,"RG","SE"
128,1,429,"RG","SE"
328,1,429,"RG","SE"
237,1,429,"RG","SE"
332,1,429,"RG","SE"
242,1,429,"RG","SE"
413,1,429,"RG","SE"
5,4,429,"RG","SE"
244,3,429,"RG","SE"
51,2,429,"RG","SE"
3,5,429,"RG","SE"
4,5,429,"RG","SE"
365,2,429,"RG","SE"
345,1,429,"RG","SE"
27,2,429,"RG","SE"
140,1,429,"RG","SE"
151,1,429,"RG","SE"
431,1,429,"RG","SE"
319,1,429,"RG","SE"
179,12,429,"RG","SE"
198,2,429,"RG","SE"
387,1,429,"RG","SE"
259,6,429,"RG","SE"
193,2,429,"RG","SE"
410,2,429,"RG","SE"
222,2,429,"RG","SE"
116,1,429,"RG","SE"
493,7,429,"RG","SE"
535,3,429,"RG","SE"
266,1,429,"RG","SE"
119,1,429,"RG","SE"
261,3,430,"RG","SE"
433,2,430,"RG","SE"
131,1,430,"RG","SE"
282,1,430,"RG","SE"
535,3,430,"RG","SE"
382,1,430,"RG","SE"
158,3,430,"RG","SE"
86,2,430,"RG","SE"
494,8,430,"RG","SE"
10,1,430,"RG","SE"
186,2,430,"RG","SE"
479,6,430,"RG","SE"
304,2,430,"RG","SE"
228,1,430,"RG","SE"
500,22,430,"RG","SE"
38,3,430,"RG","SE"
533,5,430,"RG","SE"
498,25,430,"RG","SE"
523,4,430,"RG","SE"
254,1,430,"RG","SE"
103,1,430,"RG","SE"
469,5,430,"RG","SE"
173,2,430,"RG","SE"
374,2,430,"RG","SE"
441,1,430,"RG","SE"
463,1,430,"RG","SE"
528,5,430,"RG","SE"
207,1,430,"RG","SE"
276,3,430,"RG","SE"
301,1,430,"RG","SE"
340,1,430,"RG","SE"
418,1,430,"RG","SE"
345,1,430,"RG","SE"
515,4,430,"RG","SE"
171,1,430,"RG","SE"
344,1,430,"RG","SE"
308,2,430,"RG","SE"
330,1,430,"RG","SE"
194,1,430,"RG","SE"
415,1,430,"RG","SE"
128,1,430,"RG","SE"
115,1,430,"RG","SE"
65,4,430,"RG","SE"
252,2,430,"RG","SE"
170,1,430,"RG","SE"
447,4,430,"RG","SE"
285,3,430,"RG","SE"
164,6,430,"RG","SE"
361,3,430,"RG","SE"
317,2,430,"RG","SE"
431,1,430,"RG","SE"
147,1,430,"RG","SE"
266,1,430,"RG","SE"
203,1,430,"RG","SE"
365,2,430,"RG","SE"
538,2,430,"RG","SE"
309,1,430,"RG","SE"
179,12,430,"RG","SE"
269,1,431,"RG","SE"
317,2,431,"RG","SE"
286,1,431,"RG","SE"
415,1,431,"RG","SE"
194,1,431,"RG","SE"
45,1,431,"RG","SE"
151,1,431,"RG","SE"
452,1,431,"RG","SE"
169,1,431,"RG","SE"
247,3,431,"RG","SE"
258,1,431,"RG","SE"
123,4,431,"RG","SE"
370,1,431,"RG","SE"
515,4,431,"RG","SE"
142,1,431,"RG","SE"
532,5,431,"RG","SE"
250,1,431,"RG","SE"
141,2,431,"RG","SE"
390,1,431,"RG","SE"
124,4,431,"RG","SE"
252,2,431,"RG","SE"
78,21,431,"RG","SE"
76,4,431,"RG","SE"
86,2,431,"RG","SE"
490,4,431,"RG","SE"
296,1,431,"RG","SE"
261,3,431,"RG","SE"
132,1,431,"RG","SE"
87,1,431,"RG","SE"
368,1,431,"RG","SE"
378,1,431,"RG","SE"
477,4,431,"RG","SE"
332,1,431,"RG","SE"
130,1,431,"RG","SE"
85,15,431,"RG","SE"
341,2,431,"RG","SE"
193,2,431,"RG","SE"
147,1,431,"RG","SE"
259,6,431,"RG","SE"
26,59,431,"RG","SE"
68,5,431,"RG","SE"
144,1,431,"RG","SE"
196,2,431,"RG","SE"
372,1,431,"RG","SE"
17,5,431,"RG","SE"
534,3,431,"RG","SE"
91,5,431,"RG","SE"
358,16,431,"RG","SE"
57,9,431,"RG","SE"
285,3,431,"RG","SE"
313,3,431,"RG","SE"
125,1,431,"RG","SE"
541,8,431,"RG","SE"
284,1,431,"RG","SE"
15,2,431,"RG","SE"
516,4,431,"RG","SE"
110,1,431,"RG","SE"
32,6,431,"RG","SE"
112,4,432,"RG","SE"
147,1,432,"RG","SE"
225,1,432,"RG","SE"
151,1,432,"RG","SE"
38,3,432,"RG","SE"
476,1,432,"RG","SE"
465,1,432,"RG","SE"
116,1,432,"RG","SE"
3,5,432,"RG","SE"
344,1,432,"RG","SE"
538,2,432,"RG","SE"
545,1,432,"RG","SE"
480,6,432,"RG","SE"
16,3,432,"RG","SE"
378,1,432,"RG","SE"
273,1,432,"RG","SE"
482,5,432,"RG","SE"
357,1,432,"RG","SE"
169,1,432,"RG","SE"
372,1,432,"RG","SE"
87,1,432,"RG","SE"
157,1,432,"RG","SE"
250,1,432,"RG","SE"
326,2,432,"RG","SE"
198,2,432,"RG","SE"
103,1,432,"RG","SE"
394,1,432,"RG","SE"
276,3,432,"RG","SE"
249,2,432,"RG","SE"
125,1,432,"RG","SE"
381,3,432,"RG","SE"
61,50,432,"RG","SE"
343,9,432,"RG","SE"
64,9,432,"RG","SE"
245,1,432,"RG","SE"
129,2,432,"RG","SE"
539,1,432,"RG","SE"
369,2,432,"RG","SE"
510,9,432,"RG","SE"
130,1,432,"RG","SE"
143,1,432,"RG","SE"
247,3,432,"RG","SE"
517,6,432,"RG","SE"
264,1,432,"RG","SE"
222,2,432,"RG","SE"
436,1,432,"RG","SE"
509,3,432,"RG","SE"
479,6,432,"RG","SE"
49,1,432,"RG","SE"
186,2,432,"RG","SE"
105,1,432,"RG","SE"
291,1,432,"RG","SE"
132,1,432,"RG","SE"
173,2,432,"RG","SE"
531,2,432,"RG","SE"
361,3,432,"RG","SE"
285,3,432,"RG","SE"
144,1,432,"RG","SE"
389,3,433,"RG","SE"
301,1,433,"RG","SE"
365,2,433,"RG","SE"
140,1,433,"RG","SE"
322,3,433,"RG","SE"
104,2,433,"RG","SE"
242,1,433,"RG","SE"
452,1,433,"RG","SE"
33,12,433,"RG","SE"
254,1,433,"RG","SE"
173,2,433,"RG","SE"
202,1,433,"RG","SE"
4,5,433,"RG","SE"
538,2,433,"RG","SE"
523,4,433,"RG","SE"
36,3,433,"RG","SE"
89,1,433,"RG","SE"
64,9,433,"RG","SE"
144,1,433,"RG","SE"
484,4,433,"RG","SE"
387,1,433,"RG","SE"
87,1,433,"RG","SE"
86,2,433,"RG","SE"
372,1,433,"RG","SE"
106,1,433,"RG","SE"
319,1,433,"RG","SE"
122,2,433,"RG","SE"
170,1,433,"RG","SE"
235,1,433,"RG","SE"
199,1,433,"RG","SE"
277,1,433,"RG","SE"
244,3,433,"RG","SE"
269,1,433,"RG","SE"
85,15,433,"RG","SE"
340,1,433,"RG","SE"
65,4,433,"RG","SE"
526,2,433,"RG","SE"
57,9,433,"RG","SE"
285,3,433,"RG","SE"
248,5,433,"RG","SE"
191,1,433,"RG","SE"
149,1,433,"RG","SE"
276,3,433,"RG","SE"
469,5,433,"RG","SE"
77,17,433,"RG","SE"
520,2,433,"RG","SE"
291,1,433,"RG","SE"
308,2,433,"RG","SE"
330,1,433,"RG","SE"
363,2,433,"RG","SE"
486,5,433,"RG","SE"
466,1,433,"RG","SE"
415,1,433,"RG","SE"
219,1,433,"RG","SE"
72,9,433,"RG","SE"
166,1,433,"RG","SE"
436,1,433,"RG","SE"
21,7,433,"RG","SE"
164,6,434,"RG","SE"
169,1,434,"RG","SE"
193,2,434,"RG","SE"
500,22,434,"RG","SE"
258,1,434,"RG","SE"
535,3,434,"RG","SE"
440,1,434,"RG","SE"
125,1,434,"RG","SE"
482,5,434,"RG","SE"
72,9,434,"RG","SE"
303,6,434,"RG","SE"
308,2,434,"RG","SE"
301,1,434,"RG","SE"
185,1,434,"RG","SE"
437,1,434,"RG","SE"
222,2,434,"RG","SE"
27,2,434,"RG","SE"
130,1,434,"RG","SE"
413,1,434,"RG","SE"
509,3,434,"RG","SE"
279,1,434,"RG","SE"
33,12,434,"RG","SE"
417,1,434,"RG","SE"
7,21,434,"RG","SE"
305,1,434,"RG","SE"
538,2,434,"RG","SE"
439,1,434,"RG","SE"
155,1,434,"RG","SE"
284,1,434,"RG","SE"
531,2,434,"RG","SE"
266,1,434,"RG","SE"
433,2,434,"RG","SE"
171,1,434,"RG","SE"
115,1,434,"RG","SE"
126,3,434,"RG","SE"
458,1,434,"RG","SE"
377,2,434,"RG","SE"
494,8,434,"RG","SE"
26,59,434,"RG","SE"
312,1,434,"RG","SE"
476,1,434,"RG","SE"
194,1,434,"RG","SE"
21,7,434,"RG","SE"
502,7,434,"RG","SE"
462,1,434,"RG","SE"
15,2,434,"RG","SE"
527,8,434,"RG","SE"
20,7,434,"RG","SE"
250,1,434,"RG","SE"
209,1,434,"RG","SE"
319,1,434,"RG","SE"
367,2,434,"RG","SE"
504,10,434,"RG","SE"
14,30,434,"RG","SE"
517,6,434,"RG","SE"
64,9,434,"RG","SE"
519,3,434,"RG","SE"
101,1,434,"RG","SE"
106,1,435,"RG","SE"
345,1,435,"RG","SE"
431,1,435,"RG","SE"
284,1,435,"RG","SE"
296,1,435,"RG","SE"
250,1,435,"RG","SE"
67,9,435,"RG","SE"
269,1,435,"RG","SE"
318,3,435,"RG","SE"
258,1,435,"RG","SE"
237,1,435,"RG","SE"
440,1,435,"RG","SE"
91,5,435,"RG","SE"
531,2,435,"RG","SE"
248,5,435,"RG","SE"
153,1,435,"RG","SE"
119,1,435,"RG","SE"
72,9,435,"RG","SE"
319,1,435,"RG","SE"
399,1,435,"RG","SE"
185,1,435,"RG","SE"
304,2,435,"RG","SE"
36,3,435,"RG","SE"
261,3,435,"RG","SE"
33,12,435,"RG","SE"
520,2,435,"RG","SE"
125,1,435,"RG","SE"
534,3,435,"RG","SE"
401,1,435,"RG","SE"
171,1,435,"RG","SE"
352,2,435,"RG","SE"
326,2,435,"RG","SE"
374,2,435,"RG","SE"
268,1,435,"RG","SE"
301,1,435,"RG","SE"
244,3,435,"RG","SE"
28,50,435,"RG","SE"
86,2,435,"RG","SE"
332,1,435,"RG","SE"
83,2,435,"RG","SE"
105,1,435,"RG","SE"
21,7,435,"RG","SE"
22,4,435,"RG","SE"
516,4,435,"RG","SE"
141,2,435,"RG","SE"
425,4,435,"RG","SE"
354,2,435,"RG","SE"
348,2,435,"RG","SE"
430,1,435,"RG","SE"
435,2,435,"RG","SE"
363,2,435,"RG","SE"
209,1,435,"RG","SE"
123,4,435,"RG","SE"
467,4,435,"RG","SE"
533,5,435,"RG","SE"
349,1,435,"RG","SE"
219,1,435,"RG","SE"
202,1,435,"RG","SE"
389,3,436,"RG","SE"
149,1,436,"RG","SE"
513,6,436,"RG","SE"
535,3,436,"RG","SE"
326,2,436,"RG","SE"
25,1,436,"RG","SE"
102,1,436,"RG","SE"
465,1,436,"RG","SE"
110,1,436,"RG","SE"
258,1,436,"RG","SE"
415,1,436,"RG","SE"
469,5,436,"RG","SE"
413,1,436,"RG","SE"
164,6,436,"RG","SE"
282,1,436,"RG","SE"
426,4,436,"RG","SE"
476,1,436,"RG","SE"
247,3,436,"RG","SE"
21,7,436,"RG","SE"
457,2,436,"RG","SE"
361,3,436,"RG","SE"
438,6,436,"RG","SE"
131,1,436,"RG","SE"
140,1,436,"RG","SE"
104,2,436,"RG","SE"
237,1,436,"RG","SE"
466,1,436,"RG","SE"
169,1,436,"RG","SE"
144,1,436,"RG","SE"
78,21,436,"RG","SE"
67,9,436,"RG","SE"
447,4,436,"RG","SE"
540,8,436,"RG","SE"
285,3,436,"RG","SE"
119,1,436,"RG","SE"
504,10,436,"RG","SE"
510,9,436,"RG","SE"
533,5,436,"RG","SE"
461,1,436,"RG","SE"
3,5,436,"RG","SE"
520,2,436,"RG","SE"
302,2,436,"RG","SE"
382,1,436,"RG","SE"
291,1,436,"RG","SE"
268,1,436,"RG","SE"
523,4,436,"RG","SE"
352,2,436,"RG","SE"
330,1,436,"RG","SE"
488,6,436,"RG","SE"
528,5,436,"RG","SE"
401,1,436,"RG","SE"
377,2,436,"RG","SE"
83,2,436,"RG","SE"
387,1,436,"RG","SE"
183,3,436,"RG","SE"
16,3,436,"RG","SE"
190,1,436,"RG","SE"
547,1,436,"RG","SE"
322,3,437,"RG","SE"
61,50,437,"RG","SE"
436,1,437,"RG","SE"
488,6,437,"RG","SE"
223,1,437,"RG","SE"
11,27,437,"RG","SE"
417,1,437,"RG","SE"
523,4,437,"RG","SE"
483,5,437,"RG","SE"
203,1,437,"RG","SE"
14,30,437,"RG","SE"
190,1,437,"RG","SE"
382,1,437,"RG","SE"
387,1,437,"RG","SE"
440,1,437,"RG","SE"
259,6,437,"RG","SE"
76,4,437,"RG","SE"
122,2,437,"RG","SE"
466,1,437,"RG","SE"
395,1,437,"RG","SE"
500,22,437,"RG","SE"
67,9,437,"RG","SE"
111,1,437,"RG","SE"
21,7,437,"RG","SE"
351,1,437,"RG","SE"
291,1,437,"RG","SE"
250,1,437,"RG","SE"
319,1,437,"RG","SE"
410,2,437,"RG","SE"
312,1,437,"RG","SE"
308,2,437,"RG","SE"
149,1,437,"RG","SE"
506,7,437,"RG","SE"
482,5,437,"RG","SE"
20,7,437,"RG","SE"
413,1,437,"RG","SE"
452,1,437,"RG","SE"
286,1,437,"RG","SE"
36,3,437,"RG","SE"
344,1,437,"RG","SE"
151,1,437,"RG","SE"
490,4,437,"RG","SE"
531,2,437,"RG","SE"
276,3,437,"RG","SE"
470,5,437,"RG","SE"
401,1,437,"RG","SE"
186,2,437,"RG","SE"
302,2,437,"RG","SE"
422,4,437,"RG","SE"
505,11,437,"RG","SE"
418,1,437,"RG","SE"
480,6,437,"RG","SE"
535,3,437,"RG","SE"
125,1,437,"RG","SE"
419,1,437,"RG","SE"
445,10,437,"RG","SE"
528,5,437,"RG","SE"
42,1,437,"RG","SE"
340,1,438,"RG","SE"
504,10,438,"RG","SE"
544,1,438,"RG","SE"
65,4,438,"RG","SE"
489,4,438,"RG","SE"
124,4,438,"RG","SE"
254,1,438,"RG","SE"
506,7,438,"RG","SE"
526,2,438,"RG","SE"
322,3,438,"RG","SE"
143,1,438,"RG","SE"
291,1,438,"RG","SE"
439,1,438,"RG","SE"
264,1,438,"RG","SE"
425,4,438,"RG","SE"
89,1,438,"RG","SE"
268,1,438,"RG","SE"
545,1,438,"RG","SE"
330,1,438,"RG","SE"
153,1,438,"RG","SE"
515,4,438,"RG","SE"
387,1,438,"RG","SE"
198,2,438,"RG","SE"
228,1,438,"RG","SE"
259,6,438,"RG","SE"
54,39,438,"RG","SE"
142,1,438,"RG","SE"
419,1,438,"RG","SE"
193,2,438,"RG","SE"
490,4,438,"RG","SE"
376,3,438,"RG","SE"
179,12,438,"RG","SE"
528,5,438,"RG","SE"
540,8,438,"RG","SE"
493,7,438,"RG","SE"
283,1,438,"RG","SE"
196,2,438,"RG","SE"
115,1,438,"RG","SE"
343,9,438,"RG","SE"
519,3,438,"RG","SE"
480,6,438,"RG","SE"
128,1,438,"RG","SE"
119,1,438,"RG","SE"
173,2,438,"RG","SE"
487,4,438,"RG","SE"
258,1,438,"RG","SE"
38,3,438,"RG","SE"
308,2,438,"RG","SE"
302,2,438,"RG","SE"
501,17,438,"RG","SE"
85,15,438,"RG","SE"
366,1,438,"RG","SE"
170,1,438,"RG","SE"
112,4,438,"RG","SE"
417,1,438,"RG","SE"
509,3,438,"RG","SE"
303,6,438,"RG","SE"
510,9,438,"RG","SE"
128,1,439,"RG","SE"
469,5,439,"RG","SE"
399,1,439,"RG","SE"
149,1,439,"RG","SE"
278,1,439,"RG","SE"
269,1,439,"RG","SE"
186,2,439,"RG","SE"
506,7,439,"RG","SE"
12,11,439,"RG","SE"
534,3,439,"RG","SE"
225,1,439,"RG","SE"
190,1,439,"RG","SE"
171,1,439,"RG","SE"
352,2,439,"RG","SE"
142,1,439,"RG","SE"
242,1,439,"RG","SE"
106,1,439,"RG","SE"
483,5,439,"RG","SE"
341,2,439,"RG","SE"
101,1,439,"RG","SE"
381,3,439,"RG","SE"
7,21,439,"RG","SE"
498,25,439,"RG","SE"
91,5,439,"RG","SE"
166,1,439,"RG","SE"
11,27,439,"RG","SE"
85,15,439,"RG","SE"
68,5,439,"RG","SE"
430,1,439,"RG","SE"
382,1,439,"RG","SE"
358,16,439,"RG","SE"
527,8,439,"RG","SE"
264,1,439,"RG","SE"
392,1,439,"RG","SE"
116,1,439,"RG","SE"
148,1,439,"RG","SE"
175,1,439,"RG","SE"
322,3,439,"RG","SE"
351,1,439,"RG","SE"
170,1,439,"RG","SE"
268,1,439,"RG","SE"
404,1,439,"RG","SE"
286,1,439,"RG","SE"
437,1,439,"RG","SE"
15,2,439,"RG","SE"
387,1,439,"RG","SE"
413,1,439,"RG","SE"
308,2,439,"RG","SE"
258,1,439,"RG","SE"
36,3,439,"RG","SE"
87,1,439,"RG","SE"
476,1,439,"RG","SE"
312,1,439,"RG","SE"
528,5,439,"RG","SE"
255,1,439,"RG","SE"
28,50,439,"RG","SE"
519,3,439,"RG","SE"
214,1,439,"RG","SE"
3,5,440,"RG","SE"
426,4,440,"RG","SE"
11,27,440,"RG","SE"
171,1,440,"RG","SE"
25,1,440,"RG","SE"
319,1,440,"RG","SE"
286,1,440,"RG","SE"
10,1,440,"RG","SE"
143,1,440,"RG","SE"
455,3,440,"RG","SE"
545,1,440,"RG","SE"
368,1,440,"RG","SE"
266,1,440,"RG","SE"
305,1,440,"RG","SE"
198,2,440,"RG","SE"
341,2,440,"RG","SE"
196,2,440,"RG","SE"
5,4,440,"RG","SE"
102,1,440,"RG","SE"
531,2,440,"RG","SE"
76,4,440,"RG","SE"
28,50,440,"RG","SE"
190,1,440,"RG","SE"
397,1,440,"RG","SE"
91,5,440,"RG","SE"
506,7,440,"RG","SE"
480,6,440,"RG","SE"
173,2,440,"RG","SE"
157,1,440,"RG","SE"
376,3,440,"RG","SE"
67,9,440,"RG","SE"
116,1,440,"RG","SE"
14,30,440,"RG","SE"
80,6,440,"RG","SE"
253,1,440,"RG","SE"
38,3,440,"RG","SE"
394,1,440,"RG","SE"
7,21,440,"RG","SE"
358,16,440,"RG","SE"
64,9,440,"RG","SE"
284,1,440,"RG","SE"
185,1,440,"RG","SE"
119,1,440,"RG","SE"
72,9,440,"RG","SE"
527,8,440,"RG","SE"
36,3,440,"RG","SE"
101,1,440,"RG","SE"
147,1,440,"RG","SE"
132,1,440,"RG","SE"
399,1,440,"RG","SE"
141,2,440,"RG","SE"
105,1,440,"RG","SE"
115,1,440,"RG","SE"
493,7,440,"RG","SE"
20,7,440,"RG","SE"
77,17,440,"RG","SE"
111,1,440,"RG","SE"
372,1,440,"RG","SE"
112,4,441,"RG","SE"
381,3,441,"RG","SE"
422,4,441,"RG","SE"
80,6,441,"RG","SE"
471,3,441,"RG","SE"
145,1,441,"RG","SE"
377,2,441,"RG","SE"
278,1,441,"RG","SE"
345,1,441,"RG","SE"
115,1,441,"RG","SE"
463,1,441,"RG","SE"
232,4,441,"RG","SE"
131,1,441,"RG","SE"
310,1,441,"RG","SE"
513,6,441,"RG","SE"
138,2,441,"RG","SE"
548,1,441,"RG","SE"
42,1,441,"RG","SE"
539,1,441,"RG","SE"
343,9,441,"RG","SE"
108,1,441,"RG","SE"
168,1,441,"RG","SE"
247,3,441,"RG","SE"
465,1,441,"RG","SE"
132,1,441,"RG","SE"
425,4,441,"RG","SE"
196,2,441,"RG","SE"
7,21,441,"RG","SE"
183,3,441,"RG","SE"
219,1,441,"RG","SE"
186,2,441,"RG","SE"
124,4,441,"RG","SE"
19,5,441,"RG","SE"
376,3,441,"RG","SE"
157,1,441,"RG","SE"
534,3,441,"RG","SE"
179,12,441,"RG","SE"
149,1,441,"RG","SE"
250,1,441,"RG","SE"
143,1,441,"RG","SE"
466,1,441,"RG","SE"
370,1,441,"RG","SE"
368,1,441,"RG","SE"
514,6,441,"RG","SE"
367,2,441,"RG","SE"
242,1,441,"RG","SE"
461,1,441,"RG","SE"
128,1,441,"RG","SE"
505,11,441,"RG","SE"
67,9,441,"RG","SE"
214,1,441,"RG","SE"
438,6,441,"RG","SE"
319,1,441,"RG","SE"
413,1,441,"RG","SE"
508,14,441,"RG","SE"
452,1,441,"RG","SE"
130,1,441,"RG","SE"
470,5,441,"RG","SE"
51,2,442,"RG","SE"
490,4,442,"RG","SE"
395,1,442,"RG","SE"
78,21,442,"RG","SE"
235,1,442,"RG","SE"
123,4,442,"RG","SE"
352,2,442,"RG","SE"
425,4,442,"RG","SE"
252,2,442,"RG","SE"
304,2,442,"RG","SE"
131,1,442,"RG","SE"
496,22,442,"RG","SE"
486,5,442,"RG","SE"
457,2,442,"RG","SE"
312,1,442,"RG","SE"
196,2,442,"RG","SE"
465,1,442,"RG","SE"
301,1,442,"RG","SE"
264,1,442,"RG","SE"
225,1,442,"RG","SE"
247,3,442,"RG","SE"
510,9,442,"RG","SE"
187,1,442,"RG","SE"
372,1,442,"RG","SE"
413,1,442,"RG","SE"
381,3,442,"RG","SE"
232,4,442,"RG","SE"
42,1,442,"RG","SE"
249,2,442,"RG","SE"
223,1,442,"RG","SE"
547,1,442,"RG","SE"
533,5,442,"RG","SE"
526,2,442,"RG","SE"
341,2,442,"RG","SE"
435,2,442,"RG","SE"
149,1,442,"RG","SE"
112,4,442,"RG","SE"
439,1,442,"RG","SE"
367,2,442,"RG","SE"
102,1,442,"RG","SE"
89,1,442,"RG","SE"
257,1,442,"RG","SE"
532,5,442,"RG","SE"
458,1,442,"RG","SE"
12,11,442,"RG","SE"
222,2,442,"RG","SE"
11,27,442,"RG","SE"
148,1,442,"RG","SE"
380,2,442,"RG","SE"
361,3,442,"RG","SE"
524,2,442,"RG","SE"
505,11,442,"RG","SE"
28,50,442,"RG","SE"
65,4,442,"RG","SE"
255,1,442,"RG","SE"
421,4,442,"RG","SE"
38,3,442,"RG","SE"
284,1,442,"RG","SE"
508,14,443,"RG","SE"
19,5,443,"RG","SE"
435,2,443,"RG","SE"
312,1,443,"RG","SE"
516,4,443,"RG","SE"
531,2,443,"RG","SE"
301,1,443,"RG","SE"
376,3,443,"RG","SE"
279,1,443,"RG","SE"
64,9,443,"RG","SE"
248,5,443,"RG","SE"
149,1,443,"RG","SE"
171,1,443,"RG","SE"
249,2,443,"RG","SE"
57,9,443,"RG","SE"
13,1,443,"RG","SE"
523,4,443,"RG","SE"
214,1,443,"RG","SE"
145,1,443,"RG","SE"
252,2,443,"RG","SE"
310,1,443,"RG","SE"
254,1,443,"RG","SE"
72,9,443,"RG","SE"
3,5,443,"RG","SE"
285,3,443,"RG","SE"
438,6,443,"RG","SE"
484,4,443,"RG","SE"
480,6,443,"RG","SE"
417,1,443,"RG","SE"
476,1,443,"RG","SE"
520,2,443,"RG","SE"
228,1,443,"RG","SE"
399,1,443,"RG","SE"
26,59,443,"RG","SE"
436,1,443,"RG","SE"
232,4,443,"RG","SE"
209,1,443,"RG","SE"
157,1,443,"RG","SE"
202,1,443,"RG","SE"
340,1,443,"RG","SE"
131,1,443,"RG","SE"
85,15,443,"RG","SE"
421,4,443,"RG","SE"
36,3,443,"RG","SE"
305,1,443,"RG","SE"
490,4,443,"RG","SE"
148,1,443,"RG","SE"
440,1,443,"RG","SE"
138,2,443,"RG","SE"
318,3,443,"RG","SE"
370,1,443,"RG","SE"
479,6,443,"RG","SE"
439,1,443,"RG","SE"
123,4,443,"RG","SE"
259,6,443,"RG","SE"
343,9,443,"RG","SE"
179,12,443,"RG","SE"
368,1,443,"RG","SE"
183,3,444,"RG","SE"
252,2,444,"RG","SE"
399,1,444,"RG","SE"
11,27,444,"RG","SE"
508,14,444,"RG","SE"
387,1,444,"RG","SE"
13,1,444,"RG","SE"
223,1,444,"RG","SE"
394,1,444,"RG","SE"
54,39,444,"RG","SE"
532,5,444,"RG","SE"
437,1,444,"RG","SE"
249,2,444,"RG","SE"
377,2,444,"RG","SE"
368,1,444,"RG","SE"
190,1,444,"RG","SE"
426,4,444,"RG","SE"
366,1,444,"RG","SE"
214,1,444,"RG","SE"
477,4,444,"RG","SE"
131,1,444,"RG","SE"
76,4,444,"RG","SE"
85,15,444,"RG","SE"
336,1,444,"RG","SE"
378,1,444,"RG","SE"
461,1,444,"RG","SE"
313,3,444,"RG","SE"
341,2,444,"RG","SE"
418,1,444,"RG","SE"
128,1,444,"RG","SE"
505,11,444,"RG","SE"
257,1,444,"RG","SE"
101,1,444,"RG","SE"
534,3,444,"RG","SE"
145,1,444,"RG","SE"
474,1,444,"RG","SE"
431,1,444,"RG","SE"
381,3,444,"RG","SE"
317,2,444,"RG","SE"
14,30,444,"RG","SE"
3,5,444,"RG","SE"
278,1,444,"RG","SE"
219,1,444,"RG","SE"
116,1,444,"RG","SE"
328,1,444,"RG","SE"
123,4,444,"RG","SE"
547,1,444,"RG","SE"
126,3,444,"RG","SE"
277,1,444,"RG","SE"
458,1,444,"RG","SE"
125,1,444,"RG","SE"
149,1,444,"RG","SE"
72,9,444,"RG","SE"
242,1,444,"RG","SE"
322,3,444,"RG","SE"
279,1,444,"RG","SE"
517,6,444,"RG","SE"
27,2,444,"RG","SE"
222,2,445,"RG","SE"
435,2,445,"RG","SE"
143,1,445,"RG","SE"
203,1,445,"RG","SE"
44,30,445,"RG","SE"
61,50,445,"RG","SE"
541,8,445,"RG","SE"
318,3,445,"RG","SE"
166,1,445,"RG","SE"
225,1,445,"RG","SE"
500,22,445,"RG","SE"
357,1,445,"RG","SE"
382,1,445,"RG","SE"
514,6,445,"RG","SE"
421,4,445,"RG","SE"
149,1,445,"RG","SE"
361,3,445,"RG","SE"
344,1,445,"RG","SE"
545,1,445,"RG","SE"
515,4,445,"RG","SE"
45,1,445,"RG","SE"
425,4,445,"RG","SE"
376,3,445,"RG","SE"
517,6,445,"RG","SE"
51,2,445,"RG","SE"
244,3,445,"RG","SE"
144,1,445,"RG","SE"
38,3,445,"RG","SE"
242,1,445,"RG","SE"
363,2,445,"RG","SE"
146,1,445,"RG","SE"
387,1,445,"RG","SE"
370,1,445,"RG","SE"
187,1,445,"RG","SE"
175,1,445,"RG","SE"
32,6,445,"RG","SE"
304,2,445,"RG","SE"
179,12,445,"RG","SE"
463,1,445,"RG","SE"
534,3,445,"RG","SE"
527,8,445,"RG","SE"
317,2,445,"RG","SE"
268,1,445,"RG","SE"
255,1,445,"RG","SE"
228,1,445,"RG","SE"
87,1,445,"RG","SE"
417,1,445,"RG","SE"
171,1,445,"RG","SE"
539,1,445,"RG","SE"
336,1,445,"RG","SE"
506,7,445,"RG","SE"
474,1,445,"RG","SE"
343,9,445,"RG","SE"
447,4,445,"RG","SE"
7,21,445,"RG","SE"
64,9,445,"RG","SE"
21,7,445,"RG","SE"
505,11,445,"RG","SE"
7,21,446,"RG","SE"
435,2,446,"RG","SE"
504,10,446,"RG","SE"
21,7,446,"RG","SE"
421,4,446,"RG","SE"
164,6,446,"RG","SE"
501,17,446,"RG","SE"
305,1,446,"RG","SE"
534,3,446,"RG","SE"
242,1,446,"RG","SE"
77,17,446,"RG","SE"
106,1,446,"RG","SE"
160,1,446,"RG","SE"
38,3,446,"RG","SE"
102,1,446,"RG","SE"
466,1,446,"RG","SE"
28,50,446,"RG","SE"
354,2,446,"RG","SE"
143,1,446,"RG","SE"
115,1,446,"RG","SE"
381,3,446,"RG","SE"
489,4,446,"RG","SE"
500,22,446,"RG","SE"
124,4,446,"RG","SE"
470,5,446,"RG","SE"
312,1,446,"RG","SE"
326,2,446,"RG","SE"
252,2,446,"RG","SE"
250,1,446,"RG","SE"
170,1,446,"RG","SE"
186,2,446,"RG","SE"
452,1,446,"RG","SE"
301,1,446,"RG","SE"
410,2,446,"RG","SE"
130,1,446,"RG","SE"
269,1,446,"RG","SE"
431,1,446,"RG","SE"
484,4,446,"RG","SE"
517,6,446,"RG","SE"
528,5,446,"RG","SE"
222,2,446,"RG","SE"
199,1,446,"RG","SE"
513,6,446,"RG","SE"
481,2,446,"RG","SE"
415,1,446,"RG","SE"
5,4,446,"RG","SE"
541,8,446,"RG","SE"
369,2,446,"RG","SE"
185,1,446,"RG","SE"
476,1,446,"RG","SE"
219,1,446,"RG","SE"
44,30,446,"RG","SE"
322,3,446,"RG","SE"
266,1,446,"RG","SE"
390,1,446,"RG","SE"
116,1,446,"RG","SE"
132,1,446,"RG","SE"
330,1,446,"RG","SE"
112,4,447,"RG","SE"
301,1,447,"RG","SE"
413,1,447,"RG","SE"
369,2,447,"RG","SE"
42,1,447,"RG","SE"
269,1,447,"RG","SE"
125,1,447,"RG","SE"
514,6,447,"RG","SE"
219,1,447,"RG","SE"
524,2,447,"RG","SE"
67,9,447,"RG","SE"
480,6,447,"RG","SE"
268,1,447,"RG","SE"
294,3,447,"RG","SE"
128,1,447,"RG","SE"
461,1,447,"RG","SE"
343,9,447,"RG","SE"
310,1,447,"RG","SE"
207,1,447,"RG","SE"
415,1,447,"RG","SE"
377,2,447,"RG","SE"
170,1,447,"RG","SE"
484,4,447,"RG","SE"
283,1,447,"RG","SE"
317,2,447,"RG","SE"
277,1,447,"RG","SE"
501,17,447,"RG","SE"
399,1,447,"RG","SE"
418,1,447,"RG","SE"
431,1,447,"RG","SE"
10,1,447,"RG","SE"
404,1,447,"RG","SE"
361,3,447,"RG","SE"
458,1,447,"RG","SE"
89,1,447,"RG","SE"
191,1,447,"RG","SE"
243,2,447,"RG","SE"
12,11,447,"RG","SE"
462,1,447,"RG","SE"
87,1,447,"RG","SE"
276,3,447,"RG","SE"
481,2,447,"RG","SE"
245,1,447,"RG","SE"
252,2,447,"RG","SE"
253,1,447,"RG","SE"
124,4,447,"RG","SE"
483,5,447,"RG","SE"
441,1,447,"RG","SE"
76,4,447,"RG","SE"
328,1,447,"RG","SE"
110,1,447,"RG","SE"
488,6,447,"RG","SE"
529,5,447,"RG","SE"
502,7,447,"RG","SE"
258,1,447,"RG","SE"
44,30,447,"RG","SE"
504,10,447,"RG","SE"
540,8,447,"RG","SE"
19,5,448,"RG","SE"
525,9,448,"RG","SE"
367,2,448,"RG","SE"
104,2,448,"RG","SE"
308,2,448,"RG","SE"
242,1,448,"RG","SE"
483,5,448,"RG","SE"
78,21,448,"RG","SE"
437,1,448,"RG","SE"
273,1,448,"RG","SE"
186,2,448,"RG","SE"
524,2,448,"RG","SE"
151,1,448,"RG","SE"
250,1,448,"RG","SE"
441,1,448,"RG","SE"
86,2,448,"RG","SE"
361,3,448,"RG","SE"
404,1,448,"RG","SE"
193,2,448,"RG","SE"
87,1,448,"RG","SE"
223,1,448,"RG","SE"
44,30,448,"RG","SE"
169,1,448,"RG","SE"
45,1,448,"RG","SE"
155,1,448,"RG","SE"
417,1,448,"RG","SE"
301,1,448,"RG","SE"
245,1,448,"RG","SE"
33,12,448,"RG","SE"
365,2,448,"RG","SE"
304,2,448,"RG","SE"
502,7,448,"RG","SE"
26,59,448,"RG","SE"
377,2,448,"RG","SE"
467,4,448,"RG","SE"
395,1,448,"RG","SE"
477,4,448,"RG","SE"
199,1,448,"RG","SE"
381,3,448,"RG","SE"
101,1,448,"RG","SE"
77,17,448,"RG","SE"
354,2,448,"RG","SE"
487,4,448,"RG","SE"
130,1,448,"RG","SE"
440,1,448,"RG","SE"
528,5,448,"RG","SE"
183,3,448,"RG","SE"
38,3,448,"RG","SE"
482,5,448,"RG","SE"
510,9,448,"RG","SE"
164,6,448,"RG","SE"
366,1,448,"RG","SE"
330,1,448,"RG","SE"
498,25,448,"RG","SE"
319,1,448,"RG","SE"
535,3,448,"RG","SE"
153,1,448,"RG","SE"
235,1,448,"RG","SE"
422,4,449,"RG","SE"
126,3,449,"RG","SE"
401,1,449,"RG","SE"
125,1,449,"RG","SE"
404,1,449,"RG","SE"
266,1,449,"RG","SE"
15,2,449,"RG","SE"
461,1,449,"RG","SE"
352,2,449,"RG","SE"
261,3,449,"RG","SE"
249,2,449,"RG","SE"
470,5,449,"RG","SE"
381,3,449,"RG","SE"
91,5,449,"RG","SE"
345,1,449,"RG","SE"
545,1,449,"RG","SE"
308,2,449,"RG","SE"
463,1,449,"RG","SE"
498,25,449,"RG","SE"
199,1,449,"RG","SE"
196,2,449,"RG","SE"
264,1,449,"RG","SE"
132,1,449,"RG","SE"
441,1,449,"RG","SE"
328,1,449,"RG","SE"
476,1,449,"RG","SE"
394,1,449,"RG","SE"
456,1,449,"RG","SE"
294,3,449,"RG","SE"
68,5,449,"RG","SE"
348,2,449,"RG","SE"
119,1,449,"RG","SE"
105,1,449,"RG","SE"
186,2,449,"RG","SE"
252,2,449,"RG","SE"
80,6,449,"RG","SE"
490,4,449,"RG","SE"
16,3,449,"RG","SE"
540,8,449,"RG","SE"
54,39,449,"RG","SE"
258,1,449,"RG","SE"
431,1,449,"RG","SE"
160,1,449,"RG","SE"
341,2,449,"RG","SE"
86,2,449,"RG","SE"
244,3,449,"RG","SE"
482,5,449,"RG","SE"
439,1,449,"RG","SE"
357,1,449,"RG","SE"
336,1,449,"RG","SE"
72,9,449,"RG","SE"
106,1,449,"RG","SE"
421,4,449,"RG","SE"
525,9,449,"RG","SE"
223,1,449,"RG","SE"
76,4,449,"RG","SE"
305,1,449,"RG","SE"
278,1,449,"RG","SE"
351,1,450,"RG","SE"
540,8,450,"RG","SE"
317,2,450,"RG","SE"
33,12,450,"RG","SE"
89,1,450,"RG","SE"
488,6,450,"RG","SE"
519,3,450,"RG","SE"
129,2,450,"RG","SE"
21,7,450,"RG","SE"
303,6,450,"RG","SE"
502,7,450,"RG","SE"
332,1,450,"RG","SE"
198,2,450,"RG","SE"
447,4,450,"RG","SE"
463,1,450,"RG","SE"
538,2,450,"RG","SE"
376,3,450,"RG","SE"
153,1,450,"RG","SE"
193,2,450,"RG","SE"
349,1,450,"RG","SE"
223,1,450,"RG","SE"
151,1,450,"RG","SE"
65,4,450,"RG","SE"
466,1,450,"RG","SE"
392,1,450,"RG","SE"
309,1,450,"RG","SE"
283,1,450,"RG","SE"
372,1,450,"RG","SE"
276,3,450,"RG","SE"
496,22,450,"RG","SE"
67,9,450,"RG","SE"
248,5,450,"RG","SE"
382,1,450,"RG","SE"
191,1,450,"RG","SE"
415,1,450,"RG","SE"
11,27,450,"RG","SE"
13,1,450,"RG","SE"
187,1,450,"RG","SE"
228,1,450,"RG","SE"
489,4,450,"RG","SE"
301,1,450,"RG","SE"
36,3,450,"RG","SE"
148,1,450,"RG","SE"
7,21,450,"RG","SE"
539,1,450,"RG","SE"
413,1,450,"RG","SE"
480,6,450,"RG","SE"
68,5,450,"RG","SE"
49,1,450,"RG","SE"
445,10,450,"RG","SE"
38,3,450,"RG","SE"
20,7,450,"RG","SE"
404,1,450,"RG","SE"
470,5,450,"RG","SE"
83,2,450,"RG","SE"
358,16,450,"RG","SE"
101,1,450,"RG","SE"
45,1,450,"RG","SE"
541,8,451,"RG","SE"
249,2,451,"RG","SE"
532,5,451,"RG","SE"
425,4,451,"RG","SE"
469,5,451,"RG","SE"
157,1,451,"RG","SE"
426,4,451,"RG","SE"
254,1,451,"RG","SE"
166,1,451,"RG","SE"
330,1,451,"RG","SE"
368,1,451,"RG","SE"
526,2,451,"RG","SE"
438,6,451,"RG","SE"
119,1,451,"RG","SE"
523,4,451,"RG","SE"
410,2,451,"RG","SE"
245,1,451,"RG","SE"
380,2,451,"RG","SE"
397,1,451,"RG","SE"
78,21,451,"RG","SE"
285,3,451,"RG","SE"
124,4,451,"RG","SE"
14,30,451,"RG","SE"
203,1,451,"RG","SE"
279,1,451,"RG","SE"
250,1,451,"RG","SE"
535,3,451,"RG","SE"
22,4,451,"RG","SE"
455,3,451,"RG","SE"
436,1,451,"RG","SE"
302,2,451,"RG","SE"
529,5,451,"RG","SE"
142,1,451,"RG","SE"
484,4,451,"RG","SE"
318,3,451,"RG","SE"
308,2,451,"RG","SE"
33,12,451,"RG","SE"
42,1,451,"RG","SE"
110,1,451,"RG","SE"
16,3,451,"RG","SE"
103,1,451,"RG","SE"
357,1,451,"RG","SE"
394,1,451,"RG","SE"
531,2,451,"RG","SE"
301,1,451,"RG","SE"
294,3,451,"RG","SE"
322,3,451,"RG","SE"
418,1,451,"RG","SE"
21,7,451,"RG","SE"
313,3,451,"RG","SE"
500,22,451,"RG","SE"
363,2,451,"RG","SE"
225,1,451,"RG","SE"
341,2,451,"RG","SE"
146,1,451,"RG","SE"
439,1,451,"RG","SE"
525,9,451,"RG","SE"
336,1,451,"RG","SE"
515,4,452,"RG","SE"
203,1,452,"RG","SE"
19,5,452,"RG","SE"
328,1,452,"RG","SE"
49,1,452,"RG","SE"
129,2,452,"RG","SE"
410,2,452,"RG","SE"
426,4,452,"RG","SE"
455,3,452,"RG","SE"
374,2,452,"RG","SE"
376,3,452,"RG","SE"
494,8,452,"RG","SE"
77,17,452,"RG","SE"
501,17,452,"RG","SE"
21,7,452,"RG","SE"
520,2,452,"RG","SE"
377,2,452,"RG","SE"
259,6,452,"RG","SE"
228,1,452,"RG","SE"
194,1,452,"RG","SE"
261,3,452,"RG","SE"
108,1,452,"RG","SE"
413,1,452,"RG","SE"
457,2,452,"RG","SE"
545,1,452,"RG","SE"
170,1,452,"RG","SE"
16,3,452,"RG","SE"
141,2,452,"RG","SE"
209,1,452,"RG","SE"
348,2,452,"RG","SE"
282,1,452,"RG","SE"
462,1,452,"RG","SE"
358,16,452,"RG","SE"
502,7,452,"RG","SE"
372,1,452,"RG","SE"
294,3,452,"RG","SE"
164,6,452,"RG","SE"
435,2,452,"RG","SE"
151,1,452,"RG","SE"
340,1,452,"RG","SE"
509,3,452,"RG","SE"
301,1,452,"RG","SE"
480,6,452,"RG","SE"
173,2,452,"RG","SE"
36,3,452,"RG","SE"
273,1,452,"RG","SE"
326,2,452,"RG","SE"
508,14,452,"RG","SE"
166,1,452,"RG","SE"
476,1,452,"RG","SE"
22,4,452,"RG","SE"
308,2,452,"RG","SE"
539,1,452,"RG","SE"
103,1,452,"RG","SE"
319,1,452,"RG","SE"
61,50,452,"RG","SE"
352,2,452,"RG","SE"
284,1,452,"RG","SE"
14,30,453,"RG","SE"
123,4,453,"RG","SE"
249,2,453,"RG","SE"
91,5,453,"RG","SE"
186,2,453,"RG","SE"
187,1,453,"RG","SE"
510,9,453,"RG","SE"
266,1,453,"RG","SE"
493,7,453,"RG","SE"
194,1,453,"RG","SE"
370,1,453,"RG","SE"
482,5,453,"RG","SE"
517,6,453,"RG","SE"
540,8,453,"RG","SE"
247,3,453,"RG","SE"
151,1,453,"RG","SE"
486,5,453,"RG","SE"
326,2,453,"RG","SE"
16,3,453,"RG","SE"
282,1,453,"RG","SE"
498,25,453,"RG","SE"
417,1,453,"RG","SE"
504,10,453,"RG","SE"
349,1,453,"RG","SE"
419,1,453,"RG","SE"
196,2,453,"RG","SE"
500,22,453,"RG","SE"
179,12,453,"RG","SE"
61,50,453,"RG","SE"
526,2,453,"RG","SE"
207,1,453,"RG","SE"
304,2,453,"RG","SE"
49,1,453,"RG","SE"
367,2,453,"RG","SE"
141,2,453,"RG","SE"
254,1,453,"RG","SE"
142,1,453,"RG","SE"
509,3,453,"RG","SE"
108,1,453,"RG","SE"
430,1,453,"RG","SE"
57,9,453,"RG","SE"
38,3,453,"RG","SE"
253,1,453,"RG","SE"
389,3,453,"RG","SE"
42,1,453,"RG","SE"
67,9,453,"RG","SE"
228,1,453,"RG","SE"
12,11,453,"RG","SE"
54,39,453,"RG","SE"
155,1,453,"RG","SE"
516,4,453,"RG","SE"
439,1,453,"RG","SE"
481,2,453,"RG","SE"
191,1,453,"RG","SE"
539,1,453,"RG","SE"
465,1,453,"RG","SE"
470,5,453,"RG","SE"
45,1,453,"RG","SE"
219,1,454,"RG","SE"
354,2,454,"RG","SE"
515,4,454,"RG","SE"
155,1,454,"RG","SE"
194,1,454,"RG","SE"
441,1,454,"RG","SE"
539,1,454,"RG","SE"
533,5,454,"RG","SE"
328,1,454,"RG","SE"
20,7,454,"RG","SE"
519,3,454,"RG","SE"
372,1,454,"RG","SE"
344,1,454,"RG","SE"
509,3,454,"RG","SE"
486,5,454,"RG","SE"
330,1,454,"RG","SE"
526,2,454,"RG","SE"
278,1,454,"RG","SE"
447,4,454,"RG","SE"
25,1,454,"RG","SE"
452,1,454,"RG","SE"
27,2,454,"RG","SE"
368,1,454,"RG","SE"
57,9,454,"RG","SE"
111,1,454,"RG","SE"
528,5,454,"RG","SE"
91,5,454,"RG","SE"
435,2,454,"RG","SE"
345,1,454,"RG","SE"
390,1,454,"RG","SE"
489,4,454,"RG","SE"
520,2,454,"RG","SE"
455,3,454,"RG","SE"
484,4,454,"RG","SE"
207,1,454,"RG","SE"
64,9,454,"RG","SE"
279,1,454,"RG","SE"
45,1,454,"RG","SE"
204,2,454,"RG","SE"
199,1,454,"RG","SE"
367,2,454,"RG","SE"
33,12,454,"RG","SE"
392,1,454,"RG","SE"
415,1,454,"RG","SE"
191,1,454,"RG","SE"
11,27,454,"RG","SE"
141,2,454,"RG","SE"
44,30,454,"RG","SE"
257,1,454,"RG","SE"
524,2,454,"RG","SE"
369,2,454,"RG","SE"
247,3,454,"RG","SE"
477,4,454,"RG","SE"
516,4,454,"RG","SE"
326,2,454,"RG","SE"
319,1,454,"RG","SE"
370,1,454,"RG","SE"
185,1,454,"RG","SE"
7,21,455,"RG","SE"
80,6,455,"RG","SE"
516,4,455,"RG","SE"
110,1,455,"RG","SE"
531,2,455,"RG","SE"
361,3,455,"RG","SE"
252,2,455,"RG","SE"
214,1,455,"RG","SE"
397,1,455,"RG","SE"
21,7,455,"RG","SE"
399,1,455,"RG","SE"
504,10,455,"RG","SE"
421,4,455,"RG","SE"
144,1,455,"RG","SE"
11,27,455,"RG","SE"
435,2,455,"RG","SE"
410,2,455,"RG","SE"
544,1,455,"RG","SE"
439,1,455,"RG","SE"
387,1,455,"RG","SE"
264,1,455,"RG","SE"
489,4,455,"RG","SE"
481,2,455,"RG","SE"
179,12,455,"RG","SE"
541,8,455,"RG","SE"
457,2,455,"RG","SE"
123,4,455,"RG","SE"
470,5,455,"RG","SE"
16,3,455,"RG","SE"
105,1,455,"RG","SE"
124,4,455,"RG","SE"
523,4,455,"RG","SE"
465,1,455,"RG","SE"
390,1,455,"RG","SE"
349,1,455,"RG","SE"
369,2,455,"RG","SE"
527,8,455,"RG","SE"
166,1,455,"RG","SE"
116,1,455,"RG","SE"
248,5,455,"RG","SE"
358,16,455,"RG","SE"
164,6,455,"RG","SE"
286,1,455,"RG","SE"
525,9,455,"RG","SE"
25,1,455,"RG","SE"
191,1,455,"RG","SE"
487,4,455,"RG","SE"
534,3,455,"RG","SE"
232,4,455,"RG","SE"
441,1,455,"RG","SE"
476,1,455,"RG","SE"
20,7,455,"RG","SE"
209,1,455,"RG","SE"
433,2,455,"RG","SE"
326,2,455,"RG","SE"
345,1,455,"RG","SE"
368,1,455,"RG","SE"
194,1,455,"RG","SE"
301,1,456,"RG","SE"
33,12,456,"RG","SE"
367,2,456,"RG","SE"
11,27,456,"RG","SE"
401,1,456,"RG","SE"
106,1,456,"RG","SE"
191,1,456,"RG","SE"
404,1,456,"RG","SE"
433,2,456,"RG","SE"
173,2,456,"RG","SE"
157,1,456,"RG","SE"
370,1,456,"RG","SE"
354,2,456,"RG","SE"
431,1,456,"RG","SE"
377,2,456,"RG","SE"
279,1,456,"RG","SE"
332,1,456,"RG","SE"
252,2,456,"RG","SE"
249,2,456,"RG","SE"
247,3,456,"RG","SE"
276,3,456,"RG","SE"
198,2,456,"RG","SE"
15,2,456,"RG","SE"
304,2,456,"RG","SE"
21,7,456,"RG","SE"
116,1,456,"RG","SE"
273,1,456,"RG","SE"
394,1,456,"RG","SE"
533,5,456,"RG","SE"
397,1,456,"RG","SE"
126,3,456,"RG","SE"
465,1,456,"RG","SE"
470,5,456,"RG","SE"
193,2,456,"RG","SE"
190,1,456,"RG","SE"
148,1,456,"RG","SE"
85,15,456,"RG","SE"
219,1,456,"RG","SE"
284,1,456,"RG","SE"
399,1,456,"RG","SE"
259,6,456,"RG","SE"
539,1,456,"RG","SE"
110,1,456,"RG","SE"
482,5,456,"RG","SE"
144,1,456,"RG","SE"
194,1,456,"RG","SE"
3,5,456,"RG","SE"
308,2,456,"RG","SE"
250,1,456,"RG","SE"
462,1,456,"RG","SE"
413,1,456,"RG","SE"
80,6,456,"RG","SE"
207,1,456,"RG","SE"
378,1,456,"RG","SE"
57,9,456,"RG","SE"
204,2,456,"RG","SE"
199,1,456,"RG","SE"
390,1,456,"RG","SE"
532,5,457,"RG","SE"
363,2,457,"RG","SE"
515,4,457,"RG","SE"
313,3,457,"RG","SE"
258,1,457,"RG","SE"
501,17,457,"RG","SE"
32,6,457,"RG","SE"
36,3,457,"RG","SE"
440,1,457,"RG","SE"
365,2,457,"RG","SE"
477,4,457,"RG","SE"
352,2,457,"RG","SE"
87,1,457,"RG","SE"
372,1,457,"RG","SE"
259,6,457,"RG","SE"
308,2,457,"RG","SE"
303,6,457,"RG","SE"
15,2,457,"RG","SE"
435,2,457,"RG","SE"
509,3,457,"RG","SE"
422,4,457,"RG","SE"
14,30,457,"RG","SE"
207,1,457,"RG","SE"
171,1,457,"RG","SE"
467,4,457,"RG","SE"
202,1,457,"RG","SE"
273,1,457,"RG","SE"
348,2,457,"RG","SE"
166,1,457,"RG","SE"
186,2,457,"RG","SE"
104,2,457,"RG","SE"
148,1,457,"RG","SE"
531,2,457,"RG","SE"
140,1,457,"RG","SE"
146,1,457,"RG","SE"
480,6,457,"RG","SE"
368,1,457,"RG","SE"
439,1,457,"RG","SE"
279,1,457,"RG","SE"
487,4,457,"RG","SE"
72,9,457,"RG","SE"
89,1,457,"RG","SE"
252,2,457,"RG","SE"
4,5,457,"RG","SE"
27,2,457,"RG","SE"
417,1,457,"RG","SE"
105,1,457,"RG","SE"
357,1,457,"RG","SE"
144,1,457,"RG","SE"
508,14,457,"RG","SE"
395,1,457,"RG","SE"
535,3,457,"RG","SE"
244,3,457,"RG","SE"
481,2,457,"RG","SE"
466,1,457,"RG","SE"
285,3,457,"RG","SE"
28,50,457,"RG","SE"
431,1,457,"RG","SE"
183,3,458,"RG","SE"
332,1,458,"RG","SE"
296,1,458,"RG","SE"
147,1,458,"RG","SE"
462,1,458,"RG","SE"
83,2,458,"RG","SE"
469,5,458,"RG","SE"
326,2,458,"RG","SE"
196,2,458,"RG","SE"
250,1,458,"RG","SE"
467,4,458,"RG","SE"
257,1,458,"RG","SE"
248,5,458,"RG","SE"
166,1,458,"RG","SE"
310,1,458,"RG","SE"
486,5,458,"RG","SE"
207,1,458,"RG","SE"
294,3,458,"RG","SE"
253,1,458,"RG","SE"
345,1,458,"RG","SE"
110,1,458,"RG","SE"
455,3,458,"RG","SE"
523,4,458,"RG","SE"
401,1,458,"RG","SE"
131,1,458,"RG","SE"
520,2,458,"RG","SE"
175,1,458,"RG","SE"
85,15,458,"RG","SE"
19,5,458,"RG","SE"
318,3,458,"RG","SE"
435,2,458,"RG","SE"
482,5,458,"RG","SE"
437,1,458,"RG","SE"
45,1,458,"RG","SE"
487,4,458,"RG","SE"
191,1,458,"RG","SE"
232,4,458,"RG","SE"
76,4,458,"RG","SE"
461,1,458,"RG","SE"
544,1,458,"RG","SE"
237,1,458,"RG","SE"
490,4,458,"RG","SE"
361,3,458,"RG","SE"
535,3,458,"RG","SE"
225,1,458,"RG","SE"
291,1,458,"RG","SE"
286,1,458,"RG","SE"
123,4,458,"RG","SE"
68,5,458,"RG","SE"
32,6,458,"RG","SE"
247,3,458,"RG","SE"
249,2,458,"RG","SE"
441,1,458,"RG","SE"
199,1,458,"RG","SE"
129,2,458,"RG","SE"
433,2,458,"RG","SE"
317,2,458,"RG","SE"
11,27,458,"RG","SE"
457,2,459,"RG","SE"
27,2,459,"RG","SE"
399,1,459,"RG","SE"
153,1,459,"RG","SE"
264,1,459,"RG","SE"
431,1,459,"RG","SE"
366,1,459,"RG","SE"
199,1,459,"RG","SE"
520,2,459,"RG","SE"
291,1,459,"RG","SE"
341,2,459,"RG","SE"
526,2,459,"RG","SE"
277,1,459,"RG","SE"
101,1,459,"RG","SE"
517,6,459,"RG","SE"
357,1,459,"RG","SE"
185,1,459,"RG","SE"
183,3,459,"RG","SE"
285,3,459,"RG","SE"
345,1,459,"RG","SE"
322,3,459,"RG","SE"
490,4,459,"RG","SE"
486,5,459,"RG","SE"
105,1,459,"RG","SE"
349,1,459,"RG","SE"
147,1,459,"RG","SE"
115,1,459,"RG","SE"
417,1,459,"RG","SE"
112,4,459,"RG","SE"
207,1,459,"RG","SE"
78,21,459,"RG","SE"
313,3,459,"RG","SE"
387,1,459,"RG","SE"
5,4,459,"RG","SE"
419,1,459,"RG","SE"
502,7,459,"RG","SE"
193,2,459,"RG","SE"
110,1,459,"RG","SE"
516,4,459,"RG","SE"
304,2,459,"RG","SE"
509,3,459,"RG","SE"
254,1,459,"RG","SE"
415,1,459,"RG","SE"
369,2,459,"RG","SE"
268,1,459,"RG","SE"
506,7,459,"RG","SE"
510,9,459,"RG","SE"
209,1,459,"RG","SE"
319,1,459,"RG","SE"
378,1,459,"RG","SE"
155,1,459,"RG","SE"
467,4,459,"RG","SE"
258,1,459,"RG","SE"
425,4,459,"RG","SE"
38,3,459,"RG","SE"
463,1,459,"RG","SE"
401,1,459,"RG","SE"
33,12,459,"RG","SE"
541,8,460,"RG","SE"
493,7,460,"RG","SE"
381,3,460,"RG","SE"
387,1,460,"RG","SE"
204,2,460,"RG","SE"
291,1,460,"RG","SE"
395,1,460,"RG","SE"
164,6,460,"RG","SE"
258,1,460,"RG","SE"
470,5,460,"RG","SE"
441,1,460,"RG","SE"
80,6,460,"RG","SE"
504,10,460,"RG","SE"
85,15,460,"RG","SE"
11,27,460,"RG","SE"
389,3,460,"RG","SE"
102,1,460,"RG","SE"
422,4,460,"RG","SE"
363,2,460,"RG","SE"
20,7,460,"RG","SE"
349,1,460,"RG","SE"
304,2,460,"RG","SE"
28,50,460,"RG","SE"
358,16,460,"RG","SE"
322,3,460,"RG","SE"
235,1,460,"RG","SE"
175,1,460,"RG","SE"
494,8,460,"RG","SE"
431,1,460,"RG","SE"
527,8,460,"RG","SE"
482,5,460,"RG","SE"
214,1,460,"RG","SE"
198,2,460,"RG","SE"
345,1,460,"RG","SE"
523,4,460,"RG","SE"
445,10,460,"RG","SE"
51,2,460,"RG","SE"
455,3,460,"RG","SE"
501,17,460,"RG","SE"
72,9,460,"RG","SE"
36,3,460,"RG","SE"
153,1,460,"RG","SE"
534,3,460,"RG","SE"
273,1,460,"RG","SE"
471,3,460,"RG","SE"
336,1,460,"RG","SE"
296,1,460,"RG","SE"
310,1,460,"RG","SE"
115,1,460,"RG","SE"
505,11,460,"RG","SE"
44,30,460,"RG","SE"
456,1,460,"RG","SE"
463,1,460,"RG","SE"
122,2,460,"RG","SE"
488,6,460,"RG","SE"
486,5,460,"RG","SE"
196,2,460,"RG","SE"
203,1,460,"RG","SE"
380,2,461,"RG","SE"
102,1,461,"RG","SE"
36,3,461,"RG","SE"
452,1,461,"RG","SE"
247,3,461,"RG","SE"
130,1,461,"RG","SE"
198,2,461,"RG","SE"
85,15,461,"RG","SE"
112,4,461,"RG","SE"
487,4,461,"RG","SE"
336,1,461,"RG","SE"
529,5,461,"RG","SE"
157,1,461,"RG","SE"
532,5,461,"RG","SE"
124,4,461,"RG","SE"
28,50,461,"RG","SE"
390,1,461,"RG","SE"
158,3,461,"RG","SE"
484,4,461,"RG","SE"
204,2,461,"RG","SE"
129,2,461,"RG","SE"
255,1,461,"RG","SE"
13,1,461,"RG","SE"
207,1,461,"RG","SE"
143,1,461,"RG","SE"
471,3,461,"RG","SE"
404,1,461,"RG","SE"
16,3,461,"RG","SE"
132,1,461,"RG","SE"
369,2,461,"RG","SE"
5,4,461,"RG","SE"
348,2,461,"RG","SE"
283,1,461,"RG","SE"
330,1,461,"RG","SE"
381,3,461,"RG","SE"
361,3,461,"RG","SE"
244,3,461,"RG","SE"
279,1,461,"RG","SE"
89,1,461,"RG","SE"
520,2,461,"RG","SE"
105,1,461,"RG","SE"
368,1,461,"RG","SE"
103,1,461,"RG","SE"
317,2,461,"RG","SE"
203,1,461,"RG","SE"
141,2,461,"RG","SE"
328,1,461,"RG","SE"
186,2,461,"RG","SE"
303,6,461,"RG","SE"
250,1,461,"RG","SE"
374,2,461,"RG","SE"
232,4,461,"RG","SE"
110,1,461,"RG","SE"
166,1,461,"RG","SE"
284,1,461,"RG","SE"
191,1,461,"RG","SE"
441,1,461,"RG","SE"
257,1,461,"RG","SE"
527,8,462,"RG","SE"
410,2,462,"RG","SE"
91,5,462,"RG","SE"
381,3,462,"RG","SE"
480,6,462,"RG","SE"
244,3,462,"RG","SE"
304,2,462,"RG","SE"
439,1,462,"RG","SE"
45,1,462,"RG","SE"
534,3,462,"RG","SE"
151,1,462,"RG","SE"
380,2,462,"RG","SE"
153,1,462,"RG","SE"
389,3,462,"RG","SE"
145,1,462,"RG","SE"
83,2,462,"RG","SE"
78,21,462,"RG","SE"
108,1,462,"RG","SE"
352,2,462,"RG","SE"
157,1,462,"RG","SE"
482,5,462,"RG","SE"
144,1,462,"RG","SE"
19,5,462,"RG","SE"
524,2,462,"RG","SE"
148,1,462,"RG","SE"
422,4,462,"RG","SE"
245,1,462,"RG","SE"
529,5,462,"RG","SE"
38,3,462,"RG","SE"
207,1,462,"RG","SE"
490,4,462,"RG","SE"
523,4,462,"RG","SE"
399,1,462,"RG","SE"
349,1,462,"RG","SE"
476,1,462,"RG","SE"
278,1,462,"RG","SE"
7,21,462,"RG","SE"
175,1,462,"RG","SE"
110,1,462,"RG","SE"
547,1,462,"RG","SE"
332,1,462,"RG","SE"
322,3,462,"RG","SE"
500,22,462,"RG","SE"
22,4,462,"RG","SE"
419,1,462,"RG","SE"
160,1,462,"RG","SE"
313,3,462,"RG","SE"
437,1,462,"RG","SE"
276,3,462,"RG","SE"
291,1,462,"RG","SE"
426,4,462,"RG","SE"
526,2,462,"RG","SE"
285,3,462,"RG","SE"
158,3,462,"RG","SE"
318,3,462,"RG","SE"
76,4,462,"RG","SE"
440,1,462,"RG","SE"
447,4,462,"RG","SE"
123,4,463,"RG","SE"
484,4,463,"RG","SE"
28,50,463,"RG","SE"
504,10,463,"RG","SE"
366,1,463,"RG","SE"
343,9,463,"RG","SE"
153,1,463,"RG","SE"
147,1,463,"RG","SE"
85,15,463,"RG","SE"
291,1,463,"RG","SE"
78,21,463,"RG","SE"
365,2,463,"RG","SE"
38,3,463,"RG","SE"
138,2,463,"RG","SE"
194,1,463,"RG","SE"
326,2,463,"RG","SE"
158,3,463,"RG","SE"
301,1,463,"RG","SE"
540,8,463,"RG","SE"
27,2,463,"RG","SE"
345,1,463,"RG","SE"
191,1,463,"RG","SE"
142,1,463,"RG","SE"
279,1,463,"RG","SE"
168,1,463,"RG","SE"
141,2,463,"RG","SE"
102,1,463,"RG","SE"
15,2,463,"RG","SE"
103,1,463,"RG","SE"
531,2,463,"RG","SE"
369,2,463,"RG","SE"
462,1,463,"RG","SE"
44,30,463,"RG","SE"
352,2,463,"RG","SE"
155,1,463,"RG","SE"
538,2,463,"RG","SE"
285,3,463,"RG","SE"
372,1,463,"RG","SE"
368,1,463,"RG","SE"
374,2,463,"RG","SE"
32,6,463,"RG","SE"
104,2,463,"RG","SE"
514,6,463,"RG","SE"
526,2,463,"RG","SE"
175,1,463,"RG","SE"
401,1,463,"RG","SE"
140,1,463,"RG","SE"
5,4,463,"RG","SE"
313,3,463,"RG","SE"
544,1,463,"RG","SE"
527,8,463,"RG","SE"
426,4,463,"RG","SE"
515,4,463,"RG","SE"
310,1,463,"RG","SE"
14,30,463,"RG","SE"
183,3,463,"RG","SE"
430,1,463,"RG","SE"
490,4,463,"RG","SE"
480,6,464,"RG","SE"
28,50,464,"RG","SE"
187,1,464,"RG","SE"
149,1,464,"RG","SE"
534,3,464,"RG","SE"
456,1,464,"RG","SE"
13,1,464,"RG","SE"
303,6,464,"RG","SE"
259,6,464,"RG","SE"
527,8,464,"RG","SE"
322,3,464,"RG","SE"
147,1,464,"RG","SE"
548,1,464,"RG","SE"
310,1,464,"RG","SE"
129,2,464,"RG","SE"
489,4,464,"RG","SE"
249,2,464,"RG","SE"
469,5,464,"RG","SE"
380,2,464,"RG","SE"
301,1,464,"RG","SE"
191,1,464,"RG","SE"
282,1,464,"RG","SE"
394,1,464,"RG","SE"
67,9,464,"RG","SE"
228,1,464,"RG","SE"
146,1,464,"RG","SE"
26,59,464,"RG","SE"
278,1,464,"RG","SE"
514,6,464,"RG","SE"
243,2,464,"RG","SE"
237,1,464,"RG","SE"
89,1,464,"RG","SE"
160,1,464,"RG","SE"
436,1,464,"RG","SE"
519,3,464,"RG","SE"
378,1,464,"RG","SE"
340,1,464,"RG","SE"
494,8,464,"RG","SE"
196,2,464,"RG","SE"
111,1,464,"RG","SE"
441,1,464,"RG","SE"
544,1,464,"RG","SE"
15,2,464,"RG","SE"
483,5,464,"RG","SE"
368,1,464,"RG","SE"
461,1,464,"RG","SE"
102,1,464,"RG","SE"
283,1,464,"RG","SE"
269,1,464,"RG","SE"
255,1,464,"RG","SE"
4,5,464,"RG","SE"
143,1,464,"RG","SE"
116,1,464,"RG","SE"
219,1,464,"RG","SE"
142,1,464,"RG","SE"
138,2,464,"RG","SE"
354,2,464,"RG","SE"
328,1,464,"RG","SE"
5,4,465,"RG","SE"
504,10,465,"RG","SE"
302,2,465,"RG","SE"
389,3,465,"RG","SE"
164,6,465,"RG","SE"
276,3,465,"RG","SE"
155,1,465,"RG","SE"
344,1,465,"RG","SE"
357,1,465,"RG","SE"
399,1,465,"RG","SE"
415,1,465,"RG","SE"
194,1,465,"RG","SE"
61,50,465,"RG","SE"
441,1,465,"RG","SE"
477,4,465,"RG","SE"
457,2,465,"RG","SE"
395,1,465,"RG","SE"
404,1,465,"RG","SE"
72,9,465,"RG","SE"
340,1,465,"RG","SE"
469,5,465,"RG","SE"
532,5,465,"RG","SE"
146,1,465,"RG","SE"
514,6,465,"RG","SE"
520,2,465,"RG","SE"
419,1,465,"RG","SE"
243,2,465,"RG","SE"
509,3,465,"RG","SE"
116,1,465,"RG","SE"
370,1,465,"RG","SE"
131,1,465,"RG","SE"
33,12,465,"RG","SE"
166,1,465,"RG","SE"
183,3,465,"RG","SE"
141,2,465,"RG","SE"
336,1,465,"RG","SE"
330,1,465,"RG","SE"
193,2,465,"RG","SE"
223,1,465,"RG","SE"
110,1,465,"RG","SE"
343,9,465,"RG","SE"
147,1,465,"RG","SE"
539,1,465,"RG","SE"
486,5,465,"RG","SE"
277,1,465,"RG","SE"
4,5,465,"RG","SE"
102,1,465,"RG","SE"
138,2,465,"RG","SE"
101,1,465,"RG","SE"
417,1,465,"RG","SE"
10,1,465,"RG","SE"
501,17,465,"RG","SE"
489,4,465,"RG","SE"
515,4,465,"RG","SE"
310,1,465,"RG","SE"
130,1,465,"RG","SE"
529,5,465,"RG","SE"
341,2,465,"RG","SE"
532,5,466,"RG","SE"
76,4,466,"RG","SE"
481,2,466,"RG","SE"
482,5,466,"RG","SE"
143,1,466,"RG","SE"
387,1,466,"RG","SE"
115,1,466,"RG","SE"
85,15,466,"RG","SE"
285,3,466,"RG","SE"
7,21,466,"RG","SE"
513,6,466,"RG","SE"
64,9,466,"RG","SE"
207,1,466,"RG","SE"
146,1,466,"RG","SE"
308,2,466,"RG","SE"
179,12,466,"RG","SE"
370,1,466,"RG","SE"
534,3,466,"RG","SE"
458,1,466,"RG","SE"
209,1,466,"RG","SE"
86,2,466,"RG","SE"
302,2,466,"RG","SE"
528,5,466,"RG","SE"
26,59,466,"RG","SE"
12,11,466,"RG","SE"
461,1,466,"RG","SE"
278,1,466,"RG","SE"
376,3,466,"RG","SE"
410,2,466,"RG","SE"
476,1,466,"RG","SE"
15,2,466,"RG","SE"
204,2,466,"RG","SE"
175,1,466,"RG","SE"
535,3,466,"RG","SE"
483,5,466,"RG","SE"
144,1,466,"RG","SE"
130,1,466,"RG","SE"
49,1,466,"RG","SE"
399,1,466,"RG","SE"
68,5,466,"RG","SE"
282,1,466,"RG","SE"
269,1,466,"RG","SE"
502,7,466,"RG","SE"
395,1,466,"RG","SE"
149,1,466,"RG","SE"
455,3,466,"RG","SE"
508,14,466,"RG","SE"
247,3,466,"RG","SE"
516,4,466,"RG","SE"
147,1,466,"RG","SE"
225,1,466,"RG","SE"
203,1,466,"RG","SE"
51,2,466,"RG","SE"
344,1,466,"RG","SE"
509,3,466,"RG","SE"
493,7,466,"RG","SE"
524,2,466,"RG","SE"
252,2,466,"RG","SE"
436,1,467,"RG","SE"
51,2,467,"RG","SE"
514,6,467,"RG","SE"
250,1,467,"RG","SE"
516,4,467,"RG","SE"
252,2,467,"RG","SE"
340,1,467,"RG","SE"
462,1,467,"RG","SE"
343,9,467,"RG","SE"
243,2,467,"RG","SE"
520,2,467,"RG","SE"
351,1,467,"RG","SE"
322,3,467,"RG","SE"
305,1,467,"RG","SE"
417,1,467,"RG","SE"
21,7,467,"RG","SE"
366,1,467,"RG","SE"
401,1,467,"RG","SE"
130,1,467,"RG","SE"
469,5,467,"RG","SE"
524,2,467,"RG","SE"
363,2,467,"RG","SE"
122,2,467,"RG","SE"
535,3,467,"RG","SE"
268,1,467,"RG","SE"
225,1,467,"RG","SE"
83,2,467,"RG","SE"
45,1,467,"RG","SE"
529,5,467,"RG","SE"
328,1,467,"RG","SE"
433,2,467,"RG","SE"
5,4,467,"RG","SE"
296,1,467,"RG","SE"
158,3,467,"RG","SE"
80,6,467,"RG","SE"
382,1,467,"RG","SE"
183,3,467,"RG","SE"
354,2,467,"RG","SE"
506,7,467,"RG","SE"
147,1,467,"RG","SE"
190,1,467,"RG","SE"
89,1,467,"RG","SE"
57,9,467,"RG","SE"
286,1,467,"RG","SE"
255,1,467,"RG","SE"
390,1,467,"RG","SE"
64,9,467,"RG","SE"
523,4,467,"RG","SE"
510,9,467,"RG","SE"
13,1,467,"RG","SE"
3,5,467,"RG","SE"
455,3,467,"RG","SE"
465,1,467,"RG","SE"
187,1,467,"RG","SE"
223,1,467,"RG","SE"
106,1,467,"RG","SE"
517,6,467,"RG","SE"
257,1,467,"RG","SE"
253,1,468,"RG","SE"
456,1,468,"RG","SE"
302,2,468,"RG","SE"
153,1,468,"RG","SE"
463,1,468,"RG","SE"
466,1,468,"RG","SE"
417,1,468,"RG","SE"
237,1,468,"RG","SE"
235,1,468,"RG","SE"
482,5,468,"RG","SE"
435,2,468,"RG","SE"
14,30,468,"RG","SE"
390,1,468,"RG","SE"
517,6,468,"RG","SE"
372,1,468,"RG","SE"
268,1,468,"RG","SE"
264,1,468,"RG","SE"
529,5,468,"RG","SE"
54,39,468,"RG","SE"
284,1,468,"RG","SE"
89,1,468,"RG","SE"
108,1,468,"RG","SE"
143,1,468,"RG","SE"
247,3,468,"RG","SE"
252,2,468,"RG","SE"
131,1,468,"RG","SE"
4,5,468,"RG","SE"
305,1,468,"RG","SE"
500,22,468,"RG","SE"
382,1,468,"RG","SE"
330,1,468,"RG","SE"
115,1,468,"RG","SE"
219,1,468,"RG","SE"
476,1,468,"RG","SE"
273,1,468,"RG","SE"
455,3,468,"RG","SE"
358,16,468,"RG","SE"
193,2,468,"RG","SE"
462,1,468,"RG","SE"
352,2,468,"RG","SE"
257,1,468,"RG","SE"
283,1,468,"RG","SE"
140,1,468,"RG","SE"
129,2,468,"RG","SE"
259,6,468,"RG","SE"
404,1,468,"RG","SE"
102,1,468,"RG","SE"
282,1,468,"RG","SE"
3,5,468,"RG","SE"
365,2,468,"RG","SE"
214,1,468,"RG","SE"
173,2,468,"RG","SE"
67,9,468,"RG","SE"
207,1,468,"RG","SE"
194,1,468,"RG","SE"
26,59,468,"RG","SE"
313,3,468,"RG","SE"
175,1,468,"RG","SE"
268,1,469,"RG","SE"
476,1,469,"RG","SE"
232,4,469,"RG","SE"
481,2,469,"RG","SE"
504,10,469,"RG","SE"
421,4,469,"RG","SE"
244,3,469,"RG","SE"
258,1,469,"RG","SE"
253,1,469,"RG","SE"
516,4,469,"RG","SE"
457,2,469,"RG","SE"
12,11,469,"RG","SE"
461,1,469,"RG","SE"
532,5,469,"RG","SE"
486,5,469,"RG","SE"
22,4,469,"RG","SE"
509,3,469,"RG","SE"
44,30,469,"RG","SE"
255,1,469,"RG","SE"
42,1,469,"RG","SE"
187,1,469,"RG","SE"
175,1,469,"RG","SE"
494,8,469,"RG","SE"
116,1,469,"RG","SE"
261,3,469,"RG","SE"
128,1,469,"RG","SE"
49,1,469,"RG","SE"
65,4,469,"RG","SE"
132,1,469,"RG","SE"
10,1,469,"RG","SE"
264,1,469,"RG","SE"
4,5,469,"RG","SE"
440,1,469,"RG","SE"
108,1,469,"RG","SE"
148,1,469,"RG","SE"
517,6,469,"RG","SE"
361,3,469,"RG","SE"
341,2,469,"RG","SE"
469,5,469,"RG","SE"
463,1,469,"RG","SE"
547,1,469,"RG","SE"
80,6,469,"RG","SE"
322,3,469,"RG","SE"
103,1,469,"RG","SE"
276,3,469,"RG","SE"
523,4,469,"RG","SE"
112,4,469,"RG","SE"
5,4,469,"RG","SE"
21,7,469,"RG","SE"
498,25,469,"RG","SE"
146,1,469,"RG","SE"
304,2,469,"RG","SE"
319,1,469,"RG","SE"
243,2,469,"RG","SE"
438,6,469,"RG","SE"
214,1,469,"RG","SE"
357,1,469,"RG","SE"
501,17,469,"RG","SE"
67,9,470,"RG","SE"
128,1,470,"RG","SE"
433,2,470,"RG","SE"
191,1,470,"RG","SE"
266,1,470,"RG","SE"
193,2,470,"RG","SE"
457,2,470,"RG","SE"
489,4,470,"RG","SE"
151,1,470,"RG","SE"
516,4,470,"RG","SE"
547,1,470,"RG","SE"
461,1,470,"RG","SE"
89,1,470,"RG","SE"
419,1,470,"RG","SE"
255,1,470,"RG","SE"
387,1,470,"RG","SE"
548,1,470,"RG","SE"
164,6,470,"RG","SE"
284,1,470,"RG","SE"
166,1,470,"RG","SE"
190,1,470,"RG","SE"
466,1,470,"RG","SE"
523,4,470,"RG","SE"
171,1,470,"RG","SE"
519,3,470,"RG","SE"
144,1,470,"RG","SE"
291,1,470,"RG","SE"
155,1,470,"RG","SE"
38,3,470,"RG","SE"
257,1,470,"RG","SE"
380,2,470,"RG","SE"
36,3,470,"RG","SE"
352,2,470,"RG","SE"
326,2,470,"RG","SE"
261,3,470,"RG","SE"
381,3,470,"RG","SE"
392,1,470,"RG","SE"
494,8,470,"RG","SE"
370,1,470,"RG","SE"
116,1,470,"RG","SE"
417,1,470,"RG","SE"
232,4,470,"RG","SE"
422,4,470,"RG","SE"
45,1,470,"RG","SE"
122,2,470,"RG","SE"
279,1,470,"RG","SE"
343,9,470,"RG","SE"
319,1,470,"RG","SE"
44,30,470,"RG","SE"
153,1,470,"RG","SE"
501,17,470,"RG","SE"
301,1,470,"RG","SE"
252,2,470,"RG","SE"
520,2,470,"RG","SE"
168,1,470,"RG","SE"
207,1,470,"RG","SE"
199,1,470,"RG","SE"
476,1,470,"RG","SE"
439,1,471,"RG","SE"
153,1,471,"RG","SE"
138,2,471,"RG","SE"
489,4,471,"RG","SE"
354,2,471,"RG","SE"
16,3,471,"RG","SE"
348,2,471,"RG","SE"
533,5,471,"RG","SE"
506,7,471,"RG","SE"
145,1,471,"RG","SE"
456,1,471,"RG","SE"
115,1,471,"RG","SE"
80,6,471,"RG","SE"
191,1,471,"RG","SE"
101,1,471,"RG","SE"
474,1,471,"RG","SE"
377,2,471,"RG","SE"
268,1,471,"RG","SE"
207,1,471,"RG","SE"
140,1,471,"RG","SE"
258,1,471,"RG","SE"
517,6,471,"RG","SE"
317,2,471,"RG","SE"
102,1,471,"RG","SE"
498,25,471,"RG","SE"
269,1,471,"RG","SE"
363,2,471,"RG","SE"
463,1,471,"RG","SE"
125,1,471,"RG","SE"
175,1,471,"RG","SE"
422,4,471,"RG","SE"
266,1,471,"RG","SE"
17,5,471,"RG","SE"
204,2,471,"RG","SE"
494,8,471,"RG","SE"
313,3,471,"RG","SE"
166,1,471,"RG","SE"
85,15,471,"RG","SE"
78,21,471,"RG","SE"
7,21,471,"RG","SE"
108,1,471,"RG","SE"
83,2,471,"RG","SE"
376,3,471,"RG","SE"
340,1,471,"RG","SE"
126,3,471,"RG","SE"
282,1,471,"RG","SE"
148,1,471,"RG","SE"
318,3,471,"RG","SE"
219,1,471,"RG","SE"
366,1,471,"RG","SE"
401,1,471,"RG","SE"
544,1,471,"RG","SE"
19,5,471,"RG","SE"
452,1,471,"RG","SE"
358,16,471,"RG","SE"
285,3,471,"RG","SE"
106,1,471,"RG","SE"
61,50,471,"RG","SE"
228,1,472,"RG","SE"
354,2,472,"RG","SE"
12,11,472,"RG","SE"
404,1,472,"RG","SE"
317,2,472,"RG","SE"
548,1,472,"RG","SE"
252,2,472,"RG","SE"
170,1,472,"RG","SE"
209,1,472,"RG","SE"
519,3,472,"RG","SE"
160,1,472,"RG","SE"
510,9,472,"RG","SE"
296,1,472,"RG","SE"
276,3,472,"RG","SE"
515,4,472,"RG","SE"
138,2,472,"RG","SE"
399,1,472,"RG","SE"
28,50,472,"RG","SE"
115,1,472,"RG","SE"
57,9,472,"RG","SE"
22,4,472,"RG","SE"
541,8,472,"RG","SE"
514,6,472,"RG","SE"
158,3,472,"RG","SE"
461,1,472,"RG","SE"
68,5,472,"RG","SE"
517,6,472,"RG","SE"
344,1,472,"RG","SE"
330,1,472,"RG","SE"
49,1,472,"RG","SE"
376,3,472,"RG","SE"
225,1,472,"RG","SE"
401,1,472,"RG","SE"
179,12,472,"RG","SE"
534,3,472,"RG","SE"
194,1,472,"RG","SE"
390,1,472,"RG","SE"
16,3,472,"RG","SE"
462,1,472,"RG","SE"
54,39,472,"RG","SE"
463,1,472,"RG","SE"
164,6,472,"RG","SE"
36,3,472,"RG","SE"
277,1,472,"RG","SE"
186,2,472,"RG","SE"
203,1,472,"RG","SE"
14,30,472,"RG","SE"
199,1,472,"RG","SE"
370,1,472,"RG","SE"
105,1,472,"RG","SE"
269,1,472,"RG","SE"
26,59,472,"RG","SE"
91,5,472,"RG","SE"
357,1,472,"RG","SE"
123,4,472,"RG","SE"
467,4,472,"RG","SE"
126,3,472,"RG","SE"
520,2,472,"RG","SE"
276,3,473,"RG","SE"
17,5,473,"RG","SE"
486,5,473,"RG","SE"
13,1,473,"RG","SE"
138,2,473,"RG","SE"
328,1,473,"RG","SE"
86,2,473,"RG","SE"
547,1,473,"RG","SE"
348,2,473,"RG","SE"
519,3,473,"RG","SE"
258,1,473,"RG","SE"
340,1,473,"RG","SE"
89,1,473,"RG","SE"
471,3,473,"RG","SE"
187,1,473,"RG","SE"
524,2,473,"RG","SE"
479,6,473,"RG","SE"
310,1,473,"RG","SE"
526,2,473,"RG","SE"
538,2,473,"RG","SE"
158,3,473,"RG","SE"
504,10,473,"RG","SE"
279,1,473,"RG","SE"
336,1,473,"RG","SE"
496,22,473,"RG","SE"
520,2,473,"RG","SE"
222,2,473,"RG","SE"
354,2,473,"RG","SE"
21,7,473,"RG","SE"
452,1,473,"RG","SE"
516,4,473,"RG","SE"
119,1,473,"RG","SE"
505,11,473,"RG","SE"
65,4,473,"RG","SE"
433,2,473,"RG","SE"
196,2,473,"RG","SE"
283,1,473,"RG","SE"
242,1,473,"RG","SE"
214,1,473,"RG","SE"
404,1,473,"RG","SE"
517,6,473,"RG","SE"
26,59,473,"RG","SE"
183,3,473,"RG","SE"
10,1,473,"RG","SE"
101,1,473,"RG","SE"
80,6,473,"RG","SE"
155,1,473,"RG","SE"
199,1,473,"RG","SE"
415,1,473,"RG","SE"
344,1,473,"RG","SE"
523,4,473,"RG","SE"
149,1,473,"RG","SE"
123,4,473,"RG","SE"
330,1,473,"RG","SE"
11,27,473,"RG","SE"
528,5,473,"RG","SE"
301,1,473,"RG","SE"
352,2,473,"RG","SE"
169,1,474,"RG","SE"
61,50,474,"RG","SE"
264,1,474,"RG","SE"
276,3,474,"RG","SE"
540,8,474,"RG","SE"
187,1,474,"RG","SE"
354,2,474,"RG","SE"
397,1,474,"RG","SE"
105,1,474,"RG","SE"
474,1,474,"RG","SE"
326,2,474,"RG","SE"
317,2,474,"RG","SE"
157,1,474,"RG","SE"
110,1,474,"RG","SE"
278,1,474,"RG","SE"
516,4,474,"RG","SE"
116,1,474,"RG","SE"
308,2,474,"RG","SE"
142,1,474,"RG","SE"
119,1,474,"RG","SE"
508,14,474,"RG","SE"
421,4,474,"RG","SE"
309,1,474,"RG","SE"
149,1,474,"RG","SE"
466,1,474,"RG","SE"
500,22,474,"RG","SE"
151,1,474,"RG","SE"
509,3,474,"RG","SE"
510,9,474,"RG","SE"
115,1,474,"RG","SE"
482,5,474,"RG","SE"
108,1,474,"RG","SE"
310,1,474,"RG","SE"
145,1,474,"RG","SE"
144,1,474,"RG","SE"
258,1,474,"RG","SE"
441,1,474,"RG","SE"
296,1,474,"RG","SE"
445,10,474,"RG","SE"
502,7,474,"RG","SE"
203,1,474,"RG","SE"
68,5,474,"RG","SE"
282,1,474,"RG","SE"
349,1,474,"RG","SE"
191,1,474,"RG","SE"
367,2,474,"RG","SE"
524,2,474,"RG","SE"
457,2,474,"RG","SE"
286,1,474,"RG","SE"
207,1,474,"RG","SE"
417,1,474,"RG","SE"
138,2,474,"RG","SE"
527,8,474,"RG","SE"
186,2,474,"RG","SE"
470,5,474,"RG","SE"
340,1,474,"RG","SE"
313,3,474,"RG","SE"
111,1,474,"RG","SE"
534,3,475,"RG","SE"
505,11,475,"RG","SE"
304,2,475,"RG","SE"
67,9,475,"RG","SE"
123,4,475,"RG","SE"
130,1,475,"RG","SE"
354,2,475,"RG","SE"
42,1,475,"RG","SE"
193,2,475,"RG","SE"
544,1,475,"RG","SE"
482,5,475,"RG","SE"
532,5,475,"RG","SE"
461,1,475,"RG","SE"
169,1,475,"RG","SE"
467,4,475,"RG","SE"
463,1,475,"RG","SE"
151,1,475,"RG","SE"
474,1,475,"RG","SE"
255,1,475,"RG","SE"
366,1,475,"RG","SE"
250,1,475,"RG","SE"
389,3,475,"RG","SE"
481,2,475,"RG","SE"
83,2,475,"RG","SE"
104,2,475,"RG","SE"
490,4,475,"RG","SE"
397,1,475,"RG","SE"
209,1,475,"RG","SE"
110,1,475,"RG","SE"
419,1,475,"RG","SE"
76,4,475,"RG","SE"
207,1,475,"RG","SE"
170,1,475,"RG","SE"
426,4,475,"RG","SE"
317,2,475,"RG","SE"
390,1,475,"RG","SE"
185,1,475,"RG","SE"
204,2,475,"RG","SE"
5,4,475,"RG","SE"
203,1,475,"RG","SE"
145,1,475,"RG","SE"
540,8,475,"RG","SE"
312,1,475,"RG","SE"
479,6,475,"RG","SE"
520,2,475,"RG","SE"
128,1,475,"RG","SE"
22,4,475,"RG","SE"
527,8,475,"RG","SE"
243,2,475,"RG","SE"
11,27,475,"RG","SE"
513,6,475,"RG","SE"
308,2,475,"RG","SE"
61,50,475,"RG","SE"
158,3,475,"RG","SE"
160,1,475,"RG","SE"
395,1,475,"RG","SE"
65,4,475,"RG","SE"
276,3,475,"RG","SE"
282,1,476,"RG","SE"
115,1,476,"RG","SE"
397,1,476,"RG","SE"
68,5,476,"RG","SE"
223,1,476,"RG","SE"
504,10,476,"RG","SE"
87,1,476,"RG","SE"
389,3,476,"RG","SE"
498,25,476,"RG","SE"
419,1,476,"RG","SE"
394,1,476,"RG","SE"
332,1,476,"RG","SE"
514,6,476,"RG","SE"
367,2,476,"RG","SE"
520,2,476,"RG","SE"
148,1,476,"RG","SE"
487,4,476,"RG","SE"
366,1,476,"RG","SE"
146,1,476,"RG","SE"
318,3,476,"RG","SE"
26,59,476,"RG","SE"
348,2,476,"RG","SE"
415,1,476,"RG","SE"
326,2,476,"RG","SE"
67,9,476,"RG","SE"
250,1,476,"RG","SE"
535,3,476,"RG","SE"
330,1,476,"RG","SE"
308,2,476,"RG","SE"
439,1,476,"RG","SE"
25,1,476,"RG","SE"
548,1,476,"RG","SE"
131,1,476,"RG","SE"
505,11,476,"RG","SE"
506,7,476,"RG","SE"
524,2,476,"RG","SE"
57,9,476,"RG","SE"
369,2,476,"RG","SE"
191,1,476,"RG","SE"
28,50,476,"RG","SE"
158,3,476,"RG","SE"
285,3,476,"RG","SE"
357,1,476,"RG","SE"
479,6,476,"RG","SE"
130,1,476,"RG","SE"
341,2,476,"RG","SE"
283,1,476,"RG","SE"
51,2,476,"RG","SE"
255,1,476,"RG","SE"
237,1,476,"RG","SE"
36,3,476,"RG","SE"
22,4,476,"RG","SE"
502,7,476,"RG","SE"
363,2,476,"RG","SE"
232,4,476,"RG","SE"
151,1,476,"RG","SE"
214,1,476,"RG","SE"
203,1,476,"RG","SE"
248,5,477,"RG","SE"
516,4,477,"RG","SE"
457,2,477,"RG","SE"
345,1,477,"RG","SE"
476,1,477,"RG","SE"
168,1,477,"RG","SE"
430,1,477,"RG","SE"
487,4,477,"RG","SE"
5,4,477,"RG","SE"
344,1,477,"RG","SE"
517,6,477,"RG","SE"
490,4,477,"RG","SE"
187,1,477,"RG","SE"
493,7,477,"RG","SE"
106,1,477,"RG","SE"
110,1,477,"RG","SE"
372,1,477,"RG","SE"
249,2,477,"RG","SE"
328,1,477,"RG","SE"
304,2,477,"RG","SE"
65,4,477,"RG","SE"
285,3,477,"RG","SE"
301,1,477,"RG","SE"
204,2,477,"RG","SE"
219,1,477,"RG","SE"
395,1,477,"RG","SE"
7,21,477,"RG","SE"
191,1,477,"RG","SE"
439,1,477,"RG","SE"
322,3,477,"RG","SE"
128,1,477,"RG","SE"
437,1,477,"RG","SE"
494,8,477,"RG","SE"
513,6,477,"RG","SE"
57,9,477,"RG","SE"
282,1,477,"RG","SE"
259,6,477,"RG","SE"
179,12,477,"RG","SE"
483,5,477,"RG","SE"
266,1,477,"RG","SE"
313,3,477,"RG","SE"
225,1,477,"RG","SE"
149,1,477,"RG","SE"
26,59,477,"RG","SE"
349,1,477,"RG","SE"
419,1,477,"RG","SE"
471,3,477,"RG","SE"
158,3,477,"RG","SE"
515,4,477,"RG","SE"
250,1,477,"RG","SE"
500,22,477,"RG","SE"
369,2,477,"RG","SE"
528,5,477,"RG","SE"
479,6,477,"RG","SE"
198,2,477,"RG","SE"
15,2,477,"RG","SE"
146,1,477,"RG","SE"
194,1,477,"RG","SE"
387,1,478,"RG","SE"
515,4,478,"RG","SE"
332,1,478,"RG","SE"
352,2,478,"RG","SE"
124,4,478,"RG","SE"
326,2,478,"RG","SE"
397,1,478,"RG","SE"
42,1,478,"RG","SE"
45,1,478,"RG","SE"
225,1,478,"RG","SE"
527,8,478,"RG","SE"
367,2,478,"RG","SE"
185,1,478,"RG","SE"
496,22,478,"RG","SE"
155,1,478,"RG","SE"
72,9,478,"RG","SE"
11,27,478,"RG","SE"
487,4,478,"RG","SE"
418,1,478,"RG","SE"
509,3,478,"RG","SE"
312,1,478,"RG","SE"
203,1,478,"RG","SE"
14,30,478,"RG","SE"
481,2,478,"RG","SE"
318,3,478,"RG","SE"
255,1,478,"RG","SE"
10,1,478,"RG","SE"
504,10,478,"RG","SE"
498,25,478,"RG","SE"
348,2,478,"RG","SE"
202,1,478,"RG","SE"
533,5,478,"RG","SE"
440,1,478,"RG","SE"
376,3,478,"RG","SE"
207,1,478,"RG","SE"
395,1,478,"RG","SE"
470,5,478,"RG","SE"
296,1,478,"RG","SE"
186,2,478,"RG","SE"
390,1,478,"RG","SE"
505,11,478,"RG","SE"
541,8,478,"RG","SE"
5,4,478,"RG","SE"
516,4,478,"RG","SE"
539,1,478,"RG","SE"
417,1,478,"RG","SE"
535,3,478,"RG","SE"
330,1,478,"RG","SE"
249,2,478,"RG","SE"
540,8,478,"RG","SE"
488,6,478,"RG","SE"
467,4,478,"RG","SE"
252,2,478,"RG","SE"
526,2,478,"RG","SE"
410,2,478,"RG","SE"
253,1,478,"RG","SE"
223,1,478,"RG","SE"
32,6,478,"RG","SE"
45,1,479,"RG","SE"
15,2,479,"RG","SE"
36,3,479,"RG","SE"
397,1,479,"RG","SE"
250,1,479,"RG","SE"
456,1,479,"RG","SE"
16,3,479,"RG","SE"
440,1,479,"RG","SE"
235,1,479,"RG","SE"
14,30,479,"RG","SE"
138,2,479,"RG","SE"
83,2,479,"RG","SE"
257,1,479,"RG","SE"
160,1,479,"RG","SE"
125,1,479,"RG","SE"
532,5,479,"RG","SE"
279,1,479,"RG","SE"
19,5,479,"RG","SE"
285,3,479,"RG","SE"
394,1,479,"RG","SE"
361,3,479,"RG","SE"
207,1,479,"RG","SE"
463,1,479,"RG","SE"
372,1,479,"RG","SE"
304,2,479,"RG","SE"
44,30,479,"RG","SE"
17,5,479,"RG","SE"
268,1,479,"RG","SE"
436,1,479,"RG","SE"
123,4,479,"RG","SE"
417,1,479,"RG","SE"
187,1,479,"RG","SE"
266,1,479,"RG","SE"
283,1,479,"RG","SE"
378,1,479,"RG","SE"
516,4,479,"RG","SE"
486,5,479,"RG","SE"
389,3,479,"RG","SE"
366,1,479,"RG","SE"
534,3,479,"RG","SE"
380,2,479,"RG","SE"
437,1,479,"RG","SE"
296,1,479,"RG","SE"
547,1,479,"RG","SE"
65,4,479,"RG","SE"
431,1,479,"RG","SE"
465,1,479,"RG","SE"
493,7,479,"RG","SE"
228,1,479,"RG","SE"
49,1,479,"RG","SE"
76,4,479,"RG","SE"
509,3,479,"RG","SE"
452,1,479,"RG","SE"
164,6,479,"RG","SE"
273,1,479,"RG","SE"
345,1,479,"RG","SE"
533,5,479,"RG","SE"
249,2,479,"RG","SE"
57,9,480,"RG","SE"
433,2,480,"RG","SE"
170,1,480,"RG","SE"
4,5,480,"RG","SE"
372,1,480,"RG","SE"
369,2,480,"RG","SE"
392,1,480,"RG","SE"
153,1,480,"RG","SE"
498,25,480,"RG","SE"
190,1,480,"RG","SE"
440,1,480,"RG","SE"
469,5,480,"RG","SE"
527,8,480,"RG","SE"
130,1,480,"RG","SE"
143,1,480,"RG","SE"
245,1,480,"RG","SE"
19,5,480,"RG","SE"
513,6,480,"RG","SE"
354,2,480,"RG","SE"
430,1,480,"RG","SE"
401,1,480,"RG","SE"
509,3,480,"RG","SE"
483,5,480,"RG","SE"
28,50,480,"RG","SE"
517,6,480,"RG","SE"
191,1,480,"RG","SE"
367,2,480,"RG","SE"
276,3,480,"RG","SE"
286,1,480,"RG","SE"
237,1,480,"RG","SE"
368,1,480,"RG","SE"
255,1,480,"RG","SE"
294,3,480,"RG","SE"
243,2,480,"RG","SE"
467,4,480,"RG","SE"
479,6,480,"RG","SE"
322,3,480,"RG","SE"
466,1,480,"RG","SE"
242,1,480,"RG","SE"
426,4,480,"RG","SE"
361,3,480,"RG","SE"
164,6,480,"RG","SE"
493,7,480,"RG","SE"
510,9,480,"RG","SE"
175,1,480,"RG","SE"
129,2,480,"RG","SE"
54,39,480,"RG","SE"
17,5,480,"RG","SE"
14,30,480,"RG","SE"
108,1,480,"RG","SE"
482,5,480,"RG","SE"
282,1,480,"RG","SE"
317,2,480,"RG","SE"
145,1,480,"RG","SE"
111,1,480,"RG","SE"
465,1,480,"RG","SE"
366,1,480,"RG","SE"
112,4,480,"RG","SE"
313,3,481,"RG","SE"
509,3,481,"RG","SE"
291,1,481,"RG","SE"
268,1,481,"RG","SE"
525,9,481,"RG","SE"
534,3,481,"RG","SE"
505,11,481,"RG","SE"
244,3,481,"RG","SE"
445,10,481,"RG","SE"
106,1,481,"RG","SE"
474,1,481,"RG","SE"
14,30,481,"RG","SE"
318,3,481,"RG","SE"
528,5,481,"RG","SE"
515,4,481,"RG","SE"
529,5,481,"RG","SE"
168,1,481,"RG","SE"
514,6,481,"RG","SE"
376,3,481,"RG","SE"
91,5,481,"RG","SE"
158,3,481,"RG","SE"
415,1,481,"RG","SE"
480,6,481,"RG","SE"
28,50,481,"RG","SE"
540,8,481,"RG","SE"
490,4,481,"RG","SE"
36,3,481,"RG","SE"
452,1,481,"RG","SE"
278,1,481,"RG","SE"
286,1,481,"RG","SE"
349,1,481,"RG","SE"
44,30,481,"RG","SE"
173,2,481,"RG","SE"
344,1,481,"RG","SE"
144,1,481,"RG","SE"
538,2,481,"RG","SE"
319,1,481,"RG","SE"
545,1,481,"RG","SE"
153,1,481,"RG","SE"
439,1,481,"RG","SE"
170,1,481,"RG","SE"
235,1,481,"RG","SE"
273,1,481,"RG","SE"
526,2,481,"RG","SE"
149,1,481,"RG","SE"
510,9,481,"RG","SE"
27,2,481,"RG","SE"
390,1,481,"RG","SE"
222,2,481,"RG","SE"
354,2,481,"RG","SE"
516,4,481,"RG","SE"
363,2,481,"RG","SE"
128,1,481,"RG","SE"
441,1,481,"RG","SE"
279,1,481,"RG","SE"
302,2,481,"RG","SE"
517,6,481,"RG","SE"
426,4,481,"RG","SE"
517,6,482,"RG","SE"
191,1,482,"RG","SE"
529,5,482,"RG","SE"
119,1,482,"RG","SE"
198,2,482,"RG","SE"
431,1,482,"RG","SE"
244,3,482,"RG","SE"
130,1,482,"RG","SE"
349,1,482,"RG","SE"
376,3,482,"RG","SE"
142,1,482,"RG","SE"
437,1,482,"RG","SE"
487,4,482,"RG","SE"
387,1,482,"RG","SE"
129,2,482,"RG","SE"
304,2,482,"RG","SE"
155,1,482,"RG","SE"
122,2,482,"RG","SE"
501,17,482,"RG","SE"
455,3,482,"RG","SE"
91,5,482,"RG","SE"
89,1,482,"RG","SE"
462,1,482,"RG","SE"
533,5,482,"RG","SE"
476,1,482,"RG","SE"
257,1,482,"RG","SE"
194,1,482,"RG","SE"
305,1,482,"RG","SE"
116,1,482,"RG","SE"
190,1,482,"RG","SE"
187,1,482,"RG","SE"
222,2,482,"RG","SE"
80,6,482,"RG","SE"
112,4,482,"RG","SE"
19,5,482,"RG","SE"
158,3,482,"RG","SE"
389,3,482,"RG","SE"
7,21,482,"RG","SE"
466,1,482,"RG","SE"
516,4,482,"RG","SE"
32,6,482,"RG","SE"
496,22,482,"RG","SE"
16,3,482,"RG","SE"
245,1,482,"RG","SE"
494,8,482,"RG","SE"
436,1,482,"RG","SE"
467,4,482,"RG","SE"
465,1,482,"RG","SE"
303,6,482,"RG","SE"
445,10,482,"RG","SE"
301,1,482,"RG","SE"
223,1,482,"RG","SE"
317,2,482,"RG","SE"
352,2,482,"RG","SE"
504,10,482,"RG","SE"
153,1,482,"RG","SE"
105,1,482,"RG","SE"
441,1,482,"RG","SE"
395,1,483,"RG","SE"
317,2,483,"RG","SE"
514,6,483,"RG","SE"
490,4,483,"RG","SE"
413,1,483,"RG","SE"
431,1,483,"RG","SE"
196,2,483,"RG","SE"
421,4,483,"RG","SE"
25,1,483,"RG","SE"
455,3,483,"RG","SE"
526,2,483,"RG","SE"
198,2,483,"RG","SE"
328,1,483,"RG","SE"
529,5,483,"RG","SE"
223,1,483,"RG","SE"
33,12,483,"RG","SE"
369,2,483,"RG","SE"
415,1,483,"RG","SE"
101,1,483,"RG","SE"
160,1,483,"RG","SE"
64,9,483,"RG","SE"
380,2,483,"RG","SE"
250,1,483,"RG","SE"
126,3,483,"RG","SE"
477,4,483,"RG","SE"
422,4,483,"RG","SE"
138,2,483,"RG","SE"
500,22,483,"RG","SE"
513,6,483,"RG","SE"
242,1,483,"RG","SE"
326,2,483,"RG","SE"
461,1,483,"RG","SE"
112,4,483,"RG","SE"
484,4,483,"RG","SE"
15,2,483,"RG","SE"
158,3,483,"RG","SE"
531,2,483,"RG","SE"
67,9,483,"RG","SE"
131,1,483,"RG","SE"
493,7,483,"RG","SE"
308,2,483,"RG","SE"
203,1,483,"RG","SE"
506,7,483,"RG","SE"
517,6,483,"RG","SE"
533,5,483,"RG","SE"
78,21,483,"RG","SE"
467,4,483,"RG","SE"
349,1,483,"RG","SE"
179,12,483,"RG","SE"
13,1,483,"RG","SE"
38,3,483,"RG","SE"
330,1,483,"RG","SE"
401,1,483,"RG","SE"
111,1,483,"RG","SE"
482,5,483,"RG","SE"
378,1,483,"RG","SE"
91,5,483,"RG","SE"
147,1,483,"RG","SE"
42,1,484,"RG","SE"
387,1,484,"RG","SE"
467,4,484,"RG","SE"
145,1,484,"RG","SE"
250,1,484,"RG","SE"
343,9,484,"RG","SE"
372,1,484,"RG","SE"
222,2,484,"RG","SE"
418,1,484,"RG","SE"
249,2,484,"RG","SE"
345,1,484,"RG","SE"
504,10,484,"RG","SE"
119,1,484,"RG","SE"
508,14,484,"RG","SE"
112,4,484,"RG","SE"
523,4,484,"RG","SE"
225,1,484,"RG","SE"
351,1,484,"RG","SE"
143,1,484,"RG","SE"
110,1,484,"RG","SE"
72,9,484,"RG","SE"
153,1,484,"RG","SE"
146,1,484,"RG","SE"
199,1,484,"RG","SE"
319,1,484,"RG","SE"
282,1,484,"RG","SE"
245,1,484,"RG","SE"
505,11,484,"RG","SE"
15,2,484,"RG","SE"
115,1,484,"RG","SE"
14,30,484,"RG","SE"
365,2,484,"RG","SE"
223,1,484,"RG","SE"
397,1,484,"RG","SE"
410,2,484,"RG","SE"
106,1,484,"RG","SE"
417,1,484,"RG","SE"
390,1,484,"RG","SE"
514,6,484,"RG","SE"
322,3,484,"RG","SE"
91,5,484,"RG","SE"
4,5,484,"RG","SE"
310,1,484,"RG","SE"
273,1,484,"RG","SE"
202,1,484,"RG","SE"
123,4,484,"RG","SE"
126,3,484,"RG","SE"
104,2,484,"RG","SE"
144,1,484,"RG","SE"
131,1,484,"RG","SE"
389,3,484,"RG","SE"
285,3,484,"RG","SE"
44,30,484,"RG","SE"
336,1,484,"RG","SE"
377,2,484,"RG","SE"
65,4,484,"RG","SE"
369,2,484,"RG","SE"
463,1,484,"RG","SE"
232,4,485,"RG","SE"
308,2,485,"RG","SE"
191,1,485,"RG","SE"
269,1,485,"RG","SE"
91,5,485,"RG","SE"
122,2,485,"RG","SE"
72,9,485,"RG","SE"
467,4,485,"RG","SE"
157,1,485,"RG","SE"
186,2,485,"RG","SE"
198,2,485,"RG","SE"
498,25,485,"RG","SE"
54,39,485,"RG","SE"
123,4,485,"RG","SE"
547,1,485,"RG","SE"
488,6,485,"RG","SE"
22,4,485,"RG","SE"
328,1,485,"RG","SE"
513,6,485,"RG","SE"
65,4,485,"RG","SE"
344,1,485,"RG","SE"
534,3,485,"RG","SE"
392,1,485,"RG","SE"
345,1,485,"RG","SE"
228,1,485,"RG","SE"
395,1,485,"RG","SE"
326,2,485,"RG","SE"
519,3,485,"RG","SE"
317,2,485,"RG","SE"
57,9,485,"RG","SE"
254,1,485,"RG","SE"
202,1,485,"RG","SE"
294,3,485,"RG","SE"
437,1,485,"RG","SE"
312,1,485,"RG","SE"
112,4,485,"RG","SE"
476,1,485,"RG","SE"
4,5,485,"RG","SE"
527,8,485,"RG","SE"
20,7,485,"RG","SE"
64,9,485,"RG","SE"
32,6,485,"RG","SE"
544,1,485,"RG","SE"
242,1,485,"RG","SE"
533,5,485,"RG","SE"
540,8,485,"RG","SE"
101,1,485,"RG","SE"
25,1,485,"RG","SE"
148,1,485,"RG","SE"
129,2,485,"RG","SE"
487,4,485,"RG","SE"
102,1,485,"RG","SE"
15,2,485,"RG","SE"
76,4,485,"RG","SE"
80,6,485,"RG","SE"
291,1,485,"RG","SE"
330,1,485,"RG","SE"
13,1,485,"RG","SE"
392,1,486,"RG","SE"
106,1,486,"RG","SE"
501,17,486,"RG","SE"
532,5,486,"RG","SE"
312,1,486,"RG","SE"
389,3,486,"RG","SE"
17,5,486,"RG","SE"
244,3,486,"RG","SE"
376,3,486,"RG","SE"
474,1,486,"RG","SE"
378,1,486,"RG","SE"
125,1,486,"RG","SE"
377,2,486,"RG","SE"
186,2,486,"RG","SE"
318,3,486,"RG","SE"
441,1,486,"RG","SE"
525,9,486,"RG","SE"
413,1,486,"RG","SE"
64,9,486,"RG","SE"
203,1,486,"RG","SE"
330,1,486,"RG","SE"
533,5,486,"RG","SE"
528,5,486,"RG","SE"
76,4,486,"RG","SE"
345,1,486,"RG","SE"
430,1,486,"RG","SE"
255,1,486,"RG","SE"
296,1,486,"RG","SE"
83,2,486,"RG","SE"
123,4,486,"RG","SE"
45,1,486,"RG","SE"
11,27,486,"RG","SE"
529,5,486,"RG","SE"
185,1,486,"RG","SE"
305,1,486,"RG","SE"
484,4,486,"RG","SE"
266,1,486,"RG","SE"
365,2,486,"RG","SE"
15,2,486,"RG","SE"
461,1,486,"RG","SE"
110,1,486,"RG","SE"
534,3,486,"RG","SE"
170,1,486,"RG","SE"
77,17,486,"RG","SE"
313,3,486,"RG","SE"
436,1,486,"RG","SE"
415,1,486,"RG","SE"
547,1,486,"RG","SE"
145,1,486,"RG","SE"
279,1,486,"RG","SE"
7,21,486,"RG","SE"
421,4,486,"RG","SE"
387,1,486,"RG","SE"
49,1,486,"RG","SE"
515,4,486,"RG","SE"
303,6,486,"RG","SE"
486,5,486,"RG","SE"
89,1,486,"RG","SE"
243,2,487,"RG","SE"
445,10,487,"RG","SE"
382,1,487,"RG","SE"
519,3,487,"RG","SE"
128,1,487,"RG","SE"
83,2,487,"RG","SE"
533,5,487,"RG","SE"
175,1,487,"RG","SE"
5,4,487,"RG","SE"
247,3,487,"RG","SE"
378,1,487,"RG","SE"
381,3,487,"RG","SE"
261,3,487,"RG","SE"
348,2,487,"RG","SE"
421,4,487,"RG","SE"
397,1,487,"RG","SE"
130,1,487,"RG","SE"
344,1,487,"RG","SE"
61,50,487,"RG","SE"
326,2,487,"RG","SE"
484,4,487,"RG","SE"
103,1,487,"RG","SE"
417,1,487,"RG","SE"
155,1,487,"RG","SE"
250,1,487,"RG","SE"
183,3,487,"RG","SE"
461,1,487,"RG","SE"
248,5,487,"RG","SE"
456,1,487,"RG","SE"
179,12,487,"RG","SE"
222,2,487,"RG","SE"
140,1,487,"RG","SE"
279,1,487,"RG","SE"
517,6,487,"RG","SE"
401,1,487,"RG","SE"
369,2,487,"RG","SE"
351,1,487,"RG","SE"
101,1,487,"RG","SE"
131,1,487,"RG","SE"
157,1,487,"RG","SE"
125,1,487,"RG","SE"
516,4,487,"RG","SE"
237,1,487,"RG","SE"
312,1,487,"RG","SE"
540,8,487,"RG","SE"
467,4,487,"RG","SE"
392,1,487,"RG","SE"
7,21,487,"RG","SE"
141,2,487,"RG","SE"
441,1,487,"RG","SE"
486,5,487,"RG","SE"
387,1,487,"RG","SE"
10,1,487,"RG","SE"
399,1,487,"RG","SE"
488,6,487,"RG","SE"
466,1,487,"RG","SE"
126,3,487,"RG","SE"
438,6,487,"RG","SE"
223,1,488,"RG","SE"
259,6,488,"RG","SE"
531,2,488,"RG","SE"
194,1,488,"RG","SE"
21,7,488,"RG","SE"
474,1,488,"RG","SE"
11,27,488,"RG","SE"
547,1,488,"RG","SE"
401,1,488,"RG","SE"
465,1,488,"RG","SE"
548,1,488,"RG","SE"
257,1,488,"RG","SE"
22,4,488,"RG","SE"
128,1,488,"RG","SE"
526,2,488,"RG","SE"
395,1,488,"RG","SE"
501,17,488,"RG","SE"
372,1,488,"RG","SE"
104,2,488,"RG","SE"
527,8,488,"RG","SE"
282,1,488,"RG","SE"
235,1,488,"RG","SE"
358,16,488,"RG","SE"
457,2,488,"RG","SE"
370,1,488,"RG","SE"
309,1,488,"RG","SE"
254,1,488,"RG","SE"
541,8,488,"RG","SE"
283,1,488,"RG","SE"
193,2,488,"RG","SE"
198,2,488,"RG","SE"
28,50,488,"RG","SE"
85,15,488,"RG","SE"
110,1,488,"RG","SE"
506,7,488,"RG","SE"
439,1,488,"RG","SE"
317,2,488,"RG","SE"
264,1,488,"RG","SE"
153,1,488,"RG","SE"
488,6,488,"RG","SE"
219,1,488,"RG","SE"
410,2,488,"RG","SE"
519,3,488,"RG","SE"
228,1,488,"RG","SE"
115,1,488,"RG","SE"
471,3,488,"RG","SE"
390,1,488,"RG","SE"
387,1,488,"RG","SE"
42,1,488,"RG","SE"
19,5,488,"RG","SE"
185,1,488,"RG","SE"
242,1,488,"RG","SE"
296,1,488,"RG","SE"
368,1,488,"RG","SE"
20,7,488,"RG","SE"
498,25,488,"RG","SE"
285,3,488,"RG","SE"
249,2,488,"RG","SE"
368,1,489,"RG","SE"
301,1,489,"RG","SE"
145,1,489,"RG","SE"
153,1,489,"RG","SE"
87,1,489,"RG","SE"
202,1,489,"RG","SE"
422,4,489,"RG","SE"
374,2,489,"RG","SE"
147,1,489,"RG","SE"
541,8,489,"RG","SE"
219,1,489,"RG","SE"
247,3,489,"RG","SE"
140,1,489,"RG","SE"
376,3,489,"RG","SE"
108,1,489,"RG","SE"
426,4,489,"RG","SE"
122,2,489,"RG","SE"
519,3,489,"RG","SE"
345,1,489,"RG","SE"
168,1,489,"RG","SE"
304,2,489,"RG","SE"
103,1,489,"RG","SE"
313,3,489,"RG","SE"
36,3,489,"RG","SE"
266,1,489,"RG","SE"
501,17,489,"RG","SE"
425,4,489,"RG","SE"
455,3,489,"RG","SE"
336,1,489,"RG","SE"
119,1,489,"RG","SE"
199,1,489,"RG","SE"
439,1,489,"RG","SE"
28,50,489,"RG","SE"
440,1,489,"RG","SE"
510,9,489,"RG","SE"
80,6,489,"RG","SE"
250,1,489,"RG","SE"
171,1,489,"RG","SE"
258,1,489,"RG","SE"
509,3,489,"RG","SE"
547,1,489,"RG","SE"
4,5,489,"RG","SE"
344,1,489,"RG","SE"
436,1,489,"RG","SE"
244,3,489,"RG","SE"
498,25,489,"RG","SE"
116,1,489,"RG","SE"
369,2,489,"RG","SE"
479,6,489,"RG","SE"
285,3,489,"RG","SE"
283,1,489,"RG","SE"
253,1,489,"RG","SE"
421,4,489,"RG","SE"
506,7,489,"RG","SE"
508,14,489,"RG","SE"
242,1,489,"RG","SE"
112,4,489,"RG","SE"
13,1,489,"RG","SE"
72,9,490,"RG","SE"
525,9,490,"RG","SE"
539,1,490,"RG","SE"
493,7,490,"RG","SE"
436,1,490,"RG","SE"
254,1,490,"RG","SE"
190,1,490,"RG","SE"
170,1,490,"RG","SE"
413,1,490,"RG","SE"
142,1,490,"RG","SE"
296,1,490,"RG","SE"
222,2,490,"RG","SE"
476,1,490,"RG","SE"
168,1,490,"RG","SE"
467,4,490,"RG","SE"
481,2,490,"RG","SE"
378,1,490,"RG","SE"
27,2,490,"RG","SE"
456,1,490,"RG","SE"
125,1,490,"RG","SE"
32,6,490,"RG","SE"
421,4,490,"RG","SE"
365,2,490,"RG","SE"
83,2,490,"RG","SE"
363,2,490,"RG","SE"
4,5,490,"RG","SE"
112,4,490,"RG","SE"
166,1,490,"RG","SE"
258,1,490,"RG","SE"
123,4,490,"RG","SE"
548,1,490,"RG","SE"
22,4,490,"RG","SE"
463,1,490,"RG","SE"
273,1,490,"RG","SE"
247,3,490,"RG","SE"
438,6,490,"RG","SE"
3,5,490,"RG","SE"
225,1,490,"RG","SE"
532,5,490,"RG","SE"
452,1,490,"RG","SE"
498,25,490,"RG","SE"
104,2,490,"RG","SE"
259,6,490,"RG","SE"
389,3,490,"RG","SE"
422,4,490,"RG","SE"
341,2,490,"RG","SE"
122,2,490,"RG","SE"
28,50,490,"RG","SE"
232,4,490,"RG","SE"
110,1,490,"RG","SE"
228,1,490,"RG","SE"
266,1,490,"RG","SE"
191,1,490,"RG","SE"
151,1,490,"RG","SE"
10,1,490,"RG","SE"
65,4,490,"RG","SE"
149,1,490,"RG","SE"
38,3,490,"RG","SE"
13,1,491,"RG","SE"
463,1,491,"RG","SE"
257,1,491,"RG","SE"
474,1,491,"RG","SE"
198,2,491,"RG","SE"
33,12,491,"RG","SE"
32,6,491,"RG","SE"
108,1,491,"RG","SE"
148,1,491,"RG","SE"
183,3,491,"RG","SE"
354,2,491,"RG","SE"
207,1,491,"RG","SE"
296,1,491,"RG","SE"
248,5,491,"RG","SE"
310,1,491,"RG","SE"
517,6,491,"RG","SE"
535,3,491,"RG","SE"
426,4,491,"RG","SE"
477,4,491,"RG","SE"
358,16,491,"RG","SE"
273,1,491,"RG","SE"
285,3,491,"RG","SE"
502,7,491,"RG","SE"
480,6,491,"RG","SE"
249,2,491,"RG","SE"
349,1,491,"RG","SE"
4,5,491,"RG","SE"
268,1,491,"RG","SE"
269,1,491,"RG","SE"
223,1,491,"RG","SE"
344,1,491,"RG","SE"
387,1,491,"RG","SE"
479,6,491,"RG","SE"
245,1,491,"RG","SE"
413,1,491,"RG","SE"
532,5,491,"RG","SE"
164,6,491,"RG","SE"
286,1,491,"RG","SE"
466,1,491,"RG","SE"
519,3,491,"RG","SE"
155,1,491,"RG","SE"
25,1,491,"RG","SE"
143,1,491,"RG","SE"
484,4,491,"RG","SE"
276,3,491,"RG","SE"
445,10,491,"RG","SE"
318,3,491,"RG","SE"
456,1,491,"RG","SE"
363,2,491,"RG","SE"
68,5,491,"RG","SE"
368,1,491,"RG","SE"
199,1,491,"RG","SE"
505,11,491,"RG","SE"
482,5,491,"RG","SE"
392,1,491,"RG","SE"
214,1,491,"RG","SE"
467,4,491,"RG","SE"
258,1,491,"RG","SE"
235,1,492,"RG","SE"
243,2,492,"RG","SE"
535,3,492,"RG","SE"
474,1,492,"RG","SE"
313,3,492,"RG","SE"
277,1,492,"RG","SE"
268,1,492,"RG","SE"
183,3,492,"RG","SE"
49,1,492,"RG","SE"
462,1,492,"RG","SE"
517,6,492,"RG","SE"
376,3,492,"RG","SE"
186,2,492,"RG","SE"
10,1,492,"RG","SE"
548,1,492,"RG","SE"
500,22,492,"RG","SE"
3,5,492,"RG","SE"
146,1,492,"RG","SE"
365,2,492,"RG","SE"
312,1,492,"RG","SE"
531,2,492,"RG","SE"
171,1,492,"RG","SE"
33,12,492,"RG","SE"
25,1,492,"RG","SE"
390,1,492,"RG","SE"
68,5,492,"RG","SE"
51,2,492,"RG","SE"
533,5,492,"RG","SE"
508,14,492,"RG","SE"
285,3,492,"RG","SE"
439,1,492,"RG","SE"
28,50,492,"RG","SE"
404,1,492,"RG","SE"
534,3,492,"RG","SE"
86,2,492,"RG","SE"
326,2,492,"RG","SE"
157,1,492,"RG","SE"
367,2,492,"RG","SE"
421,4,492,"RG","SE"
301,1,492,"RG","SE"
153,1,492,"RG","SE"
244,3,492,"RG","SE"
253,1,492,"RG","SE"
515,4,492,"RG","SE"
303,6,492,"RG","SE"
399,1,492,"RG","SE"
148,1,492,"RG","SE"
101,1,492,"RG","SE"
395,1,492,"RG","SE"
286,1,492,"RG","SE"
105,1,492,"RG","SE"
532,5,492,"RG","SE"
249,2,492,"RG","SE"
317,2,492,"RG","SE"
523,4,492,"RG","SE"
199,1,492,"RG","SE"
112,4,492,"RG","SE"
17,5,492,"RG","SE"
61,50,493,"RG","SE"
269,1,493,"RG","SE"
439,1,493,"RG","SE"
76,4,493,"RG","SE"
438,6,493,"RG","SE"
467,4,493,"RG","SE"
378,1,493,"RG","SE"
25,1,493,"RG","SE"
170,1,493,"RG","SE"
228,1,493,"RG","SE"
489,4,493,"RG","SE"
440,1,493,"RG","SE"
369,2,493,"RG","SE"
548,1,493,"RG","SE"
368,1,493,"RG","SE"
110,1,493,"RG","SE"
104,2,493,"RG","SE"
284,1,493,"RG","SE"
535,3,493,"RG","SE"
166,1,493,"RG","SE"
523,4,493,"RG","SE"
38,3,493,"RG","SE"
490,4,493,"RG","SE"
502,7,493,"RG","SE"
44,30,493,"RG","SE"
20,7,493,"RG","SE"
151,1,493,"RG","SE"
487,4,493,"RG","SE"
183,3,493,"RG","SE"
49,1,493,"RG","SE"
11,27,493,"RG","SE"
505,11,493,"RG","SE"
479,6,493,"RG","SE"
80,6,493,"RG","SE"
302,2,493,"RG","SE"
68,5,493,"RG","SE"
477,4,493,"RG","SE"
392,1,493,"RG","SE"
196,2,493,"RG","SE"
14,30,493,"RG","SE"
520,2,493,"RG","SE"
257,1,493,"RG","SE"
484,4,493,"RG","SE"
268,1,493,"RG","SE"
149,1,493,"RG","SE"
207,1,493,"RG","SE"
305,1,493,"RG","SE"
528,5,493,"RG","SE"
77,17,493,"RG","SE"
132,1,493,"RG","SE"
102,1,493,"RG","SE"
382,1,493,"RG","SE"
250,1,493,"RG","SE"
349,1,493,"RG","SE"
5,4,493,"RG","SE"
380,2,493,"RG","SE"
223,1,493,"RG","SE"
126,3,493,"RG","SE"
513,6,494,"RG","SE"
328,1,494,"RG","SE"
469,5,494,"RG","SE"
312,1,494,"RG","SE"
250,1,494,"RG","SE"
531,2,494,"RG","SE"
106,1,494,"RG","SE"
20,7,494,"RG","SE"
445,10,494,"RG","SE"
490,4,494,"RG","SE"
259,6,494,"RG","SE"
144,1,494,"RG","SE"
61,50,494,"RG","SE"
541,8,494,"RG","SE"
16,3,494,"RG","SE"
377,2,494,"RG","SE"
187,1,494,"RG","SE"
26,59,494,"RG","SE"
345,1,494,"RG","SE"
222,2,494,"RG","SE"
77,17,494,"RG","SE"
36,3,494,"RG","SE"
309,1,494,"RG","SE"
349,1,494,"RG","SE"
534,3,494,"RG","SE"
477,4,494,"RG","SE"
322,3,494,"RG","SE"
363,2,494,"RG","SE"
544,1,494,"RG","SE"
547,1,494,"RG","SE"
235,1,494,"RG","SE"
465,1,494,"RG","SE"
78,21,494,"RG","SE"
510,9,494,"RG","SE"
368,1,494,"RG","SE"
86,2,494,"RG","SE"
344,1,494,"RG","SE"
463,1,494,"RG","SE"
387,1,494,"RG","SE"
488,6,494,"RG","SE"
143,1,494,"RG","SE"
68,5,494,"RG","SE"
115,1,494,"RG","SE"
382,1,494,"RG","SE"
496,22,494,"RG","SE"
528,5,494,"RG","SE"
119,1,494,"RG","SE"
330,1,494,"RG","SE"
529,5,494,"RG","SE"
11,27,494,"RG","SE"
268,1,494,"RG","SE"
484,4,494,"RG","SE"
266,1,494,"RG","SE"
232,4,494,"RG","SE"
171,1,494,"RG","SE"
185,1,494,"RG","SE"
22,4,494,"RG","SE"
243,2,494,"RG","SE"
285,3,495,"RG","SE"
340,1,495,"RG","SE"
279,1,495,"RG","SE"
461,1,495,"RG","SE"
326,2,495,"RG","SE"
390,1,495,"RG","SE"
147,1,495,"RG","SE"
514,6,495,"RG","SE"
160,1,495,"RG","SE"
484,4,495,"RG","SE"
418,1,495,"RG","SE"
110,1,495,"RG","SE"
245,1,495,"RG","SE"
341,2,495,"RG","SE"
319,1,495,"RG","SE"
476,1,495,"RG","SE"
345,1,495,"RG","SE"
498,25,495,"RG","SE"
28,50,495,"RG","SE"
27,2,495,"RG","SE"
148,1,495,"RG","SE"
153,1,495,"RG","SE"
535,3,495,"RG","SE"
404,1,495,"RG","SE"
437,1,495,"RG","SE"
111,1,495,"RG","SE"
361,3,495,"RG","SE"
458,1,495,"RG","SE"
533,5,495,"RG","SE"
80,6,495,"RG","SE"
250,1,495,"RG","SE"
395,1,495,"RG","SE"
505,11,495,"RG","SE"
487,4,495,"RG","SE"
419,1,495,"RG","SE"
68,5,495,"RG","SE"
523,4,495,"RG","SE"
194,1,495,"RG","SE"
294,3,495,"RG","SE"
413,1,495,"RG","SE"
199,1,495,"RG","SE"
259,6,495,"RG","SE"
517,6,495,"RG","SE"
455,3,495,"RG","SE"
130,1,495,"RG","SE"
54,39,495,"RG","SE"
277,1,495,"RG","SE"
268,1,495,"RG","SE"
343,9,495,"RG","SE"
86,2,495,"RG","SE"
524,2,495,"RG","SE"
64,9,495,"RG","SE"
520,2,495,"RG","SE"
49,1,495,"RG","SE"
83,2,495,"RG","SE"
67,9,495,"RG","SE"
253,1,495,"RG","SE"
198,2,495,"RG","SE"
222,2,496,"RG","SE"
344,1,496,"RG","SE"
461,1,496,"RG","SE"
110,1,496,"RG","SE"
67,9,496,"RG","SE"
494,8,496,"RG","SE"
413,1,496,"RG","SE"
395,1,496,"RG","SE"
151,1,496,"RG","SE"
476,1,496,"RG","SE"
111,1,496,"RG","SE"
394,1,496,"RG","SE"
501,17,496,"RG","SE"
191,1,496,"RG","SE"
467,4,496,"RG","SE"
129,2,496,"RG","SE"
89,1,496,"RG","SE"
242,1,496,"RG","SE"
202,1,496,"RG","SE"
104,2,496,"RG","SE"
126,3,496,"RG","SE"
15,2,496,"RG","SE"
513,6,496,"RG","SE"
285,3,496,"RG","SE"
124,4,496,"RG","SE"
519,3,496,"RG","SE"
38,3,496,"RG","SE"
20,7,496,"RG","SE"
223,1,496,"RG","SE"
106,1,496,"RG","SE"
309,1,496,"RG","SE"
462,1,496,"RG","SE"
247,3,496,"RG","SE"
119,1,496,"RG","SE"
86,2,496,"RG","SE"
447,4,496,"RG","SE"
171,1,496,"RG","SE"
441,1,496,"RG","SE"
123,4,496,"RG","SE"
545,1,496,"RG","SE"
115,1,496,"RG","SE"
357,1,496,"RG","SE"
269,1,496,"RG","SE"
336,1,496,"RG","SE"
417,1,496,"RG","SE"
209,1,496,"RG","SE"
490,4,496,"RG","SE"
480,6,496,"RG","SE"
532,5,496,"RG","SE"
103,1,496,"RG","SE"
471,3,496,"RG","SE"
343,9,496,"RG","SE"
378,1,496,"RG","SE"
415,1,496,"RG","SE"
91,5,496,"RG","SE"
228,1,496,"RG","SE"
516,4,496,"RG","SE"
488,6,496,"RG","SE"
303,6,497,"RG","SE"
302,2,497,"RG","SE"
376,3,497,"RG","SE"
128,1,497,"RG","SE"
116,1,497,"RG","SE"
76,4,497,"RG","SE"
173,2,497,"RG","SE"
124,4,497,"RG","SE"
21,7,497,"RG","SE"
157,1,497,"RG","SE"
318,3,497,"RG","SE"
380,2,497,"RG","SE"
33,12,497,"RG","SE"
513,6,497,"RG","SE"
235,1,497,"RG","SE"
65,4,497,"RG","SE"
119,1,497,"RG","SE"
10,1,497,"RG","SE"
517,6,497,"RG","SE"
80,6,497,"RG","SE"
87,1,497,"RG","SE"
286,1,497,"RG","SE"
490,4,497,"RG","SE"
57,9,497,"RG","SE"
456,1,497,"RG","SE"
447,4,497,"RG","SE"
340,1,497,"RG","SE"
112,4,497,"RG","SE"
145,1,497,"RG","SE"
470,5,497,"RG","SE"
415,1,497,"RG","SE"
509,3,497,"RG","SE"
191,1,497,"RG","SE"
85,15,497,"RG","SE"
378,1,497,"RG","SE"
202,1,497,"RG","SE"
266,1,497,"RG","SE"
534,3,497,"RG","SE"
170,1,497,"RG","SE"
67,9,497,"RG","SE"
153,1,497,"RG","SE"
322,3,497,"RG","SE"
122,2,497,"RG","SE"
131,1,497,"RG","SE"
426,4,497,"RG","SE"
140,1,497,"RG","SE"
361,3,497,"RG","SE"
366,1,497,"RG","SE"
20,7,497,"RG","SE"
19,5,497,"RG","SE"
502,7,497,"RG","SE"
352,2,497,"RG","SE"
198,2,497,"RG","SE"
496,22,497,"RG","SE"
257,1,497,"RG","SE"
319,1,497,"RG","SE"
348,2,497,"RG","SE"
498,25,497,"RG","SE"
431,1,498,"RG","SE"
149,1,498,"RG","SE"
4,5,498,"RG","SE"
462,1,498,"RG","SE"
3,5,498,"RG","SE"
366,1,498,"RG","SE"
415,1,498,"RG","SE"
228,1,498,"RG","SE"
22,4,498,"RG","SE"
207,1,498,"RG","SE"
146,1,498,"RG","SE"
527,8,498,"RG","SE"
132,1,498,"RG","SE"
441,1,498,"RG","SE"
232,4,498,"RG","SE"
214,1,498,"RG","SE"
237,1,498,"RG","SE"
435,2,498,"RG","SE"
523,4,498,"RG","SE"
112,4,498,"RG","SE"
151,1,498,"RG","SE"
439,1,498,"RG","SE"
143,1,498,"RG","SE"
15,2,498,"RG","SE"
105,1,498,"RG","SE"
377,2,498,"RG","SE"
54,39,498,"RG","SE"
422,4,498,"RG","SE"
80,6,498,"RG","SE"
33,12,498,"RG","SE"
130,1,498,"RG","SE"
204,2,498,"RG","SE"
242,1,498,"RG","SE"
513,6,498,"RG","SE"
328,1,498,"RG","SE"
17,5,498,"RG","SE"
278,1,498,"RG","SE"
247,3,498,"RG","SE"
340,1,498,"RG","SE"
65,4,498,"RG","SE"
126,3,498,"RG","SE"
122,2,498,"RG","SE"
148,1,498,"RG","SE"
545,1,498,"RG","SE"
349,1,498,"RG","SE"
515,4,498,"RG","SE"
86,2,498,"RG","SE"
390,1,498,"RG","SE"
538,2,498,"RG","SE"
374,2,498,"RG","SE"
368,1,498,"RG","SE"
352,2,498,"RG","SE"
531,2,498,"RG","SE"
78,21,498,"RG","SE"
308,2,498,"RG","SE"
153,1,498,"RG","SE"
354,2,498,"RG","SE"
42,1,498,"RG","SE"
344,1,499,"RG","SE"
440,1,499,"RG","SE"
413,1,499,"RG","SE"
51,2,499,"RG","SE"
186,2,499,"RG","SE"
64,9,499,"RG","SE"
76,4,499,"RG","SE"
57,9,499,"RG","SE"
529,5,499,"RG","SE"
179,12,499,"RG","SE"
130,1,499,"RG","SE"
445,10,499,"RG","SE"
517,6,499,"RG","SE"
207,1,499,"RG","SE"
509,3,499,"RG","SE"
285,3,499,"RG","SE"
170,1,499,"RG","SE"
506,7,499,"RG","SE"
404,1,499,"RG","SE"
158,3,499,"RG","SE"
374,2,499,"RG","SE"
125,1,499,"RG","SE"
438,6,499,"RG","SE"
312,1,499,"RG","SE"
282,1,499,"RG","SE"
470,5,499,"RG","SE"
524,2,499,"RG","SE"
328,1,499,"RG","SE"
248,5,499,"RG","SE"
4,5,499,"RG","SE"
493,7,499,"RG","SE"
527,8,499,"RG","SE"
237,1,499,"RG","SE"
168,1,499,"RG","SE"
199,1,499,"RG","SE"
358,16,499,"RG","SE"
336,1,499,"RG","SE"
142,1,499,"RG","SE"
264,1,499,"RG","SE"
171,1,499,"RG","SE"
268,1,499,"RG","SE"
49,1,499,"RG","SE"
487,4,499,"RG","SE"
169,1,499,"RG","SE"
455,3,499,"RG","SE"
380,2,499,"RG","SE"
247,3,499,"RG","SE"
204,2,499,"RG","SE"
27,2,499,"RG","SE"
277,1,499,"RG","SE"
223,1,499,"RG","SE"
349,1,499,"RG","SE"
54,39,499,"RG","SE"
273,1,499,"RG","SE"
441,1,499,"RG","SE"
253,1,499,"RG","SE"
465,1,499,"RG","SE"
326,2,499,"RG","SE"
548,1,500,"RG","SE"
264,1,500,"RG","SE"
54,39,500,"RG","SE"
209,1,500,"RG","SE"
7,21,500,"RG","SE"
484,4,500,"RG","SE"
348,2,500,"RG","SE"
151,1,500,"RG","SE"
252,2,500,"RG","SE"
149,1,500,"RG","SE"
343,9,500,"RG","SE"
357,1,500,"RG","SE"
3,5,500,"RG","SE"
225,1,500,"RG","SE"
354,2,500,"RG","SE"
296,1,500,"RG","SE"
365,2,500,"RG","SE"
544,1,500,"RG","SE"
368,1,500,"RG","SE"
500,22,500,"RG","SE"
112,4,500,"RG","SE"
65,4,500,"RG","SE"
57,9,500,"RG","SE"
413,1,500,"RG","SE"
366,1,500,"RG","SE"
498,25,500,"RG","SE"
284,1,500,"RG","SE"
310,1,500,"RG","SE"
490,4,500,"RG","SE"
390,1,500,"RG","SE"
268,1,500,"RG","SE"
440,1,500,"RG","SE"
102,1,500,"RG","SE"
361,3,500,"RG","SE"
524,2,500,"RG","SE"
541,8,500,"RG","SE"
242,1,500,"RG","SE"
68,5,500,"RG","SE"
540,8,500,"RG","SE"
27,2,500,"RG","SE"
377,2,500,"RG","SE"
510,9,500,"RG","SE"
480,6,500,"RG","SE"
387,1,500,"RG","SE"
452,1,500,"RG","SE"
514,6,500,"RG","SE"
124,4,500,"RG","SE"
376,3,500,"RG","SE"
470,5,500,"RG","SE"
525,9,500,"RG","SE"
115,1,500,"RG","SE"
160,1,500,"RG","SE"
78,21,500,"RG","SE"
421,4,500,"RG","SE"
291,1,500,"RG","SE"
517,6,500,"RG","SE"
146,1,500,"RG","SE"
523,4,500,"RG","SE"
